{"type": "FeatureCollection", "features": [{"type": "Feature", "properties": {"route_run_id": "stl_midamerica_to_st_louis_lambert_2026-01-12_0207", "route_pair": "midamerica_to_st_louis_lambert", "route_pair_label": "MidAmerica to St. Louis Lambert", "origin_label": "MidAmerica St. Louis Airport", "destination_label": "St. Louis Lambert International Airport", "origin_lat": 38.5451731, "origin_lon": -89.8351856, "destination_lat": 38.7486982, "destination_lon": -90.3700257, "traffic_date": "2026-01-12", "traffic_dataset": "January 12th - Monday", "weight_id": "w_0207", "distance_weight": 0.4, "population_weight": 0.0, "traffic_weight": 0.3, "airspace_weight": 0.3, "path_nodes": 96, "path_node_ids": [8877, 8879, 8896, 8900, 8924, 8930, 9788, 10013, 10014, 10036, 10052, 10054, 10061, 10051, 10049, 10048, 10050, 10253, 10252, 10241, 10240, 10249, 10275, 10277, 10293, 10304, 10305, 10306, 10319, 10321, 10320, 10318, 10355, 10358, 10356, 10357, 10336, 10335, 10337, 10330, 2548, 2527, 2525, 2526, 2538, 2540, 2539, 2530, 2534, 2559, 2561, 2840, 2842, 2843, 2845, 2878, 2879, 2884, 2883, 2890, 2891, 2892, 3896, 2796, 2797, 3895, 3890, 3891, 3892, 3889, 2803, 2806, 3915, 3917, 4011, 4010, 4009, 4008, 4019, 4017, 4022, 4029, 4034, 4060, 4064, 5048, 5052, 5076, 5082, 5299, 5304, 5319, 5321, 5357, 5358, 5364], "elapsed_seconds": 0.05058080001617782, "status": "success", "failure_reason": "", "route_distance_km": 72.44603143919376, "distance_cost_sum": 79.7315426291161, "population_cost_sum": 42.52885387693327, "traffic_cost_sum": 29.48243439698667, "airspace_cost_sum": 47.4, "total_weighted_score": 54.957347370742454}, "geometry": {"type": "LineString", "coordinates": [[-89.83272609742262, 38.54503213945896], [-89.83825778508921, 38.54968628939868], [-89.84379018463301, 38.55434020475587], [-89.84932329623358, 38.558993885398685], [-89.85485712007056, 38.56364733119524], [-89.86039165632353, 38.56830054201366], [-89.86612255057987, 38.568454263192415], [-89.87165819944471, 38.57310698340007], [-89.87719456110594, 38.577759468272795], [-89.88273163574308, 38.582411717678575], [-89.88826942353593, 38.58706373148541], [-89.89380792466403, 38.591715509561276], [-89.89934713930707, 38.59636705177409], [-89.90508047722643, 38.59651895818466], [-89.91081385831642, 38.59667058421835], [-89.91654728249756, 38.596821929868824], [-89.92228074969049, 38.59697299512966], [-89.92801425981584, 38.59712377999449], [-89.93374781279411, 38.597274284457015], [-89.93948140854593, 38.5974245085108], [-89.94521504699188, 38.5975744521496], [-89.95075817398295, 38.60222370805987], [-89.95630201501413, 38.606872727099336], [-89.96184657026487, 38.611521509135784], [-89.96739183991471, 38.61617005403699], [-89.97312711918148, 38.61631869062297], [-89.97867350301271, 38.62096674136646], [-89.98440922407127, 38.621114840379136], [-89.99014498723932, 38.62126265870254], [-89.99588079243732, 38.621410196330416], [-90.00161663958568, 38.62155745325657], [-90.00735252860491, 38.621704429474754], [-90.01290162428964, 38.62635095704363], [-90.01845143503385, 38.63099724652267], [-90.02418816427785, 38.631143427354814], [-90.02992493509446, 38.631289327364605], [-90.03566174740413, 38.6314349465459], [-90.04139860112724, 38.63158028489256], [-90.04713549618415, 38.63172534239843], [-90.0530568061099, 38.627370128132036], [-90.0587934259509, 38.627514600818145], [-90.06453008687686, 38.627658792689985], [-90.07026678880817, 38.62780270374147], [-90.07600353166524, 38.62794633396657], [-90.08174031536842, 38.6280896833592], [-90.08747713983809, 38.62823275191331], [-90.09321400499459, 38.62837553962287], [-90.09895091075838, 38.62851804648185], [-90.10450670259345, 38.633160469873815], [-90.11006320996535, 38.6378026536494], [-90.11562043305292, 38.64244459767609], [-90.12135857394713, 38.64258604896054], [-90.12691691116937, 38.64722749468063], [-90.13265549047176, 38.64736840647394], [-90.13821494197643, 38.652009353518125], [-90.14395395948668, 38.652149725619736], [-90.14951452542148, 38.65679017361872], [-90.15507580784583, 38.66143038105964], [-90.16081566145125, 38.66156995441258], [-90.16655555477524, 38.661709246529334], [-90.17229548773797, 38.66184825740402], [-90.17803546025965, 38.66198698703078], [-90.18377547226044, 38.66212543540375], [-90.18951552366053, 38.66226360251709], [-90.1952556143801, 38.66240148836498], [-90.20099574433928, 38.66253909294154], [-90.20673591345827, 38.66267641624103], [-90.21247612165722, 38.6628134582576], [-90.21821636885625, 38.6629502189855], [-90.22395665497557, 38.66308669841892], [-90.2296969799353, 38.66322289655212], [-90.23543734365559, 38.663358813379354], [-90.24100490985096, 38.667995150218864], [-90.24674570937407, 38.66813052607476], [-90.25231438982323, 38.67276636103712], [-90.25805562494689, 38.67290119572174], [-90.26379689845037, 38.67303574898191], [-90.26953821025378, 38.673170020811966], [-90.27527956027723, 38.67330401120623], [-90.28102094844074, 38.67343772015905], [-90.28659233093768, 38.67807201278429], [-90.29216443101578, 38.68270606246168], [-90.29773724885335, 38.68733986905835], [-90.30331078462868, 38.69197343244128], [-90.30888503852013, 38.69660675247757], [-90.31446001070607, 38.70123982903419], [-90.32003570136486, 38.70587266197814], [-90.32561211067481, 38.710505251176386], [-90.33118923881437, 38.715137596495865], [-90.3367670859619, 38.719769697803464], [-90.34234565229588, 38.724401554966114], [-90.34792493799469, 38.72903316785066], [-90.35350494323681, 38.73366453632395], [-90.35908566820065, 38.73829566025279], [-90.36466711306467, 38.742926539503976], [-90.37024927800739, 38.74755717394432]]}}, {"type": "Feature", "properties": {"route_run_id": "stl_midamerica_to_st_louis_lambert_2026-01-12_0183", "route_pair": "midamerica_to_st_louis_lambert", "route_pair_label": "MidAmerica to St. Louis Lambert", "origin_label": "MidAmerica St. Louis Airport", "destination_label": "St. Louis Lambert International Airport", "origin_lat": 38.5451731, "origin_lon": -89.8351856, "destination_lat": 38.7486982, "destination_lon": -90.3700257, "traffic_date": "2026-01-12", "traffic_dataset": "January 12th - Monday", "weight_id": "w_0183", "distance_weight": 0.3, "population_weight": 0.2, "traffic_weight": 0.0, "airspace_weight": 0.5, "path_nodes": 97, "path_node_ids": [8877, 8881, 8904, 8922, 8923, 8927, 9145, 10016, 10018, 10062, 10055, 10058, 10094, 10096, 10103, 10104, 10110, 10109, 10291, 10512, 10290, 10513, 10298, 10295, 10296, 10297, 10307, 10305, 10306, 10319, 10321, 10320, 10318, 10211, 10210, 10208, 10209, 10326, 10328, 10329, 10327, 2522, 2524, 2523, 2514, 2517, 2515, 2516, 2530, 2534, 2532, 2558, 2840, 2839, 2838, 2827, 2849, 2848, 2850, 2837, 2861, 2866, 2889, 3896, 3898, 3901, 3902, 3914, 3948, 3947, 3952, 3940, 3942, 3943, 3941, 4043, 4042, 4041, 4040, 4051, 4054, 4186, 4080, 4205, 4207, 4212, 5309, 5313, 5335, 5337, 5320, 5322, 5323, 5346, 5357, 5358, 5364], "elapsed_seconds": 0.05435109999962151, "status": "success", "failure_reason": "", "route_distance_km": 72.29260468015718, "distance_cost_sum": 79.56268655880336, "population_cost_sum": 22.4028729657628, "traffic_cost_sum": 50.7558176934141, "airspace_cost_sum": 47.6, "total_weighted_score": 52.14938056079359}, "geometry": {"type": "LineString", "coordinates": [[-89.83272609742262, 38.54503213945896], [-89.83252853470323, 38.54953126729425], [-89.83806053424684, 38.55418543772932], [-89.84359324582596, 38.558839373542895], [-89.84912666962028, 38.563493074603095], [-89.85466080580946, 38.568146540778045], [-89.86019565457306, 38.572799771935806], [-89.86573121609086, 38.57745276794444], [-89.87126749054252, 38.58210552867199], [-89.8768044781077, 38.58675805398646], [-89.88234217896623, 38.591410343755804], [-89.8878805932977, 38.59606239784802], [-89.89341972128202, 38.600714216131045], [-89.89895956309883, 38.60536579847276], [-89.90450011892796, 38.61001714474108], [-89.91004138894921, 38.614668254803874], [-89.9155833733424, 38.61931912852895], [-89.92131862594731, 38.619470314708934], [-89.92705392153653, 38.61962122026898], [-89.93278926003055, 38.619771845202735], [-89.93852464134986, 38.619922189503846], [-89.9442600654149, 38.62007225316597], [-89.94999553214618, 38.62022203618278], [-89.95573104146416, 38.620371538547964], [-89.96146659328937, 38.6205207602552], [-89.96720218754218, 38.620669701298226], [-89.97293782414316, 38.62081836167072], [-89.97867350301271, 38.62096674136646], [-89.98440922407127, 38.621114840379136], [-89.99014498723932, 38.62126265870254], [-89.99588079243732, 38.621410196330416], [-90.00161663958568, 38.62155745325657], [-90.00735252860491, 38.621704429474754], [-90.01308845941536, 38.6218511249788], [-90.01882443193752, 38.62199753976251], [-90.0245604460918, 38.62214367381969], [-90.03029650179865, 38.62228952714421], [-90.03603259897847, 38.622435099729884], [-90.04176873755169, 38.622580391570615], [-90.04750491743872, 38.62272540266021], [-90.05324113855997, 38.6228701329926], [-90.0589774008359, 38.62301458256169], [-90.06471370418684, 38.62315875136136], [-90.07045004853325, 38.62330263938551], [-90.07618643379548, 38.623446246628106], [-90.08192285989396, 38.62358957308307], [-90.08765932674906, 38.623732618744384], [-90.09339583428118, 38.623875383605984], [-90.09895091075838, 38.62851804648185], [-90.10450670259345, 38.633160469873815], [-90.1102440470662, 38.63330243772981], [-90.11580095263906, 38.63794436326609], [-90.12135857394713, 38.64258604896054], [-90.12709675507955, 38.642727219229855], [-90.13283497637043, 38.64286810847808], [-90.13857323774008, 38.64300871669927], [-90.14431153910874, 38.643149043887504], [-90.15004988039681, 38.64328909003685], [-90.15578826152439, 38.64342885514139], [-90.16152668241186, 38.64356833919522], [-90.16708780535298, 38.6482079745162], [-90.17264964452228, 38.6528473690797], [-90.17821220009857, 38.65748652275311], [-90.18377547226044, 38.66212543540375], [-90.18933946118675, 38.666764106898924], [-90.19490416705614, 38.67140253710589], [-90.200645013987, 38.67154018571967], [-90.20621083477218, 38.67617811511645], [-90.21177737287698, 38.68081580286656], [-90.21751905445252, 38.68095265114052], [-90.22308670781703, 38.685589837485246], [-90.22882882604138, 38.685726144608395], [-90.23457098307328, 38.6858621702009], [-90.24031317883275, 38.68599791425695], [-90.24605541323987, 38.68613337677085], [-90.2517976862147, 38.68626855773688], [-90.25753999767723, 38.686403457149304], [-90.26328234754749, 38.686538075002424], [-90.26902473574555, 38.686672411290566], [-90.27459628650614, 38.69130727605424], [-90.2801685552908, 38.695941897935995], [-90.28574154227802, 38.70057627680287], [-90.29131524764634, 38.705210412521886], [-90.29688967157429, 38.70984430496006], [-90.30246481424038, 38.714477953984364], [-90.30804067582325, 38.71911135946174], [-90.31361725650144, 38.72374452125915], [-90.3191945564535, 38.72837743924346], [-90.3247725758581, 38.73301011328159], [-90.330518974577, 38.7331415620659], [-90.33626541075455, 38.733272728767844], [-90.3420118843105, 38.73340361338185], [-90.34775839516463, 38.73353421590239], [-90.35333872308522, 38.73816560113835], [-90.35908566820065, 38.73829566025279], [-90.36466711306467, 38.742926539503976], [-90.37024927800739, 38.74755717394432]]}}, {"type": "Feature", "properties": {"route_run_id": "stl_midamerica_to_st_louis_lambert_2026-01-12_0197", "route_pair": "midamerica_to_st_louis_lambert", "route_pair_label": "MidAmerica to St. Louis Lambert", "origin_label": "MidAmerica St. Louis Airport", "destination_label": "St. Louis Lambert International Airport", "origin_lat": 38.5451731, "origin_lon": -89.8351856, "destination_lat": 38.7486982, "destination_lon": -90.3700257, "traffic_date": "2026-01-12", "traffic_dataset": "January 12th - Monday", "weight_id": "w_0197", "distance_weight": 0.3, "population_weight": 0.4, "traffic_weight": 0.3, "airspace_weight": 0.0, "path_nodes": 100, "path_node_ids": [8877, 8881, 8905, 8906, 8925, 8928, 8931, 9149, 10017, 10021, 10063, 10067, 10069, 10083, 10099, 10422, 10101, 10106, 10104, 10110, 10109, 10516, 10515, 10514, 10513, 10298, 10299, 10524, 10529, 10538, 10539, 10537, 10367, 10364, 10365, 10370, 10381, 10380, 10379, 10378, 10391, 10402, 10404, 10408, 2604, 2605, 2606, 2603, 10716, 10717, 10718, 10729, 10730, 10744, 10746, 4111, 4137, 4138, 4139, 4148, 4150, 4149, 4153, 4178, 4177, 4176, 4179, 4288, 4286, 4285, 3974, 3973, 3972, 3971, 3982, 4295, 4299, 4301, 4202, 4215, 4220, 4223, 4255, 4233, 4234, 4242, 4265, 4244, 4243, 5336, 5338, 5341, 5339, 5320, 5322, 5323, 5346, 5357, 5358, 5364], "elapsed_seconds": 0.04961620000540279, "status": "success", "failure_reason": "", "route_distance_km": 75.03440515785861, "distance_cost_sum": 82.58021529468544, "population_cost_sum": 18.33383795543249, "traffic_cost_sum": 32.210537697581245, "airspace_cost_sum": 53.2, "total_weighted_score": 41.770761079853}, "geometry": {"type": "LineString", "coordinates": [[-89.83272609742262, 38.54503213945896], [-89.83252853470323, 38.54953126729425], [-89.83233092788802, 38.55403039080605], [-89.83786323937711, 38.55868458173916], [-89.84339626306016, 38.56333853801179], [-89.84892999911683, 38.56799225949204], [-89.85446444772683, 38.572645746048046], [-89.85999960906982, 38.577298997547835], [-89.86553548332552, 38.58195201385946], [-89.8710720706737, 38.58660479485093], [-89.87087660717904, 38.591104056724724], [-89.87068110004802, 38.59560331429298], [-89.87621902698532, 38.60025590028999], [-89.88175766769213, 38.604908250624604], [-89.88729702234833, 38.60956036516477], [-89.89283709113381, 38.614212243778354], [-89.89857181380691, 38.614364528005225], [-89.90430657977188, 38.61451653168253], [-89.91004138894921, 38.614668254803874], [-89.9155833733424, 38.61931912852895], [-89.92131862594731, 38.619470314708934], [-89.9268617252078, 38.624120695492145], [-89.93259742104341, 38.62427134452904], [-89.93833315971467, 38.6244217128885], [-89.9442600654149, 38.62007225316597], [-89.94999553214618, 38.62022203618278], [-89.95554063194687, 38.62487113383877], [-89.96108644660326, 38.62951999433463], [-89.966632976295, 38.63416861753812], [-89.97218022120177, 38.63881700331695], [-89.97791733024451, 38.63896547800877], [-89.98365448151714, 38.63911367183824], [-89.98939167493998, 38.639261584799115], [-89.9951289104335, 38.63940921688515], [-90.00086618791799, 38.639556568090114], [-90.00641614743708, 38.64420343004679], [-90.01215386646798, 38.64435024295822], [-90.0178916272611, 38.64449677492512], [-90.02362942973669, 38.64464302594129], [-90.02936727381517, 38.644788996000585], [-90.0349195472141, 38.64943458949962], [-90.0406578321926, 38.64958002089252], [-90.04621122092473, 38.6542251179363], [-90.05176532579277, 38.658869976095644], [-90.05750445081951, 38.65901461068064], [-90.06324361700084, 38.65915896413734], [-90.06898282425709, 38.65930303645963], [-90.07472207250845, 38.65944682764147], [-90.08027849074135, 38.66409041434458], [-90.08601817899587, 38.66423366614264], [-90.09175790801612, 38.66437663673715], [-90.0973158409683, 38.669019467207306], [-90.10305600964216, 38.66916189816016], [-90.10861505837465, 38.67380423026503], [-90.11417482409904, 38.67844632230407], [-90.11973530699464, 38.68308817414464], [-90.12529650724075, 38.68772978565403], [-90.1308584250167, 38.69237115669953], [-90.13660062900858, 38.69251201257543], [-90.14234287310624, 38.69265258692433], [-90.14808515722972, 38.692792879740324], [-90.15382748129907, 38.69293289101744], [-90.15939171242222, 38.69757298499622], [-90.16495666151134, 38.70221283787338], [-90.17069982293353, 38.702352049023325], [-90.17644302400102, 38.702490978520885], [-90.18218626463384, 38.702629626360235], [-90.18792954475192, 38.70276799253548], [-90.19384888257228, 38.69840558378194], [-90.1995918823357, 38.69854336457249], [-90.20533492133491, 38.69868086372641], [-90.2110779994899, 38.698818081237896], [-90.21682111672072, 38.69895501710115], [-90.22256427294727, 38.69909167131035], [-90.22830746808964, 38.699228043859776], [-90.23405070206775, 38.699364134743625], [-90.23962082945226, 38.70400061226774], [-90.24519167522915, 38.70863684734796], [-90.25093574365499, 38.70877213647181], [-90.25650770587707, 38.713407868791336], [-90.2620803868679, 38.71804335830804], [-90.26765378680629, 38.72267860488892], [-90.27322790587108, 38.727313608400934], [-90.27897360415623, 38.72744757424986], [-90.2847193406125, 38.72758125811188], [-90.29046511515969, 38.72771465998137], [-90.29604114694997, 38.73234863831933], [-90.30178735717278, 38.73248149743191], [-90.30753360525517, 38.73261407449003], [-90.31327989111702, 38.732746369488076], [-90.31902621467803, 38.73287838242046], [-90.32460455631471, 38.7375110734335], [-90.33035131489382, 38.737642543240376], [-90.33626541075455, 38.733272728767844], [-90.3420118843105, 38.73340361338185], [-90.34775839516463, 38.73353421590239], [-90.35333872308522, 38.73816560113835], [-90.35908566820065, 38.73829566025279], [-90.36466711306467, 38.742926539503976], [-90.37024927800739, 38.74755717394432]]}}, {"type": "Feature", "properties": {"route_run_id": "stl_midamerica_to_st_louis_lambert_2026-01-12_0236", "route_pair": "midamerica_to_st_louis_lambert", "route_pair_label": "MidAmerica to St. Louis Lambert", "origin_label": "MidAmerica St. Louis Airport", "destination_label": "St. Louis Lambert International Airport", "origin_lat": 38.5451731, "origin_lon": -89.8351856, "destination_lat": 38.7486982, "destination_lon": -90.3700257, "traffic_date": "2026-01-12", "traffic_dataset": "January 12th - Monday", "weight_id": "w_0236", "distance_weight": 0.5, "population_weight": 0.0, "traffic_weight": 0.4, "airspace_weight": 0.1, "path_nodes": 96, "path_node_ids": [8877, 8861, 8864, 8865, 8866, 8863, 7715, 7716, 9752, 9731, 9742, 9743, 9730, 9733, 9721, 9732, 9720, 9915, 7793, 7795, 7796, 7804, 7803, 7805, 7813, 7814, 7811, 7812, 9817, 9816, 9819, 9818, 7904, 7901, 9823, 9822, 9844, 9847, 9849, 9846, 1959, 1958, 1937, 1947, 1969, 1973, 1988, 2002, 2004, 2231, 2229, 2195, 2197, 2196, 2408, 2420, 2422, 2419, 2423, 2205, 2206, 2449, 2345, 2370, 2373, 2398, 2394, 2397, 2712, 2716, 2739, 2746, 2769, 2773, 3985, 3988, 3992, 3990, 4016, 4017, 4022, 4029, 4034, 4060, 4064, 5048, 5052, 5076, 5082, 5299, 5304, 5319, 5321, 5357, 5358, 5364], "elapsed_seconds": 0.042216300003929064, "status": "success", "failure_reason": "", "route_distance_km": 72.94124477276378, "distance_cost_sum": 80.27655692778315, "population_cost_sum": 49.05100578663051, "traffic_cost_sum": 22.69727030582539, "airspace_cost_sum": 62.000000000000014, "total_weighted_score": 55.41718658622173}, "geometry": {"type": "LineString", "coordinates": [[-89.83272609742262, 38.54503213945896], [-89.83865215473445, 38.54068797977641], [-89.84438073740759, 38.54084267248963], [-89.8501093639971, 38.54099708543371], [-89.85583803442384, 38.541151218602124], [-89.86156674860865, 38.54130507198842], [-89.86729550647239, 38.541458645586076], [-89.87302430793594, 38.54161193938866], [-89.87875315292008, 38.541764953389716], [-89.88448204134579, 38.54191768758279], [-89.8902109731338, 38.54207014196144], [-89.895939948205, 38.54222231651928], [-89.90166896648022, 38.54237421124988], [-89.90739802788026, 38.54252582614685], [-89.91312713232598, 38.54267716120381], [-89.91885627973821, 38.54282821641439], [-89.92458547003774, 38.5429789917722], [-89.93031470314544, 38.543129487270946], [-89.93623504869535, 38.538780126685914], [-89.94196401125822, 38.538930038442274], [-89.94769301638131, 38.53907967036528], [-89.95342206398557, 38.53922902244861], [-89.95915115399177, 38.53937809468601], [-89.9648802863207, 38.53952688707118], [-89.97060946089319, 38.53967539959786], [-89.97633867763007, 38.53982363225979], [-89.98206793645213, 38.53997158505075], [-89.98779723728013, 38.54011925796448], [-89.99352658003491, 38.54026665099478], [-89.99925596463726, 38.54041376413546], [-90.00498539100796, 38.54056059738029], [-90.0107148590678, 38.5407071507231], [-90.01644436873754, 38.540853424157724], [-90.022173919938, 38.540999417678], [-90.0277181388758, 38.54564508621299], [-90.03344812898557, 38.54579054317578], [-90.03899345764175, 38.55043571741418], [-90.04453949873692, 38.55508065386086], [-90.05027032498664, 38.555225317192196], [-90.0560011923214, 38.555369700438234], [-90.06173210066189, 38.55551380359289], [-90.0674630499288, 38.55565762665008], [-90.0731940400428, 38.55580116960377], [-90.07892507092458, 38.5559444324479], [-90.08447420828541, 38.56058758841172], [-90.0900240585605, 38.56523050576299], [-90.09557462192825, 38.56987318436945], [-90.10112589856693, 38.57451562409887], [-90.10667788865496, 38.579157824818985], [-90.11223059237057, 38.583799786397456], [-90.11796404642338, 38.58394122410869], [-90.12369754066755, 38.5840823813937], [-90.12943107502363, 38.58422325824649], [-90.1351646494121, 38.58436385466116], [-90.14089826375356, 38.58450417063179], [-90.14645366632062, 38.589144603290876], [-90.15218771733517, 38.589284380730234], [-90.15792180807382, 38.58942387766302], [-90.16347871828971, 38.59406355405304], [-90.16921324535195, 38.59420251219789], [-90.17494781190939, 38.59434118977373], [-90.18050622974906, 38.59898010918833], [-90.18606536210271, 38.60361878809667], [-90.19162520914848, 38.60825722636621], [-90.19718577106451, 38.612895423864465], [-90.20274704802898, 38.61753338045887], [-90.2084836369821, 38.617670484184025], [-90.21404602582597, 38.62230794080845], [-90.21960913009349, 38.62694515617101], [-90.22517294996291, 38.63158213013913], [-90.23073748561237, 38.63621886258013], [-90.23630273722006, 38.640855353361346], [-90.24186870496423, 38.645491602350084], [-90.24743538902311, 38.65012760941361], [-90.25300278957496, 38.654763374419176], [-90.25857090679797, 38.65939889723403], [-90.26413974087053, 38.66403417772537], [-90.26988033547711, 38.664168406596616], [-90.27545028334664, 38.66880318471887], [-90.28102094844074, 38.67343772015905], [-90.28659233093768, 38.67807201278429], [-90.29216443101578, 38.68270606246168], [-90.29773724885335, 38.68733986905835], [-90.30331078462868, 38.69197343244128], [-90.30888503852013, 38.69660675247757], [-90.31446001070607, 38.70123982903419], [-90.32003570136486, 38.70587266197814], [-90.32561211067481, 38.710505251176386], [-90.33118923881437, 38.715137596495865], [-90.3367670859619, 38.719769697803464], [-90.34234565229588, 38.724401554966114], [-90.34792493799469, 38.72903316785066], [-90.35350494323681, 38.73366453632395], [-90.35908566820065, 38.73829566025279], [-90.36466711306467, 38.742926539503976], [-90.37024927800739, 38.74755717394432]]}}, {"type": "Feature", "properties": {"route_run_id": "stl_midamerica_to_st_louis_lambert_2026-01-12_0164", "route_pair": "midamerica_to_st_louis_lambert", "route_pair_label": "MidAmerica to St. Louis Lambert", "origin_label": "MidAmerica St. Louis Airport", "destination_label": "St. Louis Lambert International Airport", "origin_lat": 38.5451731, "origin_lon": -89.8351856, "destination_lat": 38.7486982, "destination_lon": -90.3700257, "traffic_date": "2026-01-12", "traffic_dataset": "January 12th - Monday", "weight_id": "w_0164", "distance_weight": 0.2, "population_weight": 0.7, "traffic_weight": 0.0, "airspace_weight": 0.1, "path_nodes": 101, "path_node_ids": [8877, 8881, 8905, 8906, 8933, 8929, 9143, 9146, 9173, 10020, 10063, 10068, 10070, 10095, 10099, 10422, 10101, 10106, 10104, 10110, 10109, 10516, 10515, 10514, 10517, 10522, 10299, 10300, 10301, 10309, 10308, 10533, 10363, 10350, 10351, 10366, 10376, 10374, 10379, 10614, 10407, 10410, 10411, 10408, 2604, 2605, 2606, 2603, 10715, 10714, 10713, 10722, 2597, 10723, 2596, 2876, 2875, 2874, 2873, 2885, 2886, 2884, 2883, 2893, 4095, 4096, 3932, 3933, 3958, 3962, 3967, 3954, 3953, 3966, 3944, 3977, 3976, 3941, 4043, 4066, 4067, 4068, 4185, 4187, 4188, 4076, 4075, 4082, 4084, 5080, 5084, 5310, 5311, 5337, 5320, 5322, 5323, 5346, 5357, 5358, 5364], "elapsed_seconds": 0.04940369998803362, "status": "success", "failure_reason": "", "route_distance_km": 75.4023021768558, "distance_cost_sum": 82.98510975571494, "population_cost_sum": 14.70216353976001, "traffic_cost_sum": 44.7516010178628, "airspace_cost_sum": 52.4, "total_weighted_score": 32.128536428974996}, "geometry": {"type": "LineString", "coordinates": [[-89.83272609742262, 38.54503213945896], [-89.83252853470323, 38.54953126729425], [-89.83233092788802, 38.55403039080605], [-89.83786323937711, 38.55868458173916], [-89.83766590046945, 38.563183721427826], [-89.84319923632499, 38.56783769816219], [-89.84873328471264, 38.57249144006519], [-89.8542680458121, 38.5771449470049], [-89.85980351980317, 38.58179821884939], [-89.86533970686553, 38.58645125546666], [-89.87087660717904, 38.591104056724724], [-89.87641422092351, 38.59575662249155], [-89.88195254827868, 38.600408952635085], [-89.8874915894244, 38.605061047023284], [-89.88729702234833, 38.60956036516477], [-89.89283709113381, 38.614212243778354], [-89.89857181380691, 38.614364528005225], [-89.90430657977188, 38.61451653168253], [-89.91004138894921, 38.614668254803874], [-89.9155833733424, 38.61931912852895], [-89.92131862594731, 38.619470314708934], [-89.9268617252078, 38.624120695492145], [-89.93259742104341, 38.62427134452904], [-89.93833315971467, 38.6244217128885], [-89.94406894114202, 38.62457180056415], [-89.94980476524591, 38.62472160754967], [-89.95554063194687, 38.62487113383877], [-89.96127654116528, 38.62502037942509], [-89.96701249282155, 38.625169344302385], [-89.97274848683627, 38.62531802846435], [-89.97848452312972, 38.62546643190471], [-89.98403193705393, 38.63011426460664], [-89.98958006609531, 38.63476185964426], [-89.99531694389556, 38.63490946811138], [-90.00105386367663, 38.63505679574229], [-90.00660350731387, 38.63970363840778], [-90.01234086854143, 38.63985042783196], [-90.01807827152109, 38.63999693635645], [-90.02362942973669, 38.64464302594129], [-90.0291813036891, 38.64928887709267], [-90.03473389355781, 38.653934489678136], [-90.04028719952224, 38.658579863565194], [-90.04602624200047, 38.65872506038847], [-90.05176532579277, 38.658869976095644], [-90.05750445081951, 38.65901461068064], [-90.06324361700084, 38.65915896413734], [-90.06898282425709, 38.65930303645963], [-90.07472207250845, 38.65944682764147], [-90.08046136167522, 38.65959033767675], [-90.0862006916776, 38.659733566559446], [-90.09194006243584, 38.659876514283475], [-90.09767947387014, 38.66001918084284], [-90.10341892590075, 38.66016156623149], [-90.1091584184479, 38.66030367044341], [-90.11489795143179, 38.66044549347263], [-90.12063752477266, 38.66058703531315], [-90.1263771383907, 38.66072829595899], [-90.1321167922061, 38.660869275404174], [-90.13785648613919, 38.66100997364278], [-90.14359622011, 38.661150390668844], [-90.14933599403881, 38.66129052647644], [-90.15507580784583, 38.66143038105964], [-90.16081566145125, 38.66156995441258], [-90.16637805865126, 38.66620966221335], [-90.17194117271791, 38.67084912909773], [-90.17750500383, 38.67548835493302], [-90.18306955216653, 38.68012733958649], [-90.18863481790633, 38.68476608292537], [-90.19420080122836, 38.68940458481685], [-90.19976750231159, 38.694042845128145], [-90.20551018229601, 38.69418032229077], [-90.21142776429718, 38.68981695033316], [-90.2171701635404, 38.68995384239636], [-90.2229126017605, 38.690090452895454], [-90.22865507887754, 38.69022678182468], [-90.23439759481155, 38.69036282917826], [-90.24014014948251, 38.69049859495047], [-90.24605541323987, 38.68613337677085], [-90.2517976862147, 38.68626855773688], [-90.25736804511756, 38.69090420272148], [-90.26311075393669, 38.69103884211091], [-90.26868222818311, 38.695673984376505], [-90.27425442059507, 38.700308883813186], [-90.27999796237877, 38.700442721166475], [-90.28557127047641, 38.70507711728869], [-90.29148516021279, 38.700709550716724], [-90.297228816103, 38.700842542902386], [-90.30280331580018, 38.70547615766316], [-90.30837853409372, 38.710109528957155], [-90.31395447116216, 38.71474265665128], [-90.31378588266769, 38.71924359100243], [-90.31936286061908, 38.72387649197406], [-90.32494055786266, 38.72850914903958], [-90.330518974577, 38.7331415620659], [-90.33626541075455, 38.733272728767844], [-90.3420118843105, 38.73340361338185], [-90.34775839516463, 38.73353421590239], [-90.35333872308522, 38.73816560113835], [-90.35908566820065, 38.73829566025279], [-90.36466711306467, 38.742926539503976], [-90.37024927800739, 38.74755717394432]]}}, {"type": "Feature", "properties": {"route_run_id": "stl_midamerica_to_st_louis_lambert_2026-01-12_0161", "route_pair": "midamerica_to_st_louis_lambert", "route_pair_label": "MidAmerica to St. Louis Lambert", "origin_label": "MidAmerica St. Louis Airport", "destination_label": "St. Louis Lambert International Airport", "origin_lat": 38.5451731, "origin_lon": -89.8351856, "destination_lat": 38.7486982, "destination_lon": -90.3700257, "traffic_date": "2026-01-12", "traffic_dataset": "January 12th - Monday", "weight_id": "w_0161", "distance_weight": 0.2, "population_weight": 0.6, "traffic_weight": 0.0, "airspace_weight": 0.2, "path_nodes": 101, "path_node_ids": [8877, 8881, 8905, 8906, 8933, 8929, 9143, 9146, 9173, 10020, 10063, 10068, 10070, 10095, 10099, 10422, 10101, 10106, 10104, 10110, 10109, 10516, 10515, 10514, 10517, 10522, 10299, 10300, 10301, 10309, 10308, 10533, 10363, 10350, 10351, 10366, 10376, 10374, 10379, 10614, 10407, 10410, 10411, 10408, 2604, 2605, 2606, 2603, 10715, 10714, 10713, 10722, 2597, 10723, 2596, 2876, 2875, 2874, 2873, 2885, 2886, 2884, 2883, 2893, 4095, 4096, 3932, 3933, 3958, 3962, 3967, 3954, 3953, 3966, 3944, 3977, 3976, 3941, 4043, 4066, 4067, 4068, 4185, 4187, 4188, 4076, 4075, 4082, 4084, 5080, 5084, 5310, 5311, 5337, 5320, 5322, 5323, 5346, 5357, 5358, 5364], "elapsed_seconds": 0.0502386000007391, "status": "success", "failure_reason": "", "route_distance_km": 75.4023021768558, "distance_cost_sum": 82.98510975571494, "population_cost_sum": 14.70216353976001, "traffic_cost_sum": 44.7516010178628, "airspace_cost_sum": 52.4, "total_weighted_score": 35.898320074999006}, "geometry": {"type": "LineString", "coordinates": [[-89.83272609742262, 38.54503213945896], [-89.83252853470323, 38.54953126729425], [-89.83233092788802, 38.55403039080605], [-89.83786323937711, 38.55868458173916], [-89.83766590046945, 38.563183721427826], [-89.84319923632499, 38.56783769816219], [-89.84873328471264, 38.57249144006519], [-89.8542680458121, 38.5771449470049], [-89.85980351980317, 38.58179821884939], [-89.86533970686553, 38.58645125546666], [-89.87087660717904, 38.591104056724724], [-89.87641422092351, 38.59575662249155], [-89.88195254827868, 38.600408952635085], [-89.8874915894244, 38.605061047023284], [-89.88729702234833, 38.60956036516477], [-89.89283709113381, 38.614212243778354], [-89.89857181380691, 38.614364528005225], [-89.90430657977188, 38.61451653168253], [-89.91004138894921, 38.614668254803874], [-89.9155833733424, 38.61931912852895], [-89.92131862594731, 38.619470314708934], [-89.9268617252078, 38.624120695492145], [-89.93259742104341, 38.62427134452904], [-89.93833315971467, 38.6244217128885], [-89.94406894114202, 38.62457180056415], [-89.94980476524591, 38.62472160754967], [-89.95554063194687, 38.62487113383877], [-89.96127654116528, 38.62502037942509], [-89.96701249282155, 38.625169344302385], [-89.97274848683627, 38.62531802846435], [-89.97848452312972, 38.62546643190471], [-89.98403193705393, 38.63011426460664], [-89.98958006609531, 38.63476185964426], [-89.99531694389556, 38.63490946811138], [-90.00105386367663, 38.63505679574229], [-90.00660350731387, 38.63970363840778], [-90.01234086854143, 38.63985042783196], [-90.01807827152109, 38.63999693635645], [-90.02362942973669, 38.64464302594129], [-90.0291813036891, 38.64928887709267], [-90.03473389355781, 38.653934489678136], [-90.04028719952224, 38.658579863565194], [-90.04602624200047, 38.65872506038847], [-90.05176532579277, 38.658869976095644], [-90.05750445081951, 38.65901461068064], [-90.06324361700084, 38.65915896413734], [-90.06898282425709, 38.65930303645963], [-90.07472207250845, 38.65944682764147], [-90.08046136167522, 38.65959033767675], [-90.0862006916776, 38.659733566559446], [-90.09194006243584, 38.659876514283475], [-90.09767947387014, 38.66001918084284], [-90.10341892590075, 38.66016156623149], [-90.1091584184479, 38.66030367044341], [-90.11489795143179, 38.66044549347263], [-90.12063752477266, 38.66058703531315], [-90.1263771383907, 38.66072829595899], [-90.1321167922061, 38.660869275404174], [-90.13785648613919, 38.66100997364278], [-90.14359622011, 38.661150390668844], [-90.14933599403881, 38.66129052647644], [-90.15507580784583, 38.66143038105964], [-90.16081566145125, 38.66156995441258], [-90.16637805865126, 38.66620966221335], [-90.17194117271791, 38.67084912909773], [-90.17750500383, 38.67548835493302], [-90.18306955216653, 38.68012733958649], [-90.18863481790633, 38.68476608292537], [-90.19420080122836, 38.68940458481685], [-90.19976750231159, 38.694042845128145], [-90.20551018229601, 38.69418032229077], [-90.21142776429718, 38.68981695033316], [-90.2171701635404, 38.68995384239636], [-90.2229126017605, 38.690090452895454], [-90.22865507887754, 38.69022678182468], [-90.23439759481155, 38.69036282917826], [-90.24014014948251, 38.69049859495047], [-90.24605541323987, 38.68613337677085], [-90.2517976862147, 38.68626855773688], [-90.25736804511756, 38.69090420272148], [-90.26311075393669, 38.69103884211091], [-90.26868222818311, 38.695673984376505], [-90.27425442059507, 38.700308883813186], [-90.27999796237877, 38.700442721166475], [-90.28557127047641, 38.70507711728869], [-90.29148516021279, 38.700709550716724], [-90.297228816103, 38.700842542902386], [-90.30280331580018, 38.70547615766316], [-90.30837853409372, 38.710109528957155], [-90.31395447116216, 38.71474265665128], [-90.31378588266769, 38.71924359100243], [-90.31936286061908, 38.72387649197406], [-90.32494055786266, 38.72850914903958], [-90.330518974577, 38.7331415620659], [-90.33626541075455, 38.733272728767844], [-90.3420118843105, 38.73340361338185], [-90.34775839516463, 38.73353421590239], [-90.35333872308522, 38.73816560113835], [-90.35908566820065, 38.73829566025279], [-90.36466711306467, 38.742926539503976], [-90.37024927800739, 38.74755717394432]]}}, {"type": "Feature", "properties": {"route_run_id": "stl_midamerica_to_st_louis_lambert_2026-01-12_0261", "route_pair": "midamerica_to_st_louis_lambert", "route_pair_label": "MidAmerica to St. Louis Lambert", "origin_label": "MidAmerica St. Louis Airport", "destination_label": "St. Louis Lambert International Airport", "origin_lat": 38.5451731, "origin_lon": -89.8351856, "destination_lat": 38.7486982, "destination_lon": -90.3700257, "traffic_date": "2026-01-12", "traffic_dataset": "January 12th - Monday", "weight_id": "w_0261", "distance_weight": 0.6, "population_weight": 0.1, "traffic_weight": 0.3, "airspace_weight": 0.0, "path_nodes": 96, "path_node_ids": [8877, 8876, 8868, 8869, 8870, 8867, 9758, 9759, 9761, 9774, 9773, 9775, 9772, 9764, 9765, 9767, 9792, 9978, 10003, 10005, 10010, 10219, 10244, 10247, 10251, 10263, 10266, 10270, 10315, 10321, 10320, 10318, 10355, 10358, 10356, 10357, 10336, 10335, 10337, 10334, 2551, 2550, 2552, 2549, 2542, 2541, 2545, 2560, 2564, 2588, 2591, 2871, 2875, 2874, 2877, 4088, 4115, 4119, 4121, 4102, 4103, 4127, 4129, 3961, 4286, 4285, 3974, 3973, 3972, 3971, 3982, 4295, 4299, 4301, 4202, 4215, 4220, 4223, 4255, 4233, 4234, 4242, 4265, 4244, 4243, 5336, 5338, 5341, 5339, 5345, 5324, 5347, 5346, 5357, 5358, 5364], "elapsed_seconds": 0.032412100001238286, "status": "success", "failure_reason": "", "route_distance_km": 71.91983486482316, "distance_cost_sum": 79.15242927028513, "population_cost_sum": 26.00783937807889, "traffic_cost_sum": 29.615112745143104, "airspace_cost_sum": 54.000000000000036, "total_weighted_score": 58.97677532352189}, "geometry": {"type": "LineString", "coordinates": [[-89.83272609742262, 38.54503213945896], [-89.83845499191484, 38.54518713674757], [-89.84418393041321, 38.54534185422887], [-89.8499129128385, 38.54549629189633], [-89.85564193911159, 38.545650449743434], [-89.86137100915332, 38.54580432776372], [-89.86690469568633, 38.55045720201035], [-89.87243909420232, 38.55510984121015], [-89.87816900708947, 38.55526292871994], [-89.88389896344961, 38.55541573628766], [-89.88962896320348, 38.555568263906835], [-89.89535900627187, 38.555720511571074], [-89.90108909257557, 38.55587247927394], [-89.90681922203537, 38.556024167009056], [-89.912549394572, 38.55617557477001], [-89.91808730107267, 38.560826189372115], [-89.92362592006123, 38.56547656801355], [-89.92916525171685, 38.570126710562285], [-89.93470529621892, 38.57477661688629], [-89.9402460537466, 38.57942628685351], [-89.94578752447926, 38.58407572033189], [-89.95132970859622, 38.58872491718928], [-89.95687260627673, 38.5933738772936], [-89.96241621770018, 38.59802260051268], [-89.9679605430459, 38.602671086714345], [-89.97369475078722, 38.60281965195827], [-89.97924018956823, 38.60746764424572], [-89.98478634265064, 38.61211539915841], [-89.9903332102139, 38.61676291656407], [-89.99588079243732, 38.621410196330416], [-90.00161663958568, 38.62155745325657], [-90.00735252860491, 38.621704429474754], [-90.01290162428964, 38.62635095704363], [-90.01845143503385, 38.63099724652267], [-90.02418816427785, 38.631143427354814], [-90.02992493509446, 38.631289327364605], [-90.03566174740413, 38.6314349465459], [-90.04139860112724, 38.63158028489256], [-90.04713549618415, 38.63172534239843], [-90.05287243249526, 38.6318701190574], [-90.05860940998092, 38.63201461486337], [-90.06434642856152, 38.63215882981023], [-90.07008348815737, 38.6323027638919], [-90.07582058868887, 38.63244641710234], [-90.08155773007638, 38.632589789435436], [-90.08729491224024, 38.63273288088516], [-90.09285022458998, 38.63737583907351], [-90.09840625259658, 38.64201855779177], [-90.10396299643912, 38.64666103690741], [-90.10952045629662, 38.651303276287905], [-90.11525927291721, 38.651445053943725], [-90.12081784745767, 38.65608679499798], [-90.1263771383907, 38.66072829595899], [-90.1321167922061, 38.660869275404174], [-90.13767719816866, 38.665510277443985], [-90.14323832090129, 38.67015103903228], [-90.14880016058308, 38.674791560036375], [-90.15436271739304, 38.67943184032358], [-90.1599259915103, 38.6840718797612], [-90.16566767757574, 38.684211283339124], [-90.17140940332797, 38.68435040545039], [-90.17697419182998, 38.68898968543255], [-90.18253969803584, 38.693628724113545], [-90.18828226010154, 38.69376704603371], [-90.19384888257228, 38.69840558378194], [-90.1995918823357, 38.69854336457249], [-90.20533492133491, 38.69868086372641], [-90.2110779994899, 38.698818081237896], [-90.21682111672072, 38.69895501710115], [-90.22256427294727, 38.69909167131035], [-90.22830746808964, 38.699228043859776], [-90.23405070206775, 38.699364134743625], [-90.23962082945226, 38.70400061226774], [-90.24519167522915, 38.70863684734796], [-90.25093574365499, 38.70877213647181], [-90.25650770587707, 38.713407868791336], [-90.2620803868679, 38.71804335830804], [-90.26765378680629, 38.72267860488892], [-90.27322790587108, 38.727313608400934], [-90.27897360415623, 38.72744757424986], [-90.2847193406125, 38.72758125811188], [-90.29046511515969, 38.72771465998137], [-90.29604114694997, 38.73234863831933], [-90.30178735717278, 38.73248149743191], [-90.30753360525517, 38.73261407449003], [-90.31327989111702, 38.732746369488076], [-90.31902621467803, 38.73287838242046], [-90.32460455631471, 38.7375110734335], [-90.33035131489382, 38.737642543240376], [-90.33609811094065, 38.737773730919855], [-90.341844944375, 38.73790463646636], [-90.34759181511657, 38.738035259874366], [-90.35333872308522, 38.73816560113835], [-90.35908566820065, 38.73829566025279], [-90.36466711306467, 38.742926539503976], [-90.37024927800739, 38.74755717394432]]}}, {"type": "Feature", "properties": {"route_run_id": "stl_midamerica_to_st_louis_lambert_2026-01-12_0256", "route_pair": "midamerica_to_st_louis_lambert", "route_pair_label": "MidAmerica to St. Louis Lambert", "origin_label": "MidAmerica St. Louis Airport", "destination_label": "St. Louis Lambert International Airport", "origin_lat": 38.5451731, "origin_lon": -89.8351856, "destination_lat": 38.7486982, "destination_lon": -90.3700257, "traffic_date": "2026-01-12", "traffic_dataset": "January 12th - Monday", "weight_id": "w_0256", "distance_weight": 0.6, "population_weight": 0.0, "traffic_weight": 0.3, "airspace_weight": 0.1, "path_nodes": 96, "path_node_ids": [8877, 8879, 8896, 8900, 8924, 8930, 9788, 10013, 10014, 10036, 10052, 10054, 10061, 10051, 10049, 10048, 10050, 10253, 10252, 10241, 10240, 10249, 10275, 10277, 10293, 10304, 10305, 10306, 10319, 10321, 10320, 10318, 10355, 10358, 10356, 10357, 10336, 10335, 10337, 10334, 2551, 2550, 2552, 2549, 2544, 2578, 2582, 2565, 2589, 2592, 2596, 2899, 2902, 2904, 2905, 4116, 4122, 4123, 4121, 4102, 4103, 4127, 4129, 3961, 4286, 4285, 3974, 3973, 3972, 3971, 3982, 4295, 4299, 4301, 4202, 4203, 4204, 4216, 4226, 4227, 4230, 4242, 4265, 4268, 4271, 5368, 5367, 5370, 5369, 5353, 5352, 5375, 5354, 5363, 5362, 5364], "elapsed_seconds": 0.03509150000172667, "status": "success", "failure_reason": "", "route_distance_km": 71.92629819993202, "distance_cost_sum": 79.15954258855145, "population_cost_sum": 34.27496549757395, "traffic_cost_sum": 28.89366849937613, "airspace_cost_sum": 50.00000000000003, "total_weighted_score": 61.1638261029437}, "geometry": {"type": "LineString", "coordinates": [[-89.83272609742262, 38.54503213945896], [-89.83825778508921, 38.54968628939868], [-89.84379018463301, 38.55434020475587], [-89.84932329623358, 38.558993885398685], [-89.85485712007056, 38.56364733119524], [-89.86039165632353, 38.56830054201366], [-89.86612255057987, 38.568454263192415], [-89.87165819944471, 38.57310698340007], [-89.87719456110594, 38.577759468272795], [-89.88273163574308, 38.582411717678575], [-89.88826942353593, 38.58706373148541], [-89.89380792466403, 38.591715509561276], [-89.89934713930707, 38.59636705177409], [-89.90508047722643, 38.59651895818466], [-89.91081385831642, 38.59667058421835], [-89.91654728249756, 38.596821929868824], [-89.92228074969049, 38.59697299512966], [-89.92801425981584, 38.59712377999449], [-89.93374781279411, 38.597274284457015], [-89.93948140854593, 38.5974245085108], [-89.94521504699188, 38.5975744521496], [-89.95075817398295, 38.60222370805987], [-89.95630201501413, 38.606872727099336], [-89.96184657026487, 38.611521509135784], [-89.96739183991471, 38.61617005403699], [-89.97312711918148, 38.61631869062297], [-89.97867350301271, 38.62096674136646], [-89.98440922407127, 38.621114840379136], [-89.99014498723932, 38.62126265870254], [-89.99588079243732, 38.621410196330416], [-90.00161663958568, 38.62155745325657], [-90.00735252860491, 38.621704429474754], [-90.01290162428964, 38.62635095704363], [-90.01845143503385, 38.63099724652267], [-90.02418816427785, 38.631143427354814], [-90.02992493509446, 38.631289327364605], [-90.03566174740413, 38.6314349465459], [-90.04139860112724, 38.63158028489256], [-90.04713549618415, 38.63172534239843], [-90.05287243249526, 38.6318701190574], [-90.05860940998092, 38.63201461486337], [-90.06434642856152, 38.63215882981023], [-90.07008348815737, 38.6323027638919], [-90.07582058868887, 38.63244641710234], [-90.08137510400799, 38.63708989131143], [-90.08693033494461, 38.641733126236325], [-90.09248628167781, 38.64637612174451], [-90.09822461877505, 38.64651871984398], [-90.10378168009319, 38.65116121753915], [-90.10933945758573, 38.65580347545955], [-90.11489795143179, 38.66044549347263], [-90.12045716181044, 38.66508727144578], [-90.12601708890082, 38.66972880924637], [-90.13175745945723, 38.66986983380672], [-90.13731850207547, 38.67451087252255], [-90.14288026178316, 38.67915167070749], [-90.14844273875943, 38.68379222822882], [-90.15418434521152, 38.68393219472245], [-90.1599259915103, 38.6840718797612], [-90.16566767757574, 38.684211283339124], [-90.17140940332797, 38.68435040545039], [-90.17697419182998, 38.68898968543255], [-90.18253969803584, 38.693628724113545], [-90.18828226010154, 38.69376704603371], [-90.19384888257228, 38.69840558378194], [-90.1995918823357, 38.69854336457249], [-90.20533492133491, 38.69868086372641], [-90.2110779994899, 38.698818081237896], [-90.21682111672072, 38.69895501710115], [-90.22256427294727, 38.69909167131035], [-90.22830746808964, 38.699228043859776], [-90.23405070206775, 38.699364134743625], [-90.23962082945226, 38.70400061226774], [-90.24519167522915, 38.70863684734796], [-90.25093574365499, 38.70877213647181], [-90.25667985061523, 38.70890714381719], [-90.26225221064061, 38.71354261590214], [-90.26799675378774, 38.71367708117809], [-90.27374133523836, 38.713811264613504], [-90.27931520948262, 38.71844597299539], [-90.28488980273018, 38.72308043816236], [-90.29046511515969, 38.72771465998137], [-90.29604114694997, 38.73234863831933], [-90.30161789827979, 38.73698237304315], [-90.30719536932796, 38.74161586401971], [-90.31277356027323, 38.74624911111586], [-90.31852096360088, 38.74638118739401], [-90.32426840457497, 38.74651298146582], [-90.3300158831152, 38.74664449332567], [-90.33576339914136, 38.74677572296801], [-90.34151095257313, 38.74690667038728], [-90.34725854333031, 38.74703733557797], [-90.35300617133261, 38.74716771853452], [-90.35875383649973, 38.747297819251436], [-90.36450153875144, 38.7474276377232], [-90.37024927800739, 38.74755717394432]]}}, {"type": "Feature", "properties": {"route_run_id": "stl_midamerica_to_st_louis_lambert_2026-01-12_0131", "route_pair": "midamerica_to_st_louis_lambert", "route_pair_label": "MidAmerica to St. Louis Lambert", "origin_label": "MidAmerica St. Louis Airport", "destination_label": "St. Louis Lambert International Airport", "origin_lat": 38.5451731, "origin_lon": -89.8351856, "destination_lat": 38.7486982, "destination_lon": -90.3700257, "traffic_date": "2026-01-12", "traffic_dataset": "January 12th - Monday", "weight_id": "w_0131", "distance_weight": 0.2, "population_weight": 0.1, "traffic_weight": 0.0, "airspace_weight": 0.7, "path_nodes": 97, "path_node_ids": [8877, 8881, 8904, 8922, 8923, 8927, 9145, 10016, 10018, 10062, 10055, 10058, 10094, 10096, 10103, 10104, 10110, 10109, 10291, 10512, 10290, 10513, 10298, 10295, 10296, 10297, 10307, 10305, 10306, 10319, 10321, 10320, 10318, 10211, 10210, 10208, 10209, 10326, 10328, 10322, 10191, 2276, 2518, 2277, 2509, 2287, 2508, 2286, 2298, 2300, 2301, 2307, 2495, 2820, 2823, 2827, 2849, 2848, 2850, 2837, 2861, 2866, 2889, 3896, 3898, 3901, 3902, 3914, 3948, 3947, 3952, 3940, 3942, 3943, 3941, 4043, 4042, 4041, 4040, 4051, 4054, 4186, 4080, 4205, 4207, 4212, 5309, 5313, 5335, 5337, 5320, 5322, 5323, 5346, 5357, 5358, 5364], "elapsed_seconds": 0.056095899984939024, "status": "success", "failure_reason": "", "route_distance_km": 73.35714512830332, "distance_cost_sum": 80.73428216501708, "population_cost_sum": 22.602069261925756, "traffic_cost_sum": 53.47562046932299, "airspace_cost_sum": 47.00000000000003, "total_weighted_score": 51.307063359196015}, "geometry": {"type": "LineString", "coordinates": [[-89.83272609742262, 38.54503213945896], [-89.83252853470323, 38.54953126729425], [-89.83806053424684, 38.55418543772932], [-89.84359324582596, 38.558839373542895], [-89.84912666962028, 38.563493074603095], [-89.85466080580946, 38.568146540778045], [-89.86019565457306, 38.572799771935806], [-89.86573121609086, 38.57745276794444], [-89.87126749054252, 38.58210552867199], [-89.8768044781077, 38.58675805398646], [-89.88234217896623, 38.591410343755804], [-89.8878805932977, 38.59606239784802], [-89.89341972128202, 38.600714216131045], [-89.89895956309883, 38.60536579847276], [-89.90450011892796, 38.61001714474108], [-89.91004138894921, 38.614668254803874], [-89.9155833733424, 38.61931912852895], [-89.92131862594731, 38.619470314708934], [-89.92705392153653, 38.61962122026898], [-89.93278926003055, 38.619771845202735], [-89.93852464134986, 38.619922189503846], [-89.9442600654149, 38.62007225316597], [-89.94999553214618, 38.62022203618278], [-89.95573104146416, 38.620371538547964], [-89.96146659328937, 38.6205207602552], [-89.96720218754218, 38.620669701298226], [-89.97293782414316, 38.62081836167072], [-89.97867350301271, 38.62096674136646], [-89.98440922407127, 38.621114840379136], [-89.99014498723932, 38.62126265870254], [-89.99588079243732, 38.621410196330416], [-90.00161663958568, 38.62155745325657], [-90.00735252860491, 38.621704429474754], [-90.01308845941536, 38.6218511249788], [-90.01882443193752, 38.62199753976251], [-90.0245604460918, 38.62214367381969], [-90.03029650179865, 38.62228952714421], [-90.03603259897847, 38.622435099729884], [-90.04176873755169, 38.622580391570615], [-90.04768956620967, 38.61822542646607], [-90.05360968000618, 38.61387013007287], [-90.0593452273907, 38.61401453341643], [-90.0650808158304, 38.61415865608025], [-90.07081644524574, 38.61430249805824], [-90.07655211555712, 38.614446059344324], [-90.08228782668499, 38.614589339932465], [-90.08802357854981, 38.61473233981663], [-90.09375937107193, 38.61487505899075], [-90.09949520417183, 38.615017497448825], [-90.10505004462816, 38.61965986513943], [-90.11078631613944, 38.61980176485522], [-90.11634226958749, 38.624443634935055], [-90.12189893829279, 38.62908526529191], [-90.12745632243416, 38.63372665579325], [-90.13301442219031, 38.63836780630655], [-90.13857323774008, 38.64300871669927], [-90.14431153910874, 38.643149043887504], [-90.15004988039681, 38.64328909003685], [-90.15578826152439, 38.64342885514139], [-90.16152668241186, 38.64356833919522], [-90.16708780535298, 38.6482079745162], [-90.17264964452228, 38.6528473690797], [-90.17821220009857, 38.65748652275311], [-90.18377547226044, 38.66212543540375], [-90.18933946118675, 38.666764106898924], [-90.19490416705614, 38.67140253710589], [-90.200645013987, 38.67154018571967], [-90.20621083477218, 38.67617811511645], [-90.21177737287698, 38.68081580286656], [-90.21751905445252, 38.68095265114052], [-90.22308670781703, 38.685589837485246], [-90.22882882604138, 38.685726144608395], [-90.23457098307328, 38.6858621702009], [-90.24031317883275, 38.68599791425695], [-90.24605541323987, 38.68613337677085], [-90.2517976862147, 38.68626855773688], [-90.25753999767723, 38.686403457149304], [-90.26328234754749, 38.686538075002424], [-90.26902473574555, 38.686672411290566], [-90.27459628650614, 38.69130727605424], [-90.2801685552908, 38.695941897935995], [-90.28574154227802, 38.70057627680287], [-90.29131524764634, 38.705210412521886], [-90.29688967157429, 38.70984430496006], [-90.30246481424038, 38.714477953984364], [-90.30804067582325, 38.71911135946174], [-90.31361725650144, 38.72374452125915], [-90.3191945564535, 38.72837743924346], [-90.3247725758581, 38.73301011328159], [-90.330518974577, 38.7331415620659], [-90.33626541075455, 38.733272728767844], [-90.3420118843105, 38.73340361338185], [-90.34775839516463, 38.73353421590239], [-90.35333872308522, 38.73816560113835], [-90.35908566820065, 38.73829566025279], [-90.36466711306467, 38.742926539503976], [-90.37024927800739, 38.74755717394432]]}}, {"type": "Feature", "properties": {"route_run_id": "stl_midamerica_to_st_louis_lambert_2026-01-12_0283", "route_pair": "midamerica_to_st_louis_lambert", "route_pair_label": "MidAmerica to St. Louis Lambert", "origin_label": "MidAmerica St. Louis Airport", "destination_label": "St. Louis Lambert International Airport", "origin_lat": 38.5451731, "origin_lon": -89.8351856, "destination_lat": 38.7486982, "destination_lon": -90.3700257, "traffic_date": "2026-01-12", "traffic_dataset": "January 12th - Monday", "weight_id": "w_0283", "distance_weight": 0.8, "population_weight": 0.2, "traffic_weight": 0.0, "airspace_weight": 0.0, "path_nodes": 96, "path_node_ids": [8877, 8876, 8868, 8869, 8870, 8867, 9753, 9754, 9755, 9744, 9746, 9747, 9751, 9764, 9766, 9770, 9797, 10002, 10006, 10008, 10233, 10243, 10246, 10272, 10273, 10269, 10303, 10306, 10343, 10347, 10351, 10366, 10376, 10374, 10379, 10614, 10407, 10410, 10411, 10408, 2604, 2605, 2606, 2603, 10715, 10714, 10713, 10722, 2597, 10723, 2596, 2876, 2875, 2874, 2873, 2885, 2886, 2884, 2883, 2893, 4095, 4096, 3932, 3933, 3958, 3962, 3967, 3970, 3969, 3968, 3981, 3978, 3983, 4297, 4198, 4199, 4201, 4216, 4229, 4232, 4230, 4242, 4265, 4244, 4243, 5336, 5338, 5335, 5337, 5320, 5322, 5323, 5346, 5357, 5358, 5364], "elapsed_seconds": 0.017464300006395206, "status": "success", "failure_reason": "", "route_distance_km": 71.92164999407072, "distance_cost_sum": 79.15442693740509, "population_cost_sum": 19.64578326883652, "traffic_cost_sum": 42.969653535783536, "airspace_cost_sum": 55.2, "total_weighted_score": 67.25269820369138}, "geometry": {"type": "LineString", "coordinates": [[-89.83272609742262, 38.54503213945896], [-89.83845499191484, 38.54518713674757], [-89.84418393041321, 38.54534185422887], [-89.8499129128385, 38.54549629189633], [-89.85564193911159, 38.545650449743434], [-89.86137100915332, 38.54580432776372], [-89.86710012288452, 38.545957925950695], [-89.87282928022606, 38.546111244297876], [-89.8785584810987, 38.54626428279884], [-89.88428772542336, 38.54641704144712], [-89.8900170131208, 38.5465695202363], [-89.89574634411186, 38.54672171915994], [-89.90128242701932, 38.55137306088645], [-89.90681922203537, 38.556024167009056], [-89.9123567293393, 38.560675037395804], [-89.91789494911032, 38.56532567191472], [-89.92343388152776, 38.56997607043378], [-89.9289735267709, 38.57462623282101], [-89.93451388501903, 38.57927615894434], [-89.94005495645153, 38.5839258486717], [-89.94559674124768, 38.58857530187098], [-89.95113923958688, 38.593224518410075], [-89.95668245164843, 38.59787349815684], [-89.9622263776118, 38.60252224097911], [-89.96777101765635, 38.607170746744714], [-89.97331637196147, 38.61181901532141], [-89.97886244070665, 38.616467046576965], [-89.98440922407127, 38.621114840379136], [-89.98995672223481, 38.62576239659562], [-89.99550493537676, 38.630409715094125], [-90.00105386367663, 38.63505679574229], [-90.00660350731387, 38.63970363840778], [-90.01234086854143, 38.63985042783196], [-90.01807827152109, 38.63999693635645], [-90.02362942973669, 38.64464302594129], [-90.0291813036891, 38.64928887709267], [-90.03473389355781, 38.653934489678136], [-90.04028719952224, 38.658579863565194], [-90.04602624200047, 38.65872506038847], [-90.05176532579277, 38.658869976095644], [-90.05750445081951, 38.65901461068064], [-90.06324361700084, 38.65915896413734], [-90.06898282425709, 38.65930303645963], [-90.07472207250845, 38.65944682764147], [-90.08046136167522, 38.65959033767675], [-90.0862006916776, 38.659733566559446], [-90.09194006243584, 38.659876514283475], [-90.09767947387014, 38.66001918084284], [-90.10341892590075, 38.66016156623149], [-90.1091584184479, 38.66030367044341], [-90.11489795143179, 38.66044549347263], [-90.12063752477266, 38.66058703531315], [-90.1263771383907, 38.66072829595899], [-90.1321167922061, 38.660869275404174], [-90.13785648613919, 38.66100997364278], [-90.14359622011, 38.661150390668844], [-90.14933599403881, 38.66129052647644], [-90.15507580784583, 38.66143038105964], [-90.16081566145125, 38.66156995441258], [-90.16637805865126, 38.66620966221335], [-90.17194117271791, 38.67084912909773], [-90.17750500383, 38.67548835493302], [-90.18306955216653, 38.68012733958649], [-90.18863481790633, 38.68476608292537], [-90.19420080122836, 38.68940458481685], [-90.19976750231159, 38.694042845128145], [-90.20551018229601, 38.69418032229077], [-90.2112529014267, 38.694317517855914], [-90.2169956596237, 38.69445443181779], [-90.22273845680708, 38.6945910641706], [-90.22848129289677, 38.69472741490856], [-90.23422416781283, 38.694863484025944], [-90.23979397480163, 38.69949994395616], [-90.24536450002277, 38.704136161482424], [-90.25110820919835, 38.70427142896936], [-90.25685195689897, 38.704406414722804], [-90.2624239960298, 38.709041869378396], [-90.26799675378774, 38.71367708117809], [-90.27357023035168, 38.71831204998893], [-90.27914442590036, 38.722946775677876], [-90.28488980273018, 38.72308043816236], [-90.29046511515969, 38.72771465998137], [-90.29604114694997, 38.73234863831933], [-90.30178735717278, 38.73248149743191], [-90.30753360525517, 38.73261407449003], [-90.31327989111702, 38.732746369488076], [-90.31902621467803, 38.73287838242046], [-90.3247725758581, 38.73301011328159], [-90.330518974577, 38.7331415620659], [-90.33626541075455, 38.733272728767844], [-90.3420118843105, 38.73340361338185], [-90.34775839516463, 38.73353421590239], [-90.35333872308522, 38.73816560113835], [-90.35908566820065, 38.73829566025279], [-90.36466711306467, 38.742926539503976], [-90.37024927800739, 38.74755717394432]]}}, {"type": "Feature", "properties": {"route_run_id": "stl_midamerica_to_st_louis_lambert_2026-01-12_0254", "route_pair": "midamerica_to_st_louis_lambert", "route_pair_label": "MidAmerica to St. Louis Lambert", "origin_label": "MidAmerica St. Louis Airport", "destination_label": "St. Louis Lambert International Airport", "origin_lat": 38.5451731, "origin_lon": -89.8351856, "destination_lat": 38.7486982, "destination_lon": -90.3700257, "traffic_date": "2026-01-12", "traffic_dataset": "January 12th - Monday", "weight_id": "w_0254", "distance_weight": 0.6, "population_weight": 0.0, "traffic_weight": 0.1, "airspace_weight": 0.3, "path_nodes": 96, "path_node_ids": [8877, 8879, 8896, 8900, 8924, 8930, 9788, 10013, 10014, 10036, 10052, 10054, 10061, 10051, 10049, 10048, 10050, 10253, 10252, 10241, 10240, 10248, 10246, 10247, 10251, 10263, 10265, 10264, 10178, 10179, 10177, 10176, 10199, 10198, 10196, 10197, 10185, 10187, 10186, 10184, 2273, 2275, 2274, 2285, 2283, 2284, 2282, 2293, 2296, 2301, 2303, 2491, 2492, 2818, 2496, 2507, 2506, 2828, 2505, 2809, 2811, 2810, 2728, 2730, 2731, 2732, 2755, 2757, 2782, 2780, 2775, 2802, 2805, 3917, 4011, 4010, 4009, 4008, 4019, 4017, 4022, 4029, 4034, 4060, 4064, 5048, 5052, 5076, 5082, 5299, 5304, 5319, 5321, 5357, 5358, 5364], "elapsed_seconds": 0.03906149999238551, "status": "success", "failure_reason": "", "route_distance_km": 71.90426353299135, "distance_cost_sum": 79.13529201261795, "population_cost_sum": 47.43914947171872, "traffic_cost_sum": 34.80234292300875, "airspace_cost_sum": 46.2, "total_weighted_score": 64.82140949987166}, "geometry": {"type": "LineString", "coordinates": [[-89.83272609742262, 38.54503213945896], [-89.83825778508921, 38.54968628939868], [-89.84379018463301, 38.55434020475587], [-89.84932329623358, 38.558993885398685], [-89.85485712007056, 38.56364733119524], [-89.86039165632353, 38.56830054201366], [-89.86612255057987, 38.568454263192415], [-89.87165819944471, 38.57310698340007], [-89.87719456110594, 38.577759468272795], [-89.88273163574308, 38.582411717678575], [-89.88826942353593, 38.58706373148541], [-89.89380792466403, 38.591715509561276], [-89.89934713930707, 38.59636705177409], [-89.90508047722643, 38.59651895818466], [-89.91081385831642, 38.59667058421835], [-89.91654728249756, 38.596821929868824], [-89.92228074969049, 38.59697299512966], [-89.92801425981584, 38.59712377999449], [-89.93374781279411, 38.597274284457015], [-89.93948140854593, 38.5974245085108], [-89.94521504699188, 38.5975744521496], [-89.95094872805251, 38.59772411536704], [-89.95668245164843, 38.59787349815684], [-89.96241621770018, 38.59802260051268], [-89.9679605430459, 38.602671086714345], [-89.97369475078722, 38.60281965195827], [-89.97942900075623, 38.60296793670464], [-89.98516329287352, 38.603115940947184], [-89.99070953011385, 38.6077634195523], [-89.99644426342562, 38.60791088636707], [-90.00217903865732, 38.60805807261457], [-90.0079138557295, 38.60820497828854], [-90.01364871456262, 38.60835160338281], [-90.01938361507719, 38.6084979478912], [-90.0251185571937, 38.60864401180754], [-90.03085354083264, 38.60878979512565], [-90.03658856591449, 38.60893529783942], [-90.04232363235971, 38.609080519942665], [-90.04805874008878, 38.60922546142931], [-90.05379388902215, 38.60937012229323], [-90.05952907908036, 38.60951450252829], [-90.06526431018379, 38.60965860212844], [-90.07099958225297, 38.609802421087586], [-90.07673489520826, 38.60994595939966], [-90.08247024897021, 38.61008921705863], [-90.0882056434592, 38.61023219405841], [-90.09394107859575, 38.61037489039303], [-90.09967655430022, 38.61051730605643], [-90.10523107776994, 38.61515965518486], [-90.11078631613944, 38.61980176485522], [-90.11652262799952, 38.61994338379215], [-90.1220789793104, 38.62458499570804], [-90.12781572923257, 38.62472607564535], [-90.13337319363258, 38.629367189437694], [-90.13911038141684, 38.62950773017495], [-90.14484760917111, 38.62964799001386], [-90.15058487681573, 38.629787968948484], [-90.156322184271, 38.62992766697294], [-90.16205953145733, 38.63006708408134], [-90.16779691829495, 38.630206220267794], [-90.17353434470424, 38.6303450755264], [-90.17927181060547, 38.63048364985134], [-90.185009315919, 38.63062194323676], [-90.1907468605651, 38.6307599556768], [-90.1964844444641, 38.63089768716567], [-90.20204699586435, 38.63553571516044], [-90.2076102631287, 38.640173501959694], [-90.21317424643554, 38.64481104743077], [-90.21873894596322, 38.64944835144101], [-90.22447815711037, 38.64958476537795], [-90.23004397010321, 38.6542215684137], [-90.23561049969246, 38.65885812963025], [-90.24117774605664, 38.663494448894866], [-90.24674570937407, 38.66813052607476], [-90.25231438982323, 38.67276636103712], [-90.25805562494689, 38.67290119572174], [-90.26379689845037, 38.67303574898191], [-90.26953821025378, 38.673170020811966], [-90.27527956027723, 38.67330401120623], [-90.28102094844074, 38.67343772015905], [-90.28659233093768, 38.67807201278429], [-90.29216443101578, 38.68270606246168], [-90.29773724885335, 38.68733986905835], [-90.30331078462868, 38.69197343244128], [-90.30888503852013, 38.69660675247757], [-90.31446001070607, 38.70123982903419], [-90.32003570136486, 38.70587266197814], [-90.32561211067481, 38.710505251176386], [-90.33118923881437, 38.715137596495865], [-90.3367670859619, 38.719769697803464], [-90.34234565229588, 38.724401554966114], [-90.34792493799469, 38.72903316785066], [-90.35350494323681, 38.73366453632395], [-90.35908566820065, 38.73829566025279], [-90.36466711306467, 38.742926539503976], [-90.37024927800739, 38.74755717394432]]}}, {"type": "Feature", "properties": {"route_run_id": "stl_midamerica_to_st_louis_lambert_2026-01-12_0208", "route_pair": "midamerica_to_st_louis_lambert", "route_pair_label": "MidAmerica to St. Louis Lambert", "origin_label": "MidAmerica St. Louis Airport", "destination_label": "St. Louis Lambert International Airport", "origin_lat": 38.5451731, "origin_lon": -89.8351856, "destination_lat": 38.7486982, "destination_lon": -90.3700257, "traffic_date": "2026-01-12", "traffic_dataset": "January 12th - Monday", "weight_id": "w_0208", "distance_weight": 0.4, "population_weight": 0.0, "traffic_weight": 0.4, "airspace_weight": 0.2, "path_nodes": 96, "path_node_ids": [8877, 8879, 8896, 8900, 8924, 8930, 9788, 10013, 10014, 10036, 10052, 10054, 10061, 10051, 10049, 10048, 10050, 10253, 10252, 10241, 10240, 10249, 10275, 10277, 10293, 10304, 10305, 10306, 10319, 10321, 10320, 10318, 10355, 10358, 10356, 10357, 10336, 10335, 10337, 10334, 2551, 2550, 2552, 2549, 2544, 2578, 2582, 2565, 2589, 2592, 2596, 2899, 2902, 2904, 2905, 4116, 4122, 4123, 4121, 4102, 4103, 4127, 4129, 3961, 4286, 4285, 3974, 3973, 3972, 3971, 3982, 4295, 4299, 4301, 4202, 4203, 4204, 4216, 4226, 4191, 4188, 4080, 4075, 4077, 4078, 5048, 5052, 5076, 5082, 5299, 5304, 5319, 5321, 5357, 5358, 5364], "elapsed_seconds": 0.05063089999021031, "status": "success", "failure_reason": "", "route_distance_km": 73.52378538745437, "distance_cost_sum": 80.91768054671292, "population_cost_sum": 37.370437671789574, "traffic_cost_sum": 26.067493728592368, "airspace_cost_sum": 50.00000000000003, "total_weighted_score": 52.79406971012212}, "geometry": {"type": "LineString", "coordinates": [[-89.83272609742262, 38.54503213945896], [-89.83825778508921, 38.54968628939868], [-89.84379018463301, 38.55434020475587], [-89.84932329623358, 38.558993885398685], [-89.85485712007056, 38.56364733119524], [-89.86039165632353, 38.56830054201366], [-89.86612255057987, 38.568454263192415], [-89.87165819944471, 38.57310698340007], [-89.87719456110594, 38.577759468272795], [-89.88273163574308, 38.582411717678575], [-89.88826942353593, 38.58706373148541], [-89.89380792466403, 38.591715509561276], [-89.89934713930707, 38.59636705177409], [-89.90508047722643, 38.59651895818466], [-89.91081385831642, 38.59667058421835], [-89.91654728249756, 38.596821929868824], [-89.92228074969049, 38.59697299512966], [-89.92801425981584, 38.59712377999449], [-89.93374781279411, 38.597274284457015], [-89.93948140854593, 38.5974245085108], [-89.94521504699188, 38.5975744521496], [-89.95075817398295, 38.60222370805987], [-89.95630201501413, 38.606872727099336], [-89.96184657026487, 38.611521509135784], [-89.96739183991471, 38.61617005403699], [-89.97312711918148, 38.61631869062297], [-89.97867350301271, 38.62096674136646], [-89.98440922407127, 38.621114840379136], [-89.99014498723932, 38.62126265870254], [-89.99588079243732, 38.621410196330416], [-90.00161663958568, 38.62155745325657], [-90.00735252860491, 38.621704429474754], [-90.01290162428964, 38.62635095704363], [-90.01845143503385, 38.63099724652267], [-90.02418816427785, 38.631143427354814], [-90.02992493509446, 38.631289327364605], [-90.03566174740413, 38.6314349465459], [-90.04139860112724, 38.63158028489256], [-90.04713549618415, 38.63172534239843], [-90.05287243249526, 38.6318701190574], [-90.05860940998092, 38.63201461486337], [-90.06434642856152, 38.63215882981023], [-90.07008348815737, 38.6323027638919], [-90.07582058868887, 38.63244641710234], [-90.08137510400799, 38.63708989131143], [-90.08693033494461, 38.641733126236325], [-90.09248628167781, 38.64637612174451], [-90.09822461877505, 38.64651871984398], [-90.10378168009319, 38.65116121753915], [-90.10933945758573, 38.65580347545955], [-90.11489795143179, 38.66044549347263], [-90.12045716181044, 38.66508727144578], [-90.12601708890082, 38.66972880924637], [-90.13175745945723, 38.66986983380672], [-90.13731850207547, 38.67451087252255], [-90.14288026178316, 38.67915167070749], [-90.14844273875943, 38.68379222822882], [-90.15418434521152, 38.68393219472245], [-90.1599259915103, 38.6840718797612], [-90.16566767757574, 38.684211283339124], [-90.17140940332797, 38.68435040545039], [-90.17697419182998, 38.68898968543255], [-90.18253969803584, 38.693628724113545], [-90.18828226010154, 38.69376704603371], [-90.19384888257228, 38.69840558378194], [-90.1995918823357, 38.69854336457249], [-90.20533492133491, 38.69868086372641], [-90.2110779994899, 38.698818081237896], [-90.21682111672072, 38.69895501710115], [-90.22256427294727, 38.69909167131035], [-90.22830746808964, 38.699228043859776], [-90.23405070206775, 38.699364134743625], [-90.23962082945226, 38.70400061226774], [-90.24519167522915, 38.70863684734796], [-90.25093574365499, 38.70877213647181], [-90.25667985061523, 38.70890714381719], [-90.26225221064061, 38.71354261590214], [-90.26799675378774, 38.71367708117809], [-90.27374133523836, 38.713811264613504], [-90.27965666219882, 38.70944435530013], [-90.28557127047641, 38.70507711728869], [-90.29131524764634, 38.705210412521886], [-90.297228816103, 38.700842542902386], [-90.30297250986867, 38.70097525335427], [-90.3087162414297, 38.701107682066734], [-90.31446001070607, 38.70123982903419], [-90.32003570136486, 38.70587266197814], [-90.32561211067481, 38.710505251176386], [-90.33118923881437, 38.715137596495865], [-90.3367670859619, 38.719769697803464], [-90.34234565229588, 38.724401554966114], [-90.34792493799469, 38.72903316785066], [-90.35350494323681, 38.73366453632395], [-90.35908566820065, 38.73829566025279], [-90.36466711306467, 38.742926539503976], [-90.37024927800739, 38.74755717394432]]}}, {"type": "Feature", "properties": {"route_run_id": "stl_midamerica_to_st_louis_lambert_2026-01-12_0252", "route_pair": "midamerica_to_st_louis_lambert", "route_pair_label": "MidAmerica to St. Louis Lambert", "origin_label": "MidAmerica St. Louis Airport", "destination_label": "St. Louis Lambert International Airport", "origin_lat": 38.5451731, "origin_lon": -89.8351856, "destination_lat": 38.7486982, "destination_lon": -90.3700257, "traffic_date": "2026-01-12", "traffic_dataset": "January 12th - Monday", "weight_id": "w_0252", "distance_weight": 0.5, "population_weight": 0.5, "traffic_weight": 0.0, "airspace_weight": 0.0, "path_nodes": 101, "path_node_ids": [8877, 8881, 8905, 8906, 8933, 8929, 9143, 9146, 9173, 10020, 10063, 10067, 10069, 10083, 10099, 10422, 10101, 10106, 10104, 10110, 10109, 10516, 10515, 10514, 10517, 10522, 10299, 10300, 10301, 10309, 10308, 10533, 10363, 10350, 10351, 10366, 10376, 10374, 10379, 10614, 10407, 10410, 10411, 10408, 2604, 2605, 2606, 2603, 10715, 10714, 10713, 10722, 2597, 10723, 2596, 2876, 2875, 2874, 2873, 2885, 2886, 2884, 2883, 2890, 2891, 2895, 3904, 3925, 3926, 3931, 3951, 3954, 3953, 3966, 3944, 3977, 3976, 3941, 4043, 4066, 4067, 4068, 4185, 4187, 4186, 4076, 4075, 4082, 4084, 5080, 5084, 5310, 5311, 5337, 5320, 5322, 5323, 5346, 5357, 5358, 5364], "elapsed_seconds": 0.02929879998555407, "status": "success", "failure_reason": "", "route_distance_km": 74.33446617337505, "distance_cost_sum": 81.80988717773442, "population_cost_sum": 15.248764097267292, "traffic_cost_sum": 45.52017028325674, "airspace_cost_sum": 53.4, "total_weighted_score": 48.52932563750086}, "geometry": {"type": "LineString", "coordinates": [[-89.83272609742262, 38.54503213945896], [-89.83252853470323, 38.54953126729425], [-89.83233092788802, 38.55403039080605], [-89.83786323937711, 38.55868458173916], [-89.83766590046945, 38.563183721427826], [-89.84319923632499, 38.56783769816219], [-89.84873328471264, 38.57249144006519], [-89.8542680458121, 38.5771449470049], [-89.85980351980317, 38.58179821884939], [-89.86533970686553, 38.58645125546666], [-89.87087660717904, 38.591104056724724], [-89.87068110004802, 38.59560331429298], [-89.87621902698532, 38.60025590028999], [-89.88175766769213, 38.604908250624604], [-89.88729702234833, 38.60956036516477], [-89.89283709113381, 38.614212243778354], [-89.89857181380691, 38.614364528005225], [-89.90430657977188, 38.61451653168253], [-89.91004138894921, 38.614668254803874], [-89.9155833733424, 38.61931912852895], [-89.92131862594731, 38.619470314708934], [-89.9268617252078, 38.624120695492145], [-89.93259742104341, 38.62427134452904], [-89.93833315971467, 38.6244217128885], [-89.94406894114202, 38.62457180056415], [-89.94980476524591, 38.62472160754967], [-89.95554063194687, 38.62487113383877], [-89.96127654116528, 38.62502037942509], [-89.96701249282155, 38.625169344302385], [-89.97274848683627, 38.62531802846435], [-89.97848452312972, 38.62546643190471], [-89.98403193705393, 38.63011426460664], [-89.98958006609531, 38.63476185964426], [-89.99531694389556, 38.63490946811138], [-90.00105386367663, 38.63505679574229], [-90.00660350731387, 38.63970363840778], [-90.01234086854143, 38.63985042783196], [-90.01807827152109, 38.63999693635645], [-90.02362942973669, 38.64464302594129], [-90.0291813036891, 38.64928887709267], [-90.03473389355781, 38.653934489678136], [-90.04028719952224, 38.658579863565194], [-90.04602624200047, 38.65872506038847], [-90.05176532579277, 38.658869976095644], [-90.05750445081951, 38.65901461068064], [-90.06324361700084, 38.65915896413734], [-90.06898282425709, 38.65930303645963], [-90.07472207250845, 38.65944682764147], [-90.08046136167522, 38.65959033767675], [-90.0862006916776, 38.659733566559446], [-90.09194006243584, 38.659876514283475], [-90.09767947387014, 38.66001918084284], [-90.10341892590075, 38.66016156623149], [-90.1091584184479, 38.66030367044341], [-90.11489795143179, 38.66044549347263], [-90.12063752477266, 38.66058703531315], [-90.1263771383907, 38.66072829595899], [-90.1321167922061, 38.660869275404174], [-90.13785648613919, 38.66100997364278], [-90.14359622011, 38.661150390668844], [-90.14933599403881, 38.66129052647644], [-90.15507580784583, 38.66143038105964], [-90.16081566145125, 38.66156995441258], [-90.16655555477524, 38.661709246529334], [-90.17229548773797, 38.66184825740402], [-90.17785868094164, 38.666487447153536], [-90.18342259105025, 38.67112639580074], [-90.1889872182426, 38.67576510321293], [-90.19472838451095, 38.67590305525546], [-90.2002941269196, 38.68054126191918], [-90.20586058678872, 38.68517922698935], [-90.21142776429718, 38.68981695033316], [-90.2171701635404, 38.68995384239636], [-90.2229126017605, 38.690090452895454], [-90.22865507887754, 38.69022678182468], [-90.23439759481155, 38.69036282917826], [-90.24014014948251, 38.69049859495047], [-90.24605541323987, 38.68613337677085], [-90.2517976862147, 38.68626855773688], [-90.25736804511756, 38.69090420272148], [-90.26311075393669, 38.69103884211091], [-90.26868222818311, 38.695673984376505], [-90.27425442059507, 38.700308883813186], [-90.27999796237877, 38.700442721166475], [-90.28574154227802, 38.70057627680287], [-90.29148516021279, 38.700709550716724], [-90.297228816103, 38.700842542902386], [-90.30280331580018, 38.70547615766316], [-90.30837853409372, 38.710109528957155], [-90.31395447116216, 38.71474265665128], [-90.31378588266769, 38.71924359100243], [-90.31936286061908, 38.72387649197406], [-90.32494055786266, 38.72850914903958], [-90.330518974577, 38.7331415620659], [-90.33626541075455, 38.733272728767844], [-90.3420118843105, 38.73340361338185], [-90.34775839516463, 38.73353421590239], [-90.35333872308522, 38.73816560113835], [-90.35908566820065, 38.73829566025279], [-90.36466711306467, 38.742926539503976], [-90.37024927800739, 38.74755717394432]]}}, {"type": "Feature", "properties": {"route_run_id": "stl_midamerica_to_st_louis_lambert_2026-01-12_0272", "route_pair": "midamerica_to_st_louis_lambert", "route_pair_label": "MidAmerica to St. Louis Lambert", "origin_label": "MidAmerica St. Louis Airport", "destination_label": "St. Louis Lambert International Airport", "origin_lat": 38.5451731, "origin_lon": -89.8351856, "destination_lat": 38.7486982, "destination_lon": -90.3700257, "traffic_date": "2026-01-12", "traffic_dataset": "January 12th - Monday", "weight_id": "w_0272", "distance_weight": 0.7, "population_weight": 0.1, "traffic_weight": 0.0, "airspace_weight": 0.2, "path_nodes": 96, "path_node_ids": [8877, 8879, 8896, 8900, 8924, 8930, 10012, 10015, 10019, 10053, 10057, 10060, 10092, 10076, 10080, 10105, 10109, 10291, 10512, 10290, 10513, 10298, 10295, 10296, 10297, 10307, 10305, 10306, 10319, 10321, 10320, 10318, 10211, 10210, 10208, 10209, 10326, 10328, 10329, 10327, 2522, 2524, 2523, 2514, 2517, 2515, 2516, 2530, 2534, 2532, 2558, 2840, 2839, 2838, 2827, 2849, 2848, 2850, 2837, 2861, 2866, 2889, 3896, 3898, 3901, 3902, 3914, 3948, 3947, 3952, 3940, 3942, 3943, 3941, 4043, 4042, 4041, 4040, 4051, 4054, 4186, 4080, 4205, 4207, 4212, 5309, 5313, 5335, 5337, 5320, 5322, 5323, 5346, 5357, 5358, 5364], "elapsed_seconds": 0.02870170000824146, "status": "success", "failure_reason": "", "route_distance_km": 71.91755552376524, "distance_cost_sum": 79.14992070804759, "population_cost_sum": 24.36028291495292, "traffic_cost_sum": 50.175475023887095, "airspace_cost_sum": 47.6, "total_weighted_score": 67.3609727871286}, "geometry": {"type": "LineString", "coordinates": [[-89.83272609742262, 38.54503213945896], [-89.83825778508921, 38.54968628939868], [-89.84379018463301, 38.55434020475587], [-89.84932329623358, 38.558993885398685], [-89.85485712007056, 38.56364733119524], [-89.86039165632353, 38.56830054201366], [-89.86592690517212, 38.57295351772198], [-89.871462866796, 38.577606258188254], [-89.87699954137483, 38.582258763280514], [-89.88253692908823, 38.586911032866766], [-89.88807503011597, 38.59156306681497], [-89.8936138446377, 38.59621486499309], [-89.89915337283315, 38.600866427269025], [-89.90469361488212, 38.60551775351072], [-89.91023457096428, 38.610168843586045], [-89.91577624125941, 38.61481969736282], [-89.92131862594731, 38.619470314708934], [-89.92705392153653, 38.61962122026898], [-89.93278926003055, 38.619771845202735], [-89.93852464134986, 38.619922189503846], [-89.9442600654149, 38.62007225316597], [-89.94999553214618, 38.62022203618278], [-89.95573104146416, 38.620371538547964], [-89.96146659328937, 38.6205207602552], [-89.96720218754218, 38.620669701298226], [-89.97293782414316, 38.62081836167072], [-89.97867350301271, 38.62096674136646], [-89.98440922407127, 38.621114840379136], [-89.99014498723932, 38.62126265870254], [-89.99588079243732, 38.621410196330416], [-90.00161663958568, 38.62155745325657], [-90.00735252860491, 38.621704429474754], [-90.01308845941536, 38.6218511249788], [-90.01882443193752, 38.62199753976251], [-90.0245604460918, 38.62214367381969], [-90.03029650179865, 38.62228952714421], [-90.03603259897847, 38.622435099729884], [-90.04176873755169, 38.622580391570615], [-90.04750491743872, 38.62272540266021], [-90.05324113855997, 38.6228701329926], [-90.0589774008359, 38.62301458256169], [-90.06471370418684, 38.62315875136136], [-90.07045004853325, 38.62330263938551], [-90.07618643379548, 38.623446246628106], [-90.08192285989396, 38.62358957308307], [-90.08765932674906, 38.623732618744384], [-90.09339583428118, 38.623875383605984], [-90.09895091075838, 38.62851804648185], [-90.10450670259345, 38.633160469873815], [-90.1102440470662, 38.63330243772981], [-90.11580095263906, 38.63794436326609], [-90.12135857394713, 38.64258604896054], [-90.12709675507955, 38.642727219229855], [-90.13283497637043, 38.64286810847808], [-90.13857323774008, 38.64300871669927], [-90.14431153910874, 38.643149043887504], [-90.15004988039681, 38.64328909003685], [-90.15578826152439, 38.64342885514139], [-90.16152668241186, 38.64356833919522], [-90.16708780535298, 38.6482079745162], [-90.17264964452228, 38.6528473690797], [-90.17821220009857, 38.65748652275311], [-90.18377547226044, 38.66212543540375], [-90.18933946118675, 38.666764106898924], [-90.19490416705614, 38.67140253710589], [-90.200645013987, 38.67154018571967], [-90.20621083477218, 38.67617811511645], [-90.21177737287698, 38.68081580286656], [-90.21751905445252, 38.68095265114052], [-90.22308670781703, 38.685589837485246], [-90.22882882604138, 38.685726144608395], [-90.23457098307328, 38.6858621702009], [-90.24031317883275, 38.68599791425695], [-90.24605541323987, 38.68613337677085], [-90.2517976862147, 38.68626855773688], [-90.25753999767723, 38.686403457149304], [-90.26328234754749, 38.686538075002424], [-90.26902473574555, 38.686672411290566], [-90.27459628650614, 38.69130727605424], [-90.2801685552908, 38.695941897935995], [-90.28574154227802, 38.70057627680287], [-90.29131524764634, 38.705210412521886], [-90.29688967157429, 38.70984430496006], [-90.30246481424038, 38.714477953984364], [-90.30804067582325, 38.71911135946174], [-90.31361725650144, 38.72374452125915], [-90.3191945564535, 38.72837743924346], [-90.3247725758581, 38.73301011328159], [-90.330518974577, 38.7331415620659], [-90.33626541075455, 38.733272728767844], [-90.3420118843105, 38.73340361338185], [-90.34775839516463, 38.73353421590239], [-90.35333872308522, 38.73816560113835], [-90.35908566820065, 38.73829566025279], [-90.36466711306467, 38.742926539503976], [-90.37024927800739, 38.74755717394432]]}}, {"type": "Feature", "properties": {"route_run_id": "stl_midamerica_to_st_louis_lambert_2026-01-12_0257", "route_pair": "midamerica_to_st_louis_lambert", "route_pair_label": "MidAmerica to St. Louis Lambert", "origin_label": "MidAmerica St. Louis Airport", "destination_label": "St. Louis Lambert International Airport", "origin_lat": 38.5451731, "origin_lon": -89.8351856, "destination_lat": 38.7486982, "destination_lon": -90.3700257, "traffic_date": "2026-01-12", "traffic_dataset": "January 12th - Monday", "weight_id": "w_0257", "distance_weight": 0.6, "population_weight": 0.0, "traffic_weight": 0.4, "airspace_weight": 0.0, "path_nodes": 97, "path_node_ids": [8877, 8861, 8864, 8865, 8866, 8863, 7715, 7716, 9752, 9731, 9742, 9743, 9730, 9733, 9721, 9732, 9720, 9915, 7793, 7795, 7796, 7804, 7803, 7805, 7813, 7814, 7811, 7812, 9817, 9816, 9819, 9818, 7904, 7901, 9823, 9822, 9844, 9847, 9849, 9846, 1959, 1958, 1937, 1947, 1969, 1973, 1988, 2002, 2004, 2231, 2229, 2195, 2197, 2196, 2408, 2420, 2422, 2419, 2423, 2205, 2206, 2449, 2345, 2370, 2373, 2398, 2394, 2397, 2712, 2716, 2739, 2746, 2769, 2747, 2681, 2682, 2685, 3986, 2706, 4015, 4018, 4025, 4030, 4033, 4057, 5034, 5048, 5052, 5076, 5082, 5299, 5304, 5319, 5321, 5357, 5358, 5364], "elapsed_seconds": 0.029820700001437217, "status": "success", "failure_reason": "", "route_distance_km": 73.315997479373, "distance_cost_sum": 80.68899651638182, "population_cost_sum": 50.80701756737244, "traffic_cost_sum": 22.040817991423133, "airspace_cost_sum": 63.000000000000014, "total_weighted_score": 57.22972510639835}, "geometry": {"type": "LineString", "coordinates": [[-89.83272609742262, 38.54503213945896], [-89.83865215473445, 38.54068797977641], [-89.84438073740759, 38.54084267248963], [-89.8501093639971, 38.54099708543371], [-89.85583803442384, 38.541151218602124], [-89.86156674860865, 38.54130507198842], [-89.86729550647239, 38.541458645586076], [-89.87302430793594, 38.54161193938866], [-89.87875315292008, 38.541764953389716], [-89.88448204134579, 38.54191768758279], [-89.8902109731338, 38.54207014196144], [-89.895939948205, 38.54222231651928], [-89.90166896648022, 38.54237421124988], [-89.90739802788026, 38.54252582614685], [-89.91312713232598, 38.54267716120381], [-89.91885627973821, 38.54282821641439], [-89.92458547003774, 38.5429789917722], [-89.93031470314544, 38.543129487270946], [-89.93623504869535, 38.538780126685914], [-89.94196401125822, 38.538930038442274], [-89.94769301638131, 38.53907967036528], [-89.95342206398557, 38.53922902244861], [-89.95915115399177, 38.53937809468601], [-89.9648802863207, 38.53952688707118], [-89.97060946089319, 38.53967539959786], [-89.97633867763007, 38.53982363225979], [-89.98206793645213, 38.53997158505075], [-89.98779723728013, 38.54011925796448], [-89.99352658003491, 38.54026665099478], [-89.99925596463726, 38.54041376413546], [-90.00498539100796, 38.54056059738029], [-90.0107148590678, 38.5407071507231], [-90.01644436873754, 38.540853424157724], [-90.022173919938, 38.540999417678], [-90.0277181388758, 38.54564508621299], [-90.03344812898557, 38.54579054317578], [-90.03899345764175, 38.55043571741418], [-90.04453949873692, 38.55508065386086], [-90.05027032498664, 38.555225317192196], [-90.0560011923214, 38.555369700438234], [-90.06173210066189, 38.55551380359289], [-90.0674630499288, 38.55565762665008], [-90.0731940400428, 38.55580116960377], [-90.07892507092458, 38.5559444324479], [-90.08447420828541, 38.56058758841172], [-90.0900240585605, 38.56523050576299], [-90.09557462192825, 38.56987318436945], [-90.10112589856693, 38.57451562409887], [-90.10667788865496, 38.579157824818985], [-90.11223059237057, 38.583799786397456], [-90.11796404642338, 38.58394122410869], [-90.12369754066755, 38.5840823813937], [-90.12943107502363, 38.58422325824649], [-90.1351646494121, 38.58436385466116], [-90.14089826375356, 38.58450417063179], [-90.14645366632062, 38.589144603290876], [-90.15218771733517, 38.589284380730234], [-90.15792180807382, 38.58942387766302], [-90.16347871828971, 38.59406355405304], [-90.16921324535195, 38.59420251219789], [-90.17494781190939, 38.59434118977373], [-90.18050622974906, 38.59898010918833], [-90.18606536210271, 38.60361878809667], [-90.19162520914848, 38.60825722636621], [-90.19718577106451, 38.612895423864465], [-90.20274704802898, 38.61753338045887], [-90.2084836369821, 38.617670484184025], [-90.21404602582597, 38.62230794080845], [-90.21960913009349, 38.62694515617101], [-90.22517294996291, 38.63158213013913], [-90.23073748561237, 38.63621886258013], [-90.23630273722006, 38.640855353361346], [-90.24186870496423, 38.645491602350084], [-90.24760771267954, 38.645626869943555], [-90.25334675887852, 38.64576185639355], [-90.25891423625677, 38.65039734432395], [-90.26448243016516, 38.6550325900107], [-90.27005134078189, 38.65966759332096], [-90.27562096828521, 38.66430235412195], [-90.28119131285328, 38.668936872280845], [-90.28676237466442, 38.67357114766479], [-90.29233415389683, 38.67820518014085], [-90.29790665072878, 38.68283896957616], [-90.30347986533855, 38.68747251583781], [-90.3090537979044, 38.692105818792854], [-90.31462844860471, 38.69673887830826], [-90.31446001070607, 38.70123982903419], [-90.32003570136486, 38.70587266197814], [-90.32561211067481, 38.710505251176386], [-90.33118923881437, 38.715137596495865], [-90.3367670859619, 38.719769697803464], [-90.34234565229588, 38.724401554966114], [-90.34792493799469, 38.72903316785066], [-90.35350494323681, 38.73366453632395], [-90.35908566820065, 38.73829566025279], [-90.36466711306467, 38.742926539503976], [-90.37024927800739, 38.74755717394432]]}}, {"type": "Feature", "properties": {"route_run_id": "stl_midamerica_to_st_louis_lambert_2026-01-12_0094", "route_pair": "midamerica_to_st_louis_lambert", "route_pair_label": "MidAmerica to St. Louis Lambert", "origin_label": "MidAmerica St. Louis Airport", "destination_label": "St. Louis Lambert International Airport", "origin_lat": 38.5451731, "origin_lon": -89.8351856, "destination_lat": 38.7486982, "destination_lon": -90.3700257, "traffic_date": "2026-01-12", "traffic_dataset": "January 12th - Monday", "weight_id": "w_0094", "distance_weight": 0.1, "population_weight": 0.3, "traffic_weight": 0.0, "airspace_weight": 0.6, "path_nodes": 97, "path_node_ids": [8877, 8881, 8904, 8922, 8923, 8927, 9145, 10016, 10018, 10062, 10055, 10058, 10094, 10096, 10103, 10104, 10110, 10109, 10516, 10515, 10514, 10517, 10522, 10299, 10300, 10301, 10309, 10308, 10310, 10343, 10345, 10344, 10342, 10355, 10210, 10208, 10209, 10326, 10328, 10322, 10191, 2276, 2518, 2277, 2509, 2287, 2508, 2286, 2298, 2300, 2301, 2307, 2495, 2820, 2823, 2827, 2849, 2848, 2850, 2837, 2861, 2866, 2889, 3896, 3898, 3901, 3927, 3946, 3949, 3953, 3966, 3944, 3977, 3976, 3941, 4043, 4042, 4041, 4040, 4051, 4054, 4186, 4080, 4205, 4207, 4212, 5309, 5313, 5335, 5337, 5320, 5322, 5323, 5346, 5357, 5358, 5364], "elapsed_seconds": 0.056753800017759204, "status": "success", "failure_reason": "", "route_distance_km": 74.42461752704692, "distance_cost_sum": 81.90910457247038, "population_cost_sum": 21.027756995193187, "traffic_cost_sum": 52.959116246139885, "airspace_cost_sum": 47.00000000000003, "total_weighted_score": 42.69923755580501}, "geometry": {"type": "LineString", "coordinates": [[-89.83272609742262, 38.54503213945896], [-89.83252853470323, 38.54953126729425], [-89.83806053424684, 38.55418543772932], [-89.84359324582596, 38.558839373542895], [-89.84912666962028, 38.563493074603095], [-89.85466080580946, 38.568146540778045], [-89.86019565457306, 38.572799771935806], [-89.86573121609086, 38.57745276794444], [-89.87126749054252, 38.58210552867199], [-89.8768044781077, 38.58675805398646], [-89.88234217896623, 38.591410343755804], [-89.8878805932977, 38.59606239784802], [-89.89341972128202, 38.600714216131045], [-89.89895956309883, 38.60536579847276], [-89.90450011892796, 38.61001714474108], [-89.91004138894921, 38.614668254803874], [-89.9155833733424, 38.61931912852895], [-89.92131862594731, 38.619470314708934], [-89.9268617252078, 38.624120695492145], [-89.93259742104341, 38.62427134452904], [-89.93833315971467, 38.6244217128885], [-89.94406894114202, 38.62457180056415], [-89.94980476524591, 38.62472160754967], [-89.95554063194687, 38.62487113383877], [-89.96127654116528, 38.62502037942509], [-89.96701249282155, 38.625169344302385], [-89.97274848683627, 38.62531802846435], [-89.97848452312972, 38.62546643190471], [-89.98422060162243, 38.625614554617215], [-89.98995672223481, 38.62576239659562], [-89.9956928848873, 38.625909957833684], [-90.00142908950032, 38.62605723832518], [-90.00716533599429, 38.6262042380639], [-90.01290162428964, 38.62635095704363], [-90.01882443193752, 38.62199753976251], [-90.0245604460918, 38.62214367381969], [-90.03029650179865, 38.62228952714421], [-90.03603259897847, 38.622435099729884], [-90.04176873755169, 38.622580391570615], [-90.04768956620967, 38.61822542646607], [-90.05360968000618, 38.61387013007287], [-90.0593452273907, 38.61401453341643], [-90.0650808158304, 38.61415865608025], [-90.07081644524574, 38.61430249805824], [-90.07655211555712, 38.614446059344324], [-90.08228782668499, 38.614589339932465], [-90.08802357854981, 38.61473233981663], [-90.09375937107193, 38.61487505899075], [-90.09949520417183, 38.615017497448825], [-90.10505004462816, 38.61965986513943], [-90.11078631613944, 38.61980176485522], [-90.11634226958749, 38.624443634935055], [-90.12189893829279, 38.62908526529191], [-90.12745632243416, 38.63372665579325], [-90.13301442219031, 38.63836780630655], [-90.13857323774008, 38.64300871669927], [-90.14431153910874, 38.643149043887504], [-90.15004988039681, 38.64328909003685], [-90.15578826152439, 38.64342885514139], [-90.16152668241186, 38.64356833919522], [-90.16708780535298, 38.6482079745162], [-90.17264964452228, 38.6528473690797], [-90.17821220009857, 38.65748652275311], [-90.18377547226044, 38.66212543540375], [-90.18933946118675, 38.666764106898924], [-90.19490416705614, 38.67140253710589], [-90.20046959004746, 38.676040725891895], [-90.20603573033937, 38.68067867312418], [-90.21160258811075, 38.68531637866994], [-90.2171701635404, 38.68995384239636], [-90.2229126017605, 38.690090452895454], [-90.22865507887754, 38.69022678182468], [-90.23439759481155, 38.69036282917826], [-90.24014014948251, 38.69049859495047], [-90.24605541323987, 38.68613337677085], [-90.2517976862147, 38.68626855773688], [-90.25753999767723, 38.686403457149304], [-90.26328234754749, 38.686538075002424], [-90.26902473574555, 38.686672411290566], [-90.27459628650614, 38.69130727605424], [-90.2801685552908, 38.695941897935995], [-90.28574154227802, 38.70057627680287], [-90.29131524764634, 38.705210412521886], [-90.29688967157429, 38.70984430496006], [-90.30246481424038, 38.714477953984364], [-90.30804067582325, 38.71911135946174], [-90.31361725650144, 38.72374452125915], [-90.3191945564535, 38.72837743924346], [-90.3247725758581, 38.73301011328159], [-90.330518974577, 38.7331415620659], [-90.33626541075455, 38.733272728767844], [-90.3420118843105, 38.73340361338185], [-90.34775839516463, 38.73353421590239], [-90.35333872308522, 38.73816560113835], [-90.35908566820065, 38.73829566025279], [-90.36466711306467, 38.742926539503976], [-90.37024927800739, 38.74755717394432]]}}, {"type": "Feature", "properties": {"route_run_id": "stl_midamerica_to_st_louis_lambert_2026-01-12_0180", "route_pair": "midamerica_to_st_louis_lambert", "route_pair_label": "MidAmerica to St. Louis Lambert", "origin_label": "MidAmerica St. Louis Airport", "destination_label": "St. Louis Lambert International Airport", "origin_lat": 38.5451731, "origin_lon": -89.8351856, "destination_lat": 38.7486982, "destination_lon": -90.3700257, "traffic_date": "2026-01-12", "traffic_dataset": "January 12th - Monday", "weight_id": "w_0180", "distance_weight": 0.3, "population_weight": 0.1, "traffic_weight": 0.4, "airspace_weight": 0.2, "path_nodes": 96, "path_node_ids": [8877, 8879, 8896, 8900, 8924, 8930, 10012, 10015, 10019, 10053, 10057, 10054, 10061, 10051, 10049, 10048, 10050, 10254, 10256, 10255, 10261, 10280, 10281, 10292, 10293, 10304, 10305, 10306, 10319, 10321, 10320, 10318, 10355, 10358, 10356, 10357, 10336, 10335, 10337, 10330, 2551, 2550, 2552, 2549, 2544, 2578, 2582, 2590, 2595, 10723, 10724, 2903, 2906, 4109, 4112, 4145, 4150, 4152, 4158, 4183, 4405, 4184, 4407, 4338, 4340, 4343, 4357, 4356, 4334, 4332, 4324, 4323, 4318, 4320, 4219, 4221, 4220, 4223, 4255, 4233, 4234, 4242, 4265, 4244, 4243, 5336, 5338, 5341, 5339, 5320, 5322, 5323, 5346, 5357, 5358, 5364], "elapsed_seconds": 0.052365000010468066, "status": "success", "failure_reason": "", "route_distance_km": 74.06439446966827, "distance_cost_sum": 81.51265580247144, "population_cost_sum": 28.651083532559525, "traffic_cost_sum": 26.659107872995303, "airspace_cost_sum": 50.4, "total_weighted_score": 48.062548243195515}, "geometry": {"type": "LineString", "coordinates": [[-89.83272609742262, 38.54503213945896], [-89.83825778508921, 38.54968628939868], [-89.84379018463301, 38.55434020475587], [-89.84932329623358, 38.558993885398685], [-89.85485712007056, 38.56364733119524], [-89.86039165632353, 38.56830054201366], [-89.86592690517212, 38.57295351772198], [-89.871462866796, 38.577606258188254], [-89.87699954137483, 38.582258763280514], [-89.88253692908823, 38.586911032866766], [-89.88807503011597, 38.59156306681497], [-89.89380792466403, 38.591715509561276], [-89.89934713930707, 38.59636705177409], [-89.90508047722643, 38.59651895818466], [-89.91081385831642, 38.59667058421835], [-89.91654728249756, 38.596821929868824], [-89.92228074969049, 38.59697299512966], [-89.92782227790734, 38.601623276602716], [-89.93355618782985, 38.60177380515354], [-89.93929014053626, 38.6019240532509], [-89.94483318227732, 38.606573585359854], [-89.9503769381968, 38.61122288065171], [-89.9559214084743, 38.61587193899423], [-89.9616566029858, 38.61602113682532], [-89.96739183991471, 38.61617005403699], [-89.97312711918148, 38.61631869062297], [-89.97867350301271, 38.62096674136646], [-89.98440922407127, 38.621114840379136], [-89.99014498723932, 38.62126265870254], [-89.99588079243732, 38.621410196330416], [-90.00161663958568, 38.62155745325657], [-90.00735252860491, 38.621704429474754], [-90.01290162428964, 38.62635095704363], [-90.01845143503385, 38.63099724652267], [-90.02418816427785, 38.631143427354814], [-90.02992493509446, 38.631289327364605], [-90.03566174740413, 38.6314349465459], [-90.04139860112724, 38.63158028489256], [-90.04713549618415, 38.63172534239843], [-90.0530568061099, 38.627370128132036], [-90.05860940998092, 38.63201461486337], [-90.06434642856152, 38.63215882981023], [-90.07008348815737, 38.6323027638919], [-90.07582058868887, 38.63244641710234], [-90.08137510400799, 38.63708989131143], [-90.08693033494461, 38.641733126236325], [-90.09248628167781, 38.64637612174451], [-90.09804294438668, 38.65101887770345], [-90.10360032325033, 38.65566139398061], [-90.1091584184479, 38.66030367044341], [-90.11471723015849, 38.664945706959266], [-90.12027675856129, 38.66958750339557], [-90.12583700383547, 38.67422905961967], [-90.13139796616022, 38.67887037549889], [-90.13695964571467, 38.683511450900546], [-90.14252204267808, 38.68815228569193], [-90.14808515722972, 38.692792879740324], [-90.15364898954873, 38.69743323291292], [-90.15921353981443, 38.70207334507697], [-90.16477880820605, 38.70671321609967], [-90.1703447949029, 38.71135284584817], [-90.1760887143045, 38.71149181979163], [-90.18183267329057, 38.71163051198691], [-90.18740017616385, 38.71626938114536], [-90.19296839773925, 38.72090800857769], [-90.19853733819606, 38.72554639415102], [-90.20428253296463, 38.72568402530979], [-90.21002776694598, 38.72582137455621], [-90.21594781707967, 38.72145788143606], [-90.22169276972275, 38.72159464496781], [-90.22743776132886, 38.72173112661485], [-90.23318279181784, 38.7218673263714], [-90.23910116125579, 38.71750259243367], [-90.24484590978916, 38.71763820670208], [-90.2505906969557, 38.71777353910775], [-90.2563355226753, 38.71790858964497], [-90.2620803868679, 38.71804335830804], [-90.26765378680629, 38.72267860488892], [-90.27322790587108, 38.727313608400934], [-90.27897360415623, 38.72744757424986], [-90.2847193406125, 38.72758125811188], [-90.29046511515969, 38.72771465998137], [-90.29604114694997, 38.73234863831933], [-90.30178735717278, 38.73248149743191], [-90.30753360525517, 38.73261407449003], [-90.31327989111702, 38.732746369488076], [-90.31902621467803, 38.73287838242046], [-90.32460455631471, 38.7375110734335], [-90.33035131489382, 38.737642543240376], [-90.33626541075455, 38.733272728767844], [-90.3420118843105, 38.73340361338185], [-90.34775839516463, 38.73353421590239], [-90.35333872308522, 38.73816560113835], [-90.35908566820065, 38.73829566025279], [-90.36466711306467, 38.742926539503976], [-90.37024927800739, 38.74755717394432]]}}, {"type": "Feature", "properties": {"route_run_id": "stl_midamerica_to_st_louis_lambert_2026-01-12_0242", "route_pair": "midamerica_to_st_louis_lambert", "route_pair_label": "MidAmerica to St. Louis Lambert", "origin_label": "MidAmerica St. Louis Airport", "destination_label": "St. Louis Lambert International Airport", "origin_lat": 38.5451731, "origin_lon": -89.8351856, "destination_lat": 38.7486982, "destination_lon": -90.3700257, "traffic_date": "2026-01-12", "traffic_dataset": "January 12th - Monday", "weight_id": "w_0242", "distance_weight": 0.5, "population_weight": 0.1, "traffic_weight": 0.4, "airspace_weight": 0.0, "path_nodes": 96, "path_node_ids": [8877, 8876, 8868, 8869, 8870, 8867, 9753, 9754, 9755, 9744, 9746, 9747, 9745, 9737, 9736, 9734, 9735, 9919, 9916, 9918, 9917, 9935, 9934, 9936, 9930, 9931, 9928, 9929, 9839, 9841, 9875, 9872, 9855, 9853, 9858, 9860, 9868, 9869, 9870, 9871, 2208, 1967, 1966, 1976, 1991, 1995, 1996, 2005, 2004, 2231, 2229, 2195, 2197, 2196, 2408, 2420, 2422, 2419, 2423, 2205, 2206, 2449, 2345, 2370, 2373, 2398, 2394, 2397, 2712, 2716, 2739, 2746, 2769, 2773, 3985, 3988, 3992, 3994, 4019, 4020, 4023, 4055, 4059, 4063, 4064, 5048, 5052, 5076, 5082, 5299, 5304, 5319, 5321, 5357, 5358, 5364], "elapsed_seconds": 0.04047999999602325, "status": "success", "failure_reason": "", "route_distance_km": 71.88092581030025, "distance_cost_sum": 79.10960733956342, "population_cost_sum": 40.8947118406023, "traffic_cost_sum": 25.216624293588424, "airspace_cost_sum": 62.4, "total_weighted_score": 53.73092457127731}, "geometry": {"type": "LineString", "coordinates": [[-89.83272609742262, 38.54503213945896], [-89.83845499191484, 38.54518713674757], [-89.84418393041321, 38.54534185422887], [-89.8499129128385, 38.54549629189633], [-89.85564193911159, 38.545650449743434], [-89.86137100915332, 38.54580432776372], [-89.86710012288452, 38.545957925950695], [-89.87282928022606, 38.546111244297876], [-89.8785584810987, 38.54626428279884], [-89.88428772542336, 38.54641704144712], [-89.8900170131208, 38.5465695202363], [-89.89574634411186, 38.54672171915994], [-89.90147571831739, 38.546873638211636], [-89.90720513565815, 38.54702527738502], [-89.91293459605497, 38.54717663667367], [-89.91866409942871, 38.54732771607122], [-89.92439364570006, 38.54747851557132], [-89.9301232347899, 38.54762903516762], [-89.93585286661902, 38.54777927485379], [-89.94158254110822, 38.54792923462347], [-89.94731225817821, 38.548078914470366], [-89.95304201774988, 38.54822831438818], [-89.95877181974393, 38.548377434370614], [-89.96450166408115, 38.54852627441138], [-89.97004253230493, 38.553174545580205], [-89.97577281723424, 38.553322849461594], [-89.9815031442792, 38.55347087333782], [-89.98723351336055, 38.553618617202645], [-89.99296392439905, 38.55376608104985], [-89.99869437731542, 38.55391326487322], [-90.00423794894596, 38.558560017293445], [-90.00996884166362, 38.55870666452776], [-90.0156997760314, 38.558853031674964], [-90.02143075196999, 38.55899911872885], [-90.02697623009712, 38.56364486372711], [-90.03252242109909, 38.56829037100109], [-90.03825423417913, 38.56843566425367], [-90.04398608853269, 38.568580677298876], [-90.0497179840804, 38.5687254101306], [-90.05544992074293, 38.56886986274273], [-90.06118189844089, 38.56901403512918], [-90.06691391709492, 38.56915792728389], [-90.07264597662567, 38.5693015392008], [-90.07837807695377, 38.569444870873845], [-90.08392816190404, 38.57408808294632], [-90.08947896024489, 38.57873105628777], [-90.09521189590866, 38.57887359282438], [-90.10094487207182, 38.57901584900345], [-90.10667788865496, 38.579157824818985], [-90.11223059237057, 38.583799786397456], [-90.11796404642338, 38.58394122410869], [-90.12369754066755, 38.5840823813937], [-90.12943107502363, 38.58422325824649], [-90.1351646494121, 38.58436385466116], [-90.14089826375356, 38.58450417063179], [-90.14645366632062, 38.589144603290876], [-90.15218771733517, 38.589284380730234], [-90.15792180807382, 38.58942387766302], [-90.16347871828971, 38.59406355405304], [-90.16921324535195, 38.59420251219789], [-90.17494781190939, 38.59434118977373], [-90.18050622974906, 38.59898010918833], [-90.18606536210271, 38.60361878809667], [-90.19162520914848, 38.60825722636621], [-90.19718577106451, 38.612895423864465], [-90.20274704802898, 38.61753338045887], [-90.2084836369821, 38.617670484184025], [-90.21404602582597, 38.62230794080845], [-90.21960913009349, 38.62694515617101], [-90.22517294996291, 38.63158213013913], [-90.23073748561237, 38.63621886258013], [-90.23630273722006, 38.640855353361346], [-90.24186870496423, 38.645491602350084], [-90.24743538902311, 38.65012760941361], [-90.25300278957496, 38.654763374419176], [-90.25857090679797, 38.65939889723403], [-90.26413974087053, 38.66403417772537], [-90.26970929197084, 38.66866921576039], [-90.27527956027723, 38.67330401120623], [-90.28085054596801, 38.677938563930056], [-90.28642224922152, 38.68257287379895], [-90.29199467021606, 38.68720694068001], [-90.29756780913004, 38.69184076444029], [-90.3031416661418, 38.696474344946864], [-90.30888503852013, 38.69660675247757], [-90.31446001070607, 38.70123982903419], [-90.32003570136486, 38.70587266197814], [-90.32561211067481, 38.710505251176386], [-90.33118923881437, 38.715137596495865], [-90.3367670859619, 38.719769697803464], [-90.34234565229588, 38.724401554966114], [-90.34792493799469, 38.72903316785066], [-90.35350494323681, 38.73366453632395], [-90.35908566820065, 38.73829566025279], [-90.36466711306467, 38.742926539503976], [-90.37024927800739, 38.74755717394432]]}}, {"type": "Feature", "properties": {"route_run_id": "stl_midamerica_to_st_louis_lambert_2026-01-12_0276", "route_pair": "midamerica_to_st_louis_lambert", "route_pair_label": "MidAmerica to St. Louis Lambert", "origin_label": "MidAmerica St. Louis Airport", "destination_label": "St. Louis Lambert International Airport", "origin_lat": 38.5451731, "origin_lon": -89.8351856, "destination_lat": 38.7486982, "destination_lon": -90.3700257, "traffic_date": "2026-01-12", "traffic_dataset": "January 12th - Monday", "weight_id": "w_0276", "distance_weight": 0.7, "population_weight": 0.2, "traffic_weight": 0.1, "airspace_weight": 0.0, "path_nodes": 97, "path_node_ids": [8877, 8879, 8896, 8900, 8924, 8930, 10012, 10015, 10018, 10062, 10055, 10058, 10094, 10096, 10103, 10104, 10110, 10109, 10516, 10515, 10514, 10517, 10522, 10299, 10524, 10529, 10538, 10539, 10537, 10367, 10364, 10365, 10370, 10381, 10380, 10379, 10378, 10391, 10402, 10404, 10408, 2604, 2605, 2606, 2603, 10716, 10717, 10718, 10729, 10730, 10744, 10746, 4111, 4137, 4138, 4139, 4148, 4150, 4149, 4153, 4175, 4133, 4132, 4134, 3964, 4286, 4285, 3974, 3973, 3972, 3971, 3982, 4295, 4299, 4301, 4202, 4215, 4220, 4223, 4255, 4233, 4234, 4242, 4265, 4244, 4243, 5336, 5338, 5341, 5339, 5345, 5324, 5347, 5346, 5357, 5358, 5364], "elapsed_seconds": 0.023439799988409504, "status": "success", "failure_reason": "", "route_distance_km": 72.30912723432323, "distance_cost_sum": 79.58087069816422, "population_cost_sum": 19.762251507597586, "traffic_cost_sum": 34.53833806051532, "airspace_cost_sum": 51.2, "total_weighted_score": 63.11289359628601}, "geometry": {"type": "LineString", "coordinates": [[-89.83272609742262, 38.54503213945896], [-89.83825778508921, 38.54968628939868], [-89.84379018463301, 38.55434020475587], [-89.84932329623358, 38.558993885398685], [-89.85485712007056, 38.56364733119524], [-89.86039165632353, 38.56830054201366], [-89.86592690517212, 38.57295351772198], [-89.871462866796, 38.577606258188254], [-89.87126749054252, 38.58210552867199], [-89.8768044781077, 38.58675805398646], [-89.88234217896623, 38.591410343755804], [-89.8878805932977, 38.59606239784802], [-89.89341972128202, 38.600714216131045], [-89.89895956309883, 38.60536579847276], [-89.90450011892796, 38.61001714474108], [-89.91004138894921, 38.614668254803874], [-89.9155833733424, 38.61931912852895], [-89.92131862594731, 38.619470314708934], [-89.9268617252078, 38.624120695492145], [-89.93259742104341, 38.62427134452904], [-89.93833315971467, 38.6244217128885], [-89.94406894114202, 38.62457180056415], [-89.94980476524591, 38.62472160754967], [-89.95554063194687, 38.62487113383877], [-89.96108644660326, 38.62951999433463], [-89.966632976295, 38.63416861753812], [-89.97218022120177, 38.63881700331695], [-89.97791733024451, 38.63896547800877], [-89.98365448151714, 38.63911367183824], [-89.98939167493998, 38.639261584799115], [-89.9951289104335, 38.63940921688515], [-90.00086618791799, 38.639556568090114], [-90.00641614743708, 38.64420343004679], [-90.01215386646798, 38.64435024295822], [-90.0178916272611, 38.64449677492512], [-90.02362942973669, 38.64464302594129], [-90.02936727381517, 38.644788996000585], [-90.0349195472141, 38.64943458949962], [-90.0406578321926, 38.64958002089252], [-90.04621122092473, 38.6542251179363], [-90.05176532579277, 38.658869976095644], [-90.05750445081951, 38.65901461068064], [-90.06324361700084, 38.65915896413734], [-90.06898282425709, 38.65930303645963], [-90.07472207250845, 38.65944682764147], [-90.08027849074135, 38.66409041434458], [-90.08601817899587, 38.66423366614264], [-90.09175790801612, 38.66437663673715], [-90.0973158409683, 38.669019467207306], [-90.10305600964216, 38.66916189816016], [-90.10861505837465, 38.67380423026503], [-90.11417482409904, 38.67844632230407], [-90.11973530699464, 38.68308817414464], [-90.12529650724075, 38.68772978565403], [-90.1308584250167, 38.69237115669953], [-90.13660062900858, 38.69251201257543], [-90.14234287310624, 38.69265258692433], [-90.14808515722972, 38.692792879740324], [-90.15382748129907, 38.69293289101744], [-90.15939171242222, 38.69757298499622], [-90.1651344750913, 38.69771245548389], [-90.17087727747607, 38.69785164437002], [-90.17662011949652, 38.69799055164876], [-90.18236300107269, 38.69812917731423], [-90.18810592212462, 38.698267521360556], [-90.19384888257228, 38.69840558378194], [-90.1995918823357, 38.69854336457249], [-90.20533492133491, 38.69868086372641], [-90.2110779994899, 38.698818081237896], [-90.21682111672072, 38.69895501710115], [-90.22256427294727, 38.69909167131035], [-90.22830746808964, 38.699228043859776], [-90.23405070206775, 38.699364134743625], [-90.23962082945226, 38.70400061226774], [-90.24519167522915, 38.70863684734796], [-90.25093574365499, 38.70877213647181], [-90.25650770587707, 38.713407868791336], [-90.2620803868679, 38.71804335830804], [-90.26765378680629, 38.72267860488892], [-90.27322790587108, 38.727313608400934], [-90.27897360415623, 38.72744757424986], [-90.2847193406125, 38.72758125811188], [-90.29046511515969, 38.72771465998137], [-90.29604114694997, 38.73234863831933], [-90.30178735717278, 38.73248149743191], [-90.30753360525517, 38.73261407449003], [-90.31327989111702, 38.732746369488076], [-90.31902621467803, 38.73287838242046], [-90.32460455631471, 38.7375110734335], [-90.33035131489382, 38.737642543240376], [-90.33609811094065, 38.737773730919855], [-90.341844944375, 38.73790463646636], [-90.34759181511657, 38.738035259874366], [-90.35333872308522, 38.73816560113835], [-90.35908566820065, 38.73829566025279], [-90.36466711306467, 38.742926539503976], [-90.37024927800739, 38.74755717394432]]}}, {"type": "Feature", "properties": {"route_run_id": "stl_midamerica_to_st_louis_lambert_2026-01-12_0191", "route_pair": "midamerica_to_st_louis_lambert", "route_pair_label": "MidAmerica to St. Louis Lambert", "origin_label": "MidAmerica St. Louis Airport", "destination_label": "St. Louis Lambert International Airport", "origin_lat": 38.5451731, "origin_lon": -89.8351856, "destination_lat": 38.7486982, "destination_lon": -90.3700257, "traffic_date": "2026-01-12", "traffic_dataset": "January 12th - Monday", "weight_id": "w_0191", "distance_weight": 0.3, "population_weight": 0.3, "traffic_weight": 0.2, "airspace_weight": 0.2, "path_nodes": 97, "path_node_ids": [8877, 8879, 8896, 8900, 8924, 8930, 10012, 10015, 10018, 10062, 10055, 10058, 10094, 10096, 10103, 10104, 10110, 10109, 10516, 10515, 10514, 10513, 10298, 10295, 10296, 10297, 10309, 10532, 10533, 10349, 10347, 10348, 10346, 10359, 10358, 10356, 10357, 10336, 10335, 10337, 10330, 2548, 2527, 2525, 2526, 2538, 2540, 2539, 2530, 2534, 2559, 2561, 2840, 2842, 2843, 2845, 2878, 2879, 2884, 2883, 2893, 4095, 4096, 3932, 3933, 3958, 3962, 3974, 3973, 3972, 3971, 3982, 4295, 4299, 4301, 4202, 4215, 4220, 4223, 4255, 4233, 4234, 4242, 4265, 4244, 4243, 5336, 5338, 5341, 5339, 5345, 5324, 5347, 5346, 5357, 5358, 5364], "elapsed_seconds": 0.050981299980776384, "status": "success", "failure_reason": "", "route_distance_km": 73.36585622684159, "distance_cost_sum": 80.74386929229865, "population_cost_sum": 22.581349513335546, "traffic_cost_sum": 30.128678995424544, "airspace_cost_sum": 49.4, "total_weighted_score": 46.90330144077518}, "geometry": {"type": "LineString", "coordinates": [[-89.83272609742262, 38.54503213945896], [-89.83825778508921, 38.54968628939868], [-89.84379018463301, 38.55434020475587], [-89.84932329623358, 38.558993885398685], [-89.85485712007056, 38.56364733119524], [-89.86039165632353, 38.56830054201366], [-89.86592690517212, 38.57295351772198], [-89.871462866796, 38.577606258188254], [-89.87126749054252, 38.58210552867199], [-89.8768044781077, 38.58675805398646], [-89.88234217896623, 38.591410343755804], [-89.8878805932977, 38.59606239784802], [-89.89341972128202, 38.600714216131045], [-89.89895956309883, 38.60536579847276], [-89.90450011892796, 38.61001714474108], [-89.91004138894921, 38.614668254803874], [-89.9155833733424, 38.61931912852895], [-89.92131862594731, 38.619470314708934], [-89.9268617252078, 38.624120695492145], [-89.93259742104341, 38.62427134452904], [-89.93833315971467, 38.6244217128885], [-89.9442600654149, 38.62007225316597], [-89.94999553214618, 38.62022203618278], [-89.95573104146416, 38.620371538547964], [-89.96146659328937, 38.6205207602552], [-89.96720218754218, 38.620669701298226], [-89.97274848683627, 38.62531802846435], [-89.9782955010475, 38.62996611819141], [-89.98403193705393, 38.63011426460664], [-89.9897684151902, 38.630262130242976], [-89.99550493537676, 38.630409715094125], [-90.001241497534, 38.63055701915386], [-90.00697810158232, 38.630704042416006], [-90.01271474744215, 38.63085078487433], [-90.01845143503385, 38.63099724652267], [-90.02418816427785, 38.631143427354814], [-90.02992493509446, 38.631289327364605], [-90.03566174740413, 38.6314349465459], [-90.04139860112724, 38.63158028489256], [-90.04713549618415, 38.63172534239843], [-90.0530568061099, 38.627370128132036], [-90.0587934259509, 38.627514600818145], [-90.06453008687686, 38.627658792689985], [-90.07026678880817, 38.62780270374147], [-90.07600353166524, 38.62794633396657], [-90.08174031536842, 38.6280896833592], [-90.08747713983809, 38.62823275191331], [-90.09321400499459, 38.62837553962287], [-90.09895091075838, 38.62851804648185], [-90.10450670259345, 38.633160469873815], [-90.11006320996535, 38.6378026536494], [-90.11562043305292, 38.64244459767609], [-90.12135857394713, 38.64258604896054], [-90.12691691116937, 38.64722749468063], [-90.13265549047176, 38.64736840647394], [-90.13821494197643, 38.652009353518125], [-90.14395395948668, 38.652149725619736], [-90.14951452542148, 38.65679017361872], [-90.15507580784583, 38.66143038105964], [-90.16081566145125, 38.66156995441258], [-90.16637805865126, 38.66620966221335], [-90.17194117271791, 38.67084912909773], [-90.17750500383, 38.67548835493302], [-90.18306955216653, 38.68012733958649], [-90.18863481790633, 38.68476608292537], [-90.19420080122836, 38.68940458481685], [-90.19976750231159, 38.694042845128145], [-90.20533492133491, 38.69868086372641], [-90.2110779994899, 38.698818081237896], [-90.21682111672072, 38.69895501710115], [-90.22256427294727, 38.69909167131035], [-90.22830746808964, 38.699228043859776], [-90.23405070206775, 38.699364134743625], [-90.23962082945226, 38.70400061226774], [-90.24519167522915, 38.70863684734796], [-90.25093574365499, 38.70877213647181], [-90.25650770587707, 38.713407868791336], [-90.2620803868679, 38.71804335830804], [-90.26765378680629, 38.72267860488892], [-90.27322790587108, 38.727313608400934], [-90.27897360415623, 38.72744757424986], [-90.2847193406125, 38.72758125811188], [-90.29046511515969, 38.72771465998137], [-90.29604114694997, 38.73234863831933], [-90.30178735717278, 38.73248149743191], [-90.30753360525517, 38.73261407449003], [-90.31327989111702, 38.732746369488076], [-90.31902621467803, 38.73287838242046], [-90.32460455631471, 38.7375110734335], [-90.33035131489382, 38.737642543240376], [-90.33609811094065, 38.737773730919855], [-90.341844944375, 38.73790463646636], [-90.34759181511657, 38.738035259874366], [-90.35333872308522, 38.73816560113835], [-90.35908566820065, 38.73829566025279], [-90.36466711306467, 38.742926539503976], [-90.37024927800739, 38.74755717394432]]}}, {"type": "Feature", "properties": {"route_run_id": "stl_midamerica_to_st_louis_lambert_2026-01-12_0223", "route_pair": "midamerica_to_st_louis_lambert", "route_pair_label": "MidAmerica to St. Louis Lambert", "origin_label": "MidAmerica St. Louis Airport", "destination_label": "St. Louis Lambert International Airport", "origin_lat": 38.5451731, "origin_lon": -89.8351856, "destination_lat": 38.7486982, "destination_lon": -90.3700257, "traffic_date": "2026-01-12", "traffic_dataset": "January 12th - Monday", "weight_id": "w_0223", "distance_weight": 0.4, "population_weight": 0.3, "traffic_weight": 0.1, "airspace_weight": 0.2, "path_nodes": 97, "path_node_ids": [8877, 8881, 8904, 8922, 8923, 8927, 9145, 10016, 10018, 10062, 10055, 10058, 10094, 10096, 10103, 10104, 10110, 10109, 10516, 10515, 10514, 10517, 10522, 10299, 10524, 10529, 10538, 10539, 10537, 10367, 10364, 10365, 10370, 10381, 10380, 10379, 10378, 10391, 10402, 10404, 10408, 2604, 2605, 2606, 2603, 10716, 10717, 10718, 10729, 10730, 10744, 10745, 2907, 4107, 4109, 4112, 4145, 4150, 4149, 4153, 4175, 4133, 4132, 4134, 3964, 4286, 4285, 3974, 3973, 3972, 3971, 3982, 4295, 3983, 4297, 4198, 4199, 4201, 4216, 4229, 4232, 4230, 4242, 4265, 4244, 4243, 5336, 5338, 5341, 5339, 5345, 5324, 5347, 5346, 5357, 5358, 5364], "elapsed_seconds": 0.049674600013531744, "status": "success", "failure_reason": "", "route_distance_km": 72.30828212957256, "distance_cost_sum": 79.5799406057338, "population_cost_sum": 18.69733715578537, "traffic_cost_sum": 37.40028504900544, "airspace_cost_sum": 51.2, "total_weighted_score": 51.42120589392969}, "geometry": {"type": "LineString", "coordinates": [[-89.83272609742262, 38.54503213945896], [-89.83252853470323, 38.54953126729425], [-89.83806053424684, 38.55418543772932], [-89.84359324582596, 38.558839373542895], [-89.84912666962028, 38.563493074603095], [-89.85466080580946, 38.568146540778045], [-89.86019565457306, 38.572799771935806], [-89.86573121609086, 38.57745276794444], [-89.87126749054252, 38.58210552867199], [-89.8768044781077, 38.58675805398646], [-89.88234217896623, 38.591410343755804], [-89.8878805932977, 38.59606239784802], [-89.89341972128202, 38.600714216131045], [-89.89895956309883, 38.60536579847276], [-89.90450011892796, 38.61001714474108], [-89.91004138894921, 38.614668254803874], [-89.9155833733424, 38.61931912852895], [-89.92131862594731, 38.619470314708934], [-89.9268617252078, 38.624120695492145], [-89.93259742104341, 38.62427134452904], [-89.93833315971467, 38.6244217128885], [-89.94406894114202, 38.62457180056415], [-89.94980476524591, 38.62472160754967], [-89.95554063194687, 38.62487113383877], [-89.96108644660326, 38.62951999433463], [-89.966632976295, 38.63416861753812], [-89.97218022120177, 38.63881700331695], [-89.97791733024451, 38.63896547800877], [-89.98365448151714, 38.63911367183824], [-89.98939167493998, 38.639261584799115], [-89.9951289104335, 38.63940921688515], [-90.00086618791799, 38.639556568090114], [-90.00641614743708, 38.64420343004679], [-90.01215386646798, 38.64435024295822], [-90.0178916272611, 38.64449677492512], [-90.02362942973669, 38.64464302594129], [-90.02936727381517, 38.644788996000585], [-90.0349195472141, 38.64943458949962], [-90.0406578321926, 38.64958002089252], [-90.04621122092473, 38.6542251179363], [-90.05176532579277, 38.658869976095644], [-90.05750445081951, 38.65901461068064], [-90.06324361700084, 38.65915896413734], [-90.06898282425709, 38.65930303645963], [-90.07472207250845, 38.65944682764147], [-90.08027849074135, 38.66409041434458], [-90.08601817899587, 38.66423366614264], [-90.09175790801612, 38.66437663673715], [-90.0973158409683, 38.669019467207306], [-90.10305600964216, 38.66916189816016], [-90.10861505837465, 38.67380423026503], [-90.1143556665019, 38.67394612137533], [-90.12009631501547, 38.67408773116219], [-90.1256568785435, 38.67872930581226], [-90.13139796616022, 38.67887037549889], [-90.13695964571467, 38.683511450900546], [-90.14252204267808, 38.68815228569193], [-90.14808515722972, 38.692792879740324], [-90.15382748129907, 38.69293289101744], [-90.15939171242222, 38.69757298499622], [-90.1651344750913, 38.69771245548389], [-90.17087727747607, 38.69785164437002], [-90.17662011949652, 38.69799055164876], [-90.18236300107269, 38.69812917731423], [-90.18810592212462, 38.698267521360556], [-90.19384888257228, 38.69840558378194], [-90.1995918823357, 38.69854336457249], [-90.20533492133491, 38.69868086372641], [-90.2110779994899, 38.698818081237896], [-90.21682111672072, 38.69895501710115], [-90.22256427294727, 38.69909167131035], [-90.22830746808964, 38.699228043859776], [-90.23405070206775, 38.699364134743625], [-90.23979397480163, 38.69949994395616], [-90.24536450002277, 38.704136161482424], [-90.25110820919835, 38.70427142896936], [-90.25685195689897, 38.704406414722804], [-90.2624239960298, 38.709041869378396], [-90.26799675378774, 38.71367708117809], [-90.27357023035168, 38.71831204998893], [-90.27914442590036, 38.722946775677876], [-90.28488980273018, 38.72308043816236], [-90.29046511515969, 38.72771465998137], [-90.29604114694997, 38.73234863831933], [-90.30178735717278, 38.73248149743191], [-90.30753360525517, 38.73261407449003], [-90.31327989111702, 38.732746369488076], [-90.31902621467803, 38.73287838242046], [-90.32460455631471, 38.7375110734335], [-90.33035131489382, 38.737642543240376], [-90.33609811094065, 38.737773730919855], [-90.341844944375, 38.73790463646636], [-90.34759181511657, 38.738035259874366], [-90.35333872308522, 38.73816560113835], [-90.35908566820065, 38.73829566025279], [-90.36466711306467, 38.742926539503976], [-90.37024927800739, 38.74755717394432]]}}, {"type": "Feature", "properties": {"route_run_id": "stl_midamerica_to_st_louis_lambert_2026-01-12_0194", "route_pair": "midamerica_to_st_louis_lambert", "route_pair_label": "MidAmerica to St. Louis Lambert", "origin_label": "MidAmerica St. Louis Airport", "destination_label": "St. Louis Lambert International Airport", "origin_lat": 38.5451731, "origin_lon": -89.8351856, "destination_lat": 38.7486982, "destination_lon": -90.3700257, "traffic_date": "2026-01-12", "traffic_dataset": "January 12th - Monday", "weight_id": "w_0194", "distance_weight": 0.3, "population_weight": 0.4, "traffic_weight": 0.0, "airspace_weight": 0.3, "path_nodes": 98, "path_node_ids": [8877, 8881, 8904, 8922, 8923, 8927, 9145, 10016, 10018, 10062, 10055, 10058, 10094, 10096, 10103, 10104, 10110, 10109, 10516, 10515, 10514, 10517, 10522, 10299, 10300, 10301, 10309, 10308, 10533, 10363, 10350, 10351, 10366, 10376, 10374, 10379, 10378, 10391, 10402, 10403, 10390, 2577, 2576, 2598, 2575, 2587, 10714, 10713, 10722, 2597, 10723, 2596, 2876, 2875, 2874, 2873, 2885, 2886, 2884, 2883, 2890, 2891, 2895, 3904, 3925, 3926, 3931, 3951, 3954, 3953, 3966, 3944, 3977, 3976, 3941, 4043, 4042, 4041, 4040, 4046, 4050, 4053, 4076, 4075, 4082, 4084, 5080, 5084, 5310, 5311, 5337, 5320, 5322, 5323, 5346, 5357, 5358, 5364], "elapsed_seconds": 0.05133499999647029, "status": "success", "failure_reason": "", "route_distance_km": 73.20858031824217, "distance_cost_sum": 80.57077698397048, "population_cost_sum": 17.18299585912548, "traffic_cost_sum": 45.29212438015302, "airspace_cost_sum": 50.4, "total_weighted_score": 46.16443143884134}, "geometry": {"type": "LineString", "coordinates": [[-89.83272609742262, 38.54503213945896], [-89.83252853470323, 38.54953126729425], [-89.83806053424684, 38.55418543772932], [-89.84359324582596, 38.558839373542895], [-89.84912666962028, 38.563493074603095], [-89.85466080580946, 38.568146540778045], [-89.86019565457306, 38.572799771935806], [-89.86573121609086, 38.57745276794444], [-89.87126749054252, 38.58210552867199], [-89.8768044781077, 38.58675805398646], [-89.88234217896623, 38.591410343755804], [-89.8878805932977, 38.59606239784802], [-89.89341972128202, 38.600714216131045], [-89.89895956309883, 38.60536579847276], [-89.90450011892796, 38.61001714474108], [-89.91004138894921, 38.614668254803874], [-89.9155833733424, 38.61931912852895], [-89.92131862594731, 38.619470314708934], [-89.9268617252078, 38.624120695492145], [-89.93259742104341, 38.62427134452904], [-89.93833315971467, 38.6244217128885], [-89.94406894114202, 38.62457180056415], [-89.94980476524591, 38.62472160754967], [-89.95554063194687, 38.62487113383877], [-89.96127654116528, 38.62502037942509], [-89.96701249282155, 38.625169344302385], [-89.97274848683627, 38.62531802846435], [-89.97848452312972, 38.62546643190471], [-89.98403193705393, 38.63011426460664], [-89.98958006609531, 38.63476185964426], [-89.99531694389556, 38.63490946811138], [-90.00105386367663, 38.63505679574229], [-90.00660350731387, 38.63970363840778], [-90.01234086854143, 38.63985042783196], [-90.01807827152109, 38.63999693635645], [-90.02362942973669, 38.64464302594129], [-90.02936727381517, 38.644788996000585], [-90.0349195472141, 38.64943458949962], [-90.0406578321926, 38.64958002089252], [-90.04639615854494, 38.6497251712652], [-90.0521345261914, 38.64987004061157], [-90.05787293505232, 38.6500146289255], [-90.06361138504795, 38.650158936200874], [-90.06934987609858, 38.6503029624316], [-90.07508840812451, 38.65044670761164], [-90.08064419177347, 38.65509025680674], [-90.0862006916776, 38.659733566559446], [-90.09194006243584, 38.659876514283475], [-90.09767947387014, 38.66001918084284], [-90.10341892590075, 38.66016156623149], [-90.1091584184479, 38.66030367044341], [-90.11489795143179, 38.66044549347263], [-90.12063752477266, 38.66058703531315], [-90.1263771383907, 38.66072829595899], [-90.1321167922061, 38.660869275404174], [-90.13785648613919, 38.66100997364278], [-90.14359622011, 38.661150390668844], [-90.14933599403881, 38.66129052647644], [-90.15507580784583, 38.66143038105964], [-90.16081566145125, 38.66156995441258], [-90.16655555477524, 38.661709246529334], [-90.17229548773797, 38.66184825740402], [-90.17785868094164, 38.666487447153536], [-90.18342259105025, 38.67112639580074], [-90.1889872182426, 38.67576510321293], [-90.19472838451095, 38.67590305525546], [-90.2002941269196, 38.68054126191918], [-90.20586058678872, 38.68517922698935], [-90.21142776429718, 38.68981695033316], [-90.2171701635404, 38.68995384239636], [-90.2229126017605, 38.690090452895454], [-90.22865507887754, 38.69022678182468], [-90.23439759481155, 38.69036282917826], [-90.24014014948251, 38.69049859495047], [-90.24605541323987, 38.68613337677085], [-90.2517976862147, 38.68626855773688], [-90.25753999767723, 38.686403457149304], [-90.26328234754749, 38.686538075002424], [-90.26902473574555, 38.686672411290566], [-90.27476716219141, 38.68680646600806], [-90.28033911009649, 38.69144107059682], [-90.28591177604412, 38.696075432210684], [-90.29148516021279, 38.700709550716724], [-90.297228816103, 38.700842542902386], [-90.30280331580018, 38.70547615766316], [-90.30837853409372, 38.710109528957155], [-90.31395447116216, 38.71474265665128], [-90.31378588266769, 38.71924359100243], [-90.31936286061908, 38.72387649197406], [-90.32494055786266, 38.72850914903958], [-90.330518974577, 38.7331415620659], [-90.33626541075455, 38.733272728767844], [-90.3420118843105, 38.73340361338185], [-90.34775839516463, 38.73353421590239], [-90.35333872308522, 38.73816560113835], [-90.35908566820065, 38.73829566025279], [-90.36466711306467, 38.742926539503976], [-90.37024927800739, 38.74755717394432]]}}, {"type": "Feature", "properties": {"route_run_id": "stl_midamerica_to_st_louis_lambert_2026-01-12_0113", "route_pair": "midamerica_to_st_louis_lambert", "route_pair_label": "MidAmerica to St. Louis Lambert", "origin_label": "MidAmerica St. Louis Airport", "destination_label": "St. Louis Lambert International Airport", "origin_lat": 38.5451731, "origin_lon": -89.8351856, "destination_lat": 38.7486982, "destination_lon": -90.3700257, "traffic_date": "2026-01-12", "traffic_dataset": "January 12th - Monday", "weight_id": "w_0113", "distance_weight": 0.1, "population_weight": 0.6, "traffic_weight": 0.1, "airspace_weight": 0.2, "path_nodes": 101, "path_node_ids": [8877, 8881, 8905, 8906, 8933, 8929, 9143, 9146, 9173, 10020, 10063, 10068, 10070, 10095, 10099, 10422, 10101, 10106, 10104, 10110, 10109, 10516, 10515, 10514, 10513, 10298, 10295, 10296, 10297, 10309, 10532, 10533, 10363, 10350, 10351, 10366, 10376, 10374, 10379, 10614, 10407, 10405, 10404, 10408, 2604, 2605, 2606, 2603, 10716, 10717, 10718, 10729, 10730, 10744, 10745, 2907, 4107, 4109, 4112, 4145, 4150, 4149, 4153, 4175, 4177, 4176, 4179, 4288, 4286, 4285, 3974, 3973, 3972, 3971, 3981, 3978, 3976, 3941, 4043, 4066, 4067, 4068, 4185, 4187, 4188, 4076, 4075, 4082, 4084, 5080, 5084, 5310, 5311, 5337, 5320, 5322, 5323, 5346, 5357, 5358, 5364], "elapsed_seconds": 0.0545822000131011, "status": "success", "failure_reason": "", "route_distance_km": 77.00601612873963, "distance_cost_sum": 84.75010067073637, "population_cost_sum": 14.671220811349963, "traffic_cost_sum": 39.59910675449389, "airspace_cost_sum": 52.4, "total_weighted_score": 31.717653229333013}, "geometry": {"type": "LineString", "coordinates": [[-89.83272609742262, 38.54503213945896], [-89.83252853470323, 38.54953126729425], [-89.83233092788802, 38.55403039080605], [-89.83786323937711, 38.55868458173916], [-89.83766590046945, 38.563183721427826], [-89.84319923632499, 38.56783769816219], [-89.84873328471264, 38.57249144006519], [-89.8542680458121, 38.5771449470049], [-89.85980351980317, 38.58179821884939], [-89.86533970686553, 38.58645125546666], [-89.87087660717904, 38.591104056724724], [-89.87641422092351, 38.59575662249155], [-89.88195254827868, 38.600408952635085], [-89.8874915894244, 38.605061047023284], [-89.88729702234833, 38.60956036516477], [-89.89283709113381, 38.614212243778354], [-89.89857181380691, 38.614364528005225], [-89.90430657977188, 38.61451653168253], [-89.91004138894921, 38.614668254803874], [-89.9155833733424, 38.61931912852895], [-89.92131862594731, 38.619470314708934], [-89.9268617252078, 38.624120695492145], [-89.93259742104341, 38.62427134452904], [-89.93833315971467, 38.6244217128885], [-89.9442600654149, 38.62007225316597], [-89.94999553214618, 38.62022203618278], [-89.95573104146416, 38.620371538547964], [-89.96146659328937, 38.6205207602552], [-89.96720218754218, 38.620669701298226], [-89.97274848683627, 38.62531802846435], [-89.9782955010475, 38.62996611819141], [-89.98403193705393, 38.63011426460664], [-89.98958006609531, 38.63476185964426], [-89.99531694389556, 38.63490946811138], [-90.00105386367663, 38.63505679574229], [-90.00660350731387, 38.63970363840778], [-90.01234086854143, 38.63985042783196], [-90.01807827152109, 38.63999693635645], [-90.02362942973669, 38.64464302594129], [-90.0291813036891, 38.64928887709267], [-90.03473389355781, 38.653934489678136], [-90.04047253654934, 38.65407994433975], [-90.04621122092473, 38.6542251179363], [-90.05176532579277, 38.658869976095644], [-90.05750445081951, 38.65901461068064], [-90.06324361700084, 38.65915896413734], [-90.06898282425709, 38.65930303645963], [-90.07472207250845, 38.65944682764147], [-90.08027849074135, 38.66409041434458], [-90.08601817899587, 38.66423366614264], [-90.09175790801612, 38.66437663673715], [-90.0973158409683, 38.669019467207306], [-90.10305600964216, 38.66916189816016], [-90.10861505837465, 38.67380423026503], [-90.1143556665019, 38.67394612137533], [-90.12009631501547, 38.67408773116219], [-90.1256568785435, 38.67872930581226], [-90.13139796616022, 38.67887037549889], [-90.13695964571467, 38.683511450900546], [-90.14252204267808, 38.68815228569193], [-90.14808515722972, 38.692792879740324], [-90.15382748129907, 38.69293289101744], [-90.15939171242222, 38.69757298499622], [-90.1651344750913, 38.69771245548389], [-90.17069982293353, 38.702352049023325], [-90.17644302400102, 38.702490978520885], [-90.18218626463384, 38.702629626360235], [-90.18792954475192, 38.70276799253548], [-90.19384888257228, 38.69840558378194], [-90.1995918823357, 38.69854336457249], [-90.20533492133491, 38.69868086372641], [-90.2110779994899, 38.698818081237896], [-90.21682111672072, 38.69895501710115], [-90.22256427294727, 38.69909167131035], [-90.22848129289677, 38.69472741490856], [-90.23422416781283, 38.694863484025944], [-90.24014014948251, 38.69049859495047], [-90.24605541323987, 38.68613337677085], [-90.2517976862147, 38.68626855773688], [-90.25736804511756, 38.69090420272148], [-90.26311075393669, 38.69103884211091], [-90.26868222818311, 38.695673984376505], [-90.27425442059507, 38.700308883813186], [-90.27999796237877, 38.700442721166475], [-90.28557127047641, 38.70507711728869], [-90.29148516021279, 38.700709550716724], [-90.297228816103, 38.700842542902386], [-90.30280331580018, 38.70547615766316], [-90.30837853409372, 38.710109528957155], [-90.31395447116216, 38.71474265665128], [-90.31378588266769, 38.71924359100243], [-90.31936286061908, 38.72387649197406], [-90.32494055786266, 38.72850914903958], [-90.330518974577, 38.7331415620659], [-90.33626541075455, 38.733272728767844], [-90.3420118843105, 38.73340361338185], [-90.34775839516463, 38.73353421590239], [-90.35333872308522, 38.73816560113835], [-90.35908566820065, 38.73829566025279], [-90.36466711306467, 38.742926539503976], [-90.37024927800739, 38.74755717394432]]}}, {"type": "Feature", "properties": {"route_run_id": "stl_midamerica_to_st_louis_lambert_2026-01-12_0153", "route_pair": "midamerica_to_st_louis_lambert", "route_pair_label": "MidAmerica to St. Louis Lambert", "origin_label": "MidAmerica St. Louis Airport", "destination_label": "St. Louis Lambert International Airport", "origin_lat": 38.5451731, "origin_lon": -89.8351856, "destination_lat": 38.7486982, "destination_lon": -90.3700257, "traffic_date": "2026-01-12", "traffic_dataset": "January 12th - Monday", "weight_id": "w_0153", "distance_weight": 0.2, "population_weight": 0.4, "traffic_weight": 0.1, "airspace_weight": 0.3, "path_nodes": 98, "path_node_ids": [8877, 8881, 8904, 8922, 8923, 8927, 9145, 10016, 10018, 10062, 10055, 10058, 10094, 10096, 10103, 10104, 10110, 10109, 10516, 10515, 10514, 10517, 10522, 10299, 10524, 10529, 10538, 10539, 10537, 10367, 10364, 10365, 10370, 10381, 10380, 10379, 10378, 10391, 10402, 10404, 10408, 2604, 2605, 2606, 2603, 10716, 10717, 10718, 10729, 10730, 10744, 10745, 2907, 4107, 4109, 4112, 4145, 4150, 4149, 4153, 4175, 4177, 4176, 4179, 4288, 4286, 4285, 3974, 3973, 3972, 3971, 3981, 3978, 3976, 3941, 4043, 4042, 4041, 4040, 4046, 4048, 4049, 4061, 4075, 4082, 4084, 5080, 5084, 5310, 5311, 5337, 5320, 5322, 5323, 5346, 5357, 5358, 5364], "elapsed_seconds": 0.054434899997431785, "status": "success", "failure_reason": "", "route_distance_km": 74.81478657800102, "distance_cost_sum": 82.33851084498404, "population_cost_sum": 16.835429054105635, "traffic_cost_sum": 38.68102406413379, "airspace_cost_sum": 51.00000000000003, "total_weighted_score": 42.36997619705245}, "geometry": {"type": "LineString", "coordinates": [[-89.83272609742262, 38.54503213945896], [-89.83252853470323, 38.54953126729425], [-89.83806053424684, 38.55418543772932], [-89.84359324582596, 38.558839373542895], [-89.84912666962028, 38.563493074603095], [-89.85466080580946, 38.568146540778045], [-89.86019565457306, 38.572799771935806], [-89.86573121609086, 38.57745276794444], [-89.87126749054252, 38.58210552867199], [-89.8768044781077, 38.58675805398646], [-89.88234217896623, 38.591410343755804], [-89.8878805932977, 38.59606239784802], [-89.89341972128202, 38.600714216131045], [-89.89895956309883, 38.60536579847276], [-89.90450011892796, 38.61001714474108], [-89.91004138894921, 38.614668254803874], [-89.9155833733424, 38.61931912852895], [-89.92131862594731, 38.619470314708934], [-89.9268617252078, 38.624120695492145], [-89.93259742104341, 38.62427134452904], [-89.93833315971467, 38.6244217128885], [-89.94406894114202, 38.62457180056415], [-89.94980476524591, 38.62472160754967], [-89.95554063194687, 38.62487113383877], [-89.96108644660326, 38.62951999433463], [-89.966632976295, 38.63416861753812], [-89.97218022120177, 38.63881700331695], [-89.97791733024451, 38.63896547800877], [-89.98365448151714, 38.63911367183824], [-89.98939167493998, 38.639261584799115], [-89.9951289104335, 38.63940921688515], [-90.00086618791799, 38.639556568090114], [-90.00641614743708, 38.64420343004679], [-90.01215386646798, 38.64435024295822], [-90.0178916272611, 38.64449677492512], [-90.02362942973669, 38.64464302594129], [-90.02936727381517, 38.644788996000585], [-90.0349195472141, 38.64943458949962], [-90.0406578321926, 38.64958002089252], [-90.04621122092473, 38.6542251179363], [-90.05176532579277, 38.658869976095644], [-90.05750445081951, 38.65901461068064], [-90.06324361700084, 38.65915896413734], [-90.06898282425709, 38.65930303645963], [-90.07472207250845, 38.65944682764147], [-90.08027849074135, 38.66409041434458], [-90.08601817899587, 38.66423366614264], [-90.09175790801612, 38.66437663673715], [-90.0973158409683, 38.669019467207306], [-90.10305600964216, 38.66916189816016], [-90.10861505837465, 38.67380423026503], [-90.1143556665019, 38.67394612137533], [-90.12009631501547, 38.67408773116219], [-90.1256568785435, 38.67872930581226], [-90.13139796616022, 38.67887037549889], [-90.13695964571467, 38.683511450900546], [-90.14252204267808, 38.68815228569193], [-90.14808515722972, 38.692792879740324], [-90.15382748129907, 38.69293289101744], [-90.15939171242222, 38.69757298499622], [-90.1651344750913, 38.69771245548389], [-90.17069982293353, 38.702352049023325], [-90.17644302400102, 38.702490978520885], [-90.18218626463384, 38.702629626360235], [-90.18792954475192, 38.70276799253548], [-90.19384888257228, 38.69840558378194], [-90.1995918823357, 38.69854336457249], [-90.20533492133491, 38.69868086372641], [-90.2110779994899, 38.698818081237896], [-90.21682111672072, 38.69895501710115], [-90.22256427294727, 38.69909167131035], [-90.22848129289677, 38.69472741490856], [-90.23422416781283, 38.694863484025944], [-90.24014014948251, 38.69049859495047], [-90.24605541323987, 38.68613337677085], [-90.2517976862147, 38.68626855773688], [-90.25753999767723, 38.686403457149304], [-90.26328234754749, 38.686538075002424], [-90.26902473574555, 38.686672411290566], [-90.27476716219141, 38.68680646600806], [-90.2805096268051, 38.68694023914922], [-90.28608197178394, 38.691574583512434], [-90.29165503482373, 38.696208684807814], [-90.297228816103, 38.700842542902386], [-90.30280331580018, 38.70547615766316], [-90.30837853409372, 38.710109528957155], [-90.31395447116216, 38.71474265665128], [-90.31378588266769, 38.71924359100243], [-90.31936286061908, 38.72387649197406], [-90.32494055786266, 38.72850914903958], [-90.330518974577, 38.7331415620659], [-90.33626541075455, 38.733272728767844], [-90.3420118843105, 38.73340361338185], [-90.34775839516463, 38.73353421590239], [-90.35333872308522, 38.73816560113835], [-90.35908566820065, 38.73829566025279], [-90.36466711306467, 38.742926539503976], [-90.37024927800739, 38.74755717394432]]}}, {"type": "Feature", "properties": {"route_run_id": "stl_midamerica_to_st_louis_lambert_2026-01-12_0166", "route_pair": "midamerica_to_st_louis_lambert", "route_pair_label": "MidAmerica to St. Louis Lambert", "origin_label": "MidAmerica St. Louis Airport", "destination_label": "St. Louis Lambert International Airport", "origin_lat": 38.5451731, "origin_lon": -89.8351856, "destination_lat": 38.7486982, "destination_lon": -90.3700257, "traffic_date": "2026-01-12", "traffic_dataset": "January 12th - Monday", "weight_id": "w_0166", "distance_weight": 0.2, "population_weight": 0.8, "traffic_weight": 0.0, "airspace_weight": 0.0, "path_nodes": 101, "path_node_ids": [8877, 8880, 8903, 8907, 8932, 8937, 9144, 9148, 9151, 9177, 10064, 10067, 10069, 10083, 10099, 10422, 10101, 10106, 10104, 10110, 10109, 10516, 10515, 10514, 10517, 10522, 10299, 10300, 10301, 10309, 10308, 10533, 10363, 10350, 10351, 10366, 10376, 10374, 10379, 10614, 10407, 10410, 10411, 10408, 2604, 2605, 2606, 2603, 10715, 10714, 10713, 10722, 2597, 10723, 2596, 2876, 2875, 2874, 2873, 2885, 2886, 2884, 2883, 2893, 4095, 4096, 3932, 3933, 3958, 3962, 3967, 3954, 3953, 3966, 3944, 3977, 3976, 3941, 4043, 4066, 4067, 4068, 4185, 4187, 4188, 4076, 4075, 4082, 4084, 5080, 5084, 5310, 5311, 5337, 5320, 5322, 5323, 5346, 5357, 5358, 5364], "elapsed_seconds": 0.04847909999080002, "status": "success", "failure_reason": "", "route_distance_km": 75.92959962423426, "distance_cost_sum": 83.56543469648368, "population_cost_sum": 14.401126901729311, "traffic_cost_sum": 44.790112705600556, "airspace_cost_sum": 53.4, "total_weighted_score": 28.233988460680187}, "geometry": {"type": "LineString", "coordinates": [[-89.83272609742262, 38.54503213945896], [-89.82679932841316, 38.54937596534434], [-89.8266013656357, 38.553875063992606], [-89.82640335867254, 38.55837415831396], [-89.8319355819273, 38.563028624857736], [-89.83746851751314, 38.56768285679496], [-89.84300216560983, 38.572336853993725], [-89.84853652639708, 38.57699061632215], [-89.85407160005472, 38.581644143648255], [-89.85960738676256, 38.5862974358401], [-89.8651438867004, 38.59095049276569], [-89.87068110004802, 38.59560331429298], [-89.87621902698532, 38.60025590028999], [-89.88175766769213, 38.604908250624604], [-89.88729702234833, 38.60956036516477], [-89.89283709113381, 38.614212243778354], [-89.89857181380691, 38.614364528005225], [-89.90430657977188, 38.61451653168253], [-89.91004138894921, 38.614668254803874], [-89.9155833733424, 38.61931912852895], [-89.92131862594731, 38.619470314708934], [-89.9268617252078, 38.624120695492145], [-89.93259742104341, 38.62427134452904], [-89.93833315971467, 38.6244217128885], [-89.94406894114202, 38.62457180056415], [-89.94980476524591, 38.62472160754967], [-89.95554063194687, 38.62487113383877], [-89.96127654116528, 38.62502037942509], [-89.96701249282155, 38.625169344302385], [-89.97274848683627, 38.62531802846435], [-89.97848452312972, 38.62546643190471], [-89.98403193705393, 38.63011426460664], [-89.98958006609531, 38.63476185964426], [-89.99531694389556, 38.63490946811138], [-90.00105386367663, 38.63505679574229], [-90.00660350731387, 38.63970363840778], [-90.01234086854143, 38.63985042783196], [-90.01807827152109, 38.63999693635645], [-90.02362942973669, 38.64464302594129], [-90.0291813036891, 38.64928887709267], [-90.03473389355781, 38.653934489678136], [-90.04028719952224, 38.658579863565194], [-90.04602624200047, 38.65872506038847], [-90.05176532579277, 38.658869976095644], [-90.05750445081951, 38.65901461068064], [-90.06324361700084, 38.65915896413734], [-90.06898282425709, 38.65930303645963], [-90.07472207250845, 38.65944682764147], [-90.08046136167522, 38.65959033767675], [-90.0862006916776, 38.659733566559446], [-90.09194006243584, 38.659876514283475], [-90.09767947387014, 38.66001918084284], [-90.10341892590075, 38.66016156623149], [-90.1091584184479, 38.66030367044341], [-90.11489795143179, 38.66044549347263], [-90.12063752477266, 38.66058703531315], [-90.1263771383907, 38.66072829595899], [-90.1321167922061, 38.660869275404174], [-90.13785648613919, 38.66100997364278], [-90.14359622011, 38.661150390668844], [-90.14933599403881, 38.66129052647644], [-90.15507580784583, 38.66143038105964], [-90.16081566145125, 38.66156995441258], [-90.16637805865126, 38.66620966221335], [-90.17194117271791, 38.67084912909773], [-90.17750500383, 38.67548835493302], [-90.18306955216653, 38.68012733958649], [-90.18863481790633, 38.68476608292537], [-90.19420080122836, 38.68940458481685], [-90.19976750231159, 38.694042845128145], [-90.20551018229601, 38.69418032229077], [-90.21142776429718, 38.68981695033316], [-90.2171701635404, 38.68995384239636], [-90.2229126017605, 38.690090452895454], [-90.22865507887754, 38.69022678182468], [-90.23439759481155, 38.69036282917826], [-90.24014014948251, 38.69049859495047], [-90.24605541323987, 38.68613337677085], [-90.2517976862147, 38.68626855773688], [-90.25736804511756, 38.69090420272148], [-90.26311075393669, 38.69103884211091], [-90.26868222818311, 38.695673984376505], [-90.27425442059507, 38.700308883813186], [-90.27999796237877, 38.700442721166475], [-90.28557127047641, 38.70507711728869], [-90.29148516021279, 38.700709550716724], [-90.297228816103, 38.700842542902386], [-90.30280331580018, 38.70547615766316], [-90.30837853409372, 38.710109528957155], [-90.31395447116216, 38.71474265665128], [-90.31378588266769, 38.71924359100243], [-90.31936286061908, 38.72387649197406], [-90.32494055786266, 38.72850914903958], [-90.330518974577, 38.7331415620659], [-90.33626541075455, 38.733272728767844], [-90.3420118843105, 38.73340361338185], [-90.34775839516463, 38.73353421590239], [-90.35333872308522, 38.73816560113835], [-90.35908566820065, 38.73829566025279], [-90.36466711306467, 38.742926539503976], [-90.37024927800739, 38.74755717394432]]}}, {"type": "Feature", "properties": {"route_run_id": "stl_midamerica_to_st_louis_lambert_2026-01-12_0277", "route_pair": "midamerica_to_st_louis_lambert", "route_pair_label": "MidAmerica to St. Louis Lambert", "origin_label": "MidAmerica St. Louis Airport", "destination_label": "St. Louis Lambert International Airport", "origin_lat": 38.5451731, "origin_lon": -89.8351856, "destination_lat": 38.7486982, "destination_lon": -90.3700257, "traffic_date": "2026-01-12", "traffic_dataset": "January 12th - Monday", "weight_id": "w_0277", "distance_weight": 0.7, "population_weight": 0.3, "traffic_weight": 0.0, "airspace_weight": 0.0, "path_nodes": 97, "path_node_ids": [8877, 8881, 8904, 8922, 8923, 8927, 9145, 10016, 10018, 10062, 10055, 10058, 10094, 10096, 10103, 10104, 10110, 10109, 10516, 10515, 10514, 10517, 10522, 10299, 10300, 10301, 10309, 10308, 10533, 10363, 10350, 10351, 10366, 10376, 10374, 10379, 10614, 10407, 10410, 10411, 10408, 2604, 2605, 2606, 2603, 10715, 10714, 10713, 10722, 2597, 10723, 2596, 2876, 2875, 2874, 2873, 2885, 2886, 2884, 2883, 2893, 4095, 4096, 3932, 3933, 3958, 3962, 3967, 3970, 3969, 3968, 3981, 3978, 3983, 4297, 4198, 4199, 4201, 4216, 4229, 4232, 4230, 4242, 4265, 4244, 4243, 5336, 5338, 5335, 5337, 5320, 5322, 5323, 5346, 5357, 5358, 5364], "elapsed_seconds": 0.02023739999276586, "status": "success", "failure_reason": "", "route_distance_km": 72.30407808706627, "distance_cost_sum": 79.57531378508341, "population_cost_sum": 18.130648929851226, "traffic_cost_sum": 42.3612072967303, "airspace_cost_sum": 51.2, "total_weighted_score": 61.14191432851375}, "geometry": {"type": "LineString", "coordinates": [[-89.83272609742262, 38.54503213945896], [-89.83252853470323, 38.54953126729425], [-89.83806053424684, 38.55418543772932], [-89.84359324582596, 38.558839373542895], [-89.84912666962028, 38.563493074603095], [-89.85466080580946, 38.568146540778045], [-89.86019565457306, 38.572799771935806], [-89.86573121609086, 38.57745276794444], [-89.87126749054252, 38.58210552867199], [-89.8768044781077, 38.58675805398646], [-89.88234217896623, 38.591410343755804], [-89.8878805932977, 38.59606239784802], [-89.89341972128202, 38.600714216131045], [-89.89895956309883, 38.60536579847276], [-89.90450011892796, 38.61001714474108], [-89.91004138894921, 38.614668254803874], [-89.9155833733424, 38.61931912852895], [-89.92131862594731, 38.619470314708934], [-89.9268617252078, 38.624120695492145], [-89.93259742104341, 38.62427134452904], [-89.93833315971467, 38.6244217128885], [-89.94406894114202, 38.62457180056415], [-89.94980476524591, 38.62472160754967], [-89.95554063194687, 38.62487113383877], [-89.96127654116528, 38.62502037942509], [-89.96701249282155, 38.625169344302385], [-89.97274848683627, 38.62531802846435], [-89.97848452312972, 38.62546643190471], [-89.98403193705393, 38.63011426460664], [-89.98958006609531, 38.63476185964426], [-89.99531694389556, 38.63490946811138], [-90.00105386367663, 38.63505679574229], [-90.00660350731387, 38.63970363840778], [-90.01234086854143, 38.63985042783196], [-90.01807827152109, 38.63999693635645], [-90.02362942973669, 38.64464302594129], [-90.0291813036891, 38.64928887709267], [-90.03473389355781, 38.653934489678136], [-90.04028719952224, 38.658579863565194], [-90.04602624200047, 38.65872506038847], [-90.05176532579277, 38.658869976095644], [-90.05750445081951, 38.65901461068064], [-90.06324361700084, 38.65915896413734], [-90.06898282425709, 38.65930303645963], [-90.07472207250845, 38.65944682764147], [-90.08046136167522, 38.65959033767675], [-90.0862006916776, 38.659733566559446], [-90.09194006243584, 38.659876514283475], [-90.09767947387014, 38.66001918084284], [-90.10341892590075, 38.66016156623149], [-90.1091584184479, 38.66030367044341], [-90.11489795143179, 38.66044549347263], [-90.12063752477266, 38.66058703531315], [-90.1263771383907, 38.66072829595899], [-90.1321167922061, 38.660869275404174], [-90.13785648613919, 38.66100997364278], [-90.14359622011, 38.661150390668844], [-90.14933599403881, 38.66129052647644], [-90.15507580784583, 38.66143038105964], [-90.16081566145125, 38.66156995441258], [-90.16637805865126, 38.66620966221335], [-90.17194117271791, 38.67084912909773], [-90.17750500383, 38.67548835493302], [-90.18306955216653, 38.68012733958649], [-90.18863481790633, 38.68476608292537], [-90.19420080122836, 38.68940458481685], [-90.19976750231159, 38.694042845128145], [-90.20551018229601, 38.69418032229077], [-90.2112529014267, 38.694317517855914], [-90.2169956596237, 38.69445443181779], [-90.22273845680708, 38.6945910641706], [-90.22848129289677, 38.69472741490856], [-90.23422416781283, 38.694863484025944], [-90.23979397480163, 38.69949994395616], [-90.24536450002277, 38.704136161482424], [-90.25110820919835, 38.70427142896936], [-90.25685195689897, 38.704406414722804], [-90.2624239960298, 38.709041869378396], [-90.26799675378774, 38.71367708117809], [-90.27357023035168, 38.71831204998893], [-90.27914442590036, 38.722946775677876], [-90.28488980273018, 38.72308043816236], [-90.29046511515969, 38.72771465998137], [-90.29604114694997, 38.73234863831933], [-90.30178735717278, 38.73248149743191], [-90.30753360525517, 38.73261407449003], [-90.31327989111702, 38.732746369488076], [-90.31902621467803, 38.73287838242046], [-90.3247725758581, 38.73301011328159], [-90.330518974577, 38.7331415620659], [-90.33626541075455, 38.733272728767844], [-90.3420118843105, 38.73340361338185], [-90.34775839516463, 38.73353421590239], [-90.35333872308522, 38.73816560113835], [-90.35908566820065, 38.73829566025279], [-90.36466711306467, 38.742926539503976], [-90.37024927800739, 38.74755717394432]]}}, {"type": "Feature", "properties": {"route_run_id": "stl_midamerica_to_st_louis_lambert_2026-01-12_0210", "route_pair": "midamerica_to_st_louis_lambert", "route_pair_label": "MidAmerica to St. Louis Lambert", "origin_label": "MidAmerica St. Louis Airport", "destination_label": "St. Louis Lambert International Airport", "origin_lat": 38.5451731, "origin_lon": -89.8351856, "destination_lat": 38.7486982, "destination_lon": -90.3700257, "traffic_date": "2026-01-12", "traffic_dataset": "January 12th - Monday", "weight_id": "w_0210", "distance_weight": 0.4, "population_weight": 0.0, "traffic_weight": 0.6, "airspace_weight": 0.0, "path_nodes": 97, "path_node_ids": [8877, 8861, 8864, 8865, 8866, 8863, 7715, 7716, 9752, 9731, 9742, 9743, 9730, 9733, 9721, 9732, 9720, 9915, 7793, 7795, 7796, 7804, 7803, 7805, 7813, 7814, 7811, 7812, 9817, 9816, 9819, 9818, 7904, 7901, 9823, 9822, 9844, 9847, 9849, 9846, 1959, 1958, 1937, 1947, 1969, 1973, 1988, 2002, 2004, 2231, 2006, 2191, 2197, 2196, 2408, 2420, 2422, 2419, 2423, 2205, 2206, 2449, 2345, 2370, 2373, 2398, 2394, 2397, 2712, 2716, 2739, 2746, 2769, 2747, 2681, 2682, 2685, 3986, 2706, 4015, 4018, 4025, 4030, 4033, 4057, 5034, 5048, 5052, 5076, 5082, 5299, 5304, 5319, 5321, 5357, 5358, 5364], "elapsed_seconds": 0.043595299997832626, "status": "success", "failure_reason": "", "route_distance_km": 73.84862187325443, "distance_cost_sum": 81.27518410626669, "population_cost_sum": 50.80701756737244, "traffic_cost_sum": 21.56723228666362, "airspace_cost_sum": 63.000000000000014, "total_weighted_score": 45.450413014504846}, "geometry": {"type": "LineString", "coordinates": [[-89.83272609742262, 38.54503213945896], [-89.83865215473445, 38.54068797977641], [-89.84438073740759, 38.54084267248963], [-89.8501093639971, 38.54099708543371], [-89.85583803442384, 38.541151218602124], [-89.86156674860865, 38.54130507198842], [-89.86729550647239, 38.541458645586076], [-89.87302430793594, 38.54161193938866], [-89.87875315292008, 38.541764953389716], [-89.88448204134579, 38.54191768758279], [-89.8902109731338, 38.54207014196144], [-89.895939948205, 38.54222231651928], [-89.90166896648022, 38.54237421124988], [-89.90739802788026, 38.54252582614685], [-89.91312713232598, 38.54267716120381], [-89.91885627973821, 38.54282821641439], [-89.92458547003774, 38.5429789917722], [-89.93031470314544, 38.543129487270946], [-89.93623504869535, 38.538780126685914], [-89.94196401125822, 38.538930038442274], [-89.94769301638131, 38.53907967036528], [-89.95342206398557, 38.53922902244861], [-89.95915115399177, 38.53937809468601], [-89.9648802863207, 38.53952688707118], [-89.97060946089319, 38.53967539959786], [-89.97633867763007, 38.53982363225979], [-89.98206793645213, 38.53997158505075], [-89.98779723728013, 38.54011925796448], [-89.99352658003491, 38.54026665099478], [-89.99925596463726, 38.54041376413546], [-90.00498539100796, 38.54056059738029], [-90.0107148590678, 38.5407071507231], [-90.01644436873754, 38.540853424157724], [-90.022173919938, 38.540999417678], [-90.0277181388758, 38.54564508621299], [-90.03344812898557, 38.54579054317578], [-90.03899345764175, 38.55043571741418], [-90.04453949873692, 38.55508065386086], [-90.05027032498664, 38.555225317192196], [-90.0560011923214, 38.555369700438234], [-90.06173210066189, 38.55551380359289], [-90.0674630499288, 38.55565762665008], [-90.0731940400428, 38.55580116960377], [-90.07892507092458, 38.5559444324479], [-90.08447420828541, 38.56058758841172], [-90.0900240585605, 38.56523050576299], [-90.09557462192825, 38.56987318436945], [-90.10112589856693, 38.57451562409887], [-90.10667788865496, 38.579157824818985], [-90.11223059237057, 38.583799786397456], [-90.11814404276322, 38.57944093533558], [-90.12387718012955, 38.579582070024706], [-90.12943107502363, 38.58422325824649], [-90.1351646494121, 38.58436385466116], [-90.14089826375356, 38.58450417063179], [-90.14645366632062, 38.589144603290876], [-90.15218771733517, 38.589284380730234], [-90.15792180807382, 38.58942387766302], [-90.16347871828971, 38.59406355405304], [-90.16921324535195, 38.59420251219789], [-90.17494781190939, 38.59434118977373], [-90.18050622974906, 38.59898010918833], [-90.18606536210271, 38.60361878809667], [-90.19162520914848, 38.60825722636621], [-90.19718577106451, 38.612895423864465], [-90.20274704802898, 38.61753338045887], [-90.2084836369821, 38.617670484184025], [-90.21404602582597, 38.62230794080845], [-90.21960913009349, 38.62694515617101], [-90.22517294996291, 38.63158213013913], [-90.23073748561237, 38.63621886258013], [-90.23630273722006, 38.640855353361346], [-90.24186870496423, 38.645491602350084], [-90.24760771267954, 38.645626869943555], [-90.25334675887852, 38.64576185639355], [-90.25891423625677, 38.65039734432395], [-90.26448243016516, 38.6550325900107], [-90.27005134078189, 38.65966759332096], [-90.27562096828521, 38.66430235412195], [-90.28119131285328, 38.668936872280845], [-90.28676237466442, 38.67357114766479], [-90.29233415389683, 38.67820518014085], [-90.29790665072878, 38.68283896957616], [-90.30347986533855, 38.68747251583781], [-90.3090537979044, 38.692105818792854], [-90.31462844860471, 38.69673887830826], [-90.31446001070607, 38.70123982903419], [-90.32003570136486, 38.70587266197814], [-90.32561211067481, 38.710505251176386], [-90.33118923881437, 38.715137596495865], [-90.3367670859619, 38.719769697803464], [-90.34234565229588, 38.724401554966114], [-90.34792493799469, 38.72903316785066], [-90.35350494323681, 38.73366453632395], [-90.35908566820065, 38.73829566025279], [-90.36466711306467, 38.742926539503976], [-90.37024927800739, 38.74755717394432]]}}, {"type": "Feature", "properties": {"route_run_id": "stl_midamerica_to_st_louis_lambert_2026-01-12_0248", "route_pair": "midamerica_to_st_louis_lambert", "route_pair_label": "MidAmerica to St. Louis Lambert", "origin_label": "MidAmerica St. Louis Airport", "destination_label": "St. Louis Lambert International Airport", "origin_lat": 38.5451731, "origin_lon": -89.8351856, "destination_lat": 38.7486982, "destination_lon": -90.3700257, "traffic_date": "2026-01-12", "traffic_dataset": "January 12th - Monday", "weight_id": "w_0248", "distance_weight": 0.5, "population_weight": 0.3, "traffic_weight": 0.1, "airspace_weight": 0.1, "path_nodes": 97, "path_node_ids": [8877, 8881, 8904, 8922, 8923, 8927, 9145, 10016, 10018, 10062, 10055, 10058, 10094, 10096, 10103, 10104, 10110, 10109, 10516, 10515, 10514, 10517, 10522, 10299, 10524, 10529, 10538, 10539, 10537, 10367, 10364, 10365, 10370, 10381, 10380, 10379, 10378, 10391, 10402, 10404, 10408, 2604, 2605, 2606, 2603, 10716, 10717, 10718, 10729, 10730, 10744, 10745, 2907, 4107, 4109, 4112, 4145, 4150, 4149, 4153, 4175, 4133, 4132, 4134, 3964, 4286, 4285, 3974, 3973, 3972, 3971, 3982, 4295, 3983, 4297, 4198, 4199, 4201, 4216, 4229, 4232, 4230, 4242, 4265, 4244, 4243, 5336, 5338, 5341, 5339, 5345, 5324, 5347, 5346, 5357, 5358, 5364], "elapsed_seconds": 0.03859919999376871, "status": "success", "failure_reason": "", "route_distance_km": 72.30828212957256, "distance_cost_sum": 79.5799406057338, "population_cost_sum": 18.69733715578537, "traffic_cost_sum": 37.40028504900544, "airspace_cost_sum": 51.2, "total_weighted_score": 54.25919995450305}, "geometry": {"type": "LineString", "coordinates": [[-89.83272609742262, 38.54503213945896], [-89.83252853470323, 38.54953126729425], [-89.83806053424684, 38.55418543772932], [-89.84359324582596, 38.558839373542895], [-89.84912666962028, 38.563493074603095], [-89.85466080580946, 38.568146540778045], [-89.86019565457306, 38.572799771935806], [-89.86573121609086, 38.57745276794444], [-89.87126749054252, 38.58210552867199], [-89.8768044781077, 38.58675805398646], [-89.88234217896623, 38.591410343755804], [-89.8878805932977, 38.59606239784802], [-89.89341972128202, 38.600714216131045], [-89.89895956309883, 38.60536579847276], [-89.90450011892796, 38.61001714474108], [-89.91004138894921, 38.614668254803874], [-89.9155833733424, 38.61931912852895], [-89.92131862594731, 38.619470314708934], [-89.9268617252078, 38.624120695492145], [-89.93259742104341, 38.62427134452904], [-89.93833315971467, 38.6244217128885], [-89.94406894114202, 38.62457180056415], [-89.94980476524591, 38.62472160754967], [-89.95554063194687, 38.62487113383877], [-89.96108644660326, 38.62951999433463], [-89.966632976295, 38.63416861753812], [-89.97218022120177, 38.63881700331695], [-89.97791733024451, 38.63896547800877], [-89.98365448151714, 38.63911367183824], [-89.98939167493998, 38.639261584799115], [-89.9951289104335, 38.63940921688515], [-90.00086618791799, 38.639556568090114], [-90.00641614743708, 38.64420343004679], [-90.01215386646798, 38.64435024295822], [-90.0178916272611, 38.64449677492512], [-90.02362942973669, 38.64464302594129], [-90.02936727381517, 38.644788996000585], [-90.0349195472141, 38.64943458949962], [-90.0406578321926, 38.64958002089252], [-90.04621122092473, 38.6542251179363], [-90.05176532579277, 38.658869976095644], [-90.05750445081951, 38.65901461068064], [-90.06324361700084, 38.65915896413734], [-90.06898282425709, 38.65930303645963], [-90.07472207250845, 38.65944682764147], [-90.08027849074135, 38.66409041434458], [-90.08601817899587, 38.66423366614264], [-90.09175790801612, 38.66437663673715], [-90.0973158409683, 38.669019467207306], [-90.10305600964216, 38.66916189816016], [-90.10861505837465, 38.67380423026503], [-90.1143556665019, 38.67394612137533], [-90.12009631501547, 38.67408773116219], [-90.1256568785435, 38.67872930581226], [-90.13139796616022, 38.67887037549889], [-90.13695964571467, 38.683511450900546], [-90.14252204267808, 38.68815228569193], [-90.14808515722972, 38.692792879740324], [-90.15382748129907, 38.69293289101744], [-90.15939171242222, 38.69757298499622], [-90.1651344750913, 38.69771245548389], [-90.17087727747607, 38.69785164437002], [-90.17662011949652, 38.69799055164876], [-90.18236300107269, 38.69812917731423], [-90.18810592212462, 38.698267521360556], [-90.19384888257228, 38.69840558378194], [-90.1995918823357, 38.69854336457249], [-90.20533492133491, 38.69868086372641], [-90.2110779994899, 38.698818081237896], [-90.21682111672072, 38.69895501710115], [-90.22256427294727, 38.69909167131035], [-90.22830746808964, 38.699228043859776], [-90.23405070206775, 38.699364134743625], [-90.23979397480163, 38.69949994395616], [-90.24536450002277, 38.704136161482424], [-90.25110820919835, 38.70427142896936], [-90.25685195689897, 38.704406414722804], [-90.2624239960298, 38.709041869378396], [-90.26799675378774, 38.71367708117809], [-90.27357023035168, 38.71831204998893], [-90.27914442590036, 38.722946775677876], [-90.28488980273018, 38.72308043816236], [-90.29046511515969, 38.72771465998137], [-90.29604114694997, 38.73234863831933], [-90.30178735717278, 38.73248149743191], [-90.30753360525517, 38.73261407449003], [-90.31327989111702, 38.732746369488076], [-90.31902621467803, 38.73287838242046], [-90.32460455631471, 38.7375110734335], [-90.33035131489382, 38.737642543240376], [-90.33609811094065, 38.737773730919855], [-90.341844944375, 38.73790463646636], [-90.34759181511657, 38.738035259874366], [-90.35333872308522, 38.73816560113835], [-90.35908566820065, 38.73829566025279], [-90.36466711306467, 38.742926539503976], [-90.37024927800739, 38.74755717394432]]}}, {"type": "Feature", "properties": {"route_run_id": "stl_midamerica_to_st_louis_lambert_2026-01-12_0139", "route_pair": "midamerica_to_st_louis_lambert", "route_pair_label": "MidAmerica to St. Louis Lambert", "origin_label": "MidAmerica St. Louis Airport", "destination_label": "St. Louis Lambert International Airport", "origin_lat": 38.5451731, "origin_lon": -89.8351856, "destination_lat": 38.7486982, "destination_lon": -90.3700257, "traffic_date": "2026-01-12", "traffic_dataset": "January 12th - Monday", "weight_id": "w_0139", "distance_weight": 0.2, "population_weight": 0.2, "traffic_weight": 0.0, "airspace_weight": 0.6, "path_nodes": 97, "path_node_ids": [8877, 8881, 8904, 8922, 8923, 8927, 9145, 10016, 10018, 10062, 10055, 10058, 10094, 10096, 10103, 10104, 10110, 10109, 10516, 10515, 10514, 10517, 10522, 10299, 10300, 10301, 10309, 10308, 10310, 10343, 10345, 10344, 10342, 10355, 10210, 10208, 10209, 10326, 10328, 10322, 10191, 2276, 2518, 2277, 2509, 2287, 2508, 2286, 2298, 2300, 2301, 2307, 2495, 2820, 2823, 2827, 2849, 2848, 2850, 2837, 2861, 2866, 2889, 3896, 3898, 3901, 3927, 3946, 3949, 3953, 3966, 3944, 3977, 3976, 3941, 4043, 4042, 4041, 4040, 4051, 4054, 4186, 4080, 4205, 4207, 4212, 5309, 5313, 5335, 5337, 5320, 5322, 5323, 5346, 5357, 5358, 5364], "elapsed_seconds": 0.05475539999315515, "status": "success", "failure_reason": "", "route_distance_km": 74.42461752704692, "distance_cost_sum": 81.90910457247038, "population_cost_sum": 21.027756995193187, "traffic_cost_sum": 52.959116246139885, "airspace_cost_sum": 47.00000000000003, "total_weighted_score": 48.78737231353273}, "geometry": {"type": "LineString", "coordinates": [[-89.83272609742262, 38.54503213945896], [-89.83252853470323, 38.54953126729425], [-89.83806053424684, 38.55418543772932], [-89.84359324582596, 38.558839373542895], [-89.84912666962028, 38.563493074603095], [-89.85466080580946, 38.568146540778045], [-89.86019565457306, 38.572799771935806], [-89.86573121609086, 38.57745276794444], [-89.87126749054252, 38.58210552867199], [-89.8768044781077, 38.58675805398646], [-89.88234217896623, 38.591410343755804], [-89.8878805932977, 38.59606239784802], [-89.89341972128202, 38.600714216131045], [-89.89895956309883, 38.60536579847276], [-89.90450011892796, 38.61001714474108], [-89.91004138894921, 38.614668254803874], [-89.9155833733424, 38.61931912852895], [-89.92131862594731, 38.619470314708934], [-89.9268617252078, 38.624120695492145], [-89.93259742104341, 38.62427134452904], [-89.93833315971467, 38.6244217128885], [-89.94406894114202, 38.62457180056415], [-89.94980476524591, 38.62472160754967], [-89.95554063194687, 38.62487113383877], [-89.96127654116528, 38.62502037942509], [-89.96701249282155, 38.625169344302385], [-89.97274848683627, 38.62531802846435], [-89.97848452312972, 38.62546643190471], [-89.98422060162243, 38.625614554617215], [-89.98995672223481, 38.62576239659562], [-89.9956928848873, 38.625909957833684], [-90.00142908950032, 38.62605723832518], [-90.00716533599429, 38.6262042380639], [-90.01290162428964, 38.62635095704363], [-90.01882443193752, 38.62199753976251], [-90.0245604460918, 38.62214367381969], [-90.03029650179865, 38.62228952714421], [-90.03603259897847, 38.622435099729884], [-90.04176873755169, 38.622580391570615], [-90.04768956620967, 38.61822542646607], [-90.05360968000618, 38.61387013007287], [-90.0593452273907, 38.61401453341643], [-90.0650808158304, 38.61415865608025], [-90.07081644524574, 38.61430249805824], [-90.07655211555712, 38.614446059344324], [-90.08228782668499, 38.614589339932465], [-90.08802357854981, 38.61473233981663], [-90.09375937107193, 38.61487505899075], [-90.09949520417183, 38.615017497448825], [-90.10505004462816, 38.61965986513943], [-90.11078631613944, 38.61980176485522], [-90.11634226958749, 38.624443634935055], [-90.12189893829279, 38.62908526529191], [-90.12745632243416, 38.63372665579325], [-90.13301442219031, 38.63836780630655], [-90.13857323774008, 38.64300871669927], [-90.14431153910874, 38.643149043887504], [-90.15004988039681, 38.64328909003685], [-90.15578826152439, 38.64342885514139], [-90.16152668241186, 38.64356833919522], [-90.16708780535298, 38.6482079745162], [-90.17264964452228, 38.6528473690797], [-90.17821220009857, 38.65748652275311], [-90.18377547226044, 38.66212543540375], [-90.18933946118675, 38.666764106898924], [-90.19490416705614, 38.67140253710589], [-90.20046959004746, 38.676040725891895], [-90.20603573033937, 38.68067867312418], [-90.21160258811075, 38.68531637866994], [-90.2171701635404, 38.68995384239636], [-90.2229126017605, 38.690090452895454], [-90.22865507887754, 38.69022678182468], [-90.23439759481155, 38.69036282917826], [-90.24014014948251, 38.69049859495047], [-90.24605541323987, 38.68613337677085], [-90.2517976862147, 38.68626855773688], [-90.25753999767723, 38.686403457149304], [-90.26328234754749, 38.686538075002424], [-90.26902473574555, 38.686672411290566], [-90.27459628650614, 38.69130727605424], [-90.2801685552908, 38.695941897935995], [-90.28574154227802, 38.70057627680287], [-90.29131524764634, 38.705210412521886], [-90.29688967157429, 38.70984430496006], [-90.30246481424038, 38.714477953984364], [-90.30804067582325, 38.71911135946174], [-90.31361725650144, 38.72374452125915], [-90.3191945564535, 38.72837743924346], [-90.3247725758581, 38.73301011328159], [-90.330518974577, 38.7331415620659], [-90.33626541075455, 38.733272728767844], [-90.3420118843105, 38.73340361338185], [-90.34775839516463, 38.73353421590239], [-90.35333872308522, 38.73816560113835], [-90.35908566820065, 38.73829566025279], [-90.36466711306467, 38.742926539503976], [-90.37024927800739, 38.74755717394432]]}}, {"type": "Feature", "properties": {"route_run_id": "stl_midamerica_to_st_louis_lambert_2026-01-12_0231", "route_pair": "midamerica_to_st_louis_lambert", "route_pair_label": "MidAmerica to St. Louis Lambert", "origin_label": "MidAmerica St. Louis Airport", "destination_label": "St. Louis Lambert International Airport", "origin_lat": 38.5451731, "origin_lon": -89.8351856, "destination_lat": 38.7486982, "destination_lon": -90.3700257, "traffic_date": "2026-01-12", "traffic_dataset": "January 12th - Monday", "weight_id": "w_0231", "distance_weight": 0.4, "population_weight": 0.6, "traffic_weight": 0.0, "airspace_weight": 0.0, "path_nodes": 101, "path_node_ids": [8877, 8881, 8905, 8906, 8933, 8929, 9143, 9146, 9173, 10020, 10063, 10067, 10069, 10083, 10099, 10422, 10101, 10106, 10104, 10110, 10109, 10516, 10515, 10514, 10517, 10522, 10299, 10300, 10301, 10309, 10308, 10533, 10363, 10350, 10351, 10366, 10376, 10374, 10379, 10614, 10407, 10410, 10411, 10408, 2604, 2605, 2606, 2603, 10715, 10714, 10713, 10722, 2597, 10723, 2596, 2876, 2875, 2874, 2873, 2885, 2886, 2884, 2883, 2890, 2891, 2895, 3904, 3925, 3926, 3931, 3951, 3954, 3953, 3966, 3944, 3977, 3976, 3941, 4043, 4066, 4067, 4068, 4185, 4187, 4188, 4076, 4075, 4082, 4084, 5080, 5084, 5310, 5311, 5337, 5320, 5322, 5323, 5346, 5357, 5358, 5364], "elapsed_seconds": 0.03448989999014884, "status": "success", "failure_reason": "", "route_distance_km": 74.86814321158518, "distance_cost_sum": 82.39723327077671, "population_cost_sum": 14.83726570267187, "traffic_cost_sum": 45.432997513902926, "airspace_cost_sum": 53.4, "total_weighted_score": 41.86125272991381}, "geometry": {"type": "LineString", "coordinates": [[-89.83272609742262, 38.54503213945896], [-89.83252853470323, 38.54953126729425], [-89.83233092788802, 38.55403039080605], [-89.83786323937711, 38.55868458173916], [-89.83766590046945, 38.563183721427826], [-89.84319923632499, 38.56783769816219], [-89.84873328471264, 38.57249144006519], [-89.8542680458121, 38.5771449470049], [-89.85980351980317, 38.58179821884939], [-89.86533970686553, 38.58645125546666], [-89.87087660717904, 38.591104056724724], [-89.87068110004802, 38.59560331429298], [-89.87621902698532, 38.60025590028999], [-89.88175766769213, 38.604908250624604], [-89.88729702234833, 38.60956036516477], [-89.89283709113381, 38.614212243778354], [-89.89857181380691, 38.614364528005225], [-89.90430657977188, 38.61451653168253], [-89.91004138894921, 38.614668254803874], [-89.9155833733424, 38.61931912852895], [-89.92131862594731, 38.619470314708934], [-89.9268617252078, 38.624120695492145], [-89.93259742104341, 38.62427134452904], [-89.93833315971467, 38.6244217128885], [-89.94406894114202, 38.62457180056415], [-89.94980476524591, 38.62472160754967], [-89.95554063194687, 38.62487113383877], [-89.96127654116528, 38.62502037942509], [-89.96701249282155, 38.625169344302385], [-89.97274848683627, 38.62531802846435], [-89.97848452312972, 38.62546643190471], [-89.98403193705393, 38.63011426460664], [-89.98958006609531, 38.63476185964426], [-89.99531694389556, 38.63490946811138], [-90.00105386367663, 38.63505679574229], [-90.00660350731387, 38.63970363840778], [-90.01234086854143, 38.63985042783196], [-90.01807827152109, 38.63999693635645], [-90.02362942973669, 38.64464302594129], [-90.0291813036891, 38.64928887709267], [-90.03473389355781, 38.653934489678136], [-90.04028719952224, 38.658579863565194], [-90.04602624200047, 38.65872506038847], [-90.05176532579277, 38.658869976095644], [-90.05750445081951, 38.65901461068064], [-90.06324361700084, 38.65915896413734], [-90.06898282425709, 38.65930303645963], [-90.07472207250845, 38.65944682764147], [-90.08046136167522, 38.65959033767675], [-90.0862006916776, 38.659733566559446], [-90.09194006243584, 38.659876514283475], [-90.09767947387014, 38.66001918084284], [-90.10341892590075, 38.66016156623149], [-90.1091584184479, 38.66030367044341], [-90.11489795143179, 38.66044549347263], [-90.12063752477266, 38.66058703531315], [-90.1263771383907, 38.66072829595899], [-90.1321167922061, 38.660869275404174], [-90.13785648613919, 38.66100997364278], [-90.14359622011, 38.661150390668844], [-90.14933599403881, 38.66129052647644], [-90.15507580784583, 38.66143038105964], [-90.16081566145125, 38.66156995441258], [-90.16655555477524, 38.661709246529334], [-90.17229548773797, 38.66184825740402], [-90.17785868094164, 38.666487447153536], [-90.18342259105025, 38.67112639580074], [-90.1889872182426, 38.67576510321293], [-90.19472838451095, 38.67590305525546], [-90.2002941269196, 38.68054126191918], [-90.20586058678872, 38.68517922698935], [-90.21142776429718, 38.68981695033316], [-90.2171701635404, 38.68995384239636], [-90.2229126017605, 38.690090452895454], [-90.22865507887754, 38.69022678182468], [-90.23439759481155, 38.69036282917826], [-90.24014014948251, 38.69049859495047], [-90.24605541323987, 38.68613337677085], [-90.2517976862147, 38.68626855773688], [-90.25736804511756, 38.69090420272148], [-90.26311075393669, 38.69103884211091], [-90.26868222818311, 38.695673984376505], [-90.27425442059507, 38.700308883813186], [-90.27999796237877, 38.700442721166475], [-90.28557127047641, 38.70507711728869], [-90.29148516021279, 38.700709550716724], [-90.297228816103, 38.700842542902386], [-90.30280331580018, 38.70547615766316], [-90.30837853409372, 38.710109528957155], [-90.31395447116216, 38.71474265665128], [-90.31378588266769, 38.71924359100243], [-90.31936286061908, 38.72387649197406], [-90.32494055786266, 38.72850914903958], [-90.330518974577, 38.7331415620659], [-90.33626541075455, 38.733272728767844], [-90.3420118843105, 38.73340361338185], [-90.34775839516463, 38.73353421590239], [-90.35333872308522, 38.73816560113835], [-90.35908566820065, 38.73829566025279], [-90.36466711306467, 38.742926539503976], [-90.37024927800739, 38.74755717394432]]}}, {"type": "Feature", "properties": {"route_run_id": "stl_midamerica_to_st_louis_lambert_2026-01-12_0184", "route_pair": "midamerica_to_st_louis_lambert", "route_pair_label": "MidAmerica to St. Louis Lambert", "origin_label": "MidAmerica St. Louis Airport", "destination_label": "St. Louis Lambert International Airport", "origin_lat": 38.5451731, "origin_lon": -89.8351856, "destination_lat": 38.7486982, "destination_lon": -90.3700257, "traffic_date": "2026-01-12", "traffic_dataset": "January 12th - Monday", "weight_id": "w_0184", "distance_weight": 0.3, "population_weight": 0.2, "traffic_weight": 0.1, "airspace_weight": 0.4, "path_nodes": 97, "path_node_ids": [8877, 8879, 8896, 8900, 8924, 8930, 10012, 10015, 10018, 10062, 10055, 10058, 10094, 10096, 10103, 10104, 10110, 10109, 10516, 10515, 10514, 10517, 10522, 10299, 10300, 10301, 10311, 10532, 10533, 10349, 10347, 10348, 10346, 10359, 10358, 10356, 10357, 10336, 10335, 10337, 10330, 2548, 2527, 2525, 2526, 2538, 2540, 2516, 2530, 2534, 2559, 2561, 2840, 2842, 2843, 2845, 2878, 2879, 2884, 2883, 2893, 4095, 4096, 3932, 3933, 3958, 3962, 3974, 3973, 3972, 3971, 3982, 4295, 4299, 4301, 4202, 4215, 4220, 4223, 4255, 4233, 4234, 4242, 4265, 4244, 4243, 5336, 5338, 5341, 5339, 5345, 5324, 5347, 5346, 5357, 5358, 5364], "elapsed_seconds": 0.05450830000336282, "status": "success", "failure_reason": "", "route_distance_km": 73.36612246444764, "distance_cost_sum": 80.7441623040015, "population_cost_sum": 22.581349513335546, "traffic_cost_sum": 31.12205765807966, "airspace_cost_sum": 48.8, "total_weighted_score": 51.37172435967554}, "geometry": {"type": "LineString", "coordinates": [[-89.83272609742262, 38.54503213945896], [-89.83825778508921, 38.54968628939868], [-89.84379018463301, 38.55434020475587], [-89.84932329623358, 38.558993885398685], [-89.85485712007056, 38.56364733119524], [-89.86039165632353, 38.56830054201366], [-89.86592690517212, 38.57295351772198], [-89.871462866796, 38.577606258188254], [-89.87126749054252, 38.58210552867199], [-89.8768044781077, 38.58675805398646], [-89.88234217896623, 38.591410343755804], [-89.8878805932977, 38.59606239784802], [-89.89341972128202, 38.600714216131045], [-89.89895956309883, 38.60536579847276], [-89.90450011892796, 38.61001714474108], [-89.91004138894921, 38.614668254803874], [-89.9155833733424, 38.61931912852895], [-89.92131862594731, 38.619470314708934], [-89.9268617252078, 38.624120695492145], [-89.93259742104341, 38.62427134452904], [-89.93833315971467, 38.6244217128885], [-89.94406894114202, 38.62457180056415], [-89.94980476524591, 38.62472160754967], [-89.95554063194687, 38.62487113383877], [-89.96127654116528, 38.62502037942509], [-89.96701249282155, 38.625169344302385], [-89.97255910725055, 38.62981769100349], [-89.9782955010475, 38.62996611819141], [-89.98403193705393, 38.63011426460664], [-89.9897684151902, 38.630262130242976], [-89.99550493537676, 38.630409715094125], [-90.001241497534, 38.63055701915386], [-90.00697810158232, 38.630704042416006], [-90.01271474744215, 38.63085078487433], [-90.01845143503385, 38.63099724652267], [-90.02418816427785, 38.631143427354814], [-90.02992493509446, 38.631289327364605], [-90.03566174740413, 38.6314349465459], [-90.04139860112724, 38.63158028489256], [-90.04713549618415, 38.63172534239843], [-90.0530568061099, 38.627370128132036], [-90.0587934259509, 38.627514600818145], [-90.06453008687686, 38.627658792689985], [-90.07026678880817, 38.62780270374147], [-90.07600353166524, 38.62794633396657], [-90.08174031536842, 38.6280896833592], [-90.08747713983809, 38.62823275191331], [-90.09339583428118, 38.623875383605984], [-90.09895091075838, 38.62851804648185], [-90.10450670259345, 38.633160469873815], [-90.11006320996535, 38.6378026536494], [-90.11562043305292, 38.64244459767609], [-90.12135857394713, 38.64258604896054], [-90.12691691116937, 38.64722749468063], [-90.13265549047176, 38.64736840647394], [-90.13821494197643, 38.652009353518125], [-90.14395395948668, 38.652149725619736], [-90.14951452542148, 38.65679017361872], [-90.15507580784583, 38.66143038105964], [-90.16081566145125, 38.66156995441258], [-90.16637805865126, 38.66620966221335], [-90.17194117271791, 38.67084912909773], [-90.17750500383, 38.67548835493302], [-90.18306955216653, 38.68012733958649], [-90.18863481790633, 38.68476608292537], [-90.19420080122836, 38.68940458481685], [-90.19976750231159, 38.694042845128145], [-90.20533492133491, 38.69868086372641], [-90.2110779994899, 38.698818081237896], [-90.21682111672072, 38.69895501710115], [-90.22256427294727, 38.69909167131035], [-90.22830746808964, 38.699228043859776], [-90.23405070206775, 38.699364134743625], [-90.23962082945226, 38.70400061226774], [-90.24519167522915, 38.70863684734796], [-90.25093574365499, 38.70877213647181], [-90.25650770587707, 38.713407868791336], [-90.2620803868679, 38.71804335830804], [-90.26765378680629, 38.72267860488892], [-90.27322790587108, 38.727313608400934], [-90.27897360415623, 38.72744757424986], [-90.2847193406125, 38.72758125811188], [-90.29046511515969, 38.72771465998137], [-90.29604114694997, 38.73234863831933], [-90.30178735717278, 38.73248149743191], [-90.30753360525517, 38.73261407449003], [-90.31327989111702, 38.732746369488076], [-90.31902621467803, 38.73287838242046], [-90.32460455631471, 38.7375110734335], [-90.33035131489382, 38.737642543240376], [-90.33609811094065, 38.737773730919855], [-90.341844944375, 38.73790463646636], [-90.34759181511657, 38.738035259874366], [-90.35333872308522, 38.73816560113835], [-90.35908566820065, 38.73829566025279], [-90.36466711306467, 38.742926539503976], [-90.37024927800739, 38.74755717394432]]}}, {"type": "Feature", "properties": {"route_run_id": "stl_midamerica_to_st_louis_lambert_2026-01-12_0230", "route_pair": "midamerica_to_st_louis_lambert", "route_pair_label": "MidAmerica to St. Louis Lambert", "origin_label": "MidAmerica St. Louis Airport", "destination_label": "St. Louis Lambert International Airport", "origin_lat": 38.5451731, "origin_lon": -89.8351856, "destination_lat": 38.7486982, "destination_lon": -90.3700257, "traffic_date": "2026-01-12", "traffic_dataset": "January 12th - Monday", "weight_id": "w_0230", "distance_weight": 0.4, "population_weight": 0.5, "traffic_weight": 0.1, "airspace_weight": 0.0, "path_nodes": 101, "path_node_ids": [8877, 8881, 8905, 8906, 8933, 8929, 9143, 9146, 9173, 10020, 10063, 10067, 10069, 10083, 10099, 10422, 10101, 10106, 10104, 10110, 10109, 10516, 10515, 10514, 10517, 10522, 10299, 10524, 10529, 10538, 10539, 10537, 10367, 10364, 10365, 10366, 10376, 10374, 10379, 10378, 10391, 10402, 10404, 10408, 2604, 2605, 2606, 2603, 10715, 10714, 10713, 10722, 2597, 10723, 2596, 2876, 2875, 2874, 2873, 2885, 2886, 2884, 2883, 2893, 4095, 4096, 3932, 3933, 3958, 3957, 3965, 3954, 3953, 3966, 3944, 3977, 3976, 3941, 4043, 4066, 4067, 4068, 4185, 4187, 4186, 4076, 4075, 4082, 4084, 5080, 5084, 5310, 5311, 5337, 5320, 5322, 5323, 5346, 5357, 5358, 5364], "elapsed_seconds": 0.04102299999794923, "status": "success", "failure_reason": "", "route_distance_km": 74.33539895358332, "distance_cost_sum": 81.81091376267577, "population_cost_sum": 15.360687625226026, "traffic_cost_sum": 43.389268614866474, "airspace_cost_sum": 53.4, "total_weighted_score": 44.74363617916997}, "geometry": {"type": "LineString", "coordinates": [[-89.83272609742262, 38.54503213945896], [-89.83252853470323, 38.54953126729425], [-89.83233092788802, 38.55403039080605], [-89.83786323937711, 38.55868458173916], [-89.83766590046945, 38.563183721427826], [-89.84319923632499, 38.56783769816219], [-89.84873328471264, 38.57249144006519], [-89.8542680458121, 38.5771449470049], [-89.85980351980317, 38.58179821884939], [-89.86533970686553, 38.58645125546666], [-89.87087660717904, 38.591104056724724], [-89.87068110004802, 38.59560331429298], [-89.87621902698532, 38.60025590028999], [-89.88175766769213, 38.604908250624604], [-89.88729702234833, 38.60956036516477], [-89.89283709113381, 38.614212243778354], [-89.89857181380691, 38.614364528005225], [-89.90430657977188, 38.61451653168253], [-89.91004138894921, 38.614668254803874], [-89.9155833733424, 38.61931912852895], [-89.92131862594731, 38.619470314708934], [-89.9268617252078, 38.624120695492145], [-89.93259742104341, 38.62427134452904], [-89.93833315971467, 38.6244217128885], [-89.94406894114202, 38.62457180056415], [-89.94980476524591, 38.62472160754967], [-89.95554063194687, 38.62487113383877], [-89.96108644660326, 38.62951999433463], [-89.966632976295, 38.63416861753812], [-89.97218022120177, 38.63881700331695], [-89.97791733024451, 38.63896547800877], [-89.98365448151714, 38.63911367183824], [-89.98939167493998, 38.639261584799115], [-89.9951289104335, 38.63940921688515], [-90.00086618791799, 38.639556568090114], [-90.00660350731387, 38.63970363840778], [-90.01234086854143, 38.63985042783196], [-90.01807827152109, 38.63999693635645], [-90.02362942973669, 38.64464302594129], [-90.02936727381517, 38.644788996000585], [-90.0349195472141, 38.64943458949962], [-90.0406578321926, 38.64958002089252], [-90.04621122092473, 38.6542251179363], [-90.05176532579277, 38.658869976095644], [-90.05750445081951, 38.65901461068064], [-90.06324361700084, 38.65915896413734], [-90.06898282425709, 38.65930303645963], [-90.07472207250845, 38.65944682764147], [-90.08046136167522, 38.65959033767675], [-90.0862006916776, 38.659733566559446], [-90.09194006243584, 38.659876514283475], [-90.09767947387014, 38.66001918084284], [-90.10341892590075, 38.66016156623149], [-90.1091584184479, 38.66030367044341], [-90.11489795143179, 38.66044549347263], [-90.12063752477266, 38.66058703531315], [-90.1263771383907, 38.66072829595899], [-90.1321167922061, 38.660869275404174], [-90.13785648613919, 38.66100997364278], [-90.14359622011, 38.661150390668844], [-90.14933599403881, 38.66129052647644], [-90.15507580784583, 38.66143038105964], [-90.16081566145125, 38.66156995441258], [-90.16637805865126, 38.66620966221335], [-90.17194117271791, 38.67084912909773], [-90.17750500383, 38.67548835493302], [-90.18306955216653, 38.68012733958649], [-90.18863481790633, 38.68476608292537], [-90.19420080122836, 38.68940458481685], [-90.19994308306117, 38.6895423215376], [-90.20568540411075, 38.68967977671165], [-90.21142776429718, 38.68981695033316], [-90.2171701635404, 38.68995384239636], [-90.2229126017605, 38.690090452895454], [-90.22865507887754, 38.69022678182468], [-90.23439759481155, 38.69036282917826], [-90.24014014948251, 38.69049859495047], [-90.24605541323987, 38.68613337677085], [-90.2517976862147, 38.68626855773688], [-90.25736804511756, 38.69090420272148], [-90.26311075393669, 38.69103884211091], [-90.26868222818311, 38.695673984376505], [-90.27425442059507, 38.700308883813186], [-90.27999796237877, 38.700442721166475], [-90.28574154227802, 38.70057627680287], [-90.29148516021279, 38.700709550716724], [-90.297228816103, 38.700842542902386], [-90.30280331580018, 38.70547615766316], [-90.30837853409372, 38.710109528957155], [-90.31395447116216, 38.71474265665128], [-90.31378588266769, 38.71924359100243], [-90.31936286061908, 38.72387649197406], [-90.32494055786266, 38.72850914903958], [-90.330518974577, 38.7331415620659], [-90.33626541075455, 38.733272728767844], [-90.3420118843105, 38.73340361338185], [-90.34775839516463, 38.73353421590239], [-90.35333872308522, 38.73816560113835], [-90.35908566820065, 38.73829566025279], [-90.36466711306467, 38.742926539503976], [-90.37024927800739, 38.74755717394432]]}}, {"type": "Feature", "properties": {"route_run_id": "stl_midamerica_to_st_louis_lambert_2026-01-12_0262", "route_pair": "midamerica_to_st_louis_lambert", "route_pair_label": "MidAmerica to St. Louis Lambert", "origin_label": "MidAmerica St. Louis Airport", "destination_label": "St. Louis Lambert International Airport", "origin_lat": 38.5451731, "origin_lon": -89.8351856, "destination_lat": 38.7486982, "destination_lon": -90.3700257, "traffic_date": "2026-01-12", "traffic_dataset": "January 12th - Monday", "weight_id": "w_0262", "distance_weight": 0.6, "population_weight": 0.2, "traffic_weight": 0.0, "airspace_weight": 0.2, "path_nodes": 97, "path_node_ids": [8877, 8881, 8904, 8922, 8923, 8927, 9145, 10016, 10018, 10062, 10055, 10058, 10094, 10096, 10103, 10104, 10110, 10109, 10516, 10515, 10514, 10517, 10522, 10299, 10300, 10301, 10309, 10308, 10533, 10363, 10350, 10351, 10366, 10376, 10374, 10379, 10378, 10391, 10402, 10403, 10390, 2577, 2576, 2598, 2575, 2587, 10714, 10713, 10722, 2597, 10723, 2596, 2876, 2875, 2874, 2873, 2885, 2886, 2884, 2883, 2890, 2891, 2895, 3904, 3925, 3926, 3927, 3914, 3948, 3947, 3952, 3940, 3942, 3943, 3941, 4043, 4066, 4067, 4068, 4185, 4187, 4188, 4080, 4205, 4207, 4212, 5309, 5313, 5335, 5337, 5320, 5322, 5323, 5346, 5357, 5358, 5364], "elapsed_seconds": 0.03415530000347644, "status": "success", "failure_reason": "", "route_distance_km": 72.30002205185355, "distance_cost_sum": 79.57084985603105, "population_cost_sum": 19.20083244972395, "traffic_cost_sum": 47.104612535942294, "airspace_cost_sum": 49.8, "total_weighted_score": 61.542676403563426}, "geometry": {"type": "LineString", "coordinates": [[-89.83272609742262, 38.54503213945896], [-89.83252853470323, 38.54953126729425], [-89.83806053424684, 38.55418543772932], [-89.84359324582596, 38.558839373542895], [-89.84912666962028, 38.563493074603095], [-89.85466080580946, 38.568146540778045], [-89.86019565457306, 38.572799771935806], [-89.86573121609086, 38.57745276794444], [-89.87126749054252, 38.58210552867199], [-89.8768044781077, 38.58675805398646], [-89.88234217896623, 38.591410343755804], [-89.8878805932977, 38.59606239784802], [-89.89341972128202, 38.600714216131045], [-89.89895956309883, 38.60536579847276], [-89.90450011892796, 38.61001714474108], [-89.91004138894921, 38.614668254803874], [-89.9155833733424, 38.61931912852895], [-89.92131862594731, 38.619470314708934], [-89.9268617252078, 38.624120695492145], [-89.93259742104341, 38.62427134452904], [-89.93833315971467, 38.6244217128885], [-89.94406894114202, 38.62457180056415], [-89.94980476524591, 38.62472160754967], [-89.95554063194687, 38.62487113383877], [-89.96127654116528, 38.62502037942509], [-89.96701249282155, 38.625169344302385], [-89.97274848683627, 38.62531802846435], [-89.97848452312972, 38.62546643190471], [-89.98403193705393, 38.63011426460664], [-89.98958006609531, 38.63476185964426], [-89.99531694389556, 38.63490946811138], [-90.00105386367663, 38.63505679574229], [-90.00660350731387, 38.63970363840778], [-90.01234086854143, 38.63985042783196], [-90.01807827152109, 38.63999693635645], [-90.02362942973669, 38.64464302594129], [-90.02936727381517, 38.644788996000585], [-90.0349195472141, 38.64943458949962], [-90.0406578321926, 38.64958002089252], [-90.04639615854494, 38.6497251712652], [-90.0521345261914, 38.64987004061157], [-90.05787293505232, 38.6500146289255], [-90.06361138504795, 38.650158936200874], [-90.06934987609858, 38.6503029624316], [-90.07508840812451, 38.65044670761164], [-90.08064419177347, 38.65509025680674], [-90.0862006916776, 38.659733566559446], [-90.09194006243584, 38.659876514283475], [-90.09767947387014, 38.66001918084284], [-90.10341892590075, 38.66016156623149], [-90.1091584184479, 38.66030367044341], [-90.11489795143179, 38.66044549347263], [-90.12063752477266, 38.66058703531315], [-90.1263771383907, 38.66072829595899], [-90.1321167922061, 38.660869275404174], [-90.13785648613919, 38.66100997364278], [-90.14359622011, 38.661150390668844], [-90.14933599403881, 38.66129052647644], [-90.15507580784583, 38.66143038105964], [-90.16081566145125, 38.66156995441258], [-90.16655555477524, 38.661709246529334], [-90.17229548773797, 38.66184825740402], [-90.17785868094164, 38.666487447153536], [-90.18342259105025, 38.67112639580074], [-90.1889872182426, 38.67576510321293], [-90.19472838451095, 38.67590305525546], [-90.20046959004746, 38.676040725891895], [-90.20621083477218, 38.67617811511645], [-90.21177737287698, 38.68081580286656], [-90.21751905445252, 38.68095265114052], [-90.22308670781703, 38.685589837485246], [-90.22882882604138, 38.685726144608395], [-90.23457098307328, 38.6858621702009], [-90.24031317883275, 38.68599791425695], [-90.24605541323987, 38.68613337677085], [-90.2517976862147, 38.68626855773688], [-90.25736804511756, 38.69090420272148], [-90.26311075393669, 38.69103884211091], [-90.26868222818311, 38.695673984376505], [-90.27425442059507, 38.700308883813186], [-90.27999796237877, 38.700442721166475], [-90.28557127047641, 38.70507711728869], [-90.29131524764634, 38.705210412521886], [-90.29688967157429, 38.70984430496006], [-90.30246481424038, 38.714477953984364], [-90.30804067582325, 38.71911135946174], [-90.31361725650144, 38.72374452125915], [-90.3191945564535, 38.72837743924346], [-90.3247725758581, 38.73301011328159], [-90.330518974577, 38.7331415620659], [-90.33626541075455, 38.733272728767844], [-90.3420118843105, 38.73340361338185], [-90.34775839516463, 38.73353421590239], [-90.35333872308522, 38.73816560113835], [-90.35908566820065, 38.73829566025279], [-90.36466711306467, 38.742926539503976], [-90.37024927800739, 38.74755717394432]]}}, {"type": "Feature", "properties": {"route_run_id": "stl_midamerica_to_st_louis_lambert_2026-01-12_0234", "route_pair": "midamerica_to_st_louis_lambert", "route_pair_label": "MidAmerica to St. Louis Lambert", "origin_label": "MidAmerica St. Louis Airport", "destination_label": "St. Louis Lambert International Airport", "origin_lat": 38.5451731, "origin_lon": -89.8351856, "destination_lat": 38.7486982, "destination_lon": -90.3700257, "traffic_date": "2026-01-12", "traffic_dataset": "January 12th - Monday", "weight_id": "w_0234", "distance_weight": 0.5, "population_weight": 0.0, "traffic_weight": 0.2, "airspace_weight": 0.3, "path_nodes": 96, "path_node_ids": [8877, 8879, 8896, 8900, 8924, 8930, 9788, 10013, 10014, 10036, 10052, 10054, 10061, 10051, 10049, 10048, 10050, 10253, 10252, 10241, 10240, 10249, 10275, 10277, 10293, 10304, 10305, 10306, 10319, 10321, 10320, 10318, 10355, 10358, 10356, 10357, 10336, 10335, 10337, 10334, 2551, 2550, 2552, 2549, 2542, 2541, 2543, 2537, 2563, 2562, 2561, 2840, 2842, 2843, 2845, 2878, 2879, 2884, 2883, 2890, 2891, 2892, 3896, 2796, 2797, 3895, 3890, 3891, 3892, 3889, 2803, 2806, 3915, 3917, 4011, 4010, 4009, 4008, 4019, 4017, 4022, 4029, 4034, 4060, 4064, 5048, 5052, 5076, 5082, 5299, 5304, 5319, 5321, 5357, 5358, 5364], "elapsed_seconds": 0.04558639999595471, "status": "success", "failure_reason": "", "route_distance_km": 71.91350325790738, "distance_cost_sum": 79.1454609274141, "population_cost_sum": 43.11762759908802, "traffic_cost_sum": 29.97318661226534, "airspace_cost_sum": 48.00000000000003, "total_weighted_score": 59.967367786160125}, "geometry": {"type": "LineString", "coordinates": [[-89.83272609742262, 38.54503213945896], [-89.83825778508921, 38.54968628939868], [-89.84379018463301, 38.55434020475587], [-89.84932329623358, 38.558993885398685], [-89.85485712007056, 38.56364733119524], [-89.86039165632353, 38.56830054201366], [-89.86612255057987, 38.568454263192415], [-89.87165819944471, 38.57310698340007], [-89.87719456110594, 38.577759468272795], [-89.88273163574308, 38.582411717678575], [-89.88826942353593, 38.58706373148541], [-89.89380792466403, 38.591715509561276], [-89.89934713930707, 38.59636705177409], [-89.90508047722643, 38.59651895818466], [-89.91081385831642, 38.59667058421835], [-89.91654728249756, 38.596821929868824], [-89.92228074969049, 38.59697299512966], [-89.92801425981584, 38.59712377999449], [-89.93374781279411, 38.597274284457015], [-89.93948140854593, 38.5974245085108], [-89.94521504699188, 38.5975744521496], [-89.95075817398295, 38.60222370805987], [-89.95630201501413, 38.606872727099336], [-89.96184657026487, 38.611521509135784], [-89.96739183991471, 38.61617005403699], [-89.97312711918148, 38.61631869062297], [-89.97867350301271, 38.62096674136646], [-89.98440922407127, 38.621114840379136], [-89.99014498723932, 38.62126265870254], [-89.99588079243732, 38.621410196330416], [-90.00161663958568, 38.62155745325657], [-90.00735252860491, 38.621704429474754], [-90.01290162428964, 38.62635095704363], [-90.01845143503385, 38.63099724652267], [-90.02418816427785, 38.631143427354814], [-90.02992493509446, 38.631289327364605], [-90.03566174740413, 38.6314349465459], [-90.04139860112724, 38.63158028489256], [-90.04713549618415, 38.63172534239843], [-90.05287243249526, 38.6318701190574], [-90.05860940998092, 38.63201461486337], [-90.06434642856152, 38.63215882981023], [-90.07008348815737, 38.6323027638919], [-90.07582058868887, 38.63244641710234], [-90.08155773007638, 38.632589789435436], [-90.08729491224024, 38.63273288088516], [-90.0930321351008, 38.63287569144548], [-90.09858784586112, 38.63751839154712], [-90.10414427229796, 38.64216085208573], [-90.10988233247663, 38.6423028653825], [-90.11562043305292, 38.64244459767609], [-90.12135857394713, 38.64258604896054], [-90.12691691116937, 38.64722749468063], [-90.13265549047176, 38.64736840647394], [-90.13821494197643, 38.652009353518125], [-90.14395395948668, 38.652149725619736], [-90.14951452542148, 38.65679017361872], [-90.15507580784583, 38.66143038105964], [-90.16081566145125, 38.66156995441258], [-90.16655555477524, 38.661709246529334], [-90.17229548773797, 38.66184825740402], [-90.17803546025965, 38.66198698703078], [-90.18377547226044, 38.66212543540375], [-90.18951552366053, 38.66226360251709], [-90.1952556143801, 38.66240148836498], [-90.20099574433928, 38.66253909294154], [-90.20673591345827, 38.66267641624103], [-90.21247612165722, 38.6628134582576], [-90.21821636885625, 38.6629502189855], [-90.22395665497557, 38.66308669841892], [-90.2296969799353, 38.66322289655212], [-90.23543734365559, 38.663358813379354], [-90.24100490985096, 38.667995150218864], [-90.24674570937407, 38.66813052607476], [-90.25231438982323, 38.67276636103712], [-90.25805562494689, 38.67290119572174], [-90.26379689845037, 38.67303574898191], [-90.26953821025378, 38.673170020811966], [-90.27527956027723, 38.67330401120623], [-90.28102094844074, 38.67343772015905], [-90.28659233093768, 38.67807201278429], [-90.29216443101578, 38.68270606246168], [-90.29773724885335, 38.68733986905835], [-90.30331078462868, 38.69197343244128], [-90.30888503852013, 38.69660675247757], [-90.31446001070607, 38.70123982903419], [-90.32003570136486, 38.70587266197814], [-90.32561211067481, 38.710505251176386], [-90.33118923881437, 38.715137596495865], [-90.3367670859619, 38.719769697803464], [-90.34234565229588, 38.724401554966114], [-90.34792493799469, 38.72903316785066], [-90.35350494323681, 38.73366453632395], [-90.35908566820065, 38.73829566025279], [-90.36466711306467, 38.742926539503976], [-90.37024927800739, 38.74755717394432]]}}, {"type": "Feature", "properties": {"route_run_id": "stl_midamerica_to_st_louis_lambert_2026-01-12_0206", "route_pair": "midamerica_to_st_louis_lambert", "route_pair_label": "MidAmerica to St. Louis Lambert", "origin_label": "MidAmerica St. Louis Airport", "destination_label": "St. Louis Lambert International Airport", "origin_lat": 38.5451731, "origin_lon": -89.8351856, "destination_lat": 38.7486982, "destination_lon": -90.3700257, "traffic_date": "2026-01-12", "traffic_dataset": "January 12th - Monday", "weight_id": "w_0206", "distance_weight": 0.4, "population_weight": 0.0, "traffic_weight": 0.2, "airspace_weight": 0.4, "path_nodes": 96, "path_node_ids": [8877, 8879, 8896, 8900, 8924, 8930, 9788, 10013, 10014, 10036, 10052, 10054, 10061, 10051, 10049, 10048, 10050, 10253, 10252, 10241, 10240, 10249, 10275, 10277, 10293, 10304, 10305, 10306, 10319, 10321, 10320, 10318, 10355, 10358, 10356, 10357, 10336, 10335, 10337, 10330, 2548, 2527, 2525, 2526, 2538, 2540, 2539, 2530, 2534, 2559, 2561, 2840, 2842, 2843, 2845, 2878, 2879, 2884, 2883, 2890, 2891, 2892, 3896, 2796, 2797, 3895, 3890, 3891, 3892, 3889, 2803, 2806, 3915, 3917, 4011, 4010, 4009, 4008, 4019, 4017, 4022, 4029, 4034, 4060, 4064, 5048, 5052, 5076, 5082, 5299, 5304, 5319, 5321, 5357, 5358, 5364], "elapsed_seconds": 0.052196000004187226, "status": "success", "failure_reason": "", "route_distance_km": 72.44603143919376, "distance_cost_sum": 79.7315426291161, "population_cost_sum": 42.52885387693327, "traffic_cost_sum": 29.48243439698667, "airspace_cost_sum": 47.4, "total_weighted_score": 56.74910393104379}, "geometry": {"type": "LineString", "coordinates": [[-89.83272609742262, 38.54503213945896], [-89.83825778508921, 38.54968628939868], [-89.84379018463301, 38.55434020475587], [-89.84932329623358, 38.558993885398685], [-89.85485712007056, 38.56364733119524], [-89.86039165632353, 38.56830054201366], [-89.86612255057987, 38.568454263192415], [-89.87165819944471, 38.57310698340007], [-89.87719456110594, 38.577759468272795], [-89.88273163574308, 38.582411717678575], [-89.88826942353593, 38.58706373148541], [-89.89380792466403, 38.591715509561276], [-89.89934713930707, 38.59636705177409], [-89.90508047722643, 38.59651895818466], [-89.91081385831642, 38.59667058421835], [-89.91654728249756, 38.596821929868824], [-89.92228074969049, 38.59697299512966], [-89.92801425981584, 38.59712377999449], [-89.93374781279411, 38.597274284457015], [-89.93948140854593, 38.5974245085108], [-89.94521504699188, 38.5975744521496], [-89.95075817398295, 38.60222370805987], [-89.95630201501413, 38.606872727099336], [-89.96184657026487, 38.611521509135784], [-89.96739183991471, 38.61617005403699], [-89.97312711918148, 38.61631869062297], [-89.97867350301271, 38.62096674136646], [-89.98440922407127, 38.621114840379136], [-89.99014498723932, 38.62126265870254], [-89.99588079243732, 38.621410196330416], [-90.00161663958568, 38.62155745325657], [-90.00735252860491, 38.621704429474754], [-90.01290162428964, 38.62635095704363], [-90.01845143503385, 38.63099724652267], [-90.02418816427785, 38.631143427354814], [-90.02992493509446, 38.631289327364605], [-90.03566174740413, 38.6314349465459], [-90.04139860112724, 38.63158028489256], [-90.04713549618415, 38.63172534239843], [-90.0530568061099, 38.627370128132036], [-90.0587934259509, 38.627514600818145], [-90.06453008687686, 38.627658792689985], [-90.07026678880817, 38.62780270374147], [-90.07600353166524, 38.62794633396657], [-90.08174031536842, 38.6280896833592], [-90.08747713983809, 38.62823275191331], [-90.09321400499459, 38.62837553962287], [-90.09895091075838, 38.62851804648185], [-90.10450670259345, 38.633160469873815], [-90.11006320996535, 38.6378026536494], [-90.11562043305292, 38.64244459767609], [-90.12135857394713, 38.64258604896054], [-90.12691691116937, 38.64722749468063], [-90.13265549047176, 38.64736840647394], [-90.13821494197643, 38.652009353518125], [-90.14395395948668, 38.652149725619736], [-90.14951452542148, 38.65679017361872], [-90.15507580784583, 38.66143038105964], [-90.16081566145125, 38.66156995441258], [-90.16655555477524, 38.661709246529334], [-90.17229548773797, 38.66184825740402], [-90.17803546025965, 38.66198698703078], [-90.18377547226044, 38.66212543540375], [-90.18951552366053, 38.66226360251709], [-90.1952556143801, 38.66240148836498], [-90.20099574433928, 38.66253909294154], [-90.20673591345827, 38.66267641624103], [-90.21247612165722, 38.6628134582576], [-90.21821636885625, 38.6629502189855], [-90.22395665497557, 38.66308669841892], [-90.2296969799353, 38.66322289655212], [-90.23543734365559, 38.663358813379354], [-90.24100490985096, 38.667995150218864], [-90.24674570937407, 38.66813052607476], [-90.25231438982323, 38.67276636103712], [-90.25805562494689, 38.67290119572174], [-90.26379689845037, 38.67303574898191], [-90.26953821025378, 38.673170020811966], [-90.27527956027723, 38.67330401120623], [-90.28102094844074, 38.67343772015905], [-90.28659233093768, 38.67807201278429], [-90.29216443101578, 38.68270606246168], [-90.29773724885335, 38.68733986905835], [-90.30331078462868, 38.69197343244128], [-90.30888503852013, 38.69660675247757], [-90.31446001070607, 38.70123982903419], [-90.32003570136486, 38.70587266197814], [-90.32561211067481, 38.710505251176386], [-90.33118923881437, 38.715137596495865], [-90.3367670859619, 38.719769697803464], [-90.34234565229588, 38.724401554966114], [-90.34792493799469, 38.72903316785066], [-90.35350494323681, 38.73366453632395], [-90.35908566820065, 38.73829566025279], [-90.36466711306467, 38.742926539503976], [-90.37024927800739, 38.74755717394432]]}}, {"type": "Feature", "properties": {"route_run_id": "stl_midamerica_to_st_louis_lambert_2026-01-12_0186", "route_pair": "midamerica_to_st_louis_lambert", "route_pair_label": "MidAmerica to St. Louis Lambert", "origin_label": "MidAmerica St. Louis Airport", "destination_label": "St. Louis Lambert International Airport", "origin_lat": 38.5451731, "origin_lon": -89.8351856, "destination_lat": 38.7486982, "destination_lon": -90.3700257, "traffic_date": "2026-01-12", "traffic_dataset": "January 12th - Monday", "weight_id": "w_0186", "distance_weight": 0.3, "population_weight": 0.2, "traffic_weight": 0.3, "airspace_weight": 0.2, "path_nodes": 97, "path_node_ids": [8877, 8879, 8896, 8900, 8924, 8930, 10012, 10015, 10018, 10062, 10055, 10058, 10094, 10096, 10103, 10104, 10110, 10109, 10516, 10515, 10514, 10513, 10298, 10295, 10296, 10297, 10309, 10532, 10533, 10349, 10347, 10348, 10346, 10359, 10358, 10356, 10357, 10336, 10335, 10337, 10330, 2548, 2527, 2525, 2526, 2538, 2540, 2539, 2530, 2534, 2559, 2561, 2840, 2842, 2843, 2845, 2878, 2879, 2884, 2883, 2893, 4095, 4096, 3932, 3933, 3958, 3962, 3974, 3973, 3972, 3971, 3982, 4295, 4299, 4301, 4202, 4215, 4220, 4223, 4255, 4233, 4234, 4242, 4265, 4244, 4243, 5336, 5338, 5341, 5339, 5320, 5322, 5323, 5346, 5357, 5358, 5364], "elapsed_seconds": 0.053219899971736595, "status": "success", "failure_reason": "", "route_distance_km": 73.89962802991411, "distance_cost_sum": 81.33131968020041, "population_cost_sum": 22.581349513335546, "traffic_cost_sum": 29.395244339072736, "airspace_cost_sum": 49.4, "total_weighted_score": 47.614239108449055}, "geometry": {"type": "LineString", "coordinates": [[-89.83272609742262, 38.54503213945896], [-89.83825778508921, 38.54968628939868], [-89.84379018463301, 38.55434020475587], [-89.84932329623358, 38.558993885398685], [-89.85485712007056, 38.56364733119524], [-89.86039165632353, 38.56830054201366], [-89.86592690517212, 38.57295351772198], [-89.871462866796, 38.577606258188254], [-89.87126749054252, 38.58210552867199], [-89.8768044781077, 38.58675805398646], [-89.88234217896623, 38.591410343755804], [-89.8878805932977, 38.59606239784802], [-89.89341972128202, 38.600714216131045], [-89.89895956309883, 38.60536579847276], [-89.90450011892796, 38.61001714474108], [-89.91004138894921, 38.614668254803874], [-89.9155833733424, 38.61931912852895], [-89.92131862594731, 38.619470314708934], [-89.9268617252078, 38.624120695492145], [-89.93259742104341, 38.62427134452904], [-89.93833315971467, 38.6244217128885], [-89.9442600654149, 38.62007225316597], [-89.94999553214618, 38.62022203618278], [-89.95573104146416, 38.620371538547964], [-89.96146659328937, 38.6205207602552], [-89.96720218754218, 38.620669701298226], [-89.97274848683627, 38.62531802846435], [-89.9782955010475, 38.62996611819141], [-89.98403193705393, 38.63011426460664], [-89.9897684151902, 38.630262130242976], [-89.99550493537676, 38.630409715094125], [-90.001241497534, 38.63055701915386], [-90.00697810158232, 38.630704042416006], [-90.01271474744215, 38.63085078487433], [-90.01845143503385, 38.63099724652267], [-90.02418816427785, 38.631143427354814], [-90.02992493509446, 38.631289327364605], [-90.03566174740413, 38.6314349465459], [-90.04139860112724, 38.63158028489256], [-90.04713549618415, 38.63172534239843], [-90.0530568061099, 38.627370128132036], [-90.0587934259509, 38.627514600818145], [-90.06453008687686, 38.627658792689985], [-90.07026678880817, 38.62780270374147], [-90.07600353166524, 38.62794633396657], [-90.08174031536842, 38.6280896833592], [-90.08747713983809, 38.62823275191331], [-90.09321400499459, 38.62837553962287], [-90.09895091075838, 38.62851804648185], [-90.10450670259345, 38.633160469873815], [-90.11006320996535, 38.6378026536494], [-90.11562043305292, 38.64244459767609], [-90.12135857394713, 38.64258604896054], [-90.12691691116937, 38.64722749468063], [-90.13265549047176, 38.64736840647394], [-90.13821494197643, 38.652009353518125], [-90.14395395948668, 38.652149725619736], [-90.14951452542148, 38.65679017361872], [-90.15507580784583, 38.66143038105964], [-90.16081566145125, 38.66156995441258], [-90.16637805865126, 38.66620966221335], [-90.17194117271791, 38.67084912909773], [-90.17750500383, 38.67548835493302], [-90.18306955216653, 38.68012733958649], [-90.18863481790633, 38.68476608292537], [-90.19420080122836, 38.68940458481685], [-90.19976750231159, 38.694042845128145], [-90.20533492133491, 38.69868086372641], [-90.2110779994899, 38.698818081237896], [-90.21682111672072, 38.69895501710115], [-90.22256427294727, 38.69909167131035], [-90.22830746808964, 38.699228043859776], [-90.23405070206775, 38.699364134743625], [-90.23962082945226, 38.70400061226774], [-90.24519167522915, 38.70863684734796], [-90.25093574365499, 38.70877213647181], [-90.25650770587707, 38.713407868791336], [-90.2620803868679, 38.71804335830804], [-90.26765378680629, 38.72267860488892], [-90.27322790587108, 38.727313608400934], [-90.27897360415623, 38.72744757424986], [-90.2847193406125, 38.72758125811188], [-90.29046511515969, 38.72771465998137], [-90.29604114694997, 38.73234863831933], [-90.30178735717278, 38.73248149743191], [-90.30753360525517, 38.73261407449003], [-90.31327989111702, 38.732746369488076], [-90.31902621467803, 38.73287838242046], [-90.32460455631471, 38.7375110734335], [-90.33035131489382, 38.737642543240376], [-90.33626541075455, 38.733272728767844], [-90.3420118843105, 38.73340361338185], [-90.34775839516463, 38.73353421590239], [-90.35333872308522, 38.73816560113835], [-90.35908566820065, 38.73829566025279], [-90.36466711306467, 38.742926539503976], [-90.37024927800739, 38.74755717394432]]}}, {"type": "Feature", "properties": {"route_run_id": "stl_midamerica_to_st_louis_lambert_2026-01-12_0142", "route_pair": "midamerica_to_st_louis_lambert", "route_pair_label": "MidAmerica to St. Louis Lambert", "origin_label": "MidAmerica St. Louis Airport", "destination_label": "St. Louis Lambert International Airport", "origin_lat": 38.5451731, "origin_lon": -89.8351856, "destination_lat": 38.7486982, "destination_lon": -90.3700257, "traffic_date": "2026-01-12", "traffic_dataset": "January 12th - Monday", "weight_id": "w_0142", "distance_weight": 0.2, "population_weight": 0.2, "traffic_weight": 0.3, "airspace_weight": 0.3, "path_nodes": 97, "path_node_ids": [8877, 8879, 8896, 8900, 8924, 8930, 10012, 10015, 10018, 10062, 10055, 10058, 10094, 10096, 10103, 10104, 10110, 10109, 10516, 10515, 10514, 10513, 10298, 10299, 10524, 10529, 10538, 10539, 10537, 10367, 10364, 10365, 10366, 10376, 10360, 10361, 10373, 10336, 10335, 10337, 10330, 2548, 2527, 2525, 2526, 2538, 2540, 2516, 2530, 2534, 2559, 2561, 2840, 2842, 2843, 2845, 2878, 2879, 2884, 2883, 2893, 4095, 4096, 3932, 3933, 3958, 3962, 3974, 3973, 3972, 3971, 3982, 4295, 4299, 4301, 4202, 4215, 4220, 4223, 4255, 4233, 4234, 4242, 4265, 4244, 4243, 5336, 5338, 5341, 5339, 5320, 5322, 5323, 5346, 5357, 5358, 5364], "elapsed_seconds": 0.055245199997443706, "status": "success", "failure_reason": "", "route_distance_km": 75.49975523959462, "distance_cost_sum": 83.09236315347518, "population_cost_sum": 22.095289105874677, "traffic_cost_sum": 28.944250198333958, "airspace_cost_sum": 48.8, "total_weighted_score": 44.36080551137016}, "geometry": {"type": "LineString", "coordinates": [[-89.83272609742262, 38.54503213945896], [-89.83825778508921, 38.54968628939868], [-89.84379018463301, 38.55434020475587], [-89.84932329623358, 38.558993885398685], [-89.85485712007056, 38.56364733119524], [-89.86039165632353, 38.56830054201366], [-89.86592690517212, 38.57295351772198], [-89.871462866796, 38.577606258188254], [-89.87126749054252, 38.58210552867199], [-89.8768044781077, 38.58675805398646], [-89.88234217896623, 38.591410343755804], [-89.8878805932977, 38.59606239784802], [-89.89341972128202, 38.600714216131045], [-89.89895956309883, 38.60536579847276], [-89.90450011892796, 38.61001714474108], [-89.91004138894921, 38.614668254803874], [-89.9155833733424, 38.61931912852895], [-89.92131862594731, 38.619470314708934], [-89.9268617252078, 38.624120695492145], [-89.93259742104341, 38.62427134452904], [-89.93833315971467, 38.6244217128885], [-89.9442600654149, 38.62007225316597], [-89.94999553214618, 38.62022203618278], [-89.95554063194687, 38.62487113383877], [-89.96108644660326, 38.62951999433463], [-89.966632976295, 38.63416861753812], [-89.97218022120177, 38.63881700331695], [-89.97791733024451, 38.63896547800877], [-89.98365448151714, 38.63911367183824], [-89.98939167493998, 38.639261584799115], [-89.9951289104335, 38.63940921688515], [-90.00086618791799, 38.639556568090114], [-90.00660350731387, 38.63970363840778], [-90.01234086854143, 38.63985042783196], [-90.01826487410864, 38.635497093555536], [-90.02400196101686, 38.63564329777947], [-90.0297390895078, 38.63578922113622], [-90.03566174740413, 38.6314349465459], [-90.04139860112724, 38.63158028489256], [-90.04713549618415, 38.63172534239843], [-90.0530568061099, 38.627370128132036], [-90.0587934259509, 38.627514600818145], [-90.06453008687686, 38.627658792689985], [-90.07026678880817, 38.62780270374147], [-90.07600353166524, 38.62794633396657], [-90.08174031536842, 38.6280896833592], [-90.08747713983809, 38.62823275191331], [-90.09339583428118, 38.623875383605984], [-90.09895091075838, 38.62851804648185], [-90.10450670259345, 38.633160469873815], [-90.11006320996535, 38.6378026536494], [-90.11562043305292, 38.64244459767609], [-90.12135857394713, 38.64258604896054], [-90.12691691116937, 38.64722749468063], [-90.13265549047176, 38.64736840647394], [-90.13821494197643, 38.652009353518125], [-90.14395395948668, 38.652149725619736], [-90.14951452542148, 38.65679017361872], [-90.15507580784583, 38.66143038105964], [-90.16081566145125, 38.66156995441258], [-90.16637805865126, 38.66620966221335], [-90.17194117271791, 38.67084912909773], [-90.17750500383, 38.67548835493302], [-90.18306955216653, 38.68012733958649], [-90.18863481790633, 38.68476608292537], [-90.19420080122836, 38.68940458481685], [-90.19976750231159, 38.694042845128145], [-90.20533492133491, 38.69868086372641], [-90.2110779994899, 38.698818081237896], [-90.21682111672072, 38.69895501710115], [-90.22256427294727, 38.69909167131035], [-90.22830746808964, 38.699228043859776], [-90.23405070206775, 38.699364134743625], [-90.23962082945226, 38.70400061226774], [-90.24519167522915, 38.70863684734796], [-90.25093574365499, 38.70877213647181], [-90.25650770587707, 38.713407868791336], [-90.2620803868679, 38.71804335830804], [-90.26765378680629, 38.72267860488892], [-90.27322790587108, 38.727313608400934], [-90.27897360415623, 38.72744757424986], [-90.2847193406125, 38.72758125811188], [-90.29046511515969, 38.72771465998137], [-90.29604114694997, 38.73234863831933], [-90.30178735717278, 38.73248149743191], [-90.30753360525517, 38.73261407449003], [-90.31327989111702, 38.732746369488076], [-90.31902621467803, 38.73287838242046], [-90.32460455631471, 38.7375110734335], [-90.33035131489382, 38.737642543240376], [-90.33626541075455, 38.733272728767844], [-90.3420118843105, 38.73340361338185], [-90.34775839516463, 38.73353421590239], [-90.35333872308522, 38.73816560113835], [-90.35908566820065, 38.73829566025279], [-90.36466711306467, 38.742926539503976], [-90.37024927800739, 38.74755717394432]]}}, {"type": "Feature", "properties": {"route_run_id": "stl_midamerica_to_st_louis_lambert_2026-01-12_0165", "route_pair": "midamerica_to_st_louis_lambert", "route_pair_label": "MidAmerica to St. Louis Lambert", "origin_label": "MidAmerica St. Louis Airport", "destination_label": "St. Louis Lambert International Airport", "origin_lat": 38.5451731, "origin_lon": -89.8351856, "destination_lat": 38.7486982, "destination_lon": -90.3700257, "traffic_date": "2026-01-12", "traffic_dataset": "January 12th - Monday", "weight_id": "w_0165", "distance_weight": 0.2, "population_weight": 0.7, "traffic_weight": 0.1, "airspace_weight": 0.0, "path_nodes": 101, "path_node_ids": [8877, 8880, 8903, 8907, 8932, 8937, 9144, 9148, 9151, 9177, 10064, 10067, 10069, 10083, 10099, 10422, 10101, 10106, 10104, 10110, 10109, 10516, 10515, 10514, 10517, 10522, 10299, 10524, 10529, 10538, 10539, 10537, 10367, 10364, 10365, 10366, 10376, 10374, 10379, 10614, 10407, 10405, 10404, 10408, 2604, 2605, 2606, 2603, 10716, 10717, 10718, 10729, 10730, 10744, 10745, 2907, 4107, 4109, 4112, 4145, 4150, 4149, 4153, 4175, 4177, 4176, 4179, 4288, 4286, 4285, 3974, 3973, 3972, 3971, 3981, 3978, 3976, 3941, 4043, 4066, 4067, 4068, 4185, 4187, 4188, 4076, 4075, 4082, 4084, 5080, 5084, 5310, 5311, 5337, 5320, 5322, 5323, 5346, 5357, 5358, 5364], "elapsed_seconds": 0.04983669999637641, "status": "success", "failure_reason": "", "route_distance_km": 77.00106462569468, "distance_cost_sum": 84.74465122142544, "population_cost_sum": 14.407984575413428, "traffic_cost_sum": 40.148230409692715, "airspace_cost_sum": 53.4, "total_weighted_score": 31.04934248804376}, "geometry": {"type": "LineString", "coordinates": [[-89.83272609742262, 38.54503213945896], [-89.82679932841316, 38.54937596534434], [-89.8266013656357, 38.553875063992606], [-89.82640335867254, 38.55837415831396], [-89.8319355819273, 38.563028624857736], [-89.83746851751314, 38.56768285679496], [-89.84300216560983, 38.572336853993725], [-89.84853652639708, 38.57699061632215], [-89.85407160005472, 38.581644143648255], [-89.85960738676256, 38.5862974358401], [-89.8651438867004, 38.59095049276569], [-89.87068110004802, 38.59560331429298], [-89.87621902698532, 38.60025590028999], [-89.88175766769213, 38.604908250624604], [-89.88729702234833, 38.60956036516477], [-89.89283709113381, 38.614212243778354], [-89.89857181380691, 38.614364528005225], [-89.90430657977188, 38.61451653168253], [-89.91004138894921, 38.614668254803874], [-89.9155833733424, 38.61931912852895], [-89.92131862594731, 38.619470314708934], [-89.9268617252078, 38.624120695492145], [-89.93259742104341, 38.62427134452904], [-89.93833315971467, 38.6244217128885], [-89.94406894114202, 38.62457180056415], [-89.94980476524591, 38.62472160754967], [-89.95554063194687, 38.62487113383877], [-89.96108644660326, 38.62951999433463], [-89.966632976295, 38.63416861753812], [-89.97218022120177, 38.63881700331695], [-89.97791733024451, 38.63896547800877], [-89.98365448151714, 38.63911367183824], [-89.98939167493998, 38.639261584799115], [-89.9951289104335, 38.63940921688515], [-90.00086618791799, 38.639556568090114], [-90.00660350731387, 38.63970363840778], [-90.01234086854143, 38.63985042783196], [-90.01807827152109, 38.63999693635645], [-90.02362942973669, 38.64464302594129], [-90.0291813036891, 38.64928887709267], [-90.03473389355781, 38.653934489678136], [-90.04047253654934, 38.65407994433975], [-90.04621122092473, 38.6542251179363], [-90.05176532579277, 38.658869976095644], [-90.05750445081951, 38.65901461068064], [-90.06324361700084, 38.65915896413734], [-90.06898282425709, 38.65930303645963], [-90.07472207250845, 38.65944682764147], [-90.08027849074135, 38.66409041434458], [-90.08601817899587, 38.66423366614264], [-90.09175790801612, 38.66437663673715], [-90.0973158409683, 38.669019467207306], [-90.10305600964216, 38.66916189816016], [-90.10861505837465, 38.67380423026503], [-90.1143556665019, 38.67394612137533], [-90.12009631501547, 38.67408773116219], [-90.1256568785435, 38.67872930581226], [-90.13139796616022, 38.67887037549889], [-90.13695964571467, 38.683511450900546], [-90.14252204267808, 38.68815228569193], [-90.14808515722972, 38.692792879740324], [-90.15382748129907, 38.69293289101744], [-90.15939171242222, 38.69757298499622], [-90.1651344750913, 38.69771245548389], [-90.17069982293353, 38.702352049023325], [-90.17644302400102, 38.702490978520885], [-90.18218626463384, 38.702629626360235], [-90.18792954475192, 38.70276799253548], [-90.19384888257228, 38.69840558378194], [-90.1995918823357, 38.69854336457249], [-90.20533492133491, 38.69868086372641], [-90.2110779994899, 38.698818081237896], [-90.21682111672072, 38.69895501710115], [-90.22256427294727, 38.69909167131035], [-90.22848129289677, 38.69472741490856], [-90.23422416781283, 38.694863484025944], [-90.24014014948251, 38.69049859495047], [-90.24605541323987, 38.68613337677085], [-90.2517976862147, 38.68626855773688], [-90.25736804511756, 38.69090420272148], [-90.26311075393669, 38.69103884211091], [-90.26868222818311, 38.695673984376505], [-90.27425442059507, 38.700308883813186], [-90.27999796237877, 38.700442721166475], [-90.28557127047641, 38.70507711728869], [-90.29148516021279, 38.700709550716724], [-90.297228816103, 38.700842542902386], [-90.30280331580018, 38.70547615766316], [-90.30837853409372, 38.710109528957155], [-90.31395447116216, 38.71474265665128], [-90.31378588266769, 38.71924359100243], [-90.31936286061908, 38.72387649197406], [-90.32494055786266, 38.72850914903958], [-90.330518974577, 38.7331415620659], [-90.33626541075455, 38.733272728767844], [-90.3420118843105, 38.73340361338185], [-90.34775839516463, 38.73353421590239], [-90.35333872308522, 38.73816560113835], [-90.35908566820065, 38.73829566025279], [-90.36466711306467, 38.742926539503976], [-90.37024927800739, 38.74755717394432]]}}, {"type": "Feature", "properties": {"route_run_id": "stl_midamerica_to_st_louis_lambert_2026-01-12_0211", "route_pair": "midamerica_to_st_louis_lambert", "route_pair_label": "MidAmerica to St. Louis Lambert", "origin_label": "MidAmerica St. Louis Airport", "destination_label": "St. Louis Lambert International Airport", "origin_lat": 38.5451731, "origin_lon": -89.8351856, "destination_lat": 38.7486982, "destination_lon": -90.3700257, "traffic_date": "2026-01-12", "traffic_dataset": "January 12th - Monday", "weight_id": "w_0211", "distance_weight": 0.4, "population_weight": 0.1, "traffic_weight": 0.0, "airspace_weight": 0.5, "path_nodes": 97, "path_node_ids": [8877, 8881, 8904, 8922, 8923, 8927, 9145, 10016, 10018, 10062, 10055, 10058, 10094, 10096, 10103, 10104, 10110, 10109, 10291, 10512, 10290, 10513, 10298, 10295, 10296, 10297, 10307, 10305, 10306, 10319, 10321, 10320, 10318, 10211, 10210, 10208, 10209, 10326, 10328, 10329, 10327, 2522, 2524, 2523, 2514, 2517, 2515, 2516, 2530, 2534, 2532, 2558, 2840, 2839, 2838, 2827, 2849, 2848, 2850, 2837, 2861, 2866, 2889, 3896, 3898, 3901, 3902, 3914, 3948, 3947, 3952, 3940, 3942, 3943, 3941, 4043, 4042, 4041, 4040, 4051, 4054, 4186, 4080, 4205, 4207, 4212, 5309, 5313, 5335, 5337, 5320, 5322, 5323, 5346, 5357, 5358, 5364], "elapsed_seconds": 0.05343840000568889, "status": "success", "failure_reason": "", "route_distance_km": 72.29260468015718, "distance_cost_sum": 79.56268655880336, "population_cost_sum": 22.4028729657628, "traffic_cost_sum": 50.7558176934141, "airspace_cost_sum": 47.6, "total_weighted_score": 57.86536192009764}, "geometry": {"type": "LineString", "coordinates": [[-89.83272609742262, 38.54503213945896], [-89.83252853470323, 38.54953126729425], [-89.83806053424684, 38.55418543772932], [-89.84359324582596, 38.558839373542895], [-89.84912666962028, 38.563493074603095], [-89.85466080580946, 38.568146540778045], [-89.86019565457306, 38.572799771935806], [-89.86573121609086, 38.57745276794444], [-89.87126749054252, 38.58210552867199], [-89.8768044781077, 38.58675805398646], [-89.88234217896623, 38.591410343755804], [-89.8878805932977, 38.59606239784802], [-89.89341972128202, 38.600714216131045], [-89.89895956309883, 38.60536579847276], [-89.90450011892796, 38.61001714474108], [-89.91004138894921, 38.614668254803874], [-89.9155833733424, 38.61931912852895], [-89.92131862594731, 38.619470314708934], [-89.92705392153653, 38.61962122026898], [-89.93278926003055, 38.619771845202735], [-89.93852464134986, 38.619922189503846], [-89.9442600654149, 38.62007225316597], [-89.94999553214618, 38.62022203618278], [-89.95573104146416, 38.620371538547964], [-89.96146659328937, 38.6205207602552], [-89.96720218754218, 38.620669701298226], [-89.97293782414316, 38.62081836167072], [-89.97867350301271, 38.62096674136646], [-89.98440922407127, 38.621114840379136], [-89.99014498723932, 38.62126265870254], [-89.99588079243732, 38.621410196330416], [-90.00161663958568, 38.62155745325657], [-90.00735252860491, 38.621704429474754], [-90.01308845941536, 38.6218511249788], [-90.01882443193752, 38.62199753976251], [-90.0245604460918, 38.62214367381969], [-90.03029650179865, 38.62228952714421], [-90.03603259897847, 38.622435099729884], [-90.04176873755169, 38.622580391570615], [-90.04750491743872, 38.62272540266021], [-90.05324113855997, 38.6228701329926], [-90.0589774008359, 38.62301458256169], [-90.06471370418684, 38.62315875136136], [-90.07045004853325, 38.62330263938551], [-90.07618643379548, 38.623446246628106], [-90.08192285989396, 38.62358957308307], [-90.08765932674906, 38.623732618744384], [-90.09339583428118, 38.623875383605984], [-90.09895091075838, 38.62851804648185], [-90.10450670259345, 38.633160469873815], [-90.1102440470662, 38.63330243772981], [-90.11580095263906, 38.63794436326609], [-90.12135857394713, 38.64258604896054], [-90.12709675507955, 38.642727219229855], [-90.13283497637043, 38.64286810847808], [-90.13857323774008, 38.64300871669927], [-90.14431153910874, 38.643149043887504], [-90.15004988039681, 38.64328909003685], [-90.15578826152439, 38.64342885514139], [-90.16152668241186, 38.64356833919522], [-90.16708780535298, 38.6482079745162], [-90.17264964452228, 38.6528473690797], [-90.17821220009857, 38.65748652275311], [-90.18377547226044, 38.66212543540375], [-90.18933946118675, 38.666764106898924], [-90.19490416705614, 38.67140253710589], [-90.200645013987, 38.67154018571967], [-90.20621083477218, 38.67617811511645], [-90.21177737287698, 38.68081580286656], [-90.21751905445252, 38.68095265114052], [-90.22308670781703, 38.685589837485246], [-90.22882882604138, 38.685726144608395], [-90.23457098307328, 38.6858621702009], [-90.24031317883275, 38.68599791425695], [-90.24605541323987, 38.68613337677085], [-90.2517976862147, 38.68626855773688], [-90.25753999767723, 38.686403457149304], [-90.26328234754749, 38.686538075002424], [-90.26902473574555, 38.686672411290566], [-90.27459628650614, 38.69130727605424], [-90.2801685552908, 38.695941897935995], [-90.28574154227802, 38.70057627680287], [-90.29131524764634, 38.705210412521886], [-90.29688967157429, 38.70984430496006], [-90.30246481424038, 38.714477953984364], [-90.30804067582325, 38.71911135946174], [-90.31361725650144, 38.72374452125915], [-90.3191945564535, 38.72837743924346], [-90.3247725758581, 38.73301011328159], [-90.330518974577, 38.7331415620659], [-90.33626541075455, 38.733272728767844], [-90.3420118843105, 38.73340361338185], [-90.34775839516463, 38.73353421590239], [-90.35333872308522, 38.73816560113835], [-90.35908566820065, 38.73829566025279], [-90.36466711306467, 38.742926539503976], [-90.37024927800739, 38.74755717394432]]}}, {"type": "Feature", "properties": {"route_run_id": "stl_midamerica_to_st_louis_lambert_2026-01-12_0246", "route_pair": "midamerica_to_st_louis_lambert", "route_pair_label": "MidAmerica to St. Louis Lambert", "origin_label": "MidAmerica St. Louis Airport", "destination_label": "St. Louis Lambert International Airport", "origin_lat": 38.5451731, "origin_lon": -89.8351856, "destination_lat": 38.7486982, "destination_lon": -90.3700257, "traffic_date": "2026-01-12", "traffic_dataset": "January 12th - Monday", "weight_id": "w_0246", "distance_weight": 0.5, "population_weight": 0.2, "traffic_weight": 0.3, "airspace_weight": 0.0, "path_nodes": 96, "path_node_ids": [8877, 8876, 8868, 8869, 8870, 8867, 9758, 9759, 9761, 9774, 9773, 9775, 9772, 9769, 9771, 9795, 9801, 10007, 10009, 10232, 10238, 10243, 10244, 10242, 10245, 10263, 10266, 10270, 10315, 10321, 10320, 10318, 10355, 10358, 10356, 10357, 10336, 10335, 10337, 10334, 2551, 2550, 2552, 2549, 2542, 2541, 2545, 2560, 2564, 2588, 2591, 2871, 2875, 2874, 2873, 2887, 4091, 4093, 4117, 4102, 4103, 4127, 4129, 3961, 4286, 4285, 3974, 3973, 3972, 3971, 3982, 4295, 4299, 4301, 4202, 4215, 4220, 4223, 4255, 4233, 4234, 4242, 4265, 4244, 4243, 5336, 5338, 5341, 5339, 5345, 5324, 5347, 5346, 5357, 5358, 5364], "elapsed_seconds": 0.03911259997403249, "status": "success", "failure_reason": "", "route_distance_km": 71.92018077297729, "distance_cost_sum": 79.15280996457837, "population_cost_sum": 24.25416441885999, "traffic_cost_sum": 30.47936292714113, "airspace_cost_sum": 54.000000000000036, "total_weighted_score": 53.57104674420352}, "geometry": {"type": "LineString", "coordinates": [[-89.83272609742262, 38.54503213945896], [-89.83845499191484, 38.54518713674757], [-89.84418393041321, 38.54534185422887], [-89.8499129128385, 38.54549629189633], [-89.85564193911159, 38.545650449743434], [-89.86137100915332, 38.54580432776372], [-89.86690469568633, 38.55045720201035], [-89.87243909420232, 38.55510984121015], [-89.87816900708947, 38.55526292871994], [-89.88389896344961, 38.55541573628766], [-89.88962896320348, 38.555568263906835], [-89.89535900627187, 38.555720511571074], [-89.90108909257557, 38.55587247927394], [-89.90662620061389, 38.56052360539423], [-89.91216402109853, 38.56517449573953], [-89.91770255420887, 38.56982515017786], [-89.92324180012413, 38.57447556857721], [-89.92878175902374, 38.57912575080554], [-89.93432243108697, 38.58377569673078], [-89.93986381649326, 38.588425406220864], [-89.945405915422, 38.59307487914367], [-89.95113923958688, 38.593224518410075], [-89.95687260627673, 38.5933738772936], [-89.96260601541215, 38.59352295578797], [-89.96815002612831, 38.59817142242828], [-89.97369475078722, 38.60281965195827], [-89.97924018956823, 38.60746764424572], [-89.98478634265064, 38.61211539915841], [-89.9903332102139, 38.61676291656407], [-89.99588079243732, 38.621410196330416], [-90.00161663958568, 38.62155745325657], [-90.00735252860491, 38.621704429474754], [-90.01290162428964, 38.62635095704363], [-90.01845143503385, 38.63099724652267], [-90.02418816427785, 38.631143427354814], [-90.02992493509446, 38.631289327364605], [-90.03566174740413, 38.6314349465459], [-90.04139860112724, 38.63158028489256], [-90.04713549618415, 38.63172534239843], [-90.05287243249526, 38.6318701190574], [-90.05860940998092, 38.63201461486337], [-90.06434642856152, 38.63215882981023], [-90.07008348815737, 38.6323027638919], [-90.07582058868887, 38.63244641710234], [-90.08155773007638, 38.632589789435436], [-90.08729491224024, 38.63273288088516], [-90.09285022458998, 38.63737583907351], [-90.09840625259658, 38.64201855779177], [-90.10396299643912, 38.64666103690741], [-90.10952045629662, 38.651303276287905], [-90.11525927291721, 38.651445053943725], [-90.12081784745767, 38.65608679499798], [-90.1263771383907, 38.66072829595899], [-90.1321167922061, 38.660869275404174], [-90.13785648613919, 38.66100997364278], [-90.14341729048948, 38.665650716936426], [-90.14897881162928, 38.67029121968557], [-90.15454104973756, 38.67493148175755], [-90.16010400499339, 38.67957150301965], [-90.16566767757574, 38.684211283339124], [-90.17140940332797, 38.68435040545039], [-90.17697419182998, 38.68898968543255], [-90.18253969803584, 38.693628724113545], [-90.18828226010154, 38.69376704603371], [-90.19384888257228, 38.69840558378194], [-90.1995918823357, 38.69854336457249], [-90.20533492133491, 38.69868086372641], [-90.2110779994899, 38.698818081237896], [-90.21682111672072, 38.69895501710115], [-90.22256427294727, 38.69909167131035], [-90.22830746808964, 38.699228043859776], [-90.23405070206775, 38.699364134743625], [-90.23962082945226, 38.70400061226774], [-90.24519167522915, 38.70863684734796], [-90.25093574365499, 38.70877213647181], [-90.25650770587707, 38.713407868791336], [-90.2620803868679, 38.71804335830804], [-90.26765378680629, 38.72267860488892], [-90.27322790587108, 38.727313608400934], [-90.27897360415623, 38.72744757424986], [-90.2847193406125, 38.72758125811188], [-90.29046511515969, 38.72771465998137], [-90.29604114694997, 38.73234863831933], [-90.30178735717278, 38.73248149743191], [-90.30753360525517, 38.73261407449003], [-90.31327989111702, 38.732746369488076], [-90.31902621467803, 38.73287838242046], [-90.32460455631471, 38.7375110734335], [-90.33035131489382, 38.737642543240376], [-90.33609811094065, 38.737773730919855], [-90.341844944375, 38.73790463646636], [-90.34759181511657, 38.738035259874366], [-90.35333872308522, 38.73816560113835], [-90.35908566820065, 38.73829566025279], [-90.36466711306467, 38.742926539503976], [-90.37024927800739, 38.74755717394432]]}}, {"type": "Feature", "properties": {"route_run_id": "stl_midamerica_to_st_louis_lambert_2026-01-12_0192", "route_pair": "midamerica_to_st_louis_lambert", "route_pair_label": "MidAmerica to St. Louis Lambert", "origin_label": "MidAmerica St. Louis Airport", "destination_label": "St. Louis Lambert International Airport", "origin_lat": 38.5451731, "origin_lon": -89.8351856, "destination_lat": 38.7486982, "destination_lon": -90.3700257, "traffic_date": "2026-01-12", "traffic_dataset": "January 12th - Monday", "weight_id": "w_0192", "distance_weight": 0.3, "population_weight": 0.3, "traffic_weight": 0.3, "airspace_weight": 0.1, "path_nodes": 97, "path_node_ids": [8877, 8879, 8896, 8900, 8924, 8930, 10012, 10015, 10018, 10062, 10055, 10058, 10094, 10096, 10103, 10104, 10110, 10109, 10516, 10515, 10514, 10513, 10298, 10295, 10296, 10297, 10309, 10532, 10533, 10349, 10347, 10348, 10346, 10359, 10358, 10356, 10357, 10336, 10335, 10337, 10330, 2548, 2527, 2525, 2526, 2538, 2540, 2539, 2530, 2534, 2559, 2561, 2840, 2842, 2843, 2845, 2878, 2879, 2884, 2883, 2893, 4095, 4096, 3932, 3933, 3958, 3962, 3974, 3973, 3972, 3971, 3982, 4295, 4299, 4301, 4202, 4215, 4220, 4223, 4255, 4233, 4234, 4242, 4265, 4244, 4243, 5336, 5338, 5341, 5339, 5320, 5322, 5323, 5346, 5357, 5358, 5364], "elapsed_seconds": 0.0503908000246156, "status": "success", "failure_reason": "", "route_distance_km": 73.89962802991411, "distance_cost_sum": 81.33131968020041, "population_cost_sum": 22.581349513335546, "traffic_cost_sum": 29.395244339072736, "airspace_cost_sum": 49.4, "total_weighted_score": 44.93237405978261}, "geometry": {"type": "LineString", "coordinates": [[-89.83272609742262, 38.54503213945896], [-89.83825778508921, 38.54968628939868], [-89.84379018463301, 38.55434020475587], [-89.84932329623358, 38.558993885398685], [-89.85485712007056, 38.56364733119524], [-89.86039165632353, 38.56830054201366], [-89.86592690517212, 38.57295351772198], [-89.871462866796, 38.577606258188254], [-89.87126749054252, 38.58210552867199], [-89.8768044781077, 38.58675805398646], [-89.88234217896623, 38.591410343755804], [-89.8878805932977, 38.59606239784802], [-89.89341972128202, 38.600714216131045], [-89.89895956309883, 38.60536579847276], [-89.90450011892796, 38.61001714474108], [-89.91004138894921, 38.614668254803874], [-89.9155833733424, 38.61931912852895], [-89.92131862594731, 38.619470314708934], [-89.9268617252078, 38.624120695492145], [-89.93259742104341, 38.62427134452904], [-89.93833315971467, 38.6244217128885], [-89.9442600654149, 38.62007225316597], [-89.94999553214618, 38.62022203618278], [-89.95573104146416, 38.620371538547964], [-89.96146659328937, 38.6205207602552], [-89.96720218754218, 38.620669701298226], [-89.97274848683627, 38.62531802846435], [-89.9782955010475, 38.62996611819141], [-89.98403193705393, 38.63011426460664], [-89.9897684151902, 38.630262130242976], [-89.99550493537676, 38.630409715094125], [-90.001241497534, 38.63055701915386], [-90.00697810158232, 38.630704042416006], [-90.01271474744215, 38.63085078487433], [-90.01845143503385, 38.63099724652267], [-90.02418816427785, 38.631143427354814], [-90.02992493509446, 38.631289327364605], [-90.03566174740413, 38.6314349465459], [-90.04139860112724, 38.63158028489256], [-90.04713549618415, 38.63172534239843], [-90.0530568061099, 38.627370128132036], [-90.0587934259509, 38.627514600818145], [-90.06453008687686, 38.627658792689985], [-90.07026678880817, 38.62780270374147], [-90.07600353166524, 38.62794633396657], [-90.08174031536842, 38.6280896833592], [-90.08747713983809, 38.62823275191331], [-90.09321400499459, 38.62837553962287], [-90.09895091075838, 38.62851804648185], [-90.10450670259345, 38.633160469873815], [-90.11006320996535, 38.6378026536494], [-90.11562043305292, 38.64244459767609], [-90.12135857394713, 38.64258604896054], [-90.12691691116937, 38.64722749468063], [-90.13265549047176, 38.64736840647394], [-90.13821494197643, 38.652009353518125], [-90.14395395948668, 38.652149725619736], [-90.14951452542148, 38.65679017361872], [-90.15507580784583, 38.66143038105964], [-90.16081566145125, 38.66156995441258], [-90.16637805865126, 38.66620966221335], [-90.17194117271791, 38.67084912909773], [-90.17750500383, 38.67548835493302], [-90.18306955216653, 38.68012733958649], [-90.18863481790633, 38.68476608292537], [-90.19420080122836, 38.68940458481685], [-90.19976750231159, 38.694042845128145], [-90.20533492133491, 38.69868086372641], [-90.2110779994899, 38.698818081237896], [-90.21682111672072, 38.69895501710115], [-90.22256427294727, 38.69909167131035], [-90.22830746808964, 38.699228043859776], [-90.23405070206775, 38.699364134743625], [-90.23962082945226, 38.70400061226774], [-90.24519167522915, 38.70863684734796], [-90.25093574365499, 38.70877213647181], [-90.25650770587707, 38.713407868791336], [-90.2620803868679, 38.71804335830804], [-90.26765378680629, 38.72267860488892], [-90.27322790587108, 38.727313608400934], [-90.27897360415623, 38.72744757424986], [-90.2847193406125, 38.72758125811188], [-90.29046511515969, 38.72771465998137], [-90.29604114694997, 38.73234863831933], [-90.30178735717278, 38.73248149743191], [-90.30753360525517, 38.73261407449003], [-90.31327989111702, 38.732746369488076], [-90.31902621467803, 38.73287838242046], [-90.32460455631471, 38.7375110734335], [-90.33035131489382, 38.737642543240376], [-90.33626541075455, 38.733272728767844], [-90.3420118843105, 38.73340361338185], [-90.34775839516463, 38.73353421590239], [-90.35333872308522, 38.73816560113835], [-90.35908566820065, 38.73829566025279], [-90.36466711306467, 38.742926539503976], [-90.37024927800739, 38.74755717394432]]}}, {"type": "Feature", "properties": {"route_run_id": "stl_midamerica_to_st_louis_lambert_2026-01-12_0190", "route_pair": "midamerica_to_st_louis_lambert", "route_pair_label": "MidAmerica to St. Louis Lambert", "origin_label": "MidAmerica St. Louis Airport", "destination_label": "St. Louis Lambert International Airport", "origin_lat": 38.5451731, "origin_lon": -89.8351856, "destination_lat": 38.7486982, "destination_lon": -90.3700257, "traffic_date": "2026-01-12", "traffic_dataset": "January 12th - Monday", "weight_id": "w_0190", "distance_weight": 0.3, "population_weight": 0.3, "traffic_weight": 0.1, "airspace_weight": 0.3, "path_nodes": 97, "path_node_ids": [8877, 8881, 8904, 8922, 8923, 8927, 9145, 10016, 10018, 10062, 10055, 10058, 10094, 10096, 10103, 10104, 10110, 10109, 10516, 10515, 10514, 10517, 10522, 10299, 10524, 10529, 10538, 10539, 10537, 10367, 10364, 10365, 10370, 10381, 10380, 10379, 10378, 10391, 10402, 10404, 10408, 2604, 2605, 2606, 2603, 10716, 10717, 10718, 10729, 10730, 10744, 10745, 2907, 4107, 4109, 4112, 4145, 4150, 4149, 4153, 4175, 4133, 4132, 4134, 3964, 4286, 4285, 3974, 3973, 3972, 3971, 3982, 4295, 3983, 4297, 4198, 4199, 4201, 4216, 4229, 4232, 4230, 4242, 4265, 4244, 4243, 5336, 5338, 5341, 5339, 5345, 5324, 5347, 5346, 5357, 5358, 5364], "elapsed_seconds": 0.05269899999257177, "status": "success", "failure_reason": "", "route_distance_km": 72.30828212957256, "distance_cost_sum": 79.5799406057338, "population_cost_sum": 18.69733715578537, "traffic_cost_sum": 37.40028504900544, "airspace_cost_sum": 51.2, "total_weighted_score": 48.5832118333563}, "geometry": {"type": "LineString", "coordinates": [[-89.83272609742262, 38.54503213945896], [-89.83252853470323, 38.54953126729425], [-89.83806053424684, 38.55418543772932], [-89.84359324582596, 38.558839373542895], [-89.84912666962028, 38.563493074603095], [-89.85466080580946, 38.568146540778045], [-89.86019565457306, 38.572799771935806], [-89.86573121609086, 38.57745276794444], [-89.87126749054252, 38.58210552867199], [-89.8768044781077, 38.58675805398646], [-89.88234217896623, 38.591410343755804], [-89.8878805932977, 38.59606239784802], [-89.89341972128202, 38.600714216131045], [-89.89895956309883, 38.60536579847276], [-89.90450011892796, 38.61001714474108], [-89.91004138894921, 38.614668254803874], [-89.9155833733424, 38.61931912852895], [-89.92131862594731, 38.619470314708934], [-89.9268617252078, 38.624120695492145], [-89.93259742104341, 38.62427134452904], [-89.93833315971467, 38.6244217128885], [-89.94406894114202, 38.62457180056415], [-89.94980476524591, 38.62472160754967], [-89.95554063194687, 38.62487113383877], [-89.96108644660326, 38.62951999433463], [-89.966632976295, 38.63416861753812], [-89.97218022120177, 38.63881700331695], [-89.97791733024451, 38.63896547800877], [-89.98365448151714, 38.63911367183824], [-89.98939167493998, 38.639261584799115], [-89.9951289104335, 38.63940921688515], [-90.00086618791799, 38.639556568090114], [-90.00641614743708, 38.64420343004679], [-90.01215386646798, 38.64435024295822], [-90.0178916272611, 38.64449677492512], [-90.02362942973669, 38.64464302594129], [-90.02936727381517, 38.644788996000585], [-90.0349195472141, 38.64943458949962], [-90.0406578321926, 38.64958002089252], [-90.04621122092473, 38.6542251179363], [-90.05176532579277, 38.658869976095644], [-90.05750445081951, 38.65901461068064], [-90.06324361700084, 38.65915896413734], [-90.06898282425709, 38.65930303645963], [-90.07472207250845, 38.65944682764147], [-90.08027849074135, 38.66409041434458], [-90.08601817899587, 38.66423366614264], [-90.09175790801612, 38.66437663673715], [-90.0973158409683, 38.669019467207306], [-90.10305600964216, 38.66916189816016], [-90.10861505837465, 38.67380423026503], [-90.1143556665019, 38.67394612137533], [-90.12009631501547, 38.67408773116219], [-90.1256568785435, 38.67872930581226], [-90.13139796616022, 38.67887037549889], [-90.13695964571467, 38.683511450900546], [-90.14252204267808, 38.68815228569193], [-90.14808515722972, 38.692792879740324], [-90.15382748129907, 38.69293289101744], [-90.15939171242222, 38.69757298499622], [-90.1651344750913, 38.69771245548389], [-90.17087727747607, 38.69785164437002], [-90.17662011949652, 38.69799055164876], [-90.18236300107269, 38.69812917731423], [-90.18810592212462, 38.698267521360556], [-90.19384888257228, 38.69840558378194], [-90.1995918823357, 38.69854336457249], [-90.20533492133491, 38.69868086372641], [-90.2110779994899, 38.698818081237896], [-90.21682111672072, 38.69895501710115], [-90.22256427294727, 38.69909167131035], [-90.22830746808964, 38.699228043859776], [-90.23405070206775, 38.699364134743625], [-90.23979397480163, 38.69949994395616], [-90.24536450002277, 38.704136161482424], [-90.25110820919835, 38.70427142896936], [-90.25685195689897, 38.704406414722804], [-90.2624239960298, 38.709041869378396], [-90.26799675378774, 38.71367708117809], [-90.27357023035168, 38.71831204998893], [-90.27914442590036, 38.722946775677876], [-90.28488980273018, 38.72308043816236], [-90.29046511515969, 38.72771465998137], [-90.29604114694997, 38.73234863831933], [-90.30178735717278, 38.73248149743191], [-90.30753360525517, 38.73261407449003], [-90.31327989111702, 38.732746369488076], [-90.31902621467803, 38.73287838242046], [-90.32460455631471, 38.7375110734335], [-90.33035131489382, 38.737642543240376], [-90.33609811094065, 38.737773730919855], [-90.341844944375, 38.73790463646636], [-90.34759181511657, 38.738035259874366], [-90.35333872308522, 38.73816560113835], [-90.35908566820065, 38.73829566025279], [-90.36466711306467, 38.742926539503976], [-90.37024927800739, 38.74755717394432]]}}, {"type": "Feature", "properties": {"route_run_id": "stl_midamerica_to_st_louis_lambert_2026-01-12_0265", "route_pair": "midamerica_to_st_louis_lambert", "route_pair_label": "MidAmerica to St. Louis Lambert", "origin_label": "MidAmerica St. Louis Airport", "destination_label": "St. Louis Lambert International Airport", "origin_lat": 38.5451731, "origin_lon": -89.8351856, "destination_lat": 38.7486982, "destination_lon": -90.3700257, "traffic_date": "2026-01-12", "traffic_dataset": "January 12th - Monday", "weight_id": "w_0265", "distance_weight": 0.6, "population_weight": 0.3, "traffic_weight": 0.0, "airspace_weight": 0.1, "path_nodes": 97, "path_node_ids": [8877, 8881, 8904, 8922, 8923, 8927, 9145, 10016, 10018, 10062, 10055, 10058, 10094, 10096, 10103, 10104, 10110, 10109, 10516, 10515, 10514, 10517, 10522, 10299, 10300, 10301, 10309, 10308, 10533, 10363, 10350, 10351, 10366, 10376, 10374, 10379, 10614, 10407, 10410, 10411, 10408, 2604, 2605, 2606, 2603, 10715, 10714, 10713, 10722, 2597, 10723, 2596, 2876, 2875, 2874, 2873, 2885, 2886, 2884, 2883, 2893, 4095, 4096, 3932, 3933, 3958, 3962, 3967, 3970, 3969, 3968, 3981, 3978, 3983, 4297, 4198, 4199, 4201, 4216, 4229, 4232, 4230, 4242, 4265, 4244, 4243, 5336, 5338, 5335, 5337, 5320, 5322, 5323, 5346, 5357, 5358, 5364], "elapsed_seconds": 0.029909999982919544, "status": "success", "failure_reason": "", "route_distance_km": 72.30407808706627, "distance_cost_sum": 79.57531378508341, "population_cost_sum": 18.130648929851226, "traffic_cost_sum": 42.3612072967303, "airspace_cost_sum": 51.2, "total_weighted_score": 58.30438295000542}, "geometry": {"type": "LineString", "coordinates": [[-89.83272609742262, 38.54503213945896], [-89.83252853470323, 38.54953126729425], [-89.83806053424684, 38.55418543772932], [-89.84359324582596, 38.558839373542895], [-89.84912666962028, 38.563493074603095], [-89.85466080580946, 38.568146540778045], [-89.86019565457306, 38.572799771935806], [-89.86573121609086, 38.57745276794444], [-89.87126749054252, 38.58210552867199], [-89.8768044781077, 38.58675805398646], [-89.88234217896623, 38.591410343755804], [-89.8878805932977, 38.59606239784802], [-89.89341972128202, 38.600714216131045], [-89.89895956309883, 38.60536579847276], [-89.90450011892796, 38.61001714474108], [-89.91004138894921, 38.614668254803874], [-89.9155833733424, 38.61931912852895], [-89.92131862594731, 38.619470314708934], [-89.9268617252078, 38.624120695492145], [-89.93259742104341, 38.62427134452904], [-89.93833315971467, 38.6244217128885], [-89.94406894114202, 38.62457180056415], [-89.94980476524591, 38.62472160754967], [-89.95554063194687, 38.62487113383877], [-89.96127654116528, 38.62502037942509], [-89.96701249282155, 38.625169344302385], [-89.97274848683627, 38.62531802846435], [-89.97848452312972, 38.62546643190471], [-89.98403193705393, 38.63011426460664], [-89.98958006609531, 38.63476185964426], [-89.99531694389556, 38.63490946811138], [-90.00105386367663, 38.63505679574229], [-90.00660350731387, 38.63970363840778], [-90.01234086854143, 38.63985042783196], [-90.01807827152109, 38.63999693635645], [-90.02362942973669, 38.64464302594129], [-90.0291813036891, 38.64928887709267], [-90.03473389355781, 38.653934489678136], [-90.04028719952224, 38.658579863565194], [-90.04602624200047, 38.65872506038847], [-90.05176532579277, 38.658869976095644], [-90.05750445081951, 38.65901461068064], [-90.06324361700084, 38.65915896413734], [-90.06898282425709, 38.65930303645963], [-90.07472207250845, 38.65944682764147], [-90.08046136167522, 38.65959033767675], [-90.0862006916776, 38.659733566559446], [-90.09194006243584, 38.659876514283475], [-90.09767947387014, 38.66001918084284], [-90.10341892590075, 38.66016156623149], [-90.1091584184479, 38.66030367044341], [-90.11489795143179, 38.66044549347263], [-90.12063752477266, 38.66058703531315], [-90.1263771383907, 38.66072829595899], [-90.1321167922061, 38.660869275404174], [-90.13785648613919, 38.66100997364278], [-90.14359622011, 38.661150390668844], [-90.14933599403881, 38.66129052647644], [-90.15507580784583, 38.66143038105964], [-90.16081566145125, 38.66156995441258], [-90.16637805865126, 38.66620966221335], [-90.17194117271791, 38.67084912909773], [-90.17750500383, 38.67548835493302], [-90.18306955216653, 38.68012733958649], [-90.18863481790633, 38.68476608292537], [-90.19420080122836, 38.68940458481685], [-90.19976750231159, 38.694042845128145], [-90.20551018229601, 38.69418032229077], [-90.2112529014267, 38.694317517855914], [-90.2169956596237, 38.69445443181779], [-90.22273845680708, 38.6945910641706], [-90.22848129289677, 38.69472741490856], [-90.23422416781283, 38.694863484025944], [-90.23979397480163, 38.69949994395616], [-90.24536450002277, 38.704136161482424], [-90.25110820919835, 38.70427142896936], [-90.25685195689897, 38.704406414722804], [-90.2624239960298, 38.709041869378396], [-90.26799675378774, 38.71367708117809], [-90.27357023035168, 38.71831204998893], [-90.27914442590036, 38.722946775677876], [-90.28488980273018, 38.72308043816236], [-90.29046511515969, 38.72771465998137], [-90.29604114694997, 38.73234863831933], [-90.30178735717278, 38.73248149743191], [-90.30753360525517, 38.73261407449003], [-90.31327989111702, 38.732746369488076], [-90.31902621467803, 38.73287838242046], [-90.3247725758581, 38.73301011328159], [-90.330518974577, 38.7331415620659], [-90.33626541075455, 38.733272728767844], [-90.3420118843105, 38.73340361338185], [-90.34775839516463, 38.73353421590239], [-90.35333872308522, 38.73816560113835], [-90.35908566820065, 38.73829566025279], [-90.36466711306467, 38.742926539503976], [-90.37024927800739, 38.74755717394432]]}}, {"type": "Feature", "properties": {"route_run_id": "stl_midamerica_to_st_louis_lambert_2026-01-12_0222", "route_pair": "midamerica_to_st_louis_lambert", "route_pair_label": "MidAmerica to St. Louis Lambert", "origin_label": "MidAmerica St. Louis Airport", "destination_label": "St. Louis Lambert International Airport", "origin_lat": 38.5451731, "origin_lon": -89.8351856, "destination_lat": 38.7486982, "destination_lon": -90.3700257, "traffic_date": "2026-01-12", "traffic_dataset": "January 12th - Monday", "weight_id": "w_0222", "distance_weight": 0.4, "population_weight": 0.3, "traffic_weight": 0.0, "airspace_weight": 0.3, "path_nodes": 98, "path_node_ids": [8877, 8881, 8904, 8922, 8923, 8927, 9145, 10016, 10018, 10062, 10055, 10058, 10094, 10096, 10103, 10104, 10110, 10109, 10516, 10515, 10514, 10517, 10522, 10299, 10300, 10301, 10309, 10308, 10533, 10363, 10350, 10351, 10366, 10376, 10374, 10379, 10378, 10391, 10402, 10403, 10390, 2577, 2576, 2598, 2575, 2587, 10714, 10713, 10722, 2597, 10723, 2596, 2876, 2875, 2874, 2873, 2885, 2886, 2884, 2883, 2890, 2891, 2895, 3904, 3925, 3926, 3931, 3951, 3954, 3953, 3966, 3944, 3977, 3976, 3941, 4043, 4042, 4041, 4040, 4046, 4050, 4053, 4076, 4075, 4082, 4084, 5080, 5084, 5310, 5311, 5337, 5320, 5322, 5323, 5346, 5357, 5358, 5364], "elapsed_seconds": 0.04895050000050105, "status": "success", "failure_reason": "", "route_distance_km": 73.20858031824217, "distance_cost_sum": 80.57077698397048, "population_cost_sum": 17.18299585912548, "traffic_cost_sum": 45.29212438015302, "airspace_cost_sum": 50.4, "total_weighted_score": 52.503209551325845}, "geometry": {"type": "LineString", "coordinates": [[-89.83272609742262, 38.54503213945896], [-89.83252853470323, 38.54953126729425], [-89.83806053424684, 38.55418543772932], [-89.84359324582596, 38.558839373542895], [-89.84912666962028, 38.563493074603095], [-89.85466080580946, 38.568146540778045], [-89.86019565457306, 38.572799771935806], [-89.86573121609086, 38.57745276794444], [-89.87126749054252, 38.58210552867199], [-89.8768044781077, 38.58675805398646], [-89.88234217896623, 38.591410343755804], [-89.8878805932977, 38.59606239784802], [-89.89341972128202, 38.600714216131045], [-89.89895956309883, 38.60536579847276], [-89.90450011892796, 38.61001714474108], [-89.91004138894921, 38.614668254803874], [-89.9155833733424, 38.61931912852895], [-89.92131862594731, 38.619470314708934], [-89.9268617252078, 38.624120695492145], [-89.93259742104341, 38.62427134452904], [-89.93833315971467, 38.6244217128885], [-89.94406894114202, 38.62457180056415], [-89.94980476524591, 38.62472160754967], [-89.95554063194687, 38.62487113383877], [-89.96127654116528, 38.62502037942509], [-89.96701249282155, 38.625169344302385], [-89.97274848683627, 38.62531802846435], [-89.97848452312972, 38.62546643190471], [-89.98403193705393, 38.63011426460664], [-89.98958006609531, 38.63476185964426], [-89.99531694389556, 38.63490946811138], [-90.00105386367663, 38.63505679574229], [-90.00660350731387, 38.63970363840778], [-90.01234086854143, 38.63985042783196], [-90.01807827152109, 38.63999693635645], [-90.02362942973669, 38.64464302594129], [-90.02936727381517, 38.644788996000585], [-90.0349195472141, 38.64943458949962], [-90.0406578321926, 38.64958002089252], [-90.04639615854494, 38.6497251712652], [-90.0521345261914, 38.64987004061157], [-90.05787293505232, 38.6500146289255], [-90.06361138504795, 38.650158936200874], [-90.06934987609858, 38.6503029624316], [-90.07508840812451, 38.65044670761164], [-90.08064419177347, 38.65509025680674], [-90.0862006916776, 38.659733566559446], [-90.09194006243584, 38.659876514283475], [-90.09767947387014, 38.66001918084284], [-90.10341892590075, 38.66016156623149], [-90.1091584184479, 38.66030367044341], [-90.11489795143179, 38.66044549347263], [-90.12063752477266, 38.66058703531315], [-90.1263771383907, 38.66072829595899], [-90.1321167922061, 38.660869275404174], [-90.13785648613919, 38.66100997364278], [-90.14359622011, 38.661150390668844], [-90.14933599403881, 38.66129052647644], [-90.15507580784583, 38.66143038105964], [-90.16081566145125, 38.66156995441258], [-90.16655555477524, 38.661709246529334], [-90.17229548773797, 38.66184825740402], [-90.17785868094164, 38.666487447153536], [-90.18342259105025, 38.67112639580074], [-90.1889872182426, 38.67576510321293], [-90.19472838451095, 38.67590305525546], [-90.2002941269196, 38.68054126191918], [-90.20586058678872, 38.68517922698935], [-90.21142776429718, 38.68981695033316], [-90.2171701635404, 38.68995384239636], [-90.2229126017605, 38.690090452895454], [-90.22865507887754, 38.69022678182468], [-90.23439759481155, 38.69036282917826], [-90.24014014948251, 38.69049859495047], [-90.24605541323987, 38.68613337677085], [-90.2517976862147, 38.68626855773688], [-90.25753999767723, 38.686403457149304], [-90.26328234754749, 38.686538075002424], [-90.26902473574555, 38.686672411290566], [-90.27476716219141, 38.68680646600806], [-90.28033911009649, 38.69144107059682], [-90.28591177604412, 38.696075432210684], [-90.29148516021279, 38.700709550716724], [-90.297228816103, 38.700842542902386], [-90.30280331580018, 38.70547615766316], [-90.30837853409372, 38.710109528957155], [-90.31395447116216, 38.71474265665128], [-90.31378588266769, 38.71924359100243], [-90.31936286061908, 38.72387649197406], [-90.32494055786266, 38.72850914903958], [-90.330518974577, 38.7331415620659], [-90.33626541075455, 38.733272728767844], [-90.3420118843105, 38.73340361338185], [-90.34775839516463, 38.73353421590239], [-90.35333872308522, 38.73816560113835], [-90.35908566820065, 38.73829566025279], [-90.36466711306467, 38.742926539503976], [-90.37024927800739, 38.74755717394432]]}}, {"type": "Feature", "properties": {"route_run_id": "stl_midamerica_to_st_louis_lambert_2026-01-12_0278", "route_pair": "midamerica_to_st_louis_lambert", "route_pair_label": "MidAmerica to St. Louis Lambert", "origin_label": "MidAmerica St. Louis Airport", "destination_label": "St. Louis Lambert International Airport", "origin_lat": 38.5451731, "origin_lon": -89.8351856, "destination_lat": 38.7486982, "destination_lon": -90.3700257, "traffic_date": "2026-01-12", "traffic_dataset": "January 12th - Monday", "weight_id": "w_0278", "distance_weight": 0.8, "population_weight": 0.0, "traffic_weight": 0.0, "airspace_weight": 0.2, "path_nodes": 96, "path_node_ids": [8877, 8876, 8892, 8897, 8899, 8926, 9788, 10013, 10014, 10036, 10052, 10054, 10061, 10051, 10049, 10048, 10050, 10253, 10252, 10241, 10240, 10248, 10246, 10247, 10245, 10231, 10230, 10262, 10150, 10148, 10149, 10151, 10161, 10159, 10158, 10160, 10166, 10168, 10167, 10169, 2247, 2269, 2268, 2257, 2256, 2254, 2279, 2293, 2296, 2301, 2303, 2491, 2492, 2818, 2496, 2507, 2506, 2828, 2505, 2809, 2811, 2810, 2728, 2730, 2731, 2729, 2715, 2717, 2714, 2716, 2738, 2741, 2745, 2747, 2684, 2687, 3987, 3990, 4016, 4017, 4022, 4029, 4034, 4060, 4064, 5048, 5052, 5076, 5082, 5299, 5304, 5319, 5321, 5357, 5358, 5364], "elapsed_seconds": 0.023161300021456555, "status": "success", "failure_reason": "", "route_distance_km": 71.90057520712594, "distance_cost_sum": 79.13123277148179, "population_cost_sum": 53.29567736851651, "traffic_cost_sum": 39.307370558879065, "airspace_cost_sum": 46.2, "total_weighted_score": 72.54498621718544}, "geometry": {"type": "LineString", "coordinates": [[-89.83272609742262, 38.54503213945896], [-89.83845499191484, 38.54518713674757], [-89.84398707949187, 38.54984103165108], [-89.84951987896733, 38.55449469187918], [-89.85505339052077, 38.559148117300026], [-89.86058761433173, 38.563801307781745], [-89.86612255057987, 38.568454263192415], [-89.87165819944471, 38.57310698340007], [-89.87719456110594, 38.577759468272795], [-89.88273163574308, 38.582411717678575], [-89.88826942353593, 38.58706373148541], [-89.89380792466403, 38.591715509561276], [-89.89934713930707, 38.59636705177409], [-89.90508047722643, 38.59651895818466], [-89.91081385831642, 38.59667058421835], [-89.91654728249756, 38.596821929868824], [-89.92228074969049, 38.59697299512966], [-89.92801425981584, 38.59712377999449], [-89.93374781279411, 38.597274284457015], [-89.93948140854593, 38.5974245085108], [-89.94521504699188, 38.5975744521496], [-89.95094872805251, 38.59772411536704], [-89.95668245164843, 38.59787349815684], [-89.96241621770018, 38.59802260051268], [-89.96815002612831, 38.59817142242828], [-89.9738838768534, 38.59831996389739], [-89.97961776979602, 38.59846822491371], [-89.98535170487666, 38.59861620547102], [-89.99108568201598, 38.59876390556306], [-89.99681970113441, 38.59891132518362], [-90.00255376215256, 38.59905846432648], [-90.00828786499093, 38.59920532298544], [-90.01402200957008, 38.5993519011543], [-90.01975619581054, 38.599498198826886], [-90.02549042363282, 38.599644215997024], [-90.03122469295744, 38.59978995265856], [-90.03695900370492, 38.599935408805365], [-90.0426933557958, 38.60008058443128], [-90.04842774915056, 38.600225479530216], [-90.05416218368977, 38.60037009409603], [-90.05989665933384, 38.60051442812264], [-90.06563117600335, 38.600658481603965], [-90.07136573361876, 38.60080225453393], [-90.07710033210058, 38.60094574690646], [-90.0828349713693, 38.601088958715515], [-90.08856965134538, 38.60123188995506], [-90.0941227455516, 38.605874717602354], [-90.09967655430022, 38.61051730605643], [-90.10523107776994, 38.61515965518486], [-90.11078631613944, 38.61980176485522], [-90.11652262799952, 38.61994338379215], [-90.1220789793104, 38.62458499570804], [-90.12781572923257, 38.62472607564535], [-90.13337319363258, 38.629367189437694], [-90.13911038141684, 38.62950773017495], [-90.14484760917111, 38.62964799001386], [-90.15058487681573, 38.629787968948484], [-90.156322184271, 38.62992766697294], [-90.16205953145733, 38.63006708408134], [-90.16779691829495, 38.630206220267794], [-90.17353434470424, 38.6303450755264], [-90.17927181060547, 38.63048364985134], [-90.185009315919, 38.63062194323676], [-90.1907468605651, 38.6307599556768], [-90.1964844444641, 38.63089768716567], [-90.2022220675363, 38.63103513769752], [-90.20795972970198, 38.63117230726659], [-90.21369743088145, 38.63130919586706], [-90.21943517099498, 38.631445803493165], [-90.22517294996291, 38.63158213013913], [-90.2309107677055, 38.63171817579922], [-90.2364756999938, 38.63635464897752], [-90.2420413482591, 38.64099088040321], [-90.24760771267954, 38.645626869943555], [-90.25317479343335, 38.65026261746583], [-90.25874259069872, 38.654898122837295], [-90.26431110465388, 38.659533385925144], [-90.26988033547711, 38.664168406596616], [-90.27545028334664, 38.66880318471887], [-90.28102094844074, 38.67343772015905], [-90.28659233093768, 38.67807201278429], [-90.29216443101578, 38.68270606246168], [-90.29773724885335, 38.68733986905835], [-90.30331078462868, 38.69197343244128], [-90.30888503852013, 38.69660675247757], [-90.31446001070607, 38.70123982903419], [-90.32003570136486, 38.70587266197814], [-90.32561211067481, 38.710505251176386], [-90.33118923881437, 38.715137596495865], [-90.3367670859619, 38.719769697803464], [-90.34234565229588, 38.724401554966114], [-90.34792493799469, 38.72903316785066], [-90.35350494323681, 38.73366453632395], [-90.35908566820065, 38.73829566025279], [-90.36466711306467, 38.742926539503976], [-90.37024927800739, 38.74755717394432]]}}, {"type": "Feature", "properties": {"route_run_id": "stl_midamerica_to_st_louis_lambert_2026-01-12_0068", "route_pair": "midamerica_to_st_louis_lambert", "route_pair_label": "MidAmerica to St. Louis Lambert", "origin_label": "MidAmerica St. Louis Airport", "destination_label": "St. Louis Lambert International Airport", "origin_lat": 38.5451731, "origin_lon": -89.8351856, "destination_lat": 38.7486982, "destination_lon": -90.3700257, "traffic_date": "2026-01-12", "traffic_dataset": "January 12th - Monday", "weight_id": "w_0068", "distance_weight": 0.1, "population_weight": 0.0, "traffic_weight": 0.1, "airspace_weight": 0.8, "path_nodes": 96, "path_node_ids": [8877, 8879, 8896, 8900, 8924, 8930, 9788, 10013, 10014, 10036, 10052, 10054, 10061, 10051, 10045, 10044, 10046, 10239, 10237, 10236, 10238, 10243, 10244, 10242, 10221, 10227, 10229, 10228, 10146, 10144, 10147, 10145, 10141, 10138, 10132, 10133, 9910, 10112, 9911, 10113, 2216, 2240, 2241, 2253, 2256, 2281, 2279, 2293, 2296, 2301, 2303, 2491, 2492, 2818, 2496, 2507, 2506, 2828, 2505, 2809, 2811, 2810, 2728, 2730, 2731, 2732, 2755, 2757, 2782, 2780, 2775, 2802, 2805, 3917, 4011, 4010, 4009, 4008, 4019, 4017, 4022, 4029, 4034, 4060, 4064, 5048, 5052, 5076, 5082, 5299, 5304, 5319, 5321, 5357, 5358, 5364], "elapsed_seconds": 0.055758099973900244, "status": "success", "failure_reason": "", "route_distance_km": 74.03140288635615, "distance_cost_sum": 81.47634643149563, "population_cost_sum": 48.549692461451876, "traffic_cost_sum": 30.59514448124461, "airspace_cost_sum": 46.2, "total_weighted_score": 48.167149091274055}, "geometry": {"type": "LineString", "coordinates": [[-89.83272609742262, 38.54503213945896], [-89.83825778508921, 38.54968628939868], [-89.84379018463301, 38.55434020475587], [-89.84932329623358, 38.558993885398685], [-89.85485712007056, 38.56364733119524], [-89.86039165632353, 38.56830054201366], [-89.86612255057987, 38.568454263192415], [-89.87165819944471, 38.57310698340007], [-89.87719456110594, 38.577759468272795], [-89.88273163574308, 38.582411717678575], [-89.88826942353593, 38.58706373148541], [-89.89380792466403, 38.591715509561276], [-89.89934713930707, 38.59636705177409], [-89.90508047722643, 38.59651895818466], [-89.91100686790415, 38.59217115585891], [-89.91673993525164, 38.59232247728969], [-89.9224730456005, 38.59247351837563], [-89.92820619887138, 38.59262427911033], [-89.93393939498483, 38.59277475948747], [-89.93967263386149, 38.59292495950068], [-89.945405915422, 38.59307487914367], [-89.95113923958688, 38.593224518410075], [-89.95687260627673, 38.5933738772936], [-89.96260601541215, 38.59352295578797], [-89.96833946691376, 38.59367175388689], [-89.9740729607021, 38.59382027158407], [-89.97980649669776, 38.593968508873274], [-89.98554007482124, 38.594116465748236], [-89.99127369499321, 38.59426414220273], [-89.99700735713421, 38.594411538230524], [-90.00274106116477, 38.59455865382544], [-90.00847480700546, 38.59470548898121], [-90.01439513793235, 38.59035218199731], [-90.02031475507195, 38.58599854351194], [-90.026233658563, 38.58164457366228], [-90.03196650021262, 38.58179021704508], [-90.0376993832451, 38.58193558009231], [-90.043432307581, 38.582080662797836], [-90.04916527314093, 38.58222546515554], [-90.05489827984546, 38.58236998715933], [-90.0606313276152, 38.58251422880312], [-90.06618116766307, 38.58715826927005], [-90.07173172151896, 38.59180207116597], [-90.07728298936146, 38.59644563435857], [-90.0828349713693, 38.601088958715515], [-90.08838766772114, 38.60573204410446], [-90.0941227455516, 38.605874717602354], [-90.09967655430022, 38.61051730605643], [-90.10523107776994, 38.61515965518486], [-90.11078631613944, 38.61980176485522], [-90.11652262799952, 38.61994338379215], [-90.1220789793104, 38.62458499570804], [-90.12781572923257, 38.62472607564535], [-90.13337319363258, 38.629367189437694], [-90.13911038141684, 38.62950773017495], [-90.14484760917111, 38.62964799001386], [-90.15058487681573, 38.629787968948484], [-90.156322184271, 38.62992766697294], [-90.16205953145733, 38.63006708408134], [-90.16779691829495, 38.630206220267794], [-90.17353434470424, 38.6303450755264], [-90.17927181060547, 38.63048364985134], [-90.185009315919, 38.63062194323676], [-90.1907468605651, 38.6307599556768], [-90.1964844444641, 38.63089768716567], [-90.20204699586435, 38.63553571516044], [-90.2076102631287, 38.640173501959694], [-90.21317424643554, 38.64481104743077], [-90.21873894596322, 38.64944835144101], [-90.22447815711037, 38.64958476537795], [-90.23004397010321, 38.6542215684137], [-90.23561049969246, 38.65885812963025], [-90.24117774605664, 38.663494448894866], [-90.24674570937407, 38.66813052607476], [-90.25231438982323, 38.67276636103712], [-90.25805562494689, 38.67290119572174], [-90.26379689845037, 38.67303574898191], [-90.26953821025378, 38.673170020811966], [-90.27527956027723, 38.67330401120623], [-90.28102094844074, 38.67343772015905], [-90.28659233093768, 38.67807201278429], [-90.29216443101578, 38.68270606246168], [-90.29773724885335, 38.68733986905835], [-90.30331078462868, 38.69197343244128], [-90.30888503852013, 38.69660675247757], [-90.31446001070607, 38.70123982903419], [-90.32003570136486, 38.70587266197814], [-90.32561211067481, 38.710505251176386], [-90.33118923881437, 38.715137596495865], [-90.3367670859619, 38.719769697803464], [-90.34234565229588, 38.724401554966114], [-90.34792493799469, 38.72903316785066], [-90.35350494323681, 38.73366453632395], [-90.35908566820065, 38.73829566025279], [-90.36466711306467, 38.742926539503976], [-90.37024927800739, 38.74755717394432]]}}, {"type": "Feature", "properties": {"route_run_id": "stl_midamerica_to_st_louis_lambert_2026-01-12_0176", "route_pair": "midamerica_to_st_louis_lambert", "route_pair_label": "MidAmerica to St. Louis Lambert", "origin_label": "MidAmerica St. Louis Airport", "destination_label": "St. Louis Lambert International Airport", "origin_lat": 38.5451731, "origin_lon": -89.8351856, "destination_lat": 38.7486982, "destination_lon": -90.3700257, "traffic_date": "2026-01-12", "traffic_dataset": "January 12th - Monday", "weight_id": "w_0176", "distance_weight": 0.3, "population_weight": 0.1, "traffic_weight": 0.0, "airspace_weight": 0.6, "path_nodes": 96, "path_node_ids": [8877, 8879, 8896, 8900, 8924, 8930, 10012, 10015, 10019, 10053, 10057, 10054, 10061, 10051, 10049, 10072, 10079, 10284, 10288, 10286, 10289, 10294, 10281, 10292, 10293, 10304, 10303, 10302, 10315, 10316, 10312, 10181, 10203, 10200, 10202, 10201, 10189, 10190, 10188, 10191, 2276, 2518, 2277, 2509, 2287, 2508, 2286, 2298, 2300, 2301, 2307, 2495, 2820, 2823, 2827, 2849, 2848, 2850, 2837, 2861, 2866, 2889, 3896, 3898, 3901, 3902, 3914, 3948, 3947, 3952, 3940, 3942, 3943, 3941, 4043, 4042, 4041, 4040, 4051, 4054, 4186, 4080, 4205, 4207, 4212, 5309, 5313, 5335, 5337, 5320, 5322, 5323, 5346, 5357, 5358, 5364], "elapsed_seconds": 0.056676800013519824, "status": "success", "failure_reason": "", "route_distance_km": 72.44740305679663, "distance_cost_sum": 79.7330521829895, "population_cost_sum": 25.108482864018423, "traffic_cost_sum": 56.62778097560867, "airspace_cost_sum": 47.00000000000003, "total_weighted_score": 54.63076394129871}, "geometry": {"type": "LineString", "coordinates": [[-89.83272609742262, 38.54503213945896], [-89.83825778508921, 38.54968628939868], [-89.84379018463301, 38.55434020475587], [-89.84932329623358, 38.558993885398685], [-89.85485712007056, 38.56364733119524], [-89.86039165632353, 38.56830054201366], [-89.86592690517212, 38.57295351772198], [-89.871462866796, 38.577606258188254], [-89.87699954137483, 38.582258763280514], [-89.88253692908823, 38.586911032866766], [-89.88807503011597, 38.59156306681497], [-89.89380792466403, 38.591715509561276], [-89.89934713930707, 38.59636705177409], [-89.90508047722643, 38.59651895818466], [-89.91081385831642, 38.59667058421835], [-89.91635458673171, 38.60132137816604], [-89.92189602906302, 38.60597193580059], [-89.92743818549003, 38.61062225698987], [-89.93298105619242, 38.615272341601674], [-89.93871608023923, 38.61542266184741], [-89.94445114702152, 38.615572701498955], [-89.95018625645967, 38.61572246055001], [-89.9559214084743, 38.61587193899423], [-89.9616566029858, 38.61602113682532], [-89.96739183991471, 38.61617005403699], [-89.97312711918148, 38.61631869062297], [-89.97886244070665, 38.616467046576965], [-89.9845978044106, 38.61661512189275], [-89.9903332102139, 38.61676291656407], [-89.99606865803695, 38.61691043058469], [-90.00199161415404, 38.61255787040093], [-90.00772678846238, 38.612704799586744], [-90.01346200454176, 38.612851448148064], [-90.01919726231266, 38.612997816078675], [-90.02493256169556, 38.61314390337241], [-90.03066790261092, 38.61328971002312], [-90.03640328497923, 38.613435236024664], [-90.04213870872088, 38.61358048137086], [-90.04787417375634, 38.61372544605564], [-90.05360968000618, 38.61387013007287], [-90.0593452273907, 38.61401453341643], [-90.0650808158304, 38.61415865608025], [-90.07081644524574, 38.61430249805824], [-90.07655211555712, 38.614446059344324], [-90.08228782668499, 38.614589339932465], [-90.08802357854981, 38.61473233981663], [-90.09375937107193, 38.61487505899075], [-90.09949520417183, 38.615017497448825], [-90.10505004462816, 38.61965986513943], [-90.11078631613944, 38.61980176485522], [-90.11634226958749, 38.624443634935055], [-90.12189893829279, 38.62908526529191], [-90.12745632243416, 38.63372665579325], [-90.13301442219031, 38.63836780630655], [-90.13857323774008, 38.64300871669927], [-90.14431153910874, 38.643149043887504], [-90.15004988039681, 38.64328909003685], [-90.15578826152439, 38.64342885514139], [-90.16152668241186, 38.64356833919522], [-90.16708780535298, 38.6482079745162], [-90.17264964452228, 38.6528473690797], [-90.17821220009857, 38.65748652275311], [-90.18377547226044, 38.66212543540375], [-90.18933946118675, 38.666764106898924], [-90.19490416705614, 38.67140253710589], [-90.200645013987, 38.67154018571967], [-90.20621083477218, 38.67617811511645], [-90.21177737287698, 38.68081580286656], [-90.21751905445252, 38.68095265114052], [-90.22308670781703, 38.685589837485246], [-90.22882882604138, 38.685726144608395], [-90.23457098307328, 38.6858621702009], [-90.24031317883275, 38.68599791425695], [-90.24605541323987, 38.68613337677085], [-90.2517976862147, 38.68626855773688], [-90.25753999767723, 38.686403457149304], [-90.26328234754749, 38.686538075002424], [-90.26902473574555, 38.686672411290566], [-90.27459628650614, 38.69130727605424], [-90.2801685552908, 38.695941897935995], [-90.28574154227802, 38.70057627680287], [-90.29131524764634, 38.705210412521886], [-90.29688967157429, 38.70984430496006], [-90.30246481424038, 38.714477953984364], [-90.30804067582325, 38.71911135946174], [-90.31361725650144, 38.72374452125915], [-90.3191945564535, 38.72837743924346], [-90.3247725758581, 38.73301011328159], [-90.330518974577, 38.7331415620659], [-90.33626541075455, 38.733272728767844], [-90.3420118843105, 38.73340361338185], [-90.34775839516463, 38.73353421590239], [-90.35333872308522, 38.73816560113835], [-90.35908566820065, 38.73829566025279], [-90.36466711306467, 38.742926539503976], [-90.37024927800739, 38.74755717394432]]}}, {"type": "Feature", "properties": {"route_run_id": "stl_midamerica_to_st_louis_lambert_2026-01-12_0209", "route_pair": "midamerica_to_st_louis_lambert", "route_pair_label": "MidAmerica to St. Louis Lambert", "origin_label": "MidAmerica St. Louis Airport", "destination_label": "St. Louis Lambert International Airport", "origin_lat": 38.5451731, "origin_lon": -89.8351856, "destination_lat": 38.7486982, "destination_lon": -90.3700257, "traffic_date": "2026-01-12", "traffic_dataset": "January 12th - Monday", "weight_id": "w_0209", "distance_weight": 0.4, "population_weight": 0.0, "traffic_weight": 0.5, "airspace_weight": 0.1, "path_nodes": 97, "path_node_ids": [8877, 8861, 8864, 8865, 8866, 8863, 7715, 7716, 9752, 9731, 9742, 9743, 9730, 9733, 9721, 9732, 9720, 9915, 7793, 7795, 7796, 7804, 7803, 7805, 7813, 7814, 7811, 7812, 9817, 9816, 9819, 9818, 7904, 7901, 9823, 9822, 9844, 9847, 9849, 9846, 1959, 1958, 1937, 1947, 1969, 1973, 1988, 2002, 2004, 2231, 2006, 2191, 2197, 2196, 2408, 2420, 2422, 2419, 2423, 2205, 2206, 2449, 2345, 2370, 2373, 2398, 2394, 2397, 2712, 2716, 2739, 2746, 2769, 2747, 2681, 2682, 2685, 3986, 2706, 4015, 4017, 4022, 4029, 4034, 4060, 4064, 5048, 5052, 5076, 5082, 5299, 5304, 5319, 5321, 5357, 5358, 5364], "elapsed_seconds": 0.04757699999026954, "status": "success", "failure_reason": "", "route_distance_km": 73.8487035266796, "distance_cost_sum": 81.27527397114159, "population_cost_sum": 50.60277659986197, "traffic_cost_sum": 21.56723228666362, "airspace_cost_sum": 62.6, "total_weighted_score": 49.55372573178845}, "geometry": {"type": "LineString", "coordinates": [[-89.83272609742262, 38.54503213945896], [-89.83865215473445, 38.54068797977641], [-89.84438073740759, 38.54084267248963], [-89.8501093639971, 38.54099708543371], [-89.85583803442384, 38.541151218602124], [-89.86156674860865, 38.54130507198842], [-89.86729550647239, 38.541458645586076], [-89.87302430793594, 38.54161193938866], [-89.87875315292008, 38.541764953389716], [-89.88448204134579, 38.54191768758279], [-89.8902109731338, 38.54207014196144], [-89.895939948205, 38.54222231651928], [-89.90166896648022, 38.54237421124988], [-89.90739802788026, 38.54252582614685], [-89.91312713232598, 38.54267716120381], [-89.91885627973821, 38.54282821641439], [-89.92458547003774, 38.5429789917722], [-89.93031470314544, 38.543129487270946], [-89.93623504869535, 38.538780126685914], [-89.94196401125822, 38.538930038442274], [-89.94769301638131, 38.53907967036528], [-89.95342206398557, 38.53922902244861], [-89.95915115399177, 38.53937809468601], [-89.9648802863207, 38.53952688707118], [-89.97060946089319, 38.53967539959786], [-89.97633867763007, 38.53982363225979], [-89.98206793645213, 38.53997158505075], [-89.98779723728013, 38.54011925796448], [-89.99352658003491, 38.54026665099478], [-89.99925596463726, 38.54041376413546], [-90.00498539100796, 38.54056059738029], [-90.0107148590678, 38.5407071507231], [-90.01644436873754, 38.540853424157724], [-90.022173919938, 38.540999417678], [-90.0277181388758, 38.54564508621299], [-90.03344812898557, 38.54579054317578], [-90.03899345764175, 38.55043571741418], [-90.04453949873692, 38.55508065386086], [-90.05027032498664, 38.555225317192196], [-90.0560011923214, 38.555369700438234], [-90.06173210066189, 38.55551380359289], [-90.0674630499288, 38.55565762665008], [-90.0731940400428, 38.55580116960377], [-90.07892507092458, 38.5559444324479], [-90.08447420828541, 38.56058758841172], [-90.0900240585605, 38.56523050576299], [-90.09557462192825, 38.56987318436945], [-90.10112589856693, 38.57451562409887], [-90.10667788865496, 38.579157824818985], [-90.11223059237057, 38.583799786397456], [-90.11814404276322, 38.57944093533558], [-90.12387718012955, 38.579582070024706], [-90.12943107502363, 38.58422325824649], [-90.1351646494121, 38.58436385466116], [-90.14089826375356, 38.58450417063179], [-90.14645366632062, 38.589144603290876], [-90.15218771733517, 38.589284380730234], [-90.15792180807382, 38.58942387766302], [-90.16347871828971, 38.59406355405304], [-90.16921324535195, 38.59420251219789], [-90.17494781190939, 38.59434118977373], [-90.18050622974906, 38.59898010918833], [-90.18606536210271, 38.60361878809667], [-90.19162520914848, 38.60825722636621], [-90.19718577106451, 38.612895423864465], [-90.20274704802898, 38.61753338045887], [-90.2084836369821, 38.617670484184025], [-90.21404602582597, 38.62230794080845], [-90.21960913009349, 38.62694515617101], [-90.22517294996291, 38.63158213013913], [-90.23073748561237, 38.63621886258013], [-90.23630273722006, 38.640855353361346], [-90.24186870496423, 38.645491602350084], [-90.24760771267954, 38.645626869943555], [-90.25334675887852, 38.64576185639355], [-90.25891423625677, 38.65039734432395], [-90.26448243016516, 38.6550325900107], [-90.27005134078189, 38.65966759332096], [-90.27562096828521, 38.66430235412195], [-90.28119131285328, 38.668936872280845], [-90.28102094844074, 38.67343772015905], [-90.28659233093768, 38.67807201278429], [-90.29216443101578, 38.68270606246168], [-90.29773724885335, 38.68733986905835], [-90.30331078462868, 38.69197343244128], [-90.30888503852013, 38.69660675247757], [-90.31446001070607, 38.70123982903419], [-90.32003570136486, 38.70587266197814], [-90.32561211067481, 38.710505251176386], [-90.33118923881437, 38.715137596495865], [-90.3367670859619, 38.719769697803464], [-90.34234565229588, 38.724401554966114], [-90.34792493799469, 38.72903316785066], [-90.35350494323681, 38.73366453632395], [-90.35908566820065, 38.73829566025279], [-90.36466711306467, 38.742926539503976], [-90.37024927800739, 38.74755717394432]]}}, {"type": "Feature", "properties": {"route_run_id": "stl_midamerica_to_st_louis_lambert_2026-01-12_0147", "route_pair": "midamerica_to_st_louis_lambert", "route_pair_label": "MidAmerica to St. Louis Lambert", "origin_label": "MidAmerica St. Louis Airport", "destination_label": "St. Louis Lambert International Airport", "origin_lat": 38.5451731, "origin_lon": -89.8351856, "destination_lat": 38.7486982, "destination_lon": -90.3700257, "traffic_date": "2026-01-12", "traffic_dataset": "January 12th - Monday", "weight_id": "w_0147", "distance_weight": 0.2, "population_weight": 0.3, "traffic_weight": 0.1, "airspace_weight": 0.4, "path_nodes": 97, "path_node_ids": [8877, 8881, 8904, 8922, 8923, 8927, 9145, 10016, 10018, 10062, 10055, 10058, 10094, 10096, 10103, 10104, 10110, 10109, 10516, 10515, 10514, 10517, 10522, 10299, 10300, 10301, 10311, 10532, 10533, 10349, 10347, 10348, 10346, 10359, 10358, 10356, 10352, 10326, 10328, 10329, 10330, 2548, 2527, 2525, 2526, 2538, 2540, 2516, 2530, 2534, 2559, 2561, 2840, 2842, 2843, 2845, 2878, 2879, 2884, 2883, 2893, 4095, 4096, 3932, 3933, 3958, 3962, 3974, 3973, 3972, 3971, 3982, 4295, 3983, 4297, 4198, 4199, 4201, 4216, 4229, 4232, 4230, 4242, 4265, 4244, 4243, 5336, 5338, 5341, 5339, 5345, 5324, 5347, 5346, 5357, 5358, 5364], "elapsed_seconds": 0.05538090001209639, "status": "success", "failure_reason": "", "route_distance_km": 73.89841470417085, "distance_cost_sum": 81.32998433675507, "population_cost_sum": 20.623712753667085, "traffic_cost_sum": 35.02558922870262, "airspace_cost_sum": 48.8, "total_weighted_score": 45.47566961632142}, "geometry": {"type": "LineString", "coordinates": [[-89.83272609742262, 38.54503213945896], [-89.83252853470323, 38.54953126729425], [-89.83806053424684, 38.55418543772932], [-89.84359324582596, 38.558839373542895], [-89.84912666962028, 38.563493074603095], [-89.85466080580946, 38.568146540778045], [-89.86019565457306, 38.572799771935806], [-89.86573121609086, 38.57745276794444], [-89.87126749054252, 38.58210552867199], [-89.8768044781077, 38.58675805398646], [-89.88234217896623, 38.591410343755804], [-89.8878805932977, 38.59606239784802], [-89.89341972128202, 38.600714216131045], [-89.89895956309883, 38.60536579847276], [-89.90450011892796, 38.61001714474108], [-89.91004138894921, 38.614668254803874], [-89.9155833733424, 38.61931912852895], [-89.92131862594731, 38.619470314708934], [-89.9268617252078, 38.624120695492145], [-89.93259742104341, 38.62427134452904], [-89.93833315971467, 38.6244217128885], [-89.94406894114202, 38.62457180056415], [-89.94980476524591, 38.62472160754967], [-89.95554063194687, 38.62487113383877], [-89.96127654116528, 38.62502037942509], [-89.96701249282155, 38.625169344302385], [-89.97255910725055, 38.62981769100349], [-89.9782955010475, 38.62996611819141], [-89.98403193705393, 38.63011426460664], [-89.9897684151902, 38.630262130242976], [-89.99550493537676, 38.630409715094125], [-90.001241497534, 38.63055701915386], [-90.00697810158232, 38.630704042416006], [-90.01271474744215, 38.63085078487433], [-90.01845143503385, 38.63099724652267], [-90.02418816427785, 38.631143427354814], [-90.03011073918805, 38.62678942936717], [-90.03603259897847, 38.622435099729884], [-90.04176873755169, 38.622580391570615], [-90.04750491743872, 38.62272540266021], [-90.0530568061099, 38.627370128132036], [-90.0587934259509, 38.627514600818145], [-90.06453008687686, 38.627658792689985], [-90.07026678880817, 38.62780270374147], [-90.07600353166524, 38.62794633396657], [-90.08174031536842, 38.6280896833592], [-90.08747713983809, 38.62823275191331], [-90.09339583428118, 38.623875383605984], [-90.09895091075838, 38.62851804648185], [-90.10450670259345, 38.633160469873815], [-90.11006320996535, 38.6378026536494], [-90.11562043305292, 38.64244459767609], [-90.12135857394713, 38.64258604896054], [-90.12691691116937, 38.64722749468063], [-90.13265549047176, 38.64736840647394], [-90.13821494197643, 38.652009353518125], [-90.14395395948668, 38.652149725619736], [-90.14951452542148, 38.65679017361872], [-90.15507580784583, 38.66143038105964], [-90.16081566145125, 38.66156995441258], [-90.16637805865126, 38.66620966221335], [-90.17194117271791, 38.67084912909773], [-90.17750500383, 38.67548835493302], [-90.18306955216653, 38.68012733958649], [-90.18863481790633, 38.68476608292537], [-90.19420080122836, 38.68940458481685], [-90.19976750231159, 38.694042845128145], [-90.20533492133491, 38.69868086372641], [-90.2110779994899, 38.698818081237896], [-90.21682111672072, 38.69895501710115], [-90.22256427294727, 38.69909167131035], [-90.22830746808964, 38.699228043859776], [-90.23405070206775, 38.699364134743625], [-90.23979397480163, 38.69949994395616], [-90.24536450002277, 38.704136161482424], [-90.25110820919835, 38.70427142896936], [-90.25685195689897, 38.704406414722804], [-90.2624239960298, 38.709041869378396], [-90.26799675378774, 38.71367708117809], [-90.27357023035168, 38.71831204998893], [-90.27914442590036, 38.722946775677876], [-90.28488980273018, 38.72308043816236], [-90.29046511515969, 38.72771465998137], [-90.29604114694997, 38.73234863831933], [-90.30178735717278, 38.73248149743191], [-90.30753360525517, 38.73261407449003], [-90.31327989111702, 38.732746369488076], [-90.31902621467803, 38.73287838242046], [-90.32460455631471, 38.7375110734335], [-90.33035131489382, 38.737642543240376], [-90.33609811094065, 38.737773730919855], [-90.341844944375, 38.73790463646636], [-90.34759181511657, 38.738035259874366], [-90.35333872308522, 38.73816560113835], [-90.35908566820065, 38.73829566025279], [-90.36466711306467, 38.742926539503976], [-90.37024927800739, 38.74755717394432]]}}, {"type": "Feature", "properties": {"route_run_id": "stl_midamerica_to_st_louis_lambert_2026-01-12_0243", "route_pair": "midamerica_to_st_louis_lambert", "route_pair_label": "MidAmerica to St. Louis Lambert", "origin_label": "MidAmerica St. Louis Airport", "destination_label": "St. Louis Lambert International Airport", "origin_lat": 38.5451731, "origin_lon": -89.8351856, "destination_lat": 38.7486982, "destination_lon": -90.3700257, "traffic_date": "2026-01-12", "traffic_dataset": "January 12th - Monday", "weight_id": "w_0243", "distance_weight": 0.5, "population_weight": 0.2, "traffic_weight": 0.0, "airspace_weight": 0.3, "path_nodes": 97, "path_node_ids": [8877, 8881, 8904, 8922, 8923, 8927, 9145, 10016, 10018, 10062, 10055, 10058, 10094, 10096, 10103, 10104, 10110, 10109, 10291, 10512, 10290, 10513, 10298, 10295, 10296, 10297, 10307, 10305, 10306, 10319, 10321, 10320, 10318, 10211, 10210, 10208, 10209, 10326, 10328, 10329, 10327, 2522, 2524, 2523, 2514, 2517, 2515, 2516, 2530, 2534, 2532, 2558, 2840, 2839, 2838, 2827, 2849, 2848, 2850, 2837, 2861, 2866, 2889, 3896, 3898, 3901, 3902, 3914, 3948, 3947, 3952, 3940, 3942, 3943, 3941, 4043, 4066, 4067, 4068, 4185, 4187, 4188, 4080, 4205, 4207, 4212, 5309, 5313, 5335, 5337, 5320, 5322, 5323, 5346, 5357, 5358, 5364], "elapsed_seconds": 0.043992599996272475, "status": "success", "failure_reason": "", "route_distance_km": 72.29291693161697, "distance_cost_sum": 79.56303021172793, "population_cost_sum": 21.70319333025272, "traffic_cost_sum": 49.82970210380959, "airspace_cost_sum": 48.00000000000003, "total_weighted_score": 58.52215377191452}, "geometry": {"type": "LineString", "coordinates": [[-89.83272609742262, 38.54503213945896], [-89.83252853470323, 38.54953126729425], [-89.83806053424684, 38.55418543772932], [-89.84359324582596, 38.558839373542895], [-89.84912666962028, 38.563493074603095], [-89.85466080580946, 38.568146540778045], [-89.86019565457306, 38.572799771935806], [-89.86573121609086, 38.57745276794444], [-89.87126749054252, 38.58210552867199], [-89.8768044781077, 38.58675805398646], [-89.88234217896623, 38.591410343755804], [-89.8878805932977, 38.59606239784802], [-89.89341972128202, 38.600714216131045], [-89.89895956309883, 38.60536579847276], [-89.90450011892796, 38.61001714474108], [-89.91004138894921, 38.614668254803874], [-89.9155833733424, 38.61931912852895], [-89.92131862594731, 38.619470314708934], [-89.92705392153653, 38.61962122026898], [-89.93278926003055, 38.619771845202735], [-89.93852464134986, 38.619922189503846], [-89.9442600654149, 38.62007225316597], [-89.94999553214618, 38.62022203618278], [-89.95573104146416, 38.620371538547964], [-89.96146659328937, 38.6205207602552], [-89.96720218754218, 38.620669701298226], [-89.97293782414316, 38.62081836167072], [-89.97867350301271, 38.62096674136646], [-89.98440922407127, 38.621114840379136], [-89.99014498723932, 38.62126265870254], [-89.99588079243732, 38.621410196330416], [-90.00161663958568, 38.62155745325657], [-90.00735252860491, 38.621704429474754], [-90.01308845941536, 38.6218511249788], [-90.01882443193752, 38.62199753976251], [-90.0245604460918, 38.62214367381969], [-90.03029650179865, 38.62228952714421], [-90.03603259897847, 38.622435099729884], [-90.04176873755169, 38.622580391570615], [-90.04750491743872, 38.62272540266021], [-90.05324113855997, 38.6228701329926], [-90.0589774008359, 38.62301458256169], [-90.06471370418684, 38.62315875136136], [-90.07045004853325, 38.62330263938551], [-90.07618643379548, 38.623446246628106], [-90.08192285989396, 38.62358957308307], [-90.08765932674906, 38.623732618744384], [-90.09339583428118, 38.623875383605984], [-90.09895091075838, 38.62851804648185], [-90.10450670259345, 38.633160469873815], [-90.1102440470662, 38.63330243772981], [-90.11580095263906, 38.63794436326609], [-90.12135857394713, 38.64258604896054], [-90.12709675507955, 38.642727219229855], [-90.13283497637043, 38.64286810847808], [-90.13857323774008, 38.64300871669927], [-90.14431153910874, 38.643149043887504], [-90.15004988039681, 38.64328909003685], [-90.15578826152439, 38.64342885514139], [-90.16152668241186, 38.64356833919522], [-90.16708780535298, 38.6482079745162], [-90.17264964452228, 38.6528473690797], [-90.17821220009857, 38.65748652275311], [-90.18377547226044, 38.66212543540375], [-90.18933946118675, 38.666764106898924], [-90.19490416705614, 38.67140253710589], [-90.200645013987, 38.67154018571967], [-90.20621083477218, 38.67617811511645], [-90.21177737287698, 38.68081580286656], [-90.21751905445252, 38.68095265114052], [-90.22308670781703, 38.685589837485246], [-90.22882882604138, 38.685726144608395], [-90.23457098307328, 38.6858621702009], [-90.24031317883275, 38.68599791425695], [-90.24605541323987, 38.68613337677085], [-90.2517976862147, 38.68626855773688], [-90.25736804511756, 38.69090420272148], [-90.26311075393669, 38.69103884211091], [-90.26868222818311, 38.695673984376505], [-90.27425442059507, 38.700308883813186], [-90.27999796237877, 38.700442721166475], [-90.28557127047641, 38.70507711728869], [-90.29131524764634, 38.705210412521886], [-90.29688967157429, 38.70984430496006], [-90.30246481424038, 38.714477953984364], [-90.30804067582325, 38.71911135946174], [-90.31361725650144, 38.72374452125915], [-90.3191945564535, 38.72837743924346], [-90.3247725758581, 38.73301011328159], [-90.330518974577, 38.7331415620659], [-90.33626541075455, 38.733272728767844], [-90.3420118843105, 38.73340361338185], [-90.34775839516463, 38.73353421590239], [-90.35333872308522, 38.73816560113835], [-90.35908566820065, 38.73829566025279], [-90.36466711306467, 38.742926539503976], [-90.37024927800739, 38.74755717394432]]}}, {"type": "Feature", "properties": {"route_run_id": "stl_midamerica_to_st_louis_lambert_2026-01-12_0226", "route_pair": "midamerica_to_st_louis_lambert", "route_pair_label": "MidAmerica to St. Louis Lambert", "origin_label": "MidAmerica St. Louis Airport", "destination_label": "St. Louis Lambert International Airport", "origin_lat": 38.5451731, "origin_lon": -89.8351856, "destination_lat": 38.7486982, "destination_lon": -90.3700257, "traffic_date": "2026-01-12", "traffic_dataset": "January 12th - Monday", "weight_id": "w_0226", "distance_weight": 0.4, "population_weight": 0.4, "traffic_weight": 0.0, "airspace_weight": 0.2, "path_nodes": 98, "path_node_ids": [8877, 8881, 8904, 8922, 8923, 8927, 9145, 10016, 10018, 10062, 10055, 10058, 10094, 10096, 10103, 10104, 10110, 10109, 10516, 10515, 10514, 10517, 10522, 10299, 10300, 10301, 10309, 10308, 10533, 10363, 10350, 10351, 10366, 10376, 10374, 10379, 10614, 10407, 10410, 10411, 10408, 2604, 2605, 2606, 2603, 10715, 10714, 10713, 10722, 2597, 10723, 2596, 2876, 2875, 2874, 2873, 2885, 2886, 2884, 2883, 2890, 2891, 2895, 3904, 3925, 3926, 3931, 3951, 3954, 3953, 3966, 3944, 3977, 3976, 3941, 4043, 4066, 4067, 4068, 4185, 4187, 4186, 4076, 4075, 4082, 4084, 5080, 5084, 5310, 5311, 5337, 5320, 5322, 5323, 5346, 5357, 5358, 5364], "elapsed_seconds": 0.04567169997608289, "status": "success", "failure_reason": "", "route_distance_km": 73.20963090489165, "distance_cost_sum": 80.57193322251891, "population_cost_sum": 16.535156841253748, "traffic_cost_sum": 45.64101419932393, "airspace_cost_sum": 51.4, "total_weighted_score": 49.12283602550907}, "geometry": {"type": "LineString", "coordinates": [[-89.83272609742262, 38.54503213945896], [-89.83252853470323, 38.54953126729425], [-89.83806053424684, 38.55418543772932], [-89.84359324582596, 38.558839373542895], [-89.84912666962028, 38.563493074603095], [-89.85466080580946, 38.568146540778045], [-89.86019565457306, 38.572799771935806], [-89.86573121609086, 38.57745276794444], [-89.87126749054252, 38.58210552867199], [-89.8768044781077, 38.58675805398646], [-89.88234217896623, 38.591410343755804], [-89.8878805932977, 38.59606239784802], [-89.89341972128202, 38.600714216131045], [-89.89895956309883, 38.60536579847276], [-89.90450011892796, 38.61001714474108], [-89.91004138894921, 38.614668254803874], [-89.9155833733424, 38.61931912852895], [-89.92131862594731, 38.619470314708934], [-89.9268617252078, 38.624120695492145], [-89.93259742104341, 38.62427134452904], [-89.93833315971467, 38.6244217128885], [-89.94406894114202, 38.62457180056415], [-89.94980476524591, 38.62472160754967], [-89.95554063194687, 38.62487113383877], [-89.96127654116528, 38.62502037942509], [-89.96701249282155, 38.625169344302385], [-89.97274848683627, 38.62531802846435], [-89.97848452312972, 38.62546643190471], [-89.98403193705393, 38.63011426460664], [-89.98958006609531, 38.63476185964426], [-89.99531694389556, 38.63490946811138], [-90.00105386367663, 38.63505679574229], [-90.00660350731387, 38.63970363840778], [-90.01234086854143, 38.63985042783196], [-90.01807827152109, 38.63999693635645], [-90.02362942973669, 38.64464302594129], [-90.0291813036891, 38.64928887709267], [-90.03473389355781, 38.653934489678136], [-90.04028719952224, 38.658579863565194], [-90.04602624200047, 38.65872506038847], [-90.05176532579277, 38.658869976095644], [-90.05750445081951, 38.65901461068064], [-90.06324361700084, 38.65915896413734], [-90.06898282425709, 38.65930303645963], [-90.07472207250845, 38.65944682764147], [-90.08046136167522, 38.65959033767675], [-90.0862006916776, 38.659733566559446], [-90.09194006243584, 38.659876514283475], [-90.09767947387014, 38.66001918084284], [-90.10341892590075, 38.66016156623149], [-90.1091584184479, 38.66030367044341], [-90.11489795143179, 38.66044549347263], [-90.12063752477266, 38.66058703531315], [-90.1263771383907, 38.66072829595899], [-90.1321167922061, 38.660869275404174], [-90.13785648613919, 38.66100997364278], [-90.14359622011, 38.661150390668844], [-90.14933599403881, 38.66129052647644], [-90.15507580784583, 38.66143038105964], [-90.16081566145125, 38.66156995441258], [-90.16655555477524, 38.661709246529334], [-90.17229548773797, 38.66184825740402], [-90.17785868094164, 38.666487447153536], [-90.18342259105025, 38.67112639580074], [-90.1889872182426, 38.67576510321293], [-90.19472838451095, 38.67590305525546], [-90.2002941269196, 38.68054126191918], [-90.20586058678872, 38.68517922698935], [-90.21142776429718, 38.68981695033316], [-90.2171701635404, 38.68995384239636], [-90.2229126017605, 38.690090452895454], [-90.22865507887754, 38.69022678182468], [-90.23439759481155, 38.69036282917826], [-90.24014014948251, 38.69049859495047], [-90.24605541323987, 38.68613337677085], [-90.2517976862147, 38.68626855773688], [-90.25736804511756, 38.69090420272148], [-90.26311075393669, 38.69103884211091], [-90.26868222818311, 38.695673984376505], [-90.27425442059507, 38.700308883813186], [-90.27999796237877, 38.700442721166475], [-90.28574154227802, 38.70057627680287], [-90.29148516021279, 38.700709550716724], [-90.297228816103, 38.700842542902386], [-90.30280331580018, 38.70547615766316], [-90.30837853409372, 38.710109528957155], [-90.31395447116216, 38.71474265665128], [-90.31378588266769, 38.71924359100243], [-90.31936286061908, 38.72387649197406], [-90.32494055786266, 38.72850914903958], [-90.330518974577, 38.7331415620659], [-90.33626541075455, 38.733272728767844], [-90.3420118843105, 38.73340361338185], [-90.34775839516463, 38.73353421590239], [-90.35333872308522, 38.73816560113835], [-90.35908566820065, 38.73829566025279], [-90.36466711306467, 38.742926539503976], [-90.37024927800739, 38.74755717394432]]}}, {"type": "Feature", "properties": {"route_run_id": "stl_midamerica_to_st_louis_lambert_2026-01-12_0258", "route_pair": "midamerica_to_st_louis_lambert", "route_pair_label": "MidAmerica to St. Louis Lambert", "origin_label": "MidAmerica St. Louis Airport", "destination_label": "St. Louis Lambert International Airport", "origin_lat": 38.5451731, "origin_lon": -89.8351856, "destination_lat": 38.7486982, "destination_lon": -90.3700257, "traffic_date": "2026-01-12", "traffic_dataset": "January 12th - Monday", "weight_id": "w_0258", "distance_weight": 0.6, "population_weight": 0.1, "traffic_weight": 0.0, "airspace_weight": 0.3, "path_nodes": 96, "path_node_ids": [8877, 8879, 8896, 8900, 8924, 8930, 10012, 10015, 10019, 10053, 10057, 10060, 10092, 10076, 10080, 10105, 10109, 10291, 10512, 10290, 10513, 10298, 10295, 10296, 10297, 10307, 10305, 10306, 10319, 10321, 10320, 10318, 10211, 10210, 10208, 10209, 10326, 10328, 10329, 10327, 2522, 2524, 2523, 2514, 2517, 2515, 2516, 2530, 2534, 2532, 2558, 2840, 2839, 2838, 2827, 2849, 2848, 2850, 2837, 2861, 2866, 2889, 3896, 3898, 3901, 3902, 3914, 3948, 3947, 3952, 3940, 3942, 3943, 3941, 4043, 4042, 4041, 4040, 4051, 4054, 4186, 4080, 4205, 4207, 4212, 5309, 5313, 5335, 5337, 5320, 5322, 5323, 5346, 5357, 5358, 5364], "elapsed_seconds": 0.03752280000480823, "status": "success", "failure_reason": "", "route_distance_km": 71.91755552376524, "distance_cost_sum": 79.14992070804759, "population_cost_sum": 24.36028291495292, "traffic_cost_sum": 50.175475023887095, "airspace_cost_sum": 47.6, "total_weighted_score": 64.20598071632385}, "geometry": {"type": "LineString", "coordinates": [[-89.83272609742262, 38.54503213945896], [-89.83825778508921, 38.54968628939868], [-89.84379018463301, 38.55434020475587], [-89.84932329623358, 38.558993885398685], [-89.85485712007056, 38.56364733119524], [-89.86039165632353, 38.56830054201366], [-89.86592690517212, 38.57295351772198], [-89.871462866796, 38.577606258188254], [-89.87699954137483, 38.582258763280514], [-89.88253692908823, 38.586911032866766], [-89.88807503011597, 38.59156306681497], [-89.8936138446377, 38.59621486499309], [-89.89915337283315, 38.600866427269025], [-89.90469361488212, 38.60551775351072], [-89.91023457096428, 38.610168843586045], [-89.91577624125941, 38.61481969736282], [-89.92131862594731, 38.619470314708934], [-89.92705392153653, 38.61962122026898], [-89.93278926003055, 38.619771845202735], [-89.93852464134986, 38.619922189503846], [-89.9442600654149, 38.62007225316597], [-89.94999553214618, 38.62022203618278], [-89.95573104146416, 38.620371538547964], [-89.96146659328937, 38.6205207602552], [-89.96720218754218, 38.620669701298226], [-89.97293782414316, 38.62081836167072], [-89.97867350301271, 38.62096674136646], [-89.98440922407127, 38.621114840379136], [-89.99014498723932, 38.62126265870254], [-89.99588079243732, 38.621410196330416], [-90.00161663958568, 38.62155745325657], [-90.00735252860491, 38.621704429474754], [-90.01308845941536, 38.6218511249788], [-90.01882443193752, 38.62199753976251], [-90.0245604460918, 38.62214367381969], [-90.03029650179865, 38.62228952714421], [-90.03603259897847, 38.622435099729884], [-90.04176873755169, 38.622580391570615], [-90.04750491743872, 38.62272540266021], [-90.05324113855997, 38.6228701329926], [-90.0589774008359, 38.62301458256169], [-90.06471370418684, 38.62315875136136], [-90.07045004853325, 38.62330263938551], [-90.07618643379548, 38.623446246628106], [-90.08192285989396, 38.62358957308307], [-90.08765932674906, 38.623732618744384], [-90.09339583428118, 38.623875383605984], [-90.09895091075838, 38.62851804648185], [-90.10450670259345, 38.633160469873815], [-90.1102440470662, 38.63330243772981], [-90.11580095263906, 38.63794436326609], [-90.12135857394713, 38.64258604896054], [-90.12709675507955, 38.642727219229855], [-90.13283497637043, 38.64286810847808], [-90.13857323774008, 38.64300871669927], [-90.14431153910874, 38.643149043887504], [-90.15004988039681, 38.64328909003685], [-90.15578826152439, 38.64342885514139], [-90.16152668241186, 38.64356833919522], [-90.16708780535298, 38.6482079745162], [-90.17264964452228, 38.6528473690797], [-90.17821220009857, 38.65748652275311], [-90.18377547226044, 38.66212543540375], [-90.18933946118675, 38.666764106898924], [-90.19490416705614, 38.67140253710589], [-90.200645013987, 38.67154018571967], [-90.20621083477218, 38.67617811511645], [-90.21177737287698, 38.68081580286656], [-90.21751905445252, 38.68095265114052], [-90.22308670781703, 38.685589837485246], [-90.22882882604138, 38.685726144608395], [-90.23457098307328, 38.6858621702009], [-90.24031317883275, 38.68599791425695], [-90.24605541323987, 38.68613337677085], [-90.2517976862147, 38.68626855773688], [-90.25753999767723, 38.686403457149304], [-90.26328234754749, 38.686538075002424], [-90.26902473574555, 38.686672411290566], [-90.27459628650614, 38.69130727605424], [-90.2801685552908, 38.695941897935995], [-90.28574154227802, 38.70057627680287], [-90.29131524764634, 38.705210412521886], [-90.29688967157429, 38.70984430496006], [-90.30246481424038, 38.714477953984364], [-90.30804067582325, 38.71911135946174], [-90.31361725650144, 38.72374452125915], [-90.3191945564535, 38.72837743924346], [-90.3247725758581, 38.73301011328159], [-90.330518974577, 38.7331415620659], [-90.33626541075455, 38.733272728767844], [-90.3420118843105, 38.73340361338185], [-90.34775839516463, 38.73353421590239], [-90.35333872308522, 38.73816560113835], [-90.35908566820065, 38.73829566025279], [-90.36466711306467, 38.742926539503976], [-90.37024927800739, 38.74755717394432]]}}, {"type": "Feature", "properties": {"route_run_id": "stl_midamerica_to_st_louis_lambert_2026-01-12_0108", "route_pair": "midamerica_to_st_louis_lambert", "route_pair_label": "MidAmerica to St. Louis Lambert", "origin_label": "MidAmerica St. Louis Airport", "destination_label": "St. Louis Lambert International Airport", "origin_lat": 38.5451731, "origin_lon": -89.8351856, "destination_lat": 38.7486982, "destination_lon": -90.3700257, "traffic_date": "2026-01-12", "traffic_dataset": "January 12th - Monday", "weight_id": "w_0108", "distance_weight": 0.1, "population_weight": 0.5, "traffic_weight": 0.1, "airspace_weight": 0.3, "path_nodes": 101, "path_node_ids": [8877, 8881, 8905, 8906, 8933, 8929, 9143, 9146, 9173, 10020, 10063, 10068, 10070, 10095, 10099, 10422, 10101, 10106, 10104, 10110, 10109, 10516, 10515, 10514, 10513, 10298, 10299, 10524, 10529, 10538, 10539, 10537, 10367, 10364, 10365, 10366, 10376, 10374, 10379, 10378, 10391, 10402, 10404, 10408, 2604, 2605, 2606, 2603, 10716, 10717, 10718, 10729, 10730, 10744, 10745, 2907, 4107, 4109, 4112, 4145, 4150, 4149, 4153, 4175, 4177, 4176, 4179, 4288, 4286, 4285, 3974, 3973, 3972, 3971, 3981, 3978, 3976, 3941, 4043, 4066, 4067, 4068, 4185, 4187, 4188, 4076, 4075, 4082, 4084, 5080, 5084, 5310, 5311, 5337, 5320, 5322, 5323, 5346, 5357, 5358, 5364], "elapsed_seconds": 0.054967000003671274, "status": "success", "failure_reason": "", "route_distance_km": 77.00651971953641, "distance_cost_sum": 84.75065490497508, "population_cost_sum": 14.743059445010156, "traffic_cost_sum": 39.18372095633295, "airspace_cost_sum": 52.4, "total_weighted_score": 35.48496730863589}, "geometry": {"type": "LineString", "coordinates": [[-89.83272609742262, 38.54503213945896], [-89.83252853470323, 38.54953126729425], [-89.83233092788802, 38.55403039080605], [-89.83786323937711, 38.55868458173916], [-89.83766590046945, 38.563183721427826], [-89.84319923632499, 38.56783769816219], [-89.84873328471264, 38.57249144006519], [-89.8542680458121, 38.5771449470049], [-89.85980351980317, 38.58179821884939], [-89.86533970686553, 38.58645125546666], [-89.87087660717904, 38.591104056724724], [-89.87641422092351, 38.59575662249155], [-89.88195254827868, 38.600408952635085], [-89.8874915894244, 38.605061047023284], [-89.88729702234833, 38.60956036516477], [-89.89283709113381, 38.614212243778354], [-89.89857181380691, 38.614364528005225], [-89.90430657977188, 38.61451653168253], [-89.91004138894921, 38.614668254803874], [-89.9155833733424, 38.61931912852895], [-89.92131862594731, 38.619470314708934], [-89.9268617252078, 38.624120695492145], [-89.93259742104341, 38.62427134452904], [-89.93833315971467, 38.6244217128885], [-89.9442600654149, 38.62007225316597], [-89.94999553214618, 38.62022203618278], [-89.95554063194687, 38.62487113383877], [-89.96108644660326, 38.62951999433463], [-89.966632976295, 38.63416861753812], [-89.97218022120177, 38.63881700331695], [-89.97791733024451, 38.63896547800877], [-89.98365448151714, 38.63911367183824], [-89.98939167493998, 38.639261584799115], [-89.9951289104335, 38.63940921688515], [-90.00086618791799, 38.639556568090114], [-90.00660350731387, 38.63970363840778], [-90.01234086854143, 38.63985042783196], [-90.01807827152109, 38.63999693635645], [-90.02362942973669, 38.64464302594129], [-90.02936727381517, 38.644788996000585], [-90.0349195472141, 38.64943458949962], [-90.0406578321926, 38.64958002089252], [-90.04621122092473, 38.6542251179363], [-90.05176532579277, 38.658869976095644], [-90.05750445081951, 38.65901461068064], [-90.06324361700084, 38.65915896413734], [-90.06898282425709, 38.65930303645963], [-90.07472207250845, 38.65944682764147], [-90.08027849074135, 38.66409041434458], [-90.08601817899587, 38.66423366614264], [-90.09175790801612, 38.66437663673715], [-90.0973158409683, 38.669019467207306], [-90.10305600964216, 38.66916189816016], [-90.10861505837465, 38.67380423026503], [-90.1143556665019, 38.67394612137533], [-90.12009631501547, 38.67408773116219], [-90.1256568785435, 38.67872930581226], [-90.13139796616022, 38.67887037549889], [-90.13695964571467, 38.683511450900546], [-90.14252204267808, 38.68815228569193], [-90.14808515722972, 38.692792879740324], [-90.15382748129907, 38.69293289101744], [-90.15939171242222, 38.69757298499622], [-90.1651344750913, 38.69771245548389], [-90.17069982293353, 38.702352049023325], [-90.17644302400102, 38.702490978520885], [-90.18218626463384, 38.702629626360235], [-90.18792954475192, 38.70276799253548], [-90.19384888257228, 38.69840558378194], [-90.1995918823357, 38.69854336457249], [-90.20533492133491, 38.69868086372641], [-90.2110779994899, 38.698818081237896], [-90.21682111672072, 38.69895501710115], [-90.22256427294727, 38.69909167131035], [-90.22848129289677, 38.69472741490856], [-90.23422416781283, 38.694863484025944], [-90.24014014948251, 38.69049859495047], [-90.24605541323987, 38.68613337677085], [-90.2517976862147, 38.68626855773688], [-90.25736804511756, 38.69090420272148], [-90.26311075393669, 38.69103884211091], [-90.26868222818311, 38.695673984376505], [-90.27425442059507, 38.700308883813186], [-90.27999796237877, 38.700442721166475], [-90.28557127047641, 38.70507711728869], [-90.29148516021279, 38.700709550716724], [-90.297228816103, 38.700842542902386], [-90.30280331580018, 38.70547615766316], [-90.30837853409372, 38.710109528957155], [-90.31395447116216, 38.71474265665128], [-90.31378588266769, 38.71924359100243], [-90.31936286061908, 38.72387649197406], [-90.32494055786266, 38.72850914903958], [-90.330518974577, 38.7331415620659], [-90.33626541075455, 38.733272728767844], [-90.3420118843105, 38.73340361338185], [-90.34775839516463, 38.73353421590239], [-90.35333872308522, 38.73816560113835], [-90.35908566820065, 38.73829566025279], [-90.36466711306467, 38.742926539503976], [-90.37024927800739, 38.74755717394432]]}}, {"type": "Feature", "properties": {"route_run_id": "stl_midamerica_to_st_louis_lambert_2026-01-12_0087", "route_pair": "midamerica_to_st_louis_lambert", "route_pair_label": "MidAmerica to St. Louis Lambert", "origin_label": "MidAmerica St. Louis Airport", "destination_label": "St. Louis Lambert International Airport", "origin_lat": 38.5451731, "origin_lon": -89.8351856, "destination_lat": 38.7486982, "destination_lon": -90.3700257, "traffic_date": "2026-01-12", "traffic_dataset": "January 12th - Monday", "weight_id": "w_0087", "distance_weight": 0.1, "population_weight": 0.2, "traffic_weight": 0.1, "airspace_weight": 0.6, "path_nodes": 97, "path_node_ids": [8877, 8879, 8896, 8900, 8924, 8930, 10012, 10015, 10018, 10062, 10055, 10058, 10094, 10096, 10103, 10104, 10110, 10109, 10516, 10515, 10514, 10513, 10298, 10299, 10524, 10529, 10538, 10539, 10537, 10367, 10364, 10365, 10366, 10376, 10360, 10361, 10373, 10336, 10335, 10337, 10330, 2548, 2527, 2525, 2526, 2538, 2540, 2516, 2530, 2534, 2559, 2561, 2840, 2842, 2843, 2845, 2878, 2879, 2884, 2883, 2893, 4095, 4096, 3932, 3933, 3958, 3962, 3974, 3973, 3972, 3971, 3981, 3978, 3976, 3941, 4043, 4038, 4037, 4040, 4046, 4048, 4049, 4061, 4075, 4082, 4084, 5080, 5305, 5307, 5314, 5320, 5322, 5323, 5346, 5357, 5358, 5364], "elapsed_seconds": 0.05514390001189895, "status": "success", "failure_reason": "", "route_distance_km": 77.09605524319325, "distance_cost_sum": 84.8491945389543, "population_cost_sum": 22.070682206077986, "traffic_cost_sum": 31.27487786878208, "airspace_cost_sum": 47.6, "total_weighted_score": 44.586543681989255}, "geometry": {"type": "LineString", "coordinates": [[-89.83272609742262, 38.54503213945896], [-89.83825778508921, 38.54968628939868], [-89.84379018463301, 38.55434020475587], [-89.84932329623358, 38.558993885398685], [-89.85485712007056, 38.56364733119524], [-89.86039165632353, 38.56830054201366], [-89.86592690517212, 38.57295351772198], [-89.871462866796, 38.577606258188254], [-89.87126749054252, 38.58210552867199], [-89.8768044781077, 38.58675805398646], [-89.88234217896623, 38.591410343755804], [-89.8878805932977, 38.59606239784802], [-89.89341972128202, 38.600714216131045], [-89.89895956309883, 38.60536579847276], [-89.90450011892796, 38.61001714474108], [-89.91004138894921, 38.614668254803874], [-89.9155833733424, 38.61931912852895], [-89.92131862594731, 38.619470314708934], [-89.9268617252078, 38.624120695492145], [-89.93259742104341, 38.62427134452904], [-89.93833315971467, 38.6244217128885], [-89.9442600654149, 38.62007225316597], [-89.94999553214618, 38.62022203618278], [-89.95554063194687, 38.62487113383877], [-89.96108644660326, 38.62951999433463], [-89.966632976295, 38.63416861753812], [-89.97218022120177, 38.63881700331695], [-89.97791733024451, 38.63896547800877], [-89.98365448151714, 38.63911367183824], [-89.98939167493998, 38.639261584799115], [-89.9951289104335, 38.63940921688515], [-90.00086618791799, 38.639556568090114], [-90.00660350731387, 38.63970363840778], [-90.01234086854143, 38.63985042783196], [-90.01826487410864, 38.635497093555536], [-90.02400196101686, 38.63564329777947], [-90.0297390895078, 38.63578922113622], [-90.03566174740413, 38.6314349465459], [-90.04139860112724, 38.63158028489256], [-90.04713549618415, 38.63172534239843], [-90.0530568061099, 38.627370128132036], [-90.0587934259509, 38.627514600818145], [-90.06453008687686, 38.627658792689985], [-90.07026678880817, 38.62780270374147], [-90.07600353166524, 38.62794633396657], [-90.08174031536842, 38.6280896833592], [-90.08747713983809, 38.62823275191331], [-90.09339583428118, 38.623875383605984], [-90.09895091075838, 38.62851804648185], [-90.10450670259345, 38.633160469873815], [-90.11006320996535, 38.6378026536494], [-90.11562043305292, 38.64244459767609], [-90.12135857394713, 38.64258604896054], [-90.12691691116937, 38.64722749468063], [-90.13265549047176, 38.64736840647394], [-90.13821494197643, 38.652009353518125], [-90.14395395948668, 38.652149725619736], [-90.14951452542148, 38.65679017361872], [-90.15507580784583, 38.66143038105964], [-90.16081566145125, 38.66156995441258], [-90.16637805865126, 38.66620966221335], [-90.17194117271791, 38.67084912909773], [-90.17750500383, 38.67548835493302], [-90.18306955216653, 38.68012733958649], [-90.18863481790633, 38.68476608292537], [-90.19420080122836, 38.68940458481685], [-90.19976750231159, 38.694042845128145], [-90.20533492133491, 38.69868086372641], [-90.2110779994899, 38.698818081237896], [-90.21682111672072, 38.69895501710115], [-90.22256427294727, 38.69909167131035], [-90.22848129289677, 38.69472741490856], [-90.23422416781283, 38.694863484025944], [-90.24014014948251, 38.69049859495047], [-90.24605541323987, 38.68613337677085], [-90.2517976862147, 38.68626855773688], [-90.2577119118291, 38.6819027074584], [-90.26345390283052, 38.6820373037779], [-90.26902473574555, 38.686672411290566], [-90.27476716219141, 38.68680646600806], [-90.2805096268051, 38.68694023914922], [-90.28608197178394, 38.691574583512434], [-90.29165503482373, 38.696208684807814], [-90.297228816103, 38.700842542902386], [-90.30280331580018, 38.70547615766316], [-90.30837853409372, 38.710109528957155], [-90.31395447116216, 38.71474265665128], [-90.31953112718391, 38.71937554061253], [-90.32510850233753, 38.72400818070778], [-90.33068659680158, 38.72864057680392], [-90.33626541075455, 38.733272728767844], [-90.3420118843105, 38.73340361338185], [-90.34775839516463, 38.73353421590239], [-90.35333872308522, 38.73816560113835], [-90.35908566820065, 38.73829566025279], [-90.36466711306467, 38.742926539503976], [-90.37024927800739, 38.74755717394432]]}}, {"type": "Feature", "properties": {"route_run_id": "stl_midamerica_to_st_louis_lambert_2026-01-12_0159", "route_pair": "midamerica_to_st_louis_lambert", "route_pair_label": "MidAmerica to St. Louis Lambert", "origin_label": "MidAmerica St. Louis Airport", "destination_label": "St. Louis Lambert International Airport", "origin_lat": 38.5451731, "origin_lon": -89.8351856, "destination_lat": 38.7486982, "destination_lon": -90.3700257, "traffic_date": "2026-01-12", "traffic_dataset": "January 12th - Monday", "weight_id": "w_0159", "distance_weight": 0.2, "population_weight": 0.5, "traffic_weight": 0.2, "airspace_weight": 0.1, "path_nodes": 100, "path_node_ids": [8877, 8881, 8905, 8906, 8925, 8928, 8931, 9149, 10017, 10021, 10063, 10068, 10070, 10095, 10099, 10422, 10101, 10106, 10104, 10110, 10109, 10516, 10515, 10514, 10513, 10298, 10299, 10524, 10529, 10538, 10539, 10537, 10367, 10364, 10365, 10370, 10381, 10380, 10379, 10378, 10391, 10402, 10404, 10408, 2604, 2605, 2606, 2603, 10716, 10717, 10718, 10729, 10730, 10744, 10745, 2907, 4107, 4109, 4112, 4145, 4150, 4149, 4153, 4175, 4177, 4176, 4179, 4288, 4286, 4285, 3974, 3973, 3972, 3971, 3982, 4295, 4299, 4301, 4202, 4215, 4220, 4223, 4255, 4233, 4234, 4242, 4265, 4244, 4243, 5336, 5338, 5341, 5339, 5320, 5322, 5323, 5346, 5357, 5358, 5364], "elapsed_seconds": 0.051452499988954514, "status": "success", "failure_reason": "", "route_distance_km": 75.03389866027847, "distance_cost_sum": 82.57965786134369, "population_cost_sum": 18.24475830216188, "traffic_cost_sum": 32.59026122444165, "airspace_cost_sum": 52.2, "total_weighted_score": 37.37636296823801}, "geometry": {"type": "LineString", "coordinates": [[-89.83272609742262, 38.54503213945896], [-89.83252853470323, 38.54953126729425], [-89.83233092788802, 38.55403039080605], [-89.83786323937711, 38.55868458173916], [-89.84339626306016, 38.56333853801179], [-89.84892999911683, 38.56799225949204], [-89.85446444772683, 38.572645746048046], [-89.85999960906982, 38.577298997547835], [-89.86553548332552, 38.58195201385946], [-89.8710720706737, 38.58660479485093], [-89.87087660717904, 38.591104056724724], [-89.87641422092351, 38.59575662249155], [-89.88195254827868, 38.600408952635085], [-89.8874915894244, 38.605061047023284], [-89.88729702234833, 38.60956036516477], [-89.89283709113381, 38.614212243778354], [-89.89857181380691, 38.614364528005225], [-89.90430657977188, 38.61451653168253], [-89.91004138894921, 38.614668254803874], [-89.9155833733424, 38.61931912852895], [-89.92131862594731, 38.619470314708934], [-89.9268617252078, 38.624120695492145], [-89.93259742104341, 38.62427134452904], [-89.93833315971467, 38.6244217128885], [-89.9442600654149, 38.62007225316597], [-89.94999553214618, 38.62022203618278], [-89.95554063194687, 38.62487113383877], [-89.96108644660326, 38.62951999433463], [-89.966632976295, 38.63416861753812], [-89.97218022120177, 38.63881700331695], [-89.97791733024451, 38.63896547800877], [-89.98365448151714, 38.63911367183824], [-89.98939167493998, 38.639261584799115], [-89.9951289104335, 38.63940921688515], [-90.00086618791799, 38.639556568090114], [-90.00641614743708, 38.64420343004679], [-90.01215386646798, 38.64435024295822], [-90.0178916272611, 38.64449677492512], [-90.02362942973669, 38.64464302594129], [-90.02936727381517, 38.644788996000585], [-90.0349195472141, 38.64943458949962], [-90.0406578321926, 38.64958002089252], [-90.04621122092473, 38.6542251179363], [-90.05176532579277, 38.658869976095644], [-90.05750445081951, 38.65901461068064], [-90.06324361700084, 38.65915896413734], [-90.06898282425709, 38.65930303645963], [-90.07472207250845, 38.65944682764147], [-90.08027849074135, 38.66409041434458], [-90.08601817899587, 38.66423366614264], [-90.09175790801612, 38.66437663673715], [-90.0973158409683, 38.669019467207306], [-90.10305600964216, 38.66916189816016], [-90.10861505837465, 38.67380423026503], [-90.1143556665019, 38.67394612137533], [-90.12009631501547, 38.67408773116219], [-90.1256568785435, 38.67872930581226], [-90.13139796616022, 38.67887037549889], [-90.13695964571467, 38.683511450900546], [-90.14252204267808, 38.68815228569193], [-90.14808515722972, 38.692792879740324], [-90.15382748129907, 38.69293289101744], [-90.15939171242222, 38.69757298499622], [-90.1651344750913, 38.69771245548389], [-90.17069982293353, 38.702352049023325], [-90.17644302400102, 38.702490978520885], [-90.18218626463384, 38.702629626360235], [-90.18792954475192, 38.70276799253548], [-90.19384888257228, 38.69840558378194], [-90.1995918823357, 38.69854336457249], [-90.20533492133491, 38.69868086372641], [-90.2110779994899, 38.698818081237896], [-90.21682111672072, 38.69895501710115], [-90.22256427294727, 38.69909167131035], [-90.22830746808964, 38.699228043859776], [-90.23405070206775, 38.699364134743625], [-90.23962082945226, 38.70400061226774], [-90.24519167522915, 38.70863684734796], [-90.25093574365499, 38.70877213647181], [-90.25650770587707, 38.713407868791336], [-90.2620803868679, 38.71804335830804], [-90.26765378680629, 38.72267860488892], [-90.27322790587108, 38.727313608400934], [-90.27897360415623, 38.72744757424986], [-90.2847193406125, 38.72758125811188], [-90.29046511515969, 38.72771465998137], [-90.29604114694997, 38.73234863831933], [-90.30178735717278, 38.73248149743191], [-90.30753360525517, 38.73261407449003], [-90.31327989111702, 38.732746369488076], [-90.31902621467803, 38.73287838242046], [-90.32460455631471, 38.7375110734335], [-90.33035131489382, 38.737642543240376], [-90.33626541075455, 38.733272728767844], [-90.3420118843105, 38.73340361338185], [-90.34775839516463, 38.73353421590239], [-90.35333872308522, 38.73816560113835], [-90.35908566820065, 38.73829566025279], [-90.36466711306467, 38.742926539503976], [-90.37024927800739, 38.74755717394432]]}}, {"type": "Feature", "properties": {"route_run_id": "stl_midamerica_to_st_louis_lambert_2026-01-12_0154", "route_pair": "midamerica_to_st_louis_lambert", "route_pair_label": "MidAmerica to St. Louis Lambert", "origin_label": "MidAmerica St. Louis Airport", "destination_label": "St. Louis Lambert International Airport", "origin_lat": 38.5451731, "origin_lon": -89.8351856, "destination_lat": 38.7486982, "destination_lon": -90.3700257, "traffic_date": "2026-01-12", "traffic_dataset": "January 12th - Monday", "weight_id": "w_0154", "distance_weight": 0.2, "population_weight": 0.4, "traffic_weight": 0.2, "airspace_weight": 0.2, "path_nodes": 100, "path_node_ids": [8877, 8881, 8905, 8906, 8925, 8928, 8931, 9149, 10017, 10021, 10063, 10068, 10070, 10095, 10099, 10422, 10101, 10106, 10104, 10110, 10109, 10516, 10515, 10514, 10513, 10298, 10299, 10524, 10529, 10538, 10539, 10537, 10367, 10364, 10365, 10370, 10381, 10380, 10379, 10378, 10391, 10402, 10404, 10408, 2604, 2605, 2606, 2603, 10716, 10717, 10718, 10729, 10730, 10744, 10746, 4111, 4137, 4138, 4139, 4148, 4150, 4149, 4153, 4178, 4177, 4176, 4179, 4288, 4286, 4285, 3974, 3973, 3972, 3971, 3982, 4295, 4299, 4301, 4202, 4215, 4220, 4223, 4255, 4233, 4234, 4242, 4265, 4244, 4243, 5336, 5338, 5341, 5339, 5320, 5322, 5323, 5346, 5357, 5358, 5364], "elapsed_seconds": 0.053870500007178634, "status": "success", "failure_reason": "", "route_distance_km": 75.0343659517858, "distance_cost_sum": 82.58017214586691, "population_cost_sum": 18.41630047586951, "traffic_cost_sum": 32.210537697581245, "airspace_cost_sum": 52.2, "total_weighted_score": 40.76466215903744}, "geometry": {"type": "LineString", "coordinates": [[-89.83272609742262, 38.54503213945896], [-89.83252853470323, 38.54953126729425], [-89.83233092788802, 38.55403039080605], [-89.83786323937711, 38.55868458173916], [-89.84339626306016, 38.56333853801179], [-89.84892999911683, 38.56799225949204], [-89.85446444772683, 38.572645746048046], [-89.85999960906982, 38.577298997547835], [-89.86553548332552, 38.58195201385946], [-89.8710720706737, 38.58660479485093], [-89.87087660717904, 38.591104056724724], [-89.87641422092351, 38.59575662249155], [-89.88195254827868, 38.600408952635085], [-89.8874915894244, 38.605061047023284], [-89.88729702234833, 38.60956036516477], [-89.89283709113381, 38.614212243778354], [-89.89857181380691, 38.614364528005225], [-89.90430657977188, 38.61451653168253], [-89.91004138894921, 38.614668254803874], [-89.9155833733424, 38.61931912852895], [-89.92131862594731, 38.619470314708934], [-89.9268617252078, 38.624120695492145], [-89.93259742104341, 38.62427134452904], [-89.93833315971467, 38.6244217128885], [-89.9442600654149, 38.62007225316597], [-89.94999553214618, 38.62022203618278], [-89.95554063194687, 38.62487113383877], [-89.96108644660326, 38.62951999433463], [-89.966632976295, 38.63416861753812], [-89.97218022120177, 38.63881700331695], [-89.97791733024451, 38.63896547800877], [-89.98365448151714, 38.63911367183824], [-89.98939167493998, 38.639261584799115], [-89.9951289104335, 38.63940921688515], [-90.00086618791799, 38.639556568090114], [-90.00641614743708, 38.64420343004679], [-90.01215386646798, 38.64435024295822], [-90.0178916272611, 38.64449677492512], [-90.02362942973669, 38.64464302594129], [-90.02936727381517, 38.644788996000585], [-90.0349195472141, 38.64943458949962], [-90.0406578321926, 38.64958002089252], [-90.04621122092473, 38.6542251179363], [-90.05176532579277, 38.658869976095644], [-90.05750445081951, 38.65901461068064], [-90.06324361700084, 38.65915896413734], [-90.06898282425709, 38.65930303645963], [-90.07472207250845, 38.65944682764147], [-90.08027849074135, 38.66409041434458], [-90.08601817899587, 38.66423366614264], [-90.09175790801612, 38.66437663673715], [-90.0973158409683, 38.669019467207306], [-90.10305600964216, 38.66916189816016], [-90.10861505837465, 38.67380423026503], [-90.11417482409904, 38.67844632230407], [-90.11973530699464, 38.68308817414464], [-90.12529650724075, 38.68772978565403], [-90.1308584250167, 38.69237115669953], [-90.13660062900858, 38.69251201257543], [-90.14234287310624, 38.69265258692433], [-90.14808515722972, 38.692792879740324], [-90.15382748129907, 38.69293289101744], [-90.15939171242222, 38.69757298499622], [-90.16495666151134, 38.70221283787338], [-90.17069982293353, 38.702352049023325], [-90.17644302400102, 38.702490978520885], [-90.18218626463384, 38.702629626360235], [-90.18792954475192, 38.70276799253548], [-90.19384888257228, 38.69840558378194], [-90.1995918823357, 38.69854336457249], [-90.20533492133491, 38.69868086372641], [-90.2110779994899, 38.698818081237896], [-90.21682111672072, 38.69895501710115], [-90.22256427294727, 38.69909167131035], [-90.22830746808964, 38.699228043859776], [-90.23405070206775, 38.699364134743625], [-90.23962082945226, 38.70400061226774], [-90.24519167522915, 38.70863684734796], [-90.25093574365499, 38.70877213647181], [-90.25650770587707, 38.713407868791336], [-90.2620803868679, 38.71804335830804], [-90.26765378680629, 38.72267860488892], [-90.27322790587108, 38.727313608400934], [-90.27897360415623, 38.72744757424986], [-90.2847193406125, 38.72758125811188], [-90.29046511515969, 38.72771465998137], [-90.29604114694997, 38.73234863831933], [-90.30178735717278, 38.73248149743191], [-90.30753360525517, 38.73261407449003], [-90.31327989111702, 38.732746369488076], [-90.31902621467803, 38.73287838242046], [-90.32460455631471, 38.7375110734335], [-90.33035131489382, 38.737642543240376], [-90.33626541075455, 38.733272728767844], [-90.3420118843105, 38.73340361338185], [-90.34775839516463, 38.73353421590239], [-90.35333872308522, 38.73816560113835], [-90.35908566820065, 38.73829566025279], [-90.36466711306467, 38.742926539503976], [-90.37024927800739, 38.74755717394432]]}}, {"type": "Feature", "properties": {"route_run_id": "stl_midamerica_to_st_louis_lambert_2026-01-12_0205", "route_pair": "midamerica_to_st_louis_lambert", "route_pair_label": "MidAmerica to St. Louis Lambert", "origin_label": "MidAmerica St. Louis Airport", "destination_label": "St. Louis Lambert International Airport", "origin_lat": 38.5451731, "origin_lon": -89.8351856, "destination_lat": 38.7486982, "destination_lon": -90.3700257, "traffic_date": "2026-01-12", "traffic_dataset": "January 12th - Monday", "weight_id": "w_0205", "distance_weight": 0.4, "population_weight": 0.0, "traffic_weight": 0.1, "airspace_weight": 0.5, "path_nodes": 96, "path_node_ids": [8877, 8879, 8896, 8900, 8924, 8930, 9788, 10013, 10014, 10036, 10052, 10054, 10061, 10051, 10049, 10048, 10050, 10253, 10252, 10241, 10240, 10248, 10246, 10247, 10251, 10263, 10265, 10264, 10178, 10179, 10177, 10176, 10199, 10198, 10196, 10197, 10185, 10187, 10186, 10184, 2273, 2275, 2274, 2285, 2283, 2284, 2282, 2293, 2296, 2301, 2303, 2491, 2492, 2818, 2496, 2507, 2506, 2828, 2505, 2809, 2811, 2810, 2728, 2730, 2731, 2732, 2755, 2757, 2782, 2780, 2775, 2802, 2805, 3917, 4011, 4010, 4009, 4008, 4019, 4017, 4022, 4029, 4034, 4060, 4064, 5048, 5052, 5076, 5082, 5299, 5304, 5319, 5321, 5357, 5358, 5364], "elapsed_seconds": 0.05337760000838898, "status": "success", "failure_reason": "", "route_distance_km": 71.90426353299135, "distance_cost_sum": 79.13529201261795, "population_cost_sum": 47.43914947171872, "traffic_cost_sum": 34.80234292300875, "airspace_cost_sum": 46.2, "total_weighted_score": 58.234351097348075}, "geometry": {"type": "LineString", "coordinates": [[-89.83272609742262, 38.54503213945896], [-89.83825778508921, 38.54968628939868], [-89.84379018463301, 38.55434020475587], [-89.84932329623358, 38.558993885398685], [-89.85485712007056, 38.56364733119524], [-89.86039165632353, 38.56830054201366], [-89.86612255057987, 38.568454263192415], [-89.87165819944471, 38.57310698340007], [-89.87719456110594, 38.577759468272795], [-89.88273163574308, 38.582411717678575], [-89.88826942353593, 38.58706373148541], [-89.89380792466403, 38.591715509561276], [-89.89934713930707, 38.59636705177409], [-89.90508047722643, 38.59651895818466], [-89.91081385831642, 38.59667058421835], [-89.91654728249756, 38.596821929868824], [-89.92228074969049, 38.59697299512966], [-89.92801425981584, 38.59712377999449], [-89.93374781279411, 38.597274284457015], [-89.93948140854593, 38.5974245085108], [-89.94521504699188, 38.5975744521496], [-89.95094872805251, 38.59772411536704], [-89.95668245164843, 38.59787349815684], [-89.96241621770018, 38.59802260051268], [-89.9679605430459, 38.602671086714345], [-89.97369475078722, 38.60281965195827], [-89.97942900075623, 38.60296793670464], [-89.98516329287352, 38.603115940947184], [-89.99070953011385, 38.6077634195523], [-89.99644426342562, 38.60791088636707], [-90.00217903865732, 38.60805807261457], [-90.0079138557295, 38.60820497828854], [-90.01364871456262, 38.60835160338281], [-90.01938361507719, 38.6084979478912], [-90.0251185571937, 38.60864401180754], [-90.03085354083264, 38.60878979512565], [-90.03658856591449, 38.60893529783942], [-90.04232363235971, 38.609080519942665], [-90.04805874008878, 38.60922546142931], [-90.05379388902215, 38.60937012229323], [-90.05952907908036, 38.60951450252829], [-90.06526431018379, 38.60965860212844], [-90.07099958225297, 38.609802421087586], [-90.07673489520826, 38.60994595939966], [-90.08247024897021, 38.61008921705863], [-90.0882056434592, 38.61023219405841], [-90.09394107859575, 38.61037489039303], [-90.09967655430022, 38.61051730605643], [-90.10523107776994, 38.61515965518486], [-90.11078631613944, 38.61980176485522], [-90.11652262799952, 38.61994338379215], [-90.1220789793104, 38.62458499570804], [-90.12781572923257, 38.62472607564535], [-90.13337319363258, 38.629367189437694], [-90.13911038141684, 38.62950773017495], [-90.14484760917111, 38.62964799001386], [-90.15058487681573, 38.629787968948484], [-90.156322184271, 38.62992766697294], [-90.16205953145733, 38.63006708408134], [-90.16779691829495, 38.630206220267794], [-90.17353434470424, 38.6303450755264], [-90.17927181060547, 38.63048364985134], [-90.185009315919, 38.63062194323676], [-90.1907468605651, 38.6307599556768], [-90.1964844444641, 38.63089768716567], [-90.20204699586435, 38.63553571516044], [-90.2076102631287, 38.640173501959694], [-90.21317424643554, 38.64481104743077], [-90.21873894596322, 38.64944835144101], [-90.22447815711037, 38.64958476537795], [-90.23004397010321, 38.6542215684137], [-90.23561049969246, 38.65885812963025], [-90.24117774605664, 38.663494448894866], [-90.24674570937407, 38.66813052607476], [-90.25231438982323, 38.67276636103712], [-90.25805562494689, 38.67290119572174], [-90.26379689845037, 38.67303574898191], [-90.26953821025378, 38.673170020811966], [-90.27527956027723, 38.67330401120623], [-90.28102094844074, 38.67343772015905], [-90.28659233093768, 38.67807201278429], [-90.29216443101578, 38.68270606246168], [-90.29773724885335, 38.68733986905835], [-90.30331078462868, 38.69197343244128], [-90.30888503852013, 38.69660675247757], [-90.31446001070607, 38.70123982903419], [-90.32003570136486, 38.70587266197814], [-90.32561211067481, 38.710505251176386], [-90.33118923881437, 38.715137596495865], [-90.3367670859619, 38.719769697803464], [-90.34234565229588, 38.724401554966114], [-90.34792493799469, 38.72903316785066], [-90.35350494323681, 38.73366453632395], [-90.35908566820065, 38.73829566025279], [-90.36466711306467, 38.742926539503976], [-90.37024927800739, 38.74755717394432]]}}, {"type": "Feature", "properties": {"route_run_id": "stl_midamerica_to_st_louis_lambert_2026-01-12_0152", "route_pair": "midamerica_to_st_louis_lambert", "route_pair_label": "MidAmerica to St. Louis Lambert", "origin_label": "MidAmerica St. Louis Airport", "destination_label": "St. Louis Lambert International Airport", "origin_lat": 38.5451731, "origin_lon": -89.8351856, "destination_lat": 38.7486982, "destination_lon": -90.3700257, "traffic_date": "2026-01-12", "traffic_dataset": "January 12th - Monday", "weight_id": "w_0152", "distance_weight": 0.2, "population_weight": 0.4, "traffic_weight": 0.0, "airspace_weight": 0.4, "path_nodes": 98, "path_node_ids": [8877, 8881, 8904, 8922, 8923, 8927, 9145, 10016, 10018, 10062, 10055, 10058, 10094, 10096, 10103, 10104, 10110, 10109, 10516, 10515, 10514, 10517, 10522, 10299, 10300, 10301, 10309, 10308, 10533, 10363, 10350, 10351, 10366, 10376, 10374, 10379, 10378, 10391, 10402, 10403, 10390, 2577, 2576, 2598, 2575, 2587, 10714, 10713, 10722, 2597, 10723, 2596, 2876, 2875, 2874, 2873, 2885, 2886, 2884, 2883, 2890, 2891, 2895, 3904, 3925, 3926, 3931, 3951, 3954, 3953, 3966, 3944, 3977, 3976, 3941, 4043, 4066, 4067, 4068, 4185, 4187, 4188, 4076, 4075, 4082, 4084, 5080, 5084, 5310, 5311, 5337, 5320, 5322, 5323, 5346, 5357, 5358, 5364], "elapsed_seconds": 0.05403379999916069, "status": "success", "failure_reason": "", "route_distance_km": 73.74264765764532, "distance_cost_sum": 81.15855262871621, "population_cost_sum": 16.483316223615404, "traffic_cost_sum": 45.656138700557136, "airspace_cost_sum": 50.8, "total_weighted_score": 43.145037015189416}, "geometry": {"type": "LineString", "coordinates": [[-89.83272609742262, 38.54503213945896], [-89.83252853470323, 38.54953126729425], [-89.83806053424684, 38.55418543772932], [-89.84359324582596, 38.558839373542895], [-89.84912666962028, 38.563493074603095], [-89.85466080580946, 38.568146540778045], [-89.86019565457306, 38.572799771935806], [-89.86573121609086, 38.57745276794444], [-89.87126749054252, 38.58210552867199], [-89.8768044781077, 38.58675805398646], [-89.88234217896623, 38.591410343755804], [-89.8878805932977, 38.59606239784802], [-89.89341972128202, 38.600714216131045], [-89.89895956309883, 38.60536579847276], [-89.90450011892796, 38.61001714474108], [-89.91004138894921, 38.614668254803874], [-89.9155833733424, 38.61931912852895], [-89.92131862594731, 38.619470314708934], [-89.9268617252078, 38.624120695492145], [-89.93259742104341, 38.62427134452904], [-89.93833315971467, 38.6244217128885], [-89.94406894114202, 38.62457180056415], [-89.94980476524591, 38.62472160754967], [-89.95554063194687, 38.62487113383877], [-89.96127654116528, 38.62502037942509], [-89.96701249282155, 38.625169344302385], [-89.97274848683627, 38.62531802846435], [-89.97848452312972, 38.62546643190471], [-89.98403193705393, 38.63011426460664], [-89.98958006609531, 38.63476185964426], [-89.99531694389556, 38.63490946811138], [-90.00105386367663, 38.63505679574229], [-90.00660350731387, 38.63970363840778], [-90.01234086854143, 38.63985042783196], [-90.01807827152109, 38.63999693635645], [-90.02362942973669, 38.64464302594129], [-90.02936727381517, 38.644788996000585], [-90.0349195472141, 38.64943458949962], [-90.0406578321926, 38.64958002089252], [-90.04639615854494, 38.6497251712652], [-90.0521345261914, 38.64987004061157], [-90.05787293505232, 38.6500146289255], [-90.06361138504795, 38.650158936200874], [-90.06934987609858, 38.6503029624316], [-90.07508840812451, 38.65044670761164], [-90.08064419177347, 38.65509025680674], [-90.0862006916776, 38.659733566559446], [-90.09194006243584, 38.659876514283475], [-90.09767947387014, 38.66001918084284], [-90.10341892590075, 38.66016156623149], [-90.1091584184479, 38.66030367044341], [-90.11489795143179, 38.66044549347263], [-90.12063752477266, 38.66058703531315], [-90.1263771383907, 38.66072829595899], [-90.1321167922061, 38.660869275404174], [-90.13785648613919, 38.66100997364278], [-90.14359622011, 38.661150390668844], [-90.14933599403881, 38.66129052647644], [-90.15507580784583, 38.66143038105964], [-90.16081566145125, 38.66156995441258], [-90.16655555477524, 38.661709246529334], [-90.17229548773797, 38.66184825740402], [-90.17785868094164, 38.666487447153536], [-90.18342259105025, 38.67112639580074], [-90.1889872182426, 38.67576510321293], [-90.19472838451095, 38.67590305525546], [-90.2002941269196, 38.68054126191918], [-90.20586058678872, 38.68517922698935], [-90.21142776429718, 38.68981695033316], [-90.2171701635404, 38.68995384239636], [-90.2229126017605, 38.690090452895454], [-90.22865507887754, 38.69022678182468], [-90.23439759481155, 38.69036282917826], [-90.24014014948251, 38.69049859495047], [-90.24605541323987, 38.68613337677085], [-90.2517976862147, 38.68626855773688], [-90.25736804511756, 38.69090420272148], [-90.26311075393669, 38.69103884211091], [-90.26868222818311, 38.695673984376505], [-90.27425442059507, 38.700308883813186], [-90.27999796237877, 38.700442721166475], [-90.28557127047641, 38.70507711728869], [-90.29148516021279, 38.700709550716724], [-90.297228816103, 38.700842542902386], [-90.30280331580018, 38.70547615766316], [-90.30837853409372, 38.710109528957155], [-90.31395447116216, 38.71474265665128], [-90.31378588266769, 38.71924359100243], [-90.31936286061908, 38.72387649197406], [-90.32494055786266, 38.72850914903958], [-90.330518974577, 38.7331415620659], [-90.33626541075455, 38.733272728767844], [-90.3420118843105, 38.73340361338185], [-90.34775839516463, 38.73353421590239], [-90.35333872308522, 38.73816560113835], [-90.35908566820065, 38.73829566025279], [-90.36466711306467, 38.742926539503976], [-90.37024927800739, 38.74755717394432]]}}, {"type": "Feature", "properties": {"route_run_id": "stl_midamerica_to_st_louis_lambert_2026-01-12_0274", "route_pair": "midamerica_to_st_louis_lambert", "route_pair_label": "MidAmerica to St. Louis Lambert", "origin_label": "MidAmerica St. Louis Airport", "destination_label": "St. Louis Lambert International Airport", "origin_lat": 38.5451731, "origin_lon": -89.8351856, "destination_lat": 38.7486982, "destination_lon": -90.3700257, "traffic_date": "2026-01-12", "traffic_dataset": "January 12th - Monday", "weight_id": "w_0274", "distance_weight": 0.7, "population_weight": 0.1, "traffic_weight": 0.2, "airspace_weight": 0.0, "path_nodes": 96, "path_node_ids": [8877, 8876, 8868, 8869, 8870, 8867, 9758, 9759, 9761, 9774, 9773, 9775, 9772, 9769, 9771, 9795, 9801, 10007, 10009, 10232, 10238, 10243, 10244, 10247, 10251, 10263, 10266, 10270, 10315, 10321, 10320, 10318, 10355, 10358, 10356, 10357, 10336, 10335, 10337, 10334, 2551, 2550, 2552, 2549, 2542, 2541, 2545, 2560, 2564, 2588, 2591, 2871, 2875, 2874, 2877, 4088, 4115, 4119, 4121, 4102, 4103, 4127, 4129, 3961, 4286, 4285, 3974, 3973, 3972, 3971, 3982, 4295, 4299, 4301, 4202, 4215, 4220, 4223, 4255, 4233, 4234, 4242, 4265, 4244, 4243, 5336, 5338, 5341, 5339, 5345, 5324, 5347, 5346, 5357, 5358, 5364], "elapsed_seconds": 0.02525090001290664, "status": "success", "failure_reason": "", "route_distance_km": 71.92045276571913, "distance_cost_sum": 79.15310931018034, "population_cost_sum": 25.273452833723695, "traffic_cost_sum": 29.960186561013696, "airspace_cost_sum": 54.000000000000036, "total_weighted_score": 63.92655911270135}, "geometry": {"type": "LineString", "coordinates": [[-89.83272609742262, 38.54503213945896], [-89.83845499191484, 38.54518713674757], [-89.84418393041321, 38.54534185422887], [-89.8499129128385, 38.54549629189633], [-89.85564193911159, 38.545650449743434], [-89.86137100915332, 38.54580432776372], [-89.86690469568633, 38.55045720201035], [-89.87243909420232, 38.55510984121015], [-89.87816900708947, 38.55526292871994], [-89.88389896344961, 38.55541573628766], [-89.88962896320348, 38.555568263906835], [-89.89535900627187, 38.555720511571074], [-89.90108909257557, 38.55587247927394], [-89.90662620061389, 38.56052360539423], [-89.91216402109853, 38.56517449573953], [-89.91770255420887, 38.56982515017786], [-89.92324180012413, 38.57447556857721], [-89.92878175902374, 38.57912575080554], [-89.93432243108697, 38.58377569673078], [-89.93986381649326, 38.588425406220864], [-89.945405915422, 38.59307487914367], [-89.95113923958688, 38.593224518410075], [-89.95687260627673, 38.5933738772936], [-89.96241621770018, 38.59802260051268], [-89.9679605430459, 38.602671086714345], [-89.97369475078722, 38.60281965195827], [-89.97924018956823, 38.60746764424572], [-89.98478634265064, 38.61211539915841], [-89.9903332102139, 38.61676291656407], [-89.99588079243732, 38.621410196330416], [-90.00161663958568, 38.62155745325657], [-90.00735252860491, 38.621704429474754], [-90.01290162428964, 38.62635095704363], [-90.01845143503385, 38.63099724652267], [-90.02418816427785, 38.631143427354814], [-90.02992493509446, 38.631289327364605], [-90.03566174740413, 38.6314349465459], [-90.04139860112724, 38.63158028489256], [-90.04713549618415, 38.63172534239843], [-90.05287243249526, 38.6318701190574], [-90.05860940998092, 38.63201461486337], [-90.06434642856152, 38.63215882981023], [-90.07008348815737, 38.6323027638919], [-90.07582058868887, 38.63244641710234], [-90.08155773007638, 38.632589789435436], [-90.08729491224024, 38.63273288088516], [-90.09285022458998, 38.63737583907351], [-90.09840625259658, 38.64201855779177], [-90.10396299643912, 38.64666103690741], [-90.10952045629662, 38.651303276287905], [-90.11525927291721, 38.651445053943725], [-90.12081784745767, 38.65608679499798], [-90.1263771383907, 38.66072829595899], [-90.1321167922061, 38.660869275404174], [-90.13767719816866, 38.665510277443985], [-90.14323832090129, 38.67015103903228], [-90.14880016058308, 38.674791560036375], [-90.15436271739304, 38.67943184032358], [-90.1599259915103, 38.6840718797612], [-90.16566767757574, 38.684211283339124], [-90.17140940332797, 38.68435040545039], [-90.17697419182998, 38.68898968543255], [-90.18253969803584, 38.693628724113545], [-90.18828226010154, 38.69376704603371], [-90.19384888257228, 38.69840558378194], [-90.1995918823357, 38.69854336457249], [-90.20533492133491, 38.69868086372641], [-90.2110779994899, 38.698818081237896], [-90.21682111672072, 38.69895501710115], [-90.22256427294727, 38.69909167131035], [-90.22830746808964, 38.699228043859776], [-90.23405070206775, 38.699364134743625], [-90.23962082945226, 38.70400061226774], [-90.24519167522915, 38.70863684734796], [-90.25093574365499, 38.70877213647181], [-90.25650770587707, 38.713407868791336], [-90.2620803868679, 38.71804335830804], [-90.26765378680629, 38.72267860488892], [-90.27322790587108, 38.727313608400934], [-90.27897360415623, 38.72744757424986], [-90.2847193406125, 38.72758125811188], [-90.29046511515969, 38.72771465998137], [-90.29604114694997, 38.73234863831933], [-90.30178735717278, 38.73248149743191], [-90.30753360525517, 38.73261407449003], [-90.31327989111702, 38.732746369488076], [-90.31902621467803, 38.73287838242046], [-90.32460455631471, 38.7375110734335], [-90.33035131489382, 38.737642543240376], [-90.33609811094065, 38.737773730919855], [-90.341844944375, 38.73790463646636], [-90.34759181511657, 38.738035259874366], [-90.35333872308522, 38.73816560113835], [-90.35908566820065, 38.73829566025279], [-90.36466711306467, 38.742926539503976], [-90.37024927800739, 38.74755717394432]]}}, {"type": "Feature", "properties": {"route_run_id": "stl_midamerica_to_st_louis_lambert_2026-01-12_0235", "route_pair": "midamerica_to_st_louis_lambert", "route_pair_label": "MidAmerica to St. Louis Lambert", "origin_label": "MidAmerica St. Louis Airport", "destination_label": "St. Louis Lambert International Airport", "origin_lat": 38.5451731, "origin_lon": -89.8351856, "destination_lat": 38.7486982, "destination_lon": -90.3700257, "traffic_date": "2026-01-12", "traffic_dataset": "January 12th - Monday", "weight_id": "w_0235", "distance_weight": 0.5, "population_weight": 0.0, "traffic_weight": 0.3, "airspace_weight": 0.2, "path_nodes": 96, "path_node_ids": [8877, 8879, 8896, 8900, 8924, 8930, 9788, 10013, 10014, 10036, 10052, 10054, 10061, 10051, 10049, 10048, 10050, 10253, 10252, 10241, 10240, 10249, 10275, 10277, 10293, 10304, 10305, 10306, 10319, 10321, 10320, 10318, 10355, 10358, 10356, 10357, 10336, 10335, 10337, 10334, 2551, 2550, 2552, 2549, 2542, 2541, 2543, 2537, 2563, 2562, 2561, 2840, 2842, 2843, 2845, 2878, 2879, 2884, 2883, 2890, 2891, 2892, 3896, 2796, 2797, 3895, 3890, 3891, 3892, 3889, 2803, 2806, 3915, 3917, 4011, 4010, 4009, 4008, 4019, 4017, 4022, 4029, 4034, 4060, 4064, 5048, 5052, 5076, 5082, 5299, 5304, 5319, 5321, 5357, 5358, 5364], "elapsed_seconds": 0.04464560002088547, "status": "success", "failure_reason": "", "route_distance_km": 71.91350325790738, "distance_cost_sum": 79.1454609274141, "population_cost_sum": 43.11762759908802, "traffic_cost_sum": 29.97318661226534, "airspace_cost_sum": 48.00000000000003, "total_weighted_score": 58.164686447386664}, "geometry": {"type": "LineString", "coordinates": [[-89.83272609742262, 38.54503213945896], [-89.83825778508921, 38.54968628939868], [-89.84379018463301, 38.55434020475587], [-89.84932329623358, 38.558993885398685], [-89.85485712007056, 38.56364733119524], [-89.86039165632353, 38.56830054201366], [-89.86612255057987, 38.568454263192415], [-89.87165819944471, 38.57310698340007], [-89.87719456110594, 38.577759468272795], [-89.88273163574308, 38.582411717678575], [-89.88826942353593, 38.58706373148541], [-89.89380792466403, 38.591715509561276], [-89.89934713930707, 38.59636705177409], [-89.90508047722643, 38.59651895818466], [-89.91081385831642, 38.59667058421835], [-89.91654728249756, 38.596821929868824], [-89.92228074969049, 38.59697299512966], [-89.92801425981584, 38.59712377999449], [-89.93374781279411, 38.597274284457015], [-89.93948140854593, 38.5974245085108], [-89.94521504699188, 38.5975744521496], [-89.95075817398295, 38.60222370805987], [-89.95630201501413, 38.606872727099336], [-89.96184657026487, 38.611521509135784], [-89.96739183991471, 38.61617005403699], [-89.97312711918148, 38.61631869062297], [-89.97867350301271, 38.62096674136646], [-89.98440922407127, 38.621114840379136], [-89.99014498723932, 38.62126265870254], [-89.99588079243732, 38.621410196330416], [-90.00161663958568, 38.62155745325657], [-90.00735252860491, 38.621704429474754], [-90.01290162428964, 38.62635095704363], [-90.01845143503385, 38.63099724652267], [-90.02418816427785, 38.631143427354814], [-90.02992493509446, 38.631289327364605], [-90.03566174740413, 38.6314349465459], [-90.04139860112724, 38.63158028489256], [-90.04713549618415, 38.63172534239843], [-90.05287243249526, 38.6318701190574], [-90.05860940998092, 38.63201461486337], [-90.06434642856152, 38.63215882981023], [-90.07008348815737, 38.6323027638919], [-90.07582058868887, 38.63244641710234], [-90.08155773007638, 38.632589789435436], [-90.08729491224024, 38.63273288088516], [-90.0930321351008, 38.63287569144548], [-90.09858784586112, 38.63751839154712], [-90.10414427229796, 38.64216085208573], [-90.10988233247663, 38.6423028653825], [-90.11562043305292, 38.64244459767609], [-90.12135857394713, 38.64258604896054], [-90.12691691116937, 38.64722749468063], [-90.13265549047176, 38.64736840647394], [-90.13821494197643, 38.652009353518125], [-90.14395395948668, 38.652149725619736], [-90.14951452542148, 38.65679017361872], [-90.15507580784583, 38.66143038105964], [-90.16081566145125, 38.66156995441258], [-90.16655555477524, 38.661709246529334], [-90.17229548773797, 38.66184825740402], [-90.17803546025965, 38.66198698703078], [-90.18377547226044, 38.66212543540375], [-90.18951552366053, 38.66226360251709], [-90.1952556143801, 38.66240148836498], [-90.20099574433928, 38.66253909294154], [-90.20673591345827, 38.66267641624103], [-90.21247612165722, 38.6628134582576], [-90.21821636885625, 38.6629502189855], [-90.22395665497557, 38.66308669841892], [-90.2296969799353, 38.66322289655212], [-90.23543734365559, 38.663358813379354], [-90.24100490985096, 38.667995150218864], [-90.24674570937407, 38.66813052607476], [-90.25231438982323, 38.67276636103712], [-90.25805562494689, 38.67290119572174], [-90.26379689845037, 38.67303574898191], [-90.26953821025378, 38.673170020811966], [-90.27527956027723, 38.67330401120623], [-90.28102094844074, 38.67343772015905], [-90.28659233093768, 38.67807201278429], [-90.29216443101578, 38.68270606246168], [-90.29773724885335, 38.68733986905835], [-90.30331078462868, 38.69197343244128], [-90.30888503852013, 38.69660675247757], [-90.31446001070607, 38.70123982903419], [-90.32003570136486, 38.70587266197814], [-90.32561211067481, 38.710505251176386], [-90.33118923881437, 38.715137596495865], [-90.3367670859619, 38.719769697803464], [-90.34234565229588, 38.724401554966114], [-90.34792493799469, 38.72903316785066], [-90.35350494323681, 38.73366453632395], [-90.35908566820065, 38.73829566025279], [-90.36466711306467, 38.742926539503976], [-90.37024927800739, 38.74755717394432]]}}, {"type": "Feature", "properties": {"route_run_id": "stl_midamerica_to_st_louis_lambert_2026-01-12_0219", "route_pair": "midamerica_to_st_louis_lambert", "route_pair_label": "MidAmerica to St. Louis Lambert", "origin_label": "MidAmerica St. Louis Airport", "destination_label": "St. Louis Lambert International Airport", "origin_lat": 38.5451731, "origin_lon": -89.8351856, "destination_lat": 38.7486982, "destination_lon": -90.3700257, "traffic_date": "2026-01-12", "traffic_dataset": "January 12th - Monday", "weight_id": "w_0219", "distance_weight": 0.4, "population_weight": 0.2, "traffic_weight": 0.2, "airspace_weight": 0.2, "path_nodes": 97, "path_node_ids": [8877, 8879, 8896, 8900, 8924, 8930, 10012, 10015, 10018, 10062, 10055, 10058, 10094, 10096, 10103, 10104, 10110, 10109, 10516, 10515, 10514, 10517, 10522, 10299, 10300, 10301, 10311, 10532, 10533, 10349, 10347, 10348, 10346, 10359, 10358, 10356, 10357, 10336, 10335, 10337, 10334, 2551, 2550, 2552, 2549, 2542, 2541, 2545, 2560, 2564, 2588, 2591, 2871, 2875, 2874, 2873, 2887, 4091, 4093, 4117, 4102, 4103, 4127, 4129, 3961, 4286, 4285, 3974, 3973, 3972, 3971, 3982, 4295, 4299, 4301, 4202, 4215, 4220, 4223, 4255, 4233, 4234, 4242, 4265, 4244, 4243, 5336, 5338, 5341, 5339, 5345, 5324, 5347, 5346, 5357, 5358, 5364], "elapsed_seconds": 0.04868119998718612, "status": "success", "failure_reason": "", "route_distance_km": 72.30252074882938, "distance_cost_sum": 79.57359983364181, "population_cost_sum": 22.59187976175319, "traffic_cost_sum": 31.58260574195653, "airspace_cost_sum": 50.00000000000003, "total_weighted_score": 52.664337034198674}, "geometry": {"type": "LineString", "coordinates": [[-89.83272609742262, 38.54503213945896], [-89.83825778508921, 38.54968628939868], [-89.84379018463301, 38.55434020475587], [-89.84932329623358, 38.558993885398685], [-89.85485712007056, 38.56364733119524], [-89.86039165632353, 38.56830054201366], [-89.86592690517212, 38.57295351772198], [-89.871462866796, 38.577606258188254], [-89.87126749054252, 38.58210552867199], [-89.8768044781077, 38.58675805398646], [-89.88234217896623, 38.591410343755804], [-89.8878805932977, 38.59606239784802], [-89.89341972128202, 38.600714216131045], [-89.89895956309883, 38.60536579847276], [-89.90450011892796, 38.61001714474108], [-89.91004138894921, 38.614668254803874], [-89.9155833733424, 38.61931912852895], [-89.92131862594731, 38.619470314708934], [-89.9268617252078, 38.624120695492145], [-89.93259742104341, 38.62427134452904], [-89.93833315971467, 38.6244217128885], [-89.94406894114202, 38.62457180056415], [-89.94980476524591, 38.62472160754967], [-89.95554063194687, 38.62487113383877], [-89.96127654116528, 38.62502037942509], [-89.96701249282155, 38.625169344302385], [-89.97255910725055, 38.62981769100349], [-89.9782955010475, 38.62996611819141], [-89.98403193705393, 38.63011426460664], [-89.9897684151902, 38.630262130242976], [-89.99550493537676, 38.630409715094125], [-90.001241497534, 38.63055701915386], [-90.00697810158232, 38.630704042416006], [-90.01271474744215, 38.63085078487433], [-90.01845143503385, 38.63099724652267], [-90.02418816427785, 38.631143427354814], [-90.02992493509446, 38.631289327364605], [-90.03566174740413, 38.6314349465459], [-90.04139860112724, 38.63158028489256], [-90.04713549618415, 38.63172534239843], [-90.05287243249526, 38.6318701190574], [-90.05860940998092, 38.63201461486337], [-90.06434642856152, 38.63215882981023], [-90.07008348815737, 38.6323027638919], [-90.07582058868887, 38.63244641710234], [-90.08155773007638, 38.632589789435436], [-90.08729491224024, 38.63273288088516], [-90.09285022458998, 38.63737583907351], [-90.09840625259658, 38.64201855779177], [-90.10396299643912, 38.64666103690741], [-90.10952045629662, 38.651303276287905], [-90.11525927291721, 38.651445053943725], [-90.12081784745767, 38.65608679499798], [-90.1263771383907, 38.66072829595899], [-90.1321167922061, 38.660869275404174], [-90.13785648613919, 38.66100997364278], [-90.14341729048948, 38.665650716936426], [-90.14897881162928, 38.67029121968557], [-90.15454104973756, 38.67493148175755], [-90.16010400499339, 38.67957150301965], [-90.16566767757574, 38.684211283339124], [-90.17140940332797, 38.68435040545039], [-90.17697419182998, 38.68898968543255], [-90.18253969803584, 38.693628724113545], [-90.18828226010154, 38.69376704603371], [-90.19384888257228, 38.69840558378194], [-90.1995918823357, 38.69854336457249], [-90.20533492133491, 38.69868086372641], [-90.2110779994899, 38.698818081237896], [-90.21682111672072, 38.69895501710115], [-90.22256427294727, 38.69909167131035], [-90.22830746808964, 38.699228043859776], [-90.23405070206775, 38.699364134743625], [-90.23962082945226, 38.70400061226774], [-90.24519167522915, 38.70863684734796], [-90.25093574365499, 38.70877213647181], [-90.25650770587707, 38.713407868791336], [-90.2620803868679, 38.71804335830804], [-90.26765378680629, 38.72267860488892], [-90.27322790587108, 38.727313608400934], [-90.27897360415623, 38.72744757424986], [-90.2847193406125, 38.72758125811188], [-90.29046511515969, 38.72771465998137], [-90.29604114694997, 38.73234863831933], [-90.30178735717278, 38.73248149743191], [-90.30753360525517, 38.73261407449003], [-90.31327989111702, 38.732746369488076], [-90.31902621467803, 38.73287838242046], [-90.32460455631471, 38.7375110734335], [-90.33035131489382, 38.737642543240376], [-90.33609811094065, 38.737773730919855], [-90.341844944375, 38.73790463646636], [-90.34759181511657, 38.738035259874366], [-90.35333872308522, 38.73816560113835], [-90.35908566820065, 38.73829566025279], [-90.36466711306467, 38.742926539503976], [-90.37024927800739, 38.74755717394432]]}}, {"type": "Feature", "properties": {"route_run_id": "stl_midamerica_to_st_louis_lambert_2026-01-12_0134", "route_pair": "midamerica_to_st_louis_lambert", "route_pair_label": "MidAmerica to St. Louis Lambert", "origin_label": "MidAmerica St. Louis Airport", "destination_label": "St. Louis Lambert International Airport", "origin_lat": 38.5451731, "origin_lon": -89.8351856, "destination_lat": 38.7486982, "destination_lon": -90.3700257, "traffic_date": "2026-01-12", "traffic_dataset": "January 12th - Monday", "weight_id": "w_0134", "distance_weight": 0.2, "population_weight": 0.1, "traffic_weight": 0.3, "airspace_weight": 0.4, "path_nodes": 97, "path_node_ids": [8877, 8879, 8896, 8900, 8924, 8930, 10012, 10015, 10018, 10062, 10055, 10058, 10094, 10096, 10103, 10104, 10110, 10109, 10516, 10515, 10514, 10513, 10298, 10295, 10296, 10297, 10309, 10532, 10533, 10349, 10347, 10348, 10342, 10355, 10358, 10356, 10357, 10336, 10335, 10337, 10330, 2548, 2527, 2525, 2526, 2538, 2540, 2516, 2530, 2534, 2559, 2561, 2840, 2842, 2843, 2845, 2878, 2879, 2884, 2883, 2893, 4095, 4096, 3932, 3933, 3958, 3962, 3974, 3973, 3972, 3971, 3981, 3978, 3976, 3941, 4043, 4038, 4037, 4012, 4021, 4020, 4023, 4055, 4059, 4063, 4064, 5048, 5052, 5076, 5082, 5299, 5304, 5319, 5321, 5357, 5358, 5364], "elapsed_seconds": 0.05625369999324903, "status": "success", "failure_reason": "", "route_distance_km": 77.0938974756927, "distance_cost_sum": 84.84681977627872, "population_cost_sum": 26.753434700065455, "traffic_cost_sum": 27.633747052617068, "airspace_cost_sum": 47.2, "total_weighted_score": 46.814831541047425}, "geometry": {"type": "LineString", "coordinates": [[-89.83272609742262, 38.54503213945896], [-89.83825778508921, 38.54968628939868], [-89.84379018463301, 38.55434020475587], [-89.84932329623358, 38.558993885398685], [-89.85485712007056, 38.56364733119524], [-89.86039165632353, 38.56830054201366], [-89.86592690517212, 38.57295351772198], [-89.871462866796, 38.577606258188254], [-89.87126749054252, 38.58210552867199], [-89.8768044781077, 38.58675805398646], [-89.88234217896623, 38.591410343755804], [-89.8878805932977, 38.59606239784802], [-89.89341972128202, 38.600714216131045], [-89.89895956309883, 38.60536579847276], [-89.90450011892796, 38.61001714474108], [-89.91004138894921, 38.614668254803874], [-89.9155833733424, 38.61931912852895], [-89.92131862594731, 38.619470314708934], [-89.9268617252078, 38.624120695492145], [-89.93259742104341, 38.62427134452904], [-89.93833315971467, 38.6244217128885], [-89.9442600654149, 38.62007225316597], [-89.94999553214618, 38.62022203618278], [-89.95573104146416, 38.620371538547964], [-89.96146659328937, 38.6205207602552], [-89.96720218754218, 38.620669701298226], [-89.97274848683627, 38.62531802846435], [-89.9782955010475, 38.62996611819141], [-89.98403193705393, 38.63011426460664], [-89.9897684151902, 38.630262130242976], [-89.99550493537676, 38.630409715094125], [-90.001241497534, 38.63055701915386], [-90.00716533599429, 38.6262042380639], [-90.01290162428964, 38.62635095704363], [-90.01845143503385, 38.63099724652267], [-90.02418816427785, 38.631143427354814], [-90.02992493509446, 38.631289327364605], [-90.03566174740413, 38.6314349465459], [-90.04139860112724, 38.63158028489256], [-90.04713549618415, 38.63172534239843], [-90.0530568061099, 38.627370128132036], [-90.0587934259509, 38.627514600818145], [-90.06453008687686, 38.627658792689985], [-90.07026678880817, 38.62780270374147], [-90.07600353166524, 38.62794633396657], [-90.08174031536842, 38.6280896833592], [-90.08747713983809, 38.62823275191331], [-90.09339583428118, 38.623875383605984], [-90.09895091075838, 38.62851804648185], [-90.10450670259345, 38.633160469873815], [-90.11006320996535, 38.6378026536494], [-90.11562043305292, 38.64244459767609], [-90.12135857394713, 38.64258604896054], [-90.12691691116937, 38.64722749468063], [-90.13265549047176, 38.64736840647394], [-90.13821494197643, 38.652009353518125], [-90.14395395948668, 38.652149725619736], [-90.14951452542148, 38.65679017361872], [-90.15507580784583, 38.66143038105964], [-90.16081566145125, 38.66156995441258], [-90.16637805865126, 38.66620966221335], [-90.17194117271791, 38.67084912909773], [-90.17750500383, 38.67548835493302], [-90.18306955216653, 38.68012733958649], [-90.18863481790633, 38.68476608292537], [-90.19420080122836, 38.68940458481685], [-90.19976750231159, 38.694042845128145], [-90.20533492133491, 38.69868086372641], [-90.2110779994899, 38.698818081237896], [-90.21682111672072, 38.69895501710115], [-90.22256427294727, 38.69909167131035], [-90.22848129289677, 38.69472741490856], [-90.23422416781283, 38.694863484025944], [-90.24014014948251, 38.69049859495047], [-90.24605541323987, 38.68613337677085], [-90.2517976862147, 38.68626855773688], [-90.2577119118291, 38.6819027074584], [-90.26345390283052, 38.6820373037779], [-90.26936709031678, 38.677670821751065], [-90.2751087990677, 38.67780483358376], [-90.28085054596801, 38.677938563930056], [-90.28642224922152, 38.68257287379895], [-90.29199467021606, 38.68720694068001], [-90.29756780913004, 38.69184076444029], [-90.3031416661418, 38.696474344946864], [-90.30888503852013, 38.69660675247757], [-90.31446001070607, 38.70123982903419], [-90.32003570136486, 38.70587266197814], [-90.32561211067481, 38.710505251176386], [-90.33118923881437, 38.715137596495865], [-90.3367670859619, 38.719769697803464], [-90.34234565229588, 38.724401554966114], [-90.34792493799469, 38.72903316785066], [-90.35350494323681, 38.73366453632395], [-90.35908566820065, 38.73829566025279], [-90.36466711306467, 38.742926539503976], [-90.37024927800739, 38.74755717394432]]}}, {"type": "Feature", "properties": {"route_run_id": "stl_midamerica_to_st_louis_lambert_2026-01-12_0162", "route_pair": "midamerica_to_st_louis_lambert", "route_pair_label": "MidAmerica to St. Louis Lambert", "origin_label": "MidAmerica St. Louis Airport", "destination_label": "St. Louis Lambert International Airport", "origin_lat": 38.5451731, "origin_lon": -89.8351856, "destination_lat": 38.7486982, "destination_lon": -90.3700257, "traffic_date": "2026-01-12", "traffic_dataset": "January 12th - Monday", "weight_id": "w_0162", "distance_weight": 0.2, "population_weight": 0.6, "traffic_weight": 0.1, "airspace_weight": 0.1, "path_nodes": 101, "path_node_ids": [8877, 8881, 8905, 8906, 8933, 8929, 9143, 9146, 9173, 10020, 10063, 10068, 10070, 10095, 10099, 10422, 10101, 10106, 10104, 10110, 10109, 10516, 10515, 10514, 10517, 10522, 10299, 10524, 10529, 10538, 10539, 10537, 10367, 10364, 10365, 10366, 10376, 10374, 10379, 10614, 10407, 10405, 10404, 10408, 2604, 2605, 2606, 2603, 10716, 10717, 10718, 10729, 10730, 10744, 10745, 2907, 4107, 4109, 4112, 4145, 4150, 4149, 4153, 4175, 4177, 4176, 4179, 4288, 4286, 4285, 3974, 3973, 3972, 3971, 3981, 3978, 3976, 3941, 4043, 4066, 4067, 4068, 4185, 4187, 4188, 4076, 4075, 4082, 4084, 5080, 5084, 5310, 5311, 5337, 5320, 5322, 5323, 5346, 5357, 5358, 5364], "elapsed_seconds": 0.05048119998537004, "status": "success", "failure_reason": "", "route_distance_km": 76.4737671783162, "distance_cost_sum": 84.1643262806567, "population_cost_sum": 14.709021213444126, "traffic_cost_sum": 40.10971872195496, "airspace_cost_sum": 52.4, "total_weighted_score": 34.909249856393316}, "geometry": {"type": "LineString", "coordinates": [[-89.83272609742262, 38.54503213945896], [-89.83252853470323, 38.54953126729425], [-89.83233092788802, 38.55403039080605], [-89.83786323937711, 38.55868458173916], [-89.83766590046945, 38.563183721427826], [-89.84319923632499, 38.56783769816219], [-89.84873328471264, 38.57249144006519], [-89.8542680458121, 38.5771449470049], [-89.85980351980317, 38.58179821884939], [-89.86533970686553, 38.58645125546666], [-89.87087660717904, 38.591104056724724], [-89.87641422092351, 38.59575662249155], [-89.88195254827868, 38.600408952635085], [-89.8874915894244, 38.605061047023284], [-89.88729702234833, 38.60956036516477], [-89.89283709113381, 38.614212243778354], [-89.89857181380691, 38.614364528005225], [-89.90430657977188, 38.61451653168253], [-89.91004138894921, 38.614668254803874], [-89.9155833733424, 38.61931912852895], [-89.92131862594731, 38.619470314708934], [-89.9268617252078, 38.624120695492145], [-89.93259742104341, 38.62427134452904], [-89.93833315971467, 38.6244217128885], [-89.94406894114202, 38.62457180056415], [-89.94980476524591, 38.62472160754967], [-89.95554063194687, 38.62487113383877], [-89.96108644660326, 38.62951999433463], [-89.966632976295, 38.63416861753812], [-89.97218022120177, 38.63881700331695], [-89.97791733024451, 38.63896547800877], [-89.98365448151714, 38.63911367183824], [-89.98939167493998, 38.639261584799115], [-89.9951289104335, 38.63940921688515], [-90.00086618791799, 38.639556568090114], [-90.00660350731387, 38.63970363840778], [-90.01234086854143, 38.63985042783196], [-90.01807827152109, 38.63999693635645], [-90.02362942973669, 38.64464302594129], [-90.0291813036891, 38.64928887709267], [-90.03473389355781, 38.653934489678136], [-90.04047253654934, 38.65407994433975], [-90.04621122092473, 38.6542251179363], [-90.05176532579277, 38.658869976095644], [-90.05750445081951, 38.65901461068064], [-90.06324361700084, 38.65915896413734], [-90.06898282425709, 38.65930303645963], [-90.07472207250845, 38.65944682764147], [-90.08027849074135, 38.66409041434458], [-90.08601817899587, 38.66423366614264], [-90.09175790801612, 38.66437663673715], [-90.0973158409683, 38.669019467207306], [-90.10305600964216, 38.66916189816016], [-90.10861505837465, 38.67380423026503], [-90.1143556665019, 38.67394612137533], [-90.12009631501547, 38.67408773116219], [-90.1256568785435, 38.67872930581226], [-90.13139796616022, 38.67887037549889], [-90.13695964571467, 38.683511450900546], [-90.14252204267808, 38.68815228569193], [-90.14808515722972, 38.692792879740324], [-90.15382748129907, 38.69293289101744], [-90.15939171242222, 38.69757298499622], [-90.1651344750913, 38.69771245548389], [-90.17069982293353, 38.702352049023325], [-90.17644302400102, 38.702490978520885], [-90.18218626463384, 38.702629626360235], [-90.18792954475192, 38.70276799253548], [-90.19384888257228, 38.69840558378194], [-90.1995918823357, 38.69854336457249], [-90.20533492133491, 38.69868086372641], [-90.2110779994899, 38.698818081237896], [-90.21682111672072, 38.69895501710115], [-90.22256427294727, 38.69909167131035], [-90.22848129289677, 38.69472741490856], [-90.23422416781283, 38.694863484025944], [-90.24014014948251, 38.69049859495047], [-90.24605541323987, 38.68613337677085], [-90.2517976862147, 38.68626855773688], [-90.25736804511756, 38.69090420272148], [-90.26311075393669, 38.69103884211091], [-90.26868222818311, 38.695673984376505], [-90.27425442059507, 38.700308883813186], [-90.27999796237877, 38.700442721166475], [-90.28557127047641, 38.70507711728869], [-90.29148516021279, 38.700709550716724], [-90.297228816103, 38.700842542902386], [-90.30280331580018, 38.70547615766316], [-90.30837853409372, 38.710109528957155], [-90.31395447116216, 38.71474265665128], [-90.31378588266769, 38.71924359100243], [-90.31936286061908, 38.72387649197406], [-90.32494055786266, 38.72850914903958], [-90.330518974577, 38.7331415620659], [-90.33626541075455, 38.733272728767844], [-90.3420118843105, 38.73340361338185], [-90.34775839516463, 38.73353421590239], [-90.35333872308522, 38.73816560113835], [-90.35908566820065, 38.73829566025279], [-90.36466711306467, 38.742926539503976], [-90.37024927800739, 38.74755717394432]]}}, {"type": "Feature", "properties": {"route_run_id": "stl_midamerica_to_st_louis_lambert_2026-01-12_0227", "route_pair": "midamerica_to_st_louis_lambert", "route_pair_label": "MidAmerica to St. Louis Lambert", "origin_label": "MidAmerica St. Louis Airport", "destination_label": "St. Louis Lambert International Airport", "origin_lat": 38.5451731, "origin_lon": -89.8351856, "destination_lat": 38.7486982, "destination_lon": -90.3700257, "traffic_date": "2026-01-12", "traffic_dataset": "January 12th - Monday", "weight_id": "w_0227", "distance_weight": 0.4, "population_weight": 0.4, "traffic_weight": 0.1, "airspace_weight": 0.1, "path_nodes": 97, "path_node_ids": [8877, 8881, 8904, 8922, 8923, 8927, 9145, 10016, 10018, 10062, 10055, 10058, 10094, 10096, 10103, 10104, 10110, 10109, 10516, 10515, 10514, 10517, 10522, 10299, 10524, 10529, 10538, 10539, 10537, 10367, 10364, 10365, 10370, 10381, 10380, 10379, 10378, 10391, 10402, 10404, 10408, 2604, 2605, 2606, 2603, 10716, 10717, 10718, 10729, 10730, 10744, 10745, 2907, 4107, 4109, 4112, 4145, 4150, 4149, 4153, 4175, 4133, 4132, 4134, 3964, 4286, 4285, 3974, 3973, 3972, 3971, 3982, 4295, 3983, 4297, 4198, 4199, 4201, 4216, 4229, 4232, 4230, 4242, 4265, 4244, 4243, 5336, 5338, 5341, 5339, 5345, 5324, 5347, 5346, 5357, 5358, 5364], "elapsed_seconds": 0.04651990000274964, "status": "success", "failure_reason": "", "route_distance_km": 72.30828212957256, "distance_cost_sum": 79.5799406057338, "population_cost_sum": 18.69733715578537, "traffic_cost_sum": 37.40028504900544, "airspace_cost_sum": 51.2, "total_weighted_score": 48.17093960950822}, "geometry": {"type": "LineString", "coordinates": [[-89.83272609742262, 38.54503213945896], [-89.83252853470323, 38.54953126729425], [-89.83806053424684, 38.55418543772932], [-89.84359324582596, 38.558839373542895], [-89.84912666962028, 38.563493074603095], [-89.85466080580946, 38.568146540778045], [-89.86019565457306, 38.572799771935806], [-89.86573121609086, 38.57745276794444], [-89.87126749054252, 38.58210552867199], [-89.8768044781077, 38.58675805398646], [-89.88234217896623, 38.591410343755804], [-89.8878805932977, 38.59606239784802], [-89.89341972128202, 38.600714216131045], [-89.89895956309883, 38.60536579847276], [-89.90450011892796, 38.61001714474108], [-89.91004138894921, 38.614668254803874], [-89.9155833733424, 38.61931912852895], [-89.92131862594731, 38.619470314708934], [-89.9268617252078, 38.624120695492145], [-89.93259742104341, 38.62427134452904], [-89.93833315971467, 38.6244217128885], [-89.94406894114202, 38.62457180056415], [-89.94980476524591, 38.62472160754967], [-89.95554063194687, 38.62487113383877], [-89.96108644660326, 38.62951999433463], [-89.966632976295, 38.63416861753812], [-89.97218022120177, 38.63881700331695], [-89.97791733024451, 38.63896547800877], [-89.98365448151714, 38.63911367183824], [-89.98939167493998, 38.639261584799115], [-89.9951289104335, 38.63940921688515], [-90.00086618791799, 38.639556568090114], [-90.00641614743708, 38.64420343004679], [-90.01215386646798, 38.64435024295822], [-90.0178916272611, 38.64449677492512], [-90.02362942973669, 38.64464302594129], [-90.02936727381517, 38.644788996000585], [-90.0349195472141, 38.64943458949962], [-90.0406578321926, 38.64958002089252], [-90.04621122092473, 38.6542251179363], [-90.05176532579277, 38.658869976095644], [-90.05750445081951, 38.65901461068064], [-90.06324361700084, 38.65915896413734], [-90.06898282425709, 38.65930303645963], [-90.07472207250845, 38.65944682764147], [-90.08027849074135, 38.66409041434458], [-90.08601817899587, 38.66423366614264], [-90.09175790801612, 38.66437663673715], [-90.0973158409683, 38.669019467207306], [-90.10305600964216, 38.66916189816016], [-90.10861505837465, 38.67380423026503], [-90.1143556665019, 38.67394612137533], [-90.12009631501547, 38.67408773116219], [-90.1256568785435, 38.67872930581226], [-90.13139796616022, 38.67887037549889], [-90.13695964571467, 38.683511450900546], [-90.14252204267808, 38.68815228569193], [-90.14808515722972, 38.692792879740324], [-90.15382748129907, 38.69293289101744], [-90.15939171242222, 38.69757298499622], [-90.1651344750913, 38.69771245548389], [-90.17087727747607, 38.69785164437002], [-90.17662011949652, 38.69799055164876], [-90.18236300107269, 38.69812917731423], [-90.18810592212462, 38.698267521360556], [-90.19384888257228, 38.69840558378194], [-90.1995918823357, 38.69854336457249], [-90.20533492133491, 38.69868086372641], [-90.2110779994899, 38.698818081237896], [-90.21682111672072, 38.69895501710115], [-90.22256427294727, 38.69909167131035], [-90.22830746808964, 38.699228043859776], [-90.23405070206775, 38.699364134743625], [-90.23979397480163, 38.69949994395616], [-90.24536450002277, 38.704136161482424], [-90.25110820919835, 38.70427142896936], [-90.25685195689897, 38.704406414722804], [-90.2624239960298, 38.709041869378396], [-90.26799675378774, 38.71367708117809], [-90.27357023035168, 38.71831204998893], [-90.27914442590036, 38.722946775677876], [-90.28488980273018, 38.72308043816236], [-90.29046511515969, 38.72771465998137], [-90.29604114694997, 38.73234863831933], [-90.30178735717278, 38.73248149743191], [-90.30753360525517, 38.73261407449003], [-90.31327989111702, 38.732746369488076], [-90.31902621467803, 38.73287838242046], [-90.32460455631471, 38.7375110734335], [-90.33035131489382, 38.737642543240376], [-90.33609811094065, 38.737773730919855], [-90.341844944375, 38.73790463646636], [-90.34759181511657, 38.738035259874366], [-90.35333872308522, 38.73816560113835], [-90.35908566820065, 38.73829566025279], [-90.36466711306467, 38.742926539503976], [-90.37024927800739, 38.74755717394432]]}}, {"type": "Feature", "properties": {"route_run_id": "stl_midamerica_to_st_louis_lambert_2026-01-12_0232", "route_pair": "midamerica_to_st_louis_lambert", "route_pair_label": "MidAmerica to St. Louis Lambert", "origin_label": "MidAmerica St. Louis Airport", "destination_label": "St. Louis Lambert International Airport", "origin_lat": 38.5451731, "origin_lon": -89.8351856, "destination_lat": 38.7486982, "destination_lon": -90.3700257, "traffic_date": "2026-01-12", "traffic_dataset": "January 12th - Monday", "weight_id": "w_0232", "distance_weight": 0.5, "population_weight": 0.0, "traffic_weight": 0.0, "airspace_weight": 0.5, "path_nodes": 96, "path_node_ids": [8877, 8876, 8892, 8897, 8899, 8926, 9788, 10013, 10014, 10036, 10052, 10054, 10061, 10051, 10049, 10048, 10050, 10253, 10252, 10241, 10240, 10248, 10246, 10247, 10245, 10231, 10230, 10262, 10150, 10148, 10149, 10151, 10161, 10159, 10158, 10160, 10166, 10168, 10167, 10169, 2247, 2269, 2268, 2257, 2256, 2254, 2279, 2293, 2296, 2301, 2303, 2491, 2492, 2818, 2496, 2507, 2506, 2828, 2505, 2809, 2811, 2810, 2728, 2730, 2731, 2729, 2715, 2717, 2714, 2716, 2738, 2741, 2745, 2747, 2684, 2687, 3987, 3990, 4016, 4017, 4022, 4029, 4034, 4060, 4064, 5048, 5052, 5076, 5082, 5299, 5304, 5319, 5321, 5357, 5358, 5364], "elapsed_seconds": 0.048081899993121624, "status": "success", "failure_reason": "", "route_distance_km": 71.90057520712594, "distance_cost_sum": 79.13123277148179, "population_cost_sum": 53.29567736851651, "traffic_cost_sum": 39.307370558879065, "airspace_cost_sum": 46.2, "total_weighted_score": 62.66561638574091}, "geometry": {"type": "LineString", "coordinates": [[-89.83272609742262, 38.54503213945896], [-89.83845499191484, 38.54518713674757], [-89.84398707949187, 38.54984103165108], [-89.84951987896733, 38.55449469187918], [-89.85505339052077, 38.559148117300026], [-89.86058761433173, 38.563801307781745], [-89.86612255057987, 38.568454263192415], [-89.87165819944471, 38.57310698340007], [-89.87719456110594, 38.577759468272795], [-89.88273163574308, 38.582411717678575], [-89.88826942353593, 38.58706373148541], [-89.89380792466403, 38.591715509561276], [-89.89934713930707, 38.59636705177409], [-89.90508047722643, 38.59651895818466], [-89.91081385831642, 38.59667058421835], [-89.91654728249756, 38.596821929868824], [-89.92228074969049, 38.59697299512966], [-89.92801425981584, 38.59712377999449], [-89.93374781279411, 38.597274284457015], [-89.93948140854593, 38.5974245085108], [-89.94521504699188, 38.5975744521496], [-89.95094872805251, 38.59772411536704], [-89.95668245164843, 38.59787349815684], [-89.96241621770018, 38.59802260051268], [-89.96815002612831, 38.59817142242828], [-89.9738838768534, 38.59831996389739], [-89.97961776979602, 38.59846822491371], [-89.98535170487666, 38.59861620547102], [-89.99108568201598, 38.59876390556306], [-89.99681970113441, 38.59891132518362], [-90.00255376215256, 38.59905846432648], [-90.00828786499093, 38.59920532298544], [-90.01402200957008, 38.5993519011543], [-90.01975619581054, 38.599498198826886], [-90.02549042363282, 38.599644215997024], [-90.03122469295744, 38.59978995265856], [-90.03695900370492, 38.599935408805365], [-90.0426933557958, 38.60008058443128], [-90.04842774915056, 38.600225479530216], [-90.05416218368977, 38.60037009409603], [-90.05989665933384, 38.60051442812264], [-90.06563117600335, 38.600658481603965], [-90.07136573361876, 38.60080225453393], [-90.07710033210058, 38.60094574690646], [-90.0828349713693, 38.601088958715515], [-90.08856965134538, 38.60123188995506], [-90.0941227455516, 38.605874717602354], [-90.09967655430022, 38.61051730605643], [-90.10523107776994, 38.61515965518486], [-90.11078631613944, 38.61980176485522], [-90.11652262799952, 38.61994338379215], [-90.1220789793104, 38.62458499570804], [-90.12781572923257, 38.62472607564535], [-90.13337319363258, 38.629367189437694], [-90.13911038141684, 38.62950773017495], [-90.14484760917111, 38.62964799001386], [-90.15058487681573, 38.629787968948484], [-90.156322184271, 38.62992766697294], [-90.16205953145733, 38.63006708408134], [-90.16779691829495, 38.630206220267794], [-90.17353434470424, 38.6303450755264], [-90.17927181060547, 38.63048364985134], [-90.185009315919, 38.63062194323676], [-90.1907468605651, 38.6307599556768], [-90.1964844444641, 38.63089768716567], [-90.2022220675363, 38.63103513769752], [-90.20795972970198, 38.63117230726659], [-90.21369743088145, 38.63130919586706], [-90.21943517099498, 38.631445803493165], [-90.22517294996291, 38.63158213013913], [-90.2309107677055, 38.63171817579922], [-90.2364756999938, 38.63635464897752], [-90.2420413482591, 38.64099088040321], [-90.24760771267954, 38.645626869943555], [-90.25317479343335, 38.65026261746583], [-90.25874259069872, 38.654898122837295], [-90.26431110465388, 38.659533385925144], [-90.26988033547711, 38.664168406596616], [-90.27545028334664, 38.66880318471887], [-90.28102094844074, 38.67343772015905], [-90.28659233093768, 38.67807201278429], [-90.29216443101578, 38.68270606246168], [-90.29773724885335, 38.68733986905835], [-90.30331078462868, 38.69197343244128], [-90.30888503852013, 38.69660675247757], [-90.31446001070607, 38.70123982903419], [-90.32003570136486, 38.70587266197814], [-90.32561211067481, 38.710505251176386], [-90.33118923881437, 38.715137596495865], [-90.3367670859619, 38.719769697803464], [-90.34234565229588, 38.724401554966114], [-90.34792493799469, 38.72903316785066], [-90.35350494323681, 38.73366453632395], [-90.35908566820065, 38.73829566025279], [-90.36466711306467, 38.742926539503976], [-90.37024927800739, 38.74755717394432]]}}, {"type": "Feature", "properties": {"route_run_id": "stl_midamerica_to_st_louis_lambert_2026-01-12_0217", "route_pair": "midamerica_to_st_louis_lambert", "route_pair_label": "MidAmerica to St. Louis Lambert", "origin_label": "MidAmerica St. Louis Airport", "destination_label": "St. Louis Lambert International Airport", "origin_lat": 38.5451731, "origin_lon": -89.8351856, "destination_lat": 38.7486982, "destination_lon": -90.3700257, "traffic_date": "2026-01-12", "traffic_dataset": "January 12th - Monday", "weight_id": "w_0217", "distance_weight": 0.4, "population_weight": 0.2, "traffic_weight": 0.0, "airspace_weight": 0.4, "path_nodes": 97, "path_node_ids": [8877, 8881, 8904, 8922, 8923, 8927, 9145, 10016, 10018, 10062, 10055, 10058, 10094, 10096, 10103, 10104, 10110, 10109, 10291, 10512, 10290, 10513, 10298, 10295, 10296, 10297, 10307, 10305, 10306, 10319, 10321, 10320, 10318, 10211, 10210, 10208, 10209, 10326, 10328, 10329, 10327, 2522, 2524, 2523, 2514, 2517, 2515, 2516, 2530, 2534, 2532, 2558, 2840, 2839, 2838, 2827, 2849, 2848, 2850, 2837, 2861, 2866, 2889, 3896, 3898, 3901, 3902, 3914, 3948, 3947, 3952, 3940, 3942, 3943, 3941, 4043, 4042, 4041, 4040, 4051, 4054, 4186, 4080, 4205, 4207, 4212, 5309, 5313, 5335, 5337, 5320, 5322, 5323, 5346, 5357, 5358, 5364], "elapsed_seconds": 0.05057269998360425, "status": "success", "failure_reason": "", "route_distance_km": 72.29260468015718, "distance_cost_sum": 79.56268655880336, "population_cost_sum": 22.4028729657628, "traffic_cost_sum": 50.7558176934141, "airspace_cost_sum": 47.6, "total_weighted_score": 55.34564921667392}, "geometry": {"type": "LineString", "coordinates": [[-89.83272609742262, 38.54503213945896], [-89.83252853470323, 38.54953126729425], [-89.83806053424684, 38.55418543772932], [-89.84359324582596, 38.558839373542895], [-89.84912666962028, 38.563493074603095], [-89.85466080580946, 38.568146540778045], [-89.86019565457306, 38.572799771935806], [-89.86573121609086, 38.57745276794444], [-89.87126749054252, 38.58210552867199], [-89.8768044781077, 38.58675805398646], [-89.88234217896623, 38.591410343755804], [-89.8878805932977, 38.59606239784802], [-89.89341972128202, 38.600714216131045], [-89.89895956309883, 38.60536579847276], [-89.90450011892796, 38.61001714474108], [-89.91004138894921, 38.614668254803874], [-89.9155833733424, 38.61931912852895], [-89.92131862594731, 38.619470314708934], [-89.92705392153653, 38.61962122026898], [-89.93278926003055, 38.619771845202735], [-89.93852464134986, 38.619922189503846], [-89.9442600654149, 38.62007225316597], [-89.94999553214618, 38.62022203618278], [-89.95573104146416, 38.620371538547964], [-89.96146659328937, 38.6205207602552], [-89.96720218754218, 38.620669701298226], [-89.97293782414316, 38.62081836167072], [-89.97867350301271, 38.62096674136646], [-89.98440922407127, 38.621114840379136], [-89.99014498723932, 38.62126265870254], [-89.99588079243732, 38.621410196330416], [-90.00161663958568, 38.62155745325657], [-90.00735252860491, 38.621704429474754], [-90.01308845941536, 38.6218511249788], [-90.01882443193752, 38.62199753976251], [-90.0245604460918, 38.62214367381969], [-90.03029650179865, 38.62228952714421], [-90.03603259897847, 38.622435099729884], [-90.04176873755169, 38.622580391570615], [-90.04750491743872, 38.62272540266021], [-90.05324113855997, 38.6228701329926], [-90.0589774008359, 38.62301458256169], [-90.06471370418684, 38.62315875136136], [-90.07045004853325, 38.62330263938551], [-90.07618643379548, 38.623446246628106], [-90.08192285989396, 38.62358957308307], [-90.08765932674906, 38.623732618744384], [-90.09339583428118, 38.623875383605984], [-90.09895091075838, 38.62851804648185], [-90.10450670259345, 38.633160469873815], [-90.1102440470662, 38.63330243772981], [-90.11580095263906, 38.63794436326609], [-90.12135857394713, 38.64258604896054], [-90.12709675507955, 38.642727219229855], [-90.13283497637043, 38.64286810847808], [-90.13857323774008, 38.64300871669927], [-90.14431153910874, 38.643149043887504], [-90.15004988039681, 38.64328909003685], [-90.15578826152439, 38.64342885514139], [-90.16152668241186, 38.64356833919522], [-90.16708780535298, 38.6482079745162], [-90.17264964452228, 38.6528473690797], [-90.17821220009857, 38.65748652275311], [-90.18377547226044, 38.66212543540375], [-90.18933946118675, 38.666764106898924], [-90.19490416705614, 38.67140253710589], [-90.200645013987, 38.67154018571967], [-90.20621083477218, 38.67617811511645], [-90.21177737287698, 38.68081580286656], [-90.21751905445252, 38.68095265114052], [-90.22308670781703, 38.685589837485246], [-90.22882882604138, 38.685726144608395], [-90.23457098307328, 38.6858621702009], [-90.24031317883275, 38.68599791425695], [-90.24605541323987, 38.68613337677085], [-90.2517976862147, 38.68626855773688], [-90.25753999767723, 38.686403457149304], [-90.26328234754749, 38.686538075002424], [-90.26902473574555, 38.686672411290566], [-90.27459628650614, 38.69130727605424], [-90.2801685552908, 38.695941897935995], [-90.28574154227802, 38.70057627680287], [-90.29131524764634, 38.705210412521886], [-90.29688967157429, 38.70984430496006], [-90.30246481424038, 38.714477953984364], [-90.30804067582325, 38.71911135946174], [-90.31361725650144, 38.72374452125915], [-90.3191945564535, 38.72837743924346], [-90.3247725758581, 38.73301011328159], [-90.330518974577, 38.7331415620659], [-90.33626541075455, 38.733272728767844], [-90.3420118843105, 38.73340361338185], [-90.34775839516463, 38.73353421590239], [-90.35333872308522, 38.73816560113835], [-90.35908566820065, 38.73829566025279], [-90.36466711306467, 38.742926539503976], [-90.37024927800739, 38.74755717394432]]}}, {"type": "Feature", "properties": {"route_run_id": "stl_midamerica_to_st_louis_lambert_2026-01-12_0239", "route_pair": "midamerica_to_st_louis_lambert", "route_pair_label": "MidAmerica to St. Louis Lambert", "origin_label": "MidAmerica St. Louis Airport", "destination_label": "St. Louis Lambert International Airport", "origin_lat": 38.5451731, "origin_lon": -89.8351856, "destination_lat": 38.7486982, "destination_lon": -90.3700257, "traffic_date": "2026-01-12", "traffic_dataset": "January 12th - Monday", "weight_id": "w_0239", "distance_weight": 0.5, "population_weight": 0.1, "traffic_weight": 0.1, "airspace_weight": 0.3, "path_nodes": 96, "path_node_ids": [8877, 8879, 8896, 8900, 8924, 8930, 10012, 10015, 10019, 10053, 10057, 10060, 10092, 10076, 10080, 10105, 10109, 10516, 10515, 10514, 10517, 10522, 10299, 10300, 10301, 10311, 10532, 10533, 10349, 10347, 10348, 10346, 10359, 10358, 10356, 10357, 10336, 10335, 10337, 10334, 2551, 2550, 2552, 2549, 2542, 2541, 2545, 2560, 2564, 2588, 2591, 2871, 2875, 2874, 2873, 2887, 4091, 4093, 4117, 4102, 4103, 4127, 4129, 3961, 4286, 4285, 3974, 3973, 3972, 3971, 3982, 4295, 4299, 4301, 4202, 4215, 4220, 4223, 4255, 4233, 4234, 4242, 4265, 4244, 4243, 5336, 5338, 5341, 5339, 5345, 5324, 5347, 5346, 5357, 5358, 5364], "elapsed_seconds": 0.04635330001474358, "status": "success", "failure_reason": "", "route_distance_km": 71.92756267089268, "distance_cost_sum": 79.16093422061603, "population_cost_sum": 24.305918390557228, "traffic_cost_sum": 31.58260574195653, "airspace_cost_sum": 50.00000000000003, "total_weighted_score": 60.169319523559395}, "geometry": {"type": "LineString", "coordinates": [[-89.83272609742262, 38.54503213945896], [-89.83825778508921, 38.54968628939868], [-89.84379018463301, 38.55434020475587], [-89.84932329623358, 38.558993885398685], [-89.85485712007056, 38.56364733119524], [-89.86039165632353, 38.56830054201366], [-89.86592690517212, 38.57295351772198], [-89.871462866796, 38.577606258188254], [-89.87699954137483, 38.582258763280514], [-89.88253692908823, 38.586911032866766], [-89.88807503011597, 38.59156306681497], [-89.8936138446377, 38.59621486499309], [-89.89915337283315, 38.600866427269025], [-89.90469361488212, 38.60551775351072], [-89.91023457096428, 38.610168843586045], [-89.91577624125941, 38.61481969736282], [-89.92131862594731, 38.619470314708934], [-89.9268617252078, 38.624120695492145], [-89.93259742104341, 38.62427134452904], [-89.93833315971467, 38.6244217128885], [-89.94406894114202, 38.62457180056415], [-89.94980476524591, 38.62472160754967], [-89.95554063194687, 38.62487113383877], [-89.96127654116528, 38.62502037942509], [-89.96701249282155, 38.625169344302385], [-89.97255910725055, 38.62981769100349], [-89.9782955010475, 38.62996611819141], [-89.98403193705393, 38.63011426460664], [-89.9897684151902, 38.630262130242976], [-89.99550493537676, 38.630409715094125], [-90.001241497534, 38.63055701915386], [-90.00697810158232, 38.630704042416006], [-90.01271474744215, 38.63085078487433], [-90.01845143503385, 38.63099724652267], [-90.02418816427785, 38.631143427354814], [-90.02992493509446, 38.631289327364605], [-90.03566174740413, 38.6314349465459], [-90.04139860112724, 38.63158028489256], [-90.04713549618415, 38.63172534239843], [-90.05287243249526, 38.6318701190574], [-90.05860940998092, 38.63201461486337], [-90.06434642856152, 38.63215882981023], [-90.07008348815737, 38.6323027638919], [-90.07582058868887, 38.63244641710234], [-90.08155773007638, 38.632589789435436], [-90.08729491224024, 38.63273288088516], [-90.09285022458998, 38.63737583907351], [-90.09840625259658, 38.64201855779177], [-90.10396299643912, 38.64666103690741], [-90.10952045629662, 38.651303276287905], [-90.11525927291721, 38.651445053943725], [-90.12081784745767, 38.65608679499798], [-90.1263771383907, 38.66072829595899], [-90.1321167922061, 38.660869275404174], [-90.13785648613919, 38.66100997364278], [-90.14341729048948, 38.665650716936426], [-90.14897881162928, 38.67029121968557], [-90.15454104973756, 38.67493148175755], [-90.16010400499339, 38.67957150301965], [-90.16566767757574, 38.684211283339124], [-90.17140940332797, 38.68435040545039], [-90.17697419182998, 38.68898968543255], [-90.18253969803584, 38.693628724113545], [-90.18828226010154, 38.69376704603371], [-90.19384888257228, 38.69840558378194], [-90.1995918823357, 38.69854336457249], [-90.20533492133491, 38.69868086372641], [-90.2110779994899, 38.698818081237896], [-90.21682111672072, 38.69895501710115], [-90.22256427294727, 38.69909167131035], [-90.22830746808964, 38.699228043859776], [-90.23405070206775, 38.699364134743625], [-90.23962082945226, 38.70400061226774], [-90.24519167522915, 38.70863684734796], [-90.25093574365499, 38.70877213647181], [-90.25650770587707, 38.713407868791336], [-90.2620803868679, 38.71804335830804], [-90.26765378680629, 38.72267860488892], [-90.27322790587108, 38.727313608400934], [-90.27897360415623, 38.72744757424986], [-90.2847193406125, 38.72758125811188], [-90.29046511515969, 38.72771465998137], [-90.29604114694997, 38.73234863831933], [-90.30178735717278, 38.73248149743191], [-90.30753360525517, 38.73261407449003], [-90.31327989111702, 38.732746369488076], [-90.31902621467803, 38.73287838242046], [-90.32460455631471, 38.7375110734335], [-90.33035131489382, 38.737642543240376], [-90.33609811094065, 38.737773730919855], [-90.341844944375, 38.73790463646636], [-90.34759181511657, 38.738035259874366], [-90.35333872308522, 38.73816560113835], [-90.35908566820065, 38.73829566025279], [-90.36466711306467, 38.742926539503976], [-90.37024927800739, 38.74755717394432]]}}, {"type": "Feature", "properties": {"route_run_id": "stl_midamerica_to_st_louis_lambert_2026-01-12_0141", "route_pair": "midamerica_to_st_louis_lambert", "route_pair_label": "MidAmerica to St. Louis Lambert", "origin_label": "MidAmerica St. Louis Airport", "destination_label": "St. Louis Lambert International Airport", "origin_lat": 38.5451731, "origin_lon": -89.8351856, "destination_lat": 38.7486982, "destination_lon": -90.3700257, "traffic_date": "2026-01-12", "traffic_dataset": "January 12th - Monday", "weight_id": "w_0141", "distance_weight": 0.2, "population_weight": 0.2, "traffic_weight": 0.2, "airspace_weight": 0.4, "path_nodes": 97, "path_node_ids": [8877, 8879, 8896, 8900, 8924, 8930, 10012, 10015, 10018, 10062, 10055, 10058, 10094, 10096, 10103, 10104, 10110, 10109, 10516, 10515, 10514, 10513, 10298, 10295, 10296, 10297, 10309, 10532, 10533, 10349, 10347, 10348, 10346, 10359, 10358, 10356, 10357, 10336, 10335, 10337, 10330, 2548, 2527, 2525, 2526, 2538, 2540, 2516, 2530, 2534, 2559, 2561, 2840, 2842, 2843, 2845, 2878, 2879, 2884, 2883, 2893, 4095, 4096, 3932, 3933, 3958, 3962, 3974, 3973, 3972, 3971, 3982, 4295, 4299, 4301, 4202, 4215, 4220, 4223, 4255, 4233, 4234, 4242, 4265, 4244, 4243, 5336, 5338, 5341, 5339, 5320, 5322, 5323, 5346, 5357, 5358, 5364], "elapsed_seconds": 0.05546239999239333, "status": "success", "failure_reason": "", "route_distance_km": 74.43260834034832, "distance_cost_sum": 81.91789897926847, "population_cost_sum": 22.581349513335546, "traffic_cost_sum": 29.471641923683308, "airspace_cost_sum": 48.8, "total_weighted_score": 46.314178083257474}, "geometry": {"type": "LineString", "coordinates": [[-89.83272609742262, 38.54503213945896], [-89.83825778508921, 38.54968628939868], [-89.84379018463301, 38.55434020475587], [-89.84932329623358, 38.558993885398685], [-89.85485712007056, 38.56364733119524], [-89.86039165632353, 38.56830054201366], [-89.86592690517212, 38.57295351772198], [-89.871462866796, 38.577606258188254], [-89.87126749054252, 38.58210552867199], [-89.8768044781077, 38.58675805398646], [-89.88234217896623, 38.591410343755804], [-89.8878805932977, 38.59606239784802], [-89.89341972128202, 38.600714216131045], [-89.89895956309883, 38.60536579847276], [-89.90450011892796, 38.61001714474108], [-89.91004138894921, 38.614668254803874], [-89.9155833733424, 38.61931912852895], [-89.92131862594731, 38.619470314708934], [-89.9268617252078, 38.624120695492145], [-89.93259742104341, 38.62427134452904], [-89.93833315971467, 38.6244217128885], [-89.9442600654149, 38.62007225316597], [-89.94999553214618, 38.62022203618278], [-89.95573104146416, 38.620371538547964], [-89.96146659328937, 38.6205207602552], [-89.96720218754218, 38.620669701298226], [-89.97274848683627, 38.62531802846435], [-89.9782955010475, 38.62996611819141], [-89.98403193705393, 38.63011426460664], [-89.9897684151902, 38.630262130242976], [-89.99550493537676, 38.630409715094125], [-90.001241497534, 38.63055701915386], [-90.00697810158232, 38.630704042416006], [-90.01271474744215, 38.63085078487433], [-90.01845143503385, 38.63099724652267], [-90.02418816427785, 38.631143427354814], [-90.02992493509446, 38.631289327364605], [-90.03566174740413, 38.6314349465459], [-90.04139860112724, 38.63158028489256], [-90.04713549618415, 38.63172534239843], [-90.0530568061099, 38.627370128132036], [-90.0587934259509, 38.627514600818145], [-90.06453008687686, 38.627658792689985], [-90.07026678880817, 38.62780270374147], [-90.07600353166524, 38.62794633396657], [-90.08174031536842, 38.6280896833592], [-90.08747713983809, 38.62823275191331], [-90.09339583428118, 38.623875383605984], [-90.09895091075838, 38.62851804648185], [-90.10450670259345, 38.633160469873815], [-90.11006320996535, 38.6378026536494], [-90.11562043305292, 38.64244459767609], [-90.12135857394713, 38.64258604896054], [-90.12691691116937, 38.64722749468063], [-90.13265549047176, 38.64736840647394], [-90.13821494197643, 38.652009353518125], [-90.14395395948668, 38.652149725619736], [-90.14951452542148, 38.65679017361872], [-90.15507580784583, 38.66143038105964], [-90.16081566145125, 38.66156995441258], [-90.16637805865126, 38.66620966221335], [-90.17194117271791, 38.67084912909773], [-90.17750500383, 38.67548835493302], [-90.18306955216653, 38.68012733958649], [-90.18863481790633, 38.68476608292537], [-90.19420080122836, 38.68940458481685], [-90.19976750231159, 38.694042845128145], [-90.20533492133491, 38.69868086372641], [-90.2110779994899, 38.698818081237896], [-90.21682111672072, 38.69895501710115], [-90.22256427294727, 38.69909167131035], [-90.22830746808964, 38.699228043859776], [-90.23405070206775, 38.699364134743625], [-90.23962082945226, 38.70400061226774], [-90.24519167522915, 38.70863684734796], [-90.25093574365499, 38.70877213647181], [-90.25650770587707, 38.713407868791336], [-90.2620803868679, 38.71804335830804], [-90.26765378680629, 38.72267860488892], [-90.27322790587108, 38.727313608400934], [-90.27897360415623, 38.72744757424986], [-90.2847193406125, 38.72758125811188], [-90.29046511515969, 38.72771465998137], [-90.29604114694997, 38.73234863831933], [-90.30178735717278, 38.73248149743191], [-90.30753360525517, 38.73261407449003], [-90.31327989111702, 38.732746369488076], [-90.31902621467803, 38.73287838242046], [-90.32460455631471, 38.7375110734335], [-90.33035131489382, 38.737642543240376], [-90.33626541075455, 38.733272728767844], [-90.3420118843105, 38.73340361338185], [-90.34775839516463, 38.73353421590239], [-90.35333872308522, 38.73816560113835], [-90.35908566820065, 38.73829566025279], [-90.36466711306467, 38.742926539503976], [-90.37024927800739, 38.74755717394432]]}}, {"type": "Feature", "properties": {"route_run_id": "stl_midamerica_to_st_louis_lambert_2026-01-12_0282", "route_pair": "midamerica_to_st_louis_lambert", "route_pair_label": "MidAmerica to St. Louis Lambert", "origin_label": "MidAmerica St. Louis Airport", "destination_label": "St. Louis Lambert International Airport", "origin_lat": 38.5451731, "origin_lon": -89.8351856, "destination_lat": 38.7486982, "destination_lon": -90.3700257, "traffic_date": "2026-01-12", "traffic_dataset": "January 12th - Monday", "weight_id": "w_0282", "distance_weight": 0.8, "population_weight": 0.1, "traffic_weight": 0.1, "airspace_weight": 0.0, "path_nodes": 96, "path_node_ids": [8877, 8876, 8868, 8869, 8870, 8867, 9758, 9759, 9761, 9774, 9773, 9775, 9772, 9769, 9771, 9795, 9801, 10007, 10009, 10232, 10238, 10243, 10244, 10242, 10245, 10263, 10266, 10270, 10315, 10321, 10320, 10318, 10355, 10358, 10356, 10357, 10336, 10335, 10337, 10334, 2551, 2550, 2552, 2549, 2542, 2541, 2545, 2560, 2564, 2588, 2591, 2871, 2875, 2874, 2873, 2887, 4091, 4093, 4117, 4102, 4103, 4127, 4129, 3961, 4286, 4285, 3974, 3973, 3972, 3971, 3982, 4295, 4299, 4301, 4202, 4215, 4220, 4223, 4255, 4233, 4234, 4242, 4265, 4244, 4243, 5336, 5338, 5341, 5339, 5345, 5324, 5347, 5346, 5357, 5358, 5364], "elapsed_seconds": 0.0203722000005655, "status": "success", "failure_reason": "", "route_distance_km": 71.92018077297729, "distance_cost_sum": 79.15280996457837, "population_cost_sum": 24.25416441885999, "traffic_cost_sum": 30.47936292714113, "airspace_cost_sum": 54.000000000000036, "total_weighted_score": 68.7956007062628}, "geometry": {"type": "LineString", "coordinates": [[-89.83272609742262, 38.54503213945896], [-89.83845499191484, 38.54518713674757], [-89.84418393041321, 38.54534185422887], [-89.8499129128385, 38.54549629189633], [-89.85564193911159, 38.545650449743434], [-89.86137100915332, 38.54580432776372], [-89.86690469568633, 38.55045720201035], [-89.87243909420232, 38.55510984121015], [-89.87816900708947, 38.55526292871994], [-89.88389896344961, 38.55541573628766], [-89.88962896320348, 38.555568263906835], [-89.89535900627187, 38.555720511571074], [-89.90108909257557, 38.55587247927394], [-89.90662620061389, 38.56052360539423], [-89.91216402109853, 38.56517449573953], [-89.91770255420887, 38.56982515017786], [-89.92324180012413, 38.57447556857721], [-89.92878175902374, 38.57912575080554], [-89.93432243108697, 38.58377569673078], [-89.93986381649326, 38.588425406220864], [-89.945405915422, 38.59307487914367], [-89.95113923958688, 38.593224518410075], [-89.95687260627673, 38.5933738772936], [-89.96260601541215, 38.59352295578797], [-89.96815002612831, 38.59817142242828], [-89.97369475078722, 38.60281965195827], [-89.97924018956823, 38.60746764424572], [-89.98478634265064, 38.61211539915841], [-89.9903332102139, 38.61676291656407], [-89.99588079243732, 38.621410196330416], [-90.00161663958568, 38.62155745325657], [-90.00735252860491, 38.621704429474754], [-90.01290162428964, 38.62635095704363], [-90.01845143503385, 38.63099724652267], [-90.02418816427785, 38.631143427354814], [-90.02992493509446, 38.631289327364605], [-90.03566174740413, 38.6314349465459], [-90.04139860112724, 38.63158028489256], [-90.04713549618415, 38.63172534239843], [-90.05287243249526, 38.6318701190574], [-90.05860940998092, 38.63201461486337], [-90.06434642856152, 38.63215882981023], [-90.07008348815737, 38.6323027638919], [-90.07582058868887, 38.63244641710234], [-90.08155773007638, 38.632589789435436], [-90.08729491224024, 38.63273288088516], [-90.09285022458998, 38.63737583907351], [-90.09840625259658, 38.64201855779177], [-90.10396299643912, 38.64666103690741], [-90.10952045629662, 38.651303276287905], [-90.11525927291721, 38.651445053943725], [-90.12081784745767, 38.65608679499798], [-90.1263771383907, 38.66072829595899], [-90.1321167922061, 38.660869275404174], [-90.13785648613919, 38.66100997364278], [-90.14341729048948, 38.665650716936426], [-90.14897881162928, 38.67029121968557], [-90.15454104973756, 38.67493148175755], [-90.16010400499339, 38.67957150301965], [-90.16566767757574, 38.684211283339124], [-90.17140940332797, 38.68435040545039], [-90.17697419182998, 38.68898968543255], [-90.18253969803584, 38.693628724113545], [-90.18828226010154, 38.69376704603371], [-90.19384888257228, 38.69840558378194], [-90.1995918823357, 38.69854336457249], [-90.20533492133491, 38.69868086372641], [-90.2110779994899, 38.698818081237896], [-90.21682111672072, 38.69895501710115], [-90.22256427294727, 38.69909167131035], [-90.22830746808964, 38.699228043859776], [-90.23405070206775, 38.699364134743625], [-90.23962082945226, 38.70400061226774], [-90.24519167522915, 38.70863684734796], [-90.25093574365499, 38.70877213647181], [-90.25650770587707, 38.713407868791336], [-90.2620803868679, 38.71804335830804], [-90.26765378680629, 38.72267860488892], [-90.27322790587108, 38.727313608400934], [-90.27897360415623, 38.72744757424986], [-90.2847193406125, 38.72758125811188], [-90.29046511515969, 38.72771465998137], [-90.29604114694997, 38.73234863831933], [-90.30178735717278, 38.73248149743191], [-90.30753360525517, 38.73261407449003], [-90.31327989111702, 38.732746369488076], [-90.31902621467803, 38.73287838242046], [-90.32460455631471, 38.7375110734335], [-90.33035131489382, 38.737642543240376], [-90.33609811094065, 38.737773730919855], [-90.341844944375, 38.73790463646636], [-90.34759181511657, 38.738035259874366], [-90.35333872308522, 38.73816560113835], [-90.35908566820065, 38.73829566025279], [-90.36466711306467, 38.742926539503976], [-90.37024927800739, 38.74755717394432]]}}, {"type": "Feature", "properties": {"route_run_id": "stl_midamerica_to_st_louis_lambert_2026-01-12_0095", "route_pair": "midamerica_to_st_louis_lambert", "route_pair_label": "MidAmerica to St. Louis Lambert", "origin_label": "MidAmerica St. Louis Airport", "destination_label": "St. Louis Lambert International Airport", "origin_lat": 38.5451731, "origin_lon": -89.8351856, "destination_lat": 38.7486982, "destination_lon": -90.3700257, "traffic_date": "2026-01-12", "traffic_dataset": "January 12th - Monday", "weight_id": "w_0095", "distance_weight": 0.1, "population_weight": 0.3, "traffic_weight": 0.1, "airspace_weight": 0.5, "path_nodes": 97, "path_node_ids": [8877, 8881, 8904, 8922, 8923, 8927, 9145, 10016, 10018, 10062, 10055, 10058, 10094, 10096, 10103, 10104, 10110, 10109, 10516, 10515, 10514, 10513, 10298, 10295, 10296, 10297, 10309, 10532, 10533, 10349, 10347, 10348, 10346, 10359, 10358, 10356, 10352, 10326, 10328, 10329, 10330, 2548, 2527, 2525, 2526, 2538, 2540, 2516, 2530, 2534, 2559, 2561, 2840, 2842, 2843, 2845, 2878, 2879, 2884, 2883, 2893, 4095, 4096, 3932, 3933, 3958, 3962, 3974, 3973, 3972, 3971, 3981, 3978, 3976, 3941, 4043, 4066, 4067, 4040, 4046, 4048, 4049, 4061, 4075, 4082, 4084, 5080, 5305, 5307, 5314, 5320, 5322, 5323, 5346, 5357, 5358, 5364], "elapsed_seconds": 0.055678000004263595, "status": "success", "failure_reason": "", "route_distance_km": 76.5619026002047, "distance_cost_sum": 84.26132501209631, "population_cost_sum": 20.999386394586868, "traffic_cost_sum": 34.49486275539124, "airspace_cost_sum": 47.6, "total_weighted_score": 41.97543469512483}, "geometry": {"type": "LineString", "coordinates": [[-89.83272609742262, 38.54503213945896], [-89.83252853470323, 38.54953126729425], [-89.83806053424684, 38.55418543772932], [-89.84359324582596, 38.558839373542895], [-89.84912666962028, 38.563493074603095], [-89.85466080580946, 38.568146540778045], [-89.86019565457306, 38.572799771935806], [-89.86573121609086, 38.57745276794444], [-89.87126749054252, 38.58210552867199], [-89.8768044781077, 38.58675805398646], [-89.88234217896623, 38.591410343755804], [-89.8878805932977, 38.59606239784802], [-89.89341972128202, 38.600714216131045], [-89.89895956309883, 38.60536579847276], [-89.90450011892796, 38.61001714474108], [-89.91004138894921, 38.614668254803874], [-89.9155833733424, 38.61931912852895], [-89.92131862594731, 38.619470314708934], [-89.9268617252078, 38.624120695492145], [-89.93259742104341, 38.62427134452904], [-89.93833315971467, 38.6244217128885], [-89.9442600654149, 38.62007225316597], [-89.94999553214618, 38.62022203618278], [-89.95573104146416, 38.620371538547964], [-89.96146659328937, 38.6205207602552], [-89.96720218754218, 38.620669701298226], [-89.97274848683627, 38.62531802846435], [-89.9782955010475, 38.62996611819141], [-89.98403193705393, 38.63011426460664], [-89.9897684151902, 38.630262130242976], [-89.99550493537676, 38.630409715094125], [-90.001241497534, 38.63055701915386], [-90.00697810158232, 38.630704042416006], [-90.01271474744215, 38.63085078487433], [-90.01845143503385, 38.63099724652267], [-90.02418816427785, 38.631143427354814], [-90.03011073918805, 38.62678942936717], [-90.03603259897847, 38.622435099729884], [-90.04176873755169, 38.622580391570615], [-90.04750491743872, 38.62272540266021], [-90.0530568061099, 38.627370128132036], [-90.0587934259509, 38.627514600818145], [-90.06453008687686, 38.627658792689985], [-90.07026678880817, 38.62780270374147], [-90.07600353166524, 38.62794633396657], [-90.08174031536842, 38.6280896833592], [-90.08747713983809, 38.62823275191331], [-90.09339583428118, 38.623875383605984], [-90.09895091075838, 38.62851804648185], [-90.10450670259345, 38.633160469873815], [-90.11006320996535, 38.6378026536494], [-90.11562043305292, 38.64244459767609], [-90.12135857394713, 38.64258604896054], [-90.12691691116937, 38.64722749468063], [-90.13265549047176, 38.64736840647394], [-90.13821494197643, 38.652009353518125], [-90.14395395948668, 38.652149725619736], [-90.14951452542148, 38.65679017361872], [-90.15507580784583, 38.66143038105964], [-90.16081566145125, 38.66156995441258], [-90.16637805865126, 38.66620966221335], [-90.17194117271791, 38.67084912909773], [-90.17750500383, 38.67548835493302], [-90.18306955216653, 38.68012733958649], [-90.18863481790633, 38.68476608292537], [-90.19420080122836, 38.68940458481685], [-90.19976750231159, 38.694042845128145], [-90.20533492133491, 38.69868086372641], [-90.2110779994899, 38.698818081237896], [-90.21682111672072, 38.69895501710115], [-90.22256427294727, 38.69909167131035], [-90.22848129289677, 38.69472741490856], [-90.23422416781283, 38.694863484025944], [-90.24014014948251, 38.69049859495047], [-90.24605541323987, 38.68613337677085], [-90.2517976862147, 38.68626855773688], [-90.25736804511756, 38.69090420272148], [-90.26311075393669, 38.69103884211091], [-90.26902473574555, 38.686672411290566], [-90.27476716219141, 38.68680646600806], [-90.2805096268051, 38.68694023914922], [-90.28608197178394, 38.691574583512434], [-90.29165503482373, 38.696208684807814], [-90.297228816103, 38.700842542902386], [-90.30280331580018, 38.70547615766316], [-90.30837853409372, 38.710109528957155], [-90.31395447116216, 38.71474265665128], [-90.31953112718391, 38.71937554061253], [-90.32510850233753, 38.72400818070778], [-90.33068659680158, 38.72864057680392], [-90.33626541075455, 38.733272728767844], [-90.3420118843105, 38.73340361338185], [-90.34775839516463, 38.73353421590239], [-90.35333872308522, 38.73816560113835], [-90.35908566820065, 38.73829566025279], [-90.36466711306467, 38.742926539503976], [-90.37024927800739, 38.74755717394432]]}}, {"type": "Feature", "properties": {"route_run_id": "stl_midamerica_to_st_louis_lambert_2026-01-12_0201", "route_pair": "midamerica_to_st_louis_lambert", "route_pair_label": "MidAmerica to St. Louis Lambert", "origin_label": "MidAmerica St. Louis Airport", "destination_label": "St. Louis Lambert International Airport", "origin_lat": 38.5451731, "origin_lon": -89.8351856, "destination_lat": 38.7486982, "destination_lon": -90.3700257, "traffic_date": "2026-01-12", "traffic_dataset": "January 12th - Monday", "weight_id": "w_0201", "distance_weight": 0.3, "population_weight": 0.6, "traffic_weight": 0.0, "airspace_weight": 0.1, "path_nodes": 101, "path_node_ids": [8877, 8881, 8905, 8906, 8933, 8929, 9143, 9146, 9173, 10020, 10063, 10068, 10070, 10095, 10099, 10422, 10101, 10106, 10104, 10110, 10109, 10516, 10515, 10514, 10517, 10522, 10299, 10300, 10301, 10309, 10308, 10533, 10363, 10350, 10351, 10366, 10376, 10374, 10379, 10614, 10407, 10410, 10411, 10408, 2604, 2605, 2606, 2603, 10715, 10714, 10713, 10722, 2597, 10723, 2596, 2876, 2875, 2874, 2873, 2885, 2886, 2884, 2883, 2890, 2891, 2895, 3904, 3925, 3926, 3931, 3951, 3954, 3953, 3966, 3944, 3977, 3976, 3941, 4043, 4066, 4067, 4068, 4185, 4187, 4188, 4076, 4075, 4082, 4084, 5080, 5084, 5310, 5311, 5337, 5320, 5322, 5323, 5346, 5357, 5358, 5364], "elapsed_seconds": 0.04725239999243058, "status": "success", "failure_reason": "", "route_distance_km": 74.86810400551238, "distance_cost_sum": 82.39719012195816, "population_cost_sum": 14.919728223108889, "traffic_cost_sum": 45.432997513902926, "airspace_cost_sum": 52.4, "total_weighted_score": 38.910993970452786}, "geometry": {"type": "LineString", "coordinates": [[-89.83272609742262, 38.54503213945896], [-89.83252853470323, 38.54953126729425], [-89.83233092788802, 38.55403039080605], [-89.83786323937711, 38.55868458173916], [-89.83766590046945, 38.563183721427826], [-89.84319923632499, 38.56783769816219], [-89.84873328471264, 38.57249144006519], [-89.8542680458121, 38.5771449470049], [-89.85980351980317, 38.58179821884939], [-89.86533970686553, 38.58645125546666], [-89.87087660717904, 38.591104056724724], [-89.87641422092351, 38.59575662249155], [-89.88195254827868, 38.600408952635085], [-89.8874915894244, 38.605061047023284], [-89.88729702234833, 38.60956036516477], [-89.89283709113381, 38.614212243778354], [-89.89857181380691, 38.614364528005225], [-89.90430657977188, 38.61451653168253], [-89.91004138894921, 38.614668254803874], [-89.9155833733424, 38.61931912852895], [-89.92131862594731, 38.619470314708934], [-89.9268617252078, 38.624120695492145], [-89.93259742104341, 38.62427134452904], [-89.93833315971467, 38.6244217128885], [-89.94406894114202, 38.62457180056415], [-89.94980476524591, 38.62472160754967], [-89.95554063194687, 38.62487113383877], [-89.96127654116528, 38.62502037942509], [-89.96701249282155, 38.625169344302385], [-89.97274848683627, 38.62531802846435], [-89.97848452312972, 38.62546643190471], [-89.98403193705393, 38.63011426460664], [-89.98958006609531, 38.63476185964426], [-89.99531694389556, 38.63490946811138], [-90.00105386367663, 38.63505679574229], [-90.00660350731387, 38.63970363840778], [-90.01234086854143, 38.63985042783196], [-90.01807827152109, 38.63999693635645], [-90.02362942973669, 38.64464302594129], [-90.0291813036891, 38.64928887709267], [-90.03473389355781, 38.653934489678136], [-90.04028719952224, 38.658579863565194], [-90.04602624200047, 38.65872506038847], [-90.05176532579277, 38.658869976095644], [-90.05750445081951, 38.65901461068064], [-90.06324361700084, 38.65915896413734], [-90.06898282425709, 38.65930303645963], [-90.07472207250845, 38.65944682764147], [-90.08046136167522, 38.65959033767675], [-90.0862006916776, 38.659733566559446], [-90.09194006243584, 38.659876514283475], [-90.09767947387014, 38.66001918084284], [-90.10341892590075, 38.66016156623149], [-90.1091584184479, 38.66030367044341], [-90.11489795143179, 38.66044549347263], [-90.12063752477266, 38.66058703531315], [-90.1263771383907, 38.66072829595899], [-90.1321167922061, 38.660869275404174], [-90.13785648613919, 38.66100997364278], [-90.14359622011, 38.661150390668844], [-90.14933599403881, 38.66129052647644], [-90.15507580784583, 38.66143038105964], [-90.16081566145125, 38.66156995441258], [-90.16655555477524, 38.661709246529334], [-90.17229548773797, 38.66184825740402], [-90.17785868094164, 38.666487447153536], [-90.18342259105025, 38.67112639580074], [-90.1889872182426, 38.67576510321293], [-90.19472838451095, 38.67590305525546], [-90.2002941269196, 38.68054126191918], [-90.20586058678872, 38.68517922698935], [-90.21142776429718, 38.68981695033316], [-90.2171701635404, 38.68995384239636], [-90.2229126017605, 38.690090452895454], [-90.22865507887754, 38.69022678182468], [-90.23439759481155, 38.69036282917826], [-90.24014014948251, 38.69049859495047], [-90.24605541323987, 38.68613337677085], [-90.2517976862147, 38.68626855773688], [-90.25736804511756, 38.69090420272148], [-90.26311075393669, 38.69103884211091], [-90.26868222818311, 38.695673984376505], [-90.27425442059507, 38.700308883813186], [-90.27999796237877, 38.700442721166475], [-90.28557127047641, 38.70507711728869], [-90.29148516021279, 38.700709550716724], [-90.297228816103, 38.700842542902386], [-90.30280331580018, 38.70547615766316], [-90.30837853409372, 38.710109528957155], [-90.31395447116216, 38.71474265665128], [-90.31378588266769, 38.71924359100243], [-90.31936286061908, 38.72387649197406], [-90.32494055786266, 38.72850914903958], [-90.330518974577, 38.7331415620659], [-90.33626541075455, 38.733272728767844], [-90.3420118843105, 38.73340361338185], [-90.34775839516463, 38.73353421590239], [-90.35333872308522, 38.73816560113835], [-90.35908566820065, 38.73829566025279], [-90.36466711306467, 38.742926539503976], [-90.37024927800739, 38.74755717394432]]}}, {"type": "Feature", "properties": {"route_run_id": "stl_midamerica_to_st_louis_lambert_2026-01-12_0172", "route_pair": "midamerica_to_st_louis_lambert", "route_pair_label": "MidAmerica to St. Louis Lambert", "origin_label": "MidAmerica St. Louis Airport", "destination_label": "St. Louis Lambert International Airport", "origin_lat": 38.5451731, "origin_lon": -89.8351856, "destination_lat": 38.7486982, "destination_lon": -90.3700257, "traffic_date": "2026-01-12", "traffic_dataset": "January 12th - Monday", "weight_id": "w_0172", "distance_weight": 0.3, "population_weight": 0.0, "traffic_weight": 0.4, "airspace_weight": 0.3, "path_nodes": 96, "path_node_ids": [8877, 8879, 8896, 8900, 8924, 8930, 9788, 10013, 10014, 10036, 10052, 10054, 10061, 10051, 10049, 10048, 10050, 10253, 10252, 10241, 10240, 10249, 10275, 10277, 10293, 10304, 10305, 10306, 10319, 10321, 10320, 10318, 10355, 10358, 10356, 10357, 10336, 10335, 10337, 10330, 2551, 2550, 2552, 2549, 2544, 2578, 2582, 2565, 2589, 2592, 2596, 2899, 2902, 2904, 2905, 4116, 4122, 4123, 4121, 4102, 4103, 4127, 4129, 3961, 4286, 4285, 3974, 3973, 3972, 3971, 3982, 4295, 4299, 4301, 4202, 4203, 4204, 4216, 4226, 4191, 4188, 4080, 4075, 4077, 4078, 5048, 5052, 5076, 5082, 5299, 5304, 5319, 5321, 5357, 5358, 5364], "elapsed_seconds": 0.05402820001472719, "status": "success", "failure_reason": "", "route_distance_km": 74.05677934981841, "distance_cost_sum": 81.5042748706126, "population_cost_sum": 37.370437671789574, "traffic_cost_sum": 25.537682992842203, "airspace_cost_sum": 50.00000000000003, "total_weighted_score": 49.66635565832067}, "geometry": {"type": "LineString", "coordinates": [[-89.83272609742262, 38.54503213945896], [-89.83825778508921, 38.54968628939868], [-89.84379018463301, 38.55434020475587], [-89.84932329623358, 38.558993885398685], [-89.85485712007056, 38.56364733119524], [-89.86039165632353, 38.56830054201366], [-89.86612255057987, 38.568454263192415], [-89.87165819944471, 38.57310698340007], [-89.87719456110594, 38.577759468272795], [-89.88273163574308, 38.582411717678575], [-89.88826942353593, 38.58706373148541], [-89.89380792466403, 38.591715509561276], [-89.89934713930707, 38.59636705177409], [-89.90508047722643, 38.59651895818466], [-89.91081385831642, 38.59667058421835], [-89.91654728249756, 38.596821929868824], [-89.92228074969049, 38.59697299512966], [-89.92801425981584, 38.59712377999449], [-89.93374781279411, 38.597274284457015], [-89.93948140854593, 38.5974245085108], [-89.94521504699188, 38.5975744521496], [-89.95075817398295, 38.60222370805987], [-89.95630201501413, 38.606872727099336], [-89.96184657026487, 38.611521509135784], [-89.96739183991471, 38.61617005403699], [-89.97312711918148, 38.61631869062297], [-89.97867350301271, 38.62096674136646], [-89.98440922407127, 38.621114840379136], [-89.99014498723932, 38.62126265870254], [-89.99588079243732, 38.621410196330416], [-90.00161663958568, 38.62155745325657], [-90.00735252860491, 38.621704429474754], [-90.01290162428964, 38.62635095704363], [-90.01845143503385, 38.63099724652267], [-90.02418816427785, 38.631143427354814], [-90.02992493509446, 38.631289327364605], [-90.03566174740413, 38.6314349465459], [-90.04139860112724, 38.63158028489256], [-90.04713549618415, 38.63172534239843], [-90.0530568061099, 38.627370128132036], [-90.05860940998092, 38.63201461486337], [-90.06434642856152, 38.63215882981023], [-90.07008348815737, 38.6323027638919], [-90.07582058868887, 38.63244641710234], [-90.08137510400799, 38.63708989131143], [-90.08693033494461, 38.641733126236325], [-90.09248628167781, 38.64637612174451], [-90.09822461877505, 38.64651871984398], [-90.10378168009319, 38.65116121753915], [-90.10933945758573, 38.65580347545955], [-90.11489795143179, 38.66044549347263], [-90.12045716181044, 38.66508727144578], [-90.12601708890082, 38.66972880924637], [-90.13175745945723, 38.66986983380672], [-90.13731850207547, 38.67451087252255], [-90.14288026178316, 38.67915167070749], [-90.14844273875943, 38.68379222822882], [-90.15418434521152, 38.68393219472245], [-90.1599259915103, 38.6840718797612], [-90.16566767757574, 38.684211283339124], [-90.17140940332797, 38.68435040545039], [-90.17697419182998, 38.68898968543255], [-90.18253969803584, 38.693628724113545], [-90.18828226010154, 38.69376704603371], [-90.19384888257228, 38.69840558378194], [-90.1995918823357, 38.69854336457249], [-90.20533492133491, 38.69868086372641], [-90.2110779994899, 38.698818081237896], [-90.21682111672072, 38.69895501710115], [-90.22256427294727, 38.69909167131035], [-90.22830746808964, 38.699228043859776], [-90.23405070206775, 38.699364134743625], [-90.23962082945226, 38.70400061226774], [-90.24519167522915, 38.70863684734796], [-90.25093574365499, 38.70877213647181], [-90.25667985061523, 38.70890714381719], [-90.26225221064061, 38.71354261590214], [-90.26799675378774, 38.71367708117809], [-90.27374133523836, 38.713811264613504], [-90.27965666219882, 38.70944435530013], [-90.28557127047641, 38.70507711728869], [-90.29131524764634, 38.705210412521886], [-90.297228816103, 38.700842542902386], [-90.30297250986867, 38.70097525335427], [-90.3087162414297, 38.701107682066734], [-90.31446001070607, 38.70123982903419], [-90.32003570136486, 38.70587266197814], [-90.32561211067481, 38.710505251176386], [-90.33118923881437, 38.715137596495865], [-90.3367670859619, 38.719769697803464], [-90.34234565229588, 38.724401554966114], [-90.34792493799469, 38.72903316785066], [-90.35350494323681, 38.73366453632395], [-90.35908566820065, 38.73829566025279], [-90.36466711306467, 38.742926539503976], [-90.37024927800739, 38.74755717394432]]}}, {"type": "Feature", "properties": {"route_run_id": "stl_midamerica_to_st_louis_lambert_2026-01-12_0275", "route_pair": "midamerica_to_st_louis_lambert", "route_pair_label": "MidAmerica to St. Louis Lambert", "origin_label": "MidAmerica St. Louis Airport", "destination_label": "St. Louis Lambert International Airport", "origin_lat": 38.5451731, "origin_lon": -89.8351856, "destination_lat": 38.7486982, "destination_lon": -90.3700257, "traffic_date": "2026-01-12", "traffic_dataset": "January 12th - Monday", "weight_id": "w_0275", "distance_weight": 0.7, "population_weight": 0.2, "traffic_weight": 0.0, "airspace_weight": 0.1, "path_nodes": 97, "path_node_ids": [8877, 8881, 8904, 8922, 8923, 8927, 9145, 10016, 10018, 10062, 10055, 10058, 10094, 10096, 10103, 10104, 10110, 10109, 10516, 10515, 10514, 10517, 10522, 10299, 10300, 10301, 10309, 10308, 10533, 10363, 10350, 10351, 10366, 10376, 10374, 10379, 10614, 10407, 10410, 10411, 10408, 2604, 2605, 2606, 2603, 10715, 10714, 10713, 10722, 2597, 10723, 2596, 2876, 2875, 2874, 2873, 2885, 2886, 2884, 2883, 2893, 4095, 4096, 3932, 3933, 3958, 3962, 3967, 3970, 3969, 3968, 3981, 3978, 3983, 4297, 4198, 4199, 4201, 4216, 4229, 4232, 4230, 4242, 4265, 4244, 4243, 5336, 5338, 5335, 5337, 5320, 5322, 5323, 5346, 5357, 5358, 5364], "elapsed_seconds": 0.02497550001135096, "status": "success", "failure_reason": "", "route_distance_km": 72.30407808706627, "distance_cost_sum": 79.57531378508341, "population_cost_sum": 18.130648929851226, "traffic_cost_sum": 42.3612072967303, "airspace_cost_sum": 51.2, "total_weighted_score": 64.44884943552863}, "geometry": {"type": "LineString", "coordinates": [[-89.83272609742262, 38.54503213945896], [-89.83252853470323, 38.54953126729425], [-89.83806053424684, 38.55418543772932], [-89.84359324582596, 38.558839373542895], [-89.84912666962028, 38.563493074603095], [-89.85466080580946, 38.568146540778045], [-89.86019565457306, 38.572799771935806], [-89.86573121609086, 38.57745276794444], [-89.87126749054252, 38.58210552867199], [-89.8768044781077, 38.58675805398646], [-89.88234217896623, 38.591410343755804], [-89.8878805932977, 38.59606239784802], [-89.89341972128202, 38.600714216131045], [-89.89895956309883, 38.60536579847276], [-89.90450011892796, 38.61001714474108], [-89.91004138894921, 38.614668254803874], [-89.9155833733424, 38.61931912852895], [-89.92131862594731, 38.619470314708934], [-89.9268617252078, 38.624120695492145], [-89.93259742104341, 38.62427134452904], [-89.93833315971467, 38.6244217128885], [-89.94406894114202, 38.62457180056415], [-89.94980476524591, 38.62472160754967], [-89.95554063194687, 38.62487113383877], [-89.96127654116528, 38.62502037942509], [-89.96701249282155, 38.625169344302385], [-89.97274848683627, 38.62531802846435], [-89.97848452312972, 38.62546643190471], [-89.98403193705393, 38.63011426460664], [-89.98958006609531, 38.63476185964426], [-89.99531694389556, 38.63490946811138], [-90.00105386367663, 38.63505679574229], [-90.00660350731387, 38.63970363840778], [-90.01234086854143, 38.63985042783196], [-90.01807827152109, 38.63999693635645], [-90.02362942973669, 38.64464302594129], [-90.0291813036891, 38.64928887709267], [-90.03473389355781, 38.653934489678136], [-90.04028719952224, 38.658579863565194], [-90.04602624200047, 38.65872506038847], [-90.05176532579277, 38.658869976095644], [-90.05750445081951, 38.65901461068064], [-90.06324361700084, 38.65915896413734], [-90.06898282425709, 38.65930303645963], [-90.07472207250845, 38.65944682764147], [-90.08046136167522, 38.65959033767675], [-90.0862006916776, 38.659733566559446], [-90.09194006243584, 38.659876514283475], [-90.09767947387014, 38.66001918084284], [-90.10341892590075, 38.66016156623149], [-90.1091584184479, 38.66030367044341], [-90.11489795143179, 38.66044549347263], [-90.12063752477266, 38.66058703531315], [-90.1263771383907, 38.66072829595899], [-90.1321167922061, 38.660869275404174], [-90.13785648613919, 38.66100997364278], [-90.14359622011, 38.661150390668844], [-90.14933599403881, 38.66129052647644], [-90.15507580784583, 38.66143038105964], [-90.16081566145125, 38.66156995441258], [-90.16637805865126, 38.66620966221335], [-90.17194117271791, 38.67084912909773], [-90.17750500383, 38.67548835493302], [-90.18306955216653, 38.68012733958649], [-90.18863481790633, 38.68476608292537], [-90.19420080122836, 38.68940458481685], [-90.19976750231159, 38.694042845128145], [-90.20551018229601, 38.69418032229077], [-90.2112529014267, 38.694317517855914], [-90.2169956596237, 38.69445443181779], [-90.22273845680708, 38.6945910641706], [-90.22848129289677, 38.69472741490856], [-90.23422416781283, 38.694863484025944], [-90.23979397480163, 38.69949994395616], [-90.24536450002277, 38.704136161482424], [-90.25110820919835, 38.70427142896936], [-90.25685195689897, 38.704406414722804], [-90.2624239960298, 38.709041869378396], [-90.26799675378774, 38.71367708117809], [-90.27357023035168, 38.71831204998893], [-90.27914442590036, 38.722946775677876], [-90.28488980273018, 38.72308043816236], [-90.29046511515969, 38.72771465998137], [-90.29604114694997, 38.73234863831933], [-90.30178735717278, 38.73248149743191], [-90.30753360525517, 38.73261407449003], [-90.31327989111702, 38.732746369488076], [-90.31902621467803, 38.73287838242046], [-90.3247725758581, 38.73301011328159], [-90.330518974577, 38.7331415620659], [-90.33626541075455, 38.733272728767844], [-90.3420118843105, 38.73340361338185], [-90.34775839516463, 38.73353421590239], [-90.35333872308522, 38.73816560113835], [-90.35908566820065, 38.73829566025279], [-90.36466711306467, 38.742926539503976], [-90.37024927800739, 38.74755717394432]]}}, {"type": "Feature", "properties": {"route_run_id": "stl_midamerica_to_st_louis_lambert_2026-01-12_0078", "route_pair": "midamerica_to_st_louis_lambert", "route_pair_label": "MidAmerica to St. Louis Lambert", "origin_label": "MidAmerica St. Louis Airport", "destination_label": "St. Louis Lambert International Airport", "origin_lat": 38.5451731, "origin_lon": -89.8351856, "destination_lat": 38.7486982, "destination_lon": -90.3700257, "traffic_date": "2026-01-12", "traffic_dataset": "January 12th - Monday", "weight_id": "w_0078", "distance_weight": 0.1, "population_weight": 0.1, "traffic_weight": 0.1, "airspace_weight": 0.7, "path_nodes": 97, "path_node_ids": [8877, 8879, 8896, 8900, 8924, 8930, 10012, 10015, 10018, 10062, 10055, 10058, 10094, 10096, 10103, 10104, 10110, 10109, 10516, 10515, 10514, 10513, 10298, 10295, 10296, 10297, 10309, 10532, 10533, 10349, 10347, 10348, 10346, 10359, 10358, 10356, 10357, 10336, 10335, 10337, 10330, 2548, 2527, 2525, 2526, 2517, 2513, 2286, 2298, 2300, 2304, 2531, 2819, 2824, 2838, 2841, 2878, 2879, 2884, 2883, 2893, 4095, 4096, 3932, 3933, 3958, 3962, 3974, 3973, 3972, 3971, 3981, 3978, 3976, 3941, 4043, 4038, 4037, 4012, 4019, 4017, 4022, 4029, 4034, 4060, 4064, 5048, 5052, 5076, 5082, 5299, 5304, 5319, 5321, 5357, 5358, 5364], "elapsed_seconds": 0.054752099997131154, "status": "success", "failure_reason": "", "route_distance_km": 78.15920158164329, "distance_cost_sum": 86.01925583729141, "population_cost_sum": 28.79952979902285, "traffic_cost_sum": 29.985431373552398, "airspace_cost_sum": 46.2, "total_weighted_score": 46.820421700986685}, "geometry": {"type": "LineString", "coordinates": [[-89.83272609742262, 38.54503213945896], [-89.83825778508921, 38.54968628939868], [-89.84379018463301, 38.55434020475587], [-89.84932329623358, 38.558993885398685], [-89.85485712007056, 38.56364733119524], [-89.86039165632353, 38.56830054201366], [-89.86592690517212, 38.57295351772198], [-89.871462866796, 38.577606258188254], [-89.87126749054252, 38.58210552867199], [-89.8768044781077, 38.58675805398646], [-89.88234217896623, 38.591410343755804], [-89.8878805932977, 38.59606239784802], [-89.89341972128202, 38.600714216131045], [-89.89895956309883, 38.60536579847276], [-89.90450011892796, 38.61001714474108], [-89.91004138894921, 38.614668254803874], [-89.9155833733424, 38.61931912852895], [-89.92131862594731, 38.619470314708934], [-89.9268617252078, 38.624120695492145], [-89.93259742104341, 38.62427134452904], [-89.93833315971467, 38.6244217128885], [-89.9442600654149, 38.62007225316597], [-89.94999553214618, 38.62022203618278], [-89.95573104146416, 38.620371538547964], [-89.96146659328937, 38.6205207602552], [-89.96720218754218, 38.620669701298226], [-89.97274848683627, 38.62531802846435], [-89.9782955010475, 38.62996611819141], [-89.98403193705393, 38.63011426460664], [-89.9897684151902, 38.630262130242976], [-89.99550493537676, 38.630409715094125], [-90.001241497534, 38.63055701915386], [-90.00697810158232, 38.630704042416006], [-90.01271474744215, 38.63085078487433], [-90.01845143503385, 38.63099724652267], [-90.02418816427785, 38.631143427354814], [-90.02992493509446, 38.631289327364605], [-90.03566174740413, 38.6314349465459], [-90.04139860112724, 38.63158028489256], [-90.04713549618415, 38.63172534239843], [-90.0530568061099, 38.627370128132036], [-90.0587934259509, 38.627514600818145], [-90.06453008687686, 38.627658792689985], [-90.07026678880817, 38.62780270374147], [-90.07600353166524, 38.62794633396657], [-90.08192285989396, 38.62358957308307], [-90.087841472983, 38.61923248137871], [-90.09375937107193, 38.61487505899075], [-90.09949520417183, 38.615017497448825], [-90.10505004462816, 38.61965986513943], [-90.1106056001435, 38.62430199333239], [-90.11616187089658, 38.62894388189524], [-90.12171885706623, 38.633585530695484], [-90.12727655883121, 38.63822693960062], [-90.13283497637043, 38.64286810847808], [-90.1383941098626, 38.64750903719531], [-90.14395395948668, 38.652149725619736], [-90.14951452542148, 38.65679017361872], [-90.15507580784583, 38.66143038105964], [-90.16081566145125, 38.66156995441258], [-90.16637805865126, 38.66620966221335], [-90.17194117271791, 38.67084912909773], [-90.17750500383, 38.67548835493302], [-90.18306955216653, 38.68012733958649], [-90.18863481790633, 38.68476608292537], [-90.19420080122836, 38.68940458481685], [-90.19976750231159, 38.694042845128145], [-90.20533492133491, 38.69868086372641], [-90.2110779994899, 38.698818081237896], [-90.21682111672072, 38.69895501710115], [-90.22256427294727, 38.69909167131035], [-90.22848129289677, 38.69472741490856], [-90.23422416781283, 38.694863484025944], [-90.24014014948251, 38.69049859495047], [-90.24605541323987, 38.68613337677085], [-90.2517976862147, 38.68626855773688], [-90.2577119118291, 38.6819027074584], [-90.26345390283052, 38.6820373037779], [-90.26936709031678, 38.677670821751065], [-90.27527956027723, 38.67330401120623], [-90.28102094844074, 38.67343772015905], [-90.28659233093768, 38.67807201278429], [-90.29216443101578, 38.68270606246168], [-90.29773724885335, 38.68733986905835], [-90.30331078462868, 38.69197343244128], [-90.30888503852013, 38.69660675247757], [-90.31446001070607, 38.70123982903419], [-90.32003570136486, 38.70587266197814], [-90.32561211067481, 38.710505251176386], [-90.33118923881437, 38.715137596495865], [-90.3367670859619, 38.719769697803464], [-90.34234565229588, 38.724401554966114], [-90.34792493799469, 38.72903316785066], [-90.35350494323681, 38.73366453632395], [-90.35908566820065, 38.73829566025279], [-90.36466711306467, 38.742926539503976], [-90.37024927800739, 38.74755717394432]]}}, {"type": "Feature", "properties": {"route_run_id": "stl_midamerica_to_st_louis_lambert_2026-01-12_0199", "route_pair": "midamerica_to_st_louis_lambert", "route_pair_label": "MidAmerica to St. Louis Lambert", "origin_label": "MidAmerica St. Louis Airport", "destination_label": "St. Louis Lambert International Airport", "origin_lat": 38.5451731, "origin_lon": -89.8351856, "destination_lat": 38.7486982, "destination_lon": -90.3700257, "traffic_date": "2026-01-12", "traffic_dataset": "January 12th - Monday", "weight_id": "w_0199", "distance_weight": 0.3, "population_weight": 0.5, "traffic_weight": 0.1, "airspace_weight": 0.1, "path_nodes": 101, "path_node_ids": [8877, 8881, 8905, 8906, 8933, 8929, 9143, 9146, 9173, 10020, 10063, 10068, 10070, 10095, 10099, 10422, 10101, 10106, 10104, 10110, 10109, 10516, 10515, 10514, 10517, 10522, 10299, 10524, 10529, 10538, 10539, 10537, 10367, 10364, 10365, 10366, 10376, 10374, 10379, 10378, 10391, 10402, 10404, 10408, 2604, 2605, 2606, 2603, 10715, 10714, 10713, 10722, 2597, 10723, 2596, 2876, 2875, 2874, 2873, 2885, 2886, 2884, 2883, 2893, 4095, 4096, 3932, 3933, 3958, 3957, 3965, 3954, 3953, 3966, 3944, 3977, 3976, 3941, 4043, 4066, 4067, 4068, 4185, 4187, 4188, 4076, 4075, 4082, 4084, 5080, 5084, 5310, 5311, 5337, 5320, 5322, 5323, 5346, 5357, 5358, 5364], "elapsed_seconds": 0.048746899992693216, "status": "success", "failure_reason": "", "route_distance_km": 74.86903678572061, "distance_cost_sum": 82.39821670689952, "population_cost_sum": 15.031651751067626, "traffic_cost_sum": 43.30209584551266, "airspace_cost_sum": 52.4, "total_weighted_score": 41.80550047215494}, "geometry": {"type": "LineString", "coordinates": [[-89.83272609742262, 38.54503213945896], [-89.83252853470323, 38.54953126729425], [-89.83233092788802, 38.55403039080605], [-89.83786323937711, 38.55868458173916], [-89.83766590046945, 38.563183721427826], [-89.84319923632499, 38.56783769816219], [-89.84873328471264, 38.57249144006519], [-89.8542680458121, 38.5771449470049], [-89.85980351980317, 38.58179821884939], [-89.86533970686553, 38.58645125546666], [-89.87087660717904, 38.591104056724724], [-89.87641422092351, 38.59575662249155], [-89.88195254827868, 38.600408952635085], [-89.8874915894244, 38.605061047023284], [-89.88729702234833, 38.60956036516477], [-89.89283709113381, 38.614212243778354], [-89.89857181380691, 38.614364528005225], [-89.90430657977188, 38.61451653168253], [-89.91004138894921, 38.614668254803874], [-89.9155833733424, 38.61931912852895], [-89.92131862594731, 38.619470314708934], [-89.9268617252078, 38.624120695492145], [-89.93259742104341, 38.62427134452904], [-89.93833315971467, 38.6244217128885], [-89.94406894114202, 38.62457180056415], [-89.94980476524591, 38.62472160754967], [-89.95554063194687, 38.62487113383877], [-89.96108644660326, 38.62951999433463], [-89.966632976295, 38.63416861753812], [-89.97218022120177, 38.63881700331695], [-89.97791733024451, 38.63896547800877], [-89.98365448151714, 38.63911367183824], [-89.98939167493998, 38.639261584799115], [-89.9951289104335, 38.63940921688515], [-90.00086618791799, 38.639556568090114], [-90.00660350731387, 38.63970363840778], [-90.01234086854143, 38.63985042783196], [-90.01807827152109, 38.63999693635645], [-90.02362942973669, 38.64464302594129], [-90.02936727381517, 38.644788996000585], [-90.0349195472141, 38.64943458949962], [-90.0406578321926, 38.64958002089252], [-90.04621122092473, 38.6542251179363], [-90.05176532579277, 38.658869976095644], [-90.05750445081951, 38.65901461068064], [-90.06324361700084, 38.65915896413734], [-90.06898282425709, 38.65930303645963], [-90.07472207250845, 38.65944682764147], [-90.08046136167522, 38.65959033767675], [-90.0862006916776, 38.659733566559446], [-90.09194006243584, 38.659876514283475], [-90.09767947387014, 38.66001918084284], [-90.10341892590075, 38.66016156623149], [-90.1091584184479, 38.66030367044341], [-90.11489795143179, 38.66044549347263], [-90.12063752477266, 38.66058703531315], [-90.1263771383907, 38.66072829595899], [-90.1321167922061, 38.660869275404174], [-90.13785648613919, 38.66100997364278], [-90.14359622011, 38.661150390668844], [-90.14933599403881, 38.66129052647644], [-90.15507580784583, 38.66143038105964], [-90.16081566145125, 38.66156995441258], [-90.16637805865126, 38.66620966221335], [-90.17194117271791, 38.67084912909773], [-90.17750500383, 38.67548835493302], [-90.18306955216653, 38.68012733958649], [-90.18863481790633, 38.68476608292537], [-90.19420080122836, 38.68940458481685], [-90.19994308306117, 38.6895423215376], [-90.20568540411075, 38.68967977671165], [-90.21142776429718, 38.68981695033316], [-90.2171701635404, 38.68995384239636], [-90.2229126017605, 38.690090452895454], [-90.22865507887754, 38.69022678182468], [-90.23439759481155, 38.69036282917826], [-90.24014014948251, 38.69049859495047], [-90.24605541323987, 38.68613337677085], [-90.2517976862147, 38.68626855773688], [-90.25736804511756, 38.69090420272148], [-90.26311075393669, 38.69103884211091], [-90.26868222818311, 38.695673984376505], [-90.27425442059507, 38.700308883813186], [-90.27999796237877, 38.700442721166475], [-90.28557127047641, 38.70507711728869], [-90.29148516021279, 38.700709550716724], [-90.297228816103, 38.700842542902386], [-90.30280331580018, 38.70547615766316], [-90.30837853409372, 38.710109528957155], [-90.31395447116216, 38.71474265665128], [-90.31378588266769, 38.71924359100243], [-90.31936286061908, 38.72387649197406], [-90.32494055786266, 38.72850914903958], [-90.330518974577, 38.7331415620659], [-90.33626541075455, 38.733272728767844], [-90.3420118843105, 38.73340361338185], [-90.34775839516463, 38.73353421590239], [-90.35333872308522, 38.73816560113835], [-90.35908566820065, 38.73829566025279], [-90.36466711306467, 38.742926539503976], [-90.37024927800739, 38.74755717394432]]}}, {"type": "Feature", "properties": {"route_run_id": "stl_midamerica_to_st_louis_lambert_2026-01-12_0268", "route_pair": "midamerica_to_st_louis_lambert", "route_pair_label": "MidAmerica to St. Louis Lambert", "origin_label": "MidAmerica St. Louis Airport", "destination_label": "St. Louis Lambert International Airport", "origin_lat": 38.5451731, "origin_lon": -89.8351856, "destination_lat": 38.7486982, "destination_lon": -90.3700257, "traffic_date": "2026-01-12", "traffic_dataset": "January 12th - Monday", "weight_id": "w_0268", "distance_weight": 0.7, "population_weight": 0.0, "traffic_weight": 0.0, "airspace_weight": 0.3, "path_nodes": 96, "path_node_ids": [8877, 8876, 8892, 8897, 8899, 8926, 9788, 10013, 10014, 10036, 10052, 10054, 10061, 10051, 10049, 10048, 10050, 10253, 10252, 10241, 10240, 10248, 10246, 10247, 10245, 10231, 10230, 10262, 10150, 10148, 10149, 10151, 10161, 10159, 10158, 10160, 10166, 10168, 10167, 10169, 2247, 2269, 2268, 2257, 2256, 2254, 2279, 2293, 2296, 2301, 2303, 2491, 2492, 2818, 2496, 2507, 2506, 2828, 2505, 2809, 2811, 2810, 2728, 2730, 2731, 2729, 2715, 2717, 2714, 2716, 2738, 2741, 2745, 2747, 2684, 2687, 3987, 3990, 4016, 4017, 4022, 4029, 4034, 4060, 4064, 5048, 5052, 5076, 5082, 5299, 5304, 5319, 5321, 5357, 5358, 5364], "elapsed_seconds": 0.03133130000787787, "status": "success", "failure_reason": "", "route_distance_km": 71.90057520712594, "distance_cost_sum": 79.13123277148179, "population_cost_sum": 53.29567736851651, "traffic_cost_sum": 39.307370558879065, "airspace_cost_sum": 46.2, "total_weighted_score": 69.25186294003726}, "geometry": {"type": "LineString", "coordinates": [[-89.83272609742262, 38.54503213945896], [-89.83845499191484, 38.54518713674757], [-89.84398707949187, 38.54984103165108], [-89.84951987896733, 38.55449469187918], [-89.85505339052077, 38.559148117300026], [-89.86058761433173, 38.563801307781745], [-89.86612255057987, 38.568454263192415], [-89.87165819944471, 38.57310698340007], [-89.87719456110594, 38.577759468272795], [-89.88273163574308, 38.582411717678575], [-89.88826942353593, 38.58706373148541], [-89.89380792466403, 38.591715509561276], [-89.89934713930707, 38.59636705177409], [-89.90508047722643, 38.59651895818466], [-89.91081385831642, 38.59667058421835], [-89.91654728249756, 38.596821929868824], [-89.92228074969049, 38.59697299512966], [-89.92801425981584, 38.59712377999449], [-89.93374781279411, 38.597274284457015], [-89.93948140854593, 38.5974245085108], [-89.94521504699188, 38.5975744521496], [-89.95094872805251, 38.59772411536704], [-89.95668245164843, 38.59787349815684], [-89.96241621770018, 38.59802260051268], [-89.96815002612831, 38.59817142242828], [-89.9738838768534, 38.59831996389739], [-89.97961776979602, 38.59846822491371], [-89.98535170487666, 38.59861620547102], [-89.99108568201598, 38.59876390556306], [-89.99681970113441, 38.59891132518362], [-90.00255376215256, 38.59905846432648], [-90.00828786499093, 38.59920532298544], [-90.01402200957008, 38.5993519011543], [-90.01975619581054, 38.599498198826886], [-90.02549042363282, 38.599644215997024], [-90.03122469295744, 38.59978995265856], [-90.03695900370492, 38.599935408805365], [-90.0426933557958, 38.60008058443128], [-90.04842774915056, 38.600225479530216], [-90.05416218368977, 38.60037009409603], [-90.05989665933384, 38.60051442812264], [-90.06563117600335, 38.600658481603965], [-90.07136573361876, 38.60080225453393], [-90.07710033210058, 38.60094574690646], [-90.0828349713693, 38.601088958715515], [-90.08856965134538, 38.60123188995506], [-90.0941227455516, 38.605874717602354], [-90.09967655430022, 38.61051730605643], [-90.10523107776994, 38.61515965518486], [-90.11078631613944, 38.61980176485522], [-90.11652262799952, 38.61994338379215], [-90.1220789793104, 38.62458499570804], [-90.12781572923257, 38.62472607564535], [-90.13337319363258, 38.629367189437694], [-90.13911038141684, 38.62950773017495], [-90.14484760917111, 38.62964799001386], [-90.15058487681573, 38.629787968948484], [-90.156322184271, 38.62992766697294], [-90.16205953145733, 38.63006708408134], [-90.16779691829495, 38.630206220267794], [-90.17353434470424, 38.6303450755264], [-90.17927181060547, 38.63048364985134], [-90.185009315919, 38.63062194323676], [-90.1907468605651, 38.6307599556768], [-90.1964844444641, 38.63089768716567], [-90.2022220675363, 38.63103513769752], [-90.20795972970198, 38.63117230726659], [-90.21369743088145, 38.63130919586706], [-90.21943517099498, 38.631445803493165], [-90.22517294996291, 38.63158213013913], [-90.2309107677055, 38.63171817579922], [-90.2364756999938, 38.63635464897752], [-90.2420413482591, 38.64099088040321], [-90.24760771267954, 38.645626869943555], [-90.25317479343335, 38.65026261746583], [-90.25874259069872, 38.654898122837295], [-90.26431110465388, 38.659533385925144], [-90.26988033547711, 38.664168406596616], [-90.27545028334664, 38.66880318471887], [-90.28102094844074, 38.67343772015905], [-90.28659233093768, 38.67807201278429], [-90.29216443101578, 38.68270606246168], [-90.29773724885335, 38.68733986905835], [-90.30331078462868, 38.69197343244128], [-90.30888503852013, 38.69660675247757], [-90.31446001070607, 38.70123982903419], [-90.32003570136486, 38.70587266197814], [-90.32561211067481, 38.710505251176386], [-90.33118923881437, 38.715137596495865], [-90.3367670859619, 38.719769697803464], [-90.34234565229588, 38.724401554966114], [-90.34792493799469, 38.72903316785066], [-90.35350494323681, 38.73366453632395], [-90.35908566820065, 38.73829566025279], [-90.36466711306467, 38.742926539503976], [-90.37024927800739, 38.74755717394432]]}}, {"type": "Feature", "properties": {"route_run_id": "stl_midamerica_to_st_louis_lambert_2026-01-12_0237", "route_pair": "midamerica_to_st_louis_lambert", "route_pair_label": "MidAmerica to St. Louis Lambert", "origin_label": "MidAmerica St. Louis Airport", "destination_label": "St. Louis Lambert International Airport", "origin_lat": 38.5451731, "origin_lon": -89.8351856, "destination_lat": 38.7486982, "destination_lon": -90.3700257, "traffic_date": "2026-01-12", "traffic_dataset": "January 12th - Monday", "weight_id": "w_0237", "distance_weight": 0.5, "population_weight": 0.0, "traffic_weight": 0.5, "airspace_weight": 0.0, "path_nodes": 97, "path_node_ids": [8877, 8861, 8864, 8865, 8866, 8863, 7715, 7716, 9752, 9731, 9742, 9743, 9730, 9733, 9721, 9732, 9720, 9915, 7793, 7795, 7796, 7804, 7803, 7805, 7813, 7814, 7811, 7812, 9817, 9816, 9819, 9818, 7904, 7901, 9823, 9822, 9844, 9847, 9849, 9846, 1959, 1958, 1937, 1947, 1969, 1973, 1988, 2002, 2004, 2231, 2229, 2195, 2197, 2196, 2408, 2420, 2422, 2419, 2423, 2205, 2206, 2449, 2345, 2370, 2373, 2398, 2394, 2397, 2712, 2716, 2739, 2746, 2769, 2747, 2681, 2682, 2685, 3986, 2706, 4015, 4018, 4025, 4030, 4033, 4057, 5034, 5048, 5052, 5076, 5082, 5299, 5304, 5319, 5321, 5357, 5358, 5364], "elapsed_seconds": 0.037061400013044477, "status": "success", "failure_reason": "", "route_distance_km": 73.315997479373, "distance_cost_sum": 80.68899651638182, "population_cost_sum": 50.80701756737244, "traffic_cost_sum": 22.040817991423133, "airspace_cost_sum": 63.000000000000014, "total_weighted_score": 51.36490725390247}, "geometry": {"type": "LineString", "coordinates": [[-89.83272609742262, 38.54503213945896], [-89.83865215473445, 38.54068797977641], [-89.84438073740759, 38.54084267248963], [-89.8501093639971, 38.54099708543371], [-89.85583803442384, 38.541151218602124], [-89.86156674860865, 38.54130507198842], [-89.86729550647239, 38.541458645586076], [-89.87302430793594, 38.54161193938866], [-89.87875315292008, 38.541764953389716], [-89.88448204134579, 38.54191768758279], [-89.8902109731338, 38.54207014196144], [-89.895939948205, 38.54222231651928], [-89.90166896648022, 38.54237421124988], [-89.90739802788026, 38.54252582614685], [-89.91312713232598, 38.54267716120381], [-89.91885627973821, 38.54282821641439], [-89.92458547003774, 38.5429789917722], [-89.93031470314544, 38.543129487270946], [-89.93623504869535, 38.538780126685914], [-89.94196401125822, 38.538930038442274], [-89.94769301638131, 38.53907967036528], [-89.95342206398557, 38.53922902244861], [-89.95915115399177, 38.53937809468601], [-89.9648802863207, 38.53952688707118], [-89.97060946089319, 38.53967539959786], [-89.97633867763007, 38.53982363225979], [-89.98206793645213, 38.53997158505075], [-89.98779723728013, 38.54011925796448], [-89.99352658003491, 38.54026665099478], [-89.99925596463726, 38.54041376413546], [-90.00498539100796, 38.54056059738029], [-90.0107148590678, 38.5407071507231], [-90.01644436873754, 38.540853424157724], [-90.022173919938, 38.540999417678], [-90.0277181388758, 38.54564508621299], [-90.03344812898557, 38.54579054317578], [-90.03899345764175, 38.55043571741418], [-90.04453949873692, 38.55508065386086], [-90.05027032498664, 38.555225317192196], [-90.0560011923214, 38.555369700438234], [-90.06173210066189, 38.55551380359289], [-90.0674630499288, 38.55565762665008], [-90.0731940400428, 38.55580116960377], [-90.07892507092458, 38.5559444324479], [-90.08447420828541, 38.56058758841172], [-90.0900240585605, 38.56523050576299], [-90.09557462192825, 38.56987318436945], [-90.10112589856693, 38.57451562409887], [-90.10667788865496, 38.579157824818985], [-90.11223059237057, 38.583799786397456], [-90.11796404642338, 38.58394122410869], [-90.12369754066755, 38.5840823813937], [-90.12943107502363, 38.58422325824649], [-90.1351646494121, 38.58436385466116], [-90.14089826375356, 38.58450417063179], [-90.14645366632062, 38.589144603290876], [-90.15218771733517, 38.589284380730234], [-90.15792180807382, 38.58942387766302], [-90.16347871828971, 38.59406355405304], [-90.16921324535195, 38.59420251219789], [-90.17494781190939, 38.59434118977373], [-90.18050622974906, 38.59898010918833], [-90.18606536210271, 38.60361878809667], [-90.19162520914848, 38.60825722636621], [-90.19718577106451, 38.612895423864465], [-90.20274704802898, 38.61753338045887], [-90.2084836369821, 38.617670484184025], [-90.21404602582597, 38.62230794080845], [-90.21960913009349, 38.62694515617101], [-90.22517294996291, 38.63158213013913], [-90.23073748561237, 38.63621886258013], [-90.23630273722006, 38.640855353361346], [-90.24186870496423, 38.645491602350084], [-90.24760771267954, 38.645626869943555], [-90.25334675887852, 38.64576185639355], [-90.25891423625677, 38.65039734432395], [-90.26448243016516, 38.6550325900107], [-90.27005134078189, 38.65966759332096], [-90.27562096828521, 38.66430235412195], [-90.28119131285328, 38.668936872280845], [-90.28676237466442, 38.67357114766479], [-90.29233415389683, 38.67820518014085], [-90.29790665072878, 38.68283896957616], [-90.30347986533855, 38.68747251583781], [-90.3090537979044, 38.692105818792854], [-90.31462844860471, 38.69673887830826], [-90.31446001070607, 38.70123982903419], [-90.32003570136486, 38.70587266197814], [-90.32561211067481, 38.710505251176386], [-90.33118923881437, 38.715137596495865], [-90.3367670859619, 38.719769697803464], [-90.34234565229588, 38.724401554966114], [-90.34792493799469, 38.72903316785066], [-90.35350494323681, 38.73366453632395], [-90.35908566820065, 38.73829566025279], [-90.36466711306467, 38.742926539503976], [-90.37024927800739, 38.74755717394432]]}}, {"type": "Feature", "properties": {"route_run_id": "stl_midamerica_to_st_louis_lambert_2026-01-12_0250", "route_pair": "midamerica_to_st_louis_lambert", "route_pair_label": "MidAmerica to St. Louis Lambert", "origin_label": "MidAmerica St. Louis Airport", "destination_label": "St. Louis Lambert International Airport", "origin_lat": 38.5451731, "origin_lon": -89.8351856, "destination_lat": 38.7486982, "destination_lon": -90.3700257, "traffic_date": "2026-01-12", "traffic_dataset": "January 12th - Monday", "weight_id": "w_0250", "distance_weight": 0.5, "population_weight": 0.4, "traffic_weight": 0.0, "airspace_weight": 0.1, "path_nodes": 98, "path_node_ids": [8877, 8881, 8904, 8922, 8923, 8927, 9145, 10016, 10018, 10062, 10055, 10058, 10094, 10096, 10103, 10104, 10110, 10109, 10516, 10515, 10514, 10517, 10522, 10299, 10300, 10301, 10309, 10308, 10533, 10363, 10350, 10351, 10366, 10376, 10374, 10379, 10614, 10407, 10410, 10411, 10408, 2604, 2605, 2606, 2603, 10715, 10714, 10713, 10722, 2597, 10723, 2596, 2876, 2875, 2874, 2873, 2885, 2886, 2884, 2883, 2890, 2891, 2895, 3904, 3925, 3926, 3931, 3951, 3954, 3953, 3966, 3944, 3977, 3976, 3941, 4043, 4066, 4067, 4068, 4185, 4187, 4186, 4076, 4075, 4082, 4084, 5080, 5084, 5310, 5311, 5337, 5320, 5322, 5323, 5346, 5357, 5358, 5364], "elapsed_seconds": 0.034927899978356436, "status": "success", "failure_reason": "", "route_distance_km": 73.20963090489165, "distance_cost_sum": 80.57193322251891, "population_cost_sum": 16.535156841253748, "traffic_cost_sum": 45.64101419932393, "airspace_cost_sum": 51.4, "total_weighted_score": 52.040029347760964}, "geometry": {"type": "LineString", "coordinates": [[-89.83272609742262, 38.54503213945896], [-89.83252853470323, 38.54953126729425], [-89.83806053424684, 38.55418543772932], [-89.84359324582596, 38.558839373542895], [-89.84912666962028, 38.563493074603095], [-89.85466080580946, 38.568146540778045], [-89.86019565457306, 38.572799771935806], [-89.86573121609086, 38.57745276794444], [-89.87126749054252, 38.58210552867199], [-89.8768044781077, 38.58675805398646], [-89.88234217896623, 38.591410343755804], [-89.8878805932977, 38.59606239784802], [-89.89341972128202, 38.600714216131045], [-89.89895956309883, 38.60536579847276], [-89.90450011892796, 38.61001714474108], [-89.91004138894921, 38.614668254803874], [-89.9155833733424, 38.61931912852895], [-89.92131862594731, 38.619470314708934], [-89.9268617252078, 38.624120695492145], [-89.93259742104341, 38.62427134452904], [-89.93833315971467, 38.6244217128885], [-89.94406894114202, 38.62457180056415], [-89.94980476524591, 38.62472160754967], [-89.95554063194687, 38.62487113383877], [-89.96127654116528, 38.62502037942509], [-89.96701249282155, 38.625169344302385], [-89.97274848683627, 38.62531802846435], [-89.97848452312972, 38.62546643190471], [-89.98403193705393, 38.63011426460664], [-89.98958006609531, 38.63476185964426], [-89.99531694389556, 38.63490946811138], [-90.00105386367663, 38.63505679574229], [-90.00660350731387, 38.63970363840778], [-90.01234086854143, 38.63985042783196], [-90.01807827152109, 38.63999693635645], [-90.02362942973669, 38.64464302594129], [-90.0291813036891, 38.64928887709267], [-90.03473389355781, 38.653934489678136], [-90.04028719952224, 38.658579863565194], [-90.04602624200047, 38.65872506038847], [-90.05176532579277, 38.658869976095644], [-90.05750445081951, 38.65901461068064], [-90.06324361700084, 38.65915896413734], [-90.06898282425709, 38.65930303645963], [-90.07472207250845, 38.65944682764147], [-90.08046136167522, 38.65959033767675], [-90.0862006916776, 38.659733566559446], [-90.09194006243584, 38.659876514283475], [-90.09767947387014, 38.66001918084284], [-90.10341892590075, 38.66016156623149], [-90.1091584184479, 38.66030367044341], [-90.11489795143179, 38.66044549347263], [-90.12063752477266, 38.66058703531315], [-90.1263771383907, 38.66072829595899], [-90.1321167922061, 38.660869275404174], [-90.13785648613919, 38.66100997364278], [-90.14359622011, 38.661150390668844], [-90.14933599403881, 38.66129052647644], [-90.15507580784583, 38.66143038105964], [-90.16081566145125, 38.66156995441258], [-90.16655555477524, 38.661709246529334], [-90.17229548773797, 38.66184825740402], [-90.17785868094164, 38.666487447153536], [-90.18342259105025, 38.67112639580074], [-90.1889872182426, 38.67576510321293], [-90.19472838451095, 38.67590305525546], [-90.2002941269196, 38.68054126191918], [-90.20586058678872, 38.68517922698935], [-90.21142776429718, 38.68981695033316], [-90.2171701635404, 38.68995384239636], [-90.2229126017605, 38.690090452895454], [-90.22865507887754, 38.69022678182468], [-90.23439759481155, 38.69036282917826], [-90.24014014948251, 38.69049859495047], [-90.24605541323987, 38.68613337677085], [-90.2517976862147, 38.68626855773688], [-90.25736804511756, 38.69090420272148], [-90.26311075393669, 38.69103884211091], [-90.26868222818311, 38.695673984376505], [-90.27425442059507, 38.700308883813186], [-90.27999796237877, 38.700442721166475], [-90.28574154227802, 38.70057627680287], [-90.29148516021279, 38.700709550716724], [-90.297228816103, 38.700842542902386], [-90.30280331580018, 38.70547615766316], [-90.30837853409372, 38.710109528957155], [-90.31395447116216, 38.71474265665128], [-90.31378588266769, 38.71924359100243], [-90.31936286061908, 38.72387649197406], [-90.32494055786266, 38.72850914903958], [-90.330518974577, 38.7331415620659], [-90.33626541075455, 38.733272728767844], [-90.3420118843105, 38.73340361338185], [-90.34775839516463, 38.73353421590239], [-90.35333872308522, 38.73816560113835], [-90.35908566820065, 38.73829566025279], [-90.36466711306467, 38.742926539503976], [-90.37024927800739, 38.74755717394432]]}}, {"type": "Feature", "properties": {"route_run_id": "stl_midamerica_to_st_louis_lambert_2026-01-12_0259", "route_pair": "midamerica_to_st_louis_lambert", "route_pair_label": "MidAmerica to St. Louis Lambert", "origin_label": "MidAmerica St. Louis Airport", "destination_label": "St. Louis Lambert International Airport", "origin_lat": 38.5451731, "origin_lon": -89.8351856, "destination_lat": 38.7486982, "destination_lon": -90.3700257, "traffic_date": "2026-01-12", "traffic_dataset": "January 12th - Monday", "weight_id": "w_0259", "distance_weight": 0.6, "population_weight": 0.1, "traffic_weight": 0.1, "airspace_weight": 0.2, "path_nodes": 96, "path_node_ids": [8877, 8879, 8896, 8900, 8924, 8930, 10012, 10015, 10019, 10053, 10057, 10060, 10092, 10076, 10080, 10105, 10109, 10516, 10515, 10514, 10517, 10522, 10299, 10300, 10301, 10311, 10532, 10533, 10349, 10347, 10348, 10346, 10359, 10358, 10356, 10357, 10336, 10335, 10337, 10334, 2551, 2550, 2552, 2549, 2542, 2541, 2545, 2560, 2564, 2588, 2591, 2871, 2875, 2874, 2873, 2887, 4091, 4093, 4117, 4102, 4103, 4127, 4129, 3961, 4286, 4285, 3974, 3973, 3972, 3971, 3982, 4295, 4299, 4301, 4202, 4215, 4220, 4223, 4255, 4233, 4234, 4242, 4265, 4244, 4243, 5336, 5338, 5341, 5339, 5345, 5324, 5347, 5346, 5357, 5358, 5364], "elapsed_seconds": 0.03666769998380914, "status": "success", "failure_reason": "", "route_distance_km": 71.92756267089268, "distance_cost_sum": 79.16093422061603, "population_cost_sum": 24.305918390557228, "traffic_cost_sum": 31.58260574195653, "airspace_cost_sum": 50.00000000000003, "total_weighted_score": 63.085412945620995}, "geometry": {"type": "LineString", "coordinates": [[-89.83272609742262, 38.54503213945896], [-89.83825778508921, 38.54968628939868], [-89.84379018463301, 38.55434020475587], [-89.84932329623358, 38.558993885398685], [-89.85485712007056, 38.56364733119524], [-89.86039165632353, 38.56830054201366], [-89.86592690517212, 38.57295351772198], [-89.871462866796, 38.577606258188254], [-89.87699954137483, 38.582258763280514], [-89.88253692908823, 38.586911032866766], [-89.88807503011597, 38.59156306681497], [-89.8936138446377, 38.59621486499309], [-89.89915337283315, 38.600866427269025], [-89.90469361488212, 38.60551775351072], [-89.91023457096428, 38.610168843586045], [-89.91577624125941, 38.61481969736282], [-89.92131862594731, 38.619470314708934], [-89.9268617252078, 38.624120695492145], [-89.93259742104341, 38.62427134452904], [-89.93833315971467, 38.6244217128885], [-89.94406894114202, 38.62457180056415], [-89.94980476524591, 38.62472160754967], [-89.95554063194687, 38.62487113383877], [-89.96127654116528, 38.62502037942509], [-89.96701249282155, 38.625169344302385], [-89.97255910725055, 38.62981769100349], [-89.9782955010475, 38.62996611819141], [-89.98403193705393, 38.63011426460664], [-89.9897684151902, 38.630262130242976], [-89.99550493537676, 38.630409715094125], [-90.001241497534, 38.63055701915386], [-90.00697810158232, 38.630704042416006], [-90.01271474744215, 38.63085078487433], [-90.01845143503385, 38.63099724652267], [-90.02418816427785, 38.631143427354814], [-90.02992493509446, 38.631289327364605], [-90.03566174740413, 38.6314349465459], [-90.04139860112724, 38.63158028489256], [-90.04713549618415, 38.63172534239843], [-90.05287243249526, 38.6318701190574], [-90.05860940998092, 38.63201461486337], [-90.06434642856152, 38.63215882981023], [-90.07008348815737, 38.6323027638919], [-90.07582058868887, 38.63244641710234], [-90.08155773007638, 38.632589789435436], [-90.08729491224024, 38.63273288088516], [-90.09285022458998, 38.63737583907351], [-90.09840625259658, 38.64201855779177], [-90.10396299643912, 38.64666103690741], [-90.10952045629662, 38.651303276287905], [-90.11525927291721, 38.651445053943725], [-90.12081784745767, 38.65608679499798], [-90.1263771383907, 38.66072829595899], [-90.1321167922061, 38.660869275404174], [-90.13785648613919, 38.66100997364278], [-90.14341729048948, 38.665650716936426], [-90.14897881162928, 38.67029121968557], [-90.15454104973756, 38.67493148175755], [-90.16010400499339, 38.67957150301965], [-90.16566767757574, 38.684211283339124], [-90.17140940332797, 38.68435040545039], [-90.17697419182998, 38.68898968543255], [-90.18253969803584, 38.693628724113545], [-90.18828226010154, 38.69376704603371], [-90.19384888257228, 38.69840558378194], [-90.1995918823357, 38.69854336457249], [-90.20533492133491, 38.69868086372641], [-90.2110779994899, 38.698818081237896], [-90.21682111672072, 38.69895501710115], [-90.22256427294727, 38.69909167131035], [-90.22830746808964, 38.699228043859776], [-90.23405070206775, 38.699364134743625], [-90.23962082945226, 38.70400061226774], [-90.24519167522915, 38.70863684734796], [-90.25093574365499, 38.70877213647181], [-90.25650770587707, 38.713407868791336], [-90.2620803868679, 38.71804335830804], [-90.26765378680629, 38.72267860488892], [-90.27322790587108, 38.727313608400934], [-90.27897360415623, 38.72744757424986], [-90.2847193406125, 38.72758125811188], [-90.29046511515969, 38.72771465998137], [-90.29604114694997, 38.73234863831933], [-90.30178735717278, 38.73248149743191], [-90.30753360525517, 38.73261407449003], [-90.31327989111702, 38.732746369488076], [-90.31902621467803, 38.73287838242046], [-90.32460455631471, 38.7375110734335], [-90.33035131489382, 38.737642543240376], [-90.33609811094065, 38.737773730919855], [-90.341844944375, 38.73790463646636], [-90.34759181511657, 38.738035259874366], [-90.35333872308522, 38.73816560113835], [-90.35908566820065, 38.73829566025279], [-90.36466711306467, 38.742926539503976], [-90.37024927800739, 38.74755717394432]]}}, {"type": "Feature", "properties": {"route_run_id": "stl_midamerica_to_st_louis_lambert_2026-01-12_0266", "route_pair": "midamerica_to_st_louis_lambert", "route_pair_label": "MidAmerica to St. Louis Lambert", "origin_label": "MidAmerica St. Louis Airport", "destination_label": "St. Louis Lambert International Airport", "origin_lat": 38.5451731, "origin_lon": -89.8351856, "destination_lat": 38.7486982, "destination_lon": -90.3700257, "traffic_date": "2026-01-12", "traffic_dataset": "January 12th - Monday", "weight_id": "w_0266", "distance_weight": 0.6, "population_weight": 0.3, "traffic_weight": 0.1, "airspace_weight": 0.0, "path_nodes": 97, "path_node_ids": [8877, 8881, 8904, 8922, 8923, 8927, 9145, 10016, 10018, 10062, 10055, 10058, 10094, 10096, 10103, 10104, 10110, 10109, 10516, 10515, 10514, 10517, 10522, 10299, 10524, 10529, 10538, 10539, 10537, 10367, 10364, 10365, 10370, 10381, 10380, 10379, 10378, 10391, 10402, 10404, 10408, 2604, 2605, 2606, 2603, 10716, 10717, 10718, 10729, 10730, 10744, 10745, 2907, 4107, 4109, 4112, 4145, 4150, 4149, 4153, 4175, 4133, 4132, 4134, 3964, 4286, 4285, 3974, 3973, 3972, 3971, 3982, 4295, 3983, 4297, 4198, 4199, 4201, 4216, 4229, 4232, 4230, 4242, 4265, 4244, 4243, 5336, 5338, 5341, 5339, 5345, 5324, 5347, 5346, 5357, 5358, 5364], "elapsed_seconds": 0.028714100015349686, "status": "success", "failure_reason": "", "route_distance_km": 72.30828212957256, "distance_cost_sum": 79.5799406057338, "population_cost_sum": 18.69733715578537, "traffic_cost_sum": 37.40028504900544, "airspace_cost_sum": 51.2, "total_weighted_score": 57.09719401507643}, "geometry": {"type": "LineString", "coordinates": [[-89.83272609742262, 38.54503213945896], [-89.83252853470323, 38.54953126729425], [-89.83806053424684, 38.55418543772932], [-89.84359324582596, 38.558839373542895], [-89.84912666962028, 38.563493074603095], [-89.85466080580946, 38.568146540778045], [-89.86019565457306, 38.572799771935806], [-89.86573121609086, 38.57745276794444], [-89.87126749054252, 38.58210552867199], [-89.8768044781077, 38.58675805398646], [-89.88234217896623, 38.591410343755804], [-89.8878805932977, 38.59606239784802], [-89.89341972128202, 38.600714216131045], [-89.89895956309883, 38.60536579847276], [-89.90450011892796, 38.61001714474108], [-89.91004138894921, 38.614668254803874], [-89.9155833733424, 38.61931912852895], [-89.92131862594731, 38.619470314708934], [-89.9268617252078, 38.624120695492145], [-89.93259742104341, 38.62427134452904], [-89.93833315971467, 38.6244217128885], [-89.94406894114202, 38.62457180056415], [-89.94980476524591, 38.62472160754967], [-89.95554063194687, 38.62487113383877], [-89.96108644660326, 38.62951999433463], [-89.966632976295, 38.63416861753812], [-89.97218022120177, 38.63881700331695], [-89.97791733024451, 38.63896547800877], [-89.98365448151714, 38.63911367183824], [-89.98939167493998, 38.639261584799115], [-89.9951289104335, 38.63940921688515], [-90.00086618791799, 38.639556568090114], [-90.00641614743708, 38.64420343004679], [-90.01215386646798, 38.64435024295822], [-90.0178916272611, 38.64449677492512], [-90.02362942973669, 38.64464302594129], [-90.02936727381517, 38.644788996000585], [-90.0349195472141, 38.64943458949962], [-90.0406578321926, 38.64958002089252], [-90.04621122092473, 38.6542251179363], [-90.05176532579277, 38.658869976095644], [-90.05750445081951, 38.65901461068064], [-90.06324361700084, 38.65915896413734], [-90.06898282425709, 38.65930303645963], [-90.07472207250845, 38.65944682764147], [-90.08027849074135, 38.66409041434458], [-90.08601817899587, 38.66423366614264], [-90.09175790801612, 38.66437663673715], [-90.0973158409683, 38.669019467207306], [-90.10305600964216, 38.66916189816016], [-90.10861505837465, 38.67380423026503], [-90.1143556665019, 38.67394612137533], [-90.12009631501547, 38.67408773116219], [-90.1256568785435, 38.67872930581226], [-90.13139796616022, 38.67887037549889], [-90.13695964571467, 38.683511450900546], [-90.14252204267808, 38.68815228569193], [-90.14808515722972, 38.692792879740324], [-90.15382748129907, 38.69293289101744], [-90.15939171242222, 38.69757298499622], [-90.1651344750913, 38.69771245548389], [-90.17087727747607, 38.69785164437002], [-90.17662011949652, 38.69799055164876], [-90.18236300107269, 38.69812917731423], [-90.18810592212462, 38.698267521360556], [-90.19384888257228, 38.69840558378194], [-90.1995918823357, 38.69854336457249], [-90.20533492133491, 38.69868086372641], [-90.2110779994899, 38.698818081237896], [-90.21682111672072, 38.69895501710115], [-90.22256427294727, 38.69909167131035], [-90.22830746808964, 38.699228043859776], [-90.23405070206775, 38.699364134743625], [-90.23979397480163, 38.69949994395616], [-90.24536450002277, 38.704136161482424], [-90.25110820919835, 38.70427142896936], [-90.25685195689897, 38.704406414722804], [-90.2624239960298, 38.709041869378396], [-90.26799675378774, 38.71367708117809], [-90.27357023035168, 38.71831204998893], [-90.27914442590036, 38.722946775677876], [-90.28488980273018, 38.72308043816236], [-90.29046511515969, 38.72771465998137], [-90.29604114694997, 38.73234863831933], [-90.30178735717278, 38.73248149743191], [-90.30753360525517, 38.73261407449003], [-90.31327989111702, 38.732746369488076], [-90.31902621467803, 38.73287838242046], [-90.32460455631471, 38.7375110734335], [-90.33035131489382, 38.737642543240376], [-90.33609811094065, 38.737773730919855], [-90.341844944375, 38.73790463646636], [-90.34759181511657, 38.738035259874366], [-90.35333872308522, 38.73816560113835], [-90.35908566820065, 38.73829566025279], [-90.36466711306467, 38.742926539503976], [-90.37024927800739, 38.74755717394432]]}}, {"type": "Feature", "properties": {"route_run_id": "stl_midamerica_to_st_louis_lambert_2026-01-12_0279", "route_pair": "midamerica_to_st_louis_lambert", "route_pair_label": "MidAmerica to St. Louis Lambert", "origin_label": "MidAmerica St. Louis Airport", "destination_label": "St. Louis Lambert International Airport", "origin_lat": 38.5451731, "origin_lon": -89.8351856, "destination_lat": 38.7486982, "destination_lon": -90.3700257, "traffic_date": "2026-01-12", "traffic_dataset": "January 12th - Monday", "weight_id": "w_0279", "distance_weight": 0.8, "population_weight": 0.0, "traffic_weight": 0.1, "airspace_weight": 0.1, "path_nodes": 96, "path_node_ids": [8877, 8879, 8896, 8900, 8924, 8930, 9788, 10013, 10014, 10036, 10052, 10054, 10061, 10051, 10049, 10048, 10050, 10253, 10252, 10241, 10240, 10249, 10275, 10277, 10293, 10304, 10305, 10306, 10319, 10321, 10320, 10318, 10355, 10358, 10356, 10357, 10336, 10335, 10337, 10334, 2551, 2550, 2552, 2549, 2542, 2541, 2543, 2537, 2563, 2562, 2561, 2840, 2842, 2843, 2845, 2878, 2879, 2884, 2883, 2890, 2891, 2892, 3896, 2796, 2797, 3895, 3890, 3891, 3892, 3889, 2803, 2806, 3915, 3917, 4011, 4010, 4009, 4008, 4019, 4017, 4022, 4029, 4034, 4060, 4064, 5048, 5052, 5076, 5082, 5299, 5304, 5319, 5321, 5357, 5358, 5364], "elapsed_seconds": 0.02304780000122264, "status": "success", "failure_reason": "", "route_distance_km": 71.91350325790738, "distance_cost_sum": 79.1454609274141, "population_cost_sum": 43.11762759908802, "traffic_cost_sum": 29.97318661226534, "airspace_cost_sum": 48.00000000000003, "total_weighted_score": 71.11368740315781}, "geometry": {"type": "LineString", "coordinates": [[-89.83272609742262, 38.54503213945896], [-89.83825778508921, 38.54968628939868], [-89.84379018463301, 38.55434020475587], [-89.84932329623358, 38.558993885398685], [-89.85485712007056, 38.56364733119524], [-89.86039165632353, 38.56830054201366], [-89.86612255057987, 38.568454263192415], [-89.87165819944471, 38.57310698340007], [-89.87719456110594, 38.577759468272795], [-89.88273163574308, 38.582411717678575], [-89.88826942353593, 38.58706373148541], [-89.89380792466403, 38.591715509561276], [-89.89934713930707, 38.59636705177409], [-89.90508047722643, 38.59651895818466], [-89.91081385831642, 38.59667058421835], [-89.91654728249756, 38.596821929868824], [-89.92228074969049, 38.59697299512966], [-89.92801425981584, 38.59712377999449], [-89.93374781279411, 38.597274284457015], [-89.93948140854593, 38.5974245085108], [-89.94521504699188, 38.5975744521496], [-89.95075817398295, 38.60222370805987], [-89.95630201501413, 38.606872727099336], [-89.96184657026487, 38.611521509135784], [-89.96739183991471, 38.61617005403699], [-89.97312711918148, 38.61631869062297], [-89.97867350301271, 38.62096674136646], [-89.98440922407127, 38.621114840379136], [-89.99014498723932, 38.62126265870254], [-89.99588079243732, 38.621410196330416], [-90.00161663958568, 38.62155745325657], [-90.00735252860491, 38.621704429474754], [-90.01290162428964, 38.62635095704363], [-90.01845143503385, 38.63099724652267], [-90.02418816427785, 38.631143427354814], [-90.02992493509446, 38.631289327364605], [-90.03566174740413, 38.6314349465459], [-90.04139860112724, 38.63158028489256], [-90.04713549618415, 38.63172534239843], [-90.05287243249526, 38.6318701190574], [-90.05860940998092, 38.63201461486337], [-90.06434642856152, 38.63215882981023], [-90.07008348815737, 38.6323027638919], [-90.07582058868887, 38.63244641710234], [-90.08155773007638, 38.632589789435436], [-90.08729491224024, 38.63273288088516], [-90.0930321351008, 38.63287569144548], [-90.09858784586112, 38.63751839154712], [-90.10414427229796, 38.64216085208573], [-90.10988233247663, 38.6423028653825], [-90.11562043305292, 38.64244459767609], [-90.12135857394713, 38.64258604896054], [-90.12691691116937, 38.64722749468063], [-90.13265549047176, 38.64736840647394], [-90.13821494197643, 38.652009353518125], [-90.14395395948668, 38.652149725619736], [-90.14951452542148, 38.65679017361872], [-90.15507580784583, 38.66143038105964], [-90.16081566145125, 38.66156995441258], [-90.16655555477524, 38.661709246529334], [-90.17229548773797, 38.66184825740402], [-90.17803546025965, 38.66198698703078], [-90.18377547226044, 38.66212543540375], [-90.18951552366053, 38.66226360251709], [-90.1952556143801, 38.66240148836498], [-90.20099574433928, 38.66253909294154], [-90.20673591345827, 38.66267641624103], [-90.21247612165722, 38.6628134582576], [-90.21821636885625, 38.6629502189855], [-90.22395665497557, 38.66308669841892], [-90.2296969799353, 38.66322289655212], [-90.23543734365559, 38.663358813379354], [-90.24100490985096, 38.667995150218864], [-90.24674570937407, 38.66813052607476], [-90.25231438982323, 38.67276636103712], [-90.25805562494689, 38.67290119572174], [-90.26379689845037, 38.67303574898191], [-90.26953821025378, 38.673170020811966], [-90.27527956027723, 38.67330401120623], [-90.28102094844074, 38.67343772015905], [-90.28659233093768, 38.67807201278429], [-90.29216443101578, 38.68270606246168], [-90.29773724885335, 38.68733986905835], [-90.30331078462868, 38.69197343244128], [-90.30888503852013, 38.69660675247757], [-90.31446001070607, 38.70123982903419], [-90.32003570136486, 38.70587266197814], [-90.32561211067481, 38.710505251176386], [-90.33118923881437, 38.715137596495865], [-90.3367670859619, 38.719769697803464], [-90.34234565229588, 38.724401554966114], [-90.34792493799469, 38.72903316785066], [-90.35350494323681, 38.73366453632395], [-90.35908566820065, 38.73829566025279], [-90.36466711306467, 38.742926539503976], [-90.37024927800739, 38.74755717394432]]}}, {"type": "Feature", "properties": {"route_run_id": "stl_midamerica_to_st_louis_lambert_2026-01-12_0260", "route_pair": "midamerica_to_st_louis_lambert", "route_pair_label": "MidAmerica to St. Louis Lambert", "origin_label": "MidAmerica St. Louis Airport", "destination_label": "St. Louis Lambert International Airport", "origin_lat": 38.5451731, "origin_lon": -89.8351856, "destination_lat": 38.7486982, "destination_lon": -90.3700257, "traffic_date": "2026-01-12", "traffic_dataset": "January 12th - Monday", "weight_id": "w_0260", "distance_weight": 0.6, "population_weight": 0.1, "traffic_weight": 0.2, "airspace_weight": 0.1, "path_nodes": 96, "path_node_ids": [8877, 8879, 8896, 8900, 8924, 8930, 10012, 10015, 10019, 10053, 10057, 10054, 10061, 10051, 10049, 10048, 10050, 10254, 10256, 10255, 10261, 10280, 10281, 10292, 10293, 10304, 10305, 10306, 10319, 10321, 10320, 10318, 10355, 10358, 10356, 10357, 10336, 10335, 10337, 10334, 2551, 2550, 2552, 2549, 2542, 2541, 2545, 2560, 2564, 2588, 2591, 2871, 2875, 2874, 2877, 4088, 4115, 4119, 4121, 4102, 4103, 4127, 4129, 3961, 4286, 4285, 3974, 3973, 3972, 3971, 3982, 4295, 4299, 4301, 4202, 4215, 4220, 4223, 4255, 4233, 4234, 4242, 4265, 4244, 4243, 5336, 5338, 5341, 5339, 5345, 5324, 5347, 5346, 5357, 5358, 5364], "elapsed_seconds": 0.03425600001355633, "status": "success", "failure_reason": "", "route_distance_km": 71.92543485210625, "distance_cost_sum": 79.15859241843712, "population_cost_sum": 28.034314164019293, "traffic_cost_sum": 29.378278330705577, "airspace_cost_sum": 50.00000000000003, "total_weighted_score": 61.17424253360532}, "geometry": {"type": "LineString", "coordinates": [[-89.83272609742262, 38.54503213945896], [-89.83825778508921, 38.54968628939868], [-89.84379018463301, 38.55434020475587], [-89.84932329623358, 38.558993885398685], [-89.85485712007056, 38.56364733119524], [-89.86039165632353, 38.56830054201366], [-89.86592690517212, 38.57295351772198], [-89.871462866796, 38.577606258188254], [-89.87699954137483, 38.582258763280514], [-89.88253692908823, 38.586911032866766], [-89.88807503011597, 38.59156306681497], [-89.89380792466403, 38.591715509561276], [-89.89934713930707, 38.59636705177409], [-89.90508047722643, 38.59651895818466], [-89.91081385831642, 38.59667058421835], [-89.91654728249756, 38.596821929868824], [-89.92228074969049, 38.59697299512966], [-89.92782227790734, 38.601623276602716], [-89.93355618782985, 38.60177380515354], [-89.93929014053626, 38.6019240532509], [-89.94483318227732, 38.606573585359854], [-89.9503769381968, 38.61122288065171], [-89.9559214084743, 38.61587193899423], [-89.9616566029858, 38.61602113682532], [-89.96739183991471, 38.61617005403699], [-89.97312711918148, 38.61631869062297], [-89.97867350301271, 38.62096674136646], [-89.98440922407127, 38.621114840379136], [-89.99014498723932, 38.62126265870254], [-89.99588079243732, 38.621410196330416], [-90.00161663958568, 38.62155745325657], [-90.00735252860491, 38.621704429474754], [-90.01290162428964, 38.62635095704363], [-90.01845143503385, 38.63099724652267], [-90.02418816427785, 38.631143427354814], [-90.02992493509446, 38.631289327364605], [-90.03566174740413, 38.6314349465459], [-90.04139860112724, 38.63158028489256], [-90.04713549618415, 38.63172534239843], [-90.05287243249526, 38.6318701190574], [-90.05860940998092, 38.63201461486337], [-90.06434642856152, 38.63215882981023], [-90.07008348815737, 38.6323027638919], [-90.07582058868887, 38.63244641710234], [-90.08155773007638, 38.632589789435436], [-90.08729491224024, 38.63273288088516], [-90.09285022458998, 38.63737583907351], [-90.09840625259658, 38.64201855779177], [-90.10396299643912, 38.64666103690741], [-90.10952045629662, 38.651303276287905], [-90.11525927291721, 38.651445053943725], [-90.12081784745767, 38.65608679499798], [-90.1263771383907, 38.66072829595899], [-90.1321167922061, 38.660869275404174], [-90.13767719816866, 38.665510277443985], [-90.14323832090129, 38.67015103903228], [-90.14880016058308, 38.674791560036375], [-90.15436271739304, 38.67943184032358], [-90.1599259915103, 38.6840718797612], [-90.16566767757574, 38.684211283339124], [-90.17140940332797, 38.68435040545039], [-90.17697419182998, 38.68898968543255], [-90.18253969803584, 38.693628724113545], [-90.18828226010154, 38.69376704603371], [-90.19384888257228, 38.69840558378194], [-90.1995918823357, 38.69854336457249], [-90.20533492133491, 38.69868086372641], [-90.2110779994899, 38.698818081237896], [-90.21682111672072, 38.69895501710115], [-90.22256427294727, 38.69909167131035], [-90.22830746808964, 38.699228043859776], [-90.23405070206775, 38.699364134743625], [-90.23962082945226, 38.70400061226774], [-90.24519167522915, 38.70863684734796], [-90.25093574365499, 38.70877213647181], [-90.25650770587707, 38.713407868791336], [-90.2620803868679, 38.71804335830804], [-90.26765378680629, 38.72267860488892], [-90.27322790587108, 38.727313608400934], [-90.27897360415623, 38.72744757424986], [-90.2847193406125, 38.72758125811188], [-90.29046511515969, 38.72771465998137], [-90.29604114694997, 38.73234863831933], [-90.30178735717278, 38.73248149743191], [-90.30753360525517, 38.73261407449003], [-90.31327989111702, 38.732746369488076], [-90.31902621467803, 38.73287838242046], [-90.32460455631471, 38.7375110734335], [-90.33035131489382, 38.737642543240376], [-90.33609811094065, 38.737773730919855], [-90.341844944375, 38.73790463646636], [-90.34759181511657, 38.738035259874366], [-90.35333872308522, 38.73816560113835], [-90.35908566820065, 38.73829566025279], [-90.36466711306467, 38.742926539503976], [-90.37024927800739, 38.74755717394432]]}}, {"type": "Feature", "properties": {"route_run_id": "stl_midamerica_to_st_louis_lambert_2026-01-12_0255", "route_pair": "midamerica_to_st_louis_lambert", "route_pair_label": "MidAmerica to St. Louis Lambert", "origin_label": "MidAmerica St. Louis Airport", "destination_label": "St. Louis Lambert International Airport", "origin_lat": 38.5451731, "origin_lon": -89.8351856, "destination_lat": 38.7486982, "destination_lon": -90.3700257, "traffic_date": "2026-01-12", "traffic_dataset": "January 12th - Monday", "weight_id": "w_0255", "distance_weight": 0.6, "population_weight": 0.0, "traffic_weight": 0.2, "airspace_weight": 0.2, "path_nodes": 96, "path_node_ids": [8877, 8879, 8896, 8900, 8924, 8930, 9788, 10013, 10014, 10036, 10052, 10054, 10061, 10051, 10049, 10048, 10050, 10253, 10252, 10241, 10240, 10249, 10275, 10277, 10293, 10304, 10305, 10306, 10319, 10321, 10320, 10318, 10355, 10358, 10356, 10357, 10336, 10335, 10337, 10334, 2551, 2550, 2552, 2549, 2542, 2541, 2543, 2537, 2563, 2562, 2561, 2840, 2842, 2843, 2845, 2878, 2879, 2884, 2883, 2890, 2891, 2892, 3896, 2796, 2797, 3895, 3890, 3891, 3892, 3889, 2803, 2806, 3915, 3917, 4011, 4010, 4009, 4008, 4019, 4017, 4022, 4029, 4034, 4060, 4064, 5048, 5052, 5076, 5082, 5299, 5304, 5319, 5321, 5357, 5358, 5364], "elapsed_seconds": 0.03683430000091903, "status": "success", "failure_reason": "", "route_distance_km": 71.91350325790738, "distance_cost_sum": 79.1454609274141, "population_cost_sum": 43.11762759908802, "traffic_cost_sum": 29.97318661226534, "airspace_cost_sum": 48.00000000000003, "total_weighted_score": 63.08191387890154}, "geometry": {"type": "LineString", "coordinates": [[-89.83272609742262, 38.54503213945896], [-89.83825778508921, 38.54968628939868], [-89.84379018463301, 38.55434020475587], [-89.84932329623358, 38.558993885398685], [-89.85485712007056, 38.56364733119524], [-89.86039165632353, 38.56830054201366], [-89.86612255057987, 38.568454263192415], [-89.87165819944471, 38.57310698340007], [-89.87719456110594, 38.577759468272795], [-89.88273163574308, 38.582411717678575], [-89.88826942353593, 38.58706373148541], [-89.89380792466403, 38.591715509561276], [-89.89934713930707, 38.59636705177409], [-89.90508047722643, 38.59651895818466], [-89.91081385831642, 38.59667058421835], [-89.91654728249756, 38.596821929868824], [-89.92228074969049, 38.59697299512966], [-89.92801425981584, 38.59712377999449], [-89.93374781279411, 38.597274284457015], [-89.93948140854593, 38.5974245085108], [-89.94521504699188, 38.5975744521496], [-89.95075817398295, 38.60222370805987], [-89.95630201501413, 38.606872727099336], [-89.96184657026487, 38.611521509135784], [-89.96739183991471, 38.61617005403699], [-89.97312711918148, 38.61631869062297], [-89.97867350301271, 38.62096674136646], [-89.98440922407127, 38.621114840379136], [-89.99014498723932, 38.62126265870254], [-89.99588079243732, 38.621410196330416], [-90.00161663958568, 38.62155745325657], [-90.00735252860491, 38.621704429474754], [-90.01290162428964, 38.62635095704363], [-90.01845143503385, 38.63099724652267], [-90.02418816427785, 38.631143427354814], [-90.02992493509446, 38.631289327364605], [-90.03566174740413, 38.6314349465459], [-90.04139860112724, 38.63158028489256], [-90.04713549618415, 38.63172534239843], [-90.05287243249526, 38.6318701190574], [-90.05860940998092, 38.63201461486337], [-90.06434642856152, 38.63215882981023], [-90.07008348815737, 38.6323027638919], [-90.07582058868887, 38.63244641710234], [-90.08155773007638, 38.632589789435436], [-90.08729491224024, 38.63273288088516], [-90.0930321351008, 38.63287569144548], [-90.09858784586112, 38.63751839154712], [-90.10414427229796, 38.64216085208573], [-90.10988233247663, 38.6423028653825], [-90.11562043305292, 38.64244459767609], [-90.12135857394713, 38.64258604896054], [-90.12691691116937, 38.64722749468063], [-90.13265549047176, 38.64736840647394], [-90.13821494197643, 38.652009353518125], [-90.14395395948668, 38.652149725619736], [-90.14951452542148, 38.65679017361872], [-90.15507580784583, 38.66143038105964], [-90.16081566145125, 38.66156995441258], [-90.16655555477524, 38.661709246529334], [-90.17229548773797, 38.66184825740402], [-90.17803546025965, 38.66198698703078], [-90.18377547226044, 38.66212543540375], [-90.18951552366053, 38.66226360251709], [-90.1952556143801, 38.66240148836498], [-90.20099574433928, 38.66253909294154], [-90.20673591345827, 38.66267641624103], [-90.21247612165722, 38.6628134582576], [-90.21821636885625, 38.6629502189855], [-90.22395665497557, 38.66308669841892], [-90.2296969799353, 38.66322289655212], [-90.23543734365559, 38.663358813379354], [-90.24100490985096, 38.667995150218864], [-90.24674570937407, 38.66813052607476], [-90.25231438982323, 38.67276636103712], [-90.25805562494689, 38.67290119572174], [-90.26379689845037, 38.67303574898191], [-90.26953821025378, 38.673170020811966], [-90.27527956027723, 38.67330401120623], [-90.28102094844074, 38.67343772015905], [-90.28659233093768, 38.67807201278429], [-90.29216443101578, 38.68270606246168], [-90.29773724885335, 38.68733986905835], [-90.30331078462868, 38.69197343244128], [-90.30888503852013, 38.69660675247757], [-90.31446001070607, 38.70123982903419], [-90.32003570136486, 38.70587266197814], [-90.32561211067481, 38.710505251176386], [-90.33118923881437, 38.715137596495865], [-90.3367670859619, 38.719769697803464], [-90.34234565229588, 38.724401554966114], [-90.34792493799469, 38.72903316785066], [-90.35350494323681, 38.73366453632395], [-90.35908566820065, 38.73829566025279], [-90.36466711306467, 38.742926539503976], [-90.37024927800739, 38.74755717394432]]}}, {"type": "Feature", "properties": {"route_run_id": "stl_midamerica_to_st_louis_lambert_2026-01-12_0244", "route_pair": "midamerica_to_st_louis_lambert", "route_pair_label": "MidAmerica to St. Louis Lambert", "origin_label": "MidAmerica St. Louis Airport", "destination_label": "St. Louis Lambert International Airport", "origin_lat": 38.5451731, "origin_lon": -89.8351856, "destination_lat": 38.7486982, "destination_lon": -90.3700257, "traffic_date": "2026-01-12", "traffic_dataset": "January 12th - Monday", "weight_id": "w_0244", "distance_weight": 0.5, "population_weight": 0.2, "traffic_weight": 0.1, "airspace_weight": 0.2, "path_nodes": 97, "path_node_ids": [8877, 8879, 8896, 8900, 8924, 8930, 10012, 10015, 10018, 10062, 10055, 10058, 10094, 10096, 10103, 10104, 10110, 10109, 10516, 10515, 10514, 10517, 10522, 10299, 10300, 10301, 10311, 10532, 10533, 10349, 10347, 10348, 10346, 10359, 10358, 10356, 10357, 10336, 10335, 10337, 10334, 2551, 2550, 2552, 2549, 2542, 2541, 2545, 2560, 2564, 2588, 2591, 2868, 2847, 2846, 2845, 2878, 2879, 2884, 2883, 2893, 4095, 4096, 3932, 3933, 3958, 3962, 3974, 3973, 3972, 3971, 3982, 4295, 4299, 4301, 4202, 4215, 4220, 4223, 4255, 4233, 4234, 4242, 4265, 4244, 4243, 5336, 5338, 5341, 5339, 5345, 5324, 5347, 5346, 5357, 5358, 5364], "elapsed_seconds": 0.043037099996581674, "status": "success", "failure_reason": "", "route_distance_km": 72.3010413626021, "distance_cost_sum": 79.5719716734279, "population_cost_sum": 21.951416967409095, "traffic_cost_sum": 32.29251262086083, "airspace_cost_sum": 50.00000000000003, "total_weighted_score": 57.40552049228185}, "geometry": {"type": "LineString", "coordinates": [[-89.83272609742262, 38.54503213945896], [-89.83825778508921, 38.54968628939868], [-89.84379018463301, 38.55434020475587], [-89.84932329623358, 38.558993885398685], [-89.85485712007056, 38.56364733119524], [-89.86039165632353, 38.56830054201366], [-89.86592690517212, 38.57295351772198], [-89.871462866796, 38.577606258188254], [-89.87126749054252, 38.58210552867199], [-89.8768044781077, 38.58675805398646], [-89.88234217896623, 38.591410343755804], [-89.8878805932977, 38.59606239784802], [-89.89341972128202, 38.600714216131045], [-89.89895956309883, 38.60536579847276], [-89.90450011892796, 38.61001714474108], [-89.91004138894921, 38.614668254803874], [-89.9155833733424, 38.61931912852895], [-89.92131862594731, 38.619470314708934], [-89.9268617252078, 38.624120695492145], [-89.93259742104341, 38.62427134452904], [-89.93833315971467, 38.6244217128885], [-89.94406894114202, 38.62457180056415], [-89.94980476524591, 38.62472160754967], [-89.95554063194687, 38.62487113383877], [-89.96127654116528, 38.62502037942509], [-89.96701249282155, 38.625169344302385], [-89.97255910725055, 38.62981769100349], [-89.9782955010475, 38.62996611819141], [-89.98403193705393, 38.63011426460664], [-89.9897684151902, 38.630262130242976], [-89.99550493537676, 38.630409715094125], [-90.001241497534, 38.63055701915386], [-90.00697810158232, 38.630704042416006], [-90.01271474744215, 38.63085078487433], [-90.01845143503385, 38.63099724652267], [-90.02418816427785, 38.631143427354814], [-90.02992493509446, 38.631289327364605], [-90.03566174740413, 38.6314349465459], [-90.04139860112724, 38.63158028489256], [-90.04713549618415, 38.63172534239843], [-90.05287243249526, 38.6318701190574], [-90.05860940998092, 38.63201461486337], [-90.06434642856152, 38.63215882981023], [-90.07008348815737, 38.6323027638919], [-90.07582058868887, 38.63244641710234], [-90.08155773007638, 38.632589789435436], [-90.08729491224024, 38.63273288088516], [-90.09285022458998, 38.63737583907351], [-90.09840625259658, 38.64201855779177], [-90.10396299643912, 38.64666103690741], [-90.10952045629662, 38.651303276287905], [-90.11525927291721, 38.651445053943725], [-90.12099812987523, 38.65158655050062], [-90.12673702709097, 38.65172776595263], [-90.13247596448461, 38.65186870029378], [-90.13821494197643, 38.652009353518125], [-90.14395395948668, 38.652149725619736], [-90.14951452542148, 38.65679017361872], [-90.15507580784583, 38.66143038105964], [-90.16081566145125, 38.66156995441258], [-90.16637805865126, 38.66620966221335], [-90.17194117271791, 38.67084912909773], [-90.17750500383, 38.67548835493302], [-90.18306955216653, 38.68012733958649], [-90.18863481790633, 38.68476608292537], [-90.19420080122836, 38.68940458481685], [-90.19976750231159, 38.694042845128145], [-90.20533492133491, 38.69868086372641], [-90.2110779994899, 38.698818081237896], [-90.21682111672072, 38.69895501710115], [-90.22256427294727, 38.69909167131035], [-90.22830746808964, 38.699228043859776], [-90.23405070206775, 38.699364134743625], [-90.23962082945226, 38.70400061226774], [-90.24519167522915, 38.70863684734796], [-90.25093574365499, 38.70877213647181], [-90.25650770587707, 38.713407868791336], [-90.2620803868679, 38.71804335830804], [-90.26765378680629, 38.72267860488892], [-90.27322790587108, 38.727313608400934], [-90.27897360415623, 38.72744757424986], [-90.2847193406125, 38.72758125811188], [-90.29046511515969, 38.72771465998137], [-90.29604114694997, 38.73234863831933], [-90.30178735717278, 38.73248149743191], [-90.30753360525517, 38.73261407449003], [-90.31327989111702, 38.732746369488076], [-90.31902621467803, 38.73287838242046], [-90.32460455631471, 38.7375110734335], [-90.33035131489382, 38.737642543240376], [-90.33609811094065, 38.737773730919855], [-90.341844944375, 38.73790463646636], [-90.34759181511657, 38.738035259874366], [-90.35333872308522, 38.73816560113835], [-90.35908566820065, 38.73829566025279], [-90.36466711306467, 38.742926539503976], [-90.37024927800739, 38.74755717394432]]}}, {"type": "Feature", "properties": {"route_run_id": "stl_midamerica_to_st_louis_lambert_2026-01-12_0086", "route_pair": "midamerica_to_st_louis_lambert", "route_pair_label": "MidAmerica to St. Louis Lambert", "origin_label": "MidAmerica St. Louis Airport", "destination_label": "St. Louis Lambert International Airport", "origin_lat": 38.5451731, "origin_lon": -89.8351856, "destination_lat": 38.7486982, "destination_lon": -90.3700257, "traffic_date": "2026-01-12", "traffic_dataset": "January 12th - Monday", "weight_id": "w_0086", "distance_weight": 0.1, "population_weight": 0.2, "traffic_weight": 0.0, "airspace_weight": 0.7, "path_nodes": 97, "path_node_ids": [8877, 8881, 8904, 8922, 8923, 8927, 9145, 10016, 10018, 10062, 10055, 10058, 10094, 10096, 10103, 10104, 10110, 10109, 10516, 10515, 10514, 10517, 10522, 10299, 10300, 10301, 10309, 10308, 10310, 10343, 10345, 10344, 10342, 10355, 10210, 10208, 10209, 10326, 10328, 10322, 10191, 2276, 2518, 2277, 2509, 2287, 2508, 2286, 2298, 2300, 2301, 2307, 2495, 2820, 2823, 2827, 2849, 2848, 2850, 2837, 2861, 2866, 2889, 3896, 3898, 3901, 3927, 3946, 3949, 3953, 3966, 3944, 3977, 3976, 3941, 4043, 4042, 4041, 4040, 4051, 4054, 4186, 4080, 4205, 4207, 4212, 5309, 5313, 5335, 5337, 5320, 5322, 5323, 5346, 5357, 5358, 5364], "elapsed_seconds": 0.05695120000746101, "status": "success", "failure_reason": "", "route_distance_km": 74.42461752704692, "distance_cost_sum": 81.90910457247038, "population_cost_sum": 21.027756995193187, "traffic_cost_sum": 52.959116246139885, "airspace_cost_sum": 47.00000000000003, "total_weighted_score": 45.296461856285696}, "geometry": {"type": "LineString", "coordinates": [[-89.83272609742262, 38.54503213945896], [-89.83252853470323, 38.54953126729425], [-89.83806053424684, 38.55418543772932], [-89.84359324582596, 38.558839373542895], [-89.84912666962028, 38.563493074603095], [-89.85466080580946, 38.568146540778045], [-89.86019565457306, 38.572799771935806], [-89.86573121609086, 38.57745276794444], [-89.87126749054252, 38.58210552867199], [-89.8768044781077, 38.58675805398646], [-89.88234217896623, 38.591410343755804], [-89.8878805932977, 38.59606239784802], [-89.89341972128202, 38.600714216131045], [-89.89895956309883, 38.60536579847276], [-89.90450011892796, 38.61001714474108], [-89.91004138894921, 38.614668254803874], [-89.9155833733424, 38.61931912852895], [-89.92131862594731, 38.619470314708934], [-89.9268617252078, 38.624120695492145], [-89.93259742104341, 38.62427134452904], [-89.93833315971467, 38.6244217128885], [-89.94406894114202, 38.62457180056415], [-89.94980476524591, 38.62472160754967], [-89.95554063194687, 38.62487113383877], [-89.96127654116528, 38.62502037942509], [-89.96701249282155, 38.625169344302385], [-89.97274848683627, 38.62531802846435], [-89.97848452312972, 38.62546643190471], [-89.98422060162243, 38.625614554617215], [-89.98995672223481, 38.62576239659562], [-89.9956928848873, 38.625909957833684], [-90.00142908950032, 38.62605723832518], [-90.00716533599429, 38.6262042380639], [-90.01290162428964, 38.62635095704363], [-90.01882443193752, 38.62199753976251], [-90.0245604460918, 38.62214367381969], [-90.03029650179865, 38.62228952714421], [-90.03603259897847, 38.622435099729884], [-90.04176873755169, 38.622580391570615], [-90.04768956620967, 38.61822542646607], [-90.05360968000618, 38.61387013007287], [-90.0593452273907, 38.61401453341643], [-90.0650808158304, 38.61415865608025], [-90.07081644524574, 38.61430249805824], [-90.07655211555712, 38.614446059344324], [-90.08228782668499, 38.614589339932465], [-90.08802357854981, 38.61473233981663], [-90.09375937107193, 38.61487505899075], [-90.09949520417183, 38.615017497448825], [-90.10505004462816, 38.61965986513943], [-90.11078631613944, 38.61980176485522], [-90.11634226958749, 38.624443634935055], [-90.12189893829279, 38.62908526529191], [-90.12745632243416, 38.63372665579325], [-90.13301442219031, 38.63836780630655], [-90.13857323774008, 38.64300871669927], [-90.14431153910874, 38.643149043887504], [-90.15004988039681, 38.64328909003685], [-90.15578826152439, 38.64342885514139], [-90.16152668241186, 38.64356833919522], [-90.16708780535298, 38.6482079745162], [-90.17264964452228, 38.6528473690797], [-90.17821220009857, 38.65748652275311], [-90.18377547226044, 38.66212543540375], [-90.18933946118675, 38.666764106898924], [-90.19490416705614, 38.67140253710589], [-90.20046959004746, 38.676040725891895], [-90.20603573033937, 38.68067867312418], [-90.21160258811075, 38.68531637866994], [-90.2171701635404, 38.68995384239636], [-90.2229126017605, 38.690090452895454], [-90.22865507887754, 38.69022678182468], [-90.23439759481155, 38.69036282917826], [-90.24014014948251, 38.69049859495047], [-90.24605541323987, 38.68613337677085], [-90.2517976862147, 38.68626855773688], [-90.25753999767723, 38.686403457149304], [-90.26328234754749, 38.686538075002424], [-90.26902473574555, 38.686672411290566], [-90.27459628650614, 38.69130727605424], [-90.2801685552908, 38.695941897935995], [-90.28574154227802, 38.70057627680287], [-90.29131524764634, 38.705210412521886], [-90.29688967157429, 38.70984430496006], [-90.30246481424038, 38.714477953984364], [-90.30804067582325, 38.71911135946174], [-90.31361725650144, 38.72374452125915], [-90.3191945564535, 38.72837743924346], [-90.3247725758581, 38.73301011328159], [-90.330518974577, 38.7331415620659], [-90.33626541075455, 38.733272728767844], [-90.3420118843105, 38.73340361338185], [-90.34775839516463, 38.73353421590239], [-90.35333872308522, 38.73816560113835], [-90.35908566820065, 38.73829566025279], [-90.36466711306467, 38.742926539503976], [-90.37024927800739, 38.74755717394432]]}}, {"type": "Feature", "properties": {"route_run_id": "stl_midamerica_to_st_louis_lambert_2026-01-12_0245", "route_pair": "midamerica_to_st_louis_lambert", "route_pair_label": "MidAmerica to St. Louis Lambert", "origin_label": "MidAmerica St. Louis Airport", "destination_label": "St. Louis Lambert International Airport", "origin_lat": 38.5451731, "origin_lon": -89.8351856, "destination_lat": 38.7486982, "destination_lon": -90.3700257, "traffic_date": "2026-01-12", "traffic_dataset": "January 12th - Monday", "weight_id": "w_0245", "distance_weight": 0.5, "population_weight": 0.2, "traffic_weight": 0.2, "airspace_weight": 0.1, "path_nodes": 97, "path_node_ids": [8877, 8879, 8896, 8900, 8924, 8930, 10012, 10015, 10018, 10062, 10055, 10058, 10094, 10096, 10103, 10104, 10110, 10109, 10516, 10515, 10514, 10517, 10522, 10299, 10300, 10301, 10311, 10532, 10533, 10349, 10347, 10348, 10346, 10359, 10358, 10356, 10357, 10336, 10335, 10337, 10334, 2551, 2550, 2552, 2549, 2542, 2541, 2545, 2560, 2564, 2588, 2591, 2871, 2875, 2874, 2873, 2887, 4091, 4093, 4117, 4102, 4103, 4127, 4129, 3961, 4286, 4285, 3974, 3973, 3972, 3971, 3982, 4295, 4299, 4301, 4202, 4215, 4220, 4223, 4255, 4233, 4234, 4242, 4265, 4244, 4243, 5336, 5338, 5341, 5339, 5345, 5324, 5347, 5346, 5357, 5358, 5364], "elapsed_seconds": 0.04147279998869635, "status": "success", "failure_reason": "", "route_distance_km": 72.30252074882938, "distance_cost_sum": 79.57359983364181, "population_cost_sum": 22.59187976175319, "traffic_cost_sum": 31.58260574195653, "airspace_cost_sum": 50.00000000000003, "total_weighted_score": 55.62169701756285}, "geometry": {"type": "LineString", "coordinates": [[-89.83272609742262, 38.54503213945896], [-89.83825778508921, 38.54968628939868], [-89.84379018463301, 38.55434020475587], [-89.84932329623358, 38.558993885398685], [-89.85485712007056, 38.56364733119524], [-89.86039165632353, 38.56830054201366], [-89.86592690517212, 38.57295351772198], [-89.871462866796, 38.577606258188254], [-89.87126749054252, 38.58210552867199], [-89.8768044781077, 38.58675805398646], [-89.88234217896623, 38.591410343755804], [-89.8878805932977, 38.59606239784802], [-89.89341972128202, 38.600714216131045], [-89.89895956309883, 38.60536579847276], [-89.90450011892796, 38.61001714474108], [-89.91004138894921, 38.614668254803874], [-89.9155833733424, 38.61931912852895], [-89.92131862594731, 38.619470314708934], [-89.9268617252078, 38.624120695492145], [-89.93259742104341, 38.62427134452904], [-89.93833315971467, 38.6244217128885], [-89.94406894114202, 38.62457180056415], [-89.94980476524591, 38.62472160754967], [-89.95554063194687, 38.62487113383877], [-89.96127654116528, 38.62502037942509], [-89.96701249282155, 38.625169344302385], [-89.97255910725055, 38.62981769100349], [-89.9782955010475, 38.62996611819141], [-89.98403193705393, 38.63011426460664], [-89.9897684151902, 38.630262130242976], [-89.99550493537676, 38.630409715094125], [-90.001241497534, 38.63055701915386], [-90.00697810158232, 38.630704042416006], [-90.01271474744215, 38.63085078487433], [-90.01845143503385, 38.63099724652267], [-90.02418816427785, 38.631143427354814], [-90.02992493509446, 38.631289327364605], [-90.03566174740413, 38.6314349465459], [-90.04139860112724, 38.63158028489256], [-90.04713549618415, 38.63172534239843], [-90.05287243249526, 38.6318701190574], [-90.05860940998092, 38.63201461486337], [-90.06434642856152, 38.63215882981023], [-90.07008348815737, 38.6323027638919], [-90.07582058868887, 38.63244641710234], [-90.08155773007638, 38.632589789435436], [-90.08729491224024, 38.63273288088516], [-90.09285022458998, 38.63737583907351], [-90.09840625259658, 38.64201855779177], [-90.10396299643912, 38.64666103690741], [-90.10952045629662, 38.651303276287905], [-90.11525927291721, 38.651445053943725], [-90.12081784745767, 38.65608679499798], [-90.1263771383907, 38.66072829595899], [-90.1321167922061, 38.660869275404174], [-90.13785648613919, 38.66100997364278], [-90.14341729048948, 38.665650716936426], [-90.14897881162928, 38.67029121968557], [-90.15454104973756, 38.67493148175755], [-90.16010400499339, 38.67957150301965], [-90.16566767757574, 38.684211283339124], [-90.17140940332797, 38.68435040545039], [-90.17697419182998, 38.68898968543255], [-90.18253969803584, 38.693628724113545], [-90.18828226010154, 38.69376704603371], [-90.19384888257228, 38.69840558378194], [-90.1995918823357, 38.69854336457249], [-90.20533492133491, 38.69868086372641], [-90.2110779994899, 38.698818081237896], [-90.21682111672072, 38.69895501710115], [-90.22256427294727, 38.69909167131035], [-90.22830746808964, 38.699228043859776], [-90.23405070206775, 38.699364134743625], [-90.23962082945226, 38.70400061226774], [-90.24519167522915, 38.70863684734796], [-90.25093574365499, 38.70877213647181], [-90.25650770587707, 38.713407868791336], [-90.2620803868679, 38.71804335830804], [-90.26765378680629, 38.72267860488892], [-90.27322790587108, 38.727313608400934], [-90.27897360415623, 38.72744757424986], [-90.2847193406125, 38.72758125811188], [-90.29046511515969, 38.72771465998137], [-90.29604114694997, 38.73234863831933], [-90.30178735717278, 38.73248149743191], [-90.30753360525517, 38.73261407449003], [-90.31327989111702, 38.732746369488076], [-90.31902621467803, 38.73287838242046], [-90.32460455631471, 38.7375110734335], [-90.33035131489382, 38.737642543240376], [-90.33609811094065, 38.737773730919855], [-90.341844944375, 38.73790463646636], [-90.34759181511657, 38.738035259874366], [-90.35333872308522, 38.73816560113835], [-90.35908566820065, 38.73829566025279], [-90.36466711306467, 38.742926539503976], [-90.37024927800739, 38.74755717394432]]}}, {"type": "Feature", "properties": {"route_run_id": "stl_midamerica_to_st_louis_lambert_2026-01-12_0273", "route_pair": "midamerica_to_st_louis_lambert", "route_pair_label": "MidAmerica to St. Louis Lambert", "origin_label": "MidAmerica St. Louis Airport", "destination_label": "St. Louis Lambert International Airport", "origin_lat": 38.5451731, "origin_lon": -89.8351856, "destination_lat": 38.7486982, "destination_lon": -90.3700257, "traffic_date": "2026-01-12", "traffic_dataset": "January 12th - Monday", "weight_id": "w_0273", "distance_weight": 0.7, "population_weight": 0.1, "traffic_weight": 0.1, "airspace_weight": 0.1, "path_nodes": 96, "path_node_ids": [8877, 8879, 8896, 8900, 8924, 8930, 10012, 10015, 10019, 10053, 10057, 10060, 10092, 10076, 10080, 10105, 10109, 10516, 10515, 10514, 10517, 10522, 10299, 10300, 10301, 10311, 10532, 10533, 10349, 10347, 10348, 10346, 10359, 10358, 10356, 10357, 10336, 10335, 10337, 10334, 2551, 2550, 2552, 2549, 2542, 2541, 2545, 2560, 2564, 2588, 2591, 2871, 2875, 2874, 2873, 2887, 4091, 4093, 4117, 4102, 4103, 4127, 4129, 3961, 4286, 4285, 3974, 3973, 3972, 3971, 3982, 4295, 4299, 4301, 4202, 4215, 4220, 4223, 4255, 4233, 4234, 4242, 4265, 4244, 4243, 5336, 5338, 5341, 5339, 5345, 5324, 5347, 5346, 5357, 5358, 5364], "elapsed_seconds": 0.02791630002320744, "status": "success", "failure_reason": "", "route_distance_km": 71.92756267089268, "distance_cost_sum": 79.16093422061603, "population_cost_sum": 24.305918390557228, "traffic_cost_sum": 31.58260574195653, "airspace_cost_sum": 50.00000000000003, "total_weighted_score": 66.0015063676826}, "geometry": {"type": "LineString", "coordinates": [[-89.83272609742262, 38.54503213945896], [-89.83825778508921, 38.54968628939868], [-89.84379018463301, 38.55434020475587], [-89.84932329623358, 38.558993885398685], [-89.85485712007056, 38.56364733119524], [-89.86039165632353, 38.56830054201366], [-89.86592690517212, 38.57295351772198], [-89.871462866796, 38.577606258188254], [-89.87699954137483, 38.582258763280514], [-89.88253692908823, 38.586911032866766], [-89.88807503011597, 38.59156306681497], [-89.8936138446377, 38.59621486499309], [-89.89915337283315, 38.600866427269025], [-89.90469361488212, 38.60551775351072], [-89.91023457096428, 38.610168843586045], [-89.91577624125941, 38.61481969736282], [-89.92131862594731, 38.619470314708934], [-89.9268617252078, 38.624120695492145], [-89.93259742104341, 38.62427134452904], [-89.93833315971467, 38.6244217128885], [-89.94406894114202, 38.62457180056415], [-89.94980476524591, 38.62472160754967], [-89.95554063194687, 38.62487113383877], [-89.96127654116528, 38.62502037942509], [-89.96701249282155, 38.625169344302385], [-89.97255910725055, 38.62981769100349], [-89.9782955010475, 38.62996611819141], [-89.98403193705393, 38.63011426460664], [-89.9897684151902, 38.630262130242976], [-89.99550493537676, 38.630409715094125], [-90.001241497534, 38.63055701915386], [-90.00697810158232, 38.630704042416006], [-90.01271474744215, 38.63085078487433], [-90.01845143503385, 38.63099724652267], [-90.02418816427785, 38.631143427354814], [-90.02992493509446, 38.631289327364605], [-90.03566174740413, 38.6314349465459], [-90.04139860112724, 38.63158028489256], [-90.04713549618415, 38.63172534239843], [-90.05287243249526, 38.6318701190574], [-90.05860940998092, 38.63201461486337], [-90.06434642856152, 38.63215882981023], [-90.07008348815737, 38.6323027638919], [-90.07582058868887, 38.63244641710234], [-90.08155773007638, 38.632589789435436], [-90.08729491224024, 38.63273288088516], [-90.09285022458998, 38.63737583907351], [-90.09840625259658, 38.64201855779177], [-90.10396299643912, 38.64666103690741], [-90.10952045629662, 38.651303276287905], [-90.11525927291721, 38.651445053943725], [-90.12081784745767, 38.65608679499798], [-90.1263771383907, 38.66072829595899], [-90.1321167922061, 38.660869275404174], [-90.13785648613919, 38.66100997364278], [-90.14341729048948, 38.665650716936426], [-90.14897881162928, 38.67029121968557], [-90.15454104973756, 38.67493148175755], [-90.16010400499339, 38.67957150301965], [-90.16566767757574, 38.684211283339124], [-90.17140940332797, 38.68435040545039], [-90.17697419182998, 38.68898968543255], [-90.18253969803584, 38.693628724113545], [-90.18828226010154, 38.69376704603371], [-90.19384888257228, 38.69840558378194], [-90.1995918823357, 38.69854336457249], [-90.20533492133491, 38.69868086372641], [-90.2110779994899, 38.698818081237896], [-90.21682111672072, 38.69895501710115], [-90.22256427294727, 38.69909167131035], [-90.22830746808964, 38.699228043859776], [-90.23405070206775, 38.699364134743625], [-90.23962082945226, 38.70400061226774], [-90.24519167522915, 38.70863684734796], [-90.25093574365499, 38.70877213647181], [-90.25650770587707, 38.713407868791336], [-90.2620803868679, 38.71804335830804], [-90.26765378680629, 38.72267860488892], [-90.27322790587108, 38.727313608400934], [-90.27897360415623, 38.72744757424986], [-90.2847193406125, 38.72758125811188], [-90.29046511515969, 38.72771465998137], [-90.29604114694997, 38.73234863831933], [-90.30178735717278, 38.73248149743191], [-90.30753360525517, 38.73261407449003], [-90.31327989111702, 38.732746369488076], [-90.31902621467803, 38.73287838242046], [-90.32460455631471, 38.7375110734335], [-90.33035131489382, 38.737642543240376], [-90.33609811094065, 38.737773730919855], [-90.341844944375, 38.73790463646636], [-90.34759181511657, 38.738035259874366], [-90.35333872308522, 38.73816560113835], [-90.35908566820065, 38.73829566025279], [-90.36466711306467, 38.742926539503976], [-90.37024927800739, 38.74755717394432]]}}, {"type": "Feature", "properties": {"route_run_id": "stl_midamerica_to_st_louis_lambert_2026-01-12_0218", "route_pair": "midamerica_to_st_louis_lambert", "route_pair_label": "MidAmerica to St. Louis Lambert", "origin_label": "MidAmerica St. Louis Airport", "destination_label": "St. Louis Lambert International Airport", "origin_lat": 38.5451731, "origin_lon": -89.8351856, "destination_lat": 38.7486982, "destination_lon": -90.3700257, "traffic_date": "2026-01-12", "traffic_dataset": "January 12th - Monday", "weight_id": "w_0218", "distance_weight": 0.4, "population_weight": 0.2, "traffic_weight": 0.1, "airspace_weight": 0.3, "path_nodes": 97, "path_node_ids": [8877, 8879, 8896, 8900, 8924, 8930, 10012, 10015, 10018, 10062, 10055, 10058, 10094, 10096, 10103, 10104, 10110, 10109, 10516, 10515, 10514, 10517, 10522, 10299, 10300, 10301, 10311, 10532, 10533, 10349, 10347, 10348, 10346, 10359, 10358, 10356, 10357, 10336, 10335, 10337, 10334, 2551, 2550, 2552, 2549, 2542, 2541, 2545, 2560, 2564, 2588, 2591, 2868, 2847, 2846, 2845, 2878, 2879, 2884, 2883, 2893, 4095, 4096, 3932, 3933, 3958, 3962, 3974, 3973, 3972, 3971, 3982, 4295, 4299, 4301, 4202, 4215, 4220, 4223, 4255, 4233, 4234, 4242, 4265, 4244, 4243, 5336, 5338, 5341, 5339, 5345, 5324, 5347, 5346, 5357, 5358, 5364], "elapsed_seconds": 0.05087430001003668, "status": "success", "failure_reason": "", "route_distance_km": 72.3010413626021, "distance_cost_sum": 79.5719716734279, "population_cost_sum": 21.951416967409095, "traffic_cost_sum": 32.29251262086083, "airspace_cost_sum": 50.00000000000003, "total_weighted_score": 54.44832332493907}, "geometry": {"type": "LineString", "coordinates": [[-89.83272609742262, 38.54503213945896], [-89.83825778508921, 38.54968628939868], [-89.84379018463301, 38.55434020475587], [-89.84932329623358, 38.558993885398685], [-89.85485712007056, 38.56364733119524], [-89.86039165632353, 38.56830054201366], [-89.86592690517212, 38.57295351772198], [-89.871462866796, 38.577606258188254], [-89.87126749054252, 38.58210552867199], [-89.8768044781077, 38.58675805398646], [-89.88234217896623, 38.591410343755804], [-89.8878805932977, 38.59606239784802], [-89.89341972128202, 38.600714216131045], [-89.89895956309883, 38.60536579847276], [-89.90450011892796, 38.61001714474108], [-89.91004138894921, 38.614668254803874], [-89.9155833733424, 38.61931912852895], [-89.92131862594731, 38.619470314708934], [-89.9268617252078, 38.624120695492145], [-89.93259742104341, 38.62427134452904], [-89.93833315971467, 38.6244217128885], [-89.94406894114202, 38.62457180056415], [-89.94980476524591, 38.62472160754967], [-89.95554063194687, 38.62487113383877], [-89.96127654116528, 38.62502037942509], [-89.96701249282155, 38.625169344302385], [-89.97255910725055, 38.62981769100349], [-89.9782955010475, 38.62996611819141], [-89.98403193705393, 38.63011426460664], [-89.9897684151902, 38.630262130242976], [-89.99550493537676, 38.630409715094125], [-90.001241497534, 38.63055701915386], [-90.00697810158232, 38.630704042416006], [-90.01271474744215, 38.63085078487433], [-90.01845143503385, 38.63099724652267], [-90.02418816427785, 38.631143427354814], [-90.02992493509446, 38.631289327364605], [-90.03566174740413, 38.6314349465459], [-90.04139860112724, 38.63158028489256], [-90.04713549618415, 38.63172534239843], [-90.05287243249526, 38.6318701190574], [-90.05860940998092, 38.63201461486337], [-90.06434642856152, 38.63215882981023], [-90.07008348815737, 38.6323027638919], [-90.07582058868887, 38.63244641710234], [-90.08155773007638, 38.632589789435436], [-90.08729491224024, 38.63273288088516], [-90.09285022458998, 38.63737583907351], [-90.09840625259658, 38.64201855779177], [-90.10396299643912, 38.64666103690741], [-90.10952045629662, 38.651303276287905], [-90.11525927291721, 38.651445053943725], [-90.12099812987523, 38.65158655050062], [-90.12673702709097, 38.65172776595263], [-90.13247596448461, 38.65186870029378], [-90.13821494197643, 38.652009353518125], [-90.14395395948668, 38.652149725619736], [-90.14951452542148, 38.65679017361872], [-90.15507580784583, 38.66143038105964], [-90.16081566145125, 38.66156995441258], [-90.16637805865126, 38.66620966221335], [-90.17194117271791, 38.67084912909773], [-90.17750500383, 38.67548835493302], [-90.18306955216653, 38.68012733958649], [-90.18863481790633, 38.68476608292537], [-90.19420080122836, 38.68940458481685], [-90.19976750231159, 38.694042845128145], [-90.20533492133491, 38.69868086372641], [-90.2110779994899, 38.698818081237896], [-90.21682111672072, 38.69895501710115], [-90.22256427294727, 38.69909167131035], [-90.22830746808964, 38.699228043859776], [-90.23405070206775, 38.699364134743625], [-90.23962082945226, 38.70400061226774], [-90.24519167522915, 38.70863684734796], [-90.25093574365499, 38.70877213647181], [-90.25650770587707, 38.713407868791336], [-90.2620803868679, 38.71804335830804], [-90.26765378680629, 38.72267860488892], [-90.27322790587108, 38.727313608400934], [-90.27897360415623, 38.72744757424986], [-90.2847193406125, 38.72758125811188], [-90.29046511515969, 38.72771465998137], [-90.29604114694997, 38.73234863831933], [-90.30178735717278, 38.73248149743191], [-90.30753360525517, 38.73261407449003], [-90.31327989111702, 38.732746369488076], [-90.31902621467803, 38.73287838242046], [-90.32460455631471, 38.7375110734335], [-90.33035131489382, 38.737642543240376], [-90.33609811094065, 38.737773730919855], [-90.341844944375, 38.73790463646636], [-90.34759181511657, 38.738035259874366], [-90.35333872308522, 38.73816560113835], [-90.35908566820065, 38.73829566025279], [-90.36466711306467, 38.742926539503976], [-90.37024927800739, 38.74755717394432]]}}, {"type": "Feature", "properties": {"route_run_id": "stl_midamerica_to_st_louis_lambert_2026-01-12_0240", "route_pair": "midamerica_to_st_louis_lambert", "route_pair_label": "MidAmerica to St. Louis Lambert", "origin_label": "MidAmerica St. Louis Airport", "destination_label": "St. Louis Lambert International Airport", "origin_lat": 38.5451731, "origin_lon": -89.8351856, "destination_lat": 38.7486982, "destination_lon": -90.3700257, "traffic_date": "2026-01-12", "traffic_dataset": "January 12th - Monday", "weight_id": "w_0240", "distance_weight": 0.5, "population_weight": 0.1, "traffic_weight": 0.2, "airspace_weight": 0.2, "path_nodes": 96, "path_node_ids": [8877, 8879, 8896, 8900, 8924, 8930, 10012, 10015, 10019, 10053, 10057, 10054, 10061, 10051, 10049, 10048, 10050, 10254, 10256, 10255, 10261, 10280, 10281, 10292, 10293, 10304, 10305, 10306, 10319, 10321, 10320, 10318, 10355, 10358, 10356, 10357, 10336, 10335, 10337, 10334, 2551, 2550, 2552, 2549, 2542, 2541, 2545, 2560, 2564, 2588, 2591, 2871, 2875, 2874, 2877, 4088, 4115, 4119, 4121, 4102, 4103, 4127, 4129, 3961, 4286, 4285, 3974, 3973, 3972, 3971, 3982, 4295, 4299, 4301, 4202, 4215, 4220, 4223, 4255, 4233, 4234, 4242, 4265, 4244, 4243, 5336, 5338, 5341, 5339, 5345, 5324, 5347, 5346, 5357, 5358, 5364], "elapsed_seconds": 0.043998500012094155, "status": "success", "failure_reason": "", "route_distance_km": 71.92543485210625, "distance_cost_sum": 79.15859241843712, "population_cost_sum": 28.034314164019293, "traffic_cost_sum": 29.378278330705577, "airspace_cost_sum": 50.00000000000003, "total_weighted_score": 58.25838329176161}, "geometry": {"type": "LineString", "coordinates": [[-89.83272609742262, 38.54503213945896], [-89.83825778508921, 38.54968628939868], [-89.84379018463301, 38.55434020475587], [-89.84932329623358, 38.558993885398685], [-89.85485712007056, 38.56364733119524], [-89.86039165632353, 38.56830054201366], [-89.86592690517212, 38.57295351772198], [-89.871462866796, 38.577606258188254], [-89.87699954137483, 38.582258763280514], [-89.88253692908823, 38.586911032866766], [-89.88807503011597, 38.59156306681497], [-89.89380792466403, 38.591715509561276], [-89.89934713930707, 38.59636705177409], [-89.90508047722643, 38.59651895818466], [-89.91081385831642, 38.59667058421835], [-89.91654728249756, 38.596821929868824], [-89.92228074969049, 38.59697299512966], [-89.92782227790734, 38.601623276602716], [-89.93355618782985, 38.60177380515354], [-89.93929014053626, 38.6019240532509], [-89.94483318227732, 38.606573585359854], [-89.9503769381968, 38.61122288065171], [-89.9559214084743, 38.61587193899423], [-89.9616566029858, 38.61602113682532], [-89.96739183991471, 38.61617005403699], [-89.97312711918148, 38.61631869062297], [-89.97867350301271, 38.62096674136646], [-89.98440922407127, 38.621114840379136], [-89.99014498723932, 38.62126265870254], [-89.99588079243732, 38.621410196330416], [-90.00161663958568, 38.62155745325657], [-90.00735252860491, 38.621704429474754], [-90.01290162428964, 38.62635095704363], [-90.01845143503385, 38.63099724652267], [-90.02418816427785, 38.631143427354814], [-90.02992493509446, 38.631289327364605], [-90.03566174740413, 38.6314349465459], [-90.04139860112724, 38.63158028489256], [-90.04713549618415, 38.63172534239843], [-90.05287243249526, 38.6318701190574], [-90.05860940998092, 38.63201461486337], [-90.06434642856152, 38.63215882981023], [-90.07008348815737, 38.6323027638919], [-90.07582058868887, 38.63244641710234], [-90.08155773007638, 38.632589789435436], [-90.08729491224024, 38.63273288088516], [-90.09285022458998, 38.63737583907351], [-90.09840625259658, 38.64201855779177], [-90.10396299643912, 38.64666103690741], [-90.10952045629662, 38.651303276287905], [-90.11525927291721, 38.651445053943725], [-90.12081784745767, 38.65608679499798], [-90.1263771383907, 38.66072829595899], [-90.1321167922061, 38.660869275404174], [-90.13767719816866, 38.665510277443985], [-90.14323832090129, 38.67015103903228], [-90.14880016058308, 38.674791560036375], [-90.15436271739304, 38.67943184032358], [-90.1599259915103, 38.6840718797612], [-90.16566767757574, 38.684211283339124], [-90.17140940332797, 38.68435040545039], [-90.17697419182998, 38.68898968543255], [-90.18253969803584, 38.693628724113545], [-90.18828226010154, 38.69376704603371], [-90.19384888257228, 38.69840558378194], [-90.1995918823357, 38.69854336457249], [-90.20533492133491, 38.69868086372641], [-90.2110779994899, 38.698818081237896], [-90.21682111672072, 38.69895501710115], [-90.22256427294727, 38.69909167131035], [-90.22830746808964, 38.699228043859776], [-90.23405070206775, 38.699364134743625], [-90.23962082945226, 38.70400061226774], [-90.24519167522915, 38.70863684734796], [-90.25093574365499, 38.70877213647181], [-90.25650770587707, 38.713407868791336], [-90.2620803868679, 38.71804335830804], [-90.26765378680629, 38.72267860488892], [-90.27322790587108, 38.727313608400934], [-90.27897360415623, 38.72744757424986], [-90.2847193406125, 38.72758125811188], [-90.29046511515969, 38.72771465998137], [-90.29604114694997, 38.73234863831933], [-90.30178735717278, 38.73248149743191], [-90.30753360525517, 38.73261407449003], [-90.31327989111702, 38.732746369488076], [-90.31902621467803, 38.73287838242046], [-90.32460455631471, 38.7375110734335], [-90.33035131489382, 38.737642543240376], [-90.33609811094065, 38.737773730919855], [-90.341844944375, 38.73790463646636], [-90.34759181511657, 38.738035259874366], [-90.35333872308522, 38.73816560113835], [-90.35908566820065, 38.73829566025279], [-90.36466711306467, 38.742926539503976], [-90.37024927800739, 38.74755717394432]]}}, {"type": "Feature", "properties": {"route_run_id": "stl_midamerica_to_st_louis_lambert_2026-01-12_0284", "route_pair": "midamerica_to_st_louis_lambert", "route_pair_label": "MidAmerica to St. Louis Lambert", "origin_label": "MidAmerica St. Louis Airport", "destination_label": "St. Louis Lambert International Airport", "origin_lat": 38.5451731, "origin_lon": -89.8351856, "destination_lat": 38.7486982, "destination_lon": -90.3700257, "traffic_date": "2026-01-12", "traffic_dataset": "January 12th - Monday", "weight_id": "w_0284", "distance_weight": 0.9, "population_weight": 0.0, "traffic_weight": 0.0, "airspace_weight": 0.1, "path_nodes": 96, "path_node_ids": [8877, 8876, 8892, 8897, 8899, 8926, 9788, 10013, 10014, 10036, 10052, 10054, 10061, 10051, 10049, 10048, 10050, 10253, 10252, 10241, 10240, 10248, 10246, 10247, 10245, 10231, 10230, 10262, 10150, 10148, 10149, 10151, 10161, 10159, 10158, 10160, 10166, 10168, 10167, 10169, 2247, 2269, 2268, 2257, 2256, 2254, 2279, 2293, 2296, 2301, 2303, 2491, 2492, 2818, 2496, 2507, 2506, 2828, 2505, 2809, 2811, 2810, 2728, 2730, 2731, 2729, 2715, 2717, 2714, 2716, 2738, 2741, 2745, 2747, 2684, 2687, 3987, 3990, 4016, 4017, 4022, 4029, 4034, 4060, 4064, 5048, 5052, 5076, 5082, 5299, 5304, 5319, 5321, 5357, 5358, 5364], "elapsed_seconds": 0.020189399976516142, "status": "success", "failure_reason": "", "route_distance_km": 71.90057520712594, "distance_cost_sum": 79.13123277148179, "population_cost_sum": 53.29567736851651, "traffic_cost_sum": 39.307370558879065, "airspace_cost_sum": 46.2, "total_weighted_score": 75.83810949433362}, "geometry": {"type": "LineString", "coordinates": [[-89.83272609742262, 38.54503213945896], [-89.83845499191484, 38.54518713674757], [-89.84398707949187, 38.54984103165108], [-89.84951987896733, 38.55449469187918], [-89.85505339052077, 38.559148117300026], [-89.86058761433173, 38.563801307781745], [-89.86612255057987, 38.568454263192415], [-89.87165819944471, 38.57310698340007], [-89.87719456110594, 38.577759468272795], [-89.88273163574308, 38.582411717678575], [-89.88826942353593, 38.58706373148541], [-89.89380792466403, 38.591715509561276], [-89.89934713930707, 38.59636705177409], [-89.90508047722643, 38.59651895818466], [-89.91081385831642, 38.59667058421835], [-89.91654728249756, 38.596821929868824], [-89.92228074969049, 38.59697299512966], [-89.92801425981584, 38.59712377999449], [-89.93374781279411, 38.597274284457015], [-89.93948140854593, 38.5974245085108], [-89.94521504699188, 38.5975744521496], [-89.95094872805251, 38.59772411536704], [-89.95668245164843, 38.59787349815684], [-89.96241621770018, 38.59802260051268], [-89.96815002612831, 38.59817142242828], [-89.9738838768534, 38.59831996389739], [-89.97961776979602, 38.59846822491371], [-89.98535170487666, 38.59861620547102], [-89.99108568201598, 38.59876390556306], [-89.99681970113441, 38.59891132518362], [-90.00255376215256, 38.59905846432648], [-90.00828786499093, 38.59920532298544], [-90.01402200957008, 38.5993519011543], [-90.01975619581054, 38.599498198826886], [-90.02549042363282, 38.599644215997024], [-90.03122469295744, 38.59978995265856], [-90.03695900370492, 38.599935408805365], [-90.0426933557958, 38.60008058443128], [-90.04842774915056, 38.600225479530216], [-90.05416218368977, 38.60037009409603], [-90.05989665933384, 38.60051442812264], [-90.06563117600335, 38.600658481603965], [-90.07136573361876, 38.60080225453393], [-90.07710033210058, 38.60094574690646], [-90.0828349713693, 38.601088958715515], [-90.08856965134538, 38.60123188995506], [-90.0941227455516, 38.605874717602354], [-90.09967655430022, 38.61051730605643], [-90.10523107776994, 38.61515965518486], [-90.11078631613944, 38.61980176485522], [-90.11652262799952, 38.61994338379215], [-90.1220789793104, 38.62458499570804], [-90.12781572923257, 38.62472607564535], [-90.13337319363258, 38.629367189437694], [-90.13911038141684, 38.62950773017495], [-90.14484760917111, 38.62964799001386], [-90.15058487681573, 38.629787968948484], [-90.156322184271, 38.62992766697294], [-90.16205953145733, 38.63006708408134], [-90.16779691829495, 38.630206220267794], [-90.17353434470424, 38.6303450755264], [-90.17927181060547, 38.63048364985134], [-90.185009315919, 38.63062194323676], [-90.1907468605651, 38.6307599556768], [-90.1964844444641, 38.63089768716567], [-90.2022220675363, 38.63103513769752], [-90.20795972970198, 38.63117230726659], [-90.21369743088145, 38.63130919586706], [-90.21943517099498, 38.631445803493165], [-90.22517294996291, 38.63158213013913], [-90.2309107677055, 38.63171817579922], [-90.2364756999938, 38.63635464897752], [-90.2420413482591, 38.64099088040321], [-90.24760771267954, 38.645626869943555], [-90.25317479343335, 38.65026261746583], [-90.25874259069872, 38.654898122837295], [-90.26431110465388, 38.659533385925144], [-90.26988033547711, 38.664168406596616], [-90.27545028334664, 38.66880318471887], [-90.28102094844074, 38.67343772015905], [-90.28659233093768, 38.67807201278429], [-90.29216443101578, 38.68270606246168], [-90.29773724885335, 38.68733986905835], [-90.30331078462868, 38.69197343244128], [-90.30888503852013, 38.69660675247757], [-90.31446001070607, 38.70123982903419], [-90.32003570136486, 38.70587266197814], [-90.32561211067481, 38.710505251176386], [-90.33118923881437, 38.715137596495865], [-90.3367670859619, 38.719769697803464], [-90.34234565229588, 38.724401554966114], [-90.34792493799469, 38.72903316785066], [-90.35350494323681, 38.73366453632395], [-90.35908566820065, 38.73829566025279], [-90.36466711306467, 38.742926539503976], [-90.37024927800739, 38.74755717394432]]}}, {"type": "Feature", "properties": {"route_run_id": "stl_midamerica_to_st_louis_lambert_2026-01-12_0198", "route_pair": "midamerica_to_st_louis_lambert", "route_pair_label": "MidAmerica to St. Louis Lambert", "origin_label": "MidAmerica St. Louis Airport", "destination_label": "St. Louis Lambert International Airport", "origin_lat": 38.5451731, "origin_lon": -89.8351856, "destination_lat": 38.7486982, "destination_lon": -90.3700257, "traffic_date": "2026-01-12", "traffic_dataset": "January 12th - Monday", "weight_id": "w_0198", "distance_weight": 0.3, "population_weight": 0.5, "traffic_weight": 0.0, "airspace_weight": 0.2, "path_nodes": 101, "path_node_ids": [8877, 8881, 8905, 8906, 8933, 8929, 9143, 9146, 9173, 10020, 10063, 10068, 10070, 10095, 10099, 10422, 10101, 10106, 10104, 10110, 10109, 10516, 10515, 10514, 10517, 10522, 10299, 10300, 10301, 10309, 10308, 10533, 10363, 10350, 10351, 10366, 10376, 10374, 10379, 10614, 10407, 10410, 10411, 10408, 2604, 2605, 2606, 2603, 10715, 10714, 10713, 10722, 2597, 10723, 2596, 2876, 2875, 2874, 2873, 2885, 2886, 2884, 2883, 2890, 2891, 2895, 3904, 3925, 3926, 3931, 3951, 3954, 3953, 3966, 3944, 3977, 3976, 3941, 4043, 4066, 4067, 4068, 4185, 4187, 4188, 4076, 4075, 4082, 4084, 5080, 5084, 5310, 5311, 5337, 5320, 5322, 5323, 5346, 5357, 5358, 5364], "elapsed_seconds": 0.04871050000656396, "status": "success", "failure_reason": "", "route_distance_km": 74.86810400551238, "distance_cost_sum": 82.39719012195816, "population_cost_sum": 14.919728223108889, "traffic_cost_sum": 45.432997513902926, "airspace_cost_sum": 52.4, "total_weighted_score": 42.6590211481419}, "geometry": {"type": "LineString", "coordinates": [[-89.83272609742262, 38.54503213945896], [-89.83252853470323, 38.54953126729425], [-89.83233092788802, 38.55403039080605], [-89.83786323937711, 38.55868458173916], [-89.83766590046945, 38.563183721427826], [-89.84319923632499, 38.56783769816219], [-89.84873328471264, 38.57249144006519], [-89.8542680458121, 38.5771449470049], [-89.85980351980317, 38.58179821884939], [-89.86533970686553, 38.58645125546666], [-89.87087660717904, 38.591104056724724], [-89.87641422092351, 38.59575662249155], [-89.88195254827868, 38.600408952635085], [-89.8874915894244, 38.605061047023284], [-89.88729702234833, 38.60956036516477], [-89.89283709113381, 38.614212243778354], [-89.89857181380691, 38.614364528005225], [-89.90430657977188, 38.61451653168253], [-89.91004138894921, 38.614668254803874], [-89.9155833733424, 38.61931912852895], [-89.92131862594731, 38.619470314708934], [-89.9268617252078, 38.624120695492145], [-89.93259742104341, 38.62427134452904], [-89.93833315971467, 38.6244217128885], [-89.94406894114202, 38.62457180056415], [-89.94980476524591, 38.62472160754967], [-89.95554063194687, 38.62487113383877], [-89.96127654116528, 38.62502037942509], [-89.96701249282155, 38.625169344302385], [-89.97274848683627, 38.62531802846435], [-89.97848452312972, 38.62546643190471], [-89.98403193705393, 38.63011426460664], [-89.98958006609531, 38.63476185964426], [-89.99531694389556, 38.63490946811138], [-90.00105386367663, 38.63505679574229], [-90.00660350731387, 38.63970363840778], [-90.01234086854143, 38.63985042783196], [-90.01807827152109, 38.63999693635645], [-90.02362942973669, 38.64464302594129], [-90.0291813036891, 38.64928887709267], [-90.03473389355781, 38.653934489678136], [-90.04028719952224, 38.658579863565194], [-90.04602624200047, 38.65872506038847], [-90.05176532579277, 38.658869976095644], [-90.05750445081951, 38.65901461068064], [-90.06324361700084, 38.65915896413734], [-90.06898282425709, 38.65930303645963], [-90.07472207250845, 38.65944682764147], [-90.08046136167522, 38.65959033767675], [-90.0862006916776, 38.659733566559446], [-90.09194006243584, 38.659876514283475], [-90.09767947387014, 38.66001918084284], [-90.10341892590075, 38.66016156623149], [-90.1091584184479, 38.66030367044341], [-90.11489795143179, 38.66044549347263], [-90.12063752477266, 38.66058703531315], [-90.1263771383907, 38.66072829595899], [-90.1321167922061, 38.660869275404174], [-90.13785648613919, 38.66100997364278], [-90.14359622011, 38.661150390668844], [-90.14933599403881, 38.66129052647644], [-90.15507580784583, 38.66143038105964], [-90.16081566145125, 38.66156995441258], [-90.16655555477524, 38.661709246529334], [-90.17229548773797, 38.66184825740402], [-90.17785868094164, 38.666487447153536], [-90.18342259105025, 38.67112639580074], [-90.1889872182426, 38.67576510321293], [-90.19472838451095, 38.67590305525546], [-90.2002941269196, 38.68054126191918], [-90.20586058678872, 38.68517922698935], [-90.21142776429718, 38.68981695033316], [-90.2171701635404, 38.68995384239636], [-90.2229126017605, 38.690090452895454], [-90.22865507887754, 38.69022678182468], [-90.23439759481155, 38.69036282917826], [-90.24014014948251, 38.69049859495047], [-90.24605541323987, 38.68613337677085], [-90.2517976862147, 38.68626855773688], [-90.25736804511756, 38.69090420272148], [-90.26311075393669, 38.69103884211091], [-90.26868222818311, 38.695673984376505], [-90.27425442059507, 38.700308883813186], [-90.27999796237877, 38.700442721166475], [-90.28557127047641, 38.70507711728869], [-90.29148516021279, 38.700709550716724], [-90.297228816103, 38.700842542902386], [-90.30280331580018, 38.70547615766316], [-90.30837853409372, 38.710109528957155], [-90.31395447116216, 38.71474265665128], [-90.31378588266769, 38.71924359100243], [-90.31936286061908, 38.72387649197406], [-90.32494055786266, 38.72850914903958], [-90.330518974577, 38.7331415620659], [-90.33626541075455, 38.733272728767844], [-90.3420118843105, 38.73340361338185], [-90.34775839516463, 38.73353421590239], [-90.35333872308522, 38.73816560113835], [-90.35908566820065, 38.73829566025279], [-90.36466711306467, 38.742926539503976], [-90.37024927800739, 38.74755717394432]]}}, {"type": "Feature", "properties": {"route_run_id": "stl_midamerica_to_st_louis_lambert_2026-01-12_0214", "route_pair": "midamerica_to_st_louis_lambert", "route_pair_label": "MidAmerica to St. Louis Lambert", "origin_label": "MidAmerica St. Louis Airport", "destination_label": "St. Louis Lambert International Airport", "origin_lat": 38.5451731, "origin_lon": -89.8351856, "destination_lat": 38.7486982, "destination_lon": -90.3700257, "traffic_date": "2026-01-12", "traffic_dataset": "January 12th - Monday", "weight_id": "w_0214", "distance_weight": 0.4, "population_weight": 0.1, "traffic_weight": 0.3, "airspace_weight": 0.2, "path_nodes": 96, "path_node_ids": [8877, 8879, 8896, 8900, 8924, 8930, 10012, 10015, 10019, 10053, 10057, 10054, 10061, 10051, 10049, 10048, 10050, 10254, 10256, 10255, 10261, 10280, 10281, 10292, 10293, 10304, 10305, 10306, 10319, 10321, 10320, 10318, 10355, 10358, 10356, 10357, 10336, 10335, 10337, 10334, 2551, 2550, 2552, 2549, 2542, 2541, 2545, 2560, 2564, 2588, 2591, 2871, 2875, 2874, 2877, 4088, 4115, 4119, 4121, 4102, 4103, 4127, 4129, 3961, 4286, 4285, 3974, 3973, 3972, 3971, 3982, 4295, 4299, 4301, 4202, 4215, 4220, 4223, 4255, 4233, 4234, 4242, 4265, 4244, 4243, 5336, 5338, 5341, 5339, 5345, 5324, 5347, 5346, 5357, 5358, 5364], "elapsed_seconds": 0.049382700002752244, "status": "success", "failure_reason": "", "route_distance_km": 71.92543485210625, "distance_cost_sum": 79.15859241843712, "population_cost_sum": 28.034314164019293, "traffic_cost_sum": 29.378278330705577, "airspace_cost_sum": 50.00000000000003, "total_weighted_score": 53.280351882988455}, "geometry": {"type": "LineString", "coordinates": [[-89.83272609742262, 38.54503213945896], [-89.83825778508921, 38.54968628939868], [-89.84379018463301, 38.55434020475587], [-89.84932329623358, 38.558993885398685], [-89.85485712007056, 38.56364733119524], [-89.86039165632353, 38.56830054201366], [-89.86592690517212, 38.57295351772198], [-89.871462866796, 38.577606258188254], [-89.87699954137483, 38.582258763280514], [-89.88253692908823, 38.586911032866766], [-89.88807503011597, 38.59156306681497], [-89.89380792466403, 38.591715509561276], [-89.89934713930707, 38.59636705177409], [-89.90508047722643, 38.59651895818466], [-89.91081385831642, 38.59667058421835], [-89.91654728249756, 38.596821929868824], [-89.92228074969049, 38.59697299512966], [-89.92782227790734, 38.601623276602716], [-89.93355618782985, 38.60177380515354], [-89.93929014053626, 38.6019240532509], [-89.94483318227732, 38.606573585359854], [-89.9503769381968, 38.61122288065171], [-89.9559214084743, 38.61587193899423], [-89.9616566029858, 38.61602113682532], [-89.96739183991471, 38.61617005403699], [-89.97312711918148, 38.61631869062297], [-89.97867350301271, 38.62096674136646], [-89.98440922407127, 38.621114840379136], [-89.99014498723932, 38.62126265870254], [-89.99588079243732, 38.621410196330416], [-90.00161663958568, 38.62155745325657], [-90.00735252860491, 38.621704429474754], [-90.01290162428964, 38.62635095704363], [-90.01845143503385, 38.63099724652267], [-90.02418816427785, 38.631143427354814], [-90.02992493509446, 38.631289327364605], [-90.03566174740413, 38.6314349465459], [-90.04139860112724, 38.63158028489256], [-90.04713549618415, 38.63172534239843], [-90.05287243249526, 38.6318701190574], [-90.05860940998092, 38.63201461486337], [-90.06434642856152, 38.63215882981023], [-90.07008348815737, 38.6323027638919], [-90.07582058868887, 38.63244641710234], [-90.08155773007638, 38.632589789435436], [-90.08729491224024, 38.63273288088516], [-90.09285022458998, 38.63737583907351], [-90.09840625259658, 38.64201855779177], [-90.10396299643912, 38.64666103690741], [-90.10952045629662, 38.651303276287905], [-90.11525927291721, 38.651445053943725], [-90.12081784745767, 38.65608679499798], [-90.1263771383907, 38.66072829595899], [-90.1321167922061, 38.660869275404174], [-90.13767719816866, 38.665510277443985], [-90.14323832090129, 38.67015103903228], [-90.14880016058308, 38.674791560036375], [-90.15436271739304, 38.67943184032358], [-90.1599259915103, 38.6840718797612], [-90.16566767757574, 38.684211283339124], [-90.17140940332797, 38.68435040545039], [-90.17697419182998, 38.68898968543255], [-90.18253969803584, 38.693628724113545], [-90.18828226010154, 38.69376704603371], [-90.19384888257228, 38.69840558378194], [-90.1995918823357, 38.69854336457249], [-90.20533492133491, 38.69868086372641], [-90.2110779994899, 38.698818081237896], [-90.21682111672072, 38.69895501710115], [-90.22256427294727, 38.69909167131035], [-90.22830746808964, 38.699228043859776], [-90.23405070206775, 38.699364134743625], [-90.23962082945226, 38.70400061226774], [-90.24519167522915, 38.70863684734796], [-90.25093574365499, 38.70877213647181], [-90.25650770587707, 38.713407868791336], [-90.2620803868679, 38.71804335830804], [-90.26765378680629, 38.72267860488892], [-90.27322790587108, 38.727313608400934], [-90.27897360415623, 38.72744757424986], [-90.2847193406125, 38.72758125811188], [-90.29046511515969, 38.72771465998137], [-90.29604114694997, 38.73234863831933], [-90.30178735717278, 38.73248149743191], [-90.30753360525517, 38.73261407449003], [-90.31327989111702, 38.732746369488076], [-90.31902621467803, 38.73287838242046], [-90.32460455631471, 38.7375110734335], [-90.33035131489382, 38.737642543240376], [-90.33609811094065, 38.737773730919855], [-90.341844944375, 38.73790463646636], [-90.34759181511657, 38.738035259874366], [-90.35333872308522, 38.73816560113835], [-90.35908566820065, 38.73829566025279], [-90.36466711306467, 38.742926539503976], [-90.37024927800739, 38.74755717394432]]}}, {"type": "Feature", "properties": {"route_run_id": "stl_midamerica_to_st_louis_lambert_2026-01-12_0229", "route_pair": "midamerica_to_st_louis_lambert", "route_pair_label": "MidAmerica to St. Louis Lambert", "origin_label": "MidAmerica St. Louis Airport", "destination_label": "St. Louis Lambert International Airport", "origin_lat": 38.5451731, "origin_lon": -89.8351856, "destination_lat": 38.7486982, "destination_lon": -90.3700257, "traffic_date": "2026-01-12", "traffic_dataset": "January 12th - Monday", "weight_id": "w_0229", "distance_weight": 0.4, "population_weight": 0.5, "traffic_weight": 0.0, "airspace_weight": 0.1, "path_nodes": 101, "path_node_ids": [8877, 8881, 8905, 8906, 8933, 8929, 9143, 9146, 9173, 10020, 10063, 10068, 10070, 10095, 10099, 10422, 10101, 10106, 10104, 10110, 10109, 10516, 10515, 10514, 10517, 10522, 10299, 10300, 10301, 10309, 10308, 10533, 10363, 10350, 10351, 10366, 10376, 10374, 10379, 10614, 10407, 10410, 10411, 10408, 2604, 2605, 2606, 2603, 10715, 10714, 10713, 10722, 2597, 10723, 2596, 2876, 2875, 2874, 2873, 2885, 2886, 2884, 2883, 2890, 2891, 2895, 3904, 3925, 3926, 3931, 3951, 3954, 3953, 3966, 3944, 3977, 3976, 3941, 4043, 4066, 4067, 4068, 4185, 4187, 4186, 4076, 4075, 4082, 4084, 5080, 5084, 5310, 5311, 5337, 5320, 5322, 5323, 5346, 5357, 5358, 5364], "elapsed_seconds": 0.04223560000536963, "status": "success", "failure_reason": "", "route_distance_km": 74.33442696730225, "distance_cost_sum": 81.80984402891588, "population_cost_sum": 15.331226617704312, "traffic_cost_sum": 45.52017028325674, "airspace_cost_sum": 52.4, "total_weighted_score": 45.62955092041851}, "geometry": {"type": "LineString", "coordinates": [[-89.83272609742262, 38.54503213945896], [-89.83252853470323, 38.54953126729425], [-89.83233092788802, 38.55403039080605], [-89.83786323937711, 38.55868458173916], [-89.83766590046945, 38.563183721427826], [-89.84319923632499, 38.56783769816219], [-89.84873328471264, 38.57249144006519], [-89.8542680458121, 38.5771449470049], [-89.85980351980317, 38.58179821884939], [-89.86533970686553, 38.58645125546666], [-89.87087660717904, 38.591104056724724], [-89.87641422092351, 38.59575662249155], [-89.88195254827868, 38.600408952635085], [-89.8874915894244, 38.605061047023284], [-89.88729702234833, 38.60956036516477], [-89.89283709113381, 38.614212243778354], [-89.89857181380691, 38.614364528005225], [-89.90430657977188, 38.61451653168253], [-89.91004138894921, 38.614668254803874], [-89.9155833733424, 38.61931912852895], [-89.92131862594731, 38.619470314708934], [-89.9268617252078, 38.624120695492145], [-89.93259742104341, 38.62427134452904], [-89.93833315971467, 38.6244217128885], [-89.94406894114202, 38.62457180056415], [-89.94980476524591, 38.62472160754967], [-89.95554063194687, 38.62487113383877], [-89.96127654116528, 38.62502037942509], [-89.96701249282155, 38.625169344302385], [-89.97274848683627, 38.62531802846435], [-89.97848452312972, 38.62546643190471], [-89.98403193705393, 38.63011426460664], [-89.98958006609531, 38.63476185964426], [-89.99531694389556, 38.63490946811138], [-90.00105386367663, 38.63505679574229], [-90.00660350731387, 38.63970363840778], [-90.01234086854143, 38.63985042783196], [-90.01807827152109, 38.63999693635645], [-90.02362942973669, 38.64464302594129], [-90.0291813036891, 38.64928887709267], [-90.03473389355781, 38.653934489678136], [-90.04028719952224, 38.658579863565194], [-90.04602624200047, 38.65872506038847], [-90.05176532579277, 38.658869976095644], [-90.05750445081951, 38.65901461068064], [-90.06324361700084, 38.65915896413734], [-90.06898282425709, 38.65930303645963], [-90.07472207250845, 38.65944682764147], [-90.08046136167522, 38.65959033767675], [-90.0862006916776, 38.659733566559446], [-90.09194006243584, 38.659876514283475], [-90.09767947387014, 38.66001918084284], [-90.10341892590075, 38.66016156623149], [-90.1091584184479, 38.66030367044341], [-90.11489795143179, 38.66044549347263], [-90.12063752477266, 38.66058703531315], [-90.1263771383907, 38.66072829595899], [-90.1321167922061, 38.660869275404174], [-90.13785648613919, 38.66100997364278], [-90.14359622011, 38.661150390668844], [-90.14933599403881, 38.66129052647644], [-90.15507580784583, 38.66143038105964], [-90.16081566145125, 38.66156995441258], [-90.16655555477524, 38.661709246529334], [-90.17229548773797, 38.66184825740402], [-90.17785868094164, 38.666487447153536], [-90.18342259105025, 38.67112639580074], [-90.1889872182426, 38.67576510321293], [-90.19472838451095, 38.67590305525546], [-90.2002941269196, 38.68054126191918], [-90.20586058678872, 38.68517922698935], [-90.21142776429718, 38.68981695033316], [-90.2171701635404, 38.68995384239636], [-90.2229126017605, 38.690090452895454], [-90.22865507887754, 38.69022678182468], [-90.23439759481155, 38.69036282917826], [-90.24014014948251, 38.69049859495047], [-90.24605541323987, 38.68613337677085], [-90.2517976862147, 38.68626855773688], [-90.25736804511756, 38.69090420272148], [-90.26311075393669, 38.69103884211091], [-90.26868222818311, 38.695673984376505], [-90.27425442059507, 38.700308883813186], [-90.27999796237877, 38.700442721166475], [-90.28574154227802, 38.70057627680287], [-90.29148516021279, 38.700709550716724], [-90.297228816103, 38.700842542902386], [-90.30280331580018, 38.70547615766316], [-90.30837853409372, 38.710109528957155], [-90.31395447116216, 38.71474265665128], [-90.31378588266769, 38.71924359100243], [-90.31936286061908, 38.72387649197406], [-90.32494055786266, 38.72850914903958], [-90.330518974577, 38.7331415620659], [-90.33626541075455, 38.733272728767844], [-90.3420118843105, 38.73340361338185], [-90.34775839516463, 38.73353421590239], [-90.35333872308522, 38.73816560113835], [-90.35908566820065, 38.73829566025279], [-90.36466711306467, 38.742926539503976], [-90.37024927800739, 38.74755717394432]]}}, {"type": "Feature", "properties": {"route_run_id": "stl_midamerica_to_st_louis_lambert_2026-01-12_0233", "route_pair": "midamerica_to_st_louis_lambert", "route_pair_label": "MidAmerica to St. Louis Lambert", "origin_label": "MidAmerica St. Louis Airport", "destination_label": "St. Louis Lambert International Airport", "origin_lat": 38.5451731, "origin_lon": -89.8351856, "destination_lat": 38.7486982, "destination_lon": -90.3700257, "traffic_date": "2026-01-12", "traffic_dataset": "January 12th - Monday", "weight_id": "w_0233", "distance_weight": 0.5, "population_weight": 0.0, "traffic_weight": 0.1, "airspace_weight": 0.4, "path_nodes": 96, "path_node_ids": [8877, 8879, 8896, 8900, 8924, 8930, 9788, 10013, 10014, 10036, 10052, 10054, 10061, 10051, 10049, 10048, 10050, 10253, 10252, 10241, 10240, 10248, 10246, 10247, 10251, 10263, 10265, 10264, 10178, 10179, 10177, 10176, 10199, 10198, 10196, 10197, 10185, 10187, 10186, 10184, 2273, 2275, 2274, 2285, 2283, 2284, 2282, 2293, 2296, 2301, 2303, 2491, 2492, 2818, 2496, 2507, 2506, 2828, 2505, 2809, 2811, 2810, 2728, 2730, 2731, 2732, 2755, 2757, 2782, 2780, 2775, 2802, 2805, 3917, 4011, 4010, 4009, 4008, 4019, 4017, 4022, 4029, 4034, 4060, 4064, 5048, 5052, 5076, 5082, 5299, 5304, 5319, 5321, 5357, 5358, 5364], "elapsed_seconds": 0.04802519999793731, "status": "success", "failure_reason": "", "route_distance_km": 71.90426353299135, "distance_cost_sum": 79.13529201261795, "population_cost_sum": 47.43914947171872, "traffic_cost_sum": 34.80234292300875, "airspace_cost_sum": 46.2, "total_weighted_score": 61.52788029860987}, "geometry": {"type": "LineString", "coordinates": [[-89.83272609742262, 38.54503213945896], [-89.83825778508921, 38.54968628939868], [-89.84379018463301, 38.55434020475587], [-89.84932329623358, 38.558993885398685], [-89.85485712007056, 38.56364733119524], [-89.86039165632353, 38.56830054201366], [-89.86612255057987, 38.568454263192415], [-89.87165819944471, 38.57310698340007], [-89.87719456110594, 38.577759468272795], [-89.88273163574308, 38.582411717678575], [-89.88826942353593, 38.58706373148541], [-89.89380792466403, 38.591715509561276], [-89.89934713930707, 38.59636705177409], [-89.90508047722643, 38.59651895818466], [-89.91081385831642, 38.59667058421835], [-89.91654728249756, 38.596821929868824], [-89.92228074969049, 38.59697299512966], [-89.92801425981584, 38.59712377999449], [-89.93374781279411, 38.597274284457015], [-89.93948140854593, 38.5974245085108], [-89.94521504699188, 38.5975744521496], [-89.95094872805251, 38.59772411536704], [-89.95668245164843, 38.59787349815684], [-89.96241621770018, 38.59802260051268], [-89.9679605430459, 38.602671086714345], [-89.97369475078722, 38.60281965195827], [-89.97942900075623, 38.60296793670464], [-89.98516329287352, 38.603115940947184], [-89.99070953011385, 38.6077634195523], [-89.99644426342562, 38.60791088636707], [-90.00217903865732, 38.60805807261457], [-90.0079138557295, 38.60820497828854], [-90.01364871456262, 38.60835160338281], [-90.01938361507719, 38.6084979478912], [-90.0251185571937, 38.60864401180754], [-90.03085354083264, 38.60878979512565], [-90.03658856591449, 38.60893529783942], [-90.04232363235971, 38.609080519942665], [-90.04805874008878, 38.60922546142931], [-90.05379388902215, 38.60937012229323], [-90.05952907908036, 38.60951450252829], [-90.06526431018379, 38.60965860212844], [-90.07099958225297, 38.609802421087586], [-90.07673489520826, 38.60994595939966], [-90.08247024897021, 38.61008921705863], [-90.0882056434592, 38.61023219405841], [-90.09394107859575, 38.61037489039303], [-90.09967655430022, 38.61051730605643], [-90.10523107776994, 38.61515965518486], [-90.11078631613944, 38.61980176485522], [-90.11652262799952, 38.61994338379215], [-90.1220789793104, 38.62458499570804], [-90.12781572923257, 38.62472607564535], [-90.13337319363258, 38.629367189437694], [-90.13911038141684, 38.62950773017495], [-90.14484760917111, 38.62964799001386], [-90.15058487681573, 38.629787968948484], [-90.156322184271, 38.62992766697294], [-90.16205953145733, 38.63006708408134], [-90.16779691829495, 38.630206220267794], [-90.17353434470424, 38.6303450755264], [-90.17927181060547, 38.63048364985134], [-90.185009315919, 38.63062194323676], [-90.1907468605651, 38.6307599556768], [-90.1964844444641, 38.63089768716567], [-90.20204699586435, 38.63553571516044], [-90.2076102631287, 38.640173501959694], [-90.21317424643554, 38.64481104743077], [-90.21873894596322, 38.64944835144101], [-90.22447815711037, 38.64958476537795], [-90.23004397010321, 38.6542215684137], [-90.23561049969246, 38.65885812963025], [-90.24117774605664, 38.663494448894866], [-90.24674570937407, 38.66813052607476], [-90.25231438982323, 38.67276636103712], [-90.25805562494689, 38.67290119572174], [-90.26379689845037, 38.67303574898191], [-90.26953821025378, 38.673170020811966], [-90.27527956027723, 38.67330401120623], [-90.28102094844074, 38.67343772015905], [-90.28659233093768, 38.67807201278429], [-90.29216443101578, 38.68270606246168], [-90.29773724885335, 38.68733986905835], [-90.30331078462868, 38.69197343244128], [-90.30888503852013, 38.69660675247757], [-90.31446001070607, 38.70123982903419], [-90.32003570136486, 38.70587266197814], [-90.32561211067481, 38.710505251176386], [-90.33118923881437, 38.715137596495865], [-90.3367670859619, 38.719769697803464], [-90.34234565229588, 38.724401554966114], [-90.34792493799469, 38.72903316785066], [-90.35350494323681, 38.73366453632395], [-90.35908566820065, 38.73829566025279], [-90.36466711306467, 38.742926539503976], [-90.37024927800739, 38.74755717394432]]}}, {"type": "Feature", "properties": {"route_run_id": "stl_midamerica_to_st_louis_lambert_2026-01-12_0247", "route_pair": "midamerica_to_st_louis_lambert", "route_pair_label": "MidAmerica to St. Louis Lambert", "origin_label": "MidAmerica St. Louis Airport", "destination_label": "St. Louis Lambert International Airport", "origin_lat": 38.5451731, "origin_lon": -89.8351856, "destination_lat": 38.7486982, "destination_lon": -90.3700257, "traffic_date": "2026-01-12", "traffic_dataset": "January 12th - Monday", "weight_id": "w_0247", "distance_weight": 0.5, "population_weight": 0.3, "traffic_weight": 0.0, "airspace_weight": 0.2, "path_nodes": 97, "path_node_ids": [8877, 8881, 8904, 8922, 8923, 8927, 9145, 10016, 10018, 10062, 10055, 10058, 10094, 10096, 10103, 10104, 10110, 10109, 10516, 10515, 10514, 10517, 10522, 10299, 10300, 10301, 10309, 10308, 10533, 10363, 10350, 10351, 10366, 10376, 10374, 10379, 10378, 10391, 10402, 10403, 10390, 2577, 2576, 2598, 2575, 2587, 10714, 10713, 10722, 2597, 10723, 2596, 2876, 2875, 2874, 2873, 2885, 2886, 2884, 2883, 2893, 4095, 4096, 3932, 3933, 3958, 3962, 3967, 3970, 3969, 3968, 3981, 3978, 3983, 4297, 4198, 4199, 4201, 4216, 4229, 4232, 4230, 4242, 4265, 4244, 4243, 5336, 5338, 5335, 5337, 5320, 5322, 5323, 5346, 5357, 5358, 5364], "elapsed_seconds": 0.03991110000060871, "status": "success", "failure_reason": "", "route_distance_km": 72.30341780160983, "distance_cost_sum": 79.57458709823842, "population_cost_sum": 18.490306706808305, "traffic_cost_sum": 42.46350456731732, "airspace_cost_sum": 50.6, "total_weighted_score": 55.45438556116171}, "geometry": {"type": "LineString", "coordinates": [[-89.83272609742262, 38.54503213945896], [-89.83252853470323, 38.54953126729425], [-89.83806053424684, 38.55418543772932], [-89.84359324582596, 38.558839373542895], [-89.84912666962028, 38.563493074603095], [-89.85466080580946, 38.568146540778045], [-89.86019565457306, 38.572799771935806], [-89.86573121609086, 38.57745276794444], [-89.87126749054252, 38.58210552867199], [-89.8768044781077, 38.58675805398646], [-89.88234217896623, 38.591410343755804], [-89.8878805932977, 38.59606239784802], [-89.89341972128202, 38.600714216131045], [-89.89895956309883, 38.60536579847276], [-89.90450011892796, 38.61001714474108], [-89.91004138894921, 38.614668254803874], [-89.9155833733424, 38.61931912852895], [-89.92131862594731, 38.619470314708934], [-89.9268617252078, 38.624120695492145], [-89.93259742104341, 38.62427134452904], [-89.93833315971467, 38.6244217128885], [-89.94406894114202, 38.62457180056415], [-89.94980476524591, 38.62472160754967], [-89.95554063194687, 38.62487113383877], [-89.96127654116528, 38.62502037942509], [-89.96701249282155, 38.625169344302385], [-89.97274848683627, 38.62531802846435], [-89.97848452312972, 38.62546643190471], [-89.98403193705393, 38.63011426460664], [-89.98958006609531, 38.63476185964426], [-89.99531694389556, 38.63490946811138], [-90.00105386367663, 38.63505679574229], [-90.00660350731387, 38.63970363840778], [-90.01234086854143, 38.63985042783196], [-90.01807827152109, 38.63999693635645], [-90.02362942973669, 38.64464302594129], [-90.02936727381517, 38.644788996000585], [-90.0349195472141, 38.64943458949962], [-90.0406578321926, 38.64958002089252], [-90.04639615854494, 38.6497251712652], [-90.0521345261914, 38.64987004061157], [-90.05787293505232, 38.6500146289255], [-90.06361138504795, 38.650158936200874], [-90.06934987609858, 38.6503029624316], [-90.07508840812451, 38.65044670761164], [-90.08064419177347, 38.65509025680674], [-90.0862006916776, 38.659733566559446], [-90.09194006243584, 38.659876514283475], [-90.09767947387014, 38.66001918084284], [-90.10341892590075, 38.66016156623149], [-90.1091584184479, 38.66030367044341], [-90.11489795143179, 38.66044549347263], [-90.12063752477266, 38.66058703531315], [-90.1263771383907, 38.66072829595899], [-90.1321167922061, 38.660869275404174], [-90.13785648613919, 38.66100997364278], [-90.14359622011, 38.661150390668844], [-90.14933599403881, 38.66129052647644], [-90.15507580784583, 38.66143038105964], [-90.16081566145125, 38.66156995441258], [-90.16637805865126, 38.66620966221335], [-90.17194117271791, 38.67084912909773], [-90.17750500383, 38.67548835493302], [-90.18306955216653, 38.68012733958649], [-90.18863481790633, 38.68476608292537], [-90.19420080122836, 38.68940458481685], [-90.19976750231159, 38.694042845128145], [-90.20551018229601, 38.69418032229077], [-90.2112529014267, 38.694317517855914], [-90.2169956596237, 38.69445443181779], [-90.22273845680708, 38.6945910641706], [-90.22848129289677, 38.69472741490856], [-90.23422416781283, 38.694863484025944], [-90.23979397480163, 38.69949994395616], [-90.24536450002277, 38.704136161482424], [-90.25110820919835, 38.70427142896936], [-90.25685195689897, 38.704406414722804], [-90.2624239960298, 38.709041869378396], [-90.26799675378774, 38.71367708117809], [-90.27357023035168, 38.71831204998893], [-90.27914442590036, 38.722946775677876], [-90.28488980273018, 38.72308043816236], [-90.29046511515969, 38.72771465998137], [-90.29604114694997, 38.73234863831933], [-90.30178735717278, 38.73248149743191], [-90.30753360525517, 38.73261407449003], [-90.31327989111702, 38.732746369488076], [-90.31902621467803, 38.73287838242046], [-90.3247725758581, 38.73301011328159], [-90.330518974577, 38.7331415620659], [-90.33626541075455, 38.733272728767844], [-90.3420118843105, 38.73340361338185], [-90.34775839516463, 38.73353421590239], [-90.35333872308522, 38.73816560113835], [-90.35908566820065, 38.73829566025279], [-90.36466711306467, 38.742926539503976], [-90.37024927800739, 38.74755717394432]]}}, {"type": "Feature", "properties": {"route_run_id": "stl_midamerica_to_st_louis_lambert_2026-01-12_0213", "route_pair": "midamerica_to_st_louis_lambert", "route_pair_label": "MidAmerica to St. Louis Lambert", "origin_label": "MidAmerica St. Louis Airport", "destination_label": "St. Louis Lambert International Airport", "origin_lat": 38.5451731, "origin_lon": -89.8351856, "destination_lat": 38.7486982, "destination_lon": -90.3700257, "traffic_date": "2026-01-12", "traffic_dataset": "January 12th - Monday", "weight_id": "w_0213", "distance_weight": 0.4, "population_weight": 0.1, "traffic_weight": 0.2, "airspace_weight": 0.3, "path_nodes": 96, "path_node_ids": [8877, 8879, 8896, 8900, 8924, 8930, 10012, 10015, 10019, 10053, 10057, 10054, 10061, 10051, 10049, 10048, 10050, 10254, 10256, 10255, 10261, 10280, 10281, 10292, 10293, 10304, 10305, 10306, 10319, 10321, 10320, 10318, 10355, 10358, 10356, 10357, 10336, 10335, 10337, 10330, 2548, 2527, 2525, 2526, 2538, 2540, 2539, 2530, 2534, 2559, 2561, 2840, 2842, 2843, 2845, 2878, 2879, 2884, 2883, 2893, 4095, 4096, 3932, 3933, 3958, 3962, 3974, 3973, 3972, 3971, 3982, 4295, 4299, 4301, 4202, 4215, 4220, 4223, 4255, 4233, 4234, 4242, 4265, 4244, 4243, 5336, 5338, 5341, 5339, 5345, 5324, 5347, 5346, 5357, 5358, 5364], "elapsed_seconds": 0.0508564000192564, "status": "success", "failure_reason": "", "route_distance_km": 72.45586163161069, "distance_cost_sum": 79.74236139158202, "population_cost_sum": 27.068904175160895, "traffic_cost_sum": 29.321997340607812, "airspace_cost_sum": 49.4, "total_weighted_score": 55.28823444227047}, "geometry": {"type": "LineString", "coordinates": [[-89.83272609742262, 38.54503213945896], [-89.83825778508921, 38.54968628939868], [-89.84379018463301, 38.55434020475587], [-89.84932329623358, 38.558993885398685], [-89.85485712007056, 38.56364733119524], [-89.86039165632353, 38.56830054201366], [-89.86592690517212, 38.57295351772198], [-89.871462866796, 38.577606258188254], [-89.87699954137483, 38.582258763280514], [-89.88253692908823, 38.586911032866766], [-89.88807503011597, 38.59156306681497], [-89.89380792466403, 38.591715509561276], [-89.89934713930707, 38.59636705177409], [-89.90508047722643, 38.59651895818466], [-89.91081385831642, 38.59667058421835], [-89.91654728249756, 38.596821929868824], [-89.92228074969049, 38.59697299512966], [-89.92782227790734, 38.601623276602716], [-89.93355618782985, 38.60177380515354], [-89.93929014053626, 38.6019240532509], [-89.94483318227732, 38.606573585359854], [-89.9503769381968, 38.61122288065171], [-89.9559214084743, 38.61587193899423], [-89.9616566029858, 38.61602113682532], [-89.96739183991471, 38.61617005403699], [-89.97312711918148, 38.61631869062297], [-89.97867350301271, 38.62096674136646], [-89.98440922407127, 38.621114840379136], [-89.99014498723932, 38.62126265870254], [-89.99588079243732, 38.621410196330416], [-90.00161663958568, 38.62155745325657], [-90.00735252860491, 38.621704429474754], [-90.01290162428964, 38.62635095704363], [-90.01845143503385, 38.63099724652267], [-90.02418816427785, 38.631143427354814], [-90.02992493509446, 38.631289327364605], [-90.03566174740413, 38.6314349465459], [-90.04139860112724, 38.63158028489256], [-90.04713549618415, 38.63172534239843], [-90.0530568061099, 38.627370128132036], [-90.0587934259509, 38.627514600818145], [-90.06453008687686, 38.627658792689985], [-90.07026678880817, 38.62780270374147], [-90.07600353166524, 38.62794633396657], [-90.08174031536842, 38.6280896833592], [-90.08747713983809, 38.62823275191331], [-90.09321400499459, 38.62837553962287], [-90.09895091075838, 38.62851804648185], [-90.10450670259345, 38.633160469873815], [-90.11006320996535, 38.6378026536494], [-90.11562043305292, 38.64244459767609], [-90.12135857394713, 38.64258604896054], [-90.12691691116937, 38.64722749468063], [-90.13265549047176, 38.64736840647394], [-90.13821494197643, 38.652009353518125], [-90.14395395948668, 38.652149725619736], [-90.14951452542148, 38.65679017361872], [-90.15507580784583, 38.66143038105964], [-90.16081566145125, 38.66156995441258], [-90.16637805865126, 38.66620966221335], [-90.17194117271791, 38.67084912909773], [-90.17750500383, 38.67548835493302], [-90.18306955216653, 38.68012733958649], [-90.18863481790633, 38.68476608292537], [-90.19420080122836, 38.68940458481685], [-90.19976750231159, 38.694042845128145], [-90.20533492133491, 38.69868086372641], [-90.2110779994899, 38.698818081237896], [-90.21682111672072, 38.69895501710115], [-90.22256427294727, 38.69909167131035], [-90.22830746808964, 38.699228043859776], [-90.23405070206775, 38.699364134743625], [-90.23962082945226, 38.70400061226774], [-90.24519167522915, 38.70863684734796], [-90.25093574365499, 38.70877213647181], [-90.25650770587707, 38.713407868791336], [-90.2620803868679, 38.71804335830804], [-90.26765378680629, 38.72267860488892], [-90.27322790587108, 38.727313608400934], [-90.27897360415623, 38.72744757424986], [-90.2847193406125, 38.72758125811188], [-90.29046511515969, 38.72771465998137], [-90.29604114694997, 38.73234863831933], [-90.30178735717278, 38.73248149743191], [-90.30753360525517, 38.73261407449003], [-90.31327989111702, 38.732746369488076], [-90.31902621467803, 38.73287838242046], [-90.32460455631471, 38.7375110734335], [-90.33035131489382, 38.737642543240376], [-90.33609811094065, 38.737773730919855], [-90.341844944375, 38.73790463646636], [-90.34759181511657, 38.738035259874366], [-90.35333872308522, 38.73816560113835], [-90.35908566820065, 38.73829566025279], [-90.36466711306467, 38.742926539503976], [-90.37024927800739, 38.74755717394432]]}}, {"type": "Feature", "properties": {"route_run_id": "stl_midamerica_to_st_louis_lambert_2026-01-12_0169", "route_pair": "midamerica_to_st_louis_lambert", "route_pair_label": "MidAmerica to St. Louis Lambert", "origin_label": "MidAmerica St. Louis Airport", "destination_label": "St. Louis Lambert International Airport", "origin_lat": 38.5451731, "origin_lon": -89.8351856, "destination_lat": 38.7486982, "destination_lon": -90.3700257, "traffic_date": "2026-01-12", "traffic_dataset": "January 12th - Monday", "weight_id": "w_0169", "distance_weight": 0.3, "population_weight": 0.0, "traffic_weight": 0.1, "airspace_weight": 0.6, "path_nodes": 96, "path_node_ids": [8877, 8879, 8896, 8900, 8924, 8930, 9788, 10013, 10014, 10036, 10052, 10054, 10061, 10051, 10049, 10048, 10050, 10253, 10252, 10241, 10240, 10248, 10246, 10247, 10251, 10263, 10265, 10264, 10178, 10179, 10177, 10176, 10199, 10198, 10196, 10197, 10185, 10187, 10186, 10184, 2273, 2275, 2274, 2285, 2283, 2284, 2282, 2293, 2296, 2301, 2303, 2491, 2492, 2818, 2496, 2507, 2506, 2828, 2505, 2809, 2811, 2810, 2728, 2730, 2731, 2732, 2755, 2757, 2782, 2780, 2775, 2802, 2805, 3917, 4011, 4010, 4009, 4008, 4019, 4017, 4022, 4029, 4034, 4060, 4064, 5048, 5052, 5076, 5082, 5299, 5304, 5319, 5321, 5357, 5358, 5364], "elapsed_seconds": 0.05732670001452789, "status": "success", "failure_reason": "", "route_distance_km": 71.90426353299135, "distance_cost_sum": 79.13529201261795, "population_cost_sum": 47.43914947171872, "traffic_cost_sum": 34.80234292300875, "airspace_cost_sum": 46.2, "total_weighted_score": 54.94082189608628}, "geometry": {"type": "LineString", "coordinates": [[-89.83272609742262, 38.54503213945896], [-89.83825778508921, 38.54968628939868], [-89.84379018463301, 38.55434020475587], [-89.84932329623358, 38.558993885398685], [-89.85485712007056, 38.56364733119524], [-89.86039165632353, 38.56830054201366], [-89.86612255057987, 38.568454263192415], [-89.87165819944471, 38.57310698340007], [-89.87719456110594, 38.577759468272795], [-89.88273163574308, 38.582411717678575], [-89.88826942353593, 38.58706373148541], [-89.89380792466403, 38.591715509561276], [-89.89934713930707, 38.59636705177409], [-89.90508047722643, 38.59651895818466], [-89.91081385831642, 38.59667058421835], [-89.91654728249756, 38.596821929868824], [-89.92228074969049, 38.59697299512966], [-89.92801425981584, 38.59712377999449], [-89.93374781279411, 38.597274284457015], [-89.93948140854593, 38.5974245085108], [-89.94521504699188, 38.5975744521496], [-89.95094872805251, 38.59772411536704], [-89.95668245164843, 38.59787349815684], [-89.96241621770018, 38.59802260051268], [-89.9679605430459, 38.602671086714345], [-89.97369475078722, 38.60281965195827], [-89.97942900075623, 38.60296793670464], [-89.98516329287352, 38.603115940947184], [-89.99070953011385, 38.6077634195523], [-89.99644426342562, 38.60791088636707], [-90.00217903865732, 38.60805807261457], [-90.0079138557295, 38.60820497828854], [-90.01364871456262, 38.60835160338281], [-90.01938361507719, 38.6084979478912], [-90.0251185571937, 38.60864401180754], [-90.03085354083264, 38.60878979512565], [-90.03658856591449, 38.60893529783942], [-90.04232363235971, 38.609080519942665], [-90.04805874008878, 38.60922546142931], [-90.05379388902215, 38.60937012229323], [-90.05952907908036, 38.60951450252829], [-90.06526431018379, 38.60965860212844], [-90.07099958225297, 38.609802421087586], [-90.07673489520826, 38.60994595939966], [-90.08247024897021, 38.61008921705863], [-90.0882056434592, 38.61023219405841], [-90.09394107859575, 38.61037489039303], [-90.09967655430022, 38.61051730605643], [-90.10523107776994, 38.61515965518486], [-90.11078631613944, 38.61980176485522], [-90.11652262799952, 38.61994338379215], [-90.1220789793104, 38.62458499570804], [-90.12781572923257, 38.62472607564535], [-90.13337319363258, 38.629367189437694], [-90.13911038141684, 38.62950773017495], [-90.14484760917111, 38.62964799001386], [-90.15058487681573, 38.629787968948484], [-90.156322184271, 38.62992766697294], [-90.16205953145733, 38.63006708408134], [-90.16779691829495, 38.630206220267794], [-90.17353434470424, 38.6303450755264], [-90.17927181060547, 38.63048364985134], [-90.185009315919, 38.63062194323676], [-90.1907468605651, 38.6307599556768], [-90.1964844444641, 38.63089768716567], [-90.20204699586435, 38.63553571516044], [-90.2076102631287, 38.640173501959694], [-90.21317424643554, 38.64481104743077], [-90.21873894596322, 38.64944835144101], [-90.22447815711037, 38.64958476537795], [-90.23004397010321, 38.6542215684137], [-90.23561049969246, 38.65885812963025], [-90.24117774605664, 38.663494448894866], [-90.24674570937407, 38.66813052607476], [-90.25231438982323, 38.67276636103712], [-90.25805562494689, 38.67290119572174], [-90.26379689845037, 38.67303574898191], [-90.26953821025378, 38.673170020811966], [-90.27527956027723, 38.67330401120623], [-90.28102094844074, 38.67343772015905], [-90.28659233093768, 38.67807201278429], [-90.29216443101578, 38.68270606246168], [-90.29773724885335, 38.68733986905835], [-90.30331078462868, 38.69197343244128], [-90.30888503852013, 38.69660675247757], [-90.31446001070607, 38.70123982903419], [-90.32003570136486, 38.70587266197814], [-90.32561211067481, 38.710505251176386], [-90.33118923881437, 38.715137596495865], [-90.3367670859619, 38.719769697803464], [-90.34234565229588, 38.724401554966114], [-90.34792493799469, 38.72903316785066], [-90.35350494323681, 38.73366453632395], [-90.35908566820065, 38.73829566025279], [-90.36466711306467, 38.742926539503976], [-90.37024927800739, 38.74755717394432]]}}, {"type": "Feature", "properties": {"route_run_id": "stl_midamerica_to_st_louis_lambert_2026-01-12_0067", "route_pair": "midamerica_to_st_louis_lambert", "route_pair_label": "MidAmerica to St. Louis Lambert", "origin_label": "MidAmerica St. Louis Airport", "destination_label": "St. Louis Lambert International Airport", "origin_lat": 38.5451731, "origin_lon": -89.8351856, "destination_lat": 38.7486982, "destination_lon": -90.3700257, "traffic_date": "2026-01-12", "traffic_dataset": "January 12th - Monday", "weight_id": "w_0067", "distance_weight": 0.1, "population_weight": 0.0, "traffic_weight": 0.0, "airspace_weight": 0.9, "path_nodes": 96, "path_node_ids": [8877, 8876, 8892, 8897, 8899, 8926, 9788, 10013, 10014, 10036, 10052, 10054, 10061, 10051, 10049, 10048, 10050, 10253, 10252, 10241, 10240, 10248, 10246, 10247, 10245, 10231, 10230, 10262, 10150, 10148, 10149, 10151, 10161, 10159, 10158, 10160, 10166, 10168, 10167, 10169, 2247, 2269, 2268, 2257, 2256, 2254, 2279, 2293, 2296, 2301, 2303, 2491, 2492, 2818, 2496, 2507, 2506, 2828, 2505, 2809, 2811, 2810, 2728, 2730, 2731, 2729, 2715, 2717, 2714, 2716, 2738, 2741, 2745, 2747, 2684, 2687, 3987, 3990, 4016, 4017, 4022, 4029, 4034, 4060, 4064, 5048, 5052, 5076, 5082, 5299, 5304, 5319, 5321, 5357, 5358, 5364], "elapsed_seconds": 0.05653370000072755, "status": "success", "failure_reason": "", "route_distance_km": 71.90057520712594, "distance_cost_sum": 79.13123277148179, "population_cost_sum": 53.29567736851651, "traffic_cost_sum": 39.307370558879065, "airspace_cost_sum": 46.2, "total_weighted_score": 49.49312327714821}, "geometry": {"type": "LineString", "coordinates": [[-89.83272609742262, 38.54503213945896], [-89.83845499191484, 38.54518713674757], [-89.84398707949187, 38.54984103165108], [-89.84951987896733, 38.55449469187918], [-89.85505339052077, 38.559148117300026], [-89.86058761433173, 38.563801307781745], [-89.86612255057987, 38.568454263192415], [-89.87165819944471, 38.57310698340007], [-89.87719456110594, 38.577759468272795], [-89.88273163574308, 38.582411717678575], [-89.88826942353593, 38.58706373148541], [-89.89380792466403, 38.591715509561276], [-89.89934713930707, 38.59636705177409], [-89.90508047722643, 38.59651895818466], [-89.91081385831642, 38.59667058421835], [-89.91654728249756, 38.596821929868824], [-89.92228074969049, 38.59697299512966], [-89.92801425981584, 38.59712377999449], [-89.93374781279411, 38.597274284457015], [-89.93948140854593, 38.5974245085108], [-89.94521504699188, 38.5975744521496], [-89.95094872805251, 38.59772411536704], [-89.95668245164843, 38.59787349815684], [-89.96241621770018, 38.59802260051268], [-89.96815002612831, 38.59817142242828], [-89.9738838768534, 38.59831996389739], [-89.97961776979602, 38.59846822491371], [-89.98535170487666, 38.59861620547102], [-89.99108568201598, 38.59876390556306], [-89.99681970113441, 38.59891132518362], [-90.00255376215256, 38.59905846432648], [-90.00828786499093, 38.59920532298544], [-90.01402200957008, 38.5993519011543], [-90.01975619581054, 38.599498198826886], [-90.02549042363282, 38.599644215997024], [-90.03122469295744, 38.59978995265856], [-90.03695900370492, 38.599935408805365], [-90.0426933557958, 38.60008058443128], [-90.04842774915056, 38.600225479530216], [-90.05416218368977, 38.60037009409603], [-90.05989665933384, 38.60051442812264], [-90.06563117600335, 38.600658481603965], [-90.07136573361876, 38.60080225453393], [-90.07710033210058, 38.60094574690646], [-90.0828349713693, 38.601088958715515], [-90.08856965134538, 38.60123188995506], [-90.0941227455516, 38.605874717602354], [-90.09967655430022, 38.61051730605643], [-90.10523107776994, 38.61515965518486], [-90.11078631613944, 38.61980176485522], [-90.11652262799952, 38.61994338379215], [-90.1220789793104, 38.62458499570804], [-90.12781572923257, 38.62472607564535], [-90.13337319363258, 38.629367189437694], [-90.13911038141684, 38.62950773017495], [-90.14484760917111, 38.62964799001386], [-90.15058487681573, 38.629787968948484], [-90.156322184271, 38.62992766697294], [-90.16205953145733, 38.63006708408134], [-90.16779691829495, 38.630206220267794], [-90.17353434470424, 38.6303450755264], [-90.17927181060547, 38.63048364985134], [-90.185009315919, 38.63062194323676], [-90.1907468605651, 38.6307599556768], [-90.1964844444641, 38.63089768716567], [-90.2022220675363, 38.63103513769752], [-90.20795972970198, 38.63117230726659], [-90.21369743088145, 38.63130919586706], [-90.21943517099498, 38.631445803493165], [-90.22517294996291, 38.63158213013913], [-90.2309107677055, 38.63171817579922], [-90.2364756999938, 38.63635464897752], [-90.2420413482591, 38.64099088040321], [-90.24760771267954, 38.645626869943555], [-90.25317479343335, 38.65026261746583], [-90.25874259069872, 38.654898122837295], [-90.26431110465388, 38.659533385925144], [-90.26988033547711, 38.664168406596616], [-90.27545028334664, 38.66880318471887], [-90.28102094844074, 38.67343772015905], [-90.28659233093768, 38.67807201278429], [-90.29216443101578, 38.68270606246168], [-90.29773724885335, 38.68733986905835], [-90.30331078462868, 38.69197343244128], [-90.30888503852013, 38.69660675247757], [-90.31446001070607, 38.70123982903419], [-90.32003570136486, 38.70587266197814], [-90.32561211067481, 38.710505251176386], [-90.33118923881437, 38.715137596495865], [-90.3367670859619, 38.719769697803464], [-90.34234565229588, 38.724401554966114], [-90.34792493799469, 38.72903316785066], [-90.35350494323681, 38.73366453632395], [-90.35908566820065, 38.73829566025279], [-90.36466711306467, 38.742926539503976], [-90.37024927800739, 38.74755717394432]]}}, {"type": "Feature", "properties": {"route_run_id": "stl_midamerica_to_st_louis_lambert_2026-01-12_0269", "route_pair": "midamerica_to_st_louis_lambert", "route_pair_label": "MidAmerica to St. Louis Lambert", "origin_label": "MidAmerica St. Louis Airport", "destination_label": "St. Louis Lambert International Airport", "origin_lat": 38.5451731, "origin_lon": -89.8351856, "destination_lat": 38.7486982, "destination_lon": -90.3700257, "traffic_date": "2026-01-12", "traffic_dataset": "January 12th - Monday", "weight_id": "w_0269", "distance_weight": 0.7, "population_weight": 0.0, "traffic_weight": 0.1, "airspace_weight": 0.2, "path_nodes": 96, "path_node_ids": [8877, 8879, 8896, 8900, 8924, 8930, 9788, 10013, 10014, 10036, 10052, 10054, 10061, 10051, 10049, 10048, 10050, 10253, 10252, 10241, 10240, 10249, 10275, 10277, 10293, 10304, 10305, 10306, 10319, 10321, 10320, 10318, 10355, 10358, 10356, 10357, 10336, 10335, 10337, 10334, 2551, 2550, 2552, 2549, 2542, 2541, 2543, 2537, 2563, 2562, 2561, 2840, 2842, 2843, 2845, 2878, 2879, 2884, 2883, 2890, 2891, 2892, 3896, 2796, 2797, 3895, 3890, 3891, 3892, 3889, 2803, 2806, 3915, 3917, 4011, 4010, 4009, 4008, 4019, 4017, 4022, 4029, 4034, 4060, 4064, 5048, 5052, 5076, 5082, 5299, 5304, 5319, 5321, 5357, 5358, 5364], "elapsed_seconds": 0.0288392000074964, "status": "success", "failure_reason": "", "route_distance_km": 71.91350325790738, "distance_cost_sum": 79.1454609274141, "population_cost_sum": 43.11762759908802, "traffic_cost_sum": 29.97318661226534, "airspace_cost_sum": 48.00000000000003, "total_weighted_score": 67.99914131041642}, "geometry": {"type": "LineString", "coordinates": [[-89.83272609742262, 38.54503213945896], [-89.83825778508921, 38.54968628939868], [-89.84379018463301, 38.55434020475587], [-89.84932329623358, 38.558993885398685], [-89.85485712007056, 38.56364733119524], [-89.86039165632353, 38.56830054201366], [-89.86612255057987, 38.568454263192415], [-89.87165819944471, 38.57310698340007], [-89.87719456110594, 38.577759468272795], [-89.88273163574308, 38.582411717678575], [-89.88826942353593, 38.58706373148541], [-89.89380792466403, 38.591715509561276], [-89.89934713930707, 38.59636705177409], [-89.90508047722643, 38.59651895818466], [-89.91081385831642, 38.59667058421835], [-89.91654728249756, 38.596821929868824], [-89.92228074969049, 38.59697299512966], [-89.92801425981584, 38.59712377999449], [-89.93374781279411, 38.597274284457015], [-89.93948140854593, 38.5974245085108], [-89.94521504699188, 38.5975744521496], [-89.95075817398295, 38.60222370805987], [-89.95630201501413, 38.606872727099336], [-89.96184657026487, 38.611521509135784], [-89.96739183991471, 38.61617005403699], [-89.97312711918148, 38.61631869062297], [-89.97867350301271, 38.62096674136646], [-89.98440922407127, 38.621114840379136], [-89.99014498723932, 38.62126265870254], [-89.99588079243732, 38.621410196330416], [-90.00161663958568, 38.62155745325657], [-90.00735252860491, 38.621704429474754], [-90.01290162428964, 38.62635095704363], [-90.01845143503385, 38.63099724652267], [-90.02418816427785, 38.631143427354814], [-90.02992493509446, 38.631289327364605], [-90.03566174740413, 38.6314349465459], [-90.04139860112724, 38.63158028489256], [-90.04713549618415, 38.63172534239843], [-90.05287243249526, 38.6318701190574], [-90.05860940998092, 38.63201461486337], [-90.06434642856152, 38.63215882981023], [-90.07008348815737, 38.6323027638919], [-90.07582058868887, 38.63244641710234], [-90.08155773007638, 38.632589789435436], [-90.08729491224024, 38.63273288088516], [-90.0930321351008, 38.63287569144548], [-90.09858784586112, 38.63751839154712], [-90.10414427229796, 38.64216085208573], [-90.10988233247663, 38.6423028653825], [-90.11562043305292, 38.64244459767609], [-90.12135857394713, 38.64258604896054], [-90.12691691116937, 38.64722749468063], [-90.13265549047176, 38.64736840647394], [-90.13821494197643, 38.652009353518125], [-90.14395395948668, 38.652149725619736], [-90.14951452542148, 38.65679017361872], [-90.15507580784583, 38.66143038105964], [-90.16081566145125, 38.66156995441258], [-90.16655555477524, 38.661709246529334], [-90.17229548773797, 38.66184825740402], [-90.17803546025965, 38.66198698703078], [-90.18377547226044, 38.66212543540375], [-90.18951552366053, 38.66226360251709], [-90.1952556143801, 38.66240148836498], [-90.20099574433928, 38.66253909294154], [-90.20673591345827, 38.66267641624103], [-90.21247612165722, 38.6628134582576], [-90.21821636885625, 38.6629502189855], [-90.22395665497557, 38.66308669841892], [-90.2296969799353, 38.66322289655212], [-90.23543734365559, 38.663358813379354], [-90.24100490985096, 38.667995150218864], [-90.24674570937407, 38.66813052607476], [-90.25231438982323, 38.67276636103712], [-90.25805562494689, 38.67290119572174], [-90.26379689845037, 38.67303574898191], [-90.26953821025378, 38.673170020811966], [-90.27527956027723, 38.67330401120623], [-90.28102094844074, 38.67343772015905], [-90.28659233093768, 38.67807201278429], [-90.29216443101578, 38.68270606246168], [-90.29773724885335, 38.68733986905835], [-90.30331078462868, 38.69197343244128], [-90.30888503852013, 38.69660675247757], [-90.31446001070607, 38.70123982903419], [-90.32003570136486, 38.70587266197814], [-90.32561211067481, 38.710505251176386], [-90.33118923881437, 38.715137596495865], [-90.3367670859619, 38.719769697803464], [-90.34234565229588, 38.724401554966114], [-90.34792493799469, 38.72903316785066], [-90.35350494323681, 38.73366453632395], [-90.35908566820065, 38.73829566025279], [-90.36466711306467, 38.742926539503976], [-90.37024927800739, 38.74755717394432]]}}, {"type": "Feature", "properties": {"route_run_id": "stl_midamerica_to_st_louis_lambert_2026-01-12_0225", "route_pair": "midamerica_to_st_louis_lambert", "route_pair_label": "MidAmerica to St. Louis Lambert", "origin_label": "MidAmerica St. Louis Airport", "destination_label": "St. Louis Lambert International Airport", "origin_lat": 38.5451731, "origin_lon": -89.8351856, "destination_lat": 38.7486982, "destination_lon": -90.3700257, "traffic_date": "2026-01-12", "traffic_dataset": "January 12th - Monday", "weight_id": "w_0225", "distance_weight": 0.4, "population_weight": 0.3, "traffic_weight": 0.3, "airspace_weight": 0.0, "path_nodes": 97, "path_node_ids": [8877, 8879, 8896, 8900, 8924, 8930, 10012, 10015, 10018, 10062, 10055, 10058, 10094, 10096, 10103, 10104, 10110, 10109, 10516, 10515, 10514, 10513, 10298, 10295, 10296, 10297, 10309, 10532, 10533, 10349, 10347, 10348, 10346, 10359, 10358, 10356, 10357, 10336, 10335, 10337, 10334, 2551, 2550, 2552, 2549, 2542, 2541, 2545, 2560, 2564, 2588, 2591, 2871, 2875, 2874, 2873, 2887, 4091, 4093, 4117, 4102, 4103, 4127, 4129, 3961, 4286, 4285, 3974, 3973, 3972, 3971, 3982, 4295, 4299, 4301, 4202, 4215, 4220, 4223, 4255, 4233, 4234, 4242, 4265, 4244, 4243, 5336, 5338, 5341, 5339, 5345, 5324, 5347, 5346, 5357, 5358, 5364], "elapsed_seconds": 0.045822099986253306, "status": "success", "failure_reason": "", "route_distance_km": 72.83523482165754, "distance_cost_sum": 80.15988612100702, "population_cost_sum": 22.59187976175319, "traffic_cost_sum": 30.665624663911984, "airspace_cost_sum": 50.00000000000003, "total_weighted_score": 48.04120577610236}, "geometry": {"type": "LineString", "coordinates": [[-89.83272609742262, 38.54503213945896], [-89.83825778508921, 38.54968628939868], [-89.84379018463301, 38.55434020475587], [-89.84932329623358, 38.558993885398685], [-89.85485712007056, 38.56364733119524], [-89.86039165632353, 38.56830054201366], [-89.86592690517212, 38.57295351772198], [-89.871462866796, 38.577606258188254], [-89.87126749054252, 38.58210552867199], [-89.8768044781077, 38.58675805398646], [-89.88234217896623, 38.591410343755804], [-89.8878805932977, 38.59606239784802], [-89.89341972128202, 38.600714216131045], [-89.89895956309883, 38.60536579847276], [-89.90450011892796, 38.61001714474108], [-89.91004138894921, 38.614668254803874], [-89.9155833733424, 38.61931912852895], [-89.92131862594731, 38.619470314708934], [-89.9268617252078, 38.624120695492145], [-89.93259742104341, 38.62427134452904], [-89.93833315971467, 38.6244217128885], [-89.9442600654149, 38.62007225316597], [-89.94999553214618, 38.62022203618278], [-89.95573104146416, 38.620371538547964], [-89.96146659328937, 38.6205207602552], [-89.96720218754218, 38.620669701298226], [-89.97274848683627, 38.62531802846435], [-89.9782955010475, 38.62996611819141], [-89.98403193705393, 38.63011426460664], [-89.9897684151902, 38.630262130242976], [-89.99550493537676, 38.630409715094125], [-90.001241497534, 38.63055701915386], [-90.00697810158232, 38.630704042416006], [-90.01271474744215, 38.63085078487433], [-90.01845143503385, 38.63099724652267], [-90.02418816427785, 38.631143427354814], [-90.02992493509446, 38.631289327364605], [-90.03566174740413, 38.6314349465459], [-90.04139860112724, 38.63158028489256], [-90.04713549618415, 38.63172534239843], [-90.05287243249526, 38.6318701190574], [-90.05860940998092, 38.63201461486337], [-90.06434642856152, 38.63215882981023], [-90.07008348815737, 38.6323027638919], [-90.07582058868887, 38.63244641710234], [-90.08155773007638, 38.632589789435436], [-90.08729491224024, 38.63273288088516], [-90.09285022458998, 38.63737583907351], [-90.09840625259658, 38.64201855779177], [-90.10396299643912, 38.64666103690741], [-90.10952045629662, 38.651303276287905], [-90.11525927291721, 38.651445053943725], [-90.12081784745767, 38.65608679499798], [-90.1263771383907, 38.66072829595899], [-90.1321167922061, 38.660869275404174], [-90.13785648613919, 38.66100997364278], [-90.14341729048948, 38.665650716936426], [-90.14897881162928, 38.67029121968557], [-90.15454104973756, 38.67493148175755], [-90.16010400499339, 38.67957150301965], [-90.16566767757574, 38.684211283339124], [-90.17140940332797, 38.68435040545039], [-90.17697419182998, 38.68898968543255], [-90.18253969803584, 38.693628724113545], [-90.18828226010154, 38.69376704603371], [-90.19384888257228, 38.69840558378194], [-90.1995918823357, 38.69854336457249], [-90.20533492133491, 38.69868086372641], [-90.2110779994899, 38.698818081237896], [-90.21682111672072, 38.69895501710115], [-90.22256427294727, 38.69909167131035], [-90.22830746808964, 38.699228043859776], [-90.23405070206775, 38.699364134743625], [-90.23962082945226, 38.70400061226774], [-90.24519167522915, 38.70863684734796], [-90.25093574365499, 38.70877213647181], [-90.25650770587707, 38.713407868791336], [-90.2620803868679, 38.71804335830804], [-90.26765378680629, 38.72267860488892], [-90.27322790587108, 38.727313608400934], [-90.27897360415623, 38.72744757424986], [-90.2847193406125, 38.72758125811188], [-90.29046511515969, 38.72771465998137], [-90.29604114694997, 38.73234863831933], [-90.30178735717278, 38.73248149743191], [-90.30753360525517, 38.73261407449003], [-90.31327989111702, 38.732746369488076], [-90.31902621467803, 38.73287838242046], [-90.32460455631471, 38.7375110734335], [-90.33035131489382, 38.737642543240376], [-90.33609811094065, 38.737773730919855], [-90.341844944375, 38.73790463646636], [-90.34759181511657, 38.738035259874366], [-90.35333872308522, 38.73816560113835], [-90.35908566820065, 38.73829566025279], [-90.36466711306467, 38.742926539503976], [-90.37024927800739, 38.74755717394432]]}}, {"type": "Feature", "properties": {"route_run_id": "stl_midamerica_to_st_louis_lambert_2026-01-12_0167", "route_pair": "midamerica_to_st_louis_lambert", "route_pair_label": "MidAmerica to St. Louis Lambert", "origin_label": "MidAmerica St. Louis Airport", "destination_label": "St. Louis Lambert International Airport", "origin_lat": 38.5451731, "origin_lon": -89.8351856, "destination_lat": 38.7486982, "destination_lon": -90.3700257, "traffic_date": "2026-01-12", "traffic_dataset": "January 12th - Monday", "weight_id": "w_0167", "distance_weight": 0.25, "population_weight": 0.25, "traffic_weight": 0.25, "airspace_weight": 0.25, "path_nodes": 97, "path_node_ids": [8877, 8879, 8896, 8900, 8924, 8930, 10012, 10015, 10018, 10062, 10055, 10058, 10094, 10096, 10103, 10104, 10110, 10109, 10516, 10515, 10514, 10513, 10298, 10295, 10296, 10297, 10309, 10532, 10533, 10349, 10347, 10348, 10346, 10359, 10358, 10356, 10357, 10336, 10335, 10337, 10330, 2548, 2527, 2525, 2526, 2538, 2540, 2539, 2530, 2534, 2559, 2561, 2840, 2842, 2843, 2845, 2878, 2879, 2884, 2883, 2893, 4095, 4096, 3932, 3933, 3958, 3962, 3974, 3973, 3972, 3971, 3982, 4295, 4299, 4301, 4202, 4215, 4220, 4223, 4255, 4233, 4234, 4242, 4265, 4244, 4243, 5336, 5338, 5341, 5339, 5320, 5322, 5323, 5346, 5357, 5358, 5364], "elapsed_seconds": 0.055441000004066154, "status": "success", "failure_reason": "", "route_distance_km": 73.89962802991411, "distance_cost_sum": 81.33131968020041, "population_cost_sum": 22.581349513335546, "traffic_cost_sum": 29.395244339072736, "airspace_cost_sum": 49.4, "total_weighted_score": 45.67697838315218}, "geometry": {"type": "LineString", "coordinates": [[-89.83272609742262, 38.54503213945896], [-89.83825778508921, 38.54968628939868], [-89.84379018463301, 38.55434020475587], [-89.84932329623358, 38.558993885398685], [-89.85485712007056, 38.56364733119524], [-89.86039165632353, 38.56830054201366], [-89.86592690517212, 38.57295351772198], [-89.871462866796, 38.577606258188254], [-89.87126749054252, 38.58210552867199], [-89.8768044781077, 38.58675805398646], [-89.88234217896623, 38.591410343755804], [-89.8878805932977, 38.59606239784802], [-89.89341972128202, 38.600714216131045], [-89.89895956309883, 38.60536579847276], [-89.90450011892796, 38.61001714474108], [-89.91004138894921, 38.614668254803874], [-89.9155833733424, 38.61931912852895], [-89.92131862594731, 38.619470314708934], [-89.9268617252078, 38.624120695492145], [-89.93259742104341, 38.62427134452904], [-89.93833315971467, 38.6244217128885], [-89.9442600654149, 38.62007225316597], [-89.94999553214618, 38.62022203618278], [-89.95573104146416, 38.620371538547964], [-89.96146659328937, 38.6205207602552], [-89.96720218754218, 38.620669701298226], [-89.97274848683627, 38.62531802846435], [-89.9782955010475, 38.62996611819141], [-89.98403193705393, 38.63011426460664], [-89.9897684151902, 38.630262130242976], [-89.99550493537676, 38.630409715094125], [-90.001241497534, 38.63055701915386], [-90.00697810158232, 38.630704042416006], [-90.01271474744215, 38.63085078487433], [-90.01845143503385, 38.63099724652267], [-90.02418816427785, 38.631143427354814], [-90.02992493509446, 38.631289327364605], [-90.03566174740413, 38.6314349465459], [-90.04139860112724, 38.63158028489256], [-90.04713549618415, 38.63172534239843], [-90.0530568061099, 38.627370128132036], [-90.0587934259509, 38.627514600818145], [-90.06453008687686, 38.627658792689985], [-90.07026678880817, 38.62780270374147], [-90.07600353166524, 38.62794633396657], [-90.08174031536842, 38.6280896833592], [-90.08747713983809, 38.62823275191331], [-90.09321400499459, 38.62837553962287], [-90.09895091075838, 38.62851804648185], [-90.10450670259345, 38.633160469873815], [-90.11006320996535, 38.6378026536494], [-90.11562043305292, 38.64244459767609], [-90.12135857394713, 38.64258604896054], [-90.12691691116937, 38.64722749468063], [-90.13265549047176, 38.64736840647394], [-90.13821494197643, 38.652009353518125], [-90.14395395948668, 38.652149725619736], [-90.14951452542148, 38.65679017361872], [-90.15507580784583, 38.66143038105964], [-90.16081566145125, 38.66156995441258], [-90.16637805865126, 38.66620966221335], [-90.17194117271791, 38.67084912909773], [-90.17750500383, 38.67548835493302], [-90.18306955216653, 38.68012733958649], [-90.18863481790633, 38.68476608292537], [-90.19420080122836, 38.68940458481685], [-90.19976750231159, 38.694042845128145], [-90.20533492133491, 38.69868086372641], [-90.2110779994899, 38.698818081237896], [-90.21682111672072, 38.69895501710115], [-90.22256427294727, 38.69909167131035], [-90.22830746808964, 38.699228043859776], [-90.23405070206775, 38.699364134743625], [-90.23962082945226, 38.70400061226774], [-90.24519167522915, 38.70863684734796], [-90.25093574365499, 38.70877213647181], [-90.25650770587707, 38.713407868791336], [-90.2620803868679, 38.71804335830804], [-90.26765378680629, 38.72267860488892], [-90.27322790587108, 38.727313608400934], [-90.27897360415623, 38.72744757424986], [-90.2847193406125, 38.72758125811188], [-90.29046511515969, 38.72771465998137], [-90.29604114694997, 38.73234863831933], [-90.30178735717278, 38.73248149743191], [-90.30753360525517, 38.73261407449003], [-90.31327989111702, 38.732746369488076], [-90.31902621467803, 38.73287838242046], [-90.32460455631471, 38.7375110734335], [-90.33035131489382, 38.737642543240376], [-90.33626541075455, 38.733272728767844], [-90.3420118843105, 38.73340361338185], [-90.34775839516463, 38.73353421590239], [-90.35333872308522, 38.73816560113835], [-90.35908566820065, 38.73829566025279], [-90.36466711306467, 38.742926539503976], [-90.37024927800739, 38.74755717394432]]}}, {"type": "Feature", "properties": {"route_run_id": "stl_midamerica_to_st_louis_lambert_2026-01-12_0185", "route_pair": "midamerica_to_st_louis_lambert", "route_pair_label": "MidAmerica to St. Louis Lambert", "origin_label": "MidAmerica St. Louis Airport", "destination_label": "St. Louis Lambert International Airport", "origin_lat": 38.5451731, "origin_lon": -89.8351856, "destination_lat": 38.7486982, "destination_lon": -90.3700257, "traffic_date": "2026-01-12", "traffic_dataset": "January 12th - Monday", "weight_id": "w_0185", "distance_weight": 0.3, "population_weight": 0.2, "traffic_weight": 0.2, "airspace_weight": 0.3, "path_nodes": 97, "path_node_ids": [8877, 8879, 8896, 8900, 8924, 8930, 10012, 10015, 10018, 10062, 10055, 10058, 10094, 10096, 10103, 10104, 10110, 10109, 10516, 10515, 10514, 10513, 10298, 10295, 10296, 10297, 10309, 10532, 10533, 10349, 10347, 10348, 10346, 10359, 10358, 10356, 10357, 10336, 10335, 10337, 10330, 2548, 2527, 2525, 2526, 2538, 2540, 2539, 2530, 2534, 2559, 2561, 2840, 2842, 2843, 2845, 2878, 2879, 2884, 2883, 2893, 4095, 4096, 3932, 3933, 3958, 3962, 3974, 3973, 3972, 3971, 3982, 4295, 4299, 4301, 4202, 4215, 4220, 4223, 4255, 4233, 4234, 4242, 4265, 4244, 4243, 5336, 5338, 5341, 5339, 5345, 5324, 5347, 5346, 5357, 5358, 5364], "elapsed_seconds": 0.05310119999921881, "status": "success", "failure_reason": "", "route_distance_km": 73.36585622684159, "distance_cost_sum": 80.74386929229865, "population_cost_sum": 22.581349513335546, "traffic_cost_sum": 30.128678995424544, "airspace_cost_sum": 49.4, "total_weighted_score": 49.58516648944162}, "geometry": {"type": "LineString", "coordinates": [[-89.83272609742262, 38.54503213945896], [-89.83825778508921, 38.54968628939868], [-89.84379018463301, 38.55434020475587], [-89.84932329623358, 38.558993885398685], [-89.85485712007056, 38.56364733119524], [-89.86039165632353, 38.56830054201366], [-89.86592690517212, 38.57295351772198], [-89.871462866796, 38.577606258188254], [-89.87126749054252, 38.58210552867199], [-89.8768044781077, 38.58675805398646], [-89.88234217896623, 38.591410343755804], [-89.8878805932977, 38.59606239784802], [-89.89341972128202, 38.600714216131045], [-89.89895956309883, 38.60536579847276], [-89.90450011892796, 38.61001714474108], [-89.91004138894921, 38.614668254803874], [-89.9155833733424, 38.61931912852895], [-89.92131862594731, 38.619470314708934], [-89.9268617252078, 38.624120695492145], [-89.93259742104341, 38.62427134452904], [-89.93833315971467, 38.6244217128885], [-89.9442600654149, 38.62007225316597], [-89.94999553214618, 38.62022203618278], [-89.95573104146416, 38.620371538547964], [-89.96146659328937, 38.6205207602552], [-89.96720218754218, 38.620669701298226], [-89.97274848683627, 38.62531802846435], [-89.9782955010475, 38.62996611819141], [-89.98403193705393, 38.63011426460664], [-89.9897684151902, 38.630262130242976], [-89.99550493537676, 38.630409715094125], [-90.001241497534, 38.63055701915386], [-90.00697810158232, 38.630704042416006], [-90.01271474744215, 38.63085078487433], [-90.01845143503385, 38.63099724652267], [-90.02418816427785, 38.631143427354814], [-90.02992493509446, 38.631289327364605], [-90.03566174740413, 38.6314349465459], [-90.04139860112724, 38.63158028489256], [-90.04713549618415, 38.63172534239843], [-90.0530568061099, 38.627370128132036], [-90.0587934259509, 38.627514600818145], [-90.06453008687686, 38.627658792689985], [-90.07026678880817, 38.62780270374147], [-90.07600353166524, 38.62794633396657], [-90.08174031536842, 38.6280896833592], [-90.08747713983809, 38.62823275191331], [-90.09321400499459, 38.62837553962287], [-90.09895091075838, 38.62851804648185], [-90.10450670259345, 38.633160469873815], [-90.11006320996535, 38.6378026536494], [-90.11562043305292, 38.64244459767609], [-90.12135857394713, 38.64258604896054], [-90.12691691116937, 38.64722749468063], [-90.13265549047176, 38.64736840647394], [-90.13821494197643, 38.652009353518125], [-90.14395395948668, 38.652149725619736], [-90.14951452542148, 38.65679017361872], [-90.15507580784583, 38.66143038105964], [-90.16081566145125, 38.66156995441258], [-90.16637805865126, 38.66620966221335], [-90.17194117271791, 38.67084912909773], [-90.17750500383, 38.67548835493302], [-90.18306955216653, 38.68012733958649], [-90.18863481790633, 38.68476608292537], [-90.19420080122836, 38.68940458481685], [-90.19976750231159, 38.694042845128145], [-90.20533492133491, 38.69868086372641], [-90.2110779994899, 38.698818081237896], [-90.21682111672072, 38.69895501710115], [-90.22256427294727, 38.69909167131035], [-90.22830746808964, 38.699228043859776], [-90.23405070206775, 38.699364134743625], [-90.23962082945226, 38.70400061226774], [-90.24519167522915, 38.70863684734796], [-90.25093574365499, 38.70877213647181], [-90.25650770587707, 38.713407868791336], [-90.2620803868679, 38.71804335830804], [-90.26765378680629, 38.72267860488892], [-90.27322790587108, 38.727313608400934], [-90.27897360415623, 38.72744757424986], [-90.2847193406125, 38.72758125811188], [-90.29046511515969, 38.72771465998137], [-90.29604114694997, 38.73234863831933], [-90.30178735717278, 38.73248149743191], [-90.30753360525517, 38.73261407449003], [-90.31327989111702, 38.732746369488076], [-90.31902621467803, 38.73287838242046], [-90.32460455631471, 38.7375110734335], [-90.33035131489382, 38.737642543240376], [-90.33609811094065, 38.737773730919855], [-90.341844944375, 38.73790463646636], [-90.34759181511657, 38.738035259874366], [-90.35333872308522, 38.73816560113835], [-90.35908566820065, 38.73829566025279], [-90.36466711306467, 38.742926539503976], [-90.37024927800739, 38.74755717394432]]}}, {"type": "Feature", "properties": {"route_run_id": "stl_midamerica_to_st_louis_lambert_2026-01-12_0264", "route_pair": "midamerica_to_st_louis_lambert", "route_pair_label": "MidAmerica to St. Louis Lambert", "origin_label": "MidAmerica St. Louis Airport", "destination_label": "St. Louis Lambert International Airport", "origin_lat": 38.5451731, "origin_lon": -89.8351856, "destination_lat": 38.7486982, "destination_lon": -90.3700257, "traffic_date": "2026-01-12", "traffic_dataset": "January 12th - Monday", "weight_id": "w_0264", "distance_weight": 0.6, "population_weight": 0.2, "traffic_weight": 0.2, "airspace_weight": 0.0, "path_nodes": 96, "path_node_ids": [8877, 8876, 8868, 8869, 8870, 8867, 9758, 9759, 9761, 9774, 9773, 9775, 9772, 9769, 9771, 9795, 9801, 10007, 10009, 10232, 10238, 10243, 10244, 10242, 10245, 10263, 10266, 10270, 10315, 10321, 10320, 10318, 10355, 10358, 10356, 10357, 10336, 10335, 10337, 10334, 2551, 2550, 2552, 2549, 2542, 2541, 2545, 2560, 2564, 2588, 2591, 2871, 2875, 2874, 2873, 2887, 4091, 4093, 4117, 4102, 4103, 4127, 4129, 3961, 4286, 4285, 3974, 3973, 3972, 3971, 3982, 4295, 4299, 4301, 4202, 4215, 4220, 4223, 4255, 4233, 4234, 4242, 4265, 4244, 4243, 5336, 5338, 5341, 5339, 5345, 5324, 5347, 5346, 5357, 5358, 5364], "elapsed_seconds": 0.03160079999361187, "status": "success", "failure_reason": "", "route_distance_km": 71.92018077297729, "distance_cost_sum": 79.15280996457837, "population_cost_sum": 24.25416441885999, "traffic_cost_sum": 30.47936292714113, "airspace_cost_sum": 54.000000000000036, "total_weighted_score": 58.43839144794725}, "geometry": {"type": "LineString", "coordinates": [[-89.83272609742262, 38.54503213945896], [-89.83845499191484, 38.54518713674757], [-89.84418393041321, 38.54534185422887], [-89.8499129128385, 38.54549629189633], [-89.85564193911159, 38.545650449743434], [-89.86137100915332, 38.54580432776372], [-89.86690469568633, 38.55045720201035], [-89.87243909420232, 38.55510984121015], [-89.87816900708947, 38.55526292871994], [-89.88389896344961, 38.55541573628766], [-89.88962896320348, 38.555568263906835], [-89.89535900627187, 38.555720511571074], [-89.90108909257557, 38.55587247927394], [-89.90662620061389, 38.56052360539423], [-89.91216402109853, 38.56517449573953], [-89.91770255420887, 38.56982515017786], [-89.92324180012413, 38.57447556857721], [-89.92878175902374, 38.57912575080554], [-89.93432243108697, 38.58377569673078], [-89.93986381649326, 38.588425406220864], [-89.945405915422, 38.59307487914367], [-89.95113923958688, 38.593224518410075], [-89.95687260627673, 38.5933738772936], [-89.96260601541215, 38.59352295578797], [-89.96815002612831, 38.59817142242828], [-89.97369475078722, 38.60281965195827], [-89.97924018956823, 38.60746764424572], [-89.98478634265064, 38.61211539915841], [-89.9903332102139, 38.61676291656407], [-89.99588079243732, 38.621410196330416], [-90.00161663958568, 38.62155745325657], [-90.00735252860491, 38.621704429474754], [-90.01290162428964, 38.62635095704363], [-90.01845143503385, 38.63099724652267], [-90.02418816427785, 38.631143427354814], [-90.02992493509446, 38.631289327364605], [-90.03566174740413, 38.6314349465459], [-90.04139860112724, 38.63158028489256], [-90.04713549618415, 38.63172534239843], [-90.05287243249526, 38.6318701190574], [-90.05860940998092, 38.63201461486337], [-90.06434642856152, 38.63215882981023], [-90.07008348815737, 38.6323027638919], [-90.07582058868887, 38.63244641710234], [-90.08155773007638, 38.632589789435436], [-90.08729491224024, 38.63273288088516], [-90.09285022458998, 38.63737583907351], [-90.09840625259658, 38.64201855779177], [-90.10396299643912, 38.64666103690741], [-90.10952045629662, 38.651303276287905], [-90.11525927291721, 38.651445053943725], [-90.12081784745767, 38.65608679499798], [-90.1263771383907, 38.66072829595899], [-90.1321167922061, 38.660869275404174], [-90.13785648613919, 38.66100997364278], [-90.14341729048948, 38.665650716936426], [-90.14897881162928, 38.67029121968557], [-90.15454104973756, 38.67493148175755], [-90.16010400499339, 38.67957150301965], [-90.16566767757574, 38.684211283339124], [-90.17140940332797, 38.68435040545039], [-90.17697419182998, 38.68898968543255], [-90.18253969803584, 38.693628724113545], [-90.18828226010154, 38.69376704603371], [-90.19384888257228, 38.69840558378194], [-90.1995918823357, 38.69854336457249], [-90.20533492133491, 38.69868086372641], [-90.2110779994899, 38.698818081237896], [-90.21682111672072, 38.69895501710115], [-90.22256427294727, 38.69909167131035], [-90.22830746808964, 38.699228043859776], [-90.23405070206775, 38.699364134743625], [-90.23962082945226, 38.70400061226774], [-90.24519167522915, 38.70863684734796], [-90.25093574365499, 38.70877213647181], [-90.25650770587707, 38.713407868791336], [-90.2620803868679, 38.71804335830804], [-90.26765378680629, 38.72267860488892], [-90.27322790587108, 38.727313608400934], [-90.27897360415623, 38.72744757424986], [-90.2847193406125, 38.72758125811188], [-90.29046511515969, 38.72771465998137], [-90.29604114694997, 38.73234863831933], [-90.30178735717278, 38.73248149743191], [-90.30753360525517, 38.73261407449003], [-90.31327989111702, 38.732746369488076], [-90.31902621467803, 38.73287838242046], [-90.32460455631471, 38.7375110734335], [-90.33035131489382, 38.737642543240376], [-90.33609811094065, 38.737773730919855], [-90.341844944375, 38.73790463646636], [-90.34759181511657, 38.738035259874366], [-90.35333872308522, 38.73816560113835], [-90.35908566820065, 38.73829566025279], [-90.36466711306467, 38.742926539503976], [-90.37024927800739, 38.74755717394432]]}}, {"type": "Feature", "properties": {"route_run_id": "stl_midamerica_to_st_louis_lambert_2026-01-12_0173", "route_pair": "midamerica_to_st_louis_lambert", "route_pair_label": "MidAmerica to St. Louis Lambert", "origin_label": "MidAmerica St. Louis Airport", "destination_label": "St. Louis Lambert International Airport", "origin_lat": 38.5451731, "origin_lon": -89.8351856, "destination_lat": 38.7486982, "destination_lon": -90.3700257, "traffic_date": "2026-01-12", "traffic_dataset": "January 12th - Monday", "weight_id": "w_0173", "distance_weight": 0.3, "population_weight": 0.0, "traffic_weight": 0.5, "airspace_weight": 0.2, "path_nodes": 96, "path_node_ids": [8877, 8879, 8896, 8900, 8924, 8930, 9788, 10013, 10014, 10036, 10052, 10054, 10061, 10051, 10049, 10048, 10050, 10253, 10252, 10241, 10240, 10249, 10275, 10277, 10293, 10304, 10305, 10310, 10319, 10321, 10320, 10318, 10355, 10358, 10356, 10357, 10336, 10335, 10337, 10330, 2551, 2550, 2552, 2549, 2544, 2578, 2582, 2590, 2595, 10723, 10724, 2903, 2906, 4109, 4112, 4145, 4150, 4152, 4158, 4183, 4405, 4184, 4407, 4338, 4340, 4343, 4357, 4356, 4334, 4332, 4324, 4323, 4318, 4304, 4217, 4215, 4204, 4216, 4226, 4191, 4188, 4080, 4075, 4077, 4078, 5048, 5052, 5076, 5082, 5299, 5304, 5319, 5321, 5357, 5358, 5364], "elapsed_seconds": 0.053476300003239885, "status": "success", "failure_reason": "", "route_distance_km": 76.19472508741862, "distance_cost_sum": 83.85722241418206, "population_cost_sum": 36.906524045410926, "traffic_cost_sum": 23.87221399502132, "airspace_cost_sum": 50.4, "total_weighted_score": 47.173273721765284}, "geometry": {"type": "LineString", "coordinates": [[-89.83272609742262, 38.54503213945896], [-89.83825778508921, 38.54968628939868], [-89.84379018463301, 38.55434020475587], [-89.84932329623358, 38.558993885398685], [-89.85485712007056, 38.56364733119524], [-89.86039165632353, 38.56830054201366], [-89.86612255057987, 38.568454263192415], [-89.87165819944471, 38.57310698340007], [-89.87719456110594, 38.577759468272795], [-89.88273163574308, 38.582411717678575], [-89.88826942353593, 38.58706373148541], [-89.89380792466403, 38.591715509561276], [-89.89934713930707, 38.59636705177409], [-89.90508047722643, 38.59651895818466], [-89.91081385831642, 38.59667058421835], [-89.91654728249756, 38.596821929868824], [-89.92228074969049, 38.59697299512966], [-89.92801425981584, 38.59712377999449], [-89.93374781279411, 38.597274284457015], [-89.93948140854593, 38.5974245085108], [-89.94521504699188, 38.5975744521496], [-89.95075817398295, 38.60222370805987], [-89.95630201501413, 38.606872727099336], [-89.96184657026487, 38.611521509135784], [-89.96739183991471, 38.61617005403699], [-89.97312711918148, 38.61631869062297], [-89.97867350301271, 38.62096674136646], [-89.98422060162243, 38.625614554617215], [-89.99014498723932, 38.62126265870254], [-89.99588079243732, 38.621410196330416], [-90.00161663958568, 38.62155745325657], [-90.00735252860491, 38.621704429474754], [-90.01290162428964, 38.62635095704363], [-90.01845143503385, 38.63099724652267], [-90.02418816427785, 38.631143427354814], [-90.02992493509446, 38.631289327364605], [-90.03566174740413, 38.6314349465459], [-90.04139860112724, 38.63158028489256], [-90.04713549618415, 38.63172534239843], [-90.0530568061099, 38.627370128132036], [-90.05860940998092, 38.63201461486337], [-90.06434642856152, 38.63215882981023], [-90.07008348815737, 38.6323027638919], [-90.07582058868887, 38.63244641710234], [-90.08137510400799, 38.63708989131143], [-90.08693033494461, 38.641733126236325], [-90.09248628167781, 38.64637612174451], [-90.09804294438668, 38.65101887770345], [-90.10360032325033, 38.65566139398061], [-90.1091584184479, 38.66030367044341], [-90.11471723015849, 38.664945706959266], [-90.12027675856129, 38.66958750339557], [-90.12583700383547, 38.67422905961967], [-90.13139796616022, 38.67887037549889], [-90.13695964571467, 38.683511450900546], [-90.14252204267808, 38.68815228569193], [-90.14808515722972, 38.692792879740324], [-90.15364898954873, 38.69743323291292], [-90.15921353981443, 38.70207334507697], [-90.16477880820605, 38.70671321609967], [-90.1703447949029, 38.71135284584817], [-90.1760887143045, 38.71149181979163], [-90.18183267329057, 38.71163051198691], [-90.18740017616385, 38.71626938114536], [-90.19296839773925, 38.72090800857769], [-90.19853733819606, 38.72554639415102], [-90.20428253296463, 38.72568402530979], [-90.21002776694598, 38.72582137455621], [-90.21594781707967, 38.72145788143606], [-90.22169276972275, 38.72159464496781], [-90.22743776132886, 38.72173112661485], [-90.23318279181784, 38.7218673263714], [-90.23910116125579, 38.71750259243367], [-90.24501881182105, 38.71313752908794], [-90.25076323957721, 38.71327283985137], [-90.25650770587707, 38.713407868791336], [-90.26225221064061, 38.71354261590214], [-90.26799675378774, 38.71367708117809], [-90.27374133523836, 38.713811264613504], [-90.27965666219882, 38.70944435530013], [-90.28557127047641, 38.70507711728869], [-90.29131524764634, 38.705210412521886], [-90.297228816103, 38.700842542902386], [-90.30297250986867, 38.70097525335427], [-90.3087162414297, 38.701107682066734], [-90.31446001070607, 38.70123982903419], [-90.32003570136486, 38.70587266197814], [-90.32561211067481, 38.710505251176386], [-90.33118923881437, 38.715137596495865], [-90.3367670859619, 38.719769697803464], [-90.34234565229588, 38.724401554966114], [-90.34792493799469, 38.72903316785066], [-90.35350494323681, 38.73366453632395], [-90.35908566820065, 38.73829566025279], [-90.36466711306467, 38.742926539503976], [-90.37024927800739, 38.74755717394432]]}}, {"type": "Feature", "properties": {"route_run_id": "stl_midamerica_to_st_louis_lambert_2026-01-12_0124", "route_pair": "midamerica_to_st_louis_lambert", "route_pair_label": "MidAmerica to St. Louis Lambert", "origin_label": "MidAmerica St. Louis Airport", "destination_label": "St. Louis Lambert International Airport", "origin_lat": 38.5451731, "origin_lon": -89.8351856, "destination_lat": 38.7486982, "destination_lon": -90.3700257, "traffic_date": "2026-01-12", "traffic_dataset": "January 12th - Monday", "weight_id": "w_0124", "distance_weight": 0.2, "population_weight": 0.0, "traffic_weight": 0.2, "airspace_weight": 0.6, "path_nodes": 96, "path_node_ids": [8877, 8879, 8896, 8900, 8924, 8930, 9788, 10013, 10014, 10036, 10052, 10054, 10061, 10051, 10049, 10048, 10050, 10253, 10252, 10241, 10240, 10249, 10275, 10277, 10293, 10304, 10305, 10306, 10319, 10321, 10320, 10318, 10355, 10358, 10356, 10357, 10336, 10335, 10337, 10330, 2548, 2527, 2525, 2526, 2538, 2540, 2516, 2530, 2534, 2559, 2561, 2840, 2842, 2843, 2845, 2878, 2879, 2884, 2883, 2893, 4095, 2896, 3904, 3903, 3901, 3897, 3905, 3893, 3906, 3894, 2807, 3916, 3915, 3917, 4011, 4010, 4009, 4008, 4019, 4017, 4022, 4029, 4034, 4060, 4064, 5048, 5052, 5076, 5082, 5299, 5304, 5319, 5321, 5357, 5358, 5364], "elapsed_seconds": 0.0557202999771107, "status": "success", "failure_reason": "", "route_distance_km": 73.51307854427678, "distance_cost_sum": 80.90589697339249, "population_cost_sum": 41.49541304409677, "traffic_cost_sum": 28.946637514398173, "airspace_cost_sum": 46.8, "total_weighted_score": 50.05050689755815}, "geometry": {"type": "LineString", "coordinates": [[-89.83272609742262, 38.54503213945896], [-89.83825778508921, 38.54968628939868], [-89.84379018463301, 38.55434020475587], [-89.84932329623358, 38.558993885398685], [-89.85485712007056, 38.56364733119524], [-89.86039165632353, 38.56830054201366], [-89.86612255057987, 38.568454263192415], [-89.87165819944471, 38.57310698340007], [-89.87719456110594, 38.577759468272795], [-89.88273163574308, 38.582411717678575], [-89.88826942353593, 38.58706373148541], [-89.89380792466403, 38.591715509561276], [-89.89934713930707, 38.59636705177409], [-89.90508047722643, 38.59651895818466], [-89.91081385831642, 38.59667058421835], [-89.91654728249756, 38.596821929868824], [-89.92228074969049, 38.59697299512966], [-89.92801425981584, 38.59712377999449], [-89.93374781279411, 38.597274284457015], [-89.93948140854593, 38.5974245085108], [-89.94521504699188, 38.5975744521496], [-89.95075817398295, 38.60222370805987], [-89.95630201501413, 38.606872727099336], [-89.96184657026487, 38.611521509135784], [-89.96739183991471, 38.61617005403699], [-89.97312711918148, 38.61631869062297], [-89.97867350301271, 38.62096674136646], [-89.98440922407127, 38.621114840379136], [-89.99014498723932, 38.62126265870254], [-89.99588079243732, 38.621410196330416], [-90.00161663958568, 38.62155745325657], [-90.00735252860491, 38.621704429474754], [-90.01290162428964, 38.62635095704363], [-90.01845143503385, 38.63099724652267], [-90.02418816427785, 38.631143427354814], [-90.02992493509446, 38.631289327364605], [-90.03566174740413, 38.6314349465459], [-90.04139860112724, 38.63158028489256], [-90.04713549618415, 38.63172534239843], [-90.0530568061099, 38.627370128132036], [-90.0587934259509, 38.627514600818145], [-90.06453008687686, 38.627658792689985], [-90.07026678880817, 38.62780270374147], [-90.07600353166524, 38.62794633396657], [-90.08174031536842, 38.6280896833592], [-90.08747713983809, 38.62823275191331], [-90.09339583428118, 38.623875383605984], [-90.09895091075838, 38.62851804648185], [-90.10450670259345, 38.633160469873815], [-90.11006320996535, 38.6378026536494], [-90.11562043305292, 38.64244459767609], [-90.12135857394713, 38.64258604896054], [-90.12691691116937, 38.64722749468063], [-90.13265549047176, 38.64736840647394], [-90.13821494197643, 38.652009353518125], [-90.14395395948668, 38.652149725619736], [-90.14951452542148, 38.65679017361872], [-90.15507580784583, 38.66143038105964], [-90.16081566145125, 38.66156995441258], [-90.16637805865126, 38.66620966221335], [-90.17194117271791, 38.67084912909773], [-90.17768186213493, 38.67098790312105], [-90.18342259105025, 38.67112639580074], [-90.18916335938395, 38.67126460713097], [-90.19490416705614, 38.67140253710589], [-90.2008203987478, 38.66703964140278], [-90.20656092632214, 38.66717698667456], [-90.21230149298593, 38.66731405061853], [-90.21804209865932, 38.6674508332289], [-90.22378274326235, 38.66758733449987], [-90.2295234267152, 38.667723554425685], [-90.23526414893806, 38.6678594930006], [-90.24100490985096, 38.667995150218864], [-90.24674570937407, 38.66813052607476], [-90.25231438982323, 38.67276636103712], [-90.25805562494689, 38.67290119572174], [-90.26379689845037, 38.67303574898191], [-90.26953821025378, 38.673170020811966], [-90.27527956027723, 38.67330401120623], [-90.28102094844074, 38.67343772015905], [-90.28659233093768, 38.67807201278429], [-90.29216443101578, 38.68270606246168], [-90.29773724885335, 38.68733986905835], [-90.30331078462868, 38.69197343244128], [-90.30888503852013, 38.69660675247757], [-90.31446001070607, 38.70123982903419], [-90.32003570136486, 38.70587266197814], [-90.32561211067481, 38.710505251176386], [-90.33118923881437, 38.715137596495865], [-90.3367670859619, 38.719769697803464], [-90.34234565229588, 38.724401554966114], [-90.34792493799469, 38.72903316785066], [-90.35350494323681, 38.73366453632395], [-90.35908566820065, 38.73829566025279], [-90.36466711306467, 38.742926539503976], [-90.37024927800739, 38.74755717394432]]}}, {"type": "Feature", "properties": {"route_run_id": "stl_midamerica_to_st_louis_lambert_2026-01-12_0281", "route_pair": "midamerica_to_st_louis_lambert", "route_pair_label": "MidAmerica to St. Louis Lambert", "origin_label": "MidAmerica St. Louis Airport", "destination_label": "St. Louis Lambert International Airport", "origin_lat": 38.5451731, "origin_lon": -89.8351856, "destination_lat": 38.7486982, "destination_lon": -90.3700257, "traffic_date": "2026-01-12", "traffic_dataset": "January 12th - Monday", "weight_id": "w_0281", "distance_weight": 0.8, "population_weight": 0.1, "traffic_weight": 0.0, "airspace_weight": 0.1, "path_nodes": 96, "path_node_ids": [8877, 8879, 8896, 8900, 8924, 8930, 10012, 10015, 10019, 10053, 10057, 10060, 10092, 10076, 10080, 10105, 10109, 10516, 10515, 10514, 10517, 10522, 10299, 10300, 10301, 10309, 10308, 10533, 10363, 10350, 10351, 10366, 10376, 10374, 10379, 10378, 10391, 10402, 10403, 10390, 2577, 2576, 2598, 2575, 2587, 10714, 10713, 10722, 2597, 10723, 2596, 2876, 2875, 2874, 2873, 2885, 2886, 2884, 2883, 2890, 2891, 2895, 3904, 3925, 3926, 3927, 3914, 3948, 3947, 3952, 3940, 3942, 3943, 3941, 4043, 4066, 4067, 4068, 4185, 4187, 4188, 4080, 4205, 4207, 4212, 5309, 5313, 5335, 5337, 5320, 5322, 5323, 5346, 5357, 5358, 5364], "elapsed_seconds": 0.022106099990196526, "status": "success", "failure_reason": "", "route_distance_km": 71.92497289546162, "distance_cost_sum": 79.15808400527527, "population_cost_sum": 21.15824239891406, "traffic_cost_sum": 46.524269866415295, "airspace_cost_sum": 49.8, "total_weighted_score": 70.42229144411164}, "geometry": {"type": "LineString", "coordinates": [[-89.83272609742262, 38.54503213945896], [-89.83825778508921, 38.54968628939868], [-89.84379018463301, 38.55434020475587], [-89.84932329623358, 38.558993885398685], [-89.85485712007056, 38.56364733119524], [-89.86039165632353, 38.56830054201366], [-89.86592690517212, 38.57295351772198], [-89.871462866796, 38.577606258188254], [-89.87699954137483, 38.582258763280514], [-89.88253692908823, 38.586911032866766], [-89.88807503011597, 38.59156306681497], [-89.8936138446377, 38.59621486499309], [-89.89915337283315, 38.600866427269025], [-89.90469361488212, 38.60551775351072], [-89.91023457096428, 38.610168843586045], [-89.91577624125941, 38.61481969736282], [-89.92131862594731, 38.619470314708934], [-89.9268617252078, 38.624120695492145], [-89.93259742104341, 38.62427134452904], [-89.93833315971467, 38.6244217128885], [-89.94406894114202, 38.62457180056415], [-89.94980476524591, 38.62472160754967], [-89.95554063194687, 38.62487113383877], [-89.96127654116528, 38.62502037942509], [-89.96701249282155, 38.625169344302385], [-89.97274848683627, 38.62531802846435], [-89.97848452312972, 38.62546643190471], [-89.98403193705393, 38.63011426460664], [-89.98958006609531, 38.63476185964426], [-89.99531694389556, 38.63490946811138], [-90.00105386367663, 38.63505679574229], [-90.00660350731387, 38.63970363840778], [-90.01234086854143, 38.63985042783196], [-90.01807827152109, 38.63999693635645], [-90.02362942973669, 38.64464302594129], [-90.02936727381517, 38.644788996000585], [-90.0349195472141, 38.64943458949962], [-90.0406578321926, 38.64958002089252], [-90.04639615854494, 38.6497251712652], [-90.0521345261914, 38.64987004061157], [-90.05787293505232, 38.6500146289255], [-90.06361138504795, 38.650158936200874], [-90.06934987609858, 38.6503029624316], [-90.07508840812451, 38.65044670761164], [-90.08064419177347, 38.65509025680674], [-90.0862006916776, 38.659733566559446], [-90.09194006243584, 38.659876514283475], [-90.09767947387014, 38.66001918084284], [-90.10341892590075, 38.66016156623149], [-90.1091584184479, 38.66030367044341], [-90.11489795143179, 38.66044549347263], [-90.12063752477266, 38.66058703531315], [-90.1263771383907, 38.66072829595899], [-90.1321167922061, 38.660869275404174], [-90.13785648613919, 38.66100997364278], [-90.14359622011, 38.661150390668844], [-90.14933599403881, 38.66129052647644], [-90.15507580784583, 38.66143038105964], [-90.16081566145125, 38.66156995441258], [-90.16655555477524, 38.661709246529334], [-90.17229548773797, 38.66184825740402], [-90.17785868094164, 38.666487447153536], [-90.18342259105025, 38.67112639580074], [-90.1889872182426, 38.67576510321293], [-90.19472838451095, 38.67590305525546], [-90.20046959004746, 38.676040725891895], [-90.20621083477218, 38.67617811511645], [-90.21177737287698, 38.68081580286656], [-90.21751905445252, 38.68095265114052], [-90.22308670781703, 38.685589837485246], [-90.22882882604138, 38.685726144608395], [-90.23457098307328, 38.6858621702009], [-90.24031317883275, 38.68599791425695], [-90.24605541323987, 38.68613337677085], [-90.2517976862147, 38.68626855773688], [-90.25736804511756, 38.69090420272148], [-90.26311075393669, 38.69103884211091], [-90.26868222818311, 38.695673984376505], [-90.27425442059507, 38.700308883813186], [-90.27999796237877, 38.700442721166475], [-90.28557127047641, 38.70507711728869], [-90.29131524764634, 38.705210412521886], [-90.29688967157429, 38.70984430496006], [-90.30246481424038, 38.714477953984364], [-90.30804067582325, 38.71911135946174], [-90.31361725650144, 38.72374452125915], [-90.3191945564535, 38.72837743924346], [-90.3247725758581, 38.73301011328159], [-90.330518974577, 38.7331415620659], [-90.33626541075455, 38.733272728767844], [-90.3420118843105, 38.73340361338185], [-90.34775839516463, 38.73353421590239], [-90.35333872308522, 38.73816560113835], [-90.35908566820065, 38.73829566025279], [-90.36466711306467, 38.742926539503976], [-90.37024927800739, 38.74755717394432]]}}, {"type": "Feature", "properties": {"route_run_id": "stl_midamerica_to_st_louis_lambert_2026-01-12_0175", "route_pair": "midamerica_to_st_louis_lambert", "route_pair_label": "MidAmerica to St. Louis Lambert", "origin_label": "MidAmerica St. Louis Airport", "destination_label": "St. Louis Lambert International Airport", "origin_lat": 38.5451731, "origin_lon": -89.8351856, "destination_lat": 38.7486982, "destination_lon": -90.3700257, "traffic_date": "2026-01-12", "traffic_dataset": "January 12th - Monday", "weight_id": "w_0175", "distance_weight": 0.3, "population_weight": 0.0, "traffic_weight": 0.7, "airspace_weight": 0.0, "path_nodes": 99, "path_node_ids": [8877, 8861, 8741, 8740, 8862, 8739, 7712, 7713, 7714, 9731, 9742, 9743, 9730, 9733, 9721, 9732, 9720, 9915, 7793, 7795, 7796, 7804, 7803, 7805, 7813, 7814, 7811, 7812, 9817, 9816, 9819, 9818, 7904, 7901, 9823, 9822, 9844, 9847, 9849, 9846, 1959, 1958, 1937, 1947, 1969, 1973, 1988, 2002, 2004, 2231, 2006, 2191, 2197, 2196, 2408, 2420, 2422, 2419, 2423, 2205, 2206, 2449, 2345, 2370, 2373, 2398, 2394, 2397, 2712, 2716, 2739, 2746, 2769, 2747, 2681, 2682, 2685, 3986, 2706, 2705, 2707, 4004, 4027, 4032, 4056, 5030, 5033, 5049, 5054, 5071, 5295, 5299, 5304, 5315, 5317, 5321, 5357, 5358, 5364], "elapsed_seconds": 0.04977060001692735, "status": "success", "failure_reason": "", "route_distance_km": 75.13110358012483, "distance_cost_sum": 82.68663816180356, "population_cost_sum": 51.29028260179856, "traffic_cost_sum": 20.8132355379498, "airspace_cost_sum": 64.6, "total_weighted_score": 39.37525632510593}, "geometry": {"type": "LineString", "coordinates": [[-89.83272609742262, 38.54503213945896], [-89.83865215473445, 38.54068797977641], [-89.84457750048564, 38.536343486433715], [-89.85030577131849, 38.536497874657435], [-89.856034085978, 38.53665198315019], [-89.86176244438504, 38.53680581190551], [-89.86749084646044, 38.53695936091688], [-89.87321929212519, 38.537112630177866], [-89.87894778130001, 38.537265619682024], [-89.88448204134579, 38.54191768758279], [-89.8902109731338, 38.54207014196144], [-89.895939948205, 38.54222231651928], [-89.90166896648022, 38.54237421124988], [-89.90739802788026, 38.54252582614685], [-89.91312713232598, 38.54267716120381], [-89.91885627973821, 38.54282821641439], [-89.92458547003774, 38.5429789917722], [-89.93031470314544, 38.543129487270946], [-89.93623504869535, 38.538780126685914], [-89.94196401125822, 38.538930038442274], [-89.94769301638131, 38.53907967036528], [-89.95342206398557, 38.53922902244861], [-89.95915115399177, 38.53937809468601], [-89.9648802863207, 38.53952688707118], [-89.97060946089319, 38.53967539959786], [-89.97633867763007, 38.53982363225979], [-89.98206793645213, 38.53997158505075], [-89.98779723728013, 38.54011925796448], [-89.99352658003491, 38.54026665099478], [-89.99925596463726, 38.54041376413546], [-90.00498539100796, 38.54056059738029], [-90.0107148590678, 38.5407071507231], [-90.01644436873754, 38.540853424157724], [-90.022173919938, 38.540999417678], [-90.0277181388758, 38.54564508621299], [-90.03344812898557, 38.54579054317578], [-90.03899345764175, 38.55043571741418], [-90.04453949873692, 38.55508065386086], [-90.05027032498664, 38.555225317192196], [-90.0560011923214, 38.555369700438234], [-90.06173210066189, 38.55551380359289], [-90.0674630499288, 38.55565762665008], [-90.0731940400428, 38.55580116960377], [-90.07892507092458, 38.5559444324479], [-90.08447420828541, 38.56058758841172], [-90.0900240585605, 38.56523050576299], [-90.09557462192825, 38.56987318436945], [-90.10112589856693, 38.57451562409887], [-90.10667788865496, 38.579157824818985], [-90.11223059237057, 38.583799786397456], [-90.11814404276322, 38.57944093533558], [-90.12387718012955, 38.579582070024706], [-90.12943107502363, 38.58422325824649], [-90.1351646494121, 38.58436385466116], [-90.14089826375356, 38.58450417063179], [-90.14645366632062, 38.589144603290876], [-90.15218771733517, 38.589284380730234], [-90.15792180807382, 38.58942387766302], [-90.16347871828971, 38.59406355405304], [-90.16921324535195, 38.59420251219789], [-90.17494781190939, 38.59434118977373], [-90.18050622974906, 38.59898010918833], [-90.18606536210271, 38.60361878809667], [-90.19162520914848, 38.60825722636621], [-90.19718577106451, 38.612895423864465], [-90.20274704802898, 38.61753338045887], [-90.2084836369821, 38.617670484184025], [-90.21404602582597, 38.62230794080845], [-90.21960913009349, 38.62694515617101], [-90.22517294996291, 38.63158213013913], [-90.23073748561237, 38.63621886258013], [-90.23630273722006, 38.640855353361346], [-90.24186870496423, 38.645491602350084], [-90.24760771267954, 38.645626869943555], [-90.25334675887852, 38.64576185639355], [-90.25891423625677, 38.65039734432395], [-90.26448243016516, 38.6550325900107], [-90.27005134078189, 38.65966759332096], [-90.27562096828521, 38.66430235412195], [-90.28136163921492, 38.66443602029574], [-90.28693238041095, 38.66907027844067], [-90.29250383886837, 38.67370429371775], [-90.29807601476547, 38.67833806599408], [-90.30364890828046, 38.682971595136756], [-90.30922251959161, 38.68760488101284], [-90.31479684887715, 38.692237923489365], [-90.3203718963154, 38.69687072243334], [-90.32594766208454, 38.701503277711794], [-90.33152414636298, 38.70613558919165], [-90.33710134932893, 38.7107676567399], [-90.33693423631652, 38.71526867931356], [-90.3367670859619, 38.719769697803464], [-90.34234565229588, 38.724401554966114], [-90.34809144361579, 38.724532115719484], [-90.35367112625059, 38.729163467432365], [-90.35350494323681, 38.73366453632395], [-90.35908566820065, 38.73829566025279], [-90.36466711306467, 38.742926539503976], [-90.37024927800739, 38.74755717394432]]}}, {"type": "Feature", "properties": {"route_run_id": "stl_midamerica_to_st_louis_lambert_2026-01-12_0267", "route_pair": "midamerica_to_st_louis_lambert", "route_pair_label": "MidAmerica to St. Louis Lambert", "origin_label": "MidAmerica St. Louis Airport", "destination_label": "St. Louis Lambert International Airport", "origin_lat": 38.5451731, "origin_lon": -89.8351856, "destination_lat": 38.7486982, "destination_lon": -90.3700257, "traffic_date": "2026-01-12", "traffic_dataset": "January 12th - Monday", "weight_id": "w_0267", "distance_weight": 0.6, "population_weight": 0.4, "traffic_weight": 0.0, "airspace_weight": 0.0, "path_nodes": 98, "path_node_ids": [8877, 8881, 8904, 8922, 8923, 8927, 9145, 10016, 10018, 10062, 10055, 10058, 10094, 10096, 10103, 10104, 10110, 10109, 10516, 10515, 10514, 10517, 10522, 10299, 10300, 10301, 10309, 10308, 10533, 10363, 10350, 10351, 10366, 10376, 10374, 10379, 10614, 10407, 10410, 10411, 10408, 2604, 2605, 2606, 2603, 10715, 10714, 10713, 10722, 2597, 10723, 2596, 2876, 2875, 2874, 2873, 2885, 2886, 2884, 2883, 2890, 2891, 2895, 3904, 3925, 3926, 3927, 3914, 3948, 3947, 3952, 3940, 3942, 3943, 3941, 4043, 4066, 4067, 4068, 4185, 4187, 4186, 4076, 4075, 4082, 4084, 5080, 5084, 5310, 5311, 5337, 5320, 5322, 5323, 5346, 5357, 5358, 5364], "elapsed_seconds": 0.02409369999077171, "status": "success", "failure_reason": "", "route_distance_km": 72.67568351997362, "distance_cost_sum": 79.98428959544144, "population_cost_sum": 17.402031622593586, "traffic_cost_sum": 46.953102729943204, "airspace_cost_sum": 51.4, "total_weighted_score": 54.9513864063023}, "geometry": {"type": "LineString", "coordinates": [[-89.83272609742262, 38.54503213945896], [-89.83252853470323, 38.54953126729425], [-89.83806053424684, 38.55418543772932], [-89.84359324582596, 38.558839373542895], [-89.84912666962028, 38.563493074603095], [-89.85466080580946, 38.568146540778045], [-89.86019565457306, 38.572799771935806], [-89.86573121609086, 38.57745276794444], [-89.87126749054252, 38.58210552867199], [-89.8768044781077, 38.58675805398646], [-89.88234217896623, 38.591410343755804], [-89.8878805932977, 38.59606239784802], [-89.89341972128202, 38.600714216131045], [-89.89895956309883, 38.60536579847276], [-89.90450011892796, 38.61001714474108], [-89.91004138894921, 38.614668254803874], [-89.9155833733424, 38.61931912852895], [-89.92131862594731, 38.619470314708934], [-89.9268617252078, 38.624120695492145], [-89.93259742104341, 38.62427134452904], [-89.93833315971467, 38.6244217128885], [-89.94406894114202, 38.62457180056415], [-89.94980476524591, 38.62472160754967], [-89.95554063194687, 38.62487113383877], [-89.96127654116528, 38.62502037942509], [-89.96701249282155, 38.625169344302385], [-89.97274848683627, 38.62531802846435], [-89.97848452312972, 38.62546643190471], [-89.98403193705393, 38.63011426460664], [-89.98958006609531, 38.63476185964426], [-89.99531694389556, 38.63490946811138], [-90.00105386367663, 38.63505679574229], [-90.00660350731387, 38.63970363840778], [-90.01234086854143, 38.63985042783196], [-90.01807827152109, 38.63999693635645], [-90.02362942973669, 38.64464302594129], [-90.0291813036891, 38.64928887709267], [-90.03473389355781, 38.653934489678136], [-90.04028719952224, 38.658579863565194], [-90.04602624200047, 38.65872506038847], [-90.05176532579277, 38.658869976095644], [-90.05750445081951, 38.65901461068064], [-90.06324361700084, 38.65915896413734], [-90.06898282425709, 38.65930303645963], [-90.07472207250845, 38.65944682764147], [-90.08046136167522, 38.65959033767675], [-90.0862006916776, 38.659733566559446], [-90.09194006243584, 38.659876514283475], [-90.09767947387014, 38.66001918084284], [-90.10341892590075, 38.66016156623149], [-90.1091584184479, 38.66030367044341], [-90.11489795143179, 38.66044549347263], [-90.12063752477266, 38.66058703531315], [-90.1263771383907, 38.66072829595899], [-90.1321167922061, 38.660869275404174], [-90.13785648613919, 38.66100997364278], [-90.14359622011, 38.661150390668844], [-90.14933599403881, 38.66129052647644], [-90.15507580784583, 38.66143038105964], [-90.16081566145125, 38.66156995441258], [-90.16655555477524, 38.661709246529334], [-90.17229548773797, 38.66184825740402], [-90.17785868094164, 38.666487447153536], [-90.18342259105025, 38.67112639580074], [-90.1889872182426, 38.67576510321293], [-90.19472838451095, 38.67590305525546], [-90.20046959004746, 38.676040725891895], [-90.20621083477218, 38.67617811511645], [-90.21177737287698, 38.68081580286656], [-90.21751905445252, 38.68095265114052], [-90.22308670781703, 38.685589837485246], [-90.22882882604138, 38.685726144608395], [-90.23457098307328, 38.6858621702009], [-90.24031317883275, 38.68599791425695], [-90.24605541323987, 38.68613337677085], [-90.2517976862147, 38.68626855773688], [-90.25736804511756, 38.69090420272148], [-90.26311075393669, 38.69103884211091], [-90.26868222818311, 38.695673984376505], [-90.27425442059507, 38.700308883813186], [-90.27999796237877, 38.700442721166475], [-90.28574154227802, 38.70057627680287], [-90.29148516021279, 38.700709550716724], [-90.297228816103, 38.700842542902386], [-90.30280331580018, 38.70547615766316], [-90.30837853409372, 38.710109528957155], [-90.31395447116216, 38.71474265665128], [-90.31378588266769, 38.71924359100243], [-90.31936286061908, 38.72387649197406], [-90.32494055786266, 38.72850914903958], [-90.330518974577, 38.7331415620659], [-90.33626541075455, 38.733272728767844], [-90.3420118843105, 38.73340361338185], [-90.34775839516463, 38.73353421590239], [-90.35333872308522, 38.73816560113835], [-90.35908566820065, 38.73829566025279], [-90.36466711306467, 38.742926539503976], [-90.37024927800739, 38.74755717394432]]}}, {"type": "Feature", "properties": {"route_run_id": "stl_midamerica_to_st_louis_lambert_2026-01-12_0271", "route_pair": "midamerica_to_st_louis_lambert", "route_pair_label": "MidAmerica to St. Louis Lambert", "origin_label": "MidAmerica St. Louis Airport", "destination_label": "St. Louis Lambert International Airport", "origin_lat": 38.5451731, "origin_lon": -89.8351856, "destination_lat": 38.7486982, "destination_lon": -90.3700257, "traffic_date": "2026-01-12", "traffic_dataset": "January 12th - Monday", "weight_id": "w_0271", "distance_weight": 0.7, "population_weight": 0.0, "traffic_weight": 0.3, "airspace_weight": 0.0, "path_nodes": 96, "path_node_ids": [8877, 8876, 8868, 8869, 8870, 8867, 9753, 9754, 9755, 9744, 9746, 9747, 9745, 9737, 9736, 9734, 9735, 9919, 9916, 9918, 9917, 9935, 9934, 9936, 9930, 9931, 9928, 9929, 9839, 9841, 9875, 9872, 9855, 9853, 9858, 9860, 9868, 9869, 9870, 9871, 2208, 1967, 2211, 1990, 1991, 1995, 1996, 2005, 2004, 2231, 2229, 2195, 2197, 2196, 2408, 2420, 2422, 2419, 2423, 2205, 2206, 2449, 2345, 2370, 2373, 2398, 2394, 2397, 2712, 2716, 2739, 2746, 2769, 2773, 3985, 3988, 3992, 3990, 4016, 4017, 4022, 4029, 4034, 4060, 4064, 5048, 5052, 5076, 5082, 5299, 5304, 5319, 5321, 5357, 5358, 5364], "elapsed_seconds": 0.02504650002811104, "status": "success", "failure_reason": "", "route_distance_km": 71.88073010391533, "distance_cost_sum": 79.10939195203062, "population_cost_sum": 42.723931708907756, "traffic_cost_sum": 25.127137749478173, "airspace_cost_sum": 62.000000000000014, "total_weighted_score": 62.91471569126488}, "geometry": {"type": "LineString", "coordinates": [[-89.83272609742262, 38.54503213945896], [-89.83845499191484, 38.54518713674757], [-89.84418393041321, 38.54534185422887], [-89.8499129128385, 38.54549629189633], [-89.85564193911159, 38.545650449743434], [-89.86137100915332, 38.54580432776372], [-89.86710012288452, 38.545957925950695], [-89.87282928022606, 38.546111244297876], [-89.8785584810987, 38.54626428279884], [-89.88428772542336, 38.54641704144712], [-89.8900170131208, 38.5465695202363], [-89.89574634411186, 38.54672171915994], [-89.90147571831739, 38.546873638211636], [-89.90720513565815, 38.54702527738502], [-89.91293459605497, 38.54717663667367], [-89.91866409942871, 38.54732771607122], [-89.92439364570006, 38.54747851557132], [-89.9301232347899, 38.54762903516762], [-89.93585286661902, 38.54777927485379], [-89.94158254110822, 38.54792923462347], [-89.94731225817821, 38.548078914470366], [-89.95304201774988, 38.54822831438818], [-89.95877181974393, 38.548377434370614], [-89.96450166408115, 38.54852627441138], [-89.97004253230493, 38.553174545580205], [-89.97577281723424, 38.553322849461594], [-89.9815031442792, 38.55347087333782], [-89.98723351336055, 38.553618617202645], [-89.99296392439905, 38.55376608104985], [-89.99869437731542, 38.55391326487322], [-90.00423794894596, 38.558560017293445], [-90.00996884166362, 38.55870666452776], [-90.0156997760314, 38.558853031674964], [-90.02143075196999, 38.55899911872885], [-90.02697623009712, 38.56364486372711], [-90.03252242109909, 38.56829037100109], [-90.03825423417913, 38.56843566425367], [-90.04398608853269, 38.568580677298876], [-90.0497179840804, 38.5687254101306], [-90.05544992074293, 38.56886986274273], [-90.06118189844089, 38.56901403512918], [-90.06691391709492, 38.56915792728389], [-90.07246320723846, 38.57380165399769], [-90.07819566420736, 38.57394500861934], [-90.08392816190404, 38.57408808294632], [-90.08947896024489, 38.57873105628777], [-90.09521189590866, 38.57887359282438], [-90.10094487207182, 38.57901584900345], [-90.10667788865496, 38.579157824818985], [-90.11223059237057, 38.583799786397456], [-90.11796404642338, 38.58394122410869], [-90.12369754066755, 38.5840823813937], [-90.12943107502363, 38.58422325824649], [-90.1351646494121, 38.58436385466116], [-90.14089826375356, 38.58450417063179], [-90.14645366632062, 38.589144603290876], [-90.15218771733517, 38.589284380730234], [-90.15792180807382, 38.58942387766302], [-90.16347871828971, 38.59406355405304], [-90.16921324535195, 38.59420251219789], [-90.17494781190939, 38.59434118977373], [-90.18050622974906, 38.59898010918833], [-90.18606536210271, 38.60361878809667], [-90.19162520914848, 38.60825722636621], [-90.19718577106451, 38.612895423864465], [-90.20274704802898, 38.61753338045887], [-90.2084836369821, 38.617670484184025], [-90.21404602582597, 38.62230794080845], [-90.21960913009349, 38.62694515617101], [-90.22517294996291, 38.63158213013913], [-90.23073748561237, 38.63621886258013], [-90.23630273722006, 38.640855353361346], [-90.24186870496423, 38.645491602350084], [-90.24743538902311, 38.65012760941361], [-90.25300278957496, 38.654763374419176], [-90.25857090679797, 38.65939889723403], [-90.26413974087053, 38.66403417772537], [-90.26988033547711, 38.664168406596616], [-90.27545028334664, 38.66880318471887], [-90.28102094844074, 38.67343772015905], [-90.28659233093768, 38.67807201278429], [-90.29216443101578, 38.68270606246168], [-90.29773724885335, 38.68733986905835], [-90.30331078462868, 38.69197343244128], [-90.30888503852013, 38.69660675247757], [-90.31446001070607, 38.70123982903419], [-90.32003570136486, 38.70587266197814], [-90.32561211067481, 38.710505251176386], [-90.33118923881437, 38.715137596495865], [-90.3367670859619, 38.719769697803464], [-90.34234565229588, 38.724401554966114], [-90.34792493799469, 38.72903316785066], [-90.35350494323681, 38.73366453632395], [-90.35908566820065, 38.73829566025279], [-90.36466711306467, 38.742926539503976], [-90.37024927800739, 38.74755717394432]]}}, {"type": "Feature", "properties": {"route_run_id": "stl_midamerica_to_st_louis_lambert_2026-01-12_0224", "route_pair": "midamerica_to_st_louis_lambert", "route_pair_label": "MidAmerica to St. Louis Lambert", "origin_label": "MidAmerica St. Louis Airport", "destination_label": "St. Louis Lambert International Airport", "origin_lat": 38.5451731, "origin_lon": -89.8351856, "destination_lat": 38.7486982, "destination_lon": -90.3700257, "traffic_date": "2026-01-12", "traffic_dataset": "January 12th - Monday", "weight_id": "w_0224", "distance_weight": 0.4, "population_weight": 0.3, "traffic_weight": 0.2, "airspace_weight": 0.1, "path_nodes": 97, "path_node_ids": [8877, 8879, 8896, 8900, 8924, 8930, 10012, 10015, 10018, 10062, 10055, 10058, 10094, 10096, 10103, 10104, 10110, 10109, 10516, 10515, 10514, 10517, 10522, 10299, 10524, 10529, 10538, 10539, 10537, 10367, 10364, 10365, 10370, 10381, 10380, 10379, 10378, 10391, 10402, 10404, 10408, 2604, 2605, 2606, 2603, 10716, 10717, 10718, 10729, 10730, 10744, 10746, 4111, 4137, 4138, 4139, 4148, 4150, 4149, 4153, 4175, 4133, 4132, 4134, 3964, 4286, 4285, 3974, 3973, 3972, 3971, 3982, 4295, 4299, 4301, 4202, 4215, 4220, 4223, 4255, 4233, 4234, 4242, 4265, 4244, 4243, 5336, 5338, 5341, 5339, 5345, 5324, 5347, 5346, 5357, 5358, 5364], "elapsed_seconds": 0.047680099989520386, "status": "success", "failure_reason": "", "route_distance_km": 72.30912723432323, "distance_cost_sum": 79.58087069816422, "population_cost_sum": 19.762251507597586, "traffic_cost_sum": 34.53833806051532, "airspace_cost_sum": 51.2, "total_weighted_score": 49.78869134364804}, "geometry": {"type": "LineString", "coordinates": [[-89.83272609742262, 38.54503213945896], [-89.83825778508921, 38.54968628939868], [-89.84379018463301, 38.55434020475587], [-89.84932329623358, 38.558993885398685], [-89.85485712007056, 38.56364733119524], [-89.86039165632353, 38.56830054201366], [-89.86592690517212, 38.57295351772198], [-89.871462866796, 38.577606258188254], [-89.87126749054252, 38.58210552867199], [-89.8768044781077, 38.58675805398646], [-89.88234217896623, 38.591410343755804], [-89.8878805932977, 38.59606239784802], [-89.89341972128202, 38.600714216131045], [-89.89895956309883, 38.60536579847276], [-89.90450011892796, 38.61001714474108], [-89.91004138894921, 38.614668254803874], [-89.9155833733424, 38.61931912852895], [-89.92131862594731, 38.619470314708934], [-89.9268617252078, 38.624120695492145], [-89.93259742104341, 38.62427134452904], [-89.93833315971467, 38.6244217128885], [-89.94406894114202, 38.62457180056415], [-89.94980476524591, 38.62472160754967], [-89.95554063194687, 38.62487113383877], [-89.96108644660326, 38.62951999433463], [-89.966632976295, 38.63416861753812], [-89.97218022120177, 38.63881700331695], [-89.97791733024451, 38.63896547800877], [-89.98365448151714, 38.63911367183824], [-89.98939167493998, 38.639261584799115], [-89.9951289104335, 38.63940921688515], [-90.00086618791799, 38.639556568090114], [-90.00641614743708, 38.64420343004679], [-90.01215386646798, 38.64435024295822], [-90.0178916272611, 38.64449677492512], [-90.02362942973669, 38.64464302594129], [-90.02936727381517, 38.644788996000585], [-90.0349195472141, 38.64943458949962], [-90.0406578321926, 38.64958002089252], [-90.04621122092473, 38.6542251179363], [-90.05176532579277, 38.658869976095644], [-90.05750445081951, 38.65901461068064], [-90.06324361700084, 38.65915896413734], [-90.06898282425709, 38.65930303645963], [-90.07472207250845, 38.65944682764147], [-90.08027849074135, 38.66409041434458], [-90.08601817899587, 38.66423366614264], [-90.09175790801612, 38.66437663673715], [-90.0973158409683, 38.669019467207306], [-90.10305600964216, 38.66916189816016], [-90.10861505837465, 38.67380423026503], [-90.11417482409904, 38.67844632230407], [-90.11973530699464, 38.68308817414464], [-90.12529650724075, 38.68772978565403], [-90.1308584250167, 38.69237115669953], [-90.13660062900858, 38.69251201257543], [-90.14234287310624, 38.69265258692433], [-90.14808515722972, 38.692792879740324], [-90.15382748129907, 38.69293289101744], [-90.15939171242222, 38.69757298499622], [-90.1651344750913, 38.69771245548389], [-90.17087727747607, 38.69785164437002], [-90.17662011949652, 38.69799055164876], [-90.18236300107269, 38.69812917731423], [-90.18810592212462, 38.698267521360556], [-90.19384888257228, 38.69840558378194], [-90.1995918823357, 38.69854336457249], [-90.20533492133491, 38.69868086372641], [-90.2110779994899, 38.698818081237896], [-90.21682111672072, 38.69895501710115], [-90.22256427294727, 38.69909167131035], [-90.22830746808964, 38.699228043859776], [-90.23405070206775, 38.699364134743625], [-90.23962082945226, 38.70400061226774], [-90.24519167522915, 38.70863684734796], [-90.25093574365499, 38.70877213647181], [-90.25650770587707, 38.713407868791336], [-90.2620803868679, 38.71804335830804], [-90.26765378680629, 38.72267860488892], [-90.27322790587108, 38.727313608400934], [-90.27897360415623, 38.72744757424986], [-90.2847193406125, 38.72758125811188], [-90.29046511515969, 38.72771465998137], [-90.29604114694997, 38.73234863831933], [-90.30178735717278, 38.73248149743191], [-90.30753360525517, 38.73261407449003], [-90.31327989111702, 38.732746369488076], [-90.31902621467803, 38.73287838242046], [-90.32460455631471, 38.7375110734335], [-90.33035131489382, 38.737642543240376], [-90.33609811094065, 38.737773730919855], [-90.341844944375, 38.73790463646636], [-90.34759181511657, 38.738035259874366], [-90.35333872308522, 38.73816560113835], [-90.35908566820065, 38.73829566025279], [-90.36466711306467, 38.742926539503976], [-90.37024927800739, 38.74755717394432]]}}, {"type": "Feature", "properties": {"route_run_id": "stl_midamerica_to_st_louis_lambert_2026-01-12_0202", "route_pair": "midamerica_to_st_louis_lambert", "route_pair_label": "MidAmerica to St. Louis Lambert", "origin_label": "MidAmerica St. Louis Airport", "destination_label": "St. Louis Lambert International Airport", "origin_lat": 38.5451731, "origin_lon": -89.8351856, "destination_lat": 38.7486982, "destination_lon": -90.3700257, "traffic_date": "2026-01-12", "traffic_dataset": "January 12th - Monday", "weight_id": "w_0202", "distance_weight": 0.3, "population_weight": 0.6, "traffic_weight": 0.1, "airspace_weight": 0.0, "path_nodes": 101, "path_node_ids": [8877, 8881, 8905, 8906, 8933, 8929, 9143, 9146, 9173, 10020, 10063, 10067, 10069, 10083, 10099, 10422, 10101, 10106, 10104, 10110, 10109, 10516, 10515, 10514, 10517, 10522, 10299, 10524, 10529, 10538, 10539, 10537, 10367, 10364, 10365, 10366, 10376, 10374, 10379, 10614, 10407, 10405, 10404, 10408, 2604, 2605, 2606, 2603, 10716, 10717, 10718, 10729, 10730, 10744, 10745, 2907, 4107, 4109, 4112, 4145, 4150, 4149, 4153, 4175, 4133, 4132, 4134, 3964, 4286, 4285, 3974, 3973, 3972, 3971, 3981, 3978, 3976, 3941, 4043, 4066, 4067, 4068, 4185, 4187, 4188, 4076, 4075, 4082, 4084, 5080, 5084, 5310, 5311, 5337, 5320, 5322, 5323, 5346, 5357, 5358, 5364], "elapsed_seconds": 0.046330599987413734, "status": "success", "failure_reason": "", "route_distance_km": 75.94005647169048, "distance_cost_sum": 83.57694313334568, "population_cost_sum": 14.744411340003468, "traffic_cost_sum": 40.876573571749795, "airspace_cost_sum": 53.4, "total_weighted_score": 38.00738710118077}, "geometry": {"type": "LineString", "coordinates": [[-89.83272609742262, 38.54503213945896], [-89.83252853470323, 38.54953126729425], [-89.83233092788802, 38.55403039080605], [-89.83786323937711, 38.55868458173916], [-89.83766590046945, 38.563183721427826], [-89.84319923632499, 38.56783769816219], [-89.84873328471264, 38.57249144006519], [-89.8542680458121, 38.5771449470049], [-89.85980351980317, 38.58179821884939], [-89.86533970686553, 38.58645125546666], [-89.87087660717904, 38.591104056724724], [-89.87068110004802, 38.59560331429298], [-89.87621902698532, 38.60025590028999], [-89.88175766769213, 38.604908250624604], [-89.88729702234833, 38.60956036516477], [-89.89283709113381, 38.614212243778354], [-89.89857181380691, 38.614364528005225], [-89.90430657977188, 38.61451653168253], [-89.91004138894921, 38.614668254803874], [-89.9155833733424, 38.61931912852895], [-89.92131862594731, 38.619470314708934], [-89.9268617252078, 38.624120695492145], [-89.93259742104341, 38.62427134452904], [-89.93833315971467, 38.6244217128885], [-89.94406894114202, 38.62457180056415], [-89.94980476524591, 38.62472160754967], [-89.95554063194687, 38.62487113383877], [-89.96108644660326, 38.62951999433463], [-89.966632976295, 38.63416861753812], [-89.97218022120177, 38.63881700331695], [-89.97791733024451, 38.63896547800877], [-89.98365448151714, 38.63911367183824], [-89.98939167493998, 38.639261584799115], [-89.9951289104335, 38.63940921688515], [-90.00086618791799, 38.639556568090114], [-90.00660350731387, 38.63970363840778], [-90.01234086854143, 38.63985042783196], [-90.01807827152109, 38.63999693635645], [-90.02362942973669, 38.64464302594129], [-90.0291813036891, 38.64928887709267], [-90.03473389355781, 38.653934489678136], [-90.04047253654934, 38.65407994433975], [-90.04621122092473, 38.6542251179363], [-90.05176532579277, 38.658869976095644], [-90.05750445081951, 38.65901461068064], [-90.06324361700084, 38.65915896413734], [-90.06898282425709, 38.65930303645963], [-90.07472207250845, 38.65944682764147], [-90.08027849074135, 38.66409041434458], [-90.08601817899587, 38.66423366614264], [-90.09175790801612, 38.66437663673715], [-90.0973158409683, 38.669019467207306], [-90.10305600964216, 38.66916189816016], [-90.10861505837465, 38.67380423026503], [-90.1143556665019, 38.67394612137533], [-90.12009631501547, 38.67408773116219], [-90.1256568785435, 38.67872930581226], [-90.13139796616022, 38.67887037549889], [-90.13695964571467, 38.683511450900546], [-90.14252204267808, 38.68815228569193], [-90.14808515722972, 38.692792879740324], [-90.15382748129907, 38.69293289101744], [-90.15939171242222, 38.69757298499622], [-90.1651344750913, 38.69771245548389], [-90.17087727747607, 38.69785164437002], [-90.17662011949652, 38.69799055164876], [-90.18236300107269, 38.69812917731423], [-90.18810592212462, 38.698267521360556], [-90.19384888257228, 38.69840558378194], [-90.1995918823357, 38.69854336457249], [-90.20533492133491, 38.69868086372641], [-90.2110779994899, 38.698818081237896], [-90.21682111672072, 38.69895501710115], [-90.22256427294727, 38.69909167131035], [-90.22848129289677, 38.69472741490856], [-90.23422416781283, 38.694863484025944], [-90.24014014948251, 38.69049859495047], [-90.24605541323987, 38.68613337677085], [-90.2517976862147, 38.68626855773688], [-90.25736804511756, 38.69090420272148], [-90.26311075393669, 38.69103884211091], [-90.26868222818311, 38.695673984376505], [-90.27425442059507, 38.700308883813186], [-90.27999796237877, 38.700442721166475], [-90.28557127047641, 38.70507711728869], [-90.29148516021279, 38.700709550716724], [-90.297228816103, 38.700842542902386], [-90.30280331580018, 38.70547615766316], [-90.30837853409372, 38.710109528957155], [-90.31395447116216, 38.71474265665128], [-90.31378588266769, 38.71924359100243], [-90.31936286061908, 38.72387649197406], [-90.32494055786266, 38.72850914903958], [-90.330518974577, 38.7331415620659], [-90.33626541075455, 38.733272728767844], [-90.3420118843105, 38.73340361338185], [-90.34775839516463, 38.73353421590239], [-90.35333872308522, 38.73816560113835], [-90.35908566820065, 38.73829566025279], [-90.36466711306467, 38.742926539503976], [-90.37024927800739, 38.74755717394432]]}}, {"type": "Feature", "properties": {"route_run_id": "stl_midamerica_to_st_louis_lambert_2026-01-12_0133", "route_pair": "midamerica_to_st_louis_lambert", "route_pair_label": "MidAmerica to St. Louis Lambert", "origin_label": "MidAmerica St. Louis Airport", "destination_label": "St. Louis Lambert International Airport", "origin_lat": 38.5451731, "origin_lon": -89.8351856, "destination_lat": 38.7486982, "destination_lon": -90.3700257, "traffic_date": "2026-01-12", "traffic_dataset": "January 12th - Monday", "weight_id": "w_0133", "distance_weight": 0.2, "population_weight": 0.1, "traffic_weight": 0.2, "airspace_weight": 0.5, "path_nodes": 97, "path_node_ids": [8877, 8879, 8896, 8900, 8924, 8930, 10012, 10015, 10018, 10062, 10055, 10058, 10094, 10096, 10103, 10104, 10110, 10109, 10516, 10515, 10514, 10513, 10298, 10295, 10296, 10297, 10309, 10532, 10533, 10349, 10347, 10348, 10346, 10359, 10358, 10356, 10357, 10336, 10335, 10337, 10330, 2548, 2527, 2525, 2526, 2538, 2540, 2516, 2530, 2534, 2559, 2561, 2840, 2842, 2843, 2845, 2878, 2879, 2884, 2883, 2893, 4095, 4096, 3932, 3933, 3958, 3962, 3974, 3973, 3972, 3971, 3981, 3978, 3976, 3941, 4043, 4038, 4037, 4012, 4021, 4020, 4023, 4055, 4059, 4063, 4064, 5048, 5052, 5076, 5082, 5299, 5304, 5319, 5321, 5357, 5358, 5364], "elapsed_seconds": 0.05604299998958595, "status": "success", "failure_reason": "", "route_distance_km": 76.5609645326455, "distance_cost_sum": 84.26029260808329, "population_cost_sum": 26.753434700065455, "traffic_cost_sum": 28.06115309681709, "airspace_cost_sum": 47.2, "total_weighted_score": 48.73963261098664}, "geometry": {"type": "LineString", "coordinates": [[-89.83272609742262, 38.54503213945896], [-89.83825778508921, 38.54968628939868], [-89.84379018463301, 38.55434020475587], [-89.84932329623358, 38.558993885398685], [-89.85485712007056, 38.56364733119524], [-89.86039165632353, 38.56830054201366], [-89.86592690517212, 38.57295351772198], [-89.871462866796, 38.577606258188254], [-89.87126749054252, 38.58210552867199], [-89.8768044781077, 38.58675805398646], [-89.88234217896623, 38.591410343755804], [-89.8878805932977, 38.59606239784802], [-89.89341972128202, 38.600714216131045], [-89.89895956309883, 38.60536579847276], [-89.90450011892796, 38.61001714474108], [-89.91004138894921, 38.614668254803874], [-89.9155833733424, 38.61931912852895], [-89.92131862594731, 38.619470314708934], [-89.9268617252078, 38.624120695492145], [-89.93259742104341, 38.62427134452904], [-89.93833315971467, 38.6244217128885], [-89.9442600654149, 38.62007225316597], [-89.94999553214618, 38.62022203618278], [-89.95573104146416, 38.620371538547964], [-89.96146659328937, 38.6205207602552], [-89.96720218754218, 38.620669701298226], [-89.97274848683627, 38.62531802846435], [-89.9782955010475, 38.62996611819141], [-89.98403193705393, 38.63011426460664], [-89.9897684151902, 38.630262130242976], [-89.99550493537676, 38.630409715094125], [-90.001241497534, 38.63055701915386], [-90.00697810158232, 38.630704042416006], [-90.01271474744215, 38.63085078487433], [-90.01845143503385, 38.63099724652267], [-90.02418816427785, 38.631143427354814], [-90.02992493509446, 38.631289327364605], [-90.03566174740413, 38.6314349465459], [-90.04139860112724, 38.63158028489256], [-90.04713549618415, 38.63172534239843], [-90.0530568061099, 38.627370128132036], [-90.0587934259509, 38.627514600818145], [-90.06453008687686, 38.627658792689985], [-90.07026678880817, 38.62780270374147], [-90.07600353166524, 38.62794633396657], [-90.08174031536842, 38.6280896833592], [-90.08747713983809, 38.62823275191331], [-90.09339583428118, 38.623875383605984], [-90.09895091075838, 38.62851804648185], [-90.10450670259345, 38.633160469873815], [-90.11006320996535, 38.6378026536494], [-90.11562043305292, 38.64244459767609], [-90.12135857394713, 38.64258604896054], [-90.12691691116937, 38.64722749468063], [-90.13265549047176, 38.64736840647394], [-90.13821494197643, 38.652009353518125], [-90.14395395948668, 38.652149725619736], [-90.14951452542148, 38.65679017361872], [-90.15507580784583, 38.66143038105964], [-90.16081566145125, 38.66156995441258], [-90.16637805865126, 38.66620966221335], [-90.17194117271791, 38.67084912909773], [-90.17750500383, 38.67548835493302], [-90.18306955216653, 38.68012733958649], [-90.18863481790633, 38.68476608292537], [-90.19420080122836, 38.68940458481685], [-90.19976750231159, 38.694042845128145], [-90.20533492133491, 38.69868086372641], [-90.2110779994899, 38.698818081237896], [-90.21682111672072, 38.69895501710115], [-90.22256427294727, 38.69909167131035], [-90.22848129289677, 38.69472741490856], [-90.23422416781283, 38.694863484025944], [-90.24014014948251, 38.69049859495047], [-90.24605541323987, 38.68613337677085], [-90.2517976862147, 38.68626855773688], [-90.2577119118291, 38.6819027074584], [-90.26345390283052, 38.6820373037779], [-90.26936709031678, 38.677670821751065], [-90.2751087990677, 38.67780483358376], [-90.28085054596801, 38.677938563930056], [-90.28642224922152, 38.68257287379895], [-90.29199467021606, 38.68720694068001], [-90.29756780913004, 38.69184076444029], [-90.3031416661418, 38.696474344946864], [-90.30888503852013, 38.69660675247757], [-90.31446001070607, 38.70123982903419], [-90.32003570136486, 38.70587266197814], [-90.32561211067481, 38.710505251176386], [-90.33118923881437, 38.715137596495865], [-90.3367670859619, 38.719769697803464], [-90.34234565229588, 38.724401554966114], [-90.34792493799469, 38.72903316785066], [-90.35350494323681, 38.73366453632395], [-90.35908566820065, 38.73829566025279], [-90.36466711306467, 38.742926539503976], [-90.37024927800739, 38.74755717394432]]}}, {"type": "Feature", "properties": {"route_run_id": "stl_midamerica_to_st_louis_lambert_2026-01-12_0253", "route_pair": "midamerica_to_st_louis_lambert", "route_pair_label": "MidAmerica to St. Louis Lambert", "origin_label": "MidAmerica St. Louis Airport", "destination_label": "St. Louis Lambert International Airport", "origin_lat": 38.5451731, "origin_lon": -89.8351856, "destination_lat": 38.7486982, "destination_lon": -90.3700257, "traffic_date": "2026-01-12", "traffic_dataset": "January 12th - Monday", "weight_id": "w_0253", "distance_weight": 0.6, "population_weight": 0.0, "traffic_weight": 0.0, "airspace_weight": 0.4, "path_nodes": 96, "path_node_ids": [8877, 8876, 8892, 8897, 8899, 8926, 9788, 10013, 10014, 10036, 10052, 10054, 10061, 10051, 10049, 10048, 10050, 10253, 10252, 10241, 10240, 10248, 10246, 10247, 10245, 10231, 10230, 10262, 10150, 10148, 10149, 10151, 10161, 10159, 10158, 10160, 10166, 10168, 10167, 10169, 2247, 2269, 2268, 2257, 2256, 2254, 2279, 2293, 2296, 2301, 2303, 2491, 2492, 2818, 2496, 2507, 2506, 2828, 2505, 2809, 2811, 2810, 2728, 2730, 2731, 2729, 2715, 2717, 2714, 2716, 2738, 2741, 2745, 2747, 2684, 2687, 3987, 3990, 4016, 4017, 4022, 4029, 4034, 4060, 4064, 5048, 5052, 5076, 5082, 5299, 5304, 5319, 5321, 5357, 5358, 5364], "elapsed_seconds": 0.03922249999595806, "status": "success", "failure_reason": "", "route_distance_km": 71.90057520712594, "distance_cost_sum": 79.13123277148179, "population_cost_sum": 53.29567736851651, "traffic_cost_sum": 39.307370558879065, "airspace_cost_sum": 46.2, "total_weighted_score": 65.95873966288909}, "geometry": {"type": "LineString", "coordinates": [[-89.83272609742262, 38.54503213945896], [-89.83845499191484, 38.54518713674757], [-89.84398707949187, 38.54984103165108], [-89.84951987896733, 38.55449469187918], [-89.85505339052077, 38.559148117300026], [-89.86058761433173, 38.563801307781745], [-89.86612255057987, 38.568454263192415], [-89.87165819944471, 38.57310698340007], [-89.87719456110594, 38.577759468272795], [-89.88273163574308, 38.582411717678575], [-89.88826942353593, 38.58706373148541], [-89.89380792466403, 38.591715509561276], [-89.89934713930707, 38.59636705177409], [-89.90508047722643, 38.59651895818466], [-89.91081385831642, 38.59667058421835], [-89.91654728249756, 38.596821929868824], [-89.92228074969049, 38.59697299512966], [-89.92801425981584, 38.59712377999449], [-89.93374781279411, 38.597274284457015], [-89.93948140854593, 38.5974245085108], [-89.94521504699188, 38.5975744521496], [-89.95094872805251, 38.59772411536704], [-89.95668245164843, 38.59787349815684], [-89.96241621770018, 38.59802260051268], [-89.96815002612831, 38.59817142242828], [-89.9738838768534, 38.59831996389739], [-89.97961776979602, 38.59846822491371], [-89.98535170487666, 38.59861620547102], [-89.99108568201598, 38.59876390556306], [-89.99681970113441, 38.59891132518362], [-90.00255376215256, 38.59905846432648], [-90.00828786499093, 38.59920532298544], [-90.01402200957008, 38.5993519011543], [-90.01975619581054, 38.599498198826886], [-90.02549042363282, 38.599644215997024], [-90.03122469295744, 38.59978995265856], [-90.03695900370492, 38.599935408805365], [-90.0426933557958, 38.60008058443128], [-90.04842774915056, 38.600225479530216], [-90.05416218368977, 38.60037009409603], [-90.05989665933384, 38.60051442812264], [-90.06563117600335, 38.600658481603965], [-90.07136573361876, 38.60080225453393], [-90.07710033210058, 38.60094574690646], [-90.0828349713693, 38.601088958715515], [-90.08856965134538, 38.60123188995506], [-90.0941227455516, 38.605874717602354], [-90.09967655430022, 38.61051730605643], [-90.10523107776994, 38.61515965518486], [-90.11078631613944, 38.61980176485522], [-90.11652262799952, 38.61994338379215], [-90.1220789793104, 38.62458499570804], [-90.12781572923257, 38.62472607564535], [-90.13337319363258, 38.629367189437694], [-90.13911038141684, 38.62950773017495], [-90.14484760917111, 38.62964799001386], [-90.15058487681573, 38.629787968948484], [-90.156322184271, 38.62992766697294], [-90.16205953145733, 38.63006708408134], [-90.16779691829495, 38.630206220267794], [-90.17353434470424, 38.6303450755264], [-90.17927181060547, 38.63048364985134], [-90.185009315919, 38.63062194323676], [-90.1907468605651, 38.6307599556768], [-90.1964844444641, 38.63089768716567], [-90.2022220675363, 38.63103513769752], [-90.20795972970198, 38.63117230726659], [-90.21369743088145, 38.63130919586706], [-90.21943517099498, 38.631445803493165], [-90.22517294996291, 38.63158213013913], [-90.2309107677055, 38.63171817579922], [-90.2364756999938, 38.63635464897752], [-90.2420413482591, 38.64099088040321], [-90.24760771267954, 38.645626869943555], [-90.25317479343335, 38.65026261746583], [-90.25874259069872, 38.654898122837295], [-90.26431110465388, 38.659533385925144], [-90.26988033547711, 38.664168406596616], [-90.27545028334664, 38.66880318471887], [-90.28102094844074, 38.67343772015905], [-90.28659233093768, 38.67807201278429], [-90.29216443101578, 38.68270606246168], [-90.29773724885335, 38.68733986905835], [-90.30331078462868, 38.69197343244128], [-90.30888503852013, 38.69660675247757], [-90.31446001070607, 38.70123982903419], [-90.32003570136486, 38.70587266197814], [-90.32561211067481, 38.710505251176386], [-90.33118923881437, 38.715137596495865], [-90.3367670859619, 38.719769697803464], [-90.34234565229588, 38.724401554966114], [-90.34792493799469, 38.72903316785066], [-90.35350494323681, 38.73366453632395], [-90.35908566820065, 38.73829566025279], [-90.36466711306467, 38.742926539503976], [-90.37024927800739, 38.74755717394432]]}}, {"type": "Feature", "properties": {"route_run_id": "stl_midamerica_to_st_louis_lambert_2026-01-12_0171", "route_pair": "midamerica_to_st_louis_lambert", "route_pair_label": "MidAmerica to St. Louis Lambert", "origin_label": "MidAmerica St. Louis Airport", "destination_label": "St. Louis Lambert International Airport", "origin_lat": 38.5451731, "origin_lon": -89.8351856, "destination_lat": 38.7486982, "destination_lon": -90.3700257, "traffic_date": "2026-01-12", "traffic_dataset": "January 12th - Monday", "weight_id": "w_0171", "distance_weight": 0.3, "population_weight": 0.0, "traffic_weight": 0.3, "airspace_weight": 0.4, "path_nodes": 96, "path_node_ids": [8877, 8879, 8896, 8900, 8924, 8930, 9788, 10013, 10014, 10036, 10052, 10054, 10061, 10051, 10049, 10048, 10050, 10253, 10252, 10241, 10240, 10249, 10275, 10277, 10293, 10304, 10305, 10306, 10319, 10321, 10320, 10318, 10355, 10358, 10356, 10357, 10336, 10335, 10337, 10330, 2548, 2527, 2525, 2526, 2538, 2540, 2516, 2530, 2534, 2559, 2561, 2840, 2842, 2843, 2845, 2878, 2879, 2884, 2883, 2893, 4095, 2896, 3904, 3903, 3901, 3897, 3905, 3893, 3906, 3894, 2807, 3916, 3915, 3917, 4011, 4010, 4009, 4008, 4019, 4017, 4022, 4029, 4034, 4060, 4064, 5048, 5052, 5076, 5082, 5299, 5304, 5319, 5321, 5357, 5358, 5364], "elapsed_seconds": 0.05485090002184734, "status": "success", "failure_reason": "", "route_distance_km": 73.51307854427678, "distance_cost_sum": 80.90589697339249, "population_cost_sum": 41.49541304409677, "traffic_cost_sum": 28.946637514398173, "airspace_cost_sum": 46.8, "total_weighted_score": 51.67576034633721}, "geometry": {"type": "LineString", "coordinates": [[-89.83272609742262, 38.54503213945896], [-89.83825778508921, 38.54968628939868], [-89.84379018463301, 38.55434020475587], [-89.84932329623358, 38.558993885398685], [-89.85485712007056, 38.56364733119524], [-89.86039165632353, 38.56830054201366], [-89.86612255057987, 38.568454263192415], [-89.87165819944471, 38.57310698340007], [-89.87719456110594, 38.577759468272795], [-89.88273163574308, 38.582411717678575], [-89.88826942353593, 38.58706373148541], [-89.89380792466403, 38.591715509561276], [-89.89934713930707, 38.59636705177409], [-89.90508047722643, 38.59651895818466], [-89.91081385831642, 38.59667058421835], [-89.91654728249756, 38.596821929868824], [-89.92228074969049, 38.59697299512966], [-89.92801425981584, 38.59712377999449], [-89.93374781279411, 38.597274284457015], [-89.93948140854593, 38.5974245085108], [-89.94521504699188, 38.5975744521496], [-89.95075817398295, 38.60222370805987], [-89.95630201501413, 38.606872727099336], [-89.96184657026487, 38.611521509135784], [-89.96739183991471, 38.61617005403699], [-89.97312711918148, 38.61631869062297], [-89.97867350301271, 38.62096674136646], [-89.98440922407127, 38.621114840379136], [-89.99014498723932, 38.62126265870254], [-89.99588079243732, 38.621410196330416], [-90.00161663958568, 38.62155745325657], [-90.00735252860491, 38.621704429474754], [-90.01290162428964, 38.62635095704363], [-90.01845143503385, 38.63099724652267], [-90.02418816427785, 38.631143427354814], [-90.02992493509446, 38.631289327364605], [-90.03566174740413, 38.6314349465459], [-90.04139860112724, 38.63158028489256], [-90.04713549618415, 38.63172534239843], [-90.0530568061099, 38.627370128132036], [-90.0587934259509, 38.627514600818145], [-90.06453008687686, 38.627658792689985], [-90.07026678880817, 38.62780270374147], [-90.07600353166524, 38.62794633396657], [-90.08174031536842, 38.6280896833592], [-90.08747713983809, 38.62823275191331], [-90.09339583428118, 38.623875383605984], [-90.09895091075838, 38.62851804648185], [-90.10450670259345, 38.633160469873815], [-90.11006320996535, 38.6378026536494], [-90.11562043305292, 38.64244459767609], [-90.12135857394713, 38.64258604896054], [-90.12691691116937, 38.64722749468063], [-90.13265549047176, 38.64736840647394], [-90.13821494197643, 38.652009353518125], [-90.14395395948668, 38.652149725619736], [-90.14951452542148, 38.65679017361872], [-90.15507580784583, 38.66143038105964], [-90.16081566145125, 38.66156995441258], [-90.16637805865126, 38.66620966221335], [-90.17194117271791, 38.67084912909773], [-90.17768186213493, 38.67098790312105], [-90.18342259105025, 38.67112639580074], [-90.18916335938395, 38.67126460713097], [-90.19490416705614, 38.67140253710589], [-90.2008203987478, 38.66703964140278], [-90.20656092632214, 38.66717698667456], [-90.21230149298593, 38.66731405061853], [-90.21804209865932, 38.6674508332289], [-90.22378274326235, 38.66758733449987], [-90.2295234267152, 38.667723554425685], [-90.23526414893806, 38.6678594930006], [-90.24100490985096, 38.667995150218864], [-90.24674570937407, 38.66813052607476], [-90.25231438982323, 38.67276636103712], [-90.25805562494689, 38.67290119572174], [-90.26379689845037, 38.67303574898191], [-90.26953821025378, 38.673170020811966], [-90.27527956027723, 38.67330401120623], [-90.28102094844074, 38.67343772015905], [-90.28659233093768, 38.67807201278429], [-90.29216443101578, 38.68270606246168], [-90.29773724885335, 38.68733986905835], [-90.30331078462868, 38.69197343244128], [-90.30888503852013, 38.69660675247757], [-90.31446001070607, 38.70123982903419], [-90.32003570136486, 38.70587266197814], [-90.32561211067481, 38.710505251176386], [-90.33118923881437, 38.715137596495865], [-90.3367670859619, 38.719769697803464], [-90.34234565229588, 38.724401554966114], [-90.34792493799469, 38.72903316785066], [-90.35350494323681, 38.73366453632395], [-90.35908566820065, 38.73829566025279], [-90.36466711306467, 38.742926539503976], [-90.37024927800739, 38.74755717394432]]}}, {"type": "Feature", "properties": {"route_run_id": "stl_midamerica_to_st_louis_lambert_2026-01-12_0203", "route_pair": "midamerica_to_st_louis_lambert", "route_pair_label": "MidAmerica to St. Louis Lambert", "origin_label": "MidAmerica St. Louis Airport", "destination_label": "St. Louis Lambert International Airport", "origin_lat": 38.5451731, "origin_lon": -89.8351856, "destination_lat": 38.7486982, "destination_lon": -90.3700257, "traffic_date": "2026-01-12", "traffic_dataset": "January 12th - Monday", "weight_id": "w_0203", "distance_weight": 0.3, "population_weight": 0.7, "traffic_weight": 0.0, "airspace_weight": 0.0, "path_nodes": 101, "path_node_ids": [8877, 8881, 8905, 8906, 8933, 8929, 9143, 9146, 9173, 10020, 10063, 10067, 10069, 10083, 10099, 10422, 10101, 10106, 10104, 10110, 10109, 10516, 10515, 10514, 10517, 10522, 10299, 10300, 10301, 10309, 10308, 10533, 10363, 10350, 10351, 10366, 10376, 10374, 10379, 10614, 10407, 10410, 10411, 10408, 2604, 2605, 2606, 2603, 10715, 10714, 10713, 10722, 2597, 10723, 2596, 2876, 2875, 2874, 2873, 2885, 2886, 2884, 2883, 2890, 2891, 2895, 3904, 3925, 3926, 3931, 3951, 3954, 3953, 3966, 3944, 3977, 3976, 3941, 4043, 4066, 4067, 4068, 4185, 4187, 4188, 4076, 4075, 4082, 4084, 5080, 5084, 5310, 5311, 5337, 5320, 5322, 5323, 5346, 5357, 5358, 5364], "elapsed_seconds": 0.042408799985423684, "status": "success", "failure_reason": "", "route_distance_km": 74.86814321158518, "distance_cost_sum": 82.39723327077671, "population_cost_sum": 14.83726570267187, "traffic_cost_sum": 45.432997513902926, "airspace_cost_sum": 53.4, "total_weighted_score": 35.10525597310332}, "geometry": {"type": "LineString", "coordinates": [[-89.83272609742262, 38.54503213945896], [-89.83252853470323, 38.54953126729425], [-89.83233092788802, 38.55403039080605], [-89.83786323937711, 38.55868458173916], [-89.83766590046945, 38.563183721427826], [-89.84319923632499, 38.56783769816219], [-89.84873328471264, 38.57249144006519], [-89.8542680458121, 38.5771449470049], [-89.85980351980317, 38.58179821884939], [-89.86533970686553, 38.58645125546666], [-89.87087660717904, 38.591104056724724], [-89.87068110004802, 38.59560331429298], [-89.87621902698532, 38.60025590028999], [-89.88175766769213, 38.604908250624604], [-89.88729702234833, 38.60956036516477], [-89.89283709113381, 38.614212243778354], [-89.89857181380691, 38.614364528005225], [-89.90430657977188, 38.61451653168253], [-89.91004138894921, 38.614668254803874], [-89.9155833733424, 38.61931912852895], [-89.92131862594731, 38.619470314708934], [-89.9268617252078, 38.624120695492145], [-89.93259742104341, 38.62427134452904], [-89.93833315971467, 38.6244217128885], [-89.94406894114202, 38.62457180056415], [-89.94980476524591, 38.62472160754967], [-89.95554063194687, 38.62487113383877], [-89.96127654116528, 38.62502037942509], [-89.96701249282155, 38.625169344302385], [-89.97274848683627, 38.62531802846435], [-89.97848452312972, 38.62546643190471], [-89.98403193705393, 38.63011426460664], [-89.98958006609531, 38.63476185964426], [-89.99531694389556, 38.63490946811138], [-90.00105386367663, 38.63505679574229], [-90.00660350731387, 38.63970363840778], [-90.01234086854143, 38.63985042783196], [-90.01807827152109, 38.63999693635645], [-90.02362942973669, 38.64464302594129], [-90.0291813036891, 38.64928887709267], [-90.03473389355781, 38.653934489678136], [-90.04028719952224, 38.658579863565194], [-90.04602624200047, 38.65872506038847], [-90.05176532579277, 38.658869976095644], [-90.05750445081951, 38.65901461068064], [-90.06324361700084, 38.65915896413734], [-90.06898282425709, 38.65930303645963], [-90.07472207250845, 38.65944682764147], [-90.08046136167522, 38.65959033767675], [-90.0862006916776, 38.659733566559446], [-90.09194006243584, 38.659876514283475], [-90.09767947387014, 38.66001918084284], [-90.10341892590075, 38.66016156623149], [-90.1091584184479, 38.66030367044341], [-90.11489795143179, 38.66044549347263], [-90.12063752477266, 38.66058703531315], [-90.1263771383907, 38.66072829595899], [-90.1321167922061, 38.660869275404174], [-90.13785648613919, 38.66100997364278], [-90.14359622011, 38.661150390668844], [-90.14933599403881, 38.66129052647644], [-90.15507580784583, 38.66143038105964], [-90.16081566145125, 38.66156995441258], [-90.16655555477524, 38.661709246529334], [-90.17229548773797, 38.66184825740402], [-90.17785868094164, 38.666487447153536], [-90.18342259105025, 38.67112639580074], [-90.1889872182426, 38.67576510321293], [-90.19472838451095, 38.67590305525546], [-90.2002941269196, 38.68054126191918], [-90.20586058678872, 38.68517922698935], [-90.21142776429718, 38.68981695033316], [-90.2171701635404, 38.68995384239636], [-90.2229126017605, 38.690090452895454], [-90.22865507887754, 38.69022678182468], [-90.23439759481155, 38.69036282917826], [-90.24014014948251, 38.69049859495047], [-90.24605541323987, 38.68613337677085], [-90.2517976862147, 38.68626855773688], [-90.25736804511756, 38.69090420272148], [-90.26311075393669, 38.69103884211091], [-90.26868222818311, 38.695673984376505], [-90.27425442059507, 38.700308883813186], [-90.27999796237877, 38.700442721166475], [-90.28557127047641, 38.70507711728869], [-90.29148516021279, 38.700709550716724], [-90.297228816103, 38.700842542902386], [-90.30280331580018, 38.70547615766316], [-90.30837853409372, 38.710109528957155], [-90.31395447116216, 38.71474265665128], [-90.31378588266769, 38.71924359100243], [-90.31936286061908, 38.72387649197406], [-90.32494055786266, 38.72850914903958], [-90.330518974577, 38.7331415620659], [-90.33626541075455, 38.733272728767844], [-90.3420118843105, 38.73340361338185], [-90.34775839516463, 38.73353421590239], [-90.35333872308522, 38.73816560113835], [-90.35908566820065, 38.73829566025279], [-90.36466711306467, 38.742926539503976], [-90.37024927800739, 38.74755717394432]]}}, {"type": "Feature", "properties": {"route_run_id": "stl_midamerica_to_st_louis_lambert_2026-01-12_0123", "route_pair": "midamerica_to_st_louis_lambert", "route_pair_label": "MidAmerica to St. Louis Lambert", "origin_label": "MidAmerica St. Louis Airport", "destination_label": "St. Louis Lambert International Airport", "origin_lat": 38.5451731, "origin_lon": -89.8351856, "destination_lat": 38.7486982, "destination_lon": -90.3700257, "traffic_date": "2026-01-12", "traffic_dataset": "January 12th - Monday", "weight_id": "w_0123", "distance_weight": 0.2, "population_weight": 0.0, "traffic_weight": 0.1, "airspace_weight": 0.7, "path_nodes": 96, "path_node_ids": [8877, 8879, 8896, 8900, 8924, 8930, 9788, 10013, 10014, 10036, 10052, 10054, 10061, 10051, 10049, 10048, 10050, 10253, 10252, 10241, 10240, 10248, 10246, 10247, 10251, 10263, 10265, 10264, 10178, 10179, 10177, 10176, 10199, 10198, 10196, 10197, 10170, 10182, 10171, 10183, 2270, 2272, 2271, 2278, 2280, 2281, 2279, 2293, 2296, 2301, 2303, 2491, 2492, 2818, 2496, 2507, 2506, 2828, 2505, 2809, 2811, 2810, 2728, 2730, 2731, 2732, 2755, 2757, 2782, 2780, 2775, 2802, 2805, 3917, 4011, 4010, 4009, 4008, 4019, 4017, 4022, 4029, 4034, 4060, 4064, 5048, 5052, 5076, 5082, 5299, 5304, 5319, 5321, 5357, 5358, 5364], "elapsed_seconds": 0.05652320000808686, "status": "success", "failure_reason": "", "route_distance_km": 72.43669752602898, "distance_cost_sum": 79.72127005406114, "population_cost_sum": 48.356142096746986, "traffic_cost_sum": 33.32638916930293, "airspace_cost_sum": 46.2, "total_weighted_score": 51.61689292774254}, "geometry": {"type": "LineString", "coordinates": [[-89.83272609742262, 38.54503213945896], [-89.83825778508921, 38.54968628939868], [-89.84379018463301, 38.55434020475587], [-89.84932329623358, 38.558993885398685], [-89.85485712007056, 38.56364733119524], [-89.86039165632353, 38.56830054201366], [-89.86612255057987, 38.568454263192415], [-89.87165819944471, 38.57310698340007], [-89.87719456110594, 38.577759468272795], [-89.88273163574308, 38.582411717678575], [-89.88826942353593, 38.58706373148541], [-89.89380792466403, 38.591715509561276], [-89.89934713930707, 38.59636705177409], [-89.90508047722643, 38.59651895818466], [-89.91081385831642, 38.59667058421835], [-89.91654728249756, 38.596821929868824], [-89.92228074969049, 38.59697299512966], [-89.92801425981584, 38.59712377999449], [-89.93374781279411, 38.597274284457015], [-89.93948140854593, 38.5974245085108], [-89.94521504699188, 38.5975744521496], [-89.95094872805251, 38.59772411536704], [-89.95668245164843, 38.59787349815684], [-89.96241621770018, 38.59802260051268], [-89.9679605430459, 38.602671086714345], [-89.97369475078722, 38.60281965195827], [-89.97942900075623, 38.60296793670464], [-89.98516329287352, 38.603115940947184], [-89.99070953011385, 38.6077634195523], [-89.99644426342562, 38.60791088636707], [-90.00217903865732, 38.60805807261457], [-90.0079138557295, 38.60820497828854], [-90.01364871456262, 38.60835160338281], [-90.01938361507719, 38.6084979478912], [-90.0251185571937, 38.60864401180754], [-90.03085354083264, 38.60878979512565], [-90.0367738054864, 38.60443535543286], [-90.04250851471467, 38.60458055429603], [-90.04824326521684, 38.6047254725874], [-90.05397805691341, 38.60487011030083], [-90.05971288972478, 38.60501446743025], [-90.06544776357148, 38.60515854396957], [-90.07118267837402, 38.605302339912704], [-90.07691763405278, 38.60544585525359], [-90.08265263052834, 38.605589089986196], [-90.08838766772114, 38.60573204410446], [-90.0941227455516, 38.605874717602354], [-90.09967655430022, 38.61051730605643], [-90.10523107776994, 38.61515965518486], [-90.11078631613944, 38.61980176485522], [-90.11652262799952, 38.61994338379215], [-90.1220789793104, 38.62458499570804], [-90.12781572923257, 38.62472607564535], [-90.13337319363258, 38.629367189437694], [-90.13911038141684, 38.62950773017495], [-90.14484760917111, 38.62964799001386], [-90.15058487681573, 38.629787968948484], [-90.156322184271, 38.62992766697294], [-90.16205953145733, 38.63006708408134], [-90.16779691829495, 38.630206220267794], [-90.17353434470424, 38.6303450755264], [-90.17927181060547, 38.63048364985134], [-90.185009315919, 38.63062194323676], [-90.1907468605651, 38.6307599556768], [-90.1964844444641, 38.63089768716567], [-90.20204699586435, 38.63553571516044], [-90.2076102631287, 38.640173501959694], [-90.21317424643554, 38.64481104743077], [-90.21873894596322, 38.64944835144101], [-90.22447815711037, 38.64958476537795], [-90.23004397010321, 38.6542215684137], [-90.23561049969246, 38.65885812963025], [-90.24117774605664, 38.663494448894866], [-90.24674570937407, 38.66813052607476], [-90.25231438982323, 38.67276636103712], [-90.25805562494689, 38.67290119572174], [-90.26379689845037, 38.67303574898191], [-90.26953821025378, 38.673170020811966], [-90.27527956027723, 38.67330401120623], [-90.28102094844074, 38.67343772015905], [-90.28659233093768, 38.67807201278429], [-90.29216443101578, 38.68270606246168], [-90.29773724885335, 38.68733986905835], [-90.30331078462868, 38.69197343244128], [-90.30888503852013, 38.69660675247757], [-90.31446001070607, 38.70123982903419], [-90.32003570136486, 38.70587266197814], [-90.32561211067481, 38.710505251176386], [-90.33118923881437, 38.715137596495865], [-90.3367670859619, 38.719769697803464], [-90.34234565229588, 38.724401554966114], [-90.34792493799469, 38.72903316785066], [-90.35350494323681, 38.73366453632395], [-90.35908566820065, 38.73829566025279], [-90.36466711306467, 38.742926539503976], [-90.37024927800739, 38.74755717394432]]}}, {"type": "Feature", "properties": {"route_run_id": "stl_midamerica_to_st_louis_lambert_2026-01-12_0195", "route_pair": "midamerica_to_st_louis_lambert", "route_pair_label": "MidAmerica to St. Louis Lambert", "origin_label": "MidAmerica St. Louis Airport", "destination_label": "St. Louis Lambert International Airport", "origin_lat": 38.5451731, "origin_lon": -89.8351856, "destination_lat": 38.7486982, "destination_lon": -90.3700257, "traffic_date": "2026-01-12", "traffic_dataset": "January 12th - Monday", "weight_id": "w_0195", "distance_weight": 0.3, "population_weight": 0.4, "traffic_weight": 0.1, "airspace_weight": 0.2, "path_nodes": 97, "path_node_ids": [8877, 8881, 8904, 8922, 8923, 8927, 9145, 10016, 10018, 10062, 10055, 10058, 10094, 10096, 10103, 10104, 10110, 10109, 10516, 10515, 10514, 10517, 10522, 10299, 10524, 10529, 10538, 10539, 10537, 10367, 10364, 10365, 10370, 10381, 10380, 10379, 10378, 10391, 10402, 10404, 10408, 2604, 2605, 2606, 2603, 10716, 10717, 10718, 10729, 10730, 10744, 10745, 2907, 4107, 4109, 4112, 4145, 4150, 4149, 4153, 4175, 4133, 4132, 4134, 3964, 4286, 4285, 3974, 3973, 3972, 3971, 3982, 4295, 3983, 4297, 4198, 4199, 4201, 4216, 4229, 4232, 4230, 4242, 4265, 4244, 4243, 5336, 5338, 5341, 5339, 5345, 5324, 5347, 5346, 5357, 5358, 5364], "elapsed_seconds": 0.05078680001315661, "status": "success", "failure_reason": "", "route_distance_km": 72.30828212957256, "distance_cost_sum": 79.5799406057338, "population_cost_sum": 18.69733715578537, "traffic_cost_sum": 37.40028504900544, "airspace_cost_sum": 51.2, "total_weighted_score": 45.33294554893484}, "geometry": {"type": "LineString", "coordinates": [[-89.83272609742262, 38.54503213945896], [-89.83252853470323, 38.54953126729425], [-89.83806053424684, 38.55418543772932], [-89.84359324582596, 38.558839373542895], [-89.84912666962028, 38.563493074603095], [-89.85466080580946, 38.568146540778045], [-89.86019565457306, 38.572799771935806], [-89.86573121609086, 38.57745276794444], [-89.87126749054252, 38.58210552867199], [-89.8768044781077, 38.58675805398646], [-89.88234217896623, 38.591410343755804], [-89.8878805932977, 38.59606239784802], [-89.89341972128202, 38.600714216131045], [-89.89895956309883, 38.60536579847276], [-89.90450011892796, 38.61001714474108], [-89.91004138894921, 38.614668254803874], [-89.9155833733424, 38.61931912852895], [-89.92131862594731, 38.619470314708934], [-89.9268617252078, 38.624120695492145], [-89.93259742104341, 38.62427134452904], [-89.93833315971467, 38.6244217128885], [-89.94406894114202, 38.62457180056415], [-89.94980476524591, 38.62472160754967], [-89.95554063194687, 38.62487113383877], [-89.96108644660326, 38.62951999433463], [-89.966632976295, 38.63416861753812], [-89.97218022120177, 38.63881700331695], [-89.97791733024451, 38.63896547800877], [-89.98365448151714, 38.63911367183824], [-89.98939167493998, 38.639261584799115], [-89.9951289104335, 38.63940921688515], [-90.00086618791799, 38.639556568090114], [-90.00641614743708, 38.64420343004679], [-90.01215386646798, 38.64435024295822], [-90.0178916272611, 38.64449677492512], [-90.02362942973669, 38.64464302594129], [-90.02936727381517, 38.644788996000585], [-90.0349195472141, 38.64943458949962], [-90.0406578321926, 38.64958002089252], [-90.04621122092473, 38.6542251179363], [-90.05176532579277, 38.658869976095644], [-90.05750445081951, 38.65901461068064], [-90.06324361700084, 38.65915896413734], [-90.06898282425709, 38.65930303645963], [-90.07472207250845, 38.65944682764147], [-90.08027849074135, 38.66409041434458], [-90.08601817899587, 38.66423366614264], [-90.09175790801612, 38.66437663673715], [-90.0973158409683, 38.669019467207306], [-90.10305600964216, 38.66916189816016], [-90.10861505837465, 38.67380423026503], [-90.1143556665019, 38.67394612137533], [-90.12009631501547, 38.67408773116219], [-90.1256568785435, 38.67872930581226], [-90.13139796616022, 38.67887037549889], [-90.13695964571467, 38.683511450900546], [-90.14252204267808, 38.68815228569193], [-90.14808515722972, 38.692792879740324], [-90.15382748129907, 38.69293289101744], [-90.15939171242222, 38.69757298499622], [-90.1651344750913, 38.69771245548389], [-90.17087727747607, 38.69785164437002], [-90.17662011949652, 38.69799055164876], [-90.18236300107269, 38.69812917731423], [-90.18810592212462, 38.698267521360556], [-90.19384888257228, 38.69840558378194], [-90.1995918823357, 38.69854336457249], [-90.20533492133491, 38.69868086372641], [-90.2110779994899, 38.698818081237896], [-90.21682111672072, 38.69895501710115], [-90.22256427294727, 38.69909167131035], [-90.22830746808964, 38.699228043859776], [-90.23405070206775, 38.699364134743625], [-90.23979397480163, 38.69949994395616], [-90.24536450002277, 38.704136161482424], [-90.25110820919835, 38.70427142896936], [-90.25685195689897, 38.704406414722804], [-90.2624239960298, 38.709041869378396], [-90.26799675378774, 38.71367708117809], [-90.27357023035168, 38.71831204998893], [-90.27914442590036, 38.722946775677876], [-90.28488980273018, 38.72308043816236], [-90.29046511515969, 38.72771465998137], [-90.29604114694997, 38.73234863831933], [-90.30178735717278, 38.73248149743191], [-90.30753360525517, 38.73261407449003], [-90.31327989111702, 38.732746369488076], [-90.31902621467803, 38.73287838242046], [-90.32460455631471, 38.7375110734335], [-90.33035131489382, 38.737642543240376], [-90.33609811094065, 38.737773730919855], [-90.341844944375, 38.73790463646636], [-90.34759181511657, 38.738035259874366], [-90.35333872308522, 38.73816560113835], [-90.35908566820065, 38.73829566025279], [-90.36466711306467, 38.742926539503976], [-90.37024927800739, 38.74755717394432]]}}, {"type": "Feature", "properties": {"route_run_id": "stl_midamerica_to_st_louis_lambert_2026-01-12_0196", "route_pair": "midamerica_to_st_louis_lambert", "route_pair_label": "MidAmerica to St. Louis Lambert", "origin_label": "MidAmerica St. Louis Airport", "destination_label": "St. Louis Lambert International Airport", "origin_lat": 38.5451731, "origin_lon": -89.8351856, "destination_lat": 38.7486982, "destination_lon": -90.3700257, "traffic_date": "2026-01-12", "traffic_dataset": "January 12th - Monday", "weight_id": "w_0196", "distance_weight": 0.3, "population_weight": 0.4, "traffic_weight": 0.2, "airspace_weight": 0.1, "path_nodes": 100, "path_node_ids": [8877, 8881, 8905, 8906, 8925, 8928, 8931, 9149, 10017, 10021, 10063, 10068, 10070, 10095, 10099, 10422, 10101, 10106, 10104, 10110, 10109, 10516, 10515, 10514, 10517, 10522, 10299, 10524, 10529, 10538, 10539, 10537, 10367, 10364, 10365, 10370, 10381, 10380, 10379, 10378, 10391, 10402, 10404, 10408, 2604, 2605, 2606, 2603, 10716, 10717, 10718, 10729, 10730, 10744, 10746, 4111, 4137, 4138, 4139, 4148, 4150, 4149, 4153, 4178, 4177, 4176, 4179, 4288, 4286, 4285, 3974, 3973, 3972, 3971, 3982, 4295, 4299, 4301, 4202, 4215, 4220, 4223, 4255, 4233, 4234, 4242, 4265, 4244, 4243, 5336, 5338, 5341, 5339, 5345, 5324, 5347, 5346, 5357, 5358, 5364], "elapsed_seconds": 0.04947870000614785, "status": "success", "failure_reason": "", "route_distance_km": 73.96772514261593, "distance_cost_sum": 81.40626495651777, "population_cost_sum": 18.41630047586951, "traffic_cost_sum": 33.676216512098016, "airspace_cost_sum": 52.2, "total_weighted_score": 43.74364297972274}, "geometry": {"type": "LineString", "coordinates": [[-89.83272609742262, 38.54503213945896], [-89.83252853470323, 38.54953126729425], [-89.83233092788802, 38.55403039080605], [-89.83786323937711, 38.55868458173916], [-89.84339626306016, 38.56333853801179], [-89.84892999911683, 38.56799225949204], [-89.85446444772683, 38.572645746048046], [-89.85999960906982, 38.577298997547835], [-89.86553548332552, 38.58195201385946], [-89.8710720706737, 38.58660479485093], [-89.87087660717904, 38.591104056724724], [-89.87641422092351, 38.59575662249155], [-89.88195254827868, 38.600408952635085], [-89.8874915894244, 38.605061047023284], [-89.88729702234833, 38.60956036516477], [-89.89283709113381, 38.614212243778354], [-89.89857181380691, 38.614364528005225], [-89.90430657977188, 38.61451653168253], [-89.91004138894921, 38.614668254803874], [-89.9155833733424, 38.61931912852895], [-89.92131862594731, 38.619470314708934], [-89.9268617252078, 38.624120695492145], [-89.93259742104341, 38.62427134452904], [-89.93833315971467, 38.6244217128885], [-89.94406894114202, 38.62457180056415], [-89.94980476524591, 38.62472160754967], [-89.95554063194687, 38.62487113383877], [-89.96108644660326, 38.62951999433463], [-89.966632976295, 38.63416861753812], [-89.97218022120177, 38.63881700331695], [-89.97791733024451, 38.63896547800877], [-89.98365448151714, 38.63911367183824], [-89.98939167493998, 38.639261584799115], [-89.9951289104335, 38.63940921688515], [-90.00086618791799, 38.639556568090114], [-90.00641614743708, 38.64420343004679], [-90.01215386646798, 38.64435024295822], [-90.0178916272611, 38.64449677492512], [-90.02362942973669, 38.64464302594129], [-90.02936727381517, 38.644788996000585], [-90.0349195472141, 38.64943458949962], [-90.0406578321926, 38.64958002089252], [-90.04621122092473, 38.6542251179363], [-90.05176532579277, 38.658869976095644], [-90.05750445081951, 38.65901461068064], [-90.06324361700084, 38.65915896413734], [-90.06898282425709, 38.65930303645963], [-90.07472207250845, 38.65944682764147], [-90.08027849074135, 38.66409041434458], [-90.08601817899587, 38.66423366614264], [-90.09175790801612, 38.66437663673715], [-90.0973158409683, 38.669019467207306], [-90.10305600964216, 38.66916189816016], [-90.10861505837465, 38.67380423026503], [-90.11417482409904, 38.67844632230407], [-90.11973530699464, 38.68308817414464], [-90.12529650724075, 38.68772978565403], [-90.1308584250167, 38.69237115669953], [-90.13660062900858, 38.69251201257543], [-90.14234287310624, 38.69265258692433], [-90.14808515722972, 38.692792879740324], [-90.15382748129907, 38.69293289101744], [-90.15939171242222, 38.69757298499622], [-90.16495666151134, 38.70221283787338], [-90.17069982293353, 38.702352049023325], [-90.17644302400102, 38.702490978520885], [-90.18218626463384, 38.702629626360235], [-90.18792954475192, 38.70276799253548], [-90.19384888257228, 38.69840558378194], [-90.1995918823357, 38.69854336457249], [-90.20533492133491, 38.69868086372641], [-90.2110779994899, 38.698818081237896], [-90.21682111672072, 38.69895501710115], [-90.22256427294727, 38.69909167131035], [-90.22830746808964, 38.699228043859776], [-90.23405070206775, 38.699364134743625], [-90.23962082945226, 38.70400061226774], [-90.24519167522915, 38.70863684734796], [-90.25093574365499, 38.70877213647181], [-90.25650770587707, 38.713407868791336], [-90.2620803868679, 38.71804335830804], [-90.26765378680629, 38.72267860488892], [-90.27322790587108, 38.727313608400934], [-90.27897360415623, 38.72744757424986], [-90.2847193406125, 38.72758125811188], [-90.29046511515969, 38.72771465998137], [-90.29604114694997, 38.73234863831933], [-90.30178735717278, 38.73248149743191], [-90.30753360525517, 38.73261407449003], [-90.31327989111702, 38.732746369488076], [-90.31902621467803, 38.73287838242046], [-90.32460455631471, 38.7375110734335], [-90.33035131489382, 38.737642543240376], [-90.33609811094065, 38.737773730919855], [-90.341844944375, 38.73790463646636], [-90.34759181511657, 38.738035259874366], [-90.35333872308522, 38.73816560113835], [-90.35908566820065, 38.73829566025279], [-90.36466711306467, 38.742926539503976], [-90.37024927800739, 38.74755717394432]]}}, {"type": "Feature", "properties": {"route_run_id": "stl_midamerica_to_st_louis_lambert_2026-01-12_0168", "route_pair": "midamerica_to_st_louis_lambert", "route_pair_label": "MidAmerica to St. Louis Lambert", "origin_label": "MidAmerica St. Louis Airport", "destination_label": "St. Louis Lambert International Airport", "origin_lat": 38.5451731, "origin_lon": -89.8351856, "destination_lat": 38.7486982, "destination_lon": -90.3700257, "traffic_date": "2026-01-12", "traffic_dataset": "January 12th - Monday", "weight_id": "w_0168", "distance_weight": 0.3, "population_weight": 0.0, "traffic_weight": 0.0, "airspace_weight": 0.7, "path_nodes": 96, "path_node_ids": [8877, 8876, 8892, 8897, 8899, 8926, 9788, 10013, 10014, 10036, 10052, 10054, 10061, 10051, 10049, 10048, 10050, 10253, 10252, 10241, 10240, 10248, 10246, 10247, 10245, 10231, 10230, 10262, 10150, 10148, 10149, 10151, 10161, 10159, 10158, 10160, 10166, 10168, 10167, 10169, 2247, 2269, 2268, 2257, 2256, 2254, 2279, 2293, 2296, 2301, 2303, 2491, 2492, 2818, 2496, 2507, 2506, 2828, 2505, 2809, 2811, 2810, 2728, 2730, 2731, 2729, 2715, 2717, 2714, 2716, 2738, 2741, 2745, 2747, 2684, 2687, 3987, 3990, 4016, 4017, 4022, 4029, 4034, 4060, 4064, 5048, 5052, 5076, 5082, 5299, 5304, 5319, 5321, 5357, 5358, 5364], "elapsed_seconds": 0.05755159998079762, "status": "success", "failure_reason": "", "route_distance_km": 71.90057520712594, "distance_cost_sum": 79.13123277148179, "population_cost_sum": 53.29567736851651, "traffic_cost_sum": 39.307370558879065, "airspace_cost_sum": 46.2, "total_weighted_score": 56.07936983144455}, "geometry": {"type": "LineString", "coordinates": [[-89.83272609742262, 38.54503213945896], [-89.83845499191484, 38.54518713674757], [-89.84398707949187, 38.54984103165108], [-89.84951987896733, 38.55449469187918], [-89.85505339052077, 38.559148117300026], [-89.86058761433173, 38.563801307781745], [-89.86612255057987, 38.568454263192415], [-89.87165819944471, 38.57310698340007], [-89.87719456110594, 38.577759468272795], [-89.88273163574308, 38.582411717678575], [-89.88826942353593, 38.58706373148541], [-89.89380792466403, 38.591715509561276], [-89.89934713930707, 38.59636705177409], [-89.90508047722643, 38.59651895818466], [-89.91081385831642, 38.59667058421835], [-89.91654728249756, 38.596821929868824], [-89.92228074969049, 38.59697299512966], [-89.92801425981584, 38.59712377999449], [-89.93374781279411, 38.597274284457015], [-89.93948140854593, 38.5974245085108], [-89.94521504699188, 38.5975744521496], [-89.95094872805251, 38.59772411536704], [-89.95668245164843, 38.59787349815684], [-89.96241621770018, 38.59802260051268], [-89.96815002612831, 38.59817142242828], [-89.9738838768534, 38.59831996389739], [-89.97961776979602, 38.59846822491371], [-89.98535170487666, 38.59861620547102], [-89.99108568201598, 38.59876390556306], [-89.99681970113441, 38.59891132518362], [-90.00255376215256, 38.59905846432648], [-90.00828786499093, 38.59920532298544], [-90.01402200957008, 38.5993519011543], [-90.01975619581054, 38.599498198826886], [-90.02549042363282, 38.599644215997024], [-90.03122469295744, 38.59978995265856], [-90.03695900370492, 38.599935408805365], [-90.0426933557958, 38.60008058443128], [-90.04842774915056, 38.600225479530216], [-90.05416218368977, 38.60037009409603], [-90.05989665933384, 38.60051442812264], [-90.06563117600335, 38.600658481603965], [-90.07136573361876, 38.60080225453393], [-90.07710033210058, 38.60094574690646], [-90.0828349713693, 38.601088958715515], [-90.08856965134538, 38.60123188995506], [-90.0941227455516, 38.605874717602354], [-90.09967655430022, 38.61051730605643], [-90.10523107776994, 38.61515965518486], [-90.11078631613944, 38.61980176485522], [-90.11652262799952, 38.61994338379215], [-90.1220789793104, 38.62458499570804], [-90.12781572923257, 38.62472607564535], [-90.13337319363258, 38.629367189437694], [-90.13911038141684, 38.62950773017495], [-90.14484760917111, 38.62964799001386], [-90.15058487681573, 38.629787968948484], [-90.156322184271, 38.62992766697294], [-90.16205953145733, 38.63006708408134], [-90.16779691829495, 38.630206220267794], [-90.17353434470424, 38.6303450755264], [-90.17927181060547, 38.63048364985134], [-90.185009315919, 38.63062194323676], [-90.1907468605651, 38.6307599556768], [-90.1964844444641, 38.63089768716567], [-90.2022220675363, 38.63103513769752], [-90.20795972970198, 38.63117230726659], [-90.21369743088145, 38.63130919586706], [-90.21943517099498, 38.631445803493165], [-90.22517294996291, 38.63158213013913], [-90.2309107677055, 38.63171817579922], [-90.2364756999938, 38.63635464897752], [-90.2420413482591, 38.64099088040321], [-90.24760771267954, 38.645626869943555], [-90.25317479343335, 38.65026261746583], [-90.25874259069872, 38.654898122837295], [-90.26431110465388, 38.659533385925144], [-90.26988033547711, 38.664168406596616], [-90.27545028334664, 38.66880318471887], [-90.28102094844074, 38.67343772015905], [-90.28659233093768, 38.67807201278429], [-90.29216443101578, 38.68270606246168], [-90.29773724885335, 38.68733986905835], [-90.30331078462868, 38.69197343244128], [-90.30888503852013, 38.69660675247757], [-90.31446001070607, 38.70123982903419], [-90.32003570136486, 38.70587266197814], [-90.32561211067481, 38.710505251176386], [-90.33118923881437, 38.715137596495865], [-90.3367670859619, 38.719769697803464], [-90.34234565229588, 38.724401554966114], [-90.34792493799469, 38.72903316785066], [-90.35350494323681, 38.73366453632395], [-90.35908566820065, 38.73829566025279], [-90.36466711306467, 38.742926539503976], [-90.37024927800739, 38.74755717394432]]}}, {"type": "Feature", "properties": {"route_run_id": "stl_midamerica_to_st_louis_lambert_2026-01-12_0216", "route_pair": "midamerica_to_st_louis_lambert", "route_pair_label": "MidAmerica to St. Louis Lambert", "origin_label": "MidAmerica St. Louis Airport", "destination_label": "St. Louis Lambert International Airport", "origin_lat": 38.5451731, "origin_lon": -89.8351856, "destination_lat": 38.7486982, "destination_lon": -90.3700257, "traffic_date": "2026-01-12", "traffic_dataset": "January 12th - Monday", "weight_id": "w_0216", "distance_weight": 0.4, "population_weight": 0.1, "traffic_weight": 0.5, "airspace_weight": 0.0, "path_nodes": 96, "path_node_ids": [8877, 8876, 8868, 8869, 8870, 8867, 9758, 9759, 9761, 9774, 9773, 9775, 9772, 9764, 9765, 9762, 9763, 9946, 9945, 9944, 9947, 9940, 9938, 9939, 9930, 9931, 9928, 9929, 9839, 9837, 9836, 9834, 9827, 9824, 9826, 9825, 9844, 9847, 9849, 9846, 1959, 1958, 1937, 1947, 1969, 1973, 1988, 2002, 2004, 2231, 2006, 2191, 2197, 2196, 2408, 2420, 2422, 2419, 2423, 2205, 2206, 2449, 2345, 2370, 2373, 2398, 2394, 2397, 2712, 2716, 2739, 2746, 2769, 2773, 3985, 3988, 3992, 3994, 4019, 4020, 4023, 4055, 4059, 4063, 4064, 5048, 5052, 5076, 5082, 5299, 5304, 5319, 5321, 5357, 5358, 5364], "elapsed_seconds": 0.046684500004630536, "status": "success", "failure_reason": "", "route_distance_km": 73.47779803381526, "distance_cost_sum": 80.86706849006552, "population_cost_sum": 45.02935457210496, "traffic_cost_sum": 22.39765816000941, "airspace_cost_sum": 62.4, "total_weighted_score": 48.04859193324141}, "geometry": {"type": "LineString", "coordinates": [[-89.83272609742262, 38.54503213945896], [-89.83845499191484, 38.54518713674757], [-89.84418393041321, 38.54534185422887], [-89.8499129128385, 38.54549629189633], [-89.85564193911159, 38.545650449743434], [-89.86137100915332, 38.54580432776372], [-89.86690469568633, 38.55045720201035], [-89.87243909420232, 38.55510984121015], [-89.87816900708947, 38.55526292871994], [-89.88389896344961, 38.55541573628766], [-89.88962896320348, 38.555568263906835], [-89.89535900627187, 38.555720511571074], [-89.90108909257557, 38.55587247927394], [-89.90681922203537, 38.556024167009056], [-89.912549394572, 38.55617557477001], [-89.91827961010628, 38.556326702550436], [-89.92400986855891, 38.55647755034398], [-89.92974016985073, 38.55662811814428], [-89.93547051390243, 38.556778405944996], [-89.94120090063481, 38.55692841373979], [-89.94693132996858, 38.557078141522354], [-89.9526618018245, 38.55722758928637], [-89.95858208911035, 38.55287709782697], [-89.96431228957056, 38.553025961699916], [-89.97004253230493, 38.553174545580205], [-89.97577281723424, 38.553322849461594], [-89.9815031442792, 38.55347087333782], [-89.98723351336055, 38.553618617202645], [-89.99296392439905, 38.55376608104985], [-89.99888161487452, 38.549413435530916], [-90.0046117533955, 38.549560315805195], [-90.01034193362574, 38.54970691608802], [-90.01607215548597, 38.549853236373174], [-90.02180241889697, 38.54999927665452], [-90.02753272377944, 38.55014503692589], [-90.03326307005413, 38.550290517181146], [-90.03899345764175, 38.55043571741418], [-90.04453949873692, 38.55508065386086], [-90.05027032498664, 38.555225317192196], [-90.0560011923214, 38.555369700438234], [-90.06173210066189, 38.55551380359289], [-90.0674630499288, 38.55565762665008], [-90.0731940400428, 38.55580116960377], [-90.07892507092458, 38.5559444324479], [-90.08447420828541, 38.56058758841172], [-90.0900240585605, 38.56523050576299], [-90.09557462192825, 38.56987318436945], [-90.10112589856693, 38.57451562409887], [-90.10667788865496, 38.579157824818985], [-90.11223059237057, 38.583799786397456], [-90.11814404276322, 38.57944093533558], [-90.12387718012955, 38.579582070024706], [-90.12943107502363, 38.58422325824649], [-90.1351646494121, 38.58436385466116], [-90.14089826375356, 38.58450417063179], [-90.14645366632062, 38.589144603290876], [-90.15218771733517, 38.589284380730234], [-90.15792180807382, 38.58942387766302], [-90.16347871828971, 38.59406355405304], [-90.16921324535195, 38.59420251219789], [-90.17494781190939, 38.59434118977373], [-90.18050622974906, 38.59898010918833], [-90.18606536210271, 38.60361878809667], [-90.19162520914848, 38.60825722636621], [-90.19718577106451, 38.612895423864465], [-90.20274704802898, 38.61753338045887], [-90.2084836369821, 38.617670484184025], [-90.21404602582597, 38.62230794080845], [-90.21960913009349, 38.62694515617101], [-90.22517294996291, 38.63158213013913], [-90.23073748561237, 38.63621886258013], [-90.23630273722006, 38.640855353361346], [-90.24186870496423, 38.645491602350084], [-90.24743538902311, 38.65012760941361], [-90.25300278957496, 38.654763374419176], [-90.25857090679797, 38.65939889723403], [-90.26413974087053, 38.66403417772537], [-90.26970929197084, 38.66866921576039], [-90.27527956027723, 38.67330401120623], [-90.28085054596801, 38.677938563930056], [-90.28642224922152, 38.68257287379895], [-90.29199467021606, 38.68720694068001], [-90.29756780913004, 38.69184076444029], [-90.3031416661418, 38.696474344946864], [-90.30888503852013, 38.69660675247757], [-90.31446001070607, 38.70123982903419], [-90.32003570136486, 38.70587266197814], [-90.32561211067481, 38.710505251176386], [-90.33118923881437, 38.715137596495865], [-90.3367670859619, 38.719769697803464], [-90.34234565229588, 38.724401554966114], [-90.34792493799469, 38.72903316785066], [-90.35350494323681, 38.73366453632395], [-90.35908566820065, 38.73829566025279], [-90.36466711306467, 38.742926539503976], [-90.37024927800739, 38.74755717394432]]}}, {"type": "Feature", "properties": {"route_run_id": "stl_midamerica_to_st_louis_lambert_2026-01-12_0125", "route_pair": "midamerica_to_st_louis_lambert", "route_pair_label": "MidAmerica to St. Louis Lambert", "origin_label": "MidAmerica St. Louis Airport", "destination_label": "St. Louis Lambert International Airport", "origin_lat": 38.5451731, "origin_lon": -89.8351856, "destination_lat": 38.7486982, "destination_lon": -90.3700257, "traffic_date": "2026-01-12", "traffic_dataset": "January 12th - Monday", "weight_id": "w_0125", "distance_weight": 0.2, "population_weight": 0.0, "traffic_weight": 0.3, "airspace_weight": 0.5, "path_nodes": 96, "path_node_ids": [8877, 8879, 8896, 8900, 8924, 8930, 9788, 10013, 10014, 10036, 10052, 10054, 10061, 10051, 10049, 10048, 10050, 10253, 10252, 10241, 10240, 10249, 10275, 10277, 10293, 10304, 10305, 10310, 10319, 10321, 10320, 10318, 10355, 10358, 10356, 10357, 10336, 10335, 10337, 10330, 2548, 2527, 2525, 2526, 2538, 2540, 2516, 2530, 2534, 2559, 2561, 2840, 2842, 2843, 2845, 2878, 2879, 2884, 2883, 2893, 4095, 4096, 3932, 3933, 3958, 3962, 3974, 3973, 3972, 3971, 3982, 4295, 3979, 3975, 4043, 4038, 4037, 4012, 4019, 4017, 4022, 4029, 4034, 4060, 4064, 5048, 5052, 5076, 5082, 5299, 5304, 5319, 5321, 5357, 5358, 5364], "elapsed_seconds": 0.055922200001077726, "status": "success", "failure_reason": "", "route_distance_km": 76.71676286714168, "distance_cost_sum": 84.43175875055725, "population_cost_sum": 35.34790765407897, "traffic_cost_sum": 26.288135745354808, "airspace_cost_sum": 46.8, "total_weighted_score": 48.172792473717905}, "geometry": {"type": "LineString", "coordinates": [[-89.83272609742262, 38.54503213945896], [-89.83825778508921, 38.54968628939868], [-89.84379018463301, 38.55434020475587], [-89.84932329623358, 38.558993885398685], [-89.85485712007056, 38.56364733119524], [-89.86039165632353, 38.56830054201366], [-89.86612255057987, 38.568454263192415], [-89.87165819944471, 38.57310698340007], [-89.87719456110594, 38.577759468272795], [-89.88273163574308, 38.582411717678575], [-89.88826942353593, 38.58706373148541], [-89.89380792466403, 38.591715509561276], [-89.89934713930707, 38.59636705177409], [-89.90508047722643, 38.59651895818466], [-89.91081385831642, 38.59667058421835], [-89.91654728249756, 38.596821929868824], [-89.92228074969049, 38.59697299512966], [-89.92801425981584, 38.59712377999449], [-89.93374781279411, 38.597274284457015], [-89.93948140854593, 38.5974245085108], [-89.94521504699188, 38.5975744521496], [-89.95075817398295, 38.60222370805987], [-89.95630201501413, 38.606872727099336], [-89.96184657026487, 38.611521509135784], [-89.96739183991471, 38.61617005403699], [-89.97312711918148, 38.61631869062297], [-89.97867350301271, 38.62096674136646], [-89.98422060162243, 38.625614554617215], [-89.99014498723932, 38.62126265870254], [-89.99588079243732, 38.621410196330416], [-90.00161663958568, 38.62155745325657], [-90.00735252860491, 38.621704429474754], [-90.01290162428964, 38.62635095704363], [-90.01845143503385, 38.63099724652267], [-90.02418816427785, 38.631143427354814], [-90.02992493509446, 38.631289327364605], [-90.03566174740413, 38.6314349465459], [-90.04139860112724, 38.63158028489256], [-90.04713549618415, 38.63172534239843], [-90.0530568061099, 38.627370128132036], [-90.0587934259509, 38.627514600818145], [-90.06453008687686, 38.627658792689985], [-90.07026678880817, 38.62780270374147], [-90.07600353166524, 38.62794633396657], [-90.08174031536842, 38.6280896833592], [-90.08747713983809, 38.62823275191331], [-90.09339583428118, 38.623875383605984], [-90.09895091075838, 38.62851804648185], [-90.10450670259345, 38.633160469873815], [-90.11006320996535, 38.6378026536494], [-90.11562043305292, 38.64244459767609], [-90.12135857394713, 38.64258604896054], [-90.12691691116937, 38.64722749468063], [-90.13265549047176, 38.64736840647394], [-90.13821494197643, 38.652009353518125], [-90.14395395948668, 38.652149725619736], [-90.14951452542148, 38.65679017361872], [-90.15507580784583, 38.66143038105964], [-90.16081566145125, 38.66156995441258], [-90.16637805865126, 38.66620966221335], [-90.17194117271791, 38.67084912909773], [-90.17750500383, 38.67548835493302], [-90.18306955216653, 38.68012733958649], [-90.18863481790633, 38.68476608292537], [-90.19420080122836, 38.68940458481685], [-90.19976750231159, 38.694042845128145], [-90.20533492133491, 38.69868086372641], [-90.2110779994899, 38.698818081237896], [-90.21682111672072, 38.69895501710115], [-90.22256427294727, 38.69909167131035], [-90.22830746808964, 38.699228043859776], [-90.23405070206775, 38.699364134743625], [-90.23996708147529, 38.69499927151697], [-90.24588274281052, 38.69063407913555], [-90.2517976862147, 38.68626855773688], [-90.2577119118291, 38.6819027074584], [-90.26345390283052, 38.6820373037779], [-90.26936709031678, 38.677670821751065], [-90.27527956027723, 38.67330401120623], [-90.28102094844074, 38.67343772015905], [-90.28659233093768, 38.67807201278429], [-90.29216443101578, 38.68270606246168], [-90.29773724885335, 38.68733986905835], [-90.30331078462868, 38.69197343244128], [-90.30888503852013, 38.69660675247757], [-90.31446001070607, 38.70123982903419], [-90.32003570136486, 38.70587266197814], [-90.32561211067481, 38.710505251176386], [-90.33118923881437, 38.715137596495865], [-90.3367670859619, 38.719769697803464], [-90.34234565229588, 38.724401554966114], [-90.34792493799469, 38.72903316785066], [-90.35350494323681, 38.73366453632395], [-90.35908566820065, 38.73829566025279], [-90.36466711306467, 38.742926539503976], [-90.37024927800739, 38.74755717394432]]}}, {"type": "Feature", "properties": {"route_run_id": "stl_midamerica_to_st_louis_lambert_2026-01-12_0077", "route_pair": "midamerica_to_st_louis_lambert", "route_pair_label": "MidAmerica to St. Louis Lambert", "origin_label": "MidAmerica St. Louis Airport", "destination_label": "St. Louis Lambert International Airport", "origin_lat": 38.5451731, "origin_lon": -89.8351856, "destination_lat": 38.7486982, "destination_lon": -90.3700257, "traffic_date": "2026-01-12", "traffic_dataset": "January 12th - Monday", "weight_id": "w_0077", "distance_weight": 0.1, "population_weight": 0.1, "traffic_weight": 0.0, "airspace_weight": 0.8, "path_nodes": 97, "path_node_ids": [8877, 8881, 8904, 8922, 8923, 8927, 9145, 10016, 10018, 10062, 10055, 10058, 10094, 10096, 10103, 10104, 10110, 10109, 10516, 10515, 10514, 10517, 10522, 10299, 10300, 10301, 10309, 10308, 10310, 10343, 10345, 10344, 10342, 10355, 10210, 10208, 10209, 10326, 10328, 10322, 10191, 2276, 2518, 2277, 2509, 2287, 2508, 2286, 2298, 2300, 2301, 2307, 2495, 2820, 2823, 2827, 2849, 2848, 2850, 2837, 2861, 2866, 2889, 3896, 3898, 3901, 3927, 3946, 3949, 3953, 3966, 3944, 3977, 3976, 3941, 4043, 4042, 4041, 4040, 4051, 4054, 4186, 4080, 4205, 4207, 4212, 5309, 5313, 5335, 5337, 5320, 5322, 5323, 5346, 5357, 5358, 5364], "elapsed_seconds": 0.05583759999717586, "status": "success", "failure_reason": "", "route_distance_km": 74.42461752704692, "distance_cost_sum": 81.90910457247038, "population_cost_sum": 21.027756995193187, "traffic_cost_sum": 52.959116246139885, "airspace_cost_sum": 47.00000000000003, "total_weighted_score": 47.89368615676638}, "geometry": {"type": "LineString", "coordinates": [[-89.83272609742262, 38.54503213945896], [-89.83252853470323, 38.54953126729425], [-89.83806053424684, 38.55418543772932], [-89.84359324582596, 38.558839373542895], [-89.84912666962028, 38.563493074603095], [-89.85466080580946, 38.568146540778045], [-89.86019565457306, 38.572799771935806], [-89.86573121609086, 38.57745276794444], [-89.87126749054252, 38.58210552867199], [-89.8768044781077, 38.58675805398646], [-89.88234217896623, 38.591410343755804], [-89.8878805932977, 38.59606239784802], [-89.89341972128202, 38.600714216131045], [-89.89895956309883, 38.60536579847276], [-89.90450011892796, 38.61001714474108], [-89.91004138894921, 38.614668254803874], [-89.9155833733424, 38.61931912852895], [-89.92131862594731, 38.619470314708934], [-89.9268617252078, 38.624120695492145], [-89.93259742104341, 38.62427134452904], [-89.93833315971467, 38.6244217128885], [-89.94406894114202, 38.62457180056415], [-89.94980476524591, 38.62472160754967], [-89.95554063194687, 38.62487113383877], [-89.96127654116528, 38.62502037942509], [-89.96701249282155, 38.625169344302385], [-89.97274848683627, 38.62531802846435], [-89.97848452312972, 38.62546643190471], [-89.98422060162243, 38.625614554617215], [-89.98995672223481, 38.62576239659562], [-89.9956928848873, 38.625909957833684], [-90.00142908950032, 38.62605723832518], [-90.00716533599429, 38.6262042380639], [-90.01290162428964, 38.62635095704363], [-90.01882443193752, 38.62199753976251], [-90.0245604460918, 38.62214367381969], [-90.03029650179865, 38.62228952714421], [-90.03603259897847, 38.622435099729884], [-90.04176873755169, 38.622580391570615], [-90.04768956620967, 38.61822542646607], [-90.05360968000618, 38.61387013007287], [-90.0593452273907, 38.61401453341643], [-90.0650808158304, 38.61415865608025], [-90.07081644524574, 38.61430249805824], [-90.07655211555712, 38.614446059344324], [-90.08228782668499, 38.614589339932465], [-90.08802357854981, 38.61473233981663], [-90.09375937107193, 38.61487505899075], [-90.09949520417183, 38.615017497448825], [-90.10505004462816, 38.61965986513943], [-90.11078631613944, 38.61980176485522], [-90.11634226958749, 38.624443634935055], [-90.12189893829279, 38.62908526529191], [-90.12745632243416, 38.63372665579325], [-90.13301442219031, 38.63836780630655], [-90.13857323774008, 38.64300871669927], [-90.14431153910874, 38.643149043887504], [-90.15004988039681, 38.64328909003685], [-90.15578826152439, 38.64342885514139], [-90.16152668241186, 38.64356833919522], [-90.16708780535298, 38.6482079745162], [-90.17264964452228, 38.6528473690797], [-90.17821220009857, 38.65748652275311], [-90.18377547226044, 38.66212543540375], [-90.18933946118675, 38.666764106898924], [-90.19490416705614, 38.67140253710589], [-90.20046959004746, 38.676040725891895], [-90.20603573033937, 38.68067867312418], [-90.21160258811075, 38.68531637866994], [-90.2171701635404, 38.68995384239636], [-90.2229126017605, 38.690090452895454], [-90.22865507887754, 38.69022678182468], [-90.23439759481155, 38.69036282917826], [-90.24014014948251, 38.69049859495047], [-90.24605541323987, 38.68613337677085], [-90.2517976862147, 38.68626855773688], [-90.25753999767723, 38.686403457149304], [-90.26328234754749, 38.686538075002424], [-90.26902473574555, 38.686672411290566], [-90.27459628650614, 38.69130727605424], [-90.2801685552908, 38.695941897935995], [-90.28574154227802, 38.70057627680287], [-90.29131524764634, 38.705210412521886], [-90.29688967157429, 38.70984430496006], [-90.30246481424038, 38.714477953984364], [-90.30804067582325, 38.71911135946174], [-90.31361725650144, 38.72374452125915], [-90.3191945564535, 38.72837743924346], [-90.3247725758581, 38.73301011328159], [-90.330518974577, 38.7331415620659], [-90.33626541075455, 38.733272728767844], [-90.3420118843105, 38.73340361338185], [-90.34775839516463, 38.73353421590239], [-90.35333872308522, 38.73816560113835], [-90.35908566820065, 38.73829566025279], [-90.36466711306467, 38.742926539503976], [-90.37024927800739, 38.74755717394432]]}}, {"type": "Feature", "properties": {"route_run_id": "stl_midamerica_to_st_louis_lambert_2026-01-12_0157", "route_pair": "midamerica_to_st_louis_lambert", "route_pair_label": "MidAmerica to St. Louis Lambert", "origin_label": "MidAmerica St. Louis Airport", "destination_label": "St. Louis Lambert International Airport", "origin_lat": 38.5451731, "origin_lon": -89.8351856, "destination_lat": 38.7486982, "destination_lon": -90.3700257, "traffic_date": "2026-01-12", "traffic_dataset": "January 12th - Monday", "weight_id": "w_0157", "distance_weight": 0.2, "population_weight": 0.5, "traffic_weight": 0.0, "airspace_weight": 0.3, "path_nodes": 101, "path_node_ids": [8877, 8881, 8905, 8906, 8933, 8929, 9143, 9146, 9173, 10020, 10063, 10068, 10070, 10095, 10099, 10422, 10101, 10106, 10104, 10110, 10109, 10516, 10515, 10514, 10517, 10522, 10299, 10300, 10301, 10309, 10308, 10533, 10363, 10350, 10351, 10366, 10376, 10374, 10379, 10378, 10391, 10402, 10403, 10390, 2577, 2576, 2598, 2575, 2587, 10714, 10713, 10722, 2597, 10723, 2596, 2876, 2875, 2874, 2873, 2885, 2886, 2884, 2883, 2890, 2891, 2895, 3904, 3925, 3926, 3931, 3951, 3954, 3953, 3966, 3944, 3977, 3976, 3941, 4043, 4066, 4067, 4068, 4185, 4187, 4188, 4076, 4075, 4082, 4084, 5080, 5084, 5310, 5311, 5337, 5320, 5322, 5323, 5346, 5357, 5358, 5364], "elapsed_seconds": 0.05455969998729415, "status": "success", "failure_reason": "", "route_distance_km": 74.86744372005592, "distance_cost_sum": 82.39646343511318, "population_cost_sum": 15.279386000065967, "traffic_cost_sum": 45.535294784489956, "airspace_cost_sum": 51.8, "total_weighted_score": 39.65898568705563}, "geometry": {"type": "LineString", "coordinates": [[-89.83272609742262, 38.54503213945896], [-89.83252853470323, 38.54953126729425], [-89.83233092788802, 38.55403039080605], [-89.83786323937711, 38.55868458173916], [-89.83766590046945, 38.563183721427826], [-89.84319923632499, 38.56783769816219], [-89.84873328471264, 38.57249144006519], [-89.8542680458121, 38.5771449470049], [-89.85980351980317, 38.58179821884939], [-89.86533970686553, 38.58645125546666], [-89.87087660717904, 38.591104056724724], [-89.87641422092351, 38.59575662249155], [-89.88195254827868, 38.600408952635085], [-89.8874915894244, 38.605061047023284], [-89.88729702234833, 38.60956036516477], [-89.89283709113381, 38.614212243778354], [-89.89857181380691, 38.614364528005225], [-89.90430657977188, 38.61451653168253], [-89.91004138894921, 38.614668254803874], [-89.9155833733424, 38.61931912852895], [-89.92131862594731, 38.619470314708934], [-89.9268617252078, 38.624120695492145], [-89.93259742104341, 38.62427134452904], [-89.93833315971467, 38.6244217128885], [-89.94406894114202, 38.62457180056415], [-89.94980476524591, 38.62472160754967], [-89.95554063194687, 38.62487113383877], [-89.96127654116528, 38.62502037942509], [-89.96701249282155, 38.625169344302385], [-89.97274848683627, 38.62531802846435], [-89.97848452312972, 38.62546643190471], [-89.98403193705393, 38.63011426460664], [-89.98958006609531, 38.63476185964426], [-89.99531694389556, 38.63490946811138], [-90.00105386367663, 38.63505679574229], [-90.00660350731387, 38.63970363840778], [-90.01234086854143, 38.63985042783196], [-90.01807827152109, 38.63999693635645], [-90.02362942973669, 38.64464302594129], [-90.02936727381517, 38.644788996000585], [-90.0349195472141, 38.64943458949962], [-90.0406578321926, 38.64958002089252], [-90.04639615854494, 38.6497251712652], [-90.0521345261914, 38.64987004061157], [-90.05787293505232, 38.6500146289255], [-90.06361138504795, 38.650158936200874], [-90.06934987609858, 38.6503029624316], [-90.07508840812451, 38.65044670761164], [-90.08064419177347, 38.65509025680674], [-90.0862006916776, 38.659733566559446], [-90.09194006243584, 38.659876514283475], [-90.09767947387014, 38.66001918084284], [-90.10341892590075, 38.66016156623149], [-90.1091584184479, 38.66030367044341], [-90.11489795143179, 38.66044549347263], [-90.12063752477266, 38.66058703531315], [-90.1263771383907, 38.66072829595899], [-90.1321167922061, 38.660869275404174], [-90.13785648613919, 38.66100997364278], [-90.14359622011, 38.661150390668844], [-90.14933599403881, 38.66129052647644], [-90.15507580784583, 38.66143038105964], [-90.16081566145125, 38.66156995441258], [-90.16655555477524, 38.661709246529334], [-90.17229548773797, 38.66184825740402], [-90.17785868094164, 38.666487447153536], [-90.18342259105025, 38.67112639580074], [-90.1889872182426, 38.67576510321293], [-90.19472838451095, 38.67590305525546], [-90.2002941269196, 38.68054126191918], [-90.20586058678872, 38.68517922698935], [-90.21142776429718, 38.68981695033316], [-90.2171701635404, 38.68995384239636], [-90.2229126017605, 38.690090452895454], [-90.22865507887754, 38.69022678182468], [-90.23439759481155, 38.69036282917826], [-90.24014014948251, 38.69049859495047], [-90.24605541323987, 38.68613337677085], [-90.2517976862147, 38.68626855773688], [-90.25736804511756, 38.69090420272148], [-90.26311075393669, 38.69103884211091], [-90.26868222818311, 38.695673984376505], [-90.27425442059507, 38.700308883813186], [-90.27999796237877, 38.700442721166475], [-90.28557127047641, 38.70507711728869], [-90.29148516021279, 38.700709550716724], [-90.297228816103, 38.700842542902386], [-90.30280331580018, 38.70547615766316], [-90.30837853409372, 38.710109528957155], [-90.31395447116216, 38.71474265665128], [-90.31378588266769, 38.71924359100243], [-90.31936286061908, 38.72387649197406], [-90.32494055786266, 38.72850914903958], [-90.330518974577, 38.7331415620659], [-90.33626541075455, 38.733272728767844], [-90.3420118843105, 38.73340361338185], [-90.34775839516463, 38.73353421590239], [-90.35333872308522, 38.73816560113835], [-90.35908566820065, 38.73829566025279], [-90.36466711306467, 38.742926539503976], [-90.37024927800739, 38.74755717394432]]}}, {"type": "Feature", "properties": {"route_run_id": "stl_midamerica_to_st_louis_lambert_2026-01-12_0179", "route_pair": "midamerica_to_st_louis_lambert", "route_pair_label": "MidAmerica to St. Louis Lambert", "origin_label": "MidAmerica St. Louis Airport", "destination_label": "St. Louis Lambert International Airport", "origin_lat": 38.5451731, "origin_lon": -89.8351856, "destination_lat": 38.7486982, "destination_lon": -90.3700257, "traffic_date": "2026-01-12", "traffic_dataset": "January 12th - Monday", "weight_id": "w_0179", "distance_weight": 0.3, "population_weight": 0.1, "traffic_weight": 0.3, "airspace_weight": 0.3, "path_nodes": 96, "path_node_ids": [8877, 8879, 8896, 8900, 8924, 8930, 10012, 10015, 10019, 10053, 10057, 10054, 10061, 10051, 10049, 10048, 10050, 10254, 10256, 10255, 10261, 10280, 10281, 10292, 10293, 10304, 10305, 10306, 10319, 10321, 10320, 10318, 10355, 10358, 10356, 10357, 10336, 10335, 10337, 10330, 2548, 2527, 2525, 2526, 2538, 2540, 2539, 2530, 2534, 2559, 2561, 2840, 2842, 2843, 2845, 2878, 2879, 2884, 2883, 2893, 4095, 4096, 3932, 3933, 3958, 3962, 3974, 3973, 3972, 3971, 3982, 4295, 4299, 4301, 4202, 4215, 4220, 4223, 4255, 4233, 4234, 4242, 4265, 4244, 4243, 5336, 5338, 5341, 5339, 5320, 5322, 5323, 5346, 5357, 5358, 5364], "elapsed_seconds": 0.054614299995591864, "status": "success", "failure_reason": "", "route_distance_km": 72.98963343468321, "distance_cost_sum": 80.32981177948378, "population_cost_sum": 27.068904175160895, "traffic_cost_sum": 28.588562684256004, "airspace_cost_sum": 49.4, "total_weighted_score": 50.20240275663803}, "geometry": {"type": "LineString", "coordinates": [[-89.83272609742262, 38.54503213945896], [-89.83825778508921, 38.54968628939868], [-89.84379018463301, 38.55434020475587], [-89.84932329623358, 38.558993885398685], [-89.85485712007056, 38.56364733119524], [-89.86039165632353, 38.56830054201366], [-89.86592690517212, 38.57295351772198], [-89.871462866796, 38.577606258188254], [-89.87699954137483, 38.582258763280514], [-89.88253692908823, 38.586911032866766], [-89.88807503011597, 38.59156306681497], [-89.89380792466403, 38.591715509561276], [-89.89934713930707, 38.59636705177409], [-89.90508047722643, 38.59651895818466], [-89.91081385831642, 38.59667058421835], [-89.91654728249756, 38.596821929868824], [-89.92228074969049, 38.59697299512966], [-89.92782227790734, 38.601623276602716], [-89.93355618782985, 38.60177380515354], [-89.93929014053626, 38.6019240532509], [-89.94483318227732, 38.606573585359854], [-89.9503769381968, 38.61122288065171], [-89.9559214084743, 38.61587193899423], [-89.9616566029858, 38.61602113682532], [-89.96739183991471, 38.61617005403699], [-89.97312711918148, 38.61631869062297], [-89.97867350301271, 38.62096674136646], [-89.98440922407127, 38.621114840379136], [-89.99014498723932, 38.62126265870254], [-89.99588079243732, 38.621410196330416], [-90.00161663958568, 38.62155745325657], [-90.00735252860491, 38.621704429474754], [-90.01290162428964, 38.62635095704363], [-90.01845143503385, 38.63099724652267], [-90.02418816427785, 38.631143427354814], [-90.02992493509446, 38.631289327364605], [-90.03566174740413, 38.6314349465459], [-90.04139860112724, 38.63158028489256], [-90.04713549618415, 38.63172534239843], [-90.0530568061099, 38.627370128132036], [-90.0587934259509, 38.627514600818145], [-90.06453008687686, 38.627658792689985], [-90.07026678880817, 38.62780270374147], [-90.07600353166524, 38.62794633396657], [-90.08174031536842, 38.6280896833592], [-90.08747713983809, 38.62823275191331], [-90.09321400499459, 38.62837553962287], [-90.09895091075838, 38.62851804648185], [-90.10450670259345, 38.633160469873815], [-90.11006320996535, 38.6378026536494], [-90.11562043305292, 38.64244459767609], [-90.12135857394713, 38.64258604896054], [-90.12691691116937, 38.64722749468063], [-90.13265549047176, 38.64736840647394], [-90.13821494197643, 38.652009353518125], [-90.14395395948668, 38.652149725619736], [-90.14951452542148, 38.65679017361872], [-90.15507580784583, 38.66143038105964], [-90.16081566145125, 38.66156995441258], [-90.16637805865126, 38.66620966221335], [-90.17194117271791, 38.67084912909773], [-90.17750500383, 38.67548835493302], [-90.18306955216653, 38.68012733958649], [-90.18863481790633, 38.68476608292537], [-90.19420080122836, 38.68940458481685], [-90.19976750231159, 38.694042845128145], [-90.20533492133491, 38.69868086372641], [-90.2110779994899, 38.698818081237896], [-90.21682111672072, 38.69895501710115], [-90.22256427294727, 38.69909167131035], [-90.22830746808964, 38.699228043859776], [-90.23405070206775, 38.699364134743625], [-90.23962082945226, 38.70400061226774], [-90.24519167522915, 38.70863684734796], [-90.25093574365499, 38.70877213647181], [-90.25650770587707, 38.713407868791336], [-90.2620803868679, 38.71804335830804], [-90.26765378680629, 38.72267860488892], [-90.27322790587108, 38.727313608400934], [-90.27897360415623, 38.72744757424986], [-90.2847193406125, 38.72758125811188], [-90.29046511515969, 38.72771465998137], [-90.29604114694997, 38.73234863831933], [-90.30178735717278, 38.73248149743191], [-90.30753360525517, 38.73261407449003], [-90.31327989111702, 38.732746369488076], [-90.31902621467803, 38.73287838242046], [-90.32460455631471, 38.7375110734335], [-90.33035131489382, 38.737642543240376], [-90.33626541075455, 38.733272728767844], [-90.3420118843105, 38.73340361338185], [-90.34775839516463, 38.73353421590239], [-90.35333872308522, 38.73816560113835], [-90.35908566820065, 38.73829566025279], [-90.36466711306467, 38.742926539503976], [-90.37024927800739, 38.74755717394432]]}}, {"type": "Feature", "properties": {"route_run_id": "stl_midamerica_to_st_louis_lambert_2026-01-12_0200", "route_pair": "midamerica_to_st_louis_lambert", "route_pair_label": "MidAmerica to St. Louis Lambert", "origin_label": "MidAmerica St. Louis Airport", "destination_label": "St. Louis Lambert International Airport", "origin_lat": 38.5451731, "origin_lon": -89.8351856, "destination_lat": 38.7486982, "destination_lon": -90.3700257, "traffic_date": "2026-01-12", "traffic_dataset": "January 12th - Monday", "weight_id": "w_0200", "distance_weight": 0.3, "population_weight": 0.5, "traffic_weight": 0.2, "airspace_weight": 0.0, "path_nodes": 100, "path_node_ids": [8877, 8881, 8905, 8906, 8925, 8928, 8931, 9149, 10017, 10021, 10063, 10067, 10069, 10083, 10099, 10422, 10101, 10106, 10104, 10110, 10109, 10516, 10515, 10514, 10517, 10522, 10299, 10524, 10529, 10538, 10539, 10537, 10367, 10364, 10365, 10370, 10381, 10380, 10379, 10378, 10391, 10402, 10404, 10408, 2604, 2605, 2606, 2603, 10716, 10717, 10718, 10729, 10730, 10744, 10745, 2907, 4107, 4109, 4112, 4145, 4150, 4149, 4153, 4175, 4177, 4176, 4179, 4288, 4286, 4285, 3974, 3973, 3972, 3971, 3982, 4295, 4299, 4301, 4202, 4215, 4220, 4223, 4255, 4233, 4234, 4242, 4265, 4244, 4243, 5336, 5338, 5341, 5339, 5345, 5324, 5347, 5346, 5357, 5358, 5364], "elapsed_seconds": 0.048684900015359744, "status": "success", "failure_reason": "", "route_distance_km": 73.9672970571814, "distance_cost_sum": 81.40579382081309, "population_cost_sum": 18.16229578172486, "traffic_cost_sum": 34.05594003895842, "airspace_cost_sum": 53.2, "total_weighted_score": 40.31407404489804}, "geometry": {"type": "LineString", "coordinates": [[-89.83272609742262, 38.54503213945896], [-89.83252853470323, 38.54953126729425], [-89.83233092788802, 38.55403039080605], [-89.83786323937711, 38.55868458173916], [-89.84339626306016, 38.56333853801179], [-89.84892999911683, 38.56799225949204], [-89.85446444772683, 38.572645746048046], [-89.85999960906982, 38.577298997547835], [-89.86553548332552, 38.58195201385946], [-89.8710720706737, 38.58660479485093], [-89.87087660717904, 38.591104056724724], [-89.87068110004802, 38.59560331429298], [-89.87621902698532, 38.60025590028999], [-89.88175766769213, 38.604908250624604], [-89.88729702234833, 38.60956036516477], [-89.89283709113381, 38.614212243778354], [-89.89857181380691, 38.614364528005225], [-89.90430657977188, 38.61451653168253], [-89.91004138894921, 38.614668254803874], [-89.9155833733424, 38.61931912852895], [-89.92131862594731, 38.619470314708934], [-89.9268617252078, 38.624120695492145], [-89.93259742104341, 38.62427134452904], [-89.93833315971467, 38.6244217128885], [-89.94406894114202, 38.62457180056415], [-89.94980476524591, 38.62472160754967], [-89.95554063194687, 38.62487113383877], [-89.96108644660326, 38.62951999433463], [-89.966632976295, 38.63416861753812], [-89.97218022120177, 38.63881700331695], [-89.97791733024451, 38.63896547800877], [-89.98365448151714, 38.63911367183824], [-89.98939167493998, 38.639261584799115], [-89.9951289104335, 38.63940921688515], [-90.00086618791799, 38.639556568090114], [-90.00641614743708, 38.64420343004679], [-90.01215386646798, 38.64435024295822], [-90.0178916272611, 38.64449677492512], [-90.02362942973669, 38.64464302594129], [-90.02936727381517, 38.644788996000585], [-90.0349195472141, 38.64943458949962], [-90.0406578321926, 38.64958002089252], [-90.04621122092473, 38.6542251179363], [-90.05176532579277, 38.658869976095644], [-90.05750445081951, 38.65901461068064], [-90.06324361700084, 38.65915896413734], [-90.06898282425709, 38.65930303645963], [-90.07472207250845, 38.65944682764147], [-90.08027849074135, 38.66409041434458], [-90.08601817899587, 38.66423366614264], [-90.09175790801612, 38.66437663673715], [-90.0973158409683, 38.669019467207306], [-90.10305600964216, 38.66916189816016], [-90.10861505837465, 38.67380423026503], [-90.1143556665019, 38.67394612137533], [-90.12009631501547, 38.67408773116219], [-90.1256568785435, 38.67872930581226], [-90.13139796616022, 38.67887037549889], [-90.13695964571467, 38.683511450900546], [-90.14252204267808, 38.68815228569193], [-90.14808515722972, 38.692792879740324], [-90.15382748129907, 38.69293289101744], [-90.15939171242222, 38.69757298499622], [-90.1651344750913, 38.69771245548389], [-90.17069982293353, 38.702352049023325], [-90.17644302400102, 38.702490978520885], [-90.18218626463384, 38.702629626360235], [-90.18792954475192, 38.70276799253548], [-90.19384888257228, 38.69840558378194], [-90.1995918823357, 38.69854336457249], [-90.20533492133491, 38.69868086372641], [-90.2110779994899, 38.698818081237896], [-90.21682111672072, 38.69895501710115], [-90.22256427294727, 38.69909167131035], [-90.22830746808964, 38.699228043859776], [-90.23405070206775, 38.699364134743625], [-90.23962082945226, 38.70400061226774], [-90.24519167522915, 38.70863684734796], [-90.25093574365499, 38.70877213647181], [-90.25650770587707, 38.713407868791336], [-90.2620803868679, 38.71804335830804], [-90.26765378680629, 38.72267860488892], [-90.27322790587108, 38.727313608400934], [-90.27897360415623, 38.72744757424986], [-90.2847193406125, 38.72758125811188], [-90.29046511515969, 38.72771465998137], [-90.29604114694997, 38.73234863831933], [-90.30178735717278, 38.73248149743191], [-90.30753360525517, 38.73261407449003], [-90.31327989111702, 38.732746369488076], [-90.31902621467803, 38.73287838242046], [-90.32460455631471, 38.7375110734335], [-90.33035131489382, 38.737642543240376], [-90.33609811094065, 38.737773730919855], [-90.341844944375, 38.73790463646636], [-90.34759181511657, 38.738035259874366], [-90.35333872308522, 38.73816560113835], [-90.35908566820065, 38.73829566025279], [-90.36466711306467, 38.742926539503976], [-90.37024927800739, 38.74755717394432]]}}, {"type": "Feature", "properties": {"route_run_id": "stl_midamerica_to_st_louis_lambert_2026-01-12_0221", "route_pair": "midamerica_to_st_louis_lambert", "route_pair_label": "MidAmerica to St. Louis Lambert", "origin_label": "MidAmerica St. Louis Airport", "destination_label": "St. Louis Lambert International Airport", "origin_lat": 38.5451731, "origin_lon": -89.8351856, "destination_lat": 38.7486982, "destination_lon": -90.3700257, "traffic_date": "2026-01-12", "traffic_dataset": "January 12th - Monday", "weight_id": "w_0221", "distance_weight": 0.4, "population_weight": 0.2, "traffic_weight": 0.4, "airspace_weight": 0.0, "path_nodes": 96, "path_node_ids": [8877, 8876, 8868, 8869, 8870, 8867, 9758, 9759, 9761, 9774, 9773, 9775, 9772, 9769, 9771, 9795, 9801, 10007, 10009, 10232, 10238, 10243, 10244, 10247, 10251, 10263, 10266, 10270, 10315, 10321, 10320, 10318, 10355, 10358, 10356, 10357, 10336, 10335, 10337, 10334, 2551, 2550, 2552, 2549, 2542, 2541, 2545, 2560, 2564, 2588, 2591, 2871, 2875, 2874, 2877, 4088, 4115, 4119, 4121, 4102, 4103, 4127, 4129, 3961, 4286, 4285, 3974, 3973, 3972, 3971, 3982, 4295, 4299, 4301, 4202, 4215, 4220, 4223, 4255, 4233, 4234, 4242, 4265, 4244, 4243, 5336, 5338, 5341, 5339, 5320, 5322, 5323, 5346, 5357, 5358, 5364], "elapsed_seconds": 0.047263100015698, "status": "success", "failure_reason": "", "route_distance_km": 72.45422456879166, "distance_cost_sum": 79.7405596980821, "population_cost_sum": 25.273452833723695, "traffic_cost_sum": 29.22675190466189, "airspace_cost_sum": 54.000000000000036, "total_weighted_score": 48.64161520784233}, "geometry": {"type": "LineString", "coordinates": [[-89.83272609742262, 38.54503213945896], [-89.83845499191484, 38.54518713674757], [-89.84418393041321, 38.54534185422887], [-89.8499129128385, 38.54549629189633], [-89.85564193911159, 38.545650449743434], [-89.86137100915332, 38.54580432776372], [-89.86690469568633, 38.55045720201035], [-89.87243909420232, 38.55510984121015], [-89.87816900708947, 38.55526292871994], [-89.88389896344961, 38.55541573628766], [-89.88962896320348, 38.555568263906835], [-89.89535900627187, 38.555720511571074], [-89.90108909257557, 38.55587247927394], [-89.90662620061389, 38.56052360539423], [-89.91216402109853, 38.56517449573953], [-89.91770255420887, 38.56982515017786], [-89.92324180012413, 38.57447556857721], [-89.92878175902374, 38.57912575080554], [-89.93432243108697, 38.58377569673078], [-89.93986381649326, 38.588425406220864], [-89.945405915422, 38.59307487914367], [-89.95113923958688, 38.593224518410075], [-89.95687260627673, 38.5933738772936], [-89.96241621770018, 38.59802260051268], [-89.9679605430459, 38.602671086714345], [-89.97369475078722, 38.60281965195827], [-89.97924018956823, 38.60746764424572], [-89.98478634265064, 38.61211539915841], [-89.9903332102139, 38.61676291656407], [-89.99588079243732, 38.621410196330416], [-90.00161663958568, 38.62155745325657], [-90.00735252860491, 38.621704429474754], [-90.01290162428964, 38.62635095704363], [-90.01845143503385, 38.63099724652267], [-90.02418816427785, 38.631143427354814], [-90.02992493509446, 38.631289327364605], [-90.03566174740413, 38.6314349465459], [-90.04139860112724, 38.63158028489256], [-90.04713549618415, 38.63172534239843], [-90.05287243249526, 38.6318701190574], [-90.05860940998092, 38.63201461486337], [-90.06434642856152, 38.63215882981023], [-90.07008348815737, 38.6323027638919], [-90.07582058868887, 38.63244641710234], [-90.08155773007638, 38.632589789435436], [-90.08729491224024, 38.63273288088516], [-90.09285022458998, 38.63737583907351], [-90.09840625259658, 38.64201855779177], [-90.10396299643912, 38.64666103690741], [-90.10952045629662, 38.651303276287905], [-90.11525927291721, 38.651445053943725], [-90.12081784745767, 38.65608679499798], [-90.1263771383907, 38.66072829595899], [-90.1321167922061, 38.660869275404174], [-90.13767719816866, 38.665510277443985], [-90.14323832090129, 38.67015103903228], [-90.14880016058308, 38.674791560036375], [-90.15436271739304, 38.67943184032358], [-90.1599259915103, 38.6840718797612], [-90.16566767757574, 38.684211283339124], [-90.17140940332797, 38.68435040545039], [-90.17697419182998, 38.68898968543255], [-90.18253969803584, 38.693628724113545], [-90.18828226010154, 38.69376704603371], [-90.19384888257228, 38.69840558378194], [-90.1995918823357, 38.69854336457249], [-90.20533492133491, 38.69868086372641], [-90.2110779994899, 38.698818081237896], [-90.21682111672072, 38.69895501710115], [-90.22256427294727, 38.69909167131035], [-90.22830746808964, 38.699228043859776], [-90.23405070206775, 38.699364134743625], [-90.23962082945226, 38.70400061226774], [-90.24519167522915, 38.70863684734796], [-90.25093574365499, 38.70877213647181], [-90.25650770587707, 38.713407868791336], [-90.2620803868679, 38.71804335830804], [-90.26765378680629, 38.72267860488892], [-90.27322790587108, 38.727313608400934], [-90.27897360415623, 38.72744757424986], [-90.2847193406125, 38.72758125811188], [-90.29046511515969, 38.72771465998137], [-90.29604114694997, 38.73234863831933], [-90.30178735717278, 38.73248149743191], [-90.30753360525517, 38.73261407449003], [-90.31327989111702, 38.732746369488076], [-90.31902621467803, 38.73287838242046], [-90.32460455631471, 38.7375110734335], [-90.33035131489382, 38.737642543240376], [-90.33626541075455, 38.733272728767844], [-90.3420118843105, 38.73340361338185], [-90.34775839516463, 38.73353421590239], [-90.35333872308522, 38.73816560113835], [-90.35908566820065, 38.73829566025279], [-90.36466711306467, 38.742926539503976], [-90.37024927800739, 38.74755717394432]]}}, {"type": "Feature", "properties": {"route_run_id": "stl_midamerica_to_st_louis_lambert_2026-01-12_0286", "route_pair": "midamerica_to_st_louis_lambert", "route_pair_label": "MidAmerica to St. Louis Lambert", "origin_label": "MidAmerica St. Louis Airport", "destination_label": "St. Louis Lambert International Airport", "origin_lat": 38.5451731, "origin_lon": -89.8351856, "destination_lat": 38.7486982, "destination_lon": -90.3700257, "traffic_date": "2026-01-12", "traffic_dataset": "January 12th - Monday", "weight_id": "w_0286", "distance_weight": 0.9, "population_weight": 0.1, "traffic_weight": 0.0, "airspace_weight": 0.0, "path_nodes": 96, "path_node_ids": [8877, 8876, 8868, 8869, 8870, 8867, 9753, 9754, 9755, 9744, 9746, 9747, 9751, 9764, 9766, 9770, 9797, 10002, 10006, 10008, 10233, 10243, 10246, 10272, 10273, 10269, 10303, 10306, 10343, 10347, 10351, 10366, 10376, 10374, 10379, 10614, 10407, 10410, 10411, 10408, 2604, 2605, 2606, 2603, 10715, 10714, 10713, 10722, 2597, 10723, 2596, 2876, 2875, 2874, 2873, 2885, 2886, 2884, 2883, 2893, 4095, 4096, 3932, 3933, 3958, 3962, 3967, 3970, 3969, 3968, 3981, 3978, 3983, 4297, 4198, 4199, 4201, 4216, 4229, 4232, 4230, 4242, 4265, 4244, 4243, 5336, 5338, 5335, 5337, 5320, 5322, 5323, 5346, 5357, 5358, 5364], "elapsed_seconds": 0.015793400001712143, "status": "success", "failure_reason": "", "route_distance_km": 71.92164999407072, "distance_cost_sum": 79.15442693740509, "population_cost_sum": 19.64578326883652, "traffic_cost_sum": 42.969653535783536, "airspace_cost_sum": 55.2, "total_weighted_score": 73.20356257054824}, "geometry": {"type": "LineString", "coordinates": [[-89.83272609742262, 38.54503213945896], [-89.83845499191484, 38.54518713674757], [-89.84418393041321, 38.54534185422887], [-89.8499129128385, 38.54549629189633], [-89.85564193911159, 38.545650449743434], [-89.86137100915332, 38.54580432776372], [-89.86710012288452, 38.545957925950695], [-89.87282928022606, 38.546111244297876], [-89.8785584810987, 38.54626428279884], [-89.88428772542336, 38.54641704144712], [-89.8900170131208, 38.5465695202363], [-89.89574634411186, 38.54672171915994], [-89.90128242701932, 38.55137306088645], [-89.90681922203537, 38.556024167009056], [-89.9123567293393, 38.560675037395804], [-89.91789494911032, 38.56532567191472], [-89.92343388152776, 38.56997607043378], [-89.9289735267709, 38.57462623282101], [-89.93451388501903, 38.57927615894434], [-89.94005495645153, 38.5839258486717], [-89.94559674124768, 38.58857530187098], [-89.95113923958688, 38.593224518410075], [-89.95668245164843, 38.59787349815684], [-89.9622263776118, 38.60252224097911], [-89.96777101765635, 38.607170746744714], [-89.97331637196147, 38.61181901532141], [-89.97886244070665, 38.616467046576965], [-89.98440922407127, 38.621114840379136], [-89.98995672223481, 38.62576239659562], [-89.99550493537676, 38.630409715094125], [-90.00105386367663, 38.63505679574229], [-90.00660350731387, 38.63970363840778], [-90.01234086854143, 38.63985042783196], [-90.01807827152109, 38.63999693635645], [-90.02362942973669, 38.64464302594129], [-90.0291813036891, 38.64928887709267], [-90.03473389355781, 38.653934489678136], [-90.04028719952224, 38.658579863565194], [-90.04602624200047, 38.65872506038847], [-90.05176532579277, 38.658869976095644], [-90.05750445081951, 38.65901461068064], [-90.06324361700084, 38.65915896413734], [-90.06898282425709, 38.65930303645963], [-90.07472207250845, 38.65944682764147], [-90.08046136167522, 38.65959033767675], [-90.0862006916776, 38.659733566559446], [-90.09194006243584, 38.659876514283475], [-90.09767947387014, 38.66001918084284], [-90.10341892590075, 38.66016156623149], [-90.1091584184479, 38.66030367044341], [-90.11489795143179, 38.66044549347263], [-90.12063752477266, 38.66058703531315], [-90.1263771383907, 38.66072829595899], [-90.1321167922061, 38.660869275404174], [-90.13785648613919, 38.66100997364278], [-90.14359622011, 38.661150390668844], [-90.14933599403881, 38.66129052647644], [-90.15507580784583, 38.66143038105964], [-90.16081566145125, 38.66156995441258], [-90.16637805865126, 38.66620966221335], [-90.17194117271791, 38.67084912909773], [-90.17750500383, 38.67548835493302], [-90.18306955216653, 38.68012733958649], [-90.18863481790633, 38.68476608292537], [-90.19420080122836, 38.68940458481685], [-90.19976750231159, 38.694042845128145], [-90.20551018229601, 38.69418032229077], [-90.2112529014267, 38.694317517855914], [-90.2169956596237, 38.69445443181779], [-90.22273845680708, 38.6945910641706], [-90.22848129289677, 38.69472741490856], [-90.23422416781283, 38.694863484025944], [-90.23979397480163, 38.69949994395616], [-90.24536450002277, 38.704136161482424], [-90.25110820919835, 38.70427142896936], [-90.25685195689897, 38.704406414722804], [-90.2624239960298, 38.709041869378396], [-90.26799675378774, 38.71367708117809], [-90.27357023035168, 38.71831204998893], [-90.27914442590036, 38.722946775677876], [-90.28488980273018, 38.72308043816236], [-90.29046511515969, 38.72771465998137], [-90.29604114694997, 38.73234863831933], [-90.30178735717278, 38.73248149743191], [-90.30753360525517, 38.73261407449003], [-90.31327989111702, 38.732746369488076], [-90.31902621467803, 38.73287838242046], [-90.3247725758581, 38.73301011328159], [-90.330518974577, 38.7331415620659], [-90.33626541075455, 38.733272728767844], [-90.3420118843105, 38.73340361338185], [-90.34775839516463, 38.73353421590239], [-90.35333872308522, 38.73816560113835], [-90.35908566820065, 38.73829566025279], [-90.36466711306467, 38.742926539503976], [-90.37024927800739, 38.74755717394432]]}}, {"type": "Feature", "properties": {"route_run_id": "stl_midamerica_to_st_louis_lambert_2026-01-12_0215", "route_pair": "midamerica_to_st_louis_lambert", "route_pair_label": "MidAmerica to St. Louis Lambert", "origin_label": "MidAmerica St. Louis Airport", "destination_label": "St. Louis Lambert International Airport", "origin_lat": 38.5451731, "origin_lon": -89.8351856, "destination_lat": 38.7486982, "destination_lon": -90.3700257, "traffic_date": "2026-01-12", "traffic_dataset": "January 12th - Monday", "weight_id": "w_0215", "distance_weight": 0.4, "population_weight": 0.1, "traffic_weight": 0.4, "airspace_weight": 0.1, "path_nodes": 96, "path_node_ids": [8877, 8879, 8896, 8900, 8924, 8930, 10012, 10015, 10019, 10053, 10057, 10054, 10061, 10051, 10049, 10048, 10050, 10254, 10256, 10255, 10261, 10280, 10281, 10292, 10293, 10304, 10305, 10306, 10319, 10321, 10320, 10318, 10355, 10358, 10356, 10357, 10336, 10335, 10337, 10334, 2551, 2550, 2552, 2549, 2544, 2578, 2582, 2590, 2595, 10723, 10724, 2903, 2906, 4109, 4112, 4145, 4150, 4152, 4158, 4183, 4405, 4184, 4407, 4338, 4340, 4343, 4357, 4356, 4334, 4332, 4324, 4323, 4318, 4320, 4219, 4221, 4220, 4223, 4255, 4233, 4234, 4242, 4265, 4244, 4243, 5336, 5338, 5341, 5339, 5320, 5322, 5323, 5346, 5357, 5358, 5364], "elapsed_seconds": 0.04934310002136044, "status": "success", "failure_reason": "", "route_distance_km": 73.53140050730426, "distance_cost_sum": 80.92606147857175, "population_cost_sum": 28.651083532559525, "traffic_cost_sum": 27.188918608745475, "airspace_cost_sum": 50.4, "total_weighted_score": 51.151100388182854}, "geometry": {"type": "LineString", "coordinates": [[-89.83272609742262, 38.54503213945896], [-89.83825778508921, 38.54968628939868], [-89.84379018463301, 38.55434020475587], [-89.84932329623358, 38.558993885398685], [-89.85485712007056, 38.56364733119524], [-89.86039165632353, 38.56830054201366], [-89.86592690517212, 38.57295351772198], [-89.871462866796, 38.577606258188254], [-89.87699954137483, 38.582258763280514], [-89.88253692908823, 38.586911032866766], [-89.88807503011597, 38.59156306681497], [-89.89380792466403, 38.591715509561276], [-89.89934713930707, 38.59636705177409], [-89.90508047722643, 38.59651895818466], [-89.91081385831642, 38.59667058421835], [-89.91654728249756, 38.596821929868824], [-89.92228074969049, 38.59697299512966], [-89.92782227790734, 38.601623276602716], [-89.93355618782985, 38.60177380515354], [-89.93929014053626, 38.6019240532509], [-89.94483318227732, 38.606573585359854], [-89.9503769381968, 38.61122288065171], [-89.9559214084743, 38.61587193899423], [-89.9616566029858, 38.61602113682532], [-89.96739183991471, 38.61617005403699], [-89.97312711918148, 38.61631869062297], [-89.97867350301271, 38.62096674136646], [-89.98440922407127, 38.621114840379136], [-89.99014498723932, 38.62126265870254], [-89.99588079243732, 38.621410196330416], [-90.00161663958568, 38.62155745325657], [-90.00735252860491, 38.621704429474754], [-90.01290162428964, 38.62635095704363], [-90.01845143503385, 38.63099724652267], [-90.02418816427785, 38.631143427354814], [-90.02992493509446, 38.631289327364605], [-90.03566174740413, 38.6314349465459], [-90.04139860112724, 38.63158028489256], [-90.04713549618415, 38.63172534239843], [-90.05287243249526, 38.6318701190574], [-90.05860940998092, 38.63201461486337], [-90.06434642856152, 38.63215882981023], [-90.07008348815737, 38.6323027638919], [-90.07582058868887, 38.63244641710234], [-90.08137510400799, 38.63708989131143], [-90.08693033494461, 38.641733126236325], [-90.09248628167781, 38.64637612174451], [-90.09804294438668, 38.65101887770345], [-90.10360032325033, 38.65566139398061], [-90.1091584184479, 38.66030367044341], [-90.11471723015849, 38.664945706959266], [-90.12027675856129, 38.66958750339557], [-90.12583700383547, 38.67422905961967], [-90.13139796616022, 38.67887037549889], [-90.13695964571467, 38.683511450900546], [-90.14252204267808, 38.68815228569193], [-90.14808515722972, 38.692792879740324], [-90.15364898954873, 38.69743323291292], [-90.15921353981443, 38.70207334507697], [-90.16477880820605, 38.70671321609967], [-90.1703447949029, 38.71135284584817], [-90.1760887143045, 38.71149181979163], [-90.18183267329057, 38.71163051198691], [-90.18740017616385, 38.71626938114536], [-90.19296839773925, 38.72090800857769], [-90.19853733819606, 38.72554639415102], [-90.20428253296463, 38.72568402530979], [-90.21002776694598, 38.72582137455621], [-90.21594781707967, 38.72145788143606], [-90.22169276972275, 38.72159464496781], [-90.22743776132886, 38.72173112661485], [-90.23318279181784, 38.7218673263714], [-90.23910116125579, 38.71750259243367], [-90.24484590978916, 38.71763820670208], [-90.2505906969557, 38.71777353910775], [-90.2563355226753, 38.71790858964497], [-90.2620803868679, 38.71804335830804], [-90.26765378680629, 38.72267860488892], [-90.27322790587108, 38.727313608400934], [-90.27897360415623, 38.72744757424986], [-90.2847193406125, 38.72758125811188], [-90.29046511515969, 38.72771465998137], [-90.29604114694997, 38.73234863831933], [-90.30178735717278, 38.73248149743191], [-90.30753360525517, 38.73261407449003], [-90.31327989111702, 38.732746369488076], [-90.31902621467803, 38.73287838242046], [-90.32460455631471, 38.7375110734335], [-90.33035131489382, 38.737642543240376], [-90.33626541075455, 38.733272728767844], [-90.3420118843105, 38.73340361338185], [-90.34775839516463, 38.73353421590239], [-90.35333872308522, 38.73816560113835], [-90.35908566820065, 38.73829566025279], [-90.36466711306467, 38.742926539503976], [-90.37024927800739, 38.74755717394432]]}}, {"type": "Feature", "properties": {"route_run_id": "stl_midamerica_to_st_louis_lambert_2026-01-12_0158", "route_pair": "midamerica_to_st_louis_lambert", "route_pair_label": "MidAmerica to St. Louis Lambert", "origin_label": "MidAmerica St. Louis Airport", "destination_label": "St. Louis Lambert International Airport", "origin_lat": 38.5451731, "origin_lon": -89.8351856, "destination_lat": 38.7486982, "destination_lon": -90.3700257, "traffic_date": "2026-01-12", "traffic_dataset": "January 12th - Monday", "weight_id": "w_0158", "distance_weight": 0.2, "population_weight": 0.5, "traffic_weight": 0.1, "airspace_weight": 0.2, "path_nodes": 101, "path_node_ids": [8877, 8881, 8905, 8906, 8933, 8929, 9143, 9146, 9173, 10020, 10063, 10068, 10070, 10095, 10099, 10422, 10101, 10106, 10104, 10110, 10109, 10516, 10515, 10514, 10517, 10522, 10299, 10524, 10529, 10538, 10539, 10537, 10367, 10364, 10365, 10366, 10376, 10374, 10379, 10378, 10391, 10402, 10404, 10408, 2604, 2605, 2606, 2603, 10716, 10717, 10718, 10729, 10730, 10744, 10745, 2907, 4107, 4109, 4112, 4145, 4150, 4149, 4153, 4175, 4177, 4176, 4179, 4288, 4286, 4285, 3974, 3973, 3972, 3971, 3981, 3978, 3976, 3941, 4043, 4066, 4067, 4068, 4185, 4187, 4188, 4076, 4075, 4082, 4084, 5080, 5084, 5310, 5311, 5337, 5320, 5322, 5323, 5346, 5357, 5358, 5364], "elapsed_seconds": 0.05286699999123812, "status": "success", "failure_reason": "", "route_distance_km": 76.47365071343904, "distance_cost_sum": 84.16419810352768, "population_cost_sum": 14.743059445010156, "traffic_cost_sum": 39.915965114497915, "airspace_cost_sum": 52.4, "total_weighted_score": 38.67596585466042}, "geometry": {"type": "LineString", "coordinates": [[-89.83272609742262, 38.54503213945896], [-89.83252853470323, 38.54953126729425], [-89.83233092788802, 38.55403039080605], [-89.83786323937711, 38.55868458173916], [-89.83766590046945, 38.563183721427826], [-89.84319923632499, 38.56783769816219], [-89.84873328471264, 38.57249144006519], [-89.8542680458121, 38.5771449470049], [-89.85980351980317, 38.58179821884939], [-89.86533970686553, 38.58645125546666], [-89.87087660717904, 38.591104056724724], [-89.87641422092351, 38.59575662249155], [-89.88195254827868, 38.600408952635085], [-89.8874915894244, 38.605061047023284], [-89.88729702234833, 38.60956036516477], [-89.89283709113381, 38.614212243778354], [-89.89857181380691, 38.614364528005225], [-89.90430657977188, 38.61451653168253], [-89.91004138894921, 38.614668254803874], [-89.9155833733424, 38.61931912852895], [-89.92131862594731, 38.619470314708934], [-89.9268617252078, 38.624120695492145], [-89.93259742104341, 38.62427134452904], [-89.93833315971467, 38.6244217128885], [-89.94406894114202, 38.62457180056415], [-89.94980476524591, 38.62472160754967], [-89.95554063194687, 38.62487113383877], [-89.96108644660326, 38.62951999433463], [-89.966632976295, 38.63416861753812], [-89.97218022120177, 38.63881700331695], [-89.97791733024451, 38.63896547800877], [-89.98365448151714, 38.63911367183824], [-89.98939167493998, 38.639261584799115], [-89.9951289104335, 38.63940921688515], [-90.00086618791799, 38.639556568090114], [-90.00660350731387, 38.63970363840778], [-90.01234086854143, 38.63985042783196], [-90.01807827152109, 38.63999693635645], [-90.02362942973669, 38.64464302594129], [-90.02936727381517, 38.644788996000585], [-90.0349195472141, 38.64943458949962], [-90.0406578321926, 38.64958002089252], [-90.04621122092473, 38.6542251179363], [-90.05176532579277, 38.658869976095644], [-90.05750445081951, 38.65901461068064], [-90.06324361700084, 38.65915896413734], [-90.06898282425709, 38.65930303645963], [-90.07472207250845, 38.65944682764147], [-90.08027849074135, 38.66409041434458], [-90.08601817899587, 38.66423366614264], [-90.09175790801612, 38.66437663673715], [-90.0973158409683, 38.669019467207306], [-90.10305600964216, 38.66916189816016], [-90.10861505837465, 38.67380423026503], [-90.1143556665019, 38.67394612137533], [-90.12009631501547, 38.67408773116219], [-90.1256568785435, 38.67872930581226], [-90.13139796616022, 38.67887037549889], [-90.13695964571467, 38.683511450900546], [-90.14252204267808, 38.68815228569193], [-90.14808515722972, 38.692792879740324], [-90.15382748129907, 38.69293289101744], [-90.15939171242222, 38.69757298499622], [-90.1651344750913, 38.69771245548389], [-90.17069982293353, 38.702352049023325], [-90.17644302400102, 38.702490978520885], [-90.18218626463384, 38.702629626360235], [-90.18792954475192, 38.70276799253548], [-90.19384888257228, 38.69840558378194], [-90.1995918823357, 38.69854336457249], [-90.20533492133491, 38.69868086372641], [-90.2110779994899, 38.698818081237896], [-90.21682111672072, 38.69895501710115], [-90.22256427294727, 38.69909167131035], [-90.22848129289677, 38.69472741490856], [-90.23422416781283, 38.694863484025944], [-90.24014014948251, 38.69049859495047], [-90.24605541323987, 38.68613337677085], [-90.2517976862147, 38.68626855773688], [-90.25736804511756, 38.69090420272148], [-90.26311075393669, 38.69103884211091], [-90.26868222818311, 38.695673984376505], [-90.27425442059507, 38.700308883813186], [-90.27999796237877, 38.700442721166475], [-90.28557127047641, 38.70507711728869], [-90.29148516021279, 38.700709550716724], [-90.297228816103, 38.700842542902386], [-90.30280331580018, 38.70547615766316], [-90.30837853409372, 38.710109528957155], [-90.31395447116216, 38.71474265665128], [-90.31378588266769, 38.71924359100243], [-90.31936286061908, 38.72387649197406], [-90.32494055786266, 38.72850914903958], [-90.330518974577, 38.7331415620659], [-90.33626541075455, 38.733272728767844], [-90.3420118843105, 38.73340361338185], [-90.34775839516463, 38.73353421590239], [-90.35333872308522, 38.73816560113835], [-90.35908566820065, 38.73829566025279], [-90.36466711306467, 38.742926539503976], [-90.37024927800739, 38.74755717394432]]}}, {"type": "Feature", "properties": {"route_run_id": "stl_midamerica_to_st_louis_lambert_2026-01-12_0174", "route_pair": "midamerica_to_st_louis_lambert", "route_pair_label": "MidAmerica to St. Louis Lambert", "origin_label": "MidAmerica St. Louis Airport", "destination_label": "St. Louis Lambert International Airport", "origin_lat": 38.5451731, "origin_lon": -89.8351856, "destination_lat": 38.7486982, "destination_lon": -90.3700257, "traffic_date": "2026-01-12", "traffic_dataset": "January 12th - Monday", "weight_id": "w_0174", "distance_weight": 0.3, "population_weight": 0.0, "traffic_weight": 0.6, "airspace_weight": 0.1, "path_nodes": 97, "path_node_ids": [8877, 8876, 8868, 8869, 8870, 8867, 9758, 9759, 9761, 9774, 9773, 9775, 9772, 9764, 9765, 9762, 9768, 9951, 9950, 9949, 9948, 9965, 9963, 9962, 9930, 9931, 9928, 9929, 9839, 9837, 9833, 9821, 7905, 9824, 9826, 9825, 9844, 9847, 9849, 9846, 1959, 1958, 1937, 1947, 1969, 1973, 1988, 2002, 2004, 2231, 2006, 2191, 2197, 2196, 2408, 2420, 2422, 2419, 2423, 2205, 2206, 2449, 2345, 2370, 2373, 2398, 2394, 2397, 2712, 2716, 2739, 2746, 2769, 2747, 2681, 2682, 2685, 3986, 2706, 4015, 4017, 4022, 4029, 4034, 4060, 4064, 5048, 5052, 5076, 5082, 5299, 5304, 5319, 5321, 5357, 5358, 5364], "elapsed_seconds": 0.050941199995577335, "status": "success", "failure_reason": "", "route_distance_km": 74.91751022622431, "distance_cost_sum": 82.4515648629147, "population_cost_sum": 48.79163864969249, "traffic_cost_sum": 21.03742155091345, "airspace_cost_sum": 61.6, "total_weighted_score": 43.51792238942248}, "geometry": {"type": "LineString", "coordinates": [[-89.83272609742262, 38.54503213945896], [-89.83845499191484, 38.54518713674757], [-89.84418393041321, 38.54534185422887], [-89.8499129128385, 38.54549629189633], [-89.85564193911159, 38.545650449743434], [-89.86137100915332, 38.54580432776372], [-89.86690469568633, 38.55045720201035], [-89.87243909420232, 38.55510984121015], [-89.87816900708947, 38.55526292871994], [-89.88389896344961, 38.55541573628766], [-89.88962896320348, 38.555568263906835], [-89.89535900627187, 38.555720511571074], [-89.90108909257557, 38.55587247927394], [-89.90681922203537, 38.556024167009056], [-89.912549394572, 38.55617557477001], [-89.91827961010628, 38.556326702550436], [-89.92381791573482, 38.56097706131683], [-89.92954857324645, 38.561127653223565], [-89.9352792735283, 38.56127796508598], [-89.94101001650117, 38.561427996897756], [-89.94674080208566, 38.56157774865255], [-89.95247163020258, 38.56172722034409], [-89.95820250077269, 38.56187641196605], [-89.9641228727858, 38.55752564473363], [-89.97004253230493, 38.553174545580205], [-89.97577281723424, 38.553322849461594], [-89.9815031442792, 38.55347087333782], [-89.98723351336055, 38.553618617202645], [-89.99296392439905, 38.55376608104985], [-89.99888161487452, 38.549413435530916], [-90.00479859305136, 38.54506045870968], [-90.01052841715675, 38.54520703552103], [-90.01625828288213, 38.545353332379484], [-90.02180241889697, 38.54999927665452], [-90.02753272377944, 38.55014503692589], [-90.03326307005413, 38.550290517181146], [-90.03899345764175, 38.55043571741418], [-90.04453949873692, 38.55508065386086], [-90.05027032498664, 38.555225317192196], [-90.0560011923214, 38.555369700438234], [-90.06173210066189, 38.55551380359289], [-90.0674630499288, 38.55565762665008], [-90.0731940400428, 38.55580116960377], [-90.07892507092458, 38.5559444324479], [-90.08447420828541, 38.56058758841172], [-90.0900240585605, 38.56523050576299], [-90.09557462192825, 38.56987318436945], [-90.10112589856693, 38.57451562409887], [-90.10667788865496, 38.579157824818985], [-90.11223059237057, 38.583799786397456], [-90.11814404276322, 38.57944093533558], [-90.12387718012955, 38.579582070024706], [-90.12943107502363, 38.58422325824649], [-90.1351646494121, 38.58436385466116], [-90.14089826375356, 38.58450417063179], [-90.14645366632062, 38.589144603290876], [-90.15218771733517, 38.589284380730234], [-90.15792180807382, 38.58942387766302], [-90.16347871828971, 38.59406355405304], [-90.16921324535195, 38.59420251219789], [-90.17494781190939, 38.59434118977373], [-90.18050622974906, 38.59898010918833], [-90.18606536210271, 38.60361878809667], [-90.19162520914848, 38.60825722636621], [-90.19718577106451, 38.612895423864465], [-90.20274704802898, 38.61753338045887], [-90.2084836369821, 38.617670484184025], [-90.21404602582597, 38.62230794080845], [-90.21960913009349, 38.62694515617101], [-90.22517294996291, 38.63158213013913], [-90.23073748561237, 38.63621886258013], [-90.23630273722006, 38.640855353361346], [-90.24186870496423, 38.645491602350084], [-90.24760771267954, 38.645626869943555], [-90.25334675887852, 38.64576185639355], [-90.25891423625677, 38.65039734432395], [-90.26448243016516, 38.6550325900107], [-90.27005134078189, 38.65966759332096], [-90.27562096828521, 38.66430235412195], [-90.28119131285328, 38.668936872280845], [-90.28102094844074, 38.67343772015905], [-90.28659233093768, 38.67807201278429], [-90.29216443101578, 38.68270606246168], [-90.29773724885335, 38.68733986905835], [-90.30331078462868, 38.69197343244128], [-90.30888503852013, 38.69660675247757], [-90.31446001070607, 38.70123982903419], [-90.32003570136486, 38.70587266197814], [-90.32561211067481, 38.710505251176386], [-90.33118923881437, 38.715137596495865], [-90.3367670859619, 38.719769697803464], [-90.34234565229588, 38.724401554966114], [-90.34792493799469, 38.72903316785066], [-90.35350494323681, 38.73366453632395], [-90.35908566820065, 38.73829566025279], [-90.36466711306467, 38.742926539503976], [-90.37024927800739, 38.74755717394432]]}}, {"type": "Feature", "properties": {"route_run_id": "stl_midamerica_to_st_louis_lambert_2026-01-12_0220", "route_pair": "midamerica_to_st_louis_lambert", "route_pair_label": "MidAmerica to St. Louis Lambert", "origin_label": "MidAmerica St. Louis Airport", "destination_label": "St. Louis Lambert International Airport", "origin_lat": 38.5451731, "origin_lon": -89.8351856, "destination_lat": 38.7486982, "destination_lon": -90.3700257, "traffic_date": "2026-01-12", "traffic_dataset": "January 12th - Monday", "weight_id": "w_0220", "distance_weight": 0.4, "population_weight": 0.2, "traffic_weight": 0.3, "airspace_weight": 0.1, "path_nodes": 97, "path_node_ids": [8877, 8879, 8896, 8900, 8924, 8930, 10012, 10015, 10018, 10062, 10055, 10058, 10094, 10096, 10103, 10104, 10110, 10109, 10516, 10515, 10514, 10513, 10298, 10295, 10296, 10297, 10309, 10532, 10533, 10349, 10347, 10348, 10346, 10359, 10358, 10356, 10357, 10336, 10335, 10337, 10334, 2551, 2550, 2552, 2549, 2542, 2541, 2545, 2560, 2564, 2588, 2591, 2871, 2875, 2874, 2873, 2887, 4091, 4093, 4117, 4102, 4103, 4127, 4129, 3961, 4286, 4285, 3974, 3973, 3972, 3971, 3982, 4295, 4299, 4301, 4202, 4215, 4220, 4223, 4255, 4233, 4234, 4242, 4265, 4244, 4243, 5336, 5338, 5341, 5339, 5345, 5324, 5347, 5346, 5357, 5358, 5364], "elapsed_seconds": 0.04834310000296682, "status": "success", "failure_reason": "", "route_distance_km": 72.83523482165754, "distance_cost_sum": 80.15988612100702, "population_cost_sum": 22.59187976175319, "traffic_cost_sum": 30.665624663911984, "airspace_cost_sum": 50.00000000000003, "total_weighted_score": 50.78201779992705}, "geometry": {"type": "LineString", "coordinates": [[-89.83272609742262, 38.54503213945896], [-89.83825778508921, 38.54968628939868], [-89.84379018463301, 38.55434020475587], [-89.84932329623358, 38.558993885398685], [-89.85485712007056, 38.56364733119524], [-89.86039165632353, 38.56830054201366], [-89.86592690517212, 38.57295351772198], [-89.871462866796, 38.577606258188254], [-89.87126749054252, 38.58210552867199], [-89.8768044781077, 38.58675805398646], [-89.88234217896623, 38.591410343755804], [-89.8878805932977, 38.59606239784802], [-89.89341972128202, 38.600714216131045], [-89.89895956309883, 38.60536579847276], [-89.90450011892796, 38.61001714474108], [-89.91004138894921, 38.614668254803874], [-89.9155833733424, 38.61931912852895], [-89.92131862594731, 38.619470314708934], [-89.9268617252078, 38.624120695492145], [-89.93259742104341, 38.62427134452904], [-89.93833315971467, 38.6244217128885], [-89.9442600654149, 38.62007225316597], [-89.94999553214618, 38.62022203618278], [-89.95573104146416, 38.620371538547964], [-89.96146659328937, 38.6205207602552], [-89.96720218754218, 38.620669701298226], [-89.97274848683627, 38.62531802846435], [-89.9782955010475, 38.62996611819141], [-89.98403193705393, 38.63011426460664], [-89.9897684151902, 38.630262130242976], [-89.99550493537676, 38.630409715094125], [-90.001241497534, 38.63055701915386], [-90.00697810158232, 38.630704042416006], [-90.01271474744215, 38.63085078487433], [-90.01845143503385, 38.63099724652267], [-90.02418816427785, 38.631143427354814], [-90.02992493509446, 38.631289327364605], [-90.03566174740413, 38.6314349465459], [-90.04139860112724, 38.63158028489256], [-90.04713549618415, 38.63172534239843], [-90.05287243249526, 38.6318701190574], [-90.05860940998092, 38.63201461486337], [-90.06434642856152, 38.63215882981023], [-90.07008348815737, 38.6323027638919], [-90.07582058868887, 38.63244641710234], [-90.08155773007638, 38.632589789435436], [-90.08729491224024, 38.63273288088516], [-90.09285022458998, 38.63737583907351], [-90.09840625259658, 38.64201855779177], [-90.10396299643912, 38.64666103690741], [-90.10952045629662, 38.651303276287905], [-90.11525927291721, 38.651445053943725], [-90.12081784745767, 38.65608679499798], [-90.1263771383907, 38.66072829595899], [-90.1321167922061, 38.660869275404174], [-90.13785648613919, 38.66100997364278], [-90.14341729048948, 38.665650716936426], [-90.14897881162928, 38.67029121968557], [-90.15454104973756, 38.67493148175755], [-90.16010400499339, 38.67957150301965], [-90.16566767757574, 38.684211283339124], [-90.17140940332797, 38.68435040545039], [-90.17697419182998, 38.68898968543255], [-90.18253969803584, 38.693628724113545], [-90.18828226010154, 38.69376704603371], [-90.19384888257228, 38.69840558378194], [-90.1995918823357, 38.69854336457249], [-90.20533492133491, 38.69868086372641], [-90.2110779994899, 38.698818081237896], [-90.21682111672072, 38.69895501710115], [-90.22256427294727, 38.69909167131035], [-90.22830746808964, 38.699228043859776], [-90.23405070206775, 38.699364134743625], [-90.23962082945226, 38.70400061226774], [-90.24519167522915, 38.70863684734796], [-90.25093574365499, 38.70877213647181], [-90.25650770587707, 38.713407868791336], [-90.2620803868679, 38.71804335830804], [-90.26765378680629, 38.72267860488892], [-90.27322790587108, 38.727313608400934], [-90.27897360415623, 38.72744757424986], [-90.2847193406125, 38.72758125811188], [-90.29046511515969, 38.72771465998137], [-90.29604114694997, 38.73234863831933], [-90.30178735717278, 38.73248149743191], [-90.30753360525517, 38.73261407449003], [-90.31327989111702, 38.732746369488076], [-90.31902621467803, 38.73287838242046], [-90.32460455631471, 38.7375110734335], [-90.33035131489382, 38.737642543240376], [-90.33609811094065, 38.737773730919855], [-90.341844944375, 38.73790463646636], [-90.34759181511657, 38.738035259874366], [-90.35333872308522, 38.73816560113835], [-90.35908566820065, 38.73829566025279], [-90.36466711306467, 38.742926539503976], [-90.37024927800739, 38.74755717394432]]}}, {"type": "Feature", "properties": {"route_run_id": "stl_midamerica_to_st_louis_lambert_2026-01-12_0189", "route_pair": "midamerica_to_st_louis_lambert", "route_pair_label": "MidAmerica to St. Louis Lambert", "origin_label": "MidAmerica St. Louis Airport", "destination_label": "St. Louis Lambert International Airport", "origin_lat": 38.5451731, "origin_lon": -89.8351856, "destination_lat": 38.7486982, "destination_lon": -90.3700257, "traffic_date": "2026-01-12", "traffic_dataset": "January 12th - Monday", "weight_id": "w_0189", "distance_weight": 0.3, "population_weight": 0.3, "traffic_weight": 0.0, "airspace_weight": 0.4, "path_nodes": 97, "path_node_ids": [8877, 8881, 8904, 8922, 8923, 8927, 9145, 10016, 10018, 10062, 10055, 10058, 10094, 10096, 10103, 10104, 10110, 10109, 10516, 10515, 10514, 10517, 10522, 10299, 10300, 10301, 10309, 10308, 10310, 10343, 10345, 10344, 10342, 10355, 10210, 10208, 10209, 10326, 10328, 10329, 10327, 2522, 2524, 2523, 2514, 2517, 2515, 2516, 2530, 2534, 2532, 2558, 2840, 2839, 2838, 2841, 2878, 2879, 2884, 2883, 2890, 2891, 2895, 3904, 3925, 3926, 3931, 3951, 3954, 3953, 3966, 3944, 3977, 3976, 3941, 4043, 4066, 4067, 4068, 4185, 4187, 4188, 4080, 4205, 4207, 4212, 5309, 5313, 5335, 5337, 5320, 5322, 5323, 5346, 5357, 5358, 5364], "elapsed_seconds": 0.05431400000816211, "status": "success", "failure_reason": "", "route_distance_km": 73.36151770044673, "distance_cost_sum": 80.73909446343184, "population_cost_sum": 20.116843160392186, "traffic_cost_sum": 46.15024827677082, "airspace_cost_sum": 48.00000000000003, "total_weighted_score": 49.45678128714722}, "geometry": {"type": "LineString", "coordinates": [[-89.83272609742262, 38.54503213945896], [-89.83252853470323, 38.54953126729425], [-89.83806053424684, 38.55418543772932], [-89.84359324582596, 38.558839373542895], [-89.84912666962028, 38.563493074603095], [-89.85466080580946, 38.568146540778045], [-89.86019565457306, 38.572799771935806], [-89.86573121609086, 38.57745276794444], [-89.87126749054252, 38.58210552867199], [-89.8768044781077, 38.58675805398646], [-89.88234217896623, 38.591410343755804], [-89.8878805932977, 38.59606239784802], [-89.89341972128202, 38.600714216131045], [-89.89895956309883, 38.60536579847276], [-89.90450011892796, 38.61001714474108], [-89.91004138894921, 38.614668254803874], [-89.9155833733424, 38.61931912852895], [-89.92131862594731, 38.619470314708934], [-89.9268617252078, 38.624120695492145], [-89.93259742104341, 38.62427134452904], [-89.93833315971467, 38.6244217128885], [-89.94406894114202, 38.62457180056415], [-89.94980476524591, 38.62472160754967], [-89.95554063194687, 38.62487113383877], [-89.96127654116528, 38.62502037942509], [-89.96701249282155, 38.625169344302385], [-89.97274848683627, 38.62531802846435], [-89.97848452312972, 38.62546643190471], [-89.98422060162243, 38.625614554617215], [-89.98995672223481, 38.62576239659562], [-89.9956928848873, 38.625909957833684], [-90.00142908950032, 38.62605723832518], [-90.00716533599429, 38.6262042380639], [-90.01290162428964, 38.62635095704363], [-90.01882443193752, 38.62199753976251], [-90.0245604460918, 38.62214367381969], [-90.03029650179865, 38.62228952714421], [-90.03603259897847, 38.622435099729884], [-90.04176873755169, 38.622580391570615], [-90.04750491743872, 38.62272540266021], [-90.05324113855997, 38.6228701329926], [-90.0589774008359, 38.62301458256169], [-90.06471370418684, 38.62315875136136], [-90.07045004853325, 38.62330263938551], [-90.07618643379548, 38.623446246628106], [-90.08192285989396, 38.62358957308307], [-90.08765932674906, 38.623732618744384], [-90.09339583428118, 38.623875383605984], [-90.09895091075838, 38.62851804648185], [-90.10450670259345, 38.633160469873815], [-90.1102440470662, 38.63330243772981], [-90.11580095263906, 38.63794436326609], [-90.12135857394713, 38.64258604896054], [-90.12709675507955, 38.642727219229855], [-90.13283497637043, 38.64286810847808], [-90.1383941098626, 38.64750903719531], [-90.14395395948668, 38.652149725619736], [-90.14951452542148, 38.65679017361872], [-90.15507580784583, 38.66143038105964], [-90.16081566145125, 38.66156995441258], [-90.16655555477524, 38.661709246529334], [-90.17229548773797, 38.66184825740402], [-90.17785868094164, 38.666487447153536], [-90.18342259105025, 38.67112639580074], [-90.1889872182426, 38.67576510321293], [-90.19472838451095, 38.67590305525546], [-90.2002941269196, 38.68054126191918], [-90.20586058678872, 38.68517922698935], [-90.21142776429718, 38.68981695033316], [-90.2171701635404, 38.68995384239636], [-90.2229126017605, 38.690090452895454], [-90.22865507887754, 38.69022678182468], [-90.23439759481155, 38.69036282917826], [-90.24014014948251, 38.69049859495047], [-90.24605541323987, 38.68613337677085], [-90.2517976862147, 38.68626855773688], [-90.25736804511756, 38.69090420272148], [-90.26311075393669, 38.69103884211091], [-90.26868222818311, 38.695673984376505], [-90.27425442059507, 38.700308883813186], [-90.27999796237877, 38.700442721166475], [-90.28557127047641, 38.70507711728869], [-90.29131524764634, 38.705210412521886], [-90.29688967157429, 38.70984430496006], [-90.30246481424038, 38.714477953984364], [-90.30804067582325, 38.71911135946174], [-90.31361725650144, 38.72374452125915], [-90.3191945564535, 38.72837743924346], [-90.3247725758581, 38.73301011328159], [-90.330518974577, 38.7331415620659], [-90.33626541075455, 38.733272728767844], [-90.3420118843105, 38.73340361338185], [-90.34775839516463, 38.73353421590239], [-90.35333872308522, 38.73816560113835], [-90.35908566820065, 38.73829566025279], [-90.36466711306467, 38.742926539503976], [-90.37024927800739, 38.74755717394432]]}}, {"type": "Feature", "properties": {"route_run_id": "stl_midamerica_to_st_louis_lambert_2026-01-12_0228", "route_pair": "midamerica_to_st_louis_lambert", "route_pair_label": "MidAmerica to St. Louis Lambert", "origin_label": "MidAmerica St. Louis Airport", "destination_label": "St. Louis Lambert International Airport", "origin_lat": 38.5451731, "origin_lon": -89.8351856, "destination_lat": 38.7486982, "destination_lon": -90.3700257, "traffic_date": "2026-01-12", "traffic_dataset": "January 12th - Monday", "weight_id": "w_0228", "distance_weight": 0.4, "population_weight": 0.4, "traffic_weight": 0.2, "airspace_weight": 0.0, "path_nodes": 100, "path_node_ids": [8877, 8881, 8905, 8906, 8925, 8928, 8931, 9149, 10017, 10021, 10063, 10067, 10069, 10083, 10099, 10422, 10101, 10106, 10104, 10110, 10109, 10516, 10515, 10514, 10517, 10522, 10299, 10524, 10529, 10538, 10539, 10537, 10367, 10364, 10365, 10370, 10381, 10380, 10379, 10378, 10391, 10402, 10404, 10408, 2604, 2605, 2606, 2603, 10716, 10717, 10718, 10729, 10730, 10744, 10746, 4111, 4137, 4138, 4139, 4148, 4150, 4149, 4153, 4175, 4133, 4132, 4134, 3964, 4286, 4285, 3974, 3973, 3972, 3971, 3982, 4295, 4299, 4301, 4202, 4215, 4220, 4223, 4255, 4233, 4234, 4242, 4265, 4244, 4243, 5336, 5338, 5341, 5339, 5345, 5324, 5347, 5346, 5357, 5358, 5364], "elapsed_seconds": 0.044360200001392514, "status": "success", "failure_reason": "", "route_distance_km": 73.43397544871962, "distance_cost_sum": 80.81883890119421, "population_cost_sum": 18.406234173898653, "traffic_cost_sum": 34.53833806051532, "airspace_cost_sum": 53.2, "total_weighted_score": 46.59769684214021}, "geometry": {"type": "LineString", "coordinates": [[-89.83272609742262, 38.54503213945896], [-89.83252853470323, 38.54953126729425], [-89.83233092788802, 38.55403039080605], [-89.83786323937711, 38.55868458173916], [-89.84339626306016, 38.56333853801179], [-89.84892999911683, 38.56799225949204], [-89.85446444772683, 38.572645746048046], [-89.85999960906982, 38.577298997547835], [-89.86553548332552, 38.58195201385946], [-89.8710720706737, 38.58660479485093], [-89.87087660717904, 38.591104056724724], [-89.87068110004802, 38.59560331429298], [-89.87621902698532, 38.60025590028999], [-89.88175766769213, 38.604908250624604], [-89.88729702234833, 38.60956036516477], [-89.89283709113381, 38.614212243778354], [-89.89857181380691, 38.614364528005225], [-89.90430657977188, 38.61451653168253], [-89.91004138894921, 38.614668254803874], [-89.9155833733424, 38.61931912852895], [-89.92131862594731, 38.619470314708934], [-89.9268617252078, 38.624120695492145], [-89.93259742104341, 38.62427134452904], [-89.93833315971467, 38.6244217128885], [-89.94406894114202, 38.62457180056415], [-89.94980476524591, 38.62472160754967], [-89.95554063194687, 38.62487113383877], [-89.96108644660326, 38.62951999433463], [-89.966632976295, 38.63416861753812], [-89.97218022120177, 38.63881700331695], [-89.97791733024451, 38.63896547800877], [-89.98365448151714, 38.63911367183824], [-89.98939167493998, 38.639261584799115], [-89.9951289104335, 38.63940921688515], [-90.00086618791799, 38.639556568090114], [-90.00641614743708, 38.64420343004679], [-90.01215386646798, 38.64435024295822], [-90.0178916272611, 38.64449677492512], [-90.02362942973669, 38.64464302594129], [-90.02936727381517, 38.644788996000585], [-90.0349195472141, 38.64943458949962], [-90.0406578321926, 38.64958002089252], [-90.04621122092473, 38.6542251179363], [-90.05176532579277, 38.658869976095644], [-90.05750445081951, 38.65901461068064], [-90.06324361700084, 38.65915896413734], [-90.06898282425709, 38.65930303645963], [-90.07472207250845, 38.65944682764147], [-90.08027849074135, 38.66409041434458], [-90.08601817899587, 38.66423366614264], [-90.09175790801612, 38.66437663673715], [-90.0973158409683, 38.669019467207306], [-90.10305600964216, 38.66916189816016], [-90.10861505837465, 38.67380423026503], [-90.11417482409904, 38.67844632230407], [-90.11973530699464, 38.68308817414464], [-90.12529650724075, 38.68772978565403], [-90.1308584250167, 38.69237115669953], [-90.13660062900858, 38.69251201257543], [-90.14234287310624, 38.69265258692433], [-90.14808515722972, 38.692792879740324], [-90.15382748129907, 38.69293289101744], [-90.15939171242222, 38.69757298499622], [-90.1651344750913, 38.69771245548389], [-90.17087727747607, 38.69785164437002], [-90.17662011949652, 38.69799055164876], [-90.18236300107269, 38.69812917731423], [-90.18810592212462, 38.698267521360556], [-90.19384888257228, 38.69840558378194], [-90.1995918823357, 38.69854336457249], [-90.20533492133491, 38.69868086372641], [-90.2110779994899, 38.698818081237896], [-90.21682111672072, 38.69895501710115], [-90.22256427294727, 38.69909167131035], [-90.22830746808964, 38.699228043859776], [-90.23405070206775, 38.699364134743625], [-90.23962082945226, 38.70400061226774], [-90.24519167522915, 38.70863684734796], [-90.25093574365499, 38.70877213647181], [-90.25650770587707, 38.713407868791336], [-90.2620803868679, 38.71804335830804], [-90.26765378680629, 38.72267860488892], [-90.27322790587108, 38.727313608400934], [-90.27897360415623, 38.72744757424986], [-90.2847193406125, 38.72758125811188], [-90.29046511515969, 38.72771465998137], [-90.29604114694997, 38.73234863831933], [-90.30178735717278, 38.73248149743191], [-90.30753360525517, 38.73261407449003], [-90.31327989111702, 38.732746369488076], [-90.31902621467803, 38.73287838242046], [-90.32460455631471, 38.7375110734335], [-90.33035131489382, 38.737642543240376], [-90.33609811094065, 38.737773730919855], [-90.341844944375, 38.73790463646636], [-90.34759181511657, 38.738035259874366], [-90.35333872308522, 38.73816560113835], [-90.35908566820065, 38.73829566025279], [-90.36466711306467, 38.742926539503976], [-90.37024927800739, 38.74755717394432]]}}, {"type": "Feature", "properties": {"route_run_id": "stl_midamerica_to_st_louis_lambert_2026-01-12_0177", "route_pair": "midamerica_to_st_louis_lambert", "route_pair_label": "MidAmerica to St. Louis Lambert", "origin_label": "MidAmerica St. Louis Airport", "destination_label": "St. Louis Lambert International Airport", "origin_lat": 38.5451731, "origin_lon": -89.8351856, "destination_lat": 38.7486982, "destination_lon": -90.3700257, "traffic_date": "2026-01-12", "traffic_dataset": "January 12th - Monday", "weight_id": "w_0177", "distance_weight": 0.3, "population_weight": 0.1, "traffic_weight": 0.1, "airspace_weight": 0.5, "path_nodes": 97, "path_node_ids": [8877, 8879, 8896, 8900, 8924, 8930, 10012, 10015, 10018, 10062, 10055, 10058, 10094, 10096, 10103, 10104, 10110, 10109, 10516, 10515, 10514, 10517, 10522, 10299, 10300, 10301, 10311, 10532, 10533, 10349, 10347, 10348, 10346, 10359, 10358, 10356, 10357, 10336, 10335, 10337, 10330, 2548, 2527, 2525, 2526, 2538, 2540, 2516, 2530, 2534, 2559, 2561, 2840, 2842, 2843, 2845, 2878, 2879, 2884, 2883, 2893, 4095, 4096, 3932, 3933, 3958, 3957, 3965, 3954, 3953, 3966, 3944, 3977, 3976, 3941, 4043, 4042, 4041, 4040, 4046, 4048, 4049, 4061, 4075, 4082, 4084, 5080, 5305, 5307, 5314, 5320, 5322, 5323, 5346, 5357, 5358, 5364], "elapsed_seconds": 0.05839180000475608, "status": "success", "failure_reason": "", "route_distance_km": 73.89522690774227, "distance_cost_sum": 81.32647596063302, "population_cost_sum": 22.65933434251672, "traffic_cost_sum": 35.13509501214121, "airspace_cost_sum": 47.6, "total_weighted_score": 53.977385723655715}, "geometry": {"type": "LineString", "coordinates": [[-89.83272609742262, 38.54503213945896], [-89.83825778508921, 38.54968628939868], [-89.84379018463301, 38.55434020475587], [-89.84932329623358, 38.558993885398685], [-89.85485712007056, 38.56364733119524], [-89.86039165632353, 38.56830054201366], [-89.86592690517212, 38.57295351772198], [-89.871462866796, 38.577606258188254], [-89.87126749054252, 38.58210552867199], [-89.8768044781077, 38.58675805398646], [-89.88234217896623, 38.591410343755804], [-89.8878805932977, 38.59606239784802], [-89.89341972128202, 38.600714216131045], [-89.89895956309883, 38.60536579847276], [-89.90450011892796, 38.61001714474108], [-89.91004138894921, 38.614668254803874], [-89.9155833733424, 38.61931912852895], [-89.92131862594731, 38.619470314708934], [-89.9268617252078, 38.624120695492145], [-89.93259742104341, 38.62427134452904], [-89.93833315971467, 38.6244217128885], [-89.94406894114202, 38.62457180056415], [-89.94980476524591, 38.62472160754967], [-89.95554063194687, 38.62487113383877], [-89.96127654116528, 38.62502037942509], [-89.96701249282155, 38.625169344302385], [-89.97255910725055, 38.62981769100349], [-89.9782955010475, 38.62996611819141], [-89.98403193705393, 38.63011426460664], [-89.9897684151902, 38.630262130242976], [-89.99550493537676, 38.630409715094125], [-90.001241497534, 38.63055701915386], [-90.00697810158232, 38.630704042416006], [-90.01271474744215, 38.63085078487433], [-90.01845143503385, 38.63099724652267], [-90.02418816427785, 38.631143427354814], [-90.02992493509446, 38.631289327364605], [-90.03566174740413, 38.6314349465459], [-90.04139860112724, 38.63158028489256], [-90.04713549618415, 38.63172534239843], [-90.0530568061099, 38.627370128132036], [-90.0587934259509, 38.627514600818145], [-90.06453008687686, 38.627658792689985], [-90.07026678880817, 38.62780270374147], [-90.07600353166524, 38.62794633396657], [-90.08174031536842, 38.6280896833592], [-90.08747713983809, 38.62823275191331], [-90.09339583428118, 38.623875383605984], [-90.09895091075838, 38.62851804648185], [-90.10450670259345, 38.633160469873815], [-90.11006320996535, 38.6378026536494], [-90.11562043305292, 38.64244459767609], [-90.12135857394713, 38.64258604896054], [-90.12691691116937, 38.64722749468063], [-90.13265549047176, 38.64736840647394], [-90.13821494197643, 38.652009353518125], [-90.14395395948668, 38.652149725619736], [-90.14951452542148, 38.65679017361872], [-90.15507580784583, 38.66143038105964], [-90.16081566145125, 38.66156995441258], [-90.16637805865126, 38.66620966221335], [-90.17194117271791, 38.67084912909773], [-90.17750500383, 38.67548835493302], [-90.18306955216653, 38.68012733958649], [-90.18863481790633, 38.68476608292537], [-90.19420080122836, 38.68940458481685], [-90.19994308306117, 38.6895423215376], [-90.20568540411075, 38.68967977671165], [-90.21142776429718, 38.68981695033316], [-90.2171701635404, 38.68995384239636], [-90.2229126017605, 38.690090452895454], [-90.22865507887754, 38.69022678182468], [-90.23439759481155, 38.69036282917826], [-90.24014014948251, 38.69049859495047], [-90.24605541323987, 38.68613337677085], [-90.2517976862147, 38.68626855773688], [-90.25753999767723, 38.686403457149304], [-90.26328234754749, 38.686538075002424], [-90.26902473574555, 38.686672411290566], [-90.27476716219141, 38.68680646600806], [-90.2805096268051, 38.68694023914922], [-90.28608197178394, 38.691574583512434], [-90.29165503482373, 38.696208684807814], [-90.297228816103, 38.700842542902386], [-90.30280331580018, 38.70547615766316], [-90.30837853409372, 38.710109528957155], [-90.31395447116216, 38.71474265665128], [-90.31953112718391, 38.71937554061253], [-90.32510850233753, 38.72400818070778], [-90.33068659680158, 38.72864057680392], [-90.33626541075455, 38.733272728767844], [-90.3420118843105, 38.73340361338185], [-90.34775839516463, 38.73353421590239], [-90.35333872308522, 38.73816560113835], [-90.35908566820065, 38.73829566025279], [-90.36466711306467, 38.742926539503976], [-90.37024927800739, 38.74755717394432]]}}, {"type": "Feature", "properties": {"route_run_id": "stl_midamerica_to_st_louis_lambert_2026-01-12_0241", "route_pair": "midamerica_to_st_louis_lambert", "route_pair_label": "MidAmerica to St. Louis Lambert", "origin_label": "MidAmerica St. Louis Airport", "destination_label": "St. Louis Lambert International Airport", "origin_lat": 38.5451731, "origin_lon": -89.8351856, "destination_lat": 38.7486982, "destination_lon": -90.3700257, "traffic_date": "2026-01-12", "traffic_dataset": "January 12th - Monday", "weight_id": "w_0241", "distance_weight": 0.5, "population_weight": 0.1, "traffic_weight": 0.3, "airspace_weight": 0.1, "path_nodes": 96, "path_node_ids": [8877, 8879, 8896, 8900, 8924, 8930, 10012, 10015, 10019, 10053, 10057, 10054, 10061, 10051, 10049, 10048, 10050, 10254, 10256, 10255, 10261, 10280, 10281, 10292, 10293, 10304, 10305, 10306, 10319, 10321, 10320, 10318, 10355, 10358, 10356, 10357, 10336, 10335, 10337, 10334, 2551, 2550, 2552, 2549, 2542, 2541, 2545, 2560, 2564, 2588, 2591, 2871, 2875, 2874, 2877, 4088, 4115, 4119, 4121, 4102, 4103, 4127, 4129, 3961, 4286, 4285, 3974, 3973, 3972, 3971, 3982, 4295, 4299, 4301, 4202, 4215, 4220, 4223, 4255, 4233, 4234, 4242, 4265, 4244, 4243, 5336, 5338, 5341, 5339, 5345, 5324, 5347, 5346, 5357, 5358, 5364], "elapsed_seconds": 0.04220889997668564, "status": "success", "failure_reason": "", "route_distance_km": 71.92543485210625, "distance_cost_sum": 79.15859241843712, "population_cost_sum": 28.034314164019293, "traffic_cost_sum": 29.378278330705577, "airspace_cost_sum": 50.00000000000003, "total_weighted_score": 56.19621112483216}, "geometry": {"type": "LineString", "coordinates": [[-89.83272609742262, 38.54503213945896], [-89.83825778508921, 38.54968628939868], [-89.84379018463301, 38.55434020475587], [-89.84932329623358, 38.558993885398685], [-89.85485712007056, 38.56364733119524], [-89.86039165632353, 38.56830054201366], [-89.86592690517212, 38.57295351772198], [-89.871462866796, 38.577606258188254], [-89.87699954137483, 38.582258763280514], [-89.88253692908823, 38.586911032866766], [-89.88807503011597, 38.59156306681497], [-89.89380792466403, 38.591715509561276], [-89.89934713930707, 38.59636705177409], [-89.90508047722643, 38.59651895818466], [-89.91081385831642, 38.59667058421835], [-89.91654728249756, 38.596821929868824], [-89.92228074969049, 38.59697299512966], [-89.92782227790734, 38.601623276602716], [-89.93355618782985, 38.60177380515354], [-89.93929014053626, 38.6019240532509], [-89.94483318227732, 38.606573585359854], [-89.9503769381968, 38.61122288065171], [-89.9559214084743, 38.61587193899423], [-89.9616566029858, 38.61602113682532], [-89.96739183991471, 38.61617005403699], [-89.97312711918148, 38.61631869062297], [-89.97867350301271, 38.62096674136646], [-89.98440922407127, 38.621114840379136], [-89.99014498723932, 38.62126265870254], [-89.99588079243732, 38.621410196330416], [-90.00161663958568, 38.62155745325657], [-90.00735252860491, 38.621704429474754], [-90.01290162428964, 38.62635095704363], [-90.01845143503385, 38.63099724652267], [-90.02418816427785, 38.631143427354814], [-90.02992493509446, 38.631289327364605], [-90.03566174740413, 38.6314349465459], [-90.04139860112724, 38.63158028489256], [-90.04713549618415, 38.63172534239843], [-90.05287243249526, 38.6318701190574], [-90.05860940998092, 38.63201461486337], [-90.06434642856152, 38.63215882981023], [-90.07008348815737, 38.6323027638919], [-90.07582058868887, 38.63244641710234], [-90.08155773007638, 38.632589789435436], [-90.08729491224024, 38.63273288088516], [-90.09285022458998, 38.63737583907351], [-90.09840625259658, 38.64201855779177], [-90.10396299643912, 38.64666103690741], [-90.10952045629662, 38.651303276287905], [-90.11525927291721, 38.651445053943725], [-90.12081784745767, 38.65608679499798], [-90.1263771383907, 38.66072829595899], [-90.1321167922061, 38.660869275404174], [-90.13767719816866, 38.665510277443985], [-90.14323832090129, 38.67015103903228], [-90.14880016058308, 38.674791560036375], [-90.15436271739304, 38.67943184032358], [-90.1599259915103, 38.6840718797612], [-90.16566767757574, 38.684211283339124], [-90.17140940332797, 38.68435040545039], [-90.17697419182998, 38.68898968543255], [-90.18253969803584, 38.693628724113545], [-90.18828226010154, 38.69376704603371], [-90.19384888257228, 38.69840558378194], [-90.1995918823357, 38.69854336457249], [-90.20533492133491, 38.69868086372641], [-90.2110779994899, 38.698818081237896], [-90.21682111672072, 38.69895501710115], [-90.22256427294727, 38.69909167131035], [-90.22830746808964, 38.699228043859776], [-90.23405070206775, 38.699364134743625], [-90.23962082945226, 38.70400061226774], [-90.24519167522915, 38.70863684734796], [-90.25093574365499, 38.70877213647181], [-90.25650770587707, 38.713407868791336], [-90.2620803868679, 38.71804335830804], [-90.26765378680629, 38.72267860488892], [-90.27322790587108, 38.727313608400934], [-90.27897360415623, 38.72744757424986], [-90.2847193406125, 38.72758125811188], [-90.29046511515969, 38.72771465998137], [-90.29604114694997, 38.73234863831933], [-90.30178735717278, 38.73248149743191], [-90.30753360525517, 38.73261407449003], [-90.31327989111702, 38.732746369488076], [-90.31902621467803, 38.73287838242046], [-90.32460455631471, 38.7375110734335], [-90.33035131489382, 38.737642543240376], [-90.33609811094065, 38.737773730919855], [-90.341844944375, 38.73790463646636], [-90.34759181511657, 38.738035259874366], [-90.35333872308522, 38.73816560113835], [-90.35908566820065, 38.73829566025279], [-90.36466711306467, 38.742926539503976], [-90.37024927800739, 38.74755717394432]]}}, {"type": "Feature", "properties": {"route_run_id": "stl_midamerica_to_st_louis_lambert_2026-01-12_0270", "route_pair": "midamerica_to_st_louis_lambert", "route_pair_label": "MidAmerica to St. Louis Lambert", "origin_label": "MidAmerica St. Louis Airport", "destination_label": "St. Louis Lambert International Airport", "origin_lat": 38.5451731, "origin_lon": -89.8351856, "destination_lat": 38.7486982, "destination_lon": -90.3700257, "traffic_date": "2026-01-12", "traffic_dataset": "January 12th - Monday", "weight_id": "w_0270", "distance_weight": 0.7, "population_weight": 0.0, "traffic_weight": 0.2, "airspace_weight": 0.1, "path_nodes": 96, "path_node_ids": [8877, 8879, 8896, 8900, 8924, 8930, 9788, 10013, 10014, 10036, 10052, 10054, 10061, 10051, 10049, 10048, 10050, 10253, 10252, 10241, 10240, 10249, 10275, 10277, 10293, 10304, 10305, 10306, 10319, 10321, 10320, 10318, 10355, 10358, 10356, 10357, 10336, 10335, 10337, 10334, 2551, 2550, 2552, 2549, 2544, 2578, 2582, 2565, 2589, 2592, 2596, 2899, 2902, 2904, 2905, 4116, 4122, 4123, 4121, 4102, 4103, 4127, 4129, 3961, 4286, 4285, 3974, 3973, 3972, 3971, 3982, 4295, 4299, 4301, 4202, 4203, 4204, 4216, 4226, 4227, 4230, 4242, 4265, 4268, 4271, 5368, 5367, 5370, 5369, 5353, 5352, 5375, 5354, 5363, 5362, 5364], "elapsed_seconds": 0.029308199998922646, "status": "success", "failure_reason": "", "route_distance_km": 71.92629819993202, "distance_cost_sum": 79.15954258855145, "population_cost_sum": 34.27496549757395, "traffic_cost_sum": 28.89366849937613, "airspace_cost_sum": 50.00000000000003, "total_weighted_score": 66.19041351186124}, "geometry": {"type": "LineString", "coordinates": [[-89.83272609742262, 38.54503213945896], [-89.83825778508921, 38.54968628939868], [-89.84379018463301, 38.55434020475587], [-89.84932329623358, 38.558993885398685], [-89.85485712007056, 38.56364733119524], [-89.86039165632353, 38.56830054201366], [-89.86612255057987, 38.568454263192415], [-89.87165819944471, 38.57310698340007], [-89.87719456110594, 38.577759468272795], [-89.88273163574308, 38.582411717678575], [-89.88826942353593, 38.58706373148541], [-89.89380792466403, 38.591715509561276], [-89.89934713930707, 38.59636705177409], [-89.90508047722643, 38.59651895818466], [-89.91081385831642, 38.59667058421835], [-89.91654728249756, 38.596821929868824], [-89.92228074969049, 38.59697299512966], [-89.92801425981584, 38.59712377999449], [-89.93374781279411, 38.597274284457015], [-89.93948140854593, 38.5974245085108], [-89.94521504699188, 38.5975744521496], [-89.95075817398295, 38.60222370805987], [-89.95630201501413, 38.606872727099336], [-89.96184657026487, 38.611521509135784], [-89.96739183991471, 38.61617005403699], [-89.97312711918148, 38.61631869062297], [-89.97867350301271, 38.62096674136646], [-89.98440922407127, 38.621114840379136], [-89.99014498723932, 38.62126265870254], [-89.99588079243732, 38.621410196330416], [-90.00161663958568, 38.62155745325657], [-90.00735252860491, 38.621704429474754], [-90.01290162428964, 38.62635095704363], [-90.01845143503385, 38.63099724652267], [-90.02418816427785, 38.631143427354814], [-90.02992493509446, 38.631289327364605], [-90.03566174740413, 38.6314349465459], [-90.04139860112724, 38.63158028489256], [-90.04713549618415, 38.63172534239843], [-90.05287243249526, 38.6318701190574], [-90.05860940998092, 38.63201461486337], [-90.06434642856152, 38.63215882981023], [-90.07008348815737, 38.6323027638919], [-90.07582058868887, 38.63244641710234], [-90.08137510400799, 38.63708989131143], [-90.08693033494461, 38.641733126236325], [-90.09248628167781, 38.64637612174451], [-90.09822461877505, 38.64651871984398], [-90.10378168009319, 38.65116121753915], [-90.10933945758573, 38.65580347545955], [-90.11489795143179, 38.66044549347263], [-90.12045716181044, 38.66508727144578], [-90.12601708890082, 38.66972880924637], [-90.13175745945723, 38.66986983380672], [-90.13731850207547, 38.67451087252255], [-90.14288026178316, 38.67915167070749], [-90.14844273875943, 38.68379222822882], [-90.15418434521152, 38.68393219472245], [-90.1599259915103, 38.6840718797612], [-90.16566767757574, 38.684211283339124], [-90.17140940332797, 38.68435040545039], [-90.17697419182998, 38.68898968543255], [-90.18253969803584, 38.693628724113545], [-90.18828226010154, 38.69376704603371], [-90.19384888257228, 38.69840558378194], [-90.1995918823357, 38.69854336457249], [-90.20533492133491, 38.69868086372641], [-90.2110779994899, 38.698818081237896], [-90.21682111672072, 38.69895501710115], [-90.22256427294727, 38.69909167131035], [-90.22830746808964, 38.699228043859776], [-90.23405070206775, 38.699364134743625], [-90.23962082945226, 38.70400061226774], [-90.24519167522915, 38.70863684734796], [-90.25093574365499, 38.70877213647181], [-90.25667985061523, 38.70890714381719], [-90.26225221064061, 38.71354261590214], [-90.26799675378774, 38.71367708117809], [-90.27374133523836, 38.713811264613504], [-90.27931520948262, 38.71844597299539], [-90.28488980273018, 38.72308043816236], [-90.29046511515969, 38.72771465998137], [-90.29604114694997, 38.73234863831933], [-90.30161789827979, 38.73698237304315], [-90.30719536932796, 38.74161586401971], [-90.31277356027323, 38.74624911111586], [-90.31852096360088, 38.74638118739401], [-90.32426840457497, 38.74651298146582], [-90.3300158831152, 38.74664449332567], [-90.33576339914136, 38.74677572296801], [-90.34151095257313, 38.74690667038728], [-90.34725854333031, 38.74703733557797], [-90.35300617133261, 38.74716771853452], [-90.35875383649973, 38.747297819251436], [-90.36450153875144, 38.7474276377232], [-90.37024927800739, 38.74755717394432]]}}, {"type": "Feature", "properties": {"route_run_id": "stl_midamerica_to_st_louis_lambert_2026-01-12_0251", "route_pair": "midamerica_to_st_louis_lambert", "route_pair_label": "MidAmerica to St. Louis Lambert", "origin_label": "MidAmerica St. Louis Airport", "destination_label": "St. Louis Lambert International Airport", "origin_lat": 38.5451731, "origin_lon": -89.8351856, "destination_lat": 38.7486982, "destination_lon": -90.3700257, "traffic_date": "2026-01-12", "traffic_dataset": "January 12th - Monday", "weight_id": "w_0251", "distance_weight": 0.5, "population_weight": 0.4, "traffic_weight": 0.1, "airspace_weight": 0.0, "path_nodes": 97, "path_node_ids": [8877, 8881, 8904, 8922, 8923, 8927, 9145, 10016, 10018, 10062, 10055, 10058, 10094, 10096, 10103, 10104, 10110, 10109, 10516, 10515, 10514, 10517, 10522, 10299, 10524, 10529, 10538, 10539, 10537, 10367, 10364, 10365, 10370, 10381, 10380, 10379, 10378, 10391, 10402, 10404, 10408, 2604, 2605, 2606, 2603, 10716, 10717, 10718, 10729, 10730, 10744, 10745, 2907, 4107, 4109, 4112, 4145, 4150, 4149, 4153, 4175, 4133, 4132, 4134, 3964, 4286, 4285, 3974, 3973, 3972, 3971, 3982, 4295, 3983, 4297, 4198, 4199, 4201, 4216, 4229, 4232, 4230, 4242, 4265, 4244, 4243, 5336, 5338, 5341, 5339, 5345, 5324, 5347, 5346, 5357, 5358, 5364], "elapsed_seconds": 0.034111799992388114, "status": "success", "failure_reason": "", "route_distance_km": 72.30828212957256, "distance_cost_sum": 79.5799406057338, "population_cost_sum": 18.69733715578537, "traffic_cost_sum": 37.40028504900544, "airspace_cost_sum": 51.2, "total_weighted_score": 51.00893367008159}, "geometry": {"type": "LineString", "coordinates": [[-89.83272609742262, 38.54503213945896], [-89.83252853470323, 38.54953126729425], [-89.83806053424684, 38.55418543772932], [-89.84359324582596, 38.558839373542895], [-89.84912666962028, 38.563493074603095], [-89.85466080580946, 38.568146540778045], [-89.86019565457306, 38.572799771935806], [-89.86573121609086, 38.57745276794444], [-89.87126749054252, 38.58210552867199], [-89.8768044781077, 38.58675805398646], [-89.88234217896623, 38.591410343755804], [-89.8878805932977, 38.59606239784802], [-89.89341972128202, 38.600714216131045], [-89.89895956309883, 38.60536579847276], [-89.90450011892796, 38.61001714474108], [-89.91004138894921, 38.614668254803874], [-89.9155833733424, 38.61931912852895], [-89.92131862594731, 38.619470314708934], [-89.9268617252078, 38.624120695492145], [-89.93259742104341, 38.62427134452904], [-89.93833315971467, 38.6244217128885], [-89.94406894114202, 38.62457180056415], [-89.94980476524591, 38.62472160754967], [-89.95554063194687, 38.62487113383877], [-89.96108644660326, 38.62951999433463], [-89.966632976295, 38.63416861753812], [-89.97218022120177, 38.63881700331695], [-89.97791733024451, 38.63896547800877], [-89.98365448151714, 38.63911367183824], [-89.98939167493998, 38.639261584799115], [-89.9951289104335, 38.63940921688515], [-90.00086618791799, 38.639556568090114], [-90.00641614743708, 38.64420343004679], [-90.01215386646798, 38.64435024295822], [-90.0178916272611, 38.64449677492512], [-90.02362942973669, 38.64464302594129], [-90.02936727381517, 38.644788996000585], [-90.0349195472141, 38.64943458949962], [-90.0406578321926, 38.64958002089252], [-90.04621122092473, 38.6542251179363], [-90.05176532579277, 38.658869976095644], [-90.05750445081951, 38.65901461068064], [-90.06324361700084, 38.65915896413734], [-90.06898282425709, 38.65930303645963], [-90.07472207250845, 38.65944682764147], [-90.08027849074135, 38.66409041434458], [-90.08601817899587, 38.66423366614264], [-90.09175790801612, 38.66437663673715], [-90.0973158409683, 38.669019467207306], [-90.10305600964216, 38.66916189816016], [-90.10861505837465, 38.67380423026503], [-90.1143556665019, 38.67394612137533], [-90.12009631501547, 38.67408773116219], [-90.1256568785435, 38.67872930581226], [-90.13139796616022, 38.67887037549889], [-90.13695964571467, 38.683511450900546], [-90.14252204267808, 38.68815228569193], [-90.14808515722972, 38.692792879740324], [-90.15382748129907, 38.69293289101744], [-90.15939171242222, 38.69757298499622], [-90.1651344750913, 38.69771245548389], [-90.17087727747607, 38.69785164437002], [-90.17662011949652, 38.69799055164876], [-90.18236300107269, 38.69812917731423], [-90.18810592212462, 38.698267521360556], [-90.19384888257228, 38.69840558378194], [-90.1995918823357, 38.69854336457249], [-90.20533492133491, 38.69868086372641], [-90.2110779994899, 38.698818081237896], [-90.21682111672072, 38.69895501710115], [-90.22256427294727, 38.69909167131035], [-90.22830746808964, 38.699228043859776], [-90.23405070206775, 38.699364134743625], [-90.23979397480163, 38.69949994395616], [-90.24536450002277, 38.704136161482424], [-90.25110820919835, 38.70427142896936], [-90.25685195689897, 38.704406414722804], [-90.2624239960298, 38.709041869378396], [-90.26799675378774, 38.71367708117809], [-90.27357023035168, 38.71831204998893], [-90.27914442590036, 38.722946775677876], [-90.28488980273018, 38.72308043816236], [-90.29046511515969, 38.72771465998137], [-90.29604114694997, 38.73234863831933], [-90.30178735717278, 38.73248149743191], [-90.30753360525517, 38.73261407449003], [-90.31327989111702, 38.732746369488076], [-90.31902621467803, 38.73287838242046], [-90.32460455631471, 38.7375110734335], [-90.33035131489382, 38.737642543240376], [-90.33609811094065, 38.737773730919855], [-90.341844944375, 38.73790463646636], [-90.34759181511657, 38.738035259874366], [-90.35333872308522, 38.73816560113835], [-90.35908566820065, 38.73829566025279], [-90.36466711306467, 38.742926539503976], [-90.37024927800739, 38.74755717394432]]}}, {"type": "Feature", "properties": {"route_run_id": "stl_midamerica_to_st_louis_lambert_2026-01-12_0146", "route_pair": "midamerica_to_st_louis_lambert", "route_pair_label": "MidAmerica to St. Louis Lambert", "origin_label": "MidAmerica St. Louis Airport", "destination_label": "St. Louis Lambert International Airport", "origin_lat": 38.5451731, "origin_lon": -89.8351856, "destination_lat": 38.7486982, "destination_lon": -90.3700257, "traffic_date": "2026-01-12", "traffic_dataset": "January 12th - Monday", "weight_id": "w_0146", "distance_weight": 0.2, "population_weight": 0.3, "traffic_weight": 0.0, "airspace_weight": 0.5, "path_nodes": 97, "path_node_ids": [8877, 8881, 8904, 8922, 8923, 8927, 9145, 10016, 10018, 10062, 10055, 10058, 10094, 10096, 10103, 10104, 10110, 10109, 10516, 10515, 10514, 10517, 10522, 10299, 10300, 10301, 10309, 10308, 10310, 10343, 10345, 10344, 10342, 10355, 10210, 10208, 10209, 10326, 10328, 10322, 10191, 2276, 2518, 2277, 2509, 2287, 2508, 2286, 2298, 2300, 2301, 2307, 2495, 2820, 2823, 2827, 2849, 2848, 2850, 2837, 2861, 2866, 2889, 3896, 3898, 3901, 3927, 3946, 3949, 3953, 3966, 3944, 3977, 3976, 3941, 4043, 4066, 4067, 4068, 4185, 4187, 4188, 4080, 4205, 4207, 4212, 5309, 5313, 5335, 5337, 5320, 5322, 5323, 5346, 5357, 5358, 5364], "elapsed_seconds": 0.0548298999783583, "status": "success", "failure_reason": "", "route_distance_km": 74.42492977850672, "distance_cost_sum": 81.90944822539495, "population_cost_sum": 20.328077359683107, "traffic_cost_sum": 52.03300065653537, "airspace_cost_sum": 47.4, "total_weighted_score": 46.18031285298394}, "geometry": {"type": "LineString", "coordinates": [[-89.83272609742262, 38.54503213945896], [-89.83252853470323, 38.54953126729425], [-89.83806053424684, 38.55418543772932], [-89.84359324582596, 38.558839373542895], [-89.84912666962028, 38.563493074603095], [-89.85466080580946, 38.568146540778045], [-89.86019565457306, 38.572799771935806], [-89.86573121609086, 38.57745276794444], [-89.87126749054252, 38.58210552867199], [-89.8768044781077, 38.58675805398646], [-89.88234217896623, 38.591410343755804], [-89.8878805932977, 38.59606239784802], [-89.89341972128202, 38.600714216131045], [-89.89895956309883, 38.60536579847276], [-89.90450011892796, 38.61001714474108], [-89.91004138894921, 38.614668254803874], [-89.9155833733424, 38.61931912852895], [-89.92131862594731, 38.619470314708934], [-89.9268617252078, 38.624120695492145], [-89.93259742104341, 38.62427134452904], [-89.93833315971467, 38.6244217128885], [-89.94406894114202, 38.62457180056415], [-89.94980476524591, 38.62472160754967], [-89.95554063194687, 38.62487113383877], [-89.96127654116528, 38.62502037942509], [-89.96701249282155, 38.625169344302385], [-89.97274848683627, 38.62531802846435], [-89.97848452312972, 38.62546643190471], [-89.98422060162243, 38.625614554617215], [-89.98995672223481, 38.62576239659562], [-89.9956928848873, 38.625909957833684], [-90.00142908950032, 38.62605723832518], [-90.00716533599429, 38.6262042380639], [-90.01290162428964, 38.62635095704363], [-90.01882443193752, 38.62199753976251], [-90.0245604460918, 38.62214367381969], [-90.03029650179865, 38.62228952714421], [-90.03603259897847, 38.622435099729884], [-90.04176873755169, 38.622580391570615], [-90.04768956620967, 38.61822542646607], [-90.05360968000618, 38.61387013007287], [-90.0593452273907, 38.61401453341643], [-90.0650808158304, 38.61415865608025], [-90.07081644524574, 38.61430249805824], [-90.07655211555712, 38.614446059344324], [-90.08228782668499, 38.614589339932465], [-90.08802357854981, 38.61473233981663], [-90.09375937107193, 38.61487505899075], [-90.09949520417183, 38.615017497448825], [-90.10505004462816, 38.61965986513943], [-90.11078631613944, 38.61980176485522], [-90.11634226958749, 38.624443634935055], [-90.12189893829279, 38.62908526529191], [-90.12745632243416, 38.63372665579325], [-90.13301442219031, 38.63836780630655], [-90.13857323774008, 38.64300871669927], [-90.14431153910874, 38.643149043887504], [-90.15004988039681, 38.64328909003685], [-90.15578826152439, 38.64342885514139], [-90.16152668241186, 38.64356833919522], [-90.16708780535298, 38.6482079745162], [-90.17264964452228, 38.6528473690797], [-90.17821220009857, 38.65748652275311], [-90.18377547226044, 38.66212543540375], [-90.18933946118675, 38.666764106898924], [-90.19490416705614, 38.67140253710589], [-90.20046959004746, 38.676040725891895], [-90.20603573033937, 38.68067867312418], [-90.21160258811075, 38.68531637866994], [-90.2171701635404, 38.68995384239636], [-90.2229126017605, 38.690090452895454], [-90.22865507887754, 38.69022678182468], [-90.23439759481155, 38.69036282917826], [-90.24014014948251, 38.69049859495047], [-90.24605541323987, 38.68613337677085], [-90.2517976862147, 38.68626855773688], [-90.25736804511756, 38.69090420272148], [-90.26311075393669, 38.69103884211091], [-90.26868222818311, 38.695673984376505], [-90.27425442059507, 38.700308883813186], [-90.27999796237877, 38.700442721166475], [-90.28557127047641, 38.70507711728869], [-90.29131524764634, 38.705210412521886], [-90.29688967157429, 38.70984430496006], [-90.30246481424038, 38.714477953984364], [-90.30804067582325, 38.71911135946174], [-90.31361725650144, 38.72374452125915], [-90.3191945564535, 38.72837743924346], [-90.3247725758581, 38.73301011328159], [-90.330518974577, 38.7331415620659], [-90.33626541075455, 38.733272728767844], [-90.3420118843105, 38.73340361338185], [-90.34775839516463, 38.73353421590239], [-90.35333872308522, 38.73816560113835], [-90.35908566820065, 38.73829566025279], [-90.36466711306467, 38.742926539503976], [-90.37024927800739, 38.74755717394432]]}}, {"type": "Feature", "properties": {"route_run_id": "stl_midamerica_to_st_louis_lambert_2026-01-12_0204", "route_pair": "midamerica_to_st_louis_lambert", "route_pair_label": "MidAmerica to St. Louis Lambert", "origin_label": "MidAmerica St. Louis Airport", "destination_label": "St. Louis Lambert International Airport", "origin_lat": 38.5451731, "origin_lon": -89.8351856, "destination_lat": 38.7486982, "destination_lon": -90.3700257, "traffic_date": "2026-01-12", "traffic_dataset": "January 12th - Monday", "weight_id": "w_0204", "distance_weight": 0.4, "population_weight": 0.0, "traffic_weight": 0.0, "airspace_weight": 0.6, "path_nodes": 96, "path_node_ids": [8877, 8876, 8892, 8897, 8899, 8926, 9788, 10013, 10014, 10036, 10052, 10054, 10061, 10051, 10049, 10048, 10050, 10253, 10252, 10241, 10240, 10248, 10246, 10247, 10245, 10231, 10230, 10262, 10150, 10148, 10149, 10151, 10161, 10159, 10158, 10160, 10166, 10168, 10167, 10169, 2247, 2269, 2268, 2257, 2256, 2254, 2279, 2293, 2296, 2301, 2303, 2491, 2492, 2818, 2496, 2507, 2506, 2828, 2505, 2809, 2811, 2810, 2728, 2730, 2731, 2729, 2715, 2717, 2714, 2716, 2738, 2741, 2745, 2747, 2684, 2687, 3987, 3990, 4016, 4017, 4022, 4029, 4034, 4060, 4064, 5048, 5052, 5076, 5082, 5299, 5304, 5319, 5321, 5357, 5358, 5364], "elapsed_seconds": 0.05516180000267923, "status": "success", "failure_reason": "", "route_distance_km": 71.90057520712594, "distance_cost_sum": 79.13123277148179, "population_cost_sum": 53.29567736851651, "traffic_cost_sum": 39.307370558879065, "airspace_cost_sum": 46.2, "total_weighted_score": 59.372493108592735}, "geometry": {"type": "LineString", "coordinates": [[-89.83272609742262, 38.54503213945896], [-89.83845499191484, 38.54518713674757], [-89.84398707949187, 38.54984103165108], [-89.84951987896733, 38.55449469187918], [-89.85505339052077, 38.559148117300026], [-89.86058761433173, 38.563801307781745], [-89.86612255057987, 38.568454263192415], [-89.87165819944471, 38.57310698340007], [-89.87719456110594, 38.577759468272795], [-89.88273163574308, 38.582411717678575], [-89.88826942353593, 38.58706373148541], [-89.89380792466403, 38.591715509561276], [-89.89934713930707, 38.59636705177409], [-89.90508047722643, 38.59651895818466], [-89.91081385831642, 38.59667058421835], [-89.91654728249756, 38.596821929868824], [-89.92228074969049, 38.59697299512966], [-89.92801425981584, 38.59712377999449], [-89.93374781279411, 38.597274284457015], [-89.93948140854593, 38.5974245085108], [-89.94521504699188, 38.5975744521496], [-89.95094872805251, 38.59772411536704], [-89.95668245164843, 38.59787349815684], [-89.96241621770018, 38.59802260051268], [-89.96815002612831, 38.59817142242828], [-89.9738838768534, 38.59831996389739], [-89.97961776979602, 38.59846822491371], [-89.98535170487666, 38.59861620547102], [-89.99108568201598, 38.59876390556306], [-89.99681970113441, 38.59891132518362], [-90.00255376215256, 38.59905846432648], [-90.00828786499093, 38.59920532298544], [-90.01402200957008, 38.5993519011543], [-90.01975619581054, 38.599498198826886], [-90.02549042363282, 38.599644215997024], [-90.03122469295744, 38.59978995265856], [-90.03695900370492, 38.599935408805365], [-90.0426933557958, 38.60008058443128], [-90.04842774915056, 38.600225479530216], [-90.05416218368977, 38.60037009409603], [-90.05989665933384, 38.60051442812264], [-90.06563117600335, 38.600658481603965], [-90.07136573361876, 38.60080225453393], [-90.07710033210058, 38.60094574690646], [-90.0828349713693, 38.601088958715515], [-90.08856965134538, 38.60123188995506], [-90.0941227455516, 38.605874717602354], [-90.09967655430022, 38.61051730605643], [-90.10523107776994, 38.61515965518486], [-90.11078631613944, 38.61980176485522], [-90.11652262799952, 38.61994338379215], [-90.1220789793104, 38.62458499570804], [-90.12781572923257, 38.62472607564535], [-90.13337319363258, 38.629367189437694], [-90.13911038141684, 38.62950773017495], [-90.14484760917111, 38.62964799001386], [-90.15058487681573, 38.629787968948484], [-90.156322184271, 38.62992766697294], [-90.16205953145733, 38.63006708408134], [-90.16779691829495, 38.630206220267794], [-90.17353434470424, 38.6303450755264], [-90.17927181060547, 38.63048364985134], [-90.185009315919, 38.63062194323676], [-90.1907468605651, 38.6307599556768], [-90.1964844444641, 38.63089768716567], [-90.2022220675363, 38.63103513769752], [-90.20795972970198, 38.63117230726659], [-90.21369743088145, 38.63130919586706], [-90.21943517099498, 38.631445803493165], [-90.22517294996291, 38.63158213013913], [-90.2309107677055, 38.63171817579922], [-90.2364756999938, 38.63635464897752], [-90.2420413482591, 38.64099088040321], [-90.24760771267954, 38.645626869943555], [-90.25317479343335, 38.65026261746583], [-90.25874259069872, 38.654898122837295], [-90.26431110465388, 38.659533385925144], [-90.26988033547711, 38.664168406596616], [-90.27545028334664, 38.66880318471887], [-90.28102094844074, 38.67343772015905], [-90.28659233093768, 38.67807201278429], [-90.29216443101578, 38.68270606246168], [-90.29773724885335, 38.68733986905835], [-90.30331078462868, 38.69197343244128], [-90.30888503852013, 38.69660675247757], [-90.31446001070607, 38.70123982903419], [-90.32003570136486, 38.70587266197814], [-90.32561211067481, 38.710505251176386], [-90.33118923881437, 38.715137596495865], [-90.3367670859619, 38.719769697803464], [-90.34234565229588, 38.724401554966114], [-90.34792493799469, 38.72903316785066], [-90.35350494323681, 38.73366453632395], [-90.35908566820065, 38.73829566025279], [-90.36466711306467, 38.742926539503976], [-90.37024927800739, 38.74755717394432]]}}, {"type": "Feature", "properties": {"route_run_id": "stl_midamerica_to_st_louis_lambert_2026-01-12_0280", "route_pair": "midamerica_to_st_louis_lambert", "route_pair_label": "MidAmerica to St. Louis Lambert", "origin_label": "MidAmerica St. Louis Airport", "destination_label": "St. Louis Lambert International Airport", "origin_lat": 38.5451731, "origin_lon": -89.8351856, "destination_lat": 38.7486982, "destination_lon": -90.3700257, "traffic_date": "2026-01-12", "traffic_dataset": "January 12th - Monday", "weight_id": "w_0280", "distance_weight": 0.8, "population_weight": 0.0, "traffic_weight": 0.2, "airspace_weight": 0.0, "path_nodes": 96, "path_node_ids": [8877, 8876, 8868, 8869, 8870, 8867, 9753, 9754, 9755, 9744, 9746, 9747, 9745, 9737, 9736, 9734, 9735, 9919, 9916, 9918, 9917, 9935, 9934, 9936, 9930, 9931, 9928, 9929, 9839, 9841, 9875, 9872, 9855, 9853, 9858, 9860, 9868, 9869, 9870, 9871, 2208, 1967, 2211, 1990, 1991, 1995, 1996, 2005, 2004, 2231, 2229, 2195, 2197, 2196, 2408, 2420, 2422, 2419, 2423, 2205, 2206, 2449, 2345, 2370, 2373, 2398, 2394, 2397, 2712, 2716, 2739, 2746, 2769, 2773, 3985, 3988, 3992, 3990, 4016, 4017, 4022, 4029, 4034, 4060, 4064, 5048, 5052, 5076, 5082, 5299, 5304, 5319, 5321, 5357, 5358, 5364], "elapsed_seconds": 0.020387500000651926, "status": "success", "failure_reason": "", "route_distance_km": 71.88073010391533, "distance_cost_sum": 79.10939195203062, "population_cost_sum": 42.723931708907756, "traffic_cost_sum": 25.127137749478173, "airspace_cost_sum": 62.000000000000014, "total_weighted_score": 68.31294111152013}, "geometry": {"type": "LineString", "coordinates": [[-89.83272609742262, 38.54503213945896], [-89.83845499191484, 38.54518713674757], [-89.84418393041321, 38.54534185422887], [-89.8499129128385, 38.54549629189633], [-89.85564193911159, 38.545650449743434], [-89.86137100915332, 38.54580432776372], [-89.86710012288452, 38.545957925950695], [-89.87282928022606, 38.546111244297876], [-89.8785584810987, 38.54626428279884], [-89.88428772542336, 38.54641704144712], [-89.8900170131208, 38.5465695202363], [-89.89574634411186, 38.54672171915994], [-89.90147571831739, 38.546873638211636], [-89.90720513565815, 38.54702527738502], [-89.91293459605497, 38.54717663667367], [-89.91866409942871, 38.54732771607122], [-89.92439364570006, 38.54747851557132], [-89.9301232347899, 38.54762903516762], [-89.93585286661902, 38.54777927485379], [-89.94158254110822, 38.54792923462347], [-89.94731225817821, 38.548078914470366], [-89.95304201774988, 38.54822831438818], [-89.95877181974393, 38.548377434370614], [-89.96450166408115, 38.54852627441138], [-89.97004253230493, 38.553174545580205], [-89.97577281723424, 38.553322849461594], [-89.9815031442792, 38.55347087333782], [-89.98723351336055, 38.553618617202645], [-89.99296392439905, 38.55376608104985], [-89.99869437731542, 38.55391326487322], [-90.00423794894596, 38.558560017293445], [-90.00996884166362, 38.55870666452776], [-90.0156997760314, 38.558853031674964], [-90.02143075196999, 38.55899911872885], [-90.02697623009712, 38.56364486372711], [-90.03252242109909, 38.56829037100109], [-90.03825423417913, 38.56843566425367], [-90.04398608853269, 38.568580677298876], [-90.0497179840804, 38.5687254101306], [-90.05544992074293, 38.56886986274273], [-90.06118189844089, 38.56901403512918], [-90.06691391709492, 38.56915792728389], [-90.07246320723846, 38.57380165399769], [-90.07819566420736, 38.57394500861934], [-90.08392816190404, 38.57408808294632], [-90.08947896024489, 38.57873105628777], [-90.09521189590866, 38.57887359282438], [-90.10094487207182, 38.57901584900345], [-90.10667788865496, 38.579157824818985], [-90.11223059237057, 38.583799786397456], [-90.11796404642338, 38.58394122410869], [-90.12369754066755, 38.5840823813937], [-90.12943107502363, 38.58422325824649], [-90.1351646494121, 38.58436385466116], [-90.14089826375356, 38.58450417063179], [-90.14645366632062, 38.589144603290876], [-90.15218771733517, 38.589284380730234], [-90.15792180807382, 38.58942387766302], [-90.16347871828971, 38.59406355405304], [-90.16921324535195, 38.59420251219789], [-90.17494781190939, 38.59434118977373], [-90.18050622974906, 38.59898010918833], [-90.18606536210271, 38.60361878809667], [-90.19162520914848, 38.60825722636621], [-90.19718577106451, 38.612895423864465], [-90.20274704802898, 38.61753338045887], [-90.2084836369821, 38.617670484184025], [-90.21404602582597, 38.62230794080845], [-90.21960913009349, 38.62694515617101], [-90.22517294996291, 38.63158213013913], [-90.23073748561237, 38.63621886258013], [-90.23630273722006, 38.640855353361346], [-90.24186870496423, 38.645491602350084], [-90.24743538902311, 38.65012760941361], [-90.25300278957496, 38.654763374419176], [-90.25857090679797, 38.65939889723403], [-90.26413974087053, 38.66403417772537], [-90.26988033547711, 38.664168406596616], [-90.27545028334664, 38.66880318471887], [-90.28102094844074, 38.67343772015905], [-90.28659233093768, 38.67807201278429], [-90.29216443101578, 38.68270606246168], [-90.29773724885335, 38.68733986905835], [-90.30331078462868, 38.69197343244128], [-90.30888503852013, 38.69660675247757], [-90.31446001070607, 38.70123982903419], [-90.32003570136486, 38.70587266197814], [-90.32561211067481, 38.710505251176386], [-90.33118923881437, 38.715137596495865], [-90.3367670859619, 38.719769697803464], [-90.34234565229588, 38.724401554966114], [-90.34792493799469, 38.72903316785066], [-90.35350494323681, 38.73366453632395], [-90.35908566820065, 38.73829566025279], [-90.36466711306467, 38.742926539503976], [-90.37024927800739, 38.74755717394432]]}}, {"type": "Feature", "properties": {"route_run_id": "stl_midamerica_to_st_louis_lambert_2026-01-12_0263", "route_pair": "midamerica_to_st_louis_lambert", "route_pair_label": "MidAmerica to St. Louis Lambert", "origin_label": "MidAmerica St. Louis Airport", "destination_label": "St. Louis Lambert International Airport", "origin_lat": 38.5451731, "origin_lon": -89.8351856, "destination_lat": 38.7486982, "destination_lon": -90.3700257, "traffic_date": "2026-01-12", "traffic_dataset": "January 12th - Monday", "weight_id": "w_0263", "distance_weight": 0.6, "population_weight": 0.2, "traffic_weight": 0.1, "airspace_weight": 0.1, "path_nodes": 97, "path_node_ids": [8877, 8879, 8896, 8900, 8924, 8930, 10012, 10015, 10018, 10062, 10055, 10058, 10094, 10096, 10103, 10104, 10110, 10109, 10516, 10515, 10514, 10517, 10522, 10299, 10524, 10529, 10538, 10539, 10537, 10367, 10364, 10365, 10370, 10381, 10380, 10379, 10378, 10391, 10402, 10404, 10408, 2604, 2605, 2606, 2603, 10716, 10717, 10718, 10729, 10730, 10744, 10746, 4111, 4137, 4138, 4139, 4148, 4150, 4149, 4153, 4175, 4133, 4132, 4134, 3964, 4286, 4285, 3974, 3973, 3972, 3971, 3982, 4295, 4299, 4301, 4202, 4215, 4220, 4223, 4255, 4233, 4234, 4242, 4265, 4244, 4243, 5336, 5338, 5341, 5339, 5345, 5324, 5347, 5346, 5357, 5358, 5364], "elapsed_seconds": 0.034206399985123426, "status": "success", "failure_reason": "", "route_distance_km": 72.30912723432323, "distance_cost_sum": 79.58087069816422, "population_cost_sum": 19.762251507597586, "traffic_cost_sum": 34.53833806051532, "airspace_cost_sum": 51.2, "total_weighted_score": 60.27480652646959}, "geometry": {"type": "LineString", "coordinates": [[-89.83272609742262, 38.54503213945896], [-89.83825778508921, 38.54968628939868], [-89.84379018463301, 38.55434020475587], [-89.84932329623358, 38.558993885398685], [-89.85485712007056, 38.56364733119524], [-89.86039165632353, 38.56830054201366], [-89.86592690517212, 38.57295351772198], [-89.871462866796, 38.577606258188254], [-89.87126749054252, 38.58210552867199], [-89.8768044781077, 38.58675805398646], [-89.88234217896623, 38.591410343755804], [-89.8878805932977, 38.59606239784802], [-89.89341972128202, 38.600714216131045], [-89.89895956309883, 38.60536579847276], [-89.90450011892796, 38.61001714474108], [-89.91004138894921, 38.614668254803874], [-89.9155833733424, 38.61931912852895], [-89.92131862594731, 38.619470314708934], [-89.9268617252078, 38.624120695492145], [-89.93259742104341, 38.62427134452904], [-89.93833315971467, 38.6244217128885], [-89.94406894114202, 38.62457180056415], [-89.94980476524591, 38.62472160754967], [-89.95554063194687, 38.62487113383877], [-89.96108644660326, 38.62951999433463], [-89.966632976295, 38.63416861753812], [-89.97218022120177, 38.63881700331695], [-89.97791733024451, 38.63896547800877], [-89.98365448151714, 38.63911367183824], [-89.98939167493998, 38.639261584799115], [-89.9951289104335, 38.63940921688515], [-90.00086618791799, 38.639556568090114], [-90.00641614743708, 38.64420343004679], [-90.01215386646798, 38.64435024295822], [-90.0178916272611, 38.64449677492512], [-90.02362942973669, 38.64464302594129], [-90.02936727381517, 38.644788996000585], [-90.0349195472141, 38.64943458949962], [-90.0406578321926, 38.64958002089252], [-90.04621122092473, 38.6542251179363], [-90.05176532579277, 38.658869976095644], [-90.05750445081951, 38.65901461068064], [-90.06324361700084, 38.65915896413734], [-90.06898282425709, 38.65930303645963], [-90.07472207250845, 38.65944682764147], [-90.08027849074135, 38.66409041434458], [-90.08601817899587, 38.66423366614264], [-90.09175790801612, 38.66437663673715], [-90.0973158409683, 38.669019467207306], [-90.10305600964216, 38.66916189816016], [-90.10861505837465, 38.67380423026503], [-90.11417482409904, 38.67844632230407], [-90.11973530699464, 38.68308817414464], [-90.12529650724075, 38.68772978565403], [-90.1308584250167, 38.69237115669953], [-90.13660062900858, 38.69251201257543], [-90.14234287310624, 38.69265258692433], [-90.14808515722972, 38.692792879740324], [-90.15382748129907, 38.69293289101744], [-90.15939171242222, 38.69757298499622], [-90.1651344750913, 38.69771245548389], [-90.17087727747607, 38.69785164437002], [-90.17662011949652, 38.69799055164876], [-90.18236300107269, 38.69812917731423], [-90.18810592212462, 38.698267521360556], [-90.19384888257228, 38.69840558378194], [-90.1995918823357, 38.69854336457249], [-90.20533492133491, 38.69868086372641], [-90.2110779994899, 38.698818081237896], [-90.21682111672072, 38.69895501710115], [-90.22256427294727, 38.69909167131035], [-90.22830746808964, 38.699228043859776], [-90.23405070206775, 38.699364134743625], [-90.23962082945226, 38.70400061226774], [-90.24519167522915, 38.70863684734796], [-90.25093574365499, 38.70877213647181], [-90.25650770587707, 38.713407868791336], [-90.2620803868679, 38.71804335830804], [-90.26765378680629, 38.72267860488892], [-90.27322790587108, 38.727313608400934], [-90.27897360415623, 38.72744757424986], [-90.2847193406125, 38.72758125811188], [-90.29046511515969, 38.72771465998137], [-90.29604114694997, 38.73234863831933], [-90.30178735717278, 38.73248149743191], [-90.30753360525517, 38.73261407449003], [-90.31327989111702, 38.732746369488076], [-90.31902621467803, 38.73287838242046], [-90.32460455631471, 38.7375110734335], [-90.33035131489382, 38.737642543240376], [-90.33609811094065, 38.737773730919855], [-90.341844944375, 38.73790463646636], [-90.34759181511657, 38.738035259874366], [-90.35333872308522, 38.73816560113835], [-90.35908566820065, 38.73829566025279], [-90.36466711306467, 38.742926539503976], [-90.37024927800739, 38.74755717394432]]}}, {"type": "Feature", "properties": {"route_run_id": "stl_midamerica_to_st_louis_lambert_2026-01-12_0212", "route_pair": "midamerica_to_st_louis_lambert", "route_pair_label": "MidAmerica to St. Louis Lambert", "origin_label": "MidAmerica St. Louis Airport", "destination_label": "St. Louis Lambert International Airport", "origin_lat": 38.5451731, "origin_lon": -89.8351856, "destination_lat": 38.7486982, "destination_lon": -90.3700257, "traffic_date": "2026-01-12", "traffic_dataset": "January 12th - Monday", "weight_id": "w_0212", "distance_weight": 0.4, "population_weight": 0.1, "traffic_weight": 0.1, "airspace_weight": 0.4, "path_nodes": 97, "path_node_ids": [8877, 8879, 8896, 8900, 8924, 8930, 10012, 10015, 10018, 10062, 10055, 10058, 10094, 10096, 10103, 10104, 10110, 10109, 10516, 10515, 10514, 10517, 10522, 10299, 10300, 10301, 10311, 10532, 10533, 10349, 10347, 10348, 10346, 10359, 10358, 10356, 10357, 10336, 10335, 10337, 10330, 2548, 2527, 2525, 2526, 2538, 2540, 2539, 2530, 2534, 2559, 2561, 2840, 2842, 2843, 2845, 2878, 2879, 2884, 2883, 2893, 4095, 4096, 3932, 3933, 3958, 3962, 3974, 3973, 3972, 3971, 3982, 4295, 4299, 4301, 4202, 4215, 4220, 4223, 4255, 4233, 4234, 4242, 4265, 4244, 4243, 5336, 5338, 5341, 5339, 5345, 5324, 5347, 5346, 5357, 5358, 5364], "elapsed_seconds": 0.052319400012493134, "status": "success", "failure_reason": "", "route_distance_km": 72.83314215401343, "distance_cost_sum": 80.15758300493344, "population_cost_sum": 22.581349513335546, "traffic_cost_sum": 31.04566007346909, "airspace_cost_sum": 49.4, "total_weighted_score": 57.18573416065385}, "geometry": {"type": "LineString", "coordinates": [[-89.83272609742262, 38.54503213945896], [-89.83825778508921, 38.54968628939868], [-89.84379018463301, 38.55434020475587], [-89.84932329623358, 38.558993885398685], [-89.85485712007056, 38.56364733119524], [-89.86039165632353, 38.56830054201366], [-89.86592690517212, 38.57295351772198], [-89.871462866796, 38.577606258188254], [-89.87126749054252, 38.58210552867199], [-89.8768044781077, 38.58675805398646], [-89.88234217896623, 38.591410343755804], [-89.8878805932977, 38.59606239784802], [-89.89341972128202, 38.600714216131045], [-89.89895956309883, 38.60536579847276], [-89.90450011892796, 38.61001714474108], [-89.91004138894921, 38.614668254803874], [-89.9155833733424, 38.61931912852895], [-89.92131862594731, 38.619470314708934], [-89.9268617252078, 38.624120695492145], [-89.93259742104341, 38.62427134452904], [-89.93833315971467, 38.6244217128885], [-89.94406894114202, 38.62457180056415], [-89.94980476524591, 38.62472160754967], [-89.95554063194687, 38.62487113383877], [-89.96127654116528, 38.62502037942509], [-89.96701249282155, 38.625169344302385], [-89.97255910725055, 38.62981769100349], [-89.9782955010475, 38.62996611819141], [-89.98403193705393, 38.63011426460664], [-89.9897684151902, 38.630262130242976], [-89.99550493537676, 38.630409715094125], [-90.001241497534, 38.63055701915386], [-90.00697810158232, 38.630704042416006], [-90.01271474744215, 38.63085078487433], [-90.01845143503385, 38.63099724652267], [-90.02418816427785, 38.631143427354814], [-90.02992493509446, 38.631289327364605], [-90.03566174740413, 38.6314349465459], [-90.04139860112724, 38.63158028489256], [-90.04713549618415, 38.63172534239843], [-90.0530568061099, 38.627370128132036], [-90.0587934259509, 38.627514600818145], [-90.06453008687686, 38.627658792689985], [-90.07026678880817, 38.62780270374147], [-90.07600353166524, 38.62794633396657], [-90.08174031536842, 38.6280896833592], [-90.08747713983809, 38.62823275191331], [-90.09321400499459, 38.62837553962287], [-90.09895091075838, 38.62851804648185], [-90.10450670259345, 38.633160469873815], [-90.11006320996535, 38.6378026536494], [-90.11562043305292, 38.64244459767609], [-90.12135857394713, 38.64258604896054], [-90.12691691116937, 38.64722749468063], [-90.13265549047176, 38.64736840647394], [-90.13821494197643, 38.652009353518125], [-90.14395395948668, 38.652149725619736], [-90.14951452542148, 38.65679017361872], [-90.15507580784583, 38.66143038105964], [-90.16081566145125, 38.66156995441258], [-90.16637805865126, 38.66620966221335], [-90.17194117271791, 38.67084912909773], [-90.17750500383, 38.67548835493302], [-90.18306955216653, 38.68012733958649], [-90.18863481790633, 38.68476608292537], [-90.19420080122836, 38.68940458481685], [-90.19976750231159, 38.694042845128145], [-90.20533492133491, 38.69868086372641], [-90.2110779994899, 38.698818081237896], [-90.21682111672072, 38.69895501710115], [-90.22256427294727, 38.69909167131035], [-90.22830746808964, 38.699228043859776], [-90.23405070206775, 38.699364134743625], [-90.23962082945226, 38.70400061226774], [-90.24519167522915, 38.70863684734796], [-90.25093574365499, 38.70877213647181], [-90.25650770587707, 38.713407868791336], [-90.2620803868679, 38.71804335830804], [-90.26765378680629, 38.72267860488892], [-90.27322790587108, 38.727313608400934], [-90.27897360415623, 38.72744757424986], [-90.2847193406125, 38.72758125811188], [-90.29046511515969, 38.72771465998137], [-90.29604114694997, 38.73234863831933], [-90.30178735717278, 38.73248149743191], [-90.30753360525517, 38.73261407449003], [-90.31327989111702, 38.732746369488076], [-90.31902621467803, 38.73287838242046], [-90.32460455631471, 38.7375110734335], [-90.33035131489382, 38.737642543240376], [-90.33609811094065, 38.737773730919855], [-90.341844944375, 38.73790463646636], [-90.34759181511657, 38.738035259874366], [-90.35333872308522, 38.73816560113835], [-90.35908566820065, 38.73829566025279], [-90.36466711306467, 38.742926539503976], [-90.37024927800739, 38.74755717394432]]}}, {"type": "Feature", "properties": {"route_run_id": "stl_midamerica_to_st_louis_lambert_2026-01-12_0178", "route_pair": "midamerica_to_st_louis_lambert", "route_pair_label": "MidAmerica to St. Louis Lambert", "origin_label": "MidAmerica St. Louis Airport", "destination_label": "St. Louis Lambert International Airport", "origin_lat": 38.5451731, "origin_lon": -89.8351856, "destination_lat": 38.7486982, "destination_lon": -90.3700257, "traffic_date": "2026-01-12", "traffic_dataset": "January 12th - Monday", "weight_id": "w_0178", "distance_weight": 0.3, "population_weight": 0.1, "traffic_weight": 0.2, "airspace_weight": 0.4, "path_nodes": 96, "path_node_ids": [8877, 8879, 8896, 8900, 8924, 8930, 10012, 10015, 10019, 10053, 10057, 10054, 10061, 10051, 10049, 10048, 10050, 10254, 10256, 10255, 10261, 10280, 10281, 10292, 10293, 10304, 10305, 10306, 10319, 10321, 10320, 10318, 10355, 10358, 10356, 10357, 10336, 10335, 10337, 10330, 2548, 2527, 2525, 2526, 2538, 2540, 2516, 2530, 2534, 2559, 2561, 2840, 2842, 2843, 2845, 2878, 2879, 2884, 2883, 2893, 4095, 4096, 3932, 3933, 3958, 3962, 3974, 3973, 3972, 3971, 3982, 4295, 4299, 4301, 4202, 4215, 4220, 4223, 4255, 4233, 4234, 4242, 4265, 4244, 4243, 5336, 5338, 5341, 5339, 5345, 5324, 5347, 5346, 5357, 5358, 5364], "elapsed_seconds": 0.05482580000534654, "status": "success", "failure_reason": "", "route_distance_km": 72.98884194204489, "distance_cost_sum": 80.3289406906501, "population_cost_sum": 27.068904175160895, "traffic_cost_sum": 29.39839492521838, "airspace_cost_sum": 48.8, "total_weighted_score": 52.205251609754804}, "geometry": {"type": "LineString", "coordinates": [[-89.83272609742262, 38.54503213945896], [-89.83825778508921, 38.54968628939868], [-89.84379018463301, 38.55434020475587], [-89.84932329623358, 38.558993885398685], [-89.85485712007056, 38.56364733119524], [-89.86039165632353, 38.56830054201366], [-89.86592690517212, 38.57295351772198], [-89.871462866796, 38.577606258188254], [-89.87699954137483, 38.582258763280514], [-89.88253692908823, 38.586911032866766], [-89.88807503011597, 38.59156306681497], [-89.89380792466403, 38.591715509561276], [-89.89934713930707, 38.59636705177409], [-89.90508047722643, 38.59651895818466], [-89.91081385831642, 38.59667058421835], [-89.91654728249756, 38.596821929868824], [-89.92228074969049, 38.59697299512966], [-89.92782227790734, 38.601623276602716], [-89.93355618782985, 38.60177380515354], [-89.93929014053626, 38.6019240532509], [-89.94483318227732, 38.606573585359854], [-89.9503769381968, 38.61122288065171], [-89.9559214084743, 38.61587193899423], [-89.9616566029858, 38.61602113682532], [-89.96739183991471, 38.61617005403699], [-89.97312711918148, 38.61631869062297], [-89.97867350301271, 38.62096674136646], [-89.98440922407127, 38.621114840379136], [-89.99014498723932, 38.62126265870254], [-89.99588079243732, 38.621410196330416], [-90.00161663958568, 38.62155745325657], [-90.00735252860491, 38.621704429474754], [-90.01290162428964, 38.62635095704363], [-90.01845143503385, 38.63099724652267], [-90.02418816427785, 38.631143427354814], [-90.02992493509446, 38.631289327364605], [-90.03566174740413, 38.6314349465459], [-90.04139860112724, 38.63158028489256], [-90.04713549618415, 38.63172534239843], [-90.0530568061099, 38.627370128132036], [-90.0587934259509, 38.627514600818145], [-90.06453008687686, 38.627658792689985], [-90.07026678880817, 38.62780270374147], [-90.07600353166524, 38.62794633396657], [-90.08174031536842, 38.6280896833592], [-90.08747713983809, 38.62823275191331], [-90.09339583428118, 38.623875383605984], [-90.09895091075838, 38.62851804648185], [-90.10450670259345, 38.633160469873815], [-90.11006320996535, 38.6378026536494], [-90.11562043305292, 38.64244459767609], [-90.12135857394713, 38.64258604896054], [-90.12691691116937, 38.64722749468063], [-90.13265549047176, 38.64736840647394], [-90.13821494197643, 38.652009353518125], [-90.14395395948668, 38.652149725619736], [-90.14951452542148, 38.65679017361872], [-90.15507580784583, 38.66143038105964], [-90.16081566145125, 38.66156995441258], [-90.16637805865126, 38.66620966221335], [-90.17194117271791, 38.67084912909773], [-90.17750500383, 38.67548835493302], [-90.18306955216653, 38.68012733958649], [-90.18863481790633, 38.68476608292537], [-90.19420080122836, 38.68940458481685], [-90.19976750231159, 38.694042845128145], [-90.20533492133491, 38.69868086372641], [-90.2110779994899, 38.698818081237896], [-90.21682111672072, 38.69895501710115], [-90.22256427294727, 38.69909167131035], [-90.22830746808964, 38.699228043859776], [-90.23405070206775, 38.699364134743625], [-90.23962082945226, 38.70400061226774], [-90.24519167522915, 38.70863684734796], [-90.25093574365499, 38.70877213647181], [-90.25650770587707, 38.713407868791336], [-90.2620803868679, 38.71804335830804], [-90.26765378680629, 38.72267860488892], [-90.27322790587108, 38.727313608400934], [-90.27897360415623, 38.72744757424986], [-90.2847193406125, 38.72758125811188], [-90.29046511515969, 38.72771465998137], [-90.29604114694997, 38.73234863831933], [-90.30178735717278, 38.73248149743191], [-90.30753360525517, 38.73261407449003], [-90.31327989111702, 38.732746369488076], [-90.31902621467803, 38.73287838242046], [-90.32460455631471, 38.7375110734335], [-90.33035131489382, 38.737642543240376], [-90.33609811094065, 38.737773730919855], [-90.341844944375, 38.73790463646636], [-90.34759181511657, 38.738035259874366], [-90.35333872308522, 38.73816560113835], [-90.35908566820065, 38.73829566025279], [-90.36466711306467, 38.742926539503976], [-90.37024927800739, 38.74755717394432]]}}, {"type": "Feature", "properties": {"route_run_id": "stl_midamerica_to_st_louis_lambert_2026-01-12_0132", "route_pair": "midamerica_to_st_louis_lambert", "route_pair_label": "MidAmerica to St. Louis Lambert", "origin_label": "MidAmerica St. Louis Airport", "destination_label": "St. Louis Lambert International Airport", "origin_lat": 38.5451731, "origin_lon": -89.8351856, "destination_lat": 38.7486982, "destination_lon": -90.3700257, "traffic_date": "2026-01-12", "traffic_dataset": "January 12th - Monday", "weight_id": "w_0132", "distance_weight": 0.2, "population_weight": 0.1, "traffic_weight": 0.1, "airspace_weight": 0.6, "path_nodes": 97, "path_node_ids": [8877, 8879, 8896, 8900, 8924, 8930, 10012, 10015, 10018, 10062, 10055, 10058, 10094, 10096, 10103, 10104, 10110, 10109, 10516, 10515, 10514, 10517, 10522, 10299, 10300, 10301, 10311, 10532, 10533, 10349, 10347, 10348, 10346, 10359, 10358, 10356, 10357, 10336, 10335, 10337, 10330, 2548, 2527, 2525, 2526, 2538, 2540, 2516, 2530, 2534, 2559, 2561, 2840, 2842, 2843, 2845, 2878, 2879, 2884, 2883, 2893, 4095, 4096, 3932, 3933, 3958, 3957, 3965, 3954, 3953, 3966, 3944, 3977, 3976, 3941, 4043, 4038, 4037, 4012, 4019, 4017, 4022, 4029, 4034, 4060, 4064, 5048, 5052, 5076, 5082, 5299, 5304, 5319, 5321, 5357, 5358, 5364], "elapsed_seconds": 0.0566302000079304, "status": "success", "failure_reason": "", "route_distance_km": 75.49389429712915, "distance_cost_sum": 83.08591280726912, "population_cost_sum": 28.140078994691294, "traffic_cost_sum": 30.408009456698206, "airspace_cost_sum": 46.8, "total_weighted_score": 50.5519914065928}, "geometry": {"type": "LineString", "coordinates": [[-89.83272609742262, 38.54503213945896], [-89.83825778508921, 38.54968628939868], [-89.84379018463301, 38.55434020475587], [-89.84932329623358, 38.558993885398685], [-89.85485712007056, 38.56364733119524], [-89.86039165632353, 38.56830054201366], [-89.86592690517212, 38.57295351772198], [-89.871462866796, 38.577606258188254], [-89.87126749054252, 38.58210552867199], [-89.8768044781077, 38.58675805398646], [-89.88234217896623, 38.591410343755804], [-89.8878805932977, 38.59606239784802], [-89.89341972128202, 38.600714216131045], [-89.89895956309883, 38.60536579847276], [-89.90450011892796, 38.61001714474108], [-89.91004138894921, 38.614668254803874], [-89.9155833733424, 38.61931912852895], [-89.92131862594731, 38.619470314708934], [-89.9268617252078, 38.624120695492145], [-89.93259742104341, 38.62427134452904], [-89.93833315971467, 38.6244217128885], [-89.94406894114202, 38.62457180056415], [-89.94980476524591, 38.62472160754967], [-89.95554063194687, 38.62487113383877], [-89.96127654116528, 38.62502037942509], [-89.96701249282155, 38.625169344302385], [-89.97255910725055, 38.62981769100349], [-89.9782955010475, 38.62996611819141], [-89.98403193705393, 38.63011426460664], [-89.9897684151902, 38.630262130242976], [-89.99550493537676, 38.630409715094125], [-90.001241497534, 38.63055701915386], [-90.00697810158232, 38.630704042416006], [-90.01271474744215, 38.63085078487433], [-90.01845143503385, 38.63099724652267], [-90.02418816427785, 38.631143427354814], [-90.02992493509446, 38.631289327364605], [-90.03566174740413, 38.6314349465459], [-90.04139860112724, 38.63158028489256], [-90.04713549618415, 38.63172534239843], [-90.0530568061099, 38.627370128132036], [-90.0587934259509, 38.627514600818145], [-90.06453008687686, 38.627658792689985], [-90.07026678880817, 38.62780270374147], [-90.07600353166524, 38.62794633396657], [-90.08174031536842, 38.6280896833592], [-90.08747713983809, 38.62823275191331], [-90.09339583428118, 38.623875383605984], [-90.09895091075838, 38.62851804648185], [-90.10450670259345, 38.633160469873815], [-90.11006320996535, 38.6378026536494], [-90.11562043305292, 38.64244459767609], [-90.12135857394713, 38.64258604896054], [-90.12691691116937, 38.64722749468063], [-90.13265549047176, 38.64736840647394], [-90.13821494197643, 38.652009353518125], [-90.14395395948668, 38.652149725619736], [-90.14951452542148, 38.65679017361872], [-90.15507580784583, 38.66143038105964], [-90.16081566145125, 38.66156995441258], [-90.16637805865126, 38.66620966221335], [-90.17194117271791, 38.67084912909773], [-90.17750500383, 38.67548835493302], [-90.18306955216653, 38.68012733958649], [-90.18863481790633, 38.68476608292537], [-90.19420080122836, 38.68940458481685], [-90.19994308306117, 38.6895423215376], [-90.20568540411075, 38.68967977671165], [-90.21142776429718, 38.68981695033316], [-90.2171701635404, 38.68995384239636], [-90.2229126017605, 38.690090452895454], [-90.22865507887754, 38.69022678182468], [-90.23439759481155, 38.69036282917826], [-90.24014014948251, 38.69049859495047], [-90.24605541323987, 38.68613337677085], [-90.2517976862147, 38.68626855773688], [-90.2577119118291, 38.6819027074584], [-90.26345390283052, 38.6820373037779], [-90.26936709031678, 38.677670821751065], [-90.27527956027723, 38.67330401120623], [-90.28102094844074, 38.67343772015905], [-90.28659233093768, 38.67807201278429], [-90.29216443101578, 38.68270606246168], [-90.29773724885335, 38.68733986905835], [-90.30331078462868, 38.69197343244128], [-90.30888503852013, 38.69660675247757], [-90.31446001070607, 38.70123982903419], [-90.32003570136486, 38.70587266197814], [-90.32561211067481, 38.710505251176386], [-90.33118923881437, 38.715137596495865], [-90.3367670859619, 38.719769697803464], [-90.34234565229588, 38.724401554966114], [-90.34792493799469, 38.72903316785066], [-90.35350494323681, 38.73366453632395], [-90.35908566820065, 38.73829566025279], [-90.36466711306467, 38.742926539503976], [-90.37024927800739, 38.74755717394432]]}}, {"type": "Feature", "properties": {"route_run_id": "stl_midamerica_to_st_louis_lambert_2026-01-12_0170", "route_pair": "midamerica_to_st_louis_lambert", "route_pair_label": "MidAmerica to St. Louis Lambert", "origin_label": "MidAmerica St. Louis Airport", "destination_label": "St. Louis Lambert International Airport", "origin_lat": 38.5451731, "origin_lon": -89.8351856, "destination_lat": 38.7486982, "destination_lon": -90.3700257, "traffic_date": "2026-01-12", "traffic_dataset": "January 12th - Monday", "weight_id": "w_0170", "distance_weight": 0.3, "population_weight": 0.0, "traffic_weight": 0.2, "airspace_weight": 0.5, "path_nodes": 96, "path_node_ids": [8877, 8879, 8896, 8900, 8924, 8930, 9788, 10013, 10014, 10036, 10052, 10054, 10061, 10051, 10049, 10048, 10050, 10253, 10252, 10241, 10240, 10249, 10275, 10277, 10293, 10304, 10305, 10306, 10319, 10321, 10320, 10318, 10355, 10358, 10356, 10357, 10336, 10335, 10337, 10330, 2548, 2527, 2525, 2526, 2538, 2540, 2516, 2530, 2534, 2559, 2561, 2840, 2842, 2843, 2845, 2878, 2879, 2884, 2883, 2890, 2891, 2892, 3896, 2796, 2797, 3895, 3890, 3891, 3892, 3889, 2803, 2806, 3915, 3917, 4011, 4010, 4009, 4008, 4019, 4017, 4022, 4029, 4034, 4060, 4064, 5048, 5052, 5076, 5082, 5299, 5304, 5319, 5321, 5357, 5358, 5364], "elapsed_seconds": 0.05486239999299869, "status": "success", "failure_reason": "", "route_distance_km": 72.97901174962799, "distance_cost_sum": 80.31812192818417, "population_cost_sum": 42.52885387693327, "traffic_cost_sum": 29.55883198159724, "airspace_cost_sum": 46.8, "total_weighted_score": 53.40720297477472}, "geometry": {"type": "LineString", "coordinates": [[-89.83272609742262, 38.54503213945896], [-89.83825778508921, 38.54968628939868], [-89.84379018463301, 38.55434020475587], [-89.84932329623358, 38.558993885398685], [-89.85485712007056, 38.56364733119524], [-89.86039165632353, 38.56830054201366], [-89.86612255057987, 38.568454263192415], [-89.87165819944471, 38.57310698340007], [-89.87719456110594, 38.577759468272795], [-89.88273163574308, 38.582411717678575], [-89.88826942353593, 38.58706373148541], [-89.89380792466403, 38.591715509561276], [-89.89934713930707, 38.59636705177409], [-89.90508047722643, 38.59651895818466], [-89.91081385831642, 38.59667058421835], [-89.91654728249756, 38.596821929868824], [-89.92228074969049, 38.59697299512966], [-89.92801425981584, 38.59712377999449], [-89.93374781279411, 38.597274284457015], [-89.93948140854593, 38.5974245085108], [-89.94521504699188, 38.5975744521496], [-89.95075817398295, 38.60222370805987], [-89.95630201501413, 38.606872727099336], [-89.96184657026487, 38.611521509135784], [-89.96739183991471, 38.61617005403699], [-89.97312711918148, 38.61631869062297], [-89.97867350301271, 38.62096674136646], [-89.98440922407127, 38.621114840379136], [-89.99014498723932, 38.62126265870254], [-89.99588079243732, 38.621410196330416], [-90.00161663958568, 38.62155745325657], [-90.00735252860491, 38.621704429474754], [-90.01290162428964, 38.62635095704363], [-90.01845143503385, 38.63099724652267], [-90.02418816427785, 38.631143427354814], [-90.02992493509446, 38.631289327364605], [-90.03566174740413, 38.6314349465459], [-90.04139860112724, 38.63158028489256], [-90.04713549618415, 38.63172534239843], [-90.0530568061099, 38.627370128132036], [-90.0587934259509, 38.627514600818145], [-90.06453008687686, 38.627658792689985], [-90.07026678880817, 38.62780270374147], [-90.07600353166524, 38.62794633396657], [-90.08174031536842, 38.6280896833592], [-90.08747713983809, 38.62823275191331], [-90.09339583428118, 38.623875383605984], [-90.09895091075838, 38.62851804648185], [-90.10450670259345, 38.633160469873815], [-90.11006320996535, 38.6378026536494], [-90.11562043305292, 38.64244459767609], [-90.12135857394713, 38.64258604896054], [-90.12691691116937, 38.64722749468063], [-90.13265549047176, 38.64736840647394], [-90.13821494197643, 38.652009353518125], [-90.14395395948668, 38.652149725619736], [-90.14951452542148, 38.65679017361872], [-90.15507580784583, 38.66143038105964], [-90.16081566145125, 38.66156995441258], [-90.16655555477524, 38.661709246529334], [-90.17229548773797, 38.66184825740402], [-90.17803546025965, 38.66198698703078], [-90.18377547226044, 38.66212543540375], [-90.18951552366053, 38.66226360251709], [-90.1952556143801, 38.66240148836498], [-90.20099574433928, 38.66253909294154], [-90.20673591345827, 38.66267641624103], [-90.21247612165722, 38.6628134582576], [-90.21821636885625, 38.6629502189855], [-90.22395665497557, 38.66308669841892], [-90.2296969799353, 38.66322289655212], [-90.23543734365559, 38.663358813379354], [-90.24100490985096, 38.667995150218864], [-90.24674570937407, 38.66813052607476], [-90.25231438982323, 38.67276636103712], [-90.25805562494689, 38.67290119572174], [-90.26379689845037, 38.67303574898191], [-90.26953821025378, 38.673170020811966], [-90.27527956027723, 38.67330401120623], [-90.28102094844074, 38.67343772015905], [-90.28659233093768, 38.67807201278429], [-90.29216443101578, 38.68270606246168], [-90.29773724885335, 38.68733986905835], [-90.30331078462868, 38.69197343244128], [-90.30888503852013, 38.69660675247757], [-90.31446001070607, 38.70123982903419], [-90.32003570136486, 38.70587266197814], [-90.32561211067481, 38.710505251176386], [-90.33118923881437, 38.715137596495865], [-90.3367670859619, 38.719769697803464], [-90.34234565229588, 38.724401554966114], [-90.34792493799469, 38.72903316785066], [-90.35350494323681, 38.73366453632395], [-90.35908566820065, 38.73829566025279], [-90.36466711306467, 38.742926539503976], [-90.37024927800739, 38.74755717394432]]}}, {"type": "Feature", "properties": {"route_run_id": "stl_midamerica_to_st_louis_lambert_2026-01-12_0238", "route_pair": "midamerica_to_st_louis_lambert", "route_pair_label": "MidAmerica to St. Louis Lambert", "origin_label": "MidAmerica St. Louis Airport", "destination_label": "St. Louis Lambert International Airport", "origin_lat": 38.5451731, "origin_lon": -89.8351856, "destination_lat": 38.7486982, "destination_lon": -90.3700257, "traffic_date": "2026-01-12", "traffic_dataset": "January 12th - Monday", "weight_id": "w_0238", "distance_weight": 0.5, "population_weight": 0.1, "traffic_weight": 0.0, "airspace_weight": 0.4, "path_nodes": 96, "path_node_ids": [8877, 8879, 8896, 8900, 8924, 8930, 10012, 10015, 10019, 10053, 10057, 10060, 10092, 10076, 10080, 10105, 10109, 10291, 10512, 10290, 10513, 10298, 10295, 10296, 10297, 10307, 10305, 10306, 10319, 10321, 10320, 10318, 10211, 10210, 10208, 10209, 10326, 10328, 10329, 10327, 2522, 2524, 2523, 2514, 2517, 2515, 2516, 2530, 2534, 2532, 2558, 2840, 2839, 2838, 2827, 2849, 2848, 2850, 2837, 2861, 2866, 2889, 3896, 3898, 3901, 3902, 3914, 3948, 3947, 3952, 3940, 3942, 3943, 3941, 4043, 4042, 4041, 4040, 4051, 4054, 4186, 4080, 4205, 4207, 4212, 5309, 5313, 5335, 5337, 5320, 5322, 5323, 5346, 5357, 5358, 5364], "elapsed_seconds": 0.04694739999831654, "status": "success", "failure_reason": "", "route_distance_km": 71.91755552376524, "distance_cost_sum": 79.14992070804759, "population_cost_sum": 24.36028291495292, "traffic_cost_sum": 50.175475023887095, "airspace_cost_sum": 47.6, "total_weighted_score": 61.0509886455191}, "geometry": {"type": "LineString", "coordinates": [[-89.83272609742262, 38.54503213945896], [-89.83825778508921, 38.54968628939868], [-89.84379018463301, 38.55434020475587], [-89.84932329623358, 38.558993885398685], [-89.85485712007056, 38.56364733119524], [-89.86039165632353, 38.56830054201366], [-89.86592690517212, 38.57295351772198], [-89.871462866796, 38.577606258188254], [-89.87699954137483, 38.582258763280514], [-89.88253692908823, 38.586911032866766], [-89.88807503011597, 38.59156306681497], [-89.8936138446377, 38.59621486499309], [-89.89915337283315, 38.600866427269025], [-89.90469361488212, 38.60551775351072], [-89.91023457096428, 38.610168843586045], [-89.91577624125941, 38.61481969736282], [-89.92131862594731, 38.619470314708934], [-89.92705392153653, 38.61962122026898], [-89.93278926003055, 38.619771845202735], [-89.93852464134986, 38.619922189503846], [-89.9442600654149, 38.62007225316597], [-89.94999553214618, 38.62022203618278], [-89.95573104146416, 38.620371538547964], [-89.96146659328937, 38.6205207602552], [-89.96720218754218, 38.620669701298226], [-89.97293782414316, 38.62081836167072], [-89.97867350301271, 38.62096674136646], [-89.98440922407127, 38.621114840379136], [-89.99014498723932, 38.62126265870254], [-89.99588079243732, 38.621410196330416], [-90.00161663958568, 38.62155745325657], [-90.00735252860491, 38.621704429474754], [-90.01308845941536, 38.6218511249788], [-90.01882443193752, 38.62199753976251], [-90.0245604460918, 38.62214367381969], [-90.03029650179865, 38.62228952714421], [-90.03603259897847, 38.622435099729884], [-90.04176873755169, 38.622580391570615], [-90.04750491743872, 38.62272540266021], [-90.05324113855997, 38.6228701329926], [-90.0589774008359, 38.62301458256169], [-90.06471370418684, 38.62315875136136], [-90.07045004853325, 38.62330263938551], [-90.07618643379548, 38.623446246628106], [-90.08192285989396, 38.62358957308307], [-90.08765932674906, 38.623732618744384], [-90.09339583428118, 38.623875383605984], [-90.09895091075838, 38.62851804648185], [-90.10450670259345, 38.633160469873815], [-90.1102440470662, 38.63330243772981], [-90.11580095263906, 38.63794436326609], [-90.12135857394713, 38.64258604896054], [-90.12709675507955, 38.642727219229855], [-90.13283497637043, 38.64286810847808], [-90.13857323774008, 38.64300871669927], [-90.14431153910874, 38.643149043887504], [-90.15004988039681, 38.64328909003685], [-90.15578826152439, 38.64342885514139], [-90.16152668241186, 38.64356833919522], [-90.16708780535298, 38.6482079745162], [-90.17264964452228, 38.6528473690797], [-90.17821220009857, 38.65748652275311], [-90.18377547226044, 38.66212543540375], [-90.18933946118675, 38.666764106898924], [-90.19490416705614, 38.67140253710589], [-90.200645013987, 38.67154018571967], [-90.20621083477218, 38.67617811511645], [-90.21177737287698, 38.68081580286656], [-90.21751905445252, 38.68095265114052], [-90.22308670781703, 38.685589837485246], [-90.22882882604138, 38.685726144608395], [-90.23457098307328, 38.6858621702009], [-90.24031317883275, 38.68599791425695], [-90.24605541323987, 38.68613337677085], [-90.2517976862147, 38.68626855773688], [-90.25753999767723, 38.686403457149304], [-90.26328234754749, 38.686538075002424], [-90.26902473574555, 38.686672411290566], [-90.27459628650614, 38.69130727605424], [-90.2801685552908, 38.695941897935995], [-90.28574154227802, 38.70057627680287], [-90.29131524764634, 38.705210412521886], [-90.29688967157429, 38.70984430496006], [-90.30246481424038, 38.714477953984364], [-90.30804067582325, 38.71911135946174], [-90.31361725650144, 38.72374452125915], [-90.3191945564535, 38.72837743924346], [-90.3247725758581, 38.73301011328159], [-90.330518974577, 38.7331415620659], [-90.33626541075455, 38.733272728767844], [-90.3420118843105, 38.73340361338185], [-90.34775839516463, 38.73353421590239], [-90.35333872308522, 38.73816560113835], [-90.35908566820065, 38.73829566025279], [-90.36466711306467, 38.742926539503976], [-90.37024927800739, 38.74755717394432]]}}, {"type": "Feature", "properties": {"route_run_id": "stl_midamerica_to_st_louis_lambert_2026-01-12_0140", "route_pair": "midamerica_to_st_louis_lambert", "route_pair_label": "MidAmerica to St. Louis Lambert", "origin_label": "MidAmerica St. Louis Airport", "destination_label": "St. Louis Lambert International Airport", "origin_lat": 38.5451731, "origin_lon": -89.8351856, "destination_lat": 38.7486982, "destination_lon": -90.3700257, "traffic_date": "2026-01-12", "traffic_dataset": "January 12th - Monday", "weight_id": "w_0140", "distance_weight": 0.2, "population_weight": 0.2, "traffic_weight": 0.1, "airspace_weight": 0.5, "path_nodes": 97, "path_node_ids": [8877, 8879, 8896, 8900, 8924, 8930, 10012, 10015, 10018, 10062, 10055, 10058, 10094, 10096, 10103, 10104, 10110, 10109, 10516, 10515, 10514, 10517, 10522, 10299, 10300, 10301, 10311, 10532, 10533, 10349, 10347, 10348, 10346, 10359, 10358, 10356, 10357, 10336, 10335, 10337, 10330, 2548, 2527, 2525, 2526, 2538, 2540, 2516, 2530, 2534, 2559, 2561, 2840, 2842, 2843, 2845, 2878, 2879, 2884, 2883, 2893, 4095, 4096, 3932, 3933, 3958, 3957, 3965, 3954, 3953, 3966, 3944, 3977, 3976, 3941, 4043, 4042, 4041, 4040, 4046, 4048, 4049, 4061, 4075, 4082, 4084, 5080, 5305, 5307, 5314, 5320, 5322, 5323, 5346, 5357, 5358, 5364], "elapsed_seconds": 0.05541510001057759, "status": "success", "failure_reason": "", "route_distance_km": 73.89522690774227, "distance_cost_sum": 81.32647596063302, "population_cost_sum": 22.65933434251672, "traffic_cost_sum": 35.13509501214121, "airspace_cost_sum": 47.6, "total_weighted_score": 48.110671561844086}, "geometry": {"type": "LineString", "coordinates": [[-89.83272609742262, 38.54503213945896], [-89.83825778508921, 38.54968628939868], [-89.84379018463301, 38.55434020475587], [-89.84932329623358, 38.558993885398685], [-89.85485712007056, 38.56364733119524], [-89.86039165632353, 38.56830054201366], [-89.86592690517212, 38.57295351772198], [-89.871462866796, 38.577606258188254], [-89.87126749054252, 38.58210552867199], [-89.8768044781077, 38.58675805398646], [-89.88234217896623, 38.591410343755804], [-89.8878805932977, 38.59606239784802], [-89.89341972128202, 38.600714216131045], [-89.89895956309883, 38.60536579847276], [-89.90450011892796, 38.61001714474108], [-89.91004138894921, 38.614668254803874], [-89.9155833733424, 38.61931912852895], [-89.92131862594731, 38.619470314708934], [-89.9268617252078, 38.624120695492145], [-89.93259742104341, 38.62427134452904], [-89.93833315971467, 38.6244217128885], [-89.94406894114202, 38.62457180056415], [-89.94980476524591, 38.62472160754967], [-89.95554063194687, 38.62487113383877], [-89.96127654116528, 38.62502037942509], [-89.96701249282155, 38.625169344302385], [-89.97255910725055, 38.62981769100349], [-89.9782955010475, 38.62996611819141], [-89.98403193705393, 38.63011426460664], [-89.9897684151902, 38.630262130242976], [-89.99550493537676, 38.630409715094125], [-90.001241497534, 38.63055701915386], [-90.00697810158232, 38.630704042416006], [-90.01271474744215, 38.63085078487433], [-90.01845143503385, 38.63099724652267], [-90.02418816427785, 38.631143427354814], [-90.02992493509446, 38.631289327364605], [-90.03566174740413, 38.6314349465459], [-90.04139860112724, 38.63158028489256], [-90.04713549618415, 38.63172534239843], [-90.0530568061099, 38.627370128132036], [-90.0587934259509, 38.627514600818145], [-90.06453008687686, 38.627658792689985], [-90.07026678880817, 38.62780270374147], [-90.07600353166524, 38.62794633396657], [-90.08174031536842, 38.6280896833592], [-90.08747713983809, 38.62823275191331], [-90.09339583428118, 38.623875383605984], [-90.09895091075838, 38.62851804648185], [-90.10450670259345, 38.633160469873815], [-90.11006320996535, 38.6378026536494], [-90.11562043305292, 38.64244459767609], [-90.12135857394713, 38.64258604896054], [-90.12691691116937, 38.64722749468063], [-90.13265549047176, 38.64736840647394], [-90.13821494197643, 38.652009353518125], [-90.14395395948668, 38.652149725619736], [-90.14951452542148, 38.65679017361872], [-90.15507580784583, 38.66143038105964], [-90.16081566145125, 38.66156995441258], [-90.16637805865126, 38.66620966221335], [-90.17194117271791, 38.67084912909773], [-90.17750500383, 38.67548835493302], [-90.18306955216653, 38.68012733958649], [-90.18863481790633, 38.68476608292537], [-90.19420080122836, 38.68940458481685], [-90.19994308306117, 38.6895423215376], [-90.20568540411075, 38.68967977671165], [-90.21142776429718, 38.68981695033316], [-90.2171701635404, 38.68995384239636], [-90.2229126017605, 38.690090452895454], [-90.22865507887754, 38.69022678182468], [-90.23439759481155, 38.69036282917826], [-90.24014014948251, 38.69049859495047], [-90.24605541323987, 38.68613337677085], [-90.2517976862147, 38.68626855773688], [-90.25753999767723, 38.686403457149304], [-90.26328234754749, 38.686538075002424], [-90.26902473574555, 38.686672411290566], [-90.27476716219141, 38.68680646600806], [-90.2805096268051, 38.68694023914922], [-90.28608197178394, 38.691574583512434], [-90.29165503482373, 38.696208684807814], [-90.297228816103, 38.700842542902386], [-90.30280331580018, 38.70547615766316], [-90.30837853409372, 38.710109528957155], [-90.31395447116216, 38.71474265665128], [-90.31953112718391, 38.71937554061253], [-90.32510850233753, 38.72400818070778], [-90.33068659680158, 38.72864057680392], [-90.33626541075455, 38.733272728767844], [-90.3420118843105, 38.73340361338185], [-90.34775839516463, 38.73353421590239], [-90.35333872308522, 38.73816560113835], [-90.35908566820065, 38.73829566025279], [-90.36466711306467, 38.742926539503976], [-90.37024927800739, 38.74755717394432]]}}, {"type": "Feature", "properties": {"route_run_id": "stl_midamerica_to_st_louis_lambert_2026-01-12_0285", "route_pair": "midamerica_to_st_louis_lambert", "route_pair_label": "MidAmerica to St. Louis Lambert", "origin_label": "MidAmerica St. Louis Airport", "destination_label": "St. Louis Lambert International Airport", "origin_lat": 38.5451731, "origin_lon": -89.8351856, "destination_lat": 38.7486982, "destination_lon": -90.3700257, "traffic_date": "2026-01-12", "traffic_dataset": "January 12th - Monday", "weight_id": "w_0285", "distance_weight": 0.9, "population_weight": 0.0, "traffic_weight": 0.1, "airspace_weight": 0.0, "path_nodes": 96, "path_node_ids": [8877, 8876, 8868, 8869, 8870, 8867, 9753, 9754, 9755, 9744, 9746, 9747, 9745, 9737, 9736, 9734, 9735, 9919, 9916, 9918, 9917, 9935, 9934, 9936, 9930, 9931, 9928, 9929, 9839, 9841, 9875, 9872, 9855, 9853, 9858, 9860, 9868, 9869, 9870, 9871, 2208, 1967, 2211, 1990, 1991, 1995, 1996, 2005, 2004, 2231, 2229, 2195, 2197, 2196, 2408, 2420, 2422, 2419, 2423, 2205, 2206, 2449, 2345, 2370, 2373, 2398, 2394, 2397, 2712, 2716, 2739, 2746, 2769, 2773, 3985, 3988, 3992, 3990, 4016, 4017, 4022, 4029, 4034, 4060, 4064, 5048, 5052, 5076, 5082, 5299, 5304, 5319, 5321, 5357, 5358, 5364], "elapsed_seconds": 0.016586200013989583, "status": "success", "failure_reason": "", "route_distance_km": 71.88073010391533, "distance_cost_sum": 79.10939195203062, "population_cost_sum": 42.723931708907756, "traffic_cost_sum": 25.127137749478173, "airspace_cost_sum": 62.000000000000014, "total_weighted_score": 73.71116653177538}, "geometry": {"type": "LineString", "coordinates": [[-89.83272609742262, 38.54503213945896], [-89.83845499191484, 38.54518713674757], [-89.84418393041321, 38.54534185422887], [-89.8499129128385, 38.54549629189633], [-89.85564193911159, 38.545650449743434], [-89.86137100915332, 38.54580432776372], [-89.86710012288452, 38.545957925950695], [-89.87282928022606, 38.546111244297876], [-89.8785584810987, 38.54626428279884], [-89.88428772542336, 38.54641704144712], [-89.8900170131208, 38.5465695202363], [-89.89574634411186, 38.54672171915994], [-89.90147571831739, 38.546873638211636], [-89.90720513565815, 38.54702527738502], [-89.91293459605497, 38.54717663667367], [-89.91866409942871, 38.54732771607122], [-89.92439364570006, 38.54747851557132], [-89.9301232347899, 38.54762903516762], [-89.93585286661902, 38.54777927485379], [-89.94158254110822, 38.54792923462347], [-89.94731225817821, 38.548078914470366], [-89.95304201774988, 38.54822831438818], [-89.95877181974393, 38.548377434370614], [-89.96450166408115, 38.54852627441138], [-89.97004253230493, 38.553174545580205], [-89.97577281723424, 38.553322849461594], [-89.9815031442792, 38.55347087333782], [-89.98723351336055, 38.553618617202645], [-89.99296392439905, 38.55376608104985], [-89.99869437731542, 38.55391326487322], [-90.00423794894596, 38.558560017293445], [-90.00996884166362, 38.55870666452776], [-90.0156997760314, 38.558853031674964], [-90.02143075196999, 38.55899911872885], [-90.02697623009712, 38.56364486372711], [-90.03252242109909, 38.56829037100109], [-90.03825423417913, 38.56843566425367], [-90.04398608853269, 38.568580677298876], [-90.0497179840804, 38.5687254101306], [-90.05544992074293, 38.56886986274273], [-90.06118189844089, 38.56901403512918], [-90.06691391709492, 38.56915792728389], [-90.07246320723846, 38.57380165399769], [-90.07819566420736, 38.57394500861934], [-90.08392816190404, 38.57408808294632], [-90.08947896024489, 38.57873105628777], [-90.09521189590866, 38.57887359282438], [-90.10094487207182, 38.57901584900345], [-90.10667788865496, 38.579157824818985], [-90.11223059237057, 38.583799786397456], [-90.11796404642338, 38.58394122410869], [-90.12369754066755, 38.5840823813937], [-90.12943107502363, 38.58422325824649], [-90.1351646494121, 38.58436385466116], [-90.14089826375356, 38.58450417063179], [-90.14645366632062, 38.589144603290876], [-90.15218771733517, 38.589284380730234], [-90.15792180807382, 38.58942387766302], [-90.16347871828971, 38.59406355405304], [-90.16921324535195, 38.59420251219789], [-90.17494781190939, 38.59434118977373], [-90.18050622974906, 38.59898010918833], [-90.18606536210271, 38.60361878809667], [-90.19162520914848, 38.60825722636621], [-90.19718577106451, 38.612895423864465], [-90.20274704802898, 38.61753338045887], [-90.2084836369821, 38.617670484184025], [-90.21404602582597, 38.62230794080845], [-90.21960913009349, 38.62694515617101], [-90.22517294996291, 38.63158213013913], [-90.23073748561237, 38.63621886258013], [-90.23630273722006, 38.640855353361346], [-90.24186870496423, 38.645491602350084], [-90.24743538902311, 38.65012760941361], [-90.25300278957496, 38.654763374419176], [-90.25857090679797, 38.65939889723403], [-90.26413974087053, 38.66403417772537], [-90.26988033547711, 38.664168406596616], [-90.27545028334664, 38.66880318471887], [-90.28102094844074, 38.67343772015905], [-90.28659233093768, 38.67807201278429], [-90.29216443101578, 38.68270606246168], [-90.29773724885335, 38.68733986905835], [-90.30331078462868, 38.69197343244128], [-90.30888503852013, 38.69660675247757], [-90.31446001070607, 38.70123982903419], [-90.32003570136486, 38.70587266197814], [-90.32561211067481, 38.710505251176386], [-90.33118923881437, 38.715137596495865], [-90.3367670859619, 38.719769697803464], [-90.34234565229588, 38.724401554966114], [-90.34792493799469, 38.72903316785066], [-90.35350494323681, 38.73366453632395], [-90.35908566820065, 38.73829566025279], [-90.36466711306467, 38.742926539503976], [-90.37024927800739, 38.74755717394432]]}}, {"type": "Feature", "properties": {"route_run_id": "stl_midamerica_to_st_louis_lambert_2026-01-12_0249", "route_pair": "midamerica_to_st_louis_lambert", "route_pair_label": "MidAmerica to St. Louis Lambert", "origin_label": "MidAmerica St. Louis Airport", "destination_label": "St. Louis Lambert International Airport", "origin_lat": 38.5451731, "origin_lon": -89.8351856, "destination_lat": 38.7486982, "destination_lon": -90.3700257, "traffic_date": "2026-01-12", "traffic_dataset": "January 12th - Monday", "weight_id": "w_0249", "distance_weight": 0.5, "population_weight": 0.3, "traffic_weight": 0.2, "airspace_weight": 0.0, "path_nodes": 97, "path_node_ids": [8877, 8879, 8896, 8900, 8924, 8930, 10012, 10015, 10018, 10062, 10055, 10058, 10094, 10096, 10103, 10104, 10110, 10109, 10516, 10515, 10514, 10517, 10522, 10299, 10524, 10529, 10538, 10539, 10537, 10367, 10364, 10365, 10370, 10381, 10380, 10379, 10378, 10391, 10402, 10404, 10408, 2604, 2605, 2606, 2603, 10716, 10717, 10718, 10729, 10730, 10744, 10746, 4111, 4137, 4138, 4139, 4148, 4150, 4149, 4153, 4175, 4133, 4132, 4134, 3964, 4286, 4285, 3974, 3973, 3972, 3971, 3982, 4295, 4299, 4301, 4202, 4215, 4220, 4223, 4255, 4233, 4234, 4242, 4265, 4244, 4243, 5336, 5338, 5341, 5339, 5345, 5324, 5347, 5346, 5357, 5358, 5364], "elapsed_seconds": 0.03632449998985976, "status": "success", "failure_reason": "", "route_distance_km": 72.30912723432323, "distance_cost_sum": 79.58087069816422, "population_cost_sum": 19.762251507597586, "traffic_cost_sum": 34.53833806051532, "airspace_cost_sum": 51.2, "total_weighted_score": 52.62677841346445}, "geometry": {"type": "LineString", "coordinates": [[-89.83272609742262, 38.54503213945896], [-89.83825778508921, 38.54968628939868], [-89.84379018463301, 38.55434020475587], [-89.84932329623358, 38.558993885398685], [-89.85485712007056, 38.56364733119524], [-89.86039165632353, 38.56830054201366], [-89.86592690517212, 38.57295351772198], [-89.871462866796, 38.577606258188254], [-89.87126749054252, 38.58210552867199], [-89.8768044781077, 38.58675805398646], [-89.88234217896623, 38.591410343755804], [-89.8878805932977, 38.59606239784802], [-89.89341972128202, 38.600714216131045], [-89.89895956309883, 38.60536579847276], [-89.90450011892796, 38.61001714474108], [-89.91004138894921, 38.614668254803874], [-89.9155833733424, 38.61931912852895], [-89.92131862594731, 38.619470314708934], [-89.9268617252078, 38.624120695492145], [-89.93259742104341, 38.62427134452904], [-89.93833315971467, 38.6244217128885], [-89.94406894114202, 38.62457180056415], [-89.94980476524591, 38.62472160754967], [-89.95554063194687, 38.62487113383877], [-89.96108644660326, 38.62951999433463], [-89.966632976295, 38.63416861753812], [-89.97218022120177, 38.63881700331695], [-89.97791733024451, 38.63896547800877], [-89.98365448151714, 38.63911367183824], [-89.98939167493998, 38.639261584799115], [-89.9951289104335, 38.63940921688515], [-90.00086618791799, 38.639556568090114], [-90.00641614743708, 38.64420343004679], [-90.01215386646798, 38.64435024295822], [-90.0178916272611, 38.64449677492512], [-90.02362942973669, 38.64464302594129], [-90.02936727381517, 38.644788996000585], [-90.0349195472141, 38.64943458949962], [-90.0406578321926, 38.64958002089252], [-90.04621122092473, 38.6542251179363], [-90.05176532579277, 38.658869976095644], [-90.05750445081951, 38.65901461068064], [-90.06324361700084, 38.65915896413734], [-90.06898282425709, 38.65930303645963], [-90.07472207250845, 38.65944682764147], [-90.08027849074135, 38.66409041434458], [-90.08601817899587, 38.66423366614264], [-90.09175790801612, 38.66437663673715], [-90.0973158409683, 38.669019467207306], [-90.10305600964216, 38.66916189816016], [-90.10861505837465, 38.67380423026503], [-90.11417482409904, 38.67844632230407], [-90.11973530699464, 38.68308817414464], [-90.12529650724075, 38.68772978565403], [-90.1308584250167, 38.69237115669953], [-90.13660062900858, 38.69251201257543], [-90.14234287310624, 38.69265258692433], [-90.14808515722972, 38.692792879740324], [-90.15382748129907, 38.69293289101744], [-90.15939171242222, 38.69757298499622], [-90.1651344750913, 38.69771245548389], [-90.17087727747607, 38.69785164437002], [-90.17662011949652, 38.69799055164876], [-90.18236300107269, 38.69812917731423], [-90.18810592212462, 38.698267521360556], [-90.19384888257228, 38.69840558378194], [-90.1995918823357, 38.69854336457249], [-90.20533492133491, 38.69868086372641], [-90.2110779994899, 38.698818081237896], [-90.21682111672072, 38.69895501710115], [-90.22256427294727, 38.69909167131035], [-90.22830746808964, 38.699228043859776], [-90.23405070206775, 38.699364134743625], [-90.23962082945226, 38.70400061226774], [-90.24519167522915, 38.70863684734796], [-90.25093574365499, 38.70877213647181], [-90.25650770587707, 38.713407868791336], [-90.2620803868679, 38.71804335830804], [-90.26765378680629, 38.72267860488892], [-90.27322790587108, 38.727313608400934], [-90.27897360415623, 38.72744757424986], [-90.2847193406125, 38.72758125811188], [-90.29046511515969, 38.72771465998137], [-90.29604114694997, 38.73234863831933], [-90.30178735717278, 38.73248149743191], [-90.30753360525517, 38.73261407449003], [-90.31327989111702, 38.732746369488076], [-90.31902621467803, 38.73287838242046], [-90.32460455631471, 38.7375110734335], [-90.33035131489382, 38.737642543240376], [-90.33609811094065, 38.737773730919855], [-90.341844944375, 38.73790463646636], [-90.34759181511657, 38.738035259874366], [-90.35333872308522, 38.73816560113835], [-90.35908566820065, 38.73829566025279], [-90.36466711306467, 38.742926539503976], [-90.37024927800739, 38.74755717394432]]}}, {"type": "Feature", "properties": {"route_run_id": "stl_midamerica_to_st_louis_lambert_2026-01-12_0122", "route_pair": "midamerica_to_st_louis_lambert", "route_pair_label": "MidAmerica to St. Louis Lambert", "origin_label": "MidAmerica St. Louis Airport", "destination_label": "St. Louis Lambert International Airport", "origin_lat": 38.5451731, "origin_lon": -89.8351856, "destination_lat": 38.7486982, "destination_lon": -90.3700257, "traffic_date": "2026-01-12", "traffic_dataset": "January 12th - Monday", "weight_id": "w_0122", "distance_weight": 0.2, "population_weight": 0.0, "traffic_weight": 0.0, "airspace_weight": 0.8, "path_nodes": 96, "path_node_ids": [8877, 8876, 8892, 8897, 8899, 8926, 9788, 10013, 10014, 10036, 10052, 10054, 10061, 10051, 10049, 10048, 10050, 10253, 10252, 10241, 10240, 10248, 10246, 10247, 10245, 10231, 10230, 10262, 10150, 10148, 10149, 10151, 10161, 10159, 10158, 10160, 10166, 10168, 10167, 10169, 2247, 2269, 2268, 2257, 2256, 2254, 2279, 2293, 2296, 2301, 2303, 2491, 2492, 2818, 2496, 2507, 2506, 2828, 2505, 2809, 2811, 2810, 2728, 2730, 2731, 2729, 2715, 2717, 2714, 2716, 2738, 2741, 2745, 2747, 2684, 2687, 3987, 3990, 4016, 4017, 4022, 4029, 4034, 4060, 4064, 5048, 5052, 5076, 5082, 5299, 5304, 5319, 5321, 5357, 5358, 5364], "elapsed_seconds": 0.05685520000406541, "status": "success", "failure_reason": "", "route_distance_km": 71.90057520712594, "distance_cost_sum": 79.13123277148179, "population_cost_sum": 53.29567736851651, "traffic_cost_sum": 39.307370558879065, "airspace_cost_sum": 46.2, "total_weighted_score": 52.78624655429639}, "geometry": {"type": "LineString", "coordinates": [[-89.83272609742262, 38.54503213945896], [-89.83845499191484, 38.54518713674757], [-89.84398707949187, 38.54984103165108], [-89.84951987896733, 38.55449469187918], [-89.85505339052077, 38.559148117300026], [-89.86058761433173, 38.563801307781745], [-89.86612255057987, 38.568454263192415], [-89.87165819944471, 38.57310698340007], [-89.87719456110594, 38.577759468272795], [-89.88273163574308, 38.582411717678575], [-89.88826942353593, 38.58706373148541], [-89.89380792466403, 38.591715509561276], [-89.89934713930707, 38.59636705177409], [-89.90508047722643, 38.59651895818466], [-89.91081385831642, 38.59667058421835], [-89.91654728249756, 38.596821929868824], [-89.92228074969049, 38.59697299512966], [-89.92801425981584, 38.59712377999449], [-89.93374781279411, 38.597274284457015], [-89.93948140854593, 38.5974245085108], [-89.94521504699188, 38.5975744521496], [-89.95094872805251, 38.59772411536704], [-89.95668245164843, 38.59787349815684], [-89.96241621770018, 38.59802260051268], [-89.96815002612831, 38.59817142242828], [-89.9738838768534, 38.59831996389739], [-89.97961776979602, 38.59846822491371], [-89.98535170487666, 38.59861620547102], [-89.99108568201598, 38.59876390556306], [-89.99681970113441, 38.59891132518362], [-90.00255376215256, 38.59905846432648], [-90.00828786499093, 38.59920532298544], [-90.01402200957008, 38.5993519011543], [-90.01975619581054, 38.599498198826886], [-90.02549042363282, 38.599644215997024], [-90.03122469295744, 38.59978995265856], [-90.03695900370492, 38.599935408805365], [-90.0426933557958, 38.60008058443128], [-90.04842774915056, 38.600225479530216], [-90.05416218368977, 38.60037009409603], [-90.05989665933384, 38.60051442812264], [-90.06563117600335, 38.600658481603965], [-90.07136573361876, 38.60080225453393], [-90.07710033210058, 38.60094574690646], [-90.0828349713693, 38.601088958715515], [-90.08856965134538, 38.60123188995506], [-90.0941227455516, 38.605874717602354], [-90.09967655430022, 38.61051730605643], [-90.10523107776994, 38.61515965518486], [-90.11078631613944, 38.61980176485522], [-90.11652262799952, 38.61994338379215], [-90.1220789793104, 38.62458499570804], [-90.12781572923257, 38.62472607564535], [-90.13337319363258, 38.629367189437694], [-90.13911038141684, 38.62950773017495], [-90.14484760917111, 38.62964799001386], [-90.15058487681573, 38.629787968948484], [-90.156322184271, 38.62992766697294], [-90.16205953145733, 38.63006708408134], [-90.16779691829495, 38.630206220267794], [-90.17353434470424, 38.6303450755264], [-90.17927181060547, 38.63048364985134], [-90.185009315919, 38.63062194323676], [-90.1907468605651, 38.6307599556768], [-90.1964844444641, 38.63089768716567], [-90.2022220675363, 38.63103513769752], [-90.20795972970198, 38.63117230726659], [-90.21369743088145, 38.63130919586706], [-90.21943517099498, 38.631445803493165], [-90.22517294996291, 38.63158213013913], [-90.2309107677055, 38.63171817579922], [-90.2364756999938, 38.63635464897752], [-90.2420413482591, 38.64099088040321], [-90.24760771267954, 38.645626869943555], [-90.25317479343335, 38.65026261746583], [-90.25874259069872, 38.654898122837295], [-90.26431110465388, 38.659533385925144], [-90.26988033547711, 38.664168406596616], [-90.27545028334664, 38.66880318471887], [-90.28102094844074, 38.67343772015905], [-90.28659233093768, 38.67807201278429], [-90.29216443101578, 38.68270606246168], [-90.29773724885335, 38.68733986905835], [-90.30331078462868, 38.69197343244128], [-90.30888503852013, 38.69660675247757], [-90.31446001070607, 38.70123982903419], [-90.32003570136486, 38.70587266197814], [-90.32561211067481, 38.710505251176386], [-90.33118923881437, 38.715137596495865], [-90.3367670859619, 38.719769697803464], [-90.34234565229588, 38.724401554966114], [-90.34792493799469, 38.72903316785066], [-90.35350494323681, 38.73366453632395], [-90.35908566820065, 38.73829566025279], [-90.36466711306467, 38.742926539503976], [-90.37024927800739, 38.74755717394432]]}}, {"type": "Feature", "properties": {"route_run_id": "stl_midamerica_to_st_louis_lambert_2026-01-12_0148", "route_pair": "midamerica_to_st_louis_lambert", "route_pair_label": "MidAmerica to St. Louis Lambert", "origin_label": "MidAmerica St. Louis Airport", "destination_label": "St. Louis Lambert International Airport", "origin_lat": 38.5451731, "origin_lon": -89.8351856, "destination_lat": 38.7486982, "destination_lon": -90.3700257, "traffic_date": "2026-01-12", "traffic_dataset": "January 12th - Monday", "weight_id": "w_0148", "distance_weight": 0.2, "population_weight": 0.3, "traffic_weight": 0.2, "airspace_weight": 0.3, "path_nodes": 97, "path_node_ids": [8877, 8879, 8896, 8900, 8924, 8930, 10012, 10015, 10018, 10062, 10055, 10058, 10094, 10096, 10103, 10104, 10110, 10109, 10516, 10515, 10514, 10513, 10298, 10295, 10296, 10297, 10309, 10532, 10533, 10349, 10347, 10348, 10346, 10372, 10360, 10361, 10373, 10336, 10335, 10337, 10330, 2548, 2527, 2525, 2526, 2538, 2540, 2516, 2530, 2534, 2559, 2561, 2840, 2842, 2843, 2845, 2878, 2879, 2884, 2883, 2893, 4095, 4096, 3932, 3933, 3958, 3962, 3974, 3973, 3972, 3971, 3982, 4295, 4299, 4301, 4202, 4215, 4220, 4223, 4255, 4233, 4234, 4242, 4265, 4244, 4243, 5336, 5338, 5341, 5339, 5320, 5322, 5323, 5346, 5357, 5358, 5364], "elapsed_seconds": 0.055064699990907684, "status": "success", "failure_reason": "", "route_distance_km": 74.96582075789355, "distance_cost_sum": 82.50473372722242, "population_cost_sum": 22.201638153954182, "traffic_cost_sum": 29.350798007616124, "airspace_cost_sum": 48.8, "total_weighted_score": 43.67159779315397}, "geometry": {"type": "LineString", "coordinates": [[-89.83272609742262, 38.54503213945896], [-89.83825778508921, 38.54968628939868], [-89.84379018463301, 38.55434020475587], [-89.84932329623358, 38.558993885398685], [-89.85485712007056, 38.56364733119524], [-89.86039165632353, 38.56830054201366], [-89.86592690517212, 38.57295351772198], [-89.871462866796, 38.577606258188254], [-89.87126749054252, 38.58210552867199], [-89.8768044781077, 38.58675805398646], [-89.88234217896623, 38.591410343755804], [-89.8878805932977, 38.59606239784802], [-89.89341972128202, 38.600714216131045], [-89.89895956309883, 38.60536579847276], [-89.90450011892796, 38.61001714474108], [-89.91004138894921, 38.614668254803874], [-89.9155833733424, 38.61931912852895], [-89.92131862594731, 38.619470314708934], [-89.9268617252078, 38.624120695492145], [-89.93259742104341, 38.62427134452904], [-89.93833315971467, 38.6244217128885], [-89.9442600654149, 38.62007225316597], [-89.94999553214618, 38.62022203618278], [-89.95573104146416, 38.620371538547964], [-89.96146659328937, 38.6205207602552], [-89.96720218754218, 38.620669701298226], [-89.97274848683627, 38.62531802846435], [-89.9782955010475, 38.62996611819141], [-89.98403193705393, 38.63011426460664], [-89.9897684151902, 38.630262130242976], [-89.99550493537676, 38.630409715094125], [-90.001241497534, 38.63055701915386], [-90.00697810158232, 38.630704042416006], [-90.01252782886277, 38.63535060847056], [-90.01826487410864, 38.635497093555536], [-90.02400196101686, 38.63564329777947], [-90.0297390895078, 38.63578922113622], [-90.03566174740413, 38.6314349465459], [-90.04139860112724, 38.63158028489256], [-90.04713549618415, 38.63172534239843], [-90.0530568061099, 38.627370128132036], [-90.0587934259509, 38.627514600818145], [-90.06453008687686, 38.627658792689985], [-90.07026678880817, 38.62780270374147], [-90.07600353166524, 38.62794633396657], [-90.08174031536842, 38.6280896833592], [-90.08747713983809, 38.62823275191331], [-90.09339583428118, 38.623875383605984], [-90.09895091075838, 38.62851804648185], [-90.10450670259345, 38.633160469873815], [-90.11006320996535, 38.6378026536494], [-90.11562043305292, 38.64244459767609], [-90.12135857394713, 38.64258604896054], [-90.12691691116937, 38.64722749468063], [-90.13265549047176, 38.64736840647394], [-90.13821494197643, 38.652009353518125], [-90.14395395948668, 38.652149725619736], [-90.14951452542148, 38.65679017361872], [-90.15507580784583, 38.66143038105964], [-90.16081566145125, 38.66156995441258], [-90.16637805865126, 38.66620966221335], [-90.17194117271791, 38.67084912909773], [-90.17750500383, 38.67548835493302], [-90.18306955216653, 38.68012733958649], [-90.18863481790633, 38.68476608292537], [-90.19420080122836, 38.68940458481685], [-90.19976750231159, 38.694042845128145], [-90.20533492133491, 38.69868086372641], [-90.2110779994899, 38.698818081237896], [-90.21682111672072, 38.69895501710115], [-90.22256427294727, 38.69909167131035], [-90.22830746808964, 38.699228043859776], [-90.23405070206775, 38.699364134743625], [-90.23962082945226, 38.70400061226774], [-90.24519167522915, 38.70863684734796], [-90.25093574365499, 38.70877213647181], [-90.25650770587707, 38.713407868791336], [-90.2620803868679, 38.71804335830804], [-90.26765378680629, 38.72267860488892], [-90.27322790587108, 38.727313608400934], [-90.27897360415623, 38.72744757424986], [-90.2847193406125, 38.72758125811188], [-90.29046511515969, 38.72771465998137], [-90.29604114694997, 38.73234863831933], [-90.30178735717278, 38.73248149743191], [-90.30753360525517, 38.73261407449003], [-90.31327989111702, 38.732746369488076], [-90.31902621467803, 38.73287838242046], [-90.32460455631471, 38.7375110734335], [-90.33035131489382, 38.737642543240376], [-90.33626541075455, 38.733272728767844], [-90.3420118843105, 38.73340361338185], [-90.34775839516463, 38.73353421590239], [-90.35333872308522, 38.73816560113835], [-90.35908566820065, 38.73829566025279], [-90.36466711306467, 38.742926539503976], [-90.37024927800739, 38.74755717394432]]}}]}