{"type": "FeatureCollection", "features": [{"type": "Feature", "properties": {"route_run_id": "stl_st_louis_downtown_airport_to_st_louis_lambert_2026-01-12_0189", "route_pair": "st_louis_downtown_airport_to_st_louis_lambert", "route_pair_label": "St. Louis Downtown Airport to St. Louis Lambert", "origin_label": "St. Louis Downtown Airport", "destination_label": "St. Louis Lambert International Airport", "origin_lat": 38.5703611, "origin_lon": -90.1550833, "destination_lat": 38.7486982, "destination_lon": -90.3700257, "traffic_date": "2026-01-12", "traffic_dataset": "January 12th - Monday", "weight_id": "w_0189", "distance_weight": 0.3, "population_weight": 0.3, "traffic_weight": 0.0, "airspace_weight": 0.4, "path_nodes": 43, "path_node_ids": [2179, 2180, 2174, 2199, 2203, 2207, 2341, 2345, 2370, 2373, 2398, 2709, 2711, 2714, 2750, 2744, 2770, 2772, 2777, 3989, 3993, 4006, 4008, 4021, 4045, 4047, 4058, 4062, 4077, 4082, 4084, 5080, 5084, 5310, 5311, 5337, 5320, 5322, 5323, 5346, 5357, 5358, 5364], "elapsed_seconds": 0.02593239999259822, "status": "success", "failure_reason": "", "route_distance_km": 36.197024617572914, "distance_cost_sum": 39.83716642595565, "population_cost_sum": 17.31210242086407, "traffic_cost_sum": 23.983742516081602, "airspace_cost_sum": 36.4, "total_weighted_score": 31.70478065404592}, "geometry": {"type": "LineString", "coordinates": [[-90.15289905765549, 38.57128267769979], [-90.15845430205954, 38.57592253965332], [-90.16401026010618, 38.58056216167], [-90.16956693197352, 38.58520154361737], [-90.17512431783956, 38.5898406853631], [-90.18068241788241, 38.5944795867747], [-90.18624123228014, 38.59911824771971], [-90.18606536210271, 38.60361878809667], [-90.19162520914848, 38.60825722636621], [-90.19718577106451, 38.612895423864465], [-90.20274704802898, 38.61753338045887], [-90.2083090402201, 38.622171096016864], [-90.21387174781604, 38.62680857040582], [-90.21943517099498, 38.631445803493165], [-90.22499930993523, 38.636082795146216], [-90.23056416481495, 38.64071954523234], [-90.2361297358124, 38.64535605361884], [-90.24169602310592, 38.649992320172984], [-90.24726302687371, 38.65462834476206], [-90.25283074729404, 38.65926412725328], [-90.2583991845453, 38.663899667513896], [-90.26396833880578, 38.66853496541107], [-90.26953821025378, 38.673170020811966], [-90.2751087990677, 38.67780483358376], [-90.28068010542587, 38.682439403593555], [-90.28625212950666, 38.68707373070842], [-90.29182487148844, 38.69170781479548], [-90.29739833154962, 38.69634165572174], [-90.30297250986867, 38.70097525335427], [-90.30280331580018, 38.70547615766316], [-90.30837853409372, 38.710109528957155], [-90.31395447116216, 38.71474265665128], [-90.31378588266769, 38.71924359100243], [-90.31936286061908, 38.72387649197406], [-90.32494055786266, 38.72850914903958], [-90.330518974577, 38.7331415620659], [-90.33626541075455, 38.733272728767844], [-90.3420118843105, 38.73340361338185], [-90.34775839516463, 38.73353421590239], [-90.35333872308522, 38.73816560113835], [-90.35908566820065, 38.73829566025279], [-90.36466711306467, 38.742926539503976], [-90.37024927800739, 38.74755717394432]]}}, {"type": "Feature", "properties": {"route_run_id": "stl_st_louis_downtown_airport_to_st_louis_lambert_2026-01-12_0171", "route_pair": "st_louis_downtown_airport_to_st_louis_lambert", "route_pair_label": "St. Louis Downtown Airport to St. Louis Lambert", "origin_label": "St. Louis Downtown Airport", "destination_label": "St. Louis Lambert International Airport", "origin_lat": 38.5703611, "origin_lon": -90.1550833, "destination_lat": 38.7486982, "destination_lon": -90.3700257, "traffic_date": "2026-01-12", "traffic_dataset": "January 12th - Monday", "weight_id": "w_0171", "distance_weight": 0.3, "population_weight": 0.0, "traffic_weight": 0.3, "airspace_weight": 0.4, "path_nodes": 40, "path_node_ids": [2179, 2180, 2174, 2199, 2203, 2207, 2341, 2344, 2368, 2374, 2394, 2397, 2712, 2716, 2739, 2746, 2769, 2773, 3985, 3988, 3992, 3990, 4016, 4017, 4022, 4029, 4034, 4060, 4064, 5048, 5052, 5076, 5082, 5299, 5304, 5319, 5321, 5357, 5358, 5364], "elapsed_seconds": 0.018187500012572855, "status": "success", "failure_reason": "", "route_distance_km": 35.06925127294606, "distance_cost_sum": 38.59597892794111, "population_cost_sum": 25.05959051055676, "traffic_cost_sum": 17.839922019494136, "airspace_cost_sum": 33.4, "total_weighted_score": 30.290770284230575}, "geometry": {"type": "LineString", "coordinates": [[-90.15289905765549, 38.57128267769979], [-90.15845430205954, 38.57592253965332], [-90.16401026010618, 38.58056216167], [-90.16956693197352, 38.58520154361737], [-90.17512431783956, 38.5898406853631], [-90.18068241788241, 38.5944795867747], [-90.18624123228014, 38.59911824771971], [-90.19180076121087, 38.60375666806568], [-90.19736100485268, 38.60839484768009], [-90.20292196338367, 38.61303278643038], [-90.2084836369821, 38.617670484184025], [-90.21404602582597, 38.62230794080845], [-90.21960913009349, 38.62694515617101], [-90.22517294996291, 38.63158213013913], [-90.23073748561237, 38.63621886258013], [-90.23630273722006, 38.640855353361346], [-90.24186870496423, 38.645491602350084], [-90.24743538902311, 38.65012760941361], [-90.25300278957496, 38.654763374419176], [-90.25857090679797, 38.65939889723403], [-90.26413974087053, 38.66403417772537], [-90.26988033547711, 38.664168406596616], [-90.27545028334664, 38.66880318471887], [-90.28102094844074, 38.67343772015905], [-90.28659233093768, 38.67807201278429], [-90.29216443101578, 38.68270606246168], [-90.29773724885335, 38.68733986905835], [-90.30331078462868, 38.69197343244128], [-90.30888503852013, 38.69660675247757], [-90.31446001070607, 38.70123982903419], [-90.32003570136486, 38.70587266197814], [-90.32561211067481, 38.710505251176386], [-90.33118923881437, 38.715137596495865], [-90.3367670859619, 38.719769697803464], [-90.34234565229588, 38.724401554966114], [-90.34792493799469, 38.72903316785066], [-90.35350494323681, 38.73366453632395], [-90.35908566820065, 38.73829566025279], [-90.36466711306467, 38.742926539503976], [-90.37024927800739, 38.74755717394432]]}}, {"type": "Feature", "properties": {"route_run_id": "stl_st_louis_downtown_airport_to_st_louis_lambert_2026-01-12_0159", "route_pair": "st_louis_downtown_airport_to_st_louis_lambert", "route_pair_label": "St. Louis Downtown Airport to St. Louis Lambert", "origin_label": "St. Louis Downtown Airport", "destination_label": "St. Louis Lambert International Airport", "origin_lat": 38.5703611, "origin_lon": -90.1550833, "destination_lat": 38.7486982, "destination_lon": -90.3700257, "traffic_date": "2026-01-12", "traffic_dataset": "January 12th - Monday", "weight_id": "w_0159", "distance_weight": 0.2, "population_weight": 0.5, "traffic_weight": 0.2, "airspace_weight": 0.1, "path_nodes": 44, "path_node_ids": [2179, 2180, 2174, 2199, 2203, 2206, 2449, 2345, 2370, 2373, 2398, 2709, 2711, 2714, 2750, 2744, 2770, 2772, 2777, 3989, 3988, 3992, 3994, 4019, 4020, 4023, 4055, 4059, 4063, 4077, 4082, 4084, 5080, 5084, 5310, 5311, 5337, 5320, 5322, 5323, 5346, 5357, 5358, 5364], "elapsed_seconds": 0.024772100005066022, "status": "success", "failure_reason": "", "route_distance_km": 36.57207281055306, "distance_cost_sum": 40.24993121641444, "population_cost_sum": 16.402941041735232, "traffic_cost_sum": 23.43756424675925, "airspace_cost_sum": 37.4, "total_weighted_score": 24.678969613502357}, "geometry": {"type": "LineString", "coordinates": [[-90.15289905765549, 38.57128267769979], [-90.15845430205954, 38.57592253965332], [-90.16401026010618, 38.58056216167], [-90.16956693197352, 38.58520154361737], [-90.17512431783956, 38.5898406853631], [-90.17494781190939, 38.59434118977373], [-90.18050622974906, 38.59898010918833], [-90.18606536210271, 38.60361878809667], [-90.19162520914848, 38.60825722636621], [-90.19718577106451, 38.612895423864465], [-90.20274704802898, 38.61753338045887], [-90.2083090402201, 38.622171096016864], [-90.21387174781604, 38.62680857040582], [-90.21943517099498, 38.631445803493165], [-90.22499930993523, 38.636082795146216], [-90.23056416481495, 38.64071954523234], [-90.2361297358124, 38.64535605361884], [-90.24169602310592, 38.649992320172984], [-90.24726302687371, 38.65462834476206], [-90.25283074729404, 38.65926412725328], [-90.25857090679797, 38.65939889723403], [-90.26413974087053, 38.66403417772537], [-90.26970929197084, 38.66866921576039], [-90.27527956027723, 38.67330401120623], [-90.28085054596801, 38.677938563930056], [-90.28642224922152, 38.68257287379895], [-90.29199467021606, 38.68720694068001], [-90.29756780913004, 38.69184076444029], [-90.3031416661418, 38.696474344946864], [-90.30297250986867, 38.70097525335427], [-90.30280331580018, 38.70547615766316], [-90.30837853409372, 38.710109528957155], [-90.31395447116216, 38.71474265665128], [-90.31378588266769, 38.71924359100243], [-90.31936286061908, 38.72387649197406], [-90.32494055786266, 38.72850914903958], [-90.330518974577, 38.7331415620659], [-90.33626541075455, 38.733272728767844], [-90.3420118843105, 38.73340361338185], [-90.34775839516463, 38.73353421590239], [-90.35333872308522, 38.73816560113835], [-90.35908566820065, 38.73829566025279], [-90.36466711306467, 38.742926539503976], [-90.37024927800739, 38.74755717394432]]}}, {"type": "Feature", "properties": {"route_run_id": "stl_st_louis_downtown_airport_to_st_louis_lambert_2026-01-12_0255", "route_pair": "st_louis_downtown_airport_to_st_louis_lambert", "route_pair_label": "St. Louis Downtown Airport to St. Louis Lambert", "origin_label": "St. Louis Downtown Airport", "destination_label": "St. Louis Lambert International Airport", "origin_lat": 38.5703611, "origin_lon": -90.1550833, "destination_lat": 38.7486982, "destination_lon": -90.3700257, "traffic_date": "2026-01-12", "traffic_dataset": "January 12th - Monday", "weight_id": "w_0255", "distance_weight": 0.6, "population_weight": 0.0, "traffic_weight": 0.2, "airspace_weight": 0.2, "path_nodes": 40, "path_node_ids": [2179, 2180, 2174, 2199, 2203, 2207, 2341, 2344, 2368, 2374, 2394, 2397, 2712, 2716, 2739, 2746, 2769, 2773, 3985, 3988, 3992, 3990, 4016, 4017, 4022, 4029, 4034, 4060, 4064, 5048, 5052, 5076, 5082, 5299, 5304, 5319, 5321, 5357, 5358, 5364], "elapsed_seconds": 0.006466299993917346, "status": "success", "failure_reason": "", "route_distance_km": 35.06925127294606, "distance_cost_sum": 38.59597892794111, "population_cost_sum": 25.05959051055676, "traffic_cost_sum": 17.839922019494136, "airspace_cost_sum": 33.4, "total_weighted_score": 33.40557176066349}, "geometry": {"type": "LineString", "coordinates": [[-90.15289905765549, 38.57128267769979], [-90.15845430205954, 38.57592253965332], [-90.16401026010618, 38.58056216167], [-90.16956693197352, 38.58520154361737], [-90.17512431783956, 38.5898406853631], [-90.18068241788241, 38.5944795867747], [-90.18624123228014, 38.59911824771971], [-90.19180076121087, 38.60375666806568], [-90.19736100485268, 38.60839484768009], [-90.20292196338367, 38.61303278643038], [-90.2084836369821, 38.617670484184025], [-90.21404602582597, 38.62230794080845], [-90.21960913009349, 38.62694515617101], [-90.22517294996291, 38.63158213013913], [-90.23073748561237, 38.63621886258013], [-90.23630273722006, 38.640855353361346], [-90.24186870496423, 38.645491602350084], [-90.24743538902311, 38.65012760941361], [-90.25300278957496, 38.654763374419176], [-90.25857090679797, 38.65939889723403], [-90.26413974087053, 38.66403417772537], [-90.26988033547711, 38.664168406596616], [-90.27545028334664, 38.66880318471887], [-90.28102094844074, 38.67343772015905], [-90.28659233093768, 38.67807201278429], [-90.29216443101578, 38.68270606246168], [-90.29773724885335, 38.68733986905835], [-90.30331078462868, 38.69197343244128], [-90.30888503852013, 38.69660675247757], [-90.31446001070607, 38.70123982903419], [-90.32003570136486, 38.70587266197814], [-90.32561211067481, 38.710505251176386], [-90.33118923881437, 38.715137596495865], [-90.3367670859619, 38.719769697803464], [-90.34234565229588, 38.724401554966114], [-90.34792493799469, 38.72903316785066], [-90.35350494323681, 38.73366453632395], [-90.35908566820065, 38.73829566025279], [-90.36466711306467, 38.742926539503976], [-90.37024927800739, 38.74755717394432]]}}, {"type": "Feature", "properties": {"route_run_id": "stl_st_louis_downtown_airport_to_st_louis_lambert_2026-01-12_0049", "route_pair": "st_louis_downtown_airport_to_st_louis_lambert", "route_pair_label": "St. Louis Downtown Airport to St. Louis Lambert", "origin_label": "St. Louis Downtown Airport", "destination_label": "St. Louis Lambert International Airport", "origin_lat": 38.5703611, "origin_lon": -90.1550833, "destination_lat": 38.7486982, "destination_lon": -90.3700257, "traffic_date": "2026-01-12", "traffic_dataset": "January 12th - Monday", "weight_id": "w_0049", "distance_weight": 0.0, "population_weight": 0.5, "traffic_weight": 0.3, "airspace_weight": 0.2, "path_nodes": 44, "path_node_ids": [2179, 2180, 2174, 2199, 2203, 2206, 2449, 2345, 2370, 2373, 2398, 2709, 2711, 2714, 2750, 2744, 2770, 2772, 2777, 3989, 3988, 3992, 3994, 4019, 4020, 4023, 4055, 4059, 4062, 4075, 4082, 4084, 5080, 5084, 5310, 5311, 5337, 5320, 5322, 5323, 5346, 5357, 5358, 5364], "elapsed_seconds": 0.04727959999581799, "status": "success", "failure_reason": "", "route_distance_km": 36.57210005386254, "distance_cost_sum": 40.24996119943833, "population_cost_sum": 16.402941041735232, "traffic_cost_sum": 23.43756424675925, "airspace_cost_sum": 37.4, "total_weighted_score": 22.71273979489539}, "geometry": {"type": "LineString", "coordinates": [[-90.15289905765549, 38.57128267769979], [-90.15845430205954, 38.57592253965332], [-90.16401026010618, 38.58056216167], [-90.16956693197352, 38.58520154361737], [-90.17512431783956, 38.5898406853631], [-90.17494781190939, 38.59434118977373], [-90.18050622974906, 38.59898010918833], [-90.18606536210271, 38.60361878809667], [-90.19162520914848, 38.60825722636621], [-90.19718577106451, 38.612895423864465], [-90.20274704802898, 38.61753338045887], [-90.2083090402201, 38.622171096016864], [-90.21387174781604, 38.62680857040582], [-90.21943517099498, 38.631445803493165], [-90.22499930993523, 38.636082795146216], [-90.23056416481495, 38.64071954523234], [-90.2361297358124, 38.64535605361884], [-90.24169602310592, 38.649992320172984], [-90.24726302687371, 38.65462834476206], [-90.25283074729404, 38.65926412725328], [-90.25857090679797, 38.65939889723403], [-90.26413974087053, 38.66403417772537], [-90.26970929197084, 38.66866921576039], [-90.27527956027723, 38.67330401120623], [-90.28085054596801, 38.677938563930056], [-90.28642224922152, 38.68257287379895], [-90.29199467021606, 38.68720694068001], [-90.29756780913004, 38.69184076444029], [-90.29739833154962, 38.69634165572174], [-90.297228816103, 38.700842542902386], [-90.30280331580018, 38.70547615766316], [-90.30837853409372, 38.710109528957155], [-90.31395447116216, 38.71474265665128], [-90.31378588266769, 38.71924359100243], [-90.31936286061908, 38.72387649197406], [-90.32494055786266, 38.72850914903958], [-90.330518974577, 38.7331415620659], [-90.33626541075455, 38.733272728767844], [-90.3420118843105, 38.73340361338185], [-90.34775839516463, 38.73353421590239], [-90.35333872308522, 38.73816560113835], [-90.35908566820065, 38.73829566025279], [-90.36466711306467, 38.742926539503976], [-90.37024927800739, 38.74755717394432]]}}, {"type": "Feature", "properties": {"route_run_id": "stl_st_louis_downtown_airport_to_st_louis_lambert_2026-01-12_0276", "route_pair": "st_louis_downtown_airport_to_st_louis_lambert", "route_pair_label": "St. Louis Downtown Airport to St. Louis Lambert", "origin_label": "St. Louis Downtown Airport", "destination_label": "St. Louis Lambert International Airport", "origin_lat": 38.5703611, "origin_lon": -90.1550833, "destination_lat": 38.7486982, "destination_lon": -90.3700257, "traffic_date": "2026-01-12", "traffic_dataset": "January 12th - Monday", "weight_id": "w_0276", "distance_weight": 0.7, "population_weight": 0.2, "traffic_weight": 0.1, "airspace_weight": 0.0, "path_nodes": 40, "path_node_ids": [2179, 2180, 2174, 2199, 2203, 2207, 2341, 2344, 2368, 2374, 2394, 2397, 2712, 2716, 2739, 2746, 2769, 2773, 3985, 3988, 3992, 3994, 4019, 4020, 4023, 4055, 4059, 4063, 4064, 5048, 5052, 5076, 5082, 5299, 5304, 5319, 5321, 5357, 5358, 5364], "elapsed_seconds": 0.005493400007253513, "status": "success", "failure_reason": "", "route_distance_km": 35.0695243590648, "distance_cost_sum": 38.596279476875054, "population_cost_sum": 23.651108783135093, "traffic_cost_sum": 17.839922019494136, "airspace_cost_sum": 33.8, "total_weighted_score": 33.531609592388975}, "geometry": {"type": "LineString", "coordinates": [[-90.15289905765549, 38.57128267769979], [-90.15845430205954, 38.57592253965332], [-90.16401026010618, 38.58056216167], [-90.16956693197352, 38.58520154361737], [-90.17512431783956, 38.5898406853631], [-90.18068241788241, 38.5944795867747], [-90.18624123228014, 38.59911824771971], [-90.19180076121087, 38.60375666806568], [-90.19736100485268, 38.60839484768009], [-90.20292196338367, 38.61303278643038], [-90.2084836369821, 38.617670484184025], [-90.21404602582597, 38.62230794080845], [-90.21960913009349, 38.62694515617101], [-90.22517294996291, 38.63158213013913], [-90.23073748561237, 38.63621886258013], [-90.23630273722006, 38.640855353361346], [-90.24186870496423, 38.645491602350084], [-90.24743538902311, 38.65012760941361], [-90.25300278957496, 38.654763374419176], [-90.25857090679797, 38.65939889723403], [-90.26413974087053, 38.66403417772537], [-90.26970929197084, 38.66866921576039], [-90.27527956027723, 38.67330401120623], [-90.28085054596801, 38.677938563930056], [-90.28642224922152, 38.68257287379895], [-90.29199467021606, 38.68720694068001], [-90.29756780913004, 38.69184076444029], [-90.3031416661418, 38.696474344946864], [-90.30888503852013, 38.69660675247757], [-90.31446001070607, 38.70123982903419], [-90.32003570136486, 38.70587266197814], [-90.32561211067481, 38.710505251176386], [-90.33118923881437, 38.715137596495865], [-90.3367670859619, 38.719769697803464], [-90.34234565229588, 38.724401554966114], [-90.34792493799469, 38.72903316785066], [-90.35350494323681, 38.73366453632395], [-90.35908566820065, 38.73829566025279], [-90.36466711306467, 38.742926539503976], [-90.37024927800739, 38.74755717394432]]}}, {"type": "Feature", "properties": {"route_run_id": "stl_st_louis_downtown_airport_to_st_louis_lambert_2026-01-12_0142", "route_pair": "st_louis_downtown_airport_to_st_louis_lambert", "route_pair_label": "St. Louis Downtown Airport to St. Louis Lambert", "origin_label": "St. Louis Downtown Airport", "destination_label": "St. Louis Lambert International Airport", "origin_lat": 38.5703611, "origin_lon": -90.1550833, "destination_lat": 38.7486982, "destination_lon": -90.3700257, "traffic_date": "2026-01-12", "traffic_dataset": "January 12th - Monday", "weight_id": "w_0142", "distance_weight": 0.2, "population_weight": 0.2, "traffic_weight": 0.3, "airspace_weight": 0.3, "path_nodes": 40, "path_node_ids": [2179, 2180, 2174, 2199, 2203, 2207, 2341, 2344, 2368, 2374, 2394, 2397, 2712, 2716, 2739, 2746, 2769, 2773, 3985, 3988, 3992, 3994, 4019, 4020, 4023, 4055, 4059, 4063, 4064, 5048, 5052, 5076, 5082, 5299, 5304, 5319, 5321, 5357, 5358, 5364], "elapsed_seconds": 0.02926929999375716, "status": "success", "failure_reason": "", "route_distance_km": 35.0695243590648, "distance_cost_sum": 38.596279476875054, "population_cost_sum": 23.651108783135093, "traffic_cost_sum": 17.839922019494136, "airspace_cost_sum": 33.8, "total_weighted_score": 27.941454257850268}, "geometry": {"type": "LineString", "coordinates": [[-90.15289905765549, 38.57128267769979], [-90.15845430205954, 38.57592253965332], [-90.16401026010618, 38.58056216167], [-90.16956693197352, 38.58520154361737], [-90.17512431783956, 38.5898406853631], [-90.18068241788241, 38.5944795867747], [-90.18624123228014, 38.59911824771971], [-90.19180076121087, 38.60375666806568], [-90.19736100485268, 38.60839484768009], [-90.20292196338367, 38.61303278643038], [-90.2084836369821, 38.617670484184025], [-90.21404602582597, 38.62230794080845], [-90.21960913009349, 38.62694515617101], [-90.22517294996291, 38.63158213013913], [-90.23073748561237, 38.63621886258013], [-90.23630273722006, 38.640855353361346], [-90.24186870496423, 38.645491602350084], [-90.24743538902311, 38.65012760941361], [-90.25300278957496, 38.654763374419176], [-90.25857090679797, 38.65939889723403], [-90.26413974087053, 38.66403417772537], [-90.26970929197084, 38.66866921576039], [-90.27527956027723, 38.67330401120623], [-90.28085054596801, 38.677938563930056], [-90.28642224922152, 38.68257287379895], [-90.29199467021606, 38.68720694068001], [-90.29756780913004, 38.69184076444029], [-90.3031416661418, 38.696474344946864], [-90.30888503852013, 38.69660675247757], [-90.31446001070607, 38.70123982903419], [-90.32003570136486, 38.70587266197814], [-90.32561211067481, 38.710505251176386], [-90.33118923881437, 38.715137596495865], [-90.3367670859619, 38.719769697803464], [-90.34234565229588, 38.724401554966114], [-90.34792493799469, 38.72903316785066], [-90.35350494323681, 38.73366453632395], [-90.35908566820065, 38.73829566025279], [-90.36466711306467, 38.742926539503976], [-90.37024927800739, 38.74755717394432]]}}, {"type": "Feature", "properties": {"route_run_id": "stl_st_louis_downtown_airport_to_st_louis_lambert_2026-01-12_0157", "route_pair": "st_louis_downtown_airport_to_st_louis_lambert", "route_pair_label": "St. Louis Downtown Airport to St. Louis Lambert", "origin_label": "St. Louis Downtown Airport", "destination_label": "St. Louis Lambert International Airport", "origin_lat": 38.5703611, "origin_lon": -90.1550833, "destination_lat": 38.7486982, "destination_lon": -90.3700257, "traffic_date": "2026-01-12", "traffic_dataset": "January 12th - Monday", "weight_id": "w_0157", "distance_weight": 0.2, "population_weight": 0.5, "traffic_weight": 0.0, "airspace_weight": 0.3, "path_nodes": 54, "path_node_ids": [2179, 2180, 2183, 2186, 2419, 2423, 2448, 2452, 2454, 2457, 2481, 2485, 2808, 2811, 2812, 2816, 2858, 2863, 2864, 2795, 2796, 3899, 3902, 3914, 3948, 3947, 3952, 3940, 3977, 3976, 3941, 4043, 4066, 4067, 4068, 4185, 4187, 4188, 4076, 4075, 4082, 4084, 5080, 5084, 5310, 5311, 5337, 5320, 5322, 5323, 5346, 5357, 5358, 5364], "elapsed_seconds": 0.03310749999945983, "status": "success", "failure_reason": "", "route_distance_km": 41.922986936307204, "distance_cost_sum": 46.13895825139281, "population_cost_sum": 9.018797265828733, "traffic_cost_sum": 40.88441455747947, "airspace_cost_sum": 44.2, "total_weighted_score": 26.997190283192932}, "geometry": {"type": "LineString", "coordinates": [[-90.15289905765549, 38.57128267769979], [-90.15845430205954, 38.57592253965332], [-90.15827684369297, 38.58042298981685], [-90.1580993457009, 38.58492343582021], [-90.15792180807382, 38.58942387766302], [-90.16347871828971, 38.59406355405304], [-90.1690363428032, 38.598702990254786], [-90.17459468179258, 38.60334218613583], [-90.18015373543601, 38.6079811415637], [-90.17997742923725, 38.612481651524796], [-90.17980108366437, 38.616982157334434], [-90.1796246987078, 38.62148265899229], [-90.179448274358, 38.625983156498016], [-90.17353434470424, 38.6303450755264], [-90.17335748369, 38.63484554254923], [-90.17318058317427, 38.63934600541629], [-90.17300364314747, 38.64384646412727], [-90.17856556137721, 38.64848558173427], [-90.17838890046788, 38.65298605432084], [-90.18395185376184, 38.657624948976824], [-90.18951552366053, 38.66226360251709], [-90.1950799103427, 38.666902014808954], [-90.200645013987, 38.67154018571967], [-90.20621083477218, 38.67617811511645], [-90.21177737287698, 38.68081580286656], [-90.21751905445252, 38.68095265114052], [-90.22308670781703, 38.685589837485246], [-90.22882882604138, 38.685726144608395], [-90.23439759481155, 38.69036282917826], [-90.24014014948251, 38.69049859495047], [-90.24605541323987, 38.68613337677085], [-90.2517976862147, 38.68626855773688], [-90.25736804511756, 38.69090420272148], [-90.26311075393669, 38.69103884211091], [-90.26868222818311, 38.695673984376505], [-90.27425442059507, 38.700308883813186], [-90.27999796237877, 38.700442721166475], [-90.28557127047641, 38.70507711728869], [-90.29148516021279, 38.700709550716724], [-90.297228816103, 38.700842542902386], [-90.30280331580018, 38.70547615766316], [-90.30837853409372, 38.710109528957155], [-90.31395447116216, 38.71474265665128], [-90.31378588266769, 38.71924359100243], [-90.31936286061908, 38.72387649197406], [-90.32494055786266, 38.72850914903958], [-90.330518974577, 38.7331415620659], [-90.33626541075455, 38.733272728767844], [-90.3420118843105, 38.73340361338185], [-90.34775839516463, 38.73353421590239], [-90.35333872308522, 38.73816560113835], [-90.35908566820065, 38.73829566025279], [-90.36466711306467, 38.742926539503976], [-90.37024927800739, 38.74755717394432]]}}, {"type": "Feature", "properties": {"route_run_id": "stl_st_louis_downtown_airport_to_st_louis_lambert_2026-01-12_0186", "route_pair": "st_louis_downtown_airport_to_st_louis_lambert", "route_pair_label": "St. Louis Downtown Airport to St. Louis Lambert", "origin_label": "St. Louis Downtown Airport", "destination_label": "St. Louis Lambert International Airport", "origin_lat": 38.5703611, "origin_lon": -90.1550833, "destination_lat": 38.7486982, "destination_lon": -90.3700257, "traffic_date": "2026-01-12", "traffic_dataset": "January 12th - Monday", "weight_id": "w_0186", "distance_weight": 0.3, "population_weight": 0.2, "traffic_weight": 0.3, "airspace_weight": 0.2, "path_nodes": 40, "path_node_ids": [2179, 2180, 2174, 2199, 2203, 2207, 2341, 2344, 2368, 2374, 2394, 2397, 2712, 2716, 2739, 2746, 2769, 2773, 3985, 3988, 3992, 3994, 4019, 4020, 4023, 4055, 4059, 4063, 4064, 5048, 5052, 5076, 5082, 5299, 5304, 5319, 5321, 5357, 5358, 5364], "elapsed_seconds": 0.016443600005004555, "status": "success", "failure_reason": "", "route_distance_km": 35.0695243590648, "distance_cost_sum": 38.596279476875054, "population_cost_sum": 23.651108783135093, "traffic_cost_sum": 17.839922019494136, "airspace_cost_sum": 33.8, "total_weighted_score": 28.421082205537772}, "geometry": {"type": "LineString", "coordinates": [[-90.15289905765549, 38.57128267769979], [-90.15845430205954, 38.57592253965332], [-90.16401026010618, 38.58056216167], [-90.16956693197352, 38.58520154361737], [-90.17512431783956, 38.5898406853631], [-90.18068241788241, 38.5944795867747], [-90.18624123228014, 38.59911824771971], [-90.19180076121087, 38.60375666806568], [-90.19736100485268, 38.60839484768009], [-90.20292196338367, 38.61303278643038], [-90.2084836369821, 38.617670484184025], [-90.21404602582597, 38.62230794080845], [-90.21960913009349, 38.62694515617101], [-90.22517294996291, 38.63158213013913], [-90.23073748561237, 38.63621886258013], [-90.23630273722006, 38.640855353361346], [-90.24186870496423, 38.645491602350084], [-90.24743538902311, 38.65012760941361], [-90.25300278957496, 38.654763374419176], [-90.25857090679797, 38.65939889723403], [-90.26413974087053, 38.66403417772537], [-90.26970929197084, 38.66866921576039], [-90.27527956027723, 38.67330401120623], [-90.28085054596801, 38.677938563930056], [-90.28642224922152, 38.68257287379895], [-90.29199467021606, 38.68720694068001], [-90.29756780913004, 38.69184076444029], [-90.3031416661418, 38.696474344946864], [-90.30888503852013, 38.69660675247757], [-90.31446001070607, 38.70123982903419], [-90.32003570136486, 38.70587266197814], [-90.32561211067481, 38.710505251176386], [-90.33118923881437, 38.715137596495865], [-90.3367670859619, 38.719769697803464], [-90.34234565229588, 38.724401554966114], [-90.34792493799469, 38.72903316785066], [-90.35350494323681, 38.73366453632395], [-90.35908566820065, 38.73829566025279], [-90.36466711306467, 38.742926539503976], [-90.37024927800739, 38.74755717394432]]}}, {"type": "Feature", "properties": {"route_run_id": "stl_st_louis_downtown_airport_to_st_louis_lambert_2026-01-12_0135", "route_pair": "st_louis_downtown_airport_to_st_louis_lambert", "route_pair_label": "St. Louis Downtown Airport to St. Louis Lambert", "origin_label": "St. Louis Downtown Airport", "destination_label": "St. Louis Lambert International Airport", "origin_lat": 38.5703611, "origin_lon": -90.1550833, "destination_lat": 38.7486982, "destination_lon": -90.3700257, "traffic_date": "2026-01-12", "traffic_dataset": "January 12th - Monday", "weight_id": "w_0135", "distance_weight": 0.2, "population_weight": 0.1, "traffic_weight": 0.4, "airspace_weight": 0.3, "path_nodes": 40, "path_node_ids": [2179, 2180, 2174, 2199, 2203, 2207, 2341, 2344, 2368, 2374, 2394, 2397, 2712, 2716, 2739, 2746, 2769, 2773, 3985, 3988, 3992, 3994, 4019, 4017, 4022, 4029, 4034, 4060, 4064, 5048, 5052, 5076, 5082, 5299, 5304, 5319, 5321, 5357, 5358, 5364], "elapsed_seconds": 0.02820390000124462, "status": "success", "failure_reason": "", "route_distance_km": 35.06932923764436, "distance_cost_sum": 38.59606473313351, "population_cost_sum": 24.787572976016946, "traffic_cost_sum": 17.839922019494136, "airspace_cost_sum": 33.4, "total_weighted_score": 27.353939052026057}, "geometry": {"type": "LineString", "coordinates": [[-90.15289905765549, 38.57128267769979], [-90.15845430205954, 38.57592253965332], [-90.16401026010618, 38.58056216167], [-90.16956693197352, 38.58520154361737], [-90.17512431783956, 38.5898406853631], [-90.18068241788241, 38.5944795867747], [-90.18624123228014, 38.59911824771971], [-90.19180076121087, 38.60375666806568], [-90.19736100485268, 38.60839484768009], [-90.20292196338367, 38.61303278643038], [-90.2084836369821, 38.617670484184025], [-90.21404602582597, 38.62230794080845], [-90.21960913009349, 38.62694515617101], [-90.22517294996291, 38.63158213013913], [-90.23073748561237, 38.63621886258013], [-90.23630273722006, 38.640855353361346], [-90.24186870496423, 38.645491602350084], [-90.24743538902311, 38.65012760941361], [-90.25300278957496, 38.654763374419176], [-90.25857090679797, 38.65939889723403], [-90.26413974087053, 38.66403417772537], [-90.26970929197084, 38.66866921576039], [-90.27527956027723, 38.67330401120623], [-90.28102094844074, 38.67343772015905], [-90.28659233093768, 38.67807201278429], [-90.29216443101578, 38.68270606246168], [-90.29773724885335, 38.68733986905835], [-90.30331078462868, 38.69197343244128], [-90.30888503852013, 38.69660675247757], [-90.31446001070607, 38.70123982903419], [-90.32003570136486, 38.70587266197814], [-90.32561211067481, 38.710505251176386], [-90.33118923881437, 38.715137596495865], [-90.3367670859619, 38.719769697803464], [-90.34234565229588, 38.724401554966114], [-90.34792493799469, 38.72903316785066], [-90.35350494323681, 38.73366453632395], [-90.35908566820065, 38.73829566025279], [-90.36466711306467, 38.742926539503976], [-90.37024927800739, 38.74755717394432]]}}, {"type": "Feature", "properties": {"route_run_id": "stl_st_louis_downtown_airport_to_st_louis_lambert_2026-01-12_0004", "route_pair": "st_louis_downtown_airport_to_st_louis_lambert", "route_pair_label": "St. Louis Downtown Airport to St. Louis Lambert", "origin_label": "St. Louis Downtown Airport", "destination_label": "St. Louis Lambert International Airport", "origin_lat": 38.5703611, "origin_lon": -90.1550833, "destination_lat": 38.7486982, "destination_lon": -90.3700257, "traffic_date": "2026-01-12", "traffic_dataset": "January 12th - Monday", "weight_id": "w_0004", "distance_weight": 0.0, "population_weight": 0.0, "traffic_weight": 0.3, "airspace_weight": 0.7, "path_nodes": 40, "path_node_ids": [2179, 2180, 2174, 2199, 2203, 2207, 2341, 2344, 2368, 2374, 2394, 2397, 2712, 2716, 2739, 2746, 2769, 2773, 3985, 3988, 3992, 3990, 4016, 4017, 4022, 4029, 4034, 4060, 4064, 5048, 5052, 5076, 5082, 5299, 5304, 5319, 5321, 5357, 5358, 5364], "elapsed_seconds": 0.044406100001651794, "status": "success", "failure_reason": "", "route_distance_km": 35.06925127294606, "distance_cost_sum": 38.59597892794111, "population_cost_sum": 25.05959051055676, "traffic_cost_sum": 17.839922019494136, "airspace_cost_sum": 33.4, "total_weighted_score": 28.731976605848242}, "geometry": {"type": "LineString", "coordinates": [[-90.15289905765549, 38.57128267769979], [-90.15845430205954, 38.57592253965332], [-90.16401026010618, 38.58056216167], [-90.16956693197352, 38.58520154361737], [-90.17512431783956, 38.5898406853631], [-90.18068241788241, 38.5944795867747], [-90.18624123228014, 38.59911824771971], [-90.19180076121087, 38.60375666806568], [-90.19736100485268, 38.60839484768009], [-90.20292196338367, 38.61303278643038], [-90.2084836369821, 38.617670484184025], [-90.21404602582597, 38.62230794080845], [-90.21960913009349, 38.62694515617101], [-90.22517294996291, 38.63158213013913], [-90.23073748561237, 38.63621886258013], [-90.23630273722006, 38.640855353361346], [-90.24186870496423, 38.645491602350084], [-90.24743538902311, 38.65012760941361], [-90.25300278957496, 38.654763374419176], [-90.25857090679797, 38.65939889723403], [-90.26413974087053, 38.66403417772537], [-90.26988033547711, 38.664168406596616], [-90.27545028334664, 38.66880318471887], [-90.28102094844074, 38.67343772015905], [-90.28659233093768, 38.67807201278429], [-90.29216443101578, 38.68270606246168], [-90.29773724885335, 38.68733986905835], [-90.30331078462868, 38.69197343244128], [-90.30888503852013, 38.69660675247757], [-90.31446001070607, 38.70123982903419], [-90.32003570136486, 38.70587266197814], [-90.32561211067481, 38.710505251176386], [-90.33118923881437, 38.715137596495865], [-90.3367670859619, 38.719769697803464], [-90.34234565229588, 38.724401554966114], [-90.34792493799469, 38.72903316785066], [-90.35350494323681, 38.73366453632395], [-90.35908566820065, 38.73829566025279], [-90.36466711306467, 38.742926539503976], [-90.37024927800739, 38.74755717394432]]}}, {"type": "Feature", "properties": {"route_run_id": "stl_st_louis_downtown_airport_to_st_louis_lambert_2026-01-12_0231", "route_pair": "st_louis_downtown_airport_to_st_louis_lambert", "route_pair_label": "St. Louis Downtown Airport to St. Louis Lambert", "origin_label": "St. Louis Downtown Airport", "destination_label": "St. Louis Lambert International Airport", "origin_lat": 38.5703611, "origin_lon": -90.1550833, "destination_lat": 38.7486982, "destination_lon": -90.3700257, "traffic_date": "2026-01-12", "traffic_dataset": "January 12th - Monday", "weight_id": "w_0231", "distance_weight": 0.4, "population_weight": 0.6, "traffic_weight": 0.0, "airspace_weight": 0.0, "path_nodes": 55, "path_node_ids": [2179, 2180, 2183, 2186, 2419, 2423, 2448, 2452, 2455, 2478, 2482, 2483, 2487, 2811, 2812, 2816, 2858, 2863, 2864, 2889, 3896, 3898, 3901, 3927, 3946, 3949, 3953, 3966, 3944, 3977, 3976, 3941, 4043, 4066, 4067, 4068, 4185, 4187, 4188, 4076, 4075, 4082, 4084, 5080, 5084, 5310, 5311, 5337, 5320, 5322, 5323, 5346, 5357, 5358, 5364], "elapsed_seconds": 0.009124000003794208, "status": "success", "failure_reason": "", "route_distance_km": 41.77074742931658, "distance_cost_sum": 45.971408828735385, "population_cost_sum": 8.67777235752909, "traffic_cost_sum": 41.35893898884012, "airspace_cost_sum": 45.2, "total_weighted_score": 23.595226946011607}, "geometry": {"type": "LineString", "coordinates": [[-90.15289905765549, 38.57128267769979], [-90.15845430205954, 38.57592253965332], [-90.15827684369297, 38.58042298981685], [-90.1580993457009, 38.58492343582021], [-90.15792180807382, 38.58942387766302], [-90.16347871828971, 38.59406355405304], [-90.1690363428032, 38.598702990254786], [-90.17459468179258, 38.60334218613583], [-90.17441805758689, 38.60784267808668], [-90.174241393937, 38.61234316588366], [-90.17406469083332, 38.61684364952644], [-90.17388794826633, 38.621344129014695], [-90.17371116622648, 38.62584460434813], [-90.17353434470424, 38.6303450755264], [-90.17335748369, 38.63484554254923], [-90.17318058317427, 38.63934600541629], [-90.17300364314747, 38.64384646412727], [-90.17856556137721, 38.64848558173427], [-90.17838890046788, 38.65298605432084], [-90.17821220009857, 38.65748652275311], [-90.18377547226044, 38.66212543540375], [-90.18933946118675, 38.666764106898924], [-90.19490416705614, 38.67140253710589], [-90.20046959004746, 38.676040725891895], [-90.20603573033937, 38.68067867312418], [-90.21160258811075, 38.68531637866994], [-90.2171701635404, 38.68995384239636], [-90.2229126017605, 38.690090452895454], [-90.22865507887754, 38.69022678182468], [-90.23439759481155, 38.69036282917826], [-90.24014014948251, 38.69049859495047], [-90.24605541323987, 38.68613337677085], [-90.2517976862147, 38.68626855773688], [-90.25736804511756, 38.69090420272148], [-90.26311075393669, 38.69103884211091], [-90.26868222818311, 38.695673984376505], [-90.27425442059507, 38.700308883813186], [-90.27999796237877, 38.700442721166475], [-90.28557127047641, 38.70507711728869], [-90.29148516021279, 38.700709550716724], [-90.297228816103, 38.700842542902386], [-90.30280331580018, 38.70547615766316], [-90.30837853409372, 38.710109528957155], [-90.31395447116216, 38.71474265665128], [-90.31378588266769, 38.71924359100243], [-90.31936286061908, 38.72387649197406], [-90.32494055786266, 38.72850914903958], [-90.330518974577, 38.7331415620659], [-90.33626541075455, 38.733272728767844], [-90.3420118843105, 38.73340361338185], [-90.34775839516463, 38.73353421590239], [-90.35333872308522, 38.73816560113835], [-90.35908566820065, 38.73829566025279], [-90.36466711306467, 38.742926539503976], [-90.37024927800739, 38.74755717394432]]}}, {"type": "Feature", "properties": {"route_run_id": "stl_st_louis_downtown_airport_to_st_louis_lambert_2026-01-12_0253", "route_pair": "st_louis_downtown_airport_to_st_louis_lambert", "route_pair_label": "St. Louis Downtown Airport to St. Louis Lambert", "origin_label": "St. Louis Downtown Airport", "destination_label": "St. Louis Lambert International Airport", "origin_lat": 38.5703611, "origin_lon": -90.1550833, "destination_lat": 38.7486982, "destination_lon": -90.3700257, "traffic_date": "2026-01-12", "traffic_dataset": "January 12th - Monday", "weight_id": "w_0253", "distance_weight": 0.6, "population_weight": 0.0, "traffic_weight": 0.0, "airspace_weight": 0.4, "path_nodes": 40, "path_node_ids": [2179, 2147, 2172, 2176, 2200, 2204, 2317, 2340, 2346, 2371, 2391, 2395, 2708, 2713, 2738, 2741, 2745, 2747, 2684, 2687, 3987, 3990, 4016, 4017, 4022, 4029, 4034, 4060, 4064, 5048, 5052, 5076, 5082, 5299, 5304, 5319, 5321, 5357, 5358, 5364], "elapsed_seconds": 0.008266199991339818, "status": "success", "failure_reason": "", "route_distance_km": 35.06847425714207, "distance_cost_sum": 38.5951237717998, "population_cost_sum": 26.02381511715049, "traffic_cost_sum": 20.11965029009705, "airspace_cost_sum": 33.4, "total_weighted_score": 36.51707426307988}, "geometry": {"type": "LineString", "coordinates": [[-90.15289905765549, 38.57128267769979], [-90.15863172081019, 38.571422085329914], [-90.16418736160693, 38.57606168922697], [-90.16974371606538, 38.58070105309441], [-90.17530078436367, 38.58534017679984], [-90.1808585666797, 38.58997906021084], [-90.18641706319154, 38.594617703194956], [-90.1919762740773, 38.599256105619745], [-90.19753619951499, 38.60389426735269], [-90.20309683968271, 38.60853218826128], [-90.20865819475857, 38.61316986821297], [-90.21422026492066, 38.617807307075225], [-90.21978305034705, 38.62244450471542], [-90.22534655121595, 38.62708146100096], [-90.2309107677055, 38.63171817579922], [-90.2364756999938, 38.63635464897752], [-90.2420413482591, 38.64099088040321], [-90.24760771267954, 38.645626869943555], [-90.25317479343335, 38.65026261746583], [-90.25874259069872, 38.654898122837295], [-90.26431110465388, 38.659533385925144], [-90.26988033547711, 38.664168406596616], [-90.27545028334664, 38.66880318471887], [-90.28102094844074, 38.67343772015905], [-90.28659233093768, 38.67807201278429], [-90.29216443101578, 38.68270606246168], [-90.29773724885335, 38.68733986905835], [-90.30331078462868, 38.69197343244128], [-90.30888503852013, 38.69660675247757], [-90.31446001070607, 38.70123982903419], [-90.32003570136486, 38.70587266197814], [-90.32561211067481, 38.710505251176386], [-90.33118923881437, 38.715137596495865], [-90.3367670859619, 38.719769697803464], [-90.34234565229588, 38.724401554966114], [-90.34792493799469, 38.72903316785066], [-90.35350494323681, 38.73366453632395], [-90.35908566820065, 38.73829566025279], [-90.36466711306467, 38.742926539503976], [-90.37024927800739, 38.74755717394432]]}}, {"type": "Feature", "properties": {"route_run_id": "stl_st_louis_downtown_airport_to_st_louis_lambert_2026-01-12_0239", "route_pair": "st_louis_downtown_airport_to_st_louis_lambert", "route_pair_label": "St. Louis Downtown Airport to St. Louis Lambert", "origin_label": "St. Louis Downtown Airport", "destination_label": "St. Louis Lambert International Airport", "origin_lat": 38.5703611, "origin_lon": -90.1550833, "destination_lat": 38.7486982, "destination_lon": -90.3700257, "traffic_date": "2026-01-12", "traffic_dataset": "January 12th - Monday", "weight_id": "w_0239", "distance_weight": 0.5, "population_weight": 0.1, "traffic_weight": 0.1, "airspace_weight": 0.3, "path_nodes": 40, "path_node_ids": [2179, 2180, 2174, 2199, 2203, 2207, 2341, 2344, 2368, 2374, 2394, 2397, 2712, 2716, 2739, 2746, 2769, 2773, 3985, 3988, 3992, 3994, 4019, 4017, 4022, 4029, 4034, 4060, 4064, 5048, 5052, 5076, 5082, 5299, 5304, 5319, 5321, 5357, 5358, 5364], "elapsed_seconds": 0.009706899989396334, "status": "success", "failure_reason": "", "route_distance_km": 35.06932923764436, "distance_cost_sum": 38.59606473313351, "population_cost_sum": 24.787572976016946, "traffic_cost_sum": 17.839922019494136, "airspace_cost_sum": 33.4, "total_weighted_score": 33.58078186611787}, "geometry": {"type": "LineString", "coordinates": [[-90.15289905765549, 38.57128267769979], [-90.15845430205954, 38.57592253965332], [-90.16401026010618, 38.58056216167], [-90.16956693197352, 38.58520154361737], [-90.17512431783956, 38.5898406853631], [-90.18068241788241, 38.5944795867747], [-90.18624123228014, 38.59911824771971], [-90.19180076121087, 38.60375666806568], [-90.19736100485268, 38.60839484768009], [-90.20292196338367, 38.61303278643038], [-90.2084836369821, 38.617670484184025], [-90.21404602582597, 38.62230794080845], [-90.21960913009349, 38.62694515617101], [-90.22517294996291, 38.63158213013913], [-90.23073748561237, 38.63621886258013], [-90.23630273722006, 38.640855353361346], [-90.24186870496423, 38.645491602350084], [-90.24743538902311, 38.65012760941361], [-90.25300278957496, 38.654763374419176], [-90.25857090679797, 38.65939889723403], [-90.26413974087053, 38.66403417772537], [-90.26970929197084, 38.66866921576039], [-90.27527956027723, 38.67330401120623], [-90.28102094844074, 38.67343772015905], [-90.28659233093768, 38.67807201278429], [-90.29216443101578, 38.68270606246168], [-90.29773724885335, 38.68733986905835], [-90.30331078462868, 38.69197343244128], [-90.30888503852013, 38.69660675247757], [-90.31446001070607, 38.70123982903419], [-90.32003570136486, 38.70587266197814], [-90.32561211067481, 38.710505251176386], [-90.33118923881437, 38.715137596495865], [-90.3367670859619, 38.719769697803464], [-90.34234565229588, 38.724401554966114], [-90.34792493799469, 38.72903316785066], [-90.35350494323681, 38.73366453632395], [-90.35908566820065, 38.73829566025279], [-90.36466711306467, 38.742926539503976], [-90.37024927800739, 38.74755717394432]]}}, {"type": "Feature", "properties": {"route_run_id": "stl_st_louis_downtown_airport_to_st_louis_lambert_2026-01-12_0271", "route_pair": "st_louis_downtown_airport_to_st_louis_lambert", "route_pair_label": "St. Louis Downtown Airport to St. Louis Lambert", "origin_label": "St. Louis Downtown Airport", "destination_label": "St. Louis Lambert International Airport", "origin_lat": 38.5703611, "origin_lon": -90.1550833, "destination_lat": 38.7486982, "destination_lon": -90.3700257, "traffic_date": "2026-01-12", "traffic_dataset": "January 12th - Monday", "weight_id": "w_0271", "distance_weight": 0.7, "population_weight": 0.0, "traffic_weight": 0.3, "airspace_weight": 0.0, "path_nodes": 41, "path_node_ids": [2179, 2147, 2157, 2170, 2175, 2201, 2313, 2316, 2342, 2347, 2366, 2389, 2392, 2396, 2724, 2727, 2742, 2743, 2681, 2682, 2685, 3986, 2706, 4015, 4018, 4025, 4030, 4033, 4057, 5034, 5048, 5052, 5076, 5082, 5299, 5304, 5319, 5321, 5357, 5358, 5364], "elapsed_seconds": 0.0038717999996151775, "status": "success", "failure_reason": "", "route_distance_km": 35.442761467224926, "distance_cost_sum": 39.007051051367924, "population_cost_sum": 26.531848450983347, "traffic_cost_sum": 16.78312655842246, "airspace_cost_sum": 34.8, "total_weighted_score": 32.33987370348429}, "geometry": {"type": "LineString", "coordinates": [[-90.15289905765549, 38.57128267769979], [-90.15863172081019, 38.571422085329914], [-90.16436442357126, 38.57156121262679], [-90.16992046069078, 38.5762005584167], [-90.17547721149117, 38.58083966408426], [-90.1810346761504, 38.585478529497074], [-90.18659285484642, 38.5901171545227], [-90.19215174775724, 38.5947555390287], [-90.19771135506093, 38.5993936828826], [-90.2032716769355, 38.60403158595187], [-90.208832713559, 38.60866924810401], [-90.21439446510948, 38.61330666920645], [-90.21995693176504, 38.61794384912666], [-90.22552011370372, 38.622580787732026], [-90.23108401110366, 38.627217484889904], [-90.23664862414297, 38.63185394046768], [-90.24221395299979, 38.63649015433267], [-90.24777999785228, 38.641126126352205], [-90.25334675887852, 38.64576185639355], [-90.25891423625677, 38.65039734432395], [-90.26448243016516, 38.6550325900107], [-90.27005134078189, 38.65966759332096], [-90.27562096828521, 38.66430235412195], [-90.28119131285328, 38.668936872280845], [-90.28676237466442, 38.67357114766479], [-90.29233415389683, 38.67820518014085], [-90.29790665072878, 38.68283896957616], [-90.30347986533855, 38.68747251583781], [-90.3090537979044, 38.692105818792854], [-90.31462844860471, 38.69673887830826], [-90.31446001070607, 38.70123982903419], [-90.32003570136486, 38.70587266197814], [-90.32561211067481, 38.710505251176386], [-90.33118923881437, 38.715137596495865], [-90.3367670859619, 38.719769697803464], [-90.34234565229588, 38.724401554966114], [-90.34792493799469, 38.72903316785066], [-90.35350494323681, 38.73366453632395], [-90.35908566820065, 38.73829566025279], [-90.36466711306467, 38.742926539503976], [-90.37024927800739, 38.74755717394432]]}}, {"type": "Feature", "properties": {"route_run_id": "stl_st_louis_downtown_airport_to_st_louis_lambert_2026-01-12_0105", "route_pair": "st_louis_downtown_airport_to_st_louis_lambert", "route_pair_label": "St. Louis Downtown Airport to St. Louis Lambert", "origin_label": "St. Louis Downtown Airport", "destination_label": "St. Louis Lambert International Airport", "origin_lat": 38.5703611, "origin_lon": -90.1550833, "destination_lat": 38.7486982, "destination_lon": -90.3700257, "traffic_date": "2026-01-12", "traffic_dataset": "January 12th - Monday", "weight_id": "w_0105", "distance_weight": 0.1, "population_weight": 0.4, "traffic_weight": 0.4, "airspace_weight": 0.1, "path_nodes": 46, "path_node_ids": [2179, 2147, 2157, 2170, 2175, 2201, 2313, 2316, 2342, 2347, 2366, 2389, 2392, 2396, 2720, 2721, 2726, 2740, 2678, 2680, 2683, 2686, 2703, 2705, 2707, 4004, 4027, 4030, 4034, 4059, 4063, 4077, 4082, 4084, 5080, 5084, 5310, 5311, 5337, 5320, 5322, 5323, 5346, 5357, 5358, 5364], "elapsed_seconds": 0.04877180000767112, "status": "success", "failure_reason": "", "route_distance_km": 37.3201517314027, "distance_cost_sum": 41.0732404465098, "population_cost_sum": 16.739615401835493, "traffic_cost_sum": 22.20977180107409, "airspace_cost_sum": 39.4, "total_weighted_score": 23.627078925814818}, "geometry": {"type": "LineString", "coordinates": [[-90.15289905765549, 38.57128267769979], [-90.15863172081019, 38.571422085329914], [-90.16436442357126, 38.57156121262679], [-90.16992046069078, 38.5762005584167], [-90.17547721149117, 38.58083966408426], [-90.1810346761504, 38.585478529497074], [-90.18659285484642, 38.5901171545227], [-90.19215174775724, 38.5947555390287], [-90.19771135506093, 38.5993936828826], [-90.2032716769355, 38.60403158595187], [-90.208832713559, 38.60866924810401], [-90.21439446510948, 38.61330666920645], [-90.21995693176504, 38.61794384912666], [-90.22552011370372, 38.622580787732026], [-90.23125721581627, 38.622716789852504], [-90.23682150967697, 38.62735322783211], [-90.24238651919569, 38.63198942413879], [-90.24795224455062, 38.63662537863984], [-90.2535186859198, 38.64126109120261], [-90.25908584348143, 38.64589656169434], [-90.26465371741357, 38.6505317899823], [-90.27022230789443, 38.65516677593373], [-90.27579161510215, 38.65980151941581], [-90.28136163921492, 38.66443602029574], [-90.28693238041095, 38.66907027844067], [-90.29250383886837, 38.67370429371775], [-90.29807601476547, 38.67833806599408], [-90.29790665072878, 38.68283896957616], [-90.29773724885335, 38.68733986905835], [-90.29756780913004, 38.69184076444029], [-90.3031416661418, 38.696474344946864], [-90.30297250986867, 38.70097525335427], [-90.30280331580018, 38.70547615766316], [-90.30837853409372, 38.710109528957155], [-90.31395447116216, 38.71474265665128], [-90.31378588266769, 38.71924359100243], [-90.31936286061908, 38.72387649197406], [-90.32494055786266, 38.72850914903958], [-90.330518974577, 38.7331415620659], [-90.33626541075455, 38.733272728767844], [-90.3420118843105, 38.73340361338185], [-90.34775839516463, 38.73353421590239], [-90.35333872308522, 38.73816560113835], [-90.35908566820065, 38.73829566025279], [-90.36466711306467, 38.742926539503976], [-90.37024927800739, 38.74755717394432]]}}, {"type": "Feature", "properties": {"route_run_id": "stl_st_louis_downtown_airport_to_st_louis_lambert_2026-01-12_0006", "route_pair": "st_louis_downtown_airport_to_st_louis_lambert", "route_pair_label": "St. Louis Downtown Airport to St. Louis Lambert", "origin_label": "St. Louis Downtown Airport", "destination_label": "St. Louis Lambert International Airport", "origin_lat": 38.5703611, "origin_lon": -90.1550833, "destination_lat": 38.7486982, "destination_lon": -90.3700257, "traffic_date": "2026-01-12", "traffic_dataset": "January 12th - Monday", "weight_id": "w_0006", "distance_weight": 0.0, "population_weight": 0.0, "traffic_weight": 0.5, "airspace_weight": 0.5, "path_nodes": 41, "path_node_ids": [2179, 2180, 2174, 2199, 2203, 2207, 2341, 2344, 2368, 2374, 2394, 2397, 2712, 2716, 2739, 2746, 2769, 2773, 2681, 2682, 2685, 3986, 2706, 4016, 4017, 4022, 4029, 4034, 4060, 4064, 5048, 5052, 5076, 5082, 5299, 5304, 5319, 5321, 5357, 5358, 5364], "elapsed_seconds": 0.04468930000439286, "status": "success", "failure_reason": "", "route_distance_km": 35.97736296328002, "distance_cost_sum": 39.59541457005262, "population_cost_sum": 26.61136132378821, "traffic_cost_sum": 17.010027654826366, "airspace_cost_sum": 34.0, "total_weighted_score": 25.505013827413183}, "geometry": {"type": "LineString", "coordinates": [[-90.15289905765549, 38.57128267769979], [-90.15845430205954, 38.57592253965332], [-90.16401026010618, 38.58056216167], [-90.16956693197352, 38.58520154361737], [-90.17512431783956, 38.5898406853631], [-90.18068241788241, 38.5944795867747], [-90.18624123228014, 38.59911824771971], [-90.19180076121087, 38.60375666806568], [-90.19736100485268, 38.60839484768009], [-90.20292196338367, 38.61303278643038], [-90.2084836369821, 38.617670484184025], [-90.21404602582597, 38.62230794080845], [-90.21960913009349, 38.62694515617101], [-90.22517294996291, 38.63158213013913], [-90.23073748561237, 38.63621886258013], [-90.23630273722006, 38.640855353361346], [-90.24186870496423, 38.645491602350084], [-90.24743538902311, 38.65012760941361], [-90.25334675887852, 38.64576185639355], [-90.25891423625677, 38.65039734432395], [-90.26448243016516, 38.6550325900107], [-90.27005134078189, 38.65966759332096], [-90.27562096828521, 38.66430235412195], [-90.27545028334664, 38.66880318471887], [-90.28102094844074, 38.67343772015905], [-90.28659233093768, 38.67807201278429], [-90.29216443101578, 38.68270606246168], [-90.29773724885335, 38.68733986905835], [-90.30331078462868, 38.69197343244128], [-90.30888503852013, 38.69660675247757], [-90.31446001070607, 38.70123982903419], [-90.32003570136486, 38.70587266197814], [-90.32561211067481, 38.710505251176386], [-90.33118923881437, 38.715137596495865], [-90.3367670859619, 38.719769697803464], [-90.34234565229588, 38.724401554966114], [-90.34792493799469, 38.72903316785066], [-90.35350494323681, 38.73366453632395], [-90.35908566820065, 38.73829566025279], [-90.36466711306467, 38.742926539503976], [-90.37024927800739, 38.74755717394432]]}}, {"type": "Feature", "properties": {"route_run_id": "stl_st_louis_downtown_airport_to_st_louis_lambert_2026-01-12_0020", "route_pair": "st_louis_downtown_airport_to_st_louis_lambert", "route_pair_label": "St. Louis Downtown Airport to St. Louis Lambert", "origin_label": "St. Louis Downtown Airport", "destination_label": "St. Louis Lambert International Airport", "origin_lat": 38.5703611, "origin_lon": -90.1550833, "destination_lat": 38.7486982, "destination_lon": -90.3700257, "traffic_date": "2026-01-12", "traffic_dataset": "January 12th - Monday", "weight_id": "w_0020", "distance_weight": 0.0, "population_weight": 0.1, "traffic_weight": 0.8, "airspace_weight": 0.1, "path_nodes": 43, "path_node_ids": [2179, 2180, 2157, 2170, 2175, 2201, 2313, 2316, 2342, 2347, 2366, 2389, 2392, 2396, 2720, 2721, 2726, 2740, 2678, 2680, 2682, 2685, 3986, 2706, 2705, 2707, 4004, 4027, 4032, 4056, 5030, 5033, 5049, 5054, 5071, 5296, 5301, 5302, 5328, 5321, 5357, 5358, 5364], "elapsed_seconds": 0.04711530002532527, "status": "success", "failure_reason": "", "route_distance_km": 37.25382396887552, "distance_cost_sum": 41.0002424544822, "population_cost_sum": 26.302740627536615, "traffic_cost_sum": 15.9460137277285, "airspace_cost_sum": 36.00000000000001, "total_weighted_score": 18.987085044936464}, "geometry": {"type": "LineString", "coordinates": [[-90.15289905765549, 38.57128267769979], [-90.15845430205954, 38.57592253965332], [-90.16436442357126, 38.57156121262679], [-90.16992046069078, 38.5762005584167], [-90.17547721149117, 38.58083966408426], [-90.1810346761504, 38.585478529497074], [-90.18659285484642, 38.5901171545227], [-90.19215174775724, 38.5947555390287], [-90.19771135506093, 38.5993936828826], [-90.2032716769355, 38.60403158595187], [-90.208832713559, 38.60866924810401], [-90.21439446510948, 38.61330666920645], [-90.21995693176504, 38.61794384912666], [-90.22552011370372, 38.622580787732026], [-90.23125721581627, 38.622716789852504], [-90.23682150967697, 38.62735322783211], [-90.24238651919569, 38.63198942413879], [-90.24795224455062, 38.63662537863984], [-90.2535186859198, 38.64126109120261], [-90.25908584348143, 38.64589656169434], [-90.25891423625677, 38.65039734432395], [-90.26448243016516, 38.6550325900107], [-90.27005134078189, 38.65966759332096], [-90.27562096828521, 38.66430235412195], [-90.28136163921492, 38.66443602029574], [-90.28693238041095, 38.66907027844067], [-90.29250383886837, 38.67370429371775], [-90.29807601476547, 38.67833806599408], [-90.30364890828046, 38.682971595136756], [-90.30922251959161, 38.68760488101284], [-90.31479684887715, 38.692237923489365], [-90.3203718963154, 38.69687072243334], [-90.32594766208454, 38.701503277711794], [-90.33152414636298, 38.70613558919165], [-90.33710134932893, 38.7107676567399], [-90.34267927116085, 38.715399480223425], [-90.34825791203694, 38.72003105950914], [-90.35383727213564, 38.72466239446393], [-90.35941735163529, 38.72929348495463], [-90.35350494323681, 38.73366453632395], [-90.35908566820065, 38.73829566025279], [-90.36466711306467, 38.742926539503976], [-90.37024927800739, 38.74755717394432]]}}, {"type": "Feature", "properties": {"route_run_id": "stl_st_louis_downtown_airport_to_st_louis_lambert_2026-01-12_0024", "route_pair": "st_louis_downtown_airport_to_st_louis_lambert", "route_pair_label": "St. Louis Downtown Airport to St. Louis Lambert", "origin_label": "St. Louis Downtown Airport", "destination_label": "St. Louis Lambert International Airport", "origin_lat": 38.5703611, "origin_lon": -90.1550833, "destination_lat": 38.7486982, "destination_lon": -90.3700257, "traffic_date": "2026-01-12", "traffic_dataset": "January 12th - Monday", "weight_id": "w_0024", "distance_weight": 0.0, "population_weight": 0.2, "traffic_weight": 0.2, "airspace_weight": 0.6, "path_nodes": 40, "path_node_ids": [2179, 2180, 2174, 2199, 2203, 2207, 2341, 2344, 2368, 2374, 2394, 2397, 2712, 2716, 2739, 2746, 2769, 2773, 3985, 3988, 3992, 3994, 4019, 4017, 4022, 4029, 4034, 4060, 4064, 5048, 5052, 5076, 5082, 5299, 5304, 5319, 5321, 5357, 5358, 5364], "elapsed_seconds": 0.04492720001144335, "status": "success", "failure_reason": "", "route_distance_km": 35.06932923764436, "distance_cost_sum": 38.59606473313351, "population_cost_sum": 24.787572976016946, "traffic_cost_sum": 17.839922019494136, "airspace_cost_sum": 33.4, "total_weighted_score": 28.565498999102218}, "geometry": {"type": "LineString", "coordinates": [[-90.15289905765549, 38.57128267769979], [-90.15845430205954, 38.57592253965332], [-90.16401026010618, 38.58056216167], [-90.16956693197352, 38.58520154361737], [-90.17512431783956, 38.5898406853631], [-90.18068241788241, 38.5944795867747], [-90.18624123228014, 38.59911824771971], [-90.19180076121087, 38.60375666806568], [-90.19736100485268, 38.60839484768009], [-90.20292196338367, 38.61303278643038], [-90.2084836369821, 38.617670484184025], [-90.21404602582597, 38.62230794080845], [-90.21960913009349, 38.62694515617101], [-90.22517294996291, 38.63158213013913], [-90.23073748561237, 38.63621886258013], [-90.23630273722006, 38.640855353361346], [-90.24186870496423, 38.645491602350084], [-90.24743538902311, 38.65012760941361], [-90.25300278957496, 38.654763374419176], [-90.25857090679797, 38.65939889723403], [-90.26413974087053, 38.66403417772537], [-90.26970929197084, 38.66866921576039], [-90.27527956027723, 38.67330401120623], [-90.28102094844074, 38.67343772015905], [-90.28659233093768, 38.67807201278429], [-90.29216443101578, 38.68270606246168], [-90.29773724885335, 38.68733986905835], [-90.30331078462868, 38.69197343244128], [-90.30888503852013, 38.69660675247757], [-90.31446001070607, 38.70123982903419], [-90.32003570136486, 38.70587266197814], [-90.32561211067481, 38.710505251176386], [-90.33118923881437, 38.715137596495865], [-90.3367670859619, 38.719769697803464], [-90.34234565229588, 38.724401554966114], [-90.34792493799469, 38.72903316785066], [-90.35350494323681, 38.73366453632395], [-90.35908566820065, 38.73829566025279], [-90.36466711306467, 38.742926539503976], [-90.37024927800739, 38.74755717394432]]}}, {"type": "Feature", "properties": {"route_run_id": "stl_st_louis_downtown_airport_to_st_louis_lambert_2026-01-12_0028", "route_pair": "st_louis_downtown_airport_to_st_louis_lambert", "route_pair_label": "St. Louis Downtown Airport to St. Louis Lambert", "origin_label": "St. Louis Downtown Airport", "destination_label": "St. Louis Lambert International Airport", "origin_lat": 38.5703611, "origin_lon": -90.1550833, "destination_lat": 38.7486982, "destination_lon": -90.3700257, "traffic_date": "2026-01-12", "traffic_dataset": "January 12th - Monday", "weight_id": "w_0028", "distance_weight": 0.0, "population_weight": 0.2, "traffic_weight": 0.6, "airspace_weight": 0.2, "path_nodes": 43, "path_node_ids": [2179, 2180, 2157, 2170, 2175, 2201, 2313, 2316, 2342, 2347, 2366, 2389, 2392, 2396, 2720, 2721, 2726, 2740, 2678, 2680, 2682, 2685, 3986, 2706, 2705, 2707, 4004, 4027, 4032, 4056, 5030, 5033, 5049, 5054, 5078, 5295, 5300, 5315, 5317, 5321, 5357, 5358, 5364], "elapsed_seconds": 0.048391299991635606, "status": "success", "failure_reason": "", "route_distance_km": 36.725266647794015, "distance_cost_sum": 40.41853094122818, "population_cost_sum": 25.74240899456289, "traffic_cost_sum": 16.13075064760808, "airspace_cost_sum": 36.00000000000001, "total_weighted_score": 22.02693218747743}, "geometry": {"type": "LineString", "coordinates": [[-90.15289905765549, 38.57128267769979], [-90.15845430205954, 38.57592253965332], [-90.16436442357126, 38.57156121262679], [-90.16992046069078, 38.5762005584167], [-90.17547721149117, 38.58083966408426], [-90.1810346761504, 38.585478529497074], [-90.18659285484642, 38.5901171545227], [-90.19215174775724, 38.5947555390287], [-90.19771135506093, 38.5993936828826], [-90.2032716769355, 38.60403158595187], [-90.208832713559, 38.60866924810401], [-90.21439446510948, 38.61330666920645], [-90.21995693176504, 38.61794384912666], [-90.22552011370372, 38.622580787732026], [-90.23125721581627, 38.622716789852504], [-90.23682150967697, 38.62735322783211], [-90.24238651919569, 38.63198942413879], [-90.24795224455062, 38.63662537863984], [-90.2535186859198, 38.64126109120261], [-90.25908584348143, 38.64589656169434], [-90.25891423625677, 38.65039734432395], [-90.26448243016516, 38.6550325900107], [-90.27005134078189, 38.65966759332096], [-90.27562096828521, 38.66430235412195], [-90.28136163921492, 38.66443602029574], [-90.28693238041095, 38.66907027844067], [-90.29250383886837, 38.67370429371775], [-90.29807601476547, 38.67833806599408], [-90.30364890828046, 38.682971595136756], [-90.30922251959161, 38.68760488101284], [-90.31479684887715, 38.692237923489365], [-90.3203718963154, 38.69687072243334], [-90.32594766208454, 38.701503277711794], [-90.33152414636298, 38.70613558919165], [-90.33135671129529, 38.710636594886786], [-90.33693423631652, 38.71526867931356], [-90.3425124803639, 38.71990051963549], [-90.34809144361579, 38.724532115719484], [-90.35367112625059, 38.729163467432365], [-90.35350494323681, 38.73366453632395], [-90.35908566820065, 38.73829566025279], [-90.36466711306467, 38.742926539503976], [-90.37024927800739, 38.74755717394432]]}}, {"type": "Feature", "properties": {"route_run_id": "stl_st_louis_downtown_airport_to_st_louis_lambert_2026-01-12_0220", "route_pair": "st_louis_downtown_airport_to_st_louis_lambert", "route_pair_label": "St. Louis Downtown Airport to St. Louis Lambert", "origin_label": "St. Louis Downtown Airport", "destination_label": "St. Louis Lambert International Airport", "origin_lat": 38.5703611, "origin_lon": -90.1550833, "destination_lat": 38.7486982, "destination_lon": -90.3700257, "traffic_date": "2026-01-12", "traffic_dataset": "January 12th - Monday", "weight_id": "w_0220", "distance_weight": 0.4, "population_weight": 0.2, "traffic_weight": 0.3, "airspace_weight": 0.1, "path_nodes": 40, "path_node_ids": [2179, 2180, 2174, 2199, 2203, 2207, 2341, 2344, 2368, 2374, 2394, 2397, 2712, 2716, 2739, 2746, 2769, 2773, 3985, 3988, 3992, 3994, 4019, 4020, 4023, 4055, 4059, 4063, 4064, 5048, 5052, 5076, 5082, 5299, 5304, 5319, 5321, 5357, 5358, 5364], "elapsed_seconds": 0.010294399980921298, "status": "success", "failure_reason": "", "route_distance_km": 35.0695243590648, "distance_cost_sum": 38.596279476875054, "population_cost_sum": 23.651108783135093, "traffic_cost_sum": 17.839922019494136, "airspace_cost_sum": 33.8, "total_weighted_score": 28.90071015322528}, "geometry": {"type": "LineString", "coordinates": [[-90.15289905765549, 38.57128267769979], [-90.15845430205954, 38.57592253965332], [-90.16401026010618, 38.58056216167], [-90.16956693197352, 38.58520154361737], [-90.17512431783956, 38.5898406853631], [-90.18068241788241, 38.5944795867747], [-90.18624123228014, 38.59911824771971], [-90.19180076121087, 38.60375666806568], [-90.19736100485268, 38.60839484768009], [-90.20292196338367, 38.61303278643038], [-90.2084836369821, 38.617670484184025], [-90.21404602582597, 38.62230794080845], [-90.21960913009349, 38.62694515617101], [-90.22517294996291, 38.63158213013913], [-90.23073748561237, 38.63621886258013], [-90.23630273722006, 38.640855353361346], [-90.24186870496423, 38.645491602350084], [-90.24743538902311, 38.65012760941361], [-90.25300278957496, 38.654763374419176], [-90.25857090679797, 38.65939889723403], [-90.26413974087053, 38.66403417772537], [-90.26970929197084, 38.66866921576039], [-90.27527956027723, 38.67330401120623], [-90.28085054596801, 38.677938563930056], [-90.28642224922152, 38.68257287379895], [-90.29199467021606, 38.68720694068001], [-90.29756780913004, 38.69184076444029], [-90.3031416661418, 38.696474344946864], [-90.30888503852013, 38.69660675247757], [-90.31446001070607, 38.70123982903419], [-90.32003570136486, 38.70587266197814], [-90.32561211067481, 38.710505251176386], [-90.33118923881437, 38.715137596495865], [-90.3367670859619, 38.719769697803464], [-90.34234565229588, 38.724401554966114], [-90.34792493799469, 38.72903316785066], [-90.35350494323681, 38.73366453632395], [-90.35908566820065, 38.73829566025279], [-90.36466711306467, 38.742926539503976], [-90.37024927800739, 38.74755717394432]]}}, {"type": "Feature", "properties": {"route_run_id": "stl_st_louis_downtown_airport_to_st_louis_lambert_2026-01-12_0223", "route_pair": "st_louis_downtown_airport_to_st_louis_lambert", "route_pair_label": "St. Louis Downtown Airport to St. Louis Lambert", "origin_label": "St. Louis Downtown Airport", "destination_label": "St. Louis Lambert International Airport", "origin_lat": 38.5703611, "origin_lon": -90.1550833, "destination_lat": 38.7486982, "destination_lon": -90.3700257, "traffic_date": "2026-01-12", "traffic_dataset": "January 12th - Monday", "weight_id": "w_0223", "distance_weight": 0.4, "population_weight": 0.3, "traffic_weight": 0.1, "airspace_weight": 0.2, "path_nodes": 43, "path_node_ids": [2179, 2180, 2174, 2199, 2203, 2206, 2449, 2345, 2370, 2373, 2398, 2709, 2711, 2714, 2750, 2744, 2770, 2772, 2777, 3989, 3993, 4006, 4008, 4021, 4045, 4047, 4058, 4062, 4077, 4082, 4084, 5080, 5084, 5310, 5311, 5337, 5320, 5322, 5323, 5346, 5357, 5358, 5364], "elapsed_seconds": 0.013302000006660819, "status": "success", "failure_reason": "", "route_distance_km": 36.197051437601615, "distance_cost_sum": 39.837195943131675, "population_cost_sum": 17.31210242086407, "traffic_cost_sum": 23.35796935384401, "airspace_cost_sum": 36.4, "total_weighted_score": 30.744306038896294}, "geometry": {"type": "LineString", "coordinates": [[-90.15289905765549, 38.57128267769979], [-90.15845430205954, 38.57592253965332], [-90.16401026010618, 38.58056216167], [-90.16956693197352, 38.58520154361737], [-90.17512431783956, 38.5898406853631], [-90.17494781190939, 38.59434118977373], [-90.18050622974906, 38.59898010918833], [-90.18606536210271, 38.60361878809667], [-90.19162520914848, 38.60825722636621], [-90.19718577106451, 38.612895423864465], [-90.20274704802898, 38.61753338045887], [-90.2083090402201, 38.622171096016864], [-90.21387174781604, 38.62680857040582], [-90.21943517099498, 38.631445803493165], [-90.22499930993523, 38.636082795146216], [-90.23056416481495, 38.64071954523234], [-90.2361297358124, 38.64535605361884], [-90.24169602310592, 38.649992320172984], [-90.24726302687371, 38.65462834476206], [-90.25283074729404, 38.65926412725328], [-90.2583991845453, 38.663899667513896], [-90.26396833880578, 38.66853496541107], [-90.26953821025378, 38.673170020811966], [-90.2751087990677, 38.67780483358376], [-90.28068010542587, 38.682439403593555], [-90.28625212950666, 38.68707373070842], [-90.29182487148844, 38.69170781479548], [-90.29739833154962, 38.69634165572174], [-90.30297250986867, 38.70097525335427], [-90.30280331580018, 38.70547615766316], [-90.30837853409372, 38.710109528957155], [-90.31395447116216, 38.71474265665128], [-90.31378588266769, 38.71924359100243], [-90.31936286061908, 38.72387649197406], [-90.32494055786266, 38.72850914903958], [-90.330518974577, 38.7331415620659], [-90.33626541075455, 38.733272728767844], [-90.3420118843105, 38.73340361338185], [-90.34775839516463, 38.73353421590239], [-90.35333872308522, 38.73816560113835], [-90.35908566820065, 38.73829566025279], [-90.36466711306467, 38.742926539503976], [-90.37024927800739, 38.74755717394432]]}}, {"type": "Feature", "properties": {"route_run_id": "stl_st_louis_downtown_airport_to_st_louis_lambert_2026-01-12_0184", "route_pair": "st_louis_downtown_airport_to_st_louis_lambert", "route_pair_label": "St. Louis Downtown Airport to St. Louis Lambert", "origin_label": "St. Louis Downtown Airport", "destination_label": "St. Louis Lambert International Airport", "origin_lat": 38.5703611, "origin_lon": -90.1550833, "destination_lat": 38.7486982, "destination_lon": -90.3700257, "traffic_date": "2026-01-12", "traffic_dataset": "January 12th - Monday", "weight_id": "w_0184", "distance_weight": 0.3, "population_weight": 0.2, "traffic_weight": 0.1, "airspace_weight": 0.4, "path_nodes": 40, "path_node_ids": [2179, 2180, 2174, 2199, 2203, 2207, 2341, 2344, 2368, 2374, 2394, 2397, 2712, 2716, 2739, 2746, 2769, 2773, 3985, 3988, 3992, 3994, 4019, 4020, 4023, 4055, 4059, 4063, 4064, 5048, 5052, 5076, 5082, 5299, 5304, 5319, 5321, 5357, 5358, 5364], "elapsed_seconds": 0.02327770000556484, "status": "success", "failure_reason": "", "route_distance_km": 35.0695243590648, "distance_cost_sum": 38.596279476875054, "population_cost_sum": 23.651108783135093, "traffic_cost_sum": 17.839922019494136, "airspace_cost_sum": 33.8, "total_weighted_score": 31.613097801638947}, "geometry": {"type": "LineString", "coordinates": [[-90.15289905765549, 38.57128267769979], [-90.15845430205954, 38.57592253965332], [-90.16401026010618, 38.58056216167], [-90.16956693197352, 38.58520154361737], [-90.17512431783956, 38.5898406853631], [-90.18068241788241, 38.5944795867747], [-90.18624123228014, 38.59911824771971], [-90.19180076121087, 38.60375666806568], [-90.19736100485268, 38.60839484768009], [-90.20292196338367, 38.61303278643038], [-90.2084836369821, 38.617670484184025], [-90.21404602582597, 38.62230794080845], [-90.21960913009349, 38.62694515617101], [-90.22517294996291, 38.63158213013913], [-90.23073748561237, 38.63621886258013], [-90.23630273722006, 38.640855353361346], [-90.24186870496423, 38.645491602350084], [-90.24743538902311, 38.65012760941361], [-90.25300278957496, 38.654763374419176], [-90.25857090679797, 38.65939889723403], [-90.26413974087053, 38.66403417772537], [-90.26970929197084, 38.66866921576039], [-90.27527956027723, 38.67330401120623], [-90.28085054596801, 38.677938563930056], [-90.28642224922152, 38.68257287379895], [-90.29199467021606, 38.68720694068001], [-90.29756780913004, 38.69184076444029], [-90.3031416661418, 38.696474344946864], [-90.30888503852013, 38.69660675247757], [-90.31446001070607, 38.70123982903419], [-90.32003570136486, 38.70587266197814], [-90.32561211067481, 38.710505251176386], [-90.33118923881437, 38.715137596495865], [-90.3367670859619, 38.719769697803464], [-90.34234565229588, 38.724401554966114], [-90.34792493799469, 38.72903316785066], [-90.35350494323681, 38.73366453632395], [-90.35908566820065, 38.73829566025279], [-90.36466711306467, 38.742926539503976], [-90.37024927800739, 38.74755717394432]]}}, {"type": "Feature", "properties": {"route_run_id": "stl_st_louis_downtown_airport_to_st_louis_lambert_2026-01-12_0026", "route_pair": "st_louis_downtown_airport_to_st_louis_lambert", "route_pair_label": "St. Louis Downtown Airport to St. Louis Lambert", "origin_label": "St. Louis Downtown Airport", "destination_label": "St. Louis Lambert International Airport", "origin_lat": 38.5703611, "origin_lon": -90.1550833, "destination_lat": 38.7486982, "destination_lon": -90.3700257, "traffic_date": "2026-01-12", "traffic_dataset": "January 12th - Monday", "weight_id": "w_0026", "distance_weight": 0.0, "population_weight": 0.2, "traffic_weight": 0.4, "airspace_weight": 0.4, "path_nodes": 40, "path_node_ids": [2179, 2180, 2174, 2199, 2203, 2207, 2341, 2344, 2368, 2374, 2394, 2397, 2712, 2716, 2739, 2746, 2769, 2773, 3985, 3988, 3992, 3994, 4019, 4020, 4023, 4055, 4059, 4063, 4064, 5048, 5052, 5076, 5082, 5299, 5304, 5319, 5321, 5357, 5358, 5364], "elapsed_seconds": 0.045715499989455566, "status": "success", "failure_reason": "", "route_distance_km": 35.0695243590648, "distance_cost_sum": 38.596279476875054, "population_cost_sum": 23.651108783135093, "traffic_cost_sum": 17.839922019494136, "airspace_cost_sum": 33.8, "total_weighted_score": 25.386190564424673}, "geometry": {"type": "LineString", "coordinates": [[-90.15289905765549, 38.57128267769979], [-90.15845430205954, 38.57592253965332], [-90.16401026010618, 38.58056216167], [-90.16956693197352, 38.58520154361737], [-90.17512431783956, 38.5898406853631], [-90.18068241788241, 38.5944795867747], [-90.18624123228014, 38.59911824771971], [-90.19180076121087, 38.60375666806568], [-90.19736100485268, 38.60839484768009], [-90.20292196338367, 38.61303278643038], [-90.2084836369821, 38.617670484184025], [-90.21404602582597, 38.62230794080845], [-90.21960913009349, 38.62694515617101], [-90.22517294996291, 38.63158213013913], [-90.23073748561237, 38.63621886258013], [-90.23630273722006, 38.640855353361346], [-90.24186870496423, 38.645491602350084], [-90.24743538902311, 38.65012760941361], [-90.25300278957496, 38.654763374419176], [-90.25857090679797, 38.65939889723403], [-90.26413974087053, 38.66403417772537], [-90.26970929197084, 38.66866921576039], [-90.27527956027723, 38.67330401120623], [-90.28085054596801, 38.677938563930056], [-90.28642224922152, 38.68257287379895], [-90.29199467021606, 38.68720694068001], [-90.29756780913004, 38.69184076444029], [-90.3031416661418, 38.696474344946864], [-90.30888503852013, 38.69660675247757], [-90.31446001070607, 38.70123982903419], [-90.32003570136486, 38.70587266197814], [-90.32561211067481, 38.710505251176386], [-90.33118923881437, 38.715137596495865], [-90.3367670859619, 38.719769697803464], [-90.34234565229588, 38.724401554966114], [-90.34792493799469, 38.72903316785066], [-90.35350494323681, 38.73366453632395], [-90.35908566820065, 38.73829566025279], [-90.36466711306467, 38.742926539503976], [-90.37024927800739, 38.74755717394432]]}}, {"type": "Feature", "properties": {"route_run_id": "stl_st_louis_downtown_airport_to_st_louis_lambert_2026-01-12_0071", "route_pair": "st_louis_downtown_airport_to_st_louis_lambert", "route_pair_label": "St. Louis Downtown Airport to St. Louis Lambert", "origin_label": "St. Louis Downtown Airport", "destination_label": "St. Louis Lambert International Airport", "origin_lat": 38.5703611, "origin_lon": -90.1550833, "destination_lat": 38.7486982, "destination_lon": -90.3700257, "traffic_date": "2026-01-12", "traffic_dataset": "January 12th - Monday", "weight_id": "w_0071", "distance_weight": 0.1, "population_weight": 0.0, "traffic_weight": 0.4, "airspace_weight": 0.5, "path_nodes": 40, "path_node_ids": [2179, 2180, 2174, 2199, 2203, 2207, 2341, 2344, 2368, 2374, 2394, 2397, 2712, 2716, 2739, 2746, 2769, 2773, 3985, 3988, 3992, 3990, 4016, 4017, 4022, 4029, 4034, 4060, 4064, 5048, 5052, 5076, 5082, 5299, 5304, 5319, 5321, 5357, 5358, 5364], "elapsed_seconds": 0.0510861000220757, "status": "success", "failure_reason": "", "route_distance_km": 35.06925127294606, "distance_cost_sum": 38.59597892794111, "population_cost_sum": 25.05959051055676, "traffic_cost_sum": 17.839922019494136, "airspace_cost_sum": 33.4, "total_weighted_score": 27.69556670059177}, "geometry": {"type": "LineString", "coordinates": [[-90.15289905765549, 38.57128267769979], [-90.15845430205954, 38.57592253965332], [-90.16401026010618, 38.58056216167], [-90.16956693197352, 38.58520154361737], [-90.17512431783956, 38.5898406853631], [-90.18068241788241, 38.5944795867747], [-90.18624123228014, 38.59911824771971], [-90.19180076121087, 38.60375666806568], [-90.19736100485268, 38.60839484768009], [-90.20292196338367, 38.61303278643038], [-90.2084836369821, 38.617670484184025], [-90.21404602582597, 38.62230794080845], [-90.21960913009349, 38.62694515617101], [-90.22517294996291, 38.63158213013913], [-90.23073748561237, 38.63621886258013], [-90.23630273722006, 38.640855353361346], [-90.24186870496423, 38.645491602350084], [-90.24743538902311, 38.65012760941361], [-90.25300278957496, 38.654763374419176], [-90.25857090679797, 38.65939889723403], [-90.26413974087053, 38.66403417772537], [-90.26988033547711, 38.664168406596616], [-90.27545028334664, 38.66880318471887], [-90.28102094844074, 38.67343772015905], [-90.28659233093768, 38.67807201278429], [-90.29216443101578, 38.68270606246168], [-90.29773724885335, 38.68733986905835], [-90.30331078462868, 38.69197343244128], [-90.30888503852013, 38.69660675247757], [-90.31446001070607, 38.70123982903419], [-90.32003570136486, 38.70587266197814], [-90.32561211067481, 38.710505251176386], [-90.33118923881437, 38.715137596495865], [-90.3367670859619, 38.719769697803464], [-90.34234565229588, 38.724401554966114], [-90.34792493799469, 38.72903316785066], [-90.35350494323681, 38.73366453632395], [-90.35908566820065, 38.73829566025279], [-90.36466711306467, 38.742926539503976], [-90.37024927800739, 38.74755717394432]]}}, {"type": "Feature", "properties": {"route_run_id": "stl_st_louis_downtown_airport_to_st_louis_lambert_2026-01-12_0134", "route_pair": "st_louis_downtown_airport_to_st_louis_lambert", "route_pair_label": "St. Louis Downtown Airport to St. Louis Lambert", "origin_label": "St. Louis Downtown Airport", "destination_label": "St. Louis Lambert International Airport", "origin_lat": 38.5703611, "origin_lon": -90.1550833, "destination_lat": 38.7486982, "destination_lon": -90.3700257, "traffic_date": "2026-01-12", "traffic_dataset": "January 12th - Monday", "weight_id": "w_0134", "distance_weight": 0.2, "population_weight": 0.1, "traffic_weight": 0.3, "airspace_weight": 0.4, "path_nodes": 40, "path_node_ids": [2179, 2180, 2174, 2199, 2203, 2207, 2341, 2344, 2368, 2374, 2394, 2397, 2712, 2716, 2739, 2746, 2769, 2773, 3985, 3988, 3992, 3994, 4019, 4017, 4022, 4029, 4034, 4060, 4064, 5048, 5052, 5076, 5082, 5299, 5304, 5319, 5321, 5357, 5358, 5364], "elapsed_seconds": 0.03098350000800565, "status": "success", "failure_reason": "", "route_distance_km": 35.06932923764436, "distance_cost_sum": 38.59606473313351, "population_cost_sum": 24.787572976016946, "traffic_cost_sum": 17.839922019494136, "airspace_cost_sum": 33.4, "total_weighted_score": 28.90994685007664}, "geometry": {"type": "LineString", "coordinates": [[-90.15289905765549, 38.57128267769979], [-90.15845430205954, 38.57592253965332], [-90.16401026010618, 38.58056216167], [-90.16956693197352, 38.58520154361737], [-90.17512431783956, 38.5898406853631], [-90.18068241788241, 38.5944795867747], [-90.18624123228014, 38.59911824771971], [-90.19180076121087, 38.60375666806568], [-90.19736100485268, 38.60839484768009], [-90.20292196338367, 38.61303278643038], [-90.2084836369821, 38.617670484184025], [-90.21404602582597, 38.62230794080845], [-90.21960913009349, 38.62694515617101], [-90.22517294996291, 38.63158213013913], [-90.23073748561237, 38.63621886258013], [-90.23630273722006, 38.640855353361346], [-90.24186870496423, 38.645491602350084], [-90.24743538902311, 38.65012760941361], [-90.25300278957496, 38.654763374419176], [-90.25857090679797, 38.65939889723403], [-90.26413974087053, 38.66403417772537], [-90.26970929197084, 38.66866921576039], [-90.27527956027723, 38.67330401120623], [-90.28102094844074, 38.67343772015905], [-90.28659233093768, 38.67807201278429], [-90.29216443101578, 38.68270606246168], [-90.29773724885335, 38.68733986905835], [-90.30331078462868, 38.69197343244128], [-90.30888503852013, 38.69660675247757], [-90.31446001070607, 38.70123982903419], [-90.32003570136486, 38.70587266197814], [-90.32561211067481, 38.710505251176386], [-90.33118923881437, 38.715137596495865], [-90.3367670859619, 38.719769697803464], [-90.34234565229588, 38.724401554966114], [-90.34792493799469, 38.72903316785066], [-90.35350494323681, 38.73366453632395], [-90.35908566820065, 38.73829566025279], [-90.36466711306467, 38.742926539503976], [-90.37024927800739, 38.74755717394432]]}}, {"type": "Feature", "properties": {"route_run_id": "stl_st_louis_downtown_airport_to_st_louis_lambert_2026-01-12_0152", "route_pair": "st_louis_downtown_airport_to_st_louis_lambert", "route_pair_label": "St. Louis Downtown Airport to St. Louis Lambert", "origin_label": "St. Louis Downtown Airport", "destination_label": "St. Louis Lambert International Airport", "origin_lat": 38.5703611, "origin_lon": -90.1550833, "destination_lat": 38.7486982, "destination_lon": -90.3700257, "traffic_date": "2026-01-12", "traffic_dataset": "January 12th - Monday", "weight_id": "w_0152", "distance_weight": 0.2, "population_weight": 0.4, "traffic_weight": 0.0, "airspace_weight": 0.4, "path_nodes": 43, "path_node_ids": [2179, 2180, 2174, 2199, 2203, 2207, 2341, 2345, 2370, 2373, 2398, 2709, 2711, 2714, 2750, 2744, 2770, 2772, 2777, 3989, 3993, 4006, 4008, 4021, 4045, 4047, 4058, 4062, 4077, 4082, 4084, 5080, 5084, 5310, 5311, 5337, 5320, 5322, 5323, 5346, 5357, 5358, 5364], "elapsed_seconds": 0.03718079999089241, "status": "success", "failure_reason": "", "route_distance_km": 36.197024617572914, "distance_cost_sum": 39.83716642595565, "population_cost_sum": 17.31210242086407, "traffic_cost_sum": 23.983742516081602, "airspace_cost_sum": 36.4, "total_weighted_score": 29.45227425353676}, "geometry": {"type": "LineString", "coordinates": [[-90.15289905765549, 38.57128267769979], [-90.15845430205954, 38.57592253965332], [-90.16401026010618, 38.58056216167], [-90.16956693197352, 38.58520154361737], [-90.17512431783956, 38.5898406853631], [-90.18068241788241, 38.5944795867747], [-90.18624123228014, 38.59911824771971], [-90.18606536210271, 38.60361878809667], [-90.19162520914848, 38.60825722636621], [-90.19718577106451, 38.612895423864465], [-90.20274704802898, 38.61753338045887], [-90.2083090402201, 38.622171096016864], [-90.21387174781604, 38.62680857040582], [-90.21943517099498, 38.631445803493165], [-90.22499930993523, 38.636082795146216], [-90.23056416481495, 38.64071954523234], [-90.2361297358124, 38.64535605361884], [-90.24169602310592, 38.649992320172984], [-90.24726302687371, 38.65462834476206], [-90.25283074729404, 38.65926412725328], [-90.2583991845453, 38.663899667513896], [-90.26396833880578, 38.66853496541107], [-90.26953821025378, 38.673170020811966], [-90.2751087990677, 38.67780483358376], [-90.28068010542587, 38.682439403593555], [-90.28625212950666, 38.68707373070842], [-90.29182487148844, 38.69170781479548], [-90.29739833154962, 38.69634165572174], [-90.30297250986867, 38.70097525335427], [-90.30280331580018, 38.70547615766316], [-90.30837853409372, 38.710109528957155], [-90.31395447116216, 38.71474265665128], [-90.31378588266769, 38.71924359100243], [-90.31936286061908, 38.72387649197406], [-90.32494055786266, 38.72850914903958], [-90.330518974577, 38.7331415620659], [-90.33626541075455, 38.733272728767844], [-90.3420118843105, 38.73340361338185], [-90.34775839516463, 38.73353421590239], [-90.35333872308522, 38.73816560113835], [-90.35908566820065, 38.73829566025279], [-90.36466711306467, 38.742926539503976], [-90.37024927800739, 38.74755717394432]]}}, {"type": "Feature", "properties": {"route_run_id": "stl_st_louis_downtown_airport_to_st_louis_lambert_2026-01-12_0179", "route_pair": "st_louis_downtown_airport_to_st_louis_lambert", "route_pair_label": "St. Louis Downtown Airport to St. Louis Lambert", "origin_label": "St. Louis Downtown Airport", "destination_label": "St. Louis Lambert International Airport", "origin_lat": 38.5703611, "origin_lon": -90.1550833, "destination_lat": 38.7486982, "destination_lon": -90.3700257, "traffic_date": "2026-01-12", "traffic_dataset": "January 12th - Monday", "weight_id": "w_0179", "distance_weight": 0.3, "population_weight": 0.1, "traffic_weight": 0.3, "airspace_weight": 0.3, "path_nodes": 40, "path_node_ids": [2179, 2180, 2174, 2199, 2203, 2207, 2341, 2344, 2368, 2374, 2394, 2397, 2712, 2716, 2739, 2746, 2769, 2773, 3985, 3988, 3992, 3994, 4019, 4017, 4022, 4029, 4034, 4060, 4064, 5048, 5052, 5076, 5082, 5299, 5304, 5319, 5321, 5357, 5358, 5364], "elapsed_seconds": 0.01736150000942871, "status": "success", "failure_reason": "", "route_distance_km": 35.06932923764436, "distance_cost_sum": 38.59606473313351, "population_cost_sum": 24.787572976016946, "traffic_cost_sum": 17.839922019494136, "airspace_cost_sum": 33.4, "total_weighted_score": 29.42955332338999}, "geometry": {"type": "LineString", "coordinates": [[-90.15289905765549, 38.57128267769979], [-90.15845430205954, 38.57592253965332], [-90.16401026010618, 38.58056216167], [-90.16956693197352, 38.58520154361737], [-90.17512431783956, 38.5898406853631], [-90.18068241788241, 38.5944795867747], [-90.18624123228014, 38.59911824771971], [-90.19180076121087, 38.60375666806568], [-90.19736100485268, 38.60839484768009], [-90.20292196338367, 38.61303278643038], [-90.2084836369821, 38.617670484184025], [-90.21404602582597, 38.62230794080845], [-90.21960913009349, 38.62694515617101], [-90.22517294996291, 38.63158213013913], [-90.23073748561237, 38.63621886258013], [-90.23630273722006, 38.640855353361346], [-90.24186870496423, 38.645491602350084], [-90.24743538902311, 38.65012760941361], [-90.25300278957496, 38.654763374419176], [-90.25857090679797, 38.65939889723403], [-90.26413974087053, 38.66403417772537], [-90.26970929197084, 38.66866921576039], [-90.27527956027723, 38.67330401120623], [-90.28102094844074, 38.67343772015905], [-90.28659233093768, 38.67807201278429], [-90.29216443101578, 38.68270606246168], [-90.29773724885335, 38.68733986905835], [-90.30331078462868, 38.69197343244128], [-90.30888503852013, 38.69660675247757], [-90.31446001070607, 38.70123982903419], [-90.32003570136486, 38.70587266197814], [-90.32561211067481, 38.710505251176386], [-90.33118923881437, 38.715137596495865], [-90.3367670859619, 38.719769697803464], [-90.34234565229588, 38.724401554966114], [-90.34792493799469, 38.72903316785066], [-90.35350494323681, 38.73366453632395], [-90.35908566820065, 38.73829566025279], [-90.36466711306467, 38.742926539503976], [-90.37024927800739, 38.74755717394432]]}}, {"type": "Feature", "properties": {"route_run_id": "stl_st_louis_downtown_airport_to_st_louis_lambert_2026-01-12_0215", "route_pair": "st_louis_downtown_airport_to_st_louis_lambert", "route_pair_label": "St. Louis Downtown Airport to St. Louis Lambert", "origin_label": "St. Louis Downtown Airport", "destination_label": "St. Louis Lambert International Airport", "origin_lat": 38.5703611, "origin_lon": -90.1550833, "destination_lat": 38.7486982, "destination_lon": -90.3700257, "traffic_date": "2026-01-12", "traffic_dataset": "January 12th - Monday", "weight_id": "w_0215", "distance_weight": 0.4, "population_weight": 0.1, "traffic_weight": 0.4, "airspace_weight": 0.1, "path_nodes": 40, "path_node_ids": [2179, 2180, 2174, 2199, 2203, 2207, 2341, 2344, 2368, 2374, 2394, 2397, 2712, 2716, 2739, 2746, 2769, 2773, 3985, 3988, 3992, 3994, 4019, 4020, 4023, 4055, 4059, 4063, 4064, 5048, 5052, 5076, 5082, 5299, 5304, 5319, 5321, 5357, 5358, 5364], "elapsed_seconds": 0.009218299994245172, "status": "success", "failure_reason": "", "route_distance_km": 35.0695243590648, "distance_cost_sum": 38.596279476875054, "population_cost_sum": 23.651108783135093, "traffic_cost_sum": 17.839922019494136, "airspace_cost_sum": 33.8, "total_weighted_score": 28.319591476861188}, "geometry": {"type": "LineString", "coordinates": [[-90.15289905765549, 38.57128267769979], [-90.15845430205954, 38.57592253965332], [-90.16401026010618, 38.58056216167], [-90.16956693197352, 38.58520154361737], [-90.17512431783956, 38.5898406853631], [-90.18068241788241, 38.5944795867747], [-90.18624123228014, 38.59911824771971], [-90.19180076121087, 38.60375666806568], [-90.19736100485268, 38.60839484768009], [-90.20292196338367, 38.61303278643038], [-90.2084836369821, 38.617670484184025], [-90.21404602582597, 38.62230794080845], [-90.21960913009349, 38.62694515617101], [-90.22517294996291, 38.63158213013913], [-90.23073748561237, 38.63621886258013], [-90.23630273722006, 38.640855353361346], [-90.24186870496423, 38.645491602350084], [-90.24743538902311, 38.65012760941361], [-90.25300278957496, 38.654763374419176], [-90.25857090679797, 38.65939889723403], [-90.26413974087053, 38.66403417772537], [-90.26970929197084, 38.66866921576039], [-90.27527956027723, 38.67330401120623], [-90.28085054596801, 38.677938563930056], [-90.28642224922152, 38.68257287379895], [-90.29199467021606, 38.68720694068001], [-90.29756780913004, 38.69184076444029], [-90.3031416661418, 38.696474344946864], [-90.30888503852013, 38.69660675247757], [-90.31446001070607, 38.70123982903419], [-90.32003570136486, 38.70587266197814], [-90.32561211067481, 38.710505251176386], [-90.33118923881437, 38.715137596495865], [-90.3367670859619, 38.719769697803464], [-90.34234565229588, 38.724401554966114], [-90.34792493799469, 38.72903316785066], [-90.35350494323681, 38.73366453632395], [-90.35908566820065, 38.73829566025279], [-90.36466711306467, 38.742926539503976], [-90.37024927800739, 38.74755717394432]]}}, {"type": "Feature", "properties": {"route_run_id": "stl_st_louis_downtown_airport_to_st_louis_lambert_2026-01-12_0167", "route_pair": "st_louis_downtown_airport_to_st_louis_lambert", "route_pair_label": "St. Louis Downtown Airport to St. Louis Lambert", "origin_label": "St. Louis Downtown Airport", "destination_label": "St. Louis Lambert International Airport", "origin_lat": 38.5703611, "origin_lon": -90.1550833, "destination_lat": 38.7486982, "destination_lon": -90.3700257, "traffic_date": "2026-01-12", "traffic_dataset": "January 12th - Monday", "weight_id": "w_0167", "distance_weight": 0.25, "population_weight": 0.25, "traffic_weight": 0.25, "airspace_weight": 0.25, "path_nodes": 40, "path_node_ids": [2179, 2180, 2174, 2199, 2203, 2207, 2341, 2344, 2368, 2374, 2394, 2397, 2712, 2716, 2739, 2746, 2769, 2773, 3985, 3988, 3992, 3994, 4019, 4020, 4023, 4055, 4059, 4063, 4064, 5048, 5052, 5076, 5082, 5299, 5304, 5319, 5321, 5357, 5358, 5364], "elapsed_seconds": 0.022020500007783994, "status": "success", "failure_reason": "", "route_distance_km": 35.0695243590648, "distance_cost_sum": 38.596279476875054, "population_cost_sum": 23.651108783135093, "traffic_cost_sum": 17.839922019494136, "airspace_cost_sum": 33.8, "total_weighted_score": 28.47182756987607}, "geometry": {"type": "LineString", "coordinates": [[-90.15289905765549, 38.57128267769979], [-90.15845430205954, 38.57592253965332], [-90.16401026010618, 38.58056216167], [-90.16956693197352, 38.58520154361737], [-90.17512431783956, 38.5898406853631], [-90.18068241788241, 38.5944795867747], [-90.18624123228014, 38.59911824771971], [-90.19180076121087, 38.60375666806568], [-90.19736100485268, 38.60839484768009], [-90.20292196338367, 38.61303278643038], [-90.2084836369821, 38.617670484184025], [-90.21404602582597, 38.62230794080845], [-90.21960913009349, 38.62694515617101], [-90.22517294996291, 38.63158213013913], [-90.23073748561237, 38.63621886258013], [-90.23630273722006, 38.640855353361346], [-90.24186870496423, 38.645491602350084], [-90.24743538902311, 38.65012760941361], [-90.25300278957496, 38.654763374419176], [-90.25857090679797, 38.65939889723403], [-90.26413974087053, 38.66403417772537], [-90.26970929197084, 38.66866921576039], [-90.27527956027723, 38.67330401120623], [-90.28085054596801, 38.677938563930056], [-90.28642224922152, 38.68257287379895], [-90.29199467021606, 38.68720694068001], [-90.29756780913004, 38.69184076444029], [-90.3031416661418, 38.696474344946864], [-90.30888503852013, 38.69660675247757], [-90.31446001070607, 38.70123982903419], [-90.32003570136486, 38.70587266197814], [-90.32561211067481, 38.710505251176386], [-90.33118923881437, 38.715137596495865], [-90.3367670859619, 38.719769697803464], [-90.34234565229588, 38.724401554966114], [-90.34792493799469, 38.72903316785066], [-90.35350494323681, 38.73366453632395], [-90.35908566820065, 38.73829566025279], [-90.36466711306467, 38.742926539503976], [-90.37024927800739, 38.74755717394432]]}}, {"type": "Feature", "properties": {"route_run_id": "stl_st_louis_downtown_airport_to_st_louis_lambert_2026-01-12_0235", "route_pair": "st_louis_downtown_airport_to_st_louis_lambert", "route_pair_label": "St. Louis Downtown Airport to St. Louis Lambert", "origin_label": "St. Louis Downtown Airport", "destination_label": "St. Louis Lambert International Airport", "origin_lat": 38.5703611, "origin_lon": -90.1550833, "destination_lat": 38.7486982, "destination_lon": -90.3700257, "traffic_date": "2026-01-12", "traffic_dataset": "January 12th - Monday", "weight_id": "w_0235", "distance_weight": 0.5, "population_weight": 0.0, "traffic_weight": 0.3, "airspace_weight": 0.2, "path_nodes": 40, "path_node_ids": [2179, 2180, 2174, 2199, 2203, 2207, 2341, 2344, 2368, 2374, 2394, 2397, 2712, 2716, 2739, 2746, 2769, 2773, 3985, 3988, 3992, 3990, 4016, 4017, 4022, 4029, 4034, 4060, 4064, 5048, 5052, 5076, 5082, 5299, 5304, 5319, 5321, 5357, 5358, 5364], "elapsed_seconds": 0.007661099982215092, "status": "success", "failure_reason": "", "route_distance_km": 35.06925127294606, "distance_cost_sum": 38.59597892794111, "population_cost_sum": 25.05959051055676, "traffic_cost_sum": 17.839922019494136, "airspace_cost_sum": 33.4, "total_weighted_score": 31.329966069818795}, "geometry": {"type": "LineString", "coordinates": [[-90.15289905765549, 38.57128267769979], [-90.15845430205954, 38.57592253965332], [-90.16401026010618, 38.58056216167], [-90.16956693197352, 38.58520154361737], [-90.17512431783956, 38.5898406853631], [-90.18068241788241, 38.5944795867747], [-90.18624123228014, 38.59911824771971], [-90.19180076121087, 38.60375666806568], [-90.19736100485268, 38.60839484768009], [-90.20292196338367, 38.61303278643038], [-90.2084836369821, 38.617670484184025], [-90.21404602582597, 38.62230794080845], [-90.21960913009349, 38.62694515617101], [-90.22517294996291, 38.63158213013913], [-90.23073748561237, 38.63621886258013], [-90.23630273722006, 38.640855353361346], [-90.24186870496423, 38.645491602350084], [-90.24743538902311, 38.65012760941361], [-90.25300278957496, 38.654763374419176], [-90.25857090679797, 38.65939889723403], [-90.26413974087053, 38.66403417772537], [-90.26988033547711, 38.664168406596616], [-90.27545028334664, 38.66880318471887], [-90.28102094844074, 38.67343772015905], [-90.28659233093768, 38.67807201278429], [-90.29216443101578, 38.68270606246168], [-90.29773724885335, 38.68733986905835], [-90.30331078462868, 38.69197343244128], [-90.30888503852013, 38.69660675247757], [-90.31446001070607, 38.70123982903419], [-90.32003570136486, 38.70587266197814], [-90.32561211067481, 38.710505251176386], [-90.33118923881437, 38.715137596495865], [-90.3367670859619, 38.719769697803464], [-90.34234565229588, 38.724401554966114], [-90.34792493799469, 38.72903316785066], [-90.35350494323681, 38.73366453632395], [-90.35908566820065, 38.73829566025279], [-90.36466711306467, 38.742926539503976], [-90.37024927800739, 38.74755717394432]]}}, {"type": "Feature", "properties": {"route_run_id": "stl_st_louis_downtown_airport_to_st_louis_lambert_2026-01-12_0111", "route_pair": "st_louis_downtown_airport_to_st_louis_lambert", "route_pair_label": "St. Louis Downtown Airport to St. Louis Lambert", "origin_label": "St. Louis Downtown Airport", "destination_label": "St. Louis Lambert International Airport", "origin_lat": 38.5703611, "origin_lon": -90.1550833, "destination_lat": 38.7486982, "destination_lon": -90.3700257, "traffic_date": "2026-01-12", "traffic_dataset": "January 12th - Monday", "weight_id": "w_0111", "distance_weight": 0.1, "population_weight": 0.5, "traffic_weight": 0.4, "airspace_weight": 0.0, "path_nodes": 47, "path_node_ids": [2179, 2147, 2157, 2170, 2175, 2201, 2313, 2316, 2342, 2347, 2366, 2389, 2392, 2396, 2720, 2721, 2726, 2740, 2678, 2680, 2679, 2676, 2700, 2701, 2704, 3999, 4002, 4027, 4030, 4034, 4059, 4063, 4077, 4082, 4084, 5080, 5084, 5310, 5311, 5337, 5320, 5322, 5323, 5346, 5357, 5358, 5364], "elapsed_seconds": 0.04582319999462925, "status": "success", "failure_reason": "", "route_distance_km": 37.695132275288756, "distance_cost_sum": 41.48593078476573, "population_cost_sum": 16.438822135448255, "traffic_cost_sum": 22.276113042148218, "airspace_cost_sum": 40.4, "total_weighted_score": 21.278449363059988}, "geometry": {"type": "LineString", "coordinates": [[-90.15289905765549, 38.57128267769979], [-90.15863172081019, 38.571422085329914], [-90.16436442357126, 38.57156121262679], [-90.16992046069078, 38.5762005584167], [-90.17547721149117, 38.58083966408426], [-90.1810346761504, 38.585478529497074], [-90.18659285484642, 38.5901171545227], [-90.19215174775724, 38.5947555390287], [-90.19771135506093, 38.5993936828826], [-90.2032716769355, 38.60403158595187], [-90.208832713559, 38.60866924810401], [-90.21439446510948, 38.61330666920645], [-90.21995693176504, 38.61794384912666], [-90.22552011370372, 38.622580787732026], [-90.23125721581627, 38.622716789852504], [-90.23682150967697, 38.62735322783211], [-90.24238651919569, 38.63198942413879], [-90.24795224455062, 38.63662537863984], [-90.2535186859198, 38.64126109120261], [-90.25908584348143, 38.64589656169434], [-90.26482496640844, 38.64603098584028], [-90.27039323682396, 38.650665954435176], [-90.27596222380673, 38.65530068060072], [-90.2815319275348, 38.65993516420402], [-90.2871023481864, 38.664569405112296], [-90.29267348593962, 38.6692034031927], [-90.29824534097261, 38.67383715831237], [-90.29807601476547, 38.67833806599408], [-90.29790665072878, 38.68283896957616], [-90.29773724885335, 38.68733986905835], [-90.29756780913004, 38.69184076444029], [-90.3031416661418, 38.696474344946864], [-90.30297250986867, 38.70097525335427], [-90.30280331580018, 38.70547615766316], [-90.30837853409372, 38.710109528957155], [-90.31395447116216, 38.71474265665128], [-90.31378588266769, 38.71924359100243], [-90.31936286061908, 38.72387649197406], [-90.32494055786266, 38.72850914903958], [-90.330518974577, 38.7331415620659], [-90.33626541075455, 38.733272728767844], [-90.3420118843105, 38.73340361338185], [-90.34775839516463, 38.73353421590239], [-90.35333872308522, 38.73816560113835], [-90.35908566820065, 38.73829566025279], [-90.36466711306467, 38.742926539503976], [-90.37024927800739, 38.74755717394432]]}}, {"type": "Feature", "properties": {"route_run_id": "stl_st_louis_downtown_airport_to_st_louis_lambert_2026-01-12_0146", "route_pair": "st_louis_downtown_airport_to_st_louis_lambert", "route_pair_label": "St. Louis Downtown Airport to St. Louis Lambert", "origin_label": "St. Louis Downtown Airport", "destination_label": "St. Louis Lambert International Airport", "origin_lat": 38.5703611, "origin_lon": -90.1550833, "destination_lat": 38.7486982, "destination_lon": -90.3700257, "traffic_date": "2026-01-12", "traffic_dataset": "January 12th - Monday", "weight_id": "w_0146", "distance_weight": 0.2, "population_weight": 0.3, "traffic_weight": 0.0, "airspace_weight": 0.5, "path_nodes": 43, "path_node_ids": [2179, 2180, 2174, 2199, 2203, 2207, 2341, 2345, 2370, 2373, 2398, 2709, 2711, 2714, 2750, 2744, 2770, 2772, 2777, 3989, 3993, 4006, 4008, 4021, 4045, 4047, 4058, 4062, 4077, 4082, 4084, 5080, 5084, 5310, 5311, 5337, 5320, 5322, 5323, 5346, 5357, 5358, 5364], "elapsed_seconds": 0.04151290000299923, "status": "success", "failure_reason": "", "route_distance_km": 36.197024617572914, "distance_cost_sum": 39.83716642595565, "population_cost_sum": 17.31210242086407, "traffic_cost_sum": 23.983742516081602, "airspace_cost_sum": 36.4, "total_weighted_score": 31.361064011450352}, "geometry": {"type": "LineString", "coordinates": [[-90.15289905765549, 38.57128267769979], [-90.15845430205954, 38.57592253965332], [-90.16401026010618, 38.58056216167], [-90.16956693197352, 38.58520154361737], [-90.17512431783956, 38.5898406853631], [-90.18068241788241, 38.5944795867747], [-90.18624123228014, 38.59911824771971], [-90.18606536210271, 38.60361878809667], [-90.19162520914848, 38.60825722636621], [-90.19718577106451, 38.612895423864465], [-90.20274704802898, 38.61753338045887], [-90.2083090402201, 38.622171096016864], [-90.21387174781604, 38.62680857040582], [-90.21943517099498, 38.631445803493165], [-90.22499930993523, 38.636082795146216], [-90.23056416481495, 38.64071954523234], [-90.2361297358124, 38.64535605361884], [-90.24169602310592, 38.649992320172984], [-90.24726302687371, 38.65462834476206], [-90.25283074729404, 38.65926412725328], [-90.2583991845453, 38.663899667513896], [-90.26396833880578, 38.66853496541107], [-90.26953821025378, 38.673170020811966], [-90.2751087990677, 38.67780483358376], [-90.28068010542587, 38.682439403593555], [-90.28625212950666, 38.68707373070842], [-90.29182487148844, 38.69170781479548], [-90.29739833154962, 38.69634165572174], [-90.30297250986867, 38.70097525335427], [-90.30280331580018, 38.70547615766316], [-90.30837853409372, 38.710109528957155], [-90.31395447116216, 38.71474265665128], [-90.31378588266769, 38.71924359100243], [-90.31936286061908, 38.72387649197406], [-90.32494055786266, 38.72850914903958], [-90.330518974577, 38.7331415620659], [-90.33626541075455, 38.733272728767844], [-90.3420118843105, 38.73340361338185], [-90.34775839516463, 38.73353421590239], [-90.35333872308522, 38.73816560113835], [-90.35908566820065, 38.73829566025279], [-90.36466711306467, 38.742926539503976], [-90.37024927800739, 38.74755717394432]]}}, {"type": "Feature", "properties": {"route_run_id": "stl_st_louis_downtown_airport_to_st_louis_lambert_2026-01-12_0244", "route_pair": "st_louis_downtown_airport_to_st_louis_lambert", "route_pair_label": "St. Louis Downtown Airport to St. Louis Lambert", "origin_label": "St. Louis Downtown Airport", "destination_label": "St. Louis Lambert International Airport", "origin_lat": 38.5703611, "origin_lon": -90.1550833, "destination_lat": 38.7486982, "destination_lon": -90.3700257, "traffic_date": "2026-01-12", "traffic_dataset": "January 12th - Monday", "weight_id": "w_0244", "distance_weight": 0.5, "population_weight": 0.2, "traffic_weight": 0.1, "airspace_weight": 0.2, "path_nodes": 40, "path_node_ids": [2179, 2180, 2174, 2199, 2203, 2207, 2341, 2344, 2368, 2374, 2394, 2397, 2712, 2716, 2739, 2746, 2769, 2773, 3985, 3988, 3992, 3994, 4019, 4020, 4023, 4055, 4059, 4063, 4064, 5048, 5052, 5076, 5082, 5299, 5304, 5319, 5321, 5357, 5358, 5364], "elapsed_seconds": 0.009411999984877184, "status": "success", "failure_reason": "", "route_distance_km": 35.0695243590648, "distance_cost_sum": 38.596279476875054, "population_cost_sum": 23.651108783135093, "traffic_cost_sum": 17.839922019494136, "airspace_cost_sum": 33.8, "total_weighted_score": 32.57235369701396}, "geometry": {"type": "LineString", "coordinates": [[-90.15289905765549, 38.57128267769979], [-90.15845430205954, 38.57592253965332], [-90.16401026010618, 38.58056216167], [-90.16956693197352, 38.58520154361737], [-90.17512431783956, 38.5898406853631], [-90.18068241788241, 38.5944795867747], [-90.18624123228014, 38.59911824771971], [-90.19180076121087, 38.60375666806568], [-90.19736100485268, 38.60839484768009], [-90.20292196338367, 38.61303278643038], [-90.2084836369821, 38.617670484184025], [-90.21404602582597, 38.62230794080845], [-90.21960913009349, 38.62694515617101], [-90.22517294996291, 38.63158213013913], [-90.23073748561237, 38.63621886258013], [-90.23630273722006, 38.640855353361346], [-90.24186870496423, 38.645491602350084], [-90.24743538902311, 38.65012760941361], [-90.25300278957496, 38.654763374419176], [-90.25857090679797, 38.65939889723403], [-90.26413974087053, 38.66403417772537], [-90.26970929197084, 38.66866921576039], [-90.27527956027723, 38.67330401120623], [-90.28085054596801, 38.677938563930056], [-90.28642224922152, 38.68257287379895], [-90.29199467021606, 38.68720694068001], [-90.29756780913004, 38.69184076444029], [-90.3031416661418, 38.696474344946864], [-90.30888503852013, 38.69660675247757], [-90.31446001070607, 38.70123982903419], [-90.32003570136486, 38.70587266197814], [-90.32561211067481, 38.710505251176386], [-90.33118923881437, 38.715137596495865], [-90.3367670859619, 38.719769697803464], [-90.34234565229588, 38.724401554966114], [-90.34792493799469, 38.72903316785066], [-90.35350494323681, 38.73366453632395], [-90.35908566820065, 38.73829566025279], [-90.36466711306467, 38.742926539503976], [-90.37024927800739, 38.74755717394432]]}}, {"type": "Feature", "properties": {"route_run_id": "stl_st_louis_downtown_airport_to_st_louis_lambert_2026-01-12_0162", "route_pair": "st_louis_downtown_airport_to_st_louis_lambert", "route_pair_label": "St. Louis Downtown Airport to St. Louis Lambert", "origin_label": "St. Louis Downtown Airport", "destination_label": "St. Louis Lambert International Airport", "origin_lat": 38.5703611, "origin_lon": -90.1550833, "destination_lat": 38.7486982, "destination_lon": -90.3700257, "traffic_date": "2026-01-12", "traffic_dataset": "January 12th - Monday", "weight_id": "w_0162", "distance_weight": 0.2, "population_weight": 0.6, "traffic_weight": 0.1, "airspace_weight": 0.1, "path_nodes": 54, "path_node_ids": [2179, 2180, 2183, 2186, 2419, 2425, 2427, 2453, 2456, 2479, 2480, 2484, 2486, 2809, 2813, 2817, 2858, 2862, 2864, 2795, 2796, 3899, 3902, 3914, 3948, 3950, 3966, 3944, 3977, 3976, 3941, 4043, 4066, 4067, 4068, 4185, 4187, 4188, 4076, 4075, 4082, 4084, 5080, 5084, 5310, 5311, 5337, 5320, 5322, 5323, 5346, 5357, 5358, 5364], "elapsed_seconds": 0.02415740001015365, "status": "success", "failure_reason": "", "route_distance_km": 41.39551894523517, "distance_cost_sum": 45.55844561626036, "population_cost_sum": 9.018797265828733, "traffic_cost_sum": 39.9359635634908, "airspace_cost_sum": 44.6, "total_weighted_score": 22.976563839098397}, "geometry": {"type": "LineString", "coordinates": [[-90.15289905765549, 38.57128267769979], [-90.15845430205954, 38.57592253965332], [-90.15827684369297, 38.58042298981685], [-90.1580993457009, 38.58492343582021], [-90.15792180807382, 38.58942387766302], [-90.15774423080212, 38.593924315345014], [-90.16330145854758, 38.59856400986431], [-90.16885940074975, 38.60320346415569], [-90.16868241918205, 38.60770393390031], [-90.16850539809049, 38.61220439948829], [-90.16832833746557, 38.616704860919356], [-90.16815123729772, 38.62120531819316], [-90.16797409757739, 38.62570577130943], [-90.16779691829495, 38.630206220267794], [-90.16761969944088, 38.63470666506797], [-90.16744244100559, 38.63920710570964], [-90.17300364314747, 38.64384646412727], [-90.17282666359999, 38.64834691868183], [-90.17838890046788, 38.65298605432084], [-90.18395185376184, 38.657624948976824], [-90.18951552366053, 38.66226360251709], [-90.1950799103427, 38.666902014808954], [-90.200645013987, 38.67154018571967], [-90.20621083477218, 38.67617811511645], [-90.21177737287698, 38.68081580286656], [-90.21734462848015, 38.68545324883716], [-90.2229126017605, 38.690090452895454], [-90.22865507887754, 38.69022678182468], [-90.23439759481155, 38.69036282917826], [-90.24014014948251, 38.69049859495047], [-90.24605541323987, 38.68613337677085], [-90.2517976862147, 38.68626855773688], [-90.25736804511756, 38.69090420272148], [-90.26311075393669, 38.69103884211091], [-90.26868222818311, 38.695673984376505], [-90.27425442059507, 38.700308883813186], [-90.27999796237877, 38.700442721166475], [-90.28557127047641, 38.70507711728869], [-90.29148516021279, 38.700709550716724], [-90.297228816103, 38.700842542902386], [-90.30280331580018, 38.70547615766316], [-90.30837853409372, 38.710109528957155], [-90.31395447116216, 38.71474265665128], [-90.31378588266769, 38.71924359100243], [-90.31936286061908, 38.72387649197406], [-90.32494055786266, 38.72850914903958], [-90.330518974577, 38.7331415620659], [-90.33626541075455, 38.733272728767844], [-90.3420118843105, 38.73340361338185], [-90.34775839516463, 38.73353421590239], [-90.35333872308522, 38.73816560113835], [-90.35908566820065, 38.73829566025279], [-90.36466711306467, 38.742926539503976], [-90.37024927800739, 38.74755717394432]]}}, {"type": "Feature", "properties": {"route_run_id": "stl_st_louis_downtown_airport_to_st_louis_lambert_2026-01-12_0130", "route_pair": "st_louis_downtown_airport_to_st_louis_lambert", "route_pair_label": "St. Louis Downtown Airport to St. Louis Lambert", "origin_label": "St. Louis Downtown Airport", "destination_label": "St. Louis Lambert International Airport", "origin_lat": 38.5703611, "origin_lon": -90.1550833, "destination_lat": 38.7486982, "destination_lon": -90.3700257, "traffic_date": "2026-01-12", "traffic_dataset": "January 12th - Monday", "weight_id": "w_0130", "distance_weight": 0.2, "population_weight": 0.0, "traffic_weight": 0.8, "airspace_weight": 0.0, "path_nodes": 44, "path_node_ids": [2179, 2147, 2157, 2170, 2175, 2201, 2313, 2316, 2342, 2347, 2366, 2389, 2392, 2396, 2724, 2721, 2726, 2740, 2678, 2680, 2682, 2685, 3986, 2706, 2705, 2707, 4004, 4027, 4032, 4056, 5030, 5033, 5049, 5054, 5071, 5295, 5299, 5304, 5315, 5317, 5321, 5357, 5358, 5364], "elapsed_seconds": 0.01427530002547428, "status": "success", "failure_reason": "", "route_distance_km": 36.56811270663066, "distance_cost_sum": 40.245572865950905, "population_cost_sum": 27.037251837768576, "traffic_cost_sum": 15.898010159571575, "airspace_cost_sum": 37.00000000000001, "total_weighted_score": 20.767522700847444}, "geometry": {"type": "LineString", "coordinates": [[-90.15289905765549, 38.57128267769979], [-90.15863172081019, 38.571422085329914], [-90.16436442357126, 38.57156121262679], [-90.16992046069078, 38.5762005584167], [-90.17547721149117, 38.58083966408426], [-90.1810346761504, 38.585478529497074], [-90.18659285484642, 38.5901171545227], [-90.19215174775724, 38.5947555390287], [-90.19771135506093, 38.5993936828826], [-90.2032716769355, 38.60403158595187], [-90.208832713559, 38.60866924810401], [-90.21439446510948, 38.61330666920645], [-90.21995693176504, 38.61794384912666], [-90.22552011370372, 38.622580787732026], [-90.23108401110366, 38.627217484889904], [-90.23682150967697, 38.62735322783211], [-90.24238651919569, 38.63198942413879], [-90.24795224455062, 38.63662537863984], [-90.2535186859198, 38.64126109120261], [-90.25908584348143, 38.64589656169434], [-90.25891423625677, 38.65039734432395], [-90.26448243016516, 38.6550325900107], [-90.27005134078189, 38.65966759332096], [-90.27562096828521, 38.66430235412195], [-90.28136163921492, 38.66443602029574], [-90.28693238041095, 38.66907027844067], [-90.29250383886837, 38.67370429371775], [-90.29807601476547, 38.67833806599408], [-90.30364890828046, 38.682971595136756], [-90.30922251959161, 38.68760488101284], [-90.31479684887715, 38.692237923489365], [-90.3203718963154, 38.69687072243334], [-90.32594766208454, 38.701503277711794], [-90.33152414636298, 38.70613558919165], [-90.33710134932893, 38.7107676567399], [-90.33693423631652, 38.71526867931356], [-90.3367670859619, 38.719769697803464], [-90.34234565229588, 38.724401554966114], [-90.34809144361579, 38.724532115719484], [-90.35367112625059, 38.729163467432365], [-90.35350494323681, 38.73366453632395], [-90.35908566820065, 38.73829566025279], [-90.36466711306467, 38.742926539503976], [-90.37024927800739, 38.74755717394432]]}}, {"type": "Feature", "properties": {"route_run_id": "stl_st_louis_downtown_airport_to_st_louis_lambert_2026-01-12_0138", "route_pair": "st_louis_downtown_airport_to_st_louis_lambert", "route_pair_label": "St. Louis Downtown Airport to St. Louis Lambert", "origin_label": "St. Louis Downtown Airport", "destination_label": "St. Louis Lambert International Airport", "origin_lat": 38.5703611, "origin_lon": -90.1550833, "destination_lat": 38.7486982, "destination_lon": -90.3700257, "traffic_date": "2026-01-12", "traffic_dataset": "January 12th - Monday", "weight_id": "w_0138", "distance_weight": 0.2, "population_weight": 0.1, "traffic_weight": 0.7, "airspace_weight": 0.0, "path_nodes": 43, "path_node_ids": [2179, 2147, 2157, 2170, 2175, 2201, 2313, 2316, 2342, 2347, 2366, 2389, 2392, 2396, 2720, 2721, 2726, 2740, 2678, 2680, 2682, 2685, 3986, 2706, 2705, 2707, 4004, 4027, 4032, 4056, 5030, 5033, 5049, 5054, 5078, 5295, 5300, 5315, 5317, 5321, 5357, 5358, 5364], "elapsed_seconds": 0.01628739997977391, "status": "success", "failure_reason": "", "route_distance_km": 36.19257017168355, "distance_cost_sum": 39.83226402018875, "population_cost_sum": 25.74240899456289, "traffic_cost_sum": 16.157353501725584, "airspace_cost_sum": 36.00000000000001, "total_weighted_score": 21.850841154701946}, "geometry": {"type": "LineString", "coordinates": [[-90.15289905765549, 38.57128267769979], [-90.15863172081019, 38.571422085329914], [-90.16436442357126, 38.57156121262679], [-90.16992046069078, 38.5762005584167], [-90.17547721149117, 38.58083966408426], [-90.1810346761504, 38.585478529497074], [-90.18659285484642, 38.5901171545227], [-90.19215174775724, 38.5947555390287], [-90.19771135506093, 38.5993936828826], [-90.2032716769355, 38.60403158595187], [-90.208832713559, 38.60866924810401], [-90.21439446510948, 38.61330666920645], [-90.21995693176504, 38.61794384912666], [-90.22552011370372, 38.622580787732026], [-90.23125721581627, 38.622716789852504], [-90.23682150967697, 38.62735322783211], [-90.24238651919569, 38.63198942413879], [-90.24795224455062, 38.63662537863984], [-90.2535186859198, 38.64126109120261], [-90.25908584348143, 38.64589656169434], [-90.25891423625677, 38.65039734432395], [-90.26448243016516, 38.6550325900107], [-90.27005134078189, 38.65966759332096], [-90.27562096828521, 38.66430235412195], [-90.28136163921492, 38.66443602029574], [-90.28693238041095, 38.66907027844067], [-90.29250383886837, 38.67370429371775], [-90.29807601476547, 38.67833806599408], [-90.30364890828046, 38.682971595136756], [-90.30922251959161, 38.68760488101284], [-90.31479684887715, 38.692237923489365], [-90.3203718963154, 38.69687072243334], [-90.32594766208454, 38.701503277711794], [-90.33152414636298, 38.70613558919165], [-90.33135671129529, 38.710636594886786], [-90.33693423631652, 38.71526867931356], [-90.3425124803639, 38.71990051963549], [-90.34809144361579, 38.724532115719484], [-90.35367112625059, 38.729163467432365], [-90.35350494323681, 38.73366453632395], [-90.35908566820065, 38.73829566025279], [-90.36466711306467, 38.742926539503976], [-90.37024927800739, 38.74755717394432]]}}, {"type": "Feature", "properties": {"route_run_id": "stl_st_louis_downtown_airport_to_st_louis_lambert_2026-01-12_0240", "route_pair": "st_louis_downtown_airport_to_st_louis_lambert", "route_pair_label": "St. Louis Downtown Airport to St. Louis Lambert", "origin_label": "St. Louis Downtown Airport", "destination_label": "St. Louis Lambert International Airport", "origin_lat": 38.5703611, "origin_lon": -90.1550833, "destination_lat": 38.7486982, "destination_lon": -90.3700257, "traffic_date": "2026-01-12", "traffic_dataset": "January 12th - Monday", "weight_id": "w_0240", "distance_weight": 0.5, "population_weight": 0.1, "traffic_weight": 0.2, "airspace_weight": 0.2, "path_nodes": 40, "path_node_ids": [2179, 2180, 2174, 2199, 2203, 2207, 2341, 2344, 2368, 2374, 2394, 2397, 2712, 2716, 2739, 2746, 2769, 2773, 3985, 3988, 3992, 3994, 4019, 4020, 4023, 4055, 4059, 4063, 4064, 5048, 5052, 5076, 5082, 5299, 5304, 5319, 5321, 5357, 5358, 5364], "elapsed_seconds": 0.00871490000281483, "status": "success", "failure_reason": "", "route_distance_km": 35.0695243590648, "distance_cost_sum": 38.596279476875054, "population_cost_sum": 23.651108783135093, "traffic_cost_sum": 17.839922019494136, "airspace_cost_sum": 33.8, "total_weighted_score": 31.99123502064986}, "geometry": {"type": "LineString", "coordinates": [[-90.15289905765549, 38.57128267769979], [-90.15845430205954, 38.57592253965332], [-90.16401026010618, 38.58056216167], [-90.16956693197352, 38.58520154361737], [-90.17512431783956, 38.5898406853631], [-90.18068241788241, 38.5944795867747], [-90.18624123228014, 38.59911824771971], [-90.19180076121087, 38.60375666806568], [-90.19736100485268, 38.60839484768009], [-90.20292196338367, 38.61303278643038], [-90.2084836369821, 38.617670484184025], [-90.21404602582597, 38.62230794080845], [-90.21960913009349, 38.62694515617101], [-90.22517294996291, 38.63158213013913], [-90.23073748561237, 38.63621886258013], [-90.23630273722006, 38.640855353361346], [-90.24186870496423, 38.645491602350084], [-90.24743538902311, 38.65012760941361], [-90.25300278957496, 38.654763374419176], [-90.25857090679797, 38.65939889723403], [-90.26413974087053, 38.66403417772537], [-90.26970929197084, 38.66866921576039], [-90.27527956027723, 38.67330401120623], [-90.28085054596801, 38.677938563930056], [-90.28642224922152, 38.68257287379895], [-90.29199467021606, 38.68720694068001], [-90.29756780913004, 38.69184076444029], [-90.3031416661418, 38.696474344946864], [-90.30888503852013, 38.69660675247757], [-90.31446001070607, 38.70123982903419], [-90.32003570136486, 38.70587266197814], [-90.32561211067481, 38.710505251176386], [-90.33118923881437, 38.715137596495865], [-90.3367670859619, 38.719769697803464], [-90.34234565229588, 38.724401554966114], [-90.34792493799469, 38.72903316785066], [-90.35350494323681, 38.73366453632395], [-90.35908566820065, 38.73829566025279], [-90.36466711306467, 38.742926539503976], [-90.37024927800739, 38.74755717394432]]}}, {"type": "Feature", "properties": {"route_run_id": "stl_st_louis_downtown_airport_to_st_louis_lambert_2026-01-12_0280", "route_pair": "st_louis_downtown_airport_to_st_louis_lambert", "route_pair_label": "St. Louis Downtown Airport to St. Louis Lambert", "origin_label": "St. Louis Downtown Airport", "destination_label": "St. Louis Lambert International Airport", "origin_lat": 38.5703611, "origin_lon": -90.1550833, "destination_lat": 38.7486982, "destination_lon": -90.3700257, "traffic_date": "2026-01-12", "traffic_dataset": "January 12th - Monday", "weight_id": "w_0280", "distance_weight": 0.8, "population_weight": 0.0, "traffic_weight": 0.2, "airspace_weight": 0.0, "path_nodes": 40, "path_node_ids": [2179, 2180, 2174, 2199, 2203, 2207, 2341, 2344, 2368, 2374, 2394, 2397, 2712, 2716, 2739, 2746, 2769, 2773, 3985, 3988, 3992, 3990, 4016, 4017, 4022, 4029, 4034, 4060, 4064, 5048, 5052, 5076, 5082, 5299, 5304, 5319, 5321, 5357, 5358, 5364], "elapsed_seconds": 0.0030655000009573996, "status": "success", "failure_reason": "", "route_distance_km": 35.06925127294606, "distance_cost_sum": 38.59597892794111, "population_cost_sum": 25.05959051055676, "traffic_cost_sum": 17.839922019494136, "airspace_cost_sum": 33.4, "total_weighted_score": 34.44476754625172}, "geometry": {"type": "LineString", "coordinates": [[-90.15289905765549, 38.57128267769979], [-90.15845430205954, 38.57592253965332], [-90.16401026010618, 38.58056216167], [-90.16956693197352, 38.58520154361737], [-90.17512431783956, 38.5898406853631], [-90.18068241788241, 38.5944795867747], [-90.18624123228014, 38.59911824771971], [-90.19180076121087, 38.60375666806568], [-90.19736100485268, 38.60839484768009], [-90.20292196338367, 38.61303278643038], [-90.2084836369821, 38.617670484184025], [-90.21404602582597, 38.62230794080845], [-90.21960913009349, 38.62694515617101], [-90.22517294996291, 38.63158213013913], [-90.23073748561237, 38.63621886258013], [-90.23630273722006, 38.640855353361346], [-90.24186870496423, 38.645491602350084], [-90.24743538902311, 38.65012760941361], [-90.25300278957496, 38.654763374419176], [-90.25857090679797, 38.65939889723403], [-90.26413974087053, 38.66403417772537], [-90.26988033547711, 38.664168406596616], [-90.27545028334664, 38.66880318471887], [-90.28102094844074, 38.67343772015905], [-90.28659233093768, 38.67807201278429], [-90.29216443101578, 38.68270606246168], [-90.29773724885335, 38.68733986905835], [-90.30331078462868, 38.69197343244128], [-90.30888503852013, 38.69660675247757], [-90.31446001070607, 38.70123982903419], [-90.32003570136486, 38.70587266197814], [-90.32561211067481, 38.710505251176386], [-90.33118923881437, 38.715137596495865], [-90.3367670859619, 38.719769697803464], [-90.34234565229588, 38.724401554966114], [-90.34792493799469, 38.72903316785066], [-90.35350494323681, 38.73366453632395], [-90.35908566820065, 38.73829566025279], [-90.36466711306467, 38.742926539503976], [-90.37024927800739, 38.74755717394432]]}}, {"type": "Feature", "properties": {"route_run_id": "stl_st_louis_downtown_airport_to_st_louis_lambert_2026-01-12_0155", "route_pair": "st_louis_downtown_airport_to_st_louis_lambert", "route_pair_label": "St. Louis Downtown Airport to St. Louis Lambert", "origin_label": "St. Louis Downtown Airport", "destination_label": "St. Louis Lambert International Airport", "origin_lat": 38.5703611, "origin_lon": -90.1550833, "destination_lat": 38.7486982, "destination_lon": -90.3700257, "traffic_date": "2026-01-12", "traffic_dataset": "January 12th - Monday", "weight_id": "w_0155", "distance_weight": 0.2, "population_weight": 0.4, "traffic_weight": 0.3, "airspace_weight": 0.1, "path_nodes": 44, "path_node_ids": [2179, 2180, 2174, 2199, 2203, 2206, 2449, 2345, 2370, 2373, 2398, 2709, 2711, 2714, 2750, 2744, 2770, 2772, 2777, 3989, 3988, 3992, 3994, 4019, 4020, 4023, 4055, 4059, 4063, 4077, 4082, 4084, 5080, 5084, 5310, 5311, 5337, 5320, 5322, 5323, 5346, 5357, 5358, 5364], "elapsed_seconds": 0.026115500018931925, "status": "success", "failure_reason": "", "route_distance_km": 36.57207281055306, "distance_cost_sum": 40.24993121641444, "population_cost_sum": 16.402941041735232, "traffic_cost_sum": 23.43756424675925, "airspace_cost_sum": 37.4, "total_weighted_score": 25.382431934004757}, "geometry": {"type": "LineString", "coordinates": [[-90.15289905765549, 38.57128267769979], [-90.15845430205954, 38.57592253965332], [-90.16401026010618, 38.58056216167], [-90.16956693197352, 38.58520154361737], [-90.17512431783956, 38.5898406853631], [-90.17494781190939, 38.59434118977373], [-90.18050622974906, 38.59898010918833], [-90.18606536210271, 38.60361878809667], [-90.19162520914848, 38.60825722636621], [-90.19718577106451, 38.612895423864465], [-90.20274704802898, 38.61753338045887], [-90.2083090402201, 38.622171096016864], [-90.21387174781604, 38.62680857040582], [-90.21943517099498, 38.631445803493165], [-90.22499930993523, 38.636082795146216], [-90.23056416481495, 38.64071954523234], [-90.2361297358124, 38.64535605361884], [-90.24169602310592, 38.649992320172984], [-90.24726302687371, 38.65462834476206], [-90.25283074729404, 38.65926412725328], [-90.25857090679797, 38.65939889723403], [-90.26413974087053, 38.66403417772537], [-90.26970929197084, 38.66866921576039], [-90.27527956027723, 38.67330401120623], [-90.28085054596801, 38.677938563930056], [-90.28642224922152, 38.68257287379895], [-90.29199467021606, 38.68720694068001], [-90.29756780913004, 38.69184076444029], [-90.3031416661418, 38.696474344946864], [-90.30297250986867, 38.70097525335427], [-90.30280331580018, 38.70547615766316], [-90.30837853409372, 38.710109528957155], [-90.31395447116216, 38.71474265665128], [-90.31378588266769, 38.71924359100243], [-90.31936286061908, 38.72387649197406], [-90.32494055786266, 38.72850914903958], [-90.330518974577, 38.7331415620659], [-90.33626541075455, 38.733272728767844], [-90.3420118843105, 38.73340361338185], [-90.34775839516463, 38.73353421590239], [-90.35333872308522, 38.73816560113835], [-90.35908566820065, 38.73829566025279], [-90.36466711306467, 38.742926539503976], [-90.37024927800739, 38.74755717394432]]}}, {"type": "Feature", "properties": {"route_run_id": "stl_st_louis_downtown_airport_to_st_louis_lambert_2026-01-12_0227", "route_pair": "st_louis_downtown_airport_to_st_louis_lambert", "route_pair_label": "St. Louis Downtown Airport to St. Louis Lambert", "origin_label": "St. Louis Downtown Airport", "destination_label": "St. Louis Lambert International Airport", "origin_lat": 38.5703611, "origin_lon": -90.1550833, "destination_lat": 38.7486982, "destination_lon": -90.3700257, "traffic_date": "2026-01-12", "traffic_dataset": "January 12th - Monday", "weight_id": "w_0227", "distance_weight": 0.4, "population_weight": 0.4, "traffic_weight": 0.1, "airspace_weight": 0.1, "path_nodes": 44, "path_node_ids": [2179, 2180, 2174, 2199, 2203, 2206, 2449, 2345, 2370, 2373, 2398, 2709, 2711, 2714, 2750, 2744, 2770, 2772, 2777, 3989, 3988, 3992, 3994, 4019, 4020, 4023, 4055, 4059, 4063, 4077, 4082, 4084, 5080, 5084, 5310, 5311, 5337, 5320, 5322, 5323, 5346, 5357, 5358, 5364], "elapsed_seconds": 0.01186319999396801, "status": "success", "failure_reason": "", "route_distance_km": 36.57207281055306, "distance_cost_sum": 40.24993121641444, "population_cost_sum": 16.402941041735232, "traffic_cost_sum": 23.43756424675925, "airspace_cost_sum": 37.4, "total_weighted_score": 28.744905327935793}, "geometry": {"type": "LineString", "coordinates": [[-90.15289905765549, 38.57128267769979], [-90.15845430205954, 38.57592253965332], [-90.16401026010618, 38.58056216167], [-90.16956693197352, 38.58520154361737], [-90.17512431783956, 38.5898406853631], [-90.17494781190939, 38.59434118977373], [-90.18050622974906, 38.59898010918833], [-90.18606536210271, 38.60361878809667], [-90.19162520914848, 38.60825722636621], [-90.19718577106451, 38.612895423864465], [-90.20274704802898, 38.61753338045887], [-90.2083090402201, 38.622171096016864], [-90.21387174781604, 38.62680857040582], [-90.21943517099498, 38.631445803493165], [-90.22499930993523, 38.636082795146216], [-90.23056416481495, 38.64071954523234], [-90.2361297358124, 38.64535605361884], [-90.24169602310592, 38.649992320172984], [-90.24726302687371, 38.65462834476206], [-90.25283074729404, 38.65926412725328], [-90.25857090679797, 38.65939889723403], [-90.26413974087053, 38.66403417772537], [-90.26970929197084, 38.66866921576039], [-90.27527956027723, 38.67330401120623], [-90.28085054596801, 38.677938563930056], [-90.28642224922152, 38.68257287379895], [-90.29199467021606, 38.68720694068001], [-90.29756780913004, 38.69184076444029], [-90.3031416661418, 38.696474344946864], [-90.30297250986867, 38.70097525335427], [-90.30280331580018, 38.70547615766316], [-90.30837853409372, 38.710109528957155], [-90.31395447116216, 38.71474265665128], [-90.31378588266769, 38.71924359100243], [-90.31936286061908, 38.72387649197406], [-90.32494055786266, 38.72850914903958], [-90.330518974577, 38.7331415620659], [-90.33626541075455, 38.733272728767844], [-90.3420118843105, 38.73340361338185], [-90.34775839516463, 38.73353421590239], [-90.35333872308522, 38.73816560113835], [-90.35908566820065, 38.73829566025279], [-90.36466711306467, 38.742926539503976], [-90.37024927800739, 38.74755717394432]]}}, {"type": "Feature", "properties": {"route_run_id": "stl_st_louis_downtown_airport_to_st_louis_lambert_2026-01-12_0161", "route_pair": "st_louis_downtown_airport_to_st_louis_lambert", "route_pair_label": "St. Louis Downtown Airport to St. Louis Lambert", "origin_label": "St. Louis Downtown Airport", "destination_label": "St. Louis Lambert International Airport", "origin_lat": 38.5703611, "origin_lon": -90.1550833, "destination_lat": 38.7486982, "destination_lon": -90.3700257, "traffic_date": "2026-01-12", "traffic_dataset": "January 12th - Monday", "weight_id": "w_0161", "distance_weight": 0.2, "population_weight": 0.6, "traffic_weight": 0.0, "airspace_weight": 0.2, "path_nodes": 55, "path_node_ids": [2179, 2180, 2183, 2186, 2419, 2423, 2448, 2452, 2455, 2478, 2482, 2483, 2487, 2811, 2812, 2816, 2858, 2863, 2864, 2889, 3896, 3898, 3901, 3927, 3946, 3949, 3953, 3966, 3944, 3977, 3976, 3941, 4043, 4066, 4067, 4068, 4185, 4187, 4188, 4076, 4075, 4082, 4084, 5080, 5084, 5310, 5311, 5337, 5320, 5322, 5323, 5346, 5357, 5358, 5364], "elapsed_seconds": 0.025496399990515783, "status": "success", "failure_reason": "", "route_distance_km": 41.77074742931658, "distance_cost_sum": 45.971408828735385, "population_cost_sum": 8.67777235752909, "traffic_cost_sum": 41.35893898884012, "airspace_cost_sum": 45.2, "total_weighted_score": 23.440945180264535}, "geometry": {"type": "LineString", "coordinates": [[-90.15289905765549, 38.57128267769979], [-90.15845430205954, 38.57592253965332], [-90.15827684369297, 38.58042298981685], [-90.1580993457009, 38.58492343582021], [-90.15792180807382, 38.58942387766302], [-90.16347871828971, 38.59406355405304], [-90.1690363428032, 38.598702990254786], [-90.17459468179258, 38.60334218613583], [-90.17441805758689, 38.60784267808668], [-90.174241393937, 38.61234316588366], [-90.17406469083332, 38.61684364952644], [-90.17388794826633, 38.621344129014695], [-90.17371116622648, 38.62584460434813], [-90.17353434470424, 38.6303450755264], [-90.17335748369, 38.63484554254923], [-90.17318058317427, 38.63934600541629], [-90.17300364314747, 38.64384646412727], [-90.17856556137721, 38.64848558173427], [-90.17838890046788, 38.65298605432084], [-90.17821220009857, 38.65748652275311], [-90.18377547226044, 38.66212543540375], [-90.18933946118675, 38.666764106898924], [-90.19490416705614, 38.67140253710589], [-90.20046959004746, 38.676040725891895], [-90.20603573033937, 38.68067867312418], [-90.21160258811075, 38.68531637866994], [-90.2171701635404, 38.68995384239636], [-90.2229126017605, 38.690090452895454], [-90.22865507887754, 38.69022678182468], [-90.23439759481155, 38.69036282917826], [-90.24014014948251, 38.69049859495047], [-90.24605541323987, 38.68613337677085], [-90.2517976862147, 38.68626855773688], [-90.25736804511756, 38.69090420272148], [-90.26311075393669, 38.69103884211091], [-90.26868222818311, 38.695673984376505], [-90.27425442059507, 38.700308883813186], [-90.27999796237877, 38.700442721166475], [-90.28557127047641, 38.70507711728869], [-90.29148516021279, 38.700709550716724], [-90.297228816103, 38.700842542902386], [-90.30280331580018, 38.70547615766316], [-90.30837853409372, 38.710109528957155], [-90.31395447116216, 38.71474265665128], [-90.31378588266769, 38.71924359100243], [-90.31936286061908, 38.72387649197406], [-90.32494055786266, 38.72850914903958], [-90.330518974577, 38.7331415620659], [-90.33626541075455, 38.733272728767844], [-90.3420118843105, 38.73340361338185], [-90.34775839516463, 38.73353421590239], [-90.35333872308522, 38.73816560113835], [-90.35908566820065, 38.73829566025279], [-90.36466711306467, 38.742926539503976], [-90.37024927800739, 38.74755717394432]]}}, {"type": "Feature", "properties": {"route_run_id": "stl_st_louis_downtown_airport_to_st_louis_lambert_2026-01-12_0101", "route_pair": "st_louis_downtown_airport_to_st_louis_lambert", "route_pair_label": "St. Louis Downtown Airport to St. Louis Lambert", "origin_label": "St. Louis Downtown Airport", "destination_label": "St. Louis Lambert International Airport", "origin_lat": 38.5703611, "origin_lon": -90.1550833, "destination_lat": 38.7486982, "destination_lon": -90.3700257, "traffic_date": "2026-01-12", "traffic_dataset": "January 12th - Monday", "weight_id": "w_0101", "distance_weight": 0.1, "population_weight": 0.4, "traffic_weight": 0.0, "airspace_weight": 0.5, "path_nodes": 43, "path_node_ids": [2179, 2180, 2174, 2199, 2203, 2207, 2341, 2345, 2370, 2373, 2398, 2709, 2711, 2714, 2750, 2744, 2770, 2772, 2777, 3989, 3993, 4006, 4008, 4021, 4045, 4047, 4058, 4062, 4077, 4082, 4084, 5080, 5084, 5310, 5311, 5337, 5320, 5322, 5323, 5346, 5357, 5358, 5364], "elapsed_seconds": 0.05084110001916997, "status": "success", "failure_reason": "", "route_distance_km": 36.197024617572914, "distance_cost_sum": 39.83716642595565, "population_cost_sum": 17.31210242086407, "traffic_cost_sum": 23.983742516081602, "airspace_cost_sum": 36.4, "total_weighted_score": 29.108557610941197}, "geometry": {"type": "LineString", "coordinates": [[-90.15289905765549, 38.57128267769979], [-90.15845430205954, 38.57592253965332], [-90.16401026010618, 38.58056216167], [-90.16956693197352, 38.58520154361737], [-90.17512431783956, 38.5898406853631], [-90.18068241788241, 38.5944795867747], [-90.18624123228014, 38.59911824771971], [-90.18606536210271, 38.60361878809667], [-90.19162520914848, 38.60825722636621], [-90.19718577106451, 38.612895423864465], [-90.20274704802898, 38.61753338045887], [-90.2083090402201, 38.622171096016864], [-90.21387174781604, 38.62680857040582], [-90.21943517099498, 38.631445803493165], [-90.22499930993523, 38.636082795146216], [-90.23056416481495, 38.64071954523234], [-90.2361297358124, 38.64535605361884], [-90.24169602310592, 38.649992320172984], [-90.24726302687371, 38.65462834476206], [-90.25283074729404, 38.65926412725328], [-90.2583991845453, 38.663899667513896], [-90.26396833880578, 38.66853496541107], [-90.26953821025378, 38.673170020811966], [-90.2751087990677, 38.67780483358376], [-90.28068010542587, 38.682439403593555], [-90.28625212950666, 38.68707373070842], [-90.29182487148844, 38.69170781479548], [-90.29739833154962, 38.69634165572174], [-90.30297250986867, 38.70097525335427], [-90.30280331580018, 38.70547615766316], [-90.30837853409372, 38.710109528957155], [-90.31395447116216, 38.71474265665128], [-90.31378588266769, 38.71924359100243], [-90.31936286061908, 38.72387649197406], [-90.32494055786266, 38.72850914903958], [-90.330518974577, 38.7331415620659], [-90.33626541075455, 38.733272728767844], [-90.3420118843105, 38.73340361338185], [-90.34775839516463, 38.73353421590239], [-90.35333872308522, 38.73816560113835], [-90.35908566820065, 38.73829566025279], [-90.36466711306467, 38.742926539503976], [-90.37024927800739, 38.74755717394432]]}}, {"type": "Feature", "properties": {"route_run_id": "stl_st_louis_downtown_airport_to_st_louis_lambert_2026-01-12_0064", "route_pair": "st_louis_downtown_airport_to_st_louis_lambert", "route_pair_label": "St. Louis Downtown Airport to St. Louis Lambert", "origin_label": "St. Louis Downtown Airport", "destination_label": "St. Louis Lambert International Airport", "origin_lat": 38.5703611, "origin_lon": -90.1550833, "destination_lat": 38.7486982, "destination_lon": -90.3700257, "traffic_date": "2026-01-12", "traffic_dataset": "January 12th - Monday", "weight_id": "w_0064", "distance_weight": 0.0, "population_weight": 0.9, "traffic_weight": 0.0, "airspace_weight": 0.1, "path_nodes": 59, "path_node_ids": [2179, 2182, 2192, 2418, 2422, 2425, 2427, 2453, 2456, 2479, 2480, 2483, 2808, 2811, 2813, 2833, 2837, 2861, 2866, 2888, 2892, 2895, 3904, 3925, 3930, 3934, 3958, 3962, 3974, 3970, 3953, 3952, 3940, 3977, 3976, 3941, 4043, 4066, 4067, 4068, 4185, 4187, 4188, 4076, 4075, 4082, 4084, 5080, 5084, 5310, 5311, 5337, 5320, 5322, 5323, 5346, 5357, 5358, 5364], "elapsed_seconds": 0.04195420001633465, "status": "success", "failure_reason": "", "route_distance_km": 47.511436571838324, "distance_cost_sum": 52.28940847612326, "population_cost_sum": 8.293270401426513, "traffic_cost_sum": 42.847199942699596, "airspace_cost_sum": 47.2, "total_weighted_score": 12.183943361283864}, "geometry": {"type": "LineString", "coordinates": [[-90.15289905765549, 38.57128267769979], [-90.14698830189188, 38.575643399377846], [-90.14107683252396, 38.580003791744], [-90.14663191796852, 38.58464420615243], [-90.15218771733517, 38.589284380730234], [-90.15774423080212, 38.593924315345014], [-90.16330145854758, 38.59856400986431], [-90.16885940074975, 38.60320346415569], [-90.16868241918205, 38.60770393390031], [-90.16850539809049, 38.61220439948829], [-90.16832833746557, 38.616704860919356], [-90.17388794826633, 38.621344129014695], [-90.179448274358, 38.625983156498016], [-90.17353434470424, 38.6303450755264], [-90.16761969944088, 38.63470666506797], [-90.16170433842768, 38.63906792498539], [-90.16152668241186, 38.64356833919522], [-90.16708780535298, 38.6482079745162], [-90.17264964452228, 38.6528473690797], [-90.1724725859048, 38.657347815320534], [-90.17803546025965, 38.66198698703078], [-90.17785868094164, 38.666487447153536], [-90.18342259105025, 38.67112639580074], [-90.1889872182426, 38.67576510321293], [-90.18881103775325, 38.6802655951445], [-90.19437670160657, 38.684904079111234], [-90.19420080122836, 38.68940458481685], [-90.19976750231159, 38.694042845128145], [-90.20533492133491, 38.69868086372641], [-90.2112529014267, 38.694317517855914], [-90.2171701635404, 38.68995384239636], [-90.22308670781703, 38.685589837485246], [-90.22882882604138, 38.685726144608395], [-90.23439759481155, 38.69036282917826], [-90.24014014948251, 38.69049859495047], [-90.24605541323987, 38.68613337677085], [-90.2517976862147, 38.68626855773688], [-90.25736804511756, 38.69090420272148], [-90.26311075393669, 38.69103884211091], [-90.26868222818311, 38.695673984376505], [-90.27425442059507, 38.700308883813186], [-90.27999796237877, 38.700442721166475], [-90.28557127047641, 38.70507711728869], [-90.29148516021279, 38.700709550716724], [-90.297228816103, 38.700842542902386], [-90.30280331580018, 38.70547615766316], [-90.30837853409372, 38.710109528957155], [-90.31395447116216, 38.71474265665128], [-90.31378588266769, 38.71924359100243], [-90.31936286061908, 38.72387649197406], [-90.32494055786266, 38.72850914903958], [-90.330518974577, 38.7331415620659], [-90.33626541075455, 38.733272728767844], [-90.3420118843105, 38.73340361338185], [-90.34775839516463, 38.73353421590239], [-90.35333872308522, 38.73816560113835], [-90.35908566820065, 38.73829566025279], [-90.36466711306467, 38.742926539503976], [-90.37024927800739, 38.74755717394432]]}}, {"type": "Feature", "properties": {"route_run_id": "stl_st_louis_downtown_airport_to_st_louis_lambert_2026-01-12_0263", "route_pair": "st_louis_downtown_airport_to_st_louis_lambert", "route_pair_label": "St. Louis Downtown Airport to St. Louis Lambert", "origin_label": "St. Louis Downtown Airport", "destination_label": "St. Louis Lambert International Airport", "origin_lat": 38.5703611, "origin_lon": -90.1550833, "destination_lat": 38.7486982, "destination_lon": -90.3700257, "traffic_date": "2026-01-12", "traffic_dataset": "January 12th - Monday", "weight_id": "w_0263", "distance_weight": 0.6, "population_weight": 0.2, "traffic_weight": 0.1, "airspace_weight": 0.1, "path_nodes": 40, "path_node_ids": [2179, 2180, 2174, 2199, 2203, 2207, 2341, 2344, 2368, 2374, 2394, 2397, 2712, 2716, 2739, 2746, 2769, 2773, 3985, 3988, 3992, 3994, 4019, 4020, 4023, 4055, 4059, 4063, 4064, 5048, 5052, 5076, 5082, 5299, 5304, 5319, 5321, 5357, 5358, 5364], "elapsed_seconds": 0.008039699983783066, "status": "success", "failure_reason": "", "route_distance_km": 35.0695243590648, "distance_cost_sum": 38.596279476875054, "population_cost_sum": 23.651108783135093, "traffic_cost_sum": 17.839922019494136, "airspace_cost_sum": 33.8, "total_weighted_score": 33.05198164470146}, "geometry": {"type": "LineString", "coordinates": [[-90.15289905765549, 38.57128267769979], [-90.15845430205954, 38.57592253965332], [-90.16401026010618, 38.58056216167], [-90.16956693197352, 38.58520154361737], [-90.17512431783956, 38.5898406853631], [-90.18068241788241, 38.5944795867747], [-90.18624123228014, 38.59911824771971], [-90.19180076121087, 38.60375666806568], [-90.19736100485268, 38.60839484768009], [-90.20292196338367, 38.61303278643038], [-90.2084836369821, 38.617670484184025], [-90.21404602582597, 38.62230794080845], [-90.21960913009349, 38.62694515617101], [-90.22517294996291, 38.63158213013913], [-90.23073748561237, 38.63621886258013], [-90.23630273722006, 38.640855353361346], [-90.24186870496423, 38.645491602350084], [-90.24743538902311, 38.65012760941361], [-90.25300278957496, 38.654763374419176], [-90.25857090679797, 38.65939889723403], [-90.26413974087053, 38.66403417772537], [-90.26970929197084, 38.66866921576039], [-90.27527956027723, 38.67330401120623], [-90.28085054596801, 38.677938563930056], [-90.28642224922152, 38.68257287379895], [-90.29199467021606, 38.68720694068001], [-90.29756780913004, 38.69184076444029], [-90.3031416661418, 38.696474344946864], [-90.30888503852013, 38.69660675247757], [-90.31446001070607, 38.70123982903419], [-90.32003570136486, 38.70587266197814], [-90.32561211067481, 38.710505251176386], [-90.33118923881437, 38.715137596495865], [-90.3367670859619, 38.719769697803464], [-90.34234565229588, 38.724401554966114], [-90.34792493799469, 38.72903316785066], [-90.35350494323681, 38.73366453632395], [-90.35908566820065, 38.73829566025279], [-90.36466711306467, 38.742926539503976], [-90.37024927800739, 38.74755717394432]]}}, {"type": "Feature", "properties": {"route_run_id": "stl_st_louis_downtown_airport_to_st_louis_lambert_2026-01-12_0246", "route_pair": "st_louis_downtown_airport_to_st_louis_lambert", "route_pair_label": "St. Louis Downtown Airport to St. Louis Lambert", "origin_label": "St. Louis Downtown Airport", "destination_label": "St. Louis Lambert International Airport", "origin_lat": 38.5703611, "origin_lon": -90.1550833, "destination_lat": 38.7486982, "destination_lon": -90.3700257, "traffic_date": "2026-01-12", "traffic_dataset": "January 12th - Monday", "weight_id": "w_0246", "distance_weight": 0.5, "population_weight": 0.2, "traffic_weight": 0.3, "airspace_weight": 0.0, "path_nodes": 40, "path_node_ids": [2179, 2180, 2174, 2199, 2203, 2207, 2341, 2344, 2368, 2374, 2394, 2397, 2712, 2716, 2739, 2746, 2769, 2773, 3985, 3988, 3992, 3994, 4019, 4020, 4023, 4055, 4059, 4063, 4064, 5048, 5052, 5076, 5082, 5299, 5304, 5319, 5321, 5357, 5358, 5364], "elapsed_seconds": 0.0073278000054415315, "status": "success", "failure_reason": "", "route_distance_km": 35.0695243590648, "distance_cost_sum": 38.596279476875054, "population_cost_sum": 23.651108783135093, "traffic_cost_sum": 17.839922019494136, "airspace_cost_sum": 33.8, "total_weighted_score": 29.380338100912784}, "geometry": {"type": "LineString", "coordinates": [[-90.15289905765549, 38.57128267769979], [-90.15845430205954, 38.57592253965332], [-90.16401026010618, 38.58056216167], [-90.16956693197352, 38.58520154361737], [-90.17512431783956, 38.5898406853631], [-90.18068241788241, 38.5944795867747], [-90.18624123228014, 38.59911824771971], [-90.19180076121087, 38.60375666806568], [-90.19736100485268, 38.60839484768009], [-90.20292196338367, 38.61303278643038], [-90.2084836369821, 38.617670484184025], [-90.21404602582597, 38.62230794080845], [-90.21960913009349, 38.62694515617101], [-90.22517294996291, 38.63158213013913], [-90.23073748561237, 38.63621886258013], [-90.23630273722006, 38.640855353361346], [-90.24186870496423, 38.645491602350084], [-90.24743538902311, 38.65012760941361], [-90.25300278957496, 38.654763374419176], [-90.25857090679797, 38.65939889723403], [-90.26413974087053, 38.66403417772537], [-90.26970929197084, 38.66866921576039], [-90.27527956027723, 38.67330401120623], [-90.28085054596801, 38.677938563930056], [-90.28642224922152, 38.68257287379895], [-90.29199467021606, 38.68720694068001], [-90.29756780913004, 38.69184076444029], [-90.3031416661418, 38.696474344946864], [-90.30888503852013, 38.69660675247757], [-90.31446001070607, 38.70123982903419], [-90.32003570136486, 38.70587266197814], [-90.32561211067481, 38.710505251176386], [-90.33118923881437, 38.715137596495865], [-90.3367670859619, 38.719769697803464], [-90.34234565229588, 38.724401554966114], [-90.34792493799469, 38.72903316785066], [-90.35350494323681, 38.73366453632395], [-90.35908566820065, 38.73829566025279], [-90.36466711306467, 38.742926539503976], [-90.37024927800739, 38.74755717394432]]}}, {"type": "Feature", "properties": {"route_run_id": "stl_st_louis_downtown_airport_to_st_louis_lambert_2026-01-12_0180", "route_pair": "st_louis_downtown_airport_to_st_louis_lambert", "route_pair_label": "St. Louis Downtown Airport to St. Louis Lambert", "origin_label": "St. Louis Downtown Airport", "destination_label": "St. Louis Lambert International Airport", "origin_lat": 38.5703611, "origin_lon": -90.1550833, "destination_lat": 38.7486982, "destination_lon": -90.3700257, "traffic_date": "2026-01-12", "traffic_dataset": "January 12th - Monday", "weight_id": "w_0180", "distance_weight": 0.3, "population_weight": 0.1, "traffic_weight": 0.4, "airspace_weight": 0.2, "path_nodes": 40, "path_node_ids": [2179, 2180, 2174, 2199, 2203, 2207, 2341, 2344, 2368, 2374, 2394, 2397, 2712, 2716, 2739, 2746, 2769, 2773, 3985, 3988, 3992, 3994, 4019, 4020, 4023, 4055, 4059, 4063, 4064, 5048, 5052, 5076, 5082, 5299, 5304, 5319, 5321, 5357, 5358, 5364], "elapsed_seconds": 0.014419099985389039, "status": "success", "failure_reason": "", "route_distance_km": 35.0695243590648, "distance_cost_sum": 38.596279476875054, "population_cost_sum": 23.651108783135093, "traffic_cost_sum": 17.839922019494136, "airspace_cost_sum": 33.8, "total_weighted_score": 27.83996352917368}, "geometry": {"type": "LineString", "coordinates": [[-90.15289905765549, 38.57128267769979], [-90.15845430205954, 38.57592253965332], [-90.16401026010618, 38.58056216167], [-90.16956693197352, 38.58520154361737], [-90.17512431783956, 38.5898406853631], [-90.18068241788241, 38.5944795867747], [-90.18624123228014, 38.59911824771971], [-90.19180076121087, 38.60375666806568], [-90.19736100485268, 38.60839484768009], [-90.20292196338367, 38.61303278643038], [-90.2084836369821, 38.617670484184025], [-90.21404602582597, 38.62230794080845], [-90.21960913009349, 38.62694515617101], [-90.22517294996291, 38.63158213013913], [-90.23073748561237, 38.63621886258013], [-90.23630273722006, 38.640855353361346], [-90.24186870496423, 38.645491602350084], [-90.24743538902311, 38.65012760941361], [-90.25300278957496, 38.654763374419176], [-90.25857090679797, 38.65939889723403], [-90.26413974087053, 38.66403417772537], [-90.26970929197084, 38.66866921576039], [-90.27527956027723, 38.67330401120623], [-90.28085054596801, 38.677938563930056], [-90.28642224922152, 38.68257287379895], [-90.29199467021606, 38.68720694068001], [-90.29756780913004, 38.69184076444029], [-90.3031416661418, 38.696474344946864], [-90.30888503852013, 38.69660675247757], [-90.31446001070607, 38.70123982903419], [-90.32003570136486, 38.70587266197814], [-90.32561211067481, 38.710505251176386], [-90.33118923881437, 38.715137596495865], [-90.3367670859619, 38.719769697803464], [-90.34234565229588, 38.724401554966114], [-90.34792493799469, 38.72903316785066], [-90.35350494323681, 38.73366453632395], [-90.35908566820065, 38.73829566025279], [-90.36466711306467, 38.742926539503976], [-90.37024927800739, 38.74755717394432]]}}, {"type": "Feature", "properties": {"route_run_id": "stl_st_louis_downtown_airport_to_st_louis_lambert_2026-01-12_0085", "route_pair": "st_louis_downtown_airport_to_st_louis_lambert", "route_pair_label": "St. Louis Downtown Airport to St. Louis Lambert", "origin_label": "St. Louis Downtown Airport", "destination_label": "St. Louis Lambert International Airport", "origin_lat": 38.5703611, "origin_lon": -90.1550833, "destination_lat": 38.7486982, "destination_lon": -90.3700257, "traffic_date": "2026-01-12", "traffic_dataset": "January 12th - Monday", "weight_id": "w_0085", "distance_weight": 0.1, "population_weight": 0.1, "traffic_weight": 0.8, "airspace_weight": 0.0, "path_nodes": 44, "path_node_ids": [2179, 2147, 2157, 2170, 2175, 2201, 2313, 2316, 2342, 2347, 2366, 2389, 2392, 2396, 2720, 2721, 2726, 2740, 2678, 2680, 2682, 2685, 3986, 2706, 2705, 2707, 4004, 4027, 4032, 4056, 5030, 5033, 5049, 5054, 5078, 5295, 5299, 5304, 5315, 5317, 5321, 5357, 5358, 5364], "elapsed_seconds": 0.03534830000717193, "status": "success", "failure_reason": "", "route_distance_km": 36.56808750092465, "distance_cost_sum": 40.245545125441396, "population_cost_sum": 26.74240899456289, "traffic_cost_sum": 15.903628601761886, "airspace_cost_sum": 37.00000000000001, "total_weighted_score": 19.42169829340994}, "geometry": {"type": "LineString", "coordinates": [[-90.15289905765549, 38.57128267769979], [-90.15863172081019, 38.571422085329914], [-90.16436442357126, 38.57156121262679], [-90.16992046069078, 38.5762005584167], [-90.17547721149117, 38.58083966408426], [-90.1810346761504, 38.585478529497074], [-90.18659285484642, 38.5901171545227], [-90.19215174775724, 38.5947555390287], [-90.19771135506093, 38.5993936828826], [-90.2032716769355, 38.60403158595187], [-90.208832713559, 38.60866924810401], [-90.21439446510948, 38.61330666920645], [-90.21995693176504, 38.61794384912666], [-90.22552011370372, 38.622580787732026], [-90.23125721581627, 38.622716789852504], [-90.23682150967697, 38.62735322783211], [-90.24238651919569, 38.63198942413879], [-90.24795224455062, 38.63662537863984], [-90.2535186859198, 38.64126109120261], [-90.25908584348143, 38.64589656169434], [-90.25891423625677, 38.65039734432395], [-90.26448243016516, 38.6550325900107], [-90.27005134078189, 38.65966759332096], [-90.27562096828521, 38.66430235412195], [-90.28136163921492, 38.66443602029574], [-90.28693238041095, 38.66907027844067], [-90.29250383886837, 38.67370429371775], [-90.29807601476547, 38.67833806599408], [-90.30364890828046, 38.682971595136756], [-90.30922251959161, 38.68760488101284], [-90.31479684887715, 38.692237923489365], [-90.3203718963154, 38.69687072243334], [-90.32594766208454, 38.701503277711794], [-90.33152414636298, 38.70613558919165], [-90.33135671129529, 38.710636594886786], [-90.33693423631652, 38.71526867931356], [-90.3367670859619, 38.719769697803464], [-90.34234565229588, 38.724401554966114], [-90.34809144361579, 38.724532115719484], [-90.35367112625059, 38.729163467432365], [-90.35350494323681, 38.73366453632395], [-90.35908566820065, 38.73829566025279], [-90.36466711306467, 38.742926539503976], [-90.37024927800739, 38.74755717394432]]}}, {"type": "Feature", "properties": {"route_run_id": "stl_st_louis_downtown_airport_to_st_louis_lambert_2026-01-12_0025", "route_pair": "st_louis_downtown_airport_to_st_louis_lambert", "route_pair_label": "St. Louis Downtown Airport to St. Louis Lambert", "origin_label": "St. Louis Downtown Airport", "destination_label": "St. Louis Lambert International Airport", "origin_lat": 38.5703611, "origin_lon": -90.1550833, "destination_lat": 38.7486982, "destination_lon": -90.3700257, "traffic_date": "2026-01-12", "traffic_dataset": "January 12th - Monday", "weight_id": "w_0025", "distance_weight": 0.0, "population_weight": 0.2, "traffic_weight": 0.3, "airspace_weight": 0.5, "path_nodes": 40, "path_node_ids": [2179, 2180, 2174, 2199, 2203, 2207, 2341, 2344, 2368, 2374, 2394, 2397, 2712, 2716, 2739, 2746, 2769, 2773, 3985, 3988, 3992, 3994, 4019, 4020, 4023, 4055, 4059, 4063, 4064, 5048, 5052, 5076, 5082, 5299, 5304, 5319, 5321, 5357, 5358, 5364], "elapsed_seconds": 0.04479189999983646, "status": "success", "failure_reason": "", "route_distance_km": 35.0695243590648, "distance_cost_sum": 38.596279476875054, "population_cost_sum": 23.651108783135093, "traffic_cost_sum": 17.839922019494136, "airspace_cost_sum": 33.8, "total_weighted_score": 26.98219836247526}, "geometry": {"type": "LineString", "coordinates": [[-90.15289905765549, 38.57128267769979], [-90.15845430205954, 38.57592253965332], [-90.16401026010618, 38.58056216167], [-90.16956693197352, 38.58520154361737], [-90.17512431783956, 38.5898406853631], [-90.18068241788241, 38.5944795867747], [-90.18624123228014, 38.59911824771971], [-90.19180076121087, 38.60375666806568], [-90.19736100485268, 38.60839484768009], [-90.20292196338367, 38.61303278643038], [-90.2084836369821, 38.617670484184025], [-90.21404602582597, 38.62230794080845], [-90.21960913009349, 38.62694515617101], [-90.22517294996291, 38.63158213013913], [-90.23073748561237, 38.63621886258013], [-90.23630273722006, 38.640855353361346], [-90.24186870496423, 38.645491602350084], [-90.24743538902311, 38.65012760941361], [-90.25300278957496, 38.654763374419176], [-90.25857090679797, 38.65939889723403], [-90.26413974087053, 38.66403417772537], [-90.26970929197084, 38.66866921576039], [-90.27527956027723, 38.67330401120623], [-90.28085054596801, 38.677938563930056], [-90.28642224922152, 38.68257287379895], [-90.29199467021606, 38.68720694068001], [-90.29756780913004, 38.69184076444029], [-90.3031416661418, 38.696474344946864], [-90.30888503852013, 38.69660675247757], [-90.31446001070607, 38.70123982903419], [-90.32003570136486, 38.70587266197814], [-90.32561211067481, 38.710505251176386], [-90.33118923881437, 38.715137596495865], [-90.3367670859619, 38.719769697803464], [-90.34234565229588, 38.724401554966114], [-90.34792493799469, 38.72903316785066], [-90.35350494323681, 38.73366453632395], [-90.35908566820065, 38.73829566025279], [-90.36466711306467, 38.742926539503976], [-90.37024927800739, 38.74755717394432]]}}, {"type": "Feature", "properties": {"route_run_id": "stl_st_louis_downtown_airport_to_st_louis_lambert_2026-01-12_0229", "route_pair": "st_louis_downtown_airport_to_st_louis_lambert", "route_pair_label": "St. Louis Downtown Airport to St. Louis Lambert", "origin_label": "St. Louis Downtown Airport", "destination_label": "St. Louis Lambert International Airport", "origin_lat": 38.5703611, "origin_lon": -90.1550833, "destination_lat": 38.7486982, "destination_lon": -90.3700257, "traffic_date": "2026-01-12", "traffic_dataset": "January 12th - Monday", "weight_id": "w_0229", "distance_weight": 0.4, "population_weight": 0.5, "traffic_weight": 0.0, "airspace_weight": 0.1, "path_nodes": 54, "path_node_ids": [2179, 2180, 2183, 2186, 2419, 2423, 2448, 2452, 2455, 2478, 2482, 2483, 2487, 2811, 2812, 2816, 2858, 2863, 2864, 2795, 2796, 3899, 3902, 3914, 3948, 3947, 3952, 3940, 3977, 3976, 3941, 4043, 4066, 4067, 4068, 4185, 4187, 4186, 4076, 4075, 4082, 4084, 5080, 5084, 5310, 5311, 5337, 5320, 5322, 5323, 5346, 5357, 5358, 5364], "elapsed_seconds": 0.011395799985621125, "status": "success", "failure_reason": "", "route_distance_km": 40.86156395761667, "distance_cost_sum": 44.97079362191935, "population_cost_sum": 9.430295660424155, "traffic_cost_sum": 41.1011914992133, "airspace_cost_sum": 44.6, "total_weighted_score": 27.16346527897982}, "geometry": {"type": "LineString", "coordinates": [[-90.15289905765549, 38.57128267769979], [-90.15845430205954, 38.57592253965332], [-90.15827684369297, 38.58042298981685], [-90.1580993457009, 38.58492343582021], [-90.15792180807382, 38.58942387766302], [-90.16347871828971, 38.59406355405304], [-90.1690363428032, 38.598702990254786], [-90.17459468179258, 38.60334218613583], [-90.17441805758689, 38.60784267808668], [-90.174241393937, 38.61234316588366], [-90.17406469083332, 38.61684364952644], [-90.17388794826633, 38.621344129014695], [-90.17371116622648, 38.62584460434813], [-90.17353434470424, 38.6303450755264], [-90.17335748369, 38.63484554254923], [-90.17318058317427, 38.63934600541629], [-90.17300364314747, 38.64384646412727], [-90.17856556137721, 38.64848558173427], [-90.17838890046788, 38.65298605432084], [-90.18395185376184, 38.657624948976824], [-90.18951552366053, 38.66226360251709], [-90.1950799103427, 38.666902014808954], [-90.200645013987, 38.67154018571967], [-90.20621083477218, 38.67617811511645], [-90.21177737287698, 38.68081580286656], [-90.21751905445252, 38.68095265114052], [-90.22308670781703, 38.685589837485246], [-90.22882882604138, 38.685726144608395], [-90.23439759481155, 38.69036282917826], [-90.24014014948251, 38.69049859495047], [-90.24605541323987, 38.68613337677085], [-90.2517976862147, 38.68626855773688], [-90.25736804511756, 38.69090420272148], [-90.26311075393669, 38.69103884211091], [-90.26868222818311, 38.695673984376505], [-90.27425442059507, 38.700308883813186], [-90.27999796237877, 38.700442721166475], [-90.28574154227802, 38.70057627680287], [-90.29148516021279, 38.700709550716724], [-90.297228816103, 38.700842542902386], [-90.30280331580018, 38.70547615766316], [-90.30837853409372, 38.710109528957155], [-90.31395447116216, 38.71474265665128], [-90.31378588266769, 38.71924359100243], [-90.31936286061908, 38.72387649197406], [-90.32494055786266, 38.72850914903958], [-90.330518974577, 38.7331415620659], [-90.33626541075455, 38.733272728767844], [-90.3420118843105, 38.73340361338185], [-90.34775839516463, 38.73353421590239], [-90.35333872308522, 38.73816560113835], [-90.35908566820065, 38.73829566025279], [-90.36466711306467, 38.742926539503976], [-90.37024927800739, 38.74755717394432]]}}, {"type": "Feature", "properties": {"route_run_id": "stl_st_louis_downtown_airport_to_st_louis_lambert_2026-01-12_0010", "route_pair": "st_louis_downtown_airport_to_st_louis_lambert", "route_pair_label": "St. Louis Downtown Airport to St. Louis Lambert", "origin_label": "St. Louis Downtown Airport", "destination_label": "St. Louis Lambert International Airport", "origin_lat": 38.5703611, "origin_lon": -90.1550833, "destination_lat": 38.7486982, "destination_lon": -90.3700257, "traffic_date": "2026-01-12", "traffic_dataset": "January 12th - Monday", "weight_id": "w_0010", "distance_weight": 0.0, "population_weight": 0.0, "traffic_weight": 0.9, "airspace_weight": 0.1, "path_nodes": 45, "path_node_ids": [2179, 2180, 2157, 2170, 2175, 2201, 2313, 2316, 2342, 2347, 2366, 2391, 2394, 2397, 2712, 2716, 2739, 2746, 2769, 2773, 2681, 2682, 2685, 3986, 2706, 2705, 2707, 4004, 4027, 4032, 4056, 5030, 5033, 5049, 5054, 5068, 5072, 5297, 5298, 5302, 5328, 5321, 5357, 5358, 5364], "elapsed_seconds": 0.04704279999714345, "status": "success", "failure_reason": "", "route_distance_km": 38.53788959109186, "distance_cost_sum": 42.41343971128785, "population_cost_sum": 28.837138564378215, "traffic_cost_sum": 15.61151531649482, "airspace_cost_sum": 37.6, "total_weighted_score": 17.81036378484534}, "geometry": {"type": "LineString", "coordinates": [[-90.15289905765549, 38.57128267769979], [-90.15845430205954, 38.57592253965332], [-90.16436442357126, 38.57156121262679], [-90.16992046069078, 38.5762005584167], [-90.17547721149117, 38.58083966408426], [-90.1810346761504, 38.585478529497074], [-90.18659285484642, 38.5901171545227], [-90.19215174775724, 38.5947555390287], [-90.19771135506093, 38.5993936828826], [-90.2032716769355, 38.60403158595187], [-90.208832713559, 38.60866924810401], [-90.20865819475857, 38.61316986821297], [-90.2084836369821, 38.617670484184025], [-90.21404602582597, 38.62230794080845], [-90.21960913009349, 38.62694515617101], [-90.22517294996291, 38.63158213013913], [-90.23073748561237, 38.63621886258013], [-90.23630273722006, 38.640855353361346], [-90.24186870496423, 38.645491602350084], [-90.24743538902311, 38.65012760941361], [-90.25334675887852, 38.64576185639355], [-90.25891423625677, 38.65039734432395], [-90.26448243016516, 38.6550325900107], [-90.27005134078189, 38.65966759332096], [-90.27562096828521, 38.66430235412195], [-90.28136163921492, 38.66443602029574], [-90.28693238041095, 38.66907027844067], [-90.29250383886837, 38.67370429371775], [-90.29807601476547, 38.67833806599408], [-90.30364890828046, 38.682971595136756], [-90.30922251959161, 38.68760488101284], [-90.31479684887715, 38.692237923489365], [-90.3203718963154, 38.69687072243334], [-90.32594766208454, 38.701503277711794], [-90.33152414636298, 38.70613558919165], [-90.33726842500829, 38.70626663008278], [-90.34284602469573, 38.71089843673018], [-90.34842434326718, 38.71552999921993], [-90.35400338090092, 38.720161317418885], [-90.35383727213564, 38.72466239446393], [-90.35941735163529, 38.72929348495463], [-90.35350494323681, 38.73366453632395], [-90.35908566820065, 38.73829566025279], [-90.36466711306467, 38.742926539503976], [-90.37024927800739, 38.74755717394432]]}}, {"type": "Feature", "properties": {"route_run_id": "stl_st_louis_downtown_airport_to_st_louis_lambert_2026-01-12_0224", "route_pair": "st_louis_downtown_airport_to_st_louis_lambert", "route_pair_label": "St. Louis Downtown Airport to St. Louis Lambert", "origin_label": "St. Louis Downtown Airport", "destination_label": "St. Louis Lambert International Airport", "origin_lat": 38.5703611, "origin_lon": -90.1550833, "destination_lat": 38.7486982, "destination_lon": -90.3700257, "traffic_date": "2026-01-12", "traffic_dataset": "January 12th - Monday", "weight_id": "w_0224", "distance_weight": 0.4, "population_weight": 0.3, "traffic_weight": 0.2, "airspace_weight": 0.1, "path_nodes": 43, "path_node_ids": [2179, 2180, 2174, 2199, 2203, 2207, 2341, 2344, 2368, 2374, 2394, 2397, 2712, 2716, 2739, 2746, 2769, 2773, 3985, 3988, 3992, 3994, 4019, 4020, 4023, 4055, 4059, 4063, 4077, 4082, 4084, 5080, 5084, 5310, 5311, 5337, 5320, 5322, 5323, 5346, 5357, 5358, 5364], "elapsed_seconds": 0.011582000006455928, "status": "success", "failure_reason": "", "route_distance_km": 36.19674065010991, "distance_cost_sum": 39.83685390139865, "population_cost_sum": 17.60643817812448, "traffic_cost_sum": 22.583119046772033, "airspace_cost_sum": 36.8, "total_weighted_score": 29.41329682335121}, "geometry": {"type": "LineString", "coordinates": [[-90.15289905765549, 38.57128267769979], [-90.15845430205954, 38.57592253965332], [-90.16401026010618, 38.58056216167], [-90.16956693197352, 38.58520154361737], [-90.17512431783956, 38.5898406853631], [-90.18068241788241, 38.5944795867747], [-90.18624123228014, 38.59911824771971], [-90.19180076121087, 38.60375666806568], [-90.19736100485268, 38.60839484768009], [-90.20292196338367, 38.61303278643038], [-90.2084836369821, 38.617670484184025], [-90.21404602582597, 38.62230794080845], [-90.21960913009349, 38.62694515617101], [-90.22517294996291, 38.63158213013913], [-90.23073748561237, 38.63621886258013], [-90.23630273722006, 38.640855353361346], [-90.24186870496423, 38.645491602350084], [-90.24743538902311, 38.65012760941361], [-90.25300278957496, 38.654763374419176], [-90.25857090679797, 38.65939889723403], [-90.26413974087053, 38.66403417772537], [-90.26970929197084, 38.66866921576039], [-90.27527956027723, 38.67330401120623], [-90.28085054596801, 38.677938563930056], [-90.28642224922152, 38.68257287379895], [-90.29199467021606, 38.68720694068001], [-90.29756780913004, 38.69184076444029], [-90.3031416661418, 38.696474344946864], [-90.30297250986867, 38.70097525335427], [-90.30280331580018, 38.70547615766316], [-90.30837853409372, 38.710109528957155], [-90.31395447116216, 38.71474265665128], [-90.31378588266769, 38.71924359100243], [-90.31936286061908, 38.72387649197406], [-90.32494055786266, 38.72850914903958], [-90.330518974577, 38.7331415620659], [-90.33626541075455, 38.733272728767844], [-90.3420118843105, 38.73340361338185], [-90.34775839516463, 38.73353421590239], [-90.35333872308522, 38.73816560113835], [-90.35908566820065, 38.73829566025279], [-90.36466711306467, 38.742926539503976], [-90.37024927800739, 38.74755717394432]]}}, {"type": "Feature", "properties": {"route_run_id": "stl_st_louis_downtown_airport_to_st_louis_lambert_2026-01-12_0286", "route_pair": "st_louis_downtown_airport_to_st_louis_lambert", "route_pair_label": "St. Louis Downtown Airport to St. Louis Lambert", "origin_label": "St. Louis Downtown Airport", "destination_label": "St. Louis Lambert International Airport", "origin_lat": 38.5703611, "origin_lon": -90.1550833, "destination_lat": 38.7486982, "destination_lon": -90.3700257, "traffic_date": "2026-01-12", "traffic_dataset": "January 12th - Monday", "weight_id": "w_0286", "distance_weight": 0.9, "population_weight": 0.1, "traffic_weight": 0.0, "airspace_weight": 0.0, "path_nodes": 40, "path_node_ids": [2179, 2180, 2174, 2199, 2203, 2207, 2341, 2344, 2368, 2374, 2394, 2397, 2712, 2716, 2739, 2746, 2769, 2773, 3985, 3988, 3992, 3994, 4019, 4020, 4023, 4055, 4059, 4063, 4078, 5051, 5075, 5079, 5306, 5303, 5318, 5323, 5346, 5357, 5358, 5364], "elapsed_seconds": 0.002953999995952472, "status": "success", "failure_reason": "", "route_distance_km": 35.06987633323177, "distance_cost_sum": 38.59666684720769, "population_cost_sum": 23.21199613097869, "traffic_cost_sum": 19.031491728664538, "airspace_cost_sum": 33.8, "total_weighted_score": 37.05819977558479}, "geometry": {"type": "LineString", "coordinates": [[-90.15289905765549, 38.57128267769979], [-90.15845430205954, 38.57592253965332], [-90.16401026010618, 38.58056216167], [-90.16956693197352, 38.58520154361737], [-90.17512431783956, 38.5898406853631], [-90.18068241788241, 38.5944795867747], [-90.18624123228014, 38.59911824771971], [-90.19180076121087, 38.60375666806568], [-90.19736100485268, 38.60839484768009], [-90.20292196338367, 38.61303278643038], [-90.2084836369821, 38.617670484184025], [-90.21404602582597, 38.62230794080845], [-90.21960913009349, 38.62694515617101], [-90.22517294996291, 38.63158213013913], [-90.23073748561237, 38.63621886258013], [-90.23630273722006, 38.640855353361346], [-90.24186870496423, 38.645491602350084], [-90.24743538902311, 38.65012760941361], [-90.25300278957496, 38.654763374419176], [-90.25857090679797, 38.65939889723403], [-90.26413974087053, 38.66403417772537], [-90.26970929197084, 38.66866921576039], [-90.27527956027723, 38.67330401120623], [-90.28085054596801, 38.677938563930056], [-90.28642224922152, 38.68257287379895], [-90.29199467021606, 38.68720694068001], [-90.29756780913004, 38.69184076444029], [-90.3031416661418, 38.696474344946864], [-90.3087162414297, 38.701107682066734], [-90.31429153517219, 38.705740775666875], [-90.31986754754767, 38.71037362561428], [-90.32544427873452, 38.71500623177588], [-90.33102172891115, 38.71963859401861], [-90.33659989825608, 38.72427071220935], [-90.34217878694776, 38.72890258621499], [-90.34775839516463, 38.73353421590239], [-90.35333872308522, 38.73816560113835], [-90.35908566820065, 38.73829566025279], [-90.36466711306467, 38.742926539503976], [-90.37024927800739, 38.74755717394432]]}}, {"type": "Feature", "properties": {"route_run_id": "stl_st_louis_downtown_airport_to_st_louis_lambert_2026-01-12_0083", "route_pair": "st_louis_downtown_airport_to_st_louis_lambert", "route_pair_label": "St. Louis Downtown Airport to St. Louis Lambert", "origin_label": "St. Louis Downtown Airport", "destination_label": "St. Louis Lambert International Airport", "origin_lat": 38.5703611, "origin_lon": -90.1550833, "destination_lat": 38.7486982, "destination_lon": -90.3700257, "traffic_date": "2026-01-12", "traffic_dataset": "January 12th - Monday", "weight_id": "w_0083", "distance_weight": 0.1, "population_weight": 0.1, "traffic_weight": 0.6, "airspace_weight": 0.2, "path_nodes": 42, "path_node_ids": [2179, 2147, 2157, 2170, 2175, 2201, 2313, 2316, 2342, 2347, 2366, 2389, 2392, 2396, 2720, 2721, 2726, 2740, 2678, 2680, 2682, 2685, 3986, 2706, 4015, 4017, 4022, 4029, 4034, 4060, 4064, 5048, 5052, 5076, 5082, 5299, 5304, 5319, 5321, 5357, 5358, 5364], "elapsed_seconds": 0.0468974000250455, "status": "success", "failure_reason": "", "route_distance_km": 35.81770857923019, "distance_cost_sum": 39.419704595677025, "population_cost_sum": 26.575718300963125, "traffic_cost_sum": 16.372100155959416, "airspace_cost_sum": 35.00000000000001, "total_weighted_score": 23.422802383239663}, "geometry": {"type": "LineString", "coordinates": [[-90.15289905765549, 38.57128267769979], [-90.15863172081019, 38.571422085329914], [-90.16436442357126, 38.57156121262679], [-90.16992046069078, 38.5762005584167], [-90.17547721149117, 38.58083966408426], [-90.1810346761504, 38.585478529497074], [-90.18659285484642, 38.5901171545227], [-90.19215174775724, 38.5947555390287], [-90.19771135506093, 38.5993936828826], [-90.2032716769355, 38.60403158595187], [-90.208832713559, 38.60866924810401], [-90.21439446510948, 38.61330666920645], [-90.21995693176504, 38.61794384912666], [-90.22552011370372, 38.622580787732026], [-90.23125721581627, 38.622716789852504], [-90.23682150967697, 38.62735322783211], [-90.24238651919569, 38.63198942413879], [-90.24795224455062, 38.63662537863984], [-90.2535186859198, 38.64126109120261], [-90.25908584348143, 38.64589656169434], [-90.25891423625677, 38.65039734432395], [-90.26448243016516, 38.6550325900107], [-90.27005134078189, 38.65966759332096], [-90.27562096828521, 38.66430235412195], [-90.28119131285328, 38.668936872280845], [-90.28102094844074, 38.67343772015905], [-90.28659233093768, 38.67807201278429], [-90.29216443101578, 38.68270606246168], [-90.29773724885335, 38.68733986905835], [-90.30331078462868, 38.69197343244128], [-90.30888503852013, 38.69660675247757], [-90.31446001070607, 38.70123982903419], [-90.32003570136486, 38.70587266197814], [-90.32561211067481, 38.710505251176386], [-90.33118923881437, 38.715137596495865], [-90.3367670859619, 38.719769697803464], [-90.34234565229588, 38.724401554966114], [-90.34792493799469, 38.72903316785066], [-90.35350494323681, 38.73366453632395], [-90.35908566820065, 38.73829566025279], [-90.36466711306467, 38.742926539503976], [-90.37024927800739, 38.74755717394432]]}}, {"type": "Feature", "properties": {"route_run_id": "stl_st_louis_downtown_airport_to_st_louis_lambert_2026-01-12_0107", "route_pair": "st_louis_downtown_airport_to_st_louis_lambert", "route_pair_label": "St. Louis Downtown Airport to St. Louis Lambert", "origin_label": "St. Louis Downtown Airport", "destination_label": "St. Louis Lambert International Airport", "origin_lat": 38.5703611, "origin_lon": -90.1550833, "destination_lat": 38.7486982, "destination_lon": -90.3700257, "traffic_date": "2026-01-12", "traffic_dataset": "January 12th - Monday", "weight_id": "w_0107", "distance_weight": 0.1, "population_weight": 0.5, "traffic_weight": 0.0, "airspace_weight": 0.4, "path_nodes": 54, "path_node_ids": [2179, 2180, 2183, 2186, 2419, 2423, 2448, 2452, 2454, 2457, 2481, 2485, 2808, 2811, 2812, 2816, 2858, 2863, 2864, 2795, 2796, 3899, 3902, 3914, 3948, 3947, 3952, 3940, 3977, 3976, 3941, 4043, 4066, 4067, 4068, 4185, 4187, 4188, 4076, 4075, 4082, 4084, 5080, 5084, 5310, 5311, 5337, 5320, 5322, 5323, 5346, 5357, 5358, 5364], "elapsed_seconds": 0.051165899989428, "status": "success", "failure_reason": "", "route_distance_km": 41.922986936307204, "distance_cost_sum": 46.13895825139281, "population_cost_sum": 9.018797265828733, "traffic_cost_sum": 40.88441455747947, "airspace_cost_sum": 44.2, "total_weighted_score": 26.803294458053653}, "geometry": {"type": "LineString", "coordinates": [[-90.15289905765549, 38.57128267769979], [-90.15845430205954, 38.57592253965332], [-90.15827684369297, 38.58042298981685], [-90.1580993457009, 38.58492343582021], [-90.15792180807382, 38.58942387766302], [-90.16347871828971, 38.59406355405304], [-90.1690363428032, 38.598702990254786], [-90.17459468179258, 38.60334218613583], [-90.18015373543601, 38.6079811415637], [-90.17997742923725, 38.612481651524796], [-90.17980108366437, 38.616982157334434], [-90.1796246987078, 38.62148265899229], [-90.179448274358, 38.625983156498016], [-90.17353434470424, 38.6303450755264], [-90.17335748369, 38.63484554254923], [-90.17318058317427, 38.63934600541629], [-90.17300364314747, 38.64384646412727], [-90.17856556137721, 38.64848558173427], [-90.17838890046788, 38.65298605432084], [-90.18395185376184, 38.657624948976824], [-90.18951552366053, 38.66226360251709], [-90.1950799103427, 38.666902014808954], [-90.200645013987, 38.67154018571967], [-90.20621083477218, 38.67617811511645], [-90.21177737287698, 38.68081580286656], [-90.21751905445252, 38.68095265114052], [-90.22308670781703, 38.685589837485246], [-90.22882882604138, 38.685726144608395], [-90.23439759481155, 38.69036282917826], [-90.24014014948251, 38.69049859495047], [-90.24605541323987, 38.68613337677085], [-90.2517976862147, 38.68626855773688], [-90.25736804511756, 38.69090420272148], [-90.26311075393669, 38.69103884211091], [-90.26868222818311, 38.695673984376505], [-90.27425442059507, 38.700308883813186], [-90.27999796237877, 38.700442721166475], [-90.28557127047641, 38.70507711728869], [-90.29148516021279, 38.700709550716724], [-90.297228816103, 38.700842542902386], [-90.30280331580018, 38.70547615766316], [-90.30837853409372, 38.710109528957155], [-90.31395447116216, 38.71474265665128], [-90.31378588266769, 38.71924359100243], [-90.31936286061908, 38.72387649197406], [-90.32494055786266, 38.72850914903958], [-90.330518974577, 38.7331415620659], [-90.33626541075455, 38.733272728767844], [-90.3420118843105, 38.73340361338185], [-90.34775839516463, 38.73353421590239], [-90.35333872308522, 38.73816560113835], [-90.35908566820065, 38.73829566025279], [-90.36466711306467, 38.742926539503976], [-90.37024927800739, 38.74755717394432]]}}, {"type": "Feature", "properties": {"route_run_id": "stl_st_louis_downtown_airport_to_st_louis_lambert_2026-01-12_0034", "route_pair": "st_louis_downtown_airport_to_st_louis_lambert", "route_pair_label": "St. Louis Downtown Airport to St. Louis Lambert", "origin_label": "St. Louis Downtown Airport", "destination_label": "St. Louis Lambert International Airport", "origin_lat": 38.5703611, "origin_lon": -90.1550833, "destination_lat": 38.7486982, "destination_lon": -90.3700257, "traffic_date": "2026-01-12", "traffic_dataset": "January 12th - Monday", "weight_id": "w_0034", "distance_weight": 0.0, "population_weight": 0.3, "traffic_weight": 0.3, "airspace_weight": 0.4, "path_nodes": 40, "path_node_ids": [2179, 2180, 2174, 2199, 2203, 2207, 2341, 2344, 2368, 2374, 2394, 2397, 2712, 2716, 2739, 2746, 2769, 2773, 3985, 3988, 3992, 3994, 4019, 4020, 4023, 4055, 4059, 4063, 4064, 5048, 5052, 5076, 5082, 5299, 5304, 5319, 5321, 5357, 5358, 5364], "elapsed_seconds": 0.04547219999949448, "status": "success", "failure_reason": "", "route_distance_km": 35.0695243590648, "distance_cost_sum": 38.596279476875054, "population_cost_sum": 23.651108783135093, "traffic_cost_sum": 17.839922019494136, "airspace_cost_sum": 33.8, "total_weighted_score": 25.96730924078877}, "geometry": {"type": "LineString", "coordinates": [[-90.15289905765549, 38.57128267769979], [-90.15845430205954, 38.57592253965332], [-90.16401026010618, 38.58056216167], [-90.16956693197352, 38.58520154361737], [-90.17512431783956, 38.5898406853631], [-90.18068241788241, 38.5944795867747], [-90.18624123228014, 38.59911824771971], [-90.19180076121087, 38.60375666806568], [-90.19736100485268, 38.60839484768009], [-90.20292196338367, 38.61303278643038], [-90.2084836369821, 38.617670484184025], [-90.21404602582597, 38.62230794080845], [-90.21960913009349, 38.62694515617101], [-90.22517294996291, 38.63158213013913], [-90.23073748561237, 38.63621886258013], [-90.23630273722006, 38.640855353361346], [-90.24186870496423, 38.645491602350084], [-90.24743538902311, 38.65012760941361], [-90.25300278957496, 38.654763374419176], [-90.25857090679797, 38.65939889723403], [-90.26413974087053, 38.66403417772537], [-90.26970929197084, 38.66866921576039], [-90.27527956027723, 38.67330401120623], [-90.28085054596801, 38.677938563930056], [-90.28642224922152, 38.68257287379895], [-90.29199467021606, 38.68720694068001], [-90.29756780913004, 38.69184076444029], [-90.3031416661418, 38.696474344946864], [-90.30888503852013, 38.69660675247757], [-90.31446001070607, 38.70123982903419], [-90.32003570136486, 38.70587266197814], [-90.32561211067481, 38.710505251176386], [-90.33118923881437, 38.715137596495865], [-90.3367670859619, 38.719769697803464], [-90.34234565229588, 38.724401554966114], [-90.34792493799469, 38.72903316785066], [-90.35350494323681, 38.73366453632395], [-90.35908566820065, 38.73829566025279], [-90.36466711306467, 38.742926539503976], [-90.37024927800739, 38.74755717394432]]}}, {"type": "Feature", "properties": {"route_run_id": "stl_st_louis_downtown_airport_to_st_louis_lambert_2026-01-12_0005", "route_pair": "st_louis_downtown_airport_to_st_louis_lambert", "route_pair_label": "St. Louis Downtown Airport to St. Louis Lambert", "origin_label": "St. Louis Downtown Airport", "destination_label": "St. Louis Lambert International Airport", "origin_lat": 38.5703611, "origin_lon": -90.1550833, "destination_lat": 38.7486982, "destination_lon": -90.3700257, "traffic_date": "2026-01-12", "traffic_dataset": "January 12th - Monday", "weight_id": "w_0005", "distance_weight": 0.0, "population_weight": 0.0, "traffic_weight": 0.4, "airspace_weight": 0.6, "path_nodes": 40, "path_node_ids": [2179, 2180, 2174, 2199, 2203, 2207, 2341, 2344, 2368, 2374, 2394, 2397, 2712, 2716, 2739, 2746, 2769, 2773, 3985, 3988, 3992, 3990, 4016, 4017, 4022, 4029, 4034, 4060, 4064, 5048, 5052, 5076, 5082, 5299, 5304, 5319, 5321, 5357, 5358, 5364], "elapsed_seconds": 0.045250399998622015, "status": "success", "failure_reason": "", "route_distance_km": 35.06925127294606, "distance_cost_sum": 38.59597892794111, "population_cost_sum": 25.05959051055676, "traffic_cost_sum": 17.839922019494136, "airspace_cost_sum": 33.4, "total_weighted_score": 27.17596880779766}, "geometry": {"type": "LineString", "coordinates": [[-90.15289905765549, 38.57128267769979], [-90.15845430205954, 38.57592253965332], [-90.16401026010618, 38.58056216167], [-90.16956693197352, 38.58520154361737], [-90.17512431783956, 38.5898406853631], [-90.18068241788241, 38.5944795867747], [-90.18624123228014, 38.59911824771971], [-90.19180076121087, 38.60375666806568], [-90.19736100485268, 38.60839484768009], [-90.20292196338367, 38.61303278643038], [-90.2084836369821, 38.617670484184025], [-90.21404602582597, 38.62230794080845], [-90.21960913009349, 38.62694515617101], [-90.22517294996291, 38.63158213013913], [-90.23073748561237, 38.63621886258013], [-90.23630273722006, 38.640855353361346], [-90.24186870496423, 38.645491602350084], [-90.24743538902311, 38.65012760941361], [-90.25300278957496, 38.654763374419176], [-90.25857090679797, 38.65939889723403], [-90.26413974087053, 38.66403417772537], [-90.26988033547711, 38.664168406596616], [-90.27545028334664, 38.66880318471887], [-90.28102094844074, 38.67343772015905], [-90.28659233093768, 38.67807201278429], [-90.29216443101578, 38.68270606246168], [-90.29773724885335, 38.68733986905835], [-90.30331078462868, 38.69197343244128], [-90.30888503852013, 38.69660675247757], [-90.31446001070607, 38.70123982903419], [-90.32003570136486, 38.70587266197814], [-90.32561211067481, 38.710505251176386], [-90.33118923881437, 38.715137596495865], [-90.3367670859619, 38.719769697803464], [-90.34234565229588, 38.724401554966114], [-90.34792493799469, 38.72903316785066], [-90.35350494323681, 38.73366453632395], [-90.35908566820065, 38.73829566025279], [-90.36466711306467, 38.742926539503976], [-90.37024927800739, 38.74755717394432]]}}, {"type": "Feature", "properties": {"route_run_id": "stl_st_louis_downtown_airport_to_st_louis_lambert_2026-01-12_0075", "route_pair": "st_louis_downtown_airport_to_st_louis_lambert", "route_pair_label": "St. Louis Downtown Airport to St. Louis Lambert", "origin_label": "St. Louis Downtown Airport", "destination_label": "St. Louis Lambert International Airport", "origin_lat": 38.5703611, "origin_lon": -90.1550833, "destination_lat": 38.7486982, "destination_lon": -90.3700257, "traffic_date": "2026-01-12", "traffic_dataset": "January 12th - Monday", "weight_id": "w_0075", "distance_weight": 0.1, "population_weight": 0.0, "traffic_weight": 0.8, "airspace_weight": 0.1, "path_nodes": 43, "path_node_ids": [2179, 2147, 2157, 2170, 2175, 2201, 2313, 2316, 2342, 2347, 2366, 2389, 2392, 2396, 2724, 2721, 2726, 2740, 2678, 2680, 2682, 2685, 3986, 2706, 2705, 2707, 4004, 4027, 4032, 4056, 5030, 5033, 5049, 5054, 5071, 5296, 5301, 5302, 5328, 5321, 5357, 5358, 5364], "elapsed_seconds": 0.043222200009040534, "status": "success", "failure_reason": "", "route_distance_km": 36.72116636796444, "distance_cost_sum": 40.41401831811373, "population_cost_sum": 26.37466721816788, "traffic_cost_sum": 15.966998139655692, "airspace_cost_sum": 36.00000000000001, "total_weighted_score": 20.41500034353593}, "geometry": {"type": "LineString", "coordinates": [[-90.15289905765549, 38.57128267769979], [-90.15863172081019, 38.571422085329914], [-90.16436442357126, 38.57156121262679], [-90.16992046069078, 38.5762005584167], [-90.17547721149117, 38.58083966408426], [-90.1810346761504, 38.585478529497074], [-90.18659285484642, 38.5901171545227], [-90.19215174775724, 38.5947555390287], [-90.19771135506093, 38.5993936828826], [-90.2032716769355, 38.60403158595187], [-90.208832713559, 38.60866924810401], [-90.21439446510948, 38.61330666920645], [-90.21995693176504, 38.61794384912666], [-90.22552011370372, 38.622580787732026], [-90.23108401110366, 38.627217484889904], [-90.23682150967697, 38.62735322783211], [-90.24238651919569, 38.63198942413879], [-90.24795224455062, 38.63662537863984], [-90.2535186859198, 38.64126109120261], [-90.25908584348143, 38.64589656169434], [-90.25891423625677, 38.65039734432395], [-90.26448243016516, 38.6550325900107], [-90.27005134078189, 38.65966759332096], [-90.27562096828521, 38.66430235412195], [-90.28136163921492, 38.66443602029574], [-90.28693238041095, 38.66907027844067], [-90.29250383886837, 38.67370429371775], [-90.29807601476547, 38.67833806599408], [-90.30364890828046, 38.682971595136756], [-90.30922251959161, 38.68760488101284], [-90.31479684887715, 38.692237923489365], [-90.3203718963154, 38.69687072243334], [-90.32594766208454, 38.701503277711794], [-90.33152414636298, 38.70613558919165], [-90.33710134932893, 38.7107676567399], [-90.34267927116085, 38.715399480223425], [-90.34825791203694, 38.72003105950914], [-90.35383727213564, 38.72466239446393], [-90.35941735163529, 38.72929348495463], [-90.35350494323681, 38.73366453632395], [-90.35908566820065, 38.73829566025279], [-90.36466711306467, 38.742926539503976], [-90.37024927800739, 38.74755717394432]]}}, {"type": "Feature", "properties": {"route_run_id": "stl_st_louis_downtown_airport_to_st_louis_lambert_2026-01-12_0251", "route_pair": "st_louis_downtown_airport_to_st_louis_lambert", "route_pair_label": "St. Louis Downtown Airport to St. Louis Lambert", "origin_label": "St. Louis Downtown Airport", "destination_label": "St. Louis Lambert International Airport", "origin_lat": 38.5703611, "origin_lon": -90.1550833, "destination_lat": 38.7486982, "destination_lon": -90.3700257, "traffic_date": "2026-01-12", "traffic_dataset": "January 12th - Monday", "weight_id": "w_0251", "distance_weight": 0.5, "population_weight": 0.4, "traffic_weight": 0.1, "airspace_weight": 0.0, "path_nodes": 44, "path_node_ids": [2179, 2180, 2174, 2199, 2203, 2206, 2449, 2345, 2370, 2373, 2398, 2709, 2711, 2714, 2750, 2744, 2770, 2772, 2777, 3989, 3988, 3992, 3994, 4019, 4020, 4023, 4055, 4059, 4063, 4077, 4082, 4084, 5080, 5084, 5310, 5311, 5337, 5320, 5322, 5323, 5346, 5357, 5358, 5364], "elapsed_seconds": 0.008408499998040497, "status": "success", "failure_reason": "", "route_distance_km": 36.57207281055306, "distance_cost_sum": 40.24993121641444, "population_cost_sum": 16.402941041735232, "traffic_cost_sum": 23.43756424675925, "airspace_cost_sum": 37.4, "total_weighted_score": 29.029898449577235}, "geometry": {"type": "LineString", "coordinates": [[-90.15289905765549, 38.57128267769979], [-90.15845430205954, 38.57592253965332], [-90.16401026010618, 38.58056216167], [-90.16956693197352, 38.58520154361737], [-90.17512431783956, 38.5898406853631], [-90.17494781190939, 38.59434118977373], [-90.18050622974906, 38.59898010918833], [-90.18606536210271, 38.60361878809667], [-90.19162520914848, 38.60825722636621], [-90.19718577106451, 38.612895423864465], [-90.20274704802898, 38.61753338045887], [-90.2083090402201, 38.622171096016864], [-90.21387174781604, 38.62680857040582], [-90.21943517099498, 38.631445803493165], [-90.22499930993523, 38.636082795146216], [-90.23056416481495, 38.64071954523234], [-90.2361297358124, 38.64535605361884], [-90.24169602310592, 38.649992320172984], [-90.24726302687371, 38.65462834476206], [-90.25283074729404, 38.65926412725328], [-90.25857090679797, 38.65939889723403], [-90.26413974087053, 38.66403417772537], [-90.26970929197084, 38.66866921576039], [-90.27527956027723, 38.67330401120623], [-90.28085054596801, 38.677938563930056], [-90.28642224922152, 38.68257287379895], [-90.29199467021606, 38.68720694068001], [-90.29756780913004, 38.69184076444029], [-90.3031416661418, 38.696474344946864], [-90.30297250986867, 38.70097525335427], [-90.30280331580018, 38.70547615766316], [-90.30837853409372, 38.710109528957155], [-90.31395447116216, 38.71474265665128], [-90.31378588266769, 38.71924359100243], [-90.31936286061908, 38.72387649197406], [-90.32494055786266, 38.72850914903958], [-90.330518974577, 38.7331415620659], [-90.33626541075455, 38.733272728767844], [-90.3420118843105, 38.73340361338185], [-90.34775839516463, 38.73353421590239], [-90.35333872308522, 38.73816560113835], [-90.35908566820065, 38.73829566025279], [-90.36466711306467, 38.742926539503976], [-90.37024927800739, 38.74755717394432]]}}, {"type": "Feature", "properties": {"route_run_id": "stl_st_louis_downtown_airport_to_st_louis_lambert_2026-01-12_0254", "route_pair": "st_louis_downtown_airport_to_st_louis_lambert", "route_pair_label": "St. Louis Downtown Airport to St. Louis Lambert", "origin_label": "St. Louis Downtown Airport", "destination_label": "St. Louis Lambert International Airport", "origin_lat": 38.5703611, "origin_lon": -90.1550833, "destination_lat": 38.7486982, "destination_lon": -90.3700257, "traffic_date": "2026-01-12", "traffic_dataset": "January 12th - Monday", "weight_id": "w_0254", "distance_weight": 0.6, "population_weight": 0.0, "traffic_weight": 0.1, "airspace_weight": 0.3, "path_nodes": 40, "path_node_ids": [2179, 2180, 2174, 2199, 2203, 2207, 2341, 2344, 2368, 2374, 2394, 2397, 2712, 2716, 2739, 2746, 2769, 2773, 3985, 3988, 3992, 3990, 4016, 4017, 4022, 4029, 4034, 4060, 4064, 5048, 5052, 5076, 5082, 5299, 5304, 5319, 5321, 5357, 5358, 5364], "elapsed_seconds": 0.007317299983697012, "status": "success", "failure_reason": "", "route_distance_km": 35.06925127294606, "distance_cost_sum": 38.59597892794111, "population_cost_sum": 25.05959051055676, "traffic_cost_sum": 17.839922019494136, "airspace_cost_sum": 33.4, "total_weighted_score": 34.96157955871408}, "geometry": {"type": "LineString", "coordinates": [[-90.15289905765549, 38.57128267769979], [-90.15845430205954, 38.57592253965332], [-90.16401026010618, 38.58056216167], [-90.16956693197352, 38.58520154361737], [-90.17512431783956, 38.5898406853631], [-90.18068241788241, 38.5944795867747], [-90.18624123228014, 38.59911824771971], [-90.19180076121087, 38.60375666806568], [-90.19736100485268, 38.60839484768009], [-90.20292196338367, 38.61303278643038], [-90.2084836369821, 38.617670484184025], [-90.21404602582597, 38.62230794080845], [-90.21960913009349, 38.62694515617101], [-90.22517294996291, 38.63158213013913], [-90.23073748561237, 38.63621886258013], [-90.23630273722006, 38.640855353361346], [-90.24186870496423, 38.645491602350084], [-90.24743538902311, 38.65012760941361], [-90.25300278957496, 38.654763374419176], [-90.25857090679797, 38.65939889723403], [-90.26413974087053, 38.66403417772537], [-90.26988033547711, 38.664168406596616], [-90.27545028334664, 38.66880318471887], [-90.28102094844074, 38.67343772015905], [-90.28659233093768, 38.67807201278429], [-90.29216443101578, 38.68270606246168], [-90.29773724885335, 38.68733986905835], [-90.30331078462868, 38.69197343244128], [-90.30888503852013, 38.69660675247757], [-90.31446001070607, 38.70123982903419], [-90.32003570136486, 38.70587266197814], [-90.32561211067481, 38.710505251176386], [-90.33118923881437, 38.715137596495865], [-90.3367670859619, 38.719769697803464], [-90.34234565229588, 38.724401554966114], [-90.34792493799469, 38.72903316785066], [-90.35350494323681, 38.73366453632395], [-90.35908566820065, 38.73829566025279], [-90.36466711306467, 38.742926539503976], [-90.37024927800739, 38.74755717394432]]}}, {"type": "Feature", "properties": {"route_run_id": "stl_st_louis_downtown_airport_to_st_louis_lambert_2026-01-12_0094", "route_pair": "st_louis_downtown_airport_to_st_louis_lambert", "route_pair_label": "St. Louis Downtown Airport to St. Louis Lambert", "origin_label": "St. Louis Downtown Airport", "destination_label": "St. Louis Lambert International Airport", "origin_lat": 38.5703611, "origin_lon": -90.1550833, "destination_lat": 38.7486982, "destination_lon": -90.3700257, "traffic_date": "2026-01-12", "traffic_dataset": "January 12th - Monday", "weight_id": "w_0094", "distance_weight": 0.1, "population_weight": 0.3, "traffic_weight": 0.0, "airspace_weight": 0.6, "path_nodes": 41, "path_node_ids": [2179, 2180, 2174, 2199, 2203, 2207, 2341, 2345, 2370, 2373, 2398, 2709, 2711, 2714, 2750, 2744, 2770, 2772, 2777, 3989, 3993, 4006, 4008, 4021, 4045, 4047, 4058, 4062, 4077, 4079, 5077, 5081, 5083, 5308, 5316, 5322, 5323, 5346, 5357, 5358, 5364], "elapsed_seconds": 0.05267689999891445, "status": "success", "failure_reason": "", "route_distance_km": 35.44580648998812, "distance_cost_sum": 39.01040229583813, "population_cost_sum": 21.248540131475806, "traffic_cost_sum": 21.296163627861183, "airspace_cost_sum": 34.4, "total_weighted_score": 30.915602269026557}, "geometry": {"type": "LineString", "coordinates": [[-90.15289905765549, 38.57128267769979], [-90.15845430205954, 38.57592253965332], [-90.16401026010618, 38.58056216167], [-90.16956693197352, 38.58520154361737], [-90.17512431783956, 38.5898406853631], [-90.18068241788241, 38.5944795867747], [-90.18624123228014, 38.59911824771971], [-90.18606536210271, 38.60361878809667], [-90.19162520914848, 38.60825722636621], [-90.19718577106451, 38.612895423864465], [-90.20274704802898, 38.61753338045887], [-90.2083090402201, 38.622171096016864], [-90.21387174781604, 38.62680857040582], [-90.21943517099498, 38.631445803493165], [-90.22499930993523, 38.636082795146216], [-90.23056416481495, 38.64071954523234], [-90.2361297358124, 38.64535605361884], [-90.24169602310592, 38.649992320172984], [-90.24726302687371, 38.65462834476206], [-90.25283074729404, 38.65926412725328], [-90.2583991845453, 38.663899667513896], [-90.26396833880578, 38.66853496541107], [-90.26953821025378, 38.673170020811966], [-90.2751087990677, 38.67780483358376], [-90.28068010542587, 38.682439403593555], [-90.28625212950666, 38.68707373070842], [-90.29182487148844, 38.69170781479548], [-90.29739833154962, 38.69634165572174], [-90.30297250986867, 38.70097525335427], [-90.30854740662397, 38.70560860756003], [-90.31412302199392, 38.71024171820601], [-90.31969935615703, 38.71487458515916], [-90.32527640929177, 38.719507208286444], [-90.33085418157658, 38.72413958745472], [-90.33643267319002, 38.72877172253092], [-90.3420118843105, 38.73340361338185], [-90.34775839516463, 38.73353421590239], [-90.35333872308522, 38.73816560113835], [-90.35908566820065, 38.73829566025279], [-90.36466711306467, 38.742926539503976], [-90.37024927800739, 38.74755717394432]]}}, {"type": "Feature", "properties": {"route_run_id": "stl_st_louis_downtown_airport_to_st_louis_lambert_2026-01-12_0187", "route_pair": "st_louis_downtown_airport_to_st_louis_lambert", "route_pair_label": "St. Louis Downtown Airport to St. Louis Lambert", "origin_label": "St. Louis Downtown Airport", "destination_label": "St. Louis Lambert International Airport", "origin_lat": 38.5703611, "origin_lon": -90.1550833, "destination_lat": 38.7486982, "destination_lon": -90.3700257, "traffic_date": "2026-01-12", "traffic_dataset": "January 12th - Monday", "weight_id": "w_0187", "distance_weight": 0.3, "population_weight": 0.2, "traffic_weight": 0.4, "airspace_weight": 0.1, "path_nodes": 40, "path_node_ids": [2179, 2180, 2174, 2199, 2203, 2207, 2341, 2344, 2368, 2374, 2394, 2397, 2712, 2716, 2739, 2746, 2769, 2773, 3985, 3988, 3992, 3994, 4019, 4020, 4023, 4055, 4059, 4063, 4064, 5048, 5052, 5076, 5082, 5299, 5304, 5319, 5321, 5357, 5358, 5364], "elapsed_seconds": 0.014335699990624562, "status": "success", "failure_reason": "", "route_distance_km": 35.0695243590648, "distance_cost_sum": 38.596279476875054, "population_cost_sum": 23.651108783135093, "traffic_cost_sum": 17.839922019494136, "airspace_cost_sum": 33.8, "total_weighted_score": 26.82507440748719}, "geometry": {"type": "LineString", "coordinates": [[-90.15289905765549, 38.57128267769979], [-90.15845430205954, 38.57592253965332], [-90.16401026010618, 38.58056216167], [-90.16956693197352, 38.58520154361737], [-90.17512431783956, 38.5898406853631], [-90.18068241788241, 38.5944795867747], [-90.18624123228014, 38.59911824771971], [-90.19180076121087, 38.60375666806568], [-90.19736100485268, 38.60839484768009], [-90.20292196338367, 38.61303278643038], [-90.2084836369821, 38.617670484184025], [-90.21404602582597, 38.62230794080845], [-90.21960913009349, 38.62694515617101], [-90.22517294996291, 38.63158213013913], [-90.23073748561237, 38.63621886258013], [-90.23630273722006, 38.640855353361346], [-90.24186870496423, 38.645491602350084], [-90.24743538902311, 38.65012760941361], [-90.25300278957496, 38.654763374419176], [-90.25857090679797, 38.65939889723403], [-90.26413974087053, 38.66403417772537], [-90.26970929197084, 38.66866921576039], [-90.27527956027723, 38.67330401120623], [-90.28085054596801, 38.677938563930056], [-90.28642224922152, 38.68257287379895], [-90.29199467021606, 38.68720694068001], [-90.29756780913004, 38.69184076444029], [-90.3031416661418, 38.696474344946864], [-90.30888503852013, 38.69660675247757], [-90.31446001070607, 38.70123982903419], [-90.32003570136486, 38.70587266197814], [-90.32561211067481, 38.710505251176386], [-90.33118923881437, 38.715137596495865], [-90.3367670859619, 38.719769697803464], [-90.34234565229588, 38.724401554966114], [-90.34792493799469, 38.72903316785066], [-90.35350494323681, 38.73366453632395], [-90.35908566820065, 38.73829566025279], [-90.36466711306467, 38.742926539503976], [-90.37024927800739, 38.74755717394432]]}}, {"type": "Feature", "properties": {"route_run_id": "stl_st_louis_downtown_airport_to_st_louis_lambert_2026-01-12_0214", "route_pair": "st_louis_downtown_airport_to_st_louis_lambert", "route_pair_label": "St. Louis Downtown Airport to St. Louis Lambert", "origin_label": "St. Louis Downtown Airport", "destination_label": "St. Louis Lambert International Airport", "origin_lat": 38.5703611, "origin_lon": -90.1550833, "destination_lat": 38.7486982, "destination_lon": -90.3700257, "traffic_date": "2026-01-12", "traffic_dataset": "January 12th - Monday", "weight_id": "w_0214", "distance_weight": 0.4, "population_weight": 0.1, "traffic_weight": 0.3, "airspace_weight": 0.2, "path_nodes": 40, "path_node_ids": [2179, 2180, 2174, 2199, 2203, 2207, 2341, 2344, 2368, 2374, 2394, 2397, 2712, 2716, 2739, 2746, 2769, 2773, 3985, 3988, 3992, 3994, 4019, 4020, 4023, 4055, 4059, 4063, 4064, 5048, 5052, 5076, 5082, 5299, 5304, 5319, 5321, 5357, 5358, 5364], "elapsed_seconds": 0.011038900003768504, "status": "success", "failure_reason": "", "route_distance_km": 35.0695243590648, "distance_cost_sum": 38.596279476875054, "population_cost_sum": 23.651108783135093, "traffic_cost_sum": 17.839922019494136, "airspace_cost_sum": 33.8, "total_weighted_score": 29.91559927491177}, "geometry": {"type": "LineString", "coordinates": [[-90.15289905765549, 38.57128267769979], [-90.15845430205954, 38.57592253965332], [-90.16401026010618, 38.58056216167], [-90.16956693197352, 38.58520154361737], [-90.17512431783956, 38.5898406853631], [-90.18068241788241, 38.5944795867747], [-90.18624123228014, 38.59911824771971], [-90.19180076121087, 38.60375666806568], [-90.19736100485268, 38.60839484768009], [-90.20292196338367, 38.61303278643038], [-90.2084836369821, 38.617670484184025], [-90.21404602582597, 38.62230794080845], [-90.21960913009349, 38.62694515617101], [-90.22517294996291, 38.63158213013913], [-90.23073748561237, 38.63621886258013], [-90.23630273722006, 38.640855353361346], [-90.24186870496423, 38.645491602350084], [-90.24743538902311, 38.65012760941361], [-90.25300278957496, 38.654763374419176], [-90.25857090679797, 38.65939889723403], [-90.26413974087053, 38.66403417772537], [-90.26970929197084, 38.66866921576039], [-90.27527956027723, 38.67330401120623], [-90.28085054596801, 38.677938563930056], [-90.28642224922152, 38.68257287379895], [-90.29199467021606, 38.68720694068001], [-90.29756780913004, 38.69184076444029], [-90.3031416661418, 38.696474344946864], [-90.30888503852013, 38.69660675247757], [-90.31446001070607, 38.70123982903419], [-90.32003570136486, 38.70587266197814], [-90.32561211067481, 38.710505251176386], [-90.33118923881437, 38.715137596495865], [-90.3367670859619, 38.719769697803464], [-90.34234565229588, 38.724401554966114], [-90.34792493799469, 38.72903316785066], [-90.35350494323681, 38.73366453632395], [-90.35908566820065, 38.73829566025279], [-90.36466711306467, 38.742926539503976], [-90.37024927800739, 38.74755717394432]]}}, {"type": "Feature", "properties": {"route_run_id": "stl_st_louis_downtown_airport_to_st_louis_lambert_2026-01-12_0173", "route_pair": "st_louis_downtown_airport_to_st_louis_lambert", "route_pair_label": "St. Louis Downtown Airport to St. Louis Lambert", "origin_label": "St. Louis Downtown Airport", "destination_label": "St. Louis Lambert International Airport", "origin_lat": 38.5703611, "origin_lon": -90.1550833, "destination_lat": 38.7486982, "destination_lon": -90.3700257, "traffic_date": "2026-01-12", "traffic_dataset": "January 12th - Monday", "weight_id": "w_0173", "distance_weight": 0.3, "population_weight": 0.0, "traffic_weight": 0.5, "airspace_weight": 0.2, "path_nodes": 41, "path_node_ids": [2179, 2147, 2157, 2170, 2175, 2201, 2313, 2316, 2342, 2347, 2366, 2389, 2392, 2396, 2724, 2727, 2742, 2743, 2681, 2682, 2685, 3986, 2706, 4015, 4017, 4022, 4029, 4034, 4060, 4064, 5048, 5052, 5076, 5082, 5299, 5304, 5319, 5321, 5357, 5358, 5364], "elapsed_seconds": 0.013096800015773624, "status": "success", "failure_reason": "", "route_distance_km": 35.442843120650096, "distance_cost_sum": 39.00714091624279, "population_cost_sum": 26.327607483472868, "traffic_cost_sum": 16.78312655842246, "airspace_cost_sum": 34.4, "total_weighted_score": 26.97370555408407}, "geometry": {"type": "LineString", "coordinates": [[-90.15289905765549, 38.57128267769979], [-90.15863172081019, 38.571422085329914], [-90.16436442357126, 38.57156121262679], [-90.16992046069078, 38.5762005584167], [-90.17547721149117, 38.58083966408426], [-90.1810346761504, 38.585478529497074], [-90.18659285484642, 38.5901171545227], [-90.19215174775724, 38.5947555390287], [-90.19771135506093, 38.5993936828826], [-90.2032716769355, 38.60403158595187], [-90.208832713559, 38.60866924810401], [-90.21439446510948, 38.61330666920645], [-90.21995693176504, 38.61794384912666], [-90.22552011370372, 38.622580787732026], [-90.23108401110366, 38.627217484889904], [-90.23664862414297, 38.63185394046768], [-90.24221395299979, 38.63649015433267], [-90.24777999785228, 38.641126126352205], [-90.25334675887852, 38.64576185639355], [-90.25891423625677, 38.65039734432395], [-90.26448243016516, 38.6550325900107], [-90.27005134078189, 38.65966759332096], [-90.27562096828521, 38.66430235412195], [-90.28119131285328, 38.668936872280845], [-90.28102094844074, 38.67343772015905], [-90.28659233093768, 38.67807201278429], [-90.29216443101578, 38.68270606246168], [-90.29773724885335, 38.68733986905835], [-90.30331078462868, 38.69197343244128], [-90.30888503852013, 38.69660675247757], [-90.31446001070607, 38.70123982903419], [-90.32003570136486, 38.70587266197814], [-90.32561211067481, 38.710505251176386], [-90.33118923881437, 38.715137596495865], [-90.3367670859619, 38.719769697803464], [-90.34234565229588, 38.724401554966114], [-90.34792493799469, 38.72903316785066], [-90.35350494323681, 38.73366453632395], [-90.35908566820065, 38.73829566025279], [-90.36466711306467, 38.742926539503976], [-90.37024927800739, 38.74755717394432]]}}, {"type": "Feature", "properties": {"route_run_id": "stl_st_louis_downtown_airport_to_st_louis_lambert_2026-01-12_0203", "route_pair": "st_louis_downtown_airport_to_st_louis_lambert", "route_pair_label": "St. Louis Downtown Airport to St. Louis Lambert", "origin_label": "St. Louis Downtown Airport", "destination_label": "St. Louis Lambert International Airport", "origin_lat": 38.5703611, "origin_lon": -90.1550833, "destination_lat": 38.7486982, "destination_lon": -90.3700257, "traffic_date": "2026-01-12", "traffic_dataset": "January 12th - Monday", "weight_id": "w_0203", "distance_weight": 0.3, "population_weight": 0.7, "traffic_weight": 0.0, "airspace_weight": 0.0, "path_nodes": 55, "path_node_ids": [2179, 2180, 2183, 2186, 2419, 2423, 2448, 2452, 2455, 2478, 2482, 2483, 2487, 2811, 2812, 2816, 2858, 2863, 2864, 2889, 3896, 3898, 3901, 3927, 3946, 3949, 3953, 3966, 3944, 3977, 3976, 3941, 4043, 4066, 4067, 4068, 4185, 4187, 4188, 4076, 4075, 4082, 4084, 5080, 5084, 5310, 5311, 5337, 5320, 5322, 5323, 5346, 5357, 5358, 5364], "elapsed_seconds": 0.010828400001628324, "status": "success", "failure_reason": "", "route_distance_km": 41.77074742931658, "distance_cost_sum": 45.971408828735385, "population_cost_sum": 8.67777235752909, "traffic_cost_sum": 41.35893898884012, "airspace_cost_sum": 45.2, "total_weighted_score": 19.86586329889098}, "geometry": {"type": "LineString", "coordinates": [[-90.15289905765549, 38.57128267769979], [-90.15845430205954, 38.57592253965332], [-90.15827684369297, 38.58042298981685], [-90.1580993457009, 38.58492343582021], [-90.15792180807382, 38.58942387766302], [-90.16347871828971, 38.59406355405304], [-90.1690363428032, 38.598702990254786], [-90.17459468179258, 38.60334218613583], [-90.17441805758689, 38.60784267808668], [-90.174241393937, 38.61234316588366], [-90.17406469083332, 38.61684364952644], [-90.17388794826633, 38.621344129014695], [-90.17371116622648, 38.62584460434813], [-90.17353434470424, 38.6303450755264], [-90.17335748369, 38.63484554254923], [-90.17318058317427, 38.63934600541629], [-90.17300364314747, 38.64384646412727], [-90.17856556137721, 38.64848558173427], [-90.17838890046788, 38.65298605432084], [-90.17821220009857, 38.65748652275311], [-90.18377547226044, 38.66212543540375], [-90.18933946118675, 38.666764106898924], [-90.19490416705614, 38.67140253710589], [-90.20046959004746, 38.676040725891895], [-90.20603573033937, 38.68067867312418], [-90.21160258811075, 38.68531637866994], [-90.2171701635404, 38.68995384239636], [-90.2229126017605, 38.690090452895454], [-90.22865507887754, 38.69022678182468], [-90.23439759481155, 38.69036282917826], [-90.24014014948251, 38.69049859495047], [-90.24605541323987, 38.68613337677085], [-90.2517976862147, 38.68626855773688], [-90.25736804511756, 38.69090420272148], [-90.26311075393669, 38.69103884211091], [-90.26868222818311, 38.695673984376505], [-90.27425442059507, 38.700308883813186], [-90.27999796237877, 38.700442721166475], [-90.28557127047641, 38.70507711728869], [-90.29148516021279, 38.700709550716724], [-90.297228816103, 38.700842542902386], [-90.30280331580018, 38.70547615766316], [-90.30837853409372, 38.710109528957155], [-90.31395447116216, 38.71474265665128], [-90.31378588266769, 38.71924359100243], [-90.31936286061908, 38.72387649197406], [-90.32494055786266, 38.72850914903958], [-90.330518974577, 38.7331415620659], [-90.33626541075455, 38.733272728767844], [-90.3420118843105, 38.73340361338185], [-90.34775839516463, 38.73353421590239], [-90.35333872308522, 38.73816560113835], [-90.35908566820065, 38.73829566025279], [-90.36466711306467, 38.742926539503976], [-90.37024927800739, 38.74755717394432]]}}, {"type": "Feature", "properties": {"route_run_id": "stl_st_louis_downtown_airport_to_st_louis_lambert_2026-01-12_0119", "route_pair": "st_louis_downtown_airport_to_st_louis_lambert", "route_pair_label": "St. Louis Downtown Airport to St. Louis Lambert", "origin_label": "St. Louis Downtown Airport", "destination_label": "St. Louis Lambert International Airport", "origin_lat": 38.5703611, "origin_lon": -90.1550833, "destination_lat": 38.7486982, "destination_lon": -90.3700257, "traffic_date": "2026-01-12", "traffic_dataset": "January 12th - Monday", "weight_id": "w_0119", "distance_weight": 0.1, "population_weight": 0.8, "traffic_weight": 0.0, "airspace_weight": 0.1, "path_nodes": 55, "path_node_ids": [2179, 2180, 2183, 2186, 2419, 2423, 2448, 2452, 2455, 2478, 2482, 2483, 2487, 2811, 2812, 2816, 2858, 2863, 2864, 2889, 3896, 3898, 3901, 3927, 3946, 3949, 3953, 3966, 3944, 3977, 3976, 3941, 4043, 4066, 4067, 4068, 4185, 4187, 4188, 4076, 4075, 4082, 4084, 5080, 5084, 5310, 5311, 5337, 5320, 5322, 5323, 5346, 5357, 5358, 5364], "elapsed_seconds": 0.03218080001533963, "status": "success", "failure_reason": "", "route_distance_km": 41.77074742931658, "distance_cost_sum": 45.971408828735385, "population_cost_sum": 8.67777235752909, "traffic_cost_sum": 41.35893898884012, "airspace_cost_sum": 45.2, "total_weighted_score": 16.059358768896814}, "geometry": {"type": "LineString", "coordinates": [[-90.15289905765549, 38.57128267769979], [-90.15845430205954, 38.57592253965332], [-90.15827684369297, 38.58042298981685], [-90.1580993457009, 38.58492343582021], [-90.15792180807382, 38.58942387766302], [-90.16347871828971, 38.59406355405304], [-90.1690363428032, 38.598702990254786], [-90.17459468179258, 38.60334218613583], [-90.17441805758689, 38.60784267808668], [-90.174241393937, 38.61234316588366], [-90.17406469083332, 38.61684364952644], [-90.17388794826633, 38.621344129014695], [-90.17371116622648, 38.62584460434813], [-90.17353434470424, 38.6303450755264], [-90.17335748369, 38.63484554254923], [-90.17318058317427, 38.63934600541629], [-90.17300364314747, 38.64384646412727], [-90.17856556137721, 38.64848558173427], [-90.17838890046788, 38.65298605432084], [-90.17821220009857, 38.65748652275311], [-90.18377547226044, 38.66212543540375], [-90.18933946118675, 38.666764106898924], [-90.19490416705614, 38.67140253710589], [-90.20046959004746, 38.676040725891895], [-90.20603573033937, 38.68067867312418], [-90.21160258811075, 38.68531637866994], [-90.2171701635404, 38.68995384239636], [-90.2229126017605, 38.690090452895454], [-90.22865507887754, 38.69022678182468], [-90.23439759481155, 38.69036282917826], [-90.24014014948251, 38.69049859495047], [-90.24605541323987, 38.68613337677085], [-90.2517976862147, 38.68626855773688], [-90.25736804511756, 38.69090420272148], [-90.26311075393669, 38.69103884211091], [-90.26868222818311, 38.695673984376505], [-90.27425442059507, 38.700308883813186], [-90.27999796237877, 38.700442721166475], [-90.28557127047641, 38.70507711728869], [-90.29148516021279, 38.700709550716724], [-90.297228816103, 38.700842542902386], [-90.30280331580018, 38.70547615766316], [-90.30837853409372, 38.710109528957155], [-90.31395447116216, 38.71474265665128], [-90.31378588266769, 38.71924359100243], [-90.31936286061908, 38.72387649197406], [-90.32494055786266, 38.72850914903958], [-90.330518974577, 38.7331415620659], [-90.33626541075455, 38.733272728767844], [-90.3420118843105, 38.73340361338185], [-90.34775839516463, 38.73353421590239], [-90.35333872308522, 38.73816560113835], [-90.35908566820065, 38.73829566025279], [-90.36466711306467, 38.742926539503976], [-90.37024927800739, 38.74755717394432]]}}, {"type": "Feature", "properties": {"route_run_id": "stl_st_louis_downtown_airport_to_st_louis_lambert_2026-01-12_0233", "route_pair": "st_louis_downtown_airport_to_st_louis_lambert", "route_pair_label": "St. Louis Downtown Airport to St. Louis Lambert", "origin_label": "St. Louis Downtown Airport", "destination_label": "St. Louis Lambert International Airport", "origin_lat": 38.5703611, "origin_lon": -90.1550833, "destination_lat": 38.7486982, "destination_lon": -90.3700257, "traffic_date": "2026-01-12", "traffic_dataset": "January 12th - Monday", "weight_id": "w_0233", "distance_weight": 0.5, "population_weight": 0.0, "traffic_weight": 0.1, "airspace_weight": 0.4, "path_nodes": 40, "path_node_ids": [2179, 2180, 2174, 2199, 2203, 2207, 2341, 2344, 2368, 2374, 2394, 2397, 2712, 2716, 2739, 2746, 2769, 2773, 3985, 3988, 3992, 3990, 4016, 4017, 4022, 4029, 4034, 4060, 4064, 5048, 5052, 5076, 5082, 5299, 5304, 5319, 5321, 5357, 5358, 5364], "elapsed_seconds": 0.00936809999984689, "status": "success", "failure_reason": "", "route_distance_km": 35.06925127294606, "distance_cost_sum": 38.59597892794111, "population_cost_sum": 25.05959051055676, "traffic_cost_sum": 17.839922019494136, "airspace_cost_sum": 33.4, "total_weighted_score": 34.44198166591997}, "geometry": {"type": "LineString", "coordinates": [[-90.15289905765549, 38.57128267769979], [-90.15845430205954, 38.57592253965332], [-90.16401026010618, 38.58056216167], [-90.16956693197352, 38.58520154361737], [-90.17512431783956, 38.5898406853631], [-90.18068241788241, 38.5944795867747], [-90.18624123228014, 38.59911824771971], [-90.19180076121087, 38.60375666806568], [-90.19736100485268, 38.60839484768009], [-90.20292196338367, 38.61303278643038], [-90.2084836369821, 38.617670484184025], [-90.21404602582597, 38.62230794080845], [-90.21960913009349, 38.62694515617101], [-90.22517294996291, 38.63158213013913], [-90.23073748561237, 38.63621886258013], [-90.23630273722006, 38.640855353361346], [-90.24186870496423, 38.645491602350084], [-90.24743538902311, 38.65012760941361], [-90.25300278957496, 38.654763374419176], [-90.25857090679797, 38.65939889723403], [-90.26413974087053, 38.66403417772537], [-90.26988033547711, 38.664168406596616], [-90.27545028334664, 38.66880318471887], [-90.28102094844074, 38.67343772015905], [-90.28659233093768, 38.67807201278429], [-90.29216443101578, 38.68270606246168], [-90.29773724885335, 38.68733986905835], [-90.30331078462868, 38.69197343244128], [-90.30888503852013, 38.69660675247757], [-90.31446001070607, 38.70123982903419], [-90.32003570136486, 38.70587266197814], [-90.32561211067481, 38.710505251176386], [-90.33118923881437, 38.715137596495865], [-90.3367670859619, 38.719769697803464], [-90.34234565229588, 38.724401554966114], [-90.34792493799469, 38.72903316785066], [-90.35350494323681, 38.73366453632395], [-90.35908566820065, 38.73829566025279], [-90.36466711306467, 38.742926539503976], [-90.37024927800739, 38.74755717394432]]}}, {"type": "Feature", "properties": {"route_run_id": "stl_st_louis_downtown_airport_to_st_louis_lambert_2026-01-12_0078", "route_pair": "st_louis_downtown_airport_to_st_louis_lambert", "route_pair_label": "St. Louis Downtown Airport to St. Louis Lambert", "origin_label": "St. Louis Downtown Airport", "destination_label": "St. Louis Lambert International Airport", "origin_lat": 38.5703611, "origin_lon": -90.1550833, "destination_lat": 38.7486982, "destination_lon": -90.3700257, "traffic_date": "2026-01-12", "traffic_dataset": "January 12th - Monday", "weight_id": "w_0078", "distance_weight": 0.1, "population_weight": 0.1, "traffic_weight": 0.1, "airspace_weight": 0.7, "path_nodes": 40, "path_node_ids": [2179, 2180, 2174, 2199, 2203, 2207, 2341, 2344, 2368, 2374, 2394, 2397, 2712, 2716, 2739, 2746, 2769, 2773, 3985, 3988, 3992, 3994, 4019, 4017, 4022, 4029, 4034, 4060, 4064, 5048, 5052, 5076, 5082, 5299, 5304, 5319, 5321, 5357, 5358, 5364], "elapsed_seconds": 0.05117500000051223, "status": "success", "failure_reason": "", "route_distance_km": 35.06932923764436, "distance_cost_sum": 38.59606473313351, "population_cost_sum": 24.787572976016946, "traffic_cost_sum": 17.839922019494136, "airspace_cost_sum": 33.4, "total_weighted_score": 31.502355972864464}, "geometry": {"type": "LineString", "coordinates": [[-90.15289905765549, 38.57128267769979], [-90.15845430205954, 38.57592253965332], [-90.16401026010618, 38.58056216167], [-90.16956693197352, 38.58520154361737], [-90.17512431783956, 38.5898406853631], [-90.18068241788241, 38.5944795867747], [-90.18624123228014, 38.59911824771971], [-90.19180076121087, 38.60375666806568], [-90.19736100485268, 38.60839484768009], [-90.20292196338367, 38.61303278643038], [-90.2084836369821, 38.617670484184025], [-90.21404602582597, 38.62230794080845], [-90.21960913009349, 38.62694515617101], [-90.22517294996291, 38.63158213013913], [-90.23073748561237, 38.63621886258013], [-90.23630273722006, 38.640855353361346], [-90.24186870496423, 38.645491602350084], [-90.24743538902311, 38.65012760941361], [-90.25300278957496, 38.654763374419176], [-90.25857090679797, 38.65939889723403], [-90.26413974087053, 38.66403417772537], [-90.26970929197084, 38.66866921576039], [-90.27527956027723, 38.67330401120623], [-90.28102094844074, 38.67343772015905], [-90.28659233093768, 38.67807201278429], [-90.29216443101578, 38.68270606246168], [-90.29773724885335, 38.68733986905835], [-90.30331078462868, 38.69197343244128], [-90.30888503852013, 38.69660675247757], [-90.31446001070607, 38.70123982903419], [-90.32003570136486, 38.70587266197814], [-90.32561211067481, 38.710505251176386], [-90.33118923881437, 38.715137596495865], [-90.3367670859619, 38.719769697803464], [-90.34234565229588, 38.724401554966114], [-90.34792493799469, 38.72903316785066], [-90.35350494323681, 38.73366453632395], [-90.35908566820065, 38.73829566025279], [-90.36466711306467, 38.742926539503976], [-90.37024927800739, 38.74755717394432]]}}, {"type": "Feature", "properties": {"route_run_id": "stl_st_louis_downtown_airport_to_st_louis_lambert_2026-01-12_0099", "route_pair": "st_louis_downtown_airport_to_st_louis_lambert", "route_pair_label": "St. Louis Downtown Airport to St. Louis Lambert", "origin_label": "St. Louis Downtown Airport", "destination_label": "St. Louis Lambert International Airport", "origin_lat": 38.5703611, "origin_lon": -90.1550833, "destination_lat": 38.7486982, "destination_lon": -90.3700257, "traffic_date": "2026-01-12", "traffic_dataset": "January 12th - Monday", "weight_id": "w_0099", "distance_weight": 0.1, "population_weight": 0.3, "traffic_weight": 0.5, "airspace_weight": 0.1, "path_nodes": 43, "path_node_ids": [2179, 2147, 2157, 2170, 2175, 2201, 2313, 2316, 2342, 2347, 2366, 2389, 2392, 2396, 2720, 2721, 2726, 2740, 2678, 2680, 2683, 2686, 2703, 2705, 2707, 4004, 4027, 4030, 4034, 4059, 4063, 4064, 5048, 5052, 5076, 5082, 5299, 5304, 5319, 5321, 5357, 5358, 5364], "elapsed_seconds": 0.04721710001467727, "status": "success", "failure_reason": "", "route_distance_km": 36.1929354403576, "distance_cost_sum": 39.832666021986206, "population_cost_sum": 22.78428600684611, "traffic_cost_sum": 17.46657477379619, "airspace_cost_sum": 36.4, "total_weighted_score": 23.19183979115055}, "geometry": {"type": "LineString", "coordinates": [[-90.15289905765549, 38.57128267769979], [-90.15863172081019, 38.571422085329914], [-90.16436442357126, 38.57156121262679], [-90.16992046069078, 38.5762005584167], [-90.17547721149117, 38.58083966408426], [-90.1810346761504, 38.585478529497074], [-90.18659285484642, 38.5901171545227], [-90.19215174775724, 38.5947555390287], [-90.19771135506093, 38.5993936828826], [-90.2032716769355, 38.60403158595187], [-90.208832713559, 38.60866924810401], [-90.21439446510948, 38.61330666920645], [-90.21995693176504, 38.61794384912666], [-90.22552011370372, 38.622580787732026], [-90.23125721581627, 38.622716789852504], [-90.23682150967697, 38.62735322783211], [-90.24238651919569, 38.63198942413879], [-90.24795224455062, 38.63662537863984], [-90.2535186859198, 38.64126109120261], [-90.25908584348143, 38.64589656169434], [-90.26465371741357, 38.6505317899823], [-90.27022230789443, 38.65516677593373], [-90.27579161510215, 38.65980151941581], [-90.28136163921492, 38.66443602029574], [-90.28693238041095, 38.66907027844067], [-90.29250383886837, 38.67370429371775], [-90.29807601476547, 38.67833806599408], [-90.29790665072878, 38.68283896957616], [-90.29773724885335, 38.68733986905835], [-90.29756780913004, 38.69184076444029], [-90.3031416661418, 38.696474344946864], [-90.30888503852013, 38.69660675247757], [-90.31446001070607, 38.70123982903419], [-90.32003570136486, 38.70587266197814], [-90.32561211067481, 38.710505251176386], [-90.33118923881437, 38.715137596495865], [-90.3367670859619, 38.719769697803464], [-90.34234565229588, 38.724401554966114], [-90.34792493799469, 38.72903316785066], [-90.35350494323681, 38.73366453632395], [-90.35908566820065, 38.73829566025279], [-90.36466711306467, 38.742926539503976], [-90.37024927800739, 38.74755717394432]]}}, {"type": "Feature", "properties": {"route_run_id": "stl_st_louis_downtown_airport_to_st_louis_lambert_2026-01-12_0052", "route_pair": "st_louis_downtown_airport_to_st_louis_lambert", "route_pair_label": "St. Louis Downtown Airport to St. Louis Lambert", "origin_label": "St. Louis Downtown Airport", "destination_label": "St. Louis Lambert International Airport", "origin_lat": 38.5703611, "origin_lon": -90.1550833, "destination_lat": 38.7486982, "destination_lon": -90.3700257, "traffic_date": "2026-01-12", "traffic_dataset": "January 12th - Monday", "weight_id": "w_0052", "distance_weight": 0.0, "population_weight": 0.6, "traffic_weight": 0.0, "airspace_weight": 0.4, "path_nodes": 54, "path_node_ids": [2179, 2182, 2192, 2418, 2422, 2425, 2427, 2453, 2456, 2479, 2480, 2483, 2808, 2811, 2813, 2833, 2859, 2862, 2864, 2795, 2796, 3899, 3902, 3914, 3948, 3947, 3952, 3940, 3977, 3976, 3941, 4043, 4066, 4067, 4068, 4185, 4187, 4188, 4076, 4075, 4082, 4084, 5080, 5084, 5310, 5311, 5337, 5320, 5322, 5323, 5346, 5357, 5358, 5364], "elapsed_seconds": 0.04633129999274388, "status": "success", "failure_reason": "", "route_distance_km": 44.03384803406542, "distance_cost_sum": 48.46209739727293, "population_cost_sum": 9.018797265828733, "traffic_cost_sum": 40.568618255288065, "airspace_cost_sum": 44.2, "total_weighted_score": 23.091278359497245}, "geometry": {"type": "LineString", "coordinates": [[-90.15289905765549, 38.57128267769979], [-90.14698830189188, 38.575643399377846], [-90.14107683252396, 38.580003791744], [-90.14663191796852, 38.58464420615243], [-90.15218771733517, 38.589284380730234], [-90.15774423080212, 38.593924315345014], [-90.16330145854758, 38.59856400986431], [-90.16885940074975, 38.60320346415569], [-90.16868241918205, 38.60770393390031], [-90.16850539809049, 38.61220439948829], [-90.16832833746557, 38.616704860919356], [-90.17388794826633, 38.621344129014695], [-90.179448274358, 38.625983156498016], [-90.17353434470424, 38.6303450755264], [-90.16761969944088, 38.63470666506797], [-90.16170433842768, 38.63906792498539], [-90.16726514297947, 38.64370754219247], [-90.17282666359999, 38.64834691868183], [-90.17838890046788, 38.65298605432084], [-90.18395185376184, 38.657624948976824], [-90.18951552366053, 38.66226360251709], [-90.1950799103427, 38.666902014808954], [-90.200645013987, 38.67154018571967], [-90.20621083477218, 38.67617811511645], [-90.21177737287698, 38.68081580286656], [-90.21751905445252, 38.68095265114052], [-90.22308670781703, 38.685589837485246], [-90.22882882604138, 38.685726144608395], [-90.23439759481155, 38.69036282917826], [-90.24014014948251, 38.69049859495047], [-90.24605541323987, 38.68613337677085], [-90.2517976862147, 38.68626855773688], [-90.25736804511756, 38.69090420272148], [-90.26311075393669, 38.69103884211091], [-90.26868222818311, 38.695673984376505], [-90.27425442059507, 38.700308883813186], [-90.27999796237877, 38.700442721166475], [-90.28557127047641, 38.70507711728869], [-90.29148516021279, 38.700709550716724], [-90.297228816103, 38.700842542902386], [-90.30280331580018, 38.70547615766316], [-90.30837853409372, 38.710109528957155], [-90.31395447116216, 38.71474265665128], [-90.31378588266769, 38.71924359100243], [-90.31936286061908, 38.72387649197406], [-90.32494055786266, 38.72850914903958], [-90.330518974577, 38.7331415620659], [-90.33626541075455, 38.733272728767844], [-90.3420118843105, 38.73340361338185], [-90.34775839516463, 38.73353421590239], [-90.35333872308522, 38.73816560113835], [-90.35908566820065, 38.73829566025279], [-90.36466711306467, 38.742926539503976], [-90.37024927800739, 38.74755717394432]]}}, {"type": "Feature", "properties": {"route_run_id": "stl_st_louis_downtown_airport_to_st_louis_lambert_2026-01-12_0042", "route_pair": "st_louis_downtown_airport_to_st_louis_lambert", "route_pair_label": "St. Louis Downtown Airport to St. Louis Lambert", "origin_label": "St. Louis Downtown Airport", "destination_label": "St. Louis Lambert International Airport", "origin_lat": 38.5703611, "origin_lon": -90.1550833, "destination_lat": 38.7486982, "destination_lon": -90.3700257, "traffic_date": "2026-01-12", "traffic_dataset": "January 12th - Monday", "weight_id": "w_0042", "distance_weight": 0.0, "population_weight": 0.4, "traffic_weight": 0.3, "airspace_weight": 0.3, "path_nodes": 44, "path_node_ids": [2179, 2180, 2174, 2199, 2203, 2206, 2449, 2345, 2370, 2373, 2398, 2709, 2711, 2714, 2750, 2744, 2770, 2772, 2777, 3989, 3988, 3992, 3994, 4019, 4020, 4023, 4055, 4059, 4062, 4075, 4082, 4084, 5080, 5084, 5310, 5311, 5337, 5320, 5322, 5323, 5346, 5357, 5358, 5364], "elapsed_seconds": 0.04616670001996681, "status": "success", "failure_reason": "", "route_distance_km": 36.57210005386254, "distance_cost_sum": 40.24996119943833, "population_cost_sum": 16.402941041735232, "traffic_cost_sum": 23.43756424675925, "airspace_cost_sum": 37.4, "total_weighted_score": 24.81244569072187}, "geometry": {"type": "LineString", "coordinates": [[-90.15289905765549, 38.57128267769979], [-90.15845430205954, 38.57592253965332], [-90.16401026010618, 38.58056216167], [-90.16956693197352, 38.58520154361737], [-90.17512431783956, 38.5898406853631], [-90.17494781190939, 38.59434118977373], [-90.18050622974906, 38.59898010918833], [-90.18606536210271, 38.60361878809667], [-90.19162520914848, 38.60825722636621], [-90.19718577106451, 38.612895423864465], [-90.20274704802898, 38.61753338045887], [-90.2083090402201, 38.622171096016864], [-90.21387174781604, 38.62680857040582], [-90.21943517099498, 38.631445803493165], [-90.22499930993523, 38.636082795146216], [-90.23056416481495, 38.64071954523234], [-90.2361297358124, 38.64535605361884], [-90.24169602310592, 38.649992320172984], [-90.24726302687371, 38.65462834476206], [-90.25283074729404, 38.65926412725328], [-90.25857090679797, 38.65939889723403], [-90.26413974087053, 38.66403417772537], [-90.26970929197084, 38.66866921576039], [-90.27527956027723, 38.67330401120623], [-90.28085054596801, 38.677938563930056], [-90.28642224922152, 38.68257287379895], [-90.29199467021606, 38.68720694068001], [-90.29756780913004, 38.69184076444029], [-90.29739833154962, 38.69634165572174], [-90.297228816103, 38.700842542902386], [-90.30280331580018, 38.70547615766316], [-90.30837853409372, 38.710109528957155], [-90.31395447116216, 38.71474265665128], [-90.31378588266769, 38.71924359100243], [-90.31936286061908, 38.72387649197406], [-90.32494055786266, 38.72850914903958], [-90.330518974577, 38.7331415620659], [-90.33626541075455, 38.733272728767844], [-90.3420118843105, 38.73340361338185], [-90.34775839516463, 38.73353421590239], [-90.35333872308522, 38.73816560113835], [-90.35908566820065, 38.73829566025279], [-90.36466711306467, 38.742926539503976], [-90.37024927800739, 38.74755717394432]]}}, {"type": "Feature", "properties": {"route_run_id": "stl_st_louis_downtown_airport_to_st_louis_lambert_2026-01-12_0232", "route_pair": "st_louis_downtown_airport_to_st_louis_lambert", "route_pair_label": "St. Louis Downtown Airport to St. Louis Lambert", "origin_label": "St. Louis Downtown Airport", "destination_label": "St. Louis Lambert International Airport", "origin_lat": 38.5703611, "origin_lon": -90.1550833, "destination_lat": 38.7486982, "destination_lon": -90.3700257, "traffic_date": "2026-01-12", "traffic_dataset": "January 12th - Monday", "weight_id": "w_0232", "distance_weight": 0.5, "population_weight": 0.0, "traffic_weight": 0.0, "airspace_weight": 0.5, "path_nodes": 40, "path_node_ids": [2179, 2147, 2172, 2176, 2200, 2204, 2317, 2340, 2346, 2371, 2391, 2395, 2708, 2713, 2738, 2741, 2745, 2747, 2684, 2687, 3987, 3990, 4016, 4017, 4022, 4029, 4034, 4060, 4064, 5048, 5052, 5076, 5082, 5299, 5304, 5319, 5321, 5357, 5358, 5364], "elapsed_seconds": 0.011828200018499047, "status": "success", "failure_reason": "", "route_distance_km": 35.06847425714207, "distance_cost_sum": 38.5951237717998, "population_cost_sum": 26.02381511715049, "traffic_cost_sum": 20.11965029009705, "airspace_cost_sum": 33.4, "total_weighted_score": 35.9975618858999}, "geometry": {"type": "LineString", "coordinates": [[-90.15289905765549, 38.57128267769979], [-90.15863172081019, 38.571422085329914], [-90.16418736160693, 38.57606168922697], [-90.16974371606538, 38.58070105309441], [-90.17530078436367, 38.58534017679984], [-90.1808585666797, 38.58997906021084], [-90.18641706319154, 38.594617703194956], [-90.1919762740773, 38.599256105619745], [-90.19753619951499, 38.60389426735269], [-90.20309683968271, 38.60853218826128], [-90.20865819475857, 38.61316986821297], [-90.21422026492066, 38.617807307075225], [-90.21978305034705, 38.62244450471542], [-90.22534655121595, 38.62708146100096], [-90.2309107677055, 38.63171817579922], [-90.2364756999938, 38.63635464897752], [-90.2420413482591, 38.64099088040321], [-90.24760771267954, 38.645626869943555], [-90.25317479343335, 38.65026261746583], [-90.25874259069872, 38.654898122837295], [-90.26431110465388, 38.659533385925144], [-90.26988033547711, 38.664168406596616], [-90.27545028334664, 38.66880318471887], [-90.28102094844074, 38.67343772015905], [-90.28659233093768, 38.67807201278429], [-90.29216443101578, 38.68270606246168], [-90.29773724885335, 38.68733986905835], [-90.30331078462868, 38.69197343244128], [-90.30888503852013, 38.69660675247757], [-90.31446001070607, 38.70123982903419], [-90.32003570136486, 38.70587266197814], [-90.32561211067481, 38.710505251176386], [-90.33118923881437, 38.715137596495865], [-90.3367670859619, 38.719769697803464], [-90.34234565229588, 38.724401554966114], [-90.34792493799469, 38.72903316785066], [-90.35350494323681, 38.73366453632395], [-90.35908566820065, 38.73829566025279], [-90.36466711306467, 38.742926539503976], [-90.37024927800739, 38.74755717394432]]}}, {"type": "Feature", "properties": {"route_run_id": "stl_st_louis_downtown_airport_to_st_louis_lambert_2026-01-12_0176", "route_pair": "st_louis_downtown_airport_to_st_louis_lambert", "route_pair_label": "St. Louis Downtown Airport to St. Louis Lambert", "origin_label": "St. Louis Downtown Airport", "destination_label": "St. Louis Lambert International Airport", "origin_lat": 38.5703611, "origin_lon": -90.1550833, "destination_lat": 38.7486982, "destination_lon": -90.3700257, "traffic_date": "2026-01-12", "traffic_dataset": "January 12th - Monday", "weight_id": "w_0176", "distance_weight": 0.3, "population_weight": 0.1, "traffic_weight": 0.0, "airspace_weight": 0.6, "path_nodes": 40, "path_node_ids": [2179, 2180, 2174, 2199, 2203, 2207, 2341, 2344, 2368, 2374, 2394, 2397, 2712, 2716, 2739, 2746, 2769, 2773, 3985, 3988, 3992, 3994, 4019, 4017, 4022, 4029, 4034, 4060, 4064, 5048, 5052, 5076, 5082, 5299, 5304, 5319, 5321, 5357, 5358, 5364], "elapsed_seconds": 0.02881750001688488, "status": "success", "failure_reason": "", "route_distance_km": 35.06932923764436, "distance_cost_sum": 38.59606473313351, "population_cost_sum": 24.787572976016946, "traffic_cost_sum": 17.839922019494136, "airspace_cost_sum": 33.4, "total_weighted_score": 34.09757671754175}, "geometry": {"type": "LineString", "coordinates": [[-90.15289905765549, 38.57128267769979], [-90.15845430205954, 38.57592253965332], [-90.16401026010618, 38.58056216167], [-90.16956693197352, 38.58520154361737], [-90.17512431783956, 38.5898406853631], [-90.18068241788241, 38.5944795867747], [-90.18624123228014, 38.59911824771971], [-90.19180076121087, 38.60375666806568], [-90.19736100485268, 38.60839484768009], [-90.20292196338367, 38.61303278643038], [-90.2084836369821, 38.617670484184025], [-90.21404602582597, 38.62230794080845], [-90.21960913009349, 38.62694515617101], [-90.22517294996291, 38.63158213013913], [-90.23073748561237, 38.63621886258013], [-90.23630273722006, 38.640855353361346], [-90.24186870496423, 38.645491602350084], [-90.24743538902311, 38.65012760941361], [-90.25300278957496, 38.654763374419176], [-90.25857090679797, 38.65939889723403], [-90.26413974087053, 38.66403417772537], [-90.26970929197084, 38.66866921576039], [-90.27527956027723, 38.67330401120623], [-90.28102094844074, 38.67343772015905], [-90.28659233093768, 38.67807201278429], [-90.29216443101578, 38.68270606246168], [-90.29773724885335, 38.68733986905835], [-90.30331078462868, 38.69197343244128], [-90.30888503852013, 38.69660675247757], [-90.31446001070607, 38.70123982903419], [-90.32003570136486, 38.70587266197814], [-90.32561211067481, 38.710505251176386], [-90.33118923881437, 38.715137596495865], [-90.3367670859619, 38.719769697803464], [-90.34234565229588, 38.724401554966114], [-90.34792493799469, 38.72903316785066], [-90.35350494323681, 38.73366453632395], [-90.35908566820065, 38.73829566025279], [-90.36466711306467, 38.742926539503976], [-90.37024927800739, 38.74755717394432]]}}, {"type": "Feature", "properties": {"route_run_id": "stl_st_louis_downtown_airport_to_st_louis_lambert_2026-01-12_0074", "route_pair": "st_louis_downtown_airport_to_st_louis_lambert", "route_pair_label": "St. Louis Downtown Airport to St. Louis Lambert", "origin_label": "St. Louis Downtown Airport", "destination_label": "St. Louis Lambert International Airport", "origin_lat": 38.5703611, "origin_lon": -90.1550833, "destination_lat": 38.7486982, "destination_lon": -90.3700257, "traffic_date": "2026-01-12", "traffic_dataset": "January 12th - Monday", "weight_id": "w_0074", "distance_weight": 0.1, "population_weight": 0.0, "traffic_weight": 0.7, "airspace_weight": 0.2, "path_nodes": 42, "path_node_ids": [2179, 2147, 2157, 2170, 2175, 2201, 2313, 2316, 2342, 2347, 2366, 2389, 2392, 2396, 2724, 2721, 2726, 2740, 2678, 2680, 2682, 2685, 3986, 2706, 4015, 4017, 4022, 4029, 4034, 4060, 4064, 5048, 5052, 5076, 5082, 5299, 5304, 5319, 5321, 5357, 5358, 5364], "elapsed_seconds": 0.04870370001299307, "status": "success", "failure_reason": "", "route_distance_km": 35.817747454429586, "distance_cost_sum": 39.419747380347985, "population_cost_sum": 26.64764489159439, "traffic_cost_sum": 16.366481713769105, "airspace_cost_sum": 35.00000000000001, "total_weighted_score": 22.39851193767317}, "geometry": {"type": "LineString", "coordinates": [[-90.15289905765549, 38.57128267769979], [-90.15863172081019, 38.571422085329914], [-90.16436442357126, 38.57156121262679], [-90.16992046069078, 38.5762005584167], [-90.17547721149117, 38.58083966408426], [-90.1810346761504, 38.585478529497074], [-90.18659285484642, 38.5901171545227], [-90.19215174775724, 38.5947555390287], [-90.19771135506093, 38.5993936828826], [-90.2032716769355, 38.60403158595187], [-90.208832713559, 38.60866924810401], [-90.21439446510948, 38.61330666920645], [-90.21995693176504, 38.61794384912666], [-90.22552011370372, 38.622580787732026], [-90.23108401110366, 38.627217484889904], [-90.23682150967697, 38.62735322783211], [-90.24238651919569, 38.63198942413879], [-90.24795224455062, 38.63662537863984], [-90.2535186859198, 38.64126109120261], [-90.25908584348143, 38.64589656169434], [-90.25891423625677, 38.65039734432395], [-90.26448243016516, 38.6550325900107], [-90.27005134078189, 38.65966759332096], [-90.27562096828521, 38.66430235412195], [-90.28119131285328, 38.668936872280845], [-90.28102094844074, 38.67343772015905], [-90.28659233093768, 38.67807201278429], [-90.29216443101578, 38.68270606246168], [-90.29773724885335, 38.68733986905835], [-90.30331078462868, 38.69197343244128], [-90.30888503852013, 38.69660675247757], [-90.31446001070607, 38.70123982903419], [-90.32003570136486, 38.70587266197814], [-90.32561211067481, 38.710505251176386], [-90.33118923881437, 38.715137596495865], [-90.3367670859619, 38.719769697803464], [-90.34234565229588, 38.724401554966114], [-90.34792493799469, 38.72903316785066], [-90.35350494323681, 38.73366453632395], [-90.35908566820065, 38.73829566025279], [-90.36466711306467, 38.742926539503976], [-90.37024927800739, 38.74755717394432]]}}, {"type": "Feature", "properties": {"route_run_id": "stl_st_louis_downtown_airport_to_st_louis_lambert_2026-01-12_0208", "route_pair": "st_louis_downtown_airport_to_st_louis_lambert", "route_pair_label": "St. Louis Downtown Airport to St. Louis Lambert", "origin_label": "St. Louis Downtown Airport", "destination_label": "St. Louis Lambert International Airport", "origin_lat": 38.5703611, "origin_lon": -90.1550833, "destination_lat": 38.7486982, "destination_lon": -90.3700257, "traffic_date": "2026-01-12", "traffic_dataset": "January 12th - Monday", "weight_id": "w_0208", "distance_weight": 0.4, "population_weight": 0.0, "traffic_weight": 0.4, "airspace_weight": 0.2, "path_nodes": 41, "path_node_ids": [2179, 2147, 2157, 2170, 2175, 2201, 2313, 2316, 2342, 2347, 2366, 2389, 2392, 2396, 2724, 2727, 2742, 2743, 2681, 2682, 2685, 3986, 2706, 4015, 4017, 4022, 4029, 4034, 4060, 4064, 5048, 5052, 5076, 5082, 5299, 5304, 5319, 5321, 5357, 5358, 5364], "elapsed_seconds": 0.010241200012387708, "status": "success", "failure_reason": "", "route_distance_km": 35.442843120650096, "distance_cost_sum": 39.00714091624279, "population_cost_sum": 26.327607483472868, "traffic_cost_sum": 16.78312655842246, "airspace_cost_sum": 34.4, "total_weighted_score": 29.196106989866102}, "geometry": {"type": "LineString", "coordinates": [[-90.15289905765549, 38.57128267769979], [-90.15863172081019, 38.571422085329914], [-90.16436442357126, 38.57156121262679], [-90.16992046069078, 38.5762005584167], [-90.17547721149117, 38.58083966408426], [-90.1810346761504, 38.585478529497074], [-90.18659285484642, 38.5901171545227], [-90.19215174775724, 38.5947555390287], [-90.19771135506093, 38.5993936828826], [-90.2032716769355, 38.60403158595187], [-90.208832713559, 38.60866924810401], [-90.21439446510948, 38.61330666920645], [-90.21995693176504, 38.61794384912666], [-90.22552011370372, 38.622580787732026], [-90.23108401110366, 38.627217484889904], [-90.23664862414297, 38.63185394046768], [-90.24221395299979, 38.63649015433267], [-90.24777999785228, 38.641126126352205], [-90.25334675887852, 38.64576185639355], [-90.25891423625677, 38.65039734432395], [-90.26448243016516, 38.6550325900107], [-90.27005134078189, 38.65966759332096], [-90.27562096828521, 38.66430235412195], [-90.28119131285328, 38.668936872280845], [-90.28102094844074, 38.67343772015905], [-90.28659233093768, 38.67807201278429], [-90.29216443101578, 38.68270606246168], [-90.29773724885335, 38.68733986905835], [-90.30331078462868, 38.69197343244128], [-90.30888503852013, 38.69660675247757], [-90.31446001070607, 38.70123982903419], [-90.32003570136486, 38.70587266197814], [-90.32561211067481, 38.710505251176386], [-90.33118923881437, 38.715137596495865], [-90.3367670859619, 38.719769697803464], [-90.34234565229588, 38.724401554966114], [-90.34792493799469, 38.72903316785066], [-90.35350494323681, 38.73366453632395], [-90.35908566820065, 38.73829566025279], [-90.36466711306467, 38.742926539503976], [-90.37024927800739, 38.74755717394432]]}}, {"type": "Feature", "properties": {"route_run_id": "stl_st_louis_downtown_airport_to_st_louis_lambert_2026-01-12_0192", "route_pair": "st_louis_downtown_airport_to_st_louis_lambert", "route_pair_label": "St. Louis Downtown Airport to St. Louis Lambert", "origin_label": "St. Louis Downtown Airport", "destination_label": "St. Louis Lambert International Airport", "origin_lat": 38.5703611, "origin_lon": -90.1550833, "destination_lat": 38.7486982, "destination_lon": -90.3700257, "traffic_date": "2026-01-12", "traffic_dataset": "January 12th - Monday", "weight_id": "w_0192", "distance_weight": 0.3, "population_weight": 0.3, "traffic_weight": 0.3, "airspace_weight": 0.1, "path_nodes": 40, "path_node_ids": [2179, 2180, 2174, 2199, 2203, 2207, 2341, 2344, 2368, 2374, 2394, 2397, 2712, 2716, 2739, 2746, 2769, 2773, 3985, 3988, 3992, 3994, 4019, 4020, 4023, 4055, 4059, 4063, 4064, 5048, 5052, 5076, 5082, 5299, 5304, 5319, 5321, 5357, 5358, 5364], "elapsed_seconds": 0.01589629999944009, "status": "success", "failure_reason": "", "route_distance_km": 35.0695243590648, "distance_cost_sum": 38.596279476875054, "population_cost_sum": 23.651108783135093, "traffic_cost_sum": 17.839922019494136, "airspace_cost_sum": 33.8, "total_weighted_score": 27.40619308385128}, "geometry": {"type": "LineString", "coordinates": [[-90.15289905765549, 38.57128267769979], [-90.15845430205954, 38.57592253965332], [-90.16401026010618, 38.58056216167], [-90.16956693197352, 38.58520154361737], [-90.17512431783956, 38.5898406853631], [-90.18068241788241, 38.5944795867747], [-90.18624123228014, 38.59911824771971], [-90.19180076121087, 38.60375666806568], [-90.19736100485268, 38.60839484768009], [-90.20292196338367, 38.61303278643038], [-90.2084836369821, 38.617670484184025], [-90.21404602582597, 38.62230794080845], [-90.21960913009349, 38.62694515617101], [-90.22517294996291, 38.63158213013913], [-90.23073748561237, 38.63621886258013], [-90.23630273722006, 38.640855353361346], [-90.24186870496423, 38.645491602350084], [-90.24743538902311, 38.65012760941361], [-90.25300278957496, 38.654763374419176], [-90.25857090679797, 38.65939889723403], [-90.26413974087053, 38.66403417772537], [-90.26970929197084, 38.66866921576039], [-90.27527956027723, 38.67330401120623], [-90.28085054596801, 38.677938563930056], [-90.28642224922152, 38.68257287379895], [-90.29199467021606, 38.68720694068001], [-90.29756780913004, 38.69184076444029], [-90.3031416661418, 38.696474344946864], [-90.30888503852013, 38.69660675247757], [-90.31446001070607, 38.70123982903419], [-90.32003570136486, 38.70587266197814], [-90.32561211067481, 38.710505251176386], [-90.33118923881437, 38.715137596495865], [-90.3367670859619, 38.719769697803464], [-90.34234565229588, 38.724401554966114], [-90.34792493799469, 38.72903316785066], [-90.35350494323681, 38.73366453632395], [-90.35908566820065, 38.73829566025279], [-90.36466711306467, 38.742926539503976], [-90.37024927800739, 38.74755717394432]]}}, {"type": "Feature", "properties": {"route_run_id": "stl_st_louis_downtown_airport_to_st_louis_lambert_2026-01-12_0204", "route_pair": "st_louis_downtown_airport_to_st_louis_lambert", "route_pair_label": "St. Louis Downtown Airport to St. Louis Lambert", "origin_label": "St. Louis Downtown Airport", "destination_label": "St. Louis Lambert International Airport", "origin_lat": 38.5703611, "origin_lon": -90.1550833, "destination_lat": 38.7486982, "destination_lon": -90.3700257, "traffic_date": "2026-01-12", "traffic_dataset": "January 12th - Monday", "weight_id": "w_0204", "distance_weight": 0.4, "population_weight": 0.0, "traffic_weight": 0.0, "airspace_weight": 0.6, "path_nodes": 40, "path_node_ids": [2179, 2147, 2172, 2176, 2200, 2204, 2317, 2340, 2346, 2371, 2391, 2395, 2708, 2713, 2738, 2741, 2745, 2747, 2684, 2687, 3987, 3990, 4016, 4017, 4022, 4029, 4034, 4060, 4064, 5048, 5052, 5076, 5082, 5299, 5304, 5319, 5321, 5357, 5358, 5364], "elapsed_seconds": 0.01830679998965934, "status": "success", "failure_reason": "", "route_distance_km": 35.06847425714207, "distance_cost_sum": 38.5951237717998, "population_cost_sum": 26.02381511715049, "traffic_cost_sum": 20.11965029009705, "airspace_cost_sum": 33.4, "total_weighted_score": 35.47804950871992}, "geometry": {"type": "LineString", "coordinates": [[-90.15289905765549, 38.57128267769979], [-90.15863172081019, 38.571422085329914], [-90.16418736160693, 38.57606168922697], [-90.16974371606538, 38.58070105309441], [-90.17530078436367, 38.58534017679984], [-90.1808585666797, 38.58997906021084], [-90.18641706319154, 38.594617703194956], [-90.1919762740773, 38.599256105619745], [-90.19753619951499, 38.60389426735269], [-90.20309683968271, 38.60853218826128], [-90.20865819475857, 38.61316986821297], [-90.21422026492066, 38.617807307075225], [-90.21978305034705, 38.62244450471542], [-90.22534655121595, 38.62708146100096], [-90.2309107677055, 38.63171817579922], [-90.2364756999938, 38.63635464897752], [-90.2420413482591, 38.64099088040321], [-90.24760771267954, 38.645626869943555], [-90.25317479343335, 38.65026261746583], [-90.25874259069872, 38.654898122837295], [-90.26431110465388, 38.659533385925144], [-90.26988033547711, 38.664168406596616], [-90.27545028334664, 38.66880318471887], [-90.28102094844074, 38.67343772015905], [-90.28659233093768, 38.67807201278429], [-90.29216443101578, 38.68270606246168], [-90.29773724885335, 38.68733986905835], [-90.30331078462868, 38.69197343244128], [-90.30888503852013, 38.69660675247757], [-90.31446001070607, 38.70123982903419], [-90.32003570136486, 38.70587266197814], [-90.32561211067481, 38.710505251176386], [-90.33118923881437, 38.715137596495865], [-90.3367670859619, 38.719769697803464], [-90.34234565229588, 38.724401554966114], [-90.34792493799469, 38.72903316785066], [-90.35350494323681, 38.73366453632395], [-90.35908566820065, 38.73829566025279], [-90.36466711306467, 38.742926539503976], [-90.37024927800739, 38.74755717394432]]}}, {"type": "Feature", "properties": {"route_run_id": "stl_st_louis_downtown_airport_to_st_louis_lambert_2026-01-12_0238", "route_pair": "st_louis_downtown_airport_to_st_louis_lambert", "route_pair_label": "St. Louis Downtown Airport to St. Louis Lambert", "origin_label": "St. Louis Downtown Airport", "destination_label": "St. Louis Lambert International Airport", "origin_lat": 38.5703611, "origin_lon": -90.1550833, "destination_lat": 38.7486982, "destination_lon": -90.3700257, "traffic_date": "2026-01-12", "traffic_dataset": "January 12th - Monday", "weight_id": "w_0238", "distance_weight": 0.5, "population_weight": 0.1, "traffic_weight": 0.0, "airspace_weight": 0.4, "path_nodes": 40, "path_node_ids": [2179, 2180, 2174, 2199, 2203, 2207, 2341, 2344, 2368, 2374, 2394, 2397, 2712, 2716, 2739, 2746, 2769, 2773, 3985, 3988, 3992, 3994, 4019, 4017, 4022, 4029, 4034, 4060, 4064, 5048, 5052, 5076, 5082, 5299, 5304, 5319, 5321, 5357, 5358, 5364], "elapsed_seconds": 0.011837099998956546, "status": "success", "failure_reason": "", "route_distance_km": 35.06932923764436, "distance_cost_sum": 38.59606473313351, "population_cost_sum": 24.787572976016946, "traffic_cost_sum": 17.839922019494136, "airspace_cost_sum": 33.4, "total_weighted_score": 35.136789664168454}, "geometry": {"type": "LineString", "coordinates": [[-90.15289905765549, 38.57128267769979], [-90.15845430205954, 38.57592253965332], [-90.16401026010618, 38.58056216167], [-90.16956693197352, 38.58520154361737], [-90.17512431783956, 38.5898406853631], [-90.18068241788241, 38.5944795867747], [-90.18624123228014, 38.59911824771971], [-90.19180076121087, 38.60375666806568], [-90.19736100485268, 38.60839484768009], [-90.20292196338367, 38.61303278643038], [-90.2084836369821, 38.617670484184025], [-90.21404602582597, 38.62230794080845], [-90.21960913009349, 38.62694515617101], [-90.22517294996291, 38.63158213013913], [-90.23073748561237, 38.63621886258013], [-90.23630273722006, 38.640855353361346], [-90.24186870496423, 38.645491602350084], [-90.24743538902311, 38.65012760941361], [-90.25300278957496, 38.654763374419176], [-90.25857090679797, 38.65939889723403], [-90.26413974087053, 38.66403417772537], [-90.26970929197084, 38.66866921576039], [-90.27527956027723, 38.67330401120623], [-90.28102094844074, 38.67343772015905], [-90.28659233093768, 38.67807201278429], [-90.29216443101578, 38.68270606246168], [-90.29773724885335, 38.68733986905835], [-90.30331078462868, 38.69197343244128], [-90.30888503852013, 38.69660675247757], [-90.31446001070607, 38.70123982903419], [-90.32003570136486, 38.70587266197814], [-90.32561211067481, 38.710505251176386], [-90.33118923881437, 38.715137596495865], [-90.3367670859619, 38.719769697803464], [-90.34234565229588, 38.724401554966114], [-90.34792493799469, 38.72903316785066], [-90.35350494323681, 38.73366453632395], [-90.35908566820065, 38.73829566025279], [-90.36466711306467, 38.742926539503976], [-90.37024927800739, 38.74755717394432]]}}, {"type": "Feature", "properties": {"route_run_id": "stl_st_louis_downtown_airport_to_st_louis_lambert_2026-01-12_0190", "route_pair": "st_louis_downtown_airport_to_st_louis_lambert", "route_pair_label": "St. Louis Downtown Airport to St. Louis Lambert", "origin_label": "St. Louis Downtown Airport", "destination_label": "St. Louis Lambert International Airport", "origin_lat": 38.5703611, "origin_lon": -90.1550833, "destination_lat": 38.7486982, "destination_lon": -90.3700257, "traffic_date": "2026-01-12", "traffic_dataset": "January 12th - Monday", "weight_id": "w_0190", "distance_weight": 0.3, "population_weight": 0.3, "traffic_weight": 0.1, "airspace_weight": 0.3, "path_nodes": 43, "path_node_ids": [2179, 2180, 2174, 2199, 2203, 2206, 2449, 2345, 2370, 2373, 2398, 2709, 2711, 2714, 2750, 2744, 2770, 2772, 2777, 3989, 3993, 4006, 4008, 4021, 4045, 4047, 4058, 4062, 4077, 4082, 4084, 5080, 5084, 5310, 5311, 5337, 5320, 5322, 5323, 5346, 5357, 5358, 5364], "elapsed_seconds": 0.02101189998211339, "status": "success", "failure_reason": "", "route_distance_km": 36.197051437601615, "distance_cost_sum": 39.837195943131675, "population_cost_sum": 17.31210242086407, "traffic_cost_sum": 23.35796935384401, "airspace_cost_sum": 36.4, "total_weighted_score": 30.400586444583126}, "geometry": {"type": "LineString", "coordinates": [[-90.15289905765549, 38.57128267769979], [-90.15845430205954, 38.57592253965332], [-90.16401026010618, 38.58056216167], [-90.16956693197352, 38.58520154361737], [-90.17512431783956, 38.5898406853631], [-90.17494781190939, 38.59434118977373], [-90.18050622974906, 38.59898010918833], [-90.18606536210271, 38.60361878809667], [-90.19162520914848, 38.60825722636621], [-90.19718577106451, 38.612895423864465], [-90.20274704802898, 38.61753338045887], [-90.2083090402201, 38.622171096016864], [-90.21387174781604, 38.62680857040582], [-90.21943517099498, 38.631445803493165], [-90.22499930993523, 38.636082795146216], [-90.23056416481495, 38.64071954523234], [-90.2361297358124, 38.64535605361884], [-90.24169602310592, 38.649992320172984], [-90.24726302687371, 38.65462834476206], [-90.25283074729404, 38.65926412725328], [-90.2583991845453, 38.663899667513896], [-90.26396833880578, 38.66853496541107], [-90.26953821025378, 38.673170020811966], [-90.2751087990677, 38.67780483358376], [-90.28068010542587, 38.682439403593555], [-90.28625212950666, 38.68707373070842], [-90.29182487148844, 38.69170781479548], [-90.29739833154962, 38.69634165572174], [-90.30297250986867, 38.70097525335427], [-90.30280331580018, 38.70547615766316], [-90.30837853409372, 38.710109528957155], [-90.31395447116216, 38.71474265665128], [-90.31378588266769, 38.71924359100243], [-90.31936286061908, 38.72387649197406], [-90.32494055786266, 38.72850914903958], [-90.330518974577, 38.7331415620659], [-90.33626541075455, 38.733272728767844], [-90.3420118843105, 38.73340361338185], [-90.34775839516463, 38.73353421590239], [-90.35333872308522, 38.73816560113835], [-90.35908566820065, 38.73829566025279], [-90.36466711306467, 38.742926539503976], [-90.37024927800739, 38.74755717394432]]}}, {"type": "Feature", "properties": {"route_run_id": "stl_st_louis_downtown_airport_to_st_louis_lambert_2026-01-12_0245", "route_pair": "st_louis_downtown_airport_to_st_louis_lambert", "route_pair_label": "St. Louis Downtown Airport to St. Louis Lambert", "origin_label": "St. Louis Downtown Airport", "destination_label": "St. Louis Lambert International Airport", "origin_lat": 38.5703611, "origin_lon": -90.1550833, "destination_lat": 38.7486982, "destination_lon": -90.3700257, "traffic_date": "2026-01-12", "traffic_dataset": "January 12th - Monday", "weight_id": "w_0245", "distance_weight": 0.5, "population_weight": 0.2, "traffic_weight": 0.2, "airspace_weight": 0.1, "path_nodes": 40, "path_node_ids": [2179, 2180, 2174, 2199, 2203, 2207, 2341, 2344, 2368, 2374, 2394, 2397, 2712, 2716, 2739, 2746, 2769, 2773, 3985, 3988, 3992, 3994, 4019, 4020, 4023, 4055, 4059, 4063, 4064, 5048, 5052, 5076, 5082, 5299, 5304, 5319, 5321, 5357, 5358, 5364], "elapsed_seconds": 0.008626299997558817, "status": "success", "failure_reason": "", "route_distance_km": 35.0695243590648, "distance_cost_sum": 38.596279476875054, "population_cost_sum": 23.651108783135093, "traffic_cost_sum": 17.839922019494136, "airspace_cost_sum": 33.8, "total_weighted_score": 30.97634589896337}, "geometry": {"type": "LineString", "coordinates": [[-90.15289905765549, 38.57128267769979], [-90.15845430205954, 38.57592253965332], [-90.16401026010618, 38.58056216167], [-90.16956693197352, 38.58520154361737], [-90.17512431783956, 38.5898406853631], [-90.18068241788241, 38.5944795867747], [-90.18624123228014, 38.59911824771971], [-90.19180076121087, 38.60375666806568], [-90.19736100485268, 38.60839484768009], [-90.20292196338367, 38.61303278643038], [-90.2084836369821, 38.617670484184025], [-90.21404602582597, 38.62230794080845], [-90.21960913009349, 38.62694515617101], [-90.22517294996291, 38.63158213013913], [-90.23073748561237, 38.63621886258013], [-90.23630273722006, 38.640855353361346], [-90.24186870496423, 38.645491602350084], [-90.24743538902311, 38.65012760941361], [-90.25300278957496, 38.654763374419176], [-90.25857090679797, 38.65939889723403], [-90.26413974087053, 38.66403417772537], [-90.26970929197084, 38.66866921576039], [-90.27527956027723, 38.67330401120623], [-90.28085054596801, 38.677938563930056], [-90.28642224922152, 38.68257287379895], [-90.29199467021606, 38.68720694068001], [-90.29756780913004, 38.69184076444029], [-90.3031416661418, 38.696474344946864], [-90.30888503852013, 38.69660675247757], [-90.31446001070607, 38.70123982903419], [-90.32003570136486, 38.70587266197814], [-90.32561211067481, 38.710505251176386], [-90.33118923881437, 38.715137596495865], [-90.3367670859619, 38.719769697803464], [-90.34234565229588, 38.724401554966114], [-90.34792493799469, 38.72903316785066], [-90.35350494323681, 38.73366453632395], [-90.35908566820065, 38.73829566025279], [-90.36466711306467, 38.742926539503976], [-90.37024927800739, 38.74755717394432]]}}, {"type": "Feature", "properties": {"route_run_id": "stl_st_louis_downtown_airport_to_st_louis_lambert_2026-01-12_0127", "route_pair": "st_louis_downtown_airport_to_st_louis_lambert", "route_pair_label": "St. Louis Downtown Airport to St. Louis Lambert", "origin_label": "St. Louis Downtown Airport", "destination_label": "St. Louis Lambert International Airport", "origin_lat": 38.5703611, "origin_lon": -90.1550833, "destination_lat": 38.7486982, "destination_lon": -90.3700257, "traffic_date": "2026-01-12", "traffic_dataset": "January 12th - Monday", "weight_id": "w_0127", "distance_weight": 0.2, "population_weight": 0.0, "traffic_weight": 0.5, "airspace_weight": 0.3, "path_nodes": 41, "path_node_ids": [2179, 2147, 2157, 2170, 2175, 2201, 2313, 2316, 2342, 2347, 2366, 2389, 2392, 2396, 2724, 2727, 2742, 2743, 2681, 2682, 2685, 3986, 2706, 4015, 4017, 4022, 4029, 4034, 4060, 4064, 5048, 5052, 5076, 5082, 5299, 5304, 5319, 5321, 5357, 5358, 5364], "elapsed_seconds": 0.02585669999825768, "status": "success", "failure_reason": "", "route_distance_km": 35.442843120650096, "distance_cost_sum": 39.00714091624279, "population_cost_sum": 26.327607483472868, "traffic_cost_sum": 16.78312655842246, "airspace_cost_sum": 34.4, "total_weighted_score": 26.512991462459787}, "geometry": {"type": "LineString", "coordinates": [[-90.15289905765549, 38.57128267769979], [-90.15863172081019, 38.571422085329914], [-90.16436442357126, 38.57156121262679], [-90.16992046069078, 38.5762005584167], [-90.17547721149117, 38.58083966408426], [-90.1810346761504, 38.585478529497074], [-90.18659285484642, 38.5901171545227], [-90.19215174775724, 38.5947555390287], [-90.19771135506093, 38.5993936828826], [-90.2032716769355, 38.60403158595187], [-90.208832713559, 38.60866924810401], [-90.21439446510948, 38.61330666920645], [-90.21995693176504, 38.61794384912666], [-90.22552011370372, 38.622580787732026], [-90.23108401110366, 38.627217484889904], [-90.23664862414297, 38.63185394046768], [-90.24221395299979, 38.63649015433267], [-90.24777999785228, 38.641126126352205], [-90.25334675887852, 38.64576185639355], [-90.25891423625677, 38.65039734432395], [-90.26448243016516, 38.6550325900107], [-90.27005134078189, 38.65966759332096], [-90.27562096828521, 38.66430235412195], [-90.28119131285328, 38.668936872280845], [-90.28102094844074, 38.67343772015905], [-90.28659233093768, 38.67807201278429], [-90.29216443101578, 38.68270606246168], [-90.29773724885335, 38.68733986905835], [-90.30331078462868, 38.69197343244128], [-90.30888503852013, 38.69660675247757], [-90.31446001070607, 38.70123982903419], [-90.32003570136486, 38.70587266197814], [-90.32561211067481, 38.710505251176386], [-90.33118923881437, 38.715137596495865], [-90.3367670859619, 38.719769697803464], [-90.34234565229588, 38.724401554966114], [-90.34792493799469, 38.72903316785066], [-90.35350494323681, 38.73366453632395], [-90.35908566820065, 38.73829566025279], [-90.36466711306467, 38.742926539503976], [-90.37024927800739, 38.74755717394432]]}}, {"type": "Feature", "properties": {"route_run_id": "stl_st_louis_downtown_airport_to_st_louis_lambert_2026-01-12_0106", "route_pair": "st_louis_downtown_airport_to_st_louis_lambert", "route_pair_label": "St. Louis Downtown Airport to St. Louis Lambert", "origin_label": "St. Louis Downtown Airport", "destination_label": "St. Louis Lambert International Airport", "origin_lat": 38.5703611, "origin_lon": -90.1550833, "destination_lat": 38.7486982, "destination_lon": -90.3700257, "traffic_date": "2026-01-12", "traffic_dataset": "January 12th - Monday", "weight_id": "w_0106", "distance_weight": 0.1, "population_weight": 0.4, "traffic_weight": 0.5, "airspace_weight": 0.0, "path_nodes": 45, "path_node_ids": [2179, 2147, 2157, 2170, 2175, 2201, 2313, 2316, 2342, 2347, 2366, 2389, 2392, 2396, 2720, 2721, 2726, 2740, 2678, 2680, 2679, 2676, 2700, 2701, 2704, 3999, 4002, 4027, 4030, 4034, 4059, 4063, 4064, 5048, 5052, 5076, 5082, 5299, 5304, 5318, 5323, 5346, 5357, 5358, 5364], "elapsed_seconds": 0.04498179999063723, "status": "success", "failure_reason": "", "route_distance_km": 36.94352139252968, "distance_cost_sum": 40.65873440217973, "population_cost_sum": 21.980163765599833, "traffic_cost_sum": 17.616654241726575, "airspace_cost_sum": 38.4, "total_weighted_score": 21.666266067321196}, "geometry": {"type": "LineString", "coordinates": [[-90.15289905765549, 38.57128267769979], [-90.15863172081019, 38.571422085329914], [-90.16436442357126, 38.57156121262679], [-90.16992046069078, 38.5762005584167], [-90.17547721149117, 38.58083966408426], [-90.1810346761504, 38.585478529497074], [-90.18659285484642, 38.5901171545227], [-90.19215174775724, 38.5947555390287], [-90.19771135506093, 38.5993936828826], [-90.2032716769355, 38.60403158595187], [-90.208832713559, 38.60866924810401], [-90.21439446510948, 38.61330666920645], [-90.21995693176504, 38.61794384912666], [-90.22552011370372, 38.622580787732026], [-90.23125721581627, 38.622716789852504], [-90.23682150967697, 38.62735322783211], [-90.24238651919569, 38.63198942413879], [-90.24795224455062, 38.63662537863984], [-90.2535186859198, 38.64126109120261], [-90.25908584348143, 38.64589656169434], [-90.26482496640844, 38.64603098584028], [-90.27039323682396, 38.650665954435176], [-90.27596222380673, 38.65530068060072], [-90.2815319275348, 38.65993516420402], [-90.2871023481864, 38.664569405112296], [-90.29267348593962, 38.6692034031927], [-90.29824534097261, 38.67383715831237], [-90.29807601476547, 38.67833806599408], [-90.29790665072878, 38.68283896957616], [-90.29773724885335, 38.68733986905835], [-90.29756780913004, 38.69184076444029], [-90.3031416661418, 38.696474344946864], [-90.30888503852013, 38.69660675247757], [-90.31446001070607, 38.70123982903419], [-90.32003570136486, 38.70587266197814], [-90.32561211067481, 38.710505251176386], [-90.33118923881437, 38.715137596495865], [-90.3367670859619, 38.719769697803464], [-90.34234565229588, 38.724401554966114], [-90.34217878694776, 38.72890258621499], [-90.34775839516463, 38.73353421590239], [-90.35333872308522, 38.73816560113835], [-90.35908566820065, 38.73829566025279], [-90.36466711306467, 38.742926539503976], [-90.37024927800739, 38.74755717394432]]}}, {"type": "Feature", "properties": {"route_run_id": "stl_st_louis_downtown_airport_to_st_louis_lambert_2026-01-12_0114", "route_pair": "st_louis_downtown_airport_to_st_louis_lambert", "route_pair_label": "St. Louis Downtown Airport to St. Louis Lambert", "origin_label": "St. Louis Downtown Airport", "destination_label": "St. Louis Lambert International Airport", "origin_lat": 38.5703611, "origin_lon": -90.1550833, "destination_lat": 38.7486982, "destination_lon": -90.3700257, "traffic_date": "2026-01-12", "traffic_dataset": "January 12th - Monday", "weight_id": "w_0114", "distance_weight": 0.1, "population_weight": 0.6, "traffic_weight": 0.2, "airspace_weight": 0.1, "path_nodes": 56, "path_node_ids": [2179, 2180, 2174, 2199, 2203, 2206, 2449, 2451, 2455, 2478, 2480, 2484, 2486, 2809, 2813, 2817, 2858, 2862, 2864, 2889, 2892, 3900, 3903, 3926, 3931, 3951, 3954, 3969, 3971, 3981, 3978, 3976, 3941, 4043, 4066, 4067, 4068, 4185, 4187, 4188, 4076, 4075, 4082, 4084, 5080, 5084, 5310, 5311, 5337, 5320, 5322, 5323, 5346, 5357, 5358, 5364], "elapsed_seconds": 0.04834360000677407, "status": "success", "failure_reason": "", "route_distance_km": 44.268746722829775, "distance_cost_sum": 48.72061859497936, "population_cost_sum": 8.85218971061002, "traffic_cost_sum": 37.629822376971305, "airspace_cost_sum": 45.8, "total_weighted_score": 22.28934016125821}, "geometry": {"type": "LineString", "coordinates": [[-90.15289905765549, 38.57128267769979], [-90.15845430205954, 38.57592253965332], [-90.16401026010618, 38.58056216167], [-90.16956693197352, 38.58520154361737], [-90.17512431783956, 38.5898406853631], [-90.17494781190939, 38.59434118977373], [-90.18050622974906, 38.59898010918833], [-90.18033000227008, 38.60348062745143], [-90.17441805758689, 38.60784267808668], [-90.174241393937, 38.61234316588366], [-90.16832833746557, 38.616704860919356], [-90.16815123729772, 38.62120531819316], [-90.16797409757739, 38.62570577130943], [-90.16779691829495, 38.630206220267794], [-90.16761969944088, 38.63470666506797], [-90.16744244100559, 38.63920710570964], [-90.17300364314747, 38.64384646412727], [-90.17282666359999, 38.64834691868183], [-90.17838890046788, 38.65298605432084], [-90.17821220009857, 38.65748652275311], [-90.17803546025965, 38.66198698703078], [-90.18359905135976, 38.6666259176785], [-90.18916335938395, 38.67126460713097], [-90.19472838451095, 38.67590305525546], [-90.2002941269196, 38.68054126191918], [-90.20586058678872, 38.68517922698935], [-90.21142776429718, 38.68981695033316], [-90.2169956596237, 38.69445443181779], [-90.22256427294727, 38.69909167131035], [-90.22848129289677, 38.69472741490856], [-90.23422416781283, 38.694863484025944], [-90.24014014948251, 38.69049859495047], [-90.24605541323987, 38.68613337677085], [-90.2517976862147, 38.68626855773688], [-90.25736804511756, 38.69090420272148], [-90.26311075393669, 38.69103884211091], [-90.26868222818311, 38.695673984376505], [-90.27425442059507, 38.700308883813186], [-90.27999796237877, 38.700442721166475], [-90.28557127047641, 38.70507711728869], [-90.29148516021279, 38.700709550716724], [-90.297228816103, 38.700842542902386], [-90.30280331580018, 38.70547615766316], [-90.30837853409372, 38.710109528957155], [-90.31395447116216, 38.71474265665128], [-90.31378588266769, 38.71924359100243], [-90.31936286061908, 38.72387649197406], [-90.32494055786266, 38.72850914903958], [-90.330518974577, 38.7331415620659], [-90.33626541075455, 38.733272728767844], [-90.3420118843105, 38.73340361338185], [-90.34775839516463, 38.73353421590239], [-90.35333872308522, 38.73816560113835], [-90.35908566820065, 38.73829566025279], [-90.36466711306467, 38.742926539503976], [-90.37024927800739, 38.74755717394432]]}}, {"type": "Feature", "properties": {"route_run_id": "stl_st_louis_downtown_airport_to_st_louis_lambert_2026-01-12_0164", "route_pair": "st_louis_downtown_airport_to_st_louis_lambert", "route_pair_label": "St. Louis Downtown Airport to St. Louis Lambert", "origin_label": "St. Louis Downtown Airport", "destination_label": "St. Louis Lambert International Airport", "origin_lat": 38.5703611, "origin_lon": -90.1550833, "destination_lat": 38.7486982, "destination_lon": -90.3700257, "traffic_date": "2026-01-12", "traffic_dataset": "January 12th - Monday", "weight_id": "w_0164", "distance_weight": 0.2, "population_weight": 0.7, "traffic_weight": 0.0, "airspace_weight": 0.1, "path_nodes": 55, "path_node_ids": [2179, 2180, 2183, 2186, 2419, 2423, 2448, 2452, 2455, 2478, 2482, 2483, 2487, 2811, 2812, 2816, 2858, 2863, 2864, 2889, 3896, 3898, 3901, 3927, 3946, 3949, 3953, 3966, 3944, 3977, 3976, 3941, 4043, 4066, 4067, 4068, 4185, 4187, 4188, 4076, 4075, 4082, 4084, 5080, 5084, 5310, 5311, 5337, 5320, 5322, 5323, 5346, 5357, 5358, 5364], "elapsed_seconds": 0.019824700022581965, "status": "success", "failure_reason": "", "route_distance_km": 41.77074742931658, "distance_cost_sum": 45.971408828735385, "population_cost_sum": 8.67777235752909, "traffic_cost_sum": 41.35893898884012, "airspace_cost_sum": 45.2, "total_weighted_score": 19.788722416017443}, "geometry": {"type": "LineString", "coordinates": [[-90.15289905765549, 38.57128267769979], [-90.15845430205954, 38.57592253965332], [-90.15827684369297, 38.58042298981685], [-90.1580993457009, 38.58492343582021], [-90.15792180807382, 38.58942387766302], [-90.16347871828971, 38.59406355405304], [-90.1690363428032, 38.598702990254786], [-90.17459468179258, 38.60334218613583], [-90.17441805758689, 38.60784267808668], [-90.174241393937, 38.61234316588366], [-90.17406469083332, 38.61684364952644], [-90.17388794826633, 38.621344129014695], [-90.17371116622648, 38.62584460434813], [-90.17353434470424, 38.6303450755264], [-90.17335748369, 38.63484554254923], [-90.17318058317427, 38.63934600541629], [-90.17300364314747, 38.64384646412727], [-90.17856556137721, 38.64848558173427], [-90.17838890046788, 38.65298605432084], [-90.17821220009857, 38.65748652275311], [-90.18377547226044, 38.66212543540375], [-90.18933946118675, 38.666764106898924], [-90.19490416705614, 38.67140253710589], [-90.20046959004746, 38.676040725891895], [-90.20603573033937, 38.68067867312418], [-90.21160258811075, 38.68531637866994], [-90.2171701635404, 38.68995384239636], [-90.2229126017605, 38.690090452895454], [-90.22865507887754, 38.69022678182468], [-90.23439759481155, 38.69036282917826], [-90.24014014948251, 38.69049859495047], [-90.24605541323987, 38.68613337677085], [-90.2517976862147, 38.68626855773688], [-90.25736804511756, 38.69090420272148], [-90.26311075393669, 38.69103884211091], [-90.26868222818311, 38.695673984376505], [-90.27425442059507, 38.700308883813186], [-90.27999796237877, 38.700442721166475], [-90.28557127047641, 38.70507711728869], [-90.29148516021279, 38.700709550716724], [-90.297228816103, 38.700842542902386], [-90.30280331580018, 38.70547615766316], [-90.30837853409372, 38.710109528957155], [-90.31395447116216, 38.71474265665128], [-90.31378588266769, 38.71924359100243], [-90.31936286061908, 38.72387649197406], [-90.32494055786266, 38.72850914903958], [-90.330518974577, 38.7331415620659], [-90.33626541075455, 38.733272728767844], [-90.3420118843105, 38.73340361338185], [-90.34775839516463, 38.73353421590239], [-90.35333872308522, 38.73816560113835], [-90.35908566820065, 38.73829566025279], [-90.36466711306467, 38.742926539503976], [-90.37024927800739, 38.74755717394432]]}}, {"type": "Feature", "properties": {"route_run_id": "stl_st_louis_downtown_airport_to_st_louis_lambert_2026-01-12_0218", "route_pair": "st_louis_downtown_airport_to_st_louis_lambert", "route_pair_label": "St. Louis Downtown Airport to St. Louis Lambert", "origin_label": "St. Louis Downtown Airport", "destination_label": "St. Louis Lambert International Airport", "origin_lat": 38.5703611, "origin_lon": -90.1550833, "destination_lat": 38.7486982, "destination_lon": -90.3700257, "traffic_date": "2026-01-12", "traffic_dataset": "January 12th - Monday", "weight_id": "w_0218", "distance_weight": 0.4, "population_weight": 0.2, "traffic_weight": 0.1, "airspace_weight": 0.3, "path_nodes": 40, "path_node_ids": [2179, 2180, 2174, 2199, 2203, 2207, 2341, 2344, 2368, 2374, 2394, 2397, 2712, 2716, 2739, 2746, 2769, 2773, 3985, 3988, 3992, 3994, 4019, 4020, 4023, 4055, 4059, 4063, 4064, 5048, 5052, 5076, 5082, 5299, 5304, 5319, 5321, 5357, 5358, 5364], "elapsed_seconds": 0.014594399981433526, "status": "success", "failure_reason": "", "route_distance_km": 35.0695243590648, "distance_cost_sum": 38.596279476875054, "population_cost_sum": 23.651108783135093, "traffic_cost_sum": 17.839922019494136, "airspace_cost_sum": 33.8, "total_weighted_score": 32.092725749326455}, "geometry": {"type": "LineString", "coordinates": [[-90.15289905765549, 38.57128267769979], [-90.15845430205954, 38.57592253965332], [-90.16401026010618, 38.58056216167], [-90.16956693197352, 38.58520154361737], [-90.17512431783956, 38.5898406853631], [-90.18068241788241, 38.5944795867747], [-90.18624123228014, 38.59911824771971], [-90.19180076121087, 38.60375666806568], [-90.19736100485268, 38.60839484768009], [-90.20292196338367, 38.61303278643038], [-90.2084836369821, 38.617670484184025], [-90.21404602582597, 38.62230794080845], [-90.21960913009349, 38.62694515617101], [-90.22517294996291, 38.63158213013913], [-90.23073748561237, 38.63621886258013], [-90.23630273722006, 38.640855353361346], [-90.24186870496423, 38.645491602350084], [-90.24743538902311, 38.65012760941361], [-90.25300278957496, 38.654763374419176], [-90.25857090679797, 38.65939889723403], [-90.26413974087053, 38.66403417772537], [-90.26970929197084, 38.66866921576039], [-90.27527956027723, 38.67330401120623], [-90.28085054596801, 38.677938563930056], [-90.28642224922152, 38.68257287379895], [-90.29199467021606, 38.68720694068001], [-90.29756780913004, 38.69184076444029], [-90.3031416661418, 38.696474344946864], [-90.30888503852013, 38.69660675247757], [-90.31446001070607, 38.70123982903419], [-90.32003570136486, 38.70587266197814], [-90.32561211067481, 38.710505251176386], [-90.33118923881437, 38.715137596495865], [-90.3367670859619, 38.719769697803464], [-90.34234565229588, 38.724401554966114], [-90.34792493799469, 38.72903316785066], [-90.35350494323681, 38.73366453632395], [-90.35908566820065, 38.73829566025279], [-90.36466711306467, 38.742926539503976], [-90.37024927800739, 38.74755717394432]]}}, {"type": "Feature", "properties": {"route_run_id": "stl_st_louis_downtown_airport_to_st_louis_lambert_2026-01-12_0230", "route_pair": "st_louis_downtown_airport_to_st_louis_lambert", "route_pair_label": "St. Louis Downtown Airport to St. Louis Lambert", "origin_label": "St. Louis Downtown Airport", "destination_label": "St. Louis Lambert International Airport", "origin_lat": 38.5703611, "origin_lon": -90.1550833, "destination_lat": 38.7486982, "destination_lon": -90.3700257, "traffic_date": "2026-01-12", "traffic_dataset": "January 12th - Monday", "weight_id": "w_0230", "distance_weight": 0.4, "population_weight": 0.5, "traffic_weight": 0.1, "airspace_weight": 0.0, "path_nodes": 44, "path_node_ids": [2179, 2180, 2174, 2199, 2203, 2206, 2449, 2345, 2370, 2373, 2398, 2709, 2711, 2714, 2750, 2744, 2770, 2772, 2777, 3989, 3988, 3992, 3994, 4019, 4020, 4023, 4055, 4059, 4063, 4077, 4082, 4084, 5080, 5084, 5310, 5311, 5337, 5320, 5322, 5323, 5346, 5357, 5358, 5364], "elapsed_seconds": 0.011273099982645363, "status": "success", "failure_reason": "", "route_distance_km": 36.57207281055306, "distance_cost_sum": 40.24993121641444, "population_cost_sum": 16.402941041735232, "traffic_cost_sum": 23.43756424675925, "airspace_cost_sum": 37.4, "total_weighted_score": 26.645199432109315}, "geometry": {"type": "LineString", "coordinates": [[-90.15289905765549, 38.57128267769979], [-90.15845430205954, 38.57592253965332], [-90.16401026010618, 38.58056216167], [-90.16956693197352, 38.58520154361737], [-90.17512431783956, 38.5898406853631], [-90.17494781190939, 38.59434118977373], [-90.18050622974906, 38.59898010918833], [-90.18606536210271, 38.60361878809667], [-90.19162520914848, 38.60825722636621], [-90.19718577106451, 38.612895423864465], [-90.20274704802898, 38.61753338045887], [-90.2083090402201, 38.622171096016864], [-90.21387174781604, 38.62680857040582], [-90.21943517099498, 38.631445803493165], [-90.22499930993523, 38.636082795146216], [-90.23056416481495, 38.64071954523234], [-90.2361297358124, 38.64535605361884], [-90.24169602310592, 38.649992320172984], [-90.24726302687371, 38.65462834476206], [-90.25283074729404, 38.65926412725328], [-90.25857090679797, 38.65939889723403], [-90.26413974087053, 38.66403417772537], [-90.26970929197084, 38.66866921576039], [-90.27527956027723, 38.67330401120623], [-90.28085054596801, 38.677938563930056], [-90.28642224922152, 38.68257287379895], [-90.29199467021606, 38.68720694068001], [-90.29756780913004, 38.69184076444029], [-90.3031416661418, 38.696474344946864], [-90.30297250986867, 38.70097525335427], [-90.30280331580018, 38.70547615766316], [-90.30837853409372, 38.710109528957155], [-90.31395447116216, 38.71474265665128], [-90.31378588266769, 38.71924359100243], [-90.31936286061908, 38.72387649197406], [-90.32494055786266, 38.72850914903958], [-90.330518974577, 38.7331415620659], [-90.33626541075455, 38.733272728767844], [-90.3420118843105, 38.73340361338185], [-90.34775839516463, 38.73353421590239], [-90.35333872308522, 38.73816560113835], [-90.35908566820065, 38.73829566025279], [-90.36466711306467, 38.742926539503976], [-90.37024927800739, 38.74755717394432]]}}, {"type": "Feature", "properties": {"route_run_id": "stl_st_louis_downtown_airport_to_st_louis_lambert_2026-01-12_0097", "route_pair": "st_louis_downtown_airport_to_st_louis_lambert", "route_pair_label": "St. Louis Downtown Airport to St. Louis Lambert", "origin_label": "St. Louis Downtown Airport", "destination_label": "St. Louis Lambert International Airport", "origin_lat": 38.5703611, "origin_lon": -90.1550833, "destination_lat": 38.7486982, "destination_lon": -90.3700257, "traffic_date": "2026-01-12", "traffic_dataset": "January 12th - Monday", "weight_id": "w_0097", "distance_weight": 0.1, "population_weight": 0.3, "traffic_weight": 0.3, "airspace_weight": 0.3, "path_nodes": 40, "path_node_ids": [2179, 2180, 2174, 2199, 2203, 2207, 2341, 2344, 2368, 2374, 2394, 2397, 2712, 2716, 2739, 2746, 2769, 2773, 3985, 3988, 3992, 3994, 4019, 4020, 4023, 4055, 4059, 4063, 4064, 5048, 5052, 5076, 5082, 5299, 5304, 5319, 5321, 5357, 5358, 5364], "elapsed_seconds": 0.05041950001032092, "status": "success", "failure_reason": "", "route_distance_km": 35.0695243590648, "distance_cost_sum": 38.596279476875054, "population_cost_sum": 23.651108783135093, "traffic_cost_sum": 17.839922019494136, "airspace_cost_sum": 33.8, "total_weighted_score": 26.44693718847627}, "geometry": {"type": "LineString", "coordinates": [[-90.15289905765549, 38.57128267769979], [-90.15845430205954, 38.57592253965332], [-90.16401026010618, 38.58056216167], [-90.16956693197352, 38.58520154361737], [-90.17512431783956, 38.5898406853631], [-90.18068241788241, 38.5944795867747], [-90.18624123228014, 38.59911824771971], [-90.19180076121087, 38.60375666806568], [-90.19736100485268, 38.60839484768009], [-90.20292196338367, 38.61303278643038], [-90.2084836369821, 38.617670484184025], [-90.21404602582597, 38.62230794080845], [-90.21960913009349, 38.62694515617101], [-90.22517294996291, 38.63158213013913], [-90.23073748561237, 38.63621886258013], [-90.23630273722006, 38.640855353361346], [-90.24186870496423, 38.645491602350084], [-90.24743538902311, 38.65012760941361], [-90.25300278957496, 38.654763374419176], [-90.25857090679797, 38.65939889723403], [-90.26413974087053, 38.66403417772537], [-90.26970929197084, 38.66866921576039], [-90.27527956027723, 38.67330401120623], [-90.28085054596801, 38.677938563930056], [-90.28642224922152, 38.68257287379895], [-90.29199467021606, 38.68720694068001], [-90.29756780913004, 38.69184076444029], [-90.3031416661418, 38.696474344946864], [-90.30888503852013, 38.69660675247757], [-90.31446001070607, 38.70123982903419], [-90.32003570136486, 38.70587266197814], [-90.32561211067481, 38.710505251176386], [-90.33118923881437, 38.715137596495865], [-90.3367670859619, 38.719769697803464], [-90.34234565229588, 38.724401554966114], [-90.34792493799469, 38.72903316785066], [-90.35350494323681, 38.73366453632395], [-90.35908566820065, 38.73829566025279], [-90.36466711306467, 38.742926539503976], [-90.37024927800739, 38.74755717394432]]}}, {"type": "Feature", "properties": {"route_run_id": "stl_st_louis_downtown_airport_to_st_louis_lambert_2026-01-12_0222", "route_pair": "st_louis_downtown_airport_to_st_louis_lambert", "route_pair_label": "St. Louis Downtown Airport to St. Louis Lambert", "origin_label": "St. Louis Downtown Airport", "destination_label": "St. Louis Lambert International Airport", "origin_lat": 38.5703611, "origin_lon": -90.1550833, "destination_lat": 38.7486982, "destination_lon": -90.3700257, "traffic_date": "2026-01-12", "traffic_dataset": "January 12th - Monday", "weight_id": "w_0222", "distance_weight": 0.4, "population_weight": 0.3, "traffic_weight": 0.0, "airspace_weight": 0.3, "path_nodes": 43, "path_node_ids": [2179, 2180, 2174, 2199, 2203, 2207, 2341, 2345, 2370, 2373, 2398, 2709, 2711, 2714, 2750, 2744, 2770, 2772, 2777, 3989, 3993, 4006, 4008, 4021, 4045, 4047, 4058, 4062, 4077, 4082, 4084, 5080, 5084, 5310, 5311, 5337, 5320, 5322, 5323, 5346, 5357, 5358, 5364], "elapsed_seconds": 0.01565159999881871, "status": "success", "failure_reason": "", "route_distance_km": 36.197024617572914, "distance_cost_sum": 39.83716642595565, "population_cost_sum": 17.31210242086407, "traffic_cost_sum": 23.983742516081602, "airspace_cost_sum": 36.4, "total_weighted_score": 32.048497296641486}, "geometry": {"type": "LineString", "coordinates": [[-90.15289905765549, 38.57128267769979], [-90.15845430205954, 38.57592253965332], [-90.16401026010618, 38.58056216167], [-90.16956693197352, 38.58520154361737], [-90.17512431783956, 38.5898406853631], [-90.18068241788241, 38.5944795867747], [-90.18624123228014, 38.59911824771971], [-90.18606536210271, 38.60361878809667], [-90.19162520914848, 38.60825722636621], [-90.19718577106451, 38.612895423864465], [-90.20274704802898, 38.61753338045887], [-90.2083090402201, 38.622171096016864], [-90.21387174781604, 38.62680857040582], [-90.21943517099498, 38.631445803493165], [-90.22499930993523, 38.636082795146216], [-90.23056416481495, 38.64071954523234], [-90.2361297358124, 38.64535605361884], [-90.24169602310592, 38.649992320172984], [-90.24726302687371, 38.65462834476206], [-90.25283074729404, 38.65926412725328], [-90.2583991845453, 38.663899667513896], [-90.26396833880578, 38.66853496541107], [-90.26953821025378, 38.673170020811966], [-90.2751087990677, 38.67780483358376], [-90.28068010542587, 38.682439403593555], [-90.28625212950666, 38.68707373070842], [-90.29182487148844, 38.69170781479548], [-90.29739833154962, 38.69634165572174], [-90.30297250986867, 38.70097525335427], [-90.30280331580018, 38.70547615766316], [-90.30837853409372, 38.710109528957155], [-90.31395447116216, 38.71474265665128], [-90.31378588266769, 38.71924359100243], [-90.31936286061908, 38.72387649197406], [-90.32494055786266, 38.72850914903958], [-90.330518974577, 38.7331415620659], [-90.33626541075455, 38.733272728767844], [-90.3420118843105, 38.73340361338185], [-90.34775839516463, 38.73353421590239], [-90.35333872308522, 38.73816560113835], [-90.35908566820065, 38.73829566025279], [-90.36466711306467, 38.742926539503976], [-90.37024927800739, 38.74755717394432]]}}, {"type": "Feature", "properties": {"route_run_id": "stl_st_louis_downtown_airport_to_st_louis_lambert_2026-01-12_0149", "route_pair": "st_louis_downtown_airport_to_st_louis_lambert", "route_pair_label": "St. Louis Downtown Airport to St. Louis Lambert", "origin_label": "St. Louis Downtown Airport", "destination_label": "St. Louis Lambert International Airport", "origin_lat": 38.5703611, "origin_lon": -90.1550833, "destination_lat": 38.7486982, "destination_lon": -90.3700257, "traffic_date": "2026-01-12", "traffic_dataset": "January 12th - Monday", "weight_id": "w_0149", "distance_weight": 0.2, "population_weight": 0.3, "traffic_weight": 0.3, "airspace_weight": 0.2, "path_nodes": 40, "path_node_ids": [2179, 2180, 2174, 2199, 2203, 2207, 2341, 2344, 2368, 2374, 2394, 2397, 2712, 2716, 2739, 2746, 2769, 2773, 3985, 3988, 3992, 3994, 4019, 4020, 4023, 4055, 4059, 4063, 4064, 5048, 5052, 5076, 5082, 5299, 5304, 5319, 5321, 5357, 5358, 5364], "elapsed_seconds": 0.02736049998202361, "status": "success", "failure_reason": "", "route_distance_km": 35.0695243590648, "distance_cost_sum": 38.596279476875054, "population_cost_sum": 23.651108783135093, "traffic_cost_sum": 17.839922019494136, "airspace_cost_sum": 33.8, "total_weighted_score": 26.92656513616378}, "geometry": {"type": "LineString", "coordinates": [[-90.15289905765549, 38.57128267769979], [-90.15845430205954, 38.57592253965332], [-90.16401026010618, 38.58056216167], [-90.16956693197352, 38.58520154361737], [-90.17512431783956, 38.5898406853631], [-90.18068241788241, 38.5944795867747], [-90.18624123228014, 38.59911824771971], [-90.19180076121087, 38.60375666806568], [-90.19736100485268, 38.60839484768009], [-90.20292196338367, 38.61303278643038], [-90.2084836369821, 38.617670484184025], [-90.21404602582597, 38.62230794080845], [-90.21960913009349, 38.62694515617101], [-90.22517294996291, 38.63158213013913], [-90.23073748561237, 38.63621886258013], [-90.23630273722006, 38.640855353361346], [-90.24186870496423, 38.645491602350084], [-90.24743538902311, 38.65012760941361], [-90.25300278957496, 38.654763374419176], [-90.25857090679797, 38.65939889723403], [-90.26413974087053, 38.66403417772537], [-90.26970929197084, 38.66866921576039], [-90.27527956027723, 38.67330401120623], [-90.28085054596801, 38.677938563930056], [-90.28642224922152, 38.68257287379895], [-90.29199467021606, 38.68720694068001], [-90.29756780913004, 38.69184076444029], [-90.3031416661418, 38.696474344946864], [-90.30888503852013, 38.69660675247757], [-90.31446001070607, 38.70123982903419], [-90.32003570136486, 38.70587266197814], [-90.32561211067481, 38.710505251176386], [-90.33118923881437, 38.715137596495865], [-90.3367670859619, 38.719769697803464], [-90.34234565229588, 38.724401554966114], [-90.34792493799469, 38.72903316785066], [-90.35350494323681, 38.73366453632395], [-90.35908566820065, 38.73829566025279], [-90.36466711306467, 38.742926539503976], [-90.37024927800739, 38.74755717394432]]}}, {"type": "Feature", "properties": {"route_run_id": "stl_st_louis_downtown_airport_to_st_louis_lambert_2026-01-12_0039", "route_pair": "st_louis_downtown_airport_to_st_louis_lambert", "route_pair_label": "St. Louis Downtown Airport to St. Louis Lambert", "origin_label": "St. Louis Downtown Airport", "destination_label": "St. Louis Lambert International Airport", "origin_lat": 38.5703611, "origin_lon": -90.1550833, "destination_lat": 38.7486982, "destination_lon": -90.3700257, "traffic_date": "2026-01-12", "traffic_dataset": "January 12th - Monday", "weight_id": "w_0039", "distance_weight": 0.0, "population_weight": 0.4, "traffic_weight": 0.0, "airspace_weight": 0.6, "path_nodes": 43, "path_node_ids": [2179, 2181, 2183, 2198, 2202, 2206, 2449, 2345, 2370, 2373, 2398, 2709, 2711, 2714, 2750, 2744, 2770, 2772, 2777, 3989, 3993, 4006, 4008, 4021, 4045, 4047, 4058, 4062, 4075, 4082, 4084, 5080, 5084, 5310, 5311, 5337, 5320, 5322, 5323, 5346, 5357, 5358, 5364], "elapsed_seconds": 0.04458129999693483, "status": "success", "failure_reason": "", "route_distance_km": 36.19711858407648, "distance_cost_sum": 39.83726984216957, "population_cost_sum": 17.31210242086407, "traffic_cost_sum": 23.984272651870743, "airspace_cost_sum": 36.4, "total_weighted_score": 28.76484096834563}, "geometry": {"type": "LineString", "coordinates": [[-90.15289905765549, 38.57128267769979], [-90.15272128212803, 38.57578310970166], [-90.15827684369297, 38.58042298981685], [-90.16383311905943, 38.58506262995554], [-90.16939010840554, 38.58970202998531], [-90.17494781190939, 38.59434118977373], [-90.18050622974906, 38.59898010918833], [-90.18606536210271, 38.60361878809667], [-90.19162520914848, 38.60825722636621], [-90.19718577106451, 38.612895423864465], [-90.20274704802898, 38.61753338045887], [-90.2083090402201, 38.622171096016864], [-90.21387174781604, 38.62680857040582], [-90.21943517099498, 38.631445803493165], [-90.22499930993523, 38.636082795146216], [-90.23056416481495, 38.64071954523234], [-90.2361297358124, 38.64535605361884], [-90.24169602310592, 38.649992320172984], [-90.24726302687371, 38.65462834476206], [-90.25283074729404, 38.65926412725328], [-90.2583991845453, 38.663899667513896], [-90.26396833880578, 38.66853496541107], [-90.26953821025378, 38.673170020811966], [-90.2751087990677, 38.67780483358376], [-90.28068010542587, 38.682439403593555], [-90.28625212950666, 38.68707373070842], [-90.29182487148844, 38.69170781479548], [-90.29739833154962, 38.69634165572174], [-90.297228816103, 38.700842542902386], [-90.30280331580018, 38.70547615766316], [-90.30837853409372, 38.710109528957155], [-90.31395447116216, 38.71474265665128], [-90.31378588266769, 38.71924359100243], [-90.31936286061908, 38.72387649197406], [-90.32494055786266, 38.72850914903958], [-90.330518974577, 38.7331415620659], [-90.33626541075455, 38.733272728767844], [-90.3420118843105, 38.73340361338185], [-90.34775839516463, 38.73353421590239], [-90.35333872308522, 38.73816560113835], [-90.35908566820065, 38.73829566025279], [-90.36466711306467, 38.742926539503976], [-90.37024927800739, 38.74755717394432]]}}, {"type": "Feature", "properties": {"route_run_id": "stl_st_louis_downtown_airport_to_st_louis_lambert_2026-01-12_0058", "route_pair": "st_louis_downtown_airport_to_st_louis_lambert", "route_pair_label": "St. Louis Downtown Airport to St. Louis Lambert", "origin_label": "St. Louis Downtown Airport", "destination_label": "St. Louis Lambert International Airport", "origin_lat": 38.5703611, "origin_lon": -90.1550833, "destination_lat": 38.7486982, "destination_lon": -90.3700257, "traffic_date": "2026-01-12", "traffic_dataset": "January 12th - Monday", "weight_id": "w_0058", "distance_weight": 0.0, "population_weight": 0.7, "traffic_weight": 0.1, "airspace_weight": 0.2, "path_nodes": 55, "path_node_ids": [2179, 2182, 2192, 2418, 2422, 2425, 2427, 2453, 2455, 2478, 2481, 2485, 2808, 2811, 2813, 2817, 2858, 2862, 2864, 2889, 3896, 3898, 3901, 3927, 3946, 3949, 3953, 3968, 3981, 3978, 3976, 3941, 4043, 4066, 4067, 4068, 4185, 4187, 4188, 4076, 4075, 4082, 4084, 5080, 5084, 5310, 5311, 5337, 5320, 5322, 5323, 5346, 5357, 5358, 5364], "elapsed_seconds": 0.04425999999511987, "status": "success", "failure_reason": "", "route_distance_km": 44.415052244428225, "distance_cost_sum": 48.88163728296633, "population_cost_sum": 8.67777235752909, "traffic_cost_sum": 39.840734515616354, "airspace_cost_sum": 44.8, "total_weighted_score": 19.018514101832004}, "geometry": {"type": "LineString", "coordinates": [[-90.15289905765549, 38.57128267769979], [-90.14698830189188, 38.575643399377846], [-90.14107683252396, 38.580003791744], [-90.14663191796852, 38.58464420615243], [-90.15218771733517, 38.589284380730234], [-90.15774423080212, 38.593924315345014], [-90.16330145854758, 38.59856400986431], [-90.16885940074975, 38.60320346415569], [-90.17441805758689, 38.60784267808668], [-90.174241393937, 38.61234316588366], [-90.17980108366437, 38.616982157334434], [-90.1796246987078, 38.62148265899229], [-90.179448274358, 38.625983156498016], [-90.17353434470424, 38.6303450755264], [-90.16761969944088, 38.63470666506797], [-90.16744244100559, 38.63920710570964], [-90.17300364314747, 38.64384646412727], [-90.17282666359999, 38.64834691868183], [-90.17838890046788, 38.65298605432084], [-90.17821220009857, 38.65748652275311], [-90.18377547226044, 38.66212543540375], [-90.18933946118675, 38.666764106898924], [-90.19490416705614, 38.67140253710589], [-90.20046959004746, 38.676040725891895], [-90.20603573033937, 38.68067867312418], [-90.21160258811075, 38.68531637866994], [-90.2171701635404, 38.68995384239636], [-90.22273845680708, 38.6945910641706], [-90.22848129289677, 38.69472741490856], [-90.23422416781283, 38.694863484025944], [-90.24014014948251, 38.69049859495047], [-90.24605541323987, 38.68613337677085], [-90.2517976862147, 38.68626855773688], [-90.25736804511756, 38.69090420272148], [-90.26311075393669, 38.69103884211091], [-90.26868222818311, 38.695673984376505], [-90.27425442059507, 38.700308883813186], [-90.27999796237877, 38.700442721166475], [-90.28557127047641, 38.70507711728869], [-90.29148516021279, 38.700709550716724], [-90.297228816103, 38.700842542902386], [-90.30280331580018, 38.70547615766316], [-90.30837853409372, 38.710109528957155], [-90.31395447116216, 38.71474265665128], [-90.31378588266769, 38.71924359100243], [-90.31936286061908, 38.72387649197406], [-90.32494055786266, 38.72850914903958], [-90.330518974577, 38.7331415620659], [-90.33626541075455, 38.733272728767844], [-90.3420118843105, 38.73340361338185], [-90.34775839516463, 38.73353421590239], [-90.35333872308522, 38.73816560113835], [-90.35908566820065, 38.73829566025279], [-90.36466711306467, 38.742926539503976], [-90.37024927800739, 38.74755717394432]]}}, {"type": "Feature", "properties": {"route_run_id": "stl_st_louis_downtown_airport_to_st_louis_lambert_2026-01-12_0092", "route_pair": "st_louis_downtown_airport_to_st_louis_lambert", "route_pair_label": "St. Louis Downtown Airport to St. Louis Lambert", "origin_label": "St. Louis Downtown Airport", "destination_label": "St. Louis Lambert International Airport", "origin_lat": 38.5703611, "origin_lon": -90.1550833, "destination_lat": 38.7486982, "destination_lon": -90.3700257, "traffic_date": "2026-01-12", "traffic_dataset": "January 12th - Monday", "weight_id": "w_0092", "distance_weight": 0.1, "population_weight": 0.2, "traffic_weight": 0.6, "airspace_weight": 0.1, "path_nodes": 43, "path_node_ids": [2179, 2147, 2157, 2170, 2175, 2201, 2313, 2316, 2342, 2347, 2366, 2389, 2392, 2396, 2720, 2721, 2726, 2740, 2678, 2680, 2682, 2685, 3986, 2706, 2705, 2707, 4004, 4027, 4032, 4056, 5030, 5033, 5049, 5054, 5078, 5295, 5300, 5315, 5317, 5321, 5357, 5358, 5364], "elapsed_seconds": 0.046717199991689995, "status": "success", "failure_reason": "", "route_distance_km": 36.19257017168355, "distance_cost_sum": 39.83226402018875, "population_cost_sum": 25.74240899456289, "traffic_cost_sum": 16.157353501725584, "airspace_cost_sum": 36.00000000000001, "total_weighted_score": 22.426120301966805}, "geometry": {"type": "LineString", "coordinates": [[-90.15289905765549, 38.57128267769979], [-90.15863172081019, 38.571422085329914], [-90.16436442357126, 38.57156121262679], [-90.16992046069078, 38.5762005584167], [-90.17547721149117, 38.58083966408426], [-90.1810346761504, 38.585478529497074], [-90.18659285484642, 38.5901171545227], [-90.19215174775724, 38.5947555390287], [-90.19771135506093, 38.5993936828826], [-90.2032716769355, 38.60403158595187], [-90.208832713559, 38.60866924810401], [-90.21439446510948, 38.61330666920645], [-90.21995693176504, 38.61794384912666], [-90.22552011370372, 38.622580787732026], [-90.23125721581627, 38.622716789852504], [-90.23682150967697, 38.62735322783211], [-90.24238651919569, 38.63198942413879], [-90.24795224455062, 38.63662537863984], [-90.2535186859198, 38.64126109120261], [-90.25908584348143, 38.64589656169434], [-90.25891423625677, 38.65039734432395], [-90.26448243016516, 38.6550325900107], [-90.27005134078189, 38.65966759332096], [-90.27562096828521, 38.66430235412195], [-90.28136163921492, 38.66443602029574], [-90.28693238041095, 38.66907027844067], [-90.29250383886837, 38.67370429371775], [-90.29807601476547, 38.67833806599408], [-90.30364890828046, 38.682971595136756], [-90.30922251959161, 38.68760488101284], [-90.31479684887715, 38.692237923489365], [-90.3203718963154, 38.69687072243334], [-90.32594766208454, 38.701503277711794], [-90.33152414636298, 38.70613558919165], [-90.33135671129529, 38.710636594886786], [-90.33693423631652, 38.71526867931356], [-90.3425124803639, 38.71990051963549], [-90.34809144361579, 38.724532115719484], [-90.35367112625059, 38.729163467432365], [-90.35350494323681, 38.73366453632395], [-90.35908566820065, 38.73829566025279], [-90.36466711306467, 38.742926539503976], [-90.37024927800739, 38.74755717394432]]}}, {"type": "Feature", "properties": {"route_run_id": "stl_st_louis_downtown_airport_to_st_louis_lambert_2026-01-12_0257", "route_pair": "st_louis_downtown_airport_to_st_louis_lambert", "route_pair_label": "St. Louis Downtown Airport to St. Louis Lambert", "origin_label": "St. Louis Downtown Airport", "destination_label": "St. Louis Lambert International Airport", "origin_lat": 38.5703611, "origin_lon": -90.1550833, "destination_lat": 38.7486982, "destination_lon": -90.3700257, "traffic_date": "2026-01-12", "traffic_dataset": "January 12th - Monday", "weight_id": "w_0257", "distance_weight": 0.6, "population_weight": 0.0, "traffic_weight": 0.4, "airspace_weight": 0.0, "path_nodes": 41, "path_node_ids": [2179, 2147, 2157, 2170, 2175, 2201, 2313, 2316, 2342, 2347, 2366, 2389, 2392, 2396, 2724, 2727, 2742, 2743, 2681, 2682, 2685, 3986, 2706, 4015, 4018, 4025, 4030, 4033, 4057, 5034, 5048, 5052, 5076, 5082, 5299, 5304, 5319, 5321, 5357, 5358, 5364], "elapsed_seconds": 0.004792899999301881, "status": "success", "failure_reason": "", "route_distance_km": 35.442761467224926, "distance_cost_sum": 39.007051051367924, "population_cost_sum": 26.531848450983347, "traffic_cost_sum": 16.78312655842246, "airspace_cost_sum": 34.8, "total_weighted_score": 30.117481254189737}, "geometry": {"type": "LineString", "coordinates": [[-90.15289905765549, 38.57128267769979], [-90.15863172081019, 38.571422085329914], [-90.16436442357126, 38.57156121262679], [-90.16992046069078, 38.5762005584167], [-90.17547721149117, 38.58083966408426], [-90.1810346761504, 38.585478529497074], [-90.18659285484642, 38.5901171545227], [-90.19215174775724, 38.5947555390287], [-90.19771135506093, 38.5993936828826], [-90.2032716769355, 38.60403158595187], [-90.208832713559, 38.60866924810401], [-90.21439446510948, 38.61330666920645], [-90.21995693176504, 38.61794384912666], [-90.22552011370372, 38.622580787732026], [-90.23108401110366, 38.627217484889904], [-90.23664862414297, 38.63185394046768], [-90.24221395299979, 38.63649015433267], [-90.24777999785228, 38.641126126352205], [-90.25334675887852, 38.64576185639355], [-90.25891423625677, 38.65039734432395], [-90.26448243016516, 38.6550325900107], [-90.27005134078189, 38.65966759332096], [-90.27562096828521, 38.66430235412195], [-90.28119131285328, 38.668936872280845], [-90.28676237466442, 38.67357114766479], [-90.29233415389683, 38.67820518014085], [-90.29790665072878, 38.68283896957616], [-90.30347986533855, 38.68747251583781], [-90.3090537979044, 38.692105818792854], [-90.31462844860471, 38.69673887830826], [-90.31446001070607, 38.70123982903419], [-90.32003570136486, 38.70587266197814], [-90.32561211067481, 38.710505251176386], [-90.33118923881437, 38.715137596495865], [-90.3367670859619, 38.719769697803464], [-90.34234565229588, 38.724401554966114], [-90.34792493799469, 38.72903316785066], [-90.35350494323681, 38.73366453632395], [-90.35908566820065, 38.73829566025279], [-90.36466711306467, 38.742926539503976], [-90.37024927800739, 38.74755717394432]]}}, {"type": "Feature", "properties": {"route_run_id": "stl_st_louis_downtown_airport_to_st_louis_lambert_2026-01-12_0216", "route_pair": "st_louis_downtown_airport_to_st_louis_lambert", "route_pair_label": "St. Louis Downtown Airport to St. Louis Lambert", "origin_label": "St. Louis Downtown Airport", "destination_label": "St. Louis Lambert International Airport", "origin_lat": 38.5703611, "origin_lon": -90.1550833, "destination_lat": 38.7486982, "destination_lon": -90.3700257, "traffic_date": "2026-01-12", "traffic_dataset": "January 12th - Monday", "weight_id": "w_0216", "distance_weight": 0.4, "population_weight": 0.1, "traffic_weight": 0.5, "airspace_weight": 0.0, "path_nodes": 42, "path_node_ids": [2179, 2147, 2157, 2170, 2175, 2201, 2313, 2316, 2342, 2347, 2366, 2389, 2392, 2396, 2720, 2721, 2726, 2740, 2678, 2680, 2682, 2685, 3986, 2706, 4015, 4018, 4025, 4030, 4034, 4060, 4064, 5048, 5052, 5076, 5082, 5299, 5304, 5319, 5321, 5357, 5358, 5364], "elapsed_seconds": 0.007998999994015321, "status": "success", "failure_reason": "", "route_distance_km": 35.817667796605, "distance_cost_sum": 39.419659711760616, "population_cost_sum": 25.871120727450773, "traffic_cost_sum": 16.372100155959416, "airspace_cost_sum": 35.4, "total_weighted_score": 26.541026035429034}, "geometry": {"type": "LineString", "coordinates": [[-90.15289905765549, 38.57128267769979], [-90.15863172081019, 38.571422085329914], [-90.16436442357126, 38.57156121262679], [-90.16992046069078, 38.5762005584167], [-90.17547721149117, 38.58083966408426], [-90.1810346761504, 38.585478529497074], [-90.18659285484642, 38.5901171545227], [-90.19215174775724, 38.5947555390287], [-90.19771135506093, 38.5993936828826], [-90.2032716769355, 38.60403158595187], [-90.208832713559, 38.60866924810401], [-90.21439446510948, 38.61330666920645], [-90.21995693176504, 38.61794384912666], [-90.22552011370372, 38.622580787732026], [-90.23125721581627, 38.622716789852504], [-90.23682150967697, 38.62735322783211], [-90.24238651919569, 38.63198942413879], [-90.24795224455062, 38.63662537863984], [-90.2535186859198, 38.64126109120261], [-90.25908584348143, 38.64589656169434], [-90.25891423625677, 38.65039734432395], [-90.26448243016516, 38.6550325900107], [-90.27005134078189, 38.65966759332096], [-90.27562096828521, 38.66430235412195], [-90.28119131285328, 38.668936872280845], [-90.28676237466442, 38.67357114766479], [-90.29233415389683, 38.67820518014085], [-90.29790665072878, 38.68283896957616], [-90.29773724885335, 38.68733986905835], [-90.30331078462868, 38.69197343244128], [-90.30888503852013, 38.69660675247757], [-90.31446001070607, 38.70123982903419], [-90.32003570136486, 38.70587266197814], [-90.32561211067481, 38.710505251176386], [-90.33118923881437, 38.715137596495865], [-90.3367670859619, 38.719769697803464], [-90.34234565229588, 38.724401554966114], [-90.34792493799469, 38.72903316785066], [-90.35350494323681, 38.73366453632395], [-90.35908566820065, 38.73829566025279], [-90.36466711306467, 38.742926539503976], [-90.37024927800739, 38.74755717394432]]}}, {"type": "Feature", "properties": {"route_run_id": "stl_st_louis_downtown_airport_to_st_louis_lambert_2026-01-12_0158", "route_pair": "st_louis_downtown_airport_to_st_louis_lambert", "route_pair_label": "St. Louis Downtown Airport to St. Louis Lambert", "origin_label": "St. Louis Downtown Airport", "destination_label": "St. Louis Lambert International Airport", "origin_lat": 38.5703611, "origin_lon": -90.1550833, "destination_lat": 38.7486982, "destination_lon": -90.3700257, "traffic_date": "2026-01-12", "traffic_dataset": "January 12th - Monday", "weight_id": "w_0158", "distance_weight": 0.2, "population_weight": 0.5, "traffic_weight": 0.1, "airspace_weight": 0.2, "path_nodes": 44, "path_node_ids": [2179, 2180, 2174, 2199, 2203, 2206, 2449, 2345, 2370, 2373, 2398, 2709, 2711, 2714, 2750, 2744, 2770, 2772, 2777, 3989, 3988, 3992, 3994, 4019, 4020, 4023, 4055, 4059, 4063, 4077, 4082, 4084, 5080, 5084, 5310, 5311, 5337, 5320, 5322, 5323, 5346, 5357, 5358, 5364], "elapsed_seconds": 0.028697900008410215, "status": "success", "failure_reason": "", "route_distance_km": 36.57207281055306, "distance_cost_sum": 40.24993121641444, "population_cost_sum": 16.402941041735232, "traffic_cost_sum": 23.43756424675925, "airspace_cost_sum": 37.4, "total_weighted_score": 26.075213188826428}, "geometry": {"type": "LineString", "coordinates": [[-90.15289905765549, 38.57128267769979], [-90.15845430205954, 38.57592253965332], [-90.16401026010618, 38.58056216167], [-90.16956693197352, 38.58520154361737], [-90.17512431783956, 38.5898406853631], [-90.17494781190939, 38.59434118977373], [-90.18050622974906, 38.59898010918833], [-90.18606536210271, 38.60361878809667], [-90.19162520914848, 38.60825722636621], [-90.19718577106451, 38.612895423864465], [-90.20274704802898, 38.61753338045887], [-90.2083090402201, 38.622171096016864], [-90.21387174781604, 38.62680857040582], [-90.21943517099498, 38.631445803493165], [-90.22499930993523, 38.636082795146216], [-90.23056416481495, 38.64071954523234], [-90.2361297358124, 38.64535605361884], [-90.24169602310592, 38.649992320172984], [-90.24726302687371, 38.65462834476206], [-90.25283074729404, 38.65926412725328], [-90.25857090679797, 38.65939889723403], [-90.26413974087053, 38.66403417772537], [-90.26970929197084, 38.66866921576039], [-90.27527956027723, 38.67330401120623], [-90.28085054596801, 38.677938563930056], [-90.28642224922152, 38.68257287379895], [-90.29199467021606, 38.68720694068001], [-90.29756780913004, 38.69184076444029], [-90.3031416661418, 38.696474344946864], [-90.30297250986867, 38.70097525335427], [-90.30280331580018, 38.70547615766316], [-90.30837853409372, 38.710109528957155], [-90.31395447116216, 38.71474265665128], [-90.31378588266769, 38.71924359100243], [-90.31936286061908, 38.72387649197406], [-90.32494055786266, 38.72850914903958], [-90.330518974577, 38.7331415620659], [-90.33626541075455, 38.733272728767844], [-90.3420118843105, 38.73340361338185], [-90.34775839516463, 38.73353421590239], [-90.35333872308522, 38.73816560113835], [-90.35908566820065, 38.73829566025279], [-90.36466711306467, 38.742926539503976], [-90.37024927800739, 38.74755717394432]]}}, {"type": "Feature", "properties": {"route_run_id": "stl_st_louis_downtown_airport_to_st_louis_lambert_2026-01-12_0057", "route_pair": "st_louis_downtown_airport_to_st_louis_lambert", "route_pair_label": "St. Louis Downtown Airport to St. Louis Lambert", "origin_label": "St. Louis Downtown Airport", "destination_label": "St. Louis Lambert International Airport", "origin_lat": 38.5703611, "origin_lon": -90.1550833, "destination_lat": 38.7486982, "destination_lon": -90.3700257, "traffic_date": "2026-01-12", "traffic_dataset": "January 12th - Monday", "weight_id": "w_0057", "distance_weight": 0.0, "population_weight": 0.7, "traffic_weight": 0.0, "airspace_weight": 0.3, "path_nodes": 55, "path_node_ids": [2179, 2182, 2192, 2418, 2422, 2425, 2427, 2453, 2456, 2479, 2480, 2483, 2808, 2811, 2813, 2833, 2837, 2861, 2866, 2889, 3896, 3898, 3901, 3927, 3946, 3949, 3953, 3952, 3940, 3977, 3976, 3941, 4043, 4066, 4067, 4068, 4185, 4187, 4188, 4076, 4075, 4082, 4084, 5080, 5084, 5310, 5311, 5337, 5320, 5322, 5323, 5346, 5357, 5358, 5364], "elapsed_seconds": 0.04363180001382716, "status": "success", "failure_reason": "", "route_distance_km": 44.94282493851701, "distance_cost_sum": 49.46248526347363, "population_cost_sum": 8.67777235752909, "traffic_cost_sum": 41.16084511062418, "airspace_cost_sum": 44.8, "total_weighted_score": 19.514440650270366}, "geometry": {"type": "LineString", "coordinates": [[-90.15289905765549, 38.57128267769979], [-90.14698830189188, 38.575643399377846], [-90.14107683252396, 38.580003791744], [-90.14663191796852, 38.58464420615243], [-90.15218771733517, 38.589284380730234], [-90.15774423080212, 38.593924315345014], [-90.16330145854758, 38.59856400986431], [-90.16885940074975, 38.60320346415569], [-90.16868241918205, 38.60770393390031], [-90.16850539809049, 38.61220439948829], [-90.16832833746557, 38.616704860919356], [-90.17388794826633, 38.621344129014695], [-90.179448274358, 38.625983156498016], [-90.17353434470424, 38.6303450755264], [-90.16761969944088, 38.63470666506797], [-90.16170433842768, 38.63906792498539], [-90.16152668241186, 38.64356833919522], [-90.16708780535298, 38.6482079745162], [-90.17264964452228, 38.6528473690797], [-90.17821220009857, 38.65748652275311], [-90.18377547226044, 38.66212543540375], [-90.18933946118675, 38.666764106898924], [-90.19490416705614, 38.67140253710589], [-90.20046959004746, 38.676040725891895], [-90.20603573033937, 38.68067867312418], [-90.21160258811075, 38.68531637866994], [-90.2171701635404, 38.68995384239636], [-90.22308670781703, 38.685589837485246], [-90.22882882604138, 38.685726144608395], [-90.23439759481155, 38.69036282917826], [-90.24014014948251, 38.69049859495047], [-90.24605541323987, 38.68613337677085], [-90.2517976862147, 38.68626855773688], [-90.25736804511756, 38.69090420272148], [-90.26311075393669, 38.69103884211091], [-90.26868222818311, 38.695673984376505], [-90.27425442059507, 38.700308883813186], [-90.27999796237877, 38.700442721166475], [-90.28557127047641, 38.70507711728869], [-90.29148516021279, 38.700709550716724], [-90.297228816103, 38.700842542902386], [-90.30280331580018, 38.70547615766316], [-90.30837853409372, 38.710109528957155], [-90.31395447116216, 38.71474265665128], [-90.31378588266769, 38.71924359100243], [-90.31936286061908, 38.72387649197406], [-90.32494055786266, 38.72850914903958], [-90.330518974577, 38.7331415620659], [-90.33626541075455, 38.733272728767844], [-90.3420118843105, 38.73340361338185], [-90.34775839516463, 38.73353421590239], [-90.35333872308522, 38.73816560113835], [-90.35908566820065, 38.73829566025279], [-90.36466711306467, 38.742926539503976], [-90.37024927800739, 38.74755717394432]]}}, {"type": "Feature", "properties": {"route_run_id": "stl_st_louis_downtown_airport_to_st_louis_lambert_2026-01-12_0166", "route_pair": "st_louis_downtown_airport_to_st_louis_lambert", "route_pair_label": "St. Louis Downtown Airport to St. Louis Lambert", "origin_label": "St. Louis Downtown Airport", "destination_label": "St. Louis Lambert International Airport", "origin_lat": 38.5703611, "origin_lon": -90.1550833, "destination_lat": 38.7486982, "destination_lon": -90.3700257, "traffic_date": "2026-01-12", "traffic_dataset": "January 12th - Monday", "weight_id": "w_0166", "distance_weight": 0.2, "population_weight": 0.8, "traffic_weight": 0.0, "airspace_weight": 0.0, "path_nodes": 55, "path_node_ids": [2179, 2180, 2183, 2186, 2419, 2423, 2448, 2452, 2455, 2478, 2482, 2483, 2487, 2811, 2812, 2816, 2858, 2863, 2864, 2889, 3896, 3898, 3901, 3927, 3946, 3949, 3953, 3966, 3944, 3977, 3976, 3941, 4043, 4066, 4067, 4068, 4185, 4187, 4188, 4076, 4075, 4082, 4084, 5080, 5084, 5310, 5311, 5337, 5320, 5322, 5323, 5346, 5357, 5358, 5364], "elapsed_seconds": 0.01479819999076426, "status": "success", "failure_reason": "", "route_distance_km": 41.77074742931658, "distance_cost_sum": 45.971408828735385, "population_cost_sum": 8.67777235752909, "traffic_cost_sum": 41.35893898884012, "airspace_cost_sum": 45.2, "total_weighted_score": 16.13649965177035}, "geometry": {"type": "LineString", "coordinates": [[-90.15289905765549, 38.57128267769979], [-90.15845430205954, 38.57592253965332], [-90.15827684369297, 38.58042298981685], [-90.1580993457009, 38.58492343582021], [-90.15792180807382, 38.58942387766302], [-90.16347871828971, 38.59406355405304], [-90.1690363428032, 38.598702990254786], [-90.17459468179258, 38.60334218613583], [-90.17441805758689, 38.60784267808668], [-90.174241393937, 38.61234316588366], [-90.17406469083332, 38.61684364952644], [-90.17388794826633, 38.621344129014695], [-90.17371116622648, 38.62584460434813], [-90.17353434470424, 38.6303450755264], [-90.17335748369, 38.63484554254923], [-90.17318058317427, 38.63934600541629], [-90.17300364314747, 38.64384646412727], [-90.17856556137721, 38.64848558173427], [-90.17838890046788, 38.65298605432084], [-90.17821220009857, 38.65748652275311], [-90.18377547226044, 38.66212543540375], [-90.18933946118675, 38.666764106898924], [-90.19490416705614, 38.67140253710589], [-90.20046959004746, 38.676040725891895], [-90.20603573033937, 38.68067867312418], [-90.21160258811075, 38.68531637866994], [-90.2171701635404, 38.68995384239636], [-90.2229126017605, 38.690090452895454], [-90.22865507887754, 38.69022678182468], [-90.23439759481155, 38.69036282917826], [-90.24014014948251, 38.69049859495047], [-90.24605541323987, 38.68613337677085], [-90.2517976862147, 38.68626855773688], [-90.25736804511756, 38.69090420272148], [-90.26311075393669, 38.69103884211091], [-90.26868222818311, 38.695673984376505], [-90.27425442059507, 38.700308883813186], [-90.27999796237877, 38.700442721166475], [-90.28557127047641, 38.70507711728869], [-90.29148516021279, 38.700709550716724], [-90.297228816103, 38.700842542902386], [-90.30280331580018, 38.70547615766316], [-90.30837853409372, 38.710109528957155], [-90.31395447116216, 38.71474265665128], [-90.31378588266769, 38.71924359100243], [-90.31936286061908, 38.72387649197406], [-90.32494055786266, 38.72850914903958], [-90.330518974577, 38.7331415620659], [-90.33626541075455, 38.733272728767844], [-90.3420118843105, 38.73340361338185], [-90.34775839516463, 38.73353421590239], [-90.35333872308522, 38.73816560113835], [-90.35908566820065, 38.73829566025279], [-90.36466711306467, 38.742926539503976], [-90.37024927800739, 38.74755717394432]]}}, {"type": "Feature", "properties": {"route_run_id": "stl_st_louis_downtown_airport_to_st_louis_lambert_2026-01-12_0137", "route_pair": "st_louis_downtown_airport_to_st_louis_lambert", "route_pair_label": "St. Louis Downtown Airport to St. Louis Lambert", "origin_label": "St. Louis Downtown Airport", "destination_label": "St. Louis Lambert International Airport", "origin_lat": 38.5703611, "origin_lon": -90.1550833, "destination_lat": 38.7486982, "destination_lon": -90.3700257, "traffic_date": "2026-01-12", "traffic_dataset": "January 12th - Monday", "weight_id": "w_0137", "distance_weight": 0.2, "population_weight": 0.1, "traffic_weight": 0.6, "airspace_weight": 0.1, "path_nodes": 42, "path_node_ids": [2179, 2147, 2157, 2170, 2175, 2201, 2313, 2316, 2342, 2347, 2366, 2389, 2392, 2396, 2720, 2721, 2726, 2740, 2678, 2680, 2682, 2685, 3986, 2706, 4015, 4018, 4025, 4030, 4034, 4060, 4064, 5048, 5052, 5076, 5082, 5299, 5304, 5319, 5321, 5357, 5358, 5364], "elapsed_seconds": 0.020036000001709908, "status": "success", "failure_reason": "", "route_distance_km": 35.817667796605, "distance_cost_sum": 39.419659711760616, "population_cost_sum": 25.871120727450773, "traffic_cost_sum": 16.372100155959416, "airspace_cost_sum": 35.4, "total_weighted_score": 23.834304108672853}, "geometry": {"type": "LineString", "coordinates": [[-90.15289905765549, 38.57128267769979], [-90.15863172081019, 38.571422085329914], [-90.16436442357126, 38.57156121262679], [-90.16992046069078, 38.5762005584167], [-90.17547721149117, 38.58083966408426], [-90.1810346761504, 38.585478529497074], [-90.18659285484642, 38.5901171545227], [-90.19215174775724, 38.5947555390287], [-90.19771135506093, 38.5993936828826], [-90.2032716769355, 38.60403158595187], [-90.208832713559, 38.60866924810401], [-90.21439446510948, 38.61330666920645], [-90.21995693176504, 38.61794384912666], [-90.22552011370372, 38.622580787732026], [-90.23125721581627, 38.622716789852504], [-90.23682150967697, 38.62735322783211], [-90.24238651919569, 38.63198942413879], [-90.24795224455062, 38.63662537863984], [-90.2535186859198, 38.64126109120261], [-90.25908584348143, 38.64589656169434], [-90.25891423625677, 38.65039734432395], [-90.26448243016516, 38.6550325900107], [-90.27005134078189, 38.65966759332096], [-90.27562096828521, 38.66430235412195], [-90.28119131285328, 38.668936872280845], [-90.28676237466442, 38.67357114766479], [-90.29233415389683, 38.67820518014085], [-90.29790665072878, 38.68283896957616], [-90.29773724885335, 38.68733986905835], [-90.30331078462868, 38.69197343244128], [-90.30888503852013, 38.69660675247757], [-90.31446001070607, 38.70123982903419], [-90.32003570136486, 38.70587266197814], [-90.32561211067481, 38.710505251176386], [-90.33118923881437, 38.715137596495865], [-90.3367670859619, 38.719769697803464], [-90.34234565229588, 38.724401554966114], [-90.34792493799469, 38.72903316785066], [-90.35350494323681, 38.73366453632395], [-90.35908566820065, 38.73829566025279], [-90.36466711306467, 38.742926539503976], [-90.37024927800739, 38.74755717394432]]}}, {"type": "Feature", "properties": {"route_run_id": "stl_st_louis_downtown_airport_to_st_louis_lambert_2026-01-12_0172", "route_pair": "st_louis_downtown_airport_to_st_louis_lambert", "route_pair_label": "St. Louis Downtown Airport to St. Louis Lambert", "origin_label": "St. Louis Downtown Airport", "destination_label": "St. Louis Lambert International Airport", "origin_lat": 38.5703611, "origin_lon": -90.1550833, "destination_lat": 38.7486982, "destination_lon": -90.3700257, "traffic_date": "2026-01-12", "traffic_dataset": "January 12th - Monday", "weight_id": "w_0172", "distance_weight": 0.3, "population_weight": 0.0, "traffic_weight": 0.4, "airspace_weight": 0.3, "path_nodes": 40, "path_node_ids": [2179, 2180, 2174, 2199, 2203, 2207, 2341, 2344, 2368, 2374, 2394, 2397, 2712, 2716, 2739, 2746, 2769, 2773, 3985, 3988, 3992, 3990, 4016, 4017, 4022, 4029, 4034, 4060, 4064, 5048, 5052, 5076, 5082, 5299, 5304, 5319, 5321, 5357, 5358, 5364], "elapsed_seconds": 0.015810899989446625, "status": "success", "failure_reason": "", "route_distance_km": 35.06925127294606, "distance_cost_sum": 38.59597892794111, "population_cost_sum": 25.05959051055676, "traffic_cost_sum": 17.839922019494136, "airspace_cost_sum": 33.4, "total_weighted_score": 28.73476248617999}, "geometry": {"type": "LineString", "coordinates": [[-90.15289905765549, 38.57128267769979], [-90.15845430205954, 38.57592253965332], [-90.16401026010618, 38.58056216167], [-90.16956693197352, 38.58520154361737], [-90.17512431783956, 38.5898406853631], [-90.18068241788241, 38.5944795867747], [-90.18624123228014, 38.59911824771971], [-90.19180076121087, 38.60375666806568], [-90.19736100485268, 38.60839484768009], [-90.20292196338367, 38.61303278643038], [-90.2084836369821, 38.617670484184025], [-90.21404602582597, 38.62230794080845], [-90.21960913009349, 38.62694515617101], [-90.22517294996291, 38.63158213013913], [-90.23073748561237, 38.63621886258013], [-90.23630273722006, 38.640855353361346], [-90.24186870496423, 38.645491602350084], [-90.24743538902311, 38.65012760941361], [-90.25300278957496, 38.654763374419176], [-90.25857090679797, 38.65939889723403], [-90.26413974087053, 38.66403417772537], [-90.26988033547711, 38.664168406596616], [-90.27545028334664, 38.66880318471887], [-90.28102094844074, 38.67343772015905], [-90.28659233093768, 38.67807201278429], [-90.29216443101578, 38.68270606246168], [-90.29773724885335, 38.68733986905835], [-90.30331078462868, 38.69197343244128], [-90.30888503852013, 38.69660675247757], [-90.31446001070607, 38.70123982903419], [-90.32003570136486, 38.70587266197814], [-90.32561211067481, 38.710505251176386], [-90.33118923881437, 38.715137596495865], [-90.3367670859619, 38.719769697803464], [-90.34234565229588, 38.724401554966114], [-90.34792493799469, 38.72903316785066], [-90.35350494323681, 38.73366453632395], [-90.35908566820065, 38.73829566025279], [-90.36466711306467, 38.742926539503976], [-90.37024927800739, 38.74755717394432]]}}, {"type": "Feature", "properties": {"route_run_id": "stl_st_louis_downtown_airport_to_st_louis_lambert_2026-01-12_0183", "route_pair": "st_louis_downtown_airport_to_st_louis_lambert", "route_pair_label": "St. Louis Downtown Airport to St. Louis Lambert", "origin_label": "St. Louis Downtown Airport", "destination_label": "St. Louis Lambert International Airport", "origin_lat": 38.5703611, "origin_lon": -90.1550833, "destination_lat": 38.7486982, "destination_lon": -90.3700257, "traffic_date": "2026-01-12", "traffic_dataset": "January 12th - Monday", "weight_id": "w_0183", "distance_weight": 0.3, "population_weight": 0.2, "traffic_weight": 0.0, "airspace_weight": 0.5, "path_nodes": 40, "path_node_ids": [2179, 2180, 2174, 2199, 2203, 2207, 2341, 2344, 2368, 2374, 2394, 2397, 2712, 2716, 2739, 2746, 2769, 2773, 3985, 3988, 3992, 3994, 4019, 4020, 4023, 4055, 4059, 4063, 4078, 5051, 5075, 5079, 5306, 5303, 5318, 5323, 5346, 5357, 5358, 5364], "elapsed_seconds": 0.02644060002057813, "status": "success", "failure_reason": "", "route_distance_km": 35.06987633323177, "distance_cost_sum": 38.59666684720769, "population_cost_sum": 23.21199613097869, "traffic_cost_sum": 19.031491728664538, "airspace_cost_sum": 33.8, "total_weighted_score": 33.12139928035805}, "geometry": {"type": "LineString", "coordinates": [[-90.15289905765549, 38.57128267769979], [-90.15845430205954, 38.57592253965332], [-90.16401026010618, 38.58056216167], [-90.16956693197352, 38.58520154361737], [-90.17512431783956, 38.5898406853631], [-90.18068241788241, 38.5944795867747], [-90.18624123228014, 38.59911824771971], [-90.19180076121087, 38.60375666806568], [-90.19736100485268, 38.60839484768009], [-90.20292196338367, 38.61303278643038], [-90.2084836369821, 38.617670484184025], [-90.21404602582597, 38.62230794080845], [-90.21960913009349, 38.62694515617101], [-90.22517294996291, 38.63158213013913], [-90.23073748561237, 38.63621886258013], [-90.23630273722006, 38.640855353361346], [-90.24186870496423, 38.645491602350084], [-90.24743538902311, 38.65012760941361], [-90.25300278957496, 38.654763374419176], [-90.25857090679797, 38.65939889723403], [-90.26413974087053, 38.66403417772537], [-90.26970929197084, 38.66866921576039], [-90.27527956027723, 38.67330401120623], [-90.28085054596801, 38.677938563930056], [-90.28642224922152, 38.68257287379895], [-90.29199467021606, 38.68720694068001], [-90.29756780913004, 38.69184076444029], [-90.3031416661418, 38.696474344946864], [-90.3087162414297, 38.701107682066734], [-90.31429153517219, 38.705740775666875], [-90.31986754754767, 38.71037362561428], [-90.32544427873452, 38.71500623177588], [-90.33102172891115, 38.71963859401861], [-90.33659989825608, 38.72427071220935], [-90.34217878694776, 38.72890258621499], [-90.34775839516463, 38.73353421590239], [-90.35333872308522, 38.73816560113835], [-90.35908566820065, 38.73829566025279], [-90.36466711306467, 38.742926539503976], [-90.37024927800739, 38.74755717394432]]}}, {"type": "Feature", "properties": {"route_run_id": "stl_st_louis_downtown_airport_to_st_louis_lambert_2026-01-12_0019", "route_pair": "st_louis_downtown_airport_to_st_louis_lambert", "route_pair_label": "St. Louis Downtown Airport to St. Louis Lambert", "origin_label": "St. Louis Downtown Airport", "destination_label": "St. Louis Lambert International Airport", "origin_lat": 38.5703611, "origin_lon": -90.1550833, "destination_lat": 38.7486982, "destination_lon": -90.3700257, "traffic_date": "2026-01-12", "traffic_dataset": "January 12th - Monday", "weight_id": "w_0019", "distance_weight": 0.0, "population_weight": 0.1, "traffic_weight": 0.7, "airspace_weight": 0.2, "path_nodes": 43, "path_node_ids": [2179, 2180, 2157, 2170, 2175, 2201, 2313, 2316, 2342, 2347, 2366, 2389, 2392, 2396, 2720, 2721, 2726, 2740, 2678, 2680, 2682, 2685, 3986, 2706, 2705, 2707, 4004, 4027, 4032, 4056, 5030, 5033, 5049, 5054, 5071, 5296, 5301, 5302, 5328, 5321, 5357, 5358, 5364], "elapsed_seconds": 0.045632699999259785, "status": "success", "failure_reason": "", "route_distance_km": 37.25382396887552, "distance_cost_sum": 41.0002424544822, "population_cost_sum": 26.302740627536615, "traffic_cost_sum": 15.9460137277285, "airspace_cost_sum": 36.00000000000001, "total_weighted_score": 20.992483672163612}, "geometry": {"type": "LineString", "coordinates": [[-90.15289905765549, 38.57128267769979], [-90.15845430205954, 38.57592253965332], [-90.16436442357126, 38.57156121262679], [-90.16992046069078, 38.5762005584167], [-90.17547721149117, 38.58083966408426], [-90.1810346761504, 38.585478529497074], [-90.18659285484642, 38.5901171545227], [-90.19215174775724, 38.5947555390287], [-90.19771135506093, 38.5993936828826], [-90.2032716769355, 38.60403158595187], [-90.208832713559, 38.60866924810401], [-90.21439446510948, 38.61330666920645], [-90.21995693176504, 38.61794384912666], [-90.22552011370372, 38.622580787732026], [-90.23125721581627, 38.622716789852504], [-90.23682150967697, 38.62735322783211], [-90.24238651919569, 38.63198942413879], [-90.24795224455062, 38.63662537863984], [-90.2535186859198, 38.64126109120261], [-90.25908584348143, 38.64589656169434], [-90.25891423625677, 38.65039734432395], [-90.26448243016516, 38.6550325900107], [-90.27005134078189, 38.65966759332096], [-90.27562096828521, 38.66430235412195], [-90.28136163921492, 38.66443602029574], [-90.28693238041095, 38.66907027844067], [-90.29250383886837, 38.67370429371775], [-90.29807601476547, 38.67833806599408], [-90.30364890828046, 38.682971595136756], [-90.30922251959161, 38.68760488101284], [-90.31479684887715, 38.692237923489365], [-90.3203718963154, 38.69687072243334], [-90.32594766208454, 38.701503277711794], [-90.33152414636298, 38.70613558919165], [-90.33710134932893, 38.7107676567399], [-90.34267927116085, 38.715399480223425], [-90.34825791203694, 38.72003105950914], [-90.35383727213564, 38.72466239446393], [-90.35941735163529, 38.72929348495463], [-90.35350494323681, 38.73366453632395], [-90.35908566820065, 38.73829566025279], [-90.36466711306467, 38.742926539503976], [-90.37024927800739, 38.74755717394432]]}}, {"type": "Feature", "properties": {"route_run_id": "stl_st_louis_downtown_airport_to_st_louis_lambert_2026-01-12_0103", "route_pair": "st_louis_downtown_airport_to_st_louis_lambert", "route_pair_label": "St. Louis Downtown Airport to St. Louis Lambert", "origin_label": "St. Louis Downtown Airport", "destination_label": "St. Louis Lambert International Airport", "origin_lat": 38.5703611, "origin_lon": -90.1550833, "destination_lat": 38.7486982, "destination_lon": -90.3700257, "traffic_date": "2026-01-12", "traffic_dataset": "January 12th - Monday", "weight_id": "w_0103", "distance_weight": 0.1, "population_weight": 0.4, "traffic_weight": 0.2, "airspace_weight": 0.3, "path_nodes": 44, "path_node_ids": [2179, 2180, 2174, 2199, 2203, 2206, 2449, 2345, 2370, 2373, 2398, 2709, 2711, 2714, 2750, 2744, 2770, 2772, 2777, 3989, 3988, 3992, 3994, 4019, 4020, 4023, 4055, 4059, 4063, 4077, 4082, 4084, 5080, 5084, 5310, 5311, 5337, 5320, 5322, 5323, 5346, 5357, 5358, 5364], "elapsed_seconds": 0.05107710001175292, "status": "success", "failure_reason": "", "route_distance_km": 36.57207281055306, "distance_cost_sum": 40.24993121641444, "population_cost_sum": 16.402941041735232, "traffic_cost_sum": 23.43756424675925, "airspace_cost_sum": 37.4, "total_weighted_score": 26.493682387687386}, "geometry": {"type": "LineString", "coordinates": [[-90.15289905765549, 38.57128267769979], [-90.15845430205954, 38.57592253965332], [-90.16401026010618, 38.58056216167], [-90.16956693197352, 38.58520154361737], [-90.17512431783956, 38.5898406853631], [-90.17494781190939, 38.59434118977373], [-90.18050622974906, 38.59898010918833], [-90.18606536210271, 38.60361878809667], [-90.19162520914848, 38.60825722636621], [-90.19718577106451, 38.612895423864465], [-90.20274704802898, 38.61753338045887], [-90.2083090402201, 38.622171096016864], [-90.21387174781604, 38.62680857040582], [-90.21943517099498, 38.631445803493165], [-90.22499930993523, 38.636082795146216], [-90.23056416481495, 38.64071954523234], [-90.2361297358124, 38.64535605361884], [-90.24169602310592, 38.649992320172984], [-90.24726302687371, 38.65462834476206], [-90.25283074729404, 38.65926412725328], [-90.25857090679797, 38.65939889723403], [-90.26413974087053, 38.66403417772537], [-90.26970929197084, 38.66866921576039], [-90.27527956027723, 38.67330401120623], [-90.28085054596801, 38.677938563930056], [-90.28642224922152, 38.68257287379895], [-90.29199467021606, 38.68720694068001], [-90.29756780913004, 38.69184076444029], [-90.3031416661418, 38.696474344946864], [-90.30297250986867, 38.70097525335427], [-90.30280331580018, 38.70547615766316], [-90.30837853409372, 38.710109528957155], [-90.31395447116216, 38.71474265665128], [-90.31378588266769, 38.71924359100243], [-90.31936286061908, 38.72387649197406], [-90.32494055786266, 38.72850914903958], [-90.330518974577, 38.7331415620659], [-90.33626541075455, 38.733272728767844], [-90.3420118843105, 38.73340361338185], [-90.34775839516463, 38.73353421590239], [-90.35333872308522, 38.73816560113835], [-90.35908566820065, 38.73829566025279], [-90.36466711306467, 38.742926539503976], [-90.37024927800739, 38.74755717394432]]}}, {"type": "Feature", "properties": {"route_run_id": "stl_st_louis_downtown_airport_to_st_louis_lambert_2026-01-12_0198", "route_pair": "st_louis_downtown_airport_to_st_louis_lambert", "route_pair_label": "St. Louis Downtown Airport to St. Louis Lambert", "origin_label": "St. Louis Downtown Airport", "destination_label": "St. Louis Lambert International Airport", "origin_lat": 38.5703611, "origin_lon": -90.1550833, "destination_lat": 38.7486982, "destination_lon": -90.3700257, "traffic_date": "2026-01-12", "traffic_dataset": "January 12th - Monday", "weight_id": "w_0198", "distance_weight": 0.3, "population_weight": 0.5, "traffic_weight": 0.0, "airspace_weight": 0.2, "path_nodes": 54, "path_node_ids": [2179, 2180, 2183, 2186, 2419, 2423, 2448, 2452, 2455, 2478, 2482, 2483, 2487, 2811, 2812, 2816, 2858, 2863, 2864, 2795, 2796, 3899, 3902, 3914, 3948, 3947, 3952, 3940, 3977, 3976, 3941, 4043, 4066, 4067, 4068, 4185, 4187, 4188, 4076, 4075, 4082, 4084, 5080, 5084, 5310, 5311, 5337, 5320, 5322, 5323, 5346, 5357, 5358, 5364], "elapsed_seconds": 0.019069400004809722, "status": "success", "failure_reason": "", "route_distance_km": 41.395240995826775, "distance_cost_sum": 45.55813971496164, "population_cost_sum": 9.018797265828733, "traffic_cost_sum": 41.01401872985949, "airspace_cost_sum": 44.6, "total_weighted_score": 27.096840547402863}, "geometry": {"type": "LineString", "coordinates": [[-90.15289905765549, 38.57128267769979], [-90.15845430205954, 38.57592253965332], [-90.15827684369297, 38.58042298981685], [-90.1580993457009, 38.58492343582021], [-90.15792180807382, 38.58942387766302], [-90.16347871828971, 38.59406355405304], [-90.1690363428032, 38.598702990254786], [-90.17459468179258, 38.60334218613583], [-90.17441805758689, 38.60784267808668], [-90.174241393937, 38.61234316588366], [-90.17406469083332, 38.61684364952644], [-90.17388794826633, 38.621344129014695], [-90.17371116622648, 38.62584460434813], [-90.17353434470424, 38.6303450755264], [-90.17335748369, 38.63484554254923], [-90.17318058317427, 38.63934600541629], [-90.17300364314747, 38.64384646412727], [-90.17856556137721, 38.64848558173427], [-90.17838890046788, 38.65298605432084], [-90.18395185376184, 38.657624948976824], [-90.18951552366053, 38.66226360251709], [-90.1950799103427, 38.666902014808954], [-90.200645013987, 38.67154018571967], [-90.20621083477218, 38.67617811511645], [-90.21177737287698, 38.68081580286656], [-90.21751905445252, 38.68095265114052], [-90.22308670781703, 38.685589837485246], [-90.22882882604138, 38.685726144608395], [-90.23439759481155, 38.69036282917826], [-90.24014014948251, 38.69049859495047], [-90.24605541323987, 38.68613337677085], [-90.2517976862147, 38.68626855773688], [-90.25736804511756, 38.69090420272148], [-90.26311075393669, 38.69103884211091], [-90.26868222818311, 38.695673984376505], [-90.27425442059507, 38.700308883813186], [-90.27999796237877, 38.700442721166475], [-90.28557127047641, 38.70507711728869], [-90.29148516021279, 38.700709550716724], [-90.297228816103, 38.700842542902386], [-90.30280331580018, 38.70547615766316], [-90.30837853409372, 38.710109528957155], [-90.31395447116216, 38.71474265665128], [-90.31378588266769, 38.71924359100243], [-90.31936286061908, 38.72387649197406], [-90.32494055786266, 38.72850914903958], [-90.330518974577, 38.7331415620659], [-90.33626541075455, 38.733272728767844], [-90.3420118843105, 38.73340361338185], [-90.34775839516463, 38.73353421590239], [-90.35333872308522, 38.73816560113835], [-90.35908566820065, 38.73829566025279], [-90.36466711306467, 38.742926539503976], [-90.37024927800739, 38.74755717394432]]}}, {"type": "Feature", "properties": {"route_run_id": "stl_st_louis_downtown_airport_to_st_louis_lambert_2026-01-12_0086", "route_pair": "st_louis_downtown_airport_to_st_louis_lambert", "route_pair_label": "St. Louis Downtown Airport to St. Louis Lambert", "origin_label": "St. Louis Downtown Airport", "destination_label": "St. Louis Lambert International Airport", "origin_lat": 38.5703611, "origin_lon": -90.1550833, "destination_lat": 38.7486982, "destination_lon": -90.3700257, "traffic_date": "2026-01-12", "traffic_dataset": "January 12th - Monday", "weight_id": "w_0086", "distance_weight": 0.1, "population_weight": 0.2, "traffic_weight": 0.0, "airspace_weight": 0.7, "path_nodes": 40, "path_node_ids": [2179, 2180, 2174, 2199, 2203, 2207, 2341, 2344, 2368, 2374, 2394, 2397, 2712, 2716, 2739, 2746, 2769, 2773, 3985, 3988, 3992, 3994, 4019, 4020, 4023, 4055, 4059, 4063, 4078, 5051, 5075, 5079, 5306, 5303, 5318, 5323, 5346, 5357, 5358, 5364], "elapsed_seconds": 0.05105559999356046, "status": "success", "failure_reason": "", "route_distance_km": 35.06987633323177, "distance_cost_sum": 38.59666684720769, "population_cost_sum": 23.21199613097869, "traffic_cost_sum": 19.031491728664538, "airspace_cost_sum": 33.8, "total_weighted_score": 32.1620659109165}, "geometry": {"type": "LineString", "coordinates": [[-90.15289905765549, 38.57128267769979], [-90.15845430205954, 38.57592253965332], [-90.16401026010618, 38.58056216167], [-90.16956693197352, 38.58520154361737], [-90.17512431783956, 38.5898406853631], [-90.18068241788241, 38.5944795867747], [-90.18624123228014, 38.59911824771971], [-90.19180076121087, 38.60375666806568], [-90.19736100485268, 38.60839484768009], [-90.20292196338367, 38.61303278643038], [-90.2084836369821, 38.617670484184025], [-90.21404602582597, 38.62230794080845], [-90.21960913009349, 38.62694515617101], [-90.22517294996291, 38.63158213013913], [-90.23073748561237, 38.63621886258013], [-90.23630273722006, 38.640855353361346], [-90.24186870496423, 38.645491602350084], [-90.24743538902311, 38.65012760941361], [-90.25300278957496, 38.654763374419176], [-90.25857090679797, 38.65939889723403], [-90.26413974087053, 38.66403417772537], [-90.26970929197084, 38.66866921576039], [-90.27527956027723, 38.67330401120623], [-90.28085054596801, 38.677938563930056], [-90.28642224922152, 38.68257287379895], [-90.29199467021606, 38.68720694068001], [-90.29756780913004, 38.69184076444029], [-90.3031416661418, 38.696474344946864], [-90.3087162414297, 38.701107682066734], [-90.31429153517219, 38.705740775666875], [-90.31986754754767, 38.71037362561428], [-90.32544427873452, 38.71500623177588], [-90.33102172891115, 38.71963859401861], [-90.33659989825608, 38.72427071220935], [-90.34217878694776, 38.72890258621499], [-90.34775839516463, 38.73353421590239], [-90.35333872308522, 38.73816560113835], [-90.35908566820065, 38.73829566025279], [-90.36466711306467, 38.742926539503976], [-90.37024927800739, 38.74755717394432]]}}, {"type": "Feature", "properties": {"route_run_id": "stl_st_louis_downtown_airport_to_st_louis_lambert_2026-01-12_0093", "route_pair": "st_louis_downtown_airport_to_st_louis_lambert", "route_pair_label": "St. Louis Downtown Airport to St. Louis Lambert", "origin_label": "St. Louis Downtown Airport", "destination_label": "St. Louis Lambert International Airport", "origin_lat": 38.5703611, "origin_lon": -90.1550833, "destination_lat": 38.7486982, "destination_lon": -90.3700257, "traffic_date": "2026-01-12", "traffic_dataset": "January 12th - Monday", "weight_id": "w_0093", "distance_weight": 0.1, "population_weight": 0.2, "traffic_weight": 0.7, "airspace_weight": 0.0, "path_nodes": 45, "path_node_ids": [2179, 2147, 2157, 2170, 2175, 2201, 2313, 2316, 2342, 2347, 2366, 2389, 2392, 2396, 2720, 2721, 2726, 2740, 2678, 2680, 2682, 2685, 3986, 2706, 2705, 2707, 4004, 4027, 4030, 4034, 4059, 4063, 4064, 5048, 5052, 5076, 5082, 5299, 5304, 5315, 5317, 5321, 5357, 5358, 5364], "elapsed_seconds": 0.038535600004252046, "status": "success", "failure_reason": "", "route_distance_km": 36.94362745866816, "distance_cost_sum": 40.65885113482434, "population_cost_sum": 25.131337115993876, "traffic_cost_sum": 16.115312693262258, "airspace_cost_sum": 38.00000000000001, "total_weighted_score": 20.37287142196479}, "geometry": {"type": "LineString", "coordinates": [[-90.15289905765549, 38.57128267769979], [-90.15863172081019, 38.571422085329914], [-90.16436442357126, 38.57156121262679], [-90.16992046069078, 38.5762005584167], [-90.17547721149117, 38.58083966408426], [-90.1810346761504, 38.585478529497074], [-90.18659285484642, 38.5901171545227], [-90.19215174775724, 38.5947555390287], [-90.19771135506093, 38.5993936828826], [-90.2032716769355, 38.60403158595187], [-90.208832713559, 38.60866924810401], [-90.21439446510948, 38.61330666920645], [-90.21995693176504, 38.61794384912666], [-90.22552011370372, 38.622580787732026], [-90.23125721581627, 38.622716789852504], [-90.23682150967697, 38.62735322783211], [-90.24238651919569, 38.63198942413879], [-90.24795224455062, 38.63662537863984], [-90.2535186859198, 38.64126109120261], [-90.25908584348143, 38.64589656169434], [-90.25891423625677, 38.65039734432395], [-90.26448243016516, 38.6550325900107], [-90.27005134078189, 38.65966759332096], [-90.27562096828521, 38.66430235412195], [-90.28136163921492, 38.66443602029574], [-90.28693238041095, 38.66907027844067], [-90.29250383886837, 38.67370429371775], [-90.29807601476547, 38.67833806599408], [-90.29790665072878, 38.68283896957616], [-90.29773724885335, 38.68733986905835], [-90.29756780913004, 38.69184076444029], [-90.3031416661418, 38.696474344946864], [-90.30888503852013, 38.69660675247757], [-90.31446001070607, 38.70123982903419], [-90.32003570136486, 38.70587266197814], [-90.32561211067481, 38.710505251176386], [-90.33118923881437, 38.715137596495865], [-90.3367670859619, 38.719769697803464], [-90.34234565229588, 38.724401554966114], [-90.34809144361579, 38.724532115719484], [-90.35367112625059, 38.729163467432365], [-90.35350494323681, 38.73366453632395], [-90.35908566820065, 38.73829566025279], [-90.36466711306467, 38.742926539503976], [-90.37024927800739, 38.74755717394432]]}}, {"type": "Feature", "properties": {"route_run_id": "stl_st_louis_downtown_airport_to_st_louis_lambert_2026-01-12_0129", "route_pair": "st_louis_downtown_airport_to_st_louis_lambert", "route_pair_label": "St. Louis Downtown Airport to St. Louis Lambert", "origin_label": "St. Louis Downtown Airport", "destination_label": "St. Louis Lambert International Airport", "origin_lat": 38.5703611, "origin_lon": -90.1550833, "destination_lat": 38.7486982, "destination_lon": -90.3700257, "traffic_date": "2026-01-12", "traffic_dataset": "January 12th - Monday", "weight_id": "w_0129", "distance_weight": 0.2, "population_weight": 0.0, "traffic_weight": 0.7, "airspace_weight": 0.1, "path_nodes": 42, "path_node_ids": [2179, 2147, 2157, 2170, 2175, 2201, 2313, 2316, 2342, 2347, 2366, 2389, 2392, 2396, 2724, 2721, 2726, 2740, 2678, 2680, 2682, 2685, 3986, 2706, 4015, 4017, 4022, 4029, 4034, 4060, 4064, 5048, 5052, 5076, 5082, 5299, 5304, 5319, 5321, 5357, 5358, 5364], "elapsed_seconds": 0.017786000011255965, "status": "success", "failure_reason": "", "route_distance_km": 35.817747454429586, "distance_cost_sum": 39.419747380347985, "population_cost_sum": 26.64764489159439, "traffic_cost_sum": 16.366481713769105, "airspace_cost_sum": 35.00000000000001, "total_weighted_score": 22.84048667570797}, "geometry": {"type": "LineString", "coordinates": [[-90.15289905765549, 38.57128267769979], [-90.15863172081019, 38.571422085329914], [-90.16436442357126, 38.57156121262679], [-90.16992046069078, 38.5762005584167], [-90.17547721149117, 38.58083966408426], [-90.1810346761504, 38.585478529497074], [-90.18659285484642, 38.5901171545227], [-90.19215174775724, 38.5947555390287], [-90.19771135506093, 38.5993936828826], [-90.2032716769355, 38.60403158595187], [-90.208832713559, 38.60866924810401], [-90.21439446510948, 38.61330666920645], [-90.21995693176504, 38.61794384912666], [-90.22552011370372, 38.622580787732026], [-90.23108401110366, 38.627217484889904], [-90.23682150967697, 38.62735322783211], [-90.24238651919569, 38.63198942413879], [-90.24795224455062, 38.63662537863984], [-90.2535186859198, 38.64126109120261], [-90.25908584348143, 38.64589656169434], [-90.25891423625677, 38.65039734432395], [-90.26448243016516, 38.6550325900107], [-90.27005134078189, 38.65966759332096], [-90.27562096828521, 38.66430235412195], [-90.28119131285328, 38.668936872280845], [-90.28102094844074, 38.67343772015905], [-90.28659233093768, 38.67807201278429], [-90.29216443101578, 38.68270606246168], [-90.29773724885335, 38.68733986905835], [-90.30331078462868, 38.69197343244128], [-90.30888503852013, 38.69660675247757], [-90.31446001070607, 38.70123982903419], [-90.32003570136486, 38.70587266197814], [-90.32561211067481, 38.710505251176386], [-90.33118923881437, 38.715137596495865], [-90.3367670859619, 38.719769697803464], [-90.34234565229588, 38.724401554966114], [-90.34792493799469, 38.72903316785066], [-90.35350494323681, 38.73366453632395], [-90.35908566820065, 38.73829566025279], [-90.36466711306467, 38.742926539503976], [-90.37024927800739, 38.74755717394432]]}}, {"type": "Feature", "properties": {"route_run_id": "stl_st_louis_downtown_airport_to_st_louis_lambert_2026-01-12_0007", "route_pair": "st_louis_downtown_airport_to_st_louis_lambert", "route_pair_label": "St. Louis Downtown Airport to St. Louis Lambert", "origin_label": "St. Louis Downtown Airport", "destination_label": "St. Louis Lambert International Airport", "origin_lat": 38.5703611, "origin_lon": -90.1550833, "destination_lat": 38.7486982, "destination_lon": -90.3700257, "traffic_date": "2026-01-12", "traffic_dataset": "January 12th - Monday", "weight_id": "w_0007", "distance_weight": 0.0, "population_weight": 0.0, "traffic_weight": 0.6, "airspace_weight": 0.4, "path_nodes": 42, "path_node_ids": [2179, 2180, 2157, 2170, 2175, 2201, 2313, 2316, 2342, 2347, 2366, 2389, 2392, 2396, 2724, 2721, 2726, 2740, 2678, 2680, 2682, 2685, 3986, 2706, 4016, 4017, 4022, 4029, 4034, 4060, 4064, 5048, 5052, 5076, 5082, 5299, 5304, 5319, 5321, 5357, 5358, 5364], "elapsed_seconds": 0.044445699983043596, "status": "success", "failure_reason": "", "route_distance_km": 36.35045750517031, "distance_cost_sum": 40.006029241145875, "population_cost_sum": 26.64764489159439, "traffic_cost_sum": 16.3398788596516, "airspace_cost_sum": 35.00000000000001, "total_weighted_score": 23.803927315790965}, "geometry": {"type": "LineString", "coordinates": [[-90.15289905765549, 38.57128267769979], [-90.15845430205954, 38.57592253965332], [-90.16436442357126, 38.57156121262679], [-90.16992046069078, 38.5762005584167], [-90.17547721149117, 38.58083966408426], [-90.1810346761504, 38.585478529497074], [-90.18659285484642, 38.5901171545227], [-90.19215174775724, 38.5947555390287], [-90.19771135506093, 38.5993936828826], [-90.2032716769355, 38.60403158595187], [-90.208832713559, 38.60866924810401], [-90.21439446510948, 38.61330666920645], [-90.21995693176504, 38.61794384912666], [-90.22552011370372, 38.622580787732026], [-90.23108401110366, 38.627217484889904], [-90.23682150967697, 38.62735322783211], [-90.24238651919569, 38.63198942413879], [-90.24795224455062, 38.63662537863984], [-90.2535186859198, 38.64126109120261], [-90.25908584348143, 38.64589656169434], [-90.25891423625677, 38.65039734432395], [-90.26448243016516, 38.6550325900107], [-90.27005134078189, 38.65966759332096], [-90.27562096828521, 38.66430235412195], [-90.27545028334664, 38.66880318471887], [-90.28102094844074, 38.67343772015905], [-90.28659233093768, 38.67807201278429], [-90.29216443101578, 38.68270606246168], [-90.29773724885335, 38.68733986905835], [-90.30331078462868, 38.69197343244128], [-90.30888503852013, 38.69660675247757], [-90.31446001070607, 38.70123982903419], [-90.32003570136486, 38.70587266197814], [-90.32561211067481, 38.710505251176386], [-90.33118923881437, 38.715137596495865], [-90.3367670859619, 38.719769697803464], [-90.34234565229588, 38.724401554966114], [-90.34792493799469, 38.72903316785066], [-90.35350494323681, 38.73366453632395], [-90.35908566820065, 38.73829566025279], [-90.36466711306467, 38.742926539503976], [-90.37024927800739, 38.74755717394432]]}}, {"type": "Feature", "properties": {"route_run_id": "stl_st_louis_downtown_airport_to_st_louis_lambert_2026-01-12_0199", "route_pair": "st_louis_downtown_airport_to_st_louis_lambert", "route_pair_label": "St. Louis Downtown Airport to St. Louis Lambert", "origin_label": "St. Louis Downtown Airport", "destination_label": "St. Louis Lambert International Airport", "origin_lat": 38.5703611, "origin_lon": -90.1550833, "destination_lat": 38.7486982, "destination_lon": -90.3700257, "traffic_date": "2026-01-12", "traffic_dataset": "January 12th - Monday", "weight_id": "w_0199", "distance_weight": 0.3, "population_weight": 0.5, "traffic_weight": 0.1, "airspace_weight": 0.1, "path_nodes": 44, "path_node_ids": [2179, 2180, 2174, 2199, 2203, 2206, 2449, 2345, 2370, 2373, 2398, 2709, 2711, 2714, 2750, 2744, 2770, 2772, 2777, 3989, 3988, 3992, 3994, 4019, 4020, 4023, 4055, 4059, 4063, 4077, 4082, 4084, 5080, 5084, 5310, 5311, 5337, 5320, 5322, 5323, 5346, 5357, 5358, 5364], "elapsed_seconds": 0.017600799998035654, "status": "success", "failure_reason": "", "route_distance_km": 36.57207281055306, "distance_cost_sum": 40.24993121641444, "population_cost_sum": 16.402941041735232, "traffic_cost_sum": 23.43756424675925, "airspace_cost_sum": 37.4, "total_weighted_score": 26.360206310467873}, "geometry": {"type": "LineString", "coordinates": [[-90.15289905765549, 38.57128267769979], [-90.15845430205954, 38.57592253965332], [-90.16401026010618, 38.58056216167], [-90.16956693197352, 38.58520154361737], [-90.17512431783956, 38.5898406853631], [-90.17494781190939, 38.59434118977373], [-90.18050622974906, 38.59898010918833], [-90.18606536210271, 38.60361878809667], [-90.19162520914848, 38.60825722636621], [-90.19718577106451, 38.612895423864465], [-90.20274704802898, 38.61753338045887], [-90.2083090402201, 38.622171096016864], [-90.21387174781604, 38.62680857040582], [-90.21943517099498, 38.631445803493165], [-90.22499930993523, 38.636082795146216], [-90.23056416481495, 38.64071954523234], [-90.2361297358124, 38.64535605361884], [-90.24169602310592, 38.649992320172984], [-90.24726302687371, 38.65462834476206], [-90.25283074729404, 38.65926412725328], [-90.25857090679797, 38.65939889723403], [-90.26413974087053, 38.66403417772537], [-90.26970929197084, 38.66866921576039], [-90.27527956027723, 38.67330401120623], [-90.28085054596801, 38.677938563930056], [-90.28642224922152, 38.68257287379895], [-90.29199467021606, 38.68720694068001], [-90.29756780913004, 38.69184076444029], [-90.3031416661418, 38.696474344946864], [-90.30297250986867, 38.70097525335427], [-90.30280331580018, 38.70547615766316], [-90.30837853409372, 38.710109528957155], [-90.31395447116216, 38.71474265665128], [-90.31378588266769, 38.71924359100243], [-90.31936286061908, 38.72387649197406], [-90.32494055786266, 38.72850914903958], [-90.330518974577, 38.7331415620659], [-90.33626541075455, 38.733272728767844], [-90.3420118843105, 38.73340361338185], [-90.34775839516463, 38.73353421590239], [-90.35333872308522, 38.73816560113835], [-90.35908566820065, 38.73829566025279], [-90.36466711306467, 38.742926539503976], [-90.37024927800739, 38.74755717394432]]}}, {"type": "Feature", "properties": {"route_run_id": "stl_st_louis_downtown_airport_to_st_louis_lambert_2026-01-12_0014", "route_pair": "st_louis_downtown_airport_to_st_louis_lambert", "route_pair_label": "St. Louis Downtown Airport to St. Louis Lambert", "origin_label": "St. Louis Downtown Airport", "destination_label": "St. Louis Lambert International Airport", "origin_lat": 38.5703611, "origin_lon": -90.1550833, "destination_lat": 38.7486982, "destination_lon": -90.3700257, "traffic_date": "2026-01-12", "traffic_dataset": "January 12th - Monday", "weight_id": "w_0014", "distance_weight": 0.0, "population_weight": 0.1, "traffic_weight": 0.2, "airspace_weight": 0.7, "path_nodes": 40, "path_node_ids": [2179, 2180, 2174, 2199, 2203, 2207, 2341, 2344, 2368, 2374, 2394, 2397, 2712, 2716, 2739, 2746, 2769, 2773, 3985, 3988, 3992, 3994, 4019, 4017, 4022, 4029, 4034, 4060, 4064, 5048, 5052, 5076, 5082, 5299, 5304, 5319, 5321, 5357, 5358, 5364], "elapsed_seconds": 0.043983699986711144, "status": "success", "failure_reason": "", "route_distance_km": 35.06932923764436, "distance_cost_sum": 38.59606473313351, "population_cost_sum": 24.787572976016946, "traffic_cost_sum": 17.839922019494136, "airspace_cost_sum": 33.4, "total_weighted_score": 29.426741701500525}, "geometry": {"type": "LineString", "coordinates": [[-90.15289905765549, 38.57128267769979], [-90.15845430205954, 38.57592253965332], [-90.16401026010618, 38.58056216167], [-90.16956693197352, 38.58520154361737], [-90.17512431783956, 38.5898406853631], [-90.18068241788241, 38.5944795867747], [-90.18624123228014, 38.59911824771971], [-90.19180076121087, 38.60375666806568], [-90.19736100485268, 38.60839484768009], [-90.20292196338367, 38.61303278643038], [-90.2084836369821, 38.617670484184025], [-90.21404602582597, 38.62230794080845], [-90.21960913009349, 38.62694515617101], [-90.22517294996291, 38.63158213013913], [-90.23073748561237, 38.63621886258013], [-90.23630273722006, 38.640855353361346], [-90.24186870496423, 38.645491602350084], [-90.24743538902311, 38.65012760941361], [-90.25300278957496, 38.654763374419176], [-90.25857090679797, 38.65939889723403], [-90.26413974087053, 38.66403417772537], [-90.26970929197084, 38.66866921576039], [-90.27527956027723, 38.67330401120623], [-90.28102094844074, 38.67343772015905], [-90.28659233093768, 38.67807201278429], [-90.29216443101578, 38.68270606246168], [-90.29773724885335, 38.68733986905835], [-90.30331078462868, 38.69197343244128], [-90.30888503852013, 38.69660675247757], [-90.31446001070607, 38.70123982903419], [-90.32003570136486, 38.70587266197814], [-90.32561211067481, 38.710505251176386], [-90.33118923881437, 38.715137596495865], [-90.3367670859619, 38.719769697803464], [-90.34234565229588, 38.724401554966114], [-90.34792493799469, 38.72903316785066], [-90.35350494323681, 38.73366453632395], [-90.35908566820065, 38.73829566025279], [-90.36466711306467, 38.742926539503976], [-90.37024927800739, 38.74755717394432]]}}, {"type": "Feature", "properties": {"route_run_id": "stl_st_louis_downtown_airport_to_st_louis_lambert_2026-01-12_0250", "route_pair": "st_louis_downtown_airport_to_st_louis_lambert", "route_pair_label": "St. Louis Downtown Airport to St. Louis Lambert", "origin_label": "St. Louis Downtown Airport", "destination_label": "St. Louis Lambert International Airport", "origin_lat": 38.5703611, "origin_lon": -90.1550833, "destination_lat": 38.7486982, "destination_lon": -90.3700257, "traffic_date": "2026-01-12", "traffic_dataset": "January 12th - Monday", "weight_id": "w_0250", "distance_weight": 0.5, "population_weight": 0.4, "traffic_weight": 0.0, "airspace_weight": 0.1, "path_nodes": 44, "path_node_ids": [2179, 2180, 2174, 2199, 2203, 2207, 2341, 2345, 2370, 2373, 2398, 2709, 2711, 2714, 2750, 2744, 2770, 2772, 2777, 3989, 3988, 3992, 3994, 4019, 4020, 4023, 4055, 4059, 4063, 4077, 4082, 4084, 5080, 5084, 5310, 5311, 5337, 5320, 5322, 5323, 5346, 5357, 5358, 5364], "elapsed_seconds": 0.009610200009774417, "status": "success", "failure_reason": "", "route_distance_km": 36.57204599052436, "distance_cost_sum": 40.249901699238414, "population_cost_sum": 16.402941041735232, "traffic_cost_sum": 24.063337408996844, "airspace_cost_sum": 37.4, "total_weighted_score": 30.4261272663133}, "geometry": {"type": "LineString", "coordinates": [[-90.15289905765549, 38.57128267769979], [-90.15845430205954, 38.57592253965332], [-90.16401026010618, 38.58056216167], [-90.16956693197352, 38.58520154361737], [-90.17512431783956, 38.5898406853631], [-90.18068241788241, 38.5944795867747], [-90.18624123228014, 38.59911824771971], [-90.18606536210271, 38.60361878809667], [-90.19162520914848, 38.60825722636621], [-90.19718577106451, 38.612895423864465], [-90.20274704802898, 38.61753338045887], [-90.2083090402201, 38.622171096016864], [-90.21387174781604, 38.62680857040582], [-90.21943517099498, 38.631445803493165], [-90.22499930993523, 38.636082795146216], [-90.23056416481495, 38.64071954523234], [-90.2361297358124, 38.64535605361884], [-90.24169602310592, 38.649992320172984], [-90.24726302687371, 38.65462834476206], [-90.25283074729404, 38.65926412725328], [-90.25857090679797, 38.65939889723403], [-90.26413974087053, 38.66403417772537], [-90.26970929197084, 38.66866921576039], [-90.27527956027723, 38.67330401120623], [-90.28085054596801, 38.677938563930056], [-90.28642224922152, 38.68257287379895], [-90.29199467021606, 38.68720694068001], [-90.29756780913004, 38.69184076444029], [-90.3031416661418, 38.696474344946864], [-90.30297250986867, 38.70097525335427], [-90.30280331580018, 38.70547615766316], [-90.30837853409372, 38.710109528957155], [-90.31395447116216, 38.71474265665128], [-90.31378588266769, 38.71924359100243], [-90.31936286061908, 38.72387649197406], [-90.32494055786266, 38.72850914903958], [-90.330518974577, 38.7331415620659], [-90.33626541075455, 38.733272728767844], [-90.3420118843105, 38.73340361338185], [-90.34775839516463, 38.73353421590239], [-90.35333872308522, 38.73816560113835], [-90.35908566820065, 38.73829566025279], [-90.36466711306467, 38.742926539503976], [-90.37024927800739, 38.74755717394432]]}}, {"type": "Feature", "properties": {"route_run_id": "stl_st_louis_downtown_airport_to_st_louis_lambert_2026-01-12_0265", "route_pair": "st_louis_downtown_airport_to_st_louis_lambert", "route_pair_label": "St. Louis Downtown Airport to St. Louis Lambert", "origin_label": "St. Louis Downtown Airport", "destination_label": "St. Louis Lambert International Airport", "origin_lat": 38.5703611, "origin_lon": -90.1550833, "destination_lat": 38.7486982, "destination_lon": -90.3700257, "traffic_date": "2026-01-12", "traffic_dataset": "January 12th - Monday", "weight_id": "w_0265", "distance_weight": 0.6, "population_weight": 0.3, "traffic_weight": 0.0, "airspace_weight": 0.1, "path_nodes": 43, "path_node_ids": [2179, 2180, 2174, 2199, 2203, 2207, 2341, 2345, 2370, 2373, 2398, 2709, 2711, 2714, 2750, 2744, 2770, 2772, 2777, 3989, 3993, 4006, 4008, 4021, 4045, 4047, 4058, 4062, 4077, 4082, 4084, 5080, 5084, 5310, 5311, 5337, 5320, 5322, 5323, 5346, 5357, 5358, 5364], "elapsed_seconds": 0.009119800000917166, "status": "success", "failure_reason": "", "route_distance_km": 36.197024617572914, "distance_cost_sum": 39.83716642595565, "population_cost_sum": 17.31210242086407, "traffic_cost_sum": 23.983742516081602, "airspace_cost_sum": 36.4, "total_weighted_score": 32.73593058183261}, "geometry": {"type": "LineString", "coordinates": [[-90.15289905765549, 38.57128267769979], [-90.15845430205954, 38.57592253965332], [-90.16401026010618, 38.58056216167], [-90.16956693197352, 38.58520154361737], [-90.17512431783956, 38.5898406853631], [-90.18068241788241, 38.5944795867747], [-90.18624123228014, 38.59911824771971], [-90.18606536210271, 38.60361878809667], [-90.19162520914848, 38.60825722636621], [-90.19718577106451, 38.612895423864465], [-90.20274704802898, 38.61753338045887], [-90.2083090402201, 38.622171096016864], [-90.21387174781604, 38.62680857040582], [-90.21943517099498, 38.631445803493165], [-90.22499930993523, 38.636082795146216], [-90.23056416481495, 38.64071954523234], [-90.2361297358124, 38.64535605361884], [-90.24169602310592, 38.649992320172984], [-90.24726302687371, 38.65462834476206], [-90.25283074729404, 38.65926412725328], [-90.2583991845453, 38.663899667513896], [-90.26396833880578, 38.66853496541107], [-90.26953821025378, 38.673170020811966], [-90.2751087990677, 38.67780483358376], [-90.28068010542587, 38.682439403593555], [-90.28625212950666, 38.68707373070842], [-90.29182487148844, 38.69170781479548], [-90.29739833154962, 38.69634165572174], [-90.30297250986867, 38.70097525335427], [-90.30280331580018, 38.70547615766316], [-90.30837853409372, 38.710109528957155], [-90.31395447116216, 38.71474265665128], [-90.31378588266769, 38.71924359100243], [-90.31936286061908, 38.72387649197406], [-90.32494055786266, 38.72850914903958], [-90.330518974577, 38.7331415620659], [-90.33626541075455, 38.733272728767844], [-90.3420118843105, 38.73340361338185], [-90.34775839516463, 38.73353421590239], [-90.35333872308522, 38.73816560113835], [-90.35908566820065, 38.73829566025279], [-90.36466711306467, 38.742926539503976], [-90.37024927800739, 38.74755717394432]]}}, {"type": "Feature", "properties": {"route_run_id": "stl_st_louis_downtown_airport_to_st_louis_lambert_2026-01-12_0115", "route_pair": "st_louis_downtown_airport_to_st_louis_lambert", "route_pair_label": "St. Louis Downtown Airport to St. Louis Lambert", "origin_label": "St. Louis Downtown Airport", "destination_label": "St. Louis Lambert International Airport", "origin_lat": 38.5703611, "origin_lon": -90.1550833, "destination_lat": 38.7486982, "destination_lon": -90.3700257, "traffic_date": "2026-01-12", "traffic_dataset": "January 12th - Monday", "weight_id": "w_0115", "distance_weight": 0.1, "population_weight": 0.6, "traffic_weight": 0.3, "airspace_weight": 0.0, "path_nodes": 47, "path_node_ids": [2179, 2147, 2157, 2170, 2175, 2201, 2313, 2316, 2342, 2347, 2366, 2389, 2392, 2396, 2720, 2721, 2726, 2740, 2678, 2680, 2679, 2676, 2700, 2701, 2704, 3999, 4002, 4027, 4030, 4034, 4059, 4063, 4077, 4082, 4084, 5080, 5084, 5310, 5311, 5337, 5320, 5322, 5323, 5346, 5357, 5358, 5364], "elapsed_seconds": 0.0456893999944441, "status": "success", "failure_reason": "", "route_distance_km": 37.695132275288756, "distance_cost_sum": 41.48593078476573, "population_cost_sum": 16.438822135448255, "traffic_cost_sum": 22.276113042148218, "airspace_cost_sum": 40.4, "total_weighted_score": 20.694720272389993}, "geometry": {"type": "LineString", "coordinates": [[-90.15289905765549, 38.57128267769979], [-90.15863172081019, 38.571422085329914], [-90.16436442357126, 38.57156121262679], [-90.16992046069078, 38.5762005584167], [-90.17547721149117, 38.58083966408426], [-90.1810346761504, 38.585478529497074], [-90.18659285484642, 38.5901171545227], [-90.19215174775724, 38.5947555390287], [-90.19771135506093, 38.5993936828826], [-90.2032716769355, 38.60403158595187], [-90.208832713559, 38.60866924810401], [-90.21439446510948, 38.61330666920645], [-90.21995693176504, 38.61794384912666], [-90.22552011370372, 38.622580787732026], [-90.23125721581627, 38.622716789852504], [-90.23682150967697, 38.62735322783211], [-90.24238651919569, 38.63198942413879], [-90.24795224455062, 38.63662537863984], [-90.2535186859198, 38.64126109120261], [-90.25908584348143, 38.64589656169434], [-90.26482496640844, 38.64603098584028], [-90.27039323682396, 38.650665954435176], [-90.27596222380673, 38.65530068060072], [-90.2815319275348, 38.65993516420402], [-90.2871023481864, 38.664569405112296], [-90.29267348593962, 38.6692034031927], [-90.29824534097261, 38.67383715831237], [-90.29807601476547, 38.67833806599408], [-90.29790665072878, 38.68283896957616], [-90.29773724885335, 38.68733986905835], [-90.29756780913004, 38.69184076444029], [-90.3031416661418, 38.696474344946864], [-90.30297250986867, 38.70097525335427], [-90.30280331580018, 38.70547615766316], [-90.30837853409372, 38.710109528957155], [-90.31395447116216, 38.71474265665128], [-90.31378588266769, 38.71924359100243], [-90.31936286061908, 38.72387649197406], [-90.32494055786266, 38.72850914903958], [-90.330518974577, 38.7331415620659], [-90.33626541075455, 38.733272728767844], [-90.3420118843105, 38.73340361338185], [-90.34775839516463, 38.73353421590239], [-90.35333872308522, 38.73816560113835], [-90.35908566820065, 38.73829566025279], [-90.36466711306467, 38.742926539503976], [-90.37024927800739, 38.74755717394432]]}}, {"type": "Feature", "properties": {"route_run_id": "stl_st_louis_downtown_airport_to_st_louis_lambert_2026-01-12_0090", "route_pair": "st_louis_downtown_airport_to_st_louis_lambert", "route_pair_label": "St. Louis Downtown Airport to St. Louis Lambert", "origin_label": "St. Louis Downtown Airport", "destination_label": "St. Louis Lambert International Airport", "origin_lat": 38.5703611, "origin_lon": -90.1550833, "destination_lat": 38.7486982, "destination_lon": -90.3700257, "traffic_date": "2026-01-12", "traffic_dataset": "January 12th - Monday", "weight_id": "w_0090", "distance_weight": 0.1, "population_weight": 0.2, "traffic_weight": 0.4, "airspace_weight": 0.3, "path_nodes": 40, "path_node_ids": [2179, 2180, 2174, 2199, 2203, 2207, 2341, 2344, 2368, 2374, 2394, 2397, 2712, 2716, 2739, 2746, 2769, 2773, 3985, 3988, 3992, 3994, 4019, 4020, 4023, 4055, 4059, 4063, 4064, 5048, 5052, 5076, 5082, 5299, 5304, 5319, 5321, 5357, 5358, 5364], "elapsed_seconds": 0.04943029998685233, "status": "success", "failure_reason": "", "route_distance_km": 35.0695243590648, "distance_cost_sum": 38.596279476875054, "population_cost_sum": 23.651108783135093, "traffic_cost_sum": 17.839922019494136, "airspace_cost_sum": 33.8, "total_weighted_score": 25.865818512112178}, "geometry": {"type": "LineString", "coordinates": [[-90.15289905765549, 38.57128267769979], [-90.15845430205954, 38.57592253965332], [-90.16401026010618, 38.58056216167], [-90.16956693197352, 38.58520154361737], [-90.17512431783956, 38.5898406853631], [-90.18068241788241, 38.5944795867747], [-90.18624123228014, 38.59911824771971], [-90.19180076121087, 38.60375666806568], [-90.19736100485268, 38.60839484768009], [-90.20292196338367, 38.61303278643038], [-90.2084836369821, 38.617670484184025], [-90.21404602582597, 38.62230794080845], [-90.21960913009349, 38.62694515617101], [-90.22517294996291, 38.63158213013913], [-90.23073748561237, 38.63621886258013], [-90.23630273722006, 38.640855353361346], [-90.24186870496423, 38.645491602350084], [-90.24743538902311, 38.65012760941361], [-90.25300278957496, 38.654763374419176], [-90.25857090679797, 38.65939889723403], [-90.26413974087053, 38.66403417772537], [-90.26970929197084, 38.66866921576039], [-90.27527956027723, 38.67330401120623], [-90.28085054596801, 38.677938563930056], [-90.28642224922152, 38.68257287379895], [-90.29199467021606, 38.68720694068001], [-90.29756780913004, 38.69184076444029], [-90.3031416661418, 38.696474344946864], [-90.30888503852013, 38.69660675247757], [-90.31446001070607, 38.70123982903419], [-90.32003570136486, 38.70587266197814], [-90.32561211067481, 38.710505251176386], [-90.33118923881437, 38.715137596495865], [-90.3367670859619, 38.719769697803464], [-90.34234565229588, 38.724401554966114], [-90.34792493799469, 38.72903316785066], [-90.35350494323681, 38.73366453632395], [-90.35908566820065, 38.73829566025279], [-90.36466711306467, 38.742926539503976], [-90.37024927800739, 38.74755717394432]]}}, {"type": "Feature", "properties": {"route_run_id": "stl_st_louis_downtown_airport_to_st_louis_lambert_2026-01-12_0148", "route_pair": "st_louis_downtown_airport_to_st_louis_lambert", "route_pair_label": "St. Louis Downtown Airport to St. Louis Lambert", "origin_label": "St. Louis Downtown Airport", "destination_label": "St. Louis Lambert International Airport", "origin_lat": 38.5703611, "origin_lon": -90.1550833, "destination_lat": 38.7486982, "destination_lon": -90.3700257, "traffic_date": "2026-01-12", "traffic_dataset": "January 12th - Monday", "weight_id": "w_0148", "distance_weight": 0.2, "population_weight": 0.3, "traffic_weight": 0.2, "airspace_weight": 0.3, "path_nodes": 40, "path_node_ids": [2179, 2180, 2174, 2199, 2203, 2207, 2341, 2344, 2368, 2374, 2394, 2397, 2712, 2716, 2739, 2746, 2769, 2773, 3985, 3988, 3992, 3994, 4019, 4020, 4023, 4055, 4059, 4063, 4064, 5048, 5052, 5076, 5082, 5299, 5304, 5319, 5321, 5357, 5358, 5364], "elapsed_seconds": 0.03128830000059679, "status": "success", "failure_reason": "", "route_distance_km": 35.0695243590648, "distance_cost_sum": 38.596279476875054, "population_cost_sum": 23.651108783135093, "traffic_cost_sum": 17.839922019494136, "airspace_cost_sum": 33.8, "total_weighted_score": 28.522572934214367}, "geometry": {"type": "LineString", "coordinates": [[-90.15289905765549, 38.57128267769979], [-90.15845430205954, 38.57592253965332], [-90.16401026010618, 38.58056216167], [-90.16956693197352, 38.58520154361737], [-90.17512431783956, 38.5898406853631], [-90.18068241788241, 38.5944795867747], [-90.18624123228014, 38.59911824771971], [-90.19180076121087, 38.60375666806568], [-90.19736100485268, 38.60839484768009], [-90.20292196338367, 38.61303278643038], [-90.2084836369821, 38.617670484184025], [-90.21404602582597, 38.62230794080845], [-90.21960913009349, 38.62694515617101], [-90.22517294996291, 38.63158213013913], [-90.23073748561237, 38.63621886258013], [-90.23630273722006, 38.640855353361346], [-90.24186870496423, 38.645491602350084], [-90.24743538902311, 38.65012760941361], [-90.25300278957496, 38.654763374419176], [-90.25857090679797, 38.65939889723403], [-90.26413974087053, 38.66403417772537], [-90.26970929197084, 38.66866921576039], [-90.27527956027723, 38.67330401120623], [-90.28085054596801, 38.677938563930056], [-90.28642224922152, 38.68257287379895], [-90.29199467021606, 38.68720694068001], [-90.29756780913004, 38.69184076444029], [-90.3031416661418, 38.696474344946864], [-90.30888503852013, 38.69660675247757], [-90.31446001070607, 38.70123982903419], [-90.32003570136486, 38.70587266197814], [-90.32561211067481, 38.710505251176386], [-90.33118923881437, 38.715137596495865], [-90.3367670859619, 38.719769697803464], [-90.34234565229588, 38.724401554966114], [-90.34792493799469, 38.72903316785066], [-90.35350494323681, 38.73366453632395], [-90.35908566820065, 38.73829566025279], [-90.36466711306467, 38.742926539503976], [-90.37024927800739, 38.74755717394432]]}}, {"type": "Feature", "properties": {"route_run_id": "stl_st_louis_downtown_airport_to_st_louis_lambert_2026-01-12_0221", "route_pair": "st_louis_downtown_airport_to_st_louis_lambert", "route_pair_label": "St. Louis Downtown Airport to St. Louis Lambert", "origin_label": "St. Louis Downtown Airport", "destination_label": "St. Louis Lambert International Airport", "origin_lat": 38.5703611, "origin_lon": -90.1550833, "destination_lat": 38.7486982, "destination_lon": -90.3700257, "traffic_date": "2026-01-12", "traffic_dataset": "January 12th - Monday", "weight_id": "w_0221", "distance_weight": 0.4, "population_weight": 0.2, "traffic_weight": 0.4, "airspace_weight": 0.0, "path_nodes": 40, "path_node_ids": [2179, 2180, 2174, 2199, 2203, 2207, 2341, 2344, 2368, 2374, 2394, 2397, 2712, 2716, 2739, 2746, 2769, 2773, 3985, 3988, 3992, 3994, 4019, 4020, 4023, 4055, 4059, 4063, 4064, 5048, 5052, 5076, 5082, 5299, 5304, 5319, 5321, 5357, 5358, 5364], "elapsed_seconds": 0.009071599983144552, "status": "success", "failure_reason": "", "route_distance_km": 35.0695243590648, "distance_cost_sum": 38.596279476875054, "population_cost_sum": 23.651108783135093, "traffic_cost_sum": 17.839922019494136, "airspace_cost_sum": 33.8, "total_weighted_score": 27.304702355174697}, "geometry": {"type": "LineString", "coordinates": [[-90.15289905765549, 38.57128267769979], [-90.15845430205954, 38.57592253965332], [-90.16401026010618, 38.58056216167], [-90.16956693197352, 38.58520154361737], [-90.17512431783956, 38.5898406853631], [-90.18068241788241, 38.5944795867747], [-90.18624123228014, 38.59911824771971], [-90.19180076121087, 38.60375666806568], [-90.19736100485268, 38.60839484768009], [-90.20292196338367, 38.61303278643038], [-90.2084836369821, 38.617670484184025], [-90.21404602582597, 38.62230794080845], [-90.21960913009349, 38.62694515617101], [-90.22517294996291, 38.63158213013913], [-90.23073748561237, 38.63621886258013], [-90.23630273722006, 38.640855353361346], [-90.24186870496423, 38.645491602350084], [-90.24743538902311, 38.65012760941361], [-90.25300278957496, 38.654763374419176], [-90.25857090679797, 38.65939889723403], [-90.26413974087053, 38.66403417772537], [-90.26970929197084, 38.66866921576039], [-90.27527956027723, 38.67330401120623], [-90.28085054596801, 38.677938563930056], [-90.28642224922152, 38.68257287379895], [-90.29199467021606, 38.68720694068001], [-90.29756780913004, 38.69184076444029], [-90.3031416661418, 38.696474344946864], [-90.30888503852013, 38.69660675247757], [-90.31446001070607, 38.70123982903419], [-90.32003570136486, 38.70587266197814], [-90.32561211067481, 38.710505251176386], [-90.33118923881437, 38.715137596495865], [-90.3367670859619, 38.719769697803464], [-90.34234565229588, 38.724401554966114], [-90.34792493799469, 38.72903316785066], [-90.35350494323681, 38.73366453632395], [-90.35908566820065, 38.73829566025279], [-90.36466711306467, 38.742926539503976], [-90.37024927800739, 38.74755717394432]]}}, {"type": "Feature", "properties": {"route_run_id": "stl_st_louis_downtown_airport_to_st_louis_lambert_2026-01-12_0035", "route_pair": "st_louis_downtown_airport_to_st_louis_lambert", "route_pair_label": "St. Louis Downtown Airport to St. Louis Lambert", "origin_label": "St. Louis Downtown Airport", "destination_label": "St. Louis Lambert International Airport", "origin_lat": 38.5703611, "origin_lon": -90.1550833, "destination_lat": 38.7486982, "destination_lon": -90.3700257, "traffic_date": "2026-01-12", "traffic_dataset": "January 12th - Monday", "weight_id": "w_0035", "distance_weight": 0.0, "population_weight": 0.3, "traffic_weight": 0.4, "airspace_weight": 0.3, "path_nodes": 40, "path_node_ids": [2179, 2180, 2174, 2199, 2203, 2207, 2341, 2344, 2368, 2374, 2394, 2397, 2712, 2716, 2739, 2746, 2769, 2773, 3985, 3988, 3992, 3994, 4019, 4020, 4023, 4055, 4059, 4063, 4064, 5048, 5052, 5076, 5082, 5299, 5304, 5319, 5321, 5357, 5358, 5364], "elapsed_seconds": 0.045995799999218434, "status": "success", "failure_reason": "", "route_distance_km": 35.0695243590648, "distance_cost_sum": 38.596279476875054, "population_cost_sum": 23.651108783135093, "traffic_cost_sum": 17.839922019494136, "airspace_cost_sum": 33.8, "total_weighted_score": 24.37130144273818}, "geometry": {"type": "LineString", "coordinates": [[-90.15289905765549, 38.57128267769979], [-90.15845430205954, 38.57592253965332], [-90.16401026010618, 38.58056216167], [-90.16956693197352, 38.58520154361737], [-90.17512431783956, 38.5898406853631], [-90.18068241788241, 38.5944795867747], [-90.18624123228014, 38.59911824771971], [-90.19180076121087, 38.60375666806568], [-90.19736100485268, 38.60839484768009], [-90.20292196338367, 38.61303278643038], [-90.2084836369821, 38.617670484184025], [-90.21404602582597, 38.62230794080845], [-90.21960913009349, 38.62694515617101], [-90.22517294996291, 38.63158213013913], [-90.23073748561237, 38.63621886258013], [-90.23630273722006, 38.640855353361346], [-90.24186870496423, 38.645491602350084], [-90.24743538902311, 38.65012760941361], [-90.25300278957496, 38.654763374419176], [-90.25857090679797, 38.65939889723403], [-90.26413974087053, 38.66403417772537], [-90.26970929197084, 38.66866921576039], [-90.27527956027723, 38.67330401120623], [-90.28085054596801, 38.677938563930056], [-90.28642224922152, 38.68257287379895], [-90.29199467021606, 38.68720694068001], [-90.29756780913004, 38.69184076444029], [-90.3031416661418, 38.696474344946864], [-90.30888503852013, 38.69660675247757], [-90.31446001070607, 38.70123982903419], [-90.32003570136486, 38.70587266197814], [-90.32561211067481, 38.710505251176386], [-90.33118923881437, 38.715137596495865], [-90.3367670859619, 38.719769697803464], [-90.34234565229588, 38.724401554966114], [-90.34792493799469, 38.72903316785066], [-90.35350494323681, 38.73366453632395], [-90.35908566820065, 38.73829566025279], [-90.36466711306467, 38.742926539503976], [-90.37024927800739, 38.74755717394432]]}}, {"type": "Feature", "properties": {"route_run_id": "stl_st_louis_downtown_airport_to_st_louis_lambert_2026-01-12_0061", "route_pair": "st_louis_downtown_airport_to_st_louis_lambert", "route_pair_label": "St. Louis Downtown Airport to St. Louis Lambert", "origin_label": "St. Louis Downtown Airport", "destination_label": "St. Louis Lambert International Airport", "origin_lat": 38.5703611, "origin_lon": -90.1550833, "destination_lat": 38.7486982, "destination_lon": -90.3700257, "traffic_date": "2026-01-12", "traffic_dataset": "January 12th - Monday", "weight_id": "w_0061", "distance_weight": 0.0, "population_weight": 0.8, "traffic_weight": 0.0, "airspace_weight": 0.2, "path_nodes": 55, "path_node_ids": [2179, 2182, 2192, 2418, 2422, 2425, 2427, 2453, 2456, 2479, 2480, 2483, 2808, 2811, 2813, 2833, 2837, 2861, 2866, 2889, 3896, 3898, 3901, 3927, 3946, 3949, 3953, 3952, 3940, 3977, 3976, 3941, 4043, 4066, 4067, 4068, 4185, 4187, 4188, 4076, 4075, 4082, 4084, 5080, 5084, 5310, 5311, 5337, 5320, 5322, 5323, 5346, 5357, 5358, 5364], "elapsed_seconds": 0.042738999996799976, "status": "success", "failure_reason": "", "route_distance_km": 44.94282493851701, "distance_cost_sum": 49.46248526347363, "population_cost_sum": 8.67777235752909, "traffic_cost_sum": 41.16084511062418, "airspace_cost_sum": 44.8, "total_weighted_score": 15.902217886023276}, "geometry": {"type": "LineString", "coordinates": [[-90.15289905765549, 38.57128267769979], [-90.14698830189188, 38.575643399377846], [-90.14107683252396, 38.580003791744], [-90.14663191796852, 38.58464420615243], [-90.15218771733517, 38.589284380730234], [-90.15774423080212, 38.593924315345014], [-90.16330145854758, 38.59856400986431], [-90.16885940074975, 38.60320346415569], [-90.16868241918205, 38.60770393390031], [-90.16850539809049, 38.61220439948829], [-90.16832833746557, 38.616704860919356], [-90.17388794826633, 38.621344129014695], [-90.179448274358, 38.625983156498016], [-90.17353434470424, 38.6303450755264], [-90.16761969944088, 38.63470666506797], [-90.16170433842768, 38.63906792498539], [-90.16152668241186, 38.64356833919522], [-90.16708780535298, 38.6482079745162], [-90.17264964452228, 38.6528473690797], [-90.17821220009857, 38.65748652275311], [-90.18377547226044, 38.66212543540375], [-90.18933946118675, 38.666764106898924], [-90.19490416705614, 38.67140253710589], [-90.20046959004746, 38.676040725891895], [-90.20603573033937, 38.68067867312418], [-90.21160258811075, 38.68531637866994], [-90.2171701635404, 38.68995384239636], [-90.22308670781703, 38.685589837485246], [-90.22882882604138, 38.685726144608395], [-90.23439759481155, 38.69036282917826], [-90.24014014948251, 38.69049859495047], [-90.24605541323987, 38.68613337677085], [-90.2517976862147, 38.68626855773688], [-90.25736804511756, 38.69090420272148], [-90.26311075393669, 38.69103884211091], [-90.26868222818311, 38.695673984376505], [-90.27425442059507, 38.700308883813186], [-90.27999796237877, 38.700442721166475], [-90.28557127047641, 38.70507711728869], [-90.29148516021279, 38.700709550716724], [-90.297228816103, 38.700842542902386], [-90.30280331580018, 38.70547615766316], [-90.30837853409372, 38.710109528957155], [-90.31395447116216, 38.71474265665128], [-90.31378588266769, 38.71924359100243], [-90.31936286061908, 38.72387649197406], [-90.32494055786266, 38.72850914903958], [-90.330518974577, 38.7331415620659], [-90.33626541075455, 38.733272728767844], [-90.3420118843105, 38.73340361338185], [-90.34775839516463, 38.73353421590239], [-90.35333872308522, 38.73816560113835], [-90.35908566820065, 38.73829566025279], [-90.36466711306467, 38.742926539503976], [-90.37024927800739, 38.74755717394432]]}}, {"type": "Feature", "properties": {"route_run_id": "stl_st_louis_downtown_airport_to_st_louis_lambert_2026-01-12_0048", "route_pair": "st_louis_downtown_airport_to_st_louis_lambert", "route_pair_label": "St. Louis Downtown Airport to St. Louis Lambert", "origin_label": "St. Louis Downtown Airport", "destination_label": "St. Louis Lambert International Airport", "origin_lat": 38.5703611, "origin_lon": -90.1550833, "destination_lat": 38.7486982, "destination_lon": -90.3700257, "traffic_date": "2026-01-12", "traffic_dataset": "January 12th - Monday", "weight_id": "w_0048", "distance_weight": 0.0, "population_weight": 0.5, "traffic_weight": 0.2, "airspace_weight": 0.3, "path_nodes": 44, "path_node_ids": [2179, 2180, 2174, 2199, 2203, 2206, 2449, 2345, 2370, 2373, 2398, 2709, 2711, 2714, 2750, 2744, 2770, 2772, 2777, 3989, 3988, 3992, 3994, 4019, 4020, 4023, 4055, 4059, 4062, 4075, 4082, 4084, 5080, 5084, 5310, 5311, 5337, 5320, 5322, 5323, 5346, 5357, 5358, 5364], "elapsed_seconds": 0.04632520000450313, "status": "success", "failure_reason": "", "route_distance_km": 36.57210005386254, "distance_cost_sum": 40.24996119943833, "population_cost_sum": 16.402941041735232, "traffic_cost_sum": 23.43756424675925, "airspace_cost_sum": 37.4, "total_weighted_score": 24.10898337021947}, "geometry": {"type": "LineString", "coordinates": [[-90.15289905765549, 38.57128267769979], [-90.15845430205954, 38.57592253965332], [-90.16401026010618, 38.58056216167], [-90.16956693197352, 38.58520154361737], [-90.17512431783956, 38.5898406853631], [-90.17494781190939, 38.59434118977373], [-90.18050622974906, 38.59898010918833], [-90.18606536210271, 38.60361878809667], [-90.19162520914848, 38.60825722636621], [-90.19718577106451, 38.612895423864465], [-90.20274704802898, 38.61753338045887], [-90.2083090402201, 38.622171096016864], [-90.21387174781604, 38.62680857040582], [-90.21943517099498, 38.631445803493165], [-90.22499930993523, 38.636082795146216], [-90.23056416481495, 38.64071954523234], [-90.2361297358124, 38.64535605361884], [-90.24169602310592, 38.649992320172984], [-90.24726302687371, 38.65462834476206], [-90.25283074729404, 38.65926412725328], [-90.25857090679797, 38.65939889723403], [-90.26413974087053, 38.66403417772537], [-90.26970929197084, 38.66866921576039], [-90.27527956027723, 38.67330401120623], [-90.28085054596801, 38.677938563930056], [-90.28642224922152, 38.68257287379895], [-90.29199467021606, 38.68720694068001], [-90.29756780913004, 38.69184076444029], [-90.29739833154962, 38.69634165572174], [-90.297228816103, 38.700842542902386], [-90.30280331580018, 38.70547615766316], [-90.30837853409372, 38.710109528957155], [-90.31395447116216, 38.71474265665128], [-90.31378588266769, 38.71924359100243], [-90.31936286061908, 38.72387649197406], [-90.32494055786266, 38.72850914903958], [-90.330518974577, 38.7331415620659], [-90.33626541075455, 38.733272728767844], [-90.3420118843105, 38.73340361338185], [-90.34775839516463, 38.73353421590239], [-90.35333872308522, 38.73816560113835], [-90.35908566820065, 38.73829566025279], [-90.36466711306467, 38.742926539503976], [-90.37024927800739, 38.74755717394432]]}}, {"type": "Feature", "properties": {"route_run_id": "stl_st_louis_downtown_airport_to_st_louis_lambert_2026-01-12_0261", "route_pair": "st_louis_downtown_airport_to_st_louis_lambert", "route_pair_label": "St. Louis Downtown Airport to St. Louis Lambert", "origin_label": "St. Louis Downtown Airport", "destination_label": "St. Louis Lambert International Airport", "origin_lat": 38.5703611, "origin_lon": -90.1550833, "destination_lat": 38.7486982, "destination_lon": -90.3700257, "traffic_date": "2026-01-12", "traffic_dataset": "January 12th - Monday", "weight_id": "w_0261", "distance_weight": 0.6, "population_weight": 0.1, "traffic_weight": 0.3, "airspace_weight": 0.0, "path_nodes": 40, "path_node_ids": [2179, 2180, 2174, 2199, 2203, 2207, 2341, 2344, 2368, 2374, 2394, 2397, 2712, 2716, 2739, 2746, 2769, 2773, 3985, 3988, 3992, 3994, 4019, 4020, 4023, 4055, 4059, 4063, 4064, 5048, 5052, 5076, 5082, 5299, 5304, 5319, 5321, 5357, 5358, 5364], "elapsed_seconds": 0.005630599975120276, "status": "success", "failure_reason": "", "route_distance_km": 35.0695243590648, "distance_cost_sum": 38.596279476875054, "population_cost_sum": 23.651108783135093, "traffic_cost_sum": 17.839922019494136, "airspace_cost_sum": 33.8, "total_weighted_score": 30.87485517028678}, "geometry": {"type": "LineString", "coordinates": [[-90.15289905765549, 38.57128267769979], [-90.15845430205954, 38.57592253965332], [-90.16401026010618, 38.58056216167], [-90.16956693197352, 38.58520154361737], [-90.17512431783956, 38.5898406853631], [-90.18068241788241, 38.5944795867747], [-90.18624123228014, 38.59911824771971], [-90.19180076121087, 38.60375666806568], [-90.19736100485268, 38.60839484768009], [-90.20292196338367, 38.61303278643038], [-90.2084836369821, 38.617670484184025], [-90.21404602582597, 38.62230794080845], [-90.21960913009349, 38.62694515617101], [-90.22517294996291, 38.63158213013913], [-90.23073748561237, 38.63621886258013], [-90.23630273722006, 38.640855353361346], [-90.24186870496423, 38.645491602350084], [-90.24743538902311, 38.65012760941361], [-90.25300278957496, 38.654763374419176], [-90.25857090679797, 38.65939889723403], [-90.26413974087053, 38.66403417772537], [-90.26970929197084, 38.66866921576039], [-90.27527956027723, 38.67330401120623], [-90.28085054596801, 38.677938563930056], [-90.28642224922152, 38.68257287379895], [-90.29199467021606, 38.68720694068001], [-90.29756780913004, 38.69184076444029], [-90.3031416661418, 38.696474344946864], [-90.30888503852013, 38.69660675247757], [-90.31446001070607, 38.70123982903419], [-90.32003570136486, 38.70587266197814], [-90.32561211067481, 38.710505251176386], [-90.33118923881437, 38.715137596495865], [-90.3367670859619, 38.719769697803464], [-90.34234565229588, 38.724401554966114], [-90.34792493799469, 38.72903316785066], [-90.35350494323681, 38.73366453632395], [-90.35908566820065, 38.73829566025279], [-90.36466711306467, 38.742926539503976], [-90.37024927800739, 38.74755717394432]]}}, {"type": "Feature", "properties": {"route_run_id": "stl_st_louis_downtown_airport_to_st_louis_lambert_2026-01-12_0285", "route_pair": "st_louis_downtown_airport_to_st_louis_lambert", "route_pair_label": "St. Louis Downtown Airport to St. Louis Lambert", "origin_label": "St. Louis Downtown Airport", "destination_label": "St. Louis Lambert International Airport", "origin_lat": 38.5703611, "origin_lon": -90.1550833, "destination_lat": 38.7486982, "destination_lon": -90.3700257, "traffic_date": "2026-01-12", "traffic_dataset": "January 12th - Monday", "weight_id": "w_0285", "distance_weight": 0.9, "population_weight": 0.0, "traffic_weight": 0.1, "airspace_weight": 0.0, "path_nodes": 40, "path_node_ids": [2179, 2180, 2174, 2199, 2203, 2207, 2341, 2344, 2368, 2374, 2394, 2397, 2712, 2716, 2739, 2746, 2769, 2773, 3985, 3988, 3992, 3990, 4016, 4017, 4022, 4029, 4034, 4060, 4064, 5048, 5052, 5076, 5082, 5299, 5304, 5319, 5321, 5357, 5358, 5364], "elapsed_seconds": 0.002280100015923381, "status": "success", "failure_reason": "", "route_distance_km": 35.06925127294606, "distance_cost_sum": 38.59597892794111, "population_cost_sum": 25.05959051055676, "traffic_cost_sum": 17.839922019494136, "airspace_cost_sum": 33.4, "total_weighted_score": 36.520373237096415}, "geometry": {"type": "LineString", "coordinates": [[-90.15289905765549, 38.57128267769979], [-90.15845430205954, 38.57592253965332], [-90.16401026010618, 38.58056216167], [-90.16956693197352, 38.58520154361737], [-90.17512431783956, 38.5898406853631], [-90.18068241788241, 38.5944795867747], [-90.18624123228014, 38.59911824771971], [-90.19180076121087, 38.60375666806568], [-90.19736100485268, 38.60839484768009], [-90.20292196338367, 38.61303278643038], [-90.2084836369821, 38.617670484184025], [-90.21404602582597, 38.62230794080845], [-90.21960913009349, 38.62694515617101], [-90.22517294996291, 38.63158213013913], [-90.23073748561237, 38.63621886258013], [-90.23630273722006, 38.640855353361346], [-90.24186870496423, 38.645491602350084], [-90.24743538902311, 38.65012760941361], [-90.25300278957496, 38.654763374419176], [-90.25857090679797, 38.65939889723403], [-90.26413974087053, 38.66403417772537], [-90.26988033547711, 38.664168406596616], [-90.27545028334664, 38.66880318471887], [-90.28102094844074, 38.67343772015905], [-90.28659233093768, 38.67807201278429], [-90.29216443101578, 38.68270606246168], [-90.29773724885335, 38.68733986905835], [-90.30331078462868, 38.69197343244128], [-90.30888503852013, 38.69660675247757], [-90.31446001070607, 38.70123982903419], [-90.32003570136486, 38.70587266197814], [-90.32561211067481, 38.710505251176386], [-90.33118923881437, 38.715137596495865], [-90.3367670859619, 38.719769697803464], [-90.34234565229588, 38.724401554966114], [-90.34792493799469, 38.72903316785066], [-90.35350494323681, 38.73366453632395], [-90.35908566820065, 38.73829566025279], [-90.36466711306467, 38.742926539503976], [-90.37024927800739, 38.74755717394432]]}}, {"type": "Feature", "properties": {"route_run_id": "stl_st_louis_downtown_airport_to_st_louis_lambert_2026-01-12_0081", "route_pair": "st_louis_downtown_airport_to_st_louis_lambert", "route_pair_label": "St. Louis Downtown Airport to St. Louis Lambert", "origin_label": "St. Louis Downtown Airport", "destination_label": "St. Louis Lambert International Airport", "origin_lat": 38.5703611, "origin_lon": -90.1550833, "destination_lat": 38.7486982, "destination_lon": -90.3700257, "traffic_date": "2026-01-12", "traffic_dataset": "January 12th - Monday", "weight_id": "w_0081", "distance_weight": 0.1, "population_weight": 0.1, "traffic_weight": 0.4, "airspace_weight": 0.4, "path_nodes": 40, "path_node_ids": [2179, 2180, 2174, 2199, 2203, 2207, 2341, 2344, 2368, 2374, 2394, 2397, 2712, 2716, 2739, 2746, 2769, 2773, 3985, 3988, 3992, 3994, 4019, 4017, 4022, 4029, 4034, 4060, 4064, 5048, 5052, 5076, 5082, 5299, 5304, 5319, 5321, 5357, 5358, 5364], "elapsed_seconds": 0.05022809997899458, "status": "success", "failure_reason": "", "route_distance_km": 35.06932923764436, "distance_cost_sum": 38.59606473313351, "population_cost_sum": 24.787572976016946, "traffic_cost_sum": 17.839922019494136, "airspace_cost_sum": 33.4, "total_weighted_score": 26.834332578712704}, "geometry": {"type": "LineString", "coordinates": [[-90.15289905765549, 38.57128267769979], [-90.15845430205954, 38.57592253965332], [-90.16401026010618, 38.58056216167], [-90.16956693197352, 38.58520154361737], [-90.17512431783956, 38.5898406853631], [-90.18068241788241, 38.5944795867747], [-90.18624123228014, 38.59911824771971], [-90.19180076121087, 38.60375666806568], [-90.19736100485268, 38.60839484768009], [-90.20292196338367, 38.61303278643038], [-90.2084836369821, 38.617670484184025], [-90.21404602582597, 38.62230794080845], [-90.21960913009349, 38.62694515617101], [-90.22517294996291, 38.63158213013913], [-90.23073748561237, 38.63621886258013], [-90.23630273722006, 38.640855353361346], [-90.24186870496423, 38.645491602350084], [-90.24743538902311, 38.65012760941361], [-90.25300278957496, 38.654763374419176], [-90.25857090679797, 38.65939889723403], [-90.26413974087053, 38.66403417772537], [-90.26970929197084, 38.66866921576039], [-90.27527956027723, 38.67330401120623], [-90.28102094844074, 38.67343772015905], [-90.28659233093768, 38.67807201278429], [-90.29216443101578, 38.68270606246168], [-90.29773724885335, 38.68733986905835], [-90.30331078462868, 38.69197343244128], [-90.30888503852013, 38.69660675247757], [-90.31446001070607, 38.70123982903419], [-90.32003570136486, 38.70587266197814], [-90.32561211067481, 38.710505251176386], [-90.33118923881437, 38.715137596495865], [-90.3367670859619, 38.719769697803464], [-90.34234565229588, 38.724401554966114], [-90.34792493799469, 38.72903316785066], [-90.35350494323681, 38.73366453632395], [-90.35908566820065, 38.73829566025279], [-90.36466711306467, 38.742926539503976], [-90.37024927800739, 38.74755717394432]]}}, {"type": "Feature", "properties": {"route_run_id": "stl_st_louis_downtown_airport_to_st_louis_lambert_2026-01-12_0068", "route_pair": "st_louis_downtown_airport_to_st_louis_lambert", "route_pair_label": "St. Louis Downtown Airport to St. Louis Lambert", "origin_label": "St. Louis Downtown Airport", "destination_label": "St. Louis Lambert International Airport", "origin_lat": 38.5703611, "origin_lon": -90.1550833, "destination_lat": 38.7486982, "destination_lon": -90.3700257, "traffic_date": "2026-01-12", "traffic_dataset": "January 12th - Monday", "weight_id": "w_0068", "distance_weight": 0.1, "population_weight": 0.0, "traffic_weight": 0.1, "airspace_weight": 0.8, "path_nodes": 40, "path_node_ids": [2179, 2180, 2174, 2199, 2203, 2207, 2341, 2344, 2368, 2374, 2394, 2397, 2712, 2716, 2739, 2746, 2769, 2773, 3985, 3988, 3992, 3990, 4016, 4017, 4022, 4029, 4034, 4060, 4064, 5048, 5052, 5076, 5082, 5299, 5304, 5319, 5321, 5357, 5358, 5364], "elapsed_seconds": 0.05220770000596531, "status": "success", "failure_reason": "", "route_distance_km": 35.06925127294606, "distance_cost_sum": 38.59597892794111, "population_cost_sum": 25.05959051055676, "traffic_cost_sum": 17.839922019494136, "airspace_cost_sum": 33.4, "total_weighted_score": 32.36359009474353}, "geometry": {"type": "LineString", "coordinates": [[-90.15289905765549, 38.57128267769979], [-90.15845430205954, 38.57592253965332], [-90.16401026010618, 38.58056216167], [-90.16956693197352, 38.58520154361737], [-90.17512431783956, 38.5898406853631], [-90.18068241788241, 38.5944795867747], [-90.18624123228014, 38.59911824771971], [-90.19180076121087, 38.60375666806568], [-90.19736100485268, 38.60839484768009], [-90.20292196338367, 38.61303278643038], [-90.2084836369821, 38.617670484184025], [-90.21404602582597, 38.62230794080845], [-90.21960913009349, 38.62694515617101], [-90.22517294996291, 38.63158213013913], [-90.23073748561237, 38.63621886258013], [-90.23630273722006, 38.640855353361346], [-90.24186870496423, 38.645491602350084], [-90.24743538902311, 38.65012760941361], [-90.25300278957496, 38.654763374419176], [-90.25857090679797, 38.65939889723403], [-90.26413974087053, 38.66403417772537], [-90.26988033547711, 38.664168406596616], [-90.27545028334664, 38.66880318471887], [-90.28102094844074, 38.67343772015905], [-90.28659233093768, 38.67807201278429], [-90.29216443101578, 38.68270606246168], [-90.29773724885335, 38.68733986905835], [-90.30331078462868, 38.69197343244128], [-90.30888503852013, 38.69660675247757], [-90.31446001070607, 38.70123982903419], [-90.32003570136486, 38.70587266197814], [-90.32561211067481, 38.710505251176386], [-90.33118923881437, 38.715137596495865], [-90.3367670859619, 38.719769697803464], [-90.34234565229588, 38.724401554966114], [-90.34792493799469, 38.72903316785066], [-90.35350494323681, 38.73366453632395], [-90.35908566820065, 38.73829566025279], [-90.36466711306467, 38.742926539503976], [-90.37024927800739, 38.74755717394432]]}}, {"type": "Feature", "properties": {"route_run_id": "stl_st_louis_downtown_airport_to_st_louis_lambert_2026-01-12_0136", "route_pair": "st_louis_downtown_airport_to_st_louis_lambert", "route_pair_label": "St. Louis Downtown Airport to St. Louis Lambert", "origin_label": "St. Louis Downtown Airport", "destination_label": "St. Louis Lambert International Airport", "origin_lat": 38.5703611, "origin_lon": -90.1550833, "destination_lat": 38.7486982, "destination_lon": -90.3700257, "traffic_date": "2026-01-12", "traffic_dataset": "January 12th - Monday", "weight_id": "w_0136", "distance_weight": 0.2, "population_weight": 0.1, "traffic_weight": 0.5, "airspace_weight": 0.2, "path_nodes": 41, "path_node_ids": [2179, 2147, 2157, 2170, 2175, 2201, 2313, 2316, 2342, 2347, 2366, 2389, 2392, 2396, 2724, 2727, 2742, 2743, 2681, 2682, 2685, 3986, 2706, 4015, 4017, 4022, 4029, 4034, 4060, 4064, 5048, 5052, 5076, 5082, 5299, 5304, 5319, 5321, 5357, 5358, 5364], "elapsed_seconds": 0.02363190002506599, "status": "success", "failure_reason": "", "route_distance_km": 35.442843120650096, "distance_cost_sum": 39.00714091624279, "population_cost_sum": 26.327607483472868, "traffic_cost_sum": 16.78312655842246, "airspace_cost_sum": 34.4, "total_weighted_score": 25.705752210807077}, "geometry": {"type": "LineString", "coordinates": [[-90.15289905765549, 38.57128267769979], [-90.15863172081019, 38.571422085329914], [-90.16436442357126, 38.57156121262679], [-90.16992046069078, 38.5762005584167], [-90.17547721149117, 38.58083966408426], [-90.1810346761504, 38.585478529497074], [-90.18659285484642, 38.5901171545227], [-90.19215174775724, 38.5947555390287], [-90.19771135506093, 38.5993936828826], [-90.2032716769355, 38.60403158595187], [-90.208832713559, 38.60866924810401], [-90.21439446510948, 38.61330666920645], [-90.21995693176504, 38.61794384912666], [-90.22552011370372, 38.622580787732026], [-90.23108401110366, 38.627217484889904], [-90.23664862414297, 38.63185394046768], [-90.24221395299979, 38.63649015433267], [-90.24777999785228, 38.641126126352205], [-90.25334675887852, 38.64576185639355], [-90.25891423625677, 38.65039734432395], [-90.26448243016516, 38.6550325900107], [-90.27005134078189, 38.65966759332096], [-90.27562096828521, 38.66430235412195], [-90.28119131285328, 38.668936872280845], [-90.28102094844074, 38.67343772015905], [-90.28659233093768, 38.67807201278429], [-90.29216443101578, 38.68270606246168], [-90.29773724885335, 38.68733986905835], [-90.30331078462868, 38.69197343244128], [-90.30888503852013, 38.69660675247757], [-90.31446001070607, 38.70123982903419], [-90.32003570136486, 38.70587266197814], [-90.32561211067481, 38.710505251176386], [-90.33118923881437, 38.715137596495865], [-90.3367670859619, 38.719769697803464], [-90.34234565229588, 38.724401554966114], [-90.34792493799469, 38.72903316785066], [-90.35350494323681, 38.73366453632395], [-90.35908566820065, 38.73829566025279], [-90.36466711306467, 38.742926539503976], [-90.37024927800739, 38.74755717394432]]}}, {"type": "Feature", "properties": {"route_run_id": "stl_st_louis_downtown_airport_to_st_louis_lambert_2026-01-12_0140", "route_pair": "st_louis_downtown_airport_to_st_louis_lambert", "route_pair_label": "St. Louis Downtown Airport to St. Louis Lambert", "origin_label": "St. Louis Downtown Airport", "destination_label": "St. Louis Lambert International Airport", "origin_lat": 38.5703611, "origin_lon": -90.1550833, "destination_lat": 38.7486982, "destination_lon": -90.3700257, "traffic_date": "2026-01-12", "traffic_dataset": "January 12th - Monday", "weight_id": "w_0140", "distance_weight": 0.2, "population_weight": 0.2, "traffic_weight": 0.1, "airspace_weight": 0.5, "path_nodes": 40, "path_node_ids": [2179, 2180, 2174, 2199, 2203, 2207, 2341, 2344, 2368, 2374, 2394, 2397, 2712, 2716, 2739, 2746, 2769, 2773, 3985, 3988, 3992, 3994, 4019, 4020, 4023, 4055, 4059, 4063, 4064, 5048, 5052, 5076, 5082, 5299, 5304, 5319, 5321, 5357, 5358, 5364], "elapsed_seconds": 0.03979700000490993, "status": "success", "failure_reason": "", "route_distance_km": 35.0695243590648, "distance_cost_sum": 38.596279476875054, "population_cost_sum": 23.651108783135093, "traffic_cost_sum": 17.839922019494136, "airspace_cost_sum": 33.8, "total_weighted_score": 31.133469853951443}, "geometry": {"type": "LineString", "coordinates": [[-90.15289905765549, 38.57128267769979], [-90.15845430205954, 38.57592253965332], [-90.16401026010618, 38.58056216167], [-90.16956693197352, 38.58520154361737], [-90.17512431783956, 38.5898406853631], [-90.18068241788241, 38.5944795867747], [-90.18624123228014, 38.59911824771971], [-90.19180076121087, 38.60375666806568], [-90.19736100485268, 38.60839484768009], [-90.20292196338367, 38.61303278643038], [-90.2084836369821, 38.617670484184025], [-90.21404602582597, 38.62230794080845], [-90.21960913009349, 38.62694515617101], [-90.22517294996291, 38.63158213013913], [-90.23073748561237, 38.63621886258013], [-90.23630273722006, 38.640855353361346], [-90.24186870496423, 38.645491602350084], [-90.24743538902311, 38.65012760941361], [-90.25300278957496, 38.654763374419176], [-90.25857090679797, 38.65939889723403], [-90.26413974087053, 38.66403417772537], [-90.26970929197084, 38.66866921576039], [-90.27527956027723, 38.67330401120623], [-90.28085054596801, 38.677938563930056], [-90.28642224922152, 38.68257287379895], [-90.29199467021606, 38.68720694068001], [-90.29756780913004, 38.69184076444029], [-90.3031416661418, 38.696474344946864], [-90.30888503852013, 38.69660675247757], [-90.31446001070607, 38.70123982903419], [-90.32003570136486, 38.70587266197814], [-90.32561211067481, 38.710505251176386], [-90.33118923881437, 38.715137596495865], [-90.3367670859619, 38.719769697803464], [-90.34234565229588, 38.724401554966114], [-90.34792493799469, 38.72903316785066], [-90.35350494323681, 38.73366453632395], [-90.35908566820065, 38.73829566025279], [-90.36466711306467, 38.742926539503976], [-90.37024927800739, 38.74755717394432]]}}, {"type": "Feature", "properties": {"route_run_id": "stl_st_louis_downtown_airport_to_st_louis_lambert_2026-01-12_0047", "route_pair": "st_louis_downtown_airport_to_st_louis_lambert", "route_pair_label": "St. Louis Downtown Airport to St. Louis Lambert", "origin_label": "St. Louis Downtown Airport", "destination_label": "St. Louis Lambert International Airport", "origin_lat": 38.5703611, "origin_lon": -90.1550833, "destination_lat": 38.7486982, "destination_lon": -90.3700257, "traffic_date": "2026-01-12", "traffic_dataset": "January 12th - Monday", "weight_id": "w_0047", "distance_weight": 0.0, "population_weight": 0.5, "traffic_weight": 0.1, "airspace_weight": 0.4, "path_nodes": 44, "path_node_ids": [2179, 2180, 2174, 2199, 2203, 2206, 2449, 2345, 2370, 2373, 2398, 2709, 2711, 2714, 2750, 2744, 2770, 2772, 2777, 3989, 3988, 3992, 3994, 4019, 4020, 4023, 4055, 4059, 4062, 4075, 4082, 4084, 5080, 5084, 5310, 5311, 5337, 5320, 5322, 5323, 5346, 5357, 5358, 5364], "elapsed_seconds": 0.044480100012151524, "status": "success", "failure_reason": "", "route_distance_km": 36.57210005386254, "distance_cost_sum": 40.24996119943833, "population_cost_sum": 16.402941041735232, "traffic_cost_sum": 23.43756424675925, "airspace_cost_sum": 37.4, "total_weighted_score": 25.505226945543544}, "geometry": {"type": "LineString", "coordinates": [[-90.15289905765549, 38.57128267769979], [-90.15845430205954, 38.57592253965332], [-90.16401026010618, 38.58056216167], [-90.16956693197352, 38.58520154361737], [-90.17512431783956, 38.5898406853631], [-90.17494781190939, 38.59434118977373], [-90.18050622974906, 38.59898010918833], [-90.18606536210271, 38.60361878809667], [-90.19162520914848, 38.60825722636621], [-90.19718577106451, 38.612895423864465], [-90.20274704802898, 38.61753338045887], [-90.2083090402201, 38.622171096016864], [-90.21387174781604, 38.62680857040582], [-90.21943517099498, 38.631445803493165], [-90.22499930993523, 38.636082795146216], [-90.23056416481495, 38.64071954523234], [-90.2361297358124, 38.64535605361884], [-90.24169602310592, 38.649992320172984], [-90.24726302687371, 38.65462834476206], [-90.25283074729404, 38.65926412725328], [-90.25857090679797, 38.65939889723403], [-90.26413974087053, 38.66403417772537], [-90.26970929197084, 38.66866921576039], [-90.27527956027723, 38.67330401120623], [-90.28085054596801, 38.677938563930056], [-90.28642224922152, 38.68257287379895], [-90.29199467021606, 38.68720694068001], [-90.29756780913004, 38.69184076444029], [-90.29739833154962, 38.69634165572174], [-90.297228816103, 38.700842542902386], [-90.30280331580018, 38.70547615766316], [-90.30837853409372, 38.710109528957155], [-90.31395447116216, 38.71474265665128], [-90.31378588266769, 38.71924359100243], [-90.31936286061908, 38.72387649197406], [-90.32494055786266, 38.72850914903958], [-90.330518974577, 38.7331415620659], [-90.33626541075455, 38.733272728767844], [-90.3420118843105, 38.73340361338185], [-90.34775839516463, 38.73353421590239], [-90.35333872308522, 38.73816560113835], [-90.35908566820065, 38.73829566025279], [-90.36466711306467, 38.742926539503976], [-90.37024927800739, 38.74755717394432]]}}, {"type": "Feature", "properties": {"route_run_id": "stl_st_louis_downtown_airport_to_st_louis_lambert_2026-01-12_0070", "route_pair": "st_louis_downtown_airport_to_st_louis_lambert", "route_pair_label": "St. Louis Downtown Airport to St. Louis Lambert", "origin_label": "St. Louis Downtown Airport", "destination_label": "St. Louis Lambert International Airport", "origin_lat": 38.5703611, "origin_lon": -90.1550833, "destination_lat": 38.7486982, "destination_lon": -90.3700257, "traffic_date": "2026-01-12", "traffic_dataset": "January 12th - Monday", "weight_id": "w_0070", "distance_weight": 0.1, "population_weight": 0.0, "traffic_weight": 0.3, "airspace_weight": 0.6, "path_nodes": 40, "path_node_ids": [2179, 2180, 2174, 2199, 2203, 2207, 2341, 2344, 2368, 2374, 2394, 2397, 2712, 2716, 2739, 2746, 2769, 2773, 3985, 3988, 3992, 3990, 4016, 4017, 4022, 4029, 4034, 4060, 4064, 5048, 5052, 5076, 5082, 5299, 5304, 5319, 5321, 5357, 5358, 5364], "elapsed_seconds": 0.05216550000477582, "status": "success", "failure_reason": "", "route_distance_km": 35.06925127294606, "distance_cost_sum": 38.59597892794111, "population_cost_sum": 25.05959051055676, "traffic_cost_sum": 17.839922019494136, "airspace_cost_sum": 33.4, "total_weighted_score": 29.251574498642356}, "geometry": {"type": "LineString", "coordinates": [[-90.15289905765549, 38.57128267769979], [-90.15845430205954, 38.57592253965332], [-90.16401026010618, 38.58056216167], [-90.16956693197352, 38.58520154361737], [-90.17512431783956, 38.5898406853631], [-90.18068241788241, 38.5944795867747], [-90.18624123228014, 38.59911824771971], [-90.19180076121087, 38.60375666806568], [-90.19736100485268, 38.60839484768009], [-90.20292196338367, 38.61303278643038], [-90.2084836369821, 38.617670484184025], [-90.21404602582597, 38.62230794080845], [-90.21960913009349, 38.62694515617101], [-90.22517294996291, 38.63158213013913], [-90.23073748561237, 38.63621886258013], [-90.23630273722006, 38.640855353361346], [-90.24186870496423, 38.645491602350084], [-90.24743538902311, 38.65012760941361], [-90.25300278957496, 38.654763374419176], [-90.25857090679797, 38.65939889723403], [-90.26413974087053, 38.66403417772537], [-90.26988033547711, 38.664168406596616], [-90.27545028334664, 38.66880318471887], [-90.28102094844074, 38.67343772015905], [-90.28659233093768, 38.67807201278429], [-90.29216443101578, 38.68270606246168], [-90.29773724885335, 38.68733986905835], [-90.30331078462868, 38.69197343244128], [-90.30888503852013, 38.69660675247757], [-90.31446001070607, 38.70123982903419], [-90.32003570136486, 38.70587266197814], [-90.32561211067481, 38.710505251176386], [-90.33118923881437, 38.715137596495865], [-90.3367670859619, 38.719769697803464], [-90.34234565229588, 38.724401554966114], [-90.34792493799469, 38.72903316785066], [-90.35350494323681, 38.73366453632395], [-90.35908566820065, 38.73829566025279], [-90.36466711306467, 38.742926539503976], [-90.37024927800739, 38.74755717394432]]}}, {"type": "Feature", "properties": {"route_run_id": "stl_st_louis_downtown_airport_to_st_louis_lambert_2026-01-12_0089", "route_pair": "st_louis_downtown_airport_to_st_louis_lambert", "route_pair_label": "St. Louis Downtown Airport to St. Louis Lambert", "origin_label": "St. Louis Downtown Airport", "destination_label": "St. Louis Lambert International Airport", "origin_lat": 38.5703611, "origin_lon": -90.1550833, "destination_lat": 38.7486982, "destination_lon": -90.3700257, "traffic_date": "2026-01-12", "traffic_dataset": "January 12th - Monday", "weight_id": "w_0089", "distance_weight": 0.1, "population_weight": 0.2, "traffic_weight": 0.3, "airspace_weight": 0.4, "path_nodes": 40, "path_node_ids": [2179, 2180, 2174, 2199, 2203, 2207, 2341, 2344, 2368, 2374, 2394, 2397, 2712, 2716, 2739, 2746, 2769, 2773, 3985, 3988, 3992, 3994, 4019, 4020, 4023, 4055, 4059, 4063, 4064, 5048, 5052, 5076, 5082, 5299, 5304, 5319, 5321, 5357, 5358, 5364], "elapsed_seconds": 0.05035659999703057, "status": "success", "failure_reason": "", "route_distance_km": 35.0695243590648, "distance_cost_sum": 38.596279476875054, "population_cost_sum": 23.651108783135093, "traffic_cost_sum": 17.839922019494136, "airspace_cost_sum": 33.8, "total_weighted_score": 27.461826310162763}, "geometry": {"type": "LineString", "coordinates": [[-90.15289905765549, 38.57128267769979], [-90.15845430205954, 38.57592253965332], [-90.16401026010618, 38.58056216167], [-90.16956693197352, 38.58520154361737], [-90.17512431783956, 38.5898406853631], [-90.18068241788241, 38.5944795867747], [-90.18624123228014, 38.59911824771971], [-90.19180076121087, 38.60375666806568], [-90.19736100485268, 38.60839484768009], [-90.20292196338367, 38.61303278643038], [-90.2084836369821, 38.617670484184025], [-90.21404602582597, 38.62230794080845], [-90.21960913009349, 38.62694515617101], [-90.22517294996291, 38.63158213013913], [-90.23073748561237, 38.63621886258013], [-90.23630273722006, 38.640855353361346], [-90.24186870496423, 38.645491602350084], [-90.24743538902311, 38.65012760941361], [-90.25300278957496, 38.654763374419176], [-90.25857090679797, 38.65939889723403], [-90.26413974087053, 38.66403417772537], [-90.26970929197084, 38.66866921576039], [-90.27527956027723, 38.67330401120623], [-90.28085054596801, 38.677938563930056], [-90.28642224922152, 38.68257287379895], [-90.29199467021606, 38.68720694068001], [-90.29756780913004, 38.69184076444029], [-90.3031416661418, 38.696474344946864], [-90.30888503852013, 38.69660675247757], [-90.31446001070607, 38.70123982903419], [-90.32003570136486, 38.70587266197814], [-90.32561211067481, 38.710505251176386], [-90.33118923881437, 38.715137596495865], [-90.3367670859619, 38.719769697803464], [-90.34234565229588, 38.724401554966114], [-90.34792493799469, 38.72903316785066], [-90.35350494323681, 38.73366453632395], [-90.35908566820065, 38.73829566025279], [-90.36466711306467, 38.742926539503976], [-90.37024927800739, 38.74755717394432]]}}, {"type": "Feature", "properties": {"route_run_id": "stl_st_louis_downtown_airport_to_st_louis_lambert_2026-01-12_0121", "route_pair": "st_louis_downtown_airport_to_st_louis_lambert", "route_pair_label": "St. Louis Downtown Airport to St. Louis Lambert", "origin_label": "St. Louis Downtown Airport", "destination_label": "St. Louis Lambert International Airport", "origin_lat": 38.5703611, "origin_lon": -90.1550833, "destination_lat": 38.7486982, "destination_lon": -90.3700257, "traffic_date": "2026-01-12", "traffic_dataset": "January 12th - Monday", "weight_id": "w_0121", "distance_weight": 0.1, "population_weight": 0.9, "traffic_weight": 0.0, "airspace_weight": 0.0, "path_nodes": 59, "path_node_ids": [2179, 2180, 2183, 2186, 2419, 2423, 2448, 2452, 2455, 2478, 2482, 2483, 2487, 2811, 2812, 2816, 2858, 2863, 2864, 2889, 2892, 2895, 3904, 3925, 3930, 3934, 3958, 3962, 3967, 3954, 3953, 3966, 3944, 3977, 3976, 3941, 4043, 4066, 4067, 4068, 4185, 4187, 4188, 4076, 4075, 4082, 4084, 5080, 5084, 5310, 5311, 5337, 5320, 5322, 5323, 5346, 5357, 5358, 5364], "elapsed_seconds": 0.025488599989330396, "status": "success", "failure_reason": "", "route_distance_km": 43.80569615290962, "distance_cost_sum": 48.211001497650656, "population_cost_sum": 8.3104874945489, "traffic_cost_sum": 42.80654965421509, "airspace_cost_sum": 47.6, "total_weighted_score": 12.300538894859075}, "geometry": {"type": "LineString", "coordinates": [[-90.15289905765549, 38.57128267769979], [-90.15845430205954, 38.57592253965332], [-90.15827684369297, 38.58042298981685], [-90.1580993457009, 38.58492343582021], [-90.15792180807382, 38.58942387766302], [-90.16347871828971, 38.59406355405304], [-90.1690363428032, 38.598702990254786], [-90.17459468179258, 38.60334218613583], [-90.17441805758689, 38.60784267808668], [-90.174241393937, 38.61234316588366], [-90.17406469083332, 38.61684364952644], [-90.17388794826633, 38.621344129014695], [-90.17371116622648, 38.62584460434813], [-90.17353434470424, 38.6303450755264], [-90.17335748369, 38.63484554254923], [-90.17318058317427, 38.63934600541629], [-90.17300364314747, 38.64384646412727], [-90.17856556137721, 38.64848558173427], [-90.17838890046788, 38.65298605432084], [-90.17821220009857, 38.65748652275311], [-90.17803546025965, 38.66198698703078], [-90.17785868094164, 38.666487447153536], [-90.18342259105025, 38.67112639580074], [-90.1889872182426, 38.67576510321293], [-90.18881103775325, 38.6802655951445], [-90.19437670160657, 38.684904079111234], [-90.19420080122836, 38.68940458481685], [-90.19976750231159, 38.694042845128145], [-90.20551018229601, 38.69418032229077], [-90.21142776429718, 38.68981695033316], [-90.2171701635404, 38.68995384239636], [-90.2229126017605, 38.690090452895454], [-90.22865507887754, 38.69022678182468], [-90.23439759481155, 38.69036282917826], [-90.24014014948251, 38.69049859495047], [-90.24605541323987, 38.68613337677085], [-90.2517976862147, 38.68626855773688], [-90.25736804511756, 38.69090420272148], [-90.26311075393669, 38.69103884211091], [-90.26868222818311, 38.695673984376505], [-90.27425442059507, 38.700308883813186], [-90.27999796237877, 38.700442721166475], [-90.28557127047641, 38.70507711728869], [-90.29148516021279, 38.700709550716724], [-90.297228816103, 38.700842542902386], [-90.30280331580018, 38.70547615766316], [-90.30837853409372, 38.710109528957155], [-90.31395447116216, 38.71474265665128], [-90.31378588266769, 38.71924359100243], [-90.31936286061908, 38.72387649197406], [-90.32494055786266, 38.72850914903958], [-90.330518974577, 38.7331415620659], [-90.33626541075455, 38.733272728767844], [-90.3420118843105, 38.73340361338185], [-90.34775839516463, 38.73353421590239], [-90.35333872308522, 38.73816560113835], [-90.35908566820065, 38.73829566025279], [-90.36466711306467, 38.742926539503976], [-90.37024927800739, 38.74755717394432]]}}, {"type": "Feature", "properties": {"route_run_id": "stl_st_louis_downtown_airport_to_st_louis_lambert_2026-01-12_0144", "route_pair": "st_louis_downtown_airport_to_st_louis_lambert", "route_pair_label": "St. Louis Downtown Airport to St. Louis Lambert", "origin_label": "St. Louis Downtown Airport", "destination_label": "St. Louis Lambert International Airport", "origin_lat": 38.5703611, "origin_lon": -90.1550833, "destination_lat": 38.7486982, "destination_lon": -90.3700257, "traffic_date": "2026-01-12", "traffic_dataset": "January 12th - Monday", "weight_id": "w_0144", "distance_weight": 0.2, "population_weight": 0.2, "traffic_weight": 0.5, "airspace_weight": 0.1, "path_nodes": 40, "path_node_ids": [2179, 2180, 2174, 2199, 2203, 2207, 2341, 2344, 2368, 2374, 2394, 2397, 2712, 2716, 2739, 2746, 2769, 2773, 3985, 3988, 3992, 3994, 4019, 4020, 4023, 4055, 4059, 4063, 4064, 5048, 5052, 5076, 5082, 5299, 5304, 5319, 5321, 5357, 5358, 5364], "elapsed_seconds": 0.022905899997567758, "status": "success", "failure_reason": "", "route_distance_km": 35.0695243590648, "distance_cost_sum": 38.596279476875054, "population_cost_sum": 23.651108783135093, "traffic_cost_sum": 17.839922019494136, "airspace_cost_sum": 33.8, "total_weighted_score": 24.7494386617491}, "geometry": {"type": "LineString", "coordinates": [[-90.15289905765549, 38.57128267769979], [-90.15845430205954, 38.57592253965332], [-90.16401026010618, 38.58056216167], [-90.16956693197352, 38.58520154361737], [-90.17512431783956, 38.5898406853631], [-90.18068241788241, 38.5944795867747], [-90.18624123228014, 38.59911824771971], [-90.19180076121087, 38.60375666806568], [-90.19736100485268, 38.60839484768009], [-90.20292196338367, 38.61303278643038], [-90.2084836369821, 38.617670484184025], [-90.21404602582597, 38.62230794080845], [-90.21960913009349, 38.62694515617101], [-90.22517294996291, 38.63158213013913], [-90.23073748561237, 38.63621886258013], [-90.23630273722006, 38.640855353361346], [-90.24186870496423, 38.645491602350084], [-90.24743538902311, 38.65012760941361], [-90.25300278957496, 38.654763374419176], [-90.25857090679797, 38.65939889723403], [-90.26413974087053, 38.66403417772537], [-90.26970929197084, 38.66866921576039], [-90.27527956027723, 38.67330401120623], [-90.28085054596801, 38.677938563930056], [-90.28642224922152, 38.68257287379895], [-90.29199467021606, 38.68720694068001], [-90.29756780913004, 38.69184076444029], [-90.3031416661418, 38.696474344946864], [-90.30888503852013, 38.69660675247757], [-90.31446001070607, 38.70123982903419], [-90.32003570136486, 38.70587266197814], [-90.32561211067481, 38.710505251176386], [-90.33118923881437, 38.715137596495865], [-90.3367670859619, 38.719769697803464], [-90.34234565229588, 38.724401554966114], [-90.34792493799469, 38.72903316785066], [-90.35350494323681, 38.73366453632395], [-90.35908566820065, 38.73829566025279], [-90.36466711306467, 38.742926539503976], [-90.37024927800739, 38.74755717394432]]}}, {"type": "Feature", "properties": {"route_run_id": "stl_st_louis_downtown_airport_to_st_louis_lambert_2026-01-12_0256", "route_pair": "st_louis_downtown_airport_to_st_louis_lambert", "route_pair_label": "St. Louis Downtown Airport to St. Louis Lambert", "origin_label": "St. Louis Downtown Airport", "destination_label": "St. Louis Lambert International Airport", "origin_lat": 38.5703611, "origin_lon": -90.1550833, "destination_lat": 38.7486982, "destination_lon": -90.3700257, "traffic_date": "2026-01-12", "traffic_dataset": "January 12th - Monday", "weight_id": "w_0256", "distance_weight": 0.6, "population_weight": 0.0, "traffic_weight": 0.3, "airspace_weight": 0.1, "path_nodes": 40, "path_node_ids": [2179, 2180, 2174, 2199, 2203, 2207, 2341, 2344, 2368, 2374, 2394, 2397, 2712, 2716, 2739, 2746, 2769, 2773, 3985, 3988, 3992, 3990, 4016, 4017, 4022, 4029, 4034, 4060, 4064, 5048, 5052, 5076, 5082, 5299, 5304, 5319, 5321, 5357, 5358, 5364], "elapsed_seconds": 0.005679500027326867, "status": "success", "failure_reason": "", "route_distance_km": 35.06925127294606, "distance_cost_sum": 38.59597892794111, "population_cost_sum": 25.05959051055676, "traffic_cost_sum": 17.839922019494136, "airspace_cost_sum": 33.4, "total_weighted_score": 31.849563962612905}, "geometry": {"type": "LineString", "coordinates": [[-90.15289905765549, 38.57128267769979], [-90.15845430205954, 38.57592253965332], [-90.16401026010618, 38.58056216167], [-90.16956693197352, 38.58520154361737], [-90.17512431783956, 38.5898406853631], [-90.18068241788241, 38.5944795867747], [-90.18624123228014, 38.59911824771971], [-90.19180076121087, 38.60375666806568], [-90.19736100485268, 38.60839484768009], [-90.20292196338367, 38.61303278643038], [-90.2084836369821, 38.617670484184025], [-90.21404602582597, 38.62230794080845], [-90.21960913009349, 38.62694515617101], [-90.22517294996291, 38.63158213013913], [-90.23073748561237, 38.63621886258013], [-90.23630273722006, 38.640855353361346], [-90.24186870496423, 38.645491602350084], [-90.24743538902311, 38.65012760941361], [-90.25300278957496, 38.654763374419176], [-90.25857090679797, 38.65939889723403], [-90.26413974087053, 38.66403417772537], [-90.26988033547711, 38.664168406596616], [-90.27545028334664, 38.66880318471887], [-90.28102094844074, 38.67343772015905], [-90.28659233093768, 38.67807201278429], [-90.29216443101578, 38.68270606246168], [-90.29773724885335, 38.68733986905835], [-90.30331078462868, 38.69197343244128], [-90.30888503852013, 38.69660675247757], [-90.31446001070607, 38.70123982903419], [-90.32003570136486, 38.70587266197814], [-90.32561211067481, 38.710505251176386], [-90.33118923881437, 38.715137596495865], [-90.3367670859619, 38.719769697803464], [-90.34234565229588, 38.724401554966114], [-90.34792493799469, 38.72903316785066], [-90.35350494323681, 38.73366453632395], [-90.35908566820065, 38.73829566025279], [-90.36466711306467, 38.742926539503976], [-90.37024927800739, 38.74755717394432]]}}, {"type": "Feature", "properties": {"route_run_id": "stl_st_louis_downtown_airport_to_st_louis_lambert_2026-01-12_0279", "route_pair": "st_louis_downtown_airport_to_st_louis_lambert", "route_pair_label": "St. Louis Downtown Airport to St. Louis Lambert", "origin_label": "St. Louis Downtown Airport", "destination_label": "St. Louis Lambert International Airport", "origin_lat": 38.5703611, "origin_lon": -90.1550833, "destination_lat": 38.7486982, "destination_lon": -90.3700257, "traffic_date": "2026-01-12", "traffic_dataset": "January 12th - Monday", "weight_id": "w_0279", "distance_weight": 0.8, "population_weight": 0.0, "traffic_weight": 0.1, "airspace_weight": 0.1, "path_nodes": 40, "path_node_ids": [2179, 2180, 2174, 2199, 2203, 2207, 2341, 2344, 2368, 2374, 2394, 2397, 2712, 2716, 2739, 2746, 2769, 2773, 3985, 3988, 3992, 3990, 4016, 4017, 4022, 4029, 4034, 4060, 4064, 5048, 5052, 5076, 5082, 5299, 5304, 5319, 5321, 5357, 5358, 5364], "elapsed_seconds": 0.004115799994906411, "status": "success", "failure_reason": "", "route_distance_km": 35.06925127294606, "distance_cost_sum": 38.59597892794111, "population_cost_sum": 25.05959051055676, "traffic_cost_sum": 17.839922019494136, "airspace_cost_sum": 33.4, "total_weighted_score": 36.00077534430231}, "geometry": {"type": "LineString", "coordinates": [[-90.15289905765549, 38.57128267769979], [-90.15845430205954, 38.57592253965332], [-90.16401026010618, 38.58056216167], [-90.16956693197352, 38.58520154361737], [-90.17512431783956, 38.5898406853631], [-90.18068241788241, 38.5944795867747], [-90.18624123228014, 38.59911824771971], [-90.19180076121087, 38.60375666806568], [-90.19736100485268, 38.60839484768009], [-90.20292196338367, 38.61303278643038], [-90.2084836369821, 38.617670484184025], [-90.21404602582597, 38.62230794080845], [-90.21960913009349, 38.62694515617101], [-90.22517294996291, 38.63158213013913], [-90.23073748561237, 38.63621886258013], [-90.23630273722006, 38.640855353361346], [-90.24186870496423, 38.645491602350084], [-90.24743538902311, 38.65012760941361], [-90.25300278957496, 38.654763374419176], [-90.25857090679797, 38.65939889723403], [-90.26413974087053, 38.66403417772537], [-90.26988033547711, 38.664168406596616], [-90.27545028334664, 38.66880318471887], [-90.28102094844074, 38.67343772015905], [-90.28659233093768, 38.67807201278429], [-90.29216443101578, 38.68270606246168], [-90.29773724885335, 38.68733986905835], [-90.30331078462868, 38.69197343244128], [-90.30888503852013, 38.69660675247757], [-90.31446001070607, 38.70123982903419], [-90.32003570136486, 38.70587266197814], [-90.32561211067481, 38.710505251176386], [-90.33118923881437, 38.715137596495865], [-90.3367670859619, 38.719769697803464], [-90.34234565229588, 38.724401554966114], [-90.34792493799469, 38.72903316785066], [-90.35350494323681, 38.73366453632395], [-90.35908566820065, 38.73829566025279], [-90.36466711306467, 38.742926539503976], [-90.37024927800739, 38.74755717394432]]}}, {"type": "Feature", "properties": {"route_run_id": "stl_st_louis_downtown_airport_to_st_louis_lambert_2026-01-12_0228", "route_pair": "st_louis_downtown_airport_to_st_louis_lambert", "route_pair_label": "St. Louis Downtown Airport to St. Louis Lambert", "origin_label": "St. Louis Downtown Airport", "destination_label": "St. Louis Lambert International Airport", "origin_lat": 38.5703611, "origin_lon": -90.1550833, "destination_lat": 38.7486982, "destination_lon": -90.3700257, "traffic_date": "2026-01-12", "traffic_dataset": "January 12th - Monday", "weight_id": "w_0228", "distance_weight": 0.4, "population_weight": 0.4, "traffic_weight": 0.2, "airspace_weight": 0.0, "path_nodes": 44, "path_node_ids": [2179, 2180, 2174, 2199, 2203, 2206, 2449, 2345, 2370, 2373, 2398, 2709, 2711, 2714, 2750, 2744, 2770, 2772, 2777, 3989, 3988, 3992, 3994, 4019, 4020, 4023, 4055, 4059, 4063, 4077, 4082, 4084, 5080, 5084, 5310, 5311, 5337, 5320, 5322, 5323, 5346, 5357, 5358, 5364], "elapsed_seconds": 0.010230199986835942, "status": "success", "failure_reason": "", "route_distance_km": 36.57207281055306, "distance_cost_sum": 40.24993121641444, "population_cost_sum": 16.402941041735232, "traffic_cost_sum": 23.43756424675925, "airspace_cost_sum": 37.4, "total_weighted_score": 27.34866175261172}, "geometry": {"type": "LineString", "coordinates": [[-90.15289905765549, 38.57128267769979], [-90.15845430205954, 38.57592253965332], [-90.16401026010618, 38.58056216167], [-90.16956693197352, 38.58520154361737], [-90.17512431783956, 38.5898406853631], [-90.17494781190939, 38.59434118977373], [-90.18050622974906, 38.59898010918833], [-90.18606536210271, 38.60361878809667], [-90.19162520914848, 38.60825722636621], [-90.19718577106451, 38.612895423864465], [-90.20274704802898, 38.61753338045887], [-90.2083090402201, 38.622171096016864], [-90.21387174781604, 38.62680857040582], [-90.21943517099498, 38.631445803493165], [-90.22499930993523, 38.636082795146216], [-90.23056416481495, 38.64071954523234], [-90.2361297358124, 38.64535605361884], [-90.24169602310592, 38.649992320172984], [-90.24726302687371, 38.65462834476206], [-90.25283074729404, 38.65926412725328], [-90.25857090679797, 38.65939889723403], [-90.26413974087053, 38.66403417772537], [-90.26970929197084, 38.66866921576039], [-90.27527956027723, 38.67330401120623], [-90.28085054596801, 38.677938563930056], [-90.28642224922152, 38.68257287379895], [-90.29199467021606, 38.68720694068001], [-90.29756780913004, 38.69184076444029], [-90.3031416661418, 38.696474344946864], [-90.30297250986867, 38.70097525335427], [-90.30280331580018, 38.70547615766316], [-90.30837853409372, 38.710109528957155], [-90.31395447116216, 38.71474265665128], [-90.31378588266769, 38.71924359100243], [-90.31936286061908, 38.72387649197406], [-90.32494055786266, 38.72850914903958], [-90.330518974577, 38.7331415620659], [-90.33626541075455, 38.733272728767844], [-90.3420118843105, 38.73340361338185], [-90.34775839516463, 38.73353421590239], [-90.35333872308522, 38.73816560113835], [-90.35908566820065, 38.73829566025279], [-90.36466711306467, 38.742926539503976], [-90.37024927800739, 38.74755717394432]]}}, {"type": "Feature", "properties": {"route_run_id": "stl_st_louis_downtown_airport_to_st_louis_lambert_2026-01-12_0053", "route_pair": "st_louis_downtown_airport_to_st_louis_lambert", "route_pair_label": "St. Louis Downtown Airport to St. Louis Lambert", "origin_label": "St. Louis Downtown Airport", "destination_label": "St. Louis Lambert International Airport", "origin_lat": 38.5703611, "origin_lon": -90.1550833, "destination_lat": 38.7486982, "destination_lon": -90.3700257, "traffic_date": "2026-01-12", "traffic_dataset": "January 12th - Monday", "weight_id": "w_0053", "distance_weight": 0.0, "population_weight": 0.6, "traffic_weight": 0.1, "airspace_weight": 0.3, "path_nodes": 54, "path_node_ids": [2179, 2182, 2192, 2418, 2422, 2425, 2427, 2453, 2455, 2478, 2481, 2485, 2808, 2811, 2813, 2817, 2858, 2862, 2864, 2795, 2796, 3899, 3902, 3914, 3948, 3950, 3966, 3981, 3978, 3976, 3941, 4043, 4066, 4067, 4068, 4185, 4187, 4188, 4076, 4075, 4082, 4084, 5080, 5084, 5310, 5311, 5337, 5320, 5322, 5323, 5346, 5357, 5358, 5364], "elapsed_seconds": 0.04539919999660924, "status": "success", "failure_reason": "", "route_distance_km": 44.039623781212235, "distance_cost_sum": 48.468453980521204, "population_cost_sum": 9.018797265828733, "traffic_cost_sum": 38.97489674774674, "airspace_cost_sum": 44.2, "total_weighted_score": 22.56876803427192}, "geometry": {"type": "LineString", "coordinates": [[-90.15289905765549, 38.57128267769979], [-90.14698830189188, 38.575643399377846], [-90.14107683252396, 38.580003791744], [-90.14663191796852, 38.58464420615243], [-90.15218771733517, 38.589284380730234], [-90.15774423080212, 38.593924315345014], [-90.16330145854758, 38.59856400986431], [-90.16885940074975, 38.60320346415569], [-90.17441805758689, 38.60784267808668], [-90.174241393937, 38.61234316588366], [-90.17980108366437, 38.616982157334434], [-90.1796246987078, 38.62148265899229], [-90.179448274358, 38.625983156498016], [-90.17353434470424, 38.6303450755264], [-90.16761969944088, 38.63470666506797], [-90.16744244100559, 38.63920710570964], [-90.17300364314747, 38.64384646412727], [-90.17282666359999, 38.64834691868183], [-90.17838890046788, 38.65298605432084], [-90.18395185376184, 38.657624948976824], [-90.18951552366053, 38.66226360251709], [-90.1950799103427, 38.666902014808954], [-90.200645013987, 38.67154018571967], [-90.20621083477218, 38.67617811511645], [-90.21177737287698, 38.68081580286656], [-90.21734462848015, 38.68545324883716], [-90.2229126017605, 38.690090452895454], [-90.22848129289677, 38.69472741490856], [-90.23422416781283, 38.694863484025944], [-90.24014014948251, 38.69049859495047], [-90.24605541323987, 38.68613337677085], [-90.2517976862147, 38.68626855773688], [-90.25736804511756, 38.69090420272148], [-90.26311075393669, 38.69103884211091], [-90.26868222818311, 38.695673984376505], [-90.27425442059507, 38.700308883813186], [-90.27999796237877, 38.700442721166475], [-90.28557127047641, 38.70507711728869], [-90.29148516021279, 38.700709550716724], [-90.297228816103, 38.700842542902386], [-90.30280331580018, 38.70547615766316], [-90.30837853409372, 38.710109528957155], [-90.31395447116216, 38.71474265665128], [-90.31378588266769, 38.71924359100243], [-90.31936286061908, 38.72387649197406], [-90.32494055786266, 38.72850914903958], [-90.330518974577, 38.7331415620659], [-90.33626541075455, 38.733272728767844], [-90.3420118843105, 38.73340361338185], [-90.34775839516463, 38.73353421590239], [-90.35333872308522, 38.73816560113835], [-90.35908566820065, 38.73829566025279], [-90.36466711306467, 38.742926539503976], [-90.37024927800739, 38.74755717394432]]}}, {"type": "Feature", "properties": {"route_run_id": "stl_st_louis_downtown_airport_to_st_louis_lambert_2026-01-12_0125", "route_pair": "st_louis_downtown_airport_to_st_louis_lambert", "route_pair_label": "St. Louis Downtown Airport to St. Louis Lambert", "origin_label": "St. Louis Downtown Airport", "destination_label": "St. Louis Lambert International Airport", "origin_lat": 38.5703611, "origin_lon": -90.1550833, "destination_lat": 38.7486982, "destination_lon": -90.3700257, "traffic_date": "2026-01-12", "traffic_dataset": "January 12th - Monday", "weight_id": "w_0125", "distance_weight": 0.2, "population_weight": 0.0, "traffic_weight": 0.3, "airspace_weight": 0.5, "path_nodes": 40, "path_node_ids": [2179, 2180, 2174, 2199, 2203, 2207, 2341, 2344, 2368, 2374, 2394, 2397, 2712, 2716, 2739, 2746, 2769, 2773, 3985, 3988, 3992, 3990, 4016, 4017, 4022, 4029, 4034, 4060, 4064, 5048, 5052, 5076, 5082, 5299, 5304, 5319, 5321, 5357, 5358, 5364], "elapsed_seconds": 0.0357337000023108, "status": "success", "failure_reason": "", "route_distance_km": 35.06925127294606, "distance_cost_sum": 38.59597892794111, "population_cost_sum": 25.05959051055676, "traffic_cost_sum": 17.839922019494136, "airspace_cost_sum": 33.4, "total_weighted_score": 29.771172391436465}, "geometry": {"type": "LineString", "coordinates": [[-90.15289905765549, 38.57128267769979], [-90.15845430205954, 38.57592253965332], [-90.16401026010618, 38.58056216167], [-90.16956693197352, 38.58520154361737], [-90.17512431783956, 38.5898406853631], [-90.18068241788241, 38.5944795867747], [-90.18624123228014, 38.59911824771971], [-90.19180076121087, 38.60375666806568], [-90.19736100485268, 38.60839484768009], [-90.20292196338367, 38.61303278643038], [-90.2084836369821, 38.617670484184025], [-90.21404602582597, 38.62230794080845], [-90.21960913009349, 38.62694515617101], [-90.22517294996291, 38.63158213013913], [-90.23073748561237, 38.63621886258013], [-90.23630273722006, 38.640855353361346], [-90.24186870496423, 38.645491602350084], [-90.24743538902311, 38.65012760941361], [-90.25300278957496, 38.654763374419176], [-90.25857090679797, 38.65939889723403], [-90.26413974087053, 38.66403417772537], [-90.26988033547711, 38.664168406596616], [-90.27545028334664, 38.66880318471887], [-90.28102094844074, 38.67343772015905], [-90.28659233093768, 38.67807201278429], [-90.29216443101578, 38.68270606246168], [-90.29773724885335, 38.68733986905835], [-90.30331078462868, 38.69197343244128], [-90.30888503852013, 38.69660675247757], [-90.31446001070607, 38.70123982903419], [-90.32003570136486, 38.70587266197814], [-90.32561211067481, 38.710505251176386], [-90.33118923881437, 38.715137596495865], [-90.3367670859619, 38.719769697803464], [-90.34234565229588, 38.724401554966114], [-90.34792493799469, 38.72903316785066], [-90.35350494323681, 38.73366453632395], [-90.35908566820065, 38.73829566025279], [-90.36466711306467, 38.742926539503976], [-90.37024927800739, 38.74755717394432]]}}, {"type": "Feature", "properties": {"route_run_id": "stl_st_louis_downtown_airport_to_st_louis_lambert_2026-01-12_0145", "route_pair": "st_louis_downtown_airport_to_st_louis_lambert", "route_pair_label": "St. Louis Downtown Airport to St. Louis Lambert", "origin_label": "St. Louis Downtown Airport", "destination_label": "St. Louis Lambert International Airport", "origin_lat": 38.5703611, "origin_lon": -90.1550833, "destination_lat": 38.7486982, "destination_lon": -90.3700257, "traffic_date": "2026-01-12", "traffic_dataset": "January 12th - Monday", "weight_id": "w_0145", "distance_weight": 0.2, "population_weight": 0.2, "traffic_weight": 0.6, "airspace_weight": 0.0, "path_nodes": 44, "path_node_ids": [2179, 2147, 2157, 2170, 2175, 2201, 2313, 2316, 2342, 2347, 2366, 2389, 2392, 2396, 2720, 2721, 2726, 2740, 2678, 2680, 2682, 2685, 3986, 2706, 2705, 2707, 4004, 4027, 4030, 4034, 4059, 4063, 4064, 5048, 5052, 5076, 5082, 5299, 5304, 5319, 5321, 5357, 5358, 5364], "elapsed_seconds": 0.019726900005480275, "status": "success", "failure_reason": "", "route_distance_km": 36.56815120628127, "distance_cost_sum": 40.24561523730615, "population_cost_sum": 24.55476885031122, "traffic_cost_sum": 16.372100155959416, "airspace_cost_sum": 37.00000000000001, "total_weighted_score": 22.783336911099124}, "geometry": {"type": "LineString", "coordinates": [[-90.15289905765549, 38.57128267769979], [-90.15863172081019, 38.571422085329914], [-90.16436442357126, 38.57156121262679], [-90.16992046069078, 38.5762005584167], [-90.17547721149117, 38.58083966408426], [-90.1810346761504, 38.585478529497074], [-90.18659285484642, 38.5901171545227], [-90.19215174775724, 38.5947555390287], [-90.19771135506093, 38.5993936828826], [-90.2032716769355, 38.60403158595187], [-90.208832713559, 38.60866924810401], [-90.21439446510948, 38.61330666920645], [-90.21995693176504, 38.61794384912666], [-90.22552011370372, 38.622580787732026], [-90.23125721581627, 38.622716789852504], [-90.23682150967697, 38.62735322783211], [-90.24238651919569, 38.63198942413879], [-90.24795224455062, 38.63662537863984], [-90.2535186859198, 38.64126109120261], [-90.25908584348143, 38.64589656169434], [-90.25891423625677, 38.65039734432395], [-90.26448243016516, 38.6550325900107], [-90.27005134078189, 38.65966759332096], [-90.27562096828521, 38.66430235412195], [-90.28136163921492, 38.66443602029574], [-90.28693238041095, 38.66907027844067], [-90.29250383886837, 38.67370429371775], [-90.29807601476547, 38.67833806599408], [-90.29790665072878, 38.68283896957616], [-90.29773724885335, 38.68733986905835], [-90.29756780913004, 38.69184076444029], [-90.3031416661418, 38.696474344946864], [-90.30888503852013, 38.69660675247757], [-90.31446001070607, 38.70123982903419], [-90.32003570136486, 38.70587266197814], [-90.32561211067481, 38.710505251176386], [-90.33118923881437, 38.715137596495865], [-90.3367670859619, 38.719769697803464], [-90.34234565229588, 38.724401554966114], [-90.34792493799469, 38.72903316785066], [-90.35350494323681, 38.73366453632395], [-90.35908566820065, 38.73829566025279], [-90.36466711306467, 38.742926539503976], [-90.37024927800739, 38.74755717394432]]}}, {"type": "Feature", "properties": {"route_run_id": "stl_st_louis_downtown_airport_to_st_louis_lambert_2026-01-12_0069", "route_pair": "st_louis_downtown_airport_to_st_louis_lambert", "route_pair_label": "St. Louis Downtown Airport to St. Louis Lambert", "origin_label": "St. Louis Downtown Airport", "destination_label": "St. Louis Lambert International Airport", "origin_lat": 38.5703611, "origin_lon": -90.1550833, "destination_lat": 38.7486982, "destination_lon": -90.3700257, "traffic_date": "2026-01-12", "traffic_dataset": "January 12th - Monday", "weight_id": "w_0069", "distance_weight": 0.1, "population_weight": 0.0, "traffic_weight": 0.2, "airspace_weight": 0.7, "path_nodes": 40, "path_node_ids": [2179, 2180, 2174, 2199, 2203, 2207, 2341, 2344, 2368, 2374, 2394, 2397, 2712, 2716, 2739, 2746, 2769, 2773, 3985, 3988, 3992, 3990, 4016, 4017, 4022, 4029, 4034, 4060, 4064, 5048, 5052, 5076, 5082, 5299, 5304, 5319, 5321, 5357, 5358, 5364], "elapsed_seconds": 0.05384470001445152, "status": "success", "failure_reason": "", "route_distance_km": 35.06925127294606, "distance_cost_sum": 38.59597892794111, "population_cost_sum": 25.05959051055676, "traffic_cost_sum": 17.839922019494136, "airspace_cost_sum": 33.4, "total_weighted_score": 30.807582296692942}, "geometry": {"type": "LineString", "coordinates": [[-90.15289905765549, 38.57128267769979], [-90.15845430205954, 38.57592253965332], [-90.16401026010618, 38.58056216167], [-90.16956693197352, 38.58520154361737], [-90.17512431783956, 38.5898406853631], [-90.18068241788241, 38.5944795867747], [-90.18624123228014, 38.59911824771971], [-90.19180076121087, 38.60375666806568], [-90.19736100485268, 38.60839484768009], [-90.20292196338367, 38.61303278643038], [-90.2084836369821, 38.617670484184025], [-90.21404602582597, 38.62230794080845], [-90.21960913009349, 38.62694515617101], [-90.22517294996291, 38.63158213013913], [-90.23073748561237, 38.63621886258013], [-90.23630273722006, 38.640855353361346], [-90.24186870496423, 38.645491602350084], [-90.24743538902311, 38.65012760941361], [-90.25300278957496, 38.654763374419176], [-90.25857090679797, 38.65939889723403], [-90.26413974087053, 38.66403417772537], [-90.26988033547711, 38.664168406596616], [-90.27545028334664, 38.66880318471887], [-90.28102094844074, 38.67343772015905], [-90.28659233093768, 38.67807201278429], [-90.29216443101578, 38.68270606246168], [-90.29773724885335, 38.68733986905835], [-90.30331078462868, 38.69197343244128], [-90.30888503852013, 38.69660675247757], [-90.31446001070607, 38.70123982903419], [-90.32003570136486, 38.70587266197814], [-90.32561211067481, 38.710505251176386], [-90.33118923881437, 38.715137596495865], [-90.3367670859619, 38.719769697803464], [-90.34234565229588, 38.724401554966114], [-90.34792493799469, 38.72903316785066], [-90.35350494323681, 38.73366453632395], [-90.35908566820065, 38.73829566025279], [-90.36466711306467, 38.742926539503976], [-90.37024927800739, 38.74755717394432]]}}, {"type": "Feature", "properties": {"route_run_id": "stl_st_louis_downtown_airport_to_st_louis_lambert_2026-01-12_0154", "route_pair": "st_louis_downtown_airport_to_st_louis_lambert", "route_pair_label": "St. Louis Downtown Airport to St. Louis Lambert", "origin_label": "St. Louis Downtown Airport", "destination_label": "St. Louis Lambert International Airport", "origin_lat": 38.5703611, "origin_lon": -90.1550833, "destination_lat": 38.7486982, "destination_lon": -90.3700257, "traffic_date": "2026-01-12", "traffic_dataset": "January 12th - Monday", "weight_id": "w_0154", "distance_weight": 0.2, "population_weight": 0.4, "traffic_weight": 0.2, "airspace_weight": 0.2, "path_nodes": 44, "path_node_ids": [2179, 2180, 2174, 2199, 2203, 2206, 2449, 2345, 2370, 2373, 2398, 2709, 2711, 2714, 2750, 2744, 2770, 2772, 2777, 3989, 3988, 3992, 3994, 4019, 4020, 4023, 4055, 4059, 4063, 4077, 4082, 4084, 5080, 5084, 5310, 5311, 5337, 5320, 5322, 5323, 5346, 5357, 5358, 5364], "elapsed_seconds": 0.02804549998836592, "status": "success", "failure_reason": "", "route_distance_km": 36.57207281055306, "distance_cost_sum": 40.24993121641444, "population_cost_sum": 16.402941041735232, "traffic_cost_sum": 23.43756424675925, "airspace_cost_sum": 37.4, "total_weighted_score": 26.77867550932883}, "geometry": {"type": "LineString", "coordinates": [[-90.15289905765549, 38.57128267769979], [-90.15845430205954, 38.57592253965332], [-90.16401026010618, 38.58056216167], [-90.16956693197352, 38.58520154361737], [-90.17512431783956, 38.5898406853631], [-90.17494781190939, 38.59434118977373], [-90.18050622974906, 38.59898010918833], [-90.18606536210271, 38.60361878809667], [-90.19162520914848, 38.60825722636621], [-90.19718577106451, 38.612895423864465], [-90.20274704802898, 38.61753338045887], [-90.2083090402201, 38.622171096016864], [-90.21387174781604, 38.62680857040582], [-90.21943517099498, 38.631445803493165], [-90.22499930993523, 38.636082795146216], [-90.23056416481495, 38.64071954523234], [-90.2361297358124, 38.64535605361884], [-90.24169602310592, 38.649992320172984], [-90.24726302687371, 38.65462834476206], [-90.25283074729404, 38.65926412725328], [-90.25857090679797, 38.65939889723403], [-90.26413974087053, 38.66403417772537], [-90.26970929197084, 38.66866921576039], [-90.27527956027723, 38.67330401120623], [-90.28085054596801, 38.677938563930056], [-90.28642224922152, 38.68257287379895], [-90.29199467021606, 38.68720694068001], [-90.29756780913004, 38.69184076444029], [-90.3031416661418, 38.696474344946864], [-90.30297250986867, 38.70097525335427], [-90.30280331580018, 38.70547615766316], [-90.30837853409372, 38.710109528957155], [-90.31395447116216, 38.71474265665128], [-90.31378588266769, 38.71924359100243], [-90.31936286061908, 38.72387649197406], [-90.32494055786266, 38.72850914903958], [-90.330518974577, 38.7331415620659], [-90.33626541075455, 38.733272728767844], [-90.3420118843105, 38.73340361338185], [-90.34775839516463, 38.73353421590239], [-90.35333872308522, 38.73816560113835], [-90.35908566820065, 38.73829566025279], [-90.36466711306467, 38.742926539503976], [-90.37024927800739, 38.74755717394432]]}}, {"type": "Feature", "properties": {"route_run_id": "stl_st_louis_downtown_airport_to_st_louis_lambert_2026-01-12_0185", "route_pair": "st_louis_downtown_airport_to_st_louis_lambert", "route_pair_label": "St. Louis Downtown Airport to St. Louis Lambert", "origin_label": "St. Louis Downtown Airport", "destination_label": "St. Louis Lambert International Airport", "origin_lat": 38.5703611, "origin_lon": -90.1550833, "destination_lat": 38.7486982, "destination_lon": -90.3700257, "traffic_date": "2026-01-12", "traffic_dataset": "January 12th - Monday", "weight_id": "w_0185", "distance_weight": 0.3, "population_weight": 0.2, "traffic_weight": 0.2, "airspace_weight": 0.3, "path_nodes": 40, "path_node_ids": [2179, 2180, 2174, 2199, 2203, 2207, 2341, 2344, 2368, 2374, 2394, 2397, 2712, 2716, 2739, 2746, 2769, 2773, 3985, 3988, 3992, 3994, 4019, 4020, 4023, 4055, 4059, 4063, 4064, 5048, 5052, 5076, 5082, 5299, 5304, 5319, 5321, 5357, 5358, 5364], "elapsed_seconds": 0.019147199986036867, "status": "success", "failure_reason": "", "route_distance_km": 35.0695243590648, "distance_cost_sum": 38.596279476875054, "population_cost_sum": 23.651108783135093, "traffic_cost_sum": 17.839922019494136, "airspace_cost_sum": 33.8, "total_weighted_score": 30.017090003588358}, "geometry": {"type": "LineString", "coordinates": [[-90.15289905765549, 38.57128267769979], [-90.15845430205954, 38.57592253965332], [-90.16401026010618, 38.58056216167], [-90.16956693197352, 38.58520154361737], [-90.17512431783956, 38.5898406853631], [-90.18068241788241, 38.5944795867747], [-90.18624123228014, 38.59911824771971], [-90.19180076121087, 38.60375666806568], [-90.19736100485268, 38.60839484768009], [-90.20292196338367, 38.61303278643038], [-90.2084836369821, 38.617670484184025], [-90.21404602582597, 38.62230794080845], [-90.21960913009349, 38.62694515617101], [-90.22517294996291, 38.63158213013913], [-90.23073748561237, 38.63621886258013], [-90.23630273722006, 38.640855353361346], [-90.24186870496423, 38.645491602350084], [-90.24743538902311, 38.65012760941361], [-90.25300278957496, 38.654763374419176], [-90.25857090679797, 38.65939889723403], [-90.26413974087053, 38.66403417772537], [-90.26970929197084, 38.66866921576039], [-90.27527956027723, 38.67330401120623], [-90.28085054596801, 38.677938563930056], [-90.28642224922152, 38.68257287379895], [-90.29199467021606, 38.68720694068001], [-90.29756780913004, 38.69184076444029], [-90.3031416661418, 38.696474344946864], [-90.30888503852013, 38.69660675247757], [-90.31446001070607, 38.70123982903419], [-90.32003570136486, 38.70587266197814], [-90.32561211067481, 38.710505251176386], [-90.33118923881437, 38.715137596495865], [-90.3367670859619, 38.719769697803464], [-90.34234565229588, 38.724401554966114], [-90.34792493799469, 38.72903316785066], [-90.35350494323681, 38.73366453632395], [-90.35908566820065, 38.73829566025279], [-90.36466711306467, 38.742926539503976], [-90.37024927800739, 38.74755717394432]]}}, {"type": "Feature", "properties": {"route_run_id": "stl_st_louis_downtown_airport_to_st_louis_lambert_2026-01-12_0269", "route_pair": "st_louis_downtown_airport_to_st_louis_lambert", "route_pair_label": "St. Louis Downtown Airport to St. Louis Lambert", "origin_label": "St. Louis Downtown Airport", "destination_label": "St. Louis Lambert International Airport", "origin_lat": 38.5703611, "origin_lon": -90.1550833, "destination_lat": 38.7486982, "destination_lon": -90.3700257, "traffic_date": "2026-01-12", "traffic_dataset": "January 12th - Monday", "weight_id": "w_0269", "distance_weight": 0.7, "population_weight": 0.0, "traffic_weight": 0.1, "airspace_weight": 0.2, "path_nodes": 40, "path_node_ids": [2179, 2180, 2174, 2199, 2203, 2207, 2341, 2344, 2368, 2374, 2394, 2397, 2712, 2716, 2739, 2746, 2769, 2773, 3985, 3988, 3992, 3990, 4016, 4017, 4022, 4029, 4034, 4060, 4064, 5048, 5052, 5076, 5082, 5299, 5304, 5319, 5321, 5357, 5358, 5364], "elapsed_seconds": 0.005542400002013892, "status": "success", "failure_reason": "", "route_distance_km": 35.06925127294606, "distance_cost_sum": 38.59597892794111, "population_cost_sum": 25.05959051055676, "traffic_cost_sum": 17.839922019494136, "airspace_cost_sum": 33.4, "total_weighted_score": 35.48117745150819}, "geometry": {"type": "LineString", "coordinates": [[-90.15289905765549, 38.57128267769979], [-90.15845430205954, 38.57592253965332], [-90.16401026010618, 38.58056216167], [-90.16956693197352, 38.58520154361737], [-90.17512431783956, 38.5898406853631], [-90.18068241788241, 38.5944795867747], [-90.18624123228014, 38.59911824771971], [-90.19180076121087, 38.60375666806568], [-90.19736100485268, 38.60839484768009], [-90.20292196338367, 38.61303278643038], [-90.2084836369821, 38.617670484184025], [-90.21404602582597, 38.62230794080845], [-90.21960913009349, 38.62694515617101], [-90.22517294996291, 38.63158213013913], [-90.23073748561237, 38.63621886258013], [-90.23630273722006, 38.640855353361346], [-90.24186870496423, 38.645491602350084], [-90.24743538902311, 38.65012760941361], [-90.25300278957496, 38.654763374419176], [-90.25857090679797, 38.65939889723403], [-90.26413974087053, 38.66403417772537], [-90.26988033547711, 38.664168406596616], [-90.27545028334664, 38.66880318471887], [-90.28102094844074, 38.67343772015905], [-90.28659233093768, 38.67807201278429], [-90.29216443101578, 38.68270606246168], [-90.29773724885335, 38.68733986905835], [-90.30331078462868, 38.69197343244128], [-90.30888503852013, 38.69660675247757], [-90.31446001070607, 38.70123982903419], [-90.32003570136486, 38.70587266197814], [-90.32561211067481, 38.710505251176386], [-90.33118923881437, 38.715137596495865], [-90.3367670859619, 38.719769697803464], [-90.34234565229588, 38.724401554966114], [-90.34792493799469, 38.72903316785066], [-90.35350494323681, 38.73366453632395], [-90.35908566820065, 38.73829566025279], [-90.36466711306467, 38.742926539503976], [-90.37024927800739, 38.74755717394432]]}}, {"type": "Feature", "properties": {"route_run_id": "stl_st_louis_downtown_airport_to_st_louis_lambert_2026-01-12_0110", "route_pair": "st_louis_downtown_airport_to_st_louis_lambert", "route_pair_label": "St. Louis Downtown Airport to St. Louis Lambert", "origin_label": "St. Louis Downtown Airport", "destination_label": "St. Louis Lambert International Airport", "origin_lat": 38.5703611, "origin_lon": -90.1550833, "destination_lat": 38.7486982, "destination_lon": -90.3700257, "traffic_date": "2026-01-12", "traffic_dataset": "January 12th - Monday", "weight_id": "w_0110", "distance_weight": 0.1, "population_weight": 0.5, "traffic_weight": 0.3, "airspace_weight": 0.1, "path_nodes": 44, "path_node_ids": [2179, 2180, 2174, 2199, 2203, 2206, 2449, 2345, 2370, 2373, 2398, 2709, 2711, 2714, 2750, 2744, 2770, 2772, 2777, 3989, 3988, 3992, 3994, 4019, 4020, 4023, 4055, 4059, 4063, 4077, 4082, 4084, 5080, 5084, 5310, 5311, 5337, 5320, 5322, 5323, 5346, 5357, 5358, 5364], "elapsed_seconds": 0.0492888999870047, "status": "success", "failure_reason": "", "route_distance_km": 36.57207281055306, "distance_cost_sum": 40.24993121641444, "population_cost_sum": 16.402941041735232, "traffic_cost_sum": 23.43756424675925, "airspace_cost_sum": 37.4, "total_weighted_score": 22.997732916536837}, "geometry": {"type": "LineString", "coordinates": [[-90.15289905765549, 38.57128267769979], [-90.15845430205954, 38.57592253965332], [-90.16401026010618, 38.58056216167], [-90.16956693197352, 38.58520154361737], [-90.17512431783956, 38.5898406853631], [-90.17494781190939, 38.59434118977373], [-90.18050622974906, 38.59898010918833], [-90.18606536210271, 38.60361878809667], [-90.19162520914848, 38.60825722636621], [-90.19718577106451, 38.612895423864465], [-90.20274704802898, 38.61753338045887], [-90.2083090402201, 38.622171096016864], [-90.21387174781604, 38.62680857040582], [-90.21943517099498, 38.631445803493165], [-90.22499930993523, 38.636082795146216], [-90.23056416481495, 38.64071954523234], [-90.2361297358124, 38.64535605361884], [-90.24169602310592, 38.649992320172984], [-90.24726302687371, 38.65462834476206], [-90.25283074729404, 38.65926412725328], [-90.25857090679797, 38.65939889723403], [-90.26413974087053, 38.66403417772537], [-90.26970929197084, 38.66866921576039], [-90.27527956027723, 38.67330401120623], [-90.28085054596801, 38.677938563930056], [-90.28642224922152, 38.68257287379895], [-90.29199467021606, 38.68720694068001], [-90.29756780913004, 38.69184076444029], [-90.3031416661418, 38.696474344946864], [-90.30297250986867, 38.70097525335427], [-90.30280331580018, 38.70547615766316], [-90.30837853409372, 38.710109528957155], [-90.31395447116216, 38.71474265665128], [-90.31378588266769, 38.71924359100243], [-90.31936286061908, 38.72387649197406], [-90.32494055786266, 38.72850914903958], [-90.330518974577, 38.7331415620659], [-90.33626541075455, 38.733272728767844], [-90.3420118843105, 38.73340361338185], [-90.34775839516463, 38.73353421590239], [-90.35333872308522, 38.73816560113835], [-90.35908566820065, 38.73829566025279], [-90.36466711306467, 38.742926539503976], [-90.37024927800739, 38.74755717394432]]}}, {"type": "Feature", "properties": {"route_run_id": "stl_st_louis_downtown_airport_to_st_louis_lambert_2026-01-12_0282", "route_pair": "st_louis_downtown_airport_to_st_louis_lambert", "route_pair_label": "St. Louis Downtown Airport to St. Louis Lambert", "origin_label": "St. Louis Downtown Airport", "destination_label": "St. Louis Lambert International Airport", "origin_lat": 38.5703611, "origin_lon": -90.1550833, "destination_lat": 38.7486982, "destination_lon": -90.3700257, "traffic_date": "2026-01-12", "traffic_dataset": "January 12th - Monday", "weight_id": "w_0282", "distance_weight": 0.8, "population_weight": 0.1, "traffic_weight": 0.1, "airspace_weight": 0.0, "path_nodes": 40, "path_node_ids": [2179, 2180, 2174, 2199, 2203, 2207, 2341, 2344, 2368, 2374, 2394, 2397, 2712, 2716, 2739, 2746, 2769, 2773, 3985, 3988, 3992, 3994, 4019, 4020, 4023, 4055, 4059, 4063, 4064, 5048, 5052, 5076, 5082, 5299, 5304, 5319, 5321, 5357, 5358, 5364], "elapsed_seconds": 0.00405069999396801, "status": "success", "failure_reason": "", "route_distance_km": 35.0695243590648, "distance_cost_sum": 38.596279476875054, "population_cost_sum": 23.651108783135093, "traffic_cost_sum": 17.839922019494136, "airspace_cost_sum": 33.8, "total_weighted_score": 35.02612666176297}, "geometry": {"type": "LineString", "coordinates": [[-90.15289905765549, 38.57128267769979], [-90.15845430205954, 38.57592253965332], [-90.16401026010618, 38.58056216167], [-90.16956693197352, 38.58520154361737], [-90.17512431783956, 38.5898406853631], [-90.18068241788241, 38.5944795867747], [-90.18624123228014, 38.59911824771971], [-90.19180076121087, 38.60375666806568], [-90.19736100485268, 38.60839484768009], [-90.20292196338367, 38.61303278643038], [-90.2084836369821, 38.617670484184025], [-90.21404602582597, 38.62230794080845], [-90.21960913009349, 38.62694515617101], [-90.22517294996291, 38.63158213013913], [-90.23073748561237, 38.63621886258013], [-90.23630273722006, 38.640855353361346], [-90.24186870496423, 38.645491602350084], [-90.24743538902311, 38.65012760941361], [-90.25300278957496, 38.654763374419176], [-90.25857090679797, 38.65939889723403], [-90.26413974087053, 38.66403417772537], [-90.26970929197084, 38.66866921576039], [-90.27527956027723, 38.67330401120623], [-90.28085054596801, 38.677938563930056], [-90.28642224922152, 38.68257287379895], [-90.29199467021606, 38.68720694068001], [-90.29756780913004, 38.69184076444029], [-90.3031416661418, 38.696474344946864], [-90.30888503852013, 38.69660675247757], [-90.31446001070607, 38.70123982903419], [-90.32003570136486, 38.70587266197814], [-90.32561211067481, 38.710505251176386], [-90.33118923881437, 38.715137596495865], [-90.3367670859619, 38.719769697803464], [-90.34234565229588, 38.724401554966114], [-90.34792493799469, 38.72903316785066], [-90.35350494323681, 38.73366453632395], [-90.35908566820065, 38.73829566025279], [-90.36466711306467, 38.742926539503976], [-90.37024927800739, 38.74755717394432]]}}, {"type": "Feature", "properties": {"route_run_id": "stl_st_louis_downtown_airport_to_st_louis_lambert_2026-01-12_0143", "route_pair": "st_louis_downtown_airport_to_st_louis_lambert", "route_pair_label": "St. Louis Downtown Airport to St. Louis Lambert", "origin_label": "St. Louis Downtown Airport", "destination_label": "St. Louis Lambert International Airport", "origin_lat": 38.5703611, "origin_lon": -90.1550833, "destination_lat": 38.7486982, "destination_lon": -90.3700257, "traffic_date": "2026-01-12", "traffic_dataset": "January 12th - Monday", "weight_id": "w_0143", "distance_weight": 0.2, "population_weight": 0.2, "traffic_weight": 0.4, "airspace_weight": 0.2, "path_nodes": 40, "path_node_ids": [2179, 2180, 2174, 2199, 2203, 2207, 2341, 2344, 2368, 2374, 2394, 2397, 2712, 2716, 2739, 2746, 2769, 2773, 3985, 3988, 3992, 3994, 4019, 4020, 4023, 4055, 4059, 4063, 4064, 5048, 5052, 5076, 5082, 5299, 5304, 5319, 5321, 5357, 5358, 5364], "elapsed_seconds": 0.024636699992697686, "status": "success", "failure_reason": "", "route_distance_km": 35.0695243590648, "distance_cost_sum": 38.596279476875054, "population_cost_sum": 23.651108783135093, "traffic_cost_sum": 17.839922019494136, "airspace_cost_sum": 33.8, "total_weighted_score": 26.345446459799682}, "geometry": {"type": "LineString", "coordinates": [[-90.15289905765549, 38.57128267769979], [-90.15845430205954, 38.57592253965332], [-90.16401026010618, 38.58056216167], [-90.16956693197352, 38.58520154361737], [-90.17512431783956, 38.5898406853631], [-90.18068241788241, 38.5944795867747], [-90.18624123228014, 38.59911824771971], [-90.19180076121087, 38.60375666806568], [-90.19736100485268, 38.60839484768009], [-90.20292196338367, 38.61303278643038], [-90.2084836369821, 38.617670484184025], [-90.21404602582597, 38.62230794080845], [-90.21960913009349, 38.62694515617101], [-90.22517294996291, 38.63158213013913], [-90.23073748561237, 38.63621886258013], [-90.23630273722006, 38.640855353361346], [-90.24186870496423, 38.645491602350084], [-90.24743538902311, 38.65012760941361], [-90.25300278957496, 38.654763374419176], [-90.25857090679797, 38.65939889723403], [-90.26413974087053, 38.66403417772537], [-90.26970929197084, 38.66866921576039], [-90.27527956027723, 38.67330401120623], [-90.28085054596801, 38.677938563930056], [-90.28642224922152, 38.68257287379895], [-90.29199467021606, 38.68720694068001], [-90.29756780913004, 38.69184076444029], [-90.3031416661418, 38.696474344946864], [-90.30888503852013, 38.69660675247757], [-90.31446001070607, 38.70123982903419], [-90.32003570136486, 38.70587266197814], [-90.32561211067481, 38.710505251176386], [-90.33118923881437, 38.715137596495865], [-90.3367670859619, 38.719769697803464], [-90.34234565229588, 38.724401554966114], [-90.34792493799469, 38.72903316785066], [-90.35350494323681, 38.73366453632395], [-90.35908566820065, 38.73829566025279], [-90.36466711306467, 38.742926539503976], [-90.37024927800739, 38.74755717394432]]}}, {"type": "Feature", "properties": {"route_run_id": "stl_st_louis_downtown_airport_to_st_louis_lambert_2026-01-12_0132", "route_pair": "st_louis_downtown_airport_to_st_louis_lambert", "route_pair_label": "St. Louis Downtown Airport to St. Louis Lambert", "origin_label": "St. Louis Downtown Airport", "destination_label": "St. Louis Lambert International Airport", "origin_lat": 38.5703611, "origin_lon": -90.1550833, "destination_lat": 38.7486982, "destination_lon": -90.3700257, "traffic_date": "2026-01-12", "traffic_dataset": "January 12th - Monday", "weight_id": "w_0132", "distance_weight": 0.2, "population_weight": 0.1, "traffic_weight": 0.1, "airspace_weight": 0.6, "path_nodes": 40, "path_node_ids": [2179, 2180, 2174, 2199, 2203, 2207, 2341, 2344, 2368, 2374, 2394, 2397, 2712, 2716, 2739, 2746, 2769, 2773, 3985, 3988, 3992, 3994, 4019, 4017, 4022, 4029, 4034, 4060, 4064, 5048, 5052, 5076, 5082, 5299, 5304, 5319, 5321, 5357, 5358, 5364], "elapsed_seconds": 0.04074589998344891, "status": "success", "failure_reason": "", "route_distance_km": 35.06932923764436, "distance_cost_sum": 38.59606473313351, "population_cost_sum": 24.787572976016946, "traffic_cost_sum": 17.839922019494136, "airspace_cost_sum": 33.4, "total_weighted_score": 32.02196244617781}, "geometry": {"type": "LineString", "coordinates": [[-90.15289905765549, 38.57128267769979], [-90.15845430205954, 38.57592253965332], [-90.16401026010618, 38.58056216167], [-90.16956693197352, 38.58520154361737], [-90.17512431783956, 38.5898406853631], [-90.18068241788241, 38.5944795867747], [-90.18624123228014, 38.59911824771971], [-90.19180076121087, 38.60375666806568], [-90.19736100485268, 38.60839484768009], [-90.20292196338367, 38.61303278643038], [-90.2084836369821, 38.617670484184025], [-90.21404602582597, 38.62230794080845], [-90.21960913009349, 38.62694515617101], [-90.22517294996291, 38.63158213013913], [-90.23073748561237, 38.63621886258013], [-90.23630273722006, 38.640855353361346], [-90.24186870496423, 38.645491602350084], [-90.24743538902311, 38.65012760941361], [-90.25300278957496, 38.654763374419176], [-90.25857090679797, 38.65939889723403], [-90.26413974087053, 38.66403417772537], [-90.26970929197084, 38.66866921576039], [-90.27527956027723, 38.67330401120623], [-90.28102094844074, 38.67343772015905], [-90.28659233093768, 38.67807201278429], [-90.29216443101578, 38.68270606246168], [-90.29773724885335, 38.68733986905835], [-90.30331078462868, 38.69197343244128], [-90.30888503852013, 38.69660675247757], [-90.31446001070607, 38.70123982903419], [-90.32003570136486, 38.70587266197814], [-90.32561211067481, 38.710505251176386], [-90.33118923881437, 38.715137596495865], [-90.3367670859619, 38.719769697803464], [-90.34234565229588, 38.724401554966114], [-90.34792493799469, 38.72903316785066], [-90.35350494323681, 38.73366453632395], [-90.35908566820065, 38.73829566025279], [-90.36466711306467, 38.742926539503976], [-90.37024927800739, 38.74755717394432]]}}, {"type": "Feature", "properties": {"route_run_id": "stl_st_louis_downtown_airport_to_st_louis_lambert_2026-01-12_0150", "route_pair": "st_louis_downtown_airport_to_st_louis_lambert", "route_pair_label": "St. Louis Downtown Airport to St. Louis Lambert", "origin_label": "St. Louis Downtown Airport", "destination_label": "St. Louis Lambert International Airport", "origin_lat": 38.5703611, "origin_lon": -90.1550833, "destination_lat": 38.7486982, "destination_lon": -90.3700257, "traffic_date": "2026-01-12", "traffic_dataset": "January 12th - Monday", "weight_id": "w_0150", "distance_weight": 0.2, "population_weight": 0.3, "traffic_weight": 0.4, "airspace_weight": 0.1, "path_nodes": 40, "path_node_ids": [2179, 2180, 2174, 2199, 2203, 2207, 2341, 2344, 2368, 2374, 2394, 2397, 2712, 2716, 2739, 2746, 2769, 2773, 3985, 3988, 3992, 3994, 4019, 4020, 4023, 4055, 4059, 4063, 4064, 5048, 5052, 5076, 5082, 5299, 5304, 5319, 5321, 5357, 5358, 5364], "elapsed_seconds": 0.02509529999224469, "status": "success", "failure_reason": "", "route_distance_km": 35.0695243590648, "distance_cost_sum": 38.596279476875054, "population_cost_sum": 23.651108783135093, "traffic_cost_sum": 17.839922019494136, "airspace_cost_sum": 33.8, "total_weighted_score": 25.33055733811319}, "geometry": {"type": "LineString", "coordinates": [[-90.15289905765549, 38.57128267769979], [-90.15845430205954, 38.57592253965332], [-90.16401026010618, 38.58056216167], [-90.16956693197352, 38.58520154361737], [-90.17512431783956, 38.5898406853631], [-90.18068241788241, 38.5944795867747], [-90.18624123228014, 38.59911824771971], [-90.19180076121087, 38.60375666806568], [-90.19736100485268, 38.60839484768009], [-90.20292196338367, 38.61303278643038], [-90.2084836369821, 38.617670484184025], [-90.21404602582597, 38.62230794080845], [-90.21960913009349, 38.62694515617101], [-90.22517294996291, 38.63158213013913], [-90.23073748561237, 38.63621886258013], [-90.23630273722006, 38.640855353361346], [-90.24186870496423, 38.645491602350084], [-90.24743538902311, 38.65012760941361], [-90.25300278957496, 38.654763374419176], [-90.25857090679797, 38.65939889723403], [-90.26413974087053, 38.66403417772537], [-90.26970929197084, 38.66866921576039], [-90.27527956027723, 38.67330401120623], [-90.28085054596801, 38.677938563930056], [-90.28642224922152, 38.68257287379895], [-90.29199467021606, 38.68720694068001], [-90.29756780913004, 38.69184076444029], [-90.3031416661418, 38.696474344946864], [-90.30888503852013, 38.69660675247757], [-90.31446001070607, 38.70123982903419], [-90.32003570136486, 38.70587266197814], [-90.32561211067481, 38.710505251176386], [-90.33118923881437, 38.715137596495865], [-90.3367670859619, 38.719769697803464], [-90.34234565229588, 38.724401554966114], [-90.34792493799469, 38.72903316785066], [-90.35350494323681, 38.73366453632395], [-90.35908566820065, 38.73829566025279], [-90.36466711306467, 38.742926539503976], [-90.37024927800739, 38.74755717394432]]}}, {"type": "Feature", "properties": {"route_run_id": "stl_st_louis_downtown_airport_to_st_louis_lambert_2026-01-12_0266", "route_pair": "st_louis_downtown_airport_to_st_louis_lambert", "route_pair_label": "St. Louis Downtown Airport to St. Louis Lambert", "origin_label": "St. Louis Downtown Airport", "destination_label": "St. Louis Lambert International Airport", "origin_lat": 38.5703611, "origin_lon": -90.1550833, "destination_lat": 38.7486982, "destination_lon": -90.3700257, "traffic_date": "2026-01-12", "traffic_dataset": "January 12th - Monday", "weight_id": "w_0266", "distance_weight": 0.6, "population_weight": 0.3, "traffic_weight": 0.1, "airspace_weight": 0.0, "path_nodes": 44, "path_node_ids": [2179, 2180, 2174, 2199, 2203, 2206, 2449, 2345, 2370, 2373, 2398, 2709, 2711, 2714, 2750, 2744, 2770, 2772, 2777, 3989, 3988, 3992, 3994, 4019, 4020, 4023, 4055, 4059, 4063, 4077, 4082, 4084, 5080, 5084, 5310, 5311, 5337, 5320, 5322, 5323, 5346, 5357, 5358, 5364], "elapsed_seconds": 0.006733299989718944, "status": "success", "failure_reason": "", "route_distance_km": 36.57207281055306, "distance_cost_sum": 40.24993121641444, "population_cost_sum": 16.402941041735232, "traffic_cost_sum": 23.43756424675925, "airspace_cost_sum": 37.4, "total_weighted_score": 31.414597467045155}, "geometry": {"type": "LineString", "coordinates": [[-90.15289905765549, 38.57128267769979], [-90.15845430205954, 38.57592253965332], [-90.16401026010618, 38.58056216167], [-90.16956693197352, 38.58520154361737], [-90.17512431783956, 38.5898406853631], [-90.17494781190939, 38.59434118977373], [-90.18050622974906, 38.59898010918833], [-90.18606536210271, 38.60361878809667], [-90.19162520914848, 38.60825722636621], [-90.19718577106451, 38.612895423864465], [-90.20274704802898, 38.61753338045887], [-90.2083090402201, 38.622171096016864], [-90.21387174781604, 38.62680857040582], [-90.21943517099498, 38.631445803493165], [-90.22499930993523, 38.636082795146216], [-90.23056416481495, 38.64071954523234], [-90.2361297358124, 38.64535605361884], [-90.24169602310592, 38.649992320172984], [-90.24726302687371, 38.65462834476206], [-90.25283074729404, 38.65926412725328], [-90.25857090679797, 38.65939889723403], [-90.26413974087053, 38.66403417772537], [-90.26970929197084, 38.66866921576039], [-90.27527956027723, 38.67330401120623], [-90.28085054596801, 38.677938563930056], [-90.28642224922152, 38.68257287379895], [-90.29199467021606, 38.68720694068001], [-90.29756780913004, 38.69184076444029], [-90.3031416661418, 38.696474344946864], [-90.30297250986867, 38.70097525335427], [-90.30280331580018, 38.70547615766316], [-90.30837853409372, 38.710109528957155], [-90.31395447116216, 38.71474265665128], [-90.31378588266769, 38.71924359100243], [-90.31936286061908, 38.72387649197406], [-90.32494055786266, 38.72850914903958], [-90.330518974577, 38.7331415620659], [-90.33626541075455, 38.733272728767844], [-90.3420118843105, 38.73340361338185], [-90.34775839516463, 38.73353421590239], [-90.35333872308522, 38.73816560113835], [-90.35908566820065, 38.73829566025279], [-90.36466711306467, 38.742926539503976], [-90.37024927800739, 38.74755717394432]]}}, {"type": "Feature", "properties": {"route_run_id": "stl_st_louis_downtown_airport_to_st_louis_lambert_2026-01-12_0259", "route_pair": "st_louis_downtown_airport_to_st_louis_lambert", "route_pair_label": "St. Louis Downtown Airport to St. Louis Lambert", "origin_label": "St. Louis Downtown Airport", "destination_label": "St. Louis Lambert International Airport", "origin_lat": 38.5703611, "origin_lon": -90.1550833, "destination_lat": 38.7486982, "destination_lon": -90.3700257, "traffic_date": "2026-01-12", "traffic_dataset": "January 12th - Monday", "weight_id": "w_0259", "distance_weight": 0.6, "population_weight": 0.1, "traffic_weight": 0.1, "airspace_weight": 0.2, "path_nodes": 40, "path_node_ids": [2179, 2180, 2174, 2199, 2203, 2207, 2341, 2344, 2368, 2374, 2394, 2397, 2712, 2716, 2739, 2746, 2769, 2773, 3985, 3988, 3992, 3994, 4019, 4020, 4023, 4055, 4059, 4063, 4064, 5048, 5052, 5076, 5082, 5299, 5304, 5319, 5321, 5357, 5358, 5364], "elapsed_seconds": 0.007463699992513284, "status": "success", "failure_reason": "", "route_distance_km": 35.0695243590648, "distance_cost_sum": 38.596279476875054, "population_cost_sum": 23.651108783135093, "traffic_cost_sum": 17.839922019494136, "airspace_cost_sum": 33.8, "total_weighted_score": 34.06687076638795}, "geometry": {"type": "LineString", "coordinates": [[-90.15289905765549, 38.57128267769979], [-90.15845430205954, 38.57592253965332], [-90.16401026010618, 38.58056216167], [-90.16956693197352, 38.58520154361737], [-90.17512431783956, 38.5898406853631], [-90.18068241788241, 38.5944795867747], [-90.18624123228014, 38.59911824771971], [-90.19180076121087, 38.60375666806568], [-90.19736100485268, 38.60839484768009], [-90.20292196338367, 38.61303278643038], [-90.2084836369821, 38.617670484184025], [-90.21404602582597, 38.62230794080845], [-90.21960913009349, 38.62694515617101], [-90.22517294996291, 38.63158213013913], [-90.23073748561237, 38.63621886258013], [-90.23630273722006, 38.640855353361346], [-90.24186870496423, 38.645491602350084], [-90.24743538902311, 38.65012760941361], [-90.25300278957496, 38.654763374419176], [-90.25857090679797, 38.65939889723403], [-90.26413974087053, 38.66403417772537], [-90.26970929197084, 38.66866921576039], [-90.27527956027723, 38.67330401120623], [-90.28085054596801, 38.677938563930056], [-90.28642224922152, 38.68257287379895], [-90.29199467021606, 38.68720694068001], [-90.29756780913004, 38.69184076444029], [-90.3031416661418, 38.696474344946864], [-90.30888503852013, 38.69660675247757], [-90.31446001070607, 38.70123982903419], [-90.32003570136486, 38.70587266197814], [-90.32561211067481, 38.710505251176386], [-90.33118923881437, 38.715137596495865], [-90.3367670859619, 38.719769697803464], [-90.34234565229588, 38.724401554966114], [-90.34792493799469, 38.72903316785066], [-90.35350494323681, 38.73366453632395], [-90.35908566820065, 38.73829566025279], [-90.36466711306467, 38.742926539503976], [-90.37024927800739, 38.74755717394432]]}}, {"type": "Feature", "properties": {"route_run_id": "stl_st_louis_downtown_airport_to_st_louis_lambert_2026-01-12_0169", "route_pair": "st_louis_downtown_airport_to_st_louis_lambert", "route_pair_label": "St. Louis Downtown Airport to St. Louis Lambert", "origin_label": "St. Louis Downtown Airport", "destination_label": "St. Louis Lambert International Airport", "origin_lat": 38.5703611, "origin_lon": -90.1550833, "destination_lat": 38.7486982, "destination_lon": -90.3700257, "traffic_date": "2026-01-12", "traffic_dataset": "January 12th - Monday", "weight_id": "w_0169", "distance_weight": 0.3, "population_weight": 0.0, "traffic_weight": 0.1, "airspace_weight": 0.6, "path_nodes": 40, "path_node_ids": [2179, 2180, 2174, 2199, 2203, 2207, 2341, 2344, 2368, 2374, 2394, 2397, 2712, 2716, 2739, 2746, 2769, 2773, 3985, 3988, 3992, 3990, 4016, 4017, 4022, 4029, 4034, 4060, 4064, 5048, 5052, 5076, 5082, 5299, 5304, 5319, 5321, 5357, 5358, 5364], "elapsed_seconds": 0.026211499993223697, "status": "success", "failure_reason": "", "route_distance_km": 35.06925127294606, "distance_cost_sum": 38.59597892794111, "population_cost_sum": 25.05959051055676, "traffic_cost_sum": 17.839922019494136, "airspace_cost_sum": 33.4, "total_weighted_score": 33.40278588033175}, "geometry": {"type": "LineString", "coordinates": [[-90.15289905765549, 38.57128267769979], [-90.15845430205954, 38.57592253965332], [-90.16401026010618, 38.58056216167], [-90.16956693197352, 38.58520154361737], [-90.17512431783956, 38.5898406853631], [-90.18068241788241, 38.5944795867747], [-90.18624123228014, 38.59911824771971], [-90.19180076121087, 38.60375666806568], [-90.19736100485268, 38.60839484768009], [-90.20292196338367, 38.61303278643038], [-90.2084836369821, 38.617670484184025], [-90.21404602582597, 38.62230794080845], [-90.21960913009349, 38.62694515617101], [-90.22517294996291, 38.63158213013913], [-90.23073748561237, 38.63621886258013], [-90.23630273722006, 38.640855353361346], [-90.24186870496423, 38.645491602350084], [-90.24743538902311, 38.65012760941361], [-90.25300278957496, 38.654763374419176], [-90.25857090679797, 38.65939889723403], [-90.26413974087053, 38.66403417772537], [-90.26988033547711, 38.664168406596616], [-90.27545028334664, 38.66880318471887], [-90.28102094844074, 38.67343772015905], [-90.28659233093768, 38.67807201278429], [-90.29216443101578, 38.68270606246168], [-90.29773724885335, 38.68733986905835], [-90.30331078462868, 38.69197343244128], [-90.30888503852013, 38.69660675247757], [-90.31446001070607, 38.70123982903419], [-90.32003570136486, 38.70587266197814], [-90.32561211067481, 38.710505251176386], [-90.33118923881437, 38.715137596495865], [-90.3367670859619, 38.719769697803464], [-90.34234565229588, 38.724401554966114], [-90.34792493799469, 38.72903316785066], [-90.35350494323681, 38.73366453632395], [-90.35908566820065, 38.73829566025279], [-90.36466711306467, 38.742926539503976], [-90.37024927800739, 38.74755717394432]]}}, {"type": "Feature", "properties": {"route_run_id": "stl_st_louis_downtown_airport_to_st_louis_lambert_2026-01-12_0012", "route_pair": "st_louis_downtown_airport_to_st_louis_lambert", "route_pair_label": "St. Louis Downtown Airport to St. Louis Lambert", "origin_label": "St. Louis Downtown Airport", "destination_label": "St. Louis Lambert International Airport", "origin_lat": 38.5703611, "origin_lon": -90.1550833, "destination_lat": 38.7486982, "destination_lon": -90.3700257, "traffic_date": "2026-01-12", "traffic_dataset": "January 12th - Monday", "weight_id": "w_0012", "distance_weight": 0.0, "population_weight": 0.1, "traffic_weight": 0.0, "airspace_weight": 0.9, "path_nodes": 40, "path_node_ids": [2179, 2180, 2174, 2199, 2203, 2207, 2341, 2344, 2368, 2374, 2394, 2397, 2712, 2716, 2739, 2746, 2769, 2773, 3985, 3988, 3992, 3994, 4019, 4017, 4022, 4029, 4034, 4060, 4064, 5048, 5052, 5076, 5082, 5299, 5304, 5319, 5321, 5357, 5358, 5364], "elapsed_seconds": 0.04338980000466108, "status": "success", "failure_reason": "", "route_distance_km": 35.06932923764436, "distance_cost_sum": 38.59606473313351, "population_cost_sum": 24.787572976016946, "traffic_cost_sum": 17.839922019494136, "airspace_cost_sum": 33.4, "total_weighted_score": 32.5387572976017}, "geometry": {"type": "LineString", "coordinates": [[-90.15289905765549, 38.57128267769979], [-90.15845430205954, 38.57592253965332], [-90.16401026010618, 38.58056216167], [-90.16956693197352, 38.58520154361737], [-90.17512431783956, 38.5898406853631], [-90.18068241788241, 38.5944795867747], [-90.18624123228014, 38.59911824771971], [-90.19180076121087, 38.60375666806568], [-90.19736100485268, 38.60839484768009], [-90.20292196338367, 38.61303278643038], [-90.2084836369821, 38.617670484184025], [-90.21404602582597, 38.62230794080845], [-90.21960913009349, 38.62694515617101], [-90.22517294996291, 38.63158213013913], [-90.23073748561237, 38.63621886258013], [-90.23630273722006, 38.640855353361346], [-90.24186870496423, 38.645491602350084], [-90.24743538902311, 38.65012760941361], [-90.25300278957496, 38.654763374419176], [-90.25857090679797, 38.65939889723403], [-90.26413974087053, 38.66403417772537], [-90.26970929197084, 38.66866921576039], [-90.27527956027723, 38.67330401120623], [-90.28102094844074, 38.67343772015905], [-90.28659233093768, 38.67807201278429], [-90.29216443101578, 38.68270606246168], [-90.29773724885335, 38.68733986905835], [-90.30331078462868, 38.69197343244128], [-90.30888503852013, 38.69660675247757], [-90.31446001070607, 38.70123982903419], [-90.32003570136486, 38.70587266197814], [-90.32561211067481, 38.710505251176386], [-90.33118923881437, 38.715137596495865], [-90.3367670859619, 38.719769697803464], [-90.34234565229588, 38.724401554966114], [-90.34792493799469, 38.72903316785066], [-90.35350494323681, 38.73366453632395], [-90.35908566820065, 38.73829566025279], [-90.36466711306467, 38.742926539503976], [-90.37024927800739, 38.74755717394432]]}}, {"type": "Feature", "properties": {"route_run_id": "stl_st_louis_downtown_airport_to_st_louis_lambert_2026-01-12_0031", "route_pair": "st_louis_downtown_airport_to_st_louis_lambert", "route_pair_label": "St. Louis Downtown Airport to St. Louis Lambert", "origin_label": "St. Louis Downtown Airport", "destination_label": "St. Louis Lambert International Airport", "origin_lat": 38.5703611, "origin_lon": -90.1550833, "destination_lat": 38.7486982, "destination_lon": -90.3700257, "traffic_date": "2026-01-12", "traffic_dataset": "January 12th - Monday", "weight_id": "w_0031", "distance_weight": 0.0, "population_weight": 0.3, "traffic_weight": 0.0, "airspace_weight": 0.7, "path_nodes": 41, "path_node_ids": [2179, 2181, 2183, 2198, 2202, 2206, 2449, 2345, 2370, 2373, 2398, 2709, 2711, 2714, 2750, 2744, 2770, 2772, 2777, 3989, 3993, 4006, 4008, 4021, 4045, 4047, 4058, 4062, 4077, 4079, 5077, 5081, 5083, 5308, 5316, 5322, 5323, 5346, 5357, 5358, 5364], "elapsed_seconds": 0.04548329999670386, "status": "success", "failure_reason": "", "route_distance_km": 35.445886833267345, "distance_cost_sum": 39.01049071881265, "population_cost_sum": 21.248540131475806, "traffic_cost_sum": 21.296693763650328, "airspace_cost_sum": 34.4, "total_weighted_score": 30.45456203944274}, "geometry": {"type": "LineString", "coordinates": [[-90.15289905765549, 38.57128267769979], [-90.15272128212803, 38.57578310970166], [-90.15827684369297, 38.58042298981685], [-90.16383311905943, 38.58506262995554], [-90.16939010840554, 38.58970202998531], [-90.17494781190939, 38.59434118977373], [-90.18050622974906, 38.59898010918833], [-90.18606536210271, 38.60361878809667], [-90.19162520914848, 38.60825722636621], [-90.19718577106451, 38.612895423864465], [-90.20274704802898, 38.61753338045887], [-90.2083090402201, 38.622171096016864], [-90.21387174781604, 38.62680857040582], [-90.21943517099498, 38.631445803493165], [-90.22499930993523, 38.636082795146216], [-90.23056416481495, 38.64071954523234], [-90.2361297358124, 38.64535605361884], [-90.24169602310592, 38.649992320172984], [-90.24726302687371, 38.65462834476206], [-90.25283074729404, 38.65926412725328], [-90.2583991845453, 38.663899667513896], [-90.26396833880578, 38.66853496541107], [-90.26953821025378, 38.673170020811966], [-90.2751087990677, 38.67780483358376], [-90.28068010542587, 38.682439403593555], [-90.28625212950666, 38.68707373070842], [-90.29182487148844, 38.69170781479548], [-90.29739833154962, 38.69634165572174], [-90.30297250986867, 38.70097525335427], [-90.30854740662397, 38.70560860756003], [-90.31412302199392, 38.71024171820601], [-90.31969935615703, 38.71487458515916], [-90.32527640929177, 38.719507208286444], [-90.33085418157658, 38.72413958745472], [-90.33643267319002, 38.72877172253092], [-90.3420118843105, 38.73340361338185], [-90.34775839516463, 38.73353421590239], [-90.35333872308522, 38.73816560113835], [-90.35908566820065, 38.73829566025279], [-90.36466711306467, 38.742926539503976], [-90.37024927800739, 38.74755717394432]]}}, {"type": "Feature", "properties": {"route_run_id": "stl_st_louis_downtown_airport_to_st_louis_lambert_2026-01-12_0260", "route_pair": "st_louis_downtown_airport_to_st_louis_lambert", "route_pair_label": "St. Louis Downtown Airport to St. Louis Lambert", "origin_label": "St. Louis Downtown Airport", "destination_label": "St. Louis Lambert International Airport", "origin_lat": 38.5703611, "origin_lon": -90.1550833, "destination_lat": 38.7486982, "destination_lon": -90.3700257, "traffic_date": "2026-01-12", "traffic_dataset": "January 12th - Monday", "weight_id": "w_0260", "distance_weight": 0.6, "population_weight": 0.1, "traffic_weight": 0.2, "airspace_weight": 0.1, "path_nodes": 40, "path_node_ids": [2179, 2180, 2174, 2199, 2203, 2207, 2341, 2344, 2368, 2374, 2394, 2397, 2712, 2716, 2739, 2746, 2769, 2773, 3985, 3988, 3992, 3994, 4019, 4020, 4023, 4055, 4059, 4063, 4064, 5048, 5052, 5076, 5082, 5299, 5304, 5319, 5321, 5357, 5358, 5364], "elapsed_seconds": 0.006174500013003126, "status": "success", "failure_reason": "", "route_distance_km": 35.0695243590648, "distance_cost_sum": 38.596279476875054, "population_cost_sum": 23.651108783135093, "traffic_cost_sum": 17.839922019494136, "airspace_cost_sum": 33.8, "total_weighted_score": 32.470862968337364}, "geometry": {"type": "LineString", "coordinates": [[-90.15289905765549, 38.57128267769979], [-90.15845430205954, 38.57592253965332], [-90.16401026010618, 38.58056216167], [-90.16956693197352, 38.58520154361737], [-90.17512431783956, 38.5898406853631], [-90.18068241788241, 38.5944795867747], [-90.18624123228014, 38.59911824771971], [-90.19180076121087, 38.60375666806568], [-90.19736100485268, 38.60839484768009], [-90.20292196338367, 38.61303278643038], [-90.2084836369821, 38.617670484184025], [-90.21404602582597, 38.62230794080845], [-90.21960913009349, 38.62694515617101], [-90.22517294996291, 38.63158213013913], [-90.23073748561237, 38.63621886258013], [-90.23630273722006, 38.640855353361346], [-90.24186870496423, 38.645491602350084], [-90.24743538902311, 38.65012760941361], [-90.25300278957496, 38.654763374419176], [-90.25857090679797, 38.65939889723403], [-90.26413974087053, 38.66403417772537], [-90.26970929197084, 38.66866921576039], [-90.27527956027723, 38.67330401120623], [-90.28085054596801, 38.677938563930056], [-90.28642224922152, 38.68257287379895], [-90.29199467021606, 38.68720694068001], [-90.29756780913004, 38.69184076444029], [-90.3031416661418, 38.696474344946864], [-90.30888503852013, 38.69660675247757], [-90.31446001070607, 38.70123982903419], [-90.32003570136486, 38.70587266197814], [-90.32561211067481, 38.710505251176386], [-90.33118923881437, 38.715137596495865], [-90.3367670859619, 38.719769697803464], [-90.34234565229588, 38.724401554966114], [-90.34792493799469, 38.72903316785066], [-90.35350494323681, 38.73366453632395], [-90.35908566820065, 38.73829566025279], [-90.36466711306467, 38.742926539503976], [-90.37024927800739, 38.74755717394432]]}}, {"type": "Feature", "properties": {"route_run_id": "stl_st_louis_downtown_airport_to_st_louis_lambert_2026-01-12_0117", "route_pair": "st_louis_downtown_airport_to_st_louis_lambert", "route_pair_label": "St. Louis Downtown Airport to St. Louis Lambert", "origin_label": "St. Louis Downtown Airport", "destination_label": "St. Louis Lambert International Airport", "origin_lat": 38.5703611, "origin_lon": -90.1550833, "destination_lat": 38.7486982, "destination_lon": -90.3700257, "traffic_date": "2026-01-12", "traffic_dataset": "January 12th - Monday", "weight_id": "w_0117", "distance_weight": 0.1, "population_weight": 0.7, "traffic_weight": 0.1, "airspace_weight": 0.1, "path_nodes": 55, "path_node_ids": [2179, 2180, 2183, 2186, 2419, 2425, 2427, 2453, 2456, 2479, 2480, 2484, 2486, 2809, 2813, 2817, 2858, 2862, 2864, 2889, 3896, 3898, 3901, 3927, 3946, 3949, 3953, 3966, 3944, 3977, 3976, 3941, 4043, 4066, 4067, 4068, 4185, 4187, 4188, 4076, 4075, 4082, 4084, 5080, 5084, 5310, 5311, 5337, 5320, 5322, 5323, 5346, 5357, 5358, 5364], "elapsed_seconds": 0.04099060001317412, "status": "success", "failure_reason": "", "route_distance_km": 41.77090840586574, "distance_cost_sum": 45.97158599383796, "population_cost_sum": 8.67777235752909, "traffic_cost_sum": 40.81374116682602, "airspace_cost_sum": 45.2, "total_weighted_score": 19.272973366336764}, "geometry": {"type": "LineString", "coordinates": [[-90.15289905765549, 38.57128267769979], [-90.15845430205954, 38.57592253965332], [-90.15827684369297, 38.58042298981685], [-90.1580993457009, 38.58492343582021], [-90.15792180807382, 38.58942387766302], [-90.15774423080212, 38.593924315345014], [-90.16330145854758, 38.59856400986431], [-90.16885940074975, 38.60320346415569], [-90.16868241918205, 38.60770393390031], [-90.16850539809049, 38.61220439948829], [-90.16832833746557, 38.616704860919356], [-90.16815123729772, 38.62120531819316], [-90.16797409757739, 38.62570577130943], [-90.16779691829495, 38.630206220267794], [-90.16761969944088, 38.63470666506797], [-90.16744244100559, 38.63920710570964], [-90.17300364314747, 38.64384646412727], [-90.17282666359999, 38.64834691868183], [-90.17838890046788, 38.65298605432084], [-90.17821220009857, 38.65748652275311], [-90.18377547226044, 38.66212543540375], [-90.18933946118675, 38.666764106898924], [-90.19490416705614, 38.67140253710589], [-90.20046959004746, 38.676040725891895], [-90.20603573033937, 38.68067867312418], [-90.21160258811075, 38.68531637866994], [-90.2171701635404, 38.68995384239636], [-90.2229126017605, 38.690090452895454], [-90.22865507887754, 38.69022678182468], [-90.23439759481155, 38.69036282917826], [-90.24014014948251, 38.69049859495047], [-90.24605541323987, 38.68613337677085], [-90.2517976862147, 38.68626855773688], [-90.25736804511756, 38.69090420272148], [-90.26311075393669, 38.69103884211091], [-90.26868222818311, 38.695673984376505], [-90.27425442059507, 38.700308883813186], [-90.27999796237877, 38.700442721166475], [-90.28557127047641, 38.70507711728869], [-90.29148516021279, 38.700709550716724], [-90.297228816103, 38.700842542902386], [-90.30280331580018, 38.70547615766316], [-90.30837853409372, 38.710109528957155], [-90.31395447116216, 38.71474265665128], [-90.31378588266769, 38.71924359100243], [-90.31936286061908, 38.72387649197406], [-90.32494055786266, 38.72850914903958], [-90.330518974577, 38.7331415620659], [-90.33626541075455, 38.733272728767844], [-90.3420118843105, 38.73340361338185], [-90.34775839516463, 38.73353421590239], [-90.35333872308522, 38.73816560113835], [-90.35908566820065, 38.73829566025279], [-90.36466711306467, 38.742926539503976], [-90.37024927800739, 38.74755717394432]]}}, {"type": "Feature", "properties": {"route_run_id": "stl_st_louis_downtown_airport_to_st_louis_lambert_2026-01-12_0023", "route_pair": "st_louis_downtown_airport_to_st_louis_lambert", "route_pair_label": "St. Louis Downtown Airport to St. Louis Lambert", "origin_label": "St. Louis Downtown Airport", "destination_label": "St. Louis Lambert International Airport", "origin_lat": 38.5703611, "origin_lon": -90.1550833, "destination_lat": 38.7486982, "destination_lon": -90.3700257, "traffic_date": "2026-01-12", "traffic_dataset": "January 12th - Monday", "weight_id": "w_0023", "distance_weight": 0.0, "population_weight": 0.2, "traffic_weight": 0.1, "airspace_weight": 0.7, "path_nodes": 40, "path_node_ids": [2179, 2180, 2174, 2199, 2203, 2207, 2341, 2344, 2368, 2374, 2394, 2397, 2712, 2716, 2739, 2746, 2769, 2773, 3985, 3988, 3992, 3994, 4019, 4017, 4022, 4029, 4034, 4060, 4064, 5048, 5052, 5076, 5082, 5299, 5304, 5319, 5321, 5357, 5358, 5364], "elapsed_seconds": 0.04422290000366047, "status": "success", "failure_reason": "", "route_distance_km": 35.06932923764436, "distance_cost_sum": 38.59606473313351, "population_cost_sum": 24.787572976016946, "traffic_cost_sum": 17.839922019494136, "airspace_cost_sum": 33.4, "total_weighted_score": 30.121506797152804}, "geometry": {"type": "LineString", "coordinates": [[-90.15289905765549, 38.57128267769979], [-90.15845430205954, 38.57592253965332], [-90.16401026010618, 38.58056216167], [-90.16956693197352, 38.58520154361737], [-90.17512431783956, 38.5898406853631], [-90.18068241788241, 38.5944795867747], [-90.18624123228014, 38.59911824771971], [-90.19180076121087, 38.60375666806568], [-90.19736100485268, 38.60839484768009], [-90.20292196338367, 38.61303278643038], [-90.2084836369821, 38.617670484184025], [-90.21404602582597, 38.62230794080845], [-90.21960913009349, 38.62694515617101], [-90.22517294996291, 38.63158213013913], [-90.23073748561237, 38.63621886258013], [-90.23630273722006, 38.640855353361346], [-90.24186870496423, 38.645491602350084], [-90.24743538902311, 38.65012760941361], [-90.25300278957496, 38.654763374419176], [-90.25857090679797, 38.65939889723403], [-90.26413974087053, 38.66403417772537], [-90.26970929197084, 38.66866921576039], [-90.27527956027723, 38.67330401120623], [-90.28102094844074, 38.67343772015905], [-90.28659233093768, 38.67807201278429], [-90.29216443101578, 38.68270606246168], [-90.29773724885335, 38.68733986905835], [-90.30331078462868, 38.69197343244128], [-90.30888503852013, 38.69660675247757], [-90.31446001070607, 38.70123982903419], [-90.32003570136486, 38.70587266197814], [-90.32561211067481, 38.710505251176386], [-90.33118923881437, 38.715137596495865], [-90.3367670859619, 38.719769697803464], [-90.34234565229588, 38.724401554966114], [-90.34792493799469, 38.72903316785066], [-90.35350494323681, 38.73366453632395], [-90.35908566820065, 38.73829566025279], [-90.36466711306467, 38.742926539503976], [-90.37024927800739, 38.74755717394432]]}}, {"type": "Feature", "properties": {"route_run_id": "stl_st_louis_downtown_airport_to_st_louis_lambert_2026-01-12_0243", "route_pair": "st_louis_downtown_airport_to_st_louis_lambert", "route_pair_label": "St. Louis Downtown Airport to St. Louis Lambert", "origin_label": "St. Louis Downtown Airport", "destination_label": "St. Louis Lambert International Airport", "origin_lat": 38.5703611, "origin_lon": -90.1550833, "destination_lat": 38.7486982, "destination_lon": -90.3700257, "traffic_date": "2026-01-12", "traffic_dataset": "January 12th - Monday", "weight_id": "w_0243", "distance_weight": 0.5, "population_weight": 0.2, "traffic_weight": 0.0, "airspace_weight": 0.3, "path_nodes": 41, "path_node_ids": [2179, 2180, 2174, 2199, 2203, 2207, 2341, 2345, 2370, 2373, 2398, 2709, 2711, 2714, 2750, 2744, 2770, 2772, 2777, 3989, 3993, 4006, 4008, 4021, 4045, 4047, 4058, 4062, 4077, 4079, 5077, 5081, 5083, 5308, 5316, 5322, 5323, 5346, 5357, 5358, 5364], "elapsed_seconds": 0.01121430000057444, "status": "success", "failure_reason": "", "route_distance_km": 35.44580648998812, "distance_cost_sum": 39.01040229583813, "population_cost_sum": 21.248540131475806, "traffic_cost_sum": 21.296163627861183, "airspace_cost_sum": 34.4, "total_weighted_score": 34.07490917421423}, "geometry": {"type": "LineString", "coordinates": [[-90.15289905765549, 38.57128267769979], [-90.15845430205954, 38.57592253965332], [-90.16401026010618, 38.58056216167], [-90.16956693197352, 38.58520154361737], [-90.17512431783956, 38.5898406853631], [-90.18068241788241, 38.5944795867747], [-90.18624123228014, 38.59911824771971], [-90.18606536210271, 38.60361878809667], [-90.19162520914848, 38.60825722636621], [-90.19718577106451, 38.612895423864465], [-90.20274704802898, 38.61753338045887], [-90.2083090402201, 38.622171096016864], [-90.21387174781604, 38.62680857040582], [-90.21943517099498, 38.631445803493165], [-90.22499930993523, 38.636082795146216], [-90.23056416481495, 38.64071954523234], [-90.2361297358124, 38.64535605361884], [-90.24169602310592, 38.649992320172984], [-90.24726302687371, 38.65462834476206], [-90.25283074729404, 38.65926412725328], [-90.2583991845453, 38.663899667513896], [-90.26396833880578, 38.66853496541107], [-90.26953821025378, 38.673170020811966], [-90.2751087990677, 38.67780483358376], [-90.28068010542587, 38.682439403593555], [-90.28625212950666, 38.68707373070842], [-90.29182487148844, 38.69170781479548], [-90.29739833154962, 38.69634165572174], [-90.30297250986867, 38.70097525335427], [-90.30854740662397, 38.70560860756003], [-90.31412302199392, 38.71024171820601], [-90.31969935615703, 38.71487458515916], [-90.32527640929177, 38.719507208286444], [-90.33085418157658, 38.72413958745472], [-90.33643267319002, 38.72877172253092], [-90.3420118843105, 38.73340361338185], [-90.34775839516463, 38.73353421590239], [-90.35333872308522, 38.73816560113835], [-90.35908566820065, 38.73829566025279], [-90.36466711306467, 38.742926539503976], [-90.37024927800739, 38.74755717394432]]}}, {"type": "Feature", "properties": {"route_run_id": "stl_st_louis_downtown_airport_to_st_louis_lambert_2026-01-12_0073", "route_pair": "st_louis_downtown_airport_to_st_louis_lambert", "route_pair_label": "St. Louis Downtown Airport to St. Louis Lambert", "origin_label": "St. Louis Downtown Airport", "destination_label": "St. Louis Lambert International Airport", "origin_lat": 38.5703611, "origin_lon": -90.1550833, "destination_lat": 38.7486982, "destination_lon": -90.3700257, "traffic_date": "2026-01-12", "traffic_dataset": "January 12th - Monday", "weight_id": "w_0073", "distance_weight": 0.1, "population_weight": 0.0, "traffic_weight": 0.6, "airspace_weight": 0.3, "path_nodes": 42, "path_node_ids": [2179, 2147, 2157, 2170, 2175, 2201, 2313, 2316, 2342, 2347, 2366, 2389, 2392, 2396, 2724, 2721, 2726, 2740, 2678, 2680, 2682, 2685, 3986, 2706, 4015, 4017, 4022, 4029, 4034, 4060, 4064, 5048, 5052, 5076, 5082, 5299, 5304, 5319, 5321, 5357, 5358, 5364], "elapsed_seconds": 0.04905769997276366, "status": "success", "failure_reason": "", "route_distance_km": 35.817747454429586, "distance_cost_sum": 39.419747380347985, "population_cost_sum": 26.64764489159439, "traffic_cost_sum": 16.366481713769105, "airspace_cost_sum": 35.00000000000001, "total_weighted_score": 24.261863766296266}, "geometry": {"type": "LineString", "coordinates": [[-90.15289905765549, 38.57128267769979], [-90.15863172081019, 38.571422085329914], [-90.16436442357126, 38.57156121262679], [-90.16992046069078, 38.5762005584167], [-90.17547721149117, 38.58083966408426], [-90.1810346761504, 38.585478529497074], [-90.18659285484642, 38.5901171545227], [-90.19215174775724, 38.5947555390287], [-90.19771135506093, 38.5993936828826], [-90.2032716769355, 38.60403158595187], [-90.208832713559, 38.60866924810401], [-90.21439446510948, 38.61330666920645], [-90.21995693176504, 38.61794384912666], [-90.22552011370372, 38.622580787732026], [-90.23108401110366, 38.627217484889904], [-90.23682150967697, 38.62735322783211], [-90.24238651919569, 38.63198942413879], [-90.24795224455062, 38.63662537863984], [-90.2535186859198, 38.64126109120261], [-90.25908584348143, 38.64589656169434], [-90.25891423625677, 38.65039734432395], [-90.26448243016516, 38.6550325900107], [-90.27005134078189, 38.65966759332096], [-90.27562096828521, 38.66430235412195], [-90.28119131285328, 38.668936872280845], [-90.28102094844074, 38.67343772015905], [-90.28659233093768, 38.67807201278429], [-90.29216443101578, 38.68270606246168], [-90.29773724885335, 38.68733986905835], [-90.30331078462868, 38.69197343244128], [-90.30888503852013, 38.69660675247757], [-90.31446001070607, 38.70123982903419], [-90.32003570136486, 38.70587266197814], [-90.32561211067481, 38.710505251176386], [-90.33118923881437, 38.715137596495865], [-90.3367670859619, 38.719769697803464], [-90.34234565229588, 38.724401554966114], [-90.34792493799469, 38.72903316785066], [-90.35350494323681, 38.73366453632395], [-90.35908566820065, 38.73829566025279], [-90.36466711306467, 38.742926539503976], [-90.37024927800739, 38.74755717394432]]}}, {"type": "Feature", "properties": {"route_run_id": "stl_st_louis_downtown_airport_to_st_louis_lambert_2026-01-12_0177", "route_pair": "st_louis_downtown_airport_to_st_louis_lambert", "route_pair_label": "St. Louis Downtown Airport to St. Louis Lambert", "origin_label": "St. Louis Downtown Airport", "destination_label": "St. Louis Lambert International Airport", "origin_lat": 38.5703611, "origin_lon": -90.1550833, "destination_lat": 38.7486982, "destination_lon": -90.3700257, "traffic_date": "2026-01-12", "traffic_dataset": "January 12th - Monday", "weight_id": "w_0177", "distance_weight": 0.3, "population_weight": 0.1, "traffic_weight": 0.1, "airspace_weight": 0.5, "path_nodes": 40, "path_node_ids": [2179, 2180, 2174, 2199, 2203, 2207, 2341, 2344, 2368, 2374, 2394, 2397, 2712, 2716, 2739, 2746, 2769, 2773, 3985, 3988, 3992, 3994, 4019, 4017, 4022, 4029, 4034, 4060, 4064, 5048, 5052, 5076, 5082, 5299, 5304, 5319, 5321, 5357, 5358, 5364], "elapsed_seconds": 0.02455329999793321, "status": "success", "failure_reason": "", "route_distance_km": 35.06932923764436, "distance_cost_sum": 38.59606473313351, "population_cost_sum": 24.787572976016946, "traffic_cost_sum": 17.839922019494136, "airspace_cost_sum": 33.4, "total_weighted_score": 32.54156891949116}, "geometry": {"type": "LineString", "coordinates": [[-90.15289905765549, 38.57128267769979], [-90.15845430205954, 38.57592253965332], [-90.16401026010618, 38.58056216167], [-90.16956693197352, 38.58520154361737], [-90.17512431783956, 38.5898406853631], [-90.18068241788241, 38.5944795867747], [-90.18624123228014, 38.59911824771971], [-90.19180076121087, 38.60375666806568], [-90.19736100485268, 38.60839484768009], [-90.20292196338367, 38.61303278643038], [-90.2084836369821, 38.617670484184025], [-90.21404602582597, 38.62230794080845], [-90.21960913009349, 38.62694515617101], [-90.22517294996291, 38.63158213013913], [-90.23073748561237, 38.63621886258013], [-90.23630273722006, 38.640855353361346], [-90.24186870496423, 38.645491602350084], [-90.24743538902311, 38.65012760941361], [-90.25300278957496, 38.654763374419176], [-90.25857090679797, 38.65939889723403], [-90.26413974087053, 38.66403417772537], [-90.26970929197084, 38.66866921576039], [-90.27527956027723, 38.67330401120623], [-90.28102094844074, 38.67343772015905], [-90.28659233093768, 38.67807201278429], [-90.29216443101578, 38.68270606246168], [-90.29773724885335, 38.68733986905835], [-90.30331078462868, 38.69197343244128], [-90.30888503852013, 38.69660675247757], [-90.31446001070607, 38.70123982903419], [-90.32003570136486, 38.70587266197814], [-90.32561211067481, 38.710505251176386], [-90.33118923881437, 38.715137596495865], [-90.3367670859619, 38.719769697803464], [-90.34234565229588, 38.724401554966114], [-90.34792493799469, 38.72903316785066], [-90.35350494323681, 38.73366453632395], [-90.35908566820065, 38.73829566025279], [-90.36466711306467, 38.742926539503976], [-90.37024927800739, 38.74755717394432]]}}, {"type": "Feature", "properties": {"route_run_id": "stl_st_louis_downtown_airport_to_st_louis_lambert_2026-01-12_0194", "route_pair": "st_louis_downtown_airport_to_st_louis_lambert", "route_pair_label": "St. Louis Downtown Airport to St. Louis Lambert", "origin_label": "St. Louis Downtown Airport", "destination_label": "St. Louis Lambert International Airport", "origin_lat": 38.5703611, "origin_lon": -90.1550833, "destination_lat": 38.7486982, "destination_lon": -90.3700257, "traffic_date": "2026-01-12", "traffic_dataset": "January 12th - Monday", "weight_id": "w_0194", "distance_weight": 0.3, "population_weight": 0.4, "traffic_weight": 0.0, "airspace_weight": 0.3, "path_nodes": 43, "path_node_ids": [2179, 2180, 2174, 2199, 2203, 2207, 2341, 2345, 2370, 2373, 2398, 2709, 2711, 2714, 2750, 2744, 2770, 2772, 2777, 3989, 3993, 4006, 4008, 4021, 4045, 4047, 4058, 4062, 4077, 4082, 4084, 5080, 5084, 5310, 5311, 5337, 5320, 5322, 5323, 5346, 5357, 5358, 5364], "elapsed_seconds": 0.023056000005453825, "status": "success", "failure_reason": "", "route_distance_km": 36.197024617572914, "distance_cost_sum": 39.83716642595565, "population_cost_sum": 17.31210242086407, "traffic_cost_sum": 23.983742516081602, "airspace_cost_sum": 36.4, "total_weighted_score": 29.795990896132324}, "geometry": {"type": "LineString", "coordinates": [[-90.15289905765549, 38.57128267769979], [-90.15845430205954, 38.57592253965332], [-90.16401026010618, 38.58056216167], [-90.16956693197352, 38.58520154361737], [-90.17512431783956, 38.5898406853631], [-90.18068241788241, 38.5944795867747], [-90.18624123228014, 38.59911824771971], [-90.18606536210271, 38.60361878809667], [-90.19162520914848, 38.60825722636621], [-90.19718577106451, 38.612895423864465], [-90.20274704802898, 38.61753338045887], [-90.2083090402201, 38.622171096016864], [-90.21387174781604, 38.62680857040582], [-90.21943517099498, 38.631445803493165], [-90.22499930993523, 38.636082795146216], [-90.23056416481495, 38.64071954523234], [-90.2361297358124, 38.64535605361884], [-90.24169602310592, 38.649992320172984], [-90.24726302687371, 38.65462834476206], [-90.25283074729404, 38.65926412725328], [-90.2583991845453, 38.663899667513896], [-90.26396833880578, 38.66853496541107], [-90.26953821025378, 38.673170020811966], [-90.2751087990677, 38.67780483358376], [-90.28068010542587, 38.682439403593555], [-90.28625212950666, 38.68707373070842], [-90.29182487148844, 38.69170781479548], [-90.29739833154962, 38.69634165572174], [-90.30297250986867, 38.70097525335427], [-90.30280331580018, 38.70547615766316], [-90.30837853409372, 38.710109528957155], [-90.31395447116216, 38.71474265665128], [-90.31378588266769, 38.71924359100243], [-90.31936286061908, 38.72387649197406], [-90.32494055786266, 38.72850914903958], [-90.330518974577, 38.7331415620659], [-90.33626541075455, 38.733272728767844], [-90.3420118843105, 38.73340361338185], [-90.34775839516463, 38.73353421590239], [-90.35333872308522, 38.73816560113835], [-90.35908566820065, 38.73829566025279], [-90.36466711306467, 38.742926539503976], [-90.37024927800739, 38.74755717394432]]}}, {"type": "Feature", "properties": {"route_run_id": "stl_st_louis_downtown_airport_to_st_louis_lambert_2026-01-12_0077", "route_pair": "st_louis_downtown_airport_to_st_louis_lambert", "route_pair_label": "St. Louis Downtown Airport to St. Louis Lambert", "origin_label": "St. Louis Downtown Airport", "destination_label": "St. Louis Lambert International Airport", "origin_lat": 38.5703611, "origin_lon": -90.1550833, "destination_lat": 38.7486982, "destination_lon": -90.3700257, "traffic_date": "2026-01-12", "traffic_dataset": "January 12th - Monday", "weight_id": "w_0077", "distance_weight": 0.1, "population_weight": 0.1, "traffic_weight": 0.0, "airspace_weight": 0.8, "path_nodes": 40, "path_node_ids": [2179, 2180, 2174, 2199, 2203, 2207, 2341, 2344, 2368, 2374, 2394, 2397, 2712, 2716, 2739, 2746, 2769, 2773, 3985, 3988, 3992, 3994, 4019, 4017, 4022, 4029, 4034, 4060, 4064, 5048, 5052, 5076, 5082, 5299, 5304, 5319, 5321, 5357, 5358, 5364], "elapsed_seconds": 0.052492600021651015, "status": "success", "failure_reason": "", "route_distance_km": 35.06932923764436, "distance_cost_sum": 38.59606473313351, "population_cost_sum": 24.787572976016946, "traffic_cost_sum": 17.839922019494136, "airspace_cost_sum": 33.4, "total_weighted_score": 33.05836377091505}, "geometry": {"type": "LineString", "coordinates": [[-90.15289905765549, 38.57128267769979], [-90.15845430205954, 38.57592253965332], [-90.16401026010618, 38.58056216167], [-90.16956693197352, 38.58520154361737], [-90.17512431783956, 38.5898406853631], [-90.18068241788241, 38.5944795867747], [-90.18624123228014, 38.59911824771971], [-90.19180076121087, 38.60375666806568], [-90.19736100485268, 38.60839484768009], [-90.20292196338367, 38.61303278643038], [-90.2084836369821, 38.617670484184025], [-90.21404602582597, 38.62230794080845], [-90.21960913009349, 38.62694515617101], [-90.22517294996291, 38.63158213013913], [-90.23073748561237, 38.63621886258013], [-90.23630273722006, 38.640855353361346], [-90.24186870496423, 38.645491602350084], [-90.24743538902311, 38.65012760941361], [-90.25300278957496, 38.654763374419176], [-90.25857090679797, 38.65939889723403], [-90.26413974087053, 38.66403417772537], [-90.26970929197084, 38.66866921576039], [-90.27527956027723, 38.67330401120623], [-90.28102094844074, 38.67343772015905], [-90.28659233093768, 38.67807201278429], [-90.29216443101578, 38.68270606246168], [-90.29773724885335, 38.68733986905835], [-90.30331078462868, 38.69197343244128], [-90.30888503852013, 38.69660675247757], [-90.31446001070607, 38.70123982903419], [-90.32003570136486, 38.70587266197814], [-90.32561211067481, 38.710505251176386], [-90.33118923881437, 38.715137596495865], [-90.3367670859619, 38.719769697803464], [-90.34234565229588, 38.724401554966114], [-90.34792493799469, 38.72903316785066], [-90.35350494323681, 38.73366453632395], [-90.35908566820065, 38.73829566025279], [-90.36466711306467, 38.742926539503976], [-90.37024927800739, 38.74755717394432]]}}, {"type": "Feature", "properties": {"route_run_id": "stl_st_louis_downtown_airport_to_st_louis_lambert_2026-01-12_0041", "route_pair": "st_louis_downtown_airport_to_st_louis_lambert", "route_pair_label": "St. Louis Downtown Airport to St. Louis Lambert", "origin_label": "St. Louis Downtown Airport", "destination_label": "St. Louis Lambert International Airport", "origin_lat": 38.5703611, "origin_lon": -90.1550833, "destination_lat": 38.7486982, "destination_lon": -90.3700257, "traffic_date": "2026-01-12", "traffic_dataset": "January 12th - Monday", "weight_id": "w_0041", "distance_weight": 0.0, "population_weight": 0.4, "traffic_weight": 0.2, "airspace_weight": 0.4, "path_nodes": 43, "path_node_ids": [2179, 2180, 2174, 2199, 2203, 2206, 2449, 2345, 2370, 2373, 2398, 2709, 2711, 2714, 2750, 2744, 2770, 2772, 2777, 3989, 3993, 4006, 4008, 4021, 4045, 4047, 4058, 4062, 4075, 4082, 4084, 5080, 5084, 5310, 5311, 5337, 5320, 5322, 5323, 5346, 5357, 5358, 5364], "elapsed_seconds": 0.045631199987838045, "status": "success", "failure_reason": "", "route_distance_km": 36.19706506082596, "distance_cost_sum": 39.83721093637107, "population_cost_sum": 17.31210242086407, "traffic_cost_sum": 23.35796935384401, "airspace_cost_sum": 36.4, "total_weighted_score": 26.156434839114432}, "geometry": {"type": "LineString", "coordinates": [[-90.15289905765549, 38.57128267769979], [-90.15845430205954, 38.57592253965332], [-90.16401026010618, 38.58056216167], [-90.16956693197352, 38.58520154361737], [-90.17512431783956, 38.5898406853631], [-90.17494781190939, 38.59434118977373], [-90.18050622974906, 38.59898010918833], [-90.18606536210271, 38.60361878809667], [-90.19162520914848, 38.60825722636621], [-90.19718577106451, 38.612895423864465], [-90.20274704802898, 38.61753338045887], [-90.2083090402201, 38.622171096016864], [-90.21387174781604, 38.62680857040582], [-90.21943517099498, 38.631445803493165], [-90.22499930993523, 38.636082795146216], [-90.23056416481495, 38.64071954523234], [-90.2361297358124, 38.64535605361884], [-90.24169602310592, 38.649992320172984], [-90.24726302687371, 38.65462834476206], [-90.25283074729404, 38.65926412725328], [-90.2583991845453, 38.663899667513896], [-90.26396833880578, 38.66853496541107], [-90.26953821025378, 38.673170020811966], [-90.2751087990677, 38.67780483358376], [-90.28068010542587, 38.682439403593555], [-90.28625212950666, 38.68707373070842], [-90.29182487148844, 38.69170781479548], [-90.29739833154962, 38.69634165572174], [-90.297228816103, 38.700842542902386], [-90.30280331580018, 38.70547615766316], [-90.30837853409372, 38.710109528957155], [-90.31395447116216, 38.71474265665128], [-90.31378588266769, 38.71924359100243], [-90.31936286061908, 38.72387649197406], [-90.32494055786266, 38.72850914903958], [-90.330518974577, 38.7331415620659], [-90.33626541075455, 38.733272728767844], [-90.3420118843105, 38.73340361338185], [-90.34775839516463, 38.73353421590239], [-90.35333872308522, 38.73816560113835], [-90.35908566820065, 38.73829566025279], [-90.36466711306467, 38.742926539503976], [-90.37024927800739, 38.74755717394432]]}}, {"type": "Feature", "properties": {"route_run_id": "stl_st_louis_downtown_airport_to_st_louis_lambert_2026-01-12_0209", "route_pair": "st_louis_downtown_airport_to_st_louis_lambert", "route_pair_label": "St. Louis Downtown Airport to St. Louis Lambert", "origin_label": "St. Louis Downtown Airport", "destination_label": "St. Louis Lambert International Airport", "origin_lat": 38.5703611, "origin_lon": -90.1550833, "destination_lat": 38.7486982, "destination_lon": -90.3700257, "traffic_date": "2026-01-12", "traffic_dataset": "January 12th - Monday", "weight_id": "w_0209", "distance_weight": 0.4, "population_weight": 0.0, "traffic_weight": 0.5, "airspace_weight": 0.1, "path_nodes": 41, "path_node_ids": [2179, 2147, 2157, 2170, 2175, 2201, 2313, 2316, 2342, 2347, 2366, 2389, 2392, 2396, 2724, 2727, 2742, 2743, 2681, 2682, 2685, 3986, 2706, 4015, 4017, 4022, 4029, 4034, 4060, 4064, 5048, 5052, 5076, 5082, 5299, 5304, 5319, 5321, 5357, 5358, 5364], "elapsed_seconds": 0.00821979998727329, "status": "success", "failure_reason": "", "route_distance_km": 35.442843120650096, "distance_cost_sum": 39.00714091624279, "population_cost_sum": 26.327607483472868, "traffic_cost_sum": 16.78312655842246, "airspace_cost_sum": 34.4, "total_weighted_score": 27.43441964570835}, "geometry": {"type": "LineString", "coordinates": [[-90.15289905765549, 38.57128267769979], [-90.15863172081019, 38.571422085329914], [-90.16436442357126, 38.57156121262679], [-90.16992046069078, 38.5762005584167], [-90.17547721149117, 38.58083966408426], [-90.1810346761504, 38.585478529497074], [-90.18659285484642, 38.5901171545227], [-90.19215174775724, 38.5947555390287], [-90.19771135506093, 38.5993936828826], [-90.2032716769355, 38.60403158595187], [-90.208832713559, 38.60866924810401], [-90.21439446510948, 38.61330666920645], [-90.21995693176504, 38.61794384912666], [-90.22552011370372, 38.622580787732026], [-90.23108401110366, 38.627217484889904], [-90.23664862414297, 38.63185394046768], [-90.24221395299979, 38.63649015433267], [-90.24777999785228, 38.641126126352205], [-90.25334675887852, 38.64576185639355], [-90.25891423625677, 38.65039734432395], [-90.26448243016516, 38.6550325900107], [-90.27005134078189, 38.65966759332096], [-90.27562096828521, 38.66430235412195], [-90.28119131285328, 38.668936872280845], [-90.28102094844074, 38.67343772015905], [-90.28659233093768, 38.67807201278429], [-90.29216443101578, 38.68270606246168], [-90.29773724885335, 38.68733986905835], [-90.30331078462868, 38.69197343244128], [-90.30888503852013, 38.69660675247757], [-90.31446001070607, 38.70123982903419], [-90.32003570136486, 38.70587266197814], [-90.32561211067481, 38.710505251176386], [-90.33118923881437, 38.715137596495865], [-90.3367670859619, 38.719769697803464], [-90.34234565229588, 38.724401554966114], [-90.34792493799469, 38.72903316785066], [-90.35350494323681, 38.73366453632395], [-90.35908566820065, 38.73829566025279], [-90.36466711306467, 38.742926539503976], [-90.37024927800739, 38.74755717394432]]}}, {"type": "Feature", "properties": {"route_run_id": "stl_st_louis_downtown_airport_to_st_louis_lambert_2026-01-12_0247", "route_pair": "st_louis_downtown_airport_to_st_louis_lambert", "route_pair_label": "St. Louis Downtown Airport to St. Louis Lambert", "origin_label": "St. Louis Downtown Airport", "destination_label": "St. Louis Lambert International Airport", "origin_lat": 38.5703611, "origin_lon": -90.1550833, "destination_lat": 38.7486982, "destination_lon": -90.3700257, "traffic_date": "2026-01-12", "traffic_dataset": "January 12th - Monday", "weight_id": "w_0247", "distance_weight": 0.5, "population_weight": 0.3, "traffic_weight": 0.0, "airspace_weight": 0.2, "path_nodes": 43, "path_node_ids": [2179, 2180, 2174, 2199, 2203, 2207, 2341, 2345, 2370, 2373, 2398, 2709, 2711, 2714, 2750, 2744, 2770, 2772, 2777, 3989, 3993, 4006, 4008, 4021, 4045, 4047, 4058, 4062, 4077, 4082, 4084, 5080, 5084, 5310, 5311, 5337, 5320, 5322, 5323, 5346, 5357, 5358, 5364], "elapsed_seconds": 0.010609300021314994, "status": "success", "failure_reason": "", "route_distance_km": 36.197024617572914, "distance_cost_sum": 39.83716642595565, "population_cost_sum": 17.31210242086407, "traffic_cost_sum": 23.983742516081602, "airspace_cost_sum": 36.4, "total_weighted_score": 32.392213939237045}, "geometry": {"type": "LineString", "coordinates": [[-90.15289905765549, 38.57128267769979], [-90.15845430205954, 38.57592253965332], [-90.16401026010618, 38.58056216167], [-90.16956693197352, 38.58520154361737], [-90.17512431783956, 38.5898406853631], [-90.18068241788241, 38.5944795867747], [-90.18624123228014, 38.59911824771971], [-90.18606536210271, 38.60361878809667], [-90.19162520914848, 38.60825722636621], [-90.19718577106451, 38.612895423864465], [-90.20274704802898, 38.61753338045887], [-90.2083090402201, 38.622171096016864], [-90.21387174781604, 38.62680857040582], [-90.21943517099498, 38.631445803493165], [-90.22499930993523, 38.636082795146216], [-90.23056416481495, 38.64071954523234], [-90.2361297358124, 38.64535605361884], [-90.24169602310592, 38.649992320172984], [-90.24726302687371, 38.65462834476206], [-90.25283074729404, 38.65926412725328], [-90.2583991845453, 38.663899667513896], [-90.26396833880578, 38.66853496541107], [-90.26953821025378, 38.673170020811966], [-90.2751087990677, 38.67780483358376], [-90.28068010542587, 38.682439403593555], [-90.28625212950666, 38.68707373070842], [-90.29182487148844, 38.69170781479548], [-90.29739833154962, 38.69634165572174], [-90.30297250986867, 38.70097525335427], [-90.30280331580018, 38.70547615766316], [-90.30837853409372, 38.710109528957155], [-90.31395447116216, 38.71474265665128], [-90.31378588266769, 38.71924359100243], [-90.31936286061908, 38.72387649197406], [-90.32494055786266, 38.72850914903958], [-90.330518974577, 38.7331415620659], [-90.33626541075455, 38.733272728767844], [-90.3420118843105, 38.73340361338185], [-90.34775839516463, 38.73353421590239], [-90.35333872308522, 38.73816560113835], [-90.35908566820065, 38.73829566025279], [-90.36466711306467, 38.742926539503976], [-90.37024927800739, 38.74755717394432]]}}, {"type": "Feature", "properties": {"route_run_id": "stl_st_louis_downtown_airport_to_st_louis_lambert_2026-01-12_0206", "route_pair": "st_louis_downtown_airport_to_st_louis_lambert", "route_pair_label": "St. Louis Downtown Airport to St. Louis Lambert", "origin_label": "St. Louis Downtown Airport", "destination_label": "St. Louis Lambert International Airport", "origin_lat": 38.5703611, "origin_lon": -90.1550833, "destination_lat": 38.7486982, "destination_lon": -90.3700257, "traffic_date": "2026-01-12", "traffic_dataset": "January 12th - Monday", "weight_id": "w_0206", "distance_weight": 0.4, "population_weight": 0.0, "traffic_weight": 0.2, "airspace_weight": 0.4, "path_nodes": 40, "path_node_ids": [2179, 2180, 2174, 2199, 2203, 2207, 2341, 2344, 2368, 2374, 2394, 2397, 2712, 2716, 2739, 2746, 2769, 2773, 3985, 3988, 3992, 3990, 4016, 4017, 4022, 4029, 4034, 4060, 4064, 5048, 5052, 5076, 5082, 5299, 5304, 5319, 5321, 5357, 5358, 5364], "elapsed_seconds": 0.01287080001202412, "status": "success", "failure_reason": "", "route_distance_km": 35.06925127294606, "distance_cost_sum": 38.59597892794111, "population_cost_sum": 25.05959051055676, "traffic_cost_sum": 17.839922019494136, "airspace_cost_sum": 33.4, "total_weighted_score": 32.36637597507527}, "geometry": {"type": "LineString", "coordinates": [[-90.15289905765549, 38.57128267769979], [-90.15845430205954, 38.57592253965332], [-90.16401026010618, 38.58056216167], [-90.16956693197352, 38.58520154361737], [-90.17512431783956, 38.5898406853631], [-90.18068241788241, 38.5944795867747], [-90.18624123228014, 38.59911824771971], [-90.19180076121087, 38.60375666806568], [-90.19736100485268, 38.60839484768009], [-90.20292196338367, 38.61303278643038], [-90.2084836369821, 38.617670484184025], [-90.21404602582597, 38.62230794080845], [-90.21960913009349, 38.62694515617101], [-90.22517294996291, 38.63158213013913], [-90.23073748561237, 38.63621886258013], [-90.23630273722006, 38.640855353361346], [-90.24186870496423, 38.645491602350084], [-90.24743538902311, 38.65012760941361], [-90.25300278957496, 38.654763374419176], [-90.25857090679797, 38.65939889723403], [-90.26413974087053, 38.66403417772537], [-90.26988033547711, 38.664168406596616], [-90.27545028334664, 38.66880318471887], [-90.28102094844074, 38.67343772015905], [-90.28659233093768, 38.67807201278429], [-90.29216443101578, 38.68270606246168], [-90.29773724885335, 38.68733986905835], [-90.30331078462868, 38.69197343244128], [-90.30888503852013, 38.69660675247757], [-90.31446001070607, 38.70123982903419], [-90.32003570136486, 38.70587266197814], [-90.32561211067481, 38.710505251176386], [-90.33118923881437, 38.715137596495865], [-90.3367670859619, 38.719769697803464], [-90.34234565229588, 38.724401554966114], [-90.34792493799469, 38.72903316785066], [-90.35350494323681, 38.73366453632395], [-90.35908566820065, 38.73829566025279], [-90.36466711306467, 38.742926539503976], [-90.37024927800739, 38.74755717394432]]}}, {"type": "Feature", "properties": {"route_run_id": "stl_st_louis_downtown_airport_to_st_louis_lambert_2026-01-12_0270", "route_pair": "st_louis_downtown_airport_to_st_louis_lambert", "route_pair_label": "St. Louis Downtown Airport to St. Louis Lambert", "origin_label": "St. Louis Downtown Airport", "destination_label": "St. Louis Lambert International Airport", "origin_lat": 38.5703611, "origin_lon": -90.1550833, "destination_lat": 38.7486982, "destination_lon": -90.3700257, "traffic_date": "2026-01-12", "traffic_dataset": "January 12th - Monday", "weight_id": "w_0270", "distance_weight": 0.7, "population_weight": 0.0, "traffic_weight": 0.2, "airspace_weight": 0.1, "path_nodes": 40, "path_node_ids": [2179, 2180, 2174, 2199, 2203, 2207, 2341, 2344, 2368, 2374, 2394, 2397, 2712, 2716, 2739, 2746, 2769, 2773, 3985, 3988, 3992, 3990, 4016, 4017, 4022, 4029, 4034, 4060, 4064, 5048, 5052, 5076, 5082, 5299, 5304, 5319, 5321, 5357, 5358, 5364], "elapsed_seconds": 0.005326699989382178, "status": "success", "failure_reason": "", "route_distance_km": 35.06925127294606, "distance_cost_sum": 38.59597892794111, "population_cost_sum": 25.05959051055676, "traffic_cost_sum": 17.839922019494136, "airspace_cost_sum": 33.4, "total_weighted_score": 33.9251696534576}, "geometry": {"type": "LineString", "coordinates": [[-90.15289905765549, 38.57128267769979], [-90.15845430205954, 38.57592253965332], [-90.16401026010618, 38.58056216167], [-90.16956693197352, 38.58520154361737], [-90.17512431783956, 38.5898406853631], [-90.18068241788241, 38.5944795867747], [-90.18624123228014, 38.59911824771971], [-90.19180076121087, 38.60375666806568], [-90.19736100485268, 38.60839484768009], [-90.20292196338367, 38.61303278643038], [-90.2084836369821, 38.617670484184025], [-90.21404602582597, 38.62230794080845], [-90.21960913009349, 38.62694515617101], [-90.22517294996291, 38.63158213013913], [-90.23073748561237, 38.63621886258013], [-90.23630273722006, 38.640855353361346], [-90.24186870496423, 38.645491602350084], [-90.24743538902311, 38.65012760941361], [-90.25300278957496, 38.654763374419176], [-90.25857090679797, 38.65939889723403], [-90.26413974087053, 38.66403417772537], [-90.26988033547711, 38.664168406596616], [-90.27545028334664, 38.66880318471887], [-90.28102094844074, 38.67343772015905], [-90.28659233093768, 38.67807201278429], [-90.29216443101578, 38.68270606246168], [-90.29773724885335, 38.68733986905835], [-90.30331078462868, 38.69197343244128], [-90.30888503852013, 38.69660675247757], [-90.31446001070607, 38.70123982903419], [-90.32003570136486, 38.70587266197814], [-90.32561211067481, 38.710505251176386], [-90.33118923881437, 38.715137596495865], [-90.3367670859619, 38.719769697803464], [-90.34234565229588, 38.724401554966114], [-90.34792493799469, 38.72903316785066], [-90.35350494323681, 38.73366453632395], [-90.35908566820065, 38.73829566025279], [-90.36466711306467, 38.742926539503976], [-90.37024927800739, 38.74755717394432]]}}, {"type": "Feature", "properties": {"route_run_id": "stl_st_louis_downtown_airport_to_st_louis_lambert_2026-01-12_0153", "route_pair": "st_louis_downtown_airport_to_st_louis_lambert", "route_pair_label": "St. Louis Downtown Airport to St. Louis Lambert", "origin_label": "St. Louis Downtown Airport", "destination_label": "St. Louis Lambert International Airport", "origin_lat": 38.5703611, "origin_lon": -90.1550833, "destination_lat": 38.7486982, "destination_lon": -90.3700257, "traffic_date": "2026-01-12", "traffic_dataset": "January 12th - Monday", "weight_id": "w_0153", "distance_weight": 0.2, "population_weight": 0.4, "traffic_weight": 0.1, "airspace_weight": 0.3, "path_nodes": 43, "path_node_ids": [2179, 2180, 2174, 2199, 2203, 2206, 2449, 2345, 2370, 2373, 2398, 2709, 2711, 2714, 2750, 2744, 2770, 2772, 2777, 3989, 3993, 4006, 4008, 4021, 4045, 4047, 4058, 4062, 4077, 4082, 4084, 5080, 5084, 5310, 5311, 5337, 5320, 5322, 5323, 5346, 5357, 5358, 5364], "elapsed_seconds": 0.03273750000516884, "status": "success", "failure_reason": "", "route_distance_km": 36.197051437601615, "distance_cost_sum": 39.837195943131675, "population_cost_sum": 17.31210242086407, "traffic_cost_sum": 23.35796935384401, "airspace_cost_sum": 36.4, "total_weighted_score": 28.148077092356367}, "geometry": {"type": "LineString", "coordinates": [[-90.15289905765549, 38.57128267769979], [-90.15845430205954, 38.57592253965332], [-90.16401026010618, 38.58056216167], [-90.16956693197352, 38.58520154361737], [-90.17512431783956, 38.5898406853631], [-90.17494781190939, 38.59434118977373], [-90.18050622974906, 38.59898010918833], [-90.18606536210271, 38.60361878809667], [-90.19162520914848, 38.60825722636621], [-90.19718577106451, 38.612895423864465], [-90.20274704802898, 38.61753338045887], [-90.2083090402201, 38.622171096016864], [-90.21387174781604, 38.62680857040582], [-90.21943517099498, 38.631445803493165], [-90.22499930993523, 38.636082795146216], [-90.23056416481495, 38.64071954523234], [-90.2361297358124, 38.64535605361884], [-90.24169602310592, 38.649992320172984], [-90.24726302687371, 38.65462834476206], [-90.25283074729404, 38.65926412725328], [-90.2583991845453, 38.663899667513896], [-90.26396833880578, 38.66853496541107], [-90.26953821025378, 38.673170020811966], [-90.2751087990677, 38.67780483358376], [-90.28068010542587, 38.682439403593555], [-90.28625212950666, 38.68707373070842], [-90.29182487148844, 38.69170781479548], [-90.29739833154962, 38.69634165572174], [-90.30297250986867, 38.70097525335427], [-90.30280331580018, 38.70547615766316], [-90.30837853409372, 38.710109528957155], [-90.31395447116216, 38.71474265665128], [-90.31378588266769, 38.71924359100243], [-90.31936286061908, 38.72387649197406], [-90.32494055786266, 38.72850914903958], [-90.330518974577, 38.7331415620659], [-90.33626541075455, 38.733272728767844], [-90.3420118843105, 38.73340361338185], [-90.34775839516463, 38.73353421590239], [-90.35333872308522, 38.73816560113835], [-90.35908566820065, 38.73829566025279], [-90.36466711306467, 38.742926539503976], [-90.37024927800739, 38.74755717394432]]}}, {"type": "Feature", "properties": {"route_run_id": "stl_st_louis_downtown_airport_to_st_louis_lambert_2026-01-12_0067", "route_pair": "st_louis_downtown_airport_to_st_louis_lambert", "route_pair_label": "St. Louis Downtown Airport to St. Louis Lambert", "origin_label": "St. Louis Downtown Airport", "destination_label": "St. Louis Lambert International Airport", "origin_lat": 38.5703611, "origin_lon": -90.1550833, "destination_lat": 38.7486982, "destination_lon": -90.3700257, "traffic_date": "2026-01-12", "traffic_dataset": "January 12th - Monday", "weight_id": "w_0067", "distance_weight": 0.1, "population_weight": 0.0, "traffic_weight": 0.0, "airspace_weight": 0.9, "path_nodes": 40, "path_node_ids": [2179, 2147, 2172, 2176, 2200, 2204, 2317, 2340, 2346, 2371, 2391, 2395, 2708, 2713, 2738, 2741, 2745, 2747, 2684, 2687, 3987, 3990, 4016, 4017, 4022, 4029, 4034, 4060, 4064, 5048, 5052, 5076, 5082, 5299, 5304, 5319, 5321, 5357, 5358, 5364], "elapsed_seconds": 0.05371460001333617, "status": "success", "failure_reason": "", "route_distance_km": 35.06847425714207, "distance_cost_sum": 38.5951237717998, "population_cost_sum": 26.02381511715049, "traffic_cost_sum": 20.11965029009705, "airspace_cost_sum": 33.4, "total_weighted_score": 33.919512377179984}, "geometry": {"type": "LineString", "coordinates": [[-90.15289905765549, 38.57128267769979], [-90.15863172081019, 38.571422085329914], [-90.16418736160693, 38.57606168922697], [-90.16974371606538, 38.58070105309441], [-90.17530078436367, 38.58534017679984], [-90.1808585666797, 38.58997906021084], [-90.18641706319154, 38.594617703194956], [-90.1919762740773, 38.599256105619745], [-90.19753619951499, 38.60389426735269], [-90.20309683968271, 38.60853218826128], [-90.20865819475857, 38.61316986821297], [-90.21422026492066, 38.617807307075225], [-90.21978305034705, 38.62244450471542], [-90.22534655121595, 38.62708146100096], [-90.2309107677055, 38.63171817579922], [-90.2364756999938, 38.63635464897752], [-90.2420413482591, 38.64099088040321], [-90.24760771267954, 38.645626869943555], [-90.25317479343335, 38.65026261746583], [-90.25874259069872, 38.654898122837295], [-90.26431110465388, 38.659533385925144], [-90.26988033547711, 38.664168406596616], [-90.27545028334664, 38.66880318471887], [-90.28102094844074, 38.67343772015905], [-90.28659233093768, 38.67807201278429], [-90.29216443101578, 38.68270606246168], [-90.29773724885335, 38.68733986905835], [-90.30331078462868, 38.69197343244128], [-90.30888503852013, 38.69660675247757], [-90.31446001070607, 38.70123982903419], [-90.32003570136486, 38.70587266197814], [-90.32561211067481, 38.710505251176386], [-90.33118923881437, 38.715137596495865], [-90.3367670859619, 38.719769697803464], [-90.34234565229588, 38.724401554966114], [-90.34792493799469, 38.72903316785066], [-90.35350494323681, 38.73366453632395], [-90.35908566820065, 38.73829566025279], [-90.36466711306467, 38.742926539503976], [-90.37024927800739, 38.74755717394432]]}}, {"type": "Feature", "properties": {"route_run_id": "stl_st_louis_downtown_airport_to_st_louis_lambert_2026-01-12_0275", "route_pair": "st_louis_downtown_airport_to_st_louis_lambert", "route_pair_label": "St. Louis Downtown Airport to St. Louis Lambert", "origin_label": "St. Louis Downtown Airport", "destination_label": "St. Louis Lambert International Airport", "origin_lat": 38.5703611, "origin_lon": -90.1550833, "destination_lat": 38.7486982, "destination_lon": -90.3700257, "traffic_date": "2026-01-12", "traffic_dataset": "January 12th - Monday", "weight_id": "w_0275", "distance_weight": 0.7, "population_weight": 0.2, "traffic_weight": 0.0, "airspace_weight": 0.1, "path_nodes": 43, "path_node_ids": [2179, 2180, 2174, 2199, 2203, 2207, 2341, 2345, 2370, 2373, 2398, 2709, 2711, 2714, 2750, 2744, 2770, 2772, 2777, 3989, 3993, 4006, 4008, 4021, 4045, 4047, 4058, 4062, 4077, 4082, 4084, 5080, 5084, 5310, 5311, 5337, 5320, 5322, 5323, 5346, 5357, 5358, 5364], "elapsed_seconds": 0.006622399989282712, "status": "success", "failure_reason": "", "route_distance_km": 36.197024617572914, "distance_cost_sum": 39.83716642595565, "population_cost_sum": 17.31210242086407, "traffic_cost_sum": 23.983742516081602, "airspace_cost_sum": 36.4, "total_weighted_score": 34.98843698234177}, "geometry": {"type": "LineString", "coordinates": [[-90.15289905765549, 38.57128267769979], [-90.15845430205954, 38.57592253965332], [-90.16401026010618, 38.58056216167], [-90.16956693197352, 38.58520154361737], [-90.17512431783956, 38.5898406853631], [-90.18068241788241, 38.5944795867747], [-90.18624123228014, 38.59911824771971], [-90.18606536210271, 38.60361878809667], [-90.19162520914848, 38.60825722636621], [-90.19718577106451, 38.612895423864465], [-90.20274704802898, 38.61753338045887], [-90.2083090402201, 38.622171096016864], [-90.21387174781604, 38.62680857040582], [-90.21943517099498, 38.631445803493165], [-90.22499930993523, 38.636082795146216], [-90.23056416481495, 38.64071954523234], [-90.2361297358124, 38.64535605361884], [-90.24169602310592, 38.649992320172984], [-90.24726302687371, 38.65462834476206], [-90.25283074729404, 38.65926412725328], [-90.2583991845453, 38.663899667513896], [-90.26396833880578, 38.66853496541107], [-90.26953821025378, 38.673170020811966], [-90.2751087990677, 38.67780483358376], [-90.28068010542587, 38.682439403593555], [-90.28625212950666, 38.68707373070842], [-90.29182487148844, 38.69170781479548], [-90.29739833154962, 38.69634165572174], [-90.30297250986867, 38.70097525335427], [-90.30280331580018, 38.70547615766316], [-90.30837853409372, 38.710109528957155], [-90.31395447116216, 38.71474265665128], [-90.31378588266769, 38.71924359100243], [-90.31936286061908, 38.72387649197406], [-90.32494055786266, 38.72850914903958], [-90.330518974577, 38.7331415620659], [-90.33626541075455, 38.733272728767844], [-90.3420118843105, 38.73340361338185], [-90.34775839516463, 38.73353421590239], [-90.35333872308522, 38.73816560113835], [-90.35908566820065, 38.73829566025279], [-90.36466711306467, 38.742926539503976], [-90.37024927800739, 38.74755717394432]]}}, {"type": "Feature", "properties": {"route_run_id": "stl_st_louis_downtown_airport_to_st_louis_lambert_2026-01-12_0072", "route_pair": "st_louis_downtown_airport_to_st_louis_lambert", "route_pair_label": "St. Louis Downtown Airport to St. Louis Lambert", "origin_label": "St. Louis Downtown Airport", "destination_label": "St. Louis Lambert International Airport", "origin_lat": 38.5703611, "origin_lon": -90.1550833, "destination_lat": 38.7486982, "destination_lon": -90.3700257, "traffic_date": "2026-01-12", "traffic_dataset": "January 12th - Monday", "weight_id": "w_0072", "distance_weight": 0.1, "population_weight": 0.0, "traffic_weight": 0.5, "airspace_weight": 0.4, "path_nodes": 41, "path_node_ids": [2179, 2147, 2157, 2170, 2175, 2201, 2313, 2316, 2342, 2347, 2366, 2389, 2392, 2396, 2724, 2727, 2742, 2743, 2681, 2682, 2685, 3986, 2706, 4015, 4017, 4022, 4029, 4034, 4060, 4064, 5048, 5052, 5076, 5082, 5299, 5304, 5319, 5321, 5357, 5358, 5364], "elapsed_seconds": 0.050687800016021356, "status": "success", "failure_reason": "", "route_distance_km": 35.442843120650096, "distance_cost_sum": 39.00714091624279, "population_cost_sum": 26.327607483472868, "traffic_cost_sum": 16.78312655842246, "airspace_cost_sum": 34.4, "total_weighted_score": 26.05227737083551}, "geometry": {"type": "LineString", "coordinates": [[-90.15289905765549, 38.57128267769979], [-90.15863172081019, 38.571422085329914], [-90.16436442357126, 38.57156121262679], [-90.16992046069078, 38.5762005584167], [-90.17547721149117, 38.58083966408426], [-90.1810346761504, 38.585478529497074], [-90.18659285484642, 38.5901171545227], [-90.19215174775724, 38.5947555390287], [-90.19771135506093, 38.5993936828826], [-90.2032716769355, 38.60403158595187], [-90.208832713559, 38.60866924810401], [-90.21439446510948, 38.61330666920645], [-90.21995693176504, 38.61794384912666], [-90.22552011370372, 38.622580787732026], [-90.23108401110366, 38.627217484889904], [-90.23664862414297, 38.63185394046768], [-90.24221395299979, 38.63649015433267], [-90.24777999785228, 38.641126126352205], [-90.25334675887852, 38.64576185639355], [-90.25891423625677, 38.65039734432395], [-90.26448243016516, 38.6550325900107], [-90.27005134078189, 38.65966759332096], [-90.27562096828521, 38.66430235412195], [-90.28119131285328, 38.668936872280845], [-90.28102094844074, 38.67343772015905], [-90.28659233093768, 38.67807201278429], [-90.29216443101578, 38.68270606246168], [-90.29773724885335, 38.68733986905835], [-90.30331078462868, 38.69197343244128], [-90.30888503852013, 38.69660675247757], [-90.31446001070607, 38.70123982903419], [-90.32003570136486, 38.70587266197814], [-90.32561211067481, 38.710505251176386], [-90.33118923881437, 38.715137596495865], [-90.3367670859619, 38.719769697803464], [-90.34234565229588, 38.724401554966114], [-90.34792493799469, 38.72903316785066], [-90.35350494323681, 38.73366453632395], [-90.35908566820065, 38.73829566025279], [-90.36466711306467, 38.742926539503976], [-90.37024927800739, 38.74755717394432]]}}, {"type": "Feature", "properties": {"route_run_id": "stl_st_louis_downtown_airport_to_st_louis_lambert_2026-01-12_0252", "route_pair": "st_louis_downtown_airport_to_st_louis_lambert", "route_pair_label": "St. Louis Downtown Airport to St. Louis Lambert", "origin_label": "St. Louis Downtown Airport", "destination_label": "St. Louis Lambert International Airport", "origin_lat": 38.5703611, "origin_lon": -90.1550833, "destination_lat": 38.7486982, "destination_lon": -90.3700257, "traffic_date": "2026-01-12", "traffic_dataset": "January 12th - Monday", "weight_id": "w_0252", "distance_weight": 0.5, "population_weight": 0.5, "traffic_weight": 0.0, "airspace_weight": 0.0, "path_nodes": 54, "path_node_ids": [2179, 2180, 2183, 2186, 2419, 2423, 2448, 2452, 2455, 2478, 2482, 2483, 2487, 2811, 2812, 2816, 2858, 2863, 2864, 2795, 2796, 3899, 3902, 3914, 3948, 3947, 3952, 3940, 3977, 3976, 3941, 4043, 4066, 4067, 4068, 4185, 4187, 4186, 4076, 4075, 4082, 4084, 5080, 5084, 5310, 5311, 5337, 5320, 5322, 5323, 5346, 5357, 5358, 5364], "elapsed_seconds": 0.007854399998905137, "status": "success", "failure_reason": "", "route_distance_km": 40.86156395761667, "distance_cost_sum": 44.97079362191935, "population_cost_sum": 9.430295660424155, "traffic_cost_sum": 41.1011914992133, "airspace_cost_sum": 44.6, "total_weighted_score": 27.200544641171753}, "geometry": {"type": "LineString", "coordinates": [[-90.15289905765549, 38.57128267769979], [-90.15845430205954, 38.57592253965332], [-90.15827684369297, 38.58042298981685], [-90.1580993457009, 38.58492343582021], [-90.15792180807382, 38.58942387766302], [-90.16347871828971, 38.59406355405304], [-90.1690363428032, 38.598702990254786], [-90.17459468179258, 38.60334218613583], [-90.17441805758689, 38.60784267808668], [-90.174241393937, 38.61234316588366], [-90.17406469083332, 38.61684364952644], [-90.17388794826633, 38.621344129014695], [-90.17371116622648, 38.62584460434813], [-90.17353434470424, 38.6303450755264], [-90.17335748369, 38.63484554254923], [-90.17318058317427, 38.63934600541629], [-90.17300364314747, 38.64384646412727], [-90.17856556137721, 38.64848558173427], [-90.17838890046788, 38.65298605432084], [-90.18395185376184, 38.657624948976824], [-90.18951552366053, 38.66226360251709], [-90.1950799103427, 38.666902014808954], [-90.200645013987, 38.67154018571967], [-90.20621083477218, 38.67617811511645], [-90.21177737287698, 38.68081580286656], [-90.21751905445252, 38.68095265114052], [-90.22308670781703, 38.685589837485246], [-90.22882882604138, 38.685726144608395], [-90.23439759481155, 38.69036282917826], [-90.24014014948251, 38.69049859495047], [-90.24605541323987, 38.68613337677085], [-90.2517976862147, 38.68626855773688], [-90.25736804511756, 38.69090420272148], [-90.26311075393669, 38.69103884211091], [-90.26868222818311, 38.695673984376505], [-90.27425442059507, 38.700308883813186], [-90.27999796237877, 38.700442721166475], [-90.28574154227802, 38.70057627680287], [-90.29148516021279, 38.700709550716724], [-90.297228816103, 38.700842542902386], [-90.30280331580018, 38.70547615766316], [-90.30837853409372, 38.710109528957155], [-90.31395447116216, 38.71474265665128], [-90.31378588266769, 38.71924359100243], [-90.31936286061908, 38.72387649197406], [-90.32494055786266, 38.72850914903958], [-90.330518974577, 38.7331415620659], [-90.33626541075455, 38.733272728767844], [-90.3420118843105, 38.73340361338185], [-90.34775839516463, 38.73353421590239], [-90.35333872308522, 38.73816560113835], [-90.35908566820065, 38.73829566025279], [-90.36466711306467, 38.742926539503976], [-90.37024927800739, 38.74755717394432]]}}, {"type": "Feature", "properties": {"route_run_id": "stl_st_louis_downtown_airport_to_st_louis_lambert_2026-01-12_0274", "route_pair": "st_louis_downtown_airport_to_st_louis_lambert", "route_pair_label": "St. Louis Downtown Airport to St. Louis Lambert", "origin_label": "St. Louis Downtown Airport", "destination_label": "St. Louis Lambert International Airport", "origin_lat": 38.5703611, "origin_lon": -90.1550833, "destination_lat": 38.7486982, "destination_lon": -90.3700257, "traffic_date": "2026-01-12", "traffic_dataset": "January 12th - Monday", "weight_id": "w_0274", "distance_weight": 0.7, "population_weight": 0.1, "traffic_weight": 0.2, "airspace_weight": 0.0, "path_nodes": 40, "path_node_ids": [2179, 2180, 2174, 2199, 2203, 2207, 2341, 2344, 2368, 2374, 2394, 2397, 2712, 2716, 2739, 2746, 2769, 2773, 3985, 3988, 3992, 3994, 4019, 4020, 4023, 4055, 4059, 4063, 4064, 5048, 5052, 5076, 5082, 5299, 5304, 5319, 5321, 5357, 5358, 5364], "elapsed_seconds": 0.004425299994181842, "status": "success", "failure_reason": "", "route_distance_km": 35.0695243590648, "distance_cost_sum": 38.596279476875054, "population_cost_sum": 23.651108783135093, "traffic_cost_sum": 17.839922019494136, "airspace_cost_sum": 33.8, "total_weighted_score": 32.950490916024876}, "geometry": {"type": "LineString", "coordinates": [[-90.15289905765549, 38.57128267769979], [-90.15845430205954, 38.57592253965332], [-90.16401026010618, 38.58056216167], [-90.16956693197352, 38.58520154361737], [-90.17512431783956, 38.5898406853631], [-90.18068241788241, 38.5944795867747], [-90.18624123228014, 38.59911824771971], [-90.19180076121087, 38.60375666806568], [-90.19736100485268, 38.60839484768009], [-90.20292196338367, 38.61303278643038], [-90.2084836369821, 38.617670484184025], [-90.21404602582597, 38.62230794080845], [-90.21960913009349, 38.62694515617101], [-90.22517294996291, 38.63158213013913], [-90.23073748561237, 38.63621886258013], [-90.23630273722006, 38.640855353361346], [-90.24186870496423, 38.645491602350084], [-90.24743538902311, 38.65012760941361], [-90.25300278957496, 38.654763374419176], [-90.25857090679797, 38.65939889723403], [-90.26413974087053, 38.66403417772537], [-90.26970929197084, 38.66866921576039], [-90.27527956027723, 38.67330401120623], [-90.28085054596801, 38.677938563930056], [-90.28642224922152, 38.68257287379895], [-90.29199467021606, 38.68720694068001], [-90.29756780913004, 38.69184076444029], [-90.3031416661418, 38.696474344946864], [-90.30888503852013, 38.69660675247757], [-90.31446001070607, 38.70123982903419], [-90.32003570136486, 38.70587266197814], [-90.32561211067481, 38.710505251176386], [-90.33118923881437, 38.715137596495865], [-90.3367670859619, 38.719769697803464], [-90.34234565229588, 38.724401554966114], [-90.34792493799469, 38.72903316785066], [-90.35350494323681, 38.73366453632395], [-90.35908566820065, 38.73829566025279], [-90.36466711306467, 38.742926539503976], [-90.37024927800739, 38.74755717394432]]}}, {"type": "Feature", "properties": {"route_run_id": "stl_st_louis_downtown_airport_to_st_louis_lambert_2026-01-12_0131", "route_pair": "st_louis_downtown_airport_to_st_louis_lambert", "route_pair_label": "St. Louis Downtown Airport to St. Louis Lambert", "origin_label": "St. Louis Downtown Airport", "destination_label": "St. Louis Lambert International Airport", "origin_lat": 38.5703611, "origin_lon": -90.1550833, "destination_lat": 38.7486982, "destination_lon": -90.3700257, "traffic_date": "2026-01-12", "traffic_dataset": "January 12th - Monday", "weight_id": "w_0131", "distance_weight": 0.2, "population_weight": 0.1, "traffic_weight": 0.0, "airspace_weight": 0.7, "path_nodes": 40, "path_node_ids": [2179, 2180, 2174, 2199, 2203, 2207, 2341, 2344, 2368, 2374, 2394, 2397, 2712, 2716, 2739, 2746, 2769, 2773, 3985, 3988, 3992, 3994, 4019, 4017, 4022, 4029, 4034, 4060, 4064, 5048, 5052, 5076, 5082, 5299, 5304, 5319, 5321, 5357, 5358, 5364], "elapsed_seconds": 0.04207299998961389, "status": "success", "failure_reason": "", "route_distance_km": 35.06932923764436, "distance_cost_sum": 38.59606473313351, "population_cost_sum": 24.787572976016946, "traffic_cost_sum": 17.839922019494136, "airspace_cost_sum": 33.4, "total_weighted_score": 33.577970244228396}, "geometry": {"type": "LineString", "coordinates": [[-90.15289905765549, 38.57128267769979], [-90.15845430205954, 38.57592253965332], [-90.16401026010618, 38.58056216167], [-90.16956693197352, 38.58520154361737], [-90.17512431783956, 38.5898406853631], [-90.18068241788241, 38.5944795867747], [-90.18624123228014, 38.59911824771971], [-90.19180076121087, 38.60375666806568], [-90.19736100485268, 38.60839484768009], [-90.20292196338367, 38.61303278643038], [-90.2084836369821, 38.617670484184025], [-90.21404602582597, 38.62230794080845], [-90.21960913009349, 38.62694515617101], [-90.22517294996291, 38.63158213013913], [-90.23073748561237, 38.63621886258013], [-90.23630273722006, 38.640855353361346], [-90.24186870496423, 38.645491602350084], [-90.24743538902311, 38.65012760941361], [-90.25300278957496, 38.654763374419176], [-90.25857090679797, 38.65939889723403], [-90.26413974087053, 38.66403417772537], [-90.26970929197084, 38.66866921576039], [-90.27527956027723, 38.67330401120623], [-90.28102094844074, 38.67343772015905], [-90.28659233093768, 38.67807201278429], [-90.29216443101578, 38.68270606246168], [-90.29773724885335, 38.68733986905835], [-90.30331078462868, 38.69197343244128], [-90.30888503852013, 38.69660675247757], [-90.31446001070607, 38.70123982903419], [-90.32003570136486, 38.70587266197814], [-90.32561211067481, 38.710505251176386], [-90.33118923881437, 38.715137596495865], [-90.3367670859619, 38.719769697803464], [-90.34234565229588, 38.724401554966114], [-90.34792493799469, 38.72903316785066], [-90.35350494323681, 38.73366453632395], [-90.35908566820065, 38.73829566025279], [-90.36466711306467, 38.742926539503976], [-90.37024927800739, 38.74755717394432]]}}, {"type": "Feature", "properties": {"route_run_id": "stl_st_louis_downtown_airport_to_st_louis_lambert_2026-01-12_0262", "route_pair": "st_louis_downtown_airport_to_st_louis_lambert", "route_pair_label": "St. Louis Downtown Airport to St. Louis Lambert", "origin_label": "St. Louis Downtown Airport", "destination_label": "St. Louis Lambert International Airport", "origin_lat": 38.5703611, "origin_lon": -90.1550833, "destination_lat": 38.7486982, "destination_lon": -90.3700257, "traffic_date": "2026-01-12", "traffic_dataset": "January 12th - Monday", "weight_id": "w_0262", "distance_weight": 0.6, "population_weight": 0.2, "traffic_weight": 0.0, "airspace_weight": 0.2, "path_nodes": 41, "path_node_ids": [2179, 2180, 2174, 2199, 2203, 2207, 2341, 2345, 2370, 2373, 2398, 2709, 2711, 2714, 2750, 2744, 2770, 2772, 2777, 3989, 3993, 4006, 4008, 4021, 4045, 4047, 4058, 4062, 4077, 4079, 5077, 5081, 5083, 5308, 5316, 5322, 5323, 5346, 5357, 5358, 5364], "elapsed_seconds": 0.00816669999039732, "status": "success", "failure_reason": "", "route_distance_km": 35.44580648998812, "distance_cost_sum": 39.01040229583813, "population_cost_sum": 21.248540131475806, "traffic_cost_sum": 21.296163627861183, "airspace_cost_sum": 34.4, "total_weighted_score": 34.53594940379804}, "geometry": {"type": "LineString", "coordinates": [[-90.15289905765549, 38.57128267769979], [-90.15845430205954, 38.57592253965332], [-90.16401026010618, 38.58056216167], [-90.16956693197352, 38.58520154361737], [-90.17512431783956, 38.5898406853631], [-90.18068241788241, 38.5944795867747], [-90.18624123228014, 38.59911824771971], [-90.18606536210271, 38.60361878809667], [-90.19162520914848, 38.60825722636621], [-90.19718577106451, 38.612895423864465], [-90.20274704802898, 38.61753338045887], [-90.2083090402201, 38.622171096016864], [-90.21387174781604, 38.62680857040582], [-90.21943517099498, 38.631445803493165], [-90.22499930993523, 38.636082795146216], [-90.23056416481495, 38.64071954523234], [-90.2361297358124, 38.64535605361884], [-90.24169602310592, 38.649992320172984], [-90.24726302687371, 38.65462834476206], [-90.25283074729404, 38.65926412725328], [-90.2583991845453, 38.663899667513896], [-90.26396833880578, 38.66853496541107], [-90.26953821025378, 38.673170020811966], [-90.2751087990677, 38.67780483358376], [-90.28068010542587, 38.682439403593555], [-90.28625212950666, 38.68707373070842], [-90.29182487148844, 38.69170781479548], [-90.29739833154962, 38.69634165572174], [-90.30297250986867, 38.70097525335427], [-90.30854740662397, 38.70560860756003], [-90.31412302199392, 38.71024171820601], [-90.31969935615703, 38.71487458515916], [-90.32527640929177, 38.719507208286444], [-90.33085418157658, 38.72413958745472], [-90.33643267319002, 38.72877172253092], [-90.3420118843105, 38.73340361338185], [-90.34775839516463, 38.73353421590239], [-90.35333872308522, 38.73816560113835], [-90.35908566820065, 38.73829566025279], [-90.36466711306467, 38.742926539503976], [-90.37024927800739, 38.74755717394432]]}}, {"type": "Feature", "properties": {"route_run_id": "stl_st_louis_downtown_airport_to_st_louis_lambert_2026-01-12_0126", "route_pair": "st_louis_downtown_airport_to_st_louis_lambert", "route_pair_label": "St. Louis Downtown Airport to St. Louis Lambert", "origin_label": "St. Louis Downtown Airport", "destination_label": "St. Louis Lambert International Airport", "origin_lat": 38.5703611, "origin_lon": -90.1550833, "destination_lat": 38.7486982, "destination_lon": -90.3700257, "traffic_date": "2026-01-12", "traffic_dataset": "January 12th - Monday", "weight_id": "w_0126", "distance_weight": 0.2, "population_weight": 0.0, "traffic_weight": 0.4, "airspace_weight": 0.4, "path_nodes": 40, "path_node_ids": [2179, 2180, 2174, 2199, 2203, 2207, 2341, 2344, 2368, 2374, 2394, 2397, 2712, 2716, 2739, 2746, 2769, 2773, 3985, 3988, 3992, 3990, 4016, 4017, 4022, 4029, 4034, 4060, 4064, 5048, 5052, 5076, 5082, 5299, 5304, 5319, 5321, 5357, 5358, 5364], "elapsed_seconds": 0.0300956999999471, "status": "success", "failure_reason": "", "route_distance_km": 35.06925127294606, "distance_cost_sum": 38.59597892794111, "population_cost_sum": 25.05959051055676, "traffic_cost_sum": 17.839922019494136, "airspace_cost_sum": 33.4, "total_weighted_score": 28.21516459338588}, "geometry": {"type": "LineString", "coordinates": [[-90.15289905765549, 38.57128267769979], [-90.15845430205954, 38.57592253965332], [-90.16401026010618, 38.58056216167], [-90.16956693197352, 38.58520154361737], [-90.17512431783956, 38.5898406853631], [-90.18068241788241, 38.5944795867747], [-90.18624123228014, 38.59911824771971], [-90.19180076121087, 38.60375666806568], [-90.19736100485268, 38.60839484768009], [-90.20292196338367, 38.61303278643038], [-90.2084836369821, 38.617670484184025], [-90.21404602582597, 38.62230794080845], [-90.21960913009349, 38.62694515617101], [-90.22517294996291, 38.63158213013913], [-90.23073748561237, 38.63621886258013], [-90.23630273722006, 38.640855353361346], [-90.24186870496423, 38.645491602350084], [-90.24743538902311, 38.65012760941361], [-90.25300278957496, 38.654763374419176], [-90.25857090679797, 38.65939889723403], [-90.26413974087053, 38.66403417772537], [-90.26988033547711, 38.664168406596616], [-90.27545028334664, 38.66880318471887], [-90.28102094844074, 38.67343772015905], [-90.28659233093768, 38.67807201278429], [-90.29216443101578, 38.68270606246168], [-90.29773724885335, 38.68733986905835], [-90.30331078462868, 38.69197343244128], [-90.30888503852013, 38.69660675247757], [-90.31446001070607, 38.70123982903419], [-90.32003570136486, 38.70587266197814], [-90.32561211067481, 38.710505251176386], [-90.33118923881437, 38.715137596495865], [-90.3367670859619, 38.719769697803464], [-90.34234565229588, 38.724401554966114], [-90.34792493799469, 38.72903316785066], [-90.35350494323681, 38.73366453632395], [-90.35908566820065, 38.73829566025279], [-90.36466711306467, 38.742926539503976], [-90.37024927800739, 38.74755717394432]]}}, {"type": "Feature", "properties": {"route_run_id": "stl_st_louis_downtown_airport_to_st_louis_lambert_2026-01-12_0139", "route_pair": "st_louis_downtown_airport_to_st_louis_lambert", "route_pair_label": "St. Louis Downtown Airport to St. Louis Lambert", "origin_label": "St. Louis Downtown Airport", "destination_label": "St. Louis Lambert International Airport", "origin_lat": 38.5703611, "origin_lon": -90.1550833, "destination_lat": 38.7486982, "destination_lon": -90.3700257, "traffic_date": "2026-01-12", "traffic_dataset": "January 12th - Monday", "weight_id": "w_0139", "distance_weight": 0.2, "population_weight": 0.2, "traffic_weight": 0.0, "airspace_weight": 0.6, "path_nodes": 40, "path_node_ids": [2179, 2180, 2174, 2199, 2203, 2207, 2341, 2344, 2368, 2374, 2394, 2397, 2712, 2716, 2739, 2746, 2769, 2773, 3985, 3988, 3992, 3994, 4019, 4020, 4023, 4055, 4059, 4063, 4078, 5051, 5075, 5079, 5306, 5303, 5318, 5323, 5346, 5357, 5358, 5364], "elapsed_seconds": 0.0417363999877125, "status": "success", "failure_reason": "", "route_distance_km": 35.06987633323177, "distance_cost_sum": 38.59666684720769, "population_cost_sum": 23.21199613097869, "traffic_cost_sum": 19.031491728664538, "airspace_cost_sum": 33.8, "total_weighted_score": 32.64173259563728}, "geometry": {"type": "LineString", "coordinates": [[-90.15289905765549, 38.57128267769979], [-90.15845430205954, 38.57592253965332], [-90.16401026010618, 38.58056216167], [-90.16956693197352, 38.58520154361737], [-90.17512431783956, 38.5898406853631], [-90.18068241788241, 38.5944795867747], [-90.18624123228014, 38.59911824771971], [-90.19180076121087, 38.60375666806568], [-90.19736100485268, 38.60839484768009], [-90.20292196338367, 38.61303278643038], [-90.2084836369821, 38.617670484184025], [-90.21404602582597, 38.62230794080845], [-90.21960913009349, 38.62694515617101], [-90.22517294996291, 38.63158213013913], [-90.23073748561237, 38.63621886258013], [-90.23630273722006, 38.640855353361346], [-90.24186870496423, 38.645491602350084], [-90.24743538902311, 38.65012760941361], [-90.25300278957496, 38.654763374419176], [-90.25857090679797, 38.65939889723403], [-90.26413974087053, 38.66403417772537], [-90.26970929197084, 38.66866921576039], [-90.27527956027723, 38.67330401120623], [-90.28085054596801, 38.677938563930056], [-90.28642224922152, 38.68257287379895], [-90.29199467021606, 38.68720694068001], [-90.29756780913004, 38.69184076444029], [-90.3031416661418, 38.696474344946864], [-90.3087162414297, 38.701107682066734], [-90.31429153517219, 38.705740775666875], [-90.31986754754767, 38.71037362561428], [-90.32544427873452, 38.71500623177588], [-90.33102172891115, 38.71963859401861], [-90.33659989825608, 38.72427071220935], [-90.34217878694776, 38.72890258621499], [-90.34775839516463, 38.73353421590239], [-90.35333872308522, 38.73816560113835], [-90.35908566820065, 38.73829566025279], [-90.36466711306467, 38.742926539503976], [-90.37024927800739, 38.74755717394432]]}}, {"type": "Feature", "properties": {"route_run_id": "stl_st_louis_downtown_airport_to_st_louis_lambert_2026-01-12_0182", "route_pair": "st_louis_downtown_airport_to_st_louis_lambert", "route_pair_label": "St. Louis Downtown Airport to St. Louis Lambert", "origin_label": "St. Louis Downtown Airport", "destination_label": "St. Louis Lambert International Airport", "origin_lat": 38.5703611, "origin_lon": -90.1550833, "destination_lat": 38.7486982, "destination_lon": -90.3700257, "traffic_date": "2026-01-12", "traffic_dataset": "January 12th - Monday", "weight_id": "w_0182", "distance_weight": 0.3, "population_weight": 0.1, "traffic_weight": 0.6, "airspace_weight": 0.0, "path_nodes": 43, "path_node_ids": [2179, 2147, 2157, 2170, 2175, 2201, 2313, 2316, 2342, 2347, 2366, 2389, 2392, 2396, 2720, 2721, 2726, 2740, 2678, 2680, 2682, 2685, 3986, 2706, 2705, 2707, 4004, 4027, 4032, 4056, 5030, 5033, 5049, 5054, 5078, 5295, 5300, 5315, 5317, 5321, 5357, 5358, 5364], "elapsed_seconds": 0.011177700012922287, "status": "success", "failure_reason": "", "route_distance_km": 36.19257017168355, "distance_cost_sum": 39.83226402018875, "population_cost_sum": 25.74240899456289, "traffic_cost_sum": 16.157353501725584, "airspace_cost_sum": 36.00000000000001, "total_weighted_score": 24.218332206548265}, "geometry": {"type": "LineString", "coordinates": [[-90.15289905765549, 38.57128267769979], [-90.15863172081019, 38.571422085329914], [-90.16436442357126, 38.57156121262679], [-90.16992046069078, 38.5762005584167], [-90.17547721149117, 38.58083966408426], [-90.1810346761504, 38.585478529497074], [-90.18659285484642, 38.5901171545227], [-90.19215174775724, 38.5947555390287], [-90.19771135506093, 38.5993936828826], [-90.2032716769355, 38.60403158595187], [-90.208832713559, 38.60866924810401], [-90.21439446510948, 38.61330666920645], [-90.21995693176504, 38.61794384912666], [-90.22552011370372, 38.622580787732026], [-90.23125721581627, 38.622716789852504], [-90.23682150967697, 38.62735322783211], [-90.24238651919569, 38.63198942413879], [-90.24795224455062, 38.63662537863984], [-90.2535186859198, 38.64126109120261], [-90.25908584348143, 38.64589656169434], [-90.25891423625677, 38.65039734432395], [-90.26448243016516, 38.6550325900107], [-90.27005134078189, 38.65966759332096], [-90.27562096828521, 38.66430235412195], [-90.28136163921492, 38.66443602029574], [-90.28693238041095, 38.66907027844067], [-90.29250383886837, 38.67370429371775], [-90.29807601476547, 38.67833806599408], [-90.30364890828046, 38.682971595136756], [-90.30922251959161, 38.68760488101284], [-90.31479684887715, 38.692237923489365], [-90.3203718963154, 38.69687072243334], [-90.32594766208454, 38.701503277711794], [-90.33152414636298, 38.70613558919165], [-90.33135671129529, 38.710636594886786], [-90.33693423631652, 38.71526867931356], [-90.3425124803639, 38.71990051963549], [-90.34809144361579, 38.724532115719484], [-90.35367112625059, 38.729163467432365], [-90.35350494323681, 38.73366453632395], [-90.35908566820065, 38.73829566025279], [-90.36466711306467, 38.742926539503976], [-90.37024927800739, 38.74755717394432]]}}, {"type": "Feature", "properties": {"route_run_id": "stl_st_louis_downtown_airport_to_st_louis_lambert_2026-01-12_0210", "route_pair": "st_louis_downtown_airport_to_st_louis_lambert", "route_pair_label": "St. Louis Downtown Airport to St. Louis Lambert", "origin_label": "St. Louis Downtown Airport", "destination_label": "St. Louis Lambert International Airport", "origin_lat": 38.5703611, "origin_lon": -90.1550833, "destination_lat": 38.7486982, "destination_lon": -90.3700257, "traffic_date": "2026-01-12", "traffic_dataset": "January 12th - Monday", "weight_id": "w_0210", "distance_weight": 0.4, "population_weight": 0.0, "traffic_weight": 0.6, "airspace_weight": 0.0, "path_nodes": 42, "path_node_ids": [2179, 2147, 2157, 2170, 2175, 2201, 2313, 2316, 2342, 2347, 2366, 2389, 2392, 2396, 2724, 2721, 2726, 2740, 2678, 2680, 2682, 2685, 3986, 2706, 4015, 4018, 4025, 4030, 4033, 4057, 5034, 5048, 5052, 5076, 5082, 5299, 5304, 5319, 5321, 5357, 5358, 5364], "elapsed_seconds": 0.007417500019073486, "status": "success", "failure_reason": "", "route_distance_km": 35.8176658010044, "distance_cost_sum": 39.41965751547312, "population_cost_sum": 26.851885859104875, "traffic_cost_sum": 16.366481713769105, "airspace_cost_sum": 35.4, "total_weighted_score": 25.58775203445071}, "geometry": {"type": "LineString", "coordinates": [[-90.15289905765549, 38.57128267769979], [-90.15863172081019, 38.571422085329914], [-90.16436442357126, 38.57156121262679], [-90.16992046069078, 38.5762005584167], [-90.17547721149117, 38.58083966408426], [-90.1810346761504, 38.585478529497074], [-90.18659285484642, 38.5901171545227], [-90.19215174775724, 38.5947555390287], [-90.19771135506093, 38.5993936828826], [-90.2032716769355, 38.60403158595187], [-90.208832713559, 38.60866924810401], [-90.21439446510948, 38.61330666920645], [-90.21995693176504, 38.61794384912666], [-90.22552011370372, 38.622580787732026], [-90.23108401110366, 38.627217484889904], [-90.23682150967697, 38.62735322783211], [-90.24238651919569, 38.63198942413879], [-90.24795224455062, 38.63662537863984], [-90.2535186859198, 38.64126109120261], [-90.25908584348143, 38.64589656169434], [-90.25891423625677, 38.65039734432395], [-90.26448243016516, 38.6550325900107], [-90.27005134078189, 38.65966759332096], [-90.27562096828521, 38.66430235412195], [-90.28119131285328, 38.668936872280845], [-90.28676237466442, 38.67357114766479], [-90.29233415389683, 38.67820518014085], [-90.29790665072878, 38.68283896957616], [-90.30347986533855, 38.68747251583781], [-90.3090537979044, 38.692105818792854], [-90.31462844860471, 38.69673887830826], [-90.31446001070607, 38.70123982903419], [-90.32003570136486, 38.70587266197814], [-90.32561211067481, 38.710505251176386], [-90.33118923881437, 38.715137596495865], [-90.3367670859619, 38.719769697803464], [-90.34234565229588, 38.724401554966114], [-90.34792493799469, 38.72903316785066], [-90.35350494323681, 38.73366453632395], [-90.35908566820065, 38.73829566025279], [-90.36466711306467, 38.742926539503976], [-90.37024927800739, 38.74755717394432]]}}, {"type": "Feature", "properties": {"route_run_id": "stl_st_louis_downtown_airport_to_st_louis_lambert_2026-01-12_0249", "route_pair": "st_louis_downtown_airport_to_st_louis_lambert", "route_pair_label": "St. Louis Downtown Airport to St. Louis Lambert", "origin_label": "St. Louis Downtown Airport", "destination_label": "St. Louis Lambert International Airport", "origin_lat": 38.5703611, "origin_lon": -90.1550833, "destination_lat": 38.7486982, "destination_lon": -90.3700257, "traffic_date": "2026-01-12", "traffic_dataset": "January 12th - Monday", "weight_id": "w_0249", "distance_weight": 0.5, "population_weight": 0.3, "traffic_weight": 0.2, "airspace_weight": 0.0, "path_nodes": 43, "path_node_ids": [2179, 2180, 2174, 2199, 2203, 2207, 2341, 2344, 2368, 2374, 2394, 2397, 2712, 2716, 2739, 2746, 2769, 2773, 3985, 3988, 3992, 3994, 4019, 4020, 4023, 4055, 4059, 4063, 4077, 4082, 4084, 5080, 5084, 5310, 5311, 5337, 5320, 5322, 5323, 5346, 5357, 5358, 5364], "elapsed_seconds": 0.00832079999963753, "status": "success", "failure_reason": "", "route_distance_km": 36.19674065010991, "distance_cost_sum": 39.83685390139865, "population_cost_sum": 17.60643817812448, "traffic_cost_sum": 22.583119046772033, "airspace_cost_sum": 36.8, "total_weighted_score": 29.716982213491075}, "geometry": {"type": "LineString", "coordinates": [[-90.15289905765549, 38.57128267769979], [-90.15845430205954, 38.57592253965332], [-90.16401026010618, 38.58056216167], [-90.16956693197352, 38.58520154361737], [-90.17512431783956, 38.5898406853631], [-90.18068241788241, 38.5944795867747], [-90.18624123228014, 38.59911824771971], [-90.19180076121087, 38.60375666806568], [-90.19736100485268, 38.60839484768009], [-90.20292196338367, 38.61303278643038], [-90.2084836369821, 38.617670484184025], [-90.21404602582597, 38.62230794080845], [-90.21960913009349, 38.62694515617101], [-90.22517294996291, 38.63158213013913], [-90.23073748561237, 38.63621886258013], [-90.23630273722006, 38.640855353361346], [-90.24186870496423, 38.645491602350084], [-90.24743538902311, 38.65012760941361], [-90.25300278957496, 38.654763374419176], [-90.25857090679797, 38.65939889723403], [-90.26413974087053, 38.66403417772537], [-90.26970929197084, 38.66866921576039], [-90.27527956027723, 38.67330401120623], [-90.28085054596801, 38.677938563930056], [-90.28642224922152, 38.68257287379895], [-90.29199467021606, 38.68720694068001], [-90.29756780913004, 38.69184076444029], [-90.3031416661418, 38.696474344946864], [-90.30297250986867, 38.70097525335427], [-90.30280331580018, 38.70547615766316], [-90.30837853409372, 38.710109528957155], [-90.31395447116216, 38.71474265665128], [-90.31378588266769, 38.71924359100243], [-90.31936286061908, 38.72387649197406], [-90.32494055786266, 38.72850914903958], [-90.330518974577, 38.7331415620659], [-90.33626541075455, 38.733272728767844], [-90.3420118843105, 38.73340361338185], [-90.34775839516463, 38.73353421590239], [-90.35333872308522, 38.73816560113835], [-90.35908566820065, 38.73829566025279], [-90.36466711306467, 38.742926539503976], [-90.37024927800739, 38.74755717394432]]}}, {"type": "Feature", "properties": {"route_run_id": "stl_st_louis_downtown_airport_to_st_louis_lambert_2026-01-12_0095", "route_pair": "st_louis_downtown_airport_to_st_louis_lambert", "route_pair_label": "St. Louis Downtown Airport to St. Louis Lambert", "origin_label": "St. Louis Downtown Airport", "destination_label": "St. Louis Lambert International Airport", "origin_lat": 38.5703611, "origin_lon": -90.1550833, "destination_lat": 38.7486982, "destination_lon": -90.3700257, "traffic_date": "2026-01-12", "traffic_dataset": "January 12th - Monday", "weight_id": "w_0095", "distance_weight": 0.1, "population_weight": 0.3, "traffic_weight": 0.1, "airspace_weight": 0.5, "path_nodes": 41, "path_node_ids": [2179, 2180, 2174, 2199, 2203, 2206, 2449, 2345, 2370, 2373, 2398, 2709, 2711, 2714, 2750, 2744, 2770, 2772, 2777, 3989, 3993, 4006, 4008, 4021, 4045, 4047, 4058, 4062, 4077, 4079, 5077, 5081, 5083, 5308, 5316, 5322, 5323, 5346, 5357, 5358, 5364], "elapsed_seconds": 0.05134820000967011, "status": "success", "failure_reason": "", "route_distance_km": 35.44583331001682, "distance_cost_sum": 39.01043181301415, "population_cost_sum": 21.248540131475806, "traffic_cost_sum": 20.670390465623594, "airspace_cost_sum": 34.4, "total_weighted_score": 29.54264426730652}, "geometry": {"type": "LineString", "coordinates": [[-90.15289905765549, 38.57128267769979], [-90.15845430205954, 38.57592253965332], [-90.16401026010618, 38.58056216167], [-90.16956693197352, 38.58520154361737], [-90.17512431783956, 38.5898406853631], [-90.17494781190939, 38.59434118977373], [-90.18050622974906, 38.59898010918833], [-90.18606536210271, 38.60361878809667], [-90.19162520914848, 38.60825722636621], [-90.19718577106451, 38.612895423864465], [-90.20274704802898, 38.61753338045887], [-90.2083090402201, 38.622171096016864], [-90.21387174781604, 38.62680857040582], [-90.21943517099498, 38.631445803493165], [-90.22499930993523, 38.636082795146216], [-90.23056416481495, 38.64071954523234], [-90.2361297358124, 38.64535605361884], [-90.24169602310592, 38.649992320172984], [-90.24726302687371, 38.65462834476206], [-90.25283074729404, 38.65926412725328], [-90.2583991845453, 38.663899667513896], [-90.26396833880578, 38.66853496541107], [-90.26953821025378, 38.673170020811966], [-90.2751087990677, 38.67780483358376], [-90.28068010542587, 38.682439403593555], [-90.28625212950666, 38.68707373070842], [-90.29182487148844, 38.69170781479548], [-90.29739833154962, 38.69634165572174], [-90.30297250986867, 38.70097525335427], [-90.30854740662397, 38.70560860756003], [-90.31412302199392, 38.71024171820601], [-90.31969935615703, 38.71487458515916], [-90.32527640929177, 38.719507208286444], [-90.33085418157658, 38.72413958745472], [-90.33643267319002, 38.72877172253092], [-90.3420118843105, 38.73340361338185], [-90.34775839516463, 38.73353421590239], [-90.35333872308522, 38.73816560113835], [-90.35908566820065, 38.73829566025279], [-90.36466711306467, 38.742926539503976], [-90.37024927800739, 38.74755717394432]]}}, {"type": "Feature", "properties": {"route_run_id": "stl_st_louis_downtown_airport_to_st_louis_lambert_2026-01-12_0193", "route_pair": "st_louis_downtown_airport_to_st_louis_lambert", "route_pair_label": "St. Louis Downtown Airport to St. Louis Lambert", "origin_label": "St. Louis Downtown Airport", "destination_label": "St. Louis Lambert International Airport", "origin_lat": 38.5703611, "origin_lon": -90.1550833, "destination_lat": 38.7486982, "destination_lon": -90.3700257, "traffic_date": "2026-01-12", "traffic_dataset": "January 12th - Monday", "weight_id": "w_0193", "distance_weight": 0.3, "population_weight": 0.3, "traffic_weight": 0.4, "airspace_weight": 0.0, "path_nodes": 43, "path_node_ids": [2179, 2147, 2157, 2170, 2175, 2201, 2313, 2316, 2342, 2347, 2366, 2389, 2392, 2396, 2720, 2721, 2726, 2740, 2678, 2680, 2683, 2686, 2703, 2705, 2707, 4004, 4027, 4030, 4034, 4059, 4063, 4064, 5048, 5052, 5076, 5082, 5299, 5304, 5319, 5321, 5357, 5358, 5364], "elapsed_seconds": 0.01357879998977296, "status": "success", "failure_reason": "", "route_distance_km": 36.1929354403576, "distance_cost_sum": 39.832666021986206, "population_cost_sum": 22.78428600684611, "traffic_cost_sum": 17.46657477379619, "airspace_cost_sum": 36.4, "total_weighted_score": 25.771715518168172}, "geometry": {"type": "LineString", "coordinates": [[-90.15289905765549, 38.57128267769979], [-90.15863172081019, 38.571422085329914], [-90.16436442357126, 38.57156121262679], [-90.16992046069078, 38.5762005584167], [-90.17547721149117, 38.58083966408426], [-90.1810346761504, 38.585478529497074], [-90.18659285484642, 38.5901171545227], [-90.19215174775724, 38.5947555390287], [-90.19771135506093, 38.5993936828826], [-90.2032716769355, 38.60403158595187], [-90.208832713559, 38.60866924810401], [-90.21439446510948, 38.61330666920645], [-90.21995693176504, 38.61794384912666], [-90.22552011370372, 38.622580787732026], [-90.23125721581627, 38.622716789852504], [-90.23682150967697, 38.62735322783211], [-90.24238651919569, 38.63198942413879], [-90.24795224455062, 38.63662537863984], [-90.2535186859198, 38.64126109120261], [-90.25908584348143, 38.64589656169434], [-90.26465371741357, 38.6505317899823], [-90.27022230789443, 38.65516677593373], [-90.27579161510215, 38.65980151941581], [-90.28136163921492, 38.66443602029574], [-90.28693238041095, 38.66907027844067], [-90.29250383886837, 38.67370429371775], [-90.29807601476547, 38.67833806599408], [-90.29790665072878, 38.68283896957616], [-90.29773724885335, 38.68733986905835], [-90.29756780913004, 38.69184076444029], [-90.3031416661418, 38.696474344946864], [-90.30888503852013, 38.69660675247757], [-90.31446001070607, 38.70123982903419], [-90.32003570136486, 38.70587266197814], [-90.32561211067481, 38.710505251176386], [-90.33118923881437, 38.715137596495865], [-90.3367670859619, 38.719769697803464], [-90.34234565229588, 38.724401554966114], [-90.34792493799469, 38.72903316785066], [-90.35350494323681, 38.73366453632395], [-90.35908566820065, 38.73829566025279], [-90.36466711306467, 38.742926539503976], [-90.37024927800739, 38.74755717394432]]}}, {"type": "Feature", "properties": {"route_run_id": "stl_st_louis_downtown_airport_to_st_louis_lambert_2026-01-12_0201", "route_pair": "st_louis_downtown_airport_to_st_louis_lambert", "route_pair_label": "St. Louis Downtown Airport to St. Louis Lambert", "origin_label": "St. Louis Downtown Airport", "destination_label": "St. Louis Lambert International Airport", "origin_lat": 38.5703611, "origin_lon": -90.1550833, "destination_lat": 38.7486982, "destination_lon": -90.3700257, "traffic_date": "2026-01-12", "traffic_dataset": "January 12th - Monday", "weight_id": "w_0201", "distance_weight": 0.3, "population_weight": 0.6, "traffic_weight": 0.0, "airspace_weight": 0.1, "path_nodes": 55, "path_node_ids": [2179, 2180, 2183, 2186, 2419, 2423, 2448, 2452, 2455, 2478, 2482, 2483, 2487, 2811, 2812, 2816, 2858, 2863, 2864, 2889, 3896, 3898, 3901, 3927, 3946, 3949, 3953, 3966, 3944, 3977, 3976, 3941, 4043, 4066, 4067, 4068, 4185, 4187, 4188, 4076, 4075, 4082, 4084, 5080, 5084, 5310, 5311, 5337, 5320, 5322, 5323, 5346, 5357, 5358, 5364], "elapsed_seconds": 0.013925399980507791, "status": "success", "failure_reason": "", "route_distance_km": 41.77074742931658, "distance_cost_sum": 45.971408828735385, "population_cost_sum": 8.67777235752909, "traffic_cost_sum": 41.35893898884012, "airspace_cost_sum": 45.2, "total_weighted_score": 23.51808606313807}, "geometry": {"type": "LineString", "coordinates": [[-90.15289905765549, 38.57128267769979], [-90.15845430205954, 38.57592253965332], [-90.15827684369297, 38.58042298981685], [-90.1580993457009, 38.58492343582021], [-90.15792180807382, 38.58942387766302], [-90.16347871828971, 38.59406355405304], [-90.1690363428032, 38.598702990254786], [-90.17459468179258, 38.60334218613583], [-90.17441805758689, 38.60784267808668], [-90.174241393937, 38.61234316588366], [-90.17406469083332, 38.61684364952644], [-90.17388794826633, 38.621344129014695], [-90.17371116622648, 38.62584460434813], [-90.17353434470424, 38.6303450755264], [-90.17335748369, 38.63484554254923], [-90.17318058317427, 38.63934600541629], [-90.17300364314747, 38.64384646412727], [-90.17856556137721, 38.64848558173427], [-90.17838890046788, 38.65298605432084], [-90.17821220009857, 38.65748652275311], [-90.18377547226044, 38.66212543540375], [-90.18933946118675, 38.666764106898924], [-90.19490416705614, 38.67140253710589], [-90.20046959004746, 38.676040725891895], [-90.20603573033937, 38.68067867312418], [-90.21160258811075, 38.68531637866994], [-90.2171701635404, 38.68995384239636], [-90.2229126017605, 38.690090452895454], [-90.22865507887754, 38.69022678182468], [-90.23439759481155, 38.69036282917826], [-90.24014014948251, 38.69049859495047], [-90.24605541323987, 38.68613337677085], [-90.2517976862147, 38.68626855773688], [-90.25736804511756, 38.69090420272148], [-90.26311075393669, 38.69103884211091], [-90.26868222818311, 38.695673984376505], [-90.27425442059507, 38.700308883813186], [-90.27999796237877, 38.700442721166475], [-90.28557127047641, 38.70507711728869], [-90.29148516021279, 38.700709550716724], [-90.297228816103, 38.700842542902386], [-90.30280331580018, 38.70547615766316], [-90.30837853409372, 38.710109528957155], [-90.31395447116216, 38.71474265665128], [-90.31378588266769, 38.71924359100243], [-90.31936286061908, 38.72387649197406], [-90.32494055786266, 38.72850914903958], [-90.330518974577, 38.7331415620659], [-90.33626541075455, 38.733272728767844], [-90.3420118843105, 38.73340361338185], [-90.34775839516463, 38.73353421590239], [-90.35333872308522, 38.73816560113835], [-90.35908566820065, 38.73829566025279], [-90.36466711306467, 38.742926539503976], [-90.37024927800739, 38.74755717394432]]}}, {"type": "Feature", "properties": {"route_run_id": "stl_st_louis_downtown_airport_to_st_louis_lambert_2026-01-12_0188", "route_pair": "st_louis_downtown_airport_to_st_louis_lambert", "route_pair_label": "St. Louis Downtown Airport to St. Louis Lambert", "origin_label": "St. Louis Downtown Airport", "destination_label": "St. Louis Lambert International Airport", "origin_lat": 38.5703611, "origin_lon": -90.1550833, "destination_lat": 38.7486982, "destination_lon": -90.3700257, "traffic_date": "2026-01-12", "traffic_dataset": "January 12th - Monday", "weight_id": "w_0188", "distance_weight": 0.3, "population_weight": 0.2, "traffic_weight": 0.5, "airspace_weight": 0.0, "path_nodes": 43, "path_node_ids": [2179, 2147, 2157, 2170, 2175, 2201, 2313, 2316, 2342, 2347, 2366, 2389, 2392, 2396, 2720, 2721, 2726, 2740, 2678, 2680, 2682, 2685, 3986, 2706, 4015, 4018, 4025, 4030, 4034, 4059, 4063, 4064, 5048, 5052, 5076, 5082, 5299, 5304, 5319, 5321, 5357, 5358, 5364], "elapsed_seconds": 0.011942499986616895, "status": "success", "failure_reason": "", "route_distance_km": 36.19303044087033, "distance_cost_sum": 39.83277057619408, "population_cost_sum": 25.053443645405096, "traffic_cost_sum": 16.372100155959416, "airspace_cost_sum": 36.4, "total_weighted_score": 25.14656997991895}, "geometry": {"type": "LineString", "coordinates": [[-90.15289905765549, 38.57128267769979], [-90.15863172081019, 38.571422085329914], [-90.16436442357126, 38.57156121262679], [-90.16992046069078, 38.5762005584167], [-90.17547721149117, 38.58083966408426], [-90.1810346761504, 38.585478529497074], [-90.18659285484642, 38.5901171545227], [-90.19215174775724, 38.5947555390287], [-90.19771135506093, 38.5993936828826], [-90.2032716769355, 38.60403158595187], [-90.208832713559, 38.60866924810401], [-90.21439446510948, 38.61330666920645], [-90.21995693176504, 38.61794384912666], [-90.22552011370372, 38.622580787732026], [-90.23125721581627, 38.622716789852504], [-90.23682150967697, 38.62735322783211], [-90.24238651919569, 38.63198942413879], [-90.24795224455062, 38.63662537863984], [-90.2535186859198, 38.64126109120261], [-90.25908584348143, 38.64589656169434], [-90.25891423625677, 38.65039734432395], [-90.26448243016516, 38.6550325900107], [-90.27005134078189, 38.65966759332096], [-90.27562096828521, 38.66430235412195], [-90.28119131285328, 38.668936872280845], [-90.28676237466442, 38.67357114766479], [-90.29233415389683, 38.67820518014085], [-90.29790665072878, 38.68283896957616], [-90.29773724885335, 38.68733986905835], [-90.29756780913004, 38.69184076444029], [-90.3031416661418, 38.696474344946864], [-90.30888503852013, 38.69660675247757], [-90.31446001070607, 38.70123982903419], [-90.32003570136486, 38.70587266197814], [-90.32561211067481, 38.710505251176386], [-90.33118923881437, 38.715137596495865], [-90.3367670859619, 38.719769697803464], [-90.34234565229588, 38.724401554966114], [-90.34792493799469, 38.72903316785066], [-90.35350494323681, 38.73366453632395], [-90.35908566820065, 38.73829566025279], [-90.36466711306467, 38.742926539503976], [-90.37024927800739, 38.74755717394432]]}}, {"type": "Feature", "properties": {"route_run_id": "stl_st_louis_downtown_airport_to_st_louis_lambert_2026-01-12_0281", "route_pair": "st_louis_downtown_airport_to_st_louis_lambert", "route_pair_label": "St. Louis Downtown Airport to St. Louis Lambert", "origin_label": "St. Louis Downtown Airport", "destination_label": "St. Louis Lambert International Airport", "origin_lat": 38.5703611, "origin_lon": -90.1550833, "destination_lat": 38.7486982, "destination_lon": -90.3700257, "traffic_date": "2026-01-12", "traffic_dataset": "January 12th - Monday", "weight_id": "w_0281", "distance_weight": 0.8, "population_weight": 0.1, "traffic_weight": 0.0, "airspace_weight": 0.1, "path_nodes": 40, "path_node_ids": [2179, 2180, 2174, 2199, 2203, 2207, 2341, 2344, 2368, 2374, 2394, 2397, 2712, 2716, 2739, 2746, 2769, 2773, 3985, 3988, 3992, 3994, 4019, 4020, 4023, 4055, 4059, 4063, 4078, 5051, 5075, 5079, 5306, 5303, 5318, 5323, 5346, 5357, 5358, 5364], "elapsed_seconds": 0.004840599984163418, "status": "success", "failure_reason": "", "route_distance_km": 35.06987633323177, "distance_cost_sum": 38.59666684720769, "population_cost_sum": 23.21199613097869, "traffic_cost_sum": 19.031491728664538, "airspace_cost_sum": 33.8, "total_weighted_score": 36.57853309086403}, "geometry": {"type": "LineString", "coordinates": [[-90.15289905765549, 38.57128267769979], [-90.15845430205954, 38.57592253965332], [-90.16401026010618, 38.58056216167], [-90.16956693197352, 38.58520154361737], [-90.17512431783956, 38.5898406853631], [-90.18068241788241, 38.5944795867747], [-90.18624123228014, 38.59911824771971], [-90.19180076121087, 38.60375666806568], [-90.19736100485268, 38.60839484768009], [-90.20292196338367, 38.61303278643038], [-90.2084836369821, 38.617670484184025], [-90.21404602582597, 38.62230794080845], [-90.21960913009349, 38.62694515617101], [-90.22517294996291, 38.63158213013913], [-90.23073748561237, 38.63621886258013], [-90.23630273722006, 38.640855353361346], [-90.24186870496423, 38.645491602350084], [-90.24743538902311, 38.65012760941361], [-90.25300278957496, 38.654763374419176], [-90.25857090679797, 38.65939889723403], [-90.26413974087053, 38.66403417772537], [-90.26970929197084, 38.66866921576039], [-90.27527956027723, 38.67330401120623], [-90.28085054596801, 38.677938563930056], [-90.28642224922152, 38.68257287379895], [-90.29199467021606, 38.68720694068001], [-90.29756780913004, 38.69184076444029], [-90.3031416661418, 38.696474344946864], [-90.3087162414297, 38.701107682066734], [-90.31429153517219, 38.705740775666875], [-90.31986754754767, 38.71037362561428], [-90.32544427873452, 38.71500623177588], [-90.33102172891115, 38.71963859401861], [-90.33659989825608, 38.72427071220935], [-90.34217878694776, 38.72890258621499], [-90.34775839516463, 38.73353421590239], [-90.35333872308522, 38.73816560113835], [-90.35908566820065, 38.73829566025279], [-90.36466711306467, 38.742926539503976], [-90.37024927800739, 38.74755717394432]]}}, {"type": "Feature", "properties": {"route_run_id": "stl_st_louis_downtown_airport_to_st_louis_lambert_2026-01-12_0200", "route_pair": "st_louis_downtown_airport_to_st_louis_lambert", "route_pair_label": "St. Louis Downtown Airport to St. Louis Lambert", "origin_label": "St. Louis Downtown Airport", "destination_label": "St. Louis Lambert International Airport", "origin_lat": 38.5703611, "origin_lon": -90.1550833, "destination_lat": 38.7486982, "destination_lon": -90.3700257, "traffic_date": "2026-01-12", "traffic_dataset": "January 12th - Monday", "weight_id": "w_0200", "distance_weight": 0.3, "population_weight": 0.5, "traffic_weight": 0.2, "airspace_weight": 0.0, "path_nodes": 44, "path_node_ids": [2179, 2180, 2174, 2199, 2203, 2206, 2449, 2345, 2370, 2373, 2398, 2709, 2711, 2714, 2750, 2744, 2770, 2772, 2777, 3989, 3988, 3992, 3994, 4019, 4020, 4023, 4055, 4059, 4063, 4077, 4082, 4084, 5080, 5084, 5310, 5311, 5337, 5320, 5322, 5323, 5346, 5357, 5358, 5364], "elapsed_seconds": 0.015911499998765066, "status": "success", "failure_reason": "", "route_distance_km": 36.57207281055306, "distance_cost_sum": 40.24993121641444, "population_cost_sum": 16.402941041735232, "traffic_cost_sum": 23.43756424675925, "airspace_cost_sum": 37.4, "total_weighted_score": 24.9639627351438}, "geometry": {"type": "LineString", "coordinates": [[-90.15289905765549, 38.57128267769979], [-90.15845430205954, 38.57592253965332], [-90.16401026010618, 38.58056216167], [-90.16956693197352, 38.58520154361737], [-90.17512431783956, 38.5898406853631], [-90.17494781190939, 38.59434118977373], [-90.18050622974906, 38.59898010918833], [-90.18606536210271, 38.60361878809667], [-90.19162520914848, 38.60825722636621], [-90.19718577106451, 38.612895423864465], [-90.20274704802898, 38.61753338045887], [-90.2083090402201, 38.622171096016864], [-90.21387174781604, 38.62680857040582], [-90.21943517099498, 38.631445803493165], [-90.22499930993523, 38.636082795146216], [-90.23056416481495, 38.64071954523234], [-90.2361297358124, 38.64535605361884], [-90.24169602310592, 38.649992320172984], [-90.24726302687371, 38.65462834476206], [-90.25283074729404, 38.65926412725328], [-90.25857090679797, 38.65939889723403], [-90.26413974087053, 38.66403417772537], [-90.26970929197084, 38.66866921576039], [-90.27527956027723, 38.67330401120623], [-90.28085054596801, 38.677938563930056], [-90.28642224922152, 38.68257287379895], [-90.29199467021606, 38.68720694068001], [-90.29756780913004, 38.69184076444029], [-90.3031416661418, 38.696474344946864], [-90.30297250986867, 38.70097525335427], [-90.30280331580018, 38.70547615766316], [-90.30837853409372, 38.710109528957155], [-90.31395447116216, 38.71474265665128], [-90.31378588266769, 38.71924359100243], [-90.31936286061908, 38.72387649197406], [-90.32494055786266, 38.72850914903958], [-90.330518974577, 38.7331415620659], [-90.33626541075455, 38.733272728767844], [-90.3420118843105, 38.73340361338185], [-90.34775839516463, 38.73353421590239], [-90.35333872308522, 38.73816560113835], [-90.35908566820065, 38.73829566025279], [-90.36466711306467, 38.742926539503976], [-90.37024927800739, 38.74755717394432]]}}, {"type": "Feature", "properties": {"route_run_id": "stl_st_louis_downtown_airport_to_st_louis_lambert_2026-01-12_0088", "route_pair": "st_louis_downtown_airport_to_st_louis_lambert", "route_pair_label": "St. Louis Downtown Airport to St. Louis Lambert", "origin_label": "St. Louis Downtown Airport", "destination_label": "St. Louis Lambert International Airport", "origin_lat": 38.5703611, "origin_lon": -90.1550833, "destination_lat": 38.7486982, "destination_lon": -90.3700257, "traffic_date": "2026-01-12", "traffic_dataset": "January 12th - Monday", "weight_id": "w_0088", "distance_weight": 0.1, "population_weight": 0.2, "traffic_weight": 0.2, "airspace_weight": 0.5, "path_nodes": 40, "path_node_ids": [2179, 2180, 2174, 2199, 2203, 2207, 2341, 2344, 2368, 2374, 2394, 2397, 2712, 2716, 2739, 2746, 2769, 2773, 3985, 3988, 3992, 3994, 4019, 4020, 4023, 4055, 4059, 4063, 4064, 5048, 5052, 5076, 5082, 5299, 5304, 5319, 5321, 5357, 5358, 5364], "elapsed_seconds": 0.05096860000048764, "status": "success", "failure_reason": "", "route_distance_km": 35.0695243590648, "distance_cost_sum": 38.596279476875054, "population_cost_sum": 23.651108783135093, "traffic_cost_sum": 17.839922019494136, "airspace_cost_sum": 33.8, "total_weighted_score": 29.05783410821335}, "geometry": {"type": "LineString", "coordinates": [[-90.15289905765549, 38.57128267769979], [-90.15845430205954, 38.57592253965332], [-90.16401026010618, 38.58056216167], [-90.16956693197352, 38.58520154361737], [-90.17512431783956, 38.5898406853631], [-90.18068241788241, 38.5944795867747], [-90.18624123228014, 38.59911824771971], [-90.19180076121087, 38.60375666806568], [-90.19736100485268, 38.60839484768009], [-90.20292196338367, 38.61303278643038], [-90.2084836369821, 38.617670484184025], [-90.21404602582597, 38.62230794080845], [-90.21960913009349, 38.62694515617101], [-90.22517294996291, 38.63158213013913], [-90.23073748561237, 38.63621886258013], [-90.23630273722006, 38.640855353361346], [-90.24186870496423, 38.645491602350084], [-90.24743538902311, 38.65012760941361], [-90.25300278957496, 38.654763374419176], [-90.25857090679797, 38.65939889723403], [-90.26413974087053, 38.66403417772537], [-90.26970929197084, 38.66866921576039], [-90.27527956027723, 38.67330401120623], [-90.28085054596801, 38.677938563930056], [-90.28642224922152, 38.68257287379895], [-90.29199467021606, 38.68720694068001], [-90.29756780913004, 38.69184076444029], [-90.3031416661418, 38.696474344946864], [-90.30888503852013, 38.69660675247757], [-90.31446001070607, 38.70123982903419], [-90.32003570136486, 38.70587266197814], [-90.32561211067481, 38.710505251176386], [-90.33118923881437, 38.715137596495865], [-90.3367670859619, 38.719769697803464], [-90.34234565229588, 38.724401554966114], [-90.34792493799469, 38.72903316785066], [-90.35350494323681, 38.73366453632395], [-90.35908566820065, 38.73829566025279], [-90.36466711306467, 38.742926539503976], [-90.37024927800739, 38.74755717394432]]}}, {"type": "Feature", "properties": {"route_run_id": "stl_st_louis_downtown_airport_to_st_louis_lambert_2026-01-12_0018", "route_pair": "st_louis_downtown_airport_to_st_louis_lambert", "route_pair_label": "St. Louis Downtown Airport to St. Louis Lambert", "origin_label": "St. Louis Downtown Airport", "destination_label": "St. Louis Lambert International Airport", "origin_lat": 38.5703611, "origin_lon": -90.1550833, "destination_lat": 38.7486982, "destination_lon": -90.3700257, "traffic_date": "2026-01-12", "traffic_dataset": "January 12th - Monday", "weight_id": "w_0018", "distance_weight": 0.0, "population_weight": 0.1, "traffic_weight": 0.6, "airspace_weight": 0.3, "path_nodes": 42, "path_node_ids": [2179, 2180, 2157, 2170, 2175, 2201, 2313, 2316, 2342, 2347, 2366, 2389, 2392, 2396, 2720, 2721, 2726, 2740, 2678, 2680, 2682, 2685, 3986, 2706, 4016, 4017, 4022, 4029, 4034, 4060, 4064, 5048, 5052, 5076, 5082, 5299, 5304, 5319, 5321, 5357, 5358, 5364], "elapsed_seconds": 0.04569089997676201, "status": "success", "failure_reason": "", "route_distance_km": 36.350418629970925, "distance_cost_sum": 40.005986456474915, "population_cost_sum": 26.575718300963125, "traffic_cost_sum": 16.345497301841913, "airspace_cost_sum": 35.00000000000001, "total_weighted_score": 22.96487021120146}, "geometry": {"type": "LineString", "coordinates": [[-90.15289905765549, 38.57128267769979], [-90.15845430205954, 38.57592253965332], [-90.16436442357126, 38.57156121262679], [-90.16992046069078, 38.5762005584167], [-90.17547721149117, 38.58083966408426], [-90.1810346761504, 38.585478529497074], [-90.18659285484642, 38.5901171545227], [-90.19215174775724, 38.5947555390287], [-90.19771135506093, 38.5993936828826], [-90.2032716769355, 38.60403158595187], [-90.208832713559, 38.60866924810401], [-90.21439446510948, 38.61330666920645], [-90.21995693176504, 38.61794384912666], [-90.22552011370372, 38.622580787732026], [-90.23125721581627, 38.622716789852504], [-90.23682150967697, 38.62735322783211], [-90.24238651919569, 38.63198942413879], [-90.24795224455062, 38.63662537863984], [-90.2535186859198, 38.64126109120261], [-90.25908584348143, 38.64589656169434], [-90.25891423625677, 38.65039734432395], [-90.26448243016516, 38.6550325900107], [-90.27005134078189, 38.65966759332096], [-90.27562096828521, 38.66430235412195], [-90.27545028334664, 38.66880318471887], [-90.28102094844074, 38.67343772015905], [-90.28659233093768, 38.67807201278429], [-90.29216443101578, 38.68270606246168], [-90.29773724885335, 38.68733986905835], [-90.30331078462868, 38.69197343244128], [-90.30888503852013, 38.69660675247757], [-90.31446001070607, 38.70123982903419], [-90.32003570136486, 38.70587266197814], [-90.32561211067481, 38.710505251176386], [-90.33118923881437, 38.715137596495865], [-90.3367670859619, 38.719769697803464], [-90.34234565229588, 38.724401554966114], [-90.34792493799469, 38.72903316785066], [-90.35350494323681, 38.73366453632395], [-90.35908566820065, 38.73829566025279], [-90.36466711306467, 38.742926539503976], [-90.37024927800739, 38.74755717394432]]}}, {"type": "Feature", "properties": {"route_run_id": "stl_st_louis_downtown_airport_to_st_louis_lambert_2026-01-12_0108", "route_pair": "st_louis_downtown_airport_to_st_louis_lambert", "route_pair_label": "St. Louis Downtown Airport to St. Louis Lambert", "origin_label": "St. Louis Downtown Airport", "destination_label": "St. Louis Lambert International Airport", "origin_lat": 38.5703611, "origin_lon": -90.1550833, "destination_lat": 38.7486982, "destination_lon": -90.3700257, "traffic_date": "2026-01-12", "traffic_dataset": "January 12th - Monday", "weight_id": "w_0108", "distance_weight": 0.1, "population_weight": 0.5, "traffic_weight": 0.1, "airspace_weight": 0.3, "path_nodes": 44, "path_node_ids": [2179, 2180, 2174, 2199, 2203, 2206, 2449, 2345, 2370, 2373, 2398, 2709, 2711, 2714, 2750, 2744, 2770, 2772, 2777, 3989, 3988, 3992, 3994, 4019, 4020, 4023, 4055, 4059, 4063, 4077, 4082, 4084, 5080, 5084, 5310, 5311, 5337, 5320, 5322, 5323, 5346, 5357, 5358, 5364], "elapsed_seconds": 0.05093279998982325, "status": "success", "failure_reason": "", "route_distance_km": 36.57207281055306, "distance_cost_sum": 40.24993121641444, "population_cost_sum": 16.402941041735232, "traffic_cost_sum": 23.43756424675925, "airspace_cost_sum": 37.4, "total_weighted_score": 25.790220067184986}, "geometry": {"type": "LineString", "coordinates": [[-90.15289905765549, 38.57128267769979], [-90.15845430205954, 38.57592253965332], [-90.16401026010618, 38.58056216167], [-90.16956693197352, 38.58520154361737], [-90.17512431783956, 38.5898406853631], [-90.17494781190939, 38.59434118977373], [-90.18050622974906, 38.59898010918833], [-90.18606536210271, 38.60361878809667], [-90.19162520914848, 38.60825722636621], [-90.19718577106451, 38.612895423864465], [-90.20274704802898, 38.61753338045887], [-90.2083090402201, 38.622171096016864], [-90.21387174781604, 38.62680857040582], [-90.21943517099498, 38.631445803493165], [-90.22499930993523, 38.636082795146216], [-90.23056416481495, 38.64071954523234], [-90.2361297358124, 38.64535605361884], [-90.24169602310592, 38.649992320172984], [-90.24726302687371, 38.65462834476206], [-90.25283074729404, 38.65926412725328], [-90.25857090679797, 38.65939889723403], [-90.26413974087053, 38.66403417772537], [-90.26970929197084, 38.66866921576039], [-90.27527956027723, 38.67330401120623], [-90.28085054596801, 38.677938563930056], [-90.28642224922152, 38.68257287379895], [-90.29199467021606, 38.68720694068001], [-90.29756780913004, 38.69184076444029], [-90.3031416661418, 38.696474344946864], [-90.30297250986867, 38.70097525335427], [-90.30280331580018, 38.70547615766316], [-90.30837853409372, 38.710109528957155], [-90.31395447116216, 38.71474265665128], [-90.31378588266769, 38.71924359100243], [-90.31936286061908, 38.72387649197406], [-90.32494055786266, 38.72850914903958], [-90.330518974577, 38.7331415620659], [-90.33626541075455, 38.733272728767844], [-90.3420118843105, 38.73340361338185], [-90.34775839516463, 38.73353421590239], [-90.35333872308522, 38.73816560113835], [-90.35908566820065, 38.73829566025279], [-90.36466711306467, 38.742926539503976], [-90.37024927800739, 38.74755717394432]]}}, {"type": "Feature", "properties": {"route_run_id": "stl_st_louis_downtown_airport_to_st_louis_lambert_2026-01-12_0175", "route_pair": "st_louis_downtown_airport_to_st_louis_lambert", "route_pair_label": "St. Louis Downtown Airport to St. Louis Lambert", "origin_label": "St. Louis Downtown Airport", "destination_label": "St. Louis Lambert International Airport", "origin_lat": 38.5703611, "origin_lon": -90.1550833, "destination_lat": 38.7486982, "destination_lon": -90.3700257, "traffic_date": "2026-01-12", "traffic_dataset": "January 12th - Monday", "weight_id": "w_0175", "distance_weight": 0.3, "population_weight": 0.0, "traffic_weight": 0.7, "airspace_weight": 0.0, "path_nodes": 44, "path_node_ids": [2179, 2147, 2157, 2170, 2175, 2201, 2313, 2316, 2342, 2347, 2366, 2389, 2392, 2396, 2724, 2721, 2726, 2740, 2678, 2680, 2682, 2685, 3986, 2706, 2705, 2707, 4004, 4027, 4032, 4056, 5030, 5033, 5049, 5054, 5071, 5295, 5299, 5304, 5315, 5317, 5321, 5357, 5358, 5364], "elapsed_seconds": 0.009476099978201091, "status": "success", "failure_reason": "", "route_distance_km": 36.56811270663066, "distance_cost_sum": 40.245572865950905, "population_cost_sum": 27.037251837768576, "traffic_cost_sum": 15.898010159571575, "airspace_cost_sum": 37.00000000000001, "total_weighted_score": 23.202278971485374}, "geometry": {"type": "LineString", "coordinates": [[-90.15289905765549, 38.57128267769979], [-90.15863172081019, 38.571422085329914], [-90.16436442357126, 38.57156121262679], [-90.16992046069078, 38.5762005584167], [-90.17547721149117, 38.58083966408426], [-90.1810346761504, 38.585478529497074], [-90.18659285484642, 38.5901171545227], [-90.19215174775724, 38.5947555390287], [-90.19771135506093, 38.5993936828826], [-90.2032716769355, 38.60403158595187], [-90.208832713559, 38.60866924810401], [-90.21439446510948, 38.61330666920645], [-90.21995693176504, 38.61794384912666], [-90.22552011370372, 38.622580787732026], [-90.23108401110366, 38.627217484889904], [-90.23682150967697, 38.62735322783211], [-90.24238651919569, 38.63198942413879], [-90.24795224455062, 38.63662537863984], [-90.2535186859198, 38.64126109120261], [-90.25908584348143, 38.64589656169434], [-90.25891423625677, 38.65039734432395], [-90.26448243016516, 38.6550325900107], [-90.27005134078189, 38.65966759332096], [-90.27562096828521, 38.66430235412195], [-90.28136163921492, 38.66443602029574], [-90.28693238041095, 38.66907027844067], [-90.29250383886837, 38.67370429371775], [-90.29807601476547, 38.67833806599408], [-90.30364890828046, 38.682971595136756], [-90.30922251959161, 38.68760488101284], [-90.31479684887715, 38.692237923489365], [-90.3203718963154, 38.69687072243334], [-90.32594766208454, 38.701503277711794], [-90.33152414636298, 38.70613558919165], [-90.33710134932893, 38.7107676567399], [-90.33693423631652, 38.71526867931356], [-90.3367670859619, 38.719769697803464], [-90.34234565229588, 38.724401554966114], [-90.34809144361579, 38.724532115719484], [-90.35367112625059, 38.729163467432365], [-90.35350494323681, 38.73366453632395], [-90.35908566820065, 38.73829566025279], [-90.36466711306467, 38.742926539503976], [-90.37024927800739, 38.74755717394432]]}}, {"type": "Feature", "properties": {"route_run_id": "stl_st_louis_downtown_airport_to_st_louis_lambert_2026-01-12_0002", "route_pair": "st_louis_downtown_airport_to_st_louis_lambert", "route_pair_label": "St. Louis Downtown Airport to St. Louis Lambert", "origin_label": "St. Louis Downtown Airport", "destination_label": "St. Louis Lambert International Airport", "origin_lat": 38.5703611, "origin_lon": -90.1550833, "destination_lat": 38.7486982, "destination_lon": -90.3700257, "traffic_date": "2026-01-12", "traffic_dataset": "January 12th - Monday", "weight_id": "w_0002", "distance_weight": 0.0, "population_weight": 0.0, "traffic_weight": 0.1, "airspace_weight": 0.9, "path_nodes": 40, "path_node_ids": [2179, 2180, 2174, 2199, 2203, 2207, 2341, 2344, 2368, 2374, 2394, 2397, 2712, 2716, 2739, 2746, 2769, 2773, 3985, 3988, 3992, 3990, 4016, 4017, 4022, 4029, 4034, 4060, 4064, 5048, 5052, 5076, 5082, 5299, 5304, 5319, 5321, 5357, 5358, 5364], "elapsed_seconds": 0.04406559999915771, "status": "success", "failure_reason": "", "route_distance_km": 35.06925127294606, "distance_cost_sum": 38.59597892794111, "population_cost_sum": 25.05959051055676, "traffic_cost_sum": 17.839922019494136, "airspace_cost_sum": 33.4, "total_weighted_score": 31.84399220194942}, "geometry": {"type": "LineString", "coordinates": [[-90.15289905765549, 38.57128267769979], [-90.15845430205954, 38.57592253965332], [-90.16401026010618, 38.58056216167], [-90.16956693197352, 38.58520154361737], [-90.17512431783956, 38.5898406853631], [-90.18068241788241, 38.5944795867747], [-90.18624123228014, 38.59911824771971], [-90.19180076121087, 38.60375666806568], [-90.19736100485268, 38.60839484768009], [-90.20292196338367, 38.61303278643038], [-90.2084836369821, 38.617670484184025], [-90.21404602582597, 38.62230794080845], [-90.21960913009349, 38.62694515617101], [-90.22517294996291, 38.63158213013913], [-90.23073748561237, 38.63621886258013], [-90.23630273722006, 38.640855353361346], [-90.24186870496423, 38.645491602350084], [-90.24743538902311, 38.65012760941361], [-90.25300278957496, 38.654763374419176], [-90.25857090679797, 38.65939889723403], [-90.26413974087053, 38.66403417772537], [-90.26988033547711, 38.664168406596616], [-90.27545028334664, 38.66880318471887], [-90.28102094844074, 38.67343772015905], [-90.28659233093768, 38.67807201278429], [-90.29216443101578, 38.68270606246168], [-90.29773724885335, 38.68733986905835], [-90.30331078462868, 38.69197343244128], [-90.30888503852013, 38.69660675247757], [-90.31446001070607, 38.70123982903419], [-90.32003570136486, 38.70587266197814], [-90.32561211067481, 38.710505251176386], [-90.33118923881437, 38.715137596495865], [-90.3367670859619, 38.719769697803464], [-90.34234565229588, 38.724401554966114], [-90.34792493799469, 38.72903316785066], [-90.35350494323681, 38.73366453632395], [-90.35908566820065, 38.73829566025279], [-90.36466711306467, 38.742926539503976], [-90.37024927800739, 38.74755717394432]]}}, {"type": "Feature", "properties": {"route_run_id": "stl_st_louis_downtown_airport_to_st_louis_lambert_2026-01-12_0226", "route_pair": "st_louis_downtown_airport_to_st_louis_lambert", "route_pair_label": "St. Louis Downtown Airport to St. Louis Lambert", "origin_label": "St. Louis Downtown Airport", "destination_label": "St. Louis Lambert International Airport", "origin_lat": 38.5703611, "origin_lon": -90.1550833, "destination_lat": 38.7486982, "destination_lon": -90.3700257, "traffic_date": "2026-01-12", "traffic_dataset": "January 12th - Monday", "weight_id": "w_0226", "distance_weight": 0.4, "population_weight": 0.4, "traffic_weight": 0.0, "airspace_weight": 0.2, "path_nodes": 43, "path_node_ids": [2179, 2180, 2174, 2199, 2203, 2207, 2341, 2345, 2370, 2373, 2398, 2709, 2711, 2714, 2750, 2744, 2770, 2772, 2777, 3989, 3993, 4006, 4008, 4021, 4045, 4047, 4058, 4062, 4077, 4082, 4084, 5080, 5084, 5310, 5311, 5337, 5320, 5322, 5323, 5346, 5357, 5358, 5364], "elapsed_seconds": 0.014533799985656515, "status": "success", "failure_reason": "", "route_distance_km": 36.197024617572914, "distance_cost_sum": 39.83716642595565, "population_cost_sum": 17.31210242086407, "traffic_cost_sum": 23.983742516081602, "airspace_cost_sum": 36.4, "total_weighted_score": 30.13970753872789}, "geometry": {"type": "LineString", "coordinates": [[-90.15289905765549, 38.57128267769979], [-90.15845430205954, 38.57592253965332], [-90.16401026010618, 38.58056216167], [-90.16956693197352, 38.58520154361737], [-90.17512431783956, 38.5898406853631], [-90.18068241788241, 38.5944795867747], [-90.18624123228014, 38.59911824771971], [-90.18606536210271, 38.60361878809667], [-90.19162520914848, 38.60825722636621], [-90.19718577106451, 38.612895423864465], [-90.20274704802898, 38.61753338045887], [-90.2083090402201, 38.622171096016864], [-90.21387174781604, 38.62680857040582], [-90.21943517099498, 38.631445803493165], [-90.22499930993523, 38.636082795146216], [-90.23056416481495, 38.64071954523234], [-90.2361297358124, 38.64535605361884], [-90.24169602310592, 38.649992320172984], [-90.24726302687371, 38.65462834476206], [-90.25283074729404, 38.65926412725328], [-90.2583991845453, 38.663899667513896], [-90.26396833880578, 38.66853496541107], [-90.26953821025378, 38.673170020811966], [-90.2751087990677, 38.67780483358376], [-90.28068010542587, 38.682439403593555], [-90.28625212950666, 38.68707373070842], [-90.29182487148844, 38.69170781479548], [-90.29739833154962, 38.69634165572174], [-90.30297250986867, 38.70097525335427], [-90.30280331580018, 38.70547615766316], [-90.30837853409372, 38.710109528957155], [-90.31395447116216, 38.71474265665128], [-90.31378588266769, 38.71924359100243], [-90.31936286061908, 38.72387649197406], [-90.32494055786266, 38.72850914903958], [-90.330518974577, 38.7331415620659], [-90.33626541075455, 38.733272728767844], [-90.3420118843105, 38.73340361338185], [-90.34775839516463, 38.73353421590239], [-90.35333872308522, 38.73816560113835], [-90.35908566820065, 38.73829566025279], [-90.36466711306467, 38.742926539503976], [-90.37024927800739, 38.74755717394432]]}}, {"type": "Feature", "properties": {"route_run_id": "stl_st_louis_downtown_airport_to_st_louis_lambert_2026-01-12_0174", "route_pair": "st_louis_downtown_airport_to_st_louis_lambert", "route_pair_label": "St. Louis Downtown Airport to St. Louis Lambert", "origin_label": "St. Louis Downtown Airport", "destination_label": "St. Louis Lambert International Airport", "origin_lat": 38.5703611, "origin_lon": -90.1550833, "destination_lat": 38.7486982, "destination_lon": -90.3700257, "traffic_date": "2026-01-12", "traffic_dataset": "January 12th - Monday", "weight_id": "w_0174", "distance_weight": 0.3, "population_weight": 0.0, "traffic_weight": 0.6, "airspace_weight": 0.1, "path_nodes": 42, "path_node_ids": [2179, 2147, 2157, 2170, 2175, 2201, 2313, 2316, 2342, 2347, 2366, 2389, 2392, 2396, 2724, 2721, 2726, 2740, 2678, 2680, 2682, 2685, 3986, 2706, 4015, 4017, 4022, 4029, 4034, 4060, 4064, 5048, 5052, 5076, 5082, 5299, 5304, 5319, 5321, 5357, 5358, 5364], "elapsed_seconds": 0.011275600001681596, "status": "success", "failure_reason": "", "route_distance_km": 35.817747454429586, "distance_cost_sum": 39.419747380347985, "population_cost_sum": 26.64764489159439, "traffic_cost_sum": 16.366481713769105, "airspace_cost_sum": 35.00000000000001, "total_weighted_score": 25.145813242365858}, "geometry": {"type": "LineString", "coordinates": [[-90.15289905765549, 38.57128267769979], [-90.15863172081019, 38.571422085329914], [-90.16436442357126, 38.57156121262679], [-90.16992046069078, 38.5762005584167], [-90.17547721149117, 38.58083966408426], [-90.1810346761504, 38.585478529497074], [-90.18659285484642, 38.5901171545227], [-90.19215174775724, 38.5947555390287], [-90.19771135506093, 38.5993936828826], [-90.2032716769355, 38.60403158595187], [-90.208832713559, 38.60866924810401], [-90.21439446510948, 38.61330666920645], [-90.21995693176504, 38.61794384912666], [-90.22552011370372, 38.622580787732026], [-90.23108401110366, 38.627217484889904], [-90.23682150967697, 38.62735322783211], [-90.24238651919569, 38.63198942413879], [-90.24795224455062, 38.63662537863984], [-90.2535186859198, 38.64126109120261], [-90.25908584348143, 38.64589656169434], [-90.25891423625677, 38.65039734432395], [-90.26448243016516, 38.6550325900107], [-90.27005134078189, 38.65966759332096], [-90.27562096828521, 38.66430235412195], [-90.28119131285328, 38.668936872280845], [-90.28102094844074, 38.67343772015905], [-90.28659233093768, 38.67807201278429], [-90.29216443101578, 38.68270606246168], [-90.29773724885335, 38.68733986905835], [-90.30331078462868, 38.69197343244128], [-90.30888503852013, 38.69660675247757], [-90.31446001070607, 38.70123982903419], [-90.32003570136486, 38.70587266197814], [-90.32561211067481, 38.710505251176386], [-90.33118923881437, 38.715137596495865], [-90.3367670859619, 38.719769697803464], [-90.34234565229588, 38.724401554966114], [-90.34792493799469, 38.72903316785066], [-90.35350494323681, 38.73366453632395], [-90.35908566820065, 38.73829566025279], [-90.36466711306467, 38.742926539503976], [-90.37024927800739, 38.74755717394432]]}}, {"type": "Feature", "properties": {"route_run_id": "stl_st_louis_downtown_airport_to_st_louis_lambert_2026-01-12_0236", "route_pair": "st_louis_downtown_airport_to_st_louis_lambert", "route_pair_label": "St. Louis Downtown Airport to St. Louis Lambert", "origin_label": "St. Louis Downtown Airport", "destination_label": "St. Louis Lambert International Airport", "origin_lat": 38.5703611, "origin_lon": -90.1550833, "destination_lat": 38.7486982, "destination_lon": -90.3700257, "traffic_date": "2026-01-12", "traffic_dataset": "January 12th - Monday", "weight_id": "w_0236", "distance_weight": 0.5, "population_weight": 0.0, "traffic_weight": 0.4, "airspace_weight": 0.1, "path_nodes": 41, "path_node_ids": [2179, 2147, 2157, 2170, 2175, 2201, 2313, 2316, 2342, 2347, 2366, 2389, 2392, 2396, 2724, 2727, 2742, 2743, 2681, 2682, 2685, 3986, 2706, 4015, 4017, 4022, 4029, 4034, 4060, 4064, 5048, 5052, 5076, 5082, 5299, 5304, 5319, 5321, 5357, 5358, 5364], "elapsed_seconds": 0.0069269000086933374, "status": "success", "failure_reason": "", "route_distance_km": 35.442843120650096, "distance_cost_sum": 39.00714091624279, "population_cost_sum": 26.327607483472868, "traffic_cost_sum": 16.78312655842246, "airspace_cost_sum": 34.4, "total_weighted_score": 29.65682108149038}, "geometry": {"type": "LineString", "coordinates": [[-90.15289905765549, 38.57128267769979], [-90.15863172081019, 38.571422085329914], [-90.16436442357126, 38.57156121262679], [-90.16992046069078, 38.5762005584167], [-90.17547721149117, 38.58083966408426], [-90.1810346761504, 38.585478529497074], [-90.18659285484642, 38.5901171545227], [-90.19215174775724, 38.5947555390287], [-90.19771135506093, 38.5993936828826], [-90.2032716769355, 38.60403158595187], [-90.208832713559, 38.60866924810401], [-90.21439446510948, 38.61330666920645], [-90.21995693176504, 38.61794384912666], [-90.22552011370372, 38.622580787732026], [-90.23108401110366, 38.627217484889904], [-90.23664862414297, 38.63185394046768], [-90.24221395299979, 38.63649015433267], [-90.24777999785228, 38.641126126352205], [-90.25334675887852, 38.64576185639355], [-90.25891423625677, 38.65039734432395], [-90.26448243016516, 38.6550325900107], [-90.27005134078189, 38.65966759332096], [-90.27562096828521, 38.66430235412195], [-90.28119131285328, 38.668936872280845], [-90.28102094844074, 38.67343772015905], [-90.28659233093768, 38.67807201278429], [-90.29216443101578, 38.68270606246168], [-90.29773724885335, 38.68733986905835], [-90.30331078462868, 38.69197343244128], [-90.30888503852013, 38.69660675247757], [-90.31446001070607, 38.70123982903419], [-90.32003570136486, 38.70587266197814], [-90.32561211067481, 38.710505251176386], [-90.33118923881437, 38.715137596495865], [-90.3367670859619, 38.719769697803464], [-90.34234565229588, 38.724401554966114], [-90.34792493799469, 38.72903316785066], [-90.35350494323681, 38.73366453632395], [-90.35908566820065, 38.73829566025279], [-90.36466711306467, 38.742926539503976], [-90.37024927800739, 38.74755717394432]]}}, {"type": "Feature", "properties": {"route_run_id": "stl_st_louis_downtown_airport_to_st_louis_lambert_2026-01-12_0036", "route_pair": "st_louis_downtown_airport_to_st_louis_lambert", "route_pair_label": "St. Louis Downtown Airport to St. Louis Lambert", "origin_label": "St. Louis Downtown Airport", "destination_label": "St. Louis Lambert International Airport", "origin_lat": 38.5703611, "origin_lon": -90.1550833, "destination_lat": 38.7486982, "destination_lon": -90.3700257, "traffic_date": "2026-01-12", "traffic_dataset": "January 12th - Monday", "weight_id": "w_0036", "distance_weight": 0.0, "population_weight": 0.3, "traffic_weight": 0.5, "airspace_weight": 0.2, "path_nodes": 40, "path_node_ids": [2179, 2180, 2174, 2199, 2203, 2207, 2341, 2344, 2368, 2374, 2394, 2397, 2712, 2716, 2739, 2746, 2769, 2773, 3985, 3988, 3992, 3994, 4019, 4020, 4023, 4055, 4059, 4063, 4064, 5048, 5052, 5076, 5082, 5299, 5304, 5319, 5321, 5357, 5358, 5364], "elapsed_seconds": 0.04823949999990873, "status": "success", "failure_reason": "", "route_distance_km": 35.0695243590648, "distance_cost_sum": 38.596279476875054, "population_cost_sum": 23.651108783135093, "traffic_cost_sum": 17.839922019494136, "airspace_cost_sum": 33.8, "total_weighted_score": 22.775293644687594}, "geometry": {"type": "LineString", "coordinates": [[-90.15289905765549, 38.57128267769979], [-90.15845430205954, 38.57592253965332], [-90.16401026010618, 38.58056216167], [-90.16956693197352, 38.58520154361737], [-90.17512431783956, 38.5898406853631], [-90.18068241788241, 38.5944795867747], [-90.18624123228014, 38.59911824771971], [-90.19180076121087, 38.60375666806568], [-90.19736100485268, 38.60839484768009], [-90.20292196338367, 38.61303278643038], [-90.2084836369821, 38.617670484184025], [-90.21404602582597, 38.62230794080845], [-90.21960913009349, 38.62694515617101], [-90.22517294996291, 38.63158213013913], [-90.23073748561237, 38.63621886258013], [-90.23630273722006, 38.640855353361346], [-90.24186870496423, 38.645491602350084], [-90.24743538902311, 38.65012760941361], [-90.25300278957496, 38.654763374419176], [-90.25857090679797, 38.65939889723403], [-90.26413974087053, 38.66403417772537], [-90.26970929197084, 38.66866921576039], [-90.27527956027723, 38.67330401120623], [-90.28085054596801, 38.677938563930056], [-90.28642224922152, 38.68257287379895], [-90.29199467021606, 38.68720694068001], [-90.29756780913004, 38.69184076444029], [-90.3031416661418, 38.696474344946864], [-90.30888503852013, 38.69660675247757], [-90.31446001070607, 38.70123982903419], [-90.32003570136486, 38.70587266197814], [-90.32561211067481, 38.710505251176386], [-90.33118923881437, 38.715137596495865], [-90.3367670859619, 38.719769697803464], [-90.34234565229588, 38.724401554966114], [-90.34792493799469, 38.72903316785066], [-90.35350494323681, 38.73366453632395], [-90.35908566820065, 38.73829566025279], [-90.36466711306467, 38.742926539503976], [-90.37024927800739, 38.74755717394432]]}}, {"type": "Feature", "properties": {"route_run_id": "stl_st_louis_downtown_airport_to_st_louis_lambert_2026-01-12_0032", "route_pair": "st_louis_downtown_airport_to_st_louis_lambert", "route_pair_label": "St. Louis Downtown Airport to St. Louis Lambert", "origin_label": "St. Louis Downtown Airport", "destination_label": "St. Louis Lambert International Airport", "origin_lat": 38.5703611, "origin_lon": -90.1550833, "destination_lat": 38.7486982, "destination_lon": -90.3700257, "traffic_date": "2026-01-12", "traffic_dataset": "January 12th - Monday", "weight_id": "w_0032", "distance_weight": 0.0, "population_weight": 0.3, "traffic_weight": 0.1, "airspace_weight": 0.6, "path_nodes": 41, "path_node_ids": [2179, 2180, 2174, 2199, 2203, 2206, 2449, 2345, 2370, 2373, 2398, 2709, 2711, 2714, 2750, 2744, 2770, 2772, 2777, 3989, 3993, 4006, 4008, 4021, 4045, 4047, 4058, 4062, 4077, 4079, 5077, 5081, 5083, 5308, 5316, 5322, 5323, 5346, 5357, 5358, 5364], "elapsed_seconds": 0.04548979998799041, "status": "success", "failure_reason": "", "route_distance_km": 35.44583331001682, "distance_cost_sum": 39.01043181301415, "population_cost_sum": 21.248540131475806, "traffic_cost_sum": 20.670390465623594, "airspace_cost_sum": 34.4, "total_weighted_score": 29.081601086005104}, "geometry": {"type": "LineString", "coordinates": [[-90.15289905765549, 38.57128267769979], [-90.15845430205954, 38.57592253965332], [-90.16401026010618, 38.58056216167], [-90.16956693197352, 38.58520154361737], [-90.17512431783956, 38.5898406853631], [-90.17494781190939, 38.59434118977373], [-90.18050622974906, 38.59898010918833], [-90.18606536210271, 38.60361878809667], [-90.19162520914848, 38.60825722636621], [-90.19718577106451, 38.612895423864465], [-90.20274704802898, 38.61753338045887], [-90.2083090402201, 38.622171096016864], [-90.21387174781604, 38.62680857040582], [-90.21943517099498, 38.631445803493165], [-90.22499930993523, 38.636082795146216], [-90.23056416481495, 38.64071954523234], [-90.2361297358124, 38.64535605361884], [-90.24169602310592, 38.649992320172984], [-90.24726302687371, 38.65462834476206], [-90.25283074729404, 38.65926412725328], [-90.2583991845453, 38.663899667513896], [-90.26396833880578, 38.66853496541107], [-90.26953821025378, 38.673170020811966], [-90.2751087990677, 38.67780483358376], [-90.28068010542587, 38.682439403593555], [-90.28625212950666, 38.68707373070842], [-90.29182487148844, 38.69170781479548], [-90.29739833154962, 38.69634165572174], [-90.30297250986867, 38.70097525335427], [-90.30854740662397, 38.70560860756003], [-90.31412302199392, 38.71024171820601], [-90.31969935615703, 38.71487458515916], [-90.32527640929177, 38.719507208286444], [-90.33085418157658, 38.72413958745472], [-90.33643267319002, 38.72877172253092], [-90.3420118843105, 38.73340361338185], [-90.34775839516463, 38.73353421590239], [-90.35333872308522, 38.73816560113835], [-90.35908566820065, 38.73829566025279], [-90.36466711306467, 38.742926539503976], [-90.37024927800739, 38.74755717394432]]}}, {"type": "Feature", "properties": {"route_run_id": "stl_st_louis_downtown_airport_to_st_louis_lambert_2026-01-12_0009", "route_pair": "st_louis_downtown_airport_to_st_louis_lambert", "route_pair_label": "St. Louis Downtown Airport to St. Louis Lambert", "origin_label": "St. Louis Downtown Airport", "destination_label": "St. Louis Lambert International Airport", "origin_lat": 38.5703611, "origin_lon": -90.1550833, "destination_lat": 38.7486982, "destination_lon": -90.3700257, "traffic_date": "2026-01-12", "traffic_dataset": "January 12th - Monday", "weight_id": "w_0009", "distance_weight": 0.0, "population_weight": 0.0, "traffic_weight": 0.8, "airspace_weight": 0.2, "path_nodes": 44, "path_node_ids": [2179, 2180, 2157, 2170, 2175, 2201, 2313, 2316, 2342, 2347, 2366, 2391, 2394, 2397, 2712, 2716, 2739, 2746, 2769, 2773, 2681, 2682, 2685, 3986, 2706, 2705, 2707, 4004, 4027, 4032, 4056, 5030, 5033, 5049, 5054, 5071, 5296, 5301, 5302, 5328, 5321, 5357, 5358, 5364], "elapsed_seconds": 0.04653559997677803, "status": "success", "failure_reason": "", "route_distance_km": 38.162538432314975, "distance_cost_sum": 42.000341487377185, "population_cost_sum": 28.05408390325458, "traffic_cost_sum": 15.764451941821802, "airspace_cost_sum": 36.6, "total_weighted_score": 19.931561553457442}, "geometry": {"type": "LineString", "coordinates": [[-90.15289905765549, 38.57128267769979], [-90.15845430205954, 38.57592253965332], [-90.16436442357126, 38.57156121262679], [-90.16992046069078, 38.5762005584167], [-90.17547721149117, 38.58083966408426], [-90.1810346761504, 38.585478529497074], [-90.18659285484642, 38.5901171545227], [-90.19215174775724, 38.5947555390287], [-90.19771135506093, 38.5993936828826], [-90.2032716769355, 38.60403158595187], [-90.208832713559, 38.60866924810401], [-90.20865819475857, 38.61316986821297], [-90.2084836369821, 38.617670484184025], [-90.21404602582597, 38.62230794080845], [-90.21960913009349, 38.62694515617101], [-90.22517294996291, 38.63158213013913], [-90.23073748561237, 38.63621886258013], [-90.23630273722006, 38.640855353361346], [-90.24186870496423, 38.645491602350084], [-90.24743538902311, 38.65012760941361], [-90.25334675887852, 38.64576185639355], [-90.25891423625677, 38.65039734432395], [-90.26448243016516, 38.6550325900107], [-90.27005134078189, 38.65966759332096], [-90.27562096828521, 38.66430235412195], [-90.28136163921492, 38.66443602029574], [-90.28693238041095, 38.66907027844067], [-90.29250383886837, 38.67370429371775], [-90.29807601476547, 38.67833806599408], [-90.30364890828046, 38.682971595136756], [-90.30922251959161, 38.68760488101284], [-90.31479684887715, 38.692237923489365], [-90.3203718963154, 38.69687072243334], [-90.32594766208454, 38.701503277711794], [-90.33152414636298, 38.70613558919165], [-90.33710134932893, 38.7107676567399], [-90.34267927116085, 38.715399480223425], [-90.34825791203694, 38.72003105950914], [-90.35383727213564, 38.72466239446393], [-90.35941735163529, 38.72929348495463], [-90.35350494323681, 38.73366453632395], [-90.35908566820065, 38.73829566025279], [-90.36466711306467, 38.742926539503976], [-90.37024927800739, 38.74755717394432]]}}, {"type": "Feature", "properties": {"route_run_id": "stl_st_louis_downtown_airport_to_st_louis_lambert_2026-01-12_0213", "route_pair": "st_louis_downtown_airport_to_st_louis_lambert", "route_pair_label": "St. Louis Downtown Airport to St. Louis Lambert", "origin_label": "St. Louis Downtown Airport", "destination_label": "St. Louis Lambert International Airport", "origin_lat": 38.5703611, "origin_lon": -90.1550833, "destination_lat": 38.7486982, "destination_lon": -90.3700257, "traffic_date": "2026-01-12", "traffic_dataset": "January 12th - Monday", "weight_id": "w_0213", "distance_weight": 0.4, "population_weight": 0.1, "traffic_weight": 0.2, "airspace_weight": 0.3, "path_nodes": 40, "path_node_ids": [2179, 2180, 2174, 2199, 2203, 2207, 2341, 2344, 2368, 2374, 2394, 2397, 2712, 2716, 2739, 2746, 2769, 2773, 3985, 3988, 3992, 3994, 4019, 4017, 4022, 4029, 4034, 4060, 4064, 5048, 5052, 5076, 5082, 5299, 5304, 5319, 5321, 5357, 5358, 5364], "elapsed_seconds": 0.012015000014798716, "status": "success", "failure_reason": "", "route_distance_km": 35.06932923764436, "distance_cost_sum": 38.59606473313351, "population_cost_sum": 24.787572976016946, "traffic_cost_sum": 17.839922019494136, "airspace_cost_sum": 33.4, "total_weighted_score": 31.505167594753928}, "geometry": {"type": "LineString", "coordinates": [[-90.15289905765549, 38.57128267769979], [-90.15845430205954, 38.57592253965332], [-90.16401026010618, 38.58056216167], [-90.16956693197352, 38.58520154361737], [-90.17512431783956, 38.5898406853631], [-90.18068241788241, 38.5944795867747], [-90.18624123228014, 38.59911824771971], [-90.19180076121087, 38.60375666806568], [-90.19736100485268, 38.60839484768009], [-90.20292196338367, 38.61303278643038], [-90.2084836369821, 38.617670484184025], [-90.21404602582597, 38.62230794080845], [-90.21960913009349, 38.62694515617101], [-90.22517294996291, 38.63158213013913], [-90.23073748561237, 38.63621886258013], [-90.23630273722006, 38.640855353361346], [-90.24186870496423, 38.645491602350084], [-90.24743538902311, 38.65012760941361], [-90.25300278957496, 38.654763374419176], [-90.25857090679797, 38.65939889723403], [-90.26413974087053, 38.66403417772537], [-90.26970929197084, 38.66866921576039], [-90.27527956027723, 38.67330401120623], [-90.28102094844074, 38.67343772015905], [-90.28659233093768, 38.67807201278429], [-90.29216443101578, 38.68270606246168], [-90.29773724885335, 38.68733986905835], [-90.30331078462868, 38.69197343244128], [-90.30888503852013, 38.69660675247757], [-90.31446001070607, 38.70123982903419], [-90.32003570136486, 38.70587266197814], [-90.32561211067481, 38.710505251176386], [-90.33118923881437, 38.715137596495865], [-90.3367670859619, 38.719769697803464], [-90.34234565229588, 38.724401554966114], [-90.34792493799469, 38.72903316785066], [-90.35350494323681, 38.73366453632395], [-90.35908566820065, 38.73829566025279], [-90.36466711306467, 38.742926539503976], [-90.37024927800739, 38.74755717394432]]}}, {"type": "Feature", "properties": {"route_run_id": "stl_st_louis_downtown_airport_to_st_louis_lambert_2026-01-12_0277", "route_pair": "st_louis_downtown_airport_to_st_louis_lambert", "route_pair_label": "St. Louis Downtown Airport to St. Louis Lambert", "origin_label": "St. Louis Downtown Airport", "destination_label": "St. Louis Lambert International Airport", "origin_lat": 38.5703611, "origin_lon": -90.1550833, "destination_lat": 38.7486982, "destination_lon": -90.3700257, "traffic_date": "2026-01-12", "traffic_dataset": "January 12th - Monday", "weight_id": "w_0277", "distance_weight": 0.7, "population_weight": 0.3, "traffic_weight": 0.0, "airspace_weight": 0.0, "path_nodes": 43, "path_node_ids": [2179, 2180, 2174, 2199, 2203, 2207, 2341, 2345, 2370, 2373, 2398, 2709, 2711, 2714, 2750, 2744, 2770, 2772, 2777, 3989, 3993, 4006, 4008, 4021, 4045, 4047, 4058, 4062, 4077, 4082, 4084, 5080, 5084, 5310, 5311, 5337, 5320, 5322, 5323, 5346, 5357, 5358, 5364], "elapsed_seconds": 0.005907999991904944, "status": "success", "failure_reason": "", "route_distance_km": 36.197024617572914, "distance_cost_sum": 39.83716642595565, "population_cost_sum": 17.31210242086407, "traffic_cost_sum": 23.983742516081602, "airspace_cost_sum": 36.4, "total_weighted_score": 33.07964722442817}, "geometry": {"type": "LineString", "coordinates": [[-90.15289905765549, 38.57128267769979], [-90.15845430205954, 38.57592253965332], [-90.16401026010618, 38.58056216167], [-90.16956693197352, 38.58520154361737], [-90.17512431783956, 38.5898406853631], [-90.18068241788241, 38.5944795867747], [-90.18624123228014, 38.59911824771971], [-90.18606536210271, 38.60361878809667], [-90.19162520914848, 38.60825722636621], [-90.19718577106451, 38.612895423864465], [-90.20274704802898, 38.61753338045887], [-90.2083090402201, 38.622171096016864], [-90.21387174781604, 38.62680857040582], [-90.21943517099498, 38.631445803493165], [-90.22499930993523, 38.636082795146216], [-90.23056416481495, 38.64071954523234], [-90.2361297358124, 38.64535605361884], [-90.24169602310592, 38.649992320172984], [-90.24726302687371, 38.65462834476206], [-90.25283074729404, 38.65926412725328], [-90.2583991845453, 38.663899667513896], [-90.26396833880578, 38.66853496541107], [-90.26953821025378, 38.673170020811966], [-90.2751087990677, 38.67780483358376], [-90.28068010542587, 38.682439403593555], [-90.28625212950666, 38.68707373070842], [-90.29182487148844, 38.69170781479548], [-90.29739833154962, 38.69634165572174], [-90.30297250986867, 38.70097525335427], [-90.30280331580018, 38.70547615766316], [-90.30837853409372, 38.710109528957155], [-90.31395447116216, 38.71474265665128], [-90.31378588266769, 38.71924359100243], [-90.31936286061908, 38.72387649197406], [-90.32494055786266, 38.72850914903958], [-90.330518974577, 38.7331415620659], [-90.33626541075455, 38.733272728767844], [-90.3420118843105, 38.73340361338185], [-90.34775839516463, 38.73353421590239], [-90.35333872308522, 38.73816560113835], [-90.35908566820065, 38.73829566025279], [-90.36466711306467, 38.742926539503976], [-90.37024927800739, 38.74755717394432]]}}, {"type": "Feature", "properties": {"route_run_id": "stl_st_louis_downtown_airport_to_st_louis_lambert_2026-01-12_0219", "route_pair": "st_louis_downtown_airport_to_st_louis_lambert", "route_pair_label": "St. Louis Downtown Airport to St. Louis Lambert", "origin_label": "St. Louis Downtown Airport", "destination_label": "St. Louis Lambert International Airport", "origin_lat": 38.5703611, "origin_lon": -90.1550833, "destination_lat": 38.7486982, "destination_lon": -90.3700257, "traffic_date": "2026-01-12", "traffic_dataset": "January 12th - Monday", "weight_id": "w_0219", "distance_weight": 0.4, "population_weight": 0.2, "traffic_weight": 0.2, "airspace_weight": 0.2, "path_nodes": 40, "path_node_ids": [2179, 2180, 2174, 2199, 2203, 2207, 2341, 2344, 2368, 2374, 2394, 2397, 2712, 2716, 2739, 2746, 2769, 2773, 3985, 3988, 3992, 3994, 4019, 4020, 4023, 4055, 4059, 4063, 4064, 5048, 5052, 5076, 5082, 5299, 5304, 5319, 5321, 5357, 5358, 5364], "elapsed_seconds": 0.012280499999178573, "status": "success", "failure_reason": "", "route_distance_km": 35.0695243590648, "distance_cost_sum": 38.596279476875054, "population_cost_sum": 23.651108783135093, "traffic_cost_sum": 17.839922019494136, "airspace_cost_sum": 33.8, "total_weighted_score": 30.49671795127587}, "geometry": {"type": "LineString", "coordinates": [[-90.15289905765549, 38.57128267769979], [-90.15845430205954, 38.57592253965332], [-90.16401026010618, 38.58056216167], [-90.16956693197352, 38.58520154361737], [-90.17512431783956, 38.5898406853631], [-90.18068241788241, 38.5944795867747], [-90.18624123228014, 38.59911824771971], [-90.19180076121087, 38.60375666806568], [-90.19736100485268, 38.60839484768009], [-90.20292196338367, 38.61303278643038], [-90.2084836369821, 38.617670484184025], [-90.21404602582597, 38.62230794080845], [-90.21960913009349, 38.62694515617101], [-90.22517294996291, 38.63158213013913], [-90.23073748561237, 38.63621886258013], [-90.23630273722006, 38.640855353361346], [-90.24186870496423, 38.645491602350084], [-90.24743538902311, 38.65012760941361], [-90.25300278957496, 38.654763374419176], [-90.25857090679797, 38.65939889723403], [-90.26413974087053, 38.66403417772537], [-90.26970929197084, 38.66866921576039], [-90.27527956027723, 38.67330401120623], [-90.28085054596801, 38.677938563930056], [-90.28642224922152, 38.68257287379895], [-90.29199467021606, 38.68720694068001], [-90.29756780913004, 38.69184076444029], [-90.3031416661418, 38.696474344946864], [-90.30888503852013, 38.69660675247757], [-90.31446001070607, 38.70123982903419], [-90.32003570136486, 38.70587266197814], [-90.32561211067481, 38.710505251176386], [-90.33118923881437, 38.715137596495865], [-90.3367670859619, 38.719769697803464], [-90.34234565229588, 38.724401554966114], [-90.34792493799469, 38.72903316785066], [-90.35350494323681, 38.73366453632395], [-90.35908566820065, 38.73829566025279], [-90.36466711306467, 38.742926539503976], [-90.37024927800739, 38.74755717394432]]}}, {"type": "Feature", "properties": {"route_run_id": "stl_st_louis_downtown_airport_to_st_louis_lambert_2026-01-12_0096", "route_pair": "st_louis_downtown_airport_to_st_louis_lambert", "route_pair_label": "St. Louis Downtown Airport to St. Louis Lambert", "origin_label": "St. Louis Downtown Airport", "destination_label": "St. Louis Lambert International Airport", "origin_lat": 38.5703611, "origin_lon": -90.1550833, "destination_lat": 38.7486982, "destination_lon": -90.3700257, "traffic_date": "2026-01-12", "traffic_dataset": "January 12th - Monday", "weight_id": "w_0096", "distance_weight": 0.1, "population_weight": 0.3, "traffic_weight": 0.2, "airspace_weight": 0.4, "path_nodes": 40, "path_node_ids": [2179, 2180, 2174, 2199, 2203, 2207, 2341, 2344, 2368, 2374, 2394, 2397, 2712, 2716, 2739, 2746, 2769, 2773, 3985, 3988, 3992, 3994, 4019, 4020, 4023, 4055, 4059, 4063, 4064, 5048, 5052, 5076, 5082, 5299, 5304, 5319, 5321, 5357, 5358, 5364], "elapsed_seconds": 0.05124440000508912, "status": "success", "failure_reason": "", "route_distance_km": 35.0695243590648, "distance_cost_sum": 38.596279476875054, "population_cost_sum": 23.651108783135093, "traffic_cost_sum": 17.839922019494136, "airspace_cost_sum": 33.8, "total_weighted_score": 28.04294498652686}, "geometry": {"type": "LineString", "coordinates": [[-90.15289905765549, 38.57128267769979], [-90.15845430205954, 38.57592253965332], [-90.16401026010618, 38.58056216167], [-90.16956693197352, 38.58520154361737], [-90.17512431783956, 38.5898406853631], [-90.18068241788241, 38.5944795867747], [-90.18624123228014, 38.59911824771971], [-90.19180076121087, 38.60375666806568], [-90.19736100485268, 38.60839484768009], [-90.20292196338367, 38.61303278643038], [-90.2084836369821, 38.617670484184025], [-90.21404602582597, 38.62230794080845], [-90.21960913009349, 38.62694515617101], [-90.22517294996291, 38.63158213013913], [-90.23073748561237, 38.63621886258013], [-90.23630273722006, 38.640855353361346], [-90.24186870496423, 38.645491602350084], [-90.24743538902311, 38.65012760941361], [-90.25300278957496, 38.654763374419176], [-90.25857090679797, 38.65939889723403], [-90.26413974087053, 38.66403417772537], [-90.26970929197084, 38.66866921576039], [-90.27527956027723, 38.67330401120623], [-90.28085054596801, 38.677938563930056], [-90.28642224922152, 38.68257287379895], [-90.29199467021606, 38.68720694068001], [-90.29756780913004, 38.69184076444029], [-90.3031416661418, 38.696474344946864], [-90.30888503852013, 38.69660675247757], [-90.31446001070607, 38.70123982903419], [-90.32003570136486, 38.70587266197814], [-90.32561211067481, 38.710505251176386], [-90.33118923881437, 38.715137596495865], [-90.3367670859619, 38.719769697803464], [-90.34234565229588, 38.724401554966114], [-90.34792493799469, 38.72903316785066], [-90.35350494323681, 38.73366453632395], [-90.35908566820065, 38.73829566025279], [-90.36466711306467, 38.742926539503976], [-90.37024927800739, 38.74755717394432]]}}, {"type": "Feature", "properties": {"route_run_id": "stl_st_louis_downtown_airport_to_st_louis_lambert_2026-01-12_0217", "route_pair": "st_louis_downtown_airport_to_st_louis_lambert", "route_pair_label": "St. Louis Downtown Airport to St. Louis Lambert", "origin_label": "St. Louis Downtown Airport", "destination_label": "St. Louis Lambert International Airport", "origin_lat": 38.5703611, "origin_lon": -90.1550833, "destination_lat": 38.7486982, "destination_lon": -90.3700257, "traffic_date": "2026-01-12", "traffic_dataset": "January 12th - Monday", "weight_id": "w_0217", "distance_weight": 0.4, "population_weight": 0.2, "traffic_weight": 0.0, "airspace_weight": 0.4, "path_nodes": 40, "path_node_ids": [2179, 2180, 2174, 2199, 2203, 2207, 2341, 2344, 2368, 2374, 2394, 2397, 2712, 2716, 2739, 2746, 2769, 2773, 3985, 3988, 3992, 3994, 4019, 4020, 4023, 4055, 4059, 4063, 4078, 5051, 5075, 5079, 5306, 5303, 5318, 5323, 5346, 5357, 5358, 5364], "elapsed_seconds": 0.016788500011898577, "status": "success", "failure_reason": "", "route_distance_km": 35.06987633323177, "distance_cost_sum": 38.59666684720769, "population_cost_sum": 23.21199613097869, "traffic_cost_sum": 19.031491728664538, "airspace_cost_sum": 33.8, "total_weighted_score": 33.60106596507882}, "geometry": {"type": "LineString", "coordinates": [[-90.15289905765549, 38.57128267769979], [-90.15845430205954, 38.57592253965332], [-90.16401026010618, 38.58056216167], [-90.16956693197352, 38.58520154361737], [-90.17512431783956, 38.5898406853631], [-90.18068241788241, 38.5944795867747], [-90.18624123228014, 38.59911824771971], [-90.19180076121087, 38.60375666806568], [-90.19736100485268, 38.60839484768009], [-90.20292196338367, 38.61303278643038], [-90.2084836369821, 38.617670484184025], [-90.21404602582597, 38.62230794080845], [-90.21960913009349, 38.62694515617101], [-90.22517294996291, 38.63158213013913], [-90.23073748561237, 38.63621886258013], [-90.23630273722006, 38.640855353361346], [-90.24186870496423, 38.645491602350084], [-90.24743538902311, 38.65012760941361], [-90.25300278957496, 38.654763374419176], [-90.25857090679797, 38.65939889723403], [-90.26413974087053, 38.66403417772537], [-90.26970929197084, 38.66866921576039], [-90.27527956027723, 38.67330401120623], [-90.28085054596801, 38.677938563930056], [-90.28642224922152, 38.68257287379895], [-90.29199467021606, 38.68720694068001], [-90.29756780913004, 38.69184076444029], [-90.3031416661418, 38.696474344946864], [-90.3087162414297, 38.701107682066734], [-90.31429153517219, 38.705740775666875], [-90.31986754754767, 38.71037362561428], [-90.32544427873452, 38.71500623177588], [-90.33102172891115, 38.71963859401861], [-90.33659989825608, 38.72427071220935], [-90.34217878694776, 38.72890258621499], [-90.34775839516463, 38.73353421590239], [-90.35333872308522, 38.73816560113835], [-90.35908566820065, 38.73829566025279], [-90.36466711306467, 38.742926539503976], [-90.37024927800739, 38.74755717394432]]}}, {"type": "Feature", "properties": {"route_run_id": "stl_st_louis_downtown_airport_to_st_louis_lambert_2026-01-12_0082", "route_pair": "st_louis_downtown_airport_to_st_louis_lambert", "route_pair_label": "St. Louis Downtown Airport to St. Louis Lambert", "origin_label": "St. Louis Downtown Airport", "destination_label": "St. Louis Lambert International Airport", "origin_lat": 38.5703611, "origin_lon": -90.1550833, "destination_lat": 38.7486982, "destination_lon": -90.3700257, "traffic_date": "2026-01-12", "traffic_dataset": "January 12th - Monday", "weight_id": "w_0082", "distance_weight": 0.1, "population_weight": 0.1, "traffic_weight": 0.5, "airspace_weight": 0.3, "path_nodes": 41, "path_node_ids": [2179, 2147, 2157, 2170, 2175, 2201, 2313, 2316, 2342, 2347, 2366, 2389, 2392, 2396, 2724, 2727, 2742, 2743, 2681, 2682, 2685, 3986, 2706, 4015, 4017, 4022, 4029, 4034, 4060, 4064, 5048, 5052, 5076, 5082, 5299, 5304, 5319, 5321, 5357, 5358, 5364], "elapsed_seconds": 0.048357899999246, "status": "success", "failure_reason": "", "route_distance_km": 35.442843120650096, "distance_cost_sum": 39.00714091624279, "population_cost_sum": 26.327607483472868, "traffic_cost_sum": 16.78312655842246, "airspace_cost_sum": 34.4, "total_weighted_score": 25.245038119182798}, "geometry": {"type": "LineString", "coordinates": [[-90.15289905765549, 38.57128267769979], [-90.15863172081019, 38.571422085329914], [-90.16436442357126, 38.57156121262679], [-90.16992046069078, 38.5762005584167], [-90.17547721149117, 38.58083966408426], [-90.1810346761504, 38.585478529497074], [-90.18659285484642, 38.5901171545227], [-90.19215174775724, 38.5947555390287], [-90.19771135506093, 38.5993936828826], [-90.2032716769355, 38.60403158595187], [-90.208832713559, 38.60866924810401], [-90.21439446510948, 38.61330666920645], [-90.21995693176504, 38.61794384912666], [-90.22552011370372, 38.622580787732026], [-90.23108401110366, 38.627217484889904], [-90.23664862414297, 38.63185394046768], [-90.24221395299979, 38.63649015433267], [-90.24777999785228, 38.641126126352205], [-90.25334675887852, 38.64576185639355], [-90.25891423625677, 38.65039734432395], [-90.26448243016516, 38.6550325900107], [-90.27005134078189, 38.65966759332096], [-90.27562096828521, 38.66430235412195], [-90.28119131285328, 38.668936872280845], [-90.28102094844074, 38.67343772015905], [-90.28659233093768, 38.67807201278429], [-90.29216443101578, 38.68270606246168], [-90.29773724885335, 38.68733986905835], [-90.30331078462868, 38.69197343244128], [-90.30888503852013, 38.69660675247757], [-90.31446001070607, 38.70123982903419], [-90.32003570136486, 38.70587266197814], [-90.32561211067481, 38.710505251176386], [-90.33118923881437, 38.715137596495865], [-90.3367670859619, 38.719769697803464], [-90.34234565229588, 38.724401554966114], [-90.34792493799469, 38.72903316785066], [-90.35350494323681, 38.73366453632395], [-90.35908566820065, 38.73829566025279], [-90.36466711306467, 38.742926539503976], [-90.37024927800739, 38.74755717394432]]}}, {"type": "Feature", "properties": {"route_run_id": "stl_st_louis_downtown_airport_to_st_louis_lambert_2026-01-12_0118", "route_pair": "st_louis_downtown_airport_to_st_louis_lambert", "route_pair_label": "St. Louis Downtown Airport to St. Louis Lambert", "origin_label": "St. Louis Downtown Airport", "destination_label": "St. Louis Lambert International Airport", "origin_lat": 38.5703611, "origin_lon": -90.1550833, "destination_lat": 38.7486982, "destination_lon": -90.3700257, "traffic_date": "2026-01-12", "traffic_dataset": "January 12th - Monday", "weight_id": "w_0118", "distance_weight": 0.1, "population_weight": 0.7, "traffic_weight": 0.2, "airspace_weight": 0.0, "path_nodes": 56, "path_node_ids": [2179, 2180, 2174, 2199, 2203, 2206, 2449, 2451, 2455, 2478, 2480, 2484, 2486, 2809, 2813, 2817, 2858, 2862, 2864, 2889, 2892, 3900, 3903, 3926, 3931, 3951, 3954, 3969, 3971, 3981, 3978, 3976, 3941, 4043, 4066, 4067, 4068, 4185, 4187, 4188, 4076, 4075, 4082, 4084, 5080, 5084, 5310, 5311, 5337, 5320, 5322, 5323, 5346, 5357, 5358, 5364], "elapsed_seconds": 0.040654600015841424, "status": "success", "failure_reason": "", "route_distance_km": 44.268746722829775, "distance_cost_sum": 48.72061859497936, "population_cost_sum": 8.85218971061002, "traffic_cost_sum": 37.629822376971305, "airspace_cost_sum": 45.8, "total_weighted_score": 18.594559132319212}, "geometry": {"type": "LineString", "coordinates": [[-90.15289905765549, 38.57128267769979], [-90.15845430205954, 38.57592253965332], [-90.16401026010618, 38.58056216167], [-90.16956693197352, 38.58520154361737], [-90.17512431783956, 38.5898406853631], [-90.17494781190939, 38.59434118977373], [-90.18050622974906, 38.59898010918833], [-90.18033000227008, 38.60348062745143], [-90.17441805758689, 38.60784267808668], [-90.174241393937, 38.61234316588366], [-90.16832833746557, 38.616704860919356], [-90.16815123729772, 38.62120531819316], [-90.16797409757739, 38.62570577130943], [-90.16779691829495, 38.630206220267794], [-90.16761969944088, 38.63470666506797], [-90.16744244100559, 38.63920710570964], [-90.17300364314747, 38.64384646412727], [-90.17282666359999, 38.64834691868183], [-90.17838890046788, 38.65298605432084], [-90.17821220009857, 38.65748652275311], [-90.17803546025965, 38.66198698703078], [-90.18359905135976, 38.6666259176785], [-90.18916335938395, 38.67126460713097], [-90.19472838451095, 38.67590305525546], [-90.2002941269196, 38.68054126191918], [-90.20586058678872, 38.68517922698935], [-90.21142776429718, 38.68981695033316], [-90.2169956596237, 38.69445443181779], [-90.22256427294727, 38.69909167131035], [-90.22848129289677, 38.69472741490856], [-90.23422416781283, 38.694863484025944], [-90.24014014948251, 38.69049859495047], [-90.24605541323987, 38.68613337677085], [-90.2517976862147, 38.68626855773688], [-90.25736804511756, 38.69090420272148], [-90.26311075393669, 38.69103884211091], [-90.26868222818311, 38.695673984376505], [-90.27425442059507, 38.700308883813186], [-90.27999796237877, 38.700442721166475], [-90.28557127047641, 38.70507711728869], [-90.29148516021279, 38.700709550716724], [-90.297228816103, 38.700842542902386], [-90.30280331580018, 38.70547615766316], [-90.30837853409372, 38.710109528957155], [-90.31395447116216, 38.71474265665128], [-90.31378588266769, 38.71924359100243], [-90.31936286061908, 38.72387649197406], [-90.32494055786266, 38.72850914903958], [-90.330518974577, 38.7331415620659], [-90.33626541075455, 38.733272728767844], [-90.3420118843105, 38.73340361338185], [-90.34775839516463, 38.73353421590239], [-90.35333872308522, 38.73816560113835], [-90.35908566820065, 38.73829566025279], [-90.36466711306467, 38.742926539503976], [-90.37024927800739, 38.74755717394432]]}}, {"type": "Feature", "properties": {"route_run_id": "stl_st_louis_downtown_airport_to_st_louis_lambert_2026-01-12_0100", "route_pair": "st_louis_downtown_airport_to_st_louis_lambert", "route_pair_label": "St. Louis Downtown Airport to St. Louis Lambert", "origin_label": "St. Louis Downtown Airport", "destination_label": "St. Louis Lambert International Airport", "origin_lat": 38.5703611, "origin_lon": -90.1550833, "destination_lat": 38.7486982, "destination_lon": -90.3700257, "traffic_date": "2026-01-12", "traffic_dataset": "January 12th - Monday", "weight_id": "w_0100", "distance_weight": 0.1, "population_weight": 0.3, "traffic_weight": 0.6, "airspace_weight": 0.0, "path_nodes": 45, "path_node_ids": [2179, 2147, 2157, 2170, 2175, 2201, 2313, 2316, 2342, 2347, 2366, 2389, 2392, 2396, 2720, 2721, 2726, 2740, 2678, 2680, 2682, 2685, 3986, 2706, 2705, 2707, 4004, 4027, 4030, 4034, 4059, 4063, 4064, 5048, 5052, 5076, 5082, 5299, 5304, 5318, 5323, 5346, 5357, 5358, 5364], "elapsed_seconds": 0.04090359999099746, "status": "success", "failure_reason": "", "route_distance_km": 36.9437566145673, "distance_cost_sum": 40.658993279243745, "population_cost_sum": 24.051439875452186, "traffic_cost_sum": 16.45583838281567, "airspace_cost_sum": 38.00000000000001, "total_weighted_score": 21.15483432024943}, "geometry": {"type": "LineString", "coordinates": [[-90.15289905765549, 38.57128267769979], [-90.15863172081019, 38.571422085329914], [-90.16436442357126, 38.57156121262679], [-90.16992046069078, 38.5762005584167], [-90.17547721149117, 38.58083966408426], [-90.1810346761504, 38.585478529497074], [-90.18659285484642, 38.5901171545227], [-90.19215174775724, 38.5947555390287], [-90.19771135506093, 38.5993936828826], [-90.2032716769355, 38.60403158595187], [-90.208832713559, 38.60866924810401], [-90.21439446510948, 38.61330666920645], [-90.21995693176504, 38.61794384912666], [-90.22552011370372, 38.622580787732026], [-90.23125721581627, 38.622716789852504], [-90.23682150967697, 38.62735322783211], [-90.24238651919569, 38.63198942413879], [-90.24795224455062, 38.63662537863984], [-90.2535186859198, 38.64126109120261], [-90.25908584348143, 38.64589656169434], [-90.25891423625677, 38.65039734432395], [-90.26448243016516, 38.6550325900107], [-90.27005134078189, 38.65966759332096], [-90.27562096828521, 38.66430235412195], [-90.28136163921492, 38.66443602029574], [-90.28693238041095, 38.66907027844067], [-90.29250383886837, 38.67370429371775], [-90.29807601476547, 38.67833806599408], [-90.29790665072878, 38.68283896957616], [-90.29773724885335, 38.68733986905835], [-90.29756780913004, 38.69184076444029], [-90.3031416661418, 38.696474344946864], [-90.30888503852013, 38.69660675247757], [-90.31446001070607, 38.70123982903419], [-90.32003570136486, 38.70587266197814], [-90.32561211067481, 38.710505251176386], [-90.33118923881437, 38.715137596495865], [-90.3367670859619, 38.719769697803464], [-90.34234565229588, 38.724401554966114], [-90.34217878694776, 38.72890258621499], [-90.34775839516463, 38.73353421590239], [-90.35333872308522, 38.73816560113835], [-90.35908566820065, 38.73829566025279], [-90.36466711306467, 38.742926539503976], [-90.37024927800739, 38.74755717394432]]}}, {"type": "Feature", "properties": {"route_run_id": "stl_st_louis_downtown_airport_to_st_louis_lambert_2026-01-12_0120", "route_pair": "st_louis_downtown_airport_to_st_louis_lambert", "route_pair_label": "St. Louis Downtown Airport to St. Louis Lambert", "origin_label": "St. Louis Downtown Airport", "destination_label": "St. Louis Lambert International Airport", "origin_lat": 38.5703611, "origin_lon": -90.1550833, "destination_lat": 38.7486982, "destination_lon": -90.3700257, "traffic_date": "2026-01-12", "traffic_dataset": "January 12th - Monday", "weight_id": "w_0120", "distance_weight": 0.1, "population_weight": 0.8, "traffic_weight": 0.1, "airspace_weight": 0.0, "path_nodes": 59, "path_node_ids": [2179, 2180, 2183, 2186, 2419, 2425, 2427, 2453, 2456, 2479, 2480, 2484, 2486, 2809, 2813, 2817, 2858, 2862, 2866, 2888, 2891, 2895, 3904, 3925, 3930, 3934, 3958, 3962, 3974, 3973, 3972, 3971, 3981, 3978, 3976, 3941, 4043, 4066, 4067, 4068, 4185, 4187, 4188, 4076, 4075, 4082, 4084, 5080, 5084, 5310, 5311, 5337, 5320, 5322, 5323, 5346, 5357, 5358, 5364], "elapsed_seconds": 0.03063200000906363, "status": "success", "failure_reason": "", "route_distance_km": 44.33983822901969, "distance_cost_sum": 48.798859394975516, "population_cost_sum": 8.293270401426513, "traffic_cost_sum": 40.521441605629796, "airspace_cost_sum": 47.6, "total_weighted_score": 15.566646421201742}, "geometry": {"type": "LineString", "coordinates": [[-90.15289905765549, 38.57128267769979], [-90.15845430205954, 38.57592253965332], [-90.15827684369297, 38.58042298981685], [-90.1580993457009, 38.58492343582021], [-90.15792180807382, 38.58942387766302], [-90.15774423080212, 38.593924315345014], [-90.16330145854758, 38.59856400986431], [-90.16885940074975, 38.60320346415569], [-90.16868241918205, 38.60770393390031], [-90.16850539809049, 38.61220439948829], [-90.16832833746557, 38.616704860919356], [-90.16815123729772, 38.62120531819316], [-90.16797409757739, 38.62570577130943], [-90.16779691829495, 38.630206220267794], [-90.16761969944088, 38.63470666506797], [-90.16744244100559, 38.63920710570964], [-90.17300364314747, 38.64384646412727], [-90.17282666359999, 38.64834691868183], [-90.17264964452228, 38.6528473690797], [-90.1724725859048, 38.657347815320534], [-90.17229548773797, 38.66184825740402], [-90.17785868094164, 38.666487447153536], [-90.18342259105025, 38.67112639580074], [-90.1889872182426, 38.67576510321293], [-90.18881103775325, 38.6802655951445], [-90.19437670160657, 38.684904079111234], [-90.19420080122836, 38.68940458481685], [-90.19976750231159, 38.694042845128145], [-90.20533492133491, 38.69868086372641], [-90.2110779994899, 38.698818081237896], [-90.21682111672072, 38.69895501710115], [-90.22256427294727, 38.69909167131035], [-90.22848129289677, 38.69472741490856], [-90.23422416781283, 38.694863484025944], [-90.24014014948251, 38.69049859495047], [-90.24605541323987, 38.68613337677085], [-90.2517976862147, 38.68626855773688], [-90.25736804511756, 38.69090420272148], [-90.26311075393669, 38.69103884211091], [-90.26868222818311, 38.695673984376505], [-90.27425442059507, 38.700308883813186], [-90.27999796237877, 38.700442721166475], [-90.28557127047641, 38.70507711728869], [-90.29148516021279, 38.700709550716724], [-90.297228816103, 38.700842542902386], [-90.30280331580018, 38.70547615766316], [-90.30837853409372, 38.710109528957155], [-90.31395447116216, 38.71474265665128], [-90.31378588266769, 38.71924359100243], [-90.31936286061908, 38.72387649197406], [-90.32494055786266, 38.72850914903958], [-90.330518974577, 38.7331415620659], [-90.33626541075455, 38.733272728767844], [-90.3420118843105, 38.73340361338185], [-90.34775839516463, 38.73353421590239], [-90.35333872308522, 38.73816560113835], [-90.35908566820065, 38.73829566025279], [-90.36466711306467, 38.742926539503976], [-90.37024927800739, 38.74755717394432]]}}, {"type": "Feature", "properties": {"route_run_id": "stl_st_louis_downtown_airport_to_st_louis_lambert_2026-01-12_0268", "route_pair": "st_louis_downtown_airport_to_st_louis_lambert", "route_pair_label": "St. Louis Downtown Airport to St. Louis Lambert", "origin_label": "St. Louis Downtown Airport", "destination_label": "St. Louis Lambert International Airport", "origin_lat": 38.5703611, "origin_lon": -90.1550833, "destination_lat": 38.7486982, "destination_lon": -90.3700257, "traffic_date": "2026-01-12", "traffic_dataset": "January 12th - Monday", "weight_id": "w_0268", "distance_weight": 0.7, "population_weight": 0.0, "traffic_weight": 0.0, "airspace_weight": 0.3, "path_nodes": 40, "path_node_ids": [2179, 2147, 2172, 2176, 2200, 2204, 2317, 2340, 2346, 2371, 2391, 2395, 2708, 2713, 2738, 2741, 2745, 2747, 2684, 2687, 3987, 3990, 4016, 4017, 4022, 4029, 4034, 4060, 4064, 5048, 5052, 5076, 5082, 5299, 5304, 5319, 5321, 5357, 5358, 5364], "elapsed_seconds": 0.00646119998418726, "status": "success", "failure_reason": "", "route_distance_km": 35.06847425714207, "distance_cost_sum": 38.5951237717998, "population_cost_sum": 26.02381511715049, "traffic_cost_sum": 20.11965029009705, "airspace_cost_sum": 33.4, "total_weighted_score": 37.036586640259856}, "geometry": {"type": "LineString", "coordinates": [[-90.15289905765549, 38.57128267769979], [-90.15863172081019, 38.571422085329914], [-90.16418736160693, 38.57606168922697], [-90.16974371606538, 38.58070105309441], [-90.17530078436367, 38.58534017679984], [-90.1808585666797, 38.58997906021084], [-90.18641706319154, 38.594617703194956], [-90.1919762740773, 38.599256105619745], [-90.19753619951499, 38.60389426735269], [-90.20309683968271, 38.60853218826128], [-90.20865819475857, 38.61316986821297], [-90.21422026492066, 38.617807307075225], [-90.21978305034705, 38.62244450471542], [-90.22534655121595, 38.62708146100096], [-90.2309107677055, 38.63171817579922], [-90.2364756999938, 38.63635464897752], [-90.2420413482591, 38.64099088040321], [-90.24760771267954, 38.645626869943555], [-90.25317479343335, 38.65026261746583], [-90.25874259069872, 38.654898122837295], [-90.26431110465388, 38.659533385925144], [-90.26988033547711, 38.664168406596616], [-90.27545028334664, 38.66880318471887], [-90.28102094844074, 38.67343772015905], [-90.28659233093768, 38.67807201278429], [-90.29216443101578, 38.68270606246168], [-90.29773724885335, 38.68733986905835], [-90.30331078462868, 38.69197343244128], [-90.30888503852013, 38.69660675247757], [-90.31446001070607, 38.70123982903419], [-90.32003570136486, 38.70587266197814], [-90.32561211067481, 38.710505251176386], [-90.33118923881437, 38.715137596495865], [-90.3367670859619, 38.719769697803464], [-90.34234565229588, 38.724401554966114], [-90.34792493799469, 38.72903316785066], [-90.35350494323681, 38.73366453632395], [-90.35908566820065, 38.73829566025279], [-90.36466711306467, 38.742926539503976], [-90.37024927800739, 38.74755717394432]]}}, {"type": "Feature", "properties": {"route_run_id": "stl_st_louis_downtown_airport_to_st_louis_lambert_2026-01-12_0258", "route_pair": "st_louis_downtown_airport_to_st_louis_lambert", "route_pair_label": "St. Louis Downtown Airport to St. Louis Lambert", "origin_label": "St. Louis Downtown Airport", "destination_label": "St. Louis Lambert International Airport", "origin_lat": 38.5703611, "origin_lon": -90.1550833, "destination_lat": 38.7486982, "destination_lon": -90.3700257, "traffic_date": "2026-01-12", "traffic_dataset": "January 12th - Monday", "weight_id": "w_0258", "distance_weight": 0.6, "population_weight": 0.1, "traffic_weight": 0.0, "airspace_weight": 0.3, "path_nodes": 40, "path_node_ids": [2179, 2180, 2174, 2199, 2203, 2207, 2341, 2344, 2368, 2374, 2394, 2397, 2712, 2716, 2739, 2746, 2769, 2773, 3985, 3988, 3992, 3994, 4019, 4020, 4023, 4055, 4059, 4063, 4078, 5051, 5075, 5079, 5306, 5303, 5318, 5323, 5346, 5357, 5358, 5364], "elapsed_seconds": 0.008530899998731911, "status": "success", "failure_reason": "", "route_distance_km": 35.06987633323177, "distance_cost_sum": 38.59666684720769, "population_cost_sum": 23.21199613097869, "traffic_cost_sum": 19.031491728664538, "airspace_cost_sum": 33.8, "total_weighted_score": 35.61919972142248}, "geometry": {"type": "LineString", "coordinates": [[-90.15289905765549, 38.57128267769979], [-90.15845430205954, 38.57592253965332], [-90.16401026010618, 38.58056216167], [-90.16956693197352, 38.58520154361737], [-90.17512431783956, 38.5898406853631], [-90.18068241788241, 38.5944795867747], [-90.18624123228014, 38.59911824771971], [-90.19180076121087, 38.60375666806568], [-90.19736100485268, 38.60839484768009], [-90.20292196338367, 38.61303278643038], [-90.2084836369821, 38.617670484184025], [-90.21404602582597, 38.62230794080845], [-90.21960913009349, 38.62694515617101], [-90.22517294996291, 38.63158213013913], [-90.23073748561237, 38.63621886258013], [-90.23630273722006, 38.640855353361346], [-90.24186870496423, 38.645491602350084], [-90.24743538902311, 38.65012760941361], [-90.25300278957496, 38.654763374419176], [-90.25857090679797, 38.65939889723403], [-90.26413974087053, 38.66403417772537], [-90.26970929197084, 38.66866921576039], [-90.27527956027723, 38.67330401120623], [-90.28085054596801, 38.677938563930056], [-90.28642224922152, 38.68257287379895], [-90.29199467021606, 38.68720694068001], [-90.29756780913004, 38.69184076444029], [-90.3031416661418, 38.696474344946864], [-90.3087162414297, 38.701107682066734], [-90.31429153517219, 38.705740775666875], [-90.31986754754767, 38.71037362561428], [-90.32544427873452, 38.71500623177588], [-90.33102172891115, 38.71963859401861], [-90.33659989825608, 38.72427071220935], [-90.34217878694776, 38.72890258621499], [-90.34775839516463, 38.73353421590239], [-90.35333872308522, 38.73816560113835], [-90.35908566820065, 38.73829566025279], [-90.36466711306467, 38.742926539503976], [-90.37024927800739, 38.74755717394432]]}}, {"type": "Feature", "properties": {"route_run_id": "stl_st_louis_downtown_airport_to_st_louis_lambert_2026-01-12_0170", "route_pair": "st_louis_downtown_airport_to_st_louis_lambert", "route_pair_label": "St. Louis Downtown Airport to St. Louis Lambert", "origin_label": "St. Louis Downtown Airport", "destination_label": "St. Louis Lambert International Airport", "origin_lat": 38.5703611, "origin_lon": -90.1550833, "destination_lat": 38.7486982, "destination_lon": -90.3700257, "traffic_date": "2026-01-12", "traffic_dataset": "January 12th - Monday", "weight_id": "w_0170", "distance_weight": 0.3, "population_weight": 0.0, "traffic_weight": 0.2, "airspace_weight": 0.5, "path_nodes": 40, "path_node_ids": [2179, 2180, 2174, 2199, 2203, 2207, 2341, 2344, 2368, 2374, 2394, 2397, 2712, 2716, 2739, 2746, 2769, 2773, 3985, 3988, 3992, 3990, 4016, 4017, 4022, 4029, 4034, 4060, 4064, 5048, 5052, 5076, 5082, 5299, 5304, 5319, 5321, 5357, 5358, 5364], "elapsed_seconds": 0.022308100014925003, "status": "success", "failure_reason": "", "route_distance_km": 35.06925127294606, "distance_cost_sum": 38.59597892794111, "population_cost_sum": 25.05959051055676, "traffic_cost_sum": 17.839922019494136, "airspace_cost_sum": 33.4, "total_weighted_score": 31.846778082281162}, "geometry": {"type": "LineString", "coordinates": [[-90.15289905765549, 38.57128267769979], [-90.15845430205954, 38.57592253965332], [-90.16401026010618, 38.58056216167], [-90.16956693197352, 38.58520154361737], [-90.17512431783956, 38.5898406853631], [-90.18068241788241, 38.5944795867747], [-90.18624123228014, 38.59911824771971], [-90.19180076121087, 38.60375666806568], [-90.19736100485268, 38.60839484768009], [-90.20292196338367, 38.61303278643038], [-90.2084836369821, 38.617670484184025], [-90.21404602582597, 38.62230794080845], [-90.21960913009349, 38.62694515617101], [-90.22517294996291, 38.63158213013913], [-90.23073748561237, 38.63621886258013], [-90.23630273722006, 38.640855353361346], [-90.24186870496423, 38.645491602350084], [-90.24743538902311, 38.65012760941361], [-90.25300278957496, 38.654763374419176], [-90.25857090679797, 38.65939889723403], [-90.26413974087053, 38.66403417772537], [-90.26988033547711, 38.664168406596616], [-90.27545028334664, 38.66880318471887], [-90.28102094844074, 38.67343772015905], [-90.28659233093768, 38.67807201278429], [-90.29216443101578, 38.68270606246168], [-90.29773724885335, 38.68733986905835], [-90.30331078462868, 38.69197343244128], [-90.30888503852013, 38.69660675247757], [-90.31446001070607, 38.70123982903419], [-90.32003570136486, 38.70587266197814], [-90.32561211067481, 38.710505251176386], [-90.33118923881437, 38.715137596495865], [-90.3367670859619, 38.719769697803464], [-90.34234565229588, 38.724401554966114], [-90.34792493799469, 38.72903316785066], [-90.35350494323681, 38.73366453632395], [-90.35908566820065, 38.73829566025279], [-90.36466711306467, 38.742926539503976], [-90.37024927800739, 38.74755717394432]]}}, {"type": "Feature", "properties": {"route_run_id": "stl_st_louis_downtown_airport_to_st_louis_lambert_2026-01-12_0141", "route_pair": "st_louis_downtown_airport_to_st_louis_lambert", "route_pair_label": "St. Louis Downtown Airport to St. Louis Lambert", "origin_label": "St. Louis Downtown Airport", "destination_label": "St. Louis Lambert International Airport", "origin_lat": 38.5703611, "origin_lon": -90.1550833, "destination_lat": 38.7486982, "destination_lon": -90.3700257, "traffic_date": "2026-01-12", "traffic_dataset": "January 12th - Monday", "weight_id": "w_0141", "distance_weight": 0.2, "population_weight": 0.2, "traffic_weight": 0.2, "airspace_weight": 0.4, "path_nodes": 40, "path_node_ids": [2179, 2180, 2174, 2199, 2203, 2207, 2341, 2344, 2368, 2374, 2394, 2397, 2712, 2716, 2739, 2746, 2769, 2773, 3985, 3988, 3992, 3994, 4019, 4020, 4023, 4055, 4059, 4063, 4064, 5048, 5052, 5076, 5082, 5299, 5304, 5319, 5321, 5357, 5358, 5364], "elapsed_seconds": 0.03351509998901747, "status": "success", "failure_reason": "", "route_distance_km": 35.0695243590648, "distance_cost_sum": 38.596279476875054, "population_cost_sum": 23.651108783135093, "traffic_cost_sum": 17.839922019494136, "airspace_cost_sum": 33.8, "total_weighted_score": 29.537462055900857}, "geometry": {"type": "LineString", "coordinates": [[-90.15289905765549, 38.57128267769979], [-90.15845430205954, 38.57592253965332], [-90.16401026010618, 38.58056216167], [-90.16956693197352, 38.58520154361737], [-90.17512431783956, 38.5898406853631], [-90.18068241788241, 38.5944795867747], [-90.18624123228014, 38.59911824771971], [-90.19180076121087, 38.60375666806568], [-90.19736100485268, 38.60839484768009], [-90.20292196338367, 38.61303278643038], [-90.2084836369821, 38.617670484184025], [-90.21404602582597, 38.62230794080845], [-90.21960913009349, 38.62694515617101], [-90.22517294996291, 38.63158213013913], [-90.23073748561237, 38.63621886258013], [-90.23630273722006, 38.640855353361346], [-90.24186870496423, 38.645491602350084], [-90.24743538902311, 38.65012760941361], [-90.25300278957496, 38.654763374419176], [-90.25857090679797, 38.65939889723403], [-90.26413974087053, 38.66403417772537], [-90.26970929197084, 38.66866921576039], [-90.27527956027723, 38.67330401120623], [-90.28085054596801, 38.677938563930056], [-90.28642224922152, 38.68257287379895], [-90.29199467021606, 38.68720694068001], [-90.29756780913004, 38.69184076444029], [-90.3031416661418, 38.696474344946864], [-90.30888503852013, 38.69660675247757], [-90.31446001070607, 38.70123982903419], [-90.32003570136486, 38.70587266197814], [-90.32561211067481, 38.710505251176386], [-90.33118923881437, 38.715137596495865], [-90.3367670859619, 38.719769697803464], [-90.34234565229588, 38.724401554966114], [-90.34792493799469, 38.72903316785066], [-90.35350494323681, 38.73366453632395], [-90.35908566820065, 38.73829566025279], [-90.36466711306467, 38.742926539503976], [-90.37024927800739, 38.74755717394432]]}}, {"type": "Feature", "properties": {"route_run_id": "stl_st_louis_downtown_airport_to_st_louis_lambert_2026-01-12_0283", "route_pair": "st_louis_downtown_airport_to_st_louis_lambert", "route_pair_label": "St. Louis Downtown Airport to St. Louis Lambert", "origin_label": "St. Louis Downtown Airport", "destination_label": "St. Louis Lambert International Airport", "origin_lat": 38.5703611, "origin_lon": -90.1550833, "destination_lat": 38.7486982, "destination_lon": -90.3700257, "traffic_date": "2026-01-12", "traffic_dataset": "January 12th - Monday", "weight_id": "w_0283", "distance_weight": 0.8, "population_weight": 0.2, "traffic_weight": 0.0, "airspace_weight": 0.0, "path_nodes": 43, "path_node_ids": [2179, 2180, 2174, 2199, 2203, 2207, 2341, 2345, 2370, 2373, 2398, 2709, 2711, 2714, 2750, 2744, 2770, 2772, 2777, 3989, 3993, 4006, 4008, 4021, 4045, 4047, 4058, 4062, 4077, 4082, 4084, 5080, 5084, 5310, 5311, 5337, 5320, 5322, 5323, 5346, 5357, 5358, 5364], "elapsed_seconds": 0.004680900019593537, "status": "success", "failure_reason": "", "route_distance_km": 36.197024617572914, "distance_cost_sum": 39.83716642595565, "population_cost_sum": 17.31210242086407, "traffic_cost_sum": 23.983742516081602, "airspace_cost_sum": 36.4, "total_weighted_score": 35.332153624937334}, "geometry": {"type": "LineString", "coordinates": [[-90.15289905765549, 38.57128267769979], [-90.15845430205954, 38.57592253965332], [-90.16401026010618, 38.58056216167], [-90.16956693197352, 38.58520154361737], [-90.17512431783956, 38.5898406853631], [-90.18068241788241, 38.5944795867747], [-90.18624123228014, 38.59911824771971], [-90.18606536210271, 38.60361878809667], [-90.19162520914848, 38.60825722636621], [-90.19718577106451, 38.612895423864465], [-90.20274704802898, 38.61753338045887], [-90.2083090402201, 38.622171096016864], [-90.21387174781604, 38.62680857040582], [-90.21943517099498, 38.631445803493165], [-90.22499930993523, 38.636082795146216], [-90.23056416481495, 38.64071954523234], [-90.2361297358124, 38.64535605361884], [-90.24169602310592, 38.649992320172984], [-90.24726302687371, 38.65462834476206], [-90.25283074729404, 38.65926412725328], [-90.2583991845453, 38.663899667513896], [-90.26396833880578, 38.66853496541107], [-90.26953821025378, 38.673170020811966], [-90.2751087990677, 38.67780483358376], [-90.28068010542587, 38.682439403593555], [-90.28625212950666, 38.68707373070842], [-90.29182487148844, 38.69170781479548], [-90.29739833154962, 38.69634165572174], [-90.30297250986867, 38.70097525335427], [-90.30280331580018, 38.70547615766316], [-90.30837853409372, 38.710109528957155], [-90.31395447116216, 38.71474265665128], [-90.31378588266769, 38.71924359100243], [-90.31936286061908, 38.72387649197406], [-90.32494055786266, 38.72850914903958], [-90.330518974577, 38.7331415620659], [-90.33626541075455, 38.733272728767844], [-90.3420118843105, 38.73340361338185], [-90.34775839516463, 38.73353421590239], [-90.35333872308522, 38.73816560113835], [-90.35908566820065, 38.73829566025279], [-90.36466711306467, 38.742926539503976], [-90.37024927800739, 38.74755717394432]]}}, {"type": "Feature", "properties": {"route_run_id": "stl_st_louis_downtown_airport_to_st_louis_lambert_2026-01-12_0033", "route_pair": "st_louis_downtown_airport_to_st_louis_lambert", "route_pair_label": "St. Louis Downtown Airport to St. Louis Lambert", "origin_label": "St. Louis Downtown Airport", "destination_label": "St. Louis Lambert International Airport", "origin_lat": 38.5703611, "origin_lon": -90.1550833, "destination_lat": 38.7486982, "destination_lon": -90.3700257, "traffic_date": "2026-01-12", "traffic_dataset": "January 12th - Monday", "weight_id": "w_0033", "distance_weight": 0.0, "population_weight": 0.3, "traffic_weight": 0.2, "airspace_weight": 0.5, "path_nodes": 40, "path_node_ids": [2179, 2180, 2174, 2199, 2203, 2207, 2341, 2344, 2368, 2374, 2394, 2397, 2712, 2716, 2739, 2746, 2769, 2773, 3985, 3988, 3992, 3994, 4019, 4020, 4023, 4055, 4059, 4063, 4064, 5048, 5052, 5076, 5082, 5299, 5304, 5319, 5321, 5357, 5358, 5364], "elapsed_seconds": 0.044489000021712855, "status": "success", "failure_reason": "", "route_distance_km": 35.0695243590648, "distance_cost_sum": 38.596279476875054, "population_cost_sum": 23.651108783135093, "traffic_cost_sum": 17.839922019494136, "airspace_cost_sum": 33.8, "total_weighted_score": 27.563317038839354}, "geometry": {"type": "LineString", "coordinates": [[-90.15289905765549, 38.57128267769979], [-90.15845430205954, 38.57592253965332], [-90.16401026010618, 38.58056216167], [-90.16956693197352, 38.58520154361737], [-90.17512431783956, 38.5898406853631], [-90.18068241788241, 38.5944795867747], [-90.18624123228014, 38.59911824771971], [-90.19180076121087, 38.60375666806568], [-90.19736100485268, 38.60839484768009], [-90.20292196338367, 38.61303278643038], [-90.2084836369821, 38.617670484184025], [-90.21404602582597, 38.62230794080845], [-90.21960913009349, 38.62694515617101], [-90.22517294996291, 38.63158213013913], [-90.23073748561237, 38.63621886258013], [-90.23630273722006, 38.640855353361346], [-90.24186870496423, 38.645491602350084], [-90.24743538902311, 38.65012760941361], [-90.25300278957496, 38.654763374419176], [-90.25857090679797, 38.65939889723403], [-90.26413974087053, 38.66403417772537], [-90.26970929197084, 38.66866921576039], [-90.27527956027723, 38.67330401120623], [-90.28085054596801, 38.677938563930056], [-90.28642224922152, 38.68257287379895], [-90.29199467021606, 38.68720694068001], [-90.29756780913004, 38.69184076444029], [-90.3031416661418, 38.696474344946864], [-90.30888503852013, 38.69660675247757], [-90.31446001070607, 38.70123982903419], [-90.32003570136486, 38.70587266197814], [-90.32561211067481, 38.710505251176386], [-90.33118923881437, 38.715137596495865], [-90.3367670859619, 38.719769697803464], [-90.34234565229588, 38.724401554966114], [-90.34792493799469, 38.72903316785066], [-90.35350494323681, 38.73366453632395], [-90.35908566820065, 38.73829566025279], [-90.36466711306467, 38.742926539503976], [-90.37024927800739, 38.74755717394432]]}}, {"type": "Feature", "properties": {"route_run_id": "stl_st_louis_downtown_airport_to_st_louis_lambert_2026-01-12_0084", "route_pair": "st_louis_downtown_airport_to_st_louis_lambert", "route_pair_label": "St. Louis Downtown Airport to St. Louis Lambert", "origin_label": "St. Louis Downtown Airport", "destination_label": "St. Louis Lambert International Airport", "origin_lat": 38.5703611, "origin_lon": -90.1550833, "destination_lat": 38.7486982, "destination_lon": -90.3700257, "traffic_date": "2026-01-12", "traffic_dataset": "January 12th - Monday", "weight_id": "w_0084", "distance_weight": 0.1, "population_weight": 0.1, "traffic_weight": 0.7, "airspace_weight": 0.1, "path_nodes": 43, "path_node_ids": [2179, 2147, 2157, 2170, 2175, 2201, 2313, 2316, 2342, 2347, 2366, 2389, 2392, 2396, 2720, 2721, 2726, 2740, 2678, 2680, 2682, 2685, 3986, 2706, 2705, 2707, 4004, 4027, 4032, 4056, 5030, 5033, 5049, 5054, 5071, 5296, 5301, 5302, 5328, 5321, 5357, 5358, 5364], "elapsed_seconds": 0.04209659999469295, "status": "success", "failure_reason": "", "route_distance_km": 36.72112749276505, "distance_cost_sum": 40.41397553344277, "population_cost_sum": 26.302740627536615, "traffic_cost_sum": 15.972616581846003, "airspace_cost_sum": 36.00000000000001, "total_weighted_score": 21.452503223390142}, "geometry": {"type": "LineString", "coordinates": [[-90.15289905765549, 38.57128267769979], [-90.15863172081019, 38.571422085329914], [-90.16436442357126, 38.57156121262679], [-90.16992046069078, 38.5762005584167], [-90.17547721149117, 38.58083966408426], [-90.1810346761504, 38.585478529497074], [-90.18659285484642, 38.5901171545227], [-90.19215174775724, 38.5947555390287], [-90.19771135506093, 38.5993936828826], [-90.2032716769355, 38.60403158595187], [-90.208832713559, 38.60866924810401], [-90.21439446510948, 38.61330666920645], [-90.21995693176504, 38.61794384912666], [-90.22552011370372, 38.622580787732026], [-90.23125721581627, 38.622716789852504], [-90.23682150967697, 38.62735322783211], [-90.24238651919569, 38.63198942413879], [-90.24795224455062, 38.63662537863984], [-90.2535186859198, 38.64126109120261], [-90.25908584348143, 38.64589656169434], [-90.25891423625677, 38.65039734432395], [-90.26448243016516, 38.6550325900107], [-90.27005134078189, 38.65966759332096], [-90.27562096828521, 38.66430235412195], [-90.28136163921492, 38.66443602029574], [-90.28693238041095, 38.66907027844067], [-90.29250383886837, 38.67370429371775], [-90.29807601476547, 38.67833806599408], [-90.30364890828046, 38.682971595136756], [-90.30922251959161, 38.68760488101284], [-90.31479684887715, 38.692237923489365], [-90.3203718963154, 38.69687072243334], [-90.32594766208454, 38.701503277711794], [-90.33152414636298, 38.70613558919165], [-90.33710134932893, 38.7107676567399], [-90.34267927116085, 38.715399480223425], [-90.34825791203694, 38.72003105950914], [-90.35383727213564, 38.72466239446393], [-90.35941735163529, 38.72929348495463], [-90.35350494323681, 38.73366453632395], [-90.35908566820065, 38.73829566025279], [-90.36466711306467, 38.742926539503976], [-90.37024927800739, 38.74755717394432]]}}, {"type": "Feature", "properties": {"route_run_id": "stl_st_louis_downtown_airport_to_st_louis_lambert_2026-01-12_0123", "route_pair": "st_louis_downtown_airport_to_st_louis_lambert", "route_pair_label": "St. Louis Downtown Airport to St. Louis Lambert", "origin_label": "St. Louis Downtown Airport", "destination_label": "St. Louis Lambert International Airport", "origin_lat": 38.5703611, "origin_lon": -90.1550833, "destination_lat": 38.7486982, "destination_lon": -90.3700257, "traffic_date": "2026-01-12", "traffic_dataset": "January 12th - Monday", "weight_id": "w_0123", "distance_weight": 0.2, "population_weight": 0.0, "traffic_weight": 0.1, "airspace_weight": 0.7, "path_nodes": 40, "path_node_ids": [2179, 2180, 2174, 2199, 2203, 2207, 2341, 2344, 2368, 2374, 2394, 2397, 2712, 2716, 2739, 2746, 2769, 2773, 3985, 3988, 3992, 3990, 4016, 4017, 4022, 4029, 4034, 4060, 4064, 5048, 5052, 5076, 5082, 5299, 5304, 5319, 5321, 5357, 5358, 5364], "elapsed_seconds": 0.041268000000854954, "status": "success", "failure_reason": "", "route_distance_km": 35.06925127294606, "distance_cost_sum": 38.59597892794111, "population_cost_sum": 25.05959051055676, "traffic_cost_sum": 17.839922019494136, "airspace_cost_sum": 33.4, "total_weighted_score": 32.88318798753764}, "geometry": {"type": "LineString", "coordinates": [[-90.15289905765549, 38.57128267769979], [-90.15845430205954, 38.57592253965332], [-90.16401026010618, 38.58056216167], [-90.16956693197352, 38.58520154361737], [-90.17512431783956, 38.5898406853631], [-90.18068241788241, 38.5944795867747], [-90.18624123228014, 38.59911824771971], [-90.19180076121087, 38.60375666806568], [-90.19736100485268, 38.60839484768009], [-90.20292196338367, 38.61303278643038], [-90.2084836369821, 38.617670484184025], [-90.21404602582597, 38.62230794080845], [-90.21960913009349, 38.62694515617101], [-90.22517294996291, 38.63158213013913], [-90.23073748561237, 38.63621886258013], [-90.23630273722006, 38.640855353361346], [-90.24186870496423, 38.645491602350084], [-90.24743538902311, 38.65012760941361], [-90.25300278957496, 38.654763374419176], [-90.25857090679797, 38.65939889723403], [-90.26413974087053, 38.66403417772537], [-90.26988033547711, 38.664168406596616], [-90.27545028334664, 38.66880318471887], [-90.28102094844074, 38.67343772015905], [-90.28659233093768, 38.67807201278429], [-90.29216443101578, 38.68270606246168], [-90.29773724885335, 38.68733986905835], [-90.30331078462868, 38.69197343244128], [-90.30888503852013, 38.69660675247757], [-90.31446001070607, 38.70123982903419], [-90.32003570136486, 38.70587266197814], [-90.32561211067481, 38.710505251176386], [-90.33118923881437, 38.715137596495865], [-90.3367670859619, 38.719769697803464], [-90.34234565229588, 38.724401554966114], [-90.34792493799469, 38.72903316785066], [-90.35350494323681, 38.73366453632395], [-90.35908566820065, 38.73829566025279], [-90.36466711306467, 38.742926539503976], [-90.37024927800739, 38.74755717394432]]}}, {"type": "Feature", "properties": {"route_run_id": "stl_st_louis_downtown_airport_to_st_louis_lambert_2026-01-12_0046", "route_pair": "st_louis_downtown_airport_to_st_louis_lambert", "route_pair_label": "St. Louis Downtown Airport to St. Louis Lambert", "origin_label": "St. Louis Downtown Airport", "destination_label": "St. Louis Lambert International Airport", "origin_lat": 38.5703611, "origin_lon": -90.1550833, "destination_lat": 38.7486982, "destination_lon": -90.3700257, "traffic_date": "2026-01-12", "traffic_dataset": "January 12th - Monday", "weight_id": "w_0046", "distance_weight": 0.0, "population_weight": 0.5, "traffic_weight": 0.0, "airspace_weight": 0.5, "path_nodes": 54, "path_node_ids": [2179, 2182, 2192, 2418, 2422, 2425, 2427, 2453, 2456, 2479, 2480, 2483, 2808, 2811, 2813, 2833, 2859, 2862, 2864, 2795, 2796, 3899, 3902, 3914, 3948, 3947, 3952, 3940, 3977, 3976, 3941, 4043, 4066, 4067, 4068, 4185, 4187, 4188, 4076, 4075, 4082, 4084, 5080, 5084, 5310, 5311, 5337, 5320, 5322, 5323, 5346, 5357, 5358, 5364], "elapsed_seconds": 0.04580409999471158, "status": "success", "failure_reason": "", "route_distance_km": 44.03384803406542, "distance_cost_sum": 48.46209739727293, "population_cost_sum": 9.018797265828733, "traffic_cost_sum": 40.568618255288065, "airspace_cost_sum": 44.2, "total_weighted_score": 26.609398632914374}, "geometry": {"type": "LineString", "coordinates": [[-90.15289905765549, 38.57128267769979], [-90.14698830189188, 38.575643399377846], [-90.14107683252396, 38.580003791744], [-90.14663191796852, 38.58464420615243], [-90.15218771733517, 38.589284380730234], [-90.15774423080212, 38.593924315345014], [-90.16330145854758, 38.59856400986431], [-90.16885940074975, 38.60320346415569], [-90.16868241918205, 38.60770393390031], [-90.16850539809049, 38.61220439948829], [-90.16832833746557, 38.616704860919356], [-90.17388794826633, 38.621344129014695], [-90.179448274358, 38.625983156498016], [-90.17353434470424, 38.6303450755264], [-90.16761969944088, 38.63470666506797], [-90.16170433842768, 38.63906792498539], [-90.16726514297947, 38.64370754219247], [-90.17282666359999, 38.64834691868183], [-90.17838890046788, 38.65298605432084], [-90.18395185376184, 38.657624948976824], [-90.18951552366053, 38.66226360251709], [-90.1950799103427, 38.666902014808954], [-90.200645013987, 38.67154018571967], [-90.20621083477218, 38.67617811511645], [-90.21177737287698, 38.68081580286656], [-90.21751905445252, 38.68095265114052], [-90.22308670781703, 38.685589837485246], [-90.22882882604138, 38.685726144608395], [-90.23439759481155, 38.69036282917826], [-90.24014014948251, 38.69049859495047], [-90.24605541323987, 38.68613337677085], [-90.2517976862147, 38.68626855773688], [-90.25736804511756, 38.69090420272148], [-90.26311075393669, 38.69103884211091], [-90.26868222818311, 38.695673984376505], [-90.27425442059507, 38.700308883813186], [-90.27999796237877, 38.700442721166475], [-90.28557127047641, 38.70507711728869], [-90.29148516021279, 38.700709550716724], [-90.297228816103, 38.700842542902386], [-90.30280331580018, 38.70547615766316], [-90.30837853409372, 38.710109528957155], [-90.31395447116216, 38.71474265665128], [-90.31378588266769, 38.71924359100243], [-90.31936286061908, 38.72387649197406], [-90.32494055786266, 38.72850914903958], [-90.330518974577, 38.7331415620659], [-90.33626541075455, 38.733272728767844], [-90.3420118843105, 38.73340361338185], [-90.34775839516463, 38.73353421590239], [-90.35333872308522, 38.73816560113835], [-90.35908566820065, 38.73829566025279], [-90.36466711306467, 38.742926539503976], [-90.37024927800739, 38.74755717394432]]}}, {"type": "Feature", "properties": {"route_run_id": "stl_st_louis_downtown_airport_to_st_louis_lambert_2026-01-12_0102", "route_pair": "st_louis_downtown_airport_to_st_louis_lambert", "route_pair_label": "St. Louis Downtown Airport to St. Louis Lambert", "origin_label": "St. Louis Downtown Airport", "destination_label": "St. Louis Lambert International Airport", "origin_lat": 38.5703611, "origin_lon": -90.1550833, "destination_lat": 38.7486982, "destination_lon": -90.3700257, "traffic_date": "2026-01-12", "traffic_dataset": "January 12th - Monday", "weight_id": "w_0102", "distance_weight": 0.1, "population_weight": 0.4, "traffic_weight": 0.1, "airspace_weight": 0.4, "path_nodes": 43, "path_node_ids": [2179, 2180, 2174, 2199, 2203, 2206, 2449, 2345, 2370, 2373, 2398, 2709, 2711, 2714, 2750, 2744, 2770, 2772, 2777, 3989, 3993, 4006, 4008, 4021, 4045, 4047, 4058, 4062, 4077, 4082, 4084, 5080, 5084, 5310, 5311, 5337, 5320, 5322, 5323, 5346, 5357, 5358, 5364], "elapsed_seconds": 0.05019040001207031, "status": "success", "failure_reason": "", "route_distance_km": 36.197051437601615, "distance_cost_sum": 39.837195943131675, "population_cost_sum": 17.31210242086407, "traffic_cost_sum": 23.35796935384401, "airspace_cost_sum": 36.4, "total_weighted_score": 27.8043574980432}, "geometry": {"type": "LineString", "coordinates": [[-90.15289905765549, 38.57128267769979], [-90.15845430205954, 38.57592253965332], [-90.16401026010618, 38.58056216167], [-90.16956693197352, 38.58520154361737], [-90.17512431783956, 38.5898406853631], [-90.17494781190939, 38.59434118977373], [-90.18050622974906, 38.59898010918833], [-90.18606536210271, 38.60361878809667], [-90.19162520914848, 38.60825722636621], [-90.19718577106451, 38.612895423864465], [-90.20274704802898, 38.61753338045887], [-90.2083090402201, 38.622171096016864], [-90.21387174781604, 38.62680857040582], [-90.21943517099498, 38.631445803493165], [-90.22499930993523, 38.636082795146216], [-90.23056416481495, 38.64071954523234], [-90.2361297358124, 38.64535605361884], [-90.24169602310592, 38.649992320172984], [-90.24726302687371, 38.65462834476206], [-90.25283074729404, 38.65926412725328], [-90.2583991845453, 38.663899667513896], [-90.26396833880578, 38.66853496541107], [-90.26953821025378, 38.673170020811966], [-90.2751087990677, 38.67780483358376], [-90.28068010542587, 38.682439403593555], [-90.28625212950666, 38.68707373070842], [-90.29182487148844, 38.69170781479548], [-90.29739833154962, 38.69634165572174], [-90.30297250986867, 38.70097525335427], [-90.30280331580018, 38.70547615766316], [-90.30837853409372, 38.710109528957155], [-90.31395447116216, 38.71474265665128], [-90.31378588266769, 38.71924359100243], [-90.31936286061908, 38.72387649197406], [-90.32494055786266, 38.72850914903958], [-90.330518974577, 38.7331415620659], [-90.33626541075455, 38.733272728767844], [-90.3420118843105, 38.73340361338185], [-90.34775839516463, 38.73353421590239], [-90.35333872308522, 38.73816560113835], [-90.35908566820065, 38.73829566025279], [-90.36466711306467, 38.742926539503976], [-90.37024927800739, 38.74755717394432]]}}, {"type": "Feature", "properties": {"route_run_id": "stl_st_louis_downtown_airport_to_st_louis_lambert_2026-01-12_0163", "route_pair": "st_louis_downtown_airport_to_st_louis_lambert", "route_pair_label": "St. Louis Downtown Airport to St. Louis Lambert", "origin_label": "St. Louis Downtown Airport", "destination_label": "St. Louis Lambert International Airport", "origin_lat": 38.5703611, "origin_lon": -90.1550833, "destination_lat": 38.7486982, "destination_lon": -90.3700257, "traffic_date": "2026-01-12", "traffic_dataset": "January 12th - Monday", "weight_id": "w_0163", "distance_weight": 0.2, "population_weight": 0.6, "traffic_weight": 0.2, "airspace_weight": 0.0, "path_nodes": 54, "path_node_ids": [2179, 2180, 2174, 2199, 2203, 2206, 2449, 2451, 2455, 2478, 2480, 2484, 2486, 2809, 2813, 2817, 2858, 2862, 2864, 2795, 2796, 3899, 3902, 3914, 3948, 3950, 3966, 3944, 3977, 3976, 3941, 4043, 4066, 4067, 4068, 4185, 4187, 4188, 4076, 4075, 4082, 4084, 5080, 5084, 5310, 5311, 5337, 5320, 5322, 5323, 5346, 5357, 5358, 5364], "elapsed_seconds": 0.02232910000020638, "status": "success", "failure_reason": "", "route_distance_km": 42.45066273626711, "distance_cost_sum": 46.719699593645196, "population_cost_sum": 9.169930691461065, "traffic_cost_sum": 38.29982203439886, "airspace_cost_sum": 44.6, "total_weighted_score": 22.50586274048545}, "geometry": {"type": "LineString", "coordinates": [[-90.15289905765549, 38.57128267769979], [-90.15845430205954, 38.57592253965332], [-90.16401026010618, 38.58056216167], [-90.16956693197352, 38.58520154361737], [-90.17512431783956, 38.5898406853631], [-90.17494781190939, 38.59434118977373], [-90.18050622974906, 38.59898010918833], [-90.18033000227008, 38.60348062745143], [-90.17441805758689, 38.60784267808668], [-90.174241393937, 38.61234316588366], [-90.16832833746557, 38.616704860919356], [-90.16815123729772, 38.62120531819316], [-90.16797409757739, 38.62570577130943], [-90.16779691829495, 38.630206220267794], [-90.16761969944088, 38.63470666506797], [-90.16744244100559, 38.63920710570964], [-90.17300364314747, 38.64384646412727], [-90.17282666359999, 38.64834691868183], [-90.17838890046788, 38.65298605432084], [-90.18395185376184, 38.657624948976824], [-90.18951552366053, 38.66226360251709], [-90.1950799103427, 38.666902014808954], [-90.200645013987, 38.67154018571967], [-90.20621083477218, 38.67617811511645], [-90.21177737287698, 38.68081580286656], [-90.21734462848015, 38.68545324883716], [-90.2229126017605, 38.690090452895454], [-90.22865507887754, 38.69022678182468], [-90.23439759481155, 38.69036282917826], [-90.24014014948251, 38.69049859495047], [-90.24605541323987, 38.68613337677085], [-90.2517976862147, 38.68626855773688], [-90.25736804511756, 38.69090420272148], [-90.26311075393669, 38.69103884211091], [-90.26868222818311, 38.695673984376505], [-90.27425442059507, 38.700308883813186], [-90.27999796237877, 38.700442721166475], [-90.28557127047641, 38.70507711728869], [-90.29148516021279, 38.700709550716724], [-90.297228816103, 38.700842542902386], [-90.30280331580018, 38.70547615766316], [-90.30837853409372, 38.710109528957155], [-90.31395447116216, 38.71474265665128], [-90.31378588266769, 38.71924359100243], [-90.31936286061908, 38.72387649197406], [-90.32494055786266, 38.72850914903958], [-90.330518974577, 38.7331415620659], [-90.33626541075455, 38.733272728767844], [-90.3420118843105, 38.73340361338185], [-90.34775839516463, 38.73353421590239], [-90.35333872308522, 38.73816560113835], [-90.35908566820065, 38.73829566025279], [-90.36466711306467, 38.742926539503976], [-90.37024927800739, 38.74755717394432]]}}, {"type": "Feature", "properties": {"route_run_id": "stl_st_louis_downtown_airport_to_st_louis_lambert_2026-01-12_0113", "route_pair": "st_louis_downtown_airport_to_st_louis_lambert", "route_pair_label": "St. Louis Downtown Airport to St. Louis Lambert", "origin_label": "St. Louis Downtown Airport", "destination_label": "St. Louis Lambert International Airport", "origin_lat": 38.5703611, "origin_lon": -90.1550833, "destination_lat": 38.7486982, "destination_lon": -90.3700257, "traffic_date": "2026-01-12", "traffic_dataset": "January 12th - Monday", "weight_id": "w_0113", "distance_weight": 0.1, "population_weight": 0.6, "traffic_weight": 0.1, "airspace_weight": 0.2, "path_nodes": 54, "path_node_ids": [2179, 2180, 2183, 2186, 2419, 2423, 2448, 2452, 2455, 2478, 2481, 2485, 2808, 2811, 2812, 2816, 2858, 2862, 2864, 2795, 2796, 3899, 3902, 3914, 3948, 3950, 3966, 3944, 3977, 3976, 3941, 4043, 4066, 4067, 4068, 4185, 4187, 4188, 4076, 4075, 4082, 4084, 5080, 5084, 5310, 5311, 5337, 5320, 5322, 5323, 5346, 5357, 5358, 5364], "elapsed_seconds": 0.04858959998819046, "status": "success", "failure_reason": "", "route_distance_km": 41.9231441835412, "distance_cost_sum": 46.13913131214287, "population_cost_sum": 9.018797265828733, "traffic_cost_sum": 39.897915212539345, "airspace_cost_sum": 44.2, "total_weighted_score": 22.854983011965466}, "geometry": {"type": "LineString", "coordinates": [[-90.15289905765549, 38.57128267769979], [-90.15845430205954, 38.57592253965332], [-90.15827684369297, 38.58042298981685], [-90.1580993457009, 38.58492343582021], [-90.15792180807382, 38.58942387766302], [-90.16347871828971, 38.59406355405304], [-90.1690363428032, 38.598702990254786], [-90.17459468179258, 38.60334218613583], [-90.17441805758689, 38.60784267808668], [-90.174241393937, 38.61234316588366], [-90.17980108366437, 38.616982157334434], [-90.1796246987078, 38.62148265899229], [-90.179448274358, 38.625983156498016], [-90.17353434470424, 38.6303450755264], [-90.17335748369, 38.63484554254923], [-90.17318058317427, 38.63934600541629], [-90.17300364314747, 38.64384646412727], [-90.17282666359999, 38.64834691868183], [-90.17838890046788, 38.65298605432084], [-90.18395185376184, 38.657624948976824], [-90.18951552366053, 38.66226360251709], [-90.1950799103427, 38.666902014808954], [-90.200645013987, 38.67154018571967], [-90.20621083477218, 38.67617811511645], [-90.21177737287698, 38.68081580286656], [-90.21734462848015, 38.68545324883716], [-90.2229126017605, 38.690090452895454], [-90.22865507887754, 38.69022678182468], [-90.23439759481155, 38.69036282917826], [-90.24014014948251, 38.69049859495047], [-90.24605541323987, 38.68613337677085], [-90.2517976862147, 38.68626855773688], [-90.25736804511756, 38.69090420272148], [-90.26311075393669, 38.69103884211091], [-90.26868222818311, 38.695673984376505], [-90.27425442059507, 38.700308883813186], [-90.27999796237877, 38.700442721166475], [-90.28557127047641, 38.70507711728869], [-90.29148516021279, 38.700709550716724], [-90.297228816103, 38.700842542902386], [-90.30280331580018, 38.70547615766316], [-90.30837853409372, 38.710109528957155], [-90.31395447116216, 38.71474265665128], [-90.31378588266769, 38.71924359100243], [-90.31936286061908, 38.72387649197406], [-90.32494055786266, 38.72850914903958], [-90.330518974577, 38.7331415620659], [-90.33626541075455, 38.733272728767844], [-90.3420118843105, 38.73340361338185], [-90.34775839516463, 38.73353421590239], [-90.35333872308522, 38.73816560113835], [-90.35908566820065, 38.73829566025279], [-90.36466711306467, 38.742926539503976], [-90.37024927800739, 38.74755717394432]]}}, {"type": "Feature", "properties": {"route_run_id": "stl_st_louis_downtown_airport_to_st_louis_lambert_2026-01-12_0168", "route_pair": "st_louis_downtown_airport_to_st_louis_lambert", "route_pair_label": "St. Louis Downtown Airport to St. Louis Lambert", "origin_label": "St. Louis Downtown Airport", "destination_label": "St. Louis Lambert International Airport", "origin_lat": 38.5703611, "origin_lon": -90.1550833, "destination_lat": 38.7486982, "destination_lon": -90.3700257, "traffic_date": "2026-01-12", "traffic_dataset": "January 12th - Monday", "weight_id": "w_0168", "distance_weight": 0.3, "population_weight": 0.0, "traffic_weight": 0.0, "airspace_weight": 0.7, "path_nodes": 40, "path_node_ids": [2179, 2147, 2172, 2176, 2200, 2204, 2317, 2340, 2346, 2371, 2391, 2395, 2708, 2713, 2738, 2741, 2745, 2747, 2684, 2687, 3987, 3990, 4016, 4017, 4022, 4029, 4034, 4060, 4064, 5048, 5052, 5076, 5082, 5299, 5304, 5319, 5321, 5357, 5358, 5364], "elapsed_seconds": 0.030269700015196577, "status": "success", "failure_reason": "", "route_distance_km": 35.06847425714207, "distance_cost_sum": 38.5951237717998, "population_cost_sum": 26.02381511715049, "traffic_cost_sum": 20.11965029009705, "airspace_cost_sum": 33.4, "total_weighted_score": 34.95853713153994}, "geometry": {"type": "LineString", "coordinates": [[-90.15289905765549, 38.57128267769979], [-90.15863172081019, 38.571422085329914], [-90.16418736160693, 38.57606168922697], [-90.16974371606538, 38.58070105309441], [-90.17530078436367, 38.58534017679984], [-90.1808585666797, 38.58997906021084], [-90.18641706319154, 38.594617703194956], [-90.1919762740773, 38.599256105619745], [-90.19753619951499, 38.60389426735269], [-90.20309683968271, 38.60853218826128], [-90.20865819475857, 38.61316986821297], [-90.21422026492066, 38.617807307075225], [-90.21978305034705, 38.62244450471542], [-90.22534655121595, 38.62708146100096], [-90.2309107677055, 38.63171817579922], [-90.2364756999938, 38.63635464897752], [-90.2420413482591, 38.64099088040321], [-90.24760771267954, 38.645626869943555], [-90.25317479343335, 38.65026261746583], [-90.25874259069872, 38.654898122837295], [-90.26431110465388, 38.659533385925144], [-90.26988033547711, 38.664168406596616], [-90.27545028334664, 38.66880318471887], [-90.28102094844074, 38.67343772015905], [-90.28659233093768, 38.67807201278429], [-90.29216443101578, 38.68270606246168], [-90.29773724885335, 38.68733986905835], [-90.30331078462868, 38.69197343244128], [-90.30888503852013, 38.69660675247757], [-90.31446001070607, 38.70123982903419], [-90.32003570136486, 38.70587266197814], [-90.32561211067481, 38.710505251176386], [-90.33118923881437, 38.715137596495865], [-90.3367670859619, 38.719769697803464], [-90.34234565229588, 38.724401554966114], [-90.34792493799469, 38.72903316785066], [-90.35350494323681, 38.73366453632395], [-90.35908566820065, 38.73829566025279], [-90.36466711306467, 38.742926539503976], [-90.37024927800739, 38.74755717394432]]}}, {"type": "Feature", "properties": {"route_run_id": "stl_st_louis_downtown_airport_to_st_louis_lambert_2026-01-12_0001", "route_pair": "st_louis_downtown_airport_to_st_louis_lambert", "route_pair_label": "St. Louis Downtown Airport to St. Louis Lambert", "origin_label": "St. Louis Downtown Airport", "destination_label": "St. Louis Lambert International Airport", "origin_lat": 38.5703611, "origin_lon": -90.1550833, "destination_lat": 38.7486982, "destination_lon": -90.3700257, "traffic_date": "2026-01-12", "traffic_dataset": "January 12th - Monday", "weight_id": "w_0001", "distance_weight": 0.0, "population_weight": 0.0, "traffic_weight": 0.0, "airspace_weight": 1.0, "path_nodes": 40, "path_node_ids": [2179, 2147, 2172, 2176, 2200, 2204, 2317, 2340, 2346, 2371, 2391, 2395, 2708, 2713, 2738, 2741, 2745, 2747, 2684, 2687, 3987, 3990, 4016, 4017, 4022, 4029, 4034, 4060, 4064, 5048, 5052, 5076, 5082, 5299, 5304, 5319, 5321, 5357, 5358, 5364], "elapsed_seconds": 0.04421799999545328, "status": "success", "failure_reason": "", "route_distance_km": 35.06847425714207, "distance_cost_sum": 38.5951237717998, "population_cost_sum": 26.02381511715049, "traffic_cost_sum": 20.11965029009705, "airspace_cost_sum": 33.4, "total_weighted_score": 33.4}, "geometry": {"type": "LineString", "coordinates": [[-90.15289905765549, 38.57128267769979], [-90.15863172081019, 38.571422085329914], [-90.16418736160693, 38.57606168922697], [-90.16974371606538, 38.58070105309441], [-90.17530078436367, 38.58534017679984], [-90.1808585666797, 38.58997906021084], [-90.18641706319154, 38.594617703194956], [-90.1919762740773, 38.599256105619745], [-90.19753619951499, 38.60389426735269], [-90.20309683968271, 38.60853218826128], [-90.20865819475857, 38.61316986821297], [-90.21422026492066, 38.617807307075225], [-90.21978305034705, 38.62244450471542], [-90.22534655121595, 38.62708146100096], [-90.2309107677055, 38.63171817579922], [-90.2364756999938, 38.63635464897752], [-90.2420413482591, 38.64099088040321], [-90.24760771267954, 38.645626869943555], [-90.25317479343335, 38.65026261746583], [-90.25874259069872, 38.654898122837295], [-90.26431110465388, 38.659533385925144], [-90.26988033547711, 38.664168406596616], [-90.27545028334664, 38.66880318471887], [-90.28102094844074, 38.67343772015905], [-90.28659233093768, 38.67807201278429], [-90.29216443101578, 38.68270606246168], [-90.29773724885335, 38.68733986905835], [-90.30331078462868, 38.69197343244128], [-90.30888503852013, 38.69660675247757], [-90.31446001070607, 38.70123982903419], [-90.32003570136486, 38.70587266197814], [-90.32561211067481, 38.710505251176386], [-90.33118923881437, 38.715137596495865], [-90.3367670859619, 38.719769697803464], [-90.34234565229588, 38.724401554966114], [-90.34792493799469, 38.72903316785066], [-90.35350494323681, 38.73366453632395], [-90.35908566820065, 38.73829566025279], [-90.36466711306467, 38.742926539503976], [-90.37024927800739, 38.74755717394432]]}}, {"type": "Feature", "properties": {"route_run_id": "stl_st_louis_downtown_airport_to_st_louis_lambert_2026-01-12_0160", "route_pair": "st_louis_downtown_airport_to_st_louis_lambert", "route_pair_label": "St. Louis Downtown Airport to St. Louis Lambert", "origin_label": "St. Louis Downtown Airport", "destination_label": "St. Louis Lambert International Airport", "origin_lat": 38.5703611, "origin_lon": -90.1550833, "destination_lat": 38.7486982, "destination_lon": -90.3700257, "traffic_date": "2026-01-12", "traffic_dataset": "January 12th - Monday", "weight_id": "w_0160", "distance_weight": 0.2, "population_weight": 0.5, "traffic_weight": 0.3, "airspace_weight": 0.0, "path_nodes": 47, "path_node_ids": [2179, 2147, 2157, 2170, 2175, 2201, 2313, 2316, 2342, 2347, 2366, 2389, 2392, 2396, 2720, 2721, 2726, 2740, 2678, 2680, 2679, 2676, 2700, 2701, 2704, 3999, 4002, 4027, 4030, 4034, 4059, 4063, 4077, 4082, 4084, 5080, 5084, 5310, 5311, 5337, 5320, 5322, 5323, 5346, 5357, 5358, 5364], "elapsed_seconds": 0.021870900003705174, "status": "success", "failure_reason": "", "route_distance_km": 37.695132275288756, "distance_cost_sum": 41.48593078476573, "population_cost_sum": 16.438822135448255, "traffic_cost_sum": 22.276113042148218, "airspace_cost_sum": 40.4, "total_weighted_score": 23.19943113732174}, "geometry": {"type": "LineString", "coordinates": [[-90.15289905765549, 38.57128267769979], [-90.15863172081019, 38.571422085329914], [-90.16436442357126, 38.57156121262679], [-90.16992046069078, 38.5762005584167], [-90.17547721149117, 38.58083966408426], [-90.1810346761504, 38.585478529497074], [-90.18659285484642, 38.5901171545227], [-90.19215174775724, 38.5947555390287], [-90.19771135506093, 38.5993936828826], [-90.2032716769355, 38.60403158595187], [-90.208832713559, 38.60866924810401], [-90.21439446510948, 38.61330666920645], [-90.21995693176504, 38.61794384912666], [-90.22552011370372, 38.622580787732026], [-90.23125721581627, 38.622716789852504], [-90.23682150967697, 38.62735322783211], [-90.24238651919569, 38.63198942413879], [-90.24795224455062, 38.63662537863984], [-90.2535186859198, 38.64126109120261], [-90.25908584348143, 38.64589656169434], [-90.26482496640844, 38.64603098584028], [-90.27039323682396, 38.650665954435176], [-90.27596222380673, 38.65530068060072], [-90.2815319275348, 38.65993516420402], [-90.2871023481864, 38.664569405112296], [-90.29267348593962, 38.6692034031927], [-90.29824534097261, 38.67383715831237], [-90.29807601476547, 38.67833806599408], [-90.29790665072878, 38.68283896957616], [-90.29773724885335, 38.68733986905835], [-90.29756780913004, 38.69184076444029], [-90.3031416661418, 38.696474344946864], [-90.30297250986867, 38.70097525335427], [-90.30280331580018, 38.70547615766316], [-90.30837853409372, 38.710109528957155], [-90.31395447116216, 38.71474265665128], [-90.31378588266769, 38.71924359100243], [-90.31936286061908, 38.72387649197406], [-90.32494055786266, 38.72850914903958], [-90.330518974577, 38.7331415620659], [-90.33626541075455, 38.733272728767844], [-90.3420118843105, 38.73340361338185], [-90.34775839516463, 38.73353421590239], [-90.35333872308522, 38.73816560113835], [-90.35908566820065, 38.73829566025279], [-90.36466711306467, 38.742926539503976], [-90.37024927800739, 38.74755717394432]]}}, {"type": "Feature", "properties": {"route_run_id": "stl_st_louis_downtown_airport_to_st_louis_lambert_2026-01-12_0196", "route_pair": "st_louis_downtown_airport_to_st_louis_lambert", "route_pair_label": "St. Louis Downtown Airport to St. Louis Lambert", "origin_label": "St. Louis Downtown Airport", "destination_label": "St. Louis Lambert International Airport", "origin_lat": 38.5703611, "origin_lon": -90.1550833, "destination_lat": 38.7486982, "destination_lon": -90.3700257, "traffic_date": "2026-01-12", "traffic_dataset": "January 12th - Monday", "weight_id": "w_0196", "distance_weight": 0.3, "population_weight": 0.4, "traffic_weight": 0.2, "airspace_weight": 0.1, "path_nodes": 44, "path_node_ids": [2179, 2180, 2174, 2199, 2203, 2206, 2449, 2345, 2370, 2373, 2398, 2709, 2711, 2714, 2750, 2744, 2770, 2772, 2777, 3989, 3988, 3992, 3994, 4019, 4020, 4023, 4055, 4059, 4063, 4077, 4082, 4084, 5080, 5084, 5310, 5311, 5337, 5320, 5322, 5323, 5346, 5357, 5358, 5364], "elapsed_seconds": 0.016535500006284565, "status": "success", "failure_reason": "", "route_distance_km": 36.57207281055306, "distance_cost_sum": 40.24993121641444, "population_cost_sum": 16.402941041735232, "traffic_cost_sum": 23.43756424675925, "airspace_cost_sum": 37.4, "total_weighted_score": 27.063668630970277}, "geometry": {"type": "LineString", "coordinates": [[-90.15289905765549, 38.57128267769979], [-90.15845430205954, 38.57592253965332], [-90.16401026010618, 38.58056216167], [-90.16956693197352, 38.58520154361737], [-90.17512431783956, 38.5898406853631], [-90.17494781190939, 38.59434118977373], [-90.18050622974906, 38.59898010918833], [-90.18606536210271, 38.60361878809667], [-90.19162520914848, 38.60825722636621], [-90.19718577106451, 38.612895423864465], [-90.20274704802898, 38.61753338045887], [-90.2083090402201, 38.622171096016864], [-90.21387174781604, 38.62680857040582], [-90.21943517099498, 38.631445803493165], [-90.22499930993523, 38.636082795146216], [-90.23056416481495, 38.64071954523234], [-90.2361297358124, 38.64535605361884], [-90.24169602310592, 38.649992320172984], [-90.24726302687371, 38.65462834476206], [-90.25283074729404, 38.65926412725328], [-90.25857090679797, 38.65939889723403], [-90.26413974087053, 38.66403417772537], [-90.26970929197084, 38.66866921576039], [-90.27527956027723, 38.67330401120623], [-90.28085054596801, 38.677938563930056], [-90.28642224922152, 38.68257287379895], [-90.29199467021606, 38.68720694068001], [-90.29756780913004, 38.69184076444029], [-90.3031416661418, 38.696474344946864], [-90.30297250986867, 38.70097525335427], [-90.30280331580018, 38.70547615766316], [-90.30837853409372, 38.710109528957155], [-90.31395447116216, 38.71474265665128], [-90.31378588266769, 38.71924359100243], [-90.31936286061908, 38.72387649197406], [-90.32494055786266, 38.72850914903958], [-90.330518974577, 38.7331415620659], [-90.33626541075455, 38.733272728767844], [-90.3420118843105, 38.73340361338185], [-90.34775839516463, 38.73353421590239], [-90.35333872308522, 38.73816560113835], [-90.35908566820065, 38.73829566025279], [-90.36466711306467, 38.742926539503976], [-90.37024927800739, 38.74755717394432]]}}, {"type": "Feature", "properties": {"route_run_id": "stl_st_louis_downtown_airport_to_st_louis_lambert_2026-01-12_0016", "route_pair": "st_louis_downtown_airport_to_st_louis_lambert", "route_pair_label": "St. Louis Downtown Airport to St. Louis Lambert", "origin_label": "St. Louis Downtown Airport", "destination_label": "St. Louis Lambert International Airport", "origin_lat": 38.5703611, "origin_lon": -90.1550833, "destination_lat": 38.7486982, "destination_lon": -90.3700257, "traffic_date": "2026-01-12", "traffic_dataset": "January 12th - Monday", "weight_id": "w_0016", "distance_weight": 0.0, "population_weight": 0.1, "traffic_weight": 0.4, "airspace_weight": 0.5, "path_nodes": 40, "path_node_ids": [2179, 2180, 2174, 2199, 2203, 2207, 2341, 2344, 2368, 2374, 2394, 2397, 2712, 2716, 2739, 2746, 2769, 2773, 3985, 3988, 3992, 3994, 4019, 4017, 4022, 4029, 4034, 4060, 4064, 5048, 5052, 5076, 5082, 5299, 5304, 5319, 5321, 5357, 5358, 5364], "elapsed_seconds": 0.044456299976445735, "status": "success", "failure_reason": "", "route_distance_km": 35.06932923764436, "distance_cost_sum": 38.59606473313351, "population_cost_sum": 24.787572976016946, "traffic_cost_sum": 17.839922019494136, "airspace_cost_sum": 33.4, "total_weighted_score": 26.31472610539935}, "geometry": {"type": "LineString", "coordinates": [[-90.15289905765549, 38.57128267769979], [-90.15845430205954, 38.57592253965332], [-90.16401026010618, 38.58056216167], [-90.16956693197352, 38.58520154361737], [-90.17512431783956, 38.5898406853631], [-90.18068241788241, 38.5944795867747], [-90.18624123228014, 38.59911824771971], [-90.19180076121087, 38.60375666806568], [-90.19736100485268, 38.60839484768009], [-90.20292196338367, 38.61303278643038], [-90.2084836369821, 38.617670484184025], [-90.21404602582597, 38.62230794080845], [-90.21960913009349, 38.62694515617101], [-90.22517294996291, 38.63158213013913], [-90.23073748561237, 38.63621886258013], [-90.23630273722006, 38.640855353361346], [-90.24186870496423, 38.645491602350084], [-90.24743538902311, 38.65012760941361], [-90.25300278957496, 38.654763374419176], [-90.25857090679797, 38.65939889723403], [-90.26413974087053, 38.66403417772537], [-90.26970929197084, 38.66866921576039], [-90.27527956027723, 38.67330401120623], [-90.28102094844074, 38.67343772015905], [-90.28659233093768, 38.67807201278429], [-90.29216443101578, 38.68270606246168], [-90.29773724885335, 38.68733986905835], [-90.30331078462868, 38.69197343244128], [-90.30888503852013, 38.69660675247757], [-90.31446001070607, 38.70123982903419], [-90.32003570136486, 38.70587266197814], [-90.32561211067481, 38.710505251176386], [-90.33118923881437, 38.715137596495865], [-90.3367670859619, 38.719769697803464], [-90.34234565229588, 38.724401554966114], [-90.34792493799469, 38.72903316785066], [-90.35350494323681, 38.73366453632395], [-90.35908566820065, 38.73829566025279], [-90.36466711306467, 38.742926539503976], [-90.37024927800739, 38.74755717394432]]}}, {"type": "Feature", "properties": {"route_run_id": "stl_st_louis_downtown_airport_to_st_louis_lambert_2026-01-12_0133", "route_pair": "st_louis_downtown_airport_to_st_louis_lambert", "route_pair_label": "St. Louis Downtown Airport to St. Louis Lambert", "origin_label": "St. Louis Downtown Airport", "destination_label": "St. Louis Lambert International Airport", "origin_lat": 38.5703611, "origin_lon": -90.1550833, "destination_lat": 38.7486982, "destination_lon": -90.3700257, "traffic_date": "2026-01-12", "traffic_dataset": "January 12th - Monday", "weight_id": "w_0133", "distance_weight": 0.2, "population_weight": 0.1, "traffic_weight": 0.2, "airspace_weight": 0.5, "path_nodes": 40, "path_node_ids": [2179, 2180, 2174, 2199, 2203, 2207, 2341, 2344, 2368, 2374, 2394, 2397, 2712, 2716, 2739, 2746, 2769, 2773, 3985, 3988, 3992, 3994, 4019, 4017, 4022, 4029, 4034, 4060, 4064, 5048, 5052, 5076, 5082, 5299, 5304, 5319, 5321, 5357, 5358, 5364], "elapsed_seconds": 0.035849700012477115, "status": "success", "failure_reason": "", "route_distance_km": 35.06932923764436, "distance_cost_sum": 38.59606473313351, "population_cost_sum": 24.787572976016946, "traffic_cost_sum": 17.839922019494136, "airspace_cost_sum": 33.4, "total_weighted_score": 30.465954648127227}, "geometry": {"type": "LineString", "coordinates": [[-90.15289905765549, 38.57128267769979], [-90.15845430205954, 38.57592253965332], [-90.16401026010618, 38.58056216167], [-90.16956693197352, 38.58520154361737], [-90.17512431783956, 38.5898406853631], [-90.18068241788241, 38.5944795867747], [-90.18624123228014, 38.59911824771971], [-90.19180076121087, 38.60375666806568], [-90.19736100485268, 38.60839484768009], [-90.20292196338367, 38.61303278643038], [-90.2084836369821, 38.617670484184025], [-90.21404602582597, 38.62230794080845], [-90.21960913009349, 38.62694515617101], [-90.22517294996291, 38.63158213013913], [-90.23073748561237, 38.63621886258013], [-90.23630273722006, 38.640855353361346], [-90.24186870496423, 38.645491602350084], [-90.24743538902311, 38.65012760941361], [-90.25300278957496, 38.654763374419176], [-90.25857090679797, 38.65939889723403], [-90.26413974087053, 38.66403417772537], [-90.26970929197084, 38.66866921576039], [-90.27527956027723, 38.67330401120623], [-90.28102094844074, 38.67343772015905], [-90.28659233093768, 38.67807201278429], [-90.29216443101578, 38.68270606246168], [-90.29773724885335, 38.68733986905835], [-90.30331078462868, 38.69197343244128], [-90.30888503852013, 38.69660675247757], [-90.31446001070607, 38.70123982903419], [-90.32003570136486, 38.70587266197814], [-90.32561211067481, 38.710505251176386], [-90.33118923881437, 38.715137596495865], [-90.3367670859619, 38.719769697803464], [-90.34234565229588, 38.724401554966114], [-90.34792493799469, 38.72903316785066], [-90.35350494323681, 38.73366453632395], [-90.35908566820065, 38.73829566025279], [-90.36466711306467, 38.742926539503976], [-90.37024927800739, 38.74755717394432]]}}, {"type": "Feature", "properties": {"route_run_id": "stl_st_louis_downtown_airport_to_st_louis_lambert_2026-01-12_0151", "route_pair": "st_louis_downtown_airport_to_st_louis_lambert", "route_pair_label": "St. Louis Downtown Airport to St. Louis Lambert", "origin_label": "St. Louis Downtown Airport", "destination_label": "St. Louis Lambert International Airport", "origin_lat": 38.5703611, "origin_lon": -90.1550833, "destination_lat": 38.7486982, "destination_lon": -90.3700257, "traffic_date": "2026-01-12", "traffic_dataset": "January 12th - Monday", "weight_id": "w_0151", "distance_weight": 0.2, "population_weight": 0.3, "traffic_weight": 0.5, "airspace_weight": 0.0, "path_nodes": 44, "path_node_ids": [2179, 2147, 2157, 2170, 2175, 2201, 2313, 2316, 2342, 2347, 2366, 2389, 2392, 2396, 2720, 2721, 2726, 2740, 2678, 2680, 2683, 2686, 2703, 2705, 2707, 4004, 4027, 4030, 4034, 4059, 4063, 4064, 5048, 5052, 5076, 5082, 5299, 5304, 5318, 5323, 5346, 5357, 5358, 5364], "elapsed_seconds": 0.01994070000364445, "status": "success", "failure_reason": "", "route_distance_km": 36.568540848643636, "distance_cost_sum": 40.246044063923804, "population_cost_sum": 22.280957031987075, "traffic_cost_sum": 17.550313000652444, "airspace_cost_sum": 37.4, "total_weighted_score": 23.508652422707105}, "geometry": {"type": "LineString", "coordinates": [[-90.15289905765549, 38.57128267769979], [-90.15863172081019, 38.571422085329914], [-90.16436442357126, 38.57156121262679], [-90.16992046069078, 38.5762005584167], [-90.17547721149117, 38.58083966408426], [-90.1810346761504, 38.585478529497074], [-90.18659285484642, 38.5901171545227], [-90.19215174775724, 38.5947555390287], [-90.19771135506093, 38.5993936828826], [-90.2032716769355, 38.60403158595187], [-90.208832713559, 38.60866924810401], [-90.21439446510948, 38.61330666920645], [-90.21995693176504, 38.61794384912666], [-90.22552011370372, 38.622580787732026], [-90.23125721581627, 38.622716789852504], [-90.23682150967697, 38.62735322783211], [-90.24238651919569, 38.63198942413879], [-90.24795224455062, 38.63662537863984], [-90.2535186859198, 38.64126109120261], [-90.25908584348143, 38.64589656169434], [-90.26465371741357, 38.6505317899823], [-90.27022230789443, 38.65516677593373], [-90.27579161510215, 38.65980151941581], [-90.28136163921492, 38.66443602029574], [-90.28693238041095, 38.66907027844067], [-90.29250383886837, 38.67370429371775], [-90.29807601476547, 38.67833806599408], [-90.29790665072878, 38.68283896957616], [-90.29773724885335, 38.68733986905835], [-90.29756780913004, 38.69184076444029], [-90.3031416661418, 38.696474344946864], [-90.30888503852013, 38.69660675247757], [-90.31446001070607, 38.70123982903419], [-90.32003570136486, 38.70587266197814], [-90.32561211067481, 38.710505251176386], [-90.33118923881437, 38.715137596495865], [-90.3367670859619, 38.719769697803464], [-90.34234565229588, 38.724401554966114], [-90.34217878694776, 38.72890258621499], [-90.34775839516463, 38.73353421590239], [-90.35333872308522, 38.73816560113835], [-90.35908566820065, 38.73829566025279], [-90.36466711306467, 38.742926539503976], [-90.37024927800739, 38.74755717394432]]}}, {"type": "Feature", "properties": {"route_run_id": "stl_st_louis_downtown_airport_to_st_louis_lambert_2026-01-12_0195", "route_pair": "st_louis_downtown_airport_to_st_louis_lambert", "route_pair_label": "St. Louis Downtown Airport to St. Louis Lambert", "origin_label": "St. Louis Downtown Airport", "destination_label": "St. Louis Lambert International Airport", "origin_lat": 38.5703611, "origin_lon": -90.1550833, "destination_lat": 38.7486982, "destination_lon": -90.3700257, "traffic_date": "2026-01-12", "traffic_dataset": "January 12th - Monday", "weight_id": "w_0195", "distance_weight": 0.3, "population_weight": 0.4, "traffic_weight": 0.1, "airspace_weight": 0.2, "path_nodes": 44, "path_node_ids": [2179, 2180, 2174, 2199, 2203, 2206, 2449, 2345, 2370, 2373, 2398, 2709, 2711, 2714, 2750, 2744, 2770, 2772, 2777, 3989, 3988, 3992, 3994, 4019, 4020, 4023, 4055, 4059, 4063, 4077, 4082, 4084, 5080, 5084, 5310, 5311, 5337, 5320, 5322, 5323, 5346, 5357, 5358, 5364], "elapsed_seconds": 0.019079699995927513, "status": "success", "failure_reason": "", "route_distance_km": 36.57207281055306, "distance_cost_sum": 40.24993121641444, "population_cost_sum": 16.402941041735232, "traffic_cost_sum": 23.43756424675925, "airspace_cost_sum": 37.4, "total_weighted_score": 28.459912206294348}, "geometry": {"type": "LineString", "coordinates": [[-90.15289905765549, 38.57128267769979], [-90.15845430205954, 38.57592253965332], [-90.16401026010618, 38.58056216167], [-90.16956693197352, 38.58520154361737], [-90.17512431783956, 38.5898406853631], [-90.17494781190939, 38.59434118977373], [-90.18050622974906, 38.59898010918833], [-90.18606536210271, 38.60361878809667], [-90.19162520914848, 38.60825722636621], [-90.19718577106451, 38.612895423864465], [-90.20274704802898, 38.61753338045887], [-90.2083090402201, 38.622171096016864], [-90.21387174781604, 38.62680857040582], [-90.21943517099498, 38.631445803493165], [-90.22499930993523, 38.636082795146216], [-90.23056416481495, 38.64071954523234], [-90.2361297358124, 38.64535605361884], [-90.24169602310592, 38.649992320172984], [-90.24726302687371, 38.65462834476206], [-90.25283074729404, 38.65926412725328], [-90.25857090679797, 38.65939889723403], [-90.26413974087053, 38.66403417772537], [-90.26970929197084, 38.66866921576039], [-90.27527956027723, 38.67330401120623], [-90.28085054596801, 38.677938563930056], [-90.28642224922152, 38.68257287379895], [-90.29199467021606, 38.68720694068001], [-90.29756780913004, 38.69184076444029], [-90.3031416661418, 38.696474344946864], [-90.30297250986867, 38.70097525335427], [-90.30280331580018, 38.70547615766316], [-90.30837853409372, 38.710109528957155], [-90.31395447116216, 38.71474265665128], [-90.31378588266769, 38.71924359100243], [-90.31936286061908, 38.72387649197406], [-90.32494055786266, 38.72850914903958], [-90.330518974577, 38.7331415620659], [-90.33626541075455, 38.733272728767844], [-90.3420118843105, 38.73340361338185], [-90.34775839516463, 38.73353421590239], [-90.35333872308522, 38.73816560113835], [-90.35908566820065, 38.73829566025279], [-90.36466711306467, 38.742926539503976], [-90.37024927800739, 38.74755717394432]]}}, {"type": "Feature", "properties": {"route_run_id": "stl_st_louis_downtown_airport_to_st_louis_lambert_2026-01-12_0241", "route_pair": "st_louis_downtown_airport_to_st_louis_lambert", "route_pair_label": "St. Louis Downtown Airport to St. Louis Lambert", "origin_label": "St. Louis Downtown Airport", "destination_label": "St. Louis Lambert International Airport", "origin_lat": 38.5703611, "origin_lon": -90.1550833, "destination_lat": 38.7486982, "destination_lon": -90.3700257, "traffic_date": "2026-01-12", "traffic_dataset": "January 12th - Monday", "weight_id": "w_0241", "distance_weight": 0.5, "population_weight": 0.1, "traffic_weight": 0.3, "airspace_weight": 0.1, "path_nodes": 40, "path_node_ids": [2179, 2180, 2174, 2199, 2203, 2207, 2341, 2344, 2368, 2374, 2394, 2397, 2712, 2716, 2739, 2746, 2769, 2773, 3985, 3988, 3992, 3994, 4019, 4020, 4023, 4055, 4059, 4063, 4064, 5048, 5052, 5076, 5082, 5299, 5304, 5319, 5321, 5357, 5358, 5364], "elapsed_seconds": 0.007483699999283999, "status": "success", "failure_reason": "", "route_distance_km": 35.0695243590648, "distance_cost_sum": 38.596279476875054, "population_cost_sum": 23.651108783135093, "traffic_cost_sum": 17.839922019494136, "airspace_cost_sum": 33.8, "total_weighted_score": 30.395227222599274}, "geometry": {"type": "LineString", "coordinates": [[-90.15289905765549, 38.57128267769979], [-90.15845430205954, 38.57592253965332], [-90.16401026010618, 38.58056216167], [-90.16956693197352, 38.58520154361737], [-90.17512431783956, 38.5898406853631], [-90.18068241788241, 38.5944795867747], [-90.18624123228014, 38.59911824771971], [-90.19180076121087, 38.60375666806568], [-90.19736100485268, 38.60839484768009], [-90.20292196338367, 38.61303278643038], [-90.2084836369821, 38.617670484184025], [-90.21404602582597, 38.62230794080845], [-90.21960913009349, 38.62694515617101], [-90.22517294996291, 38.63158213013913], [-90.23073748561237, 38.63621886258013], [-90.23630273722006, 38.640855353361346], [-90.24186870496423, 38.645491602350084], [-90.24743538902311, 38.65012760941361], [-90.25300278957496, 38.654763374419176], [-90.25857090679797, 38.65939889723403], [-90.26413974087053, 38.66403417772537], [-90.26970929197084, 38.66866921576039], [-90.27527956027723, 38.67330401120623], [-90.28085054596801, 38.677938563930056], [-90.28642224922152, 38.68257287379895], [-90.29199467021606, 38.68720694068001], [-90.29756780913004, 38.69184076444029], [-90.3031416661418, 38.696474344946864], [-90.30888503852013, 38.69660675247757], [-90.31446001070607, 38.70123982903419], [-90.32003570136486, 38.70587266197814], [-90.32561211067481, 38.710505251176386], [-90.33118923881437, 38.715137596495865], [-90.3367670859619, 38.719769697803464], [-90.34234565229588, 38.724401554966114], [-90.34792493799469, 38.72903316785066], [-90.35350494323681, 38.73366453632395], [-90.35908566820065, 38.73829566025279], [-90.36466711306467, 38.742926539503976], [-90.37024927800739, 38.74755717394432]]}}, {"type": "Feature", "properties": {"route_run_id": "stl_st_louis_downtown_airport_to_st_louis_lambert_2026-01-12_0267", "route_pair": "st_louis_downtown_airport_to_st_louis_lambert", "route_pair_label": "St. Louis Downtown Airport to St. Louis Lambert", "origin_label": "St. Louis Downtown Airport", "destination_label": "St. Louis Lambert International Airport", "origin_lat": 38.5703611, "origin_lon": -90.1550833, "destination_lat": 38.7486982, "destination_lon": -90.3700257, "traffic_date": "2026-01-12", "traffic_dataset": "January 12th - Monday", "weight_id": "w_0267", "distance_weight": 0.6, "population_weight": 0.4, "traffic_weight": 0.0, "airspace_weight": 0.0, "path_nodes": 54, "path_node_ids": [2179, 2180, 2183, 2186, 2419, 2423, 2448, 2452, 2455, 2478, 2482, 2483, 2487, 2811, 2812, 2816, 2858, 2863, 2864, 2795, 2796, 3899, 3902, 3914, 3948, 3947, 3952, 3940, 3942, 3943, 3941, 4043, 4066, 4067, 4068, 4185, 4187, 4186, 4076, 4075, 4082, 4084, 5080, 5084, 5310, 5311, 5337, 5320, 5322, 5323, 5346, 5357, 5358, 5364], "elapsed_seconds": 0.007105500000761822, "status": "success", "failure_reason": "", "route_distance_km": 40.327967407344545, "distance_cost_sum": 44.38353611105791, "population_cost_sum": 10.091382237272772, "traffic_cost_sum": 41.19352691233445, "airspace_cost_sum": 44.6, "total_weighted_score": 30.66667456154385}, "geometry": {"type": "LineString", "coordinates": [[-90.15289905765549, 38.57128267769979], [-90.15845430205954, 38.57592253965332], [-90.15827684369297, 38.58042298981685], [-90.1580993457009, 38.58492343582021], [-90.15792180807382, 38.58942387766302], [-90.16347871828971, 38.59406355405304], [-90.1690363428032, 38.598702990254786], [-90.17459468179258, 38.60334218613583], [-90.17441805758689, 38.60784267808668], [-90.174241393937, 38.61234316588366], [-90.17406469083332, 38.61684364952644], [-90.17388794826633, 38.621344129014695], [-90.17371116622648, 38.62584460434813], [-90.17353434470424, 38.6303450755264], [-90.17335748369, 38.63484554254923], [-90.17318058317427, 38.63934600541629], [-90.17300364314747, 38.64384646412727], [-90.17856556137721, 38.64848558173427], [-90.17838890046788, 38.65298605432084], [-90.18395185376184, 38.657624948976824], [-90.18951552366053, 38.66226360251709], [-90.1950799103427, 38.666902014808954], [-90.200645013987, 38.67154018571967], [-90.20621083477218, 38.67617811511645], [-90.21177737287698, 38.68081580286656], [-90.21751905445252, 38.68095265114052], [-90.22308670781703, 38.685589837485246], [-90.22882882604138, 38.685726144608395], [-90.23457098307328, 38.6858621702009], [-90.24031317883275, 38.68599791425695], [-90.24605541323987, 38.68613337677085], [-90.2517976862147, 38.68626855773688], [-90.25736804511756, 38.69090420272148], [-90.26311075393669, 38.69103884211091], [-90.26868222818311, 38.695673984376505], [-90.27425442059507, 38.700308883813186], [-90.27999796237877, 38.700442721166475], [-90.28574154227802, 38.70057627680287], [-90.29148516021279, 38.700709550716724], [-90.297228816103, 38.700842542902386], [-90.30280331580018, 38.70547615766316], [-90.30837853409372, 38.710109528957155], [-90.31395447116216, 38.71474265665128], [-90.31378588266769, 38.71924359100243], [-90.31936286061908, 38.72387649197406], [-90.32494055786266, 38.72850914903958], [-90.330518974577, 38.7331415620659], [-90.33626541075455, 38.733272728767844], [-90.3420118843105, 38.73340361338185], [-90.34775839516463, 38.73353421590239], [-90.35333872308522, 38.73816560113835], [-90.35908566820065, 38.73829566025279], [-90.36466711306467, 38.742926539503976], [-90.37024927800739, 38.74755717394432]]}}, {"type": "Feature", "properties": {"route_run_id": "stl_st_louis_downtown_airport_to_st_louis_lambert_2026-01-12_0017", "route_pair": "st_louis_downtown_airport_to_st_louis_lambert", "route_pair_label": "St. Louis Downtown Airport to St. Louis Lambert", "origin_label": "St. Louis Downtown Airport", "destination_label": "St. Louis Lambert International Airport", "origin_lat": 38.5703611, "origin_lon": -90.1550833, "destination_lat": 38.7486982, "destination_lon": -90.3700257, "traffic_date": "2026-01-12", "traffic_dataset": "January 12th - Monday", "weight_id": "w_0017", "distance_weight": 0.0, "population_weight": 0.1, "traffic_weight": 0.5, "airspace_weight": 0.4, "path_nodes": 40, "path_node_ids": [2179, 2180, 2174, 2199, 2203, 2207, 2341, 2344, 2368, 2374, 2394, 2397, 2712, 2716, 2739, 2746, 2769, 2773, 3985, 3988, 3992, 3994, 4019, 4017, 4022, 4029, 4034, 4060, 4064, 5048, 5052, 5076, 5082, 5299, 5304, 5319, 5321, 5357, 5358, 5364], "elapsed_seconds": 0.04511649999767542, "status": "success", "failure_reason": "", "route_distance_km": 35.06932923764436, "distance_cost_sum": 38.59606473313351, "population_cost_sum": 24.787572976016946, "traffic_cost_sum": 17.839922019494136, "airspace_cost_sum": 33.4, "total_weighted_score": 24.758718307348765}, "geometry": {"type": "LineString", "coordinates": [[-90.15289905765549, 38.57128267769979], [-90.15845430205954, 38.57592253965332], [-90.16401026010618, 38.58056216167], [-90.16956693197352, 38.58520154361737], [-90.17512431783956, 38.5898406853631], [-90.18068241788241, 38.5944795867747], [-90.18624123228014, 38.59911824771971], [-90.19180076121087, 38.60375666806568], [-90.19736100485268, 38.60839484768009], [-90.20292196338367, 38.61303278643038], [-90.2084836369821, 38.617670484184025], [-90.21404602582597, 38.62230794080845], [-90.21960913009349, 38.62694515617101], [-90.22517294996291, 38.63158213013913], [-90.23073748561237, 38.63621886258013], [-90.23630273722006, 38.640855353361346], [-90.24186870496423, 38.645491602350084], [-90.24743538902311, 38.65012760941361], [-90.25300278957496, 38.654763374419176], [-90.25857090679797, 38.65939889723403], [-90.26413974087053, 38.66403417772537], [-90.26970929197084, 38.66866921576039], [-90.27527956027723, 38.67330401120623], [-90.28102094844074, 38.67343772015905], [-90.28659233093768, 38.67807201278429], [-90.29216443101578, 38.68270606246168], [-90.29773724885335, 38.68733986905835], [-90.30331078462868, 38.69197343244128], [-90.30888503852013, 38.69660675247757], [-90.31446001070607, 38.70123982903419], [-90.32003570136486, 38.70587266197814], [-90.32561211067481, 38.710505251176386], [-90.33118923881437, 38.715137596495865], [-90.3367670859619, 38.719769697803464], [-90.34234565229588, 38.724401554966114], [-90.34792493799469, 38.72903316785066], [-90.35350494323681, 38.73366453632395], [-90.35908566820065, 38.73829566025279], [-90.36466711306467, 38.742926539503976], [-90.37024927800739, 38.74755717394432]]}}, {"type": "Feature", "properties": {"route_run_id": "stl_st_louis_downtown_airport_to_st_louis_lambert_2026-01-12_0205", "route_pair": "st_louis_downtown_airport_to_st_louis_lambert", "route_pair_label": "St. Louis Downtown Airport to St. Louis Lambert", "origin_label": "St. Louis Downtown Airport", "destination_label": "St. Louis Lambert International Airport", "origin_lat": 38.5703611, "origin_lon": -90.1550833, "destination_lat": 38.7486982, "destination_lon": -90.3700257, "traffic_date": "2026-01-12", "traffic_dataset": "January 12th - Monday", "weight_id": "w_0205", "distance_weight": 0.4, "population_weight": 0.0, "traffic_weight": 0.1, "airspace_weight": 0.5, "path_nodes": 40, "path_node_ids": [2179, 2180, 2174, 2199, 2203, 2207, 2341, 2344, 2368, 2374, 2394, 2397, 2712, 2716, 2739, 2746, 2769, 2773, 3985, 3988, 3992, 3990, 4016, 4017, 4022, 4029, 4034, 4060, 4064, 5048, 5052, 5076, 5082, 5299, 5304, 5319, 5321, 5357, 5358, 5364], "elapsed_seconds": 0.014541000011377037, "status": "success", "failure_reason": "", "route_distance_km": 35.06925127294606, "distance_cost_sum": 38.59597892794111, "population_cost_sum": 25.05959051055676, "traffic_cost_sum": 17.839922019494136, "airspace_cost_sum": 33.4, "total_weighted_score": 33.92238377312586}, "geometry": {"type": "LineString", "coordinates": [[-90.15289905765549, 38.57128267769979], [-90.15845430205954, 38.57592253965332], [-90.16401026010618, 38.58056216167], [-90.16956693197352, 38.58520154361737], [-90.17512431783956, 38.5898406853631], [-90.18068241788241, 38.5944795867747], [-90.18624123228014, 38.59911824771971], [-90.19180076121087, 38.60375666806568], [-90.19736100485268, 38.60839484768009], [-90.20292196338367, 38.61303278643038], [-90.2084836369821, 38.617670484184025], [-90.21404602582597, 38.62230794080845], [-90.21960913009349, 38.62694515617101], [-90.22517294996291, 38.63158213013913], [-90.23073748561237, 38.63621886258013], [-90.23630273722006, 38.640855353361346], [-90.24186870496423, 38.645491602350084], [-90.24743538902311, 38.65012760941361], [-90.25300278957496, 38.654763374419176], [-90.25857090679797, 38.65939889723403], [-90.26413974087053, 38.66403417772537], [-90.26988033547711, 38.664168406596616], [-90.27545028334664, 38.66880318471887], [-90.28102094844074, 38.67343772015905], [-90.28659233093768, 38.67807201278429], [-90.29216443101578, 38.68270606246168], [-90.29773724885335, 38.68733986905835], [-90.30331078462868, 38.69197343244128], [-90.30888503852013, 38.69660675247757], [-90.31446001070607, 38.70123982903419], [-90.32003570136486, 38.70587266197814], [-90.32561211067481, 38.710505251176386], [-90.33118923881437, 38.715137596495865], [-90.3367670859619, 38.719769697803464], [-90.34234565229588, 38.724401554966114], [-90.34792493799469, 38.72903316785066], [-90.35350494323681, 38.73366453632395], [-90.35908566820065, 38.73829566025279], [-90.36466711306467, 38.742926539503976], [-90.37024927800739, 38.74755717394432]]}}, {"type": "Feature", "properties": {"route_run_id": "stl_st_louis_downtown_airport_to_st_louis_lambert_2026-01-12_0027", "route_pair": "st_louis_downtown_airport_to_st_louis_lambert", "route_pair_label": "St. Louis Downtown Airport to St. Louis Lambert", "origin_label": "St. Louis Downtown Airport", "destination_label": "St. Louis Lambert International Airport", "origin_lat": 38.5703611, "origin_lon": -90.1550833, "destination_lat": 38.7486982, "destination_lon": -90.3700257, "traffic_date": "2026-01-12", "traffic_dataset": "January 12th - Monday", "weight_id": "w_0027", "distance_weight": 0.0, "population_weight": 0.2, "traffic_weight": 0.5, "airspace_weight": 0.3, "path_nodes": 40, "path_node_ids": [2179, 2180, 2174, 2199, 2203, 2207, 2341, 2344, 2368, 2374, 2394, 2397, 2712, 2716, 2739, 2746, 2769, 2773, 3985, 3988, 3992, 3994, 4019, 4020, 4023, 4055, 4059, 4063, 4064, 5048, 5052, 5076, 5082, 5299, 5304, 5319, 5321, 5357, 5358, 5364], "elapsed_seconds": 0.04577709999284707, "status": "success", "failure_reason": "", "route_distance_km": 35.0695243590648, "distance_cost_sum": 38.596279476875054, "population_cost_sum": 23.651108783135093, "traffic_cost_sum": 17.839922019494136, "airspace_cost_sum": 33.8, "total_weighted_score": 23.790182766374087}, "geometry": {"type": "LineString", "coordinates": [[-90.15289905765549, 38.57128267769979], [-90.15845430205954, 38.57592253965332], [-90.16401026010618, 38.58056216167], [-90.16956693197352, 38.58520154361737], [-90.17512431783956, 38.5898406853631], [-90.18068241788241, 38.5944795867747], [-90.18624123228014, 38.59911824771971], [-90.19180076121087, 38.60375666806568], [-90.19736100485268, 38.60839484768009], [-90.20292196338367, 38.61303278643038], [-90.2084836369821, 38.617670484184025], [-90.21404602582597, 38.62230794080845], [-90.21960913009349, 38.62694515617101], [-90.22517294996291, 38.63158213013913], [-90.23073748561237, 38.63621886258013], [-90.23630273722006, 38.640855353361346], [-90.24186870496423, 38.645491602350084], [-90.24743538902311, 38.65012760941361], [-90.25300278957496, 38.654763374419176], [-90.25857090679797, 38.65939889723403], [-90.26413974087053, 38.66403417772537], [-90.26970929197084, 38.66866921576039], [-90.27527956027723, 38.67330401120623], [-90.28085054596801, 38.677938563930056], [-90.28642224922152, 38.68257287379895], [-90.29199467021606, 38.68720694068001], [-90.29756780913004, 38.69184076444029], [-90.3031416661418, 38.696474344946864], [-90.30888503852013, 38.69660675247757], [-90.31446001070607, 38.70123982903419], [-90.32003570136486, 38.70587266197814], [-90.32561211067481, 38.710505251176386], [-90.33118923881437, 38.715137596495865], [-90.3367670859619, 38.719769697803464], [-90.34234565229588, 38.724401554966114], [-90.34792493799469, 38.72903316785066], [-90.35350494323681, 38.73366453632395], [-90.35908566820065, 38.73829566025279], [-90.36466711306467, 38.742926539503976], [-90.37024927800739, 38.74755717394432]]}}, {"type": "Feature", "properties": {"route_run_id": "stl_st_louis_downtown_airport_to_st_louis_lambert_2026-01-12_0116", "route_pair": "st_louis_downtown_airport_to_st_louis_lambert", "route_pair_label": "St. Louis Downtown Airport to St. Louis Lambert", "origin_label": "St. Louis Downtown Airport", "destination_label": "St. Louis Lambert International Airport", "origin_lat": 38.5703611, "origin_lon": -90.1550833, "destination_lat": 38.7486982, "destination_lon": -90.3700257, "traffic_date": "2026-01-12", "traffic_dataset": "January 12th - Monday", "weight_id": "w_0116", "distance_weight": 0.1, "population_weight": 0.7, "traffic_weight": 0.0, "airspace_weight": 0.2, "path_nodes": 55, "path_node_ids": [2179, 2180, 2183, 2186, 2419, 2423, 2448, 2452, 2454, 2457, 2481, 2485, 2808, 2811, 2812, 2816, 2858, 2863, 2864, 2889, 3896, 3898, 3901, 3927, 3946, 3949, 3953, 3966, 3944, 3977, 3976, 3941, 4043, 4066, 4067, 4068, 4185, 4187, 4188, 4076, 4075, 4082, 4084, 5080, 5084, 5310, 5311, 5337, 5320, 5322, 5323, 5346, 5357, 5358, 5364], "elapsed_seconds": 0.04627299998537637, "status": "success", "failure_reason": "", "route_distance_km": 42.29849336979702, "distance_cost_sum": 46.55222736516655, "population_cost_sum": 8.67777235752909, "traffic_cost_sum": 41.2293348164601, "airspace_cost_sum": 44.8, "total_weighted_score": 19.68966338678702}, "geometry": {"type": "LineString", "coordinates": [[-90.15289905765549, 38.57128267769979], [-90.15845430205954, 38.57592253965332], [-90.15827684369297, 38.58042298981685], [-90.1580993457009, 38.58492343582021], [-90.15792180807382, 38.58942387766302], [-90.16347871828971, 38.59406355405304], [-90.1690363428032, 38.598702990254786], [-90.17459468179258, 38.60334218613583], [-90.18015373543601, 38.6079811415637], [-90.17997742923725, 38.612481651524796], [-90.17980108366437, 38.616982157334434], [-90.1796246987078, 38.62148265899229], [-90.179448274358, 38.625983156498016], [-90.17353434470424, 38.6303450755264], [-90.17335748369, 38.63484554254923], [-90.17318058317427, 38.63934600541629], [-90.17300364314747, 38.64384646412727], [-90.17856556137721, 38.64848558173427], [-90.17838890046788, 38.65298605432084], [-90.17821220009857, 38.65748652275311], [-90.18377547226044, 38.66212543540375], [-90.18933946118675, 38.666764106898924], [-90.19490416705614, 38.67140253710589], [-90.20046959004746, 38.676040725891895], [-90.20603573033937, 38.68067867312418], [-90.21160258811075, 38.68531637866994], [-90.2171701635404, 38.68995384239636], [-90.2229126017605, 38.690090452895454], [-90.22865507887754, 38.69022678182468], [-90.23439759481155, 38.69036282917826], [-90.24014014948251, 38.69049859495047], [-90.24605541323987, 38.68613337677085], [-90.2517976862147, 38.68626855773688], [-90.25736804511756, 38.69090420272148], [-90.26311075393669, 38.69103884211091], [-90.26868222818311, 38.695673984376505], [-90.27425442059507, 38.700308883813186], [-90.27999796237877, 38.700442721166475], [-90.28557127047641, 38.70507711728869], [-90.29148516021279, 38.700709550716724], [-90.297228816103, 38.700842542902386], [-90.30280331580018, 38.70547615766316], [-90.30837853409372, 38.710109528957155], [-90.31395447116216, 38.71474265665128], [-90.31378588266769, 38.71924359100243], [-90.31936286061908, 38.72387649197406], [-90.32494055786266, 38.72850914903958], [-90.330518974577, 38.7331415620659], [-90.33626541075455, 38.733272728767844], [-90.3420118843105, 38.73340361338185], [-90.34775839516463, 38.73353421590239], [-90.35333872308522, 38.73816560113835], [-90.35908566820065, 38.73829566025279], [-90.36466711306467, 38.742926539503976], [-90.37024927800739, 38.74755717394432]]}}, {"type": "Feature", "properties": {"route_run_id": "stl_st_louis_downtown_airport_to_st_louis_lambert_2026-01-12_0248", "route_pair": "st_louis_downtown_airport_to_st_louis_lambert", "route_pair_label": "St. Louis Downtown Airport to St. Louis Lambert", "origin_label": "St. Louis Downtown Airport", "destination_label": "St. Louis Lambert International Airport", "origin_lat": 38.5703611, "origin_lon": -90.1550833, "destination_lat": 38.7486982, "destination_lon": -90.3700257, "traffic_date": "2026-01-12", "traffic_dataset": "January 12th - Monday", "weight_id": "w_0248", "distance_weight": 0.5, "population_weight": 0.3, "traffic_weight": 0.1, "airspace_weight": 0.1, "path_nodes": 43, "path_node_ids": [2179, 2180, 2174, 2199, 2203, 2206, 2449, 2345, 2370, 2373, 2398, 2709, 2711, 2714, 2750, 2744, 2770, 2772, 2777, 3989, 3993, 4006, 4008, 4021, 4045, 4047, 4058, 4062, 4077, 4082, 4084, 5080, 5084, 5310, 5311, 5337, 5320, 5322, 5323, 5346, 5357, 5358, 5364], "elapsed_seconds": 0.009207600000081584, "status": "success", "failure_reason": "", "route_distance_km": 36.197051437601615, "distance_cost_sum": 39.837195943131675, "population_cost_sum": 17.31210242086407, "traffic_cost_sum": 23.35796935384401, "airspace_cost_sum": 36.4, "total_weighted_score": 31.08802563320946}, "geometry": {"type": "LineString", "coordinates": [[-90.15289905765549, 38.57128267769979], [-90.15845430205954, 38.57592253965332], [-90.16401026010618, 38.58056216167], [-90.16956693197352, 38.58520154361737], [-90.17512431783956, 38.5898406853631], [-90.17494781190939, 38.59434118977373], [-90.18050622974906, 38.59898010918833], [-90.18606536210271, 38.60361878809667], [-90.19162520914848, 38.60825722636621], [-90.19718577106451, 38.612895423864465], [-90.20274704802898, 38.61753338045887], [-90.2083090402201, 38.622171096016864], [-90.21387174781604, 38.62680857040582], [-90.21943517099498, 38.631445803493165], [-90.22499930993523, 38.636082795146216], [-90.23056416481495, 38.64071954523234], [-90.2361297358124, 38.64535605361884], [-90.24169602310592, 38.649992320172984], [-90.24726302687371, 38.65462834476206], [-90.25283074729404, 38.65926412725328], [-90.2583991845453, 38.663899667513896], [-90.26396833880578, 38.66853496541107], [-90.26953821025378, 38.673170020811966], [-90.2751087990677, 38.67780483358376], [-90.28068010542587, 38.682439403593555], [-90.28625212950666, 38.68707373070842], [-90.29182487148844, 38.69170781479548], [-90.29739833154962, 38.69634165572174], [-90.30297250986867, 38.70097525335427], [-90.30280331580018, 38.70547615766316], [-90.30837853409372, 38.710109528957155], [-90.31395447116216, 38.71474265665128], [-90.31378588266769, 38.71924359100243], [-90.31936286061908, 38.72387649197406], [-90.32494055786266, 38.72850914903958], [-90.330518974577, 38.7331415620659], [-90.33626541075455, 38.733272728767844], [-90.3420118843105, 38.73340361338185], [-90.34775839516463, 38.73353421590239], [-90.35333872308522, 38.73816560113835], [-90.35908566820065, 38.73829566025279], [-90.36466711306467, 38.742926539503976], [-90.37024927800739, 38.74755717394432]]}}, {"type": "Feature", "properties": {"route_run_id": "stl_st_louis_downtown_airport_to_st_louis_lambert_2026-01-12_0013", "route_pair": "st_louis_downtown_airport_to_st_louis_lambert", "route_pair_label": "St. Louis Downtown Airport to St. Louis Lambert", "origin_label": "St. Louis Downtown Airport", "destination_label": "St. Louis Lambert International Airport", "origin_lat": 38.5703611, "origin_lon": -90.1550833, "destination_lat": 38.7486982, "destination_lon": -90.3700257, "traffic_date": "2026-01-12", "traffic_dataset": "January 12th - Monday", "weight_id": "w_0013", "distance_weight": 0.0, "population_weight": 0.1, "traffic_weight": 0.1, "airspace_weight": 0.8, "path_nodes": 40, "path_node_ids": [2179, 2180, 2174, 2199, 2203, 2207, 2341, 2344, 2368, 2374, 2394, 2397, 2712, 2716, 2739, 2746, 2769, 2773, 3985, 3988, 3992, 3994, 4019, 4017, 4022, 4029, 4034, 4060, 4064, 5048, 5052, 5076, 5082, 5299, 5304, 5319, 5321, 5357, 5358, 5364], "elapsed_seconds": 0.04553129998384975, "status": "success", "failure_reason": "", "route_distance_km": 35.06932923764436, "distance_cost_sum": 38.59606473313351, "population_cost_sum": 24.787572976016946, "traffic_cost_sum": 17.839922019494136, "airspace_cost_sum": 33.4, "total_weighted_score": 30.982749499551115}, "geometry": {"type": "LineString", "coordinates": [[-90.15289905765549, 38.57128267769979], [-90.15845430205954, 38.57592253965332], [-90.16401026010618, 38.58056216167], [-90.16956693197352, 38.58520154361737], [-90.17512431783956, 38.5898406853631], [-90.18068241788241, 38.5944795867747], [-90.18624123228014, 38.59911824771971], [-90.19180076121087, 38.60375666806568], [-90.19736100485268, 38.60839484768009], [-90.20292196338367, 38.61303278643038], [-90.2084836369821, 38.617670484184025], [-90.21404602582597, 38.62230794080845], [-90.21960913009349, 38.62694515617101], [-90.22517294996291, 38.63158213013913], [-90.23073748561237, 38.63621886258013], [-90.23630273722006, 38.640855353361346], [-90.24186870496423, 38.645491602350084], [-90.24743538902311, 38.65012760941361], [-90.25300278957496, 38.654763374419176], [-90.25857090679797, 38.65939889723403], [-90.26413974087053, 38.66403417772537], [-90.26970929197084, 38.66866921576039], [-90.27527956027723, 38.67330401120623], [-90.28102094844074, 38.67343772015905], [-90.28659233093768, 38.67807201278429], [-90.29216443101578, 38.68270606246168], [-90.29773724885335, 38.68733986905835], [-90.30331078462868, 38.69197343244128], [-90.30888503852013, 38.69660675247757], [-90.31446001070607, 38.70123982903419], [-90.32003570136486, 38.70587266197814], [-90.32561211067481, 38.710505251176386], [-90.33118923881437, 38.715137596495865], [-90.3367670859619, 38.719769697803464], [-90.34234565229588, 38.724401554966114], [-90.34792493799469, 38.72903316785066], [-90.35350494323681, 38.73366453632395], [-90.35908566820065, 38.73829566025279], [-90.36466711306467, 38.742926539503976], [-90.37024927800739, 38.74755717394432]]}}, {"type": "Feature", "properties": {"route_run_id": "stl_st_louis_downtown_airport_to_st_louis_lambert_2026-01-12_0076", "route_pair": "st_louis_downtown_airport_to_st_louis_lambert", "route_pair_label": "St. Louis Downtown Airport to St. Louis Lambert", "origin_label": "St. Louis Downtown Airport", "destination_label": "St. Louis Lambert International Airport", "origin_lat": 38.5703611, "origin_lon": -90.1550833, "destination_lat": 38.7486982, "destination_lon": -90.3700257, "traffic_date": "2026-01-12", "traffic_dataset": "January 12th - Monday", "weight_id": "w_0076", "distance_weight": 0.1, "population_weight": 0.0, "traffic_weight": 0.9, "airspace_weight": 0.0, "path_nodes": 46, "path_node_ids": [2179, 2147, 2157, 2170, 2175, 2201, 2313, 2316, 2342, 2347, 2366, 2391, 2394, 2397, 2712, 2716, 2739, 2746, 2769, 2773, 2681, 2682, 2685, 3986, 2706, 2705, 2707, 4004, 4027, 4032, 4056, 5030, 5033, 5049, 5054, 5071, 5295, 5299, 5304, 5315, 5302, 5328, 5321, 5357, 5358, 5364], "elapsed_seconds": 0.035818700009258464, "status": "success", "failure_reason": "", "route_distance_km": 38.38089228250955, "distance_cost_sum": 42.24065402029532, "population_cost_sum": 29.99581141897201, "traffic_cost_sum": 15.53732989597561, "airspace_cost_sum": 38.6, "total_weighted_score": 18.20766230840758}, "geometry": {"type": "LineString", "coordinates": [[-90.15289905765549, 38.57128267769979], [-90.15863172081019, 38.571422085329914], [-90.16436442357126, 38.57156121262679], [-90.16992046069078, 38.5762005584167], [-90.17547721149117, 38.58083966408426], [-90.1810346761504, 38.585478529497074], [-90.18659285484642, 38.5901171545227], [-90.19215174775724, 38.5947555390287], [-90.19771135506093, 38.5993936828826], [-90.2032716769355, 38.60403158595187], [-90.208832713559, 38.60866924810401], [-90.20865819475857, 38.61316986821297], [-90.2084836369821, 38.617670484184025], [-90.21404602582597, 38.62230794080845], [-90.21960913009349, 38.62694515617101], [-90.22517294996291, 38.63158213013913], [-90.23073748561237, 38.63621886258013], [-90.23630273722006, 38.640855353361346], [-90.24186870496423, 38.645491602350084], [-90.24743538902311, 38.65012760941361], [-90.25334675887852, 38.64576185639355], [-90.25891423625677, 38.65039734432395], [-90.26448243016516, 38.6550325900107], [-90.27005134078189, 38.65966759332096], [-90.27562096828521, 38.66430235412195], [-90.28136163921492, 38.66443602029574], [-90.28693238041095, 38.66907027844067], [-90.29250383886837, 38.67370429371775], [-90.29807601476547, 38.67833806599408], [-90.30364890828046, 38.682971595136756], [-90.30922251959161, 38.68760488101284], [-90.31479684887715, 38.692237923489365], [-90.3203718963154, 38.69687072243334], [-90.32594766208454, 38.701503277711794], [-90.33152414636298, 38.70613558919165], [-90.33710134932893, 38.7107676567399], [-90.33693423631652, 38.71526867931356], [-90.3367670859619, 38.719769697803464], [-90.34234565229588, 38.724401554966114], [-90.34809144361579, 38.724532115719484], [-90.35383727213564, 38.72466239446393], [-90.35941735163529, 38.72929348495463], [-90.35350494323681, 38.73366453632395], [-90.35908566820065, 38.73829566025279], [-90.36466711306467, 38.742926539503976], [-90.37024927800739, 38.74755717394432]]}}, {"type": "Feature", "properties": {"route_run_id": "stl_st_louis_downtown_airport_to_st_louis_lambert_2026-01-12_0098", "route_pair": "st_louis_downtown_airport_to_st_louis_lambert", "route_pair_label": "St. Louis Downtown Airport to St. Louis Lambert", "origin_label": "St. Louis Downtown Airport", "destination_label": "St. Louis Lambert International Airport", "origin_lat": 38.5703611, "origin_lon": -90.1550833, "destination_lat": 38.7486982, "destination_lon": -90.3700257, "traffic_date": "2026-01-12", "traffic_dataset": "January 12th - Monday", "weight_id": "w_0098", "distance_weight": 0.1, "population_weight": 0.3, "traffic_weight": 0.4, "airspace_weight": 0.2, "path_nodes": 40, "path_node_ids": [2179, 2180, 2174, 2199, 2203, 2207, 2341, 2344, 2368, 2374, 2394, 2397, 2712, 2716, 2739, 2746, 2769, 2773, 3985, 3988, 3992, 3994, 4019, 4020, 4023, 4055, 4059, 4063, 4064, 5048, 5052, 5076, 5082, 5299, 5304, 5319, 5321, 5357, 5358, 5364], "elapsed_seconds": 0.049056699994252995, "status": "success", "failure_reason": "", "route_distance_km": 35.0695243590648, "distance_cost_sum": 38.596279476875054, "population_cost_sum": 23.651108783135093, "traffic_cost_sum": 17.839922019494136, "airspace_cost_sum": 33.8, "total_weighted_score": 24.850929390425684}, "geometry": {"type": "LineString", "coordinates": [[-90.15289905765549, 38.57128267769979], [-90.15845430205954, 38.57592253965332], [-90.16401026010618, 38.58056216167], [-90.16956693197352, 38.58520154361737], [-90.17512431783956, 38.5898406853631], [-90.18068241788241, 38.5944795867747], [-90.18624123228014, 38.59911824771971], [-90.19180076121087, 38.60375666806568], [-90.19736100485268, 38.60839484768009], [-90.20292196338367, 38.61303278643038], [-90.2084836369821, 38.617670484184025], [-90.21404602582597, 38.62230794080845], [-90.21960913009349, 38.62694515617101], [-90.22517294996291, 38.63158213013913], [-90.23073748561237, 38.63621886258013], [-90.23630273722006, 38.640855353361346], [-90.24186870496423, 38.645491602350084], [-90.24743538902311, 38.65012760941361], [-90.25300278957496, 38.654763374419176], [-90.25857090679797, 38.65939889723403], [-90.26413974087053, 38.66403417772537], [-90.26970929197084, 38.66866921576039], [-90.27527956027723, 38.67330401120623], [-90.28085054596801, 38.677938563930056], [-90.28642224922152, 38.68257287379895], [-90.29199467021606, 38.68720694068001], [-90.29756780913004, 38.69184076444029], [-90.3031416661418, 38.696474344946864], [-90.30888503852013, 38.69660675247757], [-90.31446001070607, 38.70123982903419], [-90.32003570136486, 38.70587266197814], [-90.32561211067481, 38.710505251176386], [-90.33118923881437, 38.715137596495865], [-90.3367670859619, 38.719769697803464], [-90.34234565229588, 38.724401554966114], [-90.34792493799469, 38.72903316785066], [-90.35350494323681, 38.73366453632395], [-90.35908566820065, 38.73829566025279], [-90.36466711306467, 38.742926539503976], [-90.37024927800739, 38.74755717394432]]}}, {"type": "Feature", "properties": {"route_run_id": "stl_st_louis_downtown_airport_to_st_louis_lambert_2026-01-12_0124", "route_pair": "st_louis_downtown_airport_to_st_louis_lambert", "route_pair_label": "St. Louis Downtown Airport to St. Louis Lambert", "origin_label": "St. Louis Downtown Airport", "destination_label": "St. Louis Lambert International Airport", "origin_lat": 38.5703611, "origin_lon": -90.1550833, "destination_lat": 38.7486982, "destination_lon": -90.3700257, "traffic_date": "2026-01-12", "traffic_dataset": "January 12th - Monday", "weight_id": "w_0124", "distance_weight": 0.2, "population_weight": 0.0, "traffic_weight": 0.2, "airspace_weight": 0.6, "path_nodes": 40, "path_node_ids": [2179, 2180, 2174, 2199, 2203, 2207, 2341, 2344, 2368, 2374, 2394, 2397, 2712, 2716, 2739, 2746, 2769, 2773, 3985, 3988, 3992, 3990, 4016, 4017, 4022, 4029, 4034, 4060, 4064, 5048, 5052, 5076, 5082, 5299, 5304, 5319, 5321, 5357, 5358, 5364], "elapsed_seconds": 0.03803560000960715, "status": "success", "failure_reason": "", "route_distance_km": 35.06925127294606, "distance_cost_sum": 38.59597892794111, "population_cost_sum": 25.05959051055676, "traffic_cost_sum": 17.839922019494136, "airspace_cost_sum": 33.4, "total_weighted_score": 31.327180189487052}, "geometry": {"type": "LineString", "coordinates": [[-90.15289905765549, 38.57128267769979], [-90.15845430205954, 38.57592253965332], [-90.16401026010618, 38.58056216167], [-90.16956693197352, 38.58520154361737], [-90.17512431783956, 38.5898406853631], [-90.18068241788241, 38.5944795867747], [-90.18624123228014, 38.59911824771971], [-90.19180076121087, 38.60375666806568], [-90.19736100485268, 38.60839484768009], [-90.20292196338367, 38.61303278643038], [-90.2084836369821, 38.617670484184025], [-90.21404602582597, 38.62230794080845], [-90.21960913009349, 38.62694515617101], [-90.22517294996291, 38.63158213013913], [-90.23073748561237, 38.63621886258013], [-90.23630273722006, 38.640855353361346], [-90.24186870496423, 38.645491602350084], [-90.24743538902311, 38.65012760941361], [-90.25300278957496, 38.654763374419176], [-90.25857090679797, 38.65939889723403], [-90.26413974087053, 38.66403417772537], [-90.26988033547711, 38.664168406596616], [-90.27545028334664, 38.66880318471887], [-90.28102094844074, 38.67343772015905], [-90.28659233093768, 38.67807201278429], [-90.29216443101578, 38.68270606246168], [-90.29773724885335, 38.68733986905835], [-90.30331078462868, 38.69197343244128], [-90.30888503852013, 38.69660675247757], [-90.31446001070607, 38.70123982903419], [-90.32003570136486, 38.70587266197814], [-90.32561211067481, 38.710505251176386], [-90.33118923881437, 38.715137596495865], [-90.3367670859619, 38.719769697803464], [-90.34234565229588, 38.724401554966114], [-90.34792493799469, 38.72903316785066], [-90.35350494323681, 38.73366453632395], [-90.35908566820065, 38.73829566025279], [-90.36466711306467, 38.742926539503976], [-90.37024927800739, 38.74755717394432]]}}, {"type": "Feature", "properties": {"route_run_id": "stl_st_louis_downtown_airport_to_st_louis_lambert_2026-01-12_0264", "route_pair": "st_louis_downtown_airport_to_st_louis_lambert", "route_pair_label": "St. Louis Downtown Airport to St. Louis Lambert", "origin_label": "St. Louis Downtown Airport", "destination_label": "St. Louis Lambert International Airport", "origin_lat": 38.5703611, "origin_lon": -90.1550833, "destination_lat": 38.7486982, "destination_lon": -90.3700257, "traffic_date": "2026-01-12", "traffic_dataset": "January 12th - Monday", "weight_id": "w_0264", "distance_weight": 0.6, "population_weight": 0.2, "traffic_weight": 0.2, "airspace_weight": 0.0, "path_nodes": 40, "path_node_ids": [2179, 2180, 2174, 2199, 2203, 2207, 2341, 2344, 2368, 2374, 2394, 2397, 2712, 2716, 2739, 2746, 2769, 2773, 3985, 3988, 3992, 3994, 4019, 4020, 4023, 4055, 4059, 4063, 4064, 5048, 5052, 5076, 5082, 5299, 5304, 5319, 5321, 5357, 5358, 5364], "elapsed_seconds": 0.006034999998519197, "status": "success", "failure_reason": "", "route_distance_km": 35.0695243590648, "distance_cost_sum": 38.596279476875054, "population_cost_sum": 23.651108783135093, "traffic_cost_sum": 17.839922019494136, "airspace_cost_sum": 33.8, "total_weighted_score": 31.455973846650878}, "geometry": {"type": "LineString", "coordinates": [[-90.15289905765549, 38.57128267769979], [-90.15845430205954, 38.57592253965332], [-90.16401026010618, 38.58056216167], [-90.16956693197352, 38.58520154361737], [-90.17512431783956, 38.5898406853631], [-90.18068241788241, 38.5944795867747], [-90.18624123228014, 38.59911824771971], [-90.19180076121087, 38.60375666806568], [-90.19736100485268, 38.60839484768009], [-90.20292196338367, 38.61303278643038], [-90.2084836369821, 38.617670484184025], [-90.21404602582597, 38.62230794080845], [-90.21960913009349, 38.62694515617101], [-90.22517294996291, 38.63158213013913], [-90.23073748561237, 38.63621886258013], [-90.23630273722006, 38.640855353361346], [-90.24186870496423, 38.645491602350084], [-90.24743538902311, 38.65012760941361], [-90.25300278957496, 38.654763374419176], [-90.25857090679797, 38.65939889723403], [-90.26413974087053, 38.66403417772537], [-90.26970929197084, 38.66866921576039], [-90.27527956027723, 38.67330401120623], [-90.28085054596801, 38.677938563930056], [-90.28642224922152, 38.68257287379895], [-90.29199467021606, 38.68720694068001], [-90.29756780913004, 38.69184076444029], [-90.3031416661418, 38.696474344946864], [-90.30888503852013, 38.69660675247757], [-90.31446001070607, 38.70123982903419], [-90.32003570136486, 38.70587266197814], [-90.32561211067481, 38.710505251176386], [-90.33118923881437, 38.715137596495865], [-90.3367670859619, 38.719769697803464], [-90.34234565229588, 38.724401554966114], [-90.34792493799469, 38.72903316785066], [-90.35350494323681, 38.73366453632395], [-90.35908566820065, 38.73829566025279], [-90.36466711306467, 38.742926539503976], [-90.37024927800739, 38.74755717394432]]}}, {"type": "Feature", "properties": {"route_run_id": "stl_st_louis_downtown_airport_to_st_louis_lambert_2026-01-12_0237", "route_pair": "st_louis_downtown_airport_to_st_louis_lambert", "route_pair_label": "St. Louis Downtown Airport to St. Louis Lambert", "origin_label": "St. Louis Downtown Airport", "destination_label": "St. Louis Lambert International Airport", "origin_lat": 38.5703611, "origin_lon": -90.1550833, "destination_lat": 38.7486982, "destination_lon": -90.3700257, "traffic_date": "2026-01-12", "traffic_dataset": "January 12th - Monday", "weight_id": "w_0237", "distance_weight": 0.5, "population_weight": 0.0, "traffic_weight": 0.5, "airspace_weight": 0.0, "path_nodes": 42, "path_node_ids": [2179, 2147, 2157, 2170, 2175, 2201, 2313, 2316, 2342, 2347, 2366, 2389, 2392, 2396, 2724, 2721, 2726, 2740, 2678, 2680, 2682, 2685, 3986, 2706, 4015, 4018, 4025, 4030, 4033, 4057, 5034, 5048, 5052, 5076, 5082, 5299, 5304, 5319, 5321, 5357, 5358, 5364], "elapsed_seconds": 0.0057413000031374395, "status": "success", "failure_reason": "", "route_distance_km": 35.8176658010044, "distance_cost_sum": 39.41965751547312, "population_cost_sum": 26.851885859104875, "traffic_cost_sum": 16.366481713769105, "airspace_cost_sum": 35.4, "total_weighted_score": 27.893069614621112}, "geometry": {"type": "LineString", "coordinates": [[-90.15289905765549, 38.57128267769979], [-90.15863172081019, 38.571422085329914], [-90.16436442357126, 38.57156121262679], [-90.16992046069078, 38.5762005584167], [-90.17547721149117, 38.58083966408426], [-90.1810346761504, 38.585478529497074], [-90.18659285484642, 38.5901171545227], [-90.19215174775724, 38.5947555390287], [-90.19771135506093, 38.5993936828826], [-90.2032716769355, 38.60403158595187], [-90.208832713559, 38.60866924810401], [-90.21439446510948, 38.61330666920645], [-90.21995693176504, 38.61794384912666], [-90.22552011370372, 38.622580787732026], [-90.23108401110366, 38.627217484889904], [-90.23682150967697, 38.62735322783211], [-90.24238651919569, 38.63198942413879], [-90.24795224455062, 38.63662537863984], [-90.2535186859198, 38.64126109120261], [-90.25908584348143, 38.64589656169434], [-90.25891423625677, 38.65039734432395], [-90.26448243016516, 38.6550325900107], [-90.27005134078189, 38.65966759332096], [-90.27562096828521, 38.66430235412195], [-90.28119131285328, 38.668936872280845], [-90.28676237466442, 38.67357114766479], [-90.29233415389683, 38.67820518014085], [-90.29790665072878, 38.68283896957616], [-90.30347986533855, 38.68747251583781], [-90.3090537979044, 38.692105818792854], [-90.31462844860471, 38.69673887830826], [-90.31446001070607, 38.70123982903419], [-90.32003570136486, 38.70587266197814], [-90.32561211067481, 38.710505251176386], [-90.33118923881437, 38.715137596495865], [-90.3367670859619, 38.719769697803464], [-90.34234565229588, 38.724401554966114], [-90.34792493799469, 38.72903316785066], [-90.35350494323681, 38.73366453632395], [-90.35908566820065, 38.73829566025279], [-90.36466711306467, 38.742926539503976], [-90.37024927800739, 38.74755717394432]]}}, {"type": "Feature", "properties": {"route_run_id": "stl_st_louis_downtown_airport_to_st_louis_lambert_2026-01-12_0287", "route_pair": "st_louis_downtown_airport_to_st_louis_lambert", "route_pair_label": "St. Louis Downtown Airport to St. Louis Lambert", "origin_label": "St. Louis Downtown Airport", "destination_label": "St. Louis Lambert International Airport", "origin_lat": 38.5703611, "origin_lon": -90.1550833, "destination_lat": 38.7486982, "destination_lon": -90.3700257, "traffic_date": "2026-01-12", "traffic_dataset": "January 12th - Monday", "weight_id": "w_0287", "distance_weight": 1.0, "population_weight": 0.0, "traffic_weight": 0.0, "airspace_weight": 0.0, "path_nodes": 40, "path_node_ids": [2179, 2147, 2172, 2176, 2200, 2204, 2317, 2340, 2346, 2371, 2391, 2395, 2708, 2713, 2738, 2741, 2745, 2747, 2684, 2687, 3987, 3990, 4016, 4017, 4022, 4029, 4034, 4060, 4064, 5048, 5052, 5076, 5082, 5299, 5304, 5319, 5321, 5357, 5358, 5364], "elapsed_seconds": 0.0015455999819096178, "status": "success", "failure_reason": "", "route_distance_km": 35.06847425714207, "distance_cost_sum": 38.5951237717998, "population_cost_sum": 26.02381511715049, "traffic_cost_sum": 20.11965029009705, "airspace_cost_sum": 33.4, "total_weighted_score": 38.5951237717998}, "geometry": {"type": "LineString", "coordinates": [[-90.15289905765549, 38.57128267769979], [-90.15863172081019, 38.571422085329914], [-90.16418736160693, 38.57606168922697], [-90.16974371606538, 38.58070105309441], [-90.17530078436367, 38.58534017679984], [-90.1808585666797, 38.58997906021084], [-90.18641706319154, 38.594617703194956], [-90.1919762740773, 38.599256105619745], [-90.19753619951499, 38.60389426735269], [-90.20309683968271, 38.60853218826128], [-90.20865819475857, 38.61316986821297], [-90.21422026492066, 38.617807307075225], [-90.21978305034705, 38.62244450471542], [-90.22534655121595, 38.62708146100096], [-90.2309107677055, 38.63171817579922], [-90.2364756999938, 38.63635464897752], [-90.2420413482591, 38.64099088040321], [-90.24760771267954, 38.645626869943555], [-90.25317479343335, 38.65026261746583], [-90.25874259069872, 38.654898122837295], [-90.26431110465388, 38.659533385925144], [-90.26988033547711, 38.664168406596616], [-90.27545028334664, 38.66880318471887], [-90.28102094844074, 38.67343772015905], [-90.28659233093768, 38.67807201278429], [-90.29216443101578, 38.68270606246168], [-90.29773724885335, 38.68733986905835], [-90.30331078462868, 38.69197343244128], [-90.30888503852013, 38.69660675247757], [-90.31446001070607, 38.70123982903419], [-90.32003570136486, 38.70587266197814], [-90.32561211067481, 38.710505251176386], [-90.33118923881437, 38.715137596495865], [-90.3367670859619, 38.719769697803464], [-90.34234565229588, 38.724401554966114], [-90.34792493799469, 38.72903316785066], [-90.35350494323681, 38.73366453632395], [-90.35908566820065, 38.73829566025279], [-90.36466711306467, 38.742926539503976], [-90.37024927800739, 38.74755717394432]]}}, {"type": "Feature", "properties": {"route_run_id": "stl_st_louis_downtown_airport_to_st_louis_lambert_2026-01-12_0003", "route_pair": "st_louis_downtown_airport_to_st_louis_lambert", "route_pair_label": "St. Louis Downtown Airport to St. Louis Lambert", "origin_label": "St. Louis Downtown Airport", "destination_label": "St. Louis Lambert International Airport", "origin_lat": 38.5703611, "origin_lon": -90.1550833, "destination_lat": 38.7486982, "destination_lon": -90.3700257, "traffic_date": "2026-01-12", "traffic_dataset": "January 12th - Monday", "weight_id": "w_0003", "distance_weight": 0.0, "population_weight": 0.0, "traffic_weight": 0.2, "airspace_weight": 0.8, "path_nodes": 40, "path_node_ids": [2179, 2180, 2174, 2199, 2203, 2207, 2341, 2344, 2368, 2374, 2394, 2397, 2712, 2716, 2739, 2746, 2769, 2773, 3985, 3988, 3992, 3990, 4016, 4017, 4022, 4029, 4034, 4060, 4064, 5048, 5052, 5076, 5082, 5299, 5304, 5319, 5321, 5357, 5358, 5364], "elapsed_seconds": 0.04590060000191443, "status": "success", "failure_reason": "", "route_distance_km": 35.06925127294606, "distance_cost_sum": 38.59597892794111, "population_cost_sum": 25.05959051055676, "traffic_cost_sum": 17.839922019494136, "airspace_cost_sum": 33.4, "total_weighted_score": 30.287984403898832}, "geometry": {"type": "LineString", "coordinates": [[-90.15289905765549, 38.57128267769979], [-90.15845430205954, 38.57592253965332], [-90.16401026010618, 38.58056216167], [-90.16956693197352, 38.58520154361737], [-90.17512431783956, 38.5898406853631], [-90.18068241788241, 38.5944795867747], [-90.18624123228014, 38.59911824771971], [-90.19180076121087, 38.60375666806568], [-90.19736100485268, 38.60839484768009], [-90.20292196338367, 38.61303278643038], [-90.2084836369821, 38.617670484184025], [-90.21404602582597, 38.62230794080845], [-90.21960913009349, 38.62694515617101], [-90.22517294996291, 38.63158213013913], [-90.23073748561237, 38.63621886258013], [-90.23630273722006, 38.640855353361346], [-90.24186870496423, 38.645491602350084], [-90.24743538902311, 38.65012760941361], [-90.25300278957496, 38.654763374419176], [-90.25857090679797, 38.65939889723403], [-90.26413974087053, 38.66403417772537], [-90.26988033547711, 38.664168406596616], [-90.27545028334664, 38.66880318471887], [-90.28102094844074, 38.67343772015905], [-90.28659233093768, 38.67807201278429], [-90.29216443101578, 38.68270606246168], [-90.29773724885335, 38.68733986905835], [-90.30331078462868, 38.69197343244128], [-90.30888503852013, 38.69660675247757], [-90.31446001070607, 38.70123982903419], [-90.32003570136486, 38.70587266197814], [-90.32561211067481, 38.710505251176386], [-90.33118923881437, 38.715137596495865], [-90.3367670859619, 38.719769697803464], [-90.34234565229588, 38.724401554966114], [-90.34792493799469, 38.72903316785066], [-90.35350494323681, 38.73366453632395], [-90.35908566820065, 38.73829566025279], [-90.36466711306467, 38.742926539503976], [-90.37024927800739, 38.74755717394432]]}}, {"type": "Feature", "properties": {"route_run_id": "stl_st_louis_downtown_airport_to_st_louis_lambert_2026-01-12_0234", "route_pair": "st_louis_downtown_airport_to_st_louis_lambert", "route_pair_label": "St. Louis Downtown Airport to St. Louis Lambert", "origin_label": "St. Louis Downtown Airport", "destination_label": "St. Louis Lambert International Airport", "origin_lat": 38.5703611, "origin_lon": -90.1550833, "destination_lat": 38.7486982, "destination_lon": -90.3700257, "traffic_date": "2026-01-12", "traffic_dataset": "January 12th - Monday", "weight_id": "w_0234", "distance_weight": 0.5, "population_weight": 0.0, "traffic_weight": 0.2, "airspace_weight": 0.3, "path_nodes": 40, "path_node_ids": [2179, 2180, 2174, 2199, 2203, 2207, 2341, 2344, 2368, 2374, 2394, 2397, 2712, 2716, 2739, 2746, 2769, 2773, 3985, 3988, 3992, 3990, 4016, 4017, 4022, 4029, 4034, 4060, 4064, 5048, 5052, 5076, 5082, 5299, 5304, 5319, 5321, 5357, 5358, 5364], "elapsed_seconds": 0.008826100005535409, "status": "success", "failure_reason": "", "route_distance_km": 35.06925127294606, "distance_cost_sum": 38.59597892794111, "population_cost_sum": 25.05959051055676, "traffic_cost_sum": 17.839922019494136, "airspace_cost_sum": 33.4, "total_weighted_score": 32.88597386786938}, "geometry": {"type": "LineString", "coordinates": [[-90.15289905765549, 38.57128267769979], [-90.15845430205954, 38.57592253965332], [-90.16401026010618, 38.58056216167], [-90.16956693197352, 38.58520154361737], [-90.17512431783956, 38.5898406853631], [-90.18068241788241, 38.5944795867747], [-90.18624123228014, 38.59911824771971], [-90.19180076121087, 38.60375666806568], [-90.19736100485268, 38.60839484768009], [-90.20292196338367, 38.61303278643038], [-90.2084836369821, 38.617670484184025], [-90.21404602582597, 38.62230794080845], [-90.21960913009349, 38.62694515617101], [-90.22517294996291, 38.63158213013913], [-90.23073748561237, 38.63621886258013], [-90.23630273722006, 38.640855353361346], [-90.24186870496423, 38.645491602350084], [-90.24743538902311, 38.65012760941361], [-90.25300278957496, 38.654763374419176], [-90.25857090679797, 38.65939889723403], [-90.26413974087053, 38.66403417772537], [-90.26988033547711, 38.664168406596616], [-90.27545028334664, 38.66880318471887], [-90.28102094844074, 38.67343772015905], [-90.28659233093768, 38.67807201278429], [-90.29216443101578, 38.68270606246168], [-90.29773724885335, 38.68733986905835], [-90.30331078462868, 38.69197343244128], [-90.30888503852013, 38.69660675247757], [-90.31446001070607, 38.70123982903419], [-90.32003570136486, 38.70587266197814], [-90.32561211067481, 38.710505251176386], [-90.33118923881437, 38.715137596495865], [-90.3367670859619, 38.719769697803464], [-90.34234565229588, 38.724401554966114], [-90.34792493799469, 38.72903316785066], [-90.35350494323681, 38.73366453632395], [-90.35908566820065, 38.73829566025279], [-90.36466711306467, 38.742926539503976], [-90.37024927800739, 38.74755717394432]]}}, {"type": "Feature", "properties": {"route_run_id": "stl_st_louis_downtown_airport_to_st_louis_lambert_2026-01-12_0080", "route_pair": "st_louis_downtown_airport_to_st_louis_lambert", "route_pair_label": "St. Louis Downtown Airport to St. Louis Lambert", "origin_label": "St. Louis Downtown Airport", "destination_label": "St. Louis Lambert International Airport", "origin_lat": 38.5703611, "origin_lon": -90.1550833, "destination_lat": 38.7486982, "destination_lon": -90.3700257, "traffic_date": "2026-01-12", "traffic_dataset": "January 12th - Monday", "weight_id": "w_0080", "distance_weight": 0.1, "population_weight": 0.1, "traffic_weight": 0.3, "airspace_weight": 0.5, "path_nodes": 40, "path_node_ids": [2179, 2180, 2174, 2199, 2203, 2207, 2341, 2344, 2368, 2374, 2394, 2397, 2712, 2716, 2739, 2746, 2769, 2773, 3985, 3988, 3992, 3994, 4019, 4017, 4022, 4029, 4034, 4060, 4064, 5048, 5052, 5076, 5082, 5299, 5304, 5319, 5321, 5357, 5358, 5364], "elapsed_seconds": 0.050603300012880936, "status": "success", "failure_reason": "", "route_distance_km": 35.06932923764436, "distance_cost_sum": 38.59606473313351, "population_cost_sum": 24.787572976016946, "traffic_cost_sum": 17.839922019494136, "airspace_cost_sum": 33.4, "total_weighted_score": 28.39034037676329}, "geometry": {"type": "LineString", "coordinates": [[-90.15289905765549, 38.57128267769979], [-90.15845430205954, 38.57592253965332], [-90.16401026010618, 38.58056216167], [-90.16956693197352, 38.58520154361737], [-90.17512431783956, 38.5898406853631], [-90.18068241788241, 38.5944795867747], [-90.18624123228014, 38.59911824771971], [-90.19180076121087, 38.60375666806568], [-90.19736100485268, 38.60839484768009], [-90.20292196338367, 38.61303278643038], [-90.2084836369821, 38.617670484184025], [-90.21404602582597, 38.62230794080845], [-90.21960913009349, 38.62694515617101], [-90.22517294996291, 38.63158213013913], [-90.23073748561237, 38.63621886258013], [-90.23630273722006, 38.640855353361346], [-90.24186870496423, 38.645491602350084], [-90.24743538902311, 38.65012760941361], [-90.25300278957496, 38.654763374419176], [-90.25857090679797, 38.65939889723403], [-90.26413974087053, 38.66403417772537], [-90.26970929197084, 38.66866921576039], [-90.27527956027723, 38.67330401120623], [-90.28102094844074, 38.67343772015905], [-90.28659233093768, 38.67807201278429], [-90.29216443101578, 38.68270606246168], [-90.29773724885335, 38.68733986905835], [-90.30331078462868, 38.69197343244128], [-90.30888503852013, 38.69660675247757], [-90.31446001070607, 38.70123982903419], [-90.32003570136486, 38.70587266197814], [-90.32561211067481, 38.710505251176386], [-90.33118923881437, 38.715137596495865], [-90.3367670859619, 38.719769697803464], [-90.34234565229588, 38.724401554966114], [-90.34792493799469, 38.72903316785066], [-90.35350494323681, 38.73366453632395], [-90.35908566820065, 38.73829566025279], [-90.36466711306467, 38.742926539503976], [-90.37024927800739, 38.74755717394432]]}}, {"type": "Feature", "properties": {"route_run_id": "stl_st_louis_downtown_airport_to_st_louis_lambert_2026-01-12_0181", "route_pair": "st_louis_downtown_airport_to_st_louis_lambert", "route_pair_label": "St. Louis Downtown Airport to St. Louis Lambert", "origin_label": "St. Louis Downtown Airport", "destination_label": "St. Louis Lambert International Airport", "origin_lat": 38.5703611, "origin_lon": -90.1550833, "destination_lat": 38.7486982, "destination_lon": -90.3700257, "traffic_date": "2026-01-12", "traffic_dataset": "January 12th - Monday", "weight_id": "w_0181", "distance_weight": 0.3, "population_weight": 0.1, "traffic_weight": 0.5, "airspace_weight": 0.1, "path_nodes": 41, "path_node_ids": [2179, 2147, 2157, 2170, 2175, 2201, 2313, 2316, 2342, 2347, 2366, 2389, 2392, 2396, 2724, 2727, 2742, 2743, 2681, 2682, 2685, 3986, 2706, 4015, 4018, 4025, 4030, 4034, 4060, 4064, 5048, 5052, 5076, 5082, 5299, 5304, 5319, 5321, 5357, 5358, 5364], "elapsed_seconds": 0.012713100004475564, "status": "success", "failure_reason": "", "route_distance_km": 35.4428023380249, "distance_cost_sum": 39.00709603232638, "population_cost_sum": 25.62300990996051, "traffic_cost_sum": 16.78312655842246, "airspace_cost_sum": 34.8, "total_weighted_score": 26.135993079905194}, "geometry": {"type": "LineString", "coordinates": [[-90.15289905765549, 38.57128267769979], [-90.15863172081019, 38.571422085329914], [-90.16436442357126, 38.57156121262679], [-90.16992046069078, 38.5762005584167], [-90.17547721149117, 38.58083966408426], [-90.1810346761504, 38.585478529497074], [-90.18659285484642, 38.5901171545227], [-90.19215174775724, 38.5947555390287], [-90.19771135506093, 38.5993936828826], [-90.2032716769355, 38.60403158595187], [-90.208832713559, 38.60866924810401], [-90.21439446510948, 38.61330666920645], [-90.21995693176504, 38.61794384912666], [-90.22552011370372, 38.622580787732026], [-90.23108401110366, 38.627217484889904], [-90.23664862414297, 38.63185394046768], [-90.24221395299979, 38.63649015433267], [-90.24777999785228, 38.641126126352205], [-90.25334675887852, 38.64576185639355], [-90.25891423625677, 38.65039734432395], [-90.26448243016516, 38.6550325900107], [-90.27005134078189, 38.65966759332096], [-90.27562096828521, 38.66430235412195], [-90.28119131285328, 38.668936872280845], [-90.28676237466442, 38.67357114766479], [-90.29233415389683, 38.67820518014085], [-90.29790665072878, 38.68283896957616], [-90.29773724885335, 38.68733986905835], [-90.30331078462868, 38.69197343244128], [-90.30888503852013, 38.69660675247757], [-90.31446001070607, 38.70123982903419], [-90.32003570136486, 38.70587266197814], [-90.32561211067481, 38.710505251176386], [-90.33118923881437, 38.715137596495865], [-90.3367670859619, 38.719769697803464], [-90.34234565229588, 38.724401554966114], [-90.34792493799469, 38.72903316785066], [-90.35350494323681, 38.73366453632395], [-90.35908566820065, 38.73829566025279], [-90.36466711306467, 38.742926539503976], [-90.37024927800739, 38.74755717394432]]}}, {"type": "Feature", "properties": {"route_run_id": "stl_st_louis_downtown_airport_to_st_louis_lambert_2026-01-12_0207", "route_pair": "st_louis_downtown_airport_to_st_louis_lambert", "route_pair_label": "St. Louis Downtown Airport to St. Louis Lambert", "origin_label": "St. Louis Downtown Airport", "destination_label": "St. Louis Lambert International Airport", "origin_lat": 38.5703611, "origin_lon": -90.1550833, "destination_lat": 38.7486982, "destination_lon": -90.3700257, "traffic_date": "2026-01-12", "traffic_dataset": "January 12th - Monday", "weight_id": "w_0207", "distance_weight": 0.4, "population_weight": 0.0, "traffic_weight": 0.3, "airspace_weight": 0.3, "path_nodes": 40, "path_node_ids": [2179, 2180, 2174, 2199, 2203, 2207, 2341, 2344, 2368, 2374, 2394, 2397, 2712, 2716, 2739, 2746, 2769, 2773, 3985, 3988, 3992, 3990, 4016, 4017, 4022, 4029, 4034, 4060, 4064, 5048, 5052, 5076, 5082, 5299, 5304, 5319, 5321, 5357, 5358, 5364], "elapsed_seconds": 0.01077279998571612, "status": "success", "failure_reason": "", "route_distance_km": 35.06925127294606, "distance_cost_sum": 38.59597892794111, "population_cost_sum": 25.05959051055676, "traffic_cost_sum": 17.839922019494136, "airspace_cost_sum": 33.4, "total_weighted_score": 30.810368177024685}, "geometry": {"type": "LineString", "coordinates": [[-90.15289905765549, 38.57128267769979], [-90.15845430205954, 38.57592253965332], [-90.16401026010618, 38.58056216167], [-90.16956693197352, 38.58520154361737], [-90.17512431783956, 38.5898406853631], [-90.18068241788241, 38.5944795867747], [-90.18624123228014, 38.59911824771971], [-90.19180076121087, 38.60375666806568], [-90.19736100485268, 38.60839484768009], [-90.20292196338367, 38.61303278643038], [-90.2084836369821, 38.617670484184025], [-90.21404602582597, 38.62230794080845], [-90.21960913009349, 38.62694515617101], [-90.22517294996291, 38.63158213013913], [-90.23073748561237, 38.63621886258013], [-90.23630273722006, 38.640855353361346], [-90.24186870496423, 38.645491602350084], [-90.24743538902311, 38.65012760941361], [-90.25300278957496, 38.654763374419176], [-90.25857090679797, 38.65939889723403], [-90.26413974087053, 38.66403417772537], [-90.26988033547711, 38.664168406596616], [-90.27545028334664, 38.66880318471887], [-90.28102094844074, 38.67343772015905], [-90.28659233093768, 38.67807201278429], [-90.29216443101578, 38.68270606246168], [-90.29773724885335, 38.68733986905835], [-90.30331078462868, 38.69197343244128], [-90.30888503852013, 38.69660675247757], [-90.31446001070607, 38.70123982903419], [-90.32003570136486, 38.70587266197814], [-90.32561211067481, 38.710505251176386], [-90.33118923881437, 38.715137596495865], [-90.3367670859619, 38.719769697803464], [-90.34234565229588, 38.724401554966114], [-90.34792493799469, 38.72903316785066], [-90.35350494323681, 38.73366453632395], [-90.35908566820065, 38.73829566025279], [-90.36466711306467, 38.742926539503976], [-90.37024927800739, 38.74755717394432]]}}, {"type": "Feature", "properties": {"route_run_id": "stl_st_louis_downtown_airport_to_st_louis_lambert_2026-01-12_0197", "route_pair": "st_louis_downtown_airport_to_st_louis_lambert", "route_pair_label": "St. Louis Downtown Airport to St. Louis Lambert", "origin_label": "St. Louis Downtown Airport", "destination_label": "St. Louis Lambert International Airport", "origin_lat": 38.5703611, "origin_lon": -90.1550833, "destination_lat": 38.7486982, "destination_lon": -90.3700257, "traffic_date": "2026-01-12", "traffic_dataset": "January 12th - Monday", "weight_id": "w_0197", "distance_weight": 0.3, "population_weight": 0.4, "traffic_weight": 0.3, "airspace_weight": 0.0, "path_nodes": 44, "path_node_ids": [2179, 2180, 2174, 2199, 2203, 2206, 2449, 2345, 2370, 2373, 2398, 2709, 2711, 2714, 2750, 2744, 2770, 2772, 2777, 3989, 3988, 3992, 3994, 4019, 4020, 4023, 4055, 4059, 4063, 4077, 4082, 4084, 5080, 5084, 5310, 5311, 5337, 5320, 5322, 5323, 5346, 5357, 5358, 5364], "elapsed_seconds": 0.01488259999314323, "status": "success", "failure_reason": "", "route_distance_km": 36.57207281055306, "distance_cost_sum": 40.24993121641444, "population_cost_sum": 16.402941041735232, "traffic_cost_sum": 23.43756424675925, "airspace_cost_sum": 37.4, "total_weighted_score": 25.6674250556462}, "geometry": {"type": "LineString", "coordinates": [[-90.15289905765549, 38.57128267769979], [-90.15845430205954, 38.57592253965332], [-90.16401026010618, 38.58056216167], [-90.16956693197352, 38.58520154361737], [-90.17512431783956, 38.5898406853631], [-90.17494781190939, 38.59434118977373], [-90.18050622974906, 38.59898010918833], [-90.18606536210271, 38.60361878809667], [-90.19162520914848, 38.60825722636621], [-90.19718577106451, 38.612895423864465], [-90.20274704802898, 38.61753338045887], [-90.2083090402201, 38.622171096016864], [-90.21387174781604, 38.62680857040582], [-90.21943517099498, 38.631445803493165], [-90.22499930993523, 38.636082795146216], [-90.23056416481495, 38.64071954523234], [-90.2361297358124, 38.64535605361884], [-90.24169602310592, 38.649992320172984], [-90.24726302687371, 38.65462834476206], [-90.25283074729404, 38.65926412725328], [-90.25857090679797, 38.65939889723403], [-90.26413974087053, 38.66403417772537], [-90.26970929197084, 38.66866921576039], [-90.27527956027723, 38.67330401120623], [-90.28085054596801, 38.677938563930056], [-90.28642224922152, 38.68257287379895], [-90.29199467021606, 38.68720694068001], [-90.29756780913004, 38.69184076444029], [-90.3031416661418, 38.696474344946864], [-90.30297250986867, 38.70097525335427], [-90.30280331580018, 38.70547615766316], [-90.30837853409372, 38.710109528957155], [-90.31395447116216, 38.71474265665128], [-90.31378588266769, 38.71924359100243], [-90.31936286061908, 38.72387649197406], [-90.32494055786266, 38.72850914903958], [-90.330518974577, 38.7331415620659], [-90.33626541075455, 38.733272728767844], [-90.3420118843105, 38.73340361338185], [-90.34775839516463, 38.73353421590239], [-90.35333872308522, 38.73816560113835], [-90.35908566820065, 38.73829566025279], [-90.36466711306467, 38.742926539503976], [-90.37024927800739, 38.74755717394432]]}}, {"type": "Feature", "properties": {"route_run_id": "stl_st_louis_downtown_airport_to_st_louis_lambert_2026-01-12_0212", "route_pair": "st_louis_downtown_airport_to_st_louis_lambert", "route_pair_label": "St. Louis Downtown Airport to St. Louis Lambert", "origin_label": "St. Louis Downtown Airport", "destination_label": "St. Louis Lambert International Airport", "origin_lat": 38.5703611, "origin_lon": -90.1550833, "destination_lat": 38.7486982, "destination_lon": -90.3700257, "traffic_date": "2026-01-12", "traffic_dataset": "January 12th - Monday", "weight_id": "w_0212", "distance_weight": 0.4, "population_weight": 0.1, "traffic_weight": 0.1, "airspace_weight": 0.4, "path_nodes": 40, "path_node_ids": [2179, 2180, 2174, 2199, 2203, 2207, 2341, 2344, 2368, 2374, 2394, 2397, 2712, 2716, 2739, 2746, 2769, 2773, 3985, 3988, 3992, 3994, 4019, 4017, 4022, 4029, 4034, 4060, 4064, 5048, 5052, 5076, 5082, 5299, 5304, 5319, 5321, 5357, 5358, 5364], "elapsed_seconds": 0.014208000007783994, "status": "success", "failure_reason": "", "route_distance_km": 35.06932923764436, "distance_cost_sum": 38.59606473313351, "population_cost_sum": 24.787572976016946, "traffic_cost_sum": 17.839922019494136, "airspace_cost_sum": 33.4, "total_weighted_score": 33.061175392804515}, "geometry": {"type": "LineString", "coordinates": [[-90.15289905765549, 38.57128267769979], [-90.15845430205954, 38.57592253965332], [-90.16401026010618, 38.58056216167], [-90.16956693197352, 38.58520154361737], [-90.17512431783956, 38.5898406853631], [-90.18068241788241, 38.5944795867747], [-90.18624123228014, 38.59911824771971], [-90.19180076121087, 38.60375666806568], [-90.19736100485268, 38.60839484768009], [-90.20292196338367, 38.61303278643038], [-90.2084836369821, 38.617670484184025], [-90.21404602582597, 38.62230794080845], [-90.21960913009349, 38.62694515617101], [-90.22517294996291, 38.63158213013913], [-90.23073748561237, 38.63621886258013], [-90.23630273722006, 38.640855353361346], [-90.24186870496423, 38.645491602350084], [-90.24743538902311, 38.65012760941361], [-90.25300278957496, 38.654763374419176], [-90.25857090679797, 38.65939889723403], [-90.26413974087053, 38.66403417772537], [-90.26970929197084, 38.66866921576039], [-90.27527956027723, 38.67330401120623], [-90.28102094844074, 38.67343772015905], [-90.28659233093768, 38.67807201278429], [-90.29216443101578, 38.68270606246168], [-90.29773724885335, 38.68733986905835], [-90.30331078462868, 38.69197343244128], [-90.30888503852013, 38.69660675247757], [-90.31446001070607, 38.70123982903419], [-90.32003570136486, 38.70587266197814], [-90.32561211067481, 38.710505251176386], [-90.33118923881437, 38.715137596495865], [-90.3367670859619, 38.719769697803464], [-90.34234565229588, 38.724401554966114], [-90.34792493799469, 38.72903316785066], [-90.35350494323681, 38.73366453632395], [-90.35908566820065, 38.73829566025279], [-90.36466711306467, 38.742926539503976], [-90.37024927800739, 38.74755717394432]]}}, {"type": "Feature", "properties": {"route_run_id": "stl_st_louis_downtown_airport_to_st_louis_lambert_2026-01-12_0022", "route_pair": "st_louis_downtown_airport_to_st_louis_lambert", "route_pair_label": "St. Louis Downtown Airport to St. Louis Lambert", "origin_label": "St. Louis Downtown Airport", "destination_label": "St. Louis Lambert International Airport", "origin_lat": 38.5703611, "origin_lon": -90.1550833, "destination_lat": 38.7486982, "destination_lon": -90.3700257, "traffic_date": "2026-01-12", "traffic_dataset": "January 12th - Monday", "weight_id": "w_0022", "distance_weight": 0.0, "population_weight": 0.2, "traffic_weight": 0.0, "airspace_weight": 0.8, "path_nodes": 40, "path_node_ids": [2179, 2180, 2174, 2199, 2203, 2207, 2341, 2344, 2368, 2374, 2394, 2397, 2712, 2716, 2739, 2746, 2769, 2773, 3985, 3988, 3992, 3994, 4019, 4017, 4022, 4029, 4034, 4060, 4064, 5048, 5052, 5076, 5082, 5299, 5304, 5319, 5321, 5357, 5358, 5364], "elapsed_seconds": 0.04395210000802763, "status": "success", "failure_reason": "", "route_distance_km": 35.06932923764436, "distance_cost_sum": 38.59606473313351, "population_cost_sum": 24.787572976016946, "traffic_cost_sum": 17.839922019494136, "airspace_cost_sum": 33.4, "total_weighted_score": 31.677514595203395}, "geometry": {"type": "LineString", "coordinates": [[-90.15289905765549, 38.57128267769979], [-90.15845430205954, 38.57592253965332], [-90.16401026010618, 38.58056216167], [-90.16956693197352, 38.58520154361737], [-90.17512431783956, 38.5898406853631], [-90.18068241788241, 38.5944795867747], [-90.18624123228014, 38.59911824771971], [-90.19180076121087, 38.60375666806568], [-90.19736100485268, 38.60839484768009], [-90.20292196338367, 38.61303278643038], [-90.2084836369821, 38.617670484184025], [-90.21404602582597, 38.62230794080845], [-90.21960913009349, 38.62694515617101], [-90.22517294996291, 38.63158213013913], [-90.23073748561237, 38.63621886258013], [-90.23630273722006, 38.640855353361346], [-90.24186870496423, 38.645491602350084], [-90.24743538902311, 38.65012760941361], [-90.25300278957496, 38.654763374419176], [-90.25857090679797, 38.65939889723403], [-90.26413974087053, 38.66403417772537], [-90.26970929197084, 38.66866921576039], [-90.27527956027723, 38.67330401120623], [-90.28102094844074, 38.67343772015905], [-90.28659233093768, 38.67807201278429], [-90.29216443101578, 38.68270606246168], [-90.29773724885335, 38.68733986905835], [-90.30331078462868, 38.69197343244128], [-90.30888503852013, 38.69660675247757], [-90.31446001070607, 38.70123982903419], [-90.32003570136486, 38.70587266197814], [-90.32561211067481, 38.710505251176386], [-90.33118923881437, 38.715137596495865], [-90.3367670859619, 38.719769697803464], [-90.34234565229588, 38.724401554966114], [-90.34792493799469, 38.72903316785066], [-90.35350494323681, 38.73366453632395], [-90.35908566820065, 38.73829566025279], [-90.36466711306467, 38.742926539503976], [-90.37024927800739, 38.74755717394432]]}}, {"type": "Feature", "properties": {"route_run_id": "stl_st_louis_downtown_airport_to_st_louis_lambert_2026-01-12_0225", "route_pair": "st_louis_downtown_airport_to_st_louis_lambert", "route_pair_label": "St. Louis Downtown Airport to St. Louis Lambert", "origin_label": "St. Louis Downtown Airport", "destination_label": "St. Louis Lambert International Airport", "origin_lat": 38.5703611, "origin_lon": -90.1550833, "destination_lat": 38.7486982, "destination_lon": -90.3700257, "traffic_date": "2026-01-12", "traffic_dataset": "January 12th - Monday", "weight_id": "w_0225", "distance_weight": 0.4, "population_weight": 0.3, "traffic_weight": 0.3, "airspace_weight": 0.0, "path_nodes": 40, "path_node_ids": [2179, 2180, 2174, 2199, 2203, 2207, 2341, 2344, 2368, 2374, 2394, 2397, 2712, 2716, 2739, 2746, 2769, 2773, 3985, 3988, 3992, 3994, 4019, 4020, 4023, 4055, 4059, 4063, 4064, 5048, 5052, 5076, 5082, 5299, 5304, 5319, 5321, 5357, 5358, 5364], "elapsed_seconds": 0.01048970001284033, "status": "success", "failure_reason": "", "route_distance_km": 35.0695243590648, "distance_cost_sum": 38.596279476875054, "population_cost_sum": 23.651108783135093, "traffic_cost_sum": 17.839922019494136, "airspace_cost_sum": 33.8, "total_weighted_score": 27.88582103153879}, "geometry": {"type": "LineString", "coordinates": [[-90.15289905765549, 38.57128267769979], [-90.15845430205954, 38.57592253965332], [-90.16401026010618, 38.58056216167], [-90.16956693197352, 38.58520154361737], [-90.17512431783956, 38.5898406853631], [-90.18068241788241, 38.5944795867747], [-90.18624123228014, 38.59911824771971], [-90.19180076121087, 38.60375666806568], [-90.19736100485268, 38.60839484768009], [-90.20292196338367, 38.61303278643038], [-90.2084836369821, 38.617670484184025], [-90.21404602582597, 38.62230794080845], [-90.21960913009349, 38.62694515617101], [-90.22517294996291, 38.63158213013913], [-90.23073748561237, 38.63621886258013], [-90.23630273722006, 38.640855353361346], [-90.24186870496423, 38.645491602350084], [-90.24743538902311, 38.65012760941361], [-90.25300278957496, 38.654763374419176], [-90.25857090679797, 38.65939889723403], [-90.26413974087053, 38.66403417772537], [-90.26970929197084, 38.66866921576039], [-90.27527956027723, 38.67330401120623], [-90.28085054596801, 38.677938563930056], [-90.28642224922152, 38.68257287379895], [-90.29199467021606, 38.68720694068001], [-90.29756780913004, 38.69184076444029], [-90.3031416661418, 38.696474344946864], [-90.30888503852013, 38.69660675247757], [-90.31446001070607, 38.70123982903419], [-90.32003570136486, 38.70587266197814], [-90.32561211067481, 38.710505251176386], [-90.33118923881437, 38.715137596495865], [-90.3367670859619, 38.719769697803464], [-90.34234565229588, 38.724401554966114], [-90.34792493799469, 38.72903316785066], [-90.35350494323681, 38.73366453632395], [-90.35908566820065, 38.73829566025279], [-90.36466711306467, 38.742926539503976], [-90.37024927800739, 38.74755717394432]]}}, {"type": "Feature", "properties": {"route_run_id": "stl_st_louis_downtown_airport_to_st_louis_lambert_2026-01-12_0128", "route_pair": "st_louis_downtown_airport_to_st_louis_lambert", "route_pair_label": "St. Louis Downtown Airport to St. Louis Lambert", "origin_label": "St. Louis Downtown Airport", "destination_label": "St. Louis Lambert International Airport", "origin_lat": 38.5703611, "origin_lon": -90.1550833, "destination_lat": 38.7486982, "destination_lon": -90.3700257, "traffic_date": "2026-01-12", "traffic_dataset": "January 12th - Monday", "weight_id": "w_0128", "distance_weight": 0.2, "population_weight": 0.0, "traffic_weight": 0.6, "airspace_weight": 0.2, "path_nodes": 42, "path_node_ids": [2179, 2147, 2157, 2170, 2175, 2201, 2313, 2316, 2342, 2347, 2366, 2389, 2392, 2396, 2724, 2721, 2726, 2740, 2678, 2680, 2682, 2685, 3986, 2706, 4015, 4017, 4022, 4029, 4034, 4060, 4064, 5048, 5052, 5076, 5082, 5299, 5304, 5319, 5321, 5357, 5358, 5364], "elapsed_seconds": 0.020546300016576424, "status": "success", "failure_reason": "", "route_distance_km": 35.817747454429586, "distance_cost_sum": 39.419747380347985, "population_cost_sum": 26.64764489159439, "traffic_cost_sum": 16.366481713769105, "airspace_cost_sum": 35.00000000000001, "total_weighted_score": 24.70383850433106}, "geometry": {"type": "LineString", "coordinates": [[-90.15289905765549, 38.57128267769979], [-90.15863172081019, 38.571422085329914], [-90.16436442357126, 38.57156121262679], [-90.16992046069078, 38.5762005584167], [-90.17547721149117, 38.58083966408426], [-90.1810346761504, 38.585478529497074], [-90.18659285484642, 38.5901171545227], [-90.19215174775724, 38.5947555390287], [-90.19771135506093, 38.5993936828826], [-90.2032716769355, 38.60403158595187], [-90.208832713559, 38.60866924810401], [-90.21439446510948, 38.61330666920645], [-90.21995693176504, 38.61794384912666], [-90.22552011370372, 38.622580787732026], [-90.23108401110366, 38.627217484889904], [-90.23682150967697, 38.62735322783211], [-90.24238651919569, 38.63198942413879], [-90.24795224455062, 38.63662537863984], [-90.2535186859198, 38.64126109120261], [-90.25908584348143, 38.64589656169434], [-90.25891423625677, 38.65039734432395], [-90.26448243016516, 38.6550325900107], [-90.27005134078189, 38.65966759332096], [-90.27562096828521, 38.66430235412195], [-90.28119131285328, 38.668936872280845], [-90.28102094844074, 38.67343772015905], [-90.28659233093768, 38.67807201278429], [-90.29216443101578, 38.68270606246168], [-90.29773724885335, 38.68733986905835], [-90.30331078462868, 38.69197343244128], [-90.30888503852013, 38.69660675247757], [-90.31446001070607, 38.70123982903419], [-90.32003570136486, 38.70587266197814], [-90.32561211067481, 38.710505251176386], [-90.33118923881437, 38.715137596495865], [-90.3367670859619, 38.719769697803464], [-90.34234565229588, 38.724401554966114], [-90.34792493799469, 38.72903316785066], [-90.35350494323681, 38.73366453632395], [-90.35908566820065, 38.73829566025279], [-90.36466711306467, 38.742926539503976], [-90.37024927800739, 38.74755717394432]]}}, {"type": "Feature", "properties": {"route_run_id": "stl_st_louis_downtown_airport_to_st_louis_lambert_2026-01-12_0122", "route_pair": "st_louis_downtown_airport_to_st_louis_lambert", "route_pair_label": "St. Louis Downtown Airport to St. Louis Lambert", "origin_label": "St. Louis Downtown Airport", "destination_label": "St. Louis Lambert International Airport", "origin_lat": 38.5703611, "origin_lon": -90.1550833, "destination_lat": 38.7486982, "destination_lon": -90.3700257, "traffic_date": "2026-01-12", "traffic_dataset": "January 12th - Monday", "weight_id": "w_0122", "distance_weight": 0.2, "population_weight": 0.0, "traffic_weight": 0.0, "airspace_weight": 0.8, "path_nodes": 40, "path_node_ids": [2179, 2147, 2172, 2176, 2200, 2204, 2317, 2340, 2346, 2371, 2391, 2395, 2708, 2713, 2738, 2741, 2745, 2747, 2684, 2687, 3987, 3990, 4016, 4017, 4022, 4029, 4034, 4060, 4064, 5048, 5052, 5076, 5082, 5299, 5304, 5319, 5321, 5357, 5358, 5364], "elapsed_seconds": 0.0450849000189919, "status": "success", "failure_reason": "", "route_distance_km": 35.06847425714207, "distance_cost_sum": 38.5951237717998, "population_cost_sum": 26.02381511715049, "traffic_cost_sum": 20.11965029009705, "airspace_cost_sum": 33.4, "total_weighted_score": 34.43902475435996}, "geometry": {"type": "LineString", "coordinates": [[-90.15289905765549, 38.57128267769979], [-90.15863172081019, 38.571422085329914], [-90.16418736160693, 38.57606168922697], [-90.16974371606538, 38.58070105309441], [-90.17530078436367, 38.58534017679984], [-90.1808585666797, 38.58997906021084], [-90.18641706319154, 38.594617703194956], [-90.1919762740773, 38.599256105619745], [-90.19753619951499, 38.60389426735269], [-90.20309683968271, 38.60853218826128], [-90.20865819475857, 38.61316986821297], [-90.21422026492066, 38.617807307075225], [-90.21978305034705, 38.62244450471542], [-90.22534655121595, 38.62708146100096], [-90.2309107677055, 38.63171817579922], [-90.2364756999938, 38.63635464897752], [-90.2420413482591, 38.64099088040321], [-90.24760771267954, 38.645626869943555], [-90.25317479343335, 38.65026261746583], [-90.25874259069872, 38.654898122837295], [-90.26431110465388, 38.659533385925144], [-90.26988033547711, 38.664168406596616], [-90.27545028334664, 38.66880318471887], [-90.28102094844074, 38.67343772015905], [-90.28659233093768, 38.67807201278429], [-90.29216443101578, 38.68270606246168], [-90.29773724885335, 38.68733986905835], [-90.30331078462868, 38.69197343244128], [-90.30888503852013, 38.69660675247757], [-90.31446001070607, 38.70123982903419], [-90.32003570136486, 38.70587266197814], [-90.32561211067481, 38.710505251176386], [-90.33118923881437, 38.715137596495865], [-90.3367670859619, 38.719769697803464], [-90.34234565229588, 38.724401554966114], [-90.34792493799469, 38.72903316785066], [-90.35350494323681, 38.73366453632395], [-90.35908566820065, 38.73829566025279], [-90.36466711306467, 38.742926539503976], [-90.37024927800739, 38.74755717394432]]}}, {"type": "Feature", "properties": {"route_run_id": "stl_st_louis_downtown_airport_to_st_louis_lambert_2026-01-12_0165", "route_pair": "st_louis_downtown_airport_to_st_louis_lambert", "route_pair_label": "St. Louis Downtown Airport to St. Louis Lambert", "origin_label": "St. Louis Downtown Airport", "destination_label": "St. Louis Lambert International Airport", "origin_lat": 38.5703611, "origin_lon": -90.1550833, "destination_lat": 38.7486982, "destination_lon": -90.3700257, "traffic_date": "2026-01-12", "traffic_dataset": "January 12th - Monday", "weight_id": "w_0165", "distance_weight": 0.2, "population_weight": 0.7, "traffic_weight": 0.1, "airspace_weight": 0.0, "path_nodes": 55, "path_node_ids": [2179, 2180, 2183, 2186, 2419, 2425, 2427, 2453, 2456, 2479, 2480, 2484, 2486, 2809, 2813, 2817, 2858, 2862, 2864, 2889, 3896, 3898, 3901, 3927, 3946, 3949, 3953, 3966, 3944, 3977, 3976, 3941, 4043, 4066, 4067, 4068, 4185, 4187, 4188, 4076, 4075, 4082, 4084, 5080, 5084, 5310, 5311, 5337, 5320, 5322, 5323, 5346, 5357, 5358, 5364], "elapsed_seconds": 0.018665899988263845, "status": "success", "failure_reason": "", "route_distance_km": 41.77090840586574, "distance_cost_sum": 45.97158599383796, "population_cost_sum": 8.67777235752909, "traffic_cost_sum": 40.81374116682602, "airspace_cost_sum": 45.2, "total_weighted_score": 19.350131965720557}, "geometry": {"type": "LineString", "coordinates": [[-90.15289905765549, 38.57128267769979], [-90.15845430205954, 38.57592253965332], [-90.15827684369297, 38.58042298981685], [-90.1580993457009, 38.58492343582021], [-90.15792180807382, 38.58942387766302], [-90.15774423080212, 38.593924315345014], [-90.16330145854758, 38.59856400986431], [-90.16885940074975, 38.60320346415569], [-90.16868241918205, 38.60770393390031], [-90.16850539809049, 38.61220439948829], [-90.16832833746557, 38.616704860919356], [-90.16815123729772, 38.62120531819316], [-90.16797409757739, 38.62570577130943], [-90.16779691829495, 38.630206220267794], [-90.16761969944088, 38.63470666506797], [-90.16744244100559, 38.63920710570964], [-90.17300364314747, 38.64384646412727], [-90.17282666359999, 38.64834691868183], [-90.17838890046788, 38.65298605432084], [-90.17821220009857, 38.65748652275311], [-90.18377547226044, 38.66212543540375], [-90.18933946118675, 38.666764106898924], [-90.19490416705614, 38.67140253710589], [-90.20046959004746, 38.676040725891895], [-90.20603573033937, 38.68067867312418], [-90.21160258811075, 38.68531637866994], [-90.2171701635404, 38.68995384239636], [-90.2229126017605, 38.690090452895454], [-90.22865507887754, 38.69022678182468], [-90.23439759481155, 38.69036282917826], [-90.24014014948251, 38.69049859495047], [-90.24605541323987, 38.68613337677085], [-90.2517976862147, 38.68626855773688], [-90.25736804511756, 38.69090420272148], [-90.26311075393669, 38.69103884211091], [-90.26868222818311, 38.695673984376505], [-90.27425442059507, 38.700308883813186], [-90.27999796237877, 38.700442721166475], [-90.28557127047641, 38.70507711728869], [-90.29148516021279, 38.700709550716724], [-90.297228816103, 38.700842542902386], [-90.30280331580018, 38.70547615766316], [-90.30837853409372, 38.710109528957155], [-90.31395447116216, 38.71474265665128], [-90.31378588266769, 38.71924359100243], [-90.31936286061908, 38.72387649197406], [-90.32494055786266, 38.72850914903958], [-90.330518974577, 38.7331415620659], [-90.33626541075455, 38.733272728767844], [-90.3420118843105, 38.73340361338185], [-90.34775839516463, 38.73353421590239], [-90.35333872308522, 38.73816560113835], [-90.35908566820065, 38.73829566025279], [-90.36466711306467, 38.742926539503976], [-90.37024927800739, 38.74755717394432]]}}, {"type": "Feature", "properties": {"route_run_id": "stl_st_louis_downtown_airport_to_st_louis_lambert_2026-01-12_0008", "route_pair": "st_louis_downtown_airport_to_st_louis_lambert", "route_pair_label": "St. Louis Downtown Airport to St. Louis Lambert", "origin_label": "St. Louis Downtown Airport", "destination_label": "St. Louis Lambert International Airport", "origin_lat": 38.5703611, "origin_lon": -90.1550833, "destination_lat": 38.7486982, "destination_lon": -90.3700257, "traffic_date": "2026-01-12", "traffic_dataset": "January 12th - Monday", "weight_id": "w_0008", "distance_weight": 0.0, "population_weight": 0.0, "traffic_weight": 0.7, "airspace_weight": 0.3, "path_nodes": 42, "path_node_ids": [2179, 2180, 2157, 2170, 2175, 2201, 2313, 2316, 2342, 2347, 2366, 2389, 2392, 2396, 2724, 2721, 2726, 2740, 2678, 2680, 2682, 2685, 3986, 2706, 4016, 4017, 4022, 4029, 4034, 4060, 4064, 5048, 5052, 5076, 5082, 5299, 5304, 5319, 5321, 5357, 5358, 5364], "elapsed_seconds": 0.04500199999893084, "status": "success", "failure_reason": "", "route_distance_km": 36.35045750517031, "distance_cost_sum": 40.006029241145875, "population_cost_sum": 26.64764489159439, "traffic_cost_sum": 16.3398788596516, "airspace_cost_sum": 35.00000000000001, "total_weighted_score": 21.93791520175612}, "geometry": {"type": "LineString", "coordinates": [[-90.15289905765549, 38.57128267769979], [-90.15845430205954, 38.57592253965332], [-90.16436442357126, 38.57156121262679], [-90.16992046069078, 38.5762005584167], [-90.17547721149117, 38.58083966408426], [-90.1810346761504, 38.585478529497074], [-90.18659285484642, 38.5901171545227], [-90.19215174775724, 38.5947555390287], [-90.19771135506093, 38.5993936828826], [-90.2032716769355, 38.60403158595187], [-90.208832713559, 38.60866924810401], [-90.21439446510948, 38.61330666920645], [-90.21995693176504, 38.61794384912666], [-90.22552011370372, 38.622580787732026], [-90.23108401110366, 38.627217484889904], [-90.23682150967697, 38.62735322783211], [-90.24238651919569, 38.63198942413879], [-90.24795224455062, 38.63662537863984], [-90.2535186859198, 38.64126109120261], [-90.25908584348143, 38.64589656169434], [-90.25891423625677, 38.65039734432395], [-90.26448243016516, 38.6550325900107], [-90.27005134078189, 38.65966759332096], [-90.27562096828521, 38.66430235412195], [-90.27545028334664, 38.66880318471887], [-90.28102094844074, 38.67343772015905], [-90.28659233093768, 38.67807201278429], [-90.29216443101578, 38.68270606246168], [-90.29773724885335, 38.68733986905835], [-90.30331078462868, 38.69197343244128], [-90.30888503852013, 38.69660675247757], [-90.31446001070607, 38.70123982903419], [-90.32003570136486, 38.70587266197814], [-90.32561211067481, 38.710505251176386], [-90.33118923881437, 38.715137596495865], [-90.3367670859619, 38.719769697803464], [-90.34234565229588, 38.724401554966114], [-90.34792493799469, 38.72903316785066], [-90.35350494323681, 38.73366453632395], [-90.35908566820065, 38.73829566025279], [-90.36466711306467, 38.742926539503976], [-90.37024927800739, 38.74755717394432]]}}, {"type": "Feature", "properties": {"route_run_id": "stl_st_louis_downtown_airport_to_st_louis_lambert_2026-01-12_0202", "route_pair": "st_louis_downtown_airport_to_st_louis_lambert", "route_pair_label": "St. Louis Downtown Airport to St. Louis Lambert", "origin_label": "St. Louis Downtown Airport", "destination_label": "St. Louis Lambert International Airport", "origin_lat": 38.5703611, "origin_lon": -90.1550833, "destination_lat": 38.7486982, "destination_lon": -90.3700257, "traffic_date": "2026-01-12", "traffic_dataset": "January 12th - Monday", "weight_id": "w_0202", "distance_weight": 0.3, "population_weight": 0.6, "traffic_weight": 0.1, "airspace_weight": 0.0, "path_nodes": 54, "path_node_ids": [2179, 2180, 2183, 2186, 2419, 2425, 2427, 2453, 2456, 2479, 2480, 2484, 2486, 2809, 2813, 2817, 2858, 2862, 2864, 2795, 2796, 3899, 3902, 3914, 3948, 3950, 3966, 3944, 3977, 3976, 3941, 4043, 4066, 4067, 4068, 4185, 4187, 4188, 4076, 4075, 4082, 4084, 5080, 5084, 5310, 5311, 5337, 5320, 5322, 5323, 5346, 5357, 5358, 5364], "elapsed_seconds": 0.013346099993214011, "status": "success", "failure_reason": "", "route_distance_km": 41.39551894523517, "distance_cost_sum": 45.55844561626036, "population_cost_sum": 9.018797265828733, "traffic_cost_sum": 39.9359635634908, "airspace_cost_sum": 44.6, "total_weighted_score": 23.072408400724427}, "geometry": {"type": "LineString", "coordinates": [[-90.15289905765549, 38.57128267769979], [-90.15845430205954, 38.57592253965332], [-90.15827684369297, 38.58042298981685], [-90.1580993457009, 38.58492343582021], [-90.15792180807382, 38.58942387766302], [-90.15774423080212, 38.593924315345014], [-90.16330145854758, 38.59856400986431], [-90.16885940074975, 38.60320346415569], [-90.16868241918205, 38.60770393390031], [-90.16850539809049, 38.61220439948829], [-90.16832833746557, 38.616704860919356], [-90.16815123729772, 38.62120531819316], [-90.16797409757739, 38.62570577130943], [-90.16779691829495, 38.630206220267794], [-90.16761969944088, 38.63470666506797], [-90.16744244100559, 38.63920710570964], [-90.17300364314747, 38.64384646412727], [-90.17282666359999, 38.64834691868183], [-90.17838890046788, 38.65298605432084], [-90.18395185376184, 38.657624948976824], [-90.18951552366053, 38.66226360251709], [-90.1950799103427, 38.666902014808954], [-90.200645013987, 38.67154018571967], [-90.20621083477218, 38.67617811511645], [-90.21177737287698, 38.68081580286656], [-90.21734462848015, 38.68545324883716], [-90.2229126017605, 38.690090452895454], [-90.22865507887754, 38.69022678182468], [-90.23439759481155, 38.69036282917826], [-90.24014014948251, 38.69049859495047], [-90.24605541323987, 38.68613337677085], [-90.2517976862147, 38.68626855773688], [-90.25736804511756, 38.69090420272148], [-90.26311075393669, 38.69103884211091], [-90.26868222818311, 38.695673984376505], [-90.27425442059507, 38.700308883813186], [-90.27999796237877, 38.700442721166475], [-90.28557127047641, 38.70507711728869], [-90.29148516021279, 38.700709550716724], [-90.297228816103, 38.700842542902386], [-90.30280331580018, 38.70547615766316], [-90.30837853409372, 38.710109528957155], [-90.31395447116216, 38.71474265665128], [-90.31378588266769, 38.71924359100243], [-90.31936286061908, 38.72387649197406], [-90.32494055786266, 38.72850914903958], [-90.330518974577, 38.7331415620659], [-90.33626541075455, 38.733272728767844], [-90.3420118843105, 38.73340361338185], [-90.34775839516463, 38.73353421590239], [-90.35333872308522, 38.73816560113835], [-90.35908566820065, 38.73829566025279], [-90.36466711306467, 38.742926539503976], [-90.37024927800739, 38.74755717394432]]}}, {"type": "Feature", "properties": {"route_run_id": "stl_st_louis_downtown_airport_to_st_louis_lambert_2026-01-12_0284", "route_pair": "st_louis_downtown_airport_to_st_louis_lambert", "route_pair_label": "St. Louis Downtown Airport to St. Louis Lambert", "origin_label": "St. Louis Downtown Airport", "destination_label": "St. Louis Lambert International Airport", "origin_lat": 38.5703611, "origin_lon": -90.1550833, "destination_lat": 38.7486982, "destination_lon": -90.3700257, "traffic_date": "2026-01-12", "traffic_dataset": "January 12th - Monday", "weight_id": "w_0284", "distance_weight": 0.9, "population_weight": 0.0, "traffic_weight": 0.0, "airspace_weight": 0.1, "path_nodes": 40, "path_node_ids": [2179, 2147, 2172, 2176, 2200, 2204, 2317, 2340, 2346, 2371, 2391, 2395, 2708, 2713, 2738, 2741, 2745, 2747, 2684, 2687, 3987, 3990, 4016, 4017, 4022, 4029, 4034, 4060, 4064, 5048, 5052, 5076, 5082, 5299, 5304, 5319, 5321, 5357, 5358, 5364], "elapsed_seconds": 0.0031919000030029565, "status": "success", "failure_reason": "", "route_distance_km": 35.06847425714207, "distance_cost_sum": 38.5951237717998, "population_cost_sum": 26.02381511715049, "traffic_cost_sum": 20.11965029009705, "airspace_cost_sum": 33.4, "total_weighted_score": 38.07561139461982}, "geometry": {"type": "LineString", "coordinates": [[-90.15289905765549, 38.57128267769979], [-90.15863172081019, 38.571422085329914], [-90.16418736160693, 38.57606168922697], [-90.16974371606538, 38.58070105309441], [-90.17530078436367, 38.58534017679984], [-90.1808585666797, 38.58997906021084], [-90.18641706319154, 38.594617703194956], [-90.1919762740773, 38.599256105619745], [-90.19753619951499, 38.60389426735269], [-90.20309683968271, 38.60853218826128], [-90.20865819475857, 38.61316986821297], [-90.21422026492066, 38.617807307075225], [-90.21978305034705, 38.62244450471542], [-90.22534655121595, 38.62708146100096], [-90.2309107677055, 38.63171817579922], [-90.2364756999938, 38.63635464897752], [-90.2420413482591, 38.64099088040321], [-90.24760771267954, 38.645626869943555], [-90.25317479343335, 38.65026261746583], [-90.25874259069872, 38.654898122837295], [-90.26431110465388, 38.659533385925144], [-90.26988033547711, 38.664168406596616], [-90.27545028334664, 38.66880318471887], [-90.28102094844074, 38.67343772015905], [-90.28659233093768, 38.67807201278429], [-90.29216443101578, 38.68270606246168], [-90.29773724885335, 38.68733986905835], [-90.30331078462868, 38.69197343244128], [-90.30888503852013, 38.69660675247757], [-90.31446001070607, 38.70123982903419], [-90.32003570136486, 38.70587266197814], [-90.32561211067481, 38.710505251176386], [-90.33118923881437, 38.715137596495865], [-90.3367670859619, 38.719769697803464], [-90.34234565229588, 38.724401554966114], [-90.34792493799469, 38.72903316785066], [-90.35350494323681, 38.73366453632395], [-90.35908566820065, 38.73829566025279], [-90.36466711306467, 38.742926539503976], [-90.37024927800739, 38.74755717394432]]}}, {"type": "Feature", "properties": {"route_run_id": "stl_st_louis_downtown_airport_to_st_louis_lambert_2026-01-12_0087", "route_pair": "st_louis_downtown_airport_to_st_louis_lambert", "route_pair_label": "St. Louis Downtown Airport to St. Louis Lambert", "origin_label": "St. Louis Downtown Airport", "destination_label": "St. Louis Lambert International Airport", "origin_lat": 38.5703611, "origin_lon": -90.1550833, "destination_lat": 38.7486982, "destination_lon": -90.3700257, "traffic_date": "2026-01-12", "traffic_dataset": "January 12th - Monday", "weight_id": "w_0087", "distance_weight": 0.1, "population_weight": 0.2, "traffic_weight": 0.1, "airspace_weight": 0.6, "path_nodes": 40, "path_node_ids": [2179, 2180, 2174, 2199, 2203, 2207, 2341, 2344, 2368, 2374, 2394, 2397, 2712, 2716, 2739, 2746, 2769, 2773, 3985, 3988, 3992, 3994, 4019, 4017, 4022, 4029, 4034, 4060, 4064, 5048, 5052, 5076, 5082, 5299, 5304, 5319, 5321, 5357, 5358, 5364], "elapsed_seconds": 0.051665600010892376, "status": "success", "failure_reason": "", "route_distance_km": 35.06932923764436, "distance_cost_sum": 38.59606473313351, "population_cost_sum": 24.787572976016946, "traffic_cost_sum": 17.839922019494136, "airspace_cost_sum": 33.4, "total_weighted_score": 30.641113270466157}, "geometry": {"type": "LineString", "coordinates": [[-90.15289905765549, 38.57128267769979], [-90.15845430205954, 38.57592253965332], [-90.16401026010618, 38.58056216167], [-90.16956693197352, 38.58520154361737], [-90.17512431783956, 38.5898406853631], [-90.18068241788241, 38.5944795867747], [-90.18624123228014, 38.59911824771971], [-90.19180076121087, 38.60375666806568], [-90.19736100485268, 38.60839484768009], [-90.20292196338367, 38.61303278643038], [-90.2084836369821, 38.617670484184025], [-90.21404602582597, 38.62230794080845], [-90.21960913009349, 38.62694515617101], [-90.22517294996291, 38.63158213013913], [-90.23073748561237, 38.63621886258013], [-90.23630273722006, 38.640855353361346], [-90.24186870496423, 38.645491602350084], [-90.24743538902311, 38.65012760941361], [-90.25300278957496, 38.654763374419176], [-90.25857090679797, 38.65939889723403], [-90.26413974087053, 38.66403417772537], [-90.26970929197084, 38.66866921576039], [-90.27527956027723, 38.67330401120623], [-90.28102094844074, 38.67343772015905], [-90.28659233093768, 38.67807201278429], [-90.29216443101578, 38.68270606246168], [-90.29773724885335, 38.68733986905835], [-90.30331078462868, 38.69197343244128], [-90.30888503852013, 38.69660675247757], [-90.31446001070607, 38.70123982903419], [-90.32003570136486, 38.70587266197814], [-90.32561211067481, 38.710505251176386], [-90.33118923881437, 38.715137596495865], [-90.3367670859619, 38.719769697803464], [-90.34234565229588, 38.724401554966114], [-90.34792493799469, 38.72903316785066], [-90.35350494323681, 38.73366453632395], [-90.35908566820065, 38.73829566025279], [-90.36466711306467, 38.742926539503976], [-90.37024927800739, 38.74755717394432]]}}, {"type": "Feature", "properties": {"route_run_id": "stl_st_louis_downtown_airport_to_st_louis_lambert_2026-01-12_0178", "route_pair": "st_louis_downtown_airport_to_st_louis_lambert", "route_pair_label": "St. Louis Downtown Airport to St. Louis Lambert", "origin_label": "St. Louis Downtown Airport", "destination_label": "St. Louis Lambert International Airport", "origin_lat": 38.5703611, "origin_lon": -90.1550833, "destination_lat": 38.7486982, "destination_lon": -90.3700257, "traffic_date": "2026-01-12", "traffic_dataset": "January 12th - Monday", "weight_id": "w_0178", "distance_weight": 0.3, "population_weight": 0.1, "traffic_weight": 0.2, "airspace_weight": 0.4, "path_nodes": 40, "path_node_ids": [2179, 2180, 2174, 2199, 2203, 2207, 2341, 2344, 2368, 2374, 2394, 2397, 2712, 2716, 2739, 2746, 2769, 2773, 3985, 3988, 3992, 3994, 4019, 4017, 4022, 4029, 4034, 4060, 4064, 5048, 5052, 5076, 5082, 5299, 5304, 5319, 5321, 5357, 5358, 5364], "elapsed_seconds": 0.02085939998505637, "status": "success", "failure_reason": "", "route_distance_km": 35.06932923764436, "distance_cost_sum": 38.59606473313351, "population_cost_sum": 24.787572976016946, "traffic_cost_sum": 17.839922019494136, "airspace_cost_sum": 33.4, "total_weighted_score": 30.985561121440576}, "geometry": {"type": "LineString", "coordinates": [[-90.15289905765549, 38.57128267769979], [-90.15845430205954, 38.57592253965332], [-90.16401026010618, 38.58056216167], [-90.16956693197352, 38.58520154361737], [-90.17512431783956, 38.5898406853631], [-90.18068241788241, 38.5944795867747], [-90.18624123228014, 38.59911824771971], [-90.19180076121087, 38.60375666806568], [-90.19736100485268, 38.60839484768009], [-90.20292196338367, 38.61303278643038], [-90.2084836369821, 38.617670484184025], [-90.21404602582597, 38.62230794080845], [-90.21960913009349, 38.62694515617101], [-90.22517294996291, 38.63158213013913], [-90.23073748561237, 38.63621886258013], [-90.23630273722006, 38.640855353361346], [-90.24186870496423, 38.645491602350084], [-90.24743538902311, 38.65012760941361], [-90.25300278957496, 38.654763374419176], [-90.25857090679797, 38.65939889723403], [-90.26413974087053, 38.66403417772537], [-90.26970929197084, 38.66866921576039], [-90.27527956027723, 38.67330401120623], [-90.28102094844074, 38.67343772015905], [-90.28659233093768, 38.67807201278429], [-90.29216443101578, 38.68270606246168], [-90.29773724885335, 38.68733986905835], [-90.30331078462868, 38.69197343244128], [-90.30888503852013, 38.69660675247757], [-90.31446001070607, 38.70123982903419], [-90.32003570136486, 38.70587266197814], [-90.32561211067481, 38.710505251176386], [-90.33118923881437, 38.715137596495865], [-90.3367670859619, 38.719769697803464], [-90.34234565229588, 38.724401554966114], [-90.34792493799469, 38.72903316785066], [-90.35350494323681, 38.73366453632395], [-90.35908566820065, 38.73829566025279], [-90.36466711306467, 38.742926539503976], [-90.37024927800739, 38.74755717394432]]}}, {"type": "Feature", "properties": {"route_run_id": "stl_st_louis_downtown_airport_to_st_louis_lambert_2026-01-12_0273", "route_pair": "st_louis_downtown_airport_to_st_louis_lambert", "route_pair_label": "St. Louis Downtown Airport to St. Louis Lambert", "origin_label": "St. Louis Downtown Airport", "destination_label": "St. Louis Lambert International Airport", "origin_lat": 38.5703611, "origin_lon": -90.1550833, "destination_lat": 38.7486982, "destination_lon": -90.3700257, "traffic_date": "2026-01-12", "traffic_dataset": "January 12th - Monday", "weight_id": "w_0273", "distance_weight": 0.7, "population_weight": 0.1, "traffic_weight": 0.1, "airspace_weight": 0.1, "path_nodes": 40, "path_node_ids": [2179, 2180, 2174, 2199, 2203, 2207, 2341, 2344, 2368, 2374, 2394, 2397, 2712, 2716, 2739, 2746, 2769, 2773, 3985, 3988, 3992, 3994, 4019, 4020, 4023, 4055, 4059, 4063, 4064, 5048, 5052, 5076, 5082, 5299, 5304, 5319, 5321, 5357, 5358, 5364], "elapsed_seconds": 0.006045999994967133, "status": "success", "failure_reason": "", "route_distance_km": 35.0695243590648, "distance_cost_sum": 38.596279476875054, "population_cost_sum": 23.651108783135093, "traffic_cost_sum": 17.839922019494136, "airspace_cost_sum": 33.8, "total_weighted_score": 34.54649871407546}, "geometry": {"type": "LineString", "coordinates": [[-90.15289905765549, 38.57128267769979], [-90.15845430205954, 38.57592253965332], [-90.16401026010618, 38.58056216167], [-90.16956693197352, 38.58520154361737], [-90.17512431783956, 38.5898406853631], [-90.18068241788241, 38.5944795867747], [-90.18624123228014, 38.59911824771971], [-90.19180076121087, 38.60375666806568], [-90.19736100485268, 38.60839484768009], [-90.20292196338367, 38.61303278643038], [-90.2084836369821, 38.617670484184025], [-90.21404602582597, 38.62230794080845], [-90.21960913009349, 38.62694515617101], [-90.22517294996291, 38.63158213013913], [-90.23073748561237, 38.63621886258013], [-90.23630273722006, 38.640855353361346], [-90.24186870496423, 38.645491602350084], [-90.24743538902311, 38.65012760941361], [-90.25300278957496, 38.654763374419176], [-90.25857090679797, 38.65939889723403], [-90.26413974087053, 38.66403417772537], [-90.26970929197084, 38.66866921576039], [-90.27527956027723, 38.67330401120623], [-90.28085054596801, 38.677938563930056], [-90.28642224922152, 38.68257287379895], [-90.29199467021606, 38.68720694068001], [-90.29756780913004, 38.69184076444029], [-90.3031416661418, 38.696474344946864], [-90.30888503852013, 38.69660675247757], [-90.31446001070607, 38.70123982903419], [-90.32003570136486, 38.70587266197814], [-90.32561211067481, 38.710505251176386], [-90.33118923881437, 38.715137596495865], [-90.3367670859619, 38.719769697803464], [-90.34234565229588, 38.724401554966114], [-90.34792493799469, 38.72903316785066], [-90.35350494323681, 38.73366453632395], [-90.35908566820065, 38.73829566025279], [-90.36466711306467, 38.742926539503976], [-90.37024927800739, 38.74755717394432]]}}, {"type": "Feature", "properties": {"route_run_id": "stl_st_louis_downtown_airport_to_st_louis_lambert_2026-01-12_0272", "route_pair": "st_louis_downtown_airport_to_st_louis_lambert", "route_pair_label": "St. Louis Downtown Airport to St. Louis Lambert", "origin_label": "St. Louis Downtown Airport", "destination_label": "St. Louis Lambert International Airport", "origin_lat": 38.5703611, "origin_lon": -90.1550833, "destination_lat": 38.7486982, "destination_lon": -90.3700257, "traffic_date": "2026-01-12", "traffic_dataset": "January 12th - Monday", "weight_id": "w_0272", "distance_weight": 0.7, "population_weight": 0.1, "traffic_weight": 0.0, "airspace_weight": 0.2, "path_nodes": 40, "path_node_ids": [2179, 2180, 2174, 2199, 2203, 2207, 2341, 2344, 2368, 2374, 2394, 2397, 2712, 2716, 2739, 2746, 2769, 2773, 3985, 3988, 3992, 3994, 4019, 4020, 4023, 4055, 4059, 4063, 4078, 5051, 5075, 5079, 5306, 5303, 5318, 5323, 5346, 5357, 5358, 5364], "elapsed_seconds": 0.006424799998058006, "status": "success", "failure_reason": "", "route_distance_km": 35.06987633323177, "distance_cost_sum": 38.59666684720769, "population_cost_sum": 23.21199613097869, "traffic_cost_sum": 19.031491728664538, "airspace_cost_sum": 33.8, "total_weighted_score": 36.09886640614325}, "geometry": {"type": "LineString", "coordinates": [[-90.15289905765549, 38.57128267769979], [-90.15845430205954, 38.57592253965332], [-90.16401026010618, 38.58056216167], [-90.16956693197352, 38.58520154361737], [-90.17512431783956, 38.5898406853631], [-90.18068241788241, 38.5944795867747], [-90.18624123228014, 38.59911824771971], [-90.19180076121087, 38.60375666806568], [-90.19736100485268, 38.60839484768009], [-90.20292196338367, 38.61303278643038], [-90.2084836369821, 38.617670484184025], [-90.21404602582597, 38.62230794080845], [-90.21960913009349, 38.62694515617101], [-90.22517294996291, 38.63158213013913], [-90.23073748561237, 38.63621886258013], [-90.23630273722006, 38.640855353361346], [-90.24186870496423, 38.645491602350084], [-90.24743538902311, 38.65012760941361], [-90.25300278957496, 38.654763374419176], [-90.25857090679797, 38.65939889723403], [-90.26413974087053, 38.66403417772537], [-90.26970929197084, 38.66866921576039], [-90.27527956027723, 38.67330401120623], [-90.28085054596801, 38.677938563930056], [-90.28642224922152, 38.68257287379895], [-90.29199467021606, 38.68720694068001], [-90.29756780913004, 38.69184076444029], [-90.3031416661418, 38.696474344946864], [-90.3087162414297, 38.701107682066734], [-90.31429153517219, 38.705740775666875], [-90.31986754754767, 38.71037362561428], [-90.32544427873452, 38.71500623177588], [-90.33102172891115, 38.71963859401861], [-90.33659989825608, 38.72427071220935], [-90.34217878694776, 38.72890258621499], [-90.34775839516463, 38.73353421590239], [-90.35333872308522, 38.73816560113835], [-90.35908566820065, 38.73829566025279], [-90.36466711306467, 38.742926539503976], [-90.37024927800739, 38.74755717394432]]}}, {"type": "Feature", "properties": {"route_run_id": "stl_st_louis_downtown_airport_to_st_louis_lambert_2026-01-12_0147", "route_pair": "st_louis_downtown_airport_to_st_louis_lambert", "route_pair_label": "St. Louis Downtown Airport to St. Louis Lambert", "origin_label": "St. Louis Downtown Airport", "destination_label": "St. Louis Lambert International Airport", "origin_lat": 38.5703611, "origin_lon": -90.1550833, "destination_lat": 38.7486982, "destination_lon": -90.3700257, "traffic_date": "2026-01-12", "traffic_dataset": "January 12th - Monday", "weight_id": "w_0147", "distance_weight": 0.2, "population_weight": 0.3, "traffic_weight": 0.1, "airspace_weight": 0.4, "path_nodes": 41, "path_node_ids": [2179, 2180, 2174, 2199, 2203, 2206, 2449, 2345, 2370, 2373, 2398, 2709, 2711, 2714, 2750, 2744, 2770, 2772, 2777, 3989, 3993, 4006, 4008, 4021, 4045, 4047, 4058, 4062, 4077, 4079, 5077, 5081, 5083, 5308, 5316, 5322, 5323, 5346, 5357, 5358, 5364], "elapsed_seconds": 0.037981900008162484, "status": "success", "failure_reason": "", "route_distance_km": 35.44583331001682, "distance_cost_sum": 39.01043181301415, "population_cost_sum": 21.248540131475806, "traffic_cost_sum": 20.670390465623594, "airspace_cost_sum": 34.4, "total_weighted_score": 30.003687448607934}, "geometry": {"type": "LineString", "coordinates": [[-90.15289905765549, 38.57128267769979], [-90.15845430205954, 38.57592253965332], [-90.16401026010618, 38.58056216167], [-90.16956693197352, 38.58520154361737], [-90.17512431783956, 38.5898406853631], [-90.17494781190939, 38.59434118977373], [-90.18050622974906, 38.59898010918833], [-90.18606536210271, 38.60361878809667], [-90.19162520914848, 38.60825722636621], [-90.19718577106451, 38.612895423864465], [-90.20274704802898, 38.61753338045887], [-90.2083090402201, 38.622171096016864], [-90.21387174781604, 38.62680857040582], [-90.21943517099498, 38.631445803493165], [-90.22499930993523, 38.636082795146216], [-90.23056416481495, 38.64071954523234], [-90.2361297358124, 38.64535605361884], [-90.24169602310592, 38.649992320172984], [-90.24726302687371, 38.65462834476206], [-90.25283074729404, 38.65926412725328], [-90.2583991845453, 38.663899667513896], [-90.26396833880578, 38.66853496541107], [-90.26953821025378, 38.673170020811966], [-90.2751087990677, 38.67780483358376], [-90.28068010542587, 38.682439403593555], [-90.28625212950666, 38.68707373070842], [-90.29182487148844, 38.69170781479548], [-90.29739833154962, 38.69634165572174], [-90.30297250986867, 38.70097525335427], [-90.30854740662397, 38.70560860756003], [-90.31412302199392, 38.71024171820601], [-90.31969935615703, 38.71487458515916], [-90.32527640929177, 38.719507208286444], [-90.33085418157658, 38.72413958745472], [-90.33643267319002, 38.72877172253092], [-90.3420118843105, 38.73340361338185], [-90.34775839516463, 38.73353421590239], [-90.35333872308522, 38.73816560113835], [-90.35908566820065, 38.73829566025279], [-90.36466711306467, 38.742926539503976], [-90.37024927800739, 38.74755717394432]]}}, {"type": "Feature", "properties": {"route_run_id": "stl_st_louis_downtown_airport_to_st_louis_lambert_2026-01-12_0112", "route_pair": "st_louis_downtown_airport_to_st_louis_lambert", "route_pair_label": "St. Louis Downtown Airport to St. Louis Lambert", "origin_label": "St. Louis Downtown Airport", "destination_label": "St. Louis Lambert International Airport", "origin_lat": 38.5703611, "origin_lon": -90.1550833, "destination_lat": 38.7486982, "destination_lon": -90.3700257, "traffic_date": "2026-01-12", "traffic_dataset": "January 12th - Monday", "weight_id": "w_0112", "distance_weight": 0.1, "population_weight": 0.6, "traffic_weight": 0.0, "airspace_weight": 0.3, "path_nodes": 54, "path_node_ids": [2179, 2180, 2183, 2186, 2419, 2423, 2448, 2452, 2454, 2457, 2481, 2485, 2808, 2811, 2812, 2816, 2858, 2863, 2864, 2795, 2796, 3899, 3902, 3914, 3948, 3947, 3952, 3940, 3977, 3976, 3941, 4043, 4066, 4067, 4068, 4185, 4187, 4188, 4076, 4075, 4082, 4084, 5080, 5084, 5310, 5311, 5337, 5320, 5322, 5323, 5346, 5357, 5358, 5364], "elapsed_seconds": 0.05129630002193153, "status": "success", "failure_reason": "", "route_distance_km": 41.922986936307204, "distance_cost_sum": 46.13895825139281, "population_cost_sum": 9.018797265828733, "traffic_cost_sum": 40.88441455747947, "airspace_cost_sum": 44.2, "total_weighted_score": 23.285174184636524}, "geometry": {"type": "LineString", "coordinates": [[-90.15289905765549, 38.57128267769979], [-90.15845430205954, 38.57592253965332], [-90.15827684369297, 38.58042298981685], [-90.1580993457009, 38.58492343582021], [-90.15792180807382, 38.58942387766302], [-90.16347871828971, 38.59406355405304], [-90.1690363428032, 38.598702990254786], [-90.17459468179258, 38.60334218613583], [-90.18015373543601, 38.6079811415637], [-90.17997742923725, 38.612481651524796], [-90.17980108366437, 38.616982157334434], [-90.1796246987078, 38.62148265899229], [-90.179448274358, 38.625983156498016], [-90.17353434470424, 38.6303450755264], [-90.17335748369, 38.63484554254923], [-90.17318058317427, 38.63934600541629], [-90.17300364314747, 38.64384646412727], [-90.17856556137721, 38.64848558173427], [-90.17838890046788, 38.65298605432084], [-90.18395185376184, 38.657624948976824], [-90.18951552366053, 38.66226360251709], [-90.1950799103427, 38.666902014808954], [-90.200645013987, 38.67154018571967], [-90.20621083477218, 38.67617811511645], [-90.21177737287698, 38.68081580286656], [-90.21751905445252, 38.68095265114052], [-90.22308670781703, 38.685589837485246], [-90.22882882604138, 38.685726144608395], [-90.23439759481155, 38.69036282917826], [-90.24014014948251, 38.69049859495047], [-90.24605541323987, 38.68613337677085], [-90.2517976862147, 38.68626855773688], [-90.25736804511756, 38.69090420272148], [-90.26311075393669, 38.69103884211091], [-90.26868222818311, 38.695673984376505], [-90.27425442059507, 38.700308883813186], [-90.27999796237877, 38.700442721166475], [-90.28557127047641, 38.70507711728869], [-90.29148516021279, 38.700709550716724], [-90.297228816103, 38.700842542902386], [-90.30280331580018, 38.70547615766316], [-90.30837853409372, 38.710109528957155], [-90.31395447116216, 38.71474265665128], [-90.31378588266769, 38.71924359100243], [-90.31936286061908, 38.72387649197406], [-90.32494055786266, 38.72850914903958], [-90.330518974577, 38.7331415620659], [-90.33626541075455, 38.733272728767844], [-90.3420118843105, 38.73340361338185], [-90.34775839516463, 38.73353421590239], [-90.35333872308522, 38.73816560113835], [-90.35908566820065, 38.73829566025279], [-90.36466711306467, 38.742926539503976], [-90.37024927800739, 38.74755717394432]]}}, {"type": "Feature", "properties": {"route_run_id": "stl_st_louis_downtown_airport_to_st_louis_lambert_2026-01-12_0278", "route_pair": "st_louis_downtown_airport_to_st_louis_lambert", "route_pair_label": "St. Louis Downtown Airport to St. Louis Lambert", "origin_label": "St. Louis Downtown Airport", "destination_label": "St. Louis Lambert International Airport", "origin_lat": 38.5703611, "origin_lon": -90.1550833, "destination_lat": 38.7486982, "destination_lon": -90.3700257, "traffic_date": "2026-01-12", "traffic_dataset": "January 12th - Monday", "weight_id": "w_0278", "distance_weight": 0.8, "population_weight": 0.0, "traffic_weight": 0.0, "airspace_weight": 0.2, "path_nodes": 40, "path_node_ids": [2179, 2147, 2172, 2176, 2200, 2204, 2317, 2340, 2346, 2371, 2391, 2395, 2708, 2713, 2738, 2741, 2745, 2747, 2684, 2687, 3987, 3990, 4016, 4017, 4022, 4029, 4034, 4060, 4064, 5048, 5052, 5076, 5082, 5299, 5304, 5319, 5321, 5357, 5358, 5364], "elapsed_seconds": 0.004956599994329736, "status": "success", "failure_reason": "", "route_distance_km": 35.06847425714207, "distance_cost_sum": 38.5951237717998, "population_cost_sum": 26.02381511715049, "traffic_cost_sum": 20.11965029009705, "airspace_cost_sum": 33.4, "total_weighted_score": 37.55609901743984}, "geometry": {"type": "LineString", "coordinates": [[-90.15289905765549, 38.57128267769979], [-90.15863172081019, 38.571422085329914], [-90.16418736160693, 38.57606168922697], [-90.16974371606538, 38.58070105309441], [-90.17530078436367, 38.58534017679984], [-90.1808585666797, 38.58997906021084], [-90.18641706319154, 38.594617703194956], [-90.1919762740773, 38.599256105619745], [-90.19753619951499, 38.60389426735269], [-90.20309683968271, 38.60853218826128], [-90.20865819475857, 38.61316986821297], [-90.21422026492066, 38.617807307075225], [-90.21978305034705, 38.62244450471542], [-90.22534655121595, 38.62708146100096], [-90.2309107677055, 38.63171817579922], [-90.2364756999938, 38.63635464897752], [-90.2420413482591, 38.64099088040321], [-90.24760771267954, 38.645626869943555], [-90.25317479343335, 38.65026261746583], [-90.25874259069872, 38.654898122837295], [-90.26431110465388, 38.659533385925144], [-90.26988033547711, 38.664168406596616], [-90.27545028334664, 38.66880318471887], [-90.28102094844074, 38.67343772015905], [-90.28659233093768, 38.67807201278429], [-90.29216443101578, 38.68270606246168], [-90.29773724885335, 38.68733986905835], [-90.30331078462868, 38.69197343244128], [-90.30888503852013, 38.69660675247757], [-90.31446001070607, 38.70123982903419], [-90.32003570136486, 38.70587266197814], [-90.32561211067481, 38.710505251176386], [-90.33118923881437, 38.715137596495865], [-90.3367670859619, 38.719769697803464], [-90.34234565229588, 38.724401554966114], [-90.34792493799469, 38.72903316785066], [-90.35350494323681, 38.73366453632395], [-90.35908566820065, 38.73829566025279], [-90.36466711306467, 38.742926539503976], [-90.37024927800739, 38.74755717394432]]}}, {"type": "Feature", "properties": {"route_run_id": "stl_st_louis_downtown_airport_to_st_louis_lambert_2026-01-12_0015", "route_pair": "st_louis_downtown_airport_to_st_louis_lambert", "route_pair_label": "St. Louis Downtown Airport to St. Louis Lambert", "origin_label": "St. Louis Downtown Airport", "destination_label": "St. Louis Lambert International Airport", "origin_lat": 38.5703611, "origin_lon": -90.1550833, "destination_lat": 38.7486982, "destination_lon": -90.3700257, "traffic_date": "2026-01-12", "traffic_dataset": "January 12th - Monday", "weight_id": "w_0015", "distance_weight": 0.0, "population_weight": 0.1, "traffic_weight": 0.3, "airspace_weight": 0.6, "path_nodes": 40, "path_node_ids": [2179, 2180, 2174, 2199, 2203, 2207, 2341, 2344, 2368, 2374, 2394, 2397, 2712, 2716, 2739, 2746, 2769, 2773, 3985, 3988, 3992, 3994, 4019, 4017, 4022, 4029, 4034, 4060, 4064, 5048, 5052, 5076, 5082, 5299, 5304, 5319, 5321, 5357, 5358, 5364], "elapsed_seconds": 0.04381740000098944, "status": "success", "failure_reason": "", "route_distance_km": 35.06932923764436, "distance_cost_sum": 38.59606473313351, "population_cost_sum": 24.787572976016946, "traffic_cost_sum": 17.839922019494136, "airspace_cost_sum": 33.4, "total_weighted_score": 27.87073390344994}, "geometry": {"type": "LineString", "coordinates": [[-90.15289905765549, 38.57128267769979], [-90.15845430205954, 38.57592253965332], [-90.16401026010618, 38.58056216167], [-90.16956693197352, 38.58520154361737], [-90.17512431783956, 38.5898406853631], [-90.18068241788241, 38.5944795867747], [-90.18624123228014, 38.59911824771971], [-90.19180076121087, 38.60375666806568], [-90.19736100485268, 38.60839484768009], [-90.20292196338367, 38.61303278643038], [-90.2084836369821, 38.617670484184025], [-90.21404602582597, 38.62230794080845], [-90.21960913009349, 38.62694515617101], [-90.22517294996291, 38.63158213013913], [-90.23073748561237, 38.63621886258013], [-90.23630273722006, 38.640855353361346], [-90.24186870496423, 38.645491602350084], [-90.24743538902311, 38.65012760941361], [-90.25300278957496, 38.654763374419176], [-90.25857090679797, 38.65939889723403], [-90.26413974087053, 38.66403417772537], [-90.26970929197084, 38.66866921576039], [-90.27527956027723, 38.67330401120623], [-90.28102094844074, 38.67343772015905], [-90.28659233093768, 38.67807201278429], [-90.29216443101578, 38.68270606246168], [-90.29773724885335, 38.68733986905835], [-90.30331078462868, 38.69197343244128], [-90.30888503852013, 38.69660675247757], [-90.31446001070607, 38.70123982903419], [-90.32003570136486, 38.70587266197814], [-90.32561211067481, 38.710505251176386], [-90.33118923881437, 38.715137596495865], [-90.3367670859619, 38.719769697803464], [-90.34234565229588, 38.724401554966114], [-90.34792493799469, 38.72903316785066], [-90.35350494323681, 38.73366453632395], [-90.35908566820065, 38.73829566025279], [-90.36466711306467, 38.742926539503976], [-90.37024927800739, 38.74755717394432]]}}, {"type": "Feature", "properties": {"route_run_id": "stl_st_louis_downtown_airport_to_st_louis_lambert_2026-01-12_0079", "route_pair": "st_louis_downtown_airport_to_st_louis_lambert", "route_pair_label": "St. Louis Downtown Airport to St. Louis Lambert", "origin_label": "St. Louis Downtown Airport", "destination_label": "St. Louis Lambert International Airport", "origin_lat": 38.5703611, "origin_lon": -90.1550833, "destination_lat": 38.7486982, "destination_lon": -90.3700257, "traffic_date": "2026-01-12", "traffic_dataset": "January 12th - Monday", "weight_id": "w_0079", "distance_weight": 0.1, "population_weight": 0.1, "traffic_weight": 0.2, "airspace_weight": 0.6, "path_nodes": 40, "path_node_ids": [2179, 2180, 2174, 2199, 2203, 2207, 2341, 2344, 2368, 2374, 2394, 2397, 2712, 2716, 2739, 2746, 2769, 2773, 3985, 3988, 3992, 3994, 4019, 4017, 4022, 4029, 4034, 4060, 4064, 5048, 5052, 5076, 5082, 5299, 5304, 5319, 5321, 5357, 5358, 5364], "elapsed_seconds": 0.05107990000396967, "status": "success", "failure_reason": "", "route_distance_km": 35.06932923764436, "distance_cost_sum": 38.59606473313351, "population_cost_sum": 24.787572976016946, "traffic_cost_sum": 17.839922019494136, "airspace_cost_sum": 33.4, "total_weighted_score": 29.946348174813878}, "geometry": {"type": "LineString", "coordinates": [[-90.15289905765549, 38.57128267769979], [-90.15845430205954, 38.57592253965332], [-90.16401026010618, 38.58056216167], [-90.16956693197352, 38.58520154361737], [-90.17512431783956, 38.5898406853631], [-90.18068241788241, 38.5944795867747], [-90.18624123228014, 38.59911824771971], [-90.19180076121087, 38.60375666806568], [-90.19736100485268, 38.60839484768009], [-90.20292196338367, 38.61303278643038], [-90.2084836369821, 38.617670484184025], [-90.21404602582597, 38.62230794080845], [-90.21960913009349, 38.62694515617101], [-90.22517294996291, 38.63158213013913], [-90.23073748561237, 38.63621886258013], [-90.23630273722006, 38.640855353361346], [-90.24186870496423, 38.645491602350084], [-90.24743538902311, 38.65012760941361], [-90.25300278957496, 38.654763374419176], [-90.25857090679797, 38.65939889723403], [-90.26413974087053, 38.66403417772537], [-90.26970929197084, 38.66866921576039], [-90.27527956027723, 38.67330401120623], [-90.28102094844074, 38.67343772015905], [-90.28659233093768, 38.67807201278429], [-90.29216443101578, 38.68270606246168], [-90.29773724885335, 38.68733986905835], [-90.30331078462868, 38.69197343244128], [-90.30888503852013, 38.69660675247757], [-90.31446001070607, 38.70123982903419], [-90.32003570136486, 38.70587266197814], [-90.32561211067481, 38.710505251176386], [-90.33118923881437, 38.715137596495865], [-90.3367670859619, 38.719769697803464], [-90.34234565229588, 38.724401554966114], [-90.34792493799469, 38.72903316785066], [-90.35350494323681, 38.73366453632395], [-90.35908566820065, 38.73829566025279], [-90.36466711306467, 38.742926539503976], [-90.37024927800739, 38.74755717394432]]}}, {"type": "Feature", "properties": {"route_run_id": "stl_st_louis_downtown_airport_to_st_louis_lambert_2026-01-12_0156", "route_pair": "st_louis_downtown_airport_to_st_louis_lambert", "route_pair_label": "St. Louis Downtown Airport to St. Louis Lambert", "origin_label": "St. Louis Downtown Airport", "destination_label": "St. Louis Lambert International Airport", "origin_lat": 38.5703611, "origin_lon": -90.1550833, "destination_lat": 38.7486982, "destination_lon": -90.3700257, "traffic_date": "2026-01-12", "traffic_dataset": "January 12th - Monday", "weight_id": "w_0156", "distance_weight": 0.2, "population_weight": 0.4, "traffic_weight": 0.4, "airspace_weight": 0.0, "path_nodes": 47, "path_node_ids": [2179, 2147, 2157, 2170, 2175, 2201, 2313, 2316, 2342, 2347, 2366, 2389, 2392, 2396, 2720, 2721, 2726, 2740, 2678, 2680, 2679, 2676, 2700, 2701, 2704, 3999, 4002, 4027, 4030, 4034, 4059, 4063, 4077, 4082, 4084, 5080, 5084, 5310, 5311, 5337, 5320, 5322, 5323, 5346, 5357, 5358, 5364], "elapsed_seconds": 0.021287099982146174, "status": "success", "failure_reason": "", "route_distance_km": 37.695132275288756, "distance_cost_sum": 41.48593078476573, "population_cost_sum": 16.438822135448255, "traffic_cost_sum": 22.276113042148218, "airspace_cost_sum": 40.4, "total_weighted_score": 23.783160227991736}, "geometry": {"type": "LineString", "coordinates": [[-90.15289905765549, 38.57128267769979], [-90.15863172081019, 38.571422085329914], [-90.16436442357126, 38.57156121262679], [-90.16992046069078, 38.5762005584167], [-90.17547721149117, 38.58083966408426], [-90.1810346761504, 38.585478529497074], [-90.18659285484642, 38.5901171545227], [-90.19215174775724, 38.5947555390287], [-90.19771135506093, 38.5993936828826], [-90.2032716769355, 38.60403158595187], [-90.208832713559, 38.60866924810401], [-90.21439446510948, 38.61330666920645], [-90.21995693176504, 38.61794384912666], [-90.22552011370372, 38.622580787732026], [-90.23125721581627, 38.622716789852504], [-90.23682150967697, 38.62735322783211], [-90.24238651919569, 38.63198942413879], [-90.24795224455062, 38.63662537863984], [-90.2535186859198, 38.64126109120261], [-90.25908584348143, 38.64589656169434], [-90.26482496640844, 38.64603098584028], [-90.27039323682396, 38.650665954435176], [-90.27596222380673, 38.65530068060072], [-90.2815319275348, 38.65993516420402], [-90.2871023481864, 38.664569405112296], [-90.29267348593962, 38.6692034031927], [-90.29824534097261, 38.67383715831237], [-90.29807601476547, 38.67833806599408], [-90.29790665072878, 38.68283896957616], [-90.29773724885335, 38.68733986905835], [-90.29756780913004, 38.69184076444029], [-90.3031416661418, 38.696474344946864], [-90.30297250986867, 38.70097525335427], [-90.30280331580018, 38.70547615766316], [-90.30837853409372, 38.710109528957155], [-90.31395447116216, 38.71474265665128], [-90.31378588266769, 38.71924359100243], [-90.31936286061908, 38.72387649197406], [-90.32494055786266, 38.72850914903958], [-90.330518974577, 38.7331415620659], [-90.33626541075455, 38.733272728767844], [-90.3420118843105, 38.73340361338185], [-90.34775839516463, 38.73353421590239], [-90.35333872308522, 38.73816560113835], [-90.35908566820065, 38.73829566025279], [-90.36466711306467, 38.742926539503976], [-90.37024927800739, 38.74755717394432]]}}, {"type": "Feature", "properties": {"route_run_id": "stl_st_louis_downtown_airport_to_st_louis_lambert_2026-01-12_0211", "route_pair": "st_louis_downtown_airport_to_st_louis_lambert", "route_pair_label": "St. Louis Downtown Airport to St. Louis Lambert", "origin_label": "St. Louis Downtown Airport", "destination_label": "St. Louis Lambert International Airport", "origin_lat": 38.5703611, "origin_lon": -90.1550833, "destination_lat": 38.7486982, "destination_lon": -90.3700257, "traffic_date": "2026-01-12", "traffic_dataset": "January 12th - Monday", "weight_id": "w_0211", "distance_weight": 0.4, "population_weight": 0.1, "traffic_weight": 0.0, "airspace_weight": 0.5, "path_nodes": 40, "path_node_ids": [2179, 2180, 2174, 2199, 2203, 2207, 2341, 2344, 2368, 2374, 2394, 2397, 2712, 2716, 2739, 2746, 2769, 2773, 3985, 3988, 3992, 3994, 4019, 4017, 4022, 4029, 4034, 4060, 4064, 5048, 5052, 5076, 5082, 5299, 5304, 5319, 5321, 5357, 5358, 5364], "elapsed_seconds": 0.017852500022854656, "status": "success", "failure_reason": "", "route_distance_km": 35.06932923764436, "distance_cost_sum": 38.59606473313351, "population_cost_sum": 24.787572976016946, "traffic_cost_sum": 17.839922019494136, "airspace_cost_sum": 33.4, "total_weighted_score": 34.6171831908551}, "geometry": {"type": "LineString", "coordinates": [[-90.15289905765549, 38.57128267769979], [-90.15845430205954, 38.57592253965332], [-90.16401026010618, 38.58056216167], [-90.16956693197352, 38.58520154361737], [-90.17512431783956, 38.5898406853631], [-90.18068241788241, 38.5944795867747], [-90.18624123228014, 38.59911824771971], [-90.19180076121087, 38.60375666806568], [-90.19736100485268, 38.60839484768009], [-90.20292196338367, 38.61303278643038], [-90.2084836369821, 38.617670484184025], [-90.21404602582597, 38.62230794080845], [-90.21960913009349, 38.62694515617101], [-90.22517294996291, 38.63158213013913], [-90.23073748561237, 38.63621886258013], [-90.23630273722006, 38.640855353361346], [-90.24186870496423, 38.645491602350084], [-90.24743538902311, 38.65012760941361], [-90.25300278957496, 38.654763374419176], [-90.25857090679797, 38.65939889723403], [-90.26413974087053, 38.66403417772537], [-90.26970929197084, 38.66866921576039], [-90.27527956027723, 38.67330401120623], [-90.28102094844074, 38.67343772015905], [-90.28659233093768, 38.67807201278429], [-90.29216443101578, 38.68270606246168], [-90.29773724885335, 38.68733986905835], [-90.30331078462868, 38.69197343244128], [-90.30888503852013, 38.69660675247757], [-90.31446001070607, 38.70123982903419], [-90.32003570136486, 38.70587266197814], [-90.32561211067481, 38.710505251176386], [-90.33118923881437, 38.715137596495865], [-90.3367670859619, 38.719769697803464], [-90.34234565229588, 38.724401554966114], [-90.34792493799469, 38.72903316785066], [-90.35350494323681, 38.73366453632395], [-90.35908566820065, 38.73829566025279], [-90.36466711306467, 38.742926539503976], [-90.37024927800739, 38.74755717394432]]}}, {"type": "Feature", "properties": {"route_run_id": "stl_st_louis_downtown_airport_to_st_louis_lambert_2026-01-12_0091", "route_pair": "st_louis_downtown_airport_to_st_louis_lambert", "route_pair_label": "St. Louis Downtown Airport to St. Louis Lambert", "origin_label": "St. Louis Downtown Airport", "destination_label": "St. Louis Lambert International Airport", "origin_lat": 38.5703611, "origin_lon": -90.1550833, "destination_lat": 38.7486982, "destination_lon": -90.3700257, "traffic_date": "2026-01-12", "traffic_dataset": "January 12th - Monday", "weight_id": "w_0091", "distance_weight": 0.1, "population_weight": 0.2, "traffic_weight": 0.5, "airspace_weight": 0.2, "path_nodes": 40, "path_node_ids": [2179, 2180, 2174, 2199, 2203, 2207, 2341, 2344, 2368, 2374, 2394, 2397, 2712, 2716, 2739, 2746, 2769, 2773, 3985, 3988, 3992, 3994, 4019, 4020, 4023, 4055, 4059, 4063, 4064, 5048, 5052, 5076, 5082, 5299, 5304, 5319, 5321, 5357, 5358, 5364], "elapsed_seconds": 0.0483947999891825, "status": "success", "failure_reason": "", "route_distance_km": 35.0695243590648, "distance_cost_sum": 38.596279476875054, "population_cost_sum": 23.651108783135093, "traffic_cost_sum": 17.839922019494136, "airspace_cost_sum": 33.8, "total_weighted_score": 24.26981071406159}, "geometry": {"type": "LineString", "coordinates": [[-90.15289905765549, 38.57128267769979], [-90.15845430205954, 38.57592253965332], [-90.16401026010618, 38.58056216167], [-90.16956693197352, 38.58520154361737], [-90.17512431783956, 38.5898406853631], [-90.18068241788241, 38.5944795867747], [-90.18624123228014, 38.59911824771971], [-90.19180076121087, 38.60375666806568], [-90.19736100485268, 38.60839484768009], [-90.20292196338367, 38.61303278643038], [-90.2084836369821, 38.617670484184025], [-90.21404602582597, 38.62230794080845], [-90.21960913009349, 38.62694515617101], [-90.22517294996291, 38.63158213013913], [-90.23073748561237, 38.63621886258013], [-90.23630273722006, 38.640855353361346], [-90.24186870496423, 38.645491602350084], [-90.24743538902311, 38.65012760941361], [-90.25300278957496, 38.654763374419176], [-90.25857090679797, 38.65939889723403], [-90.26413974087053, 38.66403417772537], [-90.26970929197084, 38.66866921576039], [-90.27527956027723, 38.67330401120623], [-90.28085054596801, 38.677938563930056], [-90.28642224922152, 38.68257287379895], [-90.29199467021606, 38.68720694068001], [-90.29756780913004, 38.69184076444029], [-90.3031416661418, 38.696474344946864], [-90.30888503852013, 38.69660675247757], [-90.31446001070607, 38.70123982903419], [-90.32003570136486, 38.70587266197814], [-90.32561211067481, 38.710505251176386], [-90.33118923881437, 38.715137596495865], [-90.3367670859619, 38.719769697803464], [-90.34234565229588, 38.724401554966114], [-90.34792493799469, 38.72903316785066], [-90.35350494323681, 38.73366453632395], [-90.35908566820065, 38.73829566025279], [-90.36466711306467, 38.742926539503976], [-90.37024927800739, 38.74755717394432]]}}, {"type": "Feature", "properties": {"route_run_id": "stl_st_louis_downtown_airport_to_st_louis_lambert_2026-01-12_0109", "route_pair": "st_louis_downtown_airport_to_st_louis_lambert", "route_pair_label": "St. Louis Downtown Airport to St. Louis Lambert", "origin_label": "St. Louis Downtown Airport", "destination_label": "St. Louis Lambert International Airport", "origin_lat": 38.5703611, "origin_lon": -90.1550833, "destination_lat": 38.7486982, "destination_lon": -90.3700257, "traffic_date": "2026-01-12", "traffic_dataset": "January 12th - Monday", "weight_id": "w_0109", "distance_weight": 0.1, "population_weight": 0.5, "traffic_weight": 0.2, "airspace_weight": 0.2, "path_nodes": 44, "path_node_ids": [2179, 2180, 2174, 2199, 2203, 2206, 2449, 2345, 2370, 2373, 2398, 2709, 2711, 2714, 2750, 2744, 2770, 2772, 2777, 3989, 3988, 3992, 3994, 4019, 4020, 4023, 4055, 4059, 4063, 4077, 4082, 4084, 5080, 5084, 5310, 5311, 5337, 5320, 5322, 5323, 5346, 5357, 5358, 5364], "elapsed_seconds": 0.05157420001341961, "status": "success", "failure_reason": "", "route_distance_km": 36.57207281055306, "distance_cost_sum": 40.24993121641444, "population_cost_sum": 16.402941041735232, "traffic_cost_sum": 23.43756424675925, "airspace_cost_sum": 37.4, "total_weighted_score": 24.39397649186091}, "geometry": {"type": "LineString", "coordinates": [[-90.15289905765549, 38.57128267769979], [-90.15845430205954, 38.57592253965332], [-90.16401026010618, 38.58056216167], [-90.16956693197352, 38.58520154361737], [-90.17512431783956, 38.5898406853631], [-90.17494781190939, 38.59434118977373], [-90.18050622974906, 38.59898010918833], [-90.18606536210271, 38.60361878809667], [-90.19162520914848, 38.60825722636621], [-90.19718577106451, 38.612895423864465], [-90.20274704802898, 38.61753338045887], [-90.2083090402201, 38.622171096016864], [-90.21387174781604, 38.62680857040582], [-90.21943517099498, 38.631445803493165], [-90.22499930993523, 38.636082795146216], [-90.23056416481495, 38.64071954523234], [-90.2361297358124, 38.64535605361884], [-90.24169602310592, 38.649992320172984], [-90.24726302687371, 38.65462834476206], [-90.25283074729404, 38.65926412725328], [-90.25857090679797, 38.65939889723403], [-90.26413974087053, 38.66403417772537], [-90.26970929197084, 38.66866921576039], [-90.27527956027723, 38.67330401120623], [-90.28085054596801, 38.677938563930056], [-90.28642224922152, 38.68257287379895], [-90.29199467021606, 38.68720694068001], [-90.29756780913004, 38.69184076444029], [-90.3031416661418, 38.696474344946864], [-90.30297250986867, 38.70097525335427], [-90.30280331580018, 38.70547615766316], [-90.30837853409372, 38.710109528957155], [-90.31395447116216, 38.71474265665128], [-90.31378588266769, 38.71924359100243], [-90.31936286061908, 38.72387649197406], [-90.32494055786266, 38.72850914903958], [-90.330518974577, 38.7331415620659], [-90.33626541075455, 38.733272728767844], [-90.3420118843105, 38.73340361338185], [-90.34775839516463, 38.73353421590239], [-90.35333872308522, 38.73816560113835], [-90.35908566820065, 38.73829566025279], [-90.36466711306467, 38.742926539503976], [-90.37024927800739, 38.74755717394432]]}}, {"type": "Feature", "properties": {"route_run_id": "stl_st_louis_downtown_airport_to_st_louis_lambert_2026-01-12_0242", "route_pair": "st_louis_downtown_airport_to_st_louis_lambert", "route_pair_label": "St. Louis Downtown Airport to St. Louis Lambert", "origin_label": "St. Louis Downtown Airport", "destination_label": "St. Louis Lambert International Airport", "origin_lat": 38.5703611, "origin_lon": -90.1550833, "destination_lat": 38.7486982, "destination_lon": -90.3700257, "traffic_date": "2026-01-12", "traffic_dataset": "January 12th - Monday", "weight_id": "w_0242", "distance_weight": 0.5, "population_weight": 0.1, "traffic_weight": 0.4, "airspace_weight": 0.0, "path_nodes": 41, "path_node_ids": [2179, 2147, 2157, 2170, 2175, 2201, 2313, 2316, 2342, 2347, 2366, 2389, 2392, 2396, 2724, 2727, 2742, 2743, 2681, 2682, 2685, 3986, 2706, 4015, 4018, 4025, 4030, 4034, 4060, 4064, 5048, 5052, 5076, 5082, 5299, 5304, 5319, 5321, 5357, 5358, 5364], "elapsed_seconds": 0.0065660999971441925, "status": "success", "failure_reason": "", "route_distance_km": 35.4428023380249, "distance_cost_sum": 39.00709603232638, "population_cost_sum": 25.62300990996051, "traffic_cost_sum": 16.78312655842246, "airspace_cost_sum": 34.8, "total_weighted_score": 28.779099630528226}, "geometry": {"type": "LineString", "coordinates": [[-90.15289905765549, 38.57128267769979], [-90.15863172081019, 38.571422085329914], [-90.16436442357126, 38.57156121262679], [-90.16992046069078, 38.5762005584167], [-90.17547721149117, 38.58083966408426], [-90.1810346761504, 38.585478529497074], [-90.18659285484642, 38.5901171545227], [-90.19215174775724, 38.5947555390287], [-90.19771135506093, 38.5993936828826], [-90.2032716769355, 38.60403158595187], [-90.208832713559, 38.60866924810401], [-90.21439446510948, 38.61330666920645], [-90.21995693176504, 38.61794384912666], [-90.22552011370372, 38.622580787732026], [-90.23108401110366, 38.627217484889904], [-90.23664862414297, 38.63185394046768], [-90.24221395299979, 38.63649015433267], [-90.24777999785228, 38.641126126352205], [-90.25334675887852, 38.64576185639355], [-90.25891423625677, 38.65039734432395], [-90.26448243016516, 38.6550325900107], [-90.27005134078189, 38.65966759332096], [-90.27562096828521, 38.66430235412195], [-90.28119131285328, 38.668936872280845], [-90.28676237466442, 38.67357114766479], [-90.29233415389683, 38.67820518014085], [-90.29790665072878, 38.68283896957616], [-90.29773724885335, 38.68733986905835], [-90.30331078462868, 38.69197343244128], [-90.30888503852013, 38.69660675247757], [-90.31446001070607, 38.70123982903419], [-90.32003570136486, 38.70587266197814], [-90.32561211067481, 38.710505251176386], [-90.33118923881437, 38.715137596495865], [-90.3367670859619, 38.719769697803464], [-90.34234565229588, 38.724401554966114], [-90.34792493799469, 38.72903316785066], [-90.35350494323681, 38.73366453632395], [-90.35908566820065, 38.73829566025279], [-90.36466711306467, 38.742926539503976], [-90.37024927800739, 38.74755717394432]]}}, {"type": "Feature", "properties": {"route_run_id": "stl_st_louis_downtown_airport_to_st_louis_lambert_2026-01-12_0191", "route_pair": "st_louis_downtown_airport_to_st_louis_lambert", "route_pair_label": "St. Louis Downtown Airport to St. Louis Lambert", "origin_label": "St. Louis Downtown Airport", "destination_label": "St. Louis Lambert International Airport", "origin_lat": 38.5703611, "origin_lon": -90.1550833, "destination_lat": 38.7486982, "destination_lon": -90.3700257, "traffic_date": "2026-01-12", "traffic_dataset": "January 12th - Monday", "weight_id": "w_0191", "distance_weight": 0.3, "population_weight": 0.3, "traffic_weight": 0.2, "airspace_weight": 0.2, "path_nodes": 40, "path_node_ids": [2179, 2180, 2174, 2199, 2203, 2207, 2341, 2344, 2368, 2374, 2394, 2397, 2712, 2716, 2739, 2746, 2769, 2773, 3985, 3988, 3992, 3994, 4019, 4020, 4023, 4055, 4059, 4063, 4064, 5048, 5052, 5076, 5082, 5299, 5304, 5319, 5321, 5357, 5358, 5364], "elapsed_seconds": 0.018531000008806586, "status": "success", "failure_reason": "", "route_distance_km": 35.0695243590648, "distance_cost_sum": 38.596279476875054, "population_cost_sum": 23.651108783135093, "traffic_cost_sum": 17.839922019494136, "airspace_cost_sum": 33.8, "total_weighted_score": 29.00220088190187}, "geometry": {"type": "LineString", "coordinates": [[-90.15289905765549, 38.57128267769979], [-90.15845430205954, 38.57592253965332], [-90.16401026010618, 38.58056216167], [-90.16956693197352, 38.58520154361737], [-90.17512431783956, 38.5898406853631], [-90.18068241788241, 38.5944795867747], [-90.18624123228014, 38.59911824771971], [-90.19180076121087, 38.60375666806568], [-90.19736100485268, 38.60839484768009], [-90.20292196338367, 38.61303278643038], [-90.2084836369821, 38.617670484184025], [-90.21404602582597, 38.62230794080845], [-90.21960913009349, 38.62694515617101], [-90.22517294996291, 38.63158213013913], [-90.23073748561237, 38.63621886258013], [-90.23630273722006, 38.640855353361346], [-90.24186870496423, 38.645491602350084], [-90.24743538902311, 38.65012760941361], [-90.25300278957496, 38.654763374419176], [-90.25857090679797, 38.65939889723403], [-90.26413974087053, 38.66403417772537], [-90.26970929197084, 38.66866921576039], [-90.27527956027723, 38.67330401120623], [-90.28085054596801, 38.677938563930056], [-90.28642224922152, 38.68257287379895], [-90.29199467021606, 38.68720694068001], [-90.29756780913004, 38.69184076444029], [-90.3031416661418, 38.696474344946864], [-90.30888503852013, 38.69660675247757], [-90.31446001070607, 38.70123982903419], [-90.32003570136486, 38.70587266197814], [-90.32561211067481, 38.710505251176386], [-90.33118923881437, 38.715137596495865], [-90.3367670859619, 38.719769697803464], [-90.34234565229588, 38.724401554966114], [-90.34792493799469, 38.72903316785066], [-90.35350494323681, 38.73366453632395], [-90.35908566820065, 38.73829566025279], [-90.36466711306467, 38.742926539503976], [-90.37024927800739, 38.74755717394432]]}}, {"type": "Feature", "properties": {"route_run_id": "stl_st_louis_downtown_airport_to_st_louis_lambert_2026-01-12_0104", "route_pair": "st_louis_downtown_airport_to_st_louis_lambert", "route_pair_label": "St. Louis Downtown Airport to St. Louis Lambert", "origin_label": "St. Louis Downtown Airport", "destination_label": "St. Louis Lambert International Airport", "origin_lat": 38.5703611, "origin_lon": -90.1550833, "destination_lat": 38.7486982, "destination_lon": -90.3700257, "traffic_date": "2026-01-12", "traffic_dataset": "January 12th - Monday", "weight_id": "w_0104", "distance_weight": 0.1, "population_weight": 0.4, "traffic_weight": 0.3, "airspace_weight": 0.2, "path_nodes": 44, "path_node_ids": [2179, 2180, 2174, 2199, 2203, 2206, 2449, 2345, 2370, 2373, 2398, 2709, 2711, 2714, 2750, 2744, 2770, 2772, 2777, 3989, 3988, 3992, 3994, 4019, 4020, 4023, 4055, 4059, 4063, 4077, 4082, 4084, 5080, 5084, 5310, 5311, 5337, 5320, 5322, 5323, 5346, 5357, 5358, 5364], "elapsed_seconds": 0.050034399988362566, "status": "success", "failure_reason": "", "route_distance_km": 36.57207281055306, "distance_cost_sum": 40.24993121641444, "population_cost_sum": 16.402941041735232, "traffic_cost_sum": 23.43756424675925, "airspace_cost_sum": 37.4, "total_weighted_score": 25.09743881236331}, "geometry": {"type": "LineString", "coordinates": [[-90.15289905765549, 38.57128267769979], [-90.15845430205954, 38.57592253965332], [-90.16401026010618, 38.58056216167], [-90.16956693197352, 38.58520154361737], [-90.17512431783956, 38.5898406853631], [-90.17494781190939, 38.59434118977373], [-90.18050622974906, 38.59898010918833], [-90.18606536210271, 38.60361878809667], [-90.19162520914848, 38.60825722636621], [-90.19718577106451, 38.612895423864465], [-90.20274704802898, 38.61753338045887], [-90.2083090402201, 38.622171096016864], [-90.21387174781604, 38.62680857040582], [-90.21943517099498, 38.631445803493165], [-90.22499930993523, 38.636082795146216], [-90.23056416481495, 38.64071954523234], [-90.2361297358124, 38.64535605361884], [-90.24169602310592, 38.649992320172984], [-90.24726302687371, 38.65462834476206], [-90.25283074729404, 38.65926412725328], [-90.25857090679797, 38.65939889723403], [-90.26413974087053, 38.66403417772537], [-90.26970929197084, 38.66866921576039], [-90.27527956027723, 38.67330401120623], [-90.28085054596801, 38.677938563930056], [-90.28642224922152, 38.68257287379895], [-90.29199467021606, 38.68720694068001], [-90.29756780913004, 38.69184076444029], [-90.3031416661418, 38.696474344946864], [-90.30297250986867, 38.70097525335427], [-90.30280331580018, 38.70547615766316], [-90.30837853409372, 38.710109528957155], [-90.31395447116216, 38.71474265665128], [-90.31378588266769, 38.71924359100243], [-90.31936286061908, 38.72387649197406], [-90.32494055786266, 38.72850914903958], [-90.330518974577, 38.7331415620659], [-90.33626541075455, 38.733272728767844], [-90.3420118843105, 38.73340361338185], [-90.34775839516463, 38.73353421590239], [-90.35333872308522, 38.73816560113835], [-90.35908566820065, 38.73829566025279], [-90.36466711306467, 38.742926539503976], [-90.37024927800739, 38.74755717394432]]}}, {"type": "Feature", "properties": {"route_run_id": "stl_st_louis_downtown_airport_to_st_louis_lambert_2026-01-12_0040", "route_pair": "st_louis_downtown_airport_to_st_louis_lambert", "route_pair_label": "St. Louis Downtown Airport to St. Louis Lambert", "origin_label": "St. Louis Downtown Airport", "destination_label": "St. Louis Lambert International Airport", "origin_lat": 38.5703611, "origin_lon": -90.1550833, "destination_lat": 38.7486982, "destination_lon": -90.3700257, "traffic_date": "2026-01-12", "traffic_dataset": "January 12th - Monday", "weight_id": "w_0040", "distance_weight": 0.0, "population_weight": 0.4, "traffic_weight": 0.1, "airspace_weight": 0.5, "path_nodes": 43, "path_node_ids": [2179, 2180, 2174, 2199, 2203, 2206, 2449, 2345, 2370, 2373, 2398, 2709, 2711, 2714, 2750, 2744, 2770, 2772, 2777, 3989, 3993, 4006, 4008, 4021, 4045, 4047, 4058, 4062, 4075, 4082, 4084, 5080, 5084, 5310, 5311, 5337, 5320, 5322, 5323, 5346, 5357, 5358, 5364], "elapsed_seconds": 0.04544060002081096, "status": "success", "failure_reason": "", "route_distance_km": 36.19706506082596, "distance_cost_sum": 39.83721093637107, "population_cost_sum": 17.31210242086407, "traffic_cost_sum": 23.35796935384401, "airspace_cost_sum": 36.4, "total_weighted_score": 27.46063790373003}, "geometry": {"type": "LineString", "coordinates": [[-90.15289905765549, 38.57128267769979], [-90.15845430205954, 38.57592253965332], [-90.16401026010618, 38.58056216167], [-90.16956693197352, 38.58520154361737], [-90.17512431783956, 38.5898406853631], [-90.17494781190939, 38.59434118977373], [-90.18050622974906, 38.59898010918833], [-90.18606536210271, 38.60361878809667], [-90.19162520914848, 38.60825722636621], [-90.19718577106451, 38.612895423864465], [-90.20274704802898, 38.61753338045887], [-90.2083090402201, 38.622171096016864], [-90.21387174781604, 38.62680857040582], [-90.21943517099498, 38.631445803493165], [-90.22499930993523, 38.636082795146216], [-90.23056416481495, 38.64071954523234], [-90.2361297358124, 38.64535605361884], [-90.24169602310592, 38.649992320172984], [-90.24726302687371, 38.65462834476206], [-90.25283074729404, 38.65926412725328], [-90.2583991845453, 38.663899667513896], [-90.26396833880578, 38.66853496541107], [-90.26953821025378, 38.673170020811966], [-90.2751087990677, 38.67780483358376], [-90.28068010542587, 38.682439403593555], [-90.28625212950666, 38.68707373070842], [-90.29182487148844, 38.69170781479548], [-90.29739833154962, 38.69634165572174], [-90.297228816103, 38.700842542902386], [-90.30280331580018, 38.70547615766316], [-90.30837853409372, 38.710109528957155], [-90.31395447116216, 38.71474265665128], [-90.31378588266769, 38.71924359100243], [-90.31936286061908, 38.72387649197406], [-90.32494055786266, 38.72850914903958], [-90.330518974577, 38.7331415620659], [-90.33626541075455, 38.733272728767844], [-90.3420118843105, 38.73340361338185], [-90.34775839516463, 38.73353421590239], [-90.35333872308522, 38.73816560113835], [-90.35908566820065, 38.73829566025279], [-90.36466711306467, 38.742926539503976], [-90.37024927800739, 38.74755717394432]]}}]}