route_run_id,route_pair,route_pair_label,weight_id,distance_weight,population_weight,traffic_weight,airspace_weight,route_distance_km,total_weighted_score,path_nodes,edit_distance_cluster,edit_distance_cluster_source
stl_midamerica_to_st_louis_lambert_2025-07-14_0001,midamerica_to_st_louis_lambert,MidAmerica to St. Louis Lambert,w_0001,0.0,0.0,0.0,1.0,101.1282553793329,45.20000000000003,118,edit_033,edit_030
stl_midamerica_to_st_louis_lambert_2025-07-14_0002,midamerica_to_st_louis_lambert,MidAmerica to St. Louis Lambert,w_0002,0.0,0.0,0.1,0.9,120.68200162436293,41.75353136219453,144,edit_034,edit_031
stl_midamerica_to_st_louis_lambert_2025-07-14_0003,midamerica_to_st_louis_lambert,MidAmerica to St. Louis Lambert,w_0003,0.0,0.0,0.2,0.8,129.98944280294904,37.88912830645096,153,edit_014,edit_014
stl_midamerica_to_st_louis_lambert_2025-07-14_0004,midamerica_to_st_louis_lambert,MidAmerica to St. Louis Lambert,w_0004,0.0,0.0,0.3,0.7,129.98944280294904,33.733692459676405,153,edit_014,edit_014
stl_midamerica_to_st_louis_lambert_2025-07-14_0005,midamerica_to_st_louis_lambert,MidAmerica to St. Louis Lambert,w_0005,0.0,0.0,0.4,0.6,129.98944280294904,29.57825661290187,153,edit_014,edit_014
stl_midamerica_to_st_louis_lambert_2025-07-14_0006,midamerica_to_st_louis_lambert,MidAmerica to St. Louis Lambert,w_0006,0.0,0.0,0.5,0.5,129.98944280294904,25.42282076612733,153,edit_014,edit_014
stl_midamerica_to_st_louis_lambert_2025-07-14_0007,midamerica_to_st_louis_lambert,MidAmerica to St. Louis Lambert,w_0007,0.0,0.0,0.6,0.4,129.98885821479178,21.23208112347472,153,edit_014,edit_014
stl_midamerica_to_st_louis_lambert_2025-07-14_0008,midamerica_to_st_louis_lambert,MidAmerica to St. Louis Lambert,w_0008,0.0,0.0,0.7,0.3,129.98885821479178,17.004094644053836,153,edit_014,edit_014
stl_midamerica_to_st_louis_lambert_2025-07-14_0009,midamerica_to_st_louis_lambert,MidAmerica to St. Louis Lambert,w_0009,0.0,0.0,0.8,0.2,130.36474753651854,12.65159460969041,154,edit_014,edit_014
stl_midamerica_to_st_louis_lambert_2025-07-14_0010,midamerica_to_st_louis_lambert,MidAmerica to St. Louis Lambert,w_0010,0.0,0.0,0.9,0.1,124.02164650772542,7.784171029876202,147,edit_035,edit_032
stl_midamerica_to_st_louis_lambert_2025-07-14_0011,midamerica_to_st_louis_lambert,MidAmerica to St. Louis Lambert,w_0011,0.0,0.0,1.0,0.0,94.44409304998868,2.401210150108541,109,edit_036,edit_033
stl_midamerica_to_st_louis_lambert_2025-07-14_0012,midamerica_to_st_louis_lambert,MidAmerica to St. Louis Lambert,w_0012,0.0,0.1,0.0,0.9,123.78743182781092,42.80242512289047,149,edit_015,edit_015
stl_midamerica_to_st_louis_lambert_2025-07-14_0013,midamerica_to_st_louis_lambert,MidAmerica to St. Louis Lambert,w_0013,0.0,0.1,0.1,0.8,136.6987407298184,38.9957978303768,165,edit_003,edit_001
stl_midamerica_to_st_louis_lambert_2025-07-14_0014,midamerica_to_st_louis_lambert,MidAmerica to St. Louis Lambert,w_0014,0.0,0.1,0.2,0.7,136.16282568495575,35.11166104354598,165,edit_003,edit_001
stl_midamerica_to_st_louis_lambert_2025-07-14_0015,midamerica_to_st_louis_lambert,MidAmerica to St. Louis Lambert,w_0015,0.0,0.1,0.3,0.6,154.99571286743696,30.969262214914107,187,edit_013,edit_010
stl_midamerica_to_st_louis_lambert_2025-07-14_0016,midamerica_to_st_louis_lambert,MidAmerica to St. Louis Lambert,w_0016,0.0,0.1,0.4,0.5,154.99571286743696,26.81382636813957,187,edit_013,edit_010
stl_midamerica_to_st_louis_lambert_2025-07-14_0017,midamerica_to_st_louis_lambert,MidAmerica to St. Louis Lambert,w_0017,0.0,0.1,0.5,0.4,154.4601970573833,22.618692673848592,187,edit_013,edit_010
stl_midamerica_to_st_louis_lambert_2025-07-14_0018,midamerica_to_st_louis_lambert,MidAmerica to St. Louis Lambert,w_0018,0.0,0.1,0.6,0.3,154.4601970573833,18.39070619442771,187,edit_013,edit_010
stl_midamerica_to_st_louis_lambert_2025-07-14_0019,midamerica_to_st_louis_lambert,MidAmerica to St. Louis Lambert,w_0019,0.0,0.1,0.7,0.2,155.36991551249855,14.147619114159832,188,edit_013,edit_010
stl_midamerica_to_st_louis_lambert_2025-07-14_0020,midamerica_to_st_louis_lambert,MidAmerica to St. Louis Lambert,w_0020,0.0,0.1,0.8,0.1,154.91438441672557,9.7645594080427,188,edit_013,edit_010
stl_midamerica_to_st_louis_lambert_2025-07-14_0021,midamerica_to_st_louis_lambert,MidAmerica to St. Louis Lambert,w_0021,0.0,0.1,0.9,0.0,144.0866254131552,4.73909507411858,176,edit_003,edit_001
stl_midamerica_to_st_louis_lambert_2025-07-14_0022,midamerica_to_st_louis_lambert,MidAmerica to St. Louis Lambert,w_0022,0.0,0.2,0.0,0.8,123.78743182781092,39.80485024578092,149,edit_015,edit_015
stl_midamerica_to_st_louis_lambert_2025-07-14_0023,midamerica_to_st_louis_lambert,MidAmerica to St. Louis Lambert,w_0023,0.0,0.2,0.1,0.7,136.6987407298184,36.008068566321285,165,edit_003,edit_001
stl_midamerica_to_st_louis_lambert_2025-07-14_0024,midamerica_to_st_louis_lambert,MidAmerica to St. Louis Lambert,w_0024,0.0,0.2,0.2,0.6,136.6987407298184,32.19159566075356,165,edit_003,edit_001
stl_midamerica_to_st_louis_lambert_2025-07-14_0025,midamerica_to_st_louis_lambert,MidAmerica to St. Louis Lambert,w_0025,0.0,0.2,0.3,0.5,136.16282568495575,28.15525109717702,165,edit_003,edit_001
stl_midamerica_to_st_louis_lambert_2025-07-14_0026,midamerica_to_st_louis_lambert,MidAmerica to St. Louis Lambert,w_0026,0.0,0.2,0.4,0.4,135.0918285948731,23.976727784945123,165,edit_003,edit_001
stl_midamerica_to_st_louis_lambert_2025-07-14_0027,midamerica_to_st_louis_lambert,MidAmerica to St. Louis Lambert,w_0027,0.0,0.2,0.5,0.3,135.0918285948731,19.77424471713228,165,edit_003,edit_001
stl_midamerica_to_st_louis_lambert_2025-07-14_0028,midamerica_to_st_louis_lambert,MidAmerica to St. Louis Lambert,w_0028,0.0,0.2,0.6,0.2,154.00466596161033,15.503105854467131,187,edit_013,edit_010
stl_midamerica_to_st_louis_lambert_2025-07-14_0029,midamerica_to_st_louis_lambert,MidAmerica to St. Louis Lambert,w_0029,0.0,0.2,0.7,0.1,138.80590868857269,10.99245200049749,169,edit_003,edit_001
stl_midamerica_to_st_louis_lambert_2025-07-14_0030,midamerica_to_st_louis_lambert,MidAmerica to St. Louis Lambert,w_0030,0.0,0.2,0.8,0.0,140.08542135900996,6.153507853361511,171,edit_003,edit_001
stl_midamerica_to_st_louis_lambert_2025-07-14_0031,midamerica_to_st_louis_lambert,MidAmerica to St. Louis Lambert,w_0031,0.0,0.3,0.0,0.7,123.78743182781092,36.80727536867136,149,edit_015,edit_015
stl_midamerica_to_st_louis_lambert_2025-07-14_0032,midamerica_to_st_louis_lambert,MidAmerica to St. Louis Lambert,w_0032,0.0,0.3,0.1,0.6,136.6987407298184,33.02033930226577,165,edit_003,edit_001
stl_midamerica_to_st_louis_lambert_2025-07-14_0033,midamerica_to_st_louis_lambert,MidAmerica to St. Louis Lambert,w_0033,0.0,0.3,0.2,0.5,136.6987407298184,29.20386639669805,165,edit_003,edit_001
stl_midamerica_to_st_louis_lambert_2025-07-14_0034,midamerica_to_st_louis_lambert,MidAmerica to St. Louis Lambert,w_0034,0.0,0.3,0.3,0.4,135.7046376497972,25.2554415427437,165,edit_003,edit_001
stl_midamerica_to_st_louis_lambert_2025-07-14_0035,midamerica_to_st_louis_lambert,MidAmerica to St. Louis Lambert,w_0035,0.0,0.3,0.4,0.3,135.70296624765598,20.978654670941104,165,edit_003,edit_001
stl_midamerica_to_st_louis_lambert_2025-07-14_0036,midamerica_to_st_louis_lambert,MidAmerica to St. Louis Lambert,w_0036,0.0,0.3,0.5,0.2,135.70296624765598,16.66383077173735,165,edit_003,edit_001
stl_midamerica_to_st_louis_lambert_2025-07-14_0037,midamerica_to_st_louis_lambert,MidAmerica to St. Louis Lambert,w_0037,0.0,0.3,0.6,0.1,138.8057504428918,12.123918651874154,169,edit_003,edit_001
stl_midamerica_to_st_louis_lambert_2025-07-14_0038,midamerica_to_st_louis_lambert,MidAmerica to St. Louis Lambert,w_0038,0.0,0.3,0.7,0.0,165.15671898507824,6.574531235414879,202,edit_007,edit_005
stl_midamerica_to_st_louis_lambert_2025-07-14_0039,midamerica_to_st_louis_lambert,MidAmerica to St. Louis Lambert,w_0039,0.0,0.4,0.0,0.6,123.33169097241432,33.80889244568416,149,edit_015,edit_015
stl_midamerica_to_st_louis_lambert_2025-07-14_0040,midamerica_to_st_louis_lambert,MidAmerica to St. Louis Lambert,w_0040,0.0,0.4,0.1,0.5,136.77747288258698,29.990109505174345,165,edit_003,edit_001
stl_midamerica_to_st_louis_lambert_2025-07-14_0041,midamerica_to_st_louis_lambert,MidAmerica to St. Louis Lambert,w_0041,0.0,0.4,0.2,0.4,136.2432096340454,26.12368631081541,165,edit_003,edit_001
stl_midamerica_to_st_louis_lambert_2025-07-14_0042,midamerica_to_st_louis_lambert,MidAmerica to St. Louis Lambert,w_0042,0.0,0.4,0.3,0.3,135.70296624765598,22.106128659396887,165,edit_003,edit_001
stl_midamerica_to_st_louis_lambert_2025-07-14_0043,midamerica_to_st_louis_lambert,MidAmerica to St. Louis Lambert,w_0043,0.0,0.4,0.4,0.2,138.4313383150536,17.788754417157833,168,edit_003,edit_001
stl_midamerica_to_st_louis_lambert_2025-07-14_0044,midamerica_to_st_louis_lambert,MidAmerica to St. Louis Lambert,w_0044,0.0,0.4,0.5,0.1,154.59602018295968,12.527277033623673,188,edit_007,edit_005
stl_midamerica_to_st_louis_lambert_2025-07-14_0045,midamerica_to_st_louis_lambert,MidAmerica to St. Louis Lambert,w_0045,0.0,0.4,0.6,0.0,165.15671898507824,6.55055468306826,202,edit_007,edit_005
stl_midamerica_to_st_louis_lambert_2025-07-14_0046,midamerica_to_st_louis_lambert,MidAmerica to St. Louis Lambert,w_0046,0.0,0.5,0.0,0.5,125.25875002886497,30.35221082428001,150,edit_026,edit_023
stl_midamerica_to_st_louis_lambert_2025-07-14_0047,midamerica_to_st_louis_lambert,MidAmerica to St. Louis Lambert,w_0047,0.0,0.5,0.1,0.4,137.3126417161554,26.85057242575528,165,edit_003,edit_001
stl_midamerica_to_st_louis_lambert_2025-07-14_0048,midamerica_to_st_louis_lambert,MidAmerica to St. Louis Lambert,w_0048,0.0,0.5,0.2,0.3,136.24153823190417,22.931862769381134,165,edit_003,edit_001
stl_midamerica_to_st_louis_lambert_2025-07-14_0049,midamerica_to_st_louis_lambert,MidAmerica to St. Louis Lambert,w_0049,0.0,0.5,0.3,0.2,151.6617514091947,18.01660539387068,186,edit_007,edit_005
stl_midamerica_to_st_louis_lambert_2025-07-14_0050,midamerica_to_st_louis_lambert,MidAmerica to St. Louis Lambert,w_0050,0.0,0.5,0.4,0.1,153.47289101295837,12.42513844472947,188,edit_007,edit_005
stl_midamerica_to_st_louis_lambert_2025-07-14_0051,midamerica_to_st_louis_lambert,MidAmerica to St. Louis Lambert,w_0051,0.0,0.5,0.5,0.0,165.15667771324863,6.525601724444968,202,edit_007,edit_005
stl_midamerica_to_st_louis_lambert_2025-07-14_0052,midamerica_to_st_louis_lambert,MidAmerica to St. Louis Lambert,w_0052,0.0,0.6,0.0,0.4,124.71624154096402,26.335843625231465,150,edit_026,edit_023
stl_midamerica_to_st_louis_lambert_2025-07-14_0053,midamerica_to_st_louis_lambert,MidAmerica to St. Louis Lambert,w_0053,0.0,0.6,0.1,0.3,139.8225920038174,23.1997604261454,171,edit_027,edit_024
stl_midamerica_to_st_louis_lambert_2025-07-14_0054,midamerica_to_st_louis_lambert,MidAmerica to St. Louis Lambert,w_0054,0.0,0.6,0.2,0.2,151.6617514091947,17.819689731647728,186,edit_007,edit_005
stl_midamerica_to_st_louis_lambert_2025-07-14_0055,midamerica_to_st_louis_lambert,MidAmerica to St. Louis Lambert,w_0055,0.0,0.6,0.3,0.1,153.47347270369823,12.28442626993634,188,edit_007,edit_005
stl_midamerica_to_st_louis_lambert_2025-07-14_0056,midamerica_to_st_louis_lambert,MidAmerica to St. Louis Lambert,w_0056,0.0,0.6,0.4,0.0,164.0335898150769,6.45166754265302,202,edit_007,edit_005
stl_midamerica_to_st_louis_lambert_2025-07-14_0057,midamerica_to_st_louis_lambert,MidAmerica to St. Louis Lambert,w_0057,0.0,0.7,0.0,0.3,124.71624154096402,22.22515089610336,150,edit_026,edit_023
stl_midamerica_to_st_louis_lambert_2025-07-14_0058,midamerica_to_st_louis_lambert,MidAmerica to St. Louis Lambert,w_0058,0.0,0.7,0.1,0.2,139.8225920038174,17.559242008247846,171,edit_027,edit_024
stl_midamerica_to_st_louis_lambert_2025-07-14_0059,midamerica_to_st_louis_lambert,MidAmerica to St. Louis Lambert,w_0059,0.0,0.7,0.2,0.1,152.5873941908192,12.118700603686882,188,edit_007,edit_005
stl_midamerica_to_st_louis_lambert_2025-07-14_0060,midamerica_to_st_louis_lambert,MidAmerica to St. Louis Lambert,w_0060,0.0,0.7,0.3,0.0,164.0335898150769,6.371576373846398,202,edit_007,edit_005
stl_midamerica_to_st_louis_lambert_2025-07-14_0061,midamerica_to_st_louis_lambert,MidAmerica to St. Louis Lambert,w_0061,0.0,0.8,0.0,0.2,138.58768842049477,17.18982623210607,170,edit_015,edit_015
stl_midamerica_to_st_louis_lambert_2025-07-14_0062,midamerica_to_st_louis_lambert,MidAmerica to St. Louis Lambert,w_0062,0.0,0.8,0.1,0.1,142.14426726296614,11.890743225019085,172,edit_027,edit_024
stl_midamerica_to_st_louis_lambert_2025-07-14_0063,midamerica_to_st_louis_lambert,MidAmerica to St. Louis Lambert,w_0063,0.0,0.8,0.2,0.0,164.90421899092107,6.212667291426191,201,edit_007,edit_005
stl_midamerica_to_st_louis_lambert_2025-07-14_0064,midamerica_to_st_louis_lambert,MidAmerica to St. Louis Lambert,w_0064,0.0,0.9,0.0,0.1,138.58768842049477,11.53855451111932,170,edit_015,edit_015
stl_midamerica_to_st_louis_lambert_2025-07-14_0065,midamerica_to_st_louis_lambert,MidAmerica to St. Louis Lambert,w_0065,0.0,0.9,0.1,0.0,159.98345033082757,5.864597342484794,195,edit_037,edit_034
stl_midamerica_to_st_louis_lambert_2025-07-14_0066,midamerica_to_st_louis_lambert,MidAmerica to St. Louis Lambert,w_0066,0.0,1.0,0.0,0.0,157.4707573877159,5.085566711516135,192,edit_038,edit_035
stl_midamerica_to_st_louis_lambert_2025-07-14_0067,midamerica_to_st_louis_lambert,MidAmerica to St. Louis Lambert,w_0067,0.1,0.0,0.0,0.9,71.90057520712594,49.49312327714821,96,edit_011,edit_036
stl_midamerica_to_st_louis_lambert_2025-07-14_0068,midamerica_to_st_louis_lambert,MidAmerica to St. Louis Lambert,w_0068,0.1,0.0,0.1,0.8,75.64054739347988,46.62832265064273,96,edit_028,edit_025
stl_midamerica_to_st_louis_lambert_2025-07-14_0069,midamerica_to_st_louis_lambert,MidAmerica to St. Louis Lambert,w_0069,0.1,0.0,0.2,0.7,76.70620845323687,43.28710374876925,96,edit_028,edit_025
stl_midamerica_to_st_louis_lambert_2025-07-14_0070,midamerica_to_st_louis_lambert,MidAmerica to St. Louis Lambert,w_0070,0.1,0.0,0.3,0.6,77.25280086361778,39.77851971054898,96,edit_002,edit_008
stl_midamerica_to_st_louis_lambert_2025-07-14_0071,midamerica_to_st_louis_lambert,MidAmerica to St. Louis Lambert,w_0071,0.1,0.0,0.4,0.5,75.65653995964541,35.675279385184,96,edit_002,edit_008
stl_midamerica_to_st_louis_lambert_2025-07-14_0072,midamerica_to_st_louis_lambert,MidAmerica to St. Louis Lambert,w_0072,0.1,0.0,0.5,0.4,75.65653995964541,31.39747635955397,96,edit_002,edit_008
stl_midamerica_to_st_louis_lambert_2025-07-14_0073,midamerica_to_st_louis_lambert,MidAmerica to St. Louis Lambert,w_0073,0.1,0.0,0.6,0.3,74.59112005463895,27.04137596325099,96,edit_002,edit_008
stl_midamerica_to_st_louis_lambert_2025-07-14_0074,midamerica_to_st_louis_lambert,MidAmerica to St. Louis Lambert,w_0074,0.1,0.0,0.7,0.2,81.85929728469908,22.32141554576559,101,edit_023,edit_016
stl_midamerica_to_st_louis_lambert_2025-07-14_0075,midamerica_to_st_louis_lambert,MidAmerica to St. Louis Lambert,w_0075,0.1,0.0,0.8,0.1,82.9136356504971,17.19099088827693,101,edit_023,edit_016
stl_midamerica_to_st_louis_lambert_2025-07-14_0076,midamerica_to_st_louis_lambert,MidAmerica to St. Louis Lambert,w_0076,0.1,0.0,0.9,0.0,86.00810618193418,11.82991932314219,105,edit_023,edit_016
stl_midamerica_to_st_louis_lambert_2025-07-14_0077,midamerica_to_st_louis_lambert,MidAmerica to St. Louis Lambert,w_0077,0.1,0.1,0.0,0.8,74.42461752704692,47.89368615676638,97,edit_016,edit_017
stl_midamerica_to_st_louis_lambert_2025-07-14_0078,midamerica_to_st_louis_lambert,MidAmerica to St. Louis Lambert,w_0078,0.1,0.1,0.1,0.7,78.69216030746347,45.41221101117295,97,edit_039,edit_037
stl_midamerica_to_st_louis_lambert_2025-07-14_0079,midamerica_to_st_louis_lambert,MidAmerica to St. Louis Lambert,w_0079,0.1,0.1,0.2,0.6,77.09740364439503,41.6642392917469,97,edit_006,edit_002
stl_midamerica_to_st_louis_lambert_2025-07-14_0080,midamerica_to_st_louis_lambert,MidAmerica to St. Louis Lambert,w_0080,0.1,0.1,0.3,0.5,76.5662930401423,37.70852689513893,97,edit_006,edit_002
stl_midamerica_to_st_louis_lambert_2025-07-14_0081,midamerica_to_st_louis_lambert,MidAmerica to St. Louis Lambert,w_0081,0.1,0.1,0.4,0.4,76.0351879515404,33.561037822044234,97,edit_006,edit_002
stl_midamerica_to_st_louis_lambert_2025-07-14_0082,midamerica_to_st_louis_lambert,MidAmerica to St. Louis Lambert,w_0082,0.1,0.1,0.5,0.3,74.96976804653391,29.31283051092637,97,edit_006,edit_002
stl_midamerica_to_st_louis_lambert_2025-07-14_0083,midamerica_to_st_louis_lambert,MidAmerica to St. Louis Lambert,w_0083,0.1,0.1,0.6,0.2,84.20481826122455,24.81587744548072,103,edit_020,edit_018
stl_midamerica_to_st_louis_lambert_2025-07-14_0084,midamerica_to_st_louis_lambert,MidAmerica to St. Louis Lambert,w_0084,0.1,0.1,0.7,0.1,84.20481826122455,19.71659547587406,103,edit_020,edit_018
stl_midamerica_to_st_louis_lambert_2025-07-14_0085,midamerica_to_st_louis_lambert,MidAmerica to St. Louis Lambert,w_0085,0.1,0.1,0.8,0.0,85.1066741660595,14.509579664792533,104,edit_020,edit_018
stl_midamerica_to_st_louis_lambert_2025-07-14_0086,midamerica_to_st_louis_lambert,MidAmerica to St. Louis Lambert,w_0086,0.1,0.2,0.0,0.7,74.42461752704692,45.296461856285696,97,edit_016,edit_017
stl_midamerica_to_st_louis_lambert_2025-07-14_0087,midamerica_to_st_louis_lambert,MidAmerica to St. Louis Lambert,w_0087,0.1,0.2,0.1,0.6,77.09944202609978,42.92551850691813,97,edit_006,edit_002
stl_midamerica_to_st_louis_lambert_2025-07-14_0088,midamerica_to_st_louis_lambert,MidAmerica to St. Louis Lambert,w_0088,0.1,0.2,0.2,0.5,77.10096765041901,39.08992185925463,97,edit_006,edit_002
stl_midamerica_to_st_louis_lambert_2025-07-14_0089,midamerica_to_st_louis_lambert,MidAmerica to St. Louis Lambert,w_0089,0.1,0.2,0.3,0.4,77.1037911894865,35.09715758302603,97,edit_006,edit_002
stl_midamerica_to_st_louis_lambert_2025-07-14_0090,midamerica_to_st_louis_lambert,MidAmerica to St. Louis Lambert,w_0090,0.1,0.2,0.4,0.3,76.03837128448004,30.90003966954989,97,edit_006,edit_002
stl_midamerica_to_st_louis_lambert_2025-07-14_0091,midamerica_to_st_louis_lambert,MidAmerica to St. Louis Lambert,w_0091,0.1,0.2,0.5,0.2,80.94992760321158,26.34399846214464,103,edit_009,edit_006
stl_midamerica_to_st_louis_lambert_2025-07-14_0092,midamerica_to_st_louis_lambert,MidAmerica to St. Louis Lambert,w_0092,0.1,0.2,0.6,0.1,85.80418818321887,21.543189711510426,103,edit_020,edit_018
stl_midamerica_to_st_louis_lambert_2025-07-14_0093,midamerica_to_st_louis_lambert,MidAmerica to St. Louis Lambert,w_0093,0.1,0.2,0.7,0.0,87.08170551285403,16.394114508966698,105,edit_040,edit_038
stl_midamerica_to_st_louis_lambert_2025-07-14_0094,midamerica_to_st_louis_lambert,MidAmerica to St. Louis Lambert,w_0094,0.1,0.3,0.0,0.6,74.42461752704692,42.69923755580501,97,edit_016,edit_017
stl_midamerica_to_st_louis_lambert_2025-07-14_0095,midamerica_to_st_louis_lambert,MidAmerica to St. Louis Lambert,w_0095,0.1,0.3,0.1,0.5,76.56948084184586,40.11710365645007,97,edit_041,edit_039
stl_midamerica_to_st_louis_lambert_2025-07-14_0096,midamerica_to_st_louis_lambert,MidAmerica to St. Louis Lambert,w_0096,0.1,0.3,0.2,0.4,74.4439282714323,36.1480842180758,97,edit_001,edit_004
stl_midamerica_to_st_louis_lambert_2025-07-14_0097,midamerica_to_st_louis_lambert,MidAmerica to St. Louis Lambert,w_0097,0.1,0.3,0.3,0.3,75.35390027632205,32.01875178233309,98,edit_001,edit_004
stl_midamerica_to_st_louis_lambert_2025-07-14_0098,midamerica_to_st_louis_lambert,MidAmerica to St. Louis Lambert,w_0098,0.1,0.3,0.4,0.2,82.55254243408268,27.427694085668,103,edit_009,edit_006
stl_midamerica_to_st_louis_lambert_2025-07-14_0099,midamerica_to_st_louis_lambert,MidAmerica to St. Louis Lambert,w_0099,0.1,0.3,0.5,0.1,82.55254243408268,22.75845534618612,103,edit_009,edit_006
stl_midamerica_to_st_louis_lambert_2025-07-14_0100,midamerica_to_st_louis_lambert,MidAmerica to St. Louis Lambert,w_0100,0.1,0.3,0.6,0.0,82.923435198798,18.01885816452008,104,edit_009,edit_006
stl_midamerica_to_st_louis_lambert_2025-07-14_0101,midamerica_to_st_louis_lambert,MidAmerica to St. Louis Lambert,w_0101,0.1,0.4,0.0,0.5,93.2818575741698,39.80565152535856,119,edit_021,edit_019
stl_midamerica_to_st_louis_lambert_2025-07-14_0102,midamerica_to_st_louis_lambert,MidAmerica to St. Louis Lambert,w_0102,0.1,0.4,0.1,0.4,89.72385138843612,36.91064121220025,118,edit_024,edit_020
stl_midamerica_to_st_louis_lambert_2025-07-14_0103,midamerica_to_st_louis_lambert,MidAmerica to St. Louis Lambert,w_0103,0.1,0.4,0.2,0.3,92.0757986384327,32.91156773532808,120,edit_042,edit_040
stl_midamerica_to_st_louis_lambert_2025-07-14_0104,midamerica_to_st_louis_lambert,MidAmerica to St. Louis Lambert,w_0104,0.1,0.4,0.3,0.2,79.67509381972751,28.40721695045061,101,edit_009,edit_006
stl_midamerica_to_st_louis_lambert_2025-07-14_0105,midamerica_to_st_louis_lambert,MidAmerica to St. Louis Lambert,w_0105,0.1,0.4,0.4,0.1,81.11013613460374,23.79658447304382,102,edit_009,edit_006
stl_midamerica_to_st_louis_lambert_2025-07-14_0106,midamerica_to_st_louis_lambert,MidAmerica to St. Louis Lambert,w_0106,0.1,0.4,0.5,0.0,82.02153749442269,19.10226209248606,103,edit_009,edit_006
stl_midamerica_to_st_louis_lambert_2025-07-14_0107,midamerica_to_st_louis_lambert,MidAmerica to St. Louis Lambert,w_0107,0.1,0.5,0.0,0.4,90.09224420146406,36.159521947614806,119,edit_021,edit_019
stl_midamerica_to_st_louis_lambert_2025-07-14_0108,midamerica_to_st_louis_lambert,MidAmerica to St. Louis Lambert,w_0108,0.1,0.5,0.1,0.3,89.19181710269024,33.35740418800082,118,edit_024,edit_020
stl_midamerica_to_st_louis_lambert_2025-07-14_0109,midamerica_to_st_louis_lambert,MidAmerica to St. Louis Lambert,w_0109,0.1,0.5,0.2,0.2,79.67479548039354,29.30834529006924,101,edit_009,edit_006
stl_midamerica_to_st_louis_lambert_2025-07-14_0110,midamerica_to_st_louis_lambert,MidAmerica to St. Louis Lambert,w_0110,0.1,0.5,0.3,0.1,80.20872410806292,24.764660466690625,101,edit_009,edit_006
stl_midamerica_to_st_louis_lambert_2025-07-14_0111,midamerica_to_st_louis_lambert,MidAmerica to St. Louis Lambert,w_0111,0.1,0.5,0.4,0.0,104.237589508507,19.544196999849635,130,edit_043,edit_041
stl_midamerica_to_st_louis_lambert_2025-07-14_0112,midamerica_to_st_louis_lambert,MidAmerica to St. Louis Lambert,w_0112,0.1,0.6,0.0,0.3,90.0929044869205,32.40865752082237,119,edit_021,edit_019
stl_midamerica_to_st_louis_lambert_2025-07-14_0113,midamerica_to_st_louis_lambert,MidAmerica to St. Louis Lambert,w_0113,0.1,0.6,0.1,0.2,90.09696696996312,29.62207788695217,119,edit_024,edit_020
stl_midamerica_to_st_louis_lambert_2025-07-14_0114,midamerica_to_st_louis_lambert,MidAmerica to St. Louis Lambert,w_0114,0.1,0.6,0.2,0.1,79.14054113555466,25.642240745233654,101,edit_009,edit_006
stl_midamerica_to_st_louis_lambert_2025-07-14_0115,midamerica_to_st_louis_lambert,MidAmerica to St. Louis Lambert,w_0115,0.1,0.6,0.3,0.0,107.03077347829183,19.72544971946266,136,edit_025,edit_021
stl_midamerica_to_st_louis_lambert_2025-07-14_0116,midamerica_to_st_louis_lambert,MidAmerica to St. Louis Lambert,w_0116,0.1,0.7,0.0,0.2,90.0929044869205,28.597549313823983,119,edit_021,edit_019
stl_midamerica_to_st_louis_lambert_2025-07-14_0117,midamerica_to_st_louis_lambert,MidAmerica to St. Louis Lambert,w_0117,0.1,0.7,0.1,0.1,122.608630276718,25.320121552094243,163,edit_044,edit_042
stl_midamerica_to_st_louis_lambert_2025-07-14_0118,midamerica_to_st_louis_lambert,MidAmerica to St. Louis Lambert,w_0118,0.1,0.7,0.2,0.0,105.59406349201764,19.761147807484186,135,edit_025,edit_021
stl_midamerica_to_st_louis_lambert_2025-07-14_0119,midamerica_to_st_louis_lambert,MidAmerica to St. Louis Lambert,w_0119,0.1,0.8,0.0,0.1,123.24951476069776,24.614790751873656,169,edit_045,edit_043
stl_midamerica_to_st_louis_lambert_2025-07-14_0120,midamerica_to_st_louis_lambert,MidAmerica to St. Louis Lambert,w_0120,0.1,0.8,0.1,0.0,103.34720607783548,19.548187393526973,133,edit_025,edit_021
stl_midamerica_to_st_louis_lambert_2025-07-14_0121,midamerica_to_st_louis_lambert,MidAmerica to St. Louis Lambert,w_0121,0.1,0.9,0.0,0.0,118.8743179354038,18.913824738062555,163,edit_046,edit_044
stl_midamerica_to_st_louis_lambert_2025-07-14_0122,midamerica_to_st_louis_lambert,MidAmerica to St. Louis Lambert,w_0122,0.2,0.0,0.0,0.8,71.90057520712594,52.78624655429639,96,edit_011,edit_036
stl_midamerica_to_st_louis_lambert_2025-07-14_0123,midamerica_to_st_louis_lambert,MidAmerica to St. Louis Lambert,w_0123,0.2,0.0,0.1,0.7,72.43373894277387,50.009693169231696,96,edit_018,edit_026
stl_midamerica_to_st_louis_lambert_2025-07-14_0124,midamerica_to_st_louis_lambert,MidAmerica to St. Louis Lambert,w_0124,0.2,0.0,0.2,0.6,75.64054739347988,47.05664530128541,96,edit_028,edit_025
stl_midamerica_to_st_louis_lambert_2025-07-14_0125,midamerica_to_st_louis_lambert,MidAmerica to St. Louis Lambert,w_0125,0.2,0.0,0.3,0.5,74.05805174002717,43.31682159192015,96,edit_002,edit_008
stl_midamerica_to_st_louis_lambert_2025-07-14_0126,midamerica_to_st_louis_lambert,MidAmerica to St. Louis Lambert,w_0126,0.2,0.0,0.4,0.4,74.59112005463895,38.9732308250578,96,edit_002,edit_008
stl_midamerica_to_st_louis_lambert_2025-07-14_0127,midamerica_to_st_louis_lambert,MidAmerica to St. Louis Lambert,w_0127,0.2,0.0,0.5,0.3,74.59112005463895,34.61192096273831,96,edit_002,edit_008
stl_midamerica_to_st_louis_lambert_2025-07-14_0128,midamerica_to_st_louis_lambert,MidAmerica to St. Louis Lambert,w_0128,0.2,0.0,0.6,0.2,74.59112005463895,30.25061110041884,96,edit_002,edit_008
stl_midamerica_to_st_louis_lambert_2025-07-14_0129,midamerica_to_st_louis_lambert,MidAmerica to St. Louis Lambert,w_0129,0.2,0.0,0.7,0.1,77.56243238293126,25.76722878317777,101,edit_031,edit_045
stl_midamerica_to_st_louis_lambert_2025-07-14_0130,midamerica_to_st_louis_lambert,MidAmerica to St. Louis Lambert,w_0130,0.2,0.0,0.8,0.0,77.56243238293126,20.67790510244619,101,edit_031,edit_045
stl_midamerica_to_st_louis_lambert_2025-07-14_0131,midamerica_to_st_louis_lambert,MidAmerica to St. Louis Lambert,w_0131,0.2,0.1,0.0,0.7,73.35714512830332,51.307063359196015,97,edit_012,edit_012
stl_midamerica_to_st_louis_lambert_2025-07-14_0132,midamerica_to_st_louis_lambert,MidAmerica to St. Louis Lambert,w_0132,0.2,0.1,0.1,0.6,73.89622053262786,48.84856887697509,97,edit_029,edit_027
stl_midamerica_to_st_louis_lambert_2025-07-14_0133,midamerica_to_st_louis_lambert,MidAmerica to St. Louis Lambert,w_0133,0.2,0.1,0.2,0.5,74.43285488119402,45.122038218177735,97,edit_006,edit_002
stl_midamerica_to_st_louis_lambert_2025-07-14_0134,midamerica_to_st_louis_lambert,MidAmerica to St. Louis Lambert,w_0134,0.2,0.1,0.3,0.4,73.3688884132297,41.00373431297999,97,edit_006,edit_002
stl_midamerica_to_st_louis_lambert_2025-07-14_0135,midamerica_to_st_louis_lambert,MidAmerica to St. Louis Lambert,w_0135,0.2,0.1,0.4,0.3,74.43583941886455,36.794758522919615,97,edit_006,edit_002
stl_midamerica_to_st_louis_lambert_2025-07-14_0136,midamerica_to_st_louis_lambert,MidAmerica to St. Louis Lambert,w_0136,0.2,0.1,0.5,0.2,74.43583941886455,32.55891161634521,97,edit_006,edit_002
stl_midamerica_to_st_louis_lambert_2025-07-14_0137,midamerica_to_st_louis_lambert,MidAmerica to St. Louis Lambert,w_0137,0.2,0.1,0.6,0.1,76.0969017367208,28.07989762239943,100,edit_019,edit_013
stl_midamerica_to_st_louis_lambert_2025-07-14_0138,midamerica_to_st_louis_lambert,MidAmerica to St. Louis Lambert,w_0138,0.2,0.1,0.7,0.0,77.77106583612326,23.306049568218825,103,edit_047,edit_046
stl_midamerica_to_st_louis_lambert_2025-07-14_0139,midamerica_to_st_louis_lambert,MidAmerica to St. Louis Lambert,w_0139,0.2,0.2,0.0,0.6,74.42461752704692,48.78737231353273,97,edit_016,edit_017
stl_midamerica_to_st_louis_lambert_2025-07-14_0140,midamerica_to_st_louis_lambert,MidAmerica to St. Louis Lambert,w_0140,0.2,0.2,0.1,0.5,72.83175536055904,46.22343938911588,97,edit_029,edit_027
stl_midamerica_to_st_louis_lambert_2025-07-14_0141,midamerica_to_st_louis_lambert,MidAmerica to St. Louis Lambert,w_0141,0.2,0.2,0.2,0.4,72.30874892553973,42.314867895000106,97,edit_001,edit_004
stl_midamerica_to_st_louis_lambert_2025-07-14_0142,midamerica_to_st_louis_lambert,MidAmerica to St. Louis Lambert,w_0142,0.2,0.2,0.3,0.3,72.30874892553973,38.20585058918483,97,edit_001,edit_004
stl_midamerica_to_st_louis_lambert_2025-07-14_0143,midamerica_to_st_louis_lambert,MidAmerica to St. Louis Lambert,w_0143,0.2,0.2,0.4,0.2,73.37457645604327,34.019517665835586,97,edit_010,edit_009
stl_midamerica_to_st_louis_lambert_2025-07-14_0144,midamerica_to_st_louis_lambert,MidAmerica to St. Louis Lambert,w_0144,0.2,0.2,0.5,0.1,75.7829688967212,29.550055119393097,102,edit_019,edit_013
stl_midamerica_to_st_louis_lambert_2025-07-14_0145,midamerica_to_st_louis_lambert,MidAmerica to St. Louis Lambert,w_0145,0.2,0.2,0.6,0.0,77.22829888420954,24.856818868429684,103,edit_019,edit_013
stl_midamerica_to_st_louis_lambert_2025-07-14_0146,midamerica_to_st_louis_lambert,MidAmerica to St. Louis Lambert,w_0146,0.2,0.3,0.0,0.5,74.42492977850672,46.18031285298394,97,edit_016,edit_017
stl_midamerica_to_st_louis_lambert_2025-07-14_0147,midamerica_to_st_louis_lambert,MidAmerica to St. Louis Lambert,w_0147,0.2,0.3,0.1,0.4,72.307894037272,43.16817172681864,97,edit_005,edit_007
stl_midamerica_to_st_louis_lambert_2025-07-14_0148,midamerica_to_st_louis_lambert,MidAmerica to St. Louis Lambert,w_0148,0.2,0.3,0.2,0.3,73.37723490924613,39.13975003459944,97,edit_001,edit_004
stl_midamerica_to_st_louis_lambert_2025-07-14_0149,midamerica_to_st_louis_lambert,MidAmerica to St. Louis Lambert,w_0149,0.2,0.3,0.3,0.2,72.30874892553973,35.034256408011835,97,edit_001,edit_004
stl_midamerica_to_st_louis_lambert_2025-07-14_0150,midamerica_to_st_louis_lambert,MidAmerica to St. Louis Lambert,w_0150,0.2,0.3,0.4,0.1,74.34259701142948,30.687938377246947,101,edit_001,edit_004
stl_midamerica_to_st_louis_lambert_2025-07-14_0151,midamerica_to_st_louis_lambert,MidAmerica to St. Louis Lambert,w_0151,0.2,0.3,0.5,0.0,75.78308615096094,26.176985373288243,102,edit_019,edit_013
stl_midamerica_to_st_louis_lambert_2025-07-14_0152,midamerica_to_st_louis_lambert,MidAmerica to St. Louis Lambert,w_0152,0.2,0.4,0.0,0.4,73.74264765764532,43.145037015189416,98,edit_004,edit_003
stl_midamerica_to_st_louis_lambert_2025-07-14_0153,midamerica_to_st_louis_lambert,MidAmerica to St. Louis Lambert,w_0153,0.2,0.4,0.1,0.3,73.37684383165768,39.93669844377479,97,edit_005,edit_007
stl_midamerica_to_st_louis_lambert_2025-07-14_0154,midamerica_to_st_louis_lambert,MidAmerica to St. Louis Lambert,w_0154,0.2,0.4,0.2,0.2,73.37723490924613,35.88419472690841,97,edit_001,edit_004
stl_midamerica_to_st_louis_lambert_2025-07-14_0155,midamerica_to_st_louis_lambert,MidAmerica to St. Louis Lambert,w_0155,0.2,0.4,0.3,0.1,74.87704542994653,31.53637325502021,101,edit_001,edit_004
stl_midamerica_to_st_louis_lambert_2025-07-14_0156,midamerica_to_st_louis_lambert,MidAmerica to St. Louis Lambert,w_0156,0.2,0.4,0.4,0.0,75.41108299513586,27.12123075888959,101,edit_001,edit_004
stl_midamerica_to_st_louis_lambert_2025-07-14_0157,midamerica_to_st_louis_lambert,MidAmerica to St. Louis Lambert,w_0157,0.2,0.5,0.0,0.3,74.86744372005592,39.65898568705563,101,edit_004,edit_003
stl_midamerica_to_st_louis_lambert_2025-07-14_0158,midamerica_to_st_louis_lambert,MidAmerica to St. Louis Lambert,w_0158,0.2,0.5,0.1,0.2,74.50163989406828,36.55877257598753,100,edit_005,edit_007
stl_midamerica_to_st_louis_lambert_2025-07-14_0159,midamerica_to_st_louis_lambert,MidAmerica to St. Louis Lambert,w_0159,0.2,0.5,0.2,0.1,74.87704542994653,32.35988675798583,101,edit_001,edit_004
stl_midamerica_to_st_louis_lambert_2025-07-14_0160,midamerica_to_st_louis_lambert,MidAmerica to St. Louis Lambert,w_0160,0.2,0.5,0.3,0.0,74.87704542994653,27.96001720021455,101,edit_001,edit_004
stl_midamerica_to_st_louis_lambert_2025-07-14_0161,midamerica_to_st_louis_lambert,MidAmerica to St. Louis Lambert,w_0161,0.2,0.6,0.0,0.2,75.4023021768558,35.898320074999006,101,edit_004,edit_003
stl_midamerica_to_st_louis_lambert_2025-07-14_0162,midamerica_to_st_louis_lambert,MidAmerica to St. Louis Lambert,w_0162,0.2,0.6,0.1,0.1,75.93412734554535,32.93332256894685,101,edit_005,edit_007
stl_midamerica_to_st_louis_lambert_2025-07-14_0163,midamerica_to_st_louis_lambert,MidAmerica to St. Louis Lambert,w_0163,0.2,0.6,0.2,0.0,75.40364160087533,28.74442376249928,101,edit_005,edit_007
stl_midamerica_to_st_louis_lambert_2025-07-14_0164,midamerica_to_st_louis_lambert,MidAmerica to St. Louis Lambert,w_0164,0.2,0.7,0.0,0.1,75.4023021768558,32.128536428975,101,edit_004,edit_003
stl_midamerica_to_st_louis_lambert_2025-07-14_0165,midamerica_to_st_louis_lambert,MidAmerica to St. Louis Lambert,w_0165,0.2,0.7,0.1,0.0,75.93412734554535,29.04880380960975,101,edit_005,edit_007
stl_midamerica_to_st_louis_lambert_2025-07-14_0166,midamerica_to_st_louis_lambert,MidAmerica to St. Louis Lambert,w_0166,0.2,0.8,0.0,0.0,75.92959962423426,28.233988460680187,101,edit_004,edit_003
stl_midamerica_to_st_louis_lambert_2025-07-14_0167,midamerica_to_st_louis_lambert,MidAmerica to St. Louis Lambert,w_0167,0.25,0.25,0.25,0.25,72.30874892553973,40.09358486875011,97,edit_001,edit_004
stl_midamerica_to_st_louis_lambert_2025-07-14_0168,midamerica_to_st_louis_lambert,MidAmerica to St. Louis Lambert,w_0168,0.3,0.0,0.0,0.7,71.90057520712594,56.07936983144455,96,edit_011,edit_036
stl_midamerica_to_st_louis_lambert_2025-07-14_0169,midamerica_to_st_louis_lambert,MidAmerica to St. Louis Lambert,w_0169,0.3,0.0,0.1,0.6,71.90402310470996,53.31813480522065,96,edit_018,edit_026
stl_midamerica_to_st_louis_lambert_2025-07-14_0170,midamerica_to_st_louis_lambert,MidAmerica to St. Louis Lambert,w_0170,0.3,0.0,0.2,0.5,72.43373894277387,50.467584944277405,96,edit_018,edit_026
stl_midamerica_to_st_louis_lambert_2025-07-14_0171,midamerica_to_st_louis_lambert,MidAmerica to St. Louis Lambert,w_0171,0.3,0.0,0.3,0.4,72.45996332860135,46.42401549008985,96,edit_002,edit_008
stl_midamerica_to_st_louis_lambert_2025-07-14_0172,midamerica_to_st_louis_lambert,MidAmerica to St. Louis Lambert,w_0172,0.3,0.0,0.4,0.3,74.05805174002717,42.13928462983758,96,edit_002,edit_008
stl_midamerica_to_st_louis_lambert_2025-07-14_0173,midamerica_to_st_louis_lambert,MidAmerica to St. Louis Lambert,w_0173,0.3,0.0,0.5,0.2,74.05805174002717,37.81118014592284,96,edit_002,edit_008
stl_midamerica_to_st_louis_lambert_2025-07-14_0174,midamerica_to_st_louis_lambert,MidAmerica to St. Louis Lambert,w_0174,0.3,0.0,0.6,0.1,74.59112005463895,33.459846237586675,96,edit_002,edit_008
stl_midamerica_to_st_louis_lambert_2025-07-14_0175,midamerica_to_st_louis_lambert,MidAmerica to St. Louis Lambert,w_0175,0.3,0.0,0.7,0.0,74.0515669810146,28.758650583095807,96,edit_048,edit_047
stl_midamerica_to_st_louis_lambert_2025-07-14_0176,midamerica_to_st_louis_lambert,MidAmerica to St. Louis Lambert,w_0176,0.3,0.1,0.0,0.6,72.44740305679663,54.63076394129871,96,edit_049,edit_048
stl_midamerica_to_st_louis_lambert_2025-07-14_0177,midamerica_to_st_louis_lambert,MidAmerica to St. Louis Lambert,w_0177,0.3,0.1,0.1,0.5,72.83175536055904,52.01460253953111,97,edit_029,edit_027
stl_midamerica_to_st_louis_lambert_2025-07-14_0178,midamerica_to_st_louis_lambert,MidAmerica to St. Louis Lambert,w_0178,0.3,0.1,0.2,0.4,72.30342612066644,48.17734485865815,97,edit_006,edit_002
stl_midamerica_to_st_louis_lambert_2025-07-14_0179,midamerica_to_st_louis_lambert,MidAmerica to St. Louis Lambert,w_0179,0.3,0.1,0.3,0.3,72.83617215968991,44.06488950393352,97,edit_006,edit_002
stl_midamerica_to_st_louis_lambert_2025-07-14_0180,midamerica_to_st_louis_lambert,MidAmerica to St. Louis Lambert,w_0180,0.3,0.1,0.4,0.2,72.30824783643843,39.911384929333686,97,edit_010,edit_009
stl_midamerica_to_st_louis_lambert_2025-07-14_0181,midamerica_to_st_louis_lambert,MidAmerica to St. Louis Lambert,w_0181,0.3,0.1,0.5,0.1,71.92581467203179,35.67873617162212,96,edit_008,edit_011
stl_midamerica_to_st_louis_lambert_2025-07-14_0182,midamerica_to_st_louis_lambert,MidAmerica to St. Louis Lambert,w_0182,0.3,0.1,0.6,0.0,72.45985223722111,30.944983022151867,96,edit_008,edit_011
stl_midamerica_to_st_louis_lambert_2025-07-14_0183,midamerica_to_st_louis_lambert,MidAmerica to St. Louis Lambert,w_0183,0.3,0.2,0.0,0.5,72.29260468015718,52.14938056079359,97,edit_012,edit_012
stl_midamerica_to_st_louis_lambert_2025-07-14_0184,midamerica_to_st_louis_lambert,MidAmerica to St. Louis Lambert,w_0184,0.3,0.2,0.1,0.4,72.30816602994095,49.184797790964446,97,edit_001,edit_004
stl_midamerica_to_st_louis_lambert_2025-07-14_0185,midamerica_to_st_louis_lambert,MidAmerica to St. Louis Lambert,w_0185,0.3,0.2,0.2,0.3,72.30874892553973,45.152913329488406,97,edit_001,edit_004
stl_midamerica_to_st_louis_lambert_2025-07-14_0186,midamerica_to_st_louis_lambert,MidAmerica to St. Louis Lambert,w_0186,0.3,0.2,0.3,0.2,72.30874892553973,41.043896023673135,97,edit_001,edit_004
stl_midamerica_to_st_louis_lambert_2025-07-14_0187,midamerica_to_st_louis_lambert,MidAmerica to St. Louis Lambert,w_0187,0.3,0.2,0.4,0.1,72.30762545040842,36.89989453797613,97,edit_010,edit_009
stl_midamerica_to_st_louis_lambert_2025-07-14_0188,midamerica_to_st_louis_lambert,MidAmerica to St. Louis Lambert,w_0188,0.3,0.2,0.5,0.0,71.92581246024127,32.41537169656308,96,edit_008,edit_011
stl_midamerica_to_st_louis_lambert_2025-07-14_0189,midamerica_to_st_louis_lambert,MidAmerica to St. Louis Lambert,w_0189,0.3,0.3,0.0,0.4,73.36151770044673,49.45678128714722,97,edit_016,edit_017
stl_midamerica_to_st_louis_lambert_2025-07-14_0190,midamerica_to_st_louis_lambert,MidAmerica to St. Louis Lambert,w_0190,0.3,0.3,0.1,0.3,72.30847693287078,46.05439695047857,97,edit_005,edit_007
stl_midamerica_to_st_louis_lambert_2025-07-14_0191,midamerica_to_st_louis_lambert,MidAmerica to St. Louis Lambert,w_0191,0.3,0.3,0.2,0.2,72.30874892553973,41.98131914831541,97,edit_001,edit_004
stl_midamerica_to_st_louis_lambert_2025-07-14_0192,midamerica_to_st_louis_lambert,MidAmerica to St. Louis Lambert,w_0192,0.3,0.3,0.3,0.1,72.30874892553973,37.872301842500136,97,edit_001,edit_004
stl_midamerica_to_st_louis_lambert_2025-07-14_0193,midamerica_to_st_louis_lambert,MidAmerica to St. Louis Lambert,w_0193,0.3,0.3,0.4,0.0,73.80855944624015,33.50632059705934,101,edit_001,edit_004
stl_midamerica_to_st_louis_lambert_2025-07-14_0194,midamerica_to_st_louis_lambert,MidAmerica to St. Louis Lambert,w_0194,0.3,0.4,0.0,0.3,73.20858031824217,46.16443143884134,98,edit_004,edit_003
stl_midamerica_to_st_louis_lambert_2025-07-14_0195,midamerica_to_st_louis_lambert,MidAmerica to St. Louis Lambert,w_0195,0.3,0.4,0.1,0.2,72.30859252113821,42.78946912859198,97,edit_005,edit_007
stl_midamerica_to_st_louis_lambert_2025-07-14_0196,midamerica_to_st_louis_lambert,MidAmerica to St. Louis Lambert,w_0196,0.3,0.4,0.2,0.1,72.30874892553973,38.809724967142415,97,edit_001,edit_004
stl_midamerica_to_st_louis_lambert_2025-07-14_0197,midamerica_to_st_louis_lambert,MidAmerica to St. Louis Lambert,w_0197,0.3,0.4,0.3,0.0,73.80855944624015,34.42038128438099,101,edit_001,edit_004
stl_midamerica_to_st_louis_lambert_2025-07-14_0198,midamerica_to_st_louis_lambert,MidAmerica to St. Louis Lambert,w_0198,0.3,0.5,0.0,0.2,74.86810400551238,42.6590211481419,101,edit_004,edit_003
stl_midamerica_to_st_louis_lambert_2025-07-14_0199,midamerica_to_st_louis_lambert,MidAmerica to St. Louis Lambert,w_0199,0.3,0.5,0.1,0.1,73.43338858354879,39.43969763147671,100,edit_005,edit_007
stl_midamerica_to_st_louis_lambert_2025-07-14_0200,midamerica_to_st_louis_lambert,MidAmerica to St. Louis Lambert,w_0200,0.3,0.5,0.2,0.0,74.87704542994653,35.28058983176413,101,edit_001,edit_004
stl_midamerica_to_st_louis_lambert_2025-07-14_0201,midamerica_to_st_louis_lambert,MidAmerica to St. Louis Lambert,w_0201,0.3,0.6,0.0,0.1,74.86810400551238,38.91099397045279,101,edit_004,edit_003
stl_midamerica_to_st_louis_lambert_2025-07-14_0202,midamerica_to_st_louis_lambert,MidAmerica to St. Louis Lambert,w_0202,0.3,0.6,0.1,0.0,73.43350594032073,35.82703545943527,100,edit_005,edit_007
stl_midamerica_to_st_louis_lambert_2025-07-14_0203,midamerica_to_st_louis_lambert,MidAmerica to St. Louis Lambert,w_0203,0.3,0.7,0.0,0.0,74.86814321158518,35.10525597310332,101,edit_004,edit_003
stl_midamerica_to_st_louis_lambert_2025-07-14_0204,midamerica_to_st_louis_lambert,MidAmerica to St. Louis Lambert,w_0204,0.4,0.0,0.0,0.6,71.90057520712594,59.372493108592735,96,edit_011,edit_036
stl_midamerica_to_st_louis_lambert_2025-07-14_0205,midamerica_to_st_louis_lambert,MidAmerica to St. Louis Lambert,w_0205,0.4,0.0,0.1,0.5,71.90402310470996,56.61163754579525,96,edit_018,edit_026
stl_midamerica_to_st_louis_lambert_2025-07-14_0206,midamerica_to_st_louis_lambert,MidAmerica to St. Louis Lambert,w_0206,0.4,0.0,0.2,0.4,71.92710003533814,53.46145168893082,96,edit_002,edit_008
stl_midamerica_to_st_louis_lambert_2025-07-14_0207,midamerica_to_st_louis_lambert,MidAmerica to St. Louis Lambert,w_0207,0.4,0.0,0.3,0.3,71.92710003533814,49.360092521342224,96,edit_002,edit_008
stl_midamerica_to_st_louis_lambert_2025-07-14_0208,midamerica_to_st_louis_lambert,MidAmerica to St. Louis Lambert,w_0208,0.4,0.0,0.4,0.2,71.9274495073208,45.16995027163238,96,edit_002,edit_008
stl_midamerica_to_st_louis_lambert_2025-07-14_0209,midamerica_to_st_louis_lambert,MidAmerica to St. Louis Lambert,w_0209,0.4,0.0,0.5,0.1,72.99282166520685,40.87316098905484,96,edit_002,edit_008
stl_midamerica_to_st_louis_lambert_2025-07-14_0210,midamerica_to_st_louis_lambert,MidAmerica to St. Louis Lambert,w_0210,0.4,0.0,0.6,0.0,72.99053001456835,36.18021376397494,96,edit_017,edit_022
stl_midamerica_to_st_louis_lambert_2025-07-14_0211,midamerica_to_st_louis_lambert,MidAmerica to St. Louis Lambert,w_0211,0.4,0.1,0.0,0.5,72.29260468015718,57.86536192009764,97,edit_012,edit_012
stl_midamerica_to_st_louis_lambert_2025-07-14_0212,midamerica_to_st_louis_lambert,MidAmerica to St. Louis Lambert,w_0212,0.4,0.1,0.1,0.4,71.92232410333511,55.08790773893803,96,edit_050,edit_049
stl_midamerica_to_st_louis_lambert_2025-07-14_0213,midamerica_to_st_louis_lambert,MidAmerica to St. Louis Lambert,w_0213,0.4,0.1,0.2,0.3,72.30634399760055,51.125236720720245,97,edit_010,edit_009
stl_midamerica_to_st_louis_lambert_2025-07-14_0214,midamerica_to_st_louis_lambert,MidAmerica to St. Louis Lambert,w_0214,0.4,0.1,0.3,0.2,72.30824783643843,46.94876392244429,97,edit_010,edit_009
stl_midamerica_to_st_louis_lambert_2025-07-14_0215,midamerica_to_st_louis_lambert,MidAmerica to St. Louis Lambert,w_0215,0.4,0.1,0.4,0.1,71.93230906564814,42.74655885076035,96,edit_010,edit_009
stl_midamerica_to_st_louis_lambert_2025-07-14_0216,midamerica_to_st_louis_lambert,MidAmerica to St. Louis Lambert,w_0216,0.4,0.1,0.5,0.0,71.92581467203179,38.07463721510489,96,edit_008,edit_011
stl_midamerica_to_st_louis_lambert_2025-07-14_0217,midamerica_to_st_louis_lambert,MidAmerica to St. Louis Lambert,w_0217,0.4,0.2,0.0,0.4,72.29260468015718,55.34564921667392,97,edit_012,edit_012
stl_midamerica_to_st_louis_lambert_2025-07-14_0218,midamerica_to_st_louis_lambert,MidAmerica to St. Louis Lambert,w_0218,0.4,0.2,0.1,0.3,72.30816602994095,52.08277907402256,97,edit_001,edit_004
stl_midamerica_to_st_louis_lambert_2025-07-14_0219,midamerica_to_st_louis_lambert,MidAmerica to St. Louis Lambert,w_0219,0.4,0.2,0.2,0.2,72.30874892553973,47.99095876397671,97,edit_001,edit_004
stl_midamerica_to_st_louis_lambert_2025-07-14_0220,midamerica_to_st_louis_lambert,MidAmerica to St. Louis Lambert,w_0220,0.4,0.2,0.3,0.1,72.30874892553973,43.88194145816144,97,edit_001,edit_004
stl_midamerica_to_st_louis_lambert_2025-07-14_0221,midamerica_to_st_louis_lambert,MidAmerica to St. Louis Lambert,w_0221,0.4,0.2,0.4,0.0,71.92592971448101,39.48803347825707,96,edit_008,edit_011
stl_midamerica_to_st_louis_lambert_2025-07-14_0222,midamerica_to_st_louis_lambert,MidAmerica to St. Louis Lambert,w_0222,0.4,0.3,0.0,0.3,73.20858031824217,52.503209551325845,98,edit_004,edit_003
stl_midamerica_to_st_louis_lambert_2025-07-14_0223,midamerica_to_st_louis_lambert,MidAmerica to St. Louis Lambert,w_0223,0.4,0.3,0.1,0.2,72.30847693287078,48.8924124504147,97,edit_005,edit_007
stl_midamerica_to_st_louis_lambert_2025-07-14_0224,midamerica_to_st_louis_lambert,MidAmerica to St. Louis Lambert,w_0224,0.4,0.3,0.2,0.1,72.30874892553973,44.81936458280371,97,edit_001,edit_004
stl_midamerica_to_st_louis_lambert_2025-07-14_0225,midamerica_to_st_louis_lambert,MidAmerica to St. Louis Lambert,w_0225,0.4,0.3,0.3,0.0,73.43335330078474,40.6876012772038,100,edit_001,edit_004
stl_midamerica_to_st_louis_lambert_2025-07-14_0226,midamerica_to_st_louis_lambert,MidAmerica to St. Louis Lambert,w_0226,0.4,0.4,0.0,0.2,73.20963090489165,49.12283602550907,98,edit_004,edit_003
stl_midamerica_to_st_louis_lambert_2025-07-14_0227,midamerica_to_st_louis_lambert,MidAmerica to St. Louis Lambert,w_0227,0.4,0.4,0.1,0.1,72.30859252113821,45.62749734976444,97,edit_005,edit_007
stl_midamerica_to_st_louis_lambert_2025-07-14_0228,midamerica_to_st_louis_lambert,MidAmerica to St. Louis Lambert,w_0228,0.4,0.4,0.2,0.0,73.80855944624015,41.62994618144328,101,edit_001,edit_004
stl_midamerica_to_st_louis_lambert_2025-07-14_0229,midamerica_to_st_louis_lambert,MidAmerica to St. Louis Lambert,w_0229,0.4,0.5,0.0,0.1,74.33442696730225,45.62955092041851,101,edit_004,edit_003
stl_midamerica_to_st_louis_lambert_2025-07-14_0230,midamerica_to_st_louis_lambert,MidAmerica to St. Louis Lambert,w_0230,0.4,0.5,0.1,0.0,73.43350594032073,42.20907350804268,100,edit_005,edit_007
stl_midamerica_to_st_louis_lambert_2025-07-14_0231,midamerica_to_st_louis_lambert,MidAmerica to St. Louis Lambert,w_0231,0.4,0.6,0.0,0.0,74.86814321158518,41.86125272991381,101,edit_004,edit_003
stl_midamerica_to_st_louis_lambert_2025-07-14_0232,midamerica_to_st_louis_lambert,MidAmerica to St. Louis Lambert,w_0232,0.5,0.0,0.0,0.5,71.90057520712594,62.66561638574091,96,edit_011,edit_036
stl_midamerica_to_st_louis_lambert_2025-07-14_0233,midamerica_to_st_louis_lambert,MidAmerica to St. Louis Lambert,w_0233,0.5,0.0,0.1,0.4,71.90402310470996,59.90514028636983,96,edit_018,edit_026
stl_midamerica_to_st_louis_lambert_2025-07-14_0234,midamerica_to_st_louis_lambert,MidAmerica to St. Louis Lambert,w_0234,0.5,0.0,0.2,0.3,71.92710003533814,56.377494194957805,96,edit_002,edit_008
stl_midamerica_to_st_louis_lambert_2025-07-14_0235,midamerica_to_st_louis_lambert,MidAmerica to St. Louis Lambert,w_0235,0.5,0.0,0.3,0.2,71.9274495073208,52.23962463908167,96,edit_002,edit_008
stl_midamerica_to_st_louis_lambert_2025-07-14_0236,midamerica_to_st_louis_lambert,MidAmerica to St. Louis Lambert,w_0236,0.5,0.0,0.4,0.1,71.9274495073208,48.026031239311074,96,edit_002,edit_008
stl_midamerica_to_st_louis_lambert_2025-07-14_0237,midamerica_to_st_louis_lambert,MidAmerica to St. Louis Lambert,w_0237,0.5,0.0,0.5,0.0,72.4616182178711,43.45839348853047,96,edit_017,edit_022
stl_midamerica_to_st_louis_lambert_2025-07-14_0238,midamerica_to_st_louis_lambert,MidAmerica to St. Louis Lambert,w_0238,0.5,0.1,0.0,0.4,71.91755552376524,61.0509886455191,96,edit_012,edit_012
stl_midamerica_to_st_louis_lambert_2025-07-14_0239,midamerica_to_st_louis_lambert,MidAmerica to St. Louis Lambert,w_0239,0.5,0.1,0.1,0.3,72.30816602994095,58.06349556906843,97,edit_001,edit_004
stl_midamerica_to_st_louis_lambert_2025-07-14_0240,midamerica_to_st_louis_lambert,MidAmerica to St. Louis Lambert,w_0240,0.5,0.1,0.2,0.2,72.30762545040842,53.98267352973443,97,edit_010,edit_009
stl_midamerica_to_st_louis_lambert_2025-07-14_0241,midamerica_to_st_louis_lambert,MidAmerica to St. Louis Lambert,w_0241,0.5,0.1,0.3,0.1,71.93230906564814,49.76963992920652,96,edit_010,edit_009
stl_midamerica_to_st_louis_lambert_2025-07-14_0242,midamerica_to_st_louis_lambert,MidAmerica to St. Louis Lambert,w_0242,0.5,0.1,0.4,0.0,71.92655210051102,45.169673947285226,96,edit_008,edit_011
stl_midamerica_to_st_louis_lambert_2025-07-14_0243,midamerica_to_st_louis_lambert,MidAmerica to St. Louis Lambert,w_0243,0.5,0.2,0.0,0.3,72.29291693161697,58.52215377191452,97,edit_012,edit_012
stl_midamerica_to_st_louis_lambert_2025-07-14_0244,midamerica_to_st_louis_lambert,MidAmerica to St. Louis Lambert,w_0244,0.5,0.2,0.1,0.2,72.30874892553973,54.93802150428028,97,edit_001,edit_004
stl_midamerica_to_st_louis_lambert_2025-07-14_0245,midamerica_to_st_louis_lambert,MidAmerica to St. Louis Lambert,w_0245,0.5,0.2,0.2,0.1,72.30874892553973,50.829004198465,97,edit_001,edit_004
stl_midamerica_to_st_louis_lambert_2025-07-14_0246,midamerica_to_st_louis_lambert,MidAmerica to St. Louis Lambert,w_0246,0.5,0.2,0.3,0.0,71.92592971448101,46.52218407209936,96,edit_008,edit_011
stl_midamerica_to_st_louis_lambert_2025-07-14_0247,midamerica_to_st_louis_lambert,MidAmerica to St. Louis Lambert,w_0247,0.5,0.3,0.0,0.2,72.30341780160983,55.45438556116171,97,edit_022,edit_028
stl_midamerica_to_st_louis_lambert_2025-07-14_0248,midamerica_to_st_louis_lambert,MidAmerica to St. Louis Lambert,w_0248,0.5,0.3,0.1,0.1,72.30847693287078,51.73042795035083,97,edit_005,edit_007
stl_midamerica_to_st_louis_lambert_2025-07-14_0249,midamerica_to_st_louis_lambert,MidAmerica to St. Louis Lambert,w_0249,0.5,0.3,0.2,0.0,72.30874892553973,47.65741001729201,97,edit_001,edit_004
stl_midamerica_to_st_louis_lambert_2025-07-14_0250,midamerica_to_st_louis_lambert,MidAmerica to St. Louis Lambert,w_0250,0.5,0.4,0.0,0.1,73.20963090489165,52.04002934776096,98,edit_004,edit_003
stl_midamerica_to_st_louis_lambert_2025-07-14_0251,midamerica_to_st_louis_lambert,MidAmerica to St. Louis Lambert,w_0251,0.5,0.4,0.1,0.0,72.30859252113821,48.4655255709369,97,edit_005,edit_007
stl_midamerica_to_st_louis_lambert_2025-07-14_0252,midamerica_to_st_louis_lambert,MidAmerica to St. Louis Lambert,w_0252,0.5,0.5,0.0,0.0,74.33446617337505,48.52932563750086,101,edit_004,edit_003
stl_midamerica_to_st_louis_lambert_2025-07-14_0253,midamerica_to_st_louis_lambert,MidAmerica to St. Louis Lambert,w_0253,0.6,0.0,0.0,0.4,71.90057520712594,65.95873966288909,96,edit_011,edit_036
stl_midamerica_to_st_louis_lambert_2025-07-14_0254,midamerica_to_st_louis_lambert,MidAmerica to St. Louis Lambert,w_0254,0.6,0.0,0.1,0.3,71.90402310470996,63.19864302694442,96,edit_018,edit_026
stl_midamerica_to_st_louis_lambert_2025-07-14_0255,midamerica_to_st_louis_lambert,MidAmerica to St. Louis Lambert,w_0255,0.6,0.0,0.2,0.2,71.92710003533814,59.2935367009848,96,edit_002,edit_008
stl_midamerica_to_st_louis_lambert_2025-07-14_0256,midamerica_to_st_louis_lambert,MidAmerica to St. Louis Lambert,w_0256,0.6,0.0,0.3,0.1,71.9274495073208,55.09570560676036,96,edit_002,edit_008
stl_midamerica_to_st_louis_lambert_2025-07-14_0257,midamerica_to_st_louis_lambert,MidAmerica to St. Louis Lambert,w_0257,0.6,0.0,0.4,0.0,71.92515785668229,50.63532898893248,96,edit_017,edit_022
stl_midamerica_to_st_louis_lambert_2025-07-14_0258,midamerica_to_st_louis_lambert,MidAmerica to St. Louis Lambert,w_0258,0.6,0.1,0.0,0.3,71.91755552376524,64.20598071632385,96,edit_012,edit_012
stl_midamerica_to_st_louis_lambert_2025-07-14_0259,midamerica_to_st_louis_lambert,MidAmerica to St. Louis Lambert,w_0259,0.6,0.1,0.1,0.2,72.30874892553973,60.94766111994158,97,edit_001,edit_004
stl_midamerica_to_st_louis_lambert_2025-07-14_0260,midamerica_to_st_louis_lambert,MidAmerica to St. Louis Lambert,w_0260,0.6,0.1,0.2,0.1,71.93168667961812,56.78918312422468,96,edit_010,edit_009
stl_midamerica_to_st_louis_lambert_2025-07-14_0261,midamerica_to_st_louis_lambert,MidAmerica to St. Louis Lambert,w_0261,0.6,0.1,0.3,0.0,71.92655210051102,52.24843279534536,96,edit_008,edit_011
stl_midamerica_to_st_louis_lambert_2025-07-14_0262,midamerica_to_st_louis_lambert,MidAmerica to St. Louis Lambert,w_0262,0.6,0.2,0.0,0.2,72.30002205185355,61.54267640356343,97,edit_030,edit_029
stl_midamerica_to_st_louis_lambert_2025-07-14_0263,midamerica_to_st_louis_lambert,MidAmerica to St. Louis Lambert,w_0263,0.6,0.2,0.1,0.1,72.30874892553973,57.77606693876858,97,edit_001,edit_004
stl_midamerica_to_st_louis_lambert_2025-07-14_0264,midamerica_to_st_louis_lambert,MidAmerica to St. Louis Lambert,w_0264,0.6,0.2,0.2,0.0,71.92592971448101,53.556334665941634,96,edit_008,edit_011
stl_midamerica_to_st_louis_lambert_2025-07-14_0265,midamerica_to_st_louis_lambert,MidAmerica to St. Louis Lambert,w_0265,0.6,0.3,0.0,0.1,72.30407808706627,58.30438295000542,97,edit_022,edit_028
stl_midamerica_to_st_louis_lambert_2025-07-14_0266,midamerica_to_st_louis_lambert,MidAmerica to St. Louis Lambert,w_0266,0.6,0.3,0.1,0.0,72.30847693287078,54.56844345028696,97,edit_005,edit_007
stl_midamerica_to_st_louis_lambert_2025-07-14_0267,midamerica_to_st_louis_lambert,MidAmerica to St. Louis Lambert,w_0267,0.6,0.4,0.0,0.0,72.67568351997362,54.9513864063023,98,edit_004,edit_003
stl_midamerica_to_st_louis_lambert_2025-07-14_0268,midamerica_to_st_louis_lambert,MidAmerica to St. Louis Lambert,w_0268,0.7,0.0,0.0,0.3,71.90057520712594,69.25186294003726,96,edit_011,edit_036
stl_midamerica_to_st_louis_lambert_2025-07-14_0269,midamerica_to_st_louis_lambert,MidAmerica to St. Louis Lambert,w_0269,0.7,0.0,0.1,0.2,71.92710003533814,66.31093837460038,96,edit_002,edit_008
stl_midamerica_to_st_louis_lambert_2025-07-14_0270,midamerica_to_st_louis_lambert,MidAmerica to St. Louis Lambert,w_0270,0.7,0.0,0.2,0.1,71.9274495073208,62.16537997420965,96,edit_002,edit_008
stl_midamerica_to_st_louis_lambert_2025-07-14_0271,midamerica_to_st_louis_lambert,MidAmerica to St. Louis Lambert,w_0271,0.7,0.0,0.3,0.0,71.92515785668229,57.76606863346434,96,edit_017,edit_022
stl_midamerica_to_st_louis_lambert_2025-07-14_0272,midamerica_to_st_louis_lambert,MidAmerica to St. Louis Lambert,w_0272,0.7,0.1,0.0,0.2,71.91755552376524,67.3609727871286,96,edit_012,edit_012
stl_midamerica_to_st_louis_lambert_2025-07-14_0273,midamerica_to_st_louis_lambert,MidAmerica to St. Louis Lambert,w_0273,0.7,0.1,0.1,0.1,71.93257629401647,63.75185438896889,96,edit_010,edit_009
stl_midamerica_to_st_louis_lambert_2025-07-14_0274,midamerica_to_st_louis_lambert,MidAmerica to St. Louis Lambert,w_0274,0.7,0.1,0.2,0.0,71.92592971448101,59.32358526236998,96,edit_008,edit_011
stl_midamerica_to_st_louis_lambert_2025-07-14_0275,midamerica_to_st_louis_lambert,MidAmerica to St. Louis Lambert,w_0275,0.7,0.2,0.0,0.1,72.30407808706627,64.44884943552863,97,edit_022,edit_028
stl_midamerica_to_st_louis_lambert_2025-07-14_0276,midamerica_to_st_louis_lambert,MidAmerica to St. Louis Lambert,w_0276,0.7,0.2,0.1,0.0,71.92592971448101,60.59048525978392,96,edit_008,edit_011
stl_midamerica_to_st_louis_lambert_2025-07-14_0277,midamerica_to_st_louis_lambert,MidAmerica to St. Louis Lambert,w_0277,0.7,0.3,0.0,0.0,72.30407808706627,61.14191432851375,97,edit_022,edit_028
stl_midamerica_to_st_louis_lambert_2025-07-14_0278,midamerica_to_st_louis_lambert,MidAmerica to St. Louis Lambert,w_0278,0.8,0.0,0.0,0.2,71.90057520712594,72.54498621718544,96,edit_011,edit_036
stl_midamerica_to_st_louis_lambert_2025-07-14_0279,midamerica_to_st_louis_lambert,MidAmerica to St. Louis Lambert,w_0279,0.8,0.0,0.1,0.1,71.92710003533814,69.22698088062737,96,edit_002,edit_008
stl_midamerica_to_st_louis_lambert_2025-07-14_0280,midamerica_to_st_louis_lambert,MidAmerica to St. Louis Lambert,w_0280,0.8,0.0,0.2,0.0,71.92515785668229,64.89680827799621,96,edit_017,edit_022
stl_midamerica_to_st_louis_lambert_2025-07-14_0281,midamerica_to_st_louis_lambert,MidAmerica to St. Louis Lambert,w_0281,0.8,0.1,0.0,0.1,71.92497289546162,70.42229144411164,96,edit_030,edit_029
stl_midamerica_to_st_louis_lambert_2025-07-14_0282,midamerica_to_st_louis_lambert,MidAmerica to St. Louis Lambert,w_0282,0.8,0.1,0.1,0.0,71.92592971448101,66.35773585621227,96,edit_008,edit_011
stl_midamerica_to_st_louis_lambert_2025-07-14_0283,midamerica_to_st_louis_lambert,MidAmerica to St. Louis Lambert,w_0283,0.8,0.2,0.0,0.0,71.92164999407072,67.25269820369138,96,edit_032,edit_050
stl_midamerica_to_st_louis_lambert_2025-07-14_0284,midamerica_to_st_louis_lambert,MidAmerica to St. Louis Lambert,w_0284,0.9,0.0,0.0,0.1,71.90057520712594,75.83810949433362,96,edit_011,edit_036
stl_midamerica_to_st_louis_lambert_2025-07-14_0285,midamerica_to_st_louis_lambert,MidAmerica to St. Louis Lambert,w_0285,0.9,0.0,0.1,0.0,71.92515785668229,72.02754792252807,96,edit_017,edit_022
stl_midamerica_to_st_louis_lambert_2025-07-14_0286,midamerica_to_st_louis_lambert,MidAmerica to St. Louis Lambert,w_0286,0.9,0.1,0.0,0.0,71.92164999407072,73.20356257054824,96,edit_032,edit_050
stl_midamerica_to_st_louis_lambert_2025-07-14_0287,midamerica_to_st_louis_lambert,MidAmerica to St. Louis Lambert,w_0287,1.0,0.0,0.0,0.0,71.87414934300483,79.10214939907578,96,edit_051,edit_051
stl_midamerica_to_st_louis_union_station_2025-07-14_0001,midamerica_to_st_louis_union_station,MidAmerica to St. Louis Union Station,w_0001,0.0,0.0,0.0,1.0,74.84549698294418,21.60000000000001,89,edit_032,edit_029
stl_midamerica_to_st_louis_union_station_2025-07-14_0002,midamerica_to_st_louis_union_station,MidAmerica to St. Louis Union Station,w_0002,0.0,0.0,0.1,0.9,95.46483286317786,19.60847997892949,115,edit_013,edit_016
stl_midamerica_to_st_louis_union_station_2025-07-14_0003,midamerica_to_st_louis_union_station,MidAmerica to St. Louis Union Station,w_0003,0.0,0.0,0.2,0.8,95.46483286317786,17.61695995785897,115,edit_013,edit_016
stl_midamerica_to_st_louis_union_station_2025-07-14_0004,midamerica_to_st_louis_union_station,MidAmerica to St. Louis Union Station,w_0004,0.0,0.0,0.3,0.7,95.46483286317786,15.625439936788448,115,edit_013,edit_016
stl_midamerica_to_st_louis_union_station_2025-07-14_0005,midamerica_to_st_louis_union_station,MidAmerica to St. Louis Union Station,w_0005,0.0,0.0,0.4,0.6,95.46483286317786,13.633919915717923,115,edit_013,edit_016
stl_midamerica_to_st_louis_union_station_2025-07-14_0006,midamerica_to_st_louis_union_station,MidAmerica to St. Louis Union Station,w_0006,0.0,0.0,0.5,0.5,95.46483286317786,11.642399894647404,115,edit_013,edit_016
stl_midamerica_to_st_louis_union_station_2025-07-14_0007,midamerica_to_st_louis_union_station,MidAmerica to St. Louis Union Station,w_0007,0.0,0.0,0.6,0.4,94.93198982326942,9.603347912780256,115,edit_013,edit_016
stl_midamerica_to_st_louis_union_station_2025-07-14_0008,midamerica_to_st_louis_union_station,MidAmerica to St. Louis Union Station,w_0008,0.0,0.0,0.7,0.3,94.93198982326942,7.503905898243629,115,edit_013,edit_016
stl_midamerica_to_st_louis_union_station_2025-07-14_0009,midamerica_to_st_louis_union_station,MidAmerica to St. Louis Union Station,w_0009,0.0,0.0,0.8,0.2,95.4677528941197,5.330783831547273,115,edit_013,edit_016
stl_midamerica_to_st_louis_union_station_2025-07-14_0010,midamerica_to_st_louis_union_station,MidAmerica to St. Louis Union Station,w_0010,0.0,0.0,0.9,0.1,95.4677528941197,3.0721318104906805,115,edit_013,edit_016
stl_midamerica_to_st_louis_union_station_2025-07-14_0011,midamerica_to_st_louis_union_station,MidAmerica to St. Louis Union Station,w_0011,0.0,0.0,1.0,0.0,65.58303436543794,0.0,75,edit_033,edit_030
stl_midamerica_to_st_louis_union_station_2025-07-14_0012,midamerica_to_st_louis_union_station,MidAmerica to St. Louis Union Station,w_0012,0.0,0.1,0.0,0.9,71.94365013816504,20.453600093372984,89,edit_019,edit_024
stl_midamerica_to_st_louis_union_station_2025-07-14_0013,midamerica_to_st_louis_union_station,MidAmerica to St. Louis Union Station,w_0013,0.0,0.1,0.1,0.8,77.5008318363087,18.70329307441052,91,edit_009,edit_009
stl_midamerica_to_st_louis_union_station_2025-07-14_0014,midamerica_to_st_louis_union_station,MidAmerica to St. Louis Union Station,w_0014,0.0,0.1,0.2,0.7,77.5008318363087,16.768485268434183,91,edit_009,edit_009
stl_midamerica_to_st_louis_union_station_2025-07-14_0015,midamerica_to_st_louis_union_station,MidAmerica to St. Louis Union Station,w_0015,0.0,0.1,0.3,0.6,98.66595127809636,14.82530934431692,115,edit_016,edit_007
stl_midamerica_to_st_louis_union_station_2025-07-14_0016,midamerica_to_st_louis_union_station,MidAmerica to St. Louis Union Station,w_0016,0.0,0.1,0.4,0.5,98.66595127809636,12.866994701651134,115,edit_016,edit_007
stl_midamerica_to_st_louis_union_station_2025-07-14_0017,midamerica_to_st_louis_union_station,MidAmerica to St. Louis Union Station,w_0017,0.0,0.1,0.5,0.4,98.66599830801536,10.815332258325864,115,edit_016,edit_007
stl_midamerica_to_st_louis_union_station_2025-07-14_0018,midamerica_to_st_louis_union_station,MidAmerica to St. Louis Union Station,w_0018,0.0,0.1,0.6,0.3,98.66599830801536,8.715890243789238,115,edit_016,edit_007
stl_midamerica_to_st_louis_union_station_2025-07-14_0019,midamerica_to_st_louis_union_station,MidAmerica to St. Louis Union Station,w_0019,0.0,0.1,0.7,0.2,103.20911852258772,6.478575042155772,120,edit_016,edit_007
stl_midamerica_to_st_louis_union_station_2025-07-14_0020,midamerica_to_st_louis_union_station,MidAmerica to St. Louis Union Station,w_0020,0.0,0.1,0.8,0.1,100.4904795199962,4.1988393507017925,117,edit_016,edit_007
stl_midamerica_to_st_louis_union_station_2025-07-14_0021,midamerica_to_st_louis_union_station,MidAmerica to St. Louis Union Station,w_0021,0.0,0.1,0.9,0.0,87.2056378270326,0.9689223439949356,106,edit_003,edit_003
stl_midamerica_to_st_louis_union_station_2025-07-14_0022,midamerica_to_st_louis_union_station,MidAmerica to St. Louis Union Station,w_0022,0.0,0.2,0.0,0.8,71.94365013816504,19.30720018674596,89,edit_019,edit_024
stl_midamerica_to_st_louis_union_station_2025-07-14_0023,midamerica_to_st_louis_union_station,MidAmerica to St. Louis Union Station,w_0023,0.0,0.2,0.1,0.7,76.42852669805922,17.60204748854417,91,edit_008,edit_008
stl_midamerica_to_st_louis_union_station_2025-07-14_0024,midamerica_to_st_louis_union_station,MidAmerica to St. Louis Union Station,w_0024,0.0,0.2,0.2,0.6,77.5008318363087,15.806586148821026,91,edit_009,edit_009
stl_midamerica_to_st_louis_union_station_2025-07-14_0025,midamerica_to_st_louis_union_station,MidAmerica to St. Louis Union Station,w_0025,0.0,0.2,0.3,0.5,77.5008318363087,13.871778342844692,91,edit_009,edit_009
stl_midamerica_to_st_louis_union_station_2025-07-14_0026,midamerica_to_st_louis_union_station,MidAmerica to St. Louis Union Station,w_0026,0.0,0.2,0.4,0.4,77.50137079555925,11.84191730975647,91,edit_009,edit_009
stl_midamerica_to_st_louis_union_station_2025-07-14_0027,midamerica_to_st_louis_union_station,MidAmerica to St. Louis Union Station,w_0027,0.0,0.2,0.5,0.3,82.04449101013158,9.756331194800048,96,edit_009,edit_009
stl_midamerica_to_st_louis_union_station_2025-07-14_0028,midamerica_to_st_louis_union_station,MidAmerica to St. Louis Union Station,w_0028,0.0,0.2,0.6,0.2,100.49097144932776,7.495487811761007,117,edit_016,edit_007
stl_midamerica_to_st_louis_union_station_2025-07-14_0029,midamerica_to_st_louis_union_station,MidAmerica to St. Louis Union Station,w_0029,0.0,0.2,0.7,0.1,83.74390489642414,4.978800571557348,101,edit_003,edit_003
stl_midamerica_to_st_louis_union_station_2025-07-14_0030,midamerica_to_st_louis_union_station,MidAmerica to St. Louis Union Station,w_0030,0.0,0.2,0.8,0.0,85.39486819182267,1.6752756417753636,104,edit_003,edit_003
stl_midamerica_to_st_louis_union_station_2025-07-14_0031,midamerica_to_st_louis_union_station,MidAmerica to St. Louis Union Station,w_0031,0.0,0.3,0.0,0.7,71.94365013816504,18.160800280118927,89,edit_019,edit_024
stl_midamerica_to_st_louis_union_station_2025-07-14_0032,midamerica_to_st_louis_union_station,MidAmerica to St. Louis Union Station,w_0032,0.0,0.3,0.1,0.6,76.42852669805922,16.46285287136162,91,edit_008,edit_008
stl_midamerica_to_st_louis_union_station_2025-07-14_0033,midamerica_to_st_louis_union_station,MidAmerica to St. Louis Union Station,w_0033,0.0,0.3,0.2,0.5,76.42852669805922,14.743289594270877,91,edit_008,edit_008
stl_midamerica_to_st_louis_union_station_2025-07-14_0034,midamerica_to_st_louis_union_station,MidAmerica to St. Louis Union Station,w_0034,0.0,0.3,0.3,0.4,77.50137079555925,12.791065362962014,91,edit_009,edit_009
stl_midamerica_to_st_louis_union_station_2025-07-14_0035,midamerica_to_st_louis_union_station,MidAmerica to St. Louis Union Station,w_0035,0.0,0.3,0.4,0.3,79.32585200754008,10.578035101876322,93,edit_009,edit_009
stl_midamerica_to_st_louis_union_station_2025-07-14_0036,midamerica_to_st_louis_union_station,MidAmerica to St. Louis Union Station,w_0036,0.0,0.3,0.5,0.2,79.32585200754008,8.256095295913918,93,edit_009,edit_009
stl_midamerica_to_st_louis_union_station_2025-07-14_0037,midamerica_to_st_louis_union_station,MidAmerica to St. Louis Union Station,w_0037,0.0,0.3,0.6,0.1,83.74390489642414,5.688776654514715,101,edit_003,edit_003
stl_midamerica_to_st_louis_union_station_2025-07-14_0038,midamerica_to_st_louis_union_station,MidAmerica to St. Louis Union Station,w_0038,0.0,0.3,0.7,0.0,85.39486819182267,2.346886570639372,104,edit_003,edit_003
stl_midamerica_to_st_louis_union_station_2025-07-14_0039,midamerica_to_st_louis_union_station,MidAmerica to St. Louis Union Station,w_0039,0.0,0.4,0.0,0.6,71.94365013816504,17.0144003734919,89,edit_019,edit_024
stl_midamerica_to_st_louis_union_station_2025-07-14_0040,midamerica_to_st_louis_union_station,MidAmerica to St. Louis Union Station,w_0040,0.0,0.4,0.1,0.5,76.42852669805922,15.323658254179067,91,edit_008,edit_008
stl_midamerica_to_st_louis_union_station_2025-07-14_0041,midamerica_to_st_louis_union_station,MidAmerica to St. Louis Union Station,w_0041,0.0,0.4,0.2,0.4,77.87575839478387,13.525818373528004,92,edit_008,edit_008
stl_midamerica_to_st_louis_union_station_2025-07-14_0042,midamerica_to_st_louis_union_station,MidAmerica to St. Louis Union Station,w_0042,0.0,0.4,0.3,0.3,77.72132676798167,11.287793410567485,93,edit_008,edit_008
stl_midamerica_to_st_louis_union_station_2025-07-14_0043,midamerica_to_st_louis_union_station,MidAmerica to St. Louis Union Station,w_0043,0.0,0.4,0.4,0.2,79.32585200754008,8.999966543784966,93,edit_009,edit_009
stl_midamerica_to_st_louis_union_station_2025-07-14_0044,midamerica_to_st_louis_union_station,MidAmerica to St. Louis Union Station,w_0044,0.0,0.4,0.5,0.1,83.74392257168962,6.342375907553239,101,edit_003,edit_003
stl_midamerica_to_st_louis_union_station_2025-07-14_0045,midamerica_to_st_louis_union_station,MidAmerica to St. Louis Union Station,w_0045,0.0,0.4,0.6,0.0,85.39488586708815,2.9942385176653223,104,edit_003,edit_003
stl_midamerica_to_st_louis_union_station_2025-07-14_0046,midamerica_to_st_louis_union_station,MidAmerica to St. Louis Union Station,w_0046,0.0,0.5,0.0,0.5,71.94365013816504,15.86800046686487,89,edit_019,edit_024
stl_midamerica_to_st_louis_union_station_2025-07-14_0047,midamerica_to_st_louis_union_station,MidAmerica to St. Louis Union Station,w_0047,0.0,0.5,0.1,0.4,75.90404697702955,14.134004853679809,91,edit_008,edit_008
stl_midamerica_to_st_louis_union_station_2025-07-14_0048,midamerica_to_st_louis_union_station,MidAmerica to St. Louis Union Station,w_0048,0.0,0.5,0.2,0.3,77.72132676798167,11.945758189636948,93,edit_008,edit_008
stl_midamerica_to_st_louis_union_station_2025-07-14_0049,midamerica_to_st_louis_union_station,MidAmerica to St. Louis Union Station,w_0049,0.0,0.5,0.3,0.2,77.72132676798167,9.668034517392607,93,edit_008,edit_008
stl_midamerica_to_st_louis_union_station_2025-07-14_0050,midamerica_to_st_louis_union_station,MidAmerica to St. Louis Union Station,w_0050,0.0,0.5,0.4,0.1,83.74392257168962,6.965992624849125,101,edit_003,edit_003
stl_midamerica_to_st_louis_union_station_2025-07-14_0051,midamerica_to_st_louis_union_station,MidAmerica to St. Louis Union Station,w_0051,0.0,0.5,0.5,0.0,85.39488586708815,3.579490080867849,104,edit_003,edit_003
stl_midamerica_to_st_louis_union_station_2025-07-14_0052,midamerica_to_st_louis_union_station,MidAmerica to St. Louis Union Station,w_0052,0.0,0.6,0.0,0.4,70.35339602464116,14.586548565376532,89,edit_023,edit_010
stl_midamerica_to_st_louis_union_station_2025-07-14_0053,midamerica_to_st_louis_union_station,MidAmerica to St. Louis Union Station,w_0053,0.0,0.6,0.1,0.3,75.37119312840387,12.566993433696616,91,edit_008,edit_008
stl_midamerica_to_st_louis_union_station_2025-07-14_0054,midamerica_to_st_louis_union_station,MidAmerica to St. Louis Union Station,w_0054,0.0,0.6,0.2,0.2,80.28165246573795,10.287966586967478,96,edit_003,edit_003
stl_midamerica_to_st_louis_union_station_2025-07-14_0055,midamerica_to_st_louis_union_station,MidAmerica to St. Louis Union Station,w_0055,0.0,0.6,0.3,0.1,80.65661700850528,7.437494310162397,97,edit_003,edit_003
stl_midamerica_to_st_louis_union_station_2025-07-14_0056,midamerica_to_st_louis_union_station,MidAmerica to St. Louis Union Station,w_0056,0.0,0.6,0.4,0.0,85.39488586708815,4.164741644070375,104,edit_003,edit_003
stl_midamerica_to_st_louis_union_station_2025-07-14_0057,midamerica_to_st_louis_union_station,MidAmerica to St. Louis Union Station,w_0057,0.0,0.7,0.0,0.3,69.28710506487343,13.012907806960738,89,edit_023,edit_010
stl_midamerica_to_st_louis_union_station_2025-07-14_0058,midamerica_to_st_louis_union_station,MidAmerica to St. Louis Union Station,w_0058,0.0,0.7,0.1,0.2,80.28165246573795,10.54427514169106,96,edit_003,edit_003
stl_midamerica_to_st_louis_union_station_2025-07-14_0059,midamerica_to_st_louis_union_station,MidAmerica to St. Louis Union Station,w_0059,0.0,0.7,0.2,0.1,80.65653715313374,7.819397081177881,97,edit_003,edit_003
stl_midamerica_to_st_louis_union_station_2025-07-14_0060,midamerica_to_st_louis_union_station,MidAmerica to St. Louis Union Station,w_0060,0.0,0.7,0.3,0.0,85.39488586708815,4.749993207272901,104,edit_003,edit_003
stl_midamerica_to_st_louis_union_station_2025-07-14_0061,midamerica_to_st_louis_union_station,MidAmerica to St. Louis Union Station,w_0061,0.0,0.8,0.0,0.2,80.28165246573795,10.800583696414645,96,edit_003,edit_003
stl_midamerica_to_st_louis_union_station_2025-07-14_0062,midamerica_to_st_louis_union_station,MidAmerica to St. Louis Union Station,w_0062,0.0,0.8,0.1,0.1,80.28165246573795,8.14434810374289,96,edit_003,edit_003
stl_midamerica_to_st_louis_union_station_2025-07-14_0063,midamerica_to_st_louis_union_station,MidAmerica to St. Louis Union Station,w_0063,0.0,0.8,0.2,0.0,84.49352914842444,5.182156129037699,103,edit_003,edit_003
stl_midamerica_to_st_louis_union_station_2025-07-14_0064,midamerica_to_st_louis_union_station,MidAmerica to St. Louis Union Station,w_0064,0.0,0.9,0.0,0.1,81.18410160641125,8.363538711239034,97,edit_003,edit_003
stl_midamerica_to_st_louis_union_station_2025-07-14_0065,midamerica_to_st_louis_union_station,MidAmerica to St. Louis Union Station,w_0065,0.0,0.9,0.1,0.0,82.68540665552396,5.568226118933608,101,edit_003,edit_003
stl_midamerica_to_st_louis_union_station_2025-07-14_0066,midamerica_to_st_louis_union_station,MidAmerica to St. Louis Union Station,w_0066,0.0,1.0,0.0,0.0,82.30749957466145,5.704396135456905,100,edit_034,edit_031
stl_midamerica_to_st_louis_union_station_2025-07-14_0067,midamerica_to_st_louis_union_station,MidAmerica to St. Louis Union Station,w_0067,0.1,0.0,0.0,0.9,46.683328700980354,25.477802221113198,67,edit_014,edit_032
stl_midamerica_to_st_louis_union_station_2025-07-14_0068,midamerica_to_st_louis_union_station,MidAmerica to St. Louis Union Station,w_0068,0.1,0.0,0.1,0.8,50.42287313406991,24.10743676374193,67,edit_004,edit_002
stl_midamerica_to_st_louis_union_station_2025-07-14_0069,midamerica_to_st_louis_union_station,MidAmerica to St. Louis Union Station,w_0069,0.1,0.0,0.2,0.7,52.021477014890245,22.240286653150307,67,edit_004,edit_002
stl_midamerica_to_st_louis_union_station_2025-07-14_0070,midamerica_to_st_louis_union_station,MidAmerica to St. Louis Union Station,w_0070,0.1,0.0,0.3,0.6,52.55477764828831,20.325220226110908,67,edit_004,edit_002
stl_midamerica_to_st_louis_union_station_2025-07-14_0071,midamerica_to_st_louis_union_station,MidAmerica to St. Louis Union Station,w_0071,0.1,0.0,0.4,0.5,52.02298156717665,18.372470858755797,67,edit_004,edit_002
stl_midamerica_to_st_louis_union_station_2025-07-14_0072,midamerica_to_st_louis_union_station,MidAmerica to St. Louis Union Station,w_0072,0.1,0.0,0.5,0.4,52.02298156717665,16.314222185901997,67,edit_004,edit_002
stl_midamerica_to_st_louis_union_station_2025-07-14_0073,midamerica_to_st_louis_union_station,MidAmerica to St. Louis Union Station,w_0073,0.1,0.0,0.6,0.3,52.02298156717665,14.2559735130482,67,edit_004,edit_002
stl_midamerica_to_st_louis_union_station_2025-07-14_0074,midamerica_to_st_louis_union_station,MidAmerica to St. Louis Union Station,w_0074,0.1,0.0,0.7,0.2,51.49275186612879,12.182957229369991,67,edit_017,edit_011
stl_midamerica_to_st_louis_union_station_2025-07-14_0075,midamerica_to_st_louis_union_station,MidAmerica to St. Louis Union Station,w_0075,0.1,0.0,0.8,0.1,55.113803343138855,9.732523693305732,71,edit_017,edit_011
stl_midamerica_to_st_louis_union_station_2025-07-14_0076,midamerica_to_st_louis_union_station,MidAmerica to St. Louis Union Station,w_0076,0.1,0.0,0.9,0.0,54.96071711113502,6.048782344898061,75,edit_028,edit_025
stl_midamerica_to_st_louis_union_station_2025-07-14_0077,midamerica_to_st_louis_union_station,MidAmerica to St. Louis Union Station,w_0077,0.1,0.1,0.0,0.8,50.26499556893611,25.05124017127677,68,edit_010,edit_012
stl_midamerica_to_st_louis_union_station_2025-07-14_0078,midamerica_to_st_louis_union_station,MidAmerica to St. Louis Union Station,w_0078,0.1,0.1,0.1,0.7,53.465765838970455,23.701968785820803,68,edit_002,edit_001
stl_midamerica_to_st_louis_union_station_2025-07-14_0079,midamerica_to_st_louis_union_station,MidAmerica to St. Louis Union Station,w_0079,0.1,0.1,0.2,0.6,53.99867927941598,21.830064694493025,68,edit_002,edit_001
stl_midamerica_to_st_louis_union_station_2025-07-14_0080,midamerica_to_st_louis_union_station,MidAmerica to St. Louis Union Station,w_0080,0.1,0.1,0.3,0.5,53.99867927941598,19.93563085419832,68,edit_002,edit_001
stl_midamerica_to_st_louis_union_station_2025-07-14_0081,midamerica_to_st_louis_union_station,MidAmerica to St. Louis Union Station,w_0081,0.1,0.1,0.4,0.4,51.86525046749064,17.934143095405517,68,edit_015,edit_004
stl_midamerica_to_st_louis_union_station_2025-07-14_0082,midamerica_to_st_louis_union_station,MidAmerica to St. Louis Union Station,w_0082,0.1,0.1,0.5,0.3,52.93287581053439,15.896315342838124,68,edit_002,edit_001
stl_midamerica_to_st_louis_union_station_2025-07-14_0083,midamerica_to_st_louis_union_station,MidAmerica to St. Louis Union Station,w_0083,0.1,0.1,0.6,0.2,54.42276184112561,13.588384619595288,72,edit_017,edit_011
stl_midamerica_to_st_louis_union_station_2025-07-14_0084,midamerica_to_st_louis_union_station,MidAmerica to St. Louis Union Station,w_0084,0.1,0.1,0.7,0.1,57.39364335242174,10.74334273914257,73,edit_006,edit_005
stl_midamerica_to_st_louis_union_station_2025-07-14_0085,midamerica_to_st_louis_union_station,MidAmerica to St. Louis Union Station,w_0085,0.1,0.1,0.8,0.0,57.39364335242174,7.416548117547302,73,edit_006,edit_005
stl_midamerica_to_st_louis_union_station_2025-07-14_0086,midamerica_to_st_louis_union_station,MidAmerica to St. Louis Union Station,w_0086,0.1,0.2,0.0,0.7,50.79822797046764,24.213670939905384,68,edit_010,edit_012
stl_midamerica_to_st_louis_union_station_2025-07-14_0087,midamerica_to_st_louis_union_station,MidAmerica to St. Louis Union Station,w_0087,0.1,0.2,0.1,0.6,53.46611394470293,22.919066432036093,68,edit_002,edit_001
stl_midamerica_to_st_louis_union_station_2025-07-14_0088,midamerica_to_st_louis_union_station,MidAmerica to St. Louis Union Station,w_0088,0.1,0.2,0.2,0.5,52.93375723101754,21.16540307173249,68,edit_002,edit_001
stl_midamerica_to_st_louis_union_station_2025-07-14_0089,midamerica_to_st_louis_union_station,MidAmerica to St. Louis Union Station,w_0089,0.1,0.2,0.3,0.4,52.93329101011992,19.181671549280274,68,edit_002,edit_001
stl_midamerica_to_st_louis_union_station_2025-07-14_0090,midamerica_to_st_louis_union_station,MidAmerica to St. Louis Union Station,w_0090,0.1,0.2,0.4,0.3,51.86902815421272,17.108671809547342,68,edit_002,edit_001
stl_midamerica_to_st_louis_union_station_2025-07-14_0091,midamerica_to_st_louis_union_station,MidAmerica to St. Louis Union Station,w_0091,0.1,0.2,0.5,0.2,57.09258022253876,14.778124032487504,72,edit_035,edit_033
stl_midamerica_to_st_louis_union_station_2025-07-14_0092,midamerica_to_st_louis_union_station,MidAmerica to St. Louis Union Station,w_0092,0.1,0.2,0.6,0.1,57.92480074378174,11.52678728472095,73,edit_006,edit_005
stl_midamerica_to_st_louis_union_station_2025-07-14_0093,midamerica_to_st_louis_union_station,MidAmerica to St. Louis Union Station,w_0093,0.1,0.2,0.7,0.0,57.92480074378174,8.199992663125684,73,edit_006,edit_005
stl_midamerica_to_st_louis_union_station_2025-07-14_0094,midamerica_to_st_louis_union_station,MidAmerica to St. Louis Union Station,w_0094,0.1,0.3,0.0,0.6,50.79822797046764,23.35516966162613,68,edit_010,edit_012
stl_midamerica_to_st_louis_union_station_2025-07-14_0095,midamerica_to_st_louis_union_station,MidAmerica to St. Louis Union Station,w_0095,0.1,0.3,0.1,0.5,53.46550798302319,22.06348395032141,68,edit_002,edit_001
stl_midamerica_to_st_louis_union_station_2025-07-14_0096,midamerica_to_st_louis_union_station,MidAmerica to St. Louis Union Station,w_0096,0.1,0.3,0.2,0.4,52.93424329196074,20.285866617767997,68,edit_002,edit_001
stl_midamerica_to_st_louis_union_station_2025-07-14_0097,midamerica_to_st_louis_union_station,MidAmerica to St. Louis Union Station,w_0097,0.1,0.3,0.3,0.3,51.86902815421272,18.26536386626041,68,edit_002,edit_001
stl_midamerica_to_st_louis_union_station_2025-07-14_0098,midamerica_to_st_louis_union_station,MidAmerica to St. Louis Union Station,w_0098,0.1,0.3,0.4,0.2,55.90182126342378,15.395939951647758,69,edit_001,edit_006
stl_midamerica_to_st_louis_union_station_2025-07-14_0099,midamerica_to_st_louis_union_station,MidAmerica to St. Louis Union Station,w_0099,0.1,0.3,0.5,0.1,57.92481841904721,12.287726587813395,73,edit_006,edit_005
stl_midamerica_to_st_louis_union_station_2025-07-14_0100,midamerica_to_st_louis_union_station,MidAmerica to St. Louis Union Station,w_0100,0.1,0.3,0.6,0.0,58.67405689639363,8.941250367114648,75,edit_006,edit_005
stl_midamerica_to_st_louis_union_station_2025-07-14_0101,midamerica_to_st_louis_union_station,MidAmerica to St. Louis Union Station,w_0101,0.1,0.4,0.0,0.5,68.74647754525698,22.4203948056394,89,edit_019,edit_024
stl_midamerica_to_st_louis_union_station_2025-07-14_0102,midamerica_to_st_louis_union_station,MidAmerica to St. Louis Union Station,w_0102,0.1,0.4,0.1,0.4,67.68776111384146,21.062539386846595,89,edit_023,edit_010
stl_midamerica_to_st_louis_union_station_2025-07-14_0103,midamerica_to_st_louis_union_station,MidAmerica to St. Louis Union Station,w_0103,0.1,0.4,0.2,0.3,55.52693657602798,18.691511808370024,68,edit_001,edit_006
stl_midamerica_to_st_louis_union_station_2025-07-14_0104,midamerica_to_st_louis_union_station,MidAmerica to St. Louis Union Station,w_0104,0.1,0.4,0.3,0.2,55.90182126342378,15.86262460196117,69,edit_001,edit_006
stl_midamerica_to_st_louis_union_station_2025-07-14_0105,midamerica_to_st_louis_union_station,MidAmerica to St. Louis Union Station,w_0105,0.1,0.4,0.4,0.1,55.90182126342378,12.868843038789802,69,edit_001,edit_006
stl_midamerica_to_st_louis_union_station_2025-07-14_0106,midamerica_to_st_louis_union_station,MidAmerica to St. Louis Union Station,w_0106,0.1,0.4,0.5,0.0,58.67407457165911,9.613189668912268,75,edit_006,edit_005
stl_midamerica_to_st_louis_union_station_2025-07-14_0107,midamerica_to_st_louis_union_station,MidAmerica to St. Louis Union Station,w_0107,0.1,0.5,0.0,0.4,66.6216644425635,21.14627978251174,89,edit_023,edit_010
stl_midamerica_to_st_louis_union_station_2025-07-14_0108,midamerica_to_st_louis_union_station,MidAmerica to St. Louis Union Station,w_0108,0.1,0.5,0.1,0.3,55.52680328940044,19.02069594322004,68,edit_001,edit_006
stl_midamerica_to_st_louis_union_station_2025-07-14_0109,midamerica_to_st_louis_union_station,MidAmerica to St. Louis Union Station,w_0109,0.1,0.5,0.2,0.2,55.52693657602798,16.261841008980397,68,edit_001,edit_006
stl_midamerica_to_st_louis_union_station_2025-07-14_0110,midamerica_to_st_louis_union_station,MidAmerica to St. Louis Union Station,w_0110,0.1,0.5,0.3,0.1,55.90182126342378,13.335527689103213,69,edit_001,edit_006
stl_midamerica_to_st_louis_union_station_2025-07-14_0111,midamerica_to_st_louis_union_station,MidAmerica to St. Louis Union Station,w_0111,0.1,0.5,0.4,0.0,58.67407457165911,10.25514448968998,75,edit_006,edit_005
stl_midamerica_to_st_louis_union_station_2025-07-14_0112,midamerica_to_st_louis_union_station,MidAmerica to St. Louis Union Station,w_0112,0.1,0.6,0.0,0.3,55.52680328940044,19.330101085139585,68,edit_001,edit_006
stl_midamerica_to_st_louis_union_station_2025-07-14_0113,midamerica_to_st_louis_union_station,MidAmerica to St. Louis Union Station,w_0113,0.1,0.6,0.1,0.2,55.52680328940044,16.57386549246783,68,edit_001,edit_006
stl_midamerica_to_st_louis_union_station_2025-07-14_0114,midamerica_to_st_louis_union_station,MidAmerica to St. Louis Union Station,w_0114,0.1,0.6,0.2,0.1,55.901687976796254,13.787672029621929,69,edit_001,edit_006
stl_midamerica_to_st_louis_union_station_2025-07-14_0115,midamerica_to_st_louis_union_station,MidAmerica to St. Louis Union Station,w_0115,0.1,0.6,0.3,0.0,56.27623121044331,10.767378942352154,70,edit_001,edit_006
stl_midamerica_to_st_louis_union_station_2025-07-14_0116,midamerica_to_st_louis_union_station,MidAmerica to St. Louis Union Station,w_0116,0.1,0.7,0.0,0.2,55.52680328940044,16.883270634387372,68,edit_001,edit_006
stl_midamerica_to_st_louis_union_station_2025-07-14_0117,midamerica_to_st_louis_union_station,MidAmerica to St. Louis Union Station,w_0117,0.1,0.7,0.1,0.1,55.52680328940044,14.127035041715622,68,edit_001,edit_006
stl_midamerica_to_st_louis_union_station_2025-07-14_0118,midamerica_to_st_louis_union_station,MidAmerica to St. Louis Union Station,w_0118,0.1,0.7,0.2,0.0,56.27623121044331,11.220353914358313,70,edit_001,edit_006
stl_midamerica_to_st_louis_union_station_2025-07-14_0119,midamerica_to_st_louis_union_station,MidAmerica to St. Louis Union Station,w_0119,0.1,0.8,0.0,0.1,55.52680328940044,14.436440183635163,68,edit_001,edit_006
stl_midamerica_to_st_louis_union_station_2025-07-14_0120,midamerica_to_st_louis_union_station,MidAmerica to St. Louis Union Station,w_0120,0.1,0.8,0.1,0.0,55.901687976796254,11.648724330634144,69,edit_001,edit_006
stl_midamerica_to_st_louis_union_station_2025-07-14_0121,midamerica_to_st_louis_union_station,MidAmerica to St. Louis Union Station,w_0121,0.1,0.9,0.0,0.0,56.80421942151068,11.98823462919861,70,edit_001,edit_006
stl_midamerica_to_st_louis_union_station_2025-07-14_0122,midamerica_to_st_louis_union_station,MidAmerica to St. Louis Union Station,w_0122,0.2,0.0,0.0,0.8,46.683328700980354,28.35560444222638,67,edit_014,edit_032
stl_midamerica_to_st_louis_union_station_2025-07-14_0123,midamerica_to_st_louis_union_station,MidAmerica to St. Louis Union Station,w_0123,0.2,0.0,0.1,0.7,47.21606468336391,27.07343914928292,67,edit_030,edit_034
stl_midamerica_to_st_louis_union_station_2025-07-14_0124,midamerica_to_st_louis_union_station,MidAmerica to St. Louis Union Station,w_0124,0.2,0.0,0.2,0.6,50.42287313406991,25.614873527483844,67,edit_004,edit_002
stl_midamerica_to_st_louis_union_station_2025-07-14_0125,midamerica_to_st_louis_union_station,MidAmerica to St. Louis Union Station,w_0125,0.2,0.0,0.3,0.5,50.42290396915375,23.6970635137028,67,edit_004,edit_002
stl_midamerica_to_st_louis_union_station_2025-07-14_0126,midamerica_to_st_louis_union_station,MidAmerica to St. Louis Union Station,w_0126,0.2,0.0,0.4,0.4,50.95597228376553,21.69435396003796,67,edit_004,edit_002
stl_midamerica_to_st_louis_union_station_2025-07-14_0127,midamerica_to_st_louis_union_station,MidAmerica to St. Louis Union Station,w_0127,0.2,0.0,0.5,0.3,50.95597228376553,19.67392531091599,67,edit_004,edit_002
stl_midamerica_to_st_louis_union_station_2025-07-14_0128,midamerica_to_st_louis_union_station,MidAmerica to St. Louis Union Station,w_0128,0.2,0.0,0.6,0.2,51.49275186612879,17.61637515959155,67,edit_017,edit_011
stl_midamerica_to_st_louis_union_station_2025-07-14_0129,midamerica_to_st_louis_union_station,MidAmerica to St. Louis Union Station,w_0129,0.2,0.0,0.7,0.1,51.49275186612879,15.4100675719851,67,edit_017,edit_011
stl_midamerica_to_st_louis_union_station_2025-07-14_0130,midamerica_to_st_louis_union_station,MidAmerica to St. Louis Union Station,w_0130,0.2,0.0,0.8,0.0,54.96071711113502,12.097564689796124,75,edit_028,edit_025
stl_midamerica_to_st_louis_union_station_2025-07-14_0131,midamerica_to_st_louis_union_station,MidAmerica to St. Louis Union Station,w_0131,0.2,0.1,0.0,0.7,48.13050890304261,28.203098152160724,68,edit_024,edit_013
stl_midamerica_to_st_louis_union_station_2025-07-14_0132,midamerica_to_st_louis_union_station,MidAmerica to St. Louis Union Station,w_0132,0.2,0.1,0.1,0.6,49.1967922189162,26.94933802083323,68,edit_024,edit_013
stl_midamerica_to_st_louis_union_station_2025-07-14_0133,midamerica_to_st_louis_union_station,MidAmerica to St. Louis Union Station,w_0133,0.2,0.1,0.2,0.5,50.79966124716134,25.308993607070946,68,edit_015,edit_004
stl_midamerica_to_st_louis_union_station_2025-07-14_0134,midamerica_to_st_louis_union_station,MidAmerica to St. Louis Union Station,w_0134,0.2,0.1,0.3,0.4,51.33233702704511,23.329995807140584,68,edit_015,edit_004
stl_midamerica_to_st_louis_union_station_2025-07-14_0135,midamerica_to_st_louis_union_station,MidAmerica to St. Louis Union Station,w_0135,0.2,0.1,0.4,0.3,51.86525046749064,21.32224931802089,68,edit_015,edit_004
stl_midamerica_to_st_louis_union_station_2025-07-14_0136,midamerica_to_st_louis_union_station,MidAmerica to St. Louis Union Station,w_0136,0.2,0.1,0.5,0.2,51.86861295462717,19.181355529630046,68,edit_002,edit_001
stl_midamerica_to_st_louis_union_station_2025-07-14_0137,midamerica_to_st_louis_union_station,MidAmerica to St. Louis Union Station,w_0137,0.2,0.1,0.6,0.1,52.99321732987218,16.786948851112122,71,edit_017,edit_011
stl_midamerica_to_st_louis_union_station_2025-07-14_0138,midamerica_to_st_louis_union_station,MidAmerica to St. Louis Union Station,w_0138,0.2,0.1,0.7,0.0,55.27023693556784,13.597311000131777,73,edit_031,edit_035
stl_midamerica_to_st_louis_union_station_2025-07-14_0139,midamerica_to_st_louis_union_station,MidAmerica to St. Louis Union Station,w_0139,0.2,0.2,0.0,0.6,50.26499556893611,27.50248034255353,68,edit_010,edit_012
stl_midamerica_to_st_louis_union_station_2025-07-14_0140,midamerica_to_st_louis_union_station,MidAmerica to St. Louis Union Station,w_0140,0.2,0.2,0.1,0.5,50.79804601312807,26.314125161762075,68,edit_024,edit_013
stl_midamerica_to_st_louis_union_station_2025-07-14_0141,midamerica_to_st_louis_union_station,MidAmerica to St. Louis Union Station,w_0141,0.2,0.2,0.2,0.4,50.26985197783389,24.61762088383442,68,edit_002,edit_001
stl_midamerica_to_st_louis_union_station_2025-07-14_0142,midamerica_to_st_louis_union_station,MidAmerica to St. Louis Union Station,w_0142,0.2,0.2,0.3,0.3,51.33611471376718,22.513794162105835,68,edit_002,edit_001
stl_midamerica_to_st_louis_union_station_2025-07-14_0143,midamerica_to_st_louis_union_station,MidAmerica to St. Louis Union Station,w_0143,0.2,0.2,0.4,0.2,51.86902815421272,20.3771937910165,68,edit_002,edit_001
stl_midamerica_to_st_louis_union_station_2025-07-14_0144,midamerica_to_st_louis_union_station,MidAmerica to St. Louis Union Station,w_0144,0.2,0.2,0.5,0.1,57.39364335242174,17.827837072642524,73,edit_006,edit_005
stl_midamerica_to_st_louis_union_station_2025-07-14_0145,midamerica_to_st_louis_union_station,MidAmerica to St. Louis Union Station,w_0145,0.2,0.2,0.6,0.0,57.39364335242174,14.501042451047258,73,edit_006,edit_005
stl_midamerica_to_st_louis_union_station_2025-07-14_0146,midamerica_to_st_louis_union_station,MidAmerica to St. Louis Union Station,w_0146,0.2,0.3,0.0,0.5,50.26499556893611,26.68173269152873,68,edit_010,edit_012
stl_midamerica_to_st_louis_union_station_2025-07-14_0147,midamerica_to_st_louis_union_station,MidAmerica to St. Louis Union Station,w_0147,0.2,0.3,0.1,0.4,50.27205117683941,25.42042381994025,68,edit_020,edit_017
stl_midamerica_to_st_louis_union_station_2025-07-14_0148,midamerica_to_st_louis_union_station,MidAmerica to St. Louis Union Station,w_0148,0.2,0.3,0.2,0.3,51.338669292074655,23.59169782817556,68,edit_020,edit_017
stl_midamerica_to_st_louis_union_station_2025-07-14_0149,midamerica_to_st_louis_union_station,MidAmerica to St. Louis Union Station,w_0149,0.2,0.3,0.3,0.2,54.99577918466798,21.329171019676835,68,edit_005,edit_014
stl_midamerica_to_st_louis_union_station_2025-07-14_0150,midamerica_to_st_louis_union_station,MidAmerica to St. Louis Union Station,w_0150,0.2,0.3,0.4,0.1,55.370663872063794,18.345638574153707,69,edit_005,edit_014
stl_midamerica_to_st_louis_union_station_2025-07-14_0151,midamerica_to_st_louis_union_station,MidAmerica to St. Louis Union Station,w_0151,0.2,0.3,0.5,0.0,57.39366102768722,15.30006912986593,73,edit_006,edit_005
stl_midamerica_to_st_louis_union_station_2025-07-14_0152,midamerica_to_st_louis_union_station,MidAmerica to St. Louis Union Station,w_0152,0.2,0.4,0.0,0.4,49.73368752232152,25.753344240102837,68,edit_010,edit_012
stl_midamerica_to_st_louis_union_station_2025-07-14_0153,midamerica_to_st_louis_union_station,MidAmerica to St. Louis Union Station,w_0153,0.2,0.4,0.1,0.3,50.807803255887286,24.214091189032807,68,edit_020,edit_017
stl_midamerica_to_st_louis_union_station_2025-07-14_0154,midamerica_to_st_louis_union_station,MidAmerica to St. Louis Union Station,w_0154,0.2,0.4,0.2,0.2,55.52693657602798,21.70261026707818,68,edit_001,edit_006
stl_midamerica_to_st_louis_union_station_2025-07-14_0155,midamerica_to_st_louis_union_station,MidAmerica to St. Louis Union Station,w_0155,0.2,0.4,0.3,0.1,55.90182126342378,18.81498154486827,69,edit_001,edit_006
stl_midamerica_to_st_louis_union_station_2025-07-14_0156,midamerica_to_st_louis_union_station,MidAmerica to St. Louis Union Station,w_0156,0.2,0.4,0.4,0.0,55.90182126342378,15.821199981696902,69,edit_001,edit_006
stl_midamerica_to_st_louis_union_station_2025-07-14_0157,midamerica_to_st_louis_union_station,MidAmerica to St. Louis Union Station,w_0157,0.2,0.5,0.0,0.3,51.93106213249877,24.65145602209108,71,edit_029,edit_026
stl_midamerica_to_st_louis_union_station_2025-07-14_0158,midamerica_to_st_louis_union_station,MidAmerica to St. Louis Union Station,w_0158,0.2,0.5,0.1,0.2,55.52680328940044,22.031779732872888,68,edit_001,edit_006
stl_midamerica_to_st_louis_union_station_2025-07-14_0159,midamerica_to_st_louis_union_station,MidAmerica to St. Louis Union Station,w_0159,0.2,0.5,0.2,0.1,55.52693657602798,19.272939467688555,68,edit_001,edit_006
stl_midamerica_to_st_louis_union_station_2025-07-14_0160,midamerica_to_st_louis_union_station,MidAmerica to St. Louis Union Station,w_0160,0.2,0.5,0.3,0.0,55.90182126342378,16.28788463201031,69,edit_001,edit_006
stl_midamerica_to_st_louis_union_station_2025-07-14_0161,midamerica_to_st_louis_union_station,MidAmerica to St. Louis Union Station,w_0161,0.2,0.6,0.0,0.2,55.52680328940044,22.341184874792432,68,edit_001,edit_006
stl_midamerica_to_st_louis_union_station_2025-07-14_0162,midamerica_to_st_louis_union_station,MidAmerica to St. Louis Union Station,w_0162,0.2,0.6,0.1,0.1,55.52680328940044,19.58494928212068,68,edit_001,edit_006
stl_midamerica_to_st_louis_union_station_2025-07-14_0163,midamerica_to_st_louis_union_station,MidAmerica to St. Louis Union Station,w_0163,0.2,0.6,0.2,0.0,55.901687976796254,16.740014303473714,69,edit_001,edit_006
stl_midamerica_to_st_louis_union_station_2025-07-14_0164,midamerica_to_st_louis_union_station,MidAmerica to St. Louis Union Station,w_0164,0.2,0.7,0.0,0.1,55.52680328940044,19.89435442404022,68,edit_001,edit_006
stl_midamerica_to_st_louis_union_station_2025-07-14_0165,midamerica_to_st_louis_union_station,MidAmerica to St. Louis Union Station,w_0165,0.2,0.7,0.1,0.0,55.52680328940044,17.138118831368466,68,edit_001,edit_006
stl_midamerica_to_st_louis_union_station_2025-07-14_0166,midamerica_to_st_louis_union_station,MidAmerica to St. Louis Union Station,w_0166,0.2,0.8,0.0,0.0,55.52680328940044,17.447523973288007,68,edit_001,edit_006
stl_midamerica_to_st_louis_union_station_2025-07-14_0167,midamerica_to_st_louis_union_station,MidAmerica to St. Louis Union Station,w_0167,0.25,0.25,0.25,0.25,50.26985197783389,24.672026104793023,68,edit_002,edit_001
stl_midamerica_to_st_louis_union_station_2025-07-14_0168,midamerica_to_st_louis_union_station,MidAmerica to St. Louis Union Station,w_0168,0.3,0.0,0.0,0.7,46.683328700980354,31.23340666333956,67,edit_014,edit_032
stl_midamerica_to_st_louis_union_station_2025-07-14_0169,midamerica_to_st_louis_union_station,MidAmerica to St. Louis Union Station,w_0169,0.3,0.0,0.1,0.6,46.6863488453,29.966512652223894,67,edit_011,edit_018
stl_midamerica_to_st_louis_union_station_2025-07-14_0170,midamerica_to_st_louis_union_station,MidAmerica to St. Louis Union Station,w_0170,0.3,0.0,0.2,0.5,47.21606468336391,28.61044503742786,67,edit_030,edit_034
stl_midamerica_to_st_louis_union_station_2025-07-14_0171,midamerica_to_st_louis_union_station,MidAmerica to St. Louis Union Station,w_0171,0.3,0.0,0.3,0.4,49.35728536820663,26.86671983670024,67,edit_004,edit_002
stl_midamerica_to_st_louis_union_station_2025-07-14_0172,midamerica_to_st_louis_union_station,MidAmerica to St. Louis Union Station,w_0172,0.3,0.0,0.4,0.3,49.8899611480904,24.921380011684423,67,edit_004,edit_002
stl_midamerica_to_st_louis_union_station_2025-07-14_0173,midamerica_to_st_louis_union_station,MidAmerica to St. Louis Union Station,w_0173,0.3,0.0,0.5,0.2,49.89008706389804,22.896063796865025,67,edit_004,edit_002
stl_midamerica_to_st_louis_union_station_2025-07-14_0174,midamerica_to_st_louis_union_station,MidAmerica to St. Louis Union Station,w_0174,0.3,0.0,0.6,0.1,50.42395464513187,20.76336908530001,67,edit_004,edit_002
stl_midamerica_to_st_louis_union_station_2025-07-14_0175,midamerica_to_st_louis_union_station,MidAmerica to St. Louis Union Station,w_0175,0.3,0.0,0.7,0.0,53.67875648949753,18.12006837009155,73,edit_028,edit_025
stl_midamerica_to_st_louis_union_station_2025-07-14_0176,midamerica_to_st_louis_union_station,MidAmerica to St. Louis Union Station,w_0176,0.3,0.1,0.0,0.6,47.22076683153593,31.190444278917205,67,edit_021,edit_019
stl_midamerica_to_st_louis_union_station_2025-07-14_0177,midamerica_to_st_louis_union_station,MidAmerica to St. Louis Union Station,w_0177,0.3,0.1,0.1,0.5,47.22076723865965,30.06447789787655,67,edit_021,edit_019
stl_midamerica_to_st_louis_union_station_2025-07-14_0178,midamerica_to_st_louis_union_station,MidAmerica to St. Louis Union Station,w_0178,0.3,0.1,0.2,0.4,50.26647709644617,28.528054426119876,68,edit_015,edit_004
stl_midamerica_to_st_louis_union_station_2025-07-14_0179,midamerica_to_st_louis_union_station,MidAmerica to St. Louis Union Station,w_0179,0.3,0.1,0.3,0.3,50.26647709644617,26.64243866411465,68,edit_015,edit_004
stl_midamerica_to_st_louis_union_station_2025-07-14_0180,midamerica_to_st_louis_union_station,MidAmerica to St. Louis Union Station,w_0180,0.3,0.1,0.4,0.2,50.266902293184735,24.584032074381163,68,edit_015,edit_004
stl_midamerica_to_st_louis_union_station_2025-07-14_0181,midamerica_to_st_louis_union_station,MidAmerica to St. Louis Union Station,w_0181,0.3,0.1,0.5,0.1,50.95400377825423,22.437420886083363,67,edit_026,edit_020
stl_midamerica_to_st_louis_union_station_2025-07-14_0182,midamerica_to_st_louis_union_station,MidAmerica to St. Louis Union Station,w_0182,0.3,0.1,0.6,0.0,55.27023693556784,19.64695262494532,73,edit_031,edit_035
stl_midamerica_to_st_louis_union_station_2025-07-14_0183,midamerica_to_st_louis_union_station,MidAmerica to St. Louis Union Station,w_0183,0.3,0.2,0.0,0.5,48.66685213560263,30.668041392314706,68,edit_018,edit_021
stl_midamerica_to_st_louis_union_station_2025-07-14_0184,midamerica_to_st_louis_union_station,MidAmerica to St. Louis Union Station,w_0184,0.3,0.2,0.1,0.4,49.73381381736994,29.473549600125693,68,edit_018,edit_021
stl_midamerica_to_st_louis_union_station_2025-07-14_0185,midamerica_to_st_louis_union_station,MidAmerica to St. Louis Union Station,w_0185,0.3,0.2,0.2,0.3,49.73659730515057,27.70346913725555,68,edit_002,edit_001
stl_midamerica_to_st_louis_union_station_2025-07-14_0186,midamerica_to_st_louis_union_station,MidAmerica to St. Louis Union Station,w_0186,0.3,0.2,0.3,0.2,50.27012372858741,25.713540815789944,68,edit_002,edit_001
stl_midamerica_to_st_louis_union_station_2025-07-14_0187,midamerica_to_st_louis_union_station,MidAmerica to St. Louis Union Station,w_0187,0.3,0.2,0.4,0.1,51.33611471376718,23.61424734705008,68,edit_002,edit_001
stl_midamerica_to_st_louis_union_station_2025-07-14_0188,midamerica_to_st_louis_union_station,MidAmerica to St. Louis Union Station,w_0188,0.3,0.2,0.5,0.0,55.370663872063794,20.734768130424435,69,edit_005,edit_014
stl_midamerica_to_st_louis_union_station_2025-07-14_0189,midamerica_to_st_louis_union_station,MidAmerica to St. Louis Union Station,w_0189,0.3,0.3,0.0,0.4,49.20045512079,29.782482943117287,68,edit_010,edit_012
stl_midamerica_to_st_louis_union_station_2025-07-14_0190,midamerica_to_st_louis_union_station,MidAmerica to St. Louis Union Station,w_0190,0.3,0.3,0.1,0.3,49.20412100031393,28.41270971501483,68,edit_002,edit_001
stl_midamerica_to_st_louis_union_station_2025-07-14_0191,midamerica_to_st_louis_union_station,MidAmerica to St. Louis Union Station,w_0191,0.3,0.3,0.2,0.2,49.73710070878381,26.68339021983051,68,edit_002,edit_001
stl_midamerica_to_st_louis_union_station_2025-07-14_0192,midamerica_to_st_louis_union_station,MidAmerica to St. Louis Union Station,w_0192,0.3,0.3,0.3,0.1,55.370663872063794,24.233319774358165,69,edit_005,edit_014
stl_midamerica_to_st_louis_union_station_2025-07-14_0193,midamerica_to_st_louis_union_station,MidAmerica to St. Louis Union Station,w_0193,0.3,0.3,0.4,0.0,55.370663872063794,21.2395382111868,69,edit_005,edit_014
stl_midamerica_to_st_louis_union_station_2025-07-14_0194,midamerica_to_st_louis_union_station,MidAmerica to St. Louis Union Station,w_0194,0.3,0.4,0.0,0.3,49.20045512079,28.88181566247619,68,edit_010,edit_012
stl_midamerica_to_st_louis_union_station_2025-07-14_0195,midamerica_to_st_louis_union_station,MidAmerica to St. Louis Union Station,w_0195,0.3,0.4,0.1,0.2,50.807803255887286,27.245818507579767,68,edit_020,edit_017
stl_midamerica_to_st_louis_union_station_2025-07-14_0196,midamerica_to_st_louis_union_station,MidAmerica to St. Louis Union Station,w_0196,0.3,0.4,0.2,0.1,54.99577918466798,24.69067852996013,68,edit_005,edit_014
stl_midamerica_to_st_louis_union_station_2025-07-14_0197,midamerica_to_st_louis_union_station,MidAmerica to St. Louis Union Station,w_0197,0.3,0.4,0.3,0.0,55.370663872063794,21.744308291949164,69,edit_005,edit_014
stl_midamerica_to_st_louis_union_station_2025-07-14_0198,midamerica_to_st_louis_union_station,MidAmerica to St. Louis Union Station,w_0198,0.3,0.5,0.0,0.2,51.93172241795522,27.707194361614643,71,edit_029,edit_026
stl_midamerica_to_st_louis_union_station_2025-07-14_0199,midamerica_to_st_louis_union_station,MidAmerica to St. Louis Union Station,w_0199,0.3,0.5,0.1,0.1,55.52680328940044,25.04286352252573,68,edit_001,edit_006
stl_midamerica_to_st_louis_union_station_2025-07-14_0200,midamerica_to_st_louis_union_station,MidAmerica to St. Louis Union Station,w_0200,0.3,0.5,0.2,0.0,55.90182126342378,22.234023138088777,69,edit_001,edit_006
stl_midamerica_to_st_louis_union_station_2025-07-14_0201,midamerica_to_st_louis_union_station,MidAmerica to St. Louis Union Station,w_0201,0.3,0.6,0.0,0.1,55.52680328940044,25.352268664445276,68,edit_001,edit_006
stl_midamerica_to_st_louis_union_station_2025-07-14_0202,midamerica_to_st_louis_union_station,MidAmerica to St. Louis Union Station,w_0202,0.3,0.6,0.1,0.0,55.52680328940044,22.59603307177352,68,edit_001,edit_006
stl_midamerica_to_st_louis_union_station_2025-07-14_0203,midamerica_to_st_louis_union_station,MidAmerica to St. Louis Union Station,w_0203,0.3,0.7,0.0,0.0,55.52680328940044,22.90543821369306,68,edit_001,edit_006
stl_midamerica_to_st_louis_union_station_2025-07-14_0204,midamerica_to_st_louis_union_station,MidAmerica to St. Louis Union Station,w_0204,0.4,0.0,0.0,0.6,46.683328700980354,34.11120888445275,67,edit_014,edit_032
stl_midamerica_to_st_louis_union_station_2025-07-14_0205,midamerica_to_st_louis_union_station,MidAmerica to St. Louis Union Station,w_0205,0.4,0.0,0.1,0.5,46.6863488453,32.8446472597505,67,edit_011,edit_018
stl_midamerica_to_st_louis_union_station_2025-07-14_0206,midamerica_to_st_louis_union_station,MidAmerica to St. Louis Union Station,w_0206,0.4,0.0,0.2,0.4,46.68720216680703,31.509104308018728,67,edit_011,edit_018
stl_midamerica_to_st_louis_union_station_2025-07-14_0207,midamerica_to_st_louis_union_station,MidAmerica to St. Louis Union Station,w_0207,0.4,0.0,0.3,0.3,48.29106539734352,29.91232729265006,67,edit_004,edit_002
stl_midamerica_to_st_louis_union_station_2025-07-14_0208,midamerica_to_st_louis_union_station,MidAmerica to St. Louis Union Station,w_0208,0.4,0.0,0.4,0.2,48.29177135444826,27.926652103932312,67,edit_004,edit_002
stl_midamerica_to_st_louis_union_station_2025-07-14_0209,midamerica_to_st_louis_union_station,MidAmerica to St. Louis Union Station,w_0209,0.4,0.0,0.5,0.1,48.82475935874157,25.87892278850381,67,edit_004,edit_002
stl_midamerica_to_st_louis_union_station_2025-07-14_0210,midamerica_to_st_louis_union_station,MidAmerica to St. Louis Union Station,w_0210,0.4,0.0,0.6,0.0,49.35121742079236,23.48461345098499,67,edit_027,edit_022
stl_midamerica_to_st_louis_union_station_2025-07-14_0211,midamerica_to_st_louis_union_station,MidAmerica to St. Louis Union Station,w_0211,0.4,0.1,0.0,0.5,47.22076683153593,34.12739504186994,67,edit_021,edit_019
stl_midamerica_to_st_louis_union_station_2025-07-14_0212,midamerica_to_st_louis_union_station,MidAmerica to St. Louis Union Station,w_0212,0.4,0.1,0.1,0.4,46.68855581430458,32.93193444867649,67,edit_012,edit_023
stl_midamerica_to_st_louis_union_station_2025-07-14_0213,midamerica_to_st_louis_union_station,MidAmerica to St. Louis Union Station,w_0213,0.4,0.1,0.2,0.3,47.59884027886957,31.52043873794,68,edit_018,edit_021
stl_midamerica_to_st_louis_union_station_2025-07-14_0214,midamerica_to_st_louis_union_station,MidAmerica to St. Louis Union Station,w_0214,0.4,0.1,0.3,0.2,48.66778731711291,29.62375085133961,68,edit_015,edit_004
stl_midamerica_to_st_louis_union_station_2025-07-14_0215,midamerica_to_st_louis_union_station,MidAmerica to St. Louis Union Station,w_0215,0.4,0.1,0.4,0.1,48.82479136738596,27.63390693850024,67,edit_004,edit_002
stl_midamerica_to_st_louis_union_station_2025-07-14_0216,midamerica_to_st_louis_union_station,MidAmerica to St. Louis Union Station,w_0216,0.4,0.1,0.5,0.0,49.88520655725733,25.11659399011139,67,edit_027,edit_022
stl_midamerica_to_st_louis_union_station_2025-07-14_0217,midamerica_to_st_louis_union_station,MidAmerica to St. Louis Union Station,w_0217,0.4,0.2,0.0,0.4,48.66685213560263,33.70414319470471,68,edit_018,edit_021
stl_midamerica_to_st_louis_union_station_2025-07-14_0218,midamerica_to_st_louis_union_station,MidAmerica to St. Louis Union Station,w_0218,0.4,0.2,0.1,0.3,49.20412100031393,32.454925128698136,68,edit_002,edit_001
stl_midamerica_to_st_louis_union_station_2025-07-14_0219,midamerica_to_st_louis_union_station,MidAmerica to St. Louis Union Station,w_0219,0.4,0.2,0.2,0.2,49.20361759668069,30.695930608535463,68,edit_002,edit_001
stl_midamerica_to_st_louis_union_station_2025-07-14_0220,midamerica_to_st_louis_union_station,MidAmerica to St. Louis Union Station,w_0220,0.4,0.2,0.3,0.1,50.27012372858741,28.80609302522455,68,edit_002,edit_001
stl_midamerica_to_st_louis_union_station_2025-07-14_0221,midamerica_to_st_louis_union_station,MidAmerica to St. Louis Union Station,w_0221,0.4,0.2,0.4,0.0,52.87294603060109,26.358712018264956,68,edit_036,edit_036
stl_midamerica_to_st_louis_union_station_2025-07-14_0222,midamerica_to_st_louis_union_station,MidAmerica to St. Louis Union Station,w_0222,0.4,0.3,0.0,0.3,49.20045512079,32.87731120479747,68,edit_010,edit_012
stl_midamerica_to_st_louis_union_station_2025-07-14_0223,midamerica_to_st_louis_union_station,MidAmerica to St. Louis Union Station,w_0223,0.4,0.3,0.1,0.2,49.20412100031393,31.3879414304436,68,edit_002,edit_001
stl_midamerica_to_st_louis_union_station_2025-07-14_0224,midamerica_to_st_louis_union_station,MidAmerica to St. Louis Union Station,w_0224,0.4,0.3,0.2,0.1,49.20412100031393,29.67590709393574,68,edit_002,edit_001
stl_midamerica_to_st_louis_union_station_2025-07-14_0225,midamerica_to_st_louis_union_station,MidAmerica to St. Louis Union Station,w_0225,0.4,0.3,0.3,0.0,54.99666073900058,27.116966925867263,68,edit_005,edit_014
stl_midamerica_to_st_louis_union_station_2025-07-14_0226,midamerica_to_st_louis_union_station,MidAmerica to St. Louis Union Station,w_0226,0.4,0.4,0.0,0.2,49.20045512079,31.97664392415638,68,edit_010,edit_012
stl_midamerica_to_st_louis_union_station_2025-07-14_0227,midamerica_to_st_louis_union_station,MidAmerica to St. Louis Union Station,w_0227,0.4,0.4,0.1,0.1,50.807803255887286,30.277545826126733,68,edit_020,edit_017
stl_midamerica_to_st_louis_union_station_2025-07-14_0228,midamerica_to_st_louis_union_station,MidAmerica to St. Louis Union Station,w_0228,0.4,0.4,0.2,0.0,54.99666073900058,27.61825106258461,68,edit_005,edit_014
stl_midamerica_to_st_louis_union_station_2025-07-14_0229,midamerica_to_st_louis_union_station,MidAmerica to St. Louis Union Station,w_0229,0.4,0.5,0.0,0.1,51.93172241795522,30.762616252247746,71,edit_029,edit_026
stl_midamerica_to_st_louis_union_station_2025-07-14_0230,midamerica_to_st_louis_union_station,MidAmerica to St. Louis Union Station,w_0230,0.4,0.5,0.1,0.0,54.99564589804045,28.01054524092732,68,edit_005,edit_014
stl_midamerica_to_st_louis_union_station_2025-07-14_0231,midamerica_to_st_louis_union_station,MidAmerica to St. Louis Union Station,w_0231,0.4,0.6,0.0,0.0,54.99564589804045,28.35803581329581,68,edit_005,edit_014
stl_midamerica_to_st_louis_union_station_2025-07-14_0232,midamerica_to_st_louis_union_station,MidAmerica to St. Louis Union Station,w_0232,0.5,0.0,0.0,0.5,46.683328700980354,36.98901110556593,67,edit_014,edit_032
stl_midamerica_to_st_louis_union_station_2025-07-14_0233,midamerica_to_st_louis_union_station,MidAmerica to St. Louis Union Station,w_0233,0.5,0.0,0.1,0.4,46.6863488453,35.72278186727711,67,edit_011,edit_018
stl_midamerica_to_st_louis_union_station_2025-07-14_0234,midamerica_to_st_louis_union_station,MidAmerica to St. Louis Union Station,w_0234,0.5,0.0,0.2,0.3,46.68720216680703,34.32733282909554,67,edit_011,edit_018
stl_midamerica_to_st_louis_union_station_2025-07-14_0235,midamerica_to_st_louis_union_station,MidAmerica to St. Louis Union Station,w_0235,0.5,0.0,0.3,0.2,46.68743496936008,32.74914716855526,67,edit_011,edit_018
stl_midamerica_to_st_louis_union_station_2025-07-14_0236,midamerica_to_st_louis_union_station,MidAmerica to St. Louis Union Station,w_0236,0.5,0.0,0.4,0.1,47.215195785925495,30.77838493367871,67,edit_007,edit_015
stl_midamerica_to_st_louis_union_station_2025-07-14_0237,midamerica_to_st_louis_union_station,MidAmerica to St. Louis Union Station,w_0237,0.5,0.0,0.5,0.0,47.74993718447752,28.490153783454023,67,edit_037,edit_037
stl_midamerica_to_st_louis_union_station_2025-07-14_0238,midamerica_to_st_louis_union_station,MidAmerica to St. Louis Union Station,w_0238,0.5,0.1,0.0,0.4,46.68855540718086,36.96935411859173,67,edit_012,edit_023
stl_midamerica_to_st_louis_union_station_2025-07-14_0239,midamerica_to_st_louis_union_station,MidAmerica to St. Louis Union Station,w_0239,0.5,0.1,0.1,0.3,46.68855581430458,35.75031194741435,67,edit_012,edit_023
stl_midamerica_to_st_louis_union_station_2025-07-14_0240,midamerica_to_st_louis_union_station,MidAmerica to St. Louis Union Station,w_0240,0.5,0.1,0.2,0.2,46.68979696010706,34.30818195501446,67,edit_021,edit_019
stl_midamerica_to_st_louis_union_station_2025-07-14_0241,midamerica_to_st_louis_union_station,MidAmerica to St. Louis Union Station,w_0241,0.5,0.1,0.3,0.1,46.68198871046209,32.39002389833607,67,edit_007,edit_015
stl_midamerica_to_st_louis_union_station_2025-07-14_0242,midamerica_to_st_louis_union_station,MidAmerica to St. Louis Union Station,w_0242,0.5,0.1,0.4,0.0,48.286091581185495,30.15618188907673,67,edit_027,edit_022
stl_midamerica_to_st_louis_union_station_2025-07-14_0243,midamerica_to_st_louis_union_station,MidAmerica to St. Louis Union Station,w_0243,0.5,0.2,0.0,0.3,47.0639138100706,36.62056009095311,68,edit_012,edit_023
stl_midamerica_to_st_louis_union_station_2025-07-14_0244,midamerica_to_st_louis_union_station,MidAmerica to St. Louis Union Station,w_0244,0.5,0.2,0.1,0.2,47.59787669805211,35.37715338386683,68,edit_024,edit_013
stl_midamerica_to_st_louis_union_station_2025-07-14_0245,midamerica_to_st_louis_union_station,MidAmerica to St. Louis Union Station,w_0245,0.5,0.2,0.2,0.1,49.20361759668069,33.671106921138914,68,edit_002,edit_001
stl_midamerica_to_st_louis_union_station_2025-07-14_0246,midamerica_to_st_louis_union_station,MidAmerica to St. Louis Union Station,w_0246,0.5,0.2,0.3,0.0,48.822659498696126,31.564560306538954,67,edit_026,edit_020
stl_midamerica_to_st_louis_union_station_2025-07-14_0247,midamerica_to_st_louis_union_station,MidAmerica to St. Louis Union Station,w_0247,0.5,0.3,0.0,0.2,48.66685213560263,35.920112989667054,68,edit_018,edit_021
stl_midamerica_to_st_louis_union_station_2025-07-14_0248,midamerica_to_st_louis_union_station,MidAmerica to St. Louis Union Station,w_0248,0.5,0.3,0.1,0.1,49.20412100031393,34.36317314587236,68,edit_002,edit_001
stl_midamerica_to_st_louis_union_station_2025-07-14_0249,midamerica_to_st_louis_union_station,MidAmerica to St. Louis Union Station,w_0249,0.5,0.3,0.2,0.0,48.82056491560627,32.5988951645244,67,edit_026,edit_020
stl_midamerica_to_st_louis_union_station_2025-07-14_0250,midamerica_to_st_louis_union_station,MidAmerica to St. Louis Union Station,w_0250,0.5,0.4,0.0,0.1,49.203575913705706,35.00792383259433,68,edit_002,edit_001
stl_midamerica_to_st_louis_union_station_2025-07-14_0251,midamerica_to_st_louis_union_station,MidAmerica to St. Louis Union Station,w_0251,0.5,0.4,0.1,0.0,49.20412100031393,33.29618944761781,68,edit_002,edit_001
stl_midamerica_to_st_louis_union_station_2025-07-14_0252,midamerica_to_st_louis_union_station,MidAmerica to St. Louis Union Station,w_0252,0.5,0.5,0.0,0.0,54.99564589804045,33.71940731737791,68,edit_005,edit_014
stl_midamerica_to_st_louis_union_station_2025-07-14_0253,midamerica_to_st_louis_union_station,MidAmerica to St. Louis Union Station,w_0253,0.6,0.0,0.0,0.4,46.683328700980354,39.86681332667912,67,edit_014,edit_032
stl_midamerica_to_st_louis_union_station_2025-07-14_0254,midamerica_to_st_louis_union_station,MidAmerica to St. Louis Union Station,w_0254,0.6,0.0,0.1,0.3,46.6863488453,38.60091647480371,67,edit_011,edit_018
stl_midamerica_to_st_louis_union_station_2025-07-14_0255,midamerica_to_st_louis_union_station,MidAmerica to St. Louis Union Station,w_0255,0.6,0.0,0.2,0.2,46.68743496936008,37.12144249237898,67,edit_011,edit_018
stl_midamerica_to_st_louis_union_station_2025-07-14_0256,midamerica_to_st_louis_union_station,MidAmerica to St. Louis Union Station,w_0256,0.6,0.0,0.3,0.1,46.68183425455876,35.341245684057895,67,edit_007,edit_015
stl_midamerica_to_st_louis_union_station_2025-07-14_0257,midamerica_to_st_louis_union_station,MidAmerica to St. Louis Union Station,w_0257,0.6,0.0,0.4,0.0,46.68183425455876,33.1397187501705,67,edit_007,edit_015
stl_midamerica_to_st_louis_union_station_2025-07-14_0258,midamerica_to_st_louis_union_station,MidAmerica to St. Louis Union Station,w_0258,0.6,0.1,0.0,0.3,46.68855540718086,39.78773157252298,67,edit_012,edit_023
stl_midamerica_to_st_louis_union_station_2025-07-14_0259,midamerica_to_st_louis_union_station,MidAmerica to St. Louis Union Station,w_0259,0.6,0.1,0.1,0.2,46.68855581430458,38.56868944615221,67,edit_012,edit_023
stl_midamerica_to_st_louis_union_station_2025-07-14_0260,midamerica_to_st_louis_union_station,MidAmerica to St. Louis Union Station,w_0260,0.6,0.1,0.2,0.1,46.68198871046209,36.94920557871449,67,edit_007,edit_015
stl_midamerica_to_st_louis_union_station_2025-07-14_0261,midamerica_to_st_louis_union_station,MidAmerica to St. Louis Union Station,w_0261,0.6,0.1,0.3,0.0,46.68198871046209,34.74767864482709,67,edit_007,edit_015
stl_midamerica_to_st_louis_union_station_2025-07-14_0262,midamerica_to_st_louis_union_station,MidAmerica to St. Louis Union Station,w_0262,0.6,0.2,0.0,0.2,46.68855540718086,39.465198421458375,67,edit_012,edit_023
stl_midamerica_to_st_louis_union_station_2025-07-14_0263,midamerica_to_st_louis_union_station,MidAmerica to St. Louis Union Station,w_0263,0.6,0.2,0.1,0.1,46.682915521547024,38.18850360091871,67,edit_025,edit_027
stl_midamerica_to_st_louis_union_station_2025-07-14_0264,midamerica_to_st_louis_union_station,MidAmerica to St. Louis Union Station,w_0264,0.6,0.2,0.2,0.0,46.68314764869211,36.3158679103472,67,edit_025,edit_027
stl_midamerica_to_st_louis_union_station_2025-07-14_0265,midamerica_to_st_louis_union_station,MidAmerica to St. Louis Union Station,w_0265,0.6,0.3,0.0,0.1,48.66685213560263,38.95621479205706,68,edit_018,edit_021
stl_midamerica_to_st_louis_union_station_2025-07-14_0266,midamerica_to_st_louis_union_station,MidAmerica to St. Louis Union Station,w_0266,0.6,0.3,0.1,0.0,46.66649950871994,37.333828428405546,67,edit_022,edit_028
stl_midamerica_to_st_louis_union_station_2025-07-14_0267,midamerica_to_st_louis_union_station,MidAmerica to St. Louis Union Station,w_0267,0.6,0.4,0.0,0.0,46.66599661404935,37.76103496698872,67,edit_022,edit_028
stl_midamerica_to_st_louis_union_station_2025-07-14_0268,midamerica_to_st_louis_union_station,MidAmerica to St. Louis Union Station,w_0268,0.7,0.0,0.0,0.3,46.683328700980354,42.74461554779229,67,edit_014,edit_032
stl_midamerica_to_st_louis_union_station_2025-07-14_0269,midamerica_to_st_louis_union_station,MidAmerica to St. Louis Union Station,w_0269,0.7,0.0,0.1,0.2,46.68720216680703,41.445694759393454,67,edit_011,edit_018
stl_midamerica_to_st_louis_union_station_2025-07-14_0270,midamerica_to_st_louis_union_station,MidAmerica to St. Louis Union Station,w_0270,0.7,0.0,0.2,0.1,46.68391925708517,39.8642713853881,67,edit_007,edit_015
stl_midamerica_to_st_louis_union_station_2025-07-14_0271,midamerica_to_st_louis_union_station,MidAmerica to St. Louis Union Station,w_0271,0.7,0.0,0.3,0.0,46.68183425455876,37.69888343167791,67,edit_007,edit_015
stl_midamerica_to_st_louis_union_station_2025-07-14_0272,midamerica_to_st_louis_union_station,MidAmerica to St. Louis Union Station,w_0272,0.7,0.1,0.0,0.2,46.68855540718086,42.60610902645424,67,edit_012,edit_023
stl_midamerica_to_st_louis_union_station_2025-07-14_0273,midamerica_to_st_louis_union_station,MidAmerica to St. Louis Union Station,w_0273,0.7,0.1,0.1,0.1,46.68979696010706,41.373957553614034,67,edit_021,edit_019
stl_midamerica_to_st_louis_union_station_2025-07-14_0274,midamerica_to_st_louis_union_station,MidAmerica to St. Louis Union Station,w_0274,0.7,0.1,0.2,0.0,46.68198871046209,39.30686032520553,67,edit_007,edit_015
stl_midamerica_to_st_louis_union_station_2025-07-14_0275,midamerica_to_st_louis_union_station,MidAmerica to St. Louis Union Station,w_0275,0.7,0.2,0.0,0.1,46.68855540718086,42.28357587538964,67,edit_012,edit_023
stl_midamerica_to_st_louis_union_station_2025-07-14_0276,midamerica_to_st_louis_union_station,MidAmerica to St. Louis Union Station,w_0276,0.7,0.2,0.1,0.0,46.682915521547024,40.60626034896325,67,edit_025,edit_027
stl_midamerica_to_st_louis_union_station_2025-07-14_0277,midamerica_to_st_louis_union_station,MidAmerica to St. Louis Union Station,w_0277,0.7,0.3,0.0,0.0,46.66599661404935,41.16051300739435,67,edit_022,edit_028
stl_midamerica_to_st_louis_union_station_2025-07-14_0278,midamerica_to_st_louis_union_station,MidAmerica to St. Louis Union Station,w_0278,0.8,0.0,0.0,0.2,46.683328700980354,45.622417768905486,67,edit_014,edit_032
stl_midamerica_to_st_louis_union_station_2025-07-14_0279,midamerica_to_st_louis_union_station,MidAmerica to St. Louis Union Station,w_0279,0.8,0.0,0.1,0.1,46.68743496936008,44.251991958706,67,edit_011,edit_018
stl_midamerica_to_st_louis_union_station_2025-07-14_0280,midamerica_to_st_louis_union_station,MidAmerica to St. Louis Union Station,w_0280,0.8,0.0,0.2,0.0,46.68183425455876,42.25804811318533,67,edit_007,edit_015
stl_midamerica_to_st_louis_union_station_2025-07-14_0281,midamerica_to_st_louis_union_station,MidAmerica to St. Louis Union Station,w_0281,0.8,0.1,0.0,0.1,46.68855540718086,45.42448648038552,67,edit_012,edit_023
stl_midamerica_to_st_louis_union_station_2025-07-14_0282,midamerica_to_st_louis_union_station,MidAmerica to St. Louis Union Station,w_0282,0.8,0.1,0.1,0.0,46.68314764869211,43.84684543086367,67,edit_025,edit_027
stl_midamerica_to_st_louis_union_station_2025-07-14_0283,midamerica_to_st_louis_union_station,MidAmerica to St. Louis Union Station,w_0283,0.8,0.2,0.0,0.0,46.66599661404935,44.55999104779999,67,edit_022,edit_028
stl_midamerica_to_st_louis_union_station_2025-07-14_0284,midamerica_to_st_louis_union_station,MidAmerica to St. Louis Union Station,w_0284,0.9,0.0,0.0,0.1,46.683328700980354,48.50021999001866,67,edit_014,edit_032
stl_midamerica_to_st_louis_union_station_2025-07-14_0285,midamerica_to_st_louis_union_station,MidAmerica to St. Louis Union Station,w_0285,0.9,0.0,0.1,0.0,46.68183425455876,46.817212794692736,67,edit_007,edit_015
stl_midamerica_to_st_louis_union_station_2025-07-14_0286,midamerica_to_st_louis_union_station,MidAmerica to St. Louis Union Station,w_0286,0.9,0.1,0.0,0.0,46.66599661404935,47.959469088205616,67,edit_022,edit_028
stl_midamerica_to_st_louis_union_station_2025-07-14_0287,midamerica_to_st_louis_union_station,MidAmerica to St. Louis Union Station,w_0287,1.0,0.0,0.0,0.0,46.65953988976652,51.351841085986514,67,edit_038,edit_038
stl_st_louis_downtown_airport_to_st_louis_lambert_2025-07-14_0001,st_louis_downtown_airport_to_st_louis_lambert,St. Louis Downtown Airport to St. Louis Lambert,w_0001,0.0,0.0,0.0,1.0,35.06847425714207,33.400000000000006,40,edit_001,edit_005
stl_st_louis_downtown_airport_to_st_louis_lambert_2025-07-14_0002,st_louis_downtown_airport_to_st_louis_lambert,St. Louis Downtown Airport to St. Louis Lambert,w_0002,0.0,0.0,0.1,0.9,35.06847425714207,31.18897934059121,40,edit_001,edit_005
stl_st_louis_downtown_airport_to_st_louis_lambert_2025-07-14_0003,st_louis_downtown_airport_to_st_louis_lambert,St. Louis Downtown Airport to St. Louis Lambert,w_0003,0.0,0.0,0.2,0.8,35.06847425714207,28.97795868118241,40,edit_001,edit_005
stl_st_louis_downtown_airport_to_st_louis_lambert_2025-07-14_0004,st_louis_downtown_airport_to_st_louis_lambert,St. Louis Downtown Airport to St. Louis Lambert,w_0004,0.0,0.0,0.3,0.7,35.06847425714207,26.766938021773612,40,edit_001,edit_005
stl_st_louis_downtown_airport_to_st_louis_lambert_2025-07-14_0005,st_louis_downtown_airport_to_st_louis_lambert,St. Louis Downtown Airport to St. Louis Lambert,w_0005,0.0,0.0,0.4,0.6,35.06847425714207,24.55591736236482,40,edit_001,edit_005
stl_st_louis_downtown_airport_to_st_louis_lambert_2025-07-14_0006,st_louis_downtown_airport_to_st_louis_lambert,St. Louis Downtown Airport to St. Louis Lambert,w_0006,0.0,0.0,0.5,0.5,35.06847425714207,22.34489670295602,40,edit_001,edit_005
stl_st_louis_downtown_airport_to_st_louis_lambert_2025-07-14_0007,st_louis_downtown_airport_to_st_louis_lambert,St. Louis Downtown Airport to St. Louis Lambert,w_0007,0.0,0.0,0.6,0.4,35.81855278369794,20.01396675636217,42,edit_001,edit_005
stl_st_louis_downtown_airport_to_st_louis_lambert_2025-07-14_0008,st_louis_downtown_airport_to_st_louis_lambert,St. Louis Downtown Airport to St. Louis Lambert,w_0008,0.0,0.0,0.7,0.3,98.87450094144262,16.568642500880003,118,edit_014,edit_012
stl_st_louis_downtown_airport_to_st_louis_lambert_2025-07-14_0009,st_louis_downtown_airport_to_st_louis_lambert,St. Louis Downtown Airport to St. Louis Lambert,w_0009,0.0,0.0,0.8,0.2,99.25039026316938,12.439649303206028,119,edit_014,edit_012
stl_st_louis_downtown_airport_to_st_louis_lambert_2025-07-14_0010,st_louis_downtown_airport_to_st_louis_lambert,St. Louis Downtown Airport to St. Louis Lambert,w_0010,0.0,0.0,0.9,0.1,79.43260625885338,7.684171029876202,93,edit_018,edit_015
stl_st_louis_downtown_airport_to_st_louis_lambert_2025-07-14_0011,st_louis_downtown_airport_to_st_louis_lambert,St. Louis Downtown Airport to St. Louis Lambert,w_0011,0.0,0.0,1.0,0.0,81.24791861093416,2.401210150108541,95,edit_018,edit_015
stl_st_louis_downtown_airport_to_st_louis_lambert_2025-07-14_0012,st_louis_downtown_airport_to_st_louis_lambert,St. Louis Downtown Airport to St. Louis Lambert,w_0012,0.0,0.1,0.0,0.9,35.06932923764436,32.5387572976017,40,edit_002,edit_009
stl_st_louis_downtown_airport_to_st_louis_lambert_2025-07-14_0013,st_louis_downtown_airport_to_st_louis_lambert,St. Louis Downtown Airport to St. Louis Lambert,w_0013,0.0,0.1,0.1,0.8,35.06847425714207,30.45136085230626,40,edit_001,edit_005
stl_st_louis_downtown_airport_to_st_louis_lambert_2025-07-14_0014,st_louis_downtown_airport_to_st_louis_lambert,St. Louis Downtown Airport to St. Louis Lambert,w_0014,0.0,0.1,0.2,0.7,35.06847425714207,28.24034019289746,40,edit_001,edit_005
stl_st_louis_downtown_airport_to_st_louis_lambert_2025-07-14_0015,st_louis_downtown_airport_to_st_louis_lambert,St. Louis Downtown Airport to St. Louis Lambert,w_0015,0.0,0.1,0.3,0.6,35.06847425714207,26.029319533488664,40,edit_001,edit_005
stl_st_louis_downtown_airport_to_st_louis_lambert_2025-07-14_0016,st_louis_downtown_airport_to_st_louis_lambert,St. Louis Downtown Airport to St. Louis Lambert,w_0016,0.0,0.1,0.4,0.5,35.06847425714207,23.81829887407987,40,edit_001,edit_005
stl_st_louis_downtown_airport_to_st_louis_lambert_2025-07-14_0017,st_louis_downtown_airport_to_st_louis_lambert,St. Louis Downtown Airport to St. Louis Lambert,w_0017,0.0,0.1,0.5,0.4,35.818657498332364,21.557974171937666,42,edit_001,edit_005
stl_st_louis_downtown_airport_to_st_louis_lambert_2025-07-14_0018,st_louis_downtown_airport_to_st_louis_lambert,St. Louis Downtown Airport to St. Louis Lambert,w_0018,0.0,0.1,0.6,0.3,100.15426281634026,18.37712173862413,120,edit_014,edit_012
stl_st_louis_downtown_airport_to_st_louis_lambert_2025-07-14_0019,st_louis_downtown_airport_to_st_louis_lambert,St. Louis Downtown Airport to St. Louis Lambert,w_0019,0.0,0.1,0.7,0.2,213.142877105816,14.285877564914866,260,edit_008,edit_002
stl_st_louis_downtown_airport_to_st_louis_lambert_2025-07-14_0020,st_louis_downtown_airport_to_st_louis_lambert,St. Louis Downtown Airport to St. Louis Lambert,w_0020,0.0,0.1,0.8,0.1,87.97795215008078,9.857496175403838,103,edit_019,edit_016
stl_st_louis_downtown_airport_to_st_louis_lambert_2025-07-14_0021,st_louis_downtown_airport_to_st_louis_lambert,St. Louis Downtown Airport to St. Louis Lambert,w_0021,0.0,0.1,0.9,0.0,94.55135686494636,4.819804488746569,112,edit_019,edit_016
stl_st_louis_downtown_airport_to_st_louis_lambert_2025-07-14_0022,st_louis_downtown_airport_to_st_louis_lambert,St. Louis Downtown Airport to St. Louis Lambert,w_0022,0.0,0.2,0.0,0.8,35.06932923764436,31.677514595203395,40,edit_002,edit_009
stl_st_louis_downtown_airport_to_st_louis_lambert_2025-07-14_0023,st_louis_downtown_airport_to_st_louis_lambert,St. Louis Downtown Airport to St. Louis Lambert,w_0023,0.0,0.2,0.1,0.7,35.0695243590648,29.614560581032865,40,edit_002,edit_009
stl_st_louis_downtown_airport_to_st_louis_lambert_2025-07-14_0024,st_louis_downtown_airport_to_st_louis_lambert,St. Louis Downtown Airport to St. Louis Lambert,w_0024,0.0,0.2,0.2,0.6,35.0695243590648,27.458899405438714,40,edit_002,edit_009
stl_st_louis_downtown_airport_to_st_louis_lambert_2025-07-14_0025,st_louis_downtown_airport_to_st_louis_lambert,St. Louis Downtown Airport to St. Louis Lambert,w_0025,0.0,0.2,0.3,0.5,35.06847425714207,25.291701045203716,40,edit_001,edit_005
stl_st_louis_downtown_airport_to_st_louis_lambert_2025-07-14_0026,st_louis_downtown_airport_to_st_louis_lambert,St. Louis Downtown Airport to St. Louis Lambert,w_0026,0.0,0.2,0.4,0.4,35.81912528669532,23.032040330995606,42,edit_006,edit_006
stl_st_louis_downtown_airport_to_st_louis_lambert_2025-07-14_0027,st_louis_downtown_airport_to_st_louis_lambert,St. Louis Downtown Airport to St. Louis Lambert,w_0027,0.0,0.2,0.5,0.3,209.8895548777712,19.93480948630559,257,edit_008,edit_002
stl_st_louis_downtown_airport_to_st_louis_lambert_2025-07-14_0028,st_louis_downtown_airport_to_st_louis_lambert,St. Louis Downtown Airport to St. Louis Lambert,w_0028,0.0,0.2,0.6,0.2,211.77762755492773,15.779622755977204,259,edit_008,edit_002
stl_st_louis_downtown_airport_to_st_louis_lambert_2025-07-14_0029,st_louis_downtown_airport_to_st_louis_lambert,St. Louis Downtown Airport to St. Louis Lambert,w_0029,0.0,0.2,0.7,0.1,215.4123391551112,11.296945530026344,263,edit_008,edit_002
stl_st_louis_downtown_airport_to_st_louis_lambert_2025-07-14_0030,st_louis_downtown_airport_to_st_louis_lambert,St. Louis Downtown Airport to St. Louis Lambert,w_0030,0.0,0.2,0.8,0.0,84.5773347715906,6.547181583515318,101,edit_021,edit_021
stl_st_louis_downtown_airport_to_st_louis_lambert_2025-07-14_0031,st_louis_downtown_airport_to_st_louis_lambert,St. Louis Downtown Airport to St. Louis Lambert,w_0031,0.0,0.3,0.0,0.7,35.445886833267345,30.45456203944274,41,edit_004,edit_010
stl_st_louis_downtown_airport_to_st_louis_lambert_2025-07-14_0032,st_louis_downtown_airport_to_st_louis_lambert,St. Louis Downtown Airport to St. Louis Lambert,w_0032,0.0,0.3,0.1,0.6,35.0695243590648,28.59967145934637,40,edit_002,edit_009
stl_st_louis_downtown_airport_to_st_louis_lambert_2025-07-14_0033,st_louis_downtown_airport_to_st_louis_lambert,St. Louis Downtown Airport to St. Louis Lambert,w_0033,0.0,0.3,0.2,0.5,35.0695243590648,26.444010283752224,40,edit_002,edit_009
stl_st_louis_downtown_airport_to_st_louis_lambert_2025-07-14_0034,st_louis_downtown_airport_to_st_louis_lambert,St. Louis Downtown Airport to St. Louis Lambert,w_0034,0.0,0.3,0.3,0.4,35.44455588092152,24.22858969981457,41,edit_002,edit_009
stl_st_louis_downtown_airport_to_st_louis_lambert_2025-07-14_0035,st_louis_downtown_airport_to_st_louis_lambert,St. Louis Downtown Airport to St. Louis Lambert,w_0035,0.0,0.3,0.4,0.3,45.329643730647696,20.60667032126898,56,edit_003,edit_001
stl_st_louis_downtown_airport_to_st_louis_lambert_2025-07-14_0036,st_louis_downtown_airport_to_st_louis_lambert,St. Louis Downtown Airport to St. Louis Lambert,w_0036,0.0,0.3,0.5,0.2,46.23858690262928,16.856657146528814,57,edit_003,edit_001
stl_st_louis_downtown_airport_to_st_louis_lambert_2025-07-14_0037,st_louis_downtown_airport_to_st_louis_lambert,St. Louis Downtown Airport to St. Louis Lambert,w_0037,0.0,0.3,0.6,0.1,215.41218090943028,12.630658946167433,263,edit_008,edit_002
stl_st_louis_downtown_airport_to_st_louis_lambert_2025-07-14_0038,st_louis_downtown_airport_to_st_louis_lambert,St. Louis Downtown Airport to St. Louis Lambert,w_0038,0.0,0.3,0.7,0.0,239.9544303536072,7.18514394734148,294,edit_008,edit_002
stl_st_louis_downtown_airport_to_st_louis_lambert_2025-07-14_0039,st_louis_downtown_airport_to_st_louis_lambert,St. Louis Downtown Airport to St. Louis Lambert,w_0039,0.0,0.4,0.0,0.6,36.19711858407648,28.76484096834563,43,edit_004,edit_010
stl_st_louis_downtown_airport_to_st_louis_lambert_2025-07-14_0040,st_louis_downtown_airport_to_st_louis_lambert,St. Louis Downtown Airport to St. Louis Lambert,w_0040,0.0,0.4,0.1,0.5,37.26538131176627,26.966538073331545,43,edit_016,edit_017
stl_st_louis_downtown_airport_to_st_louis_lambert_2025-07-14_0041,st_louis_downtown_airport_to_st_louis_lambert,St. Louis Downtown Airport to St. Louis Lambert,w_0041,0.0,0.4,0.2,0.4,44.05056920750107,24.39623432173957,54,edit_007,edit_003
stl_st_louis_downtown_airport_to_st_louis_lambert_2025-07-14_0042,st_louis_downtown_airport_to_st_louis_lambert,St. Louis Downtown Airport to St. Louis Lambert,w_0042,0.0,0.4,0.3,0.3,45.329625881395415,20.867917700168483,56,edit_003,edit_001
stl_st_louis_downtown_airport_to_st_louis_lambert_2025-07-14_0043,st_louis_downtown_airport_to_st_louis_lambert,St. Louis Downtown Airport to St. Louis Lambert,w_0043,0.0,0.4,0.4,0.2,45.329643730647696,17.17986032769072,56,edit_003,edit_001
stl_st_louis_downtown_airport_to_st_louis_lambert_2025-07-14_0044,st_louis_downtown_airport_to_st_louis_lambert,St. Louis Downtown Airport to St. Louis Lambert,w_0044,0.0,0.4,0.5,0.1,231.20245064949816,13.236264092681376,282,edit_008,edit_002
stl_st_louis_downtown_airport_to_st_louis_lambert_2025-07-14_0045,st_louis_downtown_airport_to_st_louis_lambert,St. Louis Downtown Airport to St. Louis Lambert,w_0045,0.0,0.4,0.6,0.0,239.9544303536072,7.364704965637062,294,edit_008,edit_002
stl_st_louis_downtown_airport_to_st_louis_lambert_2025-07-14_0046,st_louis_downtown_airport_to_st_louis_lambert,St. Louis Downtown Airport to St. Louis Lambert,w_0046,0.0,0.5,0.0,0.5,44.03384803406542,26.60939863291437,54,edit_012,edit_013
stl_st_louis_downtown_airport_to_st_louis_lambert_2025-07-14_0047,st_louis_downtown_airport_to_st_louis_lambert,St. Louis Downtown Airport to St. Louis Lambert,w_0047,0.0,0.5,0.1,0.4,44.95571907477391,24.36126743217339,55,edit_010,edit_008
stl_st_louis_downtown_airport_to_st_louis_lambert_2025-07-14_0048,st_louis_downtown_airport_to_st_louis_lambert,St. Louis Downtown Airport to St. Louis Lambert,w_0048,0.0,0.5,0.2,0.3,44.05056920750107,21.022103784114364,54,edit_007,edit_003
stl_st_louis_downtown_airport_to_st_louis_lambert_2025-07-14_0049,st_louis_downtown_airport_to_st_louis_lambert,St. Louis Downtown Airport to St. Louis Lambert,w_0049,0.0,0.5,0.3,0.2,45.329625881395415,17.39793363591046,56,edit_003,edit_001
stl_st_louis_downtown_airport_to_st_louis_lambert_2025-07-14_0050,st_louis_downtown_airport_to_st_louis_lambert,St. Louis Downtown Airport to St. Louis Lambert,w_0050,0.0,0.5,0.4,0.1,230.07932147949677,13.3363722685516,282,edit_008,edit_002
stl_st_louis_downtown_airport_to_st_louis_lambert_2025-07-14_0051,st_louis_downtown_airport_to_st_louis_lambert,St. Louis Downtown Airport to St. Louis Lambert,w_0051,0.0,0.5,0.5,0.0,239.9543890817776,7.54328957765597,294,edit_008,edit_002
stl_st_louis_downtown_airport_to_st_louis_lambert_2025-07-14_0052,st_louis_downtown_airport_to_st_louis_lambert,St. Louis Downtown Airport to St. Louis Lambert,w_0052,0.0,0.6,0.0,0.4,44.03384803406542,23.091278359497245,54,edit_012,edit_013
stl_st_louis_downtown_airport_to_st_louis_lambert_2025-07-14_0053,st_louis_downtown_airport_to_st_louis_lambert,St. Louis Downtown Airport to St. Louis Lambert,w_0053,0.0,0.6,0.1,0.3,44.95571907477391,20.74904466792629,55,edit_010,edit_008
stl_st_louis_downtown_airport_to_st_louis_lambert_2025-07-14_0054,st_louis_downtown_airport_to_st_louis_lambert,St. Louis Downtown Airport to St. Louis Lambert,w_0054,0.0,0.6,0.2,0.2,45.3292747501525,17.563334073084597,56,edit_003,edit_001
stl_st_louis_downtown_airport_to_st_louis_lambert_2025-07-14_0055,st_louis_downtown_airport_to_st_louis_lambert,St. Louis Downtown Airport to St. Louis Lambert,w_0055,0.0,0.6,0.3,0.1,228.27119898659632,13.37379906478294,280,edit_008,edit_002
stl_st_louis_downtown_airport_to_st_louis_lambert_2025-07-14_0056,st_louis_downtown_airport_to_st_louis_lambert,St. Louis Downtown Airport to St. Louis Lambert,w_0056,0.0,0.6,0.4,0.0,106.72049736902176,7.436325960932437,130,edit_022,edit_022
stl_st_louis_downtown_airport_to_st_louis_lambert_2025-07-14_0057,st_louis_downtown_airport_to_st_louis_lambert,St. Louis Downtown Airport to St. Louis Lambert,w_0057,0.0,0.7,0.0,0.3,44.94282493851701,19.51444065027037,55,edit_012,edit_013
stl_st_louis_downtown_airport_to_st_louis_lambert_2025-07-14_0058,st_louis_downtown_airport_to_st_louis_lambert,St. Louis Downtown Airport to St. Louis Lambert,w_0058,0.0,0.7,0.1,0.2,44.95571907477391,17.136821903679202,55,edit_010,edit_008
stl_st_louis_downtown_airport_to_st_louis_lambert_2025-07-14_0059,st_louis_downtown_airport_to_st_louis_lambert,St. Louis Downtown Airport to St. Louis Lambert,w_0059,0.0,0.7,0.2,0.1,227.3851204737173,13.382262008590413,280,edit_008,edit_002
stl_st_louis_downtown_airport_to_st_louis_lambert_2025-07-14_0060,st_louis_downtown_airport_to_st_louis_lambert,St. Louis Downtown Airport to St. Louis Lambert,w_0060,0.0,0.7,0.3,0.0,97.89195761154514,7.015577536114584,122,edit_023,edit_023
stl_st_louis_downtown_airport_to_st_louis_lambert_2025-07-14_0061,st_louis_downtown_airport_to_st_louis_lambert,St. Louis Downtown Airport to St. Louis Lambert,w_0061,0.0,0.8,0.0,0.2,44.94282493851701,15.902217886023276,55,edit_012,edit_013
stl_st_louis_downtown_airport_to_st_louis_lambert_2025-07-14_0062,st_louis_downtown_airport_to_st_louis_lambert,St. Louis Downtown Airport to St. Louis Lambert,w_0062,0.0,0.8,0.1,0.1,85.13176976514984,13.14573866080822,105,edit_024,edit_024
stl_st_louis_downtown_airport_to_st_louis_lambert_2025-07-14_0063,st_louis_downtown_airport_to_st_louis_lambert,St. Louis Downtown Airport to St. Louis Lambert,w_0063,0.0,0.8,0.2,0.0,93.51562381994404,6.499025464274792,116,edit_020,edit_018
stl_st_louis_downtown_airport_to_st_louis_lambert_2025-07-14_0064,st_louis_downtown_airport_to_st_louis_lambert,St. Louis Downtown Airport to St. Louis Lambert,w_0064,0.0,0.9,0.0,0.1,47.51143657183832,12.183943361283864,59,edit_012,edit_013
stl_st_louis_downtown_airport_to_st_louis_lambert_2025-07-14_0065,st_louis_downtown_airport_to_st_louis_lambert,St. Louis Downtown Airport to St. Louis Lambert,w_0065,0.0,0.9,0.1,0.0,100.07714834328594,5.786836254733338,125,edit_020,edit_018
stl_st_louis_downtown_airport_to_st_louis_lambert_2025-07-14_0066,st_louis_downtown_airport_to_st_louis_lambert,St. Louis Downtown Airport to St. Louis Lambert,w_0066,0.0,1.0,0.0,0.0,102.57895021630785,4.632823901975517,125,edit_025,edit_025
stl_st_louis_downtown_airport_to_st_louis_lambert_2025-07-14_0067,st_louis_downtown_airport_to_st_louis_lambert,St. Louis Downtown Airport to St. Louis Lambert,w_0067,0.1,0.0,0.0,0.9,35.06847425714207,33.919512377179984,40,edit_001,edit_005
stl_st_louis_downtown_airport_to_st_louis_lambert_2025-07-14_0068,st_louis_downtown_airport_to_st_louis_lambert,St. Louis Downtown Airport to St. Louis Lambert,w_0068,0.1,0.0,0.1,0.8,35.06847425714207,31.70849171777119,40,edit_001,edit_005
stl_st_louis_downtown_airport_to_st_louis_lambert_2025-07-14_0069,st_louis_downtown_airport_to_st_louis_lambert,St. Louis Downtown Airport to St. Louis Lambert,w_0069,0.1,0.0,0.2,0.7,35.06847425714207,29.497471058362397,40,edit_001,edit_005
stl_st_louis_downtown_airport_to_st_louis_lambert_2025-07-14_0070,st_louis_downtown_airport_to_st_louis_lambert,St. Louis Downtown Airport to St. Louis Lambert,w_0070,0.1,0.0,0.3,0.6,35.06847425714207,27.286450398953598,40,edit_001,edit_005
stl_st_louis_downtown_airport_to_st_louis_lambert_2025-07-14_0071,st_louis_downtown_airport_to_st_louis_lambert,St. Louis Downtown Airport to St. Louis Lambert,w_0071,0.1,0.0,0.4,0.5,35.06847425714207,25.0754297395448,40,edit_001,edit_005
stl_st_louis_downtown_airport_to_st_louis_lambert_2025-07-14_0072,st_louis_downtown_airport_to_st_louis_lambert,St. Louis Downtown Airport to St. Louis Lambert,w_0072,0.1,0.0,0.5,0.4,35.06847425714207,22.864409080136003,40,edit_001,edit_005
stl_st_louis_downtown_airport_to_st_louis_lambert_2025-07-14_0073,st_louis_downtown_airport_to_st_louis_lambert,St. Louis Downtown Airport to St. Louis Lambert,w_0073,0.1,0.0,0.6,0.3,35.8185259114236,20.456027168623372,42,edit_001,edit_005
stl_st_louis_downtown_airport_to_st_louis_lambert_2025-07-14_0074,st_louis_downtown_airport_to_st_louis_lambert,St. Louis Downtown Airport to St. Louis Lambert,w_0074,0.1,0.0,0.7,0.2,41.52811398783556,16.941193200589552,53,edit_011,edit_011
stl_st_louis_downtown_airport_to_st_louis_lambert_2025-07-14_0075,st_louis_downtown_airport_to_st_louis_lambert,St. Louis Downtown Airport to St. Louis Lambert,w_0075,0.1,0.0,0.8,0.1,47.170207511055736,12.752117466379072,61,edit_017,edit_019
stl_st_louis_downtown_airport_to_st_louis_lambert_2025-07-14_0076,st_louis_downtown_airport_to_st_louis_lambert,St. Louis Downtown Airport to St. Louis Lambert,w_0076,0.1,0.0,0.9,0.0,47.17012986167062,8.20720030601315,61,edit_017,edit_019
stl_st_louis_downtown_airport_to_st_louis_lambert_2025-07-14_0077,st_louis_downtown_airport_to_st_louis_lambert,St. Louis Downtown Airport to St. Louis Lambert,w_0077,0.1,0.1,0.0,0.8,35.06932923764436,33.05836377091505,40,edit_002,edit_009
stl_st_louis_downtown_airport_to_st_louis_lambert_2025-07-14_0078,st_louis_downtown_airport_to_st_louis_lambert,St. Louis Downtown Airport to St. Louis Lambert,w_0078,0.1,0.1,0.1,0.7,35.06847425714207,30.97087322948624,40,edit_001,edit_005
stl_st_louis_downtown_airport_to_st_louis_lambert_2025-07-14_0079,st_louis_downtown_airport_to_st_louis_lambert,St. Louis Downtown Airport to St. Louis Lambert,w_0079,0.1,0.1,0.2,0.6,35.06847425714207,28.75985257007744,40,edit_001,edit_005
stl_st_louis_downtown_airport_to_st_louis_lambert_2025-07-14_0080,st_louis_downtown_airport_to_st_louis_lambert,St. Louis Downtown Airport to St. Louis Lambert,w_0080,0.1,0.1,0.3,0.5,35.06847425714207,26.54883191066865,40,edit_001,edit_005
stl_st_louis_downtown_airport_to_st_louis_lambert_2025-07-14_0081,st_louis_downtown_airport_to_st_louis_lambert,St. Louis Downtown Airport to St. Louis Lambert,w_0081,0.1,0.1,0.4,0.4,35.06847425714207,24.33781125125985,40,edit_001,edit_005
stl_st_louis_downtown_airport_to_st_louis_lambert_2025-07-14_0082,st_louis_downtown_airport_to_st_louis_lambert,St. Louis Downtown Airport to St. Louis Lambert,w_0082,0.1,0.1,0.5,0.3,35.818630626058024,22.000046108721577,42,edit_001,edit_005
stl_st_louis_downtown_airport_to_st_louis_lambert_2025-07-14_0083,st_louis_downtown_airport_to_st_louis_lambert,St. Louis Downtown Airport to St. Louis Lambert,w_0083,0.1,0.1,0.6,0.2,36.19407476629084,19.434554108953385,43,edit_006,edit_006
stl_st_louis_downtown_airport_to_st_louis_lambert_2025-07-14_0084,st_louis_downtown_airport_to_st_louis_lambert,St. Louis Downtown Airport to St. Louis Lambert,w_0084,0.1,0.1,0.7,0.1,45.910998447193045,15.589189806618323,59,edit_015,edit_014
stl_st_louis_downtown_airport_to_st_louis_lambert_2025-07-14_0085,st_louis_downtown_airport_to_st_louis_lambert,St. Louis Downtown Airport to St. Louis Lambert,w_0085,0.1,0.1,0.8,0.0,47.19344732601083,11.053358355296693,61,edit_015,edit_014
stl_st_louis_downtown_airport_to_st_louis_lambert_2025-07-14_0086,st_louis_downtown_airport_to_st_louis_lambert,St. Louis Downtown Airport to St. Louis Lambert,w_0086,0.1,0.2,0.0,0.7,35.06987633323177,32.1620659109165,40,edit_002,edit_009
stl_st_louis_downtown_airport_to_st_louis_lambert_2025-07-14_0087,st_louis_downtown_airport_to_st_louis_lambert,St. Louis Downtown Airport to St. Louis Lambert,w_0087,0.1,0.2,0.1,0.6,35.0695243590648,30.09418852872037,40,edit_002,edit_009
stl_st_louis_downtown_airport_to_st_louis_lambert_2025-07-14_0088,st_louis_downtown_airport_to_st_louis_lambert,St. Louis Downtown Airport to St. Louis Lambert,w_0088,0.1,0.2,0.2,0.5,35.0695243590648,27.93852735312622,40,edit_002,edit_009
stl_st_louis_downtown_airport_to_st_louis_lambert_2025-07-14_0089,st_louis_downtown_airport_to_st_louis_lambert,St. Louis Downtown Airport to St. Louis Lambert,w_0089,0.1,0.2,0.3,0.4,35.0695243590648,25.782866177532068,40,edit_002,edit_009
stl_st_louis_downtown_airport_to_st_louis_lambert_2025-07-14_0090,st_louis_downtown_airport_to_st_louis_lambert,St. Louis Downtown Airport to St. Louis Lambert,w_0090,0.1,0.2,0.4,0.3,35.81909841442097,23.43416375091401,42,edit_006,edit_006
stl_st_louis_downtown_airport_to_st_louis_lambert_2025-07-14_0091,st_louis_downtown_airport_to_st_louis_lambert,St. Louis Downtown Airport to St. Louis Lambert,w_0091,0.1,0.2,0.5,0.2,43.20553217530355,20.576823102919025,56,edit_003,edit_001
stl_st_louis_downtown_airport_to_st_louis_lambert_2025-07-14_0092,st_louis_downtown_airport_to_st_louis_lambert,St. Louis Downtown Airport to St. Louis Lambert,w_0092,0.1,0.2,0.6,0.1,45.385204377777306,16.487286252390234,59,edit_015,edit_014
stl_st_louis_downtown_airport_to_st_louis_lambert_2025-07-14_0093,st_louis_downtown_airport_to_st_louis_lambert,St. Louis Downtown Airport to St. Louis Lambert,w_0093,0.1,0.2,0.7,0.0,47.580381675049786,12.188614061374286,62,edit_009,edit_004
stl_st_louis_downtown_airport_to_st_louis_lambert_2025-07-14_0094,st_louis_downtown_airport_to_st_louis_lambert,St. Louis Downtown Airport to St. Louis Lambert,w_0094,0.1,0.3,0.0,0.6,35.44580648998812,30.91560226902656,41,edit_004,edit_010
stl_st_louis_downtown_airport_to_st_louis_lambert_2025-07-14_0095,st_louis_downtown_airport_to_st_louis_lambert,St. Louis Downtown Airport to St. Louis Lambert,w_0095,0.1,0.3,0.1,0.5,35.0695243590648,29.07929940703388,40,edit_002,edit_009
stl_st_louis_downtown_airport_to_st_louis_lambert_2025-07-14_0096,st_louis_downtown_airport_to_st_louis_lambert,St. Louis Downtown Airport to St. Louis Lambert,w_0096,0.1,0.3,0.2,0.4,35.0695243590648,26.92363823143973,40,edit_002,edit_009
stl_st_louis_downtown_airport_to_st_louis_lambert_2025-07-14_0097,st_louis_downtown_airport_to_st_louis_lambert,St. Louis Downtown Airport to St. Louis Lambert,w_0097,0.1,0.3,0.3,0.3,43.37110708637593,24.543988661982876,55,edit_003,edit_001
stl_st_louis_downtown_airport_to_st_louis_lambert_2025-07-14_0098,st_louis_downtown_airport_to_st_louis_lambert,St. Louis Downtown Airport to St. Louis Lambert,w_0098,0.1,0.3,0.4,0.2,44.27413541324968,20.89932524099588,56,edit_003,edit_001
stl_st_louis_downtown_airport_to_st_louis_lambert_2025-07-14_0099,st_louis_downtown_airport_to_st_louis_lambert,St. Louis Downtown Airport to St. Louis Lambert,w_0099,0.1,0.3,0.5,0.1,44.649581698322905,17.13063235791087,57,edit_003,edit_001
stl_st_louis_downtown_airport_to_st_louis_lambert_2025-07-14_0100,st_louis_downtown_airport_to_st_louis_lambert,St. Louis Downtown Airport to St. Louis Lambert,w_0100,0.1,0.3,0.6,0.0,46.82939846162292,12.970034580271877,60,edit_009,edit_004
stl_st_louis_downtown_airport_to_st_louis_lambert_2025-07-14_0101,st_louis_downtown_airport_to_st_louis_lambert,St. Louis Downtown Airport to St. Louis Lambert,w_0101,0.1,0.4,0.0,0.5,36.197024617572914,29.1085576109412,43,edit_004,edit_010
stl_st_louis_downtown_airport_to_st_louis_lambert_2025-07-14_0102,st_louis_downtown_airport_to_st_louis_lambert,St. Louis Downtown Airport to St. Louis Lambert,w_0102,0.1,0.4,0.1,0.4,36.19741511890759,27.366042652480544,43,edit_016,edit_017
stl_st_louis_downtown_airport_to_st_louis_lambert_2025-07-14_0103,st_louis_downtown_airport_to_st_louis_lambert,St. Louis Downtown Airport to St. Louis Lambert,w_0103,0.1,0.4,0.2,0.3,42.46145342789576,24.670316176141892,54,edit_007,edit_003
stl_st_louis_downtown_airport_to_st_louis_lambert_2025-07-14_0104,st_louis_downtown_airport_to_st_louis_lambert,St. Louis Downtown Airport to St. Louis Lambert,w_0104,0.1,0.4,0.3,0.2,43.74641297913848,21.126261074888014,56,edit_003,edit_001
stl_st_louis_downtown_airport_to_st_louis_lambert_2025-07-14_0105,st_louis_downtown_airport_to_st_louis_lambert,St. Louis Downtown Airport to St. Louis Lambert,w_0105,0.1,0.4,0.4,0.1,43.74641297913848,17.450134967824134,56,edit_003,edit_001
stl_st_louis_downtown_airport_to_st_louis_lambert_2025-07-14_0106,st_louis_downtown_airport_to_st_louis_lambert,St. Louis Downtown Airport to St. Louis Lambert,w_0106,0.1,0.4,0.5,0.0,45.02517254422239,13.585749093657007,58,edit_009,edit_004
stl_st_louis_downtown_airport_to_st_louis_lambert_2025-07-14_0107,st_louis_downtown_airport_to_st_louis_lambert,St. Louis Downtown Airport to St. Louis Lambert,w_0107,0.1,0.5,0.0,0.4,41.9229869363072,26.803294458053653,54,edit_005,edit_007
stl_st_louis_downtown_airport_to_st_louis_lambert_2025-07-14_0108,st_louis_downtown_airport_to_st_louis_lambert,St. Louis Downtown Airport to St. Louis Lambert,w_0108,0.1,0.5,0.1,0.3,41.92741586270644,24.593776338350693,54,edit_007,edit_003
stl_st_louis_downtown_airport_to_st_louis_lambert_2025-07-14_0109,st_louis_downtown_airport_to_st_louis_lambert,St. Louis Downtown Airport to St. Louis Lambert,w_0109,0.1,0.5,0.2,0.2,42.46145342789576,21.29618563851669,54,edit_007,edit_003
stl_st_louis_downtown_airport_to_st_louis_lambert_2025-07-14_0110,st_louis_downtown_airport_to_st_louis_lambert,St. Louis Downtown Airport to St. Louis Lambert,w_0110,0.1,0.5,0.3,0.1,43.74641297913848,17.656277010629985,56,edit_003,edit_001
stl_st_louis_downtown_airport_to_st_louis_lambert_2025-07-14_0111,st_louis_downtown_airport_to_st_louis_lambert,St. Louis Downtown Airport to St. Louis Lambert,w_0111,0.1,0.5,0.4,0.0,44.49745011011118,13.860796544563796,58,edit_009,edit_004
stl_st_louis_downtown_airport_to_st_louis_lambert_2025-07-14_0112,st_louis_downtown_airport_to_st_louis_lambert,St. Louis Downtown Airport to St. Louis Lambert,w_0112,0.1,0.6,0.0,0.3,41.9229869363072,23.285174184636524,54,edit_005,edit_007
stl_st_louis_downtown_airport_to_st_louis_lambert_2025-07-14_0113,st_louis_downtown_airport_to_st_louis_lambert,St. Louis Downtown Airport to St. Louis Lambert,w_0113,0.1,0.6,0.1,0.2,42.29897780590613,21.041572253115334,55,edit_010,edit_008
stl_st_louis_downtown_airport_to_st_louis_lambert_2025-07-14_0114,st_louis_downtown_airport_to_st_louis_lambert,St. Louis Downtown Airport to St. Louis Lambert,w_0114,0.1,0.6,0.2,0.1,43.2121332202262,17.800033093222556,56,edit_003,edit_001
stl_st_louis_downtown_airport_to_st_louis_lambert_2025-07-14_0115,st_louis_downtown_airport_to_st_louis_lambert,St. Louis Downtown Airport to St. Louis Lambert,w_0115,0.1,0.6,0.3,0.0,44.49745011011118,14.106125457628886,58,edit_009,edit_004
stl_st_louis_downtown_airport_to_st_louis_lambert_2025-07-14_0116,st_louis_downtown_airport_to_st_louis_lambert,St. Louis Downtown Airport to St. Louis Lambert,w_0116,0.1,0.7,0.0,0.2,42.29849336979702,19.68966338678702,55,edit_005,edit_007
stl_st_louis_downtown_airport_to_st_louis_lambert_2025-07-14_0117,st_louis_downtown_airport_to_st_louis_lambert,St. Louis Downtown Airport to St. Louis Lambert,w_0117,0.1,0.7,0.1,0.1,43.04965759823658,17.411697338649564,57,edit_010,edit_008
stl_st_louis_downtown_airport_to_st_louis_lambert_2025-07-14_0118,st_louis_downtown_airport_to_st_louis_lambert,St. Louis Downtown Airport to St. Louis Lambert,w_0118,0.1,0.7,0.2,0.0,43.96300881086022,14.251932506837049,58,edit_003,edit_001
stl_st_louis_downtown_airport_to_st_louis_lambert_2025-07-14_0119,st_louis_downtown_airport_to_st_louis_lambert,St. Louis Downtown Airport to St. Louis Lambert,w_0119,0.1,0.8,0.0,0.1,41.77074742931658,16.059358768896814,55,edit_005,edit_007
stl_st_louis_downtown_airport_to_st_louis_lambert_2025-07-14_0120,st_louis_downtown_airport_to_st_louis_lambert,St. Louis Downtown Airport to St. Louis Lambert,w_0120,0.1,0.8,0.1,0.0,44.709769503904006,13.58621353850071,60,edit_010,edit_008
stl_st_louis_downtown_airport_to_st_louis_lambert_2025-07-14_0121,st_louis_downtown_airport_to_st_louis_lambert,St. Louis Downtown Airport to St. Louis Lambert,w_0121,0.1,0.9,0.0,0.0,43.80569615290962,12.300538894859075,59,edit_005,edit_007
stl_st_louis_downtown_airport_to_st_louis_lambert_2025-07-14_0122,st_louis_downtown_airport_to_st_louis_lambert,St. Louis Downtown Airport to St. Louis Lambert,w_0122,0.2,0.0,0.0,0.8,35.06847425714207,34.43902475435996,40,edit_001,edit_005
stl_st_louis_downtown_airport_to_st_louis_lambert_2025-07-14_0123,st_louis_downtown_airport_to_st_louis_lambert,St. Louis Downtown Airport to St. Louis Lambert,w_0123,0.2,0.0,0.1,0.7,35.06847425714207,32.22800409495117,40,edit_001,edit_005
stl_st_louis_downtown_airport_to_st_louis_lambert_2025-07-14_0124,st_louis_downtown_airport_to_st_louis_lambert,St. Louis Downtown Airport to St. Louis Lambert,w_0124,0.2,0.0,0.2,0.6,35.06847425714207,30.01698343554237,40,edit_001,edit_005
stl_st_louis_downtown_airport_to_st_louis_lambert_2025-07-14_0125,st_louis_downtown_airport_to_st_louis_lambert,St. Louis Downtown Airport to St. Louis Lambert,w_0125,0.2,0.0,0.3,0.5,35.06847425714207,27.805962776133576,40,edit_001,edit_005
stl_st_louis_downtown_airport_to_st_louis_lambert_2025-07-14_0126,st_louis_downtown_airport_to_st_louis_lambert,St. Louis Downtown Airport to St. Louis Lambert,w_0126,0.2,0.0,0.4,0.4,35.06847425714207,25.59494211672478,40,edit_001,edit_005
stl_st_louis_downtown_airport_to_st_louis_lambert_2025-07-14_0127,st_louis_downtown_airport_to_st_louis_lambert,St. Louis Downtown Airport to St. Louis Lambert,w_0127,0.2,0.0,0.5,0.3,35.44352130705673,23.354297093073683,41,edit_001,edit_005
stl_st_louis_downtown_airport_to_st_louis_lambert_2025-07-14_0128,st_louis_downtown_airport_to_st_louis_lambert,St. Louis Downtown Airport to St. Louis Lambert,w_0128,0.2,0.0,0.6,0.2,36.194087268379455,20.897646218931214,43,edit_006,edit_006
stl_st_louis_downtown_airport_to_st_louis_lambert_2025-07-14_0129,st_louis_downtown_airport_to_st_louis_lambert,St. Louis Downtown Airport to St. Louis Lambert,w_0129,0.2,0.0,0.7,0.1,41.52811398783556,17.151630704135915,53,edit_011,edit_011
stl_st_louis_downtown_airport_to_st_louis_lambert_2025-07-14_0130,st_louis_downtown_airport_to_st_louis_lambert,St. Louis Downtown Airport to St. Louis Lambert,w_0130,0.2,0.0,0.8,0.0,47.17012986167062,13.063486757515673,61,edit_017,edit_019
stl_st_louis_downtown_airport_to_st_louis_lambert_2025-07-14_0131,st_louis_downtown_airport_to_st_louis_lambert,St. Louis Downtown Airport to St. Louis Lambert,w_0131,0.2,0.1,0.0,0.7,35.06932923764436,33.5779702442284,40,edit_002,edit_009
stl_st_louis_downtown_airport_to_st_louis_lambert_2025-07-14_0132,st_louis_downtown_airport_to_st_louis_lambert,St. Louis Downtown Airport to St. Louis Lambert,w_0132,0.2,0.1,0.1,0.6,35.06847425714207,31.490385606666216,40,edit_001,edit_005
stl_st_louis_downtown_airport_to_st_louis_lambert_2025-07-14_0133,st_louis_downtown_airport_to_st_louis_lambert,St. Louis Downtown Airport to St. Louis Lambert,w_0133,0.2,0.1,0.2,0.5,35.06847425714207,29.27936494725742,40,edit_001,edit_005
stl_st_louis_downtown_airport_to_st_louis_lambert_2025-07-14_0134,st_louis_downtown_airport_to_st_louis_lambert,St. Louis Downtown Airport to St. Louis Lambert,w_0134,0.2,0.1,0.3,0.4,35.06847425714207,27.068344287848625,40,edit_001,edit_005
stl_st_louis_downtown_airport_to_st_louis_lambert_2025-07-14_0135,st_louis_downtown_airport_to_st_louis_lambert,St. Louis Downtown Airport to St. Louis Lambert,w_0135,0.2,0.1,0.4,0.3,35.06847425714207,24.85732362843983,40,edit_001,edit_005
stl_st_louis_downtown_airport_to_st_louis_lambert_2025-07-14_0136,st_louis_downtown_airport_to_st_louis_lambert,St. Louis Downtown Airport to St. Louis Lambert,w_0136,0.2,0.1,0.5,0.2,35.818630626058024,22.442118045505488,42,edit_001,edit_005
stl_st_louis_downtown_airport_to_st_louis_lambert_2025-07-14_0137,st_louis_downtown_airport_to_st_louis_lambert,St. Louis Downtown Airport to St. Louis Lambert,w_0137,0.2,0.1,0.6,0.1,36.5686327852257,19.808622883918133,44,edit_006,edit_006
stl_st_louis_downtown_airport_to_st_louis_lambert_2025-07-14_0138,st_louis_downtown_airport_to_st_louis_lambert,St. Louis Downtown Airport to St. Louis Lambert,w_0138,0.2,0.1,0.7,0.0,46.51303076355644,15.665591700627193,62,edit_009,edit_004
stl_st_louis_downtown_airport_to_st_louis_lambert_2025-07-14_0139,st_louis_downtown_airport_to_st_louis_lambert,St. Louis Downtown Airport to St. Louis Lambert,w_0139,0.2,0.2,0.0,0.6,35.06987633323177,32.64173259563728,40,edit_002,edit_009
stl_st_louis_downtown_airport_to_st_louis_lambert_2025-07-14_0140,st_louis_downtown_airport_to_st_louis_lambert,St. Louis Downtown Airport to St. Louis Lambert,w_0140,0.2,0.2,0.1,0.5,35.0695243590648,30.57381647640788,40,edit_002,edit_009
stl_st_louis_downtown_airport_to_st_louis_lambert_2025-07-14_0141,st_louis_downtown_airport_to_st_louis_lambert,St. Louis Downtown Airport to St. Louis Lambert,w_0141,0.2,0.2,0.2,0.4,35.0695243590648,28.418155300813726,40,edit_002,edit_009
stl_st_louis_downtown_airport_to_st_louis_lambert_2025-07-14_0142,st_louis_downtown_airport_to_st_louis_lambert,St. Louis Downtown Airport to St. Louis Lambert,w_0142,0.2,0.2,0.3,0.3,35.0695243590648,26.262494125219572,40,edit_002,edit_009
stl_st_louis_downtown_airport_to_st_louis_lambert_2025-07-14_0143,st_louis_downtown_airport_to_st_louis_lambert,St. Louis Downtown Airport to St. Louis Lambert,w_0143,0.2,0.2,0.4,0.2,35.81909841442097,23.836287170832417,42,edit_006,edit_006
stl_st_louis_downtown_airport_to_st_louis_lambert_2025-07-14_0144,st_louis_downtown_airport_to_st_louis_lambert,St. Louis Downtown Airport to St. Louis Lambert,w_0144,0.2,0.2,0.5,0.1,43.04704983270741,20.73981741959657,57,edit_003,edit_001
stl_st_louis_downtown_airport_to_st_louis_lambert_2025-07-14_0145,st_louis_downtown_airport_to_st_louis_lambert,St. Louis Downtown Airport to St. Louis Lambert,w_0145,0.2,0.2,0.6,0.0,45.76079522367678,16.63261174656124,60,edit_009,edit_004
stl_st_louis_downtown_airport_to_st_louis_lambert_2025-07-14_0146,st_louis_downtown_airport_to_st_louis_lambert,St. Louis Downtown Airport to St. Louis Lambert,w_0146,0.2,0.3,0.0,0.5,36.197024617572914,31.361064011450352,43,edit_004,edit_010
stl_st_louis_downtown_airport_to_st_louis_lambert_2025-07-14_0147,st_louis_downtown_airport_to_st_louis_lambert,St. Louis Downtown Airport to St. Louis Lambert,w_0147,0.2,0.3,0.1,0.4,35.0695243590648,29.558927354721387,40,edit_002,edit_009
stl_st_louis_downtown_airport_to_st_louis_lambert_2025-07-14_0148,st_louis_downtown_airport_to_st_louis_lambert,St. Louis Downtown Airport to St. Louis Lambert,w_0148,0.2,0.3,0.2,0.3,35.0695243590648,27.40326617912724,40,edit_002,edit_009
stl_st_louis_downtown_airport_to_st_louis_lambert_2025-07-14_0149,st_louis_downtown_airport_to_st_louis_lambert,St. Louis Downtown Airport to St. Louis Lambert,w_0149,0.2,0.3,0.3,0.2,41.234654909810864,24.726358802017423,55,edit_003,edit_001
stl_st_louis_downtown_airport_to_st_louis_lambert_2025-07-14_0150,st_louis_downtown_airport_to_st_louis_lambert,St. Louis Downtown Airport to St. Louis Lambert,w_0150,0.2,0.3,0.4,0.1,42.143998367762734,21.117679975849043,56,edit_003,edit_001
stl_st_louis_downtown_airport_to_st_louis_lambert_2025-07-14_0151,st_louis_downtown_airport_to_st_louis_lambert,St. Louis Downtown Airport to St. Louis Lambert,w_0151,0.2,0.3,0.5,0.0,43.42275793284662,17.371838577353753,58,edit_009,edit_004
stl_st_louis_downtown_airport_to_st_louis_lambert_2025-07-14_0152,st_louis_downtown_airport_to_st_louis_lambert,St. Louis Downtown Airport to St. Louis Lambert,w_0152,0.2,0.4,0.0,0.4,36.197024617572914,29.45227425353676,43,edit_004,edit_010
stl_st_louis_downtown_airport_to_st_louis_lambert_2025-07-14_0153,st_louis_downtown_airport_to_st_louis_lambert,St. Louis Downtown Airport to St. Louis Lambert,w_0153,0.2,0.4,0.1,0.3,36.57228076703887,27.65807966726776,44,edit_013,edit_020
stl_st_louis_downtown_airport_to_st_louis_lambert_2025-07-14_0154,st_louis_downtown_airport_to_st_louis_lambert,St. Louis Downtown Airport to St. Louis Lambert,w_0154,0.2,0.4,0.2,0.2,41.92741586270644,24.83233590245262,54,edit_007,edit_003
stl_st_louis_downtown_airport_to_st_louis_lambert_2025-07-14_0155,st_louis_downtown_airport_to_st_louis_lambert,St. Louis Downtown Airport to St. Louis Lambert,w_0155,0.2,0.4,0.3,0.1,42.67844678627979,21.292998434106327,56,edit_003,edit_001
stl_st_louis_downtown_airport_to_st_louis_lambert_2025-07-14_0156,st_louis_downtown_airport_to_st_louis_lambert,St. Louis Downtown Airport to St. Louis Lambert,w_0156,0.2,0.4,0.4,0.0,43.96352148244181,17.625675745659926,58,edit_009,edit_004
stl_st_louis_downtown_airport_to_st_louis_lambert_2025-07-14_0157,st_louis_downtown_airport_to_st_louis_lambert,St. Louis Downtown Airport to St. Louis Lambert,w_0157,0.2,0.5,0.0,0.3,41.9229869363072,26.99719028319293,54,edit_005,edit_007
stl_st_louis_downtown_airport_to_st_louis_lambert_2025-07-14_0158,st_louis_downtown_airport_to_st_louis_lambert,St. Louis Downtown Airport to St. Louis Lambert,w_0158,0.2,0.5,0.1,0.2,41.92741586270644,24.748159595481745,54,edit_007,edit_003
stl_st_louis_downtown_airport_to_st_louis_lambert_2025-07-14_0159,st_louis_downtown_airport_to_st_louis_lambert,St. Louis Downtown Airport to St. Louis Lambert,w_0159,0.2,0.5,0.2,0.1,42.67809565503688,21.43328795520713,56,edit_003,edit_001
stl_st_louis_downtown_airport_to_st_louis_lambert_2025-07-14_0160,st_louis_downtown_airport_to_st_louis_lambert,St. Louis Downtown Airport to St. Louis Lambert,w_0160,0.2,0.5,0.3,0.0,42.67844678627979,17.8230143698483,56,edit_003,edit_001
stl_st_louis_downtown_airport_to_st_louis_lambert_2025-07-14_0161,st_louis_downtown_airport_to_st_louis_lambert,St. Louis Downtown Airport to St. Louis Lambert,w_0161,0.2,0.6,0.0,0.2,41.77074742931658,23.44094518026453,55,edit_005,edit_007
stl_st_louis_downtown_airport_to_st_louis_lambert_2025-07-14_0162,st_louis_downtown_airport_to_st_louis_lambert,St. Louis Downtown Airport to St. Louis Lambert,w_0162,0.2,0.6,0.1,0.1,42.29897780590613,21.21684830495861,55,edit_010,edit_008
stl_st_louis_downtown_airport_to_st_louis_lambert_2025-07-14_0163,st_louis_downtown_airport_to_st_louis_lambert,St. Louis Downtown Airport to St. Louis Lambert,w_0163,0.2,0.6,0.2,0.0,42.67809565503688,17.92466998526892,56,edit_003,edit_001
stl_st_louis_downtown_airport_to_st_louis_lambert_2025-07-14_0164,st_louis_downtown_airport_to_st_louis_lambert,St. Louis Downtown Airport to St. Louis Lambert,w_0164,0.2,0.7,0.0,0.1,41.77074742931658,19.788722416017443,55,edit_005,edit_007
stl_st_louis_downtown_airport_to_st_louis_lambert_2025-07-14_0165,st_louis_downtown_airport_to_st_louis_lambert,St. Louis Downtown Airport to St. Louis Lambert,w_0165,0.2,0.7,0.1,0.0,43.04965759823658,17.549590556228473,57,edit_010,edit_008
stl_st_louis_downtown_airport_to_st_louis_lambert_2025-07-14_0166,st_louis_downtown_airport_to_st_louis_lambert,St. Louis Downtown Airport to St. Louis Lambert,w_0166,0.2,0.8,0.0,0.0,41.77074742931658,16.13649965177035,55,edit_005,edit_007
stl_st_louis_downtown_airport_to_st_louis_lambert_2025-07-14_0167,st_louis_downtown_airport_to_st_louis_lambert,St. Louis Downtown Airport to St. Louis Lambert,w_0167,0.25,0.25,0.25,0.25,35.0695243590648,27.07269412601716,40,edit_002,edit_009
stl_st_louis_downtown_airport_to_st_louis_lambert_2025-07-14_0168,st_louis_downtown_airport_to_st_louis_lambert,St. Louis Downtown Airport to St. Louis Lambert,w_0168,0.3,0.0,0.0,0.7,35.06847425714207,34.95853713153994,40,edit_001,edit_005
stl_st_louis_downtown_airport_to_st_louis_lambert_2025-07-14_0169,st_louis_downtown_airport_to_st_louis_lambert,St. Louis Downtown Airport to St. Louis Lambert,w_0169,0.3,0.0,0.1,0.6,35.06847425714207,32.747516472131146,40,edit_001,edit_005
stl_st_louis_downtown_airport_to_st_louis_lambert_2025-07-14_0170,st_louis_downtown_airport_to_st_louis_lambert,St. Louis Downtown Airport to St. Louis Lambert,w_0170,0.3,0.0,0.2,0.5,35.06847425714207,30.53649581272235,40,edit_001,edit_005
stl_st_louis_downtown_airport_to_st_louis_lambert_2025-07-14_0171,st_louis_downtown_airport_to_st_louis_lambert,St. Louis Downtown Airport to St. Louis Lambert,w_0171,0.3,0.0,0.3,0.4,35.06847425714207,28.325475153313555,40,edit_001,edit_005
stl_st_louis_downtown_airport_to_st_louis_lambert_2025-07-14_0172,st_louis_downtown_airport_to_st_louis_lambert,St. Louis Downtown Airport to St. Louis Lambert,w_0172,0.3,0.0,0.4,0.3,35.06847425714207,26.11445449390476,40,edit_001,edit_005
stl_st_louis_downtown_airport_to_st_louis_lambert_2025-07-14_0173,st_louis_downtown_airport_to_st_louis_lambert,St. Louis Downtown Airport to St. Louis Lambert,w_0173,0.3,0.0,0.5,0.2,35.44352130705673,23.81508582349779,41,edit_001,edit_005
stl_st_louis_downtown_airport_to_st_louis_lambert_2025-07-14_0174,st_louis_downtown_airport_to_st_louis_lambert,St. Louis Downtown Airport to St. Louis Lambert,w_0174,0.3,0.0,0.6,0.1,40.4717836318349,21.15536588820504,53,edit_011,edit_011
stl_st_louis_downtown_airport_to_st_louis_lambert_2025-07-14_0175,st_louis_downtown_airport_to_st_louis_lambert,St. Louis Downtown Airport to St. Louis Lambert,w_0175,0.3,0.0,0.7,0.0,40.99990636118851,17.339636987328,53,edit_011,edit_011
stl_st_louis_downtown_airport_to_st_louis_lambert_2025-07-14_0176,st_louis_downtown_airport_to_st_louis_lambert,St. Louis Downtown Airport to St. Louis Lambert,w_0176,0.3,0.1,0.0,0.6,35.06932923764436,34.09757671754175,40,edit_002,edit_009
stl_st_louis_downtown_airport_to_st_louis_lambert_2025-07-14_0177,st_louis_downtown_airport_to_st_louis_lambert,St. Louis Downtown Airport to St. Louis Lambert,w_0177,0.3,0.1,0.1,0.5,35.06847425714207,32.009897983846194,40,edit_001,edit_005
stl_st_louis_downtown_airport_to_st_louis_lambert_2025-07-14_0178,st_louis_downtown_airport_to_st_louis_lambert,St. Louis Downtown Airport to St. Louis Lambert,w_0178,0.3,0.1,0.2,0.4,35.06847425714207,29.7988773244374,40,edit_001,edit_005
stl_st_louis_downtown_airport_to_st_louis_lambert_2025-07-14_0179,st_louis_downtown_airport_to_st_louis_lambert,St. Louis Downtown Airport to St. Louis Lambert,w_0179,0.3,0.1,0.3,0.3,35.06847425714207,27.587856665028603,40,edit_001,edit_005
stl_st_louis_downtown_airport_to_st_louis_lambert_2025-07-14_0180,st_louis_downtown_airport_to_st_louis_lambert,St. Louis Downtown Airport to St. Louis Lambert,w_0180,0.3,0.1,0.4,0.2,35.443599104201304,25.36559767894194,41,edit_001,edit_005
stl_st_louis_downtown_airport_to_st_louis_lambert_2025-07-14_0181,st_louis_downtown_airport_to_st_louis_lambert,St. Louis Downtown Airport to St. Louis Lambert,w_0181,0.3,0.1,0.5,0.1,36.19410185333186,22.836664305394496,43,edit_006,edit_006
stl_st_louis_downtown_airport_to_st_louis_lambert_2025-07-14_0182,st_louis_downtown_airport_to_st_louis_lambert,St. Louis Downtown Airport to St. Louis Lambert,w_0182,0.3,0.1,0.6,0.0,42.895630714340896,19.90894745082812,58,edit_026,edit_026
stl_st_louis_downtown_airport_to_st_louis_lambert_2025-07-14_0183,st_louis_downtown_airport_to_st_louis_lambert,St. Louis Downtown Airport to St. Louis Lambert,w_0183,0.3,0.2,0.0,0.5,35.06987633323177,33.12139928035805,40,edit_002,edit_009
stl_st_louis_downtown_airport_to_st_louis_lambert_2025-07-14_0184,st_louis_downtown_airport_to_st_louis_lambert,St. Louis Downtown Airport to St. Louis Lambert,w_0184,0.3,0.2,0.1,0.4,35.0695243590648,31.05344442409538,40,edit_002,edit_009
stl_st_louis_downtown_airport_to_st_louis_lambert_2025-07-14_0185,st_louis_downtown_airport_to_st_louis_lambert,St. Louis Downtown Airport to St. Louis Lambert,w_0185,0.3,0.2,0.2,0.3,35.0695243590648,28.897783248501227,40,edit_002,edit_009
stl_st_louis_downtown_airport_to_st_louis_lambert_2025-07-14_0186,st_louis_downtown_airport_to_st_louis_lambert,St. Louis Downtown Airport to St. Louis Lambert,w_0186,0.3,0.2,0.3,0.2,35.44406689256426,26.73140460755925,41,edit_006,edit_006
stl_st_louis_downtown_airport_to_st_louis_lambert_2025-07-14_0187,st_louis_downtown_airport_to_st_louis_lambert,St. Louis Downtown Airport to St. Louis Lambert,w_0187,0.3,0.2,0.4,0.1,35.81909841442097,24.238410590750824,42,edit_006,edit_006
stl_st_louis_downtown_airport_to_st_louis_lambert_2025-07-14_0188,st_louis_downtown_airport_to_st_louis_lambert,St. Louis Downtown Airport to St. Louis Lambert,w_0188,0.3,0.2,0.5,0.0,41.98547728065945,20.820855273913917,57,edit_027,edit_027
stl_st_louis_downtown_airport_to_st_louis_lambert_2025-07-14_0189,st_louis_downtown_airport_to_st_louis_lambert,St. Louis Downtown Airport to St. Louis Lambert,w_0189,0.3,0.3,0.0,0.4,36.197024617572914,31.70478065404592,43,edit_004,edit_010
stl_st_louis_downtown_airport_to_st_louis_lambert_2025-07-14_0190,st_louis_downtown_airport_to_st_louis_lambert,St. Louis Downtown Airport to St. Louis Lambert,w_0190,0.3,0.3,0.1,0.3,36.19741511890759,29.94884444341649,43,edit_016,edit_017
stl_st_louis_downtown_airport_to_st_louis_lambert_2025-07-14_0191,st_louis_downtown_airport_to_st_louis_lambert,St. Louis Downtown Airport to St. Louis Lambert,w_0191,0.3,0.3,0.2,0.2,35.44455588092152,27.869922589603856,41,edit_002,edit_009
stl_st_louis_downtown_airport_to_st_louis_lambert_2025-07-14_0192,st_louis_downtown_airport_to_st_louis_lambert,St. Louis Downtown Airport to St. Louis Lambert,w_0192,0.3,0.3,0.3,0.1,41.234654909810864,24.744499236249418,55,edit_003,edit_001
stl_st_louis_downtown_airport_to_st_louis_lambert_2025-07-14_0193,st_louis_downtown_airport_to_st_louis_lambert,St. Louis Downtown Airport to St. Louis Lambert,w_0193,0.3,0.3,0.4,0.0,41.60996080257341,21.13239818901384,56,edit_003,edit_001
stl_st_louis_downtown_airport_to_st_louis_lambert_2025-07-14_0194,st_louis_downtown_airport_to_st_louis_lambert,St. Louis Downtown Airport to St. Louis Lambert,w_0194,0.3,0.4,0.0,0.3,36.197024617572914,29.795990896132324,43,edit_004,edit_010
stl_st_louis_downtown_airport_to_st_louis_lambert_2025-07-14_0195,st_louis_downtown_airport_to_st_louis_lambert,St. Louis Downtown Airport to St. Louis Lambert,w_0195,0.3,0.4,0.1,0.2,36.57228076703887,27.943095675865298,44,edit_013,edit_020
stl_st_louis_downtown_airport_to_st_louis_lambert_2025-07-14_0196,st_louis_downtown_airport_to_st_louis_lambert,St. Louis Downtown Airport to St. Louis Lambert,w_0196,0.3,0.4,0.2,0.1,40.85892987900005,24.95661017300412,54,edit_007,edit_003
stl_st_louis_downtown_airport_to_st_louis_lambert_2025-07-14_0197,st_louis_downtown_airport_to_st_louis_lambert,St. Louis Downtown Airport to St. Louis Lambert,w_0197,0.3,0.4,0.3,0.0,41.60996080257341,21.37334245681951,56,edit_003,edit_001
stl_st_louis_downtown_airport_to_st_louis_lambert_2025-07-14_0198,st_louis_downtown_airport_to_st_louis_lambert,St. Louis Downtown Airport to St. Louis Lambert,w_0198,0.3,0.5,0.0,0.2,41.395240995826775,27.096840547402863,54,edit_005,edit_007
stl_st_louis_downtown_airport_to_st_louis_lambert_2025-07-14_0199,st_louis_downtown_airport_to_st_louis_lambert,St. Louis Downtown Airport to St. Louis Lambert,w_0199,0.3,0.5,0.1,0.1,40.85916455218696,24.80408064126639,54,edit_007,edit_003
stl_st_louis_downtown_airport_to_st_louis_lambert_2025-07-14_0200,st_louis_downtown_airport_to_st_louis_lambert,St. Louis Downtown Airport to St. Louis Lambert,w_0200,0.3,0.5,0.2,0.0,42.67809565503688,21.55028837807382,56,edit_003,edit_001
stl_st_louis_downtown_airport_to_st_louis_lambert_2025-07-14_0201,st_louis_downtown_airport_to_st_louis_lambert,St. Louis Downtown Airport to St. Louis Lambert,w_0201,0.3,0.6,0.0,0.1,41.77074742931658,23.51808606313807,55,edit_005,edit_007
stl_st_louis_downtown_airport_to_st_louis_lambert_2025-07-14_0202,st_louis_downtown_airport_to_st_louis_lambert,St. Louis Downtown Airport to St. Louis Lambert,w_0202,0.3,0.6,0.1,0.0,41.77127210346048,21.37484890901232,55,edit_010,edit_008
stl_st_louis_downtown_airport_to_st_louis_lambert_2025-07-14_0203,st_louis_downtown_airport_to_st_louis_lambert,St. Louis Downtown Airport to St. Louis Lambert,w_0203,0.3,0.7,0.0,0.0,41.77074742931658,19.86586329889098,55,edit_005,edit_007
stl_st_louis_downtown_airport_to_st_louis_lambert_2025-07-14_0204,st_louis_downtown_airport_to_st_louis_lambert,St. Louis Downtown Airport to St. Louis Lambert,w_0204,0.4,0.0,0.0,0.6,35.06847425714207,35.47804950871992,40,edit_001,edit_005
stl_st_louis_downtown_airport_to_st_louis_lambert_2025-07-14_0205,st_louis_downtown_airport_to_st_louis_lambert,St. Louis Downtown Airport to St. Louis Lambert,w_0205,0.4,0.0,0.1,0.5,35.06847425714207,33.26702884931113,40,edit_001,edit_005
stl_st_louis_downtown_airport_to_st_louis_lambert_2025-07-14_0206,st_louis_downtown_airport_to_st_louis_lambert,St. Louis Downtown Airport to St. Louis Lambert,w_0206,0.4,0.0,0.2,0.4,35.06847425714207,31.05600818990233,40,edit_001,edit_005
stl_st_louis_downtown_airport_to_st_louis_lambert_2025-07-14_0207,st_louis_downtown_airport_to_st_louis_lambert,St. Louis Downtown Airport to St. Louis Lambert,w_0207,0.4,0.0,0.3,0.3,35.06847425714207,28.844987530493533,40,edit_001,edit_005
stl_st_louis_downtown_airport_to_st_louis_lambert_2025-07-14_0208,st_louis_downtown_airport_to_st_louis_lambert,St. Louis Downtown Airport to St. Louis Lambert,w_0208,0.4,0.0,0.4,0.2,35.06847425714207,26.633966871084738,40,edit_001,edit_005
stl_st_louis_downtown_airport_to_st_louis_lambert_2025-07-14_0209,st_louis_downtown_airport_to_st_louis_lambert,St. Louis Downtown Airport to St. Louis Lambert,w_0209,0.4,0.0,0.5,0.1,35.44352130705673,24.2758745539219,41,edit_001,edit_005
stl_st_louis_downtown_airport_to_st_louis_lambert_2025-07-14_0210,st_louis_downtown_airport_to_st_louis_lambert,St. Louis Downtown Airport to St. Louis Lambert,w_0210,0.4,0.0,0.6,0.0,40.47170598244978,21.249513221596747,53,edit_011,edit_011
stl_st_louis_downtown_airport_to_st_louis_lambert_2025-07-14_0211,st_louis_downtown_airport_to_st_louis_lambert,St. Louis Downtown Airport to St. Louis Lambert,w_0211,0.4,0.1,0.0,0.5,35.06932923764436,34.6171831908551,40,edit_002,edit_009
stl_st_louis_downtown_airport_to_st_louis_lambert_2025-07-14_0212,st_louis_downtown_airport_to_st_louis_lambert,St. Louis Downtown Airport to St. Louis Lambert,w_0212,0.4,0.1,0.1,0.4,35.06847425714207,32.52941036102618,40,edit_001,edit_005
stl_st_louis_downtown_airport_to_st_louis_lambert_2025-07-14_0213,st_louis_downtown_airport_to_st_louis_lambert,St. Louis Downtown Airport to St. Louis Lambert,w_0213,0.4,0.1,0.2,0.3,35.06847425714207,30.318389701617377,40,edit_001,edit_005
stl_st_louis_downtown_airport_to_st_louis_lambert_2025-07-14_0214,st_louis_downtown_airport_to_st_louis_lambert,St. Louis Downtown Airport to St. Louis Lambert,w_0214,0.4,0.1,0.3,0.2,35.06847425714207,28.107369042208585,40,edit_001,edit_005
stl_st_louis_downtown_airport_to_st_louis_lambert_2025-07-14_0215,st_louis_downtown_airport_to_st_louis_lambert,St. Louis Downtown Airport to St. Louis Lambert,w_0215,0.4,0.1,0.4,0.1,35.818630626058024,25.82268193091804,42,edit_001,edit_005
stl_st_louis_downtown_airport_to_st_louis_lambert_2025-07-14_0216,st_louis_downtown_airport_to_st_louis_lambert,St. Louis Downtown Airport to St. Louis Lambert,w_0216,0.4,0.1,0.5,0.0,36.19410185333186,23.22005927888404,43,edit_006,edit_006
stl_st_louis_downtown_airport_to_st_louis_lambert_2025-07-14_0217,st_louis_downtown_airport_to_st_louis_lambert,St. Louis Downtown Airport to St. Louis Lambert,w_0217,0.4,0.2,0.0,0.4,35.06987633323177,33.60106596507882,40,edit_002,edit_009
stl_st_louis_downtown_airport_to_st_louis_lambert_2025-07-14_0218,st_louis_downtown_airport_to_st_louis_lambert,St. Louis Downtown Airport to St. Louis Lambert,w_0218,0.4,0.2,0.1,0.3,35.0695243590648,31.53307237178289,40,edit_002,edit_009
stl_st_louis_downtown_airport_to_st_louis_lambert_2025-07-14_0219,st_louis_downtown_airport_to_st_louis_lambert,St. Louis Downtown Airport to St. Louis Lambert,w_0219,0.4,0.2,0.2,0.2,35.0695243590648,29.37741119618874,40,edit_002,edit_009
stl_st_louis_downtown_airport_to_st_louis_lambert_2025-07-14_0220,st_louis_downtown_airport_to_st_louis_lambert,St. Louis Downtown Airport to St. Louis Lambert,w_0220,0.4,0.2,0.3,0.1,35.81909841442097,27.134548416468316,42,edit_006,edit_006
stl_st_louis_downtown_airport_to_st_louis_lambert_2025-07-14_0221,st_louis_downtown_airport_to_st_louis_lambert,St. Louis Downtown Airport to St. Louis Lambert,w_0221,0.4,0.2,0.4,0.0,41.60996080257341,24.517866401559267,56,edit_003,edit_001
stl_st_louis_downtown_airport_to_st_louis_lambert_2025-07-14_0222,st_louis_downtown_airport_to_st_louis_lambert,St. Louis Downtown Airport to St. Louis Lambert,w_0222,0.4,0.3,0.0,0.3,36.197024617572914,32.048497296641486,43,edit_004,edit_010
stl_st_louis_downtown_airport_to_st_louis_lambert_2025-07-14_0223,st_louis_downtown_airport_to_st_louis_lambert,St. Louis Downtown Airport to St. Louis Lambert,w_0223,0.4,0.3,0.1,0.2,36.19717145455798,30.269579675698857,43,edit_013,edit_020
stl_st_louis_downtown_airport_to_st_louis_lambert_2025-07-14_0224,st_louis_downtown_airport_to_st_louis_lambert,St. Louis Downtown Airport to St. Louis Lambert,w_0224,0.4,0.3,0.2,0.1,40.10813539688416,28.209156882465663,52,edit_007,edit_003
stl_st_louis_downtown_airport_to_st_louis_lambert_2025-07-14_0225,st_louis_downtown_airport_to_st_louis_lambert,St. Louis Downtown Airport to St. Louis Lambert,w_0225,0.4,0.3,0.3,0.0,41.60996080257341,24.758810669364937,56,edit_003,edit_001
stl_st_louis_downtown_airport_to_st_louis_lambert_2025-07-14_0226,st_louis_downtown_airport_to_st_louis_lambert,St. Louis Downtown Airport to St. Louis Lambert,w_0226,0.4,0.4,0.0,0.2,36.197024617572914,30.13970753872789,43,edit_004,edit_010
stl_st_louis_downtown_airport_to_st_louis_lambert_2025-07-14_0227,st_louis_downtown_airport_to_st_louis_lambert,St. Louis Downtown Airport to St. Louis Lambert,w_0227,0.4,0.4,0.1,0.1,39.956069389110745,28.17523448264864,53,edit_007,edit_003
stl_st_louis_downtown_airport_to_st_louis_lambert_2025-07-14_0228,st_louis_downtown_airport_to_st_louis_lambert,St. Louis Downtown Airport to St. Louis Lambert,w_0228,0.4,0.4,0.2,0.0,41.234654909810864,24.98086613393271,55,edit_003,edit_001
stl_st_louis_downtown_airport_to_st_louis_lambert_2025-07-14_0229,st_louis_downtown_airport_to_st_louis_lambert,St. Louis Downtown Airport to St. Louis Lambert,w_0229,0.4,0.5,0.0,0.1,40.86156395761667,27.16346527897982,54,edit_005,edit_007
stl_st_louis_downtown_airport_to_st_louis_lambert_2025-07-14_0230,st_louis_downtown_airport_to_st_louis_lambert,St. Louis Downtown Airport to St. Louis Lambert,w_0230,0.4,0.5,0.1,0.0,40.33145884974131,24.76554306039728,54,edit_007,edit_003
stl_st_louis_downtown_airport_to_st_louis_lambert_2025-07-14_0231,st_louis_downtown_airport_to_st_louis_lambert,St. Louis Downtown Airport to St. Louis Lambert,w_0231,0.4,0.6,0.0,0.0,41.77074742931658,23.595226946011607,55,edit_005,edit_007
stl_st_louis_downtown_airport_to_st_louis_lambert_2025-07-14_0232,st_louis_downtown_airport_to_st_louis_lambert,St. Louis Downtown Airport to St. Louis Lambert,w_0232,0.5,0.0,0.0,0.5,35.06847425714207,35.9975618858999,40,edit_001,edit_005
stl_st_louis_downtown_airport_to_st_louis_lambert_2025-07-14_0233,st_louis_downtown_airport_to_st_louis_lambert,St. Louis Downtown Airport to St. Louis Lambert,w_0233,0.5,0.0,0.1,0.4,35.06847425714207,33.78654122649111,40,edit_001,edit_005
stl_st_louis_downtown_airport_to_st_louis_lambert_2025-07-14_0234,st_louis_downtown_airport_to_st_louis_lambert,St. Louis Downtown Airport to St. Louis Lambert,w_0234,0.5,0.0,0.2,0.3,35.06847425714207,31.575520567082307,40,edit_001,edit_005
stl_st_louis_downtown_airport_to_st_louis_lambert_2025-07-14_0235,st_louis_downtown_airport_to_st_louis_lambert,St. Louis Downtown Airport to St. Louis Lambert,w_0235,0.5,0.0,0.3,0.2,35.06847425714207,29.364499907673512,40,edit_001,edit_005
stl_st_louis_downtown_airport_to_st_louis_lambert_2025-07-14_0236,st_louis_downtown_airport_to_st_louis_lambert,St. Louis Downtown Airport to St. Louis Lambert,w_0236,0.5,0.0,0.4,0.1,35.44352130705673,27.130119357900917,41,edit_001,edit_005
stl_st_louis_downtown_airport_to_st_louis_lambert_2025-07-14_0237,st_louis_downtown_airport_to_st_louis_lambert,St. Louis Downtown Airport to St. Louis Lambert,w_0237,0.5,0.0,0.5,0.0,36.194087268379455,24.692683076846716,43,edit_006,edit_006
stl_st_louis_downtown_airport_to_st_louis_lambert_2025-07-14_0238,st_louis_downtown_airport_to_st_louis_lambert,St. Louis Downtown Airport to St. Louis Lambert,w_0238,0.5,0.1,0.0,0.4,35.06932923764436,35.136789664168454,40,edit_002,edit_009
stl_st_louis_downtown_airport_to_st_louis_lambert_2025-07-14_0239,st_louis_downtown_airport_to_st_louis_lambert,St. Louis Downtown Airport to St. Louis Lambert,w_0239,0.5,0.1,0.1,0.3,35.0695243590648,33.027589441156884,40,edit_002,edit_009
stl_st_louis_downtown_airport_to_st_louis_lambert_2025-07-14_0240,st_louis_downtown_airport_to_st_louis_lambert,St. Louis Downtown Airport to St. Louis Lambert,w_0240,0.5,0.1,0.2,0.2,35.06847425714207,30.83790207879736,40,edit_001,edit_005
stl_st_louis_downtown_airport_to_st_louis_lambert_2025-07-14_0241,st_louis_downtown_airport_to_st_louis_lambert,St. Louis Downtown Airport to St. Louis Lambert,w_0241,0.5,0.1,0.3,0.1,35.06847425714207,28.62688141938856,40,edit_001,edit_005
stl_st_louis_downtown_airport_to_st_louis_lambert_2025-07-14_0242,st_louis_downtown_airport_to_st_louis_lambert,St. Louis Downtown Airport to St. Louis Lambert,w_0242,0.5,0.1,0.4,0.0,36.19410185333186,26.2349681708076,43,edit_006,edit_006
stl_st_louis_downtown_airport_to_st_louis_lambert_2025-07-14_0243,st_louis_downtown_airport_to_st_louis_lambert,St. Louis Downtown Airport to St. Louis Lambert,w_0243,0.5,0.2,0.0,0.3,35.44580648998812,34.07490917421423,41,edit_004,edit_010
stl_st_louis_downtown_airport_to_st_louis_lambert_2025-07-14_0244,st_louis_downtown_airport_to_st_louis_lambert,St. Louis Downtown Airport to St. Louis Lambert,w_0244,0.5,0.2,0.1,0.2,35.0695243590648,32.01270031947039,40,edit_002,edit_009
stl_st_louis_downtown_airport_to_st_louis_lambert_2025-07-14_0245,st_louis_downtown_airport_to_st_louis_lambert,St. Louis Downtown Airport to St. Louis Lambert,w_0245,0.5,0.2,0.2,0.1,35.0695243590648,29.85703914387624,40,edit_002,edit_009
stl_st_louis_downtown_airport_to_st_louis_lambert_2025-07-14_0246,st_louis_downtown_airport_to_st_louis_lambert,St. Louis Downtown Airport to St. Louis Lambert,w_0246,0.5,0.2,0.3,0.0,35.81909841442097,27.53667183638672,42,edit_006,edit_006
stl_st_louis_downtown_airport_to_st_louis_lambert_2025-07-14_0247,st_louis_downtown_airport_to_st_louis_lambert,St. Louis Downtown Airport to St. Louis Lambert,w_0247,0.5,0.3,0.0,0.2,36.197024617572914,32.392213939237045,43,edit_004,edit_010
stl_st_louis_downtown_airport_to_st_louis_lambert_2025-07-14_0248,st_louis_downtown_airport_to_st_louis_lambert,St. Louis Downtown Airport to St. Louis Lambert,w_0248,0.5,0.3,0.1,0.1,36.19717145455798,30.573312478654213,43,edit_013,edit_020
stl_st_louis_downtown_airport_to_st_louis_lambert_2025-07-14_0249,st_louis_downtown_airport_to_st_louis_lambert,St. Louis Downtown Airport to St. Louis Lambert,w_0249,0.5,0.3,0.2,0.0,40.10813539688416,28.283316559183238,52,edit_007,edit_003
stl_st_louis_downtown_airport_to_st_louis_lambert_2025-07-14_0250,st_louis_downtown_airport_to_st_louis_lambert,St. Louis Downtown Airport to St. Louis Lambert,w_0250,0.5,0.4,0.0,0.1,36.57204599052436,30.4261272663133,44,edit_028,edit_028
stl_st_louis_downtown_airport_to_st_louis_lambert_2025-07-14_0251,st_louis_downtown_airport_to_st_louis_lambert,St. Louis Downtown Airport to St. Louis Lambert,w_0251,0.5,0.4,0.1,0.0,40.33145884974131,28.11404817491064,54,edit_007,edit_003
stl_st_louis_downtown_airport_to_st_louis_lambert_2025-07-14_0252,st_louis_downtown_airport_to_st_louis_lambert,St. Louis Downtown Airport to St. Louis Lambert,w_0252,0.5,0.5,0.0,0.0,40.86156395761667,27.200544641171756,54,edit_005,edit_007
stl_st_louis_downtown_airport_to_st_louis_lambert_2025-07-14_0253,st_louis_downtown_airport_to_st_louis_lambert,St. Louis Downtown Airport to St. Louis Lambert,w_0253,0.6,0.0,0.0,0.4,35.06847425714207,36.51707426307988,40,edit_001,edit_005
stl_st_louis_downtown_airport_to_st_louis_lambert_2025-07-14_0254,st_louis_downtown_airport_to_st_louis_lambert,St. Louis Downtown Airport to St. Louis Lambert,w_0254,0.6,0.0,0.1,0.3,35.06847425714207,34.30605360367108,40,edit_001,edit_005
stl_st_louis_downtown_airport_to_st_louis_lambert_2025-07-14_0255,st_louis_downtown_airport_to_st_louis_lambert,St. Louis Downtown Airport to St. Louis Lambert,w_0255,0.6,0.0,0.2,0.2,35.06847425714207,32.095032944262286,40,edit_001,edit_005
stl_st_louis_downtown_airport_to_st_louis_lambert_2025-07-14_0256,st_louis_downtown_airport_to_st_louis_lambert,St. Louis Downtown Airport to St. Louis Lambert,w_0256,0.6,0.0,0.3,0.1,35.06847425714207,29.88401228485349,40,edit_001,edit_005
stl_st_louis_downtown_airport_to_st_louis_lambert_2025-07-14_0257,st_louis_downtown_airport_to_st_louis_lambert,St. Louis Downtown Airport to St. Louis Lambert,w_0257,0.6,0.0,0.4,0.0,35.44352130705673,27.590908088325023,41,edit_001,edit_005
stl_st_louis_downtown_airport_to_st_louis_lambert_2025-07-14_0258,st_louis_downtown_airport_to_st_louis_lambert,St. Louis Downtown Airport to St. Louis Lambert,w_0258,0.6,0.1,0.0,0.3,35.06987633323177,35.61919972142248,40,edit_002,edit_009
stl_st_louis_downtown_airport_to_st_louis_lambert_2025-07-14_0259,st_louis_downtown_airport_to_st_louis_lambert,St. Louis Downtown Airport to St. Louis Lambert,w_0259,0.6,0.1,0.1,0.2,35.0695243590648,33.50721738884439,40,edit_002,edit_009
stl_st_louis_downtown_airport_to_st_louis_lambert_2025-07-14_0260,st_louis_downtown_airport_to_st_louis_lambert,St. Louis Downtown Airport to St. Louis Lambert,w_0260,0.6,0.1,0.2,0.1,35.0695243590648,31.351556213250237,40,edit_002,edit_009
stl_st_louis_downtown_airport_to_st_louis_lambert_2025-07-14_0261,st_louis_downtown_airport_to_st_louis_lambert,St. Louis Downtown Airport to St. Louis Lambert,w_0261,0.6,0.1,0.3,0.0,35.44406689256426,29.072946092884347,41,edit_006,edit_006
stl_st_louis_downtown_airport_to_st_louis_lambert_2025-07-14_0262,st_louis_downtown_airport_to_st_louis_lambert,St. Louis Downtown Airport to St. Louis Lambert,w_0262,0.6,0.2,0.0,0.2,35.44580648998812,34.53594940379804,41,edit_004,edit_010
stl_st_louis_downtown_airport_to_st_louis_lambert_2025-07-14_0263,st_louis_downtown_airport_to_st_louis_lambert,St. Louis Downtown Airport to St. Louis Lambert,w_0263,0.6,0.2,0.1,0.1,35.0695243590648,32.4923282671579,40,edit_002,edit_009
stl_st_louis_downtown_airport_to_st_louis_lambert_2025-07-14_0264,st_louis_downtown_airport_to_st_louis_lambert,St. Louis Downtown Airport to St. Louis Lambert,w_0264,0.6,0.2,0.2,0.0,35.0695243590648,30.336667091563747,40,edit_002,edit_009
stl_st_louis_downtown_airport_to_st_louis_lambert_2025-07-14_0265,st_louis_downtown_airport_to_st_louis_lambert,St. Louis Downtown Airport to St. Louis Lambert,w_0265,0.6,0.3,0.0,0.1,36.197024617572914,32.73593058183261,43,edit_004,edit_010
stl_st_louis_downtown_airport_to_st_louis_lambert_2025-07-14_0266,st_louis_downtown_airport_to_st_louis_lambert,St. Louis Downtown Airport to St. Louis Lambert,w_0266,0.6,0.3,0.1,0.0,36.57228076703887,30.86990086379872,44,edit_013,edit_020
stl_st_louis_downtown_airport_to_st_louis_lambert_2025-07-14_0267,st_louis_downtown_airport_to_st_louis_lambert,St. Louis Downtown Airport to St. Louis Lambert,w_0267,0.6,0.4,0.0,0.0,40.32796740734455,30.66667456154385,54,edit_005,edit_007
stl_st_louis_downtown_airport_to_st_louis_lambert_2025-07-14_0268,st_louis_downtown_airport_to_st_louis_lambert,St. Louis Downtown Airport to St. Louis Lambert,w_0268,0.7,0.0,0.0,0.3,35.06847425714207,37.036586640259856,40,edit_001,edit_005
stl_st_louis_downtown_airport_to_st_louis_lambert_2025-07-14_0269,st_louis_downtown_airport_to_st_louis_lambert,St. Louis Downtown Airport to St. Louis Lambert,w_0269,0.7,0.0,0.1,0.2,35.06847425714207,34.82556598085106,40,edit_001,edit_005
stl_st_louis_downtown_airport_to_st_louis_lambert_2025-07-14_0270,st_louis_downtown_airport_to_st_louis_lambert,St. Louis Downtown Airport to St. Louis Lambert,w_0270,0.7,0.0,0.2,0.1,35.06847425714207,32.614545321442264,40,edit_001,edit_005
stl_st_louis_downtown_airport_to_st_louis_lambert_2025-07-14_0271,st_louis_downtown_airport_to_st_louis_lambert,St. Louis Downtown Airport to St. Louis Lambert,w_0271,0.7,0.0,0.3,0.0,35.06847425714207,30.40352466203347,40,edit_001,edit_005
stl_st_louis_downtown_airport_to_st_louis_lambert_2025-07-14_0272,st_louis_downtown_airport_to_st_louis_lambert,St. Louis Downtown Airport to St. Louis Lambert,w_0272,0.7,0.1,0.0,0.2,35.06987633323177,36.09886640614325,40,edit_002,edit_009
stl_st_louis_downtown_airport_to_st_louis_lambert_2025-07-14_0273,st_louis_downtown_airport_to_st_louis_lambert,St. Louis Downtown Airport to St. Louis Lambert,w_0273,0.7,0.1,0.1,0.1,35.0695243590648,33.98684533653189,40,edit_002,edit_009
stl_st_louis_downtown_airport_to_st_louis_lambert_2025-07-14_0274,st_louis_downtown_airport_to_st_louis_lambert,St. Louis Downtown Airport to St. Louis Lambert,w_0274,0.7,0.1,0.2,0.0,35.0695243590648,31.83118416093774,40,edit_002,edit_009
stl_st_louis_downtown_airport_to_st_louis_lambert_2025-07-14_0275,st_louis_downtown_airport_to_st_louis_lambert,St. Louis Downtown Airport to St. Louis Lambert,w_0275,0.7,0.2,0.0,0.1,36.197024617572914,34.98843698234177,43,edit_004,edit_010
stl_st_louis_downtown_airport_to_st_louis_lambert_2025-07-14_0276,st_louis_downtown_airport_to_st_louis_lambert,St. Louis Downtown Airport to St. Louis Lambert,w_0276,0.7,0.2,0.1,0.0,35.0695243590648,32.971956214845406,40,edit_002,edit_009
stl_st_louis_downtown_airport_to_st_louis_lambert_2025-07-14_0277,st_louis_downtown_airport_to_st_louis_lambert,St. Louis Downtown Airport to St. Louis Lambert,w_0277,0.7,0.3,0.0,0.0,36.197024617572914,33.07964722442817,43,edit_004,edit_010
stl_st_louis_downtown_airport_to_st_louis_lambert_2025-07-14_0278,st_louis_downtown_airport_to_st_louis_lambert,St. Louis Downtown Airport to St. Louis Lambert,w_0278,0.8,0.0,0.0,0.2,35.06847425714207,37.55609901743984,40,edit_001,edit_005
stl_st_louis_downtown_airport_to_st_louis_lambert_2025-07-14_0279,st_louis_downtown_airport_to_st_louis_lambert,St. Louis Downtown Airport to St. Louis Lambert,w_0279,0.8,0.0,0.1,0.1,35.06847425714207,35.345078358031046,40,edit_001,edit_005
stl_st_louis_downtown_airport_to_st_louis_lambert_2025-07-14_0280,st_louis_downtown_airport_to_st_louis_lambert,St. Louis Downtown Airport to St. Louis Lambert,w_0280,0.8,0.0,0.2,0.0,35.06847425714207,33.13405769862225,40,edit_001,edit_005
stl_st_louis_downtown_airport_to_st_louis_lambert_2025-07-14_0281,st_louis_downtown_airport_to_st_louis_lambert,St. Louis Downtown Airport to St. Louis Lambert,w_0281,0.8,0.1,0.0,0.1,35.06987633323177,36.57853309086403,40,edit_002,edit_009
stl_st_louis_downtown_airport_to_st_louis_lambert_2025-07-14_0282,st_louis_downtown_airport_to_st_louis_lambert,St. Louis Downtown Airport to St. Louis Lambert,w_0282,0.8,0.1,0.1,0.0,35.0695243590648,34.466473284219404,40,edit_002,edit_009
stl_st_louis_downtown_airport_to_st_louis_lambert_2025-07-14_0283,st_louis_downtown_airport_to_st_louis_lambert,St. Louis Downtown Airport to St. Louis Lambert,w_0283,0.8,0.2,0.0,0.0,36.197024617572914,35.332153624937334,43,edit_004,edit_010
stl_st_louis_downtown_airport_to_st_louis_lambert_2025-07-14_0284,st_louis_downtown_airport_to_st_louis_lambert,St. Louis Downtown Airport to St. Louis Lambert,w_0284,0.9,0.0,0.0,0.1,35.06847425714207,38.07561139461982,40,edit_001,edit_005
stl_st_louis_downtown_airport_to_st_louis_lambert_2025-07-14_0285,st_louis_downtown_airport_to_st_louis_lambert,St. Louis Downtown Airport to St. Louis Lambert,w_0285,0.9,0.0,0.1,0.0,35.06847425714207,35.86459073521102,40,edit_001,edit_005
stl_st_louis_downtown_airport_to_st_louis_lambert_2025-07-14_0286,st_louis_downtown_airport_to_st_louis_lambert,St. Louis Downtown Airport to St. Louis Lambert,w_0286,0.9,0.1,0.0,0.0,35.06987633323177,37.05819977558479,40,edit_002,edit_009
stl_st_louis_downtown_airport_to_st_louis_lambert_2025-07-14_0287,st_louis_downtown_airport_to_st_louis_lambert,St. Louis Downtown Airport to St. Louis Lambert,w_0287,1.0,0.0,0.0,0.0,35.06847425714207,38.5951237717998,40,edit_001,edit_005
