route_run_id,route_pair,route_pair_label,route_variant,traffic_dataset,weight_id,distance_weight,population_weight,traffic_weight,airspace_weight,barycentric_x,barycentric_y,barycentric_z
chi_clow_to_ohare_0001,clow_to_ohare,Clow International Airport to O'Hare International Airport,variant_043,ohare_2026-03-07_1s_15nm_bbox,w_0001,0.0,0.0,0.0,1.0,-1.0,-1.0,1.0
chi_clow_to_ohare_0002,clow_to_ohare,Clow International Airport to O'Hare International Airport,variant_044,ohare_2026-03-07_1s_15nm_bbox,w_0002,0.0,0.0,0.1,0.9,-1.0,-0.8,0.8
chi_clow_to_ohare_0003,clow_to_ohare,Clow International Airport to O'Hare International Airport,variant_045,ohare_2026-03-07_1s_15nm_bbox,w_0003,0.0,0.0,0.2,0.8,-1.0,-0.6000000000000001,0.6000000000000001
chi_clow_to_ohare_0004,clow_to_ohare,Clow International Airport to O'Hare International Airport,variant_046,ohare_2026-03-07_1s_15nm_bbox,w_0004,0.0,0.0,0.3,0.7,-1.0,-0.39999999999999997,0.39999999999999997
chi_clow_to_ohare_0005,clow_to_ohare,Clow International Airport to O'Hare International Airport,variant_047,ohare_2026-03-07_1s_15nm_bbox,w_0005,0.0,0.0,0.4,0.6,-1.0,-0.19999999999999996,0.19999999999999996
chi_clow_to_ohare_0006,clow_to_ohare,Clow International Airport to O'Hare International Airport,variant_048,ohare_2026-03-07_1s_15nm_bbox,w_0006,0.0,0.0,0.5,0.5,-1.0,0.0,0.0
chi_clow_to_ohare_0007,clow_to_ohare,Clow International Airport to O'Hare International Airport,variant_049,ohare_2026-03-07_1s_15nm_bbox,w_0007,0.0,0.0,0.6,0.4,-1.0,0.19999999999999996,-0.19999999999999996
chi_clow_to_ohare_0008,clow_to_ohare,Clow International Airport to O'Hare International Airport,variant_050,ohare_2026-03-07_1s_15nm_bbox,w_0008,0.0,0.0,0.7,0.3,-1.0,0.39999999999999997,-0.39999999999999997
chi_clow_to_ohare_0009,clow_to_ohare,Clow International Airport to O'Hare International Airport,variant_051,ohare_2026-03-07_1s_15nm_bbox,w_0009,0.0,0.0,0.8,0.2,-1.0,0.6000000000000001,-0.6000000000000001
chi_clow_to_ohare_0010,clow_to_ohare,Clow International Airport to O'Hare International Airport,variant_052,ohare_2026-03-07_1s_15nm_bbox,w_0010,0.0,0.0,0.9,0.1,-1.0,0.8,-0.8
chi_clow_to_ohare_0011,clow_to_ohare,Clow International Airport to O'Hare International Airport,variant_053,ohare_2026-03-07_1s_15nm_bbox,w_0011,0.0,0.0,1.0,0.0,-1.0,1.0,-1.0
chi_clow_to_ohare_0012,clow_to_ohare,Clow International Airport to O'Hare International Airport,variant_054,ohare_2026-03-07_1s_15nm_bbox,w_0012,0.0,0.1,0.0,0.9,-0.8,-1.0,0.8
chi_clow_to_ohare_0013,clow_to_ohare,Clow International Airport to O'Hare International Airport,variant_055,ohare_2026-03-07_1s_15nm_bbox,w_0013,0.0,0.1,0.1,0.8,-0.8,-0.8,0.6000000000000001
chi_clow_to_ohare_0014,clow_to_ohare,Clow International Airport to O'Hare International Airport,variant_056,ohare_2026-03-07_1s_15nm_bbox,w_0014,0.0,0.1,0.2,0.7,-0.7999999999999999,-0.6,0.3999999999999999
chi_clow_to_ohare_0015,clow_to_ohare,Clow International Airport to O'Hare International Airport,variant_057,ohare_2026-03-07_1s_15nm_bbox,w_0015,0.0,0.1,0.3,0.6,-0.7999999999999999,-0.4,0.19999999999999996
chi_clow_to_ohare_0016,clow_to_ohare,Clow International Airport to O'Hare International Airport,variant_058,ohare_2026-03-07_1s_15nm_bbox,w_0016,0.0,0.1,0.4,0.5,-0.8,-0.19999999999999996,0.0
chi_clow_to_ohare_0017,clow_to_ohare,Clow International Airport to O'Hare International Airport,variant_059,ohare_2026-03-07_1s_15nm_bbox,w_0017,0.0,0.1,0.5,0.4,-0.8,0.0,-0.19999999999999996
chi_clow_to_ohare_0018,clow_to_ohare,Clow International Airport to O'Hare International Airport,variant_060,ohare_2026-03-07_1s_15nm_bbox,w_0018,0.0,0.1,0.6,0.3,-0.8,0.2,-0.39999999999999997
chi_clow_to_ohare_0019,clow_to_ohare,Clow International Airport to O'Hare International Airport,variant_061,ohare_2026-03-07_1s_15nm_bbox,w_0019,0.0,0.1,0.7,0.2,-0.8,0.39999999999999997,-0.5999999999999999
chi_clow_to_ohare_0020,clow_to_ohare,Clow International Airport to O'Hare International Airport,variant_062,ohare_2026-03-07_1s_15nm_bbox,w_0020,0.0,0.1,0.8,0.1,-0.8,0.6000000000000001,-0.8
chi_clow_to_ohare_0021,clow_to_ohare,Clow International Airport to O'Hare International Airport,variant_063,ohare_2026-03-07_1s_15nm_bbox,w_0021,0.0,0.1,0.9,0.0,-0.8,0.8,-1.0
chi_clow_to_ohare_0022,clow_to_ohare,Clow International Airport to O'Hare International Airport,variant_064,ohare_2026-03-07_1s_15nm_bbox,w_0022,0.0,0.2,0.0,0.8,-0.6000000000000001,-1.0,0.6000000000000001
chi_clow_to_ohare_0023,clow_to_ohare,Clow International Airport to O'Hare International Airport,variant_065,ohare_2026-03-07_1s_15nm_bbox,w_0023,0.0,0.2,0.1,0.7,-0.6,-0.7999999999999999,0.3999999999999999
chi_clow_to_ohare_0024,clow_to_ohare,Clow International Airport to O'Hare International Airport,variant_066,ohare_2026-03-07_1s_15nm_bbox,w_0024,0.0,0.2,0.2,0.6,-0.6,-0.6,0.19999999999999996
chi_clow_to_ohare_0025,clow_to_ohare,Clow International Airport to O'Hare International Airport,variant_067,ohare_2026-03-07_1s_15nm_bbox,w_0025,0.0,0.2,0.3,0.5,-0.6,-0.4,0.0
chi_clow_to_ohare_0026,clow_to_ohare,Clow International Airport to O'Hare International Airport,variant_068,ohare_2026-03-07_1s_15nm_bbox,w_0026,0.0,0.2,0.4,0.4,-0.6000000000000001,-0.2,-0.20000000000000007
chi_clow_to_ohare_0027,clow_to_ohare,Clow International Airport to O'Hare International Airport,variant_069,ohare_2026-03-07_1s_15nm_bbox,w_0027,0.0,0.2,0.5,0.3,-0.6,0.0,-0.39999999999999997
chi_clow_to_ohare_0028,clow_to_ohare,Clow International Airport to O'Hare International Airport,variant_070,ohare_2026-03-07_1s_15nm_bbox,w_0028,0.0,0.2,0.6,0.2,-0.6,0.19999999999999996,-0.6000000000000001
chi_clow_to_ohare_0029,clow_to_ohare,Clow International Airport to O'Hare International Airport,variant_071,ohare_2026-03-07_1s_15nm_bbox,w_0029,0.0,0.2,0.7,0.1,-0.6,0.3999999999999999,-0.7999999999999999
chi_clow_to_ohare_0030,clow_to_ohare,Clow International Airport to O'Hare International Airport,variant_072,ohare_2026-03-07_1s_15nm_bbox,w_0030,0.0,0.2,0.8,0.0,-0.6000000000000001,0.6000000000000001,-1.0
chi_clow_to_ohare_0031,clow_to_ohare,Clow International Airport to O'Hare International Airport,variant_073,ohare_2026-03-07_1s_15nm_bbox,w_0031,0.0,0.3,0.0,0.7,-0.39999999999999997,-1.0,0.39999999999999997
chi_clow_to_ohare_0032,clow_to_ohare,Clow International Airport to O'Hare International Airport,variant_025,ohare_2026-03-07_1s_15nm_bbox,w_0032,0.0,0.3,0.1,0.6,-0.4,-0.7999999999999999,0.19999999999999996
chi_clow_to_ohare_0033,clow_to_ohare,Clow International Airport to O'Hare International Airport,variant_074,ohare_2026-03-07_1s_15nm_bbox,w_0033,0.0,0.3,0.2,0.5,-0.4,-0.6,0.0
chi_clow_to_ohare_0034,clow_to_ohare,Clow International Airport to O'Hare International Airport,variant_075,ohare_2026-03-07_1s_15nm_bbox,w_0034,0.0,0.3,0.3,0.4,-0.4,-0.4,-0.19999999999999996
chi_clow_to_ohare_0035,clow_to_ohare,Clow International Airport to O'Hare International Airport,variant_026,ohare_2026-03-07_1s_15nm_bbox,w_0035,0.0,0.3,0.4,0.3,-0.4,-0.19999999999999996,-0.39999999999999997
chi_clow_to_ohare_0036,clow_to_ohare,Clow International Airport to O'Hare International Airport,variant_076,ohare_2026-03-07_1s_15nm_bbox,w_0036,0.0,0.3,0.5,0.2,-0.4,0.0,-0.6000000000000001
chi_clow_to_ohare_0037,clow_to_ohare,Clow International Airport to O'Hare International Airport,variant_077,ohare_2026-03-07_1s_15nm_bbox,w_0037,0.0,0.3,0.6,0.1,-0.4,0.19999999999999998,-0.7999999999999999
chi_clow_to_ohare_0038,clow_to_ohare,Clow International Airport to O'Hare International Airport,variant_078,ohare_2026-03-07_1s_15nm_bbox,w_0038,0.0,0.3,0.7,0.0,-0.39999999999999997,0.39999999999999997,-1.0
chi_clow_to_ohare_0039,clow_to_ohare,Clow International Airport to O'Hare International Airport,variant_017,ohare_2026-03-07_1s_15nm_bbox,w_0039,0.0,0.4,0.0,0.6,-0.19999999999999996,-1.0,0.19999999999999996
chi_clow_to_ohare_0040,clow_to_ohare,Clow International Airport to O'Hare International Airport,variant_025,ohare_2026-03-07_1s_15nm_bbox,w_0040,0.0,0.4,0.1,0.5,-0.19999999999999996,-0.8,0.0
chi_clow_to_ohare_0041,clow_to_ohare,Clow International Airport to O'Hare International Airport,variant_079,ohare_2026-03-07_1s_15nm_bbox,w_0041,0.0,0.4,0.2,0.4,-0.2,-0.6000000000000001,-0.20000000000000007
chi_clow_to_ohare_0042,clow_to_ohare,Clow International Airport to O'Hare International Airport,variant_027,ohare_2026-03-07_1s_15nm_bbox,w_0042,0.0,0.4,0.3,0.3,-0.19999999999999996,-0.4,-0.39999999999999997
chi_clow_to_ohare_0043,clow_to_ohare,Clow International Airport to O'Hare International Airport,variant_027,ohare_2026-03-07_1s_15nm_bbox,w_0043,0.0,0.4,0.4,0.2,-0.2,-0.2,-0.6000000000000001
chi_clow_to_ohare_0044,clow_to_ohare,Clow International Airport to O'Hare International Airport,variant_026,ohare_2026-03-07_1s_15nm_bbox,w_0044,0.0,0.4,0.5,0.1,-0.19999999999999998,-2.7755575615628914e-17,-0.8
chi_clow_to_ohare_0045,clow_to_ohare,Clow International Airport to O'Hare International Airport,variant_080,ohare_2026-03-07_1s_15nm_bbox,w_0045,0.0,0.4,0.6,0.0,-0.19999999999999996,0.19999999999999996,-1.0
chi_clow_to_ohare_0046,clow_to_ohare,Clow International Airport to O'Hare International Airport,variant_017,ohare_2026-03-07_1s_15nm_bbox,w_0046,0.0,0.5,0.0,0.5,0.0,-1.0,0.0
chi_clow_to_ohare_0047,clow_to_ohare,Clow International Airport to O'Hare International Airport,variant_028,ohare_2026-03-07_1s_15nm_bbox,w_0047,0.0,0.5,0.1,0.4,0.0,-0.8,-0.19999999999999996
chi_clow_to_ohare_0048,clow_to_ohare,Clow International Airport to O'Hare International Airport,variant_081,ohare_2026-03-07_1s_15nm_bbox,w_0048,0.0,0.5,0.2,0.3,0.0,-0.6,-0.39999999999999997
chi_clow_to_ohare_0049,clow_to_ohare,Clow International Airport to O'Hare International Airport,variant_082,ohare_2026-03-07_1s_15nm_bbox,w_0049,0.0,0.5,0.3,0.2,0.0,-0.4,-0.6000000000000001
chi_clow_to_ohare_0050,clow_to_ohare,Clow International Airport to O'Hare International Airport,variant_029,ohare_2026-03-07_1s_15nm_bbox,w_0050,0.0,0.5,0.4,0.1,-2.7755575615628914e-17,-0.19999999999999998,-0.8
chi_clow_to_ohare_0051,clow_to_ohare,Clow International Airport to O'Hare International Airport,variant_083,ohare_2026-03-07_1s_15nm_bbox,w_0051,0.0,0.5,0.5,0.0,0.0,0.0,-1.0
chi_clow_to_ohare_0052,clow_to_ohare,Clow International Airport to O'Hare International Airport,variant_017,ohare_2026-03-07_1s_15nm_bbox,w_0052,0.0,0.6,0.0,0.4,0.19999999999999996,-1.0,-0.19999999999999996
chi_clow_to_ohare_0053,clow_to_ohare,Clow International Airport to O'Hare International Airport,variant_028,ohare_2026-03-07_1s_15nm_bbox,w_0053,0.0,0.6,0.1,0.3,0.2,-0.8,-0.39999999999999997
chi_clow_to_ohare_0054,clow_to_ohare,Clow International Airport to O'Hare International Airport,variant_084,ohare_2026-03-07_1s_15nm_bbox,w_0054,0.0,0.6,0.2,0.2,0.19999999999999996,-0.6,-0.6000000000000001
chi_clow_to_ohare_0055,clow_to_ohare,Clow International Airport to O'Hare International Airport,variant_029,ohare_2026-03-07_1s_15nm_bbox,w_0055,0.0,0.6,0.3,0.1,0.19999999999999998,-0.4,-0.7999999999999999
chi_clow_to_ohare_0056,clow_to_ohare,Clow International Airport to O'Hare International Airport,variant_030,ohare_2026-03-07_1s_15nm_bbox,w_0056,0.0,0.6,0.4,0.0,0.19999999999999996,-0.19999999999999996,-1.0
chi_clow_to_ohare_0057,clow_to_ohare,Clow International Airport to O'Hare International Airport,variant_085,ohare_2026-03-07_1s_15nm_bbox,w_0057,0.0,0.7,0.0,0.3,0.39999999999999997,-1.0,-0.39999999999999997
chi_clow_to_ohare_0058,clow_to_ohare,Clow International Airport to O'Hare International Airport,variant_086,ohare_2026-03-07_1s_15nm_bbox,w_0058,0.0,0.7,0.1,0.2,0.39999999999999997,-0.8,-0.5999999999999999
chi_clow_to_ohare_0059,clow_to_ohare,Clow International Airport to O'Hare International Airport,variant_087,ohare_2026-03-07_1s_15nm_bbox,w_0059,0.0,0.7,0.2,0.1,0.3999999999999999,-0.6,-0.7999999999999999
chi_clow_to_ohare_0060,clow_to_ohare,Clow International Airport to O'Hare International Airport,variant_030,ohare_2026-03-07_1s_15nm_bbox,w_0060,0.0,0.7,0.3,0.0,0.39999999999999997,-0.39999999999999997,-1.0
chi_clow_to_ohare_0061,clow_to_ohare,Clow International Airport to O'Hare International Airport,variant_088,ohare_2026-03-07_1s_15nm_bbox,w_0061,0.0,0.8,0.0,0.2,0.6000000000000001,-1.0,-0.6000000000000001
chi_clow_to_ohare_0062,clow_to_ohare,Clow International Airport to O'Hare International Airport,variant_089,ohare_2026-03-07_1s_15nm_bbox,w_0062,0.0,0.8,0.1,0.1,0.6000000000000001,-0.8,-0.8
chi_clow_to_ohare_0063,clow_to_ohare,Clow International Airport to O'Hare International Airport,variant_090,ohare_2026-03-07_1s_15nm_bbox,w_0063,0.0,0.8,0.2,0.0,0.6000000000000001,-0.6000000000000001,-1.0
chi_clow_to_ohare_0064,clow_to_ohare,Clow International Airport to O'Hare International Airport,variant_091,ohare_2026-03-07_1s_15nm_bbox,w_0064,0.0,0.9,0.0,0.1,0.8,-1.0,-0.8
chi_clow_to_ohare_0065,clow_to_ohare,Clow International Airport to O'Hare International Airport,variant_092,ohare_2026-03-07_1s_15nm_bbox,w_0065,0.0,0.9,0.1,0.0,0.8,-0.8,-1.0
chi_clow_to_ohare_0066,clow_to_ohare,Clow International Airport to O'Hare International Airport,variant_093,ohare_2026-03-07_1s_15nm_bbox,w_0066,0.0,1.0,0.0,0.0,1.0,-1.0,-1.0
chi_clow_to_ohare_0067,clow_to_ohare,Clow International Airport to O'Hare International Airport,variant_094,ohare_2026-03-07_1s_15nm_bbox,w_0067,0.1,0.0,0.0,0.9,-0.8,-0.8,1.0
chi_clow_to_ohare_0068,clow_to_ohare,Clow International Airport to O'Hare International Airport,variant_031,ohare_2026-03-07_1s_15nm_bbox,w_0068,0.1,0.0,0.1,0.8,-0.8,-0.6000000000000001,0.8
chi_clow_to_ohare_0069,clow_to_ohare,Clow International Airport to O'Hare International Airport,variant_095,ohare_2026-03-07_1s_15nm_bbox,w_0069,0.1,0.0,0.2,0.7,-0.7999999999999999,-0.3999999999999999,0.6
chi_clow_to_ohare_0070,clow_to_ohare,Clow International Airport to O'Hare International Airport,variant_096,ohare_2026-03-07_1s_15nm_bbox,w_0070,0.1,0.0,0.3,0.6,-0.7999999999999999,-0.19999999999999996,0.4
chi_clow_to_ohare_0071,clow_to_ohare,Clow International Airport to O'Hare International Airport,variant_097,ohare_2026-03-07_1s_15nm_bbox,w_0071,0.1,0.0,0.4,0.5,-0.8,0.0,0.19999999999999996
chi_clow_to_ohare_0072,clow_to_ohare,Clow International Airport to O'Hare International Airport,variant_098,ohare_2026-03-07_1s_15nm_bbox,w_0072,0.1,0.0,0.5,0.4,-0.8,0.19999999999999996,0.0
chi_clow_to_ohare_0073,clow_to_ohare,Clow International Airport to O'Hare International Airport,variant_099,ohare_2026-03-07_1s_15nm_bbox,w_0073,0.1,0.0,0.6,0.3,-0.8,0.39999999999999997,-0.2
chi_clow_to_ohare_0074,clow_to_ohare,Clow International Airport to O'Hare International Airport,variant_100,ohare_2026-03-07_1s_15nm_bbox,w_0074,0.1,0.0,0.7,0.2,-0.8,0.5999999999999999,-0.39999999999999997
chi_clow_to_ohare_0075,clow_to_ohare,Clow International Airport to O'Hare International Airport,variant_101,ohare_2026-03-07_1s_15nm_bbox,w_0075,0.1,0.0,0.8,0.1,-0.8,0.8,-0.6000000000000001
chi_clow_to_ohare_0076,clow_to_ohare,Clow International Airport to O'Hare International Airport,variant_102,ohare_2026-03-07_1s_15nm_bbox,w_0076,0.1,0.0,0.9,0.0,-0.8,1.0,-0.8
chi_clow_to_ohare_0077,clow_to_ohare,Clow International Airport to O'Hare International Airport,variant_009,ohare_2026-03-07_1s_15nm_bbox,w_0077,0.1,0.1,0.0,0.8,-0.6000000000000001,-0.8,0.8
chi_clow_to_ohare_0078,clow_to_ohare,Clow International Airport to O'Hare International Airport,variant_032,ohare_2026-03-07_1s_15nm_bbox,w_0078,0.1,0.1,0.1,0.7,-0.6,-0.6,0.6
chi_clow_to_ohare_0079,clow_to_ohare,Clow International Airport to O'Hare International Airport,variant_103,ohare_2026-03-07_1s_15nm_bbox,w_0079,0.1,0.1,0.2,0.6,-0.6,-0.39999999999999997,0.39999999999999997
chi_clow_to_ohare_0080,clow_to_ohare,Clow International Airport to O'Hare International Airport,variant_104,ohare_2026-03-07_1s_15nm_bbox,w_0080,0.1,0.1,0.3,0.5,-0.6,-0.2,0.2
chi_clow_to_ohare_0081,clow_to_ohare,Clow International Airport to O'Hare International Airport,variant_105,ohare_2026-03-07_1s_15nm_bbox,w_0081,0.1,0.1,0.4,0.4,-0.6000000000000001,0.0,0.0
chi_clow_to_ohare_0082,clow_to_ohare,Clow International Airport to O'Hare International Airport,variant_033,ohare_2026-03-07_1s_15nm_bbox,w_0082,0.1,0.1,0.5,0.3,-0.6,0.2,-0.2
chi_clow_to_ohare_0083,clow_to_ohare,Clow International Airport to O'Hare International Airport,variant_106,ohare_2026-03-07_1s_15nm_bbox,w_0083,0.1,0.1,0.6,0.2,-0.6,0.39999999999999997,-0.39999999999999997
chi_clow_to_ohare_0084,clow_to_ohare,Clow International Airport to O'Hare International Airport,variant_107,ohare_2026-03-07_1s_15nm_bbox,w_0084,0.1,0.1,0.7,0.1,-0.6,0.6,-0.6
chi_clow_to_ohare_0085,clow_to_ohare,Clow International Airport to O'Hare International Airport,variant_108,ohare_2026-03-07_1s_15nm_bbox,w_0085,0.1,0.1,0.8,0.0,-0.6000000000000001,0.8,-0.8
chi_clow_to_ohare_0086,clow_to_ohare,Clow International Airport to O'Hare International Airport,variant_009,ohare_2026-03-07_1s_15nm_bbox,w_0086,0.1,0.2,0.0,0.7,-0.3999999999999999,-0.7999999999999999,0.6
chi_clow_to_ohare_0087,clow_to_ohare,Clow International Airport to O'Hare International Airport,variant_109,ohare_2026-03-07_1s_15nm_bbox,w_0087,0.1,0.2,0.1,0.6,-0.3999999999999999,-0.6,0.39999999999999997
chi_clow_to_ohare_0088,clow_to_ohare,Clow International Airport to O'Hare International Airport,variant_110,ohare_2026-03-07_1s_15nm_bbox,w_0088,0.1,0.2,0.2,0.5,-0.39999999999999997,-0.4,0.19999999999999996
chi_clow_to_ohare_0089,clow_to_ohare,Clow International Airport to O'Hare International Airport,variant_111,ohare_2026-03-07_1s_15nm_bbox,w_0089,0.1,0.2,0.3,0.4,-0.39999999999999997,-0.20000000000000004,0.0
chi_clow_to_ohare_0090,clow_to_ohare,Clow International Airport to O'Hare International Airport,variant_010,ohare_2026-03-07_1s_15nm_bbox,w_0090,0.1,0.2,0.4,0.3,-0.39999999999999997,5.551115123125783e-17,-0.2
chi_clow_to_ohare_0091,clow_to_ohare,Clow International Airport to O'Hare International Airport,variant_010,ohare_2026-03-07_1s_15nm_bbox,w_0091,0.1,0.2,0.5,0.2,-0.39999999999999997,0.2,-0.39999999999999997
chi_clow_to_ohare_0092,clow_to_ohare,Clow International Airport to O'Hare International Airport,variant_112,ohare_2026-03-07_1s_15nm_bbox,w_0092,0.1,0.2,0.6,0.1,-0.3999999999999999,0.4,-0.6
chi_clow_to_ohare_0093,clow_to_ohare,Clow International Airport to O'Hare International Airport,variant_034,ohare_2026-03-07_1s_15nm_bbox,w_0093,0.1,0.2,0.7,0.0,-0.3999999999999999,0.6,-0.7999999999999999
chi_clow_to_ohare_0094,clow_to_ohare,Clow International Airport to O'Hare International Airport,variant_113,ohare_2026-03-07_1s_15nm_bbox,w_0094,0.1,0.3,0.0,0.6,-0.19999999999999996,-0.7999999999999999,0.4
chi_clow_to_ohare_0095,clow_to_ohare,Clow International Airport to O'Hare International Airport,variant_114,ohare_2026-03-07_1s_15nm_bbox,w_0095,0.1,0.3,0.1,0.5,-0.19999999999999996,-0.6,0.2
chi_clow_to_ohare_0096,clow_to_ohare,Clow International Airport to O'Hare International Airport,variant_001,ohare_2026-03-07_1s_15nm_bbox,w_0096,0.1,0.3,0.2,0.4,-0.2,-0.4,0.0
chi_clow_to_ohare_0097,clow_to_ohare,Clow International Airport to O'Hare International Airport,variant_018,ohare_2026-03-07_1s_15nm_bbox,w_0097,0.1,0.3,0.3,0.3,-0.19999999999999996,-0.19999999999999998,-0.2
chi_clow_to_ohare_0098,clow_to_ohare,Clow International Airport to O'Hare International Airport,variant_010,ohare_2026-03-07_1s_15nm_bbox,w_0098,0.1,0.3,0.4,0.2,-0.2,2.7755575615628914e-17,-0.39999999999999997
chi_clow_to_ohare_0099,clow_to_ohare,Clow International Airport to O'Hare International Airport,variant_010,ohare_2026-03-07_1s_15nm_bbox,w_0099,0.1,0.3,0.5,0.1,-0.19999999999999998,0.20000000000000004,-0.6
chi_clow_to_ohare_0100,clow_to_ohare,Clow International Airport to O'Hare International Airport,variant_034,ohare_2026-03-07_1s_15nm_bbox,w_0100,0.1,0.3,0.6,0.0,-0.19999999999999996,0.4,-0.7999999999999999
chi_clow_to_ohare_0101,clow_to_ohare,Clow International Airport to O'Hare International Airport,variant_115,ohare_2026-03-07_1s_15nm_bbox,w_0101,0.1,0.4,0.0,0.5,0.0,-0.8,0.19999999999999996
chi_clow_to_ohare_0102,clow_to_ohare,Clow International Airport to O'Hare International Airport,variant_035,ohare_2026-03-07_1s_15nm_bbox,w_0102,0.1,0.4,0.1,0.4,0.0,-0.6000000000000001,0.0
chi_clow_to_ohare_0103,clow_to_ohare,Clow International Airport to O'Hare International Airport,variant_007,ohare_2026-03-07_1s_15nm_bbox,w_0103,0.1,0.4,0.2,0.3,0.0,-0.4,-0.2
chi_clow_to_ohare_0104,clow_to_ohare,Clow International Airport to O'Hare International Airport,variant_018,ohare_2026-03-07_1s_15nm_bbox,w_0104,0.1,0.4,0.3,0.2,0.0,-0.20000000000000007,-0.4000000000000001
chi_clow_to_ohare_0105,clow_to_ohare,Clow International Airport to O'Hare International Airport,variant_018,ohare_2026-03-07_1s_15nm_bbox,w_0105,0.1,0.4,0.4,0.1,-2.7755575615628914e-17,-2.7755575615628914e-17,-0.6000000000000001
chi_clow_to_ohare_0106,clow_to_ohare,Clow International Airport to O'Hare International Airport,variant_019,ohare_2026-03-07_1s_15nm_bbox,w_0106,0.1,0.4,0.5,0.0,0.0,0.19999999999999996,-0.8
chi_clow_to_ohare_0107,clow_to_ohare,Clow International Airport to O'Hare International Airport,variant_008,ohare_2026-03-07_1s_15nm_bbox,w_0107,0.1,0.5,0.0,0.4,0.19999999999999996,-0.8,0.0
chi_clow_to_ohare_0108,clow_to_ohare,Clow International Airport to O'Hare International Airport,variant_116,ohare_2026-03-07_1s_15nm_bbox,w_0108,0.1,0.5,0.1,0.3,0.2,-0.6000000000000001,-0.2
chi_clow_to_ohare_0109,clow_to_ohare,Clow International Airport to O'Hare International Airport,variant_007,ohare_2026-03-07_1s_15nm_bbox,w_0109,0.1,0.5,0.2,0.2,0.19999999999999996,-0.4,-0.4000000000000001
chi_clow_to_ohare_0110,clow_to_ohare,Clow International Airport to O'Hare International Airport,variant_117,ohare_2026-03-07_1s_15nm_bbox,w_0110,0.1,0.5,0.3,0.1,0.19999999999999998,-0.20000000000000004,-0.6
chi_clow_to_ohare_0111,clow_to_ohare,Clow International Airport to O'Hare International Airport,variant_036,ohare_2026-03-07_1s_15nm_bbox,w_0111,0.1,0.5,0.4,0.0,0.19999999999999996,0.0,-0.8
chi_clow_to_ohare_0112,clow_to_ohare,Clow International Airport to O'Hare International Airport,variant_118,ohare_2026-03-07_1s_15nm_bbox,w_0112,0.1,0.6,0.0,0.3,0.39999999999999997,-0.8,-0.2
chi_clow_to_ohare_0113,clow_to_ohare,Clow International Airport to O'Hare International Airport,variant_011,ohare_2026-03-07_1s_15nm_bbox,w_0113,0.1,0.6,0.1,0.2,0.39999999999999997,-0.6000000000000001,-0.39999999999999997
chi_clow_to_ohare_0114,clow_to_ohare,Clow International Airport to O'Hare International Airport,variant_007,ohare_2026-03-07_1s_15nm_bbox,w_0114,0.1,0.6,0.2,0.1,0.3999999999999999,-0.4,-0.6
chi_clow_to_ohare_0115,clow_to_ohare,Clow International Airport to O'Hare International Airport,variant_036,ohare_2026-03-07_1s_15nm_bbox,w_0115,0.1,0.6,0.3,0.0,0.39999999999999997,-0.2,-0.8
chi_clow_to_ohare_0116,clow_to_ohare,Clow International Airport to O'Hare International Airport,variant_119,ohare_2026-03-07_1s_15nm_bbox,w_0116,0.1,0.7,0.0,0.2,0.5999999999999999,-0.8,-0.39999999999999997
chi_clow_to_ohare_0117,clow_to_ohare,Clow International Airport to O'Hare International Airport,variant_120,ohare_2026-03-07_1s_15nm_bbox,w_0117,0.1,0.7,0.1,0.1,0.6,-0.6,-0.6
chi_clow_to_ohare_0118,clow_to_ohare,Clow International Airport to O'Hare International Airport,variant_121,ohare_2026-03-07_1s_15nm_bbox,w_0118,0.1,0.7,0.2,0.0,0.5999999999999999,-0.39999999999999997,-0.8
chi_clow_to_ohare_0119,clow_to_ohare,Clow International Airport to O'Hare International Airport,variant_122,ohare_2026-03-07_1s_15nm_bbox,w_0119,0.1,0.8,0.0,0.1,0.8,-0.8,-0.6000000000000001
chi_clow_to_ohare_0120,clow_to_ohare,Clow International Airport to O'Hare International Airport,variant_123,ohare_2026-03-07_1s_15nm_bbox,w_0120,0.1,0.8,0.1,0.0,0.8,-0.6000000000000001,-0.8
chi_clow_to_ohare_0121,clow_to_ohare,Clow International Airport to O'Hare International Airport,variant_124,ohare_2026-03-07_1s_15nm_bbox,w_0121,0.1,0.9,0.0,0.0,1.0,-0.8,-0.8
chi_clow_to_ohare_0122,clow_to_ohare,Clow International Airport to O'Hare International Airport,variant_005,ohare_2026-03-07_1s_15nm_bbox,w_0122,0.2,0.0,0.0,0.8,-0.6000000000000001,-0.6000000000000001,1.0
chi_clow_to_ohare_0123,clow_to_ohare,Clow International Airport to O'Hare International Airport,variant_004,ohare_2026-03-07_1s_15nm_bbox,w_0123,0.2,0.0,0.1,0.7,-0.6,-0.3999999999999999,0.7999999999999999
chi_clow_to_ohare_0124,clow_to_ohare,Clow International Airport to O'Hare International Airport,variant_031,ohare_2026-03-07_1s_15nm_bbox,w_0124,0.2,0.0,0.2,0.6,-0.6,-0.19999999999999996,0.6
chi_clow_to_ohare_0125,clow_to_ohare,Clow International Airport to O'Hare International Airport,variant_125,ohare_2026-03-07_1s_15nm_bbox,w_0125,0.2,0.0,0.3,0.5,-0.6,0.0,0.4
chi_clow_to_ohare_0126,clow_to_ohare,Clow International Airport to O'Hare International Airport,variant_126,ohare_2026-03-07_1s_15nm_bbox,w_0126,0.2,0.0,0.4,0.4,-0.6000000000000001,0.20000000000000007,0.2
chi_clow_to_ohare_0127,clow_to_ohare,Clow International Airport to O'Hare International Airport,variant_003,ohare_2026-03-07_1s_15nm_bbox,w_0127,0.2,0.0,0.5,0.3,-0.6,0.39999999999999997,0.0
chi_clow_to_ohare_0128,clow_to_ohare,Clow International Airport to O'Hare International Airport,variant_037,ohare_2026-03-07_1s_15nm_bbox,w_0128,0.2,0.0,0.6,0.2,-0.6,0.6000000000000001,-0.19999999999999996
chi_clow_to_ohare_0129,clow_to_ohare,Clow International Airport to O'Hare International Airport,variant_037,ohare_2026-03-07_1s_15nm_bbox,w_0129,0.2,0.0,0.7,0.1,-0.6,0.7999999999999999,-0.3999999999999999
chi_clow_to_ohare_0130,clow_to_ohare,Clow International Airport to O'Hare International Airport,variant_127,ohare_2026-03-07_1s_15nm_bbox,w_0130,0.2,0.0,0.8,0.0,-0.6000000000000001,1.0,-0.6000000000000001
chi_clow_to_ohare_0131,clow_to_ohare,Clow International Airport to O'Hare International Airport,variant_012,ohare_2026-03-07_1s_15nm_bbox,w_0131,0.2,0.1,0.0,0.7,-0.3999999999999999,-0.6,0.7999999999999999
chi_clow_to_ohare_0132,clow_to_ohare,Clow International Airport to O'Hare International Airport,variant_032,ohare_2026-03-07_1s_15nm_bbox,w_0132,0.2,0.1,0.1,0.6,-0.3999999999999999,-0.39999999999999997,0.6
chi_clow_to_ohare_0133,clow_to_ohare,Clow International Airport to O'Hare International Airport,variant_128,ohare_2026-03-07_1s_15nm_bbox,w_0133,0.2,0.1,0.2,0.5,-0.39999999999999997,-0.19999999999999996,0.4
chi_clow_to_ohare_0134,clow_to_ohare,Clow International Airport to O'Hare International Airport,variant_129,ohare_2026-03-07_1s_15nm_bbox,w_0134,0.2,0.1,0.3,0.4,-0.39999999999999997,0.0,0.20000000000000004
chi_clow_to_ohare_0135,clow_to_ohare,Clow International Airport to O'Hare International Airport,variant_002,ohare_2026-03-07_1s_15nm_bbox,w_0135,0.2,0.1,0.4,0.3,-0.39999999999999997,0.2,-5.551115123125783e-17
chi_clow_to_ohare_0136,clow_to_ohare,Clow International Airport to O'Hare International Airport,variant_033,ohare_2026-03-07_1s_15nm_bbox,w_0136,0.2,0.1,0.5,0.2,-0.39999999999999997,0.39999999999999997,-0.2
chi_clow_to_ohare_0137,clow_to_ohare,Clow International Airport to O'Hare International Airport,variant_130,ohare_2026-03-07_1s_15nm_bbox,w_0137,0.2,0.1,0.6,0.1,-0.3999999999999999,0.6,-0.4
chi_clow_to_ohare_0138,clow_to_ohare,Clow International Airport to O'Hare International Airport,variant_131,ohare_2026-03-07_1s_15nm_bbox,w_0138,0.2,0.1,0.7,0.0,-0.3999999999999999,0.7999999999999999,-0.6
chi_clow_to_ohare_0139,clow_to_ohare,Clow International Airport to O'Hare International Airport,variant_009,ohare_2026-03-07_1s_15nm_bbox,w_0139,0.2,0.2,0.0,0.6,-0.19999999999999996,-0.6,0.6
chi_clow_to_ohare_0140,clow_to_ohare,Clow International Airport to O'Hare International Airport,variant_020,ohare_2026-03-07_1s_15nm_bbox,w_0140,0.2,0.2,0.1,0.5,-0.19999999999999996,-0.4,0.4
chi_clow_to_ohare_0141,clow_to_ohare,Clow International Airport to O'Hare International Airport,variant_132,ohare_2026-03-07_1s_15nm_bbox,w_0141,0.2,0.2,0.2,0.4,-0.2,-0.2,0.2
chi_clow_to_ohare_0142,clow_to_ohare,Clow International Airport to O'Hare International Airport,variant_002,ohare_2026-03-07_1s_15nm_bbox,w_0142,0.2,0.2,0.3,0.3,-0.19999999999999996,0.0,0.0
chi_clow_to_ohare_0143,clow_to_ohare,Clow International Airport to O'Hare International Airport,variant_002,ohare_2026-03-07_1s_15nm_bbox,w_0143,0.2,0.2,0.4,0.2,-0.2,0.2,-0.2
chi_clow_to_ohare_0144,clow_to_ohare,Clow International Airport to O'Hare International Airport,variant_010,ohare_2026-03-07_1s_15nm_bbox,w_0144,0.2,0.2,0.5,0.1,-0.19999999999999998,0.4,-0.4
chi_clow_to_ohare_0145,clow_to_ohare,Clow International Airport to O'Hare International Airport,variant_019,ohare_2026-03-07_1s_15nm_bbox,w_0145,0.2,0.2,0.6,0.0,-0.19999999999999996,0.6,-0.6
chi_clow_to_ohare_0146,clow_to_ohare,Clow International Airport to O'Hare International Airport,variant_009,ohare_2026-03-07_1s_15nm_bbox,w_0146,0.2,0.3,0.0,0.5,0.0,-0.6,0.4
chi_clow_to_ohare_0147,clow_to_ohare,Clow International Airport to O'Hare International Airport,variant_020,ohare_2026-03-07_1s_15nm_bbox,w_0147,0.2,0.3,0.1,0.4,0.0,-0.4,0.20000000000000004
chi_clow_to_ohare_0148,clow_to_ohare,Clow International Airport to O'Hare International Airport,variant_001,ohare_2026-03-07_1s_15nm_bbox,w_0148,0.2,0.3,0.2,0.3,0.0,-0.19999999999999996,0.0
chi_clow_to_ohare_0149,clow_to_ohare,Clow International Airport to O'Hare International Airport,variant_001,ohare_2026-03-07_1s_15nm_bbox,w_0149,0.2,0.3,0.3,0.2,0.0,0.0,-0.19999999999999996
chi_clow_to_ohare_0150,clow_to_ohare,Clow International Airport to O'Hare International Airport,variant_002,ohare_2026-03-07_1s_15nm_bbox,w_0150,0.2,0.3,0.4,0.1,-2.7755575615628914e-17,0.20000000000000004,-0.4
chi_clow_to_ohare_0151,clow_to_ohare,Clow International Airport to O'Hare International Airport,variant_019,ohare_2026-03-07_1s_15nm_bbox,w_0151,0.2,0.3,0.5,0.0,0.0,0.4,-0.6
chi_clow_to_ohare_0152,clow_to_ohare,Clow International Airport to O'Hare International Airport,variant_008,ohare_2026-03-07_1s_15nm_bbox,w_0152,0.2,0.4,0.0,0.4,0.20000000000000007,-0.6000000000000001,0.2
chi_clow_to_ohare_0153,clow_to_ohare,Clow International Airport to O'Hare International Airport,variant_035,ohare_2026-03-07_1s_15nm_bbox,w_0153,0.2,0.4,0.1,0.3,0.20000000000000012,-0.4,-5.551115123125783e-17
chi_clow_to_ohare_0154,clow_to_ohare,Clow International Airport to O'Hare International Airport,variant_007,ohare_2026-03-07_1s_15nm_bbox,w_0154,0.2,0.4,0.2,0.2,0.20000000000000007,-0.2,-0.2
chi_clow_to_ohare_0155,clow_to_ohare,Clow International Airport to O'Hare International Airport,variant_001,ohare_2026-03-07_1s_15nm_bbox,w_0155,0.2,0.4,0.3,0.1,0.2000000000000001,-2.7755575615628914e-17,-0.4
chi_clow_to_ohare_0156,clow_to_ohare,Clow International Airport to O'Hare International Airport,variant_133,ohare_2026-03-07_1s_15nm_bbox,w_0156,0.2,0.4,0.4,0.0,0.20000000000000007,0.2,-0.6000000000000001
chi_clow_to_ohare_0157,clow_to_ohare,Clow International Airport to O'Hare International Airport,variant_008,ohare_2026-03-07_1s_15nm_bbox,w_0157,0.2,0.5,0.0,0.3,0.39999999999999997,-0.6,0.0
chi_clow_to_ohare_0158,clow_to_ohare,Clow International Airport to O'Hare International Airport,variant_011,ohare_2026-03-07_1s_15nm_bbox,w_0158,0.2,0.5,0.1,0.2,0.39999999999999997,-0.4,-0.2
chi_clow_to_ohare_0159,clow_to_ohare,Clow International Airport to O'Hare International Airport,variant_007,ohare_2026-03-07_1s_15nm_bbox,w_0159,0.2,0.5,0.2,0.1,0.3999999999999999,-0.19999999999999998,-0.4
chi_clow_to_ohare_0160,clow_to_ohare,Clow International Airport to O'Hare International Airport,variant_021,ohare_2026-03-07_1s_15nm_bbox,w_0160,0.2,0.5,0.3,0.0,0.39999999999999997,0.0,-0.6
chi_clow_to_ohare_0161,clow_to_ohare,Clow International Airport to O'Hare International Airport,variant_008,ohare_2026-03-07_1s_15nm_bbox,w_0161,0.2,0.6,0.0,0.2,0.6000000000000001,-0.6,-0.19999999999999996
chi_clow_to_ohare_0162,clow_to_ohare,Clow International Airport to O'Hare International Airport,variant_011,ohare_2026-03-07_1s_15nm_bbox,w_0162,0.2,0.6,0.1,0.1,0.6000000000000001,-0.3999999999999999,-0.4
chi_clow_to_ohare_0163,clow_to_ohare,Clow International Airport to O'Hare International Airport,variant_021,ohare_2026-03-07_1s_15nm_bbox,w_0163,0.2,0.6,0.2,0.0,0.6000000000000001,-0.19999999999999996,-0.6
chi_clow_to_ohare_0164,clow_to_ohare,Clow International Airport to O'Hare International Airport,variant_014,ohare_2026-03-07_1s_15nm_bbox,w_0164,0.2,0.7,0.0,0.1,0.7999999999999999,-0.6,-0.3999999999999999
chi_clow_to_ohare_0165,clow_to_ohare,Clow International Airport to O'Hare International Airport,variant_015,ohare_2026-03-07_1s_15nm_bbox,w_0165,0.2,0.7,0.1,0.0,0.7999999999999999,-0.3999999999999999,-0.6
chi_clow_to_ohare_0166,clow_to_ohare,Clow International Airport to O'Hare International Airport,variant_134,ohare_2026-03-07_1s_15nm_bbox,w_0166,0.2,0.8,0.0,0.0,1.0,-0.6000000000000001,-0.6000000000000001
chi_clow_to_ohare_0167,clow_to_ohare,Clow International Airport to O'Hare International Airport,variant_005,ohare_2026-03-07_1s_15nm_bbox,w_0167,0.3,0.0,0.0,0.7,-0.39999999999999997,-0.39999999999999997,1.0
chi_clow_to_ohare_0168,clow_to_ohare,Clow International Airport to O'Hare International Airport,variant_004,ohare_2026-03-07_1s_15nm_bbox,w_0168,0.3,0.0,0.1,0.6,-0.4,-0.19999999999999996,0.7999999999999999
chi_clow_to_ohare_0169,clow_to_ohare,Clow International Airport to O'Hare International Airport,variant_004,ohare_2026-03-07_1s_15nm_bbox,w_0169,0.3,0.0,0.2,0.5,-0.4,0.0,0.6
chi_clow_to_ohare_0170,clow_to_ohare,Clow International Airport to O'Hare International Airport,variant_004,ohare_2026-03-07_1s_15nm_bbox,w_0170,0.3,0.0,0.3,0.4,-0.4,0.19999999999999996,0.4
chi_clow_to_ohare_0171,clow_to_ohare,Clow International Airport to O'Hare International Airport,variant_003,ohare_2026-03-07_1s_15nm_bbox,w_0171,0.3,0.0,0.4,0.3,-0.4,0.39999999999999997,0.19999999999999996
chi_clow_to_ohare_0172,clow_to_ohare,Clow International Airport to O'Hare International Airport,variant_003,ohare_2026-03-07_1s_15nm_bbox,w_0172,0.3,0.0,0.5,0.2,-0.4,0.6000000000000001,0.0
chi_clow_to_ohare_0173,clow_to_ohare,Clow International Airport to O'Hare International Airport,variant_135,ohare_2026-03-07_1s_15nm_bbox,w_0173,0.3,0.0,0.6,0.1,-0.4,0.7999999999999999,-0.19999999999999998
chi_clow_to_ohare_0174,clow_to_ohare,Clow International Airport to O'Hare International Airport,variant_038,ohare_2026-03-07_1s_15nm_bbox,w_0174,0.3,0.0,0.7,0.0,-0.39999999999999997,1.0,-0.39999999999999997
chi_clow_to_ohare_0175,clow_to_ohare,Clow International Airport to O'Hare International Airport,variant_012,ohare_2026-03-07_1s_15nm_bbox,w_0175,0.3,0.1,0.0,0.6,-0.19999999999999996,-0.4,0.7999999999999999
chi_clow_to_ohare_0176,clow_to_ohare,Clow International Airport to O'Hare International Airport,variant_022,ohare_2026-03-07_1s_15nm_bbox,w_0176,0.3,0.1,0.1,0.5,-0.19999999999999996,-0.2,0.6
chi_clow_to_ohare_0177,clow_to_ohare,Clow International Airport to O'Hare International Airport,variant_136,ohare_2026-03-07_1s_15nm_bbox,w_0177,0.3,0.1,0.2,0.4,-0.2,0.0,0.4
chi_clow_to_ohare_0178,clow_to_ohare,Clow International Airport to O'Hare International Airport,variant_002,ohare_2026-03-07_1s_15nm_bbox,w_0178,0.3,0.1,0.3,0.3,-0.19999999999999996,0.2,0.19999999999999998
chi_clow_to_ohare_0179,clow_to_ohare,Clow International Airport to O'Hare International Airport,variant_002,ohare_2026-03-07_1s_15nm_bbox,w_0179,0.3,0.1,0.4,0.2,-0.2,0.39999999999999997,-2.7755575615628914e-17
chi_clow_to_ohare_0180,clow_to_ohare,Clow International Airport to O'Hare International Airport,variant_137,ohare_2026-03-07_1s_15nm_bbox,w_0180,0.3,0.1,0.5,0.1,-0.19999999999999998,0.6,-0.20000000000000004
chi_clow_to_ohare_0181,clow_to_ohare,Clow International Airport to O'Hare International Airport,variant_138,ohare_2026-03-07_1s_15nm_bbox,w_0181,0.3,0.1,0.6,0.0,-0.19999999999999996,0.7999999999999999,-0.4
chi_clow_to_ohare_0182,clow_to_ohare,Clow International Airport to O'Hare International Airport,variant_009,ohare_2026-03-07_1s_15nm_bbox,w_0182,0.3,0.2,0.0,0.5,0.0,-0.4,0.6
chi_clow_to_ohare_0183,clow_to_ohare,Clow International Airport to O'Hare International Airport,variant_020,ohare_2026-03-07_1s_15nm_bbox,w_0183,0.3,0.2,0.1,0.4,0.0,-0.20000000000000004,0.4
chi_clow_to_ohare_0184,clow_to_ohare,Clow International Airport to O'Hare International Airport,variant_001,ohare_2026-03-07_1s_15nm_bbox,w_0184,0.3,0.2,0.2,0.3,0.0,0.0,0.19999999999999996
chi_clow_to_ohare_0185,clow_to_ohare,Clow International Airport to O'Hare International Airport,variant_002,ohare_2026-03-07_1s_15nm_bbox,w_0185,0.3,0.2,0.3,0.2,0.0,0.19999999999999996,0.0
chi_clow_to_ohare_0186,clow_to_ohare,Clow International Airport to O'Hare International Airport,variant_002,ohare_2026-03-07_1s_15nm_bbox,w_0186,0.3,0.2,0.4,0.1,-2.7755575615628914e-17,0.4,-0.20000000000000004
chi_clow_to_ohare_0187,clow_to_ohare,Clow International Airport to O'Hare International Airport,variant_006,ohare_2026-03-07_1s_15nm_bbox,w_0187,0.3,0.2,0.5,0.0,0.0,0.6,-0.4
chi_clow_to_ohare_0188,clow_to_ohare,Clow International Airport to O'Hare International Airport,variant_139,ohare_2026-03-07_1s_15nm_bbox,w_0188,0.3,0.3,0.0,0.4,0.19999999999999996,-0.4,0.4
chi_clow_to_ohare_0189,clow_to_ohare,Clow International Airport to O'Hare International Airport,variant_039,ohare_2026-03-07_1s_15nm_bbox,w_0189,0.3,0.3,0.1,0.3,0.2,-0.19999999999999998,0.19999999999999998
chi_clow_to_ohare_0190,clow_to_ohare,Clow International Airport to O'Hare International Airport,variant_001,ohare_2026-03-07_1s_15nm_bbox,w_0190,0.3,0.3,0.2,0.2,0.19999999999999996,0.0,0.0
chi_clow_to_ohare_0191,clow_to_ohare,Clow International Airport to O'Hare International Airport,variant_001,ohare_2026-03-07_1s_15nm_bbox,w_0191,0.3,0.3,0.3,0.1,0.19999999999999998,0.19999999999999998,-0.19999999999999998
chi_clow_to_ohare_0192,clow_to_ohare,Clow International Airport to O'Hare International Airport,variant_006,ohare_2026-03-07_1s_15nm_bbox,w_0192,0.3,0.3,0.4,0.0,0.19999999999999996,0.4,-0.4
chi_clow_to_ohare_0193,clow_to_ohare,Clow International Airport to O'Hare International Airport,variant_008,ohare_2026-03-07_1s_15nm_bbox,w_0193,0.3,0.4,0.0,0.3,0.39999999999999997,-0.4,0.19999999999999996
chi_clow_to_ohare_0194,clow_to_ohare,Clow International Airport to O'Hare International Airport,variant_007,ohare_2026-03-07_1s_15nm_bbox,w_0194,0.3,0.4,0.1,0.2,0.39999999999999997,-0.20000000000000004,-2.7755575615628914e-17
chi_clow_to_ohare_0195,clow_to_ohare,Clow International Airport to O'Hare International Airport,variant_007,ohare_2026-03-07_1s_15nm_bbox,w_0195,0.3,0.4,0.2,0.1,0.3999999999999999,-2.7755575615628914e-17,-0.20000000000000004
chi_clow_to_ohare_0196,clow_to_ohare,Clow International Airport to O'Hare International Airport,variant_016,ohare_2026-03-07_1s_15nm_bbox,w_0196,0.3,0.4,0.3,0.0,0.39999999999999997,0.19999999999999996,-0.4
chi_clow_to_ohare_0197,clow_to_ohare,Clow International Airport to O'Hare International Airport,variant_008,ohare_2026-03-07_1s_15nm_bbox,w_0197,0.3,0.5,0.0,0.2,0.6000000000000001,-0.4,0.0
chi_clow_to_ohare_0198,clow_to_ohare,Clow International Airport to O'Hare International Airport,variant_011,ohare_2026-03-07_1s_15nm_bbox,w_0198,0.3,0.5,0.1,0.1,0.6000000000000001,-0.2,-0.20000000000000004
chi_clow_to_ohare_0199,clow_to_ohare,Clow International Airport to O'Hare International Airport,variant_021,ohare_2026-03-07_1s_15nm_bbox,w_0199,0.3,0.5,0.2,0.0,0.6000000000000001,0.0,-0.4
chi_clow_to_ohare_0200,clow_to_ohare,Clow International Airport to O'Hare International Airport,variant_014,ohare_2026-03-07_1s_15nm_bbox,w_0200,0.3,0.6,0.0,0.1,0.7999999999999999,-0.4,-0.19999999999999998
chi_clow_to_ohare_0201,clow_to_ohare,Clow International Airport to O'Hare International Airport,variant_015,ohare_2026-03-07_1s_15nm_bbox,w_0201,0.3,0.6,0.1,0.0,0.7999999999999999,-0.19999999999999998,-0.4
chi_clow_to_ohare_0202,clow_to_ohare,Clow International Airport to O'Hare International Airport,variant_140,ohare_2026-03-07_1s_15nm_bbox,w_0202,0.3,0.7,0.0,0.0,1.0,-0.39999999999999997,-0.39999999999999997
chi_clow_to_ohare_0203,clow_to_ohare,Clow International Airport to O'Hare International Airport,variant_005,ohare_2026-03-07_1s_15nm_bbox,w_0203,0.4,0.0,0.0,0.6,-0.19999999999999996,-0.19999999999999996,1.0
chi_clow_to_ohare_0204,clow_to_ohare,Clow International Airport to O'Hare International Airport,variant_004,ohare_2026-03-07_1s_15nm_bbox,w_0204,0.4,0.0,0.1,0.5,-0.19999999999999996,0.0,0.8
chi_clow_to_ohare_0205,clow_to_ohare,Clow International Airport to O'Hare International Airport,variant_004,ohare_2026-03-07_1s_15nm_bbox,w_0205,0.4,0.0,0.2,0.4,-0.2,0.20000000000000007,0.6000000000000001
chi_clow_to_ohare_0206,clow_to_ohare,Clow International Airport to O'Hare International Airport,variant_003,ohare_2026-03-07_1s_15nm_bbox,w_0206,0.4,0.0,0.3,0.3,-0.19999999999999996,0.39999999999999997,0.4
chi_clow_to_ohare_0207,clow_to_ohare,Clow International Airport to O'Hare International Airport,variant_003,ohare_2026-03-07_1s_15nm_bbox,w_0207,0.4,0.0,0.4,0.2,-0.2,0.6000000000000001,0.2
chi_clow_to_ohare_0208,clow_to_ohare,Clow International Airport to O'Hare International Airport,variant_003,ohare_2026-03-07_1s_15nm_bbox,w_0208,0.4,0.0,0.5,0.1,-0.19999999999999998,0.8,2.7755575615628914e-17
chi_clow_to_ohare_0209,clow_to_ohare,Clow International Airport to O'Hare International Airport,variant_038,ohare_2026-03-07_1s_15nm_bbox,w_0209,0.4,0.0,0.6,0.0,-0.19999999999999996,1.0,-0.19999999999999996
chi_clow_to_ohare_0210,clow_to_ohare,Clow International Airport to O'Hare International Airport,variant_012,ohare_2026-03-07_1s_15nm_bbox,w_0210,0.4,0.1,0.0,0.5,0.0,-0.19999999999999996,0.8
chi_clow_to_ohare_0211,clow_to_ohare,Clow International Airport to O'Hare International Airport,variant_022,ohare_2026-03-07_1s_15nm_bbox,w_0211,0.4,0.1,0.1,0.4,0.0,0.0,0.6000000000000001
chi_clow_to_ohare_0212,clow_to_ohare,Clow International Airport to O'Hare International Airport,variant_002,ohare_2026-03-07_1s_15nm_bbox,w_0212,0.4,0.1,0.2,0.3,0.0,0.2,0.4
chi_clow_to_ohare_0213,clow_to_ohare,Clow International Airport to O'Hare International Airport,variant_002,ohare_2026-03-07_1s_15nm_bbox,w_0213,0.4,0.1,0.3,0.2,0.0,0.4000000000000001,0.20000000000000007
chi_clow_to_ohare_0214,clow_to_ohare,Clow International Airport to O'Hare International Airport,variant_002,ohare_2026-03-07_1s_15nm_bbox,w_0214,0.4,0.1,0.4,0.1,-2.7755575615628914e-17,0.6000000000000001,2.7755575615628914e-17
chi_clow_to_ohare_0215,clow_to_ohare,Clow International Airport to O'Hare International Airport,variant_006,ohare_2026-03-07_1s_15nm_bbox,w_0215,0.4,0.1,0.5,0.0,0.0,0.8,-0.19999999999999996
chi_clow_to_ohare_0216,clow_to_ohare,Clow International Airport to O'Hare International Airport,variant_023,ohare_2026-03-07_1s_15nm_bbox,w_0216,0.4,0.2,0.0,0.4,0.20000000000000007,-0.2,0.6000000000000001
chi_clow_to_ohare_0217,clow_to_ohare,Clow International Airport to O'Hare International Airport,variant_039,ohare_2026-03-07_1s_15nm_bbox,w_0217,0.4,0.2,0.1,0.3,0.20000000000000012,5.551115123125783e-17,0.4
chi_clow_to_ohare_0218,clow_to_ohare,Clow International Airport to O'Hare International Airport,variant_001,ohare_2026-03-07_1s_15nm_bbox,w_0218,0.4,0.2,0.2,0.2,0.20000000000000007,0.2,0.2
chi_clow_to_ohare_0219,clow_to_ohare,Clow International Airport to O'Hare International Airport,variant_002,ohare_2026-03-07_1s_15nm_bbox,w_0219,0.4,0.2,0.3,0.1,0.2000000000000001,0.4,2.7755575615628914e-17
chi_clow_to_ohare_0220,clow_to_ohare,Clow International Airport to O'Hare International Airport,variant_006,ohare_2026-03-07_1s_15nm_bbox,w_0220,0.4,0.2,0.4,0.0,0.20000000000000007,0.6000000000000001,-0.2
chi_clow_to_ohare_0221,clow_to_ohare,Clow International Airport to O'Hare International Airport,variant_040,ohare_2026-03-07_1s_15nm_bbox,w_0221,0.4,0.3,0.0,0.3,0.39999999999999997,-0.19999999999999996,0.4
chi_clow_to_ohare_0222,clow_to_ohare,Clow International Airport to O'Hare International Airport,variant_001,ohare_2026-03-07_1s_15nm_bbox,w_0222,0.4,0.3,0.1,0.2,0.39999999999999997,2.7755575615628914e-17,0.20000000000000004
chi_clow_to_ohare_0223,clow_to_ohare,Clow International Airport to O'Hare International Airport,variant_001,ohare_2026-03-07_1s_15nm_bbox,w_0223,0.4,0.3,0.2,0.1,0.3999999999999999,0.20000000000000004,2.7755575615628914e-17
chi_clow_to_ohare_0224,clow_to_ohare,Clow International Airport to O'Hare International Airport,variant_024,ohare_2026-03-07_1s_15nm_bbox,w_0224,0.4,0.3,0.3,0.0,0.39999999999999997,0.4,-0.19999999999999996
chi_clow_to_ohare_0225,clow_to_ohare,Clow International Airport to O'Hare International Airport,variant_008,ohare_2026-03-07_1s_15nm_bbox,w_0225,0.4,0.4,0.0,0.2,0.6000000000000001,-0.2,0.2
chi_clow_to_ohare_0226,clow_to_ohare,Clow International Airport to O'Hare International Airport,variant_011,ohare_2026-03-07_1s_15nm_bbox,w_0226,0.4,0.4,0.1,0.1,0.6000000000000001,0.0,0.0
chi_clow_to_ohare_0227,clow_to_ohare,Clow International Airport to O'Hare International Airport,variant_141,ohare_2026-03-07_1s_15nm_bbox,w_0227,0.4,0.4,0.2,0.0,0.6000000000000001,0.2,-0.2
chi_clow_to_ohare_0228,clow_to_ohare,Clow International Airport to O'Hare International Airport,variant_014,ohare_2026-03-07_1s_15nm_bbox,w_0228,0.4,0.5,0.0,0.1,0.8,-0.19999999999999998,2.7755575615628914e-17
chi_clow_to_ohare_0229,clow_to_ohare,Clow International Airport to O'Hare International Airport,variant_015,ohare_2026-03-07_1s_15nm_bbox,w_0229,0.4,0.5,0.1,0.0,0.8,2.7755575615628914e-17,-0.19999999999999998
chi_clow_to_ohare_0230,clow_to_ohare,Clow International Airport to O'Hare International Airport,variant_142,ohare_2026-03-07_1s_15nm_bbox,w_0230,0.4,0.6,0.0,0.0,1.0,-0.19999999999999996,-0.19999999999999996
chi_clow_to_ohare_0231,clow_to_ohare,Clow International Airport to O'Hare International Airport,variant_005,ohare_2026-03-07_1s_15nm_bbox,w_0231,0.5,0.0,0.0,0.5,0.0,0.0,1.0
chi_clow_to_ohare_0232,clow_to_ohare,Clow International Airport to O'Hare International Airport,variant_004,ohare_2026-03-07_1s_15nm_bbox,w_0232,0.5,0.0,0.1,0.4,0.0,0.19999999999999996,0.8
chi_clow_to_ohare_0233,clow_to_ohare,Clow International Airport to O'Hare International Airport,variant_004,ohare_2026-03-07_1s_15nm_bbox,w_0233,0.5,0.0,0.2,0.3,0.0,0.39999999999999997,0.6
chi_clow_to_ohare_0234,clow_to_ohare,Clow International Airport to O'Hare International Airport,variant_003,ohare_2026-03-07_1s_15nm_bbox,w_0234,0.5,0.0,0.3,0.2,0.0,0.6000000000000001,0.4
chi_clow_to_ohare_0235,clow_to_ohare,Clow International Airport to O'Hare International Airport,variant_003,ohare_2026-03-07_1s_15nm_bbox,w_0235,0.5,0.0,0.4,0.1,-2.7755575615628914e-17,0.8,0.19999999999999998
chi_clow_to_ohare_0236,clow_to_ohare,Clow International Airport to O'Hare International Airport,variant_013,ohare_2026-03-07_1s_15nm_bbox,w_0236,0.5,0.0,0.5,0.0,0.0,1.0,0.0
chi_clow_to_ohare_0237,clow_to_ohare,Clow International Airport to O'Hare International Airport,variant_012,ohare_2026-03-07_1s_15nm_bbox,w_0237,0.5,0.1,0.0,0.4,0.19999999999999996,0.0,0.8
chi_clow_to_ohare_0238,clow_to_ohare,Clow International Airport to O'Hare International Airport,variant_022,ohare_2026-03-07_1s_15nm_bbox,w_0238,0.5,0.1,0.1,0.3,0.2,0.2,0.6000000000000001
chi_clow_to_ohare_0239,clow_to_ohare,Clow International Airport to O'Hare International Airport,variant_002,ohare_2026-03-07_1s_15nm_bbox,w_0239,0.5,0.1,0.2,0.2,0.19999999999999996,0.4000000000000001,0.4
chi_clow_to_ohare_0240,clow_to_ohare,Clow International Airport to O'Hare International Airport,variant_002,ohare_2026-03-07_1s_15nm_bbox,w_0240,0.5,0.1,0.3,0.1,0.19999999999999998,0.6,0.20000000000000004
chi_clow_to_ohare_0241,clow_to_ohare,Clow International Airport to O'Hare International Airport,variant_006,ohare_2026-03-07_1s_15nm_bbox,w_0241,0.5,0.1,0.4,0.0,0.19999999999999996,0.8,0.0
chi_clow_to_ohare_0242,clow_to_ohare,Clow International Airport to O'Hare International Airport,variant_023,ohare_2026-03-07_1s_15nm_bbox,w_0242,0.5,0.2,0.0,0.3,0.39999999999999997,0.0,0.6
chi_clow_to_ohare_0243,clow_to_ohare,Clow International Airport to O'Hare International Airport,variant_001,ohare_2026-03-07_1s_15nm_bbox,w_0243,0.5,0.2,0.1,0.2,0.39999999999999997,0.2,0.4
chi_clow_to_ohare_0244,clow_to_ohare,Clow International Airport to O'Hare International Airport,variant_001,ohare_2026-03-07_1s_15nm_bbox,w_0244,0.5,0.2,0.2,0.1,0.3999999999999999,0.4,0.19999999999999998
chi_clow_to_ohare_0245,clow_to_ohare,Clow International Airport to O'Hare International Airport,variant_006,ohare_2026-03-07_1s_15nm_bbox,w_0245,0.5,0.2,0.3,0.0,0.39999999999999997,0.6,0.0
chi_clow_to_ohare_0246,clow_to_ohare,Clow International Airport to O'Hare International Airport,variant_040,ohare_2026-03-07_1s_15nm_bbox,w_0246,0.5,0.3,0.0,0.2,0.6000000000000001,0.0,0.4
chi_clow_to_ohare_0247,clow_to_ohare,Clow International Airport to O'Hare International Airport,variant_001,ohare_2026-03-07_1s_15nm_bbox,w_0247,0.5,0.3,0.1,0.1,0.6000000000000001,0.20000000000000004,0.2
chi_clow_to_ohare_0248,clow_to_ohare,Clow International Airport to O'Hare International Airport,variant_016,ohare_2026-03-07_1s_15nm_bbox,w_0248,0.5,0.3,0.2,0.0,0.6000000000000001,0.4,0.0
chi_clow_to_ohare_0249,clow_to_ohare,Clow International Airport to O'Hare International Airport,variant_014,ohare_2026-03-07_1s_15nm_bbox,w_0249,0.5,0.4,0.0,0.1,0.8,-2.7755575615628914e-17,0.19999999999999998
chi_clow_to_ohare_0250,clow_to_ohare,Clow International Airport to O'Hare International Airport,variant_015,ohare_2026-03-07_1s_15nm_bbox,w_0250,0.5,0.4,0.1,0.0,0.8,0.19999999999999998,-2.7755575615628914e-17
chi_clow_to_ohare_0251,clow_to_ohare,Clow International Airport to O'Hare International Airport,variant_143,ohare_2026-03-07_1s_15nm_bbox,w_0251,0.5,0.5,0.0,0.0,1.0,0.0,0.0
chi_clow_to_ohare_0252,clow_to_ohare,Clow International Airport to O'Hare International Airport,variant_005,ohare_2026-03-07_1s_15nm_bbox,w_0252,0.6,0.0,0.0,0.4,0.19999999999999996,0.19999999999999996,1.0
chi_clow_to_ohare_0253,clow_to_ohare,Clow International Airport to O'Hare International Airport,variant_004,ohare_2026-03-07_1s_15nm_bbox,w_0253,0.6,0.0,0.1,0.3,0.2,0.39999999999999997,0.8
chi_clow_to_ohare_0254,clow_to_ohare,Clow International Airport to O'Hare International Airport,variant_003,ohare_2026-03-07_1s_15nm_bbox,w_0254,0.6,0.0,0.2,0.2,0.19999999999999996,0.6000000000000001,0.6
chi_clow_to_ohare_0255,clow_to_ohare,Clow International Airport to O'Hare International Airport,variant_003,ohare_2026-03-07_1s_15nm_bbox,w_0255,0.6,0.0,0.3,0.1,0.19999999999999998,0.7999999999999999,0.4
chi_clow_to_ohare_0256,clow_to_ohare,Clow International Airport to O'Hare International Airport,variant_013,ohare_2026-03-07_1s_15nm_bbox,w_0256,0.6,0.0,0.4,0.0,0.19999999999999996,1.0,0.19999999999999996
chi_clow_to_ohare_0257,clow_to_ohare,Clow International Airport to O'Hare International Airport,variant_012,ohare_2026-03-07_1s_15nm_bbox,w_0257,0.6,0.1,0.0,0.3,0.39999999999999997,0.2,0.8
chi_clow_to_ohare_0258,clow_to_ohare,Clow International Airport to O'Hare International Airport,variant_001,ohare_2026-03-07_1s_15nm_bbox,w_0258,0.6,0.1,0.1,0.2,0.39999999999999997,0.39999999999999997,0.6000000000000001
chi_clow_to_ohare_0259,clow_to_ohare,Clow International Airport to O'Hare International Airport,variant_002,ohare_2026-03-07_1s_15nm_bbox,w_0259,0.6,0.1,0.2,0.1,0.3999999999999999,0.6,0.4
chi_clow_to_ohare_0260,clow_to_ohare,Clow International Airport to O'Hare International Airport,variant_006,ohare_2026-03-07_1s_15nm_bbox,w_0260,0.6,0.1,0.3,0.0,0.39999999999999997,0.8,0.2
chi_clow_to_ohare_0261,clow_to_ohare,Clow International Airport to O'Hare International Airport,variant_041,ohare_2026-03-07_1s_15nm_bbox,w_0261,0.6,0.2,0.0,0.2,0.6000000000000001,0.19999999999999996,0.6
chi_clow_to_ohare_0262,clow_to_ohare,Clow International Airport to O'Hare International Airport,variant_001,ohare_2026-03-07_1s_15nm_bbox,w_0262,0.6,0.2,0.1,0.1,0.6000000000000001,0.4,0.3999999999999999
chi_clow_to_ohare_0263,clow_to_ohare,Clow International Airport to O'Hare International Airport,variant_024,ohare_2026-03-07_1s_15nm_bbox,w_0263,0.6,0.2,0.2,0.0,0.6000000000000001,0.6,0.19999999999999996
chi_clow_to_ohare_0264,clow_to_ohare,Clow International Airport to O'Hare International Airport,variant_041,ohare_2026-03-07_1s_15nm_bbox,w_0264,0.6,0.3,0.0,0.1,0.7999999999999999,0.19999999999999998,0.4
chi_clow_to_ohare_0265,clow_to_ohare,Clow International Airport to O'Hare International Airport,variant_016,ohare_2026-03-07_1s_15nm_bbox,w_0265,0.6,0.3,0.1,0.0,0.7999999999999999,0.4,0.19999999999999998
chi_clow_to_ohare_0266,clow_to_ohare,Clow International Airport to O'Hare International Airport,variant_144,ohare_2026-03-07_1s_15nm_bbox,w_0266,0.6,0.4,0.0,0.0,1.0,0.19999999999999996,0.19999999999999996
chi_clow_to_ohare_0267,clow_to_ohare,Clow International Airport to O'Hare International Airport,variant_005,ohare_2026-03-07_1s_15nm_bbox,w_0267,0.7,0.0,0.0,0.3,0.39999999999999997,0.39999999999999997,1.0
chi_clow_to_ohare_0268,clow_to_ohare,Clow International Airport to O'Hare International Airport,variant_004,ohare_2026-03-07_1s_15nm_bbox,w_0268,0.7,0.0,0.1,0.2,0.39999999999999997,0.5999999999999999,0.8
chi_clow_to_ohare_0269,clow_to_ohare,Clow International Airport to O'Hare International Airport,variant_003,ohare_2026-03-07_1s_15nm_bbox,w_0269,0.7,0.0,0.2,0.1,0.3999999999999999,0.7999999999999999,0.6
chi_clow_to_ohare_0270,clow_to_ohare,Clow International Airport to O'Hare International Airport,variant_013,ohare_2026-03-07_1s_15nm_bbox,w_0270,0.7,0.0,0.3,0.0,0.39999999999999997,1.0,0.39999999999999997
chi_clow_to_ohare_0271,clow_to_ohare,Clow International Airport to O'Hare International Airport,variant_023,ohare_2026-03-07_1s_15nm_bbox,w_0271,0.7,0.1,0.0,0.2,0.5999999999999999,0.39999999999999997,0.8
chi_clow_to_ohare_0272,clow_to_ohare,Clow International Airport to O'Hare International Airport,variant_001,ohare_2026-03-07_1s_15nm_bbox,w_0272,0.7,0.1,0.1,0.1,0.6,0.6,0.6
chi_clow_to_ohare_0273,clow_to_ohare,Clow International Airport to O'Hare International Airport,variant_006,ohare_2026-03-07_1s_15nm_bbox,w_0273,0.7,0.1,0.2,0.0,0.5999999999999999,0.8,0.39999999999999997
chi_clow_to_ohare_0274,clow_to_ohare,Clow International Airport to O'Hare International Airport,variant_042,ohare_2026-03-07_1s_15nm_bbox,w_0274,0.7,0.2,0.0,0.1,0.7999999999999999,0.3999999999999999,0.6
chi_clow_to_ohare_0275,clow_to_ohare,Clow International Airport to O'Hare International Airport,variant_016,ohare_2026-03-07_1s_15nm_bbox,w_0275,0.7,0.2,0.1,0.0,0.7999999999999999,0.6,0.3999999999999999
chi_clow_to_ohare_0276,clow_to_ohare,Clow International Airport to O'Hare International Airport,variant_145,ohare_2026-03-07_1s_15nm_bbox,w_0276,0.7,0.3,0.0,0.0,1.0,0.39999999999999997,0.39999999999999997
chi_clow_to_ohare_0277,clow_to_ohare,Clow International Airport to O'Hare International Airport,variant_005,ohare_2026-03-07_1s_15nm_bbox,w_0277,0.8,0.0,0.0,0.2,0.6000000000000001,0.6000000000000001,1.0
chi_clow_to_ohare_0278,clow_to_ohare,Clow International Airport to O'Hare International Airport,variant_003,ohare_2026-03-07_1s_15nm_bbox,w_0278,0.8,0.0,0.1,0.1,0.6000000000000001,0.8,0.8
chi_clow_to_ohare_0279,clow_to_ohare,Clow International Airport to O'Hare International Airport,variant_013,ohare_2026-03-07_1s_15nm_bbox,w_0279,0.8,0.0,0.2,0.0,0.6000000000000001,1.0,0.6000000000000001
chi_clow_to_ohare_0280,clow_to_ohare,Clow International Airport to O'Hare International Airport,variant_042,ohare_2026-03-07_1s_15nm_bbox,w_0280,0.8,0.1,0.0,0.1,0.8,0.6000000000000001,0.8
chi_clow_to_ohare_0281,clow_to_ohare,Clow International Airport to O'Hare International Airport,variant_024,ohare_2026-03-07_1s_15nm_bbox,w_0281,0.8,0.1,0.1,0.0,0.8,0.8,0.6000000000000001
chi_clow_to_ohare_0282,clow_to_ohare,Clow International Airport to O'Hare International Airport,variant_146,ohare_2026-03-07_1s_15nm_bbox,w_0282,0.8,0.2,0.0,0.0,1.0,0.6000000000000001,0.6000000000000001
chi_clow_to_ohare_0283,clow_to_ohare,Clow International Airport to O'Hare International Airport,variant_005,ohare_2026-03-07_1s_15nm_bbox,w_0283,0.9,0.0,0.0,0.1,0.8,0.8,1.0
chi_clow_to_ohare_0284,clow_to_ohare,Clow International Airport to O'Hare International Airport,variant_013,ohare_2026-03-07_1s_15nm_bbox,w_0284,0.9,0.0,0.1,0.0,0.8,1.0,0.8
chi_clow_to_ohare_0285,clow_to_ohare,Clow International Airport to O'Hare International Airport,variant_147,ohare_2026-03-07_1s_15nm_bbox,w_0285,0.9,0.1,0.0,0.0,1.0,0.8,0.8
chi_clow_to_ohare_0286,clow_to_ohare,Clow International Airport to O'Hare International Airport,variant_148,ohare_2026-03-07_1s_15nm_bbox,w_0286,1.0,0.0,0.0,0.0,1.0,1.0,1.0
chi_clow_to_ohare_0287,clow_to_ohare,Clow International Airport to O'Hare International Airport,variant_001,ohare_2026-03-07_1s_15nm_bbox,w_0287,0.25,0.25,0.25,0.25,0.0,0.0,0.0
chi_clow_to_midway_0001,clow_to_midway,Clow International Airport to Midway International Airport,variant_043,ohare_2026-03-07_1s_15nm_bbox,w_0001,0.0,0.0,0.0,1.0,-1.0,-1.0,1.0
chi_clow_to_midway_0002,clow_to_midway,Clow International Airport to Midway International Airport,variant_044,ohare_2026-03-07_1s_15nm_bbox,w_0002,0.0,0.0,0.1,0.9,-1.0,-0.8,0.8
chi_clow_to_midway_0003,clow_to_midway,Clow International Airport to Midway International Airport,variant_045,ohare_2026-03-07_1s_15nm_bbox,w_0003,0.0,0.0,0.2,0.8,-1.0,-0.6000000000000001,0.6000000000000001
chi_clow_to_midway_0004,clow_to_midway,Clow International Airport to Midway International Airport,variant_046,ohare_2026-03-07_1s_15nm_bbox,w_0004,0.0,0.0,0.3,0.7,-1.0,-0.39999999999999997,0.39999999999999997
chi_clow_to_midway_0005,clow_to_midway,Clow International Airport to Midway International Airport,variant_047,ohare_2026-03-07_1s_15nm_bbox,w_0005,0.0,0.0,0.4,0.6,-1.0,-0.19999999999999996,0.19999999999999996
chi_clow_to_midway_0006,clow_to_midway,Clow International Airport to Midway International Airport,variant_048,ohare_2026-03-07_1s_15nm_bbox,w_0006,0.0,0.0,0.5,0.5,-1.0,0.0,0.0
chi_clow_to_midway_0007,clow_to_midway,Clow International Airport to Midway International Airport,variant_013,ohare_2026-03-07_1s_15nm_bbox,w_0007,0.0,0.0,0.6,0.4,-1.0,0.19999999999999996,-0.19999999999999996
chi_clow_to_midway_0008,clow_to_midway,Clow International Airport to Midway International Airport,variant_013,ohare_2026-03-07_1s_15nm_bbox,w_0008,0.0,0.0,0.7,0.3,-1.0,0.39999999999999997,-0.39999999999999997
chi_clow_to_midway_0009,clow_to_midway,Clow International Airport to Midway International Airport,variant_049,ohare_2026-03-07_1s_15nm_bbox,w_0009,0.0,0.0,0.8,0.2,-1.0,0.6000000000000001,-0.6000000000000001
chi_clow_to_midway_0010,clow_to_midway,Clow International Airport to Midway International Airport,variant_050,ohare_2026-03-07_1s_15nm_bbox,w_0010,0.0,0.0,0.9,0.1,-1.0,0.8,-0.8
chi_clow_to_midway_0011,clow_to_midway,Clow International Airport to Midway International Airport,variant_051,ohare_2026-03-07_1s_15nm_bbox,w_0011,0.0,0.0,1.0,0.0,-1.0,1.0,-1.0
chi_clow_to_midway_0012,clow_to_midway,Clow International Airport to Midway International Airport,variant_052,ohare_2026-03-07_1s_15nm_bbox,w_0012,0.0,0.1,0.0,0.9,-0.8,-1.0,0.8
chi_clow_to_midway_0013,clow_to_midway,Clow International Airport to Midway International Airport,variant_053,ohare_2026-03-07_1s_15nm_bbox,w_0013,0.0,0.1,0.1,0.8,-0.8,-0.8,0.6000000000000001
chi_clow_to_midway_0014,clow_to_midway,Clow International Airport to Midway International Airport,variant_014,ohare_2026-03-07_1s_15nm_bbox,w_0014,0.0,0.1,0.2,0.7,-0.7999999999999999,-0.6,0.3999999999999999
chi_clow_to_midway_0015,clow_to_midway,Clow International Airport to Midway International Airport,variant_054,ohare_2026-03-07_1s_15nm_bbox,w_0015,0.0,0.1,0.3,0.6,-0.7999999999999999,-0.4,0.19999999999999996
chi_clow_to_midway_0016,clow_to_midway,Clow International Airport to Midway International Airport,variant_055,ohare_2026-03-07_1s_15nm_bbox,w_0016,0.0,0.1,0.4,0.5,-0.8,-0.19999999999999996,0.0
chi_clow_to_midway_0017,clow_to_midway,Clow International Airport to Midway International Airport,variant_056,ohare_2026-03-07_1s_15nm_bbox,w_0017,0.0,0.1,0.5,0.4,-0.8,0.0,-0.19999999999999996
chi_clow_to_midway_0018,clow_to_midway,Clow International Airport to Midway International Airport,variant_057,ohare_2026-03-07_1s_15nm_bbox,w_0018,0.0,0.1,0.6,0.3,-0.8,0.2,-0.39999999999999997
chi_clow_to_midway_0019,clow_to_midway,Clow International Airport to Midway International Airport,variant_058,ohare_2026-03-07_1s_15nm_bbox,w_0019,0.0,0.1,0.7,0.2,-0.8,0.39999999999999997,-0.5999999999999999
chi_clow_to_midway_0020,clow_to_midway,Clow International Airport to Midway International Airport,variant_059,ohare_2026-03-07_1s_15nm_bbox,w_0020,0.0,0.1,0.8,0.1,-0.8,0.6000000000000001,-0.8
chi_clow_to_midway_0021,clow_to_midway,Clow International Airport to Midway International Airport,variant_060,ohare_2026-03-07_1s_15nm_bbox,w_0021,0.0,0.1,0.9,0.0,-0.8,0.8,-1.0
chi_clow_to_midway_0022,clow_to_midway,Clow International Airport to Midway International Airport,variant_061,ohare_2026-03-07_1s_15nm_bbox,w_0022,0.0,0.2,0.0,0.8,-0.6000000000000001,-1.0,0.6000000000000001
chi_clow_to_midway_0023,clow_to_midway,Clow International Airport to Midway International Airport,variant_062,ohare_2026-03-07_1s_15nm_bbox,w_0023,0.0,0.2,0.1,0.7,-0.6,-0.7999999999999999,0.3999999999999999
chi_clow_to_midway_0024,clow_to_midway,Clow International Airport to Midway International Airport,variant_014,ohare_2026-03-07_1s_15nm_bbox,w_0024,0.0,0.2,0.2,0.6,-0.6,-0.6,0.19999999999999996
chi_clow_to_midway_0025,clow_to_midway,Clow International Airport to Midway International Airport,variant_063,ohare_2026-03-07_1s_15nm_bbox,w_0025,0.0,0.2,0.3,0.5,-0.6,-0.4,0.0
chi_clow_to_midway_0026,clow_to_midway,Clow International Airport to Midway International Airport,variant_006,ohare_2026-03-07_1s_15nm_bbox,w_0026,0.0,0.2,0.4,0.4,-0.6000000000000001,-0.2,-0.20000000000000007
chi_clow_to_midway_0027,clow_to_midway,Clow International Airport to Midway International Airport,variant_064,ohare_2026-03-07_1s_15nm_bbox,w_0027,0.0,0.2,0.5,0.3,-0.6,0.0,-0.39999999999999997
chi_clow_to_midway_0028,clow_to_midway,Clow International Airport to Midway International Airport,variant_065,ohare_2026-03-07_1s_15nm_bbox,w_0028,0.0,0.2,0.6,0.2,-0.6,0.19999999999999996,-0.6000000000000001
chi_clow_to_midway_0029,clow_to_midway,Clow International Airport to Midway International Airport,variant_066,ohare_2026-03-07_1s_15nm_bbox,w_0029,0.0,0.2,0.7,0.1,-0.6,0.3999999999999999,-0.7999999999999999
chi_clow_to_midway_0030,clow_to_midway,Clow International Airport to Midway International Airport,variant_067,ohare_2026-03-07_1s_15nm_bbox,w_0030,0.0,0.2,0.8,0.0,-0.6000000000000001,0.6000000000000001,-1.0
chi_clow_to_midway_0031,clow_to_midway,Clow International Airport to Midway International Airport,variant_068,ohare_2026-03-07_1s_15nm_bbox,w_0031,0.0,0.3,0.0,0.7,-0.39999999999999997,-1.0,0.39999999999999997
chi_clow_to_midway_0032,clow_to_midway,Clow International Airport to Midway International Airport,variant_069,ohare_2026-03-07_1s_15nm_bbox,w_0032,0.0,0.3,0.1,0.6,-0.4,-0.7999999999999999,0.19999999999999996
chi_clow_to_midway_0033,clow_to_midway,Clow International Airport to Midway International Airport,variant_070,ohare_2026-03-07_1s_15nm_bbox,w_0033,0.0,0.3,0.2,0.5,-0.4,-0.6,0.0
chi_clow_to_midway_0034,clow_to_midway,Clow International Airport to Midway International Airport,variant_006,ohare_2026-03-07_1s_15nm_bbox,w_0034,0.0,0.3,0.3,0.4,-0.4,-0.4,-0.19999999999999996
chi_clow_to_midway_0035,clow_to_midway,Clow International Airport to Midway International Airport,variant_006,ohare_2026-03-07_1s_15nm_bbox,w_0035,0.0,0.3,0.4,0.3,-0.4,-0.19999999999999996,-0.39999999999999997
chi_clow_to_midway_0036,clow_to_midway,Clow International Airport to Midway International Airport,variant_071,ohare_2026-03-07_1s_15nm_bbox,w_0036,0.0,0.3,0.5,0.2,-0.4,0.0,-0.6000000000000001
chi_clow_to_midway_0037,clow_to_midway,Clow International Airport to Midway International Airport,variant_072,ohare_2026-03-07_1s_15nm_bbox,w_0037,0.0,0.3,0.6,0.1,-0.4,0.19999999999999998,-0.7999999999999999
chi_clow_to_midway_0038,clow_to_midway,Clow International Airport to Midway International Airport,variant_073,ohare_2026-03-07_1s_15nm_bbox,w_0038,0.0,0.3,0.7,0.0,-0.39999999999999997,0.39999999999999997,-1.0
chi_clow_to_midway_0039,clow_to_midway,Clow International Airport to Midway International Airport,variant_015,ohare_2026-03-07_1s_15nm_bbox,w_0039,0.0,0.4,0.0,0.6,-0.19999999999999996,-1.0,0.19999999999999996
chi_clow_to_midway_0040,clow_to_midway,Clow International Airport to Midway International Airport,variant_074,ohare_2026-03-07_1s_15nm_bbox,w_0040,0.0,0.4,0.1,0.5,-0.19999999999999996,-0.8,0.0
chi_clow_to_midway_0041,clow_to_midway,Clow International Airport to Midway International Airport,variant_075,ohare_2026-03-07_1s_15nm_bbox,w_0041,0.0,0.4,0.2,0.4,-0.2,-0.6000000000000001,-0.20000000000000007
chi_clow_to_midway_0042,clow_to_midway,Clow International Airport to Midway International Airport,variant_076,ohare_2026-03-07_1s_15nm_bbox,w_0042,0.0,0.4,0.3,0.3,-0.19999999999999996,-0.4,-0.39999999999999997
chi_clow_to_midway_0043,clow_to_midway,Clow International Airport to Midway International Airport,variant_077,ohare_2026-03-07_1s_15nm_bbox,w_0043,0.0,0.4,0.4,0.2,-0.2,-0.2,-0.6000000000000001
chi_clow_to_midway_0044,clow_to_midway,Clow International Airport to Midway International Airport,variant_078,ohare_2026-03-07_1s_15nm_bbox,w_0044,0.0,0.4,0.5,0.1,-0.19999999999999998,-2.7755575615628914e-17,-0.8
chi_clow_to_midway_0045,clow_to_midway,Clow International Airport to Midway International Airport,variant_079,ohare_2026-03-07_1s_15nm_bbox,w_0045,0.0,0.4,0.6,0.0,-0.19999999999999996,0.19999999999999996,-1.0
chi_clow_to_midway_0046,clow_to_midway,Clow International Airport to Midway International Airport,variant_015,ohare_2026-03-07_1s_15nm_bbox,w_0046,0.0,0.5,0.0,0.5,0.0,-1.0,0.0
chi_clow_to_midway_0047,clow_to_midway,Clow International Airport to Midway International Airport,variant_080,ohare_2026-03-07_1s_15nm_bbox,w_0047,0.0,0.5,0.1,0.4,0.0,-0.8,-0.19999999999999996
chi_clow_to_midway_0048,clow_to_midway,Clow International Airport to Midway International Airport,variant_081,ohare_2026-03-07_1s_15nm_bbox,w_0048,0.0,0.5,0.2,0.3,0.0,-0.6,-0.39999999999999997
chi_clow_to_midway_0049,clow_to_midway,Clow International Airport to Midway International Airport,variant_082,ohare_2026-03-07_1s_15nm_bbox,w_0049,0.0,0.5,0.3,0.2,0.0,-0.4,-0.6000000000000001
chi_clow_to_midway_0050,clow_to_midway,Clow International Airport to Midway International Airport,variant_083,ohare_2026-03-07_1s_15nm_bbox,w_0050,0.0,0.5,0.4,0.1,-2.7755575615628914e-17,-0.19999999999999998,-0.8
chi_clow_to_midway_0051,clow_to_midway,Clow International Airport to Midway International Airport,variant_084,ohare_2026-03-07_1s_15nm_bbox,w_0051,0.0,0.5,0.5,0.0,0.0,0.0,-1.0
chi_clow_to_midway_0052,clow_to_midway,Clow International Airport to Midway International Airport,variant_085,ohare_2026-03-07_1s_15nm_bbox,w_0052,0.0,0.6,0.0,0.4,0.19999999999999996,-1.0,-0.19999999999999996
chi_clow_to_midway_0053,clow_to_midway,Clow International Airport to Midway International Airport,variant_086,ohare_2026-03-07_1s_15nm_bbox,w_0053,0.0,0.6,0.1,0.3,0.2,-0.8,-0.39999999999999997
chi_clow_to_midway_0054,clow_to_midway,Clow International Airport to Midway International Airport,variant_087,ohare_2026-03-07_1s_15nm_bbox,w_0054,0.0,0.6,0.2,0.2,0.19999999999999996,-0.6,-0.6000000000000001
chi_clow_to_midway_0055,clow_to_midway,Clow International Airport to Midway International Airport,variant_088,ohare_2026-03-07_1s_15nm_bbox,w_0055,0.0,0.6,0.3,0.1,0.19999999999999998,-0.4,-0.7999999999999999
chi_clow_to_midway_0056,clow_to_midway,Clow International Airport to Midway International Airport,variant_016,ohare_2026-03-07_1s_15nm_bbox,w_0056,0.0,0.6,0.4,0.0,0.19999999999999996,-0.19999999999999996,-1.0
chi_clow_to_midway_0057,clow_to_midway,Clow International Airport to Midway International Airport,variant_017,ohare_2026-03-07_1s_15nm_bbox,w_0057,0.0,0.7,0.0,0.3,0.39999999999999997,-1.0,-0.39999999999999997
chi_clow_to_midway_0058,clow_to_midway,Clow International Airport to Midway International Airport,variant_089,ohare_2026-03-07_1s_15nm_bbox,w_0058,0.0,0.7,0.1,0.2,0.39999999999999997,-0.8,-0.5999999999999999
chi_clow_to_midway_0059,clow_to_midway,Clow International Airport to Midway International Airport,variant_090,ohare_2026-03-07_1s_15nm_bbox,w_0059,0.0,0.7,0.2,0.1,0.3999999999999999,-0.6,-0.7999999999999999
chi_clow_to_midway_0060,clow_to_midway,Clow International Airport to Midway International Airport,variant_016,ohare_2026-03-07_1s_15nm_bbox,w_0060,0.0,0.7,0.3,0.0,0.39999999999999997,-0.39999999999999997,-1.0
chi_clow_to_midway_0061,clow_to_midway,Clow International Airport to Midway International Airport,variant_017,ohare_2026-03-07_1s_15nm_bbox,w_0061,0.0,0.8,0.0,0.2,0.6000000000000001,-1.0,-0.6000000000000001
chi_clow_to_midway_0062,clow_to_midway,Clow International Airport to Midway International Airport,variant_091,ohare_2026-03-07_1s_15nm_bbox,w_0062,0.0,0.8,0.1,0.1,0.6000000000000001,-0.8,-0.8
chi_clow_to_midway_0063,clow_to_midway,Clow International Airport to Midway International Airport,variant_092,ohare_2026-03-07_1s_15nm_bbox,w_0063,0.0,0.8,0.2,0.0,0.6000000000000001,-0.6000000000000001,-1.0
chi_clow_to_midway_0064,clow_to_midway,Clow International Airport to Midway International Airport,variant_093,ohare_2026-03-07_1s_15nm_bbox,w_0064,0.0,0.9,0.0,0.1,0.8,-1.0,-0.8
chi_clow_to_midway_0065,clow_to_midway,Clow International Airport to Midway International Airport,variant_094,ohare_2026-03-07_1s_15nm_bbox,w_0065,0.0,0.9,0.1,0.0,0.8,-0.8,-1.0
chi_clow_to_midway_0066,clow_to_midway,Clow International Airport to Midway International Airport,variant_095,ohare_2026-03-07_1s_15nm_bbox,w_0066,0.0,1.0,0.0,0.0,1.0,-1.0,-1.0
chi_clow_to_midway_0067,clow_to_midway,Clow International Airport to Midway International Airport,variant_018,ohare_2026-03-07_1s_15nm_bbox,w_0067,0.1,0.0,0.0,0.9,-0.8,-0.8,1.0
chi_clow_to_midway_0068,clow_to_midway,Clow International Airport to Midway International Airport,variant_096,ohare_2026-03-07_1s_15nm_bbox,w_0068,0.1,0.0,0.1,0.8,-0.8,-0.6000000000000001,0.8
chi_clow_to_midway_0069,clow_to_midway,Clow International Airport to Midway International Airport,variant_097,ohare_2026-03-07_1s_15nm_bbox,w_0069,0.1,0.0,0.2,0.7,-0.7999999999999999,-0.3999999999999999,0.6
chi_clow_to_midway_0070,clow_to_midway,Clow International Airport to Midway International Airport,variant_019,ohare_2026-03-07_1s_15nm_bbox,w_0070,0.1,0.0,0.3,0.6,-0.7999999999999999,-0.19999999999999996,0.4
chi_clow_to_midway_0071,clow_to_midway,Clow International Airport to Midway International Airport,variant_019,ohare_2026-03-07_1s_15nm_bbox,w_0071,0.1,0.0,0.4,0.5,-0.8,0.0,0.19999999999999996
chi_clow_to_midway_0072,clow_to_midway,Clow International Airport to Midway International Airport,variant_098,ohare_2026-03-07_1s_15nm_bbox,w_0072,0.1,0.0,0.5,0.4,-0.8,0.19999999999999996,0.0
chi_clow_to_midway_0073,clow_to_midway,Clow International Airport to Midway International Airport,variant_099,ohare_2026-03-07_1s_15nm_bbox,w_0073,0.1,0.0,0.6,0.3,-0.8,0.39999999999999997,-0.2
chi_clow_to_midway_0074,clow_to_midway,Clow International Airport to Midway International Airport,variant_100,ohare_2026-03-07_1s_15nm_bbox,w_0074,0.1,0.0,0.7,0.2,-0.8,0.5999999999999999,-0.39999999999999997
chi_clow_to_midway_0075,clow_to_midway,Clow International Airport to Midway International Airport,variant_101,ohare_2026-03-07_1s_15nm_bbox,w_0075,0.1,0.0,0.8,0.1,-0.8,0.8,-0.6000000000000001
chi_clow_to_midway_0076,clow_to_midway,Clow International Airport to Midway International Airport,variant_102,ohare_2026-03-07_1s_15nm_bbox,w_0076,0.1,0.0,0.9,0.0,-0.8,1.0,-0.8
chi_clow_to_midway_0077,clow_to_midway,Clow International Airport to Midway International Airport,variant_103,ohare_2026-03-07_1s_15nm_bbox,w_0077,0.1,0.1,0.0,0.8,-0.6000000000000001,-0.8,0.8
chi_clow_to_midway_0078,clow_to_midway,Clow International Airport to Midway International Airport,variant_020,ohare_2026-03-07_1s_15nm_bbox,w_0078,0.1,0.1,0.1,0.7,-0.6,-0.6,0.6
chi_clow_to_midway_0079,clow_to_midway,Clow International Airport to Midway International Airport,variant_104,ohare_2026-03-07_1s_15nm_bbox,w_0079,0.1,0.1,0.2,0.6,-0.6,-0.39999999999999997,0.39999999999999997
chi_clow_to_midway_0080,clow_to_midway,Clow International Airport to Midway International Airport,variant_105,ohare_2026-03-07_1s_15nm_bbox,w_0080,0.1,0.1,0.3,0.5,-0.6,-0.2,0.2
chi_clow_to_midway_0081,clow_to_midway,Clow International Airport to Midway International Airport,variant_106,ohare_2026-03-07_1s_15nm_bbox,w_0081,0.1,0.1,0.4,0.4,-0.6000000000000001,0.0,0.0
chi_clow_to_midway_0082,clow_to_midway,Clow International Airport to Midway International Airport,variant_107,ohare_2026-03-07_1s_15nm_bbox,w_0082,0.1,0.1,0.5,0.3,-0.6,0.2,-0.2
chi_clow_to_midway_0083,clow_to_midway,Clow International Airport to Midway International Airport,variant_108,ohare_2026-03-07_1s_15nm_bbox,w_0083,0.1,0.1,0.6,0.2,-0.6,0.39999999999999997,-0.39999999999999997
chi_clow_to_midway_0084,clow_to_midway,Clow International Airport to Midway International Airport,variant_109,ohare_2026-03-07_1s_15nm_bbox,w_0084,0.1,0.1,0.7,0.1,-0.6,0.6,-0.6
chi_clow_to_midway_0085,clow_to_midway,Clow International Airport to Midway International Airport,variant_110,ohare_2026-03-07_1s_15nm_bbox,w_0085,0.1,0.1,0.8,0.0,-0.6000000000000001,0.8,-0.8
chi_clow_to_midway_0086,clow_to_midway,Clow International Airport to Midway International Airport,variant_111,ohare_2026-03-07_1s_15nm_bbox,w_0086,0.1,0.2,0.0,0.7,-0.3999999999999999,-0.7999999999999999,0.6
chi_clow_to_midway_0087,clow_to_midway,Clow International Airport to Midway International Airport,variant_020,ohare_2026-03-07_1s_15nm_bbox,w_0087,0.1,0.2,0.1,0.6,-0.3999999999999999,-0.6,0.39999999999999997
chi_clow_to_midway_0088,clow_to_midway,Clow International Airport to Midway International Airport,variant_112,ohare_2026-03-07_1s_15nm_bbox,w_0088,0.1,0.2,0.2,0.5,-0.39999999999999997,-0.4,0.19999999999999996
chi_clow_to_midway_0089,clow_to_midway,Clow International Airport to Midway International Airport,variant_113,ohare_2026-03-07_1s_15nm_bbox,w_0089,0.1,0.2,0.3,0.4,-0.39999999999999997,-0.20000000000000004,0.0
chi_clow_to_midway_0090,clow_to_midway,Clow International Airport to Midway International Airport,variant_114,ohare_2026-03-07_1s_15nm_bbox,w_0090,0.1,0.2,0.4,0.3,-0.39999999999999997,5.551115123125783e-17,-0.2
chi_clow_to_midway_0091,clow_to_midway,Clow International Airport to Midway International Airport,variant_115,ohare_2026-03-07_1s_15nm_bbox,w_0091,0.1,0.2,0.5,0.2,-0.39999999999999997,0.2,-0.39999999999999997
chi_clow_to_midway_0092,clow_to_midway,Clow International Airport to Midway International Airport,variant_116,ohare_2026-03-07_1s_15nm_bbox,w_0092,0.1,0.2,0.6,0.1,-0.3999999999999999,0.4,-0.6
chi_clow_to_midway_0093,clow_to_midway,Clow International Airport to Midway International Airport,variant_117,ohare_2026-03-07_1s_15nm_bbox,w_0093,0.1,0.2,0.7,0.0,-0.3999999999999999,0.6,-0.7999999999999999
chi_clow_to_midway_0094,clow_to_midway,Clow International Airport to Midway International Airport,variant_118,ohare_2026-03-07_1s_15nm_bbox,w_0094,0.1,0.3,0.0,0.6,-0.19999999999999996,-0.7999999999999999,0.4
chi_clow_to_midway_0095,clow_to_midway,Clow International Airport to Midway International Airport,variant_119,ohare_2026-03-07_1s_15nm_bbox,w_0095,0.1,0.3,0.1,0.5,-0.19999999999999996,-0.6,0.2
chi_clow_to_midway_0096,clow_to_midway,Clow International Airport to Midway International Airport,variant_021,ohare_2026-03-07_1s_15nm_bbox,w_0096,0.1,0.3,0.2,0.4,-0.2,-0.4,0.0
chi_clow_to_midway_0097,clow_to_midway,Clow International Airport to Midway International Airport,variant_021,ohare_2026-03-07_1s_15nm_bbox,w_0097,0.1,0.3,0.3,0.3,-0.19999999999999996,-0.19999999999999998,-0.2
chi_clow_to_midway_0098,clow_to_midway,Clow International Airport to Midway International Airport,variant_120,ohare_2026-03-07_1s_15nm_bbox,w_0098,0.1,0.3,0.4,0.2,-0.2,2.7755575615628914e-17,-0.39999999999999997
chi_clow_to_midway_0099,clow_to_midway,Clow International Airport to Midway International Airport,variant_121,ohare_2026-03-07_1s_15nm_bbox,w_0099,0.1,0.3,0.5,0.1,-0.19999999999999998,0.20000000000000004,-0.6
chi_clow_to_midway_0100,clow_to_midway,Clow International Airport to Midway International Airport,variant_122,ohare_2026-03-07_1s_15nm_bbox,w_0100,0.1,0.3,0.6,0.0,-0.19999999999999996,0.4,-0.7999999999999999
chi_clow_to_midway_0101,clow_to_midway,Clow International Airport to Midway International Airport,variant_123,ohare_2026-03-07_1s_15nm_bbox,w_0101,0.1,0.4,0.0,0.5,0.0,-0.8,0.19999999999999996
chi_clow_to_midway_0102,clow_to_midway,Clow International Airport to Midway International Airport,variant_124,ohare_2026-03-07_1s_15nm_bbox,w_0102,0.1,0.4,0.1,0.4,0.0,-0.6000000000000001,0.0
chi_clow_to_midway_0103,clow_to_midway,Clow International Airport to Midway International Airport,variant_125,ohare_2026-03-07_1s_15nm_bbox,w_0103,0.1,0.4,0.2,0.3,0.0,-0.4,-0.2
chi_clow_to_midway_0104,clow_to_midway,Clow International Airport to Midway International Airport,variant_126,ohare_2026-03-07_1s_15nm_bbox,w_0104,0.1,0.4,0.3,0.2,0.0,-0.20000000000000007,-0.4000000000000001
chi_clow_to_midway_0105,clow_to_midway,Clow International Airport to Midway International Airport,variant_127,ohare_2026-03-07_1s_15nm_bbox,w_0105,0.1,0.4,0.4,0.1,-2.7755575615628914e-17,-2.7755575615628914e-17,-0.6000000000000001
chi_clow_to_midway_0106,clow_to_midway,Clow International Airport to Midway International Airport,variant_128,ohare_2026-03-07_1s_15nm_bbox,w_0106,0.1,0.4,0.5,0.0,0.0,0.19999999999999996,-0.8
chi_clow_to_midway_0107,clow_to_midway,Clow International Airport to Midway International Airport,variant_129,ohare_2026-03-07_1s_15nm_bbox,w_0107,0.1,0.5,0.0,0.4,0.19999999999999996,-0.8,0.0
chi_clow_to_midway_0108,clow_to_midway,Clow International Airport to Midway International Airport,variant_130,ohare_2026-03-07_1s_15nm_bbox,w_0108,0.1,0.5,0.1,0.3,0.2,-0.6000000000000001,-0.2
chi_clow_to_midway_0109,clow_to_midway,Clow International Airport to Midway International Airport,variant_131,ohare_2026-03-07_1s_15nm_bbox,w_0109,0.1,0.5,0.2,0.2,0.19999999999999996,-0.4,-0.4000000000000001
chi_clow_to_midway_0110,clow_to_midway,Clow International Airport to Midway International Airport,variant_132,ohare_2026-03-07_1s_15nm_bbox,w_0110,0.1,0.5,0.3,0.1,0.19999999999999998,-0.20000000000000004,-0.6
chi_clow_to_midway_0111,clow_to_midway,Clow International Airport to Midway International Airport,variant_133,ohare_2026-03-07_1s_15nm_bbox,w_0111,0.1,0.5,0.4,0.0,0.19999999999999996,0.0,-0.8
chi_clow_to_midway_0112,clow_to_midway,Clow International Airport to Midway International Airport,variant_007,ohare_2026-03-07_1s_15nm_bbox,w_0112,0.1,0.6,0.0,0.3,0.39999999999999997,-0.8,-0.2
chi_clow_to_midway_0113,clow_to_midway,Clow International Airport to Midway International Airport,variant_134,ohare_2026-03-07_1s_15nm_bbox,w_0113,0.1,0.6,0.1,0.2,0.39999999999999997,-0.6000000000000001,-0.39999999999999997
chi_clow_to_midway_0114,clow_to_midway,Clow International Airport to Midway International Airport,variant_135,ohare_2026-03-07_1s_15nm_bbox,w_0114,0.1,0.6,0.2,0.1,0.3999999999999999,-0.4,-0.6
chi_clow_to_midway_0115,clow_to_midway,Clow International Airport to Midway International Airport,variant_136,ohare_2026-03-07_1s_15nm_bbox,w_0115,0.1,0.6,0.3,0.0,0.39999999999999997,-0.2,-0.8
chi_clow_to_midway_0116,clow_to_midway,Clow International Airport to Midway International Airport,variant_007,ohare_2026-03-07_1s_15nm_bbox,w_0116,0.1,0.7,0.0,0.2,0.5999999999999999,-0.8,-0.39999999999999997
chi_clow_to_midway_0117,clow_to_midway,Clow International Airport to Midway International Airport,variant_137,ohare_2026-03-07_1s_15nm_bbox,w_0117,0.1,0.7,0.1,0.1,0.6,-0.6,-0.6
chi_clow_to_midway_0118,clow_to_midway,Clow International Airport to Midway International Airport,variant_138,ohare_2026-03-07_1s_15nm_bbox,w_0118,0.1,0.7,0.2,0.0,0.5999999999999999,-0.39999999999999997,-0.8
chi_clow_to_midway_0119,clow_to_midway,Clow International Airport to Midway International Airport,variant_007,ohare_2026-03-07_1s_15nm_bbox,w_0119,0.1,0.8,0.0,0.1,0.8,-0.8,-0.6000000000000001
chi_clow_to_midway_0120,clow_to_midway,Clow International Airport to Midway International Airport,variant_139,ohare_2026-03-07_1s_15nm_bbox,w_0120,0.1,0.8,0.1,0.0,0.8,-0.6000000000000001,-0.8
chi_clow_to_midway_0121,clow_to_midway,Clow International Airport to Midway International Airport,variant_140,ohare_2026-03-07_1s_15nm_bbox,w_0121,0.1,0.9,0.0,0.0,1.0,-0.8,-0.8
chi_clow_to_midway_0122,clow_to_midway,Clow International Airport to Midway International Airport,variant_018,ohare_2026-03-07_1s_15nm_bbox,w_0122,0.2,0.0,0.0,0.8,-0.6000000000000001,-0.6000000000000001,1.0
chi_clow_to_midway_0123,clow_to_midway,Clow International Airport to Midway International Airport,variant_141,ohare_2026-03-07_1s_15nm_bbox,w_0123,0.2,0.0,0.1,0.7,-0.6,-0.3999999999999999,0.7999999999999999
chi_clow_to_midway_0124,clow_to_midway,Clow International Airport to Midway International Airport,variant_142,ohare_2026-03-07_1s_15nm_bbox,w_0124,0.2,0.0,0.2,0.6,-0.6,-0.19999999999999996,0.6
chi_clow_to_midway_0125,clow_to_midway,Clow International Airport to Midway International Airport,variant_022,ohare_2026-03-07_1s_15nm_bbox,w_0125,0.2,0.0,0.3,0.5,-0.6,0.0,0.4
chi_clow_to_midway_0126,clow_to_midway,Clow International Airport to Midway International Airport,variant_022,ohare_2026-03-07_1s_15nm_bbox,w_0126,0.2,0.0,0.4,0.4,-0.6000000000000001,0.20000000000000007,0.2
chi_clow_to_midway_0127,clow_to_midway,Clow International Airport to Midway International Airport,variant_143,ohare_2026-03-07_1s_15nm_bbox,w_0127,0.2,0.0,0.5,0.3,-0.6,0.39999999999999997,0.0
chi_clow_to_midway_0128,clow_to_midway,Clow International Airport to Midway International Airport,variant_144,ohare_2026-03-07_1s_15nm_bbox,w_0128,0.2,0.0,0.6,0.2,-0.6,0.6000000000000001,-0.19999999999999996
chi_clow_to_midway_0129,clow_to_midway,Clow International Airport to Midway International Airport,variant_145,ohare_2026-03-07_1s_15nm_bbox,w_0129,0.2,0.0,0.7,0.1,-0.6,0.7999999999999999,-0.3999999999999999
chi_clow_to_midway_0130,clow_to_midway,Clow International Airport to Midway International Airport,variant_146,ohare_2026-03-07_1s_15nm_bbox,w_0130,0.2,0.0,0.8,0.0,-0.6000000000000001,1.0,-0.6000000000000001
chi_clow_to_midway_0131,clow_to_midway,Clow International Airport to Midway International Airport,variant_147,ohare_2026-03-07_1s_15nm_bbox,w_0131,0.2,0.1,0.0,0.7,-0.3999999999999999,-0.6,0.7999999999999999
chi_clow_to_midway_0132,clow_to_midway,Clow International Airport to Midway International Airport,variant_148,ohare_2026-03-07_1s_15nm_bbox,w_0132,0.2,0.1,0.1,0.6,-0.3999999999999999,-0.39999999999999997,0.6
chi_clow_to_midway_0133,clow_to_midway,Clow International Airport to Midway International Airport,variant_149,ohare_2026-03-07_1s_15nm_bbox,w_0133,0.2,0.1,0.2,0.5,-0.39999999999999997,-0.19999999999999996,0.4
chi_clow_to_midway_0134,clow_to_midway,Clow International Airport to Midway International Airport,variant_150,ohare_2026-03-07_1s_15nm_bbox,w_0134,0.2,0.1,0.3,0.4,-0.39999999999999997,0.0,0.20000000000000004
chi_clow_to_midway_0135,clow_to_midway,Clow International Airport to Midway International Airport,variant_151,ohare_2026-03-07_1s_15nm_bbox,w_0135,0.2,0.1,0.4,0.3,-0.39999999999999997,0.2,-5.551115123125783e-17
chi_clow_to_midway_0136,clow_to_midway,Clow International Airport to Midway International Airport,variant_152,ohare_2026-03-07_1s_15nm_bbox,w_0136,0.2,0.1,0.5,0.2,-0.39999999999999997,0.39999999999999997,-0.2
chi_clow_to_midway_0137,clow_to_midway,Clow International Airport to Midway International Airport,variant_153,ohare_2026-03-07_1s_15nm_bbox,w_0137,0.2,0.1,0.6,0.1,-0.3999999999999999,0.6,-0.4
chi_clow_to_midway_0138,clow_to_midway,Clow International Airport to Midway International Airport,variant_154,ohare_2026-03-07_1s_15nm_bbox,w_0138,0.2,0.1,0.7,0.0,-0.3999999999999999,0.7999999999999999,-0.6
chi_clow_to_midway_0139,clow_to_midway,Clow International Airport to Midway International Airport,variant_155,ohare_2026-03-07_1s_15nm_bbox,w_0139,0.2,0.2,0.0,0.6,-0.19999999999999996,-0.6,0.6
chi_clow_to_midway_0140,clow_to_midway,Clow International Airport to Midway International Airport,variant_008,ohare_2026-03-07_1s_15nm_bbox,w_0140,0.2,0.2,0.1,0.5,-0.19999999999999996,-0.4,0.4
chi_clow_to_midway_0141,clow_to_midway,Clow International Airport to Midway International Airport,variant_023,ohare_2026-03-07_1s_15nm_bbox,w_0141,0.2,0.2,0.2,0.4,-0.2,-0.2,0.2
chi_clow_to_midway_0142,clow_to_midway,Clow International Airport to Midway International Airport,variant_024,ohare_2026-03-07_1s_15nm_bbox,w_0142,0.2,0.2,0.3,0.3,-0.19999999999999996,0.0,0.0
chi_clow_to_midway_0143,clow_to_midway,Clow International Airport to Midway International Airport,variant_024,ohare_2026-03-07_1s_15nm_bbox,w_0143,0.2,0.2,0.4,0.2,-0.2,0.2,-0.2
chi_clow_to_midway_0144,clow_to_midway,Clow International Airport to Midway International Airport,variant_025,ohare_2026-03-07_1s_15nm_bbox,w_0144,0.2,0.2,0.5,0.1,-0.19999999999999998,0.4,-0.4
chi_clow_to_midway_0145,clow_to_midway,Clow International Airport to Midway International Airport,variant_156,ohare_2026-03-07_1s_15nm_bbox,w_0145,0.2,0.2,0.6,0.0,-0.19999999999999996,0.6,-0.6
chi_clow_to_midway_0146,clow_to_midway,Clow International Airport to Midway International Airport,variant_026,ohare_2026-03-07_1s_15nm_bbox,w_0146,0.2,0.3,0.0,0.5,0.0,-0.6,0.4
chi_clow_to_midway_0147,clow_to_midway,Clow International Airport to Midway International Airport,variant_008,ohare_2026-03-07_1s_15nm_bbox,w_0147,0.2,0.3,0.1,0.4,0.0,-0.4,0.20000000000000004
chi_clow_to_midway_0148,clow_to_midway,Clow International Airport to Midway International Airport,variant_023,ohare_2026-03-07_1s_15nm_bbox,w_0148,0.2,0.3,0.2,0.3,0.0,-0.19999999999999996,0.0
chi_clow_to_midway_0149,clow_to_midway,Clow International Airport to Midway International Airport,variant_157,ohare_2026-03-07_1s_15nm_bbox,w_0149,0.2,0.3,0.3,0.2,0.0,0.0,-0.19999999999999996
chi_clow_to_midway_0150,clow_to_midway,Clow International Airport to Midway International Airport,variant_025,ohare_2026-03-07_1s_15nm_bbox,w_0150,0.2,0.3,0.4,0.1,-2.7755575615628914e-17,0.20000000000000004,-0.4
chi_clow_to_midway_0151,clow_to_midway,Clow International Airport to Midway International Airport,variant_158,ohare_2026-03-07_1s_15nm_bbox,w_0151,0.2,0.3,0.5,0.0,0.0,0.4,-0.6
chi_clow_to_midway_0152,clow_to_midway,Clow International Airport to Midway International Airport,variant_026,ohare_2026-03-07_1s_15nm_bbox,w_0152,0.2,0.4,0.0,0.4,0.20000000000000007,-0.6000000000000001,0.2
chi_clow_to_midway_0153,clow_to_midway,Clow International Airport to Midway International Airport,variant_008,ohare_2026-03-07_1s_15nm_bbox,w_0153,0.2,0.4,0.1,0.3,0.20000000000000012,-0.4,-5.551115123125783e-17
chi_clow_to_midway_0154,clow_to_midway,Clow International Airport to Midway International Airport,variant_009,ohare_2026-03-07_1s_15nm_bbox,w_0154,0.2,0.4,0.2,0.2,0.20000000000000007,-0.2,-0.2
chi_clow_to_midway_0155,clow_to_midway,Clow International Airport to Midway International Airport,variant_159,ohare_2026-03-07_1s_15nm_bbox,w_0155,0.2,0.4,0.3,0.1,0.2000000000000001,-2.7755575615628914e-17,-0.4
chi_clow_to_midway_0156,clow_to_midway,Clow International Airport to Midway International Airport,variant_160,ohare_2026-03-07_1s_15nm_bbox,w_0156,0.2,0.4,0.4,0.0,0.20000000000000007,0.2,-0.6000000000000001
chi_clow_to_midway_0157,clow_to_midway,Clow International Airport to Midway International Airport,variant_161,ohare_2026-03-07_1s_15nm_bbox,w_0157,0.2,0.5,0.0,0.3,0.39999999999999997,-0.6,0.0
chi_clow_to_midway_0158,clow_to_midway,Clow International Airport to Midway International Airport,variant_027,ohare_2026-03-07_1s_15nm_bbox,w_0158,0.2,0.5,0.1,0.2,0.39999999999999997,-0.4,-0.2
chi_clow_to_midway_0159,clow_to_midway,Clow International Airport to Midway International Airport,variant_162,ohare_2026-03-07_1s_15nm_bbox,w_0159,0.2,0.5,0.2,0.1,0.3999999999999999,-0.19999999999999998,-0.4
chi_clow_to_midway_0160,clow_to_midway,Clow International Airport to Midway International Airport,variant_163,ohare_2026-03-07_1s_15nm_bbox,w_0160,0.2,0.5,0.3,0.0,0.39999999999999997,0.0,-0.6
chi_clow_to_midway_0161,clow_to_midway,Clow International Airport to Midway International Airport,variant_010,ohare_2026-03-07_1s_15nm_bbox,w_0161,0.2,0.6,0.0,0.2,0.6000000000000001,-0.6,-0.19999999999999996
chi_clow_to_midway_0162,clow_to_midway,Clow International Airport to Midway International Airport,variant_027,ohare_2026-03-07_1s_15nm_bbox,w_0162,0.2,0.6,0.1,0.1,0.6000000000000001,-0.3999999999999999,-0.4
chi_clow_to_midway_0163,clow_to_midway,Clow International Airport to Midway International Airport,variant_002,ohare_2026-03-07_1s_15nm_bbox,w_0163,0.2,0.6,0.2,0.0,0.6000000000000001,-0.19999999999999996,-0.6
chi_clow_to_midway_0164,clow_to_midway,Clow International Airport to Midway International Airport,variant_010,ohare_2026-03-07_1s_15nm_bbox,w_0164,0.2,0.7,0.0,0.1,0.7999999999999999,-0.6,-0.3999999999999999
chi_clow_to_midway_0165,clow_to_midway,Clow International Airport to Midway International Airport,variant_002,ohare_2026-03-07_1s_15nm_bbox,w_0165,0.2,0.7,0.1,0.0,0.7999999999999999,-0.3999999999999999,-0.6
chi_clow_to_midway_0166,clow_to_midway,Clow International Airport to Midway International Airport,variant_164,ohare_2026-03-07_1s_15nm_bbox,w_0166,0.2,0.8,0.0,0.0,1.0,-0.6000000000000001,-0.6000000000000001
chi_clow_to_midway_0167,clow_to_midway,Clow International Airport to Midway International Airport,variant_165,ohare_2026-03-07_1s_15nm_bbox,w_0167,0.3,0.0,0.0,0.7,-0.39999999999999997,-0.39999999999999997,1.0
chi_clow_to_midway_0168,clow_to_midway,Clow International Airport to Midway International Airport,variant_166,ohare_2026-03-07_1s_15nm_bbox,w_0168,0.3,0.0,0.1,0.6,-0.4,-0.19999999999999996,0.7999999999999999
chi_clow_to_midway_0169,clow_to_midway,Clow International Airport to Midway International Airport,variant_167,ohare_2026-03-07_1s_15nm_bbox,w_0169,0.3,0.0,0.2,0.5,-0.4,0.0,0.6
chi_clow_to_midway_0170,clow_to_midway,Clow International Airport to Midway International Airport,variant_168,ohare_2026-03-07_1s_15nm_bbox,w_0170,0.3,0.0,0.3,0.4,-0.4,0.19999999999999996,0.4
chi_clow_to_midway_0171,clow_to_midway,Clow International Airport to Midway International Airport,variant_169,ohare_2026-03-07_1s_15nm_bbox,w_0171,0.3,0.0,0.4,0.3,-0.4,0.39999999999999997,0.19999999999999996
chi_clow_to_midway_0172,clow_to_midway,Clow International Airport to Midway International Airport,variant_170,ohare_2026-03-07_1s_15nm_bbox,w_0172,0.3,0.0,0.5,0.2,-0.4,0.6000000000000001,0.0
chi_clow_to_midway_0173,clow_to_midway,Clow International Airport to Midway International Airport,variant_171,ohare_2026-03-07_1s_15nm_bbox,w_0173,0.3,0.0,0.6,0.1,-0.4,0.7999999999999999,-0.19999999999999998
chi_clow_to_midway_0174,clow_to_midway,Clow International Airport to Midway International Airport,variant_172,ohare_2026-03-07_1s_15nm_bbox,w_0174,0.3,0.0,0.7,0.0,-0.39999999999999997,1.0,-0.39999999999999997
chi_clow_to_midway_0175,clow_to_midway,Clow International Airport to Midway International Airport,variant_173,ohare_2026-03-07_1s_15nm_bbox,w_0175,0.3,0.1,0.0,0.6,-0.19999999999999996,-0.4,0.7999999999999999
chi_clow_to_midway_0176,clow_to_midway,Clow International Airport to Midway International Airport,variant_174,ohare_2026-03-07_1s_15nm_bbox,w_0176,0.3,0.1,0.1,0.5,-0.19999999999999996,-0.2,0.6
chi_clow_to_midway_0177,clow_to_midway,Clow International Airport to Midway International Airport,variant_175,ohare_2026-03-07_1s_15nm_bbox,w_0177,0.3,0.1,0.2,0.4,-0.2,0.0,0.4
chi_clow_to_midway_0178,clow_to_midway,Clow International Airport to Midway International Airport,variant_011,ohare_2026-03-07_1s_15nm_bbox,w_0178,0.3,0.1,0.3,0.3,-0.19999999999999996,0.2,0.19999999999999998
chi_clow_to_midway_0179,clow_to_midway,Clow International Airport to Midway International Airport,variant_176,ohare_2026-03-07_1s_15nm_bbox,w_0179,0.3,0.1,0.4,0.2,-0.2,0.39999999999999997,-2.7755575615628914e-17
chi_clow_to_midway_0180,clow_to_midway,Clow International Airport to Midway International Airport,variant_177,ohare_2026-03-07_1s_15nm_bbox,w_0180,0.3,0.1,0.5,0.1,-0.19999999999999998,0.6,-0.20000000000000004
chi_clow_to_midway_0181,clow_to_midway,Clow International Airport to Midway International Airport,variant_178,ohare_2026-03-07_1s_15nm_bbox,w_0181,0.3,0.1,0.6,0.0,-0.19999999999999996,0.7999999999999999,-0.4
chi_clow_to_midway_0182,clow_to_midway,Clow International Airport to Midway International Airport,variant_001,ohare_2026-03-07_1s_15nm_bbox,w_0182,0.3,0.2,0.0,0.5,0.0,-0.4,0.6
chi_clow_to_midway_0183,clow_to_midway,Clow International Airport to Midway International Airport,variant_179,ohare_2026-03-07_1s_15nm_bbox,w_0183,0.3,0.2,0.1,0.4,0.0,-0.20000000000000004,0.4
chi_clow_to_midway_0184,clow_to_midway,Clow International Airport to Midway International Airport,variant_004,ohare_2026-03-07_1s_15nm_bbox,w_0184,0.3,0.2,0.2,0.3,0.0,0.0,0.19999999999999996
chi_clow_to_midway_0185,clow_to_midway,Clow International Airport to Midway International Airport,variant_011,ohare_2026-03-07_1s_15nm_bbox,w_0185,0.3,0.2,0.3,0.2,0.0,0.19999999999999996,0.0
chi_clow_to_midway_0186,clow_to_midway,Clow International Airport to Midway International Airport,variant_180,ohare_2026-03-07_1s_15nm_bbox,w_0186,0.3,0.2,0.4,0.1,-2.7755575615628914e-17,0.4,-0.20000000000000004
chi_clow_to_midway_0187,clow_to_midway,Clow International Airport to Midway International Airport,variant_028,ohare_2026-03-07_1s_15nm_bbox,w_0187,0.3,0.2,0.5,0.0,0.0,0.6,-0.4
chi_clow_to_midway_0188,clow_to_midway,Clow International Airport to Midway International Airport,variant_181,ohare_2026-03-07_1s_15nm_bbox,w_0188,0.3,0.3,0.0,0.4,0.19999999999999996,-0.4,0.4
chi_clow_to_midway_0189,clow_to_midway,Clow International Airport to Midway International Airport,variant_182,ohare_2026-03-07_1s_15nm_bbox,w_0189,0.3,0.3,0.1,0.3,0.2,-0.19999999999999998,0.19999999999999998
chi_clow_to_midway_0190,clow_to_midway,Clow International Airport to Midway International Airport,variant_004,ohare_2026-03-07_1s_15nm_bbox,w_0190,0.3,0.3,0.2,0.2,0.19999999999999996,0.0,0.0
chi_clow_to_midway_0191,clow_to_midway,Clow International Airport to Midway International Airport,variant_183,ohare_2026-03-07_1s_15nm_bbox,w_0191,0.3,0.3,0.3,0.1,0.19999999999999998,0.19999999999999998,-0.19999999999999998
chi_clow_to_midway_0192,clow_to_midway,Clow International Airport to Midway International Airport,variant_028,ohare_2026-03-07_1s_15nm_bbox,w_0192,0.3,0.3,0.4,0.0,0.19999999999999996,0.4,-0.4
chi_clow_to_midway_0193,clow_to_midway,Clow International Airport to Midway International Airport,variant_029,ohare_2026-03-07_1s_15nm_bbox,w_0193,0.3,0.4,0.0,0.3,0.39999999999999997,-0.4,0.19999999999999996
chi_clow_to_midway_0194,clow_to_midway,Clow International Airport to Midway International Airport,variant_009,ohare_2026-03-07_1s_15nm_bbox,w_0194,0.3,0.4,0.1,0.2,0.39999999999999997,-0.20000000000000004,-2.7755575615628914e-17
chi_clow_to_midway_0195,clow_to_midway,Clow International Airport to Midway International Airport,variant_184,ohare_2026-03-07_1s_15nm_bbox,w_0195,0.3,0.4,0.2,0.1,0.3999999999999999,-2.7755575615628914e-17,-0.20000000000000004
chi_clow_to_midway_0196,clow_to_midway,Clow International Airport to Midway International Airport,variant_185,ohare_2026-03-07_1s_15nm_bbox,w_0196,0.3,0.4,0.3,0.0,0.39999999999999997,0.19999999999999996,-0.4
chi_clow_to_midway_0197,clow_to_midway,Clow International Airport to Midway International Airport,variant_030,ohare_2026-03-07_1s_15nm_bbox,w_0197,0.3,0.5,0.0,0.2,0.6000000000000001,-0.4,0.0
chi_clow_to_midway_0198,clow_to_midway,Clow International Airport to Midway International Airport,variant_186,ohare_2026-03-07_1s_15nm_bbox,w_0198,0.3,0.5,0.1,0.1,0.6000000000000001,-0.2,-0.20000000000000004
chi_clow_to_midway_0199,clow_to_midway,Clow International Airport to Midway International Airport,variant_002,ohare_2026-03-07_1s_15nm_bbox,w_0199,0.3,0.5,0.2,0.0,0.6000000000000001,0.0,-0.4
chi_clow_to_midway_0200,clow_to_midway,Clow International Airport to Midway International Airport,variant_010,ohare_2026-03-07_1s_15nm_bbox,w_0200,0.3,0.6,0.0,0.1,0.7999999999999999,-0.4,-0.19999999999999998
chi_clow_to_midway_0201,clow_to_midway,Clow International Airport to Midway International Airport,variant_002,ohare_2026-03-07_1s_15nm_bbox,w_0201,0.3,0.6,0.1,0.0,0.7999999999999999,-0.19999999999999998,-0.4
chi_clow_to_midway_0202,clow_to_midway,Clow International Airport to Midway International Airport,variant_187,ohare_2026-03-07_1s_15nm_bbox,w_0202,0.3,0.7,0.0,0.0,1.0,-0.39999999999999997,-0.39999999999999997
chi_clow_to_midway_0203,clow_to_midway,Clow International Airport to Midway International Airport,variant_188,ohare_2026-03-07_1s_15nm_bbox,w_0203,0.4,0.0,0.0,0.6,-0.19999999999999996,-0.19999999999999996,1.0
chi_clow_to_midway_0204,clow_to_midway,Clow International Airport to Midway International Airport,variant_189,ohare_2026-03-07_1s_15nm_bbox,w_0204,0.4,0.0,0.1,0.5,-0.19999999999999996,0.0,0.8
chi_clow_to_midway_0205,clow_to_midway,Clow International Airport to Midway International Airport,variant_190,ohare_2026-03-07_1s_15nm_bbox,w_0205,0.4,0.0,0.2,0.4,-0.2,0.20000000000000007,0.6000000000000001
chi_clow_to_midway_0206,clow_to_midway,Clow International Airport to Midway International Airport,variant_191,ohare_2026-03-07_1s_15nm_bbox,w_0206,0.4,0.0,0.3,0.3,-0.19999999999999996,0.39999999999999997,0.4
chi_clow_to_midway_0207,clow_to_midway,Clow International Airport to Midway International Airport,variant_192,ohare_2026-03-07_1s_15nm_bbox,w_0207,0.4,0.0,0.4,0.2,-0.2,0.6000000000000001,0.2
chi_clow_to_midway_0208,clow_to_midway,Clow International Airport to Midway International Airport,variant_193,ohare_2026-03-07_1s_15nm_bbox,w_0208,0.4,0.0,0.5,0.1,-0.19999999999999998,0.8,2.7755575615628914e-17
chi_clow_to_midway_0209,clow_to_midway,Clow International Airport to Midway International Airport,variant_194,ohare_2026-03-07_1s_15nm_bbox,w_0209,0.4,0.0,0.6,0.0,-0.19999999999999996,1.0,-0.19999999999999996
chi_clow_to_midway_0210,clow_to_midway,Clow International Airport to Midway International Airport,variant_001,ohare_2026-03-07_1s_15nm_bbox,w_0210,0.4,0.1,0.0,0.5,0.0,-0.19999999999999996,0.8
chi_clow_to_midway_0211,clow_to_midway,Clow International Airport to Midway International Airport,variant_195,ohare_2026-03-07_1s_15nm_bbox,w_0211,0.4,0.1,0.1,0.4,0.0,0.0,0.6000000000000001
chi_clow_to_midway_0212,clow_to_midway,Clow International Airport to Midway International Airport,variant_196,ohare_2026-03-07_1s_15nm_bbox,w_0212,0.4,0.1,0.2,0.3,0.0,0.2,0.4
chi_clow_to_midway_0213,clow_to_midway,Clow International Airport to Midway International Airport,variant_197,ohare_2026-03-07_1s_15nm_bbox,w_0213,0.4,0.1,0.3,0.2,0.0,0.4000000000000001,0.20000000000000007
chi_clow_to_midway_0214,clow_to_midway,Clow International Airport to Midway International Airport,variant_198,ohare_2026-03-07_1s_15nm_bbox,w_0214,0.4,0.1,0.4,0.1,-2.7755575615628914e-17,0.6000000000000001,2.7755575615628914e-17
chi_clow_to_midway_0215,clow_to_midway,Clow International Airport to Midway International Airport,variant_199,ohare_2026-03-07_1s_15nm_bbox,w_0215,0.4,0.1,0.5,0.0,0.0,0.8,-0.19999999999999996
chi_clow_to_midway_0216,clow_to_midway,Clow International Airport to Midway International Airport,variant_001,ohare_2026-03-07_1s_15nm_bbox,w_0216,0.4,0.2,0.0,0.4,0.20000000000000007,-0.2,0.6000000000000001
chi_clow_to_midway_0217,clow_to_midway,Clow International Airport to Midway International Airport,variant_005,ohare_2026-03-07_1s_15nm_bbox,w_0217,0.4,0.2,0.1,0.3,0.20000000000000012,5.551115123125783e-17,0.4
chi_clow_to_midway_0218,clow_to_midway,Clow International Airport to Midway International Airport,variant_004,ohare_2026-03-07_1s_15nm_bbox,w_0218,0.4,0.2,0.2,0.2,0.20000000000000007,0.2,0.2
chi_clow_to_midway_0219,clow_to_midway,Clow International Airport to Midway International Airport,variant_011,ohare_2026-03-07_1s_15nm_bbox,w_0219,0.4,0.2,0.3,0.1,0.2000000000000001,0.4,2.7755575615628914e-17
chi_clow_to_midway_0220,clow_to_midway,Clow International Airport to Midway International Airport,variant_200,ohare_2026-03-07_1s_15nm_bbox,w_0220,0.4,0.2,0.4,0.0,0.20000000000000007,0.6000000000000001,-0.2
chi_clow_to_midway_0221,clow_to_midway,Clow International Airport to Midway International Airport,variant_001,ohare_2026-03-07_1s_15nm_bbox,w_0221,0.4,0.3,0.0,0.3,0.39999999999999997,-0.19999999999999996,0.4
chi_clow_to_midway_0222,clow_to_midway,Clow International Airport to Midway International Airport,variant_201,ohare_2026-03-07_1s_15nm_bbox,w_0222,0.4,0.3,0.1,0.2,0.39999999999999997,2.7755575615628914e-17,0.20000000000000004
chi_clow_to_midway_0223,clow_to_midway,Clow International Airport to Midway International Airport,variant_202,ohare_2026-03-07_1s_15nm_bbox,w_0223,0.4,0.3,0.2,0.1,0.3999999999999999,0.20000000000000004,2.7755575615628914e-17
chi_clow_to_midway_0224,clow_to_midway,Clow International Airport to Midway International Airport,variant_031,ohare_2026-03-07_1s_15nm_bbox,w_0224,0.4,0.3,0.3,0.0,0.39999999999999997,0.4,-0.19999999999999996
chi_clow_to_midway_0225,clow_to_midway,Clow International Airport to Midway International Airport,variant_029,ohare_2026-03-07_1s_15nm_bbox,w_0225,0.4,0.4,0.0,0.2,0.6000000000000001,-0.2,0.2
chi_clow_to_midway_0226,clow_to_midway,Clow International Airport to Midway International Airport,variant_009,ohare_2026-03-07_1s_15nm_bbox,w_0226,0.4,0.4,0.1,0.1,0.6000000000000001,0.0,0.0
chi_clow_to_midway_0227,clow_to_midway,Clow International Airport to Midway International Airport,variant_203,ohare_2026-03-07_1s_15nm_bbox,w_0227,0.4,0.4,0.2,0.0,0.6000000000000001,0.2,-0.2
chi_clow_to_midway_0228,clow_to_midway,Clow International Airport to Midway International Airport,variant_204,ohare_2026-03-07_1s_15nm_bbox,w_0228,0.4,0.5,0.0,0.1,0.8,-0.19999999999999998,2.7755575615628914e-17
chi_clow_to_midway_0229,clow_to_midway,Clow International Airport to Midway International Airport,variant_002,ohare_2026-03-07_1s_15nm_bbox,w_0229,0.4,0.5,0.1,0.0,0.8,2.7755575615628914e-17,-0.19999999999999998
chi_clow_to_midway_0230,clow_to_midway,Clow International Airport to Midway International Airport,variant_032,ohare_2026-03-07_1s_15nm_bbox,w_0230,0.4,0.6,0.0,0.0,1.0,-0.19999999999999996,-0.19999999999999996
chi_clow_to_midway_0231,clow_to_midway,Clow International Airport to Midway International Airport,variant_003,ohare_2026-03-07_1s_15nm_bbox,w_0231,0.5,0.0,0.0,0.5,0.0,0.0,1.0
chi_clow_to_midway_0232,clow_to_midway,Clow International Airport to Midway International Airport,variant_205,ohare_2026-03-07_1s_15nm_bbox,w_0232,0.5,0.0,0.1,0.4,0.0,0.19999999999999996,0.8
chi_clow_to_midway_0233,clow_to_midway,Clow International Airport to Midway International Airport,variant_033,ohare_2026-03-07_1s_15nm_bbox,w_0233,0.5,0.0,0.2,0.3,0.0,0.39999999999999997,0.6
chi_clow_to_midway_0234,clow_to_midway,Clow International Airport to Midway International Airport,variant_034,ohare_2026-03-07_1s_15nm_bbox,w_0234,0.5,0.0,0.3,0.2,0.0,0.6000000000000001,0.4
chi_clow_to_midway_0235,clow_to_midway,Clow International Airport to Midway International Airport,variant_206,ohare_2026-03-07_1s_15nm_bbox,w_0235,0.5,0.0,0.4,0.1,-2.7755575615628914e-17,0.8,0.19999999999999998
chi_clow_to_midway_0236,clow_to_midway,Clow International Airport to Midway International Airport,variant_207,ohare_2026-03-07_1s_15nm_bbox,w_0236,0.5,0.0,0.5,0.0,0.0,1.0,0.0
chi_clow_to_midway_0237,clow_to_midway,Clow International Airport to Midway International Airport,variant_035,ohare_2026-03-07_1s_15nm_bbox,w_0237,0.5,0.1,0.0,0.4,0.19999999999999996,0.0,0.8
chi_clow_to_midway_0238,clow_to_midway,Clow International Airport to Midway International Airport,variant_208,ohare_2026-03-07_1s_15nm_bbox,w_0238,0.5,0.1,0.1,0.3,0.2,0.2,0.6000000000000001
chi_clow_to_midway_0239,clow_to_midway,Clow International Airport to Midway International Airport,variant_036,ohare_2026-03-07_1s_15nm_bbox,w_0239,0.5,0.1,0.2,0.2,0.19999999999999996,0.4000000000000001,0.4
chi_clow_to_midway_0240,clow_to_midway,Clow International Airport to Midway International Airport,variant_036,ohare_2026-03-07_1s_15nm_bbox,w_0240,0.5,0.1,0.3,0.1,0.19999999999999998,0.6,0.20000000000000004
chi_clow_to_midway_0241,clow_to_midway,Clow International Airport to Midway International Airport,variant_037,ohare_2026-03-07_1s_15nm_bbox,w_0241,0.5,0.1,0.4,0.0,0.19999999999999996,0.8,0.0
chi_clow_to_midway_0242,clow_to_midway,Clow International Airport to Midway International Airport,variant_001,ohare_2026-03-07_1s_15nm_bbox,w_0242,0.5,0.2,0.0,0.3,0.39999999999999997,0.0,0.6
chi_clow_to_midway_0243,clow_to_midway,Clow International Airport to Midway International Airport,variant_005,ohare_2026-03-07_1s_15nm_bbox,w_0243,0.5,0.2,0.1,0.2,0.39999999999999997,0.2,0.4
chi_clow_to_midway_0244,clow_to_midway,Clow International Airport to Midway International Airport,variant_209,ohare_2026-03-07_1s_15nm_bbox,w_0244,0.5,0.2,0.2,0.1,0.3999999999999999,0.4,0.19999999999999998
chi_clow_to_midway_0245,clow_to_midway,Clow International Airport to Midway International Airport,variant_037,ohare_2026-03-07_1s_15nm_bbox,w_0245,0.5,0.2,0.3,0.0,0.39999999999999997,0.6,0.0
chi_clow_to_midway_0246,clow_to_midway,Clow International Airport to Midway International Airport,variant_012,ohare_2026-03-07_1s_15nm_bbox,w_0246,0.5,0.3,0.0,0.2,0.6000000000000001,0.0,0.4
chi_clow_to_midway_0247,clow_to_midway,Clow International Airport to Midway International Airport,variant_005,ohare_2026-03-07_1s_15nm_bbox,w_0247,0.5,0.3,0.1,0.1,0.6000000000000001,0.20000000000000004,0.2
chi_clow_to_midway_0248,clow_to_midway,Clow International Airport to Midway International Airport,variant_031,ohare_2026-03-07_1s_15nm_bbox,w_0248,0.5,0.3,0.2,0.0,0.6000000000000001,0.4,0.0
chi_clow_to_midway_0249,clow_to_midway,Clow International Airport to Midway International Airport,variant_030,ohare_2026-03-07_1s_15nm_bbox,w_0249,0.5,0.4,0.0,0.1,0.8,-2.7755575615628914e-17,0.19999999999999998
chi_clow_to_midway_0250,clow_to_midway,Clow International Airport to Midway International Airport,variant_210,ohare_2026-03-07_1s_15nm_bbox,w_0250,0.5,0.4,0.1,0.0,0.8,0.19999999999999998,-2.7755575615628914e-17
chi_clow_to_midway_0251,clow_to_midway,Clow International Airport to Midway International Airport,variant_032,ohare_2026-03-07_1s_15nm_bbox,w_0251,0.5,0.5,0.0,0.0,1.0,0.0,0.0
chi_clow_to_midway_0252,clow_to_midway,Clow International Airport to Midway International Airport,variant_003,ohare_2026-03-07_1s_15nm_bbox,w_0252,0.6,0.0,0.0,0.4,0.19999999999999996,0.19999999999999996,1.0
chi_clow_to_midway_0253,clow_to_midway,Clow International Airport to Midway International Airport,variant_038,ohare_2026-03-07_1s_15nm_bbox,w_0253,0.6,0.0,0.1,0.3,0.2,0.39999999999999997,0.8
chi_clow_to_midway_0254,clow_to_midway,Clow International Airport to Midway International Airport,variant_033,ohare_2026-03-07_1s_15nm_bbox,w_0254,0.6,0.0,0.2,0.2,0.19999999999999996,0.6000000000000001,0.6
chi_clow_to_midway_0255,clow_to_midway,Clow International Airport to Midway International Airport,variant_211,ohare_2026-03-07_1s_15nm_bbox,w_0255,0.6,0.0,0.3,0.1,0.19999999999999998,0.7999999999999999,0.4
chi_clow_to_midway_0256,clow_to_midway,Clow International Airport to Midway International Airport,variant_212,ohare_2026-03-07_1s_15nm_bbox,w_0256,0.6,0.0,0.4,0.0,0.19999999999999996,1.0,0.19999999999999996
chi_clow_to_midway_0257,clow_to_midway,Clow International Airport to Midway International Airport,variant_035,ohare_2026-03-07_1s_15nm_bbox,w_0257,0.6,0.1,0.0,0.3,0.39999999999999997,0.2,0.8
chi_clow_to_midway_0258,clow_to_midway,Clow International Airport to Midway International Airport,variant_213,ohare_2026-03-07_1s_15nm_bbox,w_0258,0.6,0.1,0.1,0.2,0.39999999999999997,0.39999999999999997,0.6000000000000001
chi_clow_to_midway_0259,clow_to_midway,Clow International Airport to Midway International Airport,variant_214,ohare_2026-03-07_1s_15nm_bbox,w_0259,0.6,0.1,0.2,0.1,0.3999999999999999,0.6,0.4
chi_clow_to_midway_0260,clow_to_midway,Clow International Airport to Midway International Airport,variant_215,ohare_2026-03-07_1s_15nm_bbox,w_0260,0.6,0.1,0.3,0.0,0.39999999999999997,0.8,0.2
chi_clow_to_midway_0261,clow_to_midway,Clow International Airport to Midway International Airport,variant_001,ohare_2026-03-07_1s_15nm_bbox,w_0261,0.6,0.2,0.0,0.2,0.6000000000000001,0.19999999999999996,0.6
chi_clow_to_midway_0262,clow_to_midway,Clow International Airport to Midway International Airport,variant_005,ohare_2026-03-07_1s_15nm_bbox,w_0262,0.6,0.2,0.1,0.1,0.6000000000000001,0.4,0.3999999999999999
chi_clow_to_midway_0263,clow_to_midway,Clow International Airport to Midway International Airport,variant_216,ohare_2026-03-07_1s_15nm_bbox,w_0263,0.6,0.2,0.2,0.0,0.6000000000000001,0.6,0.19999999999999996
chi_clow_to_midway_0264,clow_to_midway,Clow International Airport to Midway International Airport,variant_012,ohare_2026-03-07_1s_15nm_bbox,w_0264,0.6,0.3,0.0,0.1,0.7999999999999999,0.19999999999999998,0.4
chi_clow_to_midway_0265,clow_to_midway,Clow International Airport to Midway International Airport,variant_039,ohare_2026-03-07_1s_15nm_bbox,w_0265,0.6,0.3,0.1,0.0,0.7999999999999999,0.4,0.19999999999999998
chi_clow_to_midway_0266,clow_to_midway,Clow International Airport to Midway International Airport,variant_217,ohare_2026-03-07_1s_15nm_bbox,w_0266,0.6,0.4,0.0,0.0,1.0,0.19999999999999996,0.19999999999999996
chi_clow_to_midway_0267,clow_to_midway,Clow International Airport to Midway International Airport,variant_003,ohare_2026-03-07_1s_15nm_bbox,w_0267,0.7,0.0,0.0,0.3,0.39999999999999997,0.39999999999999997,1.0
chi_clow_to_midway_0268,clow_to_midway,Clow International Airport to Midway International Airport,variant_038,ohare_2026-03-07_1s_15nm_bbox,w_0268,0.7,0.0,0.1,0.2,0.39999999999999997,0.5999999999999999,0.8
chi_clow_to_midway_0269,clow_to_midway,Clow International Airport to Midway International Airport,variant_034,ohare_2026-03-07_1s_15nm_bbox,w_0269,0.7,0.0,0.2,0.1,0.3999999999999999,0.7999999999999999,0.6
chi_clow_to_midway_0270,clow_to_midway,Clow International Airport to Midway International Airport,variant_040,ohare_2026-03-07_1s_15nm_bbox,w_0270,0.7,0.0,0.3,0.0,0.39999999999999997,1.0,0.39999999999999997
chi_clow_to_midway_0271,clow_to_midway,Clow International Airport to Midway International Airport,variant_041,ohare_2026-03-07_1s_15nm_bbox,w_0271,0.7,0.1,0.0,0.2,0.5999999999999999,0.39999999999999997,0.8
chi_clow_to_midway_0272,clow_to_midway,Clow International Airport to Midway International Airport,variant_218,ohare_2026-03-07_1s_15nm_bbox,w_0272,0.7,0.1,0.1,0.1,0.6,0.6,0.6
chi_clow_to_midway_0273,clow_to_midway,Clow International Airport to Midway International Airport,variant_219,ohare_2026-03-07_1s_15nm_bbox,w_0273,0.7,0.1,0.2,0.0,0.5999999999999999,0.8,0.39999999999999997
chi_clow_to_midway_0274,clow_to_midway,Clow International Airport to Midway International Airport,variant_012,ohare_2026-03-07_1s_15nm_bbox,w_0274,0.7,0.2,0.0,0.1,0.7999999999999999,0.3999999999999999,0.6
chi_clow_to_midway_0275,clow_to_midway,Clow International Airport to Midway International Airport,variant_039,ohare_2026-03-07_1s_15nm_bbox,w_0275,0.7,0.2,0.1,0.0,0.7999999999999999,0.6,0.3999999999999999
chi_clow_to_midway_0276,clow_to_midway,Clow International Airport to Midway International Airport,variant_042,ohare_2026-03-07_1s_15nm_bbox,w_0276,0.7,0.3,0.0,0.0,1.0,0.39999999999999997,0.39999999999999997
chi_clow_to_midway_0277,clow_to_midway,Clow International Airport to Midway International Airport,variant_003,ohare_2026-03-07_1s_15nm_bbox,w_0277,0.8,0.0,0.0,0.2,0.6000000000000001,0.6000000000000001,1.0
chi_clow_to_midway_0278,clow_to_midway,Clow International Airport to Midway International Airport,variant_220,ohare_2026-03-07_1s_15nm_bbox,w_0278,0.8,0.0,0.1,0.1,0.6000000000000001,0.8,0.8
chi_clow_to_midway_0279,clow_to_midway,Clow International Airport to Midway International Airport,variant_221,ohare_2026-03-07_1s_15nm_bbox,w_0279,0.8,0.0,0.2,0.0,0.6000000000000001,1.0,0.6000000000000001
chi_clow_to_midway_0280,clow_to_midway,Clow International Airport to Midway International Airport,variant_041,ohare_2026-03-07_1s_15nm_bbox,w_0280,0.8,0.1,0.0,0.1,0.8,0.6000000000000001,0.8
chi_clow_to_midway_0281,clow_to_midway,Clow International Airport to Midway International Airport,variant_222,ohare_2026-03-07_1s_15nm_bbox,w_0281,0.8,0.1,0.1,0.0,0.8,0.8,0.6000000000000001
chi_clow_to_midway_0282,clow_to_midway,Clow International Airport to Midway International Airport,variant_042,ohare_2026-03-07_1s_15nm_bbox,w_0282,0.8,0.2,0.0,0.0,1.0,0.6000000000000001,0.6000000000000001
chi_clow_to_midway_0283,clow_to_midway,Clow International Airport to Midway International Airport,variant_003,ohare_2026-03-07_1s_15nm_bbox,w_0283,0.9,0.0,0.0,0.1,0.8,0.8,1.0
chi_clow_to_midway_0284,clow_to_midway,Clow International Airport to Midway International Airport,variant_040,ohare_2026-03-07_1s_15nm_bbox,w_0284,0.9,0.0,0.1,0.0,0.8,1.0,0.8
chi_clow_to_midway_0285,clow_to_midway,Clow International Airport to Midway International Airport,variant_223,ohare_2026-03-07_1s_15nm_bbox,w_0285,0.9,0.1,0.0,0.0,1.0,0.8,0.8
chi_clow_to_midway_0286,clow_to_midway,Clow International Airport to Midway International Airport,variant_224,ohare_2026-03-07_1s_15nm_bbox,w_0286,1.0,0.0,0.0,0.0,1.0,1.0,1.0
chi_clow_to_midway_0287,clow_to_midway,Clow International Airport to Midway International Airport,variant_004,ohare_2026-03-07_1s_15nm_bbox,w_0287,0.25,0.25,0.25,0.25,0.0,0.0,0.0
