{"type": "FeatureCollection", "features": [{"type": "Feature", "properties": {"route_run_id": "stl_midamerica_to_st_louis_union_station_2026-03-09_0102", "route_pair": "midamerica_to_st_louis_union_station", "route_pair_label": "MidAmerica to St. Louis Union Station", "origin_label": "MidAmerica St. Louis Airport", "destination_label": "St. Louis Union Station", "origin_lat": 38.5451731, "origin_lon": -89.8351856, "destination_lat": 38.629167, "destination_lon": -90.2075, "traffic_date": "2026-03-09", "traffic_dataset": "March 9th - Monday", "weight_id": "w_0102", "distance_weight": 0.1, "population_weight": 0.4, "traffic_weight": 0.1, "airspace_weight": 0.4, "path_nodes": 68, "path_node_ids": [8877, 8881, 8904, 8922, 8923, 8927, 9145, 10016, 10018, 10062, 10055, 10058, 10094, 10096, 10103, 10104, 10110, 10109, 10516, 10512, 10290, 10289, 10294, 10281, 10292, 10293, 10304, 10303, 10302, 10315, 10316, 10317, 10314, 10207, 10206, 10204, 10205, 10323, 10328, 10329, 10327, 2522, 2524, 2523, 2514, 2512, 2513, 2286, 2298, 2300, 2301, 2307, 2495, 2820, 2823, 2827, 2849, 2848, 2850, 2837, 2859, 2858, 2863, 2767, 2762, 2737, 2732, 2715], "elapsed_seconds": 0.03960889999871142, "status": "success", "failure_reason": "", "route_distance_km": 51.33044082672044, "distance_cost_sum": 56.49246963074956, "population_cost_sum": 13.99100155916929, "traffic_cost_sum": 11.308742426522866, "airspace_cost_sum": 22.6, "total_weighted_score": 21.416521829394963}, "geometry": {"type": "LineString", "coordinates": [[-89.83272609742262, 38.54503213945896], [-89.83252853470323, 38.54953126729425], [-89.83806053424684, 38.55418543772932], [-89.84359324582596, 38.558839373542895], [-89.84912666962028, 38.563493074603095], [-89.85466080580946, 38.568146540778045], [-89.86019565457306, 38.572799771935806], [-89.86573121609086, 38.57745276794444], [-89.87126749054252, 38.58210552867199], [-89.8768044781077, 38.58675805398646], [-89.88234217896623, 38.591410343755804], [-89.8878805932977, 38.59606239784802], [-89.89341972128202, 38.600714216131045], [-89.89895956309883, 38.60536579847276], [-89.90450011892796, 38.61001714474108], [-89.91004138894921, 38.614668254803874], [-89.9155833733424, 38.61931912852895], [-89.92131862594731, 38.619470314708934], [-89.9268617252078, 38.624120695492145], [-89.93278926003055, 38.619771845202735], [-89.93852464134986, 38.619922189503846], [-89.94445114702152, 38.615572701498955], [-89.95018625645967, 38.61572246055001], [-89.9559214084743, 38.61587193899423], [-89.9616566029858, 38.61602113682532], [-89.96739183991471, 38.61617005403699], [-89.97312711918148, 38.61631869062297], [-89.97886244070665, 38.616467046576965], [-89.9845978044106, 38.61661512189275], [-89.9903332102139, 38.61676291656407], [-89.99606865803695, 38.61691043058469], [-90.00180414780024, 38.61705766394838], [-90.00753967942423, 38.617204616648934], [-90.01327525282936, 38.61735128868017], [-90.01901086793612, 38.61749768003589], [-90.02474652466493, 38.617643790709906], [-90.03048222293627, 38.617789620696094], [-90.03621796267052, 38.617935169988264], [-90.04176873755169, 38.622580391570615], [-90.04750491743872, 38.62272540266021], [-90.05324113855997, 38.6228701329926], [-90.0589774008359, 38.62301458256169], [-90.06471370418684, 38.62315875136136], [-90.07045004853325, 38.62330263938551], [-90.07618643379548, 38.623446246628106], [-90.08210536366288, 38.61908945860739], [-90.087841472983, 38.61923248137871], [-90.09375937107193, 38.61487505899075], [-90.09949520417183, 38.615017497448825], [-90.10505004462816, 38.61965986513943], [-90.11078631613944, 38.61980176485522], [-90.11634226958749, 38.624443634935055], [-90.12189893829279, 38.62908526529191], [-90.12745632243416, 38.63372665579325], [-90.13301442219031, 38.63836780630655], [-90.13857323774008, 38.64300871669927], [-90.14431153910874, 38.643149043887504], [-90.15004988039681, 38.64328909003685], [-90.15578826152439, 38.64342885514139], [-90.16152668241186, 38.64356833919522], [-90.16726514297947, 38.64370754219247], [-90.17300364314747, 38.64384646412727], [-90.17856556137721, 38.64848558173427], [-90.18430449860489, 38.64862396366764], [-90.19021938045634, 38.644261543498274], [-90.19613354616266, 38.639898793950096], [-90.20204699586435, 38.63553571516044], [-90.20795972970198, 38.63117230726659]]}}, {"type": "Feature", "properties": {"route_run_id": "stl_midamerica_to_st_louis_union_station_2026-03-09_0278", "route_pair": "midamerica_to_st_louis_union_station", "route_pair_label": "MidAmerica to St. Louis Union Station", "origin_label": "MidAmerica St. Louis Airport", "destination_label": "St. Louis Union Station", "origin_lat": 38.5451731, "origin_lon": -89.8351856, "destination_lat": 38.629167, "destination_lon": -90.2075, "traffic_date": "2026-03-09", "traffic_dataset": "March 9th - Monday", "weight_id": "w_0278", "distance_weight": 0.8, "population_weight": 0.0, "traffic_weight": 0.0, "airspace_weight": 0.2, "path_nodes": 67, "path_node_ids": [8877, 8876, 8892, 8897, 8899, 8926, 9788, 10013, 10014, 10036, 10052, 10054, 10061, 10051, 10049, 10048, 10050, 10253, 10252, 10241, 10240, 10248, 10246, 10247, 10245, 10231, 10230, 10262, 10150, 10148, 10149, 10151, 10161, 10159, 10158, 10160, 10166, 10168, 10167, 10169, 2247, 2269, 2268, 2257, 2256, 2254, 2279, 2293, 2296, 2301, 2303, 2491, 2492, 2818, 2496, 2507, 2506, 2828, 2505, 2809, 2811, 2810, 2728, 2730, 2731, 2729, 2715], "elapsed_seconds": 0.007492400007322431, "status": "success", "failure_reason": "", "route_distance_km": 46.683328700980354, "distance_cost_sum": 51.37802221113185, "population_cost_sum": 29.474393947782595, "traffic_cost_sum": 11.160766941646196, "airspace_cost_sum": 22.6, "total_weighted_score": 45.622417768905486}, "geometry": {"type": "LineString", "coordinates": [[-89.83272609742262, 38.54503213945896], [-89.83845499191484, 38.54518713674757], [-89.84398707949187, 38.54984103165108], [-89.84951987896733, 38.55449469187918], [-89.85505339052077, 38.559148117300026], [-89.86058761433173, 38.563801307781745], [-89.86612255057987, 38.568454263192415], [-89.87165819944471, 38.57310698340007], [-89.87719456110594, 38.577759468272795], [-89.88273163574308, 38.582411717678575], [-89.88826942353593, 38.58706373148541], [-89.89380792466403, 38.591715509561276], [-89.89934713930707, 38.59636705177409], [-89.90508047722643, 38.59651895818466], [-89.91081385831642, 38.59667058421835], [-89.91654728249756, 38.596821929868824], [-89.92228074969049, 38.59697299512966], [-89.92801425981584, 38.59712377999449], [-89.93374781279411, 38.597274284457015], [-89.93948140854593, 38.5974245085108], [-89.94521504699188, 38.5975744521496], [-89.95094872805251, 38.59772411536704], [-89.95668245164843, 38.59787349815684], [-89.96241621770018, 38.59802260051268], [-89.96815002612831, 38.59817142242828], [-89.9738838768534, 38.59831996389739], [-89.97961776979602, 38.59846822491371], [-89.98535170487666, 38.59861620547102], [-89.99108568201598, 38.59876390556306], [-89.99681970113441, 38.59891132518362], [-90.00255376215256, 38.59905846432648], [-90.00828786499093, 38.59920532298544], [-90.01402200957008, 38.5993519011543], [-90.01975619581054, 38.599498198826886], [-90.02549042363282, 38.599644215997024], [-90.03122469295744, 38.59978995265856], [-90.03695900370492, 38.599935408805365], [-90.0426933557958, 38.60008058443128], [-90.04842774915056, 38.600225479530216], [-90.05416218368977, 38.60037009409603], [-90.05989665933384, 38.60051442812264], [-90.06563117600335, 38.600658481603965], [-90.07136573361876, 38.60080225453393], [-90.07710033210058, 38.60094574690646], [-90.0828349713693, 38.601088958715515], [-90.08856965134538, 38.60123188995506], [-90.0941227455516, 38.605874717602354], [-90.09967655430022, 38.61051730605643], [-90.10523107776994, 38.61515965518486], [-90.11078631613944, 38.61980176485522], [-90.11652262799952, 38.61994338379215], [-90.1220789793104, 38.62458499570804], [-90.12781572923257, 38.62472607564535], [-90.13337319363258, 38.629367189437694], [-90.13911038141684, 38.62950773017495], [-90.14484760917111, 38.62964799001386], [-90.15058487681573, 38.629787968948484], [-90.156322184271, 38.62992766697294], [-90.16205953145733, 38.63006708408134], [-90.16779691829495, 38.630206220267794], [-90.17353434470424, 38.6303450755264], [-90.17927181060547, 38.63048364985134], [-90.185009315919, 38.63062194323676], [-90.1907468605651, 38.6307599556768], [-90.1964844444641, 38.63089768716567], [-90.2022220675363, 38.63103513769752], [-90.20795972970198, 38.63117230726659]]}}, {"type": "Feature", "properties": {"route_run_id": "stl_midamerica_to_st_louis_union_station_2026-03-09_0209", "route_pair": "midamerica_to_st_louis_union_station", "route_pair_label": "MidAmerica to St. Louis Union Station", "origin_label": "MidAmerica St. Louis Airport", "destination_label": "St. Louis Union Station", "origin_lat": 38.5451731, "origin_lon": -89.8351856, "destination_lat": 38.629167, "destination_lon": -90.2075, "traffic_date": "2026-03-09", "traffic_dataset": "March 9th - Monday", "weight_id": "w_0209", "distance_weight": 0.4, "population_weight": 0.0, "traffic_weight": 0.5, "airspace_weight": 0.1, "path_nodes": 69, "path_node_ids": [8877, 8876, 8868, 8869, 8870, 8867, 9753, 9754, 9755, 9744, 9742, 9743, 9730, 9733, 9721, 9732, 9720, 9915, 9913, 9912, 9914, 9932, 7806, 9933, 9923, 9922, 7815, 7816, 9820, 9832, 9833, 9821, 7905, 7906, 9823, 9822, 7916, 7915, 7914, 7913, 1933, 1931, 1932, 1917, 1943, 1946, 1970, 1983, 1998, 2003, 2000, 2191, 2194, 2193, 2192, 2185, 2184, 2186, 2421, 2205, 2450, 2451, 2369, 2375, 2399, 2401, 2406, 2729, 2715], "elapsed_seconds": 0.013542300002882257, "status": "success", "failure_reason": "", "route_distance_km": 47.941309324872435, "distance_cost_sum": 52.76251124038445, "population_cost_sum": 26.60401366295166, "traffic_cost_sum": 2.6103621949716804, "airspace_cost_sum": 38.6, "total_weighted_score": 26.27018559363962}, "geometry": {"type": "LineString", "coordinates": [[-89.83272609742262, 38.54503213945896], [-89.83845499191484, 38.54518713674757], [-89.84418393041321, 38.54534185422887], [-89.8499129128385, 38.54549629189633], [-89.85564193911159, 38.545650449743434], [-89.86137100915332, 38.54580432776372], [-89.86710012288452, 38.545957925950695], [-89.87282928022606, 38.546111244297876], [-89.8785584810987, 38.54626428279884], [-89.88428772542336, 38.54641704144712], [-89.8902109731338, 38.54207014196144], [-89.895939948205, 38.54222231651928], [-89.90166896648022, 38.54237421124988], [-89.90739802788026, 38.54252582614685], [-89.91312713232598, 38.54267716120381], [-89.91885627973821, 38.54282821641439], [-89.92458547003774, 38.5429789917722], [-89.93031470314544, 38.543129487270946], [-89.93604397898207, 38.54327970290425], [-89.94177329746847, 38.543429638665806], [-89.94750265852547, 38.54357929454928], [-89.9532320620738, 38.543728670548404], [-89.9589615080343, 38.543877766656834], [-89.9646909963278, 38.54402658286834], [-89.97042052687505, 38.544175119176636], [-89.97615009959685, 38.54432337557549], [-89.98187971441398, 38.54447135205863], [-89.98760937124719, 38.544619048619815], [-89.99333907001733, 38.54476646525287], [-89.99906881064508, 38.54491360195155], [-90.00479859305136, 38.54506045870968], [-90.01052841715675, 38.54520703552103], [-90.01625828288213, 38.545353332379484], [-90.02198819014824, 38.545499349278856], [-90.0277181388758, 38.54564508621299], [-90.03344812898557, 38.54579054317578], [-90.03917816039834, 38.54593572016105], [-90.04490823303483, 38.54608061716274], [-90.05063834681579, 38.54622523417469], [-90.05636850166194, 38.546369571190844], [-90.06209869749397, 38.54651362820512], [-90.06782893423272, 38.54665740521145], [-90.07355921179885, 38.54680090220377], [-90.07928953011304, 38.54694411917603], [-90.08483803609515, 38.551587237746496], [-90.09038725467427, 38.55623011778336], [-90.09593718602859, 38.5608727591544], [-90.1014878303364, 38.56551516172741], [-90.10703918777595, 38.57015732537014], [-90.11259125852546, 38.57479924995029], [-90.11832399892143, 38.57494064238296], [-90.12387718012955, 38.579582070024706], [-90.1296103575981, 38.57972292432643], [-90.13534357508938, 38.579863498234836], [-90.14107683252396, 38.580003791744], [-90.14681012982238, 38.58014380484799], [-90.15254346690519, 38.5802835375409], [-90.1580993457009, 38.58492343582021], [-90.16365593845713, 38.58956309408333], [-90.16921324535195, 38.59420251219789], [-90.17477126656355, 38.59884169003141], [-90.18033000227008, 38.60348062745143], [-90.18588945264969, 38.60811932432548], [-90.19144961788064, 38.61275778052102], [-90.19127398739786, 38.61725833052981], [-90.19683518607279, 38.62189656380297], [-90.19665983485031, 38.626397127556444], [-90.2022220675363, 38.63103513769752], [-90.20795972970198, 38.63117230726659]]}}, {"type": "Feature", "properties": {"route_run_id": "stl_midamerica_to_st_louis_union_station_2026-03-09_0210", "route_pair": "midamerica_to_st_louis_union_station", "route_pair_label": "MidAmerica to St. Louis Union Station", "origin_label": "MidAmerica St. Louis Airport", "destination_label": "St. Louis Union Station", "origin_lat": 38.5451731, "origin_lon": -89.8351856, "destination_lat": 38.629167, "destination_lon": -90.2075, "traffic_date": "2026-03-09", "traffic_dataset": "March 9th - Monday", "weight_id": "w_0210", "distance_weight": 0.4, "population_weight": 0.0, "traffic_weight": 0.6, "airspace_weight": 0.0, "path_nodes": 69, "path_node_ids": [8877, 8876, 8868, 8869, 8870, 8867, 9753, 9754, 9755, 9744, 9742, 9743, 9730, 9733, 9721, 9732, 9720, 9915, 9913, 9912, 9914, 9932, 7806, 9933, 9923, 9922, 7815, 7816, 9820, 9832, 9833, 9821, 7905, 7901, 7902, 7903, 7916, 7915, 7914, 7913, 1933, 1931, 1932, 1917, 1943, 1946, 1970, 1983, 1998, 2003, 2000, 2191, 2194, 2193, 2192, 2185, 2184, 2186, 2421, 2205, 2450, 2451, 2369, 2375, 2399, 2401, 2406, 2729, 2715], "elapsed_seconds": 0.009426899981917813, "status": "success", "failure_reason": "", "route_distance_km": 48.47358680859487, "distance_cost_sum": 53.34831703320492, "population_cost_sum": 26.586462381552547, "traffic_cost_sum": 2.2178590530601205, "airspace_cost_sum": 38.6, "total_weighted_score": 22.670042245118044}, "geometry": {"type": "LineString", "coordinates": [[-89.83272609742262, 38.54503213945896], [-89.83845499191484, 38.54518713674757], [-89.84418393041321, 38.54534185422887], [-89.8499129128385, 38.54549629189633], [-89.85564193911159, 38.545650449743434], [-89.86137100915332, 38.54580432776372], [-89.86710012288452, 38.545957925950695], [-89.87282928022606, 38.546111244297876], [-89.8785584810987, 38.54626428279884], [-89.88428772542336, 38.54641704144712], [-89.8902109731338, 38.54207014196144], [-89.895939948205, 38.54222231651928], [-89.90166896648022, 38.54237421124988], [-89.90739802788026, 38.54252582614685], [-89.91312713232598, 38.54267716120381], [-89.91885627973821, 38.54282821641439], [-89.92458547003774, 38.5429789917722], [-89.93031470314544, 38.543129487270946], [-89.93604397898207, 38.54327970290425], [-89.94177329746847, 38.543429638665806], [-89.94750265852547, 38.54357929454928], [-89.9532320620738, 38.543728670548404], [-89.9589615080343, 38.543877766656834], [-89.9646909963278, 38.54402658286834], [-89.97042052687505, 38.544175119176636], [-89.97615009959685, 38.54432337557549], [-89.98187971441398, 38.54447135205863], [-89.98760937124719, 38.544619048619815], [-89.99333907001733, 38.54476646525287], [-89.99906881064508, 38.54491360195155], [-90.00479859305136, 38.54506045870968], [-90.01052841715675, 38.54520703552103], [-90.01625828288213, 38.545353332379484], [-90.022173919938, 38.540999417678], [-90.02790351258993, 38.54114513127777], [-90.03363314661406, 38.54129056495092], [-90.03917816039834, 38.54593572016105], [-90.04490823303483, 38.54608061716274], [-90.05063834681579, 38.54622523417469], [-90.05636850166194, 38.546369571190844], [-90.06209869749397, 38.54651362820512], [-90.06782893423272, 38.54665740521145], [-90.07355921179885, 38.54680090220377], [-90.07928953011304, 38.54694411917603], [-90.08483803609515, 38.551587237746496], [-90.09038725467427, 38.55623011778336], [-90.09593718602859, 38.5608727591544], [-90.1014878303364, 38.56551516172741], [-90.10703918777595, 38.57015732537014], [-90.11259125852546, 38.57479924995029], [-90.11832399892143, 38.57494064238296], [-90.12387718012955, 38.579582070024706], [-90.1296103575981, 38.57972292432643], [-90.13534357508938, 38.579863498234836], [-90.14107683252396, 38.580003791744], [-90.14681012982238, 38.58014380484799], [-90.15254346690519, 38.5802835375409], [-90.1580993457009, 38.58492343582021], [-90.16365593845713, 38.58956309408333], [-90.16921324535195, 38.59420251219789], [-90.17477126656355, 38.59884169003141], [-90.18033000227008, 38.60348062745143], [-90.18588945264969, 38.60811932432548], [-90.19144961788064, 38.61275778052102], [-90.19127398739786, 38.61725833052981], [-90.19683518607279, 38.62189656380297], [-90.19665983485031, 38.626397127556444], [-90.2022220675363, 38.63103513769752], [-90.20795972970198, 38.63117230726659]]}}, {"type": "Feature", "properties": {"route_run_id": "stl_midamerica_to_st_louis_union_station_2026-03-09_0218", "route_pair": "midamerica_to_st_louis_union_station", "route_pair_label": "MidAmerica to St. Louis Union Station", "origin_label": "MidAmerica St. Louis Airport", "destination_label": "St. Louis Union Station", "origin_lat": 38.5451731, "origin_lon": -89.8351856, "destination_lat": 38.629167, "destination_lon": -90.2075, "traffic_date": "2026-03-09", "traffic_dataset": "March 9th - Monday", "weight_id": "w_0218", "distance_weight": 0.4, "population_weight": 0.2, "traffic_weight": 0.1, "airspace_weight": 0.3, "path_nodes": 68, "path_node_ids": [8877, 8881, 8904, 8922, 8923, 8927, 9145, 10016, 10018, 10062, 10055, 10058, 10094, 10096, 10103, 10104, 10110, 10109, 10291, 10512, 10290, 10289, 10294, 10281, 10292, 10293, 10304, 10303, 10302, 10315, 10316, 10317, 10314, 10207, 10206, 10204, 10205, 10323, 10324, 10322, 10325, 2520, 2521, 2519, 2510, 2512, 2513, 2511, 2302, 2300, 2301, 2307, 2491, 2492, 2818, 2496, 2507, 2506, 2828, 2505, 2809, 2811, 2810, 2728, 2730, 2731, 2729, 2715], "elapsed_seconds": 0.019027700007427484, "status": "success", "failure_reason": "", "route_distance_km": 47.59717568370674, "distance_cost_sum": 52.38376991341823, "population_cost_sum": 17.473587763698447, "traffic_cost_sum": 11.66994454850107, "airspace_cost_sum": 23.2, "total_weighted_score": 32.57521997295709}, "geometry": {"type": "LineString", "coordinates": [[-89.83272609742262, 38.54503213945896], [-89.83252853470323, 38.54953126729425], [-89.83806053424684, 38.55418543772932], [-89.84359324582596, 38.558839373542895], [-89.84912666962028, 38.563493074603095], [-89.85466080580946, 38.568146540778045], [-89.86019565457306, 38.572799771935806], [-89.86573121609086, 38.57745276794444], [-89.87126749054252, 38.58210552867199], [-89.8768044781077, 38.58675805398646], [-89.88234217896623, 38.591410343755804], [-89.8878805932977, 38.59606239784802], [-89.89341972128202, 38.600714216131045], [-89.89895956309883, 38.60536579847276], [-89.90450011892796, 38.61001714474108], [-89.91004138894921, 38.614668254803874], [-89.9155833733424, 38.61931912852895], [-89.92131862594731, 38.619470314708934], [-89.92705392153653, 38.61962122026898], [-89.93278926003055, 38.619771845202735], [-89.93852464134986, 38.619922189503846], [-89.94445114702152, 38.615572701498955], [-89.95018625645967, 38.61572246055001], [-89.9559214084743, 38.61587193899423], [-89.9616566029858, 38.61602113682532], [-89.96739183991471, 38.61617005403699], [-89.97312711918148, 38.61631869062297], [-89.97886244070665, 38.616467046576965], [-89.9845978044106, 38.61661512189275], [-89.9903332102139, 38.61676291656407], [-89.99606865803695, 38.61691043058469], [-90.00180414780024, 38.61705766394838], [-90.00753967942423, 38.617204616648934], [-90.01327525282936, 38.61735128868017], [-90.01901086793612, 38.61749768003589], [-90.02474652466493, 38.617643790709906], [-90.03048222293627, 38.617789620696094], [-90.03621796267052, 38.617935169988264], [-90.0419537437882, 38.61808043858029], [-90.04768956620967, 38.61822542646607], [-90.05342542985542, 38.61837013363945], [-90.05916133464585, 38.61851456009435], [-90.06489728050143, 38.618658705824664], [-90.07063326734246, 38.618802570824315], [-90.07636929508949, 38.61894615508724], [-90.08210536366288, 38.61908945860739], [-90.087841472983, 38.61923248137871], [-90.09357762297034, 38.61937522339516], [-90.09931381354528, 38.61951768465076], [-90.10505004462816, 38.61965986513943], [-90.11078631613944, 38.61980176485522], [-90.11634226958749, 38.624443634935055], [-90.1220789793104, 38.62458499570804], [-90.12781572923257, 38.62472607564535], [-90.13337319363258, 38.629367189437694], [-90.13911038141684, 38.62950773017495], [-90.14484760917111, 38.62964799001386], [-90.15058487681573, 38.629787968948484], [-90.156322184271, 38.62992766697294], [-90.16205953145733, 38.63006708408134], [-90.16779691829495, 38.630206220267794], [-90.17353434470424, 38.6303450755264], [-90.17927181060547, 38.63048364985134], [-90.185009315919, 38.63062194323676], [-90.1907468605651, 38.6307599556768], [-90.1964844444641, 38.63089768716567], [-90.2022220675363, 38.63103513769752], [-90.20795972970198, 38.63117230726659]]}}, {"type": "Feature", "properties": {"route_run_id": "stl_midamerica_to_st_louis_union_station_2026-03-09_0265", "route_pair": "midamerica_to_st_louis_union_station", "route_pair_label": "MidAmerica to St. Louis Union Station", "origin_label": "MidAmerica St. Louis Airport", "destination_label": "St. Louis Union Station", "origin_lat": 38.5451731, "origin_lon": -89.8351856, "destination_lat": 38.629167, "destination_lon": -90.2075, "traffic_date": "2026-03-09", "traffic_dataset": "March 9th - Monday", "weight_id": "w_0265", "distance_weight": 0.6, "population_weight": 0.3, "traffic_weight": 0.0, "airspace_weight": 0.1, "path_nodes": 68, "path_node_ids": [8877, 8881, 8904, 8922, 8923, 8927, 9145, 10016, 10018, 10062, 10055, 10058, 10094, 10096, 10103, 10104, 10110, 10109, 10291, 10512, 10290, 10513, 10298, 10295, 10296, 10297, 10307, 10305, 10306, 10319, 10321, 10320, 10318, 10211, 10210, 10208, 10209, 10326, 10328, 10329, 10327, 2522, 2524, 2523, 2514, 2517, 2515, 2516, 2530, 2534, 2532, 2558, 2840, 2839, 2838, 2827, 2849, 2848, 2850, 2837, 2859, 2858, 2860, 2763, 2762, 2737, 2732, 2715], "elapsed_seconds": 0.013798500003758818, "status": "success", "failure_reason": "", "route_distance_km": 48.666852135602625, "distance_cost_sum": 53.561018023900075, "population_cost_sum": 14.998679925723389, "traffic_cost_sum": 13.370267511322758, "airspace_cost_sum": 23.2, "total_weighted_score": 38.95621479205706}, "geometry": {"type": "LineString", "coordinates": [[-89.83272609742262, 38.54503213945896], [-89.83252853470323, 38.54953126729425], [-89.83806053424684, 38.55418543772932], [-89.84359324582596, 38.558839373542895], [-89.84912666962028, 38.563493074603095], [-89.85466080580946, 38.568146540778045], [-89.86019565457306, 38.572799771935806], [-89.86573121609086, 38.57745276794444], [-89.87126749054252, 38.58210552867199], [-89.8768044781077, 38.58675805398646], [-89.88234217896623, 38.591410343755804], [-89.8878805932977, 38.59606239784802], [-89.89341972128202, 38.600714216131045], [-89.89895956309883, 38.60536579847276], [-89.90450011892796, 38.61001714474108], [-89.91004138894921, 38.614668254803874], [-89.9155833733424, 38.61931912852895], [-89.92131862594731, 38.619470314708934], [-89.92705392153653, 38.61962122026898], [-89.93278926003055, 38.619771845202735], [-89.93852464134986, 38.619922189503846], [-89.9442600654149, 38.62007225316597], [-89.94999553214618, 38.62022203618278], [-89.95573104146416, 38.620371538547964], [-89.96146659328937, 38.6205207602552], [-89.96720218754218, 38.620669701298226], [-89.97293782414316, 38.62081836167072], [-89.97867350301271, 38.62096674136646], [-89.98440922407127, 38.621114840379136], [-89.99014498723932, 38.62126265870254], [-89.99588079243732, 38.621410196330416], [-90.00161663958568, 38.62155745325657], [-90.00735252860491, 38.621704429474754], [-90.01308845941536, 38.6218511249788], [-90.01882443193752, 38.62199753976251], [-90.0245604460918, 38.62214367381969], [-90.03029650179865, 38.62228952714421], [-90.03603259897847, 38.622435099729884], [-90.04176873755169, 38.622580391570615], [-90.04750491743872, 38.62272540266021], [-90.05324113855997, 38.6228701329926], [-90.0589774008359, 38.62301458256169], [-90.06471370418684, 38.62315875136136], [-90.07045004853325, 38.62330263938551], [-90.07618643379548, 38.623446246628106], [-90.08192285989396, 38.62358957308307], [-90.08765932674906, 38.623732618744384], [-90.09339583428118, 38.623875383605984], [-90.09895091075838, 38.62851804648185], [-90.10450670259345, 38.633160469873815], [-90.1102440470662, 38.63330243772981], [-90.11580095263906, 38.63794436326609], [-90.12135857394713, 38.64258604896054], [-90.12709675507955, 38.642727219229855], [-90.13283497637043, 38.64286810847808], [-90.13857323774008, 38.64300871669927], [-90.14431153910874, 38.643149043887504], [-90.15004988039681, 38.64328909003685], [-90.15578826152439, 38.64342885514139], [-90.16152668241186, 38.64356833919522], [-90.16726514297947, 38.64370754219247], [-90.17300364314747, 38.64384646412727], [-90.17874218283609, 38.64398510499372], [-90.18448076196563, 38.64412346478601], [-90.19021938045634, 38.644261543498274], [-90.19613354616266, 38.639898793950096], [-90.20204699586435, 38.63553571516044], [-90.20795972970198, 38.63117230726659]]}}, {"type": "Feature", "properties": {"route_run_id": "stl_midamerica_to_st_louis_union_station_2026-03-09_0177", "route_pair": "midamerica_to_st_louis_union_station", "route_pair_label": "MidAmerica to St. Louis Union Station", "origin_label": "MidAmerica St. Louis Airport", "destination_label": "St. Louis Union Station", "origin_lat": 38.5451731, "origin_lon": -89.8351856, "destination_lat": 38.629167, "destination_lon": -90.2075, "traffic_date": "2026-03-09", "traffic_dataset": "March 9th - Monday", "weight_id": "w_0177", "distance_weight": 0.3, "population_weight": 0.1, "traffic_weight": 0.1, "airspace_weight": 0.5, "path_nodes": 68, "path_node_ids": [8877, 8881, 8904, 8922, 8923, 8927, 9145, 10016, 10018, 10062, 10055, 10058, 10094, 10096, 10103, 10104, 10110, 10109, 10291, 10512, 10290, 10289, 10294, 10281, 10292, 10293, 10304, 10303, 10302, 10315, 10316, 10317, 10314, 10207, 10206, 10204, 10205, 10189, 10190, 10188, 10191, 2276, 2518, 2277, 2509, 2287, 2508, 2286, 2298, 2300, 2301, 2307, 2491, 2492, 2818, 2496, 2507, 2506, 2828, 2505, 2809, 2811, 2810, 2728, 2730, 2731, 2729, 2715], "elapsed_seconds": 0.024296100018545985, "status": "success", "failure_reason": "", "route_distance_km": 48.12963633259222, "distance_cost_sum": 52.96977729134579, "population_cost_sum": 17.942810491010906, "traffic_cost_sum": 11.059860950056768, "airspace_cost_sum": 22.6, "total_weighted_score": 30.091200331510507}, "geometry": {"type": "LineString", "coordinates": [[-89.83272609742262, 38.54503213945896], [-89.83252853470323, 38.54953126729425], [-89.83806053424684, 38.55418543772932], [-89.84359324582596, 38.558839373542895], [-89.84912666962028, 38.563493074603095], [-89.85466080580946, 38.568146540778045], [-89.86019565457306, 38.572799771935806], [-89.86573121609086, 38.57745276794444], [-89.87126749054252, 38.58210552867199], [-89.8768044781077, 38.58675805398646], [-89.88234217896623, 38.591410343755804], [-89.8878805932977, 38.59606239784802], [-89.89341972128202, 38.600714216131045], [-89.89895956309883, 38.60536579847276], [-89.90450011892796, 38.61001714474108], [-89.91004138894921, 38.614668254803874], [-89.9155833733424, 38.61931912852895], [-89.92131862594731, 38.619470314708934], [-89.92705392153653, 38.61962122026898], [-89.93278926003055, 38.619771845202735], [-89.93852464134986, 38.619922189503846], [-89.94445114702152, 38.615572701498955], [-89.95018625645967, 38.61572246055001], [-89.9559214084743, 38.61587193899423], [-89.9616566029858, 38.61602113682532], [-89.96739183991471, 38.61617005403699], [-89.97312711918148, 38.61631869062297], [-89.97886244070665, 38.616467046576965], [-89.9845978044106, 38.61661512189275], [-89.9903332102139, 38.61676291656407], [-89.99606865803695, 38.61691043058469], [-90.00180414780024, 38.61705766394838], [-90.00753967942423, 38.617204616648934], [-90.01327525282936, 38.61735128868017], [-90.01901086793612, 38.61749768003589], [-90.02474652466493, 38.617643790709906], [-90.03048222293627, 38.617789620696094], [-90.03640328497923, 38.613435236024664], [-90.04213870872088, 38.61358048137086], [-90.04787417375634, 38.61372544605564], [-90.05360968000618, 38.61387013007287], [-90.0593452273907, 38.61401453341643], [-90.0650808158304, 38.61415865608025], [-90.07081644524574, 38.61430249805824], [-90.07655211555712, 38.614446059344324], [-90.08228782668499, 38.614589339932465], [-90.08802357854981, 38.61473233981663], [-90.09375937107193, 38.61487505899075], [-90.09949520417183, 38.615017497448825], [-90.10505004462816, 38.61965986513943], [-90.11078631613944, 38.61980176485522], [-90.11634226958749, 38.624443634935055], [-90.1220789793104, 38.62458499570804], [-90.12781572923257, 38.62472607564535], [-90.13337319363258, 38.629367189437694], [-90.13911038141684, 38.62950773017495], [-90.14484760917111, 38.62964799001386], [-90.15058487681573, 38.629787968948484], [-90.156322184271, 38.62992766697294], [-90.16205953145733, 38.63006708408134], [-90.16779691829495, 38.630206220267794], [-90.17353434470424, 38.6303450755264], [-90.17927181060547, 38.63048364985134], [-90.185009315919, 38.63062194323676], [-90.1907468605651, 38.6307599556768], [-90.1964844444641, 38.63089768716567], [-90.2022220675363, 38.63103513769752], [-90.20795972970198, 38.63117230726659]]}}, {"type": "Feature", "properties": {"route_run_id": "stl_midamerica_to_st_louis_union_station_2026-03-09_0207", "route_pair": "midamerica_to_st_louis_union_station", "route_pair_label": "MidAmerica to St. Louis Union Station", "origin_label": "MidAmerica St. Louis Airport", "destination_label": "St. Louis Union Station", "origin_lat": 38.5451731, "origin_lon": -89.8351856, "destination_lat": 38.629167, "destination_lon": -90.2075, "traffic_date": "2026-03-09", "traffic_dataset": "March 9th - Monday", "weight_id": "w_0207", "distance_weight": 0.4, "population_weight": 0.0, "traffic_weight": 0.3, "airspace_weight": 0.3, "path_nodes": 67, "path_node_ids": [8877, 8876, 8892, 8897, 8899, 8926, 9788, 10013, 10014, 10036, 10052, 10054, 10061, 10051, 10049, 10048, 10050, 10253, 10252, 10241, 10240, 10248, 10246, 10247, 10245, 10231, 10230, 10262, 10150, 10148, 10149, 10151, 10161, 10156, 10154, 10155, 10162, 10164, 10163, 10165, 2244, 2246, 2268, 2278, 2283, 2508, 2286, 2298, 2300, 2304, 2531, 2819, 2820, 2822, 2825, 2836, 2848, 2850, 2837, 2859, 2858, 2815, 2759, 2734, 2731, 2729, 2715], "elapsed_seconds": 0.014767699991352856, "status": "success", "failure_reason": "", "route_distance_km": 48.81678601447848, "distance_cost_sum": 53.726029953713976, "population_cost_sum": 28.570091945307983, "traffic_cost_sum": 5.278783894524551, "airspace_cost_sum": 22.6, "total_weighted_score": 29.854047149842962}, "geometry": {"type": "LineString", "coordinates": [[-89.83272609742262, 38.54503213945896], [-89.83845499191484, 38.54518713674757], [-89.84398707949187, 38.54984103165108], [-89.84951987896733, 38.55449469187918], [-89.85505339052077, 38.559148117300026], [-89.86058761433173, 38.563801307781745], [-89.86612255057987, 38.568454263192415], [-89.87165819944471, 38.57310698340007], [-89.87719456110594, 38.577759468272795], [-89.88273163574308, 38.582411717678575], [-89.88826942353593, 38.58706373148541], [-89.89380792466403, 38.591715509561276], [-89.89934713930707, 38.59636705177409], [-89.90508047722643, 38.59651895818466], [-89.91081385831642, 38.59667058421835], [-89.91654728249756, 38.596821929868824], [-89.92228074969049, 38.59697299512966], [-89.92801425981584, 38.59712377999449], [-89.93374781279411, 38.597274284457015], [-89.93948140854593, 38.5974245085108], [-89.94521504699188, 38.5975744521496], [-89.95094872805251, 38.59772411536704], [-89.95668245164843, 38.59787349815684], [-89.96241621770018, 38.59802260051268], [-89.96815002612831, 38.59817142242828], [-89.9738838768534, 38.59831996389739], [-89.97961776979602, 38.59846822491371], [-89.98535170487666, 38.59861620547102], [-89.99108568201598, 38.59876390556306], [-89.99681970113441, 38.59891132518362], [-90.00255376215256, 38.59905846432648], [-90.00828786499093, 38.59920532298544], [-90.01402200957008, 38.5993519011543], [-90.01994242379944, 38.594998317950704], [-90.02567629459381, 38.59514431175206], [-90.03141020688051, 38.59529002508962], [-90.03714416058007, 38.595435457957215], [-90.04287815561301, 38.59558061034875], [-90.04861219189988, 38.59572548225811], [-90.0543462693612, 38.59587007367915], [-90.06008038791752, 38.59601438460579], [-90.06581454748931, 38.596158415031965], [-90.07136573361876, 38.60080225453393], [-90.07691763405278, 38.60544585525359], [-90.08247024897021, 38.61008921705863], [-90.08802357854981, 38.61473233981663], [-90.09375937107193, 38.61487505899075], [-90.09949520417183, 38.615017497448825], [-90.10505004462816, 38.61965986513943], [-90.1106056001435, 38.62430199333239], [-90.11616187089658, 38.62894388189524], [-90.12171885706623, 38.633585530695484], [-90.12745632243416, 38.63372665579325], [-90.13319382794117, 38.633867499959656], [-90.13875232561846, 38.63850839203032], [-90.144490269036, 38.638648696766005], [-90.15004988039681, 38.64328909003685], [-90.15578826152439, 38.64342885514139], [-90.16152668241186, 38.64356833919522], [-90.16726514297947, 38.64370754219247], [-90.17300364314747, 38.64384646412727], [-90.17891876485407, 38.63948462409952], [-90.18465698596519, 38.639622961753446], [-90.19057107312773, 38.63526048909833], [-90.1964844444641, 38.63089768716567], [-90.2022220675363, 38.63103513769752], [-90.20795972970198, 38.63117230726659]]}}, {"type": "Feature", "properties": {"route_run_id": "stl_midamerica_to_st_louis_union_station_2026-03-09_0135", "route_pair": "midamerica_to_st_louis_union_station", "route_pair_label": "MidAmerica to St. Louis Union Station", "origin_label": "MidAmerica St. Louis Airport", "destination_label": "St. Louis Union Station", "origin_lat": 38.5451731, "origin_lon": -89.8351856, "destination_lat": 38.629167, "destination_lon": -90.2075, "traffic_date": "2026-03-09", "traffic_dataset": "March 9th - Monday", "weight_id": "w_0135", "distance_weight": 0.2, "population_weight": 0.1, "traffic_weight": 0.4, "airspace_weight": 0.3, "path_nodes": 68, "path_node_ids": [8877, 8881, 8904, 8922, 8923, 8927, 9145, 10016, 10018, 10062, 10055, 10058, 10094, 10096, 10103, 10104, 10110, 10109, 10291, 10512, 10290, 10289, 10294, 10281, 10292, 10293, 10304, 10303, 10302, 10315, 10316, 10317, 10314, 10207, 10206, 10204, 10205, 10323, 10328, 10329, 10327, 2548, 2550, 2556, 2549, 2542, 2546, 2579, 2560, 2564, 2567, 2566, 2844, 2842, 2838, 2827, 2836, 2848, 2850, 2837, 2859, 2858, 2860, 2759, 2734, 2731, 2729, 2715], "elapsed_seconds": 0.0302942999987863, "status": "success", "failure_reason": "", "route_distance_km": 50.7993720667995, "distance_cost_sum": 55.90799411663985, "population_cost_sum": 15.663849483566025, "traffic_cost_sum": 5.539374076252504, "airspace_cost_sum": 24.4, "total_weighted_score": 22.28373340218558}, "geometry": {"type": "LineString", "coordinates": [[-89.83272609742262, 38.54503213945896], [-89.83252853470323, 38.54953126729425], [-89.83806053424684, 38.55418543772932], [-89.84359324582596, 38.558839373542895], [-89.84912666962028, 38.563493074603095], [-89.85466080580946, 38.568146540778045], [-89.86019565457306, 38.572799771935806], [-89.86573121609086, 38.57745276794444], [-89.87126749054252, 38.58210552867199], [-89.8768044781077, 38.58675805398646], [-89.88234217896623, 38.591410343755804], [-89.8878805932977, 38.59606239784802], [-89.89341972128202, 38.600714216131045], [-89.89895956309883, 38.60536579847276], [-89.90450011892796, 38.61001714474108], [-89.91004138894921, 38.614668254803874], [-89.9155833733424, 38.61931912852895], [-89.92131862594731, 38.619470314708934], [-89.92705392153653, 38.61962122026898], [-89.93278926003055, 38.619771845202735], [-89.93852464134986, 38.619922189503846], [-89.94445114702152, 38.615572701498955], [-89.95018625645967, 38.61572246055001], [-89.9559214084743, 38.61587193899423], [-89.9616566029858, 38.61602113682532], [-89.96739183991471, 38.61617005403699], [-89.97312711918148, 38.61631869062297], [-89.97886244070665, 38.616467046576965], [-89.9845978044106, 38.61661512189275], [-89.9903332102139, 38.61676291656407], [-89.99606865803695, 38.61691043058469], [-90.00180414780024, 38.61705766394838], [-90.00753967942423, 38.617204616648934], [-90.01327525282936, 38.61735128868017], [-90.01901086793612, 38.61749768003589], [-90.02474652466493, 38.617643790709906], [-90.03048222293627, 38.617789620696094], [-90.03621796267052, 38.617935169988264], [-90.04176873755169, 38.622580391570615], [-90.04750491743872, 38.62272540266021], [-90.05324113855997, 38.6228701329926], [-90.0587934259509, 38.627514600818145], [-90.06434642856152, 38.63215882981023], [-90.0699001465709, 38.63680281983647], [-90.07582058868887, 38.63244641710234], [-90.08155773007638, 38.632589789435436], [-90.08711264394572, 38.63723300565962], [-90.09266827345223, 38.64187598250663], [-90.09840625259658, 38.64201855779177], [-90.10396299643912, 38.64666103690741], [-90.10970141459032, 38.646803072928776], [-90.11543987314892, 38.64694482790208], [-90.12117837203515, 38.64708630182135], [-90.12691691116937, 38.64722749468063], [-90.13283497637043, 38.64286810847808], [-90.13857323774008, 38.64300871669927], [-90.144490269036, 38.638648696766005], [-90.15004988039681, 38.64328909003685], [-90.15578826152439, 38.64342885514139], [-90.16152668241186, 38.64356833919522], [-90.16726514297947, 38.64370754219247], [-90.17300364314747, 38.64384646412727], [-90.17874218283609, 38.64398510499372], [-90.18465698596519, 38.639622961753446], [-90.19057107312773, 38.63526048909833], [-90.1964844444641, 38.63089768716567], [-90.2022220675363, 38.63103513769752], [-90.20795972970198, 38.63117230726659]]}}, {"type": "Feature", "properties": {"route_run_id": "stl_midamerica_to_st_louis_union_station_2026-03-09_0234", "route_pair": "midamerica_to_st_louis_union_station", "route_pair_label": "MidAmerica to St. Louis Union Station", "origin_label": "MidAmerica St. Louis Airport", "destination_label": "St. Louis Union Station", "origin_lat": 38.5451731, "origin_lon": -89.8351856, "destination_lat": 38.629167, "destination_lon": -90.2075, "traffic_date": "2026-03-09", "traffic_dataset": "March 9th - Monday", "weight_id": "w_0234", "distance_weight": 0.5, "population_weight": 0.0, "traffic_weight": 0.2, "airspace_weight": 0.3, "path_nodes": 67, "path_node_ids": [8877, 8876, 8892, 8897, 8899, 8926, 9788, 10013, 10014, 10036, 10052, 10054, 10061, 10051, 10049, 10048, 10050, 10253, 10252, 10241, 10240, 10248, 10246, 10247, 10245, 10231, 10230, 10262, 10150, 10148, 10149, 10151, 10161, 10159, 10158, 10160, 10166, 10168, 10167, 10169, 2247, 2269, 2268, 2278, 2283, 2508, 2286, 2298, 2300, 2304, 2307, 2491, 2492, 2818, 2496, 2507, 2506, 2828, 2505, 2809, 2811, 2810, 2728, 2730, 2731, 2729, 2715], "elapsed_seconds": 0.01296550000552088, "status": "success", "failure_reason": "", "route_distance_km": 46.683794018220816, "distance_cost_sum": 51.37853432284669, "population_cost_sum": 28.536414303461722, "traffic_cost_sum": 9.217492375120946, "airspace_cost_sum": 22.6, "total_weighted_score": 34.31276563644754}, "geometry": {"type": "LineString", "coordinates": [[-89.83272609742262, 38.54503213945896], [-89.83845499191484, 38.54518713674757], [-89.84398707949187, 38.54984103165108], [-89.84951987896733, 38.55449469187918], [-89.85505339052077, 38.559148117300026], [-89.86058761433173, 38.563801307781745], [-89.86612255057987, 38.568454263192415], [-89.87165819944471, 38.57310698340007], [-89.87719456110594, 38.577759468272795], [-89.88273163574308, 38.582411717678575], [-89.88826942353593, 38.58706373148541], [-89.89380792466403, 38.591715509561276], [-89.89934713930707, 38.59636705177409], [-89.90508047722643, 38.59651895818466], [-89.91081385831642, 38.59667058421835], [-89.91654728249756, 38.596821929868824], [-89.92228074969049, 38.59697299512966], [-89.92801425981584, 38.59712377999449], [-89.93374781279411, 38.597274284457015], [-89.93948140854593, 38.5974245085108], [-89.94521504699188, 38.5975744521496], [-89.95094872805251, 38.59772411536704], [-89.95668245164843, 38.59787349815684], [-89.96241621770018, 38.59802260051268], [-89.96815002612831, 38.59817142242828], [-89.9738838768534, 38.59831996389739], [-89.97961776979602, 38.59846822491371], [-89.98535170487666, 38.59861620547102], [-89.99108568201598, 38.59876390556306], [-89.99681970113441, 38.59891132518362], [-90.00255376215256, 38.59905846432648], [-90.00828786499093, 38.59920532298544], [-90.01402200957008, 38.5993519011543], [-90.01975619581054, 38.599498198826886], [-90.02549042363282, 38.599644215997024], [-90.03122469295744, 38.59978995265856], [-90.03695900370492, 38.599935408805365], [-90.0426933557958, 38.60008058443128], [-90.04842774915056, 38.600225479530216], [-90.05416218368977, 38.60037009409603], [-90.05989665933384, 38.60051442812264], [-90.06563117600335, 38.600658481603965], [-90.07136573361876, 38.60080225453393], [-90.07691763405278, 38.60544585525359], [-90.08247024897021, 38.61008921705863], [-90.08802357854981, 38.61473233981663], [-90.09375937107193, 38.61487505899075], [-90.09949520417183, 38.615017497448825], [-90.10505004462816, 38.61965986513943], [-90.1106056001435, 38.62430199333239], [-90.11634226958749, 38.624443634935055], [-90.1220789793104, 38.62458499570804], [-90.12781572923257, 38.62472607564535], [-90.13337319363258, 38.629367189437694], [-90.13911038141684, 38.62950773017495], [-90.14484760917111, 38.62964799001386], [-90.15058487681573, 38.629787968948484], [-90.156322184271, 38.62992766697294], [-90.16205953145733, 38.63006708408134], [-90.16779691829495, 38.630206220267794], [-90.17353434470424, 38.6303450755264], [-90.17927181060547, 38.63048364985134], [-90.185009315919, 38.63062194323676], [-90.1907468605651, 38.6307599556768], [-90.1964844444641, 38.63089768716567], [-90.2022220675363, 38.63103513769752], [-90.20795972970198, 38.63117230726659]]}}, {"type": "Feature", "properties": {"route_run_id": "stl_midamerica_to_st_louis_union_station_2026-03-09_0258", "route_pair": "midamerica_to_st_louis_union_station", "route_pair_label": "MidAmerica to St. Louis Union Station", "origin_label": "MidAmerica St. Louis Airport", "destination_label": "St. Louis Union Station", "origin_lat": 38.5451731, "origin_lon": -89.8351856, "destination_lat": 38.629167, "destination_lon": -90.2075, "traffic_date": "2026-03-09", "traffic_dataset": "March 9th - Monday", "weight_id": "w_0258", "distance_weight": 0.6, "population_weight": 0.1, "traffic_weight": 0.0, "airspace_weight": 0.3, "path_nodes": 67, "path_node_ids": [8877, 8879, 8896, 8900, 8924, 8930, 10012, 10015, 10019, 10053, 10057, 10054, 10061, 10051, 10049, 10072, 10079, 10284, 10288, 10286, 10289, 10294, 10281, 10292, 10293, 10304, 10303, 10302, 10315, 10316, 10317, 10314, 10207, 10206, 10204, 10205, 10323, 10324, 10322, 10325, 2520, 2521, 2519, 2510, 2512, 2513, 2511, 2302, 2300, 2301, 2307, 2491, 2492, 2818, 2496, 2507, 2506, 2828, 2505, 2809, 2811, 2810, 2728, 2730, 2731, 2729, 2715], "elapsed_seconds": 0.012927200004924089, "status": "success", "failure_reason": "", "route_distance_km": 46.68855540718086, "distance_cost_sum": 51.383774539312654, "population_cost_sum": 19.97466848935391, "traffic_cost_sum": 13.844855750214501, "airspace_cost_sum": 23.2, "total_weighted_score": 39.78773157252298}, "geometry": {"type": "LineString", "coordinates": [[-89.83272609742262, 38.54503213945896], [-89.83825778508921, 38.54968628939868], [-89.84379018463301, 38.55434020475587], [-89.84932329623358, 38.558993885398685], [-89.85485712007056, 38.56364733119524], [-89.86039165632353, 38.56830054201366], [-89.86592690517212, 38.57295351772198], [-89.871462866796, 38.577606258188254], [-89.87699954137483, 38.582258763280514], [-89.88253692908823, 38.586911032866766], [-89.88807503011597, 38.59156306681497], [-89.89380792466403, 38.591715509561276], [-89.89934713930707, 38.59636705177409], [-89.90508047722643, 38.59651895818466], [-89.91081385831642, 38.59667058421835], [-89.91635458673171, 38.60132137816604], [-89.92189602906302, 38.60597193580059], [-89.92743818549003, 38.61062225698987], [-89.93298105619242, 38.615272341601674], [-89.93871608023923, 38.61542266184741], [-89.94445114702152, 38.615572701498955], [-89.95018625645967, 38.61572246055001], [-89.9559214084743, 38.61587193899423], [-89.9616566029858, 38.61602113682532], [-89.96739183991471, 38.61617005403699], [-89.97312711918148, 38.61631869062297], [-89.97886244070665, 38.616467046576965], [-89.9845978044106, 38.61661512189275], [-89.9903332102139, 38.61676291656407], [-89.99606865803695, 38.61691043058469], [-90.00180414780024, 38.61705766394838], [-90.00753967942423, 38.617204616648934], [-90.01327525282936, 38.61735128868017], [-90.01901086793612, 38.61749768003589], [-90.02474652466493, 38.617643790709906], [-90.03048222293627, 38.617789620696094], [-90.03621796267052, 38.617935169988264], [-90.0419537437882, 38.61808043858029], [-90.04768956620967, 38.61822542646607], [-90.05342542985542, 38.61837013363945], [-90.05916133464585, 38.61851456009435], [-90.06489728050143, 38.618658705824664], [-90.07063326734246, 38.618802570824315], [-90.07636929508949, 38.61894615508724], [-90.08210536366288, 38.61908945860739], [-90.087841472983, 38.61923248137871], [-90.09357762297034, 38.61937522339516], [-90.09931381354528, 38.61951768465076], [-90.10505004462816, 38.61965986513943], [-90.11078631613944, 38.61980176485522], [-90.11634226958749, 38.624443634935055], [-90.1220789793104, 38.62458499570804], [-90.12781572923257, 38.62472607564535], [-90.13337319363258, 38.629367189437694], [-90.13911038141684, 38.62950773017495], [-90.14484760917111, 38.62964799001386], [-90.15058487681573, 38.629787968948484], [-90.156322184271, 38.62992766697294], [-90.16205953145733, 38.63006708408134], [-90.16779691829495, 38.630206220267794], [-90.17353434470424, 38.6303450755264], [-90.17927181060547, 38.63048364985134], [-90.185009315919, 38.63062194323676], [-90.1907468605651, 38.6307599556768], [-90.1964844444641, 38.63089768716567], [-90.2022220675363, 38.63103513769752], [-90.20795972970198, 38.63117230726659]]}}, {"type": "Feature", "properties": {"route_run_id": "stl_midamerica_to_st_louis_union_station_2026-03-09_0172", "route_pair": "midamerica_to_st_louis_union_station", "route_pair_label": "MidAmerica to St. Louis Union Station", "origin_label": "MidAmerica St. Louis Airport", "destination_label": "St. Louis Union Station", "origin_lat": 38.5451731, "origin_lon": -89.8351856, "destination_lat": 38.629167, "destination_lon": -90.2075, "traffic_date": "2026-03-09", "traffic_dataset": "March 9th - Monday", "weight_id": "w_0172", "distance_weight": 0.3, "population_weight": 0.0, "traffic_weight": 0.4, "airspace_weight": 0.3, "path_nodes": 67, "path_node_ids": [8877, 8876, 8892, 8897, 8899, 8926, 9788, 10013, 10014, 10036, 10052, 10054, 10061, 10051, 10049, 10048, 10050, 10253, 10252, 10241, 10240, 10248, 10246, 10247, 10245, 10231, 10230, 10262, 10150, 10148, 10149, 10151, 10161, 10156, 10154, 10155, 10162, 10164, 10163, 10165, 2244, 2246, 2268, 2278, 2283, 2508, 2286, 2298, 2300, 2304, 2531, 2819, 2820, 2822, 2825, 2836, 2848, 2850, 2837, 2859, 2858, 2815, 2759, 2734, 2731, 2729, 2715], "elapsed_seconds": 0.018051099992590025, "status": "success", "failure_reason": "", "route_distance_km": 48.81678601447848, "distance_cost_sum": 53.726029953713976, "population_cost_sum": 28.570091945307983, "traffic_cost_sum": 5.278783894524551, "airspace_cost_sum": 22.6, "total_weighted_score": 25.009322543924018}, "geometry": {"type": "LineString", "coordinates": [[-89.83272609742262, 38.54503213945896], [-89.83845499191484, 38.54518713674757], [-89.84398707949187, 38.54984103165108], [-89.84951987896733, 38.55449469187918], [-89.85505339052077, 38.559148117300026], [-89.86058761433173, 38.563801307781745], [-89.86612255057987, 38.568454263192415], [-89.87165819944471, 38.57310698340007], [-89.87719456110594, 38.577759468272795], [-89.88273163574308, 38.582411717678575], [-89.88826942353593, 38.58706373148541], [-89.89380792466403, 38.591715509561276], [-89.89934713930707, 38.59636705177409], [-89.90508047722643, 38.59651895818466], [-89.91081385831642, 38.59667058421835], [-89.91654728249756, 38.596821929868824], [-89.92228074969049, 38.59697299512966], [-89.92801425981584, 38.59712377999449], [-89.93374781279411, 38.597274284457015], [-89.93948140854593, 38.5974245085108], [-89.94521504699188, 38.5975744521496], [-89.95094872805251, 38.59772411536704], [-89.95668245164843, 38.59787349815684], [-89.96241621770018, 38.59802260051268], [-89.96815002612831, 38.59817142242828], [-89.9738838768534, 38.59831996389739], [-89.97961776979602, 38.59846822491371], [-89.98535170487666, 38.59861620547102], [-89.99108568201598, 38.59876390556306], [-89.99681970113441, 38.59891132518362], [-90.00255376215256, 38.59905846432648], [-90.00828786499093, 38.59920532298544], [-90.01402200957008, 38.5993519011543], [-90.01994242379944, 38.594998317950704], [-90.02567629459381, 38.59514431175206], [-90.03141020688051, 38.59529002508962], [-90.03714416058007, 38.595435457957215], [-90.04287815561301, 38.59558061034875], [-90.04861219189988, 38.59572548225811], [-90.0543462693612, 38.59587007367915], [-90.06008038791752, 38.59601438460579], [-90.06581454748931, 38.596158415031965], [-90.07136573361876, 38.60080225453393], [-90.07691763405278, 38.60544585525359], [-90.08247024897021, 38.61008921705863], [-90.08802357854981, 38.61473233981663], [-90.09375937107193, 38.61487505899075], [-90.09949520417183, 38.615017497448825], [-90.10505004462816, 38.61965986513943], [-90.1106056001435, 38.62430199333239], [-90.11616187089658, 38.62894388189524], [-90.12171885706623, 38.633585530695484], [-90.12745632243416, 38.63372665579325], [-90.13319382794117, 38.633867499959656], [-90.13875232561846, 38.63850839203032], [-90.144490269036, 38.638648696766005], [-90.15004988039681, 38.64328909003685], [-90.15578826152439, 38.64342885514139], [-90.16152668241186, 38.64356833919522], [-90.16726514297947, 38.64370754219247], [-90.17300364314747, 38.64384646412727], [-90.17891876485407, 38.63948462409952], [-90.18465698596519, 38.639622961753446], [-90.19057107312773, 38.63526048909833], [-90.1964844444641, 38.63089768716567], [-90.2022220675363, 38.63103513769752], [-90.20795972970198, 38.63117230726659]]}}, {"type": "Feature", "properties": {"route_run_id": "stl_midamerica_to_st_louis_union_station_2026-03-09_0223", "route_pair": "midamerica_to_st_louis_union_station", "route_pair_label": "MidAmerica to St. Louis Union Station", "origin_label": "MidAmerica St. Louis Airport", "destination_label": "St. Louis Union Station", "origin_lat": 38.5451731, "origin_lon": -89.8351856, "destination_lat": 38.629167, "destination_lon": -90.2075, "traffic_date": "2026-03-09", "traffic_dataset": "March 9th - Monday", "weight_id": "w_0223", "distance_weight": 0.4, "population_weight": 0.3, "traffic_weight": 0.1, "airspace_weight": 0.2, "path_nodes": 68, "path_node_ids": [8877, 8881, 8904, 8922, 8923, 8927, 9145, 10016, 10018, 10062, 10055, 10058, 10094, 10096, 10103, 10104, 10110, 10109, 10516, 10515, 10514, 10517, 10298, 10295, 10296, 10297, 10307, 10305, 10306, 10319, 10321, 10320, 10318, 10211, 10210, 10208, 10209, 10326, 10328, 10329, 10327, 2522, 2524, 2523, 2514, 2517, 2515, 2516, 2530, 2534, 2559, 2558, 2840, 2839, 2838, 2827, 2849, 2848, 2850, 2837, 2859, 2858, 2860, 2763, 2762, 2737, 2732, 2715], "elapsed_seconds": 0.019682199985254556, "status": "success", "failure_reason": "", "route_distance_km": 49.19999513677147, "distance_cost_sum": 54.14777637464269, "population_cost_sum": 14.217312851627238, "traffic_cost_sum": 12.24114104908864, "airspace_cost_sum": 23.2, "total_weighted_score": 31.788418510254115}, "geometry": {"type": "LineString", "coordinates": [[-89.83272609742262, 38.54503213945896], [-89.83252853470323, 38.54953126729425], [-89.83806053424684, 38.55418543772932], [-89.84359324582596, 38.558839373542895], [-89.84912666962028, 38.563493074603095], [-89.85466080580946, 38.568146540778045], [-89.86019565457306, 38.572799771935806], [-89.86573121609086, 38.57745276794444], [-89.87126749054252, 38.58210552867199], [-89.8768044781077, 38.58675805398646], [-89.88234217896623, 38.591410343755804], [-89.8878805932977, 38.59606239784802], [-89.89341972128202, 38.600714216131045], [-89.89895956309883, 38.60536579847276], [-89.90450011892796, 38.61001714474108], [-89.91004138894921, 38.614668254803874], [-89.9155833733424, 38.61931912852895], [-89.92131862594731, 38.619470314708934], [-89.9268617252078, 38.624120695492145], [-89.93259742104341, 38.62427134452904], [-89.93833315971467, 38.6244217128885], [-89.94406894114202, 38.62457180056415], [-89.94999553214618, 38.62022203618278], [-89.95573104146416, 38.620371538547964], [-89.96146659328937, 38.6205207602552], [-89.96720218754218, 38.620669701298226], [-89.97293782414316, 38.62081836167072], [-89.97867350301271, 38.62096674136646], [-89.98440922407127, 38.621114840379136], [-89.99014498723932, 38.62126265870254], [-89.99588079243732, 38.621410196330416], [-90.00161663958568, 38.62155745325657], [-90.00735252860491, 38.621704429474754], [-90.01308845941536, 38.6218511249788], [-90.01882443193752, 38.62199753976251], [-90.0245604460918, 38.62214367381969], [-90.03029650179865, 38.62228952714421], [-90.03603259897847, 38.622435099729884], [-90.04176873755169, 38.622580391570615], [-90.04750491743872, 38.62272540266021], [-90.05324113855997, 38.6228701329926], [-90.0589774008359, 38.62301458256169], [-90.06471370418684, 38.62315875136136], [-90.07045004853325, 38.62330263938551], [-90.07618643379548, 38.623446246628106], [-90.08192285989396, 38.62358957308307], [-90.08765932674906, 38.623732618744384], [-90.09339583428118, 38.623875383605984], [-90.09895091075838, 38.62851804648185], [-90.10450670259345, 38.633160469873815], [-90.11006320996535, 38.6378026536494], [-90.11580095263906, 38.63794436326609], [-90.12135857394713, 38.64258604896054], [-90.12709675507955, 38.642727219229855], [-90.13283497637043, 38.64286810847808], [-90.13857323774008, 38.64300871669927], [-90.14431153910874, 38.643149043887504], [-90.15004988039681, 38.64328909003685], [-90.15578826152439, 38.64342885514139], [-90.16152668241186, 38.64356833919522], [-90.16726514297947, 38.64370754219247], [-90.17300364314747, 38.64384646412727], [-90.17874218283609, 38.64398510499372], [-90.18448076196563, 38.64412346478601], [-90.19021938045634, 38.644261543498274], [-90.19613354616266, 38.639898793950096], [-90.20204699586435, 38.63553571516044], [-90.20795972970198, 38.63117230726659]]}}, {"type": "Feature", "properties": {"route_run_id": "stl_midamerica_to_st_louis_union_station_2026-03-09_0152", "route_pair": "midamerica_to_st_louis_union_station", "route_pair_label": "MidAmerica to St. Louis Union Station", "origin_label": "MidAmerica St. Louis Airport", "destination_label": "St. Louis Union Station", "origin_lat": 38.5451731, "origin_lon": -89.8351856, "destination_lat": 38.629167, "destination_lon": -90.2075, "traffic_date": "2026-03-09", "traffic_dataset": "March 9th - Monday", "weight_id": "w_0152", "distance_weight": 0.2, "population_weight": 0.4, "traffic_weight": 0.0, "airspace_weight": 0.4, "path_nodes": 68, "path_node_ids": [8877, 8881, 8904, 8922, 8923, 8927, 9145, 10016, 10018, 10062, 10055, 10058, 10094, 10096, 10103, 10104, 10110, 10109, 10516, 10515, 10514, 10517, 10522, 10299, 10300, 10301, 10309, 10308, 10310, 10343, 10345, 10344, 10342, 10355, 10210, 10208, 10209, 10326, 10328, 10329, 10327, 2522, 2524, 2523, 2514, 2517, 2515, 2516, 2530, 2534, 2532, 2558, 2840, 2839, 2838, 2827, 2849, 2848, 2850, 2837, 2859, 2858, 2863, 2763, 2762, 2737, 2732, 2715], "elapsed_seconds": 0.03373049999936484, "status": "success", "failure_reason": "", "route_distance_km": 49.73368752232152, "distance_cost_sum": 54.73513935842509, "population_cost_sum": 13.815790921044528, "traffic_cost_sum": 13.706437159353971, "airspace_cost_sum": 23.2, "total_weighted_score": 25.753344240102834}, "geometry": {"type": "LineString", "coordinates": [[-89.83272609742262, 38.54503213945896], [-89.83252853470323, 38.54953126729425], [-89.83806053424684, 38.55418543772932], [-89.84359324582596, 38.558839373542895], [-89.84912666962028, 38.563493074603095], [-89.85466080580946, 38.568146540778045], [-89.86019565457306, 38.572799771935806], [-89.86573121609086, 38.57745276794444], [-89.87126749054252, 38.58210552867199], [-89.8768044781077, 38.58675805398646], [-89.88234217896623, 38.591410343755804], [-89.8878805932977, 38.59606239784802], [-89.89341972128202, 38.600714216131045], [-89.89895956309883, 38.60536579847276], [-89.90450011892796, 38.61001714474108], [-89.91004138894921, 38.614668254803874], [-89.9155833733424, 38.61931912852895], [-89.92131862594731, 38.619470314708934], [-89.9268617252078, 38.624120695492145], [-89.93259742104341, 38.62427134452904], [-89.93833315971467, 38.6244217128885], [-89.94406894114202, 38.62457180056415], [-89.94980476524591, 38.62472160754967], [-89.95554063194687, 38.62487113383877], [-89.96127654116528, 38.62502037942509], [-89.96701249282155, 38.625169344302385], [-89.97274848683627, 38.62531802846435], [-89.97848452312972, 38.62546643190471], [-89.98422060162243, 38.625614554617215], [-89.98995672223481, 38.62576239659562], [-89.9956928848873, 38.625909957833684], [-90.00142908950032, 38.62605723832518], [-90.00716533599429, 38.6262042380639], [-90.01290162428964, 38.62635095704363], [-90.01882443193752, 38.62199753976251], [-90.0245604460918, 38.62214367381969], [-90.03029650179865, 38.62228952714421], [-90.03603259897847, 38.622435099729884], [-90.04176873755169, 38.622580391570615], [-90.04750491743872, 38.62272540266021], [-90.05324113855997, 38.6228701329926], [-90.0589774008359, 38.62301458256169], [-90.06471370418684, 38.62315875136136], [-90.07045004853325, 38.62330263938551], [-90.07618643379548, 38.623446246628106], [-90.08192285989396, 38.62358957308307], [-90.08765932674906, 38.623732618744384], [-90.09339583428118, 38.623875383605984], [-90.09895091075838, 38.62851804648185], [-90.10450670259345, 38.633160469873815], [-90.1102440470662, 38.63330243772981], [-90.11580095263906, 38.63794436326609], [-90.12135857394713, 38.64258604896054], [-90.12709675507955, 38.642727219229855], [-90.13283497637043, 38.64286810847808], [-90.13857323774008, 38.64300871669927], [-90.14431153910874, 38.643149043887504], [-90.15004988039681, 38.64328909003685], [-90.15578826152439, 38.64342885514139], [-90.16152668241186, 38.64356833919522], [-90.16726514297947, 38.64370754219247], [-90.17300364314747, 38.64384646412727], [-90.17856556137721, 38.64848558173427], [-90.18448076196563, 38.64412346478601], [-90.19021938045634, 38.644261543498274], [-90.19613354616266, 38.639898793950096], [-90.20204699586435, 38.63553571516044], [-90.20795972970198, 38.63117230726659]]}}, {"type": "Feature", "properties": {"route_run_id": "stl_midamerica_to_st_louis_union_station_2026-03-09_0183", "route_pair": "midamerica_to_st_louis_union_station", "route_pair_label": "MidAmerica to St. Louis Union Station", "origin_label": "MidAmerica St. Louis Airport", "destination_label": "St. Louis Union Station", "origin_lat": 38.5451731, "origin_lon": -89.8351856, "destination_lat": 38.629167, "destination_lon": -90.2075, "traffic_date": "2026-03-09", "traffic_dataset": "March 9th - Monday", "weight_id": "w_0183", "distance_weight": 0.3, "population_weight": 0.2, "traffic_weight": 0.0, "airspace_weight": 0.5, "path_nodes": 68, "path_node_ids": [8877, 8881, 8904, 8922, 8923, 8927, 9145, 10016, 10018, 10062, 10055, 10058, 10094, 10096, 10103, 10104, 10110, 10109, 10291, 10512, 10290, 10513, 10298, 10295, 10296, 10297, 10307, 10305, 10306, 10319, 10321, 10320, 10318, 10211, 10210, 10208, 10209, 10326, 10328, 10329, 10327, 2522, 2524, 2523, 2514, 2517, 2515, 2516, 2530, 2534, 2532, 2558, 2840, 2839, 2838, 2827, 2849, 2848, 2850, 2837, 2859, 2858, 2860, 2763, 2762, 2737, 2732, 2715], "elapsed_seconds": 0.027627800009213388, "status": "success", "failure_reason": "", "route_distance_km": 48.666852135602625, "distance_cost_sum": 53.561018023900075, "population_cost_sum": 14.998679925723389, "traffic_cost_sum": 13.370267511322758, "airspace_cost_sum": 23.2, "total_weighted_score": 30.668041392314706}, "geometry": {"type": "LineString", "coordinates": [[-89.83272609742262, 38.54503213945896], [-89.83252853470323, 38.54953126729425], [-89.83806053424684, 38.55418543772932], [-89.84359324582596, 38.558839373542895], [-89.84912666962028, 38.563493074603095], [-89.85466080580946, 38.568146540778045], [-89.86019565457306, 38.572799771935806], [-89.86573121609086, 38.57745276794444], [-89.87126749054252, 38.58210552867199], [-89.8768044781077, 38.58675805398646], [-89.88234217896623, 38.591410343755804], [-89.8878805932977, 38.59606239784802], [-89.89341972128202, 38.600714216131045], [-89.89895956309883, 38.60536579847276], [-89.90450011892796, 38.61001714474108], [-89.91004138894921, 38.614668254803874], [-89.9155833733424, 38.61931912852895], [-89.92131862594731, 38.619470314708934], [-89.92705392153653, 38.61962122026898], [-89.93278926003055, 38.619771845202735], [-89.93852464134986, 38.619922189503846], [-89.9442600654149, 38.62007225316597], [-89.94999553214618, 38.62022203618278], [-89.95573104146416, 38.620371538547964], [-89.96146659328937, 38.6205207602552], [-89.96720218754218, 38.620669701298226], [-89.97293782414316, 38.62081836167072], [-89.97867350301271, 38.62096674136646], [-89.98440922407127, 38.621114840379136], [-89.99014498723932, 38.62126265870254], [-89.99588079243732, 38.621410196330416], [-90.00161663958568, 38.62155745325657], [-90.00735252860491, 38.621704429474754], [-90.01308845941536, 38.6218511249788], [-90.01882443193752, 38.62199753976251], [-90.0245604460918, 38.62214367381969], [-90.03029650179865, 38.62228952714421], [-90.03603259897847, 38.622435099729884], [-90.04176873755169, 38.622580391570615], [-90.04750491743872, 38.62272540266021], [-90.05324113855997, 38.6228701329926], [-90.0589774008359, 38.62301458256169], [-90.06471370418684, 38.62315875136136], [-90.07045004853325, 38.62330263938551], [-90.07618643379548, 38.623446246628106], [-90.08192285989396, 38.62358957308307], [-90.08765932674906, 38.623732618744384], [-90.09339583428118, 38.623875383605984], [-90.09895091075838, 38.62851804648185], [-90.10450670259345, 38.633160469873815], [-90.1102440470662, 38.63330243772981], [-90.11580095263906, 38.63794436326609], [-90.12135857394713, 38.64258604896054], [-90.12709675507955, 38.642727219229855], [-90.13283497637043, 38.64286810847808], [-90.13857323774008, 38.64300871669927], [-90.14431153910874, 38.643149043887504], [-90.15004988039681, 38.64328909003685], [-90.15578826152439, 38.64342885514139], [-90.16152668241186, 38.64356833919522], [-90.16726514297947, 38.64370754219247], [-90.17300364314747, 38.64384646412727], [-90.17874218283609, 38.64398510499372], [-90.18448076196563, 38.64412346478601], [-90.19021938045634, 38.644261543498274], [-90.19613354616266, 38.639898793950096], [-90.20204699586435, 38.63553571516044], [-90.20795972970198, 38.63117230726659]]}}, {"type": "Feature", "properties": {"route_run_id": "stl_midamerica_to_st_louis_union_station_2026-03-09_0123", "route_pair": "midamerica_to_st_louis_union_station", "route_pair_label": "MidAmerica to St. Louis Union Station", "origin_label": "MidAmerica St. Louis Airport", "destination_label": "St. Louis Union Station", "origin_lat": 38.5451731, "origin_lon": -89.8351856, "destination_lat": 38.629167, "destination_lon": -90.2075, "traffic_date": "2026-03-09", "traffic_dataset": "March 9th - Monday", "weight_id": "w_0123", "distance_weight": 0.2, "population_weight": 0.0, "traffic_weight": 0.1, "airspace_weight": 0.7, "path_nodes": 67, "path_node_ids": [8877, 8876, 8892, 8897, 8899, 8926, 9788, 10013, 10014, 10036, 10052, 10054, 10061, 10051, 10049, 10048, 10050, 10253, 10252, 10241, 10240, 10248, 10246, 10247, 10245, 10231, 10230, 10262, 10150, 10148, 10149, 10151, 10161, 10159, 10158, 10160, 10166, 10168, 10167, 10169, 2247, 2269, 2268, 2278, 2283, 2508, 2286, 2298, 2300, 2304, 2307, 2491, 2492, 2818, 2496, 2507, 2506, 2828, 2505, 2809, 2811, 2810, 2728, 2730, 2731, 2729, 2715], "elapsed_seconds": 0.03510830001323484, "status": "success", "failure_reason": "", "route_distance_km": 46.683794018220816, "distance_cost_sum": 51.37853432284669, "population_cost_sum": 28.536414303461722, "traffic_cost_sum": 9.217492375120946, "airspace_cost_sum": 22.6, "total_weighted_score": 27.01745610208144}, "geometry": {"type": "LineString", "coordinates": [[-89.83272609742262, 38.54503213945896], [-89.83845499191484, 38.54518713674757], [-89.84398707949187, 38.54984103165108], [-89.84951987896733, 38.55449469187918], [-89.85505339052077, 38.559148117300026], [-89.86058761433173, 38.563801307781745], [-89.86612255057987, 38.568454263192415], [-89.87165819944471, 38.57310698340007], [-89.87719456110594, 38.577759468272795], [-89.88273163574308, 38.582411717678575], [-89.88826942353593, 38.58706373148541], [-89.89380792466403, 38.591715509561276], [-89.89934713930707, 38.59636705177409], [-89.90508047722643, 38.59651895818466], [-89.91081385831642, 38.59667058421835], [-89.91654728249756, 38.596821929868824], [-89.92228074969049, 38.59697299512966], [-89.92801425981584, 38.59712377999449], [-89.93374781279411, 38.597274284457015], [-89.93948140854593, 38.5974245085108], [-89.94521504699188, 38.5975744521496], [-89.95094872805251, 38.59772411536704], [-89.95668245164843, 38.59787349815684], [-89.96241621770018, 38.59802260051268], [-89.96815002612831, 38.59817142242828], [-89.9738838768534, 38.59831996389739], [-89.97961776979602, 38.59846822491371], [-89.98535170487666, 38.59861620547102], [-89.99108568201598, 38.59876390556306], [-89.99681970113441, 38.59891132518362], [-90.00255376215256, 38.59905846432648], [-90.00828786499093, 38.59920532298544], [-90.01402200957008, 38.5993519011543], [-90.01975619581054, 38.599498198826886], [-90.02549042363282, 38.599644215997024], [-90.03122469295744, 38.59978995265856], [-90.03695900370492, 38.599935408805365], [-90.0426933557958, 38.60008058443128], [-90.04842774915056, 38.600225479530216], [-90.05416218368977, 38.60037009409603], [-90.05989665933384, 38.60051442812264], [-90.06563117600335, 38.600658481603965], [-90.07136573361876, 38.60080225453393], [-90.07691763405278, 38.60544585525359], [-90.08247024897021, 38.61008921705863], [-90.08802357854981, 38.61473233981663], [-90.09375937107193, 38.61487505899075], [-90.09949520417183, 38.615017497448825], [-90.10505004462816, 38.61965986513943], [-90.1106056001435, 38.62430199333239], [-90.11634226958749, 38.624443634935055], [-90.1220789793104, 38.62458499570804], [-90.12781572923257, 38.62472607564535], [-90.13337319363258, 38.629367189437694], [-90.13911038141684, 38.62950773017495], [-90.14484760917111, 38.62964799001386], [-90.15058487681573, 38.629787968948484], [-90.156322184271, 38.62992766697294], [-90.16205953145733, 38.63006708408134], [-90.16779691829495, 38.630206220267794], [-90.17353434470424, 38.6303450755264], [-90.17927181060547, 38.63048364985134], [-90.185009315919, 38.63062194323676], [-90.1907468605651, 38.6307599556768], [-90.1964844444641, 38.63089768716567], [-90.2022220675363, 38.63103513769752], [-90.20795972970198, 38.63117230726659]]}}, {"type": "Feature", "properties": {"route_run_id": "stl_midamerica_to_st_louis_union_station_2026-03-09_0240", "route_pair": "midamerica_to_st_louis_union_station", "route_pair_label": "MidAmerica to St. Louis Union Station", "origin_label": "MidAmerica St. Louis Airport", "destination_label": "St. Louis Union Station", "origin_lat": 38.5451731, "origin_lon": -89.8351856, "destination_lat": 38.629167, "destination_lon": -90.2075, "traffic_date": "2026-03-09", "traffic_dataset": "March 9th - Monday", "weight_id": "w_0240", "distance_weight": 0.5, "population_weight": 0.1, "traffic_weight": 0.2, "airspace_weight": 0.2, "path_nodes": 67, "path_node_ids": [8877, 8879, 8896, 8900, 8924, 8930, 10012, 10015, 10019, 10053, 10057, 10054, 10061, 10051, 10049, 10048, 10050, 10253, 10252, 10241, 10240, 10248, 10246, 10247, 10245, 10231, 10230, 10262, 10150, 10148, 10149, 10151, 10161, 10159, 10158, 10160, 10166, 10168, 10167, 10169, 2247, 2272, 2274, 2285, 2283, 2508, 2286, 2298, 2300, 2301, 2307, 2491, 2492, 2818, 2496, 2507, 2506, 2828, 2505, 2809, 2811, 2810, 2728, 2730, 2731, 2729, 2715], "elapsed_seconds": 0.014338600012706593, "status": "success", "failure_reason": "", "route_distance_km": 46.684295944844735, "distance_cost_sum": 51.37908672555552, "population_cost_sum": 25.66885129598852, "traffic_cost_sum": 9.355614531175556, "airspace_cost_sum": 22.6, "total_weighted_score": 34.647551398611725}, "geometry": {"type": "LineString", "coordinates": [[-89.83272609742262, 38.54503213945896], [-89.83825778508921, 38.54968628939868], [-89.84379018463301, 38.55434020475587], [-89.84932329623358, 38.558993885398685], [-89.85485712007056, 38.56364733119524], [-89.86039165632353, 38.56830054201366], [-89.86592690517212, 38.57295351772198], [-89.871462866796, 38.577606258188254], [-89.87699954137483, 38.582258763280514], [-89.88253692908823, 38.586911032866766], [-89.88807503011597, 38.59156306681497], [-89.89380792466403, 38.591715509561276], [-89.89934713930707, 38.59636705177409], [-89.90508047722643, 38.59651895818466], [-89.91081385831642, 38.59667058421835], [-89.91654728249756, 38.596821929868824], [-89.92228074969049, 38.59697299512966], [-89.92801425981584, 38.59712377999449], [-89.93374781279411, 38.597274284457015], [-89.93948140854593, 38.5974245085108], [-89.94521504699188, 38.5975744521496], [-89.95094872805251, 38.59772411536704], [-89.95668245164843, 38.59787349815684], [-89.96241621770018, 38.59802260051268], [-89.96815002612831, 38.59817142242828], [-89.9738838768534, 38.59831996389739], [-89.97961776979602, 38.59846822491371], [-89.98535170487666, 38.59861620547102], [-89.99108568201598, 38.59876390556306], [-89.99681970113441, 38.59891132518362], [-90.00255376215256, 38.59905846432648], [-90.00828786499093, 38.59920532298544], [-90.01402200957008, 38.5993519011543], [-90.01975619581054, 38.599498198826886], [-90.02549042363282, 38.599644215997024], [-90.03122469295744, 38.59978995265856], [-90.03695900370492, 38.599935408805365], [-90.0426933557958, 38.60008058443128], [-90.04842774915056, 38.600225479530216], [-90.05416218368977, 38.60037009409603], [-90.05989665933384, 38.60051442812264], [-90.06544776357148, 38.60515854396957], [-90.07099958225297, 38.609802421087586], [-90.07673489520826, 38.60994595939966], [-90.08247024897021, 38.61008921705863], [-90.08802357854981, 38.61473233981663], [-90.09375937107193, 38.61487505899075], [-90.09949520417183, 38.615017497448825], [-90.10505004462816, 38.61965986513943], [-90.11078631613944, 38.61980176485522], [-90.11634226958749, 38.624443634935055], [-90.1220789793104, 38.62458499570804], [-90.12781572923257, 38.62472607564535], [-90.13337319363258, 38.629367189437694], [-90.13911038141684, 38.62950773017495], [-90.14484760917111, 38.62964799001386], [-90.15058487681573, 38.629787968948484], [-90.156322184271, 38.62992766697294], [-90.16205953145733, 38.63006708408134], [-90.16779691829495, 38.630206220267794], [-90.17353434470424, 38.6303450755264], [-90.17927181060547, 38.63048364985134], [-90.185009315919, 38.63062194323676], [-90.1907468605651, 38.6307599556768], [-90.1964844444641, 38.63089768716567], [-90.2022220675363, 38.63103513769752], [-90.20795972970198, 38.63117230726659]]}}, {"type": "Feature", "properties": {"route_run_id": "stl_midamerica_to_st_louis_union_station_2026-03-09_0222", "route_pair": "midamerica_to_st_louis_union_station", "route_pair_label": "MidAmerica to St. Louis Union Station", "origin_label": "MidAmerica St. Louis Airport", "destination_label": "St. Louis Union Station", "origin_lat": 38.5451731, "origin_lon": -89.8351856, "destination_lat": 38.629167, "destination_lon": -90.2075, "traffic_date": "2026-03-09", "traffic_dataset": "March 9th - Monday", "weight_id": "w_0222", "distance_weight": 0.4, "population_weight": 0.3, "traffic_weight": 0.0, "airspace_weight": 0.3, "path_nodes": 68, "path_node_ids": [8877, 8881, 8904, 8922, 8923, 8927, 9145, 10016, 10018, 10062, 10055, 10058, 10094, 10096, 10103, 10104, 10110, 10109, 10516, 10515, 10514, 10517, 10522, 10299, 10300, 10301, 10309, 10308, 10310, 10343, 10345, 10344, 10342, 10355, 10210, 10208, 10209, 10326, 10328, 10329, 10327, 2522, 2524, 2523, 2514, 2517, 2515, 2516, 2530, 2534, 2532, 2558, 2840, 2839, 2838, 2827, 2849, 2848, 2850, 2837, 2859, 2858, 2860, 2763, 2762, 2737, 2732, 2715], "elapsed_seconds": 0.020036400004755706, "status": "success", "failure_reason": "", "route_distance_km": 49.20045512079, "distance_cost_sum": 54.14828261680189, "population_cost_sum": 14.193327193589042, "traffic_cost_sum": 13.706437159353971, "airspace_cost_sum": 23.2, "total_weighted_score": 32.87731120479747}, "geometry": {"type": "LineString", "coordinates": [[-89.83272609742262, 38.54503213945896], [-89.83252853470323, 38.54953126729425], [-89.83806053424684, 38.55418543772932], [-89.84359324582596, 38.558839373542895], [-89.84912666962028, 38.563493074603095], [-89.85466080580946, 38.568146540778045], [-89.86019565457306, 38.572799771935806], [-89.86573121609086, 38.57745276794444], [-89.87126749054252, 38.58210552867199], [-89.8768044781077, 38.58675805398646], [-89.88234217896623, 38.591410343755804], [-89.8878805932977, 38.59606239784802], [-89.89341972128202, 38.600714216131045], [-89.89895956309883, 38.60536579847276], [-89.90450011892796, 38.61001714474108], [-89.91004138894921, 38.614668254803874], [-89.9155833733424, 38.61931912852895], [-89.92131862594731, 38.619470314708934], [-89.9268617252078, 38.624120695492145], [-89.93259742104341, 38.62427134452904], [-89.93833315971467, 38.6244217128885], [-89.94406894114202, 38.62457180056415], [-89.94980476524591, 38.62472160754967], [-89.95554063194687, 38.62487113383877], [-89.96127654116528, 38.62502037942509], [-89.96701249282155, 38.625169344302385], [-89.97274848683627, 38.62531802846435], [-89.97848452312972, 38.62546643190471], [-89.98422060162243, 38.625614554617215], [-89.98995672223481, 38.62576239659562], [-89.9956928848873, 38.625909957833684], [-90.00142908950032, 38.62605723832518], [-90.00716533599429, 38.6262042380639], [-90.01290162428964, 38.62635095704363], [-90.01882443193752, 38.62199753976251], [-90.0245604460918, 38.62214367381969], [-90.03029650179865, 38.62228952714421], [-90.03603259897847, 38.622435099729884], [-90.04176873755169, 38.622580391570615], [-90.04750491743872, 38.62272540266021], [-90.05324113855997, 38.6228701329926], [-90.0589774008359, 38.62301458256169], [-90.06471370418684, 38.62315875136136], [-90.07045004853325, 38.62330263938551], [-90.07618643379548, 38.623446246628106], [-90.08192285989396, 38.62358957308307], [-90.08765932674906, 38.623732618744384], [-90.09339583428118, 38.623875383605984], [-90.09895091075838, 38.62851804648185], [-90.10450670259345, 38.633160469873815], [-90.1102440470662, 38.63330243772981], [-90.11580095263906, 38.63794436326609], [-90.12135857394713, 38.64258604896054], [-90.12709675507955, 38.642727219229855], [-90.13283497637043, 38.64286810847808], [-90.13857323774008, 38.64300871669927], [-90.14431153910874, 38.643149043887504], [-90.15004988039681, 38.64328909003685], [-90.15578826152439, 38.64342885514139], [-90.16152668241186, 38.64356833919522], [-90.16726514297947, 38.64370754219247], [-90.17300364314747, 38.64384646412727], [-90.17874218283609, 38.64398510499372], [-90.18448076196563, 38.64412346478601], [-90.19021938045634, 38.644261543498274], [-90.19613354616266, 38.639898793950096], [-90.20204699586435, 38.63553571516044], [-90.20795972970198, 38.63117230726659]]}}, {"type": "Feature", "properties": {"route_run_id": "stl_midamerica_to_st_louis_union_station_2026-03-09_0248", "route_pair": "midamerica_to_st_louis_union_station", "route_pair_label": "MidAmerica to St. Louis Union Station", "origin_label": "MidAmerica St. Louis Airport", "destination_label": "St. Louis Union Station", "origin_lat": 38.5451731, "origin_lon": -89.8351856, "destination_lat": 38.629167, "destination_lon": -90.2075, "traffic_date": "2026-03-09", "traffic_dataset": "March 9th - Monday", "weight_id": "w_0248", "distance_weight": 0.5, "population_weight": 0.3, "traffic_weight": 0.1, "airspace_weight": 0.1, "path_nodes": 68, "path_node_ids": [8877, 8881, 8904, 8922, 8923, 8927, 9145, 10016, 10018, 10062, 10055, 10058, 10094, 10096, 10103, 10104, 10110, 10109, 10516, 10515, 10514, 10517, 10298, 10295, 10296, 10297, 10307, 10305, 10306, 10319, 10321, 10320, 10318, 10211, 10210, 10208, 10209, 10326, 10328, 10329, 10327, 2548, 2550, 2556, 2553, 2544, 2546, 2579, 2560, 2564, 2567, 2566, 2844, 2842, 2838, 2827, 2849, 2848, 2850, 2837, 2859, 2858, 2860, 2763, 2762, 2737, 2732, 2715], "elapsed_seconds": 0.015848000010009855, "status": "success", "failure_reason": "", "route_distance_km": 49.73436806939079, "distance_cost_sum": 54.735888344485275, "population_cost_sum": 13.592764554910174, "traffic_cost_sum": 9.387769103338304, "airspace_cost_sum": 24.4, "total_weighted_score": 34.824550449049525}, "geometry": {"type": "LineString", "coordinates": [[-89.83272609742262, 38.54503213945896], [-89.83252853470323, 38.54953126729425], [-89.83806053424684, 38.55418543772932], [-89.84359324582596, 38.558839373542895], [-89.84912666962028, 38.563493074603095], [-89.85466080580946, 38.568146540778045], [-89.86019565457306, 38.572799771935806], [-89.86573121609086, 38.57745276794444], [-89.87126749054252, 38.58210552867199], [-89.8768044781077, 38.58675805398646], [-89.88234217896623, 38.591410343755804], [-89.8878805932977, 38.59606239784802], [-89.89341972128202, 38.600714216131045], [-89.89895956309883, 38.60536579847276], [-89.90450011892796, 38.61001714474108], [-89.91004138894921, 38.614668254803874], [-89.9155833733424, 38.61931912852895], [-89.92131862594731, 38.619470314708934], [-89.9268617252078, 38.624120695492145], [-89.93259742104341, 38.62427134452904], [-89.93833315971467, 38.6244217128885], [-89.94406894114202, 38.62457180056415], [-89.94999553214618, 38.62022203618278], [-89.95573104146416, 38.620371538547964], [-89.96146659328937, 38.6205207602552], [-89.96720218754218, 38.620669701298226], [-89.97293782414316, 38.62081836167072], [-89.97867350301271, 38.62096674136646], [-89.98440922407127, 38.621114840379136], [-89.99014498723932, 38.62126265870254], [-89.99588079243732, 38.621410196330416], [-90.00161663958568, 38.62155745325657], [-90.00735252860491, 38.621704429474754], [-90.01308845941536, 38.6218511249788], [-90.01882443193752, 38.62199753976251], [-90.0245604460918, 38.62214367381969], [-90.03029650179865, 38.62228952714421], [-90.03603259897847, 38.622435099729884], [-90.04176873755169, 38.622580391570615], [-90.04750491743872, 38.62272540266021], [-90.05324113855997, 38.6228701329926], [-90.0587934259509, 38.627514600818145], [-90.06434642856152, 38.63215882981023], [-90.0699001465709, 38.63680281983647], [-90.0756376048565, 38.63694649603503], [-90.08137510400799, 38.63708989131143], [-90.08711264394572, 38.63723300565962], [-90.09266827345223, 38.64187598250663], [-90.09840625259658, 38.64201855779177], [-90.10396299643912, 38.64666103690741], [-90.10970141459032, 38.646803072928776], [-90.11543987314892, 38.64694482790208], [-90.12117837203515, 38.64708630182135], [-90.12691691116937, 38.64722749468063], [-90.13283497637043, 38.64286810847808], [-90.13857323774008, 38.64300871669927], [-90.14431153910874, 38.643149043887504], [-90.15004988039681, 38.64328909003685], [-90.15578826152439, 38.64342885514139], [-90.16152668241186, 38.64356833919522], [-90.16726514297947, 38.64370754219247], [-90.17300364314747, 38.64384646412727], [-90.17874218283609, 38.64398510499372], [-90.18448076196563, 38.64412346478601], [-90.19021938045634, 38.644261543498274], [-90.19613354616266, 38.639898793950096], [-90.20204699586435, 38.63553571516044], [-90.20795972970198, 38.63117230726659]]}}, {"type": "Feature", "properties": {"route_run_id": "stl_midamerica_to_st_louis_union_station_2026-03-09_0254", "route_pair": "midamerica_to_st_louis_union_station", "route_pair_label": "MidAmerica to St. Louis Union Station", "origin_label": "MidAmerica St. Louis Airport", "destination_label": "St. Louis Union Station", "origin_lat": 38.5451731, "origin_lon": -89.8351856, "destination_lat": 38.629167, "destination_lon": -90.2075, "traffic_date": "2026-03-09", "traffic_dataset": "March 9th - Monday", "weight_id": "w_0254", "distance_weight": 0.6, "population_weight": 0.0, "traffic_weight": 0.1, "airspace_weight": 0.3, "path_nodes": 67, "path_node_ids": [8877, 8876, 8892, 8897, 8899, 8926, 9788, 10013, 10014, 10036, 10052, 10054, 10061, 10051, 10049, 10048, 10050, 10253, 10252, 10241, 10240, 10248, 10246, 10247, 10245, 10231, 10230, 10262, 10150, 10148, 10149, 10151, 10161, 10159, 10158, 10160, 10166, 10168, 10167, 10169, 2247, 2269, 2268, 2278, 2283, 2508, 2286, 2298, 2300, 2304, 2307, 2491, 2492, 2818, 2496, 2507, 2506, 2828, 2505, 2809, 2811, 2810, 2728, 2730, 2731, 2729, 2715], "elapsed_seconds": 0.010027100011939183, "status": "success", "failure_reason": "", "route_distance_km": 46.683794018220816, "distance_cost_sum": 51.37853432284669, "population_cost_sum": 28.536414303461722, "traffic_cost_sum": 9.217492375120946, "airspace_cost_sum": 22.6, "total_weighted_score": 38.52886983122011}, "geometry": {"type": "LineString", "coordinates": [[-89.83272609742262, 38.54503213945896], [-89.83845499191484, 38.54518713674757], [-89.84398707949187, 38.54984103165108], [-89.84951987896733, 38.55449469187918], [-89.85505339052077, 38.559148117300026], [-89.86058761433173, 38.563801307781745], [-89.86612255057987, 38.568454263192415], [-89.87165819944471, 38.57310698340007], [-89.87719456110594, 38.577759468272795], [-89.88273163574308, 38.582411717678575], [-89.88826942353593, 38.58706373148541], [-89.89380792466403, 38.591715509561276], [-89.89934713930707, 38.59636705177409], [-89.90508047722643, 38.59651895818466], [-89.91081385831642, 38.59667058421835], [-89.91654728249756, 38.596821929868824], [-89.92228074969049, 38.59697299512966], [-89.92801425981584, 38.59712377999449], [-89.93374781279411, 38.597274284457015], [-89.93948140854593, 38.5974245085108], [-89.94521504699188, 38.5975744521496], [-89.95094872805251, 38.59772411536704], [-89.95668245164843, 38.59787349815684], [-89.96241621770018, 38.59802260051268], [-89.96815002612831, 38.59817142242828], [-89.9738838768534, 38.59831996389739], [-89.97961776979602, 38.59846822491371], [-89.98535170487666, 38.59861620547102], [-89.99108568201598, 38.59876390556306], [-89.99681970113441, 38.59891132518362], [-90.00255376215256, 38.59905846432648], [-90.00828786499093, 38.59920532298544], [-90.01402200957008, 38.5993519011543], [-90.01975619581054, 38.599498198826886], [-90.02549042363282, 38.599644215997024], [-90.03122469295744, 38.59978995265856], [-90.03695900370492, 38.599935408805365], [-90.0426933557958, 38.60008058443128], [-90.04842774915056, 38.600225479530216], [-90.05416218368977, 38.60037009409603], [-90.05989665933384, 38.60051442812264], [-90.06563117600335, 38.600658481603965], [-90.07136573361876, 38.60080225453393], [-90.07691763405278, 38.60544585525359], [-90.08247024897021, 38.61008921705863], [-90.08802357854981, 38.61473233981663], [-90.09375937107193, 38.61487505899075], [-90.09949520417183, 38.615017497448825], [-90.10505004462816, 38.61965986513943], [-90.1106056001435, 38.62430199333239], [-90.11634226958749, 38.624443634935055], [-90.1220789793104, 38.62458499570804], [-90.12781572923257, 38.62472607564535], [-90.13337319363258, 38.629367189437694], [-90.13911038141684, 38.62950773017495], [-90.14484760917111, 38.62964799001386], [-90.15058487681573, 38.629787968948484], [-90.156322184271, 38.62992766697294], [-90.16205953145733, 38.63006708408134], [-90.16779691829495, 38.630206220267794], [-90.17353434470424, 38.6303450755264], [-90.17927181060547, 38.63048364985134], [-90.185009315919, 38.63062194323676], [-90.1907468605651, 38.6307599556768], [-90.1964844444641, 38.63089768716567], [-90.2022220675363, 38.63103513769752], [-90.20795972970198, 38.63117230726659]]}}, {"type": "Feature", "properties": {"route_run_id": "stl_midamerica_to_st_louis_union_station_2026-03-09_0173", "route_pair": "midamerica_to_st_louis_union_station", "route_pair_label": "MidAmerica to St. Louis Union Station", "origin_label": "MidAmerica St. Louis Airport", "destination_label": "St. Louis Union Station", "origin_lat": 38.5451731, "origin_lon": -89.8351856, "destination_lat": 38.629167, "destination_lon": -90.2075, "traffic_date": "2026-03-09", "traffic_dataset": "March 9th - Monday", "weight_id": "w_0173", "distance_weight": 0.3, "population_weight": 0.0, "traffic_weight": 0.5, "airspace_weight": 0.2, "path_nodes": 67, "path_node_ids": [8877, 8876, 8892, 8897, 8899, 8926, 9788, 10013, 10014, 10036, 10052, 10054, 10061, 10051, 10049, 10048, 10050, 10253, 10252, 10241, 10240, 10248, 10246, 10247, 10245, 10231, 10230, 10262, 10150, 10148, 10149, 10151, 10161, 10156, 10154, 10155, 10162, 10164, 10163, 10165, 2244, 2246, 2268, 2278, 2283, 2508, 2286, 2298, 2300, 2304, 2531, 2819, 2820, 2822, 2825, 2836, 2848, 2850, 2837, 2859, 2858, 2815, 2759, 2734, 2731, 2729, 2715], "elapsed_seconds": 0.01773930000490509, "status": "success", "failure_reason": "", "route_distance_km": 48.81678601447848, "distance_cost_sum": 53.726029953713976, "population_cost_sum": 28.570091945307983, "traffic_cost_sum": 5.278783894524551, "airspace_cost_sum": 22.6, "total_weighted_score": 23.27720093337647}, "geometry": {"type": "LineString", "coordinates": [[-89.83272609742262, 38.54503213945896], [-89.83845499191484, 38.54518713674757], [-89.84398707949187, 38.54984103165108], [-89.84951987896733, 38.55449469187918], [-89.85505339052077, 38.559148117300026], [-89.86058761433173, 38.563801307781745], [-89.86612255057987, 38.568454263192415], [-89.87165819944471, 38.57310698340007], [-89.87719456110594, 38.577759468272795], [-89.88273163574308, 38.582411717678575], [-89.88826942353593, 38.58706373148541], [-89.89380792466403, 38.591715509561276], [-89.89934713930707, 38.59636705177409], [-89.90508047722643, 38.59651895818466], [-89.91081385831642, 38.59667058421835], [-89.91654728249756, 38.596821929868824], [-89.92228074969049, 38.59697299512966], [-89.92801425981584, 38.59712377999449], [-89.93374781279411, 38.597274284457015], [-89.93948140854593, 38.5974245085108], [-89.94521504699188, 38.5975744521496], [-89.95094872805251, 38.59772411536704], [-89.95668245164843, 38.59787349815684], [-89.96241621770018, 38.59802260051268], [-89.96815002612831, 38.59817142242828], [-89.9738838768534, 38.59831996389739], [-89.97961776979602, 38.59846822491371], [-89.98535170487666, 38.59861620547102], [-89.99108568201598, 38.59876390556306], [-89.99681970113441, 38.59891132518362], [-90.00255376215256, 38.59905846432648], [-90.00828786499093, 38.59920532298544], [-90.01402200957008, 38.5993519011543], [-90.01994242379944, 38.594998317950704], [-90.02567629459381, 38.59514431175206], [-90.03141020688051, 38.59529002508962], [-90.03714416058007, 38.595435457957215], [-90.04287815561301, 38.59558061034875], [-90.04861219189988, 38.59572548225811], [-90.0543462693612, 38.59587007367915], [-90.06008038791752, 38.59601438460579], [-90.06581454748931, 38.596158415031965], [-90.07136573361876, 38.60080225453393], [-90.07691763405278, 38.60544585525359], [-90.08247024897021, 38.61008921705863], [-90.08802357854981, 38.61473233981663], [-90.09375937107193, 38.61487505899075], [-90.09949520417183, 38.615017497448825], [-90.10505004462816, 38.61965986513943], [-90.1106056001435, 38.62430199333239], [-90.11616187089658, 38.62894388189524], [-90.12171885706623, 38.633585530695484], [-90.12745632243416, 38.63372665579325], [-90.13319382794117, 38.633867499959656], [-90.13875232561846, 38.63850839203032], [-90.144490269036, 38.638648696766005], [-90.15004988039681, 38.64328909003685], [-90.15578826152439, 38.64342885514139], [-90.16152668241186, 38.64356833919522], [-90.16726514297947, 38.64370754219247], [-90.17300364314747, 38.64384646412727], [-90.17891876485407, 38.63948462409952], [-90.18465698596519, 38.639622961753446], [-90.19057107312773, 38.63526048909833], [-90.1964844444641, 38.63089768716567], [-90.2022220675363, 38.63103513769752], [-90.20795972970198, 38.63117230726659]]}}, {"type": "Feature", "properties": {"route_run_id": "stl_midamerica_to_st_louis_union_station_2026-03-09_0272", "route_pair": "midamerica_to_st_louis_union_station", "route_pair_label": "MidAmerica to St. Louis Union Station", "origin_label": "MidAmerica St. Louis Airport", "destination_label": "St. Louis Union Station", "origin_lat": 38.5451731, "origin_lon": -89.8351856, "destination_lat": 38.629167, "destination_lon": -90.2075, "traffic_date": "2026-03-09", "traffic_dataset": "March 9th - Monday", "weight_id": "w_0272", "distance_weight": 0.7, "population_weight": 0.1, "traffic_weight": 0.0, "airspace_weight": 0.2, "path_nodes": 67, "path_node_ids": [8877, 8879, 8896, 8900, 8924, 8930, 10012, 10015, 10019, 10053, 10057, 10054, 10061, 10051, 10049, 10072, 10079, 10284, 10288, 10286, 10289, 10294, 10281, 10292, 10293, 10304, 10303, 10302, 10315, 10316, 10317, 10314, 10207, 10206, 10204, 10205, 10323, 10324, 10322, 10325, 2520, 2521, 2519, 2510, 2512, 2513, 2511, 2302, 2300, 2301, 2307, 2491, 2492, 2818, 2496, 2507, 2506, 2828, 2505, 2809, 2811, 2810, 2728, 2730, 2731, 2729, 2715], "elapsed_seconds": 0.009127600002102554, "status": "success", "failure_reason": "", "route_distance_km": 46.68855540718086, "distance_cost_sum": 51.383774539312654, "population_cost_sum": 19.97466848935391, "traffic_cost_sum": 13.844855750214501, "airspace_cost_sum": 23.2, "total_weighted_score": 42.60610902645424}, "geometry": {"type": "LineString", "coordinates": [[-89.83272609742262, 38.54503213945896], [-89.83825778508921, 38.54968628939868], [-89.84379018463301, 38.55434020475587], [-89.84932329623358, 38.558993885398685], [-89.85485712007056, 38.56364733119524], [-89.86039165632353, 38.56830054201366], [-89.86592690517212, 38.57295351772198], [-89.871462866796, 38.577606258188254], [-89.87699954137483, 38.582258763280514], [-89.88253692908823, 38.586911032866766], [-89.88807503011597, 38.59156306681497], [-89.89380792466403, 38.591715509561276], [-89.89934713930707, 38.59636705177409], [-89.90508047722643, 38.59651895818466], [-89.91081385831642, 38.59667058421835], [-89.91635458673171, 38.60132137816604], [-89.92189602906302, 38.60597193580059], [-89.92743818549003, 38.61062225698987], [-89.93298105619242, 38.615272341601674], [-89.93871608023923, 38.61542266184741], [-89.94445114702152, 38.615572701498955], [-89.95018625645967, 38.61572246055001], [-89.9559214084743, 38.61587193899423], [-89.9616566029858, 38.61602113682532], [-89.96739183991471, 38.61617005403699], [-89.97312711918148, 38.61631869062297], [-89.97886244070665, 38.616467046576965], [-89.9845978044106, 38.61661512189275], [-89.9903332102139, 38.61676291656407], [-89.99606865803695, 38.61691043058469], [-90.00180414780024, 38.61705766394838], [-90.00753967942423, 38.617204616648934], [-90.01327525282936, 38.61735128868017], [-90.01901086793612, 38.61749768003589], [-90.02474652466493, 38.617643790709906], [-90.03048222293627, 38.617789620696094], [-90.03621796267052, 38.617935169988264], [-90.0419537437882, 38.61808043858029], [-90.04768956620967, 38.61822542646607], [-90.05342542985542, 38.61837013363945], [-90.05916133464585, 38.61851456009435], [-90.06489728050143, 38.618658705824664], [-90.07063326734246, 38.618802570824315], [-90.07636929508949, 38.61894615508724], [-90.08210536366288, 38.61908945860739], [-90.087841472983, 38.61923248137871], [-90.09357762297034, 38.61937522339516], [-90.09931381354528, 38.61951768465076], [-90.10505004462816, 38.61965986513943], [-90.11078631613944, 38.61980176485522], [-90.11634226958749, 38.624443634935055], [-90.1220789793104, 38.62458499570804], [-90.12781572923257, 38.62472607564535], [-90.13337319363258, 38.629367189437694], [-90.13911038141684, 38.62950773017495], [-90.14484760917111, 38.62964799001386], [-90.15058487681573, 38.629787968948484], [-90.156322184271, 38.62992766697294], [-90.16205953145733, 38.63006708408134], [-90.16779691829495, 38.630206220267794], [-90.17353434470424, 38.6303450755264], [-90.17927181060547, 38.63048364985134], [-90.185009315919, 38.63062194323676], [-90.1907468605651, 38.6307599556768], [-90.1964844444641, 38.63089768716567], [-90.2022220675363, 38.63103513769752], [-90.20795972970198, 38.63117230726659]]}}, {"type": "Feature", "properties": {"route_run_id": "stl_midamerica_to_st_louis_union_station_2026-03-09_0181", "route_pair": "midamerica_to_st_louis_union_station", "route_pair_label": "MidAmerica to St. Louis Union Station", "origin_label": "MidAmerica St. Louis Airport", "destination_label": "St. Louis Union Station", "origin_lat": 38.5451731, "origin_lon": -89.8351856, "destination_lat": 38.629167, "destination_lon": -90.2075, "traffic_date": "2026-03-09", "traffic_dataset": "March 9th - Monday", "weight_id": "w_0181", "distance_weight": 0.3, "population_weight": 0.1, "traffic_weight": 0.5, "airspace_weight": 0.1, "path_nodes": 68, "path_node_ids": [8877, 8881, 8904, 8922, 8923, 8927, 9145, 10016, 10018, 10062, 10055, 10058, 10094, 10096, 10103, 10104, 10110, 10109, 10291, 10512, 10290, 10289, 10294, 10281, 10292, 10293, 10304, 10303, 10302, 10315, 10316, 10317, 10314, 10207, 10206, 10204, 10205, 10323, 10328, 10329, 10327, 2548, 2550, 2556, 2549, 2542, 2546, 2579, 2560, 2564, 2567, 2566, 2844, 2842, 2838, 2827, 2849, 2848, 2850, 2837, 2859, 2858, 2860, 2759, 2734, 2731, 2729, 2715], "elapsed_seconds": 0.020054399996297434, "status": "success", "failure_reason": "", "route_distance_km": 50.26626891521631, "distance_cost_sum": 55.32127962294328, "population_cost_sum": 15.38844614564863, "traffic_cost_sum": 5.931877218164064, "airspace_cost_sum": 24.4, "total_weighted_score": 23.541167110529877}, "geometry": {"type": "LineString", "coordinates": [[-89.83272609742262, 38.54503213945896], [-89.83252853470323, 38.54953126729425], [-89.83806053424684, 38.55418543772932], [-89.84359324582596, 38.558839373542895], [-89.84912666962028, 38.563493074603095], [-89.85466080580946, 38.568146540778045], [-89.86019565457306, 38.572799771935806], [-89.86573121609086, 38.57745276794444], [-89.87126749054252, 38.58210552867199], [-89.8768044781077, 38.58675805398646], [-89.88234217896623, 38.591410343755804], [-89.8878805932977, 38.59606239784802], [-89.89341972128202, 38.600714216131045], [-89.89895956309883, 38.60536579847276], [-89.90450011892796, 38.61001714474108], [-89.91004138894921, 38.614668254803874], [-89.9155833733424, 38.61931912852895], [-89.92131862594731, 38.619470314708934], [-89.92705392153653, 38.61962122026898], [-89.93278926003055, 38.619771845202735], [-89.93852464134986, 38.619922189503846], [-89.94445114702152, 38.615572701498955], [-89.95018625645967, 38.61572246055001], [-89.9559214084743, 38.61587193899423], [-89.9616566029858, 38.61602113682532], [-89.96739183991471, 38.61617005403699], [-89.97312711918148, 38.61631869062297], [-89.97886244070665, 38.616467046576965], [-89.9845978044106, 38.61661512189275], [-89.9903332102139, 38.61676291656407], [-89.99606865803695, 38.61691043058469], [-90.00180414780024, 38.61705766394838], [-90.00753967942423, 38.617204616648934], [-90.01327525282936, 38.61735128868017], [-90.01901086793612, 38.61749768003589], [-90.02474652466493, 38.617643790709906], [-90.03048222293627, 38.617789620696094], [-90.03621796267052, 38.617935169988264], [-90.04176873755169, 38.622580391570615], [-90.04750491743872, 38.62272540266021], [-90.05324113855997, 38.6228701329926], [-90.0587934259509, 38.627514600818145], [-90.06434642856152, 38.63215882981023], [-90.0699001465709, 38.63680281983647], [-90.07582058868887, 38.63244641710234], [-90.08155773007638, 38.632589789435436], [-90.08711264394572, 38.63723300565962], [-90.09266827345223, 38.64187598250663], [-90.09840625259658, 38.64201855779177], [-90.10396299643912, 38.64666103690741], [-90.10970141459032, 38.646803072928776], [-90.11543987314892, 38.64694482790208], [-90.12117837203515, 38.64708630182135], [-90.12691691116937, 38.64722749468063], [-90.13283497637043, 38.64286810847808], [-90.13857323774008, 38.64300871669927], [-90.14431153910874, 38.643149043887504], [-90.15004988039681, 38.64328909003685], [-90.15578826152439, 38.64342885514139], [-90.16152668241186, 38.64356833919522], [-90.16726514297947, 38.64370754219247], [-90.17300364314747, 38.64384646412727], [-90.17874218283609, 38.64398510499372], [-90.18465698596519, 38.639622961753446], [-90.19057107312773, 38.63526048909833], [-90.1964844444641, 38.63089768716567], [-90.2022220675363, 38.63103513769752], [-90.20795972970198, 38.63117230726659]]}}, {"type": "Feature", "properties": {"route_run_id": "stl_midamerica_to_st_louis_union_station_2026-03-09_0180", "route_pair": "midamerica_to_st_louis_union_station", "route_pair_label": "MidAmerica to St. Louis Union Station", "origin_label": "MidAmerica St. Louis Airport", "destination_label": "St. Louis Union Station", "origin_lat": 38.5451731, "origin_lon": -89.8351856, "destination_lat": 38.629167, "destination_lon": -90.2075, "traffic_date": "2026-03-09", "traffic_dataset": "March 9th - Monday", "weight_id": "w_0180", "distance_weight": 0.3, "population_weight": 0.1, "traffic_weight": 0.4, "airspace_weight": 0.2, "path_nodes": 68, "path_node_ids": [8877, 8881, 8904, 8922, 8923, 8927, 9145, 10016, 10018, 10062, 10055, 10058, 10094, 10096, 10103, 10104, 10110, 10109, 10291, 10512, 10290, 10289, 10294, 10281, 10292, 10293, 10304, 10303, 10302, 10315, 10316, 10317, 10314, 10207, 10206, 10204, 10205, 10323, 10328, 10329, 10327, 2548, 2550, 2556, 2549, 2542, 2546, 2579, 2560, 2564, 2567, 2566, 2844, 2842, 2838, 2827, 2849, 2848, 2850, 2837, 2859, 2858, 2860, 2759, 2734, 2731, 2729, 2715], "elapsed_seconds": 0.022235099982935935, "status": "success", "failure_reason": "", "route_distance_km": 50.26626891521631, "distance_cost_sum": 55.32127962294328, "population_cost_sum": 15.38844614564863, "traffic_cost_sum": 5.931877218164064, "airspace_cost_sum": 24.4, "total_weighted_score": 25.38797938871347}, "geometry": {"type": "LineString", "coordinates": [[-89.83272609742262, 38.54503213945896], [-89.83252853470323, 38.54953126729425], [-89.83806053424684, 38.55418543772932], [-89.84359324582596, 38.558839373542895], [-89.84912666962028, 38.563493074603095], [-89.85466080580946, 38.568146540778045], [-89.86019565457306, 38.572799771935806], [-89.86573121609086, 38.57745276794444], [-89.87126749054252, 38.58210552867199], [-89.8768044781077, 38.58675805398646], [-89.88234217896623, 38.591410343755804], [-89.8878805932977, 38.59606239784802], [-89.89341972128202, 38.600714216131045], [-89.89895956309883, 38.60536579847276], [-89.90450011892796, 38.61001714474108], [-89.91004138894921, 38.614668254803874], [-89.9155833733424, 38.61931912852895], [-89.92131862594731, 38.619470314708934], [-89.92705392153653, 38.61962122026898], [-89.93278926003055, 38.619771845202735], [-89.93852464134986, 38.619922189503846], [-89.94445114702152, 38.615572701498955], [-89.95018625645967, 38.61572246055001], [-89.9559214084743, 38.61587193899423], [-89.9616566029858, 38.61602113682532], [-89.96739183991471, 38.61617005403699], [-89.97312711918148, 38.61631869062297], [-89.97886244070665, 38.616467046576965], [-89.9845978044106, 38.61661512189275], [-89.9903332102139, 38.61676291656407], [-89.99606865803695, 38.61691043058469], [-90.00180414780024, 38.61705766394838], [-90.00753967942423, 38.617204616648934], [-90.01327525282936, 38.61735128868017], [-90.01901086793612, 38.61749768003589], [-90.02474652466493, 38.617643790709906], [-90.03048222293627, 38.617789620696094], [-90.03621796267052, 38.617935169988264], [-90.04176873755169, 38.622580391570615], [-90.04750491743872, 38.62272540266021], [-90.05324113855997, 38.6228701329926], [-90.0587934259509, 38.627514600818145], [-90.06434642856152, 38.63215882981023], [-90.0699001465709, 38.63680281983647], [-90.07582058868887, 38.63244641710234], [-90.08155773007638, 38.632589789435436], [-90.08711264394572, 38.63723300565962], [-90.09266827345223, 38.64187598250663], [-90.09840625259658, 38.64201855779177], [-90.10396299643912, 38.64666103690741], [-90.10970141459032, 38.646803072928776], [-90.11543987314892, 38.64694482790208], [-90.12117837203515, 38.64708630182135], [-90.12691691116937, 38.64722749468063], [-90.13283497637043, 38.64286810847808], [-90.13857323774008, 38.64300871669927], [-90.14431153910874, 38.643149043887504], [-90.15004988039681, 38.64328909003685], [-90.15578826152439, 38.64342885514139], [-90.16152668241186, 38.64356833919522], [-90.16726514297947, 38.64370754219247], [-90.17300364314747, 38.64384646412727], [-90.17874218283609, 38.64398510499372], [-90.18465698596519, 38.639622961753446], [-90.19057107312773, 38.63526048909833], [-90.1964844444641, 38.63089768716567], [-90.2022220675363, 38.63103513769752], [-90.20795972970198, 38.63117230726659]]}}, {"type": "Feature", "properties": {"route_run_id": "stl_midamerica_to_st_louis_union_station_2026-03-09_0131", "route_pair": "midamerica_to_st_louis_union_station", "route_pair_label": "MidAmerica to St. Louis Union Station", "origin_label": "MidAmerica St. Louis Airport", "destination_label": "St. Louis Union Station", "origin_lat": 38.5451731, "origin_lon": -89.8351856, "destination_lat": 38.629167, "destination_lon": -90.2075, "traffic_date": "2026-03-09", "traffic_dataset": "March 9th - Monday", "weight_id": "w_0131", "distance_weight": 0.2, "population_weight": 0.1, "traffic_weight": 0.0, "airspace_weight": 0.7, "path_nodes": 68, "path_node_ids": [8877, 8881, 8904, 8922, 8923, 8927, 9145, 10016, 10018, 10062, 10055, 10058, 10094, 10096, 10103, 10104, 10110, 10109, 10291, 10512, 10290, 10513, 10298, 10295, 10296, 10297, 10307, 10305, 10306, 10319, 10321, 10320, 10318, 10211, 10210, 10208, 10209, 10326, 10328, 10322, 10191, 2276, 2518, 2277, 2509, 2287, 2508, 2286, 2298, 2300, 2301, 2307, 2491, 2492, 2818, 2496, 2507, 2506, 2828, 2505, 2809, 2811, 2810, 2728, 2730, 2731, 2729, 2715], "elapsed_seconds": 0.03583420001086779, "status": "success", "failure_reason": "", "route_distance_km": 48.13050890304261, "distance_cost_sum": 52.970737611554924, "population_cost_sum": 17.889506298497306, "traffic_cost_sum": 12.84232965795802, "airspace_cost_sum": 22.6, "total_weighted_score": 28.203098152160724}, "geometry": {"type": "LineString", "coordinates": [[-89.83272609742262, 38.54503213945896], [-89.83252853470323, 38.54953126729425], [-89.83806053424684, 38.55418543772932], [-89.84359324582596, 38.558839373542895], [-89.84912666962028, 38.563493074603095], [-89.85466080580946, 38.568146540778045], [-89.86019565457306, 38.572799771935806], [-89.86573121609086, 38.57745276794444], [-89.87126749054252, 38.58210552867199], [-89.8768044781077, 38.58675805398646], [-89.88234217896623, 38.591410343755804], [-89.8878805932977, 38.59606239784802], [-89.89341972128202, 38.600714216131045], [-89.89895956309883, 38.60536579847276], [-89.90450011892796, 38.61001714474108], [-89.91004138894921, 38.614668254803874], [-89.9155833733424, 38.61931912852895], [-89.92131862594731, 38.619470314708934], [-89.92705392153653, 38.61962122026898], [-89.93278926003055, 38.619771845202735], [-89.93852464134986, 38.619922189503846], [-89.9442600654149, 38.62007225316597], [-89.94999553214618, 38.62022203618278], [-89.95573104146416, 38.620371538547964], [-89.96146659328937, 38.6205207602552], [-89.96720218754218, 38.620669701298226], [-89.97293782414316, 38.62081836167072], [-89.97867350301271, 38.62096674136646], [-89.98440922407127, 38.621114840379136], [-89.99014498723932, 38.62126265870254], [-89.99588079243732, 38.621410196330416], [-90.00161663958568, 38.62155745325657], [-90.00735252860491, 38.621704429474754], [-90.01308845941536, 38.6218511249788], [-90.01882443193752, 38.62199753976251], [-90.0245604460918, 38.62214367381969], [-90.03029650179865, 38.62228952714421], [-90.03603259897847, 38.622435099729884], [-90.04176873755169, 38.622580391570615], [-90.04768956620967, 38.61822542646607], [-90.05360968000618, 38.61387013007287], [-90.0593452273907, 38.61401453341643], [-90.0650808158304, 38.61415865608025], [-90.07081644524574, 38.61430249805824], [-90.07655211555712, 38.614446059344324], [-90.08228782668499, 38.614589339932465], [-90.08802357854981, 38.61473233981663], [-90.09375937107193, 38.61487505899075], [-90.09949520417183, 38.615017497448825], [-90.10505004462816, 38.61965986513943], [-90.11078631613944, 38.61980176485522], [-90.11634226958749, 38.624443634935055], [-90.1220789793104, 38.62458499570804], [-90.12781572923257, 38.62472607564535], [-90.13337319363258, 38.629367189437694], [-90.13911038141684, 38.62950773017495], [-90.14484760917111, 38.62964799001386], [-90.15058487681573, 38.629787968948484], [-90.156322184271, 38.62992766697294], [-90.16205953145733, 38.63006708408134], [-90.16779691829495, 38.630206220267794], [-90.17353434470424, 38.6303450755264], [-90.17927181060547, 38.63048364985134], [-90.185009315919, 38.63062194323676], [-90.1907468605651, 38.6307599556768], [-90.1964844444641, 38.63089768716567], [-90.2022220675363, 38.63103513769752], [-90.20795972970198, 38.63117230726659]]}}, {"type": "Feature", "properties": {"route_run_id": "stl_midamerica_to_st_louis_union_station_2026-03-09_0215", "route_pair": "midamerica_to_st_louis_union_station", "route_pair_label": "MidAmerica to St. Louis Union Station", "origin_label": "MidAmerica St. Louis Airport", "destination_label": "St. Louis Union Station", "origin_lat": 38.5451731, "origin_lon": -89.8351856, "destination_lat": 38.629167, "destination_lon": -90.2075, "traffic_date": "2026-03-09", "traffic_dataset": "March 9th - Monday", "weight_id": "w_0215", "distance_weight": 0.4, "population_weight": 0.1, "traffic_weight": 0.4, "airspace_weight": 0.1, "path_nodes": 67, "path_node_ids": [8877, 8879, 8896, 8900, 8924, 8930, 10012, 10015, 10019, 10053, 10057, 10054, 10061, 10051, 10049, 10048, 10050, 10254, 10259, 10282, 10289, 10294, 10281, 10292, 10293, 10304, 10303, 10302, 10315, 10316, 10317, 10314, 10207, 10206, 10204, 10205, 10323, 10328, 10329, 10327, 2548, 2550, 2556, 2553, 2544, 2546, 2579, 2560, 2564, 2567, 2566, 2844, 2842, 2838, 2827, 2849, 2848, 2850, 2837, 2859, 2858, 2860, 2759, 2734, 2731, 2729, 2715], "elapsed_seconds": 0.017046299995854497, "status": "success", "failure_reason": "", "route_distance_km": 48.824340213633675, "distance_cost_sum": 53.734343838408606, "population_cost_sum": 18.7266276108941, "traffic_cost_sum": 6.463877156345732, "airspace_cost_sum": 24.4, "total_weighted_score": 28.391951158991144}, "geometry": {"type": "LineString", "coordinates": [[-89.83272609742262, 38.54503213945896], [-89.83825778508921, 38.54968628939868], [-89.84379018463301, 38.55434020475587], [-89.84932329623358, 38.558993885398685], [-89.85485712007056, 38.56364733119524], [-89.86039165632353, 38.56830054201366], [-89.86592690517212, 38.57295351772198], [-89.871462866796, 38.577606258188254], [-89.87699954137483, 38.582258763280514], [-89.88253692908823, 38.586911032866766], [-89.88807503011597, 38.59156306681497], [-89.89380792466403, 38.591715509561276], [-89.89934713930707, 38.59636705177409], [-89.90508047722643, 38.59651895818466], [-89.91081385831642, 38.59667058421835], [-89.91654728249756, 38.596821929868824], [-89.92228074969049, 38.59697299512966], [-89.92782227790734, 38.601623276602716], [-89.93336452008171, 38.60627332157674], [-89.93890747639323, 38.61092312991955], [-89.94445114702152, 38.615572701498955], [-89.95018625645967, 38.61572246055001], [-89.9559214084743, 38.61587193899423], [-89.9616566029858, 38.61602113682532], [-89.96739183991471, 38.61617005403699], [-89.97312711918148, 38.61631869062297], [-89.97886244070665, 38.616467046576965], [-89.9845978044106, 38.61661512189275], [-89.9903332102139, 38.61676291656407], [-89.99606865803695, 38.61691043058469], [-90.00180414780024, 38.61705766394838], [-90.00753967942423, 38.617204616648934], [-90.01327525282936, 38.61735128868017], [-90.01901086793612, 38.61749768003589], [-90.02474652466493, 38.617643790709906], [-90.03048222293627, 38.617789620696094], [-90.03621796267052, 38.617935169988264], [-90.04176873755169, 38.622580391570615], [-90.04750491743872, 38.62272540266021], [-90.05324113855997, 38.6228701329926], [-90.0587934259509, 38.627514600818145], [-90.06434642856152, 38.63215882981023], [-90.0699001465709, 38.63680281983647], [-90.0756376048565, 38.63694649603503], [-90.08137510400799, 38.63708989131143], [-90.08711264394572, 38.63723300565962], [-90.09266827345223, 38.64187598250663], [-90.09840625259658, 38.64201855779177], [-90.10396299643912, 38.64666103690741], [-90.10970141459032, 38.646803072928776], [-90.11543987314892, 38.64694482790208], [-90.12117837203515, 38.64708630182135], [-90.12691691116937, 38.64722749468063], [-90.13283497637043, 38.64286810847808], [-90.13857323774008, 38.64300871669927], [-90.14431153910874, 38.643149043887504], [-90.15004988039681, 38.64328909003685], [-90.15578826152439, 38.64342885514139], [-90.16152668241186, 38.64356833919522], [-90.16726514297947, 38.64370754219247], [-90.17300364314747, 38.64384646412727], [-90.17874218283609, 38.64398510499372], [-90.18465698596519, 38.639622961753446], [-90.19057107312773, 38.63526048909833], [-90.1964844444641, 38.63089768716567], [-90.2022220675363, 38.63103513769752], [-90.20795972970198, 38.63117230726659]]}}, {"type": "Feature", "properties": {"route_run_id": "stl_midamerica_to_st_louis_union_station_2026-03-09_0217", "route_pair": "midamerica_to_st_louis_union_station", "route_pair_label": "MidAmerica to St. Louis Union Station", "origin_label": "MidAmerica St. Louis Airport", "destination_label": "St. Louis Union Station", "origin_lat": 38.5451731, "origin_lon": -89.8351856, "destination_lat": 38.629167, "destination_lon": -90.2075, "traffic_date": "2026-03-09", "traffic_dataset": "March 9th - Monday", "weight_id": "w_0217", "distance_weight": 0.4, "population_weight": 0.2, "traffic_weight": 0.0, "airspace_weight": 0.4, "path_nodes": 68, "path_node_ids": [8877, 8881, 8904, 8922, 8923, 8927, 9145, 10016, 10018, 10062, 10055, 10058, 10094, 10096, 10103, 10104, 10110, 10109, 10291, 10512, 10290, 10513, 10298, 10295, 10296, 10297, 10307, 10305, 10306, 10319, 10321, 10320, 10318, 10211, 10210, 10208, 10209, 10326, 10328, 10329, 10327, 2522, 2524, 2523, 2514, 2517, 2515, 2516, 2530, 2534, 2532, 2558, 2840, 2839, 2838, 2827, 2849, 2848, 2850, 2837, 2859, 2858, 2860, 2763, 2762, 2737, 2732, 2715], "elapsed_seconds": 0.020084100018721074, "status": "success", "failure_reason": "", "route_distance_km": 48.666852135602625, "distance_cost_sum": 53.561018023900075, "population_cost_sum": 14.998679925723389, "traffic_cost_sum": 13.370267511322758, "airspace_cost_sum": 23.2, "total_weighted_score": 33.70414319470471}, "geometry": {"type": "LineString", "coordinates": [[-89.83272609742262, 38.54503213945896], [-89.83252853470323, 38.54953126729425], [-89.83806053424684, 38.55418543772932], [-89.84359324582596, 38.558839373542895], [-89.84912666962028, 38.563493074603095], [-89.85466080580946, 38.568146540778045], [-89.86019565457306, 38.572799771935806], [-89.86573121609086, 38.57745276794444], [-89.87126749054252, 38.58210552867199], [-89.8768044781077, 38.58675805398646], [-89.88234217896623, 38.591410343755804], [-89.8878805932977, 38.59606239784802], [-89.89341972128202, 38.600714216131045], [-89.89895956309883, 38.60536579847276], [-89.90450011892796, 38.61001714474108], [-89.91004138894921, 38.614668254803874], [-89.9155833733424, 38.61931912852895], [-89.92131862594731, 38.619470314708934], [-89.92705392153653, 38.61962122026898], [-89.93278926003055, 38.619771845202735], [-89.93852464134986, 38.619922189503846], [-89.9442600654149, 38.62007225316597], [-89.94999553214618, 38.62022203618278], [-89.95573104146416, 38.620371538547964], [-89.96146659328937, 38.6205207602552], [-89.96720218754218, 38.620669701298226], [-89.97293782414316, 38.62081836167072], [-89.97867350301271, 38.62096674136646], [-89.98440922407127, 38.621114840379136], [-89.99014498723932, 38.62126265870254], [-89.99588079243732, 38.621410196330416], [-90.00161663958568, 38.62155745325657], [-90.00735252860491, 38.621704429474754], [-90.01308845941536, 38.6218511249788], [-90.01882443193752, 38.62199753976251], [-90.0245604460918, 38.62214367381969], [-90.03029650179865, 38.62228952714421], [-90.03603259897847, 38.622435099729884], [-90.04176873755169, 38.622580391570615], [-90.04750491743872, 38.62272540266021], [-90.05324113855997, 38.6228701329926], [-90.0589774008359, 38.62301458256169], [-90.06471370418684, 38.62315875136136], [-90.07045004853325, 38.62330263938551], [-90.07618643379548, 38.623446246628106], [-90.08192285989396, 38.62358957308307], [-90.08765932674906, 38.623732618744384], [-90.09339583428118, 38.623875383605984], [-90.09895091075838, 38.62851804648185], [-90.10450670259345, 38.633160469873815], [-90.1102440470662, 38.63330243772981], [-90.11580095263906, 38.63794436326609], [-90.12135857394713, 38.64258604896054], [-90.12709675507955, 38.642727219229855], [-90.13283497637043, 38.64286810847808], [-90.13857323774008, 38.64300871669927], [-90.14431153910874, 38.643149043887504], [-90.15004988039681, 38.64328909003685], [-90.15578826152439, 38.64342885514139], [-90.16152668241186, 38.64356833919522], [-90.16726514297947, 38.64370754219247], [-90.17300364314747, 38.64384646412727], [-90.17874218283609, 38.64398510499372], [-90.18448076196563, 38.64412346478601], [-90.19021938045634, 38.644261543498274], [-90.19613354616266, 38.639898793950096], [-90.20204699586435, 38.63553571516044], [-90.20795972970198, 38.63117230726659]]}}, {"type": "Feature", "properties": {"route_run_id": "stl_midamerica_to_st_louis_union_station_2026-03-09_0208", "route_pair": "midamerica_to_st_louis_union_station", "route_pair_label": "MidAmerica to St. Louis Union Station", "origin_label": "MidAmerica St. Louis Airport", "destination_label": "St. Louis Union Station", "origin_lat": 38.5451731, "origin_lon": -89.8351856, "destination_lat": 38.629167, "destination_lon": -90.2075, "traffic_date": "2026-03-09", "traffic_dataset": "March 9th - Monday", "weight_id": "w_0208", "distance_weight": 0.4, "population_weight": 0.0, "traffic_weight": 0.4, "airspace_weight": 0.2, "path_nodes": 67, "path_node_ids": [8877, 8876, 8892, 8897, 8899, 8926, 9788, 10013, 10014, 10036, 10052, 10054, 10061, 10051, 10049, 10048, 10050, 10253, 10252, 10241, 10240, 10248, 10246, 10247, 10245, 10231, 10230, 10262, 10150, 10148, 10149, 10151, 10161, 10156, 10154, 10155, 10162, 10164, 10163, 10165, 2244, 2246, 2268, 2278, 2283, 2508, 2286, 2298, 2300, 2304, 2531, 2819, 2820, 2822, 2825, 2836, 2848, 2850, 2837, 2859, 2858, 2815, 2759, 2734, 2731, 2729, 2715], "elapsed_seconds": 0.014516499999444932, "status": "success", "failure_reason": "", "route_distance_km": 48.81678601447848, "distance_cost_sum": 53.726029953713976, "population_cost_sum": 28.570091945307983, "traffic_cost_sum": 5.278783894524551, "airspace_cost_sum": 22.6, "total_weighted_score": 28.121925539295418}, "geometry": {"type": "LineString", "coordinates": [[-89.83272609742262, 38.54503213945896], [-89.83845499191484, 38.54518713674757], [-89.84398707949187, 38.54984103165108], [-89.84951987896733, 38.55449469187918], [-89.85505339052077, 38.559148117300026], [-89.86058761433173, 38.563801307781745], [-89.86612255057987, 38.568454263192415], [-89.87165819944471, 38.57310698340007], [-89.87719456110594, 38.577759468272795], [-89.88273163574308, 38.582411717678575], [-89.88826942353593, 38.58706373148541], [-89.89380792466403, 38.591715509561276], [-89.89934713930707, 38.59636705177409], [-89.90508047722643, 38.59651895818466], [-89.91081385831642, 38.59667058421835], [-89.91654728249756, 38.596821929868824], [-89.92228074969049, 38.59697299512966], [-89.92801425981584, 38.59712377999449], [-89.93374781279411, 38.597274284457015], [-89.93948140854593, 38.5974245085108], [-89.94521504699188, 38.5975744521496], [-89.95094872805251, 38.59772411536704], [-89.95668245164843, 38.59787349815684], [-89.96241621770018, 38.59802260051268], [-89.96815002612831, 38.59817142242828], [-89.9738838768534, 38.59831996389739], [-89.97961776979602, 38.59846822491371], [-89.98535170487666, 38.59861620547102], [-89.99108568201598, 38.59876390556306], [-89.99681970113441, 38.59891132518362], [-90.00255376215256, 38.59905846432648], [-90.00828786499093, 38.59920532298544], [-90.01402200957008, 38.5993519011543], [-90.01994242379944, 38.594998317950704], [-90.02567629459381, 38.59514431175206], [-90.03141020688051, 38.59529002508962], [-90.03714416058007, 38.595435457957215], [-90.04287815561301, 38.59558061034875], [-90.04861219189988, 38.59572548225811], [-90.0543462693612, 38.59587007367915], [-90.06008038791752, 38.59601438460579], [-90.06581454748931, 38.596158415031965], [-90.07136573361876, 38.60080225453393], [-90.07691763405278, 38.60544585525359], [-90.08247024897021, 38.61008921705863], [-90.08802357854981, 38.61473233981663], [-90.09375937107193, 38.61487505899075], [-90.09949520417183, 38.615017497448825], [-90.10505004462816, 38.61965986513943], [-90.1106056001435, 38.62430199333239], [-90.11616187089658, 38.62894388189524], [-90.12171885706623, 38.633585530695484], [-90.12745632243416, 38.63372665579325], [-90.13319382794117, 38.633867499959656], [-90.13875232561846, 38.63850839203032], [-90.144490269036, 38.638648696766005], [-90.15004988039681, 38.64328909003685], [-90.15578826152439, 38.64342885514139], [-90.16152668241186, 38.64356833919522], [-90.16726514297947, 38.64370754219247], [-90.17300364314747, 38.64384646412727], [-90.17891876485407, 38.63948462409952], [-90.18465698596519, 38.639622961753446], [-90.19057107312773, 38.63526048909833], [-90.1964844444641, 38.63089768716567], [-90.2022220675363, 38.63103513769752], [-90.20795972970198, 38.63117230726659]]}}, {"type": "Feature", "properties": {"route_run_id": "stl_midamerica_to_st_louis_union_station_2026-03-09_0069", "route_pair": "midamerica_to_st_louis_union_station", "route_pair_label": "MidAmerica to St. Louis Union Station", "origin_label": "MidAmerica St. Louis Airport", "destination_label": "St. Louis Union Station", "origin_lat": 38.5451731, "origin_lon": -89.8351856, "destination_lat": 38.629167, "destination_lon": -90.2075, "traffic_date": "2026-03-09", "traffic_dataset": "March 9th - Monday", "weight_id": "w_0069", "distance_weight": 0.1, "population_weight": 0.0, "traffic_weight": 0.2, "airspace_weight": 0.7, "path_nodes": 67, "path_node_ids": [8877, 8876, 8892, 8897, 8899, 8926, 9788, 10013, 10014, 10036, 10052, 10054, 10061, 10051, 10049, 10048, 10050, 10253, 10252, 10241, 10240, 10248, 10246, 10247, 10245, 10231, 10230, 10262, 10150, 10148, 10149, 10151, 10161, 10156, 10154, 10155, 10162, 10164, 10163, 10165, 2244, 2246, 2268, 2278, 2283, 2508, 2286, 2298, 2300, 2304, 2531, 2819, 2820, 2822, 2825, 2836, 2848, 2850, 2837, 2859, 2858, 2815, 2759, 2734, 2731, 2729, 2715], "elapsed_seconds": 0.04006859997753054, "status": "success", "failure_reason": "", "route_distance_km": 48.81678601447848, "distance_cost_sum": 53.726029953713976, "population_cost_sum": 28.570091945307983, "traffic_cost_sum": 5.278783894524551, "airspace_cost_sum": 22.6, "total_weighted_score": 22.248359774276317}, "geometry": {"type": "LineString", "coordinates": [[-89.83272609742262, 38.54503213945896], [-89.83845499191484, 38.54518713674757], [-89.84398707949187, 38.54984103165108], [-89.84951987896733, 38.55449469187918], [-89.85505339052077, 38.559148117300026], [-89.86058761433173, 38.563801307781745], [-89.86612255057987, 38.568454263192415], [-89.87165819944471, 38.57310698340007], [-89.87719456110594, 38.577759468272795], [-89.88273163574308, 38.582411717678575], [-89.88826942353593, 38.58706373148541], [-89.89380792466403, 38.591715509561276], [-89.89934713930707, 38.59636705177409], [-89.90508047722643, 38.59651895818466], [-89.91081385831642, 38.59667058421835], [-89.91654728249756, 38.596821929868824], [-89.92228074969049, 38.59697299512966], [-89.92801425981584, 38.59712377999449], [-89.93374781279411, 38.597274284457015], [-89.93948140854593, 38.5974245085108], [-89.94521504699188, 38.5975744521496], [-89.95094872805251, 38.59772411536704], [-89.95668245164843, 38.59787349815684], [-89.96241621770018, 38.59802260051268], [-89.96815002612831, 38.59817142242828], [-89.9738838768534, 38.59831996389739], [-89.97961776979602, 38.59846822491371], [-89.98535170487666, 38.59861620547102], [-89.99108568201598, 38.59876390556306], [-89.99681970113441, 38.59891132518362], [-90.00255376215256, 38.59905846432648], [-90.00828786499093, 38.59920532298544], [-90.01402200957008, 38.5993519011543], [-90.01994242379944, 38.594998317950704], [-90.02567629459381, 38.59514431175206], [-90.03141020688051, 38.59529002508962], [-90.03714416058007, 38.595435457957215], [-90.04287815561301, 38.59558061034875], [-90.04861219189988, 38.59572548225811], [-90.0543462693612, 38.59587007367915], [-90.06008038791752, 38.59601438460579], [-90.06581454748931, 38.596158415031965], [-90.07136573361876, 38.60080225453393], [-90.07691763405278, 38.60544585525359], [-90.08247024897021, 38.61008921705863], [-90.08802357854981, 38.61473233981663], [-90.09375937107193, 38.61487505899075], [-90.09949520417183, 38.615017497448825], [-90.10505004462816, 38.61965986513943], [-90.1106056001435, 38.62430199333239], [-90.11616187089658, 38.62894388189524], [-90.12171885706623, 38.633585530695484], [-90.12745632243416, 38.63372665579325], [-90.13319382794117, 38.633867499959656], [-90.13875232561846, 38.63850839203032], [-90.144490269036, 38.638648696766005], [-90.15004988039681, 38.64328909003685], [-90.15578826152439, 38.64342885514139], [-90.16152668241186, 38.64356833919522], [-90.16726514297947, 38.64370754219247], [-90.17300364314747, 38.64384646412727], [-90.17891876485407, 38.63948462409952], [-90.18465698596519, 38.639622961753446], [-90.19057107312773, 38.63526048909833], [-90.1964844444641, 38.63089768716567], [-90.2022220675363, 38.63103513769752], [-90.20795972970198, 38.63117230726659]]}}, {"type": "Feature", "properties": {"route_run_id": "stl_midamerica_to_st_louis_union_station_2026-03-09_0184", "route_pair": "midamerica_to_st_louis_union_station", "route_pair_label": "MidAmerica to St. Louis Union Station", "origin_label": "MidAmerica St. Louis Airport", "destination_label": "St. Louis Union Station", "origin_lat": 38.5451731, "origin_lon": -89.8351856, "destination_lat": 38.629167, "destination_lon": -90.2075, "traffic_date": "2026-03-09", "traffic_dataset": "March 9th - Monday", "weight_id": "w_0184", "distance_weight": 0.3, "population_weight": 0.2, "traffic_weight": 0.1, "airspace_weight": 0.4, "path_nodes": 68, "path_node_ids": [8877, 8881, 8904, 8922, 8923, 8927, 9145, 10016, 10018, 10062, 10055, 10058, 10094, 10096, 10103, 10104, 10110, 10109, 10516, 10515, 10514, 10517, 10298, 10295, 10296, 10297, 10307, 10305, 10306, 10319, 10321, 10320, 10318, 10211, 10210, 10208, 10209, 10326, 10328, 10329, 10327, 2522, 2524, 2523, 2514, 2517, 2515, 2516, 2530, 2534, 2559, 2558, 2840, 2839, 2838, 2827, 2849, 2848, 2850, 2837, 2859, 2858, 2860, 2763, 2758, 2733, 2729, 2715], "elapsed_seconds": 0.027132899995194748, "status": "success", "failure_reason": "", "route_distance_km": 49.19987060958678, "distance_cost_sum": 54.147639324422855, "population_cost_sum": 14.814037713766046, "traffic_cost_sum": 10.5015891209792, "airspace_cost_sum": 23.2, "total_weighted_score": 29.537258252177992}, "geometry": {"type": "LineString", "coordinates": [[-89.83272609742262, 38.54503213945896], [-89.83252853470323, 38.54953126729425], [-89.83806053424684, 38.55418543772932], [-89.84359324582596, 38.558839373542895], [-89.84912666962028, 38.563493074603095], [-89.85466080580946, 38.568146540778045], [-89.86019565457306, 38.572799771935806], [-89.86573121609086, 38.57745276794444], [-89.87126749054252, 38.58210552867199], [-89.8768044781077, 38.58675805398646], [-89.88234217896623, 38.591410343755804], [-89.8878805932977, 38.59606239784802], [-89.89341972128202, 38.600714216131045], [-89.89895956309883, 38.60536579847276], [-89.90450011892796, 38.61001714474108], [-89.91004138894921, 38.614668254803874], [-89.9155833733424, 38.61931912852895], [-89.92131862594731, 38.619470314708934], [-89.9268617252078, 38.624120695492145], [-89.93259742104341, 38.62427134452904], [-89.93833315971467, 38.6244217128885], [-89.94406894114202, 38.62457180056415], [-89.94999553214618, 38.62022203618278], [-89.95573104146416, 38.620371538547964], [-89.96146659328937, 38.6205207602552], [-89.96720218754218, 38.620669701298226], [-89.97293782414316, 38.62081836167072], [-89.97867350301271, 38.62096674136646], [-89.98440922407127, 38.621114840379136], [-89.99014498723932, 38.62126265870254], [-89.99588079243732, 38.621410196330416], [-90.00161663958568, 38.62155745325657], [-90.00735252860491, 38.621704429474754], [-90.01308845941536, 38.6218511249788], [-90.01882443193752, 38.62199753976251], [-90.0245604460918, 38.62214367381969], [-90.03029650179865, 38.62228952714421], [-90.03603259897847, 38.622435099729884], [-90.04176873755169, 38.622580391570615], [-90.04750491743872, 38.62272540266021], [-90.05324113855997, 38.6228701329926], [-90.0589774008359, 38.62301458256169], [-90.06471370418684, 38.62315875136136], [-90.07045004853325, 38.62330263938551], [-90.07618643379548, 38.623446246628106], [-90.08192285989396, 38.62358957308307], [-90.08765932674906, 38.623732618744384], [-90.09339583428118, 38.623875383605984], [-90.09895091075838, 38.62851804648185], [-90.10450670259345, 38.633160469873815], [-90.11006320996535, 38.6378026536494], [-90.11580095263906, 38.63794436326609], [-90.12135857394713, 38.64258604896054], [-90.12709675507955, 38.642727219229855], [-90.13283497637043, 38.64286810847808], [-90.13857323774008, 38.64300871669927], [-90.14431153910874, 38.643149043887504], [-90.15004988039681, 38.64328909003685], [-90.15578826152439, 38.64342885514139], [-90.16152668241186, 38.64356833919522], [-90.16726514297947, 38.64370754219247], [-90.17300364314747, 38.64384646412727], [-90.17874218283609, 38.64398510499372], [-90.18448076196563, 38.64412346478601], [-90.19039524642797, 38.63976101837225], [-90.19630901490473, 38.63539824263034], [-90.2022220675363, 38.63103513769752], [-90.20795972970198, 38.63117230726659]]}}, {"type": "Feature", "properties": {"route_run_id": "stl_midamerica_to_st_louis_union_station_2026-03-09_0270", "route_pair": "midamerica_to_st_louis_union_station", "route_pair_label": "MidAmerica to St. Louis Union Station", "origin_label": "MidAmerica St. Louis Airport", "destination_label": "St. Louis Union Station", "origin_lat": 38.5451731, "origin_lon": -89.8351856, "destination_lat": 38.629167, "destination_lon": -90.2075, "traffic_date": "2026-03-09", "traffic_dataset": "March 9th - Monday", "weight_id": "w_0270", "distance_weight": 0.7, "population_weight": 0.0, "traffic_weight": 0.2, "airspace_weight": 0.1, "path_nodes": 67, "path_node_ids": [8877, 8876, 8868, 8869, 8894, 8895, 9784, 9787, 9789, 9809, 10034, 10037, 10041, 10047, 10045, 10044, 10046, 10239, 10237, 10236, 10238, 10243, 10244, 10242, 10221, 10227, 10229, 10228, 10146, 10144, 10147, 10145, 10157, 10156, 10154, 10155, 10162, 10164, 10163, 10165, 2244, 2246, 2268, 2278, 2283, 2508, 2286, 2298, 2300, 2304, 2307, 2491, 2492, 2493, 2496, 2507, 2506, 2828, 2505, 2809, 2811, 2810, 2728, 2730, 2731, 2729, 2715], "elapsed_seconds": 0.008483100013108924, "status": "success", "failure_reason": "", "route_distance_km": 46.6818229771038, "distance_cost_sum": 51.37636506463169, "population_cost_sum": 27.852606334381576, "traffic_cost_sum": 8.302988119154385, "airspace_cost_sum": 24.000000000000018, "total_weighted_score": 40.024053169073056}, "geometry": {"type": "LineString", "coordinates": [[-89.83272609742262, 38.54503213945896], [-89.83845499191484, 38.54518713674757], [-89.84418393041321, 38.54534185422887], [-89.8499129128385, 38.54549629189633], [-89.85544580003071, 38.55014967657376], [-89.86097939916367, 38.55480282639009], [-89.86651371041694, 38.55945574121343], [-89.8720487339699, 38.56410842091185], [-89.87758447000219, 38.56876086535344], [-89.88312091869335, 38.57341307440625], [-89.88865808022288, 38.57806504793828], [-89.89419595477032, 38.582716785817546], [-89.89973454251535, 38.58736828791202], [-89.90527384363752, 38.59201955408966], [-89.91100686790415, 38.59217115585891], [-89.91673993525164, 38.59232247728969], [-89.9224730456005, 38.59247351837563], [-89.92820619887138, 38.59262427911033], [-89.93393939498483, 38.59277475948747], [-89.93967263386149, 38.59292495950068], [-89.945405915422, 38.59307487914367], [-89.95113923958688, 38.593224518410075], [-89.95687260627673, 38.5933738772936], [-89.96260601541215, 38.59352295578797], [-89.96833946691376, 38.59367175388689], [-89.9740729607021, 38.59382027158407], [-89.97980649669776, 38.593968508873274], [-89.98554007482124, 38.594116465748236], [-89.99127369499321, 38.59426414220273], [-89.99700735713421, 38.594411538230524], [-90.00274106116477, 38.59455865382544], [-90.00847480700546, 38.59470548898121], [-90.01420859457684, 38.5948520436917], [-90.01994242379944, 38.594998317950704], [-90.02567629459381, 38.59514431175206], [-90.03141020688051, 38.59529002508962], [-90.03714416058007, 38.595435457957215], [-90.04287815561301, 38.59558061034875], [-90.04861219189988, 38.59572548225811], [-90.0543462693612, 38.59587007367915], [-90.06008038791752, 38.59601438460579], [-90.06581454748931, 38.596158415031965], [-90.07136573361876, 38.60080225453393], [-90.07691763405278, 38.60544585525359], [-90.08247024897021, 38.61008921705863], [-90.08802357854981, 38.61473233981663], [-90.09375937107193, 38.61487505899075], [-90.09949520417183, 38.615017497448825], [-90.10505004462816, 38.61965986513943], [-90.1106056001435, 38.62430199333239], [-90.11634226958749, 38.624443634935055], [-90.1220789793104, 38.62458499570804], [-90.12781572923257, 38.62472607564535], [-90.13355251927439, 38.62486687474105], [-90.13911038141684, 38.62950773017495], [-90.14484760917111, 38.62964799001386], [-90.15058487681573, 38.629787968948484], [-90.156322184271, 38.62992766697294], [-90.16205953145733, 38.63006708408134], [-90.16779691829495, 38.630206220267794], [-90.17353434470424, 38.6303450755264], [-90.17927181060547, 38.63048364985134], [-90.185009315919, 38.63062194323676], [-90.1907468605651, 38.6307599556768], [-90.1964844444641, 38.63089768716567], [-90.2022220675363, 38.63103513769752], [-90.20795972970198, 38.63117230726659]]}}, {"type": "Feature", "properties": {"route_run_id": "stl_midamerica_to_st_louis_union_station_2026-03-09_0138", "route_pair": "midamerica_to_st_louis_union_station", "route_pair_label": "MidAmerica to St. Louis Union Station", "origin_label": "MidAmerica St. Louis Airport", "destination_label": "St. Louis Union Station", "origin_lat": 38.5451731, "origin_lon": -89.8351856, "destination_lat": 38.629167, "destination_lon": -90.2075, "traffic_date": "2026-03-09", "traffic_dataset": "March 9th - Monday", "weight_id": "w_0138", "distance_weight": 0.2, "population_weight": 0.1, "traffic_weight": 0.7, "airspace_weight": 0.0, "path_nodes": 69, "path_node_ids": [8877, 8876, 8868, 8869, 8870, 8867, 9753, 9754, 9755, 9744, 9742, 9729, 9728, 9719, 9718, 9716, 9717, 7794, 7793, 7795, 9914, 9932, 7806, 9933, 9923, 9922, 7815, 7816, 9820, 9832, 9833, 9821, 7905, 7901, 9823, 9822, 7916, 7915, 7914, 7913, 1933, 1931, 1932, 1917, 1943, 1946, 1970, 1983, 1998, 2003, 2000, 2191, 2194, 2193, 2192, 2185, 2184, 2186, 2421, 2205, 2450, 2451, 2369, 2375, 2399, 2401, 2406, 2729, 2715], "elapsed_seconds": 0.019535600004019216, "status": "success", "failure_reason": "", "route_distance_km": 49.005647847118404, "distance_cost_sum": 53.93388461408666, "population_cost_sum": 26.206694012780464, "traffic_cost_sum": 1.8881849111714815, "airspace_cost_sum": 38.6, "total_weighted_score": 14.729175761915416}, "geometry": {"type": "LineString", "coordinates": [[-89.83272609742262, 38.54503213945896], [-89.83845499191484, 38.54518713674757], [-89.84418393041321, 38.54534185422887], [-89.8499129128385, 38.54549629189633], [-89.85564193911159, 38.545650449743434], [-89.86137100915332, 38.54580432776372], [-89.86710012288452, 38.545957925950695], [-89.87282928022606, 38.546111244297876], [-89.8785584810987, 38.54626428279884], [-89.88428772542336, 38.54641704144712], [-89.8902109731338, 38.54207014196144], [-89.89613350909408, 38.53772290958904], [-89.90186217151818, 38.537874780001516], [-89.90759087705666, 38.53802637062506], [-89.91331962563046, 38.538177681453305], [-89.91904841716038, 38.53832871247986], [-89.9247772515673, 38.53847946369838], [-89.93050612877201, 38.5386299351025], [-89.93623504869535, 38.538780126685914], [-89.94196401125822, 38.538930038442274], [-89.94750265852547, 38.54357929454928], [-89.9532320620738, 38.543728670548404], [-89.9589615080343, 38.543877766656834], [-89.9646909963278, 38.54402658286834], [-89.97042052687505, 38.544175119176636], [-89.97615009959685, 38.54432337557549], [-89.98187971441398, 38.54447135205863], [-89.98760937124719, 38.544619048619815], [-89.99333907001733, 38.54476646525287], [-89.99906881064508, 38.54491360195155], [-90.00479859305136, 38.54506045870968], [-90.01052841715675, 38.54520703552103], [-90.01625828288213, 38.545353332379484], [-90.022173919938, 38.540999417678], [-90.0277181388758, 38.54564508621299], [-90.03344812898557, 38.54579054317578], [-90.03917816039834, 38.54593572016105], [-90.04490823303483, 38.54608061716274], [-90.05063834681579, 38.54622523417469], [-90.05636850166194, 38.546369571190844], [-90.06209869749397, 38.54651362820512], [-90.06782893423272, 38.54665740521145], [-90.07355921179885, 38.54680090220377], [-90.07928953011304, 38.54694411917603], [-90.08483803609515, 38.551587237746496], [-90.09038725467427, 38.55623011778336], [-90.09593718602859, 38.5608727591544], [-90.1014878303364, 38.56551516172741], [-90.10703918777595, 38.57015732537014], [-90.11259125852546, 38.57479924995029], [-90.11832399892143, 38.57494064238296], [-90.12387718012955, 38.579582070024706], [-90.1296103575981, 38.57972292432643], [-90.13534357508938, 38.579863498234836], [-90.14107683252396, 38.580003791744], [-90.14681012982238, 38.58014380484799], [-90.15254346690519, 38.5802835375409], [-90.1580993457009, 38.58492343582021], [-90.16365593845713, 38.58956309408333], [-90.16921324535195, 38.59420251219789], [-90.17477126656355, 38.59884169003141], [-90.18033000227008, 38.60348062745143], [-90.18588945264969, 38.60811932432548], [-90.19144961788064, 38.61275778052102], [-90.19127398739786, 38.61725833052981], [-90.19683518607279, 38.62189656380297], [-90.19665983485031, 38.626397127556444], [-90.2022220675363, 38.63103513769752], [-90.20795972970198, 38.63117230726659]]}}, {"type": "Feature", "properties": {"route_run_id": "stl_midamerica_to_st_louis_union_station_2026-03-09_0269", "route_pair": "midamerica_to_st_louis_union_station", "route_pair_label": "MidAmerica to St. Louis Union Station", "origin_label": "MidAmerica St. Louis Airport", "destination_label": "St. Louis Union Station", "origin_lat": 38.5451731, "origin_lon": -89.8351856, "destination_lat": 38.629167, "destination_lon": -90.2075, "traffic_date": "2026-03-09", "traffic_dataset": "March 9th - Monday", "weight_id": "w_0269", "distance_weight": 0.7, "population_weight": 0.0, "traffic_weight": 0.1, "airspace_weight": 0.2, "path_nodes": 67, "path_node_ids": [8877, 8876, 8892, 8897, 8899, 8926, 9788, 10013, 10014, 10036, 10052, 10054, 10061, 10051, 10049, 10048, 10050, 10253, 10252, 10241, 10240, 10248, 10246, 10247, 10245, 10231, 10230, 10262, 10150, 10148, 10149, 10151, 10161, 10159, 10158, 10160, 10166, 10168, 10167, 10169, 2247, 2269, 2268, 2278, 2283, 2508, 2286, 2298, 2300, 2304, 2307, 2491, 2492, 2818, 2496, 2507, 2506, 2828, 2505, 2809, 2811, 2810, 2728, 2730, 2731, 2729, 2715], "elapsed_seconds": 0.008779499999945983, "status": "success", "failure_reason": "", "route_distance_km": 46.683794018220816, "distance_cost_sum": 51.37853432284669, "population_cost_sum": 28.536414303461722, "traffic_cost_sum": 9.217492375120946, "airspace_cost_sum": 22.6, "total_weighted_score": 41.40672326350478}, "geometry": {"type": "LineString", "coordinates": [[-89.83272609742262, 38.54503213945896], [-89.83845499191484, 38.54518713674757], [-89.84398707949187, 38.54984103165108], [-89.84951987896733, 38.55449469187918], [-89.85505339052077, 38.559148117300026], [-89.86058761433173, 38.563801307781745], [-89.86612255057987, 38.568454263192415], [-89.87165819944471, 38.57310698340007], [-89.87719456110594, 38.577759468272795], [-89.88273163574308, 38.582411717678575], [-89.88826942353593, 38.58706373148541], [-89.89380792466403, 38.591715509561276], [-89.89934713930707, 38.59636705177409], [-89.90508047722643, 38.59651895818466], [-89.91081385831642, 38.59667058421835], [-89.91654728249756, 38.596821929868824], [-89.92228074969049, 38.59697299512966], [-89.92801425981584, 38.59712377999449], [-89.93374781279411, 38.597274284457015], [-89.93948140854593, 38.5974245085108], [-89.94521504699188, 38.5975744521496], [-89.95094872805251, 38.59772411536704], [-89.95668245164843, 38.59787349815684], [-89.96241621770018, 38.59802260051268], [-89.96815002612831, 38.59817142242828], [-89.9738838768534, 38.59831996389739], [-89.97961776979602, 38.59846822491371], [-89.98535170487666, 38.59861620547102], [-89.99108568201598, 38.59876390556306], [-89.99681970113441, 38.59891132518362], [-90.00255376215256, 38.59905846432648], [-90.00828786499093, 38.59920532298544], [-90.01402200957008, 38.5993519011543], [-90.01975619581054, 38.599498198826886], [-90.02549042363282, 38.599644215997024], [-90.03122469295744, 38.59978995265856], [-90.03695900370492, 38.599935408805365], [-90.0426933557958, 38.60008058443128], [-90.04842774915056, 38.600225479530216], [-90.05416218368977, 38.60037009409603], [-90.05989665933384, 38.60051442812264], [-90.06563117600335, 38.600658481603965], [-90.07136573361876, 38.60080225453393], [-90.07691763405278, 38.60544585525359], [-90.08247024897021, 38.61008921705863], [-90.08802357854981, 38.61473233981663], [-90.09375937107193, 38.61487505899075], [-90.09949520417183, 38.615017497448825], [-90.10505004462816, 38.61965986513943], [-90.1106056001435, 38.62430199333239], [-90.11634226958749, 38.624443634935055], [-90.1220789793104, 38.62458499570804], [-90.12781572923257, 38.62472607564535], [-90.13337319363258, 38.629367189437694], [-90.13911038141684, 38.62950773017495], [-90.14484760917111, 38.62964799001386], [-90.15058487681573, 38.629787968948484], [-90.156322184271, 38.62992766697294], [-90.16205953145733, 38.63006708408134], [-90.16779691829495, 38.630206220267794], [-90.17353434470424, 38.6303450755264], [-90.17927181060547, 38.63048364985134], [-90.185009315919, 38.63062194323676], [-90.1907468605651, 38.6307599556768], [-90.1964844444641, 38.63089768716567], [-90.2022220675363, 38.63103513769752], [-90.20795972970198, 38.63117230726659]]}}, {"type": "Feature", "properties": {"route_run_id": "stl_midamerica_to_st_louis_union_station_2026-03-09_0067", "route_pair": "midamerica_to_st_louis_union_station", "route_pair_label": "MidAmerica to St. Louis Union Station", "origin_label": "MidAmerica St. Louis Airport", "destination_label": "St. Louis Union Station", "origin_lat": 38.5451731, "origin_lon": -89.8351856, "destination_lat": 38.629167, "destination_lon": -90.2075, "traffic_date": "2026-03-09", "traffic_dataset": "March 9th - Monday", "weight_id": "w_0067", "distance_weight": 0.1, "population_weight": 0.0, "traffic_weight": 0.0, "airspace_weight": 0.9, "path_nodes": 67, "path_node_ids": [8877, 8876, 8892, 8897, 8899, 8926, 9788, 10013, 10014, 10036, 10052, 10054, 10061, 10051, 10049, 10048, 10050, 10253, 10252, 10241, 10240, 10248, 10246, 10247, 10245, 10231, 10230, 10262, 10150, 10148, 10149, 10151, 10161, 10159, 10158, 10160, 10166, 10168, 10167, 10169, 2247, 2269, 2268, 2257, 2256, 2254, 2279, 2293, 2296, 2301, 2303, 2491, 2492, 2818, 2496, 2507, 2506, 2828, 2505, 2809, 2811, 2810, 2728, 2730, 2731, 2729, 2715], "elapsed_seconds": 0.04217400000197813, "status": "success", "failure_reason": "", "route_distance_km": 46.683328700980354, "distance_cost_sum": 51.37802221113185, "population_cost_sum": 29.474393947782595, "traffic_cost_sum": 11.160766941646196, "airspace_cost_sum": 22.6, "total_weighted_score": 25.477802221113194}, "geometry": {"type": "LineString", "coordinates": [[-89.83272609742262, 38.54503213945896], [-89.83845499191484, 38.54518713674757], [-89.84398707949187, 38.54984103165108], [-89.84951987896733, 38.55449469187918], [-89.85505339052077, 38.559148117300026], [-89.86058761433173, 38.563801307781745], [-89.86612255057987, 38.568454263192415], [-89.87165819944471, 38.57310698340007], [-89.87719456110594, 38.577759468272795], [-89.88273163574308, 38.582411717678575], [-89.88826942353593, 38.58706373148541], [-89.89380792466403, 38.591715509561276], [-89.89934713930707, 38.59636705177409], [-89.90508047722643, 38.59651895818466], [-89.91081385831642, 38.59667058421835], [-89.91654728249756, 38.596821929868824], [-89.92228074969049, 38.59697299512966], [-89.92801425981584, 38.59712377999449], [-89.93374781279411, 38.597274284457015], [-89.93948140854593, 38.5974245085108], [-89.94521504699188, 38.5975744521496], [-89.95094872805251, 38.59772411536704], [-89.95668245164843, 38.59787349815684], [-89.96241621770018, 38.59802260051268], [-89.96815002612831, 38.59817142242828], [-89.9738838768534, 38.59831996389739], [-89.97961776979602, 38.59846822491371], [-89.98535170487666, 38.59861620547102], [-89.99108568201598, 38.59876390556306], [-89.99681970113441, 38.59891132518362], [-90.00255376215256, 38.59905846432648], [-90.00828786499093, 38.59920532298544], [-90.01402200957008, 38.5993519011543], [-90.01975619581054, 38.599498198826886], [-90.02549042363282, 38.599644215997024], [-90.03122469295744, 38.59978995265856], [-90.03695900370492, 38.599935408805365], [-90.0426933557958, 38.60008058443128], [-90.04842774915056, 38.600225479530216], [-90.05416218368977, 38.60037009409603], [-90.05989665933384, 38.60051442812264], [-90.06563117600335, 38.600658481603965], [-90.07136573361876, 38.60080225453393], [-90.07710033210058, 38.60094574690646], [-90.0828349713693, 38.601088958715515], [-90.08856965134538, 38.60123188995506], [-90.0941227455516, 38.605874717602354], [-90.09967655430022, 38.61051730605643], [-90.10523107776994, 38.61515965518486], [-90.11078631613944, 38.61980176485522], [-90.11652262799952, 38.61994338379215], [-90.1220789793104, 38.62458499570804], [-90.12781572923257, 38.62472607564535], [-90.13337319363258, 38.629367189437694], [-90.13911038141684, 38.62950773017495], [-90.14484760917111, 38.62964799001386], [-90.15058487681573, 38.629787968948484], [-90.156322184271, 38.62992766697294], [-90.16205953145733, 38.63006708408134], [-90.16779691829495, 38.630206220267794], [-90.17353434470424, 38.6303450755264], [-90.17927181060547, 38.63048364985134], [-90.185009315919, 38.63062194323676], [-90.1907468605651, 38.6307599556768], [-90.1964844444641, 38.63089768716567], [-90.2022220675363, 38.63103513769752], [-90.20795972970198, 38.63117230726659]]}}, {"type": "Feature", "properties": {"route_run_id": "stl_midamerica_to_st_louis_union_station_2026-03-09_0211", "route_pair": "midamerica_to_st_louis_union_station", "route_pair_label": "MidAmerica to St. Louis Union Station", "origin_label": "MidAmerica St. Louis Airport", "destination_label": "St. Louis Union Station", "origin_lat": 38.5451731, "origin_lon": -89.8351856, "destination_lat": 38.629167, "destination_lon": -90.2075, "traffic_date": "2026-03-09", "traffic_dataset": "March 9th - Monday", "weight_id": "w_0211", "distance_weight": 0.4, "population_weight": 0.1, "traffic_weight": 0.0, "airspace_weight": 0.5, "path_nodes": 67, "path_node_ids": [8877, 8879, 8896, 8900, 8924, 8930, 10012, 10015, 10019, 10053, 10057, 10054, 10061, 10051, 10049, 10072, 10079, 10284, 10288, 10286, 10289, 10294, 10281, 10292, 10293, 10304, 10303, 10302, 10315, 10316, 10312, 10181, 10203, 10200, 10202, 10201, 10189, 10190, 10188, 10191, 2276, 2518, 2277, 2509, 2287, 2508, 2286, 2298, 2300, 2301, 2307, 2491, 2492, 2818, 2496, 2507, 2506, 2828, 2505, 2809, 2811, 2810, 2728, 2730, 2731, 2729, 2715], "elapsed_seconds": 0.01866839997819625, "status": "success", "failure_reason": "", "route_distance_km": 47.22076683153593, "distance_cost_sum": 51.969507629527335, "population_cost_sum": 20.395919900589973, "traffic_cost_sum": 13.564446293658838, "airspace_cost_sum": 22.6, "total_weighted_score": 34.12739504186994}, "geometry": {"type": "LineString", "coordinates": [[-89.83272609742262, 38.54503213945896], [-89.83825778508921, 38.54968628939868], [-89.84379018463301, 38.55434020475587], [-89.84932329623358, 38.558993885398685], [-89.85485712007056, 38.56364733119524], [-89.86039165632353, 38.56830054201366], [-89.86592690517212, 38.57295351772198], [-89.871462866796, 38.577606258188254], [-89.87699954137483, 38.582258763280514], [-89.88253692908823, 38.586911032866766], [-89.88807503011597, 38.59156306681497], [-89.89380792466403, 38.591715509561276], [-89.89934713930707, 38.59636705177409], [-89.90508047722643, 38.59651895818466], [-89.91081385831642, 38.59667058421835], [-89.91635458673171, 38.60132137816604], [-89.92189602906302, 38.60597193580059], [-89.92743818549003, 38.61062225698987], [-89.93298105619242, 38.615272341601674], [-89.93871608023923, 38.61542266184741], [-89.94445114702152, 38.615572701498955], [-89.95018625645967, 38.61572246055001], [-89.9559214084743, 38.61587193899423], [-89.9616566029858, 38.61602113682532], [-89.96739183991471, 38.61617005403699], [-89.97312711918148, 38.61631869062297], [-89.97886244070665, 38.616467046576965], [-89.9845978044106, 38.61661512189275], [-89.9903332102139, 38.61676291656407], [-89.99606865803695, 38.61691043058469], [-90.00199161415404, 38.61255787040093], [-90.00772678846238, 38.612704799586744], [-90.01346200454176, 38.612851448148064], [-90.01919726231266, 38.612997816078675], [-90.02493256169556, 38.61314390337241], [-90.03066790261092, 38.61328971002312], [-90.03640328497923, 38.613435236024664], [-90.04213870872088, 38.61358048137086], [-90.04787417375634, 38.61372544605564], [-90.05360968000618, 38.61387013007287], [-90.0593452273907, 38.61401453341643], [-90.0650808158304, 38.61415865608025], [-90.07081644524574, 38.61430249805824], [-90.07655211555712, 38.614446059344324], [-90.08228782668499, 38.614589339932465], [-90.08802357854981, 38.61473233981663], [-90.09375937107193, 38.61487505899075], [-90.09949520417183, 38.615017497448825], [-90.10505004462816, 38.61965986513943], [-90.11078631613944, 38.61980176485522], [-90.11634226958749, 38.624443634935055], [-90.1220789793104, 38.62458499570804], [-90.12781572923257, 38.62472607564535], [-90.13337319363258, 38.629367189437694], [-90.13911038141684, 38.62950773017495], [-90.14484760917111, 38.62964799001386], [-90.15058487681573, 38.629787968948484], [-90.156322184271, 38.62992766697294], [-90.16205953145733, 38.63006708408134], [-90.16779691829495, 38.630206220267794], [-90.17353434470424, 38.6303450755264], [-90.17927181060547, 38.63048364985134], [-90.185009315919, 38.63062194323676], [-90.1907468605651, 38.6307599556768], [-90.1964844444641, 38.63089768716567], [-90.2022220675363, 38.63103513769752], [-90.20795972970198, 38.63117230726659]]}}, {"type": "Feature", "properties": {"route_run_id": "stl_midamerica_to_st_louis_union_station_2026-03-09_0136", "route_pair": "midamerica_to_st_louis_union_station", "route_pair_label": "MidAmerica to St. Louis Union Station", "origin_label": "MidAmerica St. Louis Airport", "destination_label": "St. Louis Union Station", "origin_lat": 38.5451731, "origin_lon": -89.8351856, "destination_lat": 38.629167, "destination_lon": -90.2075, "traffic_date": "2026-03-09", "traffic_dataset": "March 9th - Monday", "weight_id": "w_0136", "distance_weight": 0.2, "population_weight": 0.1, "traffic_weight": 0.5, "airspace_weight": 0.2, "path_nodes": 68, "path_node_ids": [8877, 8881, 8904, 8922, 8923, 8927, 9145, 10016, 10018, 10062, 10055, 10058, 10094, 10096, 10103, 10104, 10110, 10109, 10291, 10512, 10290, 10289, 10294, 10281, 10292, 10293, 10304, 10303, 10302, 10315, 10316, 10317, 10314, 10207, 10206, 10204, 10205, 10189, 10190, 10322, 10327, 2548, 2550, 2556, 2549, 2542, 2546, 2579, 2560, 2564, 2567, 2566, 2844, 2842, 2838, 2827, 2836, 2848, 2850, 2837, 2859, 2858, 2860, 2759, 2734, 2731, 2729, 2715], "elapsed_seconds": 0.026763200003188103, "status": "success", "failure_reason": "", "route_distance_km": 51.33214294320638, "distance_cost_sum": 56.4943429200169, "population_cost_sum": 15.765124992156018, "traffic_cost_sum": 5.239900597926796, "airspace_cost_sum": 24.4, "total_weighted_score": 20.37533138218238}, "geometry": {"type": "LineString", "coordinates": [[-89.83272609742262, 38.54503213945896], [-89.83252853470323, 38.54953126729425], [-89.83806053424684, 38.55418543772932], [-89.84359324582596, 38.558839373542895], [-89.84912666962028, 38.563493074603095], [-89.85466080580946, 38.568146540778045], [-89.86019565457306, 38.572799771935806], [-89.86573121609086, 38.57745276794444], [-89.87126749054252, 38.58210552867199], [-89.8768044781077, 38.58675805398646], [-89.88234217896623, 38.591410343755804], [-89.8878805932977, 38.59606239784802], [-89.89341972128202, 38.600714216131045], [-89.89895956309883, 38.60536579847276], [-89.90450011892796, 38.61001714474108], [-89.91004138894921, 38.614668254803874], [-89.9155833733424, 38.61931912852895], [-89.92131862594731, 38.619470314708934], [-89.92705392153653, 38.61962122026898], [-89.93278926003055, 38.619771845202735], [-89.93852464134986, 38.619922189503846], [-89.94445114702152, 38.615572701498955], [-89.95018625645967, 38.61572246055001], [-89.9559214084743, 38.61587193899423], [-89.9616566029858, 38.61602113682532], [-89.96739183991471, 38.61617005403699], [-89.97312711918148, 38.61631869062297], [-89.97886244070665, 38.616467046576965], [-89.9845978044106, 38.61661512189275], [-89.9903332102139, 38.61676291656407], [-89.99606865803695, 38.61691043058469], [-90.00180414780024, 38.61705766394838], [-90.00753967942423, 38.617204616648934], [-90.01327525282936, 38.61735128868017], [-90.01901086793612, 38.61749768003589], [-90.02474652466493, 38.617643790709906], [-90.03048222293627, 38.617789620696094], [-90.03640328497923, 38.613435236024664], [-90.04213870872088, 38.61358048137086], [-90.04768956620967, 38.61822542646607], [-90.05324113855997, 38.6228701329926], [-90.0587934259509, 38.627514600818145], [-90.06434642856152, 38.63215882981023], [-90.0699001465709, 38.63680281983647], [-90.07582058868887, 38.63244641710234], [-90.08155773007638, 38.632589789435436], [-90.08711264394572, 38.63723300565962], [-90.09266827345223, 38.64187598250663], [-90.09840625259658, 38.64201855779177], [-90.10396299643912, 38.64666103690741], [-90.10970141459032, 38.646803072928776], [-90.11543987314892, 38.64694482790208], [-90.12117837203515, 38.64708630182135], [-90.12691691116937, 38.64722749468063], [-90.13283497637043, 38.64286810847808], [-90.13857323774008, 38.64300871669927], [-90.144490269036, 38.638648696766005], [-90.15004988039681, 38.64328909003685], [-90.15578826152439, 38.64342885514139], [-90.16152668241186, 38.64356833919522], [-90.16726514297947, 38.64370754219247], [-90.17300364314747, 38.64384646412727], [-90.17874218283609, 38.64398510499372], [-90.18465698596519, 38.639622961753446], [-90.19057107312773, 38.63526048909833], [-90.1964844444641, 38.63089768716567], [-90.2022220675363, 38.63103513769752], [-90.20795972970198, 38.63117230726659]]}}, {"type": "Feature", "properties": {"route_run_id": "stl_midamerica_to_st_louis_union_station_2026-03-09_0070", "route_pair": "midamerica_to_st_louis_union_station", "route_pair_label": "MidAmerica to St. Louis Union Station", "origin_label": "MidAmerica St. Louis Airport", "destination_label": "St. Louis Union Station", "origin_lat": 38.5451731, "origin_lon": -89.8351856, "destination_lat": 38.629167, "destination_lon": -90.2075, "traffic_date": "2026-03-09", "traffic_dataset": "March 9th - Monday", "weight_id": "w_0070", "distance_weight": 0.1, "population_weight": 0.0, "traffic_weight": 0.3, "airspace_weight": 0.6, "path_nodes": 67, "path_node_ids": [8877, 8876, 8892, 8897, 8899, 8926, 9788, 10013, 10014, 10036, 10052, 10054, 10061, 10051, 10049, 10048, 10050, 10253, 10252, 10241, 10240, 10248, 10246, 10247, 10245, 10231, 10230, 10262, 10150, 10148, 10149, 10151, 10161, 10156, 10154, 10155, 10162, 10164, 10163, 10165, 2244, 2246, 2268, 2278, 2283, 2508, 2286, 2298, 2300, 2304, 2531, 2819, 2820, 2822, 2825, 2836, 2848, 2850, 2837, 2859, 2858, 2815, 2759, 2734, 2731, 2729, 2715], "elapsed_seconds": 0.03889390002586879, "status": "success", "failure_reason": "", "route_distance_km": 48.81678601447848, "distance_cost_sum": 53.726029953713976, "population_cost_sum": 28.570091945307983, "traffic_cost_sum": 5.278783894524551, "airspace_cost_sum": 22.6, "total_weighted_score": 20.516238163728772}, "geometry": {"type": "LineString", "coordinates": [[-89.83272609742262, 38.54503213945896], [-89.83845499191484, 38.54518713674757], [-89.84398707949187, 38.54984103165108], [-89.84951987896733, 38.55449469187918], [-89.85505339052077, 38.559148117300026], [-89.86058761433173, 38.563801307781745], [-89.86612255057987, 38.568454263192415], [-89.87165819944471, 38.57310698340007], [-89.87719456110594, 38.577759468272795], [-89.88273163574308, 38.582411717678575], [-89.88826942353593, 38.58706373148541], [-89.89380792466403, 38.591715509561276], [-89.89934713930707, 38.59636705177409], [-89.90508047722643, 38.59651895818466], [-89.91081385831642, 38.59667058421835], [-89.91654728249756, 38.596821929868824], [-89.92228074969049, 38.59697299512966], [-89.92801425981584, 38.59712377999449], [-89.93374781279411, 38.597274284457015], [-89.93948140854593, 38.5974245085108], [-89.94521504699188, 38.5975744521496], [-89.95094872805251, 38.59772411536704], [-89.95668245164843, 38.59787349815684], [-89.96241621770018, 38.59802260051268], [-89.96815002612831, 38.59817142242828], [-89.9738838768534, 38.59831996389739], [-89.97961776979602, 38.59846822491371], [-89.98535170487666, 38.59861620547102], [-89.99108568201598, 38.59876390556306], [-89.99681970113441, 38.59891132518362], [-90.00255376215256, 38.59905846432648], [-90.00828786499093, 38.59920532298544], [-90.01402200957008, 38.5993519011543], [-90.01994242379944, 38.594998317950704], [-90.02567629459381, 38.59514431175206], [-90.03141020688051, 38.59529002508962], [-90.03714416058007, 38.595435457957215], [-90.04287815561301, 38.59558061034875], [-90.04861219189988, 38.59572548225811], [-90.0543462693612, 38.59587007367915], [-90.06008038791752, 38.59601438460579], [-90.06581454748931, 38.596158415031965], [-90.07136573361876, 38.60080225453393], [-90.07691763405278, 38.60544585525359], [-90.08247024897021, 38.61008921705863], [-90.08802357854981, 38.61473233981663], [-90.09375937107193, 38.61487505899075], [-90.09949520417183, 38.615017497448825], [-90.10505004462816, 38.61965986513943], [-90.1106056001435, 38.62430199333239], [-90.11616187089658, 38.62894388189524], [-90.12171885706623, 38.633585530695484], [-90.12745632243416, 38.63372665579325], [-90.13319382794117, 38.633867499959656], [-90.13875232561846, 38.63850839203032], [-90.144490269036, 38.638648696766005], [-90.15004988039681, 38.64328909003685], [-90.15578826152439, 38.64342885514139], [-90.16152668241186, 38.64356833919522], [-90.16726514297947, 38.64370754219247], [-90.17300364314747, 38.64384646412727], [-90.17891876485407, 38.63948462409952], [-90.18465698596519, 38.639622961753446], [-90.19057107312773, 38.63526048909833], [-90.1964844444641, 38.63089768716567], [-90.2022220675363, 38.63103513769752], [-90.20795972970198, 38.63117230726659]]}}, {"type": "Feature", "properties": {"route_run_id": "stl_midamerica_to_st_louis_union_station_2026-03-09_0253", "route_pair": "midamerica_to_st_louis_union_station", "route_pair_label": "MidAmerica to St. Louis Union Station", "origin_label": "MidAmerica St. Louis Airport", "destination_label": "St. Louis Union Station", "origin_lat": 38.5451731, "origin_lon": -89.8351856, "destination_lat": 38.629167, "destination_lon": -90.2075, "traffic_date": "2026-03-09", "traffic_dataset": "March 9th - Monday", "weight_id": "w_0253", "distance_weight": 0.6, "population_weight": 0.0, "traffic_weight": 0.0, "airspace_weight": 0.4, "path_nodes": 67, "path_node_ids": [8877, 8876, 8892, 8897, 8899, 8926, 9788, 10013, 10014, 10036, 10052, 10054, 10061, 10051, 10049, 10048, 10050, 10253, 10252, 10241, 10240, 10248, 10246, 10247, 10245, 10231, 10230, 10262, 10150, 10148, 10149, 10151, 10161, 10159, 10158, 10160, 10166, 10168, 10167, 10169, 2247, 2269, 2268, 2257, 2256, 2254, 2279, 2293, 2296, 2301, 2303, 2491, 2492, 2818, 2496, 2507, 2506, 2828, 2505, 2809, 2811, 2810, 2728, 2730, 2731, 2729, 2715], "elapsed_seconds": 0.010783400008222088, "status": "success", "failure_reason": "", "route_distance_km": 46.683328700980354, "distance_cost_sum": 51.37802221113185, "population_cost_sum": 29.474393947782595, "traffic_cost_sum": 11.160766941646196, "airspace_cost_sum": 22.6, "total_weighted_score": 39.866813326679114}, "geometry": {"type": "LineString", "coordinates": [[-89.83272609742262, 38.54503213945896], [-89.83845499191484, 38.54518713674757], [-89.84398707949187, 38.54984103165108], [-89.84951987896733, 38.55449469187918], [-89.85505339052077, 38.559148117300026], [-89.86058761433173, 38.563801307781745], [-89.86612255057987, 38.568454263192415], [-89.87165819944471, 38.57310698340007], [-89.87719456110594, 38.577759468272795], [-89.88273163574308, 38.582411717678575], [-89.88826942353593, 38.58706373148541], [-89.89380792466403, 38.591715509561276], [-89.89934713930707, 38.59636705177409], [-89.90508047722643, 38.59651895818466], [-89.91081385831642, 38.59667058421835], [-89.91654728249756, 38.596821929868824], [-89.92228074969049, 38.59697299512966], [-89.92801425981584, 38.59712377999449], [-89.93374781279411, 38.597274284457015], [-89.93948140854593, 38.5974245085108], [-89.94521504699188, 38.5975744521496], [-89.95094872805251, 38.59772411536704], [-89.95668245164843, 38.59787349815684], [-89.96241621770018, 38.59802260051268], [-89.96815002612831, 38.59817142242828], [-89.9738838768534, 38.59831996389739], [-89.97961776979602, 38.59846822491371], [-89.98535170487666, 38.59861620547102], [-89.99108568201598, 38.59876390556306], [-89.99681970113441, 38.59891132518362], [-90.00255376215256, 38.59905846432648], [-90.00828786499093, 38.59920532298544], [-90.01402200957008, 38.5993519011543], [-90.01975619581054, 38.599498198826886], [-90.02549042363282, 38.599644215997024], [-90.03122469295744, 38.59978995265856], [-90.03695900370492, 38.599935408805365], [-90.0426933557958, 38.60008058443128], [-90.04842774915056, 38.600225479530216], [-90.05416218368977, 38.60037009409603], [-90.05989665933384, 38.60051442812264], [-90.06563117600335, 38.600658481603965], [-90.07136573361876, 38.60080225453393], [-90.07710033210058, 38.60094574690646], [-90.0828349713693, 38.601088958715515], [-90.08856965134538, 38.60123188995506], [-90.0941227455516, 38.605874717602354], [-90.09967655430022, 38.61051730605643], [-90.10523107776994, 38.61515965518486], [-90.11078631613944, 38.61980176485522], [-90.11652262799952, 38.61994338379215], [-90.1220789793104, 38.62458499570804], [-90.12781572923257, 38.62472607564535], [-90.13337319363258, 38.629367189437694], [-90.13911038141684, 38.62950773017495], [-90.14484760917111, 38.62964799001386], [-90.15058487681573, 38.629787968948484], [-90.156322184271, 38.62992766697294], [-90.16205953145733, 38.63006708408134], [-90.16779691829495, 38.630206220267794], [-90.17353434470424, 38.6303450755264], [-90.17927181060547, 38.63048364985134], [-90.185009315919, 38.63062194323676], [-90.1907468605651, 38.6307599556768], [-90.1964844444641, 38.63089768716567], [-90.2022220675363, 38.63103513769752], [-90.20795972970198, 38.63117230726659]]}}, {"type": "Feature", "properties": {"route_run_id": "stl_midamerica_to_st_louis_union_station_2026-03-09_0126", "route_pair": "midamerica_to_st_louis_union_station", "route_pair_label": "MidAmerica to St. Louis Union Station", "origin_label": "MidAmerica St. Louis Airport", "destination_label": "St. Louis Union Station", "origin_lat": 38.5451731, "origin_lon": -89.8351856, "destination_lat": 38.629167, "destination_lon": -90.2075, "traffic_date": "2026-03-09", "traffic_dataset": "March 9th - Monday", "weight_id": "w_0126", "distance_weight": 0.2, "population_weight": 0.0, "traffic_weight": 0.4, "airspace_weight": 0.4, "path_nodes": 67, "path_node_ids": [8877, 8876, 8892, 8897, 8899, 8926, 9788, 10013, 10014, 10036, 10052, 10054, 10061, 10051, 10049, 10048, 10050, 10253, 10252, 10241, 10240, 10248, 10246, 10247, 10245, 10231, 10230, 10262, 10150, 10148, 10149, 10151, 10161, 10156, 10154, 10155, 10162, 10164, 10163, 10165, 2244, 2246, 2268, 2278, 2283, 2508, 2286, 2298, 2300, 2304, 2531, 2819, 2820, 2822, 2825, 2836, 2848, 2850, 2837, 2859, 2858, 2815, 2759, 2734, 2731, 2729, 2715], "elapsed_seconds": 0.02689129998907447, "status": "success", "failure_reason": "", "route_distance_km": 48.81678601447848, "distance_cost_sum": 53.726029953713976, "population_cost_sum": 28.570091945307983, "traffic_cost_sum": 5.278783894524551, "airspace_cost_sum": 22.6, "total_weighted_score": 21.89671954855262}, "geometry": {"type": "LineString", "coordinates": [[-89.83272609742262, 38.54503213945896], [-89.83845499191484, 38.54518713674757], [-89.84398707949187, 38.54984103165108], [-89.84951987896733, 38.55449469187918], [-89.85505339052077, 38.559148117300026], [-89.86058761433173, 38.563801307781745], [-89.86612255057987, 38.568454263192415], [-89.87165819944471, 38.57310698340007], [-89.87719456110594, 38.577759468272795], [-89.88273163574308, 38.582411717678575], [-89.88826942353593, 38.58706373148541], [-89.89380792466403, 38.591715509561276], [-89.89934713930707, 38.59636705177409], [-89.90508047722643, 38.59651895818466], [-89.91081385831642, 38.59667058421835], [-89.91654728249756, 38.596821929868824], [-89.92228074969049, 38.59697299512966], [-89.92801425981584, 38.59712377999449], [-89.93374781279411, 38.597274284457015], [-89.93948140854593, 38.5974245085108], [-89.94521504699188, 38.5975744521496], [-89.95094872805251, 38.59772411536704], [-89.95668245164843, 38.59787349815684], [-89.96241621770018, 38.59802260051268], [-89.96815002612831, 38.59817142242828], [-89.9738838768534, 38.59831996389739], [-89.97961776979602, 38.59846822491371], [-89.98535170487666, 38.59861620547102], [-89.99108568201598, 38.59876390556306], [-89.99681970113441, 38.59891132518362], [-90.00255376215256, 38.59905846432648], [-90.00828786499093, 38.59920532298544], [-90.01402200957008, 38.5993519011543], [-90.01994242379944, 38.594998317950704], [-90.02567629459381, 38.59514431175206], [-90.03141020688051, 38.59529002508962], [-90.03714416058007, 38.595435457957215], [-90.04287815561301, 38.59558061034875], [-90.04861219189988, 38.59572548225811], [-90.0543462693612, 38.59587007367915], [-90.06008038791752, 38.59601438460579], [-90.06581454748931, 38.596158415031965], [-90.07136573361876, 38.60080225453393], [-90.07691763405278, 38.60544585525359], [-90.08247024897021, 38.61008921705863], [-90.08802357854981, 38.61473233981663], [-90.09375937107193, 38.61487505899075], [-90.09949520417183, 38.615017497448825], [-90.10505004462816, 38.61965986513943], [-90.1106056001435, 38.62430199333239], [-90.11616187089658, 38.62894388189524], [-90.12171885706623, 38.633585530695484], [-90.12745632243416, 38.63372665579325], [-90.13319382794117, 38.633867499959656], [-90.13875232561846, 38.63850839203032], [-90.144490269036, 38.638648696766005], [-90.15004988039681, 38.64328909003685], [-90.15578826152439, 38.64342885514139], [-90.16152668241186, 38.64356833919522], [-90.16726514297947, 38.64370754219247], [-90.17300364314747, 38.64384646412727], [-90.17891876485407, 38.63948462409952], [-90.18465698596519, 38.639622961753446], [-90.19057107312773, 38.63526048909833], [-90.1964844444641, 38.63089768716567], [-90.2022220675363, 38.63103513769752], [-90.20795972970198, 38.63117230726659]]}}, {"type": "Feature", "properties": {"route_run_id": "stl_midamerica_to_st_louis_union_station_2026-03-09_0219", "route_pair": "midamerica_to_st_louis_union_station", "route_pair_label": "MidAmerica to St. Louis Union Station", "origin_label": "MidAmerica St. Louis Airport", "destination_label": "St. Louis Union Station", "origin_lat": 38.5451731, "origin_lon": -89.8351856, "destination_lat": 38.629167, "destination_lon": -90.2075, "traffic_date": "2026-03-09", "traffic_dataset": "March 9th - Monday", "weight_id": "w_0219", "distance_weight": 0.4, "population_weight": 0.2, "traffic_weight": 0.2, "airspace_weight": 0.2, "path_nodes": 68, "path_node_ids": [8877, 8881, 8904, 8922, 8923, 8927, 9145, 10016, 10018, 10062, 10055, 10058, 10094, 10096, 10103, 10104, 10110, 10109, 10516, 10515, 10514, 10517, 10298, 10295, 10296, 10297, 10307, 10305, 10306, 10319, 10321, 10320, 10318, 10211, 10210, 10208, 10209, 10326, 10328, 10329, 10327, 2548, 2550, 2556, 2553, 2544, 2546, 2579, 2560, 2564, 2567, 2566, 2844, 2842, 2838, 2827, 2849, 2848, 2850, 2837, 2859, 2858, 2860, 2759, 2734, 2731, 2729, 2715], "elapsed_seconds": 0.018728000024566427, "status": "success", "failure_reason": "", "route_distance_km": 49.73411900875928, "distance_cost_sum": 54.735614237153726, "population_cost_sum": 14.655050387628872, "traffic_cost_sum": 7.056213771582748, "airspace_cost_sum": 24.4, "total_weighted_score": 31.11649852670382}, "geometry": {"type": "LineString", "coordinates": [[-89.83272609742262, 38.54503213945896], [-89.83252853470323, 38.54953126729425], [-89.83806053424684, 38.55418543772932], [-89.84359324582596, 38.558839373542895], [-89.84912666962028, 38.563493074603095], [-89.85466080580946, 38.568146540778045], [-89.86019565457306, 38.572799771935806], [-89.86573121609086, 38.57745276794444], [-89.87126749054252, 38.58210552867199], [-89.8768044781077, 38.58675805398646], [-89.88234217896623, 38.591410343755804], [-89.8878805932977, 38.59606239784802], [-89.89341972128202, 38.600714216131045], [-89.89895956309883, 38.60536579847276], [-89.90450011892796, 38.61001714474108], [-89.91004138894921, 38.614668254803874], [-89.9155833733424, 38.61931912852895], [-89.92131862594731, 38.619470314708934], [-89.9268617252078, 38.624120695492145], [-89.93259742104341, 38.62427134452904], [-89.93833315971467, 38.6244217128885], [-89.94406894114202, 38.62457180056415], [-89.94999553214618, 38.62022203618278], [-89.95573104146416, 38.620371538547964], [-89.96146659328937, 38.6205207602552], [-89.96720218754218, 38.620669701298226], [-89.97293782414316, 38.62081836167072], [-89.97867350301271, 38.62096674136646], [-89.98440922407127, 38.621114840379136], [-89.99014498723932, 38.62126265870254], [-89.99588079243732, 38.621410196330416], [-90.00161663958568, 38.62155745325657], [-90.00735252860491, 38.621704429474754], [-90.01308845941536, 38.6218511249788], [-90.01882443193752, 38.62199753976251], [-90.0245604460918, 38.62214367381969], [-90.03029650179865, 38.62228952714421], [-90.03603259897847, 38.622435099729884], [-90.04176873755169, 38.622580391570615], [-90.04750491743872, 38.62272540266021], [-90.05324113855997, 38.6228701329926], [-90.0587934259509, 38.627514600818145], [-90.06434642856152, 38.63215882981023], [-90.0699001465709, 38.63680281983647], [-90.0756376048565, 38.63694649603503], [-90.08137510400799, 38.63708989131143], [-90.08711264394572, 38.63723300565962], [-90.09266827345223, 38.64187598250663], [-90.09840625259658, 38.64201855779177], [-90.10396299643912, 38.64666103690741], [-90.10970141459032, 38.646803072928776], [-90.11543987314892, 38.64694482790208], [-90.12117837203515, 38.64708630182135], [-90.12691691116937, 38.64722749468063], [-90.13283497637043, 38.64286810847808], [-90.13857323774008, 38.64300871669927], [-90.14431153910874, 38.643149043887504], [-90.15004988039681, 38.64328909003685], [-90.15578826152439, 38.64342885514139], [-90.16152668241186, 38.64356833919522], [-90.16726514297947, 38.64370754219247], [-90.17300364314747, 38.64384646412727], [-90.17874218283609, 38.64398510499372], [-90.18465698596519, 38.639622961753446], [-90.19057107312773, 38.63526048909833], [-90.1964844444641, 38.63089768716567], [-90.2022220675363, 38.63103513769752], [-90.20795972970198, 38.63117230726659]]}}, {"type": "Feature", "properties": {"route_run_id": "stl_midamerica_to_st_louis_union_station_2026-03-09_0133", "route_pair": "midamerica_to_st_louis_union_station", "route_pair_label": "MidAmerica to St. Louis Union Station", "origin_label": "MidAmerica St. Louis Airport", "destination_label": "St. Louis Union Station", "origin_lat": 38.5451731, "origin_lon": -89.8351856, "destination_lat": 38.629167, "destination_lon": -90.2075, "traffic_date": "2026-03-09", "traffic_dataset": "March 9th - Monday", "weight_id": "w_0133", "distance_weight": 0.2, "population_weight": 0.1, "traffic_weight": 0.2, "airspace_weight": 0.5, "path_nodes": 68, "path_node_ids": [8877, 8881, 8904, 8922, 8923, 8927, 9145, 10016, 10018, 10062, 10055, 10058, 10094, 10096, 10103, 10104, 10110, 10109, 10291, 10512, 10290, 10289, 10294, 10281, 10292, 10293, 10304, 10303, 10302, 10315, 10316, 10312, 10181, 10203, 10200, 10202, 10201, 10185, 10182, 10171, 10183, 2270, 2272, 2274, 2285, 2283, 2508, 2286, 2298, 2300, 2304, 2531, 2819, 2820, 2822, 2825, 2836, 2848, 2850, 2837, 2859, 2858, 2860, 2759, 2734, 2731, 2729, 2715], "elapsed_seconds": 0.032604800013359636, "status": "success", "failure_reason": "", "route_distance_km": 50.79523521294086, "distance_cost_sum": 55.903441241441215, "population_cost_sum": 18.043145511267397, "traffic_cost_sum": 6.945897609032696, "airspace_cost_sum": 22.6, "total_weighted_score": 25.67418232122153}, "geometry": {"type": "LineString", "coordinates": [[-89.83272609742262, 38.54503213945896], [-89.83252853470323, 38.54953126729425], [-89.83806053424684, 38.55418543772932], [-89.84359324582596, 38.558839373542895], [-89.84912666962028, 38.563493074603095], [-89.85466080580946, 38.568146540778045], [-89.86019565457306, 38.572799771935806], [-89.86573121609086, 38.57745276794444], [-89.87126749054252, 38.58210552867199], [-89.8768044781077, 38.58675805398646], [-89.88234217896623, 38.591410343755804], [-89.8878805932977, 38.59606239784802], [-89.89341972128202, 38.600714216131045], [-89.89895956309883, 38.60536579847276], [-89.90450011892796, 38.61001714474108], [-89.91004138894921, 38.614668254803874], [-89.9155833733424, 38.61931912852895], [-89.92131862594731, 38.619470314708934], [-89.92705392153653, 38.61962122026898], [-89.93278926003055, 38.619771845202735], [-89.93852464134986, 38.619922189503846], [-89.94445114702152, 38.615572701498955], [-89.95018625645967, 38.61572246055001], [-89.9559214084743, 38.61587193899423], [-89.9616566029858, 38.61602113682532], [-89.96739183991471, 38.61617005403699], [-89.97312711918148, 38.61631869062297], [-89.97886244070665, 38.616467046576965], [-89.9845978044106, 38.61661512189275], [-89.9903332102139, 38.61676291656407], [-89.99606865803695, 38.61691043058469], [-90.00199161415404, 38.61255787040093], [-90.00772678846238, 38.612704799586744], [-90.01346200454176, 38.612851448148064], [-90.01919726231266, 38.612997816078675], [-90.02493256169556, 38.61314390337241], [-90.03066790261092, 38.61328971002312], [-90.03658856591449, 38.60893529783942], [-90.04250851471467, 38.60458055429603], [-90.04824326521684, 38.6047254725874], [-90.05397805691341, 38.60487011030083], [-90.05971288972478, 38.60501446743025], [-90.06544776357148, 38.60515854396957], [-90.07099958225297, 38.609802421087586], [-90.07673489520826, 38.60994595939966], [-90.08247024897021, 38.61008921705863], [-90.08802357854981, 38.61473233981663], [-90.09375937107193, 38.61487505899075], [-90.09949520417183, 38.615017497448825], [-90.10505004462816, 38.61965986513943], [-90.1106056001435, 38.62430199333239], [-90.11616187089658, 38.62894388189524], [-90.12171885706623, 38.633585530695484], [-90.12745632243416, 38.63372665579325], [-90.13319382794117, 38.633867499959656], [-90.13875232561846, 38.63850839203032], [-90.144490269036, 38.638648696766005], [-90.15004988039681, 38.64328909003685], [-90.15578826152439, 38.64342885514139], [-90.16152668241186, 38.64356833919522], [-90.16726514297947, 38.64370754219247], [-90.17300364314747, 38.64384646412727], [-90.17874218283609, 38.64398510499372], [-90.18465698596519, 38.639622961753446], [-90.19057107312773, 38.63526048909833], [-90.1964844444641, 38.63089768716567], [-90.2022220675363, 38.63103513769752], [-90.20795972970198, 38.63117230726659]]}}, {"type": "Feature", "properties": {"route_run_id": "stl_midamerica_to_st_louis_union_station_2026-03-09_0134", "route_pair": "midamerica_to_st_louis_union_station", "route_pair_label": "MidAmerica to St. Louis Union Station", "origin_label": "MidAmerica St. Louis Airport", "destination_label": "St. Louis Union Station", "origin_lat": 38.5451731, "origin_lon": -89.8351856, "destination_lat": 38.629167, "destination_lon": -90.2075, "traffic_date": "2026-03-09", "traffic_dataset": "March 9th - Monday", "weight_id": "w_0134", "distance_weight": 0.2, "population_weight": 0.1, "traffic_weight": 0.3, "airspace_weight": 0.4, "path_nodes": 68, "path_node_ids": [8877, 8881, 8904, 8922, 8923, 8927, 9145, 10016, 10018, 10062, 10055, 10058, 10094, 10096, 10103, 10104, 10110, 10109, 10291, 10512, 10290, 10289, 10294, 10281, 10292, 10293, 10304, 10303, 10302, 10315, 10316, 10312, 10181, 10199, 10193, 10158, 10160, 10166, 10168, 10167, 10169, 2247, 2272, 2274, 2285, 2283, 2508, 2286, 2298, 2300, 2304, 2531, 2819, 2820, 2822, 2825, 2836, 2848, 2850, 2837, 2859, 2858, 2860, 2759, 2734, 2731, 2729, 2715], "elapsed_seconds": 0.03140290000010282, "status": "success", "failure_reason": "", "route_distance_km": 51.32745383986474, "distance_cost_sum": 56.489182258548624, "population_cost_sum": 19.448692536273175, "traffic_cost_sum": 5.918205156883405, "airspace_cost_sum": 22.6, "total_weighted_score": 24.058167252402068}, "geometry": {"type": "LineString", "coordinates": [[-89.83272609742262, 38.54503213945896], [-89.83252853470323, 38.54953126729425], [-89.83806053424684, 38.55418543772932], [-89.84359324582596, 38.558839373542895], [-89.84912666962028, 38.563493074603095], [-89.85466080580946, 38.568146540778045], [-89.86019565457306, 38.572799771935806], [-89.86573121609086, 38.57745276794444], [-89.87126749054252, 38.58210552867199], [-89.8768044781077, 38.58675805398646], [-89.88234217896623, 38.591410343755804], [-89.8878805932977, 38.59606239784802], [-89.89341972128202, 38.600714216131045], [-89.89895956309883, 38.60536579847276], [-89.90450011892796, 38.61001714474108], [-89.91004138894921, 38.614668254803874], [-89.9155833733424, 38.61931912852895], [-89.92131862594731, 38.619470314708934], [-89.92705392153653, 38.61962122026898], [-89.93278926003055, 38.619771845202735], [-89.93852464134986, 38.619922189503846], [-89.94445114702152, 38.615572701498955], [-89.95018625645967, 38.61572246055001], [-89.9559214084743, 38.61587193899423], [-89.9616566029858, 38.61602113682532], [-89.96739183991471, 38.61617005403699], [-89.97312711918148, 38.61631869062297], [-89.97886244070665, 38.616467046576965], [-89.9845978044106, 38.61661512189275], [-89.9903332102139, 38.61676291656407], [-89.99606865803695, 38.61691043058469], [-90.00199161415404, 38.61255787040093], [-90.00772678846238, 38.612704799586744], [-90.01364871456262, 38.60835160338281], [-90.01956992623981, 38.60399807547383], [-90.02549042363282, 38.599644215997024], [-90.03122469295744, 38.59978995265856], [-90.03695900370492, 38.599935408805365], [-90.0426933557958, 38.60008058443128], [-90.04842774915056, 38.600225479530216], [-90.05416218368977, 38.60037009409603], [-90.05989665933384, 38.60051442812264], [-90.06544776357148, 38.60515854396957], [-90.07099958225297, 38.609802421087586], [-90.07673489520826, 38.60994595939966], [-90.08247024897021, 38.61008921705863], [-90.08802357854981, 38.61473233981663], [-90.09375937107193, 38.61487505899075], [-90.09949520417183, 38.615017497448825], [-90.10505004462816, 38.61965986513943], [-90.1106056001435, 38.62430199333239], [-90.11616187089658, 38.62894388189524], [-90.12171885706623, 38.633585530695484], [-90.12745632243416, 38.63372665579325], [-90.13319382794117, 38.633867499959656], [-90.13875232561846, 38.63850839203032], [-90.144490269036, 38.638648696766005], [-90.15004988039681, 38.64328909003685], [-90.15578826152439, 38.64342885514139], [-90.16152668241186, 38.64356833919522], [-90.16726514297947, 38.64370754219247], [-90.17300364314747, 38.64384646412727], [-90.17874218283609, 38.64398510499372], [-90.18465698596519, 38.639622961753446], [-90.19057107312773, 38.63526048909833], [-90.1964844444641, 38.63089768716567], [-90.2022220675363, 38.63103513769752], [-90.20795972970198, 38.63117230726659]]}}, {"type": "Feature", "properties": {"route_run_id": "stl_midamerica_to_st_louis_union_station_2026-03-09_0276", "route_pair": "midamerica_to_st_louis_union_station", "route_pair_label": "MidAmerica to St. Louis Union Station", "origin_label": "MidAmerica St. Louis Airport", "destination_label": "St. Louis Union Station", "origin_lat": 38.5451731, "origin_lon": -89.8351856, "destination_lat": 38.629167, "destination_lon": -90.2075, "traffic_date": "2026-03-09", "traffic_dataset": "March 9th - Monday", "weight_id": "w_0276", "distance_weight": 0.7, "population_weight": 0.2, "traffic_weight": 0.1, "airspace_weight": 0.0, "path_nodes": 67, "path_node_ids": [8877, 8876, 8868, 8869, 8870, 8867, 9753, 9754, 9755, 9744, 9746, 9747, 9745, 9737, 9736, 9734, 9735, 9919, 9916, 9918, 9917, 9935, 9934, 9936, 9926, 9927, 9924, 9925, 9839, 9873, 9878, 9876, 9859, 9861, 9892, 9894, 9902, 9903, 9904, 9909, 2213, 2212, 2214, 1997, 1994, 1995, 1996, 2228, 2230, 2231, 2229, 2195, 2197, 2196, 2408, 2418, 2187, 2419, 2423, 2448, 2452, 2454, 2372, 2399, 2401, 2404, 2715], "elapsed_seconds": 0.009601800004020333, "status": "success", "failure_reason": "", "route_distance_km": 46.6645678834163, "distance_cost_sum": 51.35737471815466, "population_cost_sum": 18.05464282257649, "traffic_cost_sum": 9.820366808313127, "airspace_cost_sum": 38.0, "total_weighted_score": 40.54312754805487}, "geometry": {"type": "LineString", "coordinates": [[-89.83272609742262, 38.54503213945896], [-89.83845499191484, 38.54518713674757], [-89.84418393041321, 38.54534185422887], [-89.8499129128385, 38.54549629189633], [-89.85564193911159, 38.545650449743434], [-89.86137100915332, 38.54580432776372], [-89.86710012288452, 38.545957925950695], [-89.87282928022606, 38.546111244297876], [-89.8785584810987, 38.54626428279884], [-89.88428772542336, 38.54641704144712], [-89.8900170131208, 38.5465695202363], [-89.89574634411186, 38.54672171915994], [-89.90147571831739, 38.546873638211636], [-89.90720513565815, 38.54702527738502], [-89.91293459605497, 38.54717663667367], [-89.91866409942871, 38.54732771607122], [-89.92439364570006, 38.54747851557132], [-89.9301232347899, 38.54762903516762], [-89.93585286661902, 38.54777927485379], [-89.94158254110822, 38.54792923462347], [-89.94731225817821, 38.548078914470366], [-89.95304201774988, 38.54822831438818], [-89.95877181974393, 38.548377434370614], [-89.96450166408115, 38.54852627441138], [-89.97023155068236, 38.54867483450422], [-89.9759614794683, 38.54882311464288], [-89.9816914503597, 38.548971114821086], [-89.98742146327739, 38.54911883503266], [-89.99296392439905, 38.55376608104985], [-89.9985070979577, 38.55841308997815], [-90.00405098413212, 38.56305986168546], [-90.00978223321245, 38.56320653239988], [-90.01551352395292, 38.56335292298239], [-90.02105891907694, 38.56799894389834], [-90.0267906493719, 38.568144797547276], [-90.03233715550313, 38.57279032390402], [-90.0380693251546, 38.572935640418635], [-90.04380153608955, 38.57308067668109], [-90.04953378822863, 38.57322543268529], [-90.05508220119658, 38.57786994989744], [-90.06081489219632, 38.57801416845261], [-90.06654762417196, 38.57815810668649], [-90.072280397044, 38.57830176459299], [-90.07801321073313, 38.57844514216606], [-90.0837460651599, 38.578588239399664], [-90.08947896024489, 38.57873105628777], [-90.09521189590866, 38.57887359282438], [-90.10076380515675, 38.58351606972012], [-90.10649717858853, 38.583658068265954], [-90.11223059237057, 38.583799786397456], [-90.11796404642338, 38.58394122410869], [-90.12369754066755, 38.5840823813937], [-90.12943107502363, 38.58422325824649], [-90.1351646494121, 38.58436385466116], [-90.14089826375356, 38.58450417063179], [-90.14663191796852, 38.58464420615243], [-90.15236561197744, 38.5847839612172], [-90.15792180807382, 38.58942387766302], [-90.16347871828971, 38.59406355405304], [-90.1690363428032, 38.598702990254786], [-90.17459468179258, 38.60334218613583], [-90.18015373543601, 38.6079811415637], [-90.18571350391167, 38.61261985640587], [-90.19127398739786, 38.61725833052981], [-90.19683518607279, 38.62189656380297], [-90.20239710011477, 38.62653455609276], [-90.20795972970198, 38.63117230726659]]}}, {"type": "Feature", "properties": {"route_run_id": "stl_midamerica_to_st_louis_union_station_2026-03-09_0182", "route_pair": "midamerica_to_st_louis_union_station", "route_pair_label": "MidAmerica to St. Louis Union Station", "origin_label": "MidAmerica St. Louis Airport", "destination_label": "St. Louis Union Station", "origin_lat": 38.5451731, "origin_lon": -89.8351856, "destination_lat": 38.629167, "destination_lon": -90.2075, "traffic_date": "2026-03-09", "traffic_dataset": "March 9th - Monday", "weight_id": "w_0182", "distance_weight": 0.3, "population_weight": 0.1, "traffic_weight": 0.6, "airspace_weight": 0.0, "path_nodes": 69, "path_node_ids": [8877, 8876, 8868, 8869, 8870, 8867, 9753, 9754, 9755, 9744, 9742, 9729, 9728, 9719, 9718, 9716, 9717, 7794, 7793, 7795, 9914, 9932, 7806, 9933, 9923, 9922, 7815, 7816, 9820, 9832, 9833, 9821, 7905, 7901, 9823, 9822, 7916, 7915, 7914, 7913, 1933, 1931, 1932, 1917, 1943, 1946, 1970, 1983, 1998, 2003, 2000, 2191, 2194, 2193, 2192, 2185, 2184, 2186, 2421, 2205, 2450, 2451, 2369, 2375, 2399, 2401, 2406, 2729, 2715], "elapsed_seconds": 0.01450049999402836, "status": "success", "failure_reason": "", "route_distance_km": 49.005647847118404, "distance_cost_sum": 53.93388461408666, "population_cost_sum": 26.206694012780464, "traffic_cost_sum": 1.8881849111714815, "airspace_cost_sum": 38.6, "total_weighted_score": 19.933745732206933}, "geometry": {"type": "LineString", "coordinates": [[-89.83272609742262, 38.54503213945896], [-89.83845499191484, 38.54518713674757], [-89.84418393041321, 38.54534185422887], [-89.8499129128385, 38.54549629189633], [-89.85564193911159, 38.545650449743434], [-89.86137100915332, 38.54580432776372], [-89.86710012288452, 38.545957925950695], [-89.87282928022606, 38.546111244297876], [-89.8785584810987, 38.54626428279884], [-89.88428772542336, 38.54641704144712], [-89.8902109731338, 38.54207014196144], [-89.89613350909408, 38.53772290958904], [-89.90186217151818, 38.537874780001516], [-89.90759087705666, 38.53802637062506], [-89.91331962563046, 38.538177681453305], [-89.91904841716038, 38.53832871247986], [-89.9247772515673, 38.53847946369838], [-89.93050612877201, 38.5386299351025], [-89.93623504869535, 38.538780126685914], [-89.94196401125822, 38.538930038442274], [-89.94750265852547, 38.54357929454928], [-89.9532320620738, 38.543728670548404], [-89.9589615080343, 38.543877766656834], [-89.9646909963278, 38.54402658286834], [-89.97042052687505, 38.544175119176636], [-89.97615009959685, 38.54432337557549], [-89.98187971441398, 38.54447135205863], [-89.98760937124719, 38.544619048619815], [-89.99333907001733, 38.54476646525287], [-89.99906881064508, 38.54491360195155], [-90.00479859305136, 38.54506045870968], [-90.01052841715675, 38.54520703552103], [-90.01625828288213, 38.545353332379484], [-90.022173919938, 38.540999417678], [-90.0277181388758, 38.54564508621299], [-90.03344812898557, 38.54579054317578], [-90.03917816039834, 38.54593572016105], [-90.04490823303483, 38.54608061716274], [-90.05063834681579, 38.54622523417469], [-90.05636850166194, 38.546369571190844], [-90.06209869749397, 38.54651362820512], [-90.06782893423272, 38.54665740521145], [-90.07355921179885, 38.54680090220377], [-90.07928953011304, 38.54694411917603], [-90.08483803609515, 38.551587237746496], [-90.09038725467427, 38.55623011778336], [-90.09593718602859, 38.5608727591544], [-90.1014878303364, 38.56551516172741], [-90.10703918777595, 38.57015732537014], [-90.11259125852546, 38.57479924995029], [-90.11832399892143, 38.57494064238296], [-90.12387718012955, 38.579582070024706], [-90.1296103575981, 38.57972292432643], [-90.13534357508938, 38.579863498234836], [-90.14107683252396, 38.580003791744], [-90.14681012982238, 38.58014380484799], [-90.15254346690519, 38.5802835375409], [-90.1580993457009, 38.58492343582021], [-90.16365593845713, 38.58956309408333], [-90.16921324535195, 38.59420251219789], [-90.17477126656355, 38.59884169003141], [-90.18033000227008, 38.60348062745143], [-90.18588945264969, 38.60811932432548], [-90.19144961788064, 38.61275778052102], [-90.19127398739786, 38.61725833052981], [-90.19683518607279, 38.62189656380297], [-90.19665983485031, 38.626397127556444], [-90.2022220675363, 38.63103513769752], [-90.20795972970198, 38.63117230726659]]}}, {"type": "Feature", "properties": {"route_run_id": "stl_midamerica_to_st_louis_union_station_2026-03-09_0242", "route_pair": "midamerica_to_st_louis_union_station", "route_pair_label": "MidAmerica to St. Louis Union Station", "origin_label": "MidAmerica St. Louis Airport", "destination_label": "St. Louis Union Station", "origin_lat": 38.5451731, "origin_lon": -89.8351856, "destination_lat": 38.629167, "destination_lon": -90.2075, "traffic_date": "2026-03-09", "traffic_dataset": "March 9th - Monday", "weight_id": "w_0242", "distance_weight": 0.5, "population_weight": 0.1, "traffic_weight": 0.4, "airspace_weight": 0.0, "path_nodes": 68, "path_node_ids": [8877, 8876, 8868, 8869, 8870, 8867, 9753, 9754, 9755, 9744, 9742, 9743, 9730, 9733, 9721, 9732, 9720, 9915, 9913, 9912, 9914, 9932, 7806, 9933, 9923, 9922, 7815, 7816, 9820, 9832, 9833, 9821, 7905, 7906, 9823, 9822, 7916, 7915, 7914, 7913, 1933, 1931, 1932, 1917, 1939, 1916, 1938, 1948, 1951, 1957, 1979, 2159, 2161, 2162, 2165, 2182, 2184, 2186, 2421, 2205, 2450, 2451, 2369, 2375, 2399, 2401, 2404, 2715], "elapsed_seconds": 0.011097500013420358, "status": "success", "failure_reason": "", "route_distance_km": 47.565033920383634, "distance_cost_sum": 52.34839582429753, "population_cost_sum": 23.905103345505033, "traffic_cost_sum": 3.7665472401703193, "airspace_cost_sum": 38.0, "total_weighted_score": 30.071327142767394}, "geometry": {"type": "LineString", "coordinates": [[-89.83272609742262, 38.54503213945896], [-89.83845499191484, 38.54518713674757], [-89.84418393041321, 38.54534185422887], [-89.8499129128385, 38.54549629189633], [-89.85564193911159, 38.545650449743434], [-89.86137100915332, 38.54580432776372], [-89.86710012288452, 38.545957925950695], [-89.87282928022606, 38.546111244297876], [-89.8785584810987, 38.54626428279884], [-89.88428772542336, 38.54641704144712], [-89.8902109731338, 38.54207014196144], [-89.895939948205, 38.54222231651928], [-89.90166896648022, 38.54237421124988], [-89.90739802788026, 38.54252582614685], [-89.91312713232598, 38.54267716120381], [-89.91885627973821, 38.54282821641439], [-89.92458547003774, 38.5429789917722], [-89.93031470314544, 38.543129487270946], [-89.93604397898207, 38.54327970290425], [-89.94177329746847, 38.543429638665806], [-89.94750265852547, 38.54357929454928], [-89.9532320620738, 38.543728670548404], [-89.9589615080343, 38.543877766656834], [-89.9646909963278, 38.54402658286834], [-89.97042052687505, 38.544175119176636], [-89.97615009959685, 38.54432337557549], [-89.98187971441398, 38.54447135205863], [-89.98760937124719, 38.544619048619815], [-89.99333907001733, 38.54476646525287], [-89.99906881064508, 38.54491360195155], [-90.00479859305136, 38.54506045870968], [-90.01052841715675, 38.54520703552103], [-90.01625828288213, 38.545353332379484], [-90.02198819014824, 38.545499349278856], [-90.0277181388758, 38.54564508621299], [-90.03344812898557, 38.54579054317578], [-90.03917816039834, 38.54593572016105], [-90.04490823303483, 38.54608061716274], [-90.05063834681579, 38.54622523417469], [-90.05636850166194, 38.546369571190844], [-90.06209869749397, 38.54651362820512], [-90.06782893423272, 38.54665740521145], [-90.07355921179885, 38.54680090220377], [-90.07928953011304, 38.54694411917603], [-90.08501988909612, 38.54708705612222], [-90.0907502886687, 38.547229713036316], [-90.09648072875154, 38.54737208991228], [-90.10221120926536, 38.547514186744145], [-90.10776130224352, 38.552156276261705], [-90.1133121078968, 38.55679812687479], [-90.11886362640328, 38.561439738451156], [-90.12441585794114, 38.56608111085856], [-90.13014796522363, 38.56622189752371], [-90.13588011249988, 38.566362403929894], [-90.1414338504828, 38.57100302146339], [-90.14698830189188, 38.575643399377846], [-90.15254346690519, 38.5802835375409], [-90.1580993457009, 38.58492343582021], [-90.16365593845713, 38.58956309408333], [-90.16921324535195, 38.59420251219789], [-90.17477126656355, 38.59884169003141], [-90.18033000227008, 38.60348062745143], [-90.18588945264969, 38.60811932432548], [-90.19144961788064, 38.61275778052102], [-90.19127398739786, 38.61725833052981], [-90.19683518607279, 38.62189656380297], [-90.20239710011477, 38.62653455609276], [-90.20795972970198, 38.63117230726659]]}}, {"type": "Feature", "properties": {"route_run_id": "stl_midamerica_to_st_louis_union_station_2026-03-09_0249", "route_pair": "midamerica_to_st_louis_union_station", "route_pair_label": "MidAmerica to St. Louis Union Station", "origin_label": "MidAmerica St. Louis Airport", "destination_label": "St. Louis Union Station", "origin_lat": 38.5451731, "origin_lon": -89.8351856, "destination_lat": 38.629167, "destination_lon": -90.2075, "traffic_date": "2026-03-09", "traffic_dataset": "March 9th - Monday", "weight_id": "w_0249", "distance_weight": 0.5, "population_weight": 0.3, "traffic_weight": 0.2, "airspace_weight": 0.0, "path_nodes": 67, "path_node_ids": [8877, 8876, 8868, 8869, 8870, 8867, 9753, 9754, 9755, 9744, 9742, 9743, 9730, 9733, 9721, 9732, 9720, 9919, 9916, 9918, 9917, 9935, 9934, 9936, 9926, 9927, 9924, 9925, 9839, 9873, 9878, 9876, 9859, 9861, 9892, 9894, 9902, 9903, 9904, 9909, 2213, 2212, 2214, 1997, 1994, 1995, 1996, 2228, 2232, 2259, 2258, 2413, 2416, 2415, 2414, 2440, 2438, 2439, 2427, 2453, 2455, 2457, 2372, 2399, 2401, 2404, 2715], "elapsed_seconds": 0.014371800003573298, "status": "success", "failure_reason": "", "route_distance_km": 47.197627665299606, "distance_cost_sum": 51.9440414806918, "population_cost_sum": 18.44036748163539, "traffic_cost_sum": 7.024480405222074, "airspace_cost_sum": 38.0, "total_weighted_score": 32.909027065880935}, "geometry": {"type": "LineString", "coordinates": [[-89.83272609742262, 38.54503213945896], [-89.83845499191484, 38.54518713674757], [-89.84418393041321, 38.54534185422887], [-89.8499129128385, 38.54549629189633], [-89.85564193911159, 38.545650449743434], [-89.86137100915332, 38.54580432776372], [-89.86710012288452, 38.545957925950695], [-89.87282928022606, 38.546111244297876], [-89.8785584810987, 38.54626428279884], [-89.88428772542336, 38.54641704144712], [-89.8902109731338, 38.54207014196144], [-89.895939948205, 38.54222231651928], [-89.90166896648022, 38.54237421124988], [-89.90739802788026, 38.54252582614685], [-89.91312713232598, 38.54267716120381], [-89.91885627973821, 38.54282821641439], [-89.92458547003774, 38.5429789917722], [-89.9301232347899, 38.54762903516762], [-89.93585286661902, 38.54777927485379], [-89.94158254110822, 38.54792923462347], [-89.94731225817821, 38.548078914470366], [-89.95304201774988, 38.54822831438818], [-89.95877181974393, 38.548377434370614], [-89.96450166408115, 38.54852627441138], [-89.97023155068236, 38.54867483450422], [-89.9759614794683, 38.54882311464288], [-89.9816914503597, 38.548971114821086], [-89.98742146327739, 38.54911883503266], [-89.99296392439905, 38.55376608104985], [-89.9985070979577, 38.55841308997815], [-90.00405098413212, 38.56305986168546], [-90.00978223321245, 38.56320653239988], [-90.01551352395292, 38.56335292298239], [-90.02105891907694, 38.56799894389834], [-90.0267906493719, 38.568144797547276], [-90.03233715550313, 38.57279032390402], [-90.0380693251546, 38.572935640418635], [-90.04380153608955, 38.57308067668109], [-90.04953378822863, 38.57322543268529], [-90.05508220119658, 38.57786994989744], [-90.06081489219632, 38.57801416845261], [-90.06654762417196, 38.57815810668649], [-90.072280397044, 38.57830176459299], [-90.07801321073313, 38.57844514216606], [-90.0837460651599, 38.578588239399664], [-90.08947896024489, 38.57873105628777], [-90.09521189590866, 38.57887359282438], [-90.10076380515675, 38.58351606972012], [-90.10631642817187, 38.58815830752748], [-90.1118697651324, 38.592800306114135], [-90.1176039331599, 38.59294178911507], [-90.1233381413982, 38.59308299160015], [-90.12907238976779, 38.59322391356342], [-90.13480667818914, 38.593364554998935], [-90.14054100658272, 38.593504915900766], [-90.14609704360437, 38.598145385068456], [-90.15183180886861, 38.59828520726528], [-90.15756661387618, 38.59842474886584], [-90.16330145854758, 38.59856400986431], [-90.16885940074975, 38.60320346415569], [-90.17441805758689, 38.60784267808668], [-90.17997742923725, 38.612481651524796], [-90.18571350391167, 38.61261985640587], [-90.19127398739786, 38.61725833052981], [-90.19683518607279, 38.62189656380297], [-90.20239710011477, 38.62653455609276], [-90.20795972970198, 38.63117230726659]]}}, {"type": "Feature", "properties": {"route_run_id": "stl_midamerica_to_st_louis_union_station_2026-03-09_0073", "route_pair": "midamerica_to_st_louis_union_station", "route_pair_label": "MidAmerica to St. Louis Union Station", "origin_label": "MidAmerica St. Louis Airport", "destination_label": "St. Louis Union Station", "origin_lat": 38.5451731, "origin_lon": -89.8351856, "destination_lat": 38.629167, "destination_lon": -90.2075, "traffic_date": "2026-03-09", "traffic_dataset": "March 9th - Monday", "weight_id": "w_0073", "distance_weight": 0.1, "population_weight": 0.0, "traffic_weight": 0.6, "airspace_weight": 0.3, "path_nodes": 67, "path_node_ids": [8877, 8876, 8892, 8897, 8899, 8926, 9788, 10013, 10014, 10036, 10052, 10054, 10061, 10051, 10049, 10048, 10050, 10253, 10252, 10241, 10240, 10248, 10246, 10247, 10245, 10231, 10230, 10262, 10150, 10148, 10149, 10151, 10161, 10156, 10154, 10155, 10162, 10164, 10163, 10165, 2244, 2246, 2268, 2278, 2283, 2508, 2286, 2298, 2300, 2304, 2531, 2819, 2820, 2822, 2825, 2836, 2848, 2850, 2837, 2859, 2858, 2815, 2759, 2734, 2731, 2729, 2715], "elapsed_seconds": 0.03619870002148673, "status": "success", "failure_reason": "", "route_distance_km": 48.81678601447848, "distance_cost_sum": 53.726029953713976, "population_cost_sum": 28.570091945307983, "traffic_cost_sum": 5.278783894524551, "airspace_cost_sum": 22.6, "total_weighted_score": 15.319873332086132}, "geometry": {"type": "LineString", "coordinates": [[-89.83272609742262, 38.54503213945896], [-89.83845499191484, 38.54518713674757], [-89.84398707949187, 38.54984103165108], [-89.84951987896733, 38.55449469187918], [-89.85505339052077, 38.559148117300026], [-89.86058761433173, 38.563801307781745], [-89.86612255057987, 38.568454263192415], [-89.87165819944471, 38.57310698340007], [-89.87719456110594, 38.577759468272795], [-89.88273163574308, 38.582411717678575], [-89.88826942353593, 38.58706373148541], [-89.89380792466403, 38.591715509561276], [-89.89934713930707, 38.59636705177409], [-89.90508047722643, 38.59651895818466], [-89.91081385831642, 38.59667058421835], [-89.91654728249756, 38.596821929868824], [-89.92228074969049, 38.59697299512966], [-89.92801425981584, 38.59712377999449], [-89.93374781279411, 38.597274284457015], [-89.93948140854593, 38.5974245085108], [-89.94521504699188, 38.5975744521496], [-89.95094872805251, 38.59772411536704], [-89.95668245164843, 38.59787349815684], [-89.96241621770018, 38.59802260051268], [-89.96815002612831, 38.59817142242828], [-89.9738838768534, 38.59831996389739], [-89.97961776979602, 38.59846822491371], [-89.98535170487666, 38.59861620547102], [-89.99108568201598, 38.59876390556306], [-89.99681970113441, 38.59891132518362], [-90.00255376215256, 38.59905846432648], [-90.00828786499093, 38.59920532298544], [-90.01402200957008, 38.5993519011543], [-90.01994242379944, 38.594998317950704], [-90.02567629459381, 38.59514431175206], [-90.03141020688051, 38.59529002508962], [-90.03714416058007, 38.595435457957215], [-90.04287815561301, 38.59558061034875], [-90.04861219189988, 38.59572548225811], [-90.0543462693612, 38.59587007367915], [-90.06008038791752, 38.59601438460579], [-90.06581454748931, 38.596158415031965], [-90.07136573361876, 38.60080225453393], [-90.07691763405278, 38.60544585525359], [-90.08247024897021, 38.61008921705863], [-90.08802357854981, 38.61473233981663], [-90.09375937107193, 38.61487505899075], [-90.09949520417183, 38.615017497448825], [-90.10505004462816, 38.61965986513943], [-90.1106056001435, 38.62430199333239], [-90.11616187089658, 38.62894388189524], [-90.12171885706623, 38.633585530695484], [-90.12745632243416, 38.63372665579325], [-90.13319382794117, 38.633867499959656], [-90.13875232561846, 38.63850839203032], [-90.144490269036, 38.638648696766005], [-90.15004988039681, 38.64328909003685], [-90.15578826152439, 38.64342885514139], [-90.16152668241186, 38.64356833919522], [-90.16726514297947, 38.64370754219247], [-90.17300364314747, 38.64384646412727], [-90.17891876485407, 38.63948462409952], [-90.18465698596519, 38.639622961753446], [-90.19057107312773, 38.63526048909833], [-90.1964844444641, 38.63089768716567], [-90.2022220675363, 38.63103513769752], [-90.20795972970198, 38.63117230726659]]}}, {"type": "Feature", "properties": {"route_run_id": "stl_midamerica_to_st_louis_union_station_2026-03-09_0077", "route_pair": "midamerica_to_st_louis_union_station", "route_pair_label": "MidAmerica to St. Louis Union Station", "origin_label": "MidAmerica St. Louis Airport", "destination_label": "St. Louis Union Station", "origin_lat": 38.5451731, "origin_lon": -89.8351856, "destination_lat": 38.629167, "destination_lon": -90.2075, "traffic_date": "2026-03-09", "traffic_dataset": "March 9th - Monday", "weight_id": "w_0077", "distance_weight": 0.1, "population_weight": 0.1, "traffic_weight": 0.0, "airspace_weight": 0.8, "path_nodes": 68, "path_node_ids": [8877, 8881, 8904, 8922, 8923, 8927, 9145, 10016, 10018, 10062, 10055, 10058, 10094, 10096, 10103, 10104, 10110, 10109, 10516, 10515, 10514, 10517, 10522, 10299, 10300, 10301, 10309, 10308, 10310, 10343, 10345, 10344, 10342, 10355, 10210, 10208, 10209, 10326, 10328, 10322, 10191, 2276, 2518, 2277, 2509, 2287, 2508, 2286, 2298, 2300, 2301, 2307, 2495, 2820, 2823, 2827, 2849, 2848, 2850, 2837, 2859, 2858, 2860, 2763, 2762, 2737, 2732, 2715], "elapsed_seconds": 0.04196799997589551, "status": "success", "failure_reason": "", "route_distance_km": 50.26499556893611, "distance_cost_sum": 55.319878223015614, "population_cost_sum": 14.392523489752, "traffic_cost_sum": 14.050998358655537, "airspace_cost_sum": 22.6, "total_weighted_score": 25.05124017127677}, "geometry": {"type": "LineString", "coordinates": [[-89.83272609742262, 38.54503213945896], [-89.83252853470323, 38.54953126729425], [-89.83806053424684, 38.55418543772932], [-89.84359324582596, 38.558839373542895], [-89.84912666962028, 38.563493074603095], [-89.85466080580946, 38.568146540778045], [-89.86019565457306, 38.572799771935806], [-89.86573121609086, 38.57745276794444], [-89.87126749054252, 38.58210552867199], [-89.8768044781077, 38.58675805398646], [-89.88234217896623, 38.591410343755804], [-89.8878805932977, 38.59606239784802], [-89.89341972128202, 38.600714216131045], [-89.89895956309883, 38.60536579847276], [-89.90450011892796, 38.61001714474108], [-89.91004138894921, 38.614668254803874], [-89.9155833733424, 38.61931912852895], [-89.92131862594731, 38.619470314708934], [-89.9268617252078, 38.624120695492145], [-89.93259742104341, 38.62427134452904], [-89.93833315971467, 38.6244217128885], [-89.94406894114202, 38.62457180056415], [-89.94980476524591, 38.62472160754967], [-89.95554063194687, 38.62487113383877], [-89.96127654116528, 38.62502037942509], [-89.96701249282155, 38.625169344302385], [-89.97274848683627, 38.62531802846435], [-89.97848452312972, 38.62546643190471], [-89.98422060162243, 38.625614554617215], [-89.98995672223481, 38.62576239659562], [-89.9956928848873, 38.625909957833684], [-90.00142908950032, 38.62605723832518], [-90.00716533599429, 38.6262042380639], [-90.01290162428964, 38.62635095704363], [-90.01882443193752, 38.62199753976251], [-90.0245604460918, 38.62214367381969], [-90.03029650179865, 38.62228952714421], [-90.03603259897847, 38.622435099729884], [-90.04176873755169, 38.622580391570615], [-90.04768956620967, 38.61822542646607], [-90.05360968000618, 38.61387013007287], [-90.0593452273907, 38.61401453341643], [-90.0650808158304, 38.61415865608025], [-90.07081644524574, 38.61430249805824], [-90.07655211555712, 38.614446059344324], [-90.08228782668499, 38.614589339932465], [-90.08802357854981, 38.61473233981663], [-90.09375937107193, 38.61487505899075], [-90.09949520417183, 38.615017497448825], [-90.10505004462816, 38.61965986513943], [-90.11078631613944, 38.61980176485522], [-90.11634226958749, 38.624443634935055], [-90.12189893829279, 38.62908526529191], [-90.12745632243416, 38.63372665579325], [-90.13301442219031, 38.63836780630655], [-90.13857323774008, 38.64300871669927], [-90.14431153910874, 38.643149043887504], [-90.15004988039681, 38.64328909003685], [-90.15578826152439, 38.64342885514139], [-90.16152668241186, 38.64356833919522], [-90.16726514297947, 38.64370754219247], [-90.17300364314747, 38.64384646412727], [-90.17874218283609, 38.64398510499372], [-90.18448076196563, 38.64412346478601], [-90.19021938045634, 38.644261543498274], [-90.19613354616266, 38.639898793950096], [-90.20204699586435, 38.63553571516044], [-90.20795972970198, 38.63117230726659]]}}, {"type": "Feature", "properties": {"route_run_id": "stl_midamerica_to_st_louis_union_station_2026-03-09_0095", "route_pair": "midamerica_to_st_louis_union_station", "route_pair_label": "MidAmerica to St. Louis Union Station", "origin_label": "MidAmerica St. Louis Airport", "destination_label": "St. Louis Union Station", "origin_lat": 38.5451731, "origin_lon": -89.8351856, "destination_lat": 38.629167, "destination_lon": -90.2075, "traffic_date": "2026-03-09", "traffic_dataset": "March 9th - Monday", "weight_id": "w_0095", "distance_weight": 0.1, "population_weight": 0.3, "traffic_weight": 0.1, "airspace_weight": 0.5, "path_nodes": 68, "path_node_ids": [8877, 8881, 8904, 8922, 8923, 8927, 9145, 10016, 10018, 10062, 10055, 10058, 10094, 10096, 10103, 10104, 10110, 10109, 10516, 10512, 10290, 10289, 10294, 10281, 10292, 10293, 10304, 10303, 10302, 10315, 10316, 10317, 10314, 10207, 10206, 10204, 10205, 10323, 10328, 10329, 10327, 2522, 2524, 2523, 2514, 2512, 2513, 2286, 2298, 2300, 2301, 2307, 2495, 2820, 2823, 2827, 2849, 2848, 2850, 2837, 2859, 2858, 2863, 2767, 2762, 2737, 2732, 2715], "elapsed_seconds": 0.04031929999473505, "status": "success", "failure_reason": "", "route_distance_km": 51.33044082672044, "distance_cost_sum": 56.49246963074956, "population_cost_sum": 13.99100155916929, "traffic_cost_sum": 11.308742426522866, "airspace_cost_sum": 22.6, "total_weighted_score": 22.277421673478038}, "geometry": {"type": "LineString", "coordinates": [[-89.83272609742262, 38.54503213945896], [-89.83252853470323, 38.54953126729425], [-89.83806053424684, 38.55418543772932], [-89.84359324582596, 38.558839373542895], [-89.84912666962028, 38.563493074603095], [-89.85466080580946, 38.568146540778045], [-89.86019565457306, 38.572799771935806], [-89.86573121609086, 38.57745276794444], [-89.87126749054252, 38.58210552867199], [-89.8768044781077, 38.58675805398646], [-89.88234217896623, 38.591410343755804], [-89.8878805932977, 38.59606239784802], [-89.89341972128202, 38.600714216131045], [-89.89895956309883, 38.60536579847276], [-89.90450011892796, 38.61001714474108], [-89.91004138894921, 38.614668254803874], [-89.9155833733424, 38.61931912852895], [-89.92131862594731, 38.619470314708934], [-89.9268617252078, 38.624120695492145], [-89.93278926003055, 38.619771845202735], [-89.93852464134986, 38.619922189503846], [-89.94445114702152, 38.615572701498955], [-89.95018625645967, 38.61572246055001], [-89.9559214084743, 38.61587193899423], [-89.9616566029858, 38.61602113682532], [-89.96739183991471, 38.61617005403699], [-89.97312711918148, 38.61631869062297], [-89.97886244070665, 38.616467046576965], [-89.9845978044106, 38.61661512189275], [-89.9903332102139, 38.61676291656407], [-89.99606865803695, 38.61691043058469], [-90.00180414780024, 38.61705766394838], [-90.00753967942423, 38.617204616648934], [-90.01327525282936, 38.61735128868017], [-90.01901086793612, 38.61749768003589], [-90.02474652466493, 38.617643790709906], [-90.03048222293627, 38.617789620696094], [-90.03621796267052, 38.617935169988264], [-90.04176873755169, 38.622580391570615], [-90.04750491743872, 38.62272540266021], [-90.05324113855997, 38.6228701329926], [-90.0589774008359, 38.62301458256169], [-90.06471370418684, 38.62315875136136], [-90.07045004853325, 38.62330263938551], [-90.07618643379548, 38.623446246628106], [-90.08210536366288, 38.61908945860739], [-90.087841472983, 38.61923248137871], [-90.09375937107193, 38.61487505899075], [-90.09949520417183, 38.615017497448825], [-90.10505004462816, 38.61965986513943], [-90.11078631613944, 38.61980176485522], [-90.11634226958749, 38.624443634935055], [-90.12189893829279, 38.62908526529191], [-90.12745632243416, 38.63372665579325], [-90.13301442219031, 38.63836780630655], [-90.13857323774008, 38.64300871669927], [-90.14431153910874, 38.643149043887504], [-90.15004988039681, 38.64328909003685], [-90.15578826152439, 38.64342885514139], [-90.16152668241186, 38.64356833919522], [-90.16726514297947, 38.64370754219247], [-90.17300364314747, 38.64384646412727], [-90.17856556137721, 38.64848558173427], [-90.18430449860489, 38.64862396366764], [-90.19021938045634, 38.644261543498274], [-90.19613354616266, 38.639898793950096], [-90.20204699586435, 38.63553571516044], [-90.20795972970198, 38.63117230726659]]}}, {"type": "Feature", "properties": {"route_run_id": "stl_midamerica_to_st_louis_union_station_2026-03-09_0148", "route_pair": "midamerica_to_st_louis_union_station", "route_pair_label": "MidAmerica to St. Louis Union Station", "origin_label": "MidAmerica St. Louis Airport", "destination_label": "St. Louis Union Station", "origin_lat": 38.5451731, "origin_lon": -89.8351856, "destination_lat": 38.629167, "destination_lon": -90.2075, "traffic_date": "2026-03-09", "traffic_dataset": "March 9th - Monday", "weight_id": "w_0148", "distance_weight": 0.2, "population_weight": 0.3, "traffic_weight": 0.2, "airspace_weight": 0.3, "path_nodes": 68, "path_node_ids": [8877, 8881, 8904, 8922, 8923, 8927, 9145, 10016, 10018, 10062, 10055, 10058, 10094, 10096, 10103, 10104, 10110, 10109, 10516, 10512, 10290, 10289, 10294, 10281, 10292, 10293, 10304, 10303, 10302, 10315, 10316, 10317, 10314, 10207, 10206, 10204, 10205, 10323, 10328, 10329, 10327, 2548, 2550, 2556, 2553, 2544, 2546, 2579, 2560, 2564, 2567, 2566, 2844, 2842, 2838, 2827, 2849, 2848, 2850, 2837, 2859, 2858, 2860, 2763, 2758, 2733, 2729, 2715], "elapsed_seconds": 0.03310760000022128, "status": "success", "failure_reason": "", "route_distance_km": 50.2663738767901, "distance_cost_sum": 55.321395139943036, "population_cost_sum": 14.14151810097259, "traffic_cost_sum": 7.055880559991846, "airspace_cost_sum": 24.4, "total_weighted_score": 24.037910570278758}, "geometry": {"type": "LineString", "coordinates": [[-89.83272609742262, 38.54503213945896], [-89.83252853470323, 38.54953126729425], [-89.83806053424684, 38.55418543772932], [-89.84359324582596, 38.558839373542895], [-89.84912666962028, 38.563493074603095], [-89.85466080580946, 38.568146540778045], [-89.86019565457306, 38.572799771935806], [-89.86573121609086, 38.57745276794444], [-89.87126749054252, 38.58210552867199], [-89.8768044781077, 38.58675805398646], [-89.88234217896623, 38.591410343755804], [-89.8878805932977, 38.59606239784802], [-89.89341972128202, 38.600714216131045], [-89.89895956309883, 38.60536579847276], [-89.90450011892796, 38.61001714474108], [-89.91004138894921, 38.614668254803874], [-89.9155833733424, 38.61931912852895], [-89.92131862594731, 38.619470314708934], [-89.9268617252078, 38.624120695492145], [-89.93278926003055, 38.619771845202735], [-89.93852464134986, 38.619922189503846], [-89.94445114702152, 38.615572701498955], [-89.95018625645967, 38.61572246055001], [-89.9559214084743, 38.61587193899423], [-89.9616566029858, 38.61602113682532], [-89.96739183991471, 38.61617005403699], [-89.97312711918148, 38.61631869062297], [-89.97886244070665, 38.616467046576965], [-89.9845978044106, 38.61661512189275], [-89.9903332102139, 38.61676291656407], [-89.99606865803695, 38.61691043058469], [-90.00180414780024, 38.61705766394838], [-90.00753967942423, 38.617204616648934], [-90.01327525282936, 38.61735128868017], [-90.01901086793612, 38.61749768003589], [-90.02474652466493, 38.617643790709906], [-90.03048222293627, 38.617789620696094], [-90.03621796267052, 38.617935169988264], [-90.04176873755169, 38.622580391570615], [-90.04750491743872, 38.62272540266021], [-90.05324113855997, 38.6228701329926], [-90.0587934259509, 38.627514600818145], [-90.06434642856152, 38.63215882981023], [-90.0699001465709, 38.63680281983647], [-90.0756376048565, 38.63694649603503], [-90.08137510400799, 38.63708989131143], [-90.08711264394572, 38.63723300565962], [-90.09266827345223, 38.64187598250663], [-90.09840625259658, 38.64201855779177], [-90.10396299643912, 38.64666103690741], [-90.10970141459032, 38.646803072928776], [-90.11543987314892, 38.64694482790208], [-90.12117837203515, 38.64708630182135], [-90.12691691116937, 38.64722749468063], [-90.13283497637043, 38.64286810847808], [-90.13857323774008, 38.64300871669927], [-90.14431153910874, 38.643149043887504], [-90.15004988039681, 38.64328909003685], [-90.15578826152439, 38.64342885514139], [-90.16152668241186, 38.64356833919522], [-90.16726514297947, 38.64370754219247], [-90.17300364314747, 38.64384646412727], [-90.17874218283609, 38.64398510499372], [-90.18448076196563, 38.64412346478601], [-90.19039524642797, 38.63976101837225], [-90.19630901490473, 38.63539824263034], [-90.2022220675363, 38.63103513769752], [-90.20795972970198, 38.63117230726659]]}}, {"type": "Feature", "properties": {"route_run_id": "stl_midamerica_to_st_louis_union_station_2026-03-09_0094", "route_pair": "midamerica_to_st_louis_union_station", "route_pair_label": "MidAmerica to St. Louis Union Station", "origin_label": "MidAmerica St. Louis Airport", "destination_label": "St. Louis Union Station", "origin_lat": 38.5451731, "origin_lon": -89.8351856, "destination_lat": 38.629167, "destination_lon": -90.2075, "traffic_date": "2026-03-09", "traffic_dataset": "March 9th - Monday", "weight_id": "w_0094", "distance_weight": 0.1, "population_weight": 0.3, "traffic_weight": 0.0, "airspace_weight": 0.6, "path_nodes": 68, "path_node_ids": [8877, 8881, 8904, 8922, 8923, 8927, 9145, 10016, 10018, 10062, 10055, 10058, 10094, 10096, 10103, 10104, 10110, 10109, 10516, 10515, 10514, 10517, 10522, 10299, 10300, 10301, 10309, 10308, 10310, 10343, 10345, 10344, 10342, 10355, 10210, 10208, 10209, 10326, 10328, 10322, 10191, 2276, 2518, 2277, 2509, 2287, 2508, 2286, 2298, 2300, 2301, 2307, 2495, 2820, 2823, 2827, 2849, 2848, 2850, 2837, 2859, 2858, 2863, 2763, 2762, 2737, 2732, 2715], "elapsed_seconds": 0.0410760999948252, "status": "success", "failure_reason": "", "route_distance_km": 50.798227970467636, "distance_cost_sum": 55.90673496463881, "population_cost_sum": 14.014987217207485, "traffic_cost_sum": 14.050998358655537, "airspace_cost_sum": 22.6, "total_weighted_score": 23.355169661626135}, "geometry": {"type": "LineString", "coordinates": [[-89.83272609742262, 38.54503213945896], [-89.83252853470323, 38.54953126729425], [-89.83806053424684, 38.55418543772932], [-89.84359324582596, 38.558839373542895], [-89.84912666962028, 38.563493074603095], [-89.85466080580946, 38.568146540778045], [-89.86019565457306, 38.572799771935806], [-89.86573121609086, 38.57745276794444], [-89.87126749054252, 38.58210552867199], [-89.8768044781077, 38.58675805398646], [-89.88234217896623, 38.591410343755804], [-89.8878805932977, 38.59606239784802], [-89.89341972128202, 38.600714216131045], [-89.89895956309883, 38.60536579847276], [-89.90450011892796, 38.61001714474108], [-89.91004138894921, 38.614668254803874], [-89.9155833733424, 38.61931912852895], [-89.92131862594731, 38.619470314708934], [-89.9268617252078, 38.624120695492145], [-89.93259742104341, 38.62427134452904], [-89.93833315971467, 38.6244217128885], [-89.94406894114202, 38.62457180056415], [-89.94980476524591, 38.62472160754967], [-89.95554063194687, 38.62487113383877], [-89.96127654116528, 38.62502037942509], [-89.96701249282155, 38.625169344302385], [-89.97274848683627, 38.62531802846435], [-89.97848452312972, 38.62546643190471], [-89.98422060162243, 38.625614554617215], [-89.98995672223481, 38.62576239659562], [-89.9956928848873, 38.625909957833684], [-90.00142908950032, 38.62605723832518], [-90.00716533599429, 38.6262042380639], [-90.01290162428964, 38.62635095704363], [-90.01882443193752, 38.62199753976251], [-90.0245604460918, 38.62214367381969], [-90.03029650179865, 38.62228952714421], [-90.03603259897847, 38.622435099729884], [-90.04176873755169, 38.622580391570615], [-90.04768956620967, 38.61822542646607], [-90.05360968000618, 38.61387013007287], [-90.0593452273907, 38.61401453341643], [-90.0650808158304, 38.61415865608025], [-90.07081644524574, 38.61430249805824], [-90.07655211555712, 38.614446059344324], [-90.08228782668499, 38.614589339932465], [-90.08802357854981, 38.61473233981663], [-90.09375937107193, 38.61487505899075], [-90.09949520417183, 38.615017497448825], [-90.10505004462816, 38.61965986513943], [-90.11078631613944, 38.61980176485522], [-90.11634226958749, 38.624443634935055], [-90.12189893829279, 38.62908526529191], [-90.12745632243416, 38.63372665579325], [-90.13301442219031, 38.63836780630655], [-90.13857323774008, 38.64300871669927], [-90.14431153910874, 38.643149043887504], [-90.15004988039681, 38.64328909003685], [-90.15578826152439, 38.64342885514139], [-90.16152668241186, 38.64356833919522], [-90.16726514297947, 38.64370754219247], [-90.17300364314747, 38.64384646412727], [-90.17856556137721, 38.64848558173427], [-90.18448076196563, 38.64412346478601], [-90.19021938045634, 38.644261543498274], [-90.19613354616266, 38.639898793950096], [-90.20204699586435, 38.63553571516044], [-90.20795972970198, 38.63117230726659]]}}, {"type": "Feature", "properties": {"route_run_id": "stl_midamerica_to_st_louis_union_station_2026-03-09_0241", "route_pair": "midamerica_to_st_louis_union_station", "route_pair_label": "MidAmerica to St. Louis Union Station", "origin_label": "MidAmerica St. Louis Airport", "destination_label": "St. Louis Union Station", "origin_lat": 38.5451731, "origin_lon": -89.8351856, "destination_lat": 38.629167, "destination_lon": -90.2075, "traffic_date": "2026-03-09", "traffic_dataset": "March 9th - Monday", "weight_id": "w_0241", "distance_weight": 0.5, "population_weight": 0.1, "traffic_weight": 0.3, "airspace_weight": 0.1, "path_nodes": 67, "path_node_ids": [8877, 8876, 8868, 8869, 8870, 8867, 9753, 9754, 9755, 9750, 9773, 9779, 9781, 9796, 9799, 10022, 10025, 10007, 10009, 10232, 10238, 10243, 10244, 10242, 10221, 10227, 10229, 10228, 10146, 10144, 10147, 10145, 10157, 10156, 10154, 10155, 10162, 10164, 10163, 10165, 2247, 2272, 2274, 2285, 2283, 2508, 2286, 2298, 2300, 2301, 2307, 2491, 2492, 2493, 2496, 2507, 2506, 2828, 2505, 2809, 2811, 2810, 2728, 2730, 2731, 2729, 2715], "elapsed_seconds": 0.013998899987200275, "status": "success", "failure_reason": "", "route_distance_km": 46.67985536954628, "distance_cost_sum": 51.37419958527094, "population_cost_sum": 21.857247490094956, "traffic_cost_sum": 8.697158050998796, "airspace_cost_sum": 26.00000000000002, "total_weighted_score": 33.08197195694461}, "geometry": {"type": "LineString", "coordinates": [[-89.83272609742262, 38.54503213945896], [-89.83845499191484, 38.54518713674757], [-89.84418393041321, 38.54534185422887], [-89.8499129128385, 38.54549629189633], [-89.85564193911159, 38.545650449743434], [-89.86137100915332, 38.54580432776372], [-89.86710012288452, 38.545957925950695], [-89.87282928022606, 38.546111244297876], [-89.8785584810987, 38.54626428279884], [-89.88409336612811, 38.55091639101554], [-89.88962896320348, 38.555568263906835], [-89.89516527250416, 38.56021990134085], [-89.90070229420945, 38.5648713031856], [-89.9062400284988, 38.5695224693091], [-89.91177847555153, 38.57417339957938], [-89.91731763554708, 38.578824093864434], [-89.92304967583993, 38.578975062443455], [-89.92878175902374, 38.57912575080554], [-89.93432243108697, 38.58377569673078], [-89.93986381649326, 38.588425406220864], [-89.945405915422, 38.59307487914367], [-89.95113923958688, 38.593224518410075], [-89.95687260627673, 38.5933738772936], [-89.96260601541215, 38.59352295578797], [-89.96833946691376, 38.59367175388689], [-89.9740729607021, 38.59382027158407], [-89.97980649669776, 38.593968508873274], [-89.98554007482124, 38.594116465748236], [-89.99127369499321, 38.59426414220273], [-89.99700735713421, 38.594411538230524], [-90.00274106116477, 38.59455865382544], [-90.00847480700546, 38.59470548898121], [-90.01420859457684, 38.5948520436917], [-90.01994242379944, 38.594998317950704], [-90.02567629459381, 38.59514431175206], [-90.03141020688051, 38.59529002508962], [-90.03714416058007, 38.595435457957215], [-90.04287815561301, 38.59558061034875], [-90.04861219189988, 38.59572548225811], [-90.0543462693612, 38.59587007367915], [-90.05989665933384, 38.60051442812264], [-90.06544776357148, 38.60515854396957], [-90.07099958225297, 38.609802421087586], [-90.07673489520826, 38.60994595939966], [-90.08247024897021, 38.61008921705863], [-90.08802357854981, 38.61473233981663], [-90.09375937107193, 38.61487505899075], [-90.09949520417183, 38.615017497448825], [-90.10505004462816, 38.61965986513943], [-90.11078631613944, 38.61980176485522], [-90.11634226958749, 38.624443634935055], [-90.1220789793104, 38.62458499570804], [-90.12781572923257, 38.62472607564535], [-90.13355251927439, 38.62486687474105], [-90.13911038141684, 38.62950773017495], [-90.14484760917111, 38.62964799001386], [-90.15058487681573, 38.629787968948484], [-90.156322184271, 38.62992766697294], [-90.16205953145733, 38.63006708408134], [-90.16779691829495, 38.630206220267794], [-90.17353434470424, 38.6303450755264], [-90.17927181060547, 38.63048364985134], [-90.185009315919, 38.63062194323676], [-90.1907468605651, 38.6307599556768], [-90.1964844444641, 38.63089768716567], [-90.2022220675363, 38.63103513769752], [-90.20795972970198, 38.63117230726659]]}}, {"type": "Feature", "properties": {"route_run_id": "stl_midamerica_to_st_louis_union_station_2026-03-09_0267", "route_pair": "midamerica_to_st_louis_union_station", "route_pair_label": "MidAmerica to St. Louis Union Station", "origin_label": "MidAmerica St. Louis Airport", "destination_label": "St. Louis Union Station", "origin_lat": 38.5451731, "origin_lon": -89.8351856, "destination_lat": 38.629167, "destination_lon": -90.2075, "traffic_date": "2026-03-09", "traffic_dataset": "March 9th - Monday", "weight_id": "w_0267", "distance_weight": 0.6, "population_weight": 0.4, "traffic_weight": 0.0, "airspace_weight": 0.0, "path_nodes": 67, "path_node_ids": [8877, 8876, 8868, 8869, 8870, 8867, 9753, 9754, 9755, 9744, 9746, 9747, 9745, 9737, 9736, 9734, 9735, 9919, 9921, 9944, 9947, 9940, 9941, 9962, 9955, 9957, 9959, 9994, 9885, 9886, 9884, 9887, 9897, 9895, 9896, 9894, 9902, 9903, 9904, 9909, 2213, 2212, 2214, 1997, 1994, 1995, 1996, 2005, 2004, 2007, 2006, 2191, 2194, 2193, 2192, 2418, 2422, 2425, 2427, 2453, 2455, 2454, 2372, 2399, 2401, 2404, 2715], "elapsed_seconds": 0.012639300024602562, "status": "success", "failure_reason": "", "route_distance_km": 46.66599661404935, "distance_cost_sum": 51.35894712861125, "population_cost_sum": 17.364166724554934, "traffic_cost_sum": 13.818965585036251, "airspace_cost_sum": 38.0, "total_weighted_score": 37.761034966988724}, "geometry": {"type": "LineString", "coordinates": [[-89.83272609742262, 38.54503213945896], [-89.83845499191484, 38.54518713674757], [-89.84418393041321, 38.54534185422887], [-89.8499129128385, 38.54549629189633], [-89.85564193911159, 38.545650449743434], [-89.86137100915332, 38.54580432776372], [-89.86710012288452, 38.545957925950695], [-89.87282928022606, 38.546111244297876], [-89.8785584810987, 38.54626428279884], [-89.88428772542336, 38.54641704144712], [-89.8900170131208, 38.5465695202363], [-89.89574634411186, 38.54672171915994], [-89.90147571831739, 38.546873638211636], [-89.90720513565815, 38.54702527738502], [-89.91293459605497, 38.54717663667367], [-89.91866409942871, 38.54732771607122], [-89.92439364570006, 38.54747851557132], [-89.9301232347899, 38.54762903516762], [-89.93566171159593, 38.55227884253414], [-89.94120090063481, 38.55692841373979], [-89.94693132996858, 38.557078141522354], [-89.9526618018245, 38.55722758928637], [-89.95839231612332, 38.55737675702556], [-89.9641228727858, 38.55752564473363], [-89.96985347173262, 38.5576742524043], [-89.97539536640897, 38.56232230635172], [-89.98093797377864, 38.566970123410094], [-89.98648129402048, 38.57161770344731], [-89.99221313054706, 38.571765261757655], [-89.99794500899198, 38.571912539865146], [-90.00367692927587, 38.5720595377636], [-90.00940889131944, 38.572206255446844], [-90.01514089504332, 38.57235269290866], [-90.02087294036811, 38.5724988501429], [-90.02660502721452, 38.572644727143405], [-90.03233715550313, 38.57279032390402], [-90.0380693251546, 38.572935640418635], [-90.04380153608955, 38.57308067668109], [-90.04953378822863, 38.57322543268529], [-90.05508220119658, 38.57786994989744], [-90.06081489219632, 38.57801416845261], [-90.06654762417196, 38.57815810668649], [-90.072280397044, 38.57830176459299], [-90.07801321073313, 38.57844514216606], [-90.0837460651599, 38.578588239399664], [-90.08947896024489, 38.57873105628777], [-90.09521189590866, 38.57887359282438], [-90.10094487207182, 38.57901584900345], [-90.10667788865496, 38.579157824818985], [-90.11241094557855, 38.579299520265025], [-90.11814404276322, 38.57944093533558], [-90.12387718012955, 38.579582070024706], [-90.1296103575981, 38.57972292432643], [-90.13534357508938, 38.579863498234836], [-90.14107683252396, 38.580003791744], [-90.14663191796852, 38.58464420615243], [-90.15218771733517, 38.589284380730234], [-90.15774423080212, 38.593924315345014], [-90.16330145854758, 38.59856400986431], [-90.16885940074975, 38.60320346415569], [-90.17441805758689, 38.60784267808668], [-90.18015373543601, 38.6079811415637], [-90.18571350391167, 38.61261985640587], [-90.19127398739786, 38.61725833052981], [-90.19683518607279, 38.62189656380297], [-90.20239710011477, 38.62653455609276], [-90.20795972970198, 38.63117230726659]]}}, {"type": "Feature", "properties": {"route_run_id": "stl_midamerica_to_st_louis_union_station_2026-03-09_0078", "route_pair": "midamerica_to_st_louis_union_station", "route_pair_label": "MidAmerica to St. Louis Union Station", "origin_label": "MidAmerica St. Louis Airport", "destination_label": "St. Louis Union Station", "origin_lat": 38.5451731, "origin_lon": -89.8351856, "destination_lat": 38.629167, "destination_lon": -90.2075, "traffic_date": "2026-03-09", "traffic_dataset": "March 9th - Monday", "weight_id": "w_0078", "distance_weight": 0.1, "population_weight": 0.1, "traffic_weight": 0.1, "airspace_weight": 0.7, "path_nodes": 68, "path_node_ids": [8877, 8881, 8904, 8922, 8923, 8927, 9145, 10016, 10018, 10062, 10055, 10058, 10094, 10096, 10103, 10104, 10110, 10109, 10516, 10512, 10290, 10289, 10294, 10281, 10292, 10293, 10304, 10303, 10302, 10315, 10316, 10317, 10314, 10207, 10206, 10204, 10205, 10189, 10190, 10188, 10191, 2276, 2518, 2277, 2509, 2287, 2508, 2286, 2298, 2300, 2304, 2531, 2819, 2824, 2838, 2827, 2849, 2848, 2850, 2837, 2859, 2858, 2860, 2759, 2734, 2731, 2729, 2715], "elapsed_seconds": 0.04169109999202192, "status": "success", "failure_reason": "", "route_distance_km": 50.26344452361193, "distance_cost_sum": 55.3181711973314, "population_cost_sum": 16.18903098364726, "traffic_cost_sum": 8.723447286522381, "airspace_cost_sum": 22.6, "total_weighted_score": 23.84306494675011}, "geometry": {"type": "LineString", "coordinates": [[-89.83272609742262, 38.54503213945896], [-89.83252853470323, 38.54953126729425], [-89.83806053424684, 38.55418543772932], [-89.84359324582596, 38.558839373542895], [-89.84912666962028, 38.563493074603095], [-89.85466080580946, 38.568146540778045], [-89.86019565457306, 38.572799771935806], [-89.86573121609086, 38.57745276794444], [-89.87126749054252, 38.58210552867199], [-89.8768044781077, 38.58675805398646], [-89.88234217896623, 38.591410343755804], [-89.8878805932977, 38.59606239784802], [-89.89341972128202, 38.600714216131045], [-89.89895956309883, 38.60536579847276], [-89.90450011892796, 38.61001714474108], [-89.91004138894921, 38.614668254803874], [-89.9155833733424, 38.61931912852895], [-89.92131862594731, 38.619470314708934], [-89.9268617252078, 38.624120695492145], [-89.93278926003055, 38.619771845202735], [-89.93852464134986, 38.619922189503846], [-89.94445114702152, 38.615572701498955], [-89.95018625645967, 38.61572246055001], [-89.9559214084743, 38.61587193899423], [-89.9616566029858, 38.61602113682532], [-89.96739183991471, 38.61617005403699], [-89.97312711918148, 38.61631869062297], [-89.97886244070665, 38.616467046576965], [-89.9845978044106, 38.61661512189275], [-89.9903332102139, 38.61676291656407], [-89.99606865803695, 38.61691043058469], [-90.00180414780024, 38.61705766394838], [-90.00753967942423, 38.617204616648934], [-90.01327525282936, 38.61735128868017], [-90.01901086793612, 38.61749768003589], [-90.02474652466493, 38.617643790709906], [-90.03048222293627, 38.617789620696094], [-90.03640328497923, 38.613435236024664], [-90.04213870872088, 38.61358048137086], [-90.04787417375634, 38.61372544605564], [-90.05360968000618, 38.61387013007287], [-90.0593452273907, 38.61401453341643], [-90.0650808158304, 38.61415865608025], [-90.07081644524574, 38.61430249805824], [-90.07655211555712, 38.614446059344324], [-90.08228782668499, 38.614589339932465], [-90.08802357854981, 38.61473233981663], [-90.09375937107193, 38.61487505899075], [-90.09949520417183, 38.615017497448825], [-90.10505004462816, 38.61965986513943], [-90.1106056001435, 38.62430199333239], [-90.11616187089658, 38.62894388189524], [-90.12171885706623, 38.633585530695484], [-90.12727655883121, 38.63822693960062], [-90.13283497637043, 38.64286810847808], [-90.13857323774008, 38.64300871669927], [-90.14431153910874, 38.643149043887504], [-90.15004988039681, 38.64328909003685], [-90.15578826152439, 38.64342885514139], [-90.16152668241186, 38.64356833919522], [-90.16726514297947, 38.64370754219247], [-90.17300364314747, 38.64384646412727], [-90.17874218283609, 38.64398510499372], [-90.18465698596519, 38.639622961753446], [-90.19057107312773, 38.63526048909833], [-90.1964844444641, 38.63089768716567], [-90.2022220675363, 38.63103513769752], [-90.20795972970198, 38.63117230726659]]}}, {"type": "Feature", "properties": {"route_run_id": "stl_midamerica_to_st_louis_union_station_2026-03-09_0259", "route_pair": "midamerica_to_st_louis_union_station", "route_pair_label": "MidAmerica to St. Louis Union Station", "origin_label": "MidAmerica St. Louis Airport", "destination_label": "St. Louis Union Station", "origin_lat": 38.5451731, "origin_lon": -89.8351856, "destination_lat": 38.629167, "destination_lon": -90.2075, "traffic_date": "2026-03-09", "traffic_dataset": "March 9th - Monday", "weight_id": "w_0259", "distance_weight": 0.6, "population_weight": 0.1, "traffic_weight": 0.1, "airspace_weight": 0.2, "path_nodes": 67, "path_node_ids": [8877, 8879, 8896, 8900, 8924, 8930, 10012, 10015, 10019, 10053, 10057, 10054, 10061, 10051, 10049, 10048, 10050, 10254, 10259, 10282, 10289, 10294, 10281, 10292, 10293, 10304, 10303, 10302, 10315, 10316, 10317, 10314, 10207, 10206, 10204, 10205, 10323, 10324, 10322, 10325, 2520, 2521, 2519, 2510, 2512, 2513, 2511, 2302, 2300, 2301, 2307, 2491, 2492, 2818, 2496, 2507, 2506, 2828, 2505, 2809, 2811, 2810, 2728, 2730, 2731, 2729, 2715], "elapsed_seconds": 0.01183510001283139, "status": "success", "failure_reason": "", "route_distance_km": 46.688245972648126, "distance_cost_sum": 51.38343398659848, "population_cost_sum": 20.811769228943916, "traffic_cost_sum": 11.66994454850107, "airspace_cost_sum": 23.2, "total_weighted_score": 38.718231769703586}, "geometry": {"type": "LineString", "coordinates": [[-89.83272609742262, 38.54503213945896], [-89.83825778508921, 38.54968628939868], [-89.84379018463301, 38.55434020475587], [-89.84932329623358, 38.558993885398685], [-89.85485712007056, 38.56364733119524], [-89.86039165632353, 38.56830054201366], [-89.86592690517212, 38.57295351772198], [-89.871462866796, 38.577606258188254], [-89.87699954137483, 38.582258763280514], [-89.88253692908823, 38.586911032866766], [-89.88807503011597, 38.59156306681497], [-89.89380792466403, 38.591715509561276], [-89.89934713930707, 38.59636705177409], [-89.90508047722643, 38.59651895818466], [-89.91081385831642, 38.59667058421835], [-89.91654728249756, 38.596821929868824], [-89.92228074969049, 38.59697299512966], [-89.92782227790734, 38.601623276602716], [-89.93336452008171, 38.60627332157674], [-89.93890747639323, 38.61092312991955], [-89.94445114702152, 38.615572701498955], [-89.95018625645967, 38.61572246055001], [-89.9559214084743, 38.61587193899423], [-89.9616566029858, 38.61602113682532], [-89.96739183991471, 38.61617005403699], [-89.97312711918148, 38.61631869062297], [-89.97886244070665, 38.616467046576965], [-89.9845978044106, 38.61661512189275], [-89.9903332102139, 38.61676291656407], [-89.99606865803695, 38.61691043058469], [-90.00180414780024, 38.61705766394838], [-90.00753967942423, 38.617204616648934], [-90.01327525282936, 38.61735128868017], [-90.01901086793612, 38.61749768003589], [-90.02474652466493, 38.617643790709906], [-90.03048222293627, 38.617789620696094], [-90.03621796267052, 38.617935169988264], [-90.0419537437882, 38.61808043858029], [-90.04768956620967, 38.61822542646607], [-90.05342542985542, 38.61837013363945], [-90.05916133464585, 38.61851456009435], [-90.06489728050143, 38.618658705824664], [-90.07063326734246, 38.618802570824315], [-90.07636929508949, 38.61894615508724], [-90.08210536366288, 38.61908945860739], [-90.087841472983, 38.61923248137871], [-90.09357762297034, 38.61937522339516], [-90.09931381354528, 38.61951768465076], [-90.10505004462816, 38.61965986513943], [-90.11078631613944, 38.61980176485522], [-90.11634226958749, 38.624443634935055], [-90.1220789793104, 38.62458499570804], [-90.12781572923257, 38.62472607564535], [-90.13337319363258, 38.629367189437694], [-90.13911038141684, 38.62950773017495], [-90.14484760917111, 38.62964799001386], [-90.15058487681573, 38.629787968948484], [-90.156322184271, 38.62992766697294], [-90.16205953145733, 38.63006708408134], [-90.16779691829495, 38.630206220267794], [-90.17353434470424, 38.6303450755264], [-90.17927181060547, 38.63048364985134], [-90.185009315919, 38.63062194323676], [-90.1907468605651, 38.6307599556768], [-90.1964844444641, 38.63089768716567], [-90.2022220675363, 38.63103513769752], [-90.20795972970198, 38.63117230726659]]}}, {"type": "Feature", "properties": {"route_run_id": "stl_midamerica_to_st_louis_union_station_2026-03-09_0141", "route_pair": "midamerica_to_st_louis_union_station", "route_pair_label": "MidAmerica to St. Louis Union Station", "origin_label": "MidAmerica St. Louis Airport", "destination_label": "St. Louis Union Station", "origin_lat": 38.5451731, "origin_lon": -89.8351856, "destination_lat": 38.629167, "destination_lon": -90.2075, "traffic_date": "2026-03-09", "traffic_dataset": "March 9th - Monday", "weight_id": "w_0141", "distance_weight": 0.2, "population_weight": 0.2, "traffic_weight": 0.2, "airspace_weight": 0.4, "path_nodes": 68, "path_node_ids": [8877, 8881, 8904, 8922, 8923, 8927, 9145, 10016, 10018, 10062, 10055, 10058, 10094, 10096, 10103, 10104, 10110, 10109, 10516, 10512, 10290, 10289, 10294, 10281, 10292, 10293, 10304, 10303, 10302, 10315, 10316, 10317, 10314, 10207, 10206, 10204, 10205, 10323, 10328, 10329, 10327, 2548, 2550, 2556, 2549, 2542, 2540, 2539, 2533, 2536, 2562, 2566, 2844, 2842, 2838, 2827, 2849, 2848, 2850, 2837, 2859, 2858, 2860, 2759, 2734, 2731, 2729, 2715], "elapsed_seconds": 0.0331702999828849, "status": "success", "failure_reason": "", "route_distance_km": 51.3319092772517, "distance_cost_sum": 56.49408575552276, "population_cost_sum": 15.014730976005406, "traffic_cost_sum": 6.081978488869374, "airspace_cost_sum": 23.8, "total_weighted_score": 25.038159044079514}, "geometry": {"type": "LineString", "coordinates": [[-89.83272609742262, 38.54503213945896], [-89.83252853470323, 38.54953126729425], [-89.83806053424684, 38.55418543772932], [-89.84359324582596, 38.558839373542895], [-89.84912666962028, 38.563493074603095], [-89.85466080580946, 38.568146540778045], [-89.86019565457306, 38.572799771935806], [-89.86573121609086, 38.57745276794444], [-89.87126749054252, 38.58210552867199], [-89.8768044781077, 38.58675805398646], [-89.88234217896623, 38.591410343755804], [-89.8878805932977, 38.59606239784802], [-89.89341972128202, 38.600714216131045], [-89.89895956309883, 38.60536579847276], [-89.90450011892796, 38.61001714474108], [-89.91004138894921, 38.614668254803874], [-89.9155833733424, 38.61931912852895], [-89.92131862594731, 38.619470314708934], [-89.9268617252078, 38.624120695492145], [-89.93278926003055, 38.619771845202735], [-89.93852464134986, 38.619922189503846], [-89.94445114702152, 38.615572701498955], [-89.95018625645967, 38.61572246055001], [-89.9559214084743, 38.61587193899423], [-89.9616566029858, 38.61602113682532], [-89.96739183991471, 38.61617005403699], [-89.97312711918148, 38.61631869062297], [-89.97886244070665, 38.616467046576965], [-89.9845978044106, 38.61661512189275], [-89.9903332102139, 38.61676291656407], [-89.99606865803695, 38.61691043058469], [-90.00180414780024, 38.61705766394838], [-90.00753967942423, 38.617204616648934], [-90.01327525282936, 38.61735128868017], [-90.01901086793612, 38.61749768003589], [-90.02474652466493, 38.617643790709906], [-90.03048222293627, 38.617789620696094], [-90.03621796267052, 38.617935169988264], [-90.04176873755169, 38.622580391570615], [-90.04750491743872, 38.62272540266021], [-90.05324113855997, 38.6228701329926], [-90.0587934259509, 38.627514600818145], [-90.06434642856152, 38.63215882981023], [-90.0699001465709, 38.63680281983647], [-90.07582058868887, 38.63244641710234], [-90.08155773007638, 38.632589789435436], [-90.08747713983809, 38.62823275191331], [-90.09321400499459, 38.62837553962287], [-90.09876939857845, 38.63301822111036], [-90.10432550767948, 38.63766066307442], [-90.10988233247663, 38.6423028653825], [-90.11543987314892, 38.64694482790208], [-90.12117837203515, 38.64708630182135], [-90.12691691116937, 38.64722749468063], [-90.13283497637043, 38.64286810847808], [-90.13857323774008, 38.64300871669927], [-90.14431153910874, 38.643149043887504], [-90.15004988039681, 38.64328909003685], [-90.15578826152439, 38.64342885514139], [-90.16152668241186, 38.64356833919522], [-90.16726514297947, 38.64370754219247], [-90.17300364314747, 38.64384646412727], [-90.17874218283609, 38.64398510499372], [-90.18465698596519, 38.639622961753446], [-90.19057107312773, 38.63526048909833], [-90.1964844444641, 38.63089768716567], [-90.2022220675363, 38.63103513769752], [-90.20795972970198, 38.63117230726659]]}}, {"type": "Feature", "properties": {"route_run_id": "stl_midamerica_to_st_louis_union_station_2026-03-09_0255", "route_pair": "midamerica_to_st_louis_union_station", "route_pair_label": "MidAmerica to St. Louis Union Station", "origin_label": "MidAmerica St. Louis Airport", "destination_label": "St. Louis Union Station", "origin_lat": 38.5451731, "origin_lon": -89.8351856, "destination_lat": 38.629167, "destination_lon": -90.2075, "traffic_date": "2026-03-09", "traffic_dataset": "March 9th - Monday", "weight_id": "w_0255", "distance_weight": 0.6, "population_weight": 0.0, "traffic_weight": 0.2, "airspace_weight": 0.2, "path_nodes": 67, "path_node_ids": [8877, 8876, 8892, 8897, 8899, 8926, 9788, 10013, 10014, 10036, 10052, 10054, 10061, 10051, 10049, 10048, 10050, 10253, 10252, 10241, 10240, 10248, 10246, 10247, 10245, 10231, 10230, 10262, 10150, 10148, 10149, 10151, 10161, 10159, 10158, 10160, 10166, 10168, 10167, 10169, 2247, 2269, 2268, 2278, 2283, 2508, 2286, 2298, 2300, 2304, 2307, 2491, 2492, 2818, 2496, 2507, 2506, 2828, 2505, 2809, 2811, 2810, 2728, 2730, 2731, 2729, 2715], "elapsed_seconds": 0.00987039998290129, "status": "success", "failure_reason": "", "route_distance_km": 46.683794018220816, "distance_cost_sum": 51.37853432284669, "population_cost_sum": 28.536414303461722, "traffic_cost_sum": 9.217492375120946, "airspace_cost_sum": 22.6, "total_weighted_score": 37.190619068732204}, "geometry": {"type": "LineString", "coordinates": [[-89.83272609742262, 38.54503213945896], [-89.83845499191484, 38.54518713674757], [-89.84398707949187, 38.54984103165108], [-89.84951987896733, 38.55449469187918], [-89.85505339052077, 38.559148117300026], [-89.86058761433173, 38.563801307781745], [-89.86612255057987, 38.568454263192415], [-89.87165819944471, 38.57310698340007], [-89.87719456110594, 38.577759468272795], [-89.88273163574308, 38.582411717678575], [-89.88826942353593, 38.58706373148541], [-89.89380792466403, 38.591715509561276], [-89.89934713930707, 38.59636705177409], [-89.90508047722643, 38.59651895818466], [-89.91081385831642, 38.59667058421835], [-89.91654728249756, 38.596821929868824], [-89.92228074969049, 38.59697299512966], [-89.92801425981584, 38.59712377999449], [-89.93374781279411, 38.597274284457015], [-89.93948140854593, 38.5974245085108], [-89.94521504699188, 38.5975744521496], [-89.95094872805251, 38.59772411536704], [-89.95668245164843, 38.59787349815684], [-89.96241621770018, 38.59802260051268], [-89.96815002612831, 38.59817142242828], [-89.9738838768534, 38.59831996389739], [-89.97961776979602, 38.59846822491371], [-89.98535170487666, 38.59861620547102], [-89.99108568201598, 38.59876390556306], [-89.99681970113441, 38.59891132518362], [-90.00255376215256, 38.59905846432648], [-90.00828786499093, 38.59920532298544], [-90.01402200957008, 38.5993519011543], [-90.01975619581054, 38.599498198826886], [-90.02549042363282, 38.599644215997024], [-90.03122469295744, 38.59978995265856], [-90.03695900370492, 38.599935408805365], [-90.0426933557958, 38.60008058443128], [-90.04842774915056, 38.600225479530216], [-90.05416218368977, 38.60037009409603], [-90.05989665933384, 38.60051442812264], [-90.06563117600335, 38.600658481603965], [-90.07136573361876, 38.60080225453393], [-90.07691763405278, 38.60544585525359], [-90.08247024897021, 38.61008921705863], [-90.08802357854981, 38.61473233981663], [-90.09375937107193, 38.61487505899075], [-90.09949520417183, 38.615017497448825], [-90.10505004462816, 38.61965986513943], [-90.1106056001435, 38.62430199333239], [-90.11634226958749, 38.624443634935055], [-90.1220789793104, 38.62458499570804], [-90.12781572923257, 38.62472607564535], [-90.13337319363258, 38.629367189437694], [-90.13911038141684, 38.62950773017495], [-90.14484760917111, 38.62964799001386], [-90.15058487681573, 38.629787968948484], [-90.156322184271, 38.62992766697294], [-90.16205953145733, 38.63006708408134], [-90.16779691829495, 38.630206220267794], [-90.17353434470424, 38.6303450755264], [-90.17927181060547, 38.63048364985134], [-90.185009315919, 38.63062194323676], [-90.1907468605651, 38.6307599556768], [-90.1964844444641, 38.63089768716567], [-90.2022220675363, 38.63103513769752], [-90.20795972970198, 38.63117230726659]]}}, {"type": "Feature", "properties": {"route_run_id": "stl_midamerica_to_st_louis_union_station_2026-03-09_0284", "route_pair": "midamerica_to_st_louis_union_station", "route_pair_label": "MidAmerica to St. Louis Union Station", "origin_label": "MidAmerica St. Louis Airport", "destination_label": "St. Louis Union Station", "origin_lat": 38.5451731, "origin_lon": -89.8351856, "destination_lat": 38.629167, "destination_lon": -90.2075, "traffic_date": "2026-03-09", "traffic_dataset": "March 9th - Monday", "weight_id": "w_0284", "distance_weight": 0.9, "population_weight": 0.0, "traffic_weight": 0.0, "airspace_weight": 0.1, "path_nodes": 67, "path_node_ids": [8877, 8876, 8892, 8897, 8899, 8926, 9788, 10013, 10014, 10036, 10052, 10054, 10061, 10051, 10049, 10048, 10050, 10253, 10252, 10241, 10240, 10248, 10246, 10247, 10245, 10231, 10230, 10262, 10150, 10148, 10149, 10151, 10161, 10159, 10158, 10160, 10166, 10168, 10167, 10169, 2247, 2269, 2268, 2257, 2256, 2254, 2279, 2293, 2296, 2301, 2303, 2491, 2492, 2818, 2496, 2507, 2506, 2828, 2505, 2809, 2811, 2810, 2728, 2730, 2731, 2729, 2715], "elapsed_seconds": 0.006970499991439283, "status": "success", "failure_reason": "", "route_distance_km": 46.683328700980354, "distance_cost_sum": 51.37802221113185, "population_cost_sum": 29.474393947782595, "traffic_cost_sum": 11.160766941646196, "airspace_cost_sum": 22.6, "total_weighted_score": 48.500219990018664}, "geometry": {"type": "LineString", "coordinates": [[-89.83272609742262, 38.54503213945896], [-89.83845499191484, 38.54518713674757], [-89.84398707949187, 38.54984103165108], [-89.84951987896733, 38.55449469187918], [-89.85505339052077, 38.559148117300026], [-89.86058761433173, 38.563801307781745], [-89.86612255057987, 38.568454263192415], [-89.87165819944471, 38.57310698340007], [-89.87719456110594, 38.577759468272795], [-89.88273163574308, 38.582411717678575], [-89.88826942353593, 38.58706373148541], [-89.89380792466403, 38.591715509561276], [-89.89934713930707, 38.59636705177409], [-89.90508047722643, 38.59651895818466], [-89.91081385831642, 38.59667058421835], [-89.91654728249756, 38.596821929868824], [-89.92228074969049, 38.59697299512966], [-89.92801425981584, 38.59712377999449], [-89.93374781279411, 38.597274284457015], [-89.93948140854593, 38.5974245085108], [-89.94521504699188, 38.5975744521496], [-89.95094872805251, 38.59772411536704], [-89.95668245164843, 38.59787349815684], [-89.96241621770018, 38.59802260051268], [-89.96815002612831, 38.59817142242828], [-89.9738838768534, 38.59831996389739], [-89.97961776979602, 38.59846822491371], [-89.98535170487666, 38.59861620547102], [-89.99108568201598, 38.59876390556306], [-89.99681970113441, 38.59891132518362], [-90.00255376215256, 38.59905846432648], [-90.00828786499093, 38.59920532298544], [-90.01402200957008, 38.5993519011543], [-90.01975619581054, 38.599498198826886], [-90.02549042363282, 38.599644215997024], [-90.03122469295744, 38.59978995265856], [-90.03695900370492, 38.599935408805365], [-90.0426933557958, 38.60008058443128], [-90.04842774915056, 38.600225479530216], [-90.05416218368977, 38.60037009409603], [-90.05989665933384, 38.60051442812264], [-90.06563117600335, 38.600658481603965], [-90.07136573361876, 38.60080225453393], [-90.07710033210058, 38.60094574690646], [-90.0828349713693, 38.601088958715515], [-90.08856965134538, 38.60123188995506], [-90.0941227455516, 38.605874717602354], [-90.09967655430022, 38.61051730605643], [-90.10523107776994, 38.61515965518486], [-90.11078631613944, 38.61980176485522], [-90.11652262799952, 38.61994338379215], [-90.1220789793104, 38.62458499570804], [-90.12781572923257, 38.62472607564535], [-90.13337319363258, 38.629367189437694], [-90.13911038141684, 38.62950773017495], [-90.14484760917111, 38.62964799001386], [-90.15058487681573, 38.629787968948484], [-90.156322184271, 38.62992766697294], [-90.16205953145733, 38.63006708408134], [-90.16779691829495, 38.630206220267794], [-90.17353434470424, 38.6303450755264], [-90.17927181060547, 38.63048364985134], [-90.185009315919, 38.63062194323676], [-90.1907468605651, 38.6307599556768], [-90.1964844444641, 38.63089768716567], [-90.2022220675363, 38.63103513769752], [-90.20795972970198, 38.63117230726659]]}}, {"type": "Feature", "properties": {"route_run_id": "stl_midamerica_to_st_louis_union_station_2026-03-09_0068", "route_pair": "midamerica_to_st_louis_union_station", "route_pair_label": "MidAmerica to St. Louis Union Station", "origin_label": "MidAmerica St. Louis Airport", "destination_label": "St. Louis Union Station", "origin_lat": 38.5451731, "origin_lon": -89.8351856, "destination_lat": 38.629167, "destination_lon": -90.2075, "traffic_date": "2026-03-09", "traffic_dataset": "March 9th - Monday", "weight_id": "w_0068", "distance_weight": 0.1, "population_weight": 0.0, "traffic_weight": 0.1, "airspace_weight": 0.8, "path_nodes": 67, "path_node_ids": [8877, 8876, 8892, 8897, 8899, 8926, 9788, 10013, 10014, 10036, 10052, 10054, 10061, 10051, 10049, 10048, 10050, 10253, 10252, 10241, 10240, 10248, 10246, 10247, 10245, 10231, 10230, 10262, 10150, 10148, 10149, 10151, 10161, 10156, 10154, 10155, 10162, 10164, 10163, 10165, 2244, 2246, 2268, 2278, 2283, 2508, 2286, 2298, 2300, 2304, 2531, 2819, 2820, 2822, 2825, 2836, 2848, 2850, 2837, 2859, 2858, 2815, 2759, 2734, 2731, 2729, 2715], "elapsed_seconds": 0.04059330001473427, "status": "success", "failure_reason": "", "route_distance_km": 48.81678601447848, "distance_cost_sum": 53.726029953713976, "population_cost_sum": 28.570091945307983, "traffic_cost_sum": 5.278783894524551, "airspace_cost_sum": 22.6, "total_weighted_score": 23.98048138482386}, "geometry": {"type": "LineString", "coordinates": [[-89.83272609742262, 38.54503213945896], [-89.83845499191484, 38.54518713674757], [-89.84398707949187, 38.54984103165108], [-89.84951987896733, 38.55449469187918], [-89.85505339052077, 38.559148117300026], [-89.86058761433173, 38.563801307781745], [-89.86612255057987, 38.568454263192415], [-89.87165819944471, 38.57310698340007], [-89.87719456110594, 38.577759468272795], [-89.88273163574308, 38.582411717678575], [-89.88826942353593, 38.58706373148541], [-89.89380792466403, 38.591715509561276], [-89.89934713930707, 38.59636705177409], [-89.90508047722643, 38.59651895818466], [-89.91081385831642, 38.59667058421835], [-89.91654728249756, 38.596821929868824], [-89.92228074969049, 38.59697299512966], [-89.92801425981584, 38.59712377999449], [-89.93374781279411, 38.597274284457015], [-89.93948140854593, 38.5974245085108], [-89.94521504699188, 38.5975744521496], [-89.95094872805251, 38.59772411536704], [-89.95668245164843, 38.59787349815684], [-89.96241621770018, 38.59802260051268], [-89.96815002612831, 38.59817142242828], [-89.9738838768534, 38.59831996389739], [-89.97961776979602, 38.59846822491371], [-89.98535170487666, 38.59861620547102], [-89.99108568201598, 38.59876390556306], [-89.99681970113441, 38.59891132518362], [-90.00255376215256, 38.59905846432648], [-90.00828786499093, 38.59920532298544], [-90.01402200957008, 38.5993519011543], [-90.01994242379944, 38.594998317950704], [-90.02567629459381, 38.59514431175206], [-90.03141020688051, 38.59529002508962], [-90.03714416058007, 38.595435457957215], [-90.04287815561301, 38.59558061034875], [-90.04861219189988, 38.59572548225811], [-90.0543462693612, 38.59587007367915], [-90.06008038791752, 38.59601438460579], [-90.06581454748931, 38.596158415031965], [-90.07136573361876, 38.60080225453393], [-90.07691763405278, 38.60544585525359], [-90.08247024897021, 38.61008921705863], [-90.08802357854981, 38.61473233981663], [-90.09375937107193, 38.61487505899075], [-90.09949520417183, 38.615017497448825], [-90.10505004462816, 38.61965986513943], [-90.1106056001435, 38.62430199333239], [-90.11616187089658, 38.62894388189524], [-90.12171885706623, 38.633585530695484], [-90.12745632243416, 38.63372665579325], [-90.13319382794117, 38.633867499959656], [-90.13875232561846, 38.63850839203032], [-90.144490269036, 38.638648696766005], [-90.15004988039681, 38.64328909003685], [-90.15578826152439, 38.64342885514139], [-90.16152668241186, 38.64356833919522], [-90.16726514297947, 38.64370754219247], [-90.17300364314747, 38.64384646412727], [-90.17891876485407, 38.63948462409952], [-90.18465698596519, 38.639622961753446], [-90.19057107312773, 38.63526048909833], [-90.1964844444641, 38.63089768716567], [-90.2022220675363, 38.63103513769752], [-90.20795972970198, 38.63117230726659]]}}, {"type": "Feature", "properties": {"route_run_id": "stl_midamerica_to_st_louis_union_station_2026-03-09_0246", "route_pair": "midamerica_to_st_louis_union_station", "route_pair_label": "MidAmerica to St. Louis Union Station", "origin_label": "MidAmerica St. Louis Airport", "destination_label": "St. Louis Union Station", "origin_lat": 38.5451731, "origin_lon": -89.8351856, "destination_lat": 38.629167, "destination_lon": -90.2075, "traffic_date": "2026-03-09", "traffic_dataset": "March 9th - Monday", "weight_id": "w_0246", "distance_weight": 0.5, "population_weight": 0.2, "traffic_weight": 0.3, "airspace_weight": 0.0, "path_nodes": 68, "path_node_ids": [8877, 8876, 8868, 8869, 8870, 8867, 9753, 9754, 9755, 9744, 9742, 9743, 9730, 9733, 9721, 9732, 9720, 9915, 9913, 9912, 9914, 9932, 7806, 9933, 9926, 9927, 9924, 9925, 9839, 9873, 9878, 9881, 9897, 9895, 9896, 9894, 9902, 9903, 9904, 9909, 2213, 2212, 2214, 1997, 1994, 1995, 1996, 2005, 2004, 2007, 2229, 2195, 2197, 2196, 2408, 2418, 2187, 2186, 2421, 2205, 2450, 2451, 2369, 2375, 2399, 2401, 2404, 2715], "elapsed_seconds": 0.01389600001857616, "status": "success", "failure_reason": "", "route_distance_km": 47.57110484020323, "distance_cost_sum": 52.35507726416082, "population_cost_sum": 18.687301854545673, "traffic_cost_sum": 5.856669572138323, "airspace_cost_sum": 39.0, "total_weighted_score": 31.671999874631044}, "geometry": {"type": "LineString", "coordinates": [[-89.83272609742262, 38.54503213945896], [-89.83845499191484, 38.54518713674757], [-89.84418393041321, 38.54534185422887], [-89.8499129128385, 38.54549629189633], [-89.85564193911159, 38.545650449743434], [-89.86137100915332, 38.54580432776372], [-89.86710012288452, 38.545957925950695], [-89.87282928022606, 38.546111244297876], [-89.8785584810987, 38.54626428279884], [-89.88428772542336, 38.54641704144712], [-89.8902109731338, 38.54207014196144], [-89.895939948205, 38.54222231651928], [-89.90166896648022, 38.54237421124988], [-89.90739802788026, 38.54252582614685], [-89.91312713232598, 38.54267716120381], [-89.91885627973821, 38.54282821641439], [-89.92458547003774, 38.5429789917722], [-89.93031470314544, 38.543129487270946], [-89.93604397898207, 38.54327970290425], [-89.94177329746847, 38.543429638665806], [-89.94750265852547, 38.54357929454928], [-89.9532320620738, 38.543728670548404], [-89.9589615080343, 38.543877766656834], [-89.9646909963278, 38.54402658286834], [-89.97023155068236, 38.54867483450422], [-89.9759614794683, 38.54882311464288], [-89.9816914503597, 38.548971114821086], [-89.98742146327739, 38.54911883503266], [-89.99296392439905, 38.55376608104985], [-89.9985070979577, 38.55841308997815], [-90.00405098413212, 38.56305986168546], [-90.00959558310103, 38.56770639603968], [-90.01514089504332, 38.57235269290866], [-90.02087294036811, 38.5724988501429], [-90.02660502721452, 38.572644727143405], [-90.03233715550313, 38.57279032390402], [-90.0380693251546, 38.572935640418635], [-90.04380153608955, 38.57308067668109], [-90.04953378822863, 38.57322543268529], [-90.05508220119658, 38.57786994989744], [-90.06081489219632, 38.57801416845261], [-90.06654762417196, 38.57815810668649], [-90.072280397044, 38.57830176459299], [-90.07801321073313, 38.57844514216606], [-90.0837460651599, 38.578588239399664], [-90.08947896024489, 38.57873105628777], [-90.09521189590866, 38.57887359282438], [-90.10094487207182, 38.57901584900345], [-90.10667788865496, 38.579157824818985], [-90.11241094557855, 38.579299520265025], [-90.11796404642338, 38.58394122410869], [-90.12369754066755, 38.5840823813937], [-90.12943107502363, 38.58422325824649], [-90.1351646494121, 38.58436385466116], [-90.14089826375356, 38.58450417063179], [-90.14663191796852, 38.58464420615243], [-90.15236561197744, 38.5847839612172], [-90.1580993457009, 38.58492343582021], [-90.16365593845713, 38.58956309408333], [-90.16921324535195, 38.59420251219789], [-90.17477126656355, 38.59884169003141], [-90.18033000227008, 38.60348062745143], [-90.18588945264969, 38.60811932432548], [-90.19144961788064, 38.61275778052102], [-90.19127398739786, 38.61725833052981], [-90.19683518607279, 38.62189656380297], [-90.20239710011477, 38.62653455609276], [-90.20795972970198, 38.63117230726659]]}}, {"type": "Feature", "properties": {"route_run_id": "stl_midamerica_to_st_louis_union_station_2026-03-09_0130", "route_pair": "midamerica_to_st_louis_union_station", "route_pair_label": "MidAmerica to St. Louis Union Station", "origin_label": "MidAmerica St. Louis Airport", "destination_label": "St. Louis Union Station", "origin_lat": 38.5451731, "origin_lon": -89.8351856, "destination_lat": 38.629167, "destination_lon": -90.2075, "traffic_date": "2026-03-09", "traffic_dataset": "March 9th - Monday", "weight_id": "w_0130", "distance_weight": 0.2, "population_weight": 0.0, "traffic_weight": 0.8, "airspace_weight": 0.0, "path_nodes": 69, "path_node_ids": [8877, 8861, 8864, 8865, 8866, 8863, 7715, 7713, 7714, 9726, 9727, 9729, 9728, 9719, 9718, 9716, 9717, 7794, 7793, 7795, 7796, 7804, 7803, 7805, 7813, 7814, 7811, 7812, 9817, 9816, 9819, 9818, 7905, 7901, 7902, 7903, 7916, 7915, 7914, 7913, 1933, 1931, 1932, 1917, 1943, 1946, 1970, 1983, 1998, 2003, 2000, 2191, 2194, 2193, 2192, 2185, 2184, 2186, 2421, 2205, 2450, 2451, 2369, 2375, 2399, 2401, 2406, 2729, 2715], "elapsed_seconds": 0.012056799983838573, "status": "success", "failure_reason": "", "route_distance_km": 49.00456878084652, "distance_cost_sum": 53.93269703187205, "population_cost_sum": 29.18730134339127, "traffic_cost_sum": 1.8881849111714815, "airspace_cost_sum": 38.6, "total_weighted_score": 12.297087335311597}, "geometry": {"type": "LineString", "coordinates": [[-89.83272609742262, 38.54503213945896], [-89.83865215473445, 38.54068797977641], [-89.84438073740759, 38.54084267248963], [-89.8501093639971, 38.54099708543371], [-89.85583803442384, 38.541151218602124], [-89.86156674860865, 38.54130507198842], [-89.86729550647239, 38.541458645586076], [-89.87321929212519, 38.537112630177866], [-89.87894778130001, 38.537265619682024], [-89.88467631390589, 38.53741832942288], [-89.89040488986362, 38.53757075939403], [-89.89613350909408, 38.53772290958904], [-89.90186217151818, 38.537874780001516], [-89.90759087705666, 38.53802637062506], [-89.91331962563046, 38.538177681453305], [-89.91904841716038, 38.53832871247986], [-89.9247772515673, 38.53847946369838], [-89.93050612877201, 38.5386299351025], [-89.93623504869535, 38.538780126685914], [-89.94196401125822, 38.538930038442274], [-89.94769301638131, 38.53907967036528], [-89.95342206398557, 38.53922902244861], [-89.95915115399177, 38.53937809468601], [-89.9648802863207, 38.53952688707118], [-89.97060946089319, 38.53967539959786], [-89.97633867763007, 38.53982363225979], [-89.98206793645213, 38.53997158505075], [-89.98779723728013, 38.54011925796448], [-89.99352658003491, 38.54026665099478], [-89.99925596463726, 38.54041376413546], [-90.00498539100796, 38.54056059738029], [-90.0107148590678, 38.5407071507231], [-90.01625828288213, 38.545353332379484], [-90.022173919938, 38.540999417678], [-90.02790351258993, 38.54114513127777], [-90.03363314661406, 38.54129056495092], [-90.03917816039834, 38.54593572016105], [-90.04490823303483, 38.54608061716274], [-90.05063834681579, 38.54622523417469], [-90.05636850166194, 38.546369571190844], [-90.06209869749397, 38.54651362820512], [-90.06782893423272, 38.54665740521145], [-90.07355921179885, 38.54680090220377], [-90.07928953011304, 38.54694411917603], [-90.08483803609515, 38.551587237746496], [-90.09038725467427, 38.55623011778336], [-90.09593718602859, 38.5608727591544], [-90.1014878303364, 38.56551516172741], [-90.10703918777595, 38.57015732537014], [-90.11259125852546, 38.57479924995029], [-90.11832399892143, 38.57494064238296], [-90.12387718012955, 38.579582070024706], [-90.1296103575981, 38.57972292432643], [-90.13534357508938, 38.579863498234836], [-90.14107683252396, 38.580003791744], [-90.14681012982238, 38.58014380484799], [-90.15254346690519, 38.5802835375409], [-90.1580993457009, 38.58492343582021], [-90.16365593845713, 38.58956309408333], [-90.16921324535195, 38.59420251219789], [-90.17477126656355, 38.59884169003141], [-90.18033000227008, 38.60348062745143], [-90.18588945264969, 38.60811932432548], [-90.19144961788064, 38.61275778052102], [-90.19127398739786, 38.61725833052981], [-90.19683518607279, 38.62189656380297], [-90.19665983485031, 38.626397127556444], [-90.2022220675363, 38.63103513769752], [-90.20795972970198, 38.63117230726659]]}}, {"type": "Feature", "properties": {"route_run_id": "stl_midamerica_to_st_louis_union_station_2026-03-09_0080", "route_pair": "midamerica_to_st_louis_union_station", "route_pair_label": "MidAmerica to St. Louis Union Station", "origin_label": "MidAmerica St. Louis Airport", "destination_label": "St. Louis Union Station", "origin_lat": 38.5451731, "origin_lon": -89.8351856, "destination_lat": 38.629167, "destination_lon": -90.2075, "traffic_date": "2026-03-09", "traffic_dataset": "March 9th - Monday", "weight_id": "w_0080", "distance_weight": 0.1, "population_weight": 0.1, "traffic_weight": 0.3, "airspace_weight": 0.5, "path_nodes": 68, "path_node_ids": [8877, 8881, 8904, 8922, 8923, 8927, 9145, 10016, 10018, 10062, 10055, 10058, 10094, 10096, 10103, 10104, 10110, 10109, 10516, 10512, 10290, 10289, 10294, 10281, 10292, 10293, 10304, 10303, 10302, 10315, 10316, 10312, 10181, 10199, 10193, 10158, 10155, 10162, 10164, 10163, 10165, 2247, 2272, 2274, 2509, 2283, 2508, 2286, 2298, 2300, 2304, 2531, 2819, 2820, 2822, 2825, 2836, 2848, 2850, 2837, 2859, 2858, 2860, 2759, 2734, 2731, 2729, 2715], "elapsed_seconds": 0.03990150001482107, "status": "success", "failure_reason": "", "route_distance_km": 52.92598546398779, "distance_cost_sum": 58.248469686732115, "population_cost_sum": 18.848211738073324, "traffic_cost_sum": 5.349263637730251, "airspace_cost_sum": 22.6, "total_weighted_score": 20.614447233799623}, "geometry": {"type": "LineString", "coordinates": [[-89.83272609742262, 38.54503213945896], [-89.83252853470323, 38.54953126729425], [-89.83806053424684, 38.55418543772932], [-89.84359324582596, 38.558839373542895], [-89.84912666962028, 38.563493074603095], [-89.85466080580946, 38.568146540778045], [-89.86019565457306, 38.572799771935806], [-89.86573121609086, 38.57745276794444], [-89.87126749054252, 38.58210552867199], [-89.8768044781077, 38.58675805398646], [-89.88234217896623, 38.591410343755804], [-89.8878805932977, 38.59606239784802], [-89.89341972128202, 38.600714216131045], [-89.89895956309883, 38.60536579847276], [-89.90450011892796, 38.61001714474108], [-89.91004138894921, 38.614668254803874], [-89.9155833733424, 38.61931912852895], [-89.92131862594731, 38.619470314708934], [-89.9268617252078, 38.624120695492145], [-89.93278926003055, 38.619771845202735], [-89.93852464134986, 38.619922189503846], [-89.94445114702152, 38.615572701498955], [-89.95018625645967, 38.61572246055001], [-89.9559214084743, 38.61587193899423], [-89.9616566029858, 38.61602113682532], [-89.96739183991471, 38.61617005403699], [-89.97312711918148, 38.61631869062297], [-89.97886244070665, 38.616467046576965], [-89.9845978044106, 38.61661512189275], [-89.9903332102139, 38.61676291656407], [-89.99606865803695, 38.61691043058469], [-90.00199161415404, 38.61255787040093], [-90.00772678846238, 38.612704799586744], [-90.01364871456262, 38.60835160338281], [-90.01956992623981, 38.60399807547383], [-90.02549042363282, 38.599644215997024], [-90.03141020688051, 38.59529002508962], [-90.03714416058007, 38.595435457957215], [-90.04287815561301, 38.59558061034875], [-90.04861219189988, 38.59572548225811], [-90.0543462693612, 38.59587007367915], [-90.05989665933384, 38.60051442812264], [-90.06544776357148, 38.60515854396957], [-90.07099958225297, 38.609802421087586], [-90.07655211555712, 38.614446059344324], [-90.08247024897021, 38.61008921705863], [-90.08802357854981, 38.61473233981663], [-90.09375937107193, 38.61487505899075], [-90.09949520417183, 38.615017497448825], [-90.10505004462816, 38.61965986513943], [-90.1106056001435, 38.62430199333239], [-90.11616187089658, 38.62894388189524], [-90.12171885706623, 38.633585530695484], [-90.12745632243416, 38.63372665579325], [-90.13319382794117, 38.633867499959656], [-90.13875232561846, 38.63850839203032], [-90.144490269036, 38.638648696766005], [-90.15004988039681, 38.64328909003685], [-90.15578826152439, 38.64342885514139], [-90.16152668241186, 38.64356833919522], [-90.16726514297947, 38.64370754219247], [-90.17300364314747, 38.64384646412727], [-90.17874218283609, 38.64398510499372], [-90.18465698596519, 38.639622961753446], [-90.19057107312773, 38.63526048909833], [-90.1964844444641, 38.63089768716567], [-90.2022220675363, 38.63103513769752], [-90.20795972970198, 38.63117230726659]]}}, {"type": "Feature", "properties": {"route_run_id": "stl_midamerica_to_st_louis_union_station_2026-03-09_0139", "route_pair": "midamerica_to_st_louis_union_station", "route_pair_label": "MidAmerica to St. Louis Union Station", "origin_label": "MidAmerica St. Louis Airport", "destination_label": "St. Louis Union Station", "origin_lat": 38.5451731, "origin_lon": -89.8351856, "destination_lat": 38.629167, "destination_lon": -90.2075, "traffic_date": "2026-03-09", "traffic_dataset": "March 9th - Monday", "weight_id": "w_0139", "distance_weight": 0.2, "population_weight": 0.2, "traffic_weight": 0.0, "airspace_weight": 0.6, "path_nodes": 68, "path_node_ids": [8877, 8881, 8904, 8922, 8923, 8927, 9145, 10016, 10018, 10062, 10055, 10058, 10094, 10096, 10103, 10104, 10110, 10109, 10516, 10515, 10514, 10517, 10522, 10299, 10300, 10301, 10309, 10308, 10310, 10343, 10345, 10344, 10342, 10355, 10210, 10208, 10209, 10326, 10328, 10322, 10191, 2276, 2518, 2277, 2509, 2287, 2508, 2286, 2298, 2300, 2301, 2307, 2495, 2820, 2823, 2827, 2849, 2848, 2850, 2837, 2859, 2858, 2860, 2763, 2762, 2737, 2732, 2715], "elapsed_seconds": 0.03502789998310618, "status": "success", "failure_reason": "", "route_distance_km": 50.26499556893611, "distance_cost_sum": 55.319878223015614, "population_cost_sum": 14.392523489752, "traffic_cost_sum": 14.050998358655537, "airspace_cost_sum": 22.6, "total_weighted_score": 27.502480342553532}, "geometry": {"type": "LineString", "coordinates": [[-89.83272609742262, 38.54503213945896], [-89.83252853470323, 38.54953126729425], [-89.83806053424684, 38.55418543772932], [-89.84359324582596, 38.558839373542895], [-89.84912666962028, 38.563493074603095], [-89.85466080580946, 38.568146540778045], [-89.86019565457306, 38.572799771935806], [-89.86573121609086, 38.57745276794444], [-89.87126749054252, 38.58210552867199], [-89.8768044781077, 38.58675805398646], [-89.88234217896623, 38.591410343755804], [-89.8878805932977, 38.59606239784802], [-89.89341972128202, 38.600714216131045], [-89.89895956309883, 38.60536579847276], [-89.90450011892796, 38.61001714474108], [-89.91004138894921, 38.614668254803874], [-89.9155833733424, 38.61931912852895], [-89.92131862594731, 38.619470314708934], [-89.9268617252078, 38.624120695492145], [-89.93259742104341, 38.62427134452904], [-89.93833315971467, 38.6244217128885], [-89.94406894114202, 38.62457180056415], [-89.94980476524591, 38.62472160754967], [-89.95554063194687, 38.62487113383877], [-89.96127654116528, 38.62502037942509], [-89.96701249282155, 38.625169344302385], [-89.97274848683627, 38.62531802846435], [-89.97848452312972, 38.62546643190471], [-89.98422060162243, 38.625614554617215], [-89.98995672223481, 38.62576239659562], [-89.9956928848873, 38.625909957833684], [-90.00142908950032, 38.62605723832518], [-90.00716533599429, 38.6262042380639], [-90.01290162428964, 38.62635095704363], [-90.01882443193752, 38.62199753976251], [-90.0245604460918, 38.62214367381969], [-90.03029650179865, 38.62228952714421], [-90.03603259897847, 38.622435099729884], [-90.04176873755169, 38.622580391570615], [-90.04768956620967, 38.61822542646607], [-90.05360968000618, 38.61387013007287], [-90.0593452273907, 38.61401453341643], [-90.0650808158304, 38.61415865608025], [-90.07081644524574, 38.61430249805824], [-90.07655211555712, 38.614446059344324], [-90.08228782668499, 38.614589339932465], [-90.08802357854981, 38.61473233981663], [-90.09375937107193, 38.61487505899075], [-90.09949520417183, 38.615017497448825], [-90.10505004462816, 38.61965986513943], [-90.11078631613944, 38.61980176485522], [-90.11634226958749, 38.624443634935055], [-90.12189893829279, 38.62908526529191], [-90.12745632243416, 38.63372665579325], [-90.13301442219031, 38.63836780630655], [-90.13857323774008, 38.64300871669927], [-90.14431153910874, 38.643149043887504], [-90.15004988039681, 38.64328909003685], [-90.15578826152439, 38.64342885514139], [-90.16152668241186, 38.64356833919522], [-90.16726514297947, 38.64370754219247], [-90.17300364314747, 38.64384646412727], [-90.17874218283609, 38.64398510499372], [-90.18448076196563, 38.64412346478601], [-90.19021938045634, 38.644261543498274], [-90.19613354616266, 38.639898793950096], [-90.20204699586435, 38.63553571516044], [-90.20795972970198, 38.63117230726659]]}}, {"type": "Feature", "properties": {"route_run_id": "stl_midamerica_to_st_louis_union_station_2026-03-09_0075", "route_pair": "midamerica_to_st_louis_union_station", "route_pair_label": "MidAmerica to St. Louis Union Station", "origin_label": "MidAmerica St. Louis Airport", "destination_label": "St. Louis Union Station", "origin_lat": 38.5451731, "origin_lon": -89.8351856, "destination_lat": 38.629167, "destination_lon": -90.2075, "traffic_date": "2026-03-09", "traffic_dataset": "March 9th - Monday", "weight_id": "w_0075", "distance_weight": 0.1, "population_weight": 0.0, "traffic_weight": 0.8, "airspace_weight": 0.1, "path_nodes": 69, "path_node_ids": [8877, 8861, 8741, 8740, 8862, 8739, 7711, 7710, 7709, 9722, 9724, 9725, 9723, 9712, 9713, 9714, 9715, 7789, 7791, 7790, 7792, 7801, 7800, 7802, 7809, 7810, 7807, 7808, 9814, 9813, 9812, 9815, 7874, 7876, 7898, 7903, 7916, 7915, 7914, 7913, 1933, 1931, 1932, 1917, 1943, 1946, 1970, 1983, 1998, 2003, 2000, 2191, 2194, 2193, 2192, 2185, 2184, 2186, 2421, 2205, 2450, 2451, 2369, 2375, 2399, 2401, 2406, 2729, 2715], "elapsed_seconds": 0.029881499998737127, "status": "success", "failure_reason": "", "route_distance_km": 49.535342940487155, "distance_cost_sum": 54.516848319321674, "population_cost_sum": 29.0186233713804, "traffic_cost_sum": 1.8881849111714815, "airspace_cost_sum": 37.6, "total_weighted_score": 10.722232760869353}, "geometry": {"type": "LineString", "coordinates": [[-89.83272609742262, 38.54503213945896], [-89.83865215473445, 38.54068797977641], [-89.84457750048564, 38.536343486433715], [-89.85030577131849, 38.536497874657435], [-89.856034085978, 38.53665198315019], [-89.86176244438504, 38.53680581190551], [-89.86768614285926, 38.53246007194346], [-89.87341423280425, 38.532613316665866], [-89.8791423662489, 38.53276628167612], [-89.88487054311412, 38.532918966967756], [-89.8905987633207, 38.53307137253437], [-89.89632702678962, 38.533223498369566], [-89.90205533344168, 38.53337534446692], [-89.90778368319779, 38.533526910820015], [-89.91351207597882, 38.53367819742251], [-89.9192405117056, 38.533829204268], [-89.92496899029904, 38.53397993135017], [-89.93069751167991, 38.534130378662645], [-89.93642607576919, 38.53428054619909], [-89.94215468248761, 38.53443043395321], [-89.94788333175609, 38.53458004191867], [-89.95361202349538, 38.53472937008918], [-89.95934075762645, 38.53487841845845], [-89.96506953407003, 38.535027187020205], [-89.97079835274697, 38.53517567576819], [-89.97652721357814, 38.53532388469613], [-89.9822561164843, 38.53547181379781], [-89.98798506138628, 38.53561946306699], [-89.99371404820496, 38.53576683249744], [-89.99944307686107, 38.535913922083], [-90.00517214727547, 38.53606073181742], [-90.01090125936892, 38.536207261694564], [-90.01681641586634, 38.531853595031315], [-90.02254525517316, 38.53199954180198], [-90.02808884493179, 38.536645172120544], [-90.03363314661406, 38.54129056495092], [-90.03917816039834, 38.54593572016105], [-90.04490823303483, 38.54608061716274], [-90.05063834681579, 38.54622523417469], [-90.05636850166194, 38.546369571190844], [-90.06209869749397, 38.54651362820512], [-90.06782893423272, 38.54665740521145], [-90.07355921179885, 38.54680090220377], [-90.07928953011304, 38.54694411917603], [-90.08483803609515, 38.551587237746496], [-90.09038725467427, 38.55623011778336], [-90.09593718602859, 38.5608727591544], [-90.1014878303364, 38.56551516172741], [-90.10703918777595, 38.57015732537014], [-90.11259125852546, 38.57479924995029], [-90.11832399892143, 38.57494064238296], [-90.12387718012955, 38.579582070024706], [-90.1296103575981, 38.57972292432643], [-90.13534357508938, 38.579863498234836], [-90.14107683252396, 38.580003791744], [-90.14681012982238, 38.58014380484799], [-90.15254346690519, 38.5802835375409], [-90.1580993457009, 38.58492343582021], [-90.16365593845713, 38.58956309408333], [-90.16921324535195, 38.59420251219789], [-90.17477126656355, 38.59884169003141], [-90.18033000227008, 38.60348062745143], [-90.18588945264969, 38.60811932432548], [-90.19144961788064, 38.61275778052102], [-90.19127398739786, 38.61725833052981], [-90.19683518607279, 38.62189656380297], [-90.19665983485031, 38.626397127556444], [-90.2022220675363, 38.63103513769752], [-90.20795972970198, 38.63117230726659]]}}, {"type": "Feature", "properties": {"route_run_id": "stl_midamerica_to_st_louis_union_station_2026-03-09_0170", "route_pair": "midamerica_to_st_louis_union_station", "route_pair_label": "MidAmerica to St. Louis Union Station", "origin_label": "MidAmerica St. Louis Airport", "destination_label": "St. Louis Union Station", "origin_lat": 38.5451731, "origin_lon": -89.8351856, "destination_lat": 38.629167, "destination_lon": -90.2075, "traffic_date": "2026-03-09", "traffic_dataset": "March 9th - Monday", "weight_id": "w_0170", "distance_weight": 0.3, "population_weight": 0.0, "traffic_weight": 0.2, "airspace_weight": 0.5, "path_nodes": 67, "path_node_ids": [8877, 8876, 8892, 8897, 8899, 8926, 9788, 10013, 10014, 10036, 10052, 10054, 10061, 10051, 10049, 10048, 10050, 10253, 10252, 10241, 10240, 10248, 10246, 10247, 10245, 10231, 10230, 10262, 10150, 10148, 10149, 10151, 10161, 10156, 10154, 10155, 10162, 10164, 10163, 10165, 2244, 2246, 2268, 2278, 2283, 2508, 2286, 2298, 2300, 2304, 2531, 2819, 2820, 2822, 2825, 2836, 2834, 2835, 2829, 2813, 2811, 2810, 2728, 2730, 2731, 2729, 2715], "elapsed_seconds": 0.02056630002334714, "status": "success", "failure_reason": "", "route_distance_km": 48.28306006478814, "distance_cost_sum": 53.13863003042461, "population_cost_sum": 28.832419728425823, "traffic_cost_sum": 6.141867582281205, "airspace_cost_sum": 22.6, "total_weighted_score": 28.469962525583632}, "geometry": {"type": "LineString", "coordinates": [[-89.83272609742262, 38.54503213945896], [-89.83845499191484, 38.54518713674757], [-89.84398707949187, 38.54984103165108], [-89.84951987896733, 38.55449469187918], [-89.85505339052077, 38.559148117300026], [-89.86058761433173, 38.563801307781745], [-89.86612255057987, 38.568454263192415], [-89.87165819944471, 38.57310698340007], [-89.87719456110594, 38.577759468272795], [-89.88273163574308, 38.582411717678575], [-89.88826942353593, 38.58706373148541], [-89.89380792466403, 38.591715509561276], [-89.89934713930707, 38.59636705177409], [-89.90508047722643, 38.59651895818466], [-89.91081385831642, 38.59667058421835], [-89.91654728249756, 38.596821929868824], [-89.92228074969049, 38.59697299512966], [-89.92801425981584, 38.59712377999449], [-89.93374781279411, 38.597274284457015], [-89.93948140854593, 38.5974245085108], [-89.94521504699188, 38.5975744521496], [-89.95094872805251, 38.59772411536704], [-89.95668245164843, 38.59787349815684], [-89.96241621770018, 38.59802260051268], [-89.96815002612831, 38.59817142242828], [-89.9738838768534, 38.59831996389739], [-89.97961776979602, 38.59846822491371], [-89.98535170487666, 38.59861620547102], [-89.99108568201598, 38.59876390556306], [-89.99681970113441, 38.59891132518362], [-90.00255376215256, 38.59905846432648], [-90.00828786499093, 38.59920532298544], [-90.01402200957008, 38.5993519011543], [-90.01994242379944, 38.594998317950704], [-90.02567629459381, 38.59514431175206], [-90.03141020688051, 38.59529002508962], [-90.03714416058007, 38.595435457957215], [-90.04287815561301, 38.59558061034875], [-90.04861219189988, 38.59572548225811], [-90.0543462693612, 38.59587007367915], [-90.06008038791752, 38.59601438460579], [-90.06581454748931, 38.596158415031965], [-90.07136573361876, 38.60080225453393], [-90.07691763405278, 38.60544585525359], [-90.08247024897021, 38.61008921705863], [-90.08802357854981, 38.61473233981663], [-90.09375937107193, 38.61487505899075], [-90.09949520417183, 38.615017497448825], [-90.10505004462816, 38.61965986513943], [-90.1106056001435, 38.62430199333239], [-90.11616187089658, 38.62894388189524], [-90.12171885706623, 38.633585530695484], [-90.12745632243416, 38.63372665579325], [-90.13319382794117, 38.633867499959656], [-90.13875232561846, 38.63850839203032], [-90.144490269036, 38.638648696766005], [-90.15022825236318, 38.638788720507684], [-90.15596627552031, 38.63892846324944], [-90.16188195477298, 38.634567506614], [-90.16761969944088, 38.63470666506797], [-90.17353434470424, 38.6303450755264], [-90.17927181060547, 38.63048364985134], [-90.185009315919, 38.63062194323676], [-90.1907468605651, 38.6307599556768], [-90.1964844444641, 38.63089768716567], [-90.2022220675363, 38.63103513769752], [-90.20795972970198, 38.63117230726659]]}}, {"type": "Feature", "properties": {"route_run_id": "stl_midamerica_to_st_louis_union_station_2026-03-09_0122", "route_pair": "midamerica_to_st_louis_union_station", "route_pair_label": "MidAmerica to St. Louis Union Station", "origin_label": "MidAmerica St. Louis Airport", "destination_label": "St. Louis Union Station", "origin_lat": 38.5451731, "origin_lon": -89.8351856, "destination_lat": 38.629167, "destination_lon": -90.2075, "traffic_date": "2026-03-09", "traffic_dataset": "March 9th - Monday", "weight_id": "w_0122", "distance_weight": 0.2, "population_weight": 0.0, "traffic_weight": 0.0, "airspace_weight": 0.8, "path_nodes": 67, "path_node_ids": [8877, 8876, 8892, 8897, 8899, 8926, 9788, 10013, 10014, 10036, 10052, 10054, 10061, 10051, 10049, 10048, 10050, 10253, 10252, 10241, 10240, 10248, 10246, 10247, 10245, 10231, 10230, 10262, 10150, 10148, 10149, 10151, 10161, 10159, 10158, 10160, 10166, 10168, 10167, 10169, 2247, 2269, 2268, 2257, 2256, 2254, 2279, 2293, 2296, 2301, 2303, 2491, 2492, 2818, 2496, 2507, 2506, 2828, 2505, 2809, 2811, 2810, 2728, 2730, 2731, 2729, 2715], "elapsed_seconds": 0.03475280001293868, "status": "success", "failure_reason": "", "route_distance_km": 46.683328700980354, "distance_cost_sum": 51.37802221113185, "population_cost_sum": 29.474393947782595, "traffic_cost_sum": 11.160766941646196, "airspace_cost_sum": 22.6, "total_weighted_score": 28.35560444222638}, "geometry": {"type": "LineString", "coordinates": [[-89.83272609742262, 38.54503213945896], [-89.83845499191484, 38.54518713674757], [-89.84398707949187, 38.54984103165108], [-89.84951987896733, 38.55449469187918], [-89.85505339052077, 38.559148117300026], [-89.86058761433173, 38.563801307781745], [-89.86612255057987, 38.568454263192415], [-89.87165819944471, 38.57310698340007], [-89.87719456110594, 38.577759468272795], [-89.88273163574308, 38.582411717678575], [-89.88826942353593, 38.58706373148541], [-89.89380792466403, 38.591715509561276], [-89.89934713930707, 38.59636705177409], [-89.90508047722643, 38.59651895818466], [-89.91081385831642, 38.59667058421835], [-89.91654728249756, 38.596821929868824], [-89.92228074969049, 38.59697299512966], [-89.92801425981584, 38.59712377999449], [-89.93374781279411, 38.597274284457015], [-89.93948140854593, 38.5974245085108], [-89.94521504699188, 38.5975744521496], [-89.95094872805251, 38.59772411536704], [-89.95668245164843, 38.59787349815684], [-89.96241621770018, 38.59802260051268], [-89.96815002612831, 38.59817142242828], [-89.9738838768534, 38.59831996389739], [-89.97961776979602, 38.59846822491371], [-89.98535170487666, 38.59861620547102], [-89.99108568201598, 38.59876390556306], [-89.99681970113441, 38.59891132518362], [-90.00255376215256, 38.59905846432648], [-90.00828786499093, 38.59920532298544], [-90.01402200957008, 38.5993519011543], [-90.01975619581054, 38.599498198826886], [-90.02549042363282, 38.599644215997024], [-90.03122469295744, 38.59978995265856], [-90.03695900370492, 38.599935408805365], [-90.0426933557958, 38.60008058443128], [-90.04842774915056, 38.600225479530216], [-90.05416218368977, 38.60037009409603], [-90.05989665933384, 38.60051442812264], [-90.06563117600335, 38.600658481603965], [-90.07136573361876, 38.60080225453393], [-90.07710033210058, 38.60094574690646], [-90.0828349713693, 38.601088958715515], [-90.08856965134538, 38.60123188995506], [-90.0941227455516, 38.605874717602354], [-90.09967655430022, 38.61051730605643], [-90.10523107776994, 38.61515965518486], [-90.11078631613944, 38.61980176485522], [-90.11652262799952, 38.61994338379215], [-90.1220789793104, 38.62458499570804], [-90.12781572923257, 38.62472607564535], [-90.13337319363258, 38.629367189437694], [-90.13911038141684, 38.62950773017495], [-90.14484760917111, 38.62964799001386], [-90.15058487681573, 38.629787968948484], [-90.156322184271, 38.62992766697294], [-90.16205953145733, 38.63006708408134], [-90.16779691829495, 38.630206220267794], [-90.17353434470424, 38.6303450755264], [-90.17927181060547, 38.63048364985134], [-90.185009315919, 38.63062194323676], [-90.1907468605651, 38.6307599556768], [-90.1964844444641, 38.63089768716567], [-90.2022220675363, 38.63103513769752], [-90.20795972970198, 38.63117230726659]]}}, {"type": "Feature", "properties": {"route_run_id": "stl_midamerica_to_st_louis_union_station_2026-03-09_0176", "route_pair": "midamerica_to_st_louis_union_station", "route_pair_label": "MidAmerica to St. Louis Union Station", "origin_label": "MidAmerica St. Louis Airport", "destination_label": "St. Louis Union Station", "origin_lat": 38.5451731, "origin_lon": -89.8351856, "destination_lat": 38.629167, "destination_lon": -90.2075, "traffic_date": "2026-03-09", "traffic_dataset": "March 9th - Monday", "weight_id": "w_0176", "distance_weight": 0.3, "population_weight": 0.1, "traffic_weight": 0.0, "airspace_weight": 0.6, "path_nodes": 67, "path_node_ids": [8877, 8879, 8896, 8900, 8924, 8930, 10012, 10015, 10019, 10053, 10057, 10054, 10061, 10051, 10049, 10072, 10079, 10284, 10288, 10286, 10289, 10294, 10281, 10292, 10293, 10304, 10303, 10302, 10315, 10316, 10312, 10181, 10203, 10200, 10202, 10201, 10189, 10190, 10188, 10191, 2276, 2518, 2277, 2509, 2287, 2508, 2286, 2298, 2300, 2301, 2307, 2491, 2492, 2818, 2496, 2507, 2506, 2828, 2505, 2809, 2811, 2810, 2728, 2730, 2731, 2729, 2715], "elapsed_seconds": 0.026422299997648224, "status": "success", "failure_reason": "", "route_distance_km": 47.22076683153593, "distance_cost_sum": 51.969507629527335, "population_cost_sum": 20.395919900589973, "traffic_cost_sum": 13.564446293658838, "airspace_cost_sum": 22.6, "total_weighted_score": 31.190444278917205}, "geometry": {"type": "LineString", "coordinates": [[-89.83272609742262, 38.54503213945896], [-89.83825778508921, 38.54968628939868], [-89.84379018463301, 38.55434020475587], [-89.84932329623358, 38.558993885398685], [-89.85485712007056, 38.56364733119524], [-89.86039165632353, 38.56830054201366], [-89.86592690517212, 38.57295351772198], [-89.871462866796, 38.577606258188254], [-89.87699954137483, 38.582258763280514], [-89.88253692908823, 38.586911032866766], [-89.88807503011597, 38.59156306681497], [-89.89380792466403, 38.591715509561276], [-89.89934713930707, 38.59636705177409], [-89.90508047722643, 38.59651895818466], [-89.91081385831642, 38.59667058421835], [-89.91635458673171, 38.60132137816604], [-89.92189602906302, 38.60597193580059], [-89.92743818549003, 38.61062225698987], [-89.93298105619242, 38.615272341601674], [-89.93871608023923, 38.61542266184741], [-89.94445114702152, 38.615572701498955], [-89.95018625645967, 38.61572246055001], [-89.9559214084743, 38.61587193899423], [-89.9616566029858, 38.61602113682532], [-89.96739183991471, 38.61617005403699], [-89.97312711918148, 38.61631869062297], [-89.97886244070665, 38.616467046576965], [-89.9845978044106, 38.61661512189275], [-89.9903332102139, 38.61676291656407], [-89.99606865803695, 38.61691043058469], [-90.00199161415404, 38.61255787040093], [-90.00772678846238, 38.612704799586744], [-90.01346200454176, 38.612851448148064], [-90.01919726231266, 38.612997816078675], [-90.02493256169556, 38.61314390337241], [-90.03066790261092, 38.61328971002312], [-90.03640328497923, 38.613435236024664], [-90.04213870872088, 38.61358048137086], [-90.04787417375634, 38.61372544605564], [-90.05360968000618, 38.61387013007287], [-90.0593452273907, 38.61401453341643], [-90.0650808158304, 38.61415865608025], [-90.07081644524574, 38.61430249805824], [-90.07655211555712, 38.614446059344324], [-90.08228782668499, 38.614589339932465], [-90.08802357854981, 38.61473233981663], [-90.09375937107193, 38.61487505899075], [-90.09949520417183, 38.615017497448825], [-90.10505004462816, 38.61965986513943], [-90.11078631613944, 38.61980176485522], [-90.11634226958749, 38.624443634935055], [-90.1220789793104, 38.62458499570804], [-90.12781572923257, 38.62472607564535], [-90.13337319363258, 38.629367189437694], [-90.13911038141684, 38.62950773017495], [-90.14484760917111, 38.62964799001386], [-90.15058487681573, 38.629787968948484], [-90.156322184271, 38.62992766697294], [-90.16205953145733, 38.63006708408134], [-90.16779691829495, 38.630206220267794], [-90.17353434470424, 38.6303450755264], [-90.17927181060547, 38.63048364985134], [-90.185009315919, 38.63062194323676], [-90.1907468605651, 38.6307599556768], [-90.1964844444641, 38.63089768716567], [-90.2022220675363, 38.63103513769752], [-90.20795972970198, 38.63117230726659]]}}, {"type": "Feature", "properties": {"route_run_id": "stl_midamerica_to_st_louis_union_station_2026-03-09_0279", "route_pair": "midamerica_to_st_louis_union_station", "route_pair_label": "MidAmerica to St. Louis Union Station", "origin_label": "MidAmerica St. Louis Airport", "destination_label": "St. Louis Union Station", "origin_lat": 38.5451731, "origin_lon": -89.8351856, "destination_lat": 38.629167, "destination_lon": -90.2075, "traffic_date": "2026-03-09", "traffic_dataset": "March 9th - Monday", "weight_id": "w_0279", "distance_weight": 0.8, "population_weight": 0.0, "traffic_weight": 0.1, "airspace_weight": 0.1, "path_nodes": 67, "path_node_ids": [8877, 8876, 8892, 8897, 8899, 8926, 9788, 10013, 10014, 10036, 10052, 10054, 10061, 10051, 10049, 10048, 10050, 10253, 10252, 10241, 10240, 10248, 10246, 10247, 10245, 10231, 10230, 10262, 10150, 10148, 10149, 10151, 10161, 10159, 10158, 10160, 10166, 10168, 10167, 10169, 2247, 2269, 2268, 2278, 2283, 2508, 2286, 2298, 2300, 2304, 2307, 2491, 2492, 2818, 2496, 2507, 2506, 2828, 2505, 2809, 2811, 2810, 2728, 2730, 2731, 2729, 2715], "elapsed_seconds": 0.007209600007627159, "status": "success", "failure_reason": "", "route_distance_km": 46.683794018220816, "distance_cost_sum": 51.37853432284669, "population_cost_sum": 28.536414303461722, "traffic_cost_sum": 9.217492375120946, "airspace_cost_sum": 22.6, "total_weighted_score": 44.28457669578945}, "geometry": {"type": "LineString", "coordinates": [[-89.83272609742262, 38.54503213945896], [-89.83845499191484, 38.54518713674757], [-89.84398707949187, 38.54984103165108], [-89.84951987896733, 38.55449469187918], [-89.85505339052077, 38.559148117300026], [-89.86058761433173, 38.563801307781745], [-89.86612255057987, 38.568454263192415], [-89.87165819944471, 38.57310698340007], [-89.87719456110594, 38.577759468272795], [-89.88273163574308, 38.582411717678575], [-89.88826942353593, 38.58706373148541], [-89.89380792466403, 38.591715509561276], [-89.89934713930707, 38.59636705177409], [-89.90508047722643, 38.59651895818466], [-89.91081385831642, 38.59667058421835], [-89.91654728249756, 38.596821929868824], [-89.92228074969049, 38.59697299512966], [-89.92801425981584, 38.59712377999449], [-89.93374781279411, 38.597274284457015], [-89.93948140854593, 38.5974245085108], [-89.94521504699188, 38.5975744521496], [-89.95094872805251, 38.59772411536704], [-89.95668245164843, 38.59787349815684], [-89.96241621770018, 38.59802260051268], [-89.96815002612831, 38.59817142242828], [-89.9738838768534, 38.59831996389739], [-89.97961776979602, 38.59846822491371], [-89.98535170487666, 38.59861620547102], [-89.99108568201598, 38.59876390556306], [-89.99681970113441, 38.59891132518362], [-90.00255376215256, 38.59905846432648], [-90.00828786499093, 38.59920532298544], [-90.01402200957008, 38.5993519011543], [-90.01975619581054, 38.599498198826886], [-90.02549042363282, 38.599644215997024], [-90.03122469295744, 38.59978995265856], [-90.03695900370492, 38.599935408805365], [-90.0426933557958, 38.60008058443128], [-90.04842774915056, 38.600225479530216], [-90.05416218368977, 38.60037009409603], [-90.05989665933384, 38.60051442812264], [-90.06563117600335, 38.600658481603965], [-90.07136573361876, 38.60080225453393], [-90.07691763405278, 38.60544585525359], [-90.08247024897021, 38.61008921705863], [-90.08802357854981, 38.61473233981663], [-90.09375937107193, 38.61487505899075], [-90.09949520417183, 38.615017497448825], [-90.10505004462816, 38.61965986513943], [-90.1106056001435, 38.62430199333239], [-90.11634226958749, 38.624443634935055], [-90.1220789793104, 38.62458499570804], [-90.12781572923257, 38.62472607564535], [-90.13337319363258, 38.629367189437694], [-90.13911038141684, 38.62950773017495], [-90.14484760917111, 38.62964799001386], [-90.15058487681573, 38.629787968948484], [-90.156322184271, 38.62992766697294], [-90.16205953145733, 38.63006708408134], [-90.16779691829495, 38.630206220267794], [-90.17353434470424, 38.6303450755264], [-90.17927181060547, 38.63048364985134], [-90.185009315919, 38.63062194323676], [-90.1907468605651, 38.6307599556768], [-90.1964844444641, 38.63089768716567], [-90.2022220675363, 38.63103513769752], [-90.20795972970198, 38.63117230726659]]}}, {"type": "Feature", "properties": {"route_run_id": "stl_midamerica_to_st_louis_union_station_2026-03-09_0277", "route_pair": "midamerica_to_st_louis_union_station", "route_pair_label": "MidAmerica to St. Louis Union Station", "origin_label": "MidAmerica St. Louis Airport", "destination_label": "St. Louis Union Station", "origin_lat": 38.5451731, "origin_lon": -89.8351856, "destination_lat": 38.629167, "destination_lon": -90.2075, "traffic_date": "2026-03-09", "traffic_dataset": "March 9th - Monday", "weight_id": "w_0277", "distance_weight": 0.7, "population_weight": 0.3, "traffic_weight": 0.0, "airspace_weight": 0.0, "path_nodes": 67, "path_node_ids": [8877, 8876, 8868, 8869, 8870, 8867, 9753, 9754, 9755, 9744, 9746, 9747, 9745, 9737, 9736, 9734, 9735, 9919, 9921, 9944, 9947, 9940, 9941, 9962, 9955, 9957, 9959, 9994, 9885, 9886, 9884, 9887, 9897, 9895, 9896, 9894, 9902, 9903, 9904, 9909, 2213, 2212, 2214, 1997, 1994, 1995, 1996, 2005, 2004, 2007, 2006, 2191, 2194, 2193, 2192, 2418, 2422, 2425, 2427, 2453, 2455, 2454, 2372, 2399, 2401, 2404, 2715], "elapsed_seconds": 0.009179699991364032, "status": "success", "failure_reason": "", "route_distance_km": 46.66599661404935, "distance_cost_sum": 51.35894712861125, "population_cost_sum": 17.364166724554934, "traffic_cost_sum": 13.818965585036251, "airspace_cost_sum": 38.0, "total_weighted_score": 41.16051300739435}, "geometry": {"type": "LineString", "coordinates": [[-89.83272609742262, 38.54503213945896], [-89.83845499191484, 38.54518713674757], [-89.84418393041321, 38.54534185422887], [-89.8499129128385, 38.54549629189633], [-89.85564193911159, 38.545650449743434], [-89.86137100915332, 38.54580432776372], [-89.86710012288452, 38.545957925950695], [-89.87282928022606, 38.546111244297876], [-89.8785584810987, 38.54626428279884], [-89.88428772542336, 38.54641704144712], [-89.8900170131208, 38.5465695202363], [-89.89574634411186, 38.54672171915994], [-89.90147571831739, 38.546873638211636], [-89.90720513565815, 38.54702527738502], [-89.91293459605497, 38.54717663667367], [-89.91866409942871, 38.54732771607122], [-89.92439364570006, 38.54747851557132], [-89.9301232347899, 38.54762903516762], [-89.93566171159593, 38.55227884253414], [-89.94120090063481, 38.55692841373979], [-89.94693132996858, 38.557078141522354], [-89.9526618018245, 38.55722758928637], [-89.95839231612332, 38.55737675702556], [-89.9641228727858, 38.55752564473363], [-89.96985347173262, 38.5576742524043], [-89.97539536640897, 38.56232230635172], [-89.98093797377864, 38.566970123410094], [-89.98648129402048, 38.57161770344731], [-89.99221313054706, 38.571765261757655], [-89.99794500899198, 38.571912539865146], [-90.00367692927587, 38.5720595377636], [-90.00940889131944, 38.572206255446844], [-90.01514089504332, 38.57235269290866], [-90.02087294036811, 38.5724988501429], [-90.02660502721452, 38.572644727143405], [-90.03233715550313, 38.57279032390402], [-90.0380693251546, 38.572935640418635], [-90.04380153608955, 38.57308067668109], [-90.04953378822863, 38.57322543268529], [-90.05508220119658, 38.57786994989744], [-90.06081489219632, 38.57801416845261], [-90.06654762417196, 38.57815810668649], [-90.072280397044, 38.57830176459299], [-90.07801321073313, 38.57844514216606], [-90.0837460651599, 38.578588239399664], [-90.08947896024489, 38.57873105628777], [-90.09521189590866, 38.57887359282438], [-90.10094487207182, 38.57901584900345], [-90.10667788865496, 38.579157824818985], [-90.11241094557855, 38.579299520265025], [-90.11814404276322, 38.57944093533558], [-90.12387718012955, 38.579582070024706], [-90.1296103575981, 38.57972292432643], [-90.13534357508938, 38.579863498234836], [-90.14107683252396, 38.580003791744], [-90.14663191796852, 38.58464420615243], [-90.15218771733517, 38.589284380730234], [-90.15774423080212, 38.593924315345014], [-90.16330145854758, 38.59856400986431], [-90.16885940074975, 38.60320346415569], [-90.17441805758689, 38.60784267808668], [-90.18015373543601, 38.6079811415637], [-90.18571350391167, 38.61261985640587], [-90.19127398739786, 38.61725833052981], [-90.19683518607279, 38.62189656380297], [-90.20239710011477, 38.62653455609276], [-90.20795972970198, 38.63117230726659]]}}, {"type": "Feature", "properties": {"route_run_id": "stl_midamerica_to_st_louis_union_station_2026-03-09_0146", "route_pair": "midamerica_to_st_louis_union_station", "route_pair_label": "MidAmerica to St. Louis Union Station", "origin_label": "MidAmerica St. Louis Airport", "destination_label": "St. Louis Union Station", "origin_lat": 38.5451731, "origin_lon": -89.8351856, "destination_lat": 38.629167, "destination_lon": -90.2075, "traffic_date": "2026-03-09", "traffic_dataset": "March 9th - Monday", "weight_id": "w_0146", "distance_weight": 0.2, "population_weight": 0.3, "traffic_weight": 0.0, "airspace_weight": 0.5, "path_nodes": 68, "path_node_ids": [8877, 8881, 8904, 8922, 8923, 8927, 9145, 10016, 10018, 10062, 10055, 10058, 10094, 10096, 10103, 10104, 10110, 10109, 10516, 10515, 10514, 10517, 10522, 10299, 10300, 10301, 10309, 10308, 10310, 10343, 10345, 10344, 10342, 10355, 10210, 10208, 10209, 10326, 10328, 10322, 10191, 2276, 2518, 2277, 2509, 2287, 2508, 2286, 2298, 2300, 2301, 2307, 2495, 2820, 2823, 2827, 2849, 2848, 2850, 2837, 2859, 2858, 2860, 2763, 2762, 2737, 2732, 2715], "elapsed_seconds": 0.03346989999408834, "status": "success", "failure_reason": "", "route_distance_km": 50.26499556893611, "distance_cost_sum": 55.319878223015614, "population_cost_sum": 14.392523489752, "traffic_cost_sum": 14.050998358655537, "airspace_cost_sum": 22.6, "total_weighted_score": 26.68173269152873}, "geometry": {"type": "LineString", "coordinates": [[-89.83272609742262, 38.54503213945896], [-89.83252853470323, 38.54953126729425], [-89.83806053424684, 38.55418543772932], [-89.84359324582596, 38.558839373542895], [-89.84912666962028, 38.563493074603095], [-89.85466080580946, 38.568146540778045], [-89.86019565457306, 38.572799771935806], [-89.86573121609086, 38.57745276794444], [-89.87126749054252, 38.58210552867199], [-89.8768044781077, 38.58675805398646], [-89.88234217896623, 38.591410343755804], [-89.8878805932977, 38.59606239784802], [-89.89341972128202, 38.600714216131045], [-89.89895956309883, 38.60536579847276], [-89.90450011892796, 38.61001714474108], [-89.91004138894921, 38.614668254803874], [-89.9155833733424, 38.61931912852895], [-89.92131862594731, 38.619470314708934], [-89.9268617252078, 38.624120695492145], [-89.93259742104341, 38.62427134452904], [-89.93833315971467, 38.6244217128885], [-89.94406894114202, 38.62457180056415], [-89.94980476524591, 38.62472160754967], [-89.95554063194687, 38.62487113383877], [-89.96127654116528, 38.62502037942509], [-89.96701249282155, 38.625169344302385], [-89.97274848683627, 38.62531802846435], [-89.97848452312972, 38.62546643190471], [-89.98422060162243, 38.625614554617215], [-89.98995672223481, 38.62576239659562], [-89.9956928848873, 38.625909957833684], [-90.00142908950032, 38.62605723832518], [-90.00716533599429, 38.6262042380639], [-90.01290162428964, 38.62635095704363], [-90.01882443193752, 38.62199753976251], [-90.0245604460918, 38.62214367381969], [-90.03029650179865, 38.62228952714421], [-90.03603259897847, 38.622435099729884], [-90.04176873755169, 38.622580391570615], [-90.04768956620967, 38.61822542646607], [-90.05360968000618, 38.61387013007287], [-90.0593452273907, 38.61401453341643], [-90.0650808158304, 38.61415865608025], [-90.07081644524574, 38.61430249805824], [-90.07655211555712, 38.614446059344324], [-90.08228782668499, 38.614589339932465], [-90.08802357854981, 38.61473233981663], [-90.09375937107193, 38.61487505899075], [-90.09949520417183, 38.615017497448825], [-90.10505004462816, 38.61965986513943], [-90.11078631613944, 38.61980176485522], [-90.11634226958749, 38.624443634935055], [-90.12189893829279, 38.62908526529191], [-90.12745632243416, 38.63372665579325], [-90.13301442219031, 38.63836780630655], [-90.13857323774008, 38.64300871669927], [-90.14431153910874, 38.643149043887504], [-90.15004988039681, 38.64328909003685], [-90.15578826152439, 38.64342885514139], [-90.16152668241186, 38.64356833919522], [-90.16726514297947, 38.64370754219247], [-90.17300364314747, 38.64384646412727], [-90.17874218283609, 38.64398510499372], [-90.18448076196563, 38.64412346478601], [-90.19021938045634, 38.644261543498274], [-90.19613354616266, 38.639898793950096], [-90.20204699586435, 38.63553571516044], [-90.20795972970198, 38.63117230726659]]}}, {"type": "Feature", "properties": {"route_run_id": "stl_midamerica_to_st_louis_union_station_2026-03-09_0247", "route_pair": "midamerica_to_st_louis_union_station", "route_pair_label": "MidAmerica to St. Louis Union Station", "origin_label": "MidAmerica St. Louis Airport", "destination_label": "St. Louis Union Station", "origin_lat": 38.5451731, "origin_lon": -89.8351856, "destination_lat": 38.629167, "destination_lon": -90.2075, "traffic_date": "2026-03-09", "traffic_dataset": "March 9th - Monday", "weight_id": "w_0247", "distance_weight": 0.5, "population_weight": 0.3, "traffic_weight": 0.0, "airspace_weight": 0.2, "path_nodes": 68, "path_node_ids": [8877, 8881, 8904, 8922, 8923, 8927, 9145, 10016, 10018, 10062, 10055, 10058, 10094, 10096, 10103, 10104, 10110, 10109, 10291, 10512, 10290, 10513, 10298, 10295, 10296, 10297, 10307, 10305, 10306, 10319, 10321, 10320, 10318, 10211, 10210, 10208, 10209, 10326, 10328, 10329, 10327, 2522, 2524, 2523, 2514, 2517, 2515, 2516, 2530, 2534, 2532, 2558, 2840, 2839, 2838, 2827, 2849, 2848, 2850, 2837, 2859, 2858, 2860, 2763, 2762, 2737, 2732, 2715], "elapsed_seconds": 0.016756099998019636, "status": "success", "failure_reason": "", "route_distance_km": 48.666852135602625, "distance_cost_sum": 53.561018023900075, "population_cost_sum": 14.998679925723389, "traffic_cost_sum": 13.370267511322758, "airspace_cost_sum": 23.2, "total_weighted_score": 35.920112989667054}, "geometry": {"type": "LineString", "coordinates": [[-89.83272609742262, 38.54503213945896], [-89.83252853470323, 38.54953126729425], [-89.83806053424684, 38.55418543772932], [-89.84359324582596, 38.558839373542895], [-89.84912666962028, 38.563493074603095], [-89.85466080580946, 38.568146540778045], [-89.86019565457306, 38.572799771935806], [-89.86573121609086, 38.57745276794444], [-89.87126749054252, 38.58210552867199], [-89.8768044781077, 38.58675805398646], [-89.88234217896623, 38.591410343755804], [-89.8878805932977, 38.59606239784802], [-89.89341972128202, 38.600714216131045], [-89.89895956309883, 38.60536579847276], [-89.90450011892796, 38.61001714474108], [-89.91004138894921, 38.614668254803874], [-89.9155833733424, 38.61931912852895], [-89.92131862594731, 38.619470314708934], [-89.92705392153653, 38.61962122026898], [-89.93278926003055, 38.619771845202735], [-89.93852464134986, 38.619922189503846], [-89.9442600654149, 38.62007225316597], [-89.94999553214618, 38.62022203618278], [-89.95573104146416, 38.620371538547964], [-89.96146659328937, 38.6205207602552], [-89.96720218754218, 38.620669701298226], [-89.97293782414316, 38.62081836167072], [-89.97867350301271, 38.62096674136646], [-89.98440922407127, 38.621114840379136], [-89.99014498723932, 38.62126265870254], [-89.99588079243732, 38.621410196330416], [-90.00161663958568, 38.62155745325657], [-90.00735252860491, 38.621704429474754], [-90.01308845941536, 38.6218511249788], [-90.01882443193752, 38.62199753976251], [-90.0245604460918, 38.62214367381969], [-90.03029650179865, 38.62228952714421], [-90.03603259897847, 38.622435099729884], [-90.04176873755169, 38.622580391570615], [-90.04750491743872, 38.62272540266021], [-90.05324113855997, 38.6228701329926], [-90.0589774008359, 38.62301458256169], [-90.06471370418684, 38.62315875136136], [-90.07045004853325, 38.62330263938551], [-90.07618643379548, 38.623446246628106], [-90.08192285989396, 38.62358957308307], [-90.08765932674906, 38.623732618744384], [-90.09339583428118, 38.623875383605984], [-90.09895091075838, 38.62851804648185], [-90.10450670259345, 38.633160469873815], [-90.1102440470662, 38.63330243772981], [-90.11580095263906, 38.63794436326609], [-90.12135857394713, 38.64258604896054], [-90.12709675507955, 38.642727219229855], [-90.13283497637043, 38.64286810847808], [-90.13857323774008, 38.64300871669927], [-90.14431153910874, 38.643149043887504], [-90.15004988039681, 38.64328909003685], [-90.15578826152439, 38.64342885514139], [-90.16152668241186, 38.64356833919522], [-90.16726514297947, 38.64370754219247], [-90.17300364314747, 38.64384646412727], [-90.17874218283609, 38.64398510499372], [-90.18448076196563, 38.64412346478601], [-90.19021938045634, 38.644261543498274], [-90.19613354616266, 38.639898793950096], [-90.20204699586435, 38.63553571516044], [-90.20795972970198, 38.63117230726659]]}}, {"type": "Feature", "properties": {"route_run_id": "stl_midamerica_to_st_louis_union_station_2026-03-09_0129", "route_pair": "midamerica_to_st_louis_union_station", "route_pair_label": "MidAmerica to St. Louis Union Station", "origin_label": "MidAmerica St. Louis Airport", "destination_label": "St. Louis Union Station", "origin_lat": 38.5451731, "origin_lon": -89.8351856, "destination_lat": 38.629167, "destination_lon": -90.2075, "traffic_date": "2026-03-09", "traffic_dataset": "March 9th - Monday", "weight_id": "w_0129", "distance_weight": 0.2, "population_weight": 0.0, "traffic_weight": 0.7, "airspace_weight": 0.1, "path_nodes": 69, "path_node_ids": [8877, 8861, 8864, 8865, 8866, 8863, 7715, 7713, 7714, 9726, 9727, 9729, 9728, 9719, 9718, 9716, 9717, 7794, 7793, 7795, 7796, 7804, 7803, 7805, 7813, 7814, 7811, 7812, 9817, 9816, 9819, 9818, 7905, 7901, 7902, 7903, 7916, 7915, 7914, 7913, 1933, 1931, 1932, 1917, 1943, 1946, 1970, 1983, 1998, 2003, 2000, 2191, 2194, 2193, 2192, 2185, 2184, 2186, 2421, 2205, 2450, 2451, 2369, 2375, 2399, 2401, 2406, 2729, 2715], "elapsed_seconds": 0.019863599998643622, "status": "success", "failure_reason": "", "route_distance_km": 49.00456878084652, "distance_cost_sum": 53.93269703187205, "population_cost_sum": 29.18730134339127, "traffic_cost_sum": 1.8881849111714815, "airspace_cost_sum": 38.6, "total_weighted_score": 15.968268844194448}, "geometry": {"type": "LineString", "coordinates": [[-89.83272609742262, 38.54503213945896], [-89.83865215473445, 38.54068797977641], [-89.84438073740759, 38.54084267248963], [-89.8501093639971, 38.54099708543371], [-89.85583803442384, 38.541151218602124], [-89.86156674860865, 38.54130507198842], [-89.86729550647239, 38.541458645586076], [-89.87321929212519, 38.537112630177866], [-89.87894778130001, 38.537265619682024], [-89.88467631390589, 38.53741832942288], [-89.89040488986362, 38.53757075939403], [-89.89613350909408, 38.53772290958904], [-89.90186217151818, 38.537874780001516], [-89.90759087705666, 38.53802637062506], [-89.91331962563046, 38.538177681453305], [-89.91904841716038, 38.53832871247986], [-89.9247772515673, 38.53847946369838], [-89.93050612877201, 38.5386299351025], [-89.93623504869535, 38.538780126685914], [-89.94196401125822, 38.538930038442274], [-89.94769301638131, 38.53907967036528], [-89.95342206398557, 38.53922902244861], [-89.95915115399177, 38.53937809468601], [-89.9648802863207, 38.53952688707118], [-89.97060946089319, 38.53967539959786], [-89.97633867763007, 38.53982363225979], [-89.98206793645213, 38.53997158505075], [-89.98779723728013, 38.54011925796448], [-89.99352658003491, 38.54026665099478], [-89.99925596463726, 38.54041376413546], [-90.00498539100796, 38.54056059738029], [-90.0107148590678, 38.5407071507231], [-90.01625828288213, 38.545353332379484], [-90.022173919938, 38.540999417678], [-90.02790351258993, 38.54114513127777], [-90.03363314661406, 38.54129056495092], [-90.03917816039834, 38.54593572016105], [-90.04490823303483, 38.54608061716274], [-90.05063834681579, 38.54622523417469], [-90.05636850166194, 38.546369571190844], [-90.06209869749397, 38.54651362820512], [-90.06782893423272, 38.54665740521145], [-90.07355921179885, 38.54680090220377], [-90.07928953011304, 38.54694411917603], [-90.08483803609515, 38.551587237746496], [-90.09038725467427, 38.55623011778336], [-90.09593718602859, 38.5608727591544], [-90.1014878303364, 38.56551516172741], [-90.10703918777595, 38.57015732537014], [-90.11259125852546, 38.57479924995029], [-90.11832399892143, 38.57494064238296], [-90.12387718012955, 38.579582070024706], [-90.1296103575981, 38.57972292432643], [-90.13534357508938, 38.579863498234836], [-90.14107683252396, 38.580003791744], [-90.14681012982238, 38.58014380484799], [-90.15254346690519, 38.5802835375409], [-90.1580993457009, 38.58492343582021], [-90.16365593845713, 38.58956309408333], [-90.16921324535195, 38.59420251219789], [-90.17477126656355, 38.59884169003141], [-90.18033000227008, 38.60348062745143], [-90.18588945264969, 38.60811932432548], [-90.19144961788064, 38.61275778052102], [-90.19127398739786, 38.61725833052981], [-90.19683518607279, 38.62189656380297], [-90.19665983485031, 38.626397127556444], [-90.2022220675363, 38.63103513769752], [-90.20795972970198, 38.63117230726659]]}}, {"type": "Feature", "properties": {"route_run_id": "stl_midamerica_to_st_louis_union_station_2026-03-09_0147", "route_pair": "midamerica_to_st_louis_union_station", "route_pair_label": "MidAmerica to St. Louis Union Station", "origin_label": "MidAmerica St. Louis Airport", "destination_label": "St. Louis Union Station", "origin_lat": 38.5451731, "origin_lon": -89.8351856, "destination_lat": 38.629167, "destination_lon": -90.2075, "traffic_date": "2026-03-09", "traffic_dataset": "March 9th - Monday", "weight_id": "w_0147", "distance_weight": 0.2, "population_weight": 0.3, "traffic_weight": 0.1, "airspace_weight": 0.4, "path_nodes": 68, "path_node_ids": [8877, 8881, 8904, 8922, 8923, 8927, 9145, 10016, 10018, 10062, 10055, 10058, 10094, 10096, 10103, 10104, 10110, 10109, 10516, 10515, 10514, 10517, 10298, 10295, 10296, 10297, 10307, 10305, 10306, 10319, 10321, 10320, 10318, 10211, 10210, 10208, 10209, 10326, 10328, 10329, 10327, 2522, 2524, 2523, 2514, 2517, 2515, 2516, 2530, 2534, 2559, 2558, 2840, 2839, 2838, 2827, 2849, 2848, 2850, 2837, 2859, 2858, 2863, 2767, 2762, 2737, 2732, 2715], "elapsed_seconds": 0.0332629999902565, "status": "success", "failure_reason": "", "route_distance_km": 49.73326906991552, "distance_cost_sum": 54.73467882449129, "population_cost_sum": 13.839776579082724, "traffic_cost_sum": 12.088130261742844, "airspace_cost_sum": 23.2, "total_weighted_score": 25.587681764797367}, "geometry": {"type": "LineString", "coordinates": [[-89.83272609742262, 38.54503213945896], [-89.83252853470323, 38.54953126729425], [-89.83806053424684, 38.55418543772932], [-89.84359324582596, 38.558839373542895], [-89.84912666962028, 38.563493074603095], [-89.85466080580946, 38.568146540778045], [-89.86019565457306, 38.572799771935806], [-89.86573121609086, 38.57745276794444], [-89.87126749054252, 38.58210552867199], [-89.8768044781077, 38.58675805398646], [-89.88234217896623, 38.591410343755804], [-89.8878805932977, 38.59606239784802], [-89.89341972128202, 38.600714216131045], [-89.89895956309883, 38.60536579847276], [-89.90450011892796, 38.61001714474108], [-89.91004138894921, 38.614668254803874], [-89.9155833733424, 38.61931912852895], [-89.92131862594731, 38.619470314708934], [-89.9268617252078, 38.624120695492145], [-89.93259742104341, 38.62427134452904], [-89.93833315971467, 38.6244217128885], [-89.94406894114202, 38.62457180056415], [-89.94999553214618, 38.62022203618278], [-89.95573104146416, 38.620371538547964], [-89.96146659328937, 38.6205207602552], [-89.96720218754218, 38.620669701298226], [-89.97293782414316, 38.62081836167072], [-89.97867350301271, 38.62096674136646], [-89.98440922407127, 38.621114840379136], [-89.99014498723932, 38.62126265870254], [-89.99588079243732, 38.621410196330416], [-90.00161663958568, 38.62155745325657], [-90.00735252860491, 38.621704429474754], [-90.01308845941536, 38.6218511249788], [-90.01882443193752, 38.62199753976251], [-90.0245604460918, 38.62214367381969], [-90.03029650179865, 38.62228952714421], [-90.03603259897847, 38.622435099729884], [-90.04176873755169, 38.622580391570615], [-90.04750491743872, 38.62272540266021], [-90.05324113855997, 38.6228701329926], [-90.0589774008359, 38.62301458256169], [-90.06471370418684, 38.62315875136136], [-90.07045004853325, 38.62330263938551], [-90.07618643379548, 38.623446246628106], [-90.08192285989396, 38.62358957308307], [-90.08765932674906, 38.623732618744384], [-90.09339583428118, 38.623875383605984], [-90.09895091075838, 38.62851804648185], [-90.10450670259345, 38.633160469873815], [-90.11006320996535, 38.6378026536494], [-90.11580095263906, 38.63794436326609], [-90.12135857394713, 38.64258604896054], [-90.12709675507955, 38.642727219229855], [-90.13283497637043, 38.64286810847808], [-90.13857323774008, 38.64300871669927], [-90.14431153910874, 38.643149043887504], [-90.15004988039681, 38.64328909003685], [-90.15578826152439, 38.64342885514139], [-90.16152668241186, 38.64356833919522], [-90.16726514297947, 38.64370754219247], [-90.17300364314747, 38.64384646412727], [-90.17856556137721, 38.64848558173427], [-90.18430449860489, 38.64862396366764], [-90.19021938045634, 38.644261543498274], [-90.19613354616266, 38.639898793950096], [-90.20204699586435, 38.63553571516044], [-90.20795972970198, 38.63117230726659]]}}, {"type": "Feature", "properties": {"route_run_id": "stl_midamerica_to_st_louis_union_station_2026-03-09_0281", "route_pair": "midamerica_to_st_louis_union_station", "route_pair_label": "MidAmerica to St. Louis Union Station", "origin_label": "MidAmerica St. Louis Airport", "destination_label": "St. Louis Union Station", "origin_lat": 38.5451731, "origin_lon": -89.8351856, "destination_lat": 38.629167, "destination_lon": -90.2075, "traffic_date": "2026-03-09", "traffic_dataset": "March 9th - Monday", "weight_id": "w_0281", "distance_weight": 0.8, "population_weight": 0.1, "traffic_weight": 0.0, "airspace_weight": 0.1, "path_nodes": 67, "path_node_ids": [8877, 8879, 8896, 8900, 8924, 8930, 10012, 10015, 10019, 10053, 10057, 10054, 10061, 10051, 10049, 10072, 10079, 10284, 10288, 10286, 10289, 10294, 10281, 10292, 10293, 10304, 10303, 10302, 10315, 10316, 10317, 10314, 10207, 10206, 10204, 10205, 10323, 10324, 10322, 10325, 2520, 2521, 2519, 2510, 2512, 2513, 2511, 2302, 2300, 2301, 2307, 2491, 2492, 2818, 2496, 2507, 2506, 2828, 2505, 2809, 2811, 2810, 2728, 2730, 2731, 2729, 2715], "elapsed_seconds": 0.007720800000242889, "status": "success", "failure_reason": "", "route_distance_km": 46.68855540718086, "distance_cost_sum": 51.383774539312654, "population_cost_sum": 19.97466848935391, "traffic_cost_sum": 13.844855750214501, "airspace_cost_sum": 23.2, "total_weighted_score": 45.42448648038552}, "geometry": {"type": "LineString", "coordinates": [[-89.83272609742262, 38.54503213945896], [-89.83825778508921, 38.54968628939868], [-89.84379018463301, 38.55434020475587], [-89.84932329623358, 38.558993885398685], [-89.85485712007056, 38.56364733119524], [-89.86039165632353, 38.56830054201366], [-89.86592690517212, 38.57295351772198], [-89.871462866796, 38.577606258188254], [-89.87699954137483, 38.582258763280514], [-89.88253692908823, 38.586911032866766], [-89.88807503011597, 38.59156306681497], [-89.89380792466403, 38.591715509561276], [-89.89934713930707, 38.59636705177409], [-89.90508047722643, 38.59651895818466], [-89.91081385831642, 38.59667058421835], [-89.91635458673171, 38.60132137816604], [-89.92189602906302, 38.60597193580059], [-89.92743818549003, 38.61062225698987], [-89.93298105619242, 38.615272341601674], [-89.93871608023923, 38.61542266184741], [-89.94445114702152, 38.615572701498955], [-89.95018625645967, 38.61572246055001], [-89.9559214084743, 38.61587193899423], [-89.9616566029858, 38.61602113682532], [-89.96739183991471, 38.61617005403699], [-89.97312711918148, 38.61631869062297], [-89.97886244070665, 38.616467046576965], [-89.9845978044106, 38.61661512189275], [-89.9903332102139, 38.61676291656407], [-89.99606865803695, 38.61691043058469], [-90.00180414780024, 38.61705766394838], [-90.00753967942423, 38.617204616648934], [-90.01327525282936, 38.61735128868017], [-90.01901086793612, 38.61749768003589], [-90.02474652466493, 38.617643790709906], [-90.03048222293627, 38.617789620696094], [-90.03621796267052, 38.617935169988264], [-90.0419537437882, 38.61808043858029], [-90.04768956620967, 38.61822542646607], [-90.05342542985542, 38.61837013363945], [-90.05916133464585, 38.61851456009435], [-90.06489728050143, 38.618658705824664], [-90.07063326734246, 38.618802570824315], [-90.07636929508949, 38.61894615508724], [-90.08210536366288, 38.61908945860739], [-90.087841472983, 38.61923248137871], [-90.09357762297034, 38.61937522339516], [-90.09931381354528, 38.61951768465076], [-90.10505004462816, 38.61965986513943], [-90.11078631613944, 38.61980176485522], [-90.11634226958749, 38.624443634935055], [-90.1220789793104, 38.62458499570804], [-90.12781572923257, 38.62472607564535], [-90.13337319363258, 38.629367189437694], [-90.13911038141684, 38.62950773017495], [-90.14484760917111, 38.62964799001386], [-90.15058487681573, 38.629787968948484], [-90.156322184271, 38.62992766697294], [-90.16205953145733, 38.63006708408134], [-90.16779691829495, 38.630206220267794], [-90.17353434470424, 38.6303450755264], [-90.17927181060547, 38.63048364985134], [-90.185009315919, 38.63062194323676], [-90.1907468605651, 38.6307599556768], [-90.1964844444641, 38.63089768716567], [-90.2022220675363, 38.63103513769752], [-90.20795972970198, 38.63117230726659]]}}, {"type": "Feature", "properties": {"route_run_id": "stl_midamerica_to_st_louis_union_station_2026-03-09_0283", "route_pair": "midamerica_to_st_louis_union_station", "route_pair_label": "MidAmerica to St. Louis Union Station", "origin_label": "MidAmerica St. Louis Airport", "destination_label": "St. Louis Union Station", "origin_lat": 38.5451731, "origin_lon": -89.8351856, "destination_lat": 38.629167, "destination_lon": -90.2075, "traffic_date": "2026-03-09", "traffic_dataset": "March 9th - Monday", "weight_id": "w_0283", "distance_weight": 0.8, "population_weight": 0.2, "traffic_weight": 0.0, "airspace_weight": 0.0, "path_nodes": 67, "path_node_ids": [8877, 8876, 8868, 8869, 8870, 8867, 9753, 9754, 9755, 9744, 9746, 9747, 9745, 9737, 9736, 9734, 9735, 9919, 9921, 9944, 9947, 9940, 9941, 9962, 9955, 9957, 9959, 9994, 9885, 9886, 9884, 9887, 9897, 9895, 9896, 9894, 9902, 9903, 9904, 9909, 2213, 2212, 2214, 1997, 1994, 1995, 1996, 2005, 2004, 2007, 2006, 2191, 2194, 2193, 2192, 2418, 2422, 2425, 2427, 2453, 2455, 2454, 2372, 2399, 2401, 2404, 2715], "elapsed_seconds": 0.0074874999991152436, "status": "success", "failure_reason": "", "route_distance_km": 46.66599661404935, "distance_cost_sum": 51.35894712861125, "population_cost_sum": 17.364166724554934, "traffic_cost_sum": 13.818965585036251, "airspace_cost_sum": 38.0, "total_weighted_score": 44.55999104779999}, "geometry": {"type": "LineString", "coordinates": [[-89.83272609742262, 38.54503213945896], [-89.83845499191484, 38.54518713674757], [-89.84418393041321, 38.54534185422887], [-89.8499129128385, 38.54549629189633], [-89.85564193911159, 38.545650449743434], [-89.86137100915332, 38.54580432776372], [-89.86710012288452, 38.545957925950695], [-89.87282928022606, 38.546111244297876], [-89.8785584810987, 38.54626428279884], [-89.88428772542336, 38.54641704144712], [-89.8900170131208, 38.5465695202363], [-89.89574634411186, 38.54672171915994], [-89.90147571831739, 38.546873638211636], [-89.90720513565815, 38.54702527738502], [-89.91293459605497, 38.54717663667367], [-89.91866409942871, 38.54732771607122], [-89.92439364570006, 38.54747851557132], [-89.9301232347899, 38.54762903516762], [-89.93566171159593, 38.55227884253414], [-89.94120090063481, 38.55692841373979], [-89.94693132996858, 38.557078141522354], [-89.9526618018245, 38.55722758928637], [-89.95839231612332, 38.55737675702556], [-89.9641228727858, 38.55752564473363], [-89.96985347173262, 38.5576742524043], [-89.97539536640897, 38.56232230635172], [-89.98093797377864, 38.566970123410094], [-89.98648129402048, 38.57161770344731], [-89.99221313054706, 38.571765261757655], [-89.99794500899198, 38.571912539865146], [-90.00367692927587, 38.5720595377636], [-90.00940889131944, 38.572206255446844], [-90.01514089504332, 38.57235269290866], [-90.02087294036811, 38.5724988501429], [-90.02660502721452, 38.572644727143405], [-90.03233715550313, 38.57279032390402], [-90.0380693251546, 38.572935640418635], [-90.04380153608955, 38.57308067668109], [-90.04953378822863, 38.57322543268529], [-90.05508220119658, 38.57786994989744], [-90.06081489219632, 38.57801416845261], [-90.06654762417196, 38.57815810668649], [-90.072280397044, 38.57830176459299], [-90.07801321073313, 38.57844514216606], [-90.0837460651599, 38.578588239399664], [-90.08947896024489, 38.57873105628777], [-90.09521189590866, 38.57887359282438], [-90.10094487207182, 38.57901584900345], [-90.10667788865496, 38.579157824818985], [-90.11241094557855, 38.579299520265025], [-90.11814404276322, 38.57944093533558], [-90.12387718012955, 38.579582070024706], [-90.1296103575981, 38.57972292432643], [-90.13534357508938, 38.579863498234836], [-90.14107683252396, 38.580003791744], [-90.14663191796852, 38.58464420615243], [-90.15218771733517, 38.589284380730234], [-90.15774423080212, 38.593924315345014], [-90.16330145854758, 38.59856400986431], [-90.16885940074975, 38.60320346415569], [-90.17441805758689, 38.60784267808668], [-90.18015373543601, 38.6079811415637], [-90.18571350391167, 38.61261985640587], [-90.19127398739786, 38.61725833052981], [-90.19683518607279, 38.62189656380297], [-90.20239710011477, 38.62653455609276], [-90.20795972970198, 38.63117230726659]]}}, {"type": "Feature", "properties": {"route_run_id": "stl_midamerica_to_st_louis_union_station_2026-03-09_0260", "route_pair": "midamerica_to_st_louis_union_station", "route_pair_label": "MidAmerica to St. Louis Union Station", "origin_label": "MidAmerica St. Louis Airport", "destination_label": "St. Louis Union Station", "origin_lat": 38.5451731, "origin_lon": -89.8351856, "destination_lat": 38.629167, "destination_lon": -90.2075, "traffic_date": "2026-03-09", "traffic_dataset": "March 9th - Monday", "weight_id": "w_0260", "distance_weight": 0.6, "population_weight": 0.1, "traffic_weight": 0.2, "airspace_weight": 0.1, "path_nodes": 67, "path_node_ids": [8877, 8876, 8868, 8869, 8870, 8867, 9753, 9754, 9755, 9750, 9773, 9779, 9781, 9796, 9799, 10022, 10025, 10007, 10009, 10232, 10238, 10243, 10244, 10242, 10221, 10227, 10229, 10228, 10146, 10144, 10147, 10145, 10157, 10156, 10154, 10155, 10162, 10164, 10163, 10165, 2247, 2272, 2274, 2285, 2283, 2508, 2286, 2298, 2300, 2301, 2307, 2491, 2492, 2493, 2496, 2507, 2506, 2828, 2505, 2809, 2811, 2810, 2728, 2730, 2731, 2729, 2715], "elapsed_seconds": 0.011124500015284866, "status": "success", "failure_reason": "", "route_distance_km": 46.67985536954628, "distance_cost_sum": 51.37419958527094, "population_cost_sum": 21.857247490094956, "traffic_cost_sum": 8.697158050998796, "airspace_cost_sum": 26.00000000000002, "total_weighted_score": 37.34967611037182}, "geometry": {"type": "LineString", "coordinates": [[-89.83272609742262, 38.54503213945896], [-89.83845499191484, 38.54518713674757], [-89.84418393041321, 38.54534185422887], [-89.8499129128385, 38.54549629189633], [-89.85564193911159, 38.545650449743434], [-89.86137100915332, 38.54580432776372], [-89.86710012288452, 38.545957925950695], [-89.87282928022606, 38.546111244297876], [-89.8785584810987, 38.54626428279884], [-89.88409336612811, 38.55091639101554], [-89.88962896320348, 38.555568263906835], [-89.89516527250416, 38.56021990134085], [-89.90070229420945, 38.5648713031856], [-89.9062400284988, 38.5695224693091], [-89.91177847555153, 38.57417339957938], [-89.91731763554708, 38.578824093864434], [-89.92304967583993, 38.578975062443455], [-89.92878175902374, 38.57912575080554], [-89.93432243108697, 38.58377569673078], [-89.93986381649326, 38.588425406220864], [-89.945405915422, 38.59307487914367], [-89.95113923958688, 38.593224518410075], [-89.95687260627673, 38.5933738772936], [-89.96260601541215, 38.59352295578797], [-89.96833946691376, 38.59367175388689], [-89.9740729607021, 38.59382027158407], [-89.97980649669776, 38.593968508873274], [-89.98554007482124, 38.594116465748236], [-89.99127369499321, 38.59426414220273], [-89.99700735713421, 38.594411538230524], [-90.00274106116477, 38.59455865382544], [-90.00847480700546, 38.59470548898121], [-90.01420859457684, 38.5948520436917], [-90.01994242379944, 38.594998317950704], [-90.02567629459381, 38.59514431175206], [-90.03141020688051, 38.59529002508962], [-90.03714416058007, 38.595435457957215], [-90.04287815561301, 38.59558061034875], [-90.04861219189988, 38.59572548225811], [-90.0543462693612, 38.59587007367915], [-90.05989665933384, 38.60051442812264], [-90.06544776357148, 38.60515854396957], [-90.07099958225297, 38.609802421087586], [-90.07673489520826, 38.60994595939966], [-90.08247024897021, 38.61008921705863], [-90.08802357854981, 38.61473233981663], [-90.09375937107193, 38.61487505899075], [-90.09949520417183, 38.615017497448825], [-90.10505004462816, 38.61965986513943], [-90.11078631613944, 38.61980176485522], [-90.11634226958749, 38.624443634935055], [-90.1220789793104, 38.62458499570804], [-90.12781572923257, 38.62472607564535], [-90.13355251927439, 38.62486687474105], [-90.13911038141684, 38.62950773017495], [-90.14484760917111, 38.62964799001386], [-90.15058487681573, 38.629787968948484], [-90.156322184271, 38.62992766697294], [-90.16205953145733, 38.63006708408134], [-90.16779691829495, 38.630206220267794], [-90.17353434470424, 38.6303450755264], [-90.17927181060547, 38.63048364985134], [-90.185009315919, 38.63062194323676], [-90.1907468605651, 38.6307599556768], [-90.1964844444641, 38.63089768716567], [-90.2022220675363, 38.63103513769752], [-90.20795972970198, 38.63117230726659]]}}, {"type": "Feature", "properties": {"route_run_id": "stl_midamerica_to_st_louis_union_station_2026-03-09_0186", "route_pair": "midamerica_to_st_louis_union_station", "route_pair_label": "MidAmerica to St. Louis Union Station", "origin_label": "MidAmerica St. Louis Airport", "destination_label": "St. Louis Union Station", "origin_lat": 38.5451731, "origin_lon": -89.8351856, "destination_lat": 38.629167, "destination_lon": -90.2075, "traffic_date": "2026-03-09", "traffic_dataset": "March 9th - Monday", "weight_id": "w_0186", "distance_weight": 0.3, "population_weight": 0.2, "traffic_weight": 0.3, "airspace_weight": 0.2, "path_nodes": 68, "path_node_ids": [8877, 8881, 8904, 8922, 8923, 8927, 9145, 10016, 10018, 10062, 10055, 10058, 10094, 10096, 10103, 10104, 10110, 10109, 10291, 10512, 10290, 10289, 10294, 10281, 10292, 10293, 10304, 10303, 10302, 10315, 10316, 10317, 10314, 10207, 10206, 10204, 10205, 10323, 10328, 10329, 10327, 2548, 2550, 2556, 2553, 2544, 2546, 2579, 2560, 2564, 2567, 2566, 2844, 2842, 2838, 2827, 2849, 2848, 2850, 2837, 2859, 2858, 2860, 2759, 2734, 2731, 2729, 2715], "elapsed_seconds": 0.0255104000098072, "status": "success", "failure_reason": "", "route_distance_km": 49.73326992469228, "distance_cost_sum": 54.73467976522835, "population_cost_sum": 15.38844614564863, "traffic_cost_sum": 6.463877156345732, "airspace_cost_sum": 24.4, "total_weighted_score": 26.317256305601955}, "geometry": {"type": "LineString", "coordinates": [[-89.83272609742262, 38.54503213945896], [-89.83252853470323, 38.54953126729425], [-89.83806053424684, 38.55418543772932], [-89.84359324582596, 38.558839373542895], [-89.84912666962028, 38.563493074603095], [-89.85466080580946, 38.568146540778045], [-89.86019565457306, 38.572799771935806], [-89.86573121609086, 38.57745276794444], [-89.87126749054252, 38.58210552867199], [-89.8768044781077, 38.58675805398646], [-89.88234217896623, 38.591410343755804], [-89.8878805932977, 38.59606239784802], [-89.89341972128202, 38.600714216131045], [-89.89895956309883, 38.60536579847276], [-89.90450011892796, 38.61001714474108], [-89.91004138894921, 38.614668254803874], [-89.9155833733424, 38.61931912852895], [-89.92131862594731, 38.619470314708934], [-89.92705392153653, 38.61962122026898], [-89.93278926003055, 38.619771845202735], [-89.93852464134986, 38.619922189503846], [-89.94445114702152, 38.615572701498955], [-89.95018625645967, 38.61572246055001], [-89.9559214084743, 38.61587193899423], [-89.9616566029858, 38.61602113682532], [-89.96739183991471, 38.61617005403699], [-89.97312711918148, 38.61631869062297], [-89.97886244070665, 38.616467046576965], [-89.9845978044106, 38.61661512189275], [-89.9903332102139, 38.61676291656407], [-89.99606865803695, 38.61691043058469], [-90.00180414780024, 38.61705766394838], [-90.00753967942423, 38.617204616648934], [-90.01327525282936, 38.61735128868017], [-90.01901086793612, 38.61749768003589], [-90.02474652466493, 38.617643790709906], [-90.03048222293627, 38.617789620696094], [-90.03621796267052, 38.617935169988264], [-90.04176873755169, 38.622580391570615], [-90.04750491743872, 38.62272540266021], [-90.05324113855997, 38.6228701329926], [-90.0587934259509, 38.627514600818145], [-90.06434642856152, 38.63215882981023], [-90.0699001465709, 38.63680281983647], [-90.0756376048565, 38.63694649603503], [-90.08137510400799, 38.63708989131143], [-90.08711264394572, 38.63723300565962], [-90.09266827345223, 38.64187598250663], [-90.09840625259658, 38.64201855779177], [-90.10396299643912, 38.64666103690741], [-90.10970141459032, 38.646803072928776], [-90.11543987314892, 38.64694482790208], [-90.12117837203515, 38.64708630182135], [-90.12691691116937, 38.64722749468063], [-90.13283497637043, 38.64286810847808], [-90.13857323774008, 38.64300871669927], [-90.14431153910874, 38.643149043887504], [-90.15004988039681, 38.64328909003685], [-90.15578826152439, 38.64342885514139], [-90.16152668241186, 38.64356833919522], [-90.16726514297947, 38.64370754219247], [-90.17300364314747, 38.64384646412727], [-90.17874218283609, 38.64398510499372], [-90.18465698596519, 38.639622961753446], [-90.19057107312773, 38.63526048909833], [-90.1964844444641, 38.63089768716567], [-90.2022220675363, 38.63103513769752], [-90.20795972970198, 38.63117230726659]]}}, {"type": "Feature", "properties": {"route_run_id": "stl_midamerica_to_st_louis_union_station_2026-03-09_0124", "route_pair": "midamerica_to_st_louis_union_station", "route_pair_label": "MidAmerica to St. Louis Union Station", "origin_label": "MidAmerica St. Louis Airport", "destination_label": "St. Louis Union Station", "origin_lat": 38.5451731, "origin_lon": -89.8351856, "destination_lat": 38.629167, "destination_lon": -90.2075, "traffic_date": "2026-03-09", "traffic_dataset": "March 9th - Monday", "weight_id": "w_0124", "distance_weight": 0.2, "population_weight": 0.0, "traffic_weight": 0.2, "airspace_weight": 0.6, "path_nodes": 67, "path_node_ids": [8877, 8876, 8892, 8897, 8899, 8926, 9788, 10013, 10014, 10036, 10052, 10054, 10061, 10051, 10049, 10048, 10050, 10253, 10252, 10241, 10240, 10248, 10246, 10247, 10245, 10231, 10230, 10262, 10150, 10148, 10149, 10151, 10161, 10156, 10154, 10155, 10162, 10164, 10163, 10165, 2244, 2246, 2268, 2278, 2283, 2508, 2286, 2298, 2300, 2304, 2531, 2819, 2820, 2822, 2825, 2836, 2848, 2850, 2837, 2859, 2858, 2815, 2759, 2734, 2731, 2729, 2715], "elapsed_seconds": 0.03271629998926073, "status": "success", "failure_reason": "", "route_distance_km": 48.81678601447848, "distance_cost_sum": 53.726029953713976, "population_cost_sum": 28.570091945307983, "traffic_cost_sum": 5.278783894524551, "airspace_cost_sum": 22.6, "total_weighted_score": 25.360962769647713}, "geometry": {"type": "LineString", "coordinates": [[-89.83272609742262, 38.54503213945896], [-89.83845499191484, 38.54518713674757], [-89.84398707949187, 38.54984103165108], [-89.84951987896733, 38.55449469187918], [-89.85505339052077, 38.559148117300026], [-89.86058761433173, 38.563801307781745], [-89.86612255057987, 38.568454263192415], [-89.87165819944471, 38.57310698340007], [-89.87719456110594, 38.577759468272795], [-89.88273163574308, 38.582411717678575], [-89.88826942353593, 38.58706373148541], [-89.89380792466403, 38.591715509561276], [-89.89934713930707, 38.59636705177409], [-89.90508047722643, 38.59651895818466], [-89.91081385831642, 38.59667058421835], [-89.91654728249756, 38.596821929868824], [-89.92228074969049, 38.59697299512966], [-89.92801425981584, 38.59712377999449], [-89.93374781279411, 38.597274284457015], [-89.93948140854593, 38.5974245085108], [-89.94521504699188, 38.5975744521496], [-89.95094872805251, 38.59772411536704], [-89.95668245164843, 38.59787349815684], [-89.96241621770018, 38.59802260051268], [-89.96815002612831, 38.59817142242828], [-89.9738838768534, 38.59831996389739], [-89.97961776979602, 38.59846822491371], [-89.98535170487666, 38.59861620547102], [-89.99108568201598, 38.59876390556306], [-89.99681970113441, 38.59891132518362], [-90.00255376215256, 38.59905846432648], [-90.00828786499093, 38.59920532298544], [-90.01402200957008, 38.5993519011543], [-90.01994242379944, 38.594998317950704], [-90.02567629459381, 38.59514431175206], [-90.03141020688051, 38.59529002508962], [-90.03714416058007, 38.595435457957215], [-90.04287815561301, 38.59558061034875], [-90.04861219189988, 38.59572548225811], [-90.0543462693612, 38.59587007367915], [-90.06008038791752, 38.59601438460579], [-90.06581454748931, 38.596158415031965], [-90.07136573361876, 38.60080225453393], [-90.07691763405278, 38.60544585525359], [-90.08247024897021, 38.61008921705863], [-90.08802357854981, 38.61473233981663], [-90.09375937107193, 38.61487505899075], [-90.09949520417183, 38.615017497448825], [-90.10505004462816, 38.61965986513943], [-90.1106056001435, 38.62430199333239], [-90.11616187089658, 38.62894388189524], [-90.12171885706623, 38.633585530695484], [-90.12745632243416, 38.63372665579325], [-90.13319382794117, 38.633867499959656], [-90.13875232561846, 38.63850839203032], [-90.144490269036, 38.638648696766005], [-90.15004988039681, 38.64328909003685], [-90.15578826152439, 38.64342885514139], [-90.16152668241186, 38.64356833919522], [-90.16726514297947, 38.64370754219247], [-90.17300364314747, 38.64384646412727], [-90.17891876485407, 38.63948462409952], [-90.18465698596519, 38.639622961753446], [-90.19057107312773, 38.63526048909833], [-90.1964844444641, 38.63089768716567], [-90.2022220675363, 38.63103513769752], [-90.20795972970198, 38.63117230726659]]}}, {"type": "Feature", "properties": {"route_run_id": "stl_midamerica_to_st_louis_union_station_2026-03-09_0175", "route_pair": "midamerica_to_st_louis_union_station", "route_pair_label": "MidAmerica to St. Louis Union Station", "origin_label": "MidAmerica St. Louis Airport", "destination_label": "St. Louis Union Station", "origin_lat": 38.5451731, "origin_lon": -89.8351856, "destination_lat": 38.629167, "destination_lon": -90.2075, "traffic_date": "2026-03-09", "traffic_dataset": "March 9th - Monday", "weight_id": "w_0175", "distance_weight": 0.3, "population_weight": 0.0, "traffic_weight": 0.7, "airspace_weight": 0.0, "path_nodes": 69, "path_node_ids": [8877, 8861, 8864, 8865, 8866, 8863, 7715, 7713, 7714, 9726, 9727, 9729, 9728, 9719, 9718, 9716, 9717, 7794, 7793, 7795, 7796, 7804, 7803, 7805, 7813, 7814, 7811, 7812, 9817, 9816, 9819, 9818, 7905, 7901, 7902, 7903, 7916, 7915, 7914, 7913, 1933, 1931, 1932, 1917, 1943, 1946, 1970, 1983, 1998, 2003, 2000, 2191, 2194, 2193, 2192, 2185, 2184, 2186, 2421, 2205, 2450, 2451, 2369, 2375, 2399, 2401, 2406, 2729, 2715], "elapsed_seconds": 0.009597199998097494, "status": "success", "failure_reason": "", "route_distance_km": 49.00456878084652, "distance_cost_sum": 53.93269703187205, "population_cost_sum": 29.18730134339127, "traffic_cost_sum": 1.8881849111714815, "airspace_cost_sum": 38.6, "total_weighted_score": 17.50153854738165}, "geometry": {"type": "LineString", "coordinates": [[-89.83272609742262, 38.54503213945896], [-89.83865215473445, 38.54068797977641], [-89.84438073740759, 38.54084267248963], [-89.8501093639971, 38.54099708543371], [-89.85583803442384, 38.541151218602124], [-89.86156674860865, 38.54130507198842], [-89.86729550647239, 38.541458645586076], [-89.87321929212519, 38.537112630177866], [-89.87894778130001, 38.537265619682024], [-89.88467631390589, 38.53741832942288], [-89.89040488986362, 38.53757075939403], [-89.89613350909408, 38.53772290958904], [-89.90186217151818, 38.537874780001516], [-89.90759087705666, 38.53802637062506], [-89.91331962563046, 38.538177681453305], [-89.91904841716038, 38.53832871247986], [-89.9247772515673, 38.53847946369838], [-89.93050612877201, 38.5386299351025], [-89.93623504869535, 38.538780126685914], [-89.94196401125822, 38.538930038442274], [-89.94769301638131, 38.53907967036528], [-89.95342206398557, 38.53922902244861], [-89.95915115399177, 38.53937809468601], [-89.9648802863207, 38.53952688707118], [-89.97060946089319, 38.53967539959786], [-89.97633867763007, 38.53982363225979], [-89.98206793645213, 38.53997158505075], [-89.98779723728013, 38.54011925796448], [-89.99352658003491, 38.54026665099478], [-89.99925596463726, 38.54041376413546], [-90.00498539100796, 38.54056059738029], [-90.0107148590678, 38.5407071507231], [-90.01625828288213, 38.545353332379484], [-90.022173919938, 38.540999417678], [-90.02790351258993, 38.54114513127777], [-90.03363314661406, 38.54129056495092], [-90.03917816039834, 38.54593572016105], [-90.04490823303483, 38.54608061716274], [-90.05063834681579, 38.54622523417469], [-90.05636850166194, 38.546369571190844], [-90.06209869749397, 38.54651362820512], [-90.06782893423272, 38.54665740521145], [-90.07355921179885, 38.54680090220377], [-90.07928953011304, 38.54694411917603], [-90.08483803609515, 38.551587237746496], [-90.09038725467427, 38.55623011778336], [-90.09593718602859, 38.5608727591544], [-90.1014878303364, 38.56551516172741], [-90.10703918777595, 38.57015732537014], [-90.11259125852546, 38.57479924995029], [-90.11832399892143, 38.57494064238296], [-90.12387718012955, 38.579582070024706], [-90.1296103575981, 38.57972292432643], [-90.13534357508938, 38.579863498234836], [-90.14107683252396, 38.580003791744], [-90.14681012982238, 38.58014380484799], [-90.15254346690519, 38.5802835375409], [-90.1580993457009, 38.58492343582021], [-90.16365593845713, 38.58956309408333], [-90.16921324535195, 38.59420251219789], [-90.17477126656355, 38.59884169003141], [-90.18033000227008, 38.60348062745143], [-90.18588945264969, 38.60811932432548], [-90.19144961788064, 38.61275778052102], [-90.19127398739786, 38.61725833052981], [-90.19683518607279, 38.62189656380297], [-90.19665983485031, 38.626397127556444], [-90.2022220675363, 38.63103513769752], [-90.20795972970198, 38.63117230726659]]}}, {"type": "Feature", "properties": {"route_run_id": "stl_midamerica_to_st_louis_union_station_2026-03-09_0140", "route_pair": "midamerica_to_st_louis_union_station", "route_pair_label": "MidAmerica to St. Louis Union Station", "origin_label": "MidAmerica St. Louis Airport", "destination_label": "St. Louis Union Station", "origin_lat": 38.5451731, "origin_lon": -89.8351856, "destination_lat": 38.629167, "destination_lon": -90.2075, "traffic_date": "2026-03-09", "traffic_dataset": "March 9th - Monday", "weight_id": "w_0140", "distance_weight": 0.2, "population_weight": 0.2, "traffic_weight": 0.1, "airspace_weight": 0.5, "path_nodes": 68, "path_node_ids": [8877, 8881, 8904, 8922, 8923, 8927, 9145, 10016, 10018, 10062, 10055, 10058, 10094, 10096, 10103, 10104, 10110, 10109, 10516, 10512, 10290, 10289, 10294, 10281, 10292, 10293, 10304, 10303, 10302, 10315, 10316, 10317, 10314, 10207, 10206, 10204, 10205, 10189, 10190, 10188, 10191, 2276, 2518, 2277, 2509, 2287, 2508, 2286, 2298, 2300, 2301, 2307, 2495, 2820, 2823, 2827, 2849, 2848, 2850, 2837, 2859, 2858, 2860, 2763, 2758, 2733, 2729, 2715], "elapsed_seconds": 0.036297200014814734, "status": "success", "failure_reason": "", "route_distance_km": 50.26337490476467, "distance_cost_sum": 55.3180945772878, "population_cost_sum": 15.066538202442601, "traffic_cost_sum": 10.192808074613628, "airspace_cost_sum": 22.6, "total_weighted_score": 26.39620736340745}, "geometry": {"type": "LineString", "coordinates": [[-89.83272609742262, 38.54503213945896], [-89.83252853470323, 38.54953126729425], [-89.83806053424684, 38.55418543772932], [-89.84359324582596, 38.558839373542895], [-89.84912666962028, 38.563493074603095], [-89.85466080580946, 38.568146540778045], [-89.86019565457306, 38.572799771935806], [-89.86573121609086, 38.57745276794444], [-89.87126749054252, 38.58210552867199], [-89.8768044781077, 38.58675805398646], [-89.88234217896623, 38.591410343755804], [-89.8878805932977, 38.59606239784802], [-89.89341972128202, 38.600714216131045], [-89.89895956309883, 38.60536579847276], [-89.90450011892796, 38.61001714474108], [-89.91004138894921, 38.614668254803874], [-89.9155833733424, 38.61931912852895], [-89.92131862594731, 38.619470314708934], [-89.9268617252078, 38.624120695492145], [-89.93278926003055, 38.619771845202735], [-89.93852464134986, 38.619922189503846], [-89.94445114702152, 38.615572701498955], [-89.95018625645967, 38.61572246055001], [-89.9559214084743, 38.61587193899423], [-89.9616566029858, 38.61602113682532], [-89.96739183991471, 38.61617005403699], [-89.97312711918148, 38.61631869062297], [-89.97886244070665, 38.616467046576965], [-89.9845978044106, 38.61661512189275], [-89.9903332102139, 38.61676291656407], [-89.99606865803695, 38.61691043058469], [-90.00180414780024, 38.61705766394838], [-90.00753967942423, 38.617204616648934], [-90.01327525282936, 38.61735128868017], [-90.01901086793612, 38.61749768003589], [-90.02474652466493, 38.617643790709906], [-90.03048222293627, 38.617789620696094], [-90.03640328497923, 38.613435236024664], [-90.04213870872088, 38.61358048137086], [-90.04787417375634, 38.61372544605564], [-90.05360968000618, 38.61387013007287], [-90.0593452273907, 38.61401453341643], [-90.0650808158304, 38.61415865608025], [-90.07081644524574, 38.61430249805824], [-90.07655211555712, 38.614446059344324], [-90.08228782668499, 38.614589339932465], [-90.08802357854981, 38.61473233981663], [-90.09375937107193, 38.61487505899075], [-90.09949520417183, 38.615017497448825], [-90.10505004462816, 38.61965986513943], [-90.11078631613944, 38.61980176485522], [-90.11634226958749, 38.624443634935055], [-90.12189893829279, 38.62908526529191], [-90.12745632243416, 38.63372665579325], [-90.13301442219031, 38.63836780630655], [-90.13857323774008, 38.64300871669927], [-90.14431153910874, 38.643149043887504], [-90.15004988039681, 38.64328909003685], [-90.15578826152439, 38.64342885514139], [-90.16152668241186, 38.64356833919522], [-90.16726514297947, 38.64370754219247], [-90.17300364314747, 38.64384646412727], [-90.17874218283609, 38.64398510499372], [-90.18448076196563, 38.64412346478601], [-90.19039524642797, 38.63976101837225], [-90.19630901490473, 38.63539824263034], [-90.2022220675363, 38.63103513769752], [-90.20795972970198, 38.63117230726659]]}}, {"type": "Feature", "properties": {"route_run_id": "stl_midamerica_to_st_louis_union_station_2026-03-09_0286", "route_pair": "midamerica_to_st_louis_union_station", "route_pair_label": "MidAmerica to St. Louis Union Station", "origin_label": "MidAmerica St. Louis Airport", "destination_label": "St. Louis Union Station", "origin_lat": 38.5451731, "origin_lon": -89.8351856, "destination_lat": 38.629167, "destination_lon": -90.2075, "traffic_date": "2026-03-09", "traffic_dataset": "March 9th - Monday", "weight_id": "w_0286", "distance_weight": 0.9, "population_weight": 0.1, "traffic_weight": 0.0, "airspace_weight": 0.0, "path_nodes": 67, "path_node_ids": [8877, 8876, 8868, 8869, 8870, 8867, 9753, 9754, 9755, 9744, 9746, 9747, 9745, 9737, 9736, 9734, 9735, 9919, 9921, 9944, 9947, 9940, 9941, 9962, 9955, 9957, 9959, 9994, 9885, 9886, 9884, 9887, 9897, 9895, 9896, 9894, 9902, 9903, 9904, 9909, 2213, 2212, 2214, 1997, 1994, 1995, 1996, 2005, 2004, 2007, 2006, 2191, 2194, 2193, 2192, 2418, 2422, 2425, 2427, 2453, 2455, 2454, 2372, 2399, 2401, 2404, 2715], "elapsed_seconds": 0.006875499995658174, "status": "success", "failure_reason": "", "route_distance_km": 46.66599661404935, "distance_cost_sum": 51.35894712861125, "population_cost_sum": 17.364166724554934, "traffic_cost_sum": 13.818965585036251, "airspace_cost_sum": 38.0, "total_weighted_score": 47.959469088205616}, "geometry": {"type": "LineString", "coordinates": [[-89.83272609742262, 38.54503213945896], [-89.83845499191484, 38.54518713674757], [-89.84418393041321, 38.54534185422887], [-89.8499129128385, 38.54549629189633], [-89.85564193911159, 38.545650449743434], [-89.86137100915332, 38.54580432776372], [-89.86710012288452, 38.545957925950695], [-89.87282928022606, 38.546111244297876], [-89.8785584810987, 38.54626428279884], [-89.88428772542336, 38.54641704144712], [-89.8900170131208, 38.5465695202363], [-89.89574634411186, 38.54672171915994], [-89.90147571831739, 38.546873638211636], [-89.90720513565815, 38.54702527738502], [-89.91293459605497, 38.54717663667367], [-89.91866409942871, 38.54732771607122], [-89.92439364570006, 38.54747851557132], [-89.9301232347899, 38.54762903516762], [-89.93566171159593, 38.55227884253414], [-89.94120090063481, 38.55692841373979], [-89.94693132996858, 38.557078141522354], [-89.9526618018245, 38.55722758928637], [-89.95839231612332, 38.55737675702556], [-89.9641228727858, 38.55752564473363], [-89.96985347173262, 38.5576742524043], [-89.97539536640897, 38.56232230635172], [-89.98093797377864, 38.566970123410094], [-89.98648129402048, 38.57161770344731], [-89.99221313054706, 38.571765261757655], [-89.99794500899198, 38.571912539865146], [-90.00367692927587, 38.5720595377636], [-90.00940889131944, 38.572206255446844], [-90.01514089504332, 38.57235269290866], [-90.02087294036811, 38.5724988501429], [-90.02660502721452, 38.572644727143405], [-90.03233715550313, 38.57279032390402], [-90.0380693251546, 38.572935640418635], [-90.04380153608955, 38.57308067668109], [-90.04953378822863, 38.57322543268529], [-90.05508220119658, 38.57786994989744], [-90.06081489219632, 38.57801416845261], [-90.06654762417196, 38.57815810668649], [-90.072280397044, 38.57830176459299], [-90.07801321073313, 38.57844514216606], [-90.0837460651599, 38.578588239399664], [-90.08947896024489, 38.57873105628777], [-90.09521189590866, 38.57887359282438], [-90.10094487207182, 38.57901584900345], [-90.10667788865496, 38.579157824818985], [-90.11241094557855, 38.579299520265025], [-90.11814404276322, 38.57944093533558], [-90.12387718012955, 38.579582070024706], [-90.1296103575981, 38.57972292432643], [-90.13534357508938, 38.579863498234836], [-90.14107683252396, 38.580003791744], [-90.14663191796852, 38.58464420615243], [-90.15218771733517, 38.589284380730234], [-90.15774423080212, 38.593924315345014], [-90.16330145854758, 38.59856400986431], [-90.16885940074975, 38.60320346415569], [-90.17441805758689, 38.60784267808668], [-90.18015373543601, 38.6079811415637], [-90.18571350391167, 38.61261985640587], [-90.19127398739786, 38.61725833052981], [-90.19683518607279, 38.62189656380297], [-90.20239710011477, 38.62653455609276], [-90.20795972970198, 38.63117230726659]]}}, {"type": "Feature", "properties": {"route_run_id": "stl_midamerica_to_st_louis_union_station_2026-03-09_0232", "route_pair": "midamerica_to_st_louis_union_station", "route_pair_label": "MidAmerica to St. Louis Union Station", "origin_label": "MidAmerica St. Louis Airport", "destination_label": "St. Louis Union Station", "origin_lat": 38.5451731, "origin_lon": -89.8351856, "destination_lat": 38.629167, "destination_lon": -90.2075, "traffic_date": "2026-03-09", "traffic_dataset": "March 9th - Monday", "weight_id": "w_0232", "distance_weight": 0.5, "population_weight": 0.0, "traffic_weight": 0.0, "airspace_weight": 0.5, "path_nodes": 67, "path_node_ids": [8877, 8876, 8892, 8897, 8899, 8926, 9788, 10013, 10014, 10036, 10052, 10054, 10061, 10051, 10049, 10048, 10050, 10253, 10252, 10241, 10240, 10248, 10246, 10247, 10245, 10231, 10230, 10262, 10150, 10148, 10149, 10151, 10161, 10159, 10158, 10160, 10166, 10168, 10167, 10169, 2247, 2269, 2268, 2257, 2256, 2254, 2279, 2293, 2296, 2301, 2303, 2491, 2492, 2818, 2496, 2507, 2506, 2828, 2505, 2809, 2811, 2810, 2728, 2730, 2731, 2729, 2715], "elapsed_seconds": 0.013118000002577901, "status": "success", "failure_reason": "", "route_distance_km": 46.683328700980354, "distance_cost_sum": 51.37802221113185, "population_cost_sum": 29.474393947782595, "traffic_cost_sum": 11.160766941646196, "airspace_cost_sum": 22.6, "total_weighted_score": 36.98901110556593}, "geometry": {"type": "LineString", "coordinates": [[-89.83272609742262, 38.54503213945896], [-89.83845499191484, 38.54518713674757], [-89.84398707949187, 38.54984103165108], [-89.84951987896733, 38.55449469187918], [-89.85505339052077, 38.559148117300026], [-89.86058761433173, 38.563801307781745], [-89.86612255057987, 38.568454263192415], [-89.87165819944471, 38.57310698340007], [-89.87719456110594, 38.577759468272795], [-89.88273163574308, 38.582411717678575], [-89.88826942353593, 38.58706373148541], [-89.89380792466403, 38.591715509561276], [-89.89934713930707, 38.59636705177409], [-89.90508047722643, 38.59651895818466], [-89.91081385831642, 38.59667058421835], [-89.91654728249756, 38.596821929868824], [-89.92228074969049, 38.59697299512966], [-89.92801425981584, 38.59712377999449], [-89.93374781279411, 38.597274284457015], [-89.93948140854593, 38.5974245085108], [-89.94521504699188, 38.5975744521496], [-89.95094872805251, 38.59772411536704], [-89.95668245164843, 38.59787349815684], [-89.96241621770018, 38.59802260051268], [-89.96815002612831, 38.59817142242828], [-89.9738838768534, 38.59831996389739], [-89.97961776979602, 38.59846822491371], [-89.98535170487666, 38.59861620547102], [-89.99108568201598, 38.59876390556306], [-89.99681970113441, 38.59891132518362], [-90.00255376215256, 38.59905846432648], [-90.00828786499093, 38.59920532298544], [-90.01402200957008, 38.5993519011543], [-90.01975619581054, 38.599498198826886], [-90.02549042363282, 38.599644215997024], [-90.03122469295744, 38.59978995265856], [-90.03695900370492, 38.599935408805365], [-90.0426933557958, 38.60008058443128], [-90.04842774915056, 38.600225479530216], [-90.05416218368977, 38.60037009409603], [-90.05989665933384, 38.60051442812264], [-90.06563117600335, 38.600658481603965], [-90.07136573361876, 38.60080225453393], [-90.07710033210058, 38.60094574690646], [-90.0828349713693, 38.601088958715515], [-90.08856965134538, 38.60123188995506], [-90.0941227455516, 38.605874717602354], [-90.09967655430022, 38.61051730605643], [-90.10523107776994, 38.61515965518486], [-90.11078631613944, 38.61980176485522], [-90.11652262799952, 38.61994338379215], [-90.1220789793104, 38.62458499570804], [-90.12781572923257, 38.62472607564535], [-90.13337319363258, 38.629367189437694], [-90.13911038141684, 38.62950773017495], [-90.14484760917111, 38.62964799001386], [-90.15058487681573, 38.629787968948484], [-90.156322184271, 38.62992766697294], [-90.16205953145733, 38.63006708408134], [-90.16779691829495, 38.630206220267794], [-90.17353434470424, 38.6303450755264], [-90.17927181060547, 38.63048364985134], [-90.185009315919, 38.63062194323676], [-90.1907468605651, 38.6307599556768], [-90.1964844444641, 38.63089768716567], [-90.2022220675363, 38.63103513769752], [-90.20795972970198, 38.63117230726659]]}}, {"type": "Feature", "properties": {"route_run_id": "stl_midamerica_to_st_louis_union_station_2026-03-09_0079", "route_pair": "midamerica_to_st_louis_union_station", "route_pair_label": "MidAmerica to St. Louis Union Station", "origin_label": "MidAmerica St. Louis Airport", "destination_label": "St. Louis Union Station", "origin_lat": 38.5451731, "origin_lon": -89.8351856, "destination_lat": 38.629167, "destination_lon": -90.2075, "traffic_date": "2026-03-09", "traffic_dataset": "March 9th - Monday", "weight_id": "w_0079", "distance_weight": 0.1, "population_weight": 0.1, "traffic_weight": 0.2, "airspace_weight": 0.6, "path_nodes": 68, "path_node_ids": [8877, 8881, 8904, 8922, 8923, 8927, 9145, 10016, 10018, 10062, 10055, 10058, 10094, 10096, 10103, 10104, 10110, 10109, 10516, 10512, 10290, 10289, 10294, 10281, 10292, 10293, 10304, 10303, 10302, 10315, 10316, 10312, 10181, 10203, 10200, 10202, 10201, 10185, 10182, 10171, 10169, 2247, 2272, 2274, 2285, 2283, 2508, 2286, 2298, 2300, 2304, 2531, 2819, 2820, 2822, 2825, 2836, 2848, 2850, 2837, 2859, 2858, 2860, 2759, 2734, 2731, 2729, 2715], "elapsed_seconds": 0.0409090000030119, "status": "success", "failure_reason": "", "route_distance_km": 51.86097293666311, "distance_cost_sum": 57.07635452685338, "population_cost_sum": 18.01466526280412, "traffic_cost_sum": 6.141114662808931, "airspace_cost_sum": 22.6, "total_weighted_score": 22.297324911527543}, "geometry": {"type": "LineString", "coordinates": [[-89.83272609742262, 38.54503213945896], [-89.83252853470323, 38.54953126729425], [-89.83806053424684, 38.55418543772932], [-89.84359324582596, 38.558839373542895], [-89.84912666962028, 38.563493074603095], [-89.85466080580946, 38.568146540778045], [-89.86019565457306, 38.572799771935806], [-89.86573121609086, 38.57745276794444], [-89.87126749054252, 38.58210552867199], [-89.8768044781077, 38.58675805398646], [-89.88234217896623, 38.591410343755804], [-89.8878805932977, 38.59606239784802], [-89.89341972128202, 38.600714216131045], [-89.89895956309883, 38.60536579847276], [-89.90450011892796, 38.61001714474108], [-89.91004138894921, 38.614668254803874], [-89.9155833733424, 38.61931912852895], [-89.92131862594731, 38.619470314708934], [-89.9268617252078, 38.624120695492145], [-89.93278926003055, 38.619771845202735], [-89.93852464134986, 38.619922189503846], [-89.94445114702152, 38.615572701498955], [-89.95018625645967, 38.61572246055001], [-89.9559214084743, 38.61587193899423], [-89.9616566029858, 38.61602113682532], [-89.96739183991471, 38.61617005403699], [-89.97312711918148, 38.61631869062297], [-89.97886244070665, 38.616467046576965], [-89.9845978044106, 38.61661512189275], [-89.9903332102139, 38.61676291656407], [-89.99606865803695, 38.61691043058469], [-90.00199161415404, 38.61255787040093], [-90.00772678846238, 38.612704799586744], [-90.01346200454176, 38.612851448148064], [-90.01919726231266, 38.612997816078675], [-90.02493256169556, 38.61314390337241], [-90.03066790261092, 38.61328971002312], [-90.03658856591449, 38.60893529783942], [-90.04250851471467, 38.60458055429603], [-90.04824326521684, 38.6047254725874], [-90.05416218368977, 38.60037009409603], [-90.05989665933384, 38.60051442812264], [-90.06544776357148, 38.60515854396957], [-90.07099958225297, 38.609802421087586], [-90.07673489520826, 38.60994595939966], [-90.08247024897021, 38.61008921705863], [-90.08802357854981, 38.61473233981663], [-90.09375937107193, 38.61487505899075], [-90.09949520417183, 38.615017497448825], [-90.10505004462816, 38.61965986513943], [-90.1106056001435, 38.62430199333239], [-90.11616187089658, 38.62894388189524], [-90.12171885706623, 38.633585530695484], [-90.12745632243416, 38.63372665579325], [-90.13319382794117, 38.633867499959656], [-90.13875232561846, 38.63850839203032], [-90.144490269036, 38.638648696766005], [-90.15004988039681, 38.64328909003685], [-90.15578826152439, 38.64342885514139], [-90.16152668241186, 38.64356833919522], [-90.16726514297947, 38.64370754219247], [-90.17300364314747, 38.64384646412727], [-90.17874218283609, 38.64398510499372], [-90.18465698596519, 38.639622961753446], [-90.19057107312773, 38.63526048909833], [-90.1964844444641, 38.63089768716567], [-90.2022220675363, 38.63103513769752], [-90.20795972970198, 38.63117230726659]]}}, {"type": "Feature", "properties": {"route_run_id": "stl_midamerica_to_st_louis_union_station_2026-03-09_0244", "route_pair": "midamerica_to_st_louis_union_station", "route_pair_label": "MidAmerica to St. Louis Union Station", "origin_label": "MidAmerica St. Louis Airport", "destination_label": "St. Louis Union Station", "origin_lat": 38.5451731, "origin_lon": -89.8351856, "destination_lat": 38.629167, "destination_lon": -90.2075, "traffic_date": "2026-03-09", "traffic_dataset": "March 9th - Monday", "weight_id": "w_0244", "distance_weight": 0.5, "population_weight": 0.2, "traffic_weight": 0.1, "airspace_weight": 0.2, "path_nodes": 68, "path_node_ids": [8877, 8881, 8904, 8922, 8923, 8927, 9145, 10016, 10018, 10062, 10055, 10058, 10094, 10096, 10103, 10104, 10110, 10109, 10291, 10512, 10290, 10289, 10294, 10281, 10292, 10293, 10304, 10303, 10302, 10315, 10316, 10317, 10314, 10207, 10206, 10204, 10205, 10323, 10324, 10322, 10325, 2520, 2521, 2519, 2510, 2512, 2513, 2511, 2302, 2300, 2301, 2307, 2491, 2492, 2818, 2496, 2507, 2506, 2828, 2505, 2809, 2811, 2810, 2728, 2730, 2731, 2729, 2715], "elapsed_seconds": 0.015180799993686378, "status": "success", "failure_reason": "", "route_distance_km": 47.59717568370674, "distance_cost_sum": 52.38376991341823, "population_cost_sum": 17.473587763698447, "traffic_cost_sum": 11.66994454850107, "airspace_cost_sum": 23.2, "total_weighted_score": 35.493596964298916}, "geometry": {"type": "LineString", "coordinates": [[-89.83272609742262, 38.54503213945896], [-89.83252853470323, 38.54953126729425], [-89.83806053424684, 38.55418543772932], [-89.84359324582596, 38.558839373542895], [-89.84912666962028, 38.563493074603095], [-89.85466080580946, 38.568146540778045], [-89.86019565457306, 38.572799771935806], [-89.86573121609086, 38.57745276794444], [-89.87126749054252, 38.58210552867199], [-89.8768044781077, 38.58675805398646], [-89.88234217896623, 38.591410343755804], [-89.8878805932977, 38.59606239784802], [-89.89341972128202, 38.600714216131045], [-89.89895956309883, 38.60536579847276], [-89.90450011892796, 38.61001714474108], [-89.91004138894921, 38.614668254803874], [-89.9155833733424, 38.61931912852895], [-89.92131862594731, 38.619470314708934], [-89.92705392153653, 38.61962122026898], [-89.93278926003055, 38.619771845202735], [-89.93852464134986, 38.619922189503846], [-89.94445114702152, 38.615572701498955], [-89.95018625645967, 38.61572246055001], [-89.9559214084743, 38.61587193899423], [-89.9616566029858, 38.61602113682532], [-89.96739183991471, 38.61617005403699], [-89.97312711918148, 38.61631869062297], [-89.97886244070665, 38.616467046576965], [-89.9845978044106, 38.61661512189275], [-89.9903332102139, 38.61676291656407], [-89.99606865803695, 38.61691043058469], [-90.00180414780024, 38.61705766394838], [-90.00753967942423, 38.617204616648934], [-90.01327525282936, 38.61735128868017], [-90.01901086793612, 38.61749768003589], [-90.02474652466493, 38.617643790709906], [-90.03048222293627, 38.617789620696094], [-90.03621796267052, 38.617935169988264], [-90.0419537437882, 38.61808043858029], [-90.04768956620967, 38.61822542646607], [-90.05342542985542, 38.61837013363945], [-90.05916133464585, 38.61851456009435], [-90.06489728050143, 38.618658705824664], [-90.07063326734246, 38.618802570824315], [-90.07636929508949, 38.61894615508724], [-90.08210536366288, 38.61908945860739], [-90.087841472983, 38.61923248137871], [-90.09357762297034, 38.61937522339516], [-90.09931381354528, 38.61951768465076], [-90.10505004462816, 38.61965986513943], [-90.11078631613944, 38.61980176485522], [-90.11634226958749, 38.624443634935055], [-90.1220789793104, 38.62458499570804], [-90.12781572923257, 38.62472607564535], [-90.13337319363258, 38.629367189437694], [-90.13911038141684, 38.62950773017495], [-90.14484760917111, 38.62964799001386], [-90.15058487681573, 38.629787968948484], [-90.156322184271, 38.62992766697294], [-90.16205953145733, 38.63006708408134], [-90.16779691829495, 38.630206220267794], [-90.17353434470424, 38.6303450755264], [-90.17927181060547, 38.63048364985134], [-90.185009315919, 38.63062194323676], [-90.1907468605651, 38.6307599556768], [-90.1964844444641, 38.63089768716567], [-90.2022220675363, 38.63103513769752], [-90.20795972970198, 38.63117230726659]]}}, {"type": "Feature", "properties": {"route_run_id": "stl_midamerica_to_st_louis_union_station_2026-03-09_0239", "route_pair": "midamerica_to_st_louis_union_station", "route_pair_label": "MidAmerica to St. Louis Union Station", "origin_label": "MidAmerica St. Louis Airport", "destination_label": "St. Louis Union Station", "origin_lat": 38.5451731, "origin_lon": -89.8351856, "destination_lat": 38.629167, "destination_lon": -90.2075, "traffic_date": "2026-03-09", "traffic_dataset": "March 9th - Monday", "weight_id": "w_0239", "distance_weight": 0.5, "population_weight": 0.1, "traffic_weight": 0.1, "airspace_weight": 0.3, "path_nodes": 67, "path_node_ids": [8877, 8879, 8896, 8900, 8924, 8930, 10012, 10015, 10019, 10053, 10057, 10054, 10061, 10051, 10049, 10048, 10050, 10254, 10259, 10282, 10289, 10294, 10281, 10292, 10293, 10304, 10303, 10302, 10315, 10316, 10317, 10314, 10207, 10206, 10204, 10205, 10323, 10324, 10322, 10325, 2520, 2521, 2519, 2510, 2512, 2513, 2511, 2302, 2300, 2301, 2307, 2491, 2492, 2818, 2496, 2507, 2506, 2828, 2505, 2809, 2811, 2810, 2728, 2730, 2731, 2729, 2715], "elapsed_seconds": 0.01386939999065362, "status": "success", "failure_reason": "", "route_distance_km": 46.688245972648126, "distance_cost_sum": 51.38343398659848, "population_cost_sum": 20.811769228943916, "traffic_cost_sum": 11.66994454850107, "airspace_cost_sum": 23.2, "total_weighted_score": 35.899888371043744}, "geometry": {"type": "LineString", "coordinates": [[-89.83272609742262, 38.54503213945896], [-89.83825778508921, 38.54968628939868], [-89.84379018463301, 38.55434020475587], [-89.84932329623358, 38.558993885398685], [-89.85485712007056, 38.56364733119524], [-89.86039165632353, 38.56830054201366], [-89.86592690517212, 38.57295351772198], [-89.871462866796, 38.577606258188254], [-89.87699954137483, 38.582258763280514], [-89.88253692908823, 38.586911032866766], [-89.88807503011597, 38.59156306681497], [-89.89380792466403, 38.591715509561276], [-89.89934713930707, 38.59636705177409], [-89.90508047722643, 38.59651895818466], [-89.91081385831642, 38.59667058421835], [-89.91654728249756, 38.596821929868824], [-89.92228074969049, 38.59697299512966], [-89.92782227790734, 38.601623276602716], [-89.93336452008171, 38.60627332157674], [-89.93890747639323, 38.61092312991955], [-89.94445114702152, 38.615572701498955], [-89.95018625645967, 38.61572246055001], [-89.9559214084743, 38.61587193899423], [-89.9616566029858, 38.61602113682532], [-89.96739183991471, 38.61617005403699], [-89.97312711918148, 38.61631869062297], [-89.97886244070665, 38.616467046576965], [-89.9845978044106, 38.61661512189275], [-89.9903332102139, 38.61676291656407], [-89.99606865803695, 38.61691043058469], [-90.00180414780024, 38.61705766394838], [-90.00753967942423, 38.617204616648934], [-90.01327525282936, 38.61735128868017], [-90.01901086793612, 38.61749768003589], [-90.02474652466493, 38.617643790709906], [-90.03048222293627, 38.617789620696094], [-90.03621796267052, 38.617935169988264], [-90.0419537437882, 38.61808043858029], [-90.04768956620967, 38.61822542646607], [-90.05342542985542, 38.61837013363945], [-90.05916133464585, 38.61851456009435], [-90.06489728050143, 38.618658705824664], [-90.07063326734246, 38.618802570824315], [-90.07636929508949, 38.61894615508724], [-90.08210536366288, 38.61908945860739], [-90.087841472983, 38.61923248137871], [-90.09357762297034, 38.61937522339516], [-90.09931381354528, 38.61951768465076], [-90.10505004462816, 38.61965986513943], [-90.11078631613944, 38.61980176485522], [-90.11634226958749, 38.624443634935055], [-90.1220789793104, 38.62458499570804], [-90.12781572923257, 38.62472607564535], [-90.13337319363258, 38.629367189437694], [-90.13911038141684, 38.62950773017495], [-90.14484760917111, 38.62964799001386], [-90.15058487681573, 38.629787968948484], [-90.156322184271, 38.62992766697294], [-90.16205953145733, 38.63006708408134], [-90.16779691829495, 38.630206220267794], [-90.17353434470424, 38.6303450755264], [-90.17927181060547, 38.63048364985134], [-90.185009315919, 38.63062194323676], [-90.1907468605651, 38.6307599556768], [-90.1964844444641, 38.63089768716567], [-90.2022220675363, 38.63103513769752], [-90.20795972970198, 38.63117230726659]]}}, {"type": "Feature", "properties": {"route_run_id": "stl_midamerica_to_st_louis_union_station_2026-03-09_0273", "route_pair": "midamerica_to_st_louis_union_station", "route_pair_label": "MidAmerica to St. Louis Union Station", "origin_label": "MidAmerica St. Louis Airport", "destination_label": "St. Louis Union Station", "origin_lat": 38.5451731, "origin_lon": -89.8351856, "destination_lat": 38.629167, "destination_lon": -90.2075, "traffic_date": "2026-03-09", "traffic_dataset": "March 9th - Monday", "weight_id": "w_0273", "distance_weight": 0.7, "population_weight": 0.1, "traffic_weight": 0.1, "airspace_weight": 0.1, "path_nodes": 67, "path_node_ids": [8877, 8879, 8896, 8900, 8924, 8930, 10012, 10015, 10019, 10053, 10057, 10054, 10061, 10051, 10049, 10048, 10050, 10254, 10259, 10282, 10289, 10294, 10281, 10292, 10293, 10304, 10303, 10302, 10315, 10316, 10317, 10314, 10207, 10206, 10204, 10205, 10323, 10324, 10322, 10325, 2520, 2521, 2519, 2510, 2512, 2513, 2511, 2302, 2300, 2301, 2307, 2491, 2492, 2818, 2496, 2507, 2506, 2828, 2505, 2809, 2811, 2810, 2728, 2730, 2731, 2729, 2715], "elapsed_seconds": 0.009370500018121675, "status": "success", "failure_reason": "", "route_distance_km": 46.688245972648126, "distance_cost_sum": 51.38343398659848, "population_cost_sum": 20.811769228943916, "traffic_cost_sum": 11.66994454850107, "airspace_cost_sum": 23.2, "total_weighted_score": 41.536575168363434}, "geometry": {"type": "LineString", "coordinates": [[-89.83272609742262, 38.54503213945896], [-89.83825778508921, 38.54968628939868], [-89.84379018463301, 38.55434020475587], [-89.84932329623358, 38.558993885398685], [-89.85485712007056, 38.56364733119524], [-89.86039165632353, 38.56830054201366], [-89.86592690517212, 38.57295351772198], [-89.871462866796, 38.577606258188254], [-89.87699954137483, 38.582258763280514], [-89.88253692908823, 38.586911032866766], [-89.88807503011597, 38.59156306681497], [-89.89380792466403, 38.591715509561276], [-89.89934713930707, 38.59636705177409], [-89.90508047722643, 38.59651895818466], [-89.91081385831642, 38.59667058421835], [-89.91654728249756, 38.596821929868824], [-89.92228074969049, 38.59697299512966], [-89.92782227790734, 38.601623276602716], [-89.93336452008171, 38.60627332157674], [-89.93890747639323, 38.61092312991955], [-89.94445114702152, 38.615572701498955], [-89.95018625645967, 38.61572246055001], [-89.9559214084743, 38.61587193899423], [-89.9616566029858, 38.61602113682532], [-89.96739183991471, 38.61617005403699], [-89.97312711918148, 38.61631869062297], [-89.97886244070665, 38.616467046576965], [-89.9845978044106, 38.61661512189275], [-89.9903332102139, 38.61676291656407], [-89.99606865803695, 38.61691043058469], [-90.00180414780024, 38.61705766394838], [-90.00753967942423, 38.617204616648934], [-90.01327525282936, 38.61735128868017], [-90.01901086793612, 38.61749768003589], [-90.02474652466493, 38.617643790709906], [-90.03048222293627, 38.617789620696094], [-90.03621796267052, 38.617935169988264], [-90.0419537437882, 38.61808043858029], [-90.04768956620967, 38.61822542646607], [-90.05342542985542, 38.61837013363945], [-90.05916133464585, 38.61851456009435], [-90.06489728050143, 38.618658705824664], [-90.07063326734246, 38.618802570824315], [-90.07636929508949, 38.61894615508724], [-90.08210536366288, 38.61908945860739], [-90.087841472983, 38.61923248137871], [-90.09357762297034, 38.61937522339516], [-90.09931381354528, 38.61951768465076], [-90.10505004462816, 38.61965986513943], [-90.11078631613944, 38.61980176485522], [-90.11634226958749, 38.624443634935055], [-90.1220789793104, 38.62458499570804], [-90.12781572923257, 38.62472607564535], [-90.13337319363258, 38.629367189437694], [-90.13911038141684, 38.62950773017495], [-90.14484760917111, 38.62964799001386], [-90.15058487681573, 38.629787968948484], [-90.156322184271, 38.62992766697294], [-90.16205953145733, 38.63006708408134], [-90.16779691829495, 38.630206220267794], [-90.17353434470424, 38.6303450755264], [-90.17927181060547, 38.63048364985134], [-90.185009315919, 38.63062194323676], [-90.1907468605651, 38.6307599556768], [-90.1964844444641, 38.63089768716567], [-90.2022220675363, 38.63103513769752], [-90.20795972970198, 38.63117230726659]]}}, {"type": "Feature", "properties": {"route_run_id": "stl_midamerica_to_st_louis_union_station_2026-03-09_0074", "route_pair": "midamerica_to_st_louis_union_station", "route_pair_label": "MidAmerica to St. Louis Union Station", "origin_label": "MidAmerica St. Louis Airport", "destination_label": "St. Louis Union Station", "origin_lat": 38.5451731, "origin_lon": -89.8351856, "destination_lat": 38.629167, "destination_lon": -90.2075, "traffic_date": "2026-03-09", "traffic_dataset": "March 9th - Monday", "weight_id": "w_0074", "distance_weight": 0.1, "population_weight": 0.0, "traffic_weight": 0.7, "airspace_weight": 0.2, "path_nodes": 67, "path_node_ids": [8877, 8876, 8892, 8897, 8899, 8926, 9788, 10013, 10014, 10036, 10052, 10054, 10061, 10051, 10049, 10048, 10050, 10253, 10252, 10241, 10240, 10248, 10246, 10247, 10245, 10231, 10230, 10262, 10150, 10148, 10149, 10151, 10161, 10156, 10154, 10155, 10162, 10164, 10163, 10165, 2244, 2246, 2268, 2278, 2283, 2508, 2286, 2298, 2300, 2304, 2531, 2819, 2820, 2822, 2825, 2836, 2848, 2850, 2837, 2859, 2858, 2815, 2759, 2734, 2731, 2729, 2715], "elapsed_seconds": 0.035207999986596406, "status": "success", "failure_reason": "", "route_distance_km": 48.81678601447848, "distance_cost_sum": 53.726029953713976, "population_cost_sum": 28.570091945307983, "traffic_cost_sum": 5.278783894524551, "airspace_cost_sum": 22.6, "total_weighted_score": 13.587751721538588}, "geometry": {"type": "LineString", "coordinates": [[-89.83272609742262, 38.54503213945896], [-89.83845499191484, 38.54518713674757], [-89.84398707949187, 38.54984103165108], [-89.84951987896733, 38.55449469187918], [-89.85505339052077, 38.559148117300026], [-89.86058761433173, 38.563801307781745], [-89.86612255057987, 38.568454263192415], [-89.87165819944471, 38.57310698340007], [-89.87719456110594, 38.577759468272795], [-89.88273163574308, 38.582411717678575], [-89.88826942353593, 38.58706373148541], [-89.89380792466403, 38.591715509561276], [-89.89934713930707, 38.59636705177409], [-89.90508047722643, 38.59651895818466], [-89.91081385831642, 38.59667058421835], [-89.91654728249756, 38.596821929868824], [-89.92228074969049, 38.59697299512966], [-89.92801425981584, 38.59712377999449], [-89.93374781279411, 38.597274284457015], [-89.93948140854593, 38.5974245085108], [-89.94521504699188, 38.5975744521496], [-89.95094872805251, 38.59772411536704], [-89.95668245164843, 38.59787349815684], [-89.96241621770018, 38.59802260051268], [-89.96815002612831, 38.59817142242828], [-89.9738838768534, 38.59831996389739], [-89.97961776979602, 38.59846822491371], [-89.98535170487666, 38.59861620547102], [-89.99108568201598, 38.59876390556306], [-89.99681970113441, 38.59891132518362], [-90.00255376215256, 38.59905846432648], [-90.00828786499093, 38.59920532298544], [-90.01402200957008, 38.5993519011543], [-90.01994242379944, 38.594998317950704], [-90.02567629459381, 38.59514431175206], [-90.03141020688051, 38.59529002508962], [-90.03714416058007, 38.595435457957215], [-90.04287815561301, 38.59558061034875], [-90.04861219189988, 38.59572548225811], [-90.0543462693612, 38.59587007367915], [-90.06008038791752, 38.59601438460579], [-90.06581454748931, 38.596158415031965], [-90.07136573361876, 38.60080225453393], [-90.07691763405278, 38.60544585525359], [-90.08247024897021, 38.61008921705863], [-90.08802357854981, 38.61473233981663], [-90.09375937107193, 38.61487505899075], [-90.09949520417183, 38.615017497448825], [-90.10505004462816, 38.61965986513943], [-90.1106056001435, 38.62430199333239], [-90.11616187089658, 38.62894388189524], [-90.12171885706623, 38.633585530695484], [-90.12745632243416, 38.63372665579325], [-90.13319382794117, 38.633867499959656], [-90.13875232561846, 38.63850839203032], [-90.144490269036, 38.638648696766005], [-90.15004988039681, 38.64328909003685], [-90.15578826152439, 38.64342885514139], [-90.16152668241186, 38.64356833919522], [-90.16726514297947, 38.64370754219247], [-90.17300364314747, 38.64384646412727], [-90.17891876485407, 38.63948462409952], [-90.18465698596519, 38.639622961753446], [-90.19057107312773, 38.63526048909833], [-90.1964844444641, 38.63089768716567], [-90.2022220675363, 38.63103513769752], [-90.20795972970198, 38.63117230726659]]}}, {"type": "Feature", "properties": {"route_run_id": "stl_midamerica_to_st_louis_union_station_2026-03-09_0082", "route_pair": "midamerica_to_st_louis_union_station", "route_pair_label": "MidAmerica to St. Louis Union Station", "origin_label": "MidAmerica St. Louis Airport", "destination_label": "St. Louis Union Station", "origin_lat": 38.5451731, "origin_lon": -89.8351856, "destination_lat": 38.629167, "destination_lon": -90.2075, "traffic_date": "2026-03-09", "traffic_dataset": "March 9th - Monday", "weight_id": "w_0082", "distance_weight": 0.1, "population_weight": 0.1, "traffic_weight": 0.5, "airspace_weight": 0.3, "path_nodes": 68, "path_node_ids": [8877, 8881, 8904, 8922, 8923, 8927, 9145, 10016, 10018, 10062, 10055, 10058, 10094, 10096, 10103, 10104, 10110, 10109, 10516, 10512, 10290, 10289, 10294, 10281, 10292, 10293, 10304, 10303, 10302, 10315, 10316, 10317, 10314, 10207, 10206, 10204, 10205, 10189, 10190, 10322, 10327, 2548, 2550, 2556, 2549, 2542, 2540, 2539, 2533, 2536, 2562, 2566, 2844, 2842, 2838, 2827, 2836, 2848, 2850, 2837, 2859, 2858, 2860, 2759, 2734, 2731, 2729, 2715], "elapsed_seconds": 0.03784800000721589, "status": "success", "failure_reason": "", "route_distance_km": 52.39778330524177, "distance_cost_sum": 57.66714905259638, "population_cost_sum": 15.391409822512792, "traffic_cost_sum": 5.390001868632106, "airspace_cost_sum": 23.8, "total_weighted_score": 17.140856821826972}, "geometry": {"type": "LineString", "coordinates": [[-89.83272609742262, 38.54503213945896], [-89.83252853470323, 38.54953126729425], [-89.83806053424684, 38.55418543772932], [-89.84359324582596, 38.558839373542895], [-89.84912666962028, 38.563493074603095], [-89.85466080580946, 38.568146540778045], [-89.86019565457306, 38.572799771935806], [-89.86573121609086, 38.57745276794444], [-89.87126749054252, 38.58210552867199], [-89.8768044781077, 38.58675805398646], [-89.88234217896623, 38.591410343755804], [-89.8878805932977, 38.59606239784802], [-89.89341972128202, 38.600714216131045], [-89.89895956309883, 38.60536579847276], [-89.90450011892796, 38.61001714474108], [-89.91004138894921, 38.614668254803874], [-89.9155833733424, 38.61931912852895], [-89.92131862594731, 38.619470314708934], [-89.9268617252078, 38.624120695492145], [-89.93278926003055, 38.619771845202735], [-89.93852464134986, 38.619922189503846], [-89.94445114702152, 38.615572701498955], [-89.95018625645967, 38.61572246055001], [-89.9559214084743, 38.61587193899423], [-89.9616566029858, 38.61602113682532], [-89.96739183991471, 38.61617005403699], [-89.97312711918148, 38.61631869062297], [-89.97886244070665, 38.616467046576965], [-89.9845978044106, 38.61661512189275], [-89.9903332102139, 38.61676291656407], [-89.99606865803695, 38.61691043058469], [-90.00180414780024, 38.61705766394838], [-90.00753967942423, 38.617204616648934], [-90.01327525282936, 38.61735128868017], [-90.01901086793612, 38.61749768003589], [-90.02474652466493, 38.617643790709906], [-90.03048222293627, 38.617789620696094], [-90.03640328497923, 38.613435236024664], [-90.04213870872088, 38.61358048137086], [-90.04768956620967, 38.61822542646607], [-90.05324113855997, 38.6228701329926], [-90.0587934259509, 38.627514600818145], [-90.06434642856152, 38.63215882981023], [-90.0699001465709, 38.63680281983647], [-90.07582058868887, 38.63244641710234], [-90.08155773007638, 38.632589789435436], [-90.08747713983809, 38.62823275191331], [-90.09321400499459, 38.62837553962287], [-90.09876939857845, 38.63301822111036], [-90.10432550767948, 38.63766066307442], [-90.10988233247663, 38.6423028653825], [-90.11543987314892, 38.64694482790208], [-90.12117837203515, 38.64708630182135], [-90.12691691116937, 38.64722749468063], [-90.13283497637043, 38.64286810847808], [-90.13857323774008, 38.64300871669927], [-90.144490269036, 38.638648696766005], [-90.15004988039681, 38.64328909003685], [-90.15578826152439, 38.64342885514139], [-90.16152668241186, 38.64356833919522], [-90.16726514297947, 38.64370754219247], [-90.17300364314747, 38.64384646412727], [-90.17874218283609, 38.64398510499372], [-90.18465698596519, 38.639622961753446], [-90.19057107312773, 38.63526048909833], [-90.1964844444641, 38.63089768716567], [-90.2022220675363, 38.63103513769752], [-90.20795972970198, 38.63117230726659]]}}, {"type": "Feature", "properties": {"route_run_id": "stl_midamerica_to_st_louis_union_station_2026-03-09_0213", "route_pair": "midamerica_to_st_louis_union_station", "route_pair_label": "MidAmerica to St. Louis Union Station", "origin_label": "MidAmerica St. Louis Airport", "destination_label": "St. Louis Union Station", "origin_lat": 38.5451731, "origin_lon": -89.8351856, "destination_lat": 38.629167, "destination_lon": -90.2075, "traffic_date": "2026-03-09", "traffic_dataset": "March 9th - Monday", "weight_id": "w_0213", "distance_weight": 0.4, "population_weight": 0.1, "traffic_weight": 0.2, "airspace_weight": 0.3, "path_nodes": 67, "path_node_ids": [8877, 8879, 8896, 8900, 8924, 8930, 10012, 10015, 10019, 10053, 10057, 10054, 10061, 10051, 10049, 10048, 10050, 10253, 10252, 10241, 10240, 10248, 10246, 10247, 10245, 10231, 10230, 10262, 10150, 10148, 10149, 10151, 10161, 10159, 10158, 10160, 10166, 10168, 10167, 10169, 2247, 2272, 2274, 2285, 2283, 2508, 2286, 2298, 2300, 2301, 2307, 2491, 2492, 2818, 2496, 2507, 2506, 2828, 2505, 2809, 2811, 2810, 2728, 2730, 2731, 2729, 2715], "elapsed_seconds": 0.017929800000274554, "status": "success", "failure_reason": "", "route_distance_km": 46.684295944844735, "distance_cost_sum": 51.37908672555552, "population_cost_sum": 25.66885129598852, "traffic_cost_sum": 9.355614531175556, "airspace_cost_sum": 22.6, "total_weighted_score": 31.769642726056176}, "geometry": {"type": "LineString", "coordinates": [[-89.83272609742262, 38.54503213945896], [-89.83825778508921, 38.54968628939868], [-89.84379018463301, 38.55434020475587], [-89.84932329623358, 38.558993885398685], [-89.85485712007056, 38.56364733119524], [-89.86039165632353, 38.56830054201366], [-89.86592690517212, 38.57295351772198], [-89.871462866796, 38.577606258188254], [-89.87699954137483, 38.582258763280514], [-89.88253692908823, 38.586911032866766], [-89.88807503011597, 38.59156306681497], [-89.89380792466403, 38.591715509561276], [-89.89934713930707, 38.59636705177409], [-89.90508047722643, 38.59651895818466], [-89.91081385831642, 38.59667058421835], [-89.91654728249756, 38.596821929868824], [-89.92228074969049, 38.59697299512966], [-89.92801425981584, 38.59712377999449], [-89.93374781279411, 38.597274284457015], [-89.93948140854593, 38.5974245085108], [-89.94521504699188, 38.5975744521496], [-89.95094872805251, 38.59772411536704], [-89.95668245164843, 38.59787349815684], [-89.96241621770018, 38.59802260051268], [-89.96815002612831, 38.59817142242828], [-89.9738838768534, 38.59831996389739], [-89.97961776979602, 38.59846822491371], [-89.98535170487666, 38.59861620547102], [-89.99108568201598, 38.59876390556306], [-89.99681970113441, 38.59891132518362], [-90.00255376215256, 38.59905846432648], [-90.00828786499093, 38.59920532298544], [-90.01402200957008, 38.5993519011543], [-90.01975619581054, 38.599498198826886], [-90.02549042363282, 38.599644215997024], [-90.03122469295744, 38.59978995265856], [-90.03695900370492, 38.599935408805365], [-90.0426933557958, 38.60008058443128], [-90.04842774915056, 38.600225479530216], [-90.05416218368977, 38.60037009409603], [-90.05989665933384, 38.60051442812264], [-90.06544776357148, 38.60515854396957], [-90.07099958225297, 38.609802421087586], [-90.07673489520826, 38.60994595939966], [-90.08247024897021, 38.61008921705863], [-90.08802357854981, 38.61473233981663], [-90.09375937107193, 38.61487505899075], [-90.09949520417183, 38.615017497448825], [-90.10505004462816, 38.61965986513943], [-90.11078631613944, 38.61980176485522], [-90.11634226958749, 38.624443634935055], [-90.1220789793104, 38.62458499570804], [-90.12781572923257, 38.62472607564535], [-90.13337319363258, 38.629367189437694], [-90.13911038141684, 38.62950773017495], [-90.14484760917111, 38.62964799001386], [-90.15058487681573, 38.629787968948484], [-90.156322184271, 38.62992766697294], [-90.16205953145733, 38.63006708408134], [-90.16779691829495, 38.630206220267794], [-90.17353434470424, 38.6303450755264], [-90.17927181060547, 38.63048364985134], [-90.185009315919, 38.63062194323676], [-90.1907468605651, 38.6307599556768], [-90.1964844444641, 38.63089768716567], [-90.2022220675363, 38.63103513769752], [-90.20795972970198, 38.63117230726659]]}}, {"type": "Feature", "properties": {"route_run_id": "stl_midamerica_to_st_louis_union_station_2026-03-09_0226", "route_pair": "midamerica_to_st_louis_union_station", "route_pair_label": "MidAmerica to St. Louis Union Station", "origin_label": "MidAmerica St. Louis Airport", "destination_label": "St. Louis Union Station", "origin_lat": 38.5451731, "origin_lon": -89.8351856, "destination_lat": 38.629167, "destination_lon": -90.2075, "traffic_date": "2026-03-09", "traffic_dataset": "March 9th - Monday", "weight_id": "w_0226", "distance_weight": 0.4, "population_weight": 0.4, "traffic_weight": 0.0, "airspace_weight": 0.2, "path_nodes": 68, "path_node_ids": [8877, 8881, 8904, 8922, 8923, 8927, 9145, 10016, 10018, 10062, 10055, 10058, 10094, 10096, 10103, 10104, 10110, 10109, 10516, 10515, 10514, 10517, 10522, 10299, 10300, 10301, 10309, 10308, 10310, 10343, 10345, 10344, 10342, 10355, 10210, 10208, 10209, 10326, 10328, 10329, 10327, 2522, 2524, 2523, 2514, 2517, 2515, 2516, 2530, 2534, 2532, 2558, 2840, 2839, 2838, 2827, 2849, 2848, 2850, 2837, 2859, 2858, 2860, 2763, 2762, 2737, 2732, 2715], "elapsed_seconds": 0.019938499986892566, "status": "success", "failure_reason": "", "route_distance_km": 49.20045512079, "distance_cost_sum": 54.14828261680189, "population_cost_sum": 14.193327193589042, "traffic_cost_sum": 13.706437159353971, "airspace_cost_sum": 23.2, "total_weighted_score": 31.97664392415638}, "geometry": {"type": "LineString", "coordinates": [[-89.83272609742262, 38.54503213945896], [-89.83252853470323, 38.54953126729425], [-89.83806053424684, 38.55418543772932], [-89.84359324582596, 38.558839373542895], [-89.84912666962028, 38.563493074603095], [-89.85466080580946, 38.568146540778045], [-89.86019565457306, 38.572799771935806], [-89.86573121609086, 38.57745276794444], [-89.87126749054252, 38.58210552867199], [-89.8768044781077, 38.58675805398646], [-89.88234217896623, 38.591410343755804], [-89.8878805932977, 38.59606239784802], [-89.89341972128202, 38.600714216131045], [-89.89895956309883, 38.60536579847276], [-89.90450011892796, 38.61001714474108], [-89.91004138894921, 38.614668254803874], [-89.9155833733424, 38.61931912852895], [-89.92131862594731, 38.619470314708934], [-89.9268617252078, 38.624120695492145], [-89.93259742104341, 38.62427134452904], [-89.93833315971467, 38.6244217128885], [-89.94406894114202, 38.62457180056415], [-89.94980476524591, 38.62472160754967], [-89.95554063194687, 38.62487113383877], [-89.96127654116528, 38.62502037942509], [-89.96701249282155, 38.625169344302385], [-89.97274848683627, 38.62531802846435], [-89.97848452312972, 38.62546643190471], [-89.98422060162243, 38.625614554617215], [-89.98995672223481, 38.62576239659562], [-89.9956928848873, 38.625909957833684], [-90.00142908950032, 38.62605723832518], [-90.00716533599429, 38.6262042380639], [-90.01290162428964, 38.62635095704363], [-90.01882443193752, 38.62199753976251], [-90.0245604460918, 38.62214367381969], [-90.03029650179865, 38.62228952714421], [-90.03603259897847, 38.622435099729884], [-90.04176873755169, 38.622580391570615], [-90.04750491743872, 38.62272540266021], [-90.05324113855997, 38.6228701329926], [-90.0589774008359, 38.62301458256169], [-90.06471370418684, 38.62315875136136], [-90.07045004853325, 38.62330263938551], [-90.07618643379548, 38.623446246628106], [-90.08192285989396, 38.62358957308307], [-90.08765932674906, 38.623732618744384], [-90.09339583428118, 38.623875383605984], [-90.09895091075838, 38.62851804648185], [-90.10450670259345, 38.633160469873815], [-90.1102440470662, 38.63330243772981], [-90.11580095263906, 38.63794436326609], [-90.12135857394713, 38.64258604896054], [-90.12709675507955, 38.642727219229855], [-90.13283497637043, 38.64286810847808], [-90.13857323774008, 38.64300871669927], [-90.14431153910874, 38.643149043887504], [-90.15004988039681, 38.64328909003685], [-90.15578826152439, 38.64342885514139], [-90.16152668241186, 38.64356833919522], [-90.16726514297947, 38.64370754219247], [-90.17300364314747, 38.64384646412727], [-90.17874218283609, 38.64398510499372], [-90.18448076196563, 38.64412346478601], [-90.19021938045634, 38.644261543498274], [-90.19613354616266, 38.639898793950096], [-90.20204699586435, 38.63553571516044], [-90.20795972970198, 38.63117230726659]]}}, {"type": "Feature", "properties": {"route_run_id": "stl_midamerica_to_st_louis_union_station_2026-03-09_0087", "route_pair": "midamerica_to_st_louis_union_station", "route_pair_label": "MidAmerica to St. Louis Union Station", "origin_label": "MidAmerica St. Louis Airport", "destination_label": "St. Louis Union Station", "origin_lat": 38.5451731, "origin_lon": -89.8351856, "destination_lat": 38.629167, "destination_lon": -90.2075, "traffic_date": "2026-03-09", "traffic_dataset": "March 9th - Monday", "weight_id": "w_0087", "distance_weight": 0.1, "population_weight": 0.2, "traffic_weight": 0.1, "airspace_weight": 0.6, "path_nodes": 68, "path_node_ids": [8877, 8881, 8904, 8922, 8923, 8927, 9145, 10016, 10018, 10062, 10055, 10058, 10094, 10096, 10103, 10104, 10110, 10109, 10516, 10512, 10290, 10289, 10294, 10281, 10292, 10293, 10304, 10303, 10302, 10315, 10316, 10317, 10314, 10207, 10206, 10204, 10205, 10323, 10328, 10329, 10327, 2522, 2524, 2523, 2514, 2512, 2513, 2286, 2298, 2300, 2301, 2307, 2495, 2820, 2823, 2827, 2849, 2848, 2850, 2837, 2859, 2858, 2863, 2763, 2758, 2733, 2729, 2715], "elapsed_seconds": 0.04079739999724552, "status": "success", "failure_reason": "", "route_distance_km": 51.33027476792323, "distance_cost_sum": 56.49228687230432, "population_cost_sum": 14.587726421308098, "traffic_cost_sum": 9.72220128575922, "airspace_cost_sum": 22.6, "total_weighted_score": 23.098994100067983}, "geometry": {"type": "LineString", "coordinates": [[-89.83272609742262, 38.54503213945896], [-89.83252853470323, 38.54953126729425], [-89.83806053424684, 38.55418543772932], [-89.84359324582596, 38.558839373542895], [-89.84912666962028, 38.563493074603095], [-89.85466080580946, 38.568146540778045], [-89.86019565457306, 38.572799771935806], [-89.86573121609086, 38.57745276794444], [-89.87126749054252, 38.58210552867199], [-89.8768044781077, 38.58675805398646], [-89.88234217896623, 38.591410343755804], [-89.8878805932977, 38.59606239784802], [-89.89341972128202, 38.600714216131045], [-89.89895956309883, 38.60536579847276], [-89.90450011892796, 38.61001714474108], [-89.91004138894921, 38.614668254803874], [-89.9155833733424, 38.61931912852895], [-89.92131862594731, 38.619470314708934], [-89.9268617252078, 38.624120695492145], [-89.93278926003055, 38.619771845202735], [-89.93852464134986, 38.619922189503846], [-89.94445114702152, 38.615572701498955], [-89.95018625645967, 38.61572246055001], [-89.9559214084743, 38.61587193899423], [-89.9616566029858, 38.61602113682532], [-89.96739183991471, 38.61617005403699], [-89.97312711918148, 38.61631869062297], [-89.97886244070665, 38.616467046576965], [-89.9845978044106, 38.61661512189275], [-89.9903332102139, 38.61676291656407], [-89.99606865803695, 38.61691043058469], [-90.00180414780024, 38.61705766394838], [-90.00753967942423, 38.617204616648934], [-90.01327525282936, 38.61735128868017], [-90.01901086793612, 38.61749768003589], [-90.02474652466493, 38.617643790709906], [-90.03048222293627, 38.617789620696094], [-90.03621796267052, 38.617935169988264], [-90.04176873755169, 38.622580391570615], [-90.04750491743872, 38.62272540266021], [-90.05324113855997, 38.6228701329926], [-90.0589774008359, 38.62301458256169], [-90.06471370418684, 38.62315875136136], [-90.07045004853325, 38.62330263938551], [-90.07618643379548, 38.623446246628106], [-90.08210536366288, 38.61908945860739], [-90.087841472983, 38.61923248137871], [-90.09375937107193, 38.61487505899075], [-90.09949520417183, 38.615017497448825], [-90.10505004462816, 38.61965986513943], [-90.11078631613944, 38.61980176485522], [-90.11634226958749, 38.624443634935055], [-90.12189893829279, 38.62908526529191], [-90.12745632243416, 38.63372665579325], [-90.13301442219031, 38.63836780630655], [-90.13857323774008, 38.64300871669927], [-90.14431153910874, 38.643149043887504], [-90.15004988039681, 38.64328909003685], [-90.15578826152439, 38.64342885514139], [-90.16152668241186, 38.64356833919522], [-90.16726514297947, 38.64370754219247], [-90.17300364314747, 38.64384646412727], [-90.17856556137721, 38.64848558173427], [-90.18448076196563, 38.64412346478601], [-90.19039524642797, 38.63976101837225], [-90.19630901490473, 38.63539824263034], [-90.2022220675363, 38.63103513769752], [-90.20795972970198, 38.63117230726659]]}}, {"type": "Feature", "properties": {"route_run_id": "stl_midamerica_to_st_louis_union_station_2026-03-09_0128", "route_pair": "midamerica_to_st_louis_union_station", "route_pair_label": "MidAmerica to St. Louis Union Station", "origin_label": "MidAmerica St. Louis Airport", "destination_label": "St. Louis Union Station", "origin_lat": 38.5451731, "origin_lon": -89.8351856, "destination_lat": 38.629167, "destination_lon": -90.2075, "traffic_date": "2026-03-09", "traffic_dataset": "March 9th - Monday", "weight_id": "w_0128", "distance_weight": 0.2, "population_weight": 0.0, "traffic_weight": 0.6, "airspace_weight": 0.2, "path_nodes": 67, "path_node_ids": [8877, 8876, 8892, 8897, 8899, 8926, 9788, 10013, 10014, 10036, 10052, 10054, 10061, 10051, 10049, 10048, 10050, 10253, 10252, 10241, 10240, 10248, 10246, 10247, 10245, 10231, 10230, 10262, 10150, 10148, 10149, 10151, 10161, 10156, 10154, 10155, 10162, 10164, 10163, 10165, 2244, 2246, 2268, 2278, 2283, 2508, 2286, 2298, 2300, 2304, 2531, 2819, 2820, 2822, 2825, 2836, 2848, 2850, 2837, 2859, 2858, 2815, 2759, 2734, 2731, 2729, 2715], "elapsed_seconds": 0.02567299999645911, "status": "success", "failure_reason": "", "route_distance_km": 48.81678601447848, "distance_cost_sum": 53.726029953713976, "population_cost_sum": 28.570091945307983, "traffic_cost_sum": 5.278783894524551, "airspace_cost_sum": 22.6, "total_weighted_score": 18.43247632745753}, "geometry": {"type": "LineString", "coordinates": [[-89.83272609742262, 38.54503213945896], [-89.83845499191484, 38.54518713674757], [-89.84398707949187, 38.54984103165108], [-89.84951987896733, 38.55449469187918], [-89.85505339052077, 38.559148117300026], [-89.86058761433173, 38.563801307781745], [-89.86612255057987, 38.568454263192415], [-89.87165819944471, 38.57310698340007], [-89.87719456110594, 38.577759468272795], [-89.88273163574308, 38.582411717678575], [-89.88826942353593, 38.58706373148541], [-89.89380792466403, 38.591715509561276], [-89.89934713930707, 38.59636705177409], [-89.90508047722643, 38.59651895818466], [-89.91081385831642, 38.59667058421835], [-89.91654728249756, 38.596821929868824], [-89.92228074969049, 38.59697299512966], [-89.92801425981584, 38.59712377999449], [-89.93374781279411, 38.597274284457015], [-89.93948140854593, 38.5974245085108], [-89.94521504699188, 38.5975744521496], [-89.95094872805251, 38.59772411536704], [-89.95668245164843, 38.59787349815684], [-89.96241621770018, 38.59802260051268], [-89.96815002612831, 38.59817142242828], [-89.9738838768534, 38.59831996389739], [-89.97961776979602, 38.59846822491371], [-89.98535170487666, 38.59861620547102], [-89.99108568201598, 38.59876390556306], [-89.99681970113441, 38.59891132518362], [-90.00255376215256, 38.59905846432648], [-90.00828786499093, 38.59920532298544], [-90.01402200957008, 38.5993519011543], [-90.01994242379944, 38.594998317950704], [-90.02567629459381, 38.59514431175206], [-90.03141020688051, 38.59529002508962], [-90.03714416058007, 38.595435457957215], [-90.04287815561301, 38.59558061034875], [-90.04861219189988, 38.59572548225811], [-90.0543462693612, 38.59587007367915], [-90.06008038791752, 38.59601438460579], [-90.06581454748931, 38.596158415031965], [-90.07136573361876, 38.60080225453393], [-90.07691763405278, 38.60544585525359], [-90.08247024897021, 38.61008921705863], [-90.08802357854981, 38.61473233981663], [-90.09375937107193, 38.61487505899075], [-90.09949520417183, 38.615017497448825], [-90.10505004462816, 38.61965986513943], [-90.1106056001435, 38.62430199333239], [-90.11616187089658, 38.62894388189524], [-90.12171885706623, 38.633585530695484], [-90.12745632243416, 38.63372665579325], [-90.13319382794117, 38.633867499959656], [-90.13875232561846, 38.63850839203032], [-90.144490269036, 38.638648696766005], [-90.15004988039681, 38.64328909003685], [-90.15578826152439, 38.64342885514139], [-90.16152668241186, 38.64356833919522], [-90.16726514297947, 38.64370754219247], [-90.17300364314747, 38.64384646412727], [-90.17891876485407, 38.63948462409952], [-90.18465698596519, 38.639622961753446], [-90.19057107312773, 38.63526048909833], [-90.1964844444641, 38.63089768716567], [-90.2022220675363, 38.63103513769752], [-90.20795972970198, 38.63117230726659]]}}, {"type": "Feature", "properties": {"route_run_id": "stl_midamerica_to_st_louis_union_station_2026-03-09_0256", "route_pair": "midamerica_to_st_louis_union_station", "route_pair_label": "MidAmerica to St. Louis Union Station", "origin_label": "MidAmerica St. Louis Airport", "destination_label": "St. Louis Union Station", "origin_lat": 38.5451731, "origin_lon": -89.8351856, "destination_lat": 38.629167, "destination_lon": -90.2075, "traffic_date": "2026-03-09", "traffic_dataset": "March 9th - Monday", "weight_id": "w_0256", "distance_weight": 0.6, "population_weight": 0.0, "traffic_weight": 0.3, "airspace_weight": 0.1, "path_nodes": 67, "path_node_ids": [8877, 8876, 8868, 8869, 8894, 8895, 9784, 9787, 9789, 9809, 10034, 10037, 10041, 10047, 10045, 10044, 10046, 10239, 10237, 10236, 10238, 10243, 10244, 10242, 10221, 10227, 10229, 10228, 10146, 10144, 10147, 10145, 10157, 10156, 10154, 10155, 10162, 10164, 10163, 10165, 2244, 2246, 2268, 2278, 2283, 2508, 2286, 2298, 2300, 2301, 2303, 2490, 2467, 2488, 2489, 2498, 2501, 2503, 2504, 2809, 2811, 2810, 2728, 2730, 2731, 2729, 2715], "elapsed_seconds": 0.009622100013075396, "status": "success", "failure_reason": "", "route_distance_km": 46.68135707175747, "distance_cost_sum": 51.37585230566829, "population_cost_sum": 30.49866861560067, "traffic_cost_sum": 7.034185855773664, "airspace_cost_sum": 26.8, "total_weighted_score": 35.61576714013307}, "geometry": {"type": "LineString", "coordinates": [[-89.83272609742262, 38.54503213945896], [-89.83845499191484, 38.54518713674757], [-89.84418393041321, 38.54534185422887], [-89.8499129128385, 38.54549629189633], [-89.85544580003071, 38.55014967657376], [-89.86097939916367, 38.55480282639009], [-89.86651371041694, 38.55945574121343], [-89.8720487339699, 38.56410842091185], [-89.87758447000219, 38.56876086535344], [-89.88312091869335, 38.57341307440625], [-89.88865808022288, 38.57806504793828], [-89.89419595477032, 38.582716785817546], [-89.89973454251535, 38.58736828791202], [-89.90527384363752, 38.59201955408966], [-89.91100686790415, 38.59217115585891], [-89.91673993525164, 38.59232247728969], [-89.9224730456005, 38.59247351837563], [-89.92820619887138, 38.59262427911033], [-89.93393939498483, 38.59277475948747], [-89.93967263386149, 38.59292495950068], [-89.945405915422, 38.59307487914367], [-89.95113923958688, 38.593224518410075], [-89.95687260627673, 38.5933738772936], [-89.96260601541215, 38.59352295578797], [-89.96833946691376, 38.59367175388689], [-89.9740729607021, 38.59382027158407], [-89.97980649669776, 38.593968508873274], [-89.98554007482124, 38.594116465748236], [-89.99127369499321, 38.59426414220273], [-89.99700735713421, 38.594411538230524], [-90.00274106116477, 38.59455865382544], [-90.00847480700546, 38.59470548898121], [-90.01420859457684, 38.5948520436917], [-90.01994242379944, 38.594998317950704], [-90.02567629459381, 38.59514431175206], [-90.03141020688051, 38.59529002508962], [-90.03714416058007, 38.595435457957215], [-90.04287815561301, 38.59558061034875], [-90.04861219189988, 38.59572548225811], [-90.0543462693612, 38.59587007367915], [-90.06008038791752, 38.59601438460579], [-90.06581454748931, 38.596158415031965], [-90.07136573361876, 38.60080225453393], [-90.07691763405278, 38.60544585525359], [-90.08247024897021, 38.61008921705863], [-90.08802357854981, 38.61473233981663], [-90.09375937107193, 38.61487505899075], [-90.09949520417183, 38.615017497448825], [-90.10505004462816, 38.61965986513943], [-90.11078631613944, 38.61980176485522], [-90.11652262799952, 38.61994338379215], [-90.12225898012872, 38.62008472194422], [-90.12799537244747, 38.620225779305486], [-90.13373180487615, 38.62036655586998], [-90.13946827733514, 38.62050705163176], [-90.14520478974481, 38.620647266584925], [-90.15076312932118, 38.625287586919086], [-90.15650007904509, 38.625427262589014], [-90.16223706849037, 38.62556665738775], [-90.16779691829495, 38.630206220267794], [-90.17353434470424, 38.6303450755264], [-90.17927181060547, 38.63048364985134], [-90.185009315919, 38.63062194323676], [-90.1907468605651, 38.6307599556768], [-90.1964844444641, 38.63089768716567], [-90.2022220675363, 38.63103513769752], [-90.20795972970198, 38.63117230726659]]}}, {"type": "Feature", "properties": {"route_run_id": "stl_midamerica_to_st_louis_union_station_2026-03-09_0282", "route_pair": "midamerica_to_st_louis_union_station", "route_pair_label": "MidAmerica to St. Louis Union Station", "origin_label": "MidAmerica St. Louis Airport", "destination_label": "St. Louis Union Station", "origin_lat": 38.5451731, "origin_lon": -89.8351856, "destination_lat": 38.629167, "destination_lon": -90.2075, "traffic_date": "2026-03-09", "traffic_dataset": "March 9th - Monday", "weight_id": "w_0282", "distance_weight": 0.8, "population_weight": 0.1, "traffic_weight": 0.1, "airspace_weight": 0.0, "path_nodes": 67, "path_node_ids": [8877, 8876, 8868, 8869, 8870, 8867, 9753, 9754, 9755, 9744, 9746, 9747, 9745, 9737, 9736, 9734, 9735, 9919, 9916, 9918, 9917, 9935, 9934, 9936, 9926, 9927, 9924, 9925, 9839, 9873, 9878, 9881, 9897, 9895, 9896, 9894, 9902, 9903, 9904, 9909, 2213, 2212, 2214, 1997, 1994, 1995, 1996, 2228, 2232, 2259, 2258, 2413, 2416, 2415, 2414, 2440, 2438, 2439, 2427, 2453, 2455, 2457, 2372, 2399, 2401, 2404, 2715], "elapsed_seconds": 0.007844899984775111, "status": "success", "failure_reason": "", "route_distance_km": 46.66573024206029, "distance_cost_sum": 51.35865396901123, "population_cost_sum": 18.521096027325967, "traffic_cost_sum": 8.9906921606098, "airspace_cost_sum": 38.0, "total_weighted_score": 43.838101994002564}, "geometry": {"type": "LineString", "coordinates": [[-89.83272609742262, 38.54503213945896], [-89.83845499191484, 38.54518713674757], [-89.84418393041321, 38.54534185422887], [-89.8499129128385, 38.54549629189633], [-89.85564193911159, 38.545650449743434], [-89.86137100915332, 38.54580432776372], [-89.86710012288452, 38.545957925950695], [-89.87282928022606, 38.546111244297876], [-89.8785584810987, 38.54626428279884], [-89.88428772542336, 38.54641704144712], [-89.8900170131208, 38.5465695202363], [-89.89574634411186, 38.54672171915994], [-89.90147571831739, 38.546873638211636], [-89.90720513565815, 38.54702527738502], [-89.91293459605497, 38.54717663667367], [-89.91866409942871, 38.54732771607122], [-89.92439364570006, 38.54747851557132], [-89.9301232347899, 38.54762903516762], [-89.93585286661902, 38.54777927485379], [-89.94158254110822, 38.54792923462347], [-89.94731225817821, 38.548078914470366], [-89.95304201774988, 38.54822831438818], [-89.95877181974393, 38.548377434370614], [-89.96450166408115, 38.54852627441138], [-89.97023155068236, 38.54867483450422], [-89.9759614794683, 38.54882311464288], [-89.9816914503597, 38.548971114821086], [-89.98742146327739, 38.54911883503266], [-89.99296392439905, 38.55376608104985], [-89.9985070979577, 38.55841308997815], [-90.00405098413212, 38.56305986168546], [-90.00959558310103, 38.56770639603968], [-90.01514089504332, 38.57235269290866], [-90.02087294036811, 38.5724988501429], [-90.02660502721452, 38.572644727143405], [-90.03233715550313, 38.57279032390402], [-90.0380693251546, 38.572935640418635], [-90.04380153608955, 38.57308067668109], [-90.04953378822863, 38.57322543268529], [-90.05508220119658, 38.57786994989744], [-90.06081489219632, 38.57801416845261], [-90.06654762417196, 38.57815810668649], [-90.072280397044, 38.57830176459299], [-90.07801321073313, 38.57844514216606], [-90.0837460651599, 38.578588239399664], [-90.08947896024489, 38.57873105628777], [-90.09521189590866, 38.57887359282438], [-90.10076380515675, 38.58351606972012], [-90.10631642817187, 38.58815830752748], [-90.1118697651324, 38.592800306114135], [-90.1176039331599, 38.59294178911507], [-90.1233381413982, 38.59308299160015], [-90.12907238976779, 38.59322391356342], [-90.13480667818914, 38.593364554998935], [-90.14054100658272, 38.593504915900766], [-90.14609704360437, 38.598145385068456], [-90.15183180886861, 38.59828520726528], [-90.15756661387618, 38.59842474886584], [-90.16330145854758, 38.59856400986431], [-90.16885940074975, 38.60320346415569], [-90.17441805758689, 38.60784267808668], [-90.17997742923725, 38.612481651524796], [-90.18571350391167, 38.61261985640587], [-90.19127398739786, 38.61725833052981], [-90.19683518607279, 38.62189656380297], [-90.20239710011477, 38.62653455609276], [-90.20795972970198, 38.63117230726659]]}}, {"type": "Feature", "properties": {"route_run_id": "stl_midamerica_to_st_louis_union_station_2026-03-09_0132", "route_pair": "midamerica_to_st_louis_union_station", "route_pair_label": "MidAmerica to St. Louis Union Station", "origin_label": "MidAmerica St. Louis Airport", "destination_label": "St. Louis Union Station", "origin_lat": 38.5451731, "origin_lon": -89.8351856, "destination_lat": 38.629167, "destination_lon": -90.2075, "traffic_date": "2026-03-09", "traffic_dataset": "March 9th - Monday", "weight_id": "w_0132", "distance_weight": 0.2, "population_weight": 0.1, "traffic_weight": 0.1, "airspace_weight": 0.6, "path_nodes": 68, "path_node_ids": [8877, 8881, 8904, 8922, 8923, 8927, 9145, 10016, 10018, 10062, 10055, 10058, 10094, 10096, 10103, 10104, 10110, 10109, 10291, 10512, 10290, 10289, 10294, 10281, 10292, 10293, 10304, 10303, 10302, 10315, 10316, 10317, 10314, 10207, 10206, 10204, 10205, 10189, 10190, 10188, 10191, 2276, 2518, 2277, 2509, 2287, 2508, 2286, 2298, 2300, 2301, 2307, 2491, 2492, 2818, 2496, 2507, 2506, 2828, 2505, 2809, 2811, 2810, 2728, 2730, 2731, 2729, 2715], "elapsed_seconds": 0.03371849999530241, "status": "success", "failure_reason": "", "route_distance_km": 48.12963633259222, "distance_cost_sum": 52.96977729134579, "population_cost_sum": 17.942810491010906, "traffic_cost_sum": 11.059860950056768, "airspace_cost_sum": 22.6, "total_weighted_score": 27.054222602375937}, "geometry": {"type": "LineString", "coordinates": [[-89.83272609742262, 38.54503213945896], [-89.83252853470323, 38.54953126729425], [-89.83806053424684, 38.55418543772932], [-89.84359324582596, 38.558839373542895], [-89.84912666962028, 38.563493074603095], [-89.85466080580946, 38.568146540778045], [-89.86019565457306, 38.572799771935806], [-89.86573121609086, 38.57745276794444], [-89.87126749054252, 38.58210552867199], [-89.8768044781077, 38.58675805398646], [-89.88234217896623, 38.591410343755804], [-89.8878805932977, 38.59606239784802], [-89.89341972128202, 38.600714216131045], [-89.89895956309883, 38.60536579847276], [-89.90450011892796, 38.61001714474108], [-89.91004138894921, 38.614668254803874], [-89.9155833733424, 38.61931912852895], [-89.92131862594731, 38.619470314708934], [-89.92705392153653, 38.61962122026898], [-89.93278926003055, 38.619771845202735], [-89.93852464134986, 38.619922189503846], [-89.94445114702152, 38.615572701498955], [-89.95018625645967, 38.61572246055001], [-89.9559214084743, 38.61587193899423], [-89.9616566029858, 38.61602113682532], [-89.96739183991471, 38.61617005403699], [-89.97312711918148, 38.61631869062297], [-89.97886244070665, 38.616467046576965], [-89.9845978044106, 38.61661512189275], [-89.9903332102139, 38.61676291656407], [-89.99606865803695, 38.61691043058469], [-90.00180414780024, 38.61705766394838], [-90.00753967942423, 38.617204616648934], [-90.01327525282936, 38.61735128868017], [-90.01901086793612, 38.61749768003589], [-90.02474652466493, 38.617643790709906], [-90.03048222293627, 38.617789620696094], [-90.03640328497923, 38.613435236024664], [-90.04213870872088, 38.61358048137086], [-90.04787417375634, 38.61372544605564], [-90.05360968000618, 38.61387013007287], [-90.0593452273907, 38.61401453341643], [-90.0650808158304, 38.61415865608025], [-90.07081644524574, 38.61430249805824], [-90.07655211555712, 38.614446059344324], [-90.08228782668499, 38.614589339932465], [-90.08802357854981, 38.61473233981663], [-90.09375937107193, 38.61487505899075], [-90.09949520417183, 38.615017497448825], [-90.10505004462816, 38.61965986513943], [-90.11078631613944, 38.61980176485522], [-90.11634226958749, 38.624443634935055], [-90.1220789793104, 38.62458499570804], [-90.12781572923257, 38.62472607564535], [-90.13337319363258, 38.629367189437694], [-90.13911038141684, 38.62950773017495], [-90.14484760917111, 38.62964799001386], [-90.15058487681573, 38.629787968948484], [-90.156322184271, 38.62992766697294], [-90.16205953145733, 38.63006708408134], [-90.16779691829495, 38.630206220267794], [-90.17353434470424, 38.6303450755264], [-90.17927181060547, 38.63048364985134], [-90.185009315919, 38.63062194323676], [-90.1907468605651, 38.6307599556768], [-90.1964844444641, 38.63089768716567], [-90.2022220675363, 38.63103513769752], [-90.20795972970198, 38.63117230726659]]}}, {"type": "Feature", "properties": {"route_run_id": "stl_midamerica_to_st_louis_union_station_2026-03-09_0169", "route_pair": "midamerica_to_st_louis_union_station", "route_pair_label": "MidAmerica to St. Louis Union Station", "origin_label": "MidAmerica St. Louis Airport", "destination_label": "St. Louis Union Station", "origin_lat": 38.5451731, "origin_lon": -89.8351856, "destination_lat": 38.629167, "destination_lon": -90.2075, "traffic_date": "2026-03-09", "traffic_dataset": "March 9th - Monday", "weight_id": "w_0169", "distance_weight": 0.3, "population_weight": 0.0, "traffic_weight": 0.1, "airspace_weight": 0.6, "path_nodes": 67, "path_node_ids": [8877, 8876, 8892, 8897, 8899, 8926, 9788, 10013, 10014, 10036, 10052, 10054, 10061, 10051, 10049, 10048, 10050, 10253, 10252, 10241, 10240, 10248, 10246, 10247, 10245, 10231, 10230, 10262, 10150, 10148, 10149, 10151, 10161, 10159, 10158, 10160, 10166, 10168, 10167, 10169, 2247, 2269, 2268, 2278, 2283, 2508, 2286, 2298, 2300, 2304, 2307, 2491, 2492, 2818, 2496, 2507, 2506, 2828, 2505, 2809, 2811, 2810, 2728, 2730, 2731, 2729, 2715], "elapsed_seconds": 0.02292630000738427, "status": "success", "failure_reason": "", "route_distance_km": 46.683794018220816, "distance_cost_sum": 51.37853432284669, "population_cost_sum": 28.536414303461722, "traffic_cost_sum": 9.217492375120946, "airspace_cost_sum": 22.6, "total_weighted_score": 29.895309534366106}, "geometry": {"type": "LineString", "coordinates": [[-89.83272609742262, 38.54503213945896], [-89.83845499191484, 38.54518713674757], [-89.84398707949187, 38.54984103165108], [-89.84951987896733, 38.55449469187918], [-89.85505339052077, 38.559148117300026], [-89.86058761433173, 38.563801307781745], [-89.86612255057987, 38.568454263192415], [-89.87165819944471, 38.57310698340007], [-89.87719456110594, 38.577759468272795], [-89.88273163574308, 38.582411717678575], [-89.88826942353593, 38.58706373148541], [-89.89380792466403, 38.591715509561276], [-89.89934713930707, 38.59636705177409], [-89.90508047722643, 38.59651895818466], [-89.91081385831642, 38.59667058421835], [-89.91654728249756, 38.596821929868824], [-89.92228074969049, 38.59697299512966], [-89.92801425981584, 38.59712377999449], [-89.93374781279411, 38.597274284457015], [-89.93948140854593, 38.5974245085108], [-89.94521504699188, 38.5975744521496], [-89.95094872805251, 38.59772411536704], [-89.95668245164843, 38.59787349815684], [-89.96241621770018, 38.59802260051268], [-89.96815002612831, 38.59817142242828], [-89.9738838768534, 38.59831996389739], [-89.97961776979602, 38.59846822491371], [-89.98535170487666, 38.59861620547102], [-89.99108568201598, 38.59876390556306], [-89.99681970113441, 38.59891132518362], [-90.00255376215256, 38.59905846432648], [-90.00828786499093, 38.59920532298544], [-90.01402200957008, 38.5993519011543], [-90.01975619581054, 38.599498198826886], [-90.02549042363282, 38.599644215997024], [-90.03122469295744, 38.59978995265856], [-90.03695900370492, 38.599935408805365], [-90.0426933557958, 38.60008058443128], [-90.04842774915056, 38.600225479530216], [-90.05416218368977, 38.60037009409603], [-90.05989665933384, 38.60051442812264], [-90.06563117600335, 38.600658481603965], [-90.07136573361876, 38.60080225453393], [-90.07691763405278, 38.60544585525359], [-90.08247024897021, 38.61008921705863], [-90.08802357854981, 38.61473233981663], [-90.09375937107193, 38.61487505899075], [-90.09949520417183, 38.615017497448825], [-90.10505004462816, 38.61965986513943], [-90.1106056001435, 38.62430199333239], [-90.11634226958749, 38.624443634935055], [-90.1220789793104, 38.62458499570804], [-90.12781572923257, 38.62472607564535], [-90.13337319363258, 38.629367189437694], [-90.13911038141684, 38.62950773017495], [-90.14484760917111, 38.62964799001386], [-90.15058487681573, 38.629787968948484], [-90.156322184271, 38.62992766697294], [-90.16205953145733, 38.63006708408134], [-90.16779691829495, 38.630206220267794], [-90.17353434470424, 38.6303450755264], [-90.17927181060547, 38.63048364985134], [-90.185009315919, 38.63062194323676], [-90.1907468605651, 38.6307599556768], [-90.1964844444641, 38.63089768716567], [-90.2022220675363, 38.63103513769752], [-90.20795972970198, 38.63117230726659]]}}, {"type": "Feature", "properties": {"route_run_id": "stl_midamerica_to_st_louis_union_station_2026-03-09_0127", "route_pair": "midamerica_to_st_louis_union_station", "route_pair_label": "MidAmerica to St. Louis Union Station", "origin_label": "MidAmerica St. Louis Airport", "destination_label": "St. Louis Union Station", "origin_lat": 38.5451731, "origin_lon": -89.8351856, "destination_lat": 38.629167, "destination_lon": -90.2075, "traffic_date": "2026-03-09", "traffic_dataset": "March 9th - Monday", "weight_id": "w_0127", "distance_weight": 0.2, "population_weight": 0.0, "traffic_weight": 0.5, "airspace_weight": 0.3, "path_nodes": 67, "path_node_ids": [8877, 8876, 8892, 8897, 8899, 8926, 9788, 10013, 10014, 10036, 10052, 10054, 10061, 10051, 10049, 10048, 10050, 10253, 10252, 10241, 10240, 10248, 10246, 10247, 10245, 10231, 10230, 10262, 10150, 10148, 10149, 10151, 10161, 10156, 10154, 10155, 10162, 10164, 10163, 10165, 2244, 2246, 2268, 2278, 2283, 2508, 2286, 2298, 2300, 2304, 2531, 2819, 2820, 2822, 2825, 2836, 2848, 2850, 2837, 2859, 2858, 2815, 2759, 2734, 2731, 2729, 2715], "elapsed_seconds": 0.025663299980806187, "status": "success", "failure_reason": "", "route_distance_km": 48.81678601447848, "distance_cost_sum": 53.726029953713976, "population_cost_sum": 28.570091945307983, "traffic_cost_sum": 5.278783894524551, "airspace_cost_sum": 22.6, "total_weighted_score": 20.164597938005077}, "geometry": {"type": "LineString", "coordinates": [[-89.83272609742262, 38.54503213945896], [-89.83845499191484, 38.54518713674757], [-89.84398707949187, 38.54984103165108], [-89.84951987896733, 38.55449469187918], [-89.85505339052077, 38.559148117300026], [-89.86058761433173, 38.563801307781745], [-89.86612255057987, 38.568454263192415], [-89.87165819944471, 38.57310698340007], [-89.87719456110594, 38.577759468272795], [-89.88273163574308, 38.582411717678575], [-89.88826942353593, 38.58706373148541], [-89.89380792466403, 38.591715509561276], [-89.89934713930707, 38.59636705177409], [-89.90508047722643, 38.59651895818466], [-89.91081385831642, 38.59667058421835], [-89.91654728249756, 38.596821929868824], [-89.92228074969049, 38.59697299512966], [-89.92801425981584, 38.59712377999449], [-89.93374781279411, 38.597274284457015], [-89.93948140854593, 38.5974245085108], [-89.94521504699188, 38.5975744521496], [-89.95094872805251, 38.59772411536704], [-89.95668245164843, 38.59787349815684], [-89.96241621770018, 38.59802260051268], [-89.96815002612831, 38.59817142242828], [-89.9738838768534, 38.59831996389739], [-89.97961776979602, 38.59846822491371], [-89.98535170487666, 38.59861620547102], [-89.99108568201598, 38.59876390556306], [-89.99681970113441, 38.59891132518362], [-90.00255376215256, 38.59905846432648], [-90.00828786499093, 38.59920532298544], [-90.01402200957008, 38.5993519011543], [-90.01994242379944, 38.594998317950704], [-90.02567629459381, 38.59514431175206], [-90.03141020688051, 38.59529002508962], [-90.03714416058007, 38.595435457957215], [-90.04287815561301, 38.59558061034875], [-90.04861219189988, 38.59572548225811], [-90.0543462693612, 38.59587007367915], [-90.06008038791752, 38.59601438460579], [-90.06581454748931, 38.596158415031965], [-90.07136573361876, 38.60080225453393], [-90.07691763405278, 38.60544585525359], [-90.08247024897021, 38.61008921705863], [-90.08802357854981, 38.61473233981663], [-90.09375937107193, 38.61487505899075], [-90.09949520417183, 38.615017497448825], [-90.10505004462816, 38.61965986513943], [-90.1106056001435, 38.62430199333239], [-90.11616187089658, 38.62894388189524], [-90.12171885706623, 38.633585530695484], [-90.12745632243416, 38.63372665579325], [-90.13319382794117, 38.633867499959656], [-90.13875232561846, 38.63850839203032], [-90.144490269036, 38.638648696766005], [-90.15004988039681, 38.64328909003685], [-90.15578826152439, 38.64342885514139], [-90.16152668241186, 38.64356833919522], [-90.16726514297947, 38.64370754219247], [-90.17300364314747, 38.64384646412727], [-90.17891876485407, 38.63948462409952], [-90.18465698596519, 38.639622961753446], [-90.19057107312773, 38.63526048909833], [-90.1964844444641, 38.63089768716567], [-90.2022220675363, 38.63103513769752], [-90.20795972970198, 38.63117230726659]]}}, {"type": "Feature", "properties": {"route_run_id": "stl_midamerica_to_st_louis_union_station_2026-03-09_0263", "route_pair": "midamerica_to_st_louis_union_station", "route_pair_label": "MidAmerica to St. Louis Union Station", "origin_label": "MidAmerica St. Louis Airport", "destination_label": "St. Louis Union Station", "origin_lat": 38.5451731, "origin_lon": -89.8351856, "destination_lat": 38.629167, "destination_lon": -90.2075, "traffic_date": "2026-03-09", "traffic_dataset": "March 9th - Monday", "weight_id": "w_0263", "distance_weight": 0.6, "population_weight": 0.2, "traffic_weight": 0.1, "airspace_weight": 0.1, "path_nodes": 67, "path_node_ids": [8877, 8876, 8868, 8869, 8870, 8867, 9753, 9754, 9755, 9744, 9749, 9748, 9772, 9764, 9766, 9770, 9797, 10002, 10006, 10008, 10233, 10243, 10246, 10272, 10273, 10269, 10303, 10302, 10315, 10316, 10317, 10314, 10207, 10206, 10204, 10205, 10323, 10324, 10322, 10325, 2520, 2521, 2519, 2510, 2512, 2513, 2511, 2302, 2300, 2301, 2307, 2491, 2492, 2818, 2496, 2507, 2506, 2828, 2505, 2809, 2811, 2810, 2728, 2730, 2731, 2729, 2715], "elapsed_seconds": 0.012020599999232218, "status": "success", "failure_reason": "", "route_distance_km": 46.68280170407524, "distance_cost_sum": 51.377442216957284, "population_cost_sum": 18.13528030350075, "traffic_cost_sum": 11.66994454850107, "airspace_cost_sum": 27.2, "total_weighted_score": 38.34051584572463}, "geometry": {"type": "LineString", "coordinates": [[-89.83272609742262, 38.54503213945896], [-89.83845499191484, 38.54518713674757], [-89.84418393041321, 38.54534185422887], [-89.8499129128385, 38.54549629189633], [-89.85564193911159, 38.545650449743434], [-89.86137100915332, 38.54580432776372], [-89.86710012288452, 38.545957925950695], [-89.87282928022606, 38.546111244297876], [-89.8785584810987, 38.54626428279884], [-89.88428772542336, 38.54641704144712], [-89.8898230098142, 38.55106889421821], [-89.8955526968043, 38.55122111751065], [-89.90108909257557, 38.55587247927394], [-89.90681922203537, 38.556024167009056], [-89.9123567293393, 38.560675037395804], [-89.91789494911032, 38.56532567191472], [-89.92343388152776, 38.56997607043378], [-89.9289735267709, 38.57462623282101], [-89.93451388501903, 38.57927615894434], [-89.94005495645153, 38.5839258486717], [-89.94559674124768, 38.58857530187098], [-89.95113923958688, 38.593224518410075], [-89.95668245164843, 38.59787349815684], [-89.9622263776118, 38.60252224097911], [-89.96777101765635, 38.607170746744714], [-89.97331637196147, 38.61181901532141], [-89.97886244070665, 38.616467046576965], [-89.9845978044106, 38.61661512189275], [-89.9903332102139, 38.61676291656407], [-89.99606865803695, 38.61691043058469], [-90.00180414780024, 38.61705766394838], [-90.00753967942423, 38.617204616648934], [-90.01327525282936, 38.61735128868017], [-90.01901086793612, 38.61749768003589], [-90.02474652466493, 38.617643790709906], [-90.03048222293627, 38.617789620696094], [-90.03621796267052, 38.617935169988264], [-90.0419537437882, 38.61808043858029], [-90.04768956620967, 38.61822542646607], [-90.05342542985542, 38.61837013363945], [-90.05916133464585, 38.61851456009435], [-90.06489728050143, 38.618658705824664], [-90.07063326734246, 38.618802570824315], [-90.07636929508949, 38.61894615508724], [-90.08210536366288, 38.61908945860739], [-90.087841472983, 38.61923248137871], [-90.09357762297034, 38.61937522339516], [-90.09931381354528, 38.61951768465076], [-90.10505004462816, 38.61965986513943], [-90.11078631613944, 38.61980176485522], [-90.11634226958749, 38.624443634935055], [-90.1220789793104, 38.62458499570804], [-90.12781572923257, 38.62472607564535], [-90.13337319363258, 38.629367189437694], [-90.13911038141684, 38.62950773017495], [-90.14484760917111, 38.62964799001386], [-90.15058487681573, 38.629787968948484], [-90.156322184271, 38.62992766697294], [-90.16205953145733, 38.63006708408134], [-90.16779691829495, 38.630206220267794], [-90.17353434470424, 38.6303450755264], [-90.17927181060547, 38.63048364985134], [-90.185009315919, 38.63062194323676], [-90.1907468605651, 38.6307599556768], [-90.1964844444641, 38.63089768716567], [-90.2022220675363, 38.63103513769752], [-90.20795972970198, 38.63117230726659]]}}, {"type": "Feature", "properties": {"route_run_id": "stl_midamerica_to_st_louis_union_station_2026-03-09_0257", "route_pair": "midamerica_to_st_louis_union_station", "route_pair_label": "MidAmerica to St. Louis Union Station", "origin_label": "MidAmerica St. Louis Airport", "destination_label": "St. Louis Union Station", "origin_lat": 38.5451731, "origin_lon": -89.8351856, "destination_lat": 38.629167, "destination_lon": -90.2075, "traffic_date": "2026-03-09", "traffic_dataset": "March 9th - Monday", "weight_id": "w_0257", "distance_weight": 0.6, "population_weight": 0.0, "traffic_weight": 0.4, "airspace_weight": 0.0, "path_nodes": 69, "path_node_ids": [8877, 8876, 8868, 8869, 8870, 8867, 9753, 9754, 9755, 9744, 9742, 9743, 9730, 9733, 9721, 9732, 9720, 9915, 9913, 9912, 9914, 9932, 7806, 9933, 9923, 9922, 7815, 7816, 9820, 9832, 9833, 9821, 7905, 7906, 9823, 9822, 7916, 7915, 7914, 7913, 1933, 1931, 1932, 1917, 1943, 1946, 1970, 1983, 1998, 2003, 2000, 2191, 2194, 2193, 2192, 2185, 2184, 2186, 2421, 2205, 2450, 2451, 2369, 2375, 2399, 2401, 2406, 2729, 2715], "elapsed_seconds": 0.007904500002041459, "status": "success", "failure_reason": "", "route_distance_km": 47.941309324872435, "distance_cost_sum": 52.76251124038445, "population_cost_sum": 26.60401366295166, "traffic_cost_sum": 2.6103621949716804, "airspace_cost_sum": 38.6, "total_weighted_score": 32.70165162221934}, "geometry": {"type": "LineString", "coordinates": [[-89.83272609742262, 38.54503213945896], [-89.83845499191484, 38.54518713674757], [-89.84418393041321, 38.54534185422887], [-89.8499129128385, 38.54549629189633], [-89.85564193911159, 38.545650449743434], [-89.86137100915332, 38.54580432776372], [-89.86710012288452, 38.545957925950695], [-89.87282928022606, 38.546111244297876], [-89.8785584810987, 38.54626428279884], [-89.88428772542336, 38.54641704144712], [-89.8902109731338, 38.54207014196144], [-89.895939948205, 38.54222231651928], [-89.90166896648022, 38.54237421124988], [-89.90739802788026, 38.54252582614685], [-89.91312713232598, 38.54267716120381], [-89.91885627973821, 38.54282821641439], [-89.92458547003774, 38.5429789917722], [-89.93031470314544, 38.543129487270946], [-89.93604397898207, 38.54327970290425], [-89.94177329746847, 38.543429638665806], [-89.94750265852547, 38.54357929454928], [-89.9532320620738, 38.543728670548404], [-89.9589615080343, 38.543877766656834], [-89.9646909963278, 38.54402658286834], [-89.97042052687505, 38.544175119176636], [-89.97615009959685, 38.54432337557549], [-89.98187971441398, 38.54447135205863], [-89.98760937124719, 38.544619048619815], [-89.99333907001733, 38.54476646525287], [-89.99906881064508, 38.54491360195155], [-90.00479859305136, 38.54506045870968], [-90.01052841715675, 38.54520703552103], [-90.01625828288213, 38.545353332379484], [-90.02198819014824, 38.545499349278856], [-90.0277181388758, 38.54564508621299], [-90.03344812898557, 38.54579054317578], [-90.03917816039834, 38.54593572016105], [-90.04490823303483, 38.54608061716274], [-90.05063834681579, 38.54622523417469], [-90.05636850166194, 38.546369571190844], [-90.06209869749397, 38.54651362820512], [-90.06782893423272, 38.54665740521145], [-90.07355921179885, 38.54680090220377], [-90.07928953011304, 38.54694411917603], [-90.08483803609515, 38.551587237746496], [-90.09038725467427, 38.55623011778336], [-90.09593718602859, 38.5608727591544], [-90.1014878303364, 38.56551516172741], [-90.10703918777595, 38.57015732537014], [-90.11259125852546, 38.57479924995029], [-90.11832399892143, 38.57494064238296], [-90.12387718012955, 38.579582070024706], [-90.1296103575981, 38.57972292432643], [-90.13534357508938, 38.579863498234836], [-90.14107683252396, 38.580003791744], [-90.14681012982238, 38.58014380484799], [-90.15254346690519, 38.5802835375409], [-90.1580993457009, 38.58492343582021], [-90.16365593845713, 38.58956309408333], [-90.16921324535195, 38.59420251219789], [-90.17477126656355, 38.59884169003141], [-90.18033000227008, 38.60348062745143], [-90.18588945264969, 38.60811932432548], [-90.19144961788064, 38.61275778052102], [-90.19127398739786, 38.61725833052981], [-90.19683518607279, 38.62189656380297], [-90.19665983485031, 38.626397127556444], [-90.2022220675363, 38.63103513769752], [-90.20795972970198, 38.63117230726659]]}}, {"type": "Feature", "properties": {"route_run_id": "stl_midamerica_to_st_louis_union_station_2026-03-09_0089", "route_pair": "midamerica_to_st_louis_union_station", "route_pair_label": "MidAmerica to St. Louis Union Station", "origin_label": "MidAmerica St. Louis Airport", "destination_label": "St. Louis Union Station", "origin_lat": 38.5451731, "origin_lon": -89.8351856, "destination_lat": 38.629167, "destination_lon": -90.2075, "traffic_date": "2026-03-09", "traffic_dataset": "March 9th - Monday", "weight_id": "w_0089", "distance_weight": 0.1, "population_weight": 0.2, "traffic_weight": 0.3, "airspace_weight": 0.4, "path_nodes": 68, "path_node_ids": [8877, 8881, 8904, 8922, 8923, 8927, 9145, 10016, 10018, 10062, 10055, 10058, 10094, 10096, 10103, 10104, 10110, 10109, 10516, 10512, 10290, 10289, 10294, 10281, 10292, 10293, 10304, 10303, 10302, 10315, 10316, 10317, 10314, 10207, 10206, 10204, 10205, 10189, 10190, 10322, 10327, 2548, 2550, 2556, 2549, 2542, 2540, 2539, 2533, 2536, 2562, 2566, 2844, 2842, 2838, 2827, 2836, 2848, 2850, 2837, 2859, 2858, 2860, 2759, 2734, 2731, 2729, 2715], "elapsed_seconds": 0.04044759998214431, "status": "success", "failure_reason": "", "route_distance_km": 52.39778330524177, "distance_cost_sum": 57.66714905259638, "population_cost_sum": 15.391409822512792, "traffic_cost_sum": 5.390001868632106, "airspace_cost_sum": 23.8, "total_weighted_score": 19.981997430351836}, "geometry": {"type": "LineString", "coordinates": [[-89.83272609742262, 38.54503213945896], [-89.83252853470323, 38.54953126729425], [-89.83806053424684, 38.55418543772932], [-89.84359324582596, 38.558839373542895], [-89.84912666962028, 38.563493074603095], [-89.85466080580946, 38.568146540778045], [-89.86019565457306, 38.572799771935806], [-89.86573121609086, 38.57745276794444], [-89.87126749054252, 38.58210552867199], [-89.8768044781077, 38.58675805398646], [-89.88234217896623, 38.591410343755804], [-89.8878805932977, 38.59606239784802], [-89.89341972128202, 38.600714216131045], [-89.89895956309883, 38.60536579847276], [-89.90450011892796, 38.61001714474108], [-89.91004138894921, 38.614668254803874], [-89.9155833733424, 38.61931912852895], [-89.92131862594731, 38.619470314708934], [-89.9268617252078, 38.624120695492145], [-89.93278926003055, 38.619771845202735], [-89.93852464134986, 38.619922189503846], [-89.94445114702152, 38.615572701498955], [-89.95018625645967, 38.61572246055001], [-89.9559214084743, 38.61587193899423], [-89.9616566029858, 38.61602113682532], [-89.96739183991471, 38.61617005403699], [-89.97312711918148, 38.61631869062297], [-89.97886244070665, 38.616467046576965], [-89.9845978044106, 38.61661512189275], [-89.9903332102139, 38.61676291656407], [-89.99606865803695, 38.61691043058469], [-90.00180414780024, 38.61705766394838], [-90.00753967942423, 38.617204616648934], [-90.01327525282936, 38.61735128868017], [-90.01901086793612, 38.61749768003589], [-90.02474652466493, 38.617643790709906], [-90.03048222293627, 38.617789620696094], [-90.03640328497923, 38.613435236024664], [-90.04213870872088, 38.61358048137086], [-90.04768956620967, 38.61822542646607], [-90.05324113855997, 38.6228701329926], [-90.0587934259509, 38.627514600818145], [-90.06434642856152, 38.63215882981023], [-90.0699001465709, 38.63680281983647], [-90.07582058868887, 38.63244641710234], [-90.08155773007638, 38.632589789435436], [-90.08747713983809, 38.62823275191331], [-90.09321400499459, 38.62837553962287], [-90.09876939857845, 38.63301822111036], [-90.10432550767948, 38.63766066307442], [-90.10988233247663, 38.6423028653825], [-90.11543987314892, 38.64694482790208], [-90.12117837203515, 38.64708630182135], [-90.12691691116937, 38.64722749468063], [-90.13283497637043, 38.64286810847808], [-90.13857323774008, 38.64300871669927], [-90.144490269036, 38.638648696766005], [-90.15004988039681, 38.64328909003685], [-90.15578826152439, 38.64342885514139], [-90.16152668241186, 38.64356833919522], [-90.16726514297947, 38.64370754219247], [-90.17300364314747, 38.64384646412727], [-90.17874218283609, 38.64398510499372], [-90.18465698596519, 38.639622961753446], [-90.19057107312773, 38.63526048909833], [-90.1964844444641, 38.63089768716567], [-90.2022220675363, 38.63103513769752], [-90.20795972970198, 38.63117230726659]]}}, {"type": "Feature", "properties": {"route_run_id": "stl_midamerica_to_st_louis_union_station_2026-03-09_0167", "route_pair": "midamerica_to_st_louis_union_station", "route_pair_label": "MidAmerica to St. Louis Union Station", "origin_label": "MidAmerica St. Louis Airport", "destination_label": "St. Louis Union Station", "origin_lat": 38.5451731, "origin_lon": -89.8351856, "destination_lat": 38.629167, "destination_lon": -90.2075, "traffic_date": "2026-03-09", "traffic_dataset": "March 9th - Monday", "weight_id": "w_0167", "distance_weight": 0.25, "population_weight": 0.25, "traffic_weight": 0.25, "airspace_weight": 0.25, "path_nodes": 68, "path_node_ids": [8877, 8881, 8904, 8922, 8923, 8927, 9145, 10016, 10018, 10062, 10055, 10058, 10094, 10096, 10103, 10104, 10110, 10109, 10516, 10512, 10290, 10289, 10294, 10281, 10292, 10293, 10304, 10303, 10302, 10315, 10316, 10317, 10314, 10207, 10206, 10204, 10205, 10323, 10328, 10329, 10327, 2548, 2550, 2556, 2553, 2544, 2546, 2579, 2560, 2564, 2567, 2566, 2844, 2842, 2838, 2827, 2849, 2848, 2850, 2837, 2859, 2858, 2860, 2759, 2734, 2731, 2729, 2715], "elapsed_seconds": 0.028153799998108298, "status": "success", "failure_reason": "", "route_distance_km": 50.266249343343276, "distance_cost_sum": 55.32125808283132, "population_cost_sum": 14.60707907155248, "traffic_cost_sum": 6.463877156345732, "airspace_cost_sum": 24.4, "total_weighted_score": 25.198053577682387}, "geometry": {"type": "LineString", "coordinates": [[-89.83272609742262, 38.54503213945896], [-89.83252853470323, 38.54953126729425], [-89.83806053424684, 38.55418543772932], [-89.84359324582596, 38.558839373542895], [-89.84912666962028, 38.563493074603095], [-89.85466080580946, 38.568146540778045], [-89.86019565457306, 38.572799771935806], [-89.86573121609086, 38.57745276794444], [-89.87126749054252, 38.58210552867199], [-89.8768044781077, 38.58675805398646], [-89.88234217896623, 38.591410343755804], [-89.8878805932977, 38.59606239784802], [-89.89341972128202, 38.600714216131045], [-89.89895956309883, 38.60536579847276], [-89.90450011892796, 38.61001714474108], [-89.91004138894921, 38.614668254803874], [-89.9155833733424, 38.61931912852895], [-89.92131862594731, 38.619470314708934], [-89.9268617252078, 38.624120695492145], [-89.93278926003055, 38.619771845202735], [-89.93852464134986, 38.619922189503846], [-89.94445114702152, 38.615572701498955], [-89.95018625645967, 38.61572246055001], [-89.9559214084743, 38.61587193899423], [-89.9616566029858, 38.61602113682532], [-89.96739183991471, 38.61617005403699], [-89.97312711918148, 38.61631869062297], [-89.97886244070665, 38.616467046576965], [-89.9845978044106, 38.61661512189275], [-89.9903332102139, 38.61676291656407], [-89.99606865803695, 38.61691043058469], [-90.00180414780024, 38.61705766394838], [-90.00753967942423, 38.617204616648934], [-90.01327525282936, 38.61735128868017], [-90.01901086793612, 38.61749768003589], [-90.02474652466493, 38.617643790709906], [-90.03048222293627, 38.617789620696094], [-90.03621796267052, 38.617935169988264], [-90.04176873755169, 38.622580391570615], [-90.04750491743872, 38.62272540266021], [-90.05324113855997, 38.6228701329926], [-90.0587934259509, 38.627514600818145], [-90.06434642856152, 38.63215882981023], [-90.0699001465709, 38.63680281983647], [-90.0756376048565, 38.63694649603503], [-90.08137510400799, 38.63708989131143], [-90.08711264394572, 38.63723300565962], [-90.09266827345223, 38.64187598250663], [-90.09840625259658, 38.64201855779177], [-90.10396299643912, 38.64666103690741], [-90.10970141459032, 38.646803072928776], [-90.11543987314892, 38.64694482790208], [-90.12117837203515, 38.64708630182135], [-90.12691691116937, 38.64722749468063], [-90.13283497637043, 38.64286810847808], [-90.13857323774008, 38.64300871669927], [-90.14431153910874, 38.643149043887504], [-90.15004988039681, 38.64328909003685], [-90.15578826152439, 38.64342885514139], [-90.16152668241186, 38.64356833919522], [-90.16726514297947, 38.64370754219247], [-90.17300364314747, 38.64384646412727], [-90.17874218283609, 38.64398510499372], [-90.18465698596519, 38.639622961753446], [-90.19057107312773, 38.63526048909833], [-90.1964844444641, 38.63089768716567], [-90.2022220675363, 38.63103513769752], [-90.20795972970198, 38.63117230726659]]}}, {"type": "Feature", "properties": {"route_run_id": "stl_midamerica_to_st_louis_union_station_2026-03-09_0266", "route_pair": "midamerica_to_st_louis_union_station", "route_pair_label": "MidAmerica to St. Louis Union Station", "origin_label": "MidAmerica St. Louis Airport", "destination_label": "St. Louis Union Station", "origin_lat": 38.5451731, "origin_lon": -89.8351856, "destination_lat": 38.629167, "destination_lon": -90.2075, "traffic_date": "2026-03-09", "traffic_dataset": "March 9th - Monday", "weight_id": "w_0266", "distance_weight": 0.6, "population_weight": 0.3, "traffic_weight": 0.1, "airspace_weight": 0.0, "path_nodes": 67, "path_node_ids": [8877, 8876, 8868, 8869, 8870, 8867, 9753, 9754, 9755, 9744, 9746, 9747, 9745, 9737, 9736, 9734, 9735, 9919, 9916, 9918, 9917, 9935, 9934, 9936, 9926, 9927, 9924, 9925, 9839, 9873, 9878, 9876, 9859, 9861, 9892, 9894, 9902, 9903, 9904, 9909, 2213, 2212, 2214, 1997, 1994, 1995, 1996, 2005, 2004, 2007, 2006, 2191, 2194, 2193, 2192, 2185, 2187, 2419, 2423, 2448, 2452, 2454, 2372, 2399, 2401, 2404, 2715], "elapsed_seconds": 0.01252849999582395, "status": "success", "failure_reason": "", "route_distance_km": 46.664219268099636, "distance_cost_sum": 51.356991044453984, "population_cost_sum": 17.796523060333413, "traffic_cost_sum": 10.486634599069829, "airspace_cost_sum": 38.0, "total_weighted_score": 37.201815004679396}, "geometry": {"type": "LineString", "coordinates": [[-89.83272609742262, 38.54503213945896], [-89.83845499191484, 38.54518713674757], [-89.84418393041321, 38.54534185422887], [-89.8499129128385, 38.54549629189633], [-89.85564193911159, 38.545650449743434], [-89.86137100915332, 38.54580432776372], [-89.86710012288452, 38.545957925950695], [-89.87282928022606, 38.546111244297876], [-89.8785584810987, 38.54626428279884], [-89.88428772542336, 38.54641704144712], [-89.8900170131208, 38.5465695202363], [-89.89574634411186, 38.54672171915994], [-89.90147571831739, 38.546873638211636], [-89.90720513565815, 38.54702527738502], [-89.91293459605497, 38.54717663667367], [-89.91866409942871, 38.54732771607122], [-89.92439364570006, 38.54747851557132], [-89.9301232347899, 38.54762903516762], [-89.93585286661902, 38.54777927485379], [-89.94158254110822, 38.54792923462347], [-89.94731225817821, 38.548078914470366], [-89.95304201774988, 38.54822831438818], [-89.95877181974393, 38.548377434370614], [-89.96450166408115, 38.54852627441138], [-89.97023155068236, 38.54867483450422], [-89.9759614794683, 38.54882311464288], [-89.9816914503597, 38.548971114821086], [-89.98742146327739, 38.54911883503266], [-89.99296392439905, 38.55376608104985], [-89.9985070979577, 38.55841308997815], [-90.00405098413212, 38.56305986168546], [-90.00978223321245, 38.56320653239988], [-90.01551352395292, 38.56335292298239], [-90.02105891907694, 38.56799894389834], [-90.0267906493719, 38.568144797547276], [-90.03233715550313, 38.57279032390402], [-90.0380693251546, 38.572935640418635], [-90.04380153608955, 38.57308067668109], [-90.04953378822863, 38.57322543268529], [-90.05508220119658, 38.57786994989744], [-90.06081489219632, 38.57801416845261], [-90.06654762417196, 38.57815810668649], [-90.072280397044, 38.57830176459299], [-90.07801321073313, 38.57844514216606], [-90.0837460651599, 38.578588239399664], [-90.08947896024489, 38.57873105628777], [-90.09521189590866, 38.57887359282438], [-90.10094487207182, 38.57901584900345], [-90.10667788865496, 38.579157824818985], [-90.11241094557855, 38.579299520265025], [-90.11814404276322, 38.57944093533558], [-90.12387718012955, 38.579582070024706], [-90.1296103575981, 38.57972292432643], [-90.13534357508938, 38.579863498234836], [-90.14107683252396, 38.580003791744], [-90.14681012982238, 38.58014380484799], [-90.15236561197744, 38.5847839612172], [-90.15792180807382, 38.58942387766302], [-90.16347871828971, 38.59406355405304], [-90.1690363428032, 38.598702990254786], [-90.17459468179258, 38.60334218613583], [-90.18015373543601, 38.6079811415637], [-90.18571350391167, 38.61261985640587], [-90.19127398739786, 38.61725833052981], [-90.19683518607279, 38.62189656380297], [-90.20239710011477, 38.62653455609276], [-90.20795972970198, 38.63117230726659]]}}, {"type": "Feature", "properties": {"route_run_id": "stl_midamerica_to_st_louis_union_station_2026-03-09_0171", "route_pair": "midamerica_to_st_louis_union_station", "route_pair_label": "MidAmerica to St. Louis Union Station", "origin_label": "MidAmerica St. Louis Airport", "destination_label": "St. Louis Union Station", "origin_lat": 38.5451731, "origin_lon": -89.8351856, "destination_lat": 38.629167, "destination_lon": -90.2075, "traffic_date": "2026-03-09", "traffic_dataset": "March 9th - Monday", "weight_id": "w_0171", "distance_weight": 0.3, "population_weight": 0.0, "traffic_weight": 0.3, "airspace_weight": 0.4, "path_nodes": 67, "path_node_ids": [8877, 8876, 8892, 8897, 8899, 8926, 9788, 10013, 10014, 10036, 10052, 10054, 10061, 10051, 10049, 10048, 10050, 10253, 10252, 10241, 10240, 10248, 10246, 10247, 10245, 10231, 10230, 10262, 10150, 10148, 10149, 10151, 10161, 10156, 10154, 10155, 10162, 10164, 10163, 10165, 2244, 2246, 2268, 2278, 2283, 2508, 2286, 2298, 2300, 2304, 2531, 2819, 2820, 2822, 2825, 2836, 2848, 2850, 2837, 2859, 2858, 2815, 2759, 2734, 2731, 2729, 2715], "elapsed_seconds": 0.019968600012362003, "status": "success", "failure_reason": "", "route_distance_km": 48.81678601447848, "distance_cost_sum": 53.726029953713976, "population_cost_sum": 28.570091945307983, "traffic_cost_sum": 5.278783894524551, "airspace_cost_sum": 22.6, "total_weighted_score": 26.74144415447156}, "geometry": {"type": "LineString", "coordinates": [[-89.83272609742262, 38.54503213945896], [-89.83845499191484, 38.54518713674757], [-89.84398707949187, 38.54984103165108], [-89.84951987896733, 38.55449469187918], [-89.85505339052077, 38.559148117300026], [-89.86058761433173, 38.563801307781745], [-89.86612255057987, 38.568454263192415], [-89.87165819944471, 38.57310698340007], [-89.87719456110594, 38.577759468272795], [-89.88273163574308, 38.582411717678575], [-89.88826942353593, 38.58706373148541], [-89.89380792466403, 38.591715509561276], [-89.89934713930707, 38.59636705177409], [-89.90508047722643, 38.59651895818466], [-89.91081385831642, 38.59667058421835], [-89.91654728249756, 38.596821929868824], [-89.92228074969049, 38.59697299512966], [-89.92801425981584, 38.59712377999449], [-89.93374781279411, 38.597274284457015], [-89.93948140854593, 38.5974245085108], [-89.94521504699188, 38.5975744521496], [-89.95094872805251, 38.59772411536704], [-89.95668245164843, 38.59787349815684], [-89.96241621770018, 38.59802260051268], [-89.96815002612831, 38.59817142242828], [-89.9738838768534, 38.59831996389739], [-89.97961776979602, 38.59846822491371], [-89.98535170487666, 38.59861620547102], [-89.99108568201598, 38.59876390556306], [-89.99681970113441, 38.59891132518362], [-90.00255376215256, 38.59905846432648], [-90.00828786499093, 38.59920532298544], [-90.01402200957008, 38.5993519011543], [-90.01994242379944, 38.594998317950704], [-90.02567629459381, 38.59514431175206], [-90.03141020688051, 38.59529002508962], [-90.03714416058007, 38.595435457957215], [-90.04287815561301, 38.59558061034875], [-90.04861219189988, 38.59572548225811], [-90.0543462693612, 38.59587007367915], [-90.06008038791752, 38.59601438460579], [-90.06581454748931, 38.596158415031965], [-90.07136573361876, 38.60080225453393], [-90.07691763405278, 38.60544585525359], [-90.08247024897021, 38.61008921705863], [-90.08802357854981, 38.61473233981663], [-90.09375937107193, 38.61487505899075], [-90.09949520417183, 38.615017497448825], [-90.10505004462816, 38.61965986513943], [-90.1106056001435, 38.62430199333239], [-90.11616187089658, 38.62894388189524], [-90.12171885706623, 38.633585530695484], [-90.12745632243416, 38.63372665579325], [-90.13319382794117, 38.633867499959656], [-90.13875232561846, 38.63850839203032], [-90.144490269036, 38.638648696766005], [-90.15004988039681, 38.64328909003685], [-90.15578826152439, 38.64342885514139], [-90.16152668241186, 38.64356833919522], [-90.16726514297947, 38.64370754219247], [-90.17300364314747, 38.64384646412727], [-90.17891876485407, 38.63948462409952], [-90.18465698596519, 38.639622961753446], [-90.19057107312773, 38.63526048909833], [-90.1964844444641, 38.63089768716567], [-90.2022220675363, 38.63103513769752], [-90.20795972970198, 38.63117230726659]]}}, {"type": "Feature", "properties": {"route_run_id": "stl_midamerica_to_st_louis_union_station_2026-03-09_0174", "route_pair": "midamerica_to_st_louis_union_station", "route_pair_label": "MidAmerica to St. Louis Union Station", "origin_label": "MidAmerica St. Louis Airport", "destination_label": "St. Louis Union Station", "origin_lat": 38.5451731, "origin_lon": -89.8351856, "destination_lat": 38.629167, "destination_lon": -90.2075, "traffic_date": "2026-03-09", "traffic_dataset": "March 9th - Monday", "weight_id": "w_0174", "distance_weight": 0.3, "population_weight": 0.0, "traffic_weight": 0.6, "airspace_weight": 0.1, "path_nodes": 69, "path_node_ids": [8877, 8861, 8864, 8865, 8866, 8863, 7715, 7713, 7714, 9726, 9727, 9729, 9728, 9719, 9718, 9716, 9717, 7794, 7793, 7795, 7796, 7804, 7803, 7805, 7813, 7814, 7811, 7812, 9817, 9816, 9819, 9818, 7905, 7901, 7902, 7903, 7916, 7915, 7914, 7913, 1933, 1931, 1932, 1917, 1943, 1946, 1970, 1983, 1998, 2003, 2000, 2191, 2194, 2193, 2192, 2185, 2184, 2186, 2421, 2205, 2450, 2451, 2369, 2375, 2399, 2401, 2406, 2729, 2715], "elapsed_seconds": 0.01576430001296103, "status": "success", "failure_reason": "", "route_distance_km": 49.00456878084652, "distance_cost_sum": 53.93269703187205, "population_cost_sum": 29.18730134339127, "traffic_cost_sum": 1.8881849111714815, "airspace_cost_sum": 38.6, "total_weighted_score": 21.172720056264502}, "geometry": {"type": "LineString", "coordinates": [[-89.83272609742262, 38.54503213945896], [-89.83865215473445, 38.54068797977641], [-89.84438073740759, 38.54084267248963], [-89.8501093639971, 38.54099708543371], [-89.85583803442384, 38.541151218602124], [-89.86156674860865, 38.54130507198842], [-89.86729550647239, 38.541458645586076], [-89.87321929212519, 38.537112630177866], [-89.87894778130001, 38.537265619682024], [-89.88467631390589, 38.53741832942288], [-89.89040488986362, 38.53757075939403], [-89.89613350909408, 38.53772290958904], [-89.90186217151818, 38.537874780001516], [-89.90759087705666, 38.53802637062506], [-89.91331962563046, 38.538177681453305], [-89.91904841716038, 38.53832871247986], [-89.9247772515673, 38.53847946369838], [-89.93050612877201, 38.5386299351025], [-89.93623504869535, 38.538780126685914], [-89.94196401125822, 38.538930038442274], [-89.94769301638131, 38.53907967036528], [-89.95342206398557, 38.53922902244861], [-89.95915115399177, 38.53937809468601], [-89.9648802863207, 38.53952688707118], [-89.97060946089319, 38.53967539959786], [-89.97633867763007, 38.53982363225979], [-89.98206793645213, 38.53997158505075], [-89.98779723728013, 38.54011925796448], [-89.99352658003491, 38.54026665099478], [-89.99925596463726, 38.54041376413546], [-90.00498539100796, 38.54056059738029], [-90.0107148590678, 38.5407071507231], [-90.01625828288213, 38.545353332379484], [-90.022173919938, 38.540999417678], [-90.02790351258993, 38.54114513127777], [-90.03363314661406, 38.54129056495092], [-90.03917816039834, 38.54593572016105], [-90.04490823303483, 38.54608061716274], [-90.05063834681579, 38.54622523417469], [-90.05636850166194, 38.546369571190844], [-90.06209869749397, 38.54651362820512], [-90.06782893423272, 38.54665740521145], [-90.07355921179885, 38.54680090220377], [-90.07928953011304, 38.54694411917603], [-90.08483803609515, 38.551587237746496], [-90.09038725467427, 38.55623011778336], [-90.09593718602859, 38.5608727591544], [-90.1014878303364, 38.56551516172741], [-90.10703918777595, 38.57015732537014], [-90.11259125852546, 38.57479924995029], [-90.11832399892143, 38.57494064238296], [-90.12387718012955, 38.579582070024706], [-90.1296103575981, 38.57972292432643], [-90.13534357508938, 38.579863498234836], [-90.14107683252396, 38.580003791744], [-90.14681012982238, 38.58014380484799], [-90.15254346690519, 38.5802835375409], [-90.1580993457009, 38.58492343582021], [-90.16365593845713, 38.58956309408333], [-90.16921324535195, 38.59420251219789], [-90.17477126656355, 38.59884169003141], [-90.18033000227008, 38.60348062745143], [-90.18588945264969, 38.60811932432548], [-90.19144961788064, 38.61275778052102], [-90.19127398739786, 38.61725833052981], [-90.19683518607279, 38.62189656380297], [-90.19665983485031, 38.626397127556444], [-90.2022220675363, 38.63103513769752], [-90.20795972970198, 38.63117230726659]]}}, {"type": "Feature", "properties": {"route_run_id": "stl_midamerica_to_st_louis_union_station_2026-03-09_0261", "route_pair": "midamerica_to_st_louis_union_station", "route_pair_label": "MidAmerica to St. Louis Union Station", "origin_label": "MidAmerica St. Louis Airport", "destination_label": "St. Louis Union Station", "origin_lat": 38.5451731, "origin_lon": -89.8351856, "destination_lat": 38.629167, "destination_lon": -90.2075, "traffic_date": "2026-03-09", "traffic_dataset": "March 9th - Monday", "weight_id": "w_0261", "distance_weight": 0.6, "population_weight": 0.1, "traffic_weight": 0.3, "airspace_weight": 0.0, "path_nodes": 68, "path_node_ids": [8877, 8876, 8868, 8869, 8870, 8867, 9753, 9754, 9755, 9744, 9742, 9743, 9730, 9733, 9721, 9732, 9720, 9915, 9913, 9912, 9914, 9932, 7806, 9933, 9923, 9922, 7815, 7816, 9820, 9832, 9833, 9821, 7905, 7906, 9823, 9822, 7916, 7915, 7914, 7913, 1933, 1931, 1932, 1917, 1939, 1916, 1938, 1948, 1951, 1957, 1979, 2159, 2161, 2162, 2165, 2182, 2184, 2186, 2421, 2205, 2450, 2451, 2369, 2375, 2399, 2401, 2404, 2715], "elapsed_seconds": 0.01072089999797754, "status": "success", "failure_reason": "", "route_distance_km": 47.565033920383634, "distance_cost_sum": 52.34839582429753, "population_cost_sum": 23.905103345505033, "traffic_cost_sum": 3.7665472401703193, "airspace_cost_sum": 38.0, "total_weighted_score": 34.92951200118012}, "geometry": {"type": "LineString", "coordinates": [[-89.83272609742262, 38.54503213945896], [-89.83845499191484, 38.54518713674757], [-89.84418393041321, 38.54534185422887], [-89.8499129128385, 38.54549629189633], [-89.85564193911159, 38.545650449743434], [-89.86137100915332, 38.54580432776372], [-89.86710012288452, 38.545957925950695], [-89.87282928022606, 38.546111244297876], [-89.8785584810987, 38.54626428279884], [-89.88428772542336, 38.54641704144712], [-89.8902109731338, 38.54207014196144], [-89.895939948205, 38.54222231651928], [-89.90166896648022, 38.54237421124988], [-89.90739802788026, 38.54252582614685], [-89.91312713232598, 38.54267716120381], [-89.91885627973821, 38.54282821641439], [-89.92458547003774, 38.5429789917722], [-89.93031470314544, 38.543129487270946], [-89.93604397898207, 38.54327970290425], [-89.94177329746847, 38.543429638665806], [-89.94750265852547, 38.54357929454928], [-89.9532320620738, 38.543728670548404], [-89.9589615080343, 38.543877766656834], [-89.9646909963278, 38.54402658286834], [-89.97042052687505, 38.544175119176636], [-89.97615009959685, 38.54432337557549], [-89.98187971441398, 38.54447135205863], [-89.98760937124719, 38.544619048619815], [-89.99333907001733, 38.54476646525287], [-89.99906881064508, 38.54491360195155], [-90.00479859305136, 38.54506045870968], [-90.01052841715675, 38.54520703552103], [-90.01625828288213, 38.545353332379484], [-90.02198819014824, 38.545499349278856], [-90.0277181388758, 38.54564508621299], [-90.03344812898557, 38.54579054317578], [-90.03917816039834, 38.54593572016105], [-90.04490823303483, 38.54608061716274], [-90.05063834681579, 38.54622523417469], [-90.05636850166194, 38.546369571190844], [-90.06209869749397, 38.54651362820512], [-90.06782893423272, 38.54665740521145], [-90.07355921179885, 38.54680090220377], [-90.07928953011304, 38.54694411917603], [-90.08501988909612, 38.54708705612222], [-90.0907502886687, 38.547229713036316], [-90.09648072875154, 38.54737208991228], [-90.10221120926536, 38.547514186744145], [-90.10776130224352, 38.552156276261705], [-90.1133121078968, 38.55679812687479], [-90.11886362640328, 38.561439738451156], [-90.12441585794114, 38.56608111085856], [-90.13014796522363, 38.56622189752371], [-90.13588011249988, 38.566362403929894], [-90.1414338504828, 38.57100302146339], [-90.14698830189188, 38.575643399377846], [-90.15254346690519, 38.5802835375409], [-90.1580993457009, 38.58492343582021], [-90.16365593845713, 38.58956309408333], [-90.16921324535195, 38.59420251219789], [-90.17477126656355, 38.59884169003141], [-90.18033000227008, 38.60348062745143], [-90.18588945264969, 38.60811932432548], [-90.19144961788064, 38.61275778052102], [-90.19127398739786, 38.61725833052981], [-90.19683518607279, 38.62189656380297], [-90.20239710011477, 38.62653455609276], [-90.20795972970198, 38.63117230726659]]}}, {"type": "Feature", "properties": {"route_run_id": "stl_midamerica_to_st_louis_union_station_2026-03-09_0206", "route_pair": "midamerica_to_st_louis_union_station", "route_pair_label": "MidAmerica to St. Louis Union Station", "origin_label": "MidAmerica St. Louis Airport", "destination_label": "St. Louis Union Station", "origin_lat": 38.5451731, "origin_lon": -89.8351856, "destination_lat": 38.629167, "destination_lon": -90.2075, "traffic_date": "2026-03-09", "traffic_dataset": "March 9th - Monday", "weight_id": "w_0206", "distance_weight": 0.4, "population_weight": 0.0, "traffic_weight": 0.2, "airspace_weight": 0.4, "path_nodes": 67, "path_node_ids": [8877, 8876, 8892, 8897, 8899, 8926, 9788, 10013, 10014, 10036, 10052, 10054, 10061, 10051, 10049, 10048, 10050, 10253, 10252, 10241, 10240, 10248, 10246, 10247, 10245, 10231, 10230, 10262, 10150, 10148, 10149, 10151, 10161, 10159, 10158, 10160, 10166, 10168, 10167, 10169, 2247, 2269, 2268, 2278, 2283, 2508, 2286, 2298, 2300, 2304, 2307, 2491, 2492, 2818, 2496, 2507, 2506, 2828, 2505, 2809, 2811, 2810, 2728, 2730, 2731, 2729, 2715], "elapsed_seconds": 0.015844899986404926, "status": "success", "failure_reason": "", "route_distance_km": 46.683794018220816, "distance_cost_sum": 51.37853432284669, "population_cost_sum": 28.536414303461722, "traffic_cost_sum": 9.217492375120946, "airspace_cost_sum": 22.6, "total_weighted_score": 31.43491220416287}, "geometry": {"type": "LineString", "coordinates": [[-89.83272609742262, 38.54503213945896], [-89.83845499191484, 38.54518713674757], [-89.84398707949187, 38.54984103165108], [-89.84951987896733, 38.55449469187918], [-89.85505339052077, 38.559148117300026], [-89.86058761433173, 38.563801307781745], [-89.86612255057987, 38.568454263192415], [-89.87165819944471, 38.57310698340007], [-89.87719456110594, 38.577759468272795], [-89.88273163574308, 38.582411717678575], [-89.88826942353593, 38.58706373148541], [-89.89380792466403, 38.591715509561276], [-89.89934713930707, 38.59636705177409], [-89.90508047722643, 38.59651895818466], [-89.91081385831642, 38.59667058421835], [-89.91654728249756, 38.596821929868824], [-89.92228074969049, 38.59697299512966], [-89.92801425981584, 38.59712377999449], [-89.93374781279411, 38.597274284457015], [-89.93948140854593, 38.5974245085108], [-89.94521504699188, 38.5975744521496], [-89.95094872805251, 38.59772411536704], [-89.95668245164843, 38.59787349815684], [-89.96241621770018, 38.59802260051268], [-89.96815002612831, 38.59817142242828], [-89.9738838768534, 38.59831996389739], [-89.97961776979602, 38.59846822491371], [-89.98535170487666, 38.59861620547102], [-89.99108568201598, 38.59876390556306], [-89.99681970113441, 38.59891132518362], [-90.00255376215256, 38.59905846432648], [-90.00828786499093, 38.59920532298544], [-90.01402200957008, 38.5993519011543], [-90.01975619581054, 38.599498198826886], [-90.02549042363282, 38.599644215997024], [-90.03122469295744, 38.59978995265856], [-90.03695900370492, 38.599935408805365], [-90.0426933557958, 38.60008058443128], [-90.04842774915056, 38.600225479530216], [-90.05416218368977, 38.60037009409603], [-90.05989665933384, 38.60051442812264], [-90.06563117600335, 38.600658481603965], [-90.07136573361876, 38.60080225453393], [-90.07691763405278, 38.60544585525359], [-90.08247024897021, 38.61008921705863], [-90.08802357854981, 38.61473233981663], [-90.09375937107193, 38.61487505899075], [-90.09949520417183, 38.615017497448825], [-90.10505004462816, 38.61965986513943], [-90.1106056001435, 38.62430199333239], [-90.11634226958749, 38.624443634935055], [-90.1220789793104, 38.62458499570804], [-90.12781572923257, 38.62472607564535], [-90.13337319363258, 38.629367189437694], [-90.13911038141684, 38.62950773017495], [-90.14484760917111, 38.62964799001386], [-90.15058487681573, 38.629787968948484], [-90.156322184271, 38.62992766697294], [-90.16205953145733, 38.63006708408134], [-90.16779691829495, 38.630206220267794], [-90.17353434470424, 38.6303450755264], [-90.17927181060547, 38.63048364985134], [-90.185009315919, 38.63062194323676], [-90.1907468605651, 38.6307599556768], [-90.1964844444641, 38.63089768716567], [-90.2022220675363, 38.63103513769752], [-90.20795972970198, 38.63117230726659]]}}, {"type": "Feature", "properties": {"route_run_id": "stl_midamerica_to_st_louis_union_station_2026-03-09_0236", "route_pair": "midamerica_to_st_louis_union_station", "route_pair_label": "MidAmerica to St. Louis Union Station", "origin_label": "MidAmerica St. Louis Airport", "destination_label": "St. Louis Union Station", "origin_lat": 38.5451731, "origin_lon": -89.8351856, "destination_lat": 38.629167, "destination_lon": -90.2075, "traffic_date": "2026-03-09", "traffic_dataset": "March 9th - Monday", "weight_id": "w_0236", "distance_weight": 0.5, "population_weight": 0.0, "traffic_weight": 0.4, "airspace_weight": 0.1, "path_nodes": 67, "path_node_ids": [8877, 8876, 8892, 8897, 8899, 8926, 9788, 10013, 10014, 10036, 10052, 10054, 10061, 10051, 10049, 10048, 10050, 10253, 10252, 10241, 10240, 10248, 10246, 10247, 10245, 10231, 10230, 10262, 10150, 10148, 10149, 10151, 10161, 10156, 10154, 10155, 10162, 10164, 10163, 10165, 2244, 2246, 2268, 2278, 2283, 2508, 2286, 2298, 2300, 2301, 2303, 2490, 2467, 2488, 2489, 2498, 2501, 2503, 2504, 2486, 2487, 2810, 2728, 2730, 2731, 2729, 2715], "elapsed_seconds": 0.011700399976689368, "status": "success", "failure_reason": "", "route_distance_km": 47.21564940138753, "distance_cost_sum": 51.96387556670865, "population_cost_sum": 31.363362860577123, "traffic_cost_sum": 6.318986479689186, "airspace_cost_sum": 26.6, "total_weighted_score": 31.169532375230002}, "geometry": {"type": "LineString", "coordinates": [[-89.83272609742262, 38.54503213945896], [-89.83845499191484, 38.54518713674757], [-89.84398707949187, 38.54984103165108], [-89.84951987896733, 38.55449469187918], [-89.85505339052077, 38.559148117300026], [-89.86058761433173, 38.563801307781745], [-89.86612255057987, 38.568454263192415], [-89.87165819944471, 38.57310698340007], [-89.87719456110594, 38.577759468272795], [-89.88273163574308, 38.582411717678575], [-89.88826942353593, 38.58706373148541], [-89.89380792466403, 38.591715509561276], [-89.89934713930707, 38.59636705177409], [-89.90508047722643, 38.59651895818466], [-89.91081385831642, 38.59667058421835], [-89.91654728249756, 38.596821929868824], [-89.92228074969049, 38.59697299512966], [-89.92801425981584, 38.59712377999449], [-89.93374781279411, 38.597274284457015], [-89.93948140854593, 38.5974245085108], [-89.94521504699188, 38.5975744521496], [-89.95094872805251, 38.59772411536704], [-89.95668245164843, 38.59787349815684], [-89.96241621770018, 38.59802260051268], [-89.96815002612831, 38.59817142242828], [-89.9738838768534, 38.59831996389739], [-89.97961776979602, 38.59846822491371], [-89.98535170487666, 38.59861620547102], [-89.99108568201598, 38.59876390556306], [-89.99681970113441, 38.59891132518362], [-90.00255376215256, 38.59905846432648], [-90.00828786499093, 38.59920532298544], [-90.01402200957008, 38.5993519011543], [-90.01994242379944, 38.594998317950704], [-90.02567629459381, 38.59514431175206], [-90.03141020688051, 38.59529002508962], [-90.03714416058007, 38.595435457957215], [-90.04287815561301, 38.59558061034875], [-90.04861219189988, 38.59572548225811], [-90.0543462693612, 38.59587007367915], [-90.06008038791752, 38.59601438460579], [-90.06581454748931, 38.596158415031965], [-90.07136573361876, 38.60080225453393], [-90.07691763405278, 38.60544585525359], [-90.08247024897021, 38.61008921705863], [-90.08802357854981, 38.61473233981663], [-90.09375937107193, 38.61487505899075], [-90.09949520417183, 38.615017497448825], [-90.10505004462816, 38.61965986513943], [-90.11078631613944, 38.61980176485522], [-90.11652262799952, 38.61994338379215], [-90.12225898012872, 38.62008472194422], [-90.12799537244747, 38.620225779305486], [-90.13373180487615, 38.62036655586998], [-90.13946827733514, 38.62050705163176], [-90.14520478974481, 38.620647266584925], [-90.15076312932118, 38.625287586919086], [-90.15650007904509, 38.625427262589014], [-90.16223706849037, 38.62556665738775], [-90.16797409757739, 38.62570577130943], [-90.17371116622648, 38.62584460434813], [-90.17927181060547, 38.63048364985134], [-90.185009315919, 38.63062194323676], [-90.1907468605651, 38.6307599556768], [-90.1964844444641, 38.63089768716567], [-90.2022220675363, 38.63103513769752], [-90.20795972970198, 38.63117230726659]]}}, {"type": "Feature", "properties": {"route_run_id": "stl_midamerica_to_st_louis_union_station_2026-03-09_0205", "route_pair": "midamerica_to_st_louis_union_station", "route_pair_label": "MidAmerica to St. Louis Union Station", "origin_label": "MidAmerica St. Louis Airport", "destination_label": "St. Louis Union Station", "origin_lat": 38.5451731, "origin_lon": -89.8351856, "destination_lat": 38.629167, "destination_lon": -90.2075, "traffic_date": "2026-03-09", "traffic_dataset": "March 9th - Monday", "weight_id": "w_0205", "distance_weight": 0.4, "population_weight": 0.0, "traffic_weight": 0.1, "airspace_weight": 0.5, "path_nodes": 67, "path_node_ids": [8877, 8876, 8892, 8897, 8899, 8926, 9788, 10013, 10014, 10036, 10052, 10054, 10061, 10051, 10049, 10048, 10050, 10253, 10252, 10241, 10240, 10248, 10246, 10247, 10245, 10231, 10230, 10262, 10150, 10148, 10149, 10151, 10161, 10159, 10158, 10160, 10166, 10168, 10167, 10169, 2247, 2269, 2268, 2278, 2283, 2508, 2286, 2298, 2300, 2304, 2307, 2491, 2492, 2818, 2496, 2507, 2506, 2828, 2505, 2809, 2811, 2810, 2728, 2730, 2731, 2729, 2715], "elapsed_seconds": 0.017002200009301305, "status": "success", "failure_reason": "", "route_distance_km": 46.683794018220816, "distance_cost_sum": 51.37853432284669, "population_cost_sum": 28.536414303461722, "traffic_cost_sum": 9.217492375120946, "airspace_cost_sum": 22.6, "total_weighted_score": 32.77316296665078}, "geometry": {"type": "LineString", "coordinates": [[-89.83272609742262, 38.54503213945896], [-89.83845499191484, 38.54518713674757], [-89.84398707949187, 38.54984103165108], [-89.84951987896733, 38.55449469187918], [-89.85505339052077, 38.559148117300026], [-89.86058761433173, 38.563801307781745], [-89.86612255057987, 38.568454263192415], [-89.87165819944471, 38.57310698340007], [-89.87719456110594, 38.577759468272795], [-89.88273163574308, 38.582411717678575], [-89.88826942353593, 38.58706373148541], [-89.89380792466403, 38.591715509561276], [-89.89934713930707, 38.59636705177409], [-89.90508047722643, 38.59651895818466], [-89.91081385831642, 38.59667058421835], [-89.91654728249756, 38.596821929868824], [-89.92228074969049, 38.59697299512966], [-89.92801425981584, 38.59712377999449], [-89.93374781279411, 38.597274284457015], [-89.93948140854593, 38.5974245085108], [-89.94521504699188, 38.5975744521496], [-89.95094872805251, 38.59772411536704], [-89.95668245164843, 38.59787349815684], [-89.96241621770018, 38.59802260051268], [-89.96815002612831, 38.59817142242828], [-89.9738838768534, 38.59831996389739], [-89.97961776979602, 38.59846822491371], [-89.98535170487666, 38.59861620547102], [-89.99108568201598, 38.59876390556306], [-89.99681970113441, 38.59891132518362], [-90.00255376215256, 38.59905846432648], [-90.00828786499093, 38.59920532298544], [-90.01402200957008, 38.5993519011543], [-90.01975619581054, 38.599498198826886], [-90.02549042363282, 38.599644215997024], [-90.03122469295744, 38.59978995265856], [-90.03695900370492, 38.599935408805365], [-90.0426933557958, 38.60008058443128], [-90.04842774915056, 38.600225479530216], [-90.05416218368977, 38.60037009409603], [-90.05989665933384, 38.60051442812264], [-90.06563117600335, 38.600658481603965], [-90.07136573361876, 38.60080225453393], [-90.07691763405278, 38.60544585525359], [-90.08247024897021, 38.61008921705863], [-90.08802357854981, 38.61473233981663], [-90.09375937107193, 38.61487505899075], [-90.09949520417183, 38.615017497448825], [-90.10505004462816, 38.61965986513943], [-90.1106056001435, 38.62430199333239], [-90.11634226958749, 38.624443634935055], [-90.1220789793104, 38.62458499570804], [-90.12781572923257, 38.62472607564535], [-90.13337319363258, 38.629367189437694], [-90.13911038141684, 38.62950773017495], [-90.14484760917111, 38.62964799001386], [-90.15058487681573, 38.629787968948484], [-90.156322184271, 38.62992766697294], [-90.16205953145733, 38.63006708408134], [-90.16779691829495, 38.630206220267794], [-90.17353434470424, 38.6303450755264], [-90.17927181060547, 38.63048364985134], [-90.185009315919, 38.63062194323676], [-90.1907468605651, 38.6307599556768], [-90.1964844444641, 38.63089768716567], [-90.2022220675363, 38.63103513769752], [-90.20795972970198, 38.63117230726659]]}}, {"type": "Feature", "properties": {"route_run_id": "stl_midamerica_to_st_louis_union_station_2026-03-09_0125", "route_pair": "midamerica_to_st_louis_union_station", "route_pair_label": "MidAmerica to St. Louis Union Station", "origin_label": "MidAmerica St. Louis Airport", "destination_label": "St. Louis Union Station", "origin_lat": 38.5451731, "origin_lon": -89.8351856, "destination_lat": 38.629167, "destination_lon": -90.2075, "traffic_date": "2026-03-09", "traffic_dataset": "March 9th - Monday", "weight_id": "w_0125", "distance_weight": 0.2, "population_weight": 0.0, "traffic_weight": 0.3, "airspace_weight": 0.5, "path_nodes": 67, "path_node_ids": [8877, 8876, 8892, 8897, 8899, 8926, 9788, 10013, 10014, 10036, 10052, 10054, 10061, 10051, 10049, 10048, 10050, 10253, 10252, 10241, 10240, 10248, 10246, 10247, 10245, 10231, 10230, 10262, 10150, 10148, 10149, 10151, 10161, 10156, 10154, 10155, 10162, 10164, 10163, 10165, 2244, 2246, 2268, 2278, 2283, 2508, 2286, 2298, 2300, 2304, 2531, 2819, 2820, 2822, 2825, 2836, 2848, 2850, 2837, 2859, 2858, 2815, 2759, 2734, 2731, 2729, 2715], "elapsed_seconds": 0.029837499983841553, "status": "success", "failure_reason": "", "route_distance_km": 48.81678601447848, "distance_cost_sum": 53.726029953713976, "population_cost_sum": 28.570091945307983, "traffic_cost_sum": 5.278783894524551, "airspace_cost_sum": 22.6, "total_weighted_score": 23.62884115910017}, "geometry": {"type": "LineString", "coordinates": [[-89.83272609742262, 38.54503213945896], [-89.83845499191484, 38.54518713674757], [-89.84398707949187, 38.54984103165108], [-89.84951987896733, 38.55449469187918], [-89.85505339052077, 38.559148117300026], [-89.86058761433173, 38.563801307781745], [-89.86612255057987, 38.568454263192415], [-89.87165819944471, 38.57310698340007], [-89.87719456110594, 38.577759468272795], [-89.88273163574308, 38.582411717678575], [-89.88826942353593, 38.58706373148541], [-89.89380792466403, 38.591715509561276], [-89.89934713930707, 38.59636705177409], [-89.90508047722643, 38.59651895818466], [-89.91081385831642, 38.59667058421835], [-89.91654728249756, 38.596821929868824], [-89.92228074969049, 38.59697299512966], [-89.92801425981584, 38.59712377999449], [-89.93374781279411, 38.597274284457015], [-89.93948140854593, 38.5974245085108], [-89.94521504699188, 38.5975744521496], [-89.95094872805251, 38.59772411536704], [-89.95668245164843, 38.59787349815684], [-89.96241621770018, 38.59802260051268], [-89.96815002612831, 38.59817142242828], [-89.9738838768534, 38.59831996389739], [-89.97961776979602, 38.59846822491371], [-89.98535170487666, 38.59861620547102], [-89.99108568201598, 38.59876390556306], [-89.99681970113441, 38.59891132518362], [-90.00255376215256, 38.59905846432648], [-90.00828786499093, 38.59920532298544], [-90.01402200957008, 38.5993519011543], [-90.01994242379944, 38.594998317950704], [-90.02567629459381, 38.59514431175206], [-90.03141020688051, 38.59529002508962], [-90.03714416058007, 38.595435457957215], [-90.04287815561301, 38.59558061034875], [-90.04861219189988, 38.59572548225811], [-90.0543462693612, 38.59587007367915], [-90.06008038791752, 38.59601438460579], [-90.06581454748931, 38.596158415031965], [-90.07136573361876, 38.60080225453393], [-90.07691763405278, 38.60544585525359], [-90.08247024897021, 38.61008921705863], [-90.08802357854981, 38.61473233981663], [-90.09375937107193, 38.61487505899075], [-90.09949520417183, 38.615017497448825], [-90.10505004462816, 38.61965986513943], [-90.1106056001435, 38.62430199333239], [-90.11616187089658, 38.62894388189524], [-90.12171885706623, 38.633585530695484], [-90.12745632243416, 38.63372665579325], [-90.13319382794117, 38.633867499959656], [-90.13875232561846, 38.63850839203032], [-90.144490269036, 38.638648696766005], [-90.15004988039681, 38.64328909003685], [-90.15578826152439, 38.64342885514139], [-90.16152668241186, 38.64356833919522], [-90.16726514297947, 38.64370754219247], [-90.17300364314747, 38.64384646412727], [-90.17891876485407, 38.63948462409952], [-90.18465698596519, 38.639622961753446], [-90.19057107312773, 38.63526048909833], [-90.1964844444641, 38.63089768716567], [-90.2022220675363, 38.63103513769752], [-90.20795972970198, 38.63117230726659]]}}, {"type": "Feature", "properties": {"route_run_id": "stl_midamerica_to_st_louis_union_station_2026-03-09_0220", "route_pair": "midamerica_to_st_louis_union_station", "route_pair_label": "MidAmerica to St. Louis Union Station", "origin_label": "MidAmerica St. Louis Airport", "destination_label": "St. Louis Union Station", "origin_lat": 38.5451731, "origin_lon": -89.8351856, "destination_lat": 38.629167, "destination_lon": -90.2075, "traffic_date": "2026-03-09", "traffic_dataset": "March 9th - Monday", "weight_id": "w_0220", "distance_weight": 0.4, "population_weight": 0.2, "traffic_weight": 0.3, "airspace_weight": 0.1, "path_nodes": 68, "path_node_ids": [8877, 8881, 8904, 8922, 8923, 8927, 9145, 10016, 10018, 10062, 10055, 10058, 10094, 10096, 10103, 10104, 10110, 10109, 10291, 10512, 10290, 10289, 10294, 10281, 10292, 10293, 10304, 10303, 10302, 10315, 10316, 10317, 10314, 10207, 10206, 10204, 10205, 10323, 10328, 10329, 10327, 2548, 2550, 2556, 2553, 2544, 2546, 2579, 2560, 2564, 2567, 2566, 2844, 2842, 2838, 2827, 2849, 2848, 2850, 2837, 2859, 2858, 2860, 2759, 2734, 2731, 2729, 2715], "elapsed_seconds": 0.018079700006637722, "status": "success", "failure_reason": "", "route_distance_km": 49.73326992469228, "distance_cost_sum": 54.73467976522835, "population_cost_sum": 15.38844614564863, "traffic_cost_sum": 6.463877156345732, "airspace_cost_sum": 24.4, "total_weighted_score": 29.350724282124787}, "geometry": {"type": "LineString", "coordinates": [[-89.83272609742262, 38.54503213945896], [-89.83252853470323, 38.54953126729425], [-89.83806053424684, 38.55418543772932], [-89.84359324582596, 38.558839373542895], [-89.84912666962028, 38.563493074603095], [-89.85466080580946, 38.568146540778045], [-89.86019565457306, 38.572799771935806], [-89.86573121609086, 38.57745276794444], [-89.87126749054252, 38.58210552867199], [-89.8768044781077, 38.58675805398646], [-89.88234217896623, 38.591410343755804], [-89.8878805932977, 38.59606239784802], [-89.89341972128202, 38.600714216131045], [-89.89895956309883, 38.60536579847276], [-89.90450011892796, 38.61001714474108], [-89.91004138894921, 38.614668254803874], [-89.9155833733424, 38.61931912852895], [-89.92131862594731, 38.619470314708934], [-89.92705392153653, 38.61962122026898], [-89.93278926003055, 38.619771845202735], [-89.93852464134986, 38.619922189503846], [-89.94445114702152, 38.615572701498955], [-89.95018625645967, 38.61572246055001], [-89.9559214084743, 38.61587193899423], [-89.9616566029858, 38.61602113682532], [-89.96739183991471, 38.61617005403699], [-89.97312711918148, 38.61631869062297], [-89.97886244070665, 38.616467046576965], [-89.9845978044106, 38.61661512189275], [-89.9903332102139, 38.61676291656407], [-89.99606865803695, 38.61691043058469], [-90.00180414780024, 38.61705766394838], [-90.00753967942423, 38.617204616648934], [-90.01327525282936, 38.61735128868017], [-90.01901086793612, 38.61749768003589], [-90.02474652466493, 38.617643790709906], [-90.03048222293627, 38.617789620696094], [-90.03621796267052, 38.617935169988264], [-90.04176873755169, 38.622580391570615], [-90.04750491743872, 38.62272540266021], [-90.05324113855997, 38.6228701329926], [-90.0587934259509, 38.627514600818145], [-90.06434642856152, 38.63215882981023], [-90.0699001465709, 38.63680281983647], [-90.0756376048565, 38.63694649603503], [-90.08137510400799, 38.63708989131143], [-90.08711264394572, 38.63723300565962], [-90.09266827345223, 38.64187598250663], [-90.09840625259658, 38.64201855779177], [-90.10396299643912, 38.64666103690741], [-90.10970141459032, 38.646803072928776], [-90.11543987314892, 38.64694482790208], [-90.12117837203515, 38.64708630182135], [-90.12691691116937, 38.64722749468063], [-90.13283497637043, 38.64286810847808], [-90.13857323774008, 38.64300871669927], [-90.14431153910874, 38.643149043887504], [-90.15004988039681, 38.64328909003685], [-90.15578826152439, 38.64342885514139], [-90.16152668241186, 38.64356833919522], [-90.16726514297947, 38.64370754219247], [-90.17300364314747, 38.64384646412727], [-90.17874218283609, 38.64398510499372], [-90.18465698596519, 38.639622961753446], [-90.19057107312773, 38.63526048909833], [-90.1964844444641, 38.63089768716567], [-90.2022220675363, 38.63103513769752], [-90.20795972970198, 38.63117230726659]]}}, {"type": "Feature", "properties": {"route_run_id": "stl_midamerica_to_st_louis_union_station_2026-03-09_0264", "route_pair": "midamerica_to_st_louis_union_station", "route_pair_label": "MidAmerica to St. Louis Union Station", "origin_label": "MidAmerica St. Louis Airport", "destination_label": "St. Louis Union Station", "origin_lat": 38.5451731, "origin_lon": -89.8351856, "destination_lat": 38.629167, "destination_lon": -90.2075, "traffic_date": "2026-03-09", "traffic_dataset": "March 9th - Monday", "weight_id": "w_0264", "distance_weight": 0.6, "population_weight": 0.2, "traffic_weight": 0.2, "airspace_weight": 0.0, "path_nodes": 67, "path_node_ids": [8877, 8876, 8868, 8869, 8870, 8867, 9753, 9754, 9755, 9744, 9742, 9743, 9730, 9733, 9721, 9732, 9720, 9915, 9913, 9912, 9914, 9932, 7806, 9933, 9926, 9927, 9924, 9925, 9839, 9873, 9878, 9881, 9897, 9895, 9896, 9894, 9902, 9903, 9904, 9909, 2213, 2212, 2214, 1997, 1994, 1995, 1996, 2228, 2232, 2259, 2258, 2413, 2416, 2415, 2414, 2440, 2438, 2439, 2427, 2453, 2455, 2457, 2372, 2399, 2401, 2404, 2715], "elapsed_seconds": 0.010594499995931983, "status": "success", "failure_reason": "", "route_distance_km": 47.19755092313367, "distance_cost_sum": 51.943957020975326, "population_cost_sum": 18.879677773463925, "traffic_cost_sum": 6.422023255291338, "airspace_cost_sum": 38.0, "total_weighted_score": 36.22671441833624}, "geometry": {"type": "LineString", "coordinates": [[-89.83272609742262, 38.54503213945896], [-89.83845499191484, 38.54518713674757], [-89.84418393041321, 38.54534185422887], [-89.8499129128385, 38.54549629189633], [-89.85564193911159, 38.545650449743434], [-89.86137100915332, 38.54580432776372], [-89.86710012288452, 38.545957925950695], [-89.87282928022606, 38.546111244297876], [-89.8785584810987, 38.54626428279884], [-89.88428772542336, 38.54641704144712], [-89.8902109731338, 38.54207014196144], [-89.895939948205, 38.54222231651928], [-89.90166896648022, 38.54237421124988], [-89.90739802788026, 38.54252582614685], [-89.91312713232598, 38.54267716120381], [-89.91885627973821, 38.54282821641439], [-89.92458547003774, 38.5429789917722], [-89.93031470314544, 38.543129487270946], [-89.93604397898207, 38.54327970290425], [-89.94177329746847, 38.543429638665806], [-89.94750265852547, 38.54357929454928], [-89.9532320620738, 38.543728670548404], [-89.9589615080343, 38.543877766656834], [-89.9646909963278, 38.54402658286834], [-89.97023155068236, 38.54867483450422], [-89.9759614794683, 38.54882311464288], [-89.9816914503597, 38.548971114821086], [-89.98742146327739, 38.54911883503266], [-89.99296392439905, 38.55376608104985], [-89.9985070979577, 38.55841308997815], [-90.00405098413212, 38.56305986168546], [-90.00959558310103, 38.56770639603968], [-90.01514089504332, 38.57235269290866], [-90.02087294036811, 38.5724988501429], [-90.02660502721452, 38.572644727143405], [-90.03233715550313, 38.57279032390402], [-90.0380693251546, 38.572935640418635], [-90.04380153608955, 38.57308067668109], [-90.04953378822863, 38.57322543268529], [-90.05508220119658, 38.57786994989744], [-90.06081489219632, 38.57801416845261], [-90.06654762417196, 38.57815810668649], [-90.072280397044, 38.57830176459299], [-90.07801321073313, 38.57844514216606], [-90.0837460651599, 38.578588239399664], [-90.08947896024489, 38.57873105628777], [-90.09521189590866, 38.57887359282438], [-90.10076380515675, 38.58351606972012], [-90.10631642817187, 38.58815830752748], [-90.1118697651324, 38.592800306114135], [-90.1176039331599, 38.59294178911507], [-90.1233381413982, 38.59308299160015], [-90.12907238976779, 38.59322391356342], [-90.13480667818914, 38.593364554998935], [-90.14054100658272, 38.593504915900766], [-90.14609704360437, 38.598145385068456], [-90.15183180886861, 38.59828520726528], [-90.15756661387618, 38.59842474886584], [-90.16330145854758, 38.59856400986431], [-90.16885940074975, 38.60320346415569], [-90.17441805758689, 38.60784267808668], [-90.17997742923725, 38.612481651524796], [-90.18571350391167, 38.61261985640587], [-90.19127398739786, 38.61725833052981], [-90.19683518607279, 38.62189656380297], [-90.20239710011477, 38.62653455609276], [-90.20795972970198, 38.63117230726659]]}}, {"type": "Feature", "properties": {"route_run_id": "stl_midamerica_to_st_louis_union_station_2026-03-09_0235", "route_pair": "midamerica_to_st_louis_union_station", "route_pair_label": "MidAmerica to St. Louis Union Station", "origin_label": "MidAmerica St. Louis Airport", "destination_label": "St. Louis Union Station", "origin_lat": 38.5451731, "origin_lon": -89.8351856, "destination_lat": 38.629167, "destination_lon": -90.2075, "traffic_date": "2026-03-09", "traffic_dataset": "March 9th - Monday", "weight_id": "w_0235", "distance_weight": 0.5, "population_weight": 0.0, "traffic_weight": 0.3, "airspace_weight": 0.2, "path_nodes": 67, "path_node_ids": [8877, 8876, 8892, 8897, 8899, 8926, 9788, 10013, 10014, 10036, 10052, 10054, 10061, 10051, 10049, 10048, 10050, 10253, 10252, 10241, 10240, 10248, 10246, 10247, 10245, 10231, 10230, 10262, 10150, 10148, 10149, 10151, 10161, 10156, 10154, 10155, 10162, 10164, 10163, 10165, 2244, 2246, 2268, 2278, 2283, 2508, 2286, 2298, 2300, 2304, 2307, 2491, 2492, 2493, 2496, 2507, 2506, 2828, 2505, 2809, 2811, 2810, 2728, 2730, 2731, 2729, 2715], "elapsed_seconds": 0.012153099989518523, "status": "success", "failure_reason": "", "route_distance_km": 47.21619300596334, "distance_cost_sum": 51.96447383869885, "population_cost_sum": 28.717300579358028, "traffic_cost_sum": 7.796821346601212, "airspace_cost_sum": 23.000000000000018, "total_weighted_score": 32.92128332332979}, "geometry": {"type": "LineString", "coordinates": [[-89.83272609742262, 38.54503213945896], [-89.83845499191484, 38.54518713674757], [-89.84398707949187, 38.54984103165108], [-89.84951987896733, 38.55449469187918], [-89.85505339052077, 38.559148117300026], [-89.86058761433173, 38.563801307781745], [-89.86612255057987, 38.568454263192415], [-89.87165819944471, 38.57310698340007], [-89.87719456110594, 38.577759468272795], [-89.88273163574308, 38.582411717678575], [-89.88826942353593, 38.58706373148541], [-89.89380792466403, 38.591715509561276], [-89.89934713930707, 38.59636705177409], [-89.90508047722643, 38.59651895818466], [-89.91081385831642, 38.59667058421835], [-89.91654728249756, 38.596821929868824], [-89.92228074969049, 38.59697299512966], [-89.92801425981584, 38.59712377999449], [-89.93374781279411, 38.597274284457015], [-89.93948140854593, 38.5974245085108], [-89.94521504699188, 38.5975744521496], [-89.95094872805251, 38.59772411536704], [-89.95668245164843, 38.59787349815684], [-89.96241621770018, 38.59802260051268], [-89.96815002612831, 38.59817142242828], [-89.9738838768534, 38.59831996389739], [-89.97961776979602, 38.59846822491371], [-89.98535170487666, 38.59861620547102], [-89.99108568201598, 38.59876390556306], [-89.99681970113441, 38.59891132518362], [-90.00255376215256, 38.59905846432648], [-90.00828786499093, 38.59920532298544], [-90.01402200957008, 38.5993519011543], [-90.01994242379944, 38.594998317950704], [-90.02567629459381, 38.59514431175206], [-90.03141020688051, 38.59529002508962], [-90.03714416058007, 38.595435457957215], [-90.04287815561301, 38.59558061034875], [-90.04861219189988, 38.59572548225811], [-90.0543462693612, 38.59587007367915], [-90.06008038791752, 38.59601438460579], [-90.06581454748931, 38.596158415031965], [-90.07136573361876, 38.60080225453393], [-90.07691763405278, 38.60544585525359], [-90.08247024897021, 38.61008921705863], [-90.08802357854981, 38.61473233981663], [-90.09375937107193, 38.61487505899075], [-90.09949520417183, 38.615017497448825], [-90.10505004462816, 38.61965986513943], [-90.1106056001435, 38.62430199333239], [-90.11634226958749, 38.624443634935055], [-90.1220789793104, 38.62458499570804], [-90.12781572923257, 38.62472607564535], [-90.13355251927439, 38.62486687474105], [-90.13911038141684, 38.62950773017495], [-90.14484760917111, 38.62964799001386], [-90.15058487681573, 38.629787968948484], [-90.156322184271, 38.62992766697294], [-90.16205953145733, 38.63006708408134], [-90.16779691829495, 38.630206220267794], [-90.17353434470424, 38.6303450755264], [-90.17927181060547, 38.63048364985134], [-90.185009315919, 38.63062194323676], [-90.1907468605651, 38.6307599556768], [-90.1964844444641, 38.63089768716567], [-90.2022220675363, 38.63103513769752], [-90.20795972970198, 38.63117230726659]]}}, {"type": "Feature", "properties": {"route_run_id": "stl_midamerica_to_st_louis_union_station_2026-03-09_0076", "route_pair": "midamerica_to_st_louis_union_station", "route_pair_label": "MidAmerica to St. Louis Union Station", "origin_label": "MidAmerica St. Louis Airport", "destination_label": "St. Louis Union Station", "origin_lat": 38.5451731, "origin_lon": -89.8351856, "destination_lat": 38.629167, "destination_lon": -90.2075, "traffic_date": "2026-03-09", "traffic_dataset": "March 9th - Monday", "weight_id": "w_0076", "distance_weight": 0.1, "population_weight": 0.0, "traffic_weight": 0.9, "airspace_weight": 0.0, "path_nodes": 69, "path_node_ids": [8877, 8861, 8864, 8865, 8866, 8863, 7715, 7713, 7714, 9726, 9727, 9729, 9728, 9719, 9718, 9716, 9717, 7794, 7793, 7795, 7796, 7804, 7803, 7805, 7813, 7814, 7811, 7812, 9817, 9816, 9819, 9818, 7905, 7901, 7902, 7903, 7916, 7915, 7914, 7913, 1933, 1931, 1932, 1917, 1943, 1946, 1970, 1983, 1998, 2003, 2000, 2191, 2194, 2193, 2192, 2185, 2184, 2186, 2421, 2205, 2450, 2451, 2369, 2375, 2399, 2401, 2406, 2729, 2715], "elapsed_seconds": 0.018125099973985925, "status": "success", "failure_reason": "", "route_distance_km": 49.00456878084652, "distance_cost_sum": 53.93269703187205, "population_cost_sum": 29.18730134339127, "traffic_cost_sum": 1.8881849111714815, "airspace_cost_sum": 38.6, "total_weighted_score": 7.0926361232415385}, "geometry": {"type": "LineString", "coordinates": [[-89.83272609742262, 38.54503213945896], [-89.83865215473445, 38.54068797977641], [-89.84438073740759, 38.54084267248963], [-89.8501093639971, 38.54099708543371], [-89.85583803442384, 38.541151218602124], [-89.86156674860865, 38.54130507198842], [-89.86729550647239, 38.541458645586076], [-89.87321929212519, 38.537112630177866], [-89.87894778130001, 38.537265619682024], [-89.88467631390589, 38.53741832942288], [-89.89040488986362, 38.53757075939403], [-89.89613350909408, 38.53772290958904], [-89.90186217151818, 38.537874780001516], [-89.90759087705666, 38.53802637062506], [-89.91331962563046, 38.538177681453305], [-89.91904841716038, 38.53832871247986], [-89.9247772515673, 38.53847946369838], [-89.93050612877201, 38.5386299351025], [-89.93623504869535, 38.538780126685914], [-89.94196401125822, 38.538930038442274], [-89.94769301638131, 38.53907967036528], [-89.95342206398557, 38.53922902244861], [-89.95915115399177, 38.53937809468601], [-89.9648802863207, 38.53952688707118], [-89.97060946089319, 38.53967539959786], [-89.97633867763007, 38.53982363225979], [-89.98206793645213, 38.53997158505075], [-89.98779723728013, 38.54011925796448], [-89.99352658003491, 38.54026665099478], [-89.99925596463726, 38.54041376413546], [-90.00498539100796, 38.54056059738029], [-90.0107148590678, 38.5407071507231], [-90.01625828288213, 38.545353332379484], [-90.022173919938, 38.540999417678], [-90.02790351258993, 38.54114513127777], [-90.03363314661406, 38.54129056495092], [-90.03917816039834, 38.54593572016105], [-90.04490823303483, 38.54608061716274], [-90.05063834681579, 38.54622523417469], [-90.05636850166194, 38.546369571190844], [-90.06209869749397, 38.54651362820512], [-90.06782893423272, 38.54665740521145], [-90.07355921179885, 38.54680090220377], [-90.07928953011304, 38.54694411917603], [-90.08483803609515, 38.551587237746496], [-90.09038725467427, 38.55623011778336], [-90.09593718602859, 38.5608727591544], [-90.1014878303364, 38.56551516172741], [-90.10703918777595, 38.57015732537014], [-90.11259125852546, 38.57479924995029], [-90.11832399892143, 38.57494064238296], [-90.12387718012955, 38.579582070024706], [-90.1296103575981, 38.57972292432643], [-90.13534357508938, 38.579863498234836], [-90.14107683252396, 38.580003791744], [-90.14681012982238, 38.58014380484799], [-90.15254346690519, 38.5802835375409], [-90.1580993457009, 38.58492343582021], [-90.16365593845713, 38.58956309408333], [-90.16921324535195, 38.59420251219789], [-90.17477126656355, 38.59884169003141], [-90.18033000227008, 38.60348062745143], [-90.18588945264969, 38.60811932432548], [-90.19144961788064, 38.61275778052102], [-90.19127398739786, 38.61725833052981], [-90.19683518607279, 38.62189656380297], [-90.19665983485031, 38.626397127556444], [-90.2022220675363, 38.63103513769752], [-90.20795972970198, 38.63117230726659]]}}, {"type": "Feature", "properties": {"route_run_id": "stl_midamerica_to_st_louis_union_station_2026-03-09_0071", "route_pair": "midamerica_to_st_louis_union_station", "route_pair_label": "MidAmerica to St. Louis Union Station", "origin_label": "MidAmerica St. Louis Airport", "destination_label": "St. Louis Union Station", "origin_lat": 38.5451731, "origin_lon": -89.8351856, "destination_lat": 38.629167, "destination_lon": -90.2075, "traffic_date": "2026-03-09", "traffic_dataset": "March 9th - Monday", "weight_id": "w_0071", "distance_weight": 0.1, "population_weight": 0.0, "traffic_weight": 0.4, "airspace_weight": 0.5, "path_nodes": 67, "path_node_ids": [8877, 8876, 8892, 8897, 8899, 8926, 9788, 10013, 10014, 10036, 10052, 10054, 10061, 10051, 10049, 10048, 10050, 10253, 10252, 10241, 10240, 10248, 10246, 10247, 10245, 10231, 10230, 10262, 10150, 10148, 10149, 10151, 10161, 10156, 10154, 10155, 10162, 10164, 10163, 10165, 2244, 2246, 2268, 2278, 2283, 2508, 2286, 2298, 2300, 2304, 2531, 2819, 2820, 2822, 2825, 2836, 2848, 2850, 2837, 2859, 2858, 2815, 2759, 2734, 2731, 2729, 2715], "elapsed_seconds": 0.0369494000042323, "status": "success", "failure_reason": "", "route_distance_km": 48.81678601447848, "distance_cost_sum": 53.726029953713976, "population_cost_sum": 28.570091945307983, "traffic_cost_sum": 5.278783894524551, "airspace_cost_sum": 22.6, "total_weighted_score": 18.784116553181224}, "geometry": {"type": "LineString", "coordinates": [[-89.83272609742262, 38.54503213945896], [-89.83845499191484, 38.54518713674757], [-89.84398707949187, 38.54984103165108], [-89.84951987896733, 38.55449469187918], [-89.85505339052077, 38.559148117300026], [-89.86058761433173, 38.563801307781745], [-89.86612255057987, 38.568454263192415], [-89.87165819944471, 38.57310698340007], [-89.87719456110594, 38.577759468272795], [-89.88273163574308, 38.582411717678575], [-89.88826942353593, 38.58706373148541], [-89.89380792466403, 38.591715509561276], [-89.89934713930707, 38.59636705177409], [-89.90508047722643, 38.59651895818466], [-89.91081385831642, 38.59667058421835], [-89.91654728249756, 38.596821929868824], [-89.92228074969049, 38.59697299512966], [-89.92801425981584, 38.59712377999449], [-89.93374781279411, 38.597274284457015], [-89.93948140854593, 38.5974245085108], [-89.94521504699188, 38.5975744521496], [-89.95094872805251, 38.59772411536704], [-89.95668245164843, 38.59787349815684], [-89.96241621770018, 38.59802260051268], [-89.96815002612831, 38.59817142242828], [-89.9738838768534, 38.59831996389739], [-89.97961776979602, 38.59846822491371], [-89.98535170487666, 38.59861620547102], [-89.99108568201598, 38.59876390556306], [-89.99681970113441, 38.59891132518362], [-90.00255376215256, 38.59905846432648], [-90.00828786499093, 38.59920532298544], [-90.01402200957008, 38.5993519011543], [-90.01994242379944, 38.594998317950704], [-90.02567629459381, 38.59514431175206], [-90.03141020688051, 38.59529002508962], [-90.03714416058007, 38.595435457957215], [-90.04287815561301, 38.59558061034875], [-90.04861219189988, 38.59572548225811], [-90.0543462693612, 38.59587007367915], [-90.06008038791752, 38.59601438460579], [-90.06581454748931, 38.596158415031965], [-90.07136573361876, 38.60080225453393], [-90.07691763405278, 38.60544585525359], [-90.08247024897021, 38.61008921705863], [-90.08802357854981, 38.61473233981663], [-90.09375937107193, 38.61487505899075], [-90.09949520417183, 38.615017497448825], [-90.10505004462816, 38.61965986513943], [-90.1106056001435, 38.62430199333239], [-90.11616187089658, 38.62894388189524], [-90.12171885706623, 38.633585530695484], [-90.12745632243416, 38.63372665579325], [-90.13319382794117, 38.633867499959656], [-90.13875232561846, 38.63850839203032], [-90.144490269036, 38.638648696766005], [-90.15004988039681, 38.64328909003685], [-90.15578826152439, 38.64342885514139], [-90.16152668241186, 38.64356833919522], [-90.16726514297947, 38.64370754219247], [-90.17300364314747, 38.64384646412727], [-90.17891876485407, 38.63948462409952], [-90.18465698596519, 38.639622961753446], [-90.19057107312773, 38.63526048909833], [-90.1964844444641, 38.63089768716567], [-90.2022220675363, 38.63103513769752], [-90.20795972970198, 38.63117230726659]]}}, {"type": "Feature", "properties": {"route_run_id": "stl_midamerica_to_st_louis_union_station_2026-03-09_0086", "route_pair": "midamerica_to_st_louis_union_station", "route_pair_label": "MidAmerica to St. Louis Union Station", "origin_label": "MidAmerica St. Louis Airport", "destination_label": "St. Louis Union Station", "origin_lat": 38.5451731, "origin_lon": -89.8351856, "destination_lat": 38.629167, "destination_lon": -90.2075, "traffic_date": "2026-03-09", "traffic_dataset": "March 9th - Monday", "weight_id": "w_0086", "distance_weight": 0.1, "population_weight": 0.2, "traffic_weight": 0.0, "airspace_weight": 0.7, "path_nodes": 68, "path_node_ids": [8877, 8881, 8904, 8922, 8923, 8927, 9145, 10016, 10018, 10062, 10055, 10058, 10094, 10096, 10103, 10104, 10110, 10109, 10516, 10515, 10514, 10517, 10522, 10299, 10300, 10301, 10309, 10308, 10310, 10343, 10345, 10344, 10342, 10355, 10210, 10208, 10209, 10326, 10328, 10322, 10191, 2276, 2518, 2277, 2509, 2287, 2508, 2286, 2298, 2300, 2301, 2307, 2495, 2820, 2823, 2827, 2849, 2848, 2850, 2837, 2859, 2858, 2863, 2763, 2762, 2737, 2732, 2715], "elapsed_seconds": 0.04134600001270883, "status": "success", "failure_reason": "", "route_distance_km": 50.798227970467636, "distance_cost_sum": 55.90673496463881, "population_cost_sum": 14.014987217207485, "traffic_cost_sum": 14.050998358655537, "airspace_cost_sum": 22.6, "total_weighted_score": 24.213670939905384}, "geometry": {"type": "LineString", "coordinates": [[-89.83272609742262, 38.54503213945896], [-89.83252853470323, 38.54953126729425], [-89.83806053424684, 38.55418543772932], [-89.84359324582596, 38.558839373542895], [-89.84912666962028, 38.563493074603095], [-89.85466080580946, 38.568146540778045], [-89.86019565457306, 38.572799771935806], [-89.86573121609086, 38.57745276794444], [-89.87126749054252, 38.58210552867199], [-89.8768044781077, 38.58675805398646], [-89.88234217896623, 38.591410343755804], [-89.8878805932977, 38.59606239784802], [-89.89341972128202, 38.600714216131045], [-89.89895956309883, 38.60536579847276], [-89.90450011892796, 38.61001714474108], [-89.91004138894921, 38.614668254803874], [-89.9155833733424, 38.61931912852895], [-89.92131862594731, 38.619470314708934], [-89.9268617252078, 38.624120695492145], [-89.93259742104341, 38.62427134452904], [-89.93833315971467, 38.6244217128885], [-89.94406894114202, 38.62457180056415], [-89.94980476524591, 38.62472160754967], [-89.95554063194687, 38.62487113383877], [-89.96127654116528, 38.62502037942509], [-89.96701249282155, 38.625169344302385], [-89.97274848683627, 38.62531802846435], [-89.97848452312972, 38.62546643190471], [-89.98422060162243, 38.625614554617215], [-89.98995672223481, 38.62576239659562], [-89.9956928848873, 38.625909957833684], [-90.00142908950032, 38.62605723832518], [-90.00716533599429, 38.6262042380639], [-90.01290162428964, 38.62635095704363], [-90.01882443193752, 38.62199753976251], [-90.0245604460918, 38.62214367381969], [-90.03029650179865, 38.62228952714421], [-90.03603259897847, 38.622435099729884], [-90.04176873755169, 38.622580391570615], [-90.04768956620967, 38.61822542646607], [-90.05360968000618, 38.61387013007287], [-90.0593452273907, 38.61401453341643], [-90.0650808158304, 38.61415865608025], [-90.07081644524574, 38.61430249805824], [-90.07655211555712, 38.614446059344324], [-90.08228782668499, 38.614589339932465], [-90.08802357854981, 38.61473233981663], [-90.09375937107193, 38.61487505899075], [-90.09949520417183, 38.615017497448825], [-90.10505004462816, 38.61965986513943], [-90.11078631613944, 38.61980176485522], [-90.11634226958749, 38.624443634935055], [-90.12189893829279, 38.62908526529191], [-90.12745632243416, 38.63372665579325], [-90.13301442219031, 38.63836780630655], [-90.13857323774008, 38.64300871669927], [-90.14431153910874, 38.643149043887504], [-90.15004988039681, 38.64328909003685], [-90.15578826152439, 38.64342885514139], [-90.16152668241186, 38.64356833919522], [-90.16726514297947, 38.64370754219247], [-90.17300364314747, 38.64384646412727], [-90.17856556137721, 38.64848558173427], [-90.18448076196563, 38.64412346478601], [-90.19021938045634, 38.644261543498274], [-90.19613354616266, 38.639898793950096], [-90.20204699586435, 38.63553571516044], [-90.20795972970198, 38.63117230726659]]}}, {"type": "Feature", "properties": {"route_run_id": "stl_midamerica_to_st_louis_union_station_2026-03-09_0088", "route_pair": "midamerica_to_st_louis_union_station", "route_pair_label": "MidAmerica to St. Louis Union Station", "origin_label": "MidAmerica St. Louis Airport", "destination_label": "St. Louis Union Station", "origin_lat": 38.5451731, "origin_lon": -89.8351856, "destination_lat": 38.629167, "destination_lon": -90.2075, "traffic_date": "2026-03-09", "traffic_dataset": "March 9th - Monday", "weight_id": "w_0088", "distance_weight": 0.1, "population_weight": 0.2, "traffic_weight": 0.2, "airspace_weight": 0.5, "path_nodes": 68, "path_node_ids": [8877, 8881, 8904, 8922, 8923, 8927, 9145, 10016, 10018, 10062, 10055, 10058, 10094, 10096, 10103, 10104, 10110, 10109, 10516, 10512, 10290, 10289, 10294, 10281, 10292, 10293, 10304, 10303, 10302, 10315, 10316, 10317, 10314, 10207, 10206, 10204, 10205, 10323, 10328, 10329, 10327, 2548, 2550, 2525, 2514, 2512, 2513, 2286, 2298, 2300, 2304, 2531, 2819, 2824, 2838, 2827, 2849, 2848, 2850, 2837, 2859, 2858, 2860, 2759, 2734, 2731, 2729, 2715], "elapsed_seconds": 0.040101699996739626, "status": "success", "failure_reason": "", "route_distance_km": 51.86331908446357, "distance_cost_sum": 57.07893661423138, "population_cost_sum": 16.08775547505727, "traffic_cost_sum": 7.19701429393444, "airspace_cost_sum": 22.6, "total_weighted_score": 21.66484761522149}, "geometry": {"type": "LineString", "coordinates": [[-89.83272609742262, 38.54503213945896], [-89.83252853470323, 38.54953126729425], [-89.83806053424684, 38.55418543772932], [-89.84359324582596, 38.558839373542895], [-89.84912666962028, 38.563493074603095], [-89.85466080580946, 38.568146540778045], [-89.86019565457306, 38.572799771935806], [-89.86573121609086, 38.57745276794444], [-89.87126749054252, 38.58210552867199], [-89.8768044781077, 38.58675805398646], [-89.88234217896623, 38.591410343755804], [-89.8878805932977, 38.59606239784802], [-89.89341972128202, 38.600714216131045], [-89.89895956309883, 38.60536579847276], [-89.90450011892796, 38.61001714474108], [-89.91004138894921, 38.614668254803874], [-89.9155833733424, 38.61931912852895], [-89.92131862594731, 38.619470314708934], [-89.9268617252078, 38.624120695492145], [-89.93278926003055, 38.619771845202735], [-89.93852464134986, 38.619922189503846], [-89.94445114702152, 38.615572701498955], [-89.95018625645967, 38.61572246055001], [-89.9559214084743, 38.61587193899423], [-89.9616566029858, 38.61602113682532], [-89.96739183991471, 38.61617005403699], [-89.97312711918148, 38.61631869062297], [-89.97886244070665, 38.616467046576965], [-89.9845978044106, 38.61661512189275], [-89.9903332102139, 38.61676291656407], [-89.99606865803695, 38.61691043058469], [-90.00180414780024, 38.61705766394838], [-90.00753967942423, 38.617204616648934], [-90.01327525282936, 38.61735128868017], [-90.01901086793612, 38.61749768003589], [-90.02474652466493, 38.617643790709906], [-90.03048222293627, 38.617789620696094], [-90.03621796267052, 38.617935169988264], [-90.04176873755169, 38.622580391570615], [-90.04750491743872, 38.62272540266021], [-90.05324113855997, 38.6228701329926], [-90.0587934259509, 38.627514600818145], [-90.06434642856152, 38.63215882981023], [-90.07026678880817, 38.62780270374147], [-90.07618643379548, 38.623446246628106], [-90.08210536366288, 38.61908945860739], [-90.087841472983, 38.61923248137871], [-90.09375937107193, 38.61487505899075], [-90.09949520417183, 38.615017497448825], [-90.10505004462816, 38.61965986513943], [-90.1106056001435, 38.62430199333239], [-90.11616187089658, 38.62894388189524], [-90.12171885706623, 38.633585530695484], [-90.12727655883121, 38.63822693960062], [-90.13283497637043, 38.64286810847808], [-90.13857323774008, 38.64300871669927], [-90.14431153910874, 38.643149043887504], [-90.15004988039681, 38.64328909003685], [-90.15578826152439, 38.64342885514139], [-90.16152668241186, 38.64356833919522], [-90.16726514297947, 38.64370754219247], [-90.17300364314747, 38.64384646412727], [-90.17874218283609, 38.64398510499372], [-90.18465698596519, 38.639622961753446], [-90.19057107312773, 38.63526048909833], [-90.1964844444641, 38.63089768716567], [-90.2022220675363, 38.63103513769752], [-90.20795972970198, 38.63117230726659]]}}, {"type": "Feature", "properties": {"route_run_id": "stl_midamerica_to_st_louis_union_station_2026-03-09_0072", "route_pair": "midamerica_to_st_louis_union_station", "route_pair_label": "MidAmerica to St. Louis Union Station", "origin_label": "MidAmerica St. Louis Airport", "destination_label": "St. Louis Union Station", "origin_lat": 38.5451731, "origin_lon": -89.8351856, "destination_lat": 38.629167, "destination_lon": -90.2075, "traffic_date": "2026-03-09", "traffic_dataset": "March 9th - Monday", "weight_id": "w_0072", "distance_weight": 0.1, "population_weight": 0.0, "traffic_weight": 0.5, "airspace_weight": 0.4, "path_nodes": 67, "path_node_ids": [8877, 8876, 8892, 8897, 8899, 8926, 9788, 10013, 10014, 10036, 10052, 10054, 10061, 10051, 10049, 10048, 10050, 10253, 10252, 10241, 10240, 10248, 10246, 10247, 10245, 10231, 10230, 10262, 10150, 10148, 10149, 10151, 10161, 10156, 10154, 10155, 10162, 10164, 10163, 10165, 2244, 2246, 2268, 2278, 2283, 2508, 2286, 2298, 2300, 2304, 2531, 2819, 2820, 2822, 2825, 2836, 2848, 2850, 2837, 2859, 2858, 2815, 2759, 2734, 2731, 2729, 2715], "elapsed_seconds": 0.03716029998031445, "status": "success", "failure_reason": "", "route_distance_km": 48.81678601447848, "distance_cost_sum": 53.726029953713976, "population_cost_sum": 28.570091945307983, "traffic_cost_sum": 5.278783894524551, "airspace_cost_sum": 22.6, "total_weighted_score": 17.051994942633677}, "geometry": {"type": "LineString", "coordinates": [[-89.83272609742262, 38.54503213945896], [-89.83845499191484, 38.54518713674757], [-89.84398707949187, 38.54984103165108], [-89.84951987896733, 38.55449469187918], [-89.85505339052077, 38.559148117300026], [-89.86058761433173, 38.563801307781745], [-89.86612255057987, 38.568454263192415], [-89.87165819944471, 38.57310698340007], [-89.87719456110594, 38.577759468272795], [-89.88273163574308, 38.582411717678575], [-89.88826942353593, 38.58706373148541], [-89.89380792466403, 38.591715509561276], [-89.89934713930707, 38.59636705177409], [-89.90508047722643, 38.59651895818466], [-89.91081385831642, 38.59667058421835], [-89.91654728249756, 38.596821929868824], [-89.92228074969049, 38.59697299512966], [-89.92801425981584, 38.59712377999449], [-89.93374781279411, 38.597274284457015], [-89.93948140854593, 38.5974245085108], [-89.94521504699188, 38.5975744521496], [-89.95094872805251, 38.59772411536704], [-89.95668245164843, 38.59787349815684], [-89.96241621770018, 38.59802260051268], [-89.96815002612831, 38.59817142242828], [-89.9738838768534, 38.59831996389739], [-89.97961776979602, 38.59846822491371], [-89.98535170487666, 38.59861620547102], [-89.99108568201598, 38.59876390556306], [-89.99681970113441, 38.59891132518362], [-90.00255376215256, 38.59905846432648], [-90.00828786499093, 38.59920532298544], [-90.01402200957008, 38.5993519011543], [-90.01994242379944, 38.594998317950704], [-90.02567629459381, 38.59514431175206], [-90.03141020688051, 38.59529002508962], [-90.03714416058007, 38.595435457957215], [-90.04287815561301, 38.59558061034875], [-90.04861219189988, 38.59572548225811], [-90.0543462693612, 38.59587007367915], [-90.06008038791752, 38.59601438460579], [-90.06581454748931, 38.596158415031965], [-90.07136573361876, 38.60080225453393], [-90.07691763405278, 38.60544585525359], [-90.08247024897021, 38.61008921705863], [-90.08802357854981, 38.61473233981663], [-90.09375937107193, 38.61487505899075], [-90.09949520417183, 38.615017497448825], [-90.10505004462816, 38.61965986513943], [-90.1106056001435, 38.62430199333239], [-90.11616187089658, 38.62894388189524], [-90.12171885706623, 38.633585530695484], [-90.12745632243416, 38.63372665579325], [-90.13319382794117, 38.633867499959656], [-90.13875232561846, 38.63850839203032], [-90.144490269036, 38.638648696766005], [-90.15004988039681, 38.64328909003685], [-90.15578826152439, 38.64342885514139], [-90.16152668241186, 38.64356833919522], [-90.16726514297947, 38.64370754219247], [-90.17300364314747, 38.64384646412727], [-90.17891876485407, 38.63948462409952], [-90.18465698596519, 38.639622961753446], [-90.19057107312773, 38.63526048909833], [-90.1964844444641, 38.63089768716567], [-90.2022220675363, 38.63103513769752], [-90.20795972970198, 38.63117230726659]]}}, {"type": "Feature", "properties": {"route_run_id": "stl_midamerica_to_st_louis_union_station_2026-03-09_0243", "route_pair": "midamerica_to_st_louis_union_station", "route_pair_label": "MidAmerica to St. Louis Union Station", "origin_label": "MidAmerica St. Louis Airport", "destination_label": "St. Louis Union Station", "origin_lat": 38.5451731, "origin_lon": -89.8351856, "destination_lat": 38.629167, "destination_lon": -90.2075, "traffic_date": "2026-03-09", "traffic_dataset": "March 9th - Monday", "weight_id": "w_0243", "distance_weight": 0.5, "population_weight": 0.2, "traffic_weight": 0.0, "airspace_weight": 0.3, "path_nodes": 68, "path_node_ids": [8877, 8881, 8904, 8922, 8923, 8927, 9145, 10016, 10018, 10062, 10055, 10058, 10094, 10096, 10103, 10080, 10081, 10102, 10284, 10288, 10286, 10289, 10294, 10281, 10292, 10293, 10304, 10303, 10302, 10315, 10316, 10317, 10314, 10207, 10206, 10204, 10205, 10323, 10324, 10322, 10325, 2520, 2521, 2519, 2510, 2512, 2513, 2511, 2302, 2300, 2301, 2307, 2491, 2492, 2818, 2496, 2507, 2506, 2828, 2505, 2809, 2811, 2810, 2728, 2730, 2731, 2729, 2715], "elapsed_seconds": 0.015278500010026619, "status": "success", "failure_reason": "", "route_distance_km": 47.063913810070595, "distance_cost_sum": 51.79688073583798, "population_cost_sum": 18.810598615170548, "traffic_cost_sum": 13.51518160832586, "airspace_cost_sum": 23.2, "total_weighted_score": 36.620560090953106}, "geometry": {"type": "LineString", "coordinates": [[-89.83272609742262, 38.54503213945896], [-89.83252853470323, 38.54953126729425], [-89.83806053424684, 38.55418543772932], [-89.84359324582596, 38.558839373542895], [-89.84912666962028, 38.563493074603095], [-89.85466080580946, 38.568146540778045], [-89.86019565457306, 38.572799771935806], [-89.86573121609086, 38.57745276794444], [-89.87126749054252, 38.58210552867199], [-89.8768044781077, 38.58675805398646], [-89.88234217896623, 38.591410343755804], [-89.8878805932977, 38.59606239784802], [-89.89341972128202, 38.600714216131045], [-89.89895956309883, 38.60536579847276], [-89.90450011892796, 38.61001714474108], [-89.91023457096428, 38.610168843586045], [-89.91596906612304, 38.610320261913394], [-89.9217036043248, 38.61047139971681], [-89.92743818549003, 38.61062225698987], [-89.93298105619242, 38.615272341601674], [-89.93871608023923, 38.61542266184741], [-89.94445114702152, 38.615572701498955], [-89.95018625645967, 38.61572246055001], [-89.9559214084743, 38.61587193899423], [-89.9616566029858, 38.61602113682532], [-89.96739183991471, 38.61617005403699], [-89.97312711918148, 38.61631869062297], [-89.97886244070665, 38.616467046576965], [-89.9845978044106, 38.61661512189275], [-89.9903332102139, 38.61676291656407], [-89.99606865803695, 38.61691043058469], [-90.00180414780024, 38.61705766394838], [-90.00753967942423, 38.617204616648934], [-90.01327525282936, 38.61735128868017], [-90.01901086793612, 38.61749768003589], [-90.02474652466493, 38.617643790709906], [-90.03048222293627, 38.617789620696094], [-90.03621796267052, 38.617935169988264], [-90.0419537437882, 38.61808043858029], [-90.04768956620967, 38.61822542646607], [-90.05342542985542, 38.61837013363945], [-90.05916133464585, 38.61851456009435], [-90.06489728050143, 38.618658705824664], [-90.07063326734246, 38.618802570824315], [-90.07636929508949, 38.61894615508724], [-90.08210536366288, 38.61908945860739], [-90.087841472983, 38.61923248137871], [-90.09357762297034, 38.61937522339516], [-90.09931381354528, 38.61951768465076], [-90.10505004462816, 38.61965986513943], [-90.11078631613944, 38.61980176485522], [-90.11634226958749, 38.624443634935055], [-90.1220789793104, 38.62458499570804], [-90.12781572923257, 38.62472607564535], [-90.13337319363258, 38.629367189437694], [-90.13911038141684, 38.62950773017495], [-90.14484760917111, 38.62964799001386], [-90.15058487681573, 38.629787968948484], [-90.156322184271, 38.62992766697294], [-90.16205953145733, 38.63006708408134], [-90.16779691829495, 38.630206220267794], [-90.17353434470424, 38.6303450755264], [-90.17927181060547, 38.63048364985134], [-90.185009315919, 38.63062194323676], [-90.1907468605651, 38.6307599556768], [-90.1964844444641, 38.63089768716567], [-90.2022220675363, 38.63103513769752], [-90.20795972970198, 38.63117230726659]]}}, {"type": "Feature", "properties": {"route_run_id": "stl_midamerica_to_st_louis_union_station_2026-03-09_0194", "route_pair": "midamerica_to_st_louis_union_station", "route_pair_label": "MidAmerica to St. Louis Union Station", "origin_label": "MidAmerica St. Louis Airport", "destination_label": "St. Louis Union Station", "origin_lat": 38.5451731, "origin_lon": -89.8351856, "destination_lat": 38.629167, "destination_lon": -90.2075, "traffic_date": "2026-03-09", "traffic_dataset": "March 9th - Monday", "weight_id": "w_0194", "distance_weight": 0.3, "population_weight": 0.4, "traffic_weight": 0.0, "airspace_weight": 0.3, "path_nodes": 68, "path_node_ids": [8877, 8881, 8904, 8922, 8923, 8927, 9145, 10016, 10018, 10062, 10055, 10058, 10094, 10096, 10103, 10104, 10110, 10109, 10516, 10515, 10514, 10517, 10522, 10299, 10300, 10301, 10309, 10308, 10310, 10343, 10345, 10344, 10342, 10355, 10210, 10208, 10209, 10326, 10328, 10329, 10327, 2522, 2524, 2523, 2514, 2517, 2515, 2516, 2530, 2534, 2532, 2558, 2840, 2839, 2838, 2827, 2849, 2848, 2850, 2837, 2859, 2858, 2860, 2763, 2762, 2737, 2732, 2715], "elapsed_seconds": 0.02652060001855716, "status": "success", "failure_reason": "", "route_distance_km": 49.20045512079, "distance_cost_sum": 54.14828261680189, "population_cost_sum": 14.193327193589042, "traffic_cost_sum": 13.706437159353971, "airspace_cost_sum": 23.2, "total_weighted_score": 28.88181566247619}, "geometry": {"type": "LineString", "coordinates": [[-89.83272609742262, 38.54503213945896], [-89.83252853470323, 38.54953126729425], [-89.83806053424684, 38.55418543772932], [-89.84359324582596, 38.558839373542895], [-89.84912666962028, 38.563493074603095], [-89.85466080580946, 38.568146540778045], [-89.86019565457306, 38.572799771935806], [-89.86573121609086, 38.57745276794444], [-89.87126749054252, 38.58210552867199], [-89.8768044781077, 38.58675805398646], [-89.88234217896623, 38.591410343755804], [-89.8878805932977, 38.59606239784802], [-89.89341972128202, 38.600714216131045], [-89.89895956309883, 38.60536579847276], [-89.90450011892796, 38.61001714474108], [-89.91004138894921, 38.614668254803874], [-89.9155833733424, 38.61931912852895], [-89.92131862594731, 38.619470314708934], [-89.9268617252078, 38.624120695492145], [-89.93259742104341, 38.62427134452904], [-89.93833315971467, 38.6244217128885], [-89.94406894114202, 38.62457180056415], [-89.94980476524591, 38.62472160754967], [-89.95554063194687, 38.62487113383877], [-89.96127654116528, 38.62502037942509], [-89.96701249282155, 38.625169344302385], [-89.97274848683627, 38.62531802846435], [-89.97848452312972, 38.62546643190471], [-89.98422060162243, 38.625614554617215], [-89.98995672223481, 38.62576239659562], [-89.9956928848873, 38.625909957833684], [-90.00142908950032, 38.62605723832518], [-90.00716533599429, 38.6262042380639], [-90.01290162428964, 38.62635095704363], [-90.01882443193752, 38.62199753976251], [-90.0245604460918, 38.62214367381969], [-90.03029650179865, 38.62228952714421], [-90.03603259897847, 38.622435099729884], [-90.04176873755169, 38.622580391570615], [-90.04750491743872, 38.62272540266021], [-90.05324113855997, 38.6228701329926], [-90.0589774008359, 38.62301458256169], [-90.06471370418684, 38.62315875136136], [-90.07045004853325, 38.62330263938551], [-90.07618643379548, 38.623446246628106], [-90.08192285989396, 38.62358957308307], [-90.08765932674906, 38.623732618744384], [-90.09339583428118, 38.623875383605984], [-90.09895091075838, 38.62851804648185], [-90.10450670259345, 38.633160469873815], [-90.1102440470662, 38.63330243772981], [-90.11580095263906, 38.63794436326609], [-90.12135857394713, 38.64258604896054], [-90.12709675507955, 38.642727219229855], [-90.13283497637043, 38.64286810847808], [-90.13857323774008, 38.64300871669927], [-90.14431153910874, 38.643149043887504], [-90.15004988039681, 38.64328909003685], [-90.15578826152439, 38.64342885514139], [-90.16152668241186, 38.64356833919522], [-90.16726514297947, 38.64370754219247], [-90.17300364314747, 38.64384646412727], [-90.17874218283609, 38.64398510499372], [-90.18448076196563, 38.64412346478601], [-90.19021938045634, 38.644261543498274], [-90.19613354616266, 38.639898793950096], [-90.20204699586435, 38.63553571516044], [-90.20795972970198, 38.63117230726659]]}}, {"type": "Feature", "properties": {"route_run_id": "stl_midamerica_to_st_louis_union_station_2026-03-09_0168", "route_pair": "midamerica_to_st_louis_union_station", "route_pair_label": "MidAmerica to St. Louis Union Station", "origin_label": "MidAmerica St. Louis Airport", "destination_label": "St. Louis Union Station", "origin_lat": 38.5451731, "origin_lon": -89.8351856, "destination_lat": 38.629167, "destination_lon": -90.2075, "traffic_date": "2026-03-09", "traffic_dataset": "March 9th - Monday", "weight_id": "w_0168", "distance_weight": 0.3, "population_weight": 0.0, "traffic_weight": 0.0, "airspace_weight": 0.7, "path_nodes": 67, "path_node_ids": [8877, 8876, 8892, 8897, 8899, 8926, 9788, 10013, 10014, 10036, 10052, 10054, 10061, 10051, 10049, 10048, 10050, 10253, 10252, 10241, 10240, 10248, 10246, 10247, 10245, 10231, 10230, 10262, 10150, 10148, 10149, 10151, 10161, 10159, 10158, 10160, 10166, 10168, 10167, 10169, 2247, 2269, 2268, 2257, 2256, 2254, 2279, 2293, 2296, 2301, 2303, 2491, 2492, 2818, 2496, 2507, 2506, 2828, 2505, 2809, 2811, 2810, 2728, 2730, 2731, 2729, 2715], "elapsed_seconds": 0.02397799998288974, "status": "success", "failure_reason": "", "route_distance_km": 46.683328700980354, "distance_cost_sum": 51.37802221113185, "population_cost_sum": 29.474393947782595, "traffic_cost_sum": 11.160766941646196, "airspace_cost_sum": 22.6, "total_weighted_score": 31.23340666333956}, "geometry": {"type": "LineString", "coordinates": [[-89.83272609742262, 38.54503213945896], [-89.83845499191484, 38.54518713674757], [-89.84398707949187, 38.54984103165108], [-89.84951987896733, 38.55449469187918], [-89.85505339052077, 38.559148117300026], [-89.86058761433173, 38.563801307781745], [-89.86612255057987, 38.568454263192415], [-89.87165819944471, 38.57310698340007], [-89.87719456110594, 38.577759468272795], [-89.88273163574308, 38.582411717678575], [-89.88826942353593, 38.58706373148541], [-89.89380792466403, 38.591715509561276], [-89.89934713930707, 38.59636705177409], [-89.90508047722643, 38.59651895818466], [-89.91081385831642, 38.59667058421835], [-89.91654728249756, 38.596821929868824], [-89.92228074969049, 38.59697299512966], [-89.92801425981584, 38.59712377999449], [-89.93374781279411, 38.597274284457015], [-89.93948140854593, 38.5974245085108], [-89.94521504699188, 38.5975744521496], [-89.95094872805251, 38.59772411536704], [-89.95668245164843, 38.59787349815684], [-89.96241621770018, 38.59802260051268], [-89.96815002612831, 38.59817142242828], [-89.9738838768534, 38.59831996389739], [-89.97961776979602, 38.59846822491371], [-89.98535170487666, 38.59861620547102], [-89.99108568201598, 38.59876390556306], [-89.99681970113441, 38.59891132518362], [-90.00255376215256, 38.59905846432648], [-90.00828786499093, 38.59920532298544], [-90.01402200957008, 38.5993519011543], [-90.01975619581054, 38.599498198826886], [-90.02549042363282, 38.599644215997024], [-90.03122469295744, 38.59978995265856], [-90.03695900370492, 38.599935408805365], [-90.0426933557958, 38.60008058443128], [-90.04842774915056, 38.600225479530216], [-90.05416218368977, 38.60037009409603], [-90.05989665933384, 38.60051442812264], [-90.06563117600335, 38.600658481603965], [-90.07136573361876, 38.60080225453393], [-90.07710033210058, 38.60094574690646], [-90.0828349713693, 38.601088958715515], [-90.08856965134538, 38.60123188995506], [-90.0941227455516, 38.605874717602354], [-90.09967655430022, 38.61051730605643], [-90.10523107776994, 38.61515965518486], [-90.11078631613944, 38.61980176485522], [-90.11652262799952, 38.61994338379215], [-90.1220789793104, 38.62458499570804], [-90.12781572923257, 38.62472607564535], [-90.13337319363258, 38.629367189437694], [-90.13911038141684, 38.62950773017495], [-90.14484760917111, 38.62964799001386], [-90.15058487681573, 38.629787968948484], [-90.156322184271, 38.62992766697294], [-90.16205953145733, 38.63006708408134], [-90.16779691829495, 38.630206220267794], [-90.17353434470424, 38.6303450755264], [-90.17927181060547, 38.63048364985134], [-90.185009315919, 38.63062194323676], [-90.1907468605651, 38.6307599556768], [-90.1964844444641, 38.63089768716567], [-90.2022220675363, 38.63103513769752], [-90.20795972970198, 38.63117230726659]]}}, {"type": "Feature", "properties": {"route_run_id": "stl_midamerica_to_st_louis_union_station_2026-03-09_0179", "route_pair": "midamerica_to_st_louis_union_station", "route_pair_label": "MidAmerica to St. Louis Union Station", "origin_label": "MidAmerica St. Louis Airport", "destination_label": "St. Louis Union Station", "origin_lat": 38.5451731, "origin_lon": -89.8351856, "destination_lat": 38.629167, "destination_lon": -90.2075, "traffic_date": "2026-03-09", "traffic_dataset": "March 9th - Monday", "weight_id": "w_0179", "distance_weight": 0.3, "population_weight": 0.1, "traffic_weight": 0.3, "airspace_weight": 0.3, "path_nodes": 67, "path_node_ids": [8877, 8879, 8896, 8900, 8924, 8930, 10012, 10015, 10019, 10053, 10057, 10054, 10061, 10051, 10049, 10048, 10050, 10253, 10252, 10241, 10240, 10248, 10246, 10247, 10245, 10231, 10230, 10262, 10150, 10148, 10149, 10151, 10161, 10156, 10154, 10155, 10162, 10164, 10163, 10165, 2247, 2272, 2274, 2285, 2283, 2508, 2286, 2298, 2300, 2304, 2531, 2819, 2820, 2822, 2825, 2836, 2848, 2850, 2837, 2859, 2858, 2860, 2759, 2734, 2731, 2729, 2715], "elapsed_seconds": 0.021473700006026775, "status": "success", "failure_reason": "", "route_distance_km": 48.81744574263549, "distance_cost_sum": 53.72675602721488, "population_cost_sum": 25.896768399627717, "traffic_cost_sum": 5.626464351980204, "airspace_cost_sum": 22.6, "total_weighted_score": 27.1756429537213}, "geometry": {"type": "LineString", "coordinates": [[-89.83272609742262, 38.54503213945896], [-89.83825778508921, 38.54968628939868], [-89.84379018463301, 38.55434020475587], [-89.84932329623358, 38.558993885398685], [-89.85485712007056, 38.56364733119524], [-89.86039165632353, 38.56830054201366], [-89.86592690517212, 38.57295351772198], [-89.871462866796, 38.577606258188254], [-89.87699954137483, 38.582258763280514], [-89.88253692908823, 38.586911032866766], [-89.88807503011597, 38.59156306681497], [-89.89380792466403, 38.591715509561276], [-89.89934713930707, 38.59636705177409], [-89.90508047722643, 38.59651895818466], [-89.91081385831642, 38.59667058421835], [-89.91654728249756, 38.596821929868824], [-89.92228074969049, 38.59697299512966], [-89.92801425981584, 38.59712377999449], [-89.93374781279411, 38.597274284457015], [-89.93948140854593, 38.5974245085108], [-89.94521504699188, 38.5975744521496], [-89.95094872805251, 38.59772411536704], [-89.95668245164843, 38.59787349815684], [-89.96241621770018, 38.59802260051268], [-89.96815002612831, 38.59817142242828], [-89.9738838768534, 38.59831996389739], [-89.97961776979602, 38.59846822491371], [-89.98535170487666, 38.59861620547102], [-89.99108568201598, 38.59876390556306], [-89.99681970113441, 38.59891132518362], [-90.00255376215256, 38.59905846432648], [-90.00828786499093, 38.59920532298544], [-90.01402200957008, 38.5993519011543], [-90.01994242379944, 38.594998317950704], [-90.02567629459381, 38.59514431175206], [-90.03141020688051, 38.59529002508962], [-90.03714416058007, 38.595435457957215], [-90.04287815561301, 38.59558061034875], [-90.04861219189988, 38.59572548225811], [-90.0543462693612, 38.59587007367915], [-90.05989665933384, 38.60051442812264], [-90.06544776357148, 38.60515854396957], [-90.07099958225297, 38.609802421087586], [-90.07673489520826, 38.60994595939966], [-90.08247024897021, 38.61008921705863], [-90.08802357854981, 38.61473233981663], [-90.09375937107193, 38.61487505899075], [-90.09949520417183, 38.615017497448825], [-90.10505004462816, 38.61965986513943], [-90.1106056001435, 38.62430199333239], [-90.11616187089658, 38.62894388189524], [-90.12171885706623, 38.633585530695484], [-90.12745632243416, 38.63372665579325], [-90.13319382794117, 38.633867499959656], [-90.13875232561846, 38.63850839203032], [-90.144490269036, 38.638648696766005], [-90.15004988039681, 38.64328909003685], [-90.15578826152439, 38.64342885514139], [-90.16152668241186, 38.64356833919522], [-90.16726514297947, 38.64370754219247], [-90.17300364314747, 38.64384646412727], [-90.17874218283609, 38.64398510499372], [-90.18465698596519, 38.639622961753446], [-90.19057107312773, 38.63526048909833], [-90.1964844444641, 38.63089768716567], [-90.2022220675363, 38.63103513769752], [-90.20795972970198, 38.63117230726659]]}}, {"type": "Feature", "properties": {"route_run_id": "stl_midamerica_to_st_louis_union_station_2026-03-09_0238", "route_pair": "midamerica_to_st_louis_union_station", "route_pair_label": "MidAmerica to St. Louis Union Station", "origin_label": "MidAmerica St. Louis Airport", "destination_label": "St. Louis Union Station", "origin_lat": 38.5451731, "origin_lon": -89.8351856, "destination_lat": 38.629167, "destination_lon": -90.2075, "traffic_date": "2026-03-09", "traffic_dataset": "March 9th - Monday", "weight_id": "w_0238", "distance_weight": 0.5, "population_weight": 0.1, "traffic_weight": 0.0, "airspace_weight": 0.4, "path_nodes": 67, "path_node_ids": [8877, 8879, 8896, 8900, 8924, 8930, 10012, 10015, 10019, 10053, 10057, 10054, 10061, 10051, 10049, 10072, 10079, 10284, 10288, 10286, 10289, 10294, 10281, 10292, 10293, 10304, 10303, 10302, 10315, 10316, 10317, 10314, 10207, 10206, 10204, 10205, 10323, 10324, 10322, 10325, 2520, 2521, 2519, 2510, 2512, 2513, 2511, 2302, 2300, 2301, 2307, 2491, 2492, 2818, 2496, 2507, 2506, 2828, 2505, 2809, 2811, 2810, 2728, 2730, 2731, 2729, 2715], "elapsed_seconds": 0.01383519999217242, "status": "success", "failure_reason": "", "route_distance_km": 46.68855540718086, "distance_cost_sum": 51.383774539312654, "population_cost_sum": 19.97466848935391, "traffic_cost_sum": 13.844855750214501, "airspace_cost_sum": 23.2, "total_weighted_score": 36.969354118591724}, "geometry": {"type": "LineString", "coordinates": [[-89.83272609742262, 38.54503213945896], [-89.83825778508921, 38.54968628939868], [-89.84379018463301, 38.55434020475587], [-89.84932329623358, 38.558993885398685], [-89.85485712007056, 38.56364733119524], [-89.86039165632353, 38.56830054201366], [-89.86592690517212, 38.57295351772198], [-89.871462866796, 38.577606258188254], [-89.87699954137483, 38.582258763280514], [-89.88253692908823, 38.586911032866766], [-89.88807503011597, 38.59156306681497], [-89.89380792466403, 38.591715509561276], [-89.89934713930707, 38.59636705177409], [-89.90508047722643, 38.59651895818466], [-89.91081385831642, 38.59667058421835], [-89.91635458673171, 38.60132137816604], [-89.92189602906302, 38.60597193580059], [-89.92743818549003, 38.61062225698987], [-89.93298105619242, 38.615272341601674], [-89.93871608023923, 38.61542266184741], [-89.94445114702152, 38.615572701498955], [-89.95018625645967, 38.61572246055001], [-89.9559214084743, 38.61587193899423], [-89.9616566029858, 38.61602113682532], [-89.96739183991471, 38.61617005403699], [-89.97312711918148, 38.61631869062297], [-89.97886244070665, 38.616467046576965], [-89.9845978044106, 38.61661512189275], [-89.9903332102139, 38.61676291656407], [-89.99606865803695, 38.61691043058469], [-90.00180414780024, 38.61705766394838], [-90.00753967942423, 38.617204616648934], [-90.01327525282936, 38.61735128868017], [-90.01901086793612, 38.61749768003589], [-90.02474652466493, 38.617643790709906], [-90.03048222293627, 38.617789620696094], [-90.03621796267052, 38.617935169988264], [-90.0419537437882, 38.61808043858029], [-90.04768956620967, 38.61822542646607], [-90.05342542985542, 38.61837013363945], [-90.05916133464585, 38.61851456009435], [-90.06489728050143, 38.618658705824664], [-90.07063326734246, 38.618802570824315], [-90.07636929508949, 38.61894615508724], [-90.08210536366288, 38.61908945860739], [-90.087841472983, 38.61923248137871], [-90.09357762297034, 38.61937522339516], [-90.09931381354528, 38.61951768465076], [-90.10505004462816, 38.61965986513943], [-90.11078631613944, 38.61980176485522], [-90.11634226958749, 38.624443634935055], [-90.1220789793104, 38.62458499570804], [-90.12781572923257, 38.62472607564535], [-90.13337319363258, 38.629367189437694], [-90.13911038141684, 38.62950773017495], [-90.14484760917111, 38.62964799001386], [-90.15058487681573, 38.629787968948484], [-90.156322184271, 38.62992766697294], [-90.16205953145733, 38.63006708408134], [-90.16779691829495, 38.630206220267794], [-90.17353434470424, 38.6303450755264], [-90.17927181060547, 38.63048364985134], [-90.185009315919, 38.63062194323676], [-90.1907468605651, 38.6307599556768], [-90.1964844444641, 38.63089768716567], [-90.2022220675363, 38.63103513769752], [-90.20795972970198, 38.63117230726659]]}}, {"type": "Feature", "properties": {"route_run_id": "stl_midamerica_to_st_louis_union_station_2026-03-09_0237", "route_pair": "midamerica_to_st_louis_union_station", "route_pair_label": "MidAmerica to St. Louis Union Station", "origin_label": "MidAmerica St. Louis Airport", "destination_label": "St. Louis Union Station", "origin_lat": 38.5451731, "origin_lon": -89.8351856, "destination_lat": 38.629167, "destination_lon": -90.2075, "traffic_date": "2026-03-09", "traffic_dataset": "March 9th - Monday", "weight_id": "w_0237", "distance_weight": 0.5, "population_weight": 0.0, "traffic_weight": 0.5, "airspace_weight": 0.0, "path_nodes": 69, "path_node_ids": [8877, 8876, 8868, 8869, 8870, 8867, 9753, 9754, 9755, 9744, 9742, 9743, 9730, 9733, 9721, 9732, 9720, 9915, 9913, 9912, 9914, 9932, 7806, 9933, 9923, 9922, 7815, 7816, 9820, 9832, 9833, 9821, 7905, 7906, 9823, 9822, 7916, 7915, 7914, 7913, 1933, 1931, 1932, 1917, 1943, 1946, 1970, 1983, 1998, 2003, 2000, 2191, 2194, 2193, 2192, 2185, 2184, 2186, 2421, 2205, 2450, 2451, 2369, 2375, 2399, 2401, 2406, 2729, 2715], "elapsed_seconds": 0.008638399973278865, "status": "success", "failure_reason": "", "route_distance_km": 47.941309324872435, "distance_cost_sum": 52.76251124038445, "population_cost_sum": 26.60401366295166, "traffic_cost_sum": 2.6103621949716804, "airspace_cost_sum": 38.6, "total_weighted_score": 27.686436717678063}, "geometry": {"type": "LineString", "coordinates": [[-89.83272609742262, 38.54503213945896], [-89.83845499191484, 38.54518713674757], [-89.84418393041321, 38.54534185422887], [-89.8499129128385, 38.54549629189633], [-89.85564193911159, 38.545650449743434], [-89.86137100915332, 38.54580432776372], [-89.86710012288452, 38.545957925950695], [-89.87282928022606, 38.546111244297876], [-89.8785584810987, 38.54626428279884], [-89.88428772542336, 38.54641704144712], [-89.8902109731338, 38.54207014196144], [-89.895939948205, 38.54222231651928], [-89.90166896648022, 38.54237421124988], [-89.90739802788026, 38.54252582614685], [-89.91312713232598, 38.54267716120381], [-89.91885627973821, 38.54282821641439], [-89.92458547003774, 38.5429789917722], [-89.93031470314544, 38.543129487270946], [-89.93604397898207, 38.54327970290425], [-89.94177329746847, 38.543429638665806], [-89.94750265852547, 38.54357929454928], [-89.9532320620738, 38.543728670548404], [-89.9589615080343, 38.543877766656834], [-89.9646909963278, 38.54402658286834], [-89.97042052687505, 38.544175119176636], [-89.97615009959685, 38.54432337557549], [-89.98187971441398, 38.54447135205863], [-89.98760937124719, 38.544619048619815], [-89.99333907001733, 38.54476646525287], [-89.99906881064508, 38.54491360195155], [-90.00479859305136, 38.54506045870968], [-90.01052841715675, 38.54520703552103], [-90.01625828288213, 38.545353332379484], [-90.02198819014824, 38.545499349278856], [-90.0277181388758, 38.54564508621299], [-90.03344812898557, 38.54579054317578], [-90.03917816039834, 38.54593572016105], [-90.04490823303483, 38.54608061716274], [-90.05063834681579, 38.54622523417469], [-90.05636850166194, 38.546369571190844], [-90.06209869749397, 38.54651362820512], [-90.06782893423272, 38.54665740521145], [-90.07355921179885, 38.54680090220377], [-90.07928953011304, 38.54694411917603], [-90.08483803609515, 38.551587237746496], [-90.09038725467427, 38.55623011778336], [-90.09593718602859, 38.5608727591544], [-90.1014878303364, 38.56551516172741], [-90.10703918777595, 38.57015732537014], [-90.11259125852546, 38.57479924995029], [-90.11832399892143, 38.57494064238296], [-90.12387718012955, 38.579582070024706], [-90.1296103575981, 38.57972292432643], [-90.13534357508938, 38.579863498234836], [-90.14107683252396, 38.580003791744], [-90.14681012982238, 38.58014380484799], [-90.15254346690519, 38.5802835375409], [-90.1580993457009, 38.58492343582021], [-90.16365593845713, 38.58956309408333], [-90.16921324535195, 38.59420251219789], [-90.17477126656355, 38.59884169003141], [-90.18033000227008, 38.60348062745143], [-90.18588945264969, 38.60811932432548], [-90.19144961788064, 38.61275778052102], [-90.19127398739786, 38.61725833052981], [-90.19683518607279, 38.62189656380297], [-90.19665983485031, 38.626397127556444], [-90.2022220675363, 38.63103513769752], [-90.20795972970198, 38.63117230726659]]}}, {"type": "Feature", "properties": {"route_run_id": "stl_midamerica_to_st_louis_union_station_2026-03-09_0212", "route_pair": "midamerica_to_st_louis_union_station", "route_pair_label": "MidAmerica to St. Louis Union Station", "origin_label": "MidAmerica St. Louis Airport", "destination_label": "St. Louis Union Station", "origin_lat": 38.5451731, "origin_lon": -89.8351856, "destination_lat": 38.629167, "destination_lon": -90.2075, "traffic_date": "2026-03-09", "traffic_dataset": "March 9th - Monday", "weight_id": "w_0212", "distance_weight": 0.4, "population_weight": 0.1, "traffic_weight": 0.1, "airspace_weight": 0.4, "path_nodes": 67, "path_node_ids": [8877, 8879, 8896, 8900, 8924, 8930, 10012, 10015, 10019, 10053, 10057, 10054, 10061, 10051, 10049, 10048, 10050, 10253, 10252, 10241, 10240, 10248, 10246, 10247, 10245, 10231, 10230, 10262, 10150, 10148, 10149, 10151, 10195, 10193, 10192, 10194, 10170, 10182, 10171, 10183, 2270, 2272, 2274, 2285, 2283, 2508, 2286, 2298, 2300, 2301, 2307, 2491, 2492, 2818, 2496, 2507, 2506, 2828, 2505, 2809, 2811, 2810, 2728, 2730, 2731, 2729, 2715], "elapsed_seconds": 0.018707299983361736, "status": "success", "failure_reason": "", "route_distance_km": 46.68464450677034, "distance_cost_sum": 51.379470340495885, "population_cost_sum": 24.398506451130302, "traffic_cost_sum": 10.027799675807712, "airspace_cost_sum": 22.6, "total_weighted_score": 33.03441874889216}, "geometry": {"type": "LineString", "coordinates": [[-89.83272609742262, 38.54503213945896], [-89.83825778508921, 38.54968628939868], [-89.84379018463301, 38.55434020475587], [-89.84932329623358, 38.558993885398685], [-89.85485712007056, 38.56364733119524], [-89.86039165632353, 38.56830054201366], [-89.86592690517212, 38.57295351772198], [-89.871462866796, 38.577606258188254], [-89.87699954137483, 38.582258763280514], [-89.88253692908823, 38.586911032866766], [-89.88807503011597, 38.59156306681497], [-89.89380792466403, 38.591715509561276], [-89.89934713930707, 38.59636705177409], [-89.90508047722643, 38.59651895818466], [-89.91081385831642, 38.59667058421835], [-89.91654728249756, 38.596821929868824], [-89.92228074969049, 38.59697299512966], [-89.92801425981584, 38.59712377999449], [-89.93374781279411, 38.597274284457015], [-89.93948140854593, 38.5974245085108], [-89.94521504699188, 38.5975744521496], [-89.95094872805251, 38.59772411536704], [-89.95668245164843, 38.59787349815684], [-89.96241621770018, 38.59802260051268], [-89.96815002612831, 38.59817142242828], [-89.9738838768534, 38.59831996389739], [-89.97961776979602, 38.59846822491371], [-89.98535170487666, 38.59861620547102], [-89.99108568201598, 38.59876390556306], [-89.99681970113441, 38.59891132518362], [-90.00255376215256, 38.59905846432648], [-90.00828786499093, 38.59920532298544], [-90.01383538290203, 38.603851754384785], [-90.01956992623981, 38.60399807547383], [-90.02530451116947, 38.60414411601564], [-90.03103913761147, 38.604289876004025], [-90.0367738054864, 38.60443535543286], [-90.04250851471467, 38.60458055429603], [-90.04824326521684, 38.6047254725874], [-90.05397805691341, 38.60487011030083], [-90.05971288972478, 38.60501446743025], [-90.06544776357148, 38.60515854396957], [-90.07099958225297, 38.609802421087586], [-90.07673489520826, 38.60994595939966], [-90.08247024897021, 38.61008921705863], [-90.08802357854981, 38.61473233981663], [-90.09375937107193, 38.61487505899075], [-90.09949520417183, 38.615017497448825], [-90.10505004462816, 38.61965986513943], [-90.11078631613944, 38.61980176485522], [-90.11634226958749, 38.624443634935055], [-90.1220789793104, 38.62458499570804], [-90.12781572923257, 38.62472607564535], [-90.13337319363258, 38.629367189437694], [-90.13911038141684, 38.62950773017495], [-90.14484760917111, 38.62964799001386], [-90.15058487681573, 38.629787968948484], [-90.156322184271, 38.62992766697294], [-90.16205953145733, 38.63006708408134], [-90.16779691829495, 38.630206220267794], [-90.17353434470424, 38.6303450755264], [-90.17927181060547, 38.63048364985134], [-90.185009315919, 38.63062194323676], [-90.1907468605651, 38.6307599556768], [-90.1964844444641, 38.63089768716567], [-90.2022220675363, 38.63103513769752], [-90.20795972970198, 38.63117230726659]]}}, {"type": "Feature", "properties": {"route_run_id": "stl_midamerica_to_st_louis_union_station_2026-03-09_0185", "route_pair": "midamerica_to_st_louis_union_station", "route_pair_label": "MidAmerica to St. Louis Union Station", "origin_label": "MidAmerica St. Louis Airport", "destination_label": "St. Louis Union Station", "origin_lat": 38.5451731, "origin_lon": -89.8351856, "destination_lat": 38.629167, "destination_lon": -90.2075, "traffic_date": "2026-03-09", "traffic_dataset": "March 9th - Monday", "weight_id": "w_0185", "distance_weight": 0.3, "population_weight": 0.2, "traffic_weight": 0.2, "airspace_weight": 0.3, "path_nodes": 68, "path_node_ids": [8877, 8881, 8904, 8922, 8923, 8927, 9145, 10016, 10018, 10062, 10055, 10058, 10094, 10096, 10103, 10104, 10110, 10109, 10516, 10515, 10514, 10517, 10298, 10295, 10296, 10297, 10307, 10305, 10306, 10319, 10321, 10320, 10318, 10211, 10210, 10208, 10209, 10326, 10328, 10329, 10327, 2548, 2550, 2556, 2553, 2544, 2546, 2579, 2560, 2564, 2567, 2566, 2844, 2842, 2838, 2827, 2849, 2848, 2850, 2837, 2859, 2858, 2860, 2759, 2734, 2731, 2729, 2715], "elapsed_seconds": 0.025900700013153255, "status": "success", "failure_reason": "", "route_distance_km": 49.73411900875928, "distance_cost_sum": 54.735614237153726, "population_cost_sum": 14.655050387628872, "traffic_cost_sum": 7.056213771582748, "airspace_cost_sum": 24.4, "total_weighted_score": 28.082937102988446}, "geometry": {"type": "LineString", "coordinates": [[-89.83272609742262, 38.54503213945896], [-89.83252853470323, 38.54953126729425], [-89.83806053424684, 38.55418543772932], [-89.84359324582596, 38.558839373542895], [-89.84912666962028, 38.563493074603095], [-89.85466080580946, 38.568146540778045], [-89.86019565457306, 38.572799771935806], [-89.86573121609086, 38.57745276794444], [-89.87126749054252, 38.58210552867199], [-89.8768044781077, 38.58675805398646], [-89.88234217896623, 38.591410343755804], [-89.8878805932977, 38.59606239784802], [-89.89341972128202, 38.600714216131045], [-89.89895956309883, 38.60536579847276], [-89.90450011892796, 38.61001714474108], [-89.91004138894921, 38.614668254803874], [-89.9155833733424, 38.61931912852895], [-89.92131862594731, 38.619470314708934], [-89.9268617252078, 38.624120695492145], [-89.93259742104341, 38.62427134452904], [-89.93833315971467, 38.6244217128885], [-89.94406894114202, 38.62457180056415], [-89.94999553214618, 38.62022203618278], [-89.95573104146416, 38.620371538547964], [-89.96146659328937, 38.6205207602552], [-89.96720218754218, 38.620669701298226], [-89.97293782414316, 38.62081836167072], [-89.97867350301271, 38.62096674136646], [-89.98440922407127, 38.621114840379136], [-89.99014498723932, 38.62126265870254], [-89.99588079243732, 38.621410196330416], [-90.00161663958568, 38.62155745325657], [-90.00735252860491, 38.621704429474754], [-90.01308845941536, 38.6218511249788], [-90.01882443193752, 38.62199753976251], [-90.0245604460918, 38.62214367381969], [-90.03029650179865, 38.62228952714421], [-90.03603259897847, 38.622435099729884], [-90.04176873755169, 38.622580391570615], [-90.04750491743872, 38.62272540266021], [-90.05324113855997, 38.6228701329926], [-90.0587934259509, 38.627514600818145], [-90.06434642856152, 38.63215882981023], [-90.0699001465709, 38.63680281983647], [-90.0756376048565, 38.63694649603503], [-90.08137510400799, 38.63708989131143], [-90.08711264394572, 38.63723300565962], [-90.09266827345223, 38.64187598250663], [-90.09840625259658, 38.64201855779177], [-90.10396299643912, 38.64666103690741], [-90.10970141459032, 38.646803072928776], [-90.11543987314892, 38.64694482790208], [-90.12117837203515, 38.64708630182135], [-90.12691691116937, 38.64722749468063], [-90.13283497637043, 38.64286810847808], [-90.13857323774008, 38.64300871669927], [-90.14431153910874, 38.643149043887504], [-90.15004988039681, 38.64328909003685], [-90.15578826152439, 38.64342885514139], [-90.16152668241186, 38.64356833919522], [-90.16726514297947, 38.64370754219247], [-90.17300364314747, 38.64384646412727], [-90.17874218283609, 38.64398510499372], [-90.18465698596519, 38.639622961753446], [-90.19057107312773, 38.63526048909833], [-90.1964844444641, 38.63089768716567], [-90.2022220675363, 38.63103513769752], [-90.20795972970198, 38.63117230726659]]}}, {"type": "Feature", "properties": {"route_run_id": "stl_midamerica_to_st_louis_union_station_2026-03-09_0214", "route_pair": "midamerica_to_st_louis_union_station", "route_pair_label": "MidAmerica to St. Louis Union Station", "origin_label": "MidAmerica St. Louis Airport", "destination_label": "St. Louis Union Station", "origin_lat": 38.5451731, "origin_lon": -89.8351856, "destination_lat": 38.629167, "destination_lon": -90.2075, "traffic_date": "2026-03-09", "traffic_dataset": "March 9th - Monday", "weight_id": "w_0214", "distance_weight": 0.4, "population_weight": 0.1, "traffic_weight": 0.3, "airspace_weight": 0.2, "path_nodes": 67, "path_node_ids": [8877, 8879, 8896, 8900, 8924, 8930, 10012, 10015, 10019, 10053, 10057, 10054, 10061, 10051, 10049, 10048, 10050, 10254, 10259, 10282, 10289, 10294, 10281, 10292, 10293, 10304, 10303, 10302, 10315, 10316, 10317, 10314, 10207, 10206, 10204, 10205, 10323, 10328, 10329, 10327, 2548, 2550, 2556, 2553, 2544, 2546, 2579, 2560, 2564, 2567, 2566, 2844, 2842, 2838, 2827, 2849, 2848, 2850, 2837, 2859, 2858, 2860, 2759, 2734, 2731, 2729, 2715], "elapsed_seconds": 0.017797700013034046, "status": "success", "failure_reason": "", "route_distance_km": 48.824340213633675, "distance_cost_sum": 53.734343838408606, "population_cost_sum": 18.7266276108941, "traffic_cost_sum": 6.463877156345732, "airspace_cost_sum": 24.4, "total_weighted_score": 30.185563443356575}, "geometry": {"type": "LineString", "coordinates": [[-89.83272609742262, 38.54503213945896], [-89.83825778508921, 38.54968628939868], [-89.84379018463301, 38.55434020475587], [-89.84932329623358, 38.558993885398685], [-89.85485712007056, 38.56364733119524], [-89.86039165632353, 38.56830054201366], [-89.86592690517212, 38.57295351772198], [-89.871462866796, 38.577606258188254], [-89.87699954137483, 38.582258763280514], [-89.88253692908823, 38.586911032866766], [-89.88807503011597, 38.59156306681497], [-89.89380792466403, 38.591715509561276], [-89.89934713930707, 38.59636705177409], [-89.90508047722643, 38.59651895818466], [-89.91081385831642, 38.59667058421835], [-89.91654728249756, 38.596821929868824], [-89.92228074969049, 38.59697299512966], [-89.92782227790734, 38.601623276602716], [-89.93336452008171, 38.60627332157674], [-89.93890747639323, 38.61092312991955], [-89.94445114702152, 38.615572701498955], [-89.95018625645967, 38.61572246055001], [-89.9559214084743, 38.61587193899423], [-89.9616566029858, 38.61602113682532], [-89.96739183991471, 38.61617005403699], [-89.97312711918148, 38.61631869062297], [-89.97886244070665, 38.616467046576965], [-89.9845978044106, 38.61661512189275], [-89.9903332102139, 38.61676291656407], [-89.99606865803695, 38.61691043058469], [-90.00180414780024, 38.61705766394838], [-90.00753967942423, 38.617204616648934], [-90.01327525282936, 38.61735128868017], [-90.01901086793612, 38.61749768003589], [-90.02474652466493, 38.617643790709906], [-90.03048222293627, 38.617789620696094], [-90.03621796267052, 38.617935169988264], [-90.04176873755169, 38.622580391570615], [-90.04750491743872, 38.62272540266021], [-90.05324113855997, 38.6228701329926], [-90.0587934259509, 38.627514600818145], [-90.06434642856152, 38.63215882981023], [-90.0699001465709, 38.63680281983647], [-90.0756376048565, 38.63694649603503], [-90.08137510400799, 38.63708989131143], [-90.08711264394572, 38.63723300565962], [-90.09266827345223, 38.64187598250663], [-90.09840625259658, 38.64201855779177], [-90.10396299643912, 38.64666103690741], [-90.10970141459032, 38.646803072928776], [-90.11543987314892, 38.64694482790208], [-90.12117837203515, 38.64708630182135], [-90.12691691116937, 38.64722749468063], [-90.13283497637043, 38.64286810847808], [-90.13857323774008, 38.64300871669927], [-90.14431153910874, 38.643149043887504], [-90.15004988039681, 38.64328909003685], [-90.15578826152439, 38.64342885514139], [-90.16152668241186, 38.64356833919522], [-90.16726514297947, 38.64370754219247], [-90.17300364314747, 38.64384646412727], [-90.17874218283609, 38.64398510499372], [-90.18465698596519, 38.639622961753446], [-90.19057107312773, 38.63526048909833], [-90.1964844444641, 38.63089768716567], [-90.2022220675363, 38.63103513769752], [-90.20795972970198, 38.63117230726659]]}}, {"type": "Feature", "properties": {"route_run_id": "stl_midamerica_to_st_louis_union_station_2026-03-09_0245", "route_pair": "midamerica_to_st_louis_union_station", "route_pair_label": "MidAmerica to St. Louis Union Station", "origin_label": "MidAmerica St. Louis Airport", "destination_label": "St. Louis Union Station", "origin_lat": 38.5451731, "origin_lon": -89.8351856, "destination_lat": 38.629167, "destination_lon": -90.2075, "traffic_date": "2026-03-09", "traffic_dataset": "March 9th - Monday", "weight_id": "w_0245", "distance_weight": 0.5, "population_weight": 0.2, "traffic_weight": 0.2, "airspace_weight": 0.1, "path_nodes": 68, "path_node_ids": [8877, 8881, 8904, 8922, 8923, 8927, 9145, 10016, 10018, 10062, 10055, 10058, 10094, 10096, 10103, 10104, 10110, 10109, 10516, 10515, 10514, 10517, 10298, 10295, 10296, 10297, 10307, 10305, 10306, 10319, 10321, 10320, 10318, 10211, 10210, 10208, 10209, 10326, 10328, 10329, 10327, 2548, 2550, 2556, 2553, 2544, 2546, 2579, 2560, 2564, 2567, 2566, 2844, 2842, 2838, 2827, 2849, 2848, 2850, 2837, 2859, 2858, 2860, 2759, 2734, 2731, 2729, 2715], "elapsed_seconds": 0.014640500012319535, "status": "success", "failure_reason": "", "route_distance_km": 49.73411900875928, "distance_cost_sum": 54.735614237153726, "population_cost_sum": 14.655050387628872, "traffic_cost_sum": 7.056213771582748, "airspace_cost_sum": 24.4, "total_weighted_score": 34.15005995041919}, "geometry": {"type": "LineString", "coordinates": [[-89.83272609742262, 38.54503213945896], [-89.83252853470323, 38.54953126729425], [-89.83806053424684, 38.55418543772932], [-89.84359324582596, 38.558839373542895], [-89.84912666962028, 38.563493074603095], [-89.85466080580946, 38.568146540778045], [-89.86019565457306, 38.572799771935806], [-89.86573121609086, 38.57745276794444], [-89.87126749054252, 38.58210552867199], [-89.8768044781077, 38.58675805398646], [-89.88234217896623, 38.591410343755804], [-89.8878805932977, 38.59606239784802], [-89.89341972128202, 38.600714216131045], [-89.89895956309883, 38.60536579847276], [-89.90450011892796, 38.61001714474108], [-89.91004138894921, 38.614668254803874], [-89.9155833733424, 38.61931912852895], [-89.92131862594731, 38.619470314708934], [-89.9268617252078, 38.624120695492145], [-89.93259742104341, 38.62427134452904], [-89.93833315971467, 38.6244217128885], [-89.94406894114202, 38.62457180056415], [-89.94999553214618, 38.62022203618278], [-89.95573104146416, 38.620371538547964], [-89.96146659328937, 38.6205207602552], [-89.96720218754218, 38.620669701298226], [-89.97293782414316, 38.62081836167072], [-89.97867350301271, 38.62096674136646], [-89.98440922407127, 38.621114840379136], [-89.99014498723932, 38.62126265870254], [-89.99588079243732, 38.621410196330416], [-90.00161663958568, 38.62155745325657], [-90.00735252860491, 38.621704429474754], [-90.01308845941536, 38.6218511249788], [-90.01882443193752, 38.62199753976251], [-90.0245604460918, 38.62214367381969], [-90.03029650179865, 38.62228952714421], [-90.03603259897847, 38.622435099729884], [-90.04176873755169, 38.622580391570615], [-90.04750491743872, 38.62272540266021], [-90.05324113855997, 38.6228701329926], [-90.0587934259509, 38.627514600818145], [-90.06434642856152, 38.63215882981023], [-90.0699001465709, 38.63680281983647], [-90.0756376048565, 38.63694649603503], [-90.08137510400799, 38.63708989131143], [-90.08711264394572, 38.63723300565962], [-90.09266827345223, 38.64187598250663], [-90.09840625259658, 38.64201855779177], [-90.10396299643912, 38.64666103690741], [-90.10970141459032, 38.646803072928776], [-90.11543987314892, 38.64694482790208], [-90.12117837203515, 38.64708630182135], [-90.12691691116937, 38.64722749468063], [-90.13283497637043, 38.64286810847808], [-90.13857323774008, 38.64300871669927], [-90.14431153910874, 38.643149043887504], [-90.15004988039681, 38.64328909003685], [-90.15578826152439, 38.64342885514139], [-90.16152668241186, 38.64356833919522], [-90.16726514297947, 38.64370754219247], [-90.17300364314747, 38.64384646412727], [-90.17874218283609, 38.64398510499372], [-90.18465698596519, 38.639622961753446], [-90.19057107312773, 38.63526048909833], [-90.1964844444641, 38.63089768716567], [-90.2022220675363, 38.63103513769752], [-90.20795972970198, 38.63117230726659]]}}, {"type": "Feature", "properties": {"route_run_id": "stl_midamerica_to_st_louis_union_station_2026-03-09_0191", "route_pair": "midamerica_to_st_louis_union_station", "route_pair_label": "MidAmerica to St. Louis Union Station", "origin_label": "MidAmerica St. Louis Airport", "destination_label": "St. Louis Union Station", "origin_lat": 38.5451731, "origin_lon": -89.8351856, "destination_lat": 38.629167, "destination_lon": -90.2075, "traffic_date": "2026-03-09", "traffic_dataset": "March 9th - Monday", "weight_id": "w_0191", "distance_weight": 0.3, "population_weight": 0.3, "traffic_weight": 0.2, "airspace_weight": 0.2, "path_nodes": 68, "path_node_ids": [8877, 8881, 8904, 8922, 8923, 8927, 9145, 10016, 10018, 10062, 10055, 10058, 10094, 10096, 10103, 10104, 10110, 10109, 10516, 10515, 10514, 10517, 10298, 10295, 10296, 10297, 10307, 10305, 10306, 10319, 10321, 10320, 10318, 10211, 10210, 10208, 10209, 10326, 10328, 10329, 10327, 2548, 2550, 2556, 2553, 2544, 2546, 2579, 2560, 2564, 2567, 2566, 2844, 2842, 2838, 2827, 2849, 2848, 2850, 2837, 2859, 2858, 2860, 2763, 2758, 2733, 2729, 2715], "elapsed_seconds": 0.02425710001261905, "status": "success", "failure_reason": "", "route_distance_km": 49.7342435422061, "distance_cost_sum": 54.73575129426544, "population_cost_sum": 14.189489417048982, "traffic_cost_sum": 7.648217175228862, "airspace_cost_sum": 24.4, "total_weighted_score": 27.087215648440104}, "geometry": {"type": "LineString", "coordinates": [[-89.83272609742262, 38.54503213945896], [-89.83252853470323, 38.54953126729425], [-89.83806053424684, 38.55418543772932], [-89.84359324582596, 38.558839373542895], [-89.84912666962028, 38.563493074603095], [-89.85466080580946, 38.568146540778045], [-89.86019565457306, 38.572799771935806], [-89.86573121609086, 38.57745276794444], [-89.87126749054252, 38.58210552867199], [-89.8768044781077, 38.58675805398646], [-89.88234217896623, 38.591410343755804], [-89.8878805932977, 38.59606239784802], [-89.89341972128202, 38.600714216131045], [-89.89895956309883, 38.60536579847276], [-89.90450011892796, 38.61001714474108], [-89.91004138894921, 38.614668254803874], [-89.9155833733424, 38.61931912852895], [-89.92131862594731, 38.619470314708934], [-89.9268617252078, 38.624120695492145], [-89.93259742104341, 38.62427134452904], [-89.93833315971467, 38.6244217128885], [-89.94406894114202, 38.62457180056415], [-89.94999553214618, 38.62022203618278], [-89.95573104146416, 38.620371538547964], [-89.96146659328937, 38.6205207602552], [-89.96720218754218, 38.620669701298226], [-89.97293782414316, 38.62081836167072], [-89.97867350301271, 38.62096674136646], [-89.98440922407127, 38.621114840379136], [-89.99014498723932, 38.62126265870254], [-89.99588079243732, 38.621410196330416], [-90.00161663958568, 38.62155745325657], [-90.00735252860491, 38.621704429474754], [-90.01308845941536, 38.6218511249788], [-90.01882443193752, 38.62199753976251], [-90.0245604460918, 38.62214367381969], [-90.03029650179865, 38.62228952714421], [-90.03603259897847, 38.622435099729884], [-90.04176873755169, 38.622580391570615], [-90.04750491743872, 38.62272540266021], [-90.05324113855997, 38.6228701329926], [-90.0587934259509, 38.627514600818145], [-90.06434642856152, 38.63215882981023], [-90.0699001465709, 38.63680281983647], [-90.0756376048565, 38.63694649603503], [-90.08137510400799, 38.63708989131143], [-90.08711264394572, 38.63723300565962], [-90.09266827345223, 38.64187598250663], [-90.09840625259658, 38.64201855779177], [-90.10396299643912, 38.64666103690741], [-90.10970141459032, 38.646803072928776], [-90.11543987314892, 38.64694482790208], [-90.12117837203515, 38.64708630182135], [-90.12691691116937, 38.64722749468063], [-90.13283497637043, 38.64286810847808], [-90.13857323774008, 38.64300871669927], [-90.14431153910874, 38.643149043887504], [-90.15004988039681, 38.64328909003685], [-90.15578826152439, 38.64342885514139], [-90.16152668241186, 38.64356833919522], [-90.16726514297947, 38.64370754219247], [-90.17300364314747, 38.64384646412727], [-90.17874218283609, 38.64398510499372], [-90.18448076196563, 38.64412346478601], [-90.19039524642797, 38.63976101837225], [-90.19630901490473, 38.63539824263034], [-90.2022220675363, 38.63103513769752], [-90.20795972970198, 38.63117230726659]]}}, {"type": "Feature", "properties": {"route_run_id": "stl_midamerica_to_st_louis_union_station_2026-03-09_0153", "route_pair": "midamerica_to_st_louis_union_station", "route_pair_label": "MidAmerica to St. Louis Union Station", "origin_label": "MidAmerica St. Louis Airport", "destination_label": "St. Louis Union Station", "origin_lat": 38.5451731, "origin_lon": -89.8351856, "destination_lat": 38.629167, "destination_lon": -90.2075, "traffic_date": "2026-03-09", "traffic_dataset": "March 9th - Monday", "weight_id": "w_0153", "distance_weight": 0.2, "population_weight": 0.4, "traffic_weight": 0.1, "airspace_weight": 0.3, "path_nodes": 68, "path_node_ids": [8877, 8881, 8904, 8922, 8923, 8927, 9145, 10016, 10018, 10062, 10055, 10058, 10094, 10096, 10103, 10104, 10110, 10109, 10516, 10515, 10514, 10517, 10298, 10295, 10296, 10297, 10307, 10305, 10306, 10319, 10321, 10320, 10318, 10211, 10210, 10208, 10209, 10326, 10328, 10329, 10327, 2548, 2550, 2556, 2553, 2544, 2546, 2579, 2560, 2564, 2567, 2566, 2844, 2842, 2838, 2827, 2849, 2848, 2850, 2837, 2859, 2858, 2863, 2767, 2762, 2737, 2732, 2715], "elapsed_seconds": 0.03272129999822937, "status": "success", "failure_reason": "", "route_distance_km": 50.26764200253484, "distance_cost_sum": 55.322790794333876, "population_cost_sum": 13.21522828236566, "traffic_cost_sum": 9.234758315992508, "airspace_cost_sum": 24.4, "total_weighted_score": 24.594125303412294}, "geometry": {"type": "LineString", "coordinates": [[-89.83272609742262, 38.54503213945896], [-89.83252853470323, 38.54953126729425], [-89.83806053424684, 38.55418543772932], [-89.84359324582596, 38.558839373542895], [-89.84912666962028, 38.563493074603095], [-89.85466080580946, 38.568146540778045], [-89.86019565457306, 38.572799771935806], [-89.86573121609086, 38.57745276794444], [-89.87126749054252, 38.58210552867199], [-89.8768044781077, 38.58675805398646], [-89.88234217896623, 38.591410343755804], [-89.8878805932977, 38.59606239784802], [-89.89341972128202, 38.600714216131045], [-89.89895956309883, 38.60536579847276], [-89.90450011892796, 38.61001714474108], [-89.91004138894921, 38.614668254803874], [-89.9155833733424, 38.61931912852895], [-89.92131862594731, 38.619470314708934], [-89.9268617252078, 38.624120695492145], [-89.93259742104341, 38.62427134452904], [-89.93833315971467, 38.6244217128885], [-89.94406894114202, 38.62457180056415], [-89.94999553214618, 38.62022203618278], [-89.95573104146416, 38.620371538547964], [-89.96146659328937, 38.6205207602552], [-89.96720218754218, 38.620669701298226], [-89.97293782414316, 38.62081836167072], [-89.97867350301271, 38.62096674136646], [-89.98440922407127, 38.621114840379136], [-89.99014498723932, 38.62126265870254], [-89.99588079243732, 38.621410196330416], [-90.00161663958568, 38.62155745325657], [-90.00735252860491, 38.621704429474754], [-90.01308845941536, 38.6218511249788], [-90.01882443193752, 38.62199753976251], [-90.0245604460918, 38.62214367381969], [-90.03029650179865, 38.62228952714421], [-90.03603259897847, 38.622435099729884], [-90.04176873755169, 38.622580391570615], [-90.04750491743872, 38.62272540266021], [-90.05324113855997, 38.6228701329926], [-90.0587934259509, 38.627514600818145], [-90.06434642856152, 38.63215882981023], [-90.0699001465709, 38.63680281983647], [-90.0756376048565, 38.63694649603503], [-90.08137510400799, 38.63708989131143], [-90.08711264394572, 38.63723300565962], [-90.09266827345223, 38.64187598250663], [-90.09840625259658, 38.64201855779177], [-90.10396299643912, 38.64666103690741], [-90.10970141459032, 38.646803072928776], [-90.11543987314892, 38.64694482790208], [-90.12117837203515, 38.64708630182135], [-90.12691691116937, 38.64722749468063], [-90.13283497637043, 38.64286810847808], [-90.13857323774008, 38.64300871669927], [-90.14431153910874, 38.643149043887504], [-90.15004988039681, 38.64328909003685], [-90.15578826152439, 38.64342885514139], [-90.16152668241186, 38.64356833919522], [-90.16726514297947, 38.64370754219247], [-90.17300364314747, 38.64384646412727], [-90.17856556137721, 38.64848558173427], [-90.18430449860489, 38.64862396366764], [-90.19021938045634, 38.644261543498274], [-90.19613354616266, 38.639898793950096], [-90.20204699586435, 38.63553571516044], [-90.20795972970198, 38.63117230726659]]}}, {"type": "Feature", "properties": {"route_run_id": "stl_midamerica_to_st_louis_union_station_2026-03-09_0189", "route_pair": "midamerica_to_st_louis_union_station", "route_pair_label": "MidAmerica to St. Louis Union Station", "origin_label": "MidAmerica St. Louis Airport", "destination_label": "St. Louis Union Station", "origin_lat": 38.5451731, "origin_lon": -89.8351856, "destination_lat": 38.629167, "destination_lon": -90.2075, "traffic_date": "2026-03-09", "traffic_dataset": "March 9th - Monday", "weight_id": "w_0189", "distance_weight": 0.3, "population_weight": 0.3, "traffic_weight": 0.0, "airspace_weight": 0.4, "path_nodes": 68, "path_node_ids": [8877, 8881, 8904, 8922, 8923, 8927, 9145, 10016, 10018, 10062, 10055, 10058, 10094, 10096, 10103, 10104, 10110, 10109, 10516, 10515, 10514, 10517, 10522, 10299, 10300, 10301, 10309, 10308, 10310, 10343, 10345, 10344, 10342, 10355, 10210, 10208, 10209, 10326, 10328, 10329, 10327, 2522, 2524, 2523, 2514, 2517, 2515, 2516, 2530, 2534, 2532, 2558, 2840, 2839, 2838, 2827, 2849, 2848, 2850, 2837, 2859, 2858, 2860, 2763, 2762, 2737, 2732, 2715], "elapsed_seconds": 0.02697550001903437, "status": "success", "failure_reason": "", "route_distance_km": 49.20045512079, "distance_cost_sum": 54.14828261680189, "population_cost_sum": 14.193327193589042, "traffic_cost_sum": 13.706437159353971, "airspace_cost_sum": 23.2, "total_weighted_score": 29.782482943117287}, "geometry": {"type": "LineString", "coordinates": [[-89.83272609742262, 38.54503213945896], [-89.83252853470323, 38.54953126729425], [-89.83806053424684, 38.55418543772932], [-89.84359324582596, 38.558839373542895], [-89.84912666962028, 38.563493074603095], [-89.85466080580946, 38.568146540778045], [-89.86019565457306, 38.572799771935806], [-89.86573121609086, 38.57745276794444], [-89.87126749054252, 38.58210552867199], [-89.8768044781077, 38.58675805398646], [-89.88234217896623, 38.591410343755804], [-89.8878805932977, 38.59606239784802], [-89.89341972128202, 38.600714216131045], [-89.89895956309883, 38.60536579847276], [-89.90450011892796, 38.61001714474108], [-89.91004138894921, 38.614668254803874], [-89.9155833733424, 38.61931912852895], [-89.92131862594731, 38.619470314708934], [-89.9268617252078, 38.624120695492145], [-89.93259742104341, 38.62427134452904], [-89.93833315971467, 38.6244217128885], [-89.94406894114202, 38.62457180056415], [-89.94980476524591, 38.62472160754967], [-89.95554063194687, 38.62487113383877], [-89.96127654116528, 38.62502037942509], [-89.96701249282155, 38.625169344302385], [-89.97274848683627, 38.62531802846435], [-89.97848452312972, 38.62546643190471], [-89.98422060162243, 38.625614554617215], [-89.98995672223481, 38.62576239659562], [-89.9956928848873, 38.625909957833684], [-90.00142908950032, 38.62605723832518], [-90.00716533599429, 38.6262042380639], [-90.01290162428964, 38.62635095704363], [-90.01882443193752, 38.62199753976251], [-90.0245604460918, 38.62214367381969], [-90.03029650179865, 38.62228952714421], [-90.03603259897847, 38.622435099729884], [-90.04176873755169, 38.622580391570615], [-90.04750491743872, 38.62272540266021], [-90.05324113855997, 38.6228701329926], [-90.0589774008359, 38.62301458256169], [-90.06471370418684, 38.62315875136136], [-90.07045004853325, 38.62330263938551], [-90.07618643379548, 38.623446246628106], [-90.08192285989396, 38.62358957308307], [-90.08765932674906, 38.623732618744384], [-90.09339583428118, 38.623875383605984], [-90.09895091075838, 38.62851804648185], [-90.10450670259345, 38.633160469873815], [-90.1102440470662, 38.63330243772981], [-90.11580095263906, 38.63794436326609], [-90.12135857394713, 38.64258604896054], [-90.12709675507955, 38.642727219229855], [-90.13283497637043, 38.64286810847808], [-90.13857323774008, 38.64300871669927], [-90.14431153910874, 38.643149043887504], [-90.15004988039681, 38.64328909003685], [-90.15578826152439, 38.64342885514139], [-90.16152668241186, 38.64356833919522], [-90.16726514297947, 38.64370754219247], [-90.17300364314747, 38.64384646412727], [-90.17874218283609, 38.64398510499372], [-90.18448076196563, 38.64412346478601], [-90.19021938045634, 38.644261543498274], [-90.19613354616266, 38.639898793950096], [-90.20204699586435, 38.63553571516044], [-90.20795972970198, 38.63117230726659]]}}, {"type": "Feature", "properties": {"route_run_id": "stl_midamerica_to_st_louis_union_station_2026-03-09_0096", "route_pair": "midamerica_to_st_louis_union_station", "route_pair_label": "MidAmerica to St. Louis Union Station", "origin_label": "MidAmerica St. Louis Airport", "destination_label": "St. Louis Union Station", "origin_lat": 38.5451731, "origin_lon": -89.8351856, "destination_lat": 38.629167, "destination_lon": -90.2075, "traffic_date": "2026-03-09", "traffic_dataset": "March 9th - Monday", "weight_id": "w_0096", "distance_weight": 0.1, "population_weight": 0.3, "traffic_weight": 0.2, "airspace_weight": 0.4, "path_nodes": 68, "path_node_ids": [8877, 8881, 8904, 8922, 8923, 8927, 9145, 10016, 10018, 10062, 10055, 10058, 10094, 10096, 10103, 10104, 10110, 10109, 10516, 10512, 10290, 10289, 10294, 10281, 10292, 10293, 10304, 10303, 10302, 10315, 10316, 10317, 10314, 10207, 10206, 10204, 10205, 10323, 10328, 10329, 10327, 2548, 2550, 2556, 2549, 2542, 2540, 2516, 2530, 2534, 2559, 2558, 2840, 2842, 2838, 2827, 2849, 2848, 2850, 2837, 2859, 2858, 2863, 2763, 2758, 2733, 2729, 2715], "elapsed_seconds": 0.03952740001841448, "status": "success", "failure_reason": "", "route_distance_km": 52.39801348047061, "distance_cost_sum": 57.667402375320975, "population_cost_sum": 14.38853012514514, "traffic_cost_sum": 7.22663813945742, "airspace_cost_sum": 23.2, "total_weighted_score": 20.808626902967127}, "geometry": {"type": "LineString", "coordinates": [[-89.83272609742262, 38.54503213945896], [-89.83252853470323, 38.54953126729425], [-89.83806053424684, 38.55418543772932], [-89.84359324582596, 38.558839373542895], [-89.84912666962028, 38.563493074603095], [-89.85466080580946, 38.568146540778045], [-89.86019565457306, 38.572799771935806], [-89.86573121609086, 38.57745276794444], [-89.87126749054252, 38.58210552867199], [-89.8768044781077, 38.58675805398646], [-89.88234217896623, 38.591410343755804], [-89.8878805932977, 38.59606239784802], [-89.89341972128202, 38.600714216131045], [-89.89895956309883, 38.60536579847276], [-89.90450011892796, 38.61001714474108], [-89.91004138894921, 38.614668254803874], [-89.9155833733424, 38.61931912852895], [-89.92131862594731, 38.619470314708934], [-89.9268617252078, 38.624120695492145], [-89.93278926003055, 38.619771845202735], [-89.93852464134986, 38.619922189503846], [-89.94445114702152, 38.615572701498955], [-89.95018625645967, 38.61572246055001], [-89.9559214084743, 38.61587193899423], [-89.9616566029858, 38.61602113682532], [-89.96739183991471, 38.61617005403699], [-89.97312711918148, 38.61631869062297], [-89.97886244070665, 38.616467046576965], [-89.9845978044106, 38.61661512189275], [-89.9903332102139, 38.61676291656407], [-89.99606865803695, 38.61691043058469], [-90.00180414780024, 38.61705766394838], [-90.00753967942423, 38.617204616648934], [-90.01327525282936, 38.61735128868017], [-90.01901086793612, 38.61749768003589], [-90.02474652466493, 38.617643790709906], [-90.03048222293627, 38.617789620696094], [-90.03621796267052, 38.617935169988264], [-90.04176873755169, 38.622580391570615], [-90.04750491743872, 38.62272540266021], [-90.05324113855997, 38.6228701329926], [-90.0587934259509, 38.627514600818145], [-90.06434642856152, 38.63215882981023], [-90.0699001465709, 38.63680281983647], [-90.07582058868887, 38.63244641710234], [-90.08155773007638, 38.632589789435436], [-90.08747713983809, 38.62823275191331], [-90.09339583428118, 38.623875383605984], [-90.09895091075838, 38.62851804648185], [-90.10450670259345, 38.633160469873815], [-90.11006320996535, 38.6378026536494], [-90.11580095263906, 38.63794436326609], [-90.12135857394713, 38.64258604896054], [-90.12691691116937, 38.64722749468063], [-90.13283497637043, 38.64286810847808], [-90.13857323774008, 38.64300871669927], [-90.14431153910874, 38.643149043887504], [-90.15004988039681, 38.64328909003685], [-90.15578826152439, 38.64342885514139], [-90.16152668241186, 38.64356833919522], [-90.16726514297947, 38.64370754219247], [-90.17300364314747, 38.64384646412727], [-90.17856556137721, 38.64848558173427], [-90.18448076196563, 38.64412346478601], [-90.19039524642797, 38.63976101837225], [-90.19630901490473, 38.63539824263034], [-90.2022220675363, 38.63103513769752], [-90.20795972970198, 38.63117230726659]]}}, {"type": "Feature", "properties": {"route_run_id": "stl_midamerica_to_st_louis_union_station_2026-03-09_0216", "route_pair": "midamerica_to_st_louis_union_station", "route_pair_label": "MidAmerica to St. Louis Union Station", "origin_label": "MidAmerica St. Louis Airport", "destination_label": "St. Louis Union Station", "origin_lat": 38.5451731, "origin_lon": -89.8351856, "destination_lat": 38.629167, "destination_lon": -90.2075, "traffic_date": "2026-03-09", "traffic_dataset": "March 9th - Monday", "weight_id": "w_0216", "distance_weight": 0.4, "population_weight": 0.1, "traffic_weight": 0.5, "airspace_weight": 0.0, "path_nodes": 69, "path_node_ids": [8877, 8876, 8868, 8869, 8870, 8867, 9753, 9754, 9755, 9744, 9742, 9743, 9730, 9733, 9721, 9732, 9720, 9915, 9913, 9912, 9914, 9932, 7806, 9933, 9923, 9922, 7815, 7816, 9820, 9832, 9833, 9821, 7905, 7906, 9823, 9822, 7916, 7915, 7914, 7913, 1933, 1931, 1932, 1917, 1943, 1946, 1970, 1983, 1998, 2003, 2000, 2191, 2194, 2193, 2192, 2185, 2184, 2186, 2421, 2205, 2450, 2451, 2369, 2375, 2399, 2401, 2406, 2729, 2715], "elapsed_seconds": 0.012540700001409277, "status": "success", "failure_reason": "", "route_distance_km": 47.941309324872435, "distance_cost_sum": 52.76251124038445, "population_cost_sum": 26.60401366295166, "traffic_cost_sum": 2.6103621949716804, "airspace_cost_sum": 38.6, "total_weighted_score": 25.070586959934786}, "geometry": {"type": "LineString", "coordinates": [[-89.83272609742262, 38.54503213945896], [-89.83845499191484, 38.54518713674757], [-89.84418393041321, 38.54534185422887], [-89.8499129128385, 38.54549629189633], [-89.85564193911159, 38.545650449743434], [-89.86137100915332, 38.54580432776372], [-89.86710012288452, 38.545957925950695], [-89.87282928022606, 38.546111244297876], [-89.8785584810987, 38.54626428279884], [-89.88428772542336, 38.54641704144712], [-89.8902109731338, 38.54207014196144], [-89.895939948205, 38.54222231651928], [-89.90166896648022, 38.54237421124988], [-89.90739802788026, 38.54252582614685], [-89.91312713232598, 38.54267716120381], [-89.91885627973821, 38.54282821641439], [-89.92458547003774, 38.5429789917722], [-89.93031470314544, 38.543129487270946], [-89.93604397898207, 38.54327970290425], [-89.94177329746847, 38.543429638665806], [-89.94750265852547, 38.54357929454928], [-89.9532320620738, 38.543728670548404], [-89.9589615080343, 38.543877766656834], [-89.9646909963278, 38.54402658286834], [-89.97042052687505, 38.544175119176636], [-89.97615009959685, 38.54432337557549], [-89.98187971441398, 38.54447135205863], [-89.98760937124719, 38.544619048619815], [-89.99333907001733, 38.54476646525287], [-89.99906881064508, 38.54491360195155], [-90.00479859305136, 38.54506045870968], [-90.01052841715675, 38.54520703552103], [-90.01625828288213, 38.545353332379484], [-90.02198819014824, 38.545499349278856], [-90.0277181388758, 38.54564508621299], [-90.03344812898557, 38.54579054317578], [-90.03917816039834, 38.54593572016105], [-90.04490823303483, 38.54608061716274], [-90.05063834681579, 38.54622523417469], [-90.05636850166194, 38.546369571190844], [-90.06209869749397, 38.54651362820512], [-90.06782893423272, 38.54665740521145], [-90.07355921179885, 38.54680090220377], [-90.07928953011304, 38.54694411917603], [-90.08483803609515, 38.551587237746496], [-90.09038725467427, 38.55623011778336], [-90.09593718602859, 38.5608727591544], [-90.1014878303364, 38.56551516172741], [-90.10703918777595, 38.57015732537014], [-90.11259125852546, 38.57479924995029], [-90.11832399892143, 38.57494064238296], [-90.12387718012955, 38.579582070024706], [-90.1296103575981, 38.57972292432643], [-90.13534357508938, 38.579863498234836], [-90.14107683252396, 38.580003791744], [-90.14681012982238, 38.58014380484799], [-90.15254346690519, 38.5802835375409], [-90.1580993457009, 38.58492343582021], [-90.16365593845713, 38.58956309408333], [-90.16921324535195, 38.59420251219789], [-90.17477126656355, 38.59884169003141], [-90.18033000227008, 38.60348062745143], [-90.18588945264969, 38.60811932432548], [-90.19144961788064, 38.61275778052102], [-90.19127398739786, 38.61725833052981], [-90.19683518607279, 38.62189656380297], [-90.19665983485031, 38.626397127556444], [-90.2022220675363, 38.63103513769752], [-90.20795972970198, 38.63117230726659]]}}, {"type": "Feature", "properties": {"route_run_id": "stl_midamerica_to_st_louis_union_station_2026-03-09_0224", "route_pair": "midamerica_to_st_louis_union_station", "route_pair_label": "MidAmerica to St. Louis Union Station", "origin_label": "MidAmerica St. Louis Airport", "destination_label": "St. Louis Union Station", "origin_lat": 38.5451731, "origin_lon": -89.8351856, "destination_lat": 38.629167, "destination_lon": -90.2075, "traffic_date": "2026-03-09", "traffic_dataset": "March 9th - Monday", "weight_id": "w_0224", "distance_weight": 0.4, "population_weight": 0.3, "traffic_weight": 0.2, "airspace_weight": 0.1, "path_nodes": 68, "path_node_ids": [8877, 8881, 8904, 8922, 8923, 8927, 9145, 10016, 10018, 10062, 10055, 10058, 10094, 10096, 10103, 10104, 10110, 10109, 10516, 10515, 10514, 10517, 10298, 10295, 10296, 10297, 10307, 10305, 10306, 10319, 10321, 10320, 10318, 10211, 10210, 10208, 10209, 10326, 10328, 10329, 10327, 2548, 2550, 2556, 2553, 2544, 2546, 2579, 2560, 2564, 2567, 2566, 2844, 2842, 2838, 2827, 2849, 2848, 2850, 2837, 2859, 2858, 2860, 2763, 2758, 2733, 2729, 2715], "elapsed_seconds": 0.018999599997187033, "status": "success", "failure_reason": "", "route_distance_km": 49.7342435422061, "distance_cost_sum": 54.73575129426544, "population_cost_sum": 14.189489417048982, "traffic_cost_sum": 7.648217175228862, "airspace_cost_sum": 24.4, "total_weighted_score": 30.120790777866645}, "geometry": {"type": "LineString", "coordinates": [[-89.83272609742262, 38.54503213945896], [-89.83252853470323, 38.54953126729425], [-89.83806053424684, 38.55418543772932], [-89.84359324582596, 38.558839373542895], [-89.84912666962028, 38.563493074603095], [-89.85466080580946, 38.568146540778045], [-89.86019565457306, 38.572799771935806], [-89.86573121609086, 38.57745276794444], [-89.87126749054252, 38.58210552867199], [-89.8768044781077, 38.58675805398646], [-89.88234217896623, 38.591410343755804], [-89.8878805932977, 38.59606239784802], [-89.89341972128202, 38.600714216131045], [-89.89895956309883, 38.60536579847276], [-89.90450011892796, 38.61001714474108], [-89.91004138894921, 38.614668254803874], [-89.9155833733424, 38.61931912852895], [-89.92131862594731, 38.619470314708934], [-89.9268617252078, 38.624120695492145], [-89.93259742104341, 38.62427134452904], [-89.93833315971467, 38.6244217128885], [-89.94406894114202, 38.62457180056415], [-89.94999553214618, 38.62022203618278], [-89.95573104146416, 38.620371538547964], [-89.96146659328937, 38.6205207602552], [-89.96720218754218, 38.620669701298226], [-89.97293782414316, 38.62081836167072], [-89.97867350301271, 38.62096674136646], [-89.98440922407127, 38.621114840379136], [-89.99014498723932, 38.62126265870254], [-89.99588079243732, 38.621410196330416], [-90.00161663958568, 38.62155745325657], [-90.00735252860491, 38.621704429474754], [-90.01308845941536, 38.6218511249788], [-90.01882443193752, 38.62199753976251], [-90.0245604460918, 38.62214367381969], [-90.03029650179865, 38.62228952714421], [-90.03603259897847, 38.622435099729884], [-90.04176873755169, 38.622580391570615], [-90.04750491743872, 38.62272540266021], [-90.05324113855997, 38.6228701329926], [-90.0587934259509, 38.627514600818145], [-90.06434642856152, 38.63215882981023], [-90.0699001465709, 38.63680281983647], [-90.0756376048565, 38.63694649603503], [-90.08137510400799, 38.63708989131143], [-90.08711264394572, 38.63723300565962], [-90.09266827345223, 38.64187598250663], [-90.09840625259658, 38.64201855779177], [-90.10396299643912, 38.64666103690741], [-90.10970141459032, 38.646803072928776], [-90.11543987314892, 38.64694482790208], [-90.12117837203515, 38.64708630182135], [-90.12691691116937, 38.64722749468063], [-90.13283497637043, 38.64286810847808], [-90.13857323774008, 38.64300871669927], [-90.14431153910874, 38.643149043887504], [-90.15004988039681, 38.64328909003685], [-90.15578826152439, 38.64342885514139], [-90.16152668241186, 38.64356833919522], [-90.16726514297947, 38.64370754219247], [-90.17300364314747, 38.64384646412727], [-90.17874218283609, 38.64398510499372], [-90.18448076196563, 38.64412346478601], [-90.19039524642797, 38.63976101837225], [-90.19630901490473, 38.63539824263034], [-90.2022220675363, 38.63103513769752], [-90.20795972970198, 38.63117230726659]]}}, {"type": "Feature", "properties": {"route_run_id": "stl_midamerica_to_st_louis_union_station_2026-03-09_0275", "route_pair": "midamerica_to_st_louis_union_station", "route_pair_label": "MidAmerica to St. Louis Union Station", "origin_label": "MidAmerica St. Louis Airport", "destination_label": "St. Louis Union Station", "origin_lat": 38.5451731, "origin_lon": -89.8351856, "destination_lat": 38.629167, "destination_lon": -90.2075, "traffic_date": "2026-03-09", "traffic_dataset": "March 9th - Monday", "weight_id": "w_0275", "distance_weight": 0.7, "population_weight": 0.2, "traffic_weight": 0.0, "airspace_weight": 0.1, "path_nodes": 67, "path_node_ids": [8877, 8879, 8896, 8900, 8924, 8930, 10012, 10015, 10019, 10053, 10057, 10054, 10061, 10051, 10049, 10072, 10079, 10284, 10288, 10286, 10289, 10294, 10281, 10292, 10293, 10304, 10303, 10302, 10315, 10316, 10317, 10314, 10207, 10206, 10204, 10205, 10323, 10324, 10322, 10325, 2520, 2521, 2519, 2510, 2512, 2513, 2511, 2302, 2300, 2301, 2307, 2491, 2492, 2818, 2496, 2507, 2506, 2828, 2505, 2809, 2811, 2810, 2728, 2730, 2731, 2729, 2715], "elapsed_seconds": 0.009966400015400723, "status": "success", "failure_reason": "", "route_distance_km": 46.68855540718086, "distance_cost_sum": 51.383774539312654, "population_cost_sum": 19.97466848935391, "traffic_cost_sum": 13.844855750214501, "airspace_cost_sum": 23.2, "total_weighted_score": 42.28357587538964}, "geometry": {"type": "LineString", "coordinates": [[-89.83272609742262, 38.54503213945896], [-89.83825778508921, 38.54968628939868], [-89.84379018463301, 38.55434020475587], [-89.84932329623358, 38.558993885398685], [-89.85485712007056, 38.56364733119524], [-89.86039165632353, 38.56830054201366], [-89.86592690517212, 38.57295351772198], [-89.871462866796, 38.577606258188254], [-89.87699954137483, 38.582258763280514], [-89.88253692908823, 38.586911032866766], [-89.88807503011597, 38.59156306681497], [-89.89380792466403, 38.591715509561276], [-89.89934713930707, 38.59636705177409], [-89.90508047722643, 38.59651895818466], [-89.91081385831642, 38.59667058421835], [-89.91635458673171, 38.60132137816604], [-89.92189602906302, 38.60597193580059], [-89.92743818549003, 38.61062225698987], [-89.93298105619242, 38.615272341601674], [-89.93871608023923, 38.61542266184741], [-89.94445114702152, 38.615572701498955], [-89.95018625645967, 38.61572246055001], [-89.9559214084743, 38.61587193899423], [-89.9616566029858, 38.61602113682532], [-89.96739183991471, 38.61617005403699], [-89.97312711918148, 38.61631869062297], [-89.97886244070665, 38.616467046576965], [-89.9845978044106, 38.61661512189275], [-89.9903332102139, 38.61676291656407], [-89.99606865803695, 38.61691043058469], [-90.00180414780024, 38.61705766394838], [-90.00753967942423, 38.617204616648934], [-90.01327525282936, 38.61735128868017], [-90.01901086793612, 38.61749768003589], [-90.02474652466493, 38.617643790709906], [-90.03048222293627, 38.617789620696094], [-90.03621796267052, 38.617935169988264], [-90.0419537437882, 38.61808043858029], [-90.04768956620967, 38.61822542646607], [-90.05342542985542, 38.61837013363945], [-90.05916133464585, 38.61851456009435], [-90.06489728050143, 38.618658705824664], [-90.07063326734246, 38.618802570824315], [-90.07636929508949, 38.61894615508724], [-90.08210536366288, 38.61908945860739], [-90.087841472983, 38.61923248137871], [-90.09357762297034, 38.61937522339516], [-90.09931381354528, 38.61951768465076], [-90.10505004462816, 38.61965986513943], [-90.11078631613944, 38.61980176485522], [-90.11634226958749, 38.624443634935055], [-90.1220789793104, 38.62458499570804], [-90.12781572923257, 38.62472607564535], [-90.13337319363258, 38.629367189437694], [-90.13911038141684, 38.62950773017495], [-90.14484760917111, 38.62964799001386], [-90.15058487681573, 38.629787968948484], [-90.156322184271, 38.62992766697294], [-90.16205953145733, 38.63006708408134], [-90.16779691829495, 38.630206220267794], [-90.17353434470424, 38.6303450755264], [-90.17927181060547, 38.63048364985134], [-90.185009315919, 38.63062194323676], [-90.1907468605651, 38.6307599556768], [-90.1964844444641, 38.63089768716567], [-90.2022220675363, 38.63103513769752], [-90.20795972970198, 38.63117230726659]]}}, {"type": "Feature", "properties": {"route_run_id": "stl_midamerica_to_st_louis_union_station_2026-03-09_0221", "route_pair": "midamerica_to_st_louis_union_station", "route_pair_label": "MidAmerica to St. Louis Union Station", "origin_label": "MidAmerica St. Louis Airport", "destination_label": "St. Louis Union Station", "origin_lat": 38.5451731, "origin_lon": -89.8351856, "destination_lat": 38.629167, "destination_lon": -90.2075, "traffic_date": "2026-03-09", "traffic_dataset": "March 9th - Monday", "weight_id": "w_0221", "distance_weight": 0.4, "population_weight": 0.2, "traffic_weight": 0.4, "airspace_weight": 0.0, "path_nodes": 68, "path_node_ids": [8877, 8876, 8868, 8869, 8870, 8867, 9753, 9754, 9755, 9744, 9742, 9743, 9730, 9733, 9721, 9732, 9720, 9915, 9913, 9912, 9914, 9932, 7806, 9933, 9926, 9927, 9924, 9925, 9839, 9873, 9878, 9881, 9897, 9895, 9896, 9894, 9902, 9903, 9904, 9905, 2208, 1967, 1966, 1976, 1977, 1989, 1988, 1986, 1998, 2003, 2000, 2191, 2194, 2193, 2192, 2185, 2184, 2186, 2421, 2205, 2450, 2451, 2369, 2375, 2399, 2401, 2404, 2715], "elapsed_seconds": 0.015899999998509884, "status": "success", "failure_reason": "", "route_distance_km": 48.102630014928515, "distance_cost_sum": 52.940055092278676, "population_cost_sum": 19.690584214892496, "traffic_cost_sum": 4.675216902133272, "airspace_cost_sum": 39.0, "total_weighted_score": 26.98422564074328}, "geometry": {"type": "LineString", "coordinates": [[-89.83272609742262, 38.54503213945896], [-89.83845499191484, 38.54518713674757], [-89.84418393041321, 38.54534185422887], [-89.8499129128385, 38.54549629189633], [-89.85564193911159, 38.545650449743434], [-89.86137100915332, 38.54580432776372], [-89.86710012288452, 38.545957925950695], [-89.87282928022606, 38.546111244297876], [-89.8785584810987, 38.54626428279884], [-89.88428772542336, 38.54641704144712], [-89.8902109731338, 38.54207014196144], [-89.895939948205, 38.54222231651928], [-89.90166896648022, 38.54237421124988], [-89.90739802788026, 38.54252582614685], [-89.91312713232598, 38.54267716120381], [-89.91885627973821, 38.54282821641439], [-89.92458547003774, 38.5429789917722], [-89.93031470314544, 38.543129487270946], [-89.93604397898207, 38.54327970290425], [-89.94177329746847, 38.543429638665806], [-89.94750265852547, 38.54357929454928], [-89.9532320620738, 38.543728670548404], [-89.9589615080343, 38.543877766656834], [-89.9646909963278, 38.54402658286834], [-89.97023155068236, 38.54867483450422], [-89.9759614794683, 38.54882311464288], [-89.9816914503597, 38.548971114821086], [-89.98742146327739, 38.54911883503266], [-89.99296392439905, 38.55376608104985], [-89.9985070979577, 38.55841308997815], [-90.00405098413212, 38.56305986168546], [-90.00959558310103, 38.56770639603968], [-90.01514089504332, 38.57235269290866], [-90.02087294036811, 38.5724988501429], [-90.02660502721452, 38.572644727143405], [-90.03233715550313, 38.57279032390402], [-90.0380693251546, 38.572935640418635], [-90.04380153608955, 38.57308067668109], [-90.04953378822863, 38.57322543268529], [-90.05526608149245, 38.57336990842512], [-90.06118189844089, 38.56901403512918], [-90.06691391709492, 38.56915792728389], [-90.07264597662567, 38.5693015392008], [-90.07837807695377, 38.569444870873845], [-90.0841102179998, 38.569587922296975], [-90.08984239968441, 38.569730693464194], [-90.09557462192825, 38.56987318436945], [-90.10130688465189, 38.57001539500677], [-90.10703918777595, 38.57015732537014], [-90.11259125852546, 38.57479924995029], [-90.11832399892143, 38.57494064238296], [-90.12387718012955, 38.579582070024706], [-90.1296103575981, 38.57972292432643], [-90.13534357508938, 38.579863498234836], [-90.14107683252396, 38.580003791744], [-90.14681012982238, 38.58014380484799], [-90.15254346690519, 38.5802835375409], [-90.1580993457009, 38.58492343582021], [-90.16365593845713, 38.58956309408333], [-90.16921324535195, 38.59420251219789], [-90.17477126656355, 38.59884169003141], [-90.18033000227008, 38.60348062745143], [-90.18588945264969, 38.60811932432548], [-90.19144961788064, 38.61275778052102], [-90.19127398739786, 38.61725833052981], [-90.19683518607279, 38.62189656380297], [-90.20239710011477, 38.62653455609276], [-90.20795972970198, 38.63117230726659]]}}, {"type": "Feature", "properties": {"route_run_id": "stl_midamerica_to_st_louis_union_station_2026-03-09_0142", "route_pair": "midamerica_to_st_louis_union_station", "route_pair_label": "MidAmerica to St. Louis Union Station", "origin_label": "MidAmerica St. Louis Airport", "destination_label": "St. Louis Union Station", "origin_lat": 38.5451731, "origin_lon": -89.8351856, "destination_lat": 38.629167, "destination_lon": -90.2075, "traffic_date": "2026-03-09", "traffic_dataset": "March 9th - Monday", "weight_id": "w_0142", "distance_weight": 0.2, "population_weight": 0.2, "traffic_weight": 0.3, "airspace_weight": 0.3, "path_nodes": 68, "path_node_ids": [8877, 8881, 8904, 8922, 8923, 8927, 9145, 10016, 10018, 10062, 10055, 10058, 10094, 10096, 10103, 10104, 10110, 10109, 10516, 10512, 10290, 10289, 10294, 10281, 10292, 10293, 10304, 10303, 10302, 10315, 10316, 10317, 10314, 10207, 10206, 10204, 10205, 10323, 10328, 10329, 10327, 2548, 2550, 2556, 2549, 2542, 2546, 2579, 2560, 2564, 2567, 2566, 2844, 2842, 2838, 2827, 2849, 2848, 2850, 2837, 2859, 2858, 2860, 2759, 2734, 2731, 2729, 2715], "elapsed_seconds": 0.030342300015036017, "status": "success", "failure_reason": "", "route_distance_km": 50.799248333867304, "distance_cost_sum": 55.90785794054625, "population_cost_sum": 14.60707907155248, "traffic_cost_sum": 5.931877218164064, "airspace_cost_sum": 24.4, "total_weighted_score": 23.20255056786897}, "geometry": {"type": "LineString", "coordinates": [[-89.83272609742262, 38.54503213945896], [-89.83252853470323, 38.54953126729425], [-89.83806053424684, 38.55418543772932], [-89.84359324582596, 38.558839373542895], [-89.84912666962028, 38.563493074603095], [-89.85466080580946, 38.568146540778045], [-89.86019565457306, 38.572799771935806], [-89.86573121609086, 38.57745276794444], [-89.87126749054252, 38.58210552867199], [-89.8768044781077, 38.58675805398646], [-89.88234217896623, 38.591410343755804], [-89.8878805932977, 38.59606239784802], [-89.89341972128202, 38.600714216131045], [-89.89895956309883, 38.60536579847276], [-89.90450011892796, 38.61001714474108], [-89.91004138894921, 38.614668254803874], [-89.9155833733424, 38.61931912852895], [-89.92131862594731, 38.619470314708934], [-89.9268617252078, 38.624120695492145], [-89.93278926003055, 38.619771845202735], [-89.93852464134986, 38.619922189503846], [-89.94445114702152, 38.615572701498955], [-89.95018625645967, 38.61572246055001], [-89.9559214084743, 38.61587193899423], [-89.9616566029858, 38.61602113682532], [-89.96739183991471, 38.61617005403699], [-89.97312711918148, 38.61631869062297], [-89.97886244070665, 38.616467046576965], [-89.9845978044106, 38.61661512189275], [-89.9903332102139, 38.61676291656407], [-89.99606865803695, 38.61691043058469], [-90.00180414780024, 38.61705766394838], [-90.00753967942423, 38.617204616648934], [-90.01327525282936, 38.61735128868017], [-90.01901086793612, 38.61749768003589], [-90.02474652466493, 38.617643790709906], [-90.03048222293627, 38.617789620696094], [-90.03621796267052, 38.617935169988264], [-90.04176873755169, 38.622580391570615], [-90.04750491743872, 38.62272540266021], [-90.05324113855997, 38.6228701329926], [-90.0587934259509, 38.627514600818145], [-90.06434642856152, 38.63215882981023], [-90.0699001465709, 38.63680281983647], [-90.07582058868887, 38.63244641710234], [-90.08155773007638, 38.632589789435436], [-90.08711264394572, 38.63723300565962], [-90.09266827345223, 38.64187598250663], [-90.09840625259658, 38.64201855779177], [-90.10396299643912, 38.64666103690741], [-90.10970141459032, 38.646803072928776], [-90.11543987314892, 38.64694482790208], [-90.12117837203515, 38.64708630182135], [-90.12691691116937, 38.64722749468063], [-90.13283497637043, 38.64286810847808], [-90.13857323774008, 38.64300871669927], [-90.14431153910874, 38.643149043887504], [-90.15004988039681, 38.64328909003685], [-90.15578826152439, 38.64342885514139], [-90.16152668241186, 38.64356833919522], [-90.16726514297947, 38.64370754219247], [-90.17300364314747, 38.64384646412727], [-90.17874218283609, 38.64398510499372], [-90.18465698596519, 38.639622961753446], [-90.19057107312773, 38.63526048909833], [-90.1964844444641, 38.63089768716567], [-90.2022220675363, 38.63103513769752], [-90.20795972970198, 38.63117230726659]]}}, {"type": "Feature", "properties": {"route_run_id": "stl_midamerica_to_st_louis_union_station_2026-03-09_0271", "route_pair": "midamerica_to_st_louis_union_station", "route_pair_label": "MidAmerica to St. Louis Union Station", "origin_label": "MidAmerica St. Louis Airport", "destination_label": "St. Louis Union Station", "origin_lat": 38.5451731, "origin_lon": -89.8351856, "destination_lat": 38.629167, "destination_lon": -90.2075, "traffic_date": "2026-03-09", "traffic_dataset": "March 9th - Monday", "weight_id": "w_0271", "distance_weight": 0.7, "population_weight": 0.0, "traffic_weight": 0.3, "airspace_weight": 0.0, "path_nodes": 67, "path_node_ids": [8877, 8876, 8868, 8869, 8870, 8867, 9753, 9754, 9755, 9744, 9742, 9743, 9730, 9733, 9721, 9732, 9720, 9915, 9913, 9912, 9914, 9932, 7806, 9933, 9923, 9922, 7815, 7816, 9820, 9832, 9833, 9821, 7905, 7906, 9823, 9822, 7916, 7915, 7914, 7913, 1933, 1931, 1932, 1917, 1943, 1946, 1970, 1983, 1998, 2003, 2000, 2191, 2194, 2193, 2408, 2420, 2424, 2439, 2427, 2453, 2455, 2457, 2376, 2400, 2406, 2729, 2715], "elapsed_seconds": 0.007541500002844259, "status": "success", "failure_reason": "", "route_distance_km": 47.192292438370146, "distance_cost_sum": 51.93816971843082, "population_cost_sum": 27.66380289301657, "traffic_cost_sum": 4.1144082595628975, "airspace_cost_sum": 36.6, "total_weighted_score": 37.59104128077045}, "geometry": {"type": "LineString", "coordinates": [[-89.83272609742262, 38.54503213945896], [-89.83845499191484, 38.54518713674757], [-89.84418393041321, 38.54534185422887], [-89.8499129128385, 38.54549629189633], [-89.85564193911159, 38.545650449743434], [-89.86137100915332, 38.54580432776372], [-89.86710012288452, 38.545957925950695], [-89.87282928022606, 38.546111244297876], [-89.8785584810987, 38.54626428279884], [-89.88428772542336, 38.54641704144712], [-89.8902109731338, 38.54207014196144], [-89.895939948205, 38.54222231651928], [-89.90166896648022, 38.54237421124988], [-89.90739802788026, 38.54252582614685], [-89.91312713232598, 38.54267716120381], [-89.91885627973821, 38.54282821641439], [-89.92458547003774, 38.5429789917722], [-89.93031470314544, 38.543129487270946], [-89.93604397898207, 38.54327970290425], [-89.94177329746847, 38.543429638665806], [-89.94750265852547, 38.54357929454928], [-89.9532320620738, 38.543728670548404], [-89.9589615080343, 38.543877766656834], [-89.9646909963278, 38.54402658286834], [-89.97042052687505, 38.544175119176636], [-89.97615009959685, 38.54432337557549], [-89.98187971441398, 38.54447135205863], [-89.98760937124719, 38.544619048619815], [-89.99333907001733, 38.54476646525287], [-89.99906881064508, 38.54491360195155], [-90.00479859305136, 38.54506045870968], [-90.01052841715675, 38.54520703552103], [-90.01625828288213, 38.545353332379484], [-90.02198819014824, 38.545499349278856], [-90.0277181388758, 38.54564508621299], [-90.03344812898557, 38.54579054317578], [-90.03917816039834, 38.54593572016105], [-90.04490823303483, 38.54608061716274], [-90.05063834681579, 38.54622523417469], [-90.05636850166194, 38.546369571190844], [-90.06209869749397, 38.54651362820512], [-90.06782893423272, 38.54665740521145], [-90.07355921179885, 38.54680090220377], [-90.07928953011304, 38.54694411917603], [-90.08483803609515, 38.551587237746496], [-90.09038725467427, 38.55623011778336], [-90.09593718602859, 38.5608727591544], [-90.1014878303364, 38.56551516172741], [-90.10703918777595, 38.57015732537014], [-90.11259125852546, 38.57479924995029], [-90.11832399892143, 38.57494064238296], [-90.12387718012955, 38.579582070024706], [-90.1296103575981, 38.57972292432643], [-90.13534357508938, 38.579863498234836], [-90.14089826375356, 38.58450417063179], [-90.14645366632062, 38.589144603290876], [-90.15200978296876, 38.5937847960797], [-90.15756661387618, 38.59842474886584], [-90.16330145854758, 38.59856400986431], [-90.16885940074975, 38.60320346415569], [-90.17441805758689, 38.60784267808668], [-90.17997742923725, 38.612481651524796], [-90.18553751587909, 38.6171203843375], [-90.19109831769066, 38.621758876392235], [-90.19665983485031, 38.626397127556444], [-90.2022220675363, 38.63103513769752], [-90.20795972970198, 38.63117230726659]]}}, {"type": "Feature", "properties": {"route_run_id": "stl_midamerica_to_st_louis_union_station_2026-03-09_0233", "route_pair": "midamerica_to_st_louis_union_station", "route_pair_label": "MidAmerica to St. Louis Union Station", "origin_label": "MidAmerica St. Louis Airport", "destination_label": "St. Louis Union Station", "origin_lat": 38.5451731, "origin_lon": -89.8351856, "destination_lat": 38.629167, "destination_lon": -90.2075, "traffic_date": "2026-03-09", "traffic_dataset": "March 9th - Monday", "weight_id": "w_0233", "distance_weight": 0.5, "population_weight": 0.0, "traffic_weight": 0.1, "airspace_weight": 0.4, "path_nodes": 67, "path_node_ids": [8877, 8876, 8892, 8897, 8899, 8926, 9788, 10013, 10014, 10036, 10052, 10054, 10061, 10051, 10049, 10048, 10050, 10253, 10252, 10241, 10240, 10248, 10246, 10247, 10245, 10231, 10230, 10262, 10150, 10148, 10149, 10151, 10161, 10159, 10158, 10160, 10166, 10168, 10167, 10169, 2247, 2269, 2268, 2278, 2283, 2508, 2286, 2298, 2300, 2304, 2307, 2491, 2492, 2818, 2496, 2507, 2506, 2828, 2505, 2809, 2811, 2810, 2728, 2730, 2731, 2729, 2715], "elapsed_seconds": 0.012544099998194724, "status": "success", "failure_reason": "", "route_distance_km": 46.683794018220816, "distance_cost_sum": 51.37853432284669, "population_cost_sum": 28.536414303461722, "traffic_cost_sum": 9.217492375120946, "airspace_cost_sum": 22.6, "total_weighted_score": 35.65101639893545}, "geometry": {"type": "LineString", "coordinates": [[-89.83272609742262, 38.54503213945896], [-89.83845499191484, 38.54518713674757], [-89.84398707949187, 38.54984103165108], [-89.84951987896733, 38.55449469187918], [-89.85505339052077, 38.559148117300026], [-89.86058761433173, 38.563801307781745], [-89.86612255057987, 38.568454263192415], [-89.87165819944471, 38.57310698340007], [-89.87719456110594, 38.577759468272795], [-89.88273163574308, 38.582411717678575], [-89.88826942353593, 38.58706373148541], [-89.89380792466403, 38.591715509561276], [-89.89934713930707, 38.59636705177409], [-89.90508047722643, 38.59651895818466], [-89.91081385831642, 38.59667058421835], [-89.91654728249756, 38.596821929868824], [-89.92228074969049, 38.59697299512966], [-89.92801425981584, 38.59712377999449], [-89.93374781279411, 38.597274284457015], [-89.93948140854593, 38.5974245085108], [-89.94521504699188, 38.5975744521496], [-89.95094872805251, 38.59772411536704], [-89.95668245164843, 38.59787349815684], [-89.96241621770018, 38.59802260051268], [-89.96815002612831, 38.59817142242828], [-89.9738838768534, 38.59831996389739], [-89.97961776979602, 38.59846822491371], [-89.98535170487666, 38.59861620547102], [-89.99108568201598, 38.59876390556306], [-89.99681970113441, 38.59891132518362], [-90.00255376215256, 38.59905846432648], [-90.00828786499093, 38.59920532298544], [-90.01402200957008, 38.5993519011543], [-90.01975619581054, 38.599498198826886], [-90.02549042363282, 38.599644215997024], [-90.03122469295744, 38.59978995265856], [-90.03695900370492, 38.599935408805365], [-90.0426933557958, 38.60008058443128], [-90.04842774915056, 38.600225479530216], [-90.05416218368977, 38.60037009409603], [-90.05989665933384, 38.60051442812264], [-90.06563117600335, 38.600658481603965], [-90.07136573361876, 38.60080225453393], [-90.07691763405278, 38.60544585525359], [-90.08247024897021, 38.61008921705863], [-90.08802357854981, 38.61473233981663], [-90.09375937107193, 38.61487505899075], [-90.09949520417183, 38.615017497448825], [-90.10505004462816, 38.61965986513943], [-90.1106056001435, 38.62430199333239], [-90.11634226958749, 38.624443634935055], [-90.1220789793104, 38.62458499570804], [-90.12781572923257, 38.62472607564535], [-90.13337319363258, 38.629367189437694], [-90.13911038141684, 38.62950773017495], [-90.14484760917111, 38.62964799001386], [-90.15058487681573, 38.629787968948484], [-90.156322184271, 38.62992766697294], [-90.16205953145733, 38.63006708408134], [-90.16779691829495, 38.630206220267794], [-90.17353434470424, 38.6303450755264], [-90.17927181060547, 38.63048364985134], [-90.185009315919, 38.63062194323676], [-90.1907468605651, 38.6307599556768], [-90.1964844444641, 38.63089768716567], [-90.2022220675363, 38.63103513769752], [-90.20795972970198, 38.63117230726659]]}}, {"type": "Feature", "properties": {"route_run_id": "stl_midamerica_to_st_louis_union_station_2026-03-09_0274", "route_pair": "midamerica_to_st_louis_union_station", "route_pair_label": "MidAmerica to St. Louis Union Station", "origin_label": "MidAmerica St. Louis Airport", "destination_label": "St. Louis Union Station", "origin_lat": 38.5451731, "origin_lon": -89.8351856, "destination_lat": 38.629167, "destination_lon": -90.2075, "traffic_date": "2026-03-09", "traffic_dataset": "March 9th - Monday", "weight_id": "w_0274", "distance_weight": 0.7, "population_weight": 0.1, "traffic_weight": 0.2, "airspace_weight": 0.0, "path_nodes": 67, "path_node_ids": [8877, 8876, 8868, 8869, 8870, 8867, 9753, 9754, 9755, 9744, 9746, 9747, 9745, 9737, 9736, 9738, 9739, 9943, 9921, 9944, 9947, 9940, 9941, 9962, 9955, 9957, 9956, 9958, 9877, 9879, 9878, 9881, 9897, 9895, 9896, 9894, 9902, 9903, 9904, 9909, 2213, 2212, 2214, 1997, 1994, 1995, 1996, 2228, 2232, 2259, 2258, 2413, 2416, 2415, 2414, 2440, 2438, 2439, 2427, 2453, 2455, 2457, 2372, 2399, 2401, 2404, 2715], "elapsed_seconds": 0.008601799985626712, "status": "success", "failure_reason": "", "route_distance_km": 46.66681096312491, "distance_cost_sum": 51.35984337243225, "population_cost_sum": 20.09136542311402, "traffic_cost_sum": 7.782812022493259, "airspace_cost_sum": 38.0, "total_weighted_score": 39.51758930751262}, "geometry": {"type": "LineString", "coordinates": [[-89.83272609742262, 38.54503213945896], [-89.83845499191484, 38.54518713674757], [-89.84418393041321, 38.54534185422887], [-89.8499129128385, 38.54549629189633], [-89.85564193911159, 38.545650449743434], [-89.86137100915332, 38.54580432776372], [-89.86710012288452, 38.545957925950695], [-89.87282928022606, 38.546111244297876], [-89.8785584810987, 38.54626428279884], [-89.88428772542336, 38.54641704144712], [-89.8900170131208, 38.5465695202363], [-89.89574634411186, 38.54672171915994], [-89.90147571831739, 38.546873638211636], [-89.90720513565815, 38.54702527738502], [-89.91293459605497, 38.54717663667367], [-89.9184718762215, 38.551827211450025], [-89.92420177854389, 38.55197803509537], [-89.92993172369513, 38.55212857879217], [-89.93566171159593, 38.55227884253414], [-89.94120090063481, 38.55692841373979], [-89.94693132996858, 38.557078141522354], [-89.9526618018245, 38.55722758928637], [-89.95839231612332, 38.55737675702556], [-89.9641228727858, 38.55752564473363], [-89.96985347173262, 38.5576742524043], [-89.97539536640897, 38.56232230635172], [-89.9811264059988, 38.56247037763266], [-89.98685748764532, 38.562618168812726], [-89.99258861126926, 38.5627656798857], [-89.9983197767913, 38.562912910845334], [-90.00405098413212, 38.56305986168546], [-90.00959558310103, 38.56770639603968], [-90.01514089504332, 38.57235269290866], [-90.02087294036811, 38.5724988501429], [-90.02660502721452, 38.572644727143405], [-90.03233715550313, 38.57279032390402], [-90.0380693251546, 38.572935640418635], [-90.04380153608955, 38.57308067668109], [-90.04953378822863, 38.57322543268529], [-90.05508220119658, 38.57786994989744], [-90.06081489219632, 38.57801416845261], [-90.06654762417196, 38.57815810668649], [-90.072280397044, 38.57830176459299], [-90.07801321073313, 38.57844514216606], [-90.0837460651599, 38.578588239399664], [-90.08947896024489, 38.57873105628777], [-90.09521189590866, 38.57887359282438], [-90.10076380515675, 38.58351606972012], [-90.10631642817187, 38.58815830752748], [-90.1118697651324, 38.592800306114135], [-90.1176039331599, 38.59294178911507], [-90.1233381413982, 38.59308299160015], [-90.12907238976779, 38.59322391356342], [-90.13480667818914, 38.593364554998935], [-90.14054100658272, 38.593504915900766], [-90.14609704360437, 38.598145385068456], [-90.15183180886861, 38.59828520726528], [-90.15756661387618, 38.59842474886584], [-90.16330145854758, 38.59856400986431], [-90.16885940074975, 38.60320346415569], [-90.17441805758689, 38.60784267808668], [-90.17997742923725, 38.612481651524796], [-90.18571350391167, 38.61261985640587], [-90.19127398739786, 38.61725833052981], [-90.19683518607279, 38.62189656380297], [-90.20239710011477, 38.62653455609276], [-90.20795972970198, 38.63117230726659]]}}, {"type": "Feature", "properties": {"route_run_id": "stl_midamerica_to_st_louis_union_station_2026-03-09_0178", "route_pair": "midamerica_to_st_louis_union_station", "route_pair_label": "MidAmerica to St. Louis Union Station", "origin_label": "MidAmerica St. Louis Airport", "destination_label": "St. Louis Union Station", "origin_lat": 38.5451731, "origin_lon": -89.8351856, "destination_lat": 38.629167, "destination_lon": -90.2075, "traffic_date": "2026-03-09", "traffic_dataset": "March 9th - Monday", "weight_id": "w_0178", "distance_weight": 0.3, "population_weight": 0.1, "traffic_weight": 0.2, "airspace_weight": 0.4, "path_nodes": 67, "path_node_ids": [8877, 8879, 8896, 8900, 8924, 8930, 10012, 10015, 10019, 10053, 10057, 10054, 10061, 10051, 10049, 10048, 10050, 10253, 10252, 10241, 10240, 10248, 10246, 10247, 10245, 10231, 10230, 10262, 10150, 10148, 10149, 10151, 10161, 10159, 10158, 10160, 10166, 10168, 10167, 10169, 2247, 2272, 2274, 2285, 2283, 2508, 2286, 2298, 2300, 2304, 2531, 2819, 2820, 2822, 2825, 2836, 2848, 2850, 2837, 2859, 2858, 2860, 2759, 2734, 2731, 2729, 2715], "elapsed_seconds": 0.023984800005564466, "status": "success", "failure_reason": "", "route_distance_km": 48.28493045606478, "distance_cost_sum": 53.14068851698134, "population_cost_sum": 25.71588212373141, "traffic_cost_sum": 6.450205095065073, "airspace_cost_sum": 22.6, "total_weighted_score": 28.84383578648056}, "geometry": {"type": "LineString", "coordinates": [[-89.83272609742262, 38.54503213945896], [-89.83825778508921, 38.54968628939868], [-89.84379018463301, 38.55434020475587], [-89.84932329623358, 38.558993885398685], [-89.85485712007056, 38.56364733119524], [-89.86039165632353, 38.56830054201366], [-89.86592690517212, 38.57295351772198], [-89.871462866796, 38.577606258188254], [-89.87699954137483, 38.582258763280514], [-89.88253692908823, 38.586911032866766], [-89.88807503011597, 38.59156306681497], [-89.89380792466403, 38.591715509561276], [-89.89934713930707, 38.59636705177409], [-89.90508047722643, 38.59651895818466], [-89.91081385831642, 38.59667058421835], [-89.91654728249756, 38.596821929868824], [-89.92228074969049, 38.59697299512966], [-89.92801425981584, 38.59712377999449], [-89.93374781279411, 38.597274284457015], [-89.93948140854593, 38.5974245085108], [-89.94521504699188, 38.5975744521496], [-89.95094872805251, 38.59772411536704], [-89.95668245164843, 38.59787349815684], [-89.96241621770018, 38.59802260051268], [-89.96815002612831, 38.59817142242828], [-89.9738838768534, 38.59831996389739], [-89.97961776979602, 38.59846822491371], [-89.98535170487666, 38.59861620547102], [-89.99108568201598, 38.59876390556306], [-89.99681970113441, 38.59891132518362], [-90.00255376215256, 38.59905846432648], [-90.00828786499093, 38.59920532298544], [-90.01402200957008, 38.5993519011543], [-90.01975619581054, 38.599498198826886], [-90.02549042363282, 38.599644215997024], [-90.03122469295744, 38.59978995265856], [-90.03695900370492, 38.599935408805365], [-90.0426933557958, 38.60008058443128], [-90.04842774915056, 38.600225479530216], [-90.05416218368977, 38.60037009409603], [-90.05989665933384, 38.60051442812264], [-90.06544776357148, 38.60515854396957], [-90.07099958225297, 38.609802421087586], [-90.07673489520826, 38.60994595939966], [-90.08247024897021, 38.61008921705863], [-90.08802357854981, 38.61473233981663], [-90.09375937107193, 38.61487505899075], [-90.09949520417183, 38.615017497448825], [-90.10505004462816, 38.61965986513943], [-90.1106056001435, 38.62430199333239], [-90.11616187089658, 38.62894388189524], [-90.12171885706623, 38.633585530695484], [-90.12745632243416, 38.63372665579325], [-90.13319382794117, 38.633867499959656], [-90.13875232561846, 38.63850839203032], [-90.144490269036, 38.638648696766005], [-90.15004988039681, 38.64328909003685], [-90.15578826152439, 38.64342885514139], [-90.16152668241186, 38.64356833919522], [-90.16726514297947, 38.64370754219247], [-90.17300364314747, 38.64384646412727], [-90.17874218283609, 38.64398510499372], [-90.18465698596519, 38.639622961753446], [-90.19057107312773, 38.63526048909833], [-90.1964844444641, 38.63089768716567], [-90.2022220675363, 38.63103513769752], [-90.20795972970198, 38.63117230726659]]}}, {"type": "Feature", "properties": {"route_run_id": "stl_midamerica_to_st_louis_union_station_2026-03-09_0287", "route_pair": "midamerica_to_st_louis_union_station", "route_pair_label": "MidAmerica to St. Louis Union Station", "origin_label": "MidAmerica St. Louis Airport", "destination_label": "St. Louis Union Station", "origin_lat": 38.5451731, "origin_lon": -89.8351856, "destination_lat": 38.629167, "destination_lon": -90.2075, "traffic_date": "2026-03-09", "traffic_dataset": "March 9th - Monday", "weight_id": "w_0287", "distance_weight": 1.0, "population_weight": 0.0, "traffic_weight": 0.0, "airspace_weight": 0.0, "path_nodes": 67, "path_node_ids": [8877, 8876, 8868, 8869, 8870, 8867, 9753, 9754, 9755, 9744, 9746, 9747, 9745, 9737, 9736, 9734, 9735, 9919, 9916, 9918, 9917, 9935, 9934, 9936, 9926, 9927, 9924, 9925, 9835, 9837, 9836, 9834, 9827, 9824, 9826, 9825, 9844, 9845, 9843, 9842, 1936, 1935, 1934, 1942, 1943, 1940, 1941, 1950, 1951, 1953, 1956, 2137, 2161, 2164, 2190, 2185, 2187, 2419, 2423, 2448, 2452, 2454, 2372, 2399, 2401, 2404, 2715], "elapsed_seconds": 0.0052180000056978315, "status": "success", "failure_reason": "", "route_distance_km": 46.65953988976652, "distance_cost_sum": 51.351841085986514, "population_cost_sum": 22.434615468248182, "traffic_cost_sum": 8.669367825121844, "airspace_cost_sum": 37.0, "total_weighted_score": 51.351841085986514}, "geometry": {"type": "LineString", "coordinates": [[-89.83272609742262, 38.54503213945896], [-89.83845499191484, 38.54518713674757], [-89.84418393041321, 38.54534185422887], [-89.8499129128385, 38.54549629189633], [-89.85564193911159, 38.545650449743434], [-89.86137100915332, 38.54580432776372], [-89.86710012288452, 38.545957925950695], [-89.87282928022606, 38.546111244297876], [-89.8785584810987, 38.54626428279884], [-89.88428772542336, 38.54641704144712], [-89.8900170131208, 38.5465695202363], [-89.89574634411186, 38.54672171915994], [-89.90147571831739, 38.546873638211636], [-89.90720513565815, 38.54702527738502], [-89.91293459605497, 38.54717663667367], [-89.91866409942871, 38.54732771607122], [-89.92439364570006, 38.54747851557132], [-89.9301232347899, 38.54762903516762], [-89.93585286661902, 38.54777927485379], [-89.94158254110822, 38.54792923462347], [-89.94731225817821, 38.548078914470366], [-89.95304201774988, 38.54822831438818], [-89.95877181974393, 38.548377434370614], [-89.96450166408115, 38.54852627441138], [-89.97023155068236, 38.54867483450422], [-89.9759614794683, 38.54882311464288], [-89.9816914503597, 38.548971114821086], [-89.98742146327739, 38.54911883503266], [-89.99315151814207, 38.549266275271336], [-89.99888161487452, 38.549413435530916], [-90.0046117533955, 38.549560315805195], [-90.01034193362574, 38.54970691608802], [-90.01607215548597, 38.549853236373174], [-90.02180241889697, 38.54999927665452], [-90.02753272377944, 38.55014503692589], [-90.03326307005413, 38.550290517181146], [-90.03899345764175, 38.55043571741418], [-90.04472388646306, 38.55058063761886], [-90.05045435643876, 38.55072527778908], [-90.05618486748959, 38.55086963791876], [-90.06191541953623, 38.551013718001805], [-90.06764601249938, 38.55115751803215], [-90.07337664629978, 38.551301038003736], [-90.07910732085814, 38.55144427791053], [-90.08483803609515, 38.551587237746496], [-90.0905687919315, 38.55172991750559], [-90.09629958828789, 38.551872317181825], [-90.10203042508502, 38.55201443676919], [-90.10776130224352, 38.552156276261705], [-90.11349221968413, 38.55229783565337], [-90.11904342193196, 38.55693942878366], [-90.12459533705245, 38.56158078278454], [-90.13014796522363, 38.56622189752371], [-90.13570130662362, 38.570862772868885], [-90.14125536143048, 38.57550340868776], [-90.14681012982238, 38.58014380484799], [-90.15236561197744, 38.5847839612172], [-90.15792180807382, 38.58942387766302], [-90.16347871828971, 38.59406355405304], [-90.1690363428032, 38.598702990254786], [-90.17459468179258, 38.60334218613583], [-90.18015373543601, 38.6079811415637], [-90.18571350391167, 38.61261985640587], [-90.19127398739786, 38.61725833052981], [-90.19683518607279, 38.62189656380297], [-90.20239710011477, 38.62653455609276], [-90.20795972970198, 38.63117230726659]]}}, {"type": "Feature", "properties": {"route_run_id": "stl_midamerica_to_st_louis_union_station_2026-03-09_0081", "route_pair": "midamerica_to_st_louis_union_station", "route_pair_label": "MidAmerica to St. Louis Union Station", "origin_label": "MidAmerica St. Louis Airport", "destination_label": "St. Louis Union Station", "origin_lat": 38.5451731, "origin_lon": -89.8351856, "destination_lat": 38.629167, "destination_lon": -90.2075, "traffic_date": "2026-03-09", "traffic_dataset": "March 9th - Monday", "weight_id": "w_0081", "distance_weight": 0.1, "population_weight": 0.1, "traffic_weight": 0.4, "airspace_weight": 0.4, "path_nodes": 68, "path_node_ids": [8877, 8881, 8904, 8922, 8923, 8927, 9145, 10016, 10018, 10062, 10055, 10058, 10094, 10096, 10103, 10104, 10110, 10109, 10516, 10512, 10290, 10289, 10294, 10281, 10292, 10293, 10304, 10303, 10302, 10315, 10316, 10312, 10181, 10199, 10193, 10158, 10155, 10162, 10164, 10163, 10165, 2247, 2272, 2274, 2509, 2283, 2508, 2286, 2298, 2300, 2304, 2531, 2819, 2820, 2822, 2825, 2836, 2848, 2850, 2837, 2859, 2858, 2860, 2759, 2734, 2731, 2729, 2715], "elapsed_seconds": 0.037212800001725554, "status": "success", "failure_reason": "", "route_distance_km": 52.92598546398779, "distance_cost_sum": 58.248469686732115, "population_cost_sum": 18.848211738073324, "traffic_cost_sum": 5.349263637730251, "airspace_cost_sum": 22.6, "total_weighted_score": 18.88937359757265}, "geometry": {"type": "LineString", "coordinates": [[-89.83272609742262, 38.54503213945896], [-89.83252853470323, 38.54953126729425], [-89.83806053424684, 38.55418543772932], [-89.84359324582596, 38.558839373542895], [-89.84912666962028, 38.563493074603095], [-89.85466080580946, 38.568146540778045], [-89.86019565457306, 38.572799771935806], [-89.86573121609086, 38.57745276794444], [-89.87126749054252, 38.58210552867199], [-89.8768044781077, 38.58675805398646], [-89.88234217896623, 38.591410343755804], [-89.8878805932977, 38.59606239784802], [-89.89341972128202, 38.600714216131045], [-89.89895956309883, 38.60536579847276], [-89.90450011892796, 38.61001714474108], [-89.91004138894921, 38.614668254803874], [-89.9155833733424, 38.61931912852895], [-89.92131862594731, 38.619470314708934], [-89.9268617252078, 38.624120695492145], [-89.93278926003055, 38.619771845202735], [-89.93852464134986, 38.619922189503846], [-89.94445114702152, 38.615572701498955], [-89.95018625645967, 38.61572246055001], [-89.9559214084743, 38.61587193899423], [-89.9616566029858, 38.61602113682532], [-89.96739183991471, 38.61617005403699], [-89.97312711918148, 38.61631869062297], [-89.97886244070665, 38.616467046576965], [-89.9845978044106, 38.61661512189275], [-89.9903332102139, 38.61676291656407], [-89.99606865803695, 38.61691043058469], [-90.00199161415404, 38.61255787040093], [-90.00772678846238, 38.612704799586744], [-90.01364871456262, 38.60835160338281], [-90.01956992623981, 38.60399807547383], [-90.02549042363282, 38.599644215997024], [-90.03141020688051, 38.59529002508962], [-90.03714416058007, 38.595435457957215], [-90.04287815561301, 38.59558061034875], [-90.04861219189988, 38.59572548225811], [-90.0543462693612, 38.59587007367915], [-90.05989665933384, 38.60051442812264], [-90.06544776357148, 38.60515854396957], [-90.07099958225297, 38.609802421087586], [-90.07655211555712, 38.614446059344324], [-90.08247024897021, 38.61008921705863], [-90.08802357854981, 38.61473233981663], [-90.09375937107193, 38.61487505899075], [-90.09949520417183, 38.615017497448825], [-90.10505004462816, 38.61965986513943], [-90.1106056001435, 38.62430199333239], [-90.11616187089658, 38.62894388189524], [-90.12171885706623, 38.633585530695484], [-90.12745632243416, 38.63372665579325], [-90.13319382794117, 38.633867499959656], [-90.13875232561846, 38.63850839203032], [-90.144490269036, 38.638648696766005], [-90.15004988039681, 38.64328909003685], [-90.15578826152439, 38.64342885514139], [-90.16152668241186, 38.64356833919522], [-90.16726514297947, 38.64370754219247], [-90.17300364314747, 38.64384646412727], [-90.17874218283609, 38.64398510499372], [-90.18465698596519, 38.639622961753446], [-90.19057107312773, 38.63526048909833], [-90.1964844444641, 38.63089768716567], [-90.2022220675363, 38.63103513769752], [-90.20795972970198, 38.63117230726659]]}}, {"type": "Feature", "properties": {"route_run_id": "stl_midamerica_to_st_louis_union_station_2026-03-09_0280", "route_pair": "midamerica_to_st_louis_union_station", "route_pair_label": "MidAmerica to St. Louis Union Station", "origin_label": "MidAmerica St. Louis Airport", "destination_label": "St. Louis Union Station", "origin_lat": 38.5451731, "origin_lon": -89.8351856, "destination_lat": 38.629167, "destination_lon": -90.2075, "traffic_date": "2026-03-09", "traffic_dataset": "March 9th - Monday", "weight_id": "w_0280", "distance_weight": 0.8, "population_weight": 0.0, "traffic_weight": 0.2, "airspace_weight": 0.0, "path_nodes": 67, "path_node_ids": [8877, 8876, 8868, 8869, 8870, 8867, 9753, 9754, 9755, 9744, 9742, 9743, 9730, 9733, 9721, 9732, 9720, 9915, 9913, 9912, 9914, 9932, 7806, 9933, 9923, 9922, 7815, 7816, 9820, 9832, 9833, 9821, 7905, 7906, 9823, 9822, 7916, 7915, 7914, 7913, 1933, 1931, 1932, 1917, 1943, 1946, 1970, 1983, 1998, 2003, 2000, 2191, 2194, 2193, 2408, 2420, 2424, 2439, 2427, 2453, 2455, 2457, 2376, 2400, 2406, 2729, 2715], "elapsed_seconds": 0.007156000006943941, "status": "success", "failure_reason": "", "route_distance_km": 47.192292438370146, "distance_cost_sum": 51.93816971843082, "population_cost_sum": 27.66380289301657, "traffic_cost_sum": 4.1144082595628975, "airspace_cost_sum": 36.6, "total_weighted_score": 42.37341742665724}, "geometry": {"type": "LineString", "coordinates": [[-89.83272609742262, 38.54503213945896], [-89.83845499191484, 38.54518713674757], [-89.84418393041321, 38.54534185422887], [-89.8499129128385, 38.54549629189633], [-89.85564193911159, 38.545650449743434], [-89.86137100915332, 38.54580432776372], [-89.86710012288452, 38.545957925950695], [-89.87282928022606, 38.546111244297876], [-89.8785584810987, 38.54626428279884], [-89.88428772542336, 38.54641704144712], [-89.8902109731338, 38.54207014196144], [-89.895939948205, 38.54222231651928], [-89.90166896648022, 38.54237421124988], [-89.90739802788026, 38.54252582614685], [-89.91312713232598, 38.54267716120381], [-89.91885627973821, 38.54282821641439], [-89.92458547003774, 38.5429789917722], [-89.93031470314544, 38.543129487270946], [-89.93604397898207, 38.54327970290425], [-89.94177329746847, 38.543429638665806], [-89.94750265852547, 38.54357929454928], [-89.9532320620738, 38.543728670548404], [-89.9589615080343, 38.543877766656834], [-89.9646909963278, 38.54402658286834], [-89.97042052687505, 38.544175119176636], [-89.97615009959685, 38.54432337557549], [-89.98187971441398, 38.54447135205863], [-89.98760937124719, 38.544619048619815], [-89.99333907001733, 38.54476646525287], [-89.99906881064508, 38.54491360195155], [-90.00479859305136, 38.54506045870968], [-90.01052841715675, 38.54520703552103], [-90.01625828288213, 38.545353332379484], [-90.02198819014824, 38.545499349278856], [-90.0277181388758, 38.54564508621299], [-90.03344812898557, 38.54579054317578], [-90.03917816039834, 38.54593572016105], [-90.04490823303483, 38.54608061716274], [-90.05063834681579, 38.54622523417469], [-90.05636850166194, 38.546369571190844], [-90.06209869749397, 38.54651362820512], [-90.06782893423272, 38.54665740521145], [-90.07355921179885, 38.54680090220377], [-90.07928953011304, 38.54694411917603], [-90.08483803609515, 38.551587237746496], [-90.09038725467427, 38.55623011778336], [-90.09593718602859, 38.5608727591544], [-90.1014878303364, 38.56551516172741], [-90.10703918777595, 38.57015732537014], [-90.11259125852546, 38.57479924995029], [-90.11832399892143, 38.57494064238296], [-90.12387718012955, 38.579582070024706], [-90.1296103575981, 38.57972292432643], [-90.13534357508938, 38.579863498234836], [-90.14089826375356, 38.58450417063179], [-90.14645366632062, 38.589144603290876], [-90.15200978296876, 38.5937847960797], [-90.15756661387618, 38.59842474886584], [-90.16330145854758, 38.59856400986431], [-90.16885940074975, 38.60320346415569], [-90.17441805758689, 38.60784267808668], [-90.17997742923725, 38.612481651524796], [-90.18553751587909, 38.6171203843375], [-90.19109831769066, 38.621758876392235], [-90.19665983485031, 38.626397127556444], [-90.2022220675363, 38.63103513769752], [-90.20795972970198, 38.63117230726659]]}}, {"type": "Feature", "properties": {"route_run_id": "stl_midamerica_to_st_louis_union_station_2026-03-09_0285", "route_pair": "midamerica_to_st_louis_union_station", "route_pair_label": "MidAmerica to St. Louis Union Station", "origin_label": "MidAmerica St. Louis Airport", "destination_label": "St. Louis Union Station", "origin_lat": 38.5451731, "origin_lon": -89.8351856, "destination_lat": 38.629167, "destination_lon": -90.2075, "traffic_date": "2026-03-09", "traffic_dataset": "March 9th - Monday", "weight_id": "w_0285", "distance_weight": 0.9, "population_weight": 0.0, "traffic_weight": 0.1, "airspace_weight": 0.0, "path_nodes": 67, "path_node_ids": [8877, 8876, 8868, 8869, 8870, 8867, 9753, 9754, 9755, 9744, 9749, 9748, 9772, 9764, 9766, 9770, 9792, 9975, 9977, 9981, 9980, 9987, 9988, 9986, 9985, 9997, 9995, 10000, 10129, 10128, 10127, 10126, 10139, 10138, 10137, 10136, 10114, 10115, 10116, 10117, 2242, 2243, 2241, 2253, 2256, 2281, 2279, 2289, 2288, 2290, 2294, 2460, 2461, 2462, 2465, 2498, 2501, 2503, 2504, 2486, 2487, 2810, 2728, 2730, 2731, 2729, 2715], "elapsed_seconds": 0.005965399992419407, "status": "success", "failure_reason": "", "route_distance_km": 46.67482415994135, "distance_cost_sum": 51.36866241373615, "population_cost_sum": 27.154428562935124, "traffic_cost_sum": 6.565034987188325, "airspace_cost_sum": 32.8, "total_weighted_score": 46.88829967108137}, "geometry": {"type": "LineString", "coordinates": [[-89.83272609742262, 38.54503213945896], [-89.83845499191484, 38.54518713674757], [-89.84418393041321, 38.54534185422887], [-89.8499129128385, 38.54549629189633], [-89.85564193911159, 38.545650449743434], [-89.86137100915332, 38.54580432776372], [-89.86710012288452, 38.545957925950695], [-89.87282928022606, 38.546111244297876], [-89.8785584810987, 38.54626428279884], [-89.88428772542336, 38.54641704144712], [-89.8898230098142, 38.55106889421821], [-89.8955526968043, 38.55122111751065], [-89.90108909257557, 38.55587247927394], [-89.90681922203537, 38.556024167009056], [-89.9123567293393, 38.560675037395804], [-89.91789494911032, 38.56532567191472], [-89.92362592006123, 38.56547656801355], [-89.92935693387194, 38.56562718402969], [-89.93489666469688, 38.57027707055698], [-89.9404371083888, 38.57492672076668], [-89.94616896320129, 38.57507654445588], [-89.95190086057701, 38.57522608794758], [-89.95763280043668, 38.57537535123546], [-89.96336478270089, 38.575524334313236], [-89.96909680729033, 38.57567303717464], [-89.97482887412568, 38.5758214598134], [-89.98056098312755, 38.575969602223246], [-89.98610493240487, 38.58061722110372], [-89.99164959505083, 38.58526460275237], [-89.99738254347521, 38.58541195160335], [-90.0031155337689, 38.585559020110985], [-90.00884856585253, 38.5857058082691], [-90.01458163964669, 38.58585231607147], [-90.02031475507195, 38.58599854351194], [-90.02604791204888, 38.586144490584346], [-90.03178111049809, 38.586290157282534], [-90.03751435034016, 38.586435543600345], [-90.04324763149565, 38.58658064953169], [-90.0489809538851, 38.58672547507043], [-90.05471431742912, 38.58687002021047], [-90.06026407548569, 38.59151433688004], [-90.06599787803927, 38.59165834425389], [-90.07173172151896, 38.59180207116597], [-90.07728298936146, 38.59644563435857], [-90.0828349713693, 38.601088958715515], [-90.08838766772114, 38.60573204410446], [-90.0941227455516, 38.605874717602354], [-90.09985786394022, 38.606017110473864], [-90.10559302280743, 38.606159222712996], [-90.11132822207372, 38.606301054313754], [-90.11688322402577, 38.61094286895936], [-90.12261886120643, 38.61108416187799], [-90.1283545385572, 38.61122517409548], [-90.13409025599846, 38.61136590560589], [-90.13964716536344, 38.61600670610303], [-90.14520478974481, 38.620647266584925], [-90.15076312932118, 38.625287586919086], [-90.15650007904509, 38.625427262589014], [-90.16223706849037, 38.62556665738775], [-90.16797409757739, 38.62570577130943], [-90.17371116622648, 38.62584460434813], [-90.17927181060547, 38.63048364985134], [-90.185009315919, 38.63062194323676], [-90.1907468605651, 38.6307599556768], [-90.1964844444641, 38.63089768716567], [-90.2022220675363, 38.63103513769752], [-90.20795972970198, 38.63117230726659]]}}, {"type": "Feature", "properties": {"route_run_id": "stl_midamerica_to_st_louis_union_station_2026-03-09_0262", "route_pair": "midamerica_to_st_louis_union_station", "route_pair_label": "MidAmerica to St. Louis Union Station", "origin_label": "MidAmerica St. Louis Airport", "destination_label": "St. Louis Union Station", "origin_lat": 38.5451731, "origin_lon": -89.8351856, "destination_lat": 38.629167, "destination_lon": -90.2075, "traffic_date": "2026-03-09", "traffic_dataset": "March 9th - Monday", "weight_id": "w_0262", "distance_weight": 0.6, "population_weight": 0.2, "traffic_weight": 0.0, "airspace_weight": 0.2, "path_nodes": 67, "path_node_ids": [8877, 8879, 8896, 8900, 8924, 8930, 10012, 10015, 10019, 10053, 10057, 10054, 10061, 10051, 10049, 10072, 10079, 10284, 10288, 10286, 10289, 10294, 10281, 10292, 10293, 10304, 10303, 10302, 10315, 10316, 10317, 10314, 10207, 10206, 10204, 10205, 10323, 10324, 10322, 10325, 2520, 2521, 2519, 2510, 2512, 2513, 2511, 2302, 2300, 2301, 2307, 2491, 2492, 2818, 2496, 2507, 2506, 2828, 2505, 2809, 2811, 2810, 2728, 2730, 2731, 2729, 2715], "elapsed_seconds": 0.01198029998340644, "status": "success", "failure_reason": "", "route_distance_km": 46.68855540718086, "distance_cost_sum": 51.383774539312654, "population_cost_sum": 19.97466848935391, "traffic_cost_sum": 13.844855750214501, "airspace_cost_sum": 23.2, "total_weighted_score": 39.465198421458375}, "geometry": {"type": "LineString", "coordinates": [[-89.83272609742262, 38.54503213945896], [-89.83825778508921, 38.54968628939868], [-89.84379018463301, 38.55434020475587], [-89.84932329623358, 38.558993885398685], [-89.85485712007056, 38.56364733119524], [-89.86039165632353, 38.56830054201366], [-89.86592690517212, 38.57295351772198], [-89.871462866796, 38.577606258188254], [-89.87699954137483, 38.582258763280514], [-89.88253692908823, 38.586911032866766], [-89.88807503011597, 38.59156306681497], [-89.89380792466403, 38.591715509561276], [-89.89934713930707, 38.59636705177409], [-89.90508047722643, 38.59651895818466], [-89.91081385831642, 38.59667058421835], [-89.91635458673171, 38.60132137816604], [-89.92189602906302, 38.60597193580059], [-89.92743818549003, 38.61062225698987], [-89.93298105619242, 38.615272341601674], [-89.93871608023923, 38.61542266184741], [-89.94445114702152, 38.615572701498955], [-89.95018625645967, 38.61572246055001], [-89.9559214084743, 38.61587193899423], [-89.9616566029858, 38.61602113682532], [-89.96739183991471, 38.61617005403699], [-89.97312711918148, 38.61631869062297], [-89.97886244070665, 38.616467046576965], [-89.9845978044106, 38.61661512189275], [-89.9903332102139, 38.61676291656407], [-89.99606865803695, 38.61691043058469], [-90.00180414780024, 38.61705766394838], [-90.00753967942423, 38.617204616648934], [-90.01327525282936, 38.61735128868017], [-90.01901086793612, 38.61749768003589], [-90.02474652466493, 38.617643790709906], [-90.03048222293627, 38.617789620696094], [-90.03621796267052, 38.617935169988264], [-90.0419537437882, 38.61808043858029], [-90.04768956620967, 38.61822542646607], [-90.05342542985542, 38.61837013363945], [-90.05916133464585, 38.61851456009435], [-90.06489728050143, 38.618658705824664], [-90.07063326734246, 38.618802570824315], [-90.07636929508949, 38.61894615508724], [-90.08210536366288, 38.61908945860739], [-90.087841472983, 38.61923248137871], [-90.09357762297034, 38.61937522339516], [-90.09931381354528, 38.61951768465076], [-90.10505004462816, 38.61965986513943], [-90.11078631613944, 38.61980176485522], [-90.11634226958749, 38.624443634935055], [-90.1220789793104, 38.62458499570804], [-90.12781572923257, 38.62472607564535], [-90.13337319363258, 38.629367189437694], [-90.13911038141684, 38.62950773017495], [-90.14484760917111, 38.62964799001386], [-90.15058487681573, 38.629787968948484], [-90.156322184271, 38.62992766697294], [-90.16205953145733, 38.63006708408134], [-90.16779691829495, 38.630206220267794], [-90.17353434470424, 38.6303450755264], [-90.17927181060547, 38.63048364985134], [-90.185009315919, 38.63062194323676], [-90.1907468605651, 38.6307599556768], [-90.1964844444641, 38.63089768716567], [-90.2022220675363, 38.63103513769752], [-90.20795972970198, 38.63117230726659]]}}, {"type": "Feature", "properties": {"route_run_id": "stl_midamerica_to_st_louis_union_station_2026-03-09_0190", "route_pair": "midamerica_to_st_louis_union_station", "route_pair_label": "MidAmerica to St. Louis Union Station", "origin_label": "MidAmerica St. Louis Airport", "destination_label": "St. Louis Union Station", "origin_lat": 38.5451731, "origin_lon": -89.8351856, "destination_lat": 38.629167, "destination_lon": -90.2075, "traffic_date": "2026-03-09", "traffic_dataset": "March 9th - Monday", "weight_id": "w_0190", "distance_weight": 0.3, "population_weight": 0.3, "traffic_weight": 0.1, "airspace_weight": 0.3, "path_nodes": 68, "path_node_ids": [8877, 8881, 8904, 8922, 8923, 8927, 9145, 10016, 10018, 10062, 10055, 10058, 10094, 10096, 10103, 10104, 10110, 10109, 10516, 10515, 10514, 10517, 10298, 10295, 10296, 10297, 10307, 10305, 10306, 10319, 10321, 10320, 10318, 10211, 10210, 10208, 10209, 10326, 10328, 10329, 10327, 2522, 2524, 2523, 2514, 2517, 2515, 2516, 2530, 2534, 2559, 2558, 2840, 2839, 2838, 2827, 2849, 2848, 2850, 2837, 2859, 2858, 2860, 2763, 2762, 2737, 2732, 2715], "elapsed_seconds": 0.02686569999787025, "status": "success", "failure_reason": "", "route_distance_km": 49.19999513677147, "distance_cost_sum": 54.14777637464269, "population_cost_sum": 14.217312851627238, "traffic_cost_sum": 12.24114104908864, "airspace_cost_sum": 23.2, "total_weighted_score": 28.693640872789846}, "geometry": {"type": "LineString", "coordinates": [[-89.83272609742262, 38.54503213945896], [-89.83252853470323, 38.54953126729425], [-89.83806053424684, 38.55418543772932], [-89.84359324582596, 38.558839373542895], [-89.84912666962028, 38.563493074603095], [-89.85466080580946, 38.568146540778045], [-89.86019565457306, 38.572799771935806], [-89.86573121609086, 38.57745276794444], [-89.87126749054252, 38.58210552867199], [-89.8768044781077, 38.58675805398646], [-89.88234217896623, 38.591410343755804], [-89.8878805932977, 38.59606239784802], [-89.89341972128202, 38.600714216131045], [-89.89895956309883, 38.60536579847276], [-89.90450011892796, 38.61001714474108], [-89.91004138894921, 38.614668254803874], [-89.9155833733424, 38.61931912852895], [-89.92131862594731, 38.619470314708934], [-89.9268617252078, 38.624120695492145], [-89.93259742104341, 38.62427134452904], [-89.93833315971467, 38.6244217128885], [-89.94406894114202, 38.62457180056415], [-89.94999553214618, 38.62022203618278], [-89.95573104146416, 38.620371538547964], [-89.96146659328937, 38.6205207602552], [-89.96720218754218, 38.620669701298226], [-89.97293782414316, 38.62081836167072], [-89.97867350301271, 38.62096674136646], [-89.98440922407127, 38.621114840379136], [-89.99014498723932, 38.62126265870254], [-89.99588079243732, 38.621410196330416], [-90.00161663958568, 38.62155745325657], [-90.00735252860491, 38.621704429474754], [-90.01308845941536, 38.6218511249788], [-90.01882443193752, 38.62199753976251], [-90.0245604460918, 38.62214367381969], [-90.03029650179865, 38.62228952714421], [-90.03603259897847, 38.622435099729884], [-90.04176873755169, 38.622580391570615], [-90.04750491743872, 38.62272540266021], [-90.05324113855997, 38.6228701329926], [-90.0589774008359, 38.62301458256169], [-90.06471370418684, 38.62315875136136], [-90.07045004853325, 38.62330263938551], [-90.07618643379548, 38.623446246628106], [-90.08192285989396, 38.62358957308307], [-90.08765932674906, 38.623732618744384], [-90.09339583428118, 38.623875383605984], [-90.09895091075838, 38.62851804648185], [-90.10450670259345, 38.633160469873815], [-90.11006320996535, 38.6378026536494], [-90.11580095263906, 38.63794436326609], [-90.12135857394713, 38.64258604896054], [-90.12709675507955, 38.642727219229855], [-90.13283497637043, 38.64286810847808], [-90.13857323774008, 38.64300871669927], [-90.14431153910874, 38.643149043887504], [-90.15004988039681, 38.64328909003685], [-90.15578826152439, 38.64342885514139], [-90.16152668241186, 38.64356833919522], [-90.16726514297947, 38.64370754219247], [-90.17300364314747, 38.64384646412727], [-90.17874218283609, 38.64398510499372], [-90.18448076196563, 38.64412346478601], [-90.19021938045634, 38.644261543498274], [-90.19613354616266, 38.639898793950096], [-90.20204699586435, 38.63553571516044], [-90.20795972970198, 38.63117230726659]]}}, {"type": "Feature", "properties": {"route_run_id": "stl_midamerica_to_st_louis_union_station_2026-03-09_0204", "route_pair": "midamerica_to_st_louis_union_station", "route_pair_label": "MidAmerica to St. Louis Union Station", "origin_label": "MidAmerica St. Louis Airport", "destination_label": "St. Louis Union Station", "origin_lat": 38.5451731, "origin_lon": -89.8351856, "destination_lat": 38.629167, "destination_lon": -90.2075, "traffic_date": "2026-03-09", "traffic_dataset": "March 9th - Monday", "weight_id": "w_0204", "distance_weight": 0.4, "population_weight": 0.0, "traffic_weight": 0.0, "airspace_weight": 0.6, "path_nodes": 67, "path_node_ids": [8877, 8876, 8892, 8897, 8899, 8926, 9788, 10013, 10014, 10036, 10052, 10054, 10061, 10051, 10049, 10048, 10050, 10253, 10252, 10241, 10240, 10248, 10246, 10247, 10245, 10231, 10230, 10262, 10150, 10148, 10149, 10151, 10161, 10159, 10158, 10160, 10166, 10168, 10167, 10169, 2247, 2269, 2268, 2257, 2256, 2254, 2279, 2293, 2296, 2301, 2303, 2491, 2492, 2818, 2496, 2507, 2506, 2828, 2505, 2809, 2811, 2810, 2728, 2730, 2731, 2729, 2715], "elapsed_seconds": 0.017241800000192598, "status": "success", "failure_reason": "", "route_distance_km": 46.683328700980354, "distance_cost_sum": 51.37802221113185, "population_cost_sum": 29.474393947782595, "traffic_cost_sum": 11.160766941646196, "airspace_cost_sum": 22.6, "total_weighted_score": 34.11120888445275}, "geometry": {"type": "LineString", "coordinates": [[-89.83272609742262, 38.54503213945896], [-89.83845499191484, 38.54518713674757], [-89.84398707949187, 38.54984103165108], [-89.84951987896733, 38.55449469187918], [-89.85505339052077, 38.559148117300026], [-89.86058761433173, 38.563801307781745], [-89.86612255057987, 38.568454263192415], [-89.87165819944471, 38.57310698340007], [-89.87719456110594, 38.577759468272795], [-89.88273163574308, 38.582411717678575], [-89.88826942353593, 38.58706373148541], [-89.89380792466403, 38.591715509561276], [-89.89934713930707, 38.59636705177409], [-89.90508047722643, 38.59651895818466], [-89.91081385831642, 38.59667058421835], [-89.91654728249756, 38.596821929868824], [-89.92228074969049, 38.59697299512966], [-89.92801425981584, 38.59712377999449], [-89.93374781279411, 38.597274284457015], [-89.93948140854593, 38.5974245085108], [-89.94521504699188, 38.5975744521496], [-89.95094872805251, 38.59772411536704], [-89.95668245164843, 38.59787349815684], [-89.96241621770018, 38.59802260051268], [-89.96815002612831, 38.59817142242828], [-89.9738838768534, 38.59831996389739], [-89.97961776979602, 38.59846822491371], [-89.98535170487666, 38.59861620547102], [-89.99108568201598, 38.59876390556306], [-89.99681970113441, 38.59891132518362], [-90.00255376215256, 38.59905846432648], [-90.00828786499093, 38.59920532298544], [-90.01402200957008, 38.5993519011543], [-90.01975619581054, 38.599498198826886], [-90.02549042363282, 38.599644215997024], [-90.03122469295744, 38.59978995265856], [-90.03695900370492, 38.599935408805365], [-90.0426933557958, 38.60008058443128], [-90.04842774915056, 38.600225479530216], [-90.05416218368977, 38.60037009409603], [-90.05989665933384, 38.60051442812264], [-90.06563117600335, 38.600658481603965], [-90.07136573361876, 38.60080225453393], [-90.07710033210058, 38.60094574690646], [-90.0828349713693, 38.601088958715515], [-90.08856965134538, 38.60123188995506], [-90.0941227455516, 38.605874717602354], [-90.09967655430022, 38.61051730605643], [-90.10523107776994, 38.61515965518486], [-90.11078631613944, 38.61980176485522], [-90.11652262799952, 38.61994338379215], [-90.1220789793104, 38.62458499570804], [-90.12781572923257, 38.62472607564535], [-90.13337319363258, 38.629367189437694], [-90.13911038141684, 38.62950773017495], [-90.14484760917111, 38.62964799001386], [-90.15058487681573, 38.629787968948484], [-90.156322184271, 38.62992766697294], [-90.16205953145733, 38.63006708408134], [-90.16779691829495, 38.630206220267794], [-90.17353434470424, 38.6303450755264], [-90.17927181060547, 38.63048364985134], [-90.185009315919, 38.63062194323676], [-90.1907468605651, 38.6307599556768], [-90.1964844444641, 38.63089768716567], [-90.2022220675363, 38.63103513769752], [-90.20795972970198, 38.63117230726659]]}}, {"type": "Feature", "properties": {"route_run_id": "stl_midamerica_to_st_louis_union_station_2026-03-09_0268", "route_pair": "midamerica_to_st_louis_union_station", "route_pair_label": "MidAmerica to St. Louis Union Station", "origin_label": "MidAmerica St. Louis Airport", "destination_label": "St. Louis Union Station", "origin_lat": 38.5451731, "origin_lon": -89.8351856, "destination_lat": 38.629167, "destination_lon": -90.2075, "traffic_date": "2026-03-09", "traffic_dataset": "March 9th - Monday", "weight_id": "w_0268", "distance_weight": 0.7, "population_weight": 0.0, "traffic_weight": 0.0, "airspace_weight": 0.3, "path_nodes": 67, "path_node_ids": [8877, 8876, 8892, 8897, 8899, 8926, 9788, 10013, 10014, 10036, 10052, 10054, 10061, 10051, 10049, 10048, 10050, 10253, 10252, 10241, 10240, 10248, 10246, 10247, 10245, 10231, 10230, 10262, 10150, 10148, 10149, 10151, 10161, 10159, 10158, 10160, 10166, 10168, 10167, 10169, 2247, 2269, 2268, 2257, 2256, 2254, 2279, 2293, 2296, 2301, 2303, 2491, 2492, 2818, 2496, 2507, 2506, 2828, 2505, 2809, 2811, 2810, 2728, 2730, 2731, 2729, 2715], "elapsed_seconds": 0.008586800016928464, "status": "success", "failure_reason": "", "route_distance_km": 46.683328700980354, "distance_cost_sum": 51.37802221113185, "population_cost_sum": 29.474393947782595, "traffic_cost_sum": 11.160766941646196, "airspace_cost_sum": 22.6, "total_weighted_score": 42.74461554779229}, "geometry": {"type": "LineString", "coordinates": [[-89.83272609742262, 38.54503213945896], [-89.83845499191484, 38.54518713674757], [-89.84398707949187, 38.54984103165108], [-89.84951987896733, 38.55449469187918], [-89.85505339052077, 38.559148117300026], [-89.86058761433173, 38.563801307781745], [-89.86612255057987, 38.568454263192415], [-89.87165819944471, 38.57310698340007], [-89.87719456110594, 38.577759468272795], [-89.88273163574308, 38.582411717678575], [-89.88826942353593, 38.58706373148541], [-89.89380792466403, 38.591715509561276], [-89.89934713930707, 38.59636705177409], [-89.90508047722643, 38.59651895818466], [-89.91081385831642, 38.59667058421835], [-89.91654728249756, 38.596821929868824], [-89.92228074969049, 38.59697299512966], [-89.92801425981584, 38.59712377999449], [-89.93374781279411, 38.597274284457015], [-89.93948140854593, 38.5974245085108], [-89.94521504699188, 38.5975744521496], [-89.95094872805251, 38.59772411536704], [-89.95668245164843, 38.59787349815684], [-89.96241621770018, 38.59802260051268], [-89.96815002612831, 38.59817142242828], [-89.9738838768534, 38.59831996389739], [-89.97961776979602, 38.59846822491371], [-89.98535170487666, 38.59861620547102], [-89.99108568201598, 38.59876390556306], [-89.99681970113441, 38.59891132518362], [-90.00255376215256, 38.59905846432648], [-90.00828786499093, 38.59920532298544], [-90.01402200957008, 38.5993519011543], [-90.01975619581054, 38.599498198826886], [-90.02549042363282, 38.599644215997024], [-90.03122469295744, 38.59978995265856], [-90.03695900370492, 38.599935408805365], [-90.0426933557958, 38.60008058443128], [-90.04842774915056, 38.600225479530216], [-90.05416218368977, 38.60037009409603], [-90.05989665933384, 38.60051442812264], [-90.06563117600335, 38.600658481603965], [-90.07136573361876, 38.60080225453393], [-90.07710033210058, 38.60094574690646], [-90.0828349713693, 38.601088958715515], [-90.08856965134538, 38.60123188995506], [-90.0941227455516, 38.605874717602354], [-90.09967655430022, 38.61051730605643], [-90.10523107776994, 38.61515965518486], [-90.11078631613944, 38.61980176485522], [-90.11652262799952, 38.61994338379215], [-90.1220789793104, 38.62458499570804], [-90.12781572923257, 38.62472607564535], [-90.13337319363258, 38.629367189437694], [-90.13911038141684, 38.62950773017495], [-90.14484760917111, 38.62964799001386], [-90.15058487681573, 38.629787968948484], [-90.156322184271, 38.62992766697294], [-90.16205953145733, 38.63006708408134], [-90.16779691829495, 38.630206220267794], [-90.17353434470424, 38.6303450755264], [-90.17927181060547, 38.63048364985134], [-90.185009315919, 38.63062194323676], [-90.1907468605651, 38.6307599556768], [-90.1964844444641, 38.63089768716567], [-90.2022220675363, 38.63103513769752], [-90.20795972970198, 38.63117230726659]]}}]}