route_run_id,route_pair,route_pair_label,weight_id,distance_weight,population_weight,traffic_weight,airspace_weight,route_distance_km,total_weighted_score,path_nodes,hierarchical_jaccard_cluster,hierarchical_jaccard_cluster_source
stl_midamerica_to_st_louis_lambert_2026-03-09_0001,midamerica_to_st_louis_lambert,MidAmerica to St. Louis Lambert,w_0001,0.0,0.0,0.0,1.0,101.1282553793329,45.20000000000003,118,hier_jaccard_019,hier_jaccard_018
stl_midamerica_to_st_louis_lambert_2026-03-09_0002,midamerica_to_st_louis_lambert,MidAmerica to St. Louis Lambert,w_0002,0.0,0.0,0.1,0.9,104.75042000048336,42.36766741904605,127,hier_jaccard_009,hier_jaccard_014
stl_midamerica_to_st_louis_lambert_2026-03-09_0003,midamerica_to_st_louis_lambert,MidAmerica to St. Louis Lambert,w_0003,0.0,0.0,0.2,0.8,104.21948551084702,39.34167630656897,127,hier_jaccard_009,hier_jaccard_014
stl_midamerica_to_st_louis_lambert_2026-03-09_0004,midamerica_to_st_louis_lambert,MidAmerica to St. Louis Lambert,w_0004,0.0,0.0,0.3,0.7,104.21948551084702,36.21251445985344,127,hier_jaccard_009,hier_jaccard_014
stl_midamerica_to_st_louis_lambert_2026-03-09_0005,midamerica_to_st_louis_lambert,MidAmerica to St. Louis Lambert,w_0005,0.0,0.0,0.4,0.6,104.21948551084702,33.083352613137905,127,hier_jaccard_009,hier_jaccard_014
stl_midamerica_to_st_louis_lambert_2026-03-09_0006,midamerica_to_st_louis_lambert,MidAmerica to St. Louis Lambert,w_0006,0.0,0.0,0.5,0.5,104.21948551084702,29.95419076642237,127,hier_jaccard_009,hier_jaccard_014
stl_midamerica_to_st_louis_lambert_2026-03-09_0007,midamerica_to_st_louis_lambert,MidAmerica to St. Louis Lambert,w_0007,0.0,0.0,0.6,0.4,104.21948551084702,26.825028919706845,127,hier_jaccard_009,hier_jaccard_014
stl_midamerica_to_st_louis_lambert_2026-03-09_0008,midamerica_to_st_louis_lambert,MidAmerica to St. Louis Lambert,w_0008,0.0,0.0,0.7,0.3,104.21948551084702,23.695867072991312,127,hier_jaccard_009,hier_jaccard_014
stl_midamerica_to_st_louis_lambert_2026-03-09_0009,midamerica_to_st_louis_lambert,MidAmerica to St. Louis Lambert,w_0009,0.0,0.0,0.8,0.2,109.3818273945418,19.875364304837305,132,hier_jaccard_020,hier_jaccard_019
stl_midamerica_to_st_louis_lambert_2026-03-09_0010,midamerica_to_st_louis_lambert,MidAmerica to St. Louis Lambert,w_0010,0.0,0.0,0.9,0.1,119.06132393970448,14.91623036045218,144,hier_jaccard_013,hier_jaccard_011
stl_midamerica_to_st_louis_lambert_2026-03-09_0011,midamerica_to_st_louis_lambert,MidAmerica to St. Louis Lambert,w_0011,0.0,0.0,1.0,0.0,104.5117572370694,8.153267257284753,125,hier_jaccard_013,hier_jaccard_011
stl_midamerica_to_st_louis_lambert_2026-03-09_0012,midamerica_to_st_louis_lambert,MidAmerica to St. Louis Lambert,w_0012,0.0,0.1,0.0,0.9,123.78743182781092,42.80242512289047,149,hier_jaccard_007,hier_jaccard_007
stl_midamerica_to_st_louis_lambert_2026-03-09_0013,midamerica_to_st_louis_lambert,MidAmerica to St. Louis Lambert,w_0013,0.0,0.1,0.1,0.8,136.132909367682,40.45060913911655,165,hier_jaccard_003,hier_jaccard_002
stl_midamerica_to_st_louis_lambert_2026-03-09_0014,midamerica_to_st_louis_lambert,MidAmerica to St. Louis Lambert,w_0014,0.0,0.1,0.2,0.7,135.95375065080802,37.696016001738286,165,hier_jaccard_003,hier_jaccard_002
stl_midamerica_to_st_louis_lambert_2026-03-09_0015,midamerica_to_st_louis_lambert,MidAmerica to St. Louis Lambert,w_0015,0.0,0.1,0.3,0.6,135.95379236303637,34.79299394017329,165,hier_jaccard_003,hier_jaccard_002
stl_midamerica_to_st_louis_lambert_2026-03-09_0016,midamerica_to_st_louis_lambert,MidAmerica to St. Louis Lambert,w_0016,0.0,0.1,0.4,0.5,135.95379236303637,31.87648947380685,165,hier_jaccard_003,hier_jaccard_002
stl_midamerica_to_st_louis_lambert_2026-03-09_0017,midamerica_to_st_louis_lambert,MidAmerica to St. Louis Lambert,w_0017,0.0,0.1,0.5,0.4,141.1350870959889,28.8201183301167,173,hier_jaccard_014,hier_jaccard_012
stl_midamerica_to_st_louis_lambert_2026-03-09_0018,midamerica_to_st_louis_lambert,MidAmerica to St. Louis Lambert,w_0018,0.0,0.1,0.6,0.3,142.57699363287014,25.68513614786289,174,hier_jaccard_014,hier_jaccard_012
stl_midamerica_to_st_louis_lambert_2026-03-09_0019,midamerica_to_st_louis_lambert,MidAmerica to St. Louis Lambert,w_0019,0.0,0.1,0.7,0.2,142.17577707456542,22.136545763876768,174,hier_jaccard_003,hier_jaccard_002
stl_midamerica_to_st_louis_lambert_2026-03-09_0020,midamerica_to_st_louis_lambert,MidAmerica to St. Louis Lambert,w_0020,0.0,0.1,0.8,0.1,135.64056009078584,17.798759821808936,164,hier_jaccard_014,hier_jaccard_012
stl_midamerica_to_st_louis_lambert_2026-03-09_0021,midamerica_to_st_louis_lambert,MidAmerica to St. Louis Lambert,w_0021,0.0,0.1,0.9,0.0,132.3985517920375,11.79999494747568,160,hier_jaccard_021,hier_jaccard_020
stl_midamerica_to_st_louis_lambert_2026-03-09_0022,midamerica_to_st_louis_lambert,MidAmerica to St. Louis Lambert,w_0022,0.0,0.2,0.0,0.8,123.78743182781092,39.80485024578092,149,hier_jaccard_007,hier_jaccard_007
stl_midamerica_to_st_louis_lambert_2026-03-09_0023,midamerica_to_st_louis_lambert,MidAmerica to St. Louis Lambert,w_0023,0.0,0.2,0.1,0.7,136.27932121946932,37.532245902004014,165,hier_jaccard_003,hier_jaccard_002
stl_midamerica_to_st_louis_lambert_2026-03-09_0024,midamerica_to_st_louis_lambert,MidAmerica to St. Louis Lambert,w_0024,0.0,0.2,0.2,0.6,136.13224060656057,34.91035141504734,165,hier_jaccard_003,hier_jaccard_002
stl_midamerica_to_st_louis_lambert_2026-03-09_0025,midamerica_to_st_louis_lambert,MidAmerica to St. Louis Lambert,w_0025,0.0,0.2,0.3,0.5,135.94668166503027,32.07768156268032,165,hier_jaccard_003,hier_jaccard_002
stl_midamerica_to_st_louis_lambert_2026-03-09_0026,midamerica_to_st_louis_lambert,MidAmerica to St. Louis Lambert,w_0026,0.0,0.2,0.4,0.4,135.95375065080802,29.192032003476548,165,hier_jaccard_003,hier_jaccard_002
stl_midamerica_to_st_louis_lambert_2026-03-09_0027,midamerica_to_st_louis_lambert,MidAmerica to St. Louis Lambert,w_0027,0.0,0.2,0.5,0.3,137.41990685096297,26.14996234261988,167,hier_jaccard_003,hier_jaccard_002
stl_midamerica_to_st_louis_lambert_2026-03-09_0028,midamerica_to_st_louis_lambert,MidAmerica to St. Louis Lambert,w_0028,0.0,0.2,0.6,0.2,149.96795899023675,22.67735955152996,184,hier_jaccard_003,hier_jaccard_002
stl_midamerica_to_st_louis_lambert_2026-03-09_0029,midamerica_to_st_louis_lambert,MidAmerica to St. Louis Lambert,w_0029,0.0,0.2,0.7,0.1,151.9190177343785,18.060066070125377,187,hier_jaccard_003,hier_jaccard_002
stl_midamerica_to_st_louis_lambert_2026-03-09_0030,midamerica_to_st_louis_lambert,MidAmerica to St. Louis Lambert,w_0030,0.0,0.2,0.8,0.0,158.30566097048268,13.176288741965228,197,hier_jaccard_003,hier_jaccard_002
stl_midamerica_to_st_louis_lambert_2026-03-09_0031,midamerica_to_st_louis_lambert,MidAmerica to St. Louis Lambert,w_0031,0.0,0.3,0.0,0.7,123.78743182781092,36.80727536867136,149,hier_jaccard_007,hier_jaccard_007
stl_midamerica_to_st_louis_lambert_2026-03-09_0032,midamerica_to_st_louis_lambert,MidAmerica to St. Louis Lambert,w_0032,0.0,0.3,0.1,0.6,138.74946978369874,34.58238487323796,165,hier_jaccard_003,hier_jaccard_002
stl_midamerica_to_st_louis_lambert_2026-03-09_0033,midamerica_to_st_louis_lambert,MidAmerica to St. Louis Lambert,w_0033,0.0,0.3,0.2,0.5,136.27848572312925,32.062376102816,165,hier_jaccard_003,hier_jaccard_002
stl_midamerica_to_st_louis_lambert_2026-03-09_0034,midamerica_to_st_louis_lambert,MidAmerica to St. Louis Lambert,w_0034,0.0,0.3,0.3,0.4,136.13224060656057,29.265527122570997,165,hier_jaccard_003,hier_jaccard_002
stl_midamerica_to_st_louis_lambert_2026-03-09_0035,midamerica_to_st_louis_lambert,MidAmerica to St. Louis Lambert,w_0035,0.0,0.3,0.4,0.3,137.41283786518525,26.38957918635909,167,hier_jaccard_003,hier_jaccard_002
stl_midamerica_to_st_louis_lambert_2026-03-09_0036,midamerica_to_st_louis_lambert,MidAmerica to St. Louis Lambert,w_0036,0.0,0.3,0.5,0.2,149.43898113187117,22.304203006798254,184,hier_jaccard_003,hier_jaccard_002
stl_midamerica_to_st_louis_lambert_2026-03-09_0037,midamerica_to_st_louis_lambert,MidAmerica to St. Louis Lambert,w_0037,0.0,0.3,0.6,0.1,151.91904527847709,17.63324123429521,187,hier_jaccard_003,hier_jaccard_002
stl_midamerica_to_st_louis_lambert_2026-03-09_0038,midamerica_to_st_louis_lambert,MidAmerica to St. Louis Lambert,w_0038,0.0,0.3,0.7,0.0,158.30566097048268,12.779469889860358,197,hier_jaccard_003,hier_jaccard_002
stl_midamerica_to_st_louis_lambert_2026-03-09_0039,midamerica_to_st_louis_lambert,MidAmerica to St. Louis Lambert,w_0039,0.0,0.4,0.0,0.6,123.33169097241432,33.80889244568416,149,hier_jaccard_007,hier_jaccard_007
stl_midamerica_to_st_louis_lambert_2026-03-09_0040,midamerica_to_st_louis_lambert,MidAmerica to St. Louis Lambert,w_0040,0.0,0.4,0.1,0.5,138.74946978369874,31.6145828237753,165,hier_jaccard_003,hier_jaccard_002
stl_midamerica_to_st_louis_lambert_2026-03-09_0041,midamerica_to_st_louis_lambert,MidAmerica to St. Louis Lambert,w_0041,0.0,0.4,0.2,0.4,136.65485072335687,29.12196132986152,166,hier_jaccard_003,hier_jaccard_002
stl_midamerica_to_st_louis_lambert_2026-03-09_0042,midamerica_to_st_louis_lambert,MidAmerica to St. Louis Lambert,w_0042,0.0,0.4,0.3,0.3,149.76388293941105,26.23322692820394,184,hier_jaccard_003,hier_jaccard_002
stl_midamerica_to_st_louis_lambert_2026-03-09_0043,midamerica_to_st_louis_lambert,MidAmerica to St. Louis Lambert,w_0043,0.0,0.4,0.4,0.2,150.66240829917868,21.705535127532382,186,hier_jaccard_003,hier_jaccard_002
stl_midamerica_to_st_louis_lambert_2026-03-09_0044,midamerica_to_st_louis_lambert,MidAmerica to St. Louis Lambert,w_0044,0.0,0.4,0.5,0.1,152.0975352342296,17.068319605562536,187,hier_jaccard_003,hier_jaccard_002
stl_midamerica_to_st_louis_lambert_2026-03-09_0045,midamerica_to_st_louis_lambert,MidAmerica to St. Louis Lambert,w_0045,0.0,0.4,0.6,0.0,158.2986195288035,12.288102367241589,197,hier_jaccard_003,hier_jaccard_002
stl_midamerica_to_st_louis_lambert_2026-03-09_0046,midamerica_to_st_louis_lambert,MidAmerica to St. Louis Lambert,w_0046,0.0,0.5,0.0,0.5,125.25875002886497,30.35221082428001,150,hier_jaccard_007,hier_jaccard_007
stl_midamerica_to_st_louis_lambert_2026-03-09_0047,midamerica_to_st_louis_lambert,MidAmerica to St. Louis Lambert,w_0047,0.0,0.5,0.1,0.4,141.56729903273387,28.51105181221953,166,hier_jaccard_003,hier_jaccard_002
stl_midamerica_to_st_louis_lambert_2026-03-09_0048,midamerica_to_st_louis_lambert,MidAmerica to St. Louis Lambert,w_0048,0.0,0.5,0.2,0.3,149.72970868706034,25.39885259118904,186,hier_jaccard_003,hier_jaccard_002
stl_midamerica_to_st_louis_lambert_2026-03-09_0049,midamerica_to_st_louis_lambert,MidAmerica to St. Louis Lambert,w_0049,0.0,0.5,0.3,0.2,150.35337303868766,20.88281314565677,186,hier_jaccard_003,hier_jaccard_002
stl_midamerica_to_st_louis_lambert_2026-03-09_0050,midamerica_to_st_louis_lambert,MidAmerica to St. Louis Lambert,w_0050,0.0,0.5,0.4,0.1,153.23285366833974,16.296856406678117,188,hier_jaccard_003,hier_jaccard_002
stl_midamerica_to_st_louis_lambert_2026-03-09_0051,midamerica_to_st_louis_lambert,MidAmerica to St. Louis Lambert,w_0051,0.0,0.5,0.5,0.0,160.001883711782,11.499593150757091,199,hier_jaccard_003,hier_jaccard_002
stl_midamerica_to_st_louis_lambert_2026-03-09_0052,midamerica_to_st_louis_lambert,MidAmerica to St. Louis Lambert,w_0052,0.0,0.6,0.0,0.4,124.71624154096402,26.335843625231465,150,hier_jaccard_007,hier_jaccard_007
stl_midamerica_to_st_louis_lambert_2026-03-09_0053,midamerica_to_st_louis_lambert,MidAmerica to St. Louis Lambert,w_0053,0.0,0.6,0.1,0.3,153.26172829954697,24.168121355375227,186,hier_jaccard_003,hier_jaccard_002
stl_midamerica_to_st_louis_lambert_2026-03-09_0054,midamerica_to_st_louis_lambert,MidAmerica to St. Louis Lambert,w_0054,0.0,0.6,0.2,0.2,152.73248487074423,19.782467294431303,186,hier_jaccard_003,hier_jaccard_002
stl_midamerica_to_st_louis_lambert_2026-03-09_0055,midamerica_to_st_louis_lambert,MidAmerica to St. Louis Lambert,w_0055,0.0,0.6,0.3,0.1,152.70398144775163,15.314078624391293,188,hier_jaccard_003,hier_jaccard_002
stl_midamerica_to_st_louis_lambert_2026-03-09_0056,midamerica_to_st_louis_lambert,MidAmerica to St. Louis Lambert,w_0056,0.0,0.6,0.4,0.0,157.60684619101818,10.543160273646548,194,hier_jaccard_003,hier_jaccard_002
stl_midamerica_to_st_louis_lambert_2026-03-09_0057,midamerica_to_st_louis_lambert,MidAmerica to St. Louis Lambert,w_0057,0.0,0.7,0.0,0.3,124.71624154096402,22.22515089610336,150,hier_jaccard_007,hier_jaccard_007
stl_midamerica_to_st_louis_lambert_2026-03-09_0058,midamerica_to_st_louis_lambert,MidAmerica to St. Louis Lambert,w_0058,0.0,0.7,0.1,0.2,153.79535111304125,18.525355594824227,186,hier_jaccard_003,hier_jaccard_002
stl_midamerica_to_st_louis_lambert_2026-03-09_0059,midamerica_to_st_louis_lambert,MidAmerica to St. Louis Lambert,w_0059,0.0,0.7,0.2,0.1,154.16761180579516,14.127279825812138,187,hier_jaccard_003,hier_jaccard_002
stl_midamerica_to_st_louis_lambert_2026-03-09_0060,midamerica_to_st_louis_lambert,MidAmerica to St. Louis Lambert,w_0060,0.0,0.7,0.3,0.0,156.72473468885627,9.469725768157002,191,hier_jaccard_003,hier_jaccard_002
stl_midamerica_to_st_louis_lambert_2026-03-09_0061,midamerica_to_st_louis_lambert,MidAmerica to St. Louis Lambert,w_0061,0.0,0.8,0.0,0.2,138.58768842049477,17.18982623210607,170,hier_jaccard_007,hier_jaccard_007
stl_midamerica_to_st_louis_lambert_2026-03-09_0062,midamerica_to_st_louis_lambert,MidAmerica to St. Louis Lambert,w_0062,0.0,0.8,0.1,0.1,153.79535111304125,12.882398100206686,186,hier_jaccard_003,hier_jaccard_002
stl_midamerica_to_st_louis_lambert_2026-03-09_0063,midamerica_to_st_louis_lambert,MidAmerica to St. Louis Lambert,w_0063,0.0,0.8,0.2,0.0,156.72473468885627,8.27256463436051,191,hier_jaccard_003,hier_jaccard_002
stl_midamerica_to_st_louis_lambert_2026-03-09_0064,midamerica_to_st_louis_lambert,MidAmerica to St. Louis Lambert,w_0064,0.0,0.9,0.0,0.1,138.58768842049477,11.53855451111932,170,hier_jaccard_007,hier_jaccard_007
stl_midamerica_to_st_louis_lambert_2026-03-09_0065,midamerica_to_st_louis_lambert,MidAmerica to St. Louis Lambert,w_0065,0.0,0.9,0.1,0.0,157.25835750235055,7.0743994433824,191,hier_jaccard_003,hier_jaccard_002
stl_midamerica_to_st_louis_lambert_2026-03-09_0066,midamerica_to_st_louis_lambert,MidAmerica to St. Louis Lambert,w_0066,0.0,1.0,0.0,0.0,157.4707573877159,5.085566711516135,192,hier_jaccard_007,hier_jaccard_007
stl_midamerica_to_st_louis_lambert_2026-03-09_0067,midamerica_to_st_louis_lambert,MidAmerica to St. Louis Lambert,w_0067,0.1,0.0,0.0,0.9,71.90057520712594,49.49312327714821,96,hier_jaccard_002,hier_jaccard_005
stl_midamerica_to_st_louis_lambert_2026-03-09_0068,midamerica_to_st_louis_lambert,MidAmerica to St. Louis Lambert,w_0068,0.1,0.0,0.1,0.8,72.96951395243684,46.77938319352453,96,hier_jaccard_002,hier_jaccard_005
stl_midamerica_to_st_louis_lambert_2026-03-09_0069,midamerica_to_st_louis_lambert,MidAmerica to St. Louis Lambert,w_0069,0.1,0.0,0.2,0.7,72.97107486094428,43.68265068183722,96,hier_jaccard_002,hier_jaccard_005
stl_midamerica_to_st_louis_lambert_2026-03-09_0070,midamerica_to_st_louis_lambert,MidAmerica to St. Louis Lambert,w_0070,0.1,0.0,0.3,0.6,72.97107486094428,40.53850667931007,96,hier_jaccard_002,hier_jaccard_005
stl_midamerica_to_st_louis_lambert_2026-03-09_0071,midamerica_to_st_louis_lambert,MidAmerica to St. Louis Lambert,w_0071,0.1,0.0,0.4,0.5,73.504465880368,37.39186149293172,96,hier_jaccard_002,hier_jaccard_005
stl_midamerica_to_st_louis_lambert_2026-03-09_0072,midamerica_to_st_louis_lambert,MidAmerica to St. Louis Lambert,w_0072,0.1,0.0,0.5,0.4,73.504465880368,34.23241641166998,96,hier_jaccard_002,hier_jaccard_005
stl_midamerica_to_st_louis_lambert_2026-03-09_0073,midamerica_to_st_louis_lambert,MidAmerica to St. Louis Lambert,w_0073,0.1,0.0,0.6,0.3,73.504465880368,31.072971330408244,96,hier_jaccard_002,hier_jaccard_005
stl_midamerica_to_st_louis_lambert_2026-03-09_0074,midamerica_to_st_louis_lambert,MidAmerica to St. Louis Lambert,w_0074,0.1,0.0,0.7,0.2,75.53136681447069,27.886933427490156,100,hier_jaccard_002,hier_jaccard_005
stl_midamerica_to_st_louis_lambert_2026-03-09_0075,midamerica_to_st_louis_lambert,MidAmerica to St. Louis Lambert,w_0075,0.1,0.0,0.8,0.1,77.53090621444814,23.56789404084958,104,hier_jaccard_008,hier_jaccard_008
stl_midamerica_to_st_louis_lambert_2026-03-09_0076,midamerica_to_st_louis_lambert,MidAmerica to St. Louis Lambert,w_0076,0.1,0.0,0.9,0.0,89.57337952637874,17.332200440960175,122,hier_jaccard_013,hier_jaccard_011
stl_midamerica_to_st_louis_lambert_2026-03-09_0077,midamerica_to_st_louis_lambert,MidAmerica to St. Louis Lambert,w_0077,0.1,0.1,0.0,0.8,74.42461752704692,47.89368615676638,97,hier_jaccard_005,hier_jaccard_004
stl_midamerica_to_st_louis_lambert_2026-03-09_0078,midamerica_to_st_louis_lambert,MidAmerica to St. Louis Lambert,w_0078,0.1,0.1,0.1,0.7,75.48913077482469,45.81573381255719,97,hier_jaccard_006,hier_jaccard_006
stl_midamerica_to_st_louis_lambert_2026-03-09_0079,midamerica_to_st_louis_lambert,MidAmerica to St. Louis Lambert,w_0079,0.1,0.1,0.2,0.6,77.08681429276793,43.21815812279223,97,hier_jaccard_006,hier_jaccard_006
stl_midamerica_to_st_louis_lambert_2026-03-09_0080,midamerica_to_st_louis_lambert,MidAmerica to St. Louis Lambert,w_0080,0.1,0.1,0.3,0.5,77.0797677742194,40.15278805743027,97,hier_jaccard_006,hier_jaccard_006
stl_midamerica_to_st_louis_lambert_2026-03-09_0081,midamerica_to_st_louis_lambert,MidAmerica to St. Louis Lambert,w_0081,0.1,0.1,0.4,0.4,77.0797677742194,37.02560078310691,97,hier_jaccard_006,hier_jaccard_006
stl_midamerica_to_st_louis_lambert_2026-03-09_0082,midamerica_to_st_louis_lambert,MidAmerica to St. Louis Lambert,w_0082,0.1,0.1,0.5,0.3,76.55156561547338,33.874970369264844,97,hier_jaccard_006,hier_jaccard_006
stl_midamerica_to_st_louis_lambert_2026-03-09_0083,midamerica_to_st_louis_lambert,MidAmerica to St. Louis Lambert,w_0083,0.1,0.1,0.6,0.2,78.15076019403783,30.52399064043001,97,hier_jaccard_006,hier_jaccard_006
stl_midamerica_to_st_louis_lambert_2026-03-09_0084,midamerica_to_st_louis_lambert,MidAmerica to St. Louis Lambert,w_0084,0.1,0.1,0.7,0.1,83.5203883587711,26.166047455506057,103,hier_jaccard_010,hier_jaccard_009
stl_midamerica_to_st_louis_lambert_2026-03-09_0085,midamerica_to_st_louis_lambert,MidAmerica to St. Louis Lambert,w_0085,0.1,0.1,0.8,0.0,87.89090774473078,21.22747238106364,109,hier_jaccard_010,hier_jaccard_009
stl_midamerica_to_st_louis_lambert_2026-03-09_0086,midamerica_to_st_louis_lambert,MidAmerica to St. Louis Lambert,w_0086,0.1,0.2,0.0,0.7,74.42461752704692,45.296461856285696,97,hier_jaccard_005,hier_jaccard_004
stl_midamerica_to_st_louis_lambert_2026-03-09_0087,midamerica_to_st_louis_lambert,MidAmerica to St. Louis Lambert,w_0087,0.1,0.2,0.1,0.6,74.95585156494482,43.541041868580734,97,hier_jaccard_005,hier_jaccard_004
stl_midamerica_to_st_louis_lambert_2026-03-09_0088,midamerica_to_st_louis_lambert,MidAmerica to St. Louis Lambert,w_0088,0.1,0.2,0.2,0.5,76.0251129158653,41.1286618854076,97,hier_jaccard_005,hier_jaccard_004
stl_midamerica_to_st_louis_lambert_2026-03-09_0089,midamerica_to_st_louis_lambert,MidAmerica to St. Louis Lambert,w_0089,0.1,0.2,0.3,0.4,76.03291527847729,38.23072684223902,97,hier_jaccard_004,hier_jaccard_003
stl_midamerica_to_st_louis_lambert_2026-03-09_0090,midamerica_to_st_louis_lambert,MidAmerica to St. Louis Lambert,w_0090,0.1,0.2,0.4,0.3,76.03414129387384,34.884144902341006,97,hier_jaccard_004,hier_jaccard_003
stl_midamerica_to_st_louis_lambert_2026-03-09_0091,midamerica_to_st_louis_lambert,MidAmerica to St. Louis Lambert,w_0091,0.1,0.2,0.5,0.2,76.03414129387384,31.47861372924519,97,hier_jaccard_004,hier_jaccard_003
stl_midamerica_to_st_louis_lambert_2026-03-09_0092,midamerica_to_st_louis_lambert,MidAmerica to St. Louis Lambert,w_0092,0.1,0.2,0.6,0.1,82.02389368304874,27.79118738963058,99,hier_jaccard_010,hier_jaccard_009
stl_midamerica_to_st_louis_lambert_2026-03-09_0093,midamerica_to_st_louis_lambert,MidAmerica to St. Louis Lambert,w_0093,0.1,0.2,0.7,0.0,84.05065296144764,23.187006654378127,103,hier_jaccard_010,hier_jaccard_009
stl_midamerica_to_st_louis_lambert_2026-03-09_0094,midamerica_to_st_louis_lambert,MidAmerica to St. Louis Lambert,w_0094,0.1,0.3,0.0,0.6,74.42461752704692,42.69923755580501,97,hier_jaccard_005,hier_jaccard_004
stl_midamerica_to_st_louis_lambert_2026-03-09_0095,midamerica_to_st_louis_lambert,MidAmerica to St. Louis Lambert,w_0095,0.1,0.3,0.1,0.5,75.49279518931107,40.98631832000251,97,hier_jaccard_005,hier_jaccard_004
stl_midamerica_to_st_louis_lambert_2026-03-09_0096,midamerica_to_st_louis_lambert,MidAmerica to St. Louis Lambert,w_0096,0.1,0.3,0.2,0.4,76.56621824803072,38.60813547058491,97,hier_jaccard_004,hier_jaccard_003
stl_midamerica_to_st_louis_lambert_2026-03-09_0097,midamerica_to_st_louis_lambert,MidAmerica to St. Louis Lambert,w_0097,0.1,0.3,0.3,0.3,76.03358091281265,35.54862391740183,97,hier_jaccard_004,hier_jaccard_003
stl_midamerica_to_st_louis_lambert_2026-03-09_0098,midamerica_to_st_louis_lambert,MidAmerica to St. Louis Lambert,w_0098,0.1,0.3,0.4,0.2,77.15893735628444,32.23586723505035,100,hier_jaccard_004,hier_jaccard_003
stl_midamerica_to_st_louis_lambert_2026-03-09_0099,midamerica_to_st_louis_lambert,MidAmerica to St. Louis Lambert,w_0099,0.1,0.3,0.5,0.1,78.23176563668737,28.719752531476143,100,hier_jaccard_001,hier_jaccard_001
stl_midamerica_to_st_louis_lambert_2026-03-09_0100,midamerica_to_st_louis_lambert,MidAmerica to St. Louis Lambert,w_0100,0.1,0.3,0.6,0.0,89.79276725057447,24.36391222838712,114,hier_jaccard_015,hier_jaccard_015
stl_midamerica_to_st_louis_lambert_2026-03-09_0101,midamerica_to_st_louis_lambert,MidAmerica to St. Louis Lambert,w_0101,0.1,0.4,0.0,0.5,93.2818575741698,39.80565152535856,119,hier_jaccard_012,hier_jaccard_013
stl_midamerica_to_st_louis_lambert_2026-03-09_0102,midamerica_to_st_louis_lambert,MidAmerica to St. Louis Lambert,w_0102,0.1,0.4,0.1,0.4,74.80891071989579,37.98669125147268,98,hier_jaccard_001,hier_jaccard_001
stl_midamerica_to_st_louis_lambert_2026-03-09_0103,midamerica_to_st_louis_lambert,MidAmerica to St. Louis Lambert,w_0103,0.1,0.4,0.2,0.3,76.09885799947156,35.534258359556304,100,hier_jaccard_001,hier_jaccard_001
stl_midamerica_to_st_louis_lambert_2026-03-09_0104,midamerica_to_st_louis_lambert,MidAmerica to St. Louis Lambert,w_0104,0.1,0.4,0.3,0.2,77.16490127302812,32.30535494876428,100,hier_jaccard_001,hier_jaccard_001
stl_midamerica_to_st_louis_lambert_2026-03-09_0105,midamerica_to_st_louis_lambert,MidAmerica to St. Louis Lambert,w_0105,0.1,0.4,0.4,0.1,78.2316688086965,29.00784528006007,100,hier_jaccard_001,hier_jaccard_001
stl_midamerica_to_st_louis_lambert_2026-03-09_0106,midamerica_to_st_louis_lambert,MidAmerica to St. Louis Lambert,w_0106,0.1,0.4,0.5,0.0,90.70049047815668,24.6646761944665,115,hier_jaccard_015,hier_jaccard_015
stl_midamerica_to_st_louis_lambert_2026-03-09_0107,midamerica_to_st_louis_lambert,MidAmerica to St. Louis Lambert,w_0107,0.1,0.5,0.0,0.4,90.09224420146406,36.159521947614806,119,hier_jaccard_012,hier_jaccard_013
stl_midamerica_to_st_louis_lambert_2026-03-09_0108,midamerica_to_st_louis_lambert,MidAmerica to St. Louis Lambert,w_0108,0.1,0.5,0.1,0.3,75.9350943316569,34.39972673868658,101,hier_jaccard_001,hier_jaccard_001
stl_midamerica_to_st_louis_lambert_2026-03-09_0109,midamerica_to_st_louis_lambert,MidAmerica to St. Louis Lambert,w_0109,0.1,0.5,0.2,0.2,77.00197510853555,31.902678756270028,101,hier_jaccard_001,hier_jaccard_001
stl_midamerica_to_st_louis_lambert_2026-03-09_0110,midamerica_to_st_louis_lambert,MidAmerica to St. Louis Lambert,w_0110,0.1,0.5,0.3,0.1,77.69855146598174,28.87333735004622,100,hier_jaccard_001,hier_jaccard_001
stl_midamerica_to_st_louis_lambert_2026-03-09_0111,midamerica_to_st_louis_lambert,MidAmerica to St. Louis Lambert,w_0111,0.1,0.5,0.4,0.0,123.77707697496592,24.34380631026725,167,hier_jaccard_011,hier_jaccard_010
stl_midamerica_to_st_louis_lambert_2026-03-09_0112,midamerica_to_st_louis_lambert,MidAmerica to St. Louis Lambert,w_0112,0.1,0.6,0.0,0.3,90.0929044869205,32.40865752082237,119,hier_jaccard_012,hier_jaccard_013
stl_midamerica_to_st_louis_lambert_2026-03-09_0113,midamerica_to_st_louis_lambert,MidAmerica to St. Louis Lambert,w_0113,0.1,0.6,0.1,0.2,75.93513594692911,30.63881527043656,101,hier_jaccard_001,hier_jaccard_001
stl_midamerica_to_st_louis_lambert_2026-03-09_0114,midamerica_to_st_louis_lambert,MidAmerica to St. Louis Lambert,w_0114,0.1,0.6,0.2,0.1,126.00349793094,27.87430676931943,166,hier_jaccard_011,hier_jaccard_010
stl_midamerica_to_st_louis_lambert_2026-03-09_0115,midamerica_to_st_louis_lambert,MidAmerica to St. Louis Lambert,w_0115,0.1,0.6,0.3,0.0,106.07477595367712,23.31207693315346,135,hier_jaccard_016,hier_jaccard_016
stl_midamerica_to_st_louis_lambert_2026-03-09_0116,midamerica_to_st_louis_lambert,MidAmerica to St. Louis Lambert,w_0116,0.1,0.7,0.0,0.2,90.0929044869205,28.597549313823983,119,hier_jaccard_012,hier_jaccard_013
stl_midamerica_to_st_louis_lambert_2026-03-09_0117,midamerica_to_st_louis_lambert,MidAmerica to St. Louis Lambert,w_0117,0.1,0.7,0.1,0.1,125.28041524473602,26.487402171754347,170,hier_jaccard_011,hier_jaccard_010
stl_midamerica_to_st_louis_lambert_2026-03-09_0118,midamerica_to_st_louis_lambert,MidAmerica to St. Louis Lambert,w_0118,0.1,0.7,0.2,0.0,125.54812098291109,22.132267493220304,169,hier_jaccard_011,hier_jaccard_010
stl_midamerica_to_st_louis_lambert_2026-03-09_0119,midamerica_to_st_louis_lambert,MidAmerica to St. Louis Lambert,w_0119,0.1,0.8,0.0,0.1,123.24951476069776,24.614790751873656,169,hier_jaccard_017,hier_jaccard_017
stl_midamerica_to_st_louis_lambert_2026-03-09_0120,midamerica_to_st_louis_lambert,MidAmerica to St. Louis Lambert,w_0120,0.1,0.8,0.1,0.0,103.86087059981683,20.75858441315056,133,hier_jaccard_016,hier_jaccard_016
stl_midamerica_to_st_louis_lambert_2026-03-09_0121,midamerica_to_st_louis_lambert,MidAmerica to St. Louis Lambert,w_0121,0.1,0.9,0.0,0.0,118.8743179354038,18.913824738062555,163,hier_jaccard_017,hier_jaccard_017
stl_midamerica_to_st_louis_lambert_2026-03-09_0122,midamerica_to_st_louis_lambert,MidAmerica to St. Louis Lambert,w_0122,0.2,0.0,0.0,0.8,71.90057520712594,52.78624655429639,96,hier_jaccard_002,hier_jaccard_005
stl_midamerica_to_st_louis_lambert_2026-03-09_0123,midamerica_to_st_louis_lambert,MidAmerica to St. Louis Lambert,w_0123,0.2,0.0,0.1,0.7,72.4370761363649,50.18093249444004,96,hier_jaccard_002,hier_jaccard_005
stl_midamerica_to_st_louis_lambert_2026-03-09_0124,midamerica_to_st_louis_lambert,MidAmerica to St. Louis Lambert,w_0124,0.2,0.0,0.2,0.6,72.97107486094428,47.05358936872874,96,hier_jaccard_002,hier_jaccard_005
stl_midamerica_to_st_louis_lambert_2026-03-09_0125,midamerica_to_st_louis_lambert,MidAmerica to St. Louis Lambert,w_0125,0.2,0.0,0.3,0.5,72.97107486094428,43.90944536620158,96,hier_jaccard_002,hier_jaccard_005
stl_midamerica_to_st_louis_lambert_2026-03-09_0126,midamerica_to_st_louis_lambert,MidAmerica to St. Louis Lambert,w_0126,0.2,0.0,0.4,0.4,72.97107486094428,40.765301363674425,96,hier_jaccard_002,hier_jaccard_005
stl_midamerica_to_st_louis_lambert_2026-03-09_0127,midamerica_to_st_louis_lambert,MidAmerica to St. Louis Lambert,w_0127,0.2,0.0,0.5,0.3,72.97107486094428,37.62115736114727,96,hier_jaccard_002,hier_jaccard_005
stl_midamerica_to_st_louis_lambert_2026-03-09_0128,midamerica_to_st_louis_lambert,MidAmerica to St. Louis Lambert,w_0128,0.2,0.0,0.6,0.2,72.97107486094428,34.477013358620106,96,hier_jaccard_002,hier_jaccard_005
stl_midamerica_to_st_louis_lambert_2026-03-09_0129,midamerica_to_st_louis_lambert,MidAmerica to St. Louis Lambert,w_0129,0.2,0.0,0.7,0.1,76.2506470306395,30.975356831258203,102,hier_jaccard_008,hier_jaccard_008
stl_midamerica_to_st_louis_lambert_2026-03-09_0130,midamerica_to_st_louis_lambert,MidAmerica to St. Louis Lambert,w_0130,0.2,0.0,0.8,0.0,77.00013205480751,25.303841398790155,104,hier_jaccard_008,hier_jaccard_008
stl_midamerica_to_st_louis_lambert_2026-03-09_0131,midamerica_to_st_louis_lambert,MidAmerica to St. Louis Lambert,w_0131,0.2,0.1,0.0,0.7,73.35714512830332,51.307063359196015,97,hier_jaccard_005,hier_jaccard_004
stl_midamerica_to_st_louis_lambert_2026-03-09_0132,midamerica_to_st_louis_lambert,MidAmerica to St. Louis Lambert,w_0132,0.2,0.1,0.1,0.6,73.35626714878508,49.329847791316624,97,hier_jaccard_006,hier_jaccard_006
stl_midamerica_to_st_louis_lambert_2026-03-09_0133,midamerica_to_st_louis_lambert,MidAmerica to St. Louis Lambert,w_0133,0.2,0.1,0.2,0.5,74.94901752317246,46.872916726880376,97,hier_jaccard_006,hier_jaccard_006
stl_midamerica_to_st_louis_lambert_2026-03-09_0134,midamerica_to_st_louis_lambert,MidAmerica to St. Louis Lambert,w_0134,0.2,0.1,0.3,0.4,75.48123615009634,43.85478801996452,97,hier_jaccard_006,hier_jaccard_006
stl_midamerica_to_st_louis_lambert_2026-03-09_0135,midamerica_to_st_louis_lambert,MidAmerica to St. Louis Lambert,w_0135,0.2,0.1,0.4,0.3,74.9531543770311,40.67824053165164,97,hier_jaccard_006,hier_jaccard_006
stl_midamerica_to_st_louis_lambert_2026-03-09_0136,midamerica_to_st_louis_lambert,MidAmerica to St. Louis Lambert,w_0136,0.2,0.1,0.5,0.2,74.96727491644191,37.35189954498544,97,hier_jaccard_004,hier_jaccard_003
stl_midamerica_to_st_louis_lambert_2026-03-09_0137,midamerica_to_st_louis_lambert,MidAmerica to St. Louis Lambert,w_0137,0.2,0.1,0.6,0.1,74.96727491644191,33.96457668376394,97,hier_jaccard_004,hier_jaccard_003
stl_midamerica_to_st_louis_lambert_2026-03-09_0138,midamerica_to_st_louis_lambert,MidAmerica to St. Louis Lambert,w_0138,0.2,0.1,0.7,0.0,83.52430521527806,29.32873772781469,103,hier_jaccard_010,hier_jaccard_009
stl_midamerica_to_st_louis_lambert_2026-03-09_0139,midamerica_to_st_louis_lambert,MidAmerica to St. Louis Lambert,w_0139,0.2,0.2,0.0,0.6,74.42461752704692,48.78737231353273,97,hier_jaccard_005,hier_jaccard_004
stl_midamerica_to_st_louis_lambert_2026-03-09_0140,midamerica_to_st_louis_lambert,MidAmerica to St. Louis Lambert,w_0140,0.2,0.2,0.1,0.5,73.36109309959096,46.97898526133152,97,hier_jaccard_005,hier_jaccard_004
stl_midamerica_to_st_louis_lambert_2026-03-09_0141,midamerica_to_st_louis_lambert,MidAmerica to St. Louis Lambert,w_0141,0.2,0.2,0.2,0.4,74.95899448329412,44.672553031237314,97,hier_jaccard_005,hier_jaccard_004
stl_midamerica_to_st_louis_lambert_2026-03-09_0142,midamerica_to_st_louis_lambert,MidAmerica to St. Louis Lambert,w_0142,0.2,0.2,0.3,0.3,74.96748345868602,41.50715172377821,97,hier_jaccard_004,hier_jaccard_003
stl_midamerica_to_st_louis_lambert_2026-03-09_0143,midamerica_to_st_louis_lambert,MidAmerica to St. Louis Lambert,w_0143,0.2,0.2,0.4,0.2,74.96748345868602,38.14977621038928,97,hier_jaccard_004,hier_jaccard_003
stl_midamerica_to_st_louis_lambert_2026-03-09_0144,midamerica_to_st_louis_lambert,MidAmerica to St. Louis Lambert,w_0144,0.2,0.2,0.5,0.1,75.5002543350929,34.7801888202309,97,hier_jaccard_004,hier_jaccard_003
stl_midamerica_to_st_louis_lambert_2026-03-09_0145,midamerica_to_st_louis_lambert,MidAmerica to St. Louis Lambert,w_0145,0.2,0.2,0.6,0.0,81.12135933204374,31.10541326413222,98,hier_jaccard_010,hier_jaccard_009
stl_midamerica_to_st_louis_lambert_2026-03-09_0146,midamerica_to_st_louis_lambert,MidAmerica to St. Louis Lambert,w_0146,0.2,0.3,0.0,0.5,74.42492977850672,46.18031285298394,97,hier_jaccard_005,hier_jaccard_004
stl_midamerica_to_st_louis_lambert_2026-03-09_0147,midamerica_to_st_louis_lambert,MidAmerica to St. Louis Lambert,w_0147,0.2,0.3,0.1,0.4,73.73668069407888,44.33310724620717,98,hier_jaccard_005,hier_jaccard_004
stl_midamerica_to_st_louis_lambert_2026-03-09_0148,midamerica_to_st_louis_lambert,MidAmerica to St. Louis Lambert,w_0148,0.2,0.3,0.2,0.3,74.44045522435977,41.88723862027106,97,hier_jaccard_001,hier_jaccard_001
stl_midamerica_to_st_louis_lambert_2026-03-09_0149,midamerica_to_st_louis_lambert,MidAmerica to St. Louis Lambert,w_0149,0.2,0.3,0.3,0.2,74.97406193706098,38.77254927011789,97,hier_jaccard_001,hier_jaccard_001
stl_midamerica_to_st_louis_lambert_2026-03-09_0150,midamerica_to_st_louis_lambert,MidAmerica to St. Louis Lambert,w_0150,0.2,0.3,0.4,0.1,75.56553142175181,35.43862268832917,100,hier_jaccard_001,hier_jaccard_001
stl_midamerica_to_st_louis_lambert_2026-03-09_0151,midamerica_to_st_louis_lambert,MidAmerica to St. Louis Lambert,w_0151,0.2,0.3,0.5,0.0,76.09899403353525,31.922441679659254,100,hier_jaccard_001,hier_jaccard_001
stl_midamerica_to_st_louis_lambert_2026-03-09_0152,midamerica_to_st_louis_lambert,MidAmerica to St. Louis Lambert,w_0152,0.2,0.4,0.0,0.4,73.74264765764532,43.145037015189416,98,hier_jaccard_001,hier_jaccard_001
stl_midamerica_to_st_louis_lambert_2026-03-09_0153,midamerica_to_st_louis_lambert,MidAmerica to St. Louis Lambert,w_0153,0.2,0.4,0.1,0.3,73.74261976012805,41.04733519416375,98,hier_jaccard_001,hier_jaccard_001
stl_midamerica_to_st_louis_lambert_2026-03-09_0154,midamerica_to_st_louis_lambert,MidAmerica to St. Louis Lambert,w_0154,0.2,0.4,0.2,0.2,75.56525128677036,38.64031534755702,100,hier_jaccard_001,hier_jaccard_001
stl_midamerica_to_st_louis_lambert_2026-03-09_0155,midamerica_to_st_louis_lambert,MidAmerica to St. Louis Lambert,w_0155,0.2,0.4,0.3,0.1,76.09885799947156,35.42562599740385,100,hier_jaccard_001,hier_jaccard_001
stl_midamerica_to_st_louis_lambert_2026-03-09_0156,midamerica_to_st_louis_lambert,MidAmerica to St. Louis Lambert,w_0156,0.2,0.4,0.4,0.0,76.09889720554438,32.16884580841589,100,hier_jaccard_001,hier_jaccard_001
stl_midamerica_to_st_louis_lambert_2026-03-09_0157,midamerica_to_st_louis_lambert,MidAmerica to St. Louis Lambert,w_0157,0.2,0.5,0.0,0.3,74.86744372005592,39.65898568705563,101,hier_jaccard_001,hier_jaccard_001
stl_midamerica_to_st_louis_lambert_2026-03-09_0158,midamerica_to_st_louis_lambert,MidAmerica to St. Louis Lambert,w_0158,0.2,0.5,0.1,0.2,75.40144413870328,37.4605964986702,101,hier_jaccard_001,hier_jaccard_001
stl_midamerica_to_st_louis_lambert_2026-03-09_0159,midamerica_to_st_louis_lambert,MidAmerica to St. Louis Lambert,w_0159,0.2,0.5,0.2,0.1,75.4012880391145,35.013191600016675,101,hier_jaccard_001,hier_jaccard_001
stl_midamerica_to_st_louis_lambert_2026-03-09_0160,midamerica_to_st_louis_lambert,MidAmerica to St. Louis Lambert,w_0160,0.2,0.5,0.3,0.0,76.09889720554438,31.95107700002044,100,hier_jaccard_001,hier_jaccard_001
stl_midamerica_to_st_louis_lambert_2026-03-09_0161,midamerica_to_st_louis_lambert,MidAmerica to St. Louis Lambert,w_0161,0.2,0.6,0.0,0.2,75.4023021768558,35.898320074999006,101,hier_jaccard_001,hier_jaccard_001
stl_midamerica_to_st_louis_lambert_2026-03-09_0162,midamerica_to_st_louis_lambert,MidAmerica to St. Louis Lambert,w_0162,0.2,0.6,0.1,0.1,75.40144413870328,33.71744085904947,101,hier_jaccard_001,hier_jaccard_001
stl_midamerica_to_st_louis_lambert_2026-03-09_0163,midamerica_to_st_louis_lambert,MidAmerica to St. Louis Lambert,w_0163,0.2,0.6,0.2,0.0,75.92858548649299,31.23429708982273,101,hier_jaccard_001,hier_jaccard_001
stl_midamerica_to_st_louis_lambert_2026-03-09_0164,midamerica_to_st_louis_lambert,MidAmerica to St. Louis Lambert,w_0164,0.2,0.7,0.0,0.1,75.4023021768558,32.128536428975,101,hier_jaccard_001,hier_jaccard_001
stl_midamerica_to_st_louis_lambert_2026-03-09_0165,midamerica_to_st_louis_lambert,MidAmerica to St. Louis Lambert,w_0165,0.2,0.7,0.1,0.0,75.92874158608177,29.879624560960988,101,hier_jaccard_001,hier_jaccard_001
stl_midamerica_to_st_louis_lambert_2026-03-09_0166,midamerica_to_st_louis_lambert,MidAmerica to St. Louis Lambert,w_0166,0.2,0.8,0.0,0.0,75.92959962423426,28.233988460680187,101,hier_jaccard_001,hier_jaccard_001
stl_midamerica_to_st_louis_lambert_2026-03-09_0167,midamerica_to_st_louis_lambert,MidAmerica to St. Louis Lambert,w_0167,0.25,0.25,0.25,0.25,73.89999017220808,43.3779559492479,97,hier_jaccard_004,hier_jaccard_003
stl_midamerica_to_st_louis_lambert_2026-03-09_0168,midamerica_to_st_louis_lambert,MidAmerica to St. Louis Lambert,w_0168,0.3,0.0,0.0,0.7,71.90057520712594,56.07936983144455,96,hier_jaccard_002,hier_jaccard_005
stl_midamerica_to_st_louis_lambert_2026-03-09_0169,midamerica_to_st_louis_lambert,MidAmerica to St. Louis Lambert,w_0169,0.3,0.0,0.1,0.6,71.90559570804638,53.46815083831443,96,hier_jaccard_002,hier_jaccard_005
stl_midamerica_to_st_louis_lambert_2026-03-09_0170,midamerica_to_st_louis_lambert,MidAmerica to St. Louis Lambert,w_0170,0.3,0.0,0.2,0.5,72.97107486094428,50.42452805562024,96,hier_jaccard_002,hier_jaccard_005
stl_midamerica_to_st_louis_lambert_2026-03-09_0171,midamerica_to_st_louis_lambert,MidAmerica to St. Louis Lambert,w_0171,0.3,0.0,0.3,0.4,72.97107486094428,47.28038405309309,96,hier_jaccard_002,hier_jaccard_005
stl_midamerica_to_st_louis_lambert_2026-03-09_0172,midamerica_to_st_louis_lambert,MidAmerica to St. Louis Lambert,w_0172,0.3,0.0,0.4,0.3,72.97107486094428,44.13624005056593,96,hier_jaccard_002,hier_jaccard_005
stl_midamerica_to_st_louis_lambert_2026-03-09_0173,midamerica_to_st_louis_lambert,MidAmerica to St. Louis Lambert,w_0173,0.3,0.0,0.5,0.2,72.97107486094428,40.992096048038775,96,hier_jaccard_002,hier_jaccard_005
stl_midamerica_to_st_louis_lambert_2026-03-09_0174,midamerica_to_st_louis_lambert,MidAmerica to St. Louis Lambert,w_0174,0.3,0.0,0.6,0.1,72.97107486094428,37.84795204551161,96,hier_jaccard_002,hier_jaccard_005
stl_midamerica_to_st_louis_lambert_2026-03-09_0175,midamerica_to_st_louis_lambert,MidAmerica to St. Louis Lambert,w_0175,0.3,0.0,0.7,0.0,77.00013205480751,32.73381433229831,104,hier_jaccard_008,hier_jaccard_008
stl_midamerica_to_st_louis_lambert_2026-03-09_0176,midamerica_to_st_louis_lambert,MidAmerica to St. Louis Lambert,w_0176,0.3,0.1,0.0,0.6,72.44740305679663,54.63076394129871,96,hier_jaccard_005,hier_jaccard_004
stl_midamerica_to_st_louis_lambert_2026-03-09_0177,midamerica_to_st_louis_lambert,MidAmerica to St. Louis Lambert,w_0177,0.3,0.1,0.1,0.5,72.2933389429518,52.70169211618723,97,hier_jaccard_005,hier_jaccard_004
stl_midamerica_to_st_louis_lambert_2026-03-09_0178,midamerica_to_st_louis_lambert,MidAmerica to St. Louis Lambert,w_0178,0.3,0.1,0.2,0.4,72.82555074812092,50.28050949304657,97,hier_jaccard_006,hier_jaccard_006
stl_midamerica_to_st_louis_lambert_2026-03-09_0179,midamerica_to_st_louis_lambert,MidAmerica to St. Louis Lambert,w_0179,0.3,0.1,0.3,0.3,73.36732338081916,47.15501007784134,97,hier_jaccard_004,hier_jaccard_003
stl_midamerica_to_st_louis_lambert_2026-03-09_0180,midamerica_to_st_louis_lambert,MidAmerica to St. Louis Lambert,w_0180,0.3,0.1,0.4,0.2,73.9003223713432,43.83457542549132,97,hier_jaccard_004,hier_jaccard_003
stl_midamerica_to_st_louis_lambert_2026-03-09_0181,midamerica_to_st_louis_lambert,MidAmerica to St. Louis Lambert,w_0181,0.3,0.1,0.5,0.1,73.9003223713432,40.49776079728132,97,hier_jaccard_004,hier_jaccard_003
stl_midamerica_to_st_louis_lambert_2026-03-09_0182,midamerica_to_st_louis_lambert,MidAmerica to St. Louis Lambert,w_0182,0.3,0.1,0.6,0.0,73.8490705682675,36.48293474049354,97,hier_jaccard_008,hier_jaccard_008
stl_midamerica_to_st_louis_lambert_2026-03-09_0183,midamerica_to_st_louis_lambert,MidAmerica to St. Louis Lambert,w_0183,0.3,0.2,0.0,0.5,72.29260468015718,52.14938056079359,97,hier_jaccard_005,hier_jaccard_004
stl_midamerica_to_st_louis_lambert_2026-03-09_0184,midamerica_to_st_louis_lambert,MidAmerica to St. Louis Lambert,w_0184,0.3,0.2,0.1,0.4,72.82675606716661,50.25747437207839,97,hier_jaccard_005,hier_jaccard_004
stl_midamerica_to_st_louis_lambert_2026-03-09_0185,midamerica_to_st_louis_lambert,MidAmerica to St. Louis Lambert,w_0185,0.3,0.2,0.2,0.3,72.83378060354633,47.78938364319316,97,hier_jaccard_004,hier_jaccard_003
stl_midamerica_to_st_louis_lambert_2026-03-09_0186,midamerica_to_st_louis_lambert,MidAmerica to St. Louis Lambert,w_0186,0.3,0.2,0.3,0.2,73.36724506254643,44.65444080178694,97,hier_jaccard_004,hier_jaccard_003
stl_midamerica_to_st_louis_lambert_2026-03-09_0187,midamerica_to_st_louis_lambert,MidAmerica to St. Louis Lambert,w_0187,0.3,0.2,0.4,0.1,73.9003223713432,41.33678420946896,97,hier_jaccard_004,hier_jaccard_003
stl_midamerica_to_st_louis_lambert_2026-03-09_0188,midamerica_to_st_louis_lambert,MidAmerica to St. Louis Lambert,w_0188,0.3,0.2,0.5,0.0,73.52013006040353,37.81379717925787,96,hier_jaccard_004,hier_jaccard_003
stl_midamerica_to_st_louis_lambert_2026-03-09_0189,midamerica_to_st_louis_lambert,MidAmerica to St. Louis Lambert,w_0189,0.3,0.3,0.0,0.4,73.36151770044673,49.45678128714722,97,hier_jaccard_005,hier_jaccard_004
stl_midamerica_to_st_louis_lambert_2026-03-09_0190,midamerica_to_st_louis_lambert,MidAmerica to St. Louis Lambert,w_0190,0.3,0.3,0.1,0.3,73.20986409734898,47.423420798960336,98,hier_jaccard_001,hier_jaccard_001
stl_midamerica_to_st_louis_lambert_2026-03-09_0191,midamerica_to_st_louis_lambert,MidAmerica to St. Louis Lambert,w_0191,0.3,0.3,0.2,0.2,73.37239157198773,44.83833265165718,97,hier_jaccard_001,hier_jaccard_001
stl_midamerica_to_st_louis_lambert_2026-03-09_0192,midamerica_to_st_louis_lambert,MidAmerica to St. Louis Lambert,w_0192,0.3,0.3,0.3,0.1,73.3726343506861,41.75203182912393,97,hier_jaccard_001,hier_jaccard_001
stl_midamerica_to_st_louis_lambert_2026-03-09_0193,midamerica_to_st_louis_lambert,MidAmerica to St. Louis Lambert,w_0193,0.3,0.3,0.4,0.0,75.56557062782463,38.47037228640715,100,hier_jaccard_001,hier_jaccard_001
stl_midamerica_to_st_louis_lambert_2026-03-09_0194,midamerica_to_st_louis_lambert,MidAmerica to St. Louis Lambert,w_0194,0.3,0.4,0.0,0.3,73.20858031824217,46.16443143884134,98,hier_jaccard_001,hier_jaccard_001
stl_midamerica_to_st_louis_lambert_2026-03-09_0195,midamerica_to_st_louis_lambert,MidAmerica to St. Louis Lambert,w_0195,0.3,0.4,0.1,0.2,73.20986409734898,44.01062614524555,98,hier_jaccard_001,hier_jaccard_001
stl_midamerica_to_st_louis_lambert_2026-03-09_0196,midamerica_to_st_louis_lambert,MidAmerica to St. Louis Lambert,w_0196,0.3,0.4,0.2,0.1,75.03117205269261,41.65823855356823,100,hier_jaccard_001,hier_jaccard_001
stl_midamerica_to_st_louis_lambert_2026-03-09_0197,midamerica_to_st_louis_lambert,MidAmerica to St. Louis Lambert,w_0197,0.3,0.4,0.3,0.0,75.56529049284316,38.49415369166347,100,hier_jaccard_001,hier_jaccard_001
stl_midamerica_to_st_louis_lambert_2026-03-09_0198,midamerica_to_st_louis_lambert,MidAmerica to St. Louis Lambert,w_0198,0.3,0.5,0.0,0.2,74.86810400551238,42.6590211481419,101,hier_jaccard_001,hier_jaccard_001
stl_midamerica_to_st_louis_lambert_2026-03-09_0199,midamerica_to_st_louis_lambert,MidAmerica to St. Louis Lambert,w_0199,0.3,0.5,0.1,0.1,74.86868847592423,40.46645180010651,101,hier_jaccard_001,hier_jaccard_001
stl_midamerica_to_st_louis_lambert_2026-03-09_0200,midamerica_to_st_louis_lambert,MidAmerica to St. Louis Lambert,w_0200,0.3,0.5,0.2,0.0,75.4013272451873,38.03037264759844,101,hier_jaccard_001,hier_jaccard_001
stl_midamerica_to_st_louis_lambert_2026-03-09_0201,midamerica_to_st_louis_lambert,MidAmerica to St. Louis Lambert,w_0201,0.3,0.6,0.0,0.1,74.86810400551238,38.91099397045279,101,hier_jaccard_001,hier_jaccard_001
stl_midamerica_to_st_louis_lambert_2026-03-09_0202,midamerica_to_st_louis_lambert,MidAmerica to St. Louis Lambert,w_0202,0.3,0.6,0.1,0.0,74.86872768199703,36.67383159286912,101,hier_jaccard_001,hier_jaccard_001
stl_midamerica_to_st_louis_lambert_2026-03-09_0203,midamerica_to_st_louis_lambert,MidAmerica to St. Louis Lambert,w_0203,0.3,0.7,0.0,0.0,74.86814321158518,35.10525597310332,101,hier_jaccard_001,hier_jaccard_001
stl_midamerica_to_st_louis_lambert_2026-03-09_0204,midamerica_to_st_louis_lambert,MidAmerica to St. Louis Lambert,w_0204,0.4,0.0,0.0,0.6,71.90057520712594,59.372493108592735,96,hier_jaccard_002,hier_jaccard_005
stl_midamerica_to_st_louis_lambert_2026-03-09_0205,midamerica_to_st_louis_lambert,MidAmerica to St. Louis Lambert,w_0205,0.4,0.0,0.1,0.5,71.90559570804638,56.7218266540561,96,hier_jaccard_002,hier_jaccard_005
stl_midamerica_to_st_louis_lambert_2026-03-09_0206,midamerica_to_st_louis_lambert,MidAmerica to St. Louis Lambert,w_0206,0.4,0.0,0.2,0.4,72.43863704487234,53.777031546710816,96,hier_jaccard_002,hier_jaccard_005
stl_midamerica_to_st_louis_lambert_2026-03-09_0207,midamerica_to_st_louis_lambert,MidAmerica to St. Louis Lambert,w_0207,0.4,0.0,0.3,0.3,72.97107486094428,50.6513227399846,96,hier_jaccard_002,hier_jaccard_005
stl_midamerica_to_st_louis_lambert_2026-03-09_0208,midamerica_to_st_louis_lambert,MidAmerica to St. Louis Lambert,w_0208,0.4,0.0,0.4,0.2,72.97107486094428,47.50717873745744,96,hier_jaccard_002,hier_jaccard_005
stl_midamerica_to_st_louis_lambert_2026-03-09_0209,midamerica_to_st_louis_lambert,MidAmerica to St. Louis Lambert,w_0209,0.4,0.0,0.5,0.1,72.97107486094428,44.36303473493029,96,hier_jaccard_002,hier_jaccard_005
stl_midamerica_to_st_louis_lambert_2026-03-09_0210,midamerica_to_st_louis_lambert,MidAmerica to St. Louis Lambert,w_0210,0.4,0.0,0.6,0.0,74.81551129258226,39.8868690356691,101,hier_jaccard_008,hier_jaccard_008
stl_midamerica_to_st_louis_lambert_2026-03-09_0211,midamerica_to_st_louis_lambert,MidAmerica to St. Louis Lambert,w_0211,0.4,0.1,0.0,0.5,72.29260468015718,57.86536192009764,97,hier_jaccard_005,hier_jaccard_004
stl_midamerica_to_st_louis_lambert_2026-03-09_0212,midamerica_to_st_louis_lambert,MidAmerica to St. Louis Lambert,w_0212,0.4,0.1,0.1,0.4,72.2933389429518,55.89804158243655,97,hier_jaccard_005,hier_jaccard_004
stl_midamerica_to_st_louis_lambert_2026-03-09_0213,midamerica_to_st_louis_lambert,MidAmerica to St. Louis Lambert,w_0213,0.4,0.1,0.2,0.3,71.9243144356828,53.30955664059647,96,hier_jaccard_004,hier_jaccard_003
stl_midamerica_to_st_louis_lambert_2026-03-09_0214,midamerica_to_st_louis_lambert,MidAmerica to St. Louis Lambert,w_0214,0.4,0.1,0.3,0.2,71.9243144356828,50.09484963010229,96,hier_jaccard_004,hier_jaccard_003
stl_midamerica_to_st_louis_lambert_2026-03-09_0215,midamerica_to_st_louis_lambert,MidAmerica to St. Louis Lambert,w_0215,0.4,0.1,0.4,0.1,72.45839366976055,46.83962761825923,96,hier_jaccard_004,hier_jaccard_003
stl_midamerica_to_st_louis_lambert_2026-03-09_0216,midamerica_to_st_louis_lambert,MidAmerica to St. Louis Lambert,w_0216,0.4,0.1,0.5,0.0,72.9859483917117,43.25460735746173,96,hier_jaccard_004,hier_jaccard_003
stl_midamerica_to_st_louis_lambert_2026-03-09_0217,midamerica_to_st_louis_lambert,MidAmerica to St. Louis Lambert,w_0217,0.4,0.2,0.0,0.4,72.29260468015718,55.34564921667392,97,hier_jaccard_005,hier_jaccard_004
stl_midamerica_to_st_louis_lambert_2026-03-09_0218,midamerica_to_st_louis_lambert,MidAmerica to St. Louis Lambert,w_0218,0.4,0.2,0.1,0.3,72.2999394704367,53.503398562652656,97,hier_jaccard_001,hier_jaccard_001
stl_midamerica_to_st_louis_lambert_2026-03-09_0219,midamerica_to_st_louis_lambert,MidAmerica to St. Louis Lambert,w_0219,0.4,0.2,0.2,0.2,72.83378060354633,50.765212209186416,97,hier_jaccard_004,hier_jaccard_003
stl_midamerica_to_st_louis_lambert_2026-03-09_0220,midamerica_to_st_louis_lambert,MidAmerica to St. Louis Lambert,w_0220,0.4,0.2,0.3,0.1,72.83878942559768,47.60587298203922,97,hier_jaccard_001,hier_jaccard_001
stl_midamerica_to_st_louis_lambert_2026-03-09_0221,midamerica_to_st_louis_lambert,MidAmerica to St. Louis Lambert,w_0221,0.4,0.2,0.4,0.0,72.45294940118767,44.13796005581629,96,hier_jaccard_004,hier_jaccard_003
stl_midamerica_to_st_louis_lambert_2026-03-09_0222,midamerica_to_st_louis_lambert,MidAmerica to St. Louis Lambert,w_0222,0.4,0.3,0.0,0.3,73.20858031824217,52.503209551325845,98,hier_jaccard_001,hier_jaccard_001
stl_midamerica_to_st_louis_lambert_2026-03-09_0223,midamerica_to_st_louis_lambert,MidAmerica to St. Louis Lambert,w_0223,0.4,0.3,0.1,0.2,73.20986409734898,50.38063978555019,98,hier_jaccard_001,hier_jaccard_001
stl_midamerica_to_st_louis_lambert_2026-03-09_0224,midamerica_to_st_louis_lambert,MidAmerica to St. Louis Lambert,w_0224,0.4,0.3,0.2,0.1,73.37239157198773,47.75343883788398,97,hier_jaccard_001,hier_jaccard_001
stl_midamerica_to_st_louis_lambert_2026-03-09_0225,midamerica_to_st_louis_lambert,MidAmerica to St. Louis Lambert,w_0225,0.4,0.3,0.3,0.0,72.83855511660835,44.63877211216772,97,hier_jaccard_001,hier_jaccard_001
stl_midamerica_to_st_louis_lambert_2026-03-09_0226,midamerica_to_st_louis_lambert,MidAmerica to St. Louis Lambert,w_0226,0.4,0.4,0.0,0.2,73.20963090489165,49.12283602550907,98,hier_jaccard_001,hier_jaccard_001
stl_midamerica_to_st_louis_lambert_2026-03-09_0227,midamerica_to_st_louis_lambert,MidAmerica to St. Louis Lambert,w_0227,0.4,0.4,0.1,0.1,73.20986409734898,46.9678451318354,98,hier_jaccard_001,hier_jaccard_001
stl_midamerica_to_st_louis_lambert_2026-03-09_0228,midamerica_to_st_louis_lambert,MidAmerica to St. Louis Lambert,w_0228,0.4,0.4,0.2,0.0,74.49722684047114,44.56555238494376,100,hier_jaccard_001,hier_jaccard_001
stl_midamerica_to_st_louis_lambert_2026-03-09_0229,midamerica_to_st_louis_lambert,MidAmerica to St. Louis Lambert,w_0229,0.4,0.5,0.0,0.1,74.33442696730225,45.62955092041851,101,hier_jaccard_001,hier_jaccard_001
stl_midamerica_to_st_louis_lambert_2026-03-09_0230,midamerica_to_st_louis_lambert,MidAmerica to St. Louis Lambert,w_0230,0.4,0.5,0.1,0.0,74.33489448318907,43.39178199189239,101,hier_jaccard_001,hier_jaccard_001
stl_midamerica_to_st_louis_lambert_2026-03-09_0231,midamerica_to_st_louis_lambert,MidAmerica to St. Louis Lambert,w_0231,0.4,0.6,0.0,0.0,74.86814321158518,41.86125272991381,101,hier_jaccard_001,hier_jaccard_001
stl_midamerica_to_st_louis_lambert_2026-03-09_0232,midamerica_to_st_louis_lambert,MidAmerica to St. Louis Lambert,w_0232,0.5,0.0,0.0,0.5,71.90057520712594,62.66561638574091,96,hier_jaccard_002,hier_jaccard_005
stl_midamerica_to_st_louis_lambert_2026-03-09_0233,midamerica_to_st_louis_lambert,MidAmerica to St. Louis Lambert,w_0233,0.5,0.0,0.1,0.4,71.90559570804638,59.97550246979776,96,hier_jaccard_002,hier_jaccard_005
stl_midamerica_to_st_louis_lambert_2026-03-09_0234,midamerica_to_st_louis_lambert,MidAmerica to St. Louis Lambert,w_0234,0.5,0.0,0.2,0.3,71.90559570804638,57.08262586088716,96,hier_jaccard_002,hier_jaccard_005
stl_midamerica_to_st_louis_lambert_2026-03-09_0235,midamerica_to_st_louis_lambert,MidAmerica to St. Louis Lambert,w_0235,0.5,0.0,0.3,0.2,72.97107486094428,54.022261426876106,96,hier_jaccard_002,hier_jaccard_005
stl_midamerica_to_st_louis_lambert_2026-03-09_0236,midamerica_to_st_louis_lambert,MidAmerica to St. Louis Lambert,w_0236,0.5,0.0,0.4,0.1,72.97107486094428,50.87811742434895,96,hier_jaccard_002,hier_jaccard_005
stl_midamerica_to_st_louis_lambert_2026-03-09_0237,midamerica_to_st_louis_lambert,MidAmerica to St. Louis Lambert,w_0237,0.5,0.0,0.5,0.0,72.78442166143321,46.64901181827291,97,hier_jaccard_008,hier_jaccard_008
stl_midamerica_to_st_louis_lambert_2026-03-09_0238,midamerica_to_st_louis_lambert,MidAmerica to St. Louis Lambert,w_0238,0.5,0.1,0.0,0.4,71.91755552376524,61.0509886455191,96,hier_jaccard_005,hier_jaccard_004
stl_midamerica_to_st_louis_lambert_2026-03-09_0239,midamerica_to_st_louis_lambert,MidAmerica to St. Louis Lambert,w_0239,0.5,0.1,0.1,0.3,71.91650922837874,59.06661518072213,96,hier_jaccard_005,hier_jaccard_004
stl_midamerica_to_st_louis_lambert_2026-03-09_0240,midamerica_to_st_louis_lambert,MidAmerica to St. Louis Lambert,w_0240,0.5,0.1,0.2,0.2,71.9243144356828,56.185292573367136,96,hier_jaccard_004,hier_jaccard_003
stl_midamerica_to_st_louis_lambert_2026-03-09_0241,midamerica_to_st_louis_lambert,MidAmerica to St. Louis Lambert,w_0241,0.5,0.1,0.3,0.1,71.9243144356828,52.97058556287296,96,hier_jaccard_004,hier_jaccard_003
stl_midamerica_to_st_louis_lambert_2026-03-09_0242,midamerica_to_st_louis_lambert,MidAmerica to St. Louis Lambert,w_0242,0.5,0.1,0.4,0.0,71.91887016710992,49.48523377501384,96,hier_jaccard_004,hier_jaccard_003
stl_midamerica_to_st_louis_lambert_2026-03-09_0243,midamerica_to_st_louis_lambert,MidAmerica to St. Louis Lambert,w_0243,0.5,0.2,0.0,0.3,72.29291693161697,58.52215377191452,97,hier_jaccard_005,hier_jaccard_004
stl_midamerica_to_st_louis_lambert_2026-03-09_0244,midamerica_to_st_louis_lambert,MidAmerica to St. Louis Lambert,w_0244,0.5,0.2,0.1,0.2,72.2999394704367,56.46047445963679,97,hier_jaccard_001,hier_jaccard_001
stl_midamerica_to_st_louis_lambert_2026-03-09_0245,midamerica_to_st_louis_lambert,MidAmerica to St. Louis Lambert,w_0245,0.5,0.2,0.2,0.1,72.30579945382928,53.5775182058578,97,hier_jaccard_001,hier_jaccard_001
stl_midamerica_to_st_louis_lambert_2026-03-09_0246,midamerica_to_st_louis_lambert,MidAmerica to St. Louis Lambert,w_0246,0.5,0.2,0.3,0.0,71.92372133284424,50.26173386266822,96,hier_jaccard_001,hier_jaccard_001
stl_midamerica_to_st_louis_lambert_2026-03-09_0247,midamerica_to_st_louis_lambert,MidAmerica to St. Louis Lambert,w_0247,0.5,0.3,0.0,0.2,72.30341780160983,55.45438556116171,97,hier_jaccard_001,hier_jaccard_001
stl_midamerica_to_st_louis_lambert_2026-03-09_0248,midamerica_to_st_louis_lambert,MidAmerica to St. Louis Lambert,w_0248,0.5,0.3,0.1,0.1,72.67552706492462,53.2810776468374,98,hier_jaccard_001,hier_jaccard_001
stl_midamerica_to_st_louis_lambert_2026-03-09_0249,midamerica_to_st_louis_lambert,MidAmerica to St. Louis Lambert,w_0249,0.5,0.3,0.2,0.0,71.9234870238549,50.5828385334986,96,hier_jaccard_001,hier_jaccard_001
stl_midamerica_to_st_louis_lambert_2026-03-09_0250,midamerica_to_st_louis_lambert,MidAmerica to St. Louis Lambert,w_0250,0.5,0.4,0.0,0.1,73.20963090489165,52.04002934776096,98,hier_jaccard_001,hier_jaccard_001
stl_midamerica_to_st_louis_lambert_2026-03-09_0251,midamerica_to_st_louis_lambert,MidAmerica to St. Louis Lambert,w_0251,0.5,0.4,0.1,0.0,73.20998118452992,49.91880560129553,98,hier_jaccard_001,hier_jaccard_001
stl_midamerica_to_st_louis_lambert_2026-03-09_0252,midamerica_to_st_louis_lambert,MidAmerica to St. Louis Lambert,w_0252,0.5,0.5,0.0,0.0,74.33446617337505,48.52932563750086,101,hier_jaccard_001,hier_jaccard_001
stl_midamerica_to_st_louis_lambert_2026-03-09_0253,midamerica_to_st_louis_lambert,MidAmerica to St. Louis Lambert,w_0253,0.6,0.0,0.0,0.4,71.90057520712594,65.95873966288909,96,hier_jaccard_002,hier_jaccard_005
stl_midamerica_to_st_louis_lambert_2026-03-09_0254,midamerica_to_st_louis_lambert,MidAmerica to St. Louis Lambert,w_0254,0.6,0.0,0.1,0.3,71.90559570804638,63.22917828553943,96,hier_jaccard_002,hier_jaccard_005
stl_midamerica_to_st_louis_lambert_2026-03-09_0255,midamerica_to_st_louis_lambert,MidAmerica to St. Louis Lambert,w_0255,0.6,0.0,0.2,0.2,71.90559570804638,60.33630167662883,96,hier_jaccard_002,hier_jaccard_005
stl_midamerica_to_st_louis_lambert_2026-03-09_0256,midamerica_to_st_louis_lambert,MidAmerica to St. Louis Lambert,w_0256,0.6,0.0,0.3,0.1,72.43670483208474,57.29218488109327,96,hier_jaccard_002,hier_jaccard_005
stl_midamerica_to_st_louis_lambert_2026-03-09_0257,midamerica_to_st_louis_lambert,MidAmerica to St. Louis Lambert,w_0257,0.6,0.0,0.4,0.0,72.78442166143321,53.3400020450446,97,hier_jaccard_008,hier_jaccard_008
stl_midamerica_to_st_louis_lambert_2026-03-09_0258,midamerica_to_st_louis_lambert,MidAmerica to St. Louis Lambert,w_0258,0.6,0.1,0.0,0.3,71.91755552376524,64.20598071632385,96,hier_jaccard_005,hier_jaccard_004
stl_midamerica_to_st_louis_lambert_2026-03-09_0259,midamerica_to_st_louis_lambert,MidAmerica to St. Louis Lambert,w_0259,0.6,0.1,0.1,0.2,71.91782886940398,62.17585483398421,96,hier_jaccard_005,hier_jaccard_004
stl_midamerica_to_st_louis_lambert_2026-03-09_0260,midamerica_to_st_louis_lambert,MidAmerica to St. Louis Lambert,w_0260,0.6,0.1,0.2,0.1,71.9243144356828,59.06102850613779,96,hier_jaccard_004,hier_jaccard_003
stl_midamerica_to_st_louis_lambert_2026-03-09_0261,midamerica_to_st_louis_lambert,MidAmerica to St. Louis Lambert,w_0261,0.6,0.1,0.3,0.0,71.91887016710992,55.57507754131457,96,hier_jaccard_004,hier_jaccard_003
stl_midamerica_to_st_louis_lambert_2026-03-09_0262,midamerica_to_st_louis_lambert,MidAmerica to St. Louis Lambert,w_0262,0.6,0.2,0.0,0.2,72.30002205185355,61.54267640356343,97,hier_jaccard_001,hier_jaccard_001
stl_midamerica_to_st_louis_lambert_2026-03-09_0263,midamerica_to_st_louis_lambert,MidAmerica to St. Louis Lambert,w_0263,0.6,0.2,0.1,0.1,72.30548640763108,59.30112817072912,97,hier_jaccard_001,hier_jaccard_001
stl_midamerica_to_st_louis_lambert_2026-03-09_0264,midamerica_to_st_louis_lambert,MidAmerica to St. Louis Lambert,w_0264,0.6,0.2,0.2,0.0,71.9234870238549,56.179133414979006,96,hier_jaccard_001,hier_jaccard_001
stl_midamerica_to_st_louis_lambert_2026-03-09_0265,midamerica_to_st_louis_lambert,MidAmerica to St. Louis Lambert,w_0265,0.6,0.3,0.0,0.1,72.30407808706627,58.30438295000542,97,hier_jaccard_001,hier_jaccard_001
stl_midamerica_to_st_louis_lambert_2026-03-09_0266,midamerica_to_st_louis_lambert,MidAmerica to St. Louis Lambert,w_0266,0.6,0.3,0.1,0.0,72.3058373632918,56.11615584279637,97,hier_jaccard_001,hier_jaccard_001
stl_midamerica_to_st_louis_lambert_2026-03-09_0267,midamerica_to_st_louis_lambert,MidAmerica to St. Louis Lambert,w_0267,0.6,0.4,0.0,0.0,72.67568351997362,54.9513864063023,98,hier_jaccard_001,hier_jaccard_001
stl_midamerica_to_st_louis_lambert_2026-03-09_0268,midamerica_to_st_louis_lambert,MidAmerica to St. Louis Lambert,w_0268,0.7,0.0,0.0,0.3,71.90057520712594,69.25186294003726,96,hier_jaccard_002,hier_jaccard_005
stl_midamerica_to_st_louis_lambert_2026-03-09_0269,midamerica_to_st_louis_lambert,MidAmerica to St. Louis Lambert,w_0269,0.7,0.0,0.1,0.2,71.90559570804638,66.48285410128109,96,hier_jaccard_002,hier_jaccard_005
stl_midamerica_to_st_louis_lambert_2026-03-09_0270,midamerica_to_st_louis_lambert,MidAmerica to St. Louis Lambert,w_0270,0.7,0.0,0.2,0.1,71.90366349525878,63.57376457551696,96,hier_jaccard_002,hier_jaccard_005
stl_midamerica_to_st_louis_lambert_2026-03-09_0271,midamerica_to_st_louis_lambert,MidAmerica to St. Louis Lambert,w_0271,0.7,0.0,0.3,0.0,72.78442166143321,60.03099227181629,97,hier_jaccard_008,hier_jaccard_008
stl_midamerica_to_st_louis_lambert_2026-03-09_0272,midamerica_to_st_louis_lambert,MidAmerica to St. Louis Lambert,w_0272,0.7,0.1,0.0,0.2,71.91755552376524,67.3609727871286,96,hier_jaccard_005,hier_jaccard_004
stl_midamerica_to_st_louis_lambert_2026-03-09_0273,midamerica_to_st_louis_lambert,MidAmerica to St. Louis Lambert,w_0273,0.7,0.1,0.1,0.1,71.93075029743736,65.0853077195554,96,hier_jaccard_001,hier_jaccard_001
stl_midamerica_to_st_louis_lambert_2026-03-09_0274,midamerica_to_st_louis_lambert,MidAmerica to St. Louis Lambert,w_0274,0.7,0.1,0.2,0.0,71.91887016710992,61.664921307615295,96,hier_jaccard_004,hier_jaccard_003
stl_midamerica_to_st_louis_lambert_2026-03-09_0275,midamerica_to_st_louis_lambert,MidAmerica to St. Louis Lambert,w_0275,0.7,0.2,0.0,0.1,72.30407808706627,64.44884943552863,97,hier_jaccard_001,hier_jaccard_001
stl_midamerica_to_st_louis_lambert_2026-03-09_0276,midamerica_to_st_louis_lambert,MidAmerica to St. Louis Lambert,w_0276,0.7,0.2,0.1,0.0,71.9231739776567,61.9839713482385,96,hier_jaccard_001,hier_jaccard_001
stl_midamerica_to_st_louis_lambert_2026-03-09_0277,midamerica_to_st_louis_lambert,MidAmerica to St. Louis Lambert,w_0277,0.7,0.3,0.0,0.0,72.30407808706627,61.14191432851375,97,hier_jaccard_001,hier_jaccard_001
stl_midamerica_to_st_louis_lambert_2026-03-09_0278,midamerica_to_st_louis_lambert,MidAmerica to St. Louis Lambert,w_0278,0.8,0.0,0.0,0.2,71.90057520712594,72.54498621718544,96,hier_jaccard_002,hier_jaccard_005
stl_midamerica_to_st_louis_lambert_2026-03-09_0279,midamerica_to_st_louis_lambert,MidAmerica to St. Louis Lambert,w_0279,0.8,0.0,0.1,0.1,71.90559570804638,69.73652991702278,96,hier_jaccard_002,hier_jaccard_005
stl_midamerica_to_st_louis_lambert_2026-03-09_0280,midamerica_to_st_louis_lambert,MidAmerica to St. Louis Lambert,w_0280,0.8,0.0,0.2,0.0,71.89584873922834,66.54607850864721,96,hier_jaccard_018,hier_jaccard_021
stl_midamerica_to_st_louis_lambert_2026-03-09_0281,midamerica_to_st_louis_lambert,MidAmerica to St. Louis Lambert,w_0281,0.8,0.1,0.0,0.1,71.92497289546162,70.42229144411164,96,hier_jaccard_001,hier_jaccard_001
stl_midamerica_to_st_louis_lambert_2026-03-09_0282,midamerica_to_st_louis_lambert,MidAmerica to St. Louis Lambert,w_0282,0.8,0.1,0.1,0.0,71.9234870238549,67.66779106123047,96,hier_jaccard_001,hier_jaccard_001
stl_midamerica_to_st_louis_lambert_2026-03-09_0283,midamerica_to_st_louis_lambert,MidAmerica to St. Louis Lambert,w_0283,0.8,0.2,0.0,0.0,71.92164999407072,67.25269820369138,96,hier_jaccard_001,hier_jaccard_001
stl_midamerica_to_st_louis_lambert_2026-03-09_0284,midamerica_to_st_louis_lambert,MidAmerica to St. Louis Lambert,w_0284,0.9,0.0,0.0,0.1,71.90057520712594,75.83810949433362,96,hier_jaccard_002,hier_jaccard_005
stl_midamerica_to_st_louis_lambert_2026-03-09_0285,midamerica_to_st_louis_lambert,MidAmerica to St. Louis Lambert,w_0285,0.9,0.0,0.1,0.0,71.89584873922834,72.83605474827527,96,hier_jaccard_018,hier_jaccard_021
stl_midamerica_to_st_louis_lambert_2026-03-09_0286,midamerica_to_st_louis_lambert,MidAmerica to St. Louis Lambert,w_0286,0.9,0.1,0.0,0.0,71.92164999407072,73.20356257054824,96,hier_jaccard_001,hier_jaccard_001
stl_midamerica_to_st_louis_lambert_2026-03-09_0287,midamerica_to_st_louis_lambert,MidAmerica to St. Louis Lambert,w_0287,1.0,0.0,0.0,0.0,71.87414934300483,79.10214939907578,96,hier_jaccard_022,hier_jaccard_022
stl_midamerica_to_st_louis_union_station_2026-03-09_0001,midamerica_to_st_louis_union_station,MidAmerica to St. Louis Union Station,w_0001,0.0,0.0,0.0,1.0,74.84549698294418,21.60000000000001,89,hier_jaccard_013,hier_jaccard_013
stl_midamerica_to_st_louis_union_station_2026-03-09_0002,midamerica_to_st_louis_union_station,MidAmerica to St. Louis Union Station,w_0002,0.0,0.0,0.1,0.9,79.53180564495746,19.89816162399867,98,hier_jaccard_010,hier_jaccard_012
stl_midamerica_to_st_louis_union_station_2026-03-09_0003,midamerica_to_st_louis_union_station,MidAmerica to St. Louis Union Station,w_0003,0.0,0.0,0.2,0.8,79.53180564495746,18.19632324799733,98,hier_jaccard_010,hier_jaccard_012
stl_midamerica_to_st_louis_union_station_2026-03-09_0004,midamerica_to_st_louis_union_station,MidAmerica to St. Louis Union Station,w_0004,0.0,0.0,0.3,0.7,79.53180564495746,16.49448487199599,98,hier_jaccard_010,hier_jaccard_012
stl_midamerica_to_st_louis_union_station_2026-03-09_0005,midamerica_to_st_louis_union_station,MidAmerica to St. Louis Union Station,w_0005,0.0,0.0,0.4,0.6,79.53180564495746,14.79264649599465,98,hier_jaccard_010,hier_jaccard_012
stl_midamerica_to_st_louis_union_station_2026-03-09_0006,midamerica_to_st_louis_union_station,MidAmerica to St. Louis Union Station,w_0006,0.0,0.0,0.5,0.5,79.53180564495746,13.09080811999331,98,hier_jaccard_010,hier_jaccard_012
stl_midamerica_to_st_louis_union_station_2026-03-09_0007,midamerica_to_st_louis_union_station,MidAmerica to St. Louis Union Station,w_0007,0.0,0.0,0.6,0.4,79.53180564495746,11.388969743991971,98,hier_jaccard_010,hier_jaccard_012
stl_midamerica_to_st_louis_union_station_2026-03-09_0008,midamerica_to_st_louis_union_station,MidAmerica to St. Louis Union Station,w_0008,0.0,0.0,0.7,0.3,79.53180564495746,9.687131367990627,98,hier_jaccard_010,hier_jaccard_012
stl_midamerica_to_st_louis_union_station_2026-03-09_0009,midamerica_to_st_louis_union_station,MidAmerica to St. Louis Union Station,w_0009,0.0,0.0,0.8,0.2,82.13408855115941,7.670713644573693,99,hier_jaccard_014,hier_jaccard_014
stl_midamerica_to_st_louis_union_station_2026-03-09_0010,midamerica_to_st_louis_union_station,MidAmerica to St. Louis Union Station,w_0010,0.0,0.0,0.9,0.1,75.84204086308692,4.959366420054334,91,hier_jaccard_010,hier_jaccard_012
stl_midamerica_to_st_louis_union_station_2026-03-09_0011,midamerica_to_st_louis_union_station,MidAmerica to St. Louis Union Station,w_0011,0.0,0.0,1.0,0.0,67.47757876006419,1.854439147574496,80,hier_jaccard_015,hier_jaccard_015
stl_midamerica_to_st_louis_union_station_2026-03-09_0012,midamerica_to_st_louis_union_station,MidAmerica to St. Louis Union Station,w_0012,0.0,0.1,0.0,0.9,71.94365013816504,20.453600093372984,89,hier_jaccard_009,hier_jaccard_007
stl_midamerica_to_st_louis_union_station_2026-03-09_0013,midamerica_to_st_louis_union_station,MidAmerica to St. Louis Union Station,w_0013,0.0,0.1,0.1,0.8,117.51406157780954,19.118060928286397,144,hier_jaccard_004,hier_jaccard_003
stl_midamerica_to_st_louis_union_station_2026-03-09_0014,midamerica_to_st_louis_union_station,MidAmerica to St. Louis Union Station,w_0014,0.0,0.1,0.2,0.7,116.9807046428312,17.458981199299334,144,hier_jaccard_004,hier_jaccard_003
stl_midamerica_to_st_louis_union_station_2026-03-09_0015,midamerica_to_st_louis_union_station,MidAmerica to St. Louis Union Station,w_0015,0.0,0.1,0.3,0.6,116.9807046428312,15.774792086364446,144,hier_jaccard_004,hier_jaccard_003
stl_midamerica_to_st_louis_union_station_2026-03-09_0016,midamerica_to_st_louis_union_station,MidAmerica to St. Louis Union Station,w_0016,0.0,0.1,0.4,0.5,116.9807046428312,14.09060297342956,144,hier_jaccard_004,hier_jaccard_003
stl_midamerica_to_st_louis_union_station_2026-03-09_0017,midamerica_to_st_louis_union_station,MidAmerica to St. Louis Union Station,w_0017,0.0,0.1,0.5,0.4,116.44740723009936,12.392571537471706,144,hier_jaccard_004,hier_jaccard_003
stl_midamerica_to_st_louis_union_station_2026-03-09_0018,midamerica_to_st_louis_union_station,MidAmerica to St. Louis Union Station,w_0018,0.0,0.1,0.6,0.3,117.8893137669806,10.68491282593209,145,hier_jaccard_004,hier_jaccard_003
stl_midamerica_to_st_louis_union_station_2026-03-09_0019,midamerica_to_st_louis_union_station,MidAmerica to St. Louis Union Station,w_0019,0.0,0.1,0.7,0.2,104.7723067691564,8.510755511738951,127,hier_jaccard_004,hier_jaccard_003
stl_midamerica_to_st_louis_union_station_2026-03-09_0020,midamerica_to_st_louis_union_station,MidAmerica to St. Louis Union Station,w_0020,0.0,0.1,0.8,0.1,106.04771864798992,5.677228329202899,129,hier_jaccard_004,hier_jaccard_003
stl_midamerica_to_st_louis_union_station_2026-03-09_0021,midamerica_to_st_louis_union_station,MidAmerica to St. Louis Union Station,w_0021,0.0,0.1,0.9,0.0,85.92912913550525,2.5678784086249555,104,hier_jaccard_005,hier_jaccard_006
stl_midamerica_to_st_louis_union_station_2026-03-09_0022,midamerica_to_st_louis_union_station,MidAmerica to St. Louis Union Station,w_0022,0.0,0.2,0.0,0.8,71.94365013816504,19.30720018674596,89,hier_jaccard_009,hier_jaccard_007
stl_midamerica_to_st_louis_union_station_2026-03-09_0023,midamerica_to_st_louis_union_station,MidAmerica to St. Louis Union Station,w_0023,0.0,0.2,0.1,0.7,116.45333720874126,18.207011510547037,144,hier_jaccard_004,hier_jaccard_003
stl_midamerica_to_st_louis_union_station_2026-03-09_0024,midamerica_to_st_louis_union_station,MidAmerica to St. Louis Union Station,w_0024,0.0,0.2,0.2,0.6,117.51406157780954,16.63612185657277,144,hier_jaccard_004,hier_jaccard_003
stl_midamerica_to_st_louis_union_station_2026-03-09_0025,midamerica_to_st_louis_union_station,MidAmerica to St. Louis Union Station,w_0025,0.0,0.2,0.3,0.5,116.9807046428312,15.002151511533544,144,hier_jaccard_004,hier_jaccard_003
stl_midamerica_to_st_louis_union_station_2026-03-09_0026,midamerica_to_st_louis_union_station,MidAmerica to St. Louis Union Station,w_0026,0.0,0.2,0.4,0.4,116.9807046428312,13.317962398598658,144,hier_jaccard_004,hier_jaccard_003
stl_midamerica_to_st_louis_union_station_2026-03-09_0027,midamerica_to_st_louis_union_station,MidAmerica to St. Louis Union Station,w_0027,0.0,0.2,0.5,0.3,117.8893137669806,11.60598817325978,145,hier_jaccard_004,hier_jaccard_003
stl_midamerica_to_st_louis_union_station_2026-03-09_0028,midamerica_to_st_louis_union_station,MidAmerica to St. Louis Union Station,w_0028,0.0,0.2,0.6,0.2,104.7723067691564,8.999928279109415,127,hier_jaccard_004,hier_jaccard_003
stl_midamerica_to_st_louis_union_station_2026-03-09_0029,midamerica_to_st_louis_union_station,MidAmerica to St. Louis Union Station,w_0029,0.0,0.2,0.7,0.1,104.7723067691564,6.177626122155476,127,hier_jaccard_004,hier_jaccard_003
stl_midamerica_to_st_louis_union_station_2026-03-09_0030,midamerica_to_st_louis_union_station,MidAmerica to St. Louis Union Station,w_0030,0.0,0.2,0.8,0.0,81.40153197217248,3.084815896166845,99,hier_jaccard_005,hier_jaccard_006
stl_midamerica_to_st_louis_union_station_2026-03-09_0031,midamerica_to_st_louis_union_station,MidAmerica to St. Louis Union Station,w_0031,0.0,0.3,0.0,0.7,71.94365013816504,18.160800280118927,89,hier_jaccard_009,hier_jaccard_007
stl_midamerica_to_st_louis_union_station_2026-03-09_0032,midamerica_to_st_louis_union_station,MidAmerica to St. Louis Union Station,w_0032,0.0,0.3,0.1,0.6,116.4535032675385,17.2005928698178,144,hier_jaccard_004,hier_jaccard_003
stl_midamerica_to_st_louis_union_station_2026-03-09_0033,midamerica_to_st_louis_union_station,MidAmerica to St. Louis Union Station,w_0033,0.0,0.3,0.2,0.5,117.51386742551544,15.757563491131023,144,hier_jaccard_004,hier_jaccard_003
stl_midamerica_to_st_louis_union_station_2026-03-09_0034,midamerica_to_st_louis_union_station,MidAmerica to St. Louis Union Station,w_0034,0.0,0.3,0.3,0.4,118.42278716378732,14.119966958511842,145,hier_jaccard_004,hier_jaccard_003
stl_midamerica_to_st_louis_union_station_2026-03-09_0035,midamerica_to_st_louis_union_station,MidAmerica to St. Louis Union Station,w_0035,0.0,0.3,0.4,0.3,104.3973083793113,12.136844389125033,126,hier_jaccard_004,hier_jaccard_003
stl_midamerica_to_st_louis_union_station_2026-03-09_0036,midamerica_to_st_louis_union_station,MidAmerica to St. Louis Union Station,w_0036,0.0,0.3,0.5,0.2,104.3973083793113,9.450910422499804,126,hier_jaccard_004,hier_jaccard_003
stl_midamerica_to_st_louis_union_station_2026-03-09_0037,midamerica_to_st_louis_union_station,MidAmerica to St. Louis Union Station,w_0037,0.0,0.3,0.6,0.1,104.7723067691564,6.666798889525941,127,hier_jaccard_004,hier_jaccard_003
stl_midamerica_to_st_louis_union_station_2026-03-09_0038,midamerica_to_st_louis_union_station,MidAmerica to St. Louis Union Station,w_0038,0.0,0.3,0.7,0.0,81.40153197217248,3.566439506408989,99,hier_jaccard_005,hier_jaccard_006
stl_midamerica_to_st_louis_union_station_2026-03-09_0039,midamerica_to_st_louis_union_station,MidAmerica to St. Louis Union Station,w_0039,0.0,0.4,0.0,0.6,71.94365013816504,17.0144003734919,89,hier_jaccard_009,hier_jaccard_007
stl_midamerica_to_st_louis_union_station_2026-03-09_0040,midamerica_to_st_louis_union_station,MidAmerica to St. Louis Union Station,w_0040,0.0,0.4,0.1,0.5,75.1443269341045,16.132809317880877,89,hier_jaccard_009,hier_jaccard_007
stl_midamerica_to_st_louis_union_station_2026-03-09_0041,midamerica_to_st_louis_union_station,MidAmerica to St. Louis Union Station,w_0041,0.0,0.4,0.2,0.4,131.87368069612057,14.777402031352304,160,hier_jaccard_016,hier_jaccard_016
stl_midamerica_to_st_louis_union_station_2026-03-09_0042,midamerica_to_st_louis_union_station,MidAmerica to St. Louis Union Station,w_0042,0.0,0.4,0.3,0.3,104.3973083793113,12.449638440958918,126,hier_jaccard_004,hier_jaccard_003
stl_midamerica_to_st_louis_union_station_2026-03-09_0043,midamerica_to_st_louis_union_station,MidAmerica to St. Louis Union Station,w_0043,0.0,0.4,0.4,0.2,104.3973083793113,9.763704474333688,126,hier_jaccard_004,hier_jaccard_003
stl_midamerica_to_st_louis_union_station_2026-03-09_0044,midamerica_to_st_louis_union_station,MidAmerica to St. Louis Union Station,w_0044,0.0,0.4,0.5,0.1,79.7511217034939,7.072998864322641,96,hier_jaccard_005,hier_jaccard_006
stl_midamerica_to_st_louis_union_station_2026-03-09_0045,midamerica_to_st_louis_union_station,MidAmerica to St. Louis Union Station,w_0045,0.0,0.4,0.6,0.0,81.40153197217248,4.048063116651134,99,hier_jaccard_005,hier_jaccard_006
stl_midamerica_to_st_louis_union_station_2026-03-09_0046,midamerica_to_st_louis_union_station,MidAmerica to St. Louis Union Station,w_0046,0.0,0.5,0.0,0.5,71.94365013816504,15.86800046686487,89,hier_jaccard_009,hier_jaccard_007
stl_midamerica_to_st_louis_union_station_2026-03-09_0047,midamerica_to_st_louis_union_station,MidAmerica to St. Louis Union Station,w_0047,0.0,0.5,0.1,0.4,74.08548374049886,14.889402599443684,89,hier_jaccard_009,hier_jaccard_007
stl_midamerica_to_st_louis_union_station_2026-03-09_0048,midamerica_to_st_louis_union_station,MidAmerica to St. Louis Union Station,w_0048,0.0,0.5,0.2,0.3,104.3973083793113,12.762432492792804,126,hier_jaccard_004,hier_jaccard_003
stl_midamerica_to_st_louis_union_station_2026-03-09_0049,midamerica_to_st_louis_union_station,MidAmerica to St. Louis Union Station,w_0049,0.0,0.5,0.3,0.2,104.3973083793113,10.076498526167573,126,hier_jaccard_004,hier_jaccard_003
stl_midamerica_to_st_louis_union_station_2026-03-09_0050,midamerica_to_st_louis_union_station,MidAmerica to St. Louis Union Station,w_0050,0.0,0.5,0.4,0.1,79.7511217034939,7.359600005310072,96,hier_jaccard_005,hier_jaccard_006
stl_midamerica_to_st_louis_union_station_2026-03-09_0051,midamerica_to_st_louis_union_station,MidAmerica to St. Louis Union Station,w_0051,0.0,0.5,0.5,0.0,81.02653358232739,4.411475052497453,98,hier_jaccard_005,hier_jaccard_006
stl_midamerica_to_st_louis_union_station_2026-03-09_0052,midamerica_to_st_louis_union_station,MidAmerica to St. Louis Union Station,w_0052,0.0,0.6,0.0,0.4,70.35339602464116,14.586548565376532,89,hier_jaccard_009,hier_jaccard_007
stl_midamerica_to_st_louis_union_station_2026-03-09_0053,midamerica_to_st_louis_union_station,MidAmerica to St. Louis Union Station,w_0053,0.0,0.6,0.1,0.3,104.3973083793113,13.075226544626688,126,hier_jaccard_004,hier_jaccard_003
stl_midamerica_to_st_louis_union_station_2026-03-09_0054,midamerica_to_st_louis_union_station,MidAmerica to St. Louis Union Station,w_0054,0.0,0.6,0.2,0.2,104.3973083793113,10.389292578001456,126,hier_jaccard_004,hier_jaccard_003
stl_midamerica_to_st_louis_union_station_2026-03-09_0055,midamerica_to_st_louis_union_station,MidAmerica to St. Louis Union Station,w_0055,0.0,0.6,0.3,0.1,79.7511217034939,7.646201146297503,96,hier_jaccard_005,hier_jaccard_006
stl_midamerica_to_st_louis_union_station_2026-03-09_0056,midamerica_to_st_louis_union_station,MidAmerica to St. Louis Union Station,w_0056,0.0,0.6,0.4,0.0,81.02653358232739,4.716719947203016,98,hier_jaccard_005,hier_jaccard_006
stl_midamerica_to_st_louis_union_station_2026-03-09_0057,midamerica_to_st_louis_union_station,MidAmerica to St. Louis Union Station,w_0057,0.0,0.7,0.0,0.3,69.28710506487343,13.012907806960738,89,hier_jaccard_009,hier_jaccard_007
stl_midamerica_to_st_louis_union_station_2026-03-09_0058,midamerica_to_st_louis_union_station,MidAmerica to St. Louis Union Station,w_0058,0.0,0.7,0.1,0.2,104.3973083793113,10.70208662983534,126,hier_jaccard_004,hier_jaccard_003
stl_midamerica_to_st_louis_union_station_2026-03-09_0059,midamerica_to_st_louis_union_station,MidAmerica to St. Louis Union Station,w_0059,0.0,0.7,0.2,0.1,79.7511217034939,7.932802287284934,96,hier_jaccard_005,hier_jaccard_006
stl_midamerica_to_st_louis_union_station_2026-03-09_0060,midamerica_to_st_louis_union_station,MidAmerica to St. Louis Union Station,w_0060,0.0,0.7,0.3,0.0,81.02653358232739,5.02196484190858,98,hier_jaccard_005,hier_jaccard_006
stl_midamerica_to_st_louis_union_station_2026-03-09_0061,midamerica_to_st_louis_union_station,MidAmerica to St. Louis Union Station,w_0061,0.0,0.8,0.0,0.2,80.28165246573795,10.800583696414645,96,hier_jaccard_005,hier_jaccard_006
stl_midamerica_to_st_louis_union_station_2026-03-09_0062,midamerica_to_st_louis_union_station,MidAmerica to St. Louis Union Station,w_0062,0.0,0.8,0.1,0.1,79.7511217034939,8.219403428272365,96,hier_jaccard_005,hier_jaccard_006
stl_midamerica_to_st_louis_union_station_2026-03-09_0063,midamerica_to_st_louis_union_station,MidAmerica to St. Louis Union Station,w_0063,0.0,0.8,0.2,0.0,81.02653358232739,5.327209736614143,98,hier_jaccard_005,hier_jaccard_006
stl_midamerica_to_st_louis_union_station_2026-03-09_0064,midamerica_to_st_louis_union_station,MidAmerica to St. Louis Union Station,w_0064,0.0,0.9,0.0,0.1,81.18410160641125,8.363538711239034,97,hier_jaccard_005,hier_jaccard_006
stl_midamerica_to_st_louis_union_station_2026-03-09_0065,midamerica_to_st_louis_union_station,MidAmerica to St. Louis Union Station,w_0065,0.0,0.9,0.1,0.0,81.92911659312666,5.6293288487012685,99,hier_jaccard_005,hier_jaccard_006
stl_midamerica_to_st_louis_union_station_2026-03-09_0066,midamerica_to_st_louis_union_station,MidAmerica to St. Louis Union Station,w_0066,0.0,1.0,0.0,0.0,82.30749957466145,5.704396135456905,100,hier_jaccard_005,hier_jaccard_006
stl_midamerica_to_st_louis_union_station_2026-03-09_0067,midamerica_to_st_louis_union_station,MidAmerica to St. Louis Union Station,w_0067,0.1,0.0,0.0,0.9,46.683328700980354,25.477802221113198,67,hier_jaccard_003,hier_jaccard_004
stl_midamerica_to_st_louis_union_station_2026-03-09_0068,midamerica_to_st_louis_union_station,MidAmerica to St. Louis Union Station,w_0068,0.1,0.0,0.1,0.8,48.81678601447848,23.98048138482386,67,hier_jaccard_003,hier_jaccard_004
stl_midamerica_to_st_louis_union_station_2026-03-09_0069,midamerica_to_st_louis_union_station,MidAmerica to St. Louis Union Station,w_0069,0.1,0.0,0.2,0.7,48.81678601447848,22.24835977427632,67,hier_jaccard_003,hier_jaccard_004
stl_midamerica_to_st_louis_union_station_2026-03-09_0070,midamerica_to_st_louis_union_station,MidAmerica to St. Louis Union Station,w_0070,0.1,0.0,0.3,0.6,48.81678601447848,20.51623816372877,67,hier_jaccard_003,hier_jaccard_004
stl_midamerica_to_st_louis_union_station_2026-03-09_0071,midamerica_to_st_louis_union_station,MidAmerica to St. Louis Union Station,w_0071,0.1,0.0,0.4,0.5,48.81678601447848,18.784116553181224,67,hier_jaccard_003,hier_jaccard_004
stl_midamerica_to_st_louis_union_station_2026-03-09_0072,midamerica_to_st_louis_union_station,MidAmerica to St. Louis Union Station,w_0072,0.1,0.0,0.5,0.4,48.81678601447848,17.051994942633677,67,hier_jaccard_003,hier_jaccard_004
stl_midamerica_to_st_louis_union_station_2026-03-09_0073,midamerica_to_st_louis_union_station,MidAmerica to St. Louis Union Station,w_0073,0.1,0.0,0.6,0.3,48.81678601447848,15.319873332086132,67,hier_jaccard_003,hier_jaccard_004
stl_midamerica_to_st_louis_union_station_2026-03-09_0074,midamerica_to_st_louis_union_station,MidAmerica to St. Louis Union Station,w_0074,0.1,0.0,0.7,0.2,48.81678601447848,13.587751721538588,67,hier_jaccard_003,hier_jaccard_004
stl_midamerica_to_st_louis_union_station_2026-03-09_0075,midamerica_to_st_louis_union_station,MidAmerica to St. Louis Union Station,w_0075,0.1,0.0,0.8,0.1,49.53534294048716,10.722232760869352,69,hier_jaccard_006,hier_jaccard_008
stl_midamerica_to_st_louis_union_station_2026-03-09_0076,midamerica_to_st_louis_union_station,MidAmerica to St. Louis Union Station,w_0076,0.1,0.0,0.9,0.0,49.00456878084652,7.0926361232415385,69,hier_jaccard_006,hier_jaccard_008
stl_midamerica_to_st_louis_union_station_2026-03-09_0077,midamerica_to_st_louis_union_station,MidAmerica to St. Louis Union Station,w_0077,0.1,0.1,0.0,0.8,50.26499556893611,25.05124017127677,68,hier_jaccard_002,hier_jaccard_001
stl_midamerica_to_st_louis_union_station_2026-03-09_0078,midamerica_to_st_louis_union_station,MidAmerica to St. Louis Union Station,w_0078,0.1,0.1,0.1,0.7,50.26344452361193,23.84306494675011,68,hier_jaccard_002,hier_jaccard_001
stl_midamerica_to_st_louis_union_station_2026-03-09_0079,midamerica_to_st_louis_union_station,MidAmerica to St. Louis Union Station,w_0079,0.1,0.1,0.2,0.6,51.86097293666311,22.297324911527543,68,hier_jaccard_002,hier_jaccard_001
stl_midamerica_to_st_louis_union_station_2026-03-09_0080,midamerica_to_st_louis_union_station,MidAmerica to St. Louis Union Station,w_0080,0.1,0.1,0.3,0.5,52.92598546398779,20.614447233799623,68,hier_jaccard_002,hier_jaccard_001
stl_midamerica_to_st_louis_union_station_2026-03-09_0081,midamerica_to_st_louis_union_station,MidAmerica to St. Louis Union Station,w_0081,0.1,0.1,0.4,0.4,52.92598546398779,18.88937359757265,68,hier_jaccard_002,hier_jaccard_001
stl_midamerica_to_st_louis_union_station_2026-03-09_0082,midamerica_to_st_louis_union_station,MidAmerica to St. Louis Union Station,w_0082,0.1,0.1,0.5,0.3,52.39778330524177,17.140856821826972,68,hier_jaccard_002,hier_jaccard_001
stl_midamerica_to_st_louis_union_station_2026-03-09_0083,midamerica_to_st_louis_union_station,MidAmerica to St. Louis Union Station,w_0083,0.1,0.1,0.6,0.2,56.276421376016245,14.741279357418868,70,hier_jaccard_001,hier_jaccard_002
stl_midamerica_to_st_louis_union_station_2026-03-09_0084,midamerica_to_st_louis_union_station,MidAmerica to St. Louis Union Station,w_0084,0.1,0.1,0.7,0.1,56.276421376016245,11.818977200464929,70,hier_jaccard_001,hier_jaccard_002
stl_midamerica_to_st_louis_union_station_2026-03-09_0085,midamerica_to_st_louis_union_station,MidAmerica to St. Louis Union Station,w_0085,0.1,0.1,0.8,0.0,56.653239238035326,8.75164853816768,71,hier_jaccard_001,hier_jaccard_002
stl_midamerica_to_st_louis_union_station_2026-03-09_0086,midamerica_to_st_louis_union_station,MidAmerica to St. Louis Union Station,w_0086,0.1,0.2,0.0,0.7,50.79822797046764,24.213670939905384,68,hier_jaccard_002,hier_jaccard_001
stl_midamerica_to_st_louis_union_station_2026-03-09_0087,midamerica_to_st_louis_union_station,MidAmerica to St. Louis Union Station,w_0087,0.1,0.2,0.1,0.6,51.33027476792323,23.098994100067983,68,hier_jaccard_002,hier_jaccard_001
stl_midamerica_to_st_louis_union_station_2026-03-09_0088,midamerica_to_st_louis_union_station,MidAmerica to St. Louis Union Station,w_0088,0.1,0.2,0.2,0.5,51.86331908446357,21.66484761522149,68,hier_jaccard_002,hier_jaccard_001
stl_midamerica_to_st_louis_union_station_2026-03-09_0089,midamerica_to_st_louis_union_station,MidAmerica to St. Louis Union Station,w_0089,0.1,0.2,0.3,0.4,52.39778330524177,19.98199743035184,68,hier_jaccard_002,hier_jaccard_001
stl_midamerica_to_st_louis_union_station_2026-03-09_0090,midamerica_to_st_louis_union_station,MidAmerica to St. Louis Union Station,w_0090,0.1,0.2,0.4,0.3,56.43276996651548,18.09387988614081,69,hier_jaccard_001,hier_jaccard_002
stl_midamerica_to_st_louis_union_station_2026-03-09_0091,midamerica_to_st_louis_union_station,MidAmerica to St. Louis Union Station,w_0091,0.1,0.2,0.5,0.2,56.80776835636058,15.287397016176584,70,hier_jaccard_001,hier_jaccard_002
stl_midamerica_to_st_louis_union_station_2026-03-09_0092,midamerica_to_st_louis_union_station,MidAmerica to St. Louis Union Station,w_0092,0.1,0.2,0.6,0.1,56.80776835636058,12.365094859222642,70,hier_jaccard_001,hier_jaccard_002
stl_midamerica_to_st_louis_union_station_2026-03-09_0093,midamerica_to_st_louis_union_station,MidAmerica to St. Louis Union Station,w_0093,0.1,0.2,0.7,0.0,57.55577358904032,9.332534243554626,72,hier_jaccard_001,hier_jaccard_002
stl_midamerica_to_st_louis_union_station_2026-03-09_0094,midamerica_to_st_louis_union_station,MidAmerica to St. Louis Union Station,w_0094,0.1,0.3,0.0,0.6,50.79822797046764,23.35516966162613,68,hier_jaccard_002,hier_jaccard_001
stl_midamerica_to_st_louis_union_station_2026-03-09_0095,midamerica_to_st_louis_union_station,MidAmerica to St. Louis Union Station,w_0095,0.1,0.3,0.1,0.5,51.33044082672044,22.27742167347804,68,hier_jaccard_002,hier_jaccard_001
stl_midamerica_to_st_louis_union_station_2026-03-09_0096,midamerica_to_st_louis_union_station,MidAmerica to St. Louis Union Station,w_0096,0.1,0.3,0.2,0.4,52.39801348047061,20.808626902967127,68,hier_jaccard_002,hier_jaccard_001
stl_midamerica_to_st_louis_union_station_2026-03-09_0097,midamerica_to_st_louis_union_station,MidAmerica to St. Louis Union Station,w_0097,0.1,0.3,0.3,0.3,56.43276996651548,18.443226088443105,69,hier_jaccard_001,hier_jaccard_002
stl_midamerica_to_st_louis_union_station_2026-03-09_0098,midamerica_to_st_louis_union_station,MidAmerica to St. Louis Union Station,w_0098,0.1,0.3,0.4,0.2,56.43276996651548,15.657292121817877,69,hier_jaccard_001,hier_jaccard_002
stl_midamerica_to_st_louis_union_station_2026-03-09_0099,midamerica_to_st_louis_union_station,MidAmerica to St. Louis Union Station,w_0099,0.1,0.3,0.5,0.1,56.43276996651548,12.871358155192643,69,hier_jaccard_001,hier_jaccard_002
stl_midamerica_to_st_louis_union_station_2026-03-09_0100,midamerica_to_st_louis_union_station,MidAmerica to St. Louis Union Station,w_0100,0.1,0.3,0.6,0.0,57.55577358904032,9.876902915111632,72,hier_jaccard_001,hier_jaccard_002
stl_midamerica_to_st_louis_union_station_2026-03-09_0101,midamerica_to_st_louis_union_station,MidAmerica to St. Louis Union Station,w_0101,0.1,0.4,0.0,0.5,68.74647754525698,22.4203948056394,89,hier_jaccard_009,hier_jaccard_007
stl_midamerica_to_st_louis_union_station_2026-03-09_0102,midamerica_to_st_louis_union_station,MidAmerica to St. Louis Union Station,w_0102,0.1,0.4,0.1,0.4,51.33044082672044,21.416521829394963,68,hier_jaccard_002,hier_jaccard_001
stl_midamerica_to_st_louis_union_station_2026-03-09_0103,midamerica_to_st_louis_union_station,MidAmerica to St. Louis Union Station,w_0103,0.1,0.4,0.2,0.3,56.43276996651548,18.7925722907454,69,hier_jaccard_001,hier_jaccard_002
stl_midamerica_to_st_louis_union_station_2026-03-09_0104,midamerica_to_st_louis_union_station,MidAmerica to St. Louis Union Station,w_0104,0.1,0.4,0.3,0.2,56.43276996651548,16.006638324120168,69,hier_jaccard_001,hier_jaccard_002
stl_midamerica_to_st_louis_union_station_2026-03-09_0105,midamerica_to_st_louis_union_station,MidAmerica to St. Louis Union Station,w_0105,0.1,0.4,0.4,0.1,56.43276996651548,13.220704357494938,69,hier_jaccard_001,hier_jaccard_002
stl_midamerica_to_st_louis_union_station_2026-03-09_0106,midamerica_to_st_louis_union_station,MidAmerica to St. Louis Union Station,w_0106,0.1,0.4,0.5,0.0,57.5548958747499,10.360129383125026,72,hier_jaccard_001,hier_jaccard_002
stl_midamerica_to_st_louis_union_station_2026-03-09_0107,midamerica_to_st_louis_union_station,MidAmerica to St. Louis Union Station,w_0107,0.1,0.5,0.0,0.4,66.6216644425635,21.14627978251174,89,hier_jaccard_009,hier_jaccard_007
stl_midamerica_to_st_louis_union_station_2026-03-09_0108,midamerica_to_st_louis_union_station,MidAmerica to St. Louis Union Station,w_0108,0.1,0.5,0.1,0.3,56.43276996651548,19.141918493047697,69,hier_jaccard_001,hier_jaccard_002
stl_midamerica_to_st_louis_union_station_2026-03-09_0109,midamerica_to_st_louis_union_station,MidAmerica to St. Louis Union Station,w_0109,0.1,0.5,0.2,0.2,56.43276996651548,16.355984526422464,69,hier_jaccard_001,hier_jaccard_002
stl_midamerica_to_st_louis_union_station_2026-03-09_0110,midamerica_to_st_louis_union_station,MidAmerica to St. Louis Union Station,w_0110,0.1,0.5,0.3,0.1,56.43276996651548,13.570050559797233,69,hier_jaccard_001,hier_jaccard_002
stl_midamerica_to_st_louis_union_station_2026-03-09_0111,midamerica_to_st_louis_union_station,MidAmerica to St. Louis Union Station,w_0111,0.1,0.5,0.4,0.0,57.5548958747499,10.71740822508998,72,hier_jaccard_001,hier_jaccard_002
stl_midamerica_to_st_louis_union_station_2026-03-09_0112,midamerica_to_st_louis_union_station,MidAmerica to St. Louis Union Station,w_0112,0.1,0.6,0.0,0.3,55.52680328940044,19.330101085139585,68,hier_jaccard_001,hier_jaccard_002
stl_midamerica_to_st_louis_union_station_2026-03-09_0113,midamerica_to_st_louis_union_station,MidAmerica to St. Louis Union Station,w_0113,0.1,0.6,0.1,0.2,56.43276996651548,16.70533072872476,69,hier_jaccard_001,hier_jaccard_002
stl_midamerica_to_st_louis_union_station_2026-03-09_0114,midamerica_to_st_louis_union_station,MidAmerica to St. Louis Union Station,w_0114,0.1,0.6,0.2,0.1,56.43276996651548,13.919396762099527,69,hier_jaccard_001,hier_jaccard_002
stl_midamerica_to_st_louis_union_station_2026-03-09_0115,midamerica_to_st_louis_union_station,MidAmerica to St. Louis Union Station,w_0115,0.1,0.6,0.3,0.0,57.5548958747499,11.074687067054931,72,hier_jaccard_001,hier_jaccard_002
stl_midamerica_to_st_louis_union_station_2026-03-09_0116,midamerica_to_st_louis_union_station,MidAmerica to St. Louis Union Station,w_0116,0.1,0.7,0.0,0.2,55.52680328940044,16.883270634387372,68,hier_jaccard_001,hier_jaccard_002
stl_midamerica_to_st_louis_union_station_2026-03-09_0117,midamerica_to_st_louis_union_station,MidAmerica to St. Louis Union Station,w_0117,0.1,0.7,0.1,0.1,56.05872758262535,14.266201702532811,68,hier_jaccard_001,hier_jaccard_002
stl_midamerica_to_st_louis_union_station_2026-03-09_0118,midamerica_to_st_louis_union_station,MidAmerica to St. Louis Union Station,w_0118,0.1,0.7,0.2,0.0,57.5548958747499,11.431965909019883,72,hier_jaccard_001,hier_jaccard_002
stl_midamerica_to_st_louis_union_station_2026-03-09_0119,midamerica_to_st_louis_union_station,MidAmerica to St. Louis Union Station,w_0119,0.1,0.8,0.0,0.1,55.52680328940044,14.436440183635163,68,hier_jaccard_001,hier_jaccard_002
stl_midamerica_to_st_louis_union_station_2026-03-09_0120,midamerica_to_st_louis_union_station,MidAmerica to St. Louis Union Station,w_0120,0.1,0.8,0.1,0.0,56.806890642070165,11.78764068739012,70,hier_jaccard_001,hier_jaccard_002
stl_midamerica_to_st_louis_union_station_2026-03-09_0121,midamerica_to_st_louis_union_station,MidAmerica to St. Louis Union Station,w_0121,0.1,0.9,0.0,0.0,56.80421942151068,11.98823462919861,70,hier_jaccard_001,hier_jaccard_002
stl_midamerica_to_st_louis_union_station_2026-03-09_0122,midamerica_to_st_louis_union_station,MidAmerica to St. Louis Union Station,w_0122,0.2,0.0,0.0,0.8,46.683328700980354,28.35560444222638,67,hier_jaccard_003,hier_jaccard_004
stl_midamerica_to_st_louis_union_station_2026-03-09_0123,midamerica_to_st_louis_union_station,MidAmerica to St. Louis Union Station,w_0123,0.2,0.0,0.1,0.7,46.683794018220816,27.01745610208144,67,hier_jaccard_003,hier_jaccard_004
stl_midamerica_to_st_louis_union_station_2026-03-09_0124,midamerica_to_st_louis_union_station,MidAmerica to St. Louis Union Station,w_0124,0.2,0.0,0.2,0.6,48.81678601447848,25.360962769647717,67,hier_jaccard_003,hier_jaccard_004
stl_midamerica_to_st_louis_union_station_2026-03-09_0125,midamerica_to_st_louis_union_station,MidAmerica to St. Louis Union Station,w_0125,0.2,0.0,0.3,0.5,48.81678601447848,23.62884115910017,67,hier_jaccard_003,hier_jaccard_004
stl_midamerica_to_st_louis_union_station_2026-03-09_0126,midamerica_to_st_louis_union_station,MidAmerica to St. Louis Union Station,w_0126,0.2,0.0,0.4,0.4,48.81678601447848,21.89671954855262,67,hier_jaccard_003,hier_jaccard_004
stl_midamerica_to_st_louis_union_station_2026-03-09_0127,midamerica_to_st_louis_union_station,MidAmerica to St. Louis Union Station,w_0127,0.2,0.0,0.5,0.3,48.81678601447848,20.16459793800508,67,hier_jaccard_003,hier_jaccard_004
stl_midamerica_to_st_louis_union_station_2026-03-09_0128,midamerica_to_st_louis_union_station,MidAmerica to St. Louis Union Station,w_0128,0.2,0.0,0.6,0.2,48.81678601447848,18.43247632745753,67,hier_jaccard_003,hier_jaccard_004
stl_midamerica_to_st_louis_union_station_2026-03-09_0129,midamerica_to_st_louis_union_station,MidAmerica to St. Louis Union Station,w_0129,0.2,0.0,0.7,0.1,49.00456878084652,15.968268844194448,69,hier_jaccard_006,hier_jaccard_008
stl_midamerica_to_st_louis_union_station_2026-03-09_0130,midamerica_to_st_louis_union_station,MidAmerica to St. Louis Union Station,w_0130,0.2,0.0,0.8,0.0,49.00456878084652,12.297087335311597,69,hier_jaccard_006,hier_jaccard_008
stl_midamerica_to_st_louis_union_station_2026-03-09_0131,midamerica_to_st_louis_union_station,MidAmerica to St. Louis Union Station,w_0131,0.2,0.1,0.0,0.7,48.13050890304261,28.203098152160724,68,hier_jaccard_002,hier_jaccard_001
stl_midamerica_to_st_louis_union_station_2026-03-09_0132,midamerica_to_st_louis_union_station,MidAmerica to St. Louis Union Station,w_0132,0.2,0.1,0.1,0.6,48.12963633259222,27.054222602375937,68,hier_jaccard_007,hier_jaccard_009
stl_midamerica_to_st_louis_union_station_2026-03-09_0133,midamerica_to_st_louis_union_station,MidAmerica to St. Louis Union Station,w_0133,0.2,0.1,0.2,0.5,50.79523521294086,25.67418232122153,68,hier_jaccard_002,hier_jaccard_001
stl_midamerica_to_st_louis_union_station_2026-03-09_0134,midamerica_to_st_louis_union_station,MidAmerica to St. Louis Union Station,w_0134,0.2,0.1,0.3,0.4,51.32745383986474,24.058167252402068,68,hier_jaccard_002,hier_jaccard_001
stl_midamerica_to_st_louis_union_station_2026-03-09_0135,midamerica_to_st_louis_union_station,MidAmerica to St. Louis Union Station,w_0135,0.2,0.1,0.4,0.3,50.7993720667995,22.28373340218558,68,hier_jaccard_002,hier_jaccard_001
stl_midamerica_to_st_louis_union_station_2026-03-09_0136,midamerica_to_st_louis_union_station,MidAmerica to St. Louis Union Station,w_0136,0.2,0.1,0.5,0.2,51.33214294320638,20.37533138218238,68,hier_jaccard_002,hier_jaccard_001
stl_midamerica_to_st_louis_union_station_2026-03-09_0137,midamerica_to_st_louis_union_station,MidAmerica to St. Louis Union Station,w_0137,0.2,0.1,0.6,0.1,56.276421376016245,17.774863465227483,70,hier_jaccard_001,hier_jaccard_002
stl_midamerica_to_st_louis_union_station_2026-03-09_0138,midamerica_to_st_louis_union_station,MidAmerica to St. Louis Union Station,w_0138,0.2,0.1,0.7,0.0,49.0056478471184,14.729175761915416,69,hier_jaccard_006,hier_jaccard_008
stl_midamerica_to_st_louis_union_station_2026-03-09_0139,midamerica_to_st_louis_union_station,MidAmerica to St. Louis Union Station,w_0139,0.2,0.2,0.0,0.6,50.26499556893611,27.50248034255353,68,hier_jaccard_002,hier_jaccard_001
stl_midamerica_to_st_louis_union_station_2026-03-09_0140,midamerica_to_st_louis_union_station,MidAmerica to St. Louis Union Station,w_0140,0.2,0.2,0.1,0.5,50.26337490476467,26.39620736340745,68,hier_jaccard_002,hier_jaccard_001
stl_midamerica_to_st_louis_union_station_2026-03-09_0141,midamerica_to_st_louis_union_station,MidAmerica to St. Louis Union Station,w_0141,0.2,0.2,0.2,0.4,51.3319092772517,25.038159044079517,68,hier_jaccard_002,hier_jaccard_001
stl_midamerica_to_st_louis_union_station_2026-03-09_0142,midamerica_to_st_louis_union_station,MidAmerica to St. Louis Union Station,w_0142,0.2,0.2,0.3,0.3,50.7992483338673,23.20255056786897,68,hier_jaccard_002,hier_jaccard_001
stl_midamerica_to_st_louis_union_station_2026-03-09_0143,midamerica_to_st_louis_union_station,MidAmerica to St. Louis Union Station,w_0143,0.2,0.2,0.4,0.2,55.90142298617114,21.163885685590756,69,hier_jaccard_001,hier_jaccard_002
stl_midamerica_to_st_louis_union_station_2026-03-09_0144,midamerica_to_st_louis_union_station,MidAmerica to St. Louis Union Station,w_0144,0.2,0.2,0.5,0.1,56.276421376016245,18.338673813515317,70,hier_jaccard_001,hier_jaccard_002
stl_midamerica_to_st_louis_union_station_2026-03-09_0145,midamerica_to_st_louis_union_station,MidAmerica to St. Louis Union Station,w_0145,0.2,0.2,0.6,0.0,56.653239238035326,15.381728400652804,71,hier_jaccard_001,hier_jaccard_002
stl_midamerica_to_st_louis_union_station_2026-03-09_0146,midamerica_to_st_louis_union_station,MidAmerica to St. Louis Union Station,w_0146,0.2,0.3,0.0,0.5,50.26499556893611,26.68173269152873,68,hier_jaccard_002,hier_jaccard_001
stl_midamerica_to_st_louis_union_station_2026-03-09_0147,midamerica_to_st_louis_union_station,MidAmerica to St. Louis Union Station,w_0147,0.2,0.3,0.1,0.4,49.73326906991552,25.587681764797367,68,hier_jaccard_002,hier_jaccard_001
stl_midamerica_to_st_louis_union_station_2026-03-09_0148,midamerica_to_st_louis_union_station,MidAmerica to St. Louis Union Station,w_0148,0.2,0.3,0.2,0.3,50.2663738767901,24.03791057027876,68,hier_jaccard_002,hier_jaccard_001
stl_midamerica_to_st_louis_union_station_2026-03-09_0149,midamerica_to_st_louis_union_station,MidAmerica to St. Louis Union Station,w_0149,0.2,0.3,0.3,0.2,55.90142298617114,21.551317318342,69,hier_jaccard_001,hier_jaccard_002
stl_midamerica_to_st_louis_union_station_2026-03-09_0150,midamerica_to_st_louis_union_station,MidAmerica to St. Louis Union Station,w_0150,0.2,0.3,0.4,0.1,55.90142298617114,18.765383351716768,69,hier_jaccard_001,hier_jaccard_002
stl_midamerica_to_st_louis_union_station_2026-03-09_0151,midamerica_to_st_louis_union_station,MidAmerica to St. Louis Union Station,w_0151,0.2,0.3,0.5,0.0,55.530235615510485,15.971928076940207,68,hier_jaccard_001,hier_jaccard_002
stl_midamerica_to_st_louis_union_station_2026-03-09_0152,midamerica_to_st_louis_union_station,MidAmerica to St. Louis Union Station,w_0152,0.2,0.4,0.0,0.4,49.73368752232152,25.753344240102837,68,hier_jaccard_002,hier_jaccard_001
stl_midamerica_to_st_louis_union_station_2026-03-09_0153,midamerica_to_st_louis_union_station,MidAmerica to St. Louis Union Station,w_0153,0.2,0.4,0.1,0.3,50.26764200253484,24.59412530341229,68,hier_jaccard_002,hier_jaccard_001
stl_midamerica_to_st_louis_union_station_2026-03-09_0154,midamerica_to_st_louis_union_station,MidAmerica to St. Louis Union Station,w_0154,0.2,0.4,0.2,0.2,56.43276996651548,21.90336357203301,69,hier_jaccard_001,hier_jaccard_002
stl_midamerica_to_st_louis_union_station_2026-03-09_0155,midamerica_to_st_louis_union_station,MidAmerica to St. Louis Union Station,w_0155,0.2,0.4,0.3,0.1,56.43276996651548,19.117429605407786,69,hier_jaccard_001,hier_jaccard_002
stl_midamerica_to_st_louis_union_station_2026-03-09_0156,midamerica_to_st_louis_union_station,MidAmerica to St. Louis Union Station,w_0156,0.2,0.4,0.4,0.0,56.43276996651548,16.331495638782553,69,hier_jaccard_001,hier_jaccard_002
stl_midamerica_to_st_louis_union_station_2026-03-09_0157,midamerica_to_st_louis_union_station,MidAmerica to St. Louis Union Station,w_0157,0.2,0.5,0.0,0.3,51.93106213249877,24.65145602209108,71,hier_jaccard_011,hier_jaccard_010
stl_midamerica_to_st_louis_union_station_2026-03-09_0158,midamerica_to_st_louis_union_station,MidAmerica to St. Louis Union Station,w_0158,0.2,0.5,0.1,0.2,55.52676133994216,22.168901442179795,68,hier_jaccard_001,hier_jaccard_002
stl_midamerica_to_st_louis_union_station_2026-03-09_0159,midamerica_to_st_louis_union_station,MidAmerica to St. Louis Union Station,w_0159,0.2,0.5,0.2,0.1,56.43276996651548,19.46677580771008,69,hier_jaccard_001,hier_jaccard_002
stl_midamerica_to_st_louis_union_station_2026-03-09_0160,midamerica_to_st_louis_union_station,MidAmerica to St. Louis Union Station,w_0160,0.2,0.5,0.3,0.0,56.43276996651548,16.680841841084845,69,hier_jaccard_001,hier_jaccard_002
stl_midamerica_to_st_louis_union_station_2026-03-09_0161,midamerica_to_st_louis_union_station,MidAmerica to St. Louis Union Station,w_0161,0.2,0.6,0.0,0.2,55.52680328940044,22.341184874792432,68,hier_jaccard_001,hier_jaccard_002
stl_midamerica_to_st_louis_union_station_2026-03-09_0162,midamerica_to_st_louis_union_station,MidAmerica to St. Louis Union Station,w_0162,0.2,0.6,0.1,0.1,55.52676133994216,19.7296276627092,68,hier_jaccard_001,hier_jaccard_002
stl_midamerica_to_st_louis_union_station_2026-03-09_0163,midamerica_to_st_louis_union_station,MidAmerica to St. Louis Union Station,w_0163,0.2,0.6,0.2,0.0,56.43276996651548,17.030188043387138,69,hier_jaccard_001,hier_jaccard_002
stl_midamerica_to_st_louis_union_station_2026-03-09_0164,midamerica_to_st_louis_union_station,MidAmerica to St. Louis Union Station,w_0164,0.2,0.7,0.0,0.1,55.52680328940044,19.89435442404022,68,hier_jaccard_001,hier_jaccard_002
stl_midamerica_to_st_louis_union_station_2026-03-09_0165,midamerica_to_st_louis_union_station,MidAmerica to St. Louis Union Station,w_0165,0.2,0.7,0.1,0.0,55.52676133994216,17.290353883238605,68,hier_jaccard_001,hier_jaccard_002
stl_midamerica_to_st_louis_union_station_2026-03-09_0166,midamerica_to_st_louis_union_station,MidAmerica to St. Louis Union Station,w_0166,0.2,0.8,0.0,0.0,55.52680328940044,17.447523973288007,68,hier_jaccard_001,hier_jaccard_002
stl_midamerica_to_st_louis_union_station_2026-03-09_0167,midamerica_to_st_louis_union_station,MidAmerica to St. Louis Union Station,w_0167,0.25,0.25,0.25,0.25,50.26624934334328,25.198053577682387,68,hier_jaccard_002,hier_jaccard_001
stl_midamerica_to_st_louis_union_station_2026-03-09_0168,midamerica_to_st_louis_union_station,MidAmerica to St. Louis Union Station,w_0168,0.3,0.0,0.0,0.7,46.683328700980354,31.23340666333956,67,hier_jaccard_003,hier_jaccard_004
stl_midamerica_to_st_louis_union_station_2026-03-09_0169,midamerica_to_st_louis_union_station,MidAmerica to St. Louis Union Station,w_0169,0.3,0.0,0.1,0.6,46.683794018220816,29.895309534366103,67,hier_jaccard_003,hier_jaccard_004
stl_midamerica_to_st_louis_union_station_2026-03-09_0170,midamerica_to_st_louis_union_station,MidAmerica to St. Louis Union Station,w_0170,0.3,0.0,0.2,0.5,48.28306006478814,28.469962525583632,67,hier_jaccard_003,hier_jaccard_004
stl_midamerica_to_st_louis_union_station_2026-03-09_0171,midamerica_to_st_louis_union_station,MidAmerica to St. Louis Union Station,w_0171,0.3,0.0,0.3,0.4,48.81678601447848,26.74144415447156,67,hier_jaccard_003,hier_jaccard_004
stl_midamerica_to_st_louis_union_station_2026-03-09_0172,midamerica_to_st_louis_union_station,MidAmerica to St. Louis Union Station,w_0172,0.3,0.0,0.4,0.3,48.81678601447848,25.009322543924014,67,hier_jaccard_003,hier_jaccard_004
stl_midamerica_to_st_louis_union_station_2026-03-09_0173,midamerica_to_st_louis_union_station,MidAmerica to St. Louis Union Station,w_0173,0.3,0.0,0.5,0.2,48.81678601447848,23.27720093337647,67,hier_jaccard_003,hier_jaccard_004
stl_midamerica_to_st_louis_union_station_2026-03-09_0174,midamerica_to_st_louis_union_station,MidAmerica to St. Louis Union Station,w_0174,0.3,0.0,0.6,0.1,49.00456878084652,21.172720056264502,69,hier_jaccard_006,hier_jaccard_008
stl_midamerica_to_st_louis_union_station_2026-03-09_0175,midamerica_to_st_louis_union_station,MidAmerica to St. Louis Union Station,w_0175,0.3,0.0,0.7,0.0,49.00456878084652,17.50153854738165,69,hier_jaccard_006,hier_jaccard_008
stl_midamerica_to_st_louis_union_station_2026-03-09_0176,midamerica_to_st_louis_union_station,MidAmerica to St. Louis Union Station,w_0176,0.3,0.1,0.0,0.6,47.22076683153593,31.190444278917205,67,hier_jaccard_007,hier_jaccard_009
stl_midamerica_to_st_louis_union_station_2026-03-09_0177,midamerica_to_st_louis_union_station,MidAmerica to St. Louis Union Station,w_0177,0.3,0.1,0.1,0.5,48.12963633259222,30.091200331510507,68,hier_jaccard_007,hier_jaccard_009
stl_midamerica_to_st_louis_union_station_2026-03-09_0178,midamerica_to_st_louis_union_station,MidAmerica to St. Louis Union Station,w_0178,0.3,0.1,0.2,0.4,48.28493045606478,28.84383578648056,67,hier_jaccard_003,hier_jaccard_004
stl_midamerica_to_st_louis_union_station_2026-03-09_0179,midamerica_to_st_louis_union_station,MidAmerica to St. Louis Union Station,w_0179,0.3,0.1,0.3,0.3,48.81744574263549,27.1756429537213,67,hier_jaccard_003,hier_jaccard_004
stl_midamerica_to_st_louis_union_station_2026-03-09_0180,midamerica_to_st_louis_union_station,MidAmerica to St. Louis Union Station,w_0180,0.3,0.1,0.4,0.2,50.26626891521631,25.38797938871347,68,hier_jaccard_002,hier_jaccard_001
stl_midamerica_to_st_louis_union_station_2026-03-09_0181,midamerica_to_st_louis_union_station,MidAmerica to St. Louis Union Station,w_0181,0.3,0.1,0.5,0.1,50.26626891521631,23.54116711052988,68,hier_jaccard_002,hier_jaccard_001
stl_midamerica_to_st_louis_union_station_2026-03-09_0182,midamerica_to_st_louis_union_station,MidAmerica to St. Louis Union Station,w_0182,0.3,0.1,0.6,0.0,49.0056478471184,19.933745732206933,69,hier_jaccard_006,hier_jaccard_008
stl_midamerica_to_st_louis_union_station_2026-03-09_0183,midamerica_to_st_louis_union_station,MidAmerica to St. Louis Union Station,w_0183,0.3,0.2,0.0,0.5,48.66685213560263,30.668041392314706,68,hier_jaccard_002,hier_jaccard_001
stl_midamerica_to_st_louis_union_station_2026-03-09_0184,midamerica_to_st_louis_union_station,MidAmerica to St. Louis Union Station,w_0184,0.3,0.2,0.1,0.4,49.19987060958678,29.537258252177992,68,hier_jaccard_002,hier_jaccard_001
stl_midamerica_to_st_louis_union_station_2026-03-09_0185,midamerica_to_st_louis_union_station,MidAmerica to St. Louis Union Station,w_0185,0.3,0.2,0.2,0.3,49.73411900875928,28.08293710298845,68,hier_jaccard_002,hier_jaccard_001
stl_midamerica_to_st_louis_union_station_2026-03-09_0186,midamerica_to_st_louis_union_station,MidAmerica to St. Louis Union Station,w_0186,0.3,0.2,0.3,0.2,49.73326992469228,26.317256305601955,68,hier_jaccard_002,hier_jaccard_001
stl_midamerica_to_st_louis_union_station_2026-03-09_0187,midamerica_to_st_louis_union_station,MidAmerica to St. Louis Union Station,w_0187,0.3,0.2,0.4,0.1,55.90142298617114,24.21619879551057,69,hier_jaccard_001,hier_jaccard_002
stl_midamerica_to_st_louis_union_station_2026-03-09_0188,midamerica_to_st_louis_union_station,MidAmerica to St. Louis Union Station,w_0188,0.3,0.2,0.5,0.0,55.90523400535559,21.299157764919748,69,hier_jaccard_001,hier_jaccard_002
stl_midamerica_to_st_louis_union_station_2026-03-09_0189,midamerica_to_st_louis_union_station,MidAmerica to St. Louis Union Station,w_0189,0.3,0.3,0.0,0.4,49.20045512079,29.782482943117287,68,hier_jaccard_002,hier_jaccard_001
stl_midamerica_to_st_louis_union_station_2026-03-09_0190,midamerica_to_st_louis_union_station,MidAmerica to St. Louis Union Station,w_0190,0.3,0.3,0.1,0.3,49.19999513677147,28.69364087278985,68,hier_jaccard_002,hier_jaccard_001
stl_midamerica_to_st_louis_union_station_2026-03-09_0191,midamerica_to_st_louis_union_station,MidAmerica to St. Louis Union Station,w_0191,0.3,0.3,0.2,0.2,49.7342435422061,27.087215648440104,68,hier_jaccard_002,hier_jaccard_001
stl_midamerica_to_st_louis_union_station_2026-03-09_0192,midamerica_to_st_louis_union_station,MidAmerica to St. Louis Union Station,w_0192,0.3,0.3,0.3,0.1,55.90142298617114,24.60363042826182,69,hier_jaccard_001,hier_jaccard_002
stl_midamerica_to_st_louis_union_station_2026-03-09_0193,midamerica_to_st_louis_union_station,MidAmerica to St. Louis Union Station,w_0193,0.3,0.3,0.4,0.0,55.530235615510485,21.769323582903287,68,hier_jaccard_001,hier_jaccard_002
stl_midamerica_to_st_louis_union_station_2026-03-09_0194,midamerica_to_st_louis_union_station,MidAmerica to St. Louis Union Station,w_0194,0.3,0.4,0.0,0.3,49.20045512079,28.88181566247619,68,hier_jaccard_002,hier_jaccard_001
stl_midamerica_to_st_louis_union_station_2026-03-09_0195,midamerica_to_st_louis_union_station,MidAmerica to St. Louis Union Station,w_0195,0.3,0.4,0.1,0.2,54.99556545917048,27.596809885966863,68,hier_jaccard_001,hier_jaccard_002
stl_midamerica_to_st_louis_union_station_2026-03-09_0196,midamerica_to_st_louis_union_station,MidAmerica to St. Louis Union Station,w_0196,0.3,0.4,0.2,0.1,54.99556545917048,24.940520275137263,68,hier_jaccard_001,hier_jaccard_002
stl_midamerica_to_st_louis_union_station_2026-03-09_0197,midamerica_to_st_louis_union_station,MidAmerica to St. Louis Union Station,w_0197,0.3,0.4,0.3,0.0,55.530235615510485,22.181482493325408,68,hier_jaccard_001,hier_jaccard_002
stl_midamerica_to_st_louis_union_station_2026-03-09_0198,midamerica_to_st_louis_union_station,MidAmerica to St. Louis Union Station,w_0198,0.3,0.5,0.0,0.2,51.93172241795522,27.707194361614643,71,hier_jaccard_011,hier_jaccard_010
stl_midamerica_to_st_louis_union_station_2026-03-09_0199,midamerica_to_st_louis_union_station,MidAmerica to St. Louis Union Station,w_0199,0.3,0.5,0.1,0.1,55.52676133994216,25.17998061502347,68,hier_jaccard_001,hier_jaccard_002
stl_midamerica_to_st_louis_union_station_2026-03-09_0200,midamerica_to_st_louis_union_station,MidAmerica to St. Louis Union Station,w_0200,0.3,0.5,0.2,0.0,55.52676133994216,22.52309260886888,68,hier_jaccard_001,hier_jaccard_002
stl_midamerica_to_st_louis_union_station_2026-03-09_0201,midamerica_to_st_louis_union_station,MidAmerica to St. Louis Union Station,w_0201,0.3,0.6,0.0,0.1,55.52680328940044,25.352268664445276,68,hier_jaccard_001,hier_jaccard_002
stl_midamerica_to_st_louis_union_station_2026-03-09_0202,midamerica_to_st_louis_union_station,MidAmerica to St. Louis Union Station,w_0202,0.3,0.6,0.1,0.0,55.52676133994216,22.740706835552874,68,hier_jaccard_001,hier_jaccard_002
stl_midamerica_to_st_louis_union_station_2026-03-09_0203,midamerica_to_st_louis_union_station,MidAmerica to St. Louis Union Station,w_0203,0.3,0.7,0.0,0.0,55.52680328940044,22.90543821369306,68,hier_jaccard_001,hier_jaccard_002
stl_midamerica_to_st_louis_union_station_2026-03-09_0204,midamerica_to_st_louis_union_station,MidAmerica to St. Louis Union Station,w_0204,0.4,0.0,0.0,0.6,46.683328700980354,34.11120888445275,67,hier_jaccard_003,hier_jaccard_004
stl_midamerica_to_st_louis_union_station_2026-03-09_0205,midamerica_to_st_louis_union_station,MidAmerica to St. Louis Union Station,w_0205,0.4,0.0,0.1,0.5,46.683794018220816,32.77316296665078,67,hier_jaccard_003,hier_jaccard_004
stl_midamerica_to_st_louis_union_station_2026-03-09_0206,midamerica_to_st_louis_union_station,MidAmerica to St. Louis Union Station,w_0206,0.4,0.0,0.2,0.4,46.683794018220816,31.43491220416287,67,hier_jaccard_003,hier_jaccard_004
stl_midamerica_to_st_louis_union_station_2026-03-09_0207,midamerica_to_st_louis_union_station,MidAmerica to St. Louis Union Station,w_0207,0.4,0.0,0.3,0.3,48.81678601447848,29.85404714984296,67,hier_jaccard_003,hier_jaccard_004
stl_midamerica_to_st_louis_union_station_2026-03-09_0208,midamerica_to_st_louis_union_station,MidAmerica to St. Louis Union Station,w_0208,0.4,0.0,0.4,0.2,48.81678601447848,28.121925539295415,67,hier_jaccard_003,hier_jaccard_004
stl_midamerica_to_st_louis_union_station_2026-03-09_0209,midamerica_to_st_louis_union_station,MidAmerica to St. Louis Union Station,w_0209,0.4,0.0,0.5,0.1,47.94130932487244,26.27018559363962,69,hier_jaccard_006,hier_jaccard_008
stl_midamerica_to_st_louis_union_station_2026-03-09_0210,midamerica_to_st_louis_union_station,MidAmerica to St. Louis Union Station,w_0210,0.4,0.0,0.6,0.0,48.47358680859487,22.670042245118044,69,hier_jaccard_006,hier_jaccard_008
stl_midamerica_to_st_louis_union_station_2026-03-09_0211,midamerica_to_st_louis_union_station,MidAmerica to St. Louis Union Station,w_0211,0.4,0.1,0.0,0.5,47.22076683153593,34.12739504186994,67,hier_jaccard_007,hier_jaccard_009
stl_midamerica_to_st_louis_union_station_2026-03-09_0212,midamerica_to_st_louis_union_station,MidAmerica to St. Louis Union Station,w_0212,0.4,0.1,0.1,0.4,46.68464450677034,33.03441874889216,67,hier_jaccard_003,hier_jaccard_004
stl_midamerica_to_st_louis_union_station_2026-03-09_0213,midamerica_to_st_louis_union_station,MidAmerica to St. Louis Union Station,w_0213,0.4,0.1,0.2,0.3,46.684295944844735,31.769642726056176,67,hier_jaccard_003,hier_jaccard_004
stl_midamerica_to_st_louis_union_station_2026-03-09_0214,midamerica_to_st_louis_union_station,MidAmerica to St. Louis Union Station,w_0214,0.4,0.1,0.3,0.2,48.82434021363368,30.18556344335657,67,hier_jaccard_002,hier_jaccard_001
stl_midamerica_to_st_louis_union_station_2026-03-09_0215,midamerica_to_st_louis_union_station,MidAmerica to St. Louis Union Station,w_0215,0.4,0.1,0.4,0.1,48.82434021363368,28.391951158991144,67,hier_jaccard_002,hier_jaccard_001
stl_midamerica_to_st_louis_union_station_2026-03-09_0216,midamerica_to_st_louis_union_station,MidAmerica to St. Louis Union Station,w_0216,0.4,0.1,0.5,0.0,47.94130932487244,25.070586959934783,69,hier_jaccard_006,hier_jaccard_008
stl_midamerica_to_st_louis_union_station_2026-03-09_0217,midamerica_to_st_louis_union_station,MidAmerica to St. Louis Union Station,w_0217,0.4,0.2,0.0,0.4,48.66685213560263,33.70414319470471,68,hier_jaccard_002,hier_jaccard_001
stl_midamerica_to_st_louis_union_station_2026-03-09_0218,midamerica_to_st_louis_union_station,MidAmerica to St. Louis Union Station,w_0218,0.4,0.2,0.1,0.3,47.59717568370674,32.57521997295709,68,hier_jaccard_007,hier_jaccard_009
stl_midamerica_to_st_louis_union_station_2026-03-09_0219,midamerica_to_st_louis_union_station,MidAmerica to St. Louis Union Station,w_0219,0.4,0.2,0.2,0.2,49.73411900875928,31.11649852670382,68,hier_jaccard_002,hier_jaccard_001
stl_midamerica_to_st_louis_union_station_2026-03-09_0220,midamerica_to_st_louis_union_station,MidAmerica to St. Louis Union Station,w_0220,0.4,0.2,0.3,0.1,49.73326992469228,29.350724282124787,68,hier_jaccard_002,hier_jaccard_001
stl_midamerica_to_st_louis_union_station_2026-03-09_0221,midamerica_to_st_louis_union_station,MidAmerica to St. Louis Union Station,w_0221,0.4,0.2,0.4,0.0,48.10263001492852,26.98422564074328,68,hier_jaccard_008,hier_jaccard_005
stl_midamerica_to_st_louis_union_station_2026-03-09_0222,midamerica_to_st_louis_union_station,MidAmerica to St. Louis Union Station,w_0222,0.4,0.3,0.0,0.3,49.20045512079,32.87731120479747,68,hier_jaccard_002,hier_jaccard_001
stl_midamerica_to_st_louis_union_station_2026-03-09_0223,midamerica_to_st_louis_union_station,MidAmerica to St. Louis Union Station,w_0223,0.4,0.3,0.1,0.2,49.19999513677147,31.788418510254115,68,hier_jaccard_002,hier_jaccard_001
stl_midamerica_to_st_louis_union_station_2026-03-09_0224,midamerica_to_st_louis_union_station,MidAmerica to St. Louis Union Station,w_0224,0.4,0.3,0.2,0.1,49.7342435422061,30.120790777866645,68,hier_jaccard_002,hier_jaccard_001
stl_midamerica_to_st_louis_union_station_2026-03-09_0225,midamerica_to_st_louis_union_station,MidAmerica to St. Louis Union Station,w_0225,0.4,0.3,0.3,0.0,54.99846177070776,27.54927167175867,68,hier_jaccard_001,hier_jaccard_002
stl_midamerica_to_st_louis_union_station_2026-03-09_0226,midamerica_to_st_louis_union_station,MidAmerica to St. Louis Union Station,w_0226,0.4,0.4,0.0,0.2,49.20045512079,31.97664392415638,68,hier_jaccard_002,hier_jaccard_001
stl_midamerica_to_st_louis_union_station_2026-03-09_0227,midamerica_to_st_louis_union_station,MidAmerica to St. Louis Union Station,w_0227,0.4,0.4,0.1,0.1,54.99556545917048,30.549427516927867,68,hier_jaccard_001,hier_jaccard_002
stl_midamerica_to_st_louis_union_station_2026-03-09_0228,midamerica_to_st_louis_union_station,MidAmerica to St. Louis Union Station,w_0228,0.4,0.4,0.2,0.0,54.99846177070776,27.88921285380077,68,hier_jaccard_001,hier_jaccard_002
stl_midamerica_to_st_louis_union_station_2026-03-09_0229,midamerica_to_st_louis_union_station,MidAmerica to St. Louis Union Station,w_0229,0.4,0.5,0.0,0.1,51.93172241795522,30.762616252247746,71,hier_jaccard_011,hier_jaccard_010
stl_midamerica_to_st_louis_union_station_2026-03-09_0230,midamerica_to_st_louis_union_station,MidAmerica to St. Louis Union Station,w_0230,0.4,0.5,0.1,0.0,54.99556545917048,28.148239167906222,68,hier_jaccard_001,hier_jaccard_002
stl_midamerica_to_st_louis_union_station_2026-03-09_0231,midamerica_to_st_louis_union_station,MidAmerica to St. Louis Union Station,w_0231,0.4,0.6,0.0,0.0,54.99564589804045,28.35803581329581,68,hier_jaccard_001,hier_jaccard_002
stl_midamerica_to_st_louis_union_station_2026-03-09_0232,midamerica_to_st_louis_union_station,MidAmerica to St. Louis Union Station,w_0232,0.5,0.0,0.0,0.5,46.683328700980354,36.98901110556593,67,hier_jaccard_003,hier_jaccard_004
stl_midamerica_to_st_louis_union_station_2026-03-09_0233,midamerica_to_st_louis_union_station,MidAmerica to St. Louis Union Station,w_0233,0.5,0.0,0.1,0.4,46.683794018220816,35.65101639893545,67,hier_jaccard_003,hier_jaccard_004
stl_midamerica_to_st_louis_union_station_2026-03-09_0234,midamerica_to_st_louis_union_station,MidAmerica to St. Louis Union Station,w_0234,0.5,0.0,0.2,0.3,46.683794018220816,34.31276563644754,67,hier_jaccard_003,hier_jaccard_004
stl_midamerica_to_st_louis_union_station_2026-03-09_0235,midamerica_to_st_louis_union_station,MidAmerica to St. Louis Union Station,w_0235,0.5,0.0,0.3,0.2,47.21619300596334,32.92128332332979,67,hier_jaccard_003,hier_jaccard_004
stl_midamerica_to_st_louis_union_station_2026-03-09_0236,midamerica_to_st_louis_union_station,MidAmerica to St. Louis Union Station,w_0236,0.5,0.0,0.4,0.1,47.21564940138753,31.16953237523,67,hier_jaccard_003,hier_jaccard_004
stl_midamerica_to_st_louis_union_station_2026-03-09_0237,midamerica_to_st_louis_union_station,MidAmerica to St. Louis Union Station,w_0237,0.5,0.0,0.5,0.0,47.94130932487244,27.686436717678063,69,hier_jaccard_006,hier_jaccard_008
stl_midamerica_to_st_louis_union_station_2026-03-09_0238,midamerica_to_st_louis_union_station,MidAmerica to St. Louis Union Station,w_0238,0.5,0.1,0.0,0.4,46.68855540718086,36.96935411859173,67,hier_jaccard_007,hier_jaccard_009
stl_midamerica_to_st_louis_union_station_2026-03-09_0239,midamerica_to_st_louis_union_station,MidAmerica to St. Louis Union Station,w_0239,0.5,0.1,0.1,0.3,46.688245972648126,35.899888371043744,67,hier_jaccard_007,hier_jaccard_009
stl_midamerica_to_st_louis_union_station_2026-03-09_0240,midamerica_to_st_louis_union_station,MidAmerica to St. Louis Union Station,w_0240,0.5,0.1,0.2,0.2,46.684295944844735,34.647551398611725,67,hier_jaccard_003,hier_jaccard_004
stl_midamerica_to_st_louis_union_station_2026-03-09_0241,midamerica_to_st_louis_union_station,MidAmerica to St. Louis Union Station,w_0241,0.5,0.1,0.3,0.1,46.67985536954628,33.08197195694461,67,hier_jaccard_012,hier_jaccard_011
stl_midamerica_to_st_louis_union_station_2026-03-09_0242,midamerica_to_st_louis_union_station,MidAmerica to St. Louis Union Station,w_0242,0.5,0.1,0.4,0.0,47.565033920383634,30.071327142767394,68,hier_jaccard_006,hier_jaccard_008
stl_midamerica_to_st_louis_union_station_2026-03-09_0243,midamerica_to_st_louis_union_station,MidAmerica to St. Louis Union Station,w_0243,0.5,0.2,0.0,0.3,47.0639138100706,36.62056009095311,68,hier_jaccard_007,hier_jaccard_009
stl_midamerica_to_st_louis_union_station_2026-03-09_0244,midamerica_to_st_louis_union_station,MidAmerica to St. Louis Union Station,w_0244,0.5,0.2,0.1,0.2,47.59717568370674,35.49359696429892,68,hier_jaccard_007,hier_jaccard_009
stl_midamerica_to_st_louis_union_station_2026-03-09_0245,midamerica_to_st_louis_union_station,MidAmerica to St. Louis Union Station,w_0245,0.5,0.2,0.2,0.1,49.73411900875928,34.15005995041919,68,hier_jaccard_002,hier_jaccard_001
stl_midamerica_to_st_louis_union_station_2026-03-09_0246,midamerica_to_st_louis_union_station,MidAmerica to St. Louis Union Station,w_0246,0.5,0.2,0.3,0.0,47.57110484020323,31.671999874631044,68,hier_jaccard_008,hier_jaccard_005
stl_midamerica_to_st_louis_union_station_2026-03-09_0247,midamerica_to_st_louis_union_station,MidAmerica to St. Louis Union Station,w_0247,0.5,0.3,0.0,0.2,48.66685213560263,35.920112989667054,68,hier_jaccard_002,hier_jaccard_001
stl_midamerica_to_st_louis_union_station_2026-03-09_0248,midamerica_to_st_louis_union_station,MidAmerica to St. Louis Union Station,w_0248,0.5,0.3,0.1,0.1,49.73436806939079,34.824550449049525,68,hier_jaccard_002,hier_jaccard_001
stl_midamerica_to_st_louis_union_station_2026-03-09_0249,midamerica_to_st_louis_union_station,MidAmerica to St. Louis Union Station,w_0249,0.5,0.3,0.2,0.0,47.197627665299606,32.909027065880935,67,hier_jaccard_008,hier_jaccard_005
stl_midamerica_to_st_louis_union_station_2026-03-09_0250,midamerica_to_st_louis_union_station,MidAmerica to St. Louis Union Station,w_0250,0.5,0.4,0.0,0.1,49.203575913705706,35.00792383259433,68,hier_jaccard_011,hier_jaccard_010
stl_midamerica_to_st_louis_union_station_2026-03-09_0251,midamerica_to_st_louis_union_station,MidAmerica to St. Louis Union Station,w_0251,0.5,0.4,0.1,0.0,54.99556545917048,33.50204514788887,68,hier_jaccard_001,hier_jaccard_002
stl_midamerica_to_st_louis_union_station_2026-03-09_0252,midamerica_to_st_louis_union_station,MidAmerica to St. Louis Union Station,w_0252,0.5,0.5,0.0,0.0,54.99564589804045,33.71940731737791,68,hier_jaccard_001,hier_jaccard_002
stl_midamerica_to_st_louis_union_station_2026-03-09_0253,midamerica_to_st_louis_union_station,MidAmerica to St. Louis Union Station,w_0253,0.6,0.0,0.0,0.4,46.683328700980354,39.86681332667912,67,hier_jaccard_003,hier_jaccard_004
stl_midamerica_to_st_louis_union_station_2026-03-09_0254,midamerica_to_st_louis_union_station,MidAmerica to St. Louis Union Station,w_0254,0.6,0.0,0.1,0.3,46.683794018220816,38.52886983122011,67,hier_jaccard_003,hier_jaccard_004
stl_midamerica_to_st_louis_union_station_2026-03-09_0255,midamerica_to_st_louis_union_station,MidAmerica to St. Louis Union Station,w_0255,0.6,0.0,0.2,0.2,46.683794018220816,37.19061906873221,67,hier_jaccard_003,hier_jaccard_004
stl_midamerica_to_st_louis_union_station_2026-03-09_0256,midamerica_to_st_louis_union_station,MidAmerica to St. Louis Union Station,w_0256,0.6,0.0,0.3,0.1,46.68135707175747,35.61576714013307,67,hier_jaccard_012,hier_jaccard_011
stl_midamerica_to_st_louis_union_station_2026-03-09_0257,midamerica_to_st_louis_union_station,MidAmerica to St. Louis Union Station,w_0257,0.6,0.0,0.4,0.0,47.94130932487244,32.70165162221934,69,hier_jaccard_006,hier_jaccard_008
stl_midamerica_to_st_louis_union_station_2026-03-09_0258,midamerica_to_st_louis_union_station,MidAmerica to St. Louis Union Station,w_0258,0.6,0.1,0.0,0.3,46.68855540718086,39.78773157252298,67,hier_jaccard_007,hier_jaccard_009
stl_midamerica_to_st_louis_union_station_2026-03-09_0259,midamerica_to_st_louis_union_station,MidAmerica to St. Louis Union Station,w_0259,0.6,0.1,0.1,0.2,46.688245972648126,38.71823176970359,67,hier_jaccard_007,hier_jaccard_009
stl_midamerica_to_st_louis_union_station_2026-03-09_0260,midamerica_to_st_louis_union_station,MidAmerica to St. Louis Union Station,w_0260,0.6,0.1,0.2,0.1,46.67985536954628,37.34967611037182,67,hier_jaccard_012,hier_jaccard_011
stl_midamerica_to_st_louis_union_station_2026-03-09_0261,midamerica_to_st_louis_union_station,MidAmerica to St. Louis Union Station,w_0261,0.6,0.1,0.3,0.0,47.565033920383634,34.92951200118012,68,hier_jaccard_006,hier_jaccard_008
stl_midamerica_to_st_louis_union_station_2026-03-09_0262,midamerica_to_st_louis_union_station,MidAmerica to St. Louis Union Station,w_0262,0.6,0.2,0.0,0.2,46.68855540718086,39.465198421458375,67,hier_jaccard_007,hier_jaccard_009
stl_midamerica_to_st_louis_union_station_2026-03-09_0263,midamerica_to_st_louis_union_station,MidAmerica to St. Louis Union Station,w_0263,0.6,0.2,0.1,0.1,46.68280170407524,38.34051584572463,67,hier_jaccard_007,hier_jaccard_009
stl_midamerica_to_st_louis_union_station_2026-03-09_0264,midamerica_to_st_louis_union_station,MidAmerica to St. Louis Union Station,w_0264,0.6,0.2,0.2,0.0,47.19755092313367,36.22671441833624,67,hier_jaccard_008,hier_jaccard_005
stl_midamerica_to_st_louis_union_station_2026-03-09_0265,midamerica_to_st_louis_union_station,MidAmerica to St. Louis Union Station,w_0265,0.6,0.3,0.0,0.1,48.66685213560263,38.95621479205706,68,hier_jaccard_002,hier_jaccard_001
stl_midamerica_to_st_louis_union_station_2026-03-09_0266,midamerica_to_st_louis_union_station,MidAmerica to St. Louis Union Station,w_0266,0.6,0.3,0.1,0.0,46.66421926809964,37.2018150046794,67,hier_jaccard_008,hier_jaccard_005
stl_midamerica_to_st_louis_union_station_2026-03-09_0267,midamerica_to_st_louis_union_station,MidAmerica to St. Louis Union Station,w_0267,0.6,0.4,0.0,0.0,46.66599661404935,37.76103496698872,67,hier_jaccard_008,hier_jaccard_005
stl_midamerica_to_st_louis_union_station_2026-03-09_0268,midamerica_to_st_louis_union_station,MidAmerica to St. Louis Union Station,w_0268,0.7,0.0,0.0,0.3,46.683328700980354,42.74461554779229,67,hier_jaccard_003,hier_jaccard_004
stl_midamerica_to_st_louis_union_station_2026-03-09_0269,midamerica_to_st_louis_union_station,MidAmerica to St. Louis Union Station,w_0269,0.7,0.0,0.1,0.2,46.683794018220816,41.40672326350478,67,hier_jaccard_003,hier_jaccard_004
stl_midamerica_to_st_louis_union_station_2026-03-09_0270,midamerica_to_st_louis_union_station,MidAmerica to St. Louis Union Station,w_0270,0.7,0.0,0.2,0.1,46.6818229771038,40.024053169073056,67,hier_jaccard_012,hier_jaccard_011
stl_midamerica_to_st_louis_union_station_2026-03-09_0271,midamerica_to_st_louis_union_station,MidAmerica to St. Louis Union Station,w_0271,0.7,0.0,0.3,0.0,47.19229243837015,37.59104128077045,67,hier_jaccard_006,hier_jaccard_008
stl_midamerica_to_st_louis_union_station_2026-03-09_0272,midamerica_to_st_louis_union_station,MidAmerica to St. Louis Union Station,w_0272,0.7,0.1,0.0,0.2,46.68855540718086,42.60610902645424,67,hier_jaccard_007,hier_jaccard_009
stl_midamerica_to_st_louis_union_station_2026-03-09_0273,midamerica_to_st_louis_union_station,MidAmerica to St. Louis Union Station,w_0273,0.7,0.1,0.1,0.1,46.688245972648126,41.53657516836344,67,hier_jaccard_007,hier_jaccard_009
stl_midamerica_to_st_louis_union_station_2026-03-09_0274,midamerica_to_st_louis_union_station,MidAmerica to St. Louis Union Station,w_0274,0.7,0.1,0.2,0.0,46.66681096312491,39.51758930751262,67,hier_jaccard_008,hier_jaccard_005
stl_midamerica_to_st_louis_union_station_2026-03-09_0275,midamerica_to_st_louis_union_station,MidAmerica to St. Louis Union Station,w_0275,0.7,0.2,0.0,0.1,46.68855540718086,42.28357587538964,67,hier_jaccard_007,hier_jaccard_009
stl_midamerica_to_st_louis_union_station_2026-03-09_0276,midamerica_to_st_louis_union_station,MidAmerica to St. Louis Union Station,w_0276,0.7,0.2,0.1,0.0,46.6645678834163,40.54312754805487,67,hier_jaccard_008,hier_jaccard_005
stl_midamerica_to_st_louis_union_station_2026-03-09_0277,midamerica_to_st_louis_union_station,MidAmerica to St. Louis Union Station,w_0277,0.7,0.3,0.0,0.0,46.66599661404935,41.16051300739435,67,hier_jaccard_008,hier_jaccard_005
stl_midamerica_to_st_louis_union_station_2026-03-09_0278,midamerica_to_st_louis_union_station,MidAmerica to St. Louis Union Station,w_0278,0.8,0.0,0.0,0.2,46.683328700980354,45.622417768905486,67,hier_jaccard_003,hier_jaccard_004
stl_midamerica_to_st_louis_union_station_2026-03-09_0279,midamerica_to_st_louis_union_station,MidAmerica to St. Louis Union Station,w_0279,0.8,0.0,0.1,0.1,46.683794018220816,44.28457669578945,67,hier_jaccard_003,hier_jaccard_004
stl_midamerica_to_st_louis_union_station_2026-03-09_0280,midamerica_to_st_louis_union_station,MidAmerica to St. Louis Union Station,w_0280,0.8,0.0,0.2,0.0,47.19229243837015,42.37341742665724,67,hier_jaccard_006,hier_jaccard_008
stl_midamerica_to_st_louis_union_station_2026-03-09_0281,midamerica_to_st_louis_union_station,MidAmerica to St. Louis Union Station,w_0281,0.8,0.1,0.0,0.1,46.68855540718086,45.42448648038552,67,hier_jaccard_007,hier_jaccard_009
stl_midamerica_to_st_louis_union_station_2026-03-09_0282,midamerica_to_st_louis_union_station,MidAmerica to St. Louis Union Station,w_0282,0.8,0.1,0.1,0.0,46.66573024206029,43.83810199400256,67,hier_jaccard_008,hier_jaccard_005
stl_midamerica_to_st_louis_union_station_2026-03-09_0283,midamerica_to_st_louis_union_station,MidAmerica to St. Louis Union Station,w_0283,0.8,0.2,0.0,0.0,46.66599661404935,44.55999104779999,67,hier_jaccard_008,hier_jaccard_005
stl_midamerica_to_st_louis_union_station_2026-03-09_0284,midamerica_to_st_louis_union_station,MidAmerica to St. Louis Union Station,w_0284,0.9,0.0,0.0,0.1,46.683328700980354,48.50021999001866,67,hier_jaccard_003,hier_jaccard_004
stl_midamerica_to_st_louis_union_station_2026-03-09_0285,midamerica_to_st_louis_union_station,MidAmerica to St. Louis Union Station,w_0285,0.9,0.0,0.1,0.0,46.67482415994135,46.88829967108137,67,hier_jaccard_017,hier_jaccard_017
stl_midamerica_to_st_louis_union_station_2026-03-09_0286,midamerica_to_st_louis_union_station,MidAmerica to St. Louis Union Station,w_0286,0.9,0.1,0.0,0.0,46.66599661404935,47.959469088205616,67,hier_jaccard_008,hier_jaccard_005
stl_midamerica_to_st_louis_union_station_2026-03-09_0287,midamerica_to_st_louis_union_station,MidAmerica to St. Louis Union Station,w_0287,1.0,0.0,0.0,0.0,46.65953988976652,51.351841085986514,67,hier_jaccard_008,hier_jaccard_005
stl_st_louis_downtown_airport_to_st_louis_lambert_2026-03-09_0001,st_louis_downtown_airport_to_st_louis_lambert,St. Louis Downtown Airport to St. Louis Lambert,w_0001,0.0,0.0,0.0,1.0,35.06847425714207,33.400000000000006,40,hier_jaccard_002,hier_jaccard_006
stl_st_louis_downtown_airport_to_st_louis_lambert_2026-03-09_0002,st_louis_downtown_airport_to_st_louis_lambert,St. Louis Downtown Airport to St. Louis Lambert,w_0002,0.0,0.0,0.1,0.9,35.068901024242656,31.69086056600572,40,hier_jaccard_002,hier_jaccard_006
stl_st_louis_downtown_airport_to_st_louis_lambert_2026-03-09_0003,st_louis_downtown_airport_to_st_louis_lambert,St. Louis Downtown Airport to St. Louis Lambert,w_0003,0.0,0.0,0.2,0.8,35.068901024242656,29.981721132011437,40,hier_jaccard_002,hier_jaccard_006
stl_st_louis_downtown_airport_to_st_louis_lambert_2026-03-09_0004,st_louis_downtown_airport_to_st_louis_lambert,St. Louis Downtown Airport to St. Louis Lambert,w_0004,0.0,0.0,0.3,0.7,35.445569252782064,27.90339992259691,41,hier_jaccard_001,hier_jaccard_004
stl_st_louis_downtown_airport_to_st_louis_lambert_2026-03-09_0005,st_louis_downtown_airport_to_st_louis_lambert,St. Louis Downtown Airport to St. Louis Lambert,w_0005,0.0,0.0,0.4,0.6,35.445569252782064,25.73786656346255,41,hier_jaccard_001,hier_jaccard_004
stl_st_louis_downtown_airport_to_st_louis_lambert_2026-03-09_0006,st_louis_downtown_airport_to_st_louis_lambert,St. Louis Downtown Airport to St. Louis Lambert,w_0006,0.0,0.0,0.5,0.5,35.445569252782064,23.572333204328185,41,hier_jaccard_001,hier_jaccard_004
stl_st_louis_downtown_airport_to_st_louis_lambert_2026-03-09_0007,st_louis_downtown_airport_to_st_louis_lambert,St. Louis Downtown Airport to St. Louis Lambert,w_0007,0.0,0.0,0.6,0.4,35.445569252782064,21.406799845193824,41,hier_jaccard_001,hier_jaccard_004
stl_st_louis_downtown_airport_to_st_louis_lambert_2026-03-09_0008,st_louis_downtown_airport_to_st_louis_lambert,St. Louis Downtown Airport to St. Louis Lambert,w_0008,0.0,0.0,0.7,0.3,38.381105375947406,19.11609123017438,46,hier_jaccard_004,hier_jaccard_002
stl_st_louis_downtown_airport_to_st_louis_lambert_2026-03-09_0009,st_louis_downtown_airport_to_st_louis_lambert,St. Louis Downtown Airport to St. Louis Lambert,w_0009,0.0,0.0,0.8,0.2,38.7563296254266,16.306553794600152,47,hier_jaccard_004,hier_jaccard_002
stl_st_louis_downtown_airport_to_st_louis_lambert_2026-03-09_0010,st_louis_downtown_airport_to_st_louis_lambert,St. Louis Downtown Airport to St. Louis Lambert,w_0010,0.0,0.0,0.9,0.1,53.66376942189154,12.60618497239221,67,hier_jaccard_007,hier_jaccard_007
stl_st_louis_downtown_airport_to_st_louis_lambert_2026-03-09_0011,st_louis_downtown_airport_to_st_louis_lambert,St. Louis Downtown Airport to St. Louis Lambert,w_0011,0.0,0.0,1.0,0.0,55.47373327442274,7.919883492773679,69,hier_jaccard_007,hier_jaccard_007
stl_st_louis_downtown_airport_to_st_louis_lambert_2026-03-09_0012,st_louis_downtown_airport_to_st_louis_lambert,St. Louis Downtown Airport to St. Louis Lambert,w_0012,0.0,0.1,0.0,0.9,35.06932923764436,32.5387572976017,40,hier_jaccard_002,hier_jaccard_006
stl_st_louis_downtown_airport_to_st_louis_lambert_2026-03-09_0013,st_louis_downtown_airport_to_st_louis_lambert,St. Louis Downtown Airport to St. Louis Lambert,w_0013,0.0,0.1,0.1,0.8,35.06921230855894,30.931335737887963,40,hier_jaccard_002,hier_jaccard_006
stl_st_louis_downtown_airport_to_st_louis_lambert_2026-03-09_0014,st_louis_downtown_airport_to_st_louis_lambert,St. Louis Downtown Airport to St. Louis Lambert,w_0014,0.0,0.1,0.2,0.7,35.445569252782064,29.075180354789136,41,hier_jaccard_001,hier_jaccard_004
stl_st_louis_downtown_airport_to_st_louis_lambert_2026-03-09_0015,st_louis_downtown_airport_to_st_louis_lambert,St. Louis Downtown Airport to St. Louis Lambert,w_0015,0.0,0.1,0.3,0.6,35.445569252782064,26.90964699565477,41,hier_jaccard_001,hier_jaccard_004
stl_st_louis_downtown_airport_to_st_louis_lambert_2026-03-09_0016,st_louis_downtown_airport_to_st_louis_lambert,St. Louis Downtown Airport to St. Louis Lambert,w_0016,0.0,0.1,0.4,0.5,35.445569252782064,24.74411363652041,41,hier_jaccard_001,hier_jaccard_004
stl_st_louis_downtown_airport_to_st_louis_lambert_2026-03-09_0017,st_louis_downtown_airport_to_st_louis_lambert,St. Louis Downtown Airport to St. Louis Lambert,w_0017,0.0,0.1,0.5,0.4,35.445569252782064,22.578580277386045,41,hier_jaccard_001,hier_jaccard_004
stl_st_louis_downtown_airport_to_st_louis_lambert_2026-03-09_0018,st_louis_downtown_airport_to_st_louis_lambert,St. Louis Downtown Airport to St. Louis Lambert,w_0018,0.0,0.1,0.6,0.3,35.445569252782064,20.41304691825168,41,hier_jaccard_001,hier_jaccard_004
stl_st_louis_downtown_airport_to_st_louis_lambert_2026-03-09_0019,st_louis_downtown_airport_to_st_louis_lambert,St. Louis Downtown Airport to St. Louis Lambert,w_0019,0.0,0.1,0.7,0.2,38.75650082274933,18.039560564609506,47,hier_jaccard_004,hier_jaccard_002
stl_st_louis_downtown_airport_to_st_louis_lambert_2026-03-09_0020,st_louis_downtown_airport_to_st_louis_lambert,St. Louis Downtown Airport to St. Louis Lambert,w_0020,0.0,0.1,0.8,0.1,41.47233366374548,15.162737539411909,50,hier_jaccard_004,hier_jaccard_002
stl_st_louis_downtown_airport_to_st_louis_lambert_2026-03-09_0021,st_louis_downtown_airport_to_st_louis_lambert,St. Louis Downtown Airport to St. Louis Lambert,w_0021,0.0,0.1,0.9,0.0,56.91528668339016,11.177251560902588,70,hier_jaccard_007,hier_jaccard_007
stl_st_louis_downtown_airport_to_st_louis_lambert_2026-03-09_0022,st_louis_downtown_airport_to_st_louis_lambert,St. Louis Downtown Airport to St. Louis Lambert,w_0022,0.0,0.2,0.0,0.8,35.06932923764436,31.677514595203395,40,hier_jaccard_002,hier_jaccard_006
stl_st_louis_downtown_airport_to_st_louis_lambert_2026-03-09_0023,st_louis_downtown_airport_to_st_louis_lambert,St. Louis Downtown Airport to St. Louis Lambert,w_0023,0.0,0.2,0.1,0.7,35.06987633323177,29.922025859983663,40,hier_jaccard_002,hier_jaccard_006
stl_st_louis_downtown_airport_to_st_louis_lambert_2026-03-09_0024,st_louis_downtown_airport_to_st_louis_lambert,St. Louis Downtown Airport to St. Louis Lambert,w_0024,0.0,0.2,0.2,0.6,35.445621882417974,27.99581180721304,41,hier_jaccard_001,hier_jaccard_004
stl_st_louis_downtown_airport_to_st_louis_lambert_2026-03-09_0025,st_louis_downtown_airport_to_st_louis_lambert,St. Louis Downtown Airport to St. Louis Lambert,w_0025,0.0,0.2,0.3,0.5,35.445621882417974,25.8902158243879,41,hier_jaccard_001,hier_jaccard_004
stl_st_louis_downtown_airport_to_st_louis_lambert_2026-03-09_0026,st_louis_downtown_airport_to_st_louis_lambert,St. Louis Downtown Airport to St. Louis Lambert,w_0026,0.0,0.2,0.4,0.4,35.445569252782064,23.750360709578278,41,hier_jaccard_001,hier_jaccard_004
stl_st_louis_downtown_airport_to_st_louis_lambert_2026-03-09_0027,st_louis_downtown_airport_to_st_louis_lambert,St. Louis Downtown Airport to St. Louis Lambert,w_0027,0.0,0.2,0.5,0.3,35.445569252782064,21.58482735044391,41,hier_jaccard_001,hier_jaccard_004
stl_st_louis_downtown_airport_to_st_louis_lambert_2026-03-09_0028,st_louis_downtown_airport_to_st_louis_lambert,St. Louis Downtown Airport to St. Louis Lambert,w_0028,0.0,0.2,0.6,0.2,35.82020566880418,19.32554611076034,42,hier_jaccard_001,hier_jaccard_004
stl_st_louis_downtown_airport_to_st_louis_lambert_2026-03-09_0029,st_louis_downtown_airport_to_st_louis_lambert,St. Louis Downtown Airport to St. Louis Lambert,w_0029,0.0,0.2,0.7,0.1,38.3813576616533,16.84595239712084,46,hier_jaccard_004,hier_jaccard_002
stl_st_louis_downtown_airport_to_st_louis_lambert_2026-03-09_0030,st_louis_downtown_airport_to_st_louis_lambert,St. Louis Downtown Airport to St. Louis Lambert,w_0030,0.0,0.2,0.8,0.0,43.12251966990239,13.688540445056486,53,hier_jaccard_004,hier_jaccard_002
stl_st_louis_downtown_airport_to_st_louis_lambert_2026-03-09_0031,st_louis_downtown_airport_to_st_louis_lambert,St. Louis Downtown Airport to St. Louis Lambert,w_0031,0.0,0.3,0.0,0.7,35.445886833267345,30.45456203944274,41,hier_jaccard_001,hier_jaccard_004
stl_st_louis_downtown_airport_to_st_louis_lambert_2026-03-09_0032,st_louis_downtown_airport_to_st_louis_lambert,St. Louis Downtown Airport to St. Louis Lambert,w_0032,0.0,0.3,0.1,0.6,35.44576618687472,28.675914295814973,41,hier_jaccard_001,hier_jaccard_004
stl_st_louis_downtown_airport_to_st_louis_lambert_2026-03-09_0033,st_louis_downtown_airport_to_st_louis_lambert,St. Louis Downtown Airport to St. Louis Lambert,w_0033,0.0,0.3,0.2,0.5,35.44576618687472,26.85674493249755,41,hier_jaccard_001,hier_jaccard_004
stl_st_louis_downtown_airport_to_st_louis_lambert_2026-03-09_0034,st_louis_downtown_airport_to_st_louis_lambert,St. Louis Downtown Airport to St. Louis Lambert,w_0034,0.0,0.3,0.3,0.4,35.445621882417974,24.79371771081956,41,hier_jaccard_001,hier_jaccard_004
stl_st_louis_downtown_airport_to_st_louis_lambert_2026-03-09_0035,st_louis_downtown_airport_to_st_louis_lambert,St. Louis Downtown Airport to St. Louis Lambert,w_0035,0.0,0.3,0.4,0.3,35.445621882417974,22.68812172799442,41,hier_jaccard_001,hier_jaccard_004
stl_st_louis_downtown_airport_to_st_louis_lambert_2026-03-09_0036,st_louis_downtown_airport_to_st_louis_lambert,St. Louis Downtown Airport to St. Louis Lambert,w_0036,0.0,0.3,0.5,0.2,35.820258298440095,20.544370633366743,42,hier_jaccard_001,hier_jaccard_004
stl_st_louis_downtown_airport_to_st_louis_lambert_2026-03-09_0037,st_louis_downtown_airport_to_st_louis_lambert,St. Louis Downtown Airport to St. Louis Lambert,w_0037,0.0,0.3,0.6,0.1,45.17205123842373,17.97690097953398,57,hier_jaccard_005,hier_jaccard_003
stl_st_louis_downtown_airport_to_st_louis_lambert_2026-03-09_0038,st_louis_downtown_airport_to_st_louis_lambert,St. Louis Downtown Airport to St. Louis Lambert,w_0038,0.0,0.3,0.7,0.0,224.58622401097065,13.67903544912178,286,hier_jaccard_006,hier_jaccard_005
stl_st_louis_downtown_airport_to_st_louis_lambert_2026-03-09_0039,st_louis_downtown_airport_to_st_louis_lambert,St. Louis Downtown Airport to St. Louis Lambert,w_0039,0.0,0.4,0.0,0.6,36.19711858407648,28.76484096834563,43,hier_jaccard_001,hier_jaccard_004
stl_st_louis_downtown_airport_to_st_louis_lambert_2026-03-09_0040,st_louis_downtown_airport_to_st_louis_lambert,St. Louis Downtown Airport to St. Louis Lambert,w_0040,0.0,0.4,0.1,0.5,36.19698431445951,27.18716230775652,43,hier_jaccard_001,hier_jaccard_004
stl_st_louis_downtown_airport_to_st_louis_lambert_2026-03-09_0041,st_louis_downtown_airport_to_st_louis_lambert,St. Louis Downtown Airport to St. Louis Lambert,w_0041,0.0,0.4,0.2,0.4,35.44576618687472,25.555106152208342,41,hier_jaccard_001,hier_jaccard_004
stl_st_louis_downtown_airport_to_st_louis_lambert_2026-03-09_0042,st_louis_downtown_airport_to_st_louis_lambert,St. Louis Downtown Airport to St. Louis Lambert,w_0042,0.0,0.4,0.3,0.3,44.735890525236734,23.41617837266809,53,hier_jaccard_005,hier_jaccard_003
stl_st_louis_downtown_airport_to_st_louis_lambert_2026-03-09_0043,st_louis_downtown_airport_to_st_louis_lambert,St. Louis Downtown Airport to St. Louis Lambert,w_0043,0.0,0.4,0.4,0.2,45.63917048167798,20.748001472072907,54,hier_jaccard_005,hier_jaccard_003
stl_st_louis_downtown_airport_to_st_louis_lambert_2026-03-09_0044,st_louis_downtown_airport_to_st_louis_lambert,St. Louis Downtown Airport to St. Louis Lambert,w_0044,0.0,0.4,0.5,0.1,45.48722506937042,17.927119152444195,55,hier_jaccard_005,hier_jaccard_003
stl_st_louis_downtown_airport_to_st_louis_lambert_2026-03-09_0045,st_louis_downtown_airport_to_st_louis_lambert,St. Louis Downtown Airport to St. Louis Lambert,w_0045,0.0,0.4,0.6,0.0,224.57918256929145,13.331933936582754,286,hier_jaccard_006,hier_jaccard_005
stl_st_louis_downtown_airport_to_st_louis_lambert_2026-03-09_0046,st_louis_downtown_airport_to_st_louis_lambert,St. Louis Downtown Airport to St. Louis Lambert,w_0046,0.0,0.5,0.0,0.5,44.03384803406542,26.60939863291437,54,hier_jaccard_003,hier_jaccard_001
stl_st_louis_downtown_airport_to_st_louis_lambert_2026-03-09_0047,st_louis_downtown_airport_to_st_louis_lambert,St. Louis Downtown Airport to St. Louis Lambert,w_0047,0.0,0.5,0.1,0.4,44.04519130641496,24.72550653313712,54,hier_jaccard_003,hier_jaccard_001
stl_st_louis_downtown_airport_to_st_louis_lambert_2026-03-09_0048,st_louis_downtown_airport_to_st_louis_lambert,St. Louis Downtown Airport to St. Louis Lambert,w_0048,0.0,0.5,0.2,0.3,44.572558383552895,22.62890214811896,54,hier_jaccard_003,hier_jaccard_001
stl_st_louis_downtown_airport_to_st_louis_lambert_2026-03-09_0049,st_louis_downtown_airport_to_st_louis_lambert,St. Louis Downtown Airport to St. Louis Lambert,w_0049,0.0,0.5,0.3,0.2,45.63917048167798,20.126521900709143,54,hier_jaccard_005,hier_jaccard_003
stl_st_louis_downtown_airport_to_st_louis_lambert_2026-03-09_0050,st_louis_downtown_airport_to_st_louis_lambert,St. Louis Downtown Airport to St. Louis Lambert,w_0050,0.0,0.5,0.4,0.1,222.22279349020636,17.316369597141172,280,hier_jaccard_006,hier_jaccard_005
stl_st_louis_downtown_airport_to_st_louis_lambert_2026-03-09_0051,st_louis_downtown_airport_to_st_louis_lambert,St. Louis Downtown Airport to St. Louis Lambert,w_0051,0.0,0.5,0.5,0.0,226.28244675226992,12.687690730178025,288,hier_jaccard_006,hier_jaccard_005
stl_st_louis_downtown_airport_to_st_louis_lambert_2026-03-09_0052,st_louis_downtown_airport_to_st_louis_lambert,St. Louis Downtown Airport to St. Louis Lambert,w_0052,0.0,0.6,0.0,0.4,44.03384803406542,23.091278359497245,54,hier_jaccard_003,hier_jaccard_001
stl_st_louis_downtown_airport_to_st_louis_lambert_2026-03-09_0053,st_louis_downtown_airport_to_st_louis_lambert,St. Louis Downtown Airport to St. Louis Lambert,w_0053,0.0,0.6,0.1,0.3,43.51178210910293,21.223995183925183,54,hier_jaccard_003,hier_jaccard_001
stl_st_louis_downtown_airport_to_st_louis_lambert_2026-03-09_0054,st_louis_downtown_airport_to_st_louis_lambert,St. Louis Downtown Airport to St. Louis Lambert,w_0054,0.0,0.6,0.2,0.2,45.47578447280635,19.09595826793568,55,hier_jaccard_003,hier_jaccard_001
stl_st_louis_downtown_airport_to_st_louis_lambert_2026-03-09_0055,st_louis_downtown_airport_to_st_louis_lambert,St. Louis Downtown Airport to St. Louis Lambert,w_0055,0.0,0.6,0.3,0.1,221.69392126961824,16.473476297722968,280,hier_jaccard_006,hier_jaccard_005
stl_st_louis_downtown_airport_to_st_louis_lambert_2026-03-09_0056,st_louis_downtown_airport_to_st_louis_lambert,St. Louis Downtown Airport to St. Louis Lambert,w_0056,0.0,0.6,0.4,0.0,223.88740923150613,11.875523863147231,283,hier_jaccard_006,hier_jaccard_005
stl_st_louis_downtown_airport_to_st_louis_lambert_2026-03-09_0057,st_louis_downtown_airport_to_st_louis_lambert,St. Louis Downtown Airport to St. Louis Lambert,w_0057,0.0,0.7,0.0,0.3,44.94282493851701,19.51444065027037,55,hier_jaccard_003,hier_jaccard_001
stl_st_louis_downtown_airport_to_st_louis_lambert_2026-03-09_0058,st_louis_downtown_airport_to_st_louis_lambert,St. Louis Downtown Airport to St. Louis Lambert,w_0058,0.0,0.7,0.1,0.2,44.41534953128705,17.629929673063728,55,hier_jaccard_003,hier_jaccard_001
stl_st_louis_downtown_airport_to_st_louis_lambert_2026-03-09_0059,st_louis_downtown_airport_to_st_louis_lambert,St. Louis Downtown Airport to St. Louis Lambert,w_0059,0.0,0.7,0.2,0.1,223.1575516276617,15.42656198201244,279,hier_jaccard_006,hier_jaccard_005
stl_st_louis_downtown_airport_to_st_louis_lambert_2026-03-09_0060,st_louis_downtown_airport_to_st_louis_lambert,St. Louis Downtown Airport to St. Louis Lambert,w_0060,0.0,0.7,0.3,0.0,93.22691934918076,10.520287651226669,115,hier_jaccard_008,hier_jaccard_008
stl_st_louis_downtown_airport_to_st_louis_lambert_2026-03-09_0061,st_louis_downtown_airport_to_st_louis_lambert,St. Louis Downtown Airport to St. Louis Lambert,w_0061,0.0,0.8,0.0,0.2,44.94282493851701,15.902217886023276,55,hier_jaccard_003,hier_jaccard_001
stl_st_louis_downtown_airport_to_st_louis_lambert_2026-03-09_0062,st_louis_downtown_airport_to_st_louis_lambert,St. Louis Downtown Airport to St. Louis Lambert,w_0062,0.0,0.8,0.1,0.1,46.45031170347731,13.989291868531668,59,hier_jaccard_003,hier_jaccard_001
stl_st_louis_downtown_airport_to_st_louis_lambert_2026-03-09_0063,st_louis_downtown_airport_to_st_louis_lambert,St. Louis Downtown Airport to St. Louis Lambert,w_0063,0.0,0.8,0.2,0.0,93.22691934918076,8.77158900918345,115,hier_jaccard_008,hier_jaccard_008
stl_st_louis_downtown_airport_to_st_louis_lambert_2026-03-09_0064,st_louis_downtown_airport_to_st_louis_lambert,St. Louis Downtown Airport to St. Louis Lambert,w_0064,0.0,0.9,0.0,0.1,47.51143657183832,12.183943361283864,59,hier_jaccard_003,hier_jaccard_001
stl_st_louis_downtown_airport_to_st_louis_lambert_2026-03-09_0065,st_louis_downtown_airport_to_st_louis_lambert,St. Louis Downtown Airport to St. Louis Lambert,w_0065,0.0,0.9,0.1,0.0,92.69939714746565,6.987847739794542,115,hier_jaccard_008,hier_jaccard_008
stl_st_louis_downtown_airport_to_st_louis_lambert_2026-03-09_0066,st_louis_downtown_airport_to_st_louis_lambert,St. Louis Downtown Airport to St. Louis Lambert,w_0066,0.0,1.0,0.0,0.0,102.57895021630785,4.632823901975517,125,hier_jaccard_009,hier_jaccard_009
stl_st_louis_downtown_airport_to_st_louis_lambert_2026-03-09_0067,st_louis_downtown_airport_to_st_louis_lambert,St. Louis Downtown Airport to St. Louis Lambert,w_0067,0.1,0.0,0.0,0.9,35.06847425714207,33.919512377179984,40,hier_jaccard_002,hier_jaccard_006
stl_st_louis_downtown_airport_to_st_louis_lambert_2026-03-09_0068,st_louis_downtown_airport_to_st_louis_lambert,St. Louis Downtown Airport to St. Louis Lambert,w_0068,0.1,0.0,0.1,0.8,35.068901024242656,32.210419911664985,40,hier_jaccard_002,hier_jaccard_006
stl_st_louis_downtown_airport_to_st_louis_lambert_2026-03-09_0069,st_louis_downtown_airport_to_st_louis_lambert,St. Louis Downtown Airport to St. Louis Lambert,w_0069,0.1,0.0,0.2,0.7,35.068901024242656,30.501280477670697,40,hier_jaccard_002,hier_jaccard_006
stl_st_louis_downtown_airport_to_st_louis_lambert_2026-03-09_0070,st_louis_downtown_airport_to_st_louis_lambert,St. Louis Downtown Airport to St. Louis Lambert,w_0070,0.1,0.0,0.3,0.6,35.445569252782064,28.364414042692005,41,hier_jaccard_001,hier_jaccard_004
stl_st_louis_downtown_airport_to_st_louis_lambert_2026-03-09_0071,st_louis_downtown_airport_to_st_louis_lambert,St. Louis Downtown Airport to St. Louis Lambert,w_0071,0.1,0.0,0.4,0.5,35.445569252782064,26.19888068355764,41,hier_jaccard_001,hier_jaccard_004
stl_st_louis_downtown_airport_to_st_louis_lambert_2026-03-09_0072,st_louis_downtown_airport_to_st_louis_lambert,St. Louis Downtown Airport to St. Louis Lambert,w_0072,0.1,0.0,0.5,0.4,35.445569252782064,24.03334732442328,41,hier_jaccard_001,hier_jaccard_004
stl_st_louis_downtown_airport_to_st_louis_lambert_2026-03-09_0073,st_louis_downtown_airport_to_st_louis_lambert,St. Louis Downtown Airport to St. Louis Lambert,w_0073,0.1,0.0,0.6,0.3,35.445569252782064,21.867813965288917,41,hier_jaccard_001,hier_jaccard_004
stl_st_louis_downtown_airport_to_st_louis_lambert_2026-03-09_0074,st_louis_downtown_airport_to_st_louis_lambert,St. Louis Downtown Airport to St. Louis Lambert,w_0074,0.1,0.0,0.7,0.2,38.22317158203639,19.45494178924971,47,hier_jaccard_004,hier_jaccard_002
stl_st_louis_downtown_airport_to_st_louis_lambert_2026-03-09_0075,st_louis_downtown_airport_to_st_louis_lambert,St. Louis Downtown Airport to St. Louis Lambert,w_0075,0.1,0.0,0.8,0.1,38.97265660620439,16.53760230655767,49,hier_jaccard_004,hier_jaccard_002
stl_st_louis_downtown_airport_to_st_louis_lambert_2026-03-09_0076,st_louis_downtown_airport_to_st_louis_lambert,St. Louis Downtown Airport to St. Louis Lambert,w_0076,0.1,0.0,0.9,0.0,51.54590407777567,12.936985458962123,67,hier_jaccard_007,hier_jaccard_007
stl_st_louis_downtown_airport_to_st_louis_lambert_2026-03-09_0077,st_louis_downtown_airport_to_st_louis_lambert,St. Louis Downtown Airport to St. Louis Lambert,w_0077,0.1,0.1,0.0,0.8,35.06932923764436,33.05836377091505,40,hier_jaccard_002,hier_jaccard_006
stl_st_louis_downtown_airport_to_st_louis_lambert_2026-03-09_0078,st_louis_downtown_airport_to_st_louis_lambert,St. Louis Downtown Airport to St. Louis Lambert,w_0078,0.1,0.1,0.1,0.7,35.06921230855894,31.450929342399288,40,hier_jaccard_002,hier_jaccard_006
stl_st_louis_downtown_airport_to_st_louis_lambert_2026-03-09_0079,st_louis_downtown_airport_to_st_louis_lambert,St. Louis Downtown Airport to St. Louis Lambert,w_0079,0.1,0.1,0.2,0.6,35.445569252782064,29.536194474884237,41,hier_jaccard_001,hier_jaccard_004
stl_st_louis_downtown_airport_to_st_louis_lambert_2026-03-09_0080,st_louis_downtown_airport_to_st_louis_lambert,St. Louis Downtown Airport to St. Louis Lambert,w_0080,0.1,0.1,0.3,0.5,35.445569252782064,27.37066111574987,41,hier_jaccard_001,hier_jaccard_004
stl_st_louis_downtown_airport_to_st_louis_lambert_2026-03-09_0081,st_louis_downtown_airport_to_st_louis_lambert,St. Louis Downtown Airport to St. Louis Lambert,w_0081,0.1,0.1,0.4,0.4,35.445569252782064,25.205127756615504,41,hier_jaccard_001,hier_jaccard_004
stl_st_louis_downtown_airport_to_st_louis_lambert_2026-03-09_0082,st_louis_downtown_airport_to_st_louis_lambert,St. Louis Downtown Airport to St. Louis Lambert,w_0082,0.1,0.1,0.5,0.3,35.445569252782064,23.03959439748114,41,hier_jaccard_001,hier_jaccard_004
stl_st_louis_downtown_airport_to_st_louis_lambert_2026-03-09_0083,st_louis_downtown_airport_to_st_louis_lambert,St. Louis Downtown Airport to St. Louis Lambert,w_0083,0.1,0.1,0.6,0.2,35.82020566880418,20.81656822663493,42,hier_jaccard_001,hier_jaccard_004
stl_st_louis_downtown_airport_to_st_louis_lambert_2026-03-09_0084,st_louis_downtown_airport_to_st_louis_lambert,St. Louis Downtown Airport to St. Louis Lambert,w_0084,0.1,0.1,0.7,0.1,37.84804732487089,18.375527854723963,46,hier_jaccard_004,hier_jaccard_002
stl_st_louis_downtown_airport_to_st_louis_lambert_2026-03-09_0085,st_louis_downtown_airport_to_st_louis_lambert,St. Louis Downtown Airport to St. Louis Lambert,w_0085,0.1,0.1,0.8,0.0,42.58975408149119,15.506400320290435,53,hier_jaccard_004,hier_jaccard_002
stl_st_louis_downtown_airport_to_st_louis_lambert_2026-03-09_0086,st_louis_downtown_airport_to_st_louis_lambert,St. Louis Downtown Airport to St. Louis Lambert,w_0086,0.1,0.2,0.0,0.7,35.06987633323177,32.1620659109165,40,hier_jaccard_002,hier_jaccard_006
stl_st_louis_downtown_airport_to_st_louis_lambert_2026-03-09_0087,st_louis_downtown_airport_to_st_louis_lambert,St. Louis Downtown Airport to St. Louis Lambert,w_0087,0.1,0.2,0.1,0.6,35.06987633323177,30.40169254470444,40,hier_jaccard_002,hier_jaccard_006
stl_st_louis_downtown_airport_to_st_louis_lambert_2026-03-09_0088,st_louis_downtown_airport_to_st_louis_lambert,St. Louis Downtown Airport to St. Louis Lambert,w_0088,0.1,0.2,0.2,0.5,35.445621882417974,28.45683171953992,41,hier_jaccard_001,hier_jaccard_004
stl_st_louis_downtown_airport_to_st_louis_lambert_2026-03-09_0089,st_louis_downtown_airport_to_st_louis_lambert,St. Louis Downtown Airport to St. Louis Lambert,w_0089,0.1,0.2,0.3,0.4,35.445621882417974,26.351235736714777,41,hier_jaccard_001,hier_jaccard_004
stl_st_louis_downtown_airport_to_st_louis_lambert_2026-03-09_0090,st_louis_downtown_airport_to_st_louis_lambert,St. Louis Downtown Airport to St. Louis Lambert,w_0090,0.1,0.2,0.4,0.3,35.445569252782064,24.21137482967336,41,hier_jaccard_001,hier_jaccard_004
stl_st_louis_downtown_airport_to_st_louis_lambert_2026-03-09_0091,st_louis_downtown_airport_to_st_louis_lambert,St. Louis Downtown Airport to St. Louis Lambert,w_0091,0.1,0.2,0.5,0.2,35.82020566880418,22.043941427573827,42,hier_jaccard_001,hier_jaccard_004
stl_st_louis_downtown_airport_to_st_louis_lambert_2026-03-09_0092,st_louis_downtown_airport_to_st_louis_lambert,St. Louis Downtown Airport to St. Louis Lambert,w_0092,0.1,0.2,0.6,0.1,35.82020566880418,19.727791391184148,42,hier_jaccard_001,hier_jaccard_004
stl_st_louis_downtown_airport_to_st_louis_lambert_2026-03-09_0093,st_louis_downtown_airport_to_st_louis_lambert,St. Louis Downtown Airport to St. Louis Lambert,w_0093,0.1,0.2,0.7,0.0,37.84696494720309,17.17693390302948,46,hier_jaccard_004,hier_jaccard_002
stl_st_louis_downtown_airport_to_st_louis_lambert_2026-03-09_0094,st_louis_downtown_airport_to_st_louis_lambert,St. Louis Downtown Airport to St. Louis Lambert,w_0094,0.1,0.3,0.0,0.6,35.44580648998812,30.91560226902656,41,hier_jaccard_001,hier_jaccard_004
stl_st_louis_downtown_airport_to_st_louis_lambert_2026-03-09_0095,st_louis_downtown_airport_to_st_louis_lambert,St. Louis Downtown Airport to St. Louis Lambert,w_0095,0.1,0.3,0.1,0.5,35.44576618687472,29.13695008978052,41,hier_jaccard_001,hier_jaccard_004
stl_st_louis_downtown_airport_to_st_louis_lambert_2026-03-09_0096,st_louis_downtown_airport_to_st_louis_lambert,St. Louis Downtown Airport to St. Louis Lambert,w_0096,0.1,0.3,0.2,0.4,35.44576618687472,27.31778072646309,41,hier_jaccard_001,hier_jaccard_004
stl_st_louis_downtown_airport_to_st_louis_lambert_2026-03-09_0097,st_louis_downtown_airport_to_st_louis_lambert,St. Louis Downtown Airport to St. Louis Lambert,w_0097,0.1,0.3,0.3,0.3,35.445621882417974,25.254737623146436,41,hier_jaccard_001,hier_jaccard_004
stl_st_louis_downtown_airport_to_st_louis_lambert_2026-03-09_0098,st_louis_downtown_airport_to_st_louis_lambert,St. Louis Downtown Airport to St. Louis Lambert,w_0098,0.1,0.3,0.4,0.2,35.445621882417974,23.149141640321297,41,hier_jaccard_001,hier_jaccard_004
stl_st_louis_downtown_airport_to_st_louis_lambert_2026-03-09_0099,st_louis_downtown_airport_to_st_louis_lambert,St. Louis Downtown Airport to St. Louis Lambert,w_0099,0.1,0.3,0.5,0.1,35.820258298440095,20.94662170602233,42,hier_jaccard_001,hier_jaccard_004
stl_st_louis_downtown_airport_to_st_louis_lambert_2026-03-09_0100,st_louis_downtown_airport_to_st_louis_lambert,St. Louis Downtown Airport to St. Louis Lambert,w_0100,0.1,0.3,0.6,0.0,43.5890405109287,18.10135155831213,57,hier_jaccard_005,hier_jaccard_003
stl_st_louis_downtown_airport_to_st_louis_lambert_2026-03-09_0101,st_louis_downtown_airport_to_st_louis_lambert,St. Louis Downtown Airport to St. Louis Lambert,w_0101,0.1,0.4,0.0,0.5,36.197024617572914,29.1085576109412,43,hier_jaccard_001,hier_jaccard_004
stl_st_louis_downtown_airport_to_st_louis_lambert_2026-03-09_0102,st_louis_downtown_airport_to_st_louis_lambert,St. Louis Downtown Airport to St. Louis Lambert,w_0102,0.1,0.4,0.1,0.4,36.19698431445951,27.530874514733814,43,hier_jaccard_001,hier_jaccard_004
stl_st_louis_downtown_airport_to_st_louis_lambert_2026-03-09_0103,st_louis_downtown_airport_to_st_louis_lambert,St. Louis Downtown Airport to St. Louis Lambert,w_0103,0.1,0.4,0.2,0.3,36.19698431445951,25.89916702789183,43,hier_jaccard_001,hier_jaccard_004
stl_st_louis_downtown_airport_to_st_louis_lambert_2026-03-09_0104,st_louis_downtown_airport_to_st_louis_lambert,St. Louis Downtown Airport to St. Louis Lambert,w_0104,0.1,0.4,0.3,0.2,42.619165931135306,23.79780333715069,53,hier_jaccard_005,hier_jaccard_003
stl_st_louis_downtown_airport_to_st_louis_lambert_2026-03-09_0105,st_louis_downtown_airport_to_st_louis_lambert,St. Louis Downtown Airport to St. Louis Lambert,w_0105,0.1,0.4,0.4,0.1,43.52835381853596,21.09202176433057,54,hier_jaccard_005,hier_jaccard_003
stl_st_louis_downtown_airport_to_st_louis_lambert_2026-03-09_0106,st_louis_downtown_airport_to_st_louis_lambert,St. Louis Downtown Airport to St. Louis Lambert,w_0106,0.1,0.4,0.5,0.0,44.12264306295626,18.15130192411288,57,hier_jaccard_005,hier_jaccard_003
stl_st_louis_downtown_airport_to_st_louis_lambert_2026-03-09_0107,st_louis_downtown_airport_to_st_louis_lambert,St. Louis Downtown Airport to St. Louis Lambert,w_0107,0.1,0.5,0.0,0.4,41.9229869363072,26.803294458053653,54,hier_jaccard_003,hier_jaccard_001
stl_st_louis_downtown_airport_to_st_louis_lambert_2026-03-09_0108,st_louis_downtown_airport_to_st_louis_lambert,St. Louis Downtown Airport to St. Louis Lambert,w_0108,0.1,0.5,0.1,0.3,42.45096463084917,24.997534316258808,54,hier_jaccard_003,hier_jaccard_001
stl_st_louis_downtown_airport_to_st_louis_lambert_2026-03-09_0109,st_louis_downtown_airport_to_st_louis_lambert,St. Louis Downtown Airport to St. Louis Lambert,w_0109,0.1,0.5,0.2,0.2,41.92292338787617,22.950258326384446,54,hier_jaccard_003,hier_jaccard_001
stl_st_louis_downtown_airport_to_st_louis_lambert_2026-03-09_0110,st_louis_downtown_airport_to_st_louis_lambert,St. Louis Downtown Airport to St. Louis Lambert,w_0110,0.1,0.5,0.3,0.1,42.994466859755015,20.47304855118357,54,hier_jaccard_005,hier_jaccard_003
stl_st_louis_downtown_airport_to_st_louis_lambert_2026-03-09_0111,st_louis_downtown_airport_to_st_louis_lambert,St. Louis Downtown Airport to St. Louis Lambert,w_0111,0.1,0.5,0.4,0.0,44.122367088648495,17.69633495877833,57,hier_jaccard_005,hier_jaccard_003
stl_st_louis_downtown_airport_to_st_louis_lambert_2026-03-09_0112,st_louis_downtown_airport_to_st_louis_lambert,St. Louis Downtown Airport to St. Louis Lambert,w_0112,0.1,0.6,0.0,0.3,41.9229869363072,23.285174184636524,54,hier_jaccard_003,hier_jaccard_001
stl_st_louis_downtown_airport_to_st_louis_lambert_2026-03-09_0113,st_louis_downtown_airport_to_st_louis_lambert,St. Louis Downtown Airport to St. Louis Lambert,w_0113,0.1,0.6,0.1,0.2,42.45096463084917,21.479414042841675,54,hier_jaccard_003,hier_jaccard_001
stl_st_louis_downtown_airport_to_st_louis_lambert_2026-03-09_0114,st_louis_downtown_airport_to_st_louis_lambert,St. Louis Downtown Airport to St. Louis Lambert,w_0114,0.1,0.6,0.2,0.1,42.29815695808185,19.35958408443586,55,hier_jaccard_003,hier_jaccard_001
stl_st_louis_downtown_airport_to_st_louis_lambert_2026-03-09_0115,st_louis_downtown_airport_to_st_louis_lambert,St. Louis Downtown Airport to St. Louis Lambert,w_0115,0.1,0.6,0.3,0.0,43.36496780966434,17.135158762436674,55,hier_jaccard_003,hier_jaccard_001
stl_st_louis_downtown_airport_to_st_louis_lambert_2026-03-09_0116,st_louis_downtown_airport_to_st_louis_lambert,St. Louis Downtown Airport to St. Louis Lambert,w_0116,0.1,0.7,0.0,0.2,42.29849336979702,19.68966338678702,55,hier_jaccard_003,hier_jaccard_001
stl_st_louis_downtown_airport_to_st_louis_lambert_2026-03-09_0117,st_louis_downtown_airport_to_st_louis_lambert,St. Louis Downtown Airport to St. Louis Lambert,w_0117,0.1,0.7,0.1,0.1,42.29837881681064,17.846228530998832,55,hier_jaccard_003,hier_jaccard_001
stl_st_louis_downtown_airport_to_st_louis_lambert_2026-03-09_0118,st_louis_downtown_airport_to_st_louis_lambert,St. Louis Downtown Airport to St. Louis Lambert,w_0118,0.1,0.7,0.2,0.0,42.29815695808185,15.765310707111766,55,hier_jaccard_003,hier_jaccard_001
stl_st_louis_downtown_airport_to_st_louis_lambert_2026-03-09_0119,st_louis_downtown_airport_to_st_louis_lambert,St. Louis Downtown Airport to St. Louis Lambert,w_0119,0.1,0.8,0.0,0.1,41.77074742931658,16.059358768896814,55,hier_jaccard_003,hier_jaccard_001
stl_st_louis_downtown_airport_to_st_louis_lambert_2026-03-09_0120,st_louis_downtown_airport_to_st_louis_lambert,St. Louis Downtown Airport to St. Louis Lambert,w_0120,0.1,0.8,0.1,0.0,43.04938391795363,14.170532417128118,57,hier_jaccard_003,hier_jaccard_001
stl_st_louis_downtown_airport_to_st_louis_lambert_2026-03-09_0121,st_louis_downtown_airport_to_st_louis_lambert,St. Louis Downtown Airport to St. Louis Lambert,w_0121,0.1,0.9,0.0,0.0,43.80569615290962,12.300538894859075,59,hier_jaccard_003,hier_jaccard_001
stl_st_louis_downtown_airport_to_st_louis_lambert_2026-03-09_0122,st_louis_downtown_airport_to_st_louis_lambert,St. Louis Downtown Airport to St. Louis Lambert,w_0122,0.2,0.0,0.0,0.8,35.06847425714207,34.43902475435996,40,hier_jaccard_002,hier_jaccard_006
stl_st_louis_downtown_airport_to_st_louis_lambert_2026-03-09_0123,st_louis_downtown_airport_to_st_louis_lambert,St. Louis Downtown Airport to St. Louis Lambert,w_0123,0.2,0.0,0.1,0.7,35.068901024242656,32.72997925732426,40,hier_jaccard_002,hier_jaccard_006
stl_st_louis_downtown_airport_to_st_louis_lambert_2026-03-09_0124,st_louis_downtown_airport_to_st_louis_lambert,St. Louis Downtown Airport to St. Louis Lambert,w_0124,0.2,0.0,0.2,0.6,35.445569252782064,30.990961521921463,41,hier_jaccard_001,hier_jaccard_004
stl_st_louis_downtown_airport_to_st_louis_lambert_2026-03-09_0125,st_louis_downtown_airport_to_st_louis_lambert,St. Louis Downtown Airport to St. Louis Lambert,w_0125,0.2,0.0,0.3,0.5,35.445569252782064,28.825428162787095,41,hier_jaccard_001,hier_jaccard_004
stl_st_louis_downtown_airport_to_st_louis_lambert_2026-03-09_0126,st_louis_downtown_airport_to_st_louis_lambert,St. Louis Downtown Airport to St. Louis Lambert,w_0126,0.2,0.0,0.4,0.4,35.445569252782064,26.659894803652733,41,hier_jaccard_001,hier_jaccard_004
stl_st_louis_downtown_airport_to_st_louis_lambert_2026-03-09_0127,st_louis_downtown_airport_to_st_louis_lambert,St. Louis Downtown Airport to St. Louis Lambert,w_0127,0.2,0.0,0.5,0.3,35.445569252782064,24.49436144451837,41,hier_jaccard_001,hier_jaccard_004
stl_st_louis_downtown_airport_to_st_louis_lambert_2026-03-09_0128,st_louis_downtown_airport_to_st_louis_lambert,St. Louis Downtown Airport to St. Louis Lambert,w_0128,0.2,0.0,0.6,0.2,35.82020566880418,22.30759034250953,42,hier_jaccard_001,hier_jaccard_004
stl_st_louis_downtown_airport_to_st_louis_lambert_2026-03-09_0129,st_louis_downtown_airport_to_st_louis_lambert,St. Louis Downtown Airport to St. Louis Lambert,w_0129,0.2,0.0,0.7,0.1,38.22317158203639,19.74164900822428,47,hier_jaccard_004,hier_jaccard_002
stl_st_louis_downtown_airport_to_st_louis_lambert_2026-03-09_0130,st_louis_downtown_airport_to_st_louis_lambert,St. Louis Downtown Airport to St. Louis Lambert,w_0130,0.2,0.0,0.8,0.0,38.97265660620439,16.746795199305126,49,hier_jaccard_004,hier_jaccard_002
stl_st_louis_downtown_airport_to_st_louis_lambert_2026-03-09_0131,st_louis_downtown_airport_to_st_louis_lambert,St. Louis Downtown Airport to St. Louis Lambert,w_0131,0.2,0.1,0.0,0.7,35.06932923764436,33.5779702442284,40,hier_jaccard_002,hier_jaccard_006
stl_st_louis_downtown_airport_to_st_louis_lambert_2026-03-09_0132,st_louis_downtown_airport_to_st_louis_lambert,St. Louis Downtown Airport to St. Louis Lambert,w_0132,0.2,0.1,0.1,0.6,35.06987633323177,31.94015961632734,40,hier_jaccard_002,hier_jaccard_006
stl_st_louis_downtown_airport_to_st_louis_lambert_2026-03-09_0133,st_louis_downtown_airport_to_st_louis_lambert,St. Louis Downtown Airport to St. Louis Lambert,w_0133,0.2,0.1,0.2,0.5,35.445569252782064,29.99720859497932,41,hier_jaccard_001,hier_jaccard_004
stl_st_louis_downtown_airport_to_st_louis_lambert_2026-03-09_0134,st_louis_downtown_airport_to_st_louis_lambert,St. Louis Downtown Airport to St. Louis Lambert,w_0134,0.2,0.1,0.3,0.4,35.445569252782064,27.83167523584496,41,hier_jaccard_001,hier_jaccard_004
stl_st_louis_downtown_airport_to_st_louis_lambert_2026-03-09_0135,st_louis_downtown_airport_to_st_louis_lambert,St. Louis Downtown Airport to St. Louis Lambert,w_0135,0.2,0.1,0.4,0.3,35.445569252782064,25.6661418767106,41,hier_jaccard_001,hier_jaccard_004
stl_st_louis_downtown_airport_to_st_louis_lambert_2026-03-09_0136,st_louis_downtown_airport_to_st_louis_lambert,St. Louis Downtown Airport to St. Louis Lambert,w_0136,0.2,0.1,0.5,0.2,35.445569252782064,23.500608517576232,41,hier_jaccard_001,hier_jaccard_004
stl_st_louis_downtown_airport_to_st_louis_lambert_2026-03-09_0137,st_louis_downtown_airport_to_st_louis_lambert,St. Louis Downtown Airport to St. Louis Lambert,w_0137,0.2,0.1,0.6,0.1,35.82020566880418,21.218813507058748,42,hier_jaccard_001,hier_jaccard_004
stl_st_louis_downtown_airport_to_st_louis_lambert_2026-03-09_0138,st_louis_downtown_airport_to_st_louis_lambert,St. Louis Downtown Airport to St. Louis Lambert,w_0138,0.2,0.1,0.7,0.0,38.223151552038495,18.668657500155746,47,hier_jaccard_004,hier_jaccard_002
stl_st_louis_downtown_airport_to_st_louis_lambert_2026-03-09_0139,st_louis_downtown_airport_to_st_louis_lambert,St. Louis Downtown Airport to St. Louis Lambert,w_0139,0.2,0.2,0.0,0.6,35.06987633323177,32.64173259563728,40,hier_jaccard_002,hier_jaccard_006
stl_st_louis_downtown_airport_to_st_louis_lambert_2026-03-09_0140,st_louis_downtown_airport_to_st_louis_lambert,St. Louis Downtown Airport to St. Louis Lambert,w_0140,0.2,0.2,0.1,0.5,35.06987633323177,30.881359229425208,40,hier_jaccard_002,hier_jaccard_006
stl_st_louis_downtown_airport_to_st_louis_lambert_2026-03-09_0141,st_louis_downtown_airport_to_st_louis_lambert,St. Louis Downtown Airport to St. Louis Lambert,w_0141,0.2,0.2,0.2,0.4,35.445621882417974,28.917851631866792,41,hier_jaccard_001,hier_jaccard_004
stl_st_louis_downtown_airport_to_st_louis_lambert_2026-03-09_0142,st_louis_downtown_airport_to_st_louis_lambert,St. Louis Downtown Airport to St. Louis Lambert,w_0142,0.2,0.2,0.3,0.3,35.445621882417974,26.812255649041653,41,hier_jaccard_001,hier_jaccard_004
stl_st_louis_downtown_airport_to_st_louis_lambert_2026-03-09_0143,st_louis_downtown_airport_to_st_louis_lambert,St. Louis Downtown Airport to St. Louis Lambert,w_0143,0.2,0.2,0.4,0.2,35.445569252782064,24.672388949768457,41,hier_jaccard_001,hier_jaccard_004
stl_st_louis_downtown_airport_to_st_louis_lambert_2026-03-09_0144,st_louis_downtown_airport_to_st_louis_lambert,St. Louis Downtown Airport to St. Louis Lambert,w_0144,0.2,0.2,0.5,0.1,35.82020566880418,22.446186707997636,42,hier_jaccard_001,hier_jaccard_004
stl_st_louis_downtown_airport_to_st_louis_lambert_2026-03-09_0145,st_louis_downtown_airport_to_st_louis_lambert,St. Louis Downtown Airport to St. Louis Lambert,w_0145,0.2,0.2,0.6,0.0,35.82020566880418,20.130036671607957,42,hier_jaccard_001,hier_jaccard_004
stl_st_louis_downtown_airport_to_st_louis_lambert_2026-03-09_0146,st_louis_downtown_airport_to_st_louis_lambert,St. Louis Downtown Airport to St. Louis Lambert,w_0146,0.2,0.3,0.0,0.5,36.197024617572914,31.361064011450352,43,hier_jaccard_001,hier_jaccard_004
stl_st_louis_downtown_airport_to_st_louis_lambert_2026-03-09_0147,st_louis_downtown_airport_to_st_louis_lambert,St. Louis Downtown Airport to St. Louis Lambert,w_0147,0.2,0.3,0.1,0.4,35.44576618687472,29.597985883746063,41,hier_jaccard_001,hier_jaccard_004
stl_st_louis_downtown_airport_to_st_louis_lambert_2026-03-09_0148,st_louis_downtown_airport_to_st_louis_lambert,St. Louis Downtown Airport to St. Louis Lambert,w_0148,0.2,0.3,0.2,0.3,35.44576618687472,27.77881652042864,41,hier_jaccard_001,hier_jaccard_004
stl_st_louis_downtown_airport_to_st_louis_lambert_2026-03-09_0149,st_louis_downtown_airport_to_st_louis_lambert,St. Louis Downtown Airport to St. Louis Lambert,w_0149,0.2,0.3,0.3,0.2,35.445621882417974,25.71575753547331,41,hier_jaccard_001,hier_jaccard_004
stl_st_louis_downtown_airport_to_st_louis_lambert_2026-03-09_0150,st_louis_downtown_airport_to_st_louis_lambert,St. Louis Downtown Airport to St. Louis Lambert,w_0150,0.2,0.3,0.4,0.1,35.820258298440095,23.605085438758387,42,hier_jaccard_001,hier_jaccard_004
stl_st_louis_downtown_airport_to_st_louis_lambert_2026-03-09_0151,st_louis_downtown_airport_to_st_louis_lambert,St. Louis Downtown Airport to St. Louis Lambert,w_0151,0.2,0.3,0.5,0.0,35.820258298440095,21.34887277867793,42,hier_jaccard_001,hier_jaccard_004
stl_st_louis_downtown_airport_to_st_louis_lambert_2026-03-09_0152,st_louis_downtown_airport_to_st_louis_lambert,St. Louis Downtown Airport to St. Louis Lambert,w_0152,0.2,0.4,0.0,0.4,36.197024617572914,29.45227425353676,43,hier_jaccard_001,hier_jaccard_004
stl_st_louis_downtown_airport_to_st_louis_lambert_2026-03-09_0153,st_louis_downtown_airport_to_st_louis_lambert,St. Louis Downtown Airport to St. Louis Lambert,w_0153,0.2,0.4,0.1,0.3,36.19698431445951,27.87458672171111,43,hier_jaccard_001,hier_jaccard_004
stl_st_louis_downtown_airport_to_st_louis_lambert_2026-03-09_0154,st_louis_downtown_airport_to_st_louis_lambert,St. Louis Downtown Airport to St. Louis Lambert,w_0154,0.2,0.4,0.2,0.2,36.19698431445951,26.24287923486913,43,hier_jaccard_001,hier_jaccard_004
stl_st_louis_downtown_airport_to_st_louis_lambert_2026-03-09_0155,st_louis_downtown_airport_to_st_louis_lambert,St. Louis Downtown Airport to St. Louis Lambert,w_0155,0.2,0.4,0.3,0.1,42.46106618049611,23.981381539858877,54,hier_jaccard_005,hier_jaccard_003
stl_st_louis_downtown_airport_to_st_louis_lambert_2026-03-09_0156,st_louis_downtown_airport_to_st_louis_lambert,St. Louis Downtown Airport to St. Louis Lambert,w_0156,0.2,0.4,0.4,0.0,42.46204208604991,21.259684179490456,54,hier_jaccard_005,hier_jaccard_003
stl_st_louis_downtown_airport_to_st_louis_lambert_2026-03-09_0157,st_louis_downtown_airport_to_st_louis_lambert,St. Louis Downtown Airport to St. Louis Lambert,w_0157,0.2,0.5,0.0,0.3,41.9229869363072,26.99719028319293,54,hier_jaccard_003,hier_jaccard_001
stl_st_louis_downtown_airport_to_st_louis_lambert_2026-03-09_0158,st_louis_downtown_airport_to_st_louis_lambert,St. Louis Downtown Airport to St. Louis Lambert,w_0158,0.2,0.5,0.1,0.2,41.3953750558066,25.148126255125764,54,hier_jaccard_003,hier_jaccard_001
stl_st_louis_downtown_airport_to_st_louis_lambert_2026-03-09_0159,st_louis_downtown_airport_to_st_louis_lambert,St. Louis Downtown Airport to St. Louis Lambert,w_0159,0.2,0.5,0.2,0.1,42.29815695808185,23.0890431739918,55,hier_jaccard_003,hier_jaccard_001
stl_st_louis_downtown_airport_to_st_louis_lambert_2026-03-09_0160,st_louis_downtown_airport_to_st_louis_lambert,St. Louis Downtown Airport to St. Louis Lambert,w_0160,0.2,0.5,0.3,0.0,42.46106618049611,20.6491419381861,54,hier_jaccard_005,hier_jaccard_003
stl_st_louis_downtown_airport_to_st_louis_lambert_2026-03-09_0161,st_louis_downtown_airport_to_st_louis_lambert,St. Louis Downtown Airport to St. Louis Lambert,w_0161,0.2,0.6,0.0,0.2,41.77074742931658,23.44094518026453,55,hier_jaccard_003,hier_jaccard_001
stl_st_louis_downtown_airport_to_st_louis_lambert_2026-03-09_0162,st_louis_downtown_airport_to_st_louis_lambert,St. Louis Downtown Airport to St. Louis Lambert,w_0162,0.2,0.6,0.1,0.1,41.77060862601229,21.572147688216425,55,hier_jaccard_003,hier_jaccard_001
stl_st_louis_downtown_airport_to_st_louis_lambert_2026-03-09_0163,st_louis_downtown_airport_to_st_louis_lambert,St. Louis Downtown Airport to St. Louis Lambert,w_0163,0.2,0.6,0.2,0.0,42.29815695808185,19.494769796667708,55,hier_jaccard_003,hier_jaccard_001
stl_st_louis_downtown_airport_to_st_louis_lambert_2026-03-09_0164,st_louis_downtown_airport_to_st_louis_lambert,St. Louis Downtown Airport to St. Louis Lambert,w_0164,0.2,0.7,0.0,0.1,41.77074742931658,19.788722416017443,55,hier_jaccard_003,hier_jaccard_001
stl_st_louis_downtown_airport_to_st_louis_lambert_2026-03-09_0165,st_louis_downtown_airport_to_st_louis_lambert,St. Louis Downtown Airport to St. Louis Lambert,w_0165,0.2,0.7,0.1,0.0,41.77060862601229,17.930712219744294,55,hier_jaccard_003,hier_jaccard_001
stl_st_louis_downtown_airport_to_st_louis_lambert_2026-03-09_0166,st_louis_downtown_airport_to_st_louis_lambert,St. Louis Downtown Airport to St. Louis Lambert,w_0166,0.2,0.8,0.0,0.0,41.77074742931658,16.13649965177035,55,hier_jaccard_003,hier_jaccard_001
stl_st_louis_downtown_airport_to_st_louis_lambert_2026-03-09_0167,st_louis_downtown_airport_to_st_louis_lambert,St. Louis Downtown Airport to St. Louis Lambert,w_0167,0.25,0.25,0.25,0.25,35.445621882417974,27.547314539833486,41,hier_jaccard_001,hier_jaccard_004
stl_st_louis_downtown_airport_to_st_louis_lambert_2026-03-09_0168,st_louis_downtown_airport_to_st_louis_lambert,St. Louis Downtown Airport to St. Louis Lambert,w_0168,0.3,0.0,0.0,0.7,35.06847425714207,34.95853713153994,40,hier_jaccard_002,hier_jaccard_006
stl_st_louis_downtown_airport_to_st_louis_lambert_2026-03-09_0169,st_louis_downtown_airport_to_st_louis_lambert,St. Louis Downtown Airport to St. Louis Lambert,w_0169,0.3,0.0,0.1,0.6,35.068901024242656,33.24953860298352,40,hier_jaccard_002,hier_jaccard_006
stl_st_louis_downtown_airport_to_st_louis_lambert_2026-03-09_0170,st_louis_downtown_airport_to_st_louis_lambert,St. Louis Downtown Airport to St. Louis Lambert,w_0170,0.3,0.0,0.2,0.5,35.445569252782064,31.45197564201655,41,hier_jaccard_001,hier_jaccard_004
stl_st_louis_downtown_airport_to_st_louis_lambert_2026-03-09_0171,st_louis_downtown_airport_to_st_louis_lambert,St. Louis Downtown Airport to St. Louis Lambert,w_0171,0.3,0.0,0.3,0.4,35.445569252782064,29.286442282882188,41,hier_jaccard_001,hier_jaccard_004
stl_st_louis_downtown_airport_to_st_louis_lambert_2026-03-09_0172,st_louis_downtown_airport_to_st_louis_lambert,St. Louis Downtown Airport to St. Louis Lambert,w_0172,0.3,0.0,0.4,0.3,35.445569252782064,27.120908923747827,41,hier_jaccard_001,hier_jaccard_004
stl_st_louis_downtown_airport_to_st_louis_lambert_2026-03-09_0173,st_louis_downtown_airport_to_st_louis_lambert,St. Louis Downtown Airport to St. Louis Lambert,w_0173,0.3,0.0,0.5,0.2,35.445569252782064,24.955375564613465,41,hier_jaccard_001,hier_jaccard_004
stl_st_louis_downtown_airport_to_st_louis_lambert_2026-03-09_0174,st_louis_downtown_airport_to_st_louis_lambert,St. Louis Downtown Airport to St. Louis Lambert,w_0174,0.3,0.0,0.6,0.1,35.82020566880418,22.70983562293334,42,hier_jaccard_001,hier_jaccard_004
stl_st_louis_downtown_airport_to_st_louis_lambert_2026-03-09_0175,st_louis_downtown_airport_to_st_louis_lambert,St. Louis Downtown Airport to St. Louis Lambert,w_0175,0.3,0.0,0.7,0.0,38.97265660620439,20.014936915326302,49,hier_jaccard_004,hier_jaccard_002
stl_st_louis_downtown_airport_to_st_louis_lambert_2026-03-09_0176,st_louis_downtown_airport_to_st_louis_lambert,St. Louis Downtown Airport to St. Louis Lambert,w_0176,0.3,0.1,0.0,0.6,35.06932923764436,34.09757671754175,40,hier_jaccard_002,hier_jaccard_006
stl_st_louis_downtown_airport_to_st_louis_lambert_2026-03-09_0177,st_louis_downtown_airport_to_st_louis_lambert,St. Louis Downtown Airport to St. Louis Lambert,w_0177,0.3,0.1,0.1,0.5,35.06987633323177,32.419826301048104,40,hier_jaccard_002,hier_jaccard_006
stl_st_louis_downtown_airport_to_st_louis_lambert_2026-03-09_0178,st_louis_downtown_airport_to_st_louis_lambert,St. Louis Downtown Airport to St. Louis Lambert,w_0178,0.3,0.1,0.2,0.4,35.445569252782064,30.458222715074413,41,hier_jaccard_001,hier_jaccard_004
stl_st_louis_downtown_airport_to_st_louis_lambert_2026-03-09_0179,st_louis_downtown_airport_to_st_louis_lambert,St. Louis Downtown Airport to St. Louis Lambert,w_0179,0.3,0.1,0.3,0.3,35.445569252782064,28.29268935594005,41,hier_jaccard_001,hier_jaccard_004
stl_st_louis_downtown_airport_to_st_louis_lambert_2026-03-09_0180,st_louis_downtown_airport_to_st_louis_lambert,St. Louis Downtown Airport to St. Louis Lambert,w_0180,0.3,0.1,0.4,0.2,35.445569252782064,26.127155996805687,41,hier_jaccard_001,hier_jaccard_004
stl_st_louis_downtown_airport_to_st_louis_lambert_2026-03-09_0181,st_louis_downtown_airport_to_st_louis_lambert,St. Louis Downtown Airport to St. Louis Lambert,w_0181,0.3,0.1,0.5,0.1,35.82020566880418,23.937208823872236,42,hier_jaccard_001,hier_jaccard_004
stl_st_louis_downtown_airport_to_st_louis_lambert_2026-03-09_0182,st_louis_downtown_airport_to_st_louis_lambert,St. Louis Downtown Airport to St. Louis Lambert,w_0182,0.3,0.1,0.6,0.0,35.82020566880418,21.621058787482557,42,hier_jaccard_001,hier_jaccard_004
stl_st_louis_downtown_airport_to_st_louis_lambert_2026-03-09_0183,st_louis_downtown_airport_to_st_louis_lambert,St. Louis Downtown Airport to St. Louis Lambert,w_0183,0.3,0.2,0.0,0.5,35.06987633323177,33.12139928035805,40,hier_jaccard_002,hier_jaccard_006
stl_st_louis_downtown_airport_to_st_louis_lambert_2026-03-09_0184,st_louis_downtown_airport_to_st_louis_lambert,St. Louis Downtown Airport to St. Louis Lambert,w_0184,0.3,0.2,0.1,0.4,35.44576618687472,31.36066045800081,41,hier_jaccard_001,hier_jaccard_004
stl_st_louis_downtown_airport_to_st_louis_lambert_2026-03-09_0185,st_louis_downtown_airport_to_st_louis_lambert,St. Louis Downtown Airport to St. Louis Lambert,w_0185,0.3,0.2,0.2,0.3,35.445621882417974,29.378871544193665,41,hier_jaccard_001,hier_jaccard_004
stl_st_louis_downtown_airport_to_st_louis_lambert_2026-03-09_0186,st_louis_downtown_airport_to_st_louis_lambert,St. Louis Downtown Airport to St. Louis Lambert,w_0186,0.3,0.2,0.3,0.2,35.445621882417974,27.27327556136853,41,hier_jaccard_001,hier_jaccard_004
stl_st_louis_downtown_airport_to_st_louis_lambert_2026-03-09_0187,st_louis_downtown_airport_to_st_louis_lambert,St. Louis Downtown Airport to St. Louis Lambert,w_0187,0.3,0.2,0.4,0.1,35.445569252782064,25.133403069863544,41,hier_jaccard_001,hier_jaccard_004
stl_st_louis_downtown_airport_to_st_louis_lambert_2026-03-09_0188,st_louis_downtown_airport_to_st_louis_lambert,St. Louis Downtown Airport to St. Louis Lambert,w_0188,0.3,0.2,0.5,0.0,35.82020566880418,22.84843198842144,42,hier_jaccard_001,hier_jaccard_004
stl_st_louis_downtown_airport_to_st_louis_lambert_2026-03-09_0189,st_louis_downtown_airport_to_st_louis_lambert,St. Louis Downtown Airport to St. Louis Lambert,w_0189,0.3,0.3,0.0,0.4,36.197024617572914,31.70478065404592,43,hier_jaccard_001,hier_jaccard_004
stl_st_louis_downtown_airport_to_st_louis_lambert_2026-03-09_0190,st_louis_downtown_airport_to_st_louis_lambert,St. Louis Downtown Airport to St. Louis Lambert,w_0190,0.3,0.3,0.1,0.3,35.44576618687472,30.059021677711605,41,hier_jaccard_001,hier_jaccard_004
stl_st_louis_downtown_airport_to_st_louis_lambert_2026-03-09_0191,st_louis_downtown_airport_to_st_louis_lambert,St. Louis Downtown Airport to St. Louis Lambert,w_0191,0.3,0.3,0.2,0.2,35.44576618687472,28.239852314394184,41,hier_jaccard_001,hier_jaccard_004
stl_st_louis_downtown_airport_to_st_louis_lambert_2026-03-09_0192,st_louis_downtown_airport_to_st_louis_lambert,St. Louis Downtown Airport to St. Louis Lambert,w_0192,0.3,0.3,0.3,0.1,35.445621882417974,26.17677744780018,41,hier_jaccard_001,hier_jaccard_004
stl_st_louis_downtown_airport_to_st_louis_lambert_2026-03-09_0193,st_louis_downtown_airport_to_st_louis_lambert,St. Louis Downtown Airport to St. Louis Lambert,w_0193,0.3,0.3,0.4,0.0,35.820258298440095,24.00733651141398,42,hier_jaccard_001,hier_jaccard_004
stl_st_louis_downtown_airport_to_st_louis_lambert_2026-03-09_0194,st_louis_downtown_airport_to_st_louis_lambert,St. Louis Downtown Airport to St. Louis Lambert,w_0194,0.3,0.4,0.0,0.3,36.197024617572914,29.795990896132324,43,hier_jaccard_001,hier_jaccard_004
stl_st_louis_downtown_airport_to_st_louis_lambert_2026-03-09_0195,st_louis_downtown_airport_to_st_louis_lambert,St. Louis Downtown Airport to St. Louis Lambert,w_0195,0.3,0.4,0.1,0.2,36.19698431445951,28.21829892868841,43,hier_jaccard_001,hier_jaccard_004
stl_st_louis_downtown_airport_to_st_louis_lambert_2026-03-09_0196,st_louis_downtown_airport_to_st_louis_lambert,St. Louis Downtown Airport to St. Louis Lambert,w_0196,0.3,0.4,0.2,0.1,36.19698431445951,26.58659144184643,43,hier_jaccard_001,hier_jaccard_004
stl_st_louis_downtown_airport_to_st_louis_lambert_2026-03-09_0197,st_louis_downtown_airport_to_st_louis_lambert,St. Louis Downtown Airport to St. Louis Lambert,w_0197,0.3,0.4,0.3,0.0,42.46106618049611,24.154496465539083,54,hier_jaccard_005,hier_jaccard_003
stl_st_louis_downtown_airport_to_st_louis_lambert_2026-03-09_0198,st_louis_downtown_airport_to_st_louis_lambert,St. Louis Downtown Airport to St. Louis Lambert,w_0198,0.3,0.5,0.0,0.2,41.395240995826775,27.096840547402863,54,hier_jaccard_003,hier_jaccard_001
stl_st_louis_downtown_airport_to_st_louis_lambert_2026-03-09_0199,st_louis_downtown_airport_to_st_louis_lambert,St. Louis Downtown Airport to St. Louis Lambert,w_0199,0.3,0.5,0.1,0.1,41.3953750558066,25.24395498078966,54,hier_jaccard_003,hier_jaccard_001
stl_st_louis_downtown_airport_to_st_louis_lambert_2026-03-09_0200,st_louis_downtown_airport_to_st_louis_lambert,St. Louis Downtown Airport to St. Louis Lambert,w_0200,0.3,0.5,0.2,0.0,41.7703867672835,23.180860527822603,55,hier_jaccard_003,hier_jaccard_001
stl_st_louis_downtown_airport_to_st_louis_lambert_2026-03-09_0201,st_louis_downtown_airport_to_st_louis_lambert,St. Louis Downtown Airport to St. Louis Lambert,w_0201,0.3,0.6,0.0,0.1,41.77074742931658,23.51808606313807,55,hier_jaccard_003,hier_jaccard_001
stl_st_louis_downtown_airport_to_st_louis_lambert_2026-03-09_0202,st_louis_downtown_airport_to_st_louis_lambert,St. Louis Downtown Airport to St. Louis Lambert,w_0202,0.3,0.6,0.1,0.0,41.77060862601229,21.64927329488869,55,hier_jaccard_003,hier_jaccard_001
stl_st_louis_downtown_airport_to_st_louis_lambert_2026-03-09_0203,st_louis_downtown_airport_to_st_louis_lambert,St. Louis Downtown Airport to St. Louis Lambert,w_0203,0.3,0.7,0.0,0.0,41.77074742931658,19.86586329889098,55,hier_jaccard_003,hier_jaccard_001
stl_st_louis_downtown_airport_to_st_louis_lambert_2026-03-09_0204,st_louis_downtown_airport_to_st_louis_lambert,St. Louis Downtown Airport to St. Louis Lambert,w_0204,0.4,0.0,0.0,0.6,35.06847425714207,35.47804950871992,40,hier_jaccard_002,hier_jaccard_006
stl_st_louis_downtown_airport_to_st_louis_lambert_2026-03-09_0205,st_louis_downtown_airport_to_st_louis_lambert,St. Louis Downtown Airport to St. Louis Lambert,w_0205,0.4,0.0,0.1,0.5,35.068901024242656,33.769097948642795,40,hier_jaccard_002,hier_jaccard_006
stl_st_louis_downtown_airport_to_st_louis_lambert_2026-03-09_0206,st_louis_downtown_airport_to_st_louis_lambert,St. Louis Downtown Airport to St. Louis Lambert,w_0206,0.4,0.0,0.2,0.4,35.445569252782064,31.912989762111643,41,hier_jaccard_001,hier_jaccard_004
stl_st_louis_downtown_airport_to_st_louis_lambert_2026-03-09_0207,st_louis_downtown_airport_to_st_louis_lambert,St. Louis Downtown Airport to St. Louis Lambert,w_0207,0.4,0.0,0.3,0.3,35.445569252782064,29.74745640297728,41,hier_jaccard_001,hier_jaccard_004
stl_st_louis_downtown_airport_to_st_louis_lambert_2026-03-09_0208,st_louis_downtown_airport_to_st_louis_lambert,St. Louis Downtown Airport to St. Louis Lambert,w_0208,0.4,0.0,0.4,0.2,35.445569252782064,27.58192304384292,41,hier_jaccard_001,hier_jaccard_004
stl_st_louis_downtown_airport_to_st_louis_lambert_2026-03-09_0209,st_louis_downtown_airport_to_st_louis_lambert,St. Louis Downtown Airport to St. Louis Lambert,w_0209,0.4,0.0,0.5,0.1,35.445569252782064,25.41638968470855,41,hier_jaccard_001,hier_jaccard_004
stl_st_louis_downtown_airport_to_st_louis_lambert_2026-03-09_0210,st_louis_downtown_airport_to_st_louis_lambert,St. Louis Downtown Airport to St. Louis Lambert,w_0210,0.4,0.0,0.6,0.0,37.3190178162308,23.042107915543784,46,hier_jaccard_004,hier_jaccard_002
stl_st_louis_downtown_airport_to_st_louis_lambert_2026-03-09_0211,st_louis_downtown_airport_to_st_louis_lambert,St. Louis Downtown Airport to St. Louis Lambert,w_0211,0.4,0.1,0.0,0.5,35.06932923764436,34.6171831908551,40,hier_jaccard_002,hier_jaccard_006
stl_st_louis_downtown_airport_to_st_louis_lambert_2026-03-09_0212,st_louis_downtown_airport_to_st_louis_lambert,St. Louis Downtown Airport to St. Louis Lambert,w_0212,0.4,0.1,0.1,0.4,35.06987633323177,32.89949298576887,40,hier_jaccard_002,hier_jaccard_006
stl_st_louis_downtown_airport_to_st_louis_lambert_2026-03-09_0213,st_louis_downtown_airport_to_st_louis_lambert,St. Louis Downtown Airport to St. Louis Lambert,w_0213,0.4,0.1,0.2,0.3,35.445569252782064,30.919236835169507,41,hier_jaccard_001,hier_jaccard_004
stl_st_louis_downtown_airport_to_st_louis_lambert_2026-03-09_0214,st_louis_downtown_airport_to_st_louis_lambert,St. Louis Downtown Airport to St. Louis Lambert,w_0214,0.4,0.1,0.3,0.2,35.445569252782064,28.75370347603514,41,hier_jaccard_001,hier_jaccard_004
stl_st_louis_downtown_airport_to_st_louis_lambert_2026-03-09_0215,st_louis_downtown_airport_to_st_louis_lambert,St. Louis Downtown Airport to St. Louis Lambert,w_0215,0.4,0.1,0.4,0.1,35.445569252782064,26.588170116900777,41,hier_jaccard_001,hier_jaccard_004
stl_st_louis_downtown_airport_to_st_louis_lambert_2026-03-09_0216,st_louis_downtown_airport_to_st_louis_lambert,St. Louis Downtown Airport to St. Louis Lambert,w_0216,0.4,0.1,0.5,0.0,35.82020566880418,24.33945410429604,42,hier_jaccard_001,hier_jaccard_004
stl_st_louis_downtown_airport_to_st_louis_lambert_2026-03-09_0217,st_louis_downtown_airport_to_st_louis_lambert,St. Louis Downtown Airport to St. Louis Lambert,w_0217,0.4,0.2,0.0,0.4,35.06987633323177,33.60106596507882,40,hier_jaccard_002,hier_jaccard_006
stl_st_louis_downtown_airport_to_st_louis_lambert_2026-03-09_0218,st_louis_downtown_airport_to_st_louis_lambert,St. Louis Downtown Airport to St. Louis Lambert,w_0218,0.4,0.2,0.1,0.3,35.44576618687472,31.82169625196636,41,hier_jaccard_001,hier_jaccard_004
stl_st_louis_downtown_airport_to_st_louis_lambert_2026-03-09_0219,st_louis_downtown_airport_to_st_louis_lambert,St. Louis Downtown Airport to St. Louis Lambert,w_0219,0.4,0.2,0.2,0.2,35.445621882417974,29.839891456520544,41,hier_jaccard_001,hier_jaccard_004
stl_st_louis_downtown_airport_to_st_louis_lambert_2026-03-09_0220,st_louis_downtown_airport_to_st_louis_lambert,St. Louis Downtown Airport to St. Louis Lambert,w_0220,0.4,0.2,0.3,0.1,35.445621882417974,27.734295473695404,41,hier_jaccard_001,hier_jaccard_004
stl_st_louis_downtown_airport_to_st_louis_lambert_2026-03-09_0221,st_louis_downtown_airport_to_st_louis_lambert,St. Louis Downtown Airport to St. Louis Lambert,w_0221,0.4,0.2,0.4,0.0,35.82020566880418,25.56682730523493,42,hier_jaccard_001,hier_jaccard_004
stl_st_louis_downtown_airport_to_st_louis_lambert_2026-03-09_0222,st_louis_downtown_airport_to_st_louis_lambert,St. Louis Downtown Airport to St. Louis Lambert,w_0222,0.4,0.3,0.0,0.3,36.197024617572914,32.048497296641486,43,hier_jaccard_001,hier_jaccard_004
stl_st_louis_downtown_airport_to_st_louis_lambert_2026-03-09_0223,st_louis_downtown_airport_to_st_louis_lambert,St. Louis Downtown Airport to St. Louis Lambert,w_0223,0.4,0.3,0.1,0.2,36.19698431445951,30.457293687016083,43,hier_jaccard_001,hier_jaccard_004
stl_st_louis_downtown_airport_to_st_louis_lambert_2026-03-09_0224,st_louis_downtown_airport_to_st_louis_lambert,St. Louis Downtown Airport to St. Louis Lambert,w_0224,0.4,0.3,0.2,0.1,35.44576618687472,28.70088810835973,41,hier_jaccard_001,hier_jaccard_004
stl_st_louis_downtown_airport_to_st_louis_lambert_2026-03-09_0225,st_louis_downtown_airport_to_st_louis_lambert,St. Louis Downtown Airport to St. Louis Lambert,w_0225,0.4,0.3,0.3,0.0,35.445621882417974,26.637797360127056,41,hier_jaccard_001,hier_jaccard_004
stl_st_louis_downtown_airport_to_st_louis_lambert_2026-03-09_0226,st_louis_downtown_airport_to_st_louis_lambert,St. Louis Downtown Airport to St. Louis Lambert,w_0226,0.4,0.4,0.0,0.2,36.197024617572914,30.13970753872789,43,hier_jaccard_001,hier_jaccard_004
stl_st_louis_downtown_airport_to_st_louis_lambert_2026-03-09_0227,st_louis_downtown_airport_to_st_louis_lambert,St. Louis Downtown Airport to St. Louis Lambert,w_0227,0.4,0.4,0.1,0.1,36.19698431445951,28.562011135665703,43,hier_jaccard_001,hier_jaccard_004
stl_st_louis_downtown_airport_to_st_louis_lambert_2026-03-09_0228,st_louis_downtown_airport_to_st_louis_lambert,St. Louis Downtown Airport to St. Louis Lambert,w_0228,0.4,0.4,0.2,0.0,40.48999876712006,26.719299133325084,53,hier_jaccard_005,hier_jaccard_003
stl_st_louis_downtown_airport_to_st_louis_lambert_2026-03-09_0229,st_louis_downtown_airport_to_st_louis_lambert,St. Louis Downtown Airport to St. Louis Lambert,w_0229,0.4,0.5,0.0,0.1,40.86156395761667,27.16346527897982,54,hier_jaccard_003,hier_jaccard_001
stl_st_louis_downtown_airport_to_st_louis_lambert_2026-03-09_0230,st_louis_downtown_airport_to_st_louis_lambert,St. Louis Downtown Airport to St. Louis Lambert,w_0230,0.4,0.5,0.1,0.0,40.86154185699866,25.30654456198616,54,hier_jaccard_003,hier_jaccard_001
stl_st_louis_downtown_airport_to_st_louis_lambert_2026-03-09_0231,st_louis_downtown_airport_to_st_louis_lambert,St. Louis Downtown Airport to St. Louis Lambert,w_0231,0.4,0.6,0.0,0.0,41.77074742931658,23.595226946011607,55,hier_jaccard_003,hier_jaccard_001
stl_st_louis_downtown_airport_to_st_louis_lambert_2026-03-09_0232,st_louis_downtown_airport_to_st_louis_lambert,St. Louis Downtown Airport to St. Louis Lambert,w_0232,0.5,0.0,0.0,0.5,35.06847425714207,35.9975618858999,40,hier_jaccard_002,hier_jaccard_006
stl_st_louis_downtown_airport_to_st_louis_lambert_2026-03-09_0233,st_louis_downtown_airport_to_st_louis_lambert,St. Louis Downtown Airport to St. Louis Lambert,w_0233,0.5,0.0,0.1,0.4,35.068901024242656,34.28865729430207,40,hier_jaccard_002,hier_jaccard_006
stl_st_louis_downtown_airport_to_st_louis_lambert_2026-03-09_0234,st_louis_downtown_airport_to_st_louis_lambert,St. Louis Downtown Airport to St. Louis Lambert,w_0234,0.5,0.0,0.2,0.3,35.445569252782064,32.374003882206736,41,hier_jaccard_001,hier_jaccard_004
stl_st_louis_downtown_airport_to_st_louis_lambert_2026-03-09_0235,st_louis_downtown_airport_to_st_louis_lambert,St. Louis Downtown Airport to St. Louis Lambert,w_0235,0.5,0.0,0.3,0.2,35.445569252782064,30.20847052307237,41,hier_jaccard_001,hier_jaccard_004
stl_st_louis_downtown_airport_to_st_louis_lambert_2026-03-09_0236,st_louis_downtown_airport_to_st_louis_lambert,St. Louis Downtown Airport to St. Louis Lambert,w_0236,0.5,0.0,0.4,0.1,35.445569252782064,28.042937163938007,41,hier_jaccard_001,hier_jaccard_004
stl_st_louis_downtown_airport_to_st_louis_lambert_2026-03-09_0237,st_louis_downtown_airport_to_st_louis_lambert,St. Louis Downtown Airport to St. Louis Lambert,w_0237,0.5,0.0,0.5,0.0,35.82020566880418,25.83047622017064,42,hier_jaccard_001,hier_jaccard_004
stl_st_louis_downtown_airport_to_st_louis_lambert_2026-03-09_0238,st_louis_downtown_airport_to_st_louis_lambert,St. Louis Downtown Airport to St. Louis Lambert,w_0238,0.5,0.1,0.0,0.4,35.06932923764436,35.136789664168454,40,hier_jaccard_002,hier_jaccard_006
stl_st_louis_downtown_airport_to_st_louis_lambert_2026-03-09_0239,st_louis_downtown_airport_to_st_louis_lambert,St. Louis Downtown Airport to St. Louis Lambert,w_0239,0.5,0.1,0.1,0.3,35.06987633323177,33.37915967048964,40,hier_jaccard_002,hier_jaccard_006
stl_st_louis_downtown_airport_to_st_louis_lambert_2026-03-09_0240,st_louis_downtown_airport_to_st_louis_lambert,St. Louis Downtown Airport to St. Louis Lambert,w_0240,0.5,0.1,0.2,0.2,35.445569252782064,31.3802509552646,41,hier_jaccard_001,hier_jaccard_004
stl_st_louis_downtown_airport_to_st_louis_lambert_2026-03-09_0241,st_louis_downtown_airport_to_st_louis_lambert,St. Louis Downtown Airport to St. Louis Lambert,w_0241,0.5,0.1,0.3,0.1,35.445569252782064,29.21471759613023,41,hier_jaccard_001,hier_jaccard_004
stl_st_louis_downtown_airport_to_st_louis_lambert_2026-03-09_0242,st_louis_downtown_airport_to_st_louis_lambert,St. Louis Downtown Airport to St. Louis Lambert,w_0242,0.5,0.1,0.4,0.0,35.445569252782064,27.049184236995867,41,hier_jaccard_001,hier_jaccard_004
stl_st_louis_downtown_airport_to_st_louis_lambert_2026-03-09_0243,st_louis_downtown_airport_to_st_louis_lambert,St. Louis Downtown Airport to St. Louis Lambert,w_0243,0.5,0.2,0.0,0.3,35.44580648998812,34.07490917421423,41,hier_jaccard_001,hier_jaccard_004
stl_st_louis_downtown_airport_to_st_louis_lambert_2026-03-09_0244,st_louis_downtown_airport_to_st_louis_lambert,St. Louis Downtown Airport to St. Louis Lambert,w_0244,0.5,0.2,0.1,0.2,35.44576618687472,32.2827320459319,41,hier_jaccard_001,hier_jaccard_004
stl_st_louis_downtown_airport_to_st_louis_lambert_2026-03-09_0245,st_louis_downtown_airport_to_st_louis_lambert,St. Louis Downtown Airport to St. Louis Lambert,w_0245,0.5,0.2,0.2,0.1,35.445621882417974,30.300911368847416,41,hier_jaccard_001,hier_jaccard_004
stl_st_louis_downtown_airport_to_st_louis_lambert_2026-03-09_0246,st_louis_downtown_airport_to_st_louis_lambert,St. Louis Downtown Airport to St. Louis Lambert,w_0246,0.5,0.2,0.3,0.0,35.445621882417974,28.19531538602228,41,hier_jaccard_001,hier_jaccard_004
stl_st_louis_downtown_airport_to_st_louis_lambert_2026-03-09_0247,st_louis_downtown_airport_to_st_louis_lambert,St. Louis Downtown Airport to St. Louis Lambert,w_0247,0.5,0.3,0.0,0.2,36.197024617572914,32.392213939237045,43,hier_jaccard_001,hier_jaccard_004
stl_st_louis_downtown_airport_to_st_louis_lambert_2026-03-09_0248,st_louis_downtown_airport_to_st_louis_lambert,St. Louis Downtown Airport to St. Louis Lambert,w_0248,0.5,0.3,0.1,0.1,36.19698431445951,30.80100589399338,43,hier_jaccard_001,hier_jaccard_004
stl_st_louis_downtown_airport_to_st_louis_lambert_2026-03-09_0249,st_louis_downtown_airport_to_st_louis_lambert,St. Louis Downtown Airport to St. Louis Lambert,w_0249,0.5,0.3,0.2,0.0,35.44576618687472,29.161923902325277,41,hier_jaccard_001,hier_jaccard_004
stl_st_louis_downtown_airport_to_st_louis_lambert_2026-03-09_0250,st_louis_downtown_airport_to_st_louis_lambert,St. Louis Downtown Airport to St. Louis Lambert,w_0250,0.5,0.4,0.0,0.1,36.57204599052436,30.4261272663133,44,hier_jaccard_001,hier_jaccard_004
stl_st_louis_downtown_airport_to_st_louis_lambert_2026-03-09_0251,st_louis_downtown_airport_to_st_louis_lambert,St. Louis Downtown Airport to St. Louis Lambert,w_0251,0.5,0.4,0.1,0.0,40.32780151741078,28.808026388615893,54,hier_jaccard_003,hier_jaccard_001
stl_st_louis_downtown_airport_to_st_louis_lambert_2026-03-09_0252,st_louis_downtown_airport_to_st_louis_lambert,St. Louis Downtown Airport to St. Louis Lambert,w_0252,0.5,0.5,0.0,0.0,40.86156395761667,27.200544641171756,54,hier_jaccard_003,hier_jaccard_001
stl_st_louis_downtown_airport_to_st_louis_lambert_2026-03-09_0253,st_louis_downtown_airport_to_st_louis_lambert,St. Louis Downtown Airport to St. Louis Lambert,w_0253,0.6,0.0,0.0,0.4,35.06847425714207,36.51707426307988,40,hier_jaccard_002,hier_jaccard_006
stl_st_louis_downtown_airport_to_st_louis_lambert_2026-03-09_0254,st_louis_downtown_airport_to_st_louis_lambert,St. Louis Downtown Airport to St. Louis Lambert,w_0254,0.6,0.0,0.1,0.3,35.068901024242656,34.80821663996133,40,hier_jaccard_002,hier_jaccard_006
stl_st_louis_downtown_airport_to_st_louis_lambert_2026-03-09_0255,st_louis_downtown_airport_to_st_louis_lambert,St. Louis Downtown Airport to St. Louis Lambert,w_0255,0.6,0.0,0.2,0.2,35.445569252782064,32.83501800230182,41,hier_jaccard_001,hier_jaccard_004
stl_st_louis_downtown_airport_to_st_louis_lambert_2026-03-09_0256,st_louis_downtown_airport_to_st_louis_lambert,St. Louis Downtown Airport to St. Louis Lambert,w_0256,0.6,0.0,0.3,0.1,35.445569252782064,30.66948464316746,41,hier_jaccard_001,hier_jaccard_004
stl_st_louis_downtown_airport_to_st_louis_lambert_2026-03-09_0257,st_louis_downtown_airport_to_st_louis_lambert,St. Louis Downtown Airport to St. Louis Lambert,w_0257,0.6,0.0,0.4,0.0,35.445569252782064,28.503951284033096,41,hier_jaccard_001,hier_jaccard_004
stl_st_louis_downtown_airport_to_st_louis_lambert_2026-03-09_0258,st_louis_downtown_airport_to_st_louis_lambert,St. Louis Downtown Airport to St. Louis Lambert,w_0258,0.6,0.1,0.0,0.3,35.06987633323177,35.61919972142248,40,hier_jaccard_002,hier_jaccard_006
stl_st_louis_downtown_airport_to_st_louis_lambert_2026-03-09_0259,st_louis_downtown_airport_to_st_louis_lambert,St. Louis Downtown Airport to St. Louis Lambert,w_0259,0.6,0.1,0.1,0.2,35.06987633323177,33.85882635521041,40,hier_jaccard_002,hier_jaccard_006
stl_st_louis_downtown_airport_to_st_louis_lambert_2026-03-09_0260,st_louis_downtown_airport_to_st_louis_lambert,St. Louis Downtown Airport to St. Louis Lambert,w_0260,0.6,0.1,0.2,0.1,35.445569252782064,31.841265075359686,41,hier_jaccard_001,hier_jaccard_004
stl_st_louis_downtown_airport_to_st_louis_lambert_2026-03-09_0261,st_louis_downtown_airport_to_st_louis_lambert,St. Louis Downtown Airport to St. Louis Lambert,w_0261,0.6,0.1,0.3,0.0,35.445569252782064,29.67573171622532,41,hier_jaccard_001,hier_jaccard_004
stl_st_louis_downtown_airport_to_st_louis_lambert_2026-03-09_0262,st_louis_downtown_airport_to_st_louis_lambert,St. Louis Downtown Airport to St. Louis Lambert,w_0262,0.6,0.2,0.0,0.2,35.44580648998812,34.53594940379804,41,hier_jaccard_001,hier_jaccard_004
stl_st_louis_downtown_airport_to_st_louis_lambert_2026-03-09_0263,st_louis_downtown_airport_to_st_louis_lambert,St. Louis Downtown Airport to St. Louis Lambert,w_0263,0.6,0.2,0.1,0.1,35.44576618687472,32.743767839897444,41,hier_jaccard_001,hier_jaccard_004
stl_st_louis_downtown_airport_to_st_louis_lambert_2026-03-09_0264,st_louis_downtown_airport_to_st_louis_lambert,St. Louis Downtown Airport to St. Louis Lambert,w_0264,0.6,0.2,0.2,0.0,35.445621882417974,30.761931281174288,41,hier_jaccard_001,hier_jaccard_004
stl_st_louis_downtown_airport_to_st_louis_lambert_2026-03-09_0265,st_louis_downtown_airport_to_st_louis_lambert,St. Louis Downtown Airport to St. Louis Lambert,w_0265,0.6,0.3,0.0,0.1,36.197024617572914,32.73593058183261,43,hier_jaccard_001,hier_jaccard_004
stl_st_louis_downtown_airport_to_st_louis_lambert_2026-03-09_0266,st_louis_downtown_airport_to_st_louis_lambert,St. Louis Downtown Airport to St. Louis Lambert,w_0266,0.6,0.3,0.1,0.0,36.19698431445951,31.14471810097068,43,hier_jaccard_001,hier_jaccard_004
stl_st_louis_downtown_airport_to_st_louis_lambert_2026-03-09_0267,st_louis_downtown_airport_to_st_louis_lambert,St. Louis Downtown Airport to St. Louis Lambert,w_0267,0.6,0.4,0.0,0.0,40.32796740734455,30.66667456154385,54,hier_jaccard_003,hier_jaccard_001
stl_st_louis_downtown_airport_to_st_louis_lambert_2026-03-09_0268,st_louis_downtown_airport_to_st_louis_lambert,St. Louis Downtown Airport to St. Louis Lambert,w_0268,0.7,0.0,0.0,0.3,35.06847425714207,37.036586640259856,40,hier_jaccard_002,hier_jaccard_006
stl_st_louis_downtown_airport_to_st_louis_lambert_2026-03-09_0269,st_louis_downtown_airport_to_st_louis_lambert,St. Louis Downtown Airport to St. Louis Lambert,w_0269,0.7,0.0,0.1,0.2,35.068901024242656,35.3277759856206,40,hier_jaccard_002,hier_jaccard_006
stl_st_louis_downtown_airport_to_st_louis_lambert_2026-03-09_0270,st_louis_downtown_airport_to_st_louis_lambert,St. Louis Downtown Airport to St. Louis Lambert,w_0270,0.7,0.0,0.2,0.1,35.445569252782064,33.29603212239692,41,hier_jaccard_001,hier_jaccard_004
stl_st_louis_downtown_airport_to_st_louis_lambert_2026-03-09_0271,st_louis_downtown_airport_to_st_louis_lambert,St. Louis Downtown Airport to St. Louis Lambert,w_0271,0.7,0.0,0.3,0.0,35.445569252782064,31.13049876326255,41,hier_jaccard_001,hier_jaccard_004
stl_st_louis_downtown_airport_to_st_louis_lambert_2026-03-09_0272,st_louis_downtown_airport_to_st_louis_lambert,St. Louis Downtown Airport to St. Louis Lambert,w_0272,0.7,0.1,0.0,0.2,35.06987633323177,36.09886640614325,40,hier_jaccard_002,hier_jaccard_006
stl_st_louis_downtown_airport_to_st_louis_lambert_2026-03-09_0273,st_louis_downtown_airport_to_st_louis_lambert,St. Louis Downtown Airport to St. Louis Lambert,w_0273,0.7,0.1,0.1,0.1,35.06987633323177,34.33849303993118,40,hier_jaccard_002,hier_jaccard_006
stl_st_louis_downtown_airport_to_st_louis_lambert_2026-03-09_0274,st_louis_downtown_airport_to_st_louis_lambert,St. Louis Downtown Airport to St. Louis Lambert,w_0274,0.7,0.1,0.2,0.0,35.445569252782064,32.30227919545478,41,hier_jaccard_001,hier_jaccard_004
stl_st_louis_downtown_airport_to_st_louis_lambert_2026-03-09_0275,st_louis_downtown_airport_to_st_louis_lambert,St. Louis Downtown Airport to St. Louis Lambert,w_0275,0.7,0.2,0.0,0.1,36.197024617572914,34.98843698234177,43,hier_jaccard_001,hier_jaccard_004
stl_st_louis_downtown_airport_to_st_louis_lambert_2026-03-09_0276,st_louis_downtown_airport_to_st_louis_lambert,St. Louis Downtown Airport to St. Louis Lambert,w_0276,0.7,0.2,0.1,0.0,35.44576618687472,33.20480363386299,41,hier_jaccard_001,hier_jaccard_004
stl_st_louis_downtown_airport_to_st_louis_lambert_2026-03-09_0277,st_louis_downtown_airport_to_st_louis_lambert,St. Louis Downtown Airport to St. Louis Lambert,w_0277,0.7,0.3,0.0,0.0,36.197024617572914,33.07964722442817,43,hier_jaccard_001,hier_jaccard_004
stl_st_louis_downtown_airport_to_st_louis_lambert_2026-03-09_0278,st_louis_downtown_airport_to_st_louis_lambert,St. Louis Downtown Airport to St. Louis Lambert,w_0278,0.8,0.0,0.0,0.2,35.06847425714207,37.55609901743984,40,hier_jaccard_002,hier_jaccard_006
stl_st_louis_downtown_airport_to_st_louis_lambert_2026-03-09_0279,st_louis_downtown_airport_to_st_louis_lambert,St. Louis Downtown Airport to St. Louis Lambert,w_0279,0.8,0.0,0.1,0.1,35.06983717697514,35.84536892699574,40,hier_jaccard_002,hier_jaccard_006
stl_st_louis_downtown_airport_to_st_louis_lambert_2026-03-09_0280,st_louis_downtown_airport_to_st_louis_lambert,St. Louis Downtown Airport to St. Louis Lambert,w_0280,0.8,0.0,0.2,0.0,35.445569252782064,33.75704624249201,41,hier_jaccard_001,hier_jaccard_004
stl_st_louis_downtown_airport_to_st_louis_lambert_2026-03-09_0281,st_louis_downtown_airport_to_st_louis_lambert,St. Louis Downtown Airport to St. Louis Lambert,w_0281,0.8,0.1,0.0,0.1,35.06987633323177,36.57853309086403,40,hier_jaccard_002,hier_jaccard_006
stl_st_louis_downtown_airport_to_st_louis_lambert_2026-03-09_0282,st_louis_downtown_airport_to_st_louis_lambert,St. Louis Downtown Airport to St. Louis Lambert,w_0282,0.8,0.1,0.1,0.0,35.06987633323177,34.81815972465196,40,hier_jaccard_002,hier_jaccard_006
stl_st_louis_downtown_airport_to_st_louis_lambert_2026-03-09_0283,st_louis_downtown_airport_to_st_louis_lambert,St. Louis Downtown Airport to St. Louis Lambert,w_0283,0.8,0.2,0.0,0.0,36.197024617572914,35.332153624937334,43,hier_jaccard_001,hier_jaccard_004
stl_st_louis_downtown_airport_to_st_louis_lambert_2026-03-09_0284,st_louis_downtown_airport_to_st_louis_lambert,St. Louis Downtown Airport to St. Louis Lambert,w_0284,0.9,0.0,0.0,0.1,35.06847425714207,38.07561139461982,40,hier_jaccard_002,hier_jaccard_006
stl_st_louis_downtown_airport_to_st_louis_lambert_2026-03-09_0285,st_louis_downtown_airport_to_st_louis_lambert,St. Louis Downtown Airport to St. Louis Lambert,w_0285,0.9,0.0,0.1,0.0,35.06983717697514,36.32503130231724,40,hier_jaccard_002,hier_jaccard_006
stl_st_louis_downtown_airport_to_st_louis_lambert_2026-03-09_0286,st_louis_downtown_airport_to_st_louis_lambert,St. Louis Downtown Airport to St. Louis Lambert,w_0286,0.9,0.1,0.0,0.0,35.06987633323177,37.05819977558479,40,hier_jaccard_002,hier_jaccard_006
stl_st_louis_downtown_airport_to_st_louis_lambert_2026-03-09_0287,st_louis_downtown_airport_to_st_louis_lambert,St. Louis Downtown Airport to St. Louis Lambert,w_0287,1.0,0.0,0.0,0.0,35.06847425714207,38.5951237717998,40,hier_jaccard_002,hier_jaccard_006
