route_run_id,weight_id,weight_set,is_equal_weight,direct_source_cluster_id,distance_weight,population_weight,traffic_weight,airspace_weight,route_distance_km,total_weighted_score,path_nodes,path_node_ids
rr_all_0063,w_0063,grid_0_10,False,cluster_001,0.0,0.8,0.2,0.0,77.13961030679326,38.624458678121535,118,"[13722, 13709, 13708, 13495, 13490, 13478, 22495, 22493, 22468, 22456, 22454, 22429, 22432, 22431, 22444, 22447, 22448, 22473, 22476, 22478, 22296, 22299, 22711, 22724, 22728, 22726, 22543, 22545, 22547, 22563, 22566, 22801, 22592, 22591, 22593, 22575, 22573, 23774, 23776, 23773, 23764, 23765, 23761, 23759, 23783, 23787, 23828, 23826, 23830, 23843, 23844, 23846, 23927, 23960, 23965, 23980, 23981, 23992, 23997, 23999, 24117, 24141, 24144, 24145, 4954, 4956, 4959, 4984, 4977, 4979, 4993, 4994, 7218, 7251, 7253, 7249, 7500, 7282, 7286, 7510, 7298, 7523, 7522, 7430, 7435, 7432, 7427, 7428, 7429, 7451, 7453, 7458, 5599, 5813, 5817, 5832, 5833, 5827, 5825, 5826, 5776, 5777, 5775, 8010, 5789, 5788, 5798, 8022, 8026, 5951, 5953, 5958, 5970, 5972, 5977, 5994, 5996, 5999]"
rr_all_0065,w_0065,grid_0_10,False,cluster_001,0.0,0.9,0.1,0.0,76.55382386916388,36.21230497872803,116,"[13722, 13709, 13708, 13495, 13490, 13478, 22495, 22493, 22468, 22456, 22454, 22429, 22432, 22433, 22447, 22448, 22473, 22474, 22296, 22299, 22711, 22724, 22728, 22726, 22543, 22545, 22547, 22563, 22566, 22801, 22592, 22591, 22593, 22575, 22573, 23774, 23776, 23773, 23764, 23765, 23761, 23759, 23783, 23787, 23828, 23826, 23830, 23843, 23844, 23846, 23927, 23960, 23965, 23980, 23981, 23992, 23997, 23999, 24117, 24141, 24144, 24145, 24149, 4956, 4959, 4984, 4977, 4979, 4993, 4994, 7218, 7251, 7253, 7249, 7500, 7282, 7286, 7510, 7298, 7523, 7522, 7430, 7435, 7432, 7427, 7428, 7424, 5579, 7452, 7454, 5596, 5810, 5811, 5832, 5833, 5827, 5825, 5826, 5776, 5777, 5775, 8010, 5789, 5788, 5798, 8022, 8026, 5951, 5953, 5958, 5970, 5972, 5977, 5994, 5996, 5999]"
rr_all_0066,w_0066,grid_0_10,False,cluster_001,0.0,1.0,0.0,0.0,74.89696961967374,33.474994527999215,116,"[13722, 13709, 13706, 13705, 13491, 13477, 13475, 22492, 22490, 22467, 22452, 22450, 22426, 22430, 22199, 22441, 22442, 22446, 22275, 22290, 22292, 22706, 22709, 22721, 22543, 22545, 22544, 22563, 22564, 22565, 22554, 22553, 22555, 23729, 22570, 23746, 23747, 23748, 23760, 23739, 23735, 23751, 23753, 23758, 23821, 23822, 23827, 23840, 23841, 23846, 23927, 23960, 23965, 23980, 23981, 23992, 23997, 23999, 24117, 24140, 24138, 24146, 24180, 24182, 4981, 4982, 4986, 4990, 4993, 4994, 7218, 7251, 7253, 7249, 7500, 7282, 7286, 7287, 7295, 7297, 7296, 7413, 7411, 7412, 7198, 7423, 7424, 5579, 7452, 7454, 5596, 5597, 5595, 5588, 5587, 5806, 5809, 5821, 5772, 5770, 5771, 5782, 5786, 5788, 5798, 8022, 8026, 5951, 5953, 5956, 5981, 5973, 5975, 8300, 5996, 5999]"
rr_all_0097,w_0097,grid_0_10,False,cluster_001,0.1,0.3,0.3,0.3,68.16904755831501,50.99141480236735,110,"[13722, 13721, 13498, 13493, 13494, 22633, 22635, 22634, 22609, 22650, 22625, 22623, 22624, 22614, 22615, 22613, 22713, 22718, 22717, 22727, 22728, 22726, 22543, 22545, 22544, 22563, 22566, 22801, 22559, 22591, 22593, 22575, 22573, 23770, 23749, 23771, 23764, 23765, 23763, 23782, 23783, 23787, 23828, 23832, 23834, 23848, 23862, 23864, 23967, 24100, 24103, 23987, 23989, 24133, 24134, 24138, 24146, 24180, 24182, 4981, 4982, 4986, 4990, 4993, 4994, 7218, 7251, 7253, 7249, 7500, 7282, 7286, 7510, 7298, 7523, 7522, 7430, 7435, 7438, 7443, 7447, 7449, 7484, 7485, 7487, 5818, 5843, 5845, 5862, 5863, 5883, 5888, 8100, 8073, 8076, 8079, 8068, 8069, 8090, 8085, 8086, 8087, 5989, 5988, 8313, 8302, 8301, 8306, 5998, 5999]"
rr_all_0102,w_0102,grid_0_10,False,cluster_001,0.1,0.4,0.1,0.4,68.63351365238415,47.5170587101053,113,"[13722, 13721, 13498, 13493, 13494, 22633, 22635, 22634, 22609, 22650, 22625, 22623, 22624, 22614, 22615, 22613, 22710, 22712, 22711, 22720, 22722, 22723, 22543, 22545, 22544, 22563, 22566, 22801, 22559, 22591, 22590, 22572, 22573, 23770, 23749, 23771, 23764, 23765, 23761, 23757, 23780, 23781, 23824, 23826, 23830, 23843, 23844, 23846, 23927, 23960, 23965, 23980, 23981, 23992, 23997, 23999, 24117, 24141, 24144, 24145, 4954, 4956, 4981, 4982, 4986, 4990, 4993, 4994, 7218, 7251, 7253, 7249, 7500, 7282, 7286, 7510, 7298, 7523, 7522, 7430, 7435, 7433, 7427, 7428, 7429, 7451, 7453, 7458, 5599, 5813, 5817, 5836, 5837, 5855, 5859, 5881, 8034, 8038, 8071, 8062, 8066, 8067, 8082, 8086, 8087, 5989, 5988, 8313, 8302, 8301, 8306, 5998, 5999]"
rr_all_0103,w_0103,grid_0_10,False,cluster_001,0.1,0.4,0.2,0.3,69.46194077712991,49.75080307368215,113,"[13722, 13721, 13498, 13493, 13494, 22633, 22635, 22634, 22609, 22650, 22625, 22623, 22624, 22614, 22615, 22613, 22713, 22718, 22717, 22727, 22728, 22726, 22543, 22545, 22544, 22563, 22566, 22801, 22559, 22591, 22593, 22575, 22573, 23770, 23749, 23771, 23764, 23765, 23761, 23757, 23780, 23781, 23824, 23826, 23830, 23843, 23844, 23846, 23927, 23960, 23965, 23980, 23981, 23992, 23997, 23999, 24117, 24141, 24144, 24145, 4954, 4956, 4981, 4982, 4986, 4990, 4993, 4994, 7218, 7251, 7253, 7249, 7500, 7282, 7286, 7510, 7298, 7523, 7522, 7430, 7435, 7438, 7443, 7444, 7445, 7455, 7453, 7458, 5599, 5813, 5817, 5836, 5837, 5855, 5859, 5881, 8034, 8038, 8071, 8062, 8066, 8090, 8085, 8086, 8087, 5989, 5988, 8313, 8302, 8301, 8306, 5998, 5999]"
rr_all_0104,w_0104,grid_0_10,False,cluster_001,0.1,0.4,0.3,0.2,70.29036790187533,51.72791903980702,113,"[13722, 13721, 13498, 13493, 13494, 22633, 22635, 22631, 22605, 22604, 22486, 22485, 22487, 22614, 22615, 22613, 22713, 22718, 22717, 22727, 22728, 22726, 22543, 22545, 22544, 22563, 22566, 22801, 22559, 22591, 22593, 22575, 22573, 23770, 23749, 23771, 23764, 23765, 23761, 23757, 23780, 23781, 23824, 23826, 23830, 23843, 23844, 23846, 23927, 23960, 23965, 23980, 23981, 23992, 23997, 23999, 24117, 24141, 24144, 24145, 4954, 4956, 4959, 4984, 4977, 4979, 4993, 4994, 7218, 7251, 7253, 7249, 7500, 7282, 7286, 7510, 7298, 7523, 7522, 7430, 7435, 7438, 7443, 7444, 7445, 7455, 7453, 7458, 5599, 5813, 5817, 5836, 5837, 5855, 5859, 5881, 8034, 8038, 8071, 8062, 8066, 8090, 8085, 8086, 8087, 5989, 5988, 8313, 8302, 8301, 8306, 5998, 5999]"
rr_all_0105,w_0105,grid_0_10,False,cluster_001,0.1,0.4,0.4,0.1,72.2401153701762,52.29935491614417,114,"[13722, 13709, 13708, 13495, 13490, 13478, 22495, 22493, 22468, 22456, 22454, 22429, 22435, 22437, 22472, 22476, 22478, 22296, 22299, 22711, 22724, 22728, 22726, 22543, 22545, 22544, 22563, 22566, 22801, 22559, 22591, 22593, 22575, 22573, 23770, 23749, 23771, 23764, 23765, 23763, 23782, 23783, 23787, 23825, 23826, 23830, 23843, 23844, 23846, 23927, 23960, 23965, 23980, 23981, 23992, 23997, 23999, 24117, 24141, 24144, 24145, 4954, 4956, 4959, 4984, 4977, 4979, 4993, 4994, 7218, 7251, 7253, 7249, 7500, 7282, 7286, 7510, 7298, 7523, 7522, 7430, 7435, 7438, 7443, 7444, 7445, 7455, 7453, 7458, 5599, 5813, 5817, 5834, 5833, 5827, 5825, 5826, 5776, 5778, 8000, 8013, 8015, 8014, 8021, 8025, 8029, 5954, 5956, 5981, 5973, 5975, 8300, 5996, 5999]"
rr_all_0106,w_0106,grid_0_10,False,cluster_001,0.1,0.4,0.5,0.0,74.24011537017734,52.20631930758925,118,"[13722, 13709, 13708, 13495, 13490, 13478, 22495, 22493, 22468, 22456, 22454, 22429, 22432, 22431, 22444, 22447, 22448, 22473, 22476, 22478, 22296, 22299, 22711, 22724, 22728, 22726, 22543, 22545, 22544, 22563, 22566, 22801, 22559, 22591, 22593, 22575, 22574, 23774, 23776, 23777, 23791, 23769, 23790, 23782, 23783, 23787, 23825, 23826, 23830, 23843, 23844, 23846, 23927, 23960, 23965, 23980, 23981, 23992, 23997, 23999, 24117, 24141, 24144, 24145, 4954, 4956, 4959, 4984, 4977, 4979, 4993, 4994, 7218, 7251, 7253, 7249, 7500, 7282, 7286, 7510, 7298, 7523, 7522, 7430, 7435, 7438, 7443, 7447, 7449, 7484, 7485, 7487, 5818, 5816, 5817, 5834, 5833, 5827, 5825, 5826, 5776, 5778, 8000, 8013, 8015, 8014, 8021, 8025, 8029, 5951, 5953, 5958, 5970, 5972, 5977, 5994, 5996, 5999]"
rr_all_0107,w_0107,grid_0_10,False,cluster_001,0.1,0.5,0.0,0.4,69.0477272147573,45.11019414489967,113,"[13722, 13721, 13498, 13493, 13494, 22633, 22635, 22634, 22609, 22650, 22622, 22488, 22487, 22614, 22615, 22613, 22710, 22712, 22711, 22720, 22722, 22721, 22543, 22545, 22544, 22563, 22564, 22565, 22554, 22553, 22555, 23729, 23728, 23746, 23747, 23748, 23760, 23739, 23738, 23754, 23753, 23758, 23821, 23822, 23827, 23840, 23841, 23846, 23927, 23960, 23965, 23980, 23981, 23992, 23997, 23999, 24117, 24140, 24144, 24147, 24180, 24182, 4981, 4982, 4986, 4990, 4993, 4994, 7218, 7251, 7253, 7249, 7500, 7282, 7286, 7510, 7521, 7523, 7522, 7430, 7435, 7433, 7427, 7428, 7429, 7451, 7453, 7458, 5599, 5813, 5817, 5836, 5837, 5855, 5859, 5881, 8034, 8038, 8071, 8062, 8066, 8067, 8082, 8086, 8087, 5989, 8311, 8316, 8305, 8304, 8306, 5998, 5999]"
rr_all_0108,w_0108,grid_0_10,False,cluster_001,0.1,0.5,0.1,0.3,69.04772721475364,47.43908517806717,113,"[13722, 13721, 13498, 13493, 13494, 22633, 22635, 22634, 22609, 22650, 22622, 22488, 22487, 22614, 22615, 22613, 22710, 22712, 22711, 22720, 22722, 22723, 22543, 22545, 22544, 22563, 22566, 22801, 22559, 22591, 22590, 22572, 22573, 23770, 23749, 23771, 23764, 23765, 23761, 23757, 23780, 23781, 23824, 23826, 23830, 23843, 23844, 23846, 23927, 23960, 23965, 23980, 23981, 23992, 23997, 23999, 24117, 24141, 24144, 24145, 4954, 4956, 4981, 4982, 4986, 4990, 4993, 4994, 7218, 7251, 7253, 7249, 7500, 7282, 7286, 7510, 7298, 7523, 7522, 7430, 7435, 7433, 7427, 7428, 7429, 7451, 7453, 7458, 5599, 5813, 5817, 5836, 5837, 5855, 5859, 5881, 8034, 8038, 8071, 8062, 8066, 8067, 8082, 8083, 8087, 5989, 5988, 8313, 8302, 8301, 8306, 5998, 5999]"
rr_all_0109,w_0109,grid_0_10,False,cluster_001,0.1,0.5,0.2,0.2,71.11879502662086,49.43640849178762,113,"[13722, 13721, 13498, 13493, 13494, 22633, 22630, 22499, 22603, 22601, 22486, 22485, 22487, 22614, 22615, 22613, 22713, 22718, 22717, 22727, 22728, 22726, 22543, 22545, 22544, 22563, 22566, 22801, 22559, 22591, 22593, 22575, 22573, 23770, 23749, 23771, 23764, 23765, 23761, 23757, 23780, 23781, 23824, 23826, 23830, 23843, 23844, 23846, 23927, 23960, 23965, 23980, 23981, 23992, 23997, 23999, 24117, 24141, 24144, 24145, 4954, 4956, 4959, 4984, 4977, 4979, 4993, 4994, 7218, 7251, 7253, 7249, 7500, 7282, 7286, 7510, 7298, 7523, 7522, 7430, 7435, 7438, 7443, 7444, 7445, 7455, 7453, 7458, 5599, 5813, 5817, 5836, 5837, 5855, 5859, 5881, 8034, 8038, 8071, 8062, 8066, 8090, 8082, 8083, 8087, 5989, 5988, 8313, 8302, 8301, 8306, 5998, 5999]"
rr_all_0110,w_0110,grid_0_10,False,cluster_001,0.1,0.5,0.3,0.1,72.533008588991,50.192216544887046,115,"[13722, 13709, 13708, 13495, 13490, 13478, 22495, 22493, 22468, 22456, 22454, 22429, 22435, 22437, 22472, 22476, 22478, 22296, 22299, 22711, 22724, 22728, 22726, 22543, 22545, 22544, 22563, 22566, 22801, 22559, 22591, 22593, 22575, 22573, 23770, 23749, 23771, 23764, 23765, 23763, 23782, 23783, 23787, 23825, 23826, 23830, 23843, 23844, 23846, 23927, 23960, 23965, 23980, 23981, 23992, 23997, 23999, 24117, 24141, 24144, 24145, 4954, 4956, 4959, 4984, 4977, 4979, 4993, 4994, 7218, 7251, 7253, 7249, 7500, 7282, 7286, 7510, 7298, 7523, 7522, 7430, 7435, 7438, 7443, 7444, 7445, 7455, 7453, 7458, 5599, 5813, 5817, 5834, 5833, 5827, 5825, 5826, 5776, 5778, 8000, 8010, 5789, 5788, 5798, 8022, 8026, 5951, 5953, 5958, 5970, 5972, 5977, 5994, 5996, 5999]"
rr_all_0111,w_0111,grid_0_10,False,cluster_001,0.1,0.5,0.4,0.0,73.82590180780444,50.1656595995052,118,"[13722, 13709, 13708, 13495, 13490, 13478, 22495, 22493, 22468, 22456, 22454, 22429, 22432, 22431, 22444, 22447, 22448, 22473, 22476, 22478, 22296, 22299, 22711, 22724, 22728, 22726, 22543, 22545, 22544, 22563, 22566, 22801, 22559, 22591, 22593, 22575, 22574, 23774, 23776, 23777, 23791, 23769, 23790, 23782, 23783, 23787, 23825, 23826, 23830, 23843, 23844, 23846, 23927, 23960, 23965, 23980, 23981, 23992, 23997, 23999, 24117, 24141, 24144, 24145, 4954, 4956, 4959, 4984, 4977, 4979, 4993, 4994, 7218, 7251, 7253, 7249, 7500, 7282, 7286, 7510, 7298, 7523, 7522, 7430, 7435, 7438, 7443, 7444, 7445, 7455, 7453, 7458, 5599, 5813, 5817, 5834, 5833, 5827, 5825, 5826, 5776, 5778, 8000, 8010, 5789, 5788, 5798, 8022, 8026, 5951, 5953, 5958, 5970, 5972, 5977, 5994, 5996, 5999]"
rr_all_0112,w_0112,grid_0_10,False,cluster_001,0.1,0.6,0.0,0.3,69.87615433950108,44.74987932401886,113,"[13722, 13721, 13498, 13493, 13494, 22633, 22630, 22499, 22603, 22601, 22486, 22488, 22487, 22614, 22615, 22613, 22710, 22712, 22711, 22720, 22722, 22721, 22543, 22545, 22544, 22563, 22564, 22565, 22554, 22553, 22555, 23729, 23728, 23746, 23747, 23748, 23760, 23739, 23738, 23754, 23753, 23758, 23821, 23822, 23827, 23840, 23841, 23846, 23927, 23960, 23965, 23980, 23981, 23992, 23997, 23999, 24117, 24140, 24144, 24147, 24180, 24182, 4981, 4982, 4986, 4990, 4993, 4994, 7218, 7251, 7253, 7249, 7500, 7282, 7286, 7510, 7521, 7523, 7522, 7430, 7435, 7433, 7427, 7428, 7429, 7451, 7453, 7458, 5599, 5813, 5817, 5836, 5837, 5855, 5859, 5881, 8034, 8038, 8071, 8062, 8066, 8067, 8082, 8083, 8087, 5989, 8311, 8316, 8305, 8304, 8306, 5998, 5999]"
rr_all_0113,w_0113,grid_0_10,False,cluster_001,0.1,0.6,0.1,0.2,70.16904755831082,46.87010700326641,114,"[13722, 13721, 13498, 13493, 13494, 22633, 22630, 22499, 22603, 22601, 22486, 22485, 22487, 22614, 22615, 22613, 22710, 22712, 22711, 22720, 22722, 22723, 22543, 22545, 22544, 22563, 22566, 22801, 22559, 22591, 22590, 22572, 22573, 23770, 23749, 23771, 23764, 23765, 23761, 23757, 23780, 23781, 23824, 23826, 23830, 23843, 23844, 23846, 23927, 23960, 23965, 23980, 23981, 23992, 23997, 23999, 24117, 24141, 24144, 24145, 4954, 4956, 4981, 4982, 4986, 4990, 4993, 4994, 7218, 7251, 7253, 7249, 7500, 7282, 7286, 7510, 7298, 7523, 7522, 7430, 7435, 7433, 7427, 7428, 7429, 5579, 7452, 7454, 5596, 5810, 5811, 5832, 5833, 5827, 5825, 5826, 5776, 5778, 8000, 8013, 8015, 8014, 8021, 8022, 8026, 5951, 5953, 5958, 5970, 5972, 5977, 5994, 5996, 5999]"
rr_all_0114,w_0114,grid_0_10,False,cluster_001,0.1,0.6,0.2,0.1,70.58326112067978,47.85254047553056,114,"[13722, 13721, 13498, 13493, 13494, 22633, 22630, 22499, 22603, 22601, 22486, 22485, 22487, 22614, 22615, 22613, 22713, 22718, 22717, 22727, 22728, 22726, 22543, 22545, 22544, 22563, 22566, 22801, 22559, 22591, 22593, 22575, 22573, 23770, 23749, 23771, 23764, 23765, 23763, 23782, 23783, 23787, 23825, 23826, 23830, 23843, 23844, 23846, 23927, 23960, 23965, 23980, 23981, 23992, 23997, 23999, 24117, 24141, 24144, 24145, 4954, 4956, 4959, 4984, 4977, 4979, 4993, 4994, 7218, 7251, 7253, 7249, 7500, 7282, 7286, 7510, 7298, 7523, 7522, 7430, 7435, 7433, 7427, 7428, 7429, 7451, 7453, 7458, 5599, 5813, 5817, 5834, 5833, 5827, 5825, 5826, 5776, 5778, 8000, 8013, 8015, 8014, 8021, 8022, 8026, 5951, 5953, 5958, 5970, 5972, 5977, 5994, 5996, 5999]"
rr_all_0115,w_0115,grid_0_10,False,cluster_001,0.1,0.6,0.3,0.0,73.11879502661954,47.97060702045472,117,"[13722, 13709, 13708, 13495, 13490, 13478, 22495, 22493, 22468, 22456, 22454, 22429, 22432, 22431, 22444, 22447, 22448, 22473, 22474, 22296, 22299, 22711, 22724, 22728, 22726, 22543, 22545, 22544, 22563, 22566, 22801, 22559, 22591, 22593, 22575, 22574, 23774, 23776, 23777, 23791, 23769, 23790, 23785, 23786, 23787, 23825, 23826, 23830, 23843, 23844, 23846, 23927, 23960, 23965, 23980, 23981, 23992, 23997, 23999, 24117, 24141, 24144, 24145, 4954, 4956, 4959, 4984, 4977, 4979, 4993, 4994, 7218, 7251, 7253, 7249, 7500, 7282, 7286, 7510, 7298, 7523, 7522, 7430, 7435, 7438, 7443, 7444, 7445, 7455, 7453, 7458, 5599, 5813, 5817, 5834, 5833, 5827, 5825, 5826, 5776, 5778, 8000, 8010, 5789, 5788, 5798, 8022, 8026, 5951, 5953, 5958, 5970, 5972, 5977, 5994, 5996, 5999]"
rr_all_0116,w_0116,grid_0_10,False,cluster_001,0.1,0.7,0.0,0.2,70.16904755831372,43.98473553918589,114,"[13722, 13721, 13498, 13493, 13494, 22633, 22630, 22499, 22603, 22601, 22486, 22488, 22487, 22614, 22615, 22613, 22710, 22712, 22711, 22720, 22722, 22721, 22543, 22545, 22544, 22563, 22564, 22565, 22554, 22553, 22555, 23729, 23728, 23746, 23747, 23748, 23760, 23739, 23738, 23754, 23753, 23758, 23821, 23822, 23827, 23840, 23841, 23846, 23927, 23960, 23965, 23980, 23981, 23992, 23997, 23999, 24117, 24140, 24144, 24147, 24180, 24182, 4981, 4982, 4986, 4990, 4993, 4994, 7218, 7251, 7253, 7249, 7500, 7282, 7286, 7510, 7521, 7523, 7522, 7430, 7435, 7433, 7427, 7428, 7429, 5579, 7452, 7454, 5596, 5810, 5814, 5834, 5833, 5827, 5825, 5826, 5776, 5778, 8002, 8016, 8015, 8014, 8021, 8022, 8026, 8029, 5954, 5956, 5981, 5973, 5975, 8300, 5996, 5999]"
rr_all_0117,w_0117,grid_0_10,False,cluster_001,0.1,0.7,0.1,0.1,69.75483399593706,45.17602201229023,114,"[13722, 13721, 13498, 13493, 13494, 22633, 22630, 22499, 22603, 22601, 22486, 22485, 22487, 22614, 22615, 22613, 22710, 22712, 22711, 22720, 22722, 22723, 22543, 22545, 22544, 22563, 22566, 22801, 22559, 22591, 22590, 22572, 22573, 23770, 23749, 23771, 23764, 23765, 23763, 23759, 23780, 23781, 23824, 23826, 23830, 23843, 23844, 23846, 23927, 23960, 23965, 23980, 23981, 23992, 23997, 23999, 24117, 24141, 24144, 24145, 4954, 4956, 4959, 4984, 4977, 4979, 4993, 4994, 7218, 7251, 7253, 7249, 7500, 7282, 7286, 7510, 7298, 7523, 7522, 7430, 7435, 7433, 7427, 7428, 7429, 5579, 7452, 7454, 5596, 5810, 5811, 5832, 5833, 5827, 5825, 5826, 5776, 5778, 8000, 8013, 8015, 8014, 8021, 8022, 8026, 5951, 5953, 5958, 5970, 5972, 5977, 5994, 5996, 5999]"
rr_all_0118,w_0118,grid_0_10,False,cluster_001,0.1,0.7,0.2,0.0,72.4116882454319,45.65240995665456,116,"[13722, 13709, 13708, 13495, 13490, 13478, 22495, 22493, 22468, 22456, 22454, 22429, 22432, 22431, 22444, 22447, 22448, 22471, 22291, 22295, 22294, 22707, 22722, 22723, 22543, 22545, 22544, 22563, 22566, 22801, 22559, 22591, 22593, 22575, 22574, 23774, 23776, 23777, 23791, 23769, 23790, 23785, 23786, 23787, 23825, 23826, 23830, 23843, 23844, 23846, 23927, 23960, 23965, 23980, 23981, 23992, 23997, 23999, 24117, 24141, 24144, 24145, 4954, 4956, 4959, 4984, 4977, 4979, 4993, 4994, 7218, 7251, 7253, 7249, 7500, 7282, 7286, 7510, 7298, 7523, 7522, 7430, 7435, 7433, 7427, 7428, 7429, 7451, 7453, 7458, 5599, 5813, 5817, 5834, 5833, 5827, 5825, 5826, 5776, 5778, 8000, 8010, 5789, 5788, 5798, 8022, 8026, 5951, 5953, 5958, 5970, 5972, 5977, 5994, 5996, 5999]"
rr_all_0119,w_0119,grid_0_10,False,cluster_001,0.1,0.8,0.0,0.1,70.16904755831372,42.31210660519916,114,"[13722, 13721, 13498, 13493, 13494, 22633, 22630, 22499, 22603, 22601, 22486, 22488, 22487, 22614, 22615, 22613, 22710, 22712, 22711, 22720, 22722, 22721, 22543, 22545, 22544, 22563, 22564, 22565, 22554, 22553, 22555, 23729, 23728, 23746, 23747, 23748, 23760, 23739, 23738, 23754, 23753, 23758, 23821, 23822, 23827, 23840, 23841, 23846, 23927, 23960, 23965, 23980, 23981, 23992, 23997, 23999, 24117, 24140, 24144, 24147, 24180, 24182, 4981, 4982, 4986, 4990, 4993, 4994, 7218, 7251, 7253, 7249, 7500, 7282, 7286, 7510, 7521, 7523, 7522, 7430, 7435, 7433, 7427, 7428, 7429, 5579, 7452, 7454, 5596, 5810, 5814, 5834, 5833, 5827, 5825, 5826, 5776, 5778, 8002, 8016, 8015, 8014, 8021, 8022, 8026, 8029, 5954, 5956, 5981, 5973, 5975, 8300, 5996, 5999]"
rr_all_0120,w_0120,grid_0_10,False,cluster_001,0.1,0.8,0.1,0.0,72.11879502661965,43.11158748413581,115,"[13722, 13709, 13708, 13495, 13490, 13478, 22495, 22493, 22468, 22456, 22454, 22429, 22432, 22431, 22444, 22445, 22446, 22275, 22290, 22292, 22706, 22709, 22721, 22543, 22545, 22544, 22563, 22566, 22801, 22559, 22591, 22593, 22575, 22574, 23774, 23776, 23777, 23791, 23769, 23790, 23785, 23786, 23787, 23825, 23826, 23830, 23843, 23844, 23846, 23927, 23960, 23965, 23980, 23981, 23992, 23997, 23999, 24117, 24141, 24144, 24145, 4954, 4956, 4959, 4984, 4977, 4979, 4993, 4994, 7218, 7251, 7253, 7249, 7500, 7282, 7286, 7510, 7298, 7523, 7522, 7430, 7435, 7433, 7427, 7428, 7429, 5579, 7452, 7454, 5596, 5810, 5811, 5832, 5833, 5827, 5825, 5826, 5776, 5778, 8000, 8010, 5789, 5788, 5798, 8022, 8026, 5951, 5953, 5958, 5970, 5972, 5977, 5994, 5996, 5999]"
rr_all_0121,w_0121,grid_0_10,False,cluster_001,0.1,0.9,0.0,0.0,72.41168824541991,40.38229620353869,116,"[13722, 13709, 13708, 13495, 13491, 13477, 13475, 22492, 22490, 22467, 22452, 22450, 22426, 22432, 22433, 22447, 22448, 22470, 22278, 22293, 22292, 22706, 22709, 22721, 22543, 22545, 22544, 22563, 22564, 22565, 22558, 22556, 22590, 22572, 22573, 23770, 23749, 23771, 23764, 23765, 23763, 23759, 23780, 23784, 23825, 23829, 23831, 23845, 23844, 23849, 23961, 23963, 23965, 23980, 23981, 23992, 23997, 23999, 24117, 24140, 24142, 24147, 24149, 24182, 4981, 4982, 4986, 4990, 4993, 4994, 7218, 7251, 7253, 7249, 7500, 7282, 7286, 7510, 7298, 7523, 7522, 7419, 7431, 7432, 7426, 7428, 7429, 5579, 7452, 7454, 5596, 5810, 5811, 5830, 5589, 5822, 5824, 5823, 5772, 5777, 8000, 8010, 8012, 8014, 8021, 8022, 8026, 5951, 5953, 5958, 5970, 5972, 5977, 5994, 5997, 5999]"
rr_all_0123,w_0123,grid_0_10,False,cluster_003,0.2,0.0,0.1,0.7,66.56244584051775,45.460892562160296,113,"[13722, 13727, 13718, 13742, 13746, 13749, 22930, 22933, 22938, 22980, 22982, 22967, 22969, 25202, 25204, 25209, 25135, 25137, 25161, 25181, 25183, 25185, 25179, 25412, 25416, 25357, 25372, 25373, 25396, 25621, 25623, 25606, 25609, 25663, 25664, 25669, 24800, 24801, 24802, 24594, 24595, 24596, 24752, 24755, 24757, 24739, 24780, 24781, 24749, 24790, 24791, 24761, 24762, 24699, 24910, 24911, 24689, 24920, 24921, 24907, 24932, 24934, 7662, 7663, 7664, 7659, 7682, 7683, 7694, 7695, 7693, 7717, 7716, 7723, 7724, 7725, 7736, 7739, 7744, 7858, 7859, 7883, 7867, 7866, 7865, 7875, 7876, 27000, 8120, 5898, 5899, 8115, 8116, 8108, 8130, 8109, 8078, 8200, 8079, 8068, 8069, 8090, 8085, 8086, 8087, 5989, 5988, 8313, 8302, 8301, 8306, 5998, 5999]"
rr_all_0124,w_0124,grid_0_10,False,cluster_003,0.2,0.0,0.2,0.6,66.0979797464506,47.91687624481122,110,"[13722, 13727, 13718, 13742, 13746, 22697, 22932, 22934, 22961, 22964, 22972, 22975, 25200, 22994, 22998, 25132, 25142, 25145, 25146, 25170, 25173, 25175, 25329, 25352, 25355, 25349, 25391, 25392, 25366, 25368, 25383, 25385, 25387, 24517, 24541, 24540, 24537, 24539, 24563, 24581, 24582, 24583, 24715, 24718, 24732, 24741, 24742, 24740, 24666, 24665, 24693, 24697, 24698, 24689, 24920, 24921, 24907, 24932, 24934, 7662, 7663, 7664, 7659, 7682, 7683, 7694, 7695, 7693, 7717, 7716, 7723, 7724, 7725, 7736, 7739, 7744, 7858, 7859, 7883, 7867, 7866, 7865, 7875, 7876, 27000, 8120, 5898, 5899, 8115, 8116, 8108, 8130, 8109, 8075, 8200, 8079, 8068, 8069, 8090, 8085, 8086, 8087, 5989, 5988, 8313, 8302, 8301, 8306, 5998, 5999]"
rr_all_0125,w_0125,grid_0_10,False,cluster_003,0.2,0.0,0.3,0.5,66.92640687119713,50.19716655090316,110,"[13722, 13727, 13718, 13742, 13746, 22697, 22932, 22934, 22961, 22964, 22972, 22975, 25200, 22994, 22998, 25132, 25142, 25145, 25146, 25170, 25173, 25175, 25329, 25352, 25355, 25349, 25391, 25392, 25366, 25368, 25383, 25385, 25387, 24517, 24541, 24540, 24537, 24539, 24563, 24581, 24582, 24583, 24715, 24718, 24732, 24741, 24742, 24740, 24666, 24665, 24693, 24697, 24698, 24689, 24920, 24921, 24907, 24932, 24934, 7662, 7663, 7664, 7659, 7682, 7683, 7694, 7696, 7697, 7717, 7716, 7723, 7724, 7725, 7736, 7739, 7744, 7858, 7859, 7883, 7867, 7866, 7865, 7875, 7876, 27000, 8120, 5898, 5899, 8115, 8114, 8105, 8130, 8109, 8075, 8200, 8079, 8068, 8069, 8090, 8085, 8086, 8087, 5989, 5988, 8313, 8302, 8301, 8306, 5998, 5999]"
rr_all_0126,w_0126,grid_0_10,False,cluster_003,0.2,0.0,0.4,0.4,66.92640687119713,52.2558387530641,110,"[13722, 13727, 13718, 13742, 13746, 22697, 22932, 22934, 22961, 22964, 22972, 22975, 25200, 22994, 22998, 25132, 25142, 25145, 25146, 25170, 25173, 25175, 25329, 25352, 25355, 25349, 25391, 25392, 25366, 25368, 25383, 25385, 25387, 24517, 24541, 24540, 24537, 24539, 24563, 24581, 24582, 24583, 24715, 24718, 24732, 24741, 24742, 24740, 24666, 24665, 24693, 24697, 24698, 24689, 24920, 24921, 24907, 24932, 24934, 7662, 7663, 7664, 7659, 7682, 7683, 7694, 7696, 7697, 7717, 7716, 7723, 7724, 7725, 7736, 7739, 7744, 7858, 7859, 7883, 7862, 7864, 7865, 7875, 7876, 7877, 5896, 5895, 5897, 8113, 8114, 8105, 8130, 8109, 8075, 8200, 8079, 8068, 8069, 8090, 8085, 8086, 8087, 5989, 5988, 8313, 8302, 8301, 8306, 5998, 5999]"
rr_all_0127,w_0127,grid_0_10,False,cluster_003,0.2,0.0,0.5,0.3,66.92640687119713,54.19403238252004,110,"[13722, 13727, 13718, 13742, 13746, 22697, 22932, 22934, 22961, 22964, 22972, 22975, 25200, 22994, 22998, 25132, 25142, 25145, 25146, 25170, 25173, 25175, 25329, 25352, 25355, 25349, 25391, 25392, 25366, 25368, 25383, 25385, 25387, 24517, 24541, 24540, 24537, 24539, 24563, 24581, 24582, 24583, 24715, 24718, 24732, 24741, 24742, 24740, 24666, 24665, 24693, 24697, 24698, 24689, 24920, 24921, 24907, 24932, 24934, 7662, 7663, 7664, 7659, 7682, 7683, 7694, 7696, 7697, 7717, 7716, 7723, 7724, 7725, 7736, 7739, 7744, 7858, 7859, 7883, 7862, 7864, 7865, 7875, 7876, 7877, 5896, 5895, 5897, 8113, 8114, 8105, 8130, 8109, 8075, 8200, 8079, 8068, 8069, 8090, 8085, 8086, 8087, 5989, 5988, 8313, 8302, 8301, 8306, 5998, 5999]"
rr_all_0128,w_0128,grid_0_10,False,cluster_003,0.2,0.0,0.6,0.2,66.92640687119713,56.13222601197596,110,"[13722, 13727, 13718, 13742, 13746, 22697, 22932, 22934, 22961, 22964, 22972, 22975, 25200, 22994, 22998, 25132, 25142, 25145, 25146, 25170, 25173, 25175, 25329, 25352, 25355, 25349, 25391, 25392, 25366, 25368, 25383, 25385, 25387, 24517, 24541, 24540, 24537, 24539, 24563, 24581, 24582, 24583, 24715, 24718, 24732, 24741, 24742, 24740, 24666, 24665, 24693, 24697, 24698, 24689, 24920, 24921, 24907, 24932, 24934, 7662, 7663, 7664, 7659, 7682, 7683, 7694, 7696, 7697, 7717, 7716, 7723, 7724, 7725, 7736, 7739, 7744, 7858, 7859, 7883, 7862, 7864, 7865, 7875, 7876, 7877, 5896, 5895, 5897, 8113, 8114, 8105, 8130, 8109, 8075, 8200, 8079, 8068, 8069, 8090, 8085, 8086, 8087, 5989, 5988, 8313, 8302, 8301, 8306, 5998, 5999]"
rr_all_0129,w_0129,grid_0_10,False,cluster_003,0.2,0.0,0.7,0.1,68.16904755831554,57.56595387807364,110,"[13722, 13724, 13499, 13497, 13496, 22637, 22661, 22660, 22655, 22656, 22671, 22670, 22672, 22646, 22680, 22648, 22738, 22750, 22752, 22765, 22769, 22772, 22853, 22858, 22859, 25004, 25005, 25009, 25050, 25051, 25046, 25048, 25071, 24235, 24238, 24239, 24246, 24249, 24272, 24293, 24295, 24298, 24380, 24383, 24387, 24700, 24702, 24705, 24628, 24660, 24646, 24648, 24692, 24684, 24686, 24921, 24907, 24932, 24934, 7662, 7663, 7664, 7659, 7682, 7683, 7694, 7696, 7697, 7717, 7716, 7723, 7724, 7725, 7736, 7739, 7744, 7858, 7859, 7883, 7862, 7864, 7865, 7875, 7876, 7877, 5896, 5895, 5897, 8113, 8114, 8105, 8130, 8109, 8075, 8200, 8079, 8068, 8069, 8090, 8085, 8086, 8087, 5989, 5988, 8313, 8302, 8301, 8306, 5998, 5999]"
rr_all_0131,w_0131,grid_0_10,False,cluster_006,0.2,0.1,0.0,0.7,66.85533905933013,47.23162752909865,114,"[13722, 13727, 13718, 13742, 13746, 22697, 22932, 22934, 22937, 22981, 22982, 22986, 25220, 25222, 25205, 25207, 25241, 25136, 25160, 25163, 25184, 25187, 25400, 25411, 25415, 25419, 25371, 25375, 25376, 25399, 25624, 25626, 25608, 25653, 25665, 25667, 24812, 24804, 24808, 24809, 24823, 24825, 24824, 24759, 24771, 24770, 24739, 24780, 24781, 24749, 24790, 24791, 24761, 24762, 24699, 24914, 24913, 24922, 24923, 24926, 24933, 24938, 24939, 7667, 7668, 7900, 7684, 7687, 7686, 7698, 7696, 7697, 7719, 7718, 7727, 7726, 7760, 7743, 7742, 7747, 7882, 7884, 7886, 7890, 7868, 7869, 7879, 7878, 27000, 8120, 5898, 5899, 8115, 8116, 8108, 8130, 8109, 8078, 8200, 8079, 8068, 8069, 8090, 8085, 8086, 8087, 5989, 8311, 8316, 8305, 8304, 8306, 5998, 5999]"
rr_all_0132,w_0132,grid_0_10,False,cluster_001,0.2,0.1,0.1,0.6,67.34062043357126,50.02408786598462,110,"[13722, 13721, 13498, 13493, 13494, 22633, 22635, 22634, 22609, 22650, 22625, 22623, 22624, 22614, 22615, 22613, 22710, 22712, 22711, 22720, 22722, 22723, 22543, 22545, 22544, 22563, 22566, 22801, 22559, 22591, 22593, 22575, 22574, 23774, 23776, 23777, 23791, 23769, 23790, 23785, 23788, 24012, 23836, 23838, 23850, 23865, 23867, 23871, 24102, 24106, 23988, 24123, 24126, 24139, 24161, 24164, 24181, 24186, 24188, 4985, 4989, 7302, 4995, 4999, 7310, 7254, 7257, 7341, 7503, 7505, 7288, 7511, 7516, 7527, 7552, 7555, 7462, 7467, 7469, 7475, 7800, 7801, 7815, 7818, 7842, 5874, 5876, 5890, 8111, 8114, 8105, 8130, 8109, 8078, 8200, 8079, 8068, 8069, 8090, 8085, 8086, 8087, 5989, 5988, 8313, 8302, 8301, 8306, 5998, 5999]"
rr_all_0133,w_0133,grid_0_10,False,cluster_001,0.2,0.1,0.2,0.5,67.754833995945,52.31203476252646,110,"[13722, 13721, 13498, 13493, 13494, 22633, 22635, 22634, 22609, 22650, 22625, 22623, 22624, 22614, 22615, 22613, 22710, 22712, 22711, 22720, 22722, 22723, 22543, 22545, 22544, 22563, 22566, 22801, 22559, 22591, 22593, 22575, 22574, 23774, 23776, 23777, 23791, 23769, 23790, 23785, 23788, 24012, 23836, 23838, 23850, 23865, 23867, 23871, 24102, 24106, 23988, 24123, 24126, 24139, 24161, 24164, 24181, 24186, 24188, 4985, 4989, 7302, 4995, 4999, 7310, 7254, 7257, 7341, 7503, 7505, 7288, 7511, 7516, 7527, 7552, 7555, 7462, 7467, 7469, 7475, 7800, 7801, 7815, 7818, 7842, 5874, 5876, 5890, 8111, 8114, 8105, 8130, 8109, 8075, 8200, 8079, 8068, 8069, 8090, 8085, 8086, 8087, 5989, 5988, 8313, 8302, 8301, 8306, 5998, 5999]"
rr_all_0134,w_0134,grid_0_10,False,cluster_001,0.2,0.1,0.3,0.4,68.16904755831702,54.50394942578272,110,"[13722, 13721, 13498, 13493, 13494, 22633, 22635, 22634, 22609, 22650, 22625, 22623, 22624, 22614, 22615, 22613, 22713, 22718, 22717, 22727, 22728, 22726, 22543, 22545, 22544, 22563, 22566, 22801, 22559, 22591, 22593, 22575, 22574, 23774, 23776, 23777, 23791, 23769, 23792, 24013, 24011, 24012, 23836, 23838, 23850, 23865, 23867, 23871, 24102, 24106, 23988, 24123, 24126, 24139, 24161, 24164, 24181, 24186, 24188, 4985, 4989, 7302, 4995, 4999, 7310, 7254, 7257, 7341, 7503, 7505, 7288, 7511, 7516, 7527, 7552, 7555, 7462, 7467, 7469, 7475, 7800, 7801, 7815, 7818, 7842, 5874, 5876, 5890, 8111, 8114, 8105, 8130, 8109, 8075, 8200, 8079, 8068, 8069, 8090, 8085, 8086, 8087, 5989, 5988, 8313, 8302, 8301, 8306, 5998, 5999]"
rr_all_0135,w_0135,grid_0_10,False,cluster_001,0.2,0.1,0.4,0.3,68.46194077712687,56.53029284975422,111,"[13722, 13709, 13708, 13495, 13493, 13494, 22633, 22635, 22634, 22609, 22650, 22625, 22623, 22624, 22614, 22615, 22613, 22713, 22718, 22717, 22727, 22728, 22726, 22543, 22545, 22544, 22563, 22566, 22801, 22559, 22591, 22593, 22575, 22573, 23770, 23749, 23771, 23764, 23765, 23763, 23782, 23783, 23787, 23828, 23832, 23834, 23848, 23862, 23864, 23967, 24100, 24103, 23987, 23989, 24133, 24134, 24138, 24146, 24180, 24182, 4981, 4982, 4986, 4990, 4993, 4994, 7218, 7251, 7253, 7249, 7500, 7282, 7286, 7510, 7521, 7525, 7528, 7436, 7461, 7460, 7443, 7447, 7449, 7484, 7485, 7487, 5818, 5843, 5845, 5862, 5863, 5883, 5888, 8100, 8073, 8076, 8079, 8068, 8069, 8090, 8085, 8086, 8087, 5989, 5988, 8313, 8302, 8301, 8306, 5998, 5999]"
rr_all_0136,w_0136,grid_0_10,False,cluster_001,0.2,0.1,0.5,0.2,69.82590180780586,58.10971405876737,110,"[13722, 13724, 13499, 13497, 13496, 22637, 22636, 22660, 22655, 22656, 22671, 22670, 22672, 22646, 22680, 22648, 22732, 22737, 22736, 22743, 22741, 22742, 22585, 22587, 22582, 22569, 22800, 22801, 22559, 22591, 22593, 22575, 22573, 23770, 23749, 23771, 23764, 23765, 23763, 23782, 23783, 23787, 23828, 23832, 23834, 23848, 23862, 23864, 23967, 24100, 24103, 23987, 23989, 24133, 24134, 24138, 24146, 24180, 24182, 4981, 4982, 4986, 4990, 4993, 4994, 7218, 7251, 7253, 7249, 7500, 7282, 7286, 7510, 7521, 7525, 7528, 7436, 7461, 7463, 7443, 7447, 7449, 7484, 7485, 7487, 5818, 5843, 5845, 5862, 5863, 5883, 5888, 8100, 8073, 8076, 8079, 8068, 8069, 8090, 8085, 8086, 8087, 5989, 5988, 8313, 8302, 8301, 8306, 5998, 5999]"
rr_all_0137,w_0137,grid_0_10,False,cluster_001,0.2,0.1,0.6,0.1,69.82590180780609,59.54728659428312,110,"[13722, 13724, 13499, 13497, 13496, 22637, 22636, 22660, 22655, 22656, 22671, 22670, 22672, 22646, 22680, 22648, 22732, 22737, 22736, 22743, 22741, 22742, 22585, 22587, 22582, 22569, 22800, 22801, 22559, 22591, 22593, 22575, 22574, 23774, 23776, 24000, 23795, 23797, 23796, 24013, 24011, 24012, 23836, 23838, 23850, 23865, 23863, 23864, 23967, 24100, 24103, 23987, 23989, 24133, 24134, 24138, 24146, 24180, 24182, 4981, 4982, 4986, 4990, 4993, 4994, 7218, 7251, 7253, 7249, 7500, 7282, 7286, 7510, 7521, 7525, 7528, 7436, 7461, 7463, 7443, 7447, 7449, 7484, 7485, 7487, 5818, 5843, 5845, 5862, 5863, 5883, 5885, 5884, 8034, 8038, 8033, 8044, 8047, 8061, 8057, 8056, 8081, 5986, 5988, 8313, 8302, 8301, 8306, 5998, 5999]"
rr_all_0138,w_0138,grid_0_10,False,cluster_001,0.2,0.1,0.7,0.0,73.0685424949278,59.94615150289786,114,"[13722, 13709, 13708, 13495, 13490, 13478, 22495, 22493, 22468, 22456, 22454, 22429, 22435, 22436, 22447, 22448, 22473, 22476, 22478, 22296, 22299, 22711, 22724, 22728, 22726, 22543, 22545, 22544, 22563, 22566, 22801, 22559, 22591, 22593, 22575, 22574, 23774, 23776, 24000, 23795, 23797, 23796, 24013, 24011, 24012, 23836, 23838, 23850, 23865, 23863, 23864, 23967, 24100, 24103, 23987, 23989, 24133, 24134, 24138, 24146, 24180, 24182, 4981, 4982, 4986, 4990, 4993, 4994, 7218, 7251, 7253, 7249, 7500, 7282, 7286, 7510, 7521, 7525, 7528, 7436, 7461, 7463, 7443, 7447, 7449, 7484, 7485, 7487, 5818, 5816, 5817, 5836, 5835, 5829, 5850, 5826, 5776, 5778, 8000, 8013, 8015, 8014, 8021, 8025, 8029, 5951, 5953, 5958, 5970, 5972, 5977, 5994, 5996, 5999]"
rr_all_0139,w_0139,grid_0_10,False,cluster_001,0.2,0.2,0.0,0.6,67.34062043357407,49.34663782507901,110,"[13722, 13721, 13498, 13493, 13494, 22633, 22635, 22634, 22609, 22650, 22625, 22623, 22624, 22614, 22615, 22613, 22710, 22712, 22711, 22720, 22722, 22721, 22543, 22545, 22544, 22563, 22564, 22565, 22554, 22553, 22555, 23729, 23728, 23746, 23747, 23748, 23764, 23765, 23763, 23759, 23783, 23787, 23828, 23832, 23834, 23848, 23862, 23864, 23967, 24100, 24103, 23987, 23989, 24133, 24134, 24138, 24146, 24180, 24182, 4981, 4982, 4986, 4990, 4993, 4994, 7218, 7251, 7253, 7249, 7500, 7282, 7286, 7510, 7521, 7523, 7522, 7430, 7435, 7438, 7443, 7447, 7449, 7484, 7485, 7810, 5841, 5844, 5848, 5864, 5865, 5886, 8101, 8103, 8073, 8074, 8072, 8065, 8066, 8067, 8082, 8086, 8087, 5989, 8311, 8316, 8305, 8304, 8306, 5998, 5999]"
rr_all_0140,w_0140,grid_0_10,False,cluster_001,0.2,0.2,0.1,0.5,67.34062043357058,51.61933293876573,110,"[13722, 13721, 13498, 13493, 13494, 22633, 22635, 22634, 22609, 22650, 22625, 22623, 22624, 22614, 22615, 22613, 22710, 22712, 22711, 22720, 22722, 22723, 22543, 22545, 22544, 22563, 22566, 22801, 22559, 22591, 22590, 22572, 22573, 23770, 23749, 23771, 23764, 23765, 23763, 23759, 23783, 23787, 23828, 23832, 23834, 23848, 23862, 23864, 23967, 24100, 24103, 23987, 23989, 24133, 24134, 24138, 24146, 24180, 24182, 4981, 4982, 4986, 4990, 4993, 4994, 7218, 7251, 7253, 7249, 7500, 7282, 7286, 7510, 7298, 7523, 7522, 7430, 7435, 7438, 7443, 7447, 7449, 7484, 7485, 7810, 5841, 5844, 5848, 5864, 5865, 5886, 8101, 8103, 8075, 8200, 8079, 8068, 8069, 8090, 8085, 8086, 8087, 5989, 5988, 8313, 8302, 8301, 8306, 5998, 5999]"
rr_all_0141,w_0141,grid_0_10,False,cluster_001,0.2,0.2,0.2,0.4,67.34062043356938,53.77812492234317,110,"[13722, 13721, 13498, 13493, 13494, 22633, 22635, 22634, 22609, 22650, 22625, 22623, 22624, 22614, 22615, 22613, 22710, 22712, 22711, 22720, 22722, 22723, 22543, 22545, 22544, 22563, 22566, 22801, 22559, 22591, 22590, 22572, 22573, 23770, 23749, 23771, 23764, 23765, 23763, 23782, 23783, 23787, 23828, 23832, 23834, 23848, 23862, 23864, 23967, 24100, 24103, 23987, 23989, 24133, 24134, 24138, 24146, 24180, 24182, 4981, 4982, 4986, 4990, 4993, 4994, 7218, 7251, 7253, 7249, 7500, 7282, 7286, 7510, 7298, 7523, 7522, 7430, 7435, 7438, 7443, 7447, 7449, 7484, 7485, 7810, 5841, 5844, 5848, 5864, 5865, 5886, 8101, 8103, 8075, 8200, 8079, 8068, 8069, 8090, 8085, 8086, 8087, 5989, 5988, 8313, 8302, 8301, 8306, 5998, 5999]"
rr_all_0142,w_0142,grid_0_10,False,cluster_001,0.2,0.2,0.3,0.3,68.16904755831501,55.883040788554375,110,"[13722, 13721, 13498, 13493, 13494, 22633, 22635, 22634, 22609, 22650, 22625, 22623, 22624, 22614, 22615, 22613, 22713, 22718, 22717, 22727, 22728, 22726, 22543, 22545, 22544, 22563, 22566, 22801, 22559, 22591, 22593, 22575, 22573, 23770, 23749, 23771, 23764, 23765, 23763, 23782, 23783, 23787, 23828, 23832, 23834, 23848, 23862, 23864, 23967, 24100, 24103, 23987, 23989, 24133, 24134, 24138, 24146, 24180, 24182, 4981, 4982, 4986, 4990, 4993, 4994, 7218, 7251, 7253, 7249, 7500, 7282, 7286, 7510, 7298, 7523, 7522, 7430, 7435, 7438, 7443, 7447, 7449, 7484, 7485, 7487, 5818, 5843, 5845, 5862, 5863, 5883, 5888, 8100, 8073, 8076, 8079, 8068, 8069, 8090, 8085, 8086, 8087, 5989, 5988, 8313, 8302, 8301, 8306, 5998, 5999]"
rr_all_0143,w_0143,grid_0_10,False,cluster_001,0.2,0.2,0.4,0.2,68.16904755831501,57.79613810240795,110,"[13722, 13721, 13498, 13493, 13494, 22633, 22635, 22634, 22609, 22650, 22625, 22623, 22624, 22614, 22615, 22613, 22713, 22718, 22717, 22727, 22728, 22726, 22543, 22545, 22544, 22563, 22566, 22801, 22559, 22591, 22593, 22575, 22573, 23770, 23749, 23771, 23764, 23765, 23763, 23782, 23783, 23787, 23828, 23832, 23834, 23848, 23862, 23864, 23967, 24100, 24103, 23987, 23989, 24133, 24134, 24138, 24146, 24180, 24182, 4981, 4982, 4986, 4990, 4993, 4994, 7218, 7251, 7253, 7249, 7500, 7282, 7286, 7510, 7298, 7523, 7522, 7430, 7435, 7438, 7443, 7447, 7449, 7484, 7485, 7487, 5818, 5843, 5845, 5862, 5863, 5883, 5888, 8100, 8073, 8076, 8079, 8068, 8069, 8090, 8085, 8086, 8087, 5989, 5988, 8313, 8302, 8301, 8306, 5998, 5999]"
rr_all_0144,w_0144,grid_0_10,False,cluster_001,0.2,0.2,0.5,0.1,71.36143571373908,59.64940441087472,111,"[13722, 13709, 13708, 13495, 13490, 13478, 22495, 22493, 22468, 22456, 22454, 22429, 22435, 22437, 22472, 22476, 22478, 22296, 22299, 22711, 22724, 22728, 22726, 22543, 22545, 22544, 22563, 22566, 22801, 22559, 22591, 22593, 22575, 22573, 23770, 23749, 23771, 23764, 23765, 23763, 23782, 23783, 23787, 23828, 23832, 23834, 23848, 23862, 23864, 23967, 24100, 24103, 23987, 23989, 24133, 24134, 24138, 24146, 24180, 24182, 4981, 4982, 4986, 4990, 4993, 4994, 7218, 7251, 7253, 7249, 7500, 7282, 7286, 7510, 7298, 7523, 7522, 7430, 7435, 7438, 7443, 7447, 7449, 7484, 7485, 7487, 5818, 5843, 5845, 5862, 5863, 5883, 5888, 8100, 8073, 8076, 8079, 8068, 8069, 8090, 8085, 8086, 8087, 5989, 5988, 8313, 8302, 8301, 8306, 5998, 5999]"
rr_all_0145,w_0145,grid_0_10,False,cluster_001,0.2,0.2,0.6,0.0,72.65432893255154,59.69366064600912,114,"[13722, 13709, 13708, 13495, 13490, 13478, 22495, 22493, 22468, 22456, 22454, 22429, 22435, 22436, 22447, 22448, 22473, 22476, 22478, 22296, 22299, 22711, 22724, 22728, 22726, 22543, 22545, 22544, 22563, 22566, 22801, 22559, 22591, 22593, 22575, 22574, 23774, 23776, 24000, 23795, 23797, 23796, 24013, 24011, 24012, 23836, 23838, 23850, 23865, 23863, 23864, 23967, 24100, 24103, 23987, 23989, 24133, 24134, 24138, 24146, 24180, 24182, 4981, 4982, 4986, 4990, 4993, 4994, 7218, 7251, 7253, 7249, 7500, 7282, 7286, 7510, 7298, 7523, 7522, 7430, 7435, 7438, 7443, 7447, 7449, 7484, 7485, 7487, 5818, 5816, 5817, 5834, 5833, 5827, 5850, 5826, 5776, 5777, 8000, 8013, 8015, 8014, 8021, 8025, 8029, 5951, 5953, 5958, 5970, 5972, 5977, 5994, 5996, 5999]"
rr_all_0146,w_0146,grid_0_10,False,cluster_001,0.2,0.3,0.0,0.5,67.34062043357407,50.568815722216605,110,"[13722, 13721, 13498, 13493, 13494, 22633, 22635, 22634, 22609, 22650, 22625, 22623, 22624, 22614, 22615, 22613, 22710, 22712, 22711, 22720, 22722, 22721, 22543, 22545, 22544, 22563, 22564, 22565, 22554, 22553, 22555, 23729, 23728, 23746, 23747, 23748, 23764, 23765, 23763, 23759, 23783, 23787, 23828, 23832, 23834, 23848, 23862, 23864, 23967, 24100, 24103, 23987, 23989, 24133, 24134, 24138, 24146, 24180, 24182, 4981, 4982, 4986, 4990, 4993, 4994, 7218, 7251, 7253, 7249, 7500, 7282, 7286, 7510, 7521, 7523, 7522, 7430, 7435, 7438, 7443, 7447, 7449, 7484, 7485, 7810, 5841, 5844, 5848, 5864, 5865, 5886, 8101, 8103, 8073, 8074, 8072, 8065, 8066, 8067, 8082, 8086, 8087, 5989, 8311, 8316, 8305, 8304, 8306, 5998, 5999]"
rr_all_0147,w_0147,grid_0_10,False,cluster_001,0.2,0.3,0.1,0.4,67.34062043356938,52.882384816446304,110,"[13722, 13721, 13498, 13493, 13494, 22633, 22635, 22634, 22609, 22650, 22625, 22623, 22624, 22614, 22615, 22613, 22710, 22712, 22711, 22720, 22722, 22723, 22543, 22545, 22544, 22563, 22566, 22801, 22559, 22591, 22590, 22572, 22573, 23770, 23749, 23771, 23764, 23765, 23763, 23782, 23783, 23787, 23828, 23832, 23834, 23848, 23862, 23864, 23967, 24100, 24103, 23987, 23989, 24133, 24134, 24138, 24146, 24180, 24182, 4981, 4982, 4986, 4990, 4993, 4994, 7218, 7251, 7253, 7249, 7500, 7282, 7286, 7510, 7298, 7523, 7522, 7430, 7435, 7438, 7443, 7447, 7449, 7484, 7485, 7810, 5841, 5844, 5848, 5864, 5865, 5886, 8101, 8103, 8075, 8200, 8079, 8068, 8069, 8090, 8085, 8086, 8087, 5989, 5988, 8313, 8302, 8301, 8306, 5998, 5999]"
rr_all_0148,w_0148,grid_0_10,False,cluster_001,0.2,0.3,0.2,0.3,67.34062043356938,55.04103102614635,110,"[13722, 13721, 13498, 13493, 13494, 22633, 22635, 22634, 22609, 22650, 22625, 22623, 22624, 22614, 22615, 22613, 22710, 22712, 22711, 22720, 22722, 22723, 22543, 22545, 22544, 22563, 22566, 22801, 22559, 22591, 22590, 22572, 22573, 23770, 23749, 23771, 23764, 23765, 23763, 23782, 23783, 23787, 23828, 23832, 23834, 23848, 23862, 23864, 23967, 24100, 24103, 23987, 23989, 24133, 24134, 24138, 24146, 24180, 24182, 4981, 4982, 4986, 4990, 4993, 4994, 7218, 7251, 7253, 7249, 7500, 7282, 7286, 7510, 7298, 7523, 7522, 7430, 7435, 7438, 7443, 7447, 7449, 7484, 7485, 7810, 5841, 5844, 5848, 5864, 5865, 5886, 8101, 8103, 8075, 8200, 8079, 8068, 8069, 8090, 8085, 8086, 8087, 5989, 5988, 8313, 8302, 8301, 8306, 5998, 5999]"
rr_all_0149,w_0149,grid_0_10,False,cluster_001,0.2,0.3,0.3,0.2,68.16904755831501,57.07117993085727,110,"[13722, 13721, 13498, 13493, 13494, 22633, 22635, 22634, 22609, 22650, 22625, 22623, 22624, 22614, 22615, 22613, 22713, 22718, 22717, 22727, 22728, 22726, 22543, 22545, 22544, 22563, 22566, 22801, 22559, 22591, 22593, 22575, 22573, 23770, 23749, 23771, 23764, 23765, 23763, 23782, 23783, 23787, 23828, 23832, 23834, 23848, 23862, 23864, 23967, 24100, 24103, 23987, 23989, 24133, 24134, 24138, 24146, 24180, 24182, 4981, 4982, 4986, 4990, 4993, 4994, 7218, 7251, 7253, 7249, 7500, 7282, 7286, 7510, 7298, 7523, 7522, 7430, 7435, 7438, 7443, 7447, 7449, 7484, 7485, 7487, 5818, 5843, 5845, 5862, 5863, 5883, 5888, 8100, 8073, 8076, 8079, 8068, 8069, 8090, 8085, 8086, 8087, 5989, 5988, 8313, 8302, 8301, 8306, 5998, 5999]"
rr_all_0150,w_0150,grid_0_10,False,cluster_001,0.2,0.3,0.4,0.1,71.82590180780899,58.83550737967457,114,"[13722, 13709, 13708, 13495, 13490, 13478, 22495, 22493, 22468, 22456, 22454, 22429, 22435, 22437, 22472, 22476, 22478, 22296, 22299, 22711, 22724, 22728, 22726, 22543, 22545, 22544, 22563, 22566, 22801, 22559, 22591, 22593, 22575, 22574, 23774, 23776, 23777, 23791, 23769, 23790, 23785, 23786, 23787, 23825, 23826, 23830, 23843, 23844, 23846, 23927, 23960, 23965, 23980, 23981, 23992, 23997, 23999, 24117, 24141, 24144, 24145, 4954, 4956, 4959, 4984, 4977, 4979, 4993, 4994, 7218, 7251, 7253, 7249, 7500, 7282, 7286, 7510, 7298, 7523, 7522, 7430, 7435, 7438, 7443, 7447, 7449, 7484, 7485, 7487, 5818, 5843, 5845, 5862, 5863, 5883, 5888, 8100, 8073, 8076, 8079, 8068, 8069, 8090, 8085, 8086, 8087, 5989, 5988, 8313, 8302, 8301, 8306, 5998, 5999]"
rr_all_0151,w_0151,grid_0_10,False,cluster_001,0.2,0.3,0.5,0.0,73.11879502662076,58.6576088646818,117,"[13722, 13709, 13708, 13495, 13490, 13478, 22495, 22493, 22468, 22456, 22454, 22429, 22435, 22436, 22447, 22448, 22473, 22476, 22478, 22296, 22299, 22711, 22724, 22728, 22726, 22543, 22545, 22544, 22563, 22566, 22801, 22559, 22591, 22593, 22575, 22574, 23774, 23776, 23777, 23791, 23769, 23790, 23785, 23786, 23787, 23825, 23826, 23830, 23843, 23844, 23846, 23927, 23960, 23965, 23980, 23981, 23992, 23997, 23999, 24117, 24141, 24144, 24145, 4954, 4956, 4959, 4984, 4977, 4979, 4993, 4994, 7218, 7251, 7253, 7249, 7500, 7282, 7286, 7510, 7298, 7523, 7522, 7430, 7435, 7438, 7443, 7447, 7449, 7484, 7485, 7487, 5818, 5816, 5817, 5834, 5833, 5827, 5825, 5826, 5776, 5778, 8000, 8013, 8015, 8014, 8021, 8025, 8029, 5951, 5953, 5958, 5970, 5972, 5977, 5994, 5996, 5999]"
rr_all_0152,w_0152,grid_0_10,False,cluster_001,0.2,0.4,0.0,0.4,68.63351365238606,50.87247143418424,113,"[13722, 13721, 13498, 13493, 13494, 22633, 22635, 22634, 22609, 22650, 22625, 22623, 22624, 22614, 22615, 22613, 22710, 22712, 22711, 22720, 22722, 22721, 22543, 22545, 22544, 22563, 22564, 22565, 22554, 22553, 22555, 23729, 23728, 23746, 23747, 23748, 23760, 23739, 23738, 23754, 23753, 23758, 23821, 23822, 23827, 23840, 23841, 23846, 23927, 23960, 23965, 23980, 23981, 23992, 23997, 23999, 24117, 24140, 24144, 24147, 24180, 24182, 4981, 4982, 4986, 4990, 4993, 4994, 7218, 7251, 7253, 7249, 7500, 7282, 7286, 7510, 7521, 7523, 7522, 7430, 7435, 7433, 7427, 7428, 7429, 7451, 7453, 7458, 5599, 5813, 5817, 5836, 5837, 5855, 5859, 5881, 8034, 8038, 8071, 8062, 8066, 8067, 8082, 8086, 8087, 5989, 8311, 8316, 8305, 8304, 8306, 5998, 5999]"
rr_all_0153,w_0153,grid_0_10,False,cluster_001,0.2,0.4,0.1,0.3,68.63351365238415,53.32214038417516,113,"[13722, 13721, 13498, 13493, 13494, 22633, 22635, 22634, 22609, 22650, 22625, 22623, 22624, 22614, 22615, 22613, 22710, 22712, 22711, 22720, 22722, 22723, 22543, 22545, 22544, 22563, 22566, 22801, 22559, 22591, 22590, 22572, 22573, 23770, 23749, 23771, 23764, 23765, 23761, 23757, 23780, 23781, 23824, 23826, 23830, 23843, 23844, 23846, 23927, 23960, 23965, 23980, 23981, 23992, 23997, 23999, 24117, 24141, 24144, 24145, 4954, 4956, 4981, 4982, 4986, 4990, 4993, 4994, 7218, 7251, 7253, 7249, 7500, 7282, 7286, 7510, 7298, 7523, 7522, 7430, 7435, 7433, 7427, 7428, 7429, 7451, 7453, 7458, 5599, 5813, 5817, 5836, 5837, 5855, 5859, 5881, 8034, 8038, 8071, 8062, 8066, 8067, 8082, 8086, 8087, 5989, 5988, 8313, 8302, 8301, 8306, 5998, 5999]"
rr_all_0154,w_0154,grid_0_10,False,cluster_001,0.2,0.4,0.2,0.2,68.63351365237857,55.55111937651905,113,"[13722, 13721, 13498, 13493, 13494, 22633, 22635, 22634, 22609, 22650, 22622, 22488, 22487, 22614, 22615, 22613, 22710, 22712, 22711, 22720, 22722, 22723, 22543, 22545, 22544, 22563, 22566, 22801, 22559, 22591, 22590, 22572, 22573, 23770, 23749, 23771, 23764, 23765, 23763, 23782, 23783, 23787, 23825, 23826, 23830, 23843, 23844, 23846, 23927, 23960, 23965, 23980, 23981, 23992, 23997, 23999, 24117, 24141, 24144, 24145, 4954, 4956, 4959, 4984, 4977, 4979, 4993, 4994, 7218, 7251, 7253, 7249, 7500, 7282, 7286, 7510, 7298, 7523, 7522, 7430, 7435, 7438, 7443, 7444, 7445, 7455, 7453, 7458, 5599, 5813, 5817, 5836, 5837, 5855, 5859, 5881, 8034, 8038, 8071, 8062, 8066, 8067, 8082, 8083, 8087, 5989, 5988, 8313, 8302, 8301, 8306, 5998, 5999]"
rr_all_0155,w_0155,grid_0_10,False,cluster_001,0.2,0.4,0.3,0.1,69.46194077712696,56.70504193603742,113,"[13722, 13721, 13498, 13493, 13494, 22633, 22635, 22631, 22605, 22604, 22486, 22485, 22487, 22614, 22615, 22613, 22713, 22718, 22717, 22727, 22728, 22726, 22543, 22545, 22544, 22563, 22566, 22801, 22559, 22591, 22593, 22575, 22574, 23774, 23776, 23777, 23791, 23769, 23790, 23785, 23786, 23787, 23825, 23826, 23830, 23843, 23844, 23846, 23927, 23960, 23965, 23980, 23981, 23992, 23997, 23999, 24117, 24141, 24144, 24145, 4954, 4956, 4959, 4984, 4977, 4979, 4993, 4994, 7218, 7251, 7253, 7249, 7500, 7282, 7286, 7510, 7298, 7523, 7522, 7430, 7435, 7438, 7443, 7444, 7445, 7455, 7453, 7458, 5599, 5813, 5817, 5834, 5833, 5827, 5825, 5826, 5776, 5778, 8000, 8013, 8015, 8014, 8021, 8025, 8029, 5954, 5956, 5981, 5973, 5975, 8300, 5996, 5999]"
rr_all_0156,w_0156,grid_0_10,False,cluster_001,0.2,0.4,0.4,0.0,71.41168824543296,57.022700663304974,114,"[13722, 13709, 13708, 13495, 13490, 13478, 22495, 22493, 22468, 22456, 22454, 22429, 22435, 22436, 22447, 22448, 22471, 22291, 22295, 22294, 22707, 22722, 22723, 22543, 22545, 22544, 22563, 22566, 22801, 22559, 22591, 22593, 22575, 22574, 23774, 23776, 23777, 23791, 23769, 23790, 23785, 23786, 23787, 23825, 23826, 23830, 23843, 23844, 23846, 23927, 23960, 23965, 23980, 23981, 23992, 23997, 23999, 24117, 24141, 24144, 24145, 4954, 4956, 4959, 4984, 4977, 4979, 4993, 4994, 7218, 7251, 7253, 7249, 7500, 7282, 7286, 7510, 7298, 7523, 7522, 7430, 7435, 7438, 7443, 7444, 7445, 7455, 7453, 7458, 5599, 5813, 5817, 5834, 5833, 5827, 5825, 5826, 5776, 5777, 8000, 8013, 8015, 8014, 8021, 8025, 8029, 5954, 5956, 5981, 5973, 5975, 8300, 5996, 5999]"
rr_all_0157,w_0157,grid_0_10,False,cluster_001,0.2,0.5,0.0,0.3,69.04772721475554,50.8080470755846,113,"[13722, 13721, 13498, 13493, 13494, 22633, 22635, 22634, 22609, 22650, 22622, 22488, 22487, 22614, 22615, 22613, 22710, 22712, 22711, 22720, 22722, 22721, 22543, 22545, 22544, 22563, 22564, 22565, 22554, 22553, 22555, 23729, 23728, 23746, 23747, 23748, 23760, 23739, 23738, 23754, 23753, 23758, 23821, 23822, 23827, 23840, 23841, 23846, 23927, 23960, 23965, 23980, 23981, 23992, 23997, 23999, 24117, 24140, 24144, 24147, 24180, 24182, 4981, 4982, 4986, 4990, 4993, 4994, 7218, 7251, 7253, 7249, 7500, 7282, 7286, 7510, 7521, 7523, 7522, 7430, 7435, 7433, 7427, 7428, 7429, 7451, 7453, 7458, 5599, 5813, 5817, 5836, 5837, 5855, 5859, 5881, 8034, 8038, 8071, 8062, 8066, 8067, 8082, 8083, 8087, 5989, 8311, 8316, 8305, 8304, 8306, 5998, 5999]"
rr_all_0158,w_0158,grid_0_10,False,cluster_001,0.2,0.5,0.1,0.2,69.46194077712488,53.06007093765967,113,"[13722, 13721, 13498, 13493, 13494, 22633, 22630, 22499, 22603, 22601, 22486, 22485, 22487, 22614, 22615, 22613, 22710, 22712, 22711, 22720, 22722, 22723, 22543, 22545, 22544, 22563, 22566, 22801, 22559, 22591, 22590, 22572, 22573, 23770, 23749, 23771, 23764, 23765, 23763, 23759, 23780, 23781, 23824, 23826, 23830, 23843, 23844, 23846, 23927, 23960, 23965, 23980, 23981, 23992, 23997, 23999, 24117, 24141, 24144, 24145, 4954, 4956, 4981, 4982, 4986, 4990, 4993, 4994, 7218, 7251, 7253, 7249, 7500, 7282, 7286, 7510, 7298, 7523, 7522, 7430, 7435, 7433, 7427, 7428, 7429, 7451, 7453, 7458, 5599, 5813, 5817, 5836, 5837, 5855, 5859, 5881, 8034, 8038, 8071, 8062, 8066, 8067, 8082, 8083, 8087, 5989, 5988, 8313, 8302, 8301, 8306, 5998, 5999]"
rr_all_0159,w_0159,grid_0_10,False,cluster_001,0.2,0.5,0.2,0.1,69.75483399593706,54.32206828933182,114,"[13722, 13721, 13498, 13493, 13494, 22633, 22630, 22499, 22603, 22601, 22486, 22485, 22487, 22614, 22615, 22613, 22710, 22712, 22711, 22720, 22722, 22723, 22543, 22545, 22544, 22563, 22566, 22801, 22559, 22591, 22593, 22575, 22574, 23774, 23776, 23777, 23791, 23769, 23790, 23785, 23786, 23787, 23825, 23826, 23830, 23843, 23844, 23846, 23927, 23960, 23965, 23980, 23981, 23992, 23997, 23999, 24117, 24141, 24144, 24145, 4954, 4956, 4959, 4984, 4977, 4979, 4993, 4994, 7218, 7251, 7253, 7249, 7500, 7282, 7286, 7510, 7298, 7523, 7522, 7430, 7435, 7438, 7443, 7444, 7445, 7455, 7453, 7458, 5599, 5813, 5817, 5834, 5833, 5827, 5825, 5826, 5776, 5778, 8000, 8013, 8015, 8014, 8021, 8022, 8026, 5951, 5953, 5958, 5970, 5972, 5977, 5994, 5996, 5999]"
rr_all_0160,w_0160,grid_0_10,False,cluster_001,0.2,0.5,0.3,0.0,70.46194077712663,54.77359250386809,115,"[13722, 13709, 13708, 13495, 13490, 13478, 22495, 22493, 22468, 22600, 22458, 22459, 22439, 22480, 22472, 22476, 22478, 22296, 22295, 22294, 22707, 22722, 22723, 22543, 22545, 22544, 22563, 22566, 22801, 22559, 22591, 22593, 22575, 22574, 23774, 23776, 23777, 23791, 23769, 23790, 23785, 23786, 23787, 23825, 23826, 23830, 23843, 23844, 23846, 23927, 23960, 23965, 23980, 23981, 23992, 23997, 23999, 24117, 24141, 24144, 24145, 4954, 4956, 4959, 4984, 4977, 4979, 4993, 4994, 7218, 7251, 7253, 7249, 7500, 7282, 7286, 7510, 7298, 7523, 7522, 7430, 7435, 7438, 7443, 7444, 7445, 7455, 7453, 7458, 5599, 5813, 5817, 5834, 5833, 5827, 5825, 5826, 5776, 5778, 8000, 8010, 5789, 5788, 5798, 8022, 8026, 5951, 5953, 5958, 5970, 5972, 5977, 5994, 5996, 5999]"
rr_all_0161,w_0161,grid_0_10,False,cluster_001,0.2,0.6,0.0,0.2,69.46194077712852,50.32556673424874,113,"[13722, 13721, 13498, 13493, 13494, 22633, 22630, 22499, 22603, 22601, 22486, 22488, 22487, 22614, 22615, 22613, 22710, 22712, 22711, 22720, 22722, 22721, 22543, 22545, 22544, 22563, 22564, 22565, 22554, 22553, 22555, 23729, 23728, 23746, 23747, 23748, 23764, 23765, 23763, 23759, 23780, 23781, 23824, 23826, 23830, 23840, 23841, 23846, 23927, 23960, 23965, 23980, 23981, 23992, 23997, 23999, 24117, 24140, 24144, 24147, 24180, 24182, 4981, 4982, 4986, 4990, 4993, 4994, 7218, 7251, 7253, 7249, 7500, 7282, 7286, 7510, 7521, 7523, 7522, 7430, 7435, 7433, 7427, 7428, 7429, 5579, 7452, 7454, 5596, 5810, 5814, 5834, 5835, 5852, 5856, 5858, 8031, 8035, 8037, 8049, 8064, 8067, 8082, 8083, 8087, 5989, 8311, 8316, 8305, 8304, 8306, 5998, 5999]"
rr_all_0162,w_0162,grid_0_10,False,cluster_001,0.2,0.6,0.1,0.1,69.75483399593706,51.624864884061424,114,"[13722, 13721, 13498, 13493, 13494, 22633, 22630, 22499, 22603, 22601, 22486, 22485, 22487, 22614, 22615, 22613, 22710, 22712, 22711, 22720, 22722, 22723, 22543, 22545, 22544, 22563, 22566, 22801, 22559, 22591, 22590, 22572, 22573, 23770, 23749, 23771, 23764, 23765, 23763, 23759, 23780, 23781, 23824, 23826, 23830, 23843, 23844, 23846, 23927, 23960, 23965, 23980, 23981, 23992, 23997, 23999, 24117, 24141, 24144, 24145, 4954, 4956, 4959, 4984, 4977, 4979, 4993, 4994, 7218, 7251, 7253, 7249, 7500, 7282, 7286, 7510, 7298, 7523, 7522, 7430, 7435, 7433, 7427, 7428, 7429, 5579, 7452, 7454, 5596, 5810, 5811, 5832, 5833, 5827, 5825, 5826, 5776, 5778, 8000, 8013, 8015, 8014, 8021, 8022, 8026, 5951, 5953, 5958, 5970, 5972, 5977, 5994, 5996, 5999]"
rr_all_0163,w_0163,grid_0_10,False,cluster_001,0.2,0.6,0.2,0.0,69.75483399593948,52.39245257429491,114,"[13722, 13721, 13498, 13493, 13494, 22632, 22497, 22494, 22602, 22601, 22483, 22482, 22481, 22475, 22476, 22478, 22296, 22295, 22294, 22707, 22722, 22723, 22543, 22545, 22544, 22563, 22566, 22801, 22559, 22591, 22593, 22575, 22574, 23774, 23776, 23777, 23791, 23769, 23790, 23785, 23786, 23787, 23825, 23826, 23830, 23843, 23844, 23846, 23927, 23960, 23965, 23980, 23981, 23992, 23997, 23999, 24117, 24141, 24144, 24145, 4954, 4956, 4959, 4984, 4977, 4979, 4993, 4994, 7218, 7251, 7253, 7249, 7500, 7282, 7286, 7510, 7298, 7523, 7522, 7430, 7435, 7433, 7427, 7428, 7429, 7451, 7453, 7458, 5599, 5813, 5817, 5834, 5833, 5827, 5825, 5826, 5776, 5778, 8000, 8010, 5789, 5788, 5798, 8022, 8026, 5951, 5953, 5958, 5970, 5972, 5977, 5994, 5996, 5999]"
rr_all_0164,w_0164,grid_0_10,False,cluster_001,0.2,0.7,0.0,0.1,69.75483399594117,48.76348143196323,114,"[13722, 13721, 13498, 13493, 13494, 22633, 22630, 22499, 22603, 22601, 22486, 22488, 22487, 22614, 22615, 22613, 22710, 22712, 22711, 22720, 22722, 22721, 22543, 22545, 22544, 22563, 22564, 22565, 22554, 22553, 22555, 23729, 23728, 23746, 23747, 23748, 23764, 23765, 23763, 23759, 23780, 23781, 23824, 23826, 23830, 23840, 23841, 23846, 23927, 23960, 23965, 23980, 23981, 23992, 23997, 23999, 24117, 24140, 24144, 24147, 24180, 24182, 4981, 4982, 4986, 4990, 4993, 4994, 7218, 7251, 7253, 7249, 7500, 7282, 7286, 7510, 7521, 7523, 7522, 7430, 7435, 7433, 7427, 7428, 7429, 5579, 7452, 7454, 5596, 5810, 5814, 5834, 5833, 5827, 5825, 5826, 5776, 5778, 8002, 8016, 8015, 8014, 8021, 8022, 8026, 8029, 5954, 5956, 5981, 5973, 5975, 8300, 5996, 5999]"
rr_all_0165,w_0165,grid_0_10,False,cluster_001,0.2,0.7,0.1,0.0,69.75483399594002,49.75601672098891,114,"[13722, 13721, 13498, 13493, 13494, 22632, 22497, 22494, 22602, 22601, 22483, 22482, 22481, 22475, 22476, 22478, 22296, 22295, 22294, 22707, 22722, 22723, 22543, 22545, 22544, 22563, 22566, 22801, 22559, 22591, 22593, 22575, 22574, 23774, 23776, 23777, 23791, 23769, 23790, 23785, 23786, 23787, 23825, 23826, 23830, 23843, 23844, 23846, 23927, 23960, 23965, 23980, 23981, 23992, 23997, 23999, 24117, 24141, 24144, 24145, 4954, 4956, 4959, 4984, 4977, 4979, 4993, 4994, 7218, 7251, 7253, 7249, 7500, 7282, 7286, 7510, 7298, 7523, 7522, 7430, 7435, 7433, 7427, 7428, 7429, 5579, 7452, 7454, 5596, 5810, 5811, 5832, 5833, 5827, 5825, 5826, 5776, 5777, 8000, 8010, 5789, 5788, 5798, 8022, 8026, 5951, 5953, 5958, 5970, 5972, 5977, 5994, 5996, 5999]"
rr_all_0166,w_0166,grid_0_10,False,cluster_001,0.2,0.8,0.0,0.0,69.75483399592655,47.04548447238832,114,"[13722, 13721, 13498, 13493, 13494, 22632, 22497, 22494, 22603, 22601, 22486, 22485, 22484, 22477, 22479, 22478, 22296, 22299, 22298, 22707, 22709, 22721, 22543, 22545, 22544, 22563, 22564, 22565, 22558, 22556, 22590, 22572, 22573, 23770, 23749, 23771, 23764, 23765, 23763, 23759, 23780, 23784, 23825, 23829, 23831, 23845, 23844, 23849, 23961, 23963, 23965, 23980, 23981, 23992, 23997, 23999, 24117, 24140, 24142, 24147, 24149, 24182, 4981, 4982, 4986, 4990, 4993, 4994, 7218, 7251, 7253, 7249, 7500, 7282, 7286, 7510, 7298, 7523, 7522, 7419, 7431, 7432, 7426, 7428, 7429, 5579, 7452, 7454, 5596, 5810, 5811, 5830, 5589, 5822, 5824, 5823, 5772, 5777, 8000, 8010, 8012, 8014, 8021, 8022, 8026, 5951, 5953, 5958, 5970, 5972, 5977, 5994, 5997, 5999]"
rr_all_0167,w_0167,grid_0_10,False,cluster_004,0.3,0.0,0.0,0.7,65.68376618407018,49.06988504995795,110,"[13722, 13727, 13718, 13742, 13746, 22697, 22932, 22934, 22961, 22964, 22972, 22975, 25200, 22994, 22998, 25132, 25142, 25145, 25146, 25170, 25173, 25172, 25322, 25323, 25324, 25313, 25314, 25312, 25095, 25094, 25302, 25303, 25304, 24253, 24257, 24258, 24276, 24500, 24501, 24522, 24524, 24526, 24389, 24393, 24397, 24708, 24722, 24726, 24663, 24665, 24690, 24694, 24695, 24687, 24686, 24921, 24907, 24909, 24908, 7635, 7660, 7638, 7651, 7652, 7653, 7672, 7675, 7674, 7713, 7712, 7720, 7724, 7728, 7740, 7742, 7747, 7882, 7884, 7886, 7890, 7868, 7869, 7879, 7878, 27000, 8120, 5898, 5899, 8115, 8116, 8131, 8136, 8135, 8204, 8206, 8205, 8094, 8095, 8096, 8211, 8212, 8213, 8314, 8315, 8316, 8305, 8304, 8306, 5998, 5999]"
rr_all_0168,w_0168,grid_0_10,False,cluster_003,0.3,0.0,0.1,0.6,65.68376618407687,51.74796192120943,110,"[13722, 13727, 13718, 13742, 13746, 22697, 22932, 22934, 22961, 22964, 22972, 22975, 25200, 22994, 22998, 25132, 25142, 25145, 25146, 25170, 25173, 25175, 25329, 25352, 25355, 25349, 25391, 25392, 25366, 25368, 25383, 25385, 25387, 24517, 24541, 24540, 24537, 24539, 24563, 24581, 24582, 24583, 24715, 24718, 24732, 24741, 24742, 24740, 24666, 24665, 24693, 24697, 24698, 24689, 24920, 24921, 24907, 24932, 24934, 7662, 7663, 7664, 7659, 7682, 7683, 7694, 7695, 7693, 7717, 7716, 7723, 7724, 7725, 7736, 7739, 7744, 7858, 7859, 7883, 7867, 7866, 7865, 7875, 7876, 27000, 8120, 5898, 5899, 8115, 8116, 8108, 8130, 8109, 8078, 8200, 8079, 8068, 8069, 8090, 8085, 8086, 8087, 5989, 5988, 8313, 8302, 8301, 8306, 5998, 5999]"
rr_all_0169,w_0169,grid_0_10,False,cluster_003,0.3,0.0,0.2,0.5,65.68376618407687,54.15197071779178,110,"[13722, 13727, 13718, 13742, 13746, 22697, 22932, 22934, 22961, 22964, 22972, 22975, 25200, 22994, 22998, 25132, 25142, 25145, 25146, 25170, 25173, 25175, 25329, 25352, 25355, 25349, 25391, 25392, 25366, 25368, 25383, 25385, 25387, 24517, 24541, 24540, 24537, 24539, 24563, 24581, 24582, 24583, 24715, 24718, 24732, 24741, 24742, 24740, 24666, 24665, 24693, 24697, 24698, 24689, 24920, 24921, 24907, 24932, 24934, 7662, 7663, 7664, 7659, 7682, 7683, 7694, 7695, 7693, 7717, 7716, 7723, 7724, 7725, 7736, 7739, 7744, 7858, 7859, 7883, 7867, 7866, 7865, 7875, 7876, 27000, 8120, 5898, 5899, 8115, 8116, 8108, 8130, 8109, 8078, 8200, 8079, 8068, 8069, 8090, 8085, 8086, 8087, 5989, 5988, 8313, 8302, 8301, 8306, 5998, 5999]"
rr_all_0170,w_0170,grid_0_10,False,cluster_003,0.3,0.0,0.3,0.4,66.0979797464505,56.479599675090085,110,"[13722, 13727, 13718, 13742, 13746, 22697, 22932, 22934, 22961, 22964, 22972, 22975, 25200, 22994, 22998, 25132, 25142, 25145, 25146, 25170, 25173, 25175, 25329, 25352, 25355, 25349, 25391, 25392, 25366, 25368, 25383, 25385, 25387, 24517, 24541, 24540, 24537, 24539, 24563, 24581, 24582, 24583, 24715, 24718, 24732, 24741, 24742, 24740, 24666, 24665, 24693, 24697, 24698, 24689, 24920, 24921, 24907, 24932, 24934, 7662, 7663, 7664, 7659, 7682, 7683, 7694, 7695, 7693, 7717, 7716, 7723, 7724, 7725, 7736, 7739, 7744, 7858, 7859, 7883, 7867, 7866, 7865, 7875, 7876, 7877, 5896, 5895, 5897, 8113, 8114, 8105, 8130, 8109, 8075, 8200, 8079, 8068, 8069, 8090, 8085, 8086, 8087, 5989, 5988, 8313, 8302, 8301, 8306, 5998, 5999]"
rr_all_0171,w_0171,grid_0_10,False,cluster_003,0.3,0.0,0.4,0.3,66.51219330882338,58.48821543859823,110,"[13722, 13727, 13718, 13742, 13746, 22697, 22932, 22934, 22961, 22964, 22972, 22975, 25200, 22994, 22998, 25132, 25142, 25145, 25146, 25170, 25173, 25175, 25329, 25352, 25355, 25349, 25391, 25392, 25366, 25368, 25383, 25385, 25387, 24517, 24541, 24540, 24537, 24539, 24563, 24581, 24582, 24583, 24715, 24718, 24732, 24741, 24742, 24740, 24666, 24665, 24693, 24697, 24698, 24689, 24920, 24921, 24907, 24932, 24934, 7662, 7663, 7664, 7659, 7682, 7683, 7694, 7696, 7697, 7717, 7716, 7723, 7724, 7725, 7736, 7739, 7744, 7858, 7859, 7883, 7867, 7866, 7865, 7875, 7876, 7877, 5896, 5895, 5897, 8113, 8114, 8105, 8130, 8109, 8075, 8200, 8079, 8068, 8069, 8090, 8085, 8086, 8087, 5989, 5988, 8313, 8302, 8301, 8306, 5998, 5999]"
rr_all_0172,w_0172,grid_0_10,False,cluster_003,0.3,0.0,0.5,0.2,66.51219330882338,60.46140072094149,110,"[13722, 13727, 13718, 13742, 13746, 22697, 22932, 22934, 22961, 22964, 22972, 22975, 25200, 22994, 22998, 25132, 25142, 25145, 25146, 25170, 25173, 25175, 25329, 25352, 25355, 25349, 25391, 25392, 25366, 25368, 25383, 25385, 25387, 24517, 24541, 24540, 24537, 24539, 24563, 24581, 24582, 24583, 24715, 24718, 24732, 24741, 24742, 24740, 24666, 24665, 24693, 24697, 24698, 24689, 24920, 24921, 24907, 24932, 24934, 7662, 7663, 7664, 7659, 7682, 7683, 7694, 7696, 7697, 7717, 7716, 7723, 7724, 7725, 7736, 7739, 7744, 7858, 7859, 7883, 7867, 7866, 7865, 7875, 7876, 7877, 5896, 5895, 5897, 8113, 8114, 8105, 8130, 8109, 8075, 8200, 8079, 8068, 8069, 8090, 8085, 8086, 8087, 5989, 5988, 8313, 8302, 8301, 8306, 5998, 5999]"
rr_all_0173,w_0173,grid_0_10,False,cluster_003,0.3,0.0,0.6,0.1,66.92640687119811,62.23152398463351,110,"[13722, 13727, 13715, 13716, 13719, 22691, 22695, 22699, 22915, 22916, 22908, 22909, 22907, 22920, 22925, 22923, 22782, 22785, 22787, 22790, 22793, 22797, 22896, 22898, 25033, 25026, 25029, 25080, 25056, 25059, 25076, 25301, 25304, 24256, 24259, 24281, 24279, 24503, 24505, 24522, 24521, 24523, 24388, 24390, 24394, 24706, 24720, 24723, 24662, 24664, 24690, 24694, 24695, 24687, 24920, 24921, 24907, 24932, 24934, 7662, 7663, 7664, 7659, 7682, 7683, 7694, 7696, 7697, 7717, 7716, 7723, 7724, 7725, 7736, 7739, 7744, 7858, 7859, 7883, 7862, 7864, 7865, 7875, 7876, 7877, 5896, 5895, 5897, 8113, 8114, 8105, 8130, 8109, 8075, 8200, 8079, 8068, 8069, 8090, 8085, 8086, 8087, 5989, 5988, 8313, 8302, 8301, 8306, 5998, 5999]"
rr_all_0174,w_0174,grid_0_10,False,cluster_001,0.3,0.0,0.7,0.0,68.5832611206841,62.8012495665111,110,"[13722, 13724, 13499, 13497, 13496, 22637, 22661, 22660, 22655, 22656, 22671, 22670, 22672, 22646, 22680, 22648, 22738, 22737, 22736, 22745, 22747, 22742, 22585, 22587, 22586, 22808, 22821, 22824, 22842, 22843, 22838, 22860, 22865, 24036, 24070, 24074, 24081, 24083, 24085, 24095, 24097, 24099, 24320, 24324, 24328, 24330, 24332, 24335, 24417, 24419, 24434, 24439, 24471, 24480, 24482, 24481, 24490, 24468, 24469, 7328, 7329, 7353, 7336, 7338, 7363, 7374, 7377, 7611, 7537, 7536, 7546, 7548, 7547, 7571, 7574, 7572, 7468, 7490, 7469, 7472, 7471, 7449, 7484, 7485, 7487, 5818, 5843, 5845, 5862, 5863, 5883, 5885, 5884, 8034, 8038, 8033, 8044, 8047, 8061, 8057, 8056, 8081, 5986, 5988, 8310, 5979, 5978, 8303, 5998, 5999]"
rr_all_0175,w_0175,grid_0_10,False,cluster_006,0.3,0.1,0.0,0.6,66.85533905933013,53.70741919191007,114,"[13722, 13727, 13718, 13742, 13746, 22697, 22932, 22934, 22937, 22981, 22982, 22986, 25220, 25222, 25205, 25207, 25241, 25136, 25160, 25163, 25184, 25187, 25400, 25411, 25415, 25419, 25371, 25375, 25376, 25399, 25624, 25626, 25608, 25653, 25665, 25667, 24812, 24804, 24808, 24809, 24823, 24825, 24824, 24759, 24774, 24773, 24782, 24783, 24784, 24792, 24794, 24793, 24763, 24764, 24912, 24914, 24913, 24922, 24923, 24926, 24933, 24938, 24939, 7667, 7668, 7900, 7684, 7687, 7686, 7698, 7696, 7697, 7719, 7718, 7727, 7726, 7760, 7743, 7742, 7747, 7882, 7884, 7886, 7890, 7868, 7869, 7879, 7878, 27000, 8120, 5898, 5899, 8115, 8116, 8108, 8130, 8109, 8078, 8200, 8079, 8068, 8069, 8090, 8085, 8086, 8087, 5989, 8311, 8316, 8305, 8304, 8306, 5998, 5999]"
rr_all_0176,w_0176,grid_0_10,False,cluster_001,0.3,0.1,0.1,0.5,66.92640687119936,56.15829871269939,110,"[13722, 13721, 13498, 13493, 13494, 22633, 22635, 22634, 22609, 22650, 22625, 22623, 22624, 22616, 22618, 22617, 22716, 22718, 22717, 22727, 22728, 22726, 22546, 22548, 22549, 22569, 22800, 22801, 22559, 22591, 22590, 22572, 22573, 23770, 23749, 23771, 23764, 23765, 23763, 23782, 23786, 23789, 23833, 23835, 23837, 23860, 23863, 23868, 23969, 24104, 23986, 24120, 24121, 24136, 24137, 24160, 24148, 24183, 24185, 4983, 4987, 7300, 4992, 4996, 4997, 7250, 7255, 7258, 7501, 7502, 7285, 7289, 7513, 7524, 7529, 7551, 7439, 7464, 7465, 7472, 7477, 7479, 7811, 7814, 7819, 5871, 5873, 5878, 5869, 8112, 8105, 8130, 8109, 8078, 8200, 8079, 8068, 8069, 8090, 8085, 8086, 8087, 5989, 5988, 8313, 8302, 8301, 8306, 5998, 5999]"
rr_all_0177,w_0177,grid_0_10,False,cluster_001,0.3,0.1,0.2,0.4,67.34062043357126,58.52540642446808,110,"[13722, 13721, 13498, 13493, 13494, 22633, 22635, 22634, 22609, 22650, 22625, 22623, 22624, 22614, 22615, 22613, 22710, 22712, 22711, 22720, 22722, 22723, 22543, 22545, 22544, 22563, 22566, 22801, 22559, 22591, 22593, 22575, 22574, 23774, 23776, 23777, 23791, 23769, 23790, 23785, 23788, 24012, 23836, 23838, 23850, 23865, 23867, 23871, 24102, 24106, 23988, 24123, 24126, 24139, 24161, 24164, 24181, 24186, 24188, 4985, 4989, 7302, 4995, 4999, 7310, 7254, 7257, 7341, 7503, 7505, 7288, 7511, 7516, 7527, 7552, 7555, 7462, 7467, 7469, 7475, 7800, 7801, 7815, 7818, 7842, 5874, 5876, 5890, 8111, 8114, 8105, 8130, 8109, 8078, 8200, 8079, 8068, 8069, 8090, 8085, 8086, 8087, 5989, 5988, 8313, 8302, 8301, 8306, 5998, 5999]"
rr_all_0178,w_0178,grid_0_10,False,cluster_001,0.3,0.1,0.3,0.3,67.34062043356936,60.70258034338417,110,"[13722, 13721, 13498, 13493, 13494, 22633, 22635, 22634, 22609, 22650, 22625, 22623, 22624, 22614, 22615, 22613, 22710, 22712, 22711, 22720, 22722, 22723, 22543, 22545, 22544, 22563, 22566, 22801, 22559, 22591, 22590, 22572, 22573, 23770, 23749, 23771, 23764, 23765, 23763, 23782, 23783, 23787, 23828, 23832, 23834, 23848, 23862, 23864, 23967, 24100, 24103, 23987, 23989, 24133, 24134, 24138, 24146, 24180, 24182, 4981, 4982, 4986, 4990, 4993, 4994, 7218, 7251, 7253, 7249, 7500, 7282, 7286, 7510, 7298, 7523, 7522, 7430, 7435, 7438, 7443, 7447, 7449, 7484, 7485, 7487, 5818, 5843, 5845, 5862, 5863, 5883, 5888, 8100, 8073, 8076, 8079, 8068, 8069, 8090, 8085, 8086, 8087, 5989, 5988, 8313, 8302, 8301, 8306, 5998, 5999]"
rr_all_0179,w_0179,grid_0_10,False,cluster_001,0.3,0.1,0.4,0.2,67.75483399594455,62.59453536161012,110,"[13722, 13721, 13498, 13493, 13494, 22633, 22635, 22634, 22609, 22650, 22625, 22623, 22624, 22614, 22615, 22613, 22713, 22718, 22717, 22727, 22728, 22726, 22543, 22545, 22544, 22563, 22566, 22801, 22559, 22591, 22593, 22575, 22574, 23774, 23776, 23777, 23791, 23769, 23790, 23785, 23786, 23787, 23828, 23832, 23834, 23848, 23862, 23864, 23967, 24100, 24103, 23987, 23989, 24133, 24134, 24138, 24146, 24180, 24182, 4981, 4982, 4986, 4990, 4993, 4994, 7218, 7251, 7253, 7249, 7500, 7282, 7286, 7510, 7521, 7525, 7528, 7436, 7461, 7460, 7443, 7447, 7449, 7484, 7485, 7487, 5818, 5843, 5845, 5862, 5863, 5883, 5888, 8100, 8073, 8076, 8079, 8068, 8069, 8090, 8085, 8086, 8087, 5989, 5988, 8313, 8302, 8301, 8306, 5998, 5999]"
rr_all_0180,w_0180,grid_0_10,False,cluster_001,0.3,0.1,0.5,0.1,68.58326112068613,64.2279257102673,110,"[13722, 13724, 13499, 13497, 13496, 22637, 22636, 22660, 22655, 22656, 22671, 22670, 22672, 22646, 22680, 22648, 22732, 22737, 22736, 22743, 22744, 22742, 22585, 22587, 22582, 22569, 22800, 22801, 22559, 22591, 22593, 22575, 22574, 23774, 23776, 24000, 23795, 23797, 23796, 24013, 24011, 24012, 23836, 23838, 23850, 23865, 23863, 23864, 23967, 24100, 24103, 23987, 23989, 24133, 24134, 24138, 24146, 24180, 24182, 4981, 4982, 4986, 4990, 4993, 4994, 7218, 7251, 7253, 7249, 7500, 7282, 7286, 7510, 7521, 7525, 7528, 7436, 7461, 7460, 7443, 7447, 7449, 7484, 7485, 7487, 5818, 5843, 5845, 5862, 5863, 5883, 5888, 8100, 8073, 8076, 8079, 8068, 8069, 8090, 8085, 8086, 8087, 5989, 5988, 8313, 8302, 8301, 8306, 5998, 5999]"
rr_all_0181,w_0181,grid_0_10,False,cluster_001,0.3,0.1,0.6,0.0,68.99747468305947,65.06251782264908,110,"[13722, 13724, 13499, 13497, 13496, 22637, 22636, 22660, 22655, 22656, 22671, 22670, 22672, 22646, 22680, 22648, 22738, 22737, 22736, 22743, 22744, 22742, 22585, 22587, 22582, 22569, 22800, 22801, 22559, 22591, 22593, 22575, 22574, 23774, 23776, 24000, 23795, 23797, 23796, 24013, 24011, 24012, 23836, 23838, 23850, 23865, 23863, 23864, 23967, 24100, 24103, 23987, 23989, 24133, 24134, 24138, 24146, 24180, 24182, 4981, 4982, 4986, 4990, 4993, 4994, 7218, 7251, 7253, 7249, 7500, 7282, 7286, 7510, 7521, 7525, 7528, 7436, 7461, 7460, 7443, 7447, 7449, 7484, 7485, 7487, 5818, 5843, 5845, 5862, 5863, 5883, 5885, 5884, 8034, 8038, 8033, 8044, 8047, 8061, 8057, 8056, 8081, 5986, 5988, 8310, 5979, 5978, 8303, 5998, 5999]"
rr_all_0182,w_0182,grid_0_10,False,cluster_001,0.3,0.2,0.0,0.5,66.92640687120098,55.33931563842403,110,"[13722, 13721, 13498, 13493, 13494, 22633, 22635, 22634, 22609, 22650, 22625, 22623, 22624, 22616, 22618, 22617, 22713, 22715, 22714, 22724, 22725, 22723, 22543, 22545, 22544, 22563, 22564, 22565, 22554, 22553, 22555, 23729, 23728, 23746, 23747, 23748, 23764, 23765, 23763, 23759, 23783, 23787, 23828, 23832, 23834, 23848, 23862, 23864, 23967, 24100, 24103, 23987, 23989, 24133, 24134, 24138, 24146, 24180, 24182, 4981, 4982, 4986, 4990, 4993, 4994, 7218, 7251, 7253, 7249, 7500, 7282, 7286, 7510, 7521, 7523, 7522, 7430, 7435, 7438, 7443, 7447, 7449, 7484, 7485, 7810, 5841, 5844, 5848, 5864, 5865, 5886, 8101, 8103, 8073, 8074, 8072, 8065, 8066, 8067, 8082, 8086, 8087, 5989, 8311, 8316, 8305, 8304, 8306, 5998, 5999]"
rr_all_0183,w_0183,grid_0_10,False,cluster_001,0.3,0.2,0.1,0.4,67.34062043356938,57.6568535151089,110,"[13722, 13721, 13498, 13493, 13494, 22633, 22635, 22634, 22609, 22650, 22625, 22623, 22624, 22614, 22615, 22613, 22710, 22712, 22711, 22720, 22722, 22723, 22543, 22545, 22544, 22563, 22566, 22801, 22559, 22591, 22590, 22572, 22573, 23770, 23749, 23771, 23764, 23765, 23763, 23782, 23783, 23787, 23828, 23832, 23834, 23848, 23862, 23864, 23967, 24100, 24103, 23987, 23989, 24133, 24134, 24138, 24146, 24180, 24182, 4981, 4982, 4986, 4990, 4993, 4994, 7218, 7251, 7253, 7249, 7500, 7282, 7286, 7510, 7298, 7523, 7522, 7430, 7435, 7438, 7443, 7447, 7449, 7484, 7485, 7810, 5841, 5844, 5848, 5864, 5865, 5886, 8101, 8103, 8075, 8200, 8079, 8068, 8069, 8090, 8085, 8086, 8087, 5989, 5988, 8313, 8302, 8301, 8306, 5998, 5999]"
rr_all_0184,w_0184,grid_0_10,False,cluster_001,0.3,0.2,0.2,0.3,67.34062043356938,59.815499724808944,110,"[13722, 13721, 13498, 13493, 13494, 22633, 22635, 22634, 22609, 22650, 22625, 22623, 22624, 22614, 22615, 22613, 22710, 22712, 22711, 22720, 22722, 22723, 22543, 22545, 22544, 22563, 22566, 22801, 22559, 22591, 22590, 22572, 22573, 23770, 23749, 23771, 23764, 23765, 23763, 23782, 23783, 23787, 23828, 23832, 23834, 23848, 23862, 23864, 23967, 24100, 24103, 23987, 23989, 24133, 24134, 24138, 24146, 24180, 24182, 4981, 4982, 4986, 4990, 4993, 4994, 7218, 7251, 7253, 7249, 7500, 7282, 7286, 7510, 7298, 7523, 7522, 7430, 7435, 7438, 7443, 7447, 7449, 7484, 7485, 7810, 5841, 5844, 5848, 5864, 5865, 5886, 8101, 8103, 8075, 8200, 8079, 8068, 8069, 8090, 8085, 8086, 8087, 5989, 5988, 8313, 8302, 8301, 8306, 5998, 5999]"
rr_all_0185,w_0185,grid_0_10,False,cluster_001,0.3,0.2,0.3,0.2,67.34062043356936,61.89124786713985,110,"[13722, 13721, 13498, 13493, 13494, 22633, 22635, 22634, 22609, 22650, 22625, 22623, 22624, 22614, 22615, 22613, 22710, 22712, 22711, 22720, 22722, 22723, 22543, 22545, 22544, 22563, 22566, 22801, 22559, 22591, 22590, 22572, 22573, 23770, 23749, 23771, 23764, 23765, 23763, 23782, 23783, 23787, 23828, 23832, 23834, 23848, 23862, 23864, 23967, 24100, 24103, 23987, 23989, 24133, 24134, 24138, 24146, 24180, 24182, 4981, 4982, 4986, 4990, 4993, 4994, 7218, 7251, 7253, 7249, 7500, 7282, 7286, 7510, 7298, 7523, 7522, 7430, 7435, 7438, 7443, 7447, 7449, 7484, 7485, 7487, 5818, 5843, 5845, 5862, 5863, 5883, 5888, 8100, 8073, 8076, 8079, 8068, 8069, 8090, 8085, 8086, 8087, 5989, 5988, 8313, 8302, 8301, 8306, 5998, 5999]"
rr_all_0186,w_0186,grid_0_10,False,cluster_001,0.3,0.2,0.4,0.1,67.75483399594499,63.80765759881355,110,"[13722, 13721, 13498, 13493, 13494, 22633, 22635, 22634, 22609, 22650, 22625, 22623, 22624, 22614, 22615, 22613, 22713, 22718, 22717, 22727, 22728, 22726, 22543, 22545, 22544, 22563, 22566, 22801, 22559, 22591, 22593, 22575, 22574, 23774, 23776, 23777, 23791, 23769, 23790, 23785, 23786, 23787, 23828, 23832, 23834, 23848, 23862, 23864, 23967, 24100, 24103, 23987, 23989, 24133, 24134, 24138, 24146, 24180, 24182, 4981, 4982, 4986, 4990, 4993, 4994, 7218, 7251, 7253, 7249, 7500, 7282, 7286, 7510, 7298, 7523, 7522, 7430, 7435, 7438, 7443, 7447, 7449, 7484, 7485, 7487, 5818, 5843, 5845, 5862, 5863, 5883, 5888, 8100, 8073, 8076, 8079, 8068, 8069, 8090, 8085, 8086, 8087, 5989, 5988, 8313, 8302, 8301, 8306, 5998, 5999]"
rr_all_0187,w_0187,grid_0_10,False,cluster_001,0.3,0.2,0.5,0.0,69.58326112068329,64.69199980938029,112,"[13722, 13709, 13708, 13495, 13490, 13478, 22495, 22493, 22468, 22600, 22458, 22459, 22439, 22480, 22472, 22476, 22478, 22296, 22295, 22294, 22707, 22722, 22723, 22543, 22545, 22544, 22563, 22566, 22801, 22559, 22591, 22593, 22575, 22574, 23774, 23776, 24000, 23795, 23797, 23796, 24013, 24011, 24012, 23836, 23838, 23850, 23865, 23863, 23864, 23967, 24100, 24103, 23987, 23989, 24133, 24134, 24138, 24146, 24180, 24182, 4981, 4982, 4986, 4990, 4993, 4994, 7218, 7251, 7253, 7249, 7500, 7282, 7286, 7510, 7298, 7523, 7522, 7430, 7435, 7438, 7443, 7447, 7449, 7484, 7485, 7487, 5815, 5816, 5817, 5834, 5833, 5827, 5825, 5826, 5776, 5777, 8000, 8013, 8015, 8014, 8021, 8025, 8029, 5951, 5953, 5958, 5970, 5972, 5977, 5994, 5996, 5999]"
rr_all_0188,w_0188,grid_0_10,False,cluster_001,0.3,0.3,0.0,0.4,67.34062043357288,56.43997865779458,110,"[13722, 13721, 13498, 13493, 13494, 22633, 22635, 22634, 22609, 22650, 22625, 22623, 22624, 22614, 22615, 22613, 22710, 22712, 22711, 22720, 22722, 22721, 22543, 22545, 22544, 22563, 22564, 22565, 22554, 22553, 22555, 23729, 23728, 23746, 23747, 23748, 23764, 23765, 23763, 23759, 23783, 23787, 23828, 23832, 23834, 23848, 23862, 23864, 23967, 24100, 24103, 23987, 23989, 24133, 24134, 24138, 24146, 24180, 24182, 4981, 4982, 4986, 4990, 4993, 4994, 7218, 7251, 7253, 7249, 7500, 7282, 7286, 7510, 7521, 7523, 7522, 7430, 7435, 7433, 7427, 7428, 7429, 7451, 7453, 7458, 5599, 5813, 5817, 5836, 5837, 5855, 5859, 5881, 8034, 8038, 8071, 8062, 8066, 8067, 8082, 8086, 8087, 5989, 8311, 8316, 8305, 8304, 8306, 5998, 5999]"
rr_all_0189,w_0189,grid_0_10,False,cluster_001,0.3,0.3,0.1,0.3,67.34062043356808,58.86421857506412,110,"[13722, 13721, 13498, 13493, 13494, 22633, 22635, 22634, 22609, 22650, 22625, 22623, 22624, 22614, 22615, 22613, 22710, 22712, 22711, 22720, 22722, 22723, 22543, 22545, 22544, 22563, 22566, 22801, 22559, 22591, 22590, 22572, 22573, 23770, 23749, 23771, 23764, 23765, 23763, 23782, 23783, 23787, 23828, 23832, 23834, 23848, 23862, 23864, 23967, 24100, 24103, 23987, 23989, 24133, 24134, 24138, 24146, 24180, 24182, 4981, 4982, 4986, 4990, 4993, 4994, 7218, 7251, 7253, 7249, 7500, 7282, 7286, 7510, 7298, 7523, 7522, 7430, 7435, 7433, 7427, 7428, 7429, 7451, 7453, 7458, 5599, 5813, 5817, 5836, 5837, 5855, 5859, 5881, 8034, 8038, 8071, 8062, 8066, 8067, 8082, 8086, 8087, 5989, 5988, 8313, 8302, 8301, 8306, 5998, 5999]"
rr_all_0190,w_0190,grid_0_10,False,cluster_001,0.3,0.3,0.2,0.2,67.34062043356936,61.072632837064376,110,"[13722, 13721, 13498, 13493, 13494, 22633, 22635, 22634, 22609, 22650, 22625, 22623, 22624, 22614, 22615, 22613, 22710, 22712, 22711, 22720, 22722, 22723, 22543, 22545, 22544, 22563, 22566, 22801, 22559, 22591, 22590, 22572, 22573, 23770, 23749, 23771, 23764, 23765, 23763, 23782, 23783, 23787, 23828, 23832, 23834, 23848, 23862, 23864, 23967, 24100, 24103, 23987, 23989, 24133, 24134, 24138, 24146, 24180, 24182, 4981, 4982, 4986, 4990, 4993, 4994, 7218, 7251, 7253, 7249, 7500, 7282, 7286, 7510, 7298, 7523, 7522, 7430, 7435, 7438, 7443, 7447, 7449, 7484, 7485, 7487, 5818, 5843, 5845, 5862, 5863, 5883, 5888, 8100, 8073, 8076, 8079, 8068, 8069, 8090, 8085, 8086, 8087, 5989, 5988, 8313, 8302, 8301, 8306, 5998, 5999]"
rr_all_0191,w_0191,grid_0_10,False,cluster_001,0.3,0.3,0.3,0.1,68.21930009000833,62.8596658451833,113,"[13722, 13721, 13498, 13493, 13494, 22633, 22635, 22634, 22609, 22650, 22625, 22623, 22624, 22614, 22615, 22613, 22710, 22712, 22711, 22720, 22722, 22723, 22543, 22545, 22544, 22563, 22566, 22801, 22559, 22591, 22593, 22575, 22574, 23774, 23776, 23777, 23791, 23769, 23790, 23785, 23786, 23787, 23825, 23826, 23830, 23843, 23844, 23846, 23927, 23960, 23965, 23980, 23981, 23992, 23997, 23999, 24117, 24141, 24144, 24145, 4954, 4956, 4959, 4984, 4977, 4979, 4993, 4994, 7218, 7251, 7253, 7249, 7500, 7282, 7286, 7510, 7298, 7523, 7522, 7430, 7435, 7438, 7443, 7444, 7445, 7455, 7453, 7458, 5599, 5813, 5817, 5834, 5833, 5827, 5825, 5826, 5776, 5778, 8000, 8013, 8015, 8014, 8021, 8025, 8029, 5954, 5956, 5981, 5973, 5975, 8300, 5996, 5999]"
rr_all_0192,w_0192,grid_0_10,False,cluster_001,0.3,0.3,0.4,0.0,70.16904755831247,63.367990505496266,114,"[13722, 13709, 13708, 13495, 13490, 13478, 22495, 22493, 22468, 22600, 22458, 22459, 22439, 22480, 22472, 22476, 22478, 22296, 22295, 22294, 22707, 22722, 22723, 22543, 22545, 22544, 22563, 22566, 22801, 22559, 22591, 22593, 22575, 22574, 23774, 23776, 23777, 23791, 23769, 23790, 23785, 23786, 23787, 23825, 23826, 23830, 23843, 23844, 23846, 23927, 23960, 23965, 23980, 23981, 23992, 23997, 23999, 24117, 24141, 24144, 24145, 4954, 4956, 4959, 4984, 4977, 4979, 4993, 4994, 7218, 7251, 7253, 7249, 7500, 7282, 7286, 7510, 7298, 7523, 7522, 7430, 7435, 7438, 7443, 7447, 7449, 7484, 7485, 7487, 5815, 5816, 5817, 5834, 5833, 5827, 5825, 5826, 5776, 5778, 8000, 8013, 8015, 8014, 8021, 8025, 8029, 5954, 5956, 5981, 5973, 5975, 8300, 5996, 5999]"
rr_all_0193,w_0193,grid_0_10,False,cluster_001,0.3,0.4,0.0,0.3,68.21930009001176,56.65390631826891,113,"[13722, 13721, 13498, 13493, 13494, 22633, 22635, 22634, 22609, 22650, 22625, 22623, 22624, 22614, 22615, 22613, 22710, 22712, 22711, 22720, 22722, 22721, 22543, 22545, 22544, 22563, 22564, 22565, 22554, 22553, 22555, 23729, 23728, 23746, 23747, 23748, 23764, 23765, 23763, 23759, 23780, 23781, 23824, 23826, 23830, 23840, 23841, 23846, 23927, 23960, 23965, 23980, 23981, 23992, 23997, 23999, 24117, 24140, 24144, 24147, 24180, 24182, 4981, 4982, 4986, 4990, 4993, 4994, 7218, 7251, 7253, 7249, 7500, 7282, 7286, 7510, 7521, 7523, 7522, 7430, 7435, 7433, 7427, 7428, 7429, 7451, 7453, 7458, 5599, 5813, 5817, 5836, 5837, 5855, 5859, 5881, 8034, 8038, 8071, 8062, 8066, 8067, 8082, 8083, 8087, 5989, 8311, 8316, 8305, 8304, 8306, 5998, 5999]"
rr_all_0194,w_0194,grid_0_10,False,cluster_001,0.3,0.4,0.1,0.2,68.63351365237693,58.997684444713045,113,"[13722, 13721, 13498, 13493, 13494, 22633, 22635, 22634, 22609, 22650, 22622, 22488, 22487, 22614, 22615, 22613, 22710, 22712, 22711, 22720, 22722, 22723, 22543, 22545, 22544, 22563, 22566, 22801, 22559, 22591, 22590, 22572, 22573, 23770, 23749, 23771, 23764, 23765, 23763, 23782, 23783, 23787, 23825, 23826, 23830, 23843, 23844, 23846, 23927, 23960, 23965, 23980, 23981, 23992, 23997, 23999, 24117, 24141, 24144, 24145, 4954, 4956, 4981, 4982, 4986, 4990, 4993, 4994, 7218, 7251, 7253, 7249, 7500, 7282, 7286, 7510, 7298, 7523, 7522, 7430, 7435, 7433, 7427, 7428, 7429, 7451, 7453, 7458, 5599, 5813, 5817, 5836, 5837, 5855, 5859, 5881, 8034, 8038, 8071, 8062, 8066, 8067, 8082, 8083, 8087, 5989, 5988, 8313, 8302, 8301, 8306, 5998, 5999]"
rr_all_0195,w_0195,grid_0_10,False,cluster_001,0.3,0.4,0.2,0.1,69.04772721475321,60.58432274936868,113,"[13722, 13721, 13498, 13493, 13494, 22633, 22635, 22631, 22605, 22604, 22486, 22485, 22487, 22614, 22615, 22613, 22710, 22712, 22711, 22720, 22722, 22723, 22543, 22545, 22544, 22563, 22566, 22801, 22559, 22591, 22593, 22575, 22574, 23774, 23776, 23777, 23791, 23769, 23790, 23785, 23786, 23787, 23825, 23826, 23830, 23843, 23844, 23846, 23927, 23960, 23965, 23980, 23981, 23992, 23997, 23999, 24117, 24141, 24144, 24145, 4954, 4956, 4959, 4984, 4977, 4979, 4993, 4994, 7218, 7251, 7253, 7249, 7500, 7282, 7286, 7510, 7298, 7523, 7522, 7430, 7435, 7438, 7443, 7444, 7445, 7455, 7453, 7458, 5599, 5813, 5817, 5834, 5833, 5827, 5825, 5826, 5776, 5778, 8000, 8013, 8015, 8014, 8021, 8025, 8029, 5954, 5956, 5981, 5973, 5975, 8300, 5996, 5999]"
rr_all_0196,w_0196,grid_0_10,False,cluster_001,0.3,0.4,0.3,0.0,69.46194077712575,61.20148144650631,113,"[13722, 13721, 13498, 13493, 13494, 22632, 22497, 22494, 22602, 22601, 22483, 22482, 22481, 22475, 22476, 22478, 22296, 22295, 22294, 22707, 22722, 22723, 22543, 22545, 22544, 22563, 22566, 22801, 22559, 22591, 22593, 22575, 22574, 23774, 23776, 23777, 23791, 23769, 23790, 23785, 23786, 23787, 23825, 23826, 23830, 23843, 23844, 23846, 23927, 23960, 23965, 23980, 23981, 23992, 23997, 23999, 24117, 24141, 24144, 24145, 4954, 4956, 4959, 4984, 4977, 4979, 4993, 4994, 7218, 7251, 7253, 7249, 7500, 7282, 7286, 7510, 7298, 7523, 7522, 7430, 7435, 7438, 7443, 7444, 7445, 7455, 7453, 7458, 5599, 5813, 5817, 5834, 5833, 5827, 5825, 5826, 5776, 5777, 8000, 8013, 8015, 8014, 8021, 8025, 8029, 5954, 5956, 5981, 5973, 5975, 8300, 5996, 5999]"
rr_all_0197,w_0197,grid_0_10,False,cluster_001,0.3,0.5,0.0,0.2,68.63351365238299,56.4235379899316,113,"[13722, 13721, 13498, 13493, 13494, 22633, 22635, 22634, 22609, 22650, 22622, 22488, 22487, 22614, 22615, 22613, 22710, 22712, 22711, 22720, 22722, 22721, 22543, 22545, 22544, 22563, 22564, 22565, 22554, 22553, 22555, 23729, 23728, 23746, 23747, 23748, 23764, 23765, 23763, 23759, 23780, 23781, 23824, 23826, 23830, 23840, 23841, 23846, 23927, 23960, 23965, 23980, 23981, 23992, 23997, 23999, 24117, 24140, 24144, 24147, 24180, 24182, 4981, 4982, 4986, 4990, 4993, 4994, 7218, 7251, 7253, 7249, 7500, 7282, 7286, 7510, 7521, 7523, 7522, 7430, 7435, 7433, 7427, 7428, 7429, 7451, 7453, 7458, 5599, 5813, 5817, 5836, 5837, 5855, 5859, 5881, 8034, 8038, 8071, 8062, 8066, 8067, 8082, 8083, 8087, 5989, 8311, 8316, 8305, 8304, 8306, 5998, 5999]"
rr_all_0198,w_0198,grid_0_10,False,cluster_001,0.3,0.5,0.1,0.1,69.46194077712215,58.06056739835815,113,"[13722, 13721, 13498, 13493, 13494, 22633, 22630, 22499, 22603, 22601, 22486, 22485, 22487, 22614, 22615, 22613, 22710, 22712, 22711, 22720, 22722, 22723, 22543, 22545, 22544, 22563, 22566, 22801, 22559, 22591, 22590, 22572, 22573, 23770, 23749, 23771, 23764, 23765, 23763, 23782, 23783, 23787, 23825, 23826, 23830, 23843, 23844, 23846, 23927, 23960, 23965, 23980, 23981, 23992, 23997, 23999, 24117, 24141, 24144, 24145, 4954, 4956, 4959, 4984, 4977, 4979, 4993, 4994, 7218, 7251, 7253, 7249, 7500, 7282, 7286, 7510, 7298, 7523, 7522, 7430, 7435, 7433, 7427, 7428, 7429, 7451, 7453, 7458, 5599, 5813, 5817, 5834, 5833, 5827, 5825, 5826, 5776, 5778, 8000, 8013, 8015, 8014, 8021, 8025, 8029, 5954, 5956, 5981, 5973, 5975, 8300, 5996, 5999]"
rr_all_0199,w_0199,grid_0_10,False,cluster_001,0.3,0.5,0.2,0.0,69.75483399594056,58.79865921770551,114,"[13722, 13721, 13498, 13493, 13494, 22632, 22497, 22494, 22602, 22601, 22483, 22482, 22481, 22475, 22476, 22478, 22296, 22295, 22294, 22707, 22722, 22723, 22543, 22545, 22544, 22563, 22566, 22801, 22559, 22591, 22593, 22575, 22574, 23774, 23776, 23777, 23791, 23769, 23790, 23785, 23786, 23787, 23825, 23826, 23830, 23843, 23844, 23846, 23927, 23960, 23965, 23980, 23981, 23992, 23997, 23999, 24117, 24141, 24144, 24145, 4954, 4956, 4959, 4984, 4977, 4979, 4993, 4994, 7218, 7251, 7253, 7249, 7500, 7282, 7286, 7510, 7298, 7523, 7522, 7430, 7435, 7438, 7443, 7444, 7445, 7455, 7453, 7458, 5599, 5813, 5817, 5834, 5833, 5827, 5825, 5826, 5776, 5778, 8000, 8010, 5789, 5788, 5798, 8022, 8026, 5951, 5953, 5958, 5970, 5972, 5977, 5994, 5996, 5999]"
rr_all_0200,w_0200,grid_0_10,False,cluster_001,0.3,0.6,0.0,0.1,69.75483399594117,55.21382490759027,114,"[13722, 13721, 13498, 13493, 13494, 22633, 22630, 22499, 22603, 22601, 22486, 22488, 22487, 22614, 22615, 22613, 22710, 22712, 22711, 22720, 22722, 22721, 22543, 22545, 22544, 22563, 22564, 22565, 22554, 22553, 22555, 23729, 23728, 23746, 23747, 23748, 23764, 23765, 23763, 23759, 23780, 23781, 23824, 23826, 23830, 23840, 23841, 23846, 23927, 23960, 23965, 23980, 23981, 23992, 23997, 23999, 24117, 24140, 24144, 24147, 24180, 24182, 4981, 4982, 4986, 4990, 4993, 4994, 7218, 7251, 7253, 7249, 7500, 7282, 7286, 7510, 7521, 7523, 7522, 7430, 7435, 7433, 7427, 7428, 7429, 5579, 7452, 7454, 5596, 5810, 5814, 5834, 5833, 5827, 5825, 5826, 5776, 5778, 8002, 8016, 8015, 8014, 8021, 8022, 8026, 8029, 5954, 5956, 5981, 5973, 5975, 8300, 5996, 5999]"
rr_all_0201,w_0201,grid_0_10,False,cluster_001,0.3,0.6,0.1,0.0,69.75483399594002,56.20248593120799,114,"[13722, 13721, 13498, 13493, 13494, 22632, 22497, 22494, 22602, 22601, 22483, 22482, 22481, 22475, 22476, 22478, 22296, 22295, 22294, 22707, 22722, 22723, 22543, 22545, 22544, 22563, 22566, 22801, 22559, 22591, 22593, 22575, 22574, 23774, 23776, 23777, 23791, 23769, 23790, 23785, 23786, 23787, 23825, 23826, 23830, 23843, 23844, 23846, 23927, 23960, 23965, 23980, 23981, 23992, 23997, 23999, 24117, 24141, 24144, 24145, 4954, 4956, 4959, 4984, 4977, 4979, 4993, 4994, 7218, 7251, 7253, 7249, 7500, 7282, 7286, 7510, 7298, 7523, 7522, 7430, 7435, 7433, 7427, 7428, 7429, 5579, 7452, 7454, 5596, 5810, 5811, 5832, 5833, 5827, 5825, 5826, 5776, 5778, 8000, 8010, 5789, 5788, 5798, 8022, 8026, 5951, 5953, 5958, 5970, 5972, 5977, 5994, 5996, 5999]"
rr_all_0202,w_0202,grid_0_10,False,cluster_001,0.3,0.7,0.0,0.0,69.75483399592655,53.49582794801329,114,"[13722, 13721, 13498, 13493, 13494, 22632, 22497, 22494, 22603, 22601, 22486, 22485, 22484, 22477, 22479, 22478, 22296, 22299, 22298, 22707, 22709, 22721, 22543, 22545, 22544, 22563, 22564, 22565, 22558, 22556, 22590, 22572, 22573, 23770, 23749, 23771, 23764, 23765, 23763, 23759, 23780, 23784, 23825, 23829, 23831, 23845, 23844, 23849, 23961, 23963, 23965, 23980, 23981, 23992, 23997, 23999, 24117, 24140, 24142, 24147, 24149, 24182, 4981, 4982, 4986, 4990, 4993, 4994, 7218, 7251, 7253, 7249, 7500, 7282, 7286, 7510, 7298, 7523, 7522, 7419, 7431, 7432, 7426, 7428, 7429, 5579, 7452, 7454, 5596, 5810, 5811, 5830, 5589, 5822, 5824, 5823, 5772, 5777, 8000, 8010, 8012, 8014, 8021, 8022, 8026, 5951, 5953, 5958, 5970, 5972, 5977, 5994, 5997, 5999]"
rr_all_0203,w_0203,grid_0_10,False,cluster_004,0.4,0.0,0.0,0.6,65.68376618407018,55.330026180615846,110,"[13722, 13727, 13718, 13742, 13746, 22697, 22932, 22934, 22961, 22964, 22972, 22975, 25200, 22994, 22998, 25132, 25142, 25145, 25146, 25170, 25173, 25172, 25322, 25323, 25324, 25313, 25314, 25312, 25095, 25094, 25302, 25303, 25304, 24253, 24257, 24258, 24276, 24500, 24501, 24522, 24524, 24526, 24389, 24393, 24397, 24708, 24722, 24726, 24662, 24664, 24690, 24694, 24695, 24687, 24686, 24921, 24907, 24909, 24908, 7635, 7660, 7638, 7651, 7652, 7653, 7672, 7675, 7674, 7713, 7712, 7720, 7724, 7728, 7740, 7742, 7747, 7882, 7884, 7886, 7890, 7868, 7869, 7879, 7878, 27000, 8120, 5898, 5899, 8115, 8116, 8131, 8136, 8135, 8204, 8206, 8205, 8094, 8095, 8096, 8211, 8212, 8213, 8314, 8315, 8316, 8305, 8304, 8306, 5998, 5999]"
rr_all_0204,w_0204,grid_0_10,False,cluster_003,0.4,0.0,0.1,0.5,65.68376618407687,57.96895046977309,110,"[13722, 13727, 13718, 13742, 13746, 22697, 22932, 22934, 22961, 22964, 22972, 22975, 25200, 22994, 22998, 25132, 25142, 25145, 25146, 25170, 25173, 25175, 25329, 25352, 25355, 25349, 25391, 25392, 25366, 25368, 25383, 25385, 25387, 24517, 24541, 24540, 24537, 24539, 24563, 24581, 24582, 24583, 24715, 24718, 24732, 24741, 24742, 24740, 24666, 24665, 24693, 24697, 24698, 24689, 24920, 24921, 24907, 24932, 24934, 7662, 7663, 7664, 7659, 7682, 7683, 7694, 7695, 7693, 7717, 7716, 7723, 7724, 7725, 7736, 7739, 7744, 7858, 7859, 7883, 7867, 7866, 7865, 7875, 7876, 27000, 8120, 5898, 5899, 8115, 8116, 8108, 8130, 8109, 8078, 8200, 8079, 8068, 8069, 8090, 8085, 8086, 8087, 5989, 5988, 8313, 8302, 8301, 8306, 5998, 5999]"
rr_all_0205,w_0205,grid_0_10,False,cluster_003,0.4,0.0,0.2,0.4,65.68376618407687,60.37295926635544,110,"[13722, 13727, 13718, 13742, 13746, 22697, 22932, 22934, 22961, 22964, 22972, 22975, 25200, 22994, 22998, 25132, 25142, 25145, 25146, 25170, 25173, 25175, 25329, 25352, 25355, 25349, 25391, 25392, 25366, 25368, 25383, 25385, 25387, 24517, 24541, 24540, 24537, 24539, 24563, 24581, 24582, 24583, 24715, 24718, 24732, 24741, 24742, 24740, 24666, 24665, 24693, 24697, 24698, 24689, 24920, 24921, 24907, 24932, 24934, 7662, 7663, 7664, 7659, 7682, 7683, 7694, 7695, 7693, 7717, 7716, 7723, 7724, 7725, 7736, 7739, 7744, 7858, 7859, 7883, 7867, 7866, 7865, 7875, 7876, 27000, 8120, 5898, 5899, 8115, 8116, 8108, 8130, 8109, 8078, 8200, 8079, 8068, 8069, 8090, 8085, 8086, 8087, 5989, 5988, 8313, 8302, 8301, 8306, 5998, 5999]"
rr_all_0206,w_0206,grid_0_10,False,cluster_003,0.4,0.0,0.3,0.3,65.68376618407687,62.59318453458749,110,"[13722, 13727, 13718, 13742, 13746, 22697, 22932, 22934, 22961, 22964, 22972, 22975, 25200, 22994, 22998, 25132, 25142, 25145, 25146, 25170, 25173, 25175, 25329, 25352, 25355, 25349, 25391, 25392, 25366, 25368, 25383, 25385, 25387, 24517, 24541, 24540, 24537, 24539, 24563, 24581, 24582, 24583, 24715, 24718, 24732, 24741, 24742, 24740, 24666, 24665, 24693, 24697, 24698, 24689, 24920, 24921, 24907, 24932, 24934, 7662, 7663, 7664, 7659, 7682, 7683, 7694, 7695, 7693, 7717, 7716, 7723, 7724, 7725, 7736, 7739, 7744, 7858, 7859, 7883, 7867, 7866, 7865, 7875, 7876, 7877, 5896, 5895, 5897, 8113, 8114, 8105, 8107, 8106, 8075, 8200, 8079, 8068, 8069, 8090, 8085, 8086, 8087, 5989, 5988, 8313, 8302, 8301, 8306, 5998, 5999]"
rr_all_0207,w_0207,grid_0_10,False,cluster_003,0.4,0.0,0.4,0.2,66.0979797464505,64.65054215855837,110,"[13722, 13727, 13718, 13742, 13746, 22697, 22932, 22934, 22961, 22964, 22972, 22975, 25200, 22994, 22998, 25132, 25142, 25145, 25146, 25170, 25173, 25175, 25329, 25352, 25355, 25349, 25391, 25392, 25366, 25368, 25383, 25385, 25387, 24517, 24541, 24540, 24537, 24539, 24563, 24581, 24582, 24583, 24715, 24718, 24732, 24741, 24742, 24740, 24666, 24665, 24693, 24697, 24698, 24689, 24920, 24921, 24907, 24932, 24934, 7662, 7663, 7664, 7659, 7682, 7683, 7694, 7695, 7693, 7717, 7716, 7723, 7724, 7725, 7736, 7739, 7744, 7858, 7859, 7883, 7867, 7866, 7865, 7875, 7876, 7877, 5896, 5895, 5897, 8113, 8114, 8105, 8130, 8109, 8075, 8200, 8079, 8068, 8069, 8090, 8085, 8086, 8087, 5989, 5988, 8313, 8302, 8301, 8306, 5998, 5999]"
rr_all_0208,w_0208,grid_0_10,False,cluster_003,0.4,0.0,0.5,0.1,66.09797974645149,66.57653562874786,110,"[13722, 13727, 13715, 13716, 13719, 22691, 22695, 22699, 22915, 22916, 22908, 22909, 22907, 22920, 22925, 22923, 22782, 22785, 22787, 22790, 22793, 22797, 22899, 25031, 25033, 25026, 25029, 25080, 25056, 25059, 25076, 25301, 25304, 24256, 24259, 24281, 24279, 24503, 24505, 24522, 24521, 24523, 24388, 24390, 24394, 24706, 24720, 24723, 24662, 24664, 24690, 24694, 24695, 24687, 24920, 24921, 24907, 24932, 24934, 7662, 7663, 7664, 7659, 7682, 7683, 7694, 7695, 7693, 7717, 7716, 7723, 7724, 7725, 7736, 7739, 7744, 7858, 7859, 7883, 7867, 7866, 7865, 7875, 7876, 7877, 5896, 5895, 5897, 8113, 8114, 8105, 8130, 8109, 8075, 8200, 8079, 8068, 8069, 8090, 8085, 8086, 8087, 5989, 5988, 8313, 8302, 8301, 8306, 5998, 5999]"
rr_all_0209,w_0209,grid_0_10,False,cluster_001,0.4,0.0,0.6,0.0,68.169047558311,67.65150729975804,110,"[13722, 13724, 13499, 13497, 13496, 22637, 22661, 22660, 22655, 22656, 22671, 22670, 22672, 22646, 22680, 22648, 22738, 22737, 22736, 22745, 22747, 22742, 22585, 22587, 22586, 22808, 22821, 22824, 22842, 22843, 22838, 22860, 22865, 24036, 24070, 24074, 24081, 24083, 24085, 24095, 24097, 24099, 24320, 24324, 24328, 24330, 24332, 24335, 24417, 24419, 24434, 24439, 24471, 24480, 24482, 24481, 24490, 24468, 24469, 7328, 7329, 7353, 7336, 7338, 7363, 7374, 7377, 7611, 7537, 7536, 7546, 7548, 7547, 7571, 7574, 7572, 7468, 7490, 7469, 7472, 7471, 7449, 7484, 7485, 7487, 5818, 5843, 5845, 5862, 5863, 5883, 5885, 5884, 8034, 8035, 8033, 8044, 8047, 8061, 8057, 8056, 8081, 5986, 5988, 8310, 5979, 5978, 8303, 5998, 5999]"
rr_all_0210,w_0210,grid_0_10,False,cluster_001,0.4,0.1,0.0,0.5,66.9264068712011,59.85332151439556,110,"[13722, 13721, 13498, 13493, 13494, 22633, 22635, 22634, 22609, 22650, 22625, 22623, 22624, 22616, 22618, 22617, 22713, 22715, 22714, 22724, 22725, 22723, 22543, 22545, 22544, 22563, 22564, 22565, 22554, 22553, 22555, 23729, 23728, 23746, 23747, 23748, 23764, 23765, 23763, 23782, 23786, 23789, 23833, 23835, 23837, 23860, 23863, 23868, 23969, 24104, 23986, 24120, 24121, 24136, 24137, 24160, 24148, 24183, 24185, 4983, 4987, 7300, 4992, 4996, 4997, 7250, 7255, 7258, 7501, 7502, 7285, 7289, 7513, 7524, 7529, 7551, 7439, 7464, 7465, 7472, 7477, 7479, 7811, 7814, 7819, 5871, 5873, 5878, 5869, 8112, 8105, 8107, 8106, 8075, 8076, 8077, 8065, 8066, 8067, 8082, 8086, 8087, 5989, 8311, 8316, 8305, 8304, 8306, 5998, 5999]"
rr_all_0211,w_0211,grid_0_10,False,cluster_001,0.4,0.1,0.1,0.4,66.92640687119936,62.27995028305829,110,"[13722, 13721, 13498, 13493, 13494, 22633, 22635, 22634, 22609, 22650, 22625, 22623, 22624, 22616, 22618, 22617, 22716, 22718, 22717, 22727, 22728, 22726, 22546, 22548, 22549, 22569, 22800, 22801, 22559, 22591, 22590, 22572, 22573, 23770, 23749, 23771, 23764, 23765, 23763, 23782, 23786, 23789, 23833, 23835, 23837, 23860, 23863, 23868, 23969, 24104, 23986, 24120, 24121, 24136, 24137, 24160, 24148, 24183, 24185, 4983, 4987, 7300, 4992, 4996, 4997, 7250, 7255, 7258, 7501, 7502, 7285, 7289, 7513, 7524, 7529, 7551, 7439, 7464, 7465, 7472, 7477, 7479, 7811, 7814, 7819, 5871, 5873, 5878, 5869, 8112, 8105, 8130, 8109, 8078, 8200, 8079, 8068, 8069, 8090, 8085, 8086, 8087, 5989, 5988, 8313, 8302, 8301, 8306, 5998, 5999]"
rr_all_0212,w_0212,grid_0_10,False,cluster_001,0.4,0.1,0.2,0.3,66.92640687119695,64.53778515159016,110,"[13722, 13721, 13498, 13493, 13494, 22633, 22635, 22634, 22609, 22650, 22625, 22623, 22624, 22616, 22618, 22617, 22716, 22718, 22717, 22727, 22728, 22726, 22546, 22548, 22549, 22569, 22800, 22801, 22559, 22591, 22590, 22572, 22573, 23770, 23749, 23771, 23764, 23765, 23763, 23782, 23783, 23787, 23828, 23832, 23834, 23848, 23862, 23864, 23967, 24100, 24103, 23987, 23989, 24133, 24134, 24138, 24146, 24180, 24182, 4981, 4982, 4986, 4990, 4993, 4994, 7218, 7251, 7253, 7249, 7500, 7282, 7286, 7510, 7298, 7523, 7522, 7430, 7435, 7438, 7443, 7447, 7449, 7484, 7485, 7810, 5841, 5844, 5848, 5864, 5865, 5886, 8101, 8103, 8075, 8200, 8079, 8068, 8069, 8090, 8085, 8086, 8087, 5989, 5988, 8313, 8302, 8301, 8306, 5998, 5999]"
rr_all_0213,w_0213,grid_0_10,False,cluster_001,0.4,0.1,0.3,0.2,67.34062043356936,66.66571656580244,110,"[13722, 13721, 13498, 13493, 13494, 22633, 22635, 22634, 22609, 22650, 22625, 22623, 22624, 22614, 22615, 22613, 22710, 22712, 22711, 22720, 22722, 22723, 22543, 22545, 22544, 22563, 22566, 22801, 22559, 22591, 22590, 22572, 22573, 23770, 23749, 23771, 23764, 23765, 23763, 23782, 23783, 23787, 23828, 23832, 23834, 23848, 23862, 23864, 23967, 24100, 24103, 23987, 23989, 24133, 24134, 24138, 24146, 24180, 24182, 4981, 4982, 4986, 4990, 4993, 4994, 7218, 7251, 7253, 7249, 7500, 7282, 7286, 7510, 7298, 7523, 7522, 7430, 7435, 7438, 7443, 7447, 7449, 7484, 7485, 7487, 5818, 5843, 5845, 5862, 5863, 5883, 5888, 8100, 8073, 8076, 8079, 8068, 8069, 8090, 8085, 8086, 8087, 5989, 5988, 8313, 8302, 8301, 8306, 5998, 5999]"
rr_all_0214,w_0214,grid_0_10,False,cluster_001,0.4,0.1,0.4,0.1,67.3406204335684,68.53684204214252,110,"[13722, 13721, 13498, 13493, 13494, 22633, 22635, 22634, 22609, 22650, 22625, 22623, 22624, 22614, 22615, 22613, 22710, 22712, 22711, 22720, 22722, 22723, 22543, 22545, 22544, 22563, 22566, 22801, 22559, 22591, 22593, 22575, 22574, 23774, 23776, 24000, 23795, 23797, 23796, 24013, 24011, 24012, 23836, 23838, 23850, 23865, 23863, 23864, 23967, 24100, 24103, 23987, 23989, 24133, 24134, 24138, 24146, 24180, 24182, 4981, 4982, 4986, 4990, 4993, 4994, 7218, 7251, 7253, 7249, 7500, 7282, 7286, 7510, 7521, 7525, 7528, 7436, 7461, 7460, 7443, 7447, 7449, 7484, 7485, 7487, 5818, 5843, 5845, 5862, 5863, 5883, 5888, 8100, 8073, 8076, 8079, 8068, 8069, 8090, 8085, 8086, 8087, 5989, 5988, 8313, 8302, 8301, 8306, 5998, 5999]"
rr_all_0215,w_0215,grid_0_10,False,cluster_001,0.4,0.1,0.5,0.0,67.75483399594337,69.74554922694583,110,"[13722, 13724, 13499, 13497, 13496, 22637, 22636, 22660, 22655, 22656, 22674, 22673, 22672, 22646, 22680, 22648, 22735, 22737, 22736, 22743, 22744, 22742, 22585, 22587, 22582, 22569, 22800, 22801, 22559, 22591, 22593, 22575, 22574, 23774, 23776, 24000, 23795, 23797, 23796, 24013, 24011, 24012, 23836, 23838, 23850, 23865, 23863, 23864, 23967, 24100, 24103, 23987, 23989, 24133, 24134, 24138, 24146, 24180, 24182, 4981, 4982, 4986, 4990, 4993, 4994, 7218, 7251, 7253, 7249, 7500, 7282, 7286, 7510, 7521, 7525, 7528, 7436, 7461, 7460, 7443, 7447, 7449, 7484, 7485, 7487, 5818, 5843, 5845, 5862, 5863, 5883, 5885, 5884, 8034, 8035, 8033, 8044, 8047, 8061, 8057, 8056, 8081, 5986, 5988, 8310, 5979, 5978, 8303, 5998, 5999]"
rr_all_0216,w_0216,grid_0_10,False,cluster_001,0.4,0.2,0.0,0.4,66.92640687120098,61.3221750745842,110,"[13722, 13721, 13498, 13493, 13494, 22633, 22635, 22634, 22609, 22650, 22625, 22623, 22624, 22616, 22618, 22617, 22713, 22715, 22714, 22724, 22725, 22723, 22543, 22545, 22544, 22563, 22564, 22565, 22554, 22553, 22555, 23729, 23728, 23746, 23747, 23748, 23764, 23765, 23763, 23759, 23783, 23787, 23828, 23832, 23834, 23848, 23862, 23864, 23967, 24100, 24103, 23987, 23989, 24133, 24134, 24138, 24146, 24180, 24182, 4981, 4982, 4986, 4990, 4993, 4994, 7218, 7251, 7253, 7249, 7500, 7282, 7286, 7510, 7521, 7523, 7522, 7430, 7435, 7438, 7443, 7447, 7449, 7484, 7485, 7810, 5841, 5844, 5848, 5864, 5865, 5886, 8101, 8103, 8073, 8074, 8072, 8065, 8066, 8067, 8082, 8086, 8087, 5989, 8311, 8316, 8305, 8304, 8306, 5998, 5999]"
rr_all_0217,w_0217,grid_0_10,False,cluster_001,0.4,0.2,0.1,0.3,66.92640687119695,63.64664475263483,110,"[13722, 13721, 13498, 13493, 13494, 22633, 22635, 22634, 22609, 22650, 22625, 22623, 22624, 22616, 22618, 22617, 22716, 22718, 22717, 22727, 22728, 22726, 22546, 22548, 22549, 22569, 22800, 22801, 22559, 22591, 22590, 22572, 22573, 23770, 23749, 23771, 23764, 23765, 23763, 23782, 23783, 23787, 23828, 23832, 23834, 23848, 23862, 23864, 23967, 24100, 24103, 23987, 23989, 24133, 24134, 24138, 24146, 24180, 24182, 4981, 4982, 4986, 4990, 4993, 4994, 7218, 7251, 7253, 7249, 7500, 7282, 7286, 7510, 7298, 7523, 7522, 7430, 7435, 7438, 7443, 7447, 7449, 7484, 7485, 7810, 5841, 5844, 5848, 5864, 5865, 5886, 8101, 8103, 8075, 8200, 8079, 8068, 8069, 8090, 8085, 8086, 8087, 5989, 5988, 8313, 8302, 8301, 8306, 5998, 5999]"
rr_all_0218,w_0218,grid_0_10,False,cluster_001,0.4,0.2,0.2,0.2,67.34062043356936,65.84710153572696,110,"[13722, 13721, 13498, 13493, 13494, 22633, 22635, 22634, 22609, 22650, 22625, 22623, 22624, 22614, 22615, 22613, 22710, 22712, 22711, 22720, 22722, 22723, 22543, 22545, 22544, 22563, 22566, 22801, 22559, 22591, 22590, 22572, 22573, 23770, 23749, 23771, 23764, 23765, 23763, 23782, 23783, 23787, 23828, 23832, 23834, 23848, 23862, 23864, 23967, 24100, 24103, 23987, 23989, 24133, 24134, 24138, 24146, 24180, 24182, 4981, 4982, 4986, 4990, 4993, 4994, 7218, 7251, 7253, 7249, 7500, 7282, 7286, 7510, 7298, 7523, 7522, 7430, 7435, 7438, 7443, 7447, 7449, 7484, 7485, 7487, 5818, 5843, 5845, 5862, 5863, 5883, 5888, 8100, 8073, 8076, 8079, 8068, 8069, 8090, 8085, 8086, 8087, 5989, 5988, 8313, 8302, 8301, 8306, 5998, 5999]"
rr_all_0219,w_0219,grid_0_10,False,cluster_001,0.4,0.2,0.3,0.1,67.34062043357122,67.82375817841587,110,"[13722, 13721, 13498, 13493, 13494, 22633, 22635, 22634, 22609, 22650, 22625, 22623, 22624, 22614, 22615, 22613, 22710, 22712, 22711, 22720, 22722, 22723, 22543, 22545, 22544, 22563, 22566, 22801, 22559, 22591, 22593, 22575, 22574, 23774, 23776, 23777, 23791, 23769, 23790, 23785, 23786, 23787, 23828, 23832, 23834, 23848, 23862, 23864, 23967, 24100, 24103, 23987, 23989, 24133, 24134, 24138, 24146, 24180, 24182, 4981, 4982, 4986, 4990, 4993, 4994, 7218, 7251, 7253, 7249, 7500, 7282, 7286, 7510, 7298, 7523, 7522, 7430, 7435, 7438, 7443, 7447, 7449, 7484, 7485, 7487, 5818, 5843, 5845, 5862, 5863, 5883, 5888, 8100, 8073, 8076, 8079, 8068, 8069, 8090, 8085, 8086, 8087, 5989, 5988, 8313, 8302, 8301, 8306, 5998, 5999]"
rr_all_0220,w_0220,grid_0_10,False,cluster_001,0.4,0.2,0.4,0.0,68.16904755831469,69.02238876740583,110,"[13722, 13721, 13498, 13493, 13494, 22633, 22630, 22499, 22605, 22604, 22486, 22485, 22484, 22477, 22612, 22610, 22297, 22299, 22298, 22707, 22722, 22723, 22543, 22545, 22544, 22563, 22566, 22801, 22559, 22591, 22593, 22575, 22574, 23774, 23776, 23777, 23791, 23769, 23790, 23785, 23786, 23787, 23828, 23832, 23834, 23848, 23862, 23864, 23967, 24100, 24103, 23987, 23989, 24133, 24134, 24138, 24146, 24180, 24182, 4981, 4982, 4986, 4990, 4993, 4994, 7218, 7251, 7253, 7249, 7500, 7282, 7286, 7510, 7298, 7523, 7522, 7430, 7435, 7438, 7443, 7447, 7449, 7484, 7485, 7487, 5815, 5816, 5817, 5834, 5833, 5827, 5825, 5826, 5776, 5778, 8000, 8013, 8015, 8014, 8021, 8025, 8029, 5954, 5956, 5981, 5973, 5975, 8300, 5996, 5999]"
rr_all_0221,w_0221,grid_0_10,False,cluster_001,0.4,0.3,0.0,0.3,66.92640687119979,62.11924635001432,110,"[13722, 13721, 13498, 13493, 13494, 22633, 22635, 22634, 22609, 22650, 22625, 22623, 22624, 22616, 22618, 22617, 22713, 22715, 22714, 22724, 22725, 22723, 22543, 22545, 22544, 22563, 22564, 22565, 22554, 22553, 22555, 23729, 23728, 23746, 23747, 23748, 23764, 23765, 23763, 23759, 23783, 23787, 23828, 23832, 23834, 23848, 23862, 23864, 23967, 24100, 24103, 23987, 23989, 24133, 24134, 24138, 24146, 24180, 24182, 4981, 4982, 4986, 4990, 4993, 4994, 7218, 7251, 7253, 7249, 7500, 7282, 7286, 7510, 7521, 7523, 7522, 7430, 7435, 7433, 7427, 7428, 7429, 7451, 7453, 7458, 5599, 5813, 5817, 5836, 5837, 5855, 5859, 5881, 8034, 8038, 8071, 8062, 8066, 8067, 8082, 8086, 8087, 5989, 8311, 8316, 8305, 8304, 8306, 5998, 5999]"
rr_all_0222,w_0222,grid_0_10,False,cluster_001,0.4,0.3,0.1,0.2,67.34062043356631,64.57628488330015,110,"[13722, 13721, 13498, 13493, 13494, 22633, 22635, 22634, 22609, 22650, 22625, 22623, 22624, 22614, 22615, 22613, 22710, 22712, 22711, 22720, 22722, 22723, 22543, 22545, 22544, 22563, 22566, 22801, 22559, 22591, 22590, 22572, 22573, 23770, 23749, 23771, 23764, 23765, 23763, 23782, 23783, 23787, 23828, 23832, 23834, 23848, 23862, 23864, 23967, 24100, 24103, 23987, 23989, 24133, 24134, 24138, 24146, 24180, 24182, 4981, 4982, 4986, 4990, 4993, 4994, 7218, 7251, 7253, 7249, 7500, 7282, 7286, 7510, 7298, 7523, 7522, 7430, 7435, 7433, 7427, 7428, 7429, 7451, 7453, 7458, 5599, 5813, 5817, 5836, 5837, 5855, 5859, 5881, 8034, 8038, 8071, 8062, 8066, 8067, 8082, 8083, 8087, 5989, 5988, 8313, 8302, 8301, 8306, 5998, 5999]"
rr_all_0223,w_0223,grid_0_10,False,cluster_001,0.4,0.3,0.2,0.1,67.3406204335684,66.53536438930412,110,"[13722, 13721, 13498, 13493, 13494, 22633, 22635, 22634, 22609, 22650, 22625, 22623, 22624, 22614, 22615, 22613, 22710, 22712, 22711, 22720, 22722, 22723, 22543, 22545, 22544, 22563, 22566, 22801, 22559, 22591, 22593, 22575, 22574, 23774, 23776, 23777, 23791, 23769, 23790, 23785, 23786, 23787, 23828, 23832, 23834, 23848, 23862, 23864, 23967, 24100, 24103, 23987, 23989, 24133, 24134, 24138, 24146, 24180, 24182, 4981, 4982, 4986, 4990, 4993, 4994, 7218, 7251, 7253, 7249, 7500, 7282, 7286, 7510, 7298, 7523, 7522, 7430, 7435, 7438, 7443, 7444, 7445, 7455, 7453, 7458, 5599, 5813, 5817, 5834, 5833, 5827, 5825, 5826, 5776, 5778, 8000, 8013, 8015, 8014, 8021, 8025, 8029, 5954, 5956, 5981, 5973, 5975, 8300, 5996, 5999]"
rr_all_0224,w_0224,grid_0_10,False,cluster_001,0.4,0.3,0.3,0.0,69.04772721475398,67.47650092459983,113,"[13722, 13721, 13498, 13493, 13494, 22633, 22630, 22499, 22605, 22604, 22486, 22485, 22484, 22477, 22612, 22610, 22297, 22299, 22298, 22707, 22722, 22723, 22543, 22545, 22544, 22563, 22566, 22801, 22559, 22591, 22593, 22575, 22574, 23774, 23776, 23777, 23791, 23769, 23790, 23785, 23786, 23787, 23825, 23826, 23830, 23843, 23844, 23846, 23927, 23960, 23965, 23980, 23981, 23992, 23997, 23999, 24117, 24141, 24144, 24145, 4954, 4956, 4959, 4984, 4977, 4979, 4993, 4994, 7218, 7251, 7253, 7249, 7500, 7282, 7286, 7510, 7298, 7523, 7522, 7430, 7435, 7438, 7443, 7444, 7445, 7455, 7453, 7458, 5599, 5813, 5817, 5834, 5833, 5827, 5825, 5826, 5776, 5778, 8000, 8013, 8015, 8014, 8021, 8025, 8029, 5954, 5956, 5981, 5973, 5975, 8300, 5996, 5999]"
rr_all_0225,w_0225,grid_0_10,False,cluster_001,0.4,0.4,0.0,0.2,68.21930009001176,62.31636073766369,113,"[13722, 13721, 13498, 13493, 13494, 22633, 22635, 22634, 22609, 22650, 22625, 22623, 22624, 22614, 22615, 22613, 22710, 22712, 22711, 22720, 22722, 22721, 22543, 22545, 22544, 22563, 22564, 22565, 22554, 22553, 22555, 23729, 23728, 23746, 23747, 23748, 23764, 23765, 23763, 23759, 23780, 23781, 23824, 23826, 23830, 23840, 23841, 23846, 23927, 23960, 23965, 23980, 23981, 23992, 23997, 23999, 24117, 24140, 24144, 24147, 24180, 24182, 4981, 4982, 4986, 4990, 4993, 4994, 7218, 7251, 7253, 7249, 7500, 7282, 7286, 7510, 7521, 7523, 7522, 7430, 7435, 7433, 7427, 7428, 7429, 7451, 7453, 7458, 5599, 5813, 5817, 5836, 5837, 5855, 5859, 5881, 8034, 8038, 8071, 8062, 8066, 8067, 8082, 8083, 8087, 5989, 8311, 8316, 8305, 8304, 8306, 5998, 5999]"
rr_all_0226,w_0226,grid_0_10,False,cluster_001,0.4,0.4,0.1,0.1,68.6335136523766,64.2838172820378,113,"[13722, 13721, 13498, 13493, 13494, 22633, 22635, 22634, 22609, 22650, 22622, 22488, 22487, 22614, 22615, 22613, 22710, 22712, 22711, 22720, 22722, 22723, 22543, 22545, 22544, 22563, 22566, 22801, 22559, 22591, 22590, 22572, 22573, 23770, 23749, 23771, 23764, 23765, 23763, 23782, 23783, 23787, 23825, 23826, 23830, 23843, 23844, 23846, 23927, 23960, 23965, 23980, 23981, 23992, 23997, 23999, 24117, 24141, 24144, 24145, 4954, 4956, 4959, 4984, 4977, 4979, 4993, 4994, 7218, 7251, 7253, 7249, 7500, 7282, 7286, 7510, 7298, 7523, 7522, 7430, 7435, 7433, 7427, 7428, 7429, 7451, 7453, 7458, 5599, 5813, 5817, 5834, 5833, 5827, 5825, 5826, 5776, 5778, 8000, 8013, 8015, 8014, 8021, 8025, 8029, 5954, 5956, 5981, 5973, 5975, 8300, 5996, 5999]"
rr_all_0227,w_0227,grid_0_10,False,cluster_001,0.4,0.4,0.2,0.0,69.46194077712575,65.14233856716311,113,"[13722, 13721, 13498, 13493, 13494, 22632, 22497, 22494, 22602, 22601, 22483, 22482, 22481, 22475, 22476, 22478, 22296, 22295, 22294, 22707, 22722, 22723, 22543, 22545, 22544, 22563, 22566, 22801, 22559, 22591, 22593, 22575, 22574, 23774, 23776, 23777, 23791, 23769, 23790, 23785, 23786, 23787, 23825, 23826, 23830, 23843, 23844, 23846, 23927, 23960, 23965, 23980, 23981, 23992, 23997, 23999, 24117, 24141, 24144, 24145, 4954, 4956, 4959, 4984, 4977, 4979, 4993, 4994, 7218, 7251, 7253, 7249, 7500, 7282, 7286, 7510, 7298, 7523, 7522, 7430, 7435, 7438, 7443, 7444, 7445, 7455, 7453, 7458, 5599, 5813, 5817, 5834, 5833, 5827, 5825, 5826, 5776, 5778, 8000, 8013, 8015, 8014, 8021, 8025, 8029, 5954, 5956, 5981, 5973, 5975, 8300, 5996, 5999]"
rr_all_0228,w_0228,grid_0_10,False,cluster_001,0.4,0.5,0.0,0.1,69.04772721475621,61.6349633699195,113,"[13722, 13721, 13498, 13493, 13494, 22633, 22635, 22634, 22607, 22606, 22486, 22488, 22487, 22614, 22615, 22613, 22710, 22712, 22711, 22720, 22722, 22721, 22543, 22545, 22544, 22563, 22564, 22565, 22554, 22553, 22555, 23729, 23728, 23746, 23747, 23748, 23764, 23765, 23763, 23759, 23780, 23781, 23824, 23826, 23830, 23840, 23841, 23846, 23927, 23960, 23965, 23980, 23981, 23992, 23997, 23999, 24117, 24140, 24144, 24147, 24180, 24182, 4981, 4982, 4986, 4990, 4993, 4994, 7218, 7251, 7253, 7249, 7500, 7282, 7286, 7510, 7521, 7523, 7522, 7430, 7435, 7433, 7427, 7428, 7429, 5579, 7452, 7454, 5596, 5810, 5814, 5834, 5833, 5827, 5825, 5826, 5776, 5778, 8002, 8016, 8015, 8014, 8021, 8025, 8029, 5954, 5956, 5981, 5973, 5975, 8300, 5996, 5999]"
rr_all_0229,w_0229,grid_0_10,False,cluster_001,0.4,0.5,0.1,0.0,69.75483399594002,62.648955141427074,114,"[13722, 13721, 13498, 13493, 13494, 22632, 22497, 22494, 22602, 22601, 22483, 22482, 22481, 22475, 22476, 22478, 22296, 22295, 22294, 22707, 22722, 22723, 22543, 22545, 22544, 22563, 22566, 22801, 22559, 22591, 22593, 22575, 22574, 23774, 23776, 23777, 23791, 23769, 23790, 23785, 23786, 23787, 23825, 23826, 23830, 23843, 23844, 23846, 23927, 23960, 23965, 23980, 23981, 23992, 23997, 23999, 24117, 24141, 24144, 24145, 4954, 4956, 4959, 4984, 4977, 4979, 4993, 4994, 7218, 7251, 7253, 7249, 7500, 7282, 7286, 7510, 7298, 7523, 7522, 7430, 7435, 7433, 7427, 7428, 7429, 5579, 7452, 7454, 5596, 5810, 5811, 5832, 5833, 5827, 5825, 5826, 5776, 5778, 8000, 8010, 5789, 5788, 5798, 8022, 8026, 5951, 5953, 5958, 5970, 5972, 5977, 5994, 5996, 5999]"
rr_all_0230,w_0230,grid_0_10,False,cluster_001,0.4,0.6,0.0,0.0,69.75483399592655,59.94617142363828,114,"[13722, 13721, 13498, 13493, 13494, 22632, 22497, 22494, 22603, 22601, 22486, 22485, 22484, 22477, 22479, 22478, 22296, 22299, 22298, 22707, 22709, 22721, 22543, 22545, 22544, 22563, 22564, 22565, 22558, 22556, 22590, 22572, 22573, 23770, 23749, 23771, 23764, 23765, 23763, 23759, 23780, 23781, 23821, 23822, 23827, 23840, 23841, 23846, 23927, 23960, 23965, 23980, 23981, 23992, 23997, 23999, 24117, 24140, 24142, 24147, 24149, 24182, 4981, 4982, 4986, 4990, 4993, 4994, 7218, 7251, 7253, 7249, 7500, 7282, 7286, 7510, 7298, 7523, 7522, 7419, 7431, 7432, 7426, 7428, 7429, 5579, 7452, 7454, 5596, 5810, 5811, 5830, 5589, 5822, 5824, 5823, 5772, 5777, 8000, 8010, 8012, 8014, 8021, 8022, 8026, 5951, 5953, 5958, 5970, 5972, 5977, 5994, 5997, 5999]"
rr_all_0231,w_0231,grid_0_10,False,cluster_004,0.5,0.0,0.0,0.5,65.68376618407018,61.59016731127375,110,"[13722, 13727, 13718, 13742, 13746, 22697, 22932, 22934, 22961, 22964, 22972, 22975, 25200, 22994, 22998, 25132, 25142, 25145, 25146, 25170, 25173, 25172, 25322, 25323, 25324, 25313, 25314, 25312, 25095, 25094, 25302, 25303, 25304, 24253, 24257, 24258, 24276, 24500, 24501, 24522, 24524, 24526, 24389, 24393, 24397, 24708, 24722, 24726, 24662, 24664, 24690, 24694, 24695, 24687, 24686, 24921, 24907, 24909, 24908, 7635, 7660, 7638, 7651, 7652, 7653, 7672, 7675, 7674, 7713, 7712, 7720, 7724, 7728, 7740, 7742, 7747, 7882, 7884, 7886, 7890, 7868, 7869, 7879, 7878, 27000, 8120, 5898, 5899, 8115, 8116, 8131, 8136, 8135, 8204, 8206, 8205, 8094, 8095, 8096, 8211, 8212, 8213, 8314, 8315, 8316, 8305, 8304, 8306, 5998, 5999]"
rr_all_0232,w_0232,grid_0_10,False,cluster_003,0.5,0.0,0.1,0.4,65.68376618407687,64.18993901833676,110,"[13722, 13727, 13718, 13742, 13746, 22697, 22932, 22934, 22961, 22964, 22972, 22975, 25200, 22994, 22998, 25132, 25142, 25145, 25146, 25170, 25173, 25175, 25329, 25352, 25355, 25349, 25391, 25392, 25366, 25368, 25383, 25385, 25387, 24517, 24541, 24540, 24537, 24539, 24563, 24581, 24582, 24583, 24715, 24718, 24732, 24741, 24742, 24740, 24666, 24665, 24693, 24697, 24698, 24689, 24920, 24921, 24907, 24932, 24934, 7662, 7663, 7664, 7659, 7682, 7683, 7694, 7695, 7693, 7717, 7716, 7723, 7724, 7725, 7736, 7739, 7744, 7858, 7859, 7883, 7867, 7866, 7865, 7875, 7876, 27000, 8120, 5898, 5899, 8115, 8116, 8108, 8130, 8109, 8078, 8200, 8079, 8068, 8069, 8090, 8085, 8086, 8087, 5989, 5988, 8313, 8302, 8301, 8306, 5998, 5999]"
rr_all_0233,w_0233,grid_0_10,False,cluster_003,0.5,0.0,0.2,0.3,65.68376618407576,66.58885503292034,110,"[13722, 13727, 13718, 13742, 13746, 22697, 22932, 22934, 22961, 22964, 22972, 22975, 25200, 22994, 22998, 25132, 25142, 25145, 25146, 25170, 25173, 25175, 25329, 25352, 25355, 25349, 25391, 25392, 25366, 25368, 25383, 25385, 25387, 24517, 24541, 24540, 24537, 24539, 24563, 24581, 24582, 24583, 24715, 24718, 24732, 24741, 24742, 24740, 24666, 24665, 24693, 24697, 24698, 24689, 24920, 24921, 24907, 24932, 24934, 7662, 7663, 7664, 7659, 7682, 7683, 7694, 7695, 7693, 7717, 7716, 7723, 7724, 7725, 7736, 7739, 7744, 7858, 7859, 7883, 7867, 7866, 7865, 7875, 7876, 7877, 5896, 5898, 5899, 8115, 8116, 8108, 8130, 8109, 8078, 8200, 8079, 8068, 8069, 8090, 8085, 8086, 8087, 5989, 5988, 8313, 8302, 8301, 8306, 5998, 5999]"
rr_all_0234,w_0234,grid_0_10,False,cluster_003,0.5,0.0,0.3,0.2,65.68376618407687,68.68558686229366,110,"[13722, 13727, 13718, 13742, 13746, 22697, 22932, 22934, 22961, 22964, 22972, 22975, 25200, 22994, 22998, 25132, 25142, 25145, 25146, 25170, 25173, 25175, 25329, 25352, 25355, 25349, 25391, 25392, 25366, 25368, 25383, 25385, 25387, 24517, 24541, 24540, 24537, 24539, 24563, 24581, 24582, 24583, 24715, 24718, 24732, 24741, 24742, 24740, 24666, 24665, 24693, 24697, 24698, 24689, 24920, 24921, 24907, 24932, 24934, 7662, 7663, 7664, 7659, 7682, 7683, 7694, 7695, 7693, 7717, 7716, 7723, 7724, 7725, 7736, 7739, 7744, 7858, 7859, 7883, 7867, 7866, 7865, 7875, 7876, 7877, 5896, 5895, 5897, 8113, 8114, 8105, 8107, 8106, 8075, 8200, 8079, 8068, 8069, 8090, 8085, 8086, 8087, 5989, 5988, 8313, 8302, 8301, 8306, 5998, 5999]"
rr_all_0235,w_0235,grid_0_10,False,cluster_003,0.5,0.0,0.4,0.1,65.68376618407783,70.75167321542278,110,"[13722, 13727, 13715, 13716, 13719, 22691, 22695, 22699, 22915, 22916, 22908, 22909, 22907, 22920, 22925, 22923, 22782, 22785, 22787, 22790, 22793, 22797, 22899, 25031, 25033, 25026, 25029, 25080, 25056, 25059, 25076, 25301, 25304, 24256, 24259, 24281, 24279, 24503, 24505, 24522, 24521, 24523, 24388, 24390, 24394, 24706, 24720, 24723, 24662, 24664, 24690, 24694, 24695, 24687, 24920, 24921, 24907, 24932, 24934, 7662, 7663, 7664, 7659, 7682, 7683, 7694, 7695, 7693, 7717, 7716, 7723, 7724, 7725, 7736, 7739, 7744, 7858, 7859, 7883, 7867, 7866, 7865, 7875, 7876, 7877, 5896, 5895, 5897, 8113, 8114, 8105, 8107, 8106, 8075, 8200, 8079, 8068, 8069, 8090, 8085, 8086, 8087, 5989, 5988, 8313, 8302, 8301, 8306, 5998, 5999]"
rr_all_0236,w_0236,grid_0_10,False,cluster_001,0.5,0.0,0.5,0.0,66.09797974644857,72.1340613421271,110,"[13722, 13727, 13715, 13713, 13714, 22662, 22663, 22664, 22655, 22656, 22674, 22673, 22672, 22646, 22680, 22648, 22735, 22737, 22736, 22745, 22747, 22746, 22585, 22587, 22586, 22808, 22821, 22824, 22842, 22843, 22838, 22860, 22865, 24036, 24070, 24074, 24081, 24083, 24085, 24095, 24097, 24099, 24320, 24324, 24328, 24330, 24332, 24335, 24417, 24419, 24434, 24439, 24471, 24480, 24482, 24481, 24490, 24468, 24469, 7328, 7329, 7353, 7336, 7338, 7363, 7374, 7377, 7611, 7537, 7536, 7546, 7548, 7547, 7571, 7559, 7570, 7466, 7467, 7465, 7470, 7471, 7449, 7484, 7485, 7487, 5818, 5843, 5845, 5862, 5863, 5883, 5885, 5884, 8034, 8035, 8033, 8044, 8047, 8061, 8057, 8056, 8081, 5986, 5988, 8310, 5979, 5978, 8303, 5998, 5999]"
rr_all_0237,w_0237,grid_0_10,False,cluster_001,0.5,0.1,0.0,0.4,66.51219330882779,65.93169479032754,110,"[13722, 13721, 13498, 13497, 13496, 22637, 22636, 22638, 22651, 22652, 22628, 22627, 22626, 22640, 22641, 22619, 22716, 22718, 22717, 22727, 22728, 22726, 22546, 22548, 22547, 22568, 22566, 22567, 22558, 22556, 22557, 22571, 22570, 23746, 23747, 23748, 23764, 23765, 23763, 23782, 23786, 23789, 23833, 23835, 23837, 23860, 23863, 23868, 23969, 24104, 23986, 24120, 24121, 24136, 24137, 24160, 24148, 24183, 24185, 4983, 4987, 7300, 4992, 4996, 4997, 7250, 7255, 7258, 7501, 7502, 7285, 7289, 7513, 7524, 7529, 7551, 7439, 7464, 7465, 7472, 7477, 7479, 7811, 7814, 7819, 5871, 5873, 5878, 5869, 8112, 8105, 8107, 8106, 8075, 8076, 8077, 8065, 8066, 8067, 8082, 8086, 8087, 5989, 8311, 8316, 8305, 8304, 8306, 5998, 5999]"
rr_all_0238,w_0238,grid_0_10,False,cluster_001,0.5,0.1,0.1,0.3,66.92640687119695,68.29913399201298,110,"[13722, 13721, 13498, 13493, 13494, 22633, 22635, 22634, 22609, 22650, 22625, 22623, 22624, 22616, 22618, 22617, 22716, 22718, 22717, 22727, 22728, 22726, 22546, 22548, 22549, 22569, 22800, 22801, 22559, 22591, 22590, 22572, 22573, 23770, 23749, 23771, 23764, 23765, 23763, 23782, 23783, 23787, 23828, 23832, 23834, 23848, 23862, 23864, 23967, 24100, 24103, 23987, 23989, 24133, 24134, 24138, 24146, 24180, 24182, 4981, 4982, 4986, 4990, 4993, 4994, 7218, 7251, 7253, 7249, 7500, 7282, 7286, 7510, 7298, 7523, 7522, 7430, 7435, 7438, 7443, 7447, 7449, 7484, 7485, 7810, 5841, 5844, 5848, 5864, 5865, 5886, 8101, 8103, 8075, 8200, 8079, 8068, 8069, 8090, 8085, 8086, 8087, 5989, 5988, 8313, 8302, 8301, 8306, 5998, 5999]"
rr_all_0239,w_0239,grid_0_10,False,cluster_001,0.5,0.1,0.2,0.2,66.92640687119693,70.51043222858486,110,"[13722, 13721, 13498, 13493, 13494, 22633, 22635, 22634, 22609, 22650, 22625, 22623, 22624, 22616, 22618, 22617, 22716, 22718, 22717, 22727, 22728, 22726, 22546, 22548, 22549, 22569, 22800, 22801, 22559, 22591, 22590, 22572, 22573, 23770, 23749, 23771, 23764, 23765, 23763, 23782, 23783, 23787, 23828, 23832, 23834, 23848, 23862, 23864, 23967, 24100, 24103, 23987, 23989, 24133, 24134, 24138, 24146, 24180, 24182, 4981, 4982, 4986, 4990, 4993, 4994, 7218, 7251, 7253, 7249, 7500, 7282, 7286, 7510, 7298, 7523, 7522, 7430, 7435, 7438, 7443, 7447, 7449, 7484, 7485, 7487, 5818, 5843, 5845, 5862, 5863, 5883, 5888, 8100, 8073, 8076, 8079, 8068, 8069, 8090, 8085, 8086, 8087, 5989, 5988, 8313, 8302, 8301, 8306, 5998, 5999]"
rr_all_0240,w_0240,grid_0_10,False,cluster_001,0.5,0.1,0.3,0.1,66.9264068711988,72.54551388969362,110,"[13722, 13721, 13498, 13493, 13494, 22633, 22635, 22634, 22609, 22650, 22625, 22623, 22624, 22616, 22618, 22617, 22716, 22718, 22717, 22727, 22728, 22726, 22546, 22548, 22549, 22569, 22800, 22801, 22559, 22591, 22593, 22575, 22574, 23774, 23776, 23777, 23791, 23769, 23790, 23785, 23786, 23787, 23828, 23832, 23834, 23848, 23862, 23864, 23967, 24100, 24103, 23987, 23989, 24133, 24134, 24138, 24146, 24180, 24182, 4981, 4982, 4986, 4990, 4993, 4994, 7218, 7251, 7253, 7249, 7500, 7282, 7286, 7510, 7298, 7523, 7522, 7430, 7435, 7438, 7443, 7447, 7449, 7484, 7485, 7487, 5818, 5843, 5845, 5862, 5863, 5883, 5888, 8100, 8073, 8076, 8079, 8068, 8069, 8090, 8085, 8086, 8087, 5989, 5988, 8313, 8302, 8301, 8306, 5998, 5999]"
rr_all_0241,w_0241,grid_0_10,False,cluster_001,0.5,0.1,0.4,0.0,67.34062043356862,74.00917229048594,110,"[13722, 13721, 13498, 13493, 13494, 22633, 22635, 22634, 22609, 22650, 22625, 22623, 22624, 22614, 22615, 22613, 22710, 22712, 22711, 22720, 22722, 22723, 22543, 22545, 22544, 22563, 22566, 22801, 22559, 22591, 22593, 22575, 22574, 23774, 23776, 24000, 23795, 23797, 23796, 24013, 24011, 24012, 23836, 23838, 23850, 23865, 23863, 23864, 23967, 24100, 24103, 23987, 23989, 24133, 24134, 24138, 24146, 24180, 24182, 4981, 4982, 4986, 4990, 4993, 4994, 7218, 7251, 7253, 7249, 7500, 7282, 7286, 7510, 7521, 7525, 7528, 7436, 7461, 7460, 7443, 7447, 7449, 7484, 7485, 7487, 5818, 5843, 5845, 5862, 5863, 5883, 5885, 5884, 8034, 8035, 8033, 8044, 8047, 8061, 8057, 8056, 8081, 5986, 5988, 8310, 5979, 5978, 8303, 5998, 5999]"
rr_all_0242,w_0242,grid_0_10,False,cluster_001,0.5,0.2,0.0,0.3,66.92640687119979,67.29755650466156,110,"[13722, 13721, 13498, 13493, 13494, 22633, 22635, 22634, 22609, 22650, 22625, 22623, 22624, 22616, 22618, 22617, 22713, 22715, 22714, 22724, 22725, 22723, 22543, 22545, 22544, 22563, 22564, 22565, 22554, 22553, 22555, 23729, 23728, 23746, 23747, 23748, 23764, 23765, 23763, 23759, 23783, 23787, 23828, 23832, 23834, 23848, 23862, 23864, 23967, 24100, 24103, 23987, 23989, 24133, 24134, 24138, 24146, 24180, 24182, 4981, 4982, 4986, 4990, 4993, 4994, 7218, 7251, 7253, 7249, 7500, 7282, 7286, 7510, 7521, 7523, 7522, 7430, 7435, 7433, 7427, 7428, 7429, 7451, 7453, 7458, 5599, 5813, 5817, 5836, 5837, 5855, 5859, 5881, 8034, 8038, 8071, 8062, 8066, 8067, 8082, 8086, 8087, 5989, 8311, 8316, 8305, 8304, 8306, 5998, 5999]"
rr_all_0243,w_0243,grid_0_10,False,cluster_001,0.5,0.2,0.1,0.2,66.92640687119695,69.62506482117729,110,"[13722, 13721, 13498, 13493, 13494, 22633, 22635, 22634, 22609, 22650, 22625, 22623, 22624, 22616, 22618, 22617, 22716, 22718, 22717, 22727, 22728, 22726, 22546, 22548, 22549, 22569, 22800, 22801, 22559, 22591, 22590, 22572, 22573, 23770, 23749, 23771, 23764, 23765, 23763, 23782, 23783, 23787, 23828, 23832, 23834, 23848, 23862, 23864, 23967, 24100, 24103, 23987, 23989, 24133, 24134, 24138, 24146, 24180, 24182, 4981, 4982, 4986, 4990, 4993, 4994, 7218, 7251, 7253, 7249, 7500, 7282, 7286, 7510, 7298, 7523, 7522, 7430, 7435, 7438, 7443, 7447, 7449, 7484, 7485, 7810, 5841, 5844, 5848, 5864, 5865, 5886, 8101, 8103, 8075, 8200, 8079, 8068, 8069, 8090, 8085, 8086, 8087, 5989, 5988, 8313, 8302, 8301, 8306, 5998, 5999]"
rr_all_0244,w_0244,grid_0_10,False,cluster_001,0.5,0.2,0.2,0.1,66.9264068711988,71.75838732478599,110,"[13722, 13721, 13498, 13493, 13494, 22633, 22635, 22634, 22609, 22650, 22625, 22623, 22624, 22616, 22618, 22617, 22716, 22718, 22717, 22727, 22728, 22726, 22546, 22548, 22549, 22569, 22800, 22801, 22559, 22591, 22593, 22575, 22574, 23774, 23776, 23777, 23791, 23769, 23790, 23785, 23786, 23787, 23828, 23832, 23834, 23848, 23862, 23864, 23967, 24100, 24103, 23987, 23989, 24133, 24134, 24138, 24146, 24180, 24182, 4981, 4982, 4986, 4990, 4993, 4994, 7218, 7251, 7253, 7249, 7500, 7282, 7286, 7510, 7298, 7523, 7522, 7430, 7435, 7438, 7443, 7447, 7449, 7484, 7485, 7487, 5818, 5843, 5845, 5862, 5863, 5883, 5888, 8100, 8073, 8076, 8079, 8068, 8069, 8090, 8085, 8086, 8087, 5989, 5988, 8313, 8302, 8301, 8306, 5998, 5999]"
rr_all_0245,w_0245,grid_0_10,False,cluster_001,0.5,0.2,0.3,0.0,67.34062043356906,73.05191188206354,110,"[13722, 13721, 13498, 13493, 13494, 22633, 22635, 22634, 22609, 22650, 22625, 22623, 22624, 22614, 22615, 22613, 22710, 22712, 22711, 22720, 22722, 22723, 22543, 22545, 22544, 22563, 22566, 22801, 22559, 22591, 22593, 22575, 22574, 23774, 23776, 23777, 23791, 23769, 23790, 23785, 23786, 23787, 23828, 23832, 23834, 23848, 23862, 23864, 23967, 24100, 24103, 23987, 23989, 24133, 24134, 24138, 24146, 24180, 24182, 4981, 4982, 4986, 4990, 4993, 4994, 7218, 7251, 7253, 7249, 7500, 7282, 7286, 7510, 7298, 7523, 7522, 7430, 7435, 7438, 7443, 7447, 7449, 7484, 7485, 7487, 5815, 5816, 5817, 5834, 5833, 5827, 5825, 5826, 5776, 5778, 8000, 8013, 8015, 8014, 8021, 8025, 8029, 5954, 5956, 5981, 5973, 5975, 8300, 5996, 5999]"
rr_all_0246,w_0246,grid_0_10,False,cluster_001,0.5,0.3,0.0,0.2,66.92640687119804,67.77136766717518,110,"[13722, 13721, 13498, 13493, 13494, 22633, 22635, 22634, 22609, 22650, 22625, 22623, 22624, 22616, 22618, 22617, 22713, 22715, 22714, 22724, 22725, 22723, 22543, 22545, 22544, 22563, 22564, 22565, 22554, 22553, 22555, 23729, 23728, 23746, 23747, 23748, 23764, 23765, 23763, 23759, 23783, 23787, 23828, 23832, 23834, 23848, 23862, 23864, 23967, 24100, 24103, 23987, 23989, 24133, 24134, 24138, 24146, 24180, 24182, 4981, 4982, 4986, 4990, 4993, 4994, 7218, 7251, 7253, 7249, 7500, 7282, 7286, 7510, 7521, 7523, 7522, 7430, 7435, 7433, 7427, 7428, 7429, 7451, 7453, 7458, 5599, 5813, 5817, 5836, 5837, 5855, 5859, 5881, 8034, 8038, 8071, 8062, 8066, 8067, 8082, 8083, 8087, 5989, 8311, 8316, 8305, 8304, 8306, 5998, 5999]"
rr_all_0247,w_0247,grid_0_10,False,cluster_001,0.5,0.3,0.1,0.1,66.92640687119301,70.13284264871602,110,"[13722, 13721, 13498, 13493, 13494, 22633, 22635, 22634, 22609, 22650, 22625, 22623, 22624, 22616, 22618, 22617, 22716, 22718, 22717, 22727, 22728, 22726, 22546, 22548, 22549, 22569, 22800, 22801, 22559, 22591, 22590, 22572, 22573, 23770, 23749, 23771, 23764, 23765, 23763, 23782, 23783, 23787, 23828, 23832, 23834, 23848, 23862, 23864, 23967, 24100, 24103, 23987, 23989, 24133, 24134, 24138, 24146, 24180, 24182, 4981, 4982, 4986, 4990, 4993, 4994, 7218, 7251, 7253, 7249, 7500, 7282, 7286, 7510, 7298, 7523, 7522, 7430, 7435, 7433, 7427, 7428, 7429, 7451, 7453, 7458, 5599, 5813, 5817, 5834, 5833, 5827, 5825, 5826, 5776, 5778, 8000, 8013, 8015, 8014, 8021, 8025, 8029, 5954, 5956, 5981, 5973, 5975, 8300, 5996, 5999]"
rr_all_0248,w_0248,grid_0_10,False,cluster_001,0.5,0.3,0.2,0.0,68.16904755831403,71.34298628848939,110,"[13722, 13721, 13498, 13493, 13494, 22633, 22630, 22499, 22605, 22604, 22486, 22485, 22484, 22477, 22612, 22610, 22297, 22299, 22298, 22707, 22722, 22723, 22543, 22545, 22544, 22563, 22566, 22801, 22559, 22591, 22593, 22575, 22574, 23774, 23776, 23777, 23791, 23769, 23790, 23785, 23786, 23787, 23828, 23832, 23834, 23848, 23862, 23864, 23967, 24100, 24103, 23987, 23989, 24133, 24134, 24138, 24146, 24180, 24182, 4981, 4982, 4986, 4990, 4993, 4994, 7218, 7251, 7253, 7249, 7500, 7282, 7286, 7510, 7298, 7523, 7522, 7430, 7435, 7438, 7443, 7444, 7445, 7455, 7453, 7458, 5599, 5813, 5817, 5834, 5833, 5827, 5825, 5826, 5776, 5778, 8000, 8013, 8015, 8014, 8021, 8025, 8029, 5954, 5956, 5981, 5973, 5975, 8300, 5996, 5999]"
rr_all_0249,w_0249,grid_0_10,False,cluster_001,0.5,0.4,0.0,0.1,68.6335136523831,67.77400555268568,113,"[13722, 13721, 13498, 13493, 13494, 22633, 22635, 22634, 22609, 22650, 22622, 22488, 22487, 22614, 22615, 22613, 22710, 22712, 22711, 22720, 22722, 22721, 22543, 22545, 22544, 22563, 22564, 22565, 22554, 22553, 22555, 23729, 23728, 23746, 23747, 23748, 23764, 23765, 23763, 23759, 23780, 23781, 23824, 23826, 23830, 23840, 23841, 23846, 23927, 23960, 23965, 23980, 23981, 23992, 23997, 23999, 24117, 24140, 24144, 24147, 24180, 24182, 4981, 4982, 4986, 4990, 4993, 4994, 7218, 7251, 7253, 7249, 7500, 7282, 7286, 7510, 7521, 7523, 7522, 7430, 7435, 7433, 7427, 7428, 7429, 5579, 7452, 7454, 5596, 5810, 5814, 5834, 5833, 5827, 5825, 5826, 5776, 5778, 8002, 8016, 8015, 8014, 8021, 8025, 8029, 5954, 5956, 5981, 5973, 5975, 8300, 5996, 5999]"
rr_all_0250,w_0250,grid_0_10,False,cluster_001,0.5,0.4,0.1,0.0,69.04772721475288,68.99126834437341,113,"[13722, 13721, 13498, 13493, 13494, 22633, 22630, 22499, 22605, 22604, 22486, 22485, 22484, 22477, 22612, 22610, 22297, 22299, 22298, 22707, 22722, 22723, 22543, 22545, 22544, 22563, 22566, 22801, 22559, 22591, 22593, 22575, 22574, 23774, 23776, 23777, 23791, 23769, 23790, 23785, 23786, 23787, 23825, 23826, 23830, 23843, 23844, 23846, 23927, 23960, 23965, 23980, 23981, 23992, 23997, 23999, 24117, 24141, 24144, 24145, 4954, 4956, 4959, 4984, 4977, 4979, 4993, 4994, 7218, 7251, 7253, 7249, 7500, 7282, 7286, 7510, 7298, 7523, 7522, 7430, 7435, 7433, 7427, 7428, 7429, 7451, 7453, 7458, 5599, 5813, 5817, 5834, 5833, 5827, 5825, 5826, 5776, 5778, 8000, 8013, 8015, 8014, 8021, 8025, 8029, 5954, 5956, 5981, 5973, 5975, 8300, 5996, 5999]"
rr_all_0251,w_0251,grid_0_10,False,cluster_001,0.5,0.5,0.0,0.0,69.75483399592655,66.39651489926325,114,"[13722, 13721, 13498, 13493, 13494, 22632, 22497, 22494, 22603, 22601, 22486, 22485, 22484, 22477, 22479, 22478, 22296, 22299, 22298, 22707, 22709, 22721, 22543, 22545, 22544, 22563, 22564, 22565, 22558, 22556, 22590, 22572, 22573, 23770, 23749, 23771, 23764, 23765, 23763, 23759, 23780, 23781, 23821, 23822, 23827, 23840, 23841, 23846, 23927, 23960, 23965, 23980, 23981, 23992, 23997, 23999, 24117, 24140, 24142, 24147, 24149, 24182, 4981, 4982, 4986, 4990, 4993, 4994, 7218, 7251, 7253, 7249, 7500, 7282, 7286, 7510, 7298, 7523, 7522, 7419, 7431, 7432, 7426, 7428, 7429, 5579, 7452, 7454, 5596, 5810, 5811, 5830, 5589, 5822, 5824, 5823, 5772, 5777, 8000, 8010, 8012, 8014, 8021, 8022, 8026, 5951, 5953, 5958, 5970, 5972, 5977, 5994, 5997, 5999]"
rr_all_0252,w_0252,grid_0_10,False,cluster_004,0.6,0.0,0.0,0.4,65.68376618407018,67.85030844193165,110,"[13722, 13727, 13718, 13742, 13746, 22697, 22932, 22934, 22961, 22964, 22972, 22975, 25200, 22994, 22998, 25132, 25142, 25145, 25146, 25170, 25173, 25172, 25322, 25323, 25324, 25313, 25314, 25312, 25095, 25094, 25302, 25303, 25304, 24253, 24257, 24258, 24276, 24500, 24501, 24522, 24524, 24526, 24389, 24393, 24397, 24708, 24722, 24726, 24663, 24665, 24690, 24694, 24695, 24687, 24686, 24921, 24907, 24909, 24908, 7635, 7660, 7638, 7651, 7652, 7653, 7672, 7675, 7674, 7713, 7712, 7720, 7724, 7728, 7740, 7742, 7747, 7882, 7884, 7886, 7890, 7868, 7869, 7879, 7878, 27000, 8120, 5898, 5899, 8115, 8116, 8131, 8136, 8135, 8204, 8206, 8205, 8094, 8095, 8096, 8211, 8212, 8213, 8314, 8315, 8316, 8305, 8304, 8306, 5998, 5999]"
rr_all_0253,w_0253,grid_0_10,False,cluster_003,0.6,0.0,0.1,0.3,65.68376618407687,70.41092756690041,110,"[13722, 13727, 13718, 13742, 13746, 22697, 22932, 22934, 22961, 22964, 22972, 22975, 25200, 22994, 22998, 25132, 25142, 25145, 25146, 25170, 25173, 25175, 25329, 25352, 25355, 25349, 25391, 25392, 25366, 25368, 25383, 25385, 25387, 24517, 24541, 24540, 24537, 24539, 24563, 24581, 24582, 24583, 24715, 24718, 24732, 24741, 24742, 24740, 24666, 24665, 24693, 24697, 24698, 24689, 24920, 24921, 24907, 24932, 24934, 7662, 7663, 7664, 7659, 7682, 7683, 7694, 7695, 7693, 7717, 7716, 7723, 7724, 7725, 7736, 7739, 7744, 7858, 7859, 7883, 7867, 7866, 7865, 7875, 7876, 27000, 8120, 5898, 5899, 8115, 8116, 8108, 8130, 8109, 8078, 8200, 8079, 8068, 8069, 8090, 8085, 8086, 8087, 5989, 5988, 8313, 8302, 8301, 8306, 5998, 5999]"
rr_all_0254,w_0254,grid_0_10,False,cluster_003,0.6,0.0,0.2,0.2,65.68376618407687,72.69241401124923,110,"[13722, 13727, 13718, 13742, 13746, 22697, 22932, 22934, 22961, 22964, 22972, 22975, 25200, 22994, 22998, 25132, 25142, 25145, 25146, 25170, 25173, 25175, 25329, 25352, 25355, 25349, 25391, 25392, 25366, 25368, 25383, 25385, 25387, 24517, 24541, 24540, 24537, 24539, 24563, 24581, 24582, 24583, 24715, 24718, 24732, 24741, 24742, 24740, 24666, 24665, 24693, 24697, 24698, 24689, 24920, 24921, 24907, 24932, 24934, 7662, 7663, 7664, 7659, 7682, 7683, 7694, 7695, 7693, 7717, 7716, 7723, 7724, 7725, 7736, 7739, 7744, 7858, 7859, 7883, 7867, 7866, 7865, 7875, 7876, 7877, 5896, 5895, 5897, 8113, 8114, 8105, 8107, 8106, 8075, 8200, 8079, 8068, 8069, 8090, 8085, 8086, 8087, 5989, 5988, 8313, 8302, 8301, 8306, 5998, 5999]"
rr_all_0255,w_0255,grid_0_10,False,cluster_003,0.6,0.0,0.3,0.1,65.68376618407687,74.77798918999983,110,"[13722, 13727, 13718, 13742, 13746, 22697, 22932, 22934, 22961, 22964, 22972, 22975, 25200, 22994, 22998, 25132, 25142, 25145, 25146, 25170, 25173, 25175, 25329, 25352, 25355, 25349, 25391, 25392, 25366, 25368, 25383, 25385, 25387, 24517, 24541, 24540, 24537, 24539, 24563, 24581, 24582, 24583, 24715, 24718, 24732, 24741, 24742, 24740, 24666, 24665, 24693, 24697, 24698, 24689, 24920, 24921, 24907, 24932, 24934, 7662, 7663, 7664, 7659, 7682, 7683, 7694, 7695, 7693, 7717, 7716, 7723, 7724, 7725, 7736, 7739, 7744, 7858, 7859, 7883, 7867, 7866, 7865, 7875, 7876, 7877, 5896, 5895, 5897, 8113, 8114, 8105, 8107, 8106, 8075, 8200, 8079, 8068, 8069, 8090, 8085, 8086, 8087, 5989, 5988, 8313, 8302, 8301, 8306, 5998, 5999]"
rr_all_0256,w_0256,grid_0_10,False,cluster_001,0.6,0.0,0.4,0.0,65.68376618407666,76.38617046776368,110,"[13722, 13727, 13715, 13716, 13719, 22691, 22695, 22699, 22915, 22916, 22908, 22909, 22907, 22920, 22925, 22923, 22784, 22786, 22789, 22792, 22795, 22797, 22896, 22898, 25033, 25021, 25025, 25027, 25056, 25057, 25070, 25072, 25074, 24237, 24251, 24252, 24270, 24273, 24275, 24296, 24297, 24298, 24380, 24383, 24385, 24375, 24374, 24373, 24457, 24620, 24476, 24477, 24478, 24486, 24488, 24487, 24493, 24491, 24492, 7328, 7329, 7353, 7336, 7338, 7363, 7374, 7377, 7611, 7537, 7536, 7546, 7548, 7547, 7571, 7559, 7570, 7466, 7467, 7465, 7470, 7471, 7449, 7484, 7485, 7487, 5818, 5843, 5845, 5862, 5863, 5883, 5885, 5884, 8034, 8035, 8033, 8044, 8047, 8061, 8057, 8056, 8081, 5986, 5988, 8310, 5979, 5978, 8303, 5998, 5999]"
rr_all_0257,w_0257,grid_0_10,False,cluster_001,0.6,0.1,0.0,0.3,66.51219330882768,71.89664971289218,110,"[13722, 13721, 13498, 13497, 13496, 22637, 22636, 22638, 22651, 22652, 22628, 22627, 22626, 22640, 22641, 22619, 22716, 22718, 22717, 22727, 22728, 22726, 22546, 22548, 22547, 22568, 22566, 22567, 22558, 22556, 22557, 22571, 22570, 23746, 23747, 23748, 23764, 23765, 23763, 23759, 23783, 23787, 23828, 23832, 23834, 23848, 23862, 23864, 23967, 24100, 24103, 23987, 23989, 24133, 24134, 24138, 24146, 24180, 24182, 4981, 4982, 4986, 4990, 4993, 4994, 7218, 7251, 7253, 7249, 7500, 7282, 7286, 7510, 7521, 7523, 7522, 7430, 7435, 7438, 7443, 7447, 7449, 7484, 7485, 7810, 5841, 5844, 5848, 5864, 5865, 5886, 8101, 8103, 8073, 8074, 8072, 8065, 8066, 8067, 8082, 8086, 8087, 5989, 8311, 8316, 8305, 8304, 8306, 5998, 5999]"
rr_all_0258,w_0258,grid_0_10,False,cluster_001,0.6,0.1,0.1,0.2,65.68376618407973,74.24307713287337,110,"[13722, 13724, 13712, 13713, 13714, 22662, 22663, 22664, 22655, 22656, 22674, 22673, 22672, 22646, 22647, 22645, 22732, 22734, 22733, 22743, 22744, 22742, 22584, 22583, 22582, 22804, 22803, 22802, 22592, 22594, 22593, 22575, 22574, 23774, 23776, 23777, 23791, 23769, 23790, 23785, 23786, 23787, 23828, 23832, 23834, 23848, 23862, 23864, 23967, 24100, 24103, 23987, 23989, 24133, 24134, 24138, 24146, 24180, 24182, 4981, 4982, 4986, 4990, 4993, 4994, 7218, 7251, 7253, 7249, 7500, 7282, 7286, 7510, 7298, 7523, 7522, 7430, 7435, 7438, 7443, 7447, 7449, 7484, 7485, 7810, 5841, 5844, 5848, 5864, 5865, 5886, 8101, 8103, 8075, 8200, 8079, 8068, 8069, 8090, 8085, 8086, 8087, 5989, 5988, 8313, 8302, 8301, 8306, 5998, 5999]"
rr_all_0259,w_0259,grid_0_10,False,cluster_001,0.6,0.1,0.2,0.1,65.6837661840797,76.36735383770498,110,"[13722, 13724, 13712, 13713, 13714, 22662, 22663, 22664, 22655, 22656, 22674, 22673, 22672, 22646, 22647, 22645, 22732, 22734, 22733, 22743, 22744, 22742, 22584, 22583, 22582, 22804, 22803, 22802, 22592, 22594, 22593, 22575, 22574, 23774, 23776, 23777, 23791, 23769, 23790, 23785, 23786, 23787, 23828, 23832, 23834, 23848, 23862, 23864, 23967, 24100, 24103, 23987, 23989, 24133, 24134, 24138, 24146, 24180, 24182, 4981, 4982, 4986, 4990, 4993, 4994, 7218, 7251, 7253, 7249, 7500, 7282, 7286, 7510, 7298, 7523, 7522, 7430, 7435, 7438, 7443, 7447, 7449, 7484, 7485, 7487, 5818, 5843, 5845, 5862, 5863, 5883, 5888, 8100, 8073, 8076, 8079, 8068, 8069, 8090, 8085, 8086, 8087, 5989, 5988, 8313, 8302, 8301, 8306, 5998, 5999]"
rr_all_0260,w_0260,grid_0_10,False,cluster_001,0.6,0.1,0.3,0.0,65.68376618407468,77.99065646829953,110,"[13722, 13727, 13715, 13716, 13717, 22665, 22666, 22667, 22657, 22658, 22676, 22677, 22675, 22649, 22680, 22648, 22735, 22737, 22736, 22745, 22747, 22746, 22585, 22587, 22586, 22805, 22806, 22807, 22597, 22596, 22595, 22830, 22578, 24001, 24002, 24003, 23795, 23797, 23796, 24013, 24011, 24012, 23836, 23838, 23850, 23865, 23863, 23864, 23967, 24100, 24103, 23987, 23989, 24133, 24134, 24138, 24146, 24180, 24182, 4981, 4982, 4986, 4990, 4993, 4994, 7218, 7251, 7253, 7249, 7500, 7282, 7286, 7510, 7298, 7523, 7522, 7430, 7435, 7438, 7443, 7447, 7449, 7484, 7485, 7487, 5815, 5816, 5817, 5834, 5833, 5827, 5825, 5826, 5776, 5778, 8000, 8013, 8015, 8014, 8021, 8025, 8029, 5954, 5956, 5981, 5973, 5975, 8300, 5996, 5999]"
rr_all_0261,w_0261,grid_0_10,False,cluster_001,0.6,0.2,0.0,0.2,66.92640687119979,72.96224165915801,110,"[13722, 13721, 13498, 13493, 13494, 22633, 22635, 22634, 22609, 22650, 22625, 22623, 22624, 22616, 22618, 22617, 22713, 22715, 22714, 22724, 22725, 22723, 22543, 22545, 22544, 22563, 22564, 22565, 22554, 22553, 22555, 23729, 23728, 23746, 23747, 23748, 23764, 23765, 23763, 23759, 23783, 23787, 23828, 23832, 23834, 23848, 23862, 23864, 23967, 24100, 24103, 23987, 23989, 24133, 24134, 24138, 24146, 24180, 24182, 4981, 4982, 4986, 4990, 4993, 4994, 7218, 7251, 7253, 7249, 7500, 7282, 7286, 7510, 7521, 7523, 7522, 7430, 7435, 7433, 7427, 7428, 7429, 7451, 7453, 7458, 5599, 5813, 5817, 5836, 5837, 5855, 5859, 5881, 8034, 8038, 8071, 8062, 8066, 8067, 8082, 8086, 8087, 5989, 8311, 8316, 8305, 8304, 8306, 5998, 5999]"
rr_all_0262,w_0262,grid_0_10,False,cluster_001,0.6,0.2,0.1,0.1,66.92640687119497,75.37738278780188,110,"[13722, 13721, 13498, 13493, 13494, 22633, 22635, 22634, 22609, 22650, 22625, 22623, 22624, 22616, 22618, 22617, 22716, 22718, 22717, 22727, 22728, 22726, 22546, 22548, 22549, 22569, 22800, 22801, 22559, 22591, 22590, 22572, 22573, 23770, 23749, 23771, 23764, 23765, 23763, 23782, 23783, 23787, 23828, 23832, 23834, 23848, 23862, 23864, 23967, 24100, 24103, 23987, 23989, 24133, 24134, 24138, 24146, 24180, 24182, 4981, 4982, 4986, 4990, 4993, 4994, 7218, 7251, 7253, 7249, 7500, 7282, 7286, 7510, 7298, 7523, 7522, 7430, 7435, 7438, 7443, 7444, 7445, 7455, 7453, 7458, 5599, 5813, 5817, 5836, 5837, 5855, 5859, 5881, 8034, 8038, 8071, 8062, 8066, 8067, 8082, 8083, 8087, 5989, 5988, 8313, 8302, 8301, 8306, 5998, 5999]"
rr_all_0263,w_0263,grid_0_10,False,cluster_001,0.6,0.2,0.2,0.0,66.92640687119597,76.79647264226477,110,"[13722, 13721, 13498, 13493, 13494, 22633, 22635, 22634, 22609, 22650, 22625, 22623, 22624, 22616, 22618, 22617, 22716, 22718, 22717, 22727, 22728, 22726, 22546, 22548, 22549, 22569, 22800, 22801, 22559, 22591, 22593, 22575, 22574, 23774, 23776, 23777, 23791, 23769, 23790, 23785, 23786, 23787, 23828, 23832, 23834, 23848, 23862, 23864, 23967, 24100, 24103, 23987, 23989, 24133, 24134, 24138, 24146, 24180, 24182, 4981, 4982, 4986, 4990, 4993, 4994, 7218, 7251, 7253, 7249, 7500, 7282, 7286, 7510, 7298, 7523, 7522, 7430, 7435, 7438, 7443, 7444, 7445, 7455, 7453, 7458, 5599, 5813, 5817, 5834, 5833, 5827, 5825, 5826, 5776, 5778, 8000, 8013, 8015, 8014, 8021, 8025, 8029, 5954, 5956, 5981, 5973, 5975, 8300, 5996, 5999]"
rr_all_0264,w_0264,grid_0_10,False,cluster_001,0.6,0.3,0.0,0.1,66.92640687119801,73.38097146679266,110,"[13722, 13721, 13498, 13493, 13494, 22633, 22635, 22634, 22609, 22650, 22625, 22623, 22624, 22616, 22618, 22617, 22713, 22715, 22714, 22724, 22725, 22723, 22543, 22545, 22544, 22563, 22564, 22565, 22554, 22553, 22555, 23729, 23728, 23746, 23747, 23748, 23764, 23765, 23763, 23759, 23783, 23787, 23828, 23832, 23834, 23848, 23862, 23864, 23967, 24100, 24103, 23987, 23989, 24133, 24134, 24138, 24146, 24180, 24182, 4981, 4982, 4986, 4990, 4993, 4994, 7218, 7251, 7253, 7249, 7500, 7282, 7286, 7510, 7521, 7523, 7522, 7430, 7435, 7433, 7427, 7428, 7429, 5579, 7452, 7454, 5596, 5810, 5814, 5834, 5835, 5852, 5856, 5858, 8031, 8035, 8037, 8049, 8064, 8067, 8082, 8083, 8087, 5989, 8311, 8316, 8305, 8304, 8306, 5998, 5999]"
rr_all_0265,w_0265,grid_0_10,False,cluster_001,0.6,0.3,0.1,0.0,66.92640687119489,74.96897076354928,110,"[13722, 13721, 13498, 13493, 13494, 22633, 22635, 22634, 22609, 22650, 22625, 22623, 22624, 22616, 22618, 22617, 22716, 22718, 22717, 22727, 22728, 22726, 22546, 22548, 22549, 22569, 22800, 22801, 22559, 22591, 22593, 22575, 22574, 23774, 23776, 23777, 23791, 23769, 23790, 23785, 23786, 23787, 23828, 23832, 23834, 23848, 23862, 23864, 23967, 24100, 24103, 23987, 23989, 24133, 24134, 24138, 24146, 24180, 24182, 4981, 4982, 4986, 4990, 4993, 4994, 7218, 7251, 7253, 7249, 7500, 7282, 7286, 7510, 7298, 7523, 7522, 7430, 7435, 7433, 7427, 7428, 7429, 7451, 7453, 7458, 5599, 5813, 5817, 5834, 5833, 5827, 5825, 5826, 5776, 5778, 8000, 8013, 8015, 8014, 8021, 8025, 8029, 5954, 5956, 5981, 5973, 5975, 8300, 5996, 5999]"
rr_all_0266,w_0266,grid_0_10,False,cluster_001,0.6,0.4,0.0,0.0,68.63351365237156,72.57184814553969,113,"[13722, 13721, 13498, 13493, 13494, 22633, 22635, 22634, 22609, 22608, 22622, 22488, 22487, 22614, 22615, 22613, 22710, 22712, 22714, 22724, 22725, 22723, 22543, 22545, 22544, 22563, 22564, 22565, 22558, 22556, 22590, 22572, 22573, 23770, 23749, 23771, 23764, 23765, 23763, 23759, 23780, 23784, 23825, 23829, 23831, 23845, 23844, 23849, 23961, 23963, 23965, 23980, 23981, 23992, 23997, 23999, 24117, 24140, 24142, 24147, 24149, 24182, 4981, 4982, 4986, 4990, 4993, 4994, 7218, 7251, 7253, 7249, 7500, 7282, 7286, 7510, 7298, 7523, 7522, 7419, 7431, 7432, 7426, 7428, 7429, 5579, 7452, 7454, 5596, 5810, 5811, 5830, 5589, 5822, 5824, 5823, 5772, 5777, 8000, 8010, 8012, 8014, 8021, 8025, 8029, 5954, 5956, 5981, 5973, 5975, 8300, 5996, 5999]"
rr_all_0267,w_0267,grid_0_10,False,cluster_004,0.7,0.0,0.0,0.3,65.68376618407018,74.11044957258953,110,"[13722, 13727, 13718, 13742, 13746, 22697, 22932, 22934, 22961, 22964, 22972, 22975, 25200, 22994, 22998, 25132, 25142, 25145, 25146, 25170, 25173, 25172, 25322, 25323, 25324, 25313, 25314, 25312, 25095, 25094, 25302, 25303, 25304, 24253, 24257, 24258, 24276, 24500, 24501, 24522, 24524, 24526, 24389, 24393, 24397, 24708, 24722, 24726, 24662, 24664, 24690, 24694, 24695, 24687, 24686, 24921, 24907, 24909, 24908, 7635, 7660, 7638, 7651, 7652, 7653, 7672, 7675, 7674, 7713, 7712, 7720, 7724, 7728, 7740, 7742, 7747, 7882, 7884, 7886, 7890, 7868, 7869, 7879, 7878, 27000, 8120, 5898, 5899, 8115, 8116, 8131, 8136, 8135, 8204, 8206, 8205, 8094, 8095, 8096, 8211, 8212, 8213, 8314, 8315, 8316, 8305, 8304, 8306, 5998, 5999]"
rr_all_0268,w_0268,grid_0_10,False,cluster_003,0.7,0.0,0.1,0.2,65.68376618407687,76.63191611546407,110,"[13722, 13727, 13718, 13742, 13746, 22697, 22932, 22934, 22961, 22964, 22972, 22975, 25200, 22994, 22998, 25132, 25142, 25145, 25146, 25170, 25173, 25175, 25329, 25352, 25355, 25349, 25391, 25392, 25366, 25368, 25383, 25385, 25387, 24517, 24541, 24540, 24537, 24539, 24563, 24581, 24582, 24583, 24715, 24718, 24732, 24741, 24742, 24740, 24666, 24665, 24693, 24697, 24698, 24689, 24920, 24921, 24907, 24932, 24934, 7662, 7663, 7664, 7659, 7682, 7683, 7694, 7695, 7693, 7717, 7716, 7723, 7724, 7725, 7736, 7739, 7744, 7858, 7859, 7883, 7867, 7866, 7865, 7875, 7876, 27000, 8120, 5898, 5899, 8115, 8116, 8108, 8130, 8109, 8078, 8200, 8079, 8068, 8069, 8090, 8085, 8086, 8087, 5989, 5988, 8313, 8302, 8301, 8306, 5998, 5999]"
rr_all_0269,w_0269,grid_0_10,False,cluster_003,0.7,0.0,0.2,0.1,65.68376618407687,78.7848163389554,110,"[13722, 13727, 13718, 13742, 13746, 22697, 22932, 22934, 22961, 22964, 22972, 22975, 25200, 22994, 22998, 25132, 25142, 25145, 25146, 25170, 25173, 25175, 25329, 25352, 25355, 25349, 25391, 25392, 25366, 25368, 25383, 25385, 25387, 24517, 24541, 24540, 24537, 24539, 24563, 24581, 24582, 24583, 24715, 24718, 24732, 24741, 24742, 24740, 24666, 24665, 24693, 24697, 24698, 24689, 24920, 24921, 24907, 24932, 24934, 7662, 7663, 7664, 7659, 7682, 7683, 7694, 7695, 7693, 7717, 7716, 7723, 7724, 7725, 7736, 7739, 7744, 7858, 7859, 7883, 7867, 7866, 7865, 7875, 7876, 7877, 5896, 5895, 5897, 8113, 8114, 8105, 8107, 8106, 8075, 8200, 8079, 8068, 8069, 8090, 8085, 8086, 8087, 5989, 5988, 8313, 8302, 8301, 8306, 5998, 5999]"
rr_all_0270,w_0270,grid_0_10,False,cluster_001,0.7,0.0,0.3,0.0,65.68376618407666,80.51234609196585,110,"[13722, 13727, 13715, 13716, 13719, 22691, 22695, 22699, 22915, 22916, 22908, 22909, 22907, 22920, 22925, 22923, 22784, 22786, 22789, 22792, 22795, 22797, 22896, 22898, 25033, 25021, 25025, 25027, 25056, 25057, 25070, 25072, 25074, 24237, 24251, 24252, 24270, 24273, 24275, 24296, 24297, 24298, 24380, 24383, 24385, 24375, 24374, 24373, 24457, 24620, 24476, 24477, 24478, 24486, 24488, 24487, 24493, 24491, 24492, 7328, 7329, 7353, 7336, 7338, 7363, 7374, 7377, 7611, 7537, 7536, 7546, 7548, 7547, 7571, 7559, 7570, 7466, 7467, 7465, 7470, 7471, 7449, 7484, 7485, 7487, 5818, 5843, 5845, 5862, 5863, 5883, 5885, 5884, 8034, 8035, 8033, 8044, 8047, 8061, 8057, 8056, 8081, 5986, 5988, 8310, 5979, 5978, 8303, 5998, 5999]"
rr_all_0271,w_0271,grid_0_10,False,cluster_001,0.7,0.1,0.0,0.2,65.68376618408016,77.72990635371683,110,"[13722, 13724, 13712, 13713, 13714, 22662, 22663, 22664, 22655, 22656, 22674, 22673, 22672, 22646, 22647, 22645, 22732, 22734, 22733, 22743, 22744, 22742, 22584, 22583, 22582, 22804, 22803, 22802, 22592, 22594, 22593, 22575, 22574, 23774, 23772, 23773, 23766, 23767, 23768, 23782, 23783, 23787, 23828, 23832, 23834, 23848, 23862, 23864, 23967, 24100, 24103, 23987, 23989, 24133, 24134, 24138, 24146, 24180, 24182, 4981, 4982, 4986, 4990, 4993, 4994, 7218, 7251, 7253, 7249, 7500, 7282, 7286, 7510, 7521, 7523, 7522, 7430, 7435, 7438, 7443, 7447, 7449, 7484, 7485, 7810, 5841, 5844, 5848, 5864, 5865, 5886, 8101, 8103, 8073, 8074, 8072, 8065, 8066, 8067, 8082, 8086, 8087, 5989, 8311, 8316, 8305, 8304, 8306, 5998, 5999]"
rr_all_0272,w_0272,grid_0_10,False,cluster_001,0.7,0.1,0.1,0.1,65.6837661840797,79.98945398090403,110,"[13722, 13724, 13712, 13713, 13714, 22662, 22663, 22664, 22655, 22656, 22674, 22673, 22672, 22646, 22647, 22645, 22732, 22734, 22733, 22743, 22744, 22742, 22584, 22583, 22582, 22804, 22803, 22802, 22592, 22594, 22593, 22575, 22574, 23774, 23776, 23777, 23791, 23769, 23790, 23785, 23786, 23787, 23828, 23832, 23834, 23848, 23862, 23864, 23967, 24100, 24103, 23987, 23989, 24133, 24134, 24138, 24146, 24180, 24182, 4981, 4982, 4986, 4990, 4993, 4994, 7218, 7251, 7253, 7249, 7500, 7282, 7286, 7510, 7298, 7523, 7522, 7430, 7435, 7438, 7443, 7447, 7449, 7484, 7485, 7487, 5818, 5843, 5845, 5862, 5863, 5883, 5888, 8100, 8073, 8076, 8079, 8068, 8069, 8090, 8085, 8086, 8087, 5989, 5988, 8313, 8302, 8301, 8306, 5998, 5999]"
rr_all_0273,w_0273,grid_0_10,False,cluster_001,0.7,0.1,0.2,0.0,65.68376618407753,81.69932504904183,110,"[13722, 13724, 13712, 13713, 13714, 22662, 22663, 22664, 22655, 22656, 22674, 22673, 22672, 22646, 22647, 22645, 22732, 22734, 22733, 22743, 22744, 22742, 22584, 22583, 22582, 22804, 22803, 22802, 22592, 22594, 22593, 22575, 22574, 23774, 23776, 23777, 23791, 23769, 23790, 23785, 23786, 23787, 23828, 23832, 23834, 23848, 23862, 23864, 23967, 24100, 24103, 23987, 23989, 24133, 24134, 24138, 24146, 24180, 24182, 4981, 4982, 4986, 4990, 4993, 4994, 7218, 7251, 7253, 7249, 7500, 7282, 7286, 7510, 7298, 7523, 7522, 7430, 7435, 7438, 7443, 7447, 7449, 7484, 7485, 7487, 5815, 5816, 5817, 5834, 5833, 5827, 5825, 5826, 5776, 5778, 8000, 8013, 8015, 8014, 8021, 8025, 8029, 5954, 5956, 5981, 5973, 5975, 8300, 5996, 5999]"
rr_all_0274,w_0274,grid_0_10,False,cluster_001,0.7,0.2,0.0,0.1,66.92640687119804,78.60386144591875,110,"[13722, 13721, 13498, 13493, 13494, 22633, 22635, 22634, 22609, 22650, 22625, 22623, 22624, 22616, 22618, 22617, 22713, 22715, 22714, 22724, 22725, 22723, 22543, 22545, 22544, 22563, 22564, 22565, 22554, 22553, 22555, 23729, 23728, 23746, 23747, 23748, 23764, 23765, 23763, 23759, 23783, 23787, 23828, 23832, 23834, 23848, 23862, 23864, 23967, 24100, 24103, 23987, 23989, 24133, 24134, 24138, 24146, 24180, 24182, 4981, 4982, 4986, 4990, 4993, 4994, 7218, 7251, 7253, 7249, 7500, 7282, 7286, 7510, 7521, 7523, 7522, 7430, 7435, 7433, 7427, 7428, 7429, 7451, 7453, 7458, 5599, 5813, 5817, 5836, 5837, 5855, 5859, 5881, 8034, 8038, 8071, 8062, 8066, 8067, 8082, 8083, 8087, 5989, 8311, 8316, 8305, 8304, 8306, 5998, 5999]"
rr_all_0275,w_0275,grid_0_10,False,cluster_001,0.7,0.2,0.1,0.0,66.92640687119597,80.3506566200197,110,"[13722, 13721, 13498, 13493, 13494, 22633, 22635, 22634, 22609, 22650, 22625, 22623, 22624, 22616, 22618, 22617, 22716, 22718, 22717, 22727, 22728, 22726, 22546, 22548, 22549, 22569, 22800, 22801, 22559, 22591, 22593, 22575, 22574, 23774, 23776, 23777, 23791, 23769, 23790, 23785, 23786, 23787, 23828, 23832, 23834, 23848, 23862, 23864, 23967, 24100, 24103, 23987, 23989, 24133, 24134, 24138, 24146, 24180, 24182, 4981, 4982, 4986, 4990, 4993, 4994, 7218, 7251, 7253, 7249, 7500, 7282, 7286, 7510, 7298, 7523, 7522, 7430, 7435, 7438, 7443, 7444, 7445, 7455, 7453, 7458, 5599, 5813, 5817, 5834, 5833, 5827, 5825, 5826, 5776, 5777, 8000, 8013, 8015, 8014, 8021, 8025, 8029, 5954, 5956, 5981, 5973, 5975, 8300, 5996, 5999]"
rr_all_0276,w_0276,grid_0_10,False,cluster_001,0.7,0.3,0.0,0.0,66.92640687118929,78.3500432961352,110,"[13722, 13721, 13498, 13493, 13494, 22633, 22635, 22634, 22609, 22650, 22625, 22623, 22624, 22616, 22618, 22617, 22713, 22718, 22717, 22727, 22728, 22726, 22546, 22548, 22547, 22568, 22566, 22567, 22559, 22591, 22590, 22572, 22573, 23770, 23749, 23771, 23764, 23765, 23763, 23759, 23783, 23787, 23828, 23832, 23834, 23848, 23862, 23864, 23967, 24100, 24103, 23987, 23989, 24133, 24134, 24138, 24146, 24180, 24182, 4981, 4982, 4986, 4990, 4993, 4994, 7218, 7251, 7253, 7249, 7500, 7282, 7286, 7510, 7298, 7523, 7522, 7419, 7431, 7432, 7426, 7428, 7429, 5579, 7452, 7454, 5596, 5810, 5811, 5830, 5589, 5822, 5824, 5823, 5772, 5777, 8000, 8010, 8012, 8014, 8021, 8025, 8029, 5954, 5956, 5981, 5973, 5975, 8300, 5996, 5999]"
rr_all_0277,w_0277,grid_0_10,False,cluster_004,0.8,0.0,0.0,0.2,65.68376618407018,80.37059070324743,110,"[13722, 13727, 13718, 13742, 13746, 22697, 22932, 22934, 22961, 22964, 22972, 22975, 25200, 22994, 22998, 25132, 25142, 25145, 25146, 25170, 25173, 25172, 25322, 25323, 25324, 25313, 25314, 25312, 25095, 25094, 25302, 25303, 25304, 24253, 24257, 24258, 24276, 24500, 24501, 24522, 24524, 24526, 24389, 24393, 24397, 24708, 24722, 24726, 24663, 24665, 24690, 24694, 24695, 24687, 24686, 24921, 24907, 24909, 24908, 7635, 7660, 7638, 7651, 7652, 7653, 7672, 7675, 7674, 7713, 7712, 7720, 7724, 7728, 7740, 7742, 7747, 7882, 7884, 7886, 7890, 7868, 7869, 7879, 7878, 27000, 8120, 5898, 5899, 8115, 8116, 8131, 8136, 8135, 8204, 8206, 8205, 8094, 8095, 8096, 8211, 8212, 8213, 8314, 8315, 8316, 8305, 8304, 8306, 5998, 5999]"
rr_all_0278,w_0278,grid_0_10,False,cluster_003,0.8,0.0,0.1,0.1,65.68376618407687,82.79164348791099,110,"[13722, 13727, 13718, 13742, 13746, 22697, 22932, 22934, 22961, 22964, 22972, 22975, 25200, 22994, 22998, 25132, 25142, 25145, 25146, 25170, 25173, 25175, 25329, 25352, 25355, 25349, 25391, 25392, 25366, 25368, 25383, 25385, 25387, 24517, 24541, 24540, 24537, 24539, 24563, 24581, 24582, 24583, 24715, 24718, 24732, 24741, 24742, 24740, 24666, 24665, 24693, 24697, 24698, 24689, 24920, 24921, 24907, 24932, 24934, 7662, 7663, 7664, 7659, 7682, 7683, 7694, 7695, 7693, 7717, 7716, 7723, 7724, 7725, 7736, 7739, 7744, 7858, 7859, 7883, 7867, 7866, 7865, 7875, 7876, 7877, 5896, 5895, 5897, 8113, 8114, 8105, 8107, 8106, 8075, 8200, 8079, 8068, 8069, 8090, 8085, 8086, 8087, 5989, 5988, 8313, 8302, 8301, 8306, 5998, 5999]"
rr_all_0279,w_0279,grid_0_10,False,cluster_001,0.8,0.0,0.2,0.0,65.68376618407666,84.63852171616803,110,"[13722, 13727, 13715, 13716, 13719, 22691, 22695, 22699, 22915, 22916, 22908, 22909, 22907, 22920, 22925, 22923, 22784, 22786, 22789, 22792, 22795, 22797, 22896, 22898, 25033, 25021, 25025, 25027, 25056, 25057, 25070, 25072, 25074, 24237, 24251, 24252, 24270, 24273, 24275, 24296, 24297, 24298, 24380, 24383, 24385, 24375, 24374, 24373, 24457, 24620, 24476, 24477, 24478, 24486, 24488, 24487, 24493, 24491, 24492, 7328, 7329, 7353, 7336, 7338, 7363, 7374, 7377, 7611, 7537, 7536, 7546, 7548, 7547, 7571, 7559, 7570, 7466, 7467, 7465, 7470, 7471, 7449, 7484, 7485, 7487, 5818, 5843, 5845, 5862, 5863, 5883, 5885, 5884, 8034, 8035, 8033, 8044, 8047, 8061, 8057, 8056, 8081, 5986, 5988, 8310, 5979, 5978, 8303, 5998, 5999]"
rr_all_0280,w_0280,grid_0_10,False,cluster_001,0.8,0.1,0.0,0.1,65.68376618407895,83.32340184230722,110,"[13722, 13724, 13712, 13713, 13714, 22662, 22663, 22664, 22655, 22656, 22674, 22673, 22672, 22646, 22647, 22645, 22732, 22734, 22733, 22743, 22744, 22742, 22584, 22583, 22582, 22804, 22803, 22802, 22592, 22594, 22593, 22575, 22574, 23774, 23772, 23773, 23766, 23767, 23768, 23782, 23783, 23787, 23828, 23832, 23834, 23848, 23862, 23864, 23967, 24100, 24103, 23987, 23989, 24133, 24134, 24138, 24146, 24180, 24182, 4981, 4982, 4986, 4990, 4993, 4994, 7218, 7251, 7253, 7249, 7500, 7282, 7286, 7510, 7521, 7523, 7522, 7430, 7435, 7433, 7427, 7428, 7429, 7451, 7453, 7458, 5599, 5813, 5817, 5836, 5837, 5855, 5859, 5881, 8034, 8038, 8071, 8062, 8066, 8067, 8082, 8086, 8087, 5989, 8311, 8316, 8305, 8304, 8306, 5998, 5999]"
rr_all_0281,w_0281,grid_0_10,False,cluster_001,0.8,0.1,0.1,0.0,65.68376618407687,85.25645084091872,110,"[13722, 13724, 13712, 13713, 13714, 22662, 22663, 22664, 22655, 22656, 22674, 22673, 22672, 22646, 22647, 22645, 22732, 22734, 22733, 22743, 22744, 22742, 22584, 22583, 22582, 22804, 22803, 22802, 22592, 22594, 22593, 22575, 22574, 23774, 23776, 23777, 23791, 23769, 23790, 23785, 23786, 23787, 23828, 23832, 23834, 23848, 23862, 23864, 23967, 24100, 24103, 23987, 23989, 24133, 24134, 24138, 24146, 24180, 24182, 4981, 4982, 4986, 4990, 4993, 4994, 7218, 7251, 7253, 7249, 7500, 7282, 7286, 7510, 7298, 7523, 7522, 7430, 7435, 7438, 7443, 7444, 7445, 7455, 7453, 7458, 5599, 5813, 5817, 5834, 5833, 5827, 5825, 5826, 5776, 5778, 8000, 8013, 8015, 8014, 8021, 8025, 8029, 5954, 5956, 5981, 5973, 5975, 8300, 5996, 5999]"
rr_all_0282,w_0282,grid_0_10,False,cluster_001,0.8,0.2,0.0,0.0,66.92640687118929,83.78277295656697,110,"[13722, 13721, 13498, 13493, 13494, 22633, 22635, 22634, 22609, 22650, 22625, 22623, 22624, 22616, 22618, 22617, 22713, 22718, 22717, 22727, 22728, 22726, 22546, 22548, 22547, 22568, 22566, 22567, 22559, 22591, 22590, 22572, 22573, 23770, 23749, 23771, 23764, 23765, 23763, 23759, 23783, 23787, 23828, 23832, 23834, 23848, 23862, 23864, 23967, 24100, 24103, 23987, 23989, 24133, 24134, 24138, 24146, 24180, 24182, 4981, 4982, 4986, 4990, 4993, 4994, 7218, 7251, 7253, 7249, 7500, 7282, 7286, 7510, 7298, 7523, 7522, 7419, 7431, 7432, 7426, 7428, 7429, 5579, 7452, 7454, 5596, 5810, 5811, 5830, 5589, 5822, 5824, 5823, 5772, 5777, 8000, 8010, 8012, 8014, 8021, 8025, 8029, 5954, 5956, 5981, 5973, 5975, 8300, 5996, 5999]"
rr_all_0283,w_0283,grid_0_10,False,cluster_004,0.9,0.0,0.0,0.1,65.68376618406954,86.6307318339049,110,"[13722, 13727, 13718, 13742, 13746, 22697, 22932, 22934, 22961, 22964, 22972, 22975, 25200, 22994, 22998, 25132, 25142, 25145, 25146, 25170, 25173, 25172, 25322, 25323, 25324, 25313, 25314, 25312, 25095, 25094, 25302, 25303, 25304, 24253, 24257, 24258, 24276, 24500, 24501, 24522, 24524, 24526, 24389, 24393, 24397, 24708, 24722, 24726, 24662, 24664, 24690, 24694, 24695, 24687, 24686, 24921, 24907, 24909, 24908, 7635, 7660, 7638, 7651, 7652, 7653, 7672, 7675, 7674, 7713, 7712, 7720, 7721, 7722, 7730, 7734, 7738, 7853, 7855, 7857, 7862, 7866, 7869, 7879, 7878, 27000, 8120, 5898, 5899, 8115, 8116, 8131, 8136, 8135, 8204, 8206, 8205, 8094, 8095, 8096, 8211, 8212, 8213, 8314, 8315, 8316, 8305, 8304, 8306, 5998, 5999]"
rr_all_0284,w_0284,grid_0_10,False,cluster_001,0.9,0.0,0.1,0.0,65.68376618407666,88.76469734037022,110,"[13722, 13727, 13715, 13716, 13719, 22691, 22695, 22699, 22915, 22916, 22908, 22909, 22907, 22920, 22925, 22923, 22784, 22786, 22789, 22792, 22795, 22797, 22896, 22898, 25033, 25021, 25025, 25027, 25056, 25057, 25070, 25072, 25074, 24237, 24251, 24252, 24270, 24273, 24275, 24296, 24297, 24298, 24380, 24383, 24385, 24375, 24374, 24373, 24457, 24620, 24476, 24477, 24478, 24486, 24488, 24487, 24493, 24491, 24492, 7328, 7329, 7353, 7336, 7338, 7363, 7374, 7377, 7611, 7537, 7536, 7546, 7548, 7547, 7571, 7559, 7570, 7466, 7467, 7465, 7470, 7471, 7449, 7484, 7485, 7487, 5818, 5843, 5845, 5862, 5863, 5883, 5885, 5884, 8034, 8035, 8033, 8044, 8047, 8061, 8057, 8056, 8081, 5986, 5988, 8310, 5979, 5978, 8303, 5998, 5999]"
rr_all_0285,w_0285,grid_0_10,False,cluster_001,0.9,0.1,0.0,0.0,65.68376618406954,88.50712968731003,110,"[13722, 13724, 13712, 13713, 13714, 22662, 22663, 22664, 22655, 22656, 22674, 22673, 22672, 22646, 22647, 22645, 22732, 22734, 22733, 22743, 22744, 22742, 22584, 22583, 22582, 22804, 22803, 22802, 22597, 22596, 22595, 22576, 22577, 23775, 23776, 23777, 23791, 23769, 23792, 24010, 23788, 23789, 23828, 23832, 23834, 23848, 23862, 23864, 23967, 24100, 24103, 23987, 23989, 24133, 24134, 24138, 24146, 24180, 24182, 4981, 4982, 4986, 4990, 4993, 4994, 7218, 7251, 7253, 7249, 7500, 7282, 7286, 7510, 7298, 7523, 7522, 7419, 7431, 7432, 7426, 7428, 7429, 5579, 7452, 7454, 5596, 5810, 5811, 5830, 5589, 5822, 5824, 5823, 5772, 5777, 8000, 8010, 8012, 8014, 8021, 8025, 8029, 5954, 5956, 5981, 5973, 5975, 8300, 5996, 5999]"
rr_all_0286,w_0286,grid_0_10,False,cluster_012,1.0,0.0,0.0,0.0,65.68376618405257,92.89087296453832,110,"[13722, 13727, 13718, 13742, 13743, 22694, 22695, 22696, 22913, 22914, 22908, 22909, 22907, 22920, 22925, 22923, 22784, 22785, 22783, 22776, 22779, 22794, 22892, 22894, 22893, 25004, 25003, 25007, 22889, 22888, 25043, 25042, 25044, 24204, 24205, 24206, 24211, 24213, 24212, 24220, 24221, 24223, 24323, 24327, 24341, 24333, 24332, 24335, 24416, 24415, 24430, 24409, 24432, 24442, 24446, 24447, 24467, 24468, 24469, 7325, 7326, 7350, 7334, 7332, 7335, 7345, 7349, 7370, 7507, 7506, 7512, 7514, 7516, 7527, 7552, 7551, 7436, 7461, 7460, 7448, 7471, 7449, 7484, 7483, 7487, 5815, 5819, 5840, 5836, 5837, 5852, 5856, 5858, 8009, 8032, 8030, 8040, 8043, 8045, 8051, 8050, 8055, 5959, 5980, 5984, 5973, 5975, 8300, 5996, 5999]"
rr_all_0287,w_0287,equal_weight,True,cluster_001,0.25,0.25,0.25,0.25,67.34062043356936,58.50037224089298,110,"[13722, 13721, 13498, 13493, 13494, 22633, 22635, 22634, 22609, 22650, 22625, 22623, 22624, 22614, 22615, 22613, 22710, 22712, 22711, 22720, 22722, 22723, 22543, 22545, 22544, 22563, 22566, 22801, 22559, 22591, 22590, 22572, 22573, 23770, 23749, 23771, 23764, 23765, 23763, 23782, 23783, 23787, 23828, 23832, 23834, 23848, 23862, 23864, 23967, 24100, 24103, 23987, 23989, 24133, 24134, 24138, 24146, 24180, 24182, 4981, 4982, 4986, 4990, 4993, 4994, 7218, 7251, 7253, 7249, 7500, 7282, 7286, 7510, 7298, 7523, 7522, 7430, 7435, 7438, 7443, 7447, 7449, 7484, 7485, 7487, 5818, 5843, 5845, 5862, 5863, 5883, 5888, 8100, 8073, 8076, 8079, 8068, 8069, 8090, 8085, 8086, 8087, 5989, 5988, 8313, 8302, 8301, 8306, 5998, 5999]"
