route_run_id,route_pair,route_pair_label,weight_id,distance_weight,population_weight,traffic_weight,airspace_weight,route_distance_km,total_weighted_score,path_nodes,dbscan_cluster,dbscan_cluster_source
stl_midamerica_to_st_louis_lambert_2026-03-07_0001,midamerica_to_st_louis_lambert,MidAmerica to St. Louis Lambert,w_0001,0.0,0.0,0.0,1.0,101.1282553793329,45.20000000000003,118,dbscan_030,dbscan_noise_001
stl_midamerica_to_st_louis_lambert_2026-03-07_0002,midamerica_to_st_louis_lambert,MidAmerica to St. Louis Lambert,w_0002,0.0,0.0,0.1,0.9,116.82584395915605,41.98458565464911,144,dbscan_031,dbscan_noise_002
stl_midamerica_to_st_louis_lambert_2026-03-07_0003,midamerica_to_st_louis_lambert,MidAmerica to St. Louis Lambert,w_0003,0.0,0.0,0.2,0.8,115.24210764639464,38.58799603725548,144,dbscan_015,dbscan_001
stl_midamerica_to_st_louis_lambert_2026-03-07_0004,midamerica_to_st_louis_lambert,MidAmerica to St. Louis Lambert,w_0004,0.0,0.0,0.3,0.7,115.76990806771678,34.72228835821929,144,dbscan_015,dbscan_001
stl_midamerica_to_st_louis_lambert_2026-03-07_0005,midamerica_to_st_louis_lambert,MidAmerica to St. Louis Lambert,w_0005,0.0,0.0,0.4,0.6,115.76990806771678,30.76305114429238,144,dbscan_015,dbscan_001
stl_midamerica_to_st_louis_lambert_2026-03-07_0006,midamerica_to_st_louis_lambert,MidAmerica to St. Louis Lambert,w_0006,0.0,0.0,0.5,0.5,116.14420373713762,26.77360674321058,145,dbscan_015,dbscan_001
stl_midamerica_to_st_louis_lambert_2026-03-07_0007,midamerica_to_st_louis_lambert,MidAmerica to St. Louis Lambert,w_0007,0.0,0.0,0.6,0.4,117.2004569879481,22.590838806766627,145,dbscan_015,dbscan_001
stl_midamerica_to_st_louis_lambert_2026-03-07_0008,midamerica_to_st_louis_lambert,MidAmerica to St. Louis Lambert,w_0008,0.0,0.0,0.7,0.3,129.70486070887526,18.257177560643573,161,dbscan_032,dbscan_noise_003
stl_midamerica_to_st_louis_lambert_2026-03-07_0009,midamerica_to_st_louis_lambert,MidAmerica to St. Louis Lambert,w_0009,0.0,0.0,0.8,0.2,117.11929714198163,13.459444106338069,141,dbscan_020,dbscan_noise_004
stl_midamerica_to_st_louis_lambert_2026-03-07_0010,midamerica_to_st_louis_lambert,MidAmerica to St. Louis Lambert,w_0010,0.0,0.0,0.9,0.1,117.11929714198163,8.566874619630324,141,dbscan_020,dbscan_noise_004
stl_midamerica_to_st_louis_lambert_2026-03-07_0011,midamerica_to_st_louis_lambert,MidAmerica to St. Louis Lambert,w_0011,0.0,0.0,1.0,0.0,129.11417832106608,3.281792612342422,156,dbscan_033,dbscan_noise_005
stl_midamerica_to_st_louis_lambert_2026-03-07_0012,midamerica_to_st_louis_lambert,MidAmerica to St. Louis Lambert,w_0012,0.0,0.1,0.0,0.9,123.78743182781092,42.80242512289047,149,dbscan_019,dbscan_noise_006
stl_midamerica_to_st_louis_lambert_2026-03-07_0013,midamerica_to_st_louis_lambert,MidAmerica to St. Louis Lambert,w_0013,0.0,0.1,0.1,0.8,124.68978885433624,39.990302493699765,151,dbscan_011,dbscan_002
stl_midamerica_to_st_louis_lambert_2026-03-07_0014,midamerica_to_st_louis_lambert,MidAmerica to St. Louis Lambert,w_0014,0.0,0.1,0.2,0.7,142.32630134297438,36.73501731919714,174,dbscan_008,dbscan_003
stl_midamerica_to_st_louis_lambert_2026-03-07_0015,midamerica_to_st_louis_lambert,MidAmerica to St. Louis Lambert,w_0015,0.0,0.1,0.3,0.6,142.86122066295414,33.2107622110576,174,dbscan_008,dbscan_003
stl_midamerica_to_st_louis_lambert_2026-03-07_0016,midamerica_to_st_louis_lambert,MidAmerica to St. Louis Lambert,w_0016,0.0,0.1,0.4,0.5,144.05235246671614,29.541581241063117,175,dbscan_008,dbscan_003
stl_midamerica_to_st_louis_lambert_2026-03-07_0017,midamerica_to_st_louis_lambert,MidAmerica to St. Louis Lambert,w_0017,0.0,0.1,0.5,0.4,125.34002491515098,25.660099568720213,155,dbscan_034,dbscan_noise_007
stl_midamerica_to_st_louis_lambert_2026-03-07_0018,midamerica_to_st_louis_lambert,MidAmerica to St. Louis Lambert,w_0018,0.0,0.1,0.6,0.3,126.39632527458797,21.52270543717671,155,dbscan_035,dbscan_noise_008
stl_midamerica_to_st_louis_lambert_2026-03-07_0019,midamerica_to_st_louis_lambert,MidAmerica to St. Louis Lambert,w_0019,0.0,0.1,0.7,0.2,126.39678652365858,17.229437512968026,155,dbscan_036,dbscan_noise_009
stl_midamerica_to_st_louis_lambert_2026-03-07_0020,midamerica_to_st_louis_lambert,MidAmerica to St. Louis Lambert,w_0020,0.0,0.1,0.8,0.1,126.77286683436635,12.638900723802209,156,dbscan_037,dbscan_noise_010
stl_midamerica_to_st_louis_lambert_2026-03-07_0021,midamerica_to_st_louis_lambert,MidAmerica to St. Louis Lambert,w_0021,0.0,0.1,0.9,0.0,145.05816839355427,8.006647584288213,176,dbscan_038,dbscan_noise_011
stl_midamerica_to_st_louis_lambert_2026-03-07_0022,midamerica_to_st_louis_lambert,MidAmerica to St. Louis Lambert,w_0022,0.0,0.2,0.0,0.8,123.78743182781092,39.80485024578092,149,dbscan_019,dbscan_noise_006
stl_midamerica_to_st_louis_lambert_2026-03-07_0023,midamerica_to_st_louis_lambert,MidAmerica to St. Louis Lambert,w_0023,0.0,0.2,0.1,0.7,133.67038208199074,37.0620493848358,165,dbscan_039,dbscan_noise_012
stl_midamerica_to_st_louis_lambert_2026-03-07_0024,midamerica_to_st_louis_lambert,MidAmerica to St. Louis Lambert,w_0024,0.0,0.2,0.2,0.6,125.06741481409664,33.69020442039325,152,dbscan_011,dbscan_002
stl_midamerica_to_st_louis_lambert_2026-03-07_0025,midamerica_to_st_louis_lambert,MidAmerica to St. Louis Lambert,w_0025,0.0,0.2,0.3,0.5,142.16906501782677,30.183389413457057,175,dbscan_008,dbscan_003
stl_midamerica_to_st_louis_lambert_2026-03-07_0026,midamerica_to_st_louis_lambert,MidAmerica to St. Louis Lambert,w_0026,0.0,0.2,0.4,0.4,142.16906501782677,26.49101619144407,175,dbscan_008,dbscan_003
stl_midamerica_to_st_louis_lambert_2026-03-07_0027,midamerica_to_st_louis_lambert,MidAmerica to St. Louis Lambert,w_0027,0.0,0.2,0.5,0.3,144.05235246671614,22.797603917493547,175,dbscan_008,dbscan_003
stl_midamerica_to_st_louis_lambert_2026-03-07_0028,midamerica_to_st_louis_lambert,MidAmerica to St. Louis Lambert,w_0028,0.0,0.2,0.6,0.2,144.4426204698941,18.76978985842055,178,dbscan_008,dbscan_003
stl_midamerica_to_st_louis_lambert_2026-03-07_0029,midamerica_to_st_louis_lambert,MidAmerica to St. Louis Lambert,w_0029,0.0,0.2,0.7,0.1,146.63521138980678,14.333990590670876,181,dbscan_008,dbscan_003
stl_midamerica_to_st_louis_lambert_2026-03-07_0030,midamerica_to_st_louis_lambert,MidAmerica to St. Louis Lambert,w_0030,0.0,0.2,0.8,0.0,150.97913320191117,8.914215585334375,184,dbscan_012,dbscan_004
stl_midamerica_to_st_louis_lambert_2026-03-07_0031,midamerica_to_st_louis_lambert,MidAmerica to St. Louis Lambert,w_0031,0.0,0.3,0.0,0.7,123.78743182781092,36.80727536867136,149,dbscan_019,dbscan_noise_006
stl_midamerica_to_st_louis_lambert_2026-03-07_0032,midamerica_to_st_louis_lambert,MidAmerica to St. Louis Lambert,w_0032,0.0,0.3,0.1,0.6,124.38434214000704,34.03431706940678,150,dbscan_040,dbscan_noise_013
stl_midamerica_to_st_louis_lambert_2026-03-07_0033,midamerica_to_st_louis_lambert,MidAmerica to St. Louis Lambert,w_0033,0.0,0.3,0.2,0.5,125.06741481409664,30.60074673883841,152,dbscan_011,dbscan_002
stl_midamerica_to_st_louis_lambert_2026-03-07_0034,midamerica_to_st_louis_lambert,MidAmerica to St. Louis Lambert,w_0034,0.0,0.3,0.3,0.4,124.9886341483599,27.082014647985044,153,dbscan_011,dbscan_002
stl_midamerica_to_st_louis_lambert_2026-03-07_0035,midamerica_to_st_louis_lambert,MidAmerica to St. Louis Lambert,w_0035,0.0,0.3,0.4,0.3,142.24752067723756,23.351932614821717,175,dbscan_008,dbscan_003
stl_midamerica_to_st_louis_lambert_2026-03-07_0036,midamerica_to_st_louis_lambert,MidAmerica to St. Louis Lambert,w_0036,0.0,0.3,0.5,0.2,142.99733216634414,19.46315970999005,177,dbscan_008,dbscan_003
stl_midamerica_to_st_louis_lambert_2026-03-07_0037,midamerica_to_st_louis_lambert,MidAmerica to St. Louis Lambert,w_0037,0.0,0.3,0.6,0.1,157.6555900545969,15.06376942636464,196,dbscan_041,dbscan_noise_014
stl_midamerica_to_st_louis_lambert_2026-03-07_0038,midamerica_to_st_louis_lambert,MidAmerica to St. Louis Lambert,w_0038,0.0,0.3,0.7,0.0,149.14983644548823,9.248213801800697,184,dbscan_012,dbscan_004
stl_midamerica_to_st_louis_lambert_2026-03-07_0039,midamerica_to_st_louis_lambert,MidAmerica to St. Louis Lambert,w_0039,0.0,0.4,0.0,0.6,123.33169097241432,33.80889244568416,149,dbscan_042,dbscan_noise_015
stl_midamerica_to_st_louis_lambert_2026-03-07_0040,midamerica_to_st_louis_lambert,MidAmerica to St. Louis Lambert,w_0040,0.0,0.4,0.1,0.5,123.929240501873,30.853872315998235,150,dbscan_021,dbscan_noise_016
stl_midamerica_to_st_louis_lambert_2026-03-07_0041,midamerica_to_st_louis_lambert,MidAmerica to St. Louis Lambert,w_0041,0.0,0.4,0.2,0.4,134.12646370116198,27.418332576614706,166,dbscan_022,dbscan_noise_017
stl_midamerica_to_st_louis_lambert_2026-03-07_0042,midamerica_to_st_louis_lambert,MidAmerica to St. Louis Lambert,w_0042,0.0,0.4,0.3,0.3,125.52262090354373,23.80965090695887,153,dbscan_011,dbscan_002
stl_midamerica_to_st_louis_lambert_2026-03-07_0043,midamerica_to_st_louis_lambert,MidAmerica to St. Louis Lambert,w_0043,0.0,0.4,0.4,0.2,125.89834426940554,20.04296639380418,154,dbscan_011,dbscan_002
stl_midamerica_to_st_louis_lambert_2026-03-07_0044,midamerica_to_st_louis_lambert,MidAmerica to St. Louis Lambert,w_0044,0.0,0.4,0.5,0.1,156.84118351002252,15.093576645664262,196,dbscan_043,dbscan_noise_018
stl_midamerica_to_st_louis_lambert_2026-03-07_0045,midamerica_to_st_louis_lambert,MidAmerica to St. Louis Lambert,w_0045,0.0,0.4,0.6,0.0,149.14981127463972,9.30996454127099,184,dbscan_012,dbscan_004
stl_midamerica_to_st_louis_lambert_2026-03-07_0046,midamerica_to_st_louis_lambert,MidAmerica to St. Louis Lambert,w_0046,0.0,0.5,0.0,0.5,125.25875002886497,30.35221082428001,150,dbscan_044,dbscan_noise_019
stl_midamerica_to_st_louis_lambert_2026-03-07_0047,midamerica_to_st_louis_lambert,MidAmerica to St. Louis Lambert,w_0047,0.0,0.5,0.1,0.4,123.929240501873,27.56263575008469,150,dbscan_021,dbscan_noise_016
stl_midamerica_to_st_louis_lambert_2026-03-07_0048,midamerica_to_st_louis_lambert,MidAmerica to St. Louis Lambert,w_0048,0.0,0.5,0.2,0.3,134.12646370116198,24.16759420462129,166,dbscan_022,dbscan_noise_017
stl_midamerica_to_st_louis_lambert_2026-03-07_0049,midamerica_to_st_louis_lambert,MidAmerica to St. Louis Lambert,w_0049,0.0,0.5,0.3,0.2,140.27159744309185,20.23528911201704,173,dbscan_012,dbscan_004
stl_midamerica_to_st_louis_lambert_2026-03-07_0050,midamerica_to_st_louis_lambert,MidAmerica to St. Louis Lambert,w_0050,0.0,0.5,0.4,0.1,141.39022393668088,14.99471980932665,176,dbscan_012,dbscan_004
stl_midamerica_to_st_louis_lambert_2026-03-07_0051,midamerica_to_st_louis_lambert,MidAmerica to St. Louis Lambert,w_0051,0.0,0.5,0.5,0.0,149.14981127463972,9.267953061428967,184,dbscan_012,dbscan_004
stl_midamerica_to_st_louis_lambert_2026-03-07_0052,midamerica_to_st_louis_lambert,MidAmerica to St. Louis Lambert,w_0052,0.0,0.6,0.0,0.4,124.71624154096402,26.335843625231465,150,dbscan_023,dbscan_noise_020
stl_midamerica_to_st_louis_lambert_2026-03-07_0053,midamerica_to_st_louis_lambert,MidAmerica to St. Louis Lambert,w_0053,0.0,0.6,0.1,0.3,125.10222569400622,23.83473600021016,151,dbscan_045,dbscan_noise_021
stl_midamerica_to_st_louis_lambert_2026-03-07_0054,midamerica_to_st_louis_lambert,MidAmerica to St. Louis Lambert,w_0054,0.0,0.6,0.2,0.2,138.5731005563172,19.538287351078356,170,dbscan_016,dbscan_005
stl_midamerica_to_st_louis_lambert_2026-03-07_0055,midamerica_to_st_louis_lambert,MidAmerica to St. Louis Lambert,w_0055,0.0,0.6,0.3,0.1,151.43029272173305,14.72972628637583,190,dbscan_046,dbscan_noise_022
stl_midamerica_to_st_louis_lambert_2026-03-07_0056,midamerica_to_st_louis_lambert,MidAmerica to St. Louis Lambert,w_0056,0.0,0.6,0.4,0.0,149.52226191344866,9.11608524222224,185,dbscan_047,dbscan_noise_023
stl_midamerica_to_st_louis_lambert_2026-03-07_0057,midamerica_to_st_louis_lambert,MidAmerica to St. Louis Lambert,w_0057,0.0,0.7,0.0,0.3,124.71624154096402,22.22515089610336,150,dbscan_023,dbscan_noise_020
stl_midamerica_to_st_louis_lambert_2026-03-07_0058,midamerica_to_st_louis_lambert,MidAmerica to St. Louis Lambert,w_0058,0.0,0.7,0.1,0.2,139.10821268401426,18.450472133680613,170,dbscan_016,dbscan_005
stl_midamerica_to_st_louis_lambert_2026-03-07_0059,midamerica_to_st_louis_lambert,MidAmerica to St. Louis Lambert,w_0059,0.0,0.7,0.2,0.1,139.47950922981823,13.798702674106163,171,dbscan_016,dbscan_005
stl_midamerica_to_st_louis_lambert_2026-03-07_0060,midamerica_to_st_louis_lambert,MidAmerica to St. Louis Lambert,w_0060,0.0,0.7,0.3,0.0,155.8617722066579,8.669261677523611,199,dbscan_048,dbscan_noise_024
stl_midamerica_to_st_louis_lambert_2026-03-07_0061,midamerica_to_st_louis_lambert,MidAmerica to St. Louis Lambert,w_0061,0.0,0.8,0.0,0.2,138.58768842049477,17.18982623210607,170,dbscan_024,dbscan_noise_025
stl_midamerica_to_st_louis_lambert_2026-03-07_0062,midamerica_to_st_louis_lambert,MidAmerica to St. Louis Lambert,w_0062,0.0,0.8,0.1,0.1,138.57353001395612,12.761427263912124,170,dbscan_016,dbscan_005
stl_midamerica_to_st_louis_lambert_2026-03-07_0063,midamerica_to_st_louis_lambert,MidAmerica to St. Louis Lambert,w_0063,0.0,0.8,0.2,0.0,148.35772306136613,7.8285022421877235,182,dbscan_016,dbscan_005
stl_midamerica_to_st_louis_lambert_2026-03-07_0064,midamerica_to_st_louis_lambert,MidAmerica to St. Louis Lambert,w_0064,0.0,0.9,0.0,0.1,138.58768842049477,11.53855451111932,170,dbscan_024,dbscan_noise_025
stl_midamerica_to_st_louis_lambert_2026-03-07_0065,midamerica_to_st_louis_lambert,MidAmerica to St. Louis Lambert,w_0065,0.0,0.9,0.1,0.0,147.6337513833124,6.882452451540848,180,dbscan_049,dbscan_noise_026
stl_midamerica_to_st_louis_lambert_2026-03-07_0066,midamerica_to_st_louis_lambert,MidAmerica to St. Louis Lambert,w_0066,0.0,1.0,0.0,0.0,157.4707573877159,5.085566711516135,192,dbscan_050,dbscan_noise_027
stl_midamerica_to_st_louis_lambert_2026-03-07_0067,midamerica_to_st_louis_lambert,MidAmerica to St. Louis Lambert,w_0067,0.1,0.0,0.0,0.9,71.90057520712594,49.49312327714821,96,dbscan_004,dbscan_006
stl_midamerica_to_st_louis_lambert_2026-03-07_0068,midamerica_to_st_louis_lambert,MidAmerica to St. Louis Lambert,w_0068,0.1,0.0,0.1,0.8,72.96646333899444,47.59236524949056,96,dbscan_004,dbscan_006
stl_midamerica_to_st_louis_lambert_2026-03-07_0069,midamerica_to_st_louis_lambert,MidAmerica to St. Louis Lambert,w_0069,0.1,0.0,0.2,0.7,89.06774159463262,44.95591502346235,115,dbscan_025,dbscan_noise_028
stl_midamerica_to_st_louis_lambert_2026-03-07_0070,midamerica_to_st_louis_lambert,MidAmerica to St. Louis Lambert,w_0070,0.1,0.0,0.3,0.6,96.44003237334304,41.260366949823485,122,dbscan_009,dbscan_007
stl_midamerica_to_st_louis_lambert_2026-03-07_0071,midamerica_to_st_louis_lambert,MidAmerica to St. Louis Lambert,w_0071,0.1,0.0,0.4,0.5,96.44003237334304,37.19587285539416,122,dbscan_009,dbscan_007
stl_midamerica_to_st_louis_lambert_2026-03-07_0072,midamerica_to_st_louis_lambert,MidAmerica to St. Louis Lambert,w_0072,0.1,0.0,0.5,0.4,96.81409710887324,33.08233981700353,123,dbscan_009,dbscan_007
stl_midamerica_to_st_louis_lambert_2026-03-07_0073,midamerica_to_st_louis_lambert,MidAmerica to St. Louis Lambert,w_0073,0.1,0.0,0.6,0.3,98.6649814476825,28.770409431927494,124,dbscan_009,dbscan_007
stl_midamerica_to_st_louis_lambert_2026-03-07_0074,midamerica_to_st_louis_lambert,MidAmerica to St. Louis Lambert,w_0074,0.1,0.0,0.7,0.2,98.6649814476825,24.405691126028643,124,dbscan_009,dbscan_007
stl_midamerica_to_st_louis_lambert_2026-03-07_0075,midamerica_to_st_louis_lambert,MidAmerica to St. Louis Lambert,w_0075,0.1,0.0,0.8,0.1,100.0962888449466,19.88342223392449,125,dbscan_051,dbscan_noise_029
stl_midamerica_to_st_louis_lambert_2026-03-07_0076,midamerica_to_st_louis_lambert,MidAmerica to St. Louis Lambert,w_0076,0.1,0.0,0.9,0.0,105.24186010890784,15.2141701806819,134,dbscan_052,dbscan_noise_030
stl_midamerica_to_st_louis_lambert_2026-03-07_0077,midamerica_to_st_louis_lambert,MidAmerica to St. Louis Lambert,w_0077,0.1,0.1,0.0,0.8,74.42461752704692,47.89368615676638,97,dbscan_006,dbscan_008
stl_midamerica_to_st_louis_lambert_2026-03-07_0078,midamerica_to_st_louis_lambert,MidAmerica to St. Louis Lambert,w_0078,0.1,0.1,0.1,0.7,77.62497418904103,46.87123655186862,97,dbscan_006,dbscan_008
stl_midamerica_to_st_louis_lambert_2026-03-07_0079,midamerica_to_st_louis_lambert,MidAmerica to St. Louis Lambert,w_0079,0.1,0.1,0.2,0.6,92.14813481124705,43.86240297335468,119,dbscan_053,dbscan_noise_031
stl_midamerica_to_st_louis_lambert_2026-03-07_0080,midamerica_to_st_louis_lambert,MidAmerica to St. Louis Lambert,w_0080,0.1,0.1,0.3,0.5,94.3244594587219,40.19598095793827,122,dbscan_013,dbscan_009
stl_midamerica_to_st_louis_lambert_2026-03-07_0081,midamerica_to_st_louis_lambert,MidAmerica to St. Louis Lambert,w_0081,0.1,0.1,0.4,0.4,97.76360690690775,36.11358858250895,123,dbscan_009,dbscan_007
stl_midamerica_to_st_louis_lambert_2026-03-07_0082,midamerica_to_st_louis_lambert,MidAmerica to St. Louis Lambert,w_0082,0.1,0.1,0.5,0.3,98.13768520369064,31.96886069664677,124,dbscan_009,dbscan_007
stl_midamerica_to_st_louis_lambert_2026-03-07_0083,midamerica_to_st_louis_lambert,MidAmerica to St. Louis Lambert,w_0083,0.1,0.1,0.6,0.2,98.66556375789756,27.72188858138661,124,dbscan_009,dbscan_007
stl_midamerica_to_st_louis_lambert_2026-03-07_0084,midamerica_to_st_louis_lambert,MidAmerica to St. Louis Lambert,w_0084,0.1,0.1,0.7,0.1,98.66556375789756,23.357170275487764,124,dbscan_009,dbscan_007
stl_midamerica_to_st_louis_lambert_2026-03-07_0085,midamerica_to_st_louis_lambert,MidAmerica to St. Louis Lambert,w_0085,0.1,0.1,0.8,0.0,101.15342261291264,18.822206366092267,125,dbscan_054,dbscan_noise_032
stl_midamerica_to_st_louis_lambert_2026-03-07_0086,midamerica_to_st_louis_lambert,MidAmerica to St. Louis Lambert,w_0086,0.1,0.2,0.0,0.7,74.42461752704692,45.296461856285696,97,dbscan_006,dbscan_008
stl_midamerica_to_st_louis_lambert_2026-03-07_0087,midamerica_to_st_louis_lambert,MidAmerica to St. Louis Lambert,w_0087,0.1,0.2,0.1,0.6,76.02595473905181,44.69604830911938,97,dbscan_006,dbscan_008
stl_midamerica_to_st_louis_lambert_2026-03-07_0088,midamerica_to_st_louis_lambert,MidAmerica to St. Louis Lambert,w_0088,0.1,0.2,0.2,0.5,112.05290135146144,41.62700853519506,142,dbscan_010,dbscan_010
stl_midamerica_to_st_louis_lambert_2026-03-07_0089,midamerica_to_st_louis_lambert,MidAmerica to St. Louis Lambert,w_0089,0.1,0.2,0.3,0.4,112.9747033064759,38.10596013370723,143,dbscan_010,dbscan_010
stl_midamerica_to_st_louis_lambert_2026-03-07_0090,midamerica_to_st_louis_lambert,MidAmerica to St. Louis Lambert,w_0090,0.1,0.2,0.4,0.3,112.5191722107029,34.45011762367269,143,dbscan_010,dbscan_010
stl_midamerica_to_st_louis_lambert_2026-03-07_0091,midamerica_to_st_louis_lambert,MidAmerica to St. Louis Lambert,w_0091,0.1,0.2,0.5,0.2,112.89521724764816,30.71129763621798,144,dbscan_010,dbscan_010
stl_midamerica_to_st_louis_lambert_2026-03-07_0092,midamerica_to_st_louis_lambert,MidAmerica to St. Louis Lambert,w_0092,0.1,0.2,0.6,0.1,109.0497191130128,26.533882255502224,145,dbscan_055,dbscan_noise_033
stl_midamerica_to_st_louis_lambert_2026-03-07_0093,midamerica_to_st_louis_lambert,MidAmerica to St. Louis Lambert,w_0093,0.1,0.2,0.7,0.0,111.06577301988456,21.633628677332787,149,dbscan_056,dbscan_noise_034
stl_midamerica_to_st_louis_lambert_2026-03-07_0094,midamerica_to_st_louis_lambert,MidAmerica to St. Louis Lambert,w_0094,0.1,0.3,0.0,0.6,74.42461752704692,42.69923755580501,97,dbscan_006,dbscan_008
stl_midamerica_to_st_louis_lambert_2026-03-07_0095,midamerica_to_st_louis_lambert,MidAmerica to St. Louis Lambert,w_0095,0.1,0.3,0.1,0.5,110.77511737456403,41.92228364295875,142,dbscan_017,dbscan_011
stl_midamerica_to_st_louis_lambert_2026-03-07_0096,midamerica_to_st_louis_lambert,MidAmerica to St. Louis Lambert,w_0096,0.1,0.3,0.2,0.4,111.38843977573218,38.54719993127877,142,dbscan_017,dbscan_011
stl_midamerica_to_st_louis_lambert_2026-03-07_0097,midamerica_to_st_louis_lambert,MidAmerica to St. Louis Lambert,w_0097,0.1,0.3,0.3,0.3,112.5191722107029,34.92189402654711,143,dbscan_010,dbscan_010
stl_midamerica_to_st_louis_lambert_2026-03-07_0098,midamerica_to_st_louis_lambert,MidAmerica to St. Louis Lambert,w_0098,0.1,0.3,0.4,0.2,112.89489557656474,31.22847502647243,144,dbscan_010,dbscan_010
stl_midamerica_to_st_louis_lambert_2026-03-07_0099,midamerica_to_st_louis_lambert,MidAmerica to St. Louis Lambert,w_0099,0.1,0.3,0.5,0.1,112.21494805095467,27.272343449240875,145,dbscan_057,dbscan_noise_035
stl_midamerica_to_st_louis_lambert_2026-03-07_0100,midamerica_to_st_louis_lambert,MidAmerica to St. Louis Lambert,w_0100,0.1,0.3,0.6,0.0,120.72540366328973,22.428704929298867,164,dbscan_058,dbscan_noise_036
stl_midamerica_to_st_louis_lambert_2026-03-07_0101,midamerica_to_st_louis_lambert,MidAmerica to St. Louis Lambert,w_0101,0.1,0.4,0.0,0.5,93.2818575741698,39.80565152535856,119,dbscan_059,dbscan_noise_037
stl_midamerica_to_st_louis_lambert_2026-03-07_0102,midamerica_to_st_louis_lambert,MidAmerica to St. Louis Lambert,w_0102,0.1,0.4,0.1,0.4,110.31923351593284,38.70850298806009,142,dbscan_017,dbscan_011
stl_midamerica_to_st_louis_lambert_2026-03-07_0103,midamerica_to_st_louis_lambert,MidAmerica to St. Louis Lambert,w_0103,0.1,0.4,0.2,0.3,111.38880819936676,35.36101393759301,142,dbscan_017,dbscan_011
stl_midamerica_to_st_louis_lambert_2026-03-07_0104,midamerica_to_st_louis_lambert,MidAmerica to St. Louis Lambert,w_0104,0.1,0.4,0.3,0.2,112.5191722107029,31.71418747327566,143,dbscan_010,dbscan_010
stl_midamerica_to_st_louis_lambert_2026-03-07_0105,midamerica_to_st_louis_lambert,MidAmerica to St. Louis Lambert,w_0105,0.1,0.4,0.4,0.1,112.89489557656474,27.90966883314172,144,dbscan_010,dbscan_010
stl_midamerica_to_st_louis_lambert_2026-03-07_0106,midamerica_to_st_louis_lambert,MidAmerica to St. Louis Lambert,w_0106,0.1,0.4,0.5,0.0,121.25455123795676,22.62707770321503,164,dbscan_060,dbscan_noise_038
stl_midamerica_to_st_louis_lambert_2026-03-07_0107,midamerica_to_st_louis_lambert,MidAmerica to St. Louis Lambert,w_0107,0.1,0.5,0.0,0.4,90.09224420146406,36.159521947614806,119,dbscan_061,dbscan_noise_039
stl_midamerica_to_st_louis_lambert_2026-03-07_0108,midamerica_to_st_louis_lambert,MidAmerica to St. Louis Lambert,w_0108,0.1,0.5,0.1,0.3,76.47556355254133,35.365887642118054,101,dbscan_014,dbscan_012
stl_midamerica_to_st_louis_lambert_2026-03-07_0109,midamerica_to_st_louis_lambert,MidAmerica to St. Louis Lambert,w_0109,0.1,0.5,0.2,0.2,111.74916456162632,32.10781292356872,143,dbscan_017,dbscan_011
stl_midamerica_to_st_louis_lambert_2026-03-07_0110,midamerica_to_st_louis_lambert,MidAmerica to St. Louis Lambert,w_0110,0.1,0.5,0.3,0.1,121.78512566674677,28.014333785121103,162,dbscan_062,dbscan_noise_040
stl_midamerica_to_st_louis_lambert_2026-03-07_0111,midamerica_to_st_louis_lambert,MidAmerica to St. Louis Lambert,w_0111,0.1,0.5,0.4,0.0,121.50908558688953,22.568332975512973,164,dbscan_063,dbscan_noise_041
stl_midamerica_to_st_louis_lambert_2026-03-07_0112,midamerica_to_st_louis_lambert,MidAmerica to St. Louis Lambert,w_0112,0.1,0.6,0.0,0.3,90.0929044869205,32.40865752082237,119,dbscan_026,dbscan_noise_042
stl_midamerica_to_st_louis_lambert_2026-03-07_0113,midamerica_to_st_louis_lambert,MidAmerica to St. Louis Lambert,w_0113,0.1,0.6,0.1,0.2,77.00303023207412,31.550782351131225,101,dbscan_014,dbscan_012
stl_midamerica_to_st_louis_lambert_2026-03-07_0114,midamerica_to_st_louis_lambert,MidAmerica to St. Louis Lambert,w_0114,0.1,0.6,0.2,0.1,123.21985855230784,27.196263716181026,163,dbscan_064,dbscan_noise_043
stl_midamerica_to_st_louis_lambert_2026-03-07_0115,midamerica_to_st_louis_lambert,MidAmerica to St. Louis Lambert,w_0115,0.1,0.6,0.3,0.0,124.9397132807156,22.324802357591636,169,dbscan_018,dbscan_013
stl_midamerica_to_st_louis_lambert_2026-03-07_0116,midamerica_to_st_louis_lambert,MidAmerica to St. Louis Lambert,w_0116,0.1,0.7,0.0,0.2,90.0929044869205,28.597549313823983,119,dbscan_026,dbscan_noise_042
stl_midamerica_to_st_louis_lambert_2026-03-07_0117,midamerica_to_st_louis_lambert,MidAmerica to St. Louis Lambert,w_0117,0.1,0.7,0.1,0.1,124.56188760627931,26.13025133765631,169,dbscan_065,dbscan_noise_044
stl_midamerica_to_st_louis_lambert_2026-03-07_0118,midamerica_to_st_louis_lambert,MidAmerica to St. Louis Lambert,w_0118,0.1,0.7,0.2,0.0,124.18839938056894,21.44318653326443,167,dbscan_018,dbscan_013
stl_midamerica_to_st_louis_lambert_2026-03-07_0119,midamerica_to_st_louis_lambert,MidAmerica to St. Louis Lambert,w_0119,0.1,0.8,0.0,0.1,123.24951476069776,24.614790751873656,169,dbscan_066,dbscan_noise_045
stl_midamerica_to_st_louis_lambert_2026-03-07_0120,midamerica_to_st_louis_lambert,MidAmerica to St. Louis Lambert,w_0120,0.1,0.8,0.1,0.0,120.19096479199172,20.404105603523007,163,dbscan_018,dbscan_013
stl_midamerica_to_st_louis_lambert_2026-03-07_0121,midamerica_to_st_louis_lambert,MidAmerica to St. Louis Lambert,w_0121,0.1,0.9,0.0,0.0,118.8743179354038,18.913824738062555,163,dbscan_018,dbscan_013
stl_midamerica_to_st_louis_lambert_2026-03-07_0122,midamerica_to_st_louis_lambert,MidAmerica to St. Louis Lambert,w_0122,0.2,0.0,0.0,0.8,71.90057520712594,52.78624655429639,96,dbscan_004,dbscan_006
stl_midamerica_to_st_louis_lambert_2026-03-07_0123,midamerica_to_st_louis_lambert,MidAmerica to St. Louis Lambert,w_0123,0.2,0.0,0.1,0.7,72.43443181423584,50.98318088114547,96,dbscan_004,dbscan_006
stl_midamerica_to_st_louis_lambert_2026-03-07_0124,midamerica_to_st_louis_lambert,MidAmerica to St. Louis Lambert,w_0124,0.2,0.0,0.2,0.6,72.96685350563659,48.9526124442171,96,dbscan_004,dbscan_006
stl_midamerica_to_st_louis_lambert_2026-03-07_0125,midamerica_to_st_louis_lambert,MidAmerica to St. Louis Lambert,w_0125,0.2,0.0,0.3,0.5,89.06774159463262,46.485113013626105,115,dbscan_025,dbscan_noise_028
stl_midamerica_to_st_louis_lambert_2026-03-07_0126,midamerica_to_st_louis_lambert,MidAmerica to St. Louis Lambert,w_0126,0.2,0.0,0.4,0.4,93.57616623155066,42.9074469327812,120,dbscan_013,dbscan_009
stl_midamerica_to_st_louis_lambert_2026-03-07_0127,midamerica_to_st_louis_lambert,MidAmerica to St. Louis Lambert,w_0127,0.2,0.0,0.5,0.3,94.69849706236258,38.88139418612744,123,dbscan_013,dbscan_009
stl_midamerica_to_st_louis_lambert_2026-03-07_0128,midamerica_to_st_louis_lambert,MidAmerica to St. Louis Lambert,w_0128,0.2,0.0,0.6,0.2,96.28401560356312,34.51966714872239,123,dbscan_067,dbscan_noise_046
stl_midamerica_to_st_louis_lambert_2026-03-07_0129,midamerica_to_st_louis_lambert,MidAmerica to St. Louis Lambert,w_0129,0.2,0.0,0.7,0.1,93.27021577034492,30.08140489045428,122,dbscan_068,dbscan_noise_047
stl_midamerica_to_st_louis_lambert_2026-03-07_0130,midamerica_to_st_louis_lambert,MidAmerica to St. Louis Lambert,w_0130,0.2,0.0,0.8,0.0,92.21580583017382,25.45237694844801,122,dbscan_027,dbscan_noise_048
stl_midamerica_to_st_louis_lambert_2026-03-07_0131,midamerica_to_st_louis_lambert,MidAmerica to St. Louis Lambert,w_0131,0.2,0.1,0.0,0.7,73.35714512830332,51.307063359196015,97,dbscan_006,dbscan_008
stl_midamerica_to_st_louis_lambert_2026-03-07_0132,midamerica_to_st_louis_lambert,MidAmerica to St. Louis Lambert,w_0132,0.2,0.1,0.1,0.6,72.98312533939583,50.45095041275116,96,dbscan_006,dbscan_008
stl_midamerica_to_st_louis_lambert_2026-03-07_0133,midamerica_to_st_louis_lambert,MidAmerica to St. Louis Lambert,w_0133,0.2,0.1,0.2,0.5,74.05509736531329,48.2506517226484,96,dbscan_028,dbscan_noise_049
stl_midamerica_to_st_louis_lambert_2026-03-07_0134,midamerica_to_st_louis_lambert,MidAmerica to St. Louis Lambert,w_0134,0.2,0.1,0.3,0.4,74.05509736531329,45.47416352008457,96,dbscan_028,dbscan_noise_049
stl_midamerica_to_st_louis_lambert_2026-03-07_0135,midamerica_to_st_louis_lambert,MidAmerica to St. Louis Lambert,w_0135,0.2,0.1,0.4,0.3,93.5761933634402,41.81432794450108,120,dbscan_013,dbscan_009
stl_midamerica_to_st_louis_lambert_2026-03-07_0136,midamerica_to_st_louis_lambert,MidAmerica to St. Louis Lambert,w_0136,0.2,0.1,0.5,0.2,94.6985377555048,37.78542982283808,123,dbscan_013,dbscan_009
stl_midamerica_to_st_louis_lambert_2026-03-07_0137,midamerica_to_st_louis_lambert,MidAmerica to St. Louis Lambert,w_0137,0.2,0.1,0.6,0.1,95.22641630971172,33.62709694792508,123,dbscan_013,dbscan_009
stl_midamerica_to_st_louis_lambert_2026-03-07_0138,midamerica_to_st_louis_lambert,MidAmerica to St. Louis Lambert,w_0138,0.2,0.1,0.7,0.0,96.28446876435068,29.231491048564973,123,dbscan_069,dbscan_noise_050
stl_midamerica_to_st_louis_lambert_2026-03-07_0139,midamerica_to_st_louis_lambert,MidAmerica to St. Louis Lambert,w_0139,0.2,0.2,0.0,0.6,74.42461752704692,48.78737231353273,97,dbscan_006,dbscan_008
stl_midamerica_to_st_louis_lambert_2026-03-07_0140,midamerica_to_st_louis_lambert,MidAmerica to St. Louis Lambert,w_0140,0.2,0.2,0.1,0.5,74.43130312021513,48.15481941926886,97,dbscan_006,dbscan_008
stl_midamerica_to_st_louis_lambert_2026-03-07_0141,midamerica_to_st_louis_lambert,MidAmerica to St. Louis Lambert,w_0141,0.2,0.2,0.2,0.4,74.43659212648343,45.85431181528293,97,dbscan_002,dbscan_014
stl_midamerica_to_st_louis_lambert_2026-03-07_0142,midamerica_to_st_louis_lambert,MidAmerica to St. Louis Lambert,w_0142,0.2,0.2,0.3,0.3,75.50584501115348,43.352922611888616,97,dbscan_002,dbscan_014
stl_midamerica_to_st_louis_lambert_2026-03-07_0143,midamerica_to_st_louis_lambert,MidAmerica to St. Louis Lambert,w_0143,0.2,0.2,0.4,0.2,81.37574024912136,39.83228020096772,104,dbscan_007,dbscan_015
stl_midamerica_to_st_louis_lambert_2026-03-07_0144,midamerica_to_st_louis_lambert,MidAmerica to St. Louis Lambert,w_0144,0.2,0.2,0.5,0.1,84.91329577261553,35.82167421471753,112,dbscan_007,dbscan_015
stl_midamerica_to_st_louis_lambert_2026-03-07_0145,midamerica_to_st_louis_lambert,MidAmerica to St. Louis Lambert,w_0145,0.2,0.2,0.6,0.0,85.4474644867516,31.528558275410624,112,dbscan_007,dbscan_015
stl_midamerica_to_st_louis_lambert_2026-03-07_0146,midamerica_to_st_louis_lambert,MidAmerica to St. Louis Lambert,w_0146,0.2,0.3,0.0,0.5,74.42492977850672,46.18031285298394,97,dbscan_006,dbscan_008
stl_midamerica_to_st_louis_lambert_2026-03-07_0147,midamerica_to_st_louis_lambert,MidAmerica to St. Louis Lambert,w_0147,0.2,0.3,0.1,0.4,72.84513025963479,45.13397799135537,97,dbscan_001,dbscan_016
stl_midamerica_to_st_louis_lambert_2026-03-07_0148,midamerica_to_st_louis_lambert,MidAmerica to St. Louis Lambert,w_0148,0.2,0.3,0.2,0.3,73.38002140683612,42.93309144427774,97,dbscan_001,dbscan_016
stl_midamerica_to_st_louis_lambert_2026-03-07_0149,midamerica_to_st_louis_lambert,MidAmerica to St. Louis Lambert,w_0149,0.2,0.3,0.3,0.2,75.88921305210881,40.428902716468585,98,dbscan_001,dbscan_016
stl_midamerica_to_st_louis_lambert_2026-03-07_0150,midamerica_to_st_louis_lambert,MidAmerica to St. Louis Lambert,w_0150,0.2,0.3,0.4,0.1,84.53765123303468,36.53109167751045,111,dbscan_007,dbscan_015
stl_midamerica_to_st_louis_lambert_2026-03-07_0151,midamerica_to_st_louis_lambert,MidAmerica to St. Louis Lambert,w_0151,0.2,0.3,0.5,0.0,85.82263095715369,32.306292933463936,113,dbscan_007,dbscan_015
stl_midamerica_to_st_louis_lambert_2026-03-07_0152,midamerica_to_st_louis_lambert,MidAmerica to St. Louis Lambert,w_0152,0.2,0.4,0.0,0.4,73.74264765764532,43.145037015189416,98,dbscan_003,dbscan_017
stl_midamerica_to_st_louis_lambert_2026-03-07_0153,midamerica_to_st_louis_lambert,MidAmerica to St. Louis Lambert,w_0153,0.2,0.4,0.1,0.3,72.84513025963479,41.87515073999527,97,dbscan_001,dbscan_016
stl_midamerica_to_st_louis_lambert_2026-03-07_0154,midamerica_to_st_louis_lambert,MidAmerica to St. Louis Lambert,w_0154,0.2,0.4,0.2,0.2,73.91338157015424,39.71416306942043,97,dbscan_001,dbscan_016
stl_midamerica_to_st_louis_lambert_2026-03-07_0155,midamerica_to_st_louis_lambert,MidAmerica to St. Louis Lambert,w_0155,0.2,0.4,0.3,0.1,84.53784632290863,36.91706776546011,111,dbscan_007,dbscan_015
stl_midamerica_to_st_louis_lambert_2026-03-07_0156,midamerica_to_st_louis_lambert,MidAmerica to St. Louis Lambert,w_0156,0.2,0.4,0.4,0.0,84.53765123303468,32.85837307330359,111,dbscan_007,dbscan_015
stl_midamerica_to_st_louis_lambert_2026-03-07_0157,midamerica_to_st_louis_lambert,MidAmerica to St. Louis Lambert,w_0157,0.2,0.5,0.0,0.3,74.86744372005592,39.65898568705563,101,dbscan_003,dbscan_017
stl_midamerica_to_st_louis_lambert_2026-03-07_0158,midamerica_to_st_louis_lambert,MidAmerica to St. Louis Lambert,w_0158,0.2,0.5,0.1,0.2,76.47556355254133,38.54251797278421,101,dbscan_014,dbscan_012
stl_midamerica_to_st_louis_lambert_2026-03-07_0159,midamerica_to_st_louis_lambert,MidAmerica to St. Louis Lambert,w_0159,0.2,0.5,0.2,0.1,75.03832096883752,36.2624157723798,100,dbscan_001,dbscan_016
stl_midamerica_to_st_louis_lambert_2026-03-07_0160,midamerica_to_st_louis_lambert,MidAmerica to St. Louis Lambert,w_0160,0.2,0.5,0.3,0.0,84.53784632290863,33.169636228511386,111,dbscan_007,dbscan_015
stl_midamerica_to_st_louis_lambert_2026-03-07_0161,midamerica_to_st_louis_lambert,MidAmerica to St. Louis Lambert,w_0161,0.2,0.6,0.0,0.2,75.4023021768558,35.898320074999006,101,dbscan_003,dbscan_017
stl_midamerica_to_st_louis_lambert_2026-03-07_0162,midamerica_to_st_louis_lambert,MidAmerica to St. Louis Lambert,w_0162,0.2,0.6,0.1,0.1,77.00303023207412,34.68546380096725,101,dbscan_014,dbscan_012
stl_midamerica_to_st_louis_lambert_2026-03-07_0163,midamerica_to_st_louis_lambert,MidAmerica to St. Louis Lambert,w_0163,0.2,0.6,0.2,0.0,75.56625286888898,32.61586543711418,100,dbscan_001,dbscan_016
stl_midamerica_to_st_louis_lambert_2026-03-07_0164,midamerica_to_st_louis_lambert,MidAmerica to St. Louis Lambert,w_0164,0.2,0.7,0.0,0.1,75.4023021768558,32.128536428975,101,dbscan_003,dbscan_017
stl_midamerica_to_st_louis_lambert_2026-03-07_0165,midamerica_to_st_louis_lambert,MidAmerica to St. Louis Lambert,w_0165,0.2,0.7,0.1,0.0,77.0038080210198,30.77533129836584,101,dbscan_014,dbscan_012
stl_midamerica_to_st_louis_lambert_2026-03-07_0166,midamerica_to_st_louis_lambert,MidAmerica to St. Louis Lambert,w_0166,0.2,0.8,0.0,0.0,75.92959962423426,28.233988460680187,101,dbscan_003,dbscan_017
stl_midamerica_to_st_louis_lambert_2026-03-07_0167,midamerica_to_st_louis_lambert,MidAmerica to St. Louis Lambert,w_0167,0.25,0.25,0.25,0.25,72.84575452782641,44.78512726646525,97,dbscan_001,dbscan_016
stl_midamerica_to_st_louis_lambert_2026-03-07_0168,midamerica_to_st_louis_lambert,MidAmerica to St. Louis Lambert,w_0168,0.3,0.0,0.0,0.7,71.90057520712594,56.07936983144455,96,dbscan_004,dbscan_006
stl_midamerica_to_st_louis_lambert_2026-03-07_0169,midamerica_to_st_louis_lambert,MidAmerica to St. Louis Lambert,w_0169,0.3,0.0,0.1,0.6,71.90174228364198,54.2837451606187,96,dbscan_004,dbscan_006
stl_midamerica_to_st_louis_lambert_2026-03-07_0170,midamerica_to_st_louis_lambert,MidAmerica to St. Louis Lambert,w_0170,0.3,0.0,0.2,0.5,72.96685350563659,52.32308654365781,96,dbscan_004,dbscan_006
stl_midamerica_to_st_louis_lambert_2026-03-07_0171,midamerica_to_st_louis_lambert,MidAmerica to St. Louis Lambert,w_0171,0.3,0.0,0.3,0.4,72.96685350563659,50.12891866632563,96,dbscan_004,dbscan_006
stl_midamerica_to_st_louis_lambert_2026-03-07_0172,midamerica_to_st_louis_lambert,MidAmerica to St. Louis Lambert,w_0172,0.3,0.0,0.4,0.3,72.99164236008316,47.141061259467165,96,dbscan_002,dbscan_014
stl_midamerica_to_st_louis_lambert_2026-03-07_0173,midamerica_to_st_louis_lambert,MidAmerica to St. Louis Lambert,w_0173,0.3,0.0,0.5,0.2,73.52658065096699,44.08917288569057,96,dbscan_002,dbscan_014
stl_midamerica_to_st_louis_lambert_2026-03-07_0174,midamerica_to_st_louis_lambert,MidAmerica to St. Louis Lambert,w_0174,0.3,0.0,0.6,0.1,92.21580583017382,39.6927013877572,122,dbscan_027,dbscan_noise_048
stl_midamerica_to_st_louis_lambert_2026-03-07_0175,midamerica_to_st_louis_lambert,MidAmerica to St. Louis Lambert,w_0175,0.3,0.0,0.7,0.0,84.88134782094573,34.536285307035925,118,dbscan_070,dbscan_noise_052
stl_midamerica_to_st_louis_lambert_2026-03-07_0176,midamerica_to_st_louis_lambert,MidAmerica to St. Louis Lambert,w_0176,0.3,0.1,0.0,0.6,72.44740305679663,54.63076394129871,96,dbscan_006,dbscan_008
stl_midamerica_to_st_louis_lambert_2026-03-07_0177,midamerica_to_st_louis_lambert,MidAmerica to St. Louis Lambert,w_0177,0.3,0.1,0.1,0.5,72.98312533939583,53.723215332725786,96,dbscan_006,dbscan_008
stl_midamerica_to_st_louis_lambert_2026-03-07_0178,midamerica_to_st_louis_lambert,MidAmerica to St. Louis Lambert,w_0178,0.3,0.1,0.2,0.4,72.46066447379637,51.415588744817725,96,dbscan_002,dbscan_014
stl_midamerica_to_st_louis_lambert_2026-03-07_0179,midamerica_to_st_louis_lambert,MidAmerica to St. Louis Lambert,w_0179,0.3,0.1,0.3,0.3,72.46050798999384,48.56314659127161,96,dbscan_002,dbscan_014
stl_midamerica_to_st_louis_lambert_2026-03-07_0180,midamerica_to_st_louis_lambert,MidAmerica to St. Louis Lambert,w_0180,0.3,0.1,0.4,0.2,72.9930785865307,45.63790868643238,96,dbscan_002,dbscan_014
stl_midamerica_to_st_louis_lambert_2026-03-07_0181,midamerica_to_st_louis_lambert,MidAmerica to St. Louis Lambert,w_0181,0.3,0.1,0.5,0.1,74.05396426894492,42.11126026963224,96,dbscan_005,dbscan_018
stl_midamerica_to_st_louis_lambert_2026-03-07_0182,midamerica_to_st_louis_lambert,MidAmerica to St. Louis Lambert,w_0182,0.3,0.1,0.6,0.0,74.0542377354332,38.39277431771136,96,dbscan_005,dbscan_018
stl_midamerica_to_st_louis_lambert_2026-03-07_0183,midamerica_to_st_louis_lambert,MidAmerica to St. Louis Lambert,w_0183,0.3,0.2,0.0,0.5,72.29260468015718,52.14938056079359,97,dbscan_006,dbscan_008
stl_midamerica_to_st_louis_lambert_2026-03-07_0184,midamerica_to_st_louis_lambert,MidAmerica to St. Louis Lambert,w_0184,0.3,0.2,0.1,0.4,72.30572602023048,51.19033629086368,97,dbscan_002,dbscan_014
stl_midamerica_to_st_louis_lambert_2026-03-07_0185,midamerica_to_st_louis_lambert,MidAmerica to St. Louis Lambert,w_0185,0.3,0.2,0.2,0.3,72.84575452782641,48.96524818696693,97,dbscan_001,dbscan_016
stl_midamerica_to_st_louis_lambert_2026-03-07_0186,midamerica_to_st_louis_lambert,MidAmerica to St. Louis Lambert,w_0186,0.3,0.2,0.3,0.2,72.99592369095721,46.5600101581502,96,dbscan_002,dbscan_014
stl_midamerica_to_st_louis_lambert_2026-03-07_0187,midamerica_to_st_louis_lambert,MidAmerica to St. Louis Lambert,w_0187,0.3,0.2,0.4,0.1,80.84159298172699,43.30010357541559,104,dbscan_007,dbscan_015
stl_midamerica_to_st_louis_lambert_2026-03-07_0188,midamerica_to_st_louis_lambert,MidAmerica to St. Louis Lambert,w_0188,0.3,0.2,0.5,0.0,82.87885825162738,39.33226054670507,108,dbscan_007,dbscan_015
stl_midamerica_to_st_louis_lambert_2026-03-07_0189,midamerica_to_st_louis_lambert,MidAmerica to St. Louis Lambert,w_0189,0.3,0.3,0.0,0.4,73.36151770044673,49.45678128714722,97,dbscan_006,dbscan_008
stl_midamerica_to_st_louis_lambert_2026-03-07_0190,midamerica_to_st_louis_lambert,MidAmerica to St. Louis Lambert,w_0190,0.3,0.3,0.1,0.3,72.31093350620502,47.99305204191012,97,dbscan_001,dbscan_016
stl_midamerica_to_st_louis_lambert_2026-03-07_0191,midamerica_to_st_louis_lambert,MidAmerica to St. Louis Lambert,w_0191,0.3,0.3,0.2,0.2,72.84575452782641,45.86194584602343,97,dbscan_001,dbscan_016
stl_midamerica_to_st_louis_lambert_2026-03-07_0192,midamerica_to_st_louis_lambert,MidAmerica to St. Louis Lambert,w_0192,0.3,0.3,0.3,0.1,73.2206585591066,43.387003742721255,98,dbscan_001,dbscan_016
stl_midamerica_to_st_louis_lambert_2026-03-07_0193,midamerica_to_st_louis_lambert,MidAmerica to St. Louis Lambert,w_0193,0.3,0.3,0.4,0.0,81.37695378430348,39.94589820508966,104,dbscan_007,dbscan_015
stl_midamerica_to_st_louis_lambert_2026-03-07_0194,midamerica_to_st_louis_lambert,MidAmerica to St. Louis Lambert,w_0194,0.3,0.4,0.0,0.3,73.20858031824217,46.16443143884134,98,dbscan_003,dbscan_017
stl_midamerica_to_st_louis_lambert_2026-03-07_0195,midamerica_to_st_louis_lambert,MidAmerica to St. Louis Lambert,w_0195,0.3,0.4,0.1,0.2,72.31093350620502,44.73422479055003,97,dbscan_001,dbscan_016
stl_midamerica_to_st_louis_lambert_2026-03-07_0196,midamerica_to_st_louis_lambert,MidAmerica to St. Louis Lambert,w_0196,0.3,0.4,0.2,0.1,73.22015168156257,42.6452350532501,98,dbscan_001,dbscan_016
stl_midamerica_to_st_louis_lambert_2026-03-07_0197,midamerica_to_st_louis_lambert,MidAmerica to St. Louis Lambert,w_0197,0.3,0.4,0.3,0.0,73.75570322706197,40.08345316950989,98,dbscan_001,dbscan_016
stl_midamerica_to_st_louis_lambert_2026-03-07_0198,midamerica_to_st_louis_lambert,MidAmerica to St. Louis Lambert,w_0198,0.3,0.5,0.0,0.2,74.86810400551238,42.6590211481419,101,dbscan_003,dbscan_017
stl_midamerica_to_st_louis_lambert_2026-03-07_0199,midamerica_to_st_louis_lambert,MidAmerica to St. Louis Lambert,w_0199,0.3,0.5,0.1,0.1,73.43587290488829,41.40713468681609,100,dbscan_001,dbscan_016
stl_midamerica_to_st_louis_lambert_2026-03-07_0200,midamerica_to_st_louis_lambert,MidAmerica to St. Louis Lambert,w_0200,0.3,0.5,0.2,0.0,73.97084744726371,39.12543177890162,100,dbscan_001,dbscan_016
stl_midamerica_to_st_louis_lambert_2026-03-07_0201,midamerica_to_st_louis_lambert,MidAmerica to St. Louis Lambert,w_0201,0.3,0.6,0.0,0.1,74.86810400551238,38.91099397045279,101,dbscan_003,dbscan_017
stl_midamerica_to_st_louis_lambert_2026-03-07_0202,midamerica_to_st_louis_lambert,MidAmerica to St. Louis Lambert,w_0202,0.3,0.6,0.1,0.0,76.47665390991396,37.75760602233455,101,dbscan_014,dbscan_012
stl_midamerica_to_st_louis_lambert_2026-03-07_0203,midamerica_to_st_louis_lambert,MidAmerica to St. Louis Lambert,w_0203,0.3,0.7,0.0,0.0,74.86814321158518,35.10525597310332,101,dbscan_003,dbscan_017
stl_midamerica_to_st_louis_lambert_2026-03-07_0204,midamerica_to_st_louis_lambert,MidAmerica to St. Louis Lambert,w_0204,0.4,0.0,0.0,0.6,71.90057520712594,59.372493108592735,96,dbscan_004,dbscan_006
stl_midamerica_to_st_louis_lambert_2026-03-07_0205,midamerica_to_st_louis_lambert,MidAmerica to St. Louis Lambert,w_0205,0.4,0.0,0.1,0.5,71.90174228364198,57.57699688208486,96,dbscan_004,dbscan_006
stl_midamerica_to_st_louis_lambert_2026-03-07_0206,midamerica_to_st_louis_lambert,MidAmerica to St. Louis Lambert,w_0206,0.4,0.0,0.2,0.4,72.43482198087798,55.65432958825123,96,dbscan_004,dbscan_006
stl_midamerica_to_st_louis_lambert_2026-03-07_0207,midamerica_to_st_louis_lambert,MidAmerica to St. Louis Lambert,w_0207,0.4,0.0,0.3,0.3,72.99164236008316,53.16389992266575,96,dbscan_002,dbscan_014
stl_midamerica_to_st_louis_lambert_2026-03-07_0208,midamerica_to_st_louis_lambert,MidAmerica to St. Louis Lambert,w_0208,0.4,0.0,0.4,0.2,72.99269286609689,50.15762381741465,96,dbscan_002,dbscan_014
stl_midamerica_to_st_louis_lambert_2026-03-07_0209,midamerica_to_st_louis_lambert,MidAmerica to St. Louis Lambert,w_0209,0.4,0.0,0.5,0.1,72.9871724229419,46.79559131703488,96,dbscan_005,dbscan_018
stl_midamerica_to_st_louis_lambert_2026-03-07_0210,midamerica_to_st_louis_lambert,MidAmerica to St. Louis Lambert,w_0210,0.4,0.0,0.6,0.0,79.33587537965981,42.58803481107667,106,dbscan_071,dbscan_noise_053
stl_midamerica_to_st_louis_lambert_2026-03-07_0211,midamerica_to_st_louis_lambert,MidAmerica to St. Louis Lambert,w_0211,0.4,0.1,0.0,0.5,72.29260468015718,57.86536192009764,97,dbscan_006,dbscan_008
stl_midamerica_to_st_louis_lambert_2026-03-07_0212,midamerica_to_st_louis_lambert,MidAmerica to St. Louis Lambert,w_0212,0.4,0.1,0.1,0.4,71.92936530921538,56.90090564056157,96,dbscan_002,dbscan_014
stl_midamerica_to_st_louis_lambert_2026-03-07_0213,midamerica_to_st_louis_lambert,MidAmerica to St. Louis Lambert,w_0213,0.4,0.1,0.2,0.3,72.46066447379637,54.39035346781807,96,dbscan_002,dbscan_014
stl_midamerica_to_st_louis_lambert_2026-03-07_0214,midamerica_to_st_louis_lambert,MidAmerica to St. Louis Lambert,w_0214,0.4,0.1,0.3,0.2,72.46050798999384,51.53789409221753,96,dbscan_002,dbscan_014
stl_midamerica_to_st_louis_lambert_2026-03-07_0215,midamerica_to_st_louis_lambert,MidAmerica to St. Louis Lambert,w_0215,0.4,0.1,0.4,0.1,72.455958856581,48.28483847898062,96,dbscan_005,dbscan_018
stl_midamerica_to_st_louis_lambert_2026-03-07_0216,midamerica_to_st_louis_lambert,MidAmerica to St. Louis Lambert,w_0216,0.4,0.1,0.5,0.0,72.98775241359242,44.66160808034882,96,dbscan_005,dbscan_018
stl_midamerica_to_st_louis_lambert_2026-03-07_0217,midamerica_to_st_louis_lambert,MidAmerica to St. Louis Lambert,w_0217,0.4,0.2,0.0,0.4,72.29260468015718,55.34564921667392,97,dbscan_006,dbscan_008
stl_midamerica_to_st_louis_lambert_2026-03-07_0218,midamerica_to_st_louis_lambert,MidAmerica to St. Louis Lambert,w_0218,0.4,0.2,0.1,0.3,72.31105089685262,54.0826759112116,97,dbscan_001,dbscan_016
stl_midamerica_to_st_louis_lambert_2026-03-07_0219,midamerica_to_st_louis_lambert,MidAmerica to St. Louis Lambert,w_0219,0.4,0.2,0.2,0.2,72.84575452782641,51.86239456076167,97,dbscan_001,dbscan_016
stl_midamerica_to_st_louis_lambert_2026-03-07_0220,midamerica_to_st_louis_lambert,MidAmerica to St. Louis Lambert,w_0220,0.4,0.2,0.3,0.1,72.45541097024083,49.23287377371408,96,dbscan_005,dbscan_018
stl_midamerica_to_st_louis_lambert_2026-03-07_0221,midamerica_to_st_louis_lambert,MidAmerica to St. Louis Lambert,w_0221,0.4,0.2,0.4,0.0,72.45611534038353,45.82129272069231,96,dbscan_005,dbscan_018
stl_midamerica_to_st_louis_lambert_2026-03-07_0222,midamerica_to_st_louis_lambert,MidAmerica to St. Louis Lambert,w_0222,0.4,0.3,0.0,0.3,73.20858031824217,52.503209551325845,98,dbscan_003,dbscan_017
stl_midamerica_to_st_louis_lambert_2026-03-07_0223,midamerica_to_st_louis_lambert,MidAmerica to St. Louis Lambert,w_0223,0.4,0.3,0.1,0.2,72.31093350620502,50.83133790362816,97,dbscan_001,dbscan_016
stl_midamerica_to_st_louis_lambert_2026-03-07_0224,midamerica_to_st_louis_lambert,MidAmerica to St. Louis Lambert,w_0224,0.4,0.3,0.2,0.1,72.84575452782641,48.75909221981816,97,dbscan_001,dbscan_016
stl_midamerica_to_st_louis_lambert_2026-03-07_0225,midamerica_to_st_louis_lambert,MidAmerica to St. Louis Lambert,w_0225,0.4,0.3,0.3,0.0,73.22143634805226,46.16608209998096,98,dbscan_001,dbscan_016
stl_midamerica_to_st_louis_lambert_2026-03-07_0226,midamerica_to_st_louis_lambert,MidAmerica to St. Louis Lambert,w_0226,0.4,0.4,0.0,0.2,73.20963090489165,49.12283602550907,98,dbscan_003,dbscan_017
stl_midamerica_to_st_louis_lambert_2026-03-07_0227,midamerica_to_st_louis_lambert,MidAmerica to St. Louis Lambert,w_0227,0.4,0.4,0.1,0.1,72.31093350620502,47.57251065226806,97,dbscan_001,dbscan_016
stl_midamerica_to_st_louis_lambert_2026-03-07_0228,midamerica_to_st_louis_lambert,MidAmerica to St. Louis Lambert,w_0228,0.4,0.4,0.2,0.0,73.22092947050822,45.44414796951382,98,dbscan_001,dbscan_016
stl_midamerica_to_st_louis_lambert_2026-03-07_0229,midamerica_to_st_louis_lambert,MidAmerica to St. Louis Lambert,w_0229,0.4,0.5,0.0,0.1,74.33442696730225,45.62955092041851,101,dbscan_003,dbscan_017
stl_midamerica_to_st_louis_lambert_2026-03-07_0230,midamerica_to_st_louis_lambert,MidAmerica to St. Louis Lambert,w_0230,0.4,0.5,0.1,0.0,73.43665069383394,44.149679462915394,100,dbscan_001,dbscan_016
stl_midamerica_to_st_louis_lambert_2026-03-07_0231,midamerica_to_st_louis_lambert,MidAmerica to St. Louis Lambert,w_0231,0.4,0.6,0.0,0.0,74.86814321158518,41.86125272991381,101,dbscan_003,dbscan_017
stl_midamerica_to_st_louis_lambert_2026-03-07_0232,midamerica_to_st_louis_lambert,MidAmerica to St. Louis Lambert,w_0232,0.5,0.0,0.0,0.5,71.90057520712594,62.66561638574091,96,dbscan_004,dbscan_006
stl_midamerica_to_st_louis_lambert_2026-03-07_0233,midamerica_to_st_louis_lambert,MidAmerica to St. Louis Lambert,w_0233,0.5,0.0,0.1,0.4,71.90174228364198,60.87024860355103,96,dbscan_004,dbscan_006
stl_midamerica_to_st_louis_lambert_2026-03-07_0234,midamerica_to_st_louis_lambert,MidAmerica to St. Louis Lambert,w_0234,0.5,0.0,0.2,0.3,71.90213245028413,58.92224936609367,96,dbscan_004,dbscan_006
stl_midamerica_to_st_louis_lambert_2026-03-07_0235,midamerica_to_st_louis_lambert,MidAmerica to St. Louis Lambert,w_0235,0.5,0.0,0.3,0.2,72.99164236008316,56.19710219584597,96,dbscan_002,dbscan_014
stl_midamerica_to_st_louis_lambert_2026-03-07_0236,midamerica_to_st_louis_lambert,MidAmerica to St. Louis Lambert,w_0236,0.5,0.0,0.4,0.1,72.9871724229419,52.99535164347184,96,dbscan_005,dbscan_018
stl_midamerica_to_st_louis_lambert_2026-03-07_0237,midamerica_to_st_louis_lambert,MidAmerica to St. Louis Lambert,w_0237,0.5,0.0,0.5,0.0,72.9871724229419,49.32830164472595,96,dbscan_005,dbscan_018
stl_midamerica_to_st_louis_lambert_2026-03-07_0238,midamerica_to_st_louis_lambert,MidAmerica to St. Louis Lambert,w_0238,0.5,0.1,0.0,0.4,71.91755552376524,61.0509886455191,96,dbscan_006,dbscan_008
stl_midamerica_to_st_louis_lambert_2026-03-07_0239,midamerica_to_st_louis_lambert,MidAmerica to St. Louis Lambert,w_0239,0.5,0.1,0.1,0.3,71.92936530921538,59.8171974546281,96,dbscan_002,dbscan_014
stl_midamerica_to_st_louis_lambert_2026-03-07_0240,midamerica_to_st_louis_lambert,MidAmerica to St. Louis Lambert,w_0240,0.5,0.1,0.2,0.2,72.46066447379637,57.36511819081843,96,dbscan_002,dbscan_014
stl_midamerica_to_st_louis_lambert_2026-03-07_0241,midamerica_to_st_louis_lambert,MidAmerica to St. Louis Lambert,w_0241,0.5,0.1,0.3,0.1,72.455958856581,54.276937071628566,96,dbscan_005,dbscan_018
stl_midamerica_to_st_louis_lambert_2026-03-07_0242,midamerica_to_st_louis_lambert,MidAmerica to St. Louis Lambert,w_0242,0.5,0.1,0.4,0.0,72.45623232306927,50.786291935304256,96,dbscan_005,dbscan_018
stl_midamerica_to_st_louis_lambert_2026-03-07_0243,midamerica_to_st_louis_lambert,MidAmerica to St. Louis Lambert,w_0243,0.5,0.2,0.0,0.3,72.29291693161697,58.52215377191452,97,dbscan_006,dbscan_008
stl_midamerica_to_st_louis_lambert_2026-03-07_0244,midamerica_to_st_louis_lambert,MidAmerica to St. Louis Lambert,w_0244,0.5,0.2,0.1,0.2,72.31105089685262,56.92097469252956,97,dbscan_001,dbscan_016
stl_midamerica_to_st_louis_lambert_2026-03-07_0245,midamerica_to_st_louis_lambert,MidAmerica to St. Louis Lambert,w_0245,0.5,0.2,0.2,0.1,72.31155777439666,54.74232550490471,97,dbscan_001,dbscan_016
stl_midamerica_to_st_louis_lambert_2026-03-07_0246,midamerica_to_st_louis_lambert,MidAmerica to St. Louis Lambert,w_0246,0.5,0.2,0.3,0.0,72.45541097024083,51.74706031467413,96,dbscan_005,dbscan_018
stl_midamerica_to_st_louis_lambert_2026-03-07_0247,midamerica_to_st_louis_lambert,MidAmerica to St. Louis Lambert,w_0247,0.5,0.3,0.0,0.2,72.30341780160983,55.45438556116171,97,dbscan_003,dbscan_017
stl_midamerica_to_st_louis_lambert_2026-03-07_0248,midamerica_to_st_louis_lambert,MidAmerica to St. Louis Lambert,w_0248,0.5,0.3,0.1,0.1,72.31093350620502,53.66962376534619,97,dbscan_001,dbscan_016
stl_midamerica_to_st_louis_lambert_2026-03-07_0249,midamerica_to_st_louis_lambert,MidAmerica to St. Louis Lambert,w_0249,0.5,0.3,0.2,0.0,72.6872395946225,51.56697834749163,98,dbscan_001,dbscan_016
stl_midamerica_to_st_louis_lambert_2026-03-07_0250,midamerica_to_st_louis_lambert,MidAmerica to St. Louis Lambert,w_0250,0.5,0.4,0.0,0.1,73.20963090489165,52.04002934776096,98,dbscan_003,dbscan_017
stl_midamerica_to_st_louis_lambert_2026-03-07_0251,midamerica_to_st_louis_lambert,MidAmerica to St. Louis Lambert,w_0251,0.5,0.4,0.1,0.0,72.31171129515069,50.39133417334729,97,dbscan_001,dbscan_016
stl_midamerica_to_st_louis_lambert_2026-03-07_0252,midamerica_to_st_louis_lambert,MidAmerica to St. Louis Lambert,w_0252,0.5,0.5,0.0,0.0,74.33446617337505,48.52932563750086,101,dbscan_003,dbscan_017
stl_midamerica_to_st_louis_lambert_2026-03-07_0253,midamerica_to_st_louis_lambert,MidAmerica to St. Louis Lambert,w_0253,0.6,0.0,0.0,0.4,71.90057520712594,65.95873966288909,96,dbscan_004,dbscan_006
stl_midamerica_to_st_louis_lambert_2026-03-07_0254,midamerica_to_st_louis_lambert,MidAmerica to St. Louis Lambert,w_0254,0.6,0.0,0.1,0.3,71.90213245028413,64.14765599944593,96,dbscan_004,dbscan_006
stl_midamerica_to_st_louis_lambert_2026-03-07_0255,midamerica_to_st_louis_lambert,MidAmerica to St. Louis Lambert,w_0255,0.6,0.0,0.2,0.2,71.92408572558828,62.00095174852392,96,dbscan_002,dbscan_014
stl_midamerica_to_st_louis_lambert_2026-03-07_0256,midamerica_to_st_louis_lambert,MidAmerica to St. Louis Lambert,w_0256,0.6,0.0,0.3,0.1,72.4589109758665,59.16985482382809,96,dbscan_002,dbscan_014
stl_midamerica_to_st_louis_lambert_2026-03-07_0257,midamerica_to_st_louis_lambert,MidAmerica to St. Louis Lambert,w_0257,0.6,0.0,0.4,0.0,72.9871724229419,55.5280619711629,96,dbscan_005,dbscan_018
stl_midamerica_to_st_louis_lambert_2026-03-07_0258,midamerica_to_st_louis_lambert,MidAmerica to St. Louis Lambert,w_0258,0.6,0.1,0.0,0.3,71.91755552376524,64.20598071632385,96,dbscan_006,dbscan_008
stl_midamerica_to_st_louis_lambert_2026-03-07_0259,midamerica_to_st_louis_lambert,MidAmerica to St. Louis Lambert,w_0259,0.6,0.1,0.1,0.2,71.92936530921538,62.73348926869464,96,dbscan_002,dbscan_014
stl_midamerica_to_st_louis_lambert_2026-03-07_0260,midamerica_to_st_louis_lambert,MidAmerica to St. Louis Lambert,w_0260,0.6,0.1,0.2,0.1,71.92050920229025,60.25265005270053,96,dbscan_005,dbscan_018
stl_midamerica_to_st_louis_lambert_2026-03-07_0261,midamerica_to_st_louis_lambert,MidAmerica to St. Louis Lambert,w_0261,0.6,0.1,0.3,0.0,72.455958856581,56.79118391102348,96,dbscan_005,dbscan_018
stl_midamerica_to_st_louis_lambert_2026-03-07_0262,midamerica_to_st_louis_lambert,MidAmerica to St. Louis Lambert,w_0262,0.6,0.2,0.0,0.2,72.30002205185355,61.54267640356343,97,dbscan_003,dbscan_017
stl_midamerica_to_st_louis_lambert_2026-03-07_0263,midamerica_to_st_louis_lambert,MidAmerica to St. Louis Lambert,w_0263,0.6,0.2,0.1,0.1,72.31105089685262,59.75927347384752,97,dbscan_001,dbscan_016
stl_midamerica_to_st_louis_lambert_2026-03-07_0264,midamerica_to_st_louis_lambert,MidAmerica to St. Louis Lambert,w_0264,0.6,0.2,0.2,0.0,71.92318560696049,57.37944270095967,96,dbscan_005,dbscan_018
stl_midamerica_to_st_louis_lambert_2026-03-07_0265,midamerica_to_st_louis_lambert,MidAmerica to St. Louis Lambert,w_0265,0.6,0.3,0.0,0.1,72.30407808706627,58.30438295000542,97,dbscan_003,dbscan_017
stl_midamerica_to_st_louis_lambert_2026-03-07_0266,midamerica_to_st_louis_lambert,MidAmerica to St. Louis Lambert,w_0266,0.6,0.3,0.1,0.0,72.31171129515069,56.48853288712879,97,dbscan_001,dbscan_016
stl_midamerica_to_st_louis_lambert_2026-03-07_0267,midamerica_to_st_louis_lambert,MidAmerica to St. Louis Lambert,w_0267,0.6,0.4,0.0,0.0,72.67568351997362,54.9513864063023,98,dbscan_003,dbscan_017
stl_midamerica_to_st_louis_lambert_2026-03-07_0268,midamerica_to_st_louis_lambert,MidAmerica to St. Louis Lambert,w_0268,0.7,0.0,0.0,0.3,71.90057520712594,69.25186294003726,96,dbscan_004,dbscan_006
stl_midamerica_to_st_louis_lambert_2026-03-07_0269,midamerica_to_st_louis_lambert,MidAmerica to St. Louis Lambert,w_0269,0.7,0.0,0.1,0.2,71.90213245028413,67.40095066127424,96,dbscan_004,dbscan_006
stl_midamerica_to_st_louis_lambert_2026-03-07_0270,midamerica_to_st_louis_lambert,MidAmerica to St. Louis Lambert,w_0270,0.7,0.0,0.2,0.1,71.92513623160201,64.90892072755501,96,dbscan_002,dbscan_014
stl_midamerica_to_st_louis_lambert_2026-03-07_0271,midamerica_to_st_louis_lambert,MidAmerica to St. Louis Lambert,w_0271,0.7,0.0,0.3,0.0,71.91961578844702,61.6343216546879,96,dbscan_005,dbscan_018
stl_midamerica_to_st_louis_lambert_2026-03-07_0272,midamerica_to_st_louis_lambert,MidAmerica to St. Louis Lambert,w_0272,0.7,0.1,0.0,0.2,71.91755552376524,67.3609727871286,96,dbscan_006,dbscan_008
stl_midamerica_to_st_louis_lambert_2026-03-07_0273,midamerica_to_st_louis_lambert,MidAmerica to St. Louis Lambert,w_0273,0.7,0.1,0.1,0.1,71.93550268936067,65.63126051016663,96,dbscan_001,dbscan_016
stl_midamerica_to_st_louis_lambert_2026-03-07_0274,midamerica_to_st_louis_lambert,MidAmerica to St. Louis Lambert,w_0274,0.7,0.1,0.2,0.0,71.92050920229025,62.70796719492818,96,dbscan_005,dbscan_018
stl_midamerica_to_st_louis_lambert_2026-03-07_0275,midamerica_to_st_louis_lambert,MidAmerica to St. Louis Lambert,w_0275,0.7,0.2,0.0,0.1,72.30407808706627,64.44884943552863,97,dbscan_003,dbscan_017
stl_midamerica_to_st_louis_lambert_2026-03-07_0276,midamerica_to_st_louis_lambert,MidAmerica to St. Louis Lambert,w_0276,0.7,0.2,0.1,0.0,72.31182868579829,62.57828111593342,97,dbscan_001,dbscan_016
stl_midamerica_to_st_louis_lambert_2026-03-07_0277,midamerica_to_st_louis_lambert,MidAmerica to St. Louis Lambert,w_0277,0.7,0.3,0.0,0.0,72.30407808706627,61.14191432851375,97,dbscan_003,dbscan_017
stl_midamerica_to_st_louis_lambert_2026-03-07_0278,midamerica_to_st_louis_lambert,MidAmerica to St. Louis Lambert,w_0278,0.8,0.0,0.0,0.2,71.90057520712594,72.54498621718544,96,dbscan_004,dbscan_006
stl_midamerica_to_st_louis_lambert_2026-03-07_0279,midamerica_to_st_louis_lambert,MidAmerica to St. Louis Lambert,w_0279,0.8,0.0,0.1,0.1,71.92408572558828,70.57902968299051,96,dbscan_002,dbscan_014
stl_midamerica_to_st_louis_lambert_2026-03-07_0280,midamerica_to_st_louis_lambert,MidAmerica to St. Louis Lambert,w_0280,0.8,0.0,0.2,0.0,71.91961578844702,67.47361049064716,96,dbscan_005,dbscan_018
stl_midamerica_to_st_louis_lambert_2026-03-07_0281,midamerica_to_st_louis_lambert,MidAmerica to St. Louis Lambert,w_0281,0.8,0.1,0.0,0.1,71.92497289546162,70.42229144411164,96,dbscan_003,dbscan_017
stl_midamerica_to_st_louis_lambert_2026-03-07_0282,midamerica_to_st_louis_lambert,MidAmerica to St. Louis Lambert,w_0282,0.8,0.1,0.1,0.0,71.92318560696049,68.26777983982844,96,dbscan_005,dbscan_018
stl_midamerica_to_st_louis_lambert_2026-03-07_0283,midamerica_to_st_louis_lambert,MidAmerica to St. Louis Lambert,w_0283,0.8,0.2,0.0,0.0,71.92164999407072,67.25269820369138,96,dbscan_029,dbscan_noise_054
stl_midamerica_to_st_louis_lambert_2026-03-07_0284,midamerica_to_st_louis_lambert,MidAmerica to St. Louis Lambert,w_0284,0.9,0.0,0.0,0.1,71.90057520712594,75.83810949433362,96,dbscan_004,dbscan_006
stl_midamerica_to_st_louis_lambert_2026-03-07_0285,midamerica_to_st_louis_lambert,MidAmerica to St. Louis Lambert,w_0285,0.9,0.0,0.1,0.0,71.91961578844702,73.3128993266064,96,dbscan_005,dbscan_018
stl_midamerica_to_st_louis_lambert_2026-03-07_0286,midamerica_to_st_louis_lambert,MidAmerica to St. Louis Lambert,w_0286,0.9,0.1,0.0,0.0,71.92164999407072,73.20356257054824,96,dbscan_029,dbscan_noise_054
stl_midamerica_to_st_louis_lambert_2026-03-07_0287,midamerica_to_st_louis_lambert,MidAmerica to St. Louis Lambert,w_0287,1.0,0.0,0.0,0.0,71.87414934300483,79.10214939907578,96,dbscan_072,dbscan_noise_055
stl_midamerica_to_st_louis_union_station_2026-03-07_0001,midamerica_to_st_louis_union_station,MidAmerica to St. Louis Union Station,w_0001,0.0,0.0,0.0,1.0,74.84549698294418,21.60000000000001,89,dbscan_024,dbscan_noise_001
stl_midamerica_to_st_louis_union_station_2026-03-07_0002,midamerica_to_st_louis_union_station,MidAmerica to St. Louis Union Station,w_0002,0.0,0.0,0.1,0.9,76.6504957761247,20.776601214110283,91,dbscan_015,dbscan_noise_002
stl_midamerica_to_st_louis_union_station_2026-03-07_0003,midamerica_to_st_louis_union_station,MidAmerica to St. Louis Union Station,w_0003,0.0,0.0,0.2,0.8,76.6504957761247,19.95320242822056,91,dbscan_015,dbscan_noise_002
stl_midamerica_to_st_louis_union_station_2026-03-07_0004,midamerica_to_st_louis_union_station,MidAmerica to St. Louis Union Station,w_0004,0.0,0.0,0.3,0.7,94.16411110041278,18.37507131589175,119,dbscan_013,dbscan_noise_003
stl_midamerica_to_st_louis_union_station_2026-03-07_0005,midamerica_to_st_louis_union_station,MidAmerica to St. Louis Union Station,w_0005,0.0,0.0,0.4,0.6,94.16411110041278,16.50009508785566,119,dbscan_013,dbscan_noise_003
stl_midamerica_to_st_louis_union_station_2026-03-07_0006,midamerica_to_st_louis_union_station,MidAmerica to St. Louis Union Station,w_0006,0.0,0.0,0.5,0.5,94.16411110041278,14.62511885981957,119,dbscan_013,dbscan_noise_003
stl_midamerica_to_st_louis_union_station_2026-03-07_0007,midamerica_to_st_louis_union_station,MidAmerica to St. Louis Union Station,w_0007,0.0,0.0,0.6,0.4,94.16411110041278,12.750142631783485,119,dbscan_013,dbscan_noise_003
stl_midamerica_to_st_louis_union_station_2026-03-07_0008,midamerica_to_st_louis_union_station,MidAmerica to St. Louis Union Station,w_0008,0.0,0.0,0.7,0.3,109.75536897332228,10.695047375350969,139,dbscan_025,dbscan_noise_004
stl_midamerica_to_st_louis_union_station_2026-03-07_0009,midamerica_to_st_louis_union_station,MidAmerica to St. Louis Union Station,w_0009,0.0,0.0,0.8,0.2,98.07208175533296,7.916281784626412,120,dbscan_016,dbscan_noise_005
stl_midamerica_to_st_louis_union_station_2026-03-07_0010,midamerica_to_st_louis_union_station,MidAmerica to St. Louis Union Station,w_0010,0.0,0.0,0.9,0.1,98.07208175533296,5.030817007704711,120,dbscan_016,dbscan_noise_005
stl_midamerica_to_st_louis_union_station_2026-03-07_0011,midamerica_to_st_louis_union_station,MidAmerica to St. Louis Union Station,w_0011,0.0,0.0,1.0,0.0,98.4538587142968,2.095702349701737,121,dbscan_026,dbscan_noise_006
stl_midamerica_to_st_louis_union_station_2026-03-07_0012,midamerica_to_st_louis_union_station,MidAmerica to St. Louis Union Station,w_0012,0.0,0.1,0.0,0.9,71.94365013816504,20.453600093372984,89,dbscan_011,dbscan_noise_007
stl_midamerica_to_st_louis_union_station_2026-03-07_0013,midamerica_to_st_louis_union_station,MidAmerica to St. Louis Union Station,w_0013,0.0,0.1,0.1,0.8,95.05573847426722,19.986042144361843,117,dbscan_012,dbscan_noise_008
stl_midamerica_to_st_louis_union_station_2026-03-07_0014,midamerica_to_st_louis_union_station,MidAmerica to St. Louis Union Station,w_0014,0.0,0.1,0.2,0.7,96.331511039935,19.31432623480502,119,dbscan_027,dbscan_noise_009
stl_midamerica_to_st_louis_union_station_2026-03-07_0015,midamerica_to_st_louis_union_station,MidAmerica to St. Louis Union Station,w_0015,0.0,0.1,0.3,0.6,103.36028656704433,17.796432575231442,129,dbscan_004,dbscan_001
stl_midamerica_to_st_louis_union_station_2026-03-07_0016,midamerica_to_st_louis_union_station,MidAmerica to St. Louis Union Station,w_0016,0.0,0.1,0.4,0.5,103.36028656704433,15.921456347195356,129,dbscan_004,dbscan_001
stl_midamerica_to_st_louis_union_station_2026-03-07_0017,midamerica_to_st_louis_union_station,MidAmerica to St. Louis Union Station,w_0017,0.0,0.1,0.5,0.4,103.36028656704433,14.046480119159268,129,dbscan_004,dbscan_001
stl_midamerica_to_st_louis_union_station_2026-03-07_0018,midamerica_to_st_louis_union_station,MidAmerica to St. Louis Union Station,w_0018,0.0,0.1,0.6,0.3,103.36027048335858,12.126449424057505,129,dbscan_004,dbscan_001
stl_midamerica_to_st_louis_union_station_2026-03-07_0019,midamerica_to_st_louis_union_station,MidAmerica to St. Louis Union Station,w_0019,0.0,0.1,0.7,0.2,103.3607317324292,10.094419675407009,129,dbscan_004,dbscan_001
stl_midamerica_to_st_louis_union_station_2026-03-07_0020,midamerica_to_st_louis_union_station,MidAmerica to St. Louis Union Station,w_0020,0.0,0.1,0.8,0.1,106.81749837883306,7.695366978027289,134,dbscan_004,dbscan_001
stl_midamerica_to_st_louis_union_station_2026-03-07_0021,midamerica_to_st_louis_union_station,MidAmerica to St. Louis Union Station,w_0021,0.0,0.1,0.9,0.0,109.37255542765888,5.0995484572437295,138,dbscan_004,dbscan_001
stl_midamerica_to_st_louis_union_station_2026-03-07_0022,midamerica_to_st_louis_union_station,MidAmerica to St. Louis Union Station,w_0022,0.0,0.2,0.0,0.8,71.94365013816504,19.30720018674596,89,dbscan_011,dbscan_noise_007
stl_midamerica_to_st_louis_union_station_2026-03-07_0023,midamerica_to_st_louis_union_station,MidAmerica to St. Louis Union Station,w_0023,0.0,0.2,0.1,0.7,95.05573847426722,18.948763285703897,117,dbscan_012,dbscan_noise_008
stl_midamerica_to_st_louis_union_station_2026-03-07_0024,midamerica_to_st_louis_union_station,MidAmerica to St. Louis Union Station,w_0024,0.0,0.2,0.2,0.6,95.05573847426722,18.37208428872367,117,dbscan_012,dbscan_noise_008
stl_midamerica_to_st_louis_union_station_2026-03-07_0025,midamerica_to_st_louis_union_station,MidAmerica to St. Louis Union Station,w_0025,0.0,0.2,0.3,0.5,103.35995418920496,17.143183473247966,129,dbscan_004,dbscan_001
stl_midamerica_to_st_louis_union_station_2026-03-07_0026,midamerica_to_st_louis_union_station,MidAmerica to St. Louis Union Station,w_0026,0.0,0.2,0.4,0.4,103.35995418920496,15.300942387686923,129,dbscan_004,dbscan_001
stl_midamerica_to_st_louis_union_station_2026-03-07_0027,midamerica_to_st_louis_union_station,MidAmerica to St. Louis Union Station,w_0027,0.0,0.2,0.5,0.3,103.35993810551922,13.45115591290449,129,dbscan_004,dbscan_001
stl_midamerica_to_st_louis_union_station_2026-03-07_0028,midamerica_to_st_louis_union_station,MidAmerica to St. Louis Union Station,w_0028,0.0,0.2,0.6,0.2,103.3607317324292,11.457386922198523,129,dbscan_004,dbscan_001
stl_midamerica_to_st_louis_union_station_2026-03-07_0029,midamerica_to_st_louis_union_station,MidAmerica to St. Louis Union Station,w_0029,0.0,0.2,0.7,0.1,104.26225546490778,9.33879173153912,130,dbscan_004,dbscan_001
stl_midamerica_to_st_louis_union_station_2026-03-07_0030,midamerica_to_st_louis_union_station,MidAmerica to St. Louis Union Station,w_0030,0.0,0.2,0.8,0.0,106.81749837883306,6.893168689403917,134,dbscan_004,dbscan_001
stl_midamerica_to_st_louis_union_station_2026-03-07_0031,midamerica_to_st_louis_union_station,MidAmerica to St. Louis Union Station,w_0031,0.0,0.3,0.0,0.7,71.94365013816504,18.160800280118927,89,dbscan_011,dbscan_noise_007
stl_midamerica_to_st_louis_union_station_2026-03-07_0032,midamerica_to_st_louis_union_station,MidAmerica to St. Louis Union Station,w_0032,0.0,0.3,0.1,0.6,93.24876888803134,17.906313502245677,115,dbscan_014,dbscan_noise_010
stl_midamerica_to_st_louis_union_station_2026-03-07_0033,midamerica_to_st_louis_union_station,MidAmerica to St. Louis Union Station,w_0033,0.0,0.3,0.2,0.5,95.05573847426722,17.334805430065725,117,dbscan_012,dbscan_noise_008
stl_midamerica_to_st_louis_union_station_2026-03-07_0034,midamerica_to_st_louis_union_station,MidAmerica to St. Louis Union Station,w_0034,0.0,0.3,0.3,0.4,102.8325019502456,16.46724930914099,129,dbscan_004,dbscan_001
stl_midamerica_to_st_louis_union_station_2026-03-07_0035,midamerica_to_st_louis_union_station,MidAmerica to St. Louis Union Station,w_0035,0.0,0.3,0.4,0.3,103.35988084597533,14.572533962934203,129,dbscan_005,dbscan_002
stl_midamerica_to_st_louis_union_station_2026-03-07_0036,midamerica_to_st_louis_union_station,MidAmerica to St. Louis Union Station,w_0036,0.0,0.3,0.5,0.2,103.3603260113602,12.551093989334646,129,dbscan_005,dbscan_002
stl_midamerica_to_st_louis_union_station_2026-03-07_0037,midamerica_to_st_louis_union_station,MidAmerica to St. Louis Union Station,w_0037,0.0,0.3,0.6,0.1,103.3603607745077,10.36454077251623,129,dbscan_005,dbscan_002
stl_midamerica_to_st_louis_union_station_2026-03-07_0038,midamerica_to_st_louis_union_station,MidAmerica to St. Louis Union Station,w_0038,0.0,0.3,0.7,0.0,103.3603607745077,8.061628800431567,129,dbscan_005,dbscan_002
stl_midamerica_to_st_louis_union_station_2026-03-07_0039,midamerica_to_st_louis_union_station,MidAmerica to St. Louis Union Station,w_0039,0.0,0.4,0.0,0.6,71.94365013816504,17.0144003734919,89,dbscan_011,dbscan_noise_007
stl_midamerica_to_st_louis_union_station_2026-03-07_0040,midamerica_to_st_louis_union_station,MidAmerica to St. Louis Union Station,w_0040,0.0,0.4,0.1,0.5,93.24876888803134,16.85299105770174,115,dbscan_014,dbscan_noise_010
stl_midamerica_to_st_louis_union_station_2026-03-07_0041,midamerica_to_st_louis_union_station,MidAmerica to St. Louis Union Station,w_0041,0.0,0.4,0.2,0.4,95.05573847426722,16.297526571407783,117,dbscan_012,dbscan_noise_008
stl_midamerica_to_st_louis_union_station_2026-03-07_0042,midamerica_to_st_louis_union_station,MidAmerica to St. Louis Union Station,w_0042,0.0,0.4,0.3,0.3,103.3598414186266,14.479641424899407,129,dbscan_005,dbscan_002
stl_midamerica_to_st_louis_union_station_2026-03-07_0043,midamerica_to_st_louis_union_station,MidAmerica to St. Louis Union Station,w_0043,0.0,0.4,0.4,0.2,103.35986476228958,12.536797645536408,129,dbscan_005,dbscan_002
stl_midamerica_to_st_louis_union_station_2026-03-07_0044,midamerica_to_st_louis_union_station,MidAmerica to St. Louis Union Station,w_0044,0.0,0.4,0.5,0.1,103.3603260113602,10.378431524342716,129,dbscan_005,dbscan_002
stl_midamerica_to_st_louis_union_station_2026-03-07_0045,midamerica_to_st_louis_union_station,MidAmerica to St. Louis Union Station,w_0045,0.0,0.4,0.6,0.0,103.3603607745077,8.091878307524299,129,dbscan_005,dbscan_002
stl_midamerica_to_st_louis_union_station_2026-03-07_0046,midamerica_to_st_louis_union_station,MidAmerica to St. Louis Union Station,w_0046,0.0,0.5,0.0,0.5,71.94365013816504,15.86800046686487,89,dbscan_011,dbscan_noise_007
stl_midamerica_to_st_louis_union_station_2026-03-07_0047,midamerica_to_st_louis_union_station,MidAmerica to St. Louis Union Station,w_0047,0.0,0.5,0.1,0.4,93.24876888803134,15.799668613157802,115,dbscan_014,dbscan_noise_010
stl_midamerica_to_st_louis_union_station_2026-03-07_0048,midamerica_to_st_louis_union_station,MidAmerica to St. Louis Union Station,w_0048,0.0,0.5,0.2,0.3,103.35980212494228,14.22861400969628,129,dbscan_005,dbscan_002
stl_midamerica_to_st_louis_union_station_2026-03-07_0049,midamerica_to_st_louis_union_station,MidAmerica to St. Louis Union Station,w_0049,0.0,0.5,0.3,0.2,103.35980212494228,12.345661274413576,129,dbscan_005,dbscan_002
stl_midamerica_to_st_louis_union_station_2026-03-07_0050,midamerica_to_st_louis_union_station,MidAmerica to St. Louis Union Station,w_0050,0.0,0.5,0.4,0.1,103.36024729032717,10.293527370726729,129,dbscan_005,dbscan_002
stl_midamerica_to_st_louis_union_station_2026-03-07_0051,midamerica_to_st_louis_union_station,MidAmerica to St. Louis Union Station,w_0051,0.0,0.5,0.5,0.0,91.34791404952308,8.020060750758368,110,dbscan_017,dbscan_noise_011
stl_midamerica_to_st_louis_union_station_2026-03-07_0052,midamerica_to_st_louis_union_station,MidAmerica to St. Louis Union Station,w_0052,0.0,0.6,0.0,0.4,70.35339602464116,14.586548565376532,89,dbscan_028,dbscan_noise_012
stl_midamerica_to_st_louis_union_station_2026-03-07_0053,midamerica_to_st_louis_union_station,MidAmerica to St. Louis Union Station,w_0053,0.0,0.6,0.1,0.3,83.21380705555379,13.934177124263773,101,dbscan_008,dbscan_003
stl_midamerica_to_st_louis_union_station_2026-03-07_0054,midamerica_to_st_louis_union_station,MidAmerica to St. Louis Union Station,w_0054,0.0,0.6,0.2,0.2,103.35980212494228,12.06751790574862,129,dbscan_005,dbscan_002
stl_midamerica_to_st_louis_union_station_2026-03-07_0055,midamerica_to_st_louis_union_station,MidAmerica to St. Louis Union Station,w_0055,0.0,0.6,0.3,0.1,103.36024729032717,10.0820137614775,129,dbscan_005,dbscan_002
stl_midamerica_to_st_louis_union_station_2026-03-07_0056,midamerica_to_st_louis_union_station,MidAmerica to St. Louis Union Station,w_0056,0.0,0.6,0.4,0.0,91.34791404952308,7.825409537385283,110,dbscan_017,dbscan_noise_011
stl_midamerica_to_st_louis_union_station_2026-03-07_0057,midamerica_to_st_louis_union_station,MidAmerica to St. Louis Union Station,w_0057,0.0,0.7,0.0,0.3,69.28710506487343,13.012907806960738,89,dbscan_029,dbscan_noise_013
stl_midamerica_to_st_louis_union_station_2026-03-07_0058,midamerica_to_st_louis_union_station,MidAmerica to St. Louis Union Station,w_0058,0.0,0.7,0.1,0.2,83.21380705555379,11.543911328411172,101,dbscan_008,dbscan_003
stl_midamerica_to_st_louis_union_station_2026-03-07_0059,midamerica_to_st_louis_union_station,MidAmerica to St. Louis Union Station,w_0059,0.0,0.7,0.2,0.1,85.92803606545692,9.722483761029476,104,dbscan_008,dbscan_003
stl_midamerica_to_st_louis_union_station_2026-03-07_0060,midamerica_to_st_louis_union_station,MidAmerica to St. Louis Union Station,w_0060,0.0,0.7,0.3,0.0,92.62971317045196,7.54523995014918,112,dbscan_030,dbscan_noise_014
stl_midamerica_to_st_louis_union_station_2026-03-07_0061,midamerica_to_st_louis_union_station,MidAmerica to St. Louis Union Station,w_0061,0.0,0.8,0.0,0.2,80.28165246573795,10.800583696414645,96,dbscan_008,dbscan_003
stl_midamerica_to_st_louis_union_station_2026-03-07_0062,midamerica_to_st_louis_union_station,MidAmerica to St. Louis Union Station,w_0062,0.0,0.8,0.1,0.1,85.9275748163863,9.144930860674949,104,dbscan_008,dbscan_003
stl_midamerica_to_st_louis_union_station_2026-03-07_0063,midamerica_to_st_louis_union_station,MidAmerica to St. Louis Union Station,w_0063,0.0,0.8,0.2,0.0,85.92803606545692,7.054018464995593,104,dbscan_008,dbscan_003
stl_midamerica_to_st_louis_union_station_2026-03-07_0064,midamerica_to_st_louis_union_station,MidAmerica to St. Louis Union Station,w_0064,0.0,0.9,0.0,0.1,81.18410160641125,8.363538711239034,97,dbscan_008,dbscan_003
stl_midamerica_to_st_louis_union_station_2026-03-07_0065,midamerica_to_st_louis_union_station,MidAmerica to St. Louis Union Station,w_0065,0.0,0.9,0.1,0.0,86.30296511299888,6.471880299400449,105,dbscan_008,dbscan_003
stl_midamerica_to_st_louis_union_station_2026-03-07_0066,midamerica_to_st_louis_union_station,MidAmerica to St. Louis Union Station,w_0066,0.0,1.0,0.0,0.0,82.30749957466145,5.704396135456905,100,dbscan_008,dbscan_003
stl_midamerica_to_st_louis_union_station_2026-03-07_0067,midamerica_to_st_louis_union_station,MidAmerica to St. Louis Union Station,w_0067,0.1,0.0,0.0,0.9,46.683328700980354,25.477802221113198,67,dbscan_001,dbscan_004
stl_midamerica_to_st_louis_union_station_2026-03-07_0068,midamerica_to_st_louis_union_station,MidAmerica to St. Louis Union Station,w_0068,0.1,0.0,0.1,0.8,47.74820486615568,25.09962675710944,67,dbscan_001,dbscan_004
stl_midamerica_to_st_louis_union_station_2026-03-07_0069,midamerica_to_st_louis_union_station,MidAmerica to St. Louis Union Station,w_0069,0.1,0.0,0.2,0.7,53.26433850811694,24.403348499900662,69,dbscan_018,dbscan_noise_015
stl_midamerica_to_st_louis_union_station_2026-03-07_0070,midamerica_to_st_louis_union_station,MidAmerica to St. Louis Union Station,w_0070,0.1,0.0,0.3,0.6,54.17031374396228,23.474809230214607,70,dbscan_019,dbscan_noise_016
stl_midamerica_to_st_louis_union_station_2026-03-07_0071,midamerica_to_st_louis_union_station,MidAmerica to St. Louis Union Station,w_0071,0.1,0.0,0.4,0.5,54.70333692302729,22.527175686576577,70,dbscan_031,dbscan_noise_017
stl_midamerica_to_st_louis_union_station_2026-03-07_0072,midamerica_to_st_louis_union_station,MidAmerica to St. Louis Union Station,w_0072,0.1,0.0,0.5,0.4,74.76941780919002,20.874704183712662,94,dbscan_006,dbscan_005
stl_midamerica_to_st_louis_union_station_2026-03-07_0073,midamerica_to_st_louis_union_station,MidAmerica to St. Louis Union Station,w_0073,0.1,0.0,0.6,0.3,76.0924703903797,18.90187656233242,95,dbscan_006,dbscan_005
stl_midamerica_to_st_louis_union_station_2026-03-07_0074,midamerica_to_st_louis_union_station,MidAmerica to St. Louis Union Station,w_0074,0.1,0.0,0.7,0.2,77.2144305164721,16.804061482487445,98,dbscan_006,dbscan_005
stl_midamerica_to_st_louis_union_station_2026-03-07_0075,midamerica_to_st_louis_union_station,MidAmerica to St. Louis Union Station,w_0075,0.1,0.0,0.8,0.1,82.10150283363618,14.435504771975737,104,dbscan_006,dbscan_005
stl_midamerica_to_st_louis_union_station_2026-03-07_0076,midamerica_to_st_louis_union_station,MidAmerica to St. Louis Union Station,w_0076,0.1,0.0,0.9,0.0,87.77490567373124,11.82090963582392,113,dbscan_032,dbscan_noise_018
stl_midamerica_to_st_louis_union_station_2026-03-07_0077,midamerica_to_st_louis_union_station,MidAmerica to St. Louis Union Station,w_0077,0.1,0.1,0.0,0.8,50.26499556893611,25.05124017127677,68,dbscan_001,dbscan_004
stl_midamerica_to_st_louis_union_station_2026-03-07_0078,midamerica_to_st_louis_union_station,MidAmerica to St. Louis Union Station,w_0078,0.1,0.1,0.1,0.7,50.79351841085818,25.17431343813113,68,dbscan_001,dbscan_004
stl_midamerica_to_st_louis_union_station_2026-03-07_0079,midamerica_to_st_louis_union_station,MidAmerica to St. Louis Union Station,w_0079,0.1,0.1,0.2,0.6,53.0526055976199,24.55602036673461,67,dbscan_033,dbscan_noise_019
stl_midamerica_to_st_louis_union_station_2026-03-07_0080,midamerica_to_st_louis_union_station,MidAmerica to St. Louis Union Station,w_0080,0.1,0.1,0.3,0.5,54.49163011732751,23.703300084209037,68,dbscan_034,dbscan_noise_020
stl_midamerica_to_st_louis_union_station_2026-03-07_0081,midamerica_to_st_louis_union_station,MidAmerica to St. Louis Union Station,w_0081,0.1,0.1,0.4,0.4,75.56550565085283,22.36393521012692,95,dbscan_006,dbscan_005
stl_midamerica_to_st_louis_union_station_2026-03-07_0082,midamerica_to_st_louis_union_station,MidAmerica to St. Louis Union Station,w_0082,0.1,0.1,0.5,0.3,76.09311029010705,20.38396614088891,95,dbscan_006,dbscan_005
stl_midamerica_to_st_louis_union_station_2026-03-07_0083,midamerica_to_st_louis_union_station,MidAmerica to St. Louis Union Station,w_0083,0.1,0.1,0.6,0.2,77.74241174204177,18.31958398837211,98,dbscan_006,dbscan_005
stl_midamerica_to_st_louis_union_station_2026-03-07_0084,midamerica_to_st_louis_union_station,MidAmerica to St. Louis Union Station,w_0084,0.1,0.1,0.7,0.1,77.74241174204177,16.216103858031452,98,dbscan_006,dbscan_005
stl_midamerica_to_st_louis_union_station_2026-03-07_0085,midamerica_to_st_louis_union_station,MidAmerica to St. Louis Union Station,w_0085,0.1,0.1,0.8,0.0,80.29765465596705,13.885799676024508,102,dbscan_006,dbscan_005
stl_midamerica_to_st_louis_union_station_2026-03-07_0086,midamerica_to_st_louis_union_station,MidAmerica to St. Louis Union Station,w_0086,0.1,0.2,0.0,0.7,50.79822797046764,24.213670939905384,68,dbscan_001,dbscan_004
stl_midamerica_to_st_louis_union_station_2026-03-07_0087,midamerica_to_st_louis_union_station,MidAmerica to St. Louis Union Station,w_0087,0.1,0.2,0.1,0.6,51.3304938586524,24.438746175293364,68,dbscan_001,dbscan_004
stl_midamerica_to_st_louis_union_station_2026-03-07_0088,midamerica_to_st_louis_union_station,MidAmerica to St. Louis Union Station,w_0088,0.1,0.2,0.2,0.5,61.31382847504676,23.915379318351807,82,dbscan_020,dbscan_noise_021
stl_midamerica_to_st_louis_union_station_2026-03-07_0089,midamerica_to_st_louis_union_station,MidAmerica to St. Louis Union Station,w_0089,0.1,0.2,0.3,0.4,61.31382847504676,23.147261798528724,82,dbscan_020,dbscan_noise_021
stl_midamerica_to_st_louis_union_station_2026-03-07_0090,midamerica_to_st_louis_union_station,MidAmerica to St. Louis Union Station,w_0090,0.1,0.2,0.4,0.3,75.03769477197419,21.68337057807804,95,dbscan_006,dbscan_005
stl_midamerica_to_st_louis_union_station_2026-03-07_0091,midamerica_to_st_louis_union_station,MidAmerica to St. Louis Union Station,w_0091,0.1,0.2,0.5,0.2,77.21447523062207,19.7267221001384,98,dbscan_006,dbscan_005
stl_midamerica_to_st_louis_union_station_2026-03-07_0092,midamerica_to_st_louis_union_station,MidAmerica to St. Louis Union Station,w_0092,0.1,0.2,0.6,0.1,61.76042250138602,17.381269795420025,79,dbscan_009,dbscan_006
stl_midamerica_to_st_louis_union_station_2026-03-07_0093,midamerica_to_st_louis_union_station,MidAmerica to St. Louis Union Station,w_0093,0.1,0.2,0.7,0.0,62.13502991463469,14.718461876813398,80,dbscan_009,dbscan_006
stl_midamerica_to_st_louis_union_station_2026-03-07_0094,midamerica_to_st_louis_union_station,MidAmerica to St. Louis Union Station,w_0094,0.1,0.3,0.0,0.6,50.79822797046764,23.35516966162613,68,dbscan_001,dbscan_004
stl_midamerica_to_st_louis_union_station_2026-03-07_0095,midamerica_to_st_louis_union_station,MidAmerica to St. Louis Union Station,w_0095,0.1,0.3,0.1,0.5,64.18989768267136,23.52042840775121,84,dbscan_021,dbscan_noise_022
stl_midamerica_to_st_louis_union_station_2026-03-07_0096,midamerica_to_st_louis_union_station,MidAmerica to St. Louis Union Station,w_0096,0.1,0.3,0.2,0.4,63.28901885724129,22.903096687734333,83,dbscan_035,dbscan_noise_023
stl_midamerica_to_st_louis_union_station_2026-03-07_0097,midamerica_to_st_louis_union_station,MidAmerica to St. Louis Union Station,w_0097,0.1,0.3,0.3,0.3,56.27635266511597,21.36753333825939,70,dbscan_002,dbscan_007
stl_midamerica_to_st_louis_union_station_2026-03-07_0098,midamerica_to_st_louis_union_station,MidAmerica to St. Louis Union Station,w_0098,0.1,0.3,0.4,0.2,57.92650443419751,19.549300714968982,73,dbscan_002,dbscan_007
stl_midamerica_to_st_louis_union_station_2026-03-07_0099,midamerica_to_st_louis_union_station,MidAmerica to St. Louis Union Station,w_0099,0.1,0.3,0.5,0.1,61.760530002926046,17.374062428301336,79,dbscan_009,dbscan_006
stl_midamerica_to_st_louis_union_station_2026-03-07_0100,midamerica_to_st_louis_union_station,MidAmerica to St. Louis Union Station,w_0100,0.1,0.3,0.6,0.0,62.28813581496176,14.75456781514838,79,dbscan_009,dbscan_006
stl_midamerica_to_st_louis_union_station_2026-03-07_0101,midamerica_to_st_louis_union_station,MidAmerica to St. Louis Union Station,w_0101,0.1,0.4,0.0,0.5,68.74647754525698,22.4203948056394,89,dbscan_036,dbscan_noise_024
stl_midamerica_to_st_louis_union_station_2026-03-07_0102,midamerica_to_st_louis_union_station,MidAmerica to St. Louis Union Station,w_0102,0.1,0.4,0.1,0.4,64.18989768267136,22.420401284184607,84,dbscan_021,dbscan_noise_022
stl_midamerica_to_st_louis_union_station_2026-03-07_0103,midamerica_to_st_louis_union_station,MidAmerica to St. Louis Union Station,w_0103,0.1,0.4,0.2,0.3,56.27635266511597,20.741991060027612,70,dbscan_002,dbscan_007
stl_midamerica_to_st_louis_union_station_2026-03-07_0104,midamerica_to_st_louis_union_station,MidAmerica to St. Louis Union Station,w_0104,0.1,0.4,0.3,0.2,56.27635266511597,18.93375499789845,70,dbscan_002,dbscan_007
stl_midamerica_to_st_louis_union_station_2026-03-07_0105,midamerica_to_st_louis_union_station,MidAmerica to St. Louis Union Station,w_0105,0.1,0.4,0.4,0.1,59.20186846339128,17.074709359611585,75,dbscan_002,dbscan_007
stl_midamerica_to_st_louis_union_station_2026-03-07_0106,midamerica_to_st_louis_union_station,MidAmerica to St. Louis Union Station,w_0106,0.1,0.4,0.5,0.0,61.760530002926046,14.574068277391806,79,dbscan_009,dbscan_006
stl_midamerica_to_st_louis_union_station_2026-03-07_0107,midamerica_to_st_louis_union_station,MidAmerica to St. Louis Union Station,w_0107,0.1,0.5,0.0,0.4,66.6216644425635,21.14627978251174,89,dbscan_037,dbscan_noise_025
stl_midamerica_to_st_louis_union_station_2026-03-07_0108,midamerica_to_st_louis_union_station,MidAmerica to St. Louis Union Station,w_0108,0.1,0.5,0.1,0.3,56.27635266511597,20.11644878179584,70,dbscan_002,dbscan_007
stl_midamerica_to_st_louis_union_station_2026-03-07_0109,midamerica_to_st_louis_union_station,MidAmerica to St. Louis Union Station,w_0109,0.1,0.5,0.2,0.2,56.27635266511597,18.30821271966668,70,dbscan_002,dbscan_007
stl_midamerica_to_st_louis_union_station_2026-03-07_0110,midamerica_to_st_louis_union_station,MidAmerica to St. Louis Union Station,w_0110,0.1,0.5,0.3,0.1,56.27635266511597,16.499976657537513,70,dbscan_002,dbscan_007
stl_midamerica_to_st_louis_union_station_2026-03-07_0111,midamerica_to_st_louis_union_station,MidAmerica to St. Louis Union Station,w_0111,0.1,0.5,0.4,0.0,61.760530002926046,14.38669429577978,79,dbscan_009,dbscan_006
stl_midamerica_to_st_louis_union_station_2026-03-07_0112,midamerica_to_st_louis_union_station,MidAmerica to St. Louis Union Station,w_0112,0.1,0.6,0.0,0.3,55.52680328940044,19.330101085139585,68,dbscan_002,dbscan_007
stl_midamerica_to_st_louis_union_station_2026-03-07_0113,midamerica_to_st_louis_union_station,MidAmerica to St. Louis Union Station,w_0113,0.1,0.6,0.1,0.2,56.27635266511597,17.6826704414349,70,dbscan_002,dbscan_007
stl_midamerica_to_st_louis_union_station_2026-03-07_0114,midamerica_to_st_louis_union_station,MidAmerica to St. Louis Union Station,w_0114,0.1,0.6,0.2,0.1,56.27635266511597,15.87443437930574,70,dbscan_002,dbscan_007
stl_midamerica_to_st_louis_union_station_2026-03-07_0115,midamerica_to_st_louis_union_station,MidAmerica to St. Louis Union Station,w_0115,0.1,0.6,0.3,0.0,57.9258116715691,13.976549742255337,73,dbscan_002,dbscan_007
stl_midamerica_to_st_louis_union_station_2026-03-07_0116,midamerica_to_st_louis_union_station,MidAmerica to St. Louis Union Station,w_0116,0.1,0.7,0.0,0.2,55.52680328940044,16.883270634387372,68,dbscan_002,dbscan_007
stl_midamerica_to_st_louis_union_station_2026-03-07_0117,midamerica_to_st_louis_union_station,MidAmerica to St. Louis Union Station,w_0117,0.1,0.7,0.1,0.1,56.65067529383353,15.246201431822396,71,dbscan_002,dbscan_007
stl_midamerica_to_st_louis_union_station_2026-03-07_0118,midamerica_to_st_louis_union_station,MidAmerica to St. Louis Union Station,w_0118,0.1,0.7,0.2,0.0,57.9258116715691,13.400049885339968,73,dbscan_002,dbscan_007
stl_midamerica_to_st_louis_union_station_2026-03-07_0119,midamerica_to_st_louis_union_station,MidAmerica to St. Louis Union Station,w_0119,0.1,0.8,0.0,0.1,55.52680328940044,14.436440183635163,68,dbscan_002,dbscan_007
stl_midamerica_to_st_louis_union_station_2026-03-07_0120,midamerica_to_st_louis_union_station,MidAmerica to St. Louis Union Station,w_0120,0.1,0.8,0.1,0.0,57.17666917673277,12.755396793510547,71,dbscan_002,dbscan_007
stl_midamerica_to_st_louis_union_station_2026-03-07_0121,midamerica_to_st_louis_union_station,MidAmerica to St. Louis Union Station,w_0121,0.1,0.9,0.0,0.0,56.80421942151068,11.98823462919861,70,dbscan_002,dbscan_007
stl_midamerica_to_st_louis_union_station_2026-03-07_0122,midamerica_to_st_louis_union_station,MidAmerica to St. Louis Union Station,w_0122,0.2,0.0,0.0,0.8,46.683328700980354,28.35560444222638,67,dbscan_001,dbscan_004
stl_midamerica_to_st_louis_union_station_2026-03-07_0123,midamerica_to_st_louis_union_station,MidAmerica to St. Louis Union Station,w_0123,0.2,0.0,0.1,0.7,47.21617334139707,28.07500995925048,67,dbscan_001,dbscan_004
stl_midamerica_to_st_louis_union_station_2026-03-07_0124,midamerica_to_st_louis_union_station,MidAmerica to St. Louis Union Station,w_0124,0.2,0.0,0.2,0.6,47.74820486615568,27.599253514218876,67,dbscan_001,dbscan_004
stl_midamerica_to_st_louis_union_station_2026-03-07_0125,midamerica_to_st_louis_union_station,MidAmerica to St. Louis Union Station,w_0125,0.2,0.0,0.3,0.5,48.81322464068012,27.05275177835393,67,dbscan_001,dbscan_004
stl_midamerica_to_st_louis_union_station_2026-03-07_0126,midamerica_to_st_louis_union_station,MidAmerica to St. Louis Union Station,w_0126,0.2,0.0,0.4,0.4,53.26433850811694,26.20669699980132,69,dbscan_018,dbscan_noise_015
stl_midamerica_to_st_louis_union_station_2026-03-07_0127,midamerica_to_st_louis_union_station,MidAmerica to St. Louis Union Station,w_0127,0.2,0.0,0.5,0.3,54.17031374396228,25.291946497978227,70,dbscan_019,dbscan_noise_016
stl_midamerica_to_st_louis_union_station_2026-03-07_0128,midamerica_to_st_louis_union_station,MidAmerica to St. Louis Union Station,w_0128,0.2,0.0,0.6,0.2,50.07729700473977,24.248692537664432,69,dbscan_022,dbscan_noise_026
stl_midamerica_to_st_louis_union_station_2026-03-07_0129,midamerica_to_st_louis_union_station,MidAmerica to St. Louis Union Station,w_0129,0.2,0.0,0.7,0.1,52.62117427418298,21.651614725720638,73,dbscan_003,dbscan_009
stl_midamerica_to_st_louis_union_station_2026-03-07_0130,midamerica_to_st_louis_union_station,MidAmerica to St. Louis Union Station,w_0130,0.2,0.0,0.8,0.0,52.62117427418298,18.65575953623953,73,dbscan_003,dbscan_009
stl_midamerica_to_st_louis_union_station_2026-03-07_0131,midamerica_to_st_louis_union_station,MidAmerica to St. Louis Union Station,w_0131,0.2,0.1,0.0,0.7,48.13050890304261,28.203098152160724,68,dbscan_001,dbscan_004
stl_midamerica_to_st_louis_union_station_2026-03-07_0132,midamerica_to_st_louis_union_station,MidAmerica to St. Louis Union Station,w_0132,0.2,0.1,0.1,0.6,47.22064232112312,28.31148923859458,67,dbscan_001,dbscan_004
stl_midamerica_to_st_louis_union_station_2026-03-07_0133,midamerica_to_st_louis_union_station,MidAmerica to St. Louis Union Station,w_0133,0.2,0.1,0.2,0.5,47.21937707182564,28.02809114483486,67,dbscan_001,dbscan_004
stl_midamerica_to_st_louis_union_station_2026-03-07_0134,midamerica_to_st_louis_union_station,MidAmerica to St. Louis Union Station,w_0134,0.2,0.1,0.3,0.4,52.51962391550302,27.257835432904063,67,dbscan_023,dbscan_noise_028
stl_midamerica_to_st_louis_union_station_2026-03-07_0135,midamerica_to_st_louis_union_station,MidAmerica to St. Louis Union Station,w_0135,0.2,0.1,0.4,0.3,52.51962391550302,26.422476838879337,67,dbscan_023,dbscan_noise_028
stl_midamerica_to_st_louis_union_station_2026-03-07_0136,midamerica_to_st_louis_union_station,MidAmerica to St. Louis Union Station,w_0136,0.2,0.1,0.5,0.2,54.31109452795166,25.20674916493777,69,dbscan_007,dbscan_008
stl_midamerica_to_st_louis_union_station_2026-03-07_0137,midamerica_to_st_louis_union_station,MidAmerica to St. Louis Union Station,w_0137,0.2,0.1,0.6,0.1,55.807554538613495,22.791014368562287,73,dbscan_007,dbscan_008
stl_midamerica_to_st_louis_union_station_2026-03-07_0138,midamerica_to_st_louis_union_station,MidAmerica to St. Louis Union Station,w_0138,0.2,0.1,0.7,0.0,54.90342270227249,20.169888427409997,72,dbscan_007,dbscan_008
stl_midamerica_to_st_louis_union_station_2026-03-07_0139,midamerica_to_st_louis_union_station,MidAmerica to St. Louis Union Station,w_0139,0.2,0.2,0.0,0.6,50.26499556893611,27.50248034255353,68,dbscan_001,dbscan_004
stl_midamerica_to_st_louis_union_station_2026-03-07_0140,midamerica_to_st_louis_union_station,MidAmerica to St. Louis Union Station,w_0140,0.2,0.2,0.1,0.5,50.26417626842154,27.705024398882657,68,dbscan_001,dbscan_004
stl_midamerica_to_st_louis_union_station_2026-03-07_0141,midamerica_to_st_louis_union_station,MidAmerica to St. Louis Union Station,w_0141,0.2,0.2,0.2,0.4,51.330299600952166,27.450617371674227,68,dbscan_001,dbscan_004
stl_midamerica_to_st_louis_union_station_2026-03-07_0142,midamerica_to_st_louis_union_station,MidAmerica to St. Louis Union Station,w_0142,0.2,0.2,0.3,0.3,54.99698101071835,26.78540986099192,68,dbscan_002,dbscan_007
stl_midamerica_to_st_louis_union_station_2026-03-07_0143,midamerica_to_st_louis_union_station,MidAmerica to St. Louis Union Station,w_0143,0.2,0.2,0.4,0.2,55.37210885281837,24.968609633310628,69,dbscan_002,dbscan_007
stl_midamerica_to_st_louis_union_station_2026-03-07_0144,midamerica_to_st_louis_union_station,MidAmerica to St. Louis Union Station,w_0144,0.2,0.2,0.5,0.1,56.12074141000121,23.023995610792934,71,dbscan_002,dbscan_007
stl_midamerica_to_st_louis_union_station_2026-03-07_0145,midamerica_to_st_louis_union_station,MidAmerica to St. Louis Union Station,w_0145,0.2,0.2,0.6,0.0,60.70149133211426,20.609973141344152,79,dbscan_009,dbscan_006
stl_midamerica_to_st_louis_union_station_2026-03-07_0146,midamerica_to_st_louis_union_station,MidAmerica to St. Louis Union Station,w_0146,0.2,0.3,0.0,0.5,50.26499556893611,26.68173269152873,68,dbscan_001,dbscan_004
stl_midamerica_to_st_louis_union_station_2026-03-07_0147,midamerica_to_st_louis_union_station,MidAmerica to St. Louis Union Station,w_0147,0.2,0.3,0.1,0.4,50.79771973612835,26.79608521373568,68,dbscan_001,dbscan_004
stl_midamerica_to_st_louis_union_station_2026-03-07_0148,midamerica_to_st_louis_union_station,MidAmerica to St. Louis Union Station,w_0148,0.2,0.3,0.2,0.3,54.99698101071835,26.245931525247677,68,dbscan_002,dbscan_007
stl_midamerica_to_st_louis_union_station_2026-03-07_0149,midamerica_to_st_louis_union_station,MidAmerica to St. Louis Union Station,w_0149,0.2,0.3,0.3,0.2,54.99698101071835,24.43769546311851,68,dbscan_002,dbscan_007
stl_midamerica_to_st_louis_union_station_2026-03-07_0150,midamerica_to_st_louis_union_station,MidAmerica to St. Louis Union Station,w_0150,0.2,0.3,0.4,0.1,54.99698101071835,22.629459400989347,68,dbscan_002,dbscan_007
stl_midamerica_to_st_louis_union_station_2026-03-07_0151,midamerica_to_st_louis_union_station,MidAmerica to St. Louis Union Station,w_0151,0.2,0.3,0.5,0.0,56.12074141000121,20.60218458353336,71,dbscan_002,dbscan_007
stl_midamerica_to_st_louis_union_station_2026-03-07_0152,midamerica_to_st_louis_union_station,MidAmerica to St. Louis Union Station,w_0152,0.2,0.4,0.0,0.4,49.73368752232152,25.753344240102837,68,dbscan_001,dbscan_004
stl_midamerica_to_st_louis_union_station_2026-03-07_0153,midamerica_to_st_louis_union_station,MidAmerica to St. Louis Union Station,w_0153,0.2,0.4,0.1,0.3,55.900724883416935,25.63300675686713,69,dbscan_002,dbscan_007
stl_midamerica_to_st_louis_union_station_2026-03-07_0154,midamerica_to_st_louis_union_station,MidAmerica to St. Louis Union Station,w_0154,0.2,0.4,0.2,0.2,56.27635266511597,23.835567605757312,70,dbscan_002,dbscan_007
stl_midamerica_to_st_louis_union_station_2026-03-07_0155,midamerica_to_st_louis_union_station,MidAmerica to St. Louis Union Station,w_0155,0.2,0.4,0.3,0.1,56.27635266511597,22.027331543628144,70,dbscan_002,dbscan_007
stl_midamerica_to_st_louis_union_station_2026-03-07_0156,midamerica_to_st_louis_union_station,MidAmerica to St. Louis Union Station,w_0156,0.2,0.4,0.4,0.0,57.02506263503168,20.184072019011477,72,dbscan_002,dbscan_007
stl_midamerica_to_st_louis_union_station_2026-03-07_0157,midamerica_to_st_louis_union_station,MidAmerica to St. Louis Union Station,w_0157,0.2,0.5,0.0,0.3,51.93106213249877,24.65145602209108,71,dbscan_001,dbscan_004
stl_midamerica_to_st_louis_union_station_2026-03-07_0158,midamerica_to_st_louis_union_station,MidAmerica to St. Louis Union Station,w_0158,0.2,0.5,0.1,0.2,55.900724883416935,23.19641899254419,69,dbscan_002,dbscan_007
stl_midamerica_to_st_louis_union_station_2026-03-07_0159,midamerica_to_st_louis_union_station,MidAmerica to St. Louis Union Station,w_0159,0.2,0.5,0.2,0.1,56.27635266511597,21.40178926539637,70,dbscan_002,dbscan_007
stl_midamerica_to_st_louis_union_station_2026-03-07_0160,midamerica_to_st_louis_union_station,MidAmerica to St. Louis Union Station,w_0160,0.2,0.5,0.3,0.0,56.27635266511597,19.59355320326721,70,dbscan_002,dbscan_007
stl_midamerica_to_st_louis_union_station_2026-03-07_0161,midamerica_to_st_louis_union_station,MidAmerica to St. Louis Union Station,w_0161,0.2,0.6,0.0,0.2,55.52680328940044,22.341184874792432,68,dbscan_002,dbscan_007
stl_midamerica_to_st_louis_union_station_2026-03-07_0162,midamerica_to_st_louis_union_station,MidAmerica to St. Louis Union Station,w_0162,0.2,0.6,0.1,0.1,55.900724883416935,20.759831228221252,69,dbscan_002,dbscan_007
stl_midamerica_to_st_louis_union_station_2026-03-07_0163,midamerica_to_st_louis_union_station,MidAmerica to St. Louis Union Station,w_0163,0.2,0.6,0.2,0.0,56.27635266511597,18.96801092503543,70,dbscan_002,dbscan_007
stl_midamerica_to_st_louis_union_station_2026-03-07_0164,midamerica_to_st_louis_union_station,MidAmerica to St. Louis Union Station,w_0164,0.2,0.7,0.0,0.1,55.52680328940044,19.89435442404022,68,dbscan_002,dbscan_007
stl_midamerica_to_st_louis_union_station_2026-03-07_0165,midamerica_to_st_louis_union_station,MidAmerica to St. Louis Union Station,w_0165,0.2,0.7,0.1,0.0,55.90084567329057,18.3214553908354,69,dbscan_002,dbscan_007
stl_midamerica_to_st_louis_union_station_2026-03-07_0166,midamerica_to_st_louis_union_station,MidAmerica to St. Louis Union Station,w_0166,0.2,0.8,0.0,0.0,55.52680328940044,17.447523973288007,68,dbscan_002,dbscan_007
stl_midamerica_to_st_louis_union_station_2026-03-07_0167,midamerica_to_st_louis_union_station,MidAmerica to St. Louis Union Station,w_0167,0.25,0.25,0.25,0.25,54.99698101071835,27.99205740390135,68,dbscan_002,dbscan_007
stl_midamerica_to_st_louis_union_station_2026-03-07_0168,midamerica_to_st_louis_union_station,MidAmerica to St. Louis Union Station,w_0168,0.3,0.0,0.0,0.7,46.683328700980354,31.23340666333956,67,dbscan_001,dbscan_004
stl_midamerica_to_st_louis_union_station_2026-03-07_0169,midamerica_to_st_louis_union_station,MidAmerica to St. Louis Union Station,w_0169,0.3,0.0,0.1,0.6,46.68348381080322,30.960141809209816,67,dbscan_001,dbscan_004
stl_midamerica_to_st_louis_union_station_2026-03-07_0170,midamerica_to_st_louis_union_station,MidAmerica to St. Louis Union Station,w_0170,0.3,0.0,0.2,0.5,47.74820486615568,30.59425224378355,67,dbscan_001,dbscan_004
stl_midamerica_to_st_louis_union_station_2026-03-07_0171,midamerica_to_st_louis_union_station,MidAmerica to St. Louis Union Station,w_0171,0.3,0.0,0.3,0.4,47.74820486615568,30.098880271328305,67,dbscan_001,dbscan_004
stl_midamerica_to_st_louis_union_station_2026-03-07_0172,midamerica_to_st_louis_union_station,MidAmerica to St. Louis Union Station,w_0172,0.3,0.0,0.4,0.3,47.75238873608906,29.43562431836613,67,dbscan_001,dbscan_004
stl_midamerica_to_st_louis_union_station_2026-03-07_0173,midamerica_to_st_louis_union_station,MidAmerica to St. Louis Union Station,w_0173,0.3,0.0,0.5,0.2,50.07729700473977,28.44235095669273,69,dbscan_022,dbscan_noise_026
stl_midamerica_to_st_louis_union_station_2026-03-07_0174,midamerica_to_st_louis_union_station,MidAmerica to St. Louis Union Station,w_0174,0.3,0.0,0.6,0.1,49.6919186985769,26.409129710266846,68,dbscan_003,dbscan_009
stl_midamerica_to_st_louis_union_station_2026-03-07_0175,midamerica_to_st_louis_union_station,MidAmerica to St. Louis Union Station,w_0175,0.3,0.0,0.7,0.0,52.62117427418298,23.56291525176482,73,dbscan_003,dbscan_009
stl_midamerica_to_st_louis_union_station_2026-03-07_0176,midamerica_to_st_louis_union_station,MidAmerica to St. Louis Union Station,w_0176,0.3,0.1,0.0,0.6,47.22076683153593,31.190444278917205,67,dbscan_001,dbscan_004
stl_midamerica_to_st_louis_union_station_2026-03-07_0177,midamerica_to_st_louis_union_station,MidAmerica to St. Louis Union Station,w_0177,0.3,0.1,0.1,0.5,47.22064232112312,31.24842629837118,67,dbscan_001,dbscan_004
stl_midamerica_to_st_louis_union_station_2026-03-07_0178,midamerica_to_st_louis_union_station,MidAmerica to St. Louis Union Station,w_0178,0.3,0.1,0.2,0.4,47.21937707182564,30.904888955744,67,dbscan_001,dbscan_004
stl_midamerica_to_st_louis_union_station_2026-03-07_0179,midamerica_to_st_louis_union_station,MidAmerica to St. Louis Union Station,w_0179,0.3,0.1,0.3,0.3,47.21957383752196,30.32836320356148,67,dbscan_001,dbscan_004
stl_midamerica_to_st_louis_union_station_2026-03-07_0180,midamerica_to_st_louis_union_station,MidAmerica to St. Louis Union Station,w_0180,0.3,0.1,0.4,0.2,49.330270909530746,29.509389101507963,67,dbscan_038,dbscan_noise_029
stl_midamerica_to_st_louis_union_station_2026-03-07_0181,midamerica_to_st_louis_union_station,MidAmerica to St. Louis Union Station,w_0181,0.3,0.1,0.5,0.1,49.316798594409065,27.90610094426578,67,dbscan_003,dbscan_009
stl_midamerica_to_st_louis_union_station_2026-03-07_0182,midamerica_to_st_louis_union_station,MidAmerica to St. Louis Union Station,w_0182,0.3,0.1,0.6,0.0,52.25081794994302,25.068746300754643,72,dbscan_003,dbscan_009
stl_midamerica_to_st_louis_union_station_2026-03-07_0183,midamerica_to_st_louis_union_station,MidAmerica to St. Louis Union Station,w_0183,0.3,0.2,0.0,0.5,48.66685213560263,30.668041392314706,68,dbscan_001,dbscan_004
stl_midamerica_to_st_louis_union_station_2026-03-07_0184,midamerica_to_st_louis_union_station,MidAmerica to St. Louis Union Station,w_0184,0.3,0.2,0.1,0.4,48.66228297537591,30.89548416231422,68,dbscan_001,dbscan_004
stl_midamerica_to_st_louis_union_station_2026-03-07_0185,midamerica_to_st_louis_union_station,MidAmerica to St. Louis Union Station,w_0185,0.3,0.2,0.2,0.3,49.73103872962158,30.684859619794487,68,dbscan_001,dbscan_004
stl_midamerica_to_st_louis_union_station_2026-03-07_0186,midamerica_to_st_louis_union_station,MidAmerica to St. Louis Union Station,w_0186,0.3,0.2,0.3,0.2,52.499483001777065,29.58398437347008,67,dbscan_007,dbscan_008
stl_midamerica_to_st_louis_union_station_2026-03-07_0187,midamerica_to_st_louis_union_station,MidAmerica to St. Louis Union Station,w_0187,0.3,0.2,0.4,0.1,52.499483001777065,27.792177034611324,67,dbscan_007,dbscan_008
stl_midamerica_to_st_louis_union_station_2026-03-07_0188,midamerica_to_st_louis_union_station,MidAmerica to St. Louis Union Station,w_0188,0.3,0.2,0.5,0.0,53.7810186191833,25.66265746903605,69,dbscan_007,dbscan_008
stl_midamerica_to_st_louis_union_station_2026-03-07_0189,midamerica_to_st_louis_union_station,MidAmerica to St. Louis Union Station,w_0189,0.3,0.3,0.0,0.4,49.20045512079,29.782482943117287,68,dbscan_001,dbscan_004
stl_midamerica_to_st_louis_union_station_2026-03-07_0190,midamerica_to_st_louis_union_station,MidAmerica to St. Louis Union Station,w_0190,0.3,0.3,0.1,0.3,50.26413747831536,30.029867076410103,68,dbscan_001,dbscan_004
stl_midamerica_to_st_louis_union_station_2026-03-07_0191,midamerica_to_st_louis_union_station,MidAmerica to St. Louis Union Station,w_0191,0.3,0.3,0.2,0.2,54.62331066429843,29.19476662014683,67,dbscan_002,dbscan_007
stl_midamerica_to_st_louis_union_station_2026-03-07_0192,midamerica_to_st_louis_union_station,MidAmerica to St. Louis Union Station,w_0192,0.3,0.3,0.3,0.1,54.99698101071835,27.39046888468162,68,dbscan_002,dbscan_007
stl_midamerica_to_st_louis_union_station_2026-03-07_0193,midamerica_to_st_louis_union_station,MidAmerica to St. Louis Union Station,w_0193,0.3,0.3,0.4,0.0,55.3715961444865,25.557732052213996,69,dbscan_002,dbscan_007
stl_midamerica_to_st_louis_union_station_2026-03-07_0194,midamerica_to_st_louis_union_station,MidAmerica to St. Louis Union Station,w_0194,0.3,0.4,0.0,0.3,49.20045512079,28.88181566247619,68,dbscan_001,dbscan_004
stl_midamerica_to_st_louis_union_station_2026-03-07_0195,midamerica_to_st_louis_union_station,MidAmerica to St. Louis Union Station,w_0195,0.3,0.4,0.1,0.2,54.62331066429843,28.623500625539904,67,dbscan_002,dbscan_007
stl_midamerica_to_st_louis_union_station_2026-03-07_0196,midamerica_to_st_louis_union_station,MidAmerica to St. Louis Union Station,w_0196,0.3,0.4,0.2,0.1,54.99698101071835,26.85099054893737,68,dbscan_002,dbscan_007
stl_midamerica_to_st_louis_union_station_2026-03-07_0197,midamerica_to_st_louis_union_station,MidAmerica to St. Louis Union Station,w_0197,0.3,0.4,0.3,0.0,54.99698101071835,25.04275448680821,68,dbscan_002,dbscan_007
stl_midamerica_to_st_louis_union_station_2026-03-07_0198,midamerica_to_st_louis_union_station,MidAmerica to St. Louis Union Station,w_0198,0.3,0.5,0.0,0.2,51.93172241795522,27.707194361614643,71,dbscan_001,dbscan_004
stl_midamerica_to_st_louis_union_station_2026-03-07_0199,midamerica_to_st_louis_union_station,MidAmerica to St. Louis Union Station,w_0199,0.3,0.5,0.1,0.1,55.52717842587103,26.22414236452503,68,dbscan_002,dbscan_007
stl_midamerica_to_st_louis_union_station_2026-03-07_0200,midamerica_to_st_louis_union_station,MidAmerica to St. Louis Union Station,w_0200,0.3,0.5,0.2,0.0,55.5281740793146,24.48823269597293,68,dbscan_002,dbscan_007
stl_midamerica_to_st_louis_union_station_2026-03-07_0201,midamerica_to_st_louis_union_station,MidAmerica to St. Louis Union Station,w_0201,0.3,0.6,0.0,0.1,55.52680328940044,25.352268664445276,68,dbscan_002,dbscan_007
stl_midamerica_to_st_louis_union_station_2026-03-07_0202,midamerica_to_st_louis_union_station,MidAmerica to St. Louis Union Station,w_0202,0.3,0.6,0.1,0.0,55.526682499526814,23.797665673141243,68,dbscan_002,dbscan_007
stl_midamerica_to_st_louis_union_station_2026-03-07_0203,midamerica_to_st_louis_union_station,MidAmerica to St. Louis Union Station,w_0203,0.3,0.7,0.0,0.0,55.52680328940044,22.90543821369306,68,dbscan_002,dbscan_007
stl_midamerica_to_st_louis_union_station_2026-03-07_0204,midamerica_to_st_louis_union_station,MidAmerica to St. Louis Union Station,w_0204,0.4,0.0,0.0,0.6,46.683328700980354,34.11120888445275,67,dbscan_001,dbscan_004
stl_midamerica_to_st_louis_union_station_2026-03-07_0205,midamerica_to_st_louis_union_station,MidAmerica to St. Louis Union Station,w_0205,0.4,0.0,0.1,0.5,46.68348381080322,33.837961101162094,67,dbscan_001,dbscan_004
stl_midamerica_to_st_louis_union_station_2026-03-07_0206,midamerica_to_st_louis_union_station,MidAmerica to St. Louis Union Station,w_0206,0.4,0.0,0.2,0.4,47.21617334139707,33.550019918500944,67,dbscan_001,dbscan_004
stl_midamerica_to_st_louis_union_station_2026-03-07_0207,midamerica_to_st_louis_union_station,MidAmerica to St. Louis Union Station,w_0207,0.4,0.0,0.3,0.3,47.21914938920484,33.0079232481353,67,dbscan_001,dbscan_004
stl_midamerica_to_st_louis_union_station_2026-03-07_0208,midamerica_to_st_louis_union_station,MidAmerica to St. Louis Union Station,w_0208,0.4,0.0,0.4,0.2,47.21942094361455,32.249368847246025,67,dbscan_001,dbscan_004
stl_midamerica_to_st_louis_union_station_2026-03-07_0209,midamerica_to_st_louis_union_station,MidAmerica to St. Louis Union Station,w_0209,0.4,0.0,0.5,0.1,49.31749687165301,30.75672137366941,67,dbscan_003,dbscan_009
stl_midamerica_to_st_louis_union_station_2026-03-07_0210,midamerica_to_st_louis_union_station,MidAmerica to St. Louis Union Station,w_0210,0.4,0.0,0.6,0.0,49.31749687165301,28.29389807779301,67,dbscan_003,dbscan_009
stl_midamerica_to_st_louis_union_station_2026-03-07_0211,midamerica_to_st_louis_union_station,MidAmerica to St. Louis Union Station,w_0211,0.4,0.1,0.0,0.5,47.22076683153593,34.12739504186994,67,dbscan_001,dbscan_004
stl_midamerica_to_st_louis_union_station_2026-03-07_0212,midamerica_to_st_louis_union_station,MidAmerica to St. Louis Union Station,w_0212,0.4,0.1,0.1,0.4,46.68553550765997,34.143597118930934,67,dbscan_001,dbscan_004
stl_midamerica_to_st_louis_union_station_2026-03-07_0213,midamerica_to_st_louis_union_station,MidAmerica to St. Louis Union Station,w_0213,0.4,0.1,0.2,0.3,47.21937707182564,33.781686766653145,67,dbscan_001,dbscan_004
stl_midamerica_to_st_louis_union_station_2026-03-07_0214,midamerica_to_st_louis_union_station,MidAmerica to St. Louis Union Station,w_0214,0.4,0.1,0.3,0.2,47.21984539193169,33.12108869639042,67,dbscan_001,dbscan_004
stl_midamerica_to_st_louis_union_station_2026-03-07_0215,midamerica_to_st_louis_union_station,MidAmerica to St. Louis Union Station,w_0215,0.4,0.1,0.4,0.1,47.21401344705753,31.894664004925755,67,dbscan_010,dbscan_010
stl_midamerica_to_st_louis_union_station_2026-03-07_0216,midamerica_to_st_louis_union_station,MidAmerica to St. Louis Union Station,w_0216,0.4,0.1,0.5,0.0,49.69081601782376,29.68535728968991,68,dbscan_003,dbscan_009
stl_midamerica_to_st_louis_union_station_2026-03-07_0217,midamerica_to_st_louis_union_station,MidAmerica to St. Louis Union Station,w_0217,0.4,0.2,0.0,0.4,48.66685213560263,33.70414319470471,68,dbscan_001,dbscan_004
stl_midamerica_to_st_louis_union_station_2026-03-07_0218,midamerica_to_st_louis_union_station,MidAmerica to St. Louis Union Station,w_0218,0.4,0.2,0.1,0.3,48.12930129325903,33.940443690153245,68,dbscan_001,dbscan_004
stl_midamerica_to_st_louis_union_station_2026-03-07_0219,midamerica_to_st_louis_union_station,MidAmerica to St. Louis Union Station,w_0219,0.4,0.2,0.2,0.2,47.75448388528879,33.772303223677724,67,dbscan_001,dbscan_004
stl_midamerica_to_st_louis_union_station_2026-03-07_0220,midamerica_to_st_louis_union_station,MidAmerica to St. Louis Union Station,w_0220,0.4,0.2,0.3,0.1,52.499483001777065,32.26189198801771,67,dbscan_007,dbscan_008
stl_midamerica_to_st_louis_union_station_2026-03-07_0221,midamerica_to_st_louis_union_station,MidAmerica to St. Louis Union Station,w_0221,0.4,0.2,0.4,0.0,52.500371043192594,30.33358811111153,67,dbscan_007,dbscan_008
stl_midamerica_to_st_louis_union_station_2026-03-07_0222,midamerica_to_st_louis_union_station,MidAmerica to St. Louis Union Station,w_0222,0.4,0.3,0.0,0.3,49.20045512079,32.87731120479747,68,dbscan_001,dbscan_004
stl_midamerica_to_st_louis_union_station_2026-03-07_0223,midamerica_to_st_louis_union_station,MidAmerica to St. Louis Union Station,w_0223,0.4,0.3,0.1,0.2,49.20384760089272,33.07665766734487,68,dbscan_001,dbscan_004
stl_midamerica_to_st_louis_union_station_2026-03-07_0224,midamerica_to_st_louis_union_station,MidAmerica to St. Louis Union Station,w_0224,0.4,0.3,0.2,0.1,52.499483001777065,32.0165411000782,67,dbscan_007,dbscan_008
stl_midamerica_to_st_louis_union_station_2026-03-07_0225,midamerica_to_st_louis_union_station,MidAmerica to St. Louis Union Station,w_0225,0.4,0.3,0.3,0.0,52.499483001777065,30.224733761219447,67,dbscan_007,dbscan_008
stl_midamerica_to_st_louis_union_station_2026-03-07_0226,midamerica_to_st_louis_union_station,MidAmerica to St. Louis Union Station,w_0226,0.4,0.4,0.0,0.2,49.20045512079,31.97664392415638,68,dbscan_001,dbscan_004
stl_midamerica_to_st_louis_union_station_2026-03-07_0227,midamerica_to_st_louis_union_station,MidAmerica to St. Louis Union Station,w_0227,0.4,0.4,0.1,0.1,54.62331066429843,31.53514920898153,67,dbscan_002,dbscan_007
stl_midamerica_to_st_louis_union_station_2026-03-07_0228,midamerica_to_st_louis_union_station,MidAmerica to St. Louis Union Station,w_0228,0.4,0.4,0.2,0.0,54.62331066429843,29.769872979710076,67,dbscan_002,dbscan_007
stl_midamerica_to_st_louis_union_station_2026-03-07_0229,midamerica_to_st_louis_union_station,MidAmerica to St. Louis Union Station,w_0229,0.4,0.5,0.0,0.1,51.93172241795522,30.762616252247746,71,dbscan_001,dbscan_004
stl_midamerica_to_st_louis_union_station_2026-03-07_0230,midamerica_to_st_louis_union_station,MidAmerica to St. Louis Union Station,w_0230,0.4,0.5,0.1,0.0,54.99593844394483,29.19182901061752,68,dbscan_002,dbscan_007
stl_midamerica_to_st_louis_union_station_2026-03-07_0231,midamerica_to_st_louis_union_station,MidAmerica to St. Louis Union Station,w_0231,0.4,0.6,0.0,0.0,54.99564589804045,28.35803581329581,68,dbscan_002,dbscan_007
stl_midamerica_to_st_louis_union_station_2026-03-07_0232,midamerica_to_st_louis_union_station,MidAmerica to St. Louis Union Station,w_0232,0.5,0.0,0.0,0.5,46.683328700980354,36.98901110556593,67,dbscan_001,dbscan_004
stl_midamerica_to_st_louis_union_station_2026-03-07_0233,midamerica_to_st_louis_union_station,MidAmerica to St. Louis Union Station,w_0233,0.5,0.0,0.1,0.4,46.68348381080322,36.715780393114365,67,dbscan_001,dbscan_004
stl_midamerica_to_st_louis_union_station_2026-03-07_0234,midamerica_to_st_louis_union_station,MidAmerica to St. Louis Union Station,w_0234,0.5,0.0,0.2,0.3,46.68348381080322,36.44246432646735,67,dbscan_001,dbscan_004
stl_midamerica_to_st_louis_union_station_2026-03-07_0235,midamerica_to_st_louis_union_station,MidAmerica to St. Louis Union Station,w_0235,0.5,0.0,0.3,0.2,47.21942094361455,35.80063191400098,67,dbscan_001,dbscan_004
stl_midamerica_to_st_louis_union_station_2026-03-07_0236,midamerica_to_st_louis_union_station,MidAmerica to St. Louis Union Station,w_0236,0.5,0.0,0.4,0.1,47.21254330550661,34.716348450496724,67,dbscan_010,dbscan_010
stl_midamerica_to_st_louis_union_station_2026-03-07_0237,midamerica_to_st_louis_union_station,MidAmerica to St. Louis Union Station,w_0237,0.5,0.0,0.5,0.0,48.78527826845604,32.57180108613563,67,dbscan_003,dbscan_009
stl_midamerica_to_st_louis_union_station_2026-03-07_0238,midamerica_to_st_louis_union_station,MidAmerica to St. Louis Union Station,w_0238,0.5,0.1,0.0,0.4,46.68855540718086,36.96935411859173,67,dbscan_001,dbscan_004
stl_midamerica_to_st_louis_union_station_2026-03-07_0239,midamerica_to_st_louis_union_station,MidAmerica to St. Louis Union Station,w_0239,0.5,0.1,0.1,0.3,46.68553550765997,37.02164221339046,67,dbscan_001,dbscan_004
stl_midamerica_to_st_louis_union_station_2026-03-07_0240,midamerica_to_st_louis_union_station,MidAmerica to St. Louis Union Station,w_0240,0.5,0.1,0.2,0.2,47.21953231061844,36.643761451939234,67,dbscan_001,dbscan_004
stl_midamerica_to_st_louis_union_station_2026-03-07_0241,midamerica_to_st_louis_union_station,MidAmerica to St. Louis Union Station,w_0241,0.5,0.1,0.3,0.1,47.21401344705753,35.6093879864338,67,dbscan_010,dbscan_010
stl_midamerica_to_st_louis_union_station_2026-03-07_0242,midamerica_to_st_louis_union_station,MidAmerica to St. Louis Union Station,w_0242,0.5,0.1,0.4,0.0,47.725648457601245,33.82903972132585,67,dbscan_003,dbscan_009
stl_midamerica_to_st_louis_union_station_2026-03-07_0243,midamerica_to_st_louis_union_station,MidAmerica to St. Louis Union Station,w_0243,0.5,0.2,0.0,0.3,47.0639138100706,36.62056009095311,68,dbscan_001,dbscan_004
stl_midamerica_to_st_louis_union_station_2026-03-07_0244,midamerica_to_st_louis_union_station,MidAmerica to St. Louis Union Station,w_0244,0.5,0.2,0.1,0.2,47.22087501955487,36.92325713711718,67,dbscan_001,dbscan_004
stl_midamerica_to_st_louis_union_station_2026-03-07_0245,midamerica_to_st_louis_union_station,MidAmerica to St. Louis Union Station,w_0245,0.5,0.2,0.2,0.1,47.21617561575103,36.37743617110459,67,dbscan_010,dbscan_010
stl_midamerica_to_st_louis_union_station_2026-03-07_0246,midamerica_to_st_louis_union_station,MidAmerica to St. Louis Union Station,w_0246,0.5,0.2,0.3,0.0,47.19399776335868,34.27686130836548,67,dbscan_003,dbscan_009
stl_midamerica_to_st_louis_union_station_2026-03-07_0247,midamerica_to_st_louis_union_station,MidAmerica to St. Louis Union Station,w_0247,0.5,0.3,0.0,0.2,48.66685213560263,35.920112989667054,68,dbscan_001,dbscan_004
stl_midamerica_to_st_louis_union_station_2026-03-07_0248,midamerica_to_st_louis_union_station,MidAmerica to St. Louis Union Station,w_0248,0.5,0.3,0.1,0.1,49.20384760089272,36.05185929339928,68,dbscan_001,dbscan_004
stl_midamerica_to_st_louis_union_station_2026-03-07_0249,midamerica_to_st_louis_union_station,MidAmerica to St. Louis Union Station,w_0249,0.5,0.3,0.2,0.0,47.19410833722159,34.65353556815391,67,dbscan_003,dbscan_009
stl_midamerica_to_st_louis_union_station_2026-03-07_0250,midamerica_to_st_louis_union_station,MidAmerica to St. Louis Union Station,w_0250,0.5,0.4,0.0,0.1,49.203575913705706,35.00792383259433,68,dbscan_001,dbscan_004
stl_midamerica_to_st_louis_union_station_2026-03-07_0251,midamerica_to_st_louis_union_station,MidAmerica to St. Louis Union Station,w_0251,0.5,0.4,0.1,0.0,54.62331066429843,34.44679779242314,67,dbscan_002,dbscan_007
stl_midamerica_to_st_louis_union_station_2026-03-07_0252,midamerica_to_st_louis_union_station,MidAmerica to St. Louis Union Station,w_0252,0.5,0.5,0.0,0.0,54.99564589804045,33.71940731737791,68,dbscan_002,dbscan_007
stl_midamerica_to_st_louis_union_station_2026-03-07_0253,midamerica_to_st_louis_union_station,MidAmerica to St. Louis Union Station,w_0253,0.6,0.0,0.0,0.4,46.683328700980354,39.86681332667912,67,dbscan_001,dbscan_004
stl_midamerica_to_st_louis_union_station_2026-03-07_0254,midamerica_to_st_louis_union_station,MidAmerica to St. Louis Union Station,w_0254,0.6,0.0,0.1,0.3,46.68348381080322,39.59359968506664,67,dbscan_001,dbscan_004
stl_midamerica_to_st_louis_union_station_2026-03-07_0255,midamerica_to_st_louis_union_station,MidAmerica to St. Louis Union Station,w_0255,0.6,0.0,0.2,0.2,46.68348381080322,39.320283618419616,67,dbscan_001,dbscan_004
stl_midamerica_to_st_louis_union_station_2026-03-07_0256,midamerica_to_st_louis_union_station,MidAmerica to St. Louis Union Station,w_0256,0.6,0.0,0.3,0.1,47.21254330550661,38.43836418702018,67,dbscan_010,dbscan_010
stl_midamerica_to_st_louis_union_station_2026-03-07_0257,midamerica_to_st_louis_union_station,MidAmerica to St. Louis Union Station,w_0257,0.6,0.0,0.4,0.0,47.19403889362286,36.77376374533776,67,dbscan_003,dbscan_009
stl_midamerica_to_st_louis_union_station_2026-03-07_0258,midamerica_to_st_louis_union_station,MidAmerica to St. Louis Union Station,w_0258,0.6,0.1,0.0,0.3,46.68855540718086,39.78773157252298,67,dbscan_001,dbscan_004
stl_midamerica_to_st_louis_union_station_2026-03-07_0259,midamerica_to_st_louis_union_station,MidAmerica to St. Louis Union Station,w_0259,0.6,0.1,0.1,0.2,46.68553550765997,39.89968730784998,67,dbscan_001,dbscan_004
stl_midamerica_to_st_louis_union_station_2026-03-07_0260,midamerica_to_st_louis_union_station,MidAmerica to St. Louis Union Station,w_0260,0.6,0.1,0.2,0.1,47.213971920154,39.32350448904239,67,dbscan_010,dbscan_010
stl_midamerica_to_st_louis_union_station_2026-03-07_0261,midamerica_to_st_louis_union_station,MidAmerica to St. Louis Union Station,w_0261,0.6,0.1,0.3,0.0,47.19399776335868,37.54803858058566,67,dbscan_003,dbscan_009
stl_midamerica_to_st_louis_union_station_2026-03-07_0262,midamerica_to_st_louis_union_station,MidAmerica to St. Louis Union Station,w_0262,0.6,0.2,0.0,0.2,46.68855540718086,39.465198421458375,67,dbscan_001,dbscan_004
stl_midamerica_to_st_louis_union_station_2026-03-07_0263,midamerica_to_st_louis_union_station,MidAmerica to St. Louis Union Station,w_0263,0.6,0.2,0.1,0.1,46.682026751522535,39.55121603597278,67,dbscan_010,dbscan_010
stl_midamerica_to_st_louis_union_station_2026-03-07_0264,midamerica_to_st_louis_union_station,MidAmerica to St. Louis Union Station,w_0264,0.6,0.2,0.2,0.0,46.66182130627588,37.90454424289503,67,dbscan_003,dbscan_009
stl_midamerica_to_st_louis_union_station_2026-03-07_0265,midamerica_to_st_louis_union_station,MidAmerica to St. Louis Union Station,w_0265,0.6,0.3,0.0,0.1,48.66685213560263,38.95621479205706,68,dbscan_001,dbscan_004
stl_midamerica_to_st_louis_union_station_2026-03-07_0266,midamerica_to_st_louis_union_station,MidAmerica to St. Louis Union Station,w_0266,0.6,0.3,0.1,0.0,46.66483855528596,38.01650903767109,67,dbscan_003,dbscan_009
stl_midamerica_to_st_louis_union_station_2026-03-07_0267,midamerica_to_st_louis_union_station,MidAmerica to St. Louis Union Station,w_0267,0.6,0.4,0.0,0.0,46.66599661404935,37.76103496698872,67,dbscan_003,dbscan_009
stl_midamerica_to_st_louis_union_station_2026-03-07_0268,midamerica_to_st_louis_union_station,MidAmerica to St. Louis Union Station,w_0268,0.7,0.0,0.0,0.3,46.683328700980354,42.74461554779229,67,dbscan_001,dbscan_004
stl_midamerica_to_st_louis_union_station_2026-03-07_0269,midamerica_to_st_louis_union_station,MidAmerica to St. Louis Union Station,w_0269,0.7,0.0,0.1,0.2,46.68348381080322,42.471418977018914,67,dbscan_001,dbscan_004
stl_midamerica_to_st_louis_union_station_2026-03-07_0270,midamerica_to_st_louis_union_station,MidAmerica to St. Louis Union Station,w_0270,0.7,0.0,0.2,0.1,46.67668350808647,42.0267773443445,67,dbscan_039,dbscan_noise_030
stl_midamerica_to_st_louis_union_station_2026-03-07_0271,midamerica_to_st_louis_union_station,MidAmerica to St. Louis Union Station,w_0271,0.7,0.0,0.3,0.0,47.19403889362286,40.56534576034791,67,dbscan_003,dbscan_009
stl_midamerica_to_st_louis_union_station_2026-03-07_0272,midamerica_to_st_louis_union_station,MidAmerica to St. Louis Union Station,w_0272,0.7,0.1,0.0,0.2,46.68855540718086,42.60610902645424,67,dbscan_001,dbscan_004
stl_midamerica_to_st_louis_union_station_2026-03-07_0273,midamerica_to_st_louis_union_station,MidAmerica to St. Louis Union Station,w_0273,0.7,0.1,0.1,0.1,46.68576820609172,42.73958296814701,67,dbscan_001,dbscan_004
stl_midamerica_to_st_louis_union_station_2026-03-07_0274,midamerica_to_st_louis_union_station,MidAmerica to St. Louis Union Station,w_0274,0.7,0.1,0.2,0.0,46.66182130627588,41.13508114177508,67,dbscan_003,dbscan_009
stl_midamerica_to_st_louis_union_station_2026-03-07_0275,midamerica_to_st_louis_union_station,MidAmerica to St. Louis Union Station,w_0275,0.7,0.2,0.0,0.1,46.68855540718086,42.28357587538964,67,dbscan_001,dbscan_004
stl_midamerica_to_st_louis_union_station_2026-03-07_0276,midamerica_to_st_louis_union_station,MidAmerica to St. Louis Union Station,w_0276,0.7,0.2,0.1,0.0,46.66483855528596,41.37502619760257,67,dbscan_003,dbscan_009
stl_midamerica_to_st_louis_union_station_2026-03-07_0277,midamerica_to_st_louis_union_station,MidAmerica to St. Louis Union Station,w_0277,0.7,0.3,0.0,0.0,46.66599661404935,41.16051300739435,67,dbscan_003,dbscan_009
stl_midamerica_to_st_louis_union_station_2026-03-07_0278,midamerica_to_st_louis_union_station,MidAmerica to St. Louis Union Station,w_0278,0.8,0.0,0.0,0.2,46.683328700980354,45.622417768905486,67,dbscan_001,dbscan_004
stl_midamerica_to_st_louis_union_station_2026-03-07_0279,midamerica_to_st_louis_union_station,MidAmerica to St. Louis Union Station,w_0279,0.8,0.0,0.1,0.1,46.68348381080322,45.34923826897119,67,dbscan_001,dbscan_004
stl_midamerica_to_st_louis_union_station_2026-03-07_0280,midamerica_to_st_louis_union_station,MidAmerica to St. Louis Union Station,w_0280,0.8,0.0,0.2,0.0,46.661862436540055,44.19638640118839,67,dbscan_003,dbscan_009
stl_midamerica_to_st_louis_union_station_2026-03-07_0281,midamerica_to_st_louis_union_station,MidAmerica to St. Louis Union Station,w_0281,0.8,0.1,0.0,0.1,46.68855540718086,45.42448648038552,67,dbscan_001,dbscan_004
stl_midamerica_to_st_louis_union_station_2026-03-07_0282,midamerica_to_st_louis_union_station,MidAmerica to St. Louis Union Station,w_0282,0.8,0.1,0.1,0.0,46.66182130627588,44.62944808764378,67,dbscan_003,dbscan_009
stl_midamerica_to_st_louis_union_station_2026-03-07_0283,midamerica_to_st_louis_union_station,MidAmerica to St. Louis Union Station,w_0283,0.8,0.2,0.0,0.0,46.66599661404935,44.55999104779999,67,dbscan_003,dbscan_009
stl_midamerica_to_st_louis_union_station_2026-03-07_0284,midamerica_to_st_louis_union_station,MidAmerica to St. Louis Union Station,w_0284,0.9,0.0,0.0,0.1,46.683328700980354,48.50021999001866,67,dbscan_001,dbscan_004
stl_midamerica_to_st_louis_union_station_2026-03-07_0285,midamerica_to_st_louis_union_station,MidAmerica to St. Louis Union Station,w_0285,0.9,0.0,0.1,0.0,46.661862436540055,47.77539180004826,67,dbscan_003,dbscan_009
stl_midamerica_to_st_louis_union_station_2026-03-07_0286,midamerica_to_st_louis_union_station,MidAmerica to St. Louis Union Station,w_0286,0.9,0.1,0.0,0.0,46.66599661404935,47.959469088205616,67,dbscan_003,dbscan_009
stl_midamerica_to_st_louis_union_station_2026-03-07_0287,midamerica_to_st_louis_union_station,MidAmerica to St. Louis Union Station,w_0287,1.0,0.0,0.0,0.0,46.65953988976652,51.351841085986514,67,dbscan_003,dbscan_009
stl_st_louis_downtown_airport_to_st_louis_lambert_2026-03-07_0001,st_louis_downtown_airport_to_st_louis_lambert,St. Louis Downtown Airport to St. Louis Lambert,w_0001,0.0,0.0,0.0,1.0,35.06847425714207,33.400000000000006,40,dbscan_001,dbscan_001
stl_st_louis_downtown_airport_to_st_louis_lambert_2026-03-07_0002,st_louis_downtown_airport_to_st_louis_lambert,St. Louis Downtown Airport to St. Louis Lambert,w_0002,0.0,0.0,0.1,0.9,35.06909548721607,31.596023487914625,40,dbscan_001,dbscan_001
stl_st_louis_downtown_airport_to_st_louis_lambert_2026-03-07_0003,st_louis_downtown_airport_to_st_louis_lambert,St. Louis Downtown Airport to St. Louis Lambert,w_0003,0.0,0.0,0.2,0.8,35.06909548721607,29.792046975829244,40,dbscan_001,dbscan_001
stl_st_louis_downtown_airport_to_st_louis_lambert_2026-03-07_0004,st_louis_downtown_airport_to_st_louis_lambert,St. Louis Downtown Airport to St. Louis Lambert,w_0004,0.0,0.0,0.3,0.7,35.0695243590648,27.98770787773249,40,dbscan_001,dbscan_001
stl_st_louis_downtown_airport_to_st_louis_lambert_2026-03-07_0005,st_louis_downtown_airport_to_st_louis_lambert,St. Louis Downtown Airport to St. Louis Lambert,w_0005,0.0,0.0,0.4,0.6,35.444981506249626,25.94872600455746,41,dbscan_001,dbscan_001
stl_st_louis_downtown_airport_to_st_louis_lambert_2026-03-07_0006,st_louis_downtown_airport_to_st_louis_lambert,St. Louis Downtown Airport to St. Louis Lambert,w_0006,0.0,0.0,0.5,0.5,35.444981506249626,23.835907505696824,41,dbscan_001,dbscan_001
stl_st_louis_downtown_airport_to_st_louis_lambert_2026-03-07_0007,st_louis_downtown_airport_to_st_louis_lambert,St. Louis Downtown Airport to St. Louis Lambert,w_0007,0.0,0.0,0.6,0.4,36.722202807088216,21.501669540768106,43,dbscan_001,dbscan_001
stl_st_louis_downtown_airport_to_st_louis_lambert_2026-03-07_0008,st_louis_downtown_airport_to_st_louis_lambert,St. Louis Downtown Airport to St. Louis Lambert,w_0008,0.0,0.0,0.7,0.3,42.52726079535553,18.921518151579587,50,dbscan_001,dbscan_001
stl_st_louis_downtown_airport_to_st_louis_lambert_2026-03-07_0009,st_louis_downtown_airport_to_st_louis_lambert,St. Louis Downtown Airport to St. Louis Lambert,w_0009,0.0,0.0,0.8,0.2,92.16185968577712,15.316591333534388,109,dbscan_006,dbscan_noise_001
stl_st_louis_downtown_airport_to_st_louis_lambert_2026-03-07_0010,st_louis_downtown_airport_to_st_louis_lambert,St. Louis Downtown Airport to St. Louis Lambert,w_0010,0.0,0.0,0.9,0.1,92.5365034163372,10.524346677637354,110,dbscan_007,dbscan_noise_002
stl_st_louis_downtown_airport_to_st_louis_lambert_2026-03-07_0011,st_louis_downtown_airport_to_st_louis_lambert,St. Louis Downtown Airport to St. Louis Lambert,w_0011,0.0,0.0,1.0,0.0,105.42738988787382,5.234539343461344,126,dbscan_008,dbscan_noise_003
stl_st_louis_downtown_airport_to_st_louis_lambert_2026-03-07_0012,st_louis_downtown_airport_to_st_louis_lambert,St. Louis Downtown Airport to St. Louis Lambert,w_0012,0.0,0.1,0.0,0.9,35.06932923764436,32.5387572976017,40,dbscan_001,dbscan_001
stl_st_louis_downtown_airport_to_st_louis_lambert_2026-03-07_0013,st_louis_downtown_airport_to_st_louis_lambert,St. Louis Downtown Airport to St. Louis Lambert,w_0013,0.0,0.1,0.1,0.8,35.06932923764436,30.74017522982648,40,dbscan_001,dbscan_001
stl_st_louis_downtown_airport_to_st_louis_lambert_2026-03-07_0014,st_louis_downtown_airport_to_st_louis_lambert,St. Louis Downtown Airport to St. Louis Lambert,w_0014,0.0,0.1,0.2,0.7,35.0695243590648,28.910249463468503,40,dbscan_001,dbscan_001
stl_st_louis_downtown_airport_to_st_louis_lambert_2026-03-07_0015,st_louis_downtown_airport_to_st_louis_lambert,St. Louis Downtown Airport to St. Louis Lambert,w_0015,0.0,0.1,0.3,0.6,35.0695243590648,26.972818756046003,40,dbscan_001,dbscan_001
stl_st_louis_downtown_airport_to_st_louis_lambert_2026-03-07_0016,st_louis_downtown_airport_to_st_louis_lambert,St. Louis Downtown Airport to St. Louis Lambert,w_0016,0.0,0.1,0.4,0.5,35.44516965599588,24.983440078171157,41,dbscan_001,dbscan_001
stl_st_louis_downtown_airport_to_st_louis_lambert_2026-03-07_0017,st_louis_downtown_airport_to_st_louis_lambert,St. Louis Downtown Airport to St. Louis Lambert,w_0017,0.0,0.1,0.5,0.4,35.44516965599588,22.90310173559264,41,dbscan_001,dbscan_001
stl_st_louis_downtown_airport_to_st_louis_lambert_2026-03-07_0018,st_louis_downtown_airport_to_st_louis_lambert,St. Louis Downtown Airport to St. Louis Lambert,w_0018,0.0,0.1,0.6,0.3,38.37859402379461,20.611290592539977,46,dbscan_001,dbscan_001
stl_st_louis_downtown_airport_to_st_louis_lambert_2026-03-07_0019,st_louis_downtown_airport_to_st_louis_lambert,St. Louis Downtown Airport to St. Louis Lambert,w_0019,0.0,0.1,0.7,0.2,42.52818650114183,17.808742261037008,50,dbscan_001,dbscan_001
stl_st_louis_downtown_airport_to_st_louis_lambert_2026-03-07_0020,st_louis_downtown_airport_to_st_louis_lambert,St. Louis Downtown Airport to St. Louis Lambert,w_0020,0.0,0.1,0.8,0.1,76.42833841559542,14.36077173173887,91,dbscan_009,dbscan_noise_004
stl_st_louis_downtown_airport_to_st_louis_lambert_2026-03-07_0021,st_louis_downtown_airport_to_st_louis_lambert,St. Louis Downtown Airport to St. Louis Lambert,w_0021,0.0,0.1,0.9,0.0,76.80298214615553,9.75224981032041,92,dbscan_010,dbscan_noise_005
stl_st_louis_downtown_airport_to_st_louis_lambert_2026-03-07_0022,st_louis_downtown_airport_to_st_louis_lambert,St. Louis Downtown Airport to St. Louis Lambert,w_0022,0.0,0.2,0.0,0.8,35.06932923764436,31.677514595203395,40,dbscan_001,dbscan_001
stl_st_louis_downtown_airport_to_st_louis_lambert_2026-03-07_0023,st_louis_downtown_airport_to_st_louis_lambert,St. Louis Downtown Airport to St. Louis Lambert,w_0023,0.0,0.2,0.1,0.7,35.0695243590648,29.83279104920452,40,dbscan_001,dbscan_001
stl_st_louis_downtown_airport_to_st_louis_lambert_2026-03-07_0024,st_louis_downtown_airport_to_st_louis_lambert,St. Louis Downtown Airport to St. Louis Lambert,w_0024,0.0,0.2,0.2,0.6,35.0695243590648,27.895360341782013,40,dbscan_001,dbscan_001
stl_st_louis_downtown_airport_to_st_louis_lambert_2026-03-07_0025,st_louis_downtown_airport_to_st_louis_lambert,St. Louis Downtown Airport to St. Louis Lambert,w_0025,0.0,0.2,0.3,0.5,35.97908767101205,25.94621150545057,41,dbscan_001,dbscan_001
stl_st_louis_downtown_airport_to_st_louis_lambert_2026-03-07_0026,st_louis_downtown_airport_to_st_louis_lambert,St. Louis Downtown Airport to St. Louis Lambert,w_0026,0.0,0.2,0.4,0.4,35.97908767101205,23.87781597298213,41,dbscan_001,dbscan_001
stl_st_louis_downtown_airport_to_st_louis_lambert_2026-03-07_0027,st_louis_downtown_airport_to_st_louis_lambert,St. Louis Downtown Airport to St. Louis Lambert,w_0027,0.0,0.2,0.5,0.3,35.44516965599588,21.80789518407783,41,dbscan_001,dbscan_001
stl_st_louis_downtown_airport_to_st_louis_lambert_2026-03-07_0028,st_louis_downtown_airport_to_st_louis_lambert,St. Louis Downtown Airport to St. Louis Lambert,w_0028,0.0,0.2,0.6,0.2,38.37859402379461,19.516597250184244,46,dbscan_001,dbscan_001
stl_st_louis_downtown_airport_to_st_louis_lambert_2026-03-07_0029,st_louis_downtown_airport_to_st_louis_lambert,St. Louis Downtown Airport to St. Louis Lambert,w_0029,0.0,0.2,0.7,0.1,41.99573947785462,16.61516205659802,50,dbscan_001,dbscan_001
stl_st_louis_downtown_airport_to_st_louis_lambert_2026-03-07_0030,st_louis_downtown_airport_to_st_louis_lambert,St. Louis Downtown Airport to St. Louis Lambert,w_0030,0.0,0.2,0.8,0.0,226.6090622398897,11.678914859626776,281,dbscan_003,dbscan_002
stl_st_louis_downtown_airport_to_st_louis_lambert_2026-03-07_0031,st_louis_downtown_airport_to_st_louis_lambert,St. Louis Downtown Airport to St. Louis Lambert,w_0031,0.0,0.3,0.0,0.7,35.445886833267345,30.45456203944274,41,dbscan_001,dbscan_001
stl_st_louis_downtown_airport_to_st_louis_lambert_2026-03-07_0032,st_louis_downtown_airport_to_st_louis_lambert,St. Louis Downtown Airport to St. Louis Lambert,w_0032,0.0,0.3,0.1,0.6,35.445873467048145,28.783099961692727,41,dbscan_001,dbscan_001
stl_st_louis_downtown_airport_to_st_louis_lambert_2026-03-07_0033,st_louis_downtown_airport_to_st_louis_lambert,St. Louis Downtown Airport to St. Louis Lambert,w_0033,0.0,0.3,0.2,0.5,35.0695243590648,26.88047122009552,40,dbscan_001,dbscan_001
stl_st_louis_downtown_airport_to_st_louis_lambert_2026-03-07_0034,st_louis_downtown_airport_to_st_louis_lambert,St. Louis Downtown Airport to St. Louis Lambert,w_0034,0.0,0.3,0.3,0.4,35.97908767101205,24.821910556878517,41,dbscan_001,dbscan_001
stl_st_louis_downtown_airport_to_st_louis_lambert_2026-03-07_0035,st_louis_downtown_airport_to_st_louis_lambert,St. Louis Downtown Airport to St. Louis Lambert,w_0035,0.0,0.3,0.4,0.3,35.97908767101205,22.753515024410078,41,dbscan_001,dbscan_001
stl_st_louis_downtown_airport_to_st_louis_lambert_2026-03-07_0036,st_louis_downtown_airport_to_st_louis_lambert,St. Louis Downtown Airport to St. Louis Lambert,w_0036,0.0,0.3,0.5,0.2,35.97908767101205,20.685119491941634,41,dbscan_001,dbscan_001
stl_st_louis_downtown_airport_to_st_louis_lambert_2026-03-07_0037,st_louis_downtown_airport_to_st_louis_lambert,St. Louis Downtown Airport to St. Louis Lambert,w_0037,0.0,0.3,0.6,0.1,222.0622791668008,17.591730978612624,278,dbscan_003,dbscan_002
stl_st_louis_downtown_airport_to_st_louis_lambert_2026-03-07_0038,st_louis_downtown_airport_to_st_louis_lambert,St. Louis Downtown Airport to St. Louis Lambert,w_0038,0.0,0.3,0.7,0.0,224.7797654834668,12.058656777475688,281,dbscan_003,dbscan_002
stl_st_louis_downtown_airport_to_st_louis_lambert_2026-03-07_0039,st_louis_downtown_airport_to_st_louis_lambert,St. Louis Downtown Airport to St. Louis Lambert,w_0039,0.0,0.4,0.0,0.6,36.19711858407648,28.76484096834563,43,dbscan_001,dbscan_001
stl_st_louis_downtown_airport_to_st_louis_lambert_2026-03-07_0040,st_louis_downtown_airport_to_st_louis_lambert,St. Louis Downtown Airport to St. Louis Lambert,w_0040,0.0,0.4,0.1,0.5,36.19710521785728,27.27124853377441,43,dbscan_001,dbscan_001
stl_st_louis_downtown_airport_to_st_louis_lambert_2026-03-07_0041,st_louis_downtown_airport_to_st_louis_lambert,St. Louis Downtown Airport to St. Louis Lambert,w_0041,0.0,0.4,0.2,0.4,35.445716975103075,25.744409809190373,41,dbscan_001,dbscan_001
stl_st_louis_downtown_airport_to_st_louis_lambert_2026-03-07_0042,st_louis_downtown_airport_to_st_louis_lambert,St. Louis Downtown Airport to St. Louis Lambert,w_0042,0.0,0.4,0.3,0.3,35.97908767101205,23.697609608306465,41,dbscan_001,dbscan_001
stl_st_louis_downtown_airport_to_st_louis_lambert_2026-03-07_0043,st_louis_downtown_airport_to_st_louis_lambert,St. Louis Downtown Airport to St. Louis Lambert,w_0043,0.0,0.4,0.4,0.2,35.97908767101205,21.62921407583802,41,dbscan_001,dbscan_001
stl_st_louis_downtown_airport_to_st_louis_lambert_2026-03-07_0044,st_louis_downtown_airport_to_st_louis_lambert,St. Louis Downtown Airport to St. Louis Lambert,w_0044,0.0,0.4,0.5,0.1,222.5962407511361,17.593288963007133,278,dbscan_003,dbscan_002
stl_st_louis_downtown_airport_to_st_louis_lambert_2026-03-07_0045,st_louis_downtown_airport_to_st_louis_lambert,St. Louis Downtown Airport to St. Louis Lambert,w_0045,0.0,0.4,0.6,0.0,224.77974031261823,12.166151218328578,281,dbscan_003,dbscan_002
stl_st_louis_downtown_airport_to_st_louis_lambert_2026-03-07_0046,st_louis_downtown_airport_to_st_louis_lambert,St. Louis Downtown Airport to St. Louis Lambert,w_0046,0.0,0.5,0.0,0.5,44.03384803406542,26.60939863291437,54,dbscan_002,dbscan_003
stl_st_louis_downtown_airport_to_st_louis_lambert_2026-03-07_0047,st_louis_downtown_airport_to_st_louis_lambert,St. Louis Downtown Airport to St. Louis Lambert,w_0047,0.0,0.5,0.1,0.4,36.19710521785728,25.36245877586082,43,dbscan_001,dbscan_001
stl_st_louis_downtown_airport_to_st_louis_lambert_2026-03-07_0048,st_louis_downtown_airport_to_st_louis_lambert,St. Louis Downtown Airport to St. Louis Lambert,w_0048,0.0,0.5,0.2,0.3,36.19710521785728,23.868866341289603,43,dbscan_001,dbscan_001
stl_st_louis_downtown_airport_to_st_louis_lambert_2026-03-07_0049,st_louis_downtown_airport_to_st_louis_lambert,St. Louis Downtown Airport to St. Louis Lambert,w_0049,0.0,0.5,0.3,0.2,219.1337779490538,22.292123711506584,273,dbscan_011,dbscan_noise_006
stl_st_louis_downtown_airport_to_st_louis_lambert_2026-03-07_0050,st_louis_downtown_airport_to_st_louis_lambert,St. Louis Downtown Airport to St. Louis Lambert,w_0050,0.0,0.5,0.4,0.1,222.5962407511361,17.54315990712349,278,dbscan_003,dbscan_002
stl_st_louis_downtown_airport_to_st_louis_lambert_2026-03-07_0051,st_louis_downtown_airport_to_st_louis_lambert,St. Louis Downtown Airport to St. Louis Lambert,w_0051,0.0,0.5,0.5,0.0,224.40509658205815,12.162310373673176,280,dbscan_003,dbscan_002
stl_st_louis_downtown_airport_to_st_louis_lambert_2026-03-07_0052,st_louis_downtown_airport_to_st_louis_lambert,St. Louis Downtown Airport to St. Louis Lambert,w_0052,0.0,0.6,0.0,0.4,44.03384803406542,23.091278359497245,54,dbscan_002,dbscan_003
stl_st_louis_downtown_airport_to_st_louis_lambert_2026-03-07_0053,st_louis_downtown_airport_to_st_louis_lambert,St. Louis Downtown Airport to St. Louis Lambert,w_0053,0.0,0.6,0.1,0.3,43.36583125897728,22.42678300647261,55,dbscan_002,dbscan_003
stl_st_louis_downtown_airport_to_st_louis_lambert_2026-03-07_0054,st_louis_downtown_airport_to_st_louis_lambert,St. Louis Downtown Airport to St. Louis Lambert,w_0054,0.0,0.6,0.2,0.2,215.6283114760432,21.40300401213972,268,dbscan_004,dbscan_004
stl_st_louis_downtown_airport_to_st_louis_lambert_2026-03-07_0055,st_louis_downtown_airport_to_st_louis_lambert,St. Louis Downtown Airport to St. Louis Lambert,w_0055,0.0,0.6,0.3,0.1,225.84573888107204,17.12857452466809,288,dbscan_012,dbscan_noise_007
stl_st_louis_downtown_airport_to_st_louis_lambert_2026-03-07_0056,st_louis_downtown_airport_to_st_louis_lambert,St. Louis Downtown Airport to St. Louis Lambert,w_0056,0.0,0.6,0.4,0.0,224.77754722086712,12.030934182034557,281,dbscan_013,dbscan_noise_008
stl_st_louis_downtown_airport_to_st_louis_lambert_2026-03-07_0057,st_louis_downtown_airport_to_st_louis_lambert,St. Louis Downtown Airport to St. Louis Lambert,w_0057,0.0,0.7,0.0,0.3,44.94282493851701,19.51444065027037,55,dbscan_002,dbscan_003
stl_st_louis_downtown_airport_to_st_louis_lambert_2026-03-07_0058,st_louis_downtown_airport_to_st_louis_lambert,St. Louis Downtown Airport to St. Louis Lambert,w_0058,0.0,0.7,0.1,0.2,43.36583125897728,18.81456024222552,55,dbscan_002,dbscan_003
stl_st_louis_downtown_airport_to_st_louis_lambert_2026-03-07_0059,st_louis_downtown_airport_to_st_louis_lambert,St. Louis Downtown Airport to St. Louis Lambert,w_0059,0.0,0.7,0.2,0.1,216.53472014954417,15.961314040907368,269,dbscan_004,dbscan_004
stl_st_louis_downtown_airport_to_st_louis_lambert_2026-03-07_0060,st_louis_downtown_airport_to_st_louis_lambert,St. Louis Downtown Airport to St. Louis Lambert,w_0060,0.0,0.7,0.3,0.0,232.3988918078095,11.519083871041024,297,dbscan_014,dbscan_noise_009
stl_st_louis_downtown_airport_to_st_louis_lambert_2026-03-07_0061,st_louis_downtown_airport_to_st_louis_lambert,St. Louis Downtown Airport to St. Louis Lambert,w_0061,0.0,0.8,0.0,0.2,44.94282493851701,15.902217886023276,55,dbscan_002,dbscan_003
stl_st_louis_downtown_airport_to_st_louis_lambert_2026-03-07_0062,st_louis_downtown_airport_to_st_louis_lambert,St. Louis Downtown Airport to St. Louis Lambert,w_0062,0.0,0.8,0.1,0.1,215.6287409336821,14.683259123141983,268,dbscan_004,dbscan_004
stl_st_louis_downtown_airport_to_st_louis_lambert_2026-03-07_0063,st_louis_downtown_airport_to_st_louis_lambert,St. Louis Downtown Airport to St. Louis Lambert,w_0063,0.0,0.8,0.2,0.0,218.7198111329284,10.434906922899128,272,dbscan_004,dbscan_004
stl_st_louis_downtown_airport_to_st_louis_lambert_2026-03-07_0064,st_louis_downtown_airport_to_st_louis_lambert,St. Louis Downtown Airport to St. Louis Lambert,w_0064,0.0,0.9,0.0,0.1,47.51143657183832,12.183943361283864,59,dbscan_002,dbscan_003
stl_st_louis_downtown_airport_to_st_louis_lambert_2026-03-07_0065,st_louis_downtown_airport_to_st_louis_lambert,St. Louis Downtown Airport to St. Louis Lambert,w_0065,0.0,0.9,0.1,0.0,95.15874095148074,8.072491846212388,118,dbscan_015,dbscan_noise_010
stl_st_louis_downtown_airport_to_st_louis_lambert_2026-03-07_0066,st_louis_downtown_airport_to_st_louis_lambert,St. Louis Downtown Airport to St. Louis Lambert,w_0066,0.0,1.0,0.0,0.0,102.57895021630785,4.632823901975517,125,dbscan_016,dbscan_noise_011
stl_st_louis_downtown_airport_to_st_louis_lambert_2026-03-07_0067,st_louis_downtown_airport_to_st_louis_lambert,St. Louis Downtown Airport to St. Louis Lambert,w_0067,0.1,0.0,0.0,0.9,35.06847425714207,33.919512377179984,40,dbscan_001,dbscan_001
stl_st_louis_downtown_airport_to_st_louis_lambert_2026-03-07_0068,st_louis_downtown_airport_to_st_louis_lambert,St. Louis Downtown Airport to St. Louis Lambert,w_0068,0.1,0.0,0.1,0.8,35.06909548721607,32.1156042354817,40,dbscan_001,dbscan_001
stl_st_louis_downtown_airport_to_st_louis_lambert_2026-03-07_0069,st_louis_downtown_airport_to_st_louis_lambert,St. Louis Downtown Airport to St. Louis Lambert,w_0069,0.1,0.0,0.2,0.7,35.06909548721607,30.311627723396317,40,dbscan_001,dbscan_001
stl_st_louis_downtown_airport_to_st_louis_lambert_2026-03-07_0070,st_louis_downtown_airport_to_st_louis_lambert,St. Louis Downtown Airport to St. Louis Lambert,w_0070,0.1,0.0,0.3,0.6,35.0695243590648,28.46733582542,40,dbscan_001,dbscan_001
stl_st_louis_downtown_airport_to_st_louis_lambert_2026-03-07_0071,st_louis_downtown_airport_to_st_louis_lambert,St. Louis Downtown Airport to St. Louis Lambert,w_0071,0.1,0.0,0.4,0.5,35.44496799381346,26.40967395221476,41,dbscan_001,dbscan_001
stl_st_louis_downtown_airport_to_st_louis_lambert_2026-03-07_0072,st_louis_downtown_airport_to_st_louis_lambert,St. Louis Downtown Airport to St. Louis Lambert,w_0072,0.1,0.0,0.5,0.4,35.81950888310027,24.28921282747661,42,dbscan_001,dbscan_001
stl_st_louis_downtown_airport_to_st_louis_lambert_2026-03-07_0073,st_louis_downtown_airport_to_st_louis_lambert,St. Louis Downtown Airport to St. Louis Lambert,w_0073,0.1,0.0,0.6,0.3,36.722202807088216,21.98318543940762,43,dbscan_001,dbscan_001
stl_st_louis_downtown_airport_to_st_louis_lambert_2026-03-07_0074,st_louis_downtown_airport_to_st_louis_lambert,St. Louis Downtown Airport to St. Louis Lambert,w_0074,0.1,0.0,0.7,0.2,40.78001938815905,19.250814520432115,51,dbscan_001,dbscan_001
stl_st_louis_downtown_airport_to_st_louis_lambert_2026-03-07_0075,st_louis_downtown_airport_to_st_louis_lambert,St. Louis Downtown Airport to St. Louis Lambert,w_0075,0.1,0.0,0.8,0.1,41.68391537561124,16.006328658768137,52,dbscan_001,dbscan_001
stl_st_louis_downtown_airport_to_st_louis_lambert_2026-03-07_0076,st_louis_downtown_airport_to_st_louis_lambert,St. Louis Downtown Airport to St. Louis Lambert,w_0076,0.1,0.0,0.9,0.0,41.68391537561124,12.641171684385789,52,dbscan_001,dbscan_001
stl_st_louis_downtown_airport_to_st_louis_lambert_2026-03-07_0077,st_louis_downtown_airport_to_st_louis_lambert,St. Louis Downtown Airport to St. Louis Lambert,w_0077,0.1,0.1,0.0,0.8,35.06932923764436,33.05836377091505,40,dbscan_001,dbscan_001
stl_st_louis_downtown_airport_to_st_louis_lambert_2026-03-07_0078,st_louis_downtown_airport_to_st_louis_lambert,St. Louis Downtown Airport to St. Louis Lambert,w_0078,0.1,0.1,0.1,0.7,35.06932923764436,31.259781703139826,40,dbscan_001,dbscan_001
stl_st_louis_downtown_airport_to_st_louis_lambert_2026-03-07_0079,st_louis_downtown_airport_to_st_louis_lambert,St. Louis Downtown Airport to St. Louis Lambert,w_0079,0.1,0.1,0.2,0.6,35.0695243590648,29.38987741115601,40,dbscan_001,dbscan_001
stl_st_louis_downtown_airport_to_st_louis_lambert_2026-03-07_0080,st_louis_downtown_airport_to_st_louis_lambert,St. Louis Downtown Airport to St. Louis Lambert,w_0080,0.1,0.1,0.3,0.5,35.0695243590648,27.452446703733507,40,dbscan_001,dbscan_001
stl_st_louis_downtown_airport_to_st_louis_lambert_2026-03-07_0081,st_louis_downtown_airport_to_st_louis_lambert,St. Louis Downtown Airport to St. Louis Lambert,w_0081,0.1,0.1,0.4,0.4,35.44516965599588,25.444410220055765,41,dbscan_001,dbscan_001
stl_st_louis_downtown_airport_to_st_louis_lambert_2026-03-07_0082,st_louis_downtown_airport_to_st_louis_lambert,St. Louis Downtown Airport to St. Louis Lambert,w_0082,0.1,0.1,0.5,0.3,35.44516965599588,23.36407187747725,41,dbscan_001,dbscan_001
stl_st_louis_downtown_airport_to_st_louis_lambert_2026-03-07_0083,st_louis_downtown_airport_to_st_louis_lambert,St. Louis Downtown Airport to St. Louis Lambert,w_0083,0.1,0.1,0.6,0.2,37.845173286320176,21.049187970990225,46,dbscan_001,dbscan_001
stl_st_louis_downtown_airport_to_st_louis_lambert_2026-03-07_0084,st_louis_downtown_airport_to_st_louis_lambert,St. Louis Downtown Airport to St. Louis Lambert,w_0084,0.1,0.1,0.7,0.1,40.405336483077846,18.230717341118847,50,dbscan_001,dbscan_001
stl_st_louis_downtown_airport_to_st_louis_lambert_2026-03-07_0085,st_louis_downtown_airport_to_st_louis_lambert,St. Louis Downtown Airport to St. Louis Lambert,w_0085,0.1,0.1,0.8,0.0,42.21731196708308,15.053912499663168,52,dbscan_001,dbscan_001
stl_st_louis_downtown_airport_to_st_louis_lambert_2026-03-07_0086,st_louis_downtown_airport_to_st_louis_lambert,St. Louis Downtown Airport to St. Louis Lambert,w_0086,0.1,0.2,0.0,0.7,35.06987633323177,32.1620659109165,40,dbscan_001,dbscan_001
stl_st_louis_downtown_airport_to_st_louis_lambert_2026-03-07_0087,st_louis_downtown_airport_to_st_louis_lambert,St. Louis Downtown Airport to St. Louis Lambert,w_0087,0.1,0.2,0.1,0.6,35.0695243590648,30.31241899689202,40,dbscan_001,dbscan_001
stl_st_louis_downtown_airport_to_st_louis_lambert_2026-03-07_0088,st_louis_downtown_airport_to_st_louis_lambert,St. Louis Downtown Airport to St. Louis Lambert,w_0088,0.1,0.2,0.2,0.5,35.0695243590648,28.37498828946952,40,dbscan_001,dbscan_001
stl_st_louis_downtown_airport_to_st_louis_lambert_2026-03-07_0089,st_louis_downtown_airport_to_st_louis_lambert,St. Louis Downtown Airport to St. Louis Lambert,w_0089,0.1,0.2,0.3,0.4,35.44516965599588,26.42954201111946,41,dbscan_001,dbscan_001
stl_st_louis_downtown_airport_to_st_louis_lambert_2026-03-07_0090,st_louis_downtown_airport_to_st_louis_lambert,St. Louis Downtown Airport to St. Louis Lambert,w_0090,0.1,0.2,0.4,0.3,35.44516965599588,24.349203668540948,41,dbscan_001,dbscan_001
stl_st_louis_downtown_airport_to_st_louis_lambert_2026-03-07_0091,st_louis_downtown_airport_to_st_louis_lambert,St. Louis Downtown Airport to St. Louis Lambert,w_0091,0.1,0.2,0.5,0.2,35.44516965599588,22.26886532596244,41,dbscan_001,dbscan_001
stl_st_louis_downtown_airport_to_st_louis_lambert_2026-03-07_0092,st_louis_downtown_airport_to_st_louis_lambert,St. Louis Downtown Airport to St. Louis Lambert,w_0092,0.1,0.2,0.6,0.1,38.37853951460124,19.96040371489029,46,dbscan_001,dbscan_001
stl_st_louis_downtown_airport_to_st_louis_lambert_2026-03-07_0093,st_louis_downtown_airport_to_st_louis_lambert,St. Louis Downtown Airport to St. Louis Lambert,w_0093,0.1,0.2,0.7,0.0,41.46745904988415,17.078924091971913,50,dbscan_001,dbscan_001
stl_st_louis_downtown_airport_to_st_louis_lambert_2026-03-07_0094,st_louis_downtown_airport_to_st_louis_lambert,St. Louis Downtown Airport to St. Louis Lambert,w_0094,0.1,0.3,0.0,0.6,35.44580648998812,30.91560226902656,41,dbscan_001,dbscan_001
stl_st_louis_downtown_airport_to_st_louis_lambert_2026-03-07_0095,st_louis_downtown_airport_to_st_louis_lambert,St. Louis Downtown Airport to St. Louis Lambert,w_0095,0.1,0.3,0.1,0.5,35.445873467048145,29.24414756253513,41,dbscan_001,dbscan_001
stl_st_louis_downtown_airport_to_st_louis_lambert_2026-03-07_0096,st_louis_downtown_airport_to_st_louis_lambert,St. Louis Downtown Airport to St. Louis Lambert,w_0096,0.1,0.3,0.2,0.4,35.4449746107742,27.354593384926503,41,dbscan_001,dbscan_001
stl_st_louis_downtown_airport_to_st_louis_lambert_2026-03-07_0097,st_louis_downtown_airport_to_st_louis_lambert,St. Louis Downtown Airport to St. Louis Lambert,w_0097,0.1,0.3,0.3,0.3,35.4449746107742,25.31150837044484,41,dbscan_001,dbscan_001
stl_st_louis_downtown_airport_to_st_louis_lambert_2026-03-07_0098,st_louis_downtown_airport_to_st_louis_lambert,St. Louis Downtown Airport to St. Louis Lambert,w_0098,0.1,0.3,0.4,0.2,35.44516965599588,23.25399711702613,41,dbscan_001,dbscan_001
stl_st_louis_downtown_airport_to_st_louis_lambert_2026-03-07_0099,st_louis_downtown_airport_to_st_louis_lambert,St. Louis Downtown Airport to St. Louis Lambert,w_0099,0.1,0.3,0.5,0.1,35.44516965599588,21.17365877444762,41,dbscan_001,dbscan_001
stl_st_louis_downtown_airport_to_st_louis_lambert_2026-03-07_0100,st_louis_downtown_airport_to_st_louis_lambert,St. Louis Downtown Airport to St. Louis Lambert,w_0100,0.1,0.3,0.6,0.0,37.84560087545425,18.83122720935644,46,dbscan_001,dbscan_001
stl_st_louis_downtown_airport_to_st_louis_lambert_2026-03-07_0101,st_louis_downtown_airport_to_st_louis_lambert,St. Louis Downtown Airport to St. Louis Lambert,w_0101,0.1,0.4,0.0,0.5,36.197024617572914,29.1085576109412,43,dbscan_001,dbscan_001
stl_st_louis_downtown_airport_to_st_louis_lambert_2026-03-07_0102,st_louis_downtown_airport_to_st_louis_lambert,St. Louis Downtown Airport to St. Louis Lambert,w_0102,0.1,0.4,0.1,0.4,36.19709159463293,27.614972547628568,43,dbscan_001,dbscan_001
stl_st_louis_downtown_airport_to_st_louis_lambert_2026-03-07_0103,st_louis_downtown_airport_to_st_louis_lambert,St. Louis Downtown Airport to St. Louis Lambert,w_0103,0.1,0.4,0.2,0.3,36.19709159463293,26.121380113057352,43,dbscan_001,dbscan_001
stl_st_louis_downtown_airport_to_st_louis_lambert_2026-03-07_0104,st_louis_downtown_airport_to_st_louis_lambert,St. Louis Downtown Airport to St. Louis Lambert,w_0104,0.1,0.4,0.3,0.2,35.4449746107742,24.171446616442573,41,dbscan_001,dbscan_001
stl_st_louis_downtown_airport_to_st_louis_lambert_2026-03-07_0105,st_louis_downtown_airport_to_st_louis_lambert,St. Louis Downtown Airport to St. Louis Lambert,w_0105,0.1,0.4,0.4,0.1,35.4449746107742,22.128361601960915,41,dbscan_001,dbscan_001
stl_st_louis_downtown_airport_to_st_louis_lambert_2026-03-07_0106,st_louis_downtown_airport_to_st_louis_lambert,St. Louis Downtown Airport to St. Louis Lambert,w_0106,0.1,0.4,0.5,0.0,36.35452263545163,20.055566253326965,42,dbscan_001,dbscan_001
stl_st_louis_downtown_airport_to_st_louis_lambert_2026-03-07_0107,st_louis_downtown_airport_to_st_louis_lambert,St. Louis Downtown Airport to St. Louis Lambert,w_0107,0.1,0.5,0.0,0.4,41.9229869363072,26.803294458053653,54,dbscan_002,dbscan_003
stl_st_louis_downtown_airport_to_st_louis_lambert_2026-03-07_0108,st_louis_downtown_airport_to_st_louis_lambert,St. Louis Downtown Airport to St. Louis Lambert,w_0108,0.1,0.5,0.1,0.3,36.19709159463293,25.706182789714973,43,dbscan_001,dbscan_001
stl_st_louis_downtown_airport_to_st_louis_lambert_2026-03-07_0109,st_louis_downtown_airport_to_st_louis_lambert,St. Louis Downtown Airport to St. Louis Lambert,w_0109,0.1,0.5,0.2,0.2,36.19709159463293,24.21259035514376,43,dbscan_001,dbscan_001
stl_st_louis_downtown_airport_to_st_louis_lambert_2026-03-07_0110,st_louis_downtown_airport_to_st_louis_lambert,St. Louis Downtown Airport to St. Louis Lambert,w_0110,0.1,0.5,0.3,0.1,36.197052438376296,22.69046064973321,43,dbscan_001,dbscan_001
stl_st_louis_downtown_airport_to_st_louis_lambert_2026-03-07_0111,st_louis_downtown_airport_to_st_louis_lambert,St. Louis Downtown Airport to St. Louis Lambert,w_0111,0.1,0.5,0.4,0.0,36.35452263545163,20.88642556128512,42,dbscan_001,dbscan_001
stl_st_louis_downtown_airport_to_st_louis_lambert_2026-03-07_0112,st_louis_downtown_airport_to_st_louis_lambert,St. Louis Downtown Airport to St. Louis Lambert,w_0112,0.1,0.6,0.0,0.3,41.9229869363072,23.285174184636524,54,dbscan_002,dbscan_003
stl_st_louis_downtown_airport_to_st_louis_lambert_2026-03-07_0113,st_louis_downtown_airport_to_st_louis_lambert,St. Louis Downtown Airport to St. Louis Lambert,w_0113,0.1,0.6,0.1,0.2,42.29854702713947,22.6169576232687,55,dbscan_002,dbscan_003
stl_st_louis_downtown_airport_to_st_louis_lambert_2026-03-07_0114,st_louis_downtown_airport_to_st_louis_lambert,St. Louis Downtown Airport to St. Louis Lambert,w_0114,0.1,0.6,0.2,0.1,41.93382644869664,21.703386739878468,54,dbscan_017,dbscan_noise_012
stl_st_louis_downtown_airport_to_st_louis_lambert_2026-03-07_0115,st_louis_downtown_airport_to_st_louis_lambert,St. Louis Downtown Airport to St. Louis Lambert,w_0115,0.1,0.6,0.3,0.0,43.06042067730744,19.92817389426061,57,dbscan_005,dbscan_noise_013
stl_st_louis_downtown_airport_to_st_louis_lambert_2026-03-07_0116,st_louis_downtown_airport_to_st_louis_lambert,St. Louis Downtown Airport to St. Louis Lambert,w_0116,0.1,0.7,0.0,0.2,42.29849336979702,19.68966338678702,55,dbscan_002,dbscan_003
stl_st_louis_downtown_airport_to_st_louis_lambert_2026-03-07_0117,st_louis_downtown_airport_to_st_louis_lambert,St. Louis Downtown Airport to St. Louis Lambert,w_0117,0.1,0.7,0.1,0.1,41.7707608340185,18.96508116887782,55,dbscan_002,dbscan_003
stl_st_louis_downtown_airport_to_st_louis_lambert_2026-03-07_0118,st_louis_downtown_airport_to_st_louis_lambert,St. Louis Downtown Airport to St. Louis Lambert,w_0118,0.1,0.7,0.2,0.0,44.49789776002518,18.116698523665683,58,dbscan_002,dbscan_003
stl_st_louis_downtown_airport_to_st_louis_lambert_2026-03-07_0119,st_louis_downtown_airport_to_st_louis_lambert,St. Louis Downtown Airport to St. Louis Lambert,w_0119,0.1,0.8,0.0,0.1,41.77074742931658,16.059358768896814,55,dbscan_002,dbscan_003
stl_st_louis_downtown_airport_to_st_louis_lambert_2026-03-07_0120,st_louis_downtown_airport_to_st_louis_lambert,St. Louis Downtown Airport to St. Louis Lambert,w_0120,0.1,0.8,0.1,0.0,42.52149307187736,15.254576660259856,57,dbscan_002,dbscan_003
stl_st_louis_downtown_airport_to_st_louis_lambert_2026-03-07_0121,st_louis_downtown_airport_to_st_louis_lambert,St. Louis Downtown Airport to St. Louis Lambert,w_0121,0.1,0.9,0.0,0.0,43.80569615290962,12.300538894859075,59,dbscan_002,dbscan_003
stl_st_louis_downtown_airport_to_st_louis_lambert_2026-03-07_0122,st_louis_downtown_airport_to_st_louis_lambert,St. Louis Downtown Airport to St. Louis Lambert,w_0122,0.2,0.0,0.0,0.8,35.06847425714207,34.43902475435996,40,dbscan_001,dbscan_001
stl_st_louis_downtown_airport_to_st_louis_lambert_2026-03-07_0123,st_louis_downtown_airport_to_st_louis_lambert,St. Louis Downtown Airport to St. Louis Lambert,w_0123,0.2,0.0,0.1,0.7,35.06909548721607,32.63518498304876,40,dbscan_001,dbscan_001
stl_st_louis_downtown_airport_to_st_louis_lambert_2026-03-07_0124,st_louis_downtown_airport_to_st_louis_lambert,St. Louis Downtown Airport to St. Louis Lambert,w_0124,0.2,0.0,0.2,0.6,35.06909548721607,30.831208470963382,40,dbscan_001,dbscan_001
stl_st_louis_downtown_airport_to_st_louis_lambert_2026-03-07_0125,st_louis_downtown_airport_to_st_louis_lambert,St. Louis Downtown Airport to St. Louis Lambert,w_0125,0.2,0.0,0.3,0.5,35.0695243590648,28.946963773107505,40,dbscan_001,dbscan_001
stl_st_louis_downtown_airport_to_st_louis_lambert_2026-03-07_0126,st_louis_downtown_airport_to_st_louis_lambert,St. Louis Downtown Airport to St. Louis Lambert,w_0126,0.2,0.0,0.4,0.4,35.44496799381346,26.870621899872063,41,dbscan_001,dbscan_001
stl_st_louis_downtown_airport_to_st_louis_lambert_2026-03-07_0127,st_louis_downtown_airport_to_st_louis_lambert,St. Louis Downtown Airport to St. Louis Lambert,w_0127,0.2,0.0,0.5,0.3,35.81950888310027,24.731381422127647,42,dbscan_001,dbscan_001
stl_st_louis_downtown_airport_to_st_louis_lambert_2026-03-07_0128,st_louis_downtown_airport_to_st_louis_lambert,St. Louis Downtown Airport to St. Louis Lambert,w_0128,0.2,0.0,0.6,0.2,36.722202807088216,22.46470133804714,43,dbscan_001,dbscan_001
stl_st_louis_downtown_airport_to_st_louis_lambert_2026-03-07_0129,st_louis_downtown_airport_to_st_louis_lambert,St. Louis Downtown Airport to St. Louis Lambert,w_0129,0.2,0.0,0.7,0.1,40.78001938815905,19.57891937541265,51,dbscan_001,dbscan_001
stl_st_louis_downtown_airport_to_st_louis_lambert_2026-03-07_0130,st_louis_downtown_airport_to_st_louis_lambert,St. Louis Downtown Airport to St. Louis Lambert,w_0130,0.2,0.0,0.8,0.0,41.68391537561124,16.333913112595056,52,dbscan_001,dbscan_001
stl_st_louis_downtown_airport_to_st_louis_lambert_2026-03-07_0131,st_louis_downtown_airport_to_st_louis_lambert,St. Louis Downtown Airport to St. Louis Lambert,w_0131,0.2,0.1,0.0,0.7,35.06932923764436,33.5779702442284,40,dbscan_001,dbscan_001
stl_st_louis_downtown_airport_to_st_louis_lambert_2026-03-07_0132,st_louis_downtown_airport_to_st_louis_lambert,St. Louis Downtown Airport to St. Louis Lambert,w_0132,0.2,0.1,0.1,0.6,35.06932923764436,31.77938817645317,40,dbscan_001,dbscan_001
stl_st_louis_downtown_airport_to_st_louis_lambert_2026-03-07_0133,st_louis_downtown_airport_to_st_louis_lambert,St. Louis Downtown Airport to St. Louis Lambert,w_0133,0.2,0.1,0.2,0.5,35.0695243590648,29.869505358843515,40,dbscan_001,dbscan_001
stl_st_louis_downtown_airport_to_st_louis_lambert_2026-03-07_0134,st_louis_downtown_airport_to_st_louis_lambert,St. Louis Downtown Airport to St. Louis Lambert,w_0134,0.2,0.1,0.3,0.4,35.0695243590648,27.93207465142101,40,dbscan_001,dbscan_001
stl_st_louis_downtown_airport_to_st_louis_lambert_2026-03-07_0135,st_louis_downtown_airport_to_st_louis_lambert,St. Louis Downtown Airport to St. Louis Lambert,w_0135,0.2,0.1,0.4,0.3,35.44516965599588,25.905380361940374,41,dbscan_001,dbscan_001
stl_st_louis_downtown_airport_to_st_louis_lambert_2026-03-07_0136,st_louis_downtown_airport_to_st_louis_lambert,St. Louis Downtown Airport to St. Louis Lambert,w_0136,0.2,0.1,0.5,0.2,35.44516965599588,23.825042019361867,41,dbscan_001,dbscan_001
stl_st_louis_downtown_airport_to_st_louis_lambert_2026-03-07_0137,st_louis_downtown_airport_to_st_louis_lambert,St. Louis Downtown Airport to St. Louis Lambert,w_0137,0.2,0.1,0.6,0.1,37.845173286320176,21.43429403303472,46,dbscan_001,dbscan_001
stl_st_louis_downtown_airport_to_st_louis_lambert_2026-03-07_0138,st_louis_downtown_airport_to_st_louis_lambert,St. Louis Downtown Airport to St. Louis Lambert,w_0138,0.2,0.1,0.7,0.0,39.87273308745133,18.555231429116606,50,dbscan_001,dbscan_001
stl_st_louis_downtown_airport_to_st_louis_lambert_2026-03-07_0139,st_louis_downtown_airport_to_st_louis_lambert,St. Louis Downtown Airport to St. Louis Lambert,w_0139,0.2,0.2,0.0,0.6,35.06987633323177,32.64173259563728,40,dbscan_001,dbscan_001
stl_st_louis_downtown_airport_to_st_louis_lambert_2026-03-07_0140,st_louis_downtown_airport_to_st_louis_lambert,St. Louis Downtown Airport to St. Louis Lambert,w_0140,0.2,0.2,0.1,0.5,35.0695243590648,30.79204694457953,40,dbscan_001,dbscan_001
stl_st_louis_downtown_airport_to_st_louis_lambert_2026-03-07_0141,st_louis_downtown_airport_to_st_louis_lambert,St. Louis Downtown Airport to St. Louis Lambert,w_0141,0.2,0.2,0.2,0.4,35.0695243590648,28.85461623715703,40,dbscan_001,dbscan_001
stl_st_louis_downtown_airport_to_st_louis_lambert_2026-03-07_0142,st_louis_downtown_airport_to_st_louis_lambert,St. Louis Downtown Airport to St. Louis Lambert,w_0142,0.2,0.2,0.3,0.3,35.44516965599588,26.890512153004067,41,dbscan_001,dbscan_001
stl_st_louis_downtown_airport_to_st_louis_lambert_2026-03-07_0143,st_louis_downtown_airport_to_st_louis_lambert,St. Louis Downtown Airport to St. Louis Lambert,w_0143,0.2,0.2,0.4,0.2,35.44516965599588,24.81017381042556,41,dbscan_001,dbscan_001
stl_st_louis_downtown_airport_to_st_louis_lambert_2026-03-07_0144,st_louis_downtown_airport_to_st_louis_lambert,St. Louis Downtown Airport to St. Louis Lambert,w_0144,0.2,0.2,0.5,0.1,35.44516965599588,22.72983546784705,41,dbscan_001,dbscan_001
stl_st_louis_downtown_airport_to_st_louis_lambert_2026-03-07_0145,st_louis_downtown_airport_to_st_louis_lambert,St. Louis Downtown Airport to St. Louis Lambert,w_0145,0.2,0.2,0.6,0.0,37.84560087545425,20.347392014335163,46,dbscan_001,dbscan_001
stl_st_louis_downtown_airport_to_st_louis_lambert_2026-03-07_0146,st_louis_downtown_airport_to_st_louis_lambert,St. Louis Downtown Airport to St. Louis Lambert,w_0146,0.2,0.3,0.0,0.5,36.197024617572914,31.361064011450352,43,dbscan_001,dbscan_001
stl_st_louis_downtown_airport_to_st_louis_lambert_2026-03-07_0147,st_louis_downtown_airport_to_st_louis_lambert,St. Louis Downtown Airport to St. Louis Lambert,w_0147,0.2,0.3,0.1,0.4,35.445873467048145,29.70519516337753,41,dbscan_001,dbscan_001
stl_st_louis_downtown_airport_to_st_louis_lambert_2026-03-07_0148,st_louis_downtown_airport_to_st_louis_lambert,St. Louis Downtown Airport to St. Louis Lambert,w_0148,0.2,0.3,0.2,0.3,35.4449746107742,27.81554206082312,41,dbscan_001,dbscan_001
stl_st_louis_downtown_airport_to_st_louis_lambert_2026-03-07_0149,st_louis_downtown_airport_to_st_louis_lambert,St. Louis Downtown Airport to St. Louis Lambert,w_0149,0.2,0.3,0.3,0.2,35.4449746107742,25.772457046341465,41,dbscan_001,dbscan_001
stl_st_louis_downtown_airport_to_st_louis_lambert_2026-03-07_0150,st_louis_downtown_airport_to_st_louis_lambert,St. Louis Downtown Airport to St. Louis Lambert,w_0150,0.2,0.3,0.4,0.1,35.44516965599588,23.714967258910743,41,dbscan_001,dbscan_001
stl_st_louis_downtown_airport_to_st_louis_lambert_2026-03-07_0151,st_louis_downtown_airport_to_st_louis_lambert,St. Louis Downtown Airport to St. Louis Lambert,w_0151,0.2,0.3,0.5,0.0,35.44516965599588,21.634628916332236,41,dbscan_001,dbscan_001
stl_st_louis_downtown_airport_to_st_louis_lambert_2026-03-07_0152,st_louis_downtown_airport_to_st_louis_lambert,St. Louis Downtown Airport to St. Louis Lambert,w_0152,0.2,0.4,0.0,0.4,36.197024617572914,29.45227425353676,43,dbscan_001,dbscan_001
stl_st_louis_downtown_airport_to_st_louis_lambert_2026-03-07_0153,st_louis_downtown_airport_to_st_louis_lambert,St. Louis Downtown Airport to St. Louis Lambert,w_0153,0.2,0.4,0.1,0.3,36.19709159463293,27.958696561482725,43,dbscan_001,dbscan_001
stl_st_louis_downtown_airport_to_st_louis_lambert_2026-03-07_0154,st_louis_downtown_airport_to_st_louis_lambert,St. Louis Downtown Airport to St. Louis Lambert,w_0154,0.2,0.4,0.2,0.2,36.19709159463293,26.465104126911505,43,dbscan_001,dbscan_001
stl_st_louis_downtown_airport_to_st_louis_lambert_2026-03-07_0155,st_louis_downtown_airport_to_st_louis_lambert,St. Louis Downtown Airport to St. Louis Lambert,w_0155,0.2,0.4,0.3,0.1,35.4449746107742,24.632395292339197,41,dbscan_001,dbscan_001
stl_st_louis_downtown_airport_to_st_louis_lambert_2026-03-07_0156,st_louis_downtown_airport_to_st_louis_lambert,St. Louis Downtown Airport to St. Louis Lambert,w_0156,0.2,0.4,0.4,0.0,35.4449746107742,22.589310277857532,41,dbscan_001,dbscan_001
stl_st_louis_downtown_airport_to_st_louis_lambert_2026-03-07_0157,st_louis_downtown_airport_to_st_louis_lambert,St. Louis Downtown Airport to St. Louis Lambert,w_0157,0.2,0.5,0.0,0.3,41.9229869363072,26.99719028319293,54,dbscan_002,dbscan_003
stl_st_louis_downtown_airport_to_st_louis_lambert_2026-03-07_0158,st_louis_downtown_airport_to_st_louis_lambert,St. Louis Downtown Airport to St. Louis Lambert,w_0158,0.2,0.5,0.1,0.2,36.57211296758437,26.036704639076472,44,dbscan_001,dbscan_001
stl_st_louis_downtown_airport_to_st_louis_lambert_2026-03-07_0159,st_louis_downtown_airport_to_st_louis_lambert,St. Louis Downtown Airport to St. Louis Lambert,w_0159,0.2,0.5,0.2,0.1,36.19709159463293,24.556314368997917,43,dbscan_001,dbscan_001
stl_st_louis_downtown_airport_to_st_louis_lambert_2026-03-07_0160,st_louis_downtown_airport_to_st_louis_lambert,St. Louis Downtown Airport to St. Louis Lambert,w_0160,0.2,0.5,0.3,0.0,36.197052438376296,23.03418035418811,43,dbscan_001,dbscan_001
stl_st_louis_downtown_airport_to_st_louis_lambert_2026-03-07_0161,st_louis_downtown_airport_to_st_louis_lambert,St. Louis Downtown Airport to St. Louis Lambert,w_0161,0.2,0.6,0.0,0.2,41.77074742931658,23.44094518026453,55,dbscan_002,dbscan_003
stl_st_louis_downtown_airport_to_st_louis_lambert_2026-03-07_0162,st_louis_downtown_airport_to_st_louis_lambert,St. Louis Downtown Airport to St. Louis Lambert,w_0162,0.2,0.6,0.1,0.1,41.7707608340185,22.694446291272588,55,dbscan_002,dbscan_003
stl_st_louis_downtown_airport_to_st_louis_lambert_2026-03-07_0163,st_louis_downtown_airport_to_st_louis_lambert,St. Louis Downtown Airport to St. Louis Lambert,w_0163,0.2,0.6,0.2,0.0,43.06042067730744,21.79893699214889,57,dbscan_005,dbscan_noise_013
stl_st_louis_downtown_airport_to_st_louis_lambert_2026-03-07_0164,st_louis_downtown_airport_to_st_louis_lambert,St. Louis Downtown Airport to St. Louis Lambert,w_0164,0.2,0.7,0.0,0.1,41.77074742931658,19.788722416017443,55,dbscan_002,dbscan_003
stl_st_louis_downtown_airport_to_st_louis_lambert_2026-03-07_0165,st_louis_downtown_airport_to_st_louis_lambert,St. Louis Downtown Airport to St. Louis Lambert,w_0165,0.2,0.7,0.1,0.0,41.7707608340185,19.04222352702549,55,dbscan_002,dbscan_003
stl_st_louis_downtown_airport_to_st_louis_lambert_2026-03-07_0166,st_louis_downtown_airport_to_st_louis_lambert,St. Louis Downtown Airport to St. Louis Lambert,w_0166,0.2,0.8,0.0,0.0,41.77074742931658,16.13649965177035,55,dbscan_002,dbscan_003
stl_st_louis_downtown_airport_to_st_louis_lambert_2026-03-07_0167,st_louis_downtown_airport_to_st_louis_lambert,St. Louis Downtown Airport to St. Louis Lambert,w_0167,0.25,0.25,0.25,0.25,35.4449746107742,27.59450476853174,41,dbscan_001,dbscan_001
stl_st_louis_downtown_airport_to_st_louis_lambert_2026-03-07_0168,st_louis_downtown_airport_to_st_louis_lambert,St. Louis Downtown Airport to St. Louis Lambert,w_0168,0.3,0.0,0.0,0.7,35.06847425714207,34.95853713153994,40,dbscan_001,dbscan_001
stl_st_louis_downtown_airport_to_st_louis_lambert_2026-03-07_0169,st_louis_downtown_airport_to_st_louis_lambert,St. Louis Downtown Airport to St. Louis Lambert,w_0169,0.3,0.0,0.1,0.6,35.06909548721607,33.15476573061584,40,dbscan_001,dbscan_001
stl_st_louis_downtown_airport_to_st_louis_lambert_2026-03-07_0170,st_louis_downtown_airport_to_st_louis_lambert,St. Louis Downtown Airport to St. Louis Lambert,w_0170,0.3,0.0,0.2,0.5,35.06909548721607,31.35078921853045,40,dbscan_001,dbscan_001
stl_st_louis_downtown_airport_to_st_louis_lambert_2026-03-07_0171,st_louis_downtown_airport_to_st_louis_lambert,St. Louis Downtown Airport to St. Louis Lambert,w_0171,0.3,0.0,0.3,0.4,35.0695243590648,29.42659172079501,40,dbscan_001,dbscan_001
stl_st_louis_downtown_airport_to_st_louis_lambert_2026-03-07_0172,st_louis_downtown_airport_to_st_louis_lambert,St. Louis Downtown Airport to St. Louis Lambert,w_0172,0.3,0.0,0.4,0.3,35.44496799381346,27.33156984752936,41,dbscan_001,dbscan_001
stl_st_louis_downtown_airport_to_st_louis_lambert_2026-03-07_0173,st_louis_downtown_airport_to_st_louis_lambert,St. Louis Downtown Airport to St. Louis Lambert,w_0173,0.3,0.0,0.5,0.2,35.81950888310027,25.173550016778684,42,dbscan_001,dbscan_001
stl_st_louis_downtown_airport_to_st_louis_lambert_2026-03-07_0174,st_louis_downtown_airport_to_st_louis_lambert,St. Louis Downtown Airport to St. Louis Lambert,w_0174,0.3,0.0,0.6,0.1,37.84513438614575,22.86128927738192,46,dbscan_001,dbscan_001
stl_st_louis_downtown_airport_to_st_louis_lambert_2026-03-07_0175,st_louis_downtown_airport_to_st_louis_lambert,St. Louis Downtown Airport to St. Louis Lambert,w_0175,0.3,0.0,0.7,0.0,40.247260459156216,19.90053326376575,51,dbscan_001,dbscan_001
stl_st_louis_downtown_airport_to_st_louis_lambert_2026-03-07_0176,st_louis_downtown_airport_to_st_louis_lambert,St. Louis Downtown Airport to St. Louis Lambert,w_0176,0.3,0.1,0.0,0.6,35.06932923764436,34.09757671754175,40,dbscan_001,dbscan_001
stl_st_louis_downtown_airport_to_st_louis_lambert_2026-03-07_0177,st_louis_downtown_airport_to_st_louis_lambert,St. Louis Downtown Airport to St. Louis Lambert,w_0177,0.3,0.1,0.1,0.5,35.0695243590648,32.28656401395352,40,dbscan_001,dbscan_001
stl_st_louis_downtown_airport_to_st_louis_lambert_2026-03-07_0178,st_louis_downtown_airport_to_st_louis_lambert,St. Louis Downtown Airport to St. Louis Lambert,w_0178,0.3,0.1,0.2,0.4,35.0695243590648,30.349133306531023,40,dbscan_001,dbscan_001
stl_st_louis_downtown_airport_to_st_louis_lambert_2026-03-07_0179,st_louis_downtown_airport_to_st_louis_lambert,St. Louis Downtown Airport to St. Louis Lambert,w_0179,0.3,0.1,0.3,0.3,35.0695243590648,28.411702599108523,40,dbscan_001,dbscan_001
stl_st_louis_downtown_airport_to_st_louis_lambert_2026-03-07_0180,st_louis_downtown_airport_to_st_louis_lambert,St. Louis Downtown Airport to St. Louis Lambert,w_0180,0.3,0.1,0.4,0.2,35.44516965599588,26.366350503824982,41,dbscan_001,dbscan_001
stl_st_louis_downtown_airport_to_st_louis_lambert_2026-03-07_0181,st_louis_downtown_airport_to_st_louis_lambert,St. Louis Downtown Airport to St. Louis Lambert,w_0181,0.3,0.1,0.5,0.1,35.81950888310027,24.28300627244409,42,dbscan_001,dbscan_001
stl_st_louis_downtown_airport_to_st_louis_lambert_2026-03-07_0182,st_louis_downtown_airport_to_st_louis_lambert,St. Louis Downtown Airport to St. Louis Lambert,w_0182,0.3,0.1,0.6,0.0,37.845173286320176,21.819400095079217,46,dbscan_001,dbscan_001
stl_st_louis_downtown_airport_to_st_louis_lambert_2026-03-07_0183,st_louis_downtown_airport_to_st_louis_lambert,St. Louis Downtown Airport to St. Louis Lambert,w_0183,0.3,0.2,0.0,0.5,35.06987633323177,33.12139928035805,40,dbscan_001,dbscan_001
stl_st_louis_downtown_airport_to_st_louis_lambert_2026-03-07_0184,st_louis_downtown_airport_to_st_louis_lambert,St. Louis Downtown Airport to St. Louis Lambert,w_0184,0.3,0.2,0.1,0.4,35.0695243590648,31.271674892267036,40,dbscan_001,dbscan_001
stl_st_louis_downtown_airport_to_st_louis_lambert_2026-03-07_0185,st_louis_downtown_airport_to_st_louis_lambert,St. Louis Downtown Airport to St. Louis Lambert,w_0185,0.3,0.2,0.2,0.3,35.0695243590648,29.33424418484453,40,dbscan_001,dbscan_001
stl_st_louis_downtown_airport_to_st_louis_lambert_2026-03-07_0186,st_louis_downtown_airport_to_st_louis_lambert,St. Louis Downtown Airport to St. Louis Lambert,w_0186,0.3,0.2,0.3,0.2,35.44516965599588,27.35148229488868,41,dbscan_001,dbscan_001
stl_st_louis_downtown_airport_to_st_louis_lambert_2026-03-07_0187,st_louis_downtown_airport_to_st_louis_lambert,St. Louis Downtown Airport to St. Louis Lambert,w_0187,0.3,0.2,0.4,0.1,35.44516965599588,25.27114395231017,41,dbscan_001,dbscan_001
stl_st_louis_downtown_airport_to_st_louis_lambert_2026-03-07_0188,st_louis_downtown_airport_to_st_louis_lambert,St. Louis Downtown Airport to St. Louis Lambert,w_0188,0.3,0.2,0.5,0.0,35.44516965599588,23.190805609731655,41,dbscan_001,dbscan_001
stl_st_louis_downtown_airport_to_st_louis_lambert_2026-03-07_0189,st_louis_downtown_airport_to_st_louis_lambert,St. Louis Downtown Airport to St. Louis Lambert,w_0189,0.3,0.3,0.0,0.4,36.197024617572914,31.70478065404592,43,dbscan_001,dbscan_001
stl_st_louis_downtown_airport_to_st_louis_lambert_2026-03-07_0190,st_louis_downtown_airport_to_st_louis_lambert,St. Louis Downtown Airport to St. Louis Lambert,w_0190,0.3,0.3,0.1,0.3,35.445873467048145,30.166242764219938,41,dbscan_001,dbscan_001
stl_st_louis_downtown_airport_to_st_louis_lambert_2026-03-07_0191,st_louis_downtown_airport_to_st_louis_lambert,St. Louis Downtown Airport to St. Louis Lambert,w_0191,0.3,0.3,0.2,0.2,35.4449746107742,28.276490736719744,41,dbscan_001,dbscan_001
stl_st_louis_downtown_airport_to_st_louis_lambert_2026-03-07_0192,st_louis_downtown_airport_to_st_louis_lambert,St. Louis Downtown Airport to St. Louis Lambert,w_0192,0.3,0.3,0.3,0.1,35.4449746107742,26.23340572223809,41,dbscan_001,dbscan_001
stl_st_louis_downtown_airport_to_st_louis_lambert_2026-03-07_0193,st_louis_downtown_airport_to_st_louis_lambert,St. Louis Downtown Airport to St. Louis Lambert,w_0193,0.3,0.3,0.4,0.0,35.44516965599588,24.175937400795352,41,dbscan_001,dbscan_001
stl_st_louis_downtown_airport_to_st_louis_lambert_2026-03-07_0194,st_louis_downtown_airport_to_st_louis_lambert,St. Louis Downtown Airport to St. Louis Lambert,w_0194,0.3,0.4,0.0,0.3,36.197024617572914,29.795990896132324,43,dbscan_001,dbscan_001
stl_st_louis_downtown_airport_to_st_louis_lambert_2026-03-07_0195,st_louis_downtown_airport_to_st_louis_lambert,St. Louis Downtown Airport to St. Louis Lambert,w_0195,0.3,0.4,0.1,0.2,36.19709159463293,28.30242057533688,43,dbscan_001,dbscan_001
stl_st_louis_downtown_airport_to_st_louis_lambert_2026-03-07_0196,st_louis_downtown_airport_to_st_louis_lambert,St. Louis Downtown Airport to St. Louis Lambert,w_0196,0.3,0.4,0.2,0.1,36.19709159463293,26.80882814076566,43,dbscan_001,dbscan_001
stl_st_louis_downtown_airport_to_st_louis_lambert_2026-03-07_0197,st_louis_downtown_airport_to_st_louis_lambert,St. Louis Downtown Airport to St. Louis Lambert,w_0197,0.3,0.4,0.3,0.0,35.4449746107742,25.09334396823581,41,dbscan_001,dbscan_001
stl_st_louis_downtown_airport_to_st_louis_lambert_2026-03-07_0198,st_louis_downtown_airport_to_st_louis_lambert,St. Louis Downtown Airport to St. Louis Lambert,w_0198,0.3,0.5,0.0,0.2,41.395240995826775,27.096840547402863,54,dbscan_002,dbscan_003
stl_st_louis_downtown_airport_to_st_louis_lambert_2026-03-07_0199,st_louis_downtown_airport_to_st_louis_lambert,St. Louis Downtown Airport to St. Louis Lambert,w_0199,0.3,0.5,0.1,0.1,36.57211296758437,26.321702180258903,44,dbscan_001,dbscan_001
stl_st_louis_downtown_airport_to_st_louis_lambert_2026-03-07_0200,st_louis_downtown_airport_to_st_louis_lambert,St. Louis Downtown Airport to St. Louis Lambert,w_0200,0.3,0.5,0.2,0.0,36.57211296758437,24.88694121610289,44,dbscan_001,dbscan_001
stl_st_louis_downtown_airport_to_st_louis_lambert_2026-03-07_0201,st_louis_downtown_airport_to_st_louis_lambert,St. Louis Downtown Airport to St. Louis Lambert,w_0201,0.3,0.6,0.0,0.1,41.77074742931658,23.51808606313807,55,dbscan_002,dbscan_003
stl_st_louis_downtown_airport_to_st_louis_lambert_2026-03-07_0202,st_louis_downtown_airport_to_st_louis_lambert,St. Louis Downtown Airport to St. Louis Lambert,w_0202,0.3,0.6,0.1,0.0,41.7707608340185,22.771588649420256,55,dbscan_002,dbscan_003
stl_st_louis_downtown_airport_to_st_louis_lambert_2026-03-07_0203,st_louis_downtown_airport_to_st_louis_lambert,St. Louis Downtown Airport to St. Louis Lambert,w_0203,0.3,0.7,0.0,0.0,41.77074742931658,19.86586329889098,55,dbscan_002,dbscan_003
stl_st_louis_downtown_airport_to_st_louis_lambert_2026-03-07_0204,st_louis_downtown_airport_to_st_louis_lambert,St. Louis Downtown Airport to St. Louis Lambert,w_0204,0.4,0.0,0.0,0.6,35.06847425714207,35.47804950871992,40,dbscan_001,dbscan_001
stl_st_louis_downtown_airport_to_st_louis_lambert_2026-03-07_0205,st_louis_downtown_airport_to_st_louis_lambert,St. Louis Downtown Airport to St. Louis Lambert,w_0205,0.4,0.0,0.1,0.5,35.06909548721607,33.674346478182905,40,dbscan_001,dbscan_001
stl_st_louis_downtown_airport_to_st_louis_lambert_2026-03-07_0206,st_louis_downtown_airport_to_st_louis_lambert,St. Louis Downtown Airport to St. Louis Lambert,w_0206,0.4,0.0,0.2,0.4,35.0695243590648,31.843650375905018,40,dbscan_001,dbscan_001
stl_st_louis_downtown_airport_to_st_louis_lambert_2026-03-07_0207,st_louis_downtown_airport_to_st_louis_lambert,St. Louis Downtown Airport to St. Louis Lambert,w_0207,0.4,0.0,0.3,0.3,35.44496799381346,29.905336294047306,41,dbscan_001,dbscan_001
stl_st_louis_downtown_airport_to_st_louis_lambert_2026-03-07_0208,st_louis_downtown_airport_to_st_louis_lambert,St. Louis Downtown Airport to St. Louis Lambert,w_0208,0.4,0.0,0.4,0.2,35.44496799381346,27.792517795186665,41,dbscan_001,dbscan_001
stl_st_louis_downtown_airport_to_st_louis_lambert_2026-03-07_0209,st_louis_downtown_airport_to_st_louis_lambert,St. Louis Downtown Airport to St. Louis Lambert,w_0209,0.4,0.0,0.5,0.1,35.81950888310027,25.61571861142972,42,dbscan_001,dbscan_001
stl_st_louis_downtown_airport_to_st_louis_lambert_2026-03-07_0210,st_louis_downtown_airport_to_st_louis_lambert,St. Louis Downtown Airport to St. Louis Lambert,w_0210,0.4,0.0,0.6,0.0,37.84507993498278,23.24115450879878,46,dbscan_001,dbscan_001
stl_st_louis_downtown_airport_to_st_louis_lambert_2026-03-07_0211,st_louis_downtown_airport_to_st_louis_lambert,St. Louis Downtown Airport to St. Louis Lambert,w_0211,0.4,0.1,0.0,0.5,35.06932923764436,34.6171831908551,40,dbscan_001,dbscan_001
stl_st_louis_downtown_airport_to_st_louis_lambert_2026-03-07_0212,st_louis_downtown_airport_to_st_louis_lambert,St. Louis Downtown Airport to St. Louis Lambert,w_0212,0.4,0.1,0.1,0.4,35.0695243590648,32.76619196164103,40,dbscan_001,dbscan_001
stl_st_louis_downtown_airport_to_st_louis_lambert_2026-03-07_0213,st_louis_downtown_airport_to_st_louis_lambert,St. Louis Downtown Airport to St. Louis Lambert,w_0213,0.4,0.1,0.2,0.3,35.0695243590648,30.828761254218527,40,dbscan_001,dbscan_001
stl_st_louis_downtown_airport_to_st_louis_lambert_2026-03-07_0214,st_louis_downtown_airport_to_st_louis_lambert,St. Louis Downtown Airport to St. Louis Lambert,w_0214,0.4,0.1,0.3,0.2,35.0695243590648,28.891330546796027,40,dbscan_001,dbscan_001
stl_st_louis_downtown_airport_to_st_louis_lambert_2026-03-07_0215,st_louis_downtown_airport_to_st_louis_lambert,St. Louis Downtown Airport to St. Louis Lambert,w_0215,0.4,0.1,0.4,0.1,35.44516965599588,26.8273206457096,41,dbscan_001,dbscan_001
stl_st_louis_downtown_airport_to_st_louis_lambert_2026-03-07_0216,st_louis_downtown_airport_to_st_louis_lambert,St. Louis Downtown Airport to St. Louis Lambert,w_0216,0.4,0.1,0.5,0.0,35.81950888310027,24.725174867095124,42,dbscan_001,dbscan_001
stl_st_louis_downtown_airport_to_st_louis_lambert_2026-03-07_0217,st_louis_downtown_airport_to_st_louis_lambert,St. Louis Downtown Airport to St. Louis Lambert,w_0217,0.4,0.2,0.0,0.4,35.06987633323177,33.60106596507882,40,dbscan_001,dbscan_001
stl_st_louis_downtown_airport_to_st_louis_lambert_2026-03-07_0218,st_louis_downtown_airport_to_st_louis_lambert,St. Louis Downtown Airport to St. Louis Lambert,w_0218,0.4,0.2,0.1,0.3,35.0695243590648,31.75130283995454,40,dbscan_001,dbscan_001
stl_st_louis_downtown_airport_to_st_louis_lambert_2026-03-07_0219,st_louis_downtown_airport_to_st_louis_lambert,St. Louis Downtown Airport to St. Louis Lambert,w_0219,0.4,0.2,0.2,0.2,35.0695243590648,29.81387213253204,40,dbscan_001,dbscan_001
stl_st_louis_downtown_airport_to_st_louis_lambert_2026-03-07_0220,st_louis_downtown_airport_to_st_louis_lambert,St. Louis Downtown Airport to St. Louis Lambert,w_0220,0.4,0.2,0.3,0.1,35.44516965599588,27.812452436773288,41,dbscan_001,dbscan_001
stl_st_louis_downtown_airport_to_st_louis_lambert_2026-03-07_0221,st_louis_downtown_airport_to_st_louis_lambert,St. Louis Downtown Airport to St. Louis Lambert,w_0221,0.4,0.2,0.4,0.0,35.44516965599588,25.73211409419478,41,dbscan_001,dbscan_001
stl_st_louis_downtown_airport_to_st_louis_lambert_2026-03-07_0222,st_louis_downtown_airport_to_st_louis_lambert,St. Louis Downtown Airport to St. Louis Lambert,w_0222,0.4,0.3,0.0,0.3,36.197024617572914,32.048497296641486,43,dbscan_001,dbscan_001
stl_st_louis_downtown_airport_to_st_louis_lambert_2026-03-07_0223,st_louis_downtown_airport_to_st_louis_lambert,St. Louis Downtown Airport to St. Louis Lambert,w_0223,0.4,0.3,0.1,0.2,36.19709159463293,30.55493434710463,43,dbscan_001,dbscan_001
stl_st_louis_downtown_airport_to_st_louis_lambert_2026-03-07_0224,st_louis_downtown_airport_to_st_louis_lambert,St. Louis Downtown Airport to St. Louis Lambert,w_0224,0.4,0.3,0.2,0.1,35.4449746107742,28.737439412616364,41,dbscan_001,dbscan_001
stl_st_louis_downtown_airport_to_st_louis_lambert_2026-03-07_0225,st_louis_downtown_airport_to_st_louis_lambert,St. Louis Downtown Airport to St. Louis Lambert,w_0225,0.4,0.3,0.3,0.0,35.4449746107742,26.694354398134703,41,dbscan_001,dbscan_001
stl_st_louis_downtown_airport_to_st_louis_lambert_2026-03-07_0226,st_louis_downtown_airport_to_st_louis_lambert,St. Louis Downtown Airport to St. Louis Lambert,w_0226,0.4,0.4,0.0,0.2,36.197024617572914,30.13970753872789,43,dbscan_001,dbscan_001
stl_st_louis_downtown_airport_to_st_louis_lambert_2026-03-07_0227,st_louis_downtown_airport_to_st_louis_lambert,St. Louis Downtown Airport to St. Louis Lambert,w_0227,0.4,0.4,0.1,0.1,36.19709159463293,28.646144589191035,43,dbscan_001,dbscan_001
stl_st_louis_downtown_airport_to_st_louis_lambert_2026-03-07_0228,st_louis_downtown_airport_to_st_louis_lambert,St. Louis Downtown Airport to St. Louis Lambert,w_0228,0.4,0.4,0.2,0.0,36.19709159463293,27.152552154619816,43,dbscan_001,dbscan_001
stl_st_louis_downtown_airport_to_st_louis_lambert_2026-03-07_0229,st_louis_downtown_airport_to_st_louis_lambert,St. Louis Downtown Airport to St. Louis Lambert,w_0229,0.4,0.5,0.0,0.1,40.86156395761667,27.16346527897982,54,dbscan_002,dbscan_003
stl_st_louis_downtown_airport_to_st_louis_lambert_2026-03-07_0230,st_louis_downtown_airport_to_st_louis_lambert,St. Louis Downtown Airport to St. Louis Lambert,w_0230,0.4,0.5,0.1,0.0,41.23669349461536,26.464340043827438,55,dbscan_002,dbscan_003
stl_st_louis_downtown_airport_to_st_louis_lambert_2026-03-07_0231,st_louis_downtown_airport_to_st_louis_lambert,St. Louis Downtown Airport to St. Louis Lambert,w_0231,0.4,0.6,0.0,0.0,41.77074742931658,23.595226946011607,55,dbscan_002,dbscan_003
stl_st_louis_downtown_airport_to_st_louis_lambert_2026-03-07_0232,st_louis_downtown_airport_to_st_louis_lambert,St. Louis Downtown Airport to St. Louis Lambert,w_0232,0.5,0.0,0.0,0.5,35.06847425714207,35.9975618858999,40,dbscan_001,dbscan_001
stl_st_louis_downtown_airport_to_st_louis_lambert_2026-03-07_0233,st_louis_downtown_airport_to_st_louis_lambert,St. Louis Downtown Airport to St. Louis Lambert,w_0233,0.5,0.0,0.1,0.4,35.06909548721607,34.193927225749974,40,dbscan_001,dbscan_001
stl_st_louis_downtown_airport_to_st_louis_lambert_2026-03-07_0234,st_louis_downtown_airport_to_st_louis_lambert,St. Louis Downtown Airport to St. Louis Lambert,w_0234,0.5,0.0,0.2,0.3,35.0695243590648,32.323278323592525,40,dbscan_001,dbscan_001
stl_st_louis_downtown_airport_to_st_louis_lambert_2026-03-07_0235,st_louis_downtown_airport_to_st_louis_lambert,St. Louis Downtown Airport to St. Louis Lambert,w_0235,0.5,0.0,0.3,0.2,35.44496799381346,30.3662842417046,41,dbscan_001,dbscan_001
stl_st_louis_downtown_airport_to_st_louis_lambert_2026-03-07_0236,st_louis_downtown_airport_to_st_louis_lambert,St. Louis Downtown Airport to St. Louis Lambert,w_0236,0.5,0.0,0.4,0.1,35.44496799381346,28.253465742843964,41,dbscan_001,dbscan_001
stl_st_louis_downtown_airport_to_st_louis_lambert_2026-03-07_0237,st_louis_downtown_airport_to_st_louis_lambert,St. Louis Downtown Airport to St. Louis Lambert,w_0237,0.5,0.0,0.5,0.0,35.81950888310027,26.057887206080757,42,dbscan_001,dbscan_001
stl_st_louis_downtown_airport_to_st_louis_lambert_2026-03-07_0238,st_louis_downtown_airport_to_st_louis_lambert,St. Louis Downtown Airport to St. Louis Lambert,w_0238,0.5,0.1,0.0,0.4,35.06932923764436,35.136789664168454,40,dbscan_001,dbscan_001
stl_st_louis_downtown_airport_to_st_louis_lambert_2026-03-07_0239,st_louis_downtown_airport_to_st_louis_lambert,St. Louis Downtown Airport to St. Louis Lambert,w_0239,0.5,0.1,0.1,0.3,35.0695243590648,33.24581990932853,40,dbscan_001,dbscan_001
stl_st_louis_downtown_airport_to_st_louis_lambert_2026-03-07_0240,st_louis_downtown_airport_to_st_louis_lambert,St. Louis Downtown Airport to St. Louis Lambert,w_0240,0.5,0.1,0.2,0.2,35.0695243590648,31.30838920190603,40,dbscan_001,dbscan_001
stl_st_louis_downtown_airport_to_st_louis_lambert_2026-03-07_0241,st_louis_downtown_airport_to_st_louis_lambert,St. Louis Downtown Airport to St. Louis Lambert,w_0241,0.5,0.1,0.3,0.1,35.44516965599588,29.36862913017272,41,dbscan_001,dbscan_001
stl_st_louis_downtown_airport_to_st_louis_lambert_2026-03-07_0242,st_louis_downtown_airport_to_st_louis_lambert,St. Louis Downtown Airport to St. Louis Lambert,w_0242,0.5,0.1,0.4,0.0,35.44516965599588,27.288290787594207,41,dbscan_001,dbscan_001
stl_st_louis_downtown_airport_to_st_louis_lambert_2026-03-07_0243,st_louis_downtown_airport_to_st_louis_lambert,St. Louis Downtown Airport to St. Louis Lambert,w_0243,0.5,0.2,0.0,0.3,35.44580648998812,34.07490917421423,41,dbscan_001,dbscan_001
stl_st_louis_downtown_airport_to_st_louis_lambert_2026-03-07_0244,st_louis_downtown_airport_to_st_louis_lambert,St. Louis Downtown Airport to St. Louis Lambert,w_0244,0.5,0.2,0.1,0.2,35.0695243590648,32.230930787642045,40,dbscan_001,dbscan_001
stl_st_louis_downtown_airport_to_st_louis_lambert_2026-03-07_0245,st_louis_downtown_airport_to_st_louis_lambert,St. Louis Downtown Airport to St. Louis Lambert,w_0245,0.5,0.2,0.2,0.1,35.0695243590648,30.29350008021954,40,dbscan_001,dbscan_001
stl_st_louis_downtown_airport_to_st_louis_lambert_2026-03-07_0246,st_louis_downtown_airport_to_st_louis_lambert,St. Louis Downtown Airport to St. Louis Lambert,w_0246,0.5,0.2,0.3,0.0,35.44516965599588,28.2734225786579,41,dbscan_001,dbscan_001
stl_st_louis_downtown_airport_to_st_louis_lambert_2026-03-07_0247,st_louis_downtown_airport_to_st_louis_lambert,St. Louis Downtown Airport to St. Louis Lambert,w_0247,0.5,0.3,0.0,0.2,36.197024617572914,32.392213939237045,43,dbscan_001,dbscan_001
stl_st_louis_downtown_airport_to_st_louis_lambert_2026-03-07_0248,st_louis_downtown_airport_to_st_louis_lambert,St. Louis Downtown Airport to St. Louis Lambert,w_0248,0.5,0.3,0.1,0.1,36.19709159463293,30.898658360958787,43,dbscan_001,dbscan_001
stl_st_louis_downtown_airport_to_st_louis_lambert_2026-03-07_0249,st_louis_downtown_airport_to_st_louis_lambert,St. Louis Downtown Airport to St. Louis Lambert,w_0249,0.5,0.3,0.2,0.0,35.4449746107742,29.19838808851298,41,dbscan_001,dbscan_001
stl_st_louis_downtown_airport_to_st_louis_lambert_2026-03-07_0250,st_louis_downtown_airport_to_st_louis_lambert,St. Louis Downtown Airport to St. Louis Lambert,w_0250,0.5,0.4,0.0,0.1,36.57204599052436,30.4261272663133,44,dbscan_001,dbscan_001
stl_st_louis_downtown_airport_to_st_louis_lambert_2026-03-07_0251,st_louis_downtown_airport_to_st_louis_lambert,St. Louis Downtown Airport to St. Louis Lambert,w_0251,0.5,0.4,0.1,0.0,36.19709159463293,28.989868603045192,43,dbscan_001,dbscan_001
stl_st_louis_downtown_airport_to_st_louis_lambert_2026-03-07_0252,st_louis_downtown_airport_to_st_louis_lambert,St. Louis Downtown Airport to St. Louis Lambert,w_0252,0.5,0.5,0.0,0.0,40.86156395761667,27.200544641171756,54,dbscan_002,dbscan_003
stl_st_louis_downtown_airport_to_st_louis_lambert_2026-03-07_0253,st_louis_downtown_airport_to_st_louis_lambert,St. Louis Downtown Airport to St. Louis Lambert,w_0253,0.6,0.0,0.0,0.4,35.06847425714207,36.51707426307988,40,dbscan_001,dbscan_001
stl_st_louis_downtown_airport_to_st_louis_lambert_2026-03-07_0254,st_louis_downtown_airport_to_st_louis_lambert,St. Louis Downtown Airport to St. Louis Lambert,w_0254,0.6,0.0,0.1,0.3,35.06909548721607,34.71350797331704,40,dbscan_001,dbscan_001
stl_st_louis_downtown_airport_to_st_louis_lambert_2026-03-07_0255,st_louis_downtown_airport_to_st_louis_lambert,St. Louis Downtown Airport to St. Louis Lambert,w_0255,0.6,0.0,0.2,0.2,35.0695243590648,32.80290627128003,40,dbscan_001,dbscan_001
stl_st_louis_downtown_airport_to_st_louis_lambert_2026-03-07_0256,st_louis_downtown_airport_to_st_louis_lambert,St. Louis Downtown Airport to St. Louis Lambert,w_0256,0.6,0.0,0.3,0.1,35.44496799381346,30.8272321893619,41,dbscan_001,dbscan_001
stl_st_louis_downtown_airport_to_st_louis_lambert_2026-03-07_0257,st_louis_downtown_airport_to_st_louis_lambert,St. Louis Downtown Airport to St. Louis Lambert,w_0257,0.6,0.0,0.4,0.0,35.44496799381346,28.714413690501264,41,dbscan_001,dbscan_001
stl_st_louis_downtown_airport_to_st_louis_lambert_2026-03-07_0258,st_louis_downtown_airport_to_st_louis_lambert,St. Louis Downtown Airport to St. Louis Lambert,w_0258,0.6,0.1,0.0,0.3,35.06987633323177,35.61919972142248,40,dbscan_001,dbscan_001
stl_st_louis_downtown_airport_to_st_louis_lambert_2026-03-07_0259,st_louis_downtown_airport_to_st_louis_lambert,St. Louis Downtown Airport to St. Louis Lambert,w_0259,0.6,0.1,0.1,0.2,35.0695243590648,33.72544785701604,40,dbscan_001,dbscan_001
stl_st_louis_downtown_airport_to_st_louis_lambert_2026-03-07_0260,st_louis_downtown_airport_to_st_louis_lambert,St. Louis Downtown Airport to St. Louis Lambert,w_0260,0.6,0.1,0.2,0.1,35.0695243590648,31.788017149593536,40,dbscan_001,dbscan_001
stl_st_louis_downtown_airport_to_st_louis_lambert_2026-03-07_0261,st_louis_downtown_airport_to_st_louis_lambert,St. Louis Downtown Airport to St. Louis Lambert,w_0261,0.6,0.1,0.3,0.0,35.44516965599588,29.82959927205732,41,dbscan_001,dbscan_001
stl_st_louis_downtown_airport_to_st_louis_lambert_2026-03-07_0262,st_louis_downtown_airport_to_st_louis_lambert,St. Louis Downtown Airport to St. Louis Lambert,w_0262,0.6,0.2,0.0,0.2,35.44580648998812,34.53594940379804,41,dbscan_001,dbscan_001
stl_st_louis_downtown_airport_to_st_louis_lambert_2026-03-07_0263,st_louis_downtown_airport_to_st_louis_lambert,St. Louis Downtown Airport to St. Louis Lambert,w_0263,0.6,0.2,0.1,0.1,35.0695243590648,32.71055873532955,40,dbscan_001,dbscan_001
stl_st_louis_downtown_airport_to_st_louis_lambert_2026-03-07_0264,st_louis_downtown_airport_to_st_louis_lambert,St. Louis Downtown Airport to St. Louis Lambert,w_0264,0.6,0.2,0.2,0.0,35.0695243590648,30.77312802790705,40,dbscan_001,dbscan_001
stl_st_louis_downtown_airport_to_st_louis_lambert_2026-03-07_0265,st_louis_downtown_airport_to_st_louis_lambert,St. Louis Downtown Airport to St. Louis Lambert,w_0265,0.6,0.3,0.0,0.1,36.197024617572914,32.73593058183261,43,dbscan_001,dbscan_001
stl_st_louis_downtown_airport_to_st_louis_lambert_2026-03-07_0266,st_louis_downtown_airport_to_st_louis_lambert,St. Louis Downtown Airport to St. Louis Lambert,w_0266,0.6,0.3,0.1,0.0,36.19709159463293,31.242382374812937,43,dbscan_001,dbscan_001
stl_st_louis_downtown_airport_to_st_louis_lambert_2026-03-07_0267,st_louis_downtown_airport_to_st_louis_lambert,St. Louis Downtown Airport to St. Louis Lambert,w_0267,0.6,0.4,0.0,0.0,40.32796740734455,30.66667456154385,54,dbscan_002,dbscan_003
stl_st_louis_downtown_airport_to_st_louis_lambert_2026-03-07_0268,st_louis_downtown_airport_to_st_louis_lambert,St. Louis Downtown Airport to St. Louis Lambert,w_0268,0.7,0.0,0.0,0.3,35.06847425714207,37.036586640259856,40,dbscan_001,dbscan_001
stl_st_louis_downtown_airport_to_st_louis_lambert_2026-03-07_0269,st_louis_downtown_airport_to_st_louis_lambert,St. Louis Downtown Airport to St. Louis Lambert,w_0269,0.7,0.0,0.1,0.2,35.0695243590648,35.219964926390034,40,dbscan_001,dbscan_001
stl_st_louis_downtown_airport_to_st_louis_lambert_2026-03-07_0270,st_louis_downtown_airport_to_st_louis_lambert,St. Louis Downtown Airport to St. Louis Lambert,w_0270,0.7,0.0,0.2,0.1,35.0695243590648,33.282534218967534,40,dbscan_001,dbscan_001
stl_st_louis_downtown_airport_to_st_louis_lambert_2026-03-07_0271,st_louis_downtown_airport_to_st_louis_lambert,St. Louis Downtown Airport to St. Louis Lambert,w_0271,0.7,0.0,0.3,0.0,35.44496799381346,31.2881801370192,41,dbscan_001,dbscan_001
stl_st_louis_downtown_airport_to_st_louis_lambert_2026-03-07_0272,st_louis_downtown_airport_to_st_louis_lambert,St. Louis Downtown Airport to St. Louis Lambert,w_0272,0.7,0.1,0.0,0.2,35.06987633323177,36.09886640614325,40,dbscan_001,dbscan_001
stl_st_louis_downtown_airport_to_st_louis_lambert_2026-03-07_0273,st_louis_downtown_airport_to_st_louis_lambert,St. Louis Downtown Airport to St. Louis Lambert,w_0273,0.7,0.1,0.1,0.1,35.0695243590648,34.20507580470355,40,dbscan_001,dbscan_001
stl_st_louis_downtown_airport_to_st_louis_lambert_2026-03-07_0274,st_louis_downtown_airport_to_st_louis_lambert,St. Louis Downtown Airport to St. Louis Lambert,w_0274,0.7,0.1,0.2,0.0,35.0695243590648,32.26764509728104,40,dbscan_001,dbscan_001
stl_st_louis_downtown_airport_to_st_louis_lambert_2026-03-07_0275,st_louis_downtown_airport_to_st_louis_lambert,St. Louis Downtown Airport to St. Louis Lambert,w_0275,0.7,0.2,0.0,0.1,36.197024617572914,34.98843698234177,43,dbscan_001,dbscan_001
stl_st_louis_downtown_airport_to_st_louis_lambert_2026-03-07_0276,st_louis_downtown_airport_to_st_louis_lambert,St. Louis Downtown Airport to St. Louis Lambert,w_0276,0.7,0.2,0.1,0.0,35.0695243590648,33.19018668301705,40,dbscan_001,dbscan_001
stl_st_louis_downtown_airport_to_st_louis_lambert_2026-03-07_0277,st_louis_downtown_airport_to_st_louis_lambert,St. Louis Downtown Airport to St. Louis Lambert,w_0277,0.7,0.3,0.0,0.0,36.197024617572914,33.07964722442817,43,dbscan_001,dbscan_001
stl_st_louis_downtown_airport_to_st_louis_lambert_2026-03-07_0278,st_louis_downtown_airport_to_st_louis_lambert,St. Louis Downtown Airport to St. Louis Lambert,w_0278,0.8,0.0,0.0,0.2,35.06847425714207,37.55609901743984,40,dbscan_001,dbscan_001
stl_st_louis_downtown_airport_to_st_louis_lambert_2026-03-07_0279,st_louis_downtown_airport_to_st_louis_lambert,St. Louis Downtown Airport to St. Louis Lambert,w_0279,0.8,0.0,0.1,0.1,35.0695243590648,35.699592874077545,40,dbscan_001,dbscan_001
stl_st_louis_downtown_airport_to_st_louis_lambert_2026-03-07_0280,st_louis_downtown_airport_to_st_louis_lambert,St. Louis Downtown Airport to St. Louis Lambert,w_0280,0.8,0.0,0.2,0.0,35.0695243590648,33.76216216665504,40,dbscan_001,dbscan_001
stl_st_louis_downtown_airport_to_st_louis_lambert_2026-03-07_0281,st_louis_downtown_airport_to_st_louis_lambert,St. Louis Downtown Airport to St. Louis Lambert,w_0281,0.8,0.1,0.0,0.1,35.06987633323177,36.57853309086403,40,dbscan_001,dbscan_001
stl_st_louis_downtown_airport_to_st_louis_lambert_2026-03-07_0282,st_louis_downtown_airport_to_st_louis_lambert,St. Louis Downtown Airport to St. Louis Lambert,w_0282,0.8,0.1,0.1,0.0,35.0695243590648,34.68470375239105,40,dbscan_001,dbscan_001
stl_st_louis_downtown_airport_to_st_louis_lambert_2026-03-07_0283,st_louis_downtown_airport_to_st_louis_lambert,St. Louis Downtown Airport to St. Louis Lambert,w_0283,0.8,0.2,0.0,0.0,36.197024617572914,35.332153624937334,43,dbscan_001,dbscan_001
stl_st_louis_downtown_airport_to_st_louis_lambert_2026-03-07_0284,st_louis_downtown_airport_to_st_louis_lambert,St. Louis Downtown Airport to St. Louis Lambert,w_0284,0.9,0.0,0.0,0.1,35.06847425714207,38.07561139461982,40,dbscan_001,dbscan_001
stl_st_louis_downtown_airport_to_st_louis_lambert_2026-03-07_0285,st_louis_downtown_airport_to_st_louis_lambert,St. Louis Downtown Airport to St. Louis Lambert,w_0285,0.9,0.0,0.1,0.0,35.0695243590648,36.17922082176504,40,dbscan_001,dbscan_001
stl_st_louis_downtown_airport_to_st_louis_lambert_2026-03-07_0286,st_louis_downtown_airport_to_st_louis_lambert,St. Louis Downtown Airport to St. Louis Lambert,w_0286,0.9,0.1,0.0,0.0,35.06987633323177,37.05819977558479,40,dbscan_001,dbscan_001
stl_st_louis_downtown_airport_to_st_louis_lambert_2026-03-07_0287,st_louis_downtown_airport_to_st_louis_lambert,St. Louis Downtown Airport to St. Louis Lambert,w_0287,1.0,0.0,0.0,0.0,35.06847425714207,38.5951237717998,40,dbscan_001,dbscan_001
