route_run_id,route_pair,route_pair_label,origin_label,destination_label,origin_lat,origin_lon,destination_lat,destination_lon,traffic_date,traffic_dataset,weight_id,distance_weight,population_weight,traffic_weight,airspace_weight,path_nodes,path_node_ids,elapsed_seconds,status,failure_reason,route_distance_km,distance_cost_sum,population_cost_sum,traffic_cost_sum,airspace_cost_sum,total_weighted_score
stl_midamerica_to_st_louis_union_station_2026-03-09_0001,midamerica_to_st_louis_union_station,MidAmerica to St. Louis Union Station,MidAmerica St. Louis Airport,St. Louis Union Station,38.5451731,-89.8351856,38.629167,-90.2075,2026-03-09,March 9th - Monday,w_0001,0.0,0.0,0.0,1.0,89,"[8877, 8872, 8856, 8744, 8720, 8714, 8712, 8788, 8783, 8758, 8754, 8349, 8339, 8336, 8314, 8307, 8406, 8380, 8376, 8107, 8368, 8366, 8086, 8080, 8063, 8042, 8059, 7919, 7917, 7920, 7918, 7928, 7931, 7941, 7945, 7969, 7973, 7979, 8207, 7335, 7357, 7363, 7377, 7391, 7394, 7728, 7720, 7726, 7749, 7753, 7878, 7881, 7883, 9815, 7904, 7906, 9826, 9829, 9850, 9865, 9870, 9905, 2213, 2217, 2239, 2249, 2251, 2254, 2279, 2293, 2296, 2301, 2303, 2491, 2492, 2818, 2496, 2507, 2506, 2828, 2505, 2809, 2811, 2808, 2405, 2400, 2401, 2404, 2715]",0.04010159999597818,success,,74.84549698294418,82.37230963164274,25.667706654529958,15.813897887327338,21.600000000000012,21.600000000000012
stl_midamerica_to_st_louis_union_station_2026-03-09_0002,midamerica_to_st_louis_union_station,MidAmerica to St. Louis Union Station,MidAmerica St. Louis Airport,St. Louis Union Station,38.5451731,-89.8351856,38.629167,-90.2075,2026-03-09,March 9th - Monday,w_0002,0.0,0.0,0.1,0.9,98,"[8877, 8880, 8902, 8917, 8943, 8947, 8951, 9043, 9047, 9051, 9252, 9279, 9280, 9292, 9316, 9317, 9442, 9443, 9446, 9445, 9435, 9436, 9434, 9437, 9242, 9448, 9450, 9449, 10414, 10413, 10089, 10087, 10095, 10094, 10061, 10047, 10030, 10026, 10025, 10002, 9977, 9973, 9979, 9970, 9969, 9964, 9955, 9957, 9952, 9929, 9835, 9832, 9819, 9815, 7874, 7876, 7898, 7903, 7916, 7915, 7912, 7913, 1936, 1958, 1962, 1965, 2208, 2209, 2212, 2217, 2239, 2241, 2253, 2256, 2281, 2283, 2508, 2286, 2298, 2300, 2304, 2531, 2819, 2820, 2822, 2825, 2836, 2830, 2835, 2837, 2859, 2858, 2815, 2759, 2734, 2731, 2729, 2715]",0.03715309998369776,success,,79.53180564495746,87.52989537423954,37.4564403229781,4.581616239986609,21.600000000000012,19.89816162399867
stl_midamerica_to_st_louis_union_station_2026-03-09_0003,midamerica_to_st_louis_union_station,MidAmerica to St. Louis Union Station,MidAmerica St. Louis Airport,St. Louis Union Station,38.5451731,-89.8351856,38.629167,-90.2075,2026-03-09,March 9th - Monday,w_0003,0.0,0.0,0.2,0.8,98,"[8877, 8880, 8902, 8917, 8943, 8947, 8951, 9043, 9047, 9051, 9252, 9279, 9280, 9292, 9316, 9317, 9442, 9443, 9446, 9445, 9435, 9436, 9434, 9437, 9242, 9448, 9450, 9449, 10414, 10413, 10089, 10087, 10095, 10094, 10061, 10047, 10030, 10026, 10025, 10002, 9977, 9973, 9979, 9970, 9969, 9964, 9955, 9957, 9952, 9929, 9835, 9832, 9819, 9815, 7874, 7876, 7898, 7903, 7916, 7915, 7912, 7913, 1936, 1958, 1962, 1965, 2208, 2209, 2212, 2217, 2239, 2241, 2253, 2256, 2281, 2283, 2508, 2286, 2298, 2300, 2304, 2531, 2819, 2820, 2822, 2825, 2836, 2830, 2835, 2837, 2859, 2858, 2815, 2759, 2734, 2731, 2729, 2715]",0.03504139999859035,success,,79.53180564495746,87.52989537423954,37.4564403229781,4.581616239986609,21.600000000000012,18.196323247997334
stl_midamerica_to_st_louis_union_station_2026-03-09_0004,midamerica_to_st_louis_union_station,MidAmerica to St. Louis Union Station,MidAmerica St. Louis Airport,St. Louis Union Station,38.5451731,-89.8351856,38.629167,-90.2075,2026-03-09,March 9th - Monday,w_0004,0.0,0.0,0.3,0.7,98,"[8877, 8880, 8902, 8917, 8943, 8947, 8951, 9043, 9047, 9051, 9252, 9279, 9280, 9292, 9316, 9317, 9442, 9443, 9446, 9445, 9435, 9436, 9434, 9437, 9242, 9448, 9450, 9449, 10414, 10413, 10089, 10087, 10095, 10094, 10061, 10047, 10030, 10026, 10025, 10002, 9977, 9973, 9979, 9970, 9969, 9964, 9955, 9957, 9952, 9929, 9835, 9832, 9819, 9815, 7874, 7876, 7898, 7903, 7916, 7915, 7912, 7913, 1936, 1958, 1962, 1965, 2208, 2209, 2212, 2217, 2239, 2241, 2253, 2256, 2281, 2283, 2508, 2286, 2298, 2300, 2304, 2531, 2819, 2820, 2822, 2825, 2836, 2830, 2835, 2837, 2859, 2858, 2815, 2759, 2734, 2731, 2729, 2715]",0.035357599990675226,success,,79.53180564495746,87.52989537423954,37.4564403229781,4.581616239986609,21.600000000000012,16.49448487199599
stl_midamerica_to_st_louis_union_station_2026-03-09_0005,midamerica_to_st_louis_union_station,MidAmerica to St. Louis Union Station,MidAmerica St. Louis Airport,St. Louis Union Station,38.5451731,-89.8351856,38.629167,-90.2075,2026-03-09,March 9th - Monday,w_0005,0.0,0.0,0.4,0.6,98,"[8877, 8880, 8902, 8917, 8943, 8947, 8951, 9043, 9047, 9051, 9252, 9279, 9280, 9292, 9316, 9317, 9442, 9443, 9446, 9445, 9435, 9436, 9434, 9437, 9242, 9448, 9450, 9449, 10414, 10413, 10089, 10087, 10095, 10094, 10061, 10047, 10030, 10026, 10025, 10002, 9977, 9973, 9979, 9970, 9969, 9964, 9955, 9957, 9952, 9929, 9835, 9832, 9819, 9815, 7874, 7876, 7898, 7903, 7916, 7915, 7912, 7913, 1936, 1958, 1962, 1965, 2208, 2209, 2212, 2217, 2239, 2241, 2253, 2256, 2281, 2283, 2508, 2286, 2298, 2300, 2304, 2531, 2819, 2820, 2822, 2825, 2836, 2830, 2835, 2837, 2859, 2858, 2815, 2759, 2734, 2731, 2729, 2715]",0.035195000004023314,success,,79.53180564495746,87.52989537423954,37.4564403229781,4.581616239986609,21.600000000000012,14.79264649599465
stl_midamerica_to_st_louis_union_station_2026-03-09_0006,midamerica_to_st_louis_union_station,MidAmerica to St. Louis Union Station,MidAmerica St. Louis Airport,St. Louis Union Station,38.5451731,-89.8351856,38.629167,-90.2075,2026-03-09,March 9th - Monday,w_0006,0.0,0.0,0.5,0.5,98,"[8877, 8880, 8902, 8917, 8943, 8947, 8951, 9043, 9047, 9051, 9252, 9279, 9280, 9292, 9316, 9317, 9442, 9443, 9446, 9445, 9435, 9436, 9434, 9437, 9242, 9448, 9450, 9449, 10414, 10413, 10089, 10087, 10095, 10094, 10061, 10047, 10030, 10026, 10025, 10002, 9977, 9973, 9979, 9970, 9969, 9964, 9955, 9957, 9952, 9929, 9835, 9832, 9819, 9815, 7874, 7876, 7898, 7903, 7916, 7915, 7912, 7913, 1936, 1958, 1962, 1965, 2208, 2209, 2212, 2217, 2239, 2241, 2253, 2256, 2281, 2283, 2508, 2286, 2298, 2300, 2304, 2531, 2819, 2820, 2822, 2825, 2836, 2830, 2835, 2837, 2859, 2858, 2815, 2759, 2734, 2731, 2729, 2715]",0.035888300015358254,success,,79.53180564495746,87.52989537423954,37.4564403229781,4.581616239986609,21.600000000000012,13.09080811999331
stl_midamerica_to_st_louis_union_station_2026-03-09_0007,midamerica_to_st_louis_union_station,MidAmerica to St. Louis Union Station,MidAmerica St. Louis Airport,St. Louis Union Station,38.5451731,-89.8351856,38.629167,-90.2075,2026-03-09,March 9th - Monday,w_0007,0.0,0.0,0.6,0.4,98,"[8877, 8880, 8902, 8917, 8943, 8947, 8951, 9043, 9047, 9051, 9252, 9279, 9280, 9292, 9316, 9317, 9442, 9443, 9446, 9445, 9435, 9436, 9434, 9437, 9242, 9448, 9450, 9449, 10414, 10413, 10089, 10087, 10095, 10094, 10061, 10047, 10030, 10026, 10025, 10002, 9977, 9973, 9979, 9970, 9969, 9964, 9955, 9957, 9952, 9929, 9835, 9832, 9819, 9815, 7874, 7876, 7898, 7903, 7916, 7915, 7912, 7913, 1936, 1958, 1962, 1965, 2208, 2209, 2212, 2217, 2239, 2241, 2253, 2256, 2281, 2283, 2508, 2286, 2298, 2300, 2304, 2531, 2819, 2820, 2822, 2825, 2836, 2830, 2835, 2837, 2859, 2858, 2815, 2759, 2734, 2731, 2729, 2715]",0.034439000010024756,success,,79.53180564495746,87.52989537423954,37.4564403229781,4.581616239986609,21.600000000000012,11.388969743991971
stl_midamerica_to_st_louis_union_station_2026-03-09_0008,midamerica_to_st_louis_union_station,MidAmerica to St. Louis Union Station,MidAmerica St. Louis Airport,St. Louis Union Station,38.5451731,-89.8351856,38.629167,-90.2075,2026-03-09,March 9th - Monday,w_0008,0.0,0.0,0.7,0.3,98,"[8877, 8880, 8902, 8917, 8943, 8947, 8951, 9043, 9047, 9051, 9252, 9279, 9280, 9292, 9316, 9317, 9442, 9443, 9446, 9445, 9435, 9436, 9434, 9437, 9242, 9448, 9450, 9449, 10414, 10413, 10089, 10087, 10095, 10094, 10061, 10047, 10030, 10026, 10025, 10002, 9977, 9973, 9979, 9970, 9969, 9964, 9955, 9957, 9952, 9929, 9835, 9832, 9819, 9815, 7874, 7876, 7898, 7903, 7916, 7915, 7912, 7913, 1936, 1958, 1962, 1965, 2208, 2209, 2212, 2217, 2239, 2241, 2253, 2256, 2281, 2283, 2508, 2286, 2298, 2300, 2304, 2531, 2819, 2820, 2822, 2825, 2836, 2830, 2835, 2837, 2859, 2858, 2815, 2759, 2734, 2731, 2729, 2715]",0.03429189999587834,success,,79.53180564495746,87.52989537423954,37.4564403229781,4.581616239986609,21.600000000000012,9.687131367990629
stl_midamerica_to_st_louis_union_station_2026-03-09_0009,midamerica_to_st_louis_union_station,MidAmerica to St. Louis Union Station,MidAmerica St. Louis Airport,St. Louis Union Station,38.5451731,-89.8351856,38.629167,-90.2075,2026-03-09,March 9th - Monday,w_0009,0.0,0.0,0.8,0.2,99,"[8877, 8880, 8902, 8917, 8943, 8947, 8951, 9043, 9047, 9051, 9252, 9279, 9280, 9292, 9316, 9317, 9442, 9443, 9446, 9445, 9458, 9463, 9467, 9493, 9510, 9512, 11722, 11723, 10824, 10827, 10829, 10853, 10865, 10866, 10871, 10895, 10898, 10901, 11225, 11343, 11345, 11348, 11349, 11354, 11358, 11356, 11329, 11366, 11368, 11394, 11367, 11184, 11188, 11191, 11201, 11433, 11438, 11440, 11428, 11425, 11422, 11206, 11204, 11171, 11165, 11161, 11157, 11153, 11019, 11015, 10789, 10785, 10783, 10760, 10753, 10739, 10763, 10719, 10718, 10722, 2595, 2592, 2591, 2844, 2842, 2838, 2825, 2836, 2830, 2835, 2837, 2859, 2858, 2815, 2759, 2734, 2731, 2729, 2715]",0.03480979998130351,success,,82.13408855115941,90.39387600019019,16.076844124564534,3.2883920557171105,25.20000000000002,7.670713644573693
stl_midamerica_to_st_louis_union_station_2026-03-09_0010,midamerica_to_st_louis_union_station,MidAmerica to St. Louis Union Station,MidAmerica St. Louis Airport,St. Louis Union Station,38.5451731,-89.8351856,38.629167,-90.2075,2026-03-09,March 9th - Monday,w_0010,0.0,0.0,0.9,0.1,91,"[8877, 8880, 8902, 8917, 8943, 8947, 8951, 9043, 9047, 9051, 9252, 9279, 9280, 9292, 9316, 9317, 9442, 9443, 9446, 9445, 9435, 9436, 9434, 9437, 9242, 9448, 9450, 9449, 10414, 10413, 10089, 10087, 10095, 10094, 10061, 10047, 10030, 10026, 10025, 10002, 9977, 9973, 9979, 9970, 9969, 9964, 9955, 9957, 9952, 9929, 9835, 9832, 9819, 9815, 7874, 7876, 7898, 7903, 7916, 7915, 7912, 7895, 7613, 7615, 1929, 1917, 1943, 1946, 1970, 1983, 1998, 2003, 2000, 2191, 2194, 2188, 2165, 2182, 2184, 2186, 2421, 2205, 2450, 2451, 2369, 2375, 2399, 2401, 2406, 2729, 2715]",0.031177099997876212,success,,75.84204086308692,83.46907061748193,29.89554820411586,1.8881849111714815,32.6,4.959366420054334
stl_midamerica_to_st_louis_union_station_2026-03-09_0011,midamerica_to_st_louis_union_station,MidAmerica to St. Louis Union Station,MidAmerica St. Louis Airport,St. Louis Union Station,38.5451731,-89.8351856,38.629167,-90.2075,2026-03-09,March 9th - Monday,w_0011,0.0,0.0,1.0,0.0,80,"[8877, 8861, 8741, 8740, 8862, 8739, 7711, 7686, 7684, 7665, 7663, 7660, 7633, 7642, 7637, 7624, 7620, 7365, 7361, 7363, 7377, 7391, 7394, 7728, 7720, 7726, 7749, 7753, 7878, 7881, 7883, 9815, 7874, 7876, 7898, 7903, 7916, 7915, 7912, 7895, 7613, 7615, 1929, 1917, 1943, 1946, 1970, 1983, 1998, 2003, 2007, 2229, 2235, 2259, 2263, 2432, 2458, 2462, 2463, 2467, 2491, 2531, 2819, 2558, 2840, 2842, 2838, 2825, 2836, 2830, 2835, 2837, 2859, 2858, 2815, 2759, 2734, 2731, 2729, 2715]",0.03094789999886416,success,,67.47757876006419,74.26343914964167,28.753687913186123,1.8544391475744957,39.200000000000024,1.8544391475744957
stl_midamerica_to_st_louis_union_station_2026-03-09_0012,midamerica_to_st_louis_union_station,MidAmerica to St. Louis Union Station,MidAmerica St. Louis Airport,St. Louis Union Station,38.5451731,-89.8351856,38.629167,-90.2075,2026-03-09,March 9th - Monday,w_0012,0.0,0.1,0.0,0.9,89,"[8877, 8880, 8902, 8917, 8943, 8947, 8951, 9043, 9047, 9051, 9252, 9279, 9280, 9292, 9316, 9320, 9447, 9470, 9473, 9498, 9488, 9463, 9459, 9461, 9457, 9481, 9485, 9487, 10502, 10504, 10508, 10823, 10833, 10832, 10501, 10817, 10815, 10816, 10814, 10597, 10598, 10599, 10596, 10591, 10602, 10603, 10604, 10913, 10914, 10580, 10399, 10392, 10369, 10366, 10372, 10360, 10356, 10352, 10326, 10328, 10322, 10191, 2273, 2272, 2271, 2285, 2283, 2508, 2286, 2298, 2300, 2301, 2307, 2495, 2820, 2823, 2827, 2849, 2834, 2832, 2829, 2817, 2858, 2863, 2763, 2762, 2737, 2732, 2715]",0.036403700010851026,success,,71.94365013816504,79.17863951871364,10.13600093372973,21.211617155430492,21.600000000000012,20.453600093372984
stl_midamerica_to_st_louis_union_station_2026-03-09_0013,midamerica_to_st_louis_union_station,MidAmerica to St. Louis Union Station,MidAmerica St. Louis Airport,St. Louis Union Station,38.5451731,-89.8351856,38.629167,-90.2075,2026-03-09,March 9th - Monday,w_0013,0.0,0.1,0.1,0.8,144,"[8877, 8880, 8902, 8917, 8943, 8947, 8951, 9043, 9047, 9051, 9252, 9279, 9273, 9250, 9257, 9039, 9038, 9011, 9008, 9003, 9002, 9065, 9061, 8641, 8636, 8644, 8625, 8619, 8616, 8602, 8590, 8557, 8556, 8540, 8539, 8533, 8511, 8517, 8516, 8489, 8491, 8274, 8271, 8265, 8017, 8025, 8022, 7990, 7984, 7981, 7983, 7982, 8054, 8051, 8057, 8071, 8079, 8082, 8081, 8080, 8066, 8065, 8064, 7953, 7951, 7954, 7952, 7944, 7943, 7929, 7942, 7966, 7968, 7965, 7970, 7126, 7327, 7128, 7127, 7324, 7319, 7317, 7114, 7130, 7132, 7137, 7209, 7212, 7213, 7440, 7434, 7436, 7469, 7471, 7481, 7484, 7485, 7510, 7539, 7544, 7559, 7562, 7587, 7590, 7594, 1908, 1915, 1917, 1934, 1947, 1960, 1963, 1966, 2211, 1997, 2215, 2239, 2241, 2253, 2256, 2281, 2283, 2508, 2286, 2298, 2300, 2304, 2531, 2819, 2824, 2838, 2827, 2836, 2830, 2835, 2837, 2859, 2858, 2863, 2763, 2758, 2733, 2729, 2715]",0.0375116000068374,success,,117.51406157780954,129.33182431222437,13.03049700856657,5.350112274297257,21.600000000000012,19.118060928286393
stl_midamerica_to_st_louis_union_station_2026-03-09_0014,midamerica_to_st_louis_union_station,MidAmerica to St. Louis Union Station,MidAmerica St. Louis Airport,St. Louis Union Station,38.5451731,-89.8351856,38.629167,-90.2075,2026-03-09,March 9th - Monday,w_0014,0.0,0.1,0.2,0.7,144,"[8877, 8880, 8902, 8917, 8943, 8947, 8951, 9043, 9047, 9051, 9252, 9279, 9273, 9250, 9257, 9039, 9038, 9011, 9008, 9003, 9002, 9065, 9061, 8641, 8636, 8644, 8625, 8619, 8616, 8602, 8590, 8557, 8556, 8540, 8539, 8533, 8511, 8517, 8516, 8489, 8491, 8274, 8271, 8265, 8017, 8025, 8022, 7990, 7984, 7981, 7983, 7982, 8054, 8051, 8057, 8071, 8079, 8082, 8081, 8080, 8066, 8065, 8064, 7953, 7951, 7954, 7952, 7944, 7943, 7929, 7942, 7966, 7968, 7965, 7970, 7126, 7327, 7128, 7127, 7324, 7319, 7317, 7114, 7130, 7132, 7137, 7209, 7212, 7213, 7440, 7434, 7436, 7469, 7471, 7481, 7484, 7485, 7510, 7539, 7544, 7559, 7562, 7587, 7590, 7594, 1908, 1915, 1917, 1934, 1947, 1960, 1963, 1966, 2211, 1997, 2215, 2239, 2241, 2253, 2256, 2281, 2283, 2508, 2286, 2298, 2300, 2304, 2531, 2819, 2824, 2838, 2827, 2836, 2830, 2835, 2837, 2859, 2858, 2860, 2759, 2734, 2731, 2729, 2715]",0.03758860001107678,success,,116.98070464283121,128.74483051348946,13.873594251690974,4.758108870651143,21.600000000000012,17.458981199299334
stl_midamerica_to_st_louis_union_station_2026-03-09_0015,midamerica_to_st_louis_union_station,MidAmerica to St. Louis Union Station,MidAmerica St. Louis Airport,St. Louis Union Station,38.5451731,-89.8351856,38.629167,-90.2075,2026-03-09,March 9th - Monday,w_0015,0.0,0.1,0.3,0.6,144,"[8877, 8880, 8902, 8917, 8943, 8947, 8951, 9043, 9047, 9051, 9252, 9279, 9273, 9250, 9257, 9039, 9038, 9011, 9008, 9003, 9002, 9065, 9061, 8641, 8636, 8644, 8625, 8619, 8616, 8602, 8590, 8557, 8556, 8540, 8539, 8533, 8511, 8517, 8516, 8489, 8491, 8274, 8271, 8265, 8017, 8025, 8022, 7990, 7984, 7981, 7983, 7982, 8054, 8051, 8057, 8071, 8079, 8082, 8081, 8080, 8066, 8065, 8064, 7953, 7951, 7954, 7952, 7944, 7943, 7929, 7942, 7966, 7968, 7965, 7970, 7126, 7327, 7128, 7127, 7324, 7319, 7317, 7114, 7130, 7132, 7137, 7209, 7212, 7213, 7440, 7434, 7436, 7469, 7471, 7481, 7484, 7485, 7510, 7539, 7544, 7559, 7562, 7587, 7590, 7594, 1908, 1915, 1917, 1934, 1947, 1960, 1963, 1966, 2211, 1997, 2215, 2239, 2241, 2253, 2256, 2281, 2283, 2508, 2286, 2298, 2300, 2304, 2531, 2819, 2824, 2838, 2827, 2836, 2830, 2835, 2837, 2859, 2858, 2860, 2759, 2734, 2731, 2729, 2715]",0.03633960001752712,success,,116.98070464283121,128.74483051348946,13.873594251690974,4.758108870651143,21.600000000000012,15.774792086364446
stl_midamerica_to_st_louis_union_station_2026-03-09_0016,midamerica_to_st_louis_union_station,MidAmerica to St. Louis Union Station,MidAmerica St. Louis Airport,St. Louis Union Station,38.5451731,-89.8351856,38.629167,-90.2075,2026-03-09,March 9th - Monday,w_0016,0.0,0.1,0.4,0.5,144,"[8877, 8880, 8902, 8917, 8943, 8947, 8951, 9043, 9047, 9051, 9252, 9279, 9273, 9250, 9257, 9039, 9038, 9011, 9008, 9003, 9002, 9065, 9061, 8641, 8636, 8644, 8625, 8619, 8616, 8602, 8590, 8557, 8556, 8540, 8539, 8533, 8511, 8517, 8516, 8489, 8491, 8274, 8271, 8265, 8017, 8025, 8022, 7990, 7984, 7981, 7983, 7982, 8054, 8051, 8057, 8071, 8079, 8082, 8081, 8080, 8066, 8065, 8064, 7953, 7951, 7954, 7952, 7944, 7943, 7929, 7942, 7966, 7968, 7965, 7970, 7126, 7327, 7128, 7127, 7324, 7319, 7317, 7114, 7130, 7132, 7137, 7209, 7212, 7213, 7440, 7434, 7436, 7469, 7471, 7481, 7484, 7485, 7510, 7539, 7544, 7559, 7562, 7587, 7590, 7594, 1908, 1915, 1917, 1934, 1947, 1960, 1963, 1966, 2211, 1997, 2215, 2239, 2241, 2253, 2256, 2281, 2283, 2508, 2286, 2298, 2300, 2304, 2531, 2819, 2824, 2838, 2827, 2836, 2830, 2835, 2837, 2859, 2858, 2860, 2759, 2734, 2731, 2729, 2715]",0.0364875000086613,success,,116.98070464283121,128.74483051348946,13.873594251690974,4.758108870651143,21.600000000000012,14.090602973429561
stl_midamerica_to_st_louis_union_station_2026-03-09_0017,midamerica_to_st_louis_union_station,MidAmerica to St. Louis Union Station,MidAmerica St. Louis Airport,St. Louis Union Station,38.5451731,-89.8351856,38.629167,-90.2075,2026-03-09,March 9th - Monday,w_0017,0.0,0.1,0.5,0.4,144,"[8877, 8880, 8902, 8917, 8943, 8947, 8951, 9043, 9047, 9051, 9252, 9279, 9273, 9250, 9257, 9039, 9038, 9011, 9008, 9003, 9002, 9065, 9061, 8641, 8636, 8644, 8625, 8619, 8616, 8602, 8590, 8557, 8556, 8540, 8539, 8533, 8511, 8517, 8516, 8489, 8491, 8274, 8271, 8265, 8017, 8025, 8022, 7990, 7984, 7981, 7983, 7982, 8054, 8051, 8057, 8071, 8079, 8082, 8081, 8080, 8066, 8065, 8064, 7953, 7951, 7954, 7952, 7944, 7943, 7929, 7942, 7966, 7968, 7965, 7970, 7126, 7327, 7128, 7127, 7324, 7319, 7317, 7114, 7130, 7132, 7137, 7209, 7212, 7213, 7440, 7434, 7436, 7469, 7471, 7481, 7484, 7485, 7510, 7539, 7544, 7559, 7562, 7587, 7590, 7594, 1908, 1915, 1917, 1934, 1947, 1960, 1963, 1966, 2211, 1997, 2215, 2239, 2241, 2253, 2256, 2281, 2283, 2508, 2286, 2298, 2300, 2304, 2531, 2819, 2820, 2822, 2825, 2836, 2830, 2835, 2837, 2859, 2858, 2860, 2759, 2734, 2731, 2729, 2715]",0.036474799999268726,success,,116.44740723009936,128.15790222283607,14.617634174783962,4.581616239986609,21.600000000000012,12.392571537471706
stl_midamerica_to_st_louis_union_station_2026-03-09_0018,midamerica_to_st_louis_union_station,MidAmerica to St. Louis Union Station,MidAmerica St. Louis Airport,St. Louis Union Station,38.5451731,-89.8351856,38.629167,-90.2075,2026-03-09,March 9th - Monday,w_0018,0.0,0.1,0.6,0.3,145,"[8877, 8880, 8902, 8917, 8943, 8947, 8951, 9043, 9047, 9051, 9252, 9279, 9273, 9250, 9257, 9039, 9038, 9011, 9008, 9003, 9002, 9065, 9061, 8641, 8636, 8644, 8625, 8619, 8616, 8602, 8590, 8557, 8556, 8540, 8539, 8533, 8511, 8517, 8516, 8489, 8491, 8274, 8271, 8265, 8017, 8025, 8022, 7990, 7984, 7981, 7983, 7982, 8054, 8051, 8057, 8071, 8079, 8082, 8081, 8080, 8066, 8065, 8064, 7953, 7951, 7954, 7952, 7944, 7943, 7929, 7942, 7966, 7968, 7965, 7970, 7126, 7327, 7128, 7127, 7324, 7319, 7317, 7114, 7130, 7132, 7137, 7209, 7212, 7213, 7440, 7434, 7436, 7469, 7471, 7481, 7484, 7485, 7510, 7539, 7544, 7559, 7562, 7587, 7590, 7594, 1908, 1915, 1917, 1934, 1947, 1960, 1963, 1966, 2211, 1997, 2215, 2239, 2241, 2253, 2256, 2281, 2283, 2508, 2513, 2516, 2305, 2529, 2532, 2558, 2840, 2842, 2838, 2827, 2836, 2830, 2835, 2837, 2859, 2858, 2860, 2759, 2734, 2731, 2729, 2715]",0.0362209000159055,success,,117.8893137669806,129.7448136136835,13.644807014140323,4.434053540863423,22.200000000000014,10.68491282593209
stl_midamerica_to_st_louis_union_station_2026-03-09_0019,midamerica_to_st_louis_union_station,MidAmerica to St. Louis Union Station,MidAmerica St. Louis Airport,St. Louis Union Station,38.5451731,-89.8351856,38.629167,-90.2075,2026-03-09,March 9th - Monday,w_0019,0.0,0.1,0.7,0.2,127,"[8877, 8880, 8902, 8917, 8943, 8947, 8951, 9043, 9047, 9051, 9252, 9279, 9273, 9250, 9257, 9039, 9038, 9011, 9008, 9003, 9002, 9065, 9061, 8641, 8636, 8644, 8625, 8619, 8616, 8602, 8590, 8557, 8556, 8540, 8539, 8533, 8511, 8517, 8516, 8489, 8491, 8274, 8271, 8265, 8017, 8025, 8022, 7990, 7984, 7981, 7983, 7982, 8054, 8051, 8057, 8071, 8079, 8082, 8081, 8080, 8066, 8065, 8064, 7953, 7951, 7954, 7952, 7944, 7943, 7929, 7942, 7966, 7968, 7965, 7970, 7126, 7327, 7128, 7127, 7324, 7319, 7317, 7114, 7130, 7132, 7137, 7209, 7212, 7213, 7440, 7434, 7436, 7469, 7471, 7481, 7482, 7486, 7315, 7540, 7546, 7560, 7574, 7575, 7592, 7593, 1919, 1922, 1926, 1952, 2132, 2136, 2162, 2165, 2182, 2184, 2186, 2421, 2205, 2450, 2451, 2369, 2375, 2399, 2401, 2406, 2729, 2715]",0.03501479999977164,success,,104.7723067691564,115.30869914561582,7.2687061041652585,2.3769784304606056,30.600000000000005,8.510755511738951
stl_midamerica_to_st_louis_union_station_2026-03-09_0020,midamerica_to_st_louis_union_station,MidAmerica to St. Louis Union Station,MidAmerica St. Louis Airport,St. Louis Union Station,38.5451731,-89.8351856,38.629167,-90.2075,2026-03-09,March 9th - Monday,w_0020,0.0,0.1,0.8,0.1,129,"[8877, 8880, 8902, 8917, 8943, 8947, 8951, 9043, 9047, 9051, 9252, 9279, 9273, 9250, 9257, 9039, 9038, 9011, 9008, 9003, 9002, 9065, 9061, 8641, 8636, 8644, 8625, 8619, 8616, 8602, 8590, 8557, 8556, 8540, 8539, 8533, 8511, 8517, 8516, 8489, 8491, 8274, 8271, 8265, 8017, 8025, 8022, 7990, 7984, 7981, 7983, 7982, 8054, 8051, 8057, 8071, 8079, 8082, 8081, 8080, 8066, 8065, 8064, 7953, 7951, 7954, 7952, 7944, 7943, 7929, 7942, 7966, 7968, 7965, 7970, 7126, 7327, 7128, 7127, 7324, 7319, 7317, 7114, 7130, 7132, 7137, 7209, 7212, 7213, 7440, 7434, 7436, 7469, 7471, 7481, 7480, 7483, 7311, 7316, 7538, 7541, 7534, 7567, 7573, 7576, 7600, 7605, 1918, 1925, 2114, 2130, 2134, 2135, 2144, 2165, 2182, 2184, 2186, 2421, 2205, 2450, 2451, 2369, 2375, 2399, 2401, 2406, 2729, 2715]",0.031190200010314584,success,,106.04771864798992,116.71237239819762,7.1997338865685325,2.1215686756825565,32.6,5.677228329202899
stl_midamerica_to_st_louis_union_station_2026-03-09_0021,midamerica_to_st_louis_union_station,MidAmerica to St. Louis Union Station,MidAmerica St. Louis Airport,St. Louis Union Station,38.5451731,-89.8351856,38.629167,-90.2075,2026-03-09,March 9th - Monday,w_0021,0.0,0.1,0.9,0.0,104,"[8877, 8874, 8860, 8749, 8743, 8718, 8717, 8803, 8787, 8782, 8759, 8352, 8351, 8347, 8333, 8320, 8317, 8284, 8291, 8285, 8041, 8036, 8100, 8075, 8072, 8071, 8079, 8082, 8081, 8080, 8066, 8065, 8064, 7953, 7951, 7954, 7952, 7944, 7943, 7929, 7942, 7966, 7968, 7965, 7970, 7126, 7327, 7128, 7127, 7324, 7319, 7317, 7114, 7130, 7132, 7137, 7209, 7212, 7213, 7440, 7434, 7436, 7469, 7471, 7481, 7482, 7486, 7315, 7540, 7546, 7560, 7574, 7575, 7592, 7593, 1919, 1922, 1926, 1951, 1954, 1970, 1983, 1998, 2003, 2007, 2229, 2195, 2194, 2188, 2165, 2182, 2184, 2186, 2421, 2205, 2450, 2451, 2369, 2375, 2399, 2401, 2406, 2729, 2715]",0.030799300002399832,success,,85.92912913550525,94.5705635856788,8.685119885706223,1.8881849111714815,38.6,2.5678784086249555
stl_midamerica_to_st_louis_union_station_2026-03-09_0022,midamerica_to_st_louis_union_station,MidAmerica to St. Louis Union Station,MidAmerica St. Louis Airport,St. Louis Union Station,38.5451731,-89.8351856,38.629167,-90.2075,2026-03-09,March 9th - Monday,w_0022,0.0,0.2,0.0,0.8,89,"[8877, 8880, 8902, 8917, 8943, 8947, 8951, 9043, 9047, 9051, 9252, 9279, 9280, 9292, 9316, 9320, 9447, 9470, 9473, 9498, 9488, 9463, 9459, 9461, 9457, 9481, 9485, 9487, 10502, 10504, 10508, 10823, 10833, 10832, 10501, 10817, 10815, 10816, 10814, 10597, 10598, 10599, 10596, 10591, 10602, 10603, 10604, 10913, 10914, 10580, 10399, 10392, 10369, 10366, 10372, 10360, 10356, 10352, 10326, 10328, 10322, 10191, 2273, 2272, 2271, 2285, 2283, 2508, 2286, 2298, 2300, 2301, 2307, 2495, 2820, 2823, 2827, 2849, 2834, 2832, 2829, 2817, 2858, 2863, 2763, 2762, 2737, 2732, 2715]",0.03878290002467111,success,,71.94365013816504,79.17863951871364,10.13600093372973,21.211617155430492,21.600000000000012,19.30720018674596
stl_midamerica_to_st_louis_union_station_2026-03-09_0023,midamerica_to_st_louis_union_station,MidAmerica to St. Louis Union Station,MidAmerica St. Louis Airport,St. Louis Union Station,38.5451731,-89.8351856,38.629167,-90.2075,2026-03-09,March 9th - Monday,w_0023,0.0,0.2,0.1,0.7,144,"[8877, 8880, 8902, 8917, 8943, 8947, 8951, 9043, 9047, 9051, 9252, 9279, 9273, 9250, 9257, 9039, 9038, 9011, 9008, 9003, 9002, 9065, 9061, 8641, 8636, 8644, 8625, 8619, 8616, 8602, 8590, 8557, 8556, 8540, 8539, 8533, 8511, 8517, 8516, 8489, 8491, 8274, 8271, 8265, 8017, 8025, 8022, 7990, 7984, 7981, 7983, 7982, 8054, 8051, 8057, 8071, 8079, 8082, 8081, 8080, 8066, 8065, 8064, 7953, 7951, 7954, 7952, 7944, 7943, 7929, 7942, 7966, 7968, 7965, 7970, 7126, 7327, 7128, 7127, 7324, 7319, 7317, 7114, 7130, 7132, 7137, 7209, 7212, 7213, 7440, 7434, 7436, 7469, 7471, 7481, 7484, 7485, 7510, 7539, 7544, 7559, 7562, 7587, 7590, 7594, 1908, 1915, 1917, 1934, 1947, 1960, 1963, 1966, 2211, 1997, 2221, 2223, 2227, 2252, 2254, 2281, 2283, 2508, 2286, 2298, 2300, 2301, 2307, 2495, 2820, 2823, 2827, 2849, 2848, 2835, 2837, 2859, 2858, 2863, 2763, 2758, 2733, 2729, 2715]",0.04230269999243319,success,,116.45333720874126,128.16442854781877,11.73944703836045,7.391221028749372,21.600000000000012,18.207011510547034
stl_midamerica_to_st_louis_union_station_2026-03-09_0024,midamerica_to_st_louis_union_station,MidAmerica to St. Louis Union Station,MidAmerica St. Louis Airport,St. Louis Union Station,38.5451731,-89.8351856,38.629167,-90.2075,2026-03-09,March 9th - Monday,w_0024,0.0,0.2,0.2,0.6,144,"[8877, 8880, 8902, 8917, 8943, 8947, 8951, 9043, 9047, 9051, 9252, 9279, 9273, 9250, 9257, 9039, 9038, 9011, 9008, 9003, 9002, 9065, 9061, 8641, 8636, 8644, 8625, 8619, 8616, 8602, 8590, 8557, 8556, 8540, 8539, 8533, 8511, 8517, 8516, 8489, 8491, 8274, 8271, 8265, 8017, 8025, 8022, 7990, 7984, 7981, 7983, 7982, 8054, 8051, 8057, 8071, 8079, 8082, 8081, 8080, 8066, 8065, 8064, 7953, 7951, 7954, 7952, 7944, 7943, 7929, 7942, 7966, 7968, 7965, 7970, 7126, 7327, 7128, 7127, 7324, 7319, 7317, 7114, 7130, 7132, 7137, 7209, 7212, 7213, 7440, 7434, 7436, 7469, 7471, 7481, 7484, 7485, 7510, 7539, 7544, 7559, 7562, 7587, 7590, 7594, 1908, 1915, 1917, 1934, 1947, 1960, 1963, 1966, 2211, 1997, 2215, 2239, 2241, 2253, 2256, 2281, 2283, 2508, 2286, 2298, 2300, 2304, 2531, 2819, 2824, 2838, 2827, 2836, 2830, 2835, 2837, 2859, 2858, 2863, 2763, 2758, 2733, 2729, 2715]",0.03934580000350252,success,,117.51406157780954,129.33182431222437,13.03049700856657,5.350112274297257,21.600000000000012,16.63612185657277
stl_midamerica_to_st_louis_union_station_2026-03-09_0025,midamerica_to_st_louis_union_station,MidAmerica to St. Louis Union Station,MidAmerica St. Louis Airport,St. Louis Union Station,38.5451731,-89.8351856,38.629167,-90.2075,2026-03-09,March 9th - Monday,w_0025,0.0,0.2,0.3,0.5,144,"[8877, 8880, 8902, 8917, 8943, 8947, 8951, 9043, 9047, 9051, 9252, 9279, 9273, 9250, 9257, 9039, 9038, 9011, 9008, 9003, 9002, 9065, 9061, 8641, 8636, 8644, 8625, 8619, 8616, 8602, 8590, 8557, 8556, 8540, 8539, 8533, 8511, 8517, 8516, 8489, 8491, 8274, 8271, 8265, 8017, 8025, 8022, 7990, 7984, 7981, 7983, 7982, 8054, 8051, 8057, 8071, 8079, 8082, 8081, 8080, 8066, 8065, 8064, 7953, 7951, 7954, 7952, 7944, 7943, 7929, 7942, 7966, 7968, 7965, 7970, 7126, 7327, 7128, 7127, 7324, 7319, 7317, 7114, 7130, 7132, 7137, 7209, 7212, 7213, 7440, 7434, 7436, 7469, 7471, 7481, 7484, 7485, 7510, 7539, 7544, 7559, 7562, 7587, 7590, 7594, 1908, 1915, 1917, 1934, 1947, 1960, 1963, 1966, 2211, 1997, 2215, 2239, 2241, 2253, 2256, 2281, 2283, 2508, 2286, 2298, 2300, 2304, 2531, 2819, 2824, 2838, 2827, 2836, 2830, 2835, 2837, 2859, 2858, 2860, 2759, 2734, 2731, 2729, 2715]",0.04039000000921078,success,,116.98070464283121,128.74483051348946,13.873594251690974,4.758108870651143,21.600000000000012,15.002151511533544
stl_midamerica_to_st_louis_union_station_2026-03-09_0026,midamerica_to_st_louis_union_station,MidAmerica to St. Louis Union Station,MidAmerica St. Louis Airport,St. Louis Union Station,38.5451731,-89.8351856,38.629167,-90.2075,2026-03-09,March 9th - Monday,w_0026,0.0,0.2,0.4,0.4,144,"[8877, 8880, 8902, 8917, 8943, 8947, 8951, 9043, 9047, 9051, 9252, 9279, 9273, 9250, 9257, 9039, 9038, 9011, 9008, 9003, 9002, 9065, 9061, 8641, 8636, 8644, 8625, 8619, 8616, 8602, 8590, 8557, 8556, 8540, 8539, 8533, 8511, 8517, 8516, 8489, 8491, 8274, 8271, 8265, 8017, 8025, 8022, 7990, 7984, 7981, 7983, 7982, 8054, 8051, 8057, 8071, 8079, 8082, 8081, 8080, 8066, 8065, 8064, 7953, 7951, 7954, 7952, 7944, 7943, 7929, 7942, 7966, 7968, 7965, 7970, 7126, 7327, 7128, 7127, 7324, 7319, 7317, 7114, 7130, 7132, 7137, 7209, 7212, 7213, 7440, 7434, 7436, 7469, 7471, 7481, 7484, 7485, 7510, 7539, 7544, 7559, 7562, 7587, 7590, 7594, 1908, 1915, 1917, 1934, 1947, 1960, 1963, 1966, 2211, 1997, 2215, 2239, 2241, 2253, 2256, 2281, 2283, 2508, 2286, 2298, 2300, 2304, 2531, 2819, 2824, 2838, 2827, 2836, 2830, 2835, 2837, 2859, 2858, 2860, 2759, 2734, 2731, 2729, 2715]",0.04541669998434372,success,,116.98070464283121,128.74483051348946,13.873594251690974,4.758108870651143,21.600000000000012,13.317962398598658
stl_midamerica_to_st_louis_union_station_2026-03-09_0027,midamerica_to_st_louis_union_station,MidAmerica to St. Louis Union Station,MidAmerica St. Louis Airport,St. Louis Union Station,38.5451731,-89.8351856,38.629167,-90.2075,2026-03-09,March 9th - Monday,w_0027,0.0,0.2,0.5,0.3,145,"[8877, 8880, 8902, 8917, 8943, 8947, 8951, 9043, 9047, 9051, 9252, 9279, 9273, 9250, 9257, 9039, 9038, 9011, 9008, 9003, 9002, 9065, 9061, 8641, 8636, 8644, 8625, 8619, 8616, 8602, 8590, 8557, 8556, 8540, 8539, 8533, 8511, 8517, 8516, 8489, 8491, 8274, 8271, 8265, 8017, 8025, 8022, 7990, 7984, 7981, 7983, 7982, 8054, 8051, 8057, 8071, 8079, 8082, 8081, 8080, 8066, 8065, 8064, 7953, 7951, 7954, 7952, 7944, 7943, 7929, 7942, 7966, 7968, 7965, 7970, 7126, 7327, 7128, 7127, 7324, 7319, 7317, 7114, 7130, 7132, 7137, 7209, 7212, 7213, 7440, 7434, 7436, 7469, 7471, 7481, 7484, 7485, 7510, 7539, 7544, 7559, 7562, 7587, 7590, 7594, 1908, 1915, 1917, 1934, 1947, 1960, 1963, 1966, 2211, 1997, 2215, 2239, 2241, 2253, 2256, 2281, 2283, 2508, 2513, 2516, 2305, 2529, 2532, 2558, 2840, 2842, 2838, 2827, 2836, 2830, 2835, 2837, 2859, 2858, 2860, 2759, 2734, 2731, 2729, 2715]",0.03831529998569749,success,,117.8893137669806,129.7448136136835,13.644807014140323,4.434053540863423,22.200000000000014,11.60598817325978
stl_midamerica_to_st_louis_union_station_2026-03-09_0028,midamerica_to_st_louis_union_station,MidAmerica to St. Louis Union Station,MidAmerica St. Louis Airport,St. Louis Union Station,38.5451731,-89.8351856,38.629167,-90.2075,2026-03-09,March 9th - Monday,w_0028,0.0,0.2,0.6,0.2,127,"[8877, 8880, 8902, 8917, 8943, 8947, 8951, 9043, 9047, 9051, 9252, 9279, 9273, 9250, 9257, 9039, 9038, 9011, 9008, 9003, 9002, 9065, 9061, 8641, 8636, 8644, 8625, 8619, 8616, 8602, 8590, 8557, 8556, 8540, 8539, 8533, 8511, 8517, 8516, 8489, 8491, 8274, 8271, 8265, 8017, 8025, 8022, 7990, 7984, 7981, 7983, 7982, 8054, 8051, 8057, 8071, 8079, 8082, 8081, 8080, 8066, 8065, 8064, 7953, 7951, 7954, 7952, 7944, 7943, 7929, 7942, 7966, 7968, 7965, 7970, 7126, 7327, 7128, 7127, 7324, 7319, 7317, 7114, 7130, 7132, 7137, 7209, 7212, 7213, 7440, 7434, 7436, 7469, 7471, 7481, 7482, 7486, 7315, 7540, 7546, 7560, 7574, 7575, 7592, 7593, 1919, 1922, 1926, 1952, 2132, 2136, 2162, 2165, 2182, 2184, 2186, 2421, 2205, 2450, 2451, 2369, 2375, 2399, 2401, 2406, 2729, 2715]",0.035853999987011775,success,,104.7723067691564,115.30869914561582,7.2687061041652585,2.3769784304606056,30.600000000000005,8.999928279109415
stl_midamerica_to_st_louis_union_station_2026-03-09_0029,midamerica_to_st_louis_union_station,MidAmerica to St. Louis Union Station,MidAmerica St. Louis Airport,St. Louis Union Station,38.5451731,-89.8351856,38.629167,-90.2075,2026-03-09,March 9th - Monday,w_0029,0.0,0.2,0.7,0.1,127,"[8877, 8880, 8902, 8917, 8943, 8947, 8951, 9043, 9047, 9051, 9252, 9279, 9273, 9250, 9257, 9039, 9038, 9011, 9008, 9003, 9002, 9065, 9061, 8641, 8636, 8644, 8625, 8619, 8616, 8602, 8590, 8557, 8556, 8540, 8539, 8533, 8511, 8517, 8516, 8489, 8491, 8274, 8271, 8265, 8017, 8025, 8022, 7990, 7984, 7981, 7983, 7982, 8054, 8051, 8057, 8071, 8079, 8082, 8081, 8080, 8066, 8065, 8064, 7953, 7951, 7954, 7952, 7944, 7943, 7929, 7942, 7966, 7968, 7965, 7970, 7126, 7327, 7128, 7127, 7324, 7319, 7317, 7114, 7130, 7132, 7137, 7209, 7212, 7213, 7440, 7434, 7436, 7469, 7471, 7481, 7482, 7486, 7315, 7540, 7546, 7560, 7574, 7575, 7592, 7593, 1919, 1922, 1926, 1952, 2132, 2136, 2162, 2165, 2182, 2184, 2186, 2421, 2205, 2450, 2451, 2369, 2375, 2399, 2401, 2406, 2729, 2715]",0.031470099987927824,success,,104.7723067691564,115.30869914561582,7.2687061041652585,2.3769784304606056,30.600000000000005,6.177626122155476
stl_midamerica_to_st_louis_union_station_2026-03-09_0030,midamerica_to_st_louis_union_station,MidAmerica to St. Louis Union Station,MidAmerica St. Louis Airport,St. Louis Union Station,38.5451731,-89.8351856,38.629167,-90.2075,2026-03-09,March 9th - Monday,w_0030,0.0,0.2,0.8,0.0,99,"[8877, 8874, 8860, 8749, 8743, 8718, 8717, 8803, 8787, 8782, 8759, 8352, 8351, 8347, 8333, 8320, 8317, 8284, 8291, 8285, 8041, 8036, 8100, 8075, 8072, 8071, 8079, 8082, 8081, 8080, 8066, 8065, 8064, 7953, 7951, 7954, 7952, 7944, 7943, 7929, 7942, 7966, 7968, 7965, 7970, 7126, 7327, 7128, 7127, 7324, 7319, 7317, 7114, 7130, 7132, 7137, 7209, 7212, 7213, 7440, 7434, 7436, 7469, 7471, 7481, 7480, 7483, 7311, 7316, 7538, 7541, 7534, 7567, 7573, 7576, 7600, 7605, 1918, 1925, 2114, 2130, 2134, 2135, 2144, 2165, 2182, 2184, 2186, 2421, 2205, 2450, 2451, 2369, 2375, 2399, 2401, 2406, 2729, 2715]",0.030022099992493168,success,,81.40153197217248,89.58765011113292,6.937804778103999,2.1215686756825565,33.6,3.0848158961668455
stl_midamerica_to_st_louis_union_station_2026-03-09_0031,midamerica_to_st_louis_union_station,MidAmerica to St. Louis Union Station,MidAmerica St. Louis Airport,St. Louis Union Station,38.5451731,-89.8351856,38.629167,-90.2075,2026-03-09,March 9th - Monday,w_0031,0.0,0.3,0.0,0.7,89,"[8877, 8880, 8902, 8917, 8943, 8947, 8951, 9043, 9047, 9051, 9252, 9279, 9280, 9292, 9316, 9320, 9447, 9470, 9473, 9498, 9488, 9463, 9459, 9461, 9457, 9481, 9485, 9487, 10502, 10504, 10508, 10823, 10833, 10832, 10501, 10817, 10815, 10816, 10814, 10597, 10598, 10599, 10596, 10591, 10602, 10603, 10604, 10913, 10914, 10580, 10399, 10392, 10369, 10366, 10372, 10360, 10356, 10352, 10326, 10328, 10322, 10191, 2273, 2272, 2271, 2285, 2283, 2508, 2286, 2298, 2300, 2301, 2307, 2495, 2820, 2823, 2827, 2849, 2834, 2832, 2829, 2817, 2858, 2863, 2763, 2762, 2737, 2732, 2715]",0.03674660000251606,success,,71.94365013816504,79.17863951871364,10.13600093372973,21.211617155430492,21.600000000000012,18.160800280118927
stl_midamerica_to_st_louis_union_station_2026-03-09_0032,midamerica_to_st_louis_union_station,MidAmerica to St. Louis Union Station,MidAmerica St. Louis Airport,St. Louis Union Station,38.5451731,-89.8351856,38.629167,-90.2075,2026-03-09,March 9th - Monday,w_0032,0.0,0.3,0.1,0.6,144,"[8877, 8880, 8902, 8917, 8943, 8947, 8951, 9043, 9047, 9051, 9252, 9279, 9273, 9250, 9257, 9039, 9038, 9011, 9008, 9003, 9002, 9065, 9061, 8641, 8636, 8644, 8625, 8619, 8616, 8602, 8590, 8557, 8556, 8540, 8539, 8533, 8511, 8517, 8516, 8489, 8491, 8274, 8271, 8265, 8017, 8025, 8022, 7990, 7984, 7981, 7983, 7982, 8054, 8051, 8057, 8071, 8079, 8082, 8081, 8080, 8066, 8065, 8064, 7953, 7951, 7954, 7952, 7944, 7943, 7929, 7942, 7966, 7968, 7965, 7970, 7126, 7327, 7128, 7127, 7324, 7319, 7317, 7114, 7130, 7132, 7137, 7209, 7212, 7213, 7440, 7434, 7436, 7469, 7471, 7481, 7484, 7485, 7510, 7539, 7544, 7559, 7562, 7587, 7590, 7594, 1908, 1915, 1917, 1934, 1947, 1960, 1963, 1966, 2211, 1997, 2221, 2223, 2227, 2252, 2254, 2281, 2283, 2508, 2286, 2298, 2300, 2301, 2307, 2495, 2820, 2823, 2827, 2849, 2848, 2835, 2837, 2859, 2858, 2863, 2767, 2762, 2737, 2732, 2715]",0.0372164000000339,success,,116.4535032675385,128.16461130626402,11.14272217622164,8.977762169513017,21.600000000000012,17.2005928698178
stl_midamerica_to_st_louis_union_station_2026-03-09_0033,midamerica_to_st_louis_union_station,MidAmerica to St. Louis Union Station,MidAmerica St. Louis Airport,St. Louis Union Station,38.5451731,-89.8351856,38.629167,-90.2075,2026-03-09,March 9th - Monday,w_0033,0.0,0.3,0.2,0.5,144,"[8877, 8880, 8902, 8917, 8943, 8947, 8951, 9043, 9047, 9051, 9252, 9279, 9273, 9250, 9257, 9039, 9038, 9011, 9008, 9003, 9002, 9065, 9061, 8641, 8636, 8644, 8625, 8619, 8616, 8602, 8590, 8557, 8556, 8540, 8539, 8533, 8511, 8517, 8516, 8489, 8491, 8274, 8271, 8265, 8017, 8025, 8022, 7990, 7984, 7981, 7983, 7982, 8054, 8051, 8057, 8071, 8079, 8082, 8081, 8080, 8066, 8065, 8064, 7953, 7951, 7954, 7952, 7944, 7943, 7929, 7942, 7966, 7968, 7965, 7970, 7126, 7327, 7128, 7127, 7324, 7319, 7317, 7114, 7130, 7132, 7137, 7209, 7212, 7213, 7440, 7434, 7436, 7469, 7471, 7481, 7484, 7485, 7510, 7539, 7544, 7559, 7562, 7587, 7590, 7594, 1908, 1915, 1917, 1934, 1947, 1960, 1963, 1966, 2211, 1997, 2215, 2239, 2241, 2253, 2256, 2281, 2283, 2508, 2286, 2298, 2300, 2301, 2307, 2495, 2820, 2823, 2827, 2836, 2830, 2835, 2837, 2859, 2858, 2863, 2763, 2758, 2733, 2729, 2715]",0.03787100000772625,success,,117.51386742551543,129.33161063506904,12.373565197941799,6.22746965874239,21.600000000000012,15.757563491131023
stl_midamerica_to_st_louis_union_station_2026-03-09_0034,midamerica_to_st_louis_union_station,MidAmerica to St. Louis Union Station,MidAmerica St. Louis Airport,St. Louis Union Station,38.5451731,-89.8351856,38.629167,-90.2075,2026-03-09,March 9th - Monday,w_0034,0.0,0.3,0.3,0.4,145,"[8877, 8880, 8902, 8917, 8943, 8947, 8951, 9043, 9047, 9051, 9252, 9279, 9273, 9250, 9257, 9039, 9038, 9011, 9008, 9003, 9002, 9065, 9061, 8641, 8636, 8644, 8625, 8619, 8616, 8602, 8590, 8557, 8556, 8540, 8539, 8533, 8511, 8517, 8516, 8489, 8491, 8274, 8271, 8265, 8017, 8025, 8022, 7990, 7984, 7981, 7983, 7982, 8054, 8051, 8057, 8071, 8079, 8082, 8081, 8080, 8066, 8065, 8064, 7953, 7951, 7954, 7952, 7944, 7943, 7929, 7942, 7966, 7968, 7965, 7970, 7126, 7327, 7128, 7127, 7324, 7319, 7317, 7114, 7130, 7132, 7137, 7209, 7212, 7213, 7440, 7434, 7436, 7469, 7471, 7481, 7484, 7485, 7510, 7539, 7544, 7559, 7562, 7587, 7590, 7594, 1908, 1915, 1917, 1934, 1947, 1960, 1963, 1966, 2211, 1997, 2215, 2239, 2241, 2253, 2256, 2281, 2283, 2508, 2513, 2516, 2530, 2534, 2559, 2558, 2840, 2842, 2838, 2827, 2836, 2830, 2835, 2837, 2859, 2858, 2863, 2763, 2758, 2733, 2729, 2715]",0.03658859999268316,success,,118.42278716378732,130.33193558619206,12.166245157064333,5.300311371308452,22.200000000000014,14.119966958511842
stl_midamerica_to_st_louis_union_station_2026-03-09_0035,midamerica_to_st_louis_union_station,MidAmerica to St. Louis Union Station,MidAmerica St. Louis Airport,St. Louis Union Station,38.5451731,-89.8351856,38.629167,-90.2075,2026-03-09,March 9th - Monday,w_0035,0.0,0.3,0.4,0.3,126,"[8877, 8880, 8902, 8917, 8943, 8947, 8951, 9043, 9047, 9051, 9252, 9279, 9273, 9250, 9257, 9039, 9038, 9011, 9008, 9003, 9002, 9065, 9061, 8641, 8636, 8644, 8625, 8619, 8616, 8602, 8590, 8557, 8556, 8540, 8539, 8533, 8511, 8517, 8516, 8489, 8491, 8274, 8271, 8265, 8017, 8025, 8022, 7990, 7984, 7981, 7983, 7982, 8054, 8051, 8057, 8071, 8079, 8082, 8081, 8080, 8066, 8065, 8064, 7953, 7951, 7954, 7952, 7944, 7943, 7929, 7942, 7966, 7968, 7965, 7970, 7126, 7327, 7128, 7127, 7324, 7319, 7317, 7114, 7130, 7132, 7137, 7209, 7212, 7213, 7440, 7434, 7436, 7469, 7471, 7481, 7482, 7486, 7315, 7540, 7546, 7560, 7574, 7575, 7592, 7593, 1919, 1922, 1926, 1952, 2132, 2136, 2162, 2165, 2182, 2184, 2186, 2421, 2205, 2450, 2451, 2369, 2375, 2399, 2401, 2404, 2715]",0.035574200010159984,success,,104.3973083793113,114.89598916672787,6.26860085208653,3.140660333747685,30.000000000000004,12.136844389125033
stl_midamerica_to_st_louis_union_station_2026-03-09_0036,midamerica_to_st_louis_union_station,MidAmerica to St. Louis Union Station,MidAmerica St. Louis Airport,St. Louis Union Station,38.5451731,-89.8351856,38.629167,-90.2075,2026-03-09,March 9th - Monday,w_0036,0.0,0.3,0.5,0.2,126,"[8877, 8880, 8902, 8917, 8943, 8947, 8951, 9043, 9047, 9051, 9252, 9279, 9273, 9250, 9257, 9039, 9038, 9011, 9008, 9003, 9002, 9065, 9061, 8641, 8636, 8644, 8625, 8619, 8616, 8602, 8590, 8557, 8556, 8540, 8539, 8533, 8511, 8517, 8516, 8489, 8491, 8274, 8271, 8265, 8017, 8025, 8022, 7990, 7984, 7981, 7983, 7982, 8054, 8051, 8057, 8071, 8079, 8082, 8081, 8080, 8066, 8065, 8064, 7953, 7951, 7954, 7952, 7944, 7943, 7929, 7942, 7966, 7968, 7965, 7970, 7126, 7327, 7128, 7127, 7324, 7319, 7317, 7114, 7130, 7132, 7137, 7209, 7212, 7213, 7440, 7434, 7436, 7469, 7471, 7481, 7482, 7486, 7315, 7540, 7546, 7560, 7574, 7575, 7592, 7593, 1919, 1922, 1926, 1952, 2132, 2136, 2162, 2165, 2182, 2184, 2186, 2421, 2205, 2450, 2451, 2369, 2375, 2399, 2401, 2404, 2715]",0.034628900000825524,success,,104.3973083793113,114.89598916672787,6.26860085208653,3.140660333747685,30.000000000000004,9.450910422499803
stl_midamerica_to_st_louis_union_station_2026-03-09_0037,midamerica_to_st_louis_union_station,MidAmerica to St. Louis Union Station,MidAmerica St. Louis Airport,St. Louis Union Station,38.5451731,-89.8351856,38.629167,-90.2075,2026-03-09,March 9th - Monday,w_0037,0.0,0.3,0.6,0.1,127,"[8877, 8880, 8902, 8917, 8943, 8947, 8951, 9043, 9047, 9051, 9252, 9279, 9273, 9250, 9257, 9039, 9038, 9011, 9008, 9003, 9002, 9065, 9061, 8641, 8636, 8644, 8625, 8619, 8616, 8602, 8590, 8557, 8556, 8540, 8539, 8533, 8511, 8517, 8516, 8489, 8491, 8274, 8271, 8265, 8017, 8025, 8022, 7990, 7984, 7981, 7983, 7982, 8054, 8051, 8057, 8071, 8079, 8082, 8081, 8080, 8066, 8065, 8064, 7953, 7951, 7954, 7952, 7944, 7943, 7929, 7942, 7966, 7968, 7965, 7970, 7126, 7327, 7128, 7127, 7324, 7319, 7317, 7114, 7130, 7132, 7137, 7209, 7212, 7213, 7440, 7434, 7436, 7469, 7471, 7481, 7482, 7486, 7315, 7540, 7546, 7560, 7574, 7575, 7592, 7593, 1919, 1922, 1926, 1952, 2132, 2136, 2162, 2165, 2182, 2184, 2186, 2421, 2205, 2450, 2451, 2369, 2375, 2399, 2401, 2406, 2729, 2715]",0.03205049998359755,success,,104.7723067691564,115.30869914561582,7.2687061041652585,2.3769784304606056,30.600000000000005,6.666798889525941
stl_midamerica_to_st_louis_union_station_2026-03-09_0038,midamerica_to_st_louis_union_station,MidAmerica to St. Louis Union Station,MidAmerica St. Louis Airport,St. Louis Union Station,38.5451731,-89.8351856,38.629167,-90.2075,2026-03-09,March 9th - Monday,w_0038,0.0,0.3,0.7,0.0,99,"[8877, 8874, 8860, 8749, 8743, 8718, 8717, 8803, 8787, 8782, 8759, 8352, 8351, 8347, 8333, 8320, 8317, 8284, 8291, 8285, 8041, 8036, 8100, 8075, 8072, 8071, 8079, 8082, 8081, 8080, 8066, 8065, 8064, 7953, 7951, 7954, 7952, 7944, 7943, 7929, 7942, 7966, 7968, 7965, 7970, 7126, 7327, 7128, 7127, 7324, 7319, 7317, 7114, 7130, 7132, 7137, 7209, 7212, 7213, 7440, 7434, 7436, 7469, 7471, 7481, 7480, 7483, 7311, 7316, 7538, 7541, 7534, 7567, 7573, 7576, 7600, 7605, 1918, 1925, 2114, 2130, 2134, 2135, 2144, 2165, 2182, 2184, 2186, 2421, 2205, 2450, 2451, 2369, 2375, 2399, 2401, 2406, 2729, 2715]",0.030775299994274974,success,,81.40153197217248,89.58765011113292,6.937804778103999,2.1215686756825565,33.6,3.566439506408989
stl_midamerica_to_st_louis_union_station_2026-03-09_0039,midamerica_to_st_louis_union_station,MidAmerica to St. Louis Union Station,MidAmerica St. Louis Airport,St. Louis Union Station,38.5451731,-89.8351856,38.629167,-90.2075,2026-03-09,March 9th - Monday,w_0039,0.0,0.4,0.0,0.6,89,"[8877, 8880, 8902, 8917, 8943, 8947, 8951, 9043, 9047, 9051, 9252, 9279, 9280, 9292, 9316, 9320, 9447, 9470, 9473, 9498, 9488, 9463, 9459, 9461, 9457, 9481, 9485, 9487, 10502, 10504, 10508, 10823, 10833, 10832, 10501, 10817, 10815, 10816, 10814, 10597, 10598, 10599, 10596, 10591, 10602, 10603, 10604, 10913, 10914, 10580, 10399, 10392, 10369, 10366, 10372, 10360, 10356, 10352, 10326, 10328, 10322, 10191, 2273, 2272, 2271, 2285, 2283, 2508, 2286, 2298, 2300, 2301, 2307, 2495, 2820, 2823, 2827, 2849, 2834, 2832, 2829, 2817, 2858, 2863, 2763, 2762, 2737, 2732, 2715]",0.03576279999106191,success,,71.94365013816504,79.17863951871364,10.13600093372973,21.211617155430492,21.600000000000012,17.0144003734919
stl_midamerica_to_st_louis_union_station_2026-03-09_0040,midamerica_to_st_louis_union_station,MidAmerica to St. Louis Union Station,MidAmerica St. Louis Airport,St. Louis Union Station,38.5451731,-89.8351856,38.629167,-90.2075,2026-03-09,March 9th - Monday,w_0040,0.0,0.4,0.1,0.5,89,"[8877, 8880, 8902, 8917, 8943, 8947, 8951, 9043, 9047, 9051, 9252, 9279, 9280, 9292, 9316, 9320, 9447, 9470, 9473, 9498, 9488, 9463, 9459, 9461, 9457, 9481, 9485, 9487, 10502, 10504, 10508, 10823, 10833, 10834, 10501, 10817, 10815, 10816, 10818, 10924, 10931, 10929, 10926, 10605, 10606, 10611, 10608, 10913, 10579, 10576, 10395, 10368, 10365, 10362, 10359, 10353, 10208, 10205, 10323, 10328, 10322, 10327, 2548, 2550, 2525, 2514, 2512, 2513, 2286, 2298, 2300, 2301, 2307, 2495, 2820, 2823, 2827, 2849, 2848, 2835, 2837, 2859, 2858, 2863, 2767, 2762, 2737, 2732, 2715]",0.03776439998182468,success,,75.1443269341045,82.70119131800244,10.301656955135906,12.121465358265066,21.600000000000012,16.132809317880877
stl_midamerica_to_st_louis_union_station_2026-03-09_0041,midamerica_to_st_louis_union_station,MidAmerica to St. Louis Union Station,MidAmerica St. Louis Airport,St. Louis Union Station,38.5451731,-89.8351856,38.629167,-90.2075,2026-03-09,March 9th - Monday,w_0041,0.0,0.4,0.2,0.4,160,"[8877, 8880, 8902, 8917, 8943, 8947, 8951, 9043, 9047, 9051, 9252, 9279, 9303, 9304, 9309, 9334, 9339, 9342, 9549, 9554, 9557, 9571, 9588, 9610, 9596, 9618, 11825, 11830, 11844, 11847, 11851, 11885, 11891, 12094, 12100, 11987, 12208, 12142, 12216, 12150, 12235, 12177, 12241, 12258, 12259, 12263, 12591, 12545, 12596, 12553, 12615, 12618, 13350, 13352, 13354, 13359, 13374, 13390, 13392, 13395, 13699, 13701, 13728, 13729, 13633, 13658, 13664, 13678, 13859, 13863, 13882, 13865, 13868, 13869, 13870, 13265, 13234, 13232, 13229, 13212, 13209, 13213, 13208, 13217, 13171, 13172, 13170, 13089, 13092, 13090, 13106, 13109, 13113, 13108, 13117, 13103, 13097, 13073, 12971, 12744, 12969, 12985, 12950, 12946, 12723, 12720, 12704, 12701, 12693, 12689, 12685, 11510, 11508, 11503, 11480, 11487, 11471, 11468, 11464, 11430, 11426, 11422, 11206, 11204, 11171, 11165, 11161, 11157, 11153, 11019, 11015, 10789, 10785, 10783, 10760, 10753, 10739, 10763, 10719, 10718, 10722, 2597, 2592, 2591, 2844, 2842, 2838, 2827, 2849, 2848, 2835, 2837, 2859, 2858, 2863, 2763, 2758, 2733, 2729, 2715]",0.04024490001029335,success,,131.87368069612057,145.13551377767774,9.21073532443754,5.0655395078863945,25.20000000000002,14.777402031352304
stl_midamerica_to_st_louis_union_station_2026-03-09_0042,midamerica_to_st_louis_union_station,MidAmerica to St. Louis Union Station,MidAmerica St. Louis Airport,St. Louis Union Station,38.5451731,-89.8351856,38.629167,-90.2075,2026-03-09,March 9th - Monday,w_0042,0.0,0.4,0.3,0.3,126,"[8877, 8880, 8902, 8917, 8943, 8947, 8951, 9043, 9047, 9051, 9252, 9279, 9273, 9250, 9257, 9039, 9038, 9011, 9008, 9003, 9002, 9065, 9061, 8641, 8636, 8644, 8625, 8619, 8616, 8602, 8590, 8557, 8556, 8540, 8539, 8533, 8511, 8517, 8516, 8489, 8491, 8274, 8271, 8265, 8017, 8025, 8022, 7990, 7984, 7981, 7983, 7982, 8054, 8051, 8057, 8071, 8079, 8082, 8081, 8080, 8066, 8065, 8064, 7953, 7951, 7954, 7952, 7944, 7943, 7929, 7942, 7966, 7968, 7965, 7970, 7126, 7327, 7128, 7127, 7324, 7319, 7317, 7114, 7130, 7132, 7137, 7209, 7212, 7213, 7440, 7434, 7436, 7469, 7471, 7481, 7482, 7486, 7315, 7540, 7546, 7560, 7574, 7575, 7592, 7593, 1919, 1922, 1926, 1952, 2132, 2136, 2162, 2165, 2182, 2184, 2186, 2421, 2205, 2450, 2451, 2369, 2375, 2399, 2401, 2404, 2715]",0.0369582999846898,success,,104.3973083793113,114.89598916672787,6.26860085208653,3.140660333747685,30.000000000000004,12.449638440958918
stl_midamerica_to_st_louis_union_station_2026-03-09_0043,midamerica_to_st_louis_union_station,MidAmerica to St. Louis Union Station,MidAmerica St. Louis Airport,St. Louis Union Station,38.5451731,-89.8351856,38.629167,-90.2075,2026-03-09,March 9th - Monday,w_0043,0.0,0.4,0.4,0.2,126,"[8877, 8880, 8902, 8917, 8943, 8947, 8951, 9043, 9047, 9051, 9252, 9279, 9273, 9250, 9257, 9039, 9038, 9011, 9008, 9003, 9002, 9065, 9061, 8641, 8636, 8644, 8625, 8619, 8616, 8602, 8590, 8557, 8556, 8540, 8539, 8533, 8511, 8517, 8516, 8489, 8491, 8274, 8271, 8265, 8017, 8025, 8022, 7990, 7984, 7981, 7983, 7982, 8054, 8051, 8057, 8071, 8079, 8082, 8081, 8080, 8066, 8065, 8064, 7953, 7951, 7954, 7952, 7944, 7943, 7929, 7942, 7966, 7968, 7965, 7970, 7126, 7327, 7128, 7127, 7324, 7319, 7317, 7114, 7130, 7132, 7137, 7209, 7212, 7213, 7440, 7434, 7436, 7469, 7471, 7481, 7482, 7486, 7315, 7540, 7546, 7560, 7574, 7575, 7592, 7593, 1919, 1922, 1926, 1952, 2132, 2136, 2162, 2165, 2182, 2184, 2186, 2421, 2205, 2450, 2451, 2369, 2375, 2399, 2401, 2404, 2715]",0.035442100022919476,success,,104.3973083793113,114.89598916672787,6.26860085208653,3.140660333747685,30.000000000000004,9.763704474333688
stl_midamerica_to_st_louis_union_station_2026-03-09_0044,midamerica_to_st_louis_union_station,MidAmerica to St. Louis Union Station,MidAmerica St. Louis Airport,St. Louis Union Station,38.5451731,-89.8351856,38.629167,-90.2075,2026-03-09,March 9th - Monday,w_0044,0.0,0.4,0.5,0.1,96,"[8877, 8874, 8860, 8749, 8743, 8718, 8717, 8803, 8787, 8782, 8759, 8352, 8351, 8347, 8333, 8320, 8317, 8284, 8291, 8285, 8041, 8036, 8100, 8075, 8072, 8071, 8079, 8082, 8081, 8080, 8066, 8065, 8064, 7953, 7951, 7954, 7952, 7944, 7943, 7929, 7942, 7966, 7968, 7965, 7970, 7126, 7327, 7128, 7127, 7324, 7319, 7317, 7114, 7130, 7132, 7137, 7209, 7212, 7213, 7440, 7434, 7436, 7469, 7471, 7481, 7482, 7486, 7315, 7540, 7546, 7560, 7574, 7575, 7592, 7593, 1919, 1922, 1926, 1952, 2132, 2136, 2162, 2165, 2182, 2184, 2186, 2421, 2205, 2450, 2451, 2369, 2375, 2399, 2401, 2404, 2715]",0.03334389999508858,success,,79.7511217034939,87.77126687966319,6.006671743621995,3.140660333747685,31.000000000000004,7.072998864322641
stl_midamerica_to_st_louis_union_station_2026-03-09_0045,midamerica_to_st_louis_union_station,MidAmerica to St. Louis Union Station,MidAmerica St. Louis Airport,St. Louis Union Station,38.5451731,-89.8351856,38.629167,-90.2075,2026-03-09,March 9th - Monday,w_0045,0.0,0.4,0.6,0.0,99,"[8877, 8874, 8860, 8749, 8743, 8718, 8717, 8803, 8787, 8782, 8759, 8352, 8351, 8347, 8333, 8320, 8317, 8284, 8291, 8285, 8041, 8036, 8100, 8075, 8072, 8071, 8079, 8082, 8081, 8080, 8066, 8065, 8064, 7953, 7951, 7954, 7952, 7944, 7943, 7929, 7942, 7966, 7968, 7965, 7970, 7126, 7327, 7128, 7127, 7324, 7319, 7317, 7114, 7130, 7132, 7137, 7209, 7212, 7213, 7440, 7434, 7436, 7469, 7471, 7481, 7480, 7483, 7311, 7316, 7538, 7541, 7534, 7567, 7573, 7576, 7600, 7605, 1918, 1925, 2114, 2130, 2134, 2135, 2144, 2165, 2182, 2184, 2186, 2421, 2205, 2450, 2451, 2369, 2375, 2399, 2401, 2406, 2729, 2715]",0.03059680000296794,success,,81.40153197217248,89.58765011113292,6.937804778103999,2.1215686756825565,33.6,4.048063116651134
stl_midamerica_to_st_louis_union_station_2026-03-09_0046,midamerica_to_st_louis_union_station,MidAmerica to St. Louis Union Station,MidAmerica St. Louis Airport,St. Louis Union Station,38.5451731,-89.8351856,38.629167,-90.2075,2026-03-09,March 9th - Monday,w_0046,0.0,0.5,0.0,0.5,89,"[8877, 8880, 8902, 8917, 8943, 8947, 8951, 9043, 9047, 9051, 9252, 9279, 9280, 9292, 9316, 9320, 9447, 9470, 9473, 9498, 9488, 9463, 9459, 9461, 9457, 9481, 9485, 9487, 10502, 10504, 10508, 10823, 10833, 10832, 10501, 10817, 10815, 10816, 10814, 10597, 10598, 10599, 10596, 10591, 10602, 10603, 10604, 10913, 10914, 10580, 10399, 10392, 10369, 10366, 10372, 10360, 10356, 10352, 10326, 10328, 10322, 10191, 2273, 2272, 2271, 2285, 2283, 2508, 2286, 2298, 2300, 2301, 2307, 2495, 2820, 2823, 2827, 2849, 2834, 2832, 2829, 2817, 2858, 2863, 2763, 2762, 2737, 2732, 2715]",0.03609770000912249,success,,71.94365013816504,79.17863951871364,10.13600093372973,21.211617155430492,21.600000000000012,15.86800046686487
stl_midamerica_to_st_louis_union_station_2026-03-09_0047,midamerica_to_st_louis_union_station,MidAmerica to St. Louis Union Station,MidAmerica St. Louis Airport,St. Louis Union Station,38.5451731,-89.8351856,38.629167,-90.2075,2026-03-09,March 9th - Monday,w_0047,0.0,0.5,0.1,0.4,89,"[8877, 8880, 8902, 8917, 8943, 8947, 8951, 9043, 9047, 9051, 9252, 9279, 9280, 9292, 9316, 9320, 9447, 9470, 9473, 9498, 9488, 9463, 9459, 9461, 9457, 9481, 9485, 9487, 10502, 10504, 10508, 10823, 10833, 10834, 10501, 10817, 10815, 10816, 10818, 10924, 10931, 10929, 10926, 10605, 10606, 10611, 10608, 10913, 10579, 10576, 10395, 10368, 10365, 10362, 10372, 10374, 10379, 10614, 10407, 10410, 10644, 10408, 2604, 2605, 2602, 2575, 2587, 10714, 10713, 10722, 2597, 2592, 2591, 2844, 2842, 2838, 2827, 2849, 2848, 2835, 2837, 2859, 2858, 2863, 2767, 2762, 2737, 2732, 2715]",0.03658179999911226,success,,74.08548374049886,81.5358659088477,8.484339541146877,10.472328288702386,24.000000000000018,14.889402599443684
stl_midamerica_to_st_louis_union_station_2026-03-09_0048,midamerica_to_st_louis_union_station,MidAmerica to St. Louis Union Station,MidAmerica St. Louis Airport,St. Louis Union Station,38.5451731,-89.8351856,38.629167,-90.2075,2026-03-09,March 9th - Monday,w_0048,0.0,0.5,0.2,0.3,126,"[8877, 8880, 8902, 8917, 8943, 8947, 8951, 9043, 9047, 9051, 9252, 9279, 9273, 9250, 9257, 9039, 9038, 9011, 9008, 9003, 9002, 9065, 9061, 8641, 8636, 8644, 8625, 8619, 8616, 8602, 8590, 8557, 8556, 8540, 8539, 8533, 8511, 8517, 8516, 8489, 8491, 8274, 8271, 8265, 8017, 8025, 8022, 7990, 7984, 7981, 7983, 7982, 8054, 8051, 8057, 8071, 8079, 8082, 8081, 8080, 8066, 8065, 8064, 7953, 7951, 7954, 7952, 7944, 7943, 7929, 7942, 7966, 7968, 7965, 7970, 7126, 7327, 7128, 7127, 7324, 7319, 7317, 7114, 7130, 7132, 7137, 7209, 7212, 7213, 7440, 7434, 7436, 7469, 7471, 7481, 7482, 7486, 7315, 7540, 7546, 7560, 7574, 7575, 7592, 7593, 1919, 1922, 1926, 1952, 2132, 2136, 2162, 2165, 2182, 2184, 2186, 2421, 2205, 2450, 2451, 2369, 2375, 2399, 2401, 2404, 2715]",0.036228799988748506,success,,104.3973083793113,114.89598916672787,6.26860085208653,3.140660333747685,30.000000000000004,12.762432492792803
stl_midamerica_to_st_louis_union_station_2026-03-09_0049,midamerica_to_st_louis_union_station,MidAmerica to St. Louis Union Station,MidAmerica St. Louis Airport,St. Louis Union Station,38.5451731,-89.8351856,38.629167,-90.2075,2026-03-09,March 9th - Monday,w_0049,0.0,0.5,0.3,0.2,126,"[8877, 8880, 8902, 8917, 8943, 8947, 8951, 9043, 9047, 9051, 9252, 9279, 9273, 9250, 9257, 9039, 9038, 9011, 9008, 9003, 9002, 9065, 9061, 8641, 8636, 8644, 8625, 8619, 8616, 8602, 8590, 8557, 8556, 8540, 8539, 8533, 8511, 8517, 8516, 8489, 8491, 8274, 8271, 8265, 8017, 8025, 8022, 7990, 7984, 7981, 7983, 7982, 8054, 8051, 8057, 8071, 8079, 8082, 8081, 8080, 8066, 8065, 8064, 7953, 7951, 7954, 7952, 7944, 7943, 7929, 7942, 7966, 7968, 7965, 7970, 7126, 7327, 7128, 7127, 7324, 7319, 7317, 7114, 7130, 7132, 7137, 7209, 7212, 7213, 7440, 7434, 7436, 7469, 7471, 7481, 7482, 7486, 7315, 7540, 7546, 7560, 7574, 7575, 7592, 7593, 1919, 1922, 1926, 1952, 2132, 2136, 2162, 2165, 2182, 2184, 2186, 2421, 2205, 2450, 2451, 2369, 2375, 2399, 2401, 2404, 2715]",0.03434939999715425,success,,104.3973083793113,114.89598916672787,6.26860085208653,3.140660333747685,30.000000000000004,10.076498526167573
stl_midamerica_to_st_louis_union_station_2026-03-09_0050,midamerica_to_st_louis_union_station,MidAmerica to St. Louis Union Station,MidAmerica St. Louis Airport,St. Louis Union Station,38.5451731,-89.8351856,38.629167,-90.2075,2026-03-09,March 9th - Monday,w_0050,0.0,0.5,0.4,0.1,96,"[8877, 8874, 8860, 8749, 8743, 8718, 8717, 8803, 8787, 8782, 8759, 8352, 8351, 8347, 8333, 8320, 8317, 8284, 8291, 8285, 8041, 8036, 8100, 8075, 8072, 8071, 8079, 8082, 8081, 8080, 8066, 8065, 8064, 7953, 7951, 7954, 7952, 7944, 7943, 7929, 7942, 7966, 7968, 7965, 7970, 7126, 7327, 7128, 7127, 7324, 7319, 7317, 7114, 7130, 7132, 7137, 7209, 7212, 7213, 7440, 7434, 7436, 7469, 7471, 7481, 7482, 7486, 7315, 7540, 7546, 7560, 7574, 7575, 7592, 7593, 1919, 1922, 1926, 1952, 2132, 2136, 2162, 2165, 2182, 2184, 2186, 2421, 2205, 2450, 2451, 2369, 2375, 2399, 2401, 2404, 2715]",0.03400300000794232,success,,79.7511217034939,87.77126687966319,6.006671743621995,3.140660333747685,31.000000000000004,7.359600005310072
stl_midamerica_to_st_louis_union_station_2026-03-09_0051,midamerica_to_st_louis_union_station,MidAmerica to St. Louis Union Station,MidAmerica St. Louis Airport,St. Louis Union Station,38.5451731,-89.8351856,38.629167,-90.2075,2026-03-09,March 9th - Monday,w_0051,0.0,0.5,0.5,0.0,98,"[8877, 8874, 8860, 8749, 8743, 8718, 8717, 8803, 8787, 8782, 8759, 8352, 8351, 8347, 8333, 8320, 8317, 8284, 8291, 8285, 8041, 8036, 8100, 8075, 8072, 8071, 8079, 8082, 8081, 8080, 8066, 8065, 8064, 7953, 7951, 7954, 7952, 7944, 7943, 7929, 7942, 7966, 7968, 7965, 7970, 7126, 7327, 7128, 7127, 7324, 7319, 7317, 7114, 7130, 7132, 7137, 7209, 7212, 7213, 7440, 7434, 7436, 7469, 7471, 7481, 7480, 7483, 7311, 7316, 7538, 7541, 7534, 7567, 7573, 7576, 7600, 7605, 1918, 1925, 2114, 2130, 2134, 2135, 2144, 2165, 2182, 2184, 2186, 2421, 2205, 2450, 2451, 2369, 2375, 2399, 2401, 2404, 2715]",0.0327957000117749,success,,81.02653358232739,89.17494013224497,5.93769952602527,2.885250578969636,33.0,4.411475052497453
stl_midamerica_to_st_louis_union_station_2026-03-09_0052,midamerica_to_st_louis_union_station,MidAmerica to St. Louis Union Station,MidAmerica St. Louis Airport,St. Louis Union Station,38.5451731,-89.8351856,38.629167,-90.2075,2026-03-09,March 9th - Monday,w_0052,0.0,0.6,0.0,0.4,89,"[8877, 8880, 8902, 8917, 8943, 8947, 8951, 9043, 9047, 9051, 9252, 9279, 9280, 9292, 9316, 9320, 9447, 9470, 9473, 9498, 9488, 9463, 9459, 9461, 9457, 9481, 9485, 9487, 10502, 10504, 10508, 10823, 10833, 10832, 10501, 10817, 10815, 10816, 10814, 10597, 10598, 10599, 10596, 10591, 10602, 10603, 10604, 10913, 10914, 10580, 10399, 10392, 10369, 10366, 10372, 10374, 10379, 10614, 10407, 10410, 10411, 10408, 2604, 2605, 2602, 2575, 2587, 10714, 10713, 10722, 2597, 10723, 2596, 2876, 2875, 2874, 2873, 2885, 2879, 2857, 2851, 2859, 2858, 2863, 2763, 2762, 2737, 2732, 2715]",0.03816600001300685,success,,70.35339602464116,77.42846202624496,8.310914275627539,15.405898633338605,24.000000000000018,14.586548565376532
stl_midamerica_to_st_louis_union_station_2026-03-09_0053,midamerica_to_st_louis_union_station,MidAmerica to St. Louis Union Station,MidAmerica St. Louis Airport,St. Louis Union Station,38.5451731,-89.8351856,38.629167,-90.2075,2026-03-09,March 9th - Monday,w_0053,0.0,0.6,0.1,0.3,126,"[8877, 8880, 8902, 8917, 8943, 8947, 8951, 9043, 9047, 9051, 9252, 9279, 9273, 9250, 9257, 9039, 9038, 9011, 9008, 9003, 9002, 9065, 9061, 8641, 8636, 8644, 8625, 8619, 8616, 8602, 8590, 8557, 8556, 8540, 8539, 8533, 8511, 8517, 8516, 8489, 8491, 8274, 8271, 8265, 8017, 8025, 8022, 7990, 7984, 7981, 7983, 7982, 8054, 8051, 8057, 8071, 8079, 8082, 8081, 8080, 8066, 8065, 8064, 7953, 7951, 7954, 7952, 7944, 7943, 7929, 7942, 7966, 7968, 7965, 7970, 7126, 7327, 7128, 7127, 7324, 7319, 7317, 7114, 7130, 7132, 7137, 7209, 7212, 7213, 7440, 7434, 7436, 7469, 7471, 7481, 7482, 7486, 7315, 7540, 7546, 7560, 7574, 7575, 7592, 7593, 1919, 1922, 1926, 1952, 2132, 2136, 2162, 2165, 2182, 2184, 2186, 2421, 2205, 2450, 2451, 2369, 2375, 2399, 2401, 2404, 2715]",0.03757149999728426,success,,104.3973083793113,114.89598916672787,6.26860085208653,3.140660333747685,30.000000000000004,13.075226544626688
stl_midamerica_to_st_louis_union_station_2026-03-09_0054,midamerica_to_st_louis_union_station,MidAmerica to St. Louis Union Station,MidAmerica St. Louis Airport,St. Louis Union Station,38.5451731,-89.8351856,38.629167,-90.2075,2026-03-09,March 9th - Monday,w_0054,0.0,0.6,0.2,0.2,126,"[8877, 8880, 8902, 8917, 8943, 8947, 8951, 9043, 9047, 9051, 9252, 9279, 9273, 9250, 9257, 9039, 9038, 9011, 9008, 9003, 9002, 9065, 9061, 8641, 8636, 8644, 8625, 8619, 8616, 8602, 8590, 8557, 8556, 8540, 8539, 8533, 8511, 8517, 8516, 8489, 8491, 8274, 8271, 8265, 8017, 8025, 8022, 7990, 7984, 7981, 7983, 7982, 8054, 8051, 8057, 8071, 8079, 8082, 8081, 8080, 8066, 8065, 8064, 7953, 7951, 7954, 7952, 7944, 7943, 7929, 7942, 7966, 7968, 7965, 7970, 7126, 7327, 7128, 7127, 7324, 7319, 7317, 7114, 7130, 7132, 7137, 7209, 7212, 7213, 7440, 7434, 7436, 7469, 7471, 7481, 7482, 7486, 7315, 7540, 7546, 7560, 7574, 7575, 7592, 7593, 1919, 1922, 1926, 1952, 2132, 2136, 2162, 2165, 2182, 2184, 2186, 2421, 2205, 2450, 2451, 2369, 2375, 2399, 2401, 2404, 2715]",0.03554680000524968,success,,104.3973083793113,114.89598916672787,6.26860085208653,3.140660333747685,30.000000000000004,10.389292578001456
stl_midamerica_to_st_louis_union_station_2026-03-09_0055,midamerica_to_st_louis_union_station,MidAmerica to St. Louis Union Station,MidAmerica St. Louis Airport,St. Louis Union Station,38.5451731,-89.8351856,38.629167,-90.2075,2026-03-09,March 9th - Monday,w_0055,0.0,0.6,0.3,0.1,96,"[8877, 8874, 8860, 8749, 8743, 8718, 8717, 8803, 8787, 8782, 8759, 8352, 8351, 8347, 8333, 8320, 8317, 8284, 8291, 8285, 8041, 8036, 8100, 8075, 8072, 8071, 8079, 8082, 8081, 8080, 8066, 8065, 8064, 7953, 7951, 7954, 7952, 7944, 7943, 7929, 7942, 7966, 7968, 7965, 7970, 7126, 7327, 7128, 7127, 7324, 7319, 7317, 7114, 7130, 7132, 7137, 7209, 7212, 7213, 7440, 7434, 7436, 7469, 7471, 7481, 7482, 7486, 7315, 7540, 7546, 7560, 7574, 7575, 7592, 7593, 1919, 1922, 1926, 1952, 2132, 2136, 2162, 2165, 2182, 2184, 2186, 2421, 2205, 2450, 2451, 2369, 2375, 2399, 2401, 2404, 2715]",0.03600580000784248,success,,79.7511217034939,87.77126687966319,6.006671743621995,3.140660333747685,31.000000000000004,7.646201146297503
stl_midamerica_to_st_louis_union_station_2026-03-09_0056,midamerica_to_st_louis_union_station,MidAmerica to St. Louis Union Station,MidAmerica St. Louis Airport,St. Louis Union Station,38.5451731,-89.8351856,38.629167,-90.2075,2026-03-09,March 9th - Monday,w_0056,0.0,0.6,0.4,0.0,98,"[8877, 8874, 8860, 8749, 8743, 8718, 8717, 8803, 8787, 8782, 8759, 8352, 8351, 8347, 8333, 8320, 8317, 8284, 8291, 8285, 8041, 8036, 8100, 8075, 8072, 8071, 8079, 8082, 8081, 8080, 8066, 8065, 8064, 7953, 7951, 7954, 7952, 7944, 7943, 7929, 7942, 7966, 7968, 7965, 7970, 7126, 7327, 7128, 7127, 7324, 7319, 7317, 7114, 7130, 7132, 7137, 7209, 7212, 7213, 7440, 7434, 7436, 7469, 7471, 7481, 7480, 7483, 7311, 7316, 7538, 7541, 7534, 7567, 7573, 7576, 7600, 7605, 1918, 1925, 2114, 2130, 2134, 2135, 2144, 2165, 2182, 2184, 2186, 2421, 2205, 2450, 2451, 2369, 2375, 2399, 2401, 2404, 2715]",0.03483000001870096,success,,81.02653358232739,89.17494013224497,5.93769952602527,2.885250578969636,33.0,4.716719947203016
stl_midamerica_to_st_louis_union_station_2026-03-09_0057,midamerica_to_st_louis_union_station,MidAmerica to St. Louis Union Station,MidAmerica St. Louis Airport,St. Louis Union Station,38.5451731,-89.8351856,38.629167,-90.2075,2026-03-09,March 9th - Monday,w_0057,0.0,0.7,0.0,0.3,89,"[8877, 8880, 8902, 8917, 8943, 8947, 8951, 9043, 9047, 9051, 9252, 9279, 9280, 9292, 9316, 9320, 9447, 9470, 9473, 9498, 9488, 9463, 9459, 9461, 9457, 9481, 9485, 9487, 10502, 10504, 10508, 10823, 10833, 10832, 10501, 10817, 10815, 10816, 10814, 10597, 10598, 10599, 10596, 10591, 10602, 10603, 10604, 10913, 10914, 10580, 10399, 10392, 10369, 10366, 10372, 10374, 10379, 10614, 10407, 10410, 10411, 10408, 2604, 2605, 2606, 2603, 10715, 10714, 10713, 10722, 2597, 10723, 2596, 2876, 2875, 2874, 2873, 2885, 2879, 2857, 2851, 2859, 2858, 2863, 2763, 2762, 2737, 2732, 2715]",0.03833169999415986,success,,69.28710506487343,76.25493986878739,8.047011152801048,15.682950783318482,24.60000000000002,13.012907806960738
stl_midamerica_to_st_louis_union_station_2026-03-09_0058,midamerica_to_st_louis_union_station,MidAmerica to St. Louis Union Station,MidAmerica St. Louis Airport,St. Louis Union Station,38.5451731,-89.8351856,38.629167,-90.2075,2026-03-09,March 9th - Monday,w_0058,0.0,0.7,0.1,0.2,126,"[8877, 8880, 8902, 8917, 8943, 8947, 8951, 9043, 9047, 9051, 9252, 9279, 9273, 9250, 9257, 9039, 9038, 9011, 9008, 9003, 9002, 9065, 9061, 8641, 8636, 8644, 8625, 8619, 8616, 8602, 8590, 8557, 8556, 8540, 8539, 8533, 8511, 8517, 8516, 8489, 8491, 8274, 8271, 8265, 8017, 8025, 8022, 7990, 7984, 7981, 7983, 7982, 8054, 8051, 8057, 8071, 8079, 8082, 8081, 8080, 8066, 8065, 8064, 7953, 7951, 7954, 7952, 7944, 7943, 7929, 7942, 7966, 7968, 7965, 7970, 7126, 7327, 7128, 7127, 7324, 7319, 7317, 7114, 7130, 7132, 7137, 7209, 7212, 7213, 7440, 7434, 7436, 7469, 7471, 7481, 7482, 7486, 7315, 7540, 7546, 7560, 7574, 7575, 7592, 7593, 1919, 1922, 1926, 1952, 2132, 2136, 2162, 2165, 2182, 2184, 2186, 2421, 2205, 2450, 2451, 2369, 2375, 2399, 2401, 2404, 2715]",0.03858560000662692,success,,104.3973083793113,114.89598916672787,6.26860085208653,3.140660333747685,30.000000000000004,10.702086629835339
stl_midamerica_to_st_louis_union_station_2026-03-09_0059,midamerica_to_st_louis_union_station,MidAmerica to St. Louis Union Station,MidAmerica St. Louis Airport,St. Louis Union Station,38.5451731,-89.8351856,38.629167,-90.2075,2026-03-09,March 9th - Monday,w_0059,0.0,0.7,0.2,0.1,96,"[8877, 8874, 8860, 8749, 8743, 8718, 8717, 8803, 8787, 8782, 8759, 8352, 8351, 8347, 8333, 8320, 8317, 8284, 8291, 8285, 8041, 8036, 8100, 8075, 8072, 8071, 8079, 8082, 8081, 8080, 8066, 8065, 8064, 7953, 7951, 7954, 7952, 7944, 7943, 7929, 7942, 7966, 7968, 7965, 7970, 7126, 7327, 7128, 7127, 7324, 7319, 7317, 7114, 7130, 7132, 7137, 7209, 7212, 7213, 7440, 7434, 7436, 7469, 7471, 7481, 7482, 7486, 7315, 7540, 7546, 7560, 7574, 7575, 7592, 7593, 1919, 1922, 1926, 1952, 2132, 2136, 2162, 2165, 2182, 2184, 2186, 2421, 2205, 2450, 2451, 2369, 2375, 2399, 2401, 2404, 2715]",0.03462999998009764,success,,79.7511217034939,87.77126687966319,6.006671743621995,3.140660333747685,31.000000000000004,7.932802287284934
stl_midamerica_to_st_louis_union_station_2026-03-09_0060,midamerica_to_st_louis_union_station,MidAmerica to St. Louis Union Station,MidAmerica St. Louis Airport,St. Louis Union Station,38.5451731,-89.8351856,38.629167,-90.2075,2026-03-09,March 9th - Monday,w_0060,0.0,0.7,0.3,0.0,98,"[8877, 8874, 8860, 8749, 8743, 8718, 8717, 8803, 8787, 8782, 8759, 8352, 8351, 8347, 8333, 8320, 8317, 8284, 8291, 8285, 8041, 8036, 8100, 8075, 8072, 8071, 8079, 8082, 8081, 8080, 8066, 8065, 8064, 7953, 7951, 7954, 7952, 7944, 7943, 7929, 7942, 7966, 7968, 7965, 7970, 7126, 7327, 7128, 7127, 7324, 7319, 7317, 7114, 7130, 7132, 7137, 7209, 7212, 7213, 7440, 7434, 7436, 7469, 7471, 7481, 7480, 7483, 7311, 7316, 7538, 7541, 7534, 7567, 7573, 7576, 7600, 7605, 1918, 1925, 2114, 2130, 2134, 2135, 2144, 2165, 2182, 2184, 2186, 2421, 2205, 2450, 2451, 2369, 2375, 2399, 2401, 2404, 2715]",0.034233400016091764,success,,81.02653358232739,89.17494013224497,5.93769952602527,2.885250578969636,33.0,5.02196484190858
stl_midamerica_to_st_louis_union_station_2026-03-09_0061,midamerica_to_st_louis_union_station,MidAmerica to St. Louis Union Station,MidAmerica St. Louis Airport,St. Louis Union Station,38.5451731,-89.8351856,38.629167,-90.2075,2026-03-09,March 9th - Monday,w_0061,0.0,0.8,0.0,0.2,96,"[8877, 8872, 8856, 8744, 8720, 8714, 8712, 8788, 8783, 8758, 8754, 8349, 8348, 8347, 8333, 8320, 8317, 8284, 8291, 8285, 8041, 8036, 8100, 8075, 8072, 8071, 8079, 8082, 8081, 8080, 8066, 8065, 8064, 7953, 7951, 7954, 7952, 7944, 7943, 7929, 7942, 7966, 7968, 7965, 7970, 7126, 7327, 7128, 7127, 7324, 7319, 7317, 7114, 7112, 7088, 7109, 7183, 7208, 7211, 7214, 7427, 7432, 7435, 7471, 7481, 7482, 7486, 7315, 7540, 7546, 7560, 7574, 7575, 7592, 7593, 1919, 1922, 1926, 1952, 2132, 2136, 2162, 2164, 2190, 2185, 2187, 2419, 2423, 2448, 2452, 2454, 2372, 2399, 2401, 2404, 2715]",0.03563859997666441,success,,80.28165246573795,88.35515029253756,6.000729620518303,6.703778071683968,30.000000000000004,10.800583696414645
stl_midamerica_to_st_louis_union_station_2026-03-09_0062,midamerica_to_st_louis_union_station,MidAmerica to St. Louis Union Station,MidAmerica St. Louis Airport,St. Louis Union Station,38.5451731,-89.8351856,38.629167,-90.2075,2026-03-09,March 9th - Monday,w_0062,0.0,0.8,0.1,0.1,96,"[8877, 8874, 8860, 8749, 8743, 8718, 8717, 8803, 8787, 8782, 8759, 8352, 8351, 8347, 8333, 8320, 8317, 8284, 8291, 8285, 8041, 8036, 8100, 8075, 8072, 8071, 8079, 8082, 8081, 8080, 8066, 8065, 8064, 7953, 7951, 7954, 7952, 7944, 7943, 7929, 7942, 7966, 7968, 7965, 7970, 7126, 7327, 7128, 7127, 7324, 7319, 7317, 7114, 7130, 7132, 7137, 7209, 7212, 7213, 7440, 7434, 7436, 7469, 7471, 7481, 7482, 7486, 7315, 7540, 7546, 7560, 7574, 7575, 7592, 7593, 1919, 1922, 1926, 1952, 2132, 2136, 2162, 2165, 2182, 2184, 2186, 2421, 2205, 2450, 2451, 2369, 2375, 2399, 2401, 2404, 2715]",0.035146100010024384,success,,79.7511217034939,87.77126687966319,6.006671743621995,3.140660333747685,31.000000000000004,8.219403428272365
stl_midamerica_to_st_louis_union_station_2026-03-09_0063,midamerica_to_st_louis_union_station,MidAmerica to St. Louis Union Station,MidAmerica St. Louis Airport,St. Louis Union Station,38.5451731,-89.8351856,38.629167,-90.2075,2026-03-09,March 9th - Monday,w_0063,0.0,0.8,0.2,0.0,98,"[8877, 8874, 8860, 8749, 8743, 8718, 8717, 8803, 8787, 8782, 8759, 8352, 8351, 8347, 8333, 8320, 8317, 8284, 8291, 8285, 8041, 8036, 8100, 8075, 8072, 8071, 8079, 8082, 8081, 8080, 8066, 8065, 8064, 7953, 7951, 7954, 7952, 7944, 7943, 7929, 7942, 7966, 7968, 7965, 7970, 7126, 7327, 7128, 7127, 7324, 7319, 7317, 7114, 7130, 7132, 7137, 7209, 7212, 7213, 7440, 7434, 7436, 7469, 7471, 7481, 7480, 7483, 7311, 7316, 7538, 7541, 7534, 7567, 7573, 7576, 7600, 7605, 1918, 1925, 2114, 2130, 2134, 2135, 2144, 2165, 2182, 2184, 2186, 2421, 2205, 2450, 2451, 2369, 2375, 2399, 2401, 2404, 2715]",0.03426699998090044,success,,81.02653358232739,89.17494013224497,5.93769952602527,2.885250578969636,33.0,5.327209736614143
stl_midamerica_to_st_louis_union_station_2026-03-09_0064,midamerica_to_st_louis_union_station,MidAmerica to St. Louis Union Station,MidAmerica St. Louis Airport,St. Louis Union Station,38.5451731,-89.8351856,38.629167,-90.2075,2026-03-09,March 9th - Monday,w_0064,0.0,0.9,0.0,0.1,97,"[8877, 8872, 8856, 8744, 8720, 8714, 8712, 8788, 8783, 8758, 8754, 8349, 8348, 8347, 8333, 8320, 8317, 8284, 8291, 8285, 8041, 8036, 8100, 8075, 8072, 8071, 8079, 8082, 8081, 8080, 8066, 8065, 8064, 7953, 7951, 7954, 7952, 7944, 7943, 7929, 7942, 7966, 7968, 7965, 7970, 7126, 7327, 7128, 7127, 7324, 7319, 7317, 7114, 7112, 7088, 7109, 7183, 7208, 7211, 7214, 7427, 7432, 7435, 7471, 7481, 7482, 7486, 7315, 7540, 7546, 7560, 7574, 7575, 7592, 7593, 1919, 1922, 1926, 1952, 2132, 2136, 2162, 2165, 2182, 2184, 2186, 2421, 2205, 2450, 2451, 2369, 2370, 2373, 2398, 2709, 2711, 2715]",0.03493619998334907,success,,81.18410160641125,89.34835393255467,5.892820790265594,6.7058417840366715,30.600000000000005,8.363538711239034
stl_midamerica_to_st_louis_union_station_2026-03-09_0065,midamerica_to_st_louis_union_station,MidAmerica to St. Louis Union Station,MidAmerica St. Louis Airport,St. Louis Union Station,38.5451731,-89.8351856,38.629167,-90.2075,2026-03-09,March 9th - Monday,w_0065,0.0,0.9,0.1,0.0,99,"[8877, 8874, 8860, 8749, 8743, 8718, 8717, 8803, 8787, 8782, 8759, 8352, 8351, 8347, 8333, 8320, 8317, 8284, 8291, 8285, 8041, 8036, 8100, 8075, 8072, 8071, 8079, 8082, 8081, 8080, 8066, 8065, 8064, 7953, 7951, 7954, 7952, 7944, 7943, 7929, 7942, 7966, 7968, 7965, 7970, 7126, 7327, 7128, 7127, 7324, 7319, 7317, 7114, 7130, 7132, 7137, 7209, 7212, 7213, 7440, 7434, 7436, 7469, 7471, 7481, 7480, 7483, 7311, 7316, 7538, 7541, 7534, 7567, 7573, 7576, 7600, 7605, 1918, 1925, 2114, 2130, 2134, 2135, 2144, 2165, 2182, 2184, 2186, 2421, 2205, 2450, 2451, 2369, 2370, 2373, 2398, 2709, 2711, 2715]",0.03520739998202771,success,,81.92911659312666,90.168291104993,5.754223982956395,4.505272640405133,33.6,5.6293288487012685
stl_midamerica_to_st_louis_union_station_2026-03-09_0066,midamerica_to_st_louis_union_station,MidAmerica to St. Louis Union Station,MidAmerica St. Louis Airport,St. Louis Union Station,38.5451731,-89.8351856,38.629167,-90.2075,2026-03-09,March 9th - Monday,w_0066,0.0,1.0,0.0,0.0,100,"[8877, 8874, 8860, 8749, 8743, 8718, 8717, 8803, 8787, 8782, 8759, 8352, 8351, 8347, 8333, 8320, 8317, 8284, 8291, 8285, 8041, 8036, 8100, 8075, 8072, 8071, 8079, 8082, 8081, 8080, 8066, 8065, 8064, 7953, 7951, 7954, 7952, 7944, 7943, 7929, 7942, 7966, 7968, 7965, 7970, 7126, 7327, 7128, 7127, 7324, 7319, 7317, 7114, 7112, 7088, 7109, 7183, 7208, 7211, 7214, 7427, 7432, 7435, 7471, 7481, 7480, 7479, 7309, 7313, 7538, 7541, 7534, 7567, 7573, 7576, 7600, 7605, 1918, 1925, 2114, 2130, 2134, 2158, 2162, 2164, 2190, 2185, 2187, 2419, 2423, 2448, 2452, 2454, 2369, 2370, 2373, 2398, 2709, 2711, 2715]",0.03731890002381988,success,,82.30749957466145,90.58472604591445,5.704396135456905,7.44107085432884,34.6,5.704396135456905
stl_midamerica_to_st_louis_union_station_2026-03-09_0067,midamerica_to_st_louis_union_station,MidAmerica to St. Louis Union Station,MidAmerica St. Louis Airport,St. Louis Union Station,38.5451731,-89.8351856,38.629167,-90.2075,2026-03-09,March 9th - Monday,w_0067,0.1,0.0,0.0,0.9,67,"[8877, 8876, 8892, 8897, 8899, 8926, 9788, 10013, 10014, 10036, 10052, 10054, 10061, 10051, 10049, 10048, 10050, 10253, 10252, 10241, 10240, 10248, 10246, 10247, 10245, 10231, 10230, 10262, 10150, 10148, 10149, 10151, 10161, 10159, 10158, 10160, 10166, 10168, 10167, 10169, 2247, 2269, 2268, 2257, 2256, 2254, 2279, 2293, 2296, 2301, 2303, 2491, 2492, 2818, 2496, 2507, 2506, 2828, 2505, 2809, 2811, 2810, 2728, 2730, 2731, 2729, 2715]",0.04217400000197813,success,,46.683328700980354,51.37802221113185,29.474393947782595,11.160766941646196,22.600000000000012,25.477802221113194
stl_midamerica_to_st_louis_union_station_2026-03-09_0068,midamerica_to_st_louis_union_station,MidAmerica to St. Louis Union Station,MidAmerica St. Louis Airport,St. Louis Union Station,38.5451731,-89.8351856,38.629167,-90.2075,2026-03-09,March 9th - Monday,w_0068,0.1,0.0,0.1,0.8,67,"[8877, 8876, 8892, 8897, 8899, 8926, 9788, 10013, 10014, 10036, 10052, 10054, 10061, 10051, 10049, 10048, 10050, 10253, 10252, 10241, 10240, 10248, 10246, 10247, 10245, 10231, 10230, 10262, 10150, 10148, 10149, 10151, 10161, 10156, 10154, 10155, 10162, 10164, 10163, 10165, 2244, 2246, 2268, 2278, 2283, 2508, 2286, 2298, 2300, 2304, 2531, 2819, 2820, 2822, 2825, 2836, 2848, 2850, 2837, 2859, 2858, 2815, 2759, 2734, 2731, 2729, 2715]",0.04059330001473427,success,,48.81678601447848,53.726029953713976,28.570091945307983,5.278783894524551,22.600000000000012,23.98048138482386
stl_midamerica_to_st_louis_union_station_2026-03-09_0069,midamerica_to_st_louis_union_station,MidAmerica to St. Louis Union Station,MidAmerica St. Louis Airport,St. Louis Union Station,38.5451731,-89.8351856,38.629167,-90.2075,2026-03-09,March 9th - Monday,w_0069,0.1,0.0,0.2,0.7,67,"[8877, 8876, 8892, 8897, 8899, 8926, 9788, 10013, 10014, 10036, 10052, 10054, 10061, 10051, 10049, 10048, 10050, 10253, 10252, 10241, 10240, 10248, 10246, 10247, 10245, 10231, 10230, 10262, 10150, 10148, 10149, 10151, 10161, 10156, 10154, 10155, 10162, 10164, 10163, 10165, 2244, 2246, 2268, 2278, 2283, 2508, 2286, 2298, 2300, 2304, 2531, 2819, 2820, 2822, 2825, 2836, 2848, 2850, 2837, 2859, 2858, 2815, 2759, 2734, 2731, 2729, 2715]",0.04006859997753054,success,,48.81678601447848,53.726029953713976,28.570091945307983,5.278783894524551,22.600000000000012,22.248359774276317
stl_midamerica_to_st_louis_union_station_2026-03-09_0070,midamerica_to_st_louis_union_station,MidAmerica to St. Louis Union Station,MidAmerica St. Louis Airport,St. Louis Union Station,38.5451731,-89.8351856,38.629167,-90.2075,2026-03-09,March 9th - Monday,w_0070,0.1,0.0,0.3,0.6,67,"[8877, 8876, 8892, 8897, 8899, 8926, 9788, 10013, 10014, 10036, 10052, 10054, 10061, 10051, 10049, 10048, 10050, 10253, 10252, 10241, 10240, 10248, 10246, 10247, 10245, 10231, 10230, 10262, 10150, 10148, 10149, 10151, 10161, 10156, 10154, 10155, 10162, 10164, 10163, 10165, 2244, 2246, 2268, 2278, 2283, 2508, 2286, 2298, 2300, 2304, 2531, 2819, 2820, 2822, 2825, 2836, 2848, 2850, 2837, 2859, 2858, 2815, 2759, 2734, 2731, 2729, 2715]",0.03889390002586879,success,,48.81678601447848,53.726029953713976,28.570091945307983,5.278783894524551,22.600000000000012,20.516238163728772
stl_midamerica_to_st_louis_union_station_2026-03-09_0071,midamerica_to_st_louis_union_station,MidAmerica to St. Louis Union Station,MidAmerica St. Louis Airport,St. Louis Union Station,38.5451731,-89.8351856,38.629167,-90.2075,2026-03-09,March 9th - Monday,w_0071,0.1,0.0,0.4,0.5,67,"[8877, 8876, 8892, 8897, 8899, 8926, 9788, 10013, 10014, 10036, 10052, 10054, 10061, 10051, 10049, 10048, 10050, 10253, 10252, 10241, 10240, 10248, 10246, 10247, 10245, 10231, 10230, 10262, 10150, 10148, 10149, 10151, 10161, 10156, 10154, 10155, 10162, 10164, 10163, 10165, 2244, 2246, 2268, 2278, 2283, 2508, 2286, 2298, 2300, 2304, 2531, 2819, 2820, 2822, 2825, 2836, 2848, 2850, 2837, 2859, 2858, 2815, 2759, 2734, 2731, 2729, 2715]",0.0369494000042323,success,,48.81678601447848,53.726029953713976,28.570091945307983,5.278783894524551,22.600000000000012,18.784116553181224
stl_midamerica_to_st_louis_union_station_2026-03-09_0072,midamerica_to_st_louis_union_station,MidAmerica to St. Louis Union Station,MidAmerica St. Louis Airport,St. Louis Union Station,38.5451731,-89.8351856,38.629167,-90.2075,2026-03-09,March 9th - Monday,w_0072,0.1,0.0,0.5,0.4,67,"[8877, 8876, 8892, 8897, 8899, 8926, 9788, 10013, 10014, 10036, 10052, 10054, 10061, 10051, 10049, 10048, 10050, 10253, 10252, 10241, 10240, 10248, 10246, 10247, 10245, 10231, 10230, 10262, 10150, 10148, 10149, 10151, 10161, 10156, 10154, 10155, 10162, 10164, 10163, 10165, 2244, 2246, 2268, 2278, 2283, 2508, 2286, 2298, 2300, 2304, 2531, 2819, 2820, 2822, 2825, 2836, 2848, 2850, 2837, 2859, 2858, 2815, 2759, 2734, 2731, 2729, 2715]",0.03716029998031445,success,,48.81678601447848,53.726029953713976,28.570091945307983,5.278783894524551,22.600000000000012,17.051994942633677
stl_midamerica_to_st_louis_union_station_2026-03-09_0073,midamerica_to_st_louis_union_station,MidAmerica to St. Louis Union Station,MidAmerica St. Louis Airport,St. Louis Union Station,38.5451731,-89.8351856,38.629167,-90.2075,2026-03-09,March 9th - Monday,w_0073,0.1,0.0,0.6,0.3,67,"[8877, 8876, 8892, 8897, 8899, 8926, 9788, 10013, 10014, 10036, 10052, 10054, 10061, 10051, 10049, 10048, 10050, 10253, 10252, 10241, 10240, 10248, 10246, 10247, 10245, 10231, 10230, 10262, 10150, 10148, 10149, 10151, 10161, 10156, 10154, 10155, 10162, 10164, 10163, 10165, 2244, 2246, 2268, 2278, 2283, 2508, 2286, 2298, 2300, 2304, 2531, 2819, 2820, 2822, 2825, 2836, 2848, 2850, 2837, 2859, 2858, 2815, 2759, 2734, 2731, 2729, 2715]",0.03619870002148673,success,,48.81678601447848,53.726029953713976,28.570091945307983,5.278783894524551,22.600000000000012,15.319873332086132
stl_midamerica_to_st_louis_union_station_2026-03-09_0074,midamerica_to_st_louis_union_station,MidAmerica to St. Louis Union Station,MidAmerica St. Louis Airport,St. Louis Union Station,38.5451731,-89.8351856,38.629167,-90.2075,2026-03-09,March 9th - Monday,w_0074,0.1,0.0,0.7,0.2,67,"[8877, 8876, 8892, 8897, 8899, 8926, 9788, 10013, 10014, 10036, 10052, 10054, 10061, 10051, 10049, 10048, 10050, 10253, 10252, 10241, 10240, 10248, 10246, 10247, 10245, 10231, 10230, 10262, 10150, 10148, 10149, 10151, 10161, 10156, 10154, 10155, 10162, 10164, 10163, 10165, 2244, 2246, 2268, 2278, 2283, 2508, 2286, 2298, 2300, 2304, 2531, 2819, 2820, 2822, 2825, 2836, 2848, 2850, 2837, 2859, 2858, 2815, 2759, 2734, 2731, 2729, 2715]",0.035207999986596406,success,,48.81678601447848,53.726029953713976,28.570091945307983,5.278783894524551,22.600000000000012,13.587751721538588
stl_midamerica_to_st_louis_union_station_2026-03-09_0075,midamerica_to_st_louis_union_station,MidAmerica to St. Louis Union Station,MidAmerica St. Louis Airport,St. Louis Union Station,38.5451731,-89.8351856,38.629167,-90.2075,2026-03-09,March 9th - Monday,w_0075,0.1,0.0,0.8,0.1,69,"[8877, 8861, 8741, 8740, 8862, 8739, 7711, 7710, 7709, 9722, 9724, 9725, 9723, 9712, 9713, 9714, 9715, 7789, 7791, 7790, 7792, 7801, 7800, 7802, 7809, 7810, 7807, 7808, 9814, 9813, 9812, 9815, 7874, 7876, 7898, 7903, 7916, 7915, 7914, 7913, 1933, 1931, 1932, 1917, 1943, 1946, 1970, 1983, 1998, 2003, 2000, 2191, 2194, 2193, 2192, 2185, 2184, 2186, 2421, 2205, 2450, 2451, 2369, 2375, 2399, 2401, 2406, 2729, 2715]",0.029881499998737127,success,,49.535342940487155,54.516848319321674,29.0186233713804,1.8881849111714815,37.6,10.722232760869353
stl_midamerica_to_st_louis_union_station_2026-03-09_0076,midamerica_to_st_louis_union_station,MidAmerica to St. Louis Union Station,MidAmerica St. Louis Airport,St. Louis Union Station,38.5451731,-89.8351856,38.629167,-90.2075,2026-03-09,March 9th - Monday,w_0076,0.1,0.0,0.9,0.0,69,"[8877, 8861, 8864, 8865, 8866, 8863, 7715, 7713, 7714, 9726, 9727, 9729, 9728, 9719, 9718, 9716, 9717, 7794, 7793, 7795, 7796, 7804, 7803, 7805, 7813, 7814, 7811, 7812, 9817, 9816, 9819, 9818, 7905, 7901, 7902, 7903, 7916, 7915, 7914, 7913, 1933, 1931, 1932, 1917, 1943, 1946, 1970, 1983, 1998, 2003, 2000, 2191, 2194, 2193, 2192, 2185, 2184, 2186, 2421, 2205, 2450, 2451, 2369, 2375, 2399, 2401, 2406, 2729, 2715]",0.018125099973985925,success,,49.00456878084652,53.93269703187205,29.18730134339127,1.8881849111714815,38.6,7.0926361232415385
stl_midamerica_to_st_louis_union_station_2026-03-09_0077,midamerica_to_st_louis_union_station,MidAmerica to St. Louis Union Station,MidAmerica St. Louis Airport,St. Louis Union Station,38.5451731,-89.8351856,38.629167,-90.2075,2026-03-09,March 9th - Monday,w_0077,0.1,0.1,0.0,0.8,68,"[8877, 8881, 8904, 8922, 8923, 8927, 9145, 10016, 10018, 10062, 10055, 10058, 10094, 10096, 10103, 10104, 10110, 10109, 10516, 10515, 10514, 10517, 10522, 10299, 10300, 10301, 10309, 10308, 10310, 10343, 10345, 10344, 10342, 10355, 10210, 10208, 10209, 10326, 10328, 10322, 10191, 2276, 2518, 2277, 2509, 2287, 2508, 2286, 2298, 2300, 2301, 2307, 2495, 2820, 2823, 2827, 2849, 2848, 2850, 2837, 2859, 2858, 2860, 2763, 2762, 2737, 2732, 2715]",0.04196799997589551,success,,50.26499556893611,55.319878223015614,14.392523489752,14.050998358655537,22.600000000000012,25.05124017127677
stl_midamerica_to_st_louis_union_station_2026-03-09_0078,midamerica_to_st_louis_union_station,MidAmerica to St. Louis Union Station,MidAmerica St. Louis Airport,St. Louis Union Station,38.5451731,-89.8351856,38.629167,-90.2075,2026-03-09,March 9th - Monday,w_0078,0.1,0.1,0.1,0.7,68,"[8877, 8881, 8904, 8922, 8923, 8927, 9145, 10016, 10018, 10062, 10055, 10058, 10094, 10096, 10103, 10104, 10110, 10109, 10516, 10512, 10290, 10289, 10294, 10281, 10292, 10293, 10304, 10303, 10302, 10315, 10316, 10317, 10314, 10207, 10206, 10204, 10205, 10189, 10190, 10188, 10191, 2276, 2518, 2277, 2509, 2287, 2508, 2286, 2298, 2300, 2304, 2531, 2819, 2824, 2838, 2827, 2849, 2848, 2850, 2837, 2859, 2858, 2860, 2759, 2734, 2731, 2729, 2715]",0.04169109999202192,success,,50.26344452361193,55.3181711973314,16.18903098364726,8.723447286522381,22.600000000000012,23.84306494675011
stl_midamerica_to_st_louis_union_station_2026-03-09_0079,midamerica_to_st_louis_union_station,MidAmerica to St. Louis Union Station,MidAmerica St. Louis Airport,St. Louis Union Station,38.5451731,-89.8351856,38.629167,-90.2075,2026-03-09,March 9th - Monday,w_0079,0.1,0.1,0.2,0.6,68,"[8877, 8881, 8904, 8922, 8923, 8927, 9145, 10016, 10018, 10062, 10055, 10058, 10094, 10096, 10103, 10104, 10110, 10109, 10516, 10512, 10290, 10289, 10294, 10281, 10292, 10293, 10304, 10303, 10302, 10315, 10316, 10312, 10181, 10203, 10200, 10202, 10201, 10185, 10182, 10171, 10169, 2247, 2272, 2274, 2285, 2283, 2508, 2286, 2298, 2300, 2304, 2531, 2819, 2820, 2822, 2825, 2836, 2848, 2850, 2837, 2859, 2858, 2860, 2759, 2734, 2731, 2729, 2715]",0.0409090000030119,success,,51.86097293666311,57.07635452685338,18.01466526280412,6.141114662808931,22.600000000000012,22.297324911527543
stl_midamerica_to_st_louis_union_station_2026-03-09_0080,midamerica_to_st_louis_union_station,MidAmerica to St. Louis Union Station,MidAmerica St. Louis Airport,St. Louis Union Station,38.5451731,-89.8351856,38.629167,-90.2075,2026-03-09,March 9th - Monday,w_0080,0.1,0.1,0.3,0.5,68,"[8877, 8881, 8904, 8922, 8923, 8927, 9145, 10016, 10018, 10062, 10055, 10058, 10094, 10096, 10103, 10104, 10110, 10109, 10516, 10512, 10290, 10289, 10294, 10281, 10292, 10293, 10304, 10303, 10302, 10315, 10316, 10312, 10181, 10199, 10193, 10158, 10155, 10162, 10164, 10163, 10165, 2247, 2272, 2274, 2509, 2283, 2508, 2286, 2298, 2300, 2304, 2531, 2819, 2820, 2822, 2825, 2836, 2848, 2850, 2837, 2859, 2858, 2860, 2759, 2734, 2731, 2729, 2715]",0.03990150001482107,success,,52.92598546398779,58.248469686732115,18.848211738073324,5.349263637730251,22.600000000000012,20.614447233799623
stl_midamerica_to_st_louis_union_station_2026-03-09_0081,midamerica_to_st_louis_union_station,MidAmerica to St. Louis Union Station,MidAmerica St. Louis Airport,St. Louis Union Station,38.5451731,-89.8351856,38.629167,-90.2075,2026-03-09,March 9th - Monday,w_0081,0.1,0.1,0.4,0.4,68,"[8877, 8881, 8904, 8922, 8923, 8927, 9145, 10016, 10018, 10062, 10055, 10058, 10094, 10096, 10103, 10104, 10110, 10109, 10516, 10512, 10290, 10289, 10294, 10281, 10292, 10293, 10304, 10303, 10302, 10315, 10316, 10312, 10181, 10199, 10193, 10158, 10155, 10162, 10164, 10163, 10165, 2247, 2272, 2274, 2509, 2283, 2508, 2286, 2298, 2300, 2304, 2531, 2819, 2820, 2822, 2825, 2836, 2848, 2850, 2837, 2859, 2858, 2860, 2759, 2734, 2731, 2729, 2715]",0.037212800001725554,success,,52.92598546398779,58.248469686732115,18.848211738073324,5.349263637730251,22.600000000000012,18.88937359757265
stl_midamerica_to_st_louis_union_station_2026-03-09_0082,midamerica_to_st_louis_union_station,MidAmerica to St. Louis Union Station,MidAmerica St. Louis Airport,St. Louis Union Station,38.5451731,-89.8351856,38.629167,-90.2075,2026-03-09,March 9th - Monday,w_0082,0.1,0.1,0.5,0.3,68,"[8877, 8881, 8904, 8922, 8923, 8927, 9145, 10016, 10018, 10062, 10055, 10058, 10094, 10096, 10103, 10104, 10110, 10109, 10516, 10512, 10290, 10289, 10294, 10281, 10292, 10293, 10304, 10303, 10302, 10315, 10316, 10317, 10314, 10207, 10206, 10204, 10205, 10189, 10190, 10322, 10327, 2548, 2550, 2556, 2549, 2542, 2540, 2539, 2533, 2536, 2562, 2566, 2844, 2842, 2838, 2827, 2836, 2848, 2850, 2837, 2859, 2858, 2860, 2759, 2734, 2731, 2729, 2715]",0.03784800000721589,success,,52.39778330524177,57.66714905259638,15.391409822512792,5.390001868632106,23.800000000000015,17.140856821826972
stl_midamerica_to_st_louis_union_station_2026-03-09_0083,midamerica_to_st_louis_union_station,MidAmerica to St. Louis Union Station,MidAmerica St. Louis Airport,St. Louis Union Station,38.5451731,-89.8351856,38.629167,-90.2075,2026-03-09,March 9th - Monday,w_0083,0.1,0.1,0.6,0.2,70,"[8877, 8873, 8857, 8737, 8732, 8708, 8703, 7679, 7654, 7652, 7631, 7627, 8262, 8257, 8243, 8239, 8237, 8238, 7362, 7361, 7363, 7364, 7355, 7354, 7356, 7369, 7371, 7372, 7370, 7460, 7459, 7458, 7457, 7468, 7436, 7469, 7471, 7481, 7482, 7486, 7315, 7540, 7546, 7560, 7574, 7575, 7592, 7593, 1919, 1922, 1926, 1952, 2132, 2136, 2162, 2165, 2182, 2184, 2186, 2421, 2205, 2450, 2451, 2369, 2375, 2399, 2401, 2406, 2729, 2715]",0.03714679999393411,success,,56.276421376016245,61.935841078086135,8.015081913338907,2.3769784304606056,31.600000000000005,14.741279357418868
stl_midamerica_to_st_louis_union_station_2026-03-09_0084,midamerica_to_st_louis_union_station,MidAmerica to St. Louis Union Station,MidAmerica St. Louis Airport,St. Louis Union Station,38.5451731,-89.8351856,38.629167,-90.2075,2026-03-09,March 9th - Monday,w_0084,0.1,0.1,0.7,0.1,70,"[8877, 8873, 8857, 8737, 8732, 8708, 8703, 7679, 7654, 7652, 7631, 7627, 8262, 8257, 8243, 8239, 8237, 8238, 7362, 7361, 7363, 7364, 7355, 7354, 7356, 7369, 7371, 7372, 7370, 7460, 7459, 7458, 7457, 7468, 7436, 7469, 7471, 7481, 7482, 7486, 7315, 7540, 7546, 7560, 7574, 7575, 7592, 7593, 1919, 1922, 1926, 1952, 2132, 2136, 2162, 2165, 2182, 2184, 2186, 2421, 2205, 2450, 2451, 2369, 2375, 2399, 2401, 2406, 2729, 2715]",0.031938000000081956,success,,56.276421376016245,61.935841078086135,8.015081913338907,2.3769784304606056,31.600000000000005,11.818977200464929
stl_midamerica_to_st_louis_union_station_2026-03-09_0085,midamerica_to_st_louis_union_station,MidAmerica to St. Louis Union Station,MidAmerica St. Louis Airport,St. Louis Union Station,38.5451731,-89.8351856,38.629167,-90.2075,2026-03-09,March 9th - Monday,w_0085,0.1,0.1,0.8,0.0,71,"[8877, 8861, 8864, 8865, 8866, 8863, 7715, 7713, 7709, 7705, 7700, 7698, 7661, 7668, 7643, 7641, 7626, 7385, 7381, 7366, 7364, 7355, 7354, 7356, 7369, 7371, 7372, 7370, 7460, 7459, 7458, 7457, 7468, 7436, 7469, 7471, 7481, 7480, 7483, 7311, 7316, 7538, 7541, 7534, 7567, 7573, 7576, 7600, 7605, 1918, 1925, 2114, 2130, 2134, 2135, 2144, 2179, 2181, 2184, 2186, 2421, 2205, 2450, 2451, 2369, 2375, 2399, 2401, 2406, 2729, 2715]",0.025793600012548268,success,,56.653239238035326,62.35055350376545,8.193382472450898,2.1215686756825565,35.6,8.75164853816768
stl_midamerica_to_st_louis_union_station_2026-03-09_0086,midamerica_to_st_louis_union_station,MidAmerica to St. Louis Union Station,MidAmerica St. Louis Airport,St. Louis Union Station,38.5451731,-89.8351856,38.629167,-90.2075,2026-03-09,March 9th - Monday,w_0086,0.1,0.2,0.0,0.7,68,"[8877, 8881, 8904, 8922, 8923, 8927, 9145, 10016, 10018, 10062, 10055, 10058, 10094, 10096, 10103, 10104, 10110, 10109, 10516, 10515, 10514, 10517, 10522, 10299, 10300, 10301, 10309, 10308, 10310, 10343, 10345, 10344, 10342, 10355, 10210, 10208, 10209, 10326, 10328, 10322, 10191, 2276, 2518, 2277, 2509, 2287, 2508, 2286, 2298, 2300, 2301, 2307, 2495, 2820, 2823, 2827, 2849, 2848, 2850, 2837, 2859, 2858, 2863, 2763, 2762, 2737, 2732, 2715]",0.04134600001270883,success,,50.798227970467636,55.90673496463881,14.014987217207485,14.050998358655537,22.600000000000012,24.213670939905384
stl_midamerica_to_st_louis_union_station_2026-03-09_0087,midamerica_to_st_louis_union_station,MidAmerica to St. Louis Union Station,MidAmerica St. Louis Airport,St. Louis Union Station,38.5451731,-89.8351856,38.629167,-90.2075,2026-03-09,March 9th - Monday,w_0087,0.1,0.2,0.1,0.6,68,"[8877, 8881, 8904, 8922, 8923, 8927, 9145, 10016, 10018, 10062, 10055, 10058, 10094, 10096, 10103, 10104, 10110, 10109, 10516, 10512, 10290, 10289, 10294, 10281, 10292, 10293, 10304, 10303, 10302, 10315, 10316, 10317, 10314, 10207, 10206, 10204, 10205, 10323, 10328, 10329, 10327, 2522, 2524, 2523, 2514, 2512, 2513, 2286, 2298, 2300, 2301, 2307, 2495, 2820, 2823, 2827, 2849, 2848, 2850, 2837, 2859, 2858, 2863, 2763, 2758, 2733, 2729, 2715]",0.04079739999724552,success,,51.33027476792323,56.49228687230432,14.587726421308098,9.72220128575922,22.600000000000012,23.098994100067983
stl_midamerica_to_st_louis_union_station_2026-03-09_0088,midamerica_to_st_louis_union_station,MidAmerica to St. Louis Union Station,MidAmerica St. Louis Airport,St. Louis Union Station,38.5451731,-89.8351856,38.629167,-90.2075,2026-03-09,March 9th - Monday,w_0088,0.1,0.2,0.2,0.5,68,"[8877, 8881, 8904, 8922, 8923, 8927, 9145, 10016, 10018, 10062, 10055, 10058, 10094, 10096, 10103, 10104, 10110, 10109, 10516, 10512, 10290, 10289, 10294, 10281, 10292, 10293, 10304, 10303, 10302, 10315, 10316, 10317, 10314, 10207, 10206, 10204, 10205, 10323, 10328, 10329, 10327, 2548, 2550, 2525, 2514, 2512, 2513, 2286, 2298, 2300, 2304, 2531, 2819, 2824, 2838, 2827, 2849, 2848, 2850, 2837, 2859, 2858, 2860, 2759, 2734, 2731, 2729, 2715]",0.040101699996739626,success,,51.86331908446357,57.07893661423138,16.08775547505727,7.19701429393444,22.600000000000012,21.66484761522149
stl_midamerica_to_st_louis_union_station_2026-03-09_0089,midamerica_to_st_louis_union_station,MidAmerica to St. Louis Union Station,MidAmerica St. Louis Airport,St. Louis Union Station,38.5451731,-89.8351856,38.629167,-90.2075,2026-03-09,March 9th - Monday,w_0089,0.1,0.2,0.3,0.4,68,"[8877, 8881, 8904, 8922, 8923, 8927, 9145, 10016, 10018, 10062, 10055, 10058, 10094, 10096, 10103, 10104, 10110, 10109, 10516, 10512, 10290, 10289, 10294, 10281, 10292, 10293, 10304, 10303, 10302, 10315, 10316, 10317, 10314, 10207, 10206, 10204, 10205, 10189, 10190, 10322, 10327, 2548, 2550, 2556, 2549, 2542, 2540, 2539, 2533, 2536, 2562, 2566, 2844, 2842, 2838, 2827, 2836, 2848, 2850, 2837, 2859, 2858, 2860, 2759, 2734, 2731, 2729, 2715]",0.04044759998214431,success,,52.39778330524177,57.66714905259638,15.391409822512792,5.390001868632106,23.800000000000015,19.981997430351836
stl_midamerica_to_st_louis_union_station_2026-03-09_0090,midamerica_to_st_louis_union_station,MidAmerica to St. Louis Union Station,MidAmerica St. Louis Airport,St. Louis Union Station,38.5451731,-89.8351856,38.629167,-90.2075,2026-03-09,March 9th - Monday,w_0090,0.1,0.2,0.4,0.3,69,"[8877, 8873, 8857, 8737, 8732, 8708, 8703, 7679, 7654, 7652, 7631, 7627, 8262, 8257, 8243, 8239, 8214, 8235, 7358, 7357, 7359, 7360, 7352, 7351, 7353, 7367, 7345, 7346, 7368, 7446, 7459, 7458, 7457, 7468, 7436, 7469, 7471, 7481, 7482, 7486, 7315, 7540, 7546, 7560, 7574, 7575, 7592, 7593, 1919, 1922, 1926, 1952, 2132, 2136, 2162, 2165, 2182, 2184, 2186, 2421, 2205, 2450, 2451, 2369, 2375, 2399, 2401, 2404, 2715]",0.03944759999285452,success,,56.43276996651548,62.10791281287613,6.634122356770627,3.140660333747685,31.000000000000004,18.09387988614081
stl_midamerica_to_st_louis_union_station_2026-03-09_0091,midamerica_to_st_louis_union_station,MidAmerica to St. Louis Union Station,MidAmerica St. Louis Airport,St. Louis Union Station,38.5451731,-89.8351856,38.629167,-90.2075,2026-03-09,March 9th - Monday,w_0091,0.1,0.2,0.5,0.2,70,"[8877, 8873, 8857, 8737, 8732, 8708, 8703, 7679, 7654, 7652, 7631, 7627, 8262, 8257, 8243, 8239, 8214, 8235, 7358, 7357, 7359, 7360, 7352, 7351, 7353, 7367, 7345, 7346, 7368, 7446, 7459, 7458, 7457, 7468, 7436, 7469, 7471, 7481, 7482, 7486, 7315, 7540, 7546, 7560, 7574, 7575, 7592, 7593, 1919, 1922, 1926, 1952, 2132, 2136, 2162, 2165, 2182, 2184, 2186, 2421, 2205, 2450, 2451, 2369, 2375, 2399, 2401, 2406, 2729, 2715]",0.035957000014605,success,,56.80776835636058,62.52062279176406,7.634227608849355,2.3769784304606056,31.600000000000005,15.287397016176584
stl_midamerica_to_st_louis_union_station_2026-03-09_0092,midamerica_to_st_louis_union_station,MidAmerica to St. Louis Union Station,MidAmerica St. Louis Airport,St. Louis Union Station,38.5451731,-89.8351856,38.629167,-90.2075,2026-03-09,March 9th - Monday,w_0092,0.1,0.2,0.6,0.1,70,"[8877, 8873, 8857, 8737, 8732, 8708, 8703, 7679, 7654, 7652, 7631, 7627, 8262, 8257, 8243, 8239, 8214, 8235, 7358, 7357, 7359, 7360, 7352, 7351, 7353, 7367, 7345, 7346, 7368, 7446, 7459, 7458, 7457, 7468, 7436, 7469, 7471, 7481, 7482, 7486, 7315, 7540, 7546, 7560, 7574, 7575, 7592, 7593, 1919, 1922, 1926, 1952, 2132, 2136, 2162, 2165, 2182, 2184, 2186, 2421, 2205, 2450, 2451, 2369, 2375, 2399, 2401, 2406, 2729, 2715]",0.03242810000665486,success,,56.80776835636058,62.52062279176406,7.634227608849355,2.3769784304606056,31.600000000000005,12.365094859222642
stl_midamerica_to_st_louis_union_station_2026-03-09_0093,midamerica_to_st_louis_union_station,MidAmerica to St. Louis Union Station,MidAmerica St. Louis Airport,St. Louis Union Station,38.5451731,-89.8351856,38.629167,-90.2075,2026-03-09,March 9th - Monday,w_0093,0.1,0.2,0.7,0.0,72,"[8877, 8873, 8857, 8737, 8732, 8708, 8703, 7679, 7654, 7652, 7631, 7627, 8262, 8257, 8243, 8239, 8214, 8235, 7358, 7357, 7359, 7360, 7352, 7351, 7353, 7367, 7345, 7346, 7368, 7446, 7459, 7458, 7457, 7468, 7436, 7469, 7471, 7481, 7480, 7483, 7311, 7316, 7538, 7541, 7534, 7567, 7573, 7576, 7600, 7605, 1918, 1925, 2114, 2130, 2134, 2135, 2144, 2179, 2181, 2184, 2186, 2421, 2205, 2450, 2451, 2369, 2375, 2399, 2401, 2406, 2729, 2715]",0.02636690001236275,success,,57.55577358904032,63.3438509232631,7.565255391252629,2.1215686756825565,33.6,9.332534243554626
stl_midamerica_to_st_louis_union_station_2026-03-09_0094,midamerica_to_st_louis_union_station,MidAmerica to St. Louis Union Station,MidAmerica St. Louis Airport,St. Louis Union Station,38.5451731,-89.8351856,38.629167,-90.2075,2026-03-09,March 9th - Monday,w_0094,0.1,0.3,0.0,0.6,68,"[8877, 8881, 8904, 8922, 8923, 8927, 9145, 10016, 10018, 10062, 10055, 10058, 10094, 10096, 10103, 10104, 10110, 10109, 10516, 10515, 10514, 10517, 10522, 10299, 10300, 10301, 10309, 10308, 10310, 10343, 10345, 10344, 10342, 10355, 10210, 10208, 10209, 10326, 10328, 10322, 10191, 2276, 2518, 2277, 2509, 2287, 2508, 2286, 2298, 2300, 2301, 2307, 2495, 2820, 2823, 2827, 2849, 2848, 2850, 2837, 2859, 2858, 2863, 2763, 2762, 2737, 2732, 2715]",0.0410760999948252,success,,50.798227970467636,55.90673496463881,14.014987217207485,14.050998358655537,22.600000000000012,23.355169661626135
stl_midamerica_to_st_louis_union_station_2026-03-09_0095,midamerica_to_st_louis_union_station,MidAmerica to St. Louis Union Station,MidAmerica St. Louis Airport,St. Louis Union Station,38.5451731,-89.8351856,38.629167,-90.2075,2026-03-09,March 9th - Monday,w_0095,0.1,0.3,0.1,0.5,68,"[8877, 8881, 8904, 8922, 8923, 8927, 9145, 10016, 10018, 10062, 10055, 10058, 10094, 10096, 10103, 10104, 10110, 10109, 10516, 10512, 10290, 10289, 10294, 10281, 10292, 10293, 10304, 10303, 10302, 10315, 10316, 10317, 10314, 10207, 10206, 10204, 10205, 10323, 10328, 10329, 10327, 2522, 2524, 2523, 2514, 2512, 2513, 2286, 2298, 2300, 2301, 2307, 2495, 2820, 2823, 2827, 2849, 2848, 2850, 2837, 2859, 2858, 2863, 2767, 2762, 2737, 2732, 2715]",0.04031929999473505,success,,51.33044082672044,56.49246963074956,13.99100155916929,11.308742426522866,22.600000000000012,22.277421673478038
stl_midamerica_to_st_louis_union_station_2026-03-09_0096,midamerica_to_st_louis_union_station,MidAmerica to St. Louis Union Station,MidAmerica St. Louis Airport,St. Louis Union Station,38.5451731,-89.8351856,38.629167,-90.2075,2026-03-09,March 9th - Monday,w_0096,0.1,0.3,0.2,0.4,68,"[8877, 8881, 8904, 8922, 8923, 8927, 9145, 10016, 10018, 10062, 10055, 10058, 10094, 10096, 10103, 10104, 10110, 10109, 10516, 10512, 10290, 10289, 10294, 10281, 10292, 10293, 10304, 10303, 10302, 10315, 10316, 10317, 10314, 10207, 10206, 10204, 10205, 10323, 10328, 10329, 10327, 2548, 2550, 2556, 2549, 2542, 2540, 2516, 2530, 2534, 2559, 2558, 2840, 2842, 2838, 2827, 2849, 2848, 2850, 2837, 2859, 2858, 2863, 2763, 2758, 2733, 2729, 2715]",0.03952740001841448,success,,52.39801348047061,57.667402375320975,14.38853012514514,7.22663813945742,23.200000000000014,20.808626902967127
stl_midamerica_to_st_louis_union_station_2026-03-09_0097,midamerica_to_st_louis_union_station,MidAmerica to St. Louis Union Station,MidAmerica St. Louis Airport,St. Louis Union Station,38.5451731,-89.8351856,38.629167,-90.2075,2026-03-09,March 9th - Monday,w_0097,0.1,0.3,0.3,0.3,69,"[8877, 8873, 8857, 8737, 8732, 8708, 8703, 7679, 7654, 7652, 7631, 7627, 8262, 8257, 8243, 8239, 8214, 8235, 7358, 7357, 7359, 7360, 7352, 7351, 7353, 7367, 7345, 7346, 7368, 7446, 7459, 7458, 7457, 7468, 7436, 7469, 7471, 7481, 7482, 7486, 7315, 7540, 7546, 7560, 7574, 7575, 7592, 7593, 1919, 1922, 1926, 1952, 2132, 2136, 2162, 2165, 2182, 2184, 2186, 2421, 2205, 2450, 2451, 2369, 2375, 2399, 2401, 2404, 2715]",0.038104500010376796,success,,56.43276996651548,62.10791281287613,6.634122356770627,3.140660333747685,31.000000000000004,18.443226088443105
stl_midamerica_to_st_louis_union_station_2026-03-09_0098,midamerica_to_st_louis_union_station,MidAmerica to St. Louis Union Station,MidAmerica St. Louis Airport,St. Louis Union Station,38.5451731,-89.8351856,38.629167,-90.2075,2026-03-09,March 9th - Monday,w_0098,0.1,0.3,0.4,0.2,69,"[8877, 8873, 8857, 8737, 8732, 8708, 8703, 7679, 7654, 7652, 7631, 7627, 8262, 8257, 8243, 8239, 8214, 8235, 7358, 7357, 7359, 7360, 7352, 7351, 7353, 7367, 7345, 7346, 7368, 7446, 7459, 7458, 7457, 7468, 7436, 7469, 7471, 7481, 7482, 7486, 7315, 7540, 7546, 7560, 7574, 7575, 7592, 7593, 1919, 1922, 1926, 1952, 2132, 2136, 2162, 2165, 2182, 2184, 2186, 2421, 2205, 2450, 2451, 2369, 2375, 2399, 2401, 2404, 2715]",0.035682199988514185,success,,56.43276996651548,62.10791281287613,6.634122356770627,3.140660333747685,31.000000000000004,15.657292121817877
stl_midamerica_to_st_louis_union_station_2026-03-09_0099,midamerica_to_st_louis_union_station,MidAmerica to St. Louis Union Station,MidAmerica St. Louis Airport,St. Louis Union Station,38.5451731,-89.8351856,38.629167,-90.2075,2026-03-09,March 9th - Monday,w_0099,0.1,0.3,0.5,0.1,69,"[8877, 8873, 8857, 8737, 8732, 8708, 8703, 7679, 7654, 7652, 7631, 7627, 8262, 8257, 8243, 8239, 8214, 8235, 7358, 7357, 7359, 7360, 7352, 7351, 7353, 7367, 7345, 7346, 7368, 7446, 7459, 7458, 7457, 7468, 7436, 7469, 7471, 7481, 7482, 7486, 7315, 7540, 7546, 7560, 7574, 7575, 7592, 7593, 1919, 1922, 1926, 1952, 2132, 2136, 2162, 2165, 2182, 2184, 2186, 2421, 2205, 2450, 2451, 2369, 2375, 2399, 2401, 2404, 2715]",0.03286339997430332,success,,56.43276996651548,62.10791281287613,6.634122356770627,3.140660333747685,31.000000000000004,12.871358155192645
stl_midamerica_to_st_louis_union_station_2026-03-09_0100,midamerica_to_st_louis_union_station,MidAmerica to St. Louis Union Station,MidAmerica St. Louis Airport,St. Louis Union Station,38.5451731,-89.8351856,38.629167,-90.2075,2026-03-09,March 9th - Monday,w_0100,0.1,0.3,0.6,0.0,72,"[8877, 8873, 8857, 8737, 8732, 8708, 8703, 7679, 7654, 7652, 7631, 7627, 8262, 8257, 8243, 8239, 8214, 8235, 7358, 7357, 7359, 7360, 7352, 7351, 7353, 7367, 7345, 7346, 7368, 7446, 7459, 7458, 7457, 7468, 7436, 7469, 7471, 7481, 7480, 7483, 7311, 7316, 7538, 7541, 7534, 7567, 7573, 7576, 7600, 7605, 1918, 1925, 2114, 2130, 2134, 2135, 2144, 2179, 2181, 2184, 2186, 2421, 2205, 2450, 2451, 2369, 2375, 2399, 2401, 2406, 2729, 2715]",0.02918040001532063,success,,57.55577358904032,63.3438509232631,7.565255391252629,2.1215686756825565,33.6,9.876902915111632
stl_midamerica_to_st_louis_union_station_2026-03-09_0101,midamerica_to_st_louis_union_station,MidAmerica to St. Louis Union Station,MidAmerica St. Louis Airport,St. Louis Union Station,38.5451731,-89.8351856,38.629167,-90.2075,2026-03-09,March 9th - Monday,w_0101,0.1,0.4,0.0,0.5,89,"[8877, 8880, 8902, 8917, 8943, 8947, 8951, 9043, 9047, 9051, 9252, 9279, 9280, 9292, 9316, 9320, 9447, 9470, 9473, 9498, 9488, 9466, 9467, 9489, 9480, 9481, 9485, 9487, 10502, 10504, 10508, 10823, 10833, 10832, 10501, 10817, 10815, 10816, 10814, 10597, 10598, 10599, 10596, 10591, 10602, 10603, 10604, 10913, 10914, 10580, 10399, 10392, 10369, 10366, 10372, 10360, 10356, 10352, 10326, 10328, 10322, 10191, 2276, 2518, 2277, 2509, 2287, 2508, 2286, 2298, 2300, 2301, 2307, 2495, 2820, 2823, 2827, 2849, 2848, 2850, 2837, 2859, 2858, 2863, 2763, 2762, 2737, 2732, 2715]",0.04222410000511445,success,,68.74647754525698,75.659944321475,10.13600093372973,19.81055252596536,21.600000000000012,22.420394805639397
stl_midamerica_to_st_louis_union_station_2026-03-09_0102,midamerica_to_st_louis_union_station,MidAmerica to St. Louis Union Station,MidAmerica St. Louis Airport,St. Louis Union Station,38.5451731,-89.8351856,38.629167,-90.2075,2026-03-09,March 9th - Monday,w_0102,0.1,0.4,0.1,0.4,68,"[8877, 8881, 8904, 8922, 8923, 8927, 9145, 10016, 10018, 10062, 10055, 10058, 10094, 10096, 10103, 10104, 10110, 10109, 10516, 10512, 10290, 10289, 10294, 10281, 10292, 10293, 10304, 10303, 10302, 10315, 10316, 10317, 10314, 10207, 10206, 10204, 10205, 10323, 10328, 10329, 10327, 2522, 2524, 2523, 2514, 2512, 2513, 2286, 2298, 2300, 2301, 2307, 2495, 2820, 2823, 2827, 2849, 2848, 2850, 2837, 2859, 2858, 2863, 2767, 2762, 2737, 2732, 2715]",0.03960889999871142,success,,51.33044082672044,56.49246963074956,13.99100155916929,11.308742426522866,22.600000000000012,21.416521829394963
stl_midamerica_to_st_louis_union_station_2026-03-09_0103,midamerica_to_st_louis_union_station,MidAmerica to St. Louis Union Station,MidAmerica St. Louis Airport,St. Louis Union Station,38.5451731,-89.8351856,38.629167,-90.2075,2026-03-09,March 9th - Monday,w_0103,0.1,0.4,0.2,0.3,69,"[8877, 8873, 8857, 8737, 8732, 8708, 8703, 7679, 7654, 7652, 7631, 7627, 8262, 8257, 8243, 8239, 8214, 8235, 7358, 7357, 7359, 7360, 7352, 7351, 7353, 7367, 7345, 7346, 7368, 7446, 7459, 7458, 7457, 7468, 7436, 7469, 7471, 7481, 7482, 7486, 7315, 7540, 7546, 7560, 7574, 7575, 7592, 7593, 1919, 1922, 1926, 1952, 2132, 2136, 2162, 2165, 2182, 2184, 2186, 2421, 2205, 2450, 2451, 2369, 2375, 2399, 2401, 2404, 2715]",0.038463400007458404,success,,56.43276996651548,62.10791281287613,6.634122356770627,3.140660333747685,31.000000000000004,18.7925722907454
stl_midamerica_to_st_louis_union_station_2026-03-09_0104,midamerica_to_st_louis_union_station,MidAmerica to St. Louis Union Station,MidAmerica St. Louis Airport,St. Louis Union Station,38.5451731,-89.8351856,38.629167,-90.2075,2026-03-09,March 9th - Monday,w_0104,0.1,0.4,0.3,0.2,69,"[8877, 8873, 8857, 8737, 8732, 8708, 8703, 7679, 7654, 7652, 7631, 7627, 8262, 8257, 8243, 8239, 8214, 8235, 7358, 7357, 7359, 7360, 7352, 7351, 7353, 7367, 7345, 7346, 7368, 7446, 7459, 7458, 7457, 7468, 7436, 7469, 7471, 7481, 7482, 7486, 7315, 7540, 7546, 7560, 7574, 7575, 7592, 7593, 1919, 1922, 1926, 1952, 2132, 2136, 2162, 2165, 2182, 2184, 2186, 2421, 2205, 2450, 2451, 2369, 2375, 2399, 2401, 2404, 2715]",0.03466169998864643,success,,56.43276996651548,62.10791281287613,6.634122356770627,3.140660333747685,31.000000000000004,16.006638324120168
stl_midamerica_to_st_louis_union_station_2026-03-09_0105,midamerica_to_st_louis_union_station,MidAmerica to St. Louis Union Station,MidAmerica St. Louis Airport,St. Louis Union Station,38.5451731,-89.8351856,38.629167,-90.2075,2026-03-09,March 9th - Monday,w_0105,0.1,0.4,0.4,0.1,69,"[8877, 8873, 8857, 8737, 8732, 8708, 8703, 7679, 7654, 7652, 7631, 7627, 8262, 8257, 8243, 8239, 8214, 8235, 7358, 7357, 7359, 7360, 7352, 7351, 7353, 7367, 7345, 7346, 7368, 7446, 7459, 7458, 7457, 7468, 7436, 7469, 7471, 7481, 7482, 7486, 7315, 7540, 7546, 7560, 7574, 7575, 7592, 7593, 1919, 1922, 1926, 1952, 2132, 2136, 2162, 2165, 2182, 2184, 2186, 2421, 2205, 2450, 2451, 2369, 2375, 2399, 2401, 2404, 2715]",0.03299579999293201,success,,56.43276996651548,62.10791281287613,6.634122356770627,3.140660333747685,31.000000000000004,13.220704357494938
stl_midamerica_to_st_louis_union_station_2026-03-09_0106,midamerica_to_st_louis_union_station,MidAmerica to St. Louis Union Station,MidAmerica St. Louis Airport,St. Louis Union Station,38.5451731,-89.8351856,38.629167,-90.2075,2026-03-09,March 9th - Monday,w_0106,0.1,0.4,0.5,0.0,72,"[8877, 8873, 8857, 8737, 8732, 8709, 8705, 8702, 7656, 7651, 7648, 8263, 8261, 8258, 8232, 8240, 8213, 8214, 8235, 7358, 7357, 7359, 7360, 7352, 7351, 7353, 7367, 7345, 7346, 7368, 7446, 7459, 7458, 7457, 7468, 7436, 7469, 7471, 7481, 7480, 7483, 7311, 7316, 7538, 7541, 7534, 7567, 7573, 7576, 7600, 7605, 1918, 1925, 2114, 2130, 2134, 2135, 2144, 2179, 2181, 2184, 2186, 2421, 2205, 2450, 2451, 2369, 2375, 2399, 2401, 2404, 2715]",0.028382800024701282,success,,57.5548958747499,63.342884941925384,6.4580389986191715,2.885250578969636,34.0,10.360129383125026
stl_midamerica_to_st_louis_union_station_2026-03-09_0107,midamerica_to_st_louis_union_station,MidAmerica to St. Louis Union Station,MidAmerica St. Louis Airport,St. Louis Union Station,38.5451731,-89.8351856,38.629167,-90.2075,2026-03-09,March 9th - Monday,w_0107,0.1,0.5,0.0,0.4,89,"[8877, 8880, 8902, 8917, 8943, 8947, 8951, 9043, 9047, 9051, 9252, 9279, 9280, 9292, 9316, 9320, 9447, 9470, 9473, 9498, 9488, 9466, 9467, 9489, 9480, 9481, 9485, 9487, 10502, 10504, 10508, 10823, 10833, 10832, 10501, 10817, 10815, 10816, 10814, 10597, 10598, 10599, 10596, 10591, 10602, 10603, 10604, 10913, 10914, 10580, 10399, 10392, 10369, 10370, 10381, 10380, 10379, 10378, 10391, 10402, 10403, 10390, 2577, 2576, 2598, 2575, 2587, 10714, 10713, 10722, 2597, 10723, 2596, 2876, 2875, 2874, 2873, 2885, 2879, 2857, 2851, 2861, 2862, 2863, 2763, 2762, 2737, 2732, 2715]",0.04010149999521673,success,,66.6216644425635,73.32145009189804,8.42826954664385,20.137240157107183,24.000000000000018,21.14627978251174
stl_midamerica_to_st_louis_union_station_2026-03-09_0108,midamerica_to_st_louis_union_station,MidAmerica to St. Louis Union Station,MidAmerica St. Louis Airport,St. Louis Union Station,38.5451731,-89.8351856,38.629167,-90.2075,2026-03-09,March 9th - Monday,w_0108,0.1,0.5,0.1,0.3,69,"[8877, 8873, 8857, 8737, 8732, 8708, 8703, 7679, 7654, 7652, 7631, 7627, 8262, 8257, 8243, 8239, 8214, 8235, 7358, 7357, 7359, 7360, 7352, 7351, 7353, 7367, 7345, 7346, 7368, 7446, 7459, 7458, 7457, 7468, 7436, 7469, 7471, 7481, 7482, 7486, 7315, 7540, 7546, 7560, 7574, 7575, 7592, 7593, 1919, 1922, 1926, 1952, 2132, 2136, 2162, 2165, 2182, 2184, 2186, 2421, 2205, 2450, 2451, 2369, 2375, 2399, 2401, 2404, 2715]",0.038599299994530156,success,,56.43276996651548,62.10791281287613,6.634122356770627,3.140660333747685,31.000000000000004,19.141918493047697
stl_midamerica_to_st_louis_union_station_2026-03-09_0109,midamerica_to_st_louis_union_station,MidAmerica to St. Louis Union Station,MidAmerica St. Louis Airport,St. Louis Union Station,38.5451731,-89.8351856,38.629167,-90.2075,2026-03-09,March 9th - Monday,w_0109,0.1,0.5,0.2,0.2,69,"[8877, 8873, 8857, 8737, 8732, 8708, 8703, 7679, 7654, 7652, 7631, 7627, 8262, 8257, 8243, 8239, 8214, 8235, 7358, 7357, 7359, 7360, 7352, 7351, 7353, 7367, 7345, 7346, 7368, 7446, 7459, 7458, 7457, 7468, 7436, 7469, 7471, 7481, 7482, 7486, 7315, 7540, 7546, 7560, 7574, 7575, 7592, 7593, 1919, 1922, 1926, 1952, 2132, 2136, 2162, 2165, 2182, 2184, 2186, 2421, 2205, 2450, 2451, 2369, 2375, 2399, 2401, 2404, 2715]",0.03731130002415739,success,,56.43276996651548,62.10791281287613,6.634122356770627,3.140660333747685,31.000000000000004,16.355984526422464
stl_midamerica_to_st_louis_union_station_2026-03-09_0110,midamerica_to_st_louis_union_station,MidAmerica to St. Louis Union Station,MidAmerica St. Louis Airport,St. Louis Union Station,38.5451731,-89.8351856,38.629167,-90.2075,2026-03-09,March 9th - Monday,w_0110,0.1,0.5,0.3,0.1,69,"[8877, 8873, 8857, 8737, 8732, 8708, 8703, 7679, 7654, 7652, 7631, 7627, 8262, 8257, 8243, 8239, 8214, 8235, 7358, 7357, 7359, 7360, 7352, 7351, 7353, 7367, 7345, 7346, 7368, 7446, 7459, 7458, 7457, 7468, 7436, 7469, 7471, 7481, 7482, 7486, 7315, 7540, 7546, 7560, 7574, 7575, 7592, 7593, 1919, 1922, 1926, 1952, 2132, 2136, 2162, 2165, 2182, 2184, 2186, 2421, 2205, 2450, 2451, 2369, 2375, 2399, 2401, 2404, 2715]",0.03368400002364069,success,,56.43276996651548,62.10791281287613,6.634122356770627,3.140660333747685,31.000000000000004,13.570050559797231
stl_midamerica_to_st_louis_union_station_2026-03-09_0111,midamerica_to_st_louis_union_station,MidAmerica to St. Louis Union Station,MidAmerica St. Louis Airport,St. Louis Union Station,38.5451731,-89.8351856,38.629167,-90.2075,2026-03-09,March 9th - Monday,w_0111,0.1,0.5,0.4,0.0,72,"[8877, 8873, 8857, 8737, 8732, 8709, 8705, 8702, 7656, 7651, 7648, 8263, 8261, 8258, 8232, 8240, 8213, 8214, 8235, 7358, 7357, 7359, 7360, 7352, 7351, 7353, 7367, 7345, 7346, 7368, 7446, 7459, 7458, 7457, 7468, 7436, 7469, 7471, 7481, 7480, 7483, 7311, 7316, 7538, 7541, 7534, 7567, 7573, 7576, 7600, 7605, 1918, 1925, 2114, 2130, 2134, 2135, 2144, 2179, 2181, 2184, 2186, 2421, 2205, 2450, 2451, 2369, 2375, 2399, 2401, 2404, 2715]",0.028214999998454005,success,,57.5548958747499,63.342884941925384,6.4580389986191715,2.885250578969636,34.0,10.71740822508998
stl_midamerica_to_st_louis_union_station_2026-03-09_0112,midamerica_to_st_louis_union_station,MidAmerica to St. Louis Union Station,MidAmerica St. Louis Airport,St. Louis Union Station,38.5451731,-89.8351856,38.629167,-90.2075,2026-03-09,March 9th - Monday,w_0112,0.1,0.6,0.0,0.3,68,"[8877, 8861, 8741, 8736, 8734, 8707, 7682, 7678, 7655, 7635, 7630, 7628, 8260, 7617, 8242, 8237, 8235, 7358, 7357, 7359, 7360, 7352, 7351, 7353, 7367, 7345, 7346, 7368, 7446, 7445, 7458, 7457, 7468, 7436, 7435, 7471, 7481, 7482, 7486, 7315, 7540, 7546, 7560, 7574, 7575, 7592, 7593, 1919, 1922, 1926, 1952, 2132, 2136, 2162, 2165, 2182, 2184, 2186, 2419, 2423, 2448, 2452, 2454, 2372, 2399, 2401, 2404, 2715]",0.03880959999514744,success,,55.52680328940044,61.110837896528444,6.531695492477898,6.095567761925643,31.000000000000004,19.330101085139585
stl_midamerica_to_st_louis_union_station_2026-03-09_0113,midamerica_to_st_louis_union_station,MidAmerica to St. Louis Union Station,MidAmerica St. Louis Airport,St. Louis Union Station,38.5451731,-89.8351856,38.629167,-90.2075,2026-03-09,March 9th - Monday,w_0113,0.1,0.6,0.1,0.2,69,"[8877, 8873, 8857, 8737, 8732, 8708, 8703, 7679, 7654, 7652, 7631, 7627, 8262, 8257, 8243, 8239, 8214, 8235, 7358, 7357, 7359, 7360, 7352, 7351, 7353, 7367, 7345, 7346, 7368, 7446, 7459, 7458, 7457, 7468, 7436, 7469, 7471, 7481, 7482, 7486, 7315, 7540, 7546, 7560, 7574, 7575, 7592, 7593, 1919, 1922, 1926, 1952, 2132, 2136, 2162, 2165, 2182, 2184, 2186, 2421, 2205, 2450, 2451, 2369, 2375, 2399, 2401, 2404, 2715]",0.037764000007882714,success,,56.43276996651548,62.10791281287613,6.634122356770627,3.140660333747685,31.000000000000004,16.70533072872476
stl_midamerica_to_st_louis_union_station_2026-03-09_0114,midamerica_to_st_louis_union_station,MidAmerica to St. Louis Union Station,MidAmerica St. Louis Airport,St. Louis Union Station,38.5451731,-89.8351856,38.629167,-90.2075,2026-03-09,March 9th - Monday,w_0114,0.1,0.6,0.2,0.1,69,"[8877, 8873, 8857, 8737, 8732, 8708, 8703, 7679, 7654, 7652, 7631, 7627, 8262, 8257, 8243, 8239, 8214, 8235, 7358, 7357, 7359, 7360, 7352, 7351, 7353, 7367, 7345, 7346, 7368, 7446, 7459, 7458, 7457, 7468, 7436, 7469, 7471, 7481, 7482, 7486, 7315, 7540, 7546, 7560, 7574, 7575, 7592, 7593, 1919, 1922, 1926, 1952, 2132, 2136, 2162, 2165, 2182, 2184, 2186, 2421, 2205, 2450, 2451, 2369, 2375, 2399, 2401, 2404, 2715]",0.0330334999889601,success,,56.43276996651548,62.10791281287613,6.634122356770627,3.140660333747685,31.000000000000004,13.919396762099527
stl_midamerica_to_st_louis_union_station_2026-03-09_0115,midamerica_to_st_louis_union_station,MidAmerica to St. Louis Union Station,MidAmerica St. Louis Airport,St. Louis Union Station,38.5451731,-89.8351856,38.629167,-90.2075,2026-03-09,March 9th - Monday,w_0115,0.1,0.6,0.3,0.0,72,"[8877, 8873, 8857, 8737, 8732, 8709, 8705, 8702, 7656, 7651, 7648, 8263, 8261, 8258, 8232, 8240, 8213, 8214, 8235, 7358, 7357, 7359, 7360, 7352, 7351, 7353, 7367, 7345, 7346, 7368, 7446, 7459, 7458, 7457, 7468, 7436, 7469, 7471, 7481, 7480, 7483, 7311, 7316, 7538, 7541, 7534, 7567, 7573, 7576, 7600, 7605, 1918, 1925, 2114, 2130, 2134, 2135, 2144, 2179, 2181, 2184, 2186, 2421, 2205, 2450, 2451, 2369, 2375, 2399, 2401, 2404, 2715]",0.028532199998153374,success,,57.5548958747499,63.342884941925384,6.4580389986191715,2.885250578969636,34.0,11.074687067054931
stl_midamerica_to_st_louis_union_station_2026-03-09_0116,midamerica_to_st_louis_union_station,MidAmerica to St. Louis Union Station,MidAmerica St. Louis Airport,St. Louis Union Station,38.5451731,-89.8351856,38.629167,-90.2075,2026-03-09,March 9th - Monday,w_0116,0.1,0.7,0.0,0.2,68,"[8877, 8861, 8741, 8736, 8734, 8707, 7682, 7678, 7655, 7635, 7630, 7628, 8260, 7617, 8242, 8237, 8235, 7358, 7357, 7359, 7360, 7352, 7351, 7353, 7367, 7345, 7346, 7368, 7446, 7445, 7458, 7457, 7468, 7436, 7435, 7471, 7481, 7482, 7486, 7315, 7540, 7546, 7560, 7574, 7575, 7592, 7593, 1919, 1922, 1926, 1952, 2132, 2136, 2162, 2165, 2182, 2184, 2186, 2419, 2423, 2448, 2452, 2454, 2372, 2399, 2401, 2404, 2715]",0.03764880000380799,success,,55.52680328940044,61.110837896528444,6.531695492477898,6.095567761925643,31.000000000000004,16.883270634387372
stl_midamerica_to_st_louis_union_station_2026-03-09_0117,midamerica_to_st_louis_union_station,MidAmerica to St. Louis Union Station,MidAmerica St. Louis Airport,St. Louis Union Station,38.5451731,-89.8351856,38.629167,-90.2075,2026-03-09,March 9th - Monday,w_0117,0.1,0.7,0.1,0.1,68,"[8877, 8861, 8741, 8736, 8734, 8707, 7682, 7678, 7655, 7635, 7630, 7628, 8260, 7617, 8242, 8237, 8235, 7358, 7357, 7359, 7360, 7352, 7351, 7353, 7367, 7345, 7346, 7368, 7446, 7459, 7458, 7457, 7468, 7436, 7469, 7471, 7481, 7482, 7486, 7315, 7540, 7546, 7560, 7574, 7575, 7592, 7593, 1919, 1922, 1926, 1952, 2132, 2136, 2162, 2165, 2182, 2184, 2186, 2421, 2205, 2450, 2451, 2369, 2375, 2399, 2401, 2404, 2715]",0.036249600001610816,success,,56.05872758262535,61.69625498036583,6.607262205294063,3.7149266079038226,31.000000000000004,14.266201702532811
stl_midamerica_to_st_louis_union_station_2026-03-09_0118,midamerica_to_st_louis_union_station,MidAmerica to St. Louis Union Station,MidAmerica St. Louis Airport,St. Louis Union Station,38.5451731,-89.8351856,38.629167,-90.2075,2026-03-09,March 9th - Monday,w_0118,0.1,0.7,0.2,0.0,72,"[8877, 8873, 8857, 8737, 8732, 8709, 8705, 8702, 7656, 7651, 7648, 8263, 8261, 8258, 8232, 8240, 8213, 8214, 8235, 7358, 7357, 7359, 7360, 7352, 7351, 7353, 7367, 7345, 7346, 7368, 7446, 7459, 7458, 7457, 7468, 7436, 7469, 7471, 7481, 7480, 7483, 7311, 7316, 7538, 7541, 7534, 7567, 7573, 7576, 7600, 7605, 1918, 1925, 2114, 2130, 2134, 2135, 2144, 2179, 2181, 2184, 2186, 2421, 2205, 2450, 2451, 2369, 2375, 2399, 2401, 2404, 2715]",0.03030479999142699,success,,57.5548958747499,63.342884941925384,6.4580389986191715,2.885250578969636,34.0,11.431965909019885
stl_midamerica_to_st_louis_union_station_2026-03-09_0119,midamerica_to_st_louis_union_station,MidAmerica to St. Louis Union Station,MidAmerica St. Louis Airport,St. Louis Union Station,38.5451731,-89.8351856,38.629167,-90.2075,2026-03-09,March 9th - Monday,w_0119,0.1,0.8,0.0,0.1,68,"[8877, 8861, 8741, 8736, 8734, 8707, 7682, 7678, 7655, 7635, 7630, 7628, 8260, 7617, 8242, 8237, 8235, 7358, 7357, 7359, 7360, 7352, 7351, 7353, 7367, 7345, 7346, 7368, 7446, 7445, 7458, 7457, 7468, 7436, 7435, 7471, 7481, 7482, 7486, 7315, 7540, 7546, 7560, 7574, 7575, 7592, 7593, 1919, 1922, 1926, 1952, 2132, 2136, 2162, 2165, 2182, 2184, 2186, 2419, 2423, 2448, 2452, 2454, 2372, 2399, 2401, 2404, 2715]",0.03719820000696927,success,,55.52680328940044,61.110837896528444,6.531695492477898,6.095567761925643,31.000000000000004,14.436440183635163
stl_midamerica_to_st_louis_union_station_2026-03-09_0120,midamerica_to_st_louis_union_station,MidAmerica to St. Louis Union Station,MidAmerica St. Louis Airport,St. Louis Union Station,38.5451731,-89.8351856,38.629167,-90.2075,2026-03-09,March 9th - Monday,w_0120,0.1,0.8,0.1,0.0,70,"[8877, 8873, 8857, 8737, 8732, 8709, 8705, 8702, 7656, 7651, 7648, 8263, 8261, 8258, 8232, 8240, 8213, 8214, 8235, 7358, 7357, 7359, 7360, 7352, 7351, 7353, 7367, 7345, 7346, 7368, 7446, 7459, 7458, 7457, 7468, 7436, 7469, 7471, 7481, 7482, 7486, 7315, 7540, 7546, 7560, 7574, 7575, 7592, 7593, 1919, 1922, 1926, 1952, 2132, 2136, 2162, 2165, 2182, 2184, 2186, 2421, 2205, 2450, 2451, 2369, 2375, 2399, 2401, 2404, 2715]",0.03174810000928119,success,,56.806890642070165,62.51965681042635,6.527011216215897,3.140660333747685,32.0,11.78764068739012
stl_midamerica_to_st_louis_union_station_2026-03-09_0121,midamerica_to_st_louis_union_station,MidAmerica to St. Louis Union Station,MidAmerica St. Louis Airport,St. Louis Union Station,38.5451731,-89.8351856,38.629167,-90.2075,2026-03-09,March 9th - Monday,w_0121,0.1,0.9,0.0,0.0,70,"[8877, 8861, 8741, 8736, 8734, 8707, 7682, 7678, 7655, 7635, 7630, 7628, 8260, 7617, 8242, 8237, 8235, 7358, 7357, 7359, 7360, 7352, 7351, 7353, 7367, 7345, 7346, 7368, 7446, 7445, 7458, 7457, 7468, 7436, 7435, 7471, 7481, 7482, 7486, 7315, 7540, 7546, 7560, 7574, 7575, 7592, 7593, 1919, 1922, 1926, 1952, 2132, 2136, 2162, 2165, 2182, 2184, 2186, 2419, 2423, 2448, 2452, 2454, 2369, 2370, 2373, 2398, 2709, 2711, 2715]",0.03156659999513067,success,,56.80421942151068,62.516716959454804,6.373958814725699,7.695767157437005,32.6,11.98823462919861
stl_midamerica_to_st_louis_union_station_2026-03-09_0122,midamerica_to_st_louis_union_station,MidAmerica to St. Louis Union Station,MidAmerica St. Louis Airport,St. Louis Union Station,38.5451731,-89.8351856,38.629167,-90.2075,2026-03-09,March 9th - Monday,w_0122,0.2,0.0,0.0,0.8,67,"[8877, 8876, 8892, 8897, 8899, 8926, 9788, 10013, 10014, 10036, 10052, 10054, 10061, 10051, 10049, 10048, 10050, 10253, 10252, 10241, 10240, 10248, 10246, 10247, 10245, 10231, 10230, 10262, 10150, 10148, 10149, 10151, 10161, 10159, 10158, 10160, 10166, 10168, 10167, 10169, 2247, 2269, 2268, 2257, 2256, 2254, 2279, 2293, 2296, 2301, 2303, 2491, 2492, 2818, 2496, 2507, 2506, 2828, 2505, 2809, 2811, 2810, 2728, 2730, 2731, 2729, 2715]",0.03475280001293868,success,,46.683328700980354,51.37802221113185,29.474393947782595,11.160766941646196,22.600000000000012,28.35560444222638
stl_midamerica_to_st_louis_union_station_2026-03-09_0123,midamerica_to_st_louis_union_station,MidAmerica to St. Louis Union Station,MidAmerica St. Louis Airport,St. Louis Union Station,38.5451731,-89.8351856,38.629167,-90.2075,2026-03-09,March 9th - Monday,w_0123,0.2,0.0,0.1,0.7,67,"[8877, 8876, 8892, 8897, 8899, 8926, 9788, 10013, 10014, 10036, 10052, 10054, 10061, 10051, 10049, 10048, 10050, 10253, 10252, 10241, 10240, 10248, 10246, 10247, 10245, 10231, 10230, 10262, 10150, 10148, 10149, 10151, 10161, 10159, 10158, 10160, 10166, 10168, 10167, 10169, 2247, 2269, 2268, 2278, 2283, 2508, 2286, 2298, 2300, 2304, 2307, 2491, 2492, 2818, 2496, 2507, 2506, 2828, 2505, 2809, 2811, 2810, 2728, 2730, 2731, 2729, 2715]",0.03510830001323484,success,,46.683794018220816,51.37853432284669,28.536414303461722,9.217492375120946,22.600000000000012,27.01745610208144
stl_midamerica_to_st_louis_union_station_2026-03-09_0124,midamerica_to_st_louis_union_station,MidAmerica to St. Louis Union Station,MidAmerica St. Louis Airport,St. Louis Union Station,38.5451731,-89.8351856,38.629167,-90.2075,2026-03-09,March 9th - Monday,w_0124,0.2,0.0,0.2,0.6,67,"[8877, 8876, 8892, 8897, 8899, 8926, 9788, 10013, 10014, 10036, 10052, 10054, 10061, 10051, 10049, 10048, 10050, 10253, 10252, 10241, 10240, 10248, 10246, 10247, 10245, 10231, 10230, 10262, 10150, 10148, 10149, 10151, 10161, 10156, 10154, 10155, 10162, 10164, 10163, 10165, 2244, 2246, 2268, 2278, 2283, 2508, 2286, 2298, 2300, 2304, 2531, 2819, 2820, 2822, 2825, 2836, 2848, 2850, 2837, 2859, 2858, 2815, 2759, 2734, 2731, 2729, 2715]",0.03271629998926073,success,,48.81678601447848,53.726029953713976,28.570091945307983,5.278783894524551,22.600000000000012,25.360962769647713
stl_midamerica_to_st_louis_union_station_2026-03-09_0125,midamerica_to_st_louis_union_station,MidAmerica to St. Louis Union Station,MidAmerica St. Louis Airport,St. Louis Union Station,38.5451731,-89.8351856,38.629167,-90.2075,2026-03-09,March 9th - Monday,w_0125,0.2,0.0,0.3,0.5,67,"[8877, 8876, 8892, 8897, 8899, 8926, 9788, 10013, 10014, 10036, 10052, 10054, 10061, 10051, 10049, 10048, 10050, 10253, 10252, 10241, 10240, 10248, 10246, 10247, 10245, 10231, 10230, 10262, 10150, 10148, 10149, 10151, 10161, 10156, 10154, 10155, 10162, 10164, 10163, 10165, 2244, 2246, 2268, 2278, 2283, 2508, 2286, 2298, 2300, 2304, 2531, 2819, 2820, 2822, 2825, 2836, 2848, 2850, 2837, 2859, 2858, 2815, 2759, 2734, 2731, 2729, 2715]",0.029837499983841553,success,,48.81678601447848,53.726029953713976,28.570091945307983,5.278783894524551,22.600000000000012,23.62884115910017
stl_midamerica_to_st_louis_union_station_2026-03-09_0126,midamerica_to_st_louis_union_station,MidAmerica to St. Louis Union Station,MidAmerica St. Louis Airport,St. Louis Union Station,38.5451731,-89.8351856,38.629167,-90.2075,2026-03-09,March 9th - Monday,w_0126,0.2,0.0,0.4,0.4,67,"[8877, 8876, 8892, 8897, 8899, 8926, 9788, 10013, 10014, 10036, 10052, 10054, 10061, 10051, 10049, 10048, 10050, 10253, 10252, 10241, 10240, 10248, 10246, 10247, 10245, 10231, 10230, 10262, 10150, 10148, 10149, 10151, 10161, 10156, 10154, 10155, 10162, 10164, 10163, 10165, 2244, 2246, 2268, 2278, 2283, 2508, 2286, 2298, 2300, 2304, 2531, 2819, 2820, 2822, 2825, 2836, 2848, 2850, 2837, 2859, 2858, 2815, 2759, 2734, 2731, 2729, 2715]",0.02689129998907447,success,,48.81678601447848,53.726029953713976,28.570091945307983,5.278783894524551,22.600000000000012,21.89671954855262
stl_midamerica_to_st_louis_union_station_2026-03-09_0127,midamerica_to_st_louis_union_station,MidAmerica to St. Louis Union Station,MidAmerica St. Louis Airport,St. Louis Union Station,38.5451731,-89.8351856,38.629167,-90.2075,2026-03-09,March 9th - Monday,w_0127,0.2,0.0,0.5,0.3,67,"[8877, 8876, 8892, 8897, 8899, 8926, 9788, 10013, 10014, 10036, 10052, 10054, 10061, 10051, 10049, 10048, 10050, 10253, 10252, 10241, 10240, 10248, 10246, 10247, 10245, 10231, 10230, 10262, 10150, 10148, 10149, 10151, 10161, 10156, 10154, 10155, 10162, 10164, 10163, 10165, 2244, 2246, 2268, 2278, 2283, 2508, 2286, 2298, 2300, 2304, 2531, 2819, 2820, 2822, 2825, 2836, 2848, 2850, 2837, 2859, 2858, 2815, 2759, 2734, 2731, 2729, 2715]",0.025663299980806187,success,,48.81678601447848,53.726029953713976,28.570091945307983,5.278783894524551,22.600000000000012,20.164597938005077
stl_midamerica_to_st_louis_union_station_2026-03-09_0128,midamerica_to_st_louis_union_station,MidAmerica to St. Louis Union Station,MidAmerica St. Louis Airport,St. Louis Union Station,38.5451731,-89.8351856,38.629167,-90.2075,2026-03-09,March 9th - Monday,w_0128,0.2,0.0,0.6,0.2,67,"[8877, 8876, 8892, 8897, 8899, 8926, 9788, 10013, 10014, 10036, 10052, 10054, 10061, 10051, 10049, 10048, 10050, 10253, 10252, 10241, 10240, 10248, 10246, 10247, 10245, 10231, 10230, 10262, 10150, 10148, 10149, 10151, 10161, 10156, 10154, 10155, 10162, 10164, 10163, 10165, 2244, 2246, 2268, 2278, 2283, 2508, 2286, 2298, 2300, 2304, 2531, 2819, 2820, 2822, 2825, 2836, 2848, 2850, 2837, 2859, 2858, 2815, 2759, 2734, 2731, 2729, 2715]",0.02567299999645911,success,,48.81678601447848,53.726029953713976,28.570091945307983,5.278783894524551,22.600000000000012,18.43247632745753
stl_midamerica_to_st_louis_union_station_2026-03-09_0129,midamerica_to_st_louis_union_station,MidAmerica to St. Louis Union Station,MidAmerica St. Louis Airport,St. Louis Union Station,38.5451731,-89.8351856,38.629167,-90.2075,2026-03-09,March 9th - Monday,w_0129,0.2,0.0,0.7,0.1,69,"[8877, 8861, 8864, 8865, 8866, 8863, 7715, 7713, 7714, 9726, 9727, 9729, 9728, 9719, 9718, 9716, 9717, 7794, 7793, 7795, 7796, 7804, 7803, 7805, 7813, 7814, 7811, 7812, 9817, 9816, 9819, 9818, 7905, 7901, 7902, 7903, 7916, 7915, 7914, 7913, 1933, 1931, 1932, 1917, 1943, 1946, 1970, 1983, 1998, 2003, 2000, 2191, 2194, 2193, 2192, 2185, 2184, 2186, 2421, 2205, 2450, 2451, 2369, 2375, 2399, 2401, 2406, 2729, 2715]",0.019863599998643622,success,,49.00456878084652,53.93269703187205,29.18730134339127,1.8881849111714815,38.6,15.968268844194448
stl_midamerica_to_st_louis_union_station_2026-03-09_0130,midamerica_to_st_louis_union_station,MidAmerica to St. Louis Union Station,MidAmerica St. Louis Airport,St. Louis Union Station,38.5451731,-89.8351856,38.629167,-90.2075,2026-03-09,March 9th - Monday,w_0130,0.2,0.0,0.8,0.0,69,"[8877, 8861, 8864, 8865, 8866, 8863, 7715, 7713, 7714, 9726, 9727, 9729, 9728, 9719, 9718, 9716, 9717, 7794, 7793, 7795, 7796, 7804, 7803, 7805, 7813, 7814, 7811, 7812, 9817, 9816, 9819, 9818, 7905, 7901, 7902, 7903, 7916, 7915, 7914, 7913, 1933, 1931, 1932, 1917, 1943, 1946, 1970, 1983, 1998, 2003, 2000, 2191, 2194, 2193, 2192, 2185, 2184, 2186, 2421, 2205, 2450, 2451, 2369, 2375, 2399, 2401, 2406, 2729, 2715]",0.012056799983838573,success,,49.00456878084652,53.93269703187205,29.18730134339127,1.8881849111714815,38.6,12.297087335311597
stl_midamerica_to_st_louis_union_station_2026-03-09_0131,midamerica_to_st_louis_union_station,MidAmerica to St. Louis Union Station,MidAmerica St. Louis Airport,St. Louis Union Station,38.5451731,-89.8351856,38.629167,-90.2075,2026-03-09,March 9th - Monday,w_0131,0.2,0.1,0.0,0.7,68,"[8877, 8881, 8904, 8922, 8923, 8927, 9145, 10016, 10018, 10062, 10055, 10058, 10094, 10096, 10103, 10104, 10110, 10109, 10291, 10512, 10290, 10513, 10298, 10295, 10296, 10297, 10307, 10305, 10306, 10319, 10321, 10320, 10318, 10211, 10210, 10208, 10209, 10326, 10328, 10322, 10191, 2276, 2518, 2277, 2509, 2287, 2508, 2286, 2298, 2300, 2301, 2307, 2491, 2492, 2818, 2496, 2507, 2506, 2828, 2505, 2809, 2811, 2810, 2728, 2730, 2731, 2729, 2715]",0.03583420001086779,success,,48.13050890304261,52.970737611554924,17.889506298497306,12.84232965795802,22.600000000000012,28.203098152160724
stl_midamerica_to_st_louis_union_station_2026-03-09_0132,midamerica_to_st_louis_union_station,MidAmerica to St. Louis Union Station,MidAmerica St. Louis Airport,St. Louis Union Station,38.5451731,-89.8351856,38.629167,-90.2075,2026-03-09,March 9th - Monday,w_0132,0.2,0.1,0.1,0.6,68,"[8877, 8881, 8904, 8922, 8923, 8927, 9145, 10016, 10018, 10062, 10055, 10058, 10094, 10096, 10103, 10104, 10110, 10109, 10291, 10512, 10290, 10289, 10294, 10281, 10292, 10293, 10304, 10303, 10302, 10315, 10316, 10317, 10314, 10207, 10206, 10204, 10205, 10189, 10190, 10188, 10191, 2276, 2518, 2277, 2509, 2287, 2508, 2286, 2298, 2300, 2301, 2307, 2491, 2492, 2818, 2496, 2507, 2506, 2828, 2505, 2809, 2811, 2810, 2728, 2730, 2731, 2729, 2715]",0.03371849999530241,success,,48.12963633259222,52.96977729134579,17.942810491010906,11.059860950056768,22.600000000000012,27.054222602375937
stl_midamerica_to_st_louis_union_station_2026-03-09_0133,midamerica_to_st_louis_union_station,MidAmerica to St. Louis Union Station,MidAmerica St. Louis Airport,St. Louis Union Station,38.5451731,-89.8351856,38.629167,-90.2075,2026-03-09,March 9th - Monday,w_0133,0.2,0.1,0.2,0.5,68,"[8877, 8881, 8904, 8922, 8923, 8927, 9145, 10016, 10018, 10062, 10055, 10058, 10094, 10096, 10103, 10104, 10110, 10109, 10291, 10512, 10290, 10289, 10294, 10281, 10292, 10293, 10304, 10303, 10302, 10315, 10316, 10312, 10181, 10203, 10200, 10202, 10201, 10185, 10182, 10171, 10183, 2270, 2272, 2274, 2285, 2283, 2508, 2286, 2298, 2300, 2304, 2531, 2819, 2820, 2822, 2825, 2836, 2848, 2850, 2837, 2859, 2858, 2860, 2759, 2734, 2731, 2729, 2715]",0.032604800013359636,success,,50.79523521294086,55.903441241441215,18.043145511267397,6.945897609032696,22.600000000000012,25.67418232122153
stl_midamerica_to_st_louis_union_station_2026-03-09_0134,midamerica_to_st_louis_union_station,MidAmerica to St. Louis Union Station,MidAmerica St. Louis Airport,St. Louis Union Station,38.5451731,-89.8351856,38.629167,-90.2075,2026-03-09,March 9th - Monday,w_0134,0.2,0.1,0.3,0.4,68,"[8877, 8881, 8904, 8922, 8923, 8927, 9145, 10016, 10018, 10062, 10055, 10058, 10094, 10096, 10103, 10104, 10110, 10109, 10291, 10512, 10290, 10289, 10294, 10281, 10292, 10293, 10304, 10303, 10302, 10315, 10316, 10312, 10181, 10199, 10193, 10158, 10160, 10166, 10168, 10167, 10169, 2247, 2272, 2274, 2285, 2283, 2508, 2286, 2298, 2300, 2304, 2531, 2819, 2820, 2822, 2825, 2836, 2848, 2850, 2837, 2859, 2858, 2860, 2759, 2734, 2731, 2729, 2715]",0.03140290000010282,success,,51.32745383986474,56.489182258548624,19.448692536273175,5.918205156883405,22.600000000000012,24.058167252402068
stl_midamerica_to_st_louis_union_station_2026-03-09_0135,midamerica_to_st_louis_union_station,MidAmerica to St. Louis Union Station,MidAmerica St. Louis Airport,St. Louis Union Station,38.5451731,-89.8351856,38.629167,-90.2075,2026-03-09,March 9th - Monday,w_0135,0.2,0.1,0.4,0.3,68,"[8877, 8881, 8904, 8922, 8923, 8927, 9145, 10016, 10018, 10062, 10055, 10058, 10094, 10096, 10103, 10104, 10110, 10109, 10291, 10512, 10290, 10289, 10294, 10281, 10292, 10293, 10304, 10303, 10302, 10315, 10316, 10317, 10314, 10207, 10206, 10204, 10205, 10323, 10328, 10329, 10327, 2548, 2550, 2556, 2549, 2542, 2546, 2579, 2560, 2564, 2567, 2566, 2844, 2842, 2838, 2827, 2836, 2848, 2850, 2837, 2859, 2858, 2860, 2759, 2734, 2731, 2729, 2715]",0.0302942999987863,success,,50.7993720667995,55.90799411663985,15.663849483566025,5.539374076252504,24.400000000000016,22.28373340218558
stl_midamerica_to_st_louis_union_station_2026-03-09_0136,midamerica_to_st_louis_union_station,MidAmerica to St. Louis Union Station,MidAmerica St. Louis Airport,St. Louis Union Station,38.5451731,-89.8351856,38.629167,-90.2075,2026-03-09,March 9th - Monday,w_0136,0.2,0.1,0.5,0.2,68,"[8877, 8881, 8904, 8922, 8923, 8927, 9145, 10016, 10018, 10062, 10055, 10058, 10094, 10096, 10103, 10104, 10110, 10109, 10291, 10512, 10290, 10289, 10294, 10281, 10292, 10293, 10304, 10303, 10302, 10315, 10316, 10317, 10314, 10207, 10206, 10204, 10205, 10189, 10190, 10322, 10327, 2548, 2550, 2556, 2549, 2542, 2546, 2579, 2560, 2564, 2567, 2566, 2844, 2842, 2838, 2827, 2836, 2848, 2850, 2837, 2859, 2858, 2860, 2759, 2734, 2731, 2729, 2715]",0.026763200003188103,success,,51.33214294320638,56.4943429200169,15.765124992156018,5.239900597926796,24.400000000000016,20.37533138218238
stl_midamerica_to_st_louis_union_station_2026-03-09_0137,midamerica_to_st_louis_union_station,MidAmerica to St. Louis Union Station,MidAmerica St. Louis Airport,St. Louis Union Station,38.5451731,-89.8351856,38.629167,-90.2075,2026-03-09,March 9th - Monday,w_0137,0.2,0.1,0.6,0.1,70,"[8877, 8873, 8857, 8737, 8732, 8708, 8703, 7679, 7654, 7652, 7631, 7627, 8262, 8257, 8243, 8239, 8237, 8238, 7362, 7361, 7363, 7364, 7355, 7354, 7356, 7369, 7371, 7372, 7370, 7460, 7459, 7458, 7457, 7468, 7436, 7469, 7471, 7481, 7482, 7486, 7315, 7540, 7546, 7560, 7574, 7575, 7592, 7593, 1919, 1922, 1926, 1952, 2132, 2136, 2162, 2165, 2182, 2184, 2186, 2421, 2205, 2450, 2451, 2369, 2375, 2399, 2401, 2406, 2729, 2715]",0.024731199984671548,success,,56.276421376016245,61.935841078086135,8.015081913338907,2.3769784304606056,31.600000000000005,17.774863465227483
stl_midamerica_to_st_louis_union_station_2026-03-09_0138,midamerica_to_st_louis_union_station,MidAmerica to St. Louis Union Station,MidAmerica St. Louis Airport,St. Louis Union Station,38.5451731,-89.8351856,38.629167,-90.2075,2026-03-09,March 9th - Monday,w_0138,0.2,0.1,0.7,0.0,69,"[8877, 8876, 8868, 8869, 8870, 8867, 9753, 9754, 9755, 9744, 9742, 9729, 9728, 9719, 9718, 9716, 9717, 7794, 7793, 7795, 9914, 9932, 7806, 9933, 9923, 9922, 7815, 7816, 9820, 9832, 9833, 9821, 7905, 7901, 9823, 9822, 7916, 7915, 7914, 7913, 1933, 1931, 1932, 1917, 1943, 1946, 1970, 1983, 1998, 2003, 2000, 2191, 2194, 2193, 2192, 2185, 2184, 2186, 2421, 2205, 2450, 2451, 2369, 2375, 2399, 2401, 2406, 2729, 2715]",0.019535600004019216,success,,49.005647847118404,53.93388461408666,26.206694012780464,1.8881849111714815,38.6,14.729175761915416
stl_midamerica_to_st_louis_union_station_2026-03-09_0139,midamerica_to_st_louis_union_station,MidAmerica to St. Louis Union Station,MidAmerica St. Louis Airport,St. Louis Union Station,38.5451731,-89.8351856,38.629167,-90.2075,2026-03-09,March 9th - Monday,w_0139,0.2,0.2,0.0,0.6,68,"[8877, 8881, 8904, 8922, 8923, 8927, 9145, 10016, 10018, 10062, 10055, 10058, 10094, 10096, 10103, 10104, 10110, 10109, 10516, 10515, 10514, 10517, 10522, 10299, 10300, 10301, 10309, 10308, 10310, 10343, 10345, 10344, 10342, 10355, 10210, 10208, 10209, 10326, 10328, 10322, 10191, 2276, 2518, 2277, 2509, 2287, 2508, 2286, 2298, 2300, 2301, 2307, 2495, 2820, 2823, 2827, 2849, 2848, 2850, 2837, 2859, 2858, 2860, 2763, 2762, 2737, 2732, 2715]",0.03502789998310618,success,,50.26499556893611,55.319878223015614,14.392523489752,14.050998358655537,22.600000000000012,27.502480342553532
stl_midamerica_to_st_louis_union_station_2026-03-09_0140,midamerica_to_st_louis_union_station,MidAmerica to St. Louis Union Station,MidAmerica St. Louis Airport,St. Louis Union Station,38.5451731,-89.8351856,38.629167,-90.2075,2026-03-09,March 9th - Monday,w_0140,0.2,0.2,0.1,0.5,68,"[8877, 8881, 8904, 8922, 8923, 8927, 9145, 10016, 10018, 10062, 10055, 10058, 10094, 10096, 10103, 10104, 10110, 10109, 10516, 10512, 10290, 10289, 10294, 10281, 10292, 10293, 10304, 10303, 10302, 10315, 10316, 10317, 10314, 10207, 10206, 10204, 10205, 10189, 10190, 10188, 10191, 2276, 2518, 2277, 2509, 2287, 2508, 2286, 2298, 2300, 2301, 2307, 2495, 2820, 2823, 2827, 2849, 2848, 2850, 2837, 2859, 2858, 2860, 2763, 2758, 2733, 2729, 2715]",0.036297200014814734,success,,50.26337490476467,55.3180945772878,15.066538202442601,10.192808074613628,22.600000000000012,26.39620736340745
stl_midamerica_to_st_louis_union_station_2026-03-09_0141,midamerica_to_st_louis_union_station,MidAmerica to St. Louis Union Station,MidAmerica St. Louis Airport,St. Louis Union Station,38.5451731,-89.8351856,38.629167,-90.2075,2026-03-09,March 9th - Monday,w_0141,0.2,0.2,0.2,0.4,68,"[8877, 8881, 8904, 8922, 8923, 8927, 9145, 10016, 10018, 10062, 10055, 10058, 10094, 10096, 10103, 10104, 10110, 10109, 10516, 10512, 10290, 10289, 10294, 10281, 10292, 10293, 10304, 10303, 10302, 10315, 10316, 10317, 10314, 10207, 10206, 10204, 10205, 10323, 10328, 10329, 10327, 2548, 2550, 2556, 2549, 2542, 2540, 2539, 2533, 2536, 2562, 2566, 2844, 2842, 2838, 2827, 2849, 2848, 2850, 2837, 2859, 2858, 2860, 2759, 2734, 2731, 2729, 2715]",0.0331702999828849,success,,51.3319092772517,56.49408575552276,15.014730976005406,6.081978488869374,23.800000000000015,25.038159044079514
stl_midamerica_to_st_louis_union_station_2026-03-09_0142,midamerica_to_st_louis_union_station,MidAmerica to St. Louis Union Station,MidAmerica St. Louis Airport,St. Louis Union Station,38.5451731,-89.8351856,38.629167,-90.2075,2026-03-09,March 9th - Monday,w_0142,0.2,0.2,0.3,0.3,68,"[8877, 8881, 8904, 8922, 8923, 8927, 9145, 10016, 10018, 10062, 10055, 10058, 10094, 10096, 10103, 10104, 10110, 10109, 10516, 10512, 10290, 10289, 10294, 10281, 10292, 10293, 10304, 10303, 10302, 10315, 10316, 10317, 10314, 10207, 10206, 10204, 10205, 10323, 10328, 10329, 10327, 2548, 2550, 2556, 2549, 2542, 2546, 2579, 2560, 2564, 2567, 2566, 2844, 2842, 2838, 2827, 2849, 2848, 2850, 2837, 2859, 2858, 2860, 2759, 2734, 2731, 2729, 2715]",0.030342300015036017,success,,50.799248333867304,55.90785794054625,14.60707907155248,5.931877218164064,24.400000000000016,23.20255056786897
stl_midamerica_to_st_louis_union_station_2026-03-09_0143,midamerica_to_st_louis_union_station,MidAmerica to St. Louis Union Station,MidAmerica St. Louis Airport,St. Louis Union Station,38.5451731,-89.8351856,38.629167,-90.2075,2026-03-09,March 9th - Monday,w_0143,0.2,0.2,0.4,0.2,69,"[8877, 8873, 8857, 8737, 8732, 8708, 8703, 7679, 7654, 7652, 7631, 7627, 8262, 8257, 8243, 8239, 8237, 8238, 7362, 7361, 7363, 7364, 7355, 7354, 7356, 7369, 7371, 7372, 7370, 7460, 7459, 7458, 7457, 7468, 7436, 7469, 7471, 7481, 7482, 7486, 7315, 7540, 7546, 7560, 7574, 7575, 7592, 7593, 1919, 1922, 1926, 1952, 2132, 2136, 2162, 2165, 2182, 2184, 2186, 2421, 2205, 2450, 2451, 2369, 2375, 2399, 2401, 2404, 2715]",0.02942780000739731,success,,55.90142298617114,61.5231310991982,7.014976661260178,3.140660333747685,31.000000000000004,21.163885685590753
stl_midamerica_to_st_louis_union_station_2026-03-09_0144,midamerica_to_st_louis_union_station,MidAmerica to St. Louis Union Station,MidAmerica St. Louis Airport,St. Louis Union Station,38.5451731,-89.8351856,38.629167,-90.2075,2026-03-09,March 9th - Monday,w_0144,0.2,0.2,0.5,0.1,70,"[8877, 8873, 8857, 8737, 8732, 8708, 8703, 7679, 7654, 7652, 7631, 7627, 8262, 8257, 8243, 8239, 8237, 8238, 7362, 7361, 7363, 7364, 7355, 7354, 7356, 7369, 7371, 7372, 7370, 7460, 7459, 7458, 7457, 7468, 7436, 7469, 7471, 7481, 7482, 7486, 7315, 7540, 7546, 7560, 7574, 7575, 7592, 7593, 1919, 1922, 1926, 1952, 2132, 2136, 2162, 2165, 2182, 2184, 2186, 2421, 2205, 2450, 2451, 2369, 2375, 2399, 2401, 2406, 2729, 2715]",0.023876499995822087,success,,56.276421376016245,61.935841078086135,8.015081913338907,2.3769784304606056,31.600000000000005,18.338673813515314
stl_midamerica_to_st_louis_union_station_2026-03-09_0145,midamerica_to_st_louis_union_station,MidAmerica to St. Louis Union Station,MidAmerica St. Louis Airport,St. Louis Union Station,38.5451731,-89.8351856,38.629167,-90.2075,2026-03-09,March 9th - Monday,w_0145,0.2,0.2,0.6,0.0,71,"[8877, 8861, 8864, 8865, 8866, 8863, 7715, 7713, 7709, 7705, 7700, 7698, 7661, 7668, 7643, 7641, 7626, 7385, 7381, 7366, 7364, 7355, 7354, 7356, 7369, 7371, 7372, 7370, 7460, 7459, 7458, 7457, 7468, 7436, 7469, 7471, 7481, 7480, 7483, 7311, 7316, 7538, 7541, 7534, 7567, 7573, 7576, 7600, 7605, 1918, 1925, 2114, 2130, 2134, 2135, 2144, 2179, 2181, 2184, 2186, 2421, 2205, 2450, 2451, 2369, 2375, 2399, 2401, 2406, 2729, 2715]",0.0202951000246685,success,,56.653239238035326,62.35055350376545,8.193382472450898,2.1215686756825565,35.6,15.381728400652804
stl_midamerica_to_st_louis_union_station_2026-03-09_0146,midamerica_to_st_louis_union_station,MidAmerica to St. Louis Union Station,MidAmerica St. Louis Airport,St. Louis Union Station,38.5451731,-89.8351856,38.629167,-90.2075,2026-03-09,March 9th - Monday,w_0146,0.2,0.3,0.0,0.5,68,"[8877, 8881, 8904, 8922, 8923, 8927, 9145, 10016, 10018, 10062, 10055, 10058, 10094, 10096, 10103, 10104, 10110, 10109, 10516, 10515, 10514, 10517, 10522, 10299, 10300, 10301, 10309, 10308, 10310, 10343, 10345, 10344, 10342, 10355, 10210, 10208, 10209, 10326, 10328, 10322, 10191, 2276, 2518, 2277, 2509, 2287, 2508, 2286, 2298, 2300, 2301, 2307, 2495, 2820, 2823, 2827, 2849, 2848, 2850, 2837, 2859, 2858, 2860, 2763, 2762, 2737, 2732, 2715]",0.03346989999408834,success,,50.26499556893611,55.319878223015614,14.392523489752,14.050998358655537,22.600000000000012,26.68173269152873
stl_midamerica_to_st_louis_union_station_2026-03-09_0147,midamerica_to_st_louis_union_station,MidAmerica to St. Louis Union Station,MidAmerica St. Louis Airport,St. Louis Union Station,38.5451731,-89.8351856,38.629167,-90.2075,2026-03-09,March 9th - Monday,w_0147,0.2,0.3,0.1,0.4,68,"[8877, 8881, 8904, 8922, 8923, 8927, 9145, 10016, 10018, 10062, 10055, 10058, 10094, 10096, 10103, 10104, 10110, 10109, 10516, 10515, 10514, 10517, 10298, 10295, 10296, 10297, 10307, 10305, 10306, 10319, 10321, 10320, 10318, 10211, 10210, 10208, 10209, 10326, 10328, 10329, 10327, 2522, 2524, 2523, 2514, 2517, 2515, 2516, 2530, 2534, 2559, 2558, 2840, 2839, 2838, 2827, 2849, 2848, 2850, 2837, 2859, 2858, 2863, 2767, 2762, 2737, 2732, 2715]",0.0332629999902565,success,,49.73326906991552,54.73467882449129,13.839776579082724,12.088130261742844,23.200000000000014,25.587681764797367
stl_midamerica_to_st_louis_union_station_2026-03-09_0148,midamerica_to_st_louis_union_station,MidAmerica to St. Louis Union Station,MidAmerica St. Louis Airport,St. Louis Union Station,38.5451731,-89.8351856,38.629167,-90.2075,2026-03-09,March 9th - Monday,w_0148,0.2,0.3,0.2,0.3,68,"[8877, 8881, 8904, 8922, 8923, 8927, 9145, 10016, 10018, 10062, 10055, 10058, 10094, 10096, 10103, 10104, 10110, 10109, 10516, 10512, 10290, 10289, 10294, 10281, 10292, 10293, 10304, 10303, 10302, 10315, 10316, 10317, 10314, 10207, 10206, 10204, 10205, 10323, 10328, 10329, 10327, 2548, 2550, 2556, 2553, 2544, 2546, 2579, 2560, 2564, 2567, 2566, 2844, 2842, 2838, 2827, 2849, 2848, 2850, 2837, 2859, 2858, 2860, 2763, 2758, 2733, 2729, 2715]",0.03310760000022128,success,,50.2663738767901,55.321395139943036,14.14151810097259,7.055880559991846,24.400000000000016,24.037910570278758
stl_midamerica_to_st_louis_union_station_2026-03-09_0149,midamerica_to_st_louis_union_station,MidAmerica to St. Louis Union Station,MidAmerica St. Louis Airport,St. Louis Union Station,38.5451731,-89.8351856,38.629167,-90.2075,2026-03-09,March 9th - Monday,w_0149,0.2,0.3,0.3,0.2,69,"[8877, 8873, 8857, 8737, 8732, 8708, 8703, 7679, 7654, 7652, 7631, 7627, 8262, 8257, 8243, 8239, 8237, 8238, 7362, 7361, 7363, 7364, 7355, 7354, 7356, 7369, 7371, 7372, 7370, 7460, 7459, 7458, 7457, 7468, 7436, 7469, 7471, 7481, 7482, 7486, 7315, 7540, 7546, 7560, 7574, 7575, 7592, 7593, 1919, 1922, 1926, 1952, 2132, 2136, 2162, 2165, 2182, 2184, 2186, 2421, 2205, 2450, 2451, 2369, 2375, 2399, 2401, 2404, 2715]",0.029299899993930012,success,,55.90142298617114,61.5231310991982,7.014976661260178,3.140660333747685,31.000000000000004,21.551317318342
stl_midamerica_to_st_louis_union_station_2026-03-09_0150,midamerica_to_st_louis_union_station,MidAmerica to St. Louis Union Station,MidAmerica St. Louis Airport,St. Louis Union Station,38.5451731,-89.8351856,38.629167,-90.2075,2026-03-09,March 9th - Monday,w_0150,0.2,0.3,0.4,0.1,69,"[8877, 8873, 8857, 8737, 8732, 8708, 8703, 7679, 7654, 7652, 7631, 7627, 8262, 8257, 8243, 8239, 8237, 8238, 7362, 7361, 7363, 7364, 7355, 7354, 7356, 7369, 7371, 7372, 7370, 7460, 7459, 7458, 7457, 7468, 7436, 7469, 7471, 7481, 7482, 7486, 7315, 7540, 7546, 7560, 7574, 7575, 7592, 7593, 1919, 1922, 1926, 1952, 2132, 2136, 2162, 2165, 2182, 2184, 2186, 2421, 2205, 2450, 2451, 2369, 2375, 2399, 2401, 2404, 2715]",0.026192799996351823,success,,55.90142298617114,61.5231310991982,7.014976661260178,3.140660333747685,31.000000000000004,18.765383351716768
stl_midamerica_to_st_louis_union_station_2026-03-09_0151,midamerica_to_st_louis_union_station,MidAmerica to St. Louis Union Station,MidAmerica St. Louis Airport,St. Louis Union Station,38.5451731,-89.8351856,38.629167,-90.2075,2026-03-09,March 9th - Monday,w_0151,0.2,0.3,0.5,0.0,68,"[8877, 8861, 8864, 8865, 8866, 8863, 7715, 7713, 7709, 7705, 7700, 7698, 7661, 7668, 7643, 7641, 7626, 7385, 7381, 7366, 7364, 7355, 7354, 7356, 7369, 7371, 7372, 7370, 7460, 7459, 7458, 7457, 7468, 7436, 7469, 7471, 7481, 7482, 7486, 7315, 7540, 7546, 7560, 7574, 7575, 7592, 7593, 1919, 1922, 1926, 1952, 2132, 2136, 2162, 2165, 2182, 2184, 2186, 2421, 2205, 2450, 2451, 2369, 2375, 2399, 2401, 2404, 2715]",0.023360899998806417,success,,55.530235615510485,61.11461539337848,7.262249437968894,3.140660333747685,33.0,15.971928076940207
stl_midamerica_to_st_louis_union_station_2026-03-09_0152,midamerica_to_st_louis_union_station,MidAmerica to St. Louis Union Station,MidAmerica St. Louis Airport,St. Louis Union Station,38.5451731,-89.8351856,38.629167,-90.2075,2026-03-09,March 9th - Monday,w_0152,0.2,0.4,0.0,0.4,68,"[8877, 8881, 8904, 8922, 8923, 8927, 9145, 10016, 10018, 10062, 10055, 10058, 10094, 10096, 10103, 10104, 10110, 10109, 10516, 10515, 10514, 10517, 10522, 10299, 10300, 10301, 10309, 10308, 10310, 10343, 10345, 10344, 10342, 10355, 10210, 10208, 10209, 10326, 10328, 10329, 10327, 2522, 2524, 2523, 2514, 2517, 2515, 2516, 2530, 2534, 2532, 2558, 2840, 2839, 2838, 2827, 2849, 2848, 2850, 2837, 2859, 2858, 2863, 2763, 2762, 2737, 2732, 2715]",0.03373049999936484,success,,49.73368752232152,54.73513935842509,13.815790921044528,13.706437159353971,23.200000000000014,25.753344240102834
stl_midamerica_to_st_louis_union_station_2026-03-09_0153,midamerica_to_st_louis_union_station,MidAmerica to St. Louis Union Station,MidAmerica St. Louis Airport,St. Louis Union Station,38.5451731,-89.8351856,38.629167,-90.2075,2026-03-09,March 9th - Monday,w_0153,0.2,0.4,0.1,0.3,68,"[8877, 8881, 8904, 8922, 8923, 8927, 9145, 10016, 10018, 10062, 10055, 10058, 10094, 10096, 10103, 10104, 10110, 10109, 10516, 10515, 10514, 10517, 10298, 10295, 10296, 10297, 10307, 10305, 10306, 10319, 10321, 10320, 10318, 10211, 10210, 10208, 10209, 10326, 10328, 10329, 10327, 2548, 2550, 2556, 2553, 2544, 2546, 2579, 2560, 2564, 2567, 2566, 2844, 2842, 2838, 2827, 2849, 2848, 2850, 2837, 2859, 2858, 2863, 2767, 2762, 2737, 2732, 2715]",0.03272129999822937,success,,50.26764200253484,55.322790794333876,13.21522828236566,9.234758315992508,24.400000000000016,24.594125303412294
stl_midamerica_to_st_louis_union_station_2026-03-09_0154,midamerica_to_st_louis_union_station,MidAmerica to St. Louis Union Station,MidAmerica St. Louis Airport,St. Louis Union Station,38.5451731,-89.8351856,38.629167,-90.2075,2026-03-09,March 9th - Monday,w_0154,0.2,0.4,0.2,0.2,69,"[8877, 8873, 8857, 8737, 8732, 8708, 8703, 7679, 7654, 7652, 7631, 7627, 8262, 8257, 8243, 8239, 8214, 8235, 7358, 7357, 7359, 7360, 7352, 7351, 7353, 7367, 7345, 7346, 7368, 7446, 7459, 7458, 7457, 7468, 7436, 7469, 7471, 7481, 7482, 7486, 7315, 7540, 7546, 7560, 7574, 7575, 7592, 7593, 1919, 1922, 1926, 1952, 2132, 2136, 2162, 2165, 2182, 2184, 2186, 2421, 2205, 2450, 2451, 2369, 2375, 2399, 2401, 2404, 2715]",0.029945899994345382,success,,56.43276996651548,62.10791281287613,6.634122356770627,3.140660333747685,31.000000000000004,21.903363572033015
stl_midamerica_to_st_louis_union_station_2026-03-09_0155,midamerica_to_st_louis_union_station,MidAmerica to St. Louis Union Station,MidAmerica St. Louis Airport,St. Louis Union Station,38.5451731,-89.8351856,38.629167,-90.2075,2026-03-09,March 9th - Monday,w_0155,0.2,0.4,0.3,0.1,69,"[8877, 8873, 8857, 8737, 8732, 8708, 8703, 7679, 7654, 7652, 7631, 7627, 8262, 8257, 8243, 8239, 8214, 8235, 7358, 7357, 7359, 7360, 7352, 7351, 7353, 7367, 7345, 7346, 7368, 7446, 7459, 7458, 7457, 7468, 7436, 7469, 7471, 7481, 7482, 7486, 7315, 7540, 7546, 7560, 7574, 7575, 7592, 7593, 1919, 1922, 1926, 1952, 2132, 2136, 2162, 2165, 2182, 2184, 2186, 2421, 2205, 2450, 2451, 2369, 2375, 2399, 2401, 2404, 2715]",0.024718000000575557,success,,56.43276996651548,62.10791281287613,6.634122356770627,3.140660333747685,31.000000000000004,19.117429605407786
stl_midamerica_to_st_louis_union_station_2026-03-09_0156,midamerica_to_st_louis_union_station,MidAmerica to St. Louis Union Station,MidAmerica St. Louis Airport,St. Louis Union Station,38.5451731,-89.8351856,38.629167,-90.2075,2026-03-09,March 9th - Monday,w_0156,0.2,0.4,0.4,0.0,69,"[8877, 8873, 8857, 8737, 8732, 8708, 8703, 7679, 7654, 7652, 7631, 7627, 8262, 8257, 8243, 8239, 8214, 8235, 7358, 7357, 7359, 7360, 7352, 7351, 7353, 7367, 7345, 7346, 7368, 7446, 7459, 7458, 7457, 7468, 7436, 7469, 7471, 7481, 7482, 7486, 7315, 7540, 7546, 7560, 7574, 7575, 7592, 7593, 1919, 1922, 1926, 1952, 2132, 2136, 2162, 2165, 2182, 2184, 2186, 2421, 2205, 2450, 2451, 2369, 2375, 2399, 2401, 2404, 2715]",0.0226744000101462,success,,56.43276996651548,62.10791281287613,6.634122356770627,3.140660333747685,31.000000000000004,16.331495638782553
stl_midamerica_to_st_louis_union_station_2026-03-09_0157,midamerica_to_st_louis_union_station,MidAmerica to St. Louis Union Station,MidAmerica St. Louis Airport,St. Louis Union Station,38.5451731,-89.8351856,38.629167,-90.2075,2026-03-09,March 9th - Monday,w_0157,0.2,0.5,0.0,0.3,71,"[8877, 8881, 8905, 8906, 8933, 8929, 9143, 9146, 9173, 10020, 10063, 10068, 10070, 10095, 10099, 10422, 10101, 10106, 10104, 10110, 10109, 10516, 10515, 10514, 10517, 10522, 10299, 10300, 10301, 10309, 10308, 10533, 10363, 10350, 10351, 10366, 10376, 10374, 10379, 10378, 10391, 10402, 10403, 10390, 2577, 2576, 2598, 2575, 2587, 10714, 10713, 10722, 2597, 10723, 2596, 2876, 2875, 2874, 2873, 2885, 2879, 2857, 2851, 2861, 2862, 2863, 2763, 2762, 2737, 2732, 2715]",0.03286600002320483,success,,51.931062132498774,57.15349221948604,10.841515156387741,15.82683785091955,26.00000000000002,24.651456022091082
stl_midamerica_to_st_louis_union_station_2026-03-09_0158,midamerica_to_st_louis_union_station,MidAmerica to St. Louis Union Station,MidAmerica St. Louis Airport,St. Louis Union Station,38.5451731,-89.8351856,38.629167,-90.2075,2026-03-09,March 9th - Monday,w_0158,0.2,0.5,0.1,0.2,68,"[8877, 8861, 8741, 8736, 8734, 8707, 7682, 7678, 7655, 7635, 7630, 7628, 8260, 7617, 8242, 8237, 8235, 7358, 7357, 7359, 7360, 7352, 7351, 7353, 7367, 7345, 7346, 7368, 7446, 7445, 7458, 7457, 7468, 7436, 7469, 7471, 7481, 7482, 7486, 7315, 7540, 7546, 7560, 7574, 7575, 7592, 7593, 1919, 1922, 1926, 1952, 2132, 2136, 2162, 2165, 2182, 2184, 2186, 2421, 2205, 2450, 2451, 2369, 2375, 2399, 2401, 2404, 2715]",0.03063200000906363,success,,55.52676133994216,61.11079172843676,6.607262205294063,4.431119938454093,31.000000000000004,22.168901442179795
stl_midamerica_to_st_louis_union_station_2026-03-09_0159,midamerica_to_st_louis_union_station,MidAmerica to St. Louis Union Station,MidAmerica St. Louis Airport,St. Louis Union Station,38.5451731,-89.8351856,38.629167,-90.2075,2026-03-09,March 9th - Monday,w_0159,0.2,0.5,0.2,0.1,69,"[8877, 8873, 8857, 8737, 8732, 8708, 8703, 7679, 7654, 7652, 7631, 7627, 8262, 8257, 8243, 8239, 8214, 8235, 7358, 7357, 7359, 7360, 7352, 7351, 7353, 7367, 7345, 7346, 7368, 7446, 7459, 7458, 7457, 7468, 7436, 7469, 7471, 7481, 7482, 7486, 7315, 7540, 7546, 7560, 7574, 7575, 7592, 7593, 1919, 1922, 1926, 1952, 2132, 2136, 2162, 2165, 2182, 2184, 2186, 2421, 2205, 2450, 2451, 2369, 2375, 2399, 2401, 2404, 2715]",0.02596210001502186,success,,56.43276996651548,62.10791281287613,6.634122356770627,3.140660333747685,31.000000000000004,19.46677580771008
stl_midamerica_to_st_louis_union_station_2026-03-09_0160,midamerica_to_st_louis_union_station,MidAmerica to St. Louis Union Station,MidAmerica St. Louis Airport,St. Louis Union Station,38.5451731,-89.8351856,38.629167,-90.2075,2026-03-09,March 9th - Monday,w_0160,0.2,0.5,0.3,0.0,69,"[8877, 8873, 8857, 8737, 8732, 8708, 8703, 7679, 7654, 7652, 7631, 7627, 8262, 8257, 8243, 8239, 8214, 8235, 7358, 7357, 7359, 7360, 7352, 7351, 7353, 7367, 7345, 7346, 7368, 7446, 7459, 7458, 7457, 7468, 7436, 7469, 7471, 7481, 7482, 7486, 7315, 7540, 7546, 7560, 7574, 7575, 7592, 7593, 1919, 1922, 1926, 1952, 2132, 2136, 2162, 2165, 2182, 2184, 2186, 2421, 2205, 2450, 2451, 2369, 2375, 2399, 2401, 2404, 2715]",0.022096000000601634,success,,56.43276996651548,62.10791281287613,6.634122356770627,3.140660333747685,31.000000000000004,16.680841841084845
stl_midamerica_to_st_louis_union_station_2026-03-09_0161,midamerica_to_st_louis_union_station,MidAmerica to St. Louis Union Station,MidAmerica St. Louis Airport,St. Louis Union Station,38.5451731,-89.8351856,38.629167,-90.2075,2026-03-09,March 9th - Monday,w_0161,0.2,0.6,0.0,0.2,68,"[8877, 8861, 8741, 8736, 8734, 8707, 7682, 7678, 7655, 7635, 7630, 7628, 8260, 7617, 8242, 8237, 8235, 7358, 7357, 7359, 7360, 7352, 7351, 7353, 7367, 7345, 7346, 7368, 7446, 7445, 7458, 7457, 7468, 7436, 7435, 7471, 7481, 7482, 7486, 7315, 7540, 7546, 7560, 7574, 7575, 7592, 7593, 1919, 1922, 1926, 1952, 2132, 2136, 2162, 2165, 2182, 2184, 2186, 2419, 2423, 2448, 2452, 2454, 2372, 2399, 2401, 2404, 2715]",0.030210600001737475,success,,55.52680328940044,61.110837896528444,6.531695492477898,6.095567761925643,31.000000000000004,22.341184874792432
stl_midamerica_to_st_louis_union_station_2026-03-09_0162,midamerica_to_st_louis_union_station,MidAmerica to St. Louis Union Station,MidAmerica St. Louis Airport,St. Louis Union Station,38.5451731,-89.8351856,38.629167,-90.2075,2026-03-09,March 9th - Monday,w_0162,0.2,0.6,0.1,0.1,68,"[8877, 8861, 8741, 8736, 8734, 8707, 7682, 7678, 7655, 7635, 7630, 7628, 8260, 7617, 8242, 8237, 8235, 7358, 7357, 7359, 7360, 7352, 7351, 7353, 7367, 7345, 7346, 7368, 7446, 7445, 7458, 7457, 7468, 7436, 7469, 7471, 7481, 7482, 7486, 7315, 7540, 7546, 7560, 7574, 7575, 7592, 7593, 1919, 1922, 1926, 1952, 2132, 2136, 2162, 2165, 2182, 2184, 2186, 2421, 2205, 2450, 2451, 2369, 2375, 2399, 2401, 2404, 2715]",0.02705979999154806,success,,55.52676133994216,61.11079172843676,6.607262205294063,4.431119938454093,31.000000000000004,19.729627662709202
stl_midamerica_to_st_louis_union_station_2026-03-09_0163,midamerica_to_st_louis_union_station,MidAmerica to St. Louis Union Station,MidAmerica St. Louis Airport,St. Louis Union Station,38.5451731,-89.8351856,38.629167,-90.2075,2026-03-09,March 9th - Monday,w_0163,0.2,0.6,0.2,0.0,69,"[8877, 8873, 8857, 8737, 8732, 8708, 8703, 7679, 7654, 7652, 7631, 7627, 8262, 8257, 8243, 8239, 8214, 8235, 7358, 7357, 7359, 7360, 7352, 7351, 7353, 7367, 7345, 7346, 7368, 7446, 7459, 7458, 7457, 7468, 7436, 7469, 7471, 7481, 7482, 7486, 7315, 7540, 7546, 7560, 7574, 7575, 7592, 7593, 1919, 1922, 1926, 1952, 2132, 2136, 2162, 2165, 2182, 2184, 2186, 2421, 2205, 2450, 2451, 2369, 2375, 2399, 2401, 2404, 2715]",0.02378699998371303,success,,56.43276996651548,62.10791281287613,6.634122356770627,3.140660333747685,31.000000000000004,17.030188043387138
stl_midamerica_to_st_louis_union_station_2026-03-09_0164,midamerica_to_st_louis_union_station,MidAmerica to St. Louis Union Station,MidAmerica St. Louis Airport,St. Louis Union Station,38.5451731,-89.8351856,38.629167,-90.2075,2026-03-09,March 9th - Monday,w_0164,0.2,0.7,0.0,0.1,68,"[8877, 8861, 8741, 8736, 8734, 8707, 7682, 7678, 7655, 7635, 7630, 7628, 8260, 7617, 8242, 8237, 8235, 7358, 7357, 7359, 7360, 7352, 7351, 7353, 7367, 7345, 7346, 7368, 7446, 7445, 7458, 7457, 7468, 7436, 7435, 7471, 7481, 7482, 7486, 7315, 7540, 7546, 7560, 7574, 7575, 7592, 7593, 1919, 1922, 1926, 1952, 2132, 2136, 2162, 2165, 2182, 2184, 2186, 2419, 2423, 2448, 2452, 2454, 2372, 2399, 2401, 2404, 2715]",0.026296399999409914,success,,55.52680328940044,61.110837896528444,6.531695492477898,6.095567761925643,31.000000000000004,19.89435442404022
stl_midamerica_to_st_louis_union_station_2026-03-09_0165,midamerica_to_st_louis_union_station,MidAmerica to St. Louis Union Station,MidAmerica St. Louis Airport,St. Louis Union Station,38.5451731,-89.8351856,38.629167,-90.2075,2026-03-09,March 9th - Monday,w_0165,0.2,0.7,0.1,0.0,68,"[8877, 8861, 8741, 8736, 8734, 8707, 7682, 7678, 7655, 7635, 7630, 7628, 8260, 7617, 8242, 8237, 8235, 7358, 7357, 7359, 7360, 7352, 7351, 7353, 7367, 7345, 7346, 7368, 7446, 7445, 7458, 7457, 7468, 7436, 7469, 7471, 7481, 7482, 7486, 7315, 7540, 7546, 7560, 7574, 7575, 7592, 7593, 1919, 1922, 1926, 1952, 2132, 2136, 2162, 2165, 2182, 2184, 2186, 2421, 2205, 2450, 2451, 2369, 2375, 2399, 2401, 2404, 2715]",0.02323180000530556,success,,55.52676133994216,61.11079172843676,6.607262205294063,4.431119938454093,31.000000000000004,17.290353883238605
stl_midamerica_to_st_louis_union_station_2026-03-09_0166,midamerica_to_st_louis_union_station,MidAmerica to St. Louis Union Station,MidAmerica St. Louis Airport,St. Louis Union Station,38.5451731,-89.8351856,38.629167,-90.2075,2026-03-09,March 9th - Monday,w_0166,0.2,0.8,0.0,0.0,68,"[8877, 8861, 8741, 8736, 8734, 8707, 7682, 7678, 7655, 7635, 7630, 7628, 8260, 7617, 8242, 8237, 8235, 7358, 7357, 7359, 7360, 7352, 7351, 7353, 7367, 7345, 7346, 7368, 7446, 7445, 7458, 7457, 7468, 7436, 7435, 7471, 7481, 7482, 7486, 7315, 7540, 7546, 7560, 7574, 7575, 7592, 7593, 1919, 1922, 1926, 1952, 2132, 2136, 2162, 2165, 2182, 2184, 2186, 2419, 2423, 2448, 2452, 2454, 2372, 2399, 2401, 2404, 2715]",0.023988400003872812,success,,55.52680328940044,61.110837896528444,6.531695492477898,6.095567761925643,31.000000000000004,17.447523973288007
stl_midamerica_to_st_louis_union_station_2026-03-09_0167,midamerica_to_st_louis_union_station,MidAmerica to St. Louis Union Station,MidAmerica St. Louis Airport,St. Louis Union Station,38.5451731,-89.8351856,38.629167,-90.2075,2026-03-09,March 9th - Monday,w_0167,0.25,0.25,0.25,0.25,68,"[8877, 8881, 8904, 8922, 8923, 8927, 9145, 10016, 10018, 10062, 10055, 10058, 10094, 10096, 10103, 10104, 10110, 10109, 10516, 10512, 10290, 10289, 10294, 10281, 10292, 10293, 10304, 10303, 10302, 10315, 10316, 10317, 10314, 10207, 10206, 10204, 10205, 10323, 10328, 10329, 10327, 2548, 2550, 2556, 2553, 2544, 2546, 2579, 2560, 2564, 2567, 2566, 2844, 2842, 2838, 2827, 2849, 2848, 2850, 2837, 2859, 2858, 2860, 2759, 2734, 2731, 2729, 2715]",0.028153799998108298,success,,50.266249343343276,55.32125808283132,14.60707907155248,6.463877156345732,24.400000000000016,25.198053577682387
stl_midamerica_to_st_louis_union_station_2026-03-09_0168,midamerica_to_st_louis_union_station,MidAmerica to St. Louis Union Station,MidAmerica St. Louis Airport,St. Louis Union Station,38.5451731,-89.8351856,38.629167,-90.2075,2026-03-09,March 9th - Monday,w_0168,0.3,0.0,0.0,0.7,67,"[8877, 8876, 8892, 8897, 8899, 8926, 9788, 10013, 10014, 10036, 10052, 10054, 10061, 10051, 10049, 10048, 10050, 10253, 10252, 10241, 10240, 10248, 10246, 10247, 10245, 10231, 10230, 10262, 10150, 10148, 10149, 10151, 10161, 10159, 10158, 10160, 10166, 10168, 10167, 10169, 2247, 2269, 2268, 2257, 2256, 2254, 2279, 2293, 2296, 2301, 2303, 2491, 2492, 2818, 2496, 2507, 2506, 2828, 2505, 2809, 2811, 2810, 2728, 2730, 2731, 2729, 2715]",0.02397799998288974,success,,46.683328700980354,51.37802221113185,29.474393947782595,11.160766941646196,22.600000000000012,31.23340666333956
stl_midamerica_to_st_louis_union_station_2026-03-09_0169,midamerica_to_st_louis_union_station,MidAmerica to St. Louis Union Station,MidAmerica St. Louis Airport,St. Louis Union Station,38.5451731,-89.8351856,38.629167,-90.2075,2026-03-09,March 9th - Monday,w_0169,0.3,0.0,0.1,0.6,67,"[8877, 8876, 8892, 8897, 8899, 8926, 9788, 10013, 10014, 10036, 10052, 10054, 10061, 10051, 10049, 10048, 10050, 10253, 10252, 10241, 10240, 10248, 10246, 10247, 10245, 10231, 10230, 10262, 10150, 10148, 10149, 10151, 10161, 10159, 10158, 10160, 10166, 10168, 10167, 10169, 2247, 2269, 2268, 2278, 2283, 2508, 2286, 2298, 2300, 2304, 2307, 2491, 2492, 2818, 2496, 2507, 2506, 2828, 2505, 2809, 2811, 2810, 2728, 2730, 2731, 2729, 2715]",0.02292630000738427,success,,46.683794018220816,51.37853432284669,28.536414303461722,9.217492375120946,22.600000000000012,29.895309534366106
stl_midamerica_to_st_louis_union_station_2026-03-09_0170,midamerica_to_st_louis_union_station,MidAmerica to St. Louis Union Station,MidAmerica St. Louis Airport,St. Louis Union Station,38.5451731,-89.8351856,38.629167,-90.2075,2026-03-09,March 9th - Monday,w_0170,0.3,0.0,0.2,0.5,67,"[8877, 8876, 8892, 8897, 8899, 8926, 9788, 10013, 10014, 10036, 10052, 10054, 10061, 10051, 10049, 10048, 10050, 10253, 10252, 10241, 10240, 10248, 10246, 10247, 10245, 10231, 10230, 10262, 10150, 10148, 10149, 10151, 10161, 10156, 10154, 10155, 10162, 10164, 10163, 10165, 2244, 2246, 2268, 2278, 2283, 2508, 2286, 2298, 2300, 2304, 2531, 2819, 2820, 2822, 2825, 2836, 2834, 2835, 2829, 2813, 2811, 2810, 2728, 2730, 2731, 2729, 2715]",0.02056630002334714,success,,48.28306006478814,53.13863003042461,28.832419728425823,6.141867582281205,22.600000000000012,28.469962525583632
stl_midamerica_to_st_louis_union_station_2026-03-09_0171,midamerica_to_st_louis_union_station,MidAmerica to St. Louis Union Station,MidAmerica St. Louis Airport,St. Louis Union Station,38.5451731,-89.8351856,38.629167,-90.2075,2026-03-09,March 9th - Monday,w_0171,0.3,0.0,0.3,0.4,67,"[8877, 8876, 8892, 8897, 8899, 8926, 9788, 10013, 10014, 10036, 10052, 10054, 10061, 10051, 10049, 10048, 10050, 10253, 10252, 10241, 10240, 10248, 10246, 10247, 10245, 10231, 10230, 10262, 10150, 10148, 10149, 10151, 10161, 10156, 10154, 10155, 10162, 10164, 10163, 10165, 2244, 2246, 2268, 2278, 2283, 2508, 2286, 2298, 2300, 2304, 2531, 2819, 2820, 2822, 2825, 2836, 2848, 2850, 2837, 2859, 2858, 2815, 2759, 2734, 2731, 2729, 2715]",0.019968600012362003,success,,48.81678601447848,53.726029953713976,28.570091945307983,5.278783894524551,22.600000000000012,26.74144415447156
stl_midamerica_to_st_louis_union_station_2026-03-09_0172,midamerica_to_st_louis_union_station,MidAmerica to St. Louis Union Station,MidAmerica St. Louis Airport,St. Louis Union Station,38.5451731,-89.8351856,38.629167,-90.2075,2026-03-09,March 9th - Monday,w_0172,0.3,0.0,0.4,0.3,67,"[8877, 8876, 8892, 8897, 8899, 8926, 9788, 10013, 10014, 10036, 10052, 10054, 10061, 10051, 10049, 10048, 10050, 10253, 10252, 10241, 10240, 10248, 10246, 10247, 10245, 10231, 10230, 10262, 10150, 10148, 10149, 10151, 10161, 10156, 10154, 10155, 10162, 10164, 10163, 10165, 2244, 2246, 2268, 2278, 2283, 2508, 2286, 2298, 2300, 2304, 2531, 2819, 2820, 2822, 2825, 2836, 2848, 2850, 2837, 2859, 2858, 2815, 2759, 2734, 2731, 2729, 2715]",0.018051099992590025,success,,48.81678601447848,53.726029953713976,28.570091945307983,5.278783894524551,22.600000000000012,25.009322543924018
stl_midamerica_to_st_louis_union_station_2026-03-09_0173,midamerica_to_st_louis_union_station,MidAmerica to St. Louis Union Station,MidAmerica St. Louis Airport,St. Louis Union Station,38.5451731,-89.8351856,38.629167,-90.2075,2026-03-09,March 9th - Monday,w_0173,0.3,0.0,0.5,0.2,67,"[8877, 8876, 8892, 8897, 8899, 8926, 9788, 10013, 10014, 10036, 10052, 10054, 10061, 10051, 10049, 10048, 10050, 10253, 10252, 10241, 10240, 10248, 10246, 10247, 10245, 10231, 10230, 10262, 10150, 10148, 10149, 10151, 10161, 10156, 10154, 10155, 10162, 10164, 10163, 10165, 2244, 2246, 2268, 2278, 2283, 2508, 2286, 2298, 2300, 2304, 2531, 2819, 2820, 2822, 2825, 2836, 2848, 2850, 2837, 2859, 2858, 2815, 2759, 2734, 2731, 2729, 2715]",0.01773930000490509,success,,48.81678601447848,53.726029953713976,28.570091945307983,5.278783894524551,22.600000000000012,23.27720093337647
stl_midamerica_to_st_louis_union_station_2026-03-09_0174,midamerica_to_st_louis_union_station,MidAmerica to St. Louis Union Station,MidAmerica St. Louis Airport,St. Louis Union Station,38.5451731,-89.8351856,38.629167,-90.2075,2026-03-09,March 9th - Monday,w_0174,0.3,0.0,0.6,0.1,69,"[8877, 8861, 8864, 8865, 8866, 8863, 7715, 7713, 7714, 9726, 9727, 9729, 9728, 9719, 9718, 9716, 9717, 7794, 7793, 7795, 7796, 7804, 7803, 7805, 7813, 7814, 7811, 7812, 9817, 9816, 9819, 9818, 7905, 7901, 7902, 7903, 7916, 7915, 7914, 7913, 1933, 1931, 1932, 1917, 1943, 1946, 1970, 1983, 1998, 2003, 2000, 2191, 2194, 2193, 2192, 2185, 2184, 2186, 2421, 2205, 2450, 2451, 2369, 2375, 2399, 2401, 2406, 2729, 2715]",0.01576430001296103,success,,49.00456878084652,53.93269703187205,29.18730134339127,1.8881849111714815,38.6,21.172720056264502
stl_midamerica_to_st_louis_union_station_2026-03-09_0175,midamerica_to_st_louis_union_station,MidAmerica to St. Louis Union Station,MidAmerica St. Louis Airport,St. Louis Union Station,38.5451731,-89.8351856,38.629167,-90.2075,2026-03-09,March 9th - Monday,w_0175,0.3,0.0,0.7,0.0,69,"[8877, 8861, 8864, 8865, 8866, 8863, 7715, 7713, 7714, 9726, 9727, 9729, 9728, 9719, 9718, 9716, 9717, 7794, 7793, 7795, 7796, 7804, 7803, 7805, 7813, 7814, 7811, 7812, 9817, 9816, 9819, 9818, 7905, 7901, 7902, 7903, 7916, 7915, 7914, 7913, 1933, 1931, 1932, 1917, 1943, 1946, 1970, 1983, 1998, 2003, 2000, 2191, 2194, 2193, 2192, 2185, 2184, 2186, 2421, 2205, 2450, 2451, 2369, 2375, 2399, 2401, 2406, 2729, 2715]",0.009597199998097494,success,,49.00456878084652,53.93269703187205,29.18730134339127,1.8881849111714815,38.6,17.50153854738165
stl_midamerica_to_st_louis_union_station_2026-03-09_0176,midamerica_to_st_louis_union_station,MidAmerica to St. Louis Union Station,MidAmerica St. Louis Airport,St. Louis Union Station,38.5451731,-89.8351856,38.629167,-90.2075,2026-03-09,March 9th - Monday,w_0176,0.3,0.1,0.0,0.6,67,"[8877, 8879, 8896, 8900, 8924, 8930, 10012, 10015, 10019, 10053, 10057, 10054, 10061, 10051, 10049, 10072, 10079, 10284, 10288, 10286, 10289, 10294, 10281, 10292, 10293, 10304, 10303, 10302, 10315, 10316, 10312, 10181, 10203, 10200, 10202, 10201, 10189, 10190, 10188, 10191, 2276, 2518, 2277, 2509, 2287, 2508, 2286, 2298, 2300, 2301, 2307, 2491, 2492, 2818, 2496, 2507, 2506, 2828, 2505, 2809, 2811, 2810, 2728, 2730, 2731, 2729, 2715]",0.026422299997648224,success,,47.22076683153593,51.969507629527335,20.395919900589973,13.564446293658838,22.600000000000012,31.190444278917205
stl_midamerica_to_st_louis_union_station_2026-03-09_0177,midamerica_to_st_louis_union_station,MidAmerica to St. Louis Union Station,MidAmerica St. Louis Airport,St. Louis Union Station,38.5451731,-89.8351856,38.629167,-90.2075,2026-03-09,March 9th - Monday,w_0177,0.3,0.1,0.1,0.5,68,"[8877, 8881, 8904, 8922, 8923, 8927, 9145, 10016, 10018, 10062, 10055, 10058, 10094, 10096, 10103, 10104, 10110, 10109, 10291, 10512, 10290, 10289, 10294, 10281, 10292, 10293, 10304, 10303, 10302, 10315, 10316, 10317, 10314, 10207, 10206, 10204, 10205, 10189, 10190, 10188, 10191, 2276, 2518, 2277, 2509, 2287, 2508, 2286, 2298, 2300, 2301, 2307, 2491, 2492, 2818, 2496, 2507, 2506, 2828, 2505, 2809, 2811, 2810, 2728, 2730, 2731, 2729, 2715]",0.024296100018545985,success,,48.12963633259222,52.96977729134579,17.942810491010906,11.059860950056768,22.600000000000012,30.091200331510507
stl_midamerica_to_st_louis_union_station_2026-03-09_0178,midamerica_to_st_louis_union_station,MidAmerica to St. Louis Union Station,MidAmerica St. Louis Airport,St. Louis Union Station,38.5451731,-89.8351856,38.629167,-90.2075,2026-03-09,March 9th - Monday,w_0178,0.3,0.1,0.2,0.4,67,"[8877, 8879, 8896, 8900, 8924, 8930, 10012, 10015, 10019, 10053, 10057, 10054, 10061, 10051, 10049, 10048, 10050, 10253, 10252, 10241, 10240, 10248, 10246, 10247, 10245, 10231, 10230, 10262, 10150, 10148, 10149, 10151, 10161, 10159, 10158, 10160, 10166, 10168, 10167, 10169, 2247, 2272, 2274, 2285, 2283, 2508, 2286, 2298, 2300, 2304, 2531, 2819, 2820, 2822, 2825, 2836, 2848, 2850, 2837, 2859, 2858, 2860, 2759, 2734, 2731, 2729, 2715]",0.023984800005564466,success,,48.28493045606478,53.14068851698134,25.71588212373141,6.450205095065073,22.600000000000012,28.84383578648056
stl_midamerica_to_st_louis_union_station_2026-03-09_0179,midamerica_to_st_louis_union_station,MidAmerica to St. Louis Union Station,MidAmerica St. Louis Airport,St. Louis Union Station,38.5451731,-89.8351856,38.629167,-90.2075,2026-03-09,March 9th - Monday,w_0179,0.3,0.1,0.3,0.3,67,"[8877, 8879, 8896, 8900, 8924, 8930, 10012, 10015, 10019, 10053, 10057, 10054, 10061, 10051, 10049, 10048, 10050, 10253, 10252, 10241, 10240, 10248, 10246, 10247, 10245, 10231, 10230, 10262, 10150, 10148, 10149, 10151, 10161, 10156, 10154, 10155, 10162, 10164, 10163, 10165, 2247, 2272, 2274, 2285, 2283, 2508, 2286, 2298, 2300, 2304, 2531, 2819, 2820, 2822, 2825, 2836, 2848, 2850, 2837, 2859, 2858, 2860, 2759, 2734, 2731, 2729, 2715]",0.021473700006026775,success,,48.81744574263549,53.72675602721488,25.896768399627717,5.626464351980204,22.600000000000012,27.1756429537213
stl_midamerica_to_st_louis_union_station_2026-03-09_0180,midamerica_to_st_louis_union_station,MidAmerica to St. Louis Union Station,MidAmerica St. Louis Airport,St. Louis Union Station,38.5451731,-89.8351856,38.629167,-90.2075,2026-03-09,March 9th - Monday,w_0180,0.3,0.1,0.4,0.2,68,"[8877, 8881, 8904, 8922, 8923, 8927, 9145, 10016, 10018, 10062, 10055, 10058, 10094, 10096, 10103, 10104, 10110, 10109, 10291, 10512, 10290, 10289, 10294, 10281, 10292, 10293, 10304, 10303, 10302, 10315, 10316, 10317, 10314, 10207, 10206, 10204, 10205, 10323, 10328, 10329, 10327, 2548, 2550, 2556, 2549, 2542, 2546, 2579, 2560, 2564, 2567, 2566, 2844, 2842, 2838, 2827, 2849, 2848, 2850, 2837, 2859, 2858, 2860, 2759, 2734, 2731, 2729, 2715]",0.022235099982935935,success,,50.26626891521631,55.32127962294328,15.38844614564863,5.931877218164064,24.400000000000016,25.38797938871347
stl_midamerica_to_st_louis_union_station_2026-03-09_0181,midamerica_to_st_louis_union_station,MidAmerica to St. Louis Union Station,MidAmerica St. Louis Airport,St. Louis Union Station,38.5451731,-89.8351856,38.629167,-90.2075,2026-03-09,March 9th - Monday,w_0181,0.3,0.1,0.5,0.1,68,"[8877, 8881, 8904, 8922, 8923, 8927, 9145, 10016, 10018, 10062, 10055, 10058, 10094, 10096, 10103, 10104, 10110, 10109, 10291, 10512, 10290, 10289, 10294, 10281, 10292, 10293, 10304, 10303, 10302, 10315, 10316, 10317, 10314, 10207, 10206, 10204, 10205, 10323, 10328, 10329, 10327, 2548, 2550, 2556, 2549, 2542, 2546, 2579, 2560, 2564, 2567, 2566, 2844, 2842, 2838, 2827, 2849, 2848, 2850, 2837, 2859, 2858, 2860, 2759, 2734, 2731, 2729, 2715]",0.020054399996297434,success,,50.26626891521631,55.32127962294328,15.38844614564863,5.931877218164064,24.400000000000016,23.541167110529877
stl_midamerica_to_st_louis_union_station_2026-03-09_0182,midamerica_to_st_louis_union_station,MidAmerica to St. Louis Union Station,MidAmerica St. Louis Airport,St. Louis Union Station,38.5451731,-89.8351856,38.629167,-90.2075,2026-03-09,March 9th - Monday,w_0182,0.3,0.1,0.6,0.0,69,"[8877, 8876, 8868, 8869, 8870, 8867, 9753, 9754, 9755, 9744, 9742, 9729, 9728, 9719, 9718, 9716, 9717, 7794, 7793, 7795, 9914, 9932, 7806, 9933, 9923, 9922, 7815, 7816, 9820, 9832, 9833, 9821, 7905, 7901, 9823, 9822, 7916, 7915, 7914, 7913, 1933, 1931, 1932, 1917, 1943, 1946, 1970, 1983, 1998, 2003, 2000, 2191, 2194, 2193, 2192, 2185, 2184, 2186, 2421, 2205, 2450, 2451, 2369, 2375, 2399, 2401, 2406, 2729, 2715]",0.01450049999402836,success,,49.005647847118404,53.93388461408666,26.206694012780464,1.8881849111714815,38.6,19.933745732206933
stl_midamerica_to_st_louis_union_station_2026-03-09_0183,midamerica_to_st_louis_union_station,MidAmerica to St. Louis Union Station,MidAmerica St. Louis Airport,St. Louis Union Station,38.5451731,-89.8351856,38.629167,-90.2075,2026-03-09,March 9th - Monday,w_0183,0.3,0.2,0.0,0.5,68,"[8877, 8881, 8904, 8922, 8923, 8927, 9145, 10016, 10018, 10062, 10055, 10058, 10094, 10096, 10103, 10104, 10110, 10109, 10291, 10512, 10290, 10513, 10298, 10295, 10296, 10297, 10307, 10305, 10306, 10319, 10321, 10320, 10318, 10211, 10210, 10208, 10209, 10326, 10328, 10329, 10327, 2522, 2524, 2523, 2514, 2517, 2515, 2516, 2530, 2534, 2532, 2558, 2840, 2839, 2838, 2827, 2849, 2848, 2850, 2837, 2859, 2858, 2860, 2763, 2762, 2737, 2732, 2715]",0.027627800009213388,success,,48.666852135602625,53.561018023900075,14.998679925723389,13.370267511322758,23.200000000000014,30.668041392314706
stl_midamerica_to_st_louis_union_station_2026-03-09_0184,midamerica_to_st_louis_union_station,MidAmerica to St. Louis Union Station,MidAmerica St. Louis Airport,St. Louis Union Station,38.5451731,-89.8351856,38.629167,-90.2075,2026-03-09,March 9th - Monday,w_0184,0.3,0.2,0.1,0.4,68,"[8877, 8881, 8904, 8922, 8923, 8927, 9145, 10016, 10018, 10062, 10055, 10058, 10094, 10096, 10103, 10104, 10110, 10109, 10516, 10515, 10514, 10517, 10298, 10295, 10296, 10297, 10307, 10305, 10306, 10319, 10321, 10320, 10318, 10211, 10210, 10208, 10209, 10326, 10328, 10329, 10327, 2522, 2524, 2523, 2514, 2517, 2515, 2516, 2530, 2534, 2559, 2558, 2840, 2839, 2838, 2827, 2849, 2848, 2850, 2837, 2859, 2858, 2860, 2763, 2758, 2733, 2729, 2715]",0.027132899995194748,success,,49.19987060958678,54.147639324422855,14.814037713766046,10.5015891209792,23.200000000000014,29.537258252177992
stl_midamerica_to_st_louis_union_station_2026-03-09_0185,midamerica_to_st_louis_union_station,MidAmerica to St. Louis Union Station,MidAmerica St. Louis Airport,St. Louis Union Station,38.5451731,-89.8351856,38.629167,-90.2075,2026-03-09,March 9th - Monday,w_0185,0.3,0.2,0.2,0.3,68,"[8877, 8881, 8904, 8922, 8923, 8927, 9145, 10016, 10018, 10062, 10055, 10058, 10094, 10096, 10103, 10104, 10110, 10109, 10516, 10515, 10514, 10517, 10298, 10295, 10296, 10297, 10307, 10305, 10306, 10319, 10321, 10320, 10318, 10211, 10210, 10208, 10209, 10326, 10328, 10329, 10327, 2548, 2550, 2556, 2553, 2544, 2546, 2579, 2560, 2564, 2567, 2566, 2844, 2842, 2838, 2827, 2849, 2848, 2850, 2837, 2859, 2858, 2860, 2759, 2734, 2731, 2729, 2715]",0.025900700013153255,success,,49.73411900875928,54.735614237153726,14.655050387628872,7.056213771582748,24.400000000000016,28.082937102988446
stl_midamerica_to_st_louis_union_station_2026-03-09_0186,midamerica_to_st_louis_union_station,MidAmerica to St. Louis Union Station,MidAmerica St. Louis Airport,St. Louis Union Station,38.5451731,-89.8351856,38.629167,-90.2075,2026-03-09,March 9th - Monday,w_0186,0.3,0.2,0.3,0.2,68,"[8877, 8881, 8904, 8922, 8923, 8927, 9145, 10016, 10018, 10062, 10055, 10058, 10094, 10096, 10103, 10104, 10110, 10109, 10291, 10512, 10290, 10289, 10294, 10281, 10292, 10293, 10304, 10303, 10302, 10315, 10316, 10317, 10314, 10207, 10206, 10204, 10205, 10323, 10328, 10329, 10327, 2548, 2550, 2556, 2553, 2544, 2546, 2579, 2560, 2564, 2567, 2566, 2844, 2842, 2838, 2827, 2849, 2848, 2850, 2837, 2859, 2858, 2860, 2759, 2734, 2731, 2729, 2715]",0.0255104000098072,success,,49.73326992469228,54.73467976522835,15.38844614564863,6.463877156345732,24.400000000000016,26.317256305601955
stl_midamerica_to_st_louis_union_station_2026-03-09_0187,midamerica_to_st_louis_union_station,MidAmerica to St. Louis Union Station,MidAmerica St. Louis Airport,St. Louis Union Station,38.5451731,-89.8351856,38.629167,-90.2075,2026-03-09,March 9th - Monday,w_0187,0.3,0.2,0.4,0.1,69,"[8877, 8873, 8857, 8737, 8732, 8708, 8703, 7679, 7654, 7652, 7631, 7627, 8262, 8257, 8243, 8239, 8237, 8238, 7362, 7361, 7363, 7364, 7355, 7354, 7356, 7369, 7371, 7372, 7370, 7460, 7459, 7458, 7457, 7468, 7436, 7469, 7471, 7481, 7482, 7486, 7315, 7540, 7546, 7560, 7574, 7575, 7592, 7593, 1919, 1922, 1926, 1952, 2132, 2136, 2162, 2165, 2182, 2184, 2186, 2421, 2205, 2450, 2451, 2369, 2375, 2399, 2401, 2404, 2715]",0.022721199988154694,success,,55.90142298617114,61.5231310991982,7.014976661260178,3.140660333747685,31.000000000000004,24.21619879551057
stl_midamerica_to_st_louis_union_station_2026-03-09_0188,midamerica_to_st_louis_union_station,MidAmerica to St. Louis Union Station,MidAmerica St. Louis Airport,St. Louis Union Station,38.5451731,-89.8351856,38.629167,-90.2075,2026-03-09,March 9th - Monday,w_0188,0.3,0.2,0.5,0.0,69,"[8877, 8861, 8864, 8865, 8866, 8863, 7715, 7713, 7709, 7705, 7700, 7698, 7661, 7668, 7643, 7641, 7626, 7385, 7381, 7366, 7364, 7355, 7354, 7356, 7369, 7371, 7372, 7370, 7460, 7459, 7458, 7457, 7468, 7436, 7469, 7471, 7481, 7482, 7486, 7315, 7540, 7546, 7560, 7574, 7575, 7592, 7593, 1919, 1922, 1926, 1952, 2132, 2136, 2162, 2165, 2182, 2184, 2186, 2421, 2205, 2450, 2451, 2369, 2375, 2399, 2401, 2406, 2729, 2715]",0.02045369998086244,success,,55.90523400535559,61.52732537226641,8.262354690047623,2.3769784304606056,33.6,21.299157764919748
stl_midamerica_to_st_louis_union_station_2026-03-09_0189,midamerica_to_st_louis_union_station,MidAmerica to St. Louis Union Station,MidAmerica St. Louis Airport,St. Louis Union Station,38.5451731,-89.8351856,38.629167,-90.2075,2026-03-09,March 9th - Monday,w_0189,0.3,0.3,0.0,0.4,68,"[8877, 8881, 8904, 8922, 8923, 8927, 9145, 10016, 10018, 10062, 10055, 10058, 10094, 10096, 10103, 10104, 10110, 10109, 10516, 10515, 10514, 10517, 10522, 10299, 10300, 10301, 10309, 10308, 10310, 10343, 10345, 10344, 10342, 10355, 10210, 10208, 10209, 10326, 10328, 10329, 10327, 2522, 2524, 2523, 2514, 2517, 2515, 2516, 2530, 2534, 2532, 2558, 2840, 2839, 2838, 2827, 2849, 2848, 2850, 2837, 2859, 2858, 2860, 2763, 2762, 2737, 2732, 2715]",0.02697550001903437,success,,49.20045512079,54.14828261680189,14.193327193589042,13.706437159353971,23.200000000000014,29.782482943117287
stl_midamerica_to_st_louis_union_station_2026-03-09_0190,midamerica_to_st_louis_union_station,MidAmerica to St. Louis Union Station,MidAmerica St. Louis Airport,St. Louis Union Station,38.5451731,-89.8351856,38.629167,-90.2075,2026-03-09,March 9th - Monday,w_0190,0.3,0.3,0.1,0.3,68,"[8877, 8881, 8904, 8922, 8923, 8927, 9145, 10016, 10018, 10062, 10055, 10058, 10094, 10096, 10103, 10104, 10110, 10109, 10516, 10515, 10514, 10517, 10298, 10295, 10296, 10297, 10307, 10305, 10306, 10319, 10321, 10320, 10318, 10211, 10210, 10208, 10209, 10326, 10328, 10329, 10327, 2522, 2524, 2523, 2514, 2517, 2515, 2516, 2530, 2534, 2559, 2558, 2840, 2839, 2838, 2827, 2849, 2848, 2850, 2837, 2859, 2858, 2860, 2763, 2762, 2737, 2732, 2715]",0.02686569999787025,success,,49.19999513677147,54.14777637464269,14.217312851627238,12.24114104908864,23.200000000000014,28.693640872789846
stl_midamerica_to_st_louis_union_station_2026-03-09_0191,midamerica_to_st_louis_union_station,MidAmerica to St. Louis Union Station,MidAmerica St. Louis Airport,St. Louis Union Station,38.5451731,-89.8351856,38.629167,-90.2075,2026-03-09,March 9th - Monday,w_0191,0.3,0.3,0.2,0.2,68,"[8877, 8881, 8904, 8922, 8923, 8927, 9145, 10016, 10018, 10062, 10055, 10058, 10094, 10096, 10103, 10104, 10110, 10109, 10516, 10515, 10514, 10517, 10298, 10295, 10296, 10297, 10307, 10305, 10306, 10319, 10321, 10320, 10318, 10211, 10210, 10208, 10209, 10326, 10328, 10329, 10327, 2548, 2550, 2556, 2553, 2544, 2546, 2579, 2560, 2564, 2567, 2566, 2844, 2842, 2838, 2827, 2849, 2848, 2850, 2837, 2859, 2858, 2860, 2763, 2758, 2733, 2729, 2715]",0.02425710001261905,success,,49.7342435422061,54.73575129426544,14.189489417048982,7.648217175228862,24.400000000000016,27.087215648440104
stl_midamerica_to_st_louis_union_station_2026-03-09_0192,midamerica_to_st_louis_union_station,MidAmerica to St. Louis Union Station,MidAmerica St. Louis Airport,St. Louis Union Station,38.5451731,-89.8351856,38.629167,-90.2075,2026-03-09,March 9th - Monday,w_0192,0.3,0.3,0.3,0.1,69,"[8877, 8873, 8857, 8737, 8732, 8708, 8703, 7679, 7654, 7652, 7631, 7627, 8262, 8257, 8243, 8239, 8237, 8238, 7362, 7361, 7363, 7364, 7355, 7354, 7356, 7369, 7371, 7372, 7370, 7460, 7459, 7458, 7457, 7468, 7436, 7469, 7471, 7481, 7482, 7486, 7315, 7540, 7546, 7560, 7574, 7575, 7592, 7593, 1919, 1922, 1926, 1952, 2132, 2136, 2162, 2165, 2182, 2184, 2186, 2421, 2205, 2450, 2451, 2369, 2375, 2399, 2401, 2404, 2715]",0.021775599976535887,success,,55.90142298617114,61.5231310991982,7.014976661260178,3.140660333747685,31.000000000000004,24.60363042826182
stl_midamerica_to_st_louis_union_station_2026-03-09_0193,midamerica_to_st_louis_union_station,MidAmerica to St. Louis Union Station,MidAmerica St. Louis Airport,St. Louis Union Station,38.5451731,-89.8351856,38.629167,-90.2075,2026-03-09,March 9th - Monday,w_0193,0.3,0.3,0.4,0.0,68,"[8877, 8861, 8864, 8865, 8866, 8863, 7715, 7713, 7709, 7705, 7700, 7698, 7661, 7668, 7643, 7641, 7626, 7385, 7381, 7366, 7364, 7355, 7354, 7356, 7369, 7371, 7372, 7370, 7460, 7459, 7458, 7457, 7468, 7436, 7469, 7471, 7481, 7482, 7486, 7315, 7540, 7546, 7560, 7574, 7575, 7592, 7593, 1919, 1922, 1926, 1952, 2132, 2136, 2162, 2165, 2182, 2184, 2186, 2421, 2205, 2450, 2451, 2369, 2375, 2399, 2401, 2404, 2715]",0.017920899990713224,success,,55.530235615510485,61.11461539337848,7.262249437968894,3.140660333747685,33.0,21.769323582903287
stl_midamerica_to_st_louis_union_station_2026-03-09_0194,midamerica_to_st_louis_union_station,MidAmerica to St. Louis Union Station,MidAmerica St. Louis Airport,St. Louis Union Station,38.5451731,-89.8351856,38.629167,-90.2075,2026-03-09,March 9th - Monday,w_0194,0.3,0.4,0.0,0.3,68,"[8877, 8881, 8904, 8922, 8923, 8927, 9145, 10016, 10018, 10062, 10055, 10058, 10094, 10096, 10103, 10104, 10110, 10109, 10516, 10515, 10514, 10517, 10522, 10299, 10300, 10301, 10309, 10308, 10310, 10343, 10345, 10344, 10342, 10355, 10210, 10208, 10209, 10326, 10328, 10329, 10327, 2522, 2524, 2523, 2514, 2517, 2515, 2516, 2530, 2534, 2532, 2558, 2840, 2839, 2838, 2827, 2849, 2848, 2850, 2837, 2859, 2858, 2860, 2763, 2762, 2737, 2732, 2715]",0.02652060001855716,success,,49.20045512079,54.14828261680189,14.193327193589042,13.706437159353971,23.200000000000014,28.88181566247619
stl_midamerica_to_st_louis_union_station_2026-03-09_0195,midamerica_to_st_louis_union_station,MidAmerica to St. Louis Union Station,MidAmerica St. Louis Airport,St. Louis Union Station,38.5451731,-89.8351856,38.629167,-90.2075,2026-03-09,March 9th - Monday,w_0195,0.3,0.4,0.1,0.2,68,"[8877, 8861, 8741, 8736, 8734, 8707, 7682, 7678, 7655, 7635, 7630, 7628, 8260, 7617, 8242, 8237, 8238, 7362, 7361, 7363, 7364, 7355, 7354, 7356, 7369, 7371, 7372, 7370, 7460, 7459, 7462, 7461, 7472, 7470, 7469, 7471, 7481, 7482, 7486, 7315, 7540, 7546, 7560, 7574, 7575, 7592, 7593, 1919, 1922, 1926, 1952, 2132, 2136, 2162, 2165, 2182, 2184, 2186, 2421, 2205, 2450, 2451, 2369, 2375, 2399, 2401, 2404, 2715]",0.024651799991261214,success,,54.99556545917048,60.52617630961004,6.988116509783616,4.437103891704021,31.000000000000004,27.596809885966863
stl_midamerica_to_st_louis_union_station_2026-03-09_0196,midamerica_to_st_louis_union_station,MidAmerica to St. Louis Union Station,MidAmerica St. Louis Airport,St. Louis Union Station,38.5451731,-89.8351856,38.629167,-90.2075,2026-03-09,March 9th - Monday,w_0196,0.3,0.4,0.2,0.1,68,"[8877, 8861, 8741, 8736, 8734, 8707, 7682, 7678, 7655, 7635, 7630, 7628, 8260, 7617, 8242, 8237, 8238, 7362, 7361, 7363, 7364, 7355, 7354, 7356, 7369, 7371, 7372, 7370, 7460, 7459, 7462, 7461, 7472, 7470, 7469, 7471, 7481, 7482, 7486, 7315, 7540, 7546, 7560, 7574, 7575, 7592, 7593, 1919, 1922, 1926, 1952, 2132, 2136, 2162, 2165, 2182, 2184, 2186, 2421, 2205, 2450, 2451, 2369, 2375, 2399, 2401, 2404, 2715]",0.02248939999844879,success,,54.99556545917048,60.52617630961004,6.988116509783616,4.437103891704021,31.000000000000004,24.940520275137263
stl_midamerica_to_st_louis_union_station_2026-03-09_0197,midamerica_to_st_louis_union_station,MidAmerica to St. Louis Union Station,MidAmerica St. Louis Airport,St. Louis Union Station,38.5451731,-89.8351856,38.629167,-90.2075,2026-03-09,March 9th - Monday,w_0197,0.3,0.4,0.3,0.0,68,"[8877, 8861, 8864, 8865, 8866, 8863, 7715, 7713, 7709, 7705, 7700, 7698, 7661, 7668, 7643, 7641, 7626, 7385, 7381, 7366, 7364, 7355, 7354, 7356, 7369, 7371, 7372, 7370, 7460, 7459, 7458, 7457, 7468, 7436, 7469, 7471, 7481, 7482, 7486, 7315, 7540, 7546, 7560, 7574, 7575, 7592, 7593, 1919, 1922, 1926, 1952, 2132, 2136, 2162, 2165, 2182, 2184, 2186, 2421, 2205, 2450, 2451, 2369, 2375, 2399, 2401, 2404, 2715]",0.018507300002966076,success,,55.530235615510485,61.11461539337848,7.262249437968894,3.140660333747685,33.0,22.181482493325408
stl_midamerica_to_st_louis_union_station_2026-03-09_0198,midamerica_to_st_louis_union_station,MidAmerica to St. Louis Union Station,MidAmerica St. Louis Airport,St. Louis Union Station,38.5451731,-89.8351856,38.629167,-90.2075,2026-03-09,March 9th - Monday,w_0198,0.3,0.5,0.0,0.2,71,"[8877, 8881, 8905, 8906, 8933, 8929, 9143, 9146, 9173, 10020, 10063, 10068, 10070, 10095, 10099, 10422, 10101, 10106, 10104, 10110, 10109, 10516, 10515, 10514, 10517, 10522, 10299, 10300, 10301, 10309, 10308, 10533, 10363, 10350, 10351, 10366, 10376, 10374, 10379, 10614, 10407, 10410, 10411, 10408, 2604, 2605, 2606, 2603, 10715, 10714, 10713, 10722, 2597, 10723, 2596, 2876, 2875, 2874, 2873, 2885, 2879, 2857, 2851, 2861, 2862, 2863, 2763, 2762, 2737, 2732, 2715]",0.025174399983370677,success,,51.93172241795522,57.15421890633103,10.48185737943066,14.508761952606609,26.600000000000023,27.707194361614643
stl_midamerica_to_st_louis_union_station_2026-03-09_0199,midamerica_to_st_louis_union_station,MidAmerica to St. Louis Union Station,MidAmerica St. Louis Airport,St. Louis Union Station,38.5451731,-89.8351856,38.629167,-90.2075,2026-03-09,March 9th - Monday,w_0199,0.3,0.5,0.1,0.1,68,"[8877, 8861, 8741, 8736, 8734, 8707, 7682, 7678, 7655, 7635, 7630, 7628, 8260, 7617, 8242, 8237, 8235, 7358, 7357, 7359, 7360, 7352, 7351, 7353, 7367, 7345, 7346, 7368, 7446, 7445, 7458, 7457, 7468, 7436, 7469, 7471, 7481, 7482, 7486, 7315, 7540, 7546, 7560, 7574, 7575, 7592, 7593, 1919, 1922, 1926, 1952, 2132, 2136, 2162, 2165, 2182, 2184, 2186, 2421, 2205, 2450, 2451, 2369, 2375, 2399, 2401, 2404, 2715]",0.02357670001219958,success,,55.52676133994216,61.11079172843676,6.607262205294063,4.431119938454093,31.000000000000004,25.17998061502347
stl_midamerica_to_st_louis_union_station_2026-03-09_0200,midamerica_to_st_louis_union_station,MidAmerica to St. Louis Union Station,MidAmerica St. Louis Airport,St. Louis Union Station,38.5451731,-89.8351856,38.629167,-90.2075,2026-03-09,March 9th - Monday,w_0200,0.3,0.5,0.2,0.0,68,"[8877, 8861, 8741, 8736, 8734, 8707, 7682, 7678, 7655, 7635, 7630, 7628, 8260, 7617, 8242, 8237, 8235, 7358, 7357, 7359, 7360, 7352, 7351, 7353, 7367, 7345, 7346, 7368, 7446, 7445, 7458, 7457, 7468, 7436, 7469, 7471, 7481, 7482, 7486, 7315, 7540, 7546, 7560, 7574, 7575, 7592, 7593, 1919, 1922, 1926, 1952, 2132, 2136, 2162, 2165, 2182, 2184, 2186, 2421, 2205, 2450, 2451, 2369, 2375, 2399, 2401, 2404, 2715]",0.01905209998949431,success,,55.52676133994216,61.11079172843676,6.607262205294063,4.431119938454093,31.000000000000004,22.52309260886888
stl_midamerica_to_st_louis_union_station_2026-03-09_0201,midamerica_to_st_louis_union_station,MidAmerica to St. Louis Union Station,MidAmerica St. Louis Airport,St. Louis Union Station,38.5451731,-89.8351856,38.629167,-90.2075,2026-03-09,March 9th - Monday,w_0201,0.3,0.6,0.0,0.1,68,"[8877, 8861, 8741, 8736, 8734, 8707, 7682, 7678, 7655, 7635, 7630, 7628, 8260, 7617, 8242, 8237, 8235, 7358, 7357, 7359, 7360, 7352, 7351, 7353, 7367, 7345, 7346, 7368, 7446, 7445, 7458, 7457, 7468, 7436, 7435, 7471, 7481, 7482, 7486, 7315, 7540, 7546, 7560, 7574, 7575, 7592, 7593, 1919, 1922, 1926, 1952, 2132, 2136, 2162, 2165, 2182, 2184, 2186, 2419, 2423, 2448, 2452, 2454, 2372, 2399, 2401, 2404, 2715]",0.023303900001337752,success,,55.52680328940044,61.110837896528444,6.531695492477898,6.095567761925643,31.000000000000004,25.352268664445273
stl_midamerica_to_st_louis_union_station_2026-03-09_0202,midamerica_to_st_louis_union_station,MidAmerica to St. Louis Union Station,MidAmerica St. Louis Airport,St. Louis Union Station,38.5451731,-89.8351856,38.629167,-90.2075,2026-03-09,March 9th - Monday,w_0202,0.3,0.6,0.1,0.0,68,"[8877, 8861, 8741, 8736, 8734, 8707, 7682, 7678, 7655, 7635, 7630, 7628, 8260, 7617, 8242, 8237, 8235, 7358, 7357, 7359, 7360, 7352, 7351, 7353, 7367, 7345, 7346, 7368, 7446, 7445, 7458, 7457, 7468, 7436, 7469, 7471, 7481, 7482, 7486, 7315, 7540, 7546, 7560, 7574, 7575, 7592, 7593, 1919, 1922, 1926, 1952, 2132, 2136, 2162, 2165, 2182, 2184, 2186, 2421, 2205, 2450, 2451, 2369, 2375, 2399, 2401, 2404, 2715]",0.01914979997673072,success,,55.52676133994216,61.11079172843676,6.607262205294063,4.431119938454093,31.000000000000004,22.740706835552874
stl_midamerica_to_st_louis_union_station_2026-03-09_0203,midamerica_to_st_louis_union_station,MidAmerica to St. Louis Union Station,MidAmerica St. Louis Airport,St. Louis Union Station,38.5451731,-89.8351856,38.629167,-90.2075,2026-03-09,March 9th - Monday,w_0203,0.3,0.7,0.0,0.0,68,"[8877, 8861, 8741, 8736, 8734, 8707, 7682, 7678, 7655, 7635, 7630, 7628, 8260, 7617, 8242, 8237, 8235, 7358, 7357, 7359, 7360, 7352, 7351, 7353, 7367, 7345, 7346, 7368, 7446, 7445, 7458, 7457, 7468, 7436, 7435, 7471, 7481, 7482, 7486, 7315, 7540, 7546, 7560, 7574, 7575, 7592, 7593, 1919, 1922, 1926, 1952, 2132, 2136, 2162, 2165, 2182, 2184, 2186, 2419, 2423, 2448, 2452, 2454, 2372, 2399, 2401, 2404, 2715]",0.02024919999530539,success,,55.52680328940044,61.110837896528444,6.531695492477898,6.095567761925643,31.000000000000004,22.90543821369306
stl_midamerica_to_st_louis_union_station_2026-03-09_0204,midamerica_to_st_louis_union_station,MidAmerica to St. Louis Union Station,MidAmerica St. Louis Airport,St. Louis Union Station,38.5451731,-89.8351856,38.629167,-90.2075,2026-03-09,March 9th - Monday,w_0204,0.4,0.0,0.0,0.6,67,"[8877, 8876, 8892, 8897, 8899, 8926, 9788, 10013, 10014, 10036, 10052, 10054, 10061, 10051, 10049, 10048, 10050, 10253, 10252, 10241, 10240, 10248, 10246, 10247, 10245, 10231, 10230, 10262, 10150, 10148, 10149, 10151, 10161, 10159, 10158, 10160, 10166, 10168, 10167, 10169, 2247, 2269, 2268, 2257, 2256, 2254, 2279, 2293, 2296, 2301, 2303, 2491, 2492, 2818, 2496, 2507, 2506, 2828, 2505, 2809, 2811, 2810, 2728, 2730, 2731, 2729, 2715]",0.017241800000192598,success,,46.683328700980354,51.37802221113185,29.474393947782595,11.160766941646196,22.600000000000012,34.11120888445275
stl_midamerica_to_st_louis_union_station_2026-03-09_0205,midamerica_to_st_louis_union_station,MidAmerica to St. Louis Union Station,MidAmerica St. Louis Airport,St. Louis Union Station,38.5451731,-89.8351856,38.629167,-90.2075,2026-03-09,March 9th - Monday,w_0205,0.4,0.0,0.1,0.5,67,"[8877, 8876, 8892, 8897, 8899, 8926, 9788, 10013, 10014, 10036, 10052, 10054, 10061, 10051, 10049, 10048, 10050, 10253, 10252, 10241, 10240, 10248, 10246, 10247, 10245, 10231, 10230, 10262, 10150, 10148, 10149, 10151, 10161, 10159, 10158, 10160, 10166, 10168, 10167, 10169, 2247, 2269, 2268, 2278, 2283, 2508, 2286, 2298, 2300, 2304, 2307, 2491, 2492, 2818, 2496, 2507, 2506, 2828, 2505, 2809, 2811, 2810, 2728, 2730, 2731, 2729, 2715]",0.017002200009301305,success,,46.683794018220816,51.37853432284669,28.536414303461722,9.217492375120946,22.600000000000012,32.77316296665078
stl_midamerica_to_st_louis_union_station_2026-03-09_0206,midamerica_to_st_louis_union_station,MidAmerica to St. Louis Union Station,MidAmerica St. Louis Airport,St. Louis Union Station,38.5451731,-89.8351856,38.629167,-90.2075,2026-03-09,March 9th - Monday,w_0206,0.4,0.0,0.2,0.4,67,"[8877, 8876, 8892, 8897, 8899, 8926, 9788, 10013, 10014, 10036, 10052, 10054, 10061, 10051, 10049, 10048, 10050, 10253, 10252, 10241, 10240, 10248, 10246, 10247, 10245, 10231, 10230, 10262, 10150, 10148, 10149, 10151, 10161, 10159, 10158, 10160, 10166, 10168, 10167, 10169, 2247, 2269, 2268, 2278, 2283, 2508, 2286, 2298, 2300, 2304, 2307, 2491, 2492, 2818, 2496, 2507, 2506, 2828, 2505, 2809, 2811, 2810, 2728, 2730, 2731, 2729, 2715]",0.015844899986404926,success,,46.683794018220816,51.37853432284669,28.536414303461722,9.217492375120946,22.600000000000012,31.43491220416287
stl_midamerica_to_st_louis_union_station_2026-03-09_0207,midamerica_to_st_louis_union_station,MidAmerica to St. Louis Union Station,MidAmerica St. Louis Airport,St. Louis Union Station,38.5451731,-89.8351856,38.629167,-90.2075,2026-03-09,March 9th - Monday,w_0207,0.4,0.0,0.3,0.3,67,"[8877, 8876, 8892, 8897, 8899, 8926, 9788, 10013, 10014, 10036, 10052, 10054, 10061, 10051, 10049, 10048, 10050, 10253, 10252, 10241, 10240, 10248, 10246, 10247, 10245, 10231, 10230, 10262, 10150, 10148, 10149, 10151, 10161, 10156, 10154, 10155, 10162, 10164, 10163, 10165, 2244, 2246, 2268, 2278, 2283, 2508, 2286, 2298, 2300, 2304, 2531, 2819, 2820, 2822, 2825, 2836, 2848, 2850, 2837, 2859, 2858, 2815, 2759, 2734, 2731, 2729, 2715]",0.014767699991352856,success,,48.81678601447848,53.726029953713976,28.570091945307983,5.278783894524551,22.600000000000012,29.854047149842962
stl_midamerica_to_st_louis_union_station_2026-03-09_0208,midamerica_to_st_louis_union_station,MidAmerica to St. Louis Union Station,MidAmerica St. Louis Airport,St. Louis Union Station,38.5451731,-89.8351856,38.629167,-90.2075,2026-03-09,March 9th - Monday,w_0208,0.4,0.0,0.4,0.2,67,"[8877, 8876, 8892, 8897, 8899, 8926, 9788, 10013, 10014, 10036, 10052, 10054, 10061, 10051, 10049, 10048, 10050, 10253, 10252, 10241, 10240, 10248, 10246, 10247, 10245, 10231, 10230, 10262, 10150, 10148, 10149, 10151, 10161, 10156, 10154, 10155, 10162, 10164, 10163, 10165, 2244, 2246, 2268, 2278, 2283, 2508, 2286, 2298, 2300, 2304, 2531, 2819, 2820, 2822, 2825, 2836, 2848, 2850, 2837, 2859, 2858, 2815, 2759, 2734, 2731, 2729, 2715]",0.014516499999444932,success,,48.81678601447848,53.726029953713976,28.570091945307983,5.278783894524551,22.600000000000012,28.121925539295418
stl_midamerica_to_st_louis_union_station_2026-03-09_0209,midamerica_to_st_louis_union_station,MidAmerica to St. Louis Union Station,MidAmerica St. Louis Airport,St. Louis Union Station,38.5451731,-89.8351856,38.629167,-90.2075,2026-03-09,March 9th - Monday,w_0209,0.4,0.0,0.5,0.1,69,"[8877, 8876, 8868, 8869, 8870, 8867, 9753, 9754, 9755, 9744, 9742, 9743, 9730, 9733, 9721, 9732, 9720, 9915, 9913, 9912, 9914, 9932, 7806, 9933, 9923, 9922, 7815, 7816, 9820, 9832, 9833, 9821, 7905, 7906, 9823, 9822, 7916, 7915, 7914, 7913, 1933, 1931, 1932, 1917, 1943, 1946, 1970, 1983, 1998, 2003, 2000, 2191, 2194, 2193, 2192, 2185, 2184, 2186, 2421, 2205, 2450, 2451, 2369, 2375, 2399, 2401, 2406, 2729, 2715]",0.013542300002882257,success,,47.941309324872435,52.76251124038445,26.60401366295166,2.6103621949716804,38.6,26.27018559363962
stl_midamerica_to_st_louis_union_station_2026-03-09_0210,midamerica_to_st_louis_union_station,MidAmerica to St. Louis Union Station,MidAmerica St. Louis Airport,St. Louis Union Station,38.5451731,-89.8351856,38.629167,-90.2075,2026-03-09,March 9th - Monday,w_0210,0.4,0.0,0.6,0.0,69,"[8877, 8876, 8868, 8869, 8870, 8867, 9753, 9754, 9755, 9744, 9742, 9743, 9730, 9733, 9721, 9732, 9720, 9915, 9913, 9912, 9914, 9932, 7806, 9933, 9923, 9922, 7815, 7816, 9820, 9832, 9833, 9821, 7905, 7901, 7902, 7903, 7916, 7915, 7914, 7913, 1933, 1931, 1932, 1917, 1943, 1946, 1970, 1983, 1998, 2003, 2000, 2191, 2194, 2193, 2192, 2185, 2184, 2186, 2421, 2205, 2450, 2451, 2369, 2375, 2399, 2401, 2406, 2729, 2715]",0.009426899981917813,success,,48.47358680859487,53.34831703320492,26.586462381552547,2.2178590530601205,38.6,22.670042245118044
stl_midamerica_to_st_louis_union_station_2026-03-09_0211,midamerica_to_st_louis_union_station,MidAmerica to St. Louis Union Station,MidAmerica St. Louis Airport,St. Louis Union Station,38.5451731,-89.8351856,38.629167,-90.2075,2026-03-09,March 9th - Monday,w_0211,0.4,0.1,0.0,0.5,67,"[8877, 8879, 8896, 8900, 8924, 8930, 10012, 10015, 10019, 10053, 10057, 10054, 10061, 10051, 10049, 10072, 10079, 10284, 10288, 10286, 10289, 10294, 10281, 10292, 10293, 10304, 10303, 10302, 10315, 10316, 10312, 10181, 10203, 10200, 10202, 10201, 10189, 10190, 10188, 10191, 2276, 2518, 2277, 2509, 2287, 2508, 2286, 2298, 2300, 2301, 2307, 2491, 2492, 2818, 2496, 2507, 2506, 2828, 2505, 2809, 2811, 2810, 2728, 2730, 2731, 2729, 2715]",0.01866839997819625,success,,47.22076683153593,51.969507629527335,20.395919900589973,13.564446293658838,22.600000000000012,34.12739504186994
stl_midamerica_to_st_louis_union_station_2026-03-09_0212,midamerica_to_st_louis_union_station,MidAmerica to St. Louis Union Station,MidAmerica St. Louis Airport,St. Louis Union Station,38.5451731,-89.8351856,38.629167,-90.2075,2026-03-09,March 9th - Monday,w_0212,0.4,0.1,0.1,0.4,67,"[8877, 8879, 8896, 8900, 8924, 8930, 10012, 10015, 10019, 10053, 10057, 10054, 10061, 10051, 10049, 10048, 10050, 10253, 10252, 10241, 10240, 10248, 10246, 10247, 10245, 10231, 10230, 10262, 10150, 10148, 10149, 10151, 10195, 10193, 10192, 10194, 10170, 10182, 10171, 10183, 2270, 2272, 2274, 2285, 2283, 2508, 2286, 2298, 2300, 2301, 2307, 2491, 2492, 2818, 2496, 2507, 2506, 2828, 2505, 2809, 2811, 2810, 2728, 2730, 2731, 2729, 2715]",0.018707299983361736,success,,46.68464450677034,51.379470340495885,24.398506451130302,10.027799675807712,22.600000000000012,33.03441874889216
stl_midamerica_to_st_louis_union_station_2026-03-09_0213,midamerica_to_st_louis_union_station,MidAmerica to St. Louis Union Station,MidAmerica St. Louis Airport,St. Louis Union Station,38.5451731,-89.8351856,38.629167,-90.2075,2026-03-09,March 9th - Monday,w_0213,0.4,0.1,0.2,0.3,67,"[8877, 8879, 8896, 8900, 8924, 8930, 10012, 10015, 10019, 10053, 10057, 10054, 10061, 10051, 10049, 10048, 10050, 10253, 10252, 10241, 10240, 10248, 10246, 10247, 10245, 10231, 10230, 10262, 10150, 10148, 10149, 10151, 10161, 10159, 10158, 10160, 10166, 10168, 10167, 10169, 2247, 2272, 2274, 2285, 2283, 2508, 2286, 2298, 2300, 2301, 2307, 2491, 2492, 2818, 2496, 2507, 2506, 2828, 2505, 2809, 2811, 2810, 2728, 2730, 2731, 2729, 2715]",0.017929800000274554,success,,46.684295944844735,51.37908672555552,25.66885129598852,9.355614531175556,22.600000000000012,31.769642726056176
stl_midamerica_to_st_louis_union_station_2026-03-09_0214,midamerica_to_st_louis_union_station,MidAmerica to St. Louis Union Station,MidAmerica St. Louis Airport,St. Louis Union Station,38.5451731,-89.8351856,38.629167,-90.2075,2026-03-09,March 9th - Monday,w_0214,0.4,0.1,0.3,0.2,67,"[8877, 8879, 8896, 8900, 8924, 8930, 10012, 10015, 10019, 10053, 10057, 10054, 10061, 10051, 10049, 10048, 10050, 10254, 10259, 10282, 10289, 10294, 10281, 10292, 10293, 10304, 10303, 10302, 10315, 10316, 10317, 10314, 10207, 10206, 10204, 10205, 10323, 10328, 10329, 10327, 2548, 2550, 2556, 2553, 2544, 2546, 2579, 2560, 2564, 2567, 2566, 2844, 2842, 2838, 2827, 2849, 2848, 2850, 2837, 2859, 2858, 2860, 2759, 2734, 2731, 2729, 2715]",0.017797700013034046,success,,48.824340213633675,53.734343838408606,18.7266276108941,6.463877156345732,24.400000000000016,30.185563443356575
stl_midamerica_to_st_louis_union_station_2026-03-09_0215,midamerica_to_st_louis_union_station,MidAmerica to St. Louis Union Station,MidAmerica St. Louis Airport,St. Louis Union Station,38.5451731,-89.8351856,38.629167,-90.2075,2026-03-09,March 9th - Monday,w_0215,0.4,0.1,0.4,0.1,67,"[8877, 8879, 8896, 8900, 8924, 8930, 10012, 10015, 10019, 10053, 10057, 10054, 10061, 10051, 10049, 10048, 10050, 10254, 10259, 10282, 10289, 10294, 10281, 10292, 10293, 10304, 10303, 10302, 10315, 10316, 10317, 10314, 10207, 10206, 10204, 10205, 10323, 10328, 10329, 10327, 2548, 2550, 2556, 2553, 2544, 2546, 2579, 2560, 2564, 2567, 2566, 2844, 2842, 2838, 2827, 2849, 2848, 2850, 2837, 2859, 2858, 2860, 2759, 2734, 2731, 2729, 2715]",0.017046299995854497,success,,48.824340213633675,53.734343838408606,18.7266276108941,6.463877156345732,24.400000000000016,28.391951158991144
stl_midamerica_to_st_louis_union_station_2026-03-09_0216,midamerica_to_st_louis_union_station,MidAmerica to St. Louis Union Station,MidAmerica St. Louis Airport,St. Louis Union Station,38.5451731,-89.8351856,38.629167,-90.2075,2026-03-09,March 9th - Monday,w_0216,0.4,0.1,0.5,0.0,69,"[8877, 8876, 8868, 8869, 8870, 8867, 9753, 9754, 9755, 9744, 9742, 9743, 9730, 9733, 9721, 9732, 9720, 9915, 9913, 9912, 9914, 9932, 7806, 9933, 9923, 9922, 7815, 7816, 9820, 9832, 9833, 9821, 7905, 7906, 9823, 9822, 7916, 7915, 7914, 7913, 1933, 1931, 1932, 1917, 1943, 1946, 1970, 1983, 1998, 2003, 2000, 2191, 2194, 2193, 2192, 2185, 2184, 2186, 2421, 2205, 2450, 2451, 2369, 2375, 2399, 2401, 2406, 2729, 2715]",0.012540700001409277,success,,47.941309324872435,52.76251124038445,26.60401366295166,2.6103621949716804,38.6,25.070586959934786
stl_midamerica_to_st_louis_union_station_2026-03-09_0217,midamerica_to_st_louis_union_station,MidAmerica to St. Louis Union Station,MidAmerica St. Louis Airport,St. Louis Union Station,38.5451731,-89.8351856,38.629167,-90.2075,2026-03-09,March 9th - Monday,w_0217,0.4,0.2,0.0,0.4,68,"[8877, 8881, 8904, 8922, 8923, 8927, 9145, 10016, 10018, 10062, 10055, 10058, 10094, 10096, 10103, 10104, 10110, 10109, 10291, 10512, 10290, 10513, 10298, 10295, 10296, 10297, 10307, 10305, 10306, 10319, 10321, 10320, 10318, 10211, 10210, 10208, 10209, 10326, 10328, 10329, 10327, 2522, 2524, 2523, 2514, 2517, 2515, 2516, 2530, 2534, 2532, 2558, 2840, 2839, 2838, 2827, 2849, 2848, 2850, 2837, 2859, 2858, 2860, 2763, 2762, 2737, 2732, 2715]",0.020084100018721074,success,,48.666852135602625,53.561018023900075,14.998679925723389,13.370267511322758,23.200000000000014,33.70414319470471
stl_midamerica_to_st_louis_union_station_2026-03-09_0218,midamerica_to_st_louis_union_station,MidAmerica to St. Louis Union Station,MidAmerica St. Louis Airport,St. Louis Union Station,38.5451731,-89.8351856,38.629167,-90.2075,2026-03-09,March 9th - Monday,w_0218,0.4,0.2,0.1,0.3,68,"[8877, 8881, 8904, 8922, 8923, 8927, 9145, 10016, 10018, 10062, 10055, 10058, 10094, 10096, 10103, 10104, 10110, 10109, 10291, 10512, 10290, 10289, 10294, 10281, 10292, 10293, 10304, 10303, 10302, 10315, 10316, 10317, 10314, 10207, 10206, 10204, 10205, 10323, 10324, 10322, 10325, 2520, 2521, 2519, 2510, 2512, 2513, 2511, 2302, 2300, 2301, 2307, 2491, 2492, 2818, 2496, 2507, 2506, 2828, 2505, 2809, 2811, 2810, 2728, 2730, 2731, 2729, 2715]",0.019027700007427484,success,,47.59717568370674,52.38376991341823,17.473587763698447,11.66994454850107,23.200000000000014,32.57521997295709
stl_midamerica_to_st_louis_union_station_2026-03-09_0219,midamerica_to_st_louis_union_station,MidAmerica to St. Louis Union Station,MidAmerica St. Louis Airport,St. Louis Union Station,38.5451731,-89.8351856,38.629167,-90.2075,2026-03-09,March 9th - Monday,w_0219,0.4,0.2,0.2,0.2,68,"[8877, 8881, 8904, 8922, 8923, 8927, 9145, 10016, 10018, 10062, 10055, 10058, 10094, 10096, 10103, 10104, 10110, 10109, 10516, 10515, 10514, 10517, 10298, 10295, 10296, 10297, 10307, 10305, 10306, 10319, 10321, 10320, 10318, 10211, 10210, 10208, 10209, 10326, 10328, 10329, 10327, 2548, 2550, 2556, 2553, 2544, 2546, 2579, 2560, 2564, 2567, 2566, 2844, 2842, 2838, 2827, 2849, 2848, 2850, 2837, 2859, 2858, 2860, 2759, 2734, 2731, 2729, 2715]",0.018728000024566427,success,,49.73411900875928,54.735614237153726,14.655050387628872,7.056213771582748,24.400000000000016,31.11649852670382
stl_midamerica_to_st_louis_union_station_2026-03-09_0220,midamerica_to_st_louis_union_station,MidAmerica to St. Louis Union Station,MidAmerica St. Louis Airport,St. Louis Union Station,38.5451731,-89.8351856,38.629167,-90.2075,2026-03-09,March 9th - Monday,w_0220,0.4,0.2,0.3,0.1,68,"[8877, 8881, 8904, 8922, 8923, 8927, 9145, 10016, 10018, 10062, 10055, 10058, 10094, 10096, 10103, 10104, 10110, 10109, 10291, 10512, 10290, 10289, 10294, 10281, 10292, 10293, 10304, 10303, 10302, 10315, 10316, 10317, 10314, 10207, 10206, 10204, 10205, 10323, 10328, 10329, 10327, 2548, 2550, 2556, 2553, 2544, 2546, 2579, 2560, 2564, 2567, 2566, 2844, 2842, 2838, 2827, 2849, 2848, 2850, 2837, 2859, 2858, 2860, 2759, 2734, 2731, 2729, 2715]",0.018079700006637722,success,,49.73326992469228,54.73467976522835,15.38844614564863,6.463877156345732,24.400000000000016,29.350724282124787
stl_midamerica_to_st_louis_union_station_2026-03-09_0221,midamerica_to_st_louis_union_station,MidAmerica to St. Louis Union Station,MidAmerica St. Louis Airport,St. Louis Union Station,38.5451731,-89.8351856,38.629167,-90.2075,2026-03-09,March 9th - Monday,w_0221,0.4,0.2,0.4,0.0,68,"[8877, 8876, 8868, 8869, 8870, 8867, 9753, 9754, 9755, 9744, 9742, 9743, 9730, 9733, 9721, 9732, 9720, 9915, 9913, 9912, 9914, 9932, 7806, 9933, 9926, 9927, 9924, 9925, 9839, 9873, 9878, 9881, 9897, 9895, 9896, 9894, 9902, 9903, 9904, 9905, 2208, 1967, 1966, 1976, 1977, 1989, 1988, 1986, 1998, 2003, 2000, 2191, 2194, 2193, 2192, 2185, 2184, 2186, 2421, 2205, 2450, 2451, 2369, 2375, 2399, 2401, 2404, 2715]",0.015899999998509884,success,,48.102630014928515,52.940055092278676,19.690584214892496,4.675216902133272,39.0,26.98422564074328
stl_midamerica_to_st_louis_union_station_2026-03-09_0222,midamerica_to_st_louis_union_station,MidAmerica to St. Louis Union Station,MidAmerica St. Louis Airport,St. Louis Union Station,38.5451731,-89.8351856,38.629167,-90.2075,2026-03-09,March 9th - Monday,w_0222,0.4,0.3,0.0,0.3,68,"[8877, 8881, 8904, 8922, 8923, 8927, 9145, 10016, 10018, 10062, 10055, 10058, 10094, 10096, 10103, 10104, 10110, 10109, 10516, 10515, 10514, 10517, 10522, 10299, 10300, 10301, 10309, 10308, 10310, 10343, 10345, 10344, 10342, 10355, 10210, 10208, 10209, 10326, 10328, 10329, 10327, 2522, 2524, 2523, 2514, 2517, 2515, 2516, 2530, 2534, 2532, 2558, 2840, 2839, 2838, 2827, 2849, 2848, 2850, 2837, 2859, 2858, 2860, 2763, 2762, 2737, 2732, 2715]",0.020036400004755706,success,,49.20045512079,54.14828261680189,14.193327193589042,13.706437159353971,23.200000000000014,32.87731120479747
stl_midamerica_to_st_louis_union_station_2026-03-09_0223,midamerica_to_st_louis_union_station,MidAmerica to St. Louis Union Station,MidAmerica St. Louis Airport,St. Louis Union Station,38.5451731,-89.8351856,38.629167,-90.2075,2026-03-09,March 9th - Monday,w_0223,0.4,0.3,0.1,0.2,68,"[8877, 8881, 8904, 8922, 8923, 8927, 9145, 10016, 10018, 10062, 10055, 10058, 10094, 10096, 10103, 10104, 10110, 10109, 10516, 10515, 10514, 10517, 10298, 10295, 10296, 10297, 10307, 10305, 10306, 10319, 10321, 10320, 10318, 10211, 10210, 10208, 10209, 10326, 10328, 10329, 10327, 2522, 2524, 2523, 2514, 2517, 2515, 2516, 2530, 2534, 2559, 2558, 2840, 2839, 2838, 2827, 2849, 2848, 2850, 2837, 2859, 2858, 2860, 2763, 2762, 2737, 2732, 2715]",0.019682199985254556,success,,49.19999513677147,54.14777637464269,14.217312851627238,12.24114104908864,23.200000000000014,31.788418510254115
stl_midamerica_to_st_louis_union_station_2026-03-09_0224,midamerica_to_st_louis_union_station,MidAmerica to St. Louis Union Station,MidAmerica St. Louis Airport,St. Louis Union Station,38.5451731,-89.8351856,38.629167,-90.2075,2026-03-09,March 9th - Monday,w_0224,0.4,0.3,0.2,0.1,68,"[8877, 8881, 8904, 8922, 8923, 8927, 9145, 10016, 10018, 10062, 10055, 10058, 10094, 10096, 10103, 10104, 10110, 10109, 10516, 10515, 10514, 10517, 10298, 10295, 10296, 10297, 10307, 10305, 10306, 10319, 10321, 10320, 10318, 10211, 10210, 10208, 10209, 10326, 10328, 10329, 10327, 2548, 2550, 2556, 2553, 2544, 2546, 2579, 2560, 2564, 2567, 2566, 2844, 2842, 2838, 2827, 2849, 2848, 2850, 2837, 2859, 2858, 2860, 2763, 2758, 2733, 2729, 2715]",0.018999599997187033,success,,49.7342435422061,54.73575129426544,14.189489417048982,7.648217175228862,24.400000000000016,30.120790777866645
stl_midamerica_to_st_louis_union_station_2026-03-09_0225,midamerica_to_st_louis_union_station,MidAmerica to St. Louis Union Station,MidAmerica St. Louis Airport,St. Louis Union Station,38.5451731,-89.8351856,38.629167,-90.2075,2026-03-09,March 9th - Monday,w_0225,0.4,0.3,0.3,0.0,68,"[8877, 8861, 8864, 8865, 8866, 8863, 7715, 7713, 7709, 7705, 7700, 7698, 7661, 7668, 7643, 7641, 7626, 7385, 7381, 7366, 7364, 7355, 7354, 7356, 7369, 7371, 7372, 7370, 7460, 7459, 7462, 7461, 7472, 7470, 7469, 7471, 7481, 7482, 7486, 7315, 7540, 7546, 7560, 7574, 7575, 7592, 7593, 1919, 1922, 1926, 1952, 2132, 2136, 2162, 2165, 2182, 2184, 2186, 2421, 2205, 2450, 2451, 2369, 2375, 2399, 2401, 2404, 2715]",0.01854540000203997,success,,54.99846177070776,60.52936388775909,7.262249437968894,3.862837617547884,33.0,27.54927167175867
stl_midamerica_to_st_louis_union_station_2026-03-09_0226,midamerica_to_st_louis_union_station,MidAmerica to St. Louis Union Station,MidAmerica St. Louis Airport,St. Louis Union Station,38.5451731,-89.8351856,38.629167,-90.2075,2026-03-09,March 9th - Monday,w_0226,0.4,0.4,0.0,0.2,68,"[8877, 8881, 8904, 8922, 8923, 8927, 9145, 10016, 10018, 10062, 10055, 10058, 10094, 10096, 10103, 10104, 10110, 10109, 10516, 10515, 10514, 10517, 10522, 10299, 10300, 10301, 10309, 10308, 10310, 10343, 10345, 10344, 10342, 10355, 10210, 10208, 10209, 10326, 10328, 10329, 10327, 2522, 2524, 2523, 2514, 2517, 2515, 2516, 2530, 2534, 2532, 2558, 2840, 2839, 2838, 2827, 2849, 2848, 2850, 2837, 2859, 2858, 2860, 2763, 2762, 2737, 2732, 2715]",0.019938499986892566,success,,49.20045512079,54.14828261680189,14.193327193589042,13.706437159353971,23.200000000000014,31.97664392415638
stl_midamerica_to_st_louis_union_station_2026-03-09_0227,midamerica_to_st_louis_union_station,MidAmerica to St. Louis Union Station,MidAmerica St. Louis Airport,St. Louis Union Station,38.5451731,-89.8351856,38.629167,-90.2075,2026-03-09,March 9th - Monday,w_0227,0.4,0.4,0.1,0.1,68,"[8877, 8861, 8741, 8736, 8734, 8707, 7682, 7678, 7655, 7635, 7630, 7628, 8260, 7617, 8242, 8237, 8238, 7362, 7361, 7363, 7364, 7355, 7354, 7356, 7369, 7371, 7372, 7370, 7460, 7459, 7462, 7461, 7472, 7470, 7469, 7471, 7481, 7482, 7486, 7315, 7540, 7546, 7560, 7574, 7575, 7592, 7593, 1919, 1922, 1926, 1952, 2132, 2136, 2162, 2165, 2182, 2184, 2186, 2421, 2205, 2450, 2451, 2369, 2375, 2399, 2401, 2404, 2715]",0.02013200000510551,success,,54.99556545917048,60.52617630961004,6.988116509783616,4.437103891704021,31.000000000000004,30.549427516927867
stl_midamerica_to_st_louis_union_station_2026-03-09_0228,midamerica_to_st_louis_union_station,MidAmerica to St. Louis Union Station,MidAmerica St. Louis Airport,St. Louis Union Station,38.5451731,-89.8351856,38.629167,-90.2075,2026-03-09,March 9th - Monday,w_0228,0.4,0.4,0.2,0.0,68,"[8877, 8861, 8864, 8865, 8866, 8863, 7715, 7713, 7709, 7705, 7700, 7698, 7661, 7668, 7643, 7641, 7626, 7385, 7381, 7366, 7364, 7355, 7354, 7356, 7369, 7371, 7372, 7370, 7460, 7459, 7462, 7461, 7472, 7470, 7469, 7471, 7481, 7482, 7486, 7315, 7540, 7546, 7560, 7574, 7575, 7592, 7593, 1919, 1922, 1926, 1952, 2132, 2136, 2162, 2165, 2182, 2184, 2186, 2421, 2205, 2450, 2451, 2369, 2375, 2399, 2401, 2404, 2715]",0.01643819999299012,success,,54.99846177070776,60.52936388775909,7.262249437968894,3.862837617547884,33.0,27.88921285380077
stl_midamerica_to_st_louis_union_station_2026-03-09_0229,midamerica_to_st_louis_union_station,MidAmerica to St. Louis Union Station,MidAmerica St. Louis Airport,St. Louis Union Station,38.5451731,-89.8351856,38.629167,-90.2075,2026-03-09,March 9th - Monday,w_0229,0.4,0.5,0.0,0.1,71,"[8877, 8881, 8905, 8906, 8933, 8929, 9143, 9146, 9173, 10020, 10063, 10068, 10070, 10095, 10099, 10422, 10101, 10106, 10104, 10110, 10109, 10516, 10515, 10514, 10517, 10522, 10299, 10300, 10301, 10309, 10308, 10533, 10363, 10350, 10351, 10366, 10376, 10374, 10379, 10614, 10407, 10410, 10411, 10408, 2604, 2605, 2606, 2603, 10715, 10714, 10713, 10722, 2597, 10723, 2596, 2876, 2875, 2874, 2873, 2885, 2879, 2857, 2851, 2861, 2862, 2863, 2763, 2762, 2737, 2732, 2715]",0.01983720000134781,success,,51.93172241795522,57.15421890633103,10.48185737943066,14.508761952606609,26.600000000000023,30.762616252247746
stl_midamerica_to_st_louis_union_station_2026-03-09_0230,midamerica_to_st_louis_union_station,MidAmerica to St. Louis Union Station,MidAmerica St. Louis Airport,St. Louis Union Station,38.5451731,-89.8351856,38.629167,-90.2075,2026-03-09,March 9th - Monday,w_0230,0.4,0.5,0.1,0.0,68,"[8877, 8861, 8741, 8736, 8734, 8707, 7682, 7678, 7655, 7635, 7630, 7628, 8260, 7617, 8242, 8237, 8238, 7362, 7361, 7363, 7364, 7355, 7354, 7356, 7369, 7371, 7372, 7370, 7460, 7459, 7462, 7461, 7472, 7470, 7469, 7471, 7481, 7482, 7486, 7315, 7540, 7546, 7560, 7574, 7575, 7592, 7593, 1919, 1922, 1926, 1952, 2132, 2136, 2162, 2165, 2182, 2184, 2186, 2421, 2205, 2450, 2451, 2369, 2375, 2399, 2401, 2404, 2715]",0.01701630000025034,success,,54.99556545917048,60.52617630961004,6.988116509783616,4.437103891704021,31.000000000000004,28.148239167906226
stl_midamerica_to_st_louis_union_station_2026-03-09_0231,midamerica_to_st_louis_union_station,MidAmerica to St. Louis Union Station,MidAmerica St. Louis Airport,St. Louis Union Station,38.5451731,-89.8351856,38.629167,-90.2075,2026-03-09,March 9th - Monday,w_0231,0.4,0.6,0.0,0.0,68,"[8877, 8861, 8741, 8736, 8734, 8707, 7682, 7678, 7655, 7635, 7630, 7628, 8260, 7617, 8242, 8237, 8238, 7362, 7361, 7363, 7364, 7355, 7354, 7356, 7369, 7371, 7372, 7370, 7460, 7459, 7462, 7461, 7472, 7470, 7469, 7471, 7481, 7482, 7486, 7315, 7540, 7546, 7560, 7574, 7575, 7592, 7593, 1919, 1922, 1926, 1952, 2132, 2136, 2162, 2165, 2182, 2184, 2186, 2419, 2423, 2448, 2452, 2454, 2372, 2399, 2401, 2404, 2715]",0.017544800008181483,success,,54.99564589804045,60.52626483778836,6.912549796967449,5.6625590988752545,31.000000000000004,28.358035813295814
stl_midamerica_to_st_louis_union_station_2026-03-09_0232,midamerica_to_st_louis_union_station,MidAmerica to St. Louis Union Station,MidAmerica St. Louis Airport,St. Louis Union Station,38.5451731,-89.8351856,38.629167,-90.2075,2026-03-09,March 9th - Monday,w_0232,0.5,0.0,0.0,0.5,67,"[8877, 8876, 8892, 8897, 8899, 8926, 9788, 10013, 10014, 10036, 10052, 10054, 10061, 10051, 10049, 10048, 10050, 10253, 10252, 10241, 10240, 10248, 10246, 10247, 10245, 10231, 10230, 10262, 10150, 10148, 10149, 10151, 10161, 10159, 10158, 10160, 10166, 10168, 10167, 10169, 2247, 2269, 2268, 2257, 2256, 2254, 2279, 2293, 2296, 2301, 2303, 2491, 2492, 2818, 2496, 2507, 2506, 2828, 2505, 2809, 2811, 2810, 2728, 2730, 2731, 2729, 2715]",0.013118000002577901,success,,46.683328700980354,51.37802221113185,29.474393947782595,11.160766941646196,22.600000000000012,36.98901110556593
stl_midamerica_to_st_louis_union_station_2026-03-09_0233,midamerica_to_st_louis_union_station,MidAmerica to St. Louis Union Station,MidAmerica St. Louis Airport,St. Louis Union Station,38.5451731,-89.8351856,38.629167,-90.2075,2026-03-09,March 9th - Monday,w_0233,0.5,0.0,0.1,0.4,67,"[8877, 8876, 8892, 8897, 8899, 8926, 9788, 10013, 10014, 10036, 10052, 10054, 10061, 10051, 10049, 10048, 10050, 10253, 10252, 10241, 10240, 10248, 10246, 10247, 10245, 10231, 10230, 10262, 10150, 10148, 10149, 10151, 10161, 10159, 10158, 10160, 10166, 10168, 10167, 10169, 2247, 2269, 2268, 2278, 2283, 2508, 2286, 2298, 2300, 2304, 2307, 2491, 2492, 2818, 2496, 2507, 2506, 2828, 2505, 2809, 2811, 2810, 2728, 2730, 2731, 2729, 2715]",0.012544099998194724,success,,46.683794018220816,51.37853432284669,28.536414303461722,9.217492375120946,22.600000000000012,35.65101639893545
stl_midamerica_to_st_louis_union_station_2026-03-09_0234,midamerica_to_st_louis_union_station,MidAmerica to St. Louis Union Station,MidAmerica St. Louis Airport,St. Louis Union Station,38.5451731,-89.8351856,38.629167,-90.2075,2026-03-09,March 9th - Monday,w_0234,0.5,0.0,0.2,0.3,67,"[8877, 8876, 8892, 8897, 8899, 8926, 9788, 10013, 10014, 10036, 10052, 10054, 10061, 10051, 10049, 10048, 10050, 10253, 10252, 10241, 10240, 10248, 10246, 10247, 10245, 10231, 10230, 10262, 10150, 10148, 10149, 10151, 10161, 10159, 10158, 10160, 10166, 10168, 10167, 10169, 2247, 2269, 2268, 2278, 2283, 2508, 2286, 2298, 2300, 2304, 2307, 2491, 2492, 2818, 2496, 2507, 2506, 2828, 2505, 2809, 2811, 2810, 2728, 2730, 2731, 2729, 2715]",0.01296550000552088,success,,46.683794018220816,51.37853432284669,28.536414303461722,9.217492375120946,22.600000000000012,34.31276563644754
stl_midamerica_to_st_louis_union_station_2026-03-09_0235,midamerica_to_st_louis_union_station,MidAmerica to St. Louis Union Station,MidAmerica St. Louis Airport,St. Louis Union Station,38.5451731,-89.8351856,38.629167,-90.2075,2026-03-09,March 9th - Monday,w_0235,0.5,0.0,0.3,0.2,67,"[8877, 8876, 8892, 8897, 8899, 8926, 9788, 10013, 10014, 10036, 10052, 10054, 10061, 10051, 10049, 10048, 10050, 10253, 10252, 10241, 10240, 10248, 10246, 10247, 10245, 10231, 10230, 10262, 10150, 10148, 10149, 10151, 10161, 10156, 10154, 10155, 10162, 10164, 10163, 10165, 2244, 2246, 2268, 2278, 2283, 2508, 2286, 2298, 2300, 2304, 2307, 2491, 2492, 2493, 2496, 2507, 2506, 2828, 2505, 2809, 2811, 2810, 2728, 2730, 2731, 2729, 2715]",0.012153099989518523,success,,47.21619300596334,51.96447383869885,28.717300579358028,7.796821346601212,23.000000000000018,32.92128332332979
stl_midamerica_to_st_louis_union_station_2026-03-09_0236,midamerica_to_st_louis_union_station,MidAmerica to St. Louis Union Station,MidAmerica St. Louis Airport,St. Louis Union Station,38.5451731,-89.8351856,38.629167,-90.2075,2026-03-09,March 9th - Monday,w_0236,0.5,0.0,0.4,0.1,67,"[8877, 8876, 8892, 8897, 8899, 8926, 9788, 10013, 10014, 10036, 10052, 10054, 10061, 10051, 10049, 10048, 10050, 10253, 10252, 10241, 10240, 10248, 10246, 10247, 10245, 10231, 10230, 10262, 10150, 10148, 10149, 10151, 10161, 10156, 10154, 10155, 10162, 10164, 10163, 10165, 2244, 2246, 2268, 2278, 2283, 2508, 2286, 2298, 2300, 2301, 2303, 2490, 2467, 2488, 2489, 2498, 2501, 2503, 2504, 2486, 2487, 2810, 2728, 2730, 2731, 2729, 2715]",0.011700399976689368,success,,47.21564940138753,51.96387556670865,31.363362860577123,6.318986479689186,26.60000000000001,31.169532375230002
stl_midamerica_to_st_louis_union_station_2026-03-09_0237,midamerica_to_st_louis_union_station,MidAmerica to St. Louis Union Station,MidAmerica St. Louis Airport,St. Louis Union Station,38.5451731,-89.8351856,38.629167,-90.2075,2026-03-09,March 9th - Monday,w_0237,0.5,0.0,0.5,0.0,69,"[8877, 8876, 8868, 8869, 8870, 8867, 9753, 9754, 9755, 9744, 9742, 9743, 9730, 9733, 9721, 9732, 9720, 9915, 9913, 9912, 9914, 9932, 7806, 9933, 9923, 9922, 7815, 7816, 9820, 9832, 9833, 9821, 7905, 7906, 9823, 9822, 7916, 7915, 7914, 7913, 1933, 1931, 1932, 1917, 1943, 1946, 1970, 1983, 1998, 2003, 2000, 2191, 2194, 2193, 2192, 2185, 2184, 2186, 2421, 2205, 2450, 2451, 2369, 2375, 2399, 2401, 2406, 2729, 2715]",0.008638399973278865,success,,47.941309324872435,52.76251124038445,26.60401366295166,2.6103621949716804,38.6,27.686436717678063
stl_midamerica_to_st_louis_union_station_2026-03-09_0238,midamerica_to_st_louis_union_station,MidAmerica to St. Louis Union Station,MidAmerica St. Louis Airport,St. Louis Union Station,38.5451731,-89.8351856,38.629167,-90.2075,2026-03-09,March 9th - Monday,w_0238,0.5,0.1,0.0,0.4,67,"[8877, 8879, 8896, 8900, 8924, 8930, 10012, 10015, 10019, 10053, 10057, 10054, 10061, 10051, 10049, 10072, 10079, 10284, 10288, 10286, 10289, 10294, 10281, 10292, 10293, 10304, 10303, 10302, 10315, 10316, 10317, 10314, 10207, 10206, 10204, 10205, 10323, 10324, 10322, 10325, 2520, 2521, 2519, 2510, 2512, 2513, 2511, 2302, 2300, 2301, 2307, 2491, 2492, 2818, 2496, 2507, 2506, 2828, 2505, 2809, 2811, 2810, 2728, 2730, 2731, 2729, 2715]",0.01383519999217242,success,,46.68855540718086,51.383774539312654,19.97466848935391,13.844855750214501,23.200000000000014,36.969354118591724
stl_midamerica_to_st_louis_union_station_2026-03-09_0239,midamerica_to_st_louis_union_station,MidAmerica to St. Louis Union Station,MidAmerica St. Louis Airport,St. Louis Union Station,38.5451731,-89.8351856,38.629167,-90.2075,2026-03-09,March 9th - Monday,w_0239,0.5,0.1,0.1,0.3,67,"[8877, 8879, 8896, 8900, 8924, 8930, 10012, 10015, 10019, 10053, 10057, 10054, 10061, 10051, 10049, 10048, 10050, 10254, 10259, 10282, 10289, 10294, 10281, 10292, 10293, 10304, 10303, 10302, 10315, 10316, 10317, 10314, 10207, 10206, 10204, 10205, 10323, 10324, 10322, 10325, 2520, 2521, 2519, 2510, 2512, 2513, 2511, 2302, 2300, 2301, 2307, 2491, 2492, 2818, 2496, 2507, 2506, 2828, 2505, 2809, 2811, 2810, 2728, 2730, 2731, 2729, 2715]",0.01386939999065362,success,,46.688245972648126,51.38343398659848,20.811769228943916,11.66994454850107,23.200000000000014,35.899888371043744
stl_midamerica_to_st_louis_union_station_2026-03-09_0240,midamerica_to_st_louis_union_station,MidAmerica to St. Louis Union Station,MidAmerica St. Louis Airport,St. Louis Union Station,38.5451731,-89.8351856,38.629167,-90.2075,2026-03-09,March 9th - Monday,w_0240,0.5,0.1,0.2,0.2,67,"[8877, 8879, 8896, 8900, 8924, 8930, 10012, 10015, 10019, 10053, 10057, 10054, 10061, 10051, 10049, 10048, 10050, 10253, 10252, 10241, 10240, 10248, 10246, 10247, 10245, 10231, 10230, 10262, 10150, 10148, 10149, 10151, 10161, 10159, 10158, 10160, 10166, 10168, 10167, 10169, 2247, 2272, 2274, 2285, 2283, 2508, 2286, 2298, 2300, 2301, 2307, 2491, 2492, 2818, 2496, 2507, 2506, 2828, 2505, 2809, 2811, 2810, 2728, 2730, 2731, 2729, 2715]",0.014338600012706593,success,,46.684295944844735,51.37908672555552,25.66885129598852,9.355614531175556,22.600000000000012,34.647551398611725
stl_midamerica_to_st_louis_union_station_2026-03-09_0241,midamerica_to_st_louis_union_station,MidAmerica to St. Louis Union Station,MidAmerica St. Louis Airport,St. Louis Union Station,38.5451731,-89.8351856,38.629167,-90.2075,2026-03-09,March 9th - Monday,w_0241,0.5,0.1,0.3,0.1,67,"[8877, 8876, 8868, 8869, 8870, 8867, 9753, 9754, 9755, 9750, 9773, 9779, 9781, 9796, 9799, 10022, 10025, 10007, 10009, 10232, 10238, 10243, 10244, 10242, 10221, 10227, 10229, 10228, 10146, 10144, 10147, 10145, 10157, 10156, 10154, 10155, 10162, 10164, 10163, 10165, 2247, 2272, 2274, 2285, 2283, 2508, 2286, 2298, 2300, 2301, 2307, 2491, 2492, 2493, 2496, 2507, 2506, 2828, 2505, 2809, 2811, 2810, 2728, 2730, 2731, 2729, 2715]",0.013998899987200275,success,,46.67985536954628,51.37419958527094,21.857247490094956,8.697158050998796,26.00000000000002,33.08197195694461
stl_midamerica_to_st_louis_union_station_2026-03-09_0242,midamerica_to_st_louis_union_station,MidAmerica to St. Louis Union Station,MidAmerica St. Louis Airport,St. Louis Union Station,38.5451731,-89.8351856,38.629167,-90.2075,2026-03-09,March 9th - Monday,w_0242,0.5,0.1,0.4,0.0,68,"[8877, 8876, 8868, 8869, 8870, 8867, 9753, 9754, 9755, 9744, 9742, 9743, 9730, 9733, 9721, 9732, 9720, 9915, 9913, 9912, 9914, 9932, 7806, 9933, 9923, 9922, 7815, 7816, 9820, 9832, 9833, 9821, 7905, 7906, 9823, 9822, 7916, 7915, 7914, 7913, 1933, 1931, 1932, 1917, 1939, 1916, 1938, 1948, 1951, 1957, 1979, 2159, 2161, 2162, 2165, 2182, 2184, 2186, 2421, 2205, 2450, 2451, 2369, 2375, 2399, 2401, 2404, 2715]",0.011097500013420358,success,,47.565033920383634,52.34839582429753,23.905103345505033,3.7665472401703193,38.0,30.071327142767394
stl_midamerica_to_st_louis_union_station_2026-03-09_0243,midamerica_to_st_louis_union_station,MidAmerica to St. Louis Union Station,MidAmerica St. Louis Airport,St. Louis Union Station,38.5451731,-89.8351856,38.629167,-90.2075,2026-03-09,March 9th - Monday,w_0243,0.5,0.2,0.0,0.3,68,"[8877, 8881, 8904, 8922, 8923, 8927, 9145, 10016, 10018, 10062, 10055, 10058, 10094, 10096, 10103, 10080, 10081, 10102, 10284, 10288, 10286, 10289, 10294, 10281, 10292, 10293, 10304, 10303, 10302, 10315, 10316, 10317, 10314, 10207, 10206, 10204, 10205, 10323, 10324, 10322, 10325, 2520, 2521, 2519, 2510, 2512, 2513, 2511, 2302, 2300, 2301, 2307, 2491, 2492, 2818, 2496, 2507, 2506, 2828, 2505, 2809, 2811, 2810, 2728, 2730, 2731, 2729, 2715]",0.015278500010026619,success,,47.063913810070595,51.79688073583798,18.810598615170548,13.51518160832586,23.200000000000014,36.620560090953106
stl_midamerica_to_st_louis_union_station_2026-03-09_0244,midamerica_to_st_louis_union_station,MidAmerica to St. Louis Union Station,MidAmerica St. Louis Airport,St. Louis Union Station,38.5451731,-89.8351856,38.629167,-90.2075,2026-03-09,March 9th - Monday,w_0244,0.5,0.2,0.1,0.2,68,"[8877, 8881, 8904, 8922, 8923, 8927, 9145, 10016, 10018, 10062, 10055, 10058, 10094, 10096, 10103, 10104, 10110, 10109, 10291, 10512, 10290, 10289, 10294, 10281, 10292, 10293, 10304, 10303, 10302, 10315, 10316, 10317, 10314, 10207, 10206, 10204, 10205, 10323, 10324, 10322, 10325, 2520, 2521, 2519, 2510, 2512, 2513, 2511, 2302, 2300, 2301, 2307, 2491, 2492, 2818, 2496, 2507, 2506, 2828, 2505, 2809, 2811, 2810, 2728, 2730, 2731, 2729, 2715]",0.015180799993686378,success,,47.59717568370674,52.38376991341823,17.473587763698447,11.66994454850107,23.200000000000014,35.493596964298916
stl_midamerica_to_st_louis_union_station_2026-03-09_0245,midamerica_to_st_louis_union_station,MidAmerica to St. Louis Union Station,MidAmerica St. Louis Airport,St. Louis Union Station,38.5451731,-89.8351856,38.629167,-90.2075,2026-03-09,March 9th - Monday,w_0245,0.5,0.2,0.2,0.1,68,"[8877, 8881, 8904, 8922, 8923, 8927, 9145, 10016, 10018, 10062, 10055, 10058, 10094, 10096, 10103, 10104, 10110, 10109, 10516, 10515, 10514, 10517, 10298, 10295, 10296, 10297, 10307, 10305, 10306, 10319, 10321, 10320, 10318, 10211, 10210, 10208, 10209, 10326, 10328, 10329, 10327, 2548, 2550, 2556, 2553, 2544, 2546, 2579, 2560, 2564, 2567, 2566, 2844, 2842, 2838, 2827, 2849, 2848, 2850, 2837, 2859, 2858, 2860, 2759, 2734, 2731, 2729, 2715]",0.014640500012319535,success,,49.73411900875928,54.735614237153726,14.655050387628872,7.056213771582748,24.400000000000016,34.15005995041919
stl_midamerica_to_st_louis_union_station_2026-03-09_0246,midamerica_to_st_louis_union_station,MidAmerica to St. Louis Union Station,MidAmerica St. Louis Airport,St. Louis Union Station,38.5451731,-89.8351856,38.629167,-90.2075,2026-03-09,March 9th - Monday,w_0246,0.5,0.2,0.3,0.0,68,"[8877, 8876, 8868, 8869, 8870, 8867, 9753, 9754, 9755, 9744, 9742, 9743, 9730, 9733, 9721, 9732, 9720, 9915, 9913, 9912, 9914, 9932, 7806, 9933, 9926, 9927, 9924, 9925, 9839, 9873, 9878, 9881, 9897, 9895, 9896, 9894, 9902, 9903, 9904, 9909, 2213, 2212, 2214, 1997, 1994, 1995, 1996, 2005, 2004, 2007, 2229, 2195, 2197, 2196, 2408, 2418, 2187, 2186, 2421, 2205, 2450, 2451, 2369, 2375, 2399, 2401, 2404, 2715]",0.01389600001857616,success,,47.57110484020323,52.35507726416082,18.687301854545673,5.856669572138323,39.0,31.671999874631044
stl_midamerica_to_st_louis_union_station_2026-03-09_0247,midamerica_to_st_louis_union_station,MidAmerica to St. Louis Union Station,MidAmerica St. Louis Airport,St. Louis Union Station,38.5451731,-89.8351856,38.629167,-90.2075,2026-03-09,March 9th - Monday,w_0247,0.5,0.3,0.0,0.2,68,"[8877, 8881, 8904, 8922, 8923, 8927, 9145, 10016, 10018, 10062, 10055, 10058, 10094, 10096, 10103, 10104, 10110, 10109, 10291, 10512, 10290, 10513, 10298, 10295, 10296, 10297, 10307, 10305, 10306, 10319, 10321, 10320, 10318, 10211, 10210, 10208, 10209, 10326, 10328, 10329, 10327, 2522, 2524, 2523, 2514, 2517, 2515, 2516, 2530, 2534, 2532, 2558, 2840, 2839, 2838, 2827, 2849, 2848, 2850, 2837, 2859, 2858, 2860, 2763, 2762, 2737, 2732, 2715]",0.016756099998019636,success,,48.666852135602625,53.561018023900075,14.998679925723389,13.370267511322758,23.200000000000014,35.920112989667054
stl_midamerica_to_st_louis_union_station_2026-03-09_0248,midamerica_to_st_louis_union_station,MidAmerica to St. Louis Union Station,MidAmerica St. Louis Airport,St. Louis Union Station,38.5451731,-89.8351856,38.629167,-90.2075,2026-03-09,March 9th - Monday,w_0248,0.5,0.3,0.1,0.1,68,"[8877, 8881, 8904, 8922, 8923, 8927, 9145, 10016, 10018, 10062, 10055, 10058, 10094, 10096, 10103, 10104, 10110, 10109, 10516, 10515, 10514, 10517, 10298, 10295, 10296, 10297, 10307, 10305, 10306, 10319, 10321, 10320, 10318, 10211, 10210, 10208, 10209, 10326, 10328, 10329, 10327, 2548, 2550, 2556, 2553, 2544, 2546, 2579, 2560, 2564, 2567, 2566, 2844, 2842, 2838, 2827, 2849, 2848, 2850, 2837, 2859, 2858, 2860, 2763, 2762, 2737, 2732, 2715]",0.015848000010009855,success,,49.73436806939079,54.735888344485275,13.592764554910174,9.387769103338304,24.400000000000016,34.824550449049525
stl_midamerica_to_st_louis_union_station_2026-03-09_0249,midamerica_to_st_louis_union_station,MidAmerica to St. Louis Union Station,MidAmerica St. Louis Airport,St. Louis Union Station,38.5451731,-89.8351856,38.629167,-90.2075,2026-03-09,March 9th - Monday,w_0249,0.5,0.3,0.2,0.0,67,"[8877, 8876, 8868, 8869, 8870, 8867, 9753, 9754, 9755, 9744, 9742, 9743, 9730, 9733, 9721, 9732, 9720, 9919, 9916, 9918, 9917, 9935, 9934, 9936, 9926, 9927, 9924, 9925, 9839, 9873, 9878, 9876, 9859, 9861, 9892, 9894, 9902, 9903, 9904, 9909, 2213, 2212, 2214, 1997, 1994, 1995, 1996, 2228, 2232, 2259, 2258, 2413, 2416, 2415, 2414, 2440, 2438, 2439, 2427, 2453, 2455, 2457, 2372, 2399, 2401, 2404, 2715]",0.014371800003573298,success,,47.197627665299606,51.9440414806918,18.44036748163539,7.024480405222074,38.0,32.909027065880935
stl_midamerica_to_st_louis_union_station_2026-03-09_0250,midamerica_to_st_louis_union_station,MidAmerica to St. Louis Union Station,MidAmerica St. Louis Airport,St. Louis Union Station,38.5451731,-89.8351856,38.629167,-90.2075,2026-03-09,March 9th - Monday,w_0250,0.5,0.4,0.0,0.1,68,"[8877, 8881, 8904, 8922, 8923, 8927, 9145, 10016, 10018, 10062, 10055, 10058, 10094, 10096, 10103, 10104, 10110, 10109, 10516, 10515, 10514, 10517, 10522, 10299, 10300, 10301, 10309, 10308, 10533, 10363, 10350, 10351, 10362, 10372, 10360, 10361, 10373, 10340, 10338, 10341, 10339, 2555, 2554, 2556, 2553, 2544, 2546, 2545, 2560, 2564, 2567, 2566, 2844, 2842, 2843, 2841, 2854, 2852, 2853, 2851, 2861, 2862, 2863, 2763, 2762, 2737, 2732, 2715]",0.016190499998629093,success,,49.203575913705706,54.15171725122495,13.730163017454618,15.20970824387858,24.400000000000016,35.00792383259433
stl_midamerica_to_st_louis_union_station_2026-03-09_0251,midamerica_to_st_louis_union_station,MidAmerica to St. Louis Union Station,MidAmerica St. Louis Airport,St. Louis Union Station,38.5451731,-89.8351856,38.629167,-90.2075,2026-03-09,March 9th - Monday,w_0251,0.5,0.4,0.1,0.0,68,"[8877, 8861, 8741, 8736, 8734, 8707, 7682, 7678, 7655, 7635, 7630, 7628, 8260, 7617, 8242, 8237, 8238, 7362, 7361, 7363, 7364, 7355, 7354, 7356, 7369, 7371, 7372, 7370, 7460, 7459, 7462, 7461, 7472, 7470, 7469, 7471, 7481, 7482, 7486, 7315, 7540, 7546, 7560, 7574, 7575, 7592, 7593, 1919, 1922, 1926, 1952, 2132, 2136, 2162, 2165, 2182, 2184, 2186, 2421, 2205, 2450, 2451, 2369, 2375, 2399, 2401, 2404, 2715]",0.015251500008162111,success,,54.99556545917048,60.52617630961004,6.988116509783616,4.437103891704021,31.000000000000004,33.50204514788887
stl_midamerica_to_st_louis_union_station_2026-03-09_0252,midamerica_to_st_louis_union_station,MidAmerica to St. Louis Union Station,MidAmerica St. Louis Airport,St. Louis Union Station,38.5451731,-89.8351856,38.629167,-90.2075,2026-03-09,March 9th - Monday,w_0252,0.5,0.5,0.0,0.0,68,"[8877, 8861, 8741, 8736, 8734, 8707, 7682, 7678, 7655, 7635, 7630, 7628, 8260, 7617, 8242, 8237, 8238, 7362, 7361, 7363, 7364, 7355, 7354, 7356, 7369, 7371, 7372, 7370, 7460, 7459, 7462, 7461, 7472, 7470, 7469, 7471, 7481, 7482, 7486, 7315, 7540, 7546, 7560, 7574, 7575, 7592, 7593, 1919, 1922, 1926, 1952, 2132, 2136, 2162, 2165, 2182, 2184, 2186, 2419, 2423, 2448, 2452, 2454, 2372, 2399, 2401, 2404, 2715]",0.015320100006647408,success,,54.99564589804045,60.52626483778836,6.912549796967449,5.6625590988752545,31.000000000000004,33.71940731737791
stl_midamerica_to_st_louis_union_station_2026-03-09_0253,midamerica_to_st_louis_union_station,MidAmerica to St. Louis Union Station,MidAmerica St. Louis Airport,St. Louis Union Station,38.5451731,-89.8351856,38.629167,-90.2075,2026-03-09,March 9th - Monday,w_0253,0.6,0.0,0.0,0.4,67,"[8877, 8876, 8892, 8897, 8899, 8926, 9788, 10013, 10014, 10036, 10052, 10054, 10061, 10051, 10049, 10048, 10050, 10253, 10252, 10241, 10240, 10248, 10246, 10247, 10245, 10231, 10230, 10262, 10150, 10148, 10149, 10151, 10161, 10159, 10158, 10160, 10166, 10168, 10167, 10169, 2247, 2269, 2268, 2257, 2256, 2254, 2279, 2293, 2296, 2301, 2303, 2491, 2492, 2818, 2496, 2507, 2506, 2828, 2505, 2809, 2811, 2810, 2728, 2730, 2731, 2729, 2715]",0.010783400008222088,success,,46.683328700980354,51.37802221113185,29.474393947782595,11.160766941646196,22.600000000000012,39.866813326679114
stl_midamerica_to_st_louis_union_station_2026-03-09_0254,midamerica_to_st_louis_union_station,MidAmerica to St. Louis Union Station,MidAmerica St. Louis Airport,St. Louis Union Station,38.5451731,-89.8351856,38.629167,-90.2075,2026-03-09,March 9th - Monday,w_0254,0.6,0.0,0.1,0.3,67,"[8877, 8876, 8892, 8897, 8899, 8926, 9788, 10013, 10014, 10036, 10052, 10054, 10061, 10051, 10049, 10048, 10050, 10253, 10252, 10241, 10240, 10248, 10246, 10247, 10245, 10231, 10230, 10262, 10150, 10148, 10149, 10151, 10161, 10159, 10158, 10160, 10166, 10168, 10167, 10169, 2247, 2269, 2268, 2278, 2283, 2508, 2286, 2298, 2300, 2304, 2307, 2491, 2492, 2818, 2496, 2507, 2506, 2828, 2505, 2809, 2811, 2810, 2728, 2730, 2731, 2729, 2715]",0.010027100011939183,success,,46.683794018220816,51.37853432284669,28.536414303461722,9.217492375120946,22.600000000000012,38.52886983122011
stl_midamerica_to_st_louis_union_station_2026-03-09_0255,midamerica_to_st_louis_union_station,MidAmerica to St. Louis Union Station,MidAmerica St. Louis Airport,St. Louis Union Station,38.5451731,-89.8351856,38.629167,-90.2075,2026-03-09,March 9th - Monday,w_0255,0.6,0.0,0.2,0.2,67,"[8877, 8876, 8892, 8897, 8899, 8926, 9788, 10013, 10014, 10036, 10052, 10054, 10061, 10051, 10049, 10048, 10050, 10253, 10252, 10241, 10240, 10248, 10246, 10247, 10245, 10231, 10230, 10262, 10150, 10148, 10149, 10151, 10161, 10159, 10158, 10160, 10166, 10168, 10167, 10169, 2247, 2269, 2268, 2278, 2283, 2508, 2286, 2298, 2300, 2304, 2307, 2491, 2492, 2818, 2496, 2507, 2506, 2828, 2505, 2809, 2811, 2810, 2728, 2730, 2731, 2729, 2715]",0.00987039998290129,success,,46.683794018220816,51.37853432284669,28.536414303461722,9.217492375120946,22.600000000000012,37.190619068732204
stl_midamerica_to_st_louis_union_station_2026-03-09_0256,midamerica_to_st_louis_union_station,MidAmerica to St. Louis Union Station,MidAmerica St. Louis Airport,St. Louis Union Station,38.5451731,-89.8351856,38.629167,-90.2075,2026-03-09,March 9th - Monday,w_0256,0.6,0.0,0.3,0.1,67,"[8877, 8876, 8868, 8869, 8894, 8895, 9784, 9787, 9789, 9809, 10034, 10037, 10041, 10047, 10045, 10044, 10046, 10239, 10237, 10236, 10238, 10243, 10244, 10242, 10221, 10227, 10229, 10228, 10146, 10144, 10147, 10145, 10157, 10156, 10154, 10155, 10162, 10164, 10163, 10165, 2244, 2246, 2268, 2278, 2283, 2508, 2286, 2298, 2300, 2301, 2303, 2490, 2467, 2488, 2489, 2498, 2501, 2503, 2504, 2809, 2811, 2810, 2728, 2730, 2731, 2729, 2715]",0.009622100013075396,success,,46.68135707175747,51.37585230566829,30.49866861560067,7.034185855773664,26.80000000000001,35.61576714013307
stl_midamerica_to_st_louis_union_station_2026-03-09_0257,midamerica_to_st_louis_union_station,MidAmerica to St. Louis Union Station,MidAmerica St. Louis Airport,St. Louis Union Station,38.5451731,-89.8351856,38.629167,-90.2075,2026-03-09,March 9th - Monday,w_0257,0.6,0.0,0.4,0.0,69,"[8877, 8876, 8868, 8869, 8870, 8867, 9753, 9754, 9755, 9744, 9742, 9743, 9730, 9733, 9721, 9732, 9720, 9915, 9913, 9912, 9914, 9932, 7806, 9933, 9923, 9922, 7815, 7816, 9820, 9832, 9833, 9821, 7905, 7906, 9823, 9822, 7916, 7915, 7914, 7913, 1933, 1931, 1932, 1917, 1943, 1946, 1970, 1983, 1998, 2003, 2000, 2191, 2194, 2193, 2192, 2185, 2184, 2186, 2421, 2205, 2450, 2451, 2369, 2375, 2399, 2401, 2406, 2729, 2715]",0.007904500002041459,success,,47.941309324872435,52.76251124038445,26.60401366295166,2.6103621949716804,38.6,32.70165162221934
stl_midamerica_to_st_louis_union_station_2026-03-09_0258,midamerica_to_st_louis_union_station,MidAmerica to St. Louis Union Station,MidAmerica St. Louis Airport,St. Louis Union Station,38.5451731,-89.8351856,38.629167,-90.2075,2026-03-09,March 9th - Monday,w_0258,0.6,0.1,0.0,0.3,67,"[8877, 8879, 8896, 8900, 8924, 8930, 10012, 10015, 10019, 10053, 10057, 10054, 10061, 10051, 10049, 10072, 10079, 10284, 10288, 10286, 10289, 10294, 10281, 10292, 10293, 10304, 10303, 10302, 10315, 10316, 10317, 10314, 10207, 10206, 10204, 10205, 10323, 10324, 10322, 10325, 2520, 2521, 2519, 2510, 2512, 2513, 2511, 2302, 2300, 2301, 2307, 2491, 2492, 2818, 2496, 2507, 2506, 2828, 2505, 2809, 2811, 2810, 2728, 2730, 2731, 2729, 2715]",0.012927200004924089,success,,46.68855540718086,51.383774539312654,19.97466848935391,13.844855750214501,23.200000000000014,39.78773157252298
stl_midamerica_to_st_louis_union_station_2026-03-09_0259,midamerica_to_st_louis_union_station,MidAmerica to St. Louis Union Station,MidAmerica St. Louis Airport,St. Louis Union Station,38.5451731,-89.8351856,38.629167,-90.2075,2026-03-09,March 9th - Monday,w_0259,0.6,0.1,0.1,0.2,67,"[8877, 8879, 8896, 8900, 8924, 8930, 10012, 10015, 10019, 10053, 10057, 10054, 10061, 10051, 10049, 10048, 10050, 10254, 10259, 10282, 10289, 10294, 10281, 10292, 10293, 10304, 10303, 10302, 10315, 10316, 10317, 10314, 10207, 10206, 10204, 10205, 10323, 10324, 10322, 10325, 2520, 2521, 2519, 2510, 2512, 2513, 2511, 2302, 2300, 2301, 2307, 2491, 2492, 2818, 2496, 2507, 2506, 2828, 2505, 2809, 2811, 2810, 2728, 2730, 2731, 2729, 2715]",0.01183510001283139,success,,46.688245972648126,51.38343398659848,20.811769228943916,11.66994454850107,23.200000000000014,38.718231769703586
stl_midamerica_to_st_louis_union_station_2026-03-09_0260,midamerica_to_st_louis_union_station,MidAmerica to St. Louis Union Station,MidAmerica St. Louis Airport,St. Louis Union Station,38.5451731,-89.8351856,38.629167,-90.2075,2026-03-09,March 9th - Monday,w_0260,0.6,0.1,0.2,0.1,67,"[8877, 8876, 8868, 8869, 8870, 8867, 9753, 9754, 9755, 9750, 9773, 9779, 9781, 9796, 9799, 10022, 10025, 10007, 10009, 10232, 10238, 10243, 10244, 10242, 10221, 10227, 10229, 10228, 10146, 10144, 10147, 10145, 10157, 10156, 10154, 10155, 10162, 10164, 10163, 10165, 2247, 2272, 2274, 2285, 2283, 2508, 2286, 2298, 2300, 2301, 2307, 2491, 2492, 2493, 2496, 2507, 2506, 2828, 2505, 2809, 2811, 2810, 2728, 2730, 2731, 2729, 2715]",0.011124500015284866,success,,46.67985536954628,51.37419958527094,21.857247490094956,8.697158050998796,26.00000000000002,37.34967611037182
stl_midamerica_to_st_louis_union_station_2026-03-09_0261,midamerica_to_st_louis_union_station,MidAmerica to St. Louis Union Station,MidAmerica St. Louis Airport,St. Louis Union Station,38.5451731,-89.8351856,38.629167,-90.2075,2026-03-09,March 9th - Monday,w_0261,0.6,0.1,0.3,0.0,68,"[8877, 8876, 8868, 8869, 8870, 8867, 9753, 9754, 9755, 9744, 9742, 9743, 9730, 9733, 9721, 9732, 9720, 9915, 9913, 9912, 9914, 9932, 7806, 9933, 9923, 9922, 7815, 7816, 9820, 9832, 9833, 9821, 7905, 7906, 9823, 9822, 7916, 7915, 7914, 7913, 1933, 1931, 1932, 1917, 1939, 1916, 1938, 1948, 1951, 1957, 1979, 2159, 2161, 2162, 2165, 2182, 2184, 2186, 2421, 2205, 2450, 2451, 2369, 2375, 2399, 2401, 2404, 2715]",0.01072089999797754,success,,47.565033920383634,52.34839582429753,23.905103345505033,3.7665472401703193,38.0,34.92951200118012
stl_midamerica_to_st_louis_union_station_2026-03-09_0262,midamerica_to_st_louis_union_station,MidAmerica to St. Louis Union Station,MidAmerica St. Louis Airport,St. Louis Union Station,38.5451731,-89.8351856,38.629167,-90.2075,2026-03-09,March 9th - Monday,w_0262,0.6,0.2,0.0,0.2,67,"[8877, 8879, 8896, 8900, 8924, 8930, 10012, 10015, 10019, 10053, 10057, 10054, 10061, 10051, 10049, 10072, 10079, 10284, 10288, 10286, 10289, 10294, 10281, 10292, 10293, 10304, 10303, 10302, 10315, 10316, 10317, 10314, 10207, 10206, 10204, 10205, 10323, 10324, 10322, 10325, 2520, 2521, 2519, 2510, 2512, 2513, 2511, 2302, 2300, 2301, 2307, 2491, 2492, 2818, 2496, 2507, 2506, 2828, 2505, 2809, 2811, 2810, 2728, 2730, 2731, 2729, 2715]",0.01198029998340644,success,,46.68855540718086,51.383774539312654,19.97466848935391,13.844855750214501,23.200000000000014,39.465198421458375
stl_midamerica_to_st_louis_union_station_2026-03-09_0263,midamerica_to_st_louis_union_station,MidAmerica to St. Louis Union Station,MidAmerica St. Louis Airport,St. Louis Union Station,38.5451731,-89.8351856,38.629167,-90.2075,2026-03-09,March 9th - Monday,w_0263,0.6,0.2,0.1,0.1,67,"[8877, 8876, 8868, 8869, 8870, 8867, 9753, 9754, 9755, 9744, 9749, 9748, 9772, 9764, 9766, 9770, 9797, 10002, 10006, 10008, 10233, 10243, 10246, 10272, 10273, 10269, 10303, 10302, 10315, 10316, 10317, 10314, 10207, 10206, 10204, 10205, 10323, 10324, 10322, 10325, 2520, 2521, 2519, 2510, 2512, 2513, 2511, 2302, 2300, 2301, 2307, 2491, 2492, 2818, 2496, 2507, 2506, 2828, 2505, 2809, 2811, 2810, 2728, 2730, 2731, 2729, 2715]",0.012020599999232218,success,,46.68280170407524,51.377442216957284,18.13528030350075,11.66994454850107,27.200000000000028,38.34051584572463
stl_midamerica_to_st_louis_union_station_2026-03-09_0264,midamerica_to_st_louis_union_station,MidAmerica to St. Louis Union Station,MidAmerica St. Louis Airport,St. Louis Union Station,38.5451731,-89.8351856,38.629167,-90.2075,2026-03-09,March 9th - Monday,w_0264,0.6,0.2,0.2,0.0,67,"[8877, 8876, 8868, 8869, 8870, 8867, 9753, 9754, 9755, 9744, 9742, 9743, 9730, 9733, 9721, 9732, 9720, 9915, 9913, 9912, 9914, 9932, 7806, 9933, 9926, 9927, 9924, 9925, 9839, 9873, 9878, 9881, 9897, 9895, 9896, 9894, 9902, 9903, 9904, 9909, 2213, 2212, 2214, 1997, 1994, 1995, 1996, 2228, 2232, 2259, 2258, 2413, 2416, 2415, 2414, 2440, 2438, 2439, 2427, 2453, 2455, 2457, 2372, 2399, 2401, 2404, 2715]",0.010594499995931983,success,,47.19755092313367,51.943957020975326,18.879677773463925,6.422023255291338,38.0,36.22671441833624
stl_midamerica_to_st_louis_union_station_2026-03-09_0265,midamerica_to_st_louis_union_station,MidAmerica to St. Louis Union Station,MidAmerica St. Louis Airport,St. Louis Union Station,38.5451731,-89.8351856,38.629167,-90.2075,2026-03-09,March 9th - Monday,w_0265,0.6,0.3,0.0,0.1,68,"[8877, 8881, 8904, 8922, 8923, 8927, 9145, 10016, 10018, 10062, 10055, 10058, 10094, 10096, 10103, 10104, 10110, 10109, 10291, 10512, 10290, 10513, 10298, 10295, 10296, 10297, 10307, 10305, 10306, 10319, 10321, 10320, 10318, 10211, 10210, 10208, 10209, 10326, 10328, 10329, 10327, 2522, 2524, 2523, 2514, 2517, 2515, 2516, 2530, 2534, 2532, 2558, 2840, 2839, 2838, 2827, 2849, 2848, 2850, 2837, 2859, 2858, 2860, 2763, 2762, 2737, 2732, 2715]",0.013798500003758818,success,,48.666852135602625,53.561018023900075,14.998679925723389,13.370267511322758,23.200000000000014,38.95621479205706
stl_midamerica_to_st_louis_union_station_2026-03-09_0266,midamerica_to_st_louis_union_station,MidAmerica to St. Louis Union Station,MidAmerica St. Louis Airport,St. Louis Union Station,38.5451731,-89.8351856,38.629167,-90.2075,2026-03-09,March 9th - Monday,w_0266,0.6,0.3,0.1,0.0,67,"[8877, 8876, 8868, 8869, 8870, 8867, 9753, 9754, 9755, 9744, 9746, 9747, 9745, 9737, 9736, 9734, 9735, 9919, 9916, 9918, 9917, 9935, 9934, 9936, 9926, 9927, 9924, 9925, 9839, 9873, 9878, 9876, 9859, 9861, 9892, 9894, 9902, 9903, 9904, 9909, 2213, 2212, 2214, 1997, 1994, 1995, 1996, 2005, 2004, 2007, 2006, 2191, 2194, 2193, 2192, 2185, 2187, 2419, 2423, 2448, 2452, 2454, 2372, 2399, 2401, 2404, 2715]",0.01252849999582395,success,,46.664219268099636,51.356991044453984,17.796523060333413,10.486634599069829,38.0,37.201815004679396
stl_midamerica_to_st_louis_union_station_2026-03-09_0267,midamerica_to_st_louis_union_station,MidAmerica to St. Louis Union Station,MidAmerica St. Louis Airport,St. Louis Union Station,38.5451731,-89.8351856,38.629167,-90.2075,2026-03-09,March 9th - Monday,w_0267,0.6,0.4,0.0,0.0,67,"[8877, 8876, 8868, 8869, 8870, 8867, 9753, 9754, 9755, 9744, 9746, 9747, 9745, 9737, 9736, 9734, 9735, 9919, 9921, 9944, 9947, 9940, 9941, 9962, 9955, 9957, 9959, 9994, 9885, 9886, 9884, 9887, 9897, 9895, 9896, 9894, 9902, 9903, 9904, 9909, 2213, 2212, 2214, 1997, 1994, 1995, 1996, 2005, 2004, 2007, 2006, 2191, 2194, 2193, 2192, 2418, 2422, 2425, 2427, 2453, 2455, 2454, 2372, 2399, 2401, 2404, 2715]",0.012639300024602562,success,,46.66599661404935,51.35894712861125,17.364166724554934,13.818965585036251,38.0,37.761034966988724
stl_midamerica_to_st_louis_union_station_2026-03-09_0268,midamerica_to_st_louis_union_station,MidAmerica to St. Louis Union Station,MidAmerica St. Louis Airport,St. Louis Union Station,38.5451731,-89.8351856,38.629167,-90.2075,2026-03-09,March 9th - Monday,w_0268,0.7,0.0,0.0,0.3,67,"[8877, 8876, 8892, 8897, 8899, 8926, 9788, 10013, 10014, 10036, 10052, 10054, 10061, 10051, 10049, 10048, 10050, 10253, 10252, 10241, 10240, 10248, 10246, 10247, 10245, 10231, 10230, 10262, 10150, 10148, 10149, 10151, 10161, 10159, 10158, 10160, 10166, 10168, 10167, 10169, 2247, 2269, 2268, 2257, 2256, 2254, 2279, 2293, 2296, 2301, 2303, 2491, 2492, 2818, 2496, 2507, 2506, 2828, 2505, 2809, 2811, 2810, 2728, 2730, 2731, 2729, 2715]",0.008586800016928464,success,,46.683328700980354,51.37802221113185,29.474393947782595,11.160766941646196,22.600000000000012,42.74461554779229
stl_midamerica_to_st_louis_union_station_2026-03-09_0269,midamerica_to_st_louis_union_station,MidAmerica to St. Louis Union Station,MidAmerica St. Louis Airport,St. Louis Union Station,38.5451731,-89.8351856,38.629167,-90.2075,2026-03-09,March 9th - Monday,w_0269,0.7,0.0,0.1,0.2,67,"[8877, 8876, 8892, 8897, 8899, 8926, 9788, 10013, 10014, 10036, 10052, 10054, 10061, 10051, 10049, 10048, 10050, 10253, 10252, 10241, 10240, 10248, 10246, 10247, 10245, 10231, 10230, 10262, 10150, 10148, 10149, 10151, 10161, 10159, 10158, 10160, 10166, 10168, 10167, 10169, 2247, 2269, 2268, 2278, 2283, 2508, 2286, 2298, 2300, 2304, 2307, 2491, 2492, 2818, 2496, 2507, 2506, 2828, 2505, 2809, 2811, 2810, 2728, 2730, 2731, 2729, 2715]",0.008779499999945983,success,,46.683794018220816,51.37853432284669,28.536414303461722,9.217492375120946,22.600000000000012,41.40672326350478
stl_midamerica_to_st_louis_union_station_2026-03-09_0270,midamerica_to_st_louis_union_station,MidAmerica to St. Louis Union Station,MidAmerica St. Louis Airport,St. Louis Union Station,38.5451731,-89.8351856,38.629167,-90.2075,2026-03-09,March 9th - Monday,w_0270,0.7,0.0,0.2,0.1,67,"[8877, 8876, 8868, 8869, 8894, 8895, 9784, 9787, 9789, 9809, 10034, 10037, 10041, 10047, 10045, 10044, 10046, 10239, 10237, 10236, 10238, 10243, 10244, 10242, 10221, 10227, 10229, 10228, 10146, 10144, 10147, 10145, 10157, 10156, 10154, 10155, 10162, 10164, 10163, 10165, 2244, 2246, 2268, 2278, 2283, 2508, 2286, 2298, 2300, 2304, 2307, 2491, 2492, 2493, 2496, 2507, 2506, 2828, 2505, 2809, 2811, 2810, 2728, 2730, 2731, 2729, 2715]",0.008483100013108924,success,,46.6818229771038,51.37636506463169,27.852606334381576,8.302988119154385,24.000000000000018,40.024053169073056
stl_midamerica_to_st_louis_union_station_2026-03-09_0271,midamerica_to_st_louis_union_station,MidAmerica to St. Louis Union Station,MidAmerica St. Louis Airport,St. Louis Union Station,38.5451731,-89.8351856,38.629167,-90.2075,2026-03-09,March 9th - Monday,w_0271,0.7,0.0,0.3,0.0,67,"[8877, 8876, 8868, 8869, 8870, 8867, 9753, 9754, 9755, 9744, 9742, 9743, 9730, 9733, 9721, 9732, 9720, 9915, 9913, 9912, 9914, 9932, 7806, 9933, 9923, 9922, 7815, 7816, 9820, 9832, 9833, 9821, 7905, 7906, 9823, 9822, 7916, 7915, 7914, 7913, 1933, 1931, 1932, 1917, 1943, 1946, 1970, 1983, 1998, 2003, 2000, 2191, 2194, 2193, 2408, 2420, 2424, 2439, 2427, 2453, 2455, 2457, 2376, 2400, 2406, 2729, 2715]",0.007541500002844259,success,,47.192292438370146,51.93816971843082,27.66380289301657,4.1144082595628975,36.6,37.59104128077045
stl_midamerica_to_st_louis_union_station_2026-03-09_0272,midamerica_to_st_louis_union_station,MidAmerica to St. Louis Union Station,MidAmerica St. Louis Airport,St. Louis Union Station,38.5451731,-89.8351856,38.629167,-90.2075,2026-03-09,March 9th - Monday,w_0272,0.7,0.1,0.0,0.2,67,"[8877, 8879, 8896, 8900, 8924, 8930, 10012, 10015, 10019, 10053, 10057, 10054, 10061, 10051, 10049, 10072, 10079, 10284, 10288, 10286, 10289, 10294, 10281, 10292, 10293, 10304, 10303, 10302, 10315, 10316, 10317, 10314, 10207, 10206, 10204, 10205, 10323, 10324, 10322, 10325, 2520, 2521, 2519, 2510, 2512, 2513, 2511, 2302, 2300, 2301, 2307, 2491, 2492, 2818, 2496, 2507, 2506, 2828, 2505, 2809, 2811, 2810, 2728, 2730, 2731, 2729, 2715]",0.009127600002102554,success,,46.68855540718086,51.383774539312654,19.97466848935391,13.844855750214501,23.200000000000014,42.60610902645424
stl_midamerica_to_st_louis_union_station_2026-03-09_0273,midamerica_to_st_louis_union_station,MidAmerica to St. Louis Union Station,MidAmerica St. Louis Airport,St. Louis Union Station,38.5451731,-89.8351856,38.629167,-90.2075,2026-03-09,March 9th - Monday,w_0273,0.7,0.1,0.1,0.1,67,"[8877, 8879, 8896, 8900, 8924, 8930, 10012, 10015, 10019, 10053, 10057, 10054, 10061, 10051, 10049, 10048, 10050, 10254, 10259, 10282, 10289, 10294, 10281, 10292, 10293, 10304, 10303, 10302, 10315, 10316, 10317, 10314, 10207, 10206, 10204, 10205, 10323, 10324, 10322, 10325, 2520, 2521, 2519, 2510, 2512, 2513, 2511, 2302, 2300, 2301, 2307, 2491, 2492, 2818, 2496, 2507, 2506, 2828, 2505, 2809, 2811, 2810, 2728, 2730, 2731, 2729, 2715]",0.009370500018121675,success,,46.688245972648126,51.38343398659848,20.811769228943916,11.66994454850107,23.200000000000014,41.536575168363434
stl_midamerica_to_st_louis_union_station_2026-03-09_0274,midamerica_to_st_louis_union_station,MidAmerica to St. Louis Union Station,MidAmerica St. Louis Airport,St. Louis Union Station,38.5451731,-89.8351856,38.629167,-90.2075,2026-03-09,March 9th - Monday,w_0274,0.7,0.1,0.2,0.0,67,"[8877, 8876, 8868, 8869, 8870, 8867, 9753, 9754, 9755, 9744, 9746, 9747, 9745, 9737, 9736, 9738, 9739, 9943, 9921, 9944, 9947, 9940, 9941, 9962, 9955, 9957, 9956, 9958, 9877, 9879, 9878, 9881, 9897, 9895, 9896, 9894, 9902, 9903, 9904, 9909, 2213, 2212, 2214, 1997, 1994, 1995, 1996, 2228, 2232, 2259, 2258, 2413, 2416, 2415, 2414, 2440, 2438, 2439, 2427, 2453, 2455, 2457, 2372, 2399, 2401, 2404, 2715]",0.008601799985626712,success,,46.66681096312491,51.35984337243225,20.09136542311402,7.782812022493259,38.0,39.51758930751262
stl_midamerica_to_st_louis_union_station_2026-03-09_0275,midamerica_to_st_louis_union_station,MidAmerica to St. Louis Union Station,MidAmerica St. Louis Airport,St. Louis Union Station,38.5451731,-89.8351856,38.629167,-90.2075,2026-03-09,March 9th - Monday,w_0275,0.7,0.2,0.0,0.1,67,"[8877, 8879, 8896, 8900, 8924, 8930, 10012, 10015, 10019, 10053, 10057, 10054, 10061, 10051, 10049, 10072, 10079, 10284, 10288, 10286, 10289, 10294, 10281, 10292, 10293, 10304, 10303, 10302, 10315, 10316, 10317, 10314, 10207, 10206, 10204, 10205, 10323, 10324, 10322, 10325, 2520, 2521, 2519, 2510, 2512, 2513, 2511, 2302, 2300, 2301, 2307, 2491, 2492, 2818, 2496, 2507, 2506, 2828, 2505, 2809, 2811, 2810, 2728, 2730, 2731, 2729, 2715]",0.009966400015400723,success,,46.68855540718086,51.383774539312654,19.97466848935391,13.844855750214501,23.200000000000014,42.28357587538964
stl_midamerica_to_st_louis_union_station_2026-03-09_0276,midamerica_to_st_louis_union_station,MidAmerica to St. Louis Union Station,MidAmerica St. Louis Airport,St. Louis Union Station,38.5451731,-89.8351856,38.629167,-90.2075,2026-03-09,March 9th - Monday,w_0276,0.7,0.2,0.1,0.0,67,"[8877, 8876, 8868, 8869, 8870, 8867, 9753, 9754, 9755, 9744, 9746, 9747, 9745, 9737, 9736, 9734, 9735, 9919, 9916, 9918, 9917, 9935, 9934, 9936, 9926, 9927, 9924, 9925, 9839, 9873, 9878, 9876, 9859, 9861, 9892, 9894, 9902, 9903, 9904, 9909, 2213, 2212, 2214, 1997, 1994, 1995, 1996, 2228, 2230, 2231, 2229, 2195, 2197, 2196, 2408, 2418, 2187, 2419, 2423, 2448, 2452, 2454, 2372, 2399, 2401, 2404, 2715]",0.009601800004020333,success,,46.6645678834163,51.35737471815466,18.05464282257649,9.820366808313127,38.0,40.54312754805487
stl_midamerica_to_st_louis_union_station_2026-03-09_0277,midamerica_to_st_louis_union_station,MidAmerica to St. Louis Union Station,MidAmerica St. Louis Airport,St. Louis Union Station,38.5451731,-89.8351856,38.629167,-90.2075,2026-03-09,March 9th - Monday,w_0277,0.7,0.3,0.0,0.0,67,"[8877, 8876, 8868, 8869, 8870, 8867, 9753, 9754, 9755, 9744, 9746, 9747, 9745, 9737, 9736, 9734, 9735, 9919, 9921, 9944, 9947, 9940, 9941, 9962, 9955, 9957, 9959, 9994, 9885, 9886, 9884, 9887, 9897, 9895, 9896, 9894, 9902, 9903, 9904, 9909, 2213, 2212, 2214, 1997, 1994, 1995, 1996, 2005, 2004, 2007, 2006, 2191, 2194, 2193, 2192, 2418, 2422, 2425, 2427, 2453, 2455, 2454, 2372, 2399, 2401, 2404, 2715]",0.009179699991364032,success,,46.66599661404935,51.35894712861125,17.364166724554934,13.818965585036251,38.0,41.16051300739435
stl_midamerica_to_st_louis_union_station_2026-03-09_0278,midamerica_to_st_louis_union_station,MidAmerica to St. Louis Union Station,MidAmerica St. Louis Airport,St. Louis Union Station,38.5451731,-89.8351856,38.629167,-90.2075,2026-03-09,March 9th - Monday,w_0278,0.8,0.0,0.0,0.2,67,"[8877, 8876, 8892, 8897, 8899, 8926, 9788, 10013, 10014, 10036, 10052, 10054, 10061, 10051, 10049, 10048, 10050, 10253, 10252, 10241, 10240, 10248, 10246, 10247, 10245, 10231, 10230, 10262, 10150, 10148, 10149, 10151, 10161, 10159, 10158, 10160, 10166, 10168, 10167, 10169, 2247, 2269, 2268, 2257, 2256, 2254, 2279, 2293, 2296, 2301, 2303, 2491, 2492, 2818, 2496, 2507, 2506, 2828, 2505, 2809, 2811, 2810, 2728, 2730, 2731, 2729, 2715]",0.007492400007322431,success,,46.683328700980354,51.37802221113185,29.474393947782595,11.160766941646196,22.600000000000012,45.622417768905486
stl_midamerica_to_st_louis_union_station_2026-03-09_0279,midamerica_to_st_louis_union_station,MidAmerica to St. Louis Union Station,MidAmerica St. Louis Airport,St. Louis Union Station,38.5451731,-89.8351856,38.629167,-90.2075,2026-03-09,March 9th - Monday,w_0279,0.8,0.0,0.1,0.1,67,"[8877, 8876, 8892, 8897, 8899, 8926, 9788, 10013, 10014, 10036, 10052, 10054, 10061, 10051, 10049, 10048, 10050, 10253, 10252, 10241, 10240, 10248, 10246, 10247, 10245, 10231, 10230, 10262, 10150, 10148, 10149, 10151, 10161, 10159, 10158, 10160, 10166, 10168, 10167, 10169, 2247, 2269, 2268, 2278, 2283, 2508, 2286, 2298, 2300, 2304, 2307, 2491, 2492, 2818, 2496, 2507, 2506, 2828, 2505, 2809, 2811, 2810, 2728, 2730, 2731, 2729, 2715]",0.007209600007627159,success,,46.683794018220816,51.37853432284669,28.536414303461722,9.217492375120946,22.600000000000012,44.28457669578945
stl_midamerica_to_st_louis_union_station_2026-03-09_0280,midamerica_to_st_louis_union_station,MidAmerica to St. Louis Union Station,MidAmerica St. Louis Airport,St. Louis Union Station,38.5451731,-89.8351856,38.629167,-90.2075,2026-03-09,March 9th - Monday,w_0280,0.8,0.0,0.2,0.0,67,"[8877, 8876, 8868, 8869, 8870, 8867, 9753, 9754, 9755, 9744, 9742, 9743, 9730, 9733, 9721, 9732, 9720, 9915, 9913, 9912, 9914, 9932, 7806, 9933, 9923, 9922, 7815, 7816, 9820, 9832, 9833, 9821, 7905, 7906, 9823, 9822, 7916, 7915, 7914, 7913, 1933, 1931, 1932, 1917, 1943, 1946, 1970, 1983, 1998, 2003, 2000, 2191, 2194, 2193, 2408, 2420, 2424, 2439, 2427, 2453, 2455, 2457, 2376, 2400, 2406, 2729, 2715]",0.007156000006943941,success,,47.192292438370146,51.93816971843082,27.66380289301657,4.1144082595628975,36.6,42.37341742665724
stl_midamerica_to_st_louis_union_station_2026-03-09_0281,midamerica_to_st_louis_union_station,MidAmerica to St. Louis Union Station,MidAmerica St. Louis Airport,St. Louis Union Station,38.5451731,-89.8351856,38.629167,-90.2075,2026-03-09,March 9th - Monday,w_0281,0.8,0.1,0.0,0.1,67,"[8877, 8879, 8896, 8900, 8924, 8930, 10012, 10015, 10019, 10053, 10057, 10054, 10061, 10051, 10049, 10072, 10079, 10284, 10288, 10286, 10289, 10294, 10281, 10292, 10293, 10304, 10303, 10302, 10315, 10316, 10317, 10314, 10207, 10206, 10204, 10205, 10323, 10324, 10322, 10325, 2520, 2521, 2519, 2510, 2512, 2513, 2511, 2302, 2300, 2301, 2307, 2491, 2492, 2818, 2496, 2507, 2506, 2828, 2505, 2809, 2811, 2810, 2728, 2730, 2731, 2729, 2715]",0.007720800000242889,success,,46.68855540718086,51.383774539312654,19.97466848935391,13.844855750214501,23.200000000000014,45.42448648038552
stl_midamerica_to_st_louis_union_station_2026-03-09_0282,midamerica_to_st_louis_union_station,MidAmerica to St. Louis Union Station,MidAmerica St. Louis Airport,St. Louis Union Station,38.5451731,-89.8351856,38.629167,-90.2075,2026-03-09,March 9th - Monday,w_0282,0.8,0.1,0.1,0.0,67,"[8877, 8876, 8868, 8869, 8870, 8867, 9753, 9754, 9755, 9744, 9746, 9747, 9745, 9737, 9736, 9734, 9735, 9919, 9916, 9918, 9917, 9935, 9934, 9936, 9926, 9927, 9924, 9925, 9839, 9873, 9878, 9881, 9897, 9895, 9896, 9894, 9902, 9903, 9904, 9909, 2213, 2212, 2214, 1997, 1994, 1995, 1996, 2228, 2232, 2259, 2258, 2413, 2416, 2415, 2414, 2440, 2438, 2439, 2427, 2453, 2455, 2457, 2372, 2399, 2401, 2404, 2715]",0.007844899984775111,success,,46.66573024206029,51.35865396901123,18.521096027325967,8.9906921606098,38.0,43.838101994002564
stl_midamerica_to_st_louis_union_station_2026-03-09_0283,midamerica_to_st_louis_union_station,MidAmerica to St. Louis Union Station,MidAmerica St. Louis Airport,St. Louis Union Station,38.5451731,-89.8351856,38.629167,-90.2075,2026-03-09,March 9th - Monday,w_0283,0.8,0.2,0.0,0.0,67,"[8877, 8876, 8868, 8869, 8870, 8867, 9753, 9754, 9755, 9744, 9746, 9747, 9745, 9737, 9736, 9734, 9735, 9919, 9921, 9944, 9947, 9940, 9941, 9962, 9955, 9957, 9959, 9994, 9885, 9886, 9884, 9887, 9897, 9895, 9896, 9894, 9902, 9903, 9904, 9909, 2213, 2212, 2214, 1997, 1994, 1995, 1996, 2005, 2004, 2007, 2006, 2191, 2194, 2193, 2192, 2418, 2422, 2425, 2427, 2453, 2455, 2454, 2372, 2399, 2401, 2404, 2715]",0.0074874999991152436,success,,46.66599661404935,51.35894712861125,17.364166724554934,13.818965585036251,38.0,44.55999104779999
stl_midamerica_to_st_louis_union_station_2026-03-09_0284,midamerica_to_st_louis_union_station,MidAmerica to St. Louis Union Station,MidAmerica St. Louis Airport,St. Louis Union Station,38.5451731,-89.8351856,38.629167,-90.2075,2026-03-09,March 9th - Monday,w_0284,0.9,0.0,0.0,0.1,67,"[8877, 8876, 8892, 8897, 8899, 8926, 9788, 10013, 10014, 10036, 10052, 10054, 10061, 10051, 10049, 10048, 10050, 10253, 10252, 10241, 10240, 10248, 10246, 10247, 10245, 10231, 10230, 10262, 10150, 10148, 10149, 10151, 10161, 10159, 10158, 10160, 10166, 10168, 10167, 10169, 2247, 2269, 2268, 2257, 2256, 2254, 2279, 2293, 2296, 2301, 2303, 2491, 2492, 2818, 2496, 2507, 2506, 2828, 2505, 2809, 2811, 2810, 2728, 2730, 2731, 2729, 2715]",0.006970499991439283,success,,46.683328700980354,51.37802221113185,29.474393947782595,11.160766941646196,22.600000000000012,48.500219990018664
stl_midamerica_to_st_louis_union_station_2026-03-09_0285,midamerica_to_st_louis_union_station,MidAmerica to St. Louis Union Station,MidAmerica St. Louis Airport,St. Louis Union Station,38.5451731,-89.8351856,38.629167,-90.2075,2026-03-09,March 9th - Monday,w_0285,0.9,0.0,0.1,0.0,67,"[8877, 8876, 8868, 8869, 8870, 8867, 9753, 9754, 9755, 9744, 9749, 9748, 9772, 9764, 9766, 9770, 9792, 9975, 9977, 9981, 9980, 9987, 9988, 9986, 9985, 9997, 9995, 10000, 10129, 10128, 10127, 10126, 10139, 10138, 10137, 10136, 10114, 10115, 10116, 10117, 2242, 2243, 2241, 2253, 2256, 2281, 2279, 2289, 2288, 2290, 2294, 2460, 2461, 2462, 2465, 2498, 2501, 2503, 2504, 2486, 2487, 2810, 2728, 2730, 2731, 2729, 2715]",0.005965399992419407,success,,46.67482415994135,51.36866241373615,27.154428562935124,6.565034987188325,32.800000000000004,46.88829967108137
stl_midamerica_to_st_louis_union_station_2026-03-09_0286,midamerica_to_st_louis_union_station,MidAmerica to St. Louis Union Station,MidAmerica St. Louis Airport,St. Louis Union Station,38.5451731,-89.8351856,38.629167,-90.2075,2026-03-09,March 9th - Monday,w_0286,0.9,0.1,0.0,0.0,67,"[8877, 8876, 8868, 8869, 8870, 8867, 9753, 9754, 9755, 9744, 9746, 9747, 9745, 9737, 9736, 9734, 9735, 9919, 9921, 9944, 9947, 9940, 9941, 9962, 9955, 9957, 9959, 9994, 9885, 9886, 9884, 9887, 9897, 9895, 9896, 9894, 9902, 9903, 9904, 9909, 2213, 2212, 2214, 1997, 1994, 1995, 1996, 2005, 2004, 2007, 2006, 2191, 2194, 2193, 2192, 2418, 2422, 2425, 2427, 2453, 2455, 2454, 2372, 2399, 2401, 2404, 2715]",0.006875499995658174,success,,46.66599661404935,51.35894712861125,17.364166724554934,13.818965585036251,38.0,47.959469088205616
stl_midamerica_to_st_louis_union_station_2026-03-09_0287,midamerica_to_st_louis_union_station,MidAmerica to St. Louis Union Station,MidAmerica St. Louis Airport,St. Louis Union Station,38.5451731,-89.8351856,38.629167,-90.2075,2026-03-09,March 9th - Monday,w_0287,1.0,0.0,0.0,0.0,67,"[8877, 8876, 8868, 8869, 8870, 8867, 9753, 9754, 9755, 9744, 9746, 9747, 9745, 9737, 9736, 9734, 9735, 9919, 9916, 9918, 9917, 9935, 9934, 9936, 9926, 9927, 9924, 9925, 9835, 9837, 9836, 9834, 9827, 9824, 9826, 9825, 9844, 9845, 9843, 9842, 1936, 1935, 1934, 1942, 1943, 1940, 1941, 1950, 1951, 1953, 1956, 2137, 2161, 2164, 2190, 2185, 2187, 2419, 2423, 2448, 2452, 2454, 2372, 2399, 2401, 2404, 2715]",0.0052180000056978315,success,,46.65953988976652,51.351841085986514,22.434615468248182,8.669367825121844,37.0,51.351841085986514
stl_midamerica_to_st_louis_lambert_2026-03-09_0001,midamerica_to_st_louis_lambert,MidAmerica to St. Louis Lambert,MidAmerica St. Louis Airport,St. Louis Lambert International Airport,38.5451731,-89.8351856,38.7486982,-90.3700257,2026-03-09,March 9th - Monday,w_0001,0.0,0.0,0.0,1.0,118,"[8877, 8872, 8856, 8744, 8720, 8714, 8712, 8788, 8783, 8758, 8754, 8349, 8339, 8336, 8314, 8307, 8406, 8380, 8376, 8107, 8368, 8366, 8086, 8080, 8063, 8042, 8059, 7919, 7917, 7920, 7918, 7928, 7931, 7941, 7945, 7969, 7973, 7979, 8207, 7335, 7357, 7363, 7377, 7391, 7394, 7728, 7720, 7726, 7749, 7753, 7878, 7881, 7883, 9815, 7904, 7906, 9826, 9829, 9850, 9865, 9870, 9905, 2213, 2217, 2239, 2249, 2251, 2254, 2279, 2293, 2296, 2301, 2303, 2491, 2492, 2818, 2496, 2507, 2506, 2828, 2505, 2809, 2811, 2808, 2405, 2400, 2401, 2398, 2391, 2395, 2708, 2713, 2738, 2741, 2745, 2747, 2684, 2687, 3987, 3990, 4016, 4017, 4022, 4029, 4034, 4060, 4064, 5048, 5052, 5076, 5082, 5299, 5304, 5319, 5321, 5357, 5358, 5364]",0.04437059999327175,success,,101.1282553793329,111.29818493305662,48.94657489945692,31.790733500692742,45.20000000000003,45.20000000000003
stl_midamerica_to_st_louis_lambert_2026-03-09_0002,midamerica_to_st_louis_lambert,MidAmerica to St. Louis Lambert,MidAmerica St. Louis Airport,St. Louis Lambert International Airport,38.5451731,-89.8351856,38.7486982,-90.3700257,2026-03-09,March 9th - Monday,w_0002,0.0,0.0,0.1,0.9,127,"[8877, 8880, 8902, 8917, 8943, 8947, 8951, 9043, 9047, 9051, 9252, 9279, 9280, 9292, 9316, 9317, 9442, 9443, 9446, 9445, 9435, 9436, 9434, 9437, 9242, 9448, 9450, 9449, 10414, 10413, 10089, 10087, 10095, 10094, 10061, 10047, 10030, 10026, 10025, 10002, 9977, 9973, 9979, 9970, 9969, 9964, 9955, 9957, 9952, 9929, 9835, 9832, 9819, 9815, 7874, 7876, 7898, 7903, 7916, 7915, 7912, 7913, 1936, 1958, 1962, 1965, 2208, 2209, 2212, 2217, 2239, 2241, 2253, 2256, 2281, 2283, 2508, 2286, 2298, 2300, 2304, 2531, 2819, 2820, 2822, 2825, 2836, 2830, 2835, 2837, 2859, 2858, 2815, 2759, 2758, 2761, 2764, 2783, 2781, 2778, 2756, 2768, 2774, 2772, 2747, 2684, 2687, 3987, 3990, 4016, 4017, 4022, 4029, 4034, 4060, 4064, 5048, 5052, 5076, 5082, 5299, 5304, 5319, 5321, 5357, 5358, 5364]",0.04712099998141639,success,,104.75042000048335,115.28461134129033,59.9603281580886,16.87667419046023,45.20000000000003,42.36766741904605
stl_midamerica_to_st_louis_lambert_2026-03-09_0003,midamerica_to_st_louis_lambert,MidAmerica to St. Louis Lambert,MidAmerica St. Louis Airport,St. Louis Lambert International Airport,38.5451731,-89.8351856,38.7486982,-90.3700257,2026-03-09,March 9th - Monday,w_0003,0.0,0.0,0.2,0.8,127,"[8877, 8880, 8902, 8917, 8943, 8947, 8951, 9043, 9047, 9051, 9252, 9279, 9280, 9292, 9316, 9317, 9442, 9443, 9446, 9445, 9435, 9436, 9434, 9437, 9242, 9448, 9450, 9449, 10414, 10413, 10089, 10087, 10095, 10094, 10061, 10047, 10030, 10026, 10025, 10002, 9977, 9973, 9979, 9970, 9969, 9964, 9955, 9957, 9952, 9929, 9835, 9832, 9819, 9815, 7874, 7876, 7898, 7903, 7916, 7915, 7912, 7913, 1936, 1958, 1962, 1965, 2208, 2209, 2212, 2217, 2239, 2241, 2253, 2256, 2281, 2283, 2508, 2286, 2298, 2300, 2304, 2531, 2819, 2820, 2822, 2825, 2836, 2830, 2835, 2837, 2859, 2858, 2815, 2759, 2758, 2761, 2764, 2783, 2781, 2782, 2784, 2775, 2802, 2805, 3917, 4005, 4010, 4013, 4008, 4021, 4045, 4047, 4058, 4062, 4077, 4079, 5077, 5081, 5083, 5306, 5303, 5318, 5323, 5321, 5357, 5358, 5364]",0.04729109999607317,success,,104.21948551084702,114.70028360031195,57.09808178513738,14.30838153284472,45.60000000000003,39.34167630656897
stl_midamerica_to_st_louis_lambert_2026-03-09_0004,midamerica_to_st_louis_lambert,MidAmerica to St. Louis Lambert,MidAmerica St. Louis Airport,St. Louis Lambert International Airport,38.5451731,-89.8351856,38.7486982,-90.3700257,2026-03-09,March 9th - Monday,w_0004,0.0,0.0,0.3,0.7,127,"[8877, 8880, 8902, 8917, 8943, 8947, 8951, 9043, 9047, 9051, 9252, 9279, 9280, 9292, 9316, 9317, 9442, 9443, 9446, 9445, 9435, 9436, 9434, 9437, 9242, 9448, 9450, 9449, 10414, 10413, 10089, 10087, 10095, 10094, 10061, 10047, 10030, 10026, 10025, 10002, 9977, 9973, 9979, 9970, 9969, 9964, 9955, 9957, 9952, 9929, 9835, 9832, 9819, 9815, 7874, 7876, 7898, 7903, 7916, 7915, 7912, 7913, 1936, 1958, 1962, 1965, 2208, 2209, 2212, 2217, 2239, 2241, 2253, 2256, 2281, 2283, 2508, 2286, 2298, 2300, 2304, 2531, 2819, 2820, 2822, 2825, 2836, 2830, 2835, 2837, 2859, 2858, 2815, 2759, 2758, 2761, 2764, 2783, 2781, 2782, 2784, 2775, 2802, 2805, 3917, 4005, 4010, 4013, 4008, 4021, 4045, 4047, 4058, 4062, 4077, 4079, 5077, 5081, 5083, 5306, 5303, 5318, 5323, 5321, 5357, 5358, 5364]",0.047662600001785904,success,,104.21948551084702,114.70028360031195,57.09808178513738,14.30838153284472,45.60000000000003,36.21251445985344
stl_midamerica_to_st_louis_lambert_2026-03-09_0005,midamerica_to_st_louis_lambert,MidAmerica to St. Louis Lambert,MidAmerica St. Louis Airport,St. Louis Lambert International Airport,38.5451731,-89.8351856,38.7486982,-90.3700257,2026-03-09,March 9th - Monday,w_0005,0.0,0.0,0.4,0.6,127,"[8877, 8880, 8902, 8917, 8943, 8947, 8951, 9043, 9047, 9051, 9252, 9279, 9280, 9292, 9316, 9317, 9442, 9443, 9446, 9445, 9435, 9436, 9434, 9437, 9242, 9448, 9450, 9449, 10414, 10413, 10089, 10087, 10095, 10094, 10061, 10047, 10030, 10026, 10025, 10002, 9977, 9973, 9979, 9970, 9969, 9964, 9955, 9957, 9952, 9929, 9835, 9832, 9819, 9815, 7874, 7876, 7898, 7903, 7916, 7915, 7912, 7913, 1936, 1958, 1962, 1965, 2208, 2209, 2212, 2217, 2239, 2241, 2253, 2256, 2281, 2283, 2508, 2286, 2298, 2300, 2304, 2531, 2819, 2820, 2822, 2825, 2836, 2830, 2835, 2837, 2859, 2858, 2815, 2759, 2758, 2761, 2764, 2783, 2781, 2782, 2784, 2775, 2802, 2805, 3917, 4005, 4010, 4013, 4008, 4021, 4045, 4047, 4058, 4062, 4077, 4079, 5077, 5081, 5083, 5306, 5303, 5318, 5323, 5321, 5357, 5358, 5364]",0.04719059998751618,success,,104.21948551084702,114.70028360031195,57.09808178513738,14.30838153284472,45.60000000000003,33.083352613137905
stl_midamerica_to_st_louis_lambert_2026-03-09_0006,midamerica_to_st_louis_lambert,MidAmerica to St. Louis Lambert,MidAmerica St. Louis Airport,St. Louis Lambert International Airport,38.5451731,-89.8351856,38.7486982,-90.3700257,2026-03-09,March 9th - Monday,w_0006,0.0,0.0,0.5,0.5,127,"[8877, 8880, 8902, 8917, 8943, 8947, 8951, 9043, 9047, 9051, 9252, 9279, 9280, 9292, 9316, 9317, 9442, 9443, 9446, 9445, 9435, 9436, 9434, 9437, 9242, 9448, 9450, 9449, 10414, 10413, 10089, 10087, 10095, 10094, 10061, 10047, 10030, 10026, 10025, 10002, 9977, 9973, 9979, 9970, 9969, 9964, 9955, 9957, 9952, 9929, 9835, 9832, 9819, 9815, 7874, 7876, 7898, 7903, 7916, 7915, 7912, 7913, 1936, 1958, 1962, 1965, 2208, 2209, 2212, 2217, 2239, 2241, 2253, 2256, 2281, 2283, 2508, 2286, 2298, 2300, 2304, 2531, 2819, 2820, 2822, 2825, 2836, 2830, 2835, 2837, 2859, 2858, 2815, 2759, 2758, 2761, 2764, 2783, 2781, 2782, 2784, 2775, 2802, 2805, 3917, 4005, 4010, 4013, 4008, 4021, 4045, 4047, 4058, 4062, 4077, 4079, 5077, 5081, 5083, 5306, 5303, 5318, 5323, 5321, 5357, 5358, 5364]",0.04705990001093596,success,,104.21948551084702,114.70028360031195,57.09808178513738,14.30838153284472,45.60000000000003,29.954190766422375
stl_midamerica_to_st_louis_lambert_2026-03-09_0007,midamerica_to_st_louis_lambert,MidAmerica to St. Louis Lambert,MidAmerica St. Louis Airport,St. Louis Lambert International Airport,38.5451731,-89.8351856,38.7486982,-90.3700257,2026-03-09,March 9th - Monday,w_0007,0.0,0.0,0.6,0.4,127,"[8877, 8880, 8902, 8917, 8943, 8947, 8951, 9043, 9047, 9051, 9252, 9279, 9280, 9292, 9316, 9317, 9442, 9443, 9446, 9445, 9435, 9436, 9434, 9437, 9242, 9448, 9450, 9449, 10414, 10413, 10089, 10087, 10095, 10094, 10061, 10047, 10030, 10026, 10025, 10002, 9977, 9973, 9979, 9970, 9969, 9964, 9955, 9957, 9952, 9929, 9835, 9832, 9819, 9815, 7874, 7876, 7898, 7903, 7916, 7915, 7912, 7913, 1936, 1958, 1962, 1965, 2208, 2209, 2212, 2217, 2239, 2241, 2253, 2256, 2281, 2283, 2508, 2286, 2298, 2300, 2304, 2531, 2819, 2820, 2822, 2825, 2836, 2830, 2835, 2837, 2859, 2858, 2815, 2759, 2758, 2761, 2764, 2783, 2781, 2782, 2784, 2775, 2802, 2805, 3917, 4005, 4010, 4013, 4008, 4021, 4045, 4047, 4058, 4062, 4077, 4079, 5077, 5081, 5083, 5306, 5303, 5318, 5323, 5321, 5357, 5358, 5364]",0.04784139999537729,success,,104.21948551084702,114.70028360031195,57.09808178513738,14.30838153284472,45.60000000000003,26.825028919706845
stl_midamerica_to_st_louis_lambert_2026-03-09_0008,midamerica_to_st_louis_lambert,MidAmerica to St. Louis Lambert,MidAmerica St. Louis Airport,St. Louis Lambert International Airport,38.5451731,-89.8351856,38.7486982,-90.3700257,2026-03-09,March 9th - Monday,w_0008,0.0,0.0,0.7,0.3,127,"[8877, 8880, 8902, 8917, 8943, 8947, 8951, 9043, 9047, 9051, 9252, 9279, 9280, 9292, 9316, 9317, 9442, 9443, 9446, 9445, 9435, 9436, 9434, 9437, 9242, 9448, 9450, 9449, 10414, 10413, 10089, 10087, 10095, 10094, 10061, 10047, 10030, 10026, 10025, 10002, 9977, 9973, 9979, 9970, 9969, 9964, 9955, 9957, 9952, 9929, 9835, 9832, 9819, 9815, 7874, 7876, 7898, 7903, 7916, 7915, 7912, 7913, 1936, 1958, 1962, 1965, 2208, 2209, 2212, 2217, 2239, 2241, 2253, 2256, 2281, 2283, 2508, 2286, 2298, 2300, 2304, 2531, 2819, 2820, 2822, 2825, 2836, 2830, 2835, 2837, 2859, 2858, 2815, 2759, 2758, 2761, 2764, 2783, 2781, 2782, 2784, 2775, 2802, 2805, 3917, 4005, 4010, 4013, 4008, 4021, 4045, 4047, 4058, 4062, 4077, 4079, 5077, 5081, 5083, 5306, 5303, 5318, 5323, 5321, 5357, 5358, 5364]",0.04799339998862706,success,,104.21948551084702,114.70028360031195,57.09808178513738,14.30838153284472,45.60000000000003,23.695867072991312
stl_midamerica_to_st_louis_lambert_2026-03-09_0009,midamerica_to_st_louis_lambert,MidAmerica to St. Louis Lambert,MidAmerica St. Louis Airport,St. Louis Lambert International Airport,38.5451731,-89.8351856,38.7486982,-90.3700257,2026-03-09,March 9th - Monday,w_0009,0.0,0.0,0.8,0.2,132,"[8877, 8880, 8902, 8917, 8943, 8947, 8951, 9043, 9047, 9051, 9252, 9279, 9280, 9292, 9316, 9317, 9442, 9443, 9446, 9445, 9458, 9463, 9467, 9493, 9510, 9512, 11722, 11723, 10824, 10827, 10829, 10853, 10865, 10866, 10871, 10895, 10898, 10901, 11225, 11343, 11345, 11348, 11349, 11354, 11358, 11356, 11329, 11366, 11368, 11394, 11367, 11184, 11188, 11191, 11201, 11433, 11438, 11440, 11428, 11425, 11422, 11206, 11204, 11171, 11165, 11161, 11157, 11153, 11019, 11015, 10789, 10785, 10783, 10760, 10753, 10739, 10763, 10719, 10718, 10722, 2595, 2592, 2591, 2844, 2842, 2838, 2825, 2836, 2830, 2835, 2837, 2859, 2858, 2815, 2759, 2758, 2761, 2764, 2783, 2781, 2778, 2756, 2768, 2774, 2772, 2747, 2681, 2682, 2685, 2686, 2703, 2705, 2707, 4004, 4027, 4032, 4031, 5025, 5031, 5046, 5049, 5054, 5071, 5296, 5301, 5315, 5318, 5323, 5321, 5357, 5358, 5364]",0.047220899985404685,success,,109.3818273945418,120.38177468807925,39.59375875686913,11.744205381046621,52.400000000000034,19.875364304837305
stl_midamerica_to_st_louis_lambert_2026-03-09_0010,midamerica_to_st_louis_lambert,MidAmerica to St. Louis Lambert,MidAmerica St. Louis Airport,St. Louis Lambert International Airport,38.5451731,-89.8351856,38.7486982,-90.3700257,2026-03-09,March 9th - Monday,w_0010,0.0,0.0,0.9,0.1,144,"[8877, 8880, 8902, 8917, 8943, 8947, 8951, 9043, 9047, 9051, 9252, 9279, 9280, 9292, 9316, 9317, 9442, 9443, 9446, 9445, 9435, 9436, 9434, 9437, 9242, 9448, 9450, 9449, 10414, 10413, 10089, 10087, 10095, 10094, 10061, 10047, 10030, 10026, 10025, 10002, 9977, 9973, 9979, 9970, 9969, 9964, 9955, 9957, 9952, 9929, 9835, 9832, 9819, 9815, 7874, 7876, 7898, 7903, 7916, 7915, 7912, 7895, 7613, 7615, 1929, 1917, 1943, 1946, 1970, 1983, 1998, 2003, 2000, 2191, 2194, 2188, 2165, 2182, 2184, 2186, 2174, 2199, 2203, 2207, 2341, 2316, 2338, 2315, 2106, 2330, 2329, 2333, 2350, 2349, 2327, 2353, 3265, 3266, 3270, 3259, 3260, 3258, 3257, 3246, 3244, 3243, 3245, 3417, 3413, 3418, 3419, 3445, 3449, 3469, 3482, 3485, 3489, 3488, 3500, 3714, 3715, 3644, 3719, 3672, 3677, 3680, 4987, 4989, 4993, 5016, 5017, 5022, 4964, 5188, 5061, 5216, 5286, 5288, 5293, 5329, 5331, 5357, 5358, 5364]",0.04617309998138808,success,,119.06132393970448,131.03468660178123,68.271039697,8.284700400502416,74.60000000000004,14.916230360452179
stl_midamerica_to_st_louis_lambert_2026-03-09_0011,midamerica_to_st_louis_lambert,MidAmerica to St. Louis Lambert,MidAmerica St. Louis Airport,St. Louis Lambert International Airport,38.5451731,-89.8351856,38.7486982,-90.3700257,2026-03-09,March 9th - Monday,w_0011,0.0,0.0,1.0,0.0,125,"[8877, 8861, 8741, 8740, 8862, 8739, 7711, 7686, 7684, 7665, 7663, 7660, 7633, 7642, 7637, 7624, 7620, 7365, 7361, 7363, 7377, 7391, 7394, 7728, 7720, 7726, 7749, 7753, 7878, 7881, 7883, 9815, 7874, 7876, 7898, 7903, 7916, 7915, 7912, 7895, 7613, 7615, 1929, 1917, 1943, 1946, 1970, 1983, 1998, 2003, 1999, 2159, 2136, 2134, 2135, 2144, 2146, 2147, 2172, 2174, 2199, 2203, 2207, 2341, 2316, 2338, 2315, 2106, 2330, 2329, 2333, 2350, 2349, 2327, 2353, 3265, 3266, 3270, 3259, 3260, 3258, 3257, 3246, 3244, 3243, 3245, 3417, 3413, 3418, 3419, 3445, 3461, 3438, 3440, 3454, 3455, 3460, 3493, 3495, 3498, 3712, 3641, 3644, 3719, 3672, 3677, 3680, 4987, 4989, 4993, 5016, 5017, 5022, 4964, 5188, 5061, 5216, 5286, 5288, 5293, 5329, 5331, 5357, 5358, 5364]",0.04430030001094565,success,,104.51175723706939,115.02194753601206,60.60365688473732,8.153267257284753,78.80000000000004,8.153267257284753
stl_midamerica_to_st_louis_lambert_2026-03-09_0012,midamerica_to_st_louis_lambert,MidAmerica to St. Louis Lambert,MidAmerica St. Louis Airport,St. Louis Lambert International Airport,38.5451731,-89.8351856,38.7486982,-90.3700257,2026-03-09,March 9th - Monday,w_0012,0.0,0.1,0.0,0.9,149,"[8877, 8880, 8902, 8917, 8943, 8947, 8951, 9043, 9047, 9051, 9252, 9279, 9303, 9304, 9311, 9334, 9339, 9341, 9540, 9545, 9559, 9563, 9566, 9612, 9613, 9705, 9621, 11919, 11843, 11925, 11883, 11949, 11951, 11981, 11984, 11987, 12115, 12121, 12145, 12149, 12164, 12165, 12171, 12477, 12502, 12504, 12527, 12528, 12334, 12346, 12353, 13411, 12364, 13432, 13437, 13451, 13457, 13459, 13486, 12907, 12910, 12935, 12939, 13153, 13189, 13190, 13191, 13173, 13171, 13172, 13170, 13089, 13091, 13090, 13081, 13083, 13080, 13082, 13100, 13099, 13095, 13069, 12967, 12740, 12741, 12743, 12722, 12723, 12947, 12960, 12975, 12980, 12979, 6406, 6410, 6433, 6435, 6449, 6475, 6478, 6474, 6461, 6455, 6453, 6430, 6334, 6310, 6307, 6302, 6300, 6301, 6313, 6288, 6289, 4874, 4872, 5970, 5971, 6196, 5974, 6191, 6193, 6225, 6218, 6222, 6220, 6216, 6894, 6892, 6887, 6889, 6073, 6067, 6052, 6048, 6029, 6004, 6002, 6514, 6513, 5661, 5657, 5636, 5623, 5619, 5384, 5592, 5586, 5364]",0.046663699991768226,success,,123.78743182781093,136.23607396647955,15.824251228904442,38.686978188692464,45.80000000000003,42.80242512289047
stl_midamerica_to_st_louis_lambert_2026-03-09_0013,midamerica_to_st_louis_lambert,MidAmerica to St. Louis Lambert,MidAmerica St. Louis Airport,St. Louis Lambert International Airport,38.5451731,-89.8351856,38.7486982,-90.3700257,2026-03-09,March 9th - Monday,w_0013,0.0,0.1,0.1,0.8,165,"[8877, 8880, 8902, 8917, 8943, 8947, 8951, 9043, 9047, 9051, 9252, 9279, 9303, 9304, 9309, 9334, 9339, 9342, 9549, 9554, 9557, 9571, 9588, 9610, 9596, 9618, 11825, 11830, 11844, 11847, 11851, 11885, 11891, 12094, 12100, 11987, 12208, 12142, 12216, 12150, 12235, 12177, 12241, 12258, 12259, 12263, 12591, 12545, 12596, 12553, 12615, 12618, 13350, 13352, 13354, 13359, 13374, 13390, 13392, 13395, 13699, 13701, 13728, 13729, 13633, 13658, 13664, 13678, 13859, 13863, 13882, 13865, 13868, 13869, 13870, 13265, 13234, 13232, 13229, 13212, 13209, 13213, 13208, 13217, 13171, 13172, 13170, 13089, 13092, 13090, 13106, 13109, 13113, 13108, 13117, 13119, 13124, 13291, 13269, 13276, 13274, 13277, 13280, 13279, 13281, 13285, 13283, 13284, 13282, 6470, 6464, 6465, 6463, 6473, 6475, 6478, 6474, 6461, 6460, 6505, 6508, 6490, 6371, 6366, 6484, 6487, 6486, 6488, 6381, 6374, 6378, 6379, 6492, 6496, 6499, 6498, 6273, 6271, 6269, 6261, 6257, 6220, 6216, 6894, 6896, 6893, 6889, 6073, 6067, 6052, 6048, 6029, 6004, 6002, 6514, 6513, 5661, 5657, 5636, 5623, 5619, 5384, 5592, 5586, 5364]",0.04787839998607524,success,,136.132909367682,149.823070371841,17.03973038244566,21.06636100871954,45.80000000000003,40.45060913911655
stl_midamerica_to_st_louis_lambert_2026-03-09_0014,midamerica_to_st_louis_lambert,MidAmerica to St. Louis Lambert,MidAmerica St. Louis Airport,St. Louis Lambert International Airport,38.5451731,-89.8351856,38.7486982,-90.3700257,2026-03-09,March 9th - Monday,w_0014,0.0,0.1,0.2,0.7,165,"[8877, 8880, 8902, 8917, 8943, 8947, 8951, 9043, 9047, 9051, 9252, 9279, 9303, 9304, 9309, 9334, 9339, 9342, 9549, 9554, 9557, 9571, 9588, 9610, 9596, 9618, 11825, 11830, 11844, 11847, 11851, 11885, 11891, 12094, 12100, 11987, 12208, 12142, 12216, 12150, 12235, 12177, 12241, 12258, 12259, 12263, 12591, 12545, 12596, 12553, 12615, 12618, 13350, 13352, 13354, 13359, 13374, 13390, 13392, 13395, 13699, 13701, 13728, 13729, 13633, 13658, 13664, 13678, 13859, 13863, 13882, 13865, 13868, 13869, 13870, 13265, 13234, 13232, 13229, 13212, 13209, 13213, 13208, 13217, 13171, 13172, 13170, 13089, 13092, 13090, 13106, 13109, 13113, 13108, 13117, 13119, 13124, 13291, 13269, 13276, 13274, 13277, 13280, 13279, 13281, 13285, 13283, 13284, 13282, 6470, 6464, 6465, 6463, 6473, 6476, 6478, 6474, 6461, 6460, 6505, 6508, 6490, 6371, 6372, 6484, 6487, 6486, 6488, 6381, 6374, 6378, 6379, 6492, 6496, 6499, 6498, 6273, 6271, 6269, 6261, 6257, 6220, 6216, 6894, 6892, 6887, 6063, 6069, 6054, 6051, 6047, 6026, 6001, 5999, 5663, 5659, 5656, 5632, 5622, 5621, 5619, 5384, 5592, 5586, 5364]",0.049770700017688796,success,,135.95375065080802,149.62589461786192,19.005659790639275,17.2772501133717,46.20000000000003,37.696016001738286
stl_midamerica_to_st_louis_lambert_2026-03-09_0015,midamerica_to_st_louis_lambert,MidAmerica to St. Louis Lambert,MidAmerica St. Louis Airport,St. Louis Lambert International Airport,38.5451731,-89.8351856,38.7486982,-90.3700257,2026-03-09,March 9th - Monday,w_0015,0.0,0.1,0.3,0.6,165,"[8877, 8880, 8902, 8917, 8943, 8947, 8951, 9043, 9047, 9051, 9252, 9279, 9303, 9304, 9309, 9334, 9339, 9342, 9549, 9554, 9557, 9571, 9588, 9610, 9596, 9618, 11825, 11830, 11844, 11847, 11851, 11885, 11891, 12094, 12100, 11987, 12208, 12142, 12216, 12150, 12235, 12177, 12241, 12258, 12259, 12263, 12591, 12545, 12596, 12553, 12615, 12618, 13350, 13352, 13354, 13359, 13374, 13390, 13392, 13395, 13699, 13701, 13728, 13729, 13633, 13658, 13664, 13678, 13859, 13863, 13882, 13865, 13868, 13869, 13870, 13265, 13234, 13232, 13229, 13212, 13209, 13213, 13208, 13217, 13171, 13172, 13170, 13089, 13092, 13090, 13106, 13109, 13113, 13108, 13117, 13119, 13124, 13291, 13269, 13276, 13274, 13277, 13280, 13279, 13281, 13285, 13283, 13284, 13282, 6470, 6464, 6465, 6463, 6473, 6476, 6478, 6474, 6461, 6460, 6505, 6508, 6490, 6371, 6372, 6484, 6487, 6486, 6488, 6381, 6374, 6378, 6379, 6492, 6496, 6499, 6498, 6273, 6271, 6269, 6261, 6257, 6220, 6216, 6894, 6892, 6887, 6063, 6069, 6054, 6051, 6047, 6026, 6001, 5999, 5663, 5659, 5656, 5632, 5622, 5623, 5619, 5384, 5592, 5586, 5364]",0.048138000012841076,success,,135.95379236303637,149.6259405248667,19.625073392725938,17.0349553363356,46.20000000000003,34.79299394017329
stl_midamerica_to_st_louis_lambert_2026-03-09_0016,midamerica_to_st_louis_lambert,MidAmerica to St. Louis Lambert,MidAmerica St. Louis Airport,St. Louis Lambert International Airport,38.5451731,-89.8351856,38.7486982,-90.3700257,2026-03-09,March 9th - Monday,w_0016,0.0,0.1,0.4,0.5,165,"[8877, 8880, 8902, 8917, 8943, 8947, 8951, 9043, 9047, 9051, 9252, 9279, 9303, 9304, 9309, 9334, 9339, 9342, 9549, 9554, 9557, 9571, 9588, 9610, 9596, 9618, 11825, 11830, 11844, 11847, 11851, 11885, 11891, 12094, 12100, 11987, 12208, 12142, 12216, 12150, 12235, 12177, 12241, 12258, 12259, 12263, 12591, 12545, 12596, 12553, 12615, 12618, 13350, 13352, 13354, 13359, 13374, 13390, 13392, 13395, 13699, 13701, 13728, 13729, 13633, 13658, 13664, 13678, 13859, 13863, 13882, 13865, 13868, 13869, 13870, 13265, 13234, 13232, 13229, 13212, 13209, 13213, 13208, 13217, 13171, 13172, 13170, 13089, 13092, 13090, 13106, 13109, 13113, 13108, 13117, 13119, 13124, 13291, 13269, 13276, 13274, 13277, 13280, 13279, 13281, 13285, 13283, 13284, 13282, 6470, 6464, 6465, 6463, 6473, 6476, 6478, 6474, 6461, 6460, 6505, 6508, 6490, 6371, 6372, 6484, 6487, 6486, 6488, 6381, 6374, 6378, 6379, 6492, 6496, 6499, 6498, 6273, 6271, 6269, 6261, 6257, 6220, 6216, 6894, 6892, 6887, 6063, 6069, 6054, 6051, 6047, 6026, 6001, 5999, 5663, 5659, 5656, 5632, 5622, 5623, 5619, 5384, 5592, 5586, 5364]",0.04867099999682978,success,,135.95379236303637,149.6259405248667,19.625073392725938,17.0349553363356,46.20000000000003,31.87648947380685
stl_midamerica_to_st_louis_lambert_2026-03-09_0017,midamerica_to_st_louis_lambert,MidAmerica to St. Louis Lambert,MidAmerica St. Louis Airport,St. Louis Lambert International Airport,38.5451731,-89.8351856,38.7486982,-90.3700257,2026-03-09,March 9th - Monday,w_0017,0.0,0.1,0.5,0.4,173,"[8877, 8880, 8902, 8917, 8943, 8947, 8951, 9043, 9047, 9051, 9252, 9279, 9273, 9250, 9257, 9039, 9038, 9011, 9008, 9003, 9002, 9065, 9061, 8641, 8636, 8644, 8625, 8619, 8616, 8602, 8590, 8557, 8556, 8540, 8539, 8533, 8511, 8517, 8516, 8489, 8491, 8274, 8271, 8265, 8017, 8025, 8022, 7990, 7984, 7981, 7983, 7982, 8054, 8051, 8057, 8071, 8079, 8082, 8081, 8080, 8066, 8065, 8064, 7953, 7951, 7954, 7952, 7944, 7943, 7929, 7942, 7966, 7968, 7965, 7970, 7126, 7327, 7128, 7127, 7324, 7319, 7317, 7114, 7130, 7132, 7137, 7209, 7212, 7213, 7440, 7434, 7436, 7469, 7471, 7481, 7484, 7485, 7510, 7539, 7544, 7559, 7562, 7587, 7590, 7594, 1908, 1915, 1917, 1934, 1947, 1960, 1963, 1966, 2211, 1997, 2215, 2239, 2241, 2253, 2256, 2281, 2283, 2508, 2286, 2298, 2300, 2304, 2531, 2819, 2820, 2822, 2825, 2836, 2830, 2835, 2837, 2859, 2858, 2860, 2759, 2758, 2761, 2764, 2783, 2781, 2782, 2784, 2775, 2802, 2805, 3917, 4005, 4010, 4013, 4008, 4021, 4045, 4047, 4058, 4062, 4077, 4079, 5077, 5081, 5083, 5306, 5303, 5318, 5323, 5321, 5357, 5358, 5364]",0.04735790000995621,success,,141.1350870959889,155.3282904489085,34.25927563694325,14.30838153284472,45.60000000000003,28.8201183301167
stl_midamerica_to_st_louis_lambert_2026-03-09_0018,midamerica_to_st_louis_lambert,MidAmerica to St. Louis Lambert,MidAmerica St. Louis Airport,St. Louis Lambert International Airport,38.5451731,-89.8351856,38.7486982,-90.3700257,2026-03-09,March 9th - Monday,w_0018,0.0,0.1,0.6,0.3,174,"[8877, 8880, 8902, 8917, 8943, 8947, 8951, 9043, 9047, 9051, 9252, 9279, 9273, 9250, 9257, 9039, 9038, 9011, 9008, 9003, 9002, 9065, 9061, 8641, 8636, 8644, 8625, 8619, 8616, 8602, 8590, 8557, 8556, 8540, 8539, 8533, 8511, 8517, 8516, 8489, 8491, 8274, 8271, 8265, 8017, 8025, 8022, 7990, 7984, 7981, 7983, 7982, 8054, 8051, 8057, 8071, 8079, 8082, 8081, 8080, 8066, 8065, 8064, 7953, 7951, 7954, 7952, 7944, 7943, 7929, 7942, 7966, 7968, 7965, 7970, 7126, 7327, 7128, 7127, 7324, 7319, 7317, 7114, 7130, 7132, 7137, 7209, 7212, 7213, 7440, 7434, 7436, 7469, 7471, 7481, 7484, 7485, 7510, 7539, 7544, 7559, 7562, 7587, 7590, 7594, 1908, 1915, 1917, 1934, 1947, 1960, 1963, 1966, 2211, 1997, 2215, 2239, 2241, 2253, 2256, 2281, 2283, 2508, 2513, 2516, 2305, 2529, 2532, 2558, 2840, 2842, 2838, 2827, 2836, 2830, 2835, 2837, 2859, 2858, 2860, 2759, 2758, 2761, 2764, 2783, 2781, 2782, 2784, 2775, 2802, 2805, 3917, 4005, 4010, 4013, 4008, 4021, 4045, 4047, 4058, 4062, 4077, 4079, 5077, 5081, 5083, 5306, 5303, 5318, 5323, 5321, 5357, 5358, 5364]",0.04896839999128133,success,,142.57699363287014,156.91520183975592,33.28644847629961,14.160818833721533,46.20000000000003,25.68513614786289
stl_midamerica_to_st_louis_lambert_2026-03-09_0019,midamerica_to_st_louis_lambert,MidAmerica to St. Louis Lambert,MidAmerica St. Louis Airport,St. Louis Lambert International Airport,38.5451731,-89.8351856,38.7486982,-90.3700257,2026-03-09,March 9th - Monday,w_0019,0.0,0.1,0.7,0.2,174,"[8877, 8880, 8902, 8917, 8943, 8947, 8951, 9043, 9047, 9051, 9252, 9279, 9303, 9304, 9309, 9334, 9339, 9342, 9549, 9554, 9557, 9571, 9588, 9610, 9596, 9618, 11825, 11830, 11844, 11847, 11851, 11885, 11891, 12094, 12100, 11987, 12208, 12142, 12216, 12150, 12235, 12177, 12241, 12258, 12259, 12263, 12591, 12545, 12596, 12553, 12615, 12618, 13350, 13352, 13354, 13359, 13374, 13390, 13392, 13395, 13699, 13701, 13728, 13729, 13633, 13658, 13664, 13678, 13859, 13863, 13882, 13865, 13868, 13869, 13870, 13265, 13234, 13232, 13229, 13212, 13209, 13213, 13208, 13217, 13171, 13172, 13170, 13089, 13092, 13090, 13106, 13109, 13113, 13108, 13117, 13119, 13124, 13291, 13269, 13276, 13274, 13277, 13280, 13279, 13281, 13285, 13283, 13284, 13282, 6470, 6464, 6465, 6463, 6473, 6476, 6478, 6474, 6461, 6460, 6505, 6508, 6490, 6371, 6372, 6484, 6487, 6486, 6488, 6381, 6374, 6378, 6379, 6492, 6496, 6499, 6498, 6273, 6274, 6500, 6279, 6262, 6260, 6224, 6220, 6216, 6894, 6896, 6893, 6887, 6063, 6057, 6042, 6040, 6024, 6022, 6018, 6015, 5989, 5987, 4651, 4668, 4624, 4620, 5600, 5596, 5373, 5369, 5353, 5352, 5375, 5376, 5363, 5358, 5364]",0.049090899992734194,success,,142.17577707456542,156.473637070969,21.40878645279162,13.365238740853709,53.20000000000003,22.136545763876768
stl_midamerica_to_st_louis_lambert_2026-03-09_0020,midamerica_to_st_louis_lambert,MidAmerica to St. Louis Lambert,MidAmerica St. Louis Airport,St. Louis Lambert International Airport,38.5451731,-89.8351856,38.7486982,-90.3700257,2026-03-09,March 9th - Monday,w_0020,0.0,0.1,0.8,0.1,164,"[8877, 8880, 8902, 8917, 8943, 8947, 8951, 9043, 9047, 9051, 9252, 9279, 9273, 9250, 9257, 9039, 9038, 9011, 9008, 9003, 9002, 9065, 9061, 8641, 8636, 8644, 8625, 8619, 8616, 8602, 8590, 8557, 8556, 8540, 8539, 8533, 8511, 8517, 8516, 8489, 8491, 8274, 8271, 8265, 8017, 8025, 8022, 7990, 7984, 7981, 7983, 7982, 8054, 8051, 8057, 8071, 8079, 8082, 8081, 8080, 8066, 8065, 8064, 7953, 7951, 7954, 7952, 7944, 7943, 7929, 7942, 7966, 7968, 7965, 7970, 7126, 7327, 7128, 7127, 7324, 7319, 7317, 7114, 7130, 7132, 7137, 7209, 7212, 7213, 7440, 7434, 7436, 7469, 7471, 7481, 7480, 7483, 7311, 7316, 7538, 7541, 7534, 7567, 7573, 7576, 7600, 7605, 1918, 1925, 2114, 2130, 2134, 2135, 2144, 2146, 2147, 2172, 2174, 2199, 2203, 2207, 2341, 2316, 2342, 2347, 2366, 2389, 2392, 2396, 2720, 2387, 2384, 2381, 3291, 3294, 3298, 2628, 2651, 2655, 2636, 2673, 2677, 2700, 2701, 2704, 3999, 4002, 4026, 4031, 5025, 5031, 5046, 5049, 5054, 5071, 5295, 5300, 5303, 5318, 5323, 5321, 5357, 5358, 5364]",0.0484510000096634,success,,135.64056009078584,149.2812081527599,31.318855786539583,10.658592803943716,61.40000000000002,17.798759821808936
stl_midamerica_to_st_louis_lambert_2026-03-09_0021,midamerica_to_st_louis_lambert,MidAmerica to St. Louis Lambert,MidAmerica St. Louis Airport,St. Louis Lambert International Airport,38.5451731,-89.8351856,38.7486982,-90.3700257,2026-03-09,March 9th - Monday,w_0021,0.0,0.1,0.9,0.0,160,"[8877, 8874, 8860, 8749, 8743, 8718, 8717, 8803, 8787, 8782, 8759, 8352, 8351, 8347, 8333, 8320, 8317, 8284, 8291, 8285, 8041, 8036, 8100, 8075, 8072, 8071, 8079, 8082, 8081, 8080, 8066, 8065, 8064, 7953, 7951, 7954, 7952, 7944, 7943, 7929, 7942, 7966, 7968, 7965, 7970, 7126, 7327, 7128, 7127, 7324, 7319, 7317, 7114, 7130, 7132, 7137, 7209, 7212, 7213, 7440, 7434, 7436, 7469, 7471, 7481, 7482, 7486, 7315, 7540, 7546, 7560, 7574, 7575, 7592, 7593, 1919, 1922, 1926, 1951, 1954, 1970, 1983, 1998, 2003, 1999, 2159, 2136, 2134, 2135, 2144, 2146, 2147, 2172, 2174, 2199, 2203, 2207, 2341, 2316, 2338, 2315, 2106, 2330, 2329, 2333, 2350, 2349, 2327, 2353, 3265, 3266, 3270, 3259, 3260, 3258, 3257, 3246, 3248, 3272, 3247, 3417, 3413, 3418, 3419, 3445, 3461, 3438, 3440, 3454, 3455, 3460, 3493, 3495, 3498, 3712, 3641, 3644, 3719, 3672, 3677, 3680, 4987, 4989, 4993, 4994, 5012, 5035, 5041, 5043, 5066, 5071, 5295, 5300, 5303, 5318, 5323, 5321, 5357, 5358, 5364]",0.049459600006230175,success,,132.3985517920375,145.71316836175265,44.07845622543394,8.213499249924762,82.80000000000004,11.79999494747568
stl_midamerica_to_st_louis_lambert_2026-03-09_0022,midamerica_to_st_louis_lambert,MidAmerica to St. Louis Lambert,MidAmerica St. Louis Airport,St. Louis Lambert International Airport,38.5451731,-89.8351856,38.7486982,-90.3700257,2026-03-09,March 9th - Monday,w_0022,0.0,0.2,0.0,0.8,149,"[8877, 8880, 8902, 8917, 8943, 8947, 8951, 9043, 9047, 9051, 9252, 9279, 9303, 9304, 9311, 9334, 9339, 9341, 9540, 9545, 9559, 9563, 9566, 9612, 9613, 9705, 9621, 11919, 11843, 11925, 11883, 11949, 11951, 11981, 11984, 11987, 12115, 12121, 12145, 12149, 12164, 12165, 12171, 12477, 12502, 12504, 12527, 12528, 12334, 12346, 12353, 13411, 12364, 13432, 13437, 13451, 13457, 13459, 13486, 12907, 12910, 12935, 12939, 13153, 13189, 13190, 13191, 13173, 13171, 13172, 13170, 13089, 13091, 13090, 13081, 13083, 13080, 13082, 13100, 13099, 13095, 13069, 12967, 12740, 12741, 12743, 12722, 12723, 12947, 12960, 12975, 12980, 12979, 6406, 6410, 6433, 6435, 6449, 6475, 6478, 6474, 6461, 6455, 6453, 6430, 6334, 6310, 6307, 6302, 6300, 6301, 6313, 6288, 6289, 4874, 4872, 5970, 5971, 6196, 5974, 6191, 6193, 6225, 6218, 6222, 6220, 6216, 6894, 6892, 6887, 6889, 6073, 6067, 6052, 6048, 6029, 6004, 6002, 6514, 6513, 5661, 5657, 5636, 5623, 5619, 5384, 5592, 5586, 5364]",0.04496410000137985,success,,123.78743182781093,136.23607396647955,15.824251228904442,38.686978188692464,45.80000000000003,39.80485024578092
stl_midamerica_to_st_louis_lambert_2026-03-09_0023,midamerica_to_st_louis_lambert,MidAmerica to St. Louis Lambert,MidAmerica St. Louis Airport,St. Louis Lambert International Airport,38.5451731,-89.8351856,38.7486982,-90.3700257,2026-03-09,March 9th - Monday,w_0023,0.0,0.2,0.1,0.7,165,"[8877, 8880, 8902, 8917, 8943, 8947, 8951, 9043, 9047, 9051, 9252, 9279, 9303, 9304, 9309, 9334, 9339, 9342, 9549, 9554, 9557, 9571, 9588, 9610, 9596, 9618, 11825, 11830, 11844, 11847, 11851, 11885, 11891, 12094, 12100, 11987, 12208, 12142, 12216, 12150, 12235, 12177, 12241, 12258, 12259, 12263, 12591, 12545, 12596, 12553, 12615, 12618, 13350, 13352, 13354, 13359, 13374, 13390, 13392, 13395, 13699, 13701, 13728, 13729, 13633, 13658, 13664, 13678, 13859, 13863, 13882, 13865, 13868, 13869, 13870, 13265, 13234, 13232, 13229, 13212, 13209, 13213, 13208, 13217, 13171, 13172, 13170, 13089, 13092, 13090, 13106, 13109, 13113, 13108, 13117, 13119, 13124, 13291, 13269, 13276, 13274, 13277, 13280, 13279, 13281, 13285, 13283, 13284, 13282, 6470, 6464, 6465, 6463, 6473, 6475, 6478, 6474, 6461, 6460, 6456, 6454, 6341, 6340, 6365, 6352, 6482, 6486, 6488, 6381, 6374, 6378, 6379, 6492, 6496, 6499, 6498, 6273, 6271, 6269, 6261, 6257, 6220, 6216, 6894, 6896, 6893, 6889, 6073, 6067, 6052, 6048, 6029, 6004, 6002, 6514, 6513, 5661, 5657, 5636, 5623, 5619, 5384, 5592, 5586, 5364]",0.0464436000038404,success,,136.27932121946932,149.98420608307714,16.47673722893027,21.768984562179373,45.80000000000003,37.532245902004014
stl_midamerica_to_st_louis_lambert_2026-03-09_0024,midamerica_to_st_louis_lambert,MidAmerica to St. Louis Lambert,MidAmerica St. Louis Airport,St. Louis Lambert International Airport,38.5451731,-89.8351856,38.7486982,-90.3700257,2026-03-09,March 9th - Monday,w_0024,0.0,0.2,0.2,0.6,165,"[8877, 8880, 8902, 8917, 8943, 8947, 8951, 9043, 9047, 9051, 9252, 9279, 9303, 9304, 9309, 9334, 9339, 9342, 9549, 9554, 9557, 9571, 9588, 9610, 9596, 9618, 11825, 11830, 11844, 11847, 11851, 11885, 11891, 12094, 12100, 11987, 12208, 12142, 12216, 12150, 12235, 12177, 12241, 12258, 12259, 12263, 12591, 12545, 12596, 12553, 12615, 12618, 13350, 13352, 13354, 13359, 13374, 13390, 13392, 13395, 13699, 13701, 13728, 13729, 13633, 13658, 13664, 13678, 13859, 13863, 13882, 13865, 13868, 13869, 13870, 13265, 13234, 13232, 13229, 13212, 13209, 13213, 13208, 13217, 13171, 13172, 13170, 13089, 13092, 13090, 13106, 13109, 13113, 13108, 13117, 13119, 13124, 13291, 13269, 13276, 13274, 13277, 13280, 13279, 13281, 13285, 13283, 13284, 13282, 6470, 6464, 6465, 6463, 6473, 6475, 6478, 6474, 6461, 6460, 6505, 6508, 6490, 6371, 6366, 6484, 6487, 6486, 6488, 6381, 6374, 6378, 6379, 6492, 6496, 6499, 6498, 6273, 6271, 6269, 6261, 6257, 6220, 6216, 6894, 6892, 6887, 6063, 6069, 6054, 6051, 6047, 6026, 6001, 5999, 5663, 5659, 5656, 5632, 5622, 5621, 5619, 5384, 5592, 5586, 5364]",0.04867910000029951,success,,136.13224060656057,149.82233435697862,18.02884339304162,17.92291368219498,46.20000000000003,34.91035141504734
stl_midamerica_to_st_louis_lambert_2026-03-09_0025,midamerica_to_st_louis_lambert,MidAmerica to St. Louis Lambert,MidAmerica St. Louis Airport,St. Louis Lambert International Airport,38.5451731,-89.8351856,38.7486982,-90.3700257,2026-03-09,March 9th - Monday,w_0025,0.0,0.2,0.3,0.5,165,"[8877, 8880, 8902, 8917, 8943, 8947, 8951, 9043, 9047, 9051, 9252, 9279, 9303, 9304, 9309, 9334, 9339, 9342, 9549, 9554, 9557, 9571, 9588, 9610, 9596, 9618, 11825, 11830, 11844, 11847, 11851, 11885, 11891, 12094, 12100, 11987, 12208, 12142, 12216, 12150, 12235, 12177, 12241, 12258, 12259, 12263, 12591, 12545, 12596, 12553, 12615, 12618, 13350, 13352, 13354, 13359, 13374, 13390, 13392, 13395, 13699, 13701, 13728, 13729, 13633, 13658, 13664, 13678, 13859, 13863, 13882, 13865, 13868, 13869, 13870, 13265, 13234, 13232, 13229, 13212, 13209, 13213, 13208, 13217, 13171, 13172, 13170, 13089, 13092, 13090, 13106, 13109, 13113, 13108, 13117, 13119, 13124, 13291, 13269, 13276, 13274, 13277, 13280, 13279, 13281, 13285, 13283, 13284, 13282, 6470, 6464, 6465, 6463, 6473, 6475, 6478, 6474, 6461, 6460, 6505, 6508, 6490, 6371, 6372, 6484, 6487, 6486, 6488, 6381, 6374, 6378, 6379, 6492, 6496, 6499, 6498, 6273, 6271, 6269, 6261, 6257, 6220, 6216, 6894, 6892, 6887, 6063, 6069, 6054, 6051, 6047, 6026, 6001, 5999, 5663, 5659, 5656, 5632, 5622, 5621, 5619, 5384, 5592, 5586, 5364]",0.047106999991228804,success,,135.94668166503027,149.61811474186754,18.174532736071452,17.80925005155337,46.20000000000003,32.07768156268032
stl_midamerica_to_st_louis_lambert_2026-03-09_0026,midamerica_to_st_louis_lambert,MidAmerica to St. Louis Lambert,MidAmerica St. Louis Airport,St. Louis Lambert International Airport,38.5451731,-89.8351856,38.7486982,-90.3700257,2026-03-09,March 9th - Monday,w_0026,0.0,0.2,0.4,0.4,165,"[8877, 8880, 8902, 8917, 8943, 8947, 8951, 9043, 9047, 9051, 9252, 9279, 9303, 9304, 9309, 9334, 9339, 9342, 9549, 9554, 9557, 9571, 9588, 9610, 9596, 9618, 11825, 11830, 11844, 11847, 11851, 11885, 11891, 12094, 12100, 11987, 12208, 12142, 12216, 12150, 12235, 12177, 12241, 12258, 12259, 12263, 12591, 12545, 12596, 12553, 12615, 12618, 13350, 13352, 13354, 13359, 13374, 13390, 13392, 13395, 13699, 13701, 13728, 13729, 13633, 13658, 13664, 13678, 13859, 13863, 13882, 13865, 13868, 13869, 13870, 13265, 13234, 13232, 13229, 13212, 13209, 13213, 13208, 13217, 13171, 13172, 13170, 13089, 13092, 13090, 13106, 13109, 13113, 13108, 13117, 13119, 13124, 13291, 13269, 13276, 13274, 13277, 13280, 13279, 13281, 13285, 13283, 13284, 13282, 6470, 6464, 6465, 6463, 6473, 6476, 6478, 6474, 6461, 6460, 6505, 6508, 6490, 6371, 6372, 6484, 6487, 6486, 6488, 6381, 6374, 6378, 6379, 6492, 6496, 6499, 6498, 6273, 6271, 6269, 6261, 6257, 6220, 6216, 6894, 6892, 6887, 6063, 6069, 6054, 6051, 6047, 6026, 6001, 5999, 5663, 5659, 5656, 5632, 5622, 5621, 5619, 5384, 5592, 5586, 5364]",0.0472101999912411,success,,135.95375065080802,149.62589461786192,19.005659790639275,17.2772501133717,46.20000000000003,29.192032003476548
stl_midamerica_to_st_louis_lambert_2026-03-09_0027,midamerica_to_st_louis_lambert,MidAmerica to St. Louis Lambert,MidAmerica St. Louis Airport,St. Louis Lambert International Airport,38.5451731,-89.8351856,38.7486982,-90.3700257,2026-03-09,March 9th - Monday,w_0027,0.0,0.2,0.5,0.3,167,"[8877, 8880, 8902, 8917, 8943, 8947, 8951, 9043, 9047, 9051, 9252, 9279, 9303, 9304, 9309, 9334, 9339, 9342, 9549, 9554, 9557, 9571, 9588, 9610, 9596, 9618, 11825, 11830, 11844, 11847, 11851, 11885, 11891, 12094, 12100, 11987, 12208, 12142, 12216, 12150, 12235, 12177, 12241, 12258, 12259, 12263, 12591, 12545, 12596, 12553, 12615, 12618, 13350, 13352, 13354, 13359, 13374, 13390, 13392, 13395, 13699, 13701, 13728, 13729, 13633, 13658, 13664, 13678, 13859, 13863, 13882, 13865, 13868, 13869, 13870, 13265, 13234, 13232, 13229, 13212, 13209, 13213, 13208, 13217, 13171, 13172, 13170, 13089, 13092, 13090, 13106, 13109, 13113, 13108, 13117, 13119, 13124, 13291, 13269, 13276, 13274, 13277, 13280, 13279, 13281, 13285, 13283, 13284, 13282, 6470, 6464, 6465, 6463, 6473, 6476, 6478, 6474, 6461, 6460, 6505, 6508, 6490, 6371, 6372, 6484, 6487, 6486, 6488, 6381, 6374, 6378, 6379, 6492, 6496, 6499, 6498, 6273, 6274, 6500, 6279, 6262, 6260, 6224, 6220, 6216, 6894, 6892, 6887, 6063, 6069, 6054, 6051, 6047, 6026, 6001, 5999, 5663, 5659, 5656, 5632, 5622, 5621, 5619, 5384, 5592, 5586, 5364]",0.048456599994096905,success,,137.41990685096297,151.2394943313496,19.015338952577554,16.25378910420872,47.400000000000034,26.14996234261988
stl_midamerica_to_st_louis_lambert_2026-03-09_0028,midamerica_to_st_louis_lambert,MidAmerica to St. Louis Lambert,MidAmerica St. Louis Airport,St. Louis Lambert International Airport,38.5451731,-89.8351856,38.7486982,-90.3700257,2026-03-09,March 9th - Monday,w_0028,0.0,0.2,0.6,0.2,184,"[8877, 8880, 8902, 8917, 8943, 8947, 8951, 9043, 9047, 9051, 9252, 9279, 9303, 9304, 9309, 9334, 9339, 9342, 9549, 9554, 9557, 9571, 9588, 9610, 9596, 9618, 11825, 11830, 11844, 11847, 11851, 11885, 11891, 12094, 12100, 11987, 12208, 12142, 12216, 12150, 12235, 12177, 12241, 12258, 12259, 12263, 12591, 12545, 12596, 12553, 12615, 12618, 13350, 13352, 13354, 13359, 13374, 13390, 13392, 13395, 13699, 13701, 13728, 13729, 13633, 13658, 13664, 13678, 13859, 13863, 13882, 13865, 13868, 13869, 13870, 13265, 13234, 13232, 13229, 13212, 13209, 13213, 13208, 13217, 13171, 13172, 13170, 13089, 13092, 13090, 13106, 13109, 13113, 13108, 13117, 13119, 13124, 13291, 13269, 13276, 13274, 13277, 13280, 13279, 13281, 13285, 13283, 13284, 13282, 6470, 6464, 6465, 6463, 6473, 6476, 6478, 6474, 6461, 6460, 6505, 6508, 6490, 6371, 6372, 6484, 6487, 6486, 6488, 6381, 6374, 6378, 6379, 6492, 6496, 6499, 6498, 6273, 6274, 6500, 6281, 6280, 6278, 6277, 6976, 6966, 6965, 6964, 6951, 6947, 6950, 6952, 6984, 6944, 6946, 6987, 6879, 6880, 6881, 6977, 6868, 6842, 6841, 6826, 6800, 6798, 6795, 5780, 5779, 5744, 5755, 5730, 5725, 5704, 5699, 5697, 5474, 5472, 5469, 5612, 5609, 5605, 5591, 5586, 5364]",0.04782499998691492,success,,149.96795899023675,165.04943718370038,10.901402802832525,14.161798318272409,60.00000000000004,22.67735955152996
stl_midamerica_to_st_louis_lambert_2026-03-09_0029,midamerica_to_st_louis_lambert,MidAmerica to St. Louis Lambert,MidAmerica St. Louis Airport,St. Louis Lambert International Airport,38.5451731,-89.8351856,38.7486982,-90.3700257,2026-03-09,March 9th - Monday,w_0029,0.0,0.2,0.7,0.1,187,"[8877, 8880, 8902, 8917, 8943, 8947, 8951, 9043, 9047, 9051, 9252, 9279, 9303, 9304, 9309, 9334, 9339, 9342, 9549, 9554, 9557, 9571, 9588, 9610, 9596, 9618, 11825, 11830, 11844, 11847, 11851, 11885, 11891, 12094, 12100, 11987, 12208, 12142, 12216, 12150, 12235, 12177, 12241, 12258, 12259, 12263, 12591, 12545, 12596, 12553, 12615, 12618, 13350, 13352, 13354, 13359, 13374, 13390, 13392, 13395, 13699, 13701, 13728, 13729, 13633, 13658, 13664, 13678, 13859, 13863, 13882, 13865, 13868, 13869, 13870, 13265, 13234, 13232, 13229, 13212, 13209, 13213, 13208, 13217, 13171, 13172, 13170, 13089, 13092, 13090, 13106, 13109, 13113, 13108, 13117, 13119, 13124, 13291, 13269, 13276, 13274, 13277, 13280, 13279, 13281, 13285, 13283, 13284, 13282, 6470, 6464, 6465, 6463, 6473, 6476, 6478, 6474, 6461, 6460, 6505, 6508, 6490, 6371, 6372, 6484, 6487, 6486, 6488, 6381, 6374, 6378, 6379, 6492, 6496, 6499, 6498, 6273, 6274, 6500, 6281, 6280, 6278, 6277, 6976, 6966, 6965, 6964, 6951, 6947, 6950, 6952, 6984, 6944, 6946, 6987, 6879, 6880, 6881, 6977, 6978, 6872, 6867, 6853, 6828, 6829, 6827, 6717, 6715, 5784, 5783, 5761, 5758, 5733, 5728, 5726, 5713, 5707, 5698, 5695, 5472, 5469, 5612, 5609, 5605, 5591, 5586, 5364]",0.048436100012622774,success,,151.9190177343785,167.19670350512777,9.986802282778308,14.0610080193853,62.200000000000045,18.060066070125377
stl_midamerica_to_st_louis_lambert_2026-03-09_0030,midamerica_to_st_louis_lambert,MidAmerica to St. Louis Lambert,MidAmerica St. Louis Airport,St. Louis Lambert International Airport,38.5451731,-89.8351856,38.7486982,-90.3700257,2026-03-09,March 9th - Monday,w_0030,0.0,0.2,0.8,0.0,197,"[8877, 8874, 8860, 8887, 8889, 8914, 8916, 9014, 9018, 9020, 9031, 9246, 9249, 9275, 9266, 9293, 9296, 9299, 9417, 9329, 9630, 9542, 9637, 9560, 9660, 9608, 9684, 9686, 9706, 9708, 11918, 11923, 11943, 11944, 11949, 11951, 11981, 11984, 11987, 12208, 12142, 12216, 12150, 12235, 12177, 12241, 12258, 12259, 12263, 12591, 12545, 12596, 12553, 12615, 12618, 13350, 13352, 13354, 13359, 13374, 13390, 13392, 13395, 13699, 13701, 13728, 13729, 13633, 13658, 13664, 13678, 13859, 13863, 13882, 13865, 13868, 13869, 13870, 13265, 13234, 13232, 13229, 13212, 13209, 13213, 13208, 13217, 13171, 13172, 13170, 13089, 13092, 13090, 13106, 13109, 13113, 13108, 13117, 13119, 13124, 13291, 13269, 13276, 13274, 13277, 13280, 13279, 13281, 13285, 13283, 13284, 13282, 6470, 6464, 6465, 6463, 6473, 6476, 6478, 6474, 6461, 6460, 6505, 6508, 6490, 6371, 6372, 6484, 6487, 6486, 6488, 6381, 6374, 6378, 6379, 6492, 6496, 6499, 6498, 6273, 6274, 6500, 6281, 6280, 6278, 6277, 6976, 6966, 6965, 6964, 6951, 6947, 6950, 6952, 6984, 6944, 6946, 6987, 6879, 6880, 6881, 6977, 6978, 6979, 6981, 6883, 6882, 6859, 6857, 6764, 6762, 6763, 6765, 6746, 6745, 6733, 6708, 6704, 6701, 6699, 5761, 5758, 5733, 5728, 5726, 5713, 5707, 5698, 5695, 5472, 5469, 5612, 5609, 5605, 5591, 5586, 5364]",0.0496430000057444,success,,158.30566097048268,174.2256174058678,10.001737925126283,13.969926446174965,67.60000000000007,13.176288741965228
stl_midamerica_to_st_louis_lambert_2026-03-09_0031,midamerica_to_st_louis_lambert,MidAmerica to St. Louis Lambert,MidAmerica St. Louis Airport,St. Louis Lambert International Airport,38.5451731,-89.8351856,38.7486982,-90.3700257,2026-03-09,March 9th - Monday,w_0031,0.0,0.3,0.0,0.7,149,"[8877, 8880, 8902, 8917, 8943, 8947, 8951, 9043, 9047, 9051, 9252, 9279, 9303, 9304, 9311, 9334, 9339, 9341, 9540, 9545, 9559, 9563, 9566, 9612, 9613, 9705, 9621, 11919, 11843, 11925, 11883, 11949, 11951, 11981, 11984, 11987, 12115, 12121, 12145, 12149, 12164, 12165, 12171, 12477, 12502, 12504, 12527, 12528, 12334, 12346, 12353, 13411, 12364, 13432, 13437, 13451, 13457, 13459, 13486, 12907, 12910, 12935, 12939, 13153, 13189, 13190, 13191, 13173, 13171, 13172, 13170, 13089, 13091, 13090, 13081, 13083, 13080, 13082, 13100, 13099, 13095, 13069, 12967, 12740, 12741, 12743, 12722, 12723, 12947, 12960, 12975, 12980, 12979, 6406, 6410, 6433, 6435, 6449, 6475, 6478, 6474, 6461, 6455, 6453, 6430, 6334, 6310, 6307, 6302, 6300, 6301, 6313, 6288, 6289, 4874, 4872, 5970, 5971, 6196, 5974, 6191, 6193, 6225, 6218, 6222, 6220, 6216, 6894, 6892, 6887, 6889, 6073, 6067, 6052, 6048, 6029, 6004, 6002, 6514, 6513, 5661, 5657, 5636, 5623, 5619, 5384, 5592, 5586, 5364]",0.04523179997340776,success,,123.78743182781093,136.23607396647955,15.824251228904442,38.686978188692464,45.80000000000003,36.807275368671355
stl_midamerica_to_st_louis_lambert_2026-03-09_0032,midamerica_to_st_louis_lambert,MidAmerica to St. Louis Lambert,MidAmerica St. Louis Airport,St. Louis Lambert International Airport,38.5451731,-89.8351856,38.7486982,-90.3700257,2026-03-09,March 9th - Monday,w_0032,0.0,0.3,0.1,0.6,165,"[8877, 8880, 8902, 8917, 8943, 8947, 8951, 9043, 9047, 9051, 9252, 9279, 9303, 9304, 9309, 9334, 9339, 9342, 9549, 9554, 9557, 9571, 9588, 9610, 9596, 9618, 11825, 11830, 11844, 11847, 11851, 11885, 11891, 12094, 12100, 11987, 12208, 12142, 12216, 12150, 12235, 12177, 12241, 12258, 12259, 12263, 12591, 12545, 12596, 12553, 12615, 12618, 13350, 13352, 13354, 13359, 13374, 13390, 13392, 13395, 13699, 13701, 13728, 13729, 13633, 13658, 13664, 13678, 13859, 13863, 13882, 13865, 13868, 13869, 13870, 13265, 13234, 13232, 13229, 13212, 13209, 13213, 13208, 13217, 13171, 13172, 13170, 13089, 13092, 13090, 13106, 13109, 13113, 13108, 13117, 13103, 13097, 13073, 12971, 12968, 12974, 12989, 12999, 13003, 13004, 13036, 13010, 13011, 13008, 6438, 6441, 6465, 6463, 6473, 6475, 6478, 6474, 6461, 6460, 6456, 6454, 6341, 6340, 6365, 6352, 6482, 6486, 6488, 6381, 6374, 6378, 6379, 6492, 6496, 6499, 6498, 6273, 6271, 6269, 6261, 6257, 6220, 6216, 6894, 6896, 6893, 6889, 6073, 6067, 6052, 6048, 6029, 6004, 6002, 6514, 6513, 5661, 5657, 5636, 5623, 5619, 5384, 5592, 5586, 5364]",0.04672230000142008,success,,138.74946978369874,152.70276432065864,16.121979505373375,22.65791021625933,45.80000000000003,34.58238487323796
stl_midamerica_to_st_louis_lambert_2026-03-09_0033,midamerica_to_st_louis_lambert,MidAmerica to St. Louis Lambert,MidAmerica St. Louis Airport,St. Louis Lambert International Airport,38.5451731,-89.8351856,38.7486982,-90.3700257,2026-03-09,March 9th - Monday,w_0033,0.0,0.3,0.2,0.5,165,"[8877, 8880, 8902, 8917, 8943, 8947, 8951, 9043, 9047, 9051, 9252, 9279, 9303, 9304, 9309, 9334, 9339, 9342, 9549, 9554, 9557, 9571, 9588, 9610, 9596, 9618, 11825, 11830, 11844, 11847, 11851, 11885, 11891, 12094, 12100, 11987, 12208, 12142, 12216, 12150, 12235, 12177, 12241, 12258, 12259, 12263, 12591, 12545, 12596, 12553, 12615, 12618, 13350, 13352, 13354, 13359, 13374, 13390, 13392, 13395, 13699, 13701, 13728, 13729, 13633, 13658, 13664, 13678, 13859, 13863, 13882, 13865, 13868, 13869, 13870, 13265, 13234, 13232, 13229, 13212, 13209, 13213, 13208, 13217, 13171, 13172, 13170, 13089, 13092, 13090, 13106, 13109, 13113, 13108, 13117, 13119, 13124, 13291, 13269, 13276, 13274, 13277, 13280, 13279, 13281, 13285, 13283, 13284, 13282, 6470, 6464, 6465, 6463, 6473, 6475, 6478, 6474, 6461, 6460, 6456, 6454, 6341, 6340, 6365, 6352, 6482, 6486, 6488, 6381, 6374, 6378, 6379, 6492, 6496, 6499, 6498, 6273, 6271, 6269, 6261, 6257, 6220, 6216, 6894, 6892, 6887, 6063, 6069, 6054, 6051, 6047, 6026, 6001, 5999, 5663, 5659, 5656, 5632, 5622, 5621, 5615, 5380, 5588, 5362, 5364]",0.04642120000789873,success,,136.27848572312925,149.98328656532397,17.41325394979627,18.691999589385535,46.20000000000003,32.062376102816
stl_midamerica_to_st_louis_lambert_2026-03-09_0034,midamerica_to_st_louis_lambert,MidAmerica to St. Louis Lambert,MidAmerica St. Louis Airport,St. Louis Lambert International Airport,38.5451731,-89.8351856,38.7486982,-90.3700257,2026-03-09,March 9th - Monday,w_0034,0.0,0.3,0.3,0.4,165,"[8877, 8880, 8902, 8917, 8943, 8947, 8951, 9043, 9047, 9051, 9252, 9279, 9303, 9304, 9309, 9334, 9339, 9342, 9549, 9554, 9557, 9571, 9588, 9610, 9596, 9618, 11825, 11830, 11844, 11847, 11851, 11885, 11891, 12094, 12100, 11987, 12208, 12142, 12216, 12150, 12235, 12177, 12241, 12258, 12259, 12263, 12591, 12545, 12596, 12553, 12615, 12618, 13350, 13352, 13354, 13359, 13374, 13390, 13392, 13395, 13699, 13701, 13728, 13729, 13633, 13658, 13664, 13678, 13859, 13863, 13882, 13865, 13868, 13869, 13870, 13265, 13234, 13232, 13229, 13212, 13209, 13213, 13208, 13217, 13171, 13172, 13170, 13089, 13092, 13090, 13106, 13109, 13113, 13108, 13117, 13119, 13124, 13291, 13269, 13276, 13274, 13277, 13280, 13279, 13281, 13285, 13283, 13284, 13282, 6470, 6464, 6465, 6463, 6473, 6475, 6478, 6474, 6461, 6460, 6505, 6508, 6490, 6371, 6366, 6484, 6487, 6486, 6488, 6381, 6374, 6378, 6379, 6492, 6496, 6499, 6498, 6273, 6271, 6269, 6261, 6257, 6220, 6216, 6894, 6892, 6887, 6063, 6069, 6054, 6051, 6047, 6026, 6001, 5999, 5663, 5659, 5656, 5632, 5622, 5621, 5619, 5384, 5592, 5586, 5364]",0.05240990000311285,success,,136.13224060656057,149.82233435697862,18.02884339304162,17.92291368219498,46.20000000000003,29.265527122570994
stl_midamerica_to_st_louis_lambert_2026-03-09_0035,midamerica_to_st_louis_lambert,MidAmerica to St. Louis Lambert,MidAmerica St. Louis Airport,St. Louis Lambert International Airport,38.5451731,-89.8351856,38.7486982,-90.3700257,2026-03-09,March 9th - Monday,w_0035,0.0,0.3,0.4,0.3,167,"[8877, 8880, 8902, 8917, 8943, 8947, 8951, 9043, 9047, 9051, 9252, 9279, 9303, 9304, 9309, 9334, 9339, 9342, 9549, 9554, 9557, 9571, 9588, 9610, 9596, 9618, 11825, 11830, 11844, 11847, 11851, 11885, 11891, 12094, 12100, 11987, 12208, 12142, 12216, 12150, 12235, 12177, 12241, 12258, 12259, 12263, 12591, 12545, 12596, 12553, 12615, 12618, 13350, 13352, 13354, 13359, 13374, 13390, 13392, 13395, 13699, 13701, 13728, 13729, 13633, 13658, 13664, 13678, 13859, 13863, 13882, 13865, 13868, 13869, 13870, 13265, 13234, 13232, 13229, 13212, 13209, 13213, 13208, 13217, 13171, 13172, 13170, 13089, 13092, 13090, 13106, 13109, 13113, 13108, 13117, 13119, 13124, 13291, 13269, 13276, 13274, 13277, 13280, 13279, 13281, 13285, 13283, 13284, 13282, 6470, 6464, 6465, 6463, 6473, 6475, 6478, 6474, 6461, 6460, 6505, 6508, 6490, 6371, 6372, 6484, 6487, 6486, 6488, 6381, 6374, 6378, 6379, 6492, 6496, 6499, 6498, 6273, 6274, 6500, 6279, 6262, 6260, 6224, 6220, 6216, 6894, 6892, 6887, 6063, 6069, 6054, 6051, 6047, 6026, 6001, 5999, 5663, 5659, 5656, 5632, 5622, 5621, 5619, 5384, 5592, 5586, 5364]",0.047177799977362156,success,,137.41283786518525,151.23171445535522,18.184211898009735,16.78578904239039,47.400000000000034,26.389579186359086
stl_midamerica_to_st_louis_lambert_2026-03-09_0036,midamerica_to_st_louis_lambert,MidAmerica to St. Louis Lambert,MidAmerica St. Louis Airport,St. Louis Lambert International Airport,38.5451731,-89.8351856,38.7486982,-90.3700257,2026-03-09,March 9th - Monday,w_0036,0.0,0.3,0.5,0.2,184,"[8877, 8880, 8902, 8917, 8943, 8947, 8951, 9043, 9047, 9051, 9252, 9279, 9303, 9304, 9309, 9334, 9339, 9342, 9549, 9554, 9557, 9571, 9588, 9610, 9596, 9618, 11825, 11830, 11844, 11847, 11851, 11885, 11891, 12094, 12100, 11987, 12208, 12142, 12216, 12150, 12235, 12177, 12241, 12258, 12259, 12263, 12591, 12545, 12596, 12553, 12615, 12618, 13350, 13352, 13354, 13359, 13374, 13390, 13392, 13395, 13699, 13701, 13728, 13729, 13633, 13658, 13664, 13678, 13859, 13863, 13882, 13865, 13868, 13869, 13870, 13265, 13234, 13232, 13229, 13212, 13209, 13213, 13208, 13217, 13171, 13172, 13170, 13089, 13092, 13090, 13106, 13109, 13113, 13108, 13117, 13119, 13124, 13291, 13269, 13276, 13274, 13277, 13280, 13279, 13281, 13285, 13283, 13284, 13282, 6470, 6464, 6465, 6463, 6473, 6476, 6478, 6474, 6461, 6460, 6505, 6508, 6490, 6371, 6372, 6484, 6487, 6486, 6488, 6381, 6374, 6378, 6379, 6492, 6496, 6499, 6498, 6273, 6274, 6500, 6281, 6280, 6278, 6277, 6976, 6966, 6965, 6964, 6951, 6947, 6950, 6952, 6984, 6944, 6946, 6987, 6879, 6880, 6881, 6977, 6868, 6842, 6841, 6826, 6800, 6798, 6795, 5780, 5779, 5744, 5755, 5730, 5725, 5704, 5699, 5697, 5474, 5471, 5647, 5612, 5609, 5605, 5591, 5586, 5364]",0.04801159998169169,success,,149.43898113187115,164.46726284196944,10.282467308569384,14.438925628454864,60.00000000000004,22.304203006798254
stl_midamerica_to_st_louis_lambert_2026-03-09_0037,midamerica_to_st_louis_lambert,MidAmerica to St. Louis Lambert,MidAmerica St. Louis Airport,St. Louis Lambert International Airport,38.5451731,-89.8351856,38.7486982,-90.3700257,2026-03-09,March 9th - Monday,w_0037,0.0,0.3,0.6,0.1,187,"[8877, 8880, 8902, 8917, 8943, 8947, 8951, 9043, 9047, 9051, 9252, 9279, 9303, 9304, 9309, 9334, 9339, 9342, 9549, 9554, 9557, 9571, 9588, 9610, 9596, 9618, 11825, 11830, 11844, 11847, 11851, 11885, 11891, 12094, 12100, 11987, 12208, 12142, 12216, 12150, 12235, 12177, 12241, 12258, 12259, 12263, 12591, 12545, 12596, 12553, 12615, 12618, 13350, 13352, 13354, 13359, 13374, 13390, 13392, 13395, 13699, 13701, 13728, 13729, 13633, 13658, 13664, 13678, 13859, 13863, 13882, 13865, 13868, 13869, 13870, 13265, 13234, 13232, 13229, 13212, 13209, 13213, 13208, 13217, 13171, 13172, 13170, 13089, 13092, 13090, 13106, 13109, 13113, 13108, 13117, 13119, 13124, 13291, 13269, 13276, 13274, 13277, 13280, 13279, 13281, 13285, 13283, 13284, 13282, 6470, 6464, 6465, 6463, 6473, 6476, 6478, 6474, 6461, 6460, 6505, 6508, 6490, 6371, 6372, 6484, 6487, 6486, 6488, 6381, 6374, 6378, 6379, 6492, 6496, 6499, 6498, 6273, 6274, 6500, 6281, 6280, 6278, 6277, 6976, 6966, 6965, 6964, 6951, 6947, 6950, 6952, 6984, 6944, 6946, 6987, 6879, 6880, 6881, 6977, 6978, 6872, 6867, 6853, 6828, 6829, 6827, 6717, 6715, 5784, 5783, 5761, 5758, 5733, 5728, 5726, 5713, 5707, 5698, 5695, 5471, 5647, 5612, 5609, 5605, 5591, 5586, 5364]",0.04619200000888668,success,,151.91904527847709,167.19673381918955,9.367866788515167,14.338135329567756,62.200000000000045,17.63324123429521
stl_midamerica_to_st_louis_lambert_2026-03-09_0038,midamerica_to_st_louis_lambert,MidAmerica to St. Louis Lambert,MidAmerica St. Louis Airport,St. Louis Lambert International Airport,38.5451731,-89.8351856,38.7486982,-90.3700257,2026-03-09,March 9th - Monday,w_0038,0.0,0.3,0.7,0.0,197,"[8877, 8874, 8860, 8887, 8889, 8914, 8916, 9014, 9018, 9020, 9031, 9246, 9249, 9275, 9266, 9293, 9296, 9299, 9417, 9329, 9630, 9542, 9637, 9560, 9660, 9608, 9684, 9686, 9706, 9708, 11918, 11923, 11943, 11944, 11949, 11951, 11981, 11984, 11987, 12208, 12142, 12216, 12150, 12235, 12177, 12241, 12258, 12259, 12263, 12591, 12545, 12596, 12553, 12615, 12618, 13350, 13352, 13354, 13359, 13374, 13390, 13392, 13395, 13699, 13701, 13728, 13729, 13633, 13658, 13664, 13678, 13859, 13863, 13882, 13865, 13868, 13869, 13870, 13265, 13234, 13232, 13229, 13212, 13209, 13213, 13208, 13217, 13171, 13172, 13170, 13089, 13092, 13090, 13106, 13109, 13113, 13108, 13117, 13119, 13124, 13291, 13269, 13276, 13274, 13277, 13280, 13279, 13281, 13285, 13283, 13284, 13282, 6470, 6464, 6465, 6463, 6473, 6476, 6478, 6474, 6461, 6460, 6505, 6508, 6490, 6371, 6372, 6484, 6487, 6486, 6488, 6381, 6374, 6378, 6379, 6492, 6496, 6499, 6498, 6273, 6274, 6500, 6281, 6280, 6278, 6277, 6976, 6966, 6965, 6964, 6951, 6947, 6950, 6952, 6984, 6944, 6946, 6987, 6879, 6880, 6881, 6977, 6978, 6979, 6981, 6883, 6882, 6859, 6857, 6764, 6762, 6763, 6765, 6746, 6745, 6733, 6708, 6704, 6701, 6699, 5761, 5758, 5733, 5728, 5726, 5713, 5707, 5698, 5695, 5472, 5469, 5612, 5609, 5605, 5591, 5586, 5364]",0.047755999985383824,success,,158.30566097048268,174.2256174058678,10.001737925126283,13.969926446174965,67.60000000000007,12.779469889860358
stl_midamerica_to_st_louis_lambert_2026-03-09_0039,midamerica_to_st_louis_lambert,MidAmerica to St. Louis Lambert,MidAmerica St. Louis Airport,St. Louis Lambert International Airport,38.5451731,-89.8351856,38.7486982,-90.3700257,2026-03-09,March 9th - Monday,w_0039,0.0,0.4,0.0,0.6,149,"[8877, 8880, 8902, 8917, 8943, 8947, 8951, 9043, 9047, 9051, 9252, 9279, 9303, 9304, 9311, 9334, 9339, 9341, 9540, 9545, 9559, 9563, 9566, 9612, 9613, 9705, 9621, 11919, 11843, 11925, 11883, 11949, 11951, 11981, 11984, 11987, 12115, 12121, 12145, 12149, 12164, 12165, 12171, 12477, 12502, 12504, 12527, 12528, 12334, 12346, 12353, 13411, 12364, 13432, 13437, 13451, 13457, 13459, 13486, 12907, 12910, 12935, 12939, 13153, 13189, 13190, 13191, 13173, 13171, 13172, 13170, 13089, 13091, 13090, 13081, 13083, 13080, 13082, 13100, 13099, 13095, 13069, 12967, 12740, 12741, 12743, 12722, 12723, 12947, 12960, 12975, 12980, 12979, 6406, 6410, 6433, 6435, 6449, 6475, 6472, 6451, 6457, 6431, 6427, 6425, 6311, 6306, 6307, 6302, 6300, 6301, 6313, 6288, 6289, 4874, 4872, 5970, 5971, 6196, 5974, 6191, 6193, 6225, 6218, 6222, 6220, 6216, 6894, 6892, 6887, 6889, 6073, 6067, 6052, 6048, 6029, 6004, 6002, 6514, 6513, 5661, 5657, 5636, 5623, 5619, 5384, 5592, 5586, 5364]",0.046046200004639104,success,,123.33169097241431,135.73450168269775,14.922231114210343,40.82236286993408,46.400000000000034,33.80889244568416
stl_midamerica_to_st_louis_lambert_2026-03-09_0040,midamerica_to_st_louis_lambert,MidAmerica to St. Louis Lambert,MidAmerica St. Louis Airport,St. Louis Lambert International Airport,38.5451731,-89.8351856,38.7486982,-90.3700257,2026-03-09,March 9th - Monday,w_0040,0.0,0.4,0.1,0.5,165,"[8877, 8880, 8902, 8917, 8943, 8947, 8951, 9043, 9047, 9051, 9252, 9279, 9303, 9304, 9309, 9334, 9339, 9342, 9549, 9554, 9557, 9571, 9588, 9610, 9596, 9618, 11825, 11830, 11844, 11847, 11851, 11885, 11891, 12094, 12100, 11987, 12208, 12142, 12216, 12150, 12235, 12177, 12241, 12258, 12259, 12263, 12591, 12545, 12596, 12553, 12615, 12618, 13350, 13352, 13354, 13359, 13374, 13390, 13392, 13395, 13699, 13701, 13728, 13729, 13633, 13658, 13664, 13678, 13859, 13863, 13882, 13865, 13868, 13869, 13870, 13265, 13234, 13232, 13229, 13212, 13209, 13213, 13208, 13217, 13171, 13172, 13170, 13089, 13092, 13090, 13106, 13109, 13113, 13108, 13117, 13103, 13097, 13073, 12971, 12968, 12974, 12989, 12999, 13003, 13004, 13036, 13010, 13011, 13008, 6438, 6441, 6465, 6463, 6473, 6475, 6478, 6474, 6461, 6460, 6456, 6454, 6341, 6340, 6365, 6352, 6482, 6486, 6488, 6381, 6374, 6378, 6379, 6492, 6496, 6499, 6498, 6273, 6271, 6269, 6261, 6257, 6220, 6216, 6894, 6896, 6893, 6889, 6073, 6067, 6052, 6048, 6029, 6004, 6002, 6514, 6513, 5661, 5657, 5636, 5623, 5619, 5384, 5592, 5586, 5364]",0.04717870001331903,success,,138.74946978369874,152.70276432065864,16.121979505373375,22.65791021625933,45.80000000000003,31.6145828237753
stl_midamerica_to_st_louis_lambert_2026-03-09_0041,midamerica_to_st_louis_lambert,MidAmerica to St. Louis Lambert,MidAmerica St. Louis Airport,St. Louis Lambert International Airport,38.5451731,-89.8351856,38.7486982,-90.3700257,2026-03-09,March 9th - Monday,w_0041,0.0,0.4,0.2,0.4,166,"[8877, 8880, 8902, 8917, 8943, 8947, 8951, 9043, 9047, 9051, 9252, 9279, 9303, 9304, 9309, 9334, 9339, 9342, 9549, 9554, 9557, 9571, 9588, 9610, 9596, 9618, 11825, 11830, 11844, 11847, 11851, 11885, 11891, 12094, 12100, 11987, 12208, 12142, 12216, 12150, 12235, 12177, 12241, 12258, 12259, 12263, 12591, 12545, 12596, 12553, 12615, 12618, 13350, 13352, 13354, 13359, 13374, 13390, 13392, 13395, 13699, 13701, 13728, 13729, 13633, 13658, 13664, 13678, 13859, 13863, 13882, 13865, 13868, 13869, 13870, 13265, 13234, 13232, 13229, 13212, 13209, 13213, 13208, 13217, 13171, 13172, 13170, 13089, 13092, 13090, 13106, 13109, 13113, 13108, 13117, 13119, 13124, 13291, 13269, 13276, 13274, 13277, 13280, 13279, 13281, 13285, 13283, 13284, 13282, 6470, 6464, 6465, 6463, 6473, 6475, 6478, 6474, 6461, 6460, 6456, 6454, 6341, 6340, 6365, 6352, 6482, 6486, 6488, 6381, 6374, 6378, 6379, 6492, 6496, 6499, 6498, 6273, 6271, 6269, 6261, 6257, 6220, 6216, 6894, 6896, 6893, 6889, 6073, 6067, 6054, 6051, 6047, 6026, 6001, 5999, 5663, 5659, 5656, 5632, 5622, 5621, 5615, 5380, 5588, 5362, 5364]",0.04718799999682233,success,,136.65485072335687,150.39750058731553,16.260682694505604,19.48844126029632,46.80000000000003,29.12196132986152
stl_midamerica_to_st_louis_lambert_2026-03-09_0042,midamerica_to_st_louis_lambert,MidAmerica to St. Louis Lambert,MidAmerica St. Louis Airport,St. Louis Lambert International Airport,38.5451731,-89.8351856,38.7486982,-90.3700257,2026-03-09,March 9th - Monday,w_0042,0.0,0.4,0.3,0.3,184,"[8877, 8880, 8902, 8917, 8943, 8947, 8951, 9043, 9047, 9051, 9252, 9279, 9303, 9304, 9309, 9334, 9339, 9342, 9549, 9554, 9557, 9571, 9588, 9610, 9596, 9618, 11825, 11830, 11844, 11847, 11851, 11885, 11891, 12094, 12100, 11987, 12208, 12142, 12216, 12150, 12235, 12177, 12241, 12258, 12259, 12263, 12591, 12545, 12596, 12553, 12615, 12618, 13350, 13352, 13354, 13359, 13374, 13390, 13392, 13395, 13699, 13701, 13728, 13729, 13633, 13658, 13664, 13678, 13859, 13863, 13882, 13865, 13868, 13869, 13870, 13265, 13234, 13232, 13229, 13212, 13209, 13213, 13208, 13217, 13171, 13172, 13170, 13089, 13092, 13090, 13106, 13109, 13113, 13108, 13117, 13119, 13124, 13291, 13269, 13276, 13274, 13277, 13280, 13279, 13281, 13285, 13283, 13284, 13282, 6470, 6464, 6465, 6463, 6473, 6475, 6478, 6474, 6461, 6460, 6456, 6454, 6341, 6340, 6365, 6352, 6482, 6486, 6488, 6381, 6374, 6378, 6379, 6492, 6496, 6499, 6498, 6273, 6274, 6500, 6281, 6280, 6278, 6277, 6976, 6966, 6965, 6964, 6951, 6947, 6950, 6952, 6984, 6944, 6946, 6987, 6879, 6880, 6881, 6977, 6868, 6842, 6841, 6826, 6800, 6798, 6795, 5780, 5779, 5744, 5755, 5730, 5725, 5704, 5699, 5697, 5474, 5471, 5647, 5612, 5609, 5605, 5591, 5586, 5364]",0.047062300000106916,success,,149.76388293941105,164.82483829232228,8.742657757456342,15.787212750737975,60.00000000000004,26.23322692820394
stl_midamerica_to_st_louis_lambert_2026-03-09_0043,midamerica_to_st_louis_lambert,MidAmerica to St. Louis Lambert,MidAmerica St. Louis Airport,St. Louis Lambert International Airport,38.5451731,-89.8351856,38.7486982,-90.3700257,2026-03-09,March 9th - Monday,w_0043,0.0,0.4,0.4,0.2,186,"[8877, 8880, 8902, 8917, 8943, 8947, 8951, 9043, 9047, 9051, 9252, 9279, 9303, 9304, 9309, 9334, 9339, 9342, 9549, 9554, 9557, 9571, 9588, 9610, 9596, 9618, 11825, 11830, 11844, 11847, 11851, 11885, 11891, 12094, 12100, 11987, 12208, 12142, 12216, 12150, 12235, 12177, 12241, 12258, 12259, 12263, 12591, 12545, 12596, 12553, 12615, 12618, 13350, 13352, 13354, 13359, 13374, 13390, 13392, 13395, 13699, 13701, 13728, 13729, 13633, 13658, 13664, 13678, 13859, 13863, 13882, 13865, 13868, 13869, 13870, 13265, 13234, 13232, 13229, 13212, 13209, 13213, 13208, 13217, 13171, 13172, 13170, 13089, 13092, 13090, 13106, 13109, 13113, 13108, 13117, 13119, 13124, 13291, 13269, 13276, 13274, 13277, 13280, 13279, 13281, 13285, 13283, 13284, 13282, 6470, 6464, 6465, 6463, 6473, 6475, 6478, 6474, 6461, 6460, 6505, 6508, 6490, 6371, 6366, 6484, 6487, 6486, 6488, 6381, 6374, 6378, 6379, 6492, 6496, 6499, 6498, 6273, 6274, 6500, 6281, 6280, 6278, 6277, 6976, 6966, 6965, 6964, 6951, 6947, 6950, 6952, 6984, 6944, 6946, 6987, 6879, 6880, 6881, 6977, 6978, 6872, 6867, 6853, 6828, 6824, 6800, 6798, 6795, 5780, 5779, 5744, 5755, 5730, 5725, 5704, 5699, 5697, 5474, 5471, 5647, 5612, 5609, 5605, 5591, 5586, 5364]",0.047158900008071214,success,,150.66240829917868,165.81372355770475,8.513829312181674,15.150008506649261,61.200000000000045,21.705535127532386
stl_midamerica_to_st_louis_lambert_2026-03-09_0044,midamerica_to_st_louis_lambert,MidAmerica to St. Louis Lambert,MidAmerica St. Louis Airport,St. Louis Lambert International Airport,38.5451731,-89.8351856,38.7486982,-90.3700257,2026-03-09,March 9th - Monday,w_0044,0.0,0.4,0.5,0.1,187,"[8877, 8880, 8902, 8917, 8943, 8947, 8951, 9043, 9047, 9051, 9252, 9279, 9303, 9304, 9309, 9334, 9339, 9342, 9549, 9554, 9557, 9571, 9588, 9610, 9596, 9618, 11825, 11830, 11844, 11847, 11851, 11885, 11891, 12094, 12100, 11987, 12208, 12142, 12216, 12150, 12235, 12177, 12241, 12258, 12259, 12263, 12591, 12545, 12596, 12553, 12615, 12618, 13350, 13352, 13354, 13359, 13374, 13390, 13392, 13395, 13699, 13701, 13728, 13729, 13633, 13658, 13664, 13678, 13859, 13863, 13882, 13865, 13868, 13869, 13870, 13265, 13234, 13232, 13229, 13212, 13209, 13213, 13208, 13217, 13171, 13172, 13170, 13089, 13092, 13090, 13106, 13109, 13113, 13108, 13117, 13119, 13124, 13291, 13269, 13276, 13274, 13277, 13280, 13279, 13281, 13285, 13283, 13284, 13282, 6470, 6464, 6465, 6463, 6473, 6475, 6478, 6474, 6461, 6460, 6505, 6508, 6490, 6371, 6366, 6484, 6487, 6486, 6488, 6381, 6374, 6378, 6379, 6492, 6496, 6499, 6498, 6273, 6274, 6500, 6281, 6280, 6278, 6277, 6976, 6966, 6965, 6964, 6951, 6947, 6950, 6952, 6984, 6944, 6946, 6987, 6879, 6880, 6881, 6977, 6978, 6872, 6867, 6853, 6828, 6829, 6827, 6717, 6715, 5784, 5783, 5761, 5758, 5733, 5728, 5726, 5713, 5707, 5698, 5695, 5471, 5647, 5612, 5609, 5605, 5591, 5586, 5364]",0.04697850000229664,success,,152.0975352342296,167.39317355830624,8.391050390917522,14.98379889839104,62.200000000000045,17.068319605562536
stl_midamerica_to_st_louis_lambert_2026-03-09_0045,midamerica_to_st_louis_lambert,MidAmerica to St. Louis Lambert,MidAmerica St. Louis Airport,St. Louis Lambert International Airport,38.5451731,-89.8351856,38.7486982,-90.3700257,2026-03-09,March 9th - Monday,w_0045,0.0,0.4,0.6,0.0,197,"[8877, 8874, 8860, 8887, 8889, 8914, 8916, 9014, 9018, 9020, 9031, 9246, 9249, 9275, 9266, 9293, 9296, 9299, 9417, 9329, 9630, 9542, 9637, 9560, 9660, 9608, 9684, 9686, 9706, 9708, 11918, 11923, 11943, 11944, 11949, 11951, 11981, 11984, 11987, 12208, 12142, 12216, 12150, 12235, 12177, 12241, 12258, 12259, 12263, 12591, 12545, 12596, 12553, 12615, 12618, 13350, 13352, 13354, 13359, 13374, 13390, 13392, 13395, 13699, 13701, 13728, 13729, 13633, 13658, 13664, 13678, 13859, 13863, 13882, 13865, 13868, 13869, 13870, 13265, 13234, 13232, 13229, 13212, 13209, 13213, 13208, 13217, 13171, 13172, 13170, 13089, 13092, 13090, 13106, 13109, 13113, 13108, 13117, 13119, 13124, 13291, 13269, 13276, 13274, 13277, 13280, 13279, 13281, 13285, 13283, 13284, 13282, 6470, 6464, 6465, 6463, 6473, 6475, 6478, 6474, 6461, 6460, 6505, 6508, 6490, 6371, 6372, 6484, 6487, 6486, 6488, 6381, 6374, 6378, 6379, 6492, 6496, 6499, 6498, 6273, 6274, 6500, 6281, 6280, 6278, 6277, 6976, 6966, 6965, 6964, 6951, 6947, 6950, 6952, 6984, 6944, 6946, 6987, 6879, 6880, 6881, 6977, 6978, 6979, 6981, 6883, 6882, 6859, 6857, 6764, 6762, 6763, 6765, 6746, 6745, 6733, 6708, 6704, 6701, 6699, 5761, 5758, 5733, 5728, 5726, 5713, 5707, 5698, 5695, 5471, 5647, 5612, 5609, 5605, 5591, 5586, 5364]",0.04485880001448095,success,,158.2986195288035,174.2178678439352,8.551675376295337,14.779053694539087,67.60000000000007,12.288102367241589
stl_midamerica_to_st_louis_lambert_2026-03-09_0046,midamerica_to_st_louis_lambert,MidAmerica to St. Louis Lambert,MidAmerica St. Louis Airport,St. Louis Lambert International Airport,38.5451731,-89.8351856,38.7486982,-90.3700257,2026-03-09,March 9th - Monday,w_0046,0.0,0.5,0.0,0.5,150,"[8877, 8880, 8902, 8917, 8943, 8947, 8951, 9043, 9047, 9051, 9252, 9279, 9303, 9304, 9311, 9334, 9339, 9341, 9540, 9545, 9559, 9563, 9566, 9612, 9613, 9705, 9621, 11919, 11843, 11925, 11883, 11949, 11951, 11981, 11984, 11987, 12115, 12121, 12145, 12149, 12164, 12165, 12171, 12477, 12502, 12504, 12527, 12528, 12334, 12346, 12353, 13411, 12364, 13432, 13437, 13451, 13457, 13459, 13486, 12907, 12910, 12935, 12939, 13153, 13189, 13190, 13191, 13173, 13171, 13172, 13170, 13089, 13091, 13090, 13081, 13083, 13080, 13082, 13100, 13099, 13095, 13069, 12967, 12740, 12741, 12743, 12722, 12723, 12947, 12960, 12975, 12980, 12979, 6391, 6388, 6164, 6161, 6166, 6132, 6128, 6127, 6119, 6118, 11601, 4791, 4764, 4761, 4758, 4713, 4709, 4706, 4480, 4689, 4473, 4470, 4434, 4366, 4344, 4341, 4327, 4314, 4309, 4308, 3982, 3978, 3976, 3941, 4043, 4066, 4067, 4068, 4185, 4187, 4188, 4076, 4075, 4082, 4084, 5080, 5084, 5310, 5311, 5337, 5320, 5322, 5323, 5346, 5357, 5358, 5364]",0.0459102000168059,success,,125.25875002886495,137.85535479577933,10.304421648559991,40.59287998699985,50.400000000000034,30.352210824280014
stl_midamerica_to_st_louis_lambert_2026-03-09_0047,midamerica_to_st_louis_lambert,MidAmerica to St. Louis Lambert,MidAmerica St. Louis Airport,St. Louis Lambert International Airport,38.5451731,-89.8351856,38.7486982,-90.3700257,2026-03-09,March 9th - Monday,w_0047,0.0,0.5,0.1,0.4,166,"[8877, 8880, 8902, 8917, 8943, 8947, 8951, 9043, 9047, 9051, 9252, 9279, 9303, 9304, 9309, 9334, 9339, 9342, 9549, 9554, 9557, 9571, 9588, 9610, 9596, 9618, 11825, 11830, 11844, 11847, 11851, 11885, 11891, 12094, 12100, 11987, 12208, 12142, 12216, 12150, 12235, 12177, 12241, 12258, 12259, 12263, 12591, 12545, 12596, 12553, 12615, 12618, 13350, 13352, 13354, 13359, 13374, 13390, 13392, 13395, 13699, 13701, 13728, 13729, 13633, 13658, 13664, 13678, 13859, 13863, 13882, 13865, 13868, 13869, 13870, 13265, 13234, 13232, 13229, 13212, 13209, 13213, 13208, 13217, 13171, 13172, 13170, 13089, 13092, 13090, 13106, 13109, 13113, 13108, 13117, 13103, 13097, 13073, 12971, 12744, 12969, 12985, 12950, 12946, 12945, 12729, 12730, 12703, 12699, 6136, 6140, 6104, 6100, 6113, 6112, 6107, 6094, 11597, 11599, 11595, 4763, 4756, 4733, 4730, 4707, 4482, 4706, 4480, 4689, 4473, 4470, 4434, 4366, 4344, 4341, 4327, 4314, 4309, 4308, 3982, 3978, 3976, 3941, 4043, 4066, 4041, 4044, 4052, 4187, 4188, 4076, 4075, 4082, 4084, 5080, 5084, 5310, 5311, 5337, 5320, 5322, 5323, 5346, 5357, 5358, 5364]",0.04623350000474602,success,,141.56729903273387,155.80396763611677,10.153002487112408,30.34550568663314,51.000000000000036,28.511051812219534
stl_midamerica_to_st_louis_lambert_2026-03-09_0048,midamerica_to_st_louis_lambert,MidAmerica to St. Louis Lambert,MidAmerica St. Louis Airport,St. Louis Lambert International Airport,38.5451731,-89.8351856,38.7486982,-90.3700257,2026-03-09,March 9th - Monday,w_0048,0.0,0.5,0.2,0.3,186,"[8877, 8880, 8902, 8917, 8943, 8947, 8951, 9043, 9047, 9051, 9252, 9279, 9303, 9304, 9309, 9334, 9339, 9342, 9549, 9554, 9557, 9571, 9588, 9610, 9596, 9618, 11825, 11830, 11844, 11847, 11851, 11885, 11891, 12094, 12100, 11987, 12208, 12142, 12216, 12150, 12235, 12177, 12241, 12258, 12259, 12263, 12591, 12545, 12596, 12553, 12615, 12618, 13350, 13352, 13354, 13359, 13374, 13390, 13392, 13395, 13699, 13701, 13728, 13729, 13633, 13658, 13664, 13678, 13859, 13863, 13882, 13865, 13868, 13869, 13870, 13265, 13234, 13232, 13229, 13212, 13209, 13213, 13208, 13217, 13171, 13172, 13170, 13089, 13092, 13090, 13106, 13109, 13113, 13108, 13117, 13119, 13124, 13291, 13269, 13276, 13274, 13277, 13280, 13279, 13281, 13285, 13283, 13284, 13282, 6470, 6464, 6465, 6463, 6473, 6475, 6472, 6474, 6461, 6460, 6456, 6454, 6341, 6340, 6365, 6352, 6482, 6486, 6488, 6381, 6374, 6378, 6379, 6492, 6496, 6499, 6498, 6273, 6274, 6500, 6281, 6280, 6278, 6277, 6976, 6966, 6965, 6964, 6969, 6971, 6954, 6952, 6984, 6944, 6946, 6987, 6879, 6880, 6881, 6977, 6978, 6872, 6867, 6853, 6828, 6824, 6800, 6798, 6795, 5780, 5779, 5744, 5755, 5730, 5725, 5704, 5699, 5697, 5474, 5471, 5647, 5612, 5608, 5594, 5591, 5586, 5364]",0.047734899999340996,success,,149.72970868706034,164.7872273175872,6.959820045311819,16.894712842665598,61.80000000000005,25.39885259118904
stl_midamerica_to_st_louis_lambert_2026-03-09_0049,midamerica_to_st_louis_lambert,MidAmerica to St. Louis Lambert,MidAmerica St. Louis Airport,St. Louis Lambert International Airport,38.5451731,-89.8351856,38.7486982,-90.3700257,2026-03-09,March 9th - Monday,w_0049,0.0,0.5,0.3,0.2,186,"[8877, 8880, 8902, 8917, 8943, 8947, 8951, 9043, 9047, 9051, 9252, 9279, 9303, 9304, 9309, 9334, 9339, 9342, 9549, 9554, 9557, 9571, 9588, 9610, 9596, 9618, 11825, 11830, 11844, 11847, 11851, 11885, 11891, 12094, 12100, 11987, 12208, 12142, 12216, 12150, 12235, 12177, 12241, 12258, 12259, 12263, 12591, 12545, 12596, 12553, 12615, 12618, 13350, 13352, 13354, 13359, 13374, 13390, 13392, 13395, 13699, 13701, 13728, 13729, 13633, 13658, 13664, 13678, 13859, 13863, 13882, 13865, 13868, 13869, 13870, 13265, 13234, 13232, 13229, 13212, 13209, 13213, 13208, 13217, 13171, 13172, 13170, 13089, 13092, 13090, 13106, 13109, 13113, 13108, 13117, 13119, 13124, 13291, 13269, 13276, 13274, 13277, 13280, 13279, 13281, 13285, 13283, 13284, 13282, 6470, 6464, 6465, 6463, 6473, 6475, 6472, 6474, 6461, 6460, 6456, 6454, 6341, 6340, 6365, 6352, 6482, 6486, 6488, 6381, 6374, 6378, 6379, 6492, 6496, 6499, 6498, 6273, 6274, 6500, 6281, 6280, 6278, 6277, 6976, 6966, 6965, 6964, 6951, 6947, 6950, 6952, 6984, 6944, 6946, 6987, 6879, 6880, 6881, 6977, 6978, 6872, 6867, 6853, 6828, 6824, 6800, 6798, 6795, 5780, 5779, 5744, 5755, 5730, 5725, 5704, 5699, 5697, 5474, 5471, 5647, 5612, 5609, 5605, 5591, 5586, 5364]",0.04714879998937249,success,,150.35337303868766,165.47361026845687,7.1197091040984635,16.54319531202509,61.80000000000005,20.88281314565677
stl_midamerica_to_st_louis_lambert_2026-03-09_0050,midamerica_to_st_louis_lambert,MidAmerica to St. Louis Lambert,MidAmerica St. Louis Airport,St. Louis Lambert International Airport,38.5451731,-89.8351856,38.7486982,-90.3700257,2026-03-09,March 9th - Monday,w_0050,0.0,0.5,0.4,0.1,188,"[8877, 8880, 8902, 8917, 8943, 8947, 8951, 9043, 9047, 9051, 9252, 9279, 9303, 9304, 9309, 9334, 9339, 9342, 9549, 9554, 9557, 9571, 9588, 9610, 9596, 9618, 11825, 11830, 11844, 11847, 11851, 11885, 11891, 12094, 12100, 11987, 12208, 12142, 12216, 12150, 12235, 12177, 12241, 12258, 12259, 12263, 12591, 12545, 12596, 12553, 12615, 12618, 13350, 13352, 13354, 13359, 13374, 13390, 13392, 13395, 13699, 13701, 13728, 13729, 13633, 13658, 13664, 13678, 13859, 13863, 13882, 13865, 13868, 13869, 13870, 13265, 13234, 13232, 13229, 13212, 13209, 13213, 13208, 13217, 13171, 13172, 13170, 13089, 13092, 13090, 13106, 13109, 13113, 13108, 13117, 13119, 13124, 13291, 13269, 13276, 13274, 13277, 13280, 13279, 13281, 13285, 13283, 13284, 13282, 6470, 6464, 6465, 6439, 6445, 6444, 6417, 6415, 6414, 6426, 6428, 6427, 6430, 6341, 6340, 6365, 6352, 6482, 6486, 6488, 6381, 6374, 6378, 6379, 6492, 6496, 6499, 6498, 6273, 6274, 6500, 6281, 6280, 6278, 6277, 6976, 6966, 6965, 6964, 6951, 6947, 6950, 6952, 6984, 6944, 6946, 6987, 6879, 6880, 6881, 6977, 6978, 6872, 6867, 6853, 6828, 6829, 6827, 6717, 6715, 5784, 5783, 5761, 5758, 5733, 5728, 5726, 5713, 5707, 5698, 5695, 5471, 5647, 5612, 5609, 5605, 5591, 5586, 5364]",0.045125999982701614,success,,153.23285366833974,168.64266491523247,6.702147485836767,16.514456659399322,63.40000000000005,16.296856406678117
stl_midamerica_to_st_louis_lambert_2026-03-09_0051,midamerica_to_st_louis_lambert,MidAmerica to St. Louis Lambert,MidAmerica St. Louis Airport,St. Louis Lambert International Airport,38.5451731,-89.8351856,38.7486982,-90.3700257,2026-03-09,March 9th - Monday,w_0051,0.0,0.5,0.5,0.0,199,"[8877, 8874, 8860, 8887, 8889, 8914, 8916, 9014, 9018, 9020, 9031, 9246, 9249, 9275, 9266, 9293, 9296, 9299, 9417, 9329, 9630, 9542, 9637, 9560, 9660, 9608, 9684, 9686, 9706, 9708, 11918, 11923, 11943, 11944, 11949, 11951, 11981, 11984, 11987, 12208, 12142, 12216, 12150, 12235, 12177, 12241, 12258, 12259, 12263, 12591, 12545, 12596, 12553, 12615, 12618, 13350, 13352, 13354, 13359, 13374, 13390, 13392, 13395, 13699, 13701, 13728, 13729, 13633, 13658, 13664, 13678, 13859, 13863, 13882, 13865, 13868, 13869, 13870, 13265, 13234, 13232, 13229, 13212, 13209, 13213, 13208, 13217, 13171, 13172, 13170, 13089, 13092, 13090, 13106, 13109, 13113, 13108, 13117, 13119, 13124, 13291, 13269, 13276, 13274, 13277, 13280, 13279, 13281, 13285, 13283, 13284, 13282, 6470, 6464, 6465, 6439, 6445, 6444, 6417, 6415, 6414, 6426, 6428, 6427, 6430, 6341, 6340, 6365, 6352, 6484, 6487, 6486, 6488, 6381, 6374, 6378, 6379, 6492, 6496, 6499, 6498, 6273, 6274, 6500, 6281, 6280, 6278, 6277, 6976, 6966, 6965, 6964, 6951, 6947, 6950, 6952, 6984, 6944, 6946, 6987, 6879, 6880, 6881, 6977, 6978, 6979, 6981, 6883, 6882, 6859, 6857, 6764, 6762, 6763, 6765, 6746, 6745, 6733, 6708, 6704, 6701, 6699, 5761, 5758, 5733, 5728, 5726, 5713, 5707, 5698, 5695, 5471, 5647, 5612, 5609, 5605, 5591, 5586, 5364]",0.04447519997484051,success,,160.001883711782,176.09242022611474,6.721922709153889,16.2772635923603,69.40000000000006,11.499593150757093
stl_midamerica_to_st_louis_lambert_2026-03-09_0052,midamerica_to_st_louis_lambert,MidAmerica to St. Louis Lambert,MidAmerica St. Louis Airport,St. Louis Lambert International Airport,38.5451731,-89.8351856,38.7486982,-90.3700257,2026-03-09,March 9th - Monday,w_0052,0.0,0.6,0.0,0.4,150,"[8877, 8880, 8902, 8917, 8943, 8947, 8951, 9043, 9047, 9051, 9252, 9279, 9303, 9304, 9311, 9334, 9339, 9341, 9540, 9545, 9559, 9563, 9566, 9612, 9613, 9705, 9621, 11919, 11843, 11925, 11883, 11949, 11951, 11981, 11984, 11987, 12115, 12121, 12145, 12149, 12164, 12165, 12171, 12477, 12502, 12504, 12527, 12528, 12334, 12346, 12353, 13411, 12364, 13432, 13437, 13451, 13457, 13459, 13486, 12907, 12910, 12935, 12939, 13153, 13189, 13190, 13191, 13173, 13171, 13172, 13170, 13089, 13091, 13090, 13081, 13083, 13080, 13082, 13100, 13099, 13095, 13069, 12967, 12740, 12741, 12743, 12722, 12719, 12715, 12697, 12673, 12670, 12672, 6136, 6140, 6104, 6100, 6108, 6092, 6091, 6088, 11594, 11592, 11570, 4755, 4728, 4704, 4702, 4477, 4454, 4449, 4424, 4433, 4427, 4425, 4408, 4335, 4291, 4287, 4307, 4310, 4305, 3971, 3981, 3977, 3976, 3941, 4043, 4066, 4067, 4068, 4185, 4187, 4188, 4076, 4075, 4082, 4084, 5080, 5084, 5310, 5311, 5337, 5320, 5322, 5323, 5346, 5357, 5358, 5364]",0.044697899982566014,success,,124.71624154096402,137.25828912122904,9.893072708719073,41.091938721182125,51.000000000000036,26.335843625231462
stl_midamerica_to_st_louis_lambert_2026-03-09_0053,midamerica_to_st_louis_lambert,MidAmerica to St. Louis Lambert,MidAmerica St. Louis Airport,St. Louis Lambert International Airport,38.5451731,-89.8351856,38.7486982,-90.3700257,2026-03-09,March 9th - Monday,w_0053,0.0,0.6,0.1,0.3,186,"[8877, 8880, 8902, 8917, 8943, 8947, 8951, 9043, 9047, 9051, 9252, 9279, 9303, 9304, 9309, 9334, 9339, 9342, 9549, 9554, 9557, 9571, 9588, 9610, 9596, 9618, 11825, 11830, 11844, 11847, 11851, 11885, 11891, 12094, 12100, 11987, 12208, 12142, 12216, 12150, 12235, 12177, 12241, 12258, 12259, 12263, 12591, 12545, 12596, 12553, 12615, 12618, 13350, 13352, 13354, 13359, 13374, 13390, 13392, 13395, 13699, 13701, 13728, 13729, 13633, 13658, 13664, 13678, 13859, 13863, 13882, 13865, 13868, 13869, 13870, 13265, 13234, 13232, 13229, 13212, 13209, 13213, 13208, 13217, 13171, 13172, 13170, 13089, 13092, 13090, 13106, 13109, 13113, 13108, 13117, 13103, 13097, 13073, 12971, 12968, 12974, 12989, 12999, 13003, 13004, 13036, 13010, 13011, 13008, 6408, 6403, 6405, 6407, 6444, 6417, 6415, 6414, 6426, 6428, 6427, 6430, 6341, 6340, 6365, 6352, 6482, 6486, 6488, 6381, 6374, 6378, 6379, 6492, 6496, 6499, 6498, 6273, 6274, 6500, 6281, 6280, 6278, 6277, 6976, 6966, 6965, 6964, 6969, 6971, 6954, 6952, 6984, 6944, 6946, 6987, 6879, 6880, 6881, 6977, 6978, 6872, 6867, 6853, 6828, 6824, 6802, 6799, 6710, 5782, 5777, 5757, 5732, 5731, 5726, 5713, 5707, 5698, 5695, 5471, 5647, 5612, 5608, 5594, 5591, 5586, 5364]",0.04657989999395795,success,,153.26172829954695,168.67444331417664,5.97441102465183,18.634747405841168,62.40000000000005,24.168121355375227
stl_midamerica_to_st_louis_lambert_2026-03-09_0054,midamerica_to_st_louis_lambert,MidAmerica to St. Louis Lambert,MidAmerica St. Louis Airport,St. Louis Lambert International Airport,38.5451731,-89.8351856,38.7486982,-90.3700257,2026-03-09,March 9th - Monday,w_0054,0.0,0.6,0.2,0.2,186,"[8877, 8880, 8902, 8917, 8943, 8947, 8951, 9043, 9047, 9051, 9252, 9279, 9303, 9304, 9309, 9334, 9339, 9342, 9549, 9554, 9557, 9571, 9588, 9610, 9596, 9618, 11825, 11830, 11844, 11847, 11851, 11885, 11891, 12094, 12100, 11987, 12208, 12142, 12216, 12150, 12235, 12177, 12241, 12258, 12259, 12263, 12591, 12545, 12596, 12553, 12615, 12618, 13350, 13352, 13354, 13359, 13374, 13390, 13392, 13395, 13699, 13701, 13728, 13729, 13633, 13658, 13664, 13678, 13859, 13863, 13882, 13865, 13868, 13869, 13870, 13265, 13234, 13232, 13229, 13212, 13209, 13213, 13208, 13217, 13171, 13172, 13170, 13089, 13092, 13090, 13106, 13109, 13113, 13108, 13117, 13103, 13097, 13073, 12971, 12968, 12974, 12989, 12999, 13003, 13004, 13036, 13010, 13011, 13008, 6408, 6403, 6405, 6407, 6444, 6417, 6415, 6414, 6426, 6428, 6427, 6430, 6341, 6340, 6365, 6352, 6482, 6486, 6488, 6381, 6374, 6378, 6379, 6492, 6496, 6499, 6498, 6273, 6274, 6500, 6281, 6280, 6278, 6277, 6976, 6966, 6965, 6964, 6969, 6971, 6954, 6952, 6984, 6944, 6946, 6987, 6879, 6880, 6881, 6977, 6978, 6872, 6867, 6853, 6828, 6824, 6800, 6798, 6795, 5780, 5779, 5744, 5755, 5730, 5725, 5704, 5699, 5697, 5474, 5471, 5647, 5612, 5608, 5594, 5591, 5586, 5364]",0.04520380002213642,success,,152.73248487074423,168.09197669500537,6.039996979173855,18.392345534634917,62.40000000000005,19.782467294431306
stl_midamerica_to_st_louis_lambert_2026-03-09_0055,midamerica_to_st_louis_lambert,MidAmerica to St. Louis Lambert,MidAmerica St. Louis Airport,St. Louis Lambert International Airport,38.5451731,-89.8351856,38.7486982,-90.3700257,2026-03-09,March 9th - Monday,w_0055,0.0,0.6,0.3,0.1,188,"[8877, 8880, 8902, 8917, 8943, 8947, 8951, 9043, 9047, 9051, 9252, 9279, 9303, 9304, 9309, 9334, 9339, 9342, 9549, 9554, 9557, 9571, 9588, 9610, 9596, 9618, 11825, 11830, 11844, 11847, 11851, 11885, 11891, 12094, 12100, 11987, 12208, 12142, 12216, 12150, 12235, 12177, 12241, 12258, 12259, 12263, 12591, 12545, 12596, 12553, 12615, 12618, 13350, 13352, 13354, 13359, 13374, 13390, 13392, 13395, 13699, 13701, 13728, 13729, 13633, 13658, 13664, 13678, 13859, 13863, 13882, 13865, 13868, 13869, 13870, 13265, 13234, 13232, 13229, 13212, 13209, 13213, 13208, 13217, 13171, 13172, 13170, 13089, 13092, 13090, 13106, 13109, 13113, 13108, 13117, 13119, 13124, 13291, 13269, 13276, 13274, 13277, 13280, 13279, 13281, 13285, 13283, 13284, 13282, 6470, 6464, 6465, 6439, 6445, 6444, 6417, 6415, 6414, 6426, 6428, 6427, 6430, 6341, 6340, 6365, 6352, 6482, 6486, 6488, 6381, 6374, 6378, 6379, 6492, 6496, 6499, 6498, 6273, 6274, 6500, 6281, 6280, 6278, 6277, 6976, 6966, 6965, 6964, 6951, 6947, 6950, 6952, 6984, 6944, 6946, 6987, 6879, 6880, 6881, 6977, 6978, 6872, 6867, 6853, 6828, 6829, 6827, 6717, 6715, 5784, 5783, 5761, 5758, 5733, 5728, 5726, 5713, 5707, 5698, 5695, 5471, 5647, 5612, 5608, 5594, 5591, 5586, 5364]",0.04447890000301413,success,,152.70398144775163,168.06060683470716,6.686652794804902,16.540289825027813,63.40000000000005,15.314078624391291
stl_midamerica_to_st_louis_lambert_2026-03-09_0056,midamerica_to_st_louis_lambert,MidAmerica to St. Louis Lambert,MidAmerica St. Louis Airport,St. Louis Lambert International Airport,38.5451731,-89.8351856,38.7486982,-90.3700257,2026-03-09,March 9th - Monday,w_0056,0.0,0.6,0.4,0.0,194,"[8877, 8874, 8860, 8887, 8889, 8914, 8916, 9014, 9018, 9020, 9031, 9246, 9249, 9275, 9266, 9293, 9296, 9299, 9417, 9329, 9630, 9542, 9637, 9560, 9660, 9608, 9684, 9686, 9706, 9708, 11918, 11923, 11943, 11944, 11949, 11951, 11981, 11984, 11987, 12208, 12142, 12216, 12150, 12235, 12177, 12241, 12258, 12259, 12263, 12591, 12545, 12596, 12553, 12615, 12618, 13350, 13352, 13354, 13359, 13374, 13390, 13392, 13395, 13699, 13701, 13728, 13729, 13633, 13658, 13664, 13678, 13859, 13863, 13882, 13865, 13868, 13869, 13870, 13265, 13234, 13232, 13229, 13212, 13209, 13213, 13208, 13217, 13171, 13172, 13170, 13089, 13092, 13090, 13106, 13109, 13113, 13108, 13117, 13119, 13124, 13291, 13269, 13276, 13274, 13277, 13280, 13279, 13281, 13285, 13283, 13284, 13282, 6470, 6464, 6465, 6439, 6445, 6444, 6417, 6415, 6414, 6426, 6428, 6427, 6430, 6341, 6340, 6365, 6352, 6484, 6487, 6486, 6488, 6381, 6374, 6378, 6379, 6492, 6496, 6499, 6498, 6273, 6274, 6500, 6281, 6280, 6278, 6277, 6976, 6966, 6965, 6964, 6951, 6947, 6950, 6952, 6984, 6944, 6946, 6987, 6879, 6880, 6881, 6977, 6978, 6872, 6867, 6853, 6828, 6829, 6831, 6735, 6732, 6716, 6712, 5784, 5783, 5761, 5758, 5733, 5728, 5726, 5713, 5707, 5698, 5695, 5471, 5647, 5612, 5609, 5605, 5591, 5586, 5364]",0.043078399990918115,success,,157.60684619101818,173.45652654924174,6.679957770254387,16.33796402873479,68.00000000000006,10.543160273646548
stl_midamerica_to_st_louis_lambert_2026-03-09_0057,midamerica_to_st_louis_lambert,MidAmerica to St. Louis Lambert,MidAmerica St. Louis Airport,St. Louis Lambert International Airport,38.5451731,-89.8351856,38.7486982,-90.3700257,2026-03-09,March 9th - Monday,w_0057,0.0,0.7,0.0,0.3,150,"[8877, 8880, 8902, 8917, 8943, 8947, 8951, 9043, 9047, 9051, 9252, 9279, 9303, 9304, 9311, 9334, 9339, 9341, 9540, 9545, 9559, 9563, 9566, 9612, 9613, 9705, 9621, 11919, 11843, 11925, 11883, 11949, 11951, 11981, 11984, 11987, 12115, 12121, 12145, 12149, 12164, 12165, 12171, 12477, 12502, 12504, 12527, 12528, 12334, 12346, 12353, 13411, 12364, 13432, 13437, 13451, 13457, 13459, 13486, 12907, 12910, 12935, 12939, 13153, 13189, 13190, 13191, 13173, 13171, 13172, 13170, 13089, 13091, 13090, 13081, 13083, 13080, 13082, 13100, 13099, 13095, 13069, 12967, 12740, 12741, 12743, 12722, 12719, 12715, 12697, 12673, 12670, 12672, 6136, 6140, 6104, 6100, 6108, 6092, 6091, 6088, 11594, 11592, 11570, 4755, 4728, 4704, 4702, 4477, 4454, 4449, 4424, 4433, 4427, 4425, 4408, 4335, 4291, 4287, 4307, 4310, 4305, 3971, 3981, 3977, 3976, 3941, 4043, 4066, 4067, 4068, 4185, 4187, 4188, 4076, 4075, 4082, 4084, 5080, 5084, 5310, 5311, 5337, 5320, 5322, 5323, 5346, 5357, 5358, 5364]",0.04459669999778271,success,,124.71624154096402,137.25828912122904,9.893072708719073,41.091938721182125,51.000000000000036,22.22515089610336
stl_midamerica_to_st_louis_lambert_2026-03-09_0058,midamerica_to_st_louis_lambert,MidAmerica to St. Louis Lambert,MidAmerica St. Louis Airport,St. Louis Lambert International Airport,38.5451731,-89.8351856,38.7486982,-90.3700257,2026-03-09,March 9th - Monday,w_0058,0.0,0.7,0.1,0.2,186,"[8877, 8880, 8902, 8917, 8943, 8947, 8951, 9043, 9047, 9051, 9252, 9279, 9303, 9304, 9309, 9334, 9339, 9342, 9549, 9554, 9557, 9571, 9588, 9610, 9596, 9618, 11825, 11830, 11844, 11847, 11851, 11885, 11891, 12094, 12100, 11987, 12208, 12142, 12216, 12150, 12235, 12177, 12241, 12258, 12259, 12263, 12591, 12545, 12596, 12553, 12615, 12618, 13350, 13352, 13354, 13359, 13374, 13390, 13392, 13395, 13699, 13701, 13728, 13729, 13633, 13658, 13664, 13678, 13859, 13863, 13882, 13865, 13868, 13869, 13870, 13265, 13234, 13232, 13229, 13212, 13209, 13213, 13208, 13217, 13171, 13172, 13170, 13089, 13092, 13090, 13106, 13109, 13113, 13108, 13117, 13103, 13097, 13073, 12971, 12744, 12969, 12985, 12950, 12952, 12996, 12983, 13005, 13011, 13008, 6408, 6403, 6405, 6407, 6444, 6417, 6415, 6414, 6426, 6428, 6427, 6430, 6341, 6340, 6365, 6352, 6482, 6486, 6488, 6381, 6374, 6378, 6379, 6492, 6496, 6499, 6498, 6273, 6274, 6500, 6281, 6280, 6278, 6277, 6976, 6966, 6965, 6964, 6969, 6971, 6954, 6952, 6984, 6944, 6946, 6987, 6879, 6880, 6881, 6977, 6978, 6872, 6867, 6853, 6828, 6824, 6802, 6799, 6710, 5782, 5777, 5757, 5732, 5731, 5726, 5713, 5707, 5698, 5695, 5471, 5647, 5612, 5608, 5594, 5591, 5586, 5364]",0.044801299984101206,success,,153.79535111304125,169.26172972941245,5.970425053824644,18.660580571469662,62.40000000000005,18.525355594824227
stl_midamerica_to_st_louis_lambert_2026-03-09_0059,midamerica_to_st_louis_lambert,MidAmerica to St. Louis Lambert,MidAmerica St. Louis Airport,St. Louis Lambert International Airport,38.5451731,-89.8351856,38.7486982,-90.3700257,2026-03-09,March 9th - Monday,w_0059,0.0,0.7,0.2,0.1,187,"[8877, 8880, 8902, 8917, 8943, 8947, 8951, 9043, 9047, 9051, 9252, 9279, 9303, 9304, 9309, 9334, 9339, 9342, 9549, 9554, 9557, 9571, 9588, 9610, 9596, 9618, 11825, 11830, 11844, 11847, 11851, 11885, 11891, 12094, 12100, 11987, 12208, 12142, 12216, 12150, 12235, 12177, 12241, 12258, 12259, 12263, 12591, 12545, 12596, 12553, 12615, 12618, 13350, 13352, 13354, 13359, 13374, 13390, 13392, 13395, 13699, 13701, 13728, 13729, 13633, 13658, 13664, 13678, 13859, 13863, 13882, 13865, 13868, 13869, 13870, 13265, 13234, 13232, 13229, 13212, 13209, 13213, 13208, 13217, 13171, 13172, 13170, 13089, 13092, 13090, 13106, 13109, 13113, 13108, 13117, 13103, 13097, 13073, 12971, 12968, 12974, 12989, 12999, 13003, 13004, 13036, 13010, 13011, 13008, 6408, 6403, 6405, 6407, 6444, 6417, 6415, 6414, 6426, 6428, 6427, 6430, 6341, 6340, 6365, 6352, 6482, 6486, 6488, 6381, 6374, 6378, 6379, 6492, 6496, 6499, 6498, 6273, 6274, 6500, 6281, 6280, 6278, 6277, 6976, 6966, 6965, 6964, 6969, 6971, 6954, 6952, 6984, 6944, 6946, 6987, 6879, 6880, 6881, 6977, 6978, 6872, 6867, 6853, 6828, 6829, 6827, 6717, 6715, 5784, 5783, 5761, 5758, 5733, 5728, 5726, 5713, 5707, 5698, 5695, 5471, 5647, 5612, 5608, 5594, 5591, 5586, 5364]",0.043161300010979176,success,,154.16761180579516,169.67142669560687,5.917218057909705,18.226135926376696,63.40000000000005,14.127279825812138
stl_midamerica_to_st_louis_lambert_2026-03-09_0060,midamerica_to_st_louis_lambert,MidAmerica to St. Louis Lambert,MidAmerica St. Louis Airport,St. Louis Lambert International Airport,38.5451731,-89.8351856,38.7486982,-90.3700257,2026-03-09,March 9th - Monday,w_0060,0.0,0.7,0.3,0.0,191,"[8877, 8874, 8860, 8887, 8889, 8914, 8916, 9014, 9018, 9020, 9031, 9246, 9249, 9275, 9266, 9293, 9296, 9299, 9417, 9329, 9630, 9542, 9637, 9560, 9660, 9608, 9684, 9686, 9706, 9708, 11918, 11923, 11943, 11944, 11949, 11951, 11981, 11984, 11987, 12208, 12142, 12216, 12150, 12235, 12177, 12241, 12258, 12259, 12263, 12591, 12545, 12596, 12553, 12615, 12618, 13350, 13352, 13354, 13359, 13374, 13390, 13392, 13395, 13699, 13701, 13728, 13729, 13633, 13658, 13664, 13678, 13859, 13863, 13882, 13865, 13868, 13869, 13870, 13265, 13234, 13232, 13229, 13212, 13209, 13213, 13208, 13217, 13171, 13172, 13170, 13089, 13092, 13090, 13106, 13109, 13113, 13108, 13117, 13103, 13097, 13073, 12971, 12968, 12974, 12989, 12999, 13003, 13004, 13036, 13010, 13011, 13008, 6408, 6403, 6405, 6407, 6419, 6417, 6415, 6414, 6426, 6428, 6427, 6430, 6341, 6340, 6365, 6352, 6484, 6487, 6486, 6488, 6381, 6374, 6378, 6379, 6492, 6496, 6499, 6498, 6273, 6274, 6500, 6281, 6280, 6278, 6277, 6976, 6966, 6965, 6964, 6969, 6971, 6954, 6952, 6984, 6944, 6946, 6987, 6879, 6880, 6881, 6977, 6978, 6872, 6867, 6853, 6828, 6829, 6827, 6717, 6715, 5784, 5783, 5761, 5758, 5733, 5728, 5726, 5713, 5707, 5698, 5695, 5471, 5647, 5612, 5608, 5594, 5591, 5586, 5364]",0.040813200001139194,success,,156.72473468885627,172.48570579562625,5.878242366767526,17.849853704732446,66.60000000000005,9.469725768157002
stl_midamerica_to_st_louis_lambert_2026-03-09_0061,midamerica_to_st_louis_lambert,MidAmerica to St. Louis Lambert,MidAmerica St. Louis Airport,St. Louis Lambert International Airport,38.5451731,-89.8351856,38.7486982,-90.3700257,2026-03-09,March 9th - Monday,w_0061,0.0,0.8,0.0,0.2,170,"[8877, 8880, 8902, 8917, 8943, 8947, 8951, 9043, 9047, 9051, 9252, 9279, 9303, 9304, 9311, 9334, 9339, 9341, 9540, 9545, 9559, 9563, 9566, 9612, 9613, 9705, 9621, 11919, 11843, 11925, 11883, 11949, 11951, 11981, 11984, 11987, 12115, 12121, 12145, 12149, 12164, 12165, 12171, 12477, 12502, 12504, 12527, 12528, 12334, 12346, 12353, 13411, 12364, 13432, 13437, 13451, 13457, 13459, 13486, 12907, 12910, 12935, 12939, 13153, 13189, 13190, 13191, 13173, 13171, 13172, 13170, 13089, 13091, 13090, 13081, 13083, 13080, 13082, 13100, 13099, 13095, 13069, 12967, 12740, 12741, 12743, 12722, 12723, 12947, 12960, 12975, 12980, 12979, 6406, 6403, 6405, 6407, 6444, 6417, 6415, 6414, 6426, 6423, 6424, 6333, 6308, 6303, 6307, 6302, 6300, 6301, 6313, 6288, 6289, 4874, 4872, 5970, 5971, 6196, 5974, 6191, 6193, 6225, 6218, 6222, 6220, 6224, 6959, 6962, 6961, 6964, 6969, 6967, 6954, 6952, 6939, 6940, 6943, 6850, 6848, 6849, 6851, 6977, 6871, 6872, 6867, 6853, 6828, 6824, 6802, 6799, 6710, 5782, 5777, 5757, 5732, 5731, 5726, 5713, 5707, 5698, 5695, 5471, 5468, 5434, 5431, 5430, 5425, 5589, 5364]",0.0457977999758441,success,,138.58768842049477,152.52471346817364,5.887282790132573,39.76504576436001,62.40000000000005,17.18982623210607
stl_midamerica_to_st_louis_lambert_2026-03-09_0062,midamerica_to_st_louis_lambert,MidAmerica to St. Louis Lambert,MidAmerica St. Louis Airport,St. Louis Lambert International Airport,38.5451731,-89.8351856,38.7486982,-90.3700257,2026-03-09,March 9th - Monday,w_0062,0.0,0.8,0.1,0.1,186,"[8877, 8880, 8902, 8917, 8943, 8947, 8951, 9043, 9047, 9051, 9252, 9279, 9303, 9304, 9309, 9334, 9339, 9342, 9549, 9554, 9557, 9571, 9588, 9610, 9596, 9618, 11825, 11830, 11844, 11847, 11851, 11885, 11891, 12094, 12100, 11987, 12208, 12142, 12216, 12150, 12235, 12177, 12241, 12258, 12259, 12263, 12591, 12545, 12596, 12553, 12615, 12618, 13350, 13352, 13354, 13359, 13374, 13390, 13392, 13395, 13699, 13701, 13728, 13729, 13633, 13658, 13664, 13678, 13859, 13863, 13882, 13865, 13868, 13869, 13870, 13265, 13234, 13232, 13229, 13212, 13209, 13213, 13208, 13217, 13171, 13172, 13170, 13089, 13092, 13090, 13106, 13109, 13113, 13108, 13117, 13103, 13097, 13073, 12971, 12744, 12969, 12985, 12950, 12952, 12996, 12983, 13005, 13011, 13008, 6408, 6403, 6405, 6407, 6444, 6417, 6415, 6414, 6426, 6428, 6427, 6430, 6341, 6340, 6365, 6352, 6482, 6486, 6488, 6381, 6374, 6378, 6379, 6492, 6496, 6499, 6498, 6273, 6274, 6500, 6281, 6280, 6278, 6277, 6976, 6966, 6965, 6964, 6969, 6971, 6954, 6952, 6984, 6944, 6946, 6987, 6879, 6880, 6881, 6977, 6978, 6872, 6867, 6853, 6828, 6824, 6802, 6799, 6710, 5782, 5777, 5757, 5732, 5731, 5726, 5713, 5707, 5698, 5695, 5471, 5647, 5612, 5608, 5594, 5591, 5586, 5364]",0.04172780000953935,success,,153.79535111304125,169.26172972941245,5.970425053824644,18.660580571469662,62.40000000000005,12.882398100206686
stl_midamerica_to_st_louis_lambert_2026-03-09_0063,midamerica_to_st_louis_lambert,MidAmerica to St. Louis Lambert,MidAmerica St. Louis Airport,St. Louis Lambert International Airport,38.5451731,-89.8351856,38.7486982,-90.3700257,2026-03-09,March 9th - Monday,w_0063,0.0,0.8,0.2,0.0,191,"[8877, 8874, 8860, 8887, 8889, 8914, 8916, 9014, 9018, 9020, 9031, 9246, 9249, 9275, 9266, 9293, 9296, 9299, 9417, 9329, 9630, 9542, 9637, 9560, 9660, 9608, 9684, 9686, 9706, 9708, 11918, 11923, 11943, 11944, 11949, 11951, 11981, 11984, 11987, 12208, 12142, 12216, 12150, 12235, 12177, 12241, 12258, 12259, 12263, 12591, 12545, 12596, 12553, 12615, 12618, 13350, 13352, 13354, 13359, 13374, 13390, 13392, 13395, 13699, 13701, 13728, 13729, 13633, 13658, 13664, 13678, 13859, 13863, 13882, 13865, 13868, 13869, 13870, 13265, 13234, 13232, 13229, 13212, 13209, 13213, 13208, 13217, 13171, 13172, 13170, 13089, 13092, 13090, 13106, 13109, 13113, 13108, 13117, 13103, 13097, 13073, 12971, 12968, 12974, 12989, 12999, 13003, 13004, 13036, 13010, 13011, 13008, 6408, 6403, 6405, 6407, 6419, 6417, 6415, 6414, 6426, 6428, 6427, 6430, 6341, 6340, 6365, 6352, 6484, 6487, 6486, 6488, 6381, 6374, 6378, 6379, 6492, 6496, 6499, 6498, 6273, 6274, 6500, 6281, 6280, 6278, 6277, 6976, 6966, 6965, 6964, 6969, 6971, 6954, 6952, 6984, 6944, 6946, 6987, 6879, 6880, 6881, 6977, 6978, 6872, 6867, 6853, 6828, 6829, 6827, 6717, 6715, 5784, 5783, 5761, 5758, 5733, 5728, 5726, 5713, 5707, 5698, 5695, 5471, 5647, 5612, 5608, 5594, 5591, 5586, 5364]",0.04048350002267398,success,,156.72473468885627,172.48570579562625,5.878242366767526,17.849853704732446,66.60000000000005,8.27256463436051
stl_midamerica_to_st_louis_lambert_2026-03-09_0064,midamerica_to_st_louis_lambert,MidAmerica to St. Louis Lambert,MidAmerica St. Louis Airport,St. Louis Lambert International Airport,38.5451731,-89.8351856,38.7486982,-90.3700257,2026-03-09,March 9th - Monday,w_0064,0.0,0.9,0.0,0.1,170,"[8877, 8880, 8902, 8917, 8943, 8947, 8951, 9043, 9047, 9051, 9252, 9279, 9303, 9304, 9311, 9334, 9339, 9341, 9540, 9545, 9559, 9563, 9566, 9612, 9613, 9705, 9621, 11919, 11843, 11925, 11883, 11949, 11951, 11981, 11984, 11987, 12115, 12121, 12145, 12149, 12164, 12165, 12171, 12477, 12502, 12504, 12527, 12528, 12334, 12346, 12353, 13411, 12364, 13432, 13437, 13451, 13457, 13459, 13486, 12907, 12910, 12935, 12939, 13153, 13189, 13190, 13191, 13173, 13171, 13172, 13170, 13089, 13091, 13090, 13081, 13083, 13080, 13082, 13100, 13099, 13095, 13069, 12967, 12740, 12741, 12743, 12722, 12723, 12947, 12960, 12975, 12980, 12979, 6406, 6403, 6405, 6407, 6444, 6417, 6415, 6414, 6426, 6423, 6424, 6333, 6308, 6303, 6307, 6302, 6300, 6301, 6313, 6288, 6289, 4874, 4872, 5970, 5971, 6196, 5974, 6191, 6193, 6225, 6218, 6222, 6220, 6224, 6959, 6962, 6961, 6964, 6969, 6967, 6954, 6952, 6939, 6940, 6943, 6850, 6848, 6849, 6851, 6977, 6871, 6872, 6867, 6853, 6828, 6824, 6802, 6799, 6710, 5782, 5777, 5757, 5732, 5731, 5726, 5713, 5707, 5698, 5695, 5471, 5468, 5434, 5431, 5430, 5425, 5589, 5364]",0.039851500012446195,success,,138.58768842049477,152.52471346817364,5.887282790132573,39.76504576436001,62.40000000000005,11.53855451111932
stl_midamerica_to_st_louis_lambert_2026-03-09_0065,midamerica_to_st_louis_lambert,MidAmerica to St. Louis Lambert,MidAmerica St. Louis Airport,St. Louis Lambert International Airport,38.5451731,-89.8351856,38.7486982,-90.3700257,2026-03-09,March 9th - Monday,w_0065,0.0,0.9,0.1,0.0,191,"[8877, 8874, 8860, 8887, 8889, 8914, 8916, 9014, 9018, 9020, 9031, 9246, 9249, 9275, 9266, 9293, 9296, 9299, 9417, 9329, 9630, 9542, 9637, 9560, 9660, 9608, 9684, 9686, 9706, 9708, 11918, 11923, 11943, 11944, 11949, 11951, 11981, 11984, 11987, 12208, 12142, 12216, 12150, 12235, 12177, 12241, 12258, 12259, 12263, 12591, 12545, 12596, 12553, 12615, 12618, 13350, 13352, 13354, 13359, 13374, 13390, 13392, 13395, 13699, 13701, 13728, 13729, 13633, 13658, 13664, 13678, 13859, 13863, 13882, 13865, 13868, 13869, 13870, 13265, 13234, 13232, 13229, 13212, 13209, 13213, 13208, 13217, 13171, 13172, 13170, 13089, 13092, 13090, 13106, 13109, 13113, 13108, 13117, 13103, 13097, 13073, 12971, 12744, 12969, 12985, 12950, 12952, 12996, 12983, 13005, 13011, 13008, 6408, 6403, 6405, 6407, 6419, 6417, 6415, 6414, 6426, 6428, 6427, 6430, 6341, 6340, 6365, 6352, 6484, 6487, 6486, 6488, 6381, 6374, 6378, 6379, 6492, 6496, 6499, 6498, 6273, 6274, 6500, 6281, 6280, 6278, 6277, 6976, 6966, 6965, 6964, 6969, 6971, 6954, 6952, 6984, 6944, 6946, 6987, 6879, 6880, 6881, 6977, 6978, 6872, 6867, 6853, 6828, 6829, 6827, 6717, 6715, 5784, 5783, 5761, 5758, 5733, 5728, 5726, 5713, 5707, 5698, 5695, 5471, 5647, 5612, 5608, 5594, 5591, 5586, 5364]",0.039471999974921346,success,,157.25835750235055,173.0729922108621,5.87425639594034,17.87568687036094,66.60000000000005,7.0743994433824
stl_midamerica_to_st_louis_lambert_2026-03-09_0066,midamerica_to_st_louis_lambert,MidAmerica to St. Louis Lambert,MidAmerica St. Louis Airport,St. Louis Lambert International Airport,38.5451731,-89.8351856,38.7486982,-90.3700257,2026-03-09,March 9th - Monday,w_0066,0.0,1.0,0.0,0.0,192,"[8877, 8874, 8860, 8887, 8889, 8914, 8916, 9014, 8944, 9042, 9045, 9048, 9049, 9284, 9288, 9280, 9304, 9311, 9334, 9339, 9341, 9540, 9545, 9559, 9563, 9566, 9612, 9613, 9705, 9621, 11919, 11843, 11925, 11883, 11949, 11951, 11981, 11984, 11987, 12115, 12121, 12145, 12149, 12164, 12165, 12171, 12477, 12502, 12504, 12527, 12528, 12334, 12346, 12353, 13411, 12364, 13432, 13437, 13451, 13457, 13459, 13486, 12907, 12910, 12935, 12939, 13153, 13189, 13190, 13191, 13173, 13171, 13172, 13170, 13089, 13091, 13090, 13081, 13083, 13080, 13082, 13100, 13099, 13095, 13069, 12967, 12740, 12741, 12743, 12722, 12719, 12715, 12697, 12673, 12670, 12666, 6095, 11608, 11602, 11578, 6087, 6085, 6091, 6094, 6116, 6121, 6123, 4851, 4854, 4877, 4882, 6303, 6307, 6302, 6300, 6301, 6313, 6288, 6289, 4874, 4872, 5970, 5971, 6196, 5974, 6191, 6193, 6225, 6218, 6222, 6220, 6224, 6959, 6962, 6961, 6964, 6969, 6967, 6954, 6952, 6939, 6940, 6943, 6850, 6848, 6849, 6851, 6977, 6871, 6872, 6867, 6853, 6828, 6825, 6823, 6714, 6711, 5781, 5783, 6699, 6701, 6703, 6720, 5774, 6719, 6721, 6624, 5870, 5866, 5842, 5838, 5837, 5821, 5809, 5803, 5791, 5786, 5563, 5558, 5442, 5439, 5414, 5440, 5423, 5448, 5424, 5421, 5426, 5392, 5390, 5359, 5364]",0.03737040000851266,success,,157.47075738771593,173.306752020447,5.085566711516135,56.12115249110535,87.00000000000007,5.085566711516135
stl_midamerica_to_st_louis_lambert_2026-03-09_0067,midamerica_to_st_louis_lambert,MidAmerica to St. Louis Lambert,MidAmerica St. Louis Airport,St. Louis Lambert International Airport,38.5451731,-89.8351856,38.7486982,-90.3700257,2026-03-09,March 9th - Monday,w_0067,0.1,0.0,0.0,0.9,96,"[8877, 8876, 8892, 8897, 8899, 8926, 9788, 10013, 10014, 10036, 10052, 10054, 10061, 10051, 10049, 10048, 10050, 10253, 10252, 10241, 10240, 10248, 10246, 10247, 10245, 10231, 10230, 10262, 10150, 10148, 10149, 10151, 10161, 10159, 10158, 10160, 10166, 10168, 10167, 10169, 2247, 2269, 2268, 2257, 2256, 2254, 2279, 2293, 2296, 2301, 2303, 2491, 2492, 2818, 2496, 2507, 2506, 2828, 2505, 2809, 2811, 2810, 2728, 2730, 2731, 2729, 2715, 2717, 2714, 2716, 2738, 2741, 2745, 2747, 2684, 2687, 3987, 3990, 4016, 4017, 4022, 4029, 4034, 4060, 4064, 5048, 5052, 5076, 5082, 5299, 5304, 5319, 5321, 5357, 5358, 5364]",0.05562950001331046,success,,71.90057520712594,79.13123277148179,53.29567736851651,26.74625699395366,46.20000000000003,49.49312327714821
stl_midamerica_to_st_louis_lambert_2026-03-09_0068,midamerica_to_st_louis_lambert,MidAmerica to St. Louis Lambert,MidAmerica St. Louis Airport,St. Louis Lambert International Airport,38.5451731,-89.8351856,38.7486982,-90.3700257,2026-03-09,March 9th - Monday,w_0068,0.1,0.0,0.1,0.8,96,"[8877, 8876, 8892, 8897, 8899, 8926, 9788, 10013, 10014, 10036, 10052, 10054, 10061, 10051, 10049, 10048, 10050, 10253, 10252, 10241, 10240, 10248, 10246, 10247, 10245, 10231, 10230, 10262, 10150, 10148, 10149, 10151, 10161, 10156, 10154, 10155, 10162, 10164, 10163, 10165, 2244, 2246, 2268, 2278, 2283, 2508, 2286, 2298, 2300, 2304, 2531, 2819, 2820, 2822, 2825, 2836, 2848, 2850, 2837, 2859, 2858, 2815, 2759, 2758, 2761, 2764, 2783, 2781, 2782, 2784, 2775, 2798, 2776, 2777, 3989, 3993, 3992, 3990, 4016, 4017, 4022, 4029, 4034, 4060, 4064, 5048, 5052, 5076, 5082, 5299, 5304, 5319, 5321, 5357, 5358, 5364]",0.05428929999470711,success,,72.96951395243684,80.30766898815993,49.08413405255402,17.886162947085076,46.20000000000003,46.77938319352453
stl_midamerica_to_st_louis_lambert_2026-03-09_0069,midamerica_to_st_louis_lambert,MidAmerica to St. Louis Lambert,MidAmerica St. Louis Airport,St. Louis Lambert International Airport,38.5451731,-89.8351856,38.7486982,-90.3700257,2026-03-09,March 9th - Monday,w_0069,0.1,0.0,0.2,0.7,96,"[8877, 8876, 8892, 8897, 8899, 8926, 9788, 10013, 10014, 10036, 10052, 10054, 10061, 10051, 10049, 10048, 10050, 10253, 10252, 10241, 10240, 10248, 10246, 10247, 10245, 10231, 10230, 10262, 10150, 10148, 10149, 10151, 10161, 10156, 10154, 10155, 10162, 10164, 10163, 10165, 2244, 2246, 2268, 2278, 2283, 2508, 2286, 2298, 2300, 2304, 2531, 2819, 2820, 2822, 2825, 2836, 2848, 2850, 2837, 2859, 2858, 2815, 2759, 2758, 2761, 2764, 2783, 2781, 2782, 2784, 2775, 2802, 2805, 3917, 4005, 4010, 4013, 4012, 4021, 4045, 4047, 4058, 4062, 4077, 4079, 5077, 5081, 5083, 5306, 5303, 5318, 5323, 5321, 5357, 5358, 5364]",0.054606899997452274,success,,72.97107486094428,80.30938686891513,48.211733407467264,15.158559974728458,46.60000000000003,43.682650681837224
stl_midamerica_to_st_louis_lambert_2026-03-09_0070,midamerica_to_st_louis_lambert,MidAmerica to St. Louis Lambert,MidAmerica St. Louis Airport,St. Louis Lambert International Airport,38.5451731,-89.8351856,38.7486982,-90.3700257,2026-03-09,March 9th - Monday,w_0070,0.1,0.0,0.3,0.6,96,"[8877, 8876, 8892, 8897, 8899, 8926, 9788, 10013, 10014, 10036, 10052, 10054, 10061, 10051, 10049, 10048, 10050, 10253, 10252, 10241, 10240, 10248, 10246, 10247, 10245, 10231, 10230, 10262, 10150, 10148, 10149, 10151, 10161, 10156, 10154, 10155, 10162, 10164, 10163, 10165, 2244, 2246, 2268, 2278, 2283, 2508, 2286, 2298, 2300, 2304, 2531, 2819, 2820, 2822, 2825, 2836, 2848, 2850, 2837, 2859, 2858, 2815, 2759, 2758, 2761, 2764, 2783, 2781, 2782, 2784, 2775, 2802, 2805, 3917, 4005, 4010, 4013, 4012, 4021, 4045, 4047, 4058, 4062, 4077, 4079, 5077, 5081, 5083, 5306, 5303, 5318, 5323, 5321, 5357, 5358, 5364]",0.05394070001784712,success,,72.97107486094428,80.30938686891513,48.211733407467264,15.158559974728458,46.60000000000003,40.53850667931007
stl_midamerica_to_st_louis_lambert_2026-03-09_0071,midamerica_to_st_louis_lambert,MidAmerica to St. Louis Lambert,MidAmerica St. Louis Airport,St. Louis Lambert International Airport,38.5451731,-89.8351856,38.7486982,-90.3700257,2026-03-09,March 9th - Monday,w_0071,0.1,0.0,0.4,0.5,96,"[8877, 8876, 8892, 8897, 8899, 8926, 9788, 10013, 10014, 10036, 10052, 10054, 10061, 10051, 10049, 10048, 10050, 10253, 10252, 10241, 10240, 10248, 10246, 10247, 10245, 10231, 10230, 10262, 10150, 10148, 10149, 10151, 10161, 10156, 10154, 10155, 10162, 10164, 10163, 10165, 2244, 2246, 2268, 2278, 2283, 2508, 2286, 2298, 2300, 2304, 2531, 2819, 2820, 2822, 2825, 2836, 2848, 2850, 2837, 2859, 2858, 2815, 2759, 2758, 2761, 2764, 2783, 2781, 2782, 2784, 2775, 2802, 2805, 3917, 4005, 4010, 4013, 4008, 4021, 4045, 4047, 4058, 4062, 4077, 4079, 5077, 5081, 5083, 5306, 5303, 5318, 5323, 5321, 5357, 5358, 5364]",0.052102699992246926,success,,73.504465880368,80.89641817978638,48.211733407467264,15.005549187382663,46.60000000000003,37.39186149293172
stl_midamerica_to_st_louis_lambert_2026-03-09_0072,midamerica_to_st_louis_lambert,MidAmerica to St. Louis Lambert,MidAmerica St. Louis Airport,St. Louis Lambert International Airport,38.5451731,-89.8351856,38.7486982,-90.3700257,2026-03-09,March 9th - Monday,w_0072,0.1,0.0,0.5,0.4,96,"[8877, 8876, 8892, 8897, 8899, 8926, 9788, 10013, 10014, 10036, 10052, 10054, 10061, 10051, 10049, 10048, 10050, 10253, 10252, 10241, 10240, 10248, 10246, 10247, 10245, 10231, 10230, 10262, 10150, 10148, 10149, 10151, 10161, 10156, 10154, 10155, 10162, 10164, 10163, 10165, 2244, 2246, 2268, 2278, 2283, 2508, 2286, 2298, 2300, 2304, 2531, 2819, 2820, 2822, 2825, 2836, 2848, 2850, 2837, 2859, 2858, 2815, 2759, 2758, 2761, 2764, 2783, 2781, 2782, 2784, 2775, 2802, 2805, 3917, 4005, 4010, 4013, 4008, 4021, 4045, 4047, 4058, 4062, 4077, 4079, 5077, 5081, 5083, 5306, 5303, 5318, 5323, 5321, 5357, 5358, 5364]",0.05441770001198165,success,,73.504465880368,80.89641817978638,48.211733407467264,15.005549187382663,46.60000000000003,34.23241641166998
stl_midamerica_to_st_louis_lambert_2026-03-09_0073,midamerica_to_st_louis_lambert,MidAmerica to St. Louis Lambert,MidAmerica St. Louis Airport,St. Louis Lambert International Airport,38.5451731,-89.8351856,38.7486982,-90.3700257,2026-03-09,March 9th - Monday,w_0073,0.1,0.0,0.6,0.3,96,"[8877, 8876, 8892, 8897, 8899, 8926, 9788, 10013, 10014, 10036, 10052, 10054, 10061, 10051, 10049, 10048, 10050, 10253, 10252, 10241, 10240, 10248, 10246, 10247, 10245, 10231, 10230, 10262, 10150, 10148, 10149, 10151, 10161, 10156, 10154, 10155, 10162, 10164, 10163, 10165, 2244, 2246, 2268, 2278, 2283, 2508, 2286, 2298, 2300, 2304, 2531, 2819, 2820, 2822, 2825, 2836, 2848, 2850, 2837, 2859, 2858, 2815, 2759, 2758, 2761, 2764, 2783, 2781, 2782, 2784, 2775, 2802, 2805, 3917, 4005, 4010, 4013, 4008, 4021, 4045, 4047, 4058, 4062, 4077, 4079, 5077, 5081, 5083, 5306, 5303, 5318, 5323, 5321, 5357, 5358, 5364]",0.058457499981159344,success,,73.504465880368,80.89641817978638,48.211733407467264,15.005549187382663,46.60000000000003,31.072971330408244
stl_midamerica_to_st_louis_lambert_2026-03-09_0074,midamerica_to_st_louis_lambert,MidAmerica to St. Louis Lambert,MidAmerica St. Louis Airport,St. Louis Lambert International Airport,38.5451731,-89.8351856,38.7486982,-90.3700257,2026-03-09,March 9th - Monday,w_0074,0.1,0.0,0.7,0.2,100,"[8877, 8876, 8892, 8897, 8899, 8926, 9788, 10013, 10014, 10036, 10052, 10054, 10061, 10051, 10049, 10048, 10050, 10253, 10252, 10241, 10240, 10248, 10246, 10247, 10245, 10231, 10230, 10262, 10150, 10148, 10149, 10151, 10161, 10156, 10154, 10155, 10162, 10164, 10163, 10165, 2244, 2246, 2268, 2278, 2283, 2508, 2286, 2298, 2300, 2304, 2531, 2819, 2820, 2822, 2825, 2836, 2848, 2850, 2837, 2859, 2858, 2815, 2759, 2758, 2761, 2764, 2783, 2781, 2778, 2756, 2768, 2774, 2772, 2773, 2684, 2682, 2685, 2686, 2703, 2705, 2707, 4004, 4027, 4032, 4031, 5025, 5031, 5046, 5047, 5054, 5071, 5296, 5301, 5315, 5318, 5323, 5321, 5357, 5358, 5364]",0.06285360001493245,success,,75.53136681447069,83.12715373592302,52.10964335332964,13.734597219854061,49.80000000000003,27.886933427490153
stl_midamerica_to_st_louis_lambert_2026-03-09_0075,midamerica_to_st_louis_lambert,MidAmerica to St. Louis Lambert,MidAmerica St. Louis Airport,St. Louis Lambert International Airport,38.5451731,-89.8351856,38.7486982,-90.3700257,2026-03-09,March 9th - Monday,w_0075,0.1,0.0,0.8,0.1,104,"[8877, 8861, 8741, 8740, 8862, 8739, 7711, 7710, 7709, 9722, 9724, 9725, 9723, 9712, 9713, 9714, 9715, 7789, 7791, 7790, 7792, 7801, 7800, 7802, 7809, 7810, 7807, 7808, 9814, 9813, 9812, 9815, 7874, 7876, 7898, 7903, 7916, 7915, 7914, 7913, 1933, 1931, 1932, 1917, 1943, 1946, 1970, 1983, 1998, 2003, 2000, 2191, 2194, 2193, 2192, 2185, 2184, 2186, 2421, 2202, 2203, 2207, 2341, 2340, 2342, 2347, 2366, 2389, 2392, 2708, 2712, 2714, 2750, 2744, 2768, 2774, 2772, 2773, 2684, 2682, 2685, 2686, 2703, 2705, 2707, 4004, 4027, 4032, 4031, 5025, 5031, 5046, 5047, 5054, 5071, 5296, 5301, 5315, 5318, 5323, 5321, 5357, 5358, 5364]",0.05872810000437312,success,,77.53090621444814,85.32777615430506,55.32508815469092,10.44389553177384,66.80000000000001,23.56789404084958
stl_midamerica_to_st_louis_lambert_2026-03-09_0076,midamerica_to_st_louis_lambert,MidAmerica to St. Louis Lambert,MidAmerica St. Louis Airport,St. Louis Lambert International Airport,38.5451731,-89.8351856,38.7486982,-90.3700257,2026-03-09,March 9th - Monday,w_0076,0.1,0.0,0.9,0.0,122,"[8877, 8861, 8864, 8865, 8866, 8863, 7715, 7713, 7714, 9726, 9727, 9729, 9728, 9719, 9718, 9716, 9717, 7794, 7793, 7795, 7796, 7804, 7803, 7805, 7813, 7814, 7811, 7812, 9817, 9816, 9819, 9818, 7905, 7901, 7902, 7903, 7916, 7915, 7914, 7913, 1933, 1931, 1932, 1917, 1943, 1946, 1970, 1983, 1998, 2003, 2000, 2191, 2194, 2193, 2192, 2185, 2184, 2186, 2421, 2202, 2203, 2207, 2341, 2316, 2338, 2315, 2328, 2330, 2329, 2333, 2350, 2349, 2327, 2353, 3265, 3266, 3270, 3259, 3260, 3258, 3257, 3246, 3244, 3243, 3245, 3417, 3413, 3418, 3419, 3445, 3449, 3469, 3482, 3485, 3489, 3488, 3500, 3714, 3715, 3644, 3649, 3673, 3677, 3680, 4987, 4989, 4992, 5016, 5017, 5022, 4964, 5188, 5192, 5216, 5286, 5291, 5325, 5329, 5331, 5357, 5358, 5364]",0.06512469999142922,success,,89.57337952637874,98.58129681176277,67.63835954909159,8.304523066426551,80.60000000000004,17.332200440960175
stl_midamerica_to_st_louis_lambert_2026-03-09_0077,midamerica_to_st_louis_lambert,MidAmerica to St. Louis Lambert,MidAmerica St. Louis Airport,St. Louis Lambert International Airport,38.5451731,-89.8351856,38.7486982,-90.3700257,2026-03-09,March 9th - Monday,w_0077,0.1,0.1,0.0,0.8,97,"[8877, 8881, 8904, 8922, 8923, 8927, 9145, 10016, 10018, 10062, 10055, 10058, 10094, 10096, 10103, 10104, 10110, 10109, 10516, 10515, 10514, 10517, 10522, 10299, 10300, 10301, 10309, 10308, 10310, 10343, 10345, 10344, 10342, 10355, 10210, 10208, 10209, 10326, 10328, 10322, 10191, 2276, 2518, 2277, 2509, 2287, 2508, 2286, 2298, 2300, 2301, 2307, 2495, 2820, 2823, 2827, 2849, 2848, 2850, 2837, 2861, 2866, 2889, 3896, 3898, 3901, 3927, 3946, 3949, 3953, 3966, 3944, 3977, 3976, 3941, 4043, 4042, 4041, 4040, 4051, 4054, 4186, 4080, 4205, 4207, 4212, 5309, 5313, 5335, 5337, 5320, 5322, 5323, 5346, 5357, 5358, 5364]",0.05871120002120733,success,,74.42461752704692,81.90910457247038,21.027756995193187,34.71647310827746,47.00000000000003,47.89368615676638
stl_midamerica_to_st_louis_lambert_2026-03-09_0078,midamerica_to_st_louis_lambert,MidAmerica to St. Louis Lambert,MidAmerica St. Louis Airport,St. Louis Lambert International Airport,38.5451731,-89.8351856,38.7486982,-90.3700257,2026-03-09,March 9th - Monday,w_0078,0.1,0.1,0.1,0.7,97,"[8877, 8881, 8904, 8922, 8923, 8927, 9145, 10016, 10018, 10062, 10055, 10058, 10094, 10096, 10103, 10104, 10110, 10109, 10516, 10512, 10290, 10289, 10294, 10281, 10292, 10293, 10304, 10303, 10302, 10315, 10316, 10317, 10314, 10207, 10206, 10204, 10205, 10189, 10190, 10188, 10191, 2276, 2518, 2277, 2509, 2287, 2508, 2286, 2298, 2300, 2304, 2531, 2819, 2824, 2838, 2841, 2878, 2879, 2884, 2883, 2890, 2891, 2892, 3896, 3898, 3901, 3902, 3914, 3948, 3947, 3945, 3940, 3977, 3976, 3941, 4039, 4038, 4037, 4012, 4021, 4045, 4047, 4058, 4062, 4077, 4079, 5077, 5081, 5083, 5306, 5303, 5318, 5323, 5346, 5357, 5358, 5364]",0.0536662999948021,success,,75.48913077482469,83.08067024291971,26.70209601849434,22.174571864157667,46.60000000000003,45.81573381255719
stl_midamerica_to_st_louis_lambert_2026-03-09_0079,midamerica_to_st_louis_lambert,MidAmerica to St. Louis Lambert,MidAmerica St. Louis Airport,St. Louis Lambert International Airport,38.5451731,-89.8351856,38.7486982,-90.3700257,2026-03-09,March 9th - Monday,w_0079,0.1,0.1,0.2,0.6,97,"[8877, 8881, 8904, 8922, 8923, 8927, 9145, 10016, 10018, 10062, 10055, 10058, 10094, 10096, 10103, 10104, 10110, 10109, 10516, 10512, 10290, 10289, 10294, 10281, 10292, 10293, 10304, 10303, 10302, 10315, 10316, 10312, 10181, 10203, 10200, 10202, 10201, 10185, 10182, 10171, 10169, 2247, 2272, 2274, 2285, 2283, 2508, 2286, 2298, 2300, 2304, 2531, 2819, 2824, 2838, 2841, 2878, 2879, 2884, 2883, 2890, 2891, 2892, 3896, 3898, 3901, 3902, 3914, 3948, 3947, 3945, 3940, 3977, 3976, 3941, 4039, 4038, 4037, 4012, 4021, 4045, 4047, 4058, 4062, 4077, 4079, 5077, 5081, 5083, 5306, 5303, 5318, 5323, 5321, 5357, 5358, 5364]",0.05245340001420118,success,,77.08681429276793,84.83902427540588,28.051221113760693,19.845667919377778,46.60000000000003,43.21815812279223
stl_midamerica_to_st_louis_lambert_2026-03-09_0080,midamerica_to_st_louis_lambert,MidAmerica to St. Louis Lambert,MidAmerica St. Louis Airport,St. Louis Lambert International Airport,38.5451731,-89.8351856,38.7486982,-90.3700257,2026-03-09,March 9th - Monday,w_0080,0.1,0.1,0.3,0.5,97,"[8877, 8881, 8904, 8922, 8923, 8927, 9145, 10016, 10018, 10062, 10055, 10058, 10094, 10096, 10103, 10104, 10110, 10109, 10516, 10512, 10290, 10289, 10294, 10281, 10292, 10293, 10304, 10303, 10302, 10315, 10316, 10312, 10181, 10199, 10193, 10158, 10155, 10162, 10164, 10163, 10165, 2247, 2272, 2274, 2509, 2283, 2508, 2286, 2298, 2300, 2304, 2531, 2819, 2820, 2822, 2825, 2836, 2848, 2850, 2837, 2859, 2858, 2860, 2759, 2758, 2761, 2764, 2783, 2781, 2782, 2784, 2775, 2798, 2776, 2777, 3989, 3993, 4006, 4008, 4021, 4045, 4047, 4058, 4062, 4077, 4079, 5077, 5081, 5083, 5306, 5303, 5318, 5323, 5321, 5357, 5358, 5364]",0.055491200007963926,success,,77.0797677742194,84.83126912605017,37.7122296779533,15.328127256766365,46.60000000000003,40.15278805743027
stl_midamerica_to_st_louis_lambert_2026-03-09_0081,midamerica_to_st_louis_lambert,MidAmerica to St. Louis Lambert,MidAmerica St. Louis Airport,St. Louis Lambert International Airport,38.5451731,-89.8351856,38.7486982,-90.3700257,2026-03-09,March 9th - Monday,w_0081,0.1,0.1,0.4,0.4,97,"[8877, 8881, 8904, 8922, 8923, 8927, 9145, 10016, 10018, 10062, 10055, 10058, 10094, 10096, 10103, 10104, 10110, 10109, 10516, 10512, 10290, 10289, 10294, 10281, 10292, 10293, 10304, 10303, 10302, 10315, 10316, 10312, 10181, 10199, 10193, 10158, 10155, 10162, 10164, 10163, 10165, 2247, 2272, 2274, 2509, 2283, 2508, 2286, 2298, 2300, 2304, 2531, 2819, 2820, 2822, 2825, 2836, 2848, 2850, 2837, 2859, 2858, 2860, 2759, 2758, 2761, 2764, 2783, 2781, 2782, 2784, 2775, 2798, 2776, 2777, 3989, 3993, 4006, 4008, 4021, 4045, 4047, 4058, 4062, 4077, 4079, 5077, 5081, 5083, 5306, 5303, 5318, 5323, 5321, 5357, 5358, 5364]",0.05296120001003146,success,,77.0797677742194,84.83126912605017,37.7122296779533,15.328127256766365,46.60000000000003,37.02560078310691
stl_midamerica_to_st_louis_lambert_2026-03-09_0082,midamerica_to_st_louis_lambert,MidAmerica to St. Louis Lambert,MidAmerica St. Louis Airport,St. Louis Lambert International Airport,38.5451731,-89.8351856,38.7486982,-90.3700257,2026-03-09,March 9th - Monday,w_0082,0.1,0.1,0.5,0.3,97,"[8877, 8881, 8904, 8922, 8923, 8927, 9145, 10016, 10018, 10062, 10055, 10058, 10094, 10096, 10103, 10104, 10110, 10109, 10516, 10512, 10290, 10289, 10294, 10281, 10292, 10293, 10304, 10303, 10302, 10315, 10316, 10317, 10314, 10207, 10206, 10204, 10205, 10189, 10190, 10322, 10327, 2548, 2550, 2556, 2549, 2542, 2540, 2539, 2533, 2536, 2562, 2566, 2844, 2842, 2838, 2827, 2836, 2848, 2850, 2837, 2859, 2858, 2860, 2759, 2758, 2761, 2764, 2783, 2781, 2782, 2784, 2775, 2798, 2776, 2777, 3989, 3993, 4006, 4008, 4021, 4045, 4047, 4058, 4062, 4077, 4079, 5077, 5081, 5083, 5306, 5303, 5318, 5323, 5321, 5357, 5358, 5364]",0.05321739998180419,success,,76.55156561547338,84.24994849191444,34.25542776239277,15.36886548766822,47.80000000000003,33.874970369264844
stl_midamerica_to_st_louis_lambert_2026-03-09_0083,midamerica_to_st_louis_lambert,MidAmerica to St. Louis Lambert,MidAmerica St. Louis Airport,St. Louis Lambert International Airport,38.5451731,-89.8351856,38.7486982,-90.3700257,2026-03-09,March 9th - Monday,w_0083,0.1,0.1,0.6,0.2,97,"[8877, 8881, 8904, 8922, 8923, 8927, 9145, 10016, 10018, 10062, 10055, 10058, 10094, 10096, 10103, 10104, 10110, 10109, 10516, 10512, 10290, 10289, 10294, 10281, 10292, 10293, 10304, 10303, 10302, 10315, 10316, 10312, 10181, 10199, 10193, 10158, 10194, 10185, 10190, 10322, 10327, 2548, 2550, 2556, 2549, 2542, 2546, 2579, 2560, 2564, 2567, 2566, 2844, 2842, 2838, 2827, 2836, 2848, 2850, 2837, 2859, 2858, 2860, 2759, 2758, 2761, 2764, 2783, 2781, 2782, 2784, 2775, 2802, 2805, 3917, 4005, 4010, 4013, 4008, 4021, 4045, 4047, 4058, 4062, 4077, 4079, 5077, 5081, 5083, 5306, 5303, 5318, 5323, 5321, 5357, 5358, 5364]",0.0533714999910444,success,,78.15076019403783,86.00996554433341,34.984964366726565,14.574162748873347,48.400000000000034,30.523990640430014
stl_midamerica_to_st_louis_lambert_2026-03-09_0084,midamerica_to_st_louis_lambert,MidAmerica to St. Louis Lambert,MidAmerica St. Louis Airport,St. Louis Lambert International Airport,38.5451731,-89.8351856,38.7486982,-90.3700257,2026-03-09,March 9th - Monday,w_0084,0.1,0.1,0.7,0.1,103,"[8877, 8873, 8857, 8737, 8732, 8708, 8703, 7679, 7654, 7652, 7631, 7627, 8262, 8257, 8243, 8239, 8237, 8238, 7362, 7361, 7363, 7364, 7355, 7354, 7356, 7369, 7371, 7372, 7370, 7460, 7459, 7458, 7457, 7468, 7436, 7469, 7471, 7481, 7480, 7483, 7311, 7316, 7538, 7541, 7534, 7567, 7573, 7576, 7600, 7605, 1918, 1925, 2114, 2130, 2134, 2135, 2144, 2146, 2147, 2172, 2174, 2199, 2203, 2207, 2341, 2344, 2368, 2374, 2394, 2397, 2712, 2714, 2750, 2744, 2770, 2772, 2773, 2684, 2682, 2683, 2686, 2703, 2705, 2707, 4004, 4027, 4032, 4031, 5025, 5031, 5046, 5049, 5054, 5071, 5296, 5300, 5303, 5318, 5323, 5321, 5357, 5358, 5364]",0.05526819999795407,success,,83.5203883587711,91.91958858943114,30.28779657525443,11.407584198624999,59.600000000000016,26.166047455506057
stl_midamerica_to_st_louis_lambert_2026-03-09_0085,midamerica_to_st_louis_lambert,MidAmerica to St. Louis Lambert,MidAmerica St. Louis Airport,St. Louis Lambert International Airport,38.5451731,-89.8351856,38.7486982,-90.3700257,2026-03-09,March 9th - Monday,w_0085,0.1,0.1,0.8,0.0,109,"[8877, 8861, 8864, 8865, 8866, 8863, 7715, 7713, 7709, 7705, 7700, 7698, 7661, 7668, 7643, 7641, 7626, 7385, 7381, 7366, 7364, 7355, 7354, 7356, 7369, 7371, 7372, 7370, 7460, 7459, 7458, 7457, 7468, 7436, 7469, 7471, 7481, 7480, 7483, 7311, 7316, 7538, 7541, 7534, 7567, 7573, 7576, 7600, 7605, 1918, 1925, 2114, 2130, 2134, 2135, 2144, 2146, 2147, 2172, 2174, 2199, 2203, 2207, 2341, 2316, 2338, 2315, 2328, 2330, 2329, 2333, 2350, 2349, 2327, 2353, 3265, 3266, 3270, 3292, 3295, 3298, 2628, 2651, 2655, 2636, 2673, 2677, 2700, 2701, 2704, 3999, 4002, 4026, 4031, 5025, 5031, 5046, 5049, 5054, 5071, 5296, 5300, 5303, 5318, 5323, 5321, 5357, 5358, 5364]",0.05511449999175966,success,,87.89090774473078,96.72962781187631,32.93126879080952,10.326728400993826,67.00000000000003,21.22747238106364
stl_midamerica_to_st_louis_lambert_2026-03-09_0086,midamerica_to_st_louis_lambert,MidAmerica to St. Louis Lambert,MidAmerica St. Louis Airport,St. Louis Lambert International Airport,38.5451731,-89.8351856,38.7486982,-90.3700257,2026-03-09,March 9th - Monday,w_0086,0.1,0.2,0.0,0.7,97,"[8877, 8881, 8904, 8922, 8923, 8927, 9145, 10016, 10018, 10062, 10055, 10058, 10094, 10096, 10103, 10104, 10110, 10109, 10516, 10515, 10514, 10517, 10522, 10299, 10300, 10301, 10309, 10308, 10310, 10343, 10345, 10344, 10342, 10355, 10210, 10208, 10209, 10326, 10328, 10322, 10191, 2276, 2518, 2277, 2509, 2287, 2508, 2286, 2298, 2300, 2301, 2307, 2495, 2820, 2823, 2827, 2849, 2848, 2850, 2837, 2861, 2866, 2889, 3896, 3898, 3901, 3927, 3946, 3949, 3953, 3966, 3944, 3977, 3976, 3941, 4043, 4042, 4041, 4040, 4051, 4054, 4186, 4080, 4205, 4207, 4212, 5309, 5313, 5335, 5337, 5320, 5322, 5323, 5346, 5357, 5358, 5364]",0.05531560000963509,success,,74.42461752704692,81.90910457247038,21.027756995193187,34.71647310827746,47.00000000000003,45.296461856285696
stl_midamerica_to_st_louis_lambert_2026-03-09_0087,midamerica_to_st_louis_lambert,MidAmerica to St. Louis Lambert,MidAmerica St. Louis Airport,St. Louis Lambert International Airport,38.5451731,-89.8351856,38.7486982,-90.3700257,2026-03-09,March 9th - Monday,w_0087,0.1,0.2,0.1,0.6,97,"[8877, 8881, 8904, 8922, 8923, 8927, 9145, 10016, 10018, 10062, 10055, 10058, 10094, 10096, 10103, 10104, 10110, 10109, 10516, 10512, 10290, 10289, 10294, 10281, 10292, 10293, 10304, 10303, 10302, 10315, 10316, 10317, 10314, 10207, 10206, 10204, 10205, 10323, 10328, 10329, 10327, 2522, 2524, 2523, 2514, 2512, 2513, 2286, 2298, 2300, 2301, 2307, 2495, 2820, 2823, 2827, 2849, 2848, 2850, 2837, 2861, 2866, 2889, 3896, 3898, 3901, 3902, 3914, 3948, 3947, 3945, 3940, 3977, 3976, 3941, 4043, 4042, 4041, 4040, 4051, 4050, 4053, 4076, 4075, 4082, 4084, 5080, 5305, 5307, 5314, 5320, 5322, 5323, 5346, 5357, 5358, 5364]",0.05417340001440607,success,,74.95585156494482,82.49376198568217,21.63619327625477,27.64427014761546,47.00000000000003,43.541041868580734
stl_midamerica_to_st_louis_lambert_2026-03-09_0088,midamerica_to_st_louis_lambert,MidAmerica to St. Louis Lambert,MidAmerica St. Louis Airport,St. Louis Lambert International Airport,38.5451731,-89.8351856,38.7486982,-90.3700257,2026-03-09,March 9th - Monday,w_0088,0.1,0.2,0.2,0.5,97,"[8877, 8881, 8904, 8922, 8923, 8927, 9145, 10016, 10018, 10062, 10055, 10058, 10094, 10096, 10103, 10104, 10110, 10109, 10516, 10512, 10290, 10289, 10294, 10281, 10292, 10293, 10304, 10303, 10302, 10315, 10316, 10317, 10314, 10207, 10206, 10204, 10205, 10323, 10328, 10329, 10327, 2548, 2550, 2556, 2549, 2542, 2540, 2516, 2530, 2534, 2559, 2558, 2840, 2842, 2846, 2869, 2885, 2886, 4087, 4090, 2897, 4095, 2896, 3904, 3925, 3926, 3927, 3914, 3948, 3947, 3945, 3940, 3977, 3976, 3941, 4039, 4038, 4037, 4040, 4051, 4050, 4053, 4076, 4075, 4082, 4084, 5077, 5081, 5083, 5306, 5303, 5318, 5323, 5346, 5357, 5358, 5364]",0.05568910000147298,success,,76.0251129158653,83.67055325069627,23.757624135453977,21.05040866623583,47.60000000000003,41.1286618854076
stl_midamerica_to_st_louis_lambert_2026-03-09_0089,midamerica_to_st_louis_lambert,MidAmerica to St. Louis Lambert,MidAmerica St. Louis Airport,St. Louis Lambert International Airport,38.5451731,-89.8351856,38.7486982,-90.3700257,2026-03-09,March 9th - Monday,w_0089,0.1,0.2,0.3,0.4,97,"[8877, 8881, 8904, 8922, 8923, 8927, 9145, 10016, 10018, 10062, 10055, 10058, 10094, 10096, 10103, 10104, 10110, 10109, 10516, 10512, 10290, 10289, 10294, 10281, 10292, 10293, 10304, 10303, 10302, 10315, 10316, 10317, 10314, 10207, 10206, 10204, 10205, 10189, 10190, 10322, 10327, 2548, 2550, 2556, 2549, 2542, 2540, 2539, 2533, 2536, 2562, 2566, 2844, 2842, 2846, 2869, 2885, 2886, 4087, 4090, 2897, 4095, 4096, 3932, 3930, 3934, 3957, 3965, 3954, 3969, 3971, 4296, 4300, 4316, 4304, 4219, 4224, 4222, 4223, 4231, 4232, 4234, 4266, 4269, 4272, 4586, 5368, 5371, 5373, 5369, 5353, 5352, 5375, 5376, 5588, 5362, 5364]",0.05440339999040589,success,,76.03291527847729,83.67914025532367,24.698755095797722,16.676872658490318,49.800000000000026,38.23072684223902
stl_midamerica_to_st_louis_lambert_2026-03-09_0090,midamerica_to_st_louis_lambert,MidAmerica to St. Louis Lambert,MidAmerica St. Louis Airport,St. Louis Lambert International Airport,38.5451731,-89.8351856,38.7486982,-90.3700257,2026-03-09,March 9th - Monday,w_0090,0.1,0.2,0.4,0.3,97,"[8877, 8881, 8904, 8922, 8923, 8927, 9145, 10016, 10018, 10062, 10055, 10058, 10094, 10096, 10103, 10104, 10110, 10109, 10516, 10512, 10290, 10289, 10294, 10281, 10292, 10293, 10304, 10303, 10302, 10315, 10316, 10317, 10314, 10207, 10206, 10204, 10205, 10189, 10190, 10322, 10327, 2548, 2550, 2556, 2549, 2542, 2546, 2579, 2560, 2564, 2567, 2566, 2844, 2842, 2846, 2869, 2885, 2886, 4087, 4090, 2897, 4095, 4096, 3932, 3930, 3934, 3957, 3965, 3954, 3969, 3971, 4296, 4300, 4316, 4304, 4219, 4224, 4222, 4223, 4231, 4232, 4234, 4266, 4269, 4272, 4586, 5368, 5371, 5373, 5369, 5353, 5352, 5375, 5376, 5363, 5358, 5364]",0.053233199985697865,success,,76.03414129387384,83.68048956455307,24.291103191344796,16.344688269041832,50.40000000000003,34.884144902341006
stl_midamerica_to_st_louis_lambert_2026-03-09_0091,midamerica_to_st_louis_lambert,MidAmerica to St. Louis Lambert,MidAmerica St. Louis Airport,St. Louis Lambert International Airport,38.5451731,-89.8351856,38.7486982,-90.3700257,2026-03-09,March 9th - Monday,w_0091,0.1,0.2,0.5,0.2,97,"[8877, 8881, 8904, 8922, 8923, 8927, 9145, 10016, 10018, 10062, 10055, 10058, 10094, 10096, 10103, 10104, 10110, 10109, 10516, 10512, 10290, 10289, 10294, 10281, 10292, 10293, 10304, 10303, 10302, 10315, 10316, 10317, 10314, 10207, 10206, 10204, 10205, 10189, 10190, 10322, 10327, 2548, 2550, 2556, 2549, 2542, 2546, 2579, 2560, 2564, 2567, 2566, 2844, 2842, 2846, 2869, 2885, 2886, 4087, 4090, 2897, 4095, 4096, 3932, 3930, 3934, 3957, 3965, 3954, 3969, 3971, 4296, 4300, 4316, 4304, 4219, 4224, 4222, 4223, 4231, 4232, 4234, 4266, 4269, 4272, 4586, 5368, 5371, 5373, 5369, 5353, 5352, 5375, 5376, 5363, 5358, 5364]",0.05362859999877401,success,,76.03414129387384,83.68048956455307,24.291103191344796,16.344688269041832,50.40000000000003,31.47861372924519
stl_midamerica_to_st_louis_lambert_2026-03-09_0092,midamerica_to_st_louis_lambert,MidAmerica to St. Louis Lambert,MidAmerica St. Louis Airport,St. Louis Lambert International Airport,38.5451731,-89.8351856,38.7486982,-90.3700257,2026-03-09,March 9th - Monday,w_0092,0.1,0.2,0.6,0.1,99,"[8877, 8873, 8857, 8737, 8732, 8708, 8703, 7679, 7654, 7652, 7631, 7627, 8262, 8257, 8243, 8239, 8214, 8235, 7358, 7357, 7359, 7360, 7352, 7351, 7353, 7367, 7345, 7346, 7368, 7446, 7459, 7458, 7457, 7468, 7436, 7469, 7471, 7481, 7480, 7483, 7311, 7316, 7538, 7541, 7534, 7567, 7573, 7576, 7600, 7605, 1918, 1925, 2114, 2130, 2134, 2135, 2144, 2146, 2147, 2172, 2174, 2199, 2203, 2207, 2341, 2344, 2368, 2374, 2394, 2397, 2712, 2714, 2750, 2744, 2770, 2772, 2777, 3989, 3993, 4006, 4008, 4021, 4045, 4047, 4058, 4062, 4077, 4079, 5077, 5081, 5083, 5306, 5303, 5318, 5323, 5321, 5357, 5358, 5364]",0.05556310000247322,success,,82.02389368304874,90.2725994216152,27.503835741969258,12.705267165125344,56.40000000000001,27.79118738963058
stl_midamerica_to_st_louis_lambert_2026-03-09_0093,midamerica_to_st_louis_lambert,MidAmerica to St. Louis Lambert,MidAmerica St. Louis Airport,St. Louis Lambert International Airport,38.5451731,-89.8351856,38.7486982,-90.3700257,2026-03-09,March 9th - Monday,w_0093,0.1,0.2,0.7,0.0,103,"[8877, 8873, 8857, 8737, 8732, 8708, 8703, 7679, 7654, 7652, 7631, 7627, 8262, 8257, 8243, 8239, 8214, 8235, 7358, 7357, 7359, 7360, 7352, 7351, 7353, 7367, 7345, 7346, 7368, 7446, 7459, 7458, 7457, 7468, 7436, 7469, 7471, 7481, 7480, 7483, 7311, 7316, 7538, 7541, 7534, 7567, 7573, 7576, 7600, 7605, 1918, 1925, 2114, 2130, 2134, 2135, 2144, 2146, 2147, 2172, 2174, 2199, 2203, 2207, 2341, 2340, 2342, 2347, 2366, 2389, 2392, 2396, 2720, 2721, 2727, 2742, 2743, 2681, 2682, 2683, 2686, 2703, 2705, 2707, 4004, 4027, 4032, 4031, 5025, 5031, 5046, 5049, 5054, 5071, 5296, 5300, 5303, 5318, 5323, 5321, 5357, 5358, 5364]",0.056704899994656444,success,,84.05065296144764,92.50317907648912,29.437577652242656,11.498818880400977,60.000000000000014,23.187006654378127
stl_midamerica_to_st_louis_lambert_2026-03-09_0094,midamerica_to_st_louis_lambert,MidAmerica to St. Louis Lambert,MidAmerica St. Louis Airport,St. Louis Lambert International Airport,38.5451731,-89.8351856,38.7486982,-90.3700257,2026-03-09,March 9th - Monday,w_0094,0.1,0.3,0.0,0.6,97,"[8877, 8881, 8904, 8922, 8923, 8927, 9145, 10016, 10018, 10062, 10055, 10058, 10094, 10096, 10103, 10104, 10110, 10109, 10516, 10515, 10514, 10517, 10522, 10299, 10300, 10301, 10309, 10308, 10310, 10343, 10345, 10344, 10342, 10355, 10210, 10208, 10209, 10326, 10328, 10322, 10191, 2276, 2518, 2277, 2509, 2287, 2508, 2286, 2298, 2300, 2301, 2307, 2495, 2820, 2823, 2827, 2849, 2848, 2850, 2837, 2861, 2866, 2889, 3896, 3898, 3901, 3927, 3946, 3949, 3953, 3966, 3944, 3977, 3976, 3941, 4043, 4042, 4041, 4040, 4051, 4054, 4186, 4080, 4205, 4207, 4212, 5309, 5313, 5335, 5337, 5320, 5322, 5323, 5346, 5357, 5358, 5364]",0.05441640000208281,success,,74.42461752704692,81.90910457247038,21.027756995193187,34.71647310827746,47.00000000000003,42.69923755580501
stl_midamerica_to_st_louis_lambert_2026-03-09_0095,midamerica_to_st_louis_lambert,MidAmerica to St. Louis Lambert,MidAmerica St. Louis Airport,St. Louis Lambert International Airport,38.5451731,-89.8351856,38.7486982,-90.3700257,2026-03-09,March 9th - Monday,w_0095,0.1,0.3,0.1,0.5,97,"[8877, 8881, 8904, 8922, 8923, 8927, 9145, 10016, 10018, 10062, 10055, 10058, 10094, 10096, 10103, 10104, 10110, 10109, 10516, 10512, 10290, 10289, 10294, 10281, 10292, 10293, 10304, 10303, 10302, 10315, 10316, 10317, 10314, 10207, 10206, 10204, 10205, 10323, 10328, 10329, 10327, 2548, 2550, 2556, 2549, 2542, 2540, 2516, 2530, 2534, 2559, 2558, 2840, 2842, 2846, 2869, 2885, 2886, 4087, 4090, 2897, 4095, 4096, 3932, 3930, 3934, 3957, 3965, 3954, 3953, 3966, 3944, 3977, 3976, 3941, 4043, 4042, 4041, 4040, 4051, 4050, 4053, 4076, 4075, 4082, 4084, 5080, 5305, 5307, 5314, 5320, 5322, 5323, 5346, 5357, 5358, 5364]",0.05500789999496192,success,,75.49279518931107,83.08470316803695,21.22873262294682,25.092282163147548,47.60000000000003,40.98631832000251
stl_midamerica_to_st_louis_lambert_2026-03-09_0096,midamerica_to_st_louis_lambert,MidAmerica to St. Louis Lambert,MidAmerica St. Louis Airport,St. Louis Lambert International Airport,38.5451731,-89.8351856,38.7486982,-90.3700257,2026-03-09,March 9th - Monday,w_0096,0.1,0.3,0.2,0.4,97,"[8877, 8881, 8904, 8922, 8923, 8927, 9145, 10016, 10018, 10062, 10055, 10058, 10094, 10096, 10103, 10104, 10110, 10109, 10516, 10512, 10290, 10289, 10294, 10281, 10292, 10293, 10304, 10303, 10302, 10315, 10316, 10317, 10314, 10207, 10206, 10204, 10205, 10323, 10328, 10329, 10327, 2548, 2550, 2556, 2549, 2542, 2540, 2516, 2530, 2534, 2559, 2558, 2840, 2842, 2846, 2869, 2885, 2886, 4087, 4090, 2897, 4095, 4096, 3932, 3930, 3934, 3957, 3965, 3954, 3969, 3971, 4296, 4298, 4299, 4301, 4217, 4221, 4222, 4223, 4231, 4232, 4234, 4266, 4269, 4272, 4586, 5343, 5342, 5341, 5366, 5353, 5352, 5375, 5376, 5588, 5362, 5364]",0.053954900009557605,success,,76.56621824803072,84.2660746616186,21.560028245988786,20.16759765313201,49.200000000000024,38.60813547058491
stl_midamerica_to_st_louis_lambert_2026-03-09_0097,midamerica_to_st_louis_lambert,MidAmerica to St. Louis Lambert,MidAmerica St. Louis Airport,St. Louis Lambert International Airport,38.5451731,-89.8351856,38.7486982,-90.3700257,2026-03-09,March 9th - Monday,w_0097,0.1,0.3,0.3,0.3,97,"[8877, 8881, 8904, 8922, 8923, 8927, 9145, 10016, 10018, 10062, 10055, 10058, 10094, 10096, 10103, 10104, 10110, 10109, 10516, 10512, 10290, 10289, 10294, 10281, 10292, 10293, 10304, 10303, 10302, 10315, 10316, 10317, 10314, 10207, 10206, 10204, 10205, 10189, 10190, 10322, 10327, 2548, 2550, 2556, 2549, 2542, 2546, 2579, 2560, 2564, 2567, 2566, 2844, 2842, 2846, 2869, 2885, 2886, 4087, 4090, 2897, 4095, 4096, 3932, 3930, 3934, 3957, 3965, 3954, 3969, 3971, 4296, 4298, 4299, 4301, 4217, 4221, 4222, 4223, 4231, 4232, 4234, 4266, 4269, 4272, 4586, 5343, 5342, 5341, 5366, 5353, 5352, 5375, 5376, 5588, 5362, 5364]",0.05291410000063479,success,,76.03358091281265,83.67987282895584,21.03675545786171,19.16536665715906,50.40000000000003,35.54862391740183
stl_midamerica_to_st_louis_lambert_2026-03-09_0098,midamerica_to_st_louis_lambert,MidAmerica to St. Louis Lambert,MidAmerica St. Louis Airport,St. Louis Lambert International Airport,38.5451731,-89.8351856,38.7486982,-90.3700257,2026-03-09,March 9th - Monday,w_0098,0.1,0.3,0.4,0.2,100,"[8877, 8881, 8905, 8906, 8933, 8929, 9143, 9146, 9173, 10020, 10063, 10068, 10070, 10095, 10099, 10422, 10101, 10106, 10104, 10110, 10109, 10516, 10512, 10290, 10289, 10294, 10281, 10292, 10293, 10304, 10303, 10302, 10315, 10316, 10317, 10314, 10207, 10206, 10204, 10205, 10189, 10190, 10322, 10327, 2548, 2550, 2556, 2549, 2542, 2546, 2579, 2560, 2564, 2567, 2566, 2844, 2842, 2846, 2869, 2885, 2886, 4087, 4090, 2897, 4095, 4096, 3932, 3930, 3934, 3957, 3965, 3954, 3969, 3971, 4296, 4300, 4316, 4304, 4219, 4224, 4222, 4223, 4231, 4232, 4234, 4266, 4269, 4272, 4586, 5368, 5371, 5373, 5369, 5353, 5352, 5375, 5376, 5363, 5358, 5364]",0.05520900001283735,success,,77.15893735628444,84.91840037095004,23.087172967795354,16.344688269041832,51.400000000000034,32.23586723505035
stl_midamerica_to_st_louis_lambert_2026-03-09_0099,midamerica_to_st_louis_lambert,MidAmerica to St. Louis Lambert,MidAmerica St. Louis Airport,St. Louis Lambert International Airport,38.5451731,-89.8351856,38.7486982,-90.3700257,2026-03-09,March 9th - Monday,w_0099,0.1,0.3,0.5,0.1,100,"[8877, 8881, 8905, 8906, 8933, 8929, 9143, 9146, 9173, 10020, 10063, 10068, 10070, 10095, 10099, 10422, 10101, 10106, 10104, 10110, 10109, 10516, 10515, 10514, 10517, 10298, 10295, 10296, 10297, 10307, 10308, 10533, 10363, 10350, 10351, 10362, 10372, 10374, 10379, 10614, 10407, 10410, 10411, 10408, 2604, 10734, 10735, 2607, 10715, 10714, 10713, 10722, 2597, 2592, 2591, 2844, 2842, 2846, 2869, 2885, 2886, 4087, 4090, 2897, 4095, 4096, 3932, 3930, 3934, 3957, 3965, 3954, 3969, 3971, 4296, 4300, 4316, 4304, 4219, 4224, 4222, 4223, 4231, 4232, 4234, 4266, 4269, 4272, 4586, 5368, 5371, 5373, 5369, 5353, 5352, 5375, 5376, 5363, 5358, 5364]",0.055640699982177466,success,,78.23176563668737,86.09911727253025,21.596323769601423,16.621887346685376,53.20000000000003,28.719752531476143
stl_midamerica_to_st_louis_lambert_2026-03-09_0100,midamerica_to_st_louis_lambert,MidAmerica to St. Louis Lambert,MidAmerica St. Louis Airport,St. Louis Lambert International Airport,38.5451731,-89.8351856,38.7486982,-90.3700257,2026-03-09,March 9th - Monday,w_0100,0.1,0.3,0.6,0.0,114,"[8877, 8873, 8857, 8737, 8732, 8708, 8703, 7679, 7654, 7652, 7631, 7627, 8262, 8257, 8243, 8239, 8214, 8235, 7358, 7357, 7359, 7360, 7352, 7351, 7353, 7367, 7345, 7346, 7368, 7446, 7459, 7458, 7457, 7468, 7436, 7469, 7471, 7481, 7480, 7483, 7311, 7316, 7538, 7541, 7534, 7567, 7573, 7576, 7600, 7605, 1918, 1925, 2114, 2130, 2134, 2135, 2144, 2179, 2181, 2184, 2186, 2421, 2205, 2448, 2453, 2456, 2479, 2482, 2483, 2487, 2809, 2813, 2816, 2858, 2863, 2864, 2889, 2892, 2895, 3904, 3925, 3930, 3934, 3957, 3965, 3954, 3969, 3971, 4296, 4300, 4316, 4304, 4219, 4224, 4222, 4223, 4231, 4232, 4234, 4266, 4269, 4272, 4586, 5368, 5371, 5373, 5369, 5353, 5352, 5375, 5376, 5363, 5358, 5364]",0.0557987000211142,success,,89.79276725057447,98.82274718987905,18.134009790737743,15.06905762029649,68.20000000000002,24.36391222838712
stl_midamerica_to_st_louis_lambert_2026-03-09_0101,midamerica_to_st_louis_lambert,MidAmerica to St. Louis Lambert,MidAmerica St. Louis Airport,St. Louis Lambert International Airport,38.5451731,-89.8351856,38.7486982,-90.3700257,2026-03-09,March 9th - Monday,w_0101,0.1,0.4,0.0,0.5,119,"[8877, 8880, 8902, 8917, 8943, 8947, 8951, 9043, 9047, 9051, 9252, 9279, 9280, 9292, 9316, 9320, 9447, 9470, 9473, 9498, 9488, 9466, 9467, 9489, 9480, 9481, 9485, 9487, 10502, 10504, 10508, 10823, 10833, 10832, 10501, 10817, 10815, 10816, 10814, 10597, 10598, 10599, 10596, 10591, 10602, 10603, 10604, 10913, 10914, 10580, 10399, 10392, 10369, 10366, 10372, 10360, 10356, 10352, 10326, 10328, 10322, 10191, 2276, 2518, 2277, 2509, 2287, 2508, 2286, 2298, 2300, 2301, 2307, 2495, 2820, 2823, 2827, 2849, 2848, 2850, 2837, 2861, 2866, 2889, 3896, 3898, 3901, 3927, 3946, 3949, 3953, 3966, 3944, 3977, 3976, 3941, 4043, 4066, 4067, 4068, 4185, 4187, 4188, 4076, 4075, 4082, 4084, 5080, 5084, 5310, 5311, 5337, 5320, 5322, 5323, 5346, 5357, 5358, 5364]",0.0554192999843508,success,,93.28185757416979,102.66271672783884,14.598449631436646,40.60753694225749,47.40000000000003,39.805651525358556
stl_midamerica_to_st_louis_lambert_2026-03-09_0102,midamerica_to_st_louis_lambert,MidAmerica to St. Louis Lambert,MidAmerica St. Louis Airport,St. Louis Lambert International Airport,38.5451731,-89.8351856,38.7486982,-90.3700257,2026-03-09,March 9th - Monday,w_0102,0.1,0.4,0.1,0.4,98,"[8877, 8881, 8904, 8922, 8923, 8927, 9145, 10016, 10018, 10062, 10055, 10058, 10094, 10096, 10103, 10104, 10110, 10109, 10516, 10515, 10514, 10517, 10298, 10295, 10296, 10297, 10307, 10308, 10533, 10363, 10350, 10351, 10362, 10372, 10374, 10379, 10614, 10407, 10410, 10411, 10408, 2604, 2605, 2602, 2575, 2587, 10714, 10713, 10722, 2597, 10723, 2596, 2876, 2875, 2874, 2873, 2885, 2886, 4087, 4090, 2897, 4095, 4096, 3932, 3930, 3934, 3957, 3965, 3954, 3953, 3966, 3944, 3977, 3976, 3941, 4043, 4042, 4041, 4040, 4051, 4050, 4053, 4076, 4075, 4082, 4084, 5080, 5084, 5310, 5311, 5337, 5320, 5322, 5323, 5346, 5357, 5358, 5364]",0.05361830000765622,success,,74.80891071989579,82.33204408315194,17.135956585678667,27.391042088860065,50.400000000000034,37.98669125147268
stl_midamerica_to_st_louis_lambert_2026-03-09_0103,midamerica_to_st_louis_lambert,MidAmerica to St. Louis Lambert,MidAmerica St. Louis Airport,St. Louis Lambert International Airport,38.5451731,-89.8351856,38.7486982,-90.3700257,2026-03-09,March 9th - Monday,w_0103,0.1,0.4,0.2,0.3,100,"[8877, 8881, 8905, 8906, 8933, 8929, 9143, 9146, 9173, 10020, 10063, 10068, 10070, 10095, 10099, 10422, 10101, 10106, 10104, 10110, 10109, 10516, 10515, 10514, 10517, 10298, 10295, 10296, 10297, 10307, 10308, 10533, 10363, 10350, 10351, 10362, 10372, 10374, 10379, 10614, 10407, 10410, 10411, 10408, 2604, 2605, 2606, 2607, 10716, 10717, 10718, 10726, 10725, 10727, 10724, 2876, 2875, 2874, 2873, 2885, 2886, 4087, 4090, 2897, 4095, 4096, 3932, 3930, 3934, 3957, 3965, 3954, 3969, 3971, 4296, 4298, 4299, 4301, 4217, 4221, 4222, 4223, 4231, 4232, 4234, 4266, 4269, 4272, 4586, 5343, 5342, 5341, 5366, 5353, 5352, 5375, 5376, 5588, 5362, 5364]",0.05309520001173951,success,,76.09885799947156,83.751714484244,18.266736330713975,20.3619618942315,52.60000000000004,35.534258359556304
stl_midamerica_to_st_louis_lambert_2026-03-09_0104,midamerica_to_st_louis_lambert,MidAmerica to St. Louis Lambert,MidAmerica St. Louis Airport,St. Louis Lambert International Airport,38.5451731,-89.8351856,38.7486982,-90.3700257,2026-03-09,March 9th - Monday,w_0104,0.1,0.4,0.3,0.2,100,"[8877, 8881, 8905, 8906, 8933, 8929, 9143, 9146, 9173, 10020, 10063, 10068, 10070, 10095, 10099, 10422, 10101, 10106, 10104, 10110, 10109, 10516, 10515, 10514, 10517, 10298, 10295, 10296, 10297, 10307, 10308, 10533, 10363, 10350, 10351, 10362, 10372, 10374, 10379, 10614, 10407, 10410, 10411, 10408, 2604, 2605, 2606, 2607, 10715, 10714, 10713, 10722, 2597, 10723, 2593, 2868, 2870, 2874, 2873, 2885, 2886, 4087, 4090, 2897, 4095, 4096, 3932, 3930, 3934, 3957, 3965, 3954, 3969, 3971, 4296, 4298, 4299, 4301, 4217, 4221, 4222, 4223, 4231, 4232, 4234, 4266, 4269, 4272, 4586, 5343, 5342, 5341, 5366, 5353, 5352, 5375, 5376, 5588, 5362, 5364]",0.05390490000718273,success,,77.16490127302812,84.92496404700853,18.304356183416157,19.903720235656532,52.60000000000004,32.30535494876428
stl_midamerica_to_st_louis_lambert_2026-03-09_0105,midamerica_to_st_louis_lambert,MidAmerica to St. Louis Lambert,MidAmerica St. Louis Airport,St. Louis Lambert International Airport,38.5451731,-89.8351856,38.7486982,-90.3700257,2026-03-09,March 9th - Monday,w_0105,0.1,0.4,0.4,0.1,100,"[8877, 8881, 8905, 8906, 8933, 8929, 9143, 9146, 9173, 10020, 10063, 10068, 10070, 10095, 10099, 10422, 10101, 10106, 10104, 10110, 10109, 10516, 10515, 10514, 10517, 10298, 10295, 10296, 10297, 10307, 10308, 10533, 10363, 10350, 10351, 10362, 10372, 10374, 10379, 10614, 10407, 10410, 10411, 10408, 2604, 2605, 2606, 2607, 10715, 10714, 10713, 10722, 2597, 2592, 2591, 2844, 2842, 2846, 2869, 2885, 2886, 4087, 4090, 2897, 4095, 4096, 3932, 3930, 3934, 3957, 3965, 3954, 3969, 3971, 4296, 4298, 4299, 4301, 4217, 4221, 4222, 4223, 4231, 4232, 4234, 4266, 4269, 4272, 4586, 5343, 5342, 5341, 5366, 5353, 5352, 5375, 5376, 5363, 5358, 5364]",0.05328630001167767,success,,78.2316688086965,86.09901070706456,18.34197603611834,19.502884487265682,52.60000000000004,29.00784528006007
stl_midamerica_to_st_louis_lambert_2026-03-09_0106,midamerica_to_st_louis_lambert,MidAmerica to St. Louis Lambert,MidAmerica St. Louis Airport,St. Louis Lambert International Airport,38.5451731,-89.8351856,38.7486982,-90.3700257,2026-03-09,March 9th - Monday,w_0106,0.1,0.4,0.5,0.0,115,"[8877, 8873, 8857, 8737, 8732, 8709, 8705, 8702, 7656, 7651, 7648, 8263, 8261, 8258, 8232, 8240, 8213, 8214, 8235, 7358, 7357, 7359, 7360, 7352, 7351, 7353, 7367, 7345, 7346, 7368, 7446, 7459, 7458, 7457, 7468, 7436, 7469, 7471, 7481, 7480, 7483, 7311, 7316, 7538, 7541, 7534, 7567, 7573, 7576, 7600, 7605, 1918, 1925, 2114, 2130, 2134, 2135, 2144, 2179, 2181, 2184, 2186, 2421, 2205, 2448, 2453, 2456, 2479, 2482, 2483, 2487, 2809, 2813, 2816, 2858, 2863, 2864, 2889, 2892, 2895, 3904, 3925, 3930, 3934, 3957, 3965, 3954, 3969, 3971, 4296, 4300, 4316, 4304, 4219, 4224, 4222, 4223, 4231, 4232, 4234, 4266, 4269, 4272, 4586, 5343, 5365, 5341, 5366, 5353, 5352, 5375, 5376, 5363, 5358, 5364]",0.05369080000673421,success,,90.70049047815668,99.82175530361069,16.22148024865063,16.387817129290358,69.20000000000002,24.6646761944665
stl_midamerica_to_st_louis_lambert_2026-03-09_0107,midamerica_to_st_louis_lambert,MidAmerica to St. Louis Lambert,MidAmerica St. Louis Airport,St. Louis Lambert International Airport,38.5451731,-89.8351856,38.7486982,-90.3700257,2026-03-09,March 9th - Monday,w_0107,0.1,0.5,0.0,0.4,119,"[8877, 8880, 8902, 8917, 8943, 8947, 8951, 9043, 9047, 9051, 9252, 9279, 9280, 9292, 9316, 9320, 9447, 9470, 9473, 9498, 9488, 9466, 9467, 9489, 9480, 9481, 9485, 9487, 10502, 10504, 10508, 10823, 10833, 10832, 10501, 10817, 10815, 10816, 10814, 10597, 10598, 10599, 10596, 10591, 10602, 10603, 10604, 10913, 10914, 10580, 10399, 10392, 10369, 10370, 10381, 10380, 10379, 10378, 10391, 10402, 10403, 10390, 2577, 2576, 2598, 2575, 2587, 10714, 10713, 10722, 2597, 10723, 2596, 2876, 2875, 2874, 2873, 2885, 2886, 2884, 2883, 2893, 4095, 4096, 3932, 3933, 3958, 3962, 3967, 3954, 3953, 3966, 3944, 3977, 3976, 3941, 4043, 4066, 4067, 4068, 4185, 4187, 4188, 4076, 4075, 4082, 4084, 5080, 5084, 5310, 5311, 5337, 5320, 5322, 5323, 5346, 5357, 5358, 5364]",0.05435099999886006,success,,90.09224420146406,99.15234094128195,12.648575706973194,37.98256183844794,49.80000000000003,36.159521947614806
stl_midamerica_to_st_louis_lambert_2026-03-09_0108,midamerica_to_st_louis_lambert,MidAmerica to St. Louis Lambert,MidAmerica St. Louis Airport,St. Louis Lambert International Airport,38.5451731,-89.8351856,38.7486982,-90.3700257,2026-03-09,March 9th - Monday,w_0108,0.1,0.5,0.1,0.3,101,"[8877, 8881, 8905, 8906, 8933, 8929, 9143, 9146, 9173, 10020, 10063, 10068, 10070, 10095, 10099, 10422, 10101, 10106, 10104, 10110, 10109, 10516, 10515, 10514, 10517, 10298, 10295, 10296, 10297, 10307, 10308, 10533, 10363, 10350, 10351, 10362, 10372, 10374, 10379, 10614, 10407, 10410, 10411, 10408, 2604, 2605, 2606, 2603, 10715, 10714, 10713, 10722, 2597, 10723, 2596, 2876, 2875, 2874, 2873, 2885, 2886, 4087, 4090, 2897, 4095, 4096, 3932, 3933, 3958, 3962, 3965, 3954, 3953, 3966, 3944, 3977, 3976, 3941, 4043, 4066, 4067, 4068, 4185, 4187, 4188, 4076, 4075, 4082, 4084, 5080, 5084, 5310, 5311, 5337, 5320, 5322, 5323, 5346, 5357, 5358, 5364]",0.05477529999916442,success,,75.9350943316569,83.57148197734091,14.84607386005303,28.995416109259676,52.400000000000034,34.39972673868658
stl_midamerica_to_st_louis_lambert_2026-03-09_0109,midamerica_to_st_louis_lambert,MidAmerica to St. Louis Lambert,MidAmerica St. Louis Airport,St. Louis Lambert International Airport,38.5451731,-89.8351856,38.7486982,-90.3700257,2026-03-09,March 9th - Monday,w_0109,0.1,0.5,0.2,0.2,101,"[8877, 8881, 8905, 8906, 8933, 8929, 9143, 9146, 9173, 10020, 10063, 10068, 10070, 10095, 10099, 10422, 10101, 10106, 10104, 10110, 10109, 10516, 10515, 10514, 10517, 10298, 10295, 10296, 10297, 10307, 10308, 10533, 10363, 10350, 10351, 10362, 10372, 10374, 10379, 10614, 10407, 10410, 10411, 10408, 2604, 2605, 2606, 2607, 10716, 10717, 10718, 10726, 10725, 10727, 10724, 2876, 2875, 2874, 2873, 2885, 2886, 4087, 4090, 2897, 4095, 4096, 3932, 3933, 3958, 3962, 3965, 3954, 3953, 3952, 3940, 3977, 3976, 3941, 4043, 4042, 4041, 4044, 4052, 4187, 4188, 4076, 4075, 4082, 4084, 5080, 5084, 5310, 5311, 5337, 5320, 5322, 5323, 5346, 5357, 5358, 5364]",0.05204129999037832,success,,77.00197510853555,84.74565326667206,15.134255100967684,26.904929395594845,52.400000000000034,31.902678756270028
stl_midamerica_to_st_louis_lambert_2026-03-09_0110,midamerica_to_st_louis_lambert,MidAmerica to St. Louis Lambert,MidAmerica St. Louis Airport,St. Louis Lambert International Airport,38.5451731,-89.8351856,38.7486982,-90.3700257,2026-03-09,March 9th - Monday,w_0110,0.1,0.5,0.3,0.1,100,"[8877, 8881, 8905, 8906, 8933, 8929, 9143, 9146, 9173, 10020, 10063, 10068, 10070, 10095, 10099, 10422, 10101, 10106, 10104, 10110, 10109, 10516, 10515, 10514, 10517, 10298, 10295, 10296, 10297, 10307, 10308, 10533, 10363, 10350, 10351, 10362, 10372, 10374, 10379, 10614, 10407, 10410, 10411, 10408, 2604, 2605, 2606, 2607, 10715, 10714, 10713, 10722, 2597, 10723, 2593, 2868, 2870, 2874, 2873, 2885, 2886, 4087, 4090, 2897, 4095, 4096, 3932, 3933, 3958, 3962, 3965, 3954, 3969, 3971, 4296, 4298, 4299, 4301, 4217, 4221, 4222, 4223, 4231, 4232, 4234, 4266, 4269, 4272, 4586, 5343, 5342, 5341, 5366, 5353, 5352, 5375, 5376, 5588, 5362, 5364]",0.05431400000816211,success,,77.69855146598174,85.51228059510997,18.181986439676525,19.903720235656532,52.60000000000004,28.87333735004622
stl_midamerica_to_st_louis_lambert_2026-03-09_0111,midamerica_to_st_louis_lambert,MidAmerica to St. Louis Lambert,MidAmerica St. Louis Airport,St. Louis Lambert International Airport,38.5451731,-89.8351856,38.7486982,-90.3700257,2026-03-09,March 9th - Monday,w_0111,0.1,0.5,0.4,0.0,167,"[8877, 8880, 8902, 8917, 8943, 8947, 8951, 9043, 9046, 9050, 9285, 9287, 9291, 9313, 9317, 9320, 9528, 9530, 9534, 9537, 9579, 9583, 9587, 9600, 9604, 11813, 11817, 11821, 11834, 11838, 11841, 11876, 11881, 11905, 11908, 11911, 12125, 12129, 12156, 12157, 12183, 12186, 12190, 12499, 12303, 12304, 12331, 12329, 12323, 12356, 12359, 12373, 12374, 13422, 13425, 12868, 12872, 12874, 12901, 12894, 12917, 12920, 13147, 13161, 13163, 13169, 13170, 13089, 13092, 13125, 13111, 13109, 13113, 13139, 13296, 13295, 13294, 13297, 13275, 13276, 13274, 13277, 13280, 13279, 13281, 13285, 13283, 13284, 13282, 6470, 6469, 6465, 6463, 6473, 6475, 6472, 6474, 6461, 6460, 6505, 6508, 6490, 6489, 6372, 6484, 6487, 6486, 6488, 6381, 6380, 6378, 6379, 6492, 6496, 6499, 6498, 6501, 6274, 6500, 6281, 6280, 6278, 6277, 6976, 6975, 6974, 6973, 6969, 6971, 6954, 6952, 6984, 6945, 6946, 6987, 6879, 6880, 6881, 6977, 6978, 6872, 6867, 6853, 6828, 6829, 6827, 6717, 6714, 6710, 5780, 5779, 5744, 5755, 5730, 5727, 5713, 5707, 5698, 5695, 5471, 5647, 5612, 5608, 5594, 5591, 5587, 5364]",0.051163500000257045,success,,123.77707697496592,136.22467778128308,8.332275715459275,16.38800168602326,65.80000000000005,24.34380631026725
stl_midamerica_to_st_louis_lambert_2026-03-09_0112,midamerica_to_st_louis_lambert,MidAmerica to St. Louis Lambert,MidAmerica St. Louis Airport,St. Louis Lambert International Airport,38.5451731,-89.8351856,38.7486982,-90.3700257,2026-03-09,March 9th - Monday,w_0112,0.1,0.6,0.0,0.3,119,"[8877, 8880, 8902, 8917, 8943, 8947, 8951, 9043, 9047, 9051, 9252, 9279, 9280, 9292, 9316, 9320, 9447, 9470, 9473, 9498, 9488, 9466, 9467, 9489, 9480, 9481, 9485, 9487, 10502, 10504, 10508, 10823, 10833, 10832, 10501, 10817, 10815, 10816, 10814, 10597, 10598, 10599, 10596, 10591, 10602, 10603, 10604, 10913, 10914, 10580, 10399, 10392, 10369, 10370, 10381, 10380, 10379, 10614, 10407, 10410, 10411, 10408, 2604, 2605, 2606, 2603, 10715, 10714, 10713, 10722, 2597, 10723, 2596, 2876, 2875, 2874, 2873, 2885, 2886, 2884, 2883, 2893, 4095, 4096, 3932, 3933, 3958, 3962, 3967, 3954, 3953, 3966, 3944, 3977, 3976, 3941, 4043, 4066, 4067, 4068, 4185, 4187, 4188, 4076, 4075, 4082, 4084, 5080, 5084, 5310, 5311, 5337, 5320, 5322, 5323, 5346, 5357, 5358, 5364]",0.052994800003943965,success,,90.0929044869205,99.15306762812693,12.288917930016117,36.664485940135,50.400000000000034,32.40865752082237
stl_midamerica_to_st_louis_lambert_2026-03-09_0113,midamerica_to_st_louis_lambert,MidAmerica to St. Louis Lambert,MidAmerica St. Louis Airport,St. Louis Lambert International Airport,38.5451731,-89.8351856,38.7486982,-90.3700257,2026-03-09,March 9th - Monday,w_0113,0.1,0.6,0.1,0.2,101,"[8877, 8881, 8905, 8906, 8933, 8929, 9143, 9146, 9173, 10020, 10063, 10068, 10070, 10095, 10099, 10422, 10101, 10106, 10104, 10110, 10109, 10516, 10515, 10514, 10517, 10298, 10295, 10296, 10297, 10307, 10308, 10533, 10363, 10350, 10351, 10362, 10372, 10374, 10379, 10614, 10407, 10410, 10411, 10408, 2604, 2605, 2606, 2603, 10715, 10714, 10713, 10722, 2597, 10723, 2596, 2876, 2875, 2874, 2873, 2885, 2886, 4087, 4090, 2897, 4095, 4096, 3932, 3933, 3958, 3962, 3967, 3954, 3953, 3966, 3944, 3977, 3976, 3941, 4043, 4066, 4067, 4068, 4185, 4187, 4188, 4076, 4075, 4082, 4084, 5080, 5084, 5310, 5311, 5337, 5320, 5322, 5323, 5346, 5357, 5358, 5364]",0.05289469999843277,success,,75.93513594692911,83.57152777763918,14.738200902303424,29.58741951290579,52.400000000000034,30.63881527043656
stl_midamerica_to_st_louis_lambert_2026-03-09_0114,midamerica_to_st_louis_lambert,MidAmerica to St. Louis Lambert,MidAmerica St. Louis Airport,St. Louis Lambert International Airport,38.5451731,-89.8351856,38.7486982,-90.3700257,2026-03-09,March 9th - Monday,w_0114,0.1,0.6,0.2,0.1,166,"[8877, 8880, 8902, 8917, 8943, 8947, 8951, 9043, 9047, 9051, 9252, 9279, 9280, 9292, 9315, 9319, 9528, 9530, 9534, 9537, 9579, 9583, 9587, 9600, 9604, 11813, 11817, 11821, 11834, 11838, 11841, 11876, 11881, 11905, 11897, 11901, 12108, 12129, 12156, 12157, 12183, 12186, 12190, 12499, 12303, 12304, 12331, 12329, 12323, 12356, 12359, 12373, 12374, 13422, 13425, 12868, 12872, 12874, 12901, 12894, 12917, 12920, 13147, 13161, 13163, 13169, 13170, 13089, 13092, 13090, 13081, 13083, 13080, 13105, 13117, 13103, 13102, 13101, 12991, 12993, 12990, 12992, 12999, 13000, 12996, 12978, 12977, 12980, 12979, 6406, 6403, 6405, 6407, 6419, 6417, 6415, 6414, 6426, 6428, 6427, 6430, 6341, 6340, 6365, 6352, 6482, 6486, 6488, 6381, 6380, 6378, 6379, 6492, 6496, 6499, 6498, 6501, 6274, 6500, 6281, 6280, 6278, 6277, 6976, 6975, 6974, 6973, 6969, 6971, 6954, 6952, 6984, 6945, 6946, 6987, 6879, 6880, 6881, 6977, 6978, 6872, 6867, 6853, 6830, 6826, 6800, 6798, 6795, 5780, 5779, 5744, 5755, 5730, 5727, 5713, 5707, 5698, 5695, 5471, 5647, 5612, 5608, 5594, 5591, 5587, 5364]",0.05545670000719838,success,,126.00349793094001,138.67499802429882,6.469247613066058,19.12629199524954,63.00000000000005,27.87430676931943
stl_midamerica_to_st_louis_lambert_2026-03-09_0115,midamerica_to_st_louis_lambert,MidAmerica to St. Louis Lambert,MidAmerica St. Louis Airport,St. Louis Lambert International Airport,38.5451731,-89.8351856,38.7486982,-90.3700257,2026-03-09,March 9th - Monday,w_0115,0.1,0.6,0.3,0.0,135,"[8877, 8880, 8903, 8907, 8932, 8937, 9144, 9148, 9151, 9177, 10064, 10067, 10071, 10084, 10088, 10413, 10416, 10420, 10444, 10448, 10474, 10476, 10480, 10503, 10508, 10823, 10833, 10834, 10836, 10819, 10820, 10821, 10818, 10924, 10931, 10955, 10956, 10967, 10968, 10992, 10994, 11009, 11011, 11334, 11337, 11148, 11150, 11183, 11178, 11181, 11196, 11199, 11423, 11425, 11430, 11465, 11558, 11561, 11556, 11555, 11549, 11585, 11589, 11591, 11597, 6115, 6117, 4799, 4798, 4801, 4800, 4826, 4831, 4855, 4856, 4870, 6285, 6286, 6291, 6237, 6241, 6244, 6251, 6268, 6273, 6274, 6500, 6281, 6280, 6278, 6277, 6976, 6975, 6974, 6973, 6969, 6971, 6954, 6952, 6984, 6945, 6946, 6987, 6879, 6880, 6881, 6977, 6978, 6872, 6867, 6853, 6828, 6829, 6827, 6717, 6714, 6710, 5780, 5779, 5744, 5755, 5730, 5727, 5713, 5707, 5698, 5695, 5471, 5647, 5612, 5608, 5594, 5591, 5587, 5364]",0.04946599999675527,success,,106.07477595367713,116.742150712882,9.110845424065014,20.571182024754176,71.00000000000007,23.31207693315346
stl_midamerica_to_st_louis_lambert_2026-03-09_0116,midamerica_to_st_louis_lambert,MidAmerica to St. Louis Lambert,MidAmerica St. Louis Airport,St. Louis Lambert International Airport,38.5451731,-89.8351856,38.7486982,-90.3700257,2026-03-09,March 9th - Monday,w_0116,0.1,0.7,0.0,0.2,119,"[8877, 8880, 8902, 8917, 8943, 8947, 8951, 9043, 9047, 9051, 9252, 9279, 9280, 9292, 9316, 9320, 9447, 9470, 9473, 9498, 9488, 9466, 9467, 9489, 9480, 9481, 9485, 9487, 10502, 10504, 10508, 10823, 10833, 10832, 10501, 10817, 10815, 10816, 10814, 10597, 10598, 10599, 10596, 10591, 10602, 10603, 10604, 10913, 10914, 10580, 10399, 10392, 10369, 10370, 10381, 10380, 10379, 10614, 10407, 10410, 10411, 10408, 2604, 2605, 2606, 2603, 10715, 10714, 10713, 10722, 2597, 10723, 2596, 2876, 2875, 2874, 2873, 2885, 2886, 2884, 2883, 2893, 4095, 4096, 3932, 3933, 3958, 3962, 3967, 3954, 3953, 3966, 3944, 3977, 3976, 3941, 4043, 4066, 4067, 4068, 4185, 4187, 4188, 4076, 4075, 4082, 4084, 5080, 5084, 5310, 5311, 5337, 5320, 5322, 5323, 5346, 5357, 5358, 5364]",0.051224299997556955,success,,90.0929044869205,99.15306762812693,12.288917930016117,36.664485940135,50.400000000000034,28.597549313823983
stl_midamerica_to_st_louis_lambert_2026-03-09_0117,midamerica_to_st_louis_lambert,MidAmerica to St. Louis Lambert,MidAmerica St. Louis Airport,St. Louis Lambert International Airport,38.5451731,-89.8351856,38.7486982,-90.3700257,2026-03-09,March 9th - Monday,w_0117,0.1,0.7,0.1,0.1,170,"[8877, 8880, 8902, 8917, 8943, 8947, 8951, 9043, 9047, 9051, 9252, 9279, 9303, 9304, 9311, 9334, 9338, 9342, 9549, 9554, 9568, 9573, 9577, 9591, 9595, 11823, 11827, 11829, 11853, 11857, 11861, 11867, 11870, 11894, 11898, 12103, 12105, 12111, 12133, 12137, 12163, 12166, 12170, 12496, 12502, 12504, 12529, 12532, 12347, 12350, 13412, 13415, 13433, 13435, 13460, 13458, 13481, 13485, 13500, 12911, 12914, 12940, 12944, 13188, 13192, 13205, 13194, 13217, 13174, 13215, 13216, 13094, 13092, 13125, 13111, 13109, 13110, 13108, 13118, 13119, 13116, 13115, 13015, 13016, 13017, 12994, 13001, 13003, 13002, 13006, 13005, 13007, 13008, 6411, 6432, 6433, 6434, 6444, 6417, 6415, 6414, 6426, 6428, 6427, 6430, 6341, 6340, 6365, 6352, 6482, 6486, 6488, 6381, 6380, 6378, 6379, 6497, 6496, 6499, 6498, 6501, 6274, 6500, 6281, 6280, 6278, 6277, 6976, 6975, 6974, 6973, 6969, 6971, 6968, 6970, 6988, 6985, 6986, 6987, 6879, 6880, 6881, 6977, 6978, 6872, 6867, 6853, 6830, 6826, 6800, 6798, 6795, 5780, 5779, 5744, 5755, 5730, 5727, 5713, 5707, 5698, 5695, 5471, 5647, 5612, 5608, 5594, 5591, 5587, 5364]",0.05294490000233054,success,,125.28041524473602,137.87919876691856,6.1027878929885375,21.87530769970507,62.40000000000005,26.487402171754347
stl_midamerica_to_st_louis_lambert_2026-03-09_0118,midamerica_to_st_louis_lambert,MidAmerica to St. Louis Lambert,MidAmerica St. Louis Airport,St. Louis Lambert International Airport,38.5451731,-89.8351856,38.7486982,-90.3700257,2026-03-09,March 9th - Monday,w_0118,0.1,0.7,0.2,0.0,169,"[8877, 8880, 8902, 8917, 8943, 8947, 8951, 9043, 9046, 9050, 9285, 9287, 9291, 9313, 9317, 9320, 9528, 9530, 9534, 9537, 9579, 9583, 9587, 9600, 9604, 11813, 11817, 11821, 11834, 11838, 11841, 11876, 11881, 11905, 11897, 11901, 12108, 12109, 12133, 12137, 12163, 12166, 12170, 12496, 12501, 12527, 12526, 12326, 12304, 12331, 12329, 12323, 12356, 12359, 12373, 12374, 13422, 13425, 12868, 12872, 12874, 12901, 12894, 12917, 12920, 13147, 13161, 13163, 13169, 13170, 13089, 13092, 13090, 13081, 13083, 13080, 13105, 13117, 13103, 13102, 13101, 12991, 12993, 12990, 12992, 12999, 13000, 12996, 12978, 12977, 12980, 12979, 6406, 6403, 6405, 6407, 6419, 6417, 6415, 6414, 6426, 6428, 6427, 6430, 6341, 6340, 6365, 6352, 6482, 6486, 6488, 6381, 6380, 6378, 6379, 6492, 6496, 6499, 6498, 6501, 6274, 6500, 6281, 6280, 6278, 6277, 6976, 6975, 6974, 6973, 6969, 6971, 6954, 6952, 6984, 6945, 6946, 6987, 6879, 6880, 6881, 6977, 6978, 6872, 6867, 6853, 6830, 6826, 6800, 6798, 6795, 5780, 5779, 5744, 5755, 5730, 5727, 5713, 5707, 5698, 5695, 5471, 5647, 5612, 5608, 5594, 5591, 5587, 5364]",0.0513861000072211,success,,125.54812098291107,138.1738262441087,6.413752099656463,19.12629199524954,66.00000000000006,22.132267493220304
stl_midamerica_to_st_louis_lambert_2026-03-09_0119,midamerica_to_st_louis_lambert,MidAmerica to St. Louis Lambert,MidAmerica St. Louis Airport,St. Louis Lambert International Airport,38.5451731,-89.8351856,38.7486982,-90.3700257,2026-03-09,March 9th - Monday,w_0119,0.1,0.8,0.0,0.1,169,"[8877, 8880, 8902, 8917, 8943, 8947, 8951, 9043, 9047, 9051, 9252, 9279, 9282, 9305, 9309, 9312, 9339, 9548, 9552, 9556, 9570, 9571, 9575, 9589, 9593, 11824, 11826, 11852, 11854, 11858, 11863, 11866, 11892, 11896, 11900, 12104, 12106, 12110, 12135, 12138, 12162, 12166, 12170, 12496, 12501, 12527, 12528, 12334, 12346, 12353, 13411, 12364, 13432, 13437, 13451, 13457, 13459, 13486, 12907, 12910, 12935, 12939, 13153, 13189, 13190, 13191, 13173, 13171, 13172, 13170, 13089, 13091, 13090, 13081, 13083, 13080, 13082, 13100, 13103, 13102, 13101, 12991, 12993, 12990, 12992, 12999, 13000, 12998, 12983, 12982, 12984, 12981, 6408, 6410, 6409, 6407, 6444, 6417, 6418, 6420, 6429, 6428, 6427, 6430, 6338, 6339, 6337, 6319, 6320, 6321, 6318, 6329, 6331, 6328, 6330, 6243, 6241, 6242, 6240, 6230, 6229, 6231, 6221, 6222, 6220, 6224, 6959, 6962, 6961, 6964, 6969, 6971, 6968, 6970, 6988, 6985, 6986, 6987, 6879, 6880, 6881, 6980, 6978, 6872, 6867, 6865, 6841, 6826, 6800, 6798, 6795, 5780, 5779, 5744, 5755, 5730, 5727, 5713, 5707, 5698, 5695, 5471, 5469, 5466, 5433, 5429, 5425, 5589, 5364]",0.05183810001472011,success,,123.24951476069775,135.64406144742995,6.012980758913317,39.87054943491242,62.40000000000005,24.614790751873656
stl_midamerica_to_st_louis_lambert_2026-03-09_0120,midamerica_to_st_louis_lambert,MidAmerica to St. Louis Lambert,MidAmerica St. Louis Airport,St. Louis Lambert International Airport,38.5451731,-89.8351856,38.7486982,-90.3700257,2026-03-09,March 9th - Monday,w_0120,0.1,0.8,0.1,0.0,133,"[8877, 8880, 8903, 8907, 8932, 8937, 9144, 9148, 9151, 9177, 10064, 10067, 10071, 10084, 10088, 10413, 10416, 10420, 10444, 10448, 10474, 10476, 10480, 10503, 10508, 10823, 10833, 10834, 10836, 10819, 10820, 10821, 10818, 10924, 10931, 10929, 10928, 10943, 10950, 10951, 10965, 10980, 11003, 11010, 11008, 11145, 11150, 11183, 11178, 11181, 11196, 11199, 11423, 11425, 11430, 11465, 11558, 11561, 11559, 11574, 11587, 6085, 6091, 6088, 11597, 6115, 6117, 4799, 4798, 4801, 4804, 4830, 4834, 4859, 4861, 6284, 6289, 6323, 6326, 6243, 6246, 6248, 6254, 6273, 6274, 6500, 6281, 6280, 6278, 6277, 6976, 6975, 6974, 6973, 6969, 6971, 6968, 6970, 6988, 6985, 6986, 6987, 6879, 6880, 6881, 6977, 6978, 6872, 6867, 6853, 6830, 6826, 6800, 6798, 6795, 5780, 5779, 5744, 5755, 5730, 5727, 5713, 5707, 5698, 5695, 5471, 5647, 5612, 5608, 5594, 5591, 5587, 5364]",0.048926200019195676,success,,103.86087059981683,114.30560469936705,8.677490211403196,23.86031774091293,69.40000000000006,20.758584413150558
stl_midamerica_to_st_louis_lambert_2026-03-09_0121,midamerica_to_st_louis_lambert,MidAmerica to St. Louis Lambert,MidAmerica St. Louis Airport,St. Louis Lambert International Airport,38.5451731,-89.8351856,38.7486982,-90.3700257,2026-03-09,March 9th - Monday,w_0121,0.1,0.9,0.0,0.0,163,"[8877, 8880, 8902, 8917, 8943, 8947, 8951, 9043, 9046, 9050, 9285, 9287, 9291, 9313, 9317, 9442, 9444, 9468, 9473, 9498, 9492, 9496, 9521, 9522, 9526, 11736, 11739, 11763, 11767, 11771, 11785, 11789, 11993, 11999, 12001, 12025, 12029, 12054, 12058, 12073, 12077, 12081, 12288, 12291, 12301, 12318, 12321, 12322, 12365, 12366, 12371, 13420, 12472, 12867, 12873, 12896, 12889, 12893, 12916, 12923, 13156, 13159, 13162, 13168, 13089, 13091, 13090, 13081, 13083, 13080, 13082, 13100, 13103, 13102, 13101, 12991, 12993, 12990, 12992, 12999, 13000, 12998, 12983, 12982, 12984, 12981, 6408, 6410, 6409, 6407, 6419, 6417, 6418, 6420, 6429, 6428, 6427, 6430, 6338, 6339, 6337, 6319, 6320, 6321, 6318, 6329, 6331, 6328, 6330, 6243, 6241, 6242, 6240, 6230, 6229, 6231, 6221, 6222, 6220, 6224, 6959, 6962, 6961, 6964, 6969, 6971, 6968, 6970, 6988, 6985, 6986, 6987, 6879, 6880, 6881, 6980, 6978, 6872, 6867, 6865, 6830, 6824, 6802, 6799, 6710, 5782, 5777, 5757, 5732, 5731, 5726, 5713, 5707, 5698, 5695, 5471, 5469, 5466, 5433, 5429, 5425, 5589, 5364]",0.048117199999978766,success,,118.87431793540381,130.82887440051084,6.478819220012745,39.849370720735614,66.00000000000006,18.913824738062555
stl_midamerica_to_st_louis_lambert_2026-03-09_0122,midamerica_to_st_louis_lambert,MidAmerica to St. Louis Lambert,MidAmerica St. Louis Airport,St. Louis Lambert International Airport,38.5451731,-89.8351856,38.7486982,-90.3700257,2026-03-09,March 9th - Monday,w_0122,0.2,0.0,0.0,0.8,96,"[8877, 8876, 8892, 8897, 8899, 8926, 9788, 10013, 10014, 10036, 10052, 10054, 10061, 10051, 10049, 10048, 10050, 10253, 10252, 10241, 10240, 10248, 10246, 10247, 10245, 10231, 10230, 10262, 10150, 10148, 10149, 10151, 10161, 10159, 10158, 10160, 10166, 10168, 10167, 10169, 2247, 2269, 2268, 2257, 2256, 2254, 2279, 2293, 2296, 2301, 2303, 2491, 2492, 2818, 2496, 2507, 2506, 2828, 2505, 2809, 2811, 2810, 2728, 2730, 2731, 2729, 2715, 2717, 2714, 2716, 2738, 2741, 2745, 2747, 2684, 2687, 3987, 3990, 4016, 4017, 4022, 4029, 4034, 4060, 4064, 5048, 5052, 5076, 5082, 5299, 5304, 5319, 5321, 5357, 5358, 5364]",0.05809510001563467,success,,71.90057520712594,79.13123277148179,53.29567736851651,26.74625699395366,46.20000000000003,52.78624655429639
stl_midamerica_to_st_louis_lambert_2026-03-09_0123,midamerica_to_st_louis_lambert,MidAmerica to St. Louis Lambert,MidAmerica St. Louis Airport,St. Louis Lambert International Airport,38.5451731,-89.8351856,38.7486982,-90.3700257,2026-03-09,March 9th - Monday,w_0123,0.2,0.0,0.1,0.7,96,"[8877, 8876, 8892, 8897, 8899, 8926, 9788, 10013, 10014, 10036, 10052, 10054, 10061, 10051, 10049, 10048, 10050, 10253, 10252, 10241, 10240, 10248, 10246, 10247, 10245, 10231, 10230, 10262, 10150, 10148, 10149, 10151, 10161, 10159, 10158, 10160, 10166, 10168, 10167, 10169, 2247, 2269, 2268, 2278, 2283, 2508, 2286, 2298, 2300, 2304, 2531, 2819, 2820, 2822, 2825, 2836, 2848, 2850, 2837, 2859, 2858, 2815, 2759, 2758, 2761, 2764, 2783, 2781, 2782, 2784, 2775, 2798, 2776, 2777, 3989, 3993, 3992, 3990, 4016, 4017, 4022, 4029, 4034, 4060, 4064, 5048, 5052, 5076, 5082, 5299, 5304, 5319, 5321, 5357, 5358, 5364]",0.0547497000079602,success,,72.4370761363649,79.72168673922025,48.903247776657714,18.965951465959744,46.20000000000003,50.18093249444004
stl_midamerica_to_st_louis_lambert_2026-03-09_0124,midamerica_to_st_louis_lambert,MidAmerica to St. Louis Lambert,MidAmerica St. Louis Airport,St. Louis Lambert International Airport,38.5451731,-89.8351856,38.7486982,-90.3700257,2026-03-09,March 9th - Monday,w_0124,0.2,0.0,0.2,0.6,96,"[8877, 8876, 8892, 8897, 8899, 8926, 9788, 10013, 10014, 10036, 10052, 10054, 10061, 10051, 10049, 10048, 10050, 10253, 10252, 10241, 10240, 10248, 10246, 10247, 10245, 10231, 10230, 10262, 10150, 10148, 10149, 10151, 10161, 10156, 10154, 10155, 10162, 10164, 10163, 10165, 2244, 2246, 2268, 2278, 2283, 2508, 2286, 2298, 2300, 2304, 2531, 2819, 2820, 2822, 2825, 2836, 2848, 2850, 2837, 2859, 2858, 2815, 2759, 2758, 2761, 2764, 2783, 2781, 2782, 2784, 2775, 2802, 2805, 3917, 4005, 4010, 4013, 4012, 4021, 4045, 4047, 4058, 4062, 4077, 4079, 5077, 5081, 5083, 5306, 5303, 5318, 5323, 5321, 5357, 5358, 5364]",0.055446899990784004,success,,72.97107486094428,80.30938686891513,48.211733407467264,15.158559974728458,46.60000000000003,47.05358936872874
stl_midamerica_to_st_louis_lambert_2026-03-09_0125,midamerica_to_st_louis_lambert,MidAmerica to St. Louis Lambert,MidAmerica St. Louis Airport,St. Louis Lambert International Airport,38.5451731,-89.8351856,38.7486982,-90.3700257,2026-03-09,March 9th - Monday,w_0125,0.2,0.0,0.3,0.5,96,"[8877, 8876, 8892, 8897, 8899, 8926, 9788, 10013, 10014, 10036, 10052, 10054, 10061, 10051, 10049, 10048, 10050, 10253, 10252, 10241, 10240, 10248, 10246, 10247, 10245, 10231, 10230, 10262, 10150, 10148, 10149, 10151, 10161, 10156, 10154, 10155, 10162, 10164, 10163, 10165, 2244, 2246, 2268, 2278, 2283, 2508, 2286, 2298, 2300, 2304, 2531, 2819, 2820, 2822, 2825, 2836, 2848, 2850, 2837, 2859, 2858, 2815, 2759, 2758, 2761, 2764, 2783, 2781, 2782, 2784, 2775, 2802, 2805, 3917, 4005, 4010, 4013, 4012, 4021, 4045, 4047, 4058, 4062, 4077, 4079, 5077, 5081, 5083, 5306, 5303, 5318, 5323, 5321, 5357, 5358, 5364]",0.05447609999100678,success,,72.97107486094428,80.30938686891513,48.211733407467264,15.158559974728458,46.60000000000003,43.90944536620158
stl_midamerica_to_st_louis_lambert_2026-03-09_0126,midamerica_to_st_louis_lambert,MidAmerica to St. Louis Lambert,MidAmerica St. Louis Airport,St. Louis Lambert International Airport,38.5451731,-89.8351856,38.7486982,-90.3700257,2026-03-09,March 9th - Monday,w_0126,0.2,0.0,0.4,0.4,96,"[8877, 8876, 8892, 8897, 8899, 8926, 9788, 10013, 10014, 10036, 10052, 10054, 10061, 10051, 10049, 10048, 10050, 10253, 10252, 10241, 10240, 10248, 10246, 10247, 10245, 10231, 10230, 10262, 10150, 10148, 10149, 10151, 10161, 10156, 10154, 10155, 10162, 10164, 10163, 10165, 2244, 2246, 2268, 2278, 2283, 2508, 2286, 2298, 2300, 2304, 2531, 2819, 2820, 2822, 2825, 2836, 2848, 2850, 2837, 2859, 2858, 2815, 2759, 2758, 2761, 2764, 2783, 2781, 2782, 2784, 2775, 2802, 2805, 3917, 4005, 4010, 4013, 4012, 4021, 4045, 4047, 4058, 4062, 4077, 4079, 5077, 5081, 5083, 5306, 5303, 5318, 5323, 5321, 5357, 5358, 5364]",0.053421399992657825,success,,72.97107486094428,80.30938686891513,48.211733407467264,15.158559974728458,46.60000000000003,40.765301363674425
stl_midamerica_to_st_louis_lambert_2026-03-09_0127,midamerica_to_st_louis_lambert,MidAmerica to St. Louis Lambert,MidAmerica St. Louis Airport,St. Louis Lambert International Airport,38.5451731,-89.8351856,38.7486982,-90.3700257,2026-03-09,March 9th - Monday,w_0127,0.2,0.0,0.5,0.3,96,"[8877, 8876, 8892, 8897, 8899, 8926, 9788, 10013, 10014, 10036, 10052, 10054, 10061, 10051, 10049, 10048, 10050, 10253, 10252, 10241, 10240, 10248, 10246, 10247, 10245, 10231, 10230, 10262, 10150, 10148, 10149, 10151, 10161, 10156, 10154, 10155, 10162, 10164, 10163, 10165, 2244, 2246, 2268, 2278, 2283, 2508, 2286, 2298, 2300, 2304, 2531, 2819, 2820, 2822, 2825, 2836, 2848, 2850, 2837, 2859, 2858, 2815, 2759, 2758, 2761, 2764, 2783, 2781, 2782, 2784, 2775, 2802, 2805, 3917, 4005, 4010, 4013, 4012, 4021, 4045, 4047, 4058, 4062, 4077, 4079, 5077, 5081, 5083, 5306, 5303, 5318, 5323, 5321, 5357, 5358, 5364]",0.05578870000317693,success,,72.97107486094428,80.30938686891513,48.211733407467264,15.158559974728458,46.60000000000003,37.62115736114727
stl_midamerica_to_st_louis_lambert_2026-03-09_0128,midamerica_to_st_louis_lambert,MidAmerica to St. Louis Lambert,MidAmerica St. Louis Airport,St. Louis Lambert International Airport,38.5451731,-89.8351856,38.7486982,-90.3700257,2026-03-09,March 9th - Monday,w_0128,0.2,0.0,0.6,0.2,96,"[8877, 8876, 8892, 8897, 8899, 8926, 9788, 10013, 10014, 10036, 10052, 10054, 10061, 10051, 10049, 10048, 10050, 10253, 10252, 10241, 10240, 10248, 10246, 10247, 10245, 10231, 10230, 10262, 10150, 10148, 10149, 10151, 10161, 10156, 10154, 10155, 10162, 10164, 10163, 10165, 2244, 2246, 2268, 2278, 2283, 2508, 2286, 2298, 2300, 2304, 2531, 2819, 2820, 2822, 2825, 2836, 2848, 2850, 2837, 2859, 2858, 2815, 2759, 2758, 2761, 2764, 2783, 2781, 2782, 2784, 2775, 2802, 2805, 3917, 4005, 4010, 4013, 4012, 4021, 4045, 4047, 4058, 4062, 4077, 4079, 5077, 5081, 5083, 5306, 5303, 5318, 5323, 5321, 5357, 5358, 5364]",0.053578499995637685,success,,72.97107486094428,80.30938686891513,48.211733407467264,15.158559974728458,46.60000000000003,34.477013358620106
stl_midamerica_to_st_louis_lambert_2026-03-09_0129,midamerica_to_st_louis_lambert,MidAmerica to St. Louis Lambert,MidAmerica St. Louis Airport,St. Louis Lambert International Airport,38.5451731,-89.8351856,38.7486982,-90.3700257,2026-03-09,March 9th - Monday,w_0129,0.2,0.0,0.7,0.1,102,"[8877, 8861, 8864, 8865, 8866, 8863, 7715, 7713, 7714, 9726, 9727, 9729, 9728, 9719, 9718, 9716, 9717, 7794, 7793, 7795, 7796, 7804, 7803, 7805, 7813, 7814, 7811, 7812, 9817, 9816, 9819, 9818, 7905, 7901, 7902, 7903, 7916, 7915, 7914, 7913, 1933, 1931, 1932, 1917, 1943, 1946, 1970, 1983, 1998, 2003, 2000, 2191, 2194, 2193, 2192, 2185, 2184, 2186, 2421, 2202, 2203, 2207, 2341, 2344, 2368, 2374, 2394, 2397, 2712, 2714, 2750, 2744, 2768, 2774, 2772, 2773, 2684, 2682, 2685, 2686, 2703, 2705, 2707, 4004, 4027, 4032, 4031, 5025, 5031, 5046, 5047, 5054, 5071, 5296, 5301, 5315, 5318, 5323, 5321, 5357, 5358, 5364]",0.05479399999603629,success,,76.2506470306395,83.91876812912659,53.493766126701786,10.816576007761263,66.20000000000002,30.975356831258203
stl_midamerica_to_st_louis_lambert_2026-03-09_0130,midamerica_to_st_louis_lambert,MidAmerica to St. Louis Lambert,MidAmerica St. Louis Airport,St. Louis Lambert International Airport,38.5451731,-89.8351856,38.7486982,-90.3700257,2026-03-09,March 9th - Monday,w_0130,0.2,0.0,0.8,0.0,104,"[8877, 8861, 8864, 8865, 8866, 8863, 7715, 7713, 7714, 9726, 9727, 9729, 9728, 9719, 9718, 9716, 9717, 7794, 7793, 7795, 7796, 7804, 7803, 7805, 7813, 7814, 7811, 7812, 9817, 9816, 9819, 9818, 7905, 7901, 7902, 7903, 7916, 7915, 7914, 7913, 1933, 1931, 1932, 1917, 1943, 1946, 1970, 1983, 1998, 2003, 2000, 2191, 2194, 2193, 2192, 2185, 2184, 2186, 2421, 2202, 2203, 2207, 2341, 2340, 2342, 2347, 2366, 2389, 2392, 2708, 2712, 2714, 2750, 2744, 2768, 2774, 2772, 2773, 2684, 2682, 2685, 2686, 2703, 2705, 2707, 4004, 4027, 4032, 4031, 5025, 5031, 5046, 5047, 5054, 5071, 5296, 5301, 5315, 5318, 5323, 5321, 5357, 5358, 5364]",0.04991570001584478,success,,77.00013205480751,84.74362486685541,55.493766126701786,10.44389553177384,67.80000000000001,25.303841398790155
stl_midamerica_to_st_louis_lambert_2026-03-09_0131,midamerica_to_st_louis_lambert,MidAmerica to St. Louis Lambert,MidAmerica St. Louis Airport,St. Louis Lambert International Airport,38.5451731,-89.8351856,38.7486982,-90.3700257,2026-03-09,March 9th - Monday,w_0131,0.2,0.1,0.0,0.7,97,"[8877, 8881, 8904, 8922, 8923, 8927, 9145, 10016, 10018, 10062, 10055, 10058, 10094, 10096, 10103, 10104, 10110, 10109, 10291, 10512, 10290, 10513, 10298, 10295, 10296, 10297, 10307, 10305, 10306, 10319, 10321, 10320, 10318, 10211, 10210, 10208, 10209, 10326, 10328, 10322, 10191, 2276, 2518, 2277, 2509, 2287, 2508, 2286, 2298, 2300, 2301, 2307, 2495, 2820, 2823, 2827, 2849, 2848, 2850, 2837, 2861, 2866, 2889, 3896, 3898, 3901, 3902, 3914, 3948, 3947, 3952, 3940, 3942, 3943, 3941, 4043, 4042, 4041, 4040, 4051, 4054, 4186, 4080, 4205, 4207, 4212, 5309, 5313, 5335, 5337, 5320, 5322, 5323, 5346, 5357, 5358, 5364]",0.057225999975344166,success,,73.35714512830332,80.73428216501708,22.602069261925756,33.445487944694456,47.00000000000003,51.307063359196015
stl_midamerica_to_st_louis_lambert_2026-03-09_0132,midamerica_to_st_louis_lambert,MidAmerica to St. Louis Lambert,MidAmerica St. Louis Airport,St. Louis Lambert International Airport,38.5451731,-89.8351856,38.7486982,-90.3700257,2026-03-09,March 9th - Monday,w_0132,0.2,0.1,0.1,0.6,97,"[8877, 8881, 8904, 8922, 8923, 8927, 9145, 10016, 10018, 10062, 10055, 10058, 10094, 10096, 10103, 10104, 10110, 10109, 10291, 10512, 10290, 10289, 10294, 10281, 10292, 10293, 10304, 10303, 10302, 10315, 10316, 10317, 10314, 10207, 10206, 10204, 10205, 10189, 10190, 10188, 10191, 2276, 2518, 2277, 2509, 2287, 2508, 2286, 2298, 2300, 2304, 2531, 2819, 2824, 2838, 2841, 2878, 2879, 2884, 2883, 2890, 2891, 2892, 3896, 3898, 3901, 3902, 3914, 3948, 3947, 3945, 3940, 3942, 3943, 3941, 4043, 4042, 4041, 4040, 4051, 4050, 4053, 4076, 4075, 4082, 4084, 5077, 5081, 5083, 5306, 5303, 5318, 5323, 5346, 5357, 5358, 5364]",0.05632620002143085,success,,73.35626714878508,80.73331589177903,26.202729844168726,23.62911628543927,47.00000000000003,49.329847791316624
stl_midamerica_to_st_louis_lambert_2026-03-09_0133,midamerica_to_st_louis_lambert,MidAmerica to St. Louis Lambert,MidAmerica St. Louis Airport,St. Louis Lambert International Airport,38.5451731,-89.8351856,38.7486982,-90.3700257,2026-03-09,March 9th - Monday,w_0133,0.2,0.1,0.2,0.5,97,"[8877, 8881, 8904, 8922, 8923, 8927, 9145, 10016, 10018, 10062, 10055, 10058, 10094, 10096, 10103, 10104, 10110, 10109, 10291, 10512, 10290, 10289, 10294, 10281, 10292, 10293, 10304, 10303, 10302, 10315, 10316, 10312, 10181, 10203, 10200, 10202, 10201, 10185, 10182, 10171, 10183, 2270, 2272, 2274, 2285, 2283, 2508, 2286, 2298, 2300, 2304, 2531, 2819, 2820, 2822, 2825, 2836, 2848, 2850, 2837, 2859, 2858, 2860, 2759, 2758, 2761, 2764, 2783, 2781, 2782, 2784, 2775, 2798, 2776, 2777, 3989, 3993, 4006, 4008, 4021, 4045, 4047, 4058, 4062, 4077, 4079, 5077, 5081, 5083, 5306, 5303, 5318, 5323, 5321, 5357, 5358, 5364]",0.056724099995335564,success,,74.94901752317246,82.48624068075928,36.907163451147376,16.92476122806881,46.60000000000003,46.872916726880376
stl_midamerica_to_st_louis_lambert_2026-03-09_0134,midamerica_to_st_louis_lambert,MidAmerica to St. Louis Lambert,MidAmerica St. Louis Airport,St. Louis Lambert International Airport,38.5451731,-89.8351856,38.7486982,-90.3700257,2026-03-09,March 9th - Monday,w_0134,0.2,0.1,0.3,0.4,97,"[8877, 8881, 8904, 8922, 8923, 8927, 9145, 10016, 10018, 10062, 10055, 10058, 10094, 10096, 10103, 10104, 10110, 10109, 10291, 10512, 10290, 10289, 10294, 10281, 10292, 10293, 10304, 10303, 10302, 10315, 10316, 10312, 10181, 10199, 10193, 10158, 10160, 10166, 10168, 10167, 10169, 2247, 2272, 2274, 2285, 2283, 2508, 2286, 2298, 2300, 2304, 2531, 2819, 2820, 2822, 2825, 2836, 2848, 2850, 2837, 2859, 2858, 2860, 2759, 2758, 2761, 2764, 2783, 2781, 2782, 2784, 2775, 2798, 2776, 2777, 3989, 3993, 4006, 4008, 4021, 4045, 4047, 4058, 4062, 4077, 4079, 5077, 5081, 5083, 5306, 5303, 5318, 5323, 5321, 5357, 5358, 5364]",0.052968100004363805,success,,75.48123615009634,83.07198169786669,38.31271047615315,15.89706877591952,46.60000000000003,43.85478801996452
stl_midamerica_to_st_louis_lambert_2026-03-09_0135,midamerica_to_st_louis_lambert,MidAmerica to St. Louis Lambert,MidAmerica St. Louis Airport,St. Louis Lambert International Airport,38.5451731,-89.8351856,38.7486982,-90.3700257,2026-03-09,March 9th - Monday,w_0135,0.2,0.1,0.4,0.3,97,"[8877, 8881, 8904, 8922, 8923, 8927, 9145, 10016, 10018, 10062, 10055, 10058, 10094, 10096, 10103, 10104, 10110, 10109, 10291, 10512, 10290, 10289, 10294, 10281, 10292, 10293, 10304, 10303, 10302, 10315, 10316, 10317, 10314, 10207, 10206, 10204, 10205, 10323, 10328, 10329, 10327, 2548, 2550, 2556, 2549, 2542, 2546, 2579, 2560, 2564, 2567, 2566, 2844, 2842, 2838, 2827, 2836, 2848, 2850, 2837, 2859, 2858, 2860, 2759, 2758, 2761, 2764, 2783, 2781, 2782, 2784, 2775, 2798, 2776, 2777, 3989, 3993, 4006, 4008, 4021, 4045, 4047, 4058, 4062, 4077, 4079, 5077, 5081, 5083, 5306, 5303, 5318, 5323, 5321, 5357, 5358, 5364]",0.0558296000235714,success,,74.9531543770311,82.49079355595792,34.527867423446004,15.518237695288619,48.400000000000034,40.67824053165164
stl_midamerica_to_st_louis_lambert_2026-03-09_0136,midamerica_to_st_louis_lambert,MidAmerica to St. Louis Lambert,MidAmerica St. Louis Airport,St. Louis Lambert International Airport,38.5451731,-89.8351856,38.7486982,-90.3700257,2026-03-09,March 9th - Monday,w_0136,0.2,0.1,0.5,0.2,97,"[8877, 8881, 8904, 8922, 8923, 8927, 9145, 10016, 10018, 10062, 10055, 10058, 10094, 10096, 10103, 10104, 10110, 10109, 10291, 10512, 10290, 10289, 10294, 10281, 10292, 10293, 10304, 10303, 10302, 10315, 10316, 10317, 10314, 10207, 10206, 10204, 10205, 10189, 10190, 10322, 10327, 2548, 2550, 2556, 2549, 2542, 2546, 2579, 2560, 2564, 2567, 2566, 2844, 2842, 2846, 2869, 2885, 2886, 4087, 4090, 2897, 4095, 4096, 3932, 3930, 3934, 3957, 3965, 3954, 3969, 3971, 4296, 4300, 4316, 4304, 4219, 4224, 4222, 4223, 4231, 4232, 4234, 4266, 4269, 4272, 4586, 5368, 5371, 5373, 5369, 5353, 5352, 5375, 5376, 5588, 5362, 5364]",0.052764100022614,success,,74.96727491644191,82.50633412274419,25.07247026544095,16.526771387785004,50.40000000000003,37.35189954498544
stl_midamerica_to_st_louis_lambert_2026-03-09_0137,midamerica_to_st_louis_lambert,MidAmerica to St. Louis Lambert,MidAmerica St. Louis Airport,St. Louis Lambert International Airport,38.5451731,-89.8351856,38.7486982,-90.3700257,2026-03-09,March 9th - Monday,w_0137,0.2,0.1,0.6,0.1,97,"[8877, 8881, 8904, 8922, 8923, 8927, 9145, 10016, 10018, 10062, 10055, 10058, 10094, 10096, 10103, 10104, 10110, 10109, 10291, 10512, 10290, 10289, 10294, 10281, 10292, 10293, 10304, 10303, 10302, 10315, 10316, 10317, 10314, 10207, 10206, 10204, 10205, 10189, 10190, 10322, 10327, 2548, 2550, 2556, 2549, 2542, 2546, 2579, 2560, 2564, 2567, 2566, 2844, 2842, 2846, 2869, 2885, 2886, 4087, 4090, 2897, 4095, 4096, 3932, 3930, 3934, 3957, 3965, 3954, 3969, 3971, 4296, 4300, 4316, 4304, 4219, 4224, 4222, 4223, 4231, 4232, 4234, 4266, 4269, 4272, 4586, 5368, 5371, 5373, 5369, 5353, 5352, 5375, 5376, 5588, 5362, 5364]",0.05229750002035871,success,,74.96727491644191,82.50633412274419,25.07247026544095,16.526771387785004,50.40000000000003,33.96457668376394
stl_midamerica_to_st_louis_lambert_2026-03-09_0138,midamerica_to_st_louis_lambert,MidAmerica to St. Louis Lambert,MidAmerica St. Louis Airport,St. Louis Lambert International Airport,38.5451731,-89.8351856,38.7486982,-90.3700257,2026-03-09,March 9th - Monday,w_0138,0.2,0.1,0.7,0.0,103,"[8877, 8861, 8864, 8865, 8866, 8863, 7715, 7713, 7709, 7705, 7700, 7698, 7661, 7668, 7643, 7641, 7626, 7385, 7381, 7366, 7364, 7355, 7354, 7356, 7369, 7371, 7372, 7370, 7460, 7459, 7458, 7457, 7468, 7436, 7469, 7471, 7481, 7480, 7483, 7311, 7316, 7538, 7541, 7534, 7567, 7573, 7576, 7600, 7605, 1918, 1925, 2114, 2130, 2134, 2135, 2144, 2146, 2147, 2172, 2174, 2199, 2203, 2207, 2341, 2344, 2368, 2374, 2394, 2397, 2712, 2714, 2750, 2744, 2768, 2774, 2772, 2773, 2684, 2682, 2683, 2686, 2703, 2705, 2707, 4004, 4027, 4032, 4031, 5025, 5031, 5046, 5049, 5054, 5071, 5296, 5300, 5303, 5318, 5323, 5321, 5357, 5358, 5364]",0.0519229999918025,success,,83.52430521527806,91.9238993433172,31.53506935196314,11.129215605649911,62.20000000000002,29.32873772781469
stl_midamerica_to_st_louis_lambert_2026-03-09_0139,midamerica_to_st_louis_lambert,MidAmerica to St. Louis Lambert,MidAmerica St. Louis Airport,St. Louis Lambert International Airport,38.5451731,-89.8351856,38.7486982,-90.3700257,2026-03-09,March 9th - Monday,w_0139,0.2,0.2,0.0,0.6,97,"[8877, 8881, 8904, 8922, 8923, 8927, 9145, 10016, 10018, 10062, 10055, 10058, 10094, 10096, 10103, 10104, 10110, 10109, 10516, 10515, 10514, 10517, 10522, 10299, 10300, 10301, 10309, 10308, 10310, 10343, 10345, 10344, 10342, 10355, 10210, 10208, 10209, 10326, 10328, 10322, 10191, 2276, 2518, 2277, 2509, 2287, 2508, 2286, 2298, 2300, 2301, 2307, 2495, 2820, 2823, 2827, 2849, 2848, 2850, 2837, 2861, 2866, 2889, 3896, 3898, 3901, 3927, 3946, 3949, 3953, 3966, 3944, 3977, 3976, 3941, 4043, 4042, 4041, 4040, 4051, 4054, 4186, 4080, 4205, 4207, 4212, 5309, 5313, 5335, 5337, 5320, 5322, 5323, 5346, 5357, 5358, 5364]",0.053762399998959154,success,,74.42461752704692,81.90910457247038,21.027756995193187,34.71647310827746,47.00000000000003,48.78737231353273
stl_midamerica_to_st_louis_lambert_2026-03-09_0140,midamerica_to_st_louis_lambert,MidAmerica to St. Louis Lambert,MidAmerica St. Louis Airport,St. Louis Lambert International Airport,38.5451731,-89.8351856,38.7486982,-90.3700257,2026-03-09,March 9th - Monday,w_0140,0.2,0.2,0.1,0.5,97,"[8877, 8881, 8904, 8922, 8923, 8927, 9145, 10016, 10018, 10062, 10055, 10058, 10094, 10096, 10103, 10104, 10110, 10109, 10516, 10515, 10514, 10517, 10298, 10295, 10296, 10297, 10307, 10305, 10306, 10319, 10321, 10320, 10318, 10211, 10210, 10208, 10209, 10326, 10328, 10329, 10327, 2522, 2524, 2523, 2514, 2517, 2515, 2516, 2530, 2534, 2559, 2558, 2840, 2842, 2846, 2869, 2885, 2886, 4087, 4090, 2897, 4095, 4096, 3932, 3930, 3934, 3957, 3965, 3954, 3953, 3966, 3944, 3977, 3976, 3941, 4043, 4042, 4041, 4040, 4051, 4050, 4053, 4076, 4075, 4082, 4084, 5080, 5305, 5307, 5314, 5320, 5322, 5323, 5346, 5357, 5358, 5364]",0.05510190001223236,success,,73.36109309959096,80.73862716273152,21.27670393902321,27.7591904098056,47.60000000000003,46.97898526133152
stl_midamerica_to_st_louis_lambert_2026-03-09_0141,midamerica_to_st_louis_lambert,MidAmerica to St. Louis Lambert,MidAmerica St. Louis Airport,St. Louis Lambert International Airport,38.5451731,-89.8351856,38.7486982,-90.3700257,2026-03-09,March 9th - Monday,w_0141,0.2,0.2,0.2,0.4,97,"[8877, 8881, 8904, 8922, 8923, 8927, 9145, 10016, 10018, 10062, 10055, 10058, 10094, 10096, 10103, 10104, 10110, 10109, 10516, 10512, 10290, 10289, 10294, 10281, 10292, 10293, 10304, 10303, 10302, 10315, 10316, 10317, 10314, 10207, 10206, 10204, 10205, 10323, 10328, 10329, 10327, 2548, 2550, 2556, 2549, 2542, 2540, 2539, 2533, 2536, 2562, 2566, 2844, 2842, 2846, 2869, 2885, 2886, 4087, 4090, 2897, 4095, 2896, 3904, 3925, 3926, 3927, 3914, 3948, 3947, 3945, 3940, 3977, 3976, 3941, 4043, 4042, 4041, 4040, 4051, 4050, 4053, 4076, 4075, 4082, 4084, 5077, 5081, 5083, 5306, 5303, 5318, 5323, 5346, 5357, 5358, 5364]",0.055728499981341884,success,,74.95899448329412,82.49722097057571,23.245550997657592,21.21999318795316,48.20000000000003,44.672553031237314
stl_midamerica_to_st_louis_lambert_2026-03-09_0142,midamerica_to_st_louis_lambert,MidAmerica to St. Louis Lambert,MidAmerica St. Louis Airport,St. Louis Lambert International Airport,38.5451731,-89.8351856,38.7486982,-90.3700257,2026-03-09,March 9th - Monday,w_0142,0.2,0.2,0.3,0.3,97,"[8877, 8881, 8904, 8922, 8923, 8927, 9145, 10016, 10018, 10062, 10055, 10058, 10094, 10096, 10103, 10104, 10110, 10109, 10516, 10512, 10290, 10289, 10294, 10281, 10292, 10293, 10304, 10303, 10302, 10315, 10316, 10317, 10314, 10207, 10206, 10204, 10205, 10323, 10328, 10329, 10327, 2548, 2550, 2556, 2549, 2542, 2546, 2579, 2560, 2564, 2567, 2566, 2844, 2842, 2846, 2869, 2885, 2886, 4087, 4090, 2897, 4095, 4096, 3932, 3930, 3934, 3957, 3965, 3954, 3969, 3971, 4296, 4300, 4316, 4304, 4219, 4224, 4222, 4223, 4231, 4232, 4234, 4266, 4269, 4272, 4586, 5368, 5371, 5373, 5369, 5353, 5352, 5375, 5376, 5588, 5362, 5364]",0.05476339999586344,success,,74.96748345868602,82.50656363697011,24.189827682754803,16.826244866110716,50.40000000000003,41.50715172377821
stl_midamerica_to_st_louis_lambert_2026-03-09_0143,midamerica_to_st_louis_lambert,MidAmerica to St. Louis Lambert,MidAmerica St. Louis Airport,St. Louis Lambert International Airport,38.5451731,-89.8351856,38.7486982,-90.3700257,2026-03-09,March 9th - Monday,w_0143,0.2,0.2,0.4,0.2,97,"[8877, 8881, 8904, 8922, 8923, 8927, 9145, 10016, 10018, 10062, 10055, 10058, 10094, 10096, 10103, 10104, 10110, 10109, 10516, 10512, 10290, 10289, 10294, 10281, 10292, 10293, 10304, 10303, 10302, 10315, 10316, 10317, 10314, 10207, 10206, 10204, 10205, 10323, 10328, 10329, 10327, 2548, 2550, 2556, 2549, 2542, 2546, 2579, 2560, 2564, 2567, 2566, 2844, 2842, 2846, 2869, 2885, 2886, 4087, 4090, 2897, 4095, 4096, 3932, 3930, 3934, 3957, 3965, 3954, 3969, 3971, 4296, 4300, 4316, 4304, 4219, 4224, 4222, 4223, 4231, 4232, 4234, 4266, 4269, 4272, 4586, 5368, 5371, 5373, 5369, 5353, 5352, 5375, 5376, 5588, 5362, 5364]",0.051019800011999905,success,,74.96748345868602,82.50656363697011,24.189827682754803,16.826244866110716,50.40000000000003,38.14977621038928
stl_midamerica_to_st_louis_lambert_2026-03-09_0144,midamerica_to_st_louis_lambert,MidAmerica to St. Louis Lambert,MidAmerica St. Louis Airport,St. Louis Lambert International Airport,38.5451731,-89.8351856,38.7486982,-90.3700257,2026-03-09,March 9th - Monday,w_0144,0.2,0.2,0.5,0.1,97,"[8877, 8881, 8904, 8922, 8923, 8927, 9145, 10016, 10018, 10062, 10055, 10058, 10094, 10096, 10103, 10104, 10110, 10109, 10516, 10512, 10290, 10289, 10294, 10281, 10292, 10293, 10304, 10303, 10302, 10315, 10316, 10317, 10314, 10207, 10206, 10204, 10205, 10189, 10190, 10322, 10327, 2548, 2550, 2556, 2549, 2542, 2546, 2579, 2560, 2564, 2567, 2566, 2844, 2842, 2846, 2869, 2885, 2886, 4087, 4090, 2897, 4095, 4096, 3932, 3930, 3934, 3957, 3965, 3954, 3969, 3971, 4296, 4300, 4316, 4304, 4219, 4224, 4222, 4223, 4231, 4232, 4234, 4266, 4269, 4272, 4586, 5368, 5371, 5373, 5369, 5353, 5352, 5375, 5376, 5588, 5362, 5364]",0.05058490001829341,success,,75.5002543350929,83.09291244034716,24.291103191344796,16.526771387785004,50.40000000000003,34.7801888202309
stl_midamerica_to_st_louis_lambert_2026-03-09_0145,midamerica_to_st_louis_lambert,MidAmerica to St. Louis Lambert,MidAmerica St. Louis Airport,St. Louis Lambert International Airport,38.5451731,-89.8351856,38.7486982,-90.3700257,2026-03-09,March 9th - Monday,w_0145,0.2,0.2,0.6,0.0,98,"[8877, 8861, 8864, 8865, 8866, 8863, 7715, 7713, 7709, 7705, 7700, 7698, 7661, 7668, 7643, 7641, 7626, 7385, 7381, 7366, 7364, 7355, 7354, 7356, 7369, 7371, 7372, 7370, 7460, 7459, 7458, 7457, 7468, 7436, 7469, 7471, 7481, 7480, 7483, 7311, 7316, 7538, 7541, 7534, 7567, 7573, 7576, 7600, 7605, 1918, 1925, 2114, 2130, 2134, 2135, 2144, 2146, 2147, 2172, 2174, 2199, 2203, 2207, 2341, 2344, 2368, 2374, 2394, 2397, 2712, 2714, 2750, 2744, 2770, 2772, 2777, 3989, 3993, 4006, 4008, 4021, 4045, 4047, 4058, 4062, 4077, 4079, 5077, 5081, 5083, 5306, 5303, 5318, 5323, 5321, 5357, 5358, 5364]",0.0502416999952402,success,,81.12135933204374,89.27930200211755,28.131962823167523,12.705267165125344,58.40000000000001,31.10541326413222
stl_midamerica_to_st_louis_lambert_2026-03-09_0146,midamerica_to_st_louis_lambert,MidAmerica to St. Louis Lambert,MidAmerica St. Louis Airport,St. Louis Lambert International Airport,38.5451731,-89.8351856,38.7486982,-90.3700257,2026-03-09,March 9th - Monday,w_0146,0.2,0.3,0.0,0.5,97,"[8877, 8881, 8904, 8922, 8923, 8927, 9145, 10016, 10018, 10062, 10055, 10058, 10094, 10096, 10103, 10104, 10110, 10109, 10516, 10515, 10514, 10517, 10522, 10299, 10300, 10301, 10309, 10308, 10310, 10343, 10345, 10344, 10342, 10355, 10210, 10208, 10209, 10326, 10328, 10322, 10191, 2276, 2518, 2277, 2509, 2287, 2508, 2286, 2298, 2300, 2301, 2307, 2495, 2820, 2823, 2827, 2849, 2848, 2850, 2837, 2861, 2866, 2889, 3896, 3898, 3901, 3927, 3946, 3949, 3953, 3966, 3944, 3977, 3976, 3941, 4043, 4066, 4067, 4068, 4185, 4187, 4188, 4080, 4205, 4207, 4212, 5309, 5313, 5335, 5337, 5320, 5322, 5323, 5346, 5357, 5358, 5364]",0.05364180001197383,success,,74.42492977850672,81.90944822539495,20.328077359683107,35.884676992341895,47.40000000000003,46.18031285298394
stl_midamerica_to_st_louis_lambert_2026-03-09_0147,midamerica_to_st_louis_lambert,MidAmerica to St. Louis Lambert,MidAmerica St. Louis Airport,St. Louis Lambert International Airport,38.5451731,-89.8351856,38.7486982,-90.3700257,2026-03-09,March 9th - Monday,w_0147,0.2,0.3,0.1,0.4,98,"[8877, 8881, 8904, 8922, 8923, 8927, 9145, 10016, 10018, 10062, 10055, 10058, 10094, 10096, 10103, 10104, 10110, 10109, 10516, 10515, 10514, 10517, 10298, 10295, 10296, 10297, 10307, 10305, 10306, 10319, 10321, 10320, 10318, 10211, 10210, 10208, 10209, 10326, 10328, 10329, 10327, 2522, 2524, 2523, 2514, 2517, 2515, 2516, 2530, 2534, 2559, 2558, 2840, 2842, 2846, 2869, 2885, 2886, 4087, 4090, 2897, 4095, 4096, 3932, 3930, 3934, 3957, 3965, 3954, 3953, 3966, 3944, 3977, 3976, 3941, 4043, 4042, 4041, 4040, 4051, 4050, 4053, 4076, 4075, 4082, 4084, 5080, 5084, 5310, 5311, 5337, 5320, 5322, 5323, 5346, 5357, 5358, 5364]",0.05569030001061037,success,,73.73668069407888,81.15198559943234,19.00938647065394,29.598941851245083,48.60000000000003,44.33310724620717
stl_midamerica_to_st_louis_lambert_2026-03-09_0148,midamerica_to_st_louis_lambert,MidAmerica to St. Louis Lambert,MidAmerica St. Louis Airport,St. Louis Lambert International Airport,38.5451731,-89.8351856,38.7486982,-90.3700257,2026-03-09,March 9th - Monday,w_0148,0.2,0.3,0.2,0.3,97,"[8877, 8881, 8904, 8922, 8923, 8927, 9145, 10016, 10018, 10062, 10055, 10058, 10094, 10096, 10103, 10104, 10110, 10109, 10516, 10515, 10514, 10517, 10298, 10295, 10296, 10297, 10307, 10308, 10533, 10363, 10350, 10351, 10362, 10372, 10374, 10379, 10614, 10407, 10410, 10411, 10408, 2604, 2605, 2606, 2603, 10715, 10714, 10713, 10722, 2597, 10723, 2596, 2876, 2875, 2874, 2873, 2885, 2886, 4087, 4090, 2897, 4095, 4096, 3932, 3930, 3934, 3957, 3965, 3954, 3969, 3971, 4296, 4298, 4299, 4301, 4217, 4221, 4222, 4223, 4231, 4232, 4234, 4266, 4269, 4272, 4586, 5343, 5342, 5341, 5366, 5353, 5352, 5375, 5376, 5588, 5362, 5364]",0.05295710000791587,success,,74.44045522435977,81.92653498257522,19.47066655426341,20.90365828738492,51.60000000000003,41.88723862027106
stl_midamerica_to_st_louis_lambert_2026-03-09_0149,midamerica_to_st_louis_lambert,MidAmerica to St. Louis Lambert,MidAmerica St. Louis Airport,St. Louis Lambert International Airport,38.5451731,-89.8351856,38.7486982,-90.3700257,2026-03-09,March 9th - Monday,w_0149,0.2,0.3,0.3,0.2,97,"[8877, 8881, 8904, 8922, 8923, 8927, 9145, 10016, 10018, 10062, 10055, 10058, 10094, 10096, 10103, 10104, 10110, 10109, 10516, 10515, 10514, 10517, 10298, 10295, 10296, 10297, 10307, 10308, 10533, 10363, 10350, 10351, 10362, 10372, 10374, 10379, 10614, 10407, 10410, 10411, 10408, 2604, 2605, 2606, 2607, 10716, 10717, 10718, 10726, 10725, 10727, 10724, 2876, 2875, 2874, 2873, 2885, 2886, 4087, 4090, 2897, 4095, 4096, 3932, 3930, 3934, 3957, 3965, 3954, 3969, 3971, 4296, 4298, 4299, 4301, 4217, 4221, 4222, 4223, 4231, 4232, 4234, 4266, 4269, 4272, 4586, 5343, 5342, 5341, 5366, 5353, 5352, 5375, 5376, 5588, 5362, 5364]",0.05243509999127127,success,,74.97406193706098,82.51380367784705,19.47066655426341,20.3619618942315,51.60000000000003,38.77254927011789
stl_midamerica_to_st_louis_lambert_2026-03-09_0150,midamerica_to_st_louis_lambert,MidAmerica to St. Louis Lambert,MidAmerica St. Louis Airport,St. Louis Lambert International Airport,38.5451731,-89.8351856,38.7486982,-90.3700257,2026-03-09,March 9th - Monday,w_0150,0.2,0.3,0.4,0.1,100,"[8877, 8881, 8905, 8906, 8933, 8929, 9143, 9146, 9173, 10020, 10063, 10068, 10070, 10095, 10099, 10422, 10101, 10106, 10104, 10110, 10109, 10516, 10515, 10514, 10517, 10298, 10295, 10296, 10297, 10307, 10308, 10533, 10363, 10350, 10351, 10362, 10372, 10374, 10379, 10614, 10407, 10410, 10411, 10408, 2604, 2605, 2606, 2607, 10716, 10717, 10718, 10726, 10725, 10727, 10724, 2876, 2875, 2874, 2873, 2885, 2886, 4087, 4090, 2897, 4095, 4096, 3932, 3930, 3934, 3957, 3965, 3954, 3969, 3971, 4296, 4300, 4316, 4304, 4219, 4224, 4222, 4223, 4231, 4232, 4234, 4266, 4269, 4272, 4586, 5368, 5371, 5373, 5369, 5353, 5352, 5375, 5376, 5588, 5362, 5364]",0.05058640000061132,success,,75.56553142175181,83.16475409563533,21.52108406419706,17.723366624857444,52.60000000000004,35.43862268832917
stl_midamerica_to_st_louis_lambert_2026-03-09_0151,midamerica_to_st_louis_lambert,MidAmerica to St. Louis Lambert,MidAmerica St. Louis Airport,St. Louis Lambert International Airport,38.5451731,-89.8351856,38.7486982,-90.3700257,2026-03-09,March 9th - Monday,w_0151,0.2,0.3,0.5,0.0,100,"[8877, 8881, 8905, 8906, 8933, 8929, 9143, 9146, 9173, 10020, 10063, 10067, 10069, 10083, 10099, 10422, 10101, 10106, 10104, 10110, 10109, 10516, 10515, 10514, 10517, 10298, 10295, 10296, 10297, 10307, 10308, 10533, 10363, 10350, 10351, 10362, 10372, 10374, 10379, 10614, 10407, 10410, 10411, 10408, 2604, 10734, 10735, 2607, 10716, 10717, 10718, 10726, 10725, 10727, 10724, 2876, 2875, 2874, 2873, 2885, 2886, 4087, 4090, 2897, 4095, 4096, 3932, 3930, 3934, 3957, 3965, 3954, 3969, 3971, 4296, 4300, 4316, 4304, 4219, 4224, 4222, 4223, 4231, 4232, 4234, 4266, 4269, 4272, 4586, 5368, 5371, 5373, 5369, 5353, 5352, 5375, 5376, 5588, 5362, 5364]",0.04988390000653453,success,,76.09899403353525,83.75186419852825,21.438621543760036,17.480964753651197,54.20000000000003,31.922441679659258
stl_midamerica_to_st_louis_lambert_2026-03-09_0152,midamerica_to_st_louis_lambert,MidAmerica to St. Louis Lambert,MidAmerica St. Louis Airport,St. Louis Lambert International Airport,38.5451731,-89.8351856,38.7486982,-90.3700257,2026-03-09,March 9th - Monday,w_0152,0.2,0.4,0.0,0.4,98,"[8877, 8881, 8904, 8922, 8923, 8927, 9145, 10016, 10018, 10062, 10055, 10058, 10094, 10096, 10103, 10104, 10110, 10109, 10516, 10515, 10514, 10517, 10522, 10299, 10300, 10301, 10309, 10308, 10533, 10363, 10350, 10351, 10366, 10376, 10374, 10379, 10378, 10391, 10402, 10403, 10390, 2577, 2576, 2598, 2575, 2587, 10714, 10713, 10722, 2597, 10723, 2596, 2876, 2875, 2874, 2873, 2885, 2886, 2884, 2883, 2890, 2891, 2895, 3904, 3925, 3926, 3931, 3951, 3954, 3953, 3966, 3944, 3977, 3976, 3941, 4043, 4066, 4067, 4068, 4185, 4187, 4188, 4076, 4075, 4082, 4084, 5080, 5084, 5310, 5311, 5337, 5320, 5322, 5323, 5346, 5357, 5358, 5364]",0.05355399998370558,success,,73.74264765764532,81.15855262871621,16.483316223615404,33.8654293640701,50.80000000000003,43.145037015189416
stl_midamerica_to_st_louis_lambert_2026-03-09_0153,midamerica_to_st_louis_lambert,MidAmerica to St. Louis Lambert,MidAmerica St. Louis Airport,St. Louis Lambert International Airport,38.5451731,-89.8351856,38.7486982,-90.3700257,2026-03-09,March 9th - Monday,w_0153,0.2,0.4,0.1,0.3,98,"[8877, 8881, 8904, 8922, 8923, 8927, 9145, 10016, 10018, 10062, 10055, 10058, 10094, 10096, 10103, 10104, 10110, 10109, 10516, 10515, 10514, 10517, 10298, 10295, 10296, 10297, 10307, 10308, 10533, 10363, 10350, 10351, 10362, 10372, 10374, 10379, 10614, 10407, 10410, 10411, 10408, 2604, 2605, 2606, 2603, 10715, 10714, 10713, 10722, 2597, 10723, 2596, 2876, 2875, 2874, 2873, 2885, 2886, 4087, 4090, 2897, 4095, 4096, 3932, 3930, 3934, 3957, 3965, 3954, 3953, 3966, 3944, 3977, 3976, 3941, 4043, 4042, 4041, 4040, 4051, 4050, 4053, 4076, 4075, 4082, 4084, 5080, 5084, 5310, 5311, 5337, 5320, 5322, 5323, 5346, 5357, 5358, 5364]",0.052562299999408424,success,,73.74261976012805,81.15852192569437,16.872053462852175,27.66809423883994,51.00000000000003,41.04733519416375
stl_midamerica_to_st_louis_lambert_2026-03-09_0154,midamerica_to_st_louis_lambert,MidAmerica to St. Louis Lambert,MidAmerica St. Louis Airport,St. Louis Lambert International Airport,38.5451731,-89.8351856,38.7486982,-90.3700257,2026-03-09,March 9th - Monday,w_0154,0.2,0.4,0.2,0.2,100,"[8877, 8881, 8905, 8906, 8933, 8929, 9143, 9146, 9173, 10020, 10063, 10068, 10070, 10095, 10099, 10422, 10101, 10106, 10104, 10110, 10109, 10516, 10515, 10514, 10517, 10298, 10295, 10296, 10297, 10307, 10308, 10533, 10363, 10350, 10351, 10362, 10372, 10374, 10379, 10614, 10407, 10410, 10411, 10408, 2604, 2605, 2606, 2603, 10715, 10714, 10713, 10722, 2597, 10723, 2596, 2876, 2875, 2874, 2873, 2885, 2886, 4087, 4090, 2897, 4095, 4096, 3932, 3930, 3934, 3957, 3965, 3954, 3969, 3971, 4296, 4298, 4299, 4301, 4217, 4221, 4222, 4223, 4231, 4232, 4234, 4266, 4269, 4272, 4586, 5343, 5342, 5341, 5366, 5353, 5352, 5375, 5376, 5588, 5362, 5364]",0.0520468000031542,success,,75.56525128677036,83.16444578897217,18.266736330713975,20.90365828738492,52.60000000000004,38.64031534755702
stl_midamerica_to_st_louis_lambert_2026-03-09_0155,midamerica_to_st_louis_lambert,MidAmerica to St. Louis Lambert,MidAmerica St. Louis Airport,St. Louis Lambert International Airport,38.5451731,-89.8351856,38.7486982,-90.3700257,2026-03-09,March 9th - Monday,w_0155,0.2,0.4,0.3,0.1,100,"[8877, 8881, 8905, 8906, 8933, 8929, 9143, 9146, 9173, 10020, 10063, 10068, 10070, 10095, 10099, 10422, 10101, 10106, 10104, 10110, 10109, 10516, 10515, 10514, 10517, 10298, 10295, 10296, 10297, 10307, 10308, 10533, 10363, 10350, 10351, 10362, 10372, 10374, 10379, 10614, 10407, 10410, 10411, 10408, 2604, 2605, 2606, 2607, 10716, 10717, 10718, 10726, 10725, 10727, 10724, 2876, 2875, 2874, 2873, 2885, 2886, 4087, 4090, 2897, 4095, 4096, 3932, 3930, 3934, 3957, 3965, 3954, 3969, 3971, 4296, 4298, 4299, 4301, 4217, 4221, 4222, 4223, 4231, 4232, 4234, 4266, 4269, 4272, 4586, 5343, 5342, 5341, 5366, 5353, 5352, 5375, 5376, 5588, 5362, 5364]",0.05011939999531023,success,,76.09885799947156,83.751714484244,18.266736330713975,20.3619618942315,52.60000000000004,35.42562599740385
stl_midamerica_to_st_louis_lambert_2026-03-09_0156,midamerica_to_st_louis_lambert,MidAmerica to St. Louis Lambert,MidAmerica St. Louis Airport,St. Louis Lambert International Airport,38.5451731,-89.8351856,38.7486982,-90.3700257,2026-03-09,March 9th - Monday,w_0156,0.2,0.4,0.4,0.0,100,"[8877, 8881, 8905, 8906, 8933, 8929, 9143, 9146, 9173, 10020, 10063, 10067, 10069, 10083, 10099, 10422, 10101, 10106, 10104, 10110, 10109, 10516, 10515, 10514, 10517, 10298, 10295, 10296, 10297, 10307, 10308, 10533, 10363, 10350, 10351, 10362, 10372, 10374, 10379, 10614, 10407, 10410, 10411, 10408, 2604, 2605, 2606, 2607, 10716, 10717, 10718, 10726, 10725, 10727, 10724, 2876, 2875, 2874, 2873, 2885, 2886, 4087, 4090, 2897, 4095, 4096, 3932, 3930, 3934, 3957, 3965, 3954, 3969, 3971, 4296, 4298, 4299, 4301, 4217, 4221, 4222, 4223, 4231, 4232, 4234, 4266, 4269, 4272, 4586, 5343, 5342, 5341, 5366, 5353, 5352, 5375, 5376, 5588, 5362, 5364]",0.048027200013166294,success,,76.09889720554438,83.75175763306254,18.184273810276952,20.3619618942315,53.60000000000004,32.16884580841589
stl_midamerica_to_st_louis_lambert_2026-03-09_0157,midamerica_to_st_louis_lambert,MidAmerica to St. Louis Lambert,MidAmerica St. Louis Airport,St. Louis Lambert International Airport,38.5451731,-89.8351856,38.7486982,-90.3700257,2026-03-09,March 9th - Monday,w_0157,0.2,0.5,0.0,0.3,101,"[8877, 8881, 8905, 8906, 8933, 8929, 9143, 9146, 9173, 10020, 10063, 10068, 10070, 10095, 10099, 10422, 10101, 10106, 10104, 10110, 10109, 10516, 10515, 10514, 10517, 10522, 10299, 10300, 10301, 10309, 10308, 10533, 10363, 10350, 10351, 10366, 10376, 10374, 10379, 10378, 10391, 10402, 10403, 10390, 2577, 2576, 2598, 2575, 2587, 10714, 10713, 10722, 2597, 10723, 2596, 2876, 2875, 2874, 2873, 2885, 2886, 2884, 2883, 2890, 2891, 2895, 3904, 3925, 3926, 3931, 3951, 3954, 3953, 3966, 3944, 3977, 3976, 3941, 4043, 4066, 4067, 4068, 4185, 4187, 4188, 4076, 4075, 4082, 4084, 5080, 5084, 5310, 5311, 5337, 5320, 5322, 5323, 5346, 5357, 5358, 5364]",0.05212149998988025,success,,74.86744372005592,82.39646343511318,15.279386000065967,33.8654293640701,51.80000000000003,39.65898568705563
stl_midamerica_to_st_louis_lambert_2026-03-09_0158,midamerica_to_st_louis_lambert,MidAmerica to St. Louis Lambert,MidAmerica St. Louis Airport,St. Louis Lambert International Airport,38.5451731,-89.8351856,38.7486982,-90.3700257,2026-03-09,March 9th - Monday,w_0158,0.2,0.5,0.1,0.2,101,"[8877, 8881, 8905, 8906, 8933, 8929, 9143, 9146, 9173, 10020, 10063, 10068, 10070, 10095, 10099, 10422, 10101, 10106, 10104, 10110, 10109, 10516, 10515, 10514, 10517, 10298, 10295, 10296, 10297, 10307, 10308, 10533, 10363, 10350, 10351, 10362, 10372, 10374, 10379, 10614, 10407, 10410, 10411, 10408, 2604, 2605, 2606, 2603, 10715, 10714, 10713, 10722, 2597, 10723, 2596, 2876, 2875, 2874, 2873, 2885, 2886, 4087, 4090, 2897, 4095, 4096, 3932, 3930, 3934, 3957, 3965, 3954, 3953, 3966, 3944, 3977, 3976, 3941, 4043, 4066, 4067, 4068, 4185, 4187, 4188, 4076, 4075, 4082, 4084, 5080, 5084, 5310, 5311, 5337, 5320, 5322, 5323, 5346, 5357, 5358, 5364]",0.05068170002778061,success,,75.40144413870328,82.98416542923947,14.968443603792663,28.995416109259676,52.400000000000034,37.4605964986702
stl_midamerica_to_st_louis_lambert_2026-03-09_0159,midamerica_to_st_louis_lambert,MidAmerica to St. Louis Lambert,MidAmerica St. Louis Airport,St. Louis Lambert International Airport,38.5451731,-89.8351856,38.7486982,-90.3700257,2026-03-09,March 9th - Monday,w_0159,0.2,0.5,0.2,0.1,101,"[8877, 8881, 8905, 8906, 8933, 8929, 9143, 9146, 9173, 10020, 10063, 10068, 10070, 10095, 10099, 10422, 10101, 10106, 10104, 10110, 10109, 10516, 10515, 10514, 10517, 10298, 10295, 10296, 10297, 10307, 10308, 10533, 10363, 10350, 10351, 10362, 10372, 10374, 10379, 10614, 10407, 10410, 10411, 10408, 2604, 2605, 2606, 2603, 10715, 10714, 10713, 10722, 2597, 10723, 2596, 2876, 2875, 2874, 2873, 2885, 2886, 4087, 4090, 2897, 4095, 4096, 3932, 3930, 3934, 3957, 3965, 3954, 3953, 3966, 3944, 3977, 3976, 3941, 4043, 4042, 4041, 4044, 4052, 4187, 4188, 4076, 4075, 4082, 4084, 5080, 5084, 5310, 5311, 5337, 5320, 5322, 5323, 5346, 5357, 5358, 5364]",0.049092300003394485,success,,75.4012880391145,82.98399363154718,15.256624844707316,27.740402256767865,52.400000000000034,35.013191600016675
stl_midamerica_to_st_louis_lambert_2026-03-09_0160,midamerica_to_st_louis_lambert,MidAmerica to St. Louis Lambert,MidAmerica St. Louis Airport,St. Louis Lambert International Airport,38.5451731,-89.8351856,38.7486982,-90.3700257,2026-03-09,March 9th - Monday,w_0160,0.2,0.5,0.3,0.0,100,"[8877, 8881, 8905, 8906, 8933, 8929, 9143, 9146, 9173, 10020, 10063, 10067, 10069, 10083, 10099, 10422, 10101, 10106, 10104, 10110, 10109, 10516, 10515, 10514, 10517, 10298, 10295, 10296, 10297, 10307, 10308, 10533, 10363, 10350, 10351, 10362, 10372, 10374, 10379, 10614, 10407, 10410, 10411, 10408, 2604, 2605, 2606, 2607, 10716, 10717, 10718, 10726, 10725, 10727, 10724, 2876, 2875, 2874, 2873, 2885, 2886, 4087, 4090, 2897, 4095, 4096, 3932, 3930, 3934, 3957, 3965, 3954, 3969, 3971, 4296, 4298, 4299, 4301, 4217, 4221, 4222, 4223, 4231, 4232, 4234, 4266, 4269, 4272, 4586, 5343, 5342, 5341, 5366, 5353, 5352, 5375, 5376, 5588, 5362, 5364]",0.05165440001292154,success,,76.09889720554438,83.75175763306254,18.184273810276952,20.3619618942315,53.60000000000004,31.951077000020437
stl_midamerica_to_st_louis_lambert_2026-03-09_0161,midamerica_to_st_louis_lambert,MidAmerica to St. Louis Lambert,MidAmerica St. Louis Airport,St. Louis Lambert International Airport,38.5451731,-89.8351856,38.7486982,-90.3700257,2026-03-09,March 9th - Monday,w_0161,0.2,0.6,0.0,0.2,101,"[8877, 8881, 8905, 8906, 8933, 8929, 9143, 9146, 9173, 10020, 10063, 10068, 10070, 10095, 10099, 10422, 10101, 10106, 10104, 10110, 10109, 10516, 10515, 10514, 10517, 10522, 10299, 10300, 10301, 10309, 10308, 10533, 10363, 10350, 10351, 10366, 10376, 10374, 10379, 10614, 10407, 10410, 10411, 10408, 2604, 2605, 2606, 2603, 10715, 10714, 10713, 10722, 2597, 10723, 2596, 2876, 2875, 2874, 2873, 2885, 2886, 2884, 2883, 2893, 4095, 4096, 3932, 3933, 3958, 3962, 3967, 3954, 3953, 3966, 3944, 3977, 3976, 3941, 4043, 4066, 4067, 4068, 4185, 4187, 4188, 4076, 4075, 4082, 4084, 5080, 5084, 5310, 5311, 5337, 5320, 5322, 5323, 5346, 5357, 5358, 5364]",0.051050999987637624,success,,75.4023021768558,82.98510975571494,14.70216353976001,32.354083633947376,52.400000000000034,35.898320074999006
stl_midamerica_to_st_louis_lambert_2026-03-09_0162,midamerica_to_st_louis_lambert,MidAmerica to St. Louis Lambert,MidAmerica St. Louis Airport,St. Louis Lambert International Airport,38.5451731,-89.8351856,38.7486982,-90.3700257,2026-03-09,March 9th - Monday,w_0162,0.2,0.6,0.1,0.1,101,"[8877, 8881, 8905, 8906, 8933, 8929, 9143, 9146, 9173, 10020, 10063, 10068, 10070, 10095, 10099, 10422, 10101, 10106, 10104, 10110, 10109, 10516, 10515, 10514, 10517, 10298, 10295, 10296, 10297, 10307, 10308, 10533, 10363, 10350, 10351, 10362, 10372, 10374, 10379, 10614, 10407, 10410, 10411, 10408, 2604, 2605, 2606, 2603, 10715, 10714, 10713, 10722, 2597, 10723, 2596, 2876, 2875, 2874, 2873, 2885, 2886, 4087, 4090, 2897, 4095, 4096, 3932, 3930, 3934, 3957, 3965, 3954, 3953, 3966, 3944, 3977, 3976, 3941, 4043, 4066, 4067, 4068, 4185, 4187, 4188, 4076, 4075, 4082, 4084, 5080, 5084, 5310, 5311, 5337, 5320, 5322, 5323, 5346, 5357, 5358, 5364]",0.049373700021533296,success,,75.40144413870328,82.98416542923947,14.968443603792663,28.995416109259676,52.400000000000034,33.71744085904947
stl_midamerica_to_st_louis_lambert_2026-03-09_0163,midamerica_to_st_louis_lambert,MidAmerica to St. Louis Lambert,MidAmerica St. Louis Airport,St. Louis Lambert International Airport,38.5451731,-89.8351856,38.7486982,-90.3700257,2026-03-09,March 9th - Monday,w_0163,0.2,0.6,0.2,0.0,101,"[8877, 8880, 8903, 8907, 8932, 8937, 9144, 9148, 9151, 9177, 10064, 10067, 10069, 10083, 10099, 10422, 10101, 10106, 10104, 10110, 10109, 10516, 10515, 10514, 10517, 10298, 10295, 10296, 10297, 10307, 10308, 10533, 10363, 10350, 10351, 10362, 10372, 10374, 10379, 10614, 10407, 10410, 10411, 10408, 2604, 2605, 2606, 2603, 10715, 10714, 10713, 10722, 2597, 10723, 2596, 2876, 2875, 2874, 2873, 2885, 2886, 4087, 4090, 2897, 4095, 4096, 3932, 3930, 3934, 3957, 3965, 3954, 3953, 3966, 3944, 3977, 3976, 3941, 4043, 4042, 4041, 4044, 4052, 4187, 4188, 4076, 4075, 4082, 4084, 5080, 5084, 5310, 5311, 5337, 5320, 5322, 5323, 5346, 5357, 5358, 5364]",0.04951969999819994,success,,75.92858548649299,83.56431857231593,14.955588206676616,27.740402256767865,53.400000000000034,31.23429708982273
stl_midamerica_to_st_louis_lambert_2026-03-09_0164,midamerica_to_st_louis_lambert,MidAmerica to St. Louis Lambert,MidAmerica St. Louis Airport,St. Louis Lambert International Airport,38.5451731,-89.8351856,38.7486982,-90.3700257,2026-03-09,March 9th - Monday,w_0164,0.2,0.7,0.0,0.1,101,"[8877, 8881, 8905, 8906, 8933, 8929, 9143, 9146, 9173, 10020, 10063, 10068, 10070, 10095, 10099, 10422, 10101, 10106, 10104, 10110, 10109, 10516, 10515, 10514, 10517, 10522, 10299, 10300, 10301, 10309, 10308, 10533, 10363, 10350, 10351, 10366, 10376, 10374, 10379, 10614, 10407, 10410, 10411, 10408, 2604, 2605, 2606, 2603, 10715, 10714, 10713, 10722, 2597, 10723, 2596, 2876, 2875, 2874, 2873, 2885, 2886, 2884, 2883, 2893, 4095, 4096, 3932, 3933, 3958, 3962, 3967, 3954, 3953, 3966, 3944, 3977, 3976, 3941, 4043, 4066, 4067, 4068, 4185, 4187, 4188, 4076, 4075, 4082, 4084, 5080, 5084, 5310, 5311, 5337, 5320, 5322, 5323, 5346, 5357, 5358, 5364]",0.0498436999914702,success,,75.4023021768558,82.98510975571494,14.70216353976001,32.354083633947376,52.400000000000034,32.128536428974996
stl_midamerica_to_st_louis_lambert_2026-03-09_0165,midamerica_to_st_louis_lambert,MidAmerica to St. Louis Lambert,MidAmerica St. Louis Airport,St. Louis Lambert International Airport,38.5451731,-89.8351856,38.7486982,-90.3700257,2026-03-09,March 9th - Monday,w_0165,0.2,0.7,0.1,0.0,101,"[8877, 8880, 8903, 8907, 8932, 8937, 9144, 9148, 9151, 9177, 10064, 10067, 10069, 10083, 10099, 10422, 10101, 10106, 10104, 10110, 10109, 10516, 10515, 10514, 10517, 10298, 10295, 10296, 10297, 10307, 10308, 10533, 10363, 10350, 10351, 10362, 10372, 10374, 10379, 10614, 10407, 10410, 10411, 10408, 2604, 2605, 2606, 2603, 10715, 10714, 10713, 10722, 2597, 10723, 2596, 2876, 2875, 2874, 2873, 2885, 2886, 4087, 4090, 2897, 4095, 4096, 3932, 3930, 3934, 3957, 3965, 3954, 3953, 3966, 3944, 3977, 3976, 3941, 4043, 4066, 4067, 4068, 4185, 4187, 4188, 4076, 4075, 4082, 4084, 5080, 5084, 5310, 5311, 5337, 5320, 5322, 5323, 5346, 5357, 5358, 5364]",0.0481877000129316,success,,75.92874158608177,83.56449037000822,14.667406965761964,28.995416109259676,53.400000000000034,29.879624560960988
stl_midamerica_to_st_louis_lambert_2026-03-09_0166,midamerica_to_st_louis_lambert,MidAmerica to St. Louis Lambert,MidAmerica St. Louis Airport,St. Louis Lambert International Airport,38.5451731,-89.8351856,38.7486982,-90.3700257,2026-03-09,March 9th - Monday,w_0166,0.2,0.8,0.0,0.0,101,"[8877, 8880, 8903, 8907, 8932, 8937, 9144, 9148, 9151, 9177, 10064, 10067, 10069, 10083, 10099, 10422, 10101, 10106, 10104, 10110, 10109, 10516, 10515, 10514, 10517, 10522, 10299, 10300, 10301, 10309, 10308, 10533, 10363, 10350, 10351, 10366, 10376, 10374, 10379, 10614, 10407, 10410, 10411, 10408, 2604, 2605, 2606, 2603, 10715, 10714, 10713, 10722, 2597, 10723, 2596, 2876, 2875, 2874, 2873, 2885, 2886, 2884, 2883, 2893, 4095, 4096, 3932, 3933, 3958, 3962, 3967, 3954, 3953, 3966, 3944, 3977, 3976, 3941, 4043, 4066, 4067, 4068, 4185, 4187, 4188, 4076, 4075, 4082, 4084, 5080, 5084, 5310, 5311, 5337, 5320, 5322, 5323, 5346, 5357, 5358, 5364]",0.04615909999120049,success,,75.92959962423426,83.56543469648368,14.401126901729311,32.354083633947376,53.400000000000034,28.233988460680187
stl_midamerica_to_st_louis_lambert_2026-03-09_0167,midamerica_to_st_louis_lambert,MidAmerica to St. Louis Lambert,MidAmerica St. Louis Airport,St. Louis Lambert International Airport,38.5451731,-89.8351856,38.7486982,-90.3700257,2026-03-09,March 9th - Monday,w_0167,0.25,0.25,0.25,0.25,97,"[8877, 8881, 8904, 8922, 8923, 8927, 9145, 10016, 10018, 10062, 10055, 10058, 10094, 10096, 10103, 10104, 10110, 10109, 10516, 10512, 10290, 10289, 10294, 10281, 10292, 10293, 10304, 10303, 10302, 10315, 10316, 10317, 10314, 10207, 10206, 10204, 10205, 10323, 10328, 10329, 10327, 2548, 2550, 2556, 2553, 2544, 2546, 2579, 2560, 2564, 2567, 2566, 2844, 2842, 2846, 2869, 2885, 2886, 4087, 4090, 2897, 4095, 4096, 3932, 3930, 3934, 3957, 3965, 3954, 3969, 3971, 4296, 4298, 4299, 4301, 4217, 4221, 4222, 4223, 4231, 4232, 4234, 4266, 4269, 4272, 4271, 5343, 5365, 5344, 5366, 5353, 5352, 5375, 5376, 5588, 5362, 5364]",0.05425079999258742,success,,73.89999017220808,81.33171824121442,23.143178948700964,18.636926607076173,50.40000000000003,43.3779559492479
stl_midamerica_to_st_louis_lambert_2026-03-09_0168,midamerica_to_st_louis_lambert,MidAmerica to St. Louis Lambert,MidAmerica St. Louis Airport,St. Louis Lambert International Airport,38.5451731,-89.8351856,38.7486982,-90.3700257,2026-03-09,March 9th - Monday,w_0168,0.3,0.0,0.0,0.7,96,"[8877, 8876, 8892, 8897, 8899, 8926, 9788, 10013, 10014, 10036, 10052, 10054, 10061, 10051, 10049, 10048, 10050, 10253, 10252, 10241, 10240, 10248, 10246, 10247, 10245, 10231, 10230, 10262, 10150, 10148, 10149, 10151, 10161, 10159, 10158, 10160, 10166, 10168, 10167, 10169, 2247, 2269, 2268, 2257, 2256, 2254, 2279, 2293, 2296, 2301, 2303, 2491, 2492, 2818, 2496, 2507, 2506, 2828, 2505, 2809, 2811, 2810, 2728, 2730, 2731, 2729, 2715, 2717, 2714, 2716, 2738, 2741, 2745, 2747, 2684, 2687, 3987, 3990, 4016, 4017, 4022, 4029, 4034, 4060, 4064, 5048, 5052, 5076, 5082, 5299, 5304, 5319, 5321, 5357, 5358, 5364]",0.056716599996434525,success,,71.90057520712594,79.13123277148179,53.29567736851651,26.74625699395366,46.20000000000003,56.07936983144455
stl_midamerica_to_st_louis_lambert_2026-03-09_0169,midamerica_to_st_louis_lambert,MidAmerica to St. Louis Lambert,MidAmerica St. Louis Airport,St. Louis Lambert International Airport,38.5451731,-89.8351856,38.7486982,-90.3700257,2026-03-09,March 9th - Monday,w_0169,0.3,0.0,0.1,0.6,96,"[8877, 8876, 8892, 8897, 8899, 8926, 9788, 10013, 10014, 10036, 10052, 10054, 10061, 10051, 10049, 10048, 10050, 10253, 10252, 10241, 10240, 10248, 10246, 10247, 10245, 10231, 10230, 10262, 10150, 10148, 10149, 10151, 10161, 10159, 10158, 10160, 10166, 10168, 10167, 10169, 2247, 2269, 2268, 2278, 2283, 2508, 2286, 2298, 2300, 2304, 2531, 2819, 2820, 2822, 2825, 2836, 2848, 2850, 2837, 2859, 2858, 2860, 2763, 2762, 2761, 2764, 2783, 2781, 2782, 2784, 2775, 2802, 2805, 3917, 4005, 4010, 4013, 4012, 4021, 4045, 4047, 4058, 4062, 4077, 4079, 5077, 5081, 5083, 5306, 5303, 5318, 5323, 5321, 5357, 5358, 5364]",0.05392629999550991,success,,71.90559570804638,79.13675815741672,46.50300032827238,17.67123391089395,46.60000000000003,53.46815083831443
stl_midamerica_to_st_louis_lambert_2026-03-09_0170,midamerica_to_st_louis_lambert,MidAmerica to St. Louis Lambert,MidAmerica St. Louis Airport,St. Louis Lambert International Airport,38.5451731,-89.8351856,38.7486982,-90.3700257,2026-03-09,March 9th - Monday,w_0170,0.3,0.0,0.2,0.5,96,"[8877, 8876, 8892, 8897, 8899, 8926, 9788, 10013, 10014, 10036, 10052, 10054, 10061, 10051, 10049, 10048, 10050, 10253, 10252, 10241, 10240, 10248, 10246, 10247, 10245, 10231, 10230, 10262, 10150, 10148, 10149, 10151, 10161, 10156, 10154, 10155, 10162, 10164, 10163, 10165, 2244, 2246, 2268, 2278, 2283, 2508, 2286, 2298, 2300, 2304, 2531, 2819, 2820, 2822, 2825, 2836, 2848, 2850, 2837, 2859, 2858, 2815, 2759, 2758, 2761, 2764, 2783, 2781, 2782, 2784, 2775, 2802, 2805, 3917, 4005, 4010, 4013, 4012, 4021, 4045, 4047, 4058, 4062, 4077, 4079, 5077, 5081, 5083, 5306, 5303, 5318, 5323, 5321, 5357, 5358, 5364]",0.053498599998420104,success,,72.97107486094428,80.30938686891513,48.211733407467264,15.158559974728458,46.60000000000003,50.42452805562024
stl_midamerica_to_st_louis_lambert_2026-03-09_0171,midamerica_to_st_louis_lambert,MidAmerica to St. Louis Lambert,MidAmerica St. Louis Airport,St. Louis Lambert International Airport,38.5451731,-89.8351856,38.7486982,-90.3700257,2026-03-09,March 9th - Monday,w_0171,0.3,0.0,0.3,0.4,96,"[8877, 8876, 8892, 8897, 8899, 8926, 9788, 10013, 10014, 10036, 10052, 10054, 10061, 10051, 10049, 10048, 10050, 10253, 10252, 10241, 10240, 10248, 10246, 10247, 10245, 10231, 10230, 10262, 10150, 10148, 10149, 10151, 10161, 10156, 10154, 10155, 10162, 10164, 10163, 10165, 2244, 2246, 2268, 2278, 2283, 2508, 2286, 2298, 2300, 2304, 2531, 2819, 2820, 2822, 2825, 2836, 2848, 2850, 2837, 2859, 2858, 2815, 2759, 2758, 2761, 2764, 2783, 2781, 2782, 2784, 2775, 2802, 2805, 3917, 4005, 4010, 4013, 4012, 4021, 4045, 4047, 4058, 4062, 4077, 4079, 5077, 5081, 5083, 5306, 5303, 5318, 5323, 5321, 5357, 5358, 5364]",0.052613799984101206,success,,72.97107486094428,80.30938686891513,48.211733407467264,15.158559974728458,46.60000000000003,47.28038405309309
stl_midamerica_to_st_louis_lambert_2026-03-09_0172,midamerica_to_st_louis_lambert,MidAmerica to St. Louis Lambert,MidAmerica St. Louis Airport,St. Louis Lambert International Airport,38.5451731,-89.8351856,38.7486982,-90.3700257,2026-03-09,March 9th - Monday,w_0172,0.3,0.0,0.4,0.3,96,"[8877, 8876, 8892, 8897, 8899, 8926, 9788, 10013, 10014, 10036, 10052, 10054, 10061, 10051, 10049, 10048, 10050, 10253, 10252, 10241, 10240, 10248, 10246, 10247, 10245, 10231, 10230, 10262, 10150, 10148, 10149, 10151, 10161, 10156, 10154, 10155, 10162, 10164, 10163, 10165, 2244, 2246, 2268, 2278, 2283, 2508, 2286, 2298, 2300, 2304, 2531, 2819, 2820, 2822, 2825, 2836, 2848, 2850, 2837, 2859, 2858, 2815, 2759, 2758, 2761, 2764, 2783, 2781, 2782, 2784, 2775, 2802, 2805, 3917, 4005, 4010, 4013, 4012, 4021, 4045, 4047, 4058, 4062, 4077, 4079, 5077, 5081, 5083, 5306, 5303, 5318, 5323, 5321, 5357, 5358, 5364]",0.05183359998045489,success,,72.97107486094428,80.30938686891513,48.211733407467264,15.158559974728458,46.60000000000003,44.13624005056593
stl_midamerica_to_st_louis_lambert_2026-03-09_0173,midamerica_to_st_louis_lambert,MidAmerica to St. Louis Lambert,MidAmerica St. Louis Airport,St. Louis Lambert International Airport,38.5451731,-89.8351856,38.7486982,-90.3700257,2026-03-09,March 9th - Monday,w_0173,0.3,0.0,0.5,0.2,96,"[8877, 8876, 8892, 8897, 8899, 8926, 9788, 10013, 10014, 10036, 10052, 10054, 10061, 10051, 10049, 10048, 10050, 10253, 10252, 10241, 10240, 10248, 10246, 10247, 10245, 10231, 10230, 10262, 10150, 10148, 10149, 10151, 10161, 10156, 10154, 10155, 10162, 10164, 10163, 10165, 2244, 2246, 2268, 2278, 2283, 2508, 2286, 2298, 2300, 2304, 2531, 2819, 2820, 2822, 2825, 2836, 2848, 2850, 2837, 2859, 2858, 2815, 2759, 2758, 2761, 2764, 2783, 2781, 2782, 2784, 2775, 2802, 2805, 3917, 4005, 4010, 4013, 4012, 4021, 4045, 4047, 4058, 4062, 4077, 4079, 5077, 5081, 5083, 5306, 5303, 5318, 5323, 5321, 5357, 5358, 5364]",0.05031630001030862,success,,72.97107486094428,80.30938686891513,48.211733407467264,15.158559974728458,46.60000000000003,40.992096048038775
stl_midamerica_to_st_louis_lambert_2026-03-09_0174,midamerica_to_st_louis_lambert,MidAmerica to St. Louis Lambert,MidAmerica St. Louis Airport,St. Louis Lambert International Airport,38.5451731,-89.8351856,38.7486982,-90.3700257,2026-03-09,March 9th - Monday,w_0174,0.3,0.0,0.6,0.1,96,"[8877, 8876, 8892, 8897, 8899, 8926, 9788, 10013, 10014, 10036, 10052, 10054, 10061, 10051, 10049, 10048, 10050, 10253, 10252, 10241, 10240, 10248, 10246, 10247, 10245, 10231, 10230, 10262, 10150, 10148, 10149, 10151, 10161, 10156, 10154, 10155, 10162, 10164, 10163, 10165, 2244, 2246, 2268, 2278, 2283, 2508, 2286, 2298, 2300, 2304, 2531, 2819, 2820, 2822, 2825, 2836, 2848, 2850, 2837, 2859, 2858, 2815, 2759, 2758, 2761, 2764, 2783, 2781, 2782, 2784, 2775, 2802, 2805, 3917, 4005, 4010, 4013, 4012, 4021, 4045, 4047, 4058, 4062, 4077, 4079, 5077, 5081, 5083, 5306, 5303, 5318, 5323, 5321, 5357, 5358, 5364]",0.04687240000930615,success,,72.97107486094428,80.30938686891513,48.211733407467264,15.158559974728458,46.60000000000003,37.84795204551161
stl_midamerica_to_st_louis_lambert_2026-03-09_0175,midamerica_to_st_louis_lambert,MidAmerica to St. Louis Lambert,MidAmerica St. Louis Airport,St. Louis Lambert International Airport,38.5451731,-89.8351856,38.7486982,-90.3700257,2026-03-09,March 9th - Monday,w_0175,0.3,0.0,0.7,0.0,104,"[8877, 8861, 8864, 8865, 8866, 8863, 7715, 7713, 7714, 9726, 9727, 9729, 9728, 9719, 9718, 9716, 9717, 7794, 7793, 7795, 7796, 7804, 7803, 7805, 7813, 7814, 7811, 7812, 9817, 9816, 9819, 9818, 7905, 7901, 7902, 7903, 7916, 7915, 7914, 7913, 1933, 1931, 1932, 1917, 1943, 1946, 1970, 1983, 1998, 2003, 2000, 2191, 2194, 2193, 2192, 2185, 2184, 2186, 2421, 2202, 2203, 2207, 2341, 2340, 2342, 2347, 2366, 2389, 2392, 2708, 2712, 2714, 2750, 2744, 2768, 2774, 2772, 2773, 2684, 2682, 2685, 2686, 2703, 2705, 2707, 4004, 4027, 4032, 4031, 5025, 5031, 5046, 5047, 5054, 5071, 5296, 5301, 5315, 5318, 5323, 5321, 5357, 5358, 5364]",0.041501899977447465,success,,77.00013205480751,84.74362486685541,55.493766126701786,10.44389553177384,67.80000000000001,32.73381433229831
stl_midamerica_to_st_louis_lambert_2026-03-09_0176,midamerica_to_st_louis_lambert,MidAmerica to St. Louis Lambert,MidAmerica St. Louis Airport,St. Louis Lambert International Airport,38.5451731,-89.8351856,38.7486982,-90.3700257,2026-03-09,March 9th - Monday,w_0176,0.3,0.1,0.0,0.6,96,"[8877, 8879, 8896, 8900, 8924, 8930, 10012, 10015, 10019, 10053, 10057, 10054, 10061, 10051, 10049, 10072, 10079, 10284, 10288, 10286, 10289, 10294, 10281, 10292, 10293, 10304, 10303, 10302, 10315, 10316, 10312, 10181, 10203, 10200, 10202, 10201, 10189, 10190, 10188, 10191, 2276, 2518, 2277, 2509, 2287, 2508, 2286, 2298, 2300, 2301, 2307, 2495, 2820, 2823, 2827, 2849, 2848, 2850, 2837, 2861, 2866, 2889, 3896, 3898, 3901, 3902, 3914, 3948, 3947, 3952, 3940, 3942, 3943, 3941, 4043, 4042, 4041, 4040, 4051, 4054, 4186, 4080, 4205, 4207, 4212, 5309, 5313, 5335, 5337, 5320, 5322, 5323, 5346, 5357, 5358, 5364]",0.05657960000098683,success,,72.44740305679663,79.7330521829895,25.108482864018423,34.16760458039527,47.00000000000003,54.63076394129871
stl_midamerica_to_st_louis_lambert_2026-03-09_0177,midamerica_to_st_louis_lambert,MidAmerica to St. Louis Lambert,MidAmerica St. Louis Airport,St. Louis Lambert International Airport,38.5451731,-89.8351856,38.7486982,-90.3700257,2026-03-09,March 9th - Monday,w_0177,0.3,0.1,0.1,0.5,97,"[8877, 8881, 8904, 8922, 8923, 8927, 9145, 10016, 10018, 10062, 10055, 10058, 10094, 10096, 10103, 10104, 10110, 10109, 10291, 10512, 10290, 10513, 10298, 10295, 10296, 10297, 10307, 10305, 10306, 10319, 10321, 10320, 10318, 10211, 10210, 10208, 10209, 10326, 10328, 10329, 10327, 2522, 2524, 2523, 2514, 2517, 2515, 2516, 2530, 2534, 2559, 2558, 2840, 2842, 2846, 2869, 2885, 2886, 4087, 4090, 2897, 4095, 2896, 3904, 3925, 3926, 3927, 3914, 3948, 3947, 3945, 3940, 3942, 3943, 3941, 4043, 4042, 4041, 4040, 4051, 4050, 4053, 4076, 4075, 4082, 4084, 5077, 5081, 5083, 5306, 5303, 5318, 5323, 5346, 5357, 5358, 5364]",0.0550871999876108,success,,72.2933389429518,79.56349466249311,24.952872356942887,25.37356481745,47.60000000000003,52.70169211618723
stl_midamerica_to_st_louis_lambert_2026-03-09_0178,midamerica_to_st_louis_lambert,MidAmerica to St. Louis Lambert,MidAmerica St. Louis Airport,St. Louis Lambert International Airport,38.5451731,-89.8351856,38.7486982,-90.3700257,2026-03-09,March 9th - Monday,w_0178,0.3,0.1,0.2,0.4,97,"[8877, 8881, 8904, 8922, 8923, 8927, 9145, 10016, 10018, 10062, 10055, 10058, 10094, 10096, 10103, 10104, 10110, 10109, 10291, 10512, 10290, 10289, 10294, 10281, 10292, 10293, 10304, 10303, 10302, 10315, 10316, 10317, 10314, 10207, 10206, 10204, 10205, 10323, 10328, 10329, 10327, 2548, 2550, 2556, 2553, 2544, 2546, 2579, 2560, 2564, 2567, 2566, 2844, 2842, 2843, 2841, 2878, 2879, 2884, 2883, 2890, 2891, 2892, 3896, 3898, 3901, 3902, 3914, 3948, 3947, 3945, 3940, 3942, 3943, 3941, 4043, 4042, 4041, 4040, 4046, 4048, 4047, 4058, 4062, 4077, 4079, 5077, 5081, 5083, 5306, 5303, 5318, 5323, 5321, 5357, 5358, 5364]",0.05420549999689683,success,,72.82555074812092,80.14922817181825,26.101374143696827,20.528018135657003,48.80000000000003,50.28050949304657
stl_midamerica_to_st_louis_lambert_2026-03-09_0179,midamerica_to_st_louis_lambert,MidAmerica to St. Louis Lambert,MidAmerica St. Louis Airport,St. Louis Lambert International Airport,38.5451731,-89.8351856,38.7486982,-90.3700257,2026-03-09,March 9th - Monday,w_0179,0.3,0.1,0.3,0.3,97,"[8877, 8881, 8904, 8922, 8923, 8927, 9145, 10016, 10018, 10062, 10055, 10058, 10094, 10096, 10103, 10104, 10110, 10109, 10291, 10512, 10290, 10289, 10294, 10281, 10292, 10293, 10304, 10303, 10302, 10315, 10316, 10317, 10314, 10207, 10206, 10204, 10205, 10323, 10328, 10329, 10327, 2548, 2550, 2556, 2553, 2544, 2546, 2579, 2560, 2564, 2567, 2566, 2844, 2842, 2846, 2869, 2885, 2886, 4087, 4090, 2897, 4095, 4096, 3932, 3930, 3934, 3957, 3965, 3954, 3969, 3971, 4296, 4300, 4316, 4304, 4219, 4224, 4222, 4223, 4231, 4232, 4234, 4266, 4269, 4272, 4271, 5343, 5365, 5370, 5369, 5353, 5352, 5375, 5376, 5588, 5362, 5364]",0.053579199971864,success,,73.36732338081916,80.74548399013072,25.422087839776353,17.563853656081626,50.40000000000003,47.15501007784134
stl_midamerica_to_st_louis_lambert_2026-03-09_0180,midamerica_to_st_louis_lambert,MidAmerica to St. Louis Lambert,MidAmerica St. Louis Airport,St. Louis Lambert International Airport,38.5451731,-89.8351856,38.7486982,-90.3700257,2026-03-09,March 9th - Monday,w_0180,0.3,0.1,0.4,0.2,97,"[8877, 8881, 8904, 8922, 8923, 8927, 9145, 10016, 10018, 10062, 10055, 10058, 10094, 10096, 10103, 10104, 10110, 10109, 10291, 10512, 10290, 10289, 10294, 10281, 10292, 10293, 10304, 10303, 10302, 10315, 10316, 10317, 10314, 10207, 10206, 10204, 10205, 10323, 10328, 10329, 10327, 2548, 2550, 2556, 2549, 2542, 2546, 2579, 2560, 2564, 2567, 2566, 2844, 2842, 2846, 2869, 2885, 2886, 4087, 4090, 2897, 4095, 4096, 3932, 3930, 3934, 3957, 3965, 3954, 3969, 3971, 4296, 4300, 4316, 4304, 4219, 4224, 4222, 4223, 4231, 4232, 4234, 4266, 4269, 4272, 4271, 5343, 5365, 5370, 5369, 5353, 5352, 5375, 5376, 5588, 5362, 5364]",0.04989750002278015,success,,73.9003223713432,81.33208384784565,25.422087839776353,17.03185371789996,50.40000000000003,43.83457542549132
stl_midamerica_to_st_louis_lambert_2026-03-09_0181,midamerica_to_st_louis_lambert,MidAmerica to St. Louis Lambert,MidAmerica St. Louis Airport,St. Louis Lambert International Airport,38.5451731,-89.8351856,38.7486982,-90.3700257,2026-03-09,March 9th - Monday,w_0181,0.3,0.1,0.5,0.1,97,"[8877, 8881, 8904, 8922, 8923, 8927, 9145, 10016, 10018, 10062, 10055, 10058, 10094, 10096, 10103, 10104, 10110, 10109, 10291, 10512, 10290, 10289, 10294, 10281, 10292, 10293, 10304, 10303, 10302, 10315, 10316, 10317, 10314, 10207, 10206, 10204, 10205, 10323, 10328, 10329, 10327, 2548, 2550, 2556, 2549, 2542, 2546, 2579, 2560, 2564, 2567, 2566, 2844, 2842, 2846, 2869, 2885, 2886, 4087, 4090, 2897, 4095, 4096, 3932, 3930, 3934, 3957, 3965, 3954, 3969, 3971, 4296, 4300, 4316, 4304, 4219, 4224, 4222, 4223, 4231, 4232, 4234, 4266, 4269, 4272, 4271, 5343, 5365, 5370, 5369, 5353, 5352, 5375, 5376, 5588, 5362, 5364]",0.04992280001170002,success,,73.9003223713432,81.33208384784565,25.422087839776353,17.03185371789996,50.40000000000003,40.497760797281316
stl_midamerica_to_st_louis_lambert_2026-03-09_0182,midamerica_to_st_louis_lambert,MidAmerica to St. Louis Lambert,MidAmerica St. Louis Airport,St. Louis Lambert International Airport,38.5451731,-89.8351856,38.7486982,-90.3700257,2026-03-09,March 9th - Monday,w_0182,0.3,0.1,0.6,0.0,97,"[8877, 8876, 8868, 8869, 8870, 8867, 9753, 9754, 9755, 9744, 9742, 9729, 9728, 9719, 9718, 9716, 9717, 7794, 7793, 7795, 9914, 9932, 7806, 9933, 9923, 9922, 7815, 7816, 9820, 9832, 9833, 9821, 7905, 7901, 9823, 9822, 7916, 7915, 7914, 7913, 1933, 1931, 1932, 1917, 1943, 1946, 1970, 1983, 1998, 2003, 2000, 2191, 2194, 2193, 2192, 2185, 2184, 2186, 2421, 2205, 2450, 2451, 2369, 2370, 2368, 2374, 2394, 2397, 2712, 2714, 2750, 2744, 2770, 2772, 2777, 3989, 3993, 4006, 4008, 4021, 4045, 4047, 4058, 4062, 4077, 4079, 5077, 5081, 5083, 5306, 5303, 5318, 5323, 5321, 5357, 5358, 5364]",0.04772959998808801,success,,73.8490705682675,81.27567792414536,46.171013228813756,12.471883400614269,62.40000000000001,36.48293474049354
stl_midamerica_to_st_louis_lambert_2026-03-09_0183,midamerica_to_st_louis_lambert,MidAmerica to St. Louis Lambert,MidAmerica St. Louis Airport,St. Louis Lambert International Airport,38.5451731,-89.8351856,38.7486982,-90.3700257,2026-03-09,March 9th - Monday,w_0183,0.3,0.2,0.0,0.5,97,"[8877, 8881, 8904, 8922, 8923, 8927, 9145, 10016, 10018, 10062, 10055, 10058, 10094, 10096, 10103, 10104, 10110, 10109, 10291, 10512, 10290, 10513, 10298, 10295, 10296, 10297, 10307, 10305, 10306, 10319, 10321, 10320, 10318, 10211, 10210, 10208, 10209, 10326, 10328, 10329, 10327, 2522, 2524, 2523, 2514, 2517, 2515, 2516, 2530, 2534, 2532, 2558, 2840, 2839, 2838, 2827, 2849, 2848, 2850, 2837, 2861, 2866, 2889, 3896, 3898, 3901, 3902, 3914, 3948, 3947, 3952, 3940, 3942, 3943, 3941, 4043, 4042, 4041, 4040, 4051, 4054, 4186, 4080, 4205, 4207, 4212, 5309, 5313, 5335, 5337, 5320, 5322, 5323, 5346, 5357, 5358, 5364]",0.057495699991704896,success,,72.29260468015718,79.56268655880336,22.4028729657628,33.10092674539289,47.60000000000003,52.14938056079359
stl_midamerica_to_st_louis_lambert_2026-03-09_0184,midamerica_to_st_louis_lambert,MidAmerica to St. Louis Lambert,MidAmerica St. Louis Airport,St. Louis Lambert International Airport,38.5451731,-89.8351856,38.7486982,-90.3700257,2026-03-09,March 9th - Monday,w_0184,0.3,0.2,0.1,0.4,97,"[8877, 8881, 8904, 8922, 8923, 8927, 9145, 10016, 10018, 10062, 10055, 10058, 10094, 10096, 10103, 10104, 10110, 10109, 10516, 10515, 10514, 10517, 10298, 10295, 10296, 10297, 10307, 10305, 10306, 10319, 10321, 10320, 10318, 10211, 10210, 10208, 10209, 10326, 10328, 10329, 10327, 2522, 2524, 2523, 2514, 2517, 2515, 2516, 2530, 2534, 2559, 2558, 2840, 2842, 2846, 2869, 2885, 2886, 4087, 4090, 2897, 4095, 2896, 3904, 3925, 3926, 3927, 3914, 3948, 3947, 3945, 3940, 3942, 3943, 3941, 4043, 4042, 4041, 4040, 4051, 4050, 4053, 4076, 4075, 4082, 4084, 5080, 5305, 5307, 5314, 5320, 5322, 5323, 5346, 5357, 5358, 5364]",0.05207860001246445,success,,72.82675606716661,80.15055470337512,22.2387736599723,27.245532290713815,47.60000000000003,50.25747437207839
stl_midamerica_to_st_louis_lambert_2026-03-09_0185,midamerica_to_st_louis_lambert,MidAmerica to St. Louis Lambert,MidAmerica St. Louis Airport,St. Louis Lambert International Airport,38.5451731,-89.8351856,38.7486982,-90.3700257,2026-03-09,March 9th - Monday,w_0185,0.3,0.2,0.2,0.3,97,"[8877, 8881, 8904, 8922, 8923, 8927, 9145, 10016, 10018, 10062, 10055, 10058, 10094, 10096, 10103, 10104, 10110, 10109, 10516, 10515, 10514, 10517, 10298, 10295, 10296, 10297, 10307, 10305, 10306, 10319, 10321, 10320, 10318, 10211, 10210, 10208, 10209, 10326, 10328, 10329, 10327, 2548, 2550, 2556, 2553, 2544, 2546, 2579, 2560, 2564, 2567, 2566, 2844, 2842, 2846, 2869, 2885, 2886, 4087, 4090, 2897, 4095, 4096, 3932, 3930, 3934, 3957, 3965, 3954, 3969, 3971, 4296, 4298, 4299, 4301, 4217, 4221, 4222, 4223, 4231, 4232, 4234, 4266, 4269, 4272, 4271, 5343, 5365, 5344, 5366, 5353, 5352, 5375, 5354, 5363, 5362, 5364]",0.051429999992251396,success,,72.83378060354633,80.15828565993247,23.191150264777356,19.918339461289726,50.40000000000003,47.78938364319316
stl_midamerica_to_st_louis_lambert_2026-03-09_0186,midamerica_to_st_louis_lambert,MidAmerica to St. Louis Lambert,MidAmerica St. Louis Airport,St. Louis Lambert International Airport,38.5451731,-89.8351856,38.7486982,-90.3700257,2026-03-09,March 9th - Monday,w_0186,0.3,0.2,0.3,0.2,97,"[8877, 8881, 8904, 8922, 8923, 8927, 9145, 10016, 10018, 10062, 10055, 10058, 10094, 10096, 10103, 10104, 10110, 10109, 10291, 10512, 10290, 10289, 10294, 10281, 10292, 10293, 10304, 10303, 10302, 10315, 10316, 10317, 10314, 10207, 10206, 10204, 10205, 10323, 10328, 10329, 10327, 2548, 2550, 2556, 2553, 2544, 2546, 2579, 2560, 2564, 2567, 2566, 2844, 2842, 2846, 2869, 2885, 2886, 4087, 4090, 2897, 4095, 4096, 3932, 3930, 3934, 3957, 3965, 3954, 3969, 3971, 4296, 4300, 4316, 4304, 4219, 4224, 4222, 4223, 4231, 4232, 4234, 4266, 4269, 4272, 4271, 5343, 5365, 5344, 5366, 5353, 5352, 5375, 5376, 5588, 5362, 5364]",0.049496799998451024,success,,73.36724506254643,80.7453977958068,24.491737890742343,18.174912949654765,50.40000000000003,44.65444080178694
stl_midamerica_to_st_louis_lambert_2026-03-09_0187,midamerica_to_st_louis_lambert,MidAmerica to St. Louis Lambert,MidAmerica St. Louis Airport,St. Louis Lambert International Airport,38.5451731,-89.8351856,38.7486982,-90.3700257,2026-03-09,March 9th - Monday,w_0187,0.3,0.2,0.4,0.1,97,"[8877, 8881, 8904, 8922, 8923, 8927, 9145, 10016, 10018, 10062, 10055, 10058, 10094, 10096, 10103, 10104, 10110, 10109, 10291, 10512, 10290, 10289, 10294, 10281, 10292, 10293, 10304, 10303, 10302, 10315, 10316, 10317, 10314, 10207, 10206, 10204, 10205, 10323, 10328, 10329, 10327, 2548, 2550, 2556, 2549, 2542, 2546, 2579, 2560, 2564, 2567, 2566, 2844, 2842, 2846, 2869, 2885, 2886, 4087, 4090, 2897, 4095, 4096, 3932, 3930, 3934, 3957, 3965, 3954, 3969, 3971, 4296, 4300, 4316, 4304, 4219, 4224, 4222, 4223, 4231, 4232, 4234, 4266, 4269, 4272, 4271, 5343, 5365, 5370, 5369, 5353, 5352, 5375, 5376, 5588, 5362, 5364]",0.04989110000315122,success,,73.9003223713432,81.33208384784565,25.422087839776353,17.03185371789996,50.40000000000003,41.33678420946896
stl_midamerica_to_st_louis_lambert_2026-03-09_0188,midamerica_to_st_louis_lambert,MidAmerica to St. Louis Lambert,MidAmerica St. Louis Airport,St. Louis Lambert International Airport,38.5451731,-89.8351856,38.7486982,-90.3700257,2026-03-09,March 9th - Monday,w_0188,0.3,0.2,0.5,0.0,96,"[8877, 8876, 8868, 8869, 8870, 8867, 9753, 9754, 9755, 9744, 9749, 9748, 9772, 9764, 9766, 9770, 9797, 10002, 10006, 10008, 10233, 10243, 10246, 10272, 10273, 10269, 10303, 10302, 10315, 10316, 10317, 10314, 10207, 10206, 10204, 10205, 10323, 10328, 10329, 10327, 2548, 2550, 2556, 2549, 2542, 2546, 2579, 2560, 2564, 2567, 2566, 2844, 2842, 2846, 2869, 2885, 2886, 4087, 4090, 2897, 4095, 4096, 3932, 3930, 3934, 3957, 3965, 3954, 3969, 3971, 4296, 4300, 4316, 4304, 4219, 4224, 4222, 4223, 4231, 4232, 4234, 4266, 4269, 4272, 4586, 5368, 5371, 5373, 5369, 5353, 5352, 5375, 5376, 5588, 5362, 5364]",0.04610750000574626,success,,73.52013006040353,80.9136576229062,25.63288729665326,16.826244866110716,54.400000000000034,37.81379717925787
stl_midamerica_to_st_louis_lambert_2026-03-09_0189,midamerica_to_st_louis_lambert,MidAmerica to St. Louis Lambert,MidAmerica St. Louis Airport,St. Louis Lambert International Airport,38.5451731,-89.8351856,38.7486982,-90.3700257,2026-03-09,March 9th - Monday,w_0189,0.3,0.3,0.0,0.4,97,"[8877, 8881, 8904, 8922, 8923, 8927, 9145, 10016, 10018, 10062, 10055, 10058, 10094, 10096, 10103, 10104, 10110, 10109, 10516, 10515, 10514, 10517, 10522, 10299, 10300, 10301, 10309, 10308, 10310, 10343, 10345, 10344, 10342, 10355, 10210, 10208, 10209, 10326, 10328, 10329, 10327, 2522, 2524, 2523, 2514, 2517, 2515, 2516, 2530, 2534, 2532, 2558, 2840, 2839, 2838, 2841, 2878, 2879, 2884, 2883, 2890, 2891, 2895, 3904, 3925, 3926, 3931, 3951, 3954, 3953, 3966, 3944, 3977, 3976, 3941, 4043, 4066, 4067, 4068, 4185, 4187, 4188, 4080, 4205, 4207, 4212, 5309, 5313, 5335, 5337, 5320, 5322, 5323, 5346, 5357, 5358, 5364]",0.053123699995921925,success,,73.36151770044673,80.73909446343184,20.116843160392186,35.06577673119154,48.00000000000003,49.45678128714722
stl_midamerica_to_st_louis_lambert_2026-03-09_0190,midamerica_to_st_louis_lambert,MidAmerica to St. Louis Lambert,MidAmerica St. Louis Airport,St. Louis Lambert International Airport,38.5451731,-89.8351856,38.7486982,-90.3700257,2026-03-09,March 9th - Monday,w_0190,0.3,0.3,0.1,0.3,98,"[8877, 8881, 8904, 8922, 8923, 8927, 9145, 10016, 10018, 10062, 10055, 10058, 10094, 10096, 10103, 10104, 10110, 10109, 10516, 10515, 10514, 10517, 10522, 10299, 10300, 10301, 10309, 10308, 10533, 10363, 10350, 10351, 10362, 10372, 10374, 10379, 10614, 10407, 10410, 10411, 10408, 2604, 2605, 2606, 2603, 10715, 10714, 10713, 10722, 2597, 10723, 2596, 2876, 2875, 2874, 2873, 2885, 2886, 4087, 4090, 2897, 4095, 4096, 3932, 3930, 3934, 3957, 3965, 3954, 3953, 3966, 3944, 3977, 3976, 3941, 4043, 4042, 4041, 4040, 4051, 4050, 4053, 4076, 4075, 4082, 4084, 5080, 5084, 5310, 5311, 5337, 5320, 5322, 5323, 5346, 5357, 5358, 5364]",0.05210170001373626,success,,73.20986409734898,80.57218986589858,16.872053462852175,28.901478003351013,51.00000000000003,47.423420798960336
stl_midamerica_to_st_louis_lambert_2026-03-09_0191,midamerica_to_st_louis_lambert,MidAmerica to St. Louis Lambert,MidAmerica St. Louis Airport,St. Louis Lambert International Airport,38.5451731,-89.8351856,38.7486982,-90.3700257,2026-03-09,March 9th - Monday,w_0191,0.3,0.3,0.2,0.2,97,"[8877, 8881, 8904, 8922, 8923, 8927, 9145, 10016, 10018, 10062, 10055, 10058, 10094, 10096, 10103, 10104, 10110, 10109, 10516, 10515, 10514, 10517, 10298, 10295, 10296, 10297, 10307, 10308, 10533, 10363, 10350, 10351, 10362, 10372, 10374, 10379, 10614, 10407, 10410, 10411, 10408, 2604, 2605, 2606, 2603, 10715, 10714, 10713, 10722, 2597, 10723, 2596, 2876, 2875, 2874, 2873, 2885, 2886, 4087, 4090, 2897, 4095, 4096, 3932, 3930, 3934, 3957, 3965, 3954, 3969, 3971, 4296, 4298, 4299, 4301, 4217, 4221, 4222, 4223, 4231, 4232, 4234, 4266, 4269, 4272, 4271, 5343, 5342, 5341, 5366, 5353, 5352, 5375, 5354, 5363, 5362, 5364]",0.04965019997325726,success,,73.37239157198773,80.75106186226792,19.914890625681704,21.592734526361454,51.60000000000003,44.83833265165718
stl_midamerica_to_st_louis_lambert_2026-03-09_0192,midamerica_to_st_louis_lambert,MidAmerica to St. Louis Lambert,MidAmerica St. Louis Airport,St. Louis Lambert International Airport,38.5451731,-89.8351856,38.7486982,-90.3700257,2026-03-09,March 9th - Monday,w_0192,0.3,0.3,0.3,0.1,97,"[8877, 8881, 8904, 8922, 8923, 8927, 9145, 10016, 10018, 10062, 10055, 10058, 10094, 10096, 10103, 10104, 10110, 10109, 10516, 10515, 10514, 10517, 10298, 10295, 10296, 10297, 10307, 10308, 10533, 10363, 10350, 10351, 10362, 10372, 10374, 10379, 10614, 10407, 10410, 10411, 10408, 2604, 2605, 2606, 2603, 10715, 10714, 10713, 10722, 2597, 10723, 2596, 2876, 2875, 2874, 2873, 2885, 2886, 4087, 4090, 2897, 4095, 4096, 3932, 3930, 3934, 3957, 3965, 3954, 3969, 3971, 4296, 4298, 4299, 4301, 4217, 4221, 4222, 4223, 4231, 4232, 4234, 4266, 4269, 4272, 4271, 5343, 5365, 5344, 5366, 5353, 5352, 5375, 5376, 5588, 5362, 5364]",0.04915219999384135,success,,73.3726343506861,80.75132905592577,21.678365553692654,19.54374482079466,51.60000000000003,41.75203182912393
stl_midamerica_to_st_louis_lambert_2026-03-09_0193,midamerica_to_st_louis_lambert,MidAmerica to St. Louis Lambert,MidAmerica St. Louis Airport,St. Louis Lambert International Airport,38.5451731,-89.8351856,38.7486982,-90.3700257,2026-03-09,March 9th - Monday,w_0193,0.3,0.3,0.4,0.0,100,"[8877, 8881, 8905, 8906, 8933, 8929, 9143, 9146, 9173, 10020, 10063, 10067, 10069, 10083, 10099, 10422, 10101, 10106, 10104, 10110, 10109, 10516, 10515, 10514, 10517, 10298, 10295, 10296, 10297, 10307, 10308, 10533, 10363, 10350, 10351, 10362, 10372, 10374, 10379, 10614, 10407, 10410, 10411, 10408, 2604, 2605, 2606, 2607, 10716, 10717, 10718, 10726, 10725, 10727, 10724, 2876, 2875, 2874, 2873, 2885, 2886, 4087, 4090, 2897, 4095, 4096, 3932, 3930, 3934, 3957, 3965, 3954, 3969, 3971, 4296, 4300, 4316, 4304, 4219, 4224, 4222, 4223, 4231, 4232, 4234, 4266, 4269, 4272, 4586, 5368, 5371, 5373, 5369, 5353, 5352, 5375, 5376, 5588, 5362, 5364]",0.047764799994183704,success,,75.56557062782463,83.16479724445387,21.438621543760036,17.723366624857444,53.60000000000004,38.47037228640715
stl_midamerica_to_st_louis_lambert_2026-03-09_0194,midamerica_to_st_louis_lambert,MidAmerica to St. Louis Lambert,MidAmerica St. Louis Airport,St. Louis Lambert International Airport,38.5451731,-89.8351856,38.7486982,-90.3700257,2026-03-09,March 9th - Monday,w_0194,0.3,0.4,0.0,0.3,98,"[8877, 8881, 8904, 8922, 8923, 8927, 9145, 10016, 10018, 10062, 10055, 10058, 10094, 10096, 10103, 10104, 10110, 10109, 10516, 10515, 10514, 10517, 10522, 10299, 10300, 10301, 10309, 10308, 10533, 10363, 10350, 10351, 10366, 10376, 10374, 10379, 10378, 10391, 10402, 10403, 10390, 2577, 2576, 2598, 2575, 2587, 10714, 10713, 10722, 2597, 10723, 2596, 2876, 2875, 2874, 2873, 2885, 2886, 2884, 2883, 2890, 2891, 2895, 3904, 3925, 3926, 3931, 3951, 3954, 3953, 3966, 3944, 3977, 3976, 3941, 4043, 4042, 4041, 4040, 4046, 4050, 4053, 4076, 4075, 4082, 4084, 5080, 5084, 5310, 5311, 5337, 5320, 5322, 5323, 5346, 5357, 5358, 5364]",0.05142350000096485,success,,73.20858031824217,80.57077698397048,17.18299585912548,32.55540021304927,50.400000000000034,46.16443143884134
stl_midamerica_to_st_louis_lambert_2026-03-09_0195,midamerica_to_st_louis_lambert,MidAmerica to St. Louis Lambert,MidAmerica St. Louis Airport,St. Louis Lambert International Airport,38.5451731,-89.8351856,38.7486982,-90.3700257,2026-03-09,March 9th - Monday,w_0195,0.3,0.4,0.1,0.2,98,"[8877, 8881, 8904, 8922, 8923, 8927, 9145, 10016, 10018, 10062, 10055, 10058, 10094, 10096, 10103, 10104, 10110, 10109, 10516, 10515, 10514, 10517, 10522, 10299, 10300, 10301, 10309, 10308, 10533, 10363, 10350, 10351, 10362, 10372, 10374, 10379, 10614, 10407, 10410, 10411, 10408, 2604, 2605, 2606, 2603, 10715, 10714, 10713, 10722, 2597, 10723, 2596, 2876, 2875, 2874, 2873, 2885, 2886, 4087, 4090, 2897, 4095, 4096, 3932, 3930, 3934, 3957, 3965, 3954, 3953, 3966, 3944, 3977, 3976, 3941, 4043, 4042, 4041, 4040, 4051, 4050, 4053, 4076, 4075, 4082, 4084, 5080, 5084, 5310, 5311, 5337, 5320, 5322, 5323, 5346, 5357, 5358, 5364]",0.04890749999321997,success,,73.20986409734898,80.57218986589858,16.872053462852175,28.901478003351013,51.00000000000003,44.01062614524555
stl_midamerica_to_st_louis_lambert_2026-03-09_0196,midamerica_to_st_louis_lambert,MidAmerica to St. Louis Lambert,MidAmerica St. Louis Airport,St. Louis Lambert International Airport,38.5451731,-89.8351856,38.7486982,-90.3700257,2026-03-09,March 9th - Monday,w_0196,0.3,0.4,0.2,0.1,100,"[8877, 8881, 8905, 8906, 8933, 8929, 9143, 9146, 9173, 10020, 10063, 10068, 10070, 10095, 10099, 10422, 10101, 10106, 10104, 10110, 10109, 10516, 10515, 10514, 10517, 10298, 10295, 10296, 10297, 10307, 10308, 10533, 10363, 10350, 10351, 10362, 10372, 10374, 10379, 10614, 10407, 10410, 10411, 10408, 2604, 2605, 2606, 2603, 10715, 10714, 10713, 10722, 2597, 10723, 2596, 2876, 2875, 2874, 2873, 2885, 2886, 4087, 4090, 2897, 4095, 4096, 3932, 3930, 3934, 3957, 3965, 3954, 3969, 3971, 4296, 4298, 4299, 4301, 4217, 4221, 4222, 4223, 4231, 4232, 4234, 4266, 4269, 4272, 4586, 5343, 5342, 5341, 5366, 5353, 5352, 5375, 5354, 5363, 5362, 5364]",0.047298199991928414,success,,75.03117205269261,82.57665705336782,18.266736330713975,21.592734526361454,52.60000000000004,41.65823855356823
stl_midamerica_to_st_louis_lambert_2026-03-09_0197,midamerica_to_st_louis_lambert,MidAmerica to St. Louis Lambert,MidAmerica St. Louis Airport,St. Louis Lambert International Airport,38.5451731,-89.8351856,38.7486982,-90.3700257,2026-03-09,March 9th - Monday,w_0197,0.3,0.4,0.3,0.0,100,"[8877, 8881, 8905, 8906, 8933, 8929, 9143, 9146, 9173, 10020, 10063, 10067, 10069, 10083, 10099, 10422, 10101, 10106, 10104, 10110, 10109, 10516, 10515, 10514, 10517, 10298, 10295, 10296, 10297, 10307, 10308, 10533, 10363, 10350, 10351, 10362, 10372, 10374, 10379, 10614, 10407, 10410, 10411, 10408, 2604, 2605, 2606, 2603, 10715, 10714, 10713, 10722, 2597, 10723, 2596, 2876, 2875, 2874, 2873, 2885, 2886, 4087, 4090, 2897, 4095, 4096, 3932, 3930, 3934, 3957, 3965, 3954, 3969, 3971, 4296, 4298, 4299, 4301, 4217, 4221, 4222, 4223, 4231, 4232, 4234, 4266, 4269, 4272, 4586, 5343, 5342, 5341, 5366, 5353, 5352, 5375, 5376, 5588, 5362, 5364]",0.04700439999578521,success,,75.56529049284316,83.16448893779072,18.184273810276952,20.90365828738492,53.60000000000004,38.49415369166347
stl_midamerica_to_st_louis_lambert_2026-03-09_0198,midamerica_to_st_louis_lambert,MidAmerica to St. Louis Lambert,MidAmerica St. Louis Airport,St. Louis Lambert International Airport,38.5451731,-89.8351856,38.7486982,-90.3700257,2026-03-09,March 9th - Monday,w_0198,0.3,0.5,0.0,0.2,101,"[8877, 8881, 8905, 8906, 8933, 8929, 9143, 9146, 9173, 10020, 10063, 10068, 10070, 10095, 10099, 10422, 10101, 10106, 10104, 10110, 10109, 10516, 10515, 10514, 10517, 10522, 10299, 10300, 10301, 10309, 10308, 10533, 10363, 10350, 10351, 10366, 10376, 10374, 10379, 10614, 10407, 10410, 10411, 10408, 2604, 2605, 2606, 2603, 10715, 10714, 10713, 10722, 2597, 10723, 2596, 2876, 2875, 2874, 2873, 2885, 2886, 2884, 2883, 2890, 2891, 2895, 3904, 3925, 3926, 3931, 3951, 3954, 3953, 3966, 3944, 3977, 3976, 3941, 4043, 4066, 4067, 4068, 4185, 4187, 4188, 4076, 4075, 4082, 4084, 5080, 5084, 5310, 5311, 5337, 5320, 5322, 5323, 5346, 5357, 5358, 5364]",0.04855040000984445,success,,74.86810400551238,82.39719012195816,14.919728223108889,32.547353465757155,52.400000000000034,42.6590211481419
stl_midamerica_to_st_louis_lambert_2026-03-09_0199,midamerica_to_st_louis_lambert,MidAmerica to St. Louis Lambert,MidAmerica St. Louis Airport,St. Louis Lambert International Airport,38.5451731,-89.8351856,38.7486982,-90.3700257,2026-03-09,March 9th - Monday,w_0199,0.3,0.5,0.1,0.1,101,"[8877, 8881, 8905, 8906, 8933, 8929, 9143, 9146, 9173, 10020, 10063, 10068, 10070, 10095, 10099, 10422, 10101, 10106, 10104, 10110, 10109, 10516, 10515, 10514, 10517, 10522, 10299, 10300, 10301, 10309, 10308, 10533, 10363, 10350, 10351, 10362, 10372, 10374, 10379, 10614, 10407, 10410, 10411, 10408, 2604, 2605, 2606, 2603, 10715, 10714, 10713, 10722, 2597, 10723, 2596, 2876, 2875, 2874, 2873, 2885, 2886, 4087, 4090, 2897, 4095, 4096, 3932, 3930, 3934, 3957, 3965, 3954, 3953, 3966, 3944, 3977, 3976, 3941, 4043, 4066, 4067, 4068, 4185, 4187, 4188, 4076, 4075, 4082, 4084, 5080, 5084, 5310, 5311, 5337, 5320, 5322, 5323, 5346, 5357, 5358, 5364]",0.04916270001558587,success,,74.86868847592423,82.39783336944369,14.968443603792663,30.228799873770747,52.400000000000034,40.46645180010651
stl_midamerica_to_st_louis_lambert_2026-03-09_0200,midamerica_to_st_louis_lambert,MidAmerica to St. Louis Lambert,MidAmerica St. Louis Airport,St. Louis Lambert International Airport,38.5451731,-89.8351856,38.7486982,-90.3700257,2026-03-09,March 9th - Monday,w_0200,0.3,0.5,0.2,0.0,101,"[8877, 8881, 8905, 8906, 8933, 8929, 9143, 9146, 9173, 10020, 10063, 10067, 10069, 10083, 10099, 10422, 10101, 10106, 10104, 10110, 10109, 10516, 10515, 10514, 10517, 10298, 10295, 10296, 10297, 10307, 10308, 10533, 10363, 10350, 10351, 10362, 10372, 10374, 10379, 10614, 10407, 10410, 10411, 10408, 2604, 2605, 2606, 2603, 10715, 10714, 10713, 10722, 2597, 10723, 2596, 2876, 2875, 2874, 2873, 2885, 2886, 4087, 4090, 2897, 4095, 4096, 3932, 3930, 3934, 3957, 3965, 3954, 3953, 3966, 3944, 3977, 3976, 3941, 4043, 4042, 4041, 4044, 4052, 4187, 4188, 4076, 4075, 4082, 4084, 5080, 5084, 5310, 5311, 5337, 5320, 5322, 5323, 5346, 5357, 5358, 5364]",0.04634500000975095,success,,75.4013272451873,82.98403678036571,15.174162324270293,27.740402256767865,53.400000000000034,38.03037264759844
stl_midamerica_to_st_louis_lambert_2026-03-09_0201,midamerica_to_st_louis_lambert,MidAmerica to St. Louis Lambert,MidAmerica St. Louis Airport,St. Louis Lambert International Airport,38.5451731,-89.8351856,38.7486982,-90.3700257,2026-03-09,March 9th - Monday,w_0201,0.3,0.6,0.0,0.1,101,"[8877, 8881, 8905, 8906, 8933, 8929, 9143, 9146, 9173, 10020, 10063, 10068, 10070, 10095, 10099, 10422, 10101, 10106, 10104, 10110, 10109, 10516, 10515, 10514, 10517, 10522, 10299, 10300, 10301, 10309, 10308, 10533, 10363, 10350, 10351, 10366, 10376, 10374, 10379, 10614, 10407, 10410, 10411, 10408, 2604, 2605, 2606, 2603, 10715, 10714, 10713, 10722, 2597, 10723, 2596, 2876, 2875, 2874, 2873, 2885, 2886, 2884, 2883, 2890, 2891, 2895, 3904, 3925, 3926, 3931, 3951, 3954, 3953, 3966, 3944, 3977, 3976, 3941, 4043, 4066, 4067, 4068, 4185, 4187, 4188, 4076, 4075, 4082, 4084, 5080, 5084, 5310, 5311, 5337, 5320, 5322, 5323, 5346, 5357, 5358, 5364]",0.04654500001925044,success,,74.86810400551238,82.39719012195816,14.919728223108889,32.547353465757155,52.400000000000034,38.910993970452786
stl_midamerica_to_st_louis_lambert_2026-03-09_0202,midamerica_to_st_louis_lambert,MidAmerica to St. Louis Lambert,MidAmerica St. Louis Airport,St. Louis Lambert International Airport,38.5451731,-89.8351856,38.7486982,-90.3700257,2026-03-09,March 9th - Monday,w_0202,0.3,0.6,0.1,0.0,101,"[8877, 8881, 8905, 8906, 8933, 8929, 9143, 9146, 9173, 10020, 10063, 10067, 10069, 10083, 10099, 10422, 10101, 10106, 10104, 10110, 10109, 10516, 10515, 10514, 10517, 10522, 10299, 10300, 10301, 10309, 10308, 10533, 10363, 10350, 10351, 10362, 10372, 10374, 10379, 10614, 10407, 10410, 10411, 10408, 2604, 2605, 2606, 2603, 10715, 10714, 10713, 10722, 2597, 10723, 2596, 2876, 2875, 2874, 2873, 2885, 2886, 4087, 4090, 2897, 4095, 4096, 3932, 3930, 3934, 3957, 3965, 3954, 3953, 3966, 3944, 3977, 3976, 3941, 4043, 4066, 4067, 4068, 4185, 4187, 4188, 4076, 4075, 4082, 4084, 5080, 5084, 5310, 5311, 5337, 5320, 5322, 5323, 5346, 5357, 5358, 5364]",0.04322699998738244,success,,74.86872768199703,82.39787651826222,14.88598108335564,30.228799873770747,53.400000000000034,36.67383159286912
stl_midamerica_to_st_louis_lambert_2026-03-09_0203,midamerica_to_st_louis_lambert,MidAmerica to St. Louis Lambert,MidAmerica St. Louis Airport,St. Louis Lambert International Airport,38.5451731,-89.8351856,38.7486982,-90.3700257,2026-03-09,March 9th - Monday,w_0203,0.3,0.7,0.0,0.0,101,"[8877, 8881, 8905, 8906, 8933, 8929, 9143, 9146, 9173, 10020, 10063, 10067, 10069, 10083, 10099, 10422, 10101, 10106, 10104, 10110, 10109, 10516, 10515, 10514, 10517, 10522, 10299, 10300, 10301, 10309, 10308, 10533, 10363, 10350, 10351, 10366, 10376, 10374, 10379, 10614, 10407, 10410, 10411, 10408, 2604, 2605, 2606, 2603, 10715, 10714, 10713, 10722, 2597, 10723, 2596, 2876, 2875, 2874, 2873, 2885, 2886, 2884, 2883, 2890, 2891, 2895, 3904, 3925, 3926, 3931, 3951, 3954, 3953, 3966, 3944, 3977, 3976, 3941, 4043, 4066, 4067, 4068, 4185, 4187, 4188, 4076, 4075, 4082, 4084, 5080, 5084, 5310, 5311, 5337, 5320, 5322, 5323, 5346, 5357, 5358, 5364]",0.04188040000735782,success,,74.86814321158518,82.39723327077671,14.83726570267187,32.547353465757155,53.400000000000034,35.10525597310332
stl_midamerica_to_st_louis_lambert_2026-03-09_0204,midamerica_to_st_louis_lambert,MidAmerica to St. Louis Lambert,MidAmerica St. Louis Airport,St. Louis Lambert International Airport,38.5451731,-89.8351856,38.7486982,-90.3700257,2026-03-09,March 9th - Monday,w_0204,0.4,0.0,0.0,0.6,96,"[8877, 8876, 8892, 8897, 8899, 8926, 9788, 10013, 10014, 10036, 10052, 10054, 10061, 10051, 10049, 10048, 10050, 10253, 10252, 10241, 10240, 10248, 10246, 10247, 10245, 10231, 10230, 10262, 10150, 10148, 10149, 10151, 10161, 10159, 10158, 10160, 10166, 10168, 10167, 10169, 2247, 2269, 2268, 2257, 2256, 2254, 2279, 2293, 2296, 2301, 2303, 2491, 2492, 2818, 2496, 2507, 2506, 2828, 2505, 2809, 2811, 2810, 2728, 2730, 2731, 2729, 2715, 2717, 2714, 2716, 2738, 2741, 2745, 2747, 2684, 2687, 3987, 3990, 4016, 4017, 4022, 4029, 4034, 4060, 4064, 5048, 5052, 5076, 5082, 5299, 5304, 5319, 5321, 5357, 5358, 5364]",0.05508479999843985,success,,71.90057520712594,79.13123277148179,53.29567736851651,26.74625699395366,46.20000000000003,59.372493108592735
stl_midamerica_to_st_louis_lambert_2026-03-09_0205,midamerica_to_st_louis_lambert,MidAmerica to St. Louis Lambert,MidAmerica St. Louis Airport,St. Louis Lambert International Airport,38.5451731,-89.8351856,38.7486982,-90.3700257,2026-03-09,March 9th - Monday,w_0205,0.4,0.0,0.1,0.5,96,"[8877, 8876, 8892, 8897, 8899, 8926, 9788, 10013, 10014, 10036, 10052, 10054, 10061, 10051, 10049, 10048, 10050, 10253, 10252, 10241, 10240, 10248, 10246, 10247, 10245, 10231, 10230, 10262, 10150, 10148, 10149, 10151, 10161, 10159, 10158, 10160, 10166, 10168, 10167, 10169, 2247, 2269, 2268, 2278, 2283, 2508, 2286, 2298, 2300, 2304, 2531, 2819, 2820, 2822, 2825, 2836, 2848, 2850, 2837, 2859, 2858, 2860, 2763, 2762, 2761, 2764, 2783, 2781, 2782, 2784, 2775, 2802, 2805, 3917, 4005, 4010, 4013, 4012, 4021, 4045, 4047, 4058, 4062, 4077, 4079, 5077, 5081, 5083, 5306, 5303, 5318, 5323, 5321, 5357, 5358, 5364]",0.05312600001343526,success,,71.90559570804638,79.13675815741672,46.50300032827238,17.67123391089395,46.60000000000003,56.7218266540561
stl_midamerica_to_st_louis_lambert_2026-03-09_0206,midamerica_to_st_louis_lambert,MidAmerica to St. Louis Lambert,MidAmerica St. Louis Airport,St. Louis Lambert International Airport,38.5451731,-89.8351856,38.7486982,-90.3700257,2026-03-09,March 9th - Monday,w_0206,0.4,0.0,0.2,0.4,96,"[8877, 8876, 8892, 8897, 8899, 8926, 9788, 10013, 10014, 10036, 10052, 10054, 10061, 10051, 10049, 10048, 10050, 10253, 10252, 10241, 10240, 10248, 10246, 10247, 10245, 10231, 10230, 10262, 10150, 10148, 10149, 10151, 10161, 10159, 10158, 10160, 10166, 10168, 10167, 10169, 2247, 2269, 2268, 2278, 2283, 2508, 2286, 2298, 2300, 2304, 2531, 2819, 2820, 2822, 2825, 2836, 2848, 2850, 2837, 2859, 2858, 2815, 2759, 2758, 2761, 2764, 2783, 2781, 2782, 2784, 2775, 2802, 2805, 3917, 4005, 4010, 4013, 4012, 4021, 4045, 4047, 4058, 4062, 4077, 4079, 5077, 5081, 5083, 5306, 5303, 5318, 5323, 5321, 5357, 5358, 5364]",0.04918760000145994,success,,72.43863704487234,79.72340461997544,48.03084713157096,16.23834849360313,46.60000000000003,53.777031546710816
stl_midamerica_to_st_louis_lambert_2026-03-09_0207,midamerica_to_st_louis_lambert,MidAmerica to St. Louis Lambert,MidAmerica St. Louis Airport,St. Louis Lambert International Airport,38.5451731,-89.8351856,38.7486982,-90.3700257,2026-03-09,March 9th - Monday,w_0207,0.4,0.0,0.3,0.3,96,"[8877, 8876, 8892, 8897, 8899, 8926, 9788, 10013, 10014, 10036, 10052, 10054, 10061, 10051, 10049, 10048, 10050, 10253, 10252, 10241, 10240, 10248, 10246, 10247, 10245, 10231, 10230, 10262, 10150, 10148, 10149, 10151, 10161, 10156, 10154, 10155, 10162, 10164, 10163, 10165, 2244, 2246, 2268, 2278, 2283, 2508, 2286, 2298, 2300, 2304, 2531, 2819, 2820, 2822, 2825, 2836, 2848, 2850, 2837, 2859, 2858, 2815, 2759, 2758, 2761, 2764, 2783, 2781, 2782, 2784, 2775, 2802, 2805, 3917, 4005, 4010, 4013, 4012, 4021, 4045, 4047, 4058, 4062, 4077, 4079, 5077, 5081, 5083, 5306, 5303, 5318, 5323, 5321, 5357, 5358, 5364]",0.04779810001491569,success,,72.97107486094428,80.30938686891513,48.211733407467264,15.158559974728458,46.60000000000003,50.6513227399846
stl_midamerica_to_st_louis_lambert_2026-03-09_0208,midamerica_to_st_louis_lambert,MidAmerica to St. Louis Lambert,MidAmerica St. Louis Airport,St. Louis Lambert International Airport,38.5451731,-89.8351856,38.7486982,-90.3700257,2026-03-09,March 9th - Monday,w_0208,0.4,0.0,0.4,0.2,96,"[8877, 8876, 8892, 8897, 8899, 8926, 9788, 10013, 10014, 10036, 10052, 10054, 10061, 10051, 10049, 10048, 10050, 10253, 10252, 10241, 10240, 10248, 10246, 10247, 10245, 10231, 10230, 10262, 10150, 10148, 10149, 10151, 10161, 10156, 10154, 10155, 10162, 10164, 10163, 10165, 2244, 2246, 2268, 2278, 2283, 2508, 2286, 2298, 2300, 2304, 2531, 2819, 2820, 2822, 2825, 2836, 2848, 2850, 2837, 2859, 2858, 2815, 2759, 2758, 2761, 2764, 2783, 2781, 2782, 2784, 2775, 2802, 2805, 3917, 4005, 4010, 4013, 4012, 4021, 4045, 4047, 4058, 4062, 4077, 4079, 5077, 5081, 5083, 5306, 5303, 5318, 5323, 5321, 5357, 5358, 5364]",0.04374100000131875,success,,72.97107486094428,80.30938686891513,48.211733407467264,15.158559974728458,46.60000000000003,47.507178737457444
stl_midamerica_to_st_louis_lambert_2026-03-09_0209,midamerica_to_st_louis_lambert,MidAmerica to St. Louis Lambert,MidAmerica St. Louis Airport,St. Louis Lambert International Airport,38.5451731,-89.8351856,38.7486982,-90.3700257,2026-03-09,March 9th - Monday,w_0209,0.4,0.0,0.5,0.1,96,"[8877, 8876, 8892, 8897, 8899, 8926, 9788, 10013, 10014, 10036, 10052, 10054, 10061, 10051, 10049, 10048, 10050, 10253, 10252, 10241, 10240, 10248, 10246, 10247, 10245, 10231, 10230, 10262, 10150, 10148, 10149, 10151, 10161, 10156, 10154, 10155, 10162, 10164, 10163, 10165, 2244, 2246, 2268, 2278, 2283, 2508, 2286, 2298, 2300, 2304, 2531, 2819, 2820, 2822, 2825, 2836, 2848, 2850, 2837, 2859, 2858, 2815, 2759, 2758, 2761, 2764, 2783, 2781, 2782, 2784, 2775, 2802, 2805, 3917, 4005, 4010, 4013, 4012, 4021, 4045, 4047, 4058, 4062, 4077, 4079, 5077, 5081, 5083, 5306, 5303, 5318, 5323, 5321, 5357, 5358, 5364]",0.04157339999801479,success,,72.97107486094428,80.30938686891513,48.211733407467264,15.158559974728458,46.60000000000003,44.36303473493029
stl_midamerica_to_st_louis_lambert_2026-03-09_0210,midamerica_to_st_louis_lambert,MidAmerica to St. Louis Lambert,MidAmerica St. Louis Airport,St. Louis Lambert International Airport,38.5451731,-89.8351856,38.7486982,-90.3700257,2026-03-09,March 9th - Monday,w_0210,0.4,0.0,0.6,0.0,101,"[8877, 8876, 8868, 8869, 8870, 8867, 9753, 9754, 9755, 9744, 9742, 9743, 9730, 9733, 9721, 9732, 9720, 9915, 9913, 9912, 9914, 9932, 7806, 9933, 9923, 9922, 7815, 7816, 9820, 9832, 9833, 9821, 7905, 7901, 7902, 7903, 7916, 7915, 7914, 7913, 1933, 1931, 1932, 1917, 1943, 1946, 1970, 1983, 1998, 2003, 2000, 2191, 2194, 2193, 2192, 2185, 2184, 2186, 2421, 2202, 2203, 2207, 2341, 2344, 2368, 2374, 2394, 2397, 2712, 2714, 2750, 2744, 2768, 2774, 2772, 2773, 2684, 2682, 2685, 2686, 2703, 2705, 2707, 4004, 4027, 4032, 4031, 5025, 5031, 5046, 5047, 5054, 5071, 5296, 5301, 5315, 5319, 5321, 5357, 5358, 5364]",0.03518060001078993,success,,74.81551129258226,82.33930844024742,50.853322062602224,11.58524276595022,65.20000000000002,39.8868690356691
stl_midamerica_to_st_louis_lambert_2026-03-09_0211,midamerica_to_st_louis_lambert,MidAmerica to St. Louis Lambert,MidAmerica St. Louis Airport,St. Louis Lambert International Airport,38.5451731,-89.8351856,38.7486982,-90.3700257,2026-03-09,March 9th - Monday,w_0211,0.4,0.1,0.0,0.5,97,"[8877, 8881, 8904, 8922, 8923, 8927, 9145, 10016, 10018, 10062, 10055, 10058, 10094, 10096, 10103, 10104, 10110, 10109, 10291, 10512, 10290, 10513, 10298, 10295, 10296, 10297, 10307, 10305, 10306, 10319, 10321, 10320, 10318, 10211, 10210, 10208, 10209, 10326, 10328, 10329, 10327, 2522, 2524, 2523, 2514, 2517, 2515, 2516, 2530, 2534, 2532, 2558, 2840, 2839, 2838, 2827, 2849, 2848, 2850, 2837, 2861, 2866, 2889, 3896, 3898, 3901, 3902, 3914, 3948, 3947, 3952, 3940, 3942, 3943, 3941, 4043, 4042, 4041, 4040, 4051, 4054, 4186, 4080, 4205, 4207, 4212, 5309, 5313, 5335, 5337, 5320, 5322, 5323, 5346, 5357, 5358, 5364]",0.05238830001326278,success,,72.29260468015718,79.56268655880336,22.4028729657628,33.10092674539289,47.60000000000003,57.86536192009764
stl_midamerica_to_st_louis_lambert_2026-03-09_0212,midamerica_to_st_louis_lambert,MidAmerica to St. Louis Lambert,MidAmerica St. Louis Airport,St. Louis Lambert International Airport,38.5451731,-89.8351856,38.7486982,-90.3700257,2026-03-09,March 9th - Monday,w_0212,0.4,0.1,0.1,0.4,97,"[8877, 8881, 8904, 8922, 8923, 8927, 9145, 10016, 10018, 10062, 10055, 10058, 10094, 10096, 10103, 10104, 10110, 10109, 10291, 10512, 10290, 10513, 10298, 10295, 10296, 10297, 10307, 10305, 10306, 10319, 10321, 10320, 10318, 10211, 10210, 10208, 10209, 10326, 10328, 10329, 10327, 2522, 2524, 2523, 2514, 2517, 2515, 2516, 2530, 2534, 2559, 2558, 2840, 2842, 2846, 2869, 2885, 2886, 4087, 4090, 2897, 4095, 2896, 3904, 3925, 3926, 3927, 3914, 3948, 3947, 3945, 3940, 3942, 3943, 3941, 4043, 4042, 4041, 4040, 4051, 4050, 4053, 4076, 4075, 4082, 4084, 5077, 5081, 5083, 5306, 5303, 5318, 5323, 5346, 5357, 5358, 5364]",0.05345760000636801,success,,72.2933389429518,79.56349466249311,24.952872356942887,25.37356481745,47.60000000000003,55.89804158243655
stl_midamerica_to_st_louis_lambert_2026-03-09_0213,midamerica_to_st_louis_lambert,MidAmerica to St. Louis Lambert,MidAmerica St. Louis Airport,St. Louis Lambert International Airport,38.5451731,-89.8351856,38.7486982,-90.3700257,2026-03-09,March 9th - Monday,w_0213,0.4,0.1,0.2,0.3,96,"[8877, 8879, 8896, 8900, 8924, 8930, 10012, 10015, 10019, 10053, 10057, 10054, 10061, 10051, 10049, 10048, 10050, 10254, 10259, 10282, 10289, 10294, 10281, 10292, 10293, 10304, 10303, 10302, 10315, 10316, 10317, 10314, 10207, 10206, 10204, 10205, 10323, 10328, 10329, 10327, 2548, 2550, 2556, 2553, 2544, 2546, 2579, 2560, 2564, 2567, 2566, 2844, 2842, 2846, 2869, 2885, 2886, 4087, 4090, 2897, 4095, 4096, 3932, 3930, 3934, 3957, 3965, 3954, 3969, 3971, 4296, 4300, 4316, 4304, 4219, 4224, 4222, 4223, 4231, 4232, 4234, 4266, 4269, 4272, 4271, 5343, 5365, 5370, 5369, 5353, 5352, 5375, 5354, 5363, 5362, 5364]",0.05036100000143051,success,,71.9243144356828,79.15735932770663,28.760269305021822,18.252929895058156,50.40000000000003,53.30955664059647
stl_midamerica_to_st_louis_lambert_2026-03-09_0214,midamerica_to_st_louis_lambert,MidAmerica to St. Louis Lambert,MidAmerica St. Louis Airport,St. Louis Lambert International Airport,38.5451731,-89.8351856,38.7486982,-90.3700257,2026-03-09,March 9th - Monday,w_0214,0.4,0.1,0.3,0.2,96,"[8877, 8879, 8896, 8900, 8924, 8930, 10012, 10015, 10019, 10053, 10057, 10054, 10061, 10051, 10049, 10048, 10050, 10254, 10259, 10282, 10289, 10294, 10281, 10292, 10293, 10304, 10303, 10302, 10315, 10316, 10317, 10314, 10207, 10206, 10204, 10205, 10323, 10328, 10329, 10327, 2548, 2550, 2556, 2553, 2544, 2546, 2579, 2560, 2564, 2567, 2566, 2844, 2842, 2846, 2869, 2885, 2886, 4087, 4090, 2897, 4095, 4096, 3932, 3930, 3934, 3957, 3965, 3954, 3969, 3971, 4296, 4300, 4316, 4304, 4219, 4224, 4222, 4223, 4231, 4232, 4234, 4266, 4269, 4272, 4271, 5343, 5365, 5370, 5369, 5353, 5352, 5375, 5354, 5363, 5362, 5364]",0.04858229999081232,success,,71.9243144356828,79.15735932770663,28.760269305021822,18.252929895058156,50.40000000000003,50.09484963010229
stl_midamerica_to_st_louis_lambert_2026-03-09_0215,midamerica_to_st_louis_lambert,MidAmerica to St. Louis Lambert,MidAmerica St. Louis Airport,St. Louis Lambert International Airport,38.5451731,-89.8351856,38.7486982,-90.3700257,2026-03-09,March 9th - Monday,w_0215,0.4,0.1,0.4,0.1,96,"[8877, 8879, 8896, 8900, 8924, 8930, 10012, 10015, 10019, 10053, 10057, 10054, 10061, 10051, 10049, 10048, 10050, 10254, 10259, 10282, 10289, 10294, 10281, 10292, 10293, 10304, 10303, 10302, 10315, 10316, 10317, 10314, 10207, 10206, 10204, 10205, 10323, 10328, 10329, 10327, 2548, 2550, 2556, 2553, 2544, 2546, 2579, 2560, 2564, 2567, 2566, 2844, 2842, 2846, 2869, 2885, 2886, 4087, 4090, 2897, 4095, 4096, 3932, 3930, 3934, 3957, 3965, 3954, 3969, 3971, 4296, 4300, 4316, 4304, 4219, 4224, 4222, 4223, 4231, 4232, 4234, 4266, 4269, 4272, 4271, 5343, 5365, 5370, 5369, 5353, 5352, 5375, 5376, 5588, 5362, 5364]",0.04544709998299368,success,,72.45839366976055,79.74514806331098,28.760269305021822,17.563853656081626,50.40000000000003,46.83962761825923
stl_midamerica_to_st_louis_lambert_2026-03-09_0216,midamerica_to_st_louis_lambert,MidAmerica to St. Louis Lambert,MidAmerica St. Louis Airport,St. Louis Lambert International Airport,38.5451731,-89.8351856,38.7486982,-90.3700257,2026-03-09,March 9th - Monday,w_0216,0.4,0.1,0.5,0.0,96,"[8877, 8876, 8868, 8869, 8870, 8867, 9753, 9754, 9755, 9744, 9749, 9748, 9772, 9764, 9766, 9770, 9797, 10002, 10006, 10008, 10233, 10243, 10246, 10272, 10273, 10269, 10303, 10302, 10315, 10316, 10317, 10314, 10207, 10206, 10204, 10205, 10323, 10328, 10329, 10327, 2548, 2550, 2556, 2549, 2542, 2546, 2579, 2560, 2564, 2567, 2566, 2844, 2842, 2846, 2869, 2885, 2886, 4087, 4090, 2897, 4095, 4096, 3932, 3930, 3934, 3957, 3965, 3954, 3969, 3971, 4296, 4300, 4316, 4304, 4219, 4224, 4222, 4223, 4231, 4232, 4234, 4266, 4269, 4272, 4271, 5343, 5365, 5370, 5369, 5353, 5352, 5375, 5376, 5588, 5362, 5364]",0.04053520000888966,success,,72.9859483917117,80.32575615138471,26.083780379578656,17.03185371789996,54.400000000000034,43.25460735746173
stl_midamerica_to_st_louis_lambert_2026-03-09_0217,midamerica_to_st_louis_lambert,MidAmerica to St. Louis Lambert,MidAmerica St. Louis Airport,St. Louis Lambert International Airport,38.5451731,-89.8351856,38.7486982,-90.3700257,2026-03-09,March 9th - Monday,w_0217,0.4,0.2,0.0,0.4,97,"[8877, 8881, 8904, 8922, 8923, 8927, 9145, 10016, 10018, 10062, 10055, 10058, 10094, 10096, 10103, 10104, 10110, 10109, 10291, 10512, 10290, 10513, 10298, 10295, 10296, 10297, 10307, 10305, 10306, 10319, 10321, 10320, 10318, 10211, 10210, 10208, 10209, 10326, 10328, 10329, 10327, 2522, 2524, 2523, 2514, 2517, 2515, 2516, 2530, 2534, 2532, 2558, 2840, 2839, 2838, 2827, 2849, 2848, 2850, 2837, 2861, 2866, 2889, 3896, 3898, 3901, 3902, 3914, 3948, 3947, 3952, 3940, 3942, 3943, 3941, 4043, 4042, 4041, 4040, 4051, 4054, 4186, 4080, 4205, 4207, 4212, 5309, 5313, 5335, 5337, 5320, 5322, 5323, 5346, 5357, 5358, 5364]",0.05033310002181679,success,,72.29260468015718,79.56268655880336,22.4028729657628,33.10092674539289,47.60000000000003,55.34564921667392
stl_midamerica_to_st_louis_lambert_2026-03-09_0218,midamerica_to_st_louis_lambert,MidAmerica to St. Louis Lambert,MidAmerica St. Louis Airport,St. Louis Lambert International Airport,38.5451731,-89.8351856,38.7486982,-90.3700257,2026-03-09,March 9th - Monday,w_0218,0.4,0.2,0.1,0.3,97,"[8877, 8881, 8904, 8922, 8923, 8927, 9145, 10016, 10018, 10062, 10055, 10058, 10094, 10096, 10103, 10104, 10110, 10109, 10516, 10515, 10514, 10517, 10522, 10299, 10300, 10301, 10309, 10308, 10533, 10363, 10350, 10351, 10362, 10372, 10374, 10379, 10614, 10407, 10410, 10411, 10408, 2604, 2605, 2606, 2603, 10715, 10714, 10713, 10722, 2597, 10723, 2596, 2876, 2875, 2874, 2873, 2885, 2886, 4087, 4090, 2897, 4095, 2896, 3904, 3925, 3926, 3927, 3914, 3948, 3947, 3945, 3940, 3942, 3943, 3941, 4043, 4042, 4041, 4040, 4051, 4050, 4053, 4076, 4075, 4082, 4084, 5080, 5305, 5307, 5314, 5320, 5322, 5323, 5346, 5357, 5358, 5364]",0.04958590000751428,success,,72.2999394704367,79.57075896984139,20.101440652170535,26.548068442819744,50.00000000000003,53.503398562652656
stl_midamerica_to_st_louis_lambert_2026-03-09_0219,midamerica_to_st_louis_lambert,MidAmerica to St. Louis Lambert,MidAmerica St. Louis Airport,St. Louis Lambert International Airport,38.5451731,-89.8351856,38.7486982,-90.3700257,2026-03-09,March 9th - Monday,w_0219,0.4,0.2,0.2,0.2,97,"[8877, 8881, 8904, 8922, 8923, 8927, 9145, 10016, 10018, 10062, 10055, 10058, 10094, 10096, 10103, 10104, 10110, 10109, 10516, 10515, 10514, 10517, 10298, 10295, 10296, 10297, 10307, 10305, 10306, 10319, 10321, 10320, 10318, 10211, 10210, 10208, 10209, 10326, 10328, 10329, 10327, 2548, 2550, 2556, 2553, 2544, 2546, 2579, 2560, 2564, 2567, 2566, 2844, 2842, 2846, 2869, 2885, 2886, 4087, 4090, 2897, 4095, 4096, 3932, 3930, 3934, 3957, 3965, 3954, 3969, 3971, 4296, 4298, 4299, 4301, 4217, 4221, 4222, 4223, 4231, 4232, 4234, 4266, 4269, 4272, 4271, 5343, 5365, 5344, 5366, 5353, 5352, 5375, 5354, 5363, 5362, 5364]",0.046256300003733486,success,,72.83378060354633,80.15828565993247,23.191150264777356,19.918339461289726,50.40000000000003,50.765212209186416
stl_midamerica_to_st_louis_lambert_2026-03-09_0220,midamerica_to_st_louis_lambert,MidAmerica to St. Louis Lambert,MidAmerica St. Louis Airport,St. Louis Lambert International Airport,38.5451731,-89.8351856,38.7486982,-90.3700257,2026-03-09,March 9th - Monday,w_0220,0.4,0.2,0.3,0.1,97,"[8877, 8881, 8904, 8922, 8923, 8927, 9145, 10016, 10018, 10062, 10055, 10058, 10094, 10096, 10103, 10104, 10110, 10109, 10516, 10515, 10514, 10517, 10298, 10295, 10296, 10297, 10307, 10308, 10533, 10363, 10350, 10351, 10362, 10372, 10374, 10379, 10614, 10407, 10410, 10411, 10408, 2604, 2605, 2606, 2603, 10715, 10714, 10713, 10722, 2597, 10723, 2596, 2876, 2875, 2874, 2873, 2885, 2886, 4087, 4090, 2897, 4095, 4096, 3932, 3930, 3934, 3957, 3965, 3954, 3969, 3971, 4296, 4300, 4316, 4304, 4219, 4224, 4222, 4223, 4231, 4232, 4234, 4266, 4269, 4272, 4271, 5343, 5365, 5344, 5366, 5353, 5352, 5375, 5354, 5363, 5362, 5364]",0.044300700013991445,success,,72.83878942559768,80.16379819251677,22.24555742163788,19.770807402349785,51.60000000000003,47.60587298203922
stl_midamerica_to_st_louis_lambert_2026-03-09_0221,midamerica_to_st_louis_lambert,MidAmerica to St. Louis Lambert,MidAmerica St. Louis Airport,St. Louis Lambert International Airport,38.5451731,-89.8351856,38.7486982,-90.3700257,2026-03-09,March 9th - Monday,w_0221,0.4,0.2,0.4,0.0,96,"[8877, 8876, 8868, 8869, 8870, 8867, 9753, 9754, 9755, 9744, 9749, 9748, 9772, 9764, 9766, 9770, 9797, 10002, 10006, 10008, 10233, 10243, 10246, 10272, 10273, 10269, 10303, 10302, 10315, 10316, 10317, 10314, 10207, 10206, 10204, 10205, 10323, 10328, 10329, 10327, 2548, 2550, 2556, 2553, 2544, 2546, 2579, 2560, 2564, 2567, 2566, 2844, 2842, 2846, 2869, 2885, 2886, 4087, 4090, 2897, 4095, 4096, 3932, 3930, 3934, 3957, 3965, 3954, 3969, 3971, 4296, 4300, 4316, 4304, 4219, 4224, 4222, 4223, 4231, 4232, 4234, 4266, 4269, 4272, 4271, 5343, 5365, 5370, 5369, 5353, 5352, 5375, 5376, 5588, 5362, 5364]",0.04102390000480227,success,,72.45294940118767,79.73915629366978,26.083780379578656,17.563853656081626,54.400000000000034,44.13796005581629
stl_midamerica_to_st_louis_lambert_2026-03-09_0222,midamerica_to_st_louis_lambert,MidAmerica to St. Louis Lambert,MidAmerica St. Louis Airport,St. Louis Lambert International Airport,38.5451731,-89.8351856,38.7486982,-90.3700257,2026-03-09,March 9th - Monday,w_0222,0.4,0.3,0.0,0.3,98,"[8877, 8881, 8904, 8922, 8923, 8927, 9145, 10016, 10018, 10062, 10055, 10058, 10094, 10096, 10103, 10104, 10110, 10109, 10516, 10515, 10514, 10517, 10522, 10299, 10300, 10301, 10309, 10308, 10533, 10363, 10350, 10351, 10366, 10376, 10374, 10379, 10378, 10391, 10402, 10403, 10390, 2577, 2576, 2598, 2575, 2587, 10714, 10713, 10722, 2597, 10723, 2596, 2876, 2875, 2874, 2873, 2885, 2886, 2884, 2883, 2890, 2891, 2895, 3904, 3925, 3926, 3931, 3951, 3954, 3953, 3966, 3944, 3977, 3976, 3941, 4043, 4042, 4041, 4040, 4046, 4050, 4053, 4076, 4075, 4082, 4084, 5080, 5084, 5310, 5311, 5337, 5320, 5322, 5323, 5346, 5357, 5358, 5364]",0.048969099996611476,success,,73.20858031824217,80.57077698397048,17.18299585912548,32.55540021304927,50.400000000000034,52.503209551325845
stl_midamerica_to_st_louis_lambert_2026-03-09_0223,midamerica_to_st_louis_lambert,MidAmerica to St. Louis Lambert,MidAmerica St. Louis Airport,St. Louis Lambert International Airport,38.5451731,-89.8351856,38.7486982,-90.3700257,2026-03-09,March 9th - Monday,w_0223,0.4,0.3,0.1,0.2,98,"[8877, 8881, 8904, 8922, 8923, 8927, 9145, 10016, 10018, 10062, 10055, 10058, 10094, 10096, 10103, 10104, 10110, 10109, 10516, 10515, 10514, 10517, 10522, 10299, 10300, 10301, 10309, 10308, 10533, 10363, 10350, 10351, 10362, 10372, 10374, 10379, 10614, 10407, 10410, 10411, 10408, 2604, 2605, 2606, 2603, 10715, 10714, 10713, 10722, 2597, 10723, 2596, 2876, 2875, 2874, 2873, 2885, 2886, 4087, 4090, 2897, 4095, 4096, 3932, 3930, 3934, 3957, 3965, 3954, 3953, 3966, 3944, 3977, 3976, 3941, 4043, 4042, 4041, 4040, 4051, 4050, 4053, 4076, 4075, 4082, 4084, 5080, 5084, 5310, 5311, 5337, 5320, 5322, 5323, 5346, 5357, 5358, 5364]",0.04748939999262802,success,,73.20986409734898,80.57218986589858,16.872053462852175,28.901478003351013,51.00000000000003,50.38063978555019
stl_midamerica_to_st_louis_lambert_2026-03-09_0224,midamerica_to_st_louis_lambert,MidAmerica to St. Louis Lambert,MidAmerica St. Louis Airport,St. Louis Lambert International Airport,38.5451731,-89.8351856,38.7486982,-90.3700257,2026-03-09,March 9th - Monday,w_0224,0.4,0.3,0.2,0.1,97,"[8877, 8881, 8904, 8922, 8923, 8927, 9145, 10016, 10018, 10062, 10055, 10058, 10094, 10096, 10103, 10104, 10110, 10109, 10516, 10515, 10514, 10517, 10298, 10295, 10296, 10297, 10307, 10308, 10533, 10363, 10350, 10351, 10362, 10372, 10374, 10379, 10614, 10407, 10410, 10411, 10408, 2604, 2605, 2606, 2603, 10715, 10714, 10713, 10722, 2597, 10723, 2596, 2876, 2875, 2874, 2873, 2885, 2886, 4087, 4090, 2897, 4095, 4096, 3932, 3930, 3934, 3957, 3965, 3954, 3969, 3971, 4296, 4298, 4299, 4301, 4217, 4221, 4222, 4223, 4231, 4232, 4234, 4266, 4269, 4272, 4271, 5343, 5342, 5341, 5366, 5353, 5352, 5375, 5354, 5363, 5362, 5364]",0.045271100010722876,success,,73.37239157198773,80.75106186226792,19.914890625681704,21.592734526361454,51.60000000000003,47.75343883788398
stl_midamerica_to_st_louis_lambert_2026-03-09_0225,midamerica_to_st_louis_lambert,MidAmerica to St. Louis Lambert,MidAmerica St. Louis Airport,St. Louis Lambert International Airport,38.5451731,-89.8351856,38.7486982,-90.3700257,2026-03-09,March 9th - Monday,w_0225,0.4,0.3,0.3,0.0,97,"[8877, 8881, 8904, 8922, 8923, 8927, 9145, 10016, 10018, 10062, 10055, 10058, 10094, 10096, 10103, 10104, 10110, 10109, 10516, 10515, 10514, 10517, 10298, 10295, 10296, 10297, 10307, 10308, 10533, 10363, 10350, 10351, 10362, 10372, 10374, 10379, 10614, 10407, 10410, 10411, 10408, 2604, 2605, 2606, 2603, 10715, 10714, 10713, 10722, 2597, 10723, 2596, 2876, 2875, 2874, 2873, 2885, 2886, 4087, 4090, 2897, 4095, 4096, 3932, 3930, 3934, 3957, 3965, 3954, 3969, 3971, 4296, 4298, 4299, 4301, 4217, 4221, 4222, 4223, 4231, 4232, 4234, 4266, 4269, 4272, 4271, 5343, 5365, 5344, 5366, 5353, 5352, 5375, 5354, 5363, 5362, 5364]",0.040758099989034235,success,,72.83855511660835,80.16354032032142,21.678365553692654,20.232821059771194,51.60000000000003,44.63877211216772
stl_midamerica_to_st_louis_lambert_2026-03-09_0226,midamerica_to_st_louis_lambert,MidAmerica to St. Louis Lambert,MidAmerica St. Louis Airport,St. Louis Lambert International Airport,38.5451731,-89.8351856,38.7486982,-90.3700257,2026-03-09,March 9th - Monday,w_0226,0.4,0.4,0.0,0.2,98,"[8877, 8881, 8904, 8922, 8923, 8927, 9145, 10016, 10018, 10062, 10055, 10058, 10094, 10096, 10103, 10104, 10110, 10109, 10516, 10515, 10514, 10517, 10522, 10299, 10300, 10301, 10309, 10308, 10533, 10363, 10350, 10351, 10366, 10376, 10374, 10379, 10614, 10407, 10410, 10411, 10408, 2604, 2605, 2606, 2603, 10715, 10714, 10713, 10722, 2597, 10723, 2596, 2876, 2875, 2874, 2873, 2885, 2886, 2884, 2883, 2890, 2891, 2895, 3904, 3925, 3926, 3931, 3951, 3954, 3953, 3966, 3944, 3977, 3976, 3941, 4043, 4066, 4067, 4068, 4185, 4187, 4186, 4076, 4075, 4082, 4084, 5080, 5084, 5310, 5311, 5337, 5320, 5322, 5323, 5346, 5357, 5358, 5364]",0.04472219999297522,success,,73.20963090489165,80.57193322251891,16.535156841253748,32.547353465757155,51.400000000000034,49.12283602550907
stl_midamerica_to_st_louis_lambert_2026-03-09_0227,midamerica_to_st_louis_lambert,MidAmerica to St. Louis Lambert,MidAmerica St. Louis Airport,St. Louis Lambert International Airport,38.5451731,-89.8351856,38.7486982,-90.3700257,2026-03-09,March 9th - Monday,w_0227,0.4,0.4,0.1,0.1,98,"[8877, 8881, 8904, 8922, 8923, 8927, 9145, 10016, 10018, 10062, 10055, 10058, 10094, 10096, 10103, 10104, 10110, 10109, 10516, 10515, 10514, 10517, 10522, 10299, 10300, 10301, 10309, 10308, 10533, 10363, 10350, 10351, 10362, 10372, 10374, 10379, 10614, 10407, 10410, 10411, 10408, 2604, 2605, 2606, 2603, 10715, 10714, 10713, 10722, 2597, 10723, 2596, 2876, 2875, 2874, 2873, 2885, 2886, 4087, 4090, 2897, 4095, 4096, 3932, 3930, 3934, 3957, 3965, 3954, 3953, 3966, 3944, 3977, 3976, 3941, 4043, 4042, 4041, 4040, 4051, 4050, 4053, 4076, 4075, 4082, 4084, 5080, 5084, 5310, 5311, 5337, 5320, 5322, 5323, 5346, 5357, 5358, 5364]",0.04413799999747425,success,,73.20986409734898,80.57218986589858,16.872053462852175,28.901478003351013,51.00000000000003,46.9678451318354
stl_midamerica_to_st_louis_lambert_2026-03-09_0228,midamerica_to_st_louis_lambert,MidAmerica to St. Louis Lambert,MidAmerica St. Louis Airport,St. Louis Lambert International Airport,38.5451731,-89.8351856,38.7486982,-90.3700257,2026-03-09,March 9th - Monday,w_0228,0.4,0.4,0.2,0.0,100,"[8877, 8881, 8905, 8906, 8933, 8929, 9143, 9146, 9173, 10020, 10063, 10067, 10069, 10083, 10099, 10422, 10101, 10106, 10104, 10110, 10109, 10516, 10515, 10514, 10517, 10298, 10295, 10296, 10297, 10307, 10308, 10533, 10363, 10350, 10351, 10362, 10372, 10374, 10379, 10614, 10407, 10410, 10411, 10408, 2604, 2605, 2606, 2603, 10715, 10714, 10713, 10722, 2597, 10723, 2596, 2876, 2875, 2874, 2873, 2885, 2886, 4087, 4090, 2897, 4095, 4096, 3932, 3930, 3934, 3957, 3965, 3954, 3969, 3971, 4296, 4298, 4299, 4301, 4217, 4221, 4222, 4223, 4231, 4232, 4234, 4266, 4269, 4272, 4271, 5343, 5342, 5341, 5366, 5353, 5352, 5375, 5354, 5363, 5362, 5364]",0.04110270002274774,success,,74.49722684047114,81.98901581748342,18.628497881695246,21.592734526361454,53.60000000000004,44.565552384943764
stl_midamerica_to_st_louis_lambert_2026-03-09_0229,midamerica_to_st_louis_lambert,MidAmerica to St. Louis Lambert,MidAmerica St. Louis Airport,St. Louis Lambert International Airport,38.5451731,-89.8351856,38.7486982,-90.3700257,2026-03-09,March 9th - Monday,w_0229,0.4,0.5,0.0,0.1,101,"[8877, 8881, 8905, 8906, 8933, 8929, 9143, 9146, 9173, 10020, 10063, 10068, 10070, 10095, 10099, 10422, 10101, 10106, 10104, 10110, 10109, 10516, 10515, 10514, 10517, 10522, 10299, 10300, 10301, 10309, 10308, 10533, 10363, 10350, 10351, 10366, 10376, 10374, 10379, 10614, 10407, 10410, 10411, 10408, 2604, 2605, 2606, 2603, 10715, 10714, 10713, 10722, 2597, 10723, 2596, 2876, 2875, 2874, 2873, 2885, 2886, 2884, 2883, 2890, 2891, 2895, 3904, 3925, 3926, 3931, 3951, 3954, 3953, 3966, 3944, 3977, 3976, 3941, 4043, 4066, 4067, 4068, 4185, 4187, 4186, 4076, 4075, 4082, 4084, 5080, 5084, 5310, 5311, 5337, 5320, 5322, 5323, 5346, 5357, 5358, 5364]",0.041524400003254414,success,,74.33442696730225,81.80984402891588,15.331226617704312,32.547353465757155,52.400000000000034,45.62955092041851
stl_midamerica_to_st_louis_lambert_2026-03-09_0230,midamerica_to_st_louis_lambert,MidAmerica to St. Louis Lambert,MidAmerica St. Louis Airport,St. Louis Lambert International Airport,38.5451731,-89.8351856,38.7486982,-90.3700257,2026-03-09,March 9th - Monday,w_0230,0.4,0.5,0.1,0.0,101,"[8877, 8881, 8905, 8906, 8933, 8929, 9143, 9146, 9173, 10020, 10063, 10067, 10069, 10083, 10099, 10422, 10101, 10106, 10104, 10110, 10109, 10516, 10515, 10514, 10517, 10522, 10299, 10300, 10301, 10309, 10308, 10533, 10363, 10350, 10351, 10362, 10372, 10374, 10379, 10614, 10407, 10410, 10411, 10408, 2604, 2605, 2606, 2603, 10715, 10714, 10713, 10722, 2597, 10723, 2596, 2876, 2875, 2874, 2873, 2885, 2886, 4087, 4090, 2897, 4095, 4096, 3932, 3930, 3934, 3957, 3965, 3954, 3953, 3966, 3944, 3977, 3976, 3941, 4043, 4066, 4067, 4044, 4052, 4054, 4053, 4076, 4075, 4082, 4084, 5080, 5084, 5310, 5311, 5337, 5320, 5322, 5323, 5346, 5357, 5358, 5364]",0.03815849998500198,success,,74.33489448318907,81.81035856038324,15.438072346099593,29.486023946892956,53.400000000000034,43.39178199189239
stl_midamerica_to_st_louis_lambert_2026-03-09_0231,midamerica_to_st_louis_lambert,MidAmerica to St. Louis Lambert,MidAmerica St. Louis Airport,St. Louis Lambert International Airport,38.5451731,-89.8351856,38.7486982,-90.3700257,2026-03-09,March 9th - Monday,w_0231,0.4,0.6,0.0,0.0,101,"[8877, 8881, 8905, 8906, 8933, 8929, 9143, 9146, 9173, 10020, 10063, 10067, 10069, 10083, 10099, 10422, 10101, 10106, 10104, 10110, 10109, 10516, 10515, 10514, 10517, 10522, 10299, 10300, 10301, 10309, 10308, 10533, 10363, 10350, 10351, 10366, 10376, 10374, 10379, 10614, 10407, 10410, 10411, 10408, 2604, 2605, 2606, 2603, 10715, 10714, 10713, 10722, 2597, 10723, 2596, 2876, 2875, 2874, 2873, 2885, 2886, 2884, 2883, 2890, 2891, 2895, 3904, 3925, 3926, 3931, 3951, 3954, 3953, 3966, 3944, 3977, 3976, 3941, 4043, 4066, 4067, 4068, 4185, 4187, 4188, 4076, 4075, 4082, 4084, 5080, 5084, 5310, 5311, 5337, 5320, 5322, 5323, 5346, 5357, 5358, 5364]",0.03535520000150427,success,,74.86814321158518,82.39723327077671,14.83726570267187,32.547353465757155,53.400000000000034,41.86125272991381
stl_midamerica_to_st_louis_lambert_2026-03-09_0232,midamerica_to_st_louis_lambert,MidAmerica to St. Louis Lambert,MidAmerica St. Louis Airport,St. Louis Lambert International Airport,38.5451731,-89.8351856,38.7486982,-90.3700257,2026-03-09,March 9th - Monday,w_0232,0.5,0.0,0.0,0.5,96,"[8877, 8876, 8892, 8897, 8899, 8926, 9788, 10013, 10014, 10036, 10052, 10054, 10061, 10051, 10049, 10048, 10050, 10253, 10252, 10241, 10240, 10248, 10246, 10247, 10245, 10231, 10230, 10262, 10150, 10148, 10149, 10151, 10161, 10159, 10158, 10160, 10166, 10168, 10167, 10169, 2247, 2269, 2268, 2257, 2256, 2254, 2279, 2293, 2296, 2301, 2303, 2491, 2492, 2818, 2496, 2507, 2506, 2828, 2505, 2809, 2811, 2810, 2728, 2730, 2731, 2729, 2715, 2717, 2714, 2716, 2738, 2741, 2745, 2747, 2684, 2687, 3987, 3990, 4016, 4017, 4022, 4029, 4034, 4060, 4064, 5048, 5052, 5076, 5082, 5299, 5304, 5319, 5321, 5357, 5358, 5364]",0.047964900004444644,success,,71.90057520712594,79.13123277148179,53.29567736851651,26.74625699395366,46.20000000000003,62.66561638574091
stl_midamerica_to_st_louis_lambert_2026-03-09_0233,midamerica_to_st_louis_lambert,MidAmerica to St. Louis Lambert,MidAmerica St. Louis Airport,St. Louis Lambert International Airport,38.5451731,-89.8351856,38.7486982,-90.3700257,2026-03-09,March 9th - Monday,w_0233,0.5,0.0,0.1,0.4,96,"[8877, 8876, 8892, 8897, 8899, 8926, 9788, 10013, 10014, 10036, 10052, 10054, 10061, 10051, 10049, 10048, 10050, 10253, 10252, 10241, 10240, 10248, 10246, 10247, 10245, 10231, 10230, 10262, 10150, 10148, 10149, 10151, 10161, 10159, 10158, 10160, 10166, 10168, 10167, 10169, 2247, 2269, 2268, 2278, 2283, 2508, 2286, 2298, 2300, 2304, 2531, 2819, 2820, 2822, 2825, 2836, 2848, 2850, 2837, 2859, 2858, 2860, 2763, 2762, 2761, 2764, 2783, 2781, 2782, 2784, 2775, 2802, 2805, 3917, 4005, 4010, 4013, 4012, 4021, 4045, 4047, 4058, 4062, 4077, 4079, 5077, 5081, 5083, 5306, 5303, 5318, 5323, 5321, 5357, 5358, 5364]",0.04501840000739321,success,,71.90559570804638,79.13675815741672,46.50300032827238,17.67123391089395,46.60000000000003,59.97550246979776
stl_midamerica_to_st_louis_lambert_2026-03-09_0234,midamerica_to_st_louis_lambert,MidAmerica to St. Louis Lambert,MidAmerica St. Louis Airport,St. Louis Lambert International Airport,38.5451731,-89.8351856,38.7486982,-90.3700257,2026-03-09,March 9th - Monday,w_0234,0.5,0.0,0.2,0.3,96,"[8877, 8876, 8892, 8897, 8899, 8926, 9788, 10013, 10014, 10036, 10052, 10054, 10061, 10051, 10049, 10048, 10050, 10253, 10252, 10241, 10240, 10248, 10246, 10247, 10245, 10231, 10230, 10262, 10150, 10148, 10149, 10151, 10161, 10159, 10158, 10160, 10166, 10168, 10167, 10169, 2247, 2269, 2268, 2278, 2283, 2508, 2286, 2298, 2300, 2304, 2531, 2819, 2820, 2822, 2825, 2836, 2848, 2850, 2837, 2859, 2858, 2860, 2763, 2762, 2761, 2764, 2783, 2781, 2782, 2784, 2775, 2802, 2805, 3917, 4005, 4010, 4013, 4012, 4021, 4045, 4047, 4058, 4062, 4077, 4079, 5077, 5081, 5083, 5306, 5303, 5318, 5323, 5321, 5357, 5358, 5364]",0.042321300017647445,success,,71.90559570804638,79.13675815741672,46.50300032827238,17.67123391089395,46.60000000000003,57.08262586088716
stl_midamerica_to_st_louis_lambert_2026-03-09_0235,midamerica_to_st_louis_lambert,MidAmerica to St. Louis Lambert,MidAmerica St. Louis Airport,St. Louis Lambert International Airport,38.5451731,-89.8351856,38.7486982,-90.3700257,2026-03-09,March 9th - Monday,w_0235,0.5,0.0,0.3,0.2,96,"[8877, 8876, 8892, 8897, 8899, 8926, 9788, 10013, 10014, 10036, 10052, 10054, 10061, 10051, 10049, 10048, 10050, 10253, 10252, 10241, 10240, 10248, 10246, 10247, 10245, 10231, 10230, 10262, 10150, 10148, 10149, 10151, 10161, 10156, 10154, 10155, 10162, 10164, 10163, 10165, 2244, 2246, 2268, 2278, 2283, 2508, 2286, 2298, 2300, 2304, 2531, 2819, 2820, 2822, 2825, 2836, 2848, 2850, 2837, 2859, 2858, 2815, 2759, 2758, 2761, 2764, 2783, 2781, 2782, 2784, 2775, 2802, 2805, 3917, 4005, 4010, 4013, 4012, 4021, 4045, 4047, 4058, 4062, 4077, 4079, 5077, 5081, 5083, 5306, 5303, 5318, 5323, 5321, 5357, 5358, 5364]",0.03810549998888746,success,,72.97107486094428,80.30938686891513,48.211733407467264,15.158559974728458,46.60000000000003,54.022261426876106
stl_midamerica_to_st_louis_lambert_2026-03-09_0236,midamerica_to_st_louis_lambert,MidAmerica to St. Louis Lambert,MidAmerica St. Louis Airport,St. Louis Lambert International Airport,38.5451731,-89.8351856,38.7486982,-90.3700257,2026-03-09,March 9th - Monday,w_0236,0.5,0.0,0.4,0.1,96,"[8877, 8876, 8892, 8897, 8899, 8926, 9788, 10013, 10014, 10036, 10052, 10054, 10061, 10051, 10049, 10048, 10050, 10253, 10252, 10241, 10240, 10248, 10246, 10247, 10245, 10231, 10230, 10262, 10150, 10148, 10149, 10151, 10161, 10156, 10154, 10155, 10162, 10164, 10163, 10165, 2244, 2246, 2268, 2278, 2283, 2508, 2286, 2298, 2300, 2304, 2531, 2819, 2820, 2822, 2825, 2836, 2848, 2850, 2837, 2859, 2858, 2815, 2759, 2758, 2761, 2764, 2783, 2781, 2782, 2784, 2775, 2802, 2805, 3917, 4005, 4010, 4013, 4012, 4021, 4045, 4047, 4058, 4062, 4077, 4079, 5077, 5081, 5083, 5306, 5303, 5318, 5323, 5321, 5357, 5358, 5364]",0.03395810001529753,success,,72.97107486094428,80.30938686891513,48.211733407467264,15.158559974728458,46.60000000000003,50.87811742434895
stl_midamerica_to_st_louis_lambert_2026-03-09_0237,midamerica_to_st_louis_lambert,MidAmerica to St. Louis Lambert,MidAmerica St. Louis Airport,St. Louis Lambert International Airport,38.5451731,-89.8351856,38.7486982,-90.3700257,2026-03-09,March 9th - Monday,w_0237,0.5,0.0,0.5,0.0,97,"[8877, 8876, 8868, 8869, 8870, 8867, 9753, 9754, 9755, 9744, 9742, 9743, 9730, 9733, 9721, 9732, 9720, 9915, 9913, 9912, 9914, 9932, 7806, 9933, 9923, 9922, 7815, 7816, 9820, 9832, 9833, 9821, 7905, 7906, 9823, 9822, 7916, 7915, 7914, 7913, 1933, 1931, 1932, 1917, 1943, 1946, 1970, 1983, 1998, 2003, 2000, 2191, 2194, 2193, 2192, 2185, 2184, 2186, 2421, 2202, 2203, 2207, 2341, 2344, 2368, 2374, 2394, 2397, 2712, 2714, 2750, 2744, 2770, 2772, 2777, 3989, 3993, 4006, 4008, 4021, 4045, 4047, 4058, 4062, 4077, 4079, 5077, 5081, 5083, 5306, 5303, 5318, 5323, 5321, 5357, 5358, 5364]",0.031767900014529005,success,,72.78442166143321,80.10396295213135,46.66792164139793,13.194060684414467,62.40000000000001,46.64901181827291
stl_midamerica_to_st_louis_lambert_2026-03-09_0238,midamerica_to_st_louis_lambert,MidAmerica to St. Louis Lambert,MidAmerica St. Louis Airport,St. Louis Lambert International Airport,38.5451731,-89.8351856,38.7486982,-90.3700257,2026-03-09,March 9th - Monday,w_0238,0.5,0.1,0.0,0.4,96,"[8877, 8879, 8896, 8900, 8924, 8930, 10012, 10015, 10019, 10053, 10057, 10060, 10092, 10076, 10080, 10105, 10109, 10291, 10512, 10290, 10513, 10298, 10295, 10296, 10297, 10307, 10305, 10306, 10319, 10321, 10320, 10318, 10211, 10210, 10208, 10209, 10326, 10328, 10329, 10327, 2522, 2524, 2523, 2514, 2517, 2515, 2516, 2530, 2534, 2532, 2558, 2840, 2839, 2838, 2827, 2849, 2848, 2850, 2837, 2861, 2866, 2889, 3896, 3898, 3901, 3902, 3914, 3948, 3947, 3952, 3940, 3942, 3943, 3941, 4043, 4042, 4041, 4040, 4051, 4054, 4186, 4080, 4205, 4207, 4212, 5309, 5313, 5335, 5337, 5320, 5322, 5323, 5346, 5357, 5358, 5364]",0.047278499987442046,success,,71.91755552376524,79.14992070804759,24.36028291495292,33.10092674539289,47.60000000000003,61.0509886455191
stl_midamerica_to_st_louis_lambert_2026-03-09_0239,midamerica_to_st_louis_lambert,MidAmerica to St. Louis Lambert,MidAmerica St. Louis Airport,St. Louis Lambert International Airport,38.5451731,-89.8351856,38.7486982,-90.3700257,2026-03-09,March 9th - Monday,w_0239,0.5,0.1,0.1,0.3,96,"[8877, 8879, 8896, 8900, 8924, 8930, 10012, 10015, 10019, 10053, 10057, 10054, 10061, 10051, 10049, 10048, 10050, 10254, 10259, 10282, 10289, 10294, 10281, 10292, 10293, 10304, 10303, 10302, 10315, 10316, 10317, 10314, 10207, 10206, 10204, 10205, 10323, 10324, 10322, 10325, 2520, 2524, 2523, 2514, 2517, 2515, 2516, 2530, 2534, 2559, 2558, 2840, 2842, 2846, 2869, 2885, 2886, 4087, 4090, 2897, 4095, 2896, 3904, 3925, 3926, 3927, 3914, 3948, 3947, 3945, 3940, 3942, 3943, 3941, 4043, 4042, 4041, 4040, 4051, 4050, 4053, 4076, 4075, 4082, 4084, 5077, 5081, 5083, 5306, 5303, 5318, 5323, 5346, 5357, 5358, 5364]",0.046238399983849376,success,,71.91650922837874,79.14876919231166,28.34435801470195,23.777947830960905,47.60000000000003,59.066615180722124
stl_midamerica_to_st_louis_lambert_2026-03-09_0240,midamerica_to_st_louis_lambert,MidAmerica to St. Louis Lambert,MidAmerica St. Louis Airport,St. Louis Lambert International Airport,38.5451731,-89.8351856,38.7486982,-90.3700257,2026-03-09,March 9th - Monday,w_0240,0.5,0.1,0.2,0.2,96,"[8877, 8879, 8896, 8900, 8924, 8930, 10012, 10015, 10019, 10053, 10057, 10054, 10061, 10051, 10049, 10048, 10050, 10254, 10259, 10282, 10289, 10294, 10281, 10292, 10293, 10304, 10303, 10302, 10315, 10316, 10317, 10314, 10207, 10206, 10204, 10205, 10323, 10328, 10329, 10327, 2548, 2550, 2556, 2553, 2544, 2546, 2579, 2560, 2564, 2567, 2566, 2844, 2842, 2846, 2869, 2885, 2886, 4087, 4090, 2897, 4095, 4096, 3932, 3930, 3934, 3957, 3965, 3954, 3969, 3971, 4296, 4300, 4316, 4304, 4219, 4224, 4222, 4223, 4231, 4232, 4234, 4266, 4269, 4272, 4271, 5343, 5365, 5370, 5369, 5353, 5352, 5375, 5354, 5363, 5362, 5364]",0.041386400000192225,success,,71.9243144356828,79.15735932770663,28.760269305021822,18.252929895058156,50.40000000000003,56.185292573367136
stl_midamerica_to_st_louis_lambert_2026-03-09_0241,midamerica_to_st_louis_lambert,MidAmerica to St. Louis Lambert,MidAmerica St. Louis Airport,St. Louis Lambert International Airport,38.5451731,-89.8351856,38.7486982,-90.3700257,2026-03-09,March 9th - Monday,w_0241,0.5,0.1,0.3,0.1,96,"[8877, 8879, 8896, 8900, 8924, 8930, 10012, 10015, 10019, 10053, 10057, 10054, 10061, 10051, 10049, 10048, 10050, 10254, 10259, 10282, 10289, 10294, 10281, 10292, 10293, 10304, 10303, 10302, 10315, 10316, 10317, 10314, 10207, 10206, 10204, 10205, 10323, 10328, 10329, 10327, 2548, 2550, 2556, 2553, 2544, 2546, 2579, 2560, 2564, 2567, 2566, 2844, 2842, 2846, 2869, 2885, 2886, 4087, 4090, 2897, 4095, 4096, 3932, 3930, 3934, 3957, 3965, 3954, 3969, 3971, 4296, 4300, 4316, 4304, 4219, 4224, 4222, 4223, 4231, 4232, 4234, 4266, 4269, 4272, 4271, 5343, 5365, 5370, 5369, 5353, 5352, 5375, 5354, 5363, 5362, 5364]",0.03706989999045618,success,,71.9243144356828,79.15735932770663,28.760269305021822,18.252929895058156,50.40000000000003,52.970585562872955
stl_midamerica_to_st_louis_lambert_2026-03-09_0242,midamerica_to_st_louis_lambert,MidAmerica to St. Louis Lambert,MidAmerica St. Louis Airport,St. Louis Lambert International Airport,38.5451731,-89.8351856,38.7486982,-90.3700257,2026-03-09,March 9th - Monday,w_0242,0.5,0.1,0.4,0.0,96,"[8877, 8876, 8868, 8869, 8870, 8867, 9753, 9754, 9755, 9744, 9749, 9748, 9772, 9764, 9766, 9770, 9797, 10002, 10006, 10008, 10233, 10243, 10246, 10272, 10273, 10269, 10303, 10302, 10315, 10316, 10317, 10314, 10207, 10206, 10204, 10205, 10323, 10328, 10329, 10327, 2548, 2550, 2556, 2553, 2544, 2546, 2579, 2560, 2564, 2567, 2566, 2844, 2842, 2846, 2869, 2885, 2886, 4087, 4090, 2897, 4095, 4096, 3932, 3930, 3934, 3957, 3965, 3954, 3969, 3971, 4296, 4300, 4316, 4304, 4219, 4224, 4222, 4223, 4231, 4232, 4234, 4266, 4269, 4272, 4271, 5343, 5365, 5370, 5369, 5353, 5352, 5375, 5354, 5363, 5362, 5364]",0.033177000004798174,success,,71.91887016710992,79.15136755806543,26.083780379578656,18.252929895058156,54.400000000000034,49.48523377501384
stl_midamerica_to_st_louis_lambert_2026-03-09_0243,midamerica_to_st_louis_lambert,MidAmerica to St. Louis Lambert,MidAmerica St. Louis Airport,St. Louis Lambert International Airport,38.5451731,-89.8351856,38.7486982,-90.3700257,2026-03-09,March 9th - Monday,w_0243,0.5,0.2,0.0,0.3,97,"[8877, 8881, 8904, 8922, 8923, 8927, 9145, 10016, 10018, 10062, 10055, 10058, 10094, 10096, 10103, 10104, 10110, 10109, 10291, 10512, 10290, 10513, 10298, 10295, 10296, 10297, 10307, 10305, 10306, 10319, 10321, 10320, 10318, 10211, 10210, 10208, 10209, 10326, 10328, 10329, 10327, 2522, 2524, 2523, 2514, 2517, 2515, 2516, 2530, 2534, 2532, 2558, 2840, 2839, 2838, 2827, 2849, 2848, 2850, 2837, 2861, 2866, 2889, 3896, 3898, 3901, 3902, 3914, 3948, 3947, 3952, 3940, 3942, 3943, 3941, 4043, 4066, 4067, 4068, 4185, 4187, 4188, 4080, 4205, 4207, 4212, 5309, 5313, 5335, 5337, 5320, 5322, 5323, 5346, 5357, 5358, 5364]",0.04191929998341948,success,,72.29291693161697,79.56303021172793,21.70319333025272,34.26913062945733,48.00000000000003,58.52215377191452
stl_midamerica_to_st_louis_lambert_2026-03-09_0244,midamerica_to_st_louis_lambert,MidAmerica to St. Louis Lambert,MidAmerica St. Louis Airport,St. Louis Lambert International Airport,38.5451731,-89.8351856,38.7486982,-90.3700257,2026-03-09,March 9th - Monday,w_0244,0.5,0.2,0.1,0.2,97,"[8877, 8881, 8904, 8922, 8923, 8927, 9145, 10016, 10018, 10062, 10055, 10058, 10094, 10096, 10103, 10104, 10110, 10109, 10516, 10515, 10514, 10517, 10522, 10299, 10300, 10301, 10309, 10308, 10533, 10363, 10350, 10351, 10362, 10372, 10374, 10379, 10614, 10407, 10410, 10411, 10408, 2604, 2605, 2606, 2603, 10715, 10714, 10713, 10722, 2597, 10723, 2596, 2876, 2875, 2874, 2873, 2885, 2886, 4087, 4090, 2897, 4095, 2896, 3904, 3925, 3926, 3927, 3914, 3948, 3947, 3945, 3940, 3942, 3943, 3941, 4043, 4042, 4041, 4040, 4051, 4050, 4053, 4076, 4075, 4082, 4084, 5080, 5305, 5307, 5314, 5320, 5322, 5323, 5346, 5357, 5358, 5364]",0.0419069999770727,success,,72.2999394704367,79.57075896984139,20.101440652170535,26.548068442819744,50.00000000000003,56.46047445963679
stl_midamerica_to_st_louis_lambert_2026-03-09_0245,midamerica_to_st_louis_lambert,MidAmerica to St. Louis Lambert,MidAmerica St. Louis Airport,St. Louis Lambert International Airport,38.5451731,-89.8351856,38.7486982,-90.3700257,2026-03-09,March 9th - Monday,w_0245,0.5,0.2,0.2,0.1,97,"[8877, 8881, 8904, 8922, 8923, 8927, 9145, 10016, 10018, 10062, 10055, 10058, 10094, 10096, 10103, 10104, 10110, 10109, 10516, 10515, 10514, 10517, 10522, 10299, 10300, 10301, 10309, 10308, 10533, 10363, 10350, 10351, 10362, 10372, 10374, 10379, 10614, 10407, 10410, 10411, 10408, 2604, 2605, 2606, 2603, 10715, 10714, 10713, 10722, 2597, 10723, 2596, 2876, 2875, 2874, 2873, 2885, 2886, 4087, 4090, 2897, 4095, 4096, 3932, 3930, 3934, 3957, 3965, 3954, 3969, 3971, 4296, 4298, 4299, 4301, 4217, 4221, 4222, 4223, 4231, 4232, 4234, 4266, 4269, 4272, 4271, 5343, 5365, 5344, 5366, 5353, 5352, 5375, 5354, 5363, 5362, 5364]",0.0375822999922093,success,,72.30579945382928,79.57720826052562,21.678365553692654,21.46620482428226,51.60000000000003,53.5775182058578
stl_midamerica_to_st_louis_lambert_2026-03-09_0246,midamerica_to_st_louis_lambert,MidAmerica to St. Louis Lambert,MidAmerica St. Louis Airport,St. Louis Lambert International Airport,38.5451731,-89.8351856,38.7486982,-90.3700257,2026-03-09,March 9th - Monday,w_0246,0.5,0.2,0.3,0.0,96,"[8877, 8876, 8868, 8869, 8870, 8867, 9753, 9754, 9755, 9744, 9749, 9748, 9772, 9764, 9766, 9770, 9797, 10002, 10006, 10008, 10233, 10243, 10246, 10272, 10273, 10269, 10303, 10306, 10343, 10347, 10351, 10362, 10372, 10374, 10379, 10614, 10407, 10410, 10411, 10408, 2604, 2605, 2606, 2603, 10715, 10714, 10713, 10722, 2597, 10723, 2596, 2876, 2875, 2874, 2873, 2885, 2886, 4087, 4090, 2897, 4095, 4096, 3932, 3930, 3934, 3957, 3965, 3954, 3969, 3971, 4296, 4300, 4316, 4304, 4219, 4224, 4222, 4223, 4231, 4232, 4234, 4266, 4269, 4272, 4271, 5343, 5365, 5344, 5366, 5353, 5352, 5375, 5354, 5363, 5362, 5364]",0.03453129998524673,success,,71.92372133284424,79.1567065796773,23.760691760623175,19.770807402349785,55.60000000000004,50.26173386266822
stl_midamerica_to_st_louis_lambert_2026-03-09_0247,midamerica_to_st_louis_lambert,MidAmerica to St. Louis Lambert,MidAmerica St. Louis Airport,St. Louis Lambert International Airport,38.5451731,-89.8351856,38.7486982,-90.3700257,2026-03-09,March 9th - Monday,w_0247,0.5,0.3,0.0,0.2,97,"[8877, 8881, 8904, 8922, 8923, 8927, 9145, 10016, 10018, 10062, 10055, 10058, 10094, 10096, 10103, 10104, 10110, 10109, 10516, 10515, 10514, 10517, 10522, 10299, 10300, 10301, 10309, 10308, 10533, 10363, 10350, 10351, 10366, 10376, 10374, 10379, 10378, 10391, 10402, 10403, 10390, 2577, 2576, 2598, 2575, 2587, 10714, 10713, 10722, 2597, 10723, 2596, 2876, 2875, 2874, 2873, 2885, 2886, 2884, 2883, 2893, 4095, 4096, 3932, 3933, 3958, 3962, 3967, 3970, 3969, 3968, 3981, 3978, 3983, 4297, 4198, 4199, 4201, 4216, 4229, 4232, 4230, 4242, 4265, 4244, 4243, 5336, 5338, 5335, 5337, 5320, 5322, 5323, 5346, 5357, 5358, 5364]",0.038454399997135624,success,,72.30341780160983,79.57458709823842,18.490306706808305,34.61197959623916,50.60000000000003,55.45438556116171
stl_midamerica_to_st_louis_lambert_2026-03-09_0248,midamerica_to_st_louis_lambert,MidAmerica to St. Louis Lambert,MidAmerica St. Louis Airport,St. Louis Lambert International Airport,38.5451731,-89.8351856,38.7486982,-90.3700257,2026-03-09,March 9th - Monday,w_0248,0.5,0.3,0.1,0.1,98,"[8877, 8881, 8904, 8922, 8923, 8927, 9145, 10016, 10018, 10062, 10055, 10058, 10094, 10096, 10103, 10104, 10110, 10109, 10516, 10515, 10514, 10517, 10522, 10299, 10300, 10301, 10309, 10308, 10533, 10363, 10350, 10351, 10362, 10372, 10374, 10379, 10614, 10407, 10410, 10411, 10408, 2604, 2605, 2606, 2603, 10715, 10714, 10713, 10722, 2597, 10723, 2596, 2876, 2875, 2874, 2873, 2885, 2886, 4087, 4090, 2897, 4095, 2896, 3904, 3925, 3926, 3927, 3914, 3948, 3947, 3945, 3940, 3942, 3943, 3941, 4043, 4042, 4041, 4040, 4051, 4050, 4053, 4076, 4075, 4082, 4084, 5080, 5084, 5310, 5311, 5337, 5320, 5322, 5323, 5346, 5357, 5358, 5364]",0.03985640002065338,success,,72.67552706492462,79.9841174065422,17.834123183801264,28.387819884259226,51.00000000000003,53.2810776468374
stl_midamerica_to_st_louis_lambert_2026-03-09_0249,midamerica_to_st_louis_lambert,MidAmerica to St. Louis Lambert,MidAmerica St. Louis Airport,St. Louis Lambert International Airport,38.5451731,-89.8351856,38.7486982,-90.3700257,2026-03-09,March 9th - Monday,w_0249,0.5,0.3,0.2,0.0,96,"[8877, 8876, 8868, 8869, 8870, 8867, 9753, 9754, 9755, 9744, 9749, 9748, 9772, 9764, 9766, 9770, 9797, 10002, 10006, 10008, 10233, 10243, 10246, 10272, 10273, 10269, 10303, 10306, 10343, 10347, 10351, 10362, 10372, 10374, 10379, 10614, 10407, 10410, 10411, 10408, 2604, 2605, 2606, 2603, 10715, 10714, 10713, 10722, 2597, 10723, 2596, 2876, 2875, 2874, 2873, 2885, 2886, 4087, 4090, 2897, 4095, 4096, 3932, 3930, 3934, 3957, 3965, 3954, 3969, 3971, 4296, 4298, 4299, 4301, 4217, 4221, 4222, 4223, 4231, 4232, 4234, 4266, 4269, 4272, 4271, 5343, 5365, 5344, 5366, 5353, 5352, 5375, 5354, 5363, 5362, 5364]",0.033997599995927885,success,,71.9234870238549,79.15644870748196,23.193499892677945,20.232821059771194,55.60000000000004,50.5828385334986
stl_midamerica_to_st_louis_lambert_2026-03-09_0250,midamerica_to_st_louis_lambert,MidAmerica to St. Louis Lambert,MidAmerica St. Louis Airport,St. Louis Lambert International Airport,38.5451731,-89.8351856,38.7486982,-90.3700257,2026-03-09,March 9th - Monday,w_0250,0.5,0.4,0.0,0.1,98,"[8877, 8881, 8904, 8922, 8923, 8927, 9145, 10016, 10018, 10062, 10055, 10058, 10094, 10096, 10103, 10104, 10110, 10109, 10516, 10515, 10514, 10517, 10522, 10299, 10300, 10301, 10309, 10308, 10533, 10363, 10350, 10351, 10366, 10376, 10374, 10379, 10614, 10407, 10410, 10411, 10408, 2604, 2605, 2606, 2603, 10715, 10714, 10713, 10722, 2597, 10723, 2596, 2876, 2875, 2874, 2873, 2885, 2886, 2884, 2883, 2890, 2891, 2895, 3904, 3925, 3926, 3931, 3951, 3954, 3953, 3966, 3944, 3977, 3976, 3941, 4043, 4066, 4067, 4068, 4185, 4187, 4186, 4076, 4075, 4082, 4084, 5080, 5084, 5310, 5311, 5337, 5320, 5322, 5323, 5346, 5357, 5358, 5364]",0.03521869998075999,success,,73.20963090489165,80.57193322251891,16.535156841253748,32.547353465757155,51.400000000000034,52.040029347760964
stl_midamerica_to_st_louis_lambert_2026-03-09_0251,midamerica_to_st_louis_lambert,MidAmerica to St. Louis Lambert,MidAmerica St. Louis Airport,St. Louis Lambert International Airport,38.5451731,-89.8351856,38.7486982,-90.3700257,2026-03-09,March 9th - Monday,w_0251,0.5,0.4,0.1,0.0,98,"[8877, 8881, 8904, 8922, 8923, 8927, 9145, 10016, 10018, 10062, 10055, 10058, 10094, 10096, 10103, 10104, 10110, 10109, 10516, 10515, 10514, 10517, 10522, 10299, 10300, 10301, 10309, 10308, 10533, 10363, 10350, 10351, 10362, 10372, 10374, 10379, 10614, 10407, 10410, 10411, 10408, 2604, 2605, 2606, 2603, 10715, 10714, 10713, 10722, 2597, 10723, 2596, 2876, 2875, 2874, 2873, 2885, 2886, 4087, 4090, 2897, 4095, 4096, 3932, 3930, 3934, 3957, 3965, 3954, 3953, 3966, 3944, 3977, 3976, 3941, 4043, 4042, 4041, 4044, 4052, 4054, 4053, 4076, 4075, 4082, 4084, 5080, 5084, 5310, 5311, 5337, 5320, 5322, 5323, 5346, 5357, 5358, 5364]",0.032323599996743724,success,,73.20998118452992,80.57231872791316,16.872053462852175,28.838248521980802,51.400000000000034,49.91880560129553
stl_midamerica_to_st_louis_lambert_2026-03-09_0252,midamerica_to_st_louis_lambert,MidAmerica to St. Louis Lambert,MidAmerica St. Louis Airport,St. Louis Lambert International Airport,38.5451731,-89.8351856,38.7486982,-90.3700257,2026-03-09,March 9th - Monday,w_0252,0.5,0.5,0.0,0.0,101,"[8877, 8881, 8905, 8906, 8933, 8929, 9143, 9146, 9173, 10020, 10063, 10067, 10069, 10083, 10099, 10422, 10101, 10106, 10104, 10110, 10109, 10516, 10515, 10514, 10517, 10522, 10299, 10300, 10301, 10309, 10308, 10533, 10363, 10350, 10351, 10366, 10376, 10374, 10379, 10614, 10407, 10410, 10411, 10408, 2604, 2605, 2606, 2603, 10715, 10714, 10713, 10722, 2597, 10723, 2596, 2876, 2875, 2874, 2873, 2885, 2886, 2884, 2883, 2890, 2891, 2895, 3904, 3925, 3926, 3931, 3951, 3954, 3953, 3966, 3944, 3977, 3976, 3941, 4043, 4066, 4067, 4068, 4185, 4187, 4186, 4076, 4075, 4082, 4084, 5080, 5084, 5310, 5311, 5337, 5320, 5322, 5323, 5346, 5357, 5358, 5364]",0.029244900011690333,success,,74.33446617337505,81.80988717773442,15.248764097267292,32.547353465757155,53.400000000000034,48.52932563750086
stl_midamerica_to_st_louis_lambert_2026-03-09_0253,midamerica_to_st_louis_lambert,MidAmerica to St. Louis Lambert,MidAmerica St. Louis Airport,St. Louis Lambert International Airport,38.5451731,-89.8351856,38.7486982,-90.3700257,2026-03-09,March 9th - Monday,w_0253,0.6,0.0,0.0,0.4,96,"[8877, 8876, 8892, 8897, 8899, 8926, 9788, 10013, 10014, 10036, 10052, 10054, 10061, 10051, 10049, 10048, 10050, 10253, 10252, 10241, 10240, 10248, 10246, 10247, 10245, 10231, 10230, 10262, 10150, 10148, 10149, 10151, 10161, 10159, 10158, 10160, 10166, 10168, 10167, 10169, 2247, 2269, 2268, 2257, 2256, 2254, 2279, 2293, 2296, 2301, 2303, 2491, 2492, 2818, 2496, 2507, 2506, 2828, 2505, 2809, 2811, 2810, 2728, 2730, 2731, 2729, 2715, 2717, 2714, 2716, 2738, 2741, 2745, 2747, 2684, 2687, 3987, 3990, 4016, 4017, 4022, 4029, 4034, 4060, 4064, 5048, 5052, 5076, 5082, 5299, 5304, 5319, 5321, 5357, 5358, 5364]",0.03929389998666011,success,,71.90057520712594,79.13123277148179,53.29567736851651,26.74625699395366,46.20000000000003,65.95873966288909
stl_midamerica_to_st_louis_lambert_2026-03-09_0254,midamerica_to_st_louis_lambert,MidAmerica to St. Louis Lambert,MidAmerica St. Louis Airport,St. Louis Lambert International Airport,38.5451731,-89.8351856,38.7486982,-90.3700257,2026-03-09,March 9th - Monday,w_0254,0.6,0.0,0.1,0.3,96,"[8877, 8876, 8892, 8897, 8899, 8926, 9788, 10013, 10014, 10036, 10052, 10054, 10061, 10051, 10049, 10048, 10050, 10253, 10252, 10241, 10240, 10248, 10246, 10247, 10245, 10231, 10230, 10262, 10150, 10148, 10149, 10151, 10161, 10159, 10158, 10160, 10166, 10168, 10167, 10169, 2247, 2269, 2268, 2278, 2283, 2508, 2286, 2298, 2300, 2304, 2531, 2819, 2820, 2822, 2825, 2836, 2848, 2850, 2837, 2859, 2858, 2860, 2763, 2762, 2761, 2764, 2783, 2781, 2782, 2784, 2775, 2802, 2805, 3917, 4005, 4010, 4013, 4012, 4021, 4045, 4047, 4058, 4062, 4077, 4079, 5077, 5081, 5083, 5306, 5303, 5318, 5323, 5321, 5357, 5358, 5364]",0.03570860001491383,success,,71.90559570804638,79.13675815741672,46.50300032827238,17.67123391089395,46.60000000000003,63.22917828553943
stl_midamerica_to_st_louis_lambert_2026-03-09_0255,midamerica_to_st_louis_lambert,MidAmerica to St. Louis Lambert,MidAmerica St. Louis Airport,St. Louis Lambert International Airport,38.5451731,-89.8351856,38.7486982,-90.3700257,2026-03-09,March 9th - Monday,w_0255,0.6,0.0,0.2,0.2,96,"[8877, 8876, 8892, 8897, 8899, 8926, 9788, 10013, 10014, 10036, 10052, 10054, 10061, 10051, 10049, 10048, 10050, 10253, 10252, 10241, 10240, 10248, 10246, 10247, 10245, 10231, 10230, 10262, 10150, 10148, 10149, 10151, 10161, 10159, 10158, 10160, 10166, 10168, 10167, 10169, 2247, 2269, 2268, 2278, 2283, 2508, 2286, 2298, 2300, 2304, 2531, 2819, 2820, 2822, 2825, 2836, 2848, 2850, 2837, 2859, 2858, 2860, 2763, 2762, 2761, 2764, 2783, 2781, 2782, 2784, 2775, 2802, 2805, 3917, 4005, 4010, 4013, 4012, 4021, 4045, 4047, 4058, 4062, 4077, 4079, 5077, 5081, 5083, 5306, 5303, 5318, 5323, 5321, 5357, 5358, 5364]",0.03238899999996647,success,,71.90559570804638,79.13675815741672,46.50300032827238,17.67123391089395,46.60000000000003,60.33630167662883
stl_midamerica_to_st_louis_lambert_2026-03-09_0256,midamerica_to_st_louis_lambert,MidAmerica to St. Louis Lambert,MidAmerica St. Louis Airport,St. Louis Lambert International Airport,38.5451731,-89.8351856,38.7486982,-90.3700257,2026-03-09,March 9th - Monday,w_0256,0.6,0.0,0.3,0.1,96,"[8877, 8876, 8868, 8869, 8894, 8895, 9784, 9787, 9789, 9809, 10034, 10037, 10041, 10047, 10045, 10044, 10046, 10239, 10237, 10236, 10238, 10243, 10244, 10242, 10221, 10227, 10229, 10228, 10146, 10144, 10147, 10145, 10157, 10156, 10154, 10155, 10162, 10164, 10163, 10165, 2244, 2246, 2268, 2278, 2283, 2508, 2286, 2298, 2300, 2304, 2531, 2819, 2820, 2822, 2825, 2836, 2848, 2850, 2837, 2859, 2858, 2815, 2759, 2758, 2761, 2764, 2783, 2781, 2782, 2784, 2775, 2802, 2805, 3917, 4005, 4010, 4013, 4012, 4021, 4045, 4047, 4058, 4062, 4077, 4079, 5077, 5081, 5083, 5306, 5303, 5318, 5323, 5321, 5357, 5358, 5364]",0.028631299996050075,success,,72.43670483208474,79.72127809484796,47.347039162490816,15.664726747281632,47.60000000000004,57.29218488109327
stl_midamerica_to_st_louis_lambert_2026-03-09_0257,midamerica_to_st_louis_lambert,MidAmerica to St. Louis Lambert,MidAmerica St. Louis Airport,St. Louis Lambert International Airport,38.5451731,-89.8351856,38.7486982,-90.3700257,2026-03-09,March 9th - Monday,w_0257,0.6,0.0,0.4,0.0,97,"[8877, 8876, 8868, 8869, 8870, 8867, 9753, 9754, 9755, 9744, 9742, 9743, 9730, 9733, 9721, 9732, 9720, 9915, 9913, 9912, 9914, 9932, 7806, 9933, 9923, 9922, 7815, 7816, 9820, 9832, 9833, 9821, 7905, 7906, 9823, 9822, 7916, 7915, 7914, 7913, 1933, 1931, 1932, 1917, 1943, 1946, 1970, 1983, 1998, 2003, 2000, 2191, 2194, 2193, 2192, 2185, 2184, 2186, 2421, 2202, 2203, 2207, 2341, 2344, 2368, 2374, 2394, 2397, 2712, 2714, 2750, 2744, 2770, 2772, 2777, 3989, 3993, 4006, 4008, 4021, 4045, 4047, 4058, 4062, 4077, 4079, 5077, 5081, 5083, 5306, 5303, 5318, 5323, 5321, 5357, 5358, 5364]",0.025642599997809157,success,,72.78442166143321,80.10396295213135,46.66792164139793,13.194060684414467,62.40000000000001,53.3400020450446
stl_midamerica_to_st_louis_lambert_2026-03-09_0258,midamerica_to_st_louis_lambert,MidAmerica to St. Louis Lambert,MidAmerica St. Louis Airport,St. Louis Lambert International Airport,38.5451731,-89.8351856,38.7486982,-90.3700257,2026-03-09,March 9th - Monday,w_0258,0.6,0.1,0.0,0.3,96,"[8877, 8879, 8896, 8900, 8924, 8930, 10012, 10015, 10019, 10053, 10057, 10060, 10092, 10076, 10080, 10105, 10109, 10291, 10512, 10290, 10513, 10298, 10295, 10296, 10297, 10307, 10305, 10306, 10319, 10321, 10320, 10318, 10211, 10210, 10208, 10209, 10326, 10328, 10329, 10327, 2522, 2524, 2523, 2514, 2517, 2515, 2516, 2530, 2534, 2532, 2558, 2840, 2839, 2838, 2827, 2849, 2848, 2850, 2837, 2861, 2866, 2889, 3896, 3898, 3901, 3902, 3914, 3948, 3947, 3952, 3940, 3942, 3943, 3941, 4043, 4042, 4041, 4040, 4051, 4054, 4186, 4080, 4205, 4207, 4212, 5309, 5313, 5335, 5337, 5320, 5322, 5323, 5346, 5357, 5358, 5364]",0.03699400002369657,success,,71.91755552376524,79.14992070804759,24.36028291495292,33.10092674539289,47.60000000000003,64.20598071632385
stl_midamerica_to_st_louis_lambert_2026-03-09_0259,midamerica_to_st_louis_lambert,MidAmerica to St. Louis Lambert,MidAmerica St. Louis Airport,St. Louis Lambert International Airport,38.5451731,-89.8351856,38.7486982,-90.3700257,2026-03-09,March 9th - Monday,w_0259,0.6,0.1,0.1,0.2,96,"[8877, 8879, 8896, 8900, 8924, 8930, 10012, 10015, 10019, 10053, 10057, 10054, 10061, 10051, 10049, 10048, 10050, 10254, 10259, 10282, 10289, 10294, 10281, 10292, 10293, 10304, 10303, 10302, 10315, 10316, 10317, 10314, 10207, 10206, 10204, 10205, 10323, 10328, 10329, 10327, 2548, 2550, 2556, 2553, 2544, 2546, 2579, 2560, 2564, 2567, 2566, 2844, 2842, 2846, 2869, 2885, 2886, 4087, 4090, 2897, 4095, 2896, 3904, 3925, 3926, 3927, 3914, 3948, 3947, 3945, 3940, 3942, 3943, 3941, 4043, 4042, 4041, 4040, 4051, 4050, 4053, 4076, 4075, 4082, 4084, 5077, 5081, 5083, 5306, 5303, 5318, 5323, 5346, 5357, 5358, 5364]",0.03560879998258315,success,,71.91782886940398,79.15022154260011,27.6185342093949,21.63868487484652,48.80000000000003,62.175854833984204
stl_midamerica_to_st_louis_lambert_2026-03-09_0260,midamerica_to_st_louis_lambert,MidAmerica to St. Louis Lambert,MidAmerica St. Louis Airport,St. Louis Lambert International Airport,38.5451731,-89.8351856,38.7486982,-90.3700257,2026-03-09,March 9th - Monday,w_0260,0.6,0.1,0.2,0.1,96,"[8877, 8879, 8896, 8900, 8924, 8930, 10012, 10015, 10019, 10053, 10057, 10054, 10061, 10051, 10049, 10048, 10050, 10254, 10259, 10282, 10289, 10294, 10281, 10292, 10293, 10304, 10303, 10302, 10315, 10316, 10317, 10314, 10207, 10206, 10204, 10205, 10323, 10328, 10329, 10327, 2548, 2550, 2556, 2553, 2544, 2546, 2579, 2560, 2564, 2567, 2566, 2844, 2842, 2846, 2869, 2885, 2886, 4087, 4090, 2897, 4095, 4096, 3932, 3930, 3934, 3957, 3965, 3954, 3969, 3971, 4296, 4300, 4316, 4304, 4219, 4224, 4222, 4223, 4231, 4232, 4234, 4266, 4269, 4272, 4271, 5343, 5365, 5370, 5369, 5353, 5352, 5375, 5354, 5363, 5362, 5364]",0.03193409999948926,success,,71.9243144356828,79.15735932770663,28.760269305021822,18.252929895058156,50.40000000000003,59.06102850613779
stl_midamerica_to_st_louis_lambert_2026-03-09_0261,midamerica_to_st_louis_lambert,MidAmerica to St. Louis Lambert,MidAmerica St. Louis Airport,St. Louis Lambert International Airport,38.5451731,-89.8351856,38.7486982,-90.3700257,2026-03-09,March 9th - Monday,w_0261,0.6,0.1,0.3,0.0,96,"[8877, 8876, 8868, 8869, 8870, 8867, 9753, 9754, 9755, 9744, 9749, 9748, 9772, 9764, 9766, 9770, 9797, 10002, 10006, 10008, 10233, 10243, 10246, 10272, 10273, 10269, 10303, 10302, 10315, 10316, 10317, 10314, 10207, 10206, 10204, 10205, 10323, 10328, 10329, 10327, 2548, 2550, 2556, 2553, 2544, 2546, 2579, 2560, 2564, 2567, 2566, 2844, 2842, 2846, 2869, 2885, 2886, 4087, 4090, 2897, 4095, 4096, 3932, 3930, 3934, 3957, 3965, 3954, 3969, 3971, 4296, 4300, 4316, 4304, 4219, 4224, 4222, 4223, 4231, 4232, 4234, 4266, 4269, 4272, 4271, 5343, 5365, 5370, 5369, 5353, 5352, 5375, 5354, 5363, 5362, 5364]",0.027551200008019805,success,,71.91887016710992,79.15136755806543,26.083780379578656,18.252929895058156,54.400000000000034,55.57507754131457
stl_midamerica_to_st_louis_lambert_2026-03-09_0262,midamerica_to_st_louis_lambert,MidAmerica to St. Louis Lambert,MidAmerica St. Louis Airport,St. Louis Lambert International Airport,38.5451731,-89.8351856,38.7486982,-90.3700257,2026-03-09,March 9th - Monday,w_0262,0.6,0.2,0.0,0.2,97,"[8877, 8881, 8904, 8922, 8923, 8927, 9145, 10016, 10018, 10062, 10055, 10058, 10094, 10096, 10103, 10104, 10110, 10109, 10516, 10515, 10514, 10517, 10522, 10299, 10300, 10301, 10309, 10308, 10533, 10363, 10350, 10351, 10366, 10376, 10374, 10379, 10378, 10391, 10402, 10403, 10390, 2577, 2576, 2598, 2575, 2587, 10714, 10713, 10722, 2597, 10723, 2596, 2876, 2875, 2874, 2873, 2885, 2886, 2884, 2883, 2890, 2891, 2895, 3904, 3925, 3926, 3927, 3914, 3948, 3947, 3952, 3940, 3942, 3943, 3941, 4043, 4066, 4067, 4068, 4185, 4187, 4188, 4080, 4205, 4207, 4212, 5309, 5313, 5335, 5337, 5320, 5322, 5323, 5346, 5357, 5358, 5364]",0.03296169999521226,success,,72.30002205185355,79.57084985603105,19.20083244972395,34.04141806721986,49.80000000000003,61.542676403563426
stl_midamerica_to_st_louis_lambert_2026-03-09_0263,midamerica_to_st_louis_lambert,MidAmerica to St. Louis Lambert,MidAmerica St. Louis Airport,St. Louis Lambert International Airport,38.5451731,-89.8351856,38.7486982,-90.3700257,2026-03-09,March 9th - Monday,w_0263,0.6,0.2,0.1,0.1,97,"[8877, 8881, 8904, 8922, 8923, 8927, 9145, 10016, 10018, 10062, 10055, 10058, 10094, 10096, 10103, 10104, 10110, 10109, 10516, 10515, 10514, 10517, 10522, 10299, 10300, 10301, 10309, 10308, 10533, 10363, 10350, 10351, 10362, 10372, 10374, 10379, 10614, 10407, 10410, 10411, 10408, 2604, 2605, 2606, 2603, 10715, 10714, 10713, 10722, 2597, 10723, 2596, 2876, 2875, 2874, 2873, 2885, 2886, 4087, 4090, 2897, 4095, 4096, 3932, 3930, 3934, 3957, 3965, 3954, 3969, 3971, 4296, 4298, 4299, 4301, 4217, 4221, 4222, 4223, 4231, 4232, 4230, 4242, 4265, 4268, 4267, 5340, 5342, 5341, 5366, 5353, 5352, 5375, 5354, 5363, 5362, 5364]",0.032287699985317886,success,,72.30548640763108,79.57686373294004,19.914890625681704,24.120318058287477,51.60000000000003,59.301128170729115
stl_midamerica_to_st_louis_lambert_2026-03-09_0264,midamerica_to_st_louis_lambert,MidAmerica to St. Louis Lambert,MidAmerica St. Louis Airport,St. Louis Lambert International Airport,38.5451731,-89.8351856,38.7486982,-90.3700257,2026-03-09,March 9th - Monday,w_0264,0.6,0.2,0.2,0.0,96,"[8877, 8876, 8868, 8869, 8870, 8867, 9753, 9754, 9755, 9744, 9749, 9748, 9772, 9764, 9766, 9770, 9797, 10002, 10006, 10008, 10233, 10243, 10246, 10272, 10273, 10269, 10303, 10306, 10343, 10347, 10351, 10362, 10372, 10374, 10379, 10614, 10407, 10410, 10411, 10408, 2604, 2605, 2606, 2603, 10715, 10714, 10713, 10722, 2597, 10723, 2596, 2876, 2875, 2874, 2873, 2885, 2886, 4087, 4090, 2897, 4095, 4096, 3932, 3930, 3934, 3957, 3965, 3954, 3969, 3971, 4296, 4298, 4299, 4301, 4217, 4221, 4222, 4223, 4231, 4232, 4234, 4266, 4269, 4272, 4271, 5343, 5365, 5344, 5366, 5353, 5352, 5375, 5354, 5363, 5362, 5364]",0.02774609997868538,success,,71.9234870238549,79.15644870748196,23.193499892677945,20.232821059771194,55.60000000000004,56.179133414979006
stl_midamerica_to_st_louis_lambert_2026-03-09_0265,midamerica_to_st_louis_lambert,MidAmerica to St. Louis Lambert,MidAmerica St. Louis Airport,St. Louis Lambert International Airport,38.5451731,-89.8351856,38.7486982,-90.3700257,2026-03-09,March 9th - Monday,w_0265,0.6,0.3,0.0,0.1,97,"[8877, 8881, 8904, 8922, 8923, 8927, 9145, 10016, 10018, 10062, 10055, 10058, 10094, 10096, 10103, 10104, 10110, 10109, 10516, 10515, 10514, 10517, 10522, 10299, 10300, 10301, 10309, 10308, 10533, 10363, 10350, 10351, 10366, 10376, 10374, 10379, 10614, 10407, 10410, 10411, 10408, 2604, 2605, 2606, 2603, 10715, 10714, 10713, 10722, 2597, 10723, 2596, 2876, 2875, 2874, 2873, 2885, 2886, 2884, 2883, 2893, 4095, 4096, 3932, 3933, 3958, 3962, 3967, 3970, 3969, 3968, 3981, 3978, 3983, 4297, 4198, 4199, 4201, 4216, 4229, 4232, 4230, 4242, 4265, 4244, 4243, 5336, 5338, 5335, 5337, 5320, 5322, 5323, 5346, 5357, 5358, 5364]",0.028198600019095466,success,,72.30407808706627,79.57531378508341,18.130648929851226,33.29390369792622,51.20000000000003,58.30438295000542
stl_midamerica_to_st_louis_lambert_2026-03-09_0266,midamerica_to_st_louis_lambert,MidAmerica to St. Louis Lambert,MidAmerica St. Louis Airport,St. Louis Lambert International Airport,38.5451731,-89.8351856,38.7486982,-90.3700257,2026-03-09,March 9th - Monday,w_0266,0.6,0.3,0.1,0.0,97,"[8877, 8881, 8904, 8922, 8923, 8927, 9145, 10016, 10018, 10062, 10055, 10058, 10094, 10096, 10103, 10104, 10110, 10109, 10516, 10515, 10514, 10517, 10522, 10299, 10300, 10301, 10309, 10308, 10533, 10363, 10350, 10351, 10362, 10372, 10374, 10379, 10614, 10407, 10410, 10411, 10408, 2604, 2605, 2606, 2603, 10715, 10714, 10713, 10722, 2597, 10723, 2596, 2876, 2875, 2874, 2873, 2885, 2886, 4087, 4090, 2897, 4095, 4096, 3932, 3933, 3958, 3962, 3974, 3973, 3972, 4308, 4296, 4298, 4299, 4301, 4217, 4221, 4222, 4223, 4231, 4232, 4230, 4242, 4265, 4268, 4267, 5340, 5342, 5341, 5366, 5353, 5352, 5375, 5354, 5363, 5362, 5364]",0.02773879998130724,success,,72.3058373632918,79.57724998234066,19.667430831070078,24.695766040709557,51.60000000000003,56.116155842796374
stl_midamerica_to_st_louis_lambert_2026-03-09_0267,midamerica_to_st_louis_lambert,MidAmerica to St. Louis Lambert,MidAmerica St. Louis Airport,St. Louis Lambert International Airport,38.5451731,-89.8351856,38.7486982,-90.3700257,2026-03-09,March 9th - Monday,w_0267,0.6,0.4,0.0,0.0,98,"[8877, 8881, 8904, 8922, 8923, 8927, 9145, 10016, 10018, 10062, 10055, 10058, 10094, 10096, 10103, 10104, 10110, 10109, 10516, 10515, 10514, 10517, 10522, 10299, 10300, 10301, 10309, 10308, 10533, 10363, 10350, 10351, 10366, 10376, 10374, 10379, 10614, 10407, 10410, 10411, 10408, 2604, 2605, 2606, 2603, 10715, 10714, 10713, 10722, 2597, 10723, 2596, 2876, 2875, 2874, 2873, 2885, 2886, 2884, 2883, 2890, 2891, 2895, 3904, 3925, 3926, 3927, 3914, 3948, 3947, 3952, 3940, 3942, 3943, 3941, 4043, 4066, 4067, 4068, 4185, 4187, 4186, 4076, 4075, 4082, 4084, 5080, 5084, 5310, 5311, 5337, 5320, 5322, 5323, 5346, 5357, 5358, 5364]",0.022993799997493625,success,,72.67568351997362,79.98428959544144,17.402031622593586,31.68664795151269,51.400000000000034,54.9513864063023
stl_midamerica_to_st_louis_lambert_2026-03-09_0268,midamerica_to_st_louis_lambert,MidAmerica to St. Louis Lambert,MidAmerica St. Louis Airport,St. Louis Lambert International Airport,38.5451731,-89.8351856,38.7486982,-90.3700257,2026-03-09,March 9th - Monday,w_0268,0.7,0.0,0.0,0.3,96,"[8877, 8876, 8892, 8897, 8899, 8926, 9788, 10013, 10014, 10036, 10052, 10054, 10061, 10051, 10049, 10048, 10050, 10253, 10252, 10241, 10240, 10248, 10246, 10247, 10245, 10231, 10230, 10262, 10150, 10148, 10149, 10151, 10161, 10159, 10158, 10160, 10166, 10168, 10167, 10169, 2247, 2269, 2268, 2257, 2256, 2254, 2279, 2293, 2296, 2301, 2303, 2491, 2492, 2818, 2496, 2507, 2506, 2828, 2505, 2809, 2811, 2810, 2728, 2730, 2731, 2729, 2715, 2717, 2714, 2716, 2738, 2741, 2745, 2747, 2684, 2687, 3987, 3990, 4016, 4017, 4022, 4029, 4034, 4060, 4064, 5048, 5052, 5076, 5082, 5299, 5304, 5319, 5321, 5357, 5358, 5364]",0.03233009998803027,success,,71.90057520712594,79.13123277148179,53.29567736851651,26.74625699395366,46.20000000000003,69.25186294003726
stl_midamerica_to_st_louis_lambert_2026-03-09_0269,midamerica_to_st_louis_lambert,MidAmerica to St. Louis Lambert,MidAmerica St. Louis Airport,St. Louis Lambert International Airport,38.5451731,-89.8351856,38.7486982,-90.3700257,2026-03-09,March 9th - Monday,w_0269,0.7,0.0,0.1,0.2,96,"[8877, 8876, 8892, 8897, 8899, 8926, 9788, 10013, 10014, 10036, 10052, 10054, 10061, 10051, 10049, 10048, 10050, 10253, 10252, 10241, 10240, 10248, 10246, 10247, 10245, 10231, 10230, 10262, 10150, 10148, 10149, 10151, 10161, 10159, 10158, 10160, 10166, 10168, 10167, 10169, 2247, 2269, 2268, 2278, 2283, 2508, 2286, 2298, 2300, 2304, 2531, 2819, 2820, 2822, 2825, 2836, 2848, 2850, 2837, 2859, 2858, 2860, 2763, 2762, 2761, 2764, 2783, 2781, 2782, 2784, 2775, 2802, 2805, 3917, 4005, 4010, 4013, 4012, 4021, 4045, 4047, 4058, 4062, 4077, 4079, 5077, 5081, 5083, 5306, 5303, 5318, 5323, 5321, 5357, 5358, 5364]",0.02650460001314059,success,,71.90559570804638,79.13675815741672,46.50300032827238,17.67123391089395,46.60000000000003,66.48285410128109
stl_midamerica_to_st_louis_lambert_2026-03-09_0270,midamerica_to_st_louis_lambert,MidAmerica to St. Louis Lambert,MidAmerica St. Louis Airport,St. Louis Lambert International Airport,38.5451731,-89.8351856,38.7486982,-90.3700257,2026-03-09,March 9th - Monday,w_0270,0.7,0.0,0.2,0.1,96,"[8877, 8876, 8868, 8869, 8894, 8895, 9784, 9787, 9789, 9809, 10034, 10037, 10041, 10047, 10045, 10044, 10046, 10239, 10237, 10236, 10238, 10243, 10244, 10242, 10221, 10227, 10229, 10228, 10146, 10144, 10147, 10145, 10157, 10156, 10154, 10155, 10162, 10164, 10163, 10165, 2244, 2246, 2268, 2278, 2283, 2508, 2286, 2298, 2300, 2304, 2531, 2819, 2820, 2822, 2825, 2836, 2848, 2850, 2837, 2859, 2858, 2860, 2763, 2762, 2761, 2764, 2783, 2781, 2782, 2784, 2775, 2802, 2805, 3917, 4005, 4010, 4013, 4012, 4021, 4045, 4047, 4058, 4062, 4077, 4079, 5077, 5081, 5083, 5306, 5303, 5318, 5323, 5321, 5357, 5358, 5364]",0.025551400001859292,success,,71.90366349525878,79.13463163228924,45.81919235919223,17.097612164572453,47.60000000000004,63.57376457551696
stl_midamerica_to_st_louis_lambert_2026-03-09_0271,midamerica_to_st_louis_lambert,MidAmerica to St. Louis Lambert,MidAmerica St. Louis Airport,St. Louis Lambert International Airport,38.5451731,-89.8351856,38.7486982,-90.3700257,2026-03-09,March 9th - Monday,w_0271,0.7,0.0,0.3,0.0,97,"[8877, 8876, 8868, 8869, 8870, 8867, 9753, 9754, 9755, 9744, 9742, 9743, 9730, 9733, 9721, 9732, 9720, 9915, 9913, 9912, 9914, 9932, 7806, 9933, 9923, 9922, 7815, 7816, 9820, 9832, 9833, 9821, 7905, 7906, 9823, 9822, 7916, 7915, 7914, 7913, 1933, 1931, 1932, 1917, 1943, 1946, 1970, 1983, 1998, 2003, 2000, 2191, 2194, 2193, 2192, 2185, 2184, 2186, 2421, 2202, 2203, 2207, 2341, 2344, 2368, 2374, 2394, 2397, 2712, 2714, 2750, 2744, 2770, 2772, 2777, 3989, 3993, 4006, 4008, 4021, 4045, 4047, 4058, 4062, 4077, 4079, 5077, 5081, 5083, 5306, 5303, 5318, 5323, 5321, 5357, 5358, 5364]",0.02252920001046732,success,,72.78442166143321,80.10396295213135,46.66792164139793,13.194060684414467,62.40000000000001,60.03099227181629
stl_midamerica_to_st_louis_lambert_2026-03-09_0272,midamerica_to_st_louis_lambert,MidAmerica to St. Louis Lambert,MidAmerica St. Louis Airport,St. Louis Lambert International Airport,38.5451731,-89.8351856,38.7486982,-90.3700257,2026-03-09,March 9th - Monday,w_0272,0.7,0.1,0.0,0.2,96,"[8877, 8879, 8896, 8900, 8924, 8930, 10012, 10015, 10019, 10053, 10057, 10060, 10092, 10076, 10080, 10105, 10109, 10291, 10512, 10290, 10513, 10298, 10295, 10296, 10297, 10307, 10305, 10306, 10319, 10321, 10320, 10318, 10211, 10210, 10208, 10209, 10326, 10328, 10329, 10327, 2522, 2524, 2523, 2514, 2517, 2515, 2516, 2530, 2534, 2532, 2558, 2840, 2839, 2838, 2827, 2849, 2848, 2850, 2837, 2861, 2866, 2889, 3896, 3898, 3901, 3902, 3914, 3948, 3947, 3952, 3940, 3942, 3943, 3941, 4043, 4042, 4041, 4040, 4051, 4054, 4186, 4080, 4205, 4207, 4212, 5309, 5313, 5335, 5337, 5320, 5322, 5323, 5346, 5357, 5358, 5364]",0.02799490001052618,success,,71.91755552376524,79.14992070804759,24.36028291495292,33.10092674539289,47.60000000000003,67.3609727871286
stl_midamerica_to_st_louis_lambert_2026-03-09_0273,midamerica_to_st_louis_lambert,MidAmerica to St. Louis Lambert,MidAmerica St. Louis Airport,St. Louis Lambert International Airport,38.5451731,-89.8351856,38.7486982,-90.3700257,2026-03-09,March 9th - Monday,w_0273,0.7,0.1,0.1,0.1,96,"[8877, 8879, 8896, 8900, 8924, 8930, 10012, 10015, 10019, 10053, 10057, 10060, 10092, 10076, 10080, 10105, 10109, 10516, 10515, 10514, 10517, 10522, 10299, 10300, 10301, 10309, 10308, 10533, 10363, 10350, 10351, 10362, 10372, 10374, 10379, 10614, 10407, 10410, 10411, 10408, 2604, 2605, 2606, 2603, 10715, 10714, 10713, 10722, 2597, 10723, 2596, 2876, 2875, 2874, 2873, 2885, 2886, 4087, 4090, 2897, 4095, 4096, 3932, 3930, 3934, 3957, 3965, 3954, 3969, 3971, 4296, 4298, 4299, 4301, 4217, 4221, 4222, 4223, 4231, 4232, 4234, 4266, 4269, 4272, 4271, 5343, 5365, 5344, 5366, 5353, 5352, 5375, 5354, 5363, 5362, 5364]",0.026773299992782995,success,,71.93075029743736,79.16444240976985,23.63577550288277,21.46620482428226,51.60000000000003,65.0853077195554
stl_midamerica_to_st_louis_lambert_2026-03-09_0274,midamerica_to_st_louis_lambert,MidAmerica to St. Louis Lambert,MidAmerica St. Louis Airport,St. Louis Lambert International Airport,38.5451731,-89.8351856,38.7486982,-90.3700257,2026-03-09,March 9th - Monday,w_0274,0.7,0.1,0.2,0.0,96,"[8877, 8876, 8868, 8869, 8870, 8867, 9753, 9754, 9755, 9744, 9749, 9748, 9772, 9764, 9766, 9770, 9797, 10002, 10006, 10008, 10233, 10243, 10246, 10272, 10273, 10269, 10303, 10302, 10315, 10316, 10317, 10314, 10207, 10206, 10204, 10205, 10323, 10328, 10329, 10327, 2548, 2550, 2556, 2553, 2544, 2546, 2579, 2560, 2564, 2567, 2566, 2844, 2842, 2846, 2869, 2885, 2886, 4087, 4090, 2897, 4095, 4096, 3932, 3930, 3934, 3957, 3965, 3954, 3969, 3971, 4296, 4300, 4316, 4304, 4219, 4224, 4222, 4223, 4231, 4232, 4234, 4266, 4269, 4272, 4271, 5343, 5365, 5370, 5369, 5353, 5352, 5375, 5354, 5363, 5362, 5364]",0.02339919999940321,success,,71.91887016710992,79.15136755806543,26.083780379578656,18.252929895058156,54.400000000000034,61.664921307615295
stl_midamerica_to_st_louis_lambert_2026-03-09_0275,midamerica_to_st_louis_lambert,MidAmerica to St. Louis Lambert,MidAmerica St. Louis Airport,St. Louis Lambert International Airport,38.5451731,-89.8351856,38.7486982,-90.3700257,2026-03-09,March 9th - Monday,w_0275,0.7,0.2,0.0,0.1,97,"[8877, 8881, 8904, 8922, 8923, 8927, 9145, 10016, 10018, 10062, 10055, 10058, 10094, 10096, 10103, 10104, 10110, 10109, 10516, 10515, 10514, 10517, 10522, 10299, 10300, 10301, 10309, 10308, 10533, 10363, 10350, 10351, 10366, 10376, 10374, 10379, 10614, 10407, 10410, 10411, 10408, 2604, 2605, 2606, 2603, 10715, 10714, 10713, 10722, 2597, 10723, 2596, 2876, 2875, 2874, 2873, 2885, 2886, 2884, 2883, 2893, 4095, 4096, 3932, 3933, 3958, 3962, 3967, 3970, 3969, 3968, 3981, 3978, 3983, 4297, 4198, 4199, 4201, 4216, 4229, 4232, 4230, 4242, 4265, 4244, 4243, 5336, 5338, 5335, 5337, 5320, 5322, 5323, 5346, 5357, 5358, 5364]",0.0251132000121288,success,,72.30407808706627,79.57531378508341,18.130648929851226,33.29390369792622,51.20000000000003,64.44884943552863
stl_midamerica_to_st_louis_lambert_2026-03-09_0276,midamerica_to_st_louis_lambert,MidAmerica to St. Louis Lambert,MidAmerica St. Louis Airport,St. Louis Lambert International Airport,38.5451731,-89.8351856,38.7486982,-90.3700257,2026-03-09,March 9th - Monday,w_0276,0.7,0.2,0.1,0.0,96,"[8877, 8876, 8868, 8869, 8870, 8867, 9753, 9754, 9755, 9744, 9749, 9748, 9772, 9764, 9766, 9770, 9797, 10002, 10006, 10008, 10233, 10243, 10246, 10272, 10273, 10269, 10303, 10306, 10343, 10347, 10351, 10362, 10372, 10374, 10379, 10614, 10407, 10410, 10411, 10408, 2604, 2605, 2606, 2603, 10715, 10714, 10713, 10722, 2597, 10723, 2596, 2876, 2875, 2874, 2873, 2885, 2886, 4087, 4090, 2897, 4095, 4096, 3932, 3930, 3934, 3957, 3965, 3954, 3969, 3971, 4296, 4298, 4299, 4301, 4217, 4221, 4222, 4223, 4231, 4232, 4230, 4242, 4265, 4268, 4267, 5340, 5342, 5341, 5366, 5353, 5352, 5375, 5354, 5363, 5362, 5364]",0.021272099984344095,success,,71.9231739776567,79.15610417989637,21.430024964666995,22.886934293776402,55.60000000000004,61.9839713482385
stl_midamerica_to_st_louis_lambert_2026-03-09_0277,midamerica_to_st_louis_lambert,MidAmerica to St. Louis Lambert,MidAmerica St. Louis Airport,St. Louis Lambert International Airport,38.5451731,-89.8351856,38.7486982,-90.3700257,2026-03-09,March 9th - Monday,w_0277,0.7,0.3,0.0,0.0,97,"[8877, 8881, 8904, 8922, 8923, 8927, 9145, 10016, 10018, 10062, 10055, 10058, 10094, 10096, 10103, 10104, 10110, 10109, 10516, 10515, 10514, 10517, 10522, 10299, 10300, 10301, 10309, 10308, 10533, 10363, 10350, 10351, 10366, 10376, 10374, 10379, 10614, 10407, 10410, 10411, 10408, 2604, 2605, 2606, 2603, 10715, 10714, 10713, 10722, 2597, 10723, 2596, 2876, 2875, 2874, 2873, 2885, 2886, 2884, 2883, 2893, 4095, 4096, 3932, 3933, 3958, 3962, 3967, 3970, 3969, 3968, 3981, 3978, 3983, 4297, 4198, 4199, 4201, 4216, 4229, 4232, 4230, 4242, 4265, 4244, 4243, 5336, 5338, 5335, 5337, 5320, 5322, 5323, 5346, 5357, 5358, 5364]",0.019482300005620345,success,,72.30407808706627,79.57531378508341,18.130648929851226,33.29390369792622,51.20000000000003,61.14191432851375
stl_midamerica_to_st_louis_lambert_2026-03-09_0278,midamerica_to_st_louis_lambert,MidAmerica to St. Louis Lambert,MidAmerica St. Louis Airport,St. Louis Lambert International Airport,38.5451731,-89.8351856,38.7486982,-90.3700257,2026-03-09,March 9th - Monday,w_0278,0.8,0.0,0.0,0.2,96,"[8877, 8876, 8892, 8897, 8899, 8926, 9788, 10013, 10014, 10036, 10052, 10054, 10061, 10051, 10049, 10048, 10050, 10253, 10252, 10241, 10240, 10248, 10246, 10247, 10245, 10231, 10230, 10262, 10150, 10148, 10149, 10151, 10161, 10159, 10158, 10160, 10166, 10168, 10167, 10169, 2247, 2269, 2268, 2257, 2256, 2254, 2279, 2293, 2296, 2301, 2303, 2491, 2492, 2818, 2496, 2507, 2506, 2828, 2505, 2809, 2811, 2810, 2728, 2730, 2731, 2729, 2715, 2717, 2714, 2716, 2738, 2741, 2745, 2747, 2684, 2687, 3987, 3990, 4016, 4017, 4022, 4029, 4034, 4060, 4064, 5048, 5052, 5076, 5082, 5299, 5304, 5319, 5321, 5357, 5358, 5364]",0.022592699999222532,success,,71.90057520712594,79.13123277148179,53.29567736851651,26.74625699395366,46.20000000000003,72.54498621718544
stl_midamerica_to_st_louis_lambert_2026-03-09_0279,midamerica_to_st_louis_lambert,MidAmerica to St. Louis Lambert,MidAmerica St. Louis Airport,St. Louis Lambert International Airport,38.5451731,-89.8351856,38.7486982,-90.3700257,2026-03-09,March 9th - Monday,w_0279,0.8,0.0,0.1,0.1,96,"[8877, 8876, 8892, 8897, 8899, 8926, 9788, 10013, 10014, 10036, 10052, 10054, 10061, 10051, 10049, 10048, 10050, 10253, 10252, 10241, 10240, 10248, 10246, 10247, 10245, 10231, 10230, 10262, 10150, 10148, 10149, 10151, 10161, 10159, 10158, 10160, 10166, 10168, 10167, 10169, 2247, 2269, 2268, 2278, 2283, 2508, 2286, 2298, 2300, 2304, 2531, 2819, 2820, 2822, 2825, 2836, 2848, 2850, 2837, 2859, 2858, 2860, 2763, 2762, 2761, 2764, 2783, 2781, 2782, 2784, 2775, 2802, 2805, 3917, 4005, 4010, 4013, 4012, 4021, 4045, 4047, 4058, 4062, 4077, 4079, 5077, 5081, 5083, 5306, 5303, 5318, 5323, 5321, 5357, 5358, 5364]",0.02083130000391975,success,,71.90559570804638,79.13675815741672,46.50300032827238,17.67123391089395,46.60000000000003,69.73652991702278
stl_midamerica_to_st_louis_lambert_2026-03-09_0280,midamerica_to_st_louis_lambert,MidAmerica to St. Louis Lambert,MidAmerica St. Louis Airport,St. Louis Lambert International Airport,38.5451731,-89.8351856,38.7486982,-90.3700257,2026-03-09,March 9th - Monday,w_0280,0.8,0.0,0.2,0.0,96,"[8877, 8876, 8868, 8869, 8870, 8867, 9753, 9754, 9755, 9744, 9749, 9748, 9772, 9764, 9766, 9770, 9792, 9975, 9977, 9981, 9980, 9987, 9988, 9986, 9985, 9997, 9995, 10000, 10129, 10128, 10127, 10126, 10139, 10138, 10137, 10136, 10114, 10115, 10116, 10117, 2242, 2243, 2241, 2253, 2256, 2281, 2279, 2289, 2288, 2290, 2294, 2460, 2461, 2462, 2465, 2498, 2501, 2828, 2829, 2813, 2816, 2815, 2759, 2758, 2761, 2764, 2783, 2781, 2782, 2784, 2775, 2802, 2805, 3917, 4005, 4010, 4013, 4012, 4021, 4045, 4047, 4058, 4062, 4077, 4079, 5077, 5081, 5083, 5306, 5303, 5318, 5323, 5321, 5357, 5358, 5364]",0.020068100013304502,success,,71.89584873922834,79.12603098790333,46.53374224197657,16.226268591622723,55.200000000000024,66.54607850864721
stl_midamerica_to_st_louis_lambert_2026-03-09_0281,midamerica_to_st_louis_lambert,MidAmerica to St. Louis Lambert,MidAmerica St. Louis Airport,St. Louis Lambert International Airport,38.5451731,-89.8351856,38.7486982,-90.3700257,2026-03-09,March 9th - Monday,w_0281,0.8,0.1,0.0,0.1,96,"[8877, 8879, 8896, 8900, 8924, 8930, 10012, 10015, 10019, 10053, 10057, 10060, 10092, 10076, 10080, 10105, 10109, 10516, 10515, 10514, 10517, 10522, 10299, 10300, 10301, 10309, 10308, 10533, 10363, 10350, 10351, 10366, 10376, 10374, 10379, 10378, 10391, 10402, 10403, 10390, 2577, 2576, 2598, 2575, 2587, 10714, 10713, 10722, 2597, 10723, 2596, 2876, 2875, 2874, 2873, 2885, 2886, 2884, 2883, 2890, 2891, 2895, 3904, 3925, 3926, 3927, 3914, 3948, 3947, 3952, 3940, 3942, 3943, 3941, 4043, 4066, 4067, 4068, 4185, 4187, 4188, 4080, 4205, 4207, 4212, 5309, 5313, 5335, 5337, 5320, 5322, 5323, 5346, 5357, 5358, 5364]",0.02071439998690039,success,,71.92497289546162,79.15808400527527,21.15824239891406,34.04141806721986,49.80000000000003,70.42229144411164
stl_midamerica_to_st_louis_lambert_2026-03-09_0282,midamerica_to_st_louis_lambert,MidAmerica to St. Louis Lambert,MidAmerica St. Louis Airport,St. Louis Lambert International Airport,38.5451731,-89.8351856,38.7486982,-90.3700257,2026-03-09,March 9th - Monday,w_0282,0.8,0.1,0.1,0.0,96,"[8877, 8876, 8868, 8869, 8870, 8867, 9753, 9754, 9755, 9744, 9749, 9748, 9772, 9764, 9766, 9770, 9797, 10002, 10006, 10008, 10233, 10243, 10246, 10272, 10273, 10269, 10303, 10306, 10343, 10347, 10351, 10362, 10372, 10374, 10379, 10614, 10407, 10410, 10411, 10408, 2604, 2605, 2606, 2603, 10715, 10714, 10713, 10722, 2597, 10723, 2596, 2876, 2875, 2874, 2873, 2885, 2886, 4087, 4090, 2897, 4095, 4096, 3932, 3930, 3934, 3957, 3965, 3954, 3969, 3971, 4296, 4298, 4299, 4301, 4217, 4221, 4222, 4223, 4231, 4232, 4234, 4266, 4269, 4272, 4271, 5343, 5365, 5344, 5366, 5353, 5352, 5375, 5354, 5363, 5362, 5364]",0.019405500002903864,success,,71.9234870238549,79.15644870748196,23.193499892677945,20.232821059771194,55.60000000000004,67.66779106123047
stl_midamerica_to_st_louis_lambert_2026-03-09_0283,midamerica_to_st_louis_lambert,MidAmerica to St. Louis Lambert,MidAmerica St. Louis Airport,St. Louis Lambert International Airport,38.5451731,-89.8351856,38.7486982,-90.3700257,2026-03-09,March 9th - Monday,w_0283,0.8,0.2,0.0,0.0,96,"[8877, 8876, 8868, 8869, 8870, 8867, 9753, 9754, 9755, 9744, 9746, 9747, 9751, 9764, 9766, 9770, 9797, 10002, 10006, 10008, 10233, 10243, 10246, 10272, 10273, 10269, 10303, 10306, 10343, 10347, 10351, 10366, 10376, 10374, 10379, 10614, 10407, 10410, 10411, 10408, 2604, 2605, 2606, 2603, 10715, 10714, 10713, 10722, 2597, 10723, 2596, 2876, 2875, 2874, 2873, 2885, 2886, 2884, 2883, 2893, 4095, 4096, 3932, 3933, 3958, 3962, 3967, 3970, 3969, 3968, 3981, 3978, 3983, 4297, 4198, 4199, 4201, 4216, 4229, 4232, 4230, 4242, 4265, 4244, 4243, 5336, 5338, 5335, 5337, 5320, 5322, 5323, 5346, 5357, 5358, 5364]",0.016883899981621653,success,,71.92164999407072,79.15442693740509,19.64578326883652,33.30107425476262,55.20000000000004,67.25269820369138
stl_midamerica_to_st_louis_lambert_2026-03-09_0284,midamerica_to_st_louis_lambert,MidAmerica to St. Louis Lambert,MidAmerica St. Louis Airport,St. Louis Lambert International Airport,38.5451731,-89.8351856,38.7486982,-90.3700257,2026-03-09,March 9th - Monday,w_0284,0.9,0.0,0.0,0.1,96,"[8877, 8876, 8892, 8897, 8899, 8926, 9788, 10013, 10014, 10036, 10052, 10054, 10061, 10051, 10049, 10048, 10050, 10253, 10252, 10241, 10240, 10248, 10246, 10247, 10245, 10231, 10230, 10262, 10150, 10148, 10149, 10151, 10161, 10159, 10158, 10160, 10166, 10168, 10167, 10169, 2247, 2269, 2268, 2257, 2256, 2254, 2279, 2293, 2296, 2301, 2303, 2491, 2492, 2818, 2496, 2507, 2506, 2828, 2505, 2809, 2811, 2810, 2728, 2730, 2731, 2729, 2715, 2717, 2714, 2716, 2738, 2741, 2745, 2747, 2684, 2687, 3987, 3990, 4016, 4017, 4022, 4029, 4034, 4060, 4064, 5048, 5052, 5076, 5082, 5299, 5304, 5319, 5321, 5357, 5358, 5364]",0.018091500009177253,success,,71.90057520712594,79.13123277148179,53.29567736851651,26.74625699395366,46.20000000000003,75.83810949433362
stl_midamerica_to_st_louis_lambert_2026-03-09_0285,midamerica_to_st_louis_lambert,MidAmerica to St. Louis Lambert,MidAmerica St. Louis Airport,St. Louis Lambert International Airport,38.5451731,-89.8351856,38.7486982,-90.3700257,2026-03-09,March 9th - Monday,w_0285,0.9,0.0,0.1,0.0,96,"[8877, 8876, 8868, 8869, 8870, 8867, 9753, 9754, 9755, 9744, 9749, 9748, 9772, 9764, 9766, 9770, 9792, 9975, 9977, 9981, 9980, 9987, 9988, 9986, 9985, 9997, 9995, 10000, 10129, 10128, 10127, 10126, 10139, 10138, 10137, 10136, 10114, 10115, 10116, 10117, 2242, 2243, 2241, 2253, 2256, 2281, 2279, 2289, 2288, 2290, 2294, 2460, 2461, 2462, 2465, 2498, 2501, 2828, 2829, 2813, 2816, 2815, 2759, 2758, 2761, 2764, 2783, 2781, 2782, 2784, 2775, 2802, 2805, 3917, 4005, 4010, 4013, 4012, 4021, 4045, 4047, 4058, 4062, 4077, 4079, 5077, 5081, 5083, 5306, 5303, 5318, 5323, 5321, 5357, 5358, 5364]",0.01653459999943152,success,,71.89584873922834,79.12603098790333,46.53374224197657,16.226268591622723,55.200000000000024,72.83605474827527
stl_midamerica_to_st_louis_lambert_2026-03-09_0286,midamerica_to_st_louis_lambert,MidAmerica to St. Louis Lambert,MidAmerica St. Louis Airport,St. Louis Lambert International Airport,38.5451731,-89.8351856,38.7486982,-90.3700257,2026-03-09,March 9th - Monday,w_0286,0.9,0.1,0.0,0.0,96,"[8877, 8876, 8868, 8869, 8870, 8867, 9753, 9754, 9755, 9744, 9746, 9747, 9751, 9764, 9766, 9770, 9797, 10002, 10006, 10008, 10233, 10243, 10246, 10272, 10273, 10269, 10303, 10306, 10343, 10347, 10351, 10366, 10376, 10374, 10379, 10614, 10407, 10410, 10411, 10408, 2604, 2605, 2606, 2603, 10715, 10714, 10713, 10722, 2597, 10723, 2596, 2876, 2875, 2874, 2873, 2885, 2886, 2884, 2883, 2893, 4095, 4096, 3932, 3933, 3958, 3962, 3967, 3970, 3969, 3968, 3981, 3978, 3983, 4297, 4198, 4199, 4201, 4216, 4229, 4232, 4230, 4242, 4265, 4244, 4243, 5336, 5338, 5335, 5337, 5320, 5322, 5323, 5346, 5357, 5358, 5364]",0.015323800005717203,success,,71.92164999407072,79.15442693740509,19.64578326883652,33.30107425476262,55.20000000000004,73.20356257054824
stl_midamerica_to_st_louis_lambert_2026-03-09_0287,midamerica_to_st_louis_lambert,MidAmerica to St. Louis Lambert,MidAmerica St. Louis Airport,St. Louis Lambert International Airport,38.5451731,-89.8351856,38.7486982,-90.3700257,2026-03-09,March 9th - Monday,w_0287,1.0,0.0,0.0,0.0,96,"[8877, 8876, 8868, 8869, 8870, 8867, 9753, 9754, 9755, 9744, 9746, 9747, 9745, 9737, 9736, 9734, 9735, 9919, 9916, 9918, 9917, 9935, 9934, 9936, 9926, 9927, 9924, 9925, 9835, 9837, 9836, 9834, 9827, 9824, 9826, 9825, 9844, 9845, 9843, 9842, 1936, 1935, 1934, 1942, 1943, 1940, 1941, 1950, 1951, 1953, 1952, 2129, 2130, 2128, 2131, 2142, 2146, 2147, 2172, 2176, 2200, 2204, 2317, 2340, 2346, 2371, 2391, 2395, 2708, 2713, 2738, 2741, 2745, 2747, 2684, 2687, 3987, 3990, 4016, 4017, 4022, 4029, 4034, 4060, 4064, 5048, 5052, 5076, 5082, 5299, 5304, 5319, 5321, 5357, 5358, 5364]",0.013893299998017028,success,,71.87414934300483,79.10214939907578,45.95632814409993,23.633350181088925,61.40000000000001,79.10214939907578
stl_st_louis_downtown_airport_to_st_louis_lambert_2026-03-09_0001,st_louis_downtown_airport_to_st_louis_lambert,St. Louis Downtown Airport to St. Louis Lambert,St. Louis Downtown Airport,St. Louis Lambert International Airport,38.5703611,-90.1550833,38.7486982,-90.3700257,2026-03-09,March 9th - Monday,w_0001,0.0,0.0,0.0,1.0,40,"[2179, 2147, 2172, 2176, 2200, 2204, 2317, 2340, 2346, 2371, 2391, 2395, 2708, 2713, 2738, 2741, 2745, 2747, 2684, 2687, 3987, 3990, 4016, 4017, 4022, 4029, 4034, 4060, 4064, 5048, 5052, 5076, 5082, 5299, 5304, 5319, 5321, 5357, 5358, 5364]",0.04135580000001937,success,,35.06847425714207,38.5951237717998,26.02381511715049,17.37501008770346,33.400000000000006,33.400000000000006
stl_st_louis_downtown_airport_to_st_louis_lambert_2026-03-09_0002,st_louis_downtown_airport_to_st_louis_lambert,St. Louis Downtown Airport to St. Louis Lambert,St. Louis Downtown Airport,St. Louis Lambert International Airport,38.5703611,-90.1550833,38.7486982,-90.3700257,2026-03-09,March 9th - Monday,w_0002,0.0,0.0,0.1,0.9,40,"[2179, 2180, 2174, 2199, 2203, 2207, 2341, 2344, 2368, 2374, 2394, 2397, 2708, 2713, 2738, 2741, 2745, 2747, 2684, 2687, 3987, 3990, 4016, 4017, 4022, 4029, 4034, 4060, 4064, 5048, 5052, 5076, 5082, 5299, 5304, 5319, 5321, 5357, 5358, 5364]",0.04394559998763725,success,,35.068901024242656,38.595593456592695,26.02381511715049,16.308605660057136,33.400000000000006,31.690860566005718
stl_st_louis_downtown_airport_to_st_louis_lambert_2026-03-09_0003,st_louis_downtown_airport_to_st_louis_lambert,St. Louis Downtown Airport to St. Louis Lambert,St. Louis Downtown Airport,St. Louis Lambert International Airport,38.5703611,-90.1550833,38.7486982,-90.3700257,2026-03-09,March 9th - Monday,w_0003,0.0,0.0,0.2,0.8,40,"[2179, 2180, 2174, 2199, 2203, 2207, 2341, 2344, 2368, 2374, 2394, 2397, 2708, 2713, 2738, 2741, 2745, 2747, 2684, 2687, 3987, 3990, 4016, 4017, 4022, 4029, 4034, 4060, 4064, 5048, 5052, 5076, 5082, 5299, 5304, 5319, 5321, 5357, 5358, 5364]",0.043838400015374646,success,,35.068901024242656,38.595593456592695,26.02381511715049,16.308605660057136,33.400000000000006,29.981721132011433
stl_st_louis_downtown_airport_to_st_louis_lambert_2026-03-09_0004,st_louis_downtown_airport_to_st_louis_lambert,St. Louis Downtown Airport to St. Louis Lambert,St. Louis Downtown Airport,St. Louis Lambert International Airport,38.5703611,-90.1550833,38.7486982,-90.3700257,2026-03-09,March 9th - Monday,w_0004,0.0,0.0,0.3,0.7,41,"[2179, 2180, 2174, 2199, 2203, 2207, 2341, 2344, 2368, 2374, 2394, 2397, 2712, 2714, 2750, 2744, 2770, 2772, 2777, 3989, 3993, 4006, 4008, 4021, 4045, 4047, 4058, 4062, 4077, 4079, 5077, 5081, 5083, 5306, 5303, 5318, 5323, 5321, 5357, 5358, 5364]",0.043134600011399016,success,,35.445569252782064,39.01014120095092,24.462470730578612,12.744666408656366,34.400000000000006,27.90339992259691
stl_st_louis_downtown_airport_to_st_louis_lambert_2026-03-09_0005,st_louis_downtown_airport_to_st_louis_lambert,St. Louis Downtown Airport to St. Louis Lambert,St. Louis Downtown Airport,St. Louis Lambert International Airport,38.5703611,-90.1550833,38.7486982,-90.3700257,2026-03-09,March 9th - Monday,w_0005,0.0,0.0,0.4,0.6,41,"[2179, 2180, 2174, 2199, 2203, 2207, 2341, 2344, 2368, 2374, 2394, 2397, 2712, 2714, 2750, 2744, 2770, 2772, 2777, 3989, 3993, 4006, 4008, 4021, 4045, 4047, 4058, 4062, 4077, 4079, 5077, 5081, 5083, 5306, 5303, 5318, 5323, 5321, 5357, 5358, 5364]",0.044280200003413484,success,,35.445569252782064,39.01014120095092,24.462470730578612,12.744666408656366,34.400000000000006,25.73786656346255
stl_st_louis_downtown_airport_to_st_louis_lambert_2026-03-09_0006,st_louis_downtown_airport_to_st_louis_lambert,St. Louis Downtown Airport to St. Louis Lambert,St. Louis Downtown Airport,St. Louis Lambert International Airport,38.5703611,-90.1550833,38.7486982,-90.3700257,2026-03-09,March 9th - Monday,w_0006,0.0,0.0,0.5,0.5,41,"[2179, 2180, 2174, 2199, 2203, 2207, 2341, 2344, 2368, 2374, 2394, 2397, 2712, 2714, 2750, 2744, 2770, 2772, 2777, 3989, 3993, 4006, 4008, 4021, 4045, 4047, 4058, 4062, 4077, 4079, 5077, 5081, 5083, 5306, 5303, 5318, 5323, 5321, 5357, 5358, 5364]",0.044974800024647266,success,,35.445569252782064,39.01014120095092,24.462470730578612,12.744666408656366,34.400000000000006,23.572333204328185
stl_st_louis_downtown_airport_to_st_louis_lambert_2026-03-09_0007,st_louis_downtown_airport_to_st_louis_lambert,St. Louis Downtown Airport to St. Louis Lambert,St. Louis Downtown Airport,St. Louis Lambert International Airport,38.5703611,-90.1550833,38.7486982,-90.3700257,2026-03-09,March 9th - Monday,w_0007,0.0,0.0,0.6,0.4,41,"[2179, 2180, 2174, 2199, 2203, 2207, 2341, 2344, 2368, 2374, 2394, 2397, 2712, 2714, 2750, 2744, 2770, 2772, 2777, 3989, 3993, 4006, 4008, 4021, 4045, 4047, 4058, 4062, 4077, 4079, 5077, 5081, 5083, 5306, 5303, 5318, 5323, 5321, 5357, 5358, 5364]",0.049708800012012944,success,,35.445569252782064,39.01014120095092,24.462470730578612,12.744666408656366,34.400000000000006,21.406799845193824
stl_st_louis_downtown_airport_to_st_louis_lambert_2026-03-09_0008,st_louis_downtown_airport_to_st_louis_lambert,St. Louis Downtown Airport to St. Louis Lambert,St. Louis Downtown Airport,St. Louis Lambert International Airport,38.5703611,-90.1550833,38.7486982,-90.3700257,2026-03-09,March 9th - Monday,w_0008,0.0,0.0,0.7,0.3,46,"[2179, 2147, 2172, 2174, 2199, 2203, 2207, 2341, 2344, 2368, 2374, 2394, 2397, 2712, 2714, 2750, 2744, 2768, 2774, 2772, 2747, 2681, 2682, 2685, 2686, 2703, 2705, 2707, 4004, 4027, 4032, 4056, 5030, 5033, 5049, 5054, 5071, 5296, 5301, 5315, 5318, 5323, 5321, 5357, 5358, 5364]",0.0508955999976024,success,,38.381105375947406,42.240888543404296,28.618099317084013,10.937273185963399,38.20000000000001,19.11609123017438
stl_st_louis_downtown_airport_to_st_louis_lambert_2026-03-09_0009,st_louis_downtown_airport_to_st_louis_lambert,St. Louis Downtown Airport to St. Louis Lambert,St. Louis Downtown Airport,St. Louis Lambert International Airport,38.5703611,-90.1550833,38.7486982,-90.3700257,2026-03-09,March 9th - Monday,w_0009,0.0,0.0,0.8,0.2,47,"[2179, 2147, 2172, 2174, 2199, 2203, 2207, 2341, 2344, 2368, 2374, 2394, 2397, 2712, 2714, 2750, 2744, 2768, 2774, 2772, 2747, 2681, 2682, 2685, 2686, 2703, 2705, 2707, 4004, 4027, 4032, 4031, 5025, 5031, 5046, 5049, 5054, 5071, 5296, 5301, 5315, 5318, 5323, 5321, 5357, 5358, 5364]",0.04699760000221431,success,,38.756329625426595,42.653847095425704,28.732151674639294,10.583192243250188,39.20000000000001,16.306553794600152
stl_st_louis_downtown_airport_to_st_louis_lambert_2026-03-09_0010,st_louis_downtown_airport_to_st_louis_lambert,St. Louis Downtown Airport to St. Louis Lambert,St. Louis Downtown Airport,St. Louis Lambert International Airport,38.5703611,-90.1550833,38.7486982,-90.3700257,2026-03-09,March 9th - Monday,w_0010,0.0,0.0,0.9,0.1,67,"[2179, 2147, 2172, 2174, 2199, 2203, 2207, 2341, 2316, 2338, 2315, 2106, 2330, 2329, 2333, 2350, 2349, 2327, 2353, 3265, 3266, 3270, 3259, 3260, 3258, 3257, 3246, 3244, 3243, 3245, 3417, 3413, 3418, 3419, 3445, 3449, 3469, 3482, 3485, 3489, 3488, 3500, 3714, 3715, 3644, 3719, 3672, 3677, 3680, 4987, 4989, 4993, 5016, 5017, 5022, 4964, 5188, 5061, 5216, 5286, 5288, 5293, 5329, 5331, 5357, 5358, 5364]",0.04685880002216436,success,,53.66376942189154,59.060448644337995,42.899381872746105,8.051316635991341,53.60000000000004,12.60618497239221
stl_st_louis_downtown_airport_to_st_louis_lambert_2026-03-09_0011,st_louis_downtown_airport_to_st_louis_lambert,St. Louis Downtown Airport to St. Louis Lambert,St. Louis Downtown Airport,St. Louis Lambert International Airport,38.5703611,-90.1550833,38.7486982,-90.3700257,2026-03-09,March 9th - Monday,w_0011,0.0,0.0,1.0,0.0,69,"[2179, 2147, 2172, 2174, 2199, 2203, 2207, 2341, 2316, 2338, 2315, 2106, 2330, 2329, 2333, 2350, 2349, 2327, 2353, 3265, 3266, 3270, 3259, 3260, 3258, 3257, 3246, 3244, 3243, 3245, 3417, 3413, 3418, 3419, 3445, 3461, 3438, 3440, 3454, 3455, 3460, 3493, 3495, 3498, 3712, 3641, 3644, 3719, 3672, 3677, 3680, 4987, 4989, 4993, 5016, 5017, 5022, 4964, 5188, 5061, 5216, 5286, 5288, 5293, 5329, 5331, 5357, 5358, 5364]",0.04458929999964312,success,,55.47373327442274,61.05243091304759,41.86772562721764,7.919883492773679,54.80000000000003,7.919883492773679
stl_st_louis_downtown_airport_to_st_louis_lambert_2026-03-09_0012,st_louis_downtown_airport_to_st_louis_lambert,St. Louis Downtown Airport to St. Louis Lambert,St. Louis Downtown Airport,St. Louis Lambert International Airport,38.5703611,-90.1550833,38.7486982,-90.3700257,2026-03-09,March 9th - Monday,w_0012,0.0,0.1,0.0,0.9,40,"[2179, 2180, 2174, 2199, 2203, 2207, 2341, 2344, 2368, 2374, 2394, 2397, 2712, 2716, 2739, 2746, 2769, 2773, 3985, 3988, 3992, 3994, 4019, 4017, 4022, 4029, 4034, 4060, 4064, 5048, 5052, 5076, 5082, 5299, 5304, 5319, 5321, 5357, 5358, 5364]",0.044164299994008616,success,,35.06932923764436,38.59606473313351,24.787572976016946,17.335924860773844,33.400000000000006,32.5387572976017
stl_st_louis_downtown_airport_to_st_louis_lambert_2026-03-09_0013,st_louis_downtown_airport_to_st_louis_lambert,St. Louis Downtown Airport to St. Louis Lambert,St. Louis Downtown Airport,St. Louis Lambert International Airport,38.5703611,-90.1550833,38.7486982,-90.3700257,2026-03-09,March 9th - Monday,w_0013,0.0,0.1,0.1,0.8,40,"[2179, 2180, 2174, 2199, 2203, 2207, 2341, 2344, 2368, 2374, 2394, 2397, 2712, 2716, 2739, 2746, 2769, 2773, 3985, 3988, 3987, 3990, 4016, 4017, 4022, 4029, 4034, 4060, 4064, 5048, 5052, 5076, 5082, 5299, 5304, 5319, 5321, 5357, 5358, 5364]",0.04538270001648925,success,,35.06921230855894,38.59593604511329,25.05959051055676,17.05376686832281,33.400000000000006,30.931335737887963
stl_st_louis_downtown_airport_to_st_louis_lambert_2026-03-09_0014,st_louis_downtown_airport_to_st_louis_lambert,St. Louis Downtown Airport to St. Louis Lambert,St. Louis Downtown Airport,St. Louis Lambert International Airport,38.5703611,-90.1550833,38.7486982,-90.3700257,2026-03-09,March 9th - Monday,w_0014,0.0,0.1,0.2,0.7,41,"[2179, 2180, 2174, 2199, 2203, 2207, 2341, 2344, 2368, 2374, 2394, 2397, 2712, 2714, 2750, 2744, 2770, 2772, 2777, 3989, 3993, 4006, 4008, 4021, 4045, 4047, 4058, 4062, 4077, 4079, 5077, 5081, 5083, 5306, 5303, 5318, 5323, 5321, 5357, 5358, 5364]",0.0454856000142172,success,,35.445569252782064,39.01014120095092,24.462470730578612,12.744666408656366,34.400000000000006,29.075180354789136
stl_st_louis_downtown_airport_to_st_louis_lambert_2026-03-09_0015,st_louis_downtown_airport_to_st_louis_lambert,St. Louis Downtown Airport to St. Louis Lambert,St. Louis Downtown Airport,St. Louis Lambert International Airport,38.5703611,-90.1550833,38.7486982,-90.3700257,2026-03-09,March 9th - Monday,w_0015,0.0,0.1,0.3,0.6,41,"[2179, 2180, 2174, 2199, 2203, 2207, 2341, 2344, 2368, 2374, 2394, 2397, 2712, 2714, 2750, 2744, 2770, 2772, 2777, 3989, 3993, 4006, 4008, 4021, 4045, 4047, 4058, 4062, 4077, 4079, 5077, 5081, 5083, 5306, 5303, 5318, 5323, 5321, 5357, 5358, 5364]",0.04501869998057373,success,,35.445569252782064,39.01014120095092,24.462470730578612,12.744666408656366,34.400000000000006,26.909646995654775
stl_st_louis_downtown_airport_to_st_louis_lambert_2026-03-09_0016,st_louis_downtown_airport_to_st_louis_lambert,St. Louis Downtown Airport to St. Louis Lambert,St. Louis Downtown Airport,St. Louis Lambert International Airport,38.5703611,-90.1550833,38.7486982,-90.3700257,2026-03-09,March 9th - Monday,w_0016,0.0,0.1,0.4,0.5,41,"[2179, 2180, 2174, 2199, 2203, 2207, 2341, 2344, 2368, 2374, 2394, 2397, 2712, 2714, 2750, 2744, 2770, 2772, 2777, 3989, 3993, 4006, 4008, 4021, 4045, 4047, 4058, 4062, 4077, 4079, 5077, 5081, 5083, 5306, 5303, 5318, 5323, 5321, 5357, 5358, 5364]",0.043185200018342584,success,,35.445569252782064,39.01014120095092,24.462470730578612,12.744666408656366,34.400000000000006,24.74411363652041
stl_st_louis_downtown_airport_to_st_louis_lambert_2026-03-09_0017,st_louis_downtown_airport_to_st_louis_lambert,St. Louis Downtown Airport to St. Louis Lambert,St. Louis Downtown Airport,St. Louis Lambert International Airport,38.5703611,-90.1550833,38.7486982,-90.3700257,2026-03-09,March 9th - Monday,w_0017,0.0,0.1,0.5,0.4,41,"[2179, 2180, 2174, 2199, 2203, 2207, 2341, 2344, 2368, 2374, 2394, 2397, 2712, 2714, 2750, 2744, 2770, 2772, 2777, 3989, 3993, 4006, 4008, 4021, 4045, 4047, 4058, 4062, 4077, 4079, 5077, 5081, 5083, 5306, 5303, 5318, 5323, 5321, 5357, 5358, 5364]",0.04353419999824837,success,,35.445569252782064,39.01014120095092,24.462470730578612,12.744666408656366,34.400000000000006,22.578580277386045
stl_st_louis_downtown_airport_to_st_louis_lambert_2026-03-09_0018,st_louis_downtown_airport_to_st_louis_lambert,St. Louis Downtown Airport to St. Louis Lambert,St. Louis Downtown Airport,St. Louis Lambert International Airport,38.5703611,-90.1550833,38.7486982,-90.3700257,2026-03-09,March 9th - Monday,w_0018,0.0,0.1,0.6,0.3,41,"[2179, 2180, 2174, 2199, 2203, 2207, 2341, 2344, 2368, 2374, 2394, 2397, 2712, 2714, 2750, 2744, 2770, 2772, 2777, 3989, 3993, 4006, 4008, 4021, 4045, 4047, 4058, 4062, 4077, 4079, 5077, 5081, 5083, 5306, 5303, 5318, 5323, 5321, 5357, 5358, 5364]",0.04411190000246279,success,,35.445569252782064,39.01014120095092,24.462470730578612,12.744666408656366,34.400000000000006,20.41304691825168
stl_st_louis_downtown_airport_to_st_louis_lambert_2026-03-09_0019,st_louis_downtown_airport_to_st_louis_lambert,St. Louis Downtown Airport to St. Louis Lambert,St. Louis Downtown Airport,St. Louis Lambert International Airport,38.5703611,-90.1550833,38.7486982,-90.3700257,2026-03-09,March 9th - Monday,w_0019,0.0,0.1,0.7,0.2,47,"[2179, 2147, 2172, 2174, 2199, 2203, 2207, 2341, 2344, 2368, 2374, 2394, 2397, 2712, 2714, 2750, 2744, 2768, 2774, 2776, 2777, 2684, 2682, 2683, 2686, 2703, 2705, 2707, 4004, 4027, 4032, 4031, 5025, 5031, 5046, 5049, 5054, 5071, 5295, 5300, 5303, 5318, 5323, 5321, 5357, 5358, 5364]",0.05077719999826513,success,,38.75650082274933,42.654035509150575,27.358469109700696,10.662448076627761,39.20000000000001,18.039560564609506
stl_st_louis_downtown_airport_to_st_louis_lambert_2026-03-09_0020,st_louis_downtown_airport_to_st_louis_lambert,St. Louis Downtown Airport to St. Louis Lambert,St. Louis Downtown Airport,St. Louis Lambert International Airport,38.5703611,-90.1550833,38.7486982,-90.3700257,2026-03-09,March 9th - Monday,w_0020,0.0,0.1,0.8,0.1,50,"[2179, 2147, 2172, 2174, 2199, 2203, 2207, 2341, 2316, 2342, 2347, 2366, 2389, 2392, 2396, 2720, 2387, 2384, 2381, 3291, 3294, 3298, 2628, 2651, 2655, 2636, 2673, 2677, 2700, 2701, 2704, 3999, 4002, 4026, 4031, 5025, 5031, 5046, 5049, 5054, 5071, 5295, 5300, 5303, 5318, 5323, 5321, 5357, 5358, 5364]",0.05011720000766218,success,,41.47233366374548,45.64298518153096,28.692773194746525,10.191825274921564,41.40000000000001,15.162737539411907
stl_st_louis_downtown_airport_to_st_louis_lambert_2026-03-09_0021,st_louis_downtown_airport_to_st_louis_lambert,St. Louis Downtown Airport to St. Louis Lambert,St. Louis Downtown Airport,St. Louis Lambert International Airport,38.5703611,-90.1550833,38.7486982,-90.3700257,2026-03-09,March 9th - Monday,w_0021,0.0,0.1,0.9,0.0,70,"[2179, 2147, 2172, 2174, 2199, 2203, 2207, 2341, 2316, 2338, 2315, 2106, 2330, 2329, 2333, 2350, 2349, 2327, 2353, 3265, 3266, 3270, 3259, 3260, 3258, 3257, 3246, 3248, 3272, 3247, 3417, 3413, 3418, 3419, 3445, 3461, 3438, 3440, 3454, 3455, 3460, 3493, 3495, 3498, 3712, 3641, 3644, 3719, 3672, 3677, 3680, 4987, 4989, 4993, 4994, 5012, 5035, 5041, 5043, 5066, 5071, 5295, 5300, 5303, 5318, 5323, 5321, 5357, 5358, 5364]",0.051557500002672896,success,,56.91528668339016,62.63895366378933,39.95147624030268,7.9801154854136875,55.80000000000003,11.177251560902587
stl_st_louis_downtown_airport_to_st_louis_lambert_2026-03-09_0022,st_louis_downtown_airport_to_st_louis_lambert,St. Louis Downtown Airport to St. Louis Lambert,St. Louis Downtown Airport,St. Louis Lambert International Airport,38.5703611,-90.1550833,38.7486982,-90.3700257,2026-03-09,March 9th - Monday,w_0022,0.0,0.2,0.0,0.8,40,"[2179, 2180, 2174, 2199, 2203, 2207, 2341, 2344, 2368, 2374, 2394, 2397, 2712, 2716, 2739, 2746, 2769, 2773, 3985, 3988, 3992, 3994, 4019, 4017, 4022, 4029, 4034, 4060, 4064, 5048, 5052, 5076, 5082, 5299, 5304, 5319, 5321, 5357, 5358, 5364]",0.05423009998048656,success,,35.06932923764436,38.59606473313351,24.787572976016946,17.335924860773844,33.400000000000006,31.677514595203395
stl_st_louis_downtown_airport_to_st_louis_lambert_2026-03-09_0023,st_louis_downtown_airport_to_st_louis_lambert,St. Louis Downtown Airport to St. Louis Lambert,St. Louis Downtown Airport,St. Louis Lambert International Airport,38.5703611,-90.1550833,38.7486982,-90.3700257,2026-03-09,March 9th - Monday,w_0023,0.0,0.2,0.1,0.7,40,"[2179, 2180, 2174, 2199, 2203, 2207, 2341, 2344, 2368, 2374, 2394, 2397, 2712, 2716, 2739, 2746, 2769, 2773, 3985, 3988, 3992, 3994, 4019, 4020, 4023, 4055, 4059, 4063, 4078, 5051, 5075, 5079, 5306, 5303, 5318, 5323, 5346, 5357, 5358, 5364]",0.05416340002557263,success,,35.06987633323177,38.59666684720769,23.21199613097869,16.19626633787932,33.8,29.922025859983666
stl_st_louis_downtown_airport_to_st_louis_lambert_2026-03-09_0024,st_louis_downtown_airport_to_st_louis_lambert,St. Louis Downtown Airport to St. Louis Lambert,St. Louis Downtown Airport,St. Louis Lambert International Airport,38.5703611,-90.1550833,38.7486982,-90.3700257,2026-03-09,March 9th - Monday,w_0024,0.0,0.2,0.2,0.6,41,"[2179, 2180, 2174, 2199, 2203, 2207, 2341, 2344, 2368, 2374, 2394, 2397, 2711, 2714, 2750, 2744, 2770, 2772, 2777, 3989, 3993, 4006, 4008, 4021, 4045, 4047, 4058, 4062, 4077, 4079, 5077, 5081, 5083, 5306, 5303, 5318, 5323, 5346, 5357, 5358, 5364]",0.04558199999155477,success,,35.445621882417974,39.010199123268755,23.435018864316554,13.344040171748633,34.400000000000006,27.99581180721304
stl_st_louis_downtown_airport_to_st_louis_lambert_2026-03-09_0025,st_louis_downtown_airport_to_st_louis_lambert,St. Louis Downtown Airport to St. Louis Lambert,St. Louis Downtown Airport,St. Louis Lambert International Airport,38.5703611,-90.1550833,38.7486982,-90.3700257,2026-03-09,March 9th - Monday,w_0025,0.0,0.2,0.3,0.5,41,"[2179, 2180, 2174, 2199, 2203, 2207, 2341, 2344, 2368, 2374, 2394, 2397, 2711, 2714, 2750, 2744, 2770, 2772, 2777, 3989, 3993, 4006, 4008, 4021, 4045, 4047, 4058, 4062, 4077, 4079, 5077, 5081, 5083, 5306, 5303, 5318, 5323, 5346, 5357, 5358, 5364]",0.04334709999966435,success,,35.445621882417974,39.010199123268755,23.435018864316554,13.344040171748633,34.400000000000006,25.8902158243879
stl_st_louis_downtown_airport_to_st_louis_lambert_2026-03-09_0026,st_louis_downtown_airport_to_st_louis_lambert,St. Louis Downtown Airport to St. Louis Lambert,St. Louis Downtown Airport,St. Louis Lambert International Airport,38.5703611,-90.1550833,38.7486982,-90.3700257,2026-03-09,March 9th - Monday,w_0026,0.0,0.2,0.4,0.4,41,"[2179, 2180, 2174, 2199, 2203, 2207, 2341, 2344, 2368, 2374, 2394, 2397, 2712, 2714, 2750, 2744, 2770, 2772, 2777, 3989, 3993, 4006, 4008, 4021, 4045, 4047, 4058, 4062, 4077, 4079, 5077, 5081, 5083, 5306, 5303, 5318, 5323, 5321, 5357, 5358, 5364]",0.044509500003186986,success,,35.445569252782064,39.01014120095092,24.462470730578612,12.744666408656366,34.400000000000006,23.750360709578274
stl_st_louis_downtown_airport_to_st_louis_lambert_2026-03-09_0027,st_louis_downtown_airport_to_st_louis_lambert,St. Louis Downtown Airport to St. Louis Lambert,St. Louis Downtown Airport,St. Louis Lambert International Airport,38.5703611,-90.1550833,38.7486982,-90.3700257,2026-03-09,March 9th - Monday,w_0027,0.0,0.2,0.5,0.3,41,"[2179, 2180, 2174, 2199, 2203, 2207, 2341, 2344, 2368, 2374, 2394, 2397, 2712, 2714, 2750, 2744, 2770, 2772, 2777, 3989, 3993, 4006, 4008, 4021, 4045, 4047, 4058, 4062, 4077, 4079, 5077, 5081, 5083, 5306, 5303, 5318, 5323, 5321, 5357, 5358, 5364]",0.04566189998877235,success,,35.445569252782064,39.01014120095092,24.462470730578612,12.744666408656366,34.400000000000006,21.58482735044391
stl_st_louis_downtown_airport_to_st_louis_lambert_2026-03-09_0028,st_louis_downtown_airport_to_st_louis_lambert,St. Louis Downtown Airport to St. Louis Lambert,St. Louis Downtown Airport,St. Louis Lambert International Airport,38.5703611,-90.1550833,38.7486982,-90.3700257,2026-03-09,March 9th - Monday,w_0028,0.0,0.2,0.6,0.2,42,"[2179, 2147, 2172, 2174, 2199, 2203, 2207, 2341, 2344, 2368, 2374, 2394, 2397, 2712, 2714, 2750, 2744, 2770, 2772, 2777, 3989, 3993, 4006, 4008, 4021, 4045, 4047, 4058, 4062, 4077, 4079, 5077, 5081, 5083, 5306, 5303, 5318, 5323, 5321, 5357, 5358, 5364]",0.045703899988438934,success,,35.82020566880418,39.42245280423809,24.5122316454921,12.238499636103192,35.400000000000006,19.32554611076034
stl_st_louis_downtown_airport_to_st_louis_lambert_2026-03-09_0029,st_louis_downtown_airport_to_st_louis_lambert,St. Louis Downtown Airport to St. Louis Lambert,St. Louis Downtown Airport,St. Louis Lambert International Airport,38.5703611,-90.1550833,38.7486982,-90.3700257,2026-03-09,March 9th - Monday,w_0029,0.0,0.2,0.7,0.1,46,"[2179, 2147, 2172, 2174, 2199, 2203, 2207, 2341, 2344, 2368, 2374, 2394, 2397, 2712, 2714, 2750, 2744, 2770, 2772, 2777, 2684, 2682, 2683, 2686, 2703, 2705, 2707, 4004, 4027, 4032, 4031, 5025, 5031, 5046, 5049, 5054, 5071, 5295, 5300, 5303, 5318, 5323, 5321, 5357, 5358, 5364]",0.0472130999842193,success,,38.3813576616533,42.241166200138736,26.636903641994213,10.94081666960285,38.60000000000001,16.84595239712084
stl_st_louis_downtown_airport_to_st_louis_lambert_2026-03-09_0030,st_louis_downtown_airport_to_st_louis_lambert,St. Louis Downtown Airport to St. Louis Lambert,St. Louis Downtown Airport,St. Louis Lambert International Airport,38.5703611,-90.1550833,38.7486982,-90.3700257,2026-03-09,March 9th - Monday,w_0030,0.0,0.2,0.8,0.0,53,"[2179, 2147, 2172, 2174, 2199, 2203, 2207, 2341, 2316, 2338, 2315, 2106, 2330, 2329, 2333, 2350, 2349, 2327, 2353, 3265, 3266, 3270, 3292, 3295, 3298, 2628, 2651, 2655, 2636, 2673, 2676, 2700, 2701, 2704, 3999, 4002, 4026, 4031, 5025, 5031, 5046, 5049, 5054, 5071, 5295, 5300, 5303, 5318, 5323, 5321, 5357, 5358, 5364]",0.051996199996210635,success,,43.12251966990239,47.459121597592656,28.541054769668992,9.975411863903359,44.00000000000002,13.688540445056486
stl_st_louis_downtown_airport_to_st_louis_lambert_2026-03-09_0031,st_louis_downtown_airport_to_st_louis_lambert,St. Louis Downtown Airport to St. Louis Lambert,St. Louis Downtown Airport,St. Louis Lambert International Airport,38.5703611,-90.1550833,38.7486982,-90.3700257,2026-03-09,March 9th - Monday,w_0031,0.0,0.3,0.0,0.7,41,"[2179, 2181, 2183, 2198, 2202, 2206, 2449, 2345, 2370, 2373, 2398, 2709, 2711, 2714, 2750, 2744, 2770, 2772, 2777, 3989, 3993, 4006, 4008, 4021, 4045, 4047, 4058, 4062, 4077, 4079, 5077, 5081, 5083, 5308, 5316, 5322, 5323, 5346, 5357, 5358, 5364]",0.04390640000929125,success,,35.445886833267345,39.01049071881265,21.248540131475806,17.74534126675604,34.400000000000006,30.45456203944274
stl_st_louis_downtown_airport_to_st_louis_lambert_2026-03-09_0032,st_louis_downtown_airport_to_st_louis_lambert,St. Louis Downtown Airport to St. Louis Lambert,St. Louis Downtown Airport,St. Louis Lambert International Airport,38.5703611,-90.1550833,38.7486982,-90.3700257,2026-03-09,March 9th - Monday,w_0032,0.0,0.3,0.1,0.6,41,"[2179, 2180, 2174, 2199, 2203, 2207, 2341, 2344, 2368, 2374, 2398, 2709, 2711, 2714, 2750, 2744, 2770, 2772, 2777, 3989, 3993, 4006, 4008, 4021, 4045, 4047, 4058, 4062, 4077, 4079, 5077, 5081, 5083, 5308, 5316, 5322, 5323, 5346, 5357, 5358, 5364]",0.04322429999592714,success,,35.44576618687472,39.01035793965546,21.38361219710798,16.20830636682576,34.400000000000006,28.675914295814973
stl_st_louis_downtown_airport_to_st_louis_lambert_2026-03-09_0033,st_louis_downtown_airport_to_st_louis_lambert,St. Louis Downtown Airport to St. Louis Lambert,St. Louis Downtown Airport,St. Louis Lambert International Airport,38.5703611,-90.1550833,38.7486982,-90.3700257,2026-03-09,March 9th - Monday,w_0033,0.0,0.3,0.2,0.5,41,"[2179, 2180, 2174, 2199, 2203, 2207, 2341, 2344, 2368, 2374, 2398, 2709, 2711, 2714, 2750, 2744, 2770, 2772, 2777, 3989, 3993, 4006, 4008, 4021, 4045, 4047, 4058, 4062, 4077, 4079, 5077, 5081, 5083, 5308, 5316, 5322, 5323, 5346, 5357, 5358, 5364]",0.04474459998891689,success,,35.44576618687472,39.01035793965546,21.38361219710798,16.20830636682576,34.400000000000006,26.85674493249755
stl_st_louis_downtown_airport_to_st_louis_lambert_2026-03-09_0034,st_louis_downtown_airport_to_st_louis_lambert,St. Louis Downtown Airport to St. Louis Lambert,St. Louis Downtown Airport,St. Louis Lambert International Airport,38.5703611,-90.1550833,38.7486982,-90.3700257,2026-03-09,March 9th - Monday,w_0034,0.0,0.3,0.3,0.4,41,"[2179, 2180, 2174, 2199, 2203, 2207, 2341, 2344, 2368, 2374, 2394, 2397, 2711, 2714, 2750, 2744, 2770, 2772, 2777, 3989, 3993, 4006, 4008, 4021, 4045, 4047, 4058, 4062, 4077, 4079, 5077, 5081, 5083, 5306, 5303, 5318, 5323, 5346, 5357, 5358, 5364]",0.04677179999998771,success,,35.445621882417974,39.010199123268755,23.435018864316554,13.344040171748633,34.400000000000006,24.793717710819557
stl_st_louis_downtown_airport_to_st_louis_lambert_2026-03-09_0035,st_louis_downtown_airport_to_st_louis_lambert,St. Louis Downtown Airport to St. Louis Lambert,St. Louis Downtown Airport,St. Louis Lambert International Airport,38.5703611,-90.1550833,38.7486982,-90.3700257,2026-03-09,March 9th - Monday,w_0035,0.0,0.3,0.4,0.3,41,"[2179, 2180, 2174, 2199, 2203, 2207, 2341, 2344, 2368, 2374, 2394, 2397, 2711, 2714, 2750, 2744, 2770, 2772, 2777, 3989, 3993, 4006, 4008, 4021, 4045, 4047, 4058, 4062, 4077, 4079, 5077, 5081, 5083, 5306, 5303, 5318, 5323, 5346, 5357, 5358, 5364]",0.04616230001556687,success,,35.445621882417974,39.010199123268755,23.435018864316554,13.344040171748633,34.400000000000006,22.68812172799442
stl_st_louis_downtown_airport_to_st_louis_lambert_2026-03-09_0036,st_louis_downtown_airport_to_st_louis_lambert,St. Louis Downtown Airport to St. Louis Lambert,St. Louis Downtown Airport,St. Louis Lambert International Airport,38.5703611,-90.1550833,38.7486982,-90.3700257,2026-03-09,March 9th - Monday,w_0036,0.0,0.3,0.5,0.2,42,"[2179, 2147, 2172, 2174, 2199, 2203, 2207, 2341, 2344, 2368, 2374, 2394, 2397, 2711, 2714, 2750, 2744, 2770, 2772, 2777, 3989, 3993, 4006, 4008, 4021, 4045, 4047, 4058, 4062, 4077, 4079, 5077, 5081, 5083, 5306, 5303, 5318, 5323, 5346, 5357, 5358, 5364]",0.0471016000083182,success,,35.820258298440095,39.422510726555934,23.484779779230042,12.83787339919546,35.400000000000006,20.544370633366746
stl_st_louis_downtown_airport_to_st_louis_lambert_2026-03-09_0037,st_louis_downtown_airport_to_st_louis_lambert,St. Louis Downtown Airport to St. Louis Lambert,St. Louis Downtown Airport,St. Louis Lambert International Airport,38.5703611,-90.1550833,38.7486982,-90.3700257,2026-03-09,March 9th - Monday,w_0037,0.0,0.3,0.6,0.1,57,"[2179, 2182, 2184, 2186, 2421, 2205, 2427, 2453, 2456, 2479, 2482, 2483, 2487, 2809, 2813, 2816, 2858, 2863, 2866, 2888, 2892, 2895, 3904, 3925, 3930, 3934, 3957, 3965, 3954, 3969, 3971, 4296, 4300, 4316, 4304, 4219, 4224, 4222, 4223, 4231, 4232, 4234, 4266, 4269, 4272, 4586, 5368, 5371, 5373, 5369, 5353, 5352, 5375, 5376, 5363, 5358, 5364]",0.047875999996904284,success,,45.172051238423734,49.714763630413145,15.142405694260598,14.523632118759664,47.20000000000002,17.97690097953398
stl_st_louis_downtown_airport_to_st_louis_lambert_2026-03-09_0038,st_louis_downtown_airport_to_st_louis_lambert,St. Louis Downtown Airport to St. Louis Lambert,St. Louis Downtown Airport,St. Louis Lambert International Airport,38.5703611,-90.1550833,38.7486982,-90.3700257,2026-03-09,March 9th - Monday,w_0038,0.0,0.3,0.7,0.0,286,"[2179, 2144, 2135, 2134, 2130, 2114, 1925, 1918, 7605, 7600, 7576, 7573, 7567, 7534, 7541, 7538, 7316, 7311, 7483, 7480, 7481, 7471, 7469, 7436, 7434, 7440, 7213, 7212, 7209, 7137, 7132, 7130, 7114, 7317, 7319, 7324, 7127, 7128, 7327, 7126, 7970, 7965, 7968, 7966, 7942, 7929, 7943, 7944, 7952, 7954, 7951, 7953, 8064, 8065, 8066, 8080, 8081, 8082, 8079, 8071, 8057, 8051, 8054, 7982, 7983, 7981, 7984, 7990, 8022, 8025, 8017, 8265, 8271, 8274, 8491, 8489, 8516, 8517, 8511, 8533, 8539, 8559, 8563, 8565, 8600, 8602, 8616, 8619, 8625, 8644, 8636, 8640, 9071, 9067, 9091, 9085, 9097, 9107, 9111, 9134, 9140, 9362, 9365, 9370, 9391, 9395, 9397, 9416, 9422, 9631, 9632, 9653, 9657, 9661, 9681, 9685, 9703, 9707, 9700, 11928, 11924, 11935, 11953, 11955, 11968, 11971, 11982, 11985, 12210, 12212, 12215, 12217, 12237, 12240, 12255, 12257, 12261, 12264, 12592, 12594, 12598, 12599, 12616, 12618, 13350, 13352, 13354, 13359, 13374, 13390, 13392, 13395, 13699, 13701, 13728, 13729, 13633, 13658, 13664, 13678, 13859, 13863, 13882, 13865, 13868, 13869, 13870, 13265, 13234, 13232, 13229, 13212, 13209, 13213, 13208, 13217, 13171, 13172, 13170, 13089, 13092, 13090, 13106, 13109, 13113, 13108, 13117, 13119, 13124, 13291, 13269, 13276, 13274, 13277, 13280, 13279, 13281, 13285, 13283, 13284, 13282, 6470, 6464, 6465, 6463, 6473, 6476, 6478, 6474, 6461, 6460, 6505, 6508, 6490, 6371, 6372, 6484, 6487, 6486, 6488, 6381, 6374, 6378, 6379, 6492, 6496, 6499, 6498, 6273, 6274, 6500, 6281, 6280, 6278, 6277, 6976, 6966, 6965, 6964, 6951, 6947, 6950, 6952, 6984, 6944, 6946, 6987, 6879, 6880, 6881, 6977, 6978, 6979, 6981, 6883, 6882, 6859, 6857, 6764, 6762, 6763, 6765, 6746, 6745, 6733, 6708, 6704, 6701, 6699, 5761, 5758, 5733, 5728, 5726, 5713, 5707, 5698, 5695, 5472, 5469, 5612, 5609, 5605, 5591, 5586, 5364]",0.051598999998532236,success,,224.58622401097062,247.17166334601046,11.911165554946008,14.436693975197114,64.60000000000005,13.67903544912178
stl_st_louis_downtown_airport_to_st_louis_lambert_2026-03-09_0039,st_louis_downtown_airport_to_st_louis_lambert,St. Louis Downtown Airport to St. Louis Lambert,St. Louis Downtown Airport,St. Louis Lambert International Airport,38.5703611,-90.1550833,38.7486982,-90.3700257,2026-03-09,March 9th - Monday,w_0039,0.0,0.4,0.0,0.6,43,"[2179, 2181, 2183, 2198, 2202, 2206, 2449, 2345, 2370, 2373, 2398, 2709, 2711, 2714, 2750, 2744, 2770, 2772, 2777, 3989, 3993, 4006, 4008, 4021, 4045, 4047, 4058, 4062, 4075, 4082, 4084, 5080, 5084, 5310, 5311, 5337, 5320, 5322, 5323, 5346, 5357, 5358, 5364]",0.04452809999929741,success,,36.19711858407648,39.83726984216957,17.31210242086407,21.84107638522864,36.400000000000006,28.76484096834563
stl_st_louis_downtown_airport_to_st_louis_lambert_2026-03-09_0040,st_louis_downtown_airport_to_st_louis_lambert,St. Louis Downtown Airport to St. Louis Lambert,St. Louis Downtown Airport,St. Louis Lambert International Airport,38.5703611,-90.1550833,38.7486982,-90.3700257,2026-03-09,March 9th - Monday,w_0040,0.0,0.4,0.1,0.5,43,"[2179, 2180, 2174, 2199, 2203, 2207, 2341, 2344, 2368, 2374, 2398, 2709, 2711, 2714, 2750, 2744, 2770, 2772, 2777, 3989, 3993, 4006, 4008, 4021, 4045, 4047, 4058, 4062, 4077, 4082, 4084, 5080, 5084, 5310, 5311, 5337, 5320, 5322, 5323, 5346, 5357, 5358, 5364]",0.04362189999665134,success,,36.19698431445951,39.83712206977298,17.44717448649624,20.082925131580172,36.400000000000006,27.187162307756516
stl_st_louis_downtown_airport_to_st_louis_lambert_2026-03-09_0041,st_louis_downtown_airport_to_st_louis_lambert,St. Louis Downtown Airport to St. Louis Lambert,St. Louis Downtown Airport,St. Louis Lambert International Airport,38.5703611,-90.1550833,38.7486982,-90.3700257,2026-03-09,March 9th - Monday,w_0041,0.0,0.4,0.2,0.4,41,"[2179, 2180, 2174, 2199, 2203, 2207, 2341, 2344, 2368, 2374, 2398, 2709, 2711, 2714, 2750, 2744, 2770, 2772, 2777, 3989, 3993, 4006, 4008, 4021, 4045, 4047, 4058, 4062, 4077, 4079, 5077, 5081, 5083, 5308, 5316, 5322, 5323, 5346, 5357, 5358, 5364]",0.04421560000628233,success,,35.44576618687472,39.01035793965546,21.38361219710798,16.20830636682576,34.400000000000006,25.555106152208346
stl_st_louis_downtown_airport_to_st_louis_lambert_2026-03-09_0042,st_louis_downtown_airport_to_st_louis_lambert,St. Louis Downtown Airport to St. Louis Lambert,St. Louis Downtown Airport,St. Louis Lambert International Airport,38.5703611,-90.1550833,38.7486982,-90.3700257,2026-03-09,March 9th - Monday,w_0042,0.0,0.4,0.3,0.3,53,"[2179, 2182, 2184, 2186, 2421, 2205, 2427, 2453, 2456, 2479, 2482, 2483, 2808, 2811, 2813, 2816, 2858, 2863, 2790, 2793, 2797, 3897, 3902, 3914, 3948, 3913, 3945, 3940, 3977, 3976, 3980, 4195, 4199, 4201, 4216, 4229, 4232, 4234, 4266, 4269, 4272, 4586, 5343, 5342, 5341, 5366, 5353, 5352, 5375, 5376, 5363, 5358, 5364]",0.045669899991480634,success,,44.735890525236734,49.234740559366045,12.029401390500162,18.014726054893416,44.000000000000014,23.416178372668092
stl_st_louis_downtown_airport_to_st_louis_lambert_2026-03-09_0043,st_louis_downtown_airport_to_st_louis_lambert,St. Louis Downtown Airport to St. Louis Lambert,St. Louis Downtown Airport,St. Louis Lambert International Airport,38.5703611,-90.1550833,38.7486982,-90.3700257,2026-03-09,March 9th - Monday,w_0043,0.0,0.4,0.4,0.2,54,"[2179, 2182, 2184, 2186, 2421, 2205, 2427, 2453, 2456, 2479, 2482, 2483, 2808, 2811, 2813, 2816, 2858, 2863, 2866, 2889, 3896, 3898, 3901, 3902, 3914, 3948, 3913, 3945, 3940, 3977, 3976, 3980, 4195, 4199, 4201, 4216, 4229, 4232, 4234, 4266, 4269, 4272, 4586, 5343, 5342, 5341, 5366, 5353, 5352, 5375, 5376, 5363, 5358, 5364]",0.04678710000007413,success,,45.63917048167798,50.22885856586403,11.677603983272324,17.892399696909937,44.600000000000016,20.748001472072907
stl_st_louis_downtown_airport_to_st_louis_lambert_2026-03-09_0044,st_louis_downtown_airport_to_st_louis_lambert,St. Louis Downtown Airport to St. Louis Lambert,St. Louis Downtown Airport,St. Louis Lambert International Airport,38.5703611,-90.1550833,38.7486982,-90.3700257,2026-03-09,March 9th - Monday,w_0044,0.0,0.4,0.5,0.1,55,"[2179, 2182, 2184, 2186, 2421, 2205, 2427, 2453, 2456, 2479, 2482, 2483, 2487, 2809, 2813, 2816, 2858, 2863, 2866, 2889, 3896, 3898, 3901, 3902, 3914, 3948, 3913, 3945, 3940, 3977, 3978, 3983, 4297, 4202, 4215, 4220, 4223, 4231, 4232, 4234, 4266, 4269, 4272, 4586, 5343, 5365, 5341, 5366, 5353, 5352, 5375, 5376, 5363, 5358, 5364]",0.046921500004827976,success,,45.48722506937042,50.0616328134242,12.809245195222221,16.486842148710608,45.60000000000002,17.927119152444195
stl_st_louis_downtown_airport_to_st_louis_lambert_2026-03-09_0045,st_louis_downtown_airport_to_st_louis_lambert,St. Louis Downtown Airport to St. Louis Lambert,St. Louis Downtown Airport,St. Louis Lambert International Airport,38.5703611,-90.1550833,38.7486982,-90.3700257,2026-03-09,March 9th - Monday,w_0045,0.0,0.4,0.6,0.0,286,"[2179, 2144, 2135, 2134, 2130, 2114, 1925, 1918, 7605, 7600, 7576, 7573, 7567, 7534, 7541, 7538, 7316, 7311, 7483, 7480, 7481, 7471, 7469, 7436, 7434, 7440, 7213, 7212, 7209, 7137, 7132, 7130, 7114, 7317, 7319, 7324, 7127, 7128, 7327, 7126, 7970, 7965, 7968, 7966, 7942, 7929, 7943, 7944, 7952, 7954, 7951, 7953, 8064, 8065, 8066, 8080, 8081, 8082, 8079, 8071, 8057, 8051, 8054, 7982, 7983, 7981, 7984, 7990, 8022, 8025, 8017, 8265, 8271, 8274, 8491, 8489, 8516, 8517, 8511, 8533, 8539, 8559, 8563, 8565, 8600, 8602, 8616, 8619, 8625, 8644, 8636, 8640, 9071, 9067, 9091, 9085, 9097, 9107, 9111, 9134, 9140, 9362, 9365, 9370, 9391, 9395, 9397, 9416, 9422, 9631, 9632, 9653, 9657, 9661, 9681, 9685, 9703, 9707, 9700, 11928, 11924, 11935, 11953, 11955, 11968, 11971, 11982, 11985, 12210, 12212, 12215, 12217, 12237, 12240, 12255, 12257, 12261, 12264, 12592, 12594, 12598, 12599, 12616, 12618, 13350, 13352, 13354, 13359, 13374, 13390, 13392, 13395, 13699, 13701, 13728, 13729, 13633, 13658, 13664, 13678, 13859, 13863, 13882, 13865, 13868, 13869, 13870, 13265, 13234, 13232, 13229, 13212, 13209, 13213, 13208, 13217, 13171, 13172, 13170, 13089, 13092, 13090, 13106, 13109, 13113, 13108, 13117, 13119, 13124, 13291, 13269, 13276, 13274, 13277, 13280, 13279, 13281, 13285, 13283, 13284, 13282, 6470, 6464, 6465, 6463, 6473, 6475, 6478, 6474, 6461, 6460, 6505, 6508, 6490, 6371, 6372, 6484, 6487, 6486, 6488, 6381, 6374, 6378, 6379, 6492, 6496, 6499, 6498, 6273, 6274, 6500, 6281, 6280, 6278, 6277, 6976, 6966, 6965, 6964, 6951, 6947, 6950, 6952, 6984, 6944, 6946, 6987, 6879, 6880, 6881, 6977, 6978, 6979, 6981, 6883, 6882, 6859, 6857, 6764, 6762, 6763, 6765, 6746, 6745, 6733, 6708, 6704, 6701, 6699, 5761, 5758, 5733, 5728, 5726, 5713, 5707, 5698, 5695, 5471, 5647, 5612, 5609, 5605, 5591, 5586, 5364]",0.049742499977583066,success,,224.57918256929145,247.16391378407786,10.461103006115026,15.245821223561236,64.60000000000005,13.331933936582754
stl_st_louis_downtown_airport_to_st_louis_lambert_2026-03-09_0046,st_louis_downtown_airport_to_st_louis_lambert,St. Louis Downtown Airport to St. Louis Lambert,St. Louis Downtown Airport,St. Louis Lambert International Airport,38.5703611,-90.1550833,38.7486982,-90.3700257,2026-03-09,March 9th - Monday,w_0046,0.0,0.5,0.0,0.5,54,"[2179, 2182, 2192, 2418, 2422, 2425, 2427, 2453, 2456, 2479, 2480, 2483, 2808, 2811, 2813, 2833, 2859, 2862, 2864, 2795, 2796, 3899, 3902, 3914, 3948, 3947, 3952, 3940, 3977, 3976, 3941, 4043, 4066, 4067, 4068, 4185, 4187, 4188, 4076, 4075, 4082, 4084, 5080, 5084, 5310, 5311, 5337, 5320, 5322, 5323, 5346, 5357, 5358, 5364]",0.04318750000675209,success,,44.03384803406542,48.46209739727293,9.018797265828733,27.690632477646204,44.20000000000002,26.609398632914374
stl_st_louis_downtown_airport_to_st_louis_lambert_2026-03-09_0047,st_louis_downtown_airport_to_st_louis_lambert,St. Louis Downtown Airport to St. Louis Lambert,St. Louis Downtown Airport,St. Louis Lambert International Airport,38.5703611,-90.1550833,38.7486982,-90.3700257,2026-03-09,March 9th - Monday,w_0047,0.0,0.5,0.1,0.4,54,"[2179, 2182, 2185, 2187, 2419, 2423, 2427, 2453, 2456, 2479, 2482, 2483, 2808, 2811, 2813, 2816, 2858, 2863, 2864, 2795, 2796, 3899, 3902, 3914, 3948, 3913, 3945, 3940, 3977, 3976, 3941, 4043, 4066, 4041, 4044, 4052, 4187, 4188, 4076, 4075, 4082, 4084, 5080, 5084, 5310, 5311, 5337, 5320, 5322, 5323, 5346, 5357, 5358, 5364]",0.044402900006389245,success,,44.04519130641496,48.474581402054454,9.26726309172687,24.11874987273675,44.20000000000002,24.725506533137118
stl_st_louis_downtown_airport_to_st_louis_lambert_2026-03-09_0048,st_louis_downtown_airport_to_st_louis_lambert,St. Louis Downtown Airport to St. Louis Lambert,St. Louis Downtown Airport,St. Louis Lambert International Airport,38.5703611,-90.1550833,38.7486982,-90.3700257,2026-03-09,March 9th - Monday,w_0048,0.0,0.5,0.2,0.3,54,"[2179, 2182, 2184, 2186, 2421, 2205, 2427, 2453, 2456, 2479, 2482, 2483, 2808, 2811, 2813, 2816, 2858, 2863, 2864, 2795, 2796, 3899, 3902, 3914, 3948, 3913, 3945, 3940, 3977, 3976, 3941, 4039, 4038, 4041, 4044, 4052, 4187, 4188, 4076, 4075, 4082, 4084, 5080, 5084, 5310, 5311, 5337, 5320, 5322, 5323, 5346, 5357, 5358, 5364]",0.044985099986661226,success,,44.572558383552895,49.0549829748764,9.638006550075284,22.749494365406555,44.20000000000002,22.628902148118957
stl_st_louis_downtown_airport_to_st_louis_lambert_2026-03-09_0049,st_louis_downtown_airport_to_st_louis_lambert,St. Louis Downtown Airport to St. Louis Lambert,St. Louis Downtown Airport,St. Louis Lambert International Airport,38.5703611,-90.1550833,38.7486982,-90.3700257,2026-03-09,March 9th - Monday,w_0049,0.0,0.5,0.3,0.2,54,"[2179, 2182, 2184, 2186, 2421, 2205, 2427, 2453, 2456, 2479, 2482, 2483, 2808, 2811, 2813, 2816, 2858, 2863, 2866, 2889, 3896, 3898, 3901, 3902, 3914, 3948, 3913, 3945, 3940, 3977, 3976, 3980, 4195, 4199, 4201, 4216, 4229, 4232, 4234, 4266, 4269, 4272, 4586, 5343, 5342, 5341, 5366, 5353, 5352, 5375, 5376, 5363, 5358, 5364]",0.04533570000785403,success,,45.63917048167798,50.22885856586403,11.677603983272324,17.892399696909937,44.600000000000016,20.126521900709143
stl_st_louis_downtown_airport_to_st_louis_lambert_2026-03-09_0050,st_louis_downtown_airport_to_st_louis_lambert,St. Louis Downtown Airport to St. Louis Lambert,St. Louis Downtown Airport,St. Louis Lambert International Airport,38.5703611,-90.1550833,38.7486982,-90.3700257,2026-03-09,March 9th - Monday,w_0050,0.0,0.5,0.4,0.1,280,"[2179, 2144, 2135, 2134, 2130, 2114, 1925, 1918, 7605, 7600, 7576, 7573, 7567, 7534, 7541, 7538, 7316, 7311, 7483, 7480, 7481, 7471, 7469, 7436, 7434, 7440, 7213, 7212, 7209, 7137, 7132, 7130, 7114, 7317, 7319, 7324, 7127, 7128, 7327, 7126, 7970, 7965, 7968, 7966, 7942, 7929, 7943, 7944, 7952, 7954, 7951, 7953, 8064, 8065, 8066, 8080, 8081, 8082, 8079, 8071, 8057, 8051, 8054, 7982, 7983, 7981, 7984, 7990, 8022, 8025, 8017, 8265, 8271, 8274, 8491, 8489, 8516, 8517, 8511, 8533, 8539, 8559, 8563, 8565, 8600, 8602, 8616, 8619, 8625, 8644, 8636, 8640, 9071, 9067, 9091, 9085, 9097, 9107, 9111, 9134, 9140, 9362, 9365, 9370, 9391, 9395, 9397, 9416, 9422, 9631, 9632, 9653, 9657, 9661, 9681, 9685, 9703, 9707, 9700, 11928, 11924, 11935, 11953, 11955, 11968, 11971, 11982, 11985, 12210, 12212, 12215, 12217, 12237, 12240, 12255, 12257, 12261, 12264, 12592, 12594, 12598, 12599, 12616, 12618, 13350, 13352, 13354, 13359, 13374, 13390, 13392, 13395, 13699, 13701, 13728, 13729, 13633, 13658, 13664, 13678, 13859, 13863, 13882, 13865, 13868, 13869, 13870, 13265, 13234, 13232, 13229, 13212, 13209, 13213, 13208, 13217, 13171, 13172, 13170, 13089, 13092, 13090, 13106, 13109, 13113, 13108, 13117, 13119, 13124, 13291, 13269, 13276, 13274, 13277, 13280, 13279, 13281, 13285, 13283, 13284, 13282, 6470, 6464, 6465, 6439, 6445, 6444, 6417, 6415, 6414, 6426, 6428, 6427, 6430, 6341, 6340, 6365, 6352, 6482, 6486, 6488, 6381, 6374, 6378, 6379, 6492, 6496, 6499, 6498, 6273, 6274, 6500, 6281, 6280, 6278, 6277, 6976, 6966, 6965, 6964, 6951, 6947, 6950, 6952, 6984, 6944, 6946, 6987, 6879, 6880, 6881, 6977, 6978, 6872, 6867, 6853, 6828, 6829, 6827, 6717, 6715, 5784, 5783, 5761, 5758, 5733, 5728, 5726, 5713, 5707, 5698, 5695, 5471, 5647, 5612, 5609, 5605, 5591, 5586, 5364]",0.049625599989667535,success,,222.22279349020633,244.5705552166379,8.567759843545154,16.98122418842147,62.40000000000005,17.316369597141172
stl_st_louis_downtown_airport_to_st_louis_lambert_2026-03-09_0051,st_louis_downtown_airport_to_st_louis_lambert,St. Louis Downtown Airport to St. Louis Lambert,St. Louis Downtown Airport,St. Louis Lambert International Airport,38.5703611,-90.1550833,38.7486982,-90.3700257,2026-03-09,March 9th - Monday,w_0051,0.0,0.5,0.5,0.0,288,"[2179, 2144, 2135, 2134, 2130, 2114, 1925, 1918, 7605, 7600, 7576, 7573, 7567, 7534, 7541, 7538, 7316, 7311, 7483, 7480, 7481, 7471, 7469, 7436, 7434, 7440, 7213, 7212, 7209, 7137, 7132, 7130, 7114, 7317, 7319, 7324, 7127, 7128, 7327, 7126, 7970, 7965, 7968, 7966, 7942, 7929, 7943, 7944, 7952, 7954, 7951, 7953, 8064, 8065, 8066, 8080, 8081, 8082, 8079, 8071, 8057, 8051, 8054, 7982, 7983, 7981, 7984, 7990, 8022, 8025, 8017, 8265, 8271, 8274, 8491, 8489, 8516, 8517, 8511, 8533, 8539, 8559, 8563, 8565, 8600, 8602, 8616, 8619, 8625, 8644, 8636, 8640, 9071, 9067, 9091, 9085, 9097, 9107, 9111, 9134, 9140, 9362, 9365, 9370, 9391, 9395, 9397, 9416, 9422, 9631, 9632, 9653, 9657, 9661, 9681, 9685, 9703, 9707, 9700, 11928, 11924, 11935, 11953, 11955, 11968, 11971, 11982, 11985, 12210, 12212, 12215, 12217, 12237, 12240, 12255, 12257, 12261, 12264, 12592, 12594, 12598, 12599, 12616, 12618, 13350, 13352, 13354, 13359, 13374, 13390, 13392, 13395, 13699, 13701, 13728, 13729, 13633, 13658, 13664, 13678, 13859, 13863, 13882, 13865, 13868, 13869, 13870, 13265, 13234, 13232, 13229, 13212, 13209, 13213, 13208, 13217, 13171, 13172, 13170, 13089, 13092, 13090, 13106, 13109, 13113, 13108, 13117, 13119, 13124, 13291, 13269, 13276, 13274, 13277, 13280, 13279, 13281, 13285, 13283, 13284, 13282, 6470, 6464, 6465, 6439, 6445, 6444, 6417, 6415, 6414, 6426, 6428, 6427, 6430, 6341, 6340, 6365, 6352, 6484, 6487, 6486, 6488, 6381, 6374, 6378, 6379, 6492, 6496, 6499, 6498, 6273, 6274, 6500, 6281, 6280, 6278, 6277, 6976, 6966, 6965, 6964, 6951, 6947, 6950, 6952, 6984, 6944, 6946, 6987, 6879, 6880, 6881, 6977, 6978, 6979, 6981, 6883, 6882, 6859, 6857, 6764, 6762, 6763, 6765, 6746, 6745, 6733, 6708, 6704, 6701, 6699, 5761, 5758, 5733, 5728, 5726, 5713, 5707, 5698, 5695, 5471, 5647, 5612, 5609, 5605, 5591, 5586, 5364]",0.04836119999527,success,,226.28244675226992,249.0384661662574,8.631350338973597,16.74403112138245,66.40000000000006,12.687690730178023
stl_st_louis_downtown_airport_to_st_louis_lambert_2026-03-09_0052,st_louis_downtown_airport_to_st_louis_lambert,St. Louis Downtown Airport to St. Louis Lambert,St. Louis Downtown Airport,St. Louis Lambert International Airport,38.5703611,-90.1550833,38.7486982,-90.3700257,2026-03-09,March 9th - Monday,w_0052,0.0,0.6,0.0,0.4,54,"[2179, 2182, 2192, 2418, 2422, 2425, 2427, 2453, 2456, 2479, 2480, 2483, 2808, 2811, 2813, 2833, 2859, 2862, 2864, 2795, 2796, 3899, 3902, 3914, 3948, 3947, 3952, 3940, 3977, 3976, 3941, 4043, 4066, 4067, 4068, 4185, 4187, 4188, 4076, 4075, 4082, 4084, 5080, 5084, 5310, 5311, 5337, 5320, 5322, 5323, 5346, 5357, 5358, 5364]",0.04455180000513792,success,,44.03384803406542,48.46209739727293,9.018797265828733,27.690632477646204,44.20000000000002,23.091278359497245
stl_st_louis_downtown_airport_to_st_louis_lambert_2026-03-09_0053,st_louis_downtown_airport_to_st_louis_lambert,St. Louis Downtown Airport to St. Louis Lambert,St. Louis Downtown Airport,St. Louis Lambert International Airport,38.5703611,-90.1550833,38.7486982,-90.3700257,2026-03-09,March 9th - Monday,w_0053,0.0,0.6,0.1,0.3,54,"[2179, 2182, 2185, 2187, 2419, 2423, 2427, 2453, 2456, 2479, 2482, 2483, 2808, 2811, 2813, 2816, 2858, 2863, 2864, 2795, 2796, 3899, 3902, 3914, 3948, 3913, 3945, 3940, 3977, 3976, 3941, 4043, 4066, 4067, 4068, 4185, 4187, 4188, 4076, 4075, 4082, 4084, 5080, 5084, 5310, 5311, 5337, 5320, 5322, 5323, 5346, 5357, 5358, 5364]",0.0511228000104893,success,,43.511782109102924,47.88753008524157,9.126670223578339,24.879930497781736,44.20000000000002,21.223995183925183
stl_st_louis_downtown_airport_to_st_louis_lambert_2026-03-09_0054,st_louis_downtown_airport_to_st_louis_lambert,St. Louis Downtown Airport to St. Louis Lambert,St. Louis Downtown Airport,St. Louis Lambert International Airport,38.5703611,-90.1550833,38.7486982,-90.3700257,2026-03-09,March 9th - Monday,w_0054,0.0,0.6,0.2,0.2,55,"[2179, 2182, 2184, 2186, 2421, 2205, 2427, 2453, 2456, 2479, 2482, 2483, 2808, 2811, 2813, 2816, 2858, 2863, 2866, 2889, 3896, 3898, 3901, 3902, 3914, 3948, 3913, 3945, 3940, 3977, 3976, 3941, 4039, 4038, 4041, 4044, 4052, 4187, 4188, 4076, 4075, 4082, 4084, 5080, 5084, 5310, 5311, 5337, 5320, 5322, 5323, 5346, 5357, 5358, 5364]",0.044979099999181926,success,,45.47578447280635,50.04904169705067,9.404854599525251,22.465227541102635,44.80000000000002,19.095958267935682
stl_st_louis_downtown_airport_to_st_louis_lambert_2026-03-09_0055,st_louis_downtown_airport_to_st_louis_lambert,St. Louis Downtown Airport to St. Louis Lambert,St. Louis Downtown Airport,St. Louis Lambert International Airport,38.5703611,-90.1550833,38.7486982,-90.3700257,2026-03-09,March 9th - Monday,w_0055,0.0,0.6,0.3,0.1,280,"[2179, 2144, 2135, 2134, 2130, 2114, 1925, 1918, 7605, 7600, 7576, 7573, 7567, 7534, 7541, 7538, 7316, 7311, 7483, 7480, 7481, 7471, 7469, 7436, 7434, 7440, 7213, 7212, 7209, 7137, 7132, 7130, 7114, 7317, 7319, 7324, 7127, 7128, 7327, 7126, 7970, 7965, 7968, 7966, 7942, 7929, 7943, 7944, 7952, 7954, 7951, 7953, 8064, 8065, 8066, 8080, 8081, 8082, 8079, 8071, 8057, 8051, 8054, 7982, 7983, 7981, 7984, 7990, 8022, 8025, 8017, 8265, 8271, 8274, 8491, 8489, 8516, 8517, 8511, 8533, 8539, 8559, 8563, 8565, 8600, 8602, 8616, 8619, 8625, 8644, 8636, 8640, 9071, 9067, 9091, 9085, 9097, 9107, 9111, 9134, 9140, 9362, 9365, 9370, 9391, 9395, 9397, 9416, 9422, 9631, 9632, 9653, 9657, 9661, 9681, 9685, 9703, 9707, 9700, 11928, 11924, 11935, 11953, 11955, 11968, 11971, 11982, 11985, 12210, 12212, 12215, 12217, 12237, 12240, 12255, 12257, 12261, 12264, 12592, 12594, 12598, 12599, 12616, 12618, 13350, 13352, 13354, 13359, 13374, 13390, 13392, 13395, 13699, 13701, 13728, 13729, 13633, 13658, 13664, 13678, 13859, 13863, 13882, 13865, 13868, 13869, 13870, 13265, 13234, 13232, 13229, 13212, 13209, 13213, 13208, 13217, 13171, 13172, 13170, 13089, 13092, 13090, 13106, 13109, 13113, 13108, 13117, 13119, 13124, 13291, 13269, 13276, 13274, 13277, 13280, 13279, 13281, 13285, 13283, 13284, 13282, 6470, 6464, 6465, 6439, 6445, 6444, 6417, 6415, 6414, 6426, 6428, 6427, 6430, 6341, 6340, 6365, 6352, 6482, 6486, 6488, 6381, 6374, 6378, 6379, 6492, 6496, 6499, 6498, 6273, 6274, 6500, 6281, 6280, 6278, 6277, 6976, 6966, 6965, 6964, 6951, 6947, 6950, 6952, 6984, 6944, 6946, 6987, 6879, 6880, 6881, 6977, 6978, 6872, 6867, 6853, 6828, 6829, 6827, 6717, 6715, 5784, 5783, 5761, 5758, 5733, 5728, 5726, 5713, 5707, 5698, 5695, 5471, 5647, 5612, 5608, 5594, 5591, 5586, 5364]",0.04923030000645667,success,,221.69392126961822,243.98849713611258,8.55226515251329,17.007057354049966,62.40000000000005,16.473476297722968
stl_st_louis_downtown_airport_to_st_louis_lambert_2026-03-09_0056,st_louis_downtown_airport_to_st_louis_lambert,St. Louis Downtown Airport to St. Louis Lambert,St. Louis Downtown Airport,St. Louis Lambert International Airport,38.5703611,-90.1550833,38.7486982,-90.3700257,2026-03-09,March 9th - Monday,w_0056,0.0,0.6,0.4,0.0,283,"[2179, 2144, 2135, 2134, 2130, 2114, 1925, 1918, 7605, 7600, 7576, 7573, 7567, 7534, 7541, 7538, 7316, 7311, 7483, 7480, 7481, 7471, 7469, 7436, 7434, 7440, 7213, 7212, 7209, 7137, 7132, 7130, 7114, 7317, 7319, 7324, 7127, 7128, 7327, 7126, 7970, 7965, 7968, 7966, 7942, 7929, 7943, 7944, 7952, 7954, 7951, 7953, 8064, 8065, 8066, 8080, 8081, 8082, 8079, 8071, 8057, 8051, 8054, 7982, 7983, 7981, 7984, 7990, 8022, 8025, 8017, 8265, 8271, 8274, 8491, 8489, 8516, 8517, 8511, 8533, 8539, 8559, 8563, 8565, 8600, 8602, 8616, 8619, 8625, 8644, 8636, 8640, 9071, 9067, 9091, 9085, 9097, 9107, 9111, 9134, 9140, 9362, 9365, 9370, 9391, 9395, 9397, 9416, 9422, 9631, 9632, 9653, 9657, 9661, 9681, 9685, 9703, 9707, 9700, 11928, 11924, 11935, 11953, 11955, 11968, 11971, 11982, 11985, 12210, 12212, 12215, 12217, 12237, 12240, 12255, 12257, 12261, 12264, 12592, 12594, 12598, 12599, 12616, 12618, 13350, 13352, 13354, 13359, 13374, 13390, 13392, 13395, 13699, 13701, 13728, 13729, 13633, 13658, 13664, 13678, 13859, 13863, 13882, 13865, 13868, 13869, 13870, 13265, 13234, 13232, 13229, 13212, 13209, 13213, 13208, 13217, 13171, 13172, 13170, 13089, 13092, 13090, 13106, 13109, 13113, 13108, 13117, 13119, 13124, 13291, 13269, 13276, 13274, 13277, 13280, 13279, 13281, 13285, 13283, 13284, 13282, 6470, 6464, 6465, 6439, 6445, 6444, 6417, 6415, 6414, 6426, 6428, 6427, 6430, 6341, 6340, 6365, 6352, 6484, 6487, 6486, 6488, 6381, 6374, 6378, 6379, 6492, 6496, 6499, 6498, 6273, 6274, 6500, 6281, 6280, 6278, 6277, 6976, 6966, 6965, 6964, 6951, 6947, 6950, 6952, 6984, 6944, 6946, 6987, 6879, 6880, 6881, 6977, 6978, 6872, 6867, 6853, 6828, 6829, 6831, 6735, 6732, 6716, 6712, 5784, 5783, 5761, 5758, 5733, 5728, 5726, 5713, 5707, 5698, 5695, 5471, 5647, 5612, 5609, 5605, 5591, 5586, 5364]",0.04680859998916276,success,,223.88740923150613,246.4025724893844,8.589385400074097,16.804731557756938,65.00000000000006,11.875523863147233
stl_st_louis_downtown_airport_to_st_louis_lambert_2026-03-09_0057,st_louis_downtown_airport_to_st_louis_lambert,St. Louis Downtown Airport to St. Louis Lambert,St. Louis Downtown Airport,St. Louis Lambert International Airport,38.5703611,-90.1550833,38.7486982,-90.3700257,2026-03-09,March 9th - Monday,w_0057,0.0,0.7,0.0,0.3,55,"[2179, 2182, 2192, 2418, 2422, 2425, 2427, 2453, 2456, 2479, 2480, 2483, 2808, 2811, 2813, 2833, 2837, 2861, 2866, 2889, 3896, 3898, 3901, 3927, 3946, 3949, 3953, 3952, 3940, 3977, 3976, 3941, 4043, 4066, 4067, 4068, 4185, 4187, 4188, 4076, 4075, 4082, 4084, 5080, 5084, 5310, 5311, 5337, 5320, 5322, 5323, 5346, 5357, 5358, 5364]",0.04312250000657514,success,,44.94282493851701,49.46248526347363,8.67777235752909,28.38583536157874,44.80000000000002,19.514440650270366
stl_st_louis_downtown_airport_to_st_louis_lambert_2026-03-09_0058,st_louis_downtown_airport_to_st_louis_lambert,St. Louis Downtown Airport to St. Louis Lambert,St. Louis Downtown Airport,St. Louis Lambert International Airport,38.5703611,-90.1550833,38.7486982,-90.3700257,2026-03-09,March 9th - Monday,w_0058,0.0,0.7,0.1,0.2,55,"[2179, 2182, 2185, 2187, 2419, 2423, 2427, 2453, 2456, 2479, 2482, 2483, 2808, 2811, 2813, 2816, 2858, 2863, 2866, 2889, 3896, 3898, 3901, 3927, 3946, 3949, 3953, 3952, 3940, 3977, 3976, 3941, 4043, 4066, 4067, 4068, 4185, 4187, 4188, 4076, 4075, 4082, 4084, 5080, 5084, 5310, 5311, 5337, 5320, 5322, 5323, 5346, 5357, 5358, 5364]",0.04396219999762252,success,,44.41534953128705,48.88196446637978,8.67777235752909,25.954890227933586,44.80000000000002,17.629929673063728
stl_st_louis_downtown_airport_to_st_louis_lambert_2026-03-09_0059,st_louis_downtown_airport_to_st_louis_lambert,St. Louis Downtown Airport to St. Louis Lambert,St. Louis Downtown Airport,St. Louis Lambert International Airport,38.5703611,-90.1550833,38.7486982,-90.3700257,2026-03-09,March 9th - Monday,w_0059,0.0,0.7,0.2,0.1,279,"[2179, 2144, 2135, 2134, 2130, 2114, 1925, 1918, 7605, 7600, 7576, 7573, 7567, 7534, 7541, 7538, 7316, 7311, 7483, 7480, 7481, 7471, 7469, 7436, 7434, 7440, 7213, 7212, 7209, 7137, 7132, 7130, 7114, 7317, 7319, 7324, 7127, 7128, 7327, 7126, 7970, 7965, 7968, 7966, 7942, 7929, 7943, 7944, 7952, 7954, 7951, 7953, 8064, 8065, 8066, 8080, 8081, 8082, 8079, 8071, 8057, 8051, 8054, 7982, 7983, 7981, 7984, 7990, 8022, 8025, 8017, 8265, 8271, 8274, 8491, 8489, 8516, 8517, 8511, 8533, 8539, 8559, 8563, 8565, 8600, 8602, 8616, 8619, 8625, 8644, 8636, 8640, 9071, 9067, 9091, 9085, 9097, 9107, 9111, 9134, 9140, 9362, 9365, 9370, 9391, 9395, 9397, 9416, 9422, 9631, 9632, 9653, 9657, 9661, 9681, 9685, 9703, 9707, 9700, 11928, 11924, 11935, 11953, 11955, 11968, 11971, 11982, 11985, 12210, 12212, 12215, 12217, 12237, 12240, 12255, 12257, 12261, 12264, 12592, 12594, 12598, 12599, 12616, 12618, 13350, 13352, 13354, 13359, 13374, 13390, 13392, 13395, 13699, 13701, 13728, 13729, 13633, 13658, 13664, 13678, 13859, 13863, 13882, 13865, 13868, 13869, 13870, 13265, 13234, 13232, 13229, 13212, 13209, 13213, 13208, 13217, 13171, 13172, 13170, 13089, 13092, 13090, 13106, 13109, 13113, 13108, 13117, 13103, 13097, 13073, 12971, 12968, 12974, 12989, 12999, 13003, 13004, 13036, 13010, 13011, 13008, 6408, 6403, 6405, 6407, 6444, 6417, 6415, 6414, 6426, 6428, 6427, 6430, 6341, 6340, 6365, 6352, 6482, 6486, 6488, 6381, 6374, 6378, 6379, 6492, 6496, 6499, 6498, 6273, 6274, 6500, 6281, 6280, 6278, 6277, 6976, 6966, 6965, 6964, 6969, 6971, 6954, 6952, 6984, 6944, 6946, 6987, 6879, 6880, 6881, 6977, 6978, 6872, 6867, 6853, 6828, 6829, 6827, 6717, 6715, 5784, 5783, 5761, 5758, 5733, 5728, 5726, 5713, 5707, 5698, 5695, 5471, 5647, 5612, 5608, 5594, 5591, 5586, 5364]",0.0481314999924507,success,,223.1575516276617,245.5993169970122,7.7828304156180925,18.692903455398845,62.40000000000005,15.426561982012439
stl_st_louis_downtown_airport_to_st_louis_lambert_2026-03-09_0060,st_louis_downtown_airport_to_st_louis_lambert,St. Louis Downtown Airport to St. Louis Lambert,St. Louis Downtown Airport,St. Louis Lambert International Airport,38.5703611,-90.1550833,38.7486982,-90.3700257,2026-03-09,March 9th - Monday,w_0060,0.0,0.7,0.3,0.0,115,"[2179, 2182, 2184, 2186, 2421, 2205, 2427, 2453, 2456, 2479, 2482, 2483, 2487, 2809, 2813, 2816, 2858, 2863, 2866, 2888, 2892, 2895, 3904, 3925, 3930, 3934, 3958, 3961, 4286, 4289, 4290, 4325, 4337, 4340, 4342, 4365, 4369, 4468, 4474, 4687, 4690, 4716, 4720, 4723, 4747, 4750, 4754, 4780, 4783, 4818, 5911, 5936, 5938, 5965, 5966, 5964, 5974, 6198, 6203, 6239, 6241, 6244, 6251, 6268, 6273, 6274, 6500, 6281, 6280, 6278, 6277, 6976, 6966, 6965, 6964, 6969, 6971, 6954, 6952, 6984, 6944, 6946, 6987, 6879, 6880, 6881, 6977, 6978, 6872, 6867, 6853, 6828, 6829, 6827, 6717, 6715, 5784, 5783, 5761, 5758, 5733, 5728, 5726, 5713, 5707, 5698, 5695, 5471, 5647, 5612, 5608, 5594, 5591, 5586, 5364]",0.04168200001004152,success,,93.22691934918076,102.60225365842473,5.274191725097008,22.76117814552921,82.8000000000001,10.520287651226669
stl_st_louis_downtown_airport_to_st_louis_lambert_2026-03-09_0061,st_louis_downtown_airport_to_st_louis_lambert,St. Louis Downtown Airport to St. Louis Lambert,St. Louis Downtown Airport,St. Louis Lambert International Airport,38.5703611,-90.1550833,38.7486982,-90.3700257,2026-03-09,March 9th - Monday,w_0061,0.0,0.8,0.0,0.2,55,"[2179, 2182, 2192, 2418, 2422, 2425, 2427, 2453, 2456, 2479, 2480, 2483, 2808, 2811, 2813, 2833, 2837, 2861, 2866, 2889, 3896, 3898, 3901, 3927, 3946, 3949, 3953, 3952, 3940, 3977, 3976, 3941, 4043, 4066, 4067, 4068, 4185, 4187, 4188, 4076, 4075, 4082, 4084, 5080, 5084, 5310, 5311, 5337, 5320, 5322, 5323, 5346, 5357, 5358, 5364]",0.044066500006010756,success,,44.94282493851701,49.46248526347363,8.67777235752909,28.38583536157874,44.80000000000002,15.902217886023276
stl_st_louis_downtown_airport_to_st_louis_lambert_2026-03-09_0062,st_louis_downtown_airport_to_st_louis_lambert,St. Louis Downtown Airport to St. Louis Lambert,St. Louis Downtown Airport,St. Louis Lambert International Airport,38.5703611,-90.1550833,38.7486982,-90.3700257,2026-03-09,March 9th - Monday,w_0062,0.0,0.8,0.1,0.1,59,"[2179, 2182, 2185, 2187, 2419, 2423, 2427, 2453, 2456, 2479, 2482, 2483, 2808, 2811, 2813, 2816, 2858, 2863, 2866, 2888, 2892, 2895, 3904, 3925, 3930, 3934, 3958, 3962, 3967, 3954, 3953, 3952, 3940, 3977, 3976, 3941, 4043, 4066, 4067, 4068, 4185, 4187, 4188, 4076, 4075, 4082, 4084, 5080, 5084, 5310, 5311, 5337, 5320, 5322, 5323, 5346, 5357, 5358, 5364]",0.04254149997723289,success,,46.45031170347731,51.121571936346015,8.3104874945489,26.20901872892545,47.200000000000024,13.989291868531668
stl_st_louis_downtown_airport_to_st_louis_lambert_2026-03-09_0063,st_louis_downtown_airport_to_st_louis_lambert,St. Louis Downtown Airport to St. Louis Lambert,St. Louis Downtown Airport,St. Louis Lambert International Airport,38.5703611,-90.1550833,38.7486982,-90.3700257,2026-03-09,March 9th - Monday,w_0063,0.0,0.8,0.2,0.0,115,"[2179, 2182, 2184, 2186, 2421, 2205, 2427, 2453, 2456, 2479, 2482, 2483, 2487, 2809, 2813, 2816, 2858, 2863, 2866, 2888, 2892, 2895, 3904, 3925, 3930, 3934, 3958, 3961, 4286, 4289, 4290, 4325, 4337, 4340, 4342, 4365, 4369, 4468, 4474, 4687, 4690, 4716, 4720, 4723, 4747, 4750, 4754, 4780, 4783, 4818, 5911, 5936, 5938, 5965, 5966, 5964, 5974, 6198, 6203, 6239, 6241, 6244, 6251, 6268, 6273, 6274, 6500, 6281, 6280, 6278, 6277, 6976, 6966, 6965, 6964, 6969, 6971, 6954, 6952, 6984, 6944, 6946, 6987, 6879, 6880, 6881, 6977, 6978, 6872, 6867, 6853, 6828, 6829, 6827, 6717, 6715, 5784, 5783, 5761, 5758, 5733, 5728, 5726, 5713, 5707, 5698, 5695, 5471, 5647, 5612, 5608, 5594, 5591, 5586, 5364]",0.040783200005535036,success,,93.22691934918076,102.60225365842473,5.274191725097008,22.76117814552921,82.8000000000001,8.77158900918345
stl_st_louis_downtown_airport_to_st_louis_lambert_2026-03-09_0064,st_louis_downtown_airport_to_st_louis_lambert,St. Louis Downtown Airport to St. Louis Lambert,St. Louis Downtown Airport,St. Louis Lambert International Airport,38.5703611,-90.1550833,38.7486982,-90.3700257,2026-03-09,March 9th - Monday,w_0064,0.0,0.9,0.0,0.1,59,"[2179, 2182, 2192, 2418, 2422, 2425, 2427, 2453, 2456, 2479, 2480, 2483, 2808, 2811, 2813, 2833, 2837, 2861, 2866, 2888, 2892, 2895, 3904, 3925, 3930, 3934, 3958, 3962, 3974, 3970, 3953, 3952, 3940, 3977, 3976, 3941, 4043, 4066, 4067, 4068, 4185, 4187, 4188, 4076, 4075, 4082, 4084, 5080, 5084, 5310, 5311, 5337, 5320, 5322, 5323, 5346, 5357, 5358, 5364]",0.04369260001112707,success,,47.511436571838324,52.28940847612326,8.293270401426513,29.03246700448216,47.200000000000024,12.183943361283864
stl_st_louis_downtown_airport_to_st_louis_lambert_2026-03-09_0065,st_louis_downtown_airport_to_st_louis_lambert,St. Louis Downtown Airport to St. Louis Lambert,St. Louis Downtown Airport,St. Louis Lambert International Airport,38.5703611,-90.1550833,38.7486982,-90.3700257,2026-03-09,March 9th - Monday,w_0065,0.0,0.9,0.1,0.0,115,"[2179, 2182, 2185, 2187, 2419, 2423, 2427, 2453, 2456, 2479, 2482, 2483, 2487, 2809, 2813, 2816, 2858, 2863, 2866, 2888, 2892, 2895, 3904, 3925, 3930, 3934, 3958, 3961, 4286, 4289, 4290, 4325, 4337, 4340, 4342, 4365, 4369, 4468, 4474, 4687, 4690, 4716, 4720, 4723, 4747, 4750, 4754, 4780, 4783, 4818, 5911, 5936, 5938, 5965, 5966, 5964, 5974, 6198, 6203, 6239, 6241, 6244, 6251, 6268, 6273, 6274, 6500, 6281, 6280, 6278, 6277, 6976, 6966, 6965, 6964, 6969, 6971, 6954, 6952, 6984, 6944, 6946, 6987, 6879, 6880, 6881, 6977, 6978, 6872, 6867, 6853, 6828, 6829, 6827, 6717, 6715, 5784, 5783, 5761, 5758, 5733, 5728, 5726, 5713, 5707, 5698, 5695, 5471, 5647, 5612, 5608, 5594, 5591, 5586, 5364]",0.03889180000987835,success,,92.69939714746563,102.02168136097377,5.198625012280841,23.09085228741785,82.8000000000001,6.987847739794542
stl_st_louis_downtown_airport_to_st_louis_lambert_2026-03-09_0066,st_louis_downtown_airport_to_st_louis_lambert,St. Louis Downtown Airport to St. Louis Lambert,St. Louis Downtown Airport,St. Louis Lambert International Airport,38.5703611,-90.1550833,38.7486982,-90.3700257,2026-03-09,March 9th - Monday,w_0066,0.0,1.0,0.0,0.0,125,"[2179, 2182, 2192, 2418, 2422, 2425, 2427, 2453, 2456, 2479, 2480, 2477, 2503, 2828, 2832, 2835, 2837, 2861, 2866, 2888, 2892, 2895, 3904, 3925, 3930, 3934, 3958, 3962, 4285, 4287, 4291, 4335, 4408, 4339, 4426, 4366, 4434, 4372, 4472, 4688, 4690, 4717, 4708, 4735, 4736, 4740, 4766, 4771, 4772, 4807, 4823, 4824, 4841, 4865, 5967, 5971, 6196, 5974, 6191, 6193, 6225, 6218, 6222, 6220, 6224, 6959, 6962, 6961, 6964, 6969, 6967, 6954, 6952, 6939, 6940, 6943, 6850, 6848, 6849, 6851, 6977, 6871, 6872, 6867, 6853, 6828, 6825, 6823, 6714, 6711, 5781, 5783, 6699, 6701, 6703, 6720, 5774, 6719, 6721, 6624, 5870, 5866, 5842, 5838, 5837, 5821, 5809, 5803, 5791, 5786, 5563, 5558, 5442, 5439, 5414, 5440, 5423, 5448, 5424, 5421, 5426, 5392, 5390, 5359, 5364]",0.037392199999885634,success,,102.57895021630785,112.89476841648991,4.632823901975517,51.64688604320014,95.20000000000009,4.632823901975517
stl_st_louis_downtown_airport_to_st_louis_lambert_2026-03-09_0067,st_louis_downtown_airport_to_st_louis_lambert,St. Louis Downtown Airport to St. Louis Lambert,St. Louis Downtown Airport,St. Louis Lambert International Airport,38.5703611,-90.1550833,38.7486982,-90.3700257,2026-03-09,March 9th - Monday,w_0067,0.1,0.0,0.0,0.9,40,"[2179, 2147, 2172, 2176, 2200, 2204, 2317, 2340, 2346, 2371, 2391, 2395, 2708, 2713, 2738, 2741, 2745, 2747, 2684, 2687, 3987, 3990, 4016, 4017, 4022, 4029, 4034, 4060, 4064, 5048, 5052, 5076, 5082, 5299, 5304, 5319, 5321, 5357, 5358, 5364]",0.05110169999534264,success,,35.06847425714207,38.5951237717998,26.02381511715049,17.37501008770346,33.400000000000006,33.919512377179984
stl_st_louis_downtown_airport_to_st_louis_lambert_2026-03-09_0068,st_louis_downtown_airport_to_st_louis_lambert,St. Louis Downtown Airport to St. Louis Lambert,St. Louis Downtown Airport,St. Louis Lambert International Airport,38.5703611,-90.1550833,38.7486982,-90.3700257,2026-03-09,March 9th - Monday,w_0068,0.1,0.0,0.1,0.8,40,"[2179, 2180, 2174, 2199, 2203, 2207, 2341, 2344, 2368, 2374, 2394, 2397, 2708, 2713, 2738, 2741, 2745, 2747, 2684, 2687, 3987, 3990, 4016, 4017, 4022, 4029, 4034, 4060, 4064, 5048, 5052, 5076, 5082, 5299, 5304, 5319, 5321, 5357, 5358, 5364]",0.0511170000245329,success,,35.068901024242656,38.595593456592695,26.02381511715049,16.308605660057136,33.400000000000006,32.210419911664985
stl_st_louis_downtown_airport_to_st_louis_lambert_2026-03-09_0069,st_louis_downtown_airport_to_st_louis_lambert,St. Louis Downtown Airport to St. Louis Lambert,St. Louis Downtown Airport,St. Louis Lambert International Airport,38.5703611,-90.1550833,38.7486982,-90.3700257,2026-03-09,March 9th - Monday,w_0069,0.1,0.0,0.2,0.7,40,"[2179, 2180, 2174, 2199, 2203, 2207, 2341, 2344, 2368, 2374, 2394, 2397, 2708, 2713, 2738, 2741, 2745, 2747, 2684, 2687, 3987, 3990, 4016, 4017, 4022, 4029, 4034, 4060, 4064, 5048, 5052, 5076, 5082, 5299, 5304, 5319, 5321, 5357, 5358, 5364]",0.05188579999958165,success,,35.068901024242656,38.595593456592695,26.02381511715049,16.308605660057136,33.400000000000006,30.501280477670697
stl_st_louis_downtown_airport_to_st_louis_lambert_2026-03-09_0070,st_louis_downtown_airport_to_st_louis_lambert,St. Louis Downtown Airport to St. Louis Lambert,St. Louis Downtown Airport,St. Louis Lambert International Airport,38.5703611,-90.1550833,38.7486982,-90.3700257,2026-03-09,March 9th - Monday,w_0070,0.1,0.0,0.3,0.6,41,"[2179, 2180, 2174, 2199, 2203, 2207, 2341, 2344, 2368, 2374, 2394, 2397, 2712, 2714, 2750, 2744, 2770, 2772, 2777, 3989, 3993, 4006, 4008, 4021, 4045, 4047, 4058, 4062, 4077, 4079, 5077, 5081, 5083, 5306, 5303, 5318, 5323, 5321, 5357, 5358, 5364]",0.052013999986229464,success,,35.445569252782064,39.01014120095092,24.462470730578612,12.744666408656366,34.400000000000006,28.364414042692005
stl_st_louis_downtown_airport_to_st_louis_lambert_2026-03-09_0071,st_louis_downtown_airport_to_st_louis_lambert,St. Louis Downtown Airport to St. Louis Lambert,St. Louis Downtown Airport,St. Louis Lambert International Airport,38.5703611,-90.1550833,38.7486982,-90.3700257,2026-03-09,March 9th - Monday,w_0071,0.1,0.0,0.4,0.5,41,"[2179, 2180, 2174, 2199, 2203, 2207, 2341, 2344, 2368, 2374, 2394, 2397, 2712, 2714, 2750, 2744, 2770, 2772, 2777, 3989, 3993, 4006, 4008, 4021, 4045, 4047, 4058, 4062, 4077, 4079, 5077, 5081, 5083, 5306, 5303, 5318, 5323, 5321, 5357, 5358, 5364]",0.053172700019786134,success,,35.445569252782064,39.01014120095092,24.462470730578612,12.744666408656366,34.400000000000006,26.19888068355764
stl_st_louis_downtown_airport_to_st_louis_lambert_2026-03-09_0072,st_louis_downtown_airport_to_st_louis_lambert,St. Louis Downtown Airport to St. Louis Lambert,St. Louis Downtown Airport,St. Louis Lambert International Airport,38.5703611,-90.1550833,38.7486982,-90.3700257,2026-03-09,March 9th - Monday,w_0072,0.1,0.0,0.5,0.4,41,"[2179, 2180, 2174, 2199, 2203, 2207, 2341, 2344, 2368, 2374, 2394, 2397, 2712, 2714, 2750, 2744, 2770, 2772, 2777, 3989, 3993, 4006, 4008, 4021, 4045, 4047, 4058, 4062, 4077, 4079, 5077, 5081, 5083, 5306, 5303, 5318, 5323, 5321, 5357, 5358, 5364]",0.05065620000823401,success,,35.445569252782064,39.01014120095092,24.462470730578612,12.744666408656366,34.400000000000006,24.03334732442328
stl_st_louis_downtown_airport_to_st_louis_lambert_2026-03-09_0073,st_louis_downtown_airport_to_st_louis_lambert,St. Louis Downtown Airport to St. Louis Lambert,St. Louis Downtown Airport,St. Louis Lambert International Airport,38.5703611,-90.1550833,38.7486982,-90.3700257,2026-03-09,March 9th - Monday,w_0073,0.1,0.0,0.6,0.3,41,"[2179, 2180, 2174, 2199, 2203, 2207, 2341, 2344, 2368, 2374, 2394, 2397, 2712, 2714, 2750, 2744, 2770, 2772, 2777, 3989, 3993, 4006, 4008, 4021, 4045, 4047, 4058, 4062, 4077, 4079, 5077, 5081, 5083, 5306, 5303, 5318, 5323, 5321, 5357, 5358, 5364]",0.05115549999754876,success,,35.445569252782064,39.01014120095092,24.462470730578612,12.744666408656366,34.400000000000006,21.867813965288914
stl_st_louis_downtown_airport_to_st_louis_lambert_2026-03-09_0074,st_louis_downtown_airport_to_st_louis_lambert,St. Louis Downtown Airport to St. Louis Lambert,St. Louis Downtown Airport,St. Louis Lambert International Airport,38.5703611,-90.1550833,38.7486982,-90.3700257,2026-03-09,March 9th - Monday,w_0074,0.1,0.0,0.7,0.2,47,"[2179, 2147, 2172, 2174, 2199, 2203, 2207, 2341, 2344, 2368, 2374, 2394, 2397, 2712, 2714, 2750, 2744, 2768, 2774, 2772, 2773, 2684, 2682, 2685, 2686, 2703, 2705, 2707, 4004, 4027, 4032, 4031, 5025, 5031, 5046, 5047, 5054, 5071, 5296, 5301, 5315, 5318, 5323, 5321, 5357, 5358, 5364]",0.053040600003441796,success,,38.22317158203639,42.06707218974573,28.75478845035637,10.583192243250188,39.20000000000001,19.45494178924971
stl_st_louis_downtown_airport_to_st_louis_lambert_2026-03-09_0075,st_louis_downtown_airport_to_st_louis_lambert,St. Louis Downtown Airport to St. Louis Lambert,St. Louis Downtown Airport,St. Louis Lambert International Airport,38.5703611,-90.1550833,38.7486982,-90.3700257,2026-03-09,March 9th - Monday,w_0075,0.1,0.0,0.8,0.1,49,"[2179, 2147, 2172, 2174, 2199, 2203, 2207, 2341, 2340, 2342, 2347, 2366, 2389, 2392, 2708, 2712, 2714, 2750, 2744, 2768, 2774, 2772, 2773, 2684, 2682, 2685, 2686, 2703, 2705, 2707, 4004, 4027, 4032, 4031, 5025, 5031, 5046, 5047, 5054, 5071, 5296, 5301, 5315, 5318, 5323, 5321, 5357, 5358, 5364]",0.0482303999888245,success,,38.97265660620439,42.891928927474574,30.75478845035637,10.210511767262764,40.80000000000001,16.53760230655767
stl_st_louis_downtown_airport_to_st_louis_lambert_2026-03-09_0076,st_louis_downtown_airport_to_st_louis_lambert,St. Louis Downtown Airport to St. Louis Lambert,St. Louis Downtown Airport,St. Louis Lambert International Airport,38.5703611,-90.1550833,38.7486982,-90.3700257,2026-03-09,March 9th - Monday,w_0076,0.1,0.0,0.9,0.0,67,"[2179, 2147, 2172, 2174, 2199, 2203, 2207, 2341, 2316, 2338, 2315, 2328, 2330, 2329, 2333, 2350, 2349, 2327, 2353, 3265, 3266, 3270, 3259, 3260, 3258, 3257, 3246, 3244, 3243, 3245, 3417, 3413, 3418, 3419, 3445, 3449, 3469, 3482, 3485, 3489, 3488, 3500, 3714, 3715, 3644, 3649, 3673, 3677, 3680, 4987, 4989, 4992, 5016, 5017, 5022, 4964, 5188, 5192, 5216, 5286, 5291, 5325, 5329, 5331, 5357, 5358, 5364]",0.04069269998581149,success,,51.54590407777567,56.72960087238195,42.899381872746105,8.071139301915476,53.60000000000004,12.936985458962123
stl_st_louis_downtown_airport_to_st_louis_lambert_2026-03-09_0077,st_louis_downtown_airport_to_st_louis_lambert,St. Louis Downtown Airport to St. Louis Lambert,St. Louis Downtown Airport,St. Louis Lambert International Airport,38.5703611,-90.1550833,38.7486982,-90.3700257,2026-03-09,March 9th - Monday,w_0077,0.1,0.1,0.0,0.8,40,"[2179, 2180, 2174, 2199, 2203, 2207, 2341, 2344, 2368, 2374, 2394, 2397, 2712, 2716, 2739, 2746, 2769, 2773, 3985, 3988, 3992, 3994, 4019, 4017, 4022, 4029, 4034, 4060, 4064, 5048, 5052, 5076, 5082, 5299, 5304, 5319, 5321, 5357, 5358, 5364]",0.05603100001462735,success,,35.06932923764436,38.59606473313351,24.787572976016946,17.335924860773844,33.400000000000006,33.05836377091505
stl_st_louis_downtown_airport_to_st_louis_lambert_2026-03-09_0078,st_louis_downtown_airport_to_st_louis_lambert,St. Louis Downtown Airport to St. Louis Lambert,St. Louis Downtown Airport,St. Louis Lambert International Airport,38.5703611,-90.1550833,38.7486982,-90.3700257,2026-03-09,March 9th - Monday,w_0078,0.1,0.1,0.1,0.7,40,"[2179, 2180, 2174, 2199, 2203, 2207, 2341, 2344, 2368, 2374, 2394, 2397, 2712, 2716, 2739, 2746, 2769, 2773, 3985, 3988, 3987, 3990, 4016, 4017, 4022, 4029, 4034, 4060, 4064, 5048, 5052, 5076, 5082, 5299, 5304, 5319, 5321, 5357, 5358, 5364]",0.05164680001325905,success,,35.06921230855894,38.59593604511329,25.05959051055676,17.05376686832281,33.400000000000006,31.450929342399288
stl_st_louis_downtown_airport_to_st_louis_lambert_2026-03-09_0079,st_louis_downtown_airport_to_st_louis_lambert,St. Louis Downtown Airport to St. Louis Lambert,St. Louis Downtown Airport,St. Louis Lambert International Airport,38.5703611,-90.1550833,38.7486982,-90.3700257,2026-03-09,March 9th - Monday,w_0079,0.1,0.1,0.2,0.6,41,"[2179, 2180, 2174, 2199, 2203, 2207, 2341, 2344, 2368, 2374, 2394, 2397, 2712, 2714, 2750, 2744, 2770, 2772, 2777, 3989, 3993, 4006, 4008, 4021, 4045, 4047, 4058, 4062, 4077, 4079, 5077, 5081, 5083, 5306, 5303, 5318, 5323, 5321, 5357, 5358, 5364]",0.05073360001551919,success,,35.445569252782064,39.01014120095092,24.462470730578612,12.744666408656366,34.400000000000006,29.536194474884233
stl_st_louis_downtown_airport_to_st_louis_lambert_2026-03-09_0080,st_louis_downtown_airport_to_st_louis_lambert,St. Louis Downtown Airport to St. Louis Lambert,St. Louis Downtown Airport,St. Louis Lambert International Airport,38.5703611,-90.1550833,38.7486982,-90.3700257,2026-03-09,March 9th - Monday,w_0080,0.1,0.1,0.3,0.5,41,"[2179, 2180, 2174, 2199, 2203, 2207, 2341, 2344, 2368, 2374, 2394, 2397, 2712, 2714, 2750, 2744, 2770, 2772, 2777, 3989, 3993, 4006, 4008, 4021, 4045, 4047, 4058, 4062, 4077, 4079, 5077, 5081, 5083, 5306, 5303, 5318, 5323, 5321, 5357, 5358, 5364]",0.05087720000301488,success,,35.445569252782064,39.01014120095092,24.462470730578612,12.744666408656366,34.400000000000006,27.37066111574987
stl_st_louis_downtown_airport_to_st_louis_lambert_2026-03-09_0081,st_louis_downtown_airport_to_st_louis_lambert,St. Louis Downtown Airport to St. Louis Lambert,St. Louis Downtown Airport,St. Louis Lambert International Airport,38.5703611,-90.1550833,38.7486982,-90.3700257,2026-03-09,March 9th - Monday,w_0081,0.1,0.1,0.4,0.4,41,"[2179, 2180, 2174, 2199, 2203, 2207, 2341, 2344, 2368, 2374, 2394, 2397, 2712, 2714, 2750, 2744, 2770, 2772, 2777, 3989, 3993, 4006, 4008, 4021, 4045, 4047, 4058, 4062, 4077, 4079, 5077, 5081, 5083, 5306, 5303, 5318, 5323, 5321, 5357, 5358, 5364]",0.05177280001225881,success,,35.445569252782064,39.01014120095092,24.462470730578612,12.744666408656366,34.400000000000006,25.205127756615504
stl_st_louis_downtown_airport_to_st_louis_lambert_2026-03-09_0082,st_louis_downtown_airport_to_st_louis_lambert,St. Louis Downtown Airport to St. Louis Lambert,St. Louis Downtown Airport,St. Louis Lambert International Airport,38.5703611,-90.1550833,38.7486982,-90.3700257,2026-03-09,March 9th - Monday,w_0082,0.1,0.1,0.5,0.3,41,"[2179, 2180, 2174, 2199, 2203, 2207, 2341, 2344, 2368, 2374, 2394, 2397, 2712, 2714, 2750, 2744, 2770, 2772, 2777, 3989, 3993, 4006, 4008, 4021, 4045, 4047, 4058, 4062, 4077, 4079, 5077, 5081, 5083, 5306, 5303, 5318, 5323, 5321, 5357, 5358, 5364]",0.05094149999786168,success,,35.445569252782064,39.01014120095092,24.462470730578612,12.744666408656366,34.400000000000006,23.03959439748114
stl_st_louis_downtown_airport_to_st_louis_lambert_2026-03-09_0083,st_louis_downtown_airport_to_st_louis_lambert,St. Louis Downtown Airport to St. Louis Lambert,St. Louis Downtown Airport,St. Louis Lambert International Airport,38.5703611,-90.1550833,38.7486982,-90.3700257,2026-03-09,March 9th - Monday,w_0083,0.1,0.1,0.6,0.2,42,"[2179, 2147, 2172, 2174, 2199, 2203, 2207, 2341, 2344, 2368, 2374, 2394, 2397, 2712, 2714, 2750, 2744, 2770, 2772, 2777, 3989, 3993, 4006, 4008, 4021, 4045, 4047, 4058, 4062, 4077, 4079, 5077, 5081, 5083, 5306, 5303, 5318, 5323, 5321, 5357, 5358, 5364]",0.052175199991324916,success,,35.82020566880418,39.42245280423809,24.5122316454921,12.238499636103192,35.400000000000006,20.816568226634935
stl_st_louis_downtown_airport_to_st_louis_lambert_2026-03-09_0084,st_louis_downtown_airport_to_st_louis_lambert,St. Louis Downtown Airport to St. Louis Lambert,St. Louis Downtown Airport,St. Louis Lambert International Airport,38.5703611,-90.1550833,38.7486982,-90.3700257,2026-03-09,March 9th - Monday,w_0084,0.1,0.1,0.7,0.1,46,"[2179, 2147, 2172, 2174, 2199, 2203, 2207, 2341, 2344, 2368, 2374, 2394, 2397, 2712, 2714, 2750, 2744, 2770, 2772, 2773, 2684, 2682, 2683, 2686, 2703, 2705, 2707, 4004, 4027, 4032, 4031, 5025, 5031, 5046, 5049, 5054, 5071, 5296, 5300, 5303, 5318, 5323, 5321, 5357, 5358, 5364]",0.050427299982402474,success,,37.84804732487089,41.65422368573193,26.91533817428773,10.94081666960285,38.60000000000001,18.375527854723963
stl_st_louis_downtown_airport_to_st_louis_lambert_2026-03-09_0085,st_louis_downtown_airport_to_st_louis_lambert,St. Louis Downtown Airport to St. Louis Lambert,St. Louis Downtown Airport,St. Louis Lambert International Airport,38.5703611,-90.1550833,38.7486982,-90.3700257,2026-03-09,March 9th - Monday,w_0085,0.1,0.1,0.8,0.0,53,"[2179, 2147, 2172, 2174, 2199, 2203, 2207, 2341, 2316, 2338, 2315, 2328, 2330, 2329, 2333, 2350, 2349, 2327, 2353, 3265, 3266, 3270, 3292, 3295, 3298, 2628, 2651, 2655, 2636, 2673, 2677, 2700, 2701, 2704, 3999, 4002, 4026, 4031, 5025, 5031, 5046, 5049, 5054, 5071, 5296, 5300, 5303, 5318, 5323, 5321, 5357, 5358, 5364]",0.04518619997543283,success,,42.58975408149119,46.872778613996836,29.31153761313411,9.859960871971676,44.00000000000002,15.506400320290435
stl_st_louis_downtown_airport_to_st_louis_lambert_2026-03-09_0086,st_louis_downtown_airport_to_st_louis_lambert,St. Louis Downtown Airport to St. Louis Lambert,St. Louis Downtown Airport,St. Louis Lambert International Airport,38.5703611,-90.1550833,38.7486982,-90.3700257,2026-03-09,March 9th - Monday,w_0086,0.1,0.2,0.0,0.7,40,"[2179, 2180, 2174, 2199, 2203, 2207, 2341, 2344, 2368, 2374, 2394, 2397, 2712, 2716, 2739, 2746, 2769, 2773, 3985, 3988, 3992, 3994, 4019, 4020, 4023, 4055, 4059, 4063, 4078, 5051, 5075, 5079, 5306, 5303, 5318, 5323, 5346, 5357, 5358, 5364]",0.05189939998672344,success,,35.06987633323177,38.59666684720769,23.21199613097869,16.19626633787932,33.8,32.1620659109165
stl_st_louis_downtown_airport_to_st_louis_lambert_2026-03-09_0087,st_louis_downtown_airport_to_st_louis_lambert,St. Louis Downtown Airport to St. Louis Lambert,St. Louis Downtown Airport,St. Louis Lambert International Airport,38.5703611,-90.1550833,38.7486982,-90.3700257,2026-03-09,March 9th - Monday,w_0087,0.1,0.2,0.1,0.6,40,"[2179, 2180, 2174, 2199, 2203, 2207, 2341, 2344, 2368, 2374, 2394, 2397, 2712, 2716, 2739, 2746, 2769, 2773, 3985, 3988, 3992, 3994, 4019, 4020, 4023, 4055, 4059, 4063, 4078, 5051, 5075, 5079, 5306, 5303, 5318, 5323, 5346, 5357, 5358, 5364]",0.05170809998526238,success,,35.06987633323177,38.59666684720769,23.21199613097869,16.19626633787932,33.8,30.40169254470444
stl_st_louis_downtown_airport_to_st_louis_lambert_2026-03-09_0088,st_louis_downtown_airport_to_st_louis_lambert,St. Louis Downtown Airport to St. Louis Lambert,St. Louis Downtown Airport,St. Louis Lambert International Airport,38.5703611,-90.1550833,38.7486982,-90.3700257,2026-03-09,March 9th - Monday,w_0088,0.1,0.2,0.2,0.5,41,"[2179, 2180, 2174, 2199, 2203, 2207, 2341, 2344, 2368, 2374, 2394, 2397, 2711, 2714, 2750, 2744, 2770, 2772, 2777, 3989, 3993, 4006, 4008, 4021, 4045, 4047, 4058, 4062, 4077, 4079, 5077, 5081, 5083, 5306, 5303, 5318, 5323, 5346, 5357, 5358, 5364]",0.050735400000121444,success,,35.445621882417974,39.010199123268755,23.435018864316554,13.344040171748633,34.400000000000006,28.456831719539917
stl_st_louis_downtown_airport_to_st_louis_lambert_2026-03-09_0089,st_louis_downtown_airport_to_st_louis_lambert,St. Louis Downtown Airport to St. Louis Lambert,St. Louis Downtown Airport,St. Louis Lambert International Airport,38.5703611,-90.1550833,38.7486982,-90.3700257,2026-03-09,March 9th - Monday,w_0089,0.1,0.2,0.3,0.4,41,"[2179, 2180, 2174, 2199, 2203, 2207, 2341, 2344, 2368, 2374, 2394, 2397, 2711, 2714, 2750, 2744, 2770, 2772, 2777, 3989, 3993, 4006, 4008, 4021, 4045, 4047, 4058, 4062, 4077, 4079, 5077, 5081, 5083, 5306, 5303, 5318, 5323, 5346, 5357, 5358, 5364]",0.05017149998457171,success,,35.445621882417974,39.010199123268755,23.435018864316554,13.344040171748633,34.400000000000006,26.351235736714777
stl_st_louis_downtown_airport_to_st_louis_lambert_2026-03-09_0090,st_louis_downtown_airport_to_st_louis_lambert,St. Louis Downtown Airport to St. Louis Lambert,St. Louis Downtown Airport,St. Louis Lambert International Airport,38.5703611,-90.1550833,38.7486982,-90.3700257,2026-03-09,March 9th - Monday,w_0090,0.1,0.2,0.4,0.3,41,"[2179, 2180, 2174, 2199, 2203, 2207, 2341, 2344, 2368, 2374, 2394, 2397, 2712, 2714, 2750, 2744, 2770, 2772, 2777, 3989, 3993, 4006, 4008, 4021, 4045, 4047, 4058, 4062, 4077, 4079, 5077, 5081, 5083, 5306, 5303, 5318, 5323, 5321, 5357, 5358, 5364]",0.04909939999924973,success,,35.445569252782064,39.01014120095092,24.462470730578612,12.744666408656366,34.400000000000006,24.21137482967336
stl_st_louis_downtown_airport_to_st_louis_lambert_2026-03-09_0091,st_louis_downtown_airport_to_st_louis_lambert,St. Louis Downtown Airport to St. Louis Lambert,St. Louis Downtown Airport,St. Louis Lambert International Airport,38.5703611,-90.1550833,38.7486982,-90.3700257,2026-03-09,March 9th - Monday,w_0091,0.1,0.2,0.5,0.2,42,"[2179, 2147, 2172, 2174, 2199, 2203, 2207, 2341, 2344, 2368, 2374, 2394, 2397, 2712, 2714, 2750, 2744, 2770, 2772, 2777, 3989, 3993, 4006, 4008, 4021, 4045, 4047, 4058, 4062, 4077, 4079, 5077, 5081, 5083, 5306, 5303, 5318, 5323, 5321, 5357, 5358, 5364]",0.04961030001868494,success,,35.82020566880418,39.42245280423809,24.5122316454921,12.238499636103192,35.400000000000006,22.043941427573827
stl_st_louis_downtown_airport_to_st_louis_lambert_2026-03-09_0092,st_louis_downtown_airport_to_st_louis_lambert,St. Louis Downtown Airport to St. Louis Lambert,St. Louis Downtown Airport,St. Louis Lambert International Airport,38.5703611,-90.1550833,38.7486982,-90.3700257,2026-03-09,March 9th - Monday,w_0092,0.1,0.2,0.6,0.1,42,"[2179, 2147, 2172, 2174, 2199, 2203, 2207, 2341, 2344, 2368, 2374, 2394, 2397, 2712, 2714, 2750, 2744, 2770, 2772, 2777, 3989, 3993, 4006, 4008, 4021, 4045, 4047, 4058, 4062, 4077, 4079, 5077, 5081, 5083, 5306, 5303, 5318, 5323, 5321, 5357, 5358, 5364]",0.0520810000016354,success,,35.82020566880418,39.42245280423809,24.5122316454921,12.238499636103192,35.400000000000006,19.727791391184148
stl_st_louis_downtown_airport_to_st_louis_lambert_2026-03-09_0093,st_louis_downtown_airport_to_st_louis_lambert,St. Louis Downtown Airport to St. Louis Lambert,St. Louis Downtown Airport,St. Louis Lambert International Airport,38.5703611,-90.1550833,38.7486982,-90.3700257,2026-03-09,March 9th - Monday,w_0093,0.1,0.2,0.7,0.0,46,"[2179, 2147, 2172, 2174, 2199, 2203, 2207, 2341, 2340, 2342, 2347, 2366, 2389, 2392, 2396, 2720, 2721, 2727, 2742, 2743, 2681, 2682, 2683, 2686, 2703, 2705, 2707, 4004, 4027, 4032, 4031, 5025, 5031, 5046, 5049, 5054, 5071, 5296, 5300, 5303, 5318, 5323, 5321, 5357, 5358, 5364]",0.04909139999654144,success,,37.84696494720309,41.65303245911198,26.44597355576551,11.032051351378827,39.00000000000001,17.17693390302948
stl_st_louis_downtown_airport_to_st_louis_lambert_2026-03-09_0094,st_louis_downtown_airport_to_st_louis_lambert,St. Louis Downtown Airport to St. Louis Lambert,St. Louis Downtown Airport,St. Louis Lambert International Airport,38.5703611,-90.1550833,38.7486982,-90.3700257,2026-03-09,March 9th - Monday,w_0094,0.1,0.3,0.0,0.6,41,"[2179, 2180, 2174, 2199, 2203, 2207, 2341, 2345, 2370, 2373, 2398, 2709, 2711, 2714, 2750, 2744, 2770, 2772, 2777, 3989, 3993, 4006, 4008, 4021, 4045, 4047, 4058, 4062, 4077, 4079, 5077, 5081, 5083, 5308, 5316, 5322, 5323, 5346, 5357, 5358, 5364]",0.05197619998943992,success,,35.44580648998812,39.01040229583813,21.248540131475806,16.973160311713325,34.400000000000006,30.915602269026557
stl_st_louis_downtown_airport_to_st_louis_lambert_2026-03-09_0095,st_louis_downtown_airport_to_st_louis_lambert,St. Louis Downtown Airport to St. Louis Lambert,St. Louis Downtown Airport,St. Louis Lambert International Airport,38.5703611,-90.1550833,38.7486982,-90.3700257,2026-03-09,March 9th - Monday,w_0095,0.1,0.3,0.1,0.5,41,"[2179, 2180, 2174, 2199, 2203, 2207, 2341, 2344, 2368, 2374, 2398, 2709, 2711, 2714, 2750, 2744, 2770, 2772, 2777, 3989, 3993, 4006, 4008, 4021, 4045, 4047, 4058, 4062, 4077, 4079, 5077, 5081, 5083, 5308, 5316, 5322, 5323, 5346, 5357, 5358, 5364]",0.05125160000170581,success,,35.44576618687472,39.01035793965546,21.38361219710798,16.20830636682576,34.400000000000006,29.13695008978052
stl_st_louis_downtown_airport_to_st_louis_lambert_2026-03-09_0096,st_louis_downtown_airport_to_st_louis_lambert,St. Louis Downtown Airport to St. Louis Lambert,St. Louis Downtown Airport,St. Louis Lambert International Airport,38.5703611,-90.1550833,38.7486982,-90.3700257,2026-03-09,March 9th - Monday,w_0096,0.1,0.3,0.2,0.4,41,"[2179, 2180, 2174, 2199, 2203, 2207, 2341, 2344, 2368, 2374, 2398, 2709, 2711, 2714, 2750, 2744, 2770, 2772, 2777, 3989, 3993, 4006, 4008, 4021, 4045, 4047, 4058, 4062, 4077, 4079, 5077, 5081, 5083, 5308, 5316, 5322, 5323, 5346, 5357, 5358, 5364]",0.049760300025809556,success,,35.44576618687472,39.01035793965546,21.38361219710798,16.20830636682576,34.400000000000006,27.317780726463095
stl_st_louis_downtown_airport_to_st_louis_lambert_2026-03-09_0097,st_louis_downtown_airport_to_st_louis_lambert,St. Louis Downtown Airport to St. Louis Lambert,St. Louis Downtown Airport,St. Louis Lambert International Airport,38.5703611,-90.1550833,38.7486982,-90.3700257,2026-03-09,March 9th - Monday,w_0097,0.1,0.3,0.3,0.3,41,"[2179, 2180, 2174, 2199, 2203, 2207, 2341, 2344, 2368, 2374, 2394, 2397, 2711, 2714, 2750, 2744, 2770, 2772, 2777, 3989, 3993, 4006, 4008, 4021, 4045, 4047, 4058, 4062, 4077, 4079, 5077, 5081, 5083, 5306, 5303, 5318, 5323, 5346, 5357, 5358, 5364]",0.054338399990228936,success,,35.445621882417974,39.010199123268755,23.435018864316554,13.344040171748633,34.400000000000006,25.254737623146433
stl_st_louis_downtown_airport_to_st_louis_lambert_2026-03-09_0098,st_louis_downtown_airport_to_st_louis_lambert,St. Louis Downtown Airport to St. Louis Lambert,St. Louis Downtown Airport,St. Louis Lambert International Airport,38.5703611,-90.1550833,38.7486982,-90.3700257,2026-03-09,March 9th - Monday,w_0098,0.1,0.3,0.4,0.2,41,"[2179, 2180, 2174, 2199, 2203, 2207, 2341, 2344, 2368, 2374, 2394, 2397, 2711, 2714, 2750, 2744, 2770, 2772, 2777, 3989, 3993, 4006, 4008, 4021, 4045, 4047, 4058, 4062, 4077, 4079, 5077, 5081, 5083, 5306, 5303, 5318, 5323, 5346, 5357, 5358, 5364]",0.052363499999046326,success,,35.445621882417974,39.010199123268755,23.435018864316554,13.344040171748633,34.400000000000006,23.149141640321297
stl_st_louis_downtown_airport_to_st_louis_lambert_2026-03-09_0099,st_louis_downtown_airport_to_st_louis_lambert,St. Louis Downtown Airport to St. Louis Lambert,St. Louis Downtown Airport,St. Louis Lambert International Airport,38.5703611,-90.1550833,38.7486982,-90.3700257,2026-03-09,March 9th - Monday,w_0099,0.1,0.3,0.5,0.1,42,"[2179, 2147, 2172, 2174, 2199, 2203, 2207, 2341, 2344, 2368, 2374, 2394, 2397, 2711, 2714, 2750, 2744, 2770, 2772, 2777, 3989, 3993, 4006, 4008, 4021, 4045, 4047, 4058, 4062, 4077, 4079, 5077, 5081, 5083, 5306, 5303, 5318, 5323, 5346, 5357, 5358, 5364]",0.05072869997820817,success,,35.820258298440095,39.422510726555934,23.484779779230042,12.83787339919546,35.400000000000006,20.946621706022334
stl_st_louis_downtown_airport_to_st_louis_lambert_2026-03-09_0100,st_louis_downtown_airport_to_st_louis_lambert,St. Louis Downtown Airport to St. Louis Lambert,St. Louis Downtown Airport,St. Louis Lambert International Airport,38.5703611,-90.1550833,38.7486982,-90.3700257,2026-03-09,March 9th - Monday,w_0100,0.1,0.3,0.6,0.0,57,"[2179, 2181, 2184, 2186, 2421, 2205, 2448, 2453, 2456, 2479, 2482, 2483, 2487, 2809, 2813, 2816, 2858, 2863, 2864, 2889, 2892, 2895, 3904, 3925, 3930, 3934, 3957, 3965, 3954, 3969, 3971, 4296, 4300, 4316, 4304, 4219, 4224, 4222, 4223, 4231, 4232, 4234, 4266, 4269, 4272, 4586, 5368, 5371, 5373, 5369, 5353, 5352, 5375, 5376, 5363, 5358, 5364]",0.047954200010281056,success,,43.5890405109287,47.972557952693506,15.142405694260598,14.602290091274341,47.20000000000002,18.101351558312132
stl_st_louis_downtown_airport_to_st_louis_lambert_2026-03-09_0101,st_louis_downtown_airport_to_st_louis_lambert,St. Louis Downtown Airport to St. Louis Lambert,St. Louis Downtown Airport,St. Louis Lambert International Airport,38.5703611,-90.1550833,38.7486982,-90.3700257,2026-03-09,March 9th - Monday,w_0101,0.1,0.4,0.0,0.5,43,"[2179, 2180, 2174, 2199, 2203, 2207, 2341, 2345, 2370, 2373, 2398, 2709, 2711, 2714, 2750, 2744, 2770, 2772, 2777, 3989, 3993, 4006, 4008, 4021, 4045, 4047, 4058, 4062, 4077, 4082, 4084, 5080, 5084, 5310, 5311, 5337, 5320, 5322, 5323, 5346, 5357, 5358, 5364]",0.05135090000112541,success,,36.197024617572914,39.83716642595565,17.31210242086407,20.84777907646774,36.400000000000006,29.108557610941197
stl_st_louis_downtown_airport_to_st_louis_lambert_2026-03-09_0102,st_louis_downtown_airport_to_st_louis_lambert,St. Louis Downtown Airport to St. Louis Lambert,St. Louis Downtown Airport,St. Louis Lambert International Airport,38.5703611,-90.1550833,38.7486982,-90.3700257,2026-03-09,March 9th - Monday,w_0102,0.1,0.4,0.1,0.4,43,"[2179, 2180, 2174, 2199, 2203, 2207, 2341, 2344, 2368, 2374, 2398, 2709, 2711, 2714, 2750, 2744, 2770, 2772, 2777, 3989, 3993, 4006, 4008, 4021, 4045, 4047, 4058, 4062, 4077, 4082, 4084, 5080, 5084, 5310, 5311, 5337, 5320, 5322, 5323, 5346, 5357, 5358, 5364]",0.04971680001472123,success,,36.19698431445951,39.83712206977298,17.44717448649624,20.082925131580172,36.400000000000006,27.530874514733814
stl_st_louis_downtown_airport_to_st_louis_lambert_2026-03-09_0103,st_louis_downtown_airport_to_st_louis_lambert,St. Louis Downtown Airport to St. Louis Lambert,St. Louis Downtown Airport,St. Louis Lambert International Airport,38.5703611,-90.1550833,38.7486982,-90.3700257,2026-03-09,March 9th - Monday,w_0103,0.1,0.4,0.2,0.3,43,"[2179, 2180, 2174, 2199, 2203, 2207, 2341, 2344, 2368, 2374, 2398, 2709, 2711, 2714, 2750, 2744, 2770, 2772, 2777, 3989, 3993, 4006, 4008, 4021, 4045, 4047, 4058, 4062, 4077, 4082, 4084, 5080, 5084, 5310, 5311, 5337, 5320, 5322, 5323, 5346, 5357, 5358, 5364]",0.050089399999706075,success,,36.19698431445951,39.83712206977298,17.44717448649624,20.082925131580172,36.400000000000006,25.89916702789183
stl_st_louis_downtown_airport_to_st_louis_lambert_2026-03-09_0104,st_louis_downtown_airport_to_st_louis_lambert,St. Louis Downtown Airport to St. Louis Lambert,St. Louis Downtown Airport,St. Louis Lambert International Airport,38.5703611,-90.1550833,38.7486982,-90.3700257,2026-03-09,March 9th - Monday,w_0104,0.1,0.4,0.3,0.2,53,"[2179, 2181, 2184, 2186, 2421, 2205, 2448, 2453, 2456, 2479, 2482, 2483, 2487, 2809, 2813, 2816, 2858, 2863, 2790, 2793, 2797, 3897, 3909, 3914, 3948, 3913, 3945, 3940, 3977, 3976, 3980, 4195, 4199, 4201, 4216, 4229, 4232, 4234, 4266, 4269, 4272, 4586, 5343, 5342, 5341, 5366, 5353, 5352, 5375, 5376, 5588, 5362, 5364]",0.05090610001934692,success,,42.619165931135306,46.90514825657236,12.029401390500162,18.05175985097794,44.40000000000002,23.79780333715069
stl_st_louis_downtown_airport_to_st_louis_lambert_2026-03-09_0105,st_louis_downtown_airport_to_st_louis_lambert,St. Louis Downtown Airport to St. Louis Lambert,St. Louis Downtown Airport,St. Louis Lambert International Airport,38.5703611,-90.1550833,38.7486982,-90.3700257,2026-03-09,March 9th - Monday,w_0105,0.1,0.4,0.4,0.1,54,"[2179, 2181, 2184, 2186, 2421, 2205, 2448, 2453, 2456, 2479, 2482, 2483, 2487, 2809, 2813, 2816, 2858, 2863, 2864, 2889, 3896, 3898, 3901, 3902, 3914, 3948, 3913, 3945, 3940, 3977, 3976, 3980, 4195, 4199, 4201, 4216, 4229, 4232, 4234, 4266, 4269, 4272, 4586, 5343, 5342, 5341, 5366, 5353, 5352, 5375, 5376, 5363, 5358, 5364]",0.050880700000561774,success,,43.528353818535955,47.9057683231526,11.677603983272324,17.826008346765967,45.000000000000014,21.092021764330575
stl_st_louis_downtown_airport_to_st_louis_lambert_2026-03-09_0106,st_louis_downtown_airport_to_st_louis_lambert,St. Louis Downtown Airport to St. Louis Lambert,St. Louis Downtown Airport,St. Louis Lambert International Airport,38.5703611,-90.1550833,38.7486982,-90.3700257,2026-03-09,March 9th - Monday,w_0106,0.1,0.4,0.5,0.0,57,"[2179, 2181, 2184, 2186, 2421, 2205, 2448, 2453, 2456, 2479, 2482, 2483, 2487, 2809, 2813, 2816, 2858, 2863, 2864, 2889, 2892, 2895, 3904, 3925, 3930, 3934, 3957, 3965, 3954, 3969, 3971, 4296, 4300, 4316, 4304, 4219, 4224, 4222, 4223, 4231, 4232, 4234, 4266, 4269, 4272, 4586, 5343, 5365, 5341, 5366, 5353, 5352, 5375, 5376, 5363, 5358, 5364]",0.04722119998768903,success,,44.122643062956264,48.55982206887494,13.336987292728208,15.921049600268208,47.20000000000002,18.15130192411288
stl_st_louis_downtown_airport_to_st_louis_lambert_2026-03-09_0107,st_louis_downtown_airport_to_st_louis_lambert,St. Louis Downtown Airport to St. Louis Lambert,St. Louis Downtown Airport,St. Louis Lambert International Airport,38.5703611,-90.1550833,38.7486982,-90.3700257,2026-03-09,March 9th - Monday,w_0107,0.1,0.5,0.0,0.4,54,"[2179, 2180, 2183, 2186, 2419, 2423, 2448, 2452, 2454, 2457, 2481, 2485, 2808, 2811, 2812, 2816, 2858, 2863, 2864, 2795, 2796, 3899, 3902, 3914, 3948, 3947, 3952, 3940, 3977, 3976, 3941, 4043, 4066, 4067, 4068, 4185, 4187, 4188, 4076, 4075, 4082, 4084, 5080, 5084, 5310, 5311, 5337, 5320, 5322, 5323, 5346, 5357, 5358, 5364]",0.052685100003145635,success,,41.922986936307204,46.13895825139281,9.018797265828733,29.59490306330576,44.20000000000002,26.803294458053653
stl_st_louis_downtown_airport_to_st_louis_lambert_2026-03-09_0108,st_louis_downtown_airport_to_st_louis_lambert,St. Louis Downtown Airport to St. Louis Lambert,St. Louis Downtown Airport,St. Louis Lambert International Airport,38.5703611,-90.1550833,38.7486982,-90.3700257,2026-03-09,March 9th - Monday,w_0108,0.1,0.5,0.1,0.3,54,"[2179, 2181, 2184, 2186, 2419, 2423, 2448, 2453, 2456, 2479, 2482, 2483, 2808, 2811, 2813, 2816, 2858, 2863, 2864, 2795, 2796, 3899, 3902, 3914, 3948, 3947, 3952, 3940, 3977, 3976, 3941, 4043, 4066, 4067, 4068, 4185, 4187, 4188, 4076, 4075, 4082, 4084, 5080, 5084, 5310, 5311, 5337, 5320, 5322, 5323, 5346, 5357, 5358, 5364]",0.05341580000822432,success,,42.45096463084917,46.72003184815605,9.018797265828733,25.561324985288305,44.20000000000002,24.997534316258808
stl_st_louis_downtown_airport_to_st_louis_lambert_2026-03-09_0109,st_louis_downtown_airport_to_st_louis_lambert,St. Louis Downtown Airport to St. Louis Lambert,St. Louis Downtown Airport,St. Louis Lambert International Airport,38.5703611,-90.1550833,38.7486982,-90.3700257,2026-03-09,March 9th - Monday,w_0109,0.1,0.5,0.2,0.2,54,"[2179, 2181, 2184, 2186, 2421, 2205, 2448, 2453, 2456, 2479, 2482, 2483, 2487, 2809, 2813, 2816, 2858, 2863, 2864, 2795, 2796, 3899, 3902, 3914, 3948, 3947, 3945, 3940, 3977, 3976, 3941, 4043, 4042, 4041, 4044, 4052, 4187, 4188, 4076, 4075, 4082, 4084, 5080, 5084, 5310, 5311, 5337, 5320, 5322, 5323, 5346, 5357, 5358, 5364]",0.050957600004039705,success,,41.92292338787617,46.138888312234826,9.490418177309161,23.35580203253188,44.60000000000002,22.950258326384446
stl_st_louis_downtown_airport_to_st_louis_lambert_2026-03-09_0110,st_louis_downtown_airport_to_st_louis_lambert,St. Louis Downtown Airport to St. Louis Lambert,St. Louis Downtown Airport,St. Louis Lambert International Airport,38.5703611,-90.1550833,38.7486982,-90.3700257,2026-03-09,March 9th - Monday,w_0110,0.1,0.5,0.3,0.1,54,"[2179, 2181, 2184, 2186, 2421, 2205, 2448, 2453, 2456, 2479, 2482, 2483, 2487, 2809, 2813, 2816, 2858, 2863, 2864, 2889, 3896, 3898, 3901, 3902, 3914, 3948, 3913, 3945, 3940, 3977, 3976, 3980, 4195, 4199, 4201, 4216, 4229, 4232, 4234, 4266, 4269, 4272, 4586, 5343, 5342, 5341, 5366, 5353, 5352, 5375, 5376, 5588, 5362, 5364]",0.04784129999461584,success,,42.994466859755015,47.31819119894669,11.677603983272324,18.00809146550914,45.000000000000014,20.473048551183574
stl_st_louis_downtown_airport_to_st_louis_lambert_2026-03-09_0111,st_louis_downtown_airport_to_st_louis_lambert,St. Louis Downtown Airport to St. Louis Lambert,St. Louis Downtown Airport,St. Louis Lambert International Airport,38.5703611,-90.1550833,38.7486982,-90.3700257,2026-03-09,March 9th - Monday,w_0111,0.1,0.5,0.4,0.0,57,"[2179, 2181, 2184, 2186, 2421, 2205, 2448, 2453, 2456, 2479, 2482, 2483, 2487, 2809, 2813, 2816, 2858, 2863, 2864, 2889, 2892, 2895, 3904, 3925, 3930, 3934, 3957, 3965, 3954, 3969, 3971, 4296, 4298, 4299, 4301, 4217, 4221, 4222, 4223, 4231, 4232, 4234, 4266, 4269, 4272, 4586, 5343, 5342, 5341, 5366, 5353, 5352, 5375, 5376, 5363, 5358, 5364]",0.04395510000176728,success,,44.122367088648495,48.559518341302194,11.888057960777505,17.240885360648395,47.20000000000002,17.69633495877833
stl_st_louis_downtown_airport_to_st_louis_lambert_2026-03-09_0112,st_louis_downtown_airport_to_st_louis_lambert,St. Louis Downtown Airport to St. Louis Lambert,St. Louis Downtown Airport,St. Louis Lambert International Airport,38.5703611,-90.1550833,38.7486982,-90.3700257,2026-03-09,March 9th - Monday,w_0112,0.1,0.6,0.0,0.3,54,"[2179, 2180, 2183, 2186, 2419, 2423, 2448, 2452, 2454, 2457, 2481, 2485, 2808, 2811, 2812, 2816, 2858, 2863, 2864, 2795, 2796, 3899, 3902, 3914, 3948, 3947, 3952, 3940, 3977, 3976, 3941, 4043, 4066, 4067, 4068, 4185, 4187, 4188, 4076, 4075, 4082, 4084, 5080, 5084, 5310, 5311, 5337, 5320, 5322, 5323, 5346, 5357, 5358, 5364]",0.04988700000103563,success,,41.922986936307204,46.13895825139281,9.018797265828733,29.59490306330576,44.20000000000002,23.285174184636524
stl_st_louis_downtown_airport_to_st_louis_lambert_2026-03-09_0113,st_louis_downtown_airport_to_st_louis_lambert,St. Louis Downtown Airport to St. Louis Lambert,St. Louis Downtown Airport,St. Louis Lambert International Airport,38.5703611,-90.1550833,38.7486982,-90.3700257,2026-03-09,March 9th - Monday,w_0113,0.1,0.6,0.1,0.2,54,"[2179, 2181, 2184, 2186, 2419, 2423, 2448, 2453, 2456, 2479, 2482, 2483, 2808, 2811, 2813, 2816, 2858, 2863, 2864, 2795, 2796, 3899, 3902, 3914, 3948, 3947, 3952, 3940, 3977, 3976, 3941, 4043, 4066, 4067, 4068, 4185, 4187, 4188, 4076, 4075, 4082, 4084, 5080, 5084, 5310, 5311, 5337, 5320, 5322, 5323, 5346, 5357, 5358, 5364]",0.0474928000185173,success,,42.45096463084917,46.72003184815605,9.018797265828733,25.561324985288305,44.20000000000002,21.479414042841675
stl_st_louis_downtown_airport_to_st_louis_lambert_2026-03-09_0114,st_louis_downtown_airport_to_st_louis_lambert,St. Louis Downtown Airport to St. Louis Lambert,St. Louis Downtown Airport,St. Louis Lambert International Airport,38.5703611,-90.1550833,38.7486982,-90.3700257,2026-03-09,March 9th - Monday,w_0114,0.1,0.6,0.2,0.1,55,"[2179, 2181, 2184, 2186, 2421, 2205, 2448, 2453, 2456, 2479, 2482, 2483, 2487, 2809, 2813, 2816, 2858, 2863, 2864, 2889, 3896, 3898, 3901, 3902, 3914, 3948, 3947, 3945, 3940, 3977, 3976, 3941, 4043, 4042, 4041, 4044, 4052, 4187, 4188, 4076, 4075, 4082, 4084, 5080, 5084, 5310, 5311, 5337, 5320, 5322, 5323, 5346, 5357, 5358, 5364]",0.04298830000334419,success,,42.29815695808185,46.551857122318516,9.257266226759127,23.150193180742637,45.20000000000002,19.35958408443586
stl_st_louis_downtown_airport_to_st_louis_lambert_2026-03-09_0115,st_louis_downtown_airport_to_st_louis_lambert,St. Louis Downtown Airport to St. Louis Lambert,St. Louis Downtown Airport,St. Louis Lambert International Airport,38.5703611,-90.1550833,38.7486982,-90.3700257,2026-03-09,March 9th - Monday,w_0115,0.1,0.6,0.3,0.0,55,"[2179, 2181, 2184, 2186, 2421, 2205, 2448, 2453, 2456, 2479, 2482, 2483, 2487, 2809, 2813, 2816, 2858, 2863, 2864, 2889, 3896, 3898, 3901, 3902, 3914, 3948, 3913, 3945, 3940, 3977, 3976, 3941, 4039, 4038, 4041, 4044, 4052, 4187, 4188, 4076, 4075, 4082, 4084, 5080, 5084, 5310, 5311, 5337, 5320, 5322, 5323, 5346, 5357, 5358, 5364]",0.04106520002824254,success,,43.36496780966434,47.72595145433925,9.404854599525251,22.398836190958665,45.20000000000002,17.135158762436674
stl_st_louis_downtown_airport_to_st_louis_lambert_2026-03-09_0116,st_louis_downtown_airport_to_st_louis_lambert,St. Louis Downtown Airport to St. Louis Lambert,St. Louis Downtown Airport,St. Louis Lambert International Airport,38.5703611,-90.1550833,38.7486982,-90.3700257,2026-03-09,March 9th - Monday,w_0116,0.1,0.7,0.0,0.2,55,"[2179, 2180, 2183, 2186, 2419, 2423, 2448, 2452, 2454, 2457, 2481, 2485, 2808, 2811, 2812, 2816, 2858, 2863, 2864, 2889, 3896, 3898, 3901, 3927, 3946, 3949, 3953, 3966, 3944, 3977, 3976, 3941, 4043, 4066, 4067, 4068, 4185, 4187, 4188, 4076, 4075, 4082, 4084, 5080, 5084, 5310, 5311, 5337, 5320, 5322, 5323, 5346, 5357, 5358, 5364]",0.043887400010135025,success,,42.29849336979702,46.55222736516655,8.67777235752909,30.360902746485312,44.80000000000002,19.68966338678702
stl_st_louis_downtown_airport_to_st_louis_lambert_2026-03-09_0117,st_louis_downtown_airport_to_st_louis_lambert,St. Louis Downtown Airport to St. Louis Lambert,St. Louis Downtown Airport,St. Louis Lambert International Airport,38.5703611,-90.1550833,38.7486982,-90.3700257,2026-03-09,March 9th - Monday,w_0117,0.1,0.7,0.1,0.1,55,"[2179, 2181, 2184, 2186, 2419, 2423, 2448, 2453, 2456, 2479, 2482, 2483, 2487, 2809, 2813, 2816, 2858, 2863, 2864, 2889, 3896, 3898, 3901, 3902, 3914, 3948, 3947, 3952, 3940, 3977, 3976, 3941, 4043, 4066, 4067, 4068, 4185, 4187, 4188, 4076, 4075, 4082, 4084, 5080, 5084, 5310, 5311, 5337, 5320, 5322, 5323, 5346, 5357, 5358, 5364]",0.038081099977716804,success,,42.29837881681064,46.552101292196994,8.785645315278698,25.210666810840415,45.20000000000002,17.846228530998832
stl_st_louis_downtown_airport_to_st_louis_lambert_2026-03-09_0118,st_louis_downtown_airport_to_st_louis_lambert,St. Louis Downtown Airport to St. Louis Lambert,St. Louis Downtown Airport,St. Louis Lambert International Airport,38.5703611,-90.1550833,38.7486982,-90.3700257,2026-03-09,March 9th - Monday,w_0118,0.1,0.7,0.2,0.0,55,"[2179, 2181, 2184, 2186, 2421, 2205, 2448, 2453, 2456, 2479, 2482, 2483, 2487, 2809, 2813, 2816, 2858, 2863, 2864, 2889, 3896, 3898, 3901, 3902, 3914, 3948, 3947, 3945, 3940, 3977, 3976, 3941, 4043, 4042, 4041, 4044, 4052, 4187, 4188, 4076, 4075, 4082, 4084, 5080, 5084, 5310, 5311, 5337, 5320, 5322, 5323, 5346, 5357, 5358, 5364]",0.03721049998421222,success,,42.29815695808185,46.551857122318516,9.257266226759127,23.150193180742637,45.20000000000002,15.765310707111766
stl_st_louis_downtown_airport_to_st_louis_lambert_2026-03-09_0119,st_louis_downtown_airport_to_st_louis_lambert,St. Louis Downtown Airport to St. Louis Lambert,St. Louis Downtown Airport,St. Louis Lambert International Airport,38.5703611,-90.1550833,38.7486982,-90.3700257,2026-03-09,March 9th - Monday,w_0119,0.1,0.8,0.0,0.1,55,"[2179, 2180, 2183, 2186, 2419, 2423, 2448, 2452, 2455, 2478, 2482, 2483, 2487, 2811, 2812, 2816, 2858, 2863, 2864, 2889, 3896, 3898, 3901, 3927, 3946, 3949, 3953, 3966, 3944, 3977, 3976, 3941, 4043, 4066, 4067, 4068, 4185, 4187, 4188, 4076, 4075, 4082, 4084, 5080, 5084, 5310, 5311, 5337, 5320, 5322, 5323, 5346, 5357, 5358, 5364]",0.03074919999926351,success,,41.77074742931658,45.971408828735385,8.67777235752909,28.986304738290702,45.20000000000002,16.059358768896814
stl_st_louis_downtown_airport_to_st_louis_lambert_2026-03-09_0120,st_louis_downtown_airport_to_st_louis_lambert,St. Louis Downtown Airport to St. Louis Lambert,St. Louis Downtown Airport,St. Louis Lambert International Airport,38.5703611,-90.1550833,38.7486982,-90.3700257,2026-03-09,March 9th - Monday,w_0120,0.1,0.8,0.1,0.0,57,"[2179, 2181, 2184, 2186, 2419, 2423, 2448, 2453, 2456, 2479, 2482, 2483, 2487, 2809, 2813, 2816, 2858, 2863, 2864, 2889, 2892, 2895, 3904, 3925, 3929, 3955, 3965, 3954, 3953, 3966, 3944, 3977, 3976, 3941, 4043, 4066, 4067, 4068, 4185, 4187, 4188, 4076, 4075, 4082, 4084, 5080, 5084, 5310, 5311, 5337, 5320, 5322, 5323, 5346, 5357, 5358, 5364]",0.0292397000011988,success,,43.04938391795363,47.37863097293904,8.484946538909544,26.447120887065797,46.40000000000002,14.170532417128118
stl_st_louis_downtown_airport_to_st_louis_lambert_2026-03-09_0121,st_louis_downtown_airport_to_st_louis_lambert,St. Louis Downtown Airport to St. Louis Lambert,St. Louis Downtown Airport,St. Louis Lambert International Airport,38.5703611,-90.1550833,38.7486982,-90.3700257,2026-03-09,March 9th - Monday,w_0121,0.1,0.9,0.0,0.0,59,"[2179, 2180, 2183, 2186, 2419, 2423, 2448, 2452, 2455, 2478, 2482, 2483, 2487, 2811, 2812, 2816, 2858, 2863, 2864, 2889, 2892, 2895, 3904, 3925, 3930, 3934, 3958, 3962, 3967, 3954, 3953, 3966, 3944, 3977, 3976, 3941, 4043, 4066, 4067, 4068, 4185, 4187, 4188, 4076, 4075, 4082, 4084, 5080, 5084, 5310, 5311, 5337, 5320, 5322, 5323, 5346, 5357, 5358, 5364]",0.025812800013227388,success,,43.80569615290962,48.211001497650656,8.3104874945489,29.24043323928257,47.60000000000002,12.300538894859075
stl_st_louis_downtown_airport_to_st_louis_lambert_2026-03-09_0122,st_louis_downtown_airport_to_st_louis_lambert,St. Louis Downtown Airport to St. Louis Lambert,St. Louis Downtown Airport,St. Louis Lambert International Airport,38.5703611,-90.1550833,38.7486982,-90.3700257,2026-03-09,March 9th - Monday,w_0122,0.2,0.0,0.0,0.8,40,"[2179, 2147, 2172, 2176, 2200, 2204, 2317, 2340, 2346, 2371, 2391, 2395, 2708, 2713, 2738, 2741, 2745, 2747, 2684, 2687, 3987, 3990, 4016, 4017, 4022, 4029, 4034, 4060, 4064, 5048, 5052, 5076, 5082, 5299, 5304, 5319, 5321, 5357, 5358, 5364]",0.04287520001525991,success,,35.06847425714207,38.5951237717998,26.02381511715049,17.37501008770346,33.400000000000006,34.43902475435996
stl_st_louis_downtown_airport_to_st_louis_lambert_2026-03-09_0123,st_louis_downtown_airport_to_st_louis_lambert,St. Louis Downtown Airport to St. Louis Lambert,St. Louis Downtown Airport,St. Louis Lambert International Airport,38.5703611,-90.1550833,38.7486982,-90.3700257,2026-03-09,March 9th - Monday,w_0123,0.2,0.0,0.1,0.7,40,"[2179, 2180, 2174, 2199, 2203, 2207, 2341, 2344, 2368, 2374, 2394, 2397, 2708, 2713, 2738, 2741, 2745, 2747, 2684, 2687, 3987, 3990, 4016, 4017, 4022, 4029, 4034, 4060, 4064, 5048, 5052, 5076, 5082, 5299, 5304, 5319, 5321, 5357, 5358, 5364]",0.04262849999940954,success,,35.068901024242656,38.595593456592695,26.02381511715049,16.308605660057136,33.400000000000006,32.72997925732426
stl_st_louis_downtown_airport_to_st_louis_lambert_2026-03-09_0124,st_louis_downtown_airport_to_st_louis_lambert,St. Louis Downtown Airport to St. Louis Lambert,St. Louis Downtown Airport,St. Louis Lambert International Airport,38.5703611,-90.1550833,38.7486982,-90.3700257,2026-03-09,March 9th - Monday,w_0124,0.2,0.0,0.2,0.6,41,"[2179, 2180, 2174, 2199, 2203, 2207, 2341, 2344, 2368, 2374, 2394, 2397, 2712, 2714, 2750, 2744, 2770, 2772, 2777, 3989, 3993, 4006, 4008, 4021, 4045, 4047, 4058, 4062, 4077, 4079, 5077, 5081, 5083, 5306, 5303, 5318, 5323, 5321, 5357, 5358, 5364]",0.039703099988400936,success,,35.445569252782064,39.01014120095092,24.462470730578612,12.744666408656366,34.400000000000006,30.990961521921463
stl_st_louis_downtown_airport_to_st_louis_lambert_2026-03-09_0125,st_louis_downtown_airport_to_st_louis_lambert,St. Louis Downtown Airport to St. Louis Lambert,St. Louis Downtown Airport,St. Louis Lambert International Airport,38.5703611,-90.1550833,38.7486982,-90.3700257,2026-03-09,March 9th - Monday,w_0125,0.2,0.0,0.3,0.5,41,"[2179, 2180, 2174, 2199, 2203, 2207, 2341, 2344, 2368, 2374, 2394, 2397, 2712, 2714, 2750, 2744, 2770, 2772, 2777, 3989, 3993, 4006, 4008, 4021, 4045, 4047, 4058, 4062, 4077, 4079, 5077, 5081, 5083, 5306, 5303, 5318, 5323, 5321, 5357, 5358, 5364]",0.038549099990632385,success,,35.445569252782064,39.01014120095092,24.462470730578612,12.744666408656366,34.400000000000006,28.825428162787098
stl_st_louis_downtown_airport_to_st_louis_lambert_2026-03-09_0126,st_louis_downtown_airport_to_st_louis_lambert,St. Louis Downtown Airport to St. Louis Lambert,St. Louis Downtown Airport,St. Louis Lambert International Airport,38.5703611,-90.1550833,38.7486982,-90.3700257,2026-03-09,March 9th - Monday,w_0126,0.2,0.0,0.4,0.4,41,"[2179, 2180, 2174, 2199, 2203, 2207, 2341, 2344, 2368, 2374, 2394, 2397, 2712, 2714, 2750, 2744, 2770, 2772, 2777, 3989, 3993, 4006, 4008, 4021, 4045, 4047, 4058, 4062, 4077, 4079, 5077, 5081, 5083, 5306, 5303, 5318, 5323, 5321, 5357, 5358, 5364]",0.03586710002855398,success,,35.445569252782064,39.01014120095092,24.462470730578612,12.744666408656366,34.400000000000006,26.659894803652733
stl_st_louis_downtown_airport_to_st_louis_lambert_2026-03-09_0127,st_louis_downtown_airport_to_st_louis_lambert,St. Louis Downtown Airport to St. Louis Lambert,St. Louis Downtown Airport,St. Louis Lambert International Airport,38.5703611,-90.1550833,38.7486982,-90.3700257,2026-03-09,March 9th - Monday,w_0127,0.2,0.0,0.5,0.3,41,"[2179, 2180, 2174, 2199, 2203, 2207, 2341, 2344, 2368, 2374, 2394, 2397, 2712, 2714, 2750, 2744, 2770, 2772, 2777, 3989, 3993, 4006, 4008, 4021, 4045, 4047, 4058, 4062, 4077, 4079, 5077, 5081, 5083, 5306, 5303, 5318, 5323, 5321, 5357, 5358, 5364]",0.03274090000195429,success,,35.445569252782064,39.01014120095092,24.462470730578612,12.744666408656366,34.400000000000006,24.49436144451837
stl_st_louis_downtown_airport_to_st_louis_lambert_2026-03-09_0128,st_louis_downtown_airport_to_st_louis_lambert,St. Louis Downtown Airport to St. Louis Lambert,St. Louis Downtown Airport,St. Louis Lambert International Airport,38.5703611,-90.1550833,38.7486982,-90.3700257,2026-03-09,March 9th - Monday,w_0128,0.2,0.0,0.6,0.2,42,"[2179, 2147, 2172, 2174, 2199, 2203, 2207, 2341, 2344, 2368, 2374, 2394, 2397, 2712, 2714, 2750, 2744, 2770, 2772, 2777, 3989, 3993, 4006, 4008, 4021, 4045, 4047, 4058, 4062, 4077, 4079, 5077, 5081, 5083, 5306, 5303, 5318, 5323, 5321, 5357, 5358, 5364]",0.029084200010402128,success,,35.82020566880418,39.42245280423809,24.5122316454921,12.238499636103192,35.400000000000006,22.307590342509535
stl_st_louis_downtown_airport_to_st_louis_lambert_2026-03-09_0129,st_louis_downtown_airport_to_st_louis_lambert,St. Louis Downtown Airport to St. Louis Lambert,St. Louis Downtown Airport,St. Louis Lambert International Airport,38.5703611,-90.1550833,38.7486982,-90.3700257,2026-03-09,March 9th - Monday,w_0129,0.2,0.0,0.7,0.1,47,"[2179, 2147, 2172, 2174, 2199, 2203, 2207, 2341, 2344, 2368, 2374, 2394, 2397, 2712, 2714, 2750, 2744, 2768, 2774, 2772, 2773, 2684, 2682, 2685, 2686, 2703, 2705, 2707, 4004, 4027, 4032, 4031, 5025, 5031, 5046, 5047, 5054, 5071, 5296, 5301, 5315, 5318, 5323, 5321, 5357, 5358, 5364]",0.025715900002978742,success,,38.22317158203639,42.06707218974573,28.75478845035637,10.583192243250188,39.20000000000001,19.74164900822428
stl_st_louis_downtown_airport_to_st_louis_lambert_2026-03-09_0130,st_louis_downtown_airport_to_st_louis_lambert,St. Louis Downtown Airport to St. Louis Lambert,St. Louis Downtown Airport,St. Louis Lambert International Airport,38.5703611,-90.1550833,38.7486982,-90.3700257,2026-03-09,March 9th - Monday,w_0130,0.2,0.0,0.8,0.0,49,"[2179, 2147, 2172, 2174, 2199, 2203, 2207, 2341, 2340, 2342, 2347, 2366, 2389, 2392, 2708, 2712, 2714, 2750, 2744, 2768, 2774, 2772, 2773, 2684, 2682, 2685, 2686, 2703, 2705, 2707, 4004, 4027, 4032, 4031, 5025, 5031, 5046, 5047, 5054, 5071, 5296, 5301, 5315, 5318, 5323, 5321, 5357, 5358, 5364]",0.019744200020795688,success,,38.97265660620439,42.891928927474574,30.75478845035637,10.210511767262764,40.80000000000001,16.746795199305126
stl_st_louis_downtown_airport_to_st_louis_lambert_2026-03-09_0131,st_louis_downtown_airport_to_st_louis_lambert,St. Louis Downtown Airport to St. Louis Lambert,St. Louis Downtown Airport,St. Louis Lambert International Airport,38.5703611,-90.1550833,38.7486982,-90.3700257,2026-03-09,March 9th - Monday,w_0131,0.2,0.1,0.0,0.7,40,"[2179, 2180, 2174, 2199, 2203, 2207, 2341, 2344, 2368, 2374, 2394, 2397, 2712, 2716, 2739, 2746, 2769, 2773, 3985, 3988, 3992, 3994, 4019, 4017, 4022, 4029, 4034, 4060, 4064, 5048, 5052, 5076, 5082, 5299, 5304, 5319, 5321, 5357, 5358, 5364]",0.04163320001680404,success,,35.06932923764436,38.59606473313351,24.787572976016946,17.335924860773844,33.400000000000006,33.577970244228396
stl_st_louis_downtown_airport_to_st_louis_lambert_2026-03-09_0132,st_louis_downtown_airport_to_st_louis_lambert,St. Louis Downtown Airport to St. Louis Lambert,St. Louis Downtown Airport,St. Louis Lambert International Airport,38.5703611,-90.1550833,38.7486982,-90.3700257,2026-03-09,March 9th - Monday,w_0132,0.2,0.1,0.1,0.6,40,"[2179, 2180, 2174, 2199, 2203, 2207, 2341, 2344, 2368, 2374, 2394, 2397, 2712, 2716, 2739, 2746, 2769, 2773, 3985, 3988, 3992, 3994, 4019, 4020, 4023, 4055, 4059, 4063, 4078, 5051, 5075, 5079, 5306, 5303, 5318, 5323, 5346, 5357, 5358, 5364]",0.040148999978555366,success,,35.06987633323177,38.59666684720769,23.21199613097869,16.19626633787932,33.8,31.94015961632734
stl_st_louis_downtown_airport_to_st_louis_lambert_2026-03-09_0133,st_louis_downtown_airport_to_st_louis_lambert,St. Louis Downtown Airport to St. Louis Lambert,St. Louis Downtown Airport,St. Louis Lambert International Airport,38.5703611,-90.1550833,38.7486982,-90.3700257,2026-03-09,March 9th - Monday,w_0133,0.2,0.1,0.2,0.5,41,"[2179, 2180, 2174, 2199, 2203, 2207, 2341, 2344, 2368, 2374, 2394, 2397, 2712, 2714, 2750, 2744, 2770, 2772, 2777, 3989, 3993, 4006, 4008, 4021, 4045, 4047, 4058, 4062, 4077, 4079, 5077, 5081, 5083, 5306, 5303, 5318, 5323, 5321, 5357, 5358, 5364]",0.039310699998168275,success,,35.445569252782064,39.01014120095092,24.462470730578612,12.744666408656366,34.400000000000006,29.99720859497932
stl_st_louis_downtown_airport_to_st_louis_lambert_2026-03-09_0134,st_louis_downtown_airport_to_st_louis_lambert,St. Louis Downtown Airport to St. Louis Lambert,St. Louis Downtown Airport,St. Louis Lambert International Airport,38.5703611,-90.1550833,38.7486982,-90.3700257,2026-03-09,March 9th - Monday,w_0134,0.2,0.1,0.3,0.4,41,"[2179, 2180, 2174, 2199, 2203, 2207, 2341, 2344, 2368, 2374, 2394, 2397, 2712, 2714, 2750, 2744, 2770, 2772, 2777, 3989, 3993, 4006, 4008, 4021, 4045, 4047, 4058, 4062, 4077, 4079, 5077, 5081, 5083, 5306, 5303, 5318, 5323, 5321, 5357, 5358, 5364]",0.03715839999495074,success,,35.445569252782064,39.01014120095092,24.462470730578612,12.744666408656366,34.400000000000006,27.83167523584496
stl_st_louis_downtown_airport_to_st_louis_lambert_2026-03-09_0135,st_louis_downtown_airport_to_st_louis_lambert,St. Louis Downtown Airport to St. Louis Lambert,St. Louis Downtown Airport,St. Louis Lambert International Airport,38.5703611,-90.1550833,38.7486982,-90.3700257,2026-03-09,March 9th - Monday,w_0135,0.2,0.1,0.4,0.3,41,"[2179, 2180, 2174, 2199, 2203, 2207, 2341, 2344, 2368, 2374, 2394, 2397, 2712, 2714, 2750, 2744, 2770, 2772, 2777, 3989, 3993, 4006, 4008, 4021, 4045, 4047, 4058, 4062, 4077, 4079, 5077, 5081, 5083, 5306, 5303, 5318, 5323, 5321, 5357, 5358, 5364]",0.03225129999918863,success,,35.445569252782064,39.01014120095092,24.462470730578612,12.744666408656366,34.400000000000006,25.666141876710597
stl_st_louis_downtown_airport_to_st_louis_lambert_2026-03-09_0136,st_louis_downtown_airport_to_st_louis_lambert,St. Louis Downtown Airport to St. Louis Lambert,St. Louis Downtown Airport,St. Louis Lambert International Airport,38.5703611,-90.1550833,38.7486982,-90.3700257,2026-03-09,March 9th - Monday,w_0136,0.2,0.1,0.5,0.2,41,"[2179, 2180, 2174, 2199, 2203, 2207, 2341, 2344, 2368, 2374, 2394, 2397, 2712, 2714, 2750, 2744, 2770, 2772, 2777, 3989, 3993, 4006, 4008, 4021, 4045, 4047, 4058, 4062, 4077, 4079, 5077, 5081, 5083, 5306, 5303, 5318, 5323, 5321, 5357, 5358, 5364]",0.03034329999354668,success,,35.445569252782064,39.01014120095092,24.462470730578612,12.744666408656366,34.400000000000006,23.500608517576232
stl_st_louis_downtown_airport_to_st_louis_lambert_2026-03-09_0137,st_louis_downtown_airport_to_st_louis_lambert,St. Louis Downtown Airport to St. Louis Lambert,St. Louis Downtown Airport,St. Louis Lambert International Airport,38.5703611,-90.1550833,38.7486982,-90.3700257,2026-03-09,March 9th - Monday,w_0137,0.2,0.1,0.6,0.1,42,"[2179, 2147, 2172, 2174, 2199, 2203, 2207, 2341, 2344, 2368, 2374, 2394, 2397, 2712, 2714, 2750, 2744, 2770, 2772, 2777, 3989, 3993, 4006, 4008, 4021, 4045, 4047, 4058, 4062, 4077, 4079, 5077, 5081, 5083, 5306, 5303, 5318, 5323, 5321, 5357, 5358, 5364]",0.027365899994038045,success,,35.82020566880418,39.42245280423809,24.5122316454921,12.238499636103192,35.400000000000006,21.218813507058748
stl_st_louis_downtown_airport_to_st_louis_lambert_2026-03-09_0138,st_louis_downtown_airport_to_st_louis_lambert,St. Louis Downtown Airport to St. Louis Lambert,St. Louis Downtown Airport,St. Louis Lambert International Airport,38.5703611,-90.1550833,38.7486982,-90.3700257,2026-03-09,March 9th - Monday,w_0138,0.2,0.1,0.7,0.0,47,"[2179, 2147, 2172, 2174, 2199, 2203, 2207, 2341, 2344, 2368, 2374, 2394, 2397, 2712, 2714, 2750, 2744, 2768, 2774, 2772, 2773, 2684, 2682, 2683, 2686, 2703, 2705, 2707, 4004, 4027, 4032, 4031, 5025, 5031, 5046, 5049, 5054, 5071, 5296, 5300, 5303, 5318, 5323, 5321, 5357, 5358, 5364]",0.02281990001210943,success,,38.223151552038495,42.06705014543771,27.91533817428773,10.662448076627761,39.20000000000001,18.668657500155746
stl_st_louis_downtown_airport_to_st_louis_lambert_2026-03-09_0139,st_louis_downtown_airport_to_st_louis_lambert,St. Louis Downtown Airport to St. Louis Lambert,St. Louis Downtown Airport,St. Louis Lambert International Airport,38.5703611,-90.1550833,38.7486982,-90.3700257,2026-03-09,March 9th - Monday,w_0139,0.2,0.2,0.0,0.6,40,"[2179, 2180, 2174, 2199, 2203, 2207, 2341, 2344, 2368, 2374, 2394, 2397, 2712, 2716, 2739, 2746, 2769, 2773, 3985, 3988, 3992, 3994, 4019, 4020, 4023, 4055, 4059, 4063, 4078, 5051, 5075, 5079, 5306, 5303, 5318, 5323, 5346, 5357, 5358, 5364]",0.039762500004144385,success,,35.06987633323177,38.59666684720769,23.21199613097869,16.19626633787932,33.8,32.64173259563728
stl_st_louis_downtown_airport_to_st_louis_lambert_2026-03-09_0140,st_louis_downtown_airport_to_st_louis_lambert,St. Louis Downtown Airport to St. Louis Lambert,St. Louis Downtown Airport,St. Louis Lambert International Airport,38.5703611,-90.1550833,38.7486982,-90.3700257,2026-03-09,March 9th - Monday,w_0140,0.2,0.2,0.1,0.5,40,"[2179, 2180, 2174, 2199, 2203, 2207, 2341, 2344, 2368, 2374, 2394, 2397, 2712, 2716, 2739, 2746, 2769, 2773, 3985, 3988, 3992, 3994, 4019, 4020, 4023, 4055, 4059, 4063, 4078, 5051, 5075, 5079, 5306, 5303, 5318, 5323, 5346, 5357, 5358, 5364]",0.039802600018447265,success,,35.06987633323177,38.59666684720769,23.21199613097869,16.19626633787932,33.8,30.881359229425208
stl_st_louis_downtown_airport_to_st_louis_lambert_2026-03-09_0141,st_louis_downtown_airport_to_st_louis_lambert,St. Louis Downtown Airport to St. Louis Lambert,St. Louis Downtown Airport,St. Louis Lambert International Airport,38.5703611,-90.1550833,38.7486982,-90.3700257,2026-03-09,March 9th - Monday,w_0141,0.2,0.2,0.2,0.4,41,"[2179, 2180, 2174, 2199, 2203, 2207, 2341, 2344, 2368, 2374, 2394, 2397, 2711, 2714, 2750, 2744, 2770, 2772, 2777, 3989, 3993, 4006, 4008, 4021, 4045, 4047, 4058, 4062, 4077, 4079, 5077, 5081, 5083, 5306, 5303, 5318, 5323, 5346, 5357, 5358, 5364]",0.03683719999389723,success,,35.445621882417974,39.010199123268755,23.435018864316554,13.344040171748633,34.400000000000006,28.917851631866792
stl_st_louis_downtown_airport_to_st_louis_lambert_2026-03-09_0142,st_louis_downtown_airport_to_st_louis_lambert,St. Louis Downtown Airport to St. Louis Lambert,St. Louis Downtown Airport,St. Louis Lambert International Airport,38.5703611,-90.1550833,38.7486982,-90.3700257,2026-03-09,March 9th - Monday,w_0142,0.2,0.2,0.3,0.3,41,"[2179, 2180, 2174, 2199, 2203, 2207, 2341, 2344, 2368, 2374, 2394, 2397, 2711, 2714, 2750, 2744, 2770, 2772, 2777, 3989, 3993, 4006, 4008, 4021, 4045, 4047, 4058, 4062, 4077, 4079, 5077, 5081, 5083, 5306, 5303, 5318, 5323, 5346, 5357, 5358, 5364]",0.03259829999296926,success,,35.445621882417974,39.010199123268755,23.435018864316554,13.344040171748633,34.400000000000006,26.812255649041653
stl_st_louis_downtown_airport_to_st_louis_lambert_2026-03-09_0143,st_louis_downtown_airport_to_st_louis_lambert,St. Louis Downtown Airport to St. Louis Lambert,St. Louis Downtown Airport,St. Louis Lambert International Airport,38.5703611,-90.1550833,38.7486982,-90.3700257,2026-03-09,March 9th - Monday,w_0143,0.2,0.2,0.4,0.2,41,"[2179, 2180, 2174, 2199, 2203, 2207, 2341, 2344, 2368, 2374, 2394, 2397, 2712, 2714, 2750, 2744, 2770, 2772, 2777, 3989, 3993, 4006, 4008, 4021, 4045, 4047, 4058, 4062, 4077, 4079, 5077, 5081, 5083, 5306, 5303, 5318, 5323, 5321, 5357, 5358, 5364]",0.03097890000208281,success,,35.445569252782064,39.01014120095092,24.462470730578612,12.744666408656366,34.400000000000006,24.672388949768457
stl_st_louis_downtown_airport_to_st_louis_lambert_2026-03-09_0144,st_louis_downtown_airport_to_st_louis_lambert,St. Louis Downtown Airport to St. Louis Lambert,St. Louis Downtown Airport,St. Louis Lambert International Airport,38.5703611,-90.1550833,38.7486982,-90.3700257,2026-03-09,March 9th - Monday,w_0144,0.2,0.2,0.5,0.1,42,"[2179, 2147, 2172, 2174, 2199, 2203, 2207, 2341, 2344, 2368, 2374, 2394, 2397, 2712, 2714, 2750, 2744, 2770, 2772, 2777, 3989, 3993, 4006, 4008, 4021, 4045, 4047, 4058, 4062, 4077, 4079, 5077, 5081, 5083, 5306, 5303, 5318, 5323, 5321, 5357, 5358, 5364]",0.02689239999745041,success,,35.82020566880418,39.42245280423809,24.5122316454921,12.238499636103192,35.400000000000006,22.446186707997633
stl_st_louis_downtown_airport_to_st_louis_lambert_2026-03-09_0145,st_louis_downtown_airport_to_st_louis_lambert,St. Louis Downtown Airport to St. Louis Lambert,St. Louis Downtown Airport,St. Louis Lambert International Airport,38.5703611,-90.1550833,38.7486982,-90.3700257,2026-03-09,March 9th - Monday,w_0145,0.2,0.2,0.6,0.0,42,"[2179, 2147, 2172, 2174, 2199, 2203, 2207, 2341, 2344, 2368, 2374, 2394, 2397, 2712, 2714, 2750, 2744, 2770, 2772, 2777, 3989, 3993, 4006, 4008, 4021, 4045, 4047, 4058, 4062, 4077, 4079, 5077, 5081, 5083, 5306, 5303, 5318, 5323, 5321, 5357, 5358, 5364]",0.025283199996920303,success,,35.82020566880418,39.42245280423809,24.5122316454921,12.238499636103192,35.400000000000006,20.130036671607954
stl_st_louis_downtown_airport_to_st_louis_lambert_2026-03-09_0146,st_louis_downtown_airport_to_st_louis_lambert,St. Louis Downtown Airport to St. Louis Lambert,St. Louis Downtown Airport,St. Louis Lambert International Airport,38.5703611,-90.1550833,38.7486982,-90.3700257,2026-03-09,March 9th - Monday,w_0146,0.2,0.3,0.0,0.5,43,"[2179, 2180, 2174, 2199, 2203, 2207, 2341, 2345, 2370, 2373, 2398, 2709, 2711, 2714, 2750, 2744, 2770, 2772, 2777, 3989, 3993, 4006, 4008, 4021, 4045, 4047, 4058, 4062, 4077, 4082, 4084, 5080, 5084, 5310, 5311, 5337, 5320, 5322, 5323, 5346, 5357, 5358, 5364]",0.03945799998473376,success,,36.197024617572914,39.83716642595565,17.31210242086407,20.84777907646774,36.400000000000006,31.361064011450352
stl_st_louis_downtown_airport_to_st_louis_lambert_2026-03-09_0147,st_louis_downtown_airport_to_st_louis_lambert,St. Louis Downtown Airport to St. Louis Lambert,St. Louis Downtown Airport,St. Louis Lambert International Airport,38.5703611,-90.1550833,38.7486982,-90.3700257,2026-03-09,March 9th - Monday,w_0147,0.2,0.3,0.1,0.4,41,"[2179, 2180, 2174, 2199, 2203, 2207, 2341, 2344, 2368, 2374, 2398, 2709, 2711, 2714, 2750, 2744, 2770, 2772, 2777, 3989, 3993, 4006, 4008, 4021, 4045, 4047, 4058, 4062, 4077, 4079, 5077, 5081, 5083, 5308, 5316, 5322, 5323, 5346, 5357, 5358, 5364]",0.03768270000000484,success,,35.44576618687472,39.01035793965546,21.38361219710798,16.20830636682576,34.400000000000006,29.597985883746063
stl_st_louis_downtown_airport_to_st_louis_lambert_2026-03-09_0148,st_louis_downtown_airport_to_st_louis_lambert,St. Louis Downtown Airport to St. Louis Lambert,St. Louis Downtown Airport,St. Louis Lambert International Airport,38.5703611,-90.1550833,38.7486982,-90.3700257,2026-03-09,March 9th - Monday,w_0148,0.2,0.3,0.2,0.3,41,"[2179, 2180, 2174, 2199, 2203, 2207, 2341, 2344, 2368, 2374, 2398, 2709, 2711, 2714, 2750, 2744, 2770, 2772, 2777, 3989, 3993, 4006, 4008, 4021, 4045, 4047, 4058, 4062, 4077, 4079, 5077, 5081, 5083, 5308, 5316, 5322, 5323, 5346, 5357, 5358, 5364]",0.033984200010308996,success,,35.44576618687472,39.01035793965546,21.38361219710798,16.20830636682576,34.400000000000006,27.77881652042864
stl_st_louis_downtown_airport_to_st_louis_lambert_2026-03-09_0149,st_louis_downtown_airport_to_st_louis_lambert,St. Louis Downtown Airport to St. Louis Lambert,St. Louis Downtown Airport,St. Louis Lambert International Airport,38.5703611,-90.1550833,38.7486982,-90.3700257,2026-03-09,March 9th - Monday,w_0149,0.2,0.3,0.3,0.2,41,"[2179, 2180, 2174, 2199, 2203, 2207, 2341, 2344, 2368, 2374, 2394, 2397, 2711, 2714, 2750, 2744, 2770, 2772, 2777, 3989, 3993, 4006, 4008, 4021, 4045, 4047, 4058, 4062, 4077, 4079, 5077, 5081, 5083, 5306, 5303, 5318, 5323, 5346, 5357, 5358, 5364]",0.032561800006078556,success,,35.445621882417974,39.010199123268755,23.435018864316554,13.344040171748633,34.400000000000006,25.71575753547331
stl_st_louis_downtown_airport_to_st_louis_lambert_2026-03-09_0150,st_louis_downtown_airport_to_st_louis_lambert,St. Louis Downtown Airport to St. Louis Lambert,St. Louis Downtown Airport,St. Louis Lambert International Airport,38.5703611,-90.1550833,38.7486982,-90.3700257,2026-03-09,March 9th - Monday,w_0150,0.2,0.3,0.4,0.1,42,"[2179, 2147, 2172, 2174, 2199, 2203, 2207, 2341, 2344, 2368, 2374, 2394, 2397, 2711, 2714, 2750, 2744, 2770, 2772, 2777, 3989, 3993, 4006, 4008, 4021, 4045, 4047, 4058, 4062, 4077, 4079, 5077, 5081, 5083, 5306, 5303, 5318, 5323, 5346, 5357, 5358, 5364]",0.029275400011101738,success,,35.820258298440095,39.422510726555934,23.484779779230042,12.83787339919546,35.400000000000006,23.605085438758387
stl_st_louis_downtown_airport_to_st_louis_lambert_2026-03-09_0151,st_louis_downtown_airport_to_st_louis_lambert,St. Louis Downtown Airport to St. Louis Lambert,St. Louis Downtown Airport,St. Louis Lambert International Airport,38.5703611,-90.1550833,38.7486982,-90.3700257,2026-03-09,March 9th - Monday,w_0151,0.2,0.3,0.5,0.0,42,"[2179, 2147, 2172, 2174, 2199, 2203, 2207, 2341, 2344, 2368, 2374, 2394, 2397, 2711, 2714, 2750, 2744, 2770, 2772, 2777, 3989, 3993, 4006, 4008, 4021, 4045, 4047, 4058, 4062, 4077, 4079, 5077, 5081, 5083, 5306, 5303, 5318, 5323, 5346, 5357, 5358, 5364]",0.02683650000835769,success,,35.820258298440095,39.422510726555934,23.484779779230042,12.83787339919546,35.400000000000006,21.34887277867793
stl_st_louis_downtown_airport_to_st_louis_lambert_2026-03-09_0152,st_louis_downtown_airport_to_st_louis_lambert,St. Louis Downtown Airport to St. Louis Lambert,St. Louis Downtown Airport,St. Louis Lambert International Airport,38.5703611,-90.1550833,38.7486982,-90.3700257,2026-03-09,March 9th - Monday,w_0152,0.2,0.4,0.0,0.4,43,"[2179, 2180, 2174, 2199, 2203, 2207, 2341, 2345, 2370, 2373, 2398, 2709, 2711, 2714, 2750, 2744, 2770, 2772, 2777, 3989, 3993, 4006, 4008, 4021, 4045, 4047, 4058, 4062, 4077, 4082, 4084, 5080, 5084, 5310, 5311, 5337, 5320, 5322, 5323, 5346, 5357, 5358, 5364]",0.036464499979047105,success,,36.197024617572914,39.83716642595565,17.31210242086407,20.84777907646774,36.400000000000006,29.45227425353676
stl_st_louis_downtown_airport_to_st_louis_lambert_2026-03-09_0153,st_louis_downtown_airport_to_st_louis_lambert,St. Louis Downtown Airport to St. Louis Lambert,St. Louis Downtown Airport,St. Louis Lambert International Airport,38.5703611,-90.1550833,38.7486982,-90.3700257,2026-03-09,March 9th - Monday,w_0153,0.2,0.4,0.1,0.3,43,"[2179, 2180, 2174, 2199, 2203, 2207, 2341, 2344, 2368, 2374, 2398, 2709, 2711, 2714, 2750, 2744, 2770, 2772, 2777, 3989, 3993, 4006, 4008, 4021, 4045, 4047, 4058, 4062, 4077, 4082, 4084, 5080, 5084, 5310, 5311, 5337, 5320, 5322, 5323, 5346, 5357, 5358, 5364]",0.03404320002300665,success,,36.19698431445951,39.83712206977298,17.44717448649624,20.082925131580172,36.400000000000006,27.87458672171111
stl_st_louis_downtown_airport_to_st_louis_lambert_2026-03-09_0154,st_louis_downtown_airport_to_st_louis_lambert,St. Louis Downtown Airport to St. Louis Lambert,St. Louis Downtown Airport,St. Louis Lambert International Airport,38.5703611,-90.1550833,38.7486982,-90.3700257,2026-03-09,March 9th - Monday,w_0154,0.2,0.4,0.2,0.2,43,"[2179, 2180, 2174, 2199, 2203, 2207, 2341, 2344, 2368, 2374, 2398, 2709, 2711, 2714, 2750, 2744, 2770, 2772, 2777, 3989, 3993, 4006, 4008, 4021, 4045, 4047, 4058, 4062, 4077, 4082, 4084, 5080, 5084, 5310, 5311, 5337, 5320, 5322, 5323, 5346, 5357, 5358, 5364]",0.03191260001040064,success,,36.19698431445951,39.83712206977298,17.44717448649624,20.082925131580172,36.400000000000006,26.24287923486913
stl_st_louis_downtown_airport_to_st_louis_lambert_2026-03-09_0155,st_louis_downtown_airport_to_st_louis_lambert,St. Louis Downtown Airport to St. Louis Lambert,St. Louis Downtown Airport,St. Louis Lambert International Airport,38.5703611,-90.1550833,38.7486982,-90.3700257,2026-03-09,March 9th - Monday,w_0155,0.2,0.4,0.3,0.1,54,"[2179, 2181, 2184, 2186, 2421, 2205, 2448, 2453, 2456, 2479, 2482, 2483, 2487, 2809, 2813, 2816, 2858, 2863, 2864, 2889, 3896, 3898, 3901, 3902, 3914, 3948, 3947, 3945, 3940, 3977, 3976, 3980, 4195, 4199, 4201, 4216, 4229, 4232, 4234, 4266, 4269, 4272, 4586, 5343, 5342, 5341, 5366, 5353, 5352, 5375, 5376, 5588, 5362, 5364]",0.02811479999218136,success,,42.46106618049611,46.73114925680213,11.677603983272324,18.213700317298382,45.000000000000014,23.981381539858873
stl_st_louis_downtown_airport_to_st_louis_lambert_2026-03-09_0156,st_louis_downtown_airport_to_st_louis_lambert,St. Louis Downtown Airport to St. Louis Lambert,St. Louis Downtown Airport,St. Louis Lambert International Airport,38.5703611,-90.1550833,38.7486982,-90.3700257,2026-03-09,March 9th - Monday,w_0156,0.2,0.4,0.4,0.0,54,"[2179, 2181, 2184, 2186, 2421, 2205, 2448, 2453, 2456, 2479, 2482, 2483, 2487, 2809, 2813, 2816, 2858, 2863, 2864, 2889, 3896, 3898, 3901, 3902, 3914, 3948, 3950, 3966, 3981, 4295, 4299, 4301, 4217, 4221, 4222, 4223, 4231, 4232, 4234, 4266, 4269, 4272, 4586, 5343, 5342, 5341, 5366, 5353, 5352, 5375, 5376, 5588, 5362, 5364]",0.026649100007489324,success,,42.46204208604991,46.732223303975175,12.159504755016181,17.623594041722374,45.40000000000002,21.259684179490456
stl_st_louis_downtown_airport_to_st_louis_lambert_2026-03-09_0157,st_louis_downtown_airport_to_st_louis_lambert,St. Louis Downtown Airport to St. Louis Lambert,St. Louis Downtown Airport,St. Louis Lambert International Airport,38.5703611,-90.1550833,38.7486982,-90.3700257,2026-03-09,March 9th - Monday,w_0157,0.2,0.5,0.0,0.3,54,"[2179, 2180, 2183, 2186, 2419, 2423, 2448, 2452, 2454, 2457, 2481, 2485, 2808, 2811, 2812, 2816, 2858, 2863, 2864, 2795, 2796, 3899, 3902, 3914, 3948, 3947, 3952, 3940, 3977, 3976, 3941, 4043, 4066, 4067, 4068, 4185, 4187, 4188, 4076, 4075, 4082, 4084, 5080, 5084, 5310, 5311, 5337, 5320, 5322, 5323, 5346, 5357, 5358, 5364]",0.032342599995899945,success,,41.922986936307204,46.13895825139281,9.018797265828733,29.59490306330576,44.20000000000002,26.997190283192932
stl_st_louis_downtown_airport_to_st_louis_lambert_2026-03-09_0158,st_louis_downtown_airport_to_st_louis_lambert,St. Louis Downtown Airport to St. Louis Lambert,St. Louis Downtown Airport,St. Louis Lambert International Airport,38.5703611,-90.1550833,38.7486982,-90.3700257,2026-03-09,March 9th - Monday,w_0158,0.2,0.5,0.1,0.2,54,"[2179, 2181, 2184, 2186, 2419, 2423, 2448, 2453, 2456, 2479, 2480, 2484, 2486, 2809, 2813, 2816, 2858, 2863, 2864, 2795, 2796, 3899, 3902, 3914, 3948, 3947, 3952, 3940, 3977, 3976, 3941, 4043, 4066, 4067, 4068, 4185, 4187, 4188, 4076, 4075, 4082, 4084, 5080, 5084, 5310, 5311, 5337, 5320, 5322, 5323, 5346, 5357, 5358, 5364]",0.02961299999151379,success,,41.3953750558066,45.55828725663901,9.018797265828733,26.070701708835873,44.60000000000002,25.148126255125764
stl_st_louis_downtown_airport_to_st_louis_lambert_2026-03-09_0159,st_louis_downtown_airport_to_st_louis_lambert,St. Louis Downtown Airport to St. Louis Lambert,St. Louis Downtown Airport,St. Louis Lambert International Airport,38.5703611,-90.1550833,38.7486982,-90.3700257,2026-03-09,March 9th - Monday,w_0159,0.2,0.5,0.2,0.1,55,"[2179, 2181, 2184, 2186, 2421, 2205, 2448, 2453, 2456, 2479, 2482, 2483, 2487, 2809, 2813, 2816, 2858, 2863, 2864, 2889, 3896, 3898, 3901, 3902, 3914, 3948, 3947, 3945, 3940, 3977, 3976, 3941, 4043, 4042, 4041, 4044, 4052, 4187, 4188, 4076, 4075, 4082, 4084, 5080, 5084, 5310, 5311, 5337, 5320, 5322, 5323, 5346, 5357, 5358, 5364]",0.02563459999510087,success,,42.29815695808185,46.551857122318516,9.257266226759127,23.150193180742637,45.20000000000002,23.089043173991797
stl_st_louis_downtown_airport_to_st_louis_lambert_2026-03-09_0160,st_louis_downtown_airport_to_st_louis_lambert,St. Louis Downtown Airport to St. Louis Lambert,St. Louis Downtown Airport,St. Louis Lambert International Airport,38.5703611,-90.1550833,38.7486982,-90.3700257,2026-03-09,March 9th - Monday,w_0160,0.2,0.5,0.3,0.0,54,"[2179, 2181, 2184, 2186, 2421, 2205, 2448, 2453, 2456, 2479, 2482, 2483, 2487, 2809, 2813, 2816, 2858, 2863, 2864, 2889, 3896, 3898, 3901, 3902, 3914, 3948, 3947, 3945, 3940, 3977, 3976, 3980, 4195, 4199, 4201, 4216, 4229, 4232, 4234, 4266, 4269, 4272, 4586, 5343, 5342, 5341, 5366, 5353, 5352, 5375, 5376, 5588, 5362, 5364]",0.024973199993837625,success,,42.46106618049611,46.73114925680213,11.677603983272324,18.213700317298382,45.000000000000014,20.6491419381861
stl_st_louis_downtown_airport_to_st_louis_lambert_2026-03-09_0161,st_louis_downtown_airport_to_st_louis_lambert,St. Louis Downtown Airport to St. Louis Lambert,St. Louis Downtown Airport,St. Louis Lambert International Airport,38.5703611,-90.1550833,38.7486982,-90.3700257,2026-03-09,March 9th - Monday,w_0161,0.2,0.6,0.0,0.2,55,"[2179, 2180, 2183, 2186, 2419, 2423, 2448, 2452, 2455, 2478, 2482, 2483, 2487, 2811, 2812, 2816, 2858, 2863, 2864, 2889, 3896, 3898, 3901, 3927, 3946, 3949, 3953, 3966, 3944, 3977, 3976, 3941, 4043, 4066, 4067, 4068, 4185, 4187, 4188, 4076, 4075, 4082, 4084, 5080, 5084, 5310, 5311, 5337, 5320, 5322, 5323, 5346, 5357, 5358, 5364]",0.024522899999283254,success,,41.77074742931658,45.971408828735385,8.67777235752909,28.986304738290702,45.20000000000002,23.440945180264535
stl_st_louis_downtown_airport_to_st_louis_lambert_2026-03-09_0162,st_louis_downtown_airport_to_st_louis_lambert,St. Louis Downtown Airport to St. Louis Lambert,St. Louis Downtown Airport,St. Louis Lambert International Airport,38.5703611,-90.1550833,38.7486982,-90.3700257,2026-03-09,March 9th - Monday,w_0162,0.2,0.6,0.1,0.1,55,"[2179, 2181, 2184, 2186, 2419, 2423, 2448, 2453, 2456, 2479, 2480, 2484, 2486, 2809, 2813, 2816, 2858, 2863, 2864, 2889, 3896, 3898, 3901, 3902, 3914, 3948, 3947, 3952, 3940, 3977, 3976, 3941, 4043, 4066, 4067, 4068, 4185, 4187, 4188, 4076, 4075, 4082, 4084, 5080, 5084, 5310, 5311, 5337, 5320, 5322, 5323, 5346, 5357, 5358, 5364]",0.022895900008734316,success,,41.77060862601229,45.97125606672271,8.785645315278698,25.86509285704663,45.20000000000002,21.572147688216425
stl_st_louis_downtown_airport_to_st_louis_lambert_2026-03-09_0163,st_louis_downtown_airport_to_st_louis_lambert,St. Louis Downtown Airport to St. Louis Lambert,St. Louis Downtown Airport,St. Louis Lambert International Airport,38.5703611,-90.1550833,38.7486982,-90.3700257,2026-03-09,March 9th - Monday,w_0163,0.2,0.6,0.2,0.0,55,"[2179, 2181, 2184, 2186, 2421, 2205, 2448, 2453, 2456, 2479, 2482, 2483, 2487, 2809, 2813, 2816, 2858, 2863, 2864, 2889, 3896, 3898, 3901, 3902, 3914, 3948, 3947, 3945, 3940, 3977, 3976, 3941, 4043, 4042, 4041, 4044, 4052, 4187, 4188, 4076, 4075, 4082, 4084, 5080, 5084, 5310, 5311, 5337, 5320, 5322, 5323, 5346, 5357, 5358, 5364]",0.020106500014662743,success,,42.29815695808185,46.551857122318516,9.257266226759127,23.150193180742637,45.20000000000002,19.494769796667708
stl_st_louis_downtown_airport_to_st_louis_lambert_2026-03-09_0164,st_louis_downtown_airport_to_st_louis_lambert,St. Louis Downtown Airport to St. Louis Lambert,St. Louis Downtown Airport,St. Louis Lambert International Airport,38.5703611,-90.1550833,38.7486982,-90.3700257,2026-03-09,March 9th - Monday,w_0164,0.2,0.7,0.0,0.1,55,"[2179, 2180, 2183, 2186, 2419, 2423, 2448, 2452, 2455, 2478, 2482, 2483, 2487, 2811, 2812, 2816, 2858, 2863, 2864, 2889, 3896, 3898, 3901, 3927, 3946, 3949, 3953, 3966, 3944, 3977, 3976, 3941, 4043, 4066, 4067, 4068, 4185, 4187, 4188, 4076, 4075, 4082, 4084, 5080, 5084, 5310, 5311, 5337, 5320, 5322, 5323, 5346, 5357, 5358, 5364]",0.01930399998673238,success,,41.77074742931658,45.971408828735385,8.67777235752909,28.986304738290702,45.20000000000002,19.788722416017443
stl_st_louis_downtown_airport_to_st_louis_lambert_2026-03-09_0165,st_louis_downtown_airport_to_st_louis_lambert,St. Louis Downtown Airport to St. Louis Lambert,St. Louis Downtown Airport,St. Louis Lambert International Airport,38.5703611,-90.1550833,38.7486982,-90.3700257,2026-03-09,March 9th - Monday,w_0165,0.2,0.7,0.1,0.0,55,"[2179, 2181, 2184, 2186, 2419, 2423, 2448, 2453, 2456, 2479, 2480, 2484, 2486, 2809, 2813, 2816, 2858, 2863, 2864, 2889, 3896, 3898, 3901, 3902, 3914, 3948, 3947, 3952, 3940, 3977, 3976, 3941, 4043, 4066, 4067, 4068, 4185, 4187, 4188, 4076, 4075, 4082, 4084, 5080, 5084, 5310, 5311, 5337, 5320, 5322, 5323, 5346, 5357, 5358, 5364]",0.017615699995076284,success,,41.77060862601229,45.97125606672271,8.785645315278698,25.86509285704663,45.20000000000002,17.930712219744294
stl_st_louis_downtown_airport_to_st_louis_lambert_2026-03-09_0166,st_louis_downtown_airport_to_st_louis_lambert,St. Louis Downtown Airport to St. Louis Lambert,St. Louis Downtown Airport,St. Louis Lambert International Airport,38.5703611,-90.1550833,38.7486982,-90.3700257,2026-03-09,March 9th - Monday,w_0166,0.2,0.8,0.0,0.0,55,"[2179, 2180, 2183, 2186, 2419, 2423, 2448, 2452, 2455, 2478, 2482, 2483, 2487, 2811, 2812, 2816, 2858, 2863, 2864, 2889, 3896, 3898, 3901, 3927, 3946, 3949, 3953, 3966, 3944, 3977, 3976, 3941, 4043, 4066, 4067, 4068, 4185, 4187, 4188, 4076, 4075, 4082, 4084, 5080, 5084, 5310, 5311, 5337, 5320, 5322, 5323, 5346, 5357, 5358, 5364]",0.014688900002511218,success,,41.77074742931658,45.971408828735385,8.67777235752909,28.986304738290702,45.20000000000002,16.13649965177035
stl_st_louis_downtown_airport_to_st_louis_lambert_2026-03-09_0167,st_louis_downtown_airport_to_st_louis_lambert,St. Louis Downtown Airport to St. Louis Lambert,St. Louis Downtown Airport,St. Louis Lambert International Airport,38.5703611,-90.1550833,38.7486982,-90.3700257,2026-03-09,March 9th - Monday,w_0167,0.25,0.25,0.25,0.25,41,"[2179, 2180, 2174, 2199, 2203, 2207, 2341, 2344, 2368, 2374, 2394, 2397, 2711, 2714, 2750, 2744, 2770, 2772, 2777, 3989, 3993, 4006, 4008, 4021, 4045, 4047, 4058, 4062, 4077, 4079, 5077, 5081, 5083, 5306, 5303, 5318, 5323, 5346, 5357, 5358, 5364]",0.024595399998361245,success,,35.445621882417974,39.010199123268755,23.435018864316554,13.344040171748633,34.400000000000006,27.547314539833486
stl_st_louis_downtown_airport_to_st_louis_lambert_2026-03-09_0168,st_louis_downtown_airport_to_st_louis_lambert,St. Louis Downtown Airport to St. Louis Lambert,St. Louis Downtown Airport,St. Louis Lambert International Airport,38.5703611,-90.1550833,38.7486982,-90.3700257,2026-03-09,March 9th - Monday,w_0168,0.3,0.0,0.0,0.7,40,"[2179, 2147, 2172, 2176, 2200, 2204, 2317, 2340, 2346, 2371, 2391, 2395, 2708, 2713, 2738, 2741, 2745, 2747, 2684, 2687, 3987, 3990, 4016, 4017, 4022, 4029, 4034, 4060, 4064, 5048, 5052, 5076, 5082, 5299, 5304, 5319, 5321, 5357, 5358, 5364]",0.0309181000047829,success,,35.06847425714207,38.5951237717998,26.02381511715049,17.37501008770346,33.400000000000006,34.95853713153994
stl_st_louis_downtown_airport_to_st_louis_lambert_2026-03-09_0169,st_louis_downtown_airport_to_st_louis_lambert,St. Louis Downtown Airport to St. Louis Lambert,St. Louis Downtown Airport,St. Louis Lambert International Airport,38.5703611,-90.1550833,38.7486982,-90.3700257,2026-03-09,March 9th - Monday,w_0169,0.3,0.0,0.1,0.6,40,"[2179, 2180, 2174, 2199, 2203, 2207, 2341, 2344, 2368, 2374, 2394, 2397, 2708, 2713, 2738, 2741, 2745, 2747, 2684, 2687, 3987, 3990, 4016, 4017, 4022, 4029, 4034, 4060, 4064, 5048, 5052, 5076, 5082, 5299, 5304, 5319, 5321, 5357, 5358, 5364]",0.02793270000256598,success,,35.068901024242656,38.595593456592695,26.02381511715049,16.308605660057136,33.400000000000006,33.24953860298352
stl_st_louis_downtown_airport_to_st_louis_lambert_2026-03-09_0170,st_louis_downtown_airport_to_st_louis_lambert,St. Louis Downtown Airport to St. Louis Lambert,St. Louis Downtown Airport,St. Louis Lambert International Airport,38.5703611,-90.1550833,38.7486982,-90.3700257,2026-03-09,March 9th - Monday,w_0170,0.3,0.0,0.2,0.5,41,"[2179, 2180, 2174, 2199, 2203, 2207, 2341, 2344, 2368, 2374, 2394, 2397, 2712, 2714, 2750, 2744, 2770, 2772, 2777, 3989, 3993, 4006, 4008, 4021, 4045, 4047, 4058, 4062, 4077, 4079, 5077, 5081, 5083, 5306, 5303, 5318, 5323, 5321, 5357, 5358, 5364]",0.025285299983806908,success,,35.445569252782064,39.01014120095092,24.462470730578612,12.744666408656366,34.400000000000006,31.45197564201655
stl_st_louis_downtown_airport_to_st_louis_lambert_2026-03-09_0171,st_louis_downtown_airport_to_st_louis_lambert,St. Louis Downtown Airport to St. Louis Lambert,St. Louis Downtown Airport,St. Louis Lambert International Airport,38.5703611,-90.1550833,38.7486982,-90.3700257,2026-03-09,March 9th - Monday,w_0171,0.3,0.0,0.3,0.4,41,"[2179, 2180, 2174, 2199, 2203, 2207, 2341, 2344, 2368, 2374, 2394, 2397, 2712, 2714, 2750, 2744, 2770, 2772, 2777, 3989, 3993, 4006, 4008, 4021, 4045, 4047, 4058, 4062, 4077, 4079, 5077, 5081, 5083, 5306, 5303, 5318, 5323, 5321, 5357, 5358, 5364]",0.02197529998375103,success,,35.445569252782064,39.01014120095092,24.462470730578612,12.744666408656366,34.400000000000006,29.286442282882188
stl_st_louis_downtown_airport_to_st_louis_lambert_2026-03-09_0172,st_louis_downtown_airport_to_st_louis_lambert,St. Louis Downtown Airport to St. Louis Lambert,St. Louis Downtown Airport,St. Louis Lambert International Airport,38.5703611,-90.1550833,38.7486982,-90.3700257,2026-03-09,March 9th - Monday,w_0172,0.3,0.0,0.4,0.3,41,"[2179, 2180, 2174, 2199, 2203, 2207, 2341, 2344, 2368, 2374, 2394, 2397, 2712, 2714, 2750, 2744, 2770, 2772, 2777, 3989, 3993, 4006, 4008, 4021, 4045, 4047, 4058, 4062, 4077, 4079, 5077, 5081, 5083, 5306, 5303, 5318, 5323, 5321, 5357, 5358, 5364]",0.019722099998034537,success,,35.445569252782064,39.01014120095092,24.462470730578612,12.744666408656366,34.400000000000006,27.120908923747827
stl_st_louis_downtown_airport_to_st_louis_lambert_2026-03-09_0173,st_louis_downtown_airport_to_st_louis_lambert,St. Louis Downtown Airport to St. Louis Lambert,St. Louis Downtown Airport,St. Louis Lambert International Airport,38.5703611,-90.1550833,38.7486982,-90.3700257,2026-03-09,March 9th - Monday,w_0173,0.3,0.0,0.5,0.2,41,"[2179, 2180, 2174, 2199, 2203, 2207, 2341, 2344, 2368, 2374, 2394, 2397, 2712, 2714, 2750, 2744, 2770, 2772, 2777, 3989, 3993, 4006, 4008, 4021, 4045, 4047, 4058, 4062, 4077, 4079, 5077, 5081, 5083, 5306, 5303, 5318, 5323, 5321, 5357, 5358, 5364]",0.015898399986326694,success,,35.445569252782064,39.01014120095092,24.462470730578612,12.744666408656366,34.400000000000006,24.955375564613462
stl_st_louis_downtown_airport_to_st_louis_lambert_2026-03-09_0174,st_louis_downtown_airport_to_st_louis_lambert,St. Louis Downtown Airport to St. Louis Lambert,St. Louis Downtown Airport,St. Louis Lambert International Airport,38.5703611,-90.1550833,38.7486982,-90.3700257,2026-03-09,March 9th - Monday,w_0174,0.3,0.0,0.6,0.1,42,"[2179, 2147, 2172, 2174, 2199, 2203, 2207, 2341, 2344, 2368, 2374, 2394, 2397, 2712, 2714, 2750, 2744, 2770, 2772, 2777, 3989, 3993, 4006, 4008, 4021, 4045, 4047, 4058, 4062, 4077, 4079, 5077, 5081, 5083, 5306, 5303, 5318, 5323, 5321, 5357, 5358, 5364]",0.014541099983034655,success,,35.82020566880418,39.42245280423809,24.5122316454921,12.238499636103192,35.400000000000006,22.70983562293334
stl_st_louis_downtown_airport_to_st_louis_lambert_2026-03-09_0175,st_louis_downtown_airport_to_st_louis_lambert,St. Louis Downtown Airport to St. Louis Lambert,St. Louis Downtown Airport,St. Louis Lambert International Airport,38.5703611,-90.1550833,38.7486982,-90.3700257,2026-03-09,March 9th - Monday,w_0175,0.3,0.0,0.7,0.0,49,"[2179, 2147, 2172, 2174, 2199, 2203, 2207, 2341, 2340, 2342, 2347, 2366, 2389, 2392, 2708, 2712, 2714, 2750, 2744, 2768, 2774, 2772, 2773, 2684, 2682, 2685, 2686, 2703, 2705, 2707, 4004, 4027, 4032, 4031, 5025, 5031, 5046, 5047, 5054, 5071, 5296, 5301, 5315, 5318, 5323, 5321, 5357, 5358, 5364]",0.013284799992106855,success,,38.97265660620439,42.891928927474574,30.75478845035637,10.210511767262764,40.80000000000001,20.014936915326306
stl_st_louis_downtown_airport_to_st_louis_lambert_2026-03-09_0176,st_louis_downtown_airport_to_st_louis_lambert,St. Louis Downtown Airport to St. Louis Lambert,St. Louis Downtown Airport,St. Louis Lambert International Airport,38.5703611,-90.1550833,38.7486982,-90.3700257,2026-03-09,March 9th - Monday,w_0176,0.3,0.1,0.0,0.6,40,"[2179, 2180, 2174, 2199, 2203, 2207, 2341, 2344, 2368, 2374, 2394, 2397, 2712, 2716, 2739, 2746, 2769, 2773, 3985, 3988, 3992, 3994, 4019, 4017, 4022, 4029, 4034, 4060, 4064, 5048, 5052, 5076, 5082, 5299, 5304, 5319, 5321, 5357, 5358, 5364]",0.028197600011480972,success,,35.06932923764436,38.59606473313351,24.787572976016946,17.335924860773844,33.400000000000006,34.09757671754175
stl_st_louis_downtown_airport_to_st_louis_lambert_2026-03-09_0177,st_louis_downtown_airport_to_st_louis_lambert,St. Louis Downtown Airport to St. Louis Lambert,St. Louis Downtown Airport,St. Louis Lambert International Airport,38.5703611,-90.1550833,38.7486982,-90.3700257,2026-03-09,March 9th - Monday,w_0177,0.3,0.1,0.1,0.5,40,"[2179, 2180, 2174, 2199, 2203, 2207, 2341, 2344, 2368, 2374, 2394, 2397, 2712, 2716, 2739, 2746, 2769, 2773, 3985, 3988, 3992, 3994, 4019, 4020, 4023, 4055, 4059, 4063, 4078, 5051, 5075, 5079, 5306, 5303, 5318, 5323, 5346, 5357, 5358, 5364]",0.026917199982563034,success,,35.06987633323177,38.59666684720769,23.21199613097869,16.19626633787932,33.8,32.419826301048104
stl_st_louis_downtown_airport_to_st_louis_lambert_2026-03-09_0178,st_louis_downtown_airport_to_st_louis_lambert,St. Louis Downtown Airport to St. Louis Lambert,St. Louis Downtown Airport,St. Louis Lambert International Airport,38.5703611,-90.1550833,38.7486982,-90.3700257,2026-03-09,March 9th - Monday,w_0178,0.3,0.1,0.2,0.4,41,"[2179, 2180, 2174, 2199, 2203, 2207, 2341, 2344, 2368, 2374, 2394, 2397, 2712, 2714, 2750, 2744, 2770, 2772, 2777, 3989, 3993, 4006, 4008, 4021, 4045, 4047, 4058, 4062, 4077, 4079, 5077, 5081, 5083, 5306, 5303, 5318, 5323, 5321, 5357, 5358, 5364]",0.023449000000255182,success,,35.445569252782064,39.01014120095092,24.462470730578612,12.744666408656366,34.400000000000006,30.458222715074413
stl_st_louis_downtown_airport_to_st_louis_lambert_2026-03-09_0179,st_louis_downtown_airport_to_st_louis_lambert,St. Louis Downtown Airport to St. Louis Lambert,St. Louis Downtown Airport,St. Louis Lambert International Airport,38.5703611,-90.1550833,38.7486982,-90.3700257,2026-03-09,March 9th - Monday,w_0179,0.3,0.1,0.3,0.3,41,"[2179, 2180, 2174, 2199, 2203, 2207, 2341, 2344, 2368, 2374, 2394, 2397, 2712, 2714, 2750, 2744, 2770, 2772, 2777, 3989, 3993, 4006, 4008, 4021, 4045, 4047, 4058, 4062, 4077, 4079, 5077, 5081, 5083, 5306, 5303, 5318, 5323, 5321, 5357, 5358, 5364]",0.019904399989172816,success,,35.445569252782064,39.01014120095092,24.462470730578612,12.744666408656366,34.400000000000006,28.29268935594005
stl_st_louis_downtown_airport_to_st_louis_lambert_2026-03-09_0180,st_louis_downtown_airport_to_st_louis_lambert,St. Louis Downtown Airport to St. Louis Lambert,St. Louis Downtown Airport,St. Louis Lambert International Airport,38.5703611,-90.1550833,38.7486982,-90.3700257,2026-03-09,March 9th - Monday,w_0180,0.3,0.1,0.4,0.2,41,"[2179, 2180, 2174, 2199, 2203, 2207, 2341, 2344, 2368, 2374, 2394, 2397, 2712, 2714, 2750, 2744, 2770, 2772, 2777, 3989, 3993, 4006, 4008, 4021, 4045, 4047, 4058, 4062, 4077, 4079, 5077, 5081, 5083, 5306, 5303, 5318, 5323, 5321, 5357, 5358, 5364]",0.01907589999609627,success,,35.445569252782064,39.01014120095092,24.462470730578612,12.744666408656366,34.400000000000006,26.127155996805687
stl_st_louis_downtown_airport_to_st_louis_lambert_2026-03-09_0181,st_louis_downtown_airport_to_st_louis_lambert,St. Louis Downtown Airport to St. Louis Lambert,St. Louis Downtown Airport,St. Louis Lambert International Airport,38.5703611,-90.1550833,38.7486982,-90.3700257,2026-03-09,March 9th - Monday,w_0181,0.3,0.1,0.5,0.1,42,"[2179, 2147, 2172, 2174, 2199, 2203, 2207, 2341, 2344, 2368, 2374, 2394, 2397, 2712, 2714, 2750, 2744, 2770, 2772, 2777, 3989, 3993, 4006, 4008, 4021, 4045, 4047, 4058, 4062, 4077, 4079, 5077, 5081, 5083, 5306, 5303, 5318, 5323, 5321, 5357, 5358, 5364]",0.01628310000523925,success,,35.82020566880418,39.42245280423809,24.5122316454921,12.238499636103192,35.400000000000006,23.937208823872233
stl_st_louis_downtown_airport_to_st_louis_lambert_2026-03-09_0182,st_louis_downtown_airport_to_st_louis_lambert,St. Louis Downtown Airport to St. Louis Lambert,St. Louis Downtown Airport,St. Louis Lambert International Airport,38.5703611,-90.1550833,38.7486982,-90.3700257,2026-03-09,March 9th - Monday,w_0182,0.3,0.1,0.6,0.0,42,"[2179, 2147, 2172, 2174, 2199, 2203, 2207, 2341, 2344, 2368, 2374, 2394, 2397, 2712, 2714, 2750, 2744, 2770, 2772, 2777, 3989, 3993, 4006, 4008, 4021, 4045, 4047, 4058, 4062, 4077, 4079, 5077, 5081, 5083, 5306, 5303, 5318, 5323, 5321, 5357, 5358, 5364]",0.014179499994497746,success,,35.82020566880418,39.42245280423809,24.5122316454921,12.238499636103192,35.400000000000006,21.621058787482553
stl_st_louis_downtown_airport_to_st_louis_lambert_2026-03-09_0183,st_louis_downtown_airport_to_st_louis_lambert,St. Louis Downtown Airport to St. Louis Lambert,St. Louis Downtown Airport,St. Louis Lambert International Airport,38.5703611,-90.1550833,38.7486982,-90.3700257,2026-03-09,March 9th - Monday,w_0183,0.3,0.2,0.0,0.5,40,"[2179, 2180, 2174, 2199, 2203, 2207, 2341, 2344, 2368, 2374, 2394, 2397, 2712, 2716, 2739, 2746, 2769, 2773, 3985, 3988, 3992, 3994, 4019, 4020, 4023, 4055, 4059, 4063, 4078, 5051, 5075, 5079, 5306, 5303, 5318, 5323, 5346, 5357, 5358, 5364]",0.02703199998359196,success,,35.06987633323177,38.59666684720769,23.21199613097869,16.19626633787932,33.8,33.12139928035805
stl_st_louis_downtown_airport_to_st_louis_lambert_2026-03-09_0184,st_louis_downtown_airport_to_st_louis_lambert,St. Louis Downtown Airport to St. Louis Lambert,St. Louis Downtown Airport,St. Louis Lambert International Airport,38.5703611,-90.1550833,38.7486982,-90.3700257,2026-03-09,March 9th - Monday,w_0184,0.3,0.2,0.1,0.4,41,"[2179, 2180, 2174, 2199, 2203, 2207, 2341, 2344, 2368, 2374, 2398, 2709, 2711, 2714, 2750, 2744, 2770, 2772, 2777, 3989, 3993, 4006, 4008, 4021, 4045, 4047, 4058, 4062, 4077, 4079, 5077, 5081, 5083, 5308, 5316, 5322, 5323, 5346, 5357, 5358, 5364]",0.024960300012025982,success,,35.44576618687472,39.01035793965546,21.38361219710798,16.20830636682576,34.400000000000006,31.360660458000815
stl_st_louis_downtown_airport_to_st_louis_lambert_2026-03-09_0185,st_louis_downtown_airport_to_st_louis_lambert,St. Louis Downtown Airport to St. Louis Lambert,St. Louis Downtown Airport,St. Louis Lambert International Airport,38.5703611,-90.1550833,38.7486982,-90.3700257,2026-03-09,March 9th - Monday,w_0185,0.3,0.2,0.2,0.3,41,"[2179, 2180, 2174, 2199, 2203, 2207, 2341, 2344, 2368, 2374, 2394, 2397, 2711, 2714, 2750, 2744, 2770, 2772, 2777, 3989, 3993, 4006, 4008, 4021, 4045, 4047, 4058, 4062, 4077, 4079, 5077, 5081, 5083, 5306, 5303, 5318, 5323, 5346, 5357, 5358, 5364]",0.02173980002407916,success,,35.445621882417974,39.010199123268755,23.435018864316554,13.344040171748633,34.400000000000006,29.378871544193665
stl_st_louis_downtown_airport_to_st_louis_lambert_2026-03-09_0186,st_louis_downtown_airport_to_st_louis_lambert,St. Louis Downtown Airport to St. Louis Lambert,St. Louis Downtown Airport,St. Louis Lambert International Airport,38.5703611,-90.1550833,38.7486982,-90.3700257,2026-03-09,March 9th - Monday,w_0186,0.3,0.2,0.3,0.2,41,"[2179, 2180, 2174, 2199, 2203, 2207, 2341, 2344, 2368, 2374, 2394, 2397, 2711, 2714, 2750, 2744, 2770, 2772, 2777, 3989, 3993, 4006, 4008, 4021, 4045, 4047, 4058, 4062, 4077, 4079, 5077, 5081, 5083, 5306, 5303, 5318, 5323, 5346, 5357, 5358, 5364]",0.01942969998344779,success,,35.445621882417974,39.010199123268755,23.435018864316554,13.344040171748633,34.400000000000006,27.27327556136853
stl_st_louis_downtown_airport_to_st_louis_lambert_2026-03-09_0187,st_louis_downtown_airport_to_st_louis_lambert,St. Louis Downtown Airport to St. Louis Lambert,St. Louis Downtown Airport,St. Louis Lambert International Airport,38.5703611,-90.1550833,38.7486982,-90.3700257,2026-03-09,March 9th - Monday,w_0187,0.3,0.2,0.4,0.1,41,"[2179, 2180, 2174, 2199, 2203, 2207, 2341, 2344, 2368, 2374, 2394, 2397, 2712, 2714, 2750, 2744, 2770, 2772, 2777, 3989, 3993, 4006, 4008, 4021, 4045, 4047, 4058, 4062, 4077, 4079, 5077, 5081, 5083, 5306, 5303, 5318, 5323, 5321, 5357, 5358, 5364]",0.01686969998991117,success,,35.445569252782064,39.01014120095092,24.462470730578612,12.744666408656366,34.400000000000006,25.133403069863544
stl_st_louis_downtown_airport_to_st_louis_lambert_2026-03-09_0188,st_louis_downtown_airport_to_st_louis_lambert,St. Louis Downtown Airport to St. Louis Lambert,St. Louis Downtown Airport,St. Louis Lambert International Airport,38.5703611,-90.1550833,38.7486982,-90.3700257,2026-03-09,March 9th - Monday,w_0188,0.3,0.2,0.5,0.0,42,"[2179, 2147, 2172, 2174, 2199, 2203, 2207, 2341, 2344, 2368, 2374, 2394, 2397, 2712, 2714, 2750, 2744, 2770, 2772, 2777, 3989, 3993, 4006, 4008, 4021, 4045, 4047, 4058, 4062, 4077, 4079, 5077, 5081, 5083, 5306, 5303, 5318, 5323, 5321, 5357, 5358, 5364]",0.015070499997818843,success,,35.82020566880418,39.42245280423809,24.5122316454921,12.238499636103192,35.400000000000006,22.848431988421442
stl_st_louis_downtown_airport_to_st_louis_lambert_2026-03-09_0189,st_louis_downtown_airport_to_st_louis_lambert,St. Louis Downtown Airport to St. Louis Lambert,St. Louis Downtown Airport,St. Louis Lambert International Airport,38.5703611,-90.1550833,38.7486982,-90.3700257,2026-03-09,March 9th - Monday,w_0189,0.3,0.3,0.0,0.4,43,"[2179, 2180, 2174, 2199, 2203, 2207, 2341, 2345, 2370, 2373, 2398, 2709, 2711, 2714, 2750, 2744, 2770, 2772, 2777, 3989, 3993, 4006, 4008, 4021, 4045, 4047, 4058, 4062, 4077, 4082, 4084, 5080, 5084, 5310, 5311, 5337, 5320, 5322, 5323, 5346, 5357, 5358, 5364]",0.025503400014713407,success,,36.197024617572914,39.83716642595565,17.31210242086407,20.84777907646774,36.400000000000006,31.70478065404592
stl_st_louis_downtown_airport_to_st_louis_lambert_2026-03-09_0190,st_louis_downtown_airport_to_st_louis_lambert,St. Louis Downtown Airport to St. Louis Lambert,St. Louis Downtown Airport,St. Louis Lambert International Airport,38.5703611,-90.1550833,38.7486982,-90.3700257,2026-03-09,March 9th - Monday,w_0190,0.3,0.3,0.1,0.3,41,"[2179, 2180, 2174, 2199, 2203, 2207, 2341, 2344, 2368, 2374, 2398, 2709, 2711, 2714, 2750, 2744, 2770, 2772, 2777, 3989, 3993, 4006, 4008, 4021, 4045, 4047, 4058, 4062, 4077, 4079, 5077, 5081, 5083, 5308, 5316, 5322, 5323, 5346, 5357, 5358, 5364]",0.024571499990997836,success,,35.44576618687472,39.01035793965546,21.38361219710798,16.20830636682576,34.400000000000006,30.059021677711605
stl_st_louis_downtown_airport_to_st_louis_lambert_2026-03-09_0191,st_louis_downtown_airport_to_st_louis_lambert,St. Louis Downtown Airport to St. Louis Lambert,St. Louis Downtown Airport,St. Louis Lambert International Airport,38.5703611,-90.1550833,38.7486982,-90.3700257,2026-03-09,March 9th - Monday,w_0191,0.3,0.3,0.2,0.2,41,"[2179, 2180, 2174, 2199, 2203, 2207, 2341, 2344, 2368, 2374, 2398, 2709, 2711, 2714, 2750, 2744, 2770, 2772, 2777, 3989, 3993, 4006, 4008, 4021, 4045, 4047, 4058, 4062, 4077, 4079, 5077, 5081, 5083, 5308, 5316, 5322, 5323, 5346, 5357, 5358, 5364]",0.021786099998280406,success,,35.44576618687472,39.01035793965546,21.38361219710798,16.20830636682576,34.400000000000006,28.239852314394184
stl_st_louis_downtown_airport_to_st_louis_lambert_2026-03-09_0192,st_louis_downtown_airport_to_st_louis_lambert,St. Louis Downtown Airport to St. Louis Lambert,St. Louis Downtown Airport,St. Louis Lambert International Airport,38.5703611,-90.1550833,38.7486982,-90.3700257,2026-03-09,March 9th - Monday,w_0192,0.3,0.3,0.3,0.1,41,"[2179, 2180, 2174, 2199, 2203, 2207, 2341, 2344, 2368, 2374, 2394, 2397, 2711, 2714, 2750, 2744, 2770, 2772, 2777, 3989, 3993, 4006, 4008, 4021, 4045, 4047, 4058, 4062, 4077, 4079, 5077, 5081, 5083, 5306, 5303, 5318, 5323, 5346, 5357, 5358, 5364]",0.018371099984506145,success,,35.445621882417974,39.010199123268755,23.435018864316554,13.344040171748633,34.400000000000006,26.17677744780018
stl_st_louis_downtown_airport_to_st_louis_lambert_2026-03-09_0193,st_louis_downtown_airport_to_st_louis_lambert,St. Louis Downtown Airport to St. Louis Lambert,St. Louis Downtown Airport,St. Louis Lambert International Airport,38.5703611,-90.1550833,38.7486982,-90.3700257,2026-03-09,March 9th - Monday,w_0193,0.3,0.3,0.4,0.0,42,"[2179, 2147, 2172, 2174, 2199, 2203, 2207, 2341, 2344, 2368, 2374, 2394, 2397, 2711, 2714, 2750, 2744, 2770, 2772, 2777, 3989, 3993, 4006, 4008, 4021, 4045, 4047, 4058, 4062, 4077, 4079, 5077, 5081, 5083, 5306, 5303, 5318, 5323, 5346, 5357, 5358, 5364]",0.017042500025127083,success,,35.820258298440095,39.422510726555934,23.484779779230042,12.83787339919546,35.400000000000006,24.00733651141398
stl_st_louis_downtown_airport_to_st_louis_lambert_2026-03-09_0194,st_louis_downtown_airport_to_st_louis_lambert,St. Louis Downtown Airport to St. Louis Lambert,St. Louis Downtown Airport,St. Louis Lambert International Airport,38.5703611,-90.1550833,38.7486982,-90.3700257,2026-03-09,March 9th - Monday,w_0194,0.3,0.4,0.0,0.3,43,"[2179, 2180, 2174, 2199, 2203, 2207, 2341, 2345, 2370, 2373, 2398, 2709, 2711, 2714, 2750, 2744, 2770, 2772, 2777, 3989, 3993, 4006, 4008, 4021, 4045, 4047, 4058, 4062, 4077, 4082, 4084, 5080, 5084, 5310, 5311, 5337, 5320, 5322, 5323, 5346, 5357, 5358, 5364]",0.020960800000466406,success,,36.197024617572914,39.83716642595565,17.31210242086407,20.84777907646774,36.400000000000006,29.795990896132324
stl_st_louis_downtown_airport_to_st_louis_lambert_2026-03-09_0195,st_louis_downtown_airport_to_st_louis_lambert,St. Louis Downtown Airport to St. Louis Lambert,St. Louis Downtown Airport,St. Louis Lambert International Airport,38.5703611,-90.1550833,38.7486982,-90.3700257,2026-03-09,March 9th - Monday,w_0195,0.3,0.4,0.1,0.2,43,"[2179, 2180, 2174, 2199, 2203, 2207, 2341, 2344, 2368, 2374, 2398, 2709, 2711, 2714, 2750, 2744, 2770, 2772, 2777, 3989, 3993, 4006, 4008, 4021, 4045, 4047, 4058, 4062, 4077, 4082, 4084, 5080, 5084, 5310, 5311, 5337, 5320, 5322, 5323, 5346, 5357, 5358, 5364]",0.02106389999971725,success,,36.19698431445951,39.83712206977298,17.44717448649624,20.082925131580172,36.400000000000006,28.218298928688412
stl_st_louis_downtown_airport_to_st_louis_lambert_2026-03-09_0196,st_louis_downtown_airport_to_st_louis_lambert,St. Louis Downtown Airport to St. Louis Lambert,St. Louis Downtown Airport,St. Louis Lambert International Airport,38.5703611,-90.1550833,38.7486982,-90.3700257,2026-03-09,March 9th - Monday,w_0196,0.3,0.4,0.2,0.1,43,"[2179, 2180, 2174, 2199, 2203, 2207, 2341, 2344, 2368, 2374, 2398, 2709, 2711, 2714, 2750, 2744, 2770, 2772, 2777, 3989, 3993, 4006, 4008, 4021, 4045, 4047, 4058, 4062, 4077, 4082, 4084, 5080, 5084, 5310, 5311, 5337, 5320, 5322, 5323, 5346, 5357, 5358, 5364]",0.01850380000541918,success,,36.19698431445951,39.83712206977298,17.44717448649624,20.082925131580172,36.400000000000006,26.58659144184643
stl_st_louis_downtown_airport_to_st_louis_lambert_2026-03-09_0197,st_louis_downtown_airport_to_st_louis_lambert,St. Louis Downtown Airport to St. Louis Lambert,St. Louis Downtown Airport,St. Louis Lambert International Airport,38.5703611,-90.1550833,38.7486982,-90.3700257,2026-03-09,March 9th - Monday,w_0197,0.3,0.4,0.3,0.0,54,"[2179, 2181, 2184, 2186, 2421, 2205, 2448, 2453, 2456, 2479, 2482, 2483, 2487, 2809, 2813, 2816, 2858, 2863, 2864, 2889, 3896, 3898, 3901, 3902, 3914, 3948, 3947, 3945, 3940, 3977, 3976, 3980, 4195, 4199, 4201, 4216, 4229, 4232, 4234, 4266, 4269, 4272, 4586, 5343, 5342, 5341, 5366, 5353, 5352, 5375, 5376, 5588, 5362, 5364]",0.01629619998857379,success,,42.46106618049611,46.73114925680213,11.677603983272324,18.213700317298382,45.000000000000014,24.154496465539083
stl_st_louis_downtown_airport_to_st_louis_lambert_2026-03-09_0198,st_louis_downtown_airport_to_st_louis_lambert,St. Louis Downtown Airport to St. Louis Lambert,St. Louis Downtown Airport,St. Louis Lambert International Airport,38.5703611,-90.1550833,38.7486982,-90.3700257,2026-03-09,March 9th - Monday,w_0198,0.3,0.5,0.0,0.2,54,"[2179, 2180, 2183, 2186, 2419, 2423, 2448, 2452, 2455, 2478, 2482, 2483, 2487, 2811, 2812, 2816, 2858, 2863, 2864, 2795, 2796, 3899, 3902, 3914, 3948, 3947, 3952, 3940, 3977, 3976, 3941, 4043, 4066, 4067, 4068, 4185, 4187, 4188, 4076, 4075, 4082, 4084, 5080, 5084, 5310, 5311, 5337, 5320, 5322, 5323, 5346, 5357, 5358, 5364]",0.018467100017005578,success,,41.395240995826775,45.55813971496164,9.018797265828733,28.220305055111155,44.60000000000002,27.096840547402863
stl_st_louis_downtown_airport_to_st_louis_lambert_2026-03-09_0199,st_louis_downtown_airport_to_st_louis_lambert,St. Louis Downtown Airport to St. Louis Lambert,St. Louis Downtown Airport,St. Louis Lambert International Airport,38.5703611,-90.1550833,38.7486982,-90.3700257,2026-03-09,March 9th - Monday,w_0199,0.3,0.5,0.1,0.1,54,"[2179, 2181, 2184, 2186, 2419, 2423, 2448, 2453, 2456, 2479, 2480, 2484, 2486, 2809, 2813, 2816, 2858, 2863, 2864, 2795, 2796, 3899, 3902, 3914, 3948, 3947, 3952, 3940, 3977, 3976, 3941, 4043, 4066, 4067, 4068, 4185, 4187, 4188, 4076, 4075, 4082, 4084, 5080, 5084, 5310, 5311, 5337, 5320, 5322, 5323, 5346, 5357, 5358, 5364]",0.01593600001069717,success,,41.3953750558066,45.55828725663901,9.018797265828733,26.070701708835873,44.60000000000002,25.24395498078966
stl_st_louis_downtown_airport_to_st_louis_lambert_2026-03-09_0200,st_louis_downtown_airport_to_st_louis_lambert,St. Louis Downtown Airport to St. Louis Lambert,St. Louis Downtown Airport,St. Louis Lambert International Airport,38.5703611,-90.1550833,38.7486982,-90.3700257,2026-03-09,March 9th - Monday,w_0200,0.3,0.5,0.2,0.0,55,"[2179, 2181, 2184, 2186, 2421, 2205, 2448, 2453, 2456, 2479, 2480, 2484, 2486, 2809, 2813, 2816, 2858, 2863, 2864, 2889, 3896, 3898, 3901, 3902, 3914, 3948, 3947, 3945, 3940, 3977, 3976, 3941, 4043, 4042, 4041, 4044, 4052, 4187, 4188, 4076, 4075, 4082, 4084, 5080, 5084, 5310, 5311, 5337, 5320, 5322, 5323, 5346, 5357, 5358, 5364]",0.015184699994279072,success,,41.7703867672835,45.97101189684423,9.257266226759127,23.804619226948848,45.20000000000002,23.180860527822603
stl_st_louis_downtown_airport_to_st_louis_lambert_2026-03-09_0201,st_louis_downtown_airport_to_st_louis_lambert,St. Louis Downtown Airport to St. Louis Lambert,St. Louis Downtown Airport,St. Louis Lambert International Airport,38.5703611,-90.1550833,38.7486982,-90.3700257,2026-03-09,March 9th - Monday,w_0201,0.3,0.6,0.0,0.1,55,"[2179, 2180, 2183, 2186, 2419, 2423, 2448, 2452, 2455, 2478, 2482, 2483, 2487, 2811, 2812, 2816, 2858, 2863, 2864, 2889, 3896, 3898, 3901, 3927, 3946, 3949, 3953, 3966, 3944, 3977, 3976, 3941, 4043, 4066, 4067, 4068, 4185, 4187, 4188, 4076, 4075, 4082, 4084, 5080, 5084, 5310, 5311, 5337, 5320, 5322, 5323, 5346, 5357, 5358, 5364]",0.013579399994341657,success,,41.77074742931658,45.971408828735385,8.67777235752909,28.986304738290702,45.20000000000002,23.51808606313807
stl_st_louis_downtown_airport_to_st_louis_lambert_2026-03-09_0202,st_louis_downtown_airport_to_st_louis_lambert,St. Louis Downtown Airport to St. Louis Lambert,St. Louis Downtown Airport,St. Louis Lambert International Airport,38.5703611,-90.1550833,38.7486982,-90.3700257,2026-03-09,March 9th - Monday,w_0202,0.3,0.6,0.1,0.0,55,"[2179, 2181, 2184, 2186, 2419, 2423, 2448, 2453, 2456, 2479, 2480, 2484, 2486, 2809, 2813, 2816, 2858, 2863, 2864, 2889, 3896, 3898, 3901, 3902, 3914, 3948, 3947, 3952, 3940, 3977, 3976, 3941, 4043, 4066, 4067, 4068, 4185, 4187, 4188, 4076, 4075, 4082, 4084, 5080, 5084, 5310, 5311, 5337, 5320, 5322, 5323, 5346, 5357, 5358, 5364]",0.012521700002253056,success,,41.77060862601229,45.97125606672271,8.785645315278698,25.86509285704663,45.20000000000002,21.649273294888694
stl_st_louis_downtown_airport_to_st_louis_lambert_2026-03-09_0203,st_louis_downtown_airport_to_st_louis_lambert,St. Louis Downtown Airport to St. Louis Lambert,St. Louis Downtown Airport,St. Louis Lambert International Airport,38.5703611,-90.1550833,38.7486982,-90.3700257,2026-03-09,March 9th - Monday,w_0203,0.3,0.7,0.0,0.0,55,"[2179, 2180, 2183, 2186, 2419, 2423, 2448, 2452, 2455, 2478, 2482, 2483, 2487, 2811, 2812, 2816, 2858, 2863, 2864, 2889, 3896, 3898, 3901, 3927, 3946, 3949, 3953, 3966, 3944, 3977, 3976, 3941, 4043, 4066, 4067, 4068, 4185, 4187, 4188, 4076, 4075, 4082, 4084, 5080, 5084, 5310, 5311, 5337, 5320, 5322, 5323, 5346, 5357, 5358, 5364]",0.01008229999570176,success,,41.77074742931658,45.971408828735385,8.67777235752909,28.986304738290702,45.20000000000002,19.86586329889098
stl_st_louis_downtown_airport_to_st_louis_lambert_2026-03-09_0204,st_louis_downtown_airport_to_st_louis_lambert,St. Louis Downtown Airport to St. Louis Lambert,St. Louis Downtown Airport,St. Louis Lambert International Airport,38.5703611,-90.1550833,38.7486982,-90.3700257,2026-03-09,March 9th - Monday,w_0204,0.4,0.0,0.0,0.6,40,"[2179, 2147, 2172, 2176, 2200, 2204, 2317, 2340, 2346, 2371, 2391, 2395, 2708, 2713, 2738, 2741, 2745, 2747, 2684, 2687, 3987, 3990, 4016, 4017, 4022, 4029, 4034, 4060, 4064, 5048, 5052, 5076, 5082, 5299, 5304, 5319, 5321, 5357, 5358, 5364]",0.01877660001628101,success,,35.06847425714207,38.5951237717998,26.02381511715049,17.37501008770346,33.400000000000006,35.47804950871992
stl_st_louis_downtown_airport_to_st_louis_lambert_2026-03-09_0205,st_louis_downtown_airport_to_st_louis_lambert,St. Louis Downtown Airport to St. Louis Lambert,St. Louis Downtown Airport,St. Louis Lambert International Airport,38.5703611,-90.1550833,38.7486982,-90.3700257,2026-03-09,March 9th - Monday,w_0205,0.4,0.0,0.1,0.5,40,"[2179, 2180, 2174, 2199, 2203, 2207, 2341, 2344, 2368, 2374, 2394, 2397, 2708, 2713, 2738, 2741, 2745, 2747, 2684, 2687, 3987, 3990, 4016, 4017, 4022, 4029, 4034, 4060, 4064, 5048, 5052, 5076, 5082, 5299, 5304, 5319, 5321, 5357, 5358, 5364]",0.015944300015689805,success,,35.068901024242656,38.595593456592695,26.02381511715049,16.308605660057136,33.400000000000006,33.769097948642795
stl_st_louis_downtown_airport_to_st_louis_lambert_2026-03-09_0206,st_louis_downtown_airport_to_st_louis_lambert,St. Louis Downtown Airport to St. Louis Lambert,St. Louis Downtown Airport,St. Louis Lambert International Airport,38.5703611,-90.1550833,38.7486982,-90.3700257,2026-03-09,March 9th - Monday,w_0206,0.4,0.0,0.2,0.4,41,"[2179, 2180, 2174, 2199, 2203, 2207, 2341, 2344, 2368, 2374, 2394, 2397, 2712, 2714, 2750, 2744, 2770, 2772, 2777, 3989, 3993, 4006, 4008, 4021, 4045, 4047, 4058, 4062, 4077, 4079, 5077, 5081, 5083, 5306, 5303, 5318, 5323, 5321, 5357, 5358, 5364]",0.015098900010343641,success,,35.445569252782064,39.01014120095092,24.462470730578612,12.744666408656366,34.400000000000006,31.912989762111643
stl_st_louis_downtown_airport_to_st_louis_lambert_2026-03-09_0207,st_louis_downtown_airport_to_st_louis_lambert,St. Louis Downtown Airport to St. Louis Lambert,St. Louis Downtown Airport,St. Louis Lambert International Airport,38.5703611,-90.1550833,38.7486982,-90.3700257,2026-03-09,March 9th - Monday,w_0207,0.4,0.0,0.3,0.3,41,"[2179, 2180, 2174, 2199, 2203, 2207, 2341, 2344, 2368, 2374, 2394, 2397, 2712, 2714, 2750, 2744, 2770, 2772, 2777, 3989, 3993, 4006, 4008, 4021, 4045, 4047, 4058, 4062, 4077, 4079, 5077, 5081, 5083, 5306, 5303, 5318, 5323, 5321, 5357, 5358, 5364]",0.012386799993691966,success,,35.445569252782064,39.01014120095092,24.462470730578612,12.744666408656366,34.400000000000006,29.747456402977278
stl_st_louis_downtown_airport_to_st_louis_lambert_2026-03-09_0208,st_louis_downtown_airport_to_st_louis_lambert,St. Louis Downtown Airport to St. Louis Lambert,St. Louis Downtown Airport,St. Louis Lambert International Airport,38.5703611,-90.1550833,38.7486982,-90.3700257,2026-03-09,March 9th - Monday,w_0208,0.4,0.0,0.4,0.2,41,"[2179, 2180, 2174, 2199, 2203, 2207, 2341, 2344, 2368, 2374, 2394, 2397, 2712, 2714, 2750, 2744, 2770, 2772, 2777, 3989, 3993, 4006, 4008, 4021, 4045, 4047, 4058, 4062, 4077, 4079, 5077, 5081, 5083, 5306, 5303, 5318, 5323, 5321, 5357, 5358, 5364]",0.010849199985386804,success,,35.445569252782064,39.01014120095092,24.462470730578612,12.744666408656366,34.400000000000006,27.581923043842917
stl_st_louis_downtown_airport_to_st_louis_lambert_2026-03-09_0209,st_louis_downtown_airport_to_st_louis_lambert,St. Louis Downtown Airport to St. Louis Lambert,St. Louis Downtown Airport,St. Louis Lambert International Airport,38.5703611,-90.1550833,38.7486982,-90.3700257,2026-03-09,March 9th - Monday,w_0209,0.4,0.0,0.5,0.1,41,"[2179, 2180, 2174, 2199, 2203, 2207, 2341, 2344, 2368, 2374, 2394, 2397, 2712, 2714, 2750, 2744, 2770, 2772, 2777, 3989, 3993, 4006, 4008, 4021, 4045, 4047, 4058, 4062, 4077, 4079, 5077, 5081, 5083, 5306, 5303, 5318, 5323, 5321, 5357, 5358, 5364]",0.01002149999840185,success,,35.445569252782064,39.01014120095092,24.462470730578612,12.744666408656366,34.400000000000006,25.41638968470855
stl_st_louis_downtown_airport_to_st_louis_lambert_2026-03-09_0210,st_louis_downtown_airport_to_st_louis_lambert,St. Louis Downtown Airport to St. Louis Lambert,St. Louis Downtown Airport,St. Louis Lambert International Airport,38.5703611,-90.1550833,38.7486982,-90.3700257,2026-03-09,March 9th - Monday,w_0210,0.4,0.0,0.6,0.0,46,"[2179, 2147, 2172, 2174, 2199, 2203, 2207, 2341, 2344, 2368, 2374, 2394, 2397, 2712, 2714, 2750, 2744, 2768, 2774, 2772, 2773, 2684, 2682, 2685, 2686, 2703, 2705, 2707, 4004, 4027, 4032, 4031, 5025, 5031, 5046, 5047, 5054, 5071, 5296, 5301, 5315, 5319, 5321, 5357, 5358, 5364]",0.009692300023743883,success,,37.319017816230804,41.0719924995337,28.71518334809553,11.022184859550507,38.20000000000001,23.042107915543784
stl_st_louis_downtown_airport_to_st_louis_lambert_2026-03-09_0211,st_louis_downtown_airport_to_st_louis_lambert,St. Louis Downtown Airport to St. Louis Lambert,St. Louis Downtown Airport,St. Louis Lambert International Airport,38.5703611,-90.1550833,38.7486982,-90.3700257,2026-03-09,March 9th - Monday,w_0211,0.4,0.1,0.0,0.5,40,"[2179, 2180, 2174, 2199, 2203, 2207, 2341, 2344, 2368, 2374, 2394, 2397, 2712, 2716, 2739, 2746, 2769, 2773, 3985, 3988, 3992, 3994, 4019, 4017, 4022, 4029, 4034, 4060, 4064, 5048, 5052, 5076, 5082, 5299, 5304, 5319, 5321, 5357, 5358, 5364]",0.016739499988034368,success,,35.06932923764436,38.59606473313351,24.787572976016946,17.335924860773844,33.400000000000006,34.6171831908551
stl_st_louis_downtown_airport_to_st_louis_lambert_2026-03-09_0212,st_louis_downtown_airport_to_st_louis_lambert,St. Louis Downtown Airport to St. Louis Lambert,St. Louis Downtown Airport,St. Louis Lambert International Airport,38.5703611,-90.1550833,38.7486982,-90.3700257,2026-03-09,March 9th - Monday,w_0212,0.4,0.1,0.1,0.4,40,"[2179, 2180, 2174, 2199, 2203, 2207, 2341, 2344, 2368, 2374, 2394, 2397, 2712, 2716, 2739, 2746, 2769, 2773, 3985, 3988, 3992, 3994, 4019, 4020, 4023, 4055, 4059, 4063, 4078, 5051, 5075, 5079, 5306, 5303, 5318, 5323, 5346, 5357, 5358, 5364]",0.014416600024560466,success,,35.06987633323177,38.59666684720769,23.21199613097869,16.19626633787932,33.8,32.89949298576887
stl_st_louis_downtown_airport_to_st_louis_lambert_2026-03-09_0213,st_louis_downtown_airport_to_st_louis_lambert,St. Louis Downtown Airport to St. Louis Lambert,St. Louis Downtown Airport,St. Louis Lambert International Airport,38.5703611,-90.1550833,38.7486982,-90.3700257,2026-03-09,March 9th - Monday,w_0213,0.4,0.1,0.2,0.3,41,"[2179, 2180, 2174, 2199, 2203, 2207, 2341, 2344, 2368, 2374, 2394, 2397, 2712, 2714, 2750, 2744, 2770, 2772, 2777, 3989, 3993, 4006, 4008, 4021, 4045, 4047, 4058, 4062, 4077, 4079, 5077, 5081, 5083, 5306, 5303, 5318, 5323, 5321, 5357, 5358, 5364]",0.014204899984179065,success,,35.445569252782064,39.01014120095092,24.462470730578612,12.744666408656366,34.400000000000006,30.919236835169507
stl_st_louis_downtown_airport_to_st_louis_lambert_2026-03-09_0214,st_louis_downtown_airport_to_st_louis_lambert,St. Louis Downtown Airport to St. Louis Lambert,St. Louis Downtown Airport,St. Louis Lambert International Airport,38.5703611,-90.1550833,38.7486982,-90.3700257,2026-03-09,March 9th - Monday,w_0214,0.4,0.1,0.3,0.2,41,"[2179, 2180, 2174, 2199, 2203, 2207, 2341, 2344, 2368, 2374, 2394, 2397, 2712, 2714, 2750, 2744, 2770, 2772, 2777, 3989, 3993, 4006, 4008, 4021, 4045, 4047, 4058, 4062, 4077, 4079, 5077, 5081, 5083, 5306, 5303, 5318, 5323, 5321, 5357, 5358, 5364]",0.01221590000204742,success,,35.445569252782064,39.01014120095092,24.462470730578612,12.744666408656366,34.400000000000006,28.75370347603514
stl_st_louis_downtown_airport_to_st_louis_lambert_2026-03-09_0215,st_louis_downtown_airport_to_st_louis_lambert,St. Louis Downtown Airport to St. Louis Lambert,St. Louis Downtown Airport,St. Louis Lambert International Airport,38.5703611,-90.1550833,38.7486982,-90.3700257,2026-03-09,March 9th - Monday,w_0215,0.4,0.1,0.4,0.1,41,"[2179, 2180, 2174, 2199, 2203, 2207, 2341, 2344, 2368, 2374, 2394, 2397, 2712, 2714, 2750, 2744, 2770, 2772, 2777, 3989, 3993, 4006, 4008, 4021, 4045, 4047, 4058, 4062, 4077, 4079, 5077, 5081, 5083, 5306, 5303, 5318, 5323, 5321, 5357, 5358, 5364]",0.011601300007896498,success,,35.445569252782064,39.01014120095092,24.462470730578612,12.744666408656366,34.400000000000006,26.588170116900777
stl_st_louis_downtown_airport_to_st_louis_lambert_2026-03-09_0216,st_louis_downtown_airport_to_st_louis_lambert,St. Louis Downtown Airport to St. Louis Lambert,St. Louis Downtown Airport,St. Louis Lambert International Airport,38.5703611,-90.1550833,38.7486982,-90.3700257,2026-03-09,March 9th - Monday,w_0216,0.4,0.1,0.5,0.0,42,"[2179, 2147, 2172, 2174, 2199, 2203, 2207, 2341, 2344, 2368, 2374, 2394, 2397, 2712, 2714, 2750, 2744, 2770, 2772, 2777, 3989, 3993, 4006, 4008, 4021, 4045, 4047, 4058, 4062, 4077, 4079, 5077, 5081, 5083, 5306, 5303, 5318, 5323, 5321, 5357, 5358, 5364]",0.009852300019701943,success,,35.82020566880418,39.42245280423809,24.5122316454921,12.238499636103192,35.400000000000006,24.339454104296042
stl_st_louis_downtown_airport_to_st_louis_lambert_2026-03-09_0217,st_louis_downtown_airport_to_st_louis_lambert,St. Louis Downtown Airport to St. Louis Lambert,St. Louis Downtown Airport,St. Louis Lambert International Airport,38.5703611,-90.1550833,38.7486982,-90.3700257,2026-03-09,March 9th - Monday,w_0217,0.4,0.2,0.0,0.4,40,"[2179, 2180, 2174, 2199, 2203, 2207, 2341, 2344, 2368, 2374, 2394, 2397, 2712, 2716, 2739, 2746, 2769, 2773, 3985, 3988, 3992, 3994, 4019, 4020, 4023, 4055, 4059, 4063, 4078, 5051, 5075, 5079, 5306, 5303, 5318, 5323, 5346, 5357, 5358, 5364]",0.016889099992113188,success,,35.06987633323177,38.59666684720769,23.21199613097869,16.19626633787932,33.8,33.60106596507882
stl_st_louis_downtown_airport_to_st_louis_lambert_2026-03-09_0218,st_louis_downtown_airport_to_st_louis_lambert,St. Louis Downtown Airport to St. Louis Lambert,St. Louis Downtown Airport,St. Louis Lambert International Airport,38.5703611,-90.1550833,38.7486982,-90.3700257,2026-03-09,March 9th - Monday,w_0218,0.4,0.2,0.1,0.3,41,"[2179, 2180, 2174, 2199, 2203, 2207, 2341, 2344, 2368, 2374, 2398, 2709, 2711, 2714, 2750, 2744, 2770, 2772, 2777, 3989, 3993, 4006, 4008, 4021, 4045, 4047, 4058, 4062, 4077, 4079, 5077, 5081, 5083, 5308, 5316, 5322, 5323, 5346, 5357, 5358, 5364]",0.014782899990677834,success,,35.44576618687472,39.01035793965546,21.38361219710798,16.20830636682576,34.400000000000006,31.821696251966358
stl_st_louis_downtown_airport_to_st_louis_lambert_2026-03-09_0219,st_louis_downtown_airport_to_st_louis_lambert,St. Louis Downtown Airport to St. Louis Lambert,St. Louis Downtown Airport,St. Louis Lambert International Airport,38.5703611,-90.1550833,38.7486982,-90.3700257,2026-03-09,March 9th - Monday,w_0219,0.4,0.2,0.2,0.2,41,"[2179, 2180, 2174, 2199, 2203, 2207, 2341, 2344, 2368, 2374, 2394, 2397, 2711, 2714, 2750, 2744, 2770, 2772, 2777, 3989, 3993, 4006, 4008, 4021, 4045, 4047, 4058, 4062, 4077, 4079, 5077, 5081, 5083, 5306, 5303, 5318, 5323, 5346, 5357, 5358, 5364]",0.012625700008356944,success,,35.445621882417974,39.010199123268755,23.435018864316554,13.344040171748633,34.400000000000006,29.839891456520544
stl_st_louis_downtown_airport_to_st_louis_lambert_2026-03-09_0220,st_louis_downtown_airport_to_st_louis_lambert,St. Louis Downtown Airport to St. Louis Lambert,St. Louis Downtown Airport,St. Louis Lambert International Airport,38.5703611,-90.1550833,38.7486982,-90.3700257,2026-03-09,March 9th - Monday,w_0220,0.4,0.2,0.3,0.1,41,"[2179, 2180, 2174, 2199, 2203, 2207, 2341, 2344, 2368, 2374, 2394, 2397, 2711, 2714, 2750, 2744, 2770, 2772, 2777, 3989, 3993, 4006, 4008, 4021, 4045, 4047, 4058, 4062, 4077, 4079, 5077, 5081, 5083, 5306, 5303, 5318, 5323, 5346, 5357, 5358, 5364]",0.01219509998918511,success,,35.445621882417974,39.010199123268755,23.435018864316554,13.344040171748633,34.400000000000006,27.734295473695404
stl_st_louis_downtown_airport_to_st_louis_lambert_2026-03-09_0221,st_louis_downtown_airport_to_st_louis_lambert,St. Louis Downtown Airport to St. Louis Lambert,St. Louis Downtown Airport,St. Louis Lambert International Airport,38.5703611,-90.1550833,38.7486982,-90.3700257,2026-03-09,March 9th - Monday,w_0221,0.4,0.2,0.4,0.0,42,"[2179, 2147, 2172, 2174, 2199, 2203, 2207, 2341, 2344, 2368, 2374, 2394, 2397, 2712, 2714, 2750, 2744, 2770, 2772, 2777, 3989, 3993, 4006, 4008, 4021, 4045, 4047, 4058, 4062, 4077, 4079, 5077, 5081, 5083, 5306, 5303, 5318, 5323, 5321, 5357, 5358, 5364]",0.01095339999301359,success,,35.82020566880418,39.42245280423809,24.5122316454921,12.238499636103192,35.400000000000006,25.566827305234934
stl_st_louis_downtown_airport_to_st_louis_lambert_2026-03-09_0222,st_louis_downtown_airport_to_st_louis_lambert,St. Louis Downtown Airport to St. Louis Lambert,St. Louis Downtown Airport,St. Louis Lambert International Airport,38.5703611,-90.1550833,38.7486982,-90.3700257,2026-03-09,March 9th - Monday,w_0222,0.4,0.3,0.0,0.3,43,"[2179, 2180, 2174, 2199, 2203, 2207, 2341, 2345, 2370, 2373, 2398, 2709, 2711, 2714, 2750, 2744, 2770, 2772, 2777, 3989, 3993, 4006, 4008, 4021, 4045, 4047, 4058, 4062, 4077, 4082, 4084, 5080, 5084, 5310, 5311, 5337, 5320, 5322, 5323, 5346, 5357, 5358, 5364]",0.014968800009228289,success,,36.197024617572914,39.83716642595565,17.31210242086407,20.84777907646774,36.400000000000006,32.048497296641486
stl_st_louis_downtown_airport_to_st_louis_lambert_2026-03-09_0223,st_louis_downtown_airport_to_st_louis_lambert,St. Louis Downtown Airport to St. Louis Lambert,St. Louis Downtown Airport,St. Louis Lambert International Airport,38.5703611,-90.1550833,38.7486982,-90.3700257,2026-03-09,March 9th - Monday,w_0223,0.4,0.3,0.1,0.2,43,"[2179, 2180, 2174, 2199, 2203, 2207, 2341, 2344, 2368, 2374, 2398, 2709, 2711, 2714, 2750, 2744, 2770, 2772, 2777, 3989, 3993, 4006, 4008, 4021, 4045, 4047, 4058, 4062, 4077, 4082, 4084, 5080, 5084, 5310, 5311, 5337, 5320, 5322, 5323, 5346, 5357, 5358, 5364]",0.013769299985142425,success,,36.19698431445951,39.83712206977298,17.44717448649624,20.082925131580172,36.400000000000006,30.457293687016083
stl_st_louis_downtown_airport_to_st_louis_lambert_2026-03-09_0224,st_louis_downtown_airport_to_st_louis_lambert,St. Louis Downtown Airport to St. Louis Lambert,St. Louis Downtown Airport,St. Louis Lambert International Airport,38.5703611,-90.1550833,38.7486982,-90.3700257,2026-03-09,March 9th - Monday,w_0224,0.4,0.3,0.2,0.1,41,"[2179, 2180, 2174, 2199, 2203, 2207, 2341, 2344, 2368, 2374, 2398, 2709, 2711, 2714, 2750, 2744, 2770, 2772, 2777, 3989, 3993, 4006, 4008, 4021, 4045, 4047, 4058, 4062, 4077, 4079, 5077, 5081, 5083, 5308, 5316, 5322, 5323, 5346, 5357, 5358, 5364]",0.015054200019221753,success,,35.44576618687472,39.01035793965546,21.38361219710798,16.20830636682576,34.400000000000006,28.70088810835973
stl_st_louis_downtown_airport_to_st_louis_lambert_2026-03-09_0225,st_louis_downtown_airport_to_st_louis_lambert,St. Louis Downtown Airport to St. Louis Lambert,St. Louis Downtown Airport,St. Louis Lambert International Airport,38.5703611,-90.1550833,38.7486982,-90.3700257,2026-03-09,March 9th - Monday,w_0225,0.4,0.3,0.3,0.0,41,"[2179, 2180, 2174, 2199, 2203, 2207, 2341, 2344, 2368, 2374, 2394, 2397, 2711, 2714, 2750, 2744, 2770, 2772, 2777, 3989, 3993, 4006, 4008, 4021, 4045, 4047, 4058, 4062, 4077, 4079, 5077, 5081, 5083, 5306, 5303, 5318, 5323, 5346, 5357, 5358, 5364]",0.012598700006492436,success,,35.445621882417974,39.010199123268755,23.435018864316554,13.344040171748633,34.400000000000006,26.637797360127056
stl_st_louis_downtown_airport_to_st_louis_lambert_2026-03-09_0226,st_louis_downtown_airport_to_st_louis_lambert,St. Louis Downtown Airport to St. Louis Lambert,St. Louis Downtown Airport,St. Louis Lambert International Airport,38.5703611,-90.1550833,38.7486982,-90.3700257,2026-03-09,March 9th - Monday,w_0226,0.4,0.4,0.0,0.2,43,"[2179, 2180, 2174, 2199, 2203, 2207, 2341, 2345, 2370, 2373, 2398, 2709, 2711, 2714, 2750, 2744, 2770, 2772, 2777, 3989, 3993, 4006, 4008, 4021, 4045, 4047, 4058, 4062, 4077, 4082, 4084, 5080, 5084, 5310, 5311, 5337, 5320, 5322, 5323, 5346, 5357, 5358, 5364]",0.014805199985858053,success,,36.197024617572914,39.83716642595565,17.31210242086407,20.84777907646774,36.400000000000006,30.13970753872789
stl_st_louis_downtown_airport_to_st_louis_lambert_2026-03-09_0227,st_louis_downtown_airport_to_st_louis_lambert,St. Louis Downtown Airport to St. Louis Lambert,St. Louis Downtown Airport,St. Louis Lambert International Airport,38.5703611,-90.1550833,38.7486982,-90.3700257,2026-03-09,March 9th - Monday,w_0227,0.4,0.4,0.1,0.1,43,"[2179, 2180, 2174, 2199, 2203, 2207, 2341, 2344, 2368, 2374, 2398, 2709, 2711, 2714, 2750, 2744, 2770, 2772, 2777, 3989, 3993, 4006, 4008, 4021, 4045, 4047, 4058, 4062, 4077, 4082, 4084, 5080, 5084, 5310, 5311, 5337, 5320, 5322, 5323, 5346, 5357, 5358, 5364]",0.012147500005085021,success,,36.19698431445951,39.83712206977298,17.44717448649624,20.082925131580172,36.400000000000006,28.562011135665706
stl_st_louis_downtown_airport_to_st_louis_lambert_2026-03-09_0228,st_louis_downtown_airport_to_st_louis_lambert,St. Louis Downtown Airport to St. Louis Lambert,St. Louis Downtown Airport,St. Louis Lambert International Airport,38.5703611,-90.1550833,38.7486982,-90.3700257,2026-03-09,March 9th - Monday,w_0228,0.4,0.4,0.2,0.0,53,"[2179, 2181, 2184, 2186, 2421, 2205, 2448, 2453, 2456, 2479, 2480, 2484, 2486, 2809, 2813, 2816, 2858, 2863, 2864, 2795, 2796, 3899, 3902, 3914, 3948, 3947, 3945, 3940, 3977, 3976, 3980, 4195, 4199, 4201, 4216, 4229, 4232, 4234, 4266, 4269, 4272, 4271, 5343, 5342, 5341, 5366, 5353, 5352, 5375, 5354, 5363, 5362, 5364]",0.012293599982513115,success,,40.48999876712006,44.56186210093686,12.354980005240655,19.76281145427037,44.40000000000002,26.719299133325084
stl_st_louis_downtown_airport_to_st_louis_lambert_2026-03-09_0229,st_louis_downtown_airport_to_st_louis_lambert,St. Louis Downtown Airport to St. Louis Lambert,St. Louis Downtown Airport,St. Louis Lambert International Airport,38.5703611,-90.1550833,38.7486982,-90.3700257,2026-03-09,March 9th - Monday,w_0229,0.4,0.5,0.0,0.1,54,"[2179, 2180, 2183, 2186, 2419, 2423, 2448, 2452, 2455, 2478, 2482, 2483, 2487, 2811, 2812, 2816, 2858, 2863, 2864, 2795, 2796, 3899, 3902, 3914, 3948, 3947, 3952, 3940, 3977, 3976, 3941, 4043, 4066, 4067, 4068, 4185, 4187, 4186, 4076, 4075, 4082, 4084, 5080, 5084, 5310, 5311, 5337, 5320, 5322, 5323, 5346, 5357, 5358, 5364]",0.011579699988942593,success,,40.86156395761667,44.97079362191935,9.430295660424155,28.220305055111155,44.60000000000002,27.16346527897982
stl_st_louis_downtown_airport_to_st_louis_lambert_2026-03-09_0230,st_louis_downtown_airport_to_st_louis_lambert,St. Louis Downtown Airport to St. Louis Lambert,St. Louis Downtown Airport,St. Louis Lambert International Airport,38.5703611,-90.1550833,38.7486982,-90.3700257,2026-03-09,March 9th - Monday,w_0230,0.4,0.5,0.1,0.0,54,"[2179, 2181, 2184, 2186, 2419, 2423, 2448, 2453, 2456, 2479, 2480, 2484, 2486, 2809, 2813, 2816, 2858, 2863, 2864, 2795, 2796, 3899, 3902, 3914, 3948, 3947, 3952, 3940, 3977, 3976, 3941, 4043, 4066, 4067, 4044, 4052, 4054, 4053, 4076, 4075, 4082, 4084, 5080, 5084, 5310, 5311, 5337, 5320, 5322, 5323, 5346, 5357, 5358, 5364]",0.009909400017932057,success,,40.86154185699866,44.97076929876002,9.570888528572688,25.32792578195808,44.60000000000002,25.306544561986158
stl_st_louis_downtown_airport_to_st_louis_lambert_2026-03-09_0231,st_louis_downtown_airport_to_st_louis_lambert,St. Louis Downtown Airport to St. Louis Lambert,St. Louis Downtown Airport,St. Louis Lambert International Airport,38.5703611,-90.1550833,38.7486982,-90.3700257,2026-03-09,March 9th - Monday,w_0231,0.4,0.6,0.0,0.0,55,"[2179, 2180, 2183, 2186, 2419, 2423, 2448, 2452, 2455, 2478, 2482, 2483, 2487, 2811, 2812, 2816, 2858, 2863, 2864, 2889, 3896, 3898, 3901, 3927, 3946, 3949, 3953, 3966, 3944, 3977, 3976, 3941, 4043, 4066, 4067, 4068, 4185, 4187, 4188, 4076, 4075, 4082, 4084, 5080, 5084, 5310, 5311, 5337, 5320, 5322, 5323, 5346, 5357, 5358, 5364]",0.008074300014413893,success,,41.77074742931658,45.971408828735385,8.67777235752909,28.986304738290702,45.20000000000002,23.595226946011607
stl_st_louis_downtown_airport_to_st_louis_lambert_2026-03-09_0232,st_louis_downtown_airport_to_st_louis_lambert,St. Louis Downtown Airport to St. Louis Lambert,St. Louis Downtown Airport,St. Louis Lambert International Airport,38.5703611,-90.1550833,38.7486982,-90.3700257,2026-03-09,March 9th - Monday,w_0232,0.5,0.0,0.0,0.5,40,"[2179, 2147, 2172, 2176, 2200, 2204, 2317, 2340, 2346, 2371, 2391, 2395, 2708, 2713, 2738, 2741, 2745, 2747, 2684, 2687, 3987, 3990, 4016, 4017, 4022, 4029, 4034, 4060, 4064, 5048, 5052, 5076, 5082, 5299, 5304, 5319, 5321, 5357, 5358, 5364]",0.01145580000593327,success,,35.06847425714207,38.5951237717998,26.02381511715049,17.37501008770346,33.400000000000006,35.9975618858999
stl_st_louis_downtown_airport_to_st_louis_lambert_2026-03-09_0233,st_louis_downtown_airport_to_st_louis_lambert,St. Louis Downtown Airport to St. Louis Lambert,St. Louis Downtown Airport,St. Louis Lambert International Airport,38.5703611,-90.1550833,38.7486982,-90.3700257,2026-03-09,March 9th - Monday,w_0233,0.5,0.0,0.1,0.4,40,"[2179, 2180, 2174, 2199, 2203, 2207, 2341, 2344, 2368, 2374, 2394, 2397, 2708, 2713, 2738, 2741, 2745, 2747, 2684, 2687, 3987, 3990, 4016, 4017, 4022, 4029, 4034, 4060, 4064, 5048, 5052, 5076, 5082, 5299, 5304, 5319, 5321, 5357, 5358, 5364]",0.010580900008790195,success,,35.068901024242656,38.595593456592695,26.02381511715049,16.308605660057136,33.400000000000006,34.28865729430207
stl_st_louis_downtown_airport_to_st_louis_lambert_2026-03-09_0234,st_louis_downtown_airport_to_st_louis_lambert,St. Louis Downtown Airport to St. Louis Lambert,St. Louis Downtown Airport,St. Louis Lambert International Airport,38.5703611,-90.1550833,38.7486982,-90.3700257,2026-03-09,March 9th - Monday,w_0234,0.5,0.0,0.2,0.3,41,"[2179, 2180, 2174, 2199, 2203, 2207, 2341, 2344, 2368, 2374, 2394, 2397, 2712, 2714, 2750, 2744, 2770, 2772, 2777, 3989, 3993, 4006, 4008, 4021, 4045, 4047, 4058, 4062, 4077, 4079, 5077, 5081, 5083, 5306, 5303, 5318, 5323, 5321, 5357, 5358, 5364]",0.009365899983095005,success,,35.445569252782064,39.01014120095092,24.462470730578612,12.744666408656366,34.400000000000006,32.374003882206736
stl_st_louis_downtown_airport_to_st_louis_lambert_2026-03-09_0235,st_louis_downtown_airport_to_st_louis_lambert,St. Louis Downtown Airport to St. Louis Lambert,St. Louis Downtown Airport,St. Louis Lambert International Airport,38.5703611,-90.1550833,38.7486982,-90.3700257,2026-03-09,March 9th - Monday,w_0235,0.5,0.0,0.3,0.2,41,"[2179, 2180, 2174, 2199, 2203, 2207, 2341, 2344, 2368, 2374, 2394, 2397, 2712, 2714, 2750, 2744, 2770, 2772, 2777, 3989, 3993, 4006, 4008, 4021, 4045, 4047, 4058, 4062, 4077, 4079, 5077, 5081, 5083, 5306, 5303, 5318, 5323, 5321, 5357, 5358, 5364]",0.008362799999304116,success,,35.445569252782064,39.01014120095092,24.462470730578612,12.744666408656366,34.400000000000006,30.20847052307237
stl_st_louis_downtown_airport_to_st_louis_lambert_2026-03-09_0236,st_louis_downtown_airport_to_st_louis_lambert,St. Louis Downtown Airport to St. Louis Lambert,St. Louis Downtown Airport,St. Louis Lambert International Airport,38.5703611,-90.1550833,38.7486982,-90.3700257,2026-03-09,March 9th - Monday,w_0236,0.5,0.0,0.4,0.1,41,"[2179, 2180, 2174, 2199, 2203, 2207, 2341, 2344, 2368, 2374, 2394, 2397, 2712, 2714, 2750, 2744, 2770, 2772, 2777, 3989, 3993, 4006, 4008, 4021, 4045, 4047, 4058, 4062, 4077, 4079, 5077, 5081, 5083, 5306, 5303, 5318, 5323, 5321, 5357, 5358, 5364]",0.008124400017550215,success,,35.445569252782064,39.01014120095092,24.462470730578612,12.744666408656366,34.400000000000006,28.042937163938007
stl_st_louis_downtown_airport_to_st_louis_lambert_2026-03-09_0237,st_louis_downtown_airport_to_st_louis_lambert,St. Louis Downtown Airport to St. Louis Lambert,St. Louis Downtown Airport,St. Louis Lambert International Airport,38.5703611,-90.1550833,38.7486982,-90.3700257,2026-03-09,March 9th - Monday,w_0237,0.5,0.0,0.5,0.0,42,"[2179, 2147, 2172, 2174, 2199, 2203, 2207, 2341, 2344, 2368, 2374, 2394, 2397, 2712, 2714, 2750, 2744, 2770, 2772, 2777, 3989, 3993, 4006, 4008, 4021, 4045, 4047, 4058, 4062, 4077, 4079, 5077, 5081, 5083, 5306, 5303, 5318, 5323, 5321, 5357, 5358, 5364]",0.007313799986150116,success,,35.82020566880418,39.42245280423809,24.5122316454921,12.238499636103192,35.400000000000006,25.83047622017064
stl_st_louis_downtown_airport_to_st_louis_lambert_2026-03-09_0238,st_louis_downtown_airport_to_st_louis_lambert,St. Louis Downtown Airport to St. Louis Lambert,St. Louis Downtown Airport,St. Louis Lambert International Airport,38.5703611,-90.1550833,38.7486982,-90.3700257,2026-03-09,March 9th - Monday,w_0238,0.5,0.1,0.0,0.4,40,"[2179, 2180, 2174, 2199, 2203, 2207, 2341, 2344, 2368, 2374, 2394, 2397, 2712, 2716, 2739, 2746, 2769, 2773, 3985, 3988, 3992, 3994, 4019, 4017, 4022, 4029, 4034, 4060, 4064, 5048, 5052, 5076, 5082, 5299, 5304, 5319, 5321, 5357, 5358, 5364]",0.011652599991066381,success,,35.06932923764436,38.59606473313351,24.787572976016946,17.335924860773844,33.400000000000006,35.136789664168454
stl_st_louis_downtown_airport_to_st_louis_lambert_2026-03-09_0239,st_louis_downtown_airport_to_st_louis_lambert,St. Louis Downtown Airport to St. Louis Lambert,St. Louis Downtown Airport,St. Louis Lambert International Airport,38.5703611,-90.1550833,38.7486982,-90.3700257,2026-03-09,March 9th - Monday,w_0239,0.5,0.1,0.1,0.3,40,"[2179, 2180, 2174, 2199, 2203, 2207, 2341, 2344, 2368, 2374, 2394, 2397, 2712, 2716, 2739, 2746, 2769, 2773, 3985, 3988, 3992, 3994, 4019, 4020, 4023, 4055, 4059, 4063, 4078, 5051, 5075, 5079, 5306, 5303, 5318, 5323, 5346, 5357, 5358, 5364]",0.010472399997524917,success,,35.06987633323177,38.59666684720769,23.21199613097869,16.19626633787932,33.8,33.37915967048964
stl_st_louis_downtown_airport_to_st_louis_lambert_2026-03-09_0240,st_louis_downtown_airport_to_st_louis_lambert,St. Louis Downtown Airport to St. Louis Lambert,St. Louis Downtown Airport,St. Louis Lambert International Airport,38.5703611,-90.1550833,38.7486982,-90.3700257,2026-03-09,March 9th - Monday,w_0240,0.5,0.1,0.2,0.2,41,"[2179, 2180, 2174, 2199, 2203, 2207, 2341, 2344, 2368, 2374, 2394, 2397, 2712, 2714, 2750, 2744, 2770, 2772, 2777, 3989, 3993, 4006, 4008, 4021, 4045, 4047, 4058, 4062, 4077, 4079, 5077, 5081, 5083, 5306, 5303, 5318, 5323, 5321, 5357, 5358, 5364]",0.009271399991121143,success,,35.445569252782064,39.01014120095092,24.462470730578612,12.744666408656366,34.400000000000006,31.380250955264597
stl_st_louis_downtown_airport_to_st_louis_lambert_2026-03-09_0241,st_louis_downtown_airport_to_st_louis_lambert,St. Louis Downtown Airport to St. Louis Lambert,St. Louis Downtown Airport,St. Louis Lambert International Airport,38.5703611,-90.1550833,38.7486982,-90.3700257,2026-03-09,March 9th - Monday,w_0241,0.5,0.1,0.3,0.1,41,"[2179, 2180, 2174, 2199, 2203, 2207, 2341, 2344, 2368, 2374, 2394, 2397, 2712, 2714, 2750, 2744, 2770, 2772, 2777, 3989, 3993, 4006, 4008, 4021, 4045, 4047, 4058, 4062, 4077, 4079, 5077, 5081, 5083, 5306, 5303, 5318, 5323, 5321, 5357, 5358, 5364]",0.008298899978399277,success,,35.445569252782064,39.01014120095092,24.462470730578612,12.744666408656366,34.400000000000006,29.21471759613023
stl_st_louis_downtown_airport_to_st_louis_lambert_2026-03-09_0242,st_louis_downtown_airport_to_st_louis_lambert,St. Louis Downtown Airport to St. Louis Lambert,St. Louis Downtown Airport,St. Louis Lambert International Airport,38.5703611,-90.1550833,38.7486982,-90.3700257,2026-03-09,March 9th - Monday,w_0242,0.5,0.1,0.4,0.0,41,"[2179, 2180, 2174, 2199, 2203, 2207, 2341, 2344, 2368, 2374, 2394, 2397, 2712, 2714, 2750, 2744, 2770, 2772, 2777, 3989, 3993, 4006, 4008, 4021, 4045, 4047, 4058, 4062, 4077, 4079, 5077, 5081, 5083, 5306, 5303, 5318, 5323, 5321, 5357, 5358, 5364]",0.0073680000205058604,success,,35.445569252782064,39.01014120095092,24.462470730578612,12.744666408656366,34.400000000000006,27.049184236995867
stl_st_louis_downtown_airport_to_st_louis_lambert_2026-03-09_0243,st_louis_downtown_airport_to_st_louis_lambert,St. Louis Downtown Airport to St. Louis Lambert,St. Louis Downtown Airport,St. Louis Lambert International Airport,38.5703611,-90.1550833,38.7486982,-90.3700257,2026-03-09,March 9th - Monday,w_0243,0.5,0.2,0.0,0.3,41,"[2179, 2180, 2174, 2199, 2203, 2207, 2341, 2345, 2370, 2373, 2398, 2709, 2711, 2714, 2750, 2744, 2770, 2772, 2777, 3989, 3993, 4006, 4008, 4021, 4045, 4047, 4058, 4062, 4077, 4079, 5077, 5081, 5083, 5308, 5316, 5322, 5323, 5346, 5357, 5358, 5364]",0.010709700000006706,success,,35.44580648998812,39.01040229583813,21.248540131475806,16.973160311713325,34.400000000000006,34.07490917421423
stl_st_louis_downtown_airport_to_st_louis_lambert_2026-03-09_0244,st_louis_downtown_airport_to_st_louis_lambert,St. Louis Downtown Airport to St. Louis Lambert,St. Louis Downtown Airport,St. Louis Lambert International Airport,38.5703611,-90.1550833,38.7486982,-90.3700257,2026-03-09,March 9th - Monday,w_0244,0.5,0.2,0.1,0.2,41,"[2179, 2180, 2174, 2199, 2203, 2207, 2341, 2344, 2368, 2374, 2398, 2709, 2711, 2714, 2750, 2744, 2770, 2772, 2777, 3989, 3993, 4006, 4008, 4021, 4045, 4047, 4058, 4062, 4077, 4079, 5077, 5081, 5083, 5308, 5316, 5322, 5323, 5346, 5357, 5358, 5364]",0.00986150000244379,success,,35.44576618687472,39.01035793965546,21.38361219710798,16.20830636682576,34.400000000000006,32.2827320459319
stl_st_louis_downtown_airport_to_st_louis_lambert_2026-03-09_0245,st_louis_downtown_airport_to_st_louis_lambert,St. Louis Downtown Airport to St. Louis Lambert,St. Louis Downtown Airport,St. Louis Lambert International Airport,38.5703611,-90.1550833,38.7486982,-90.3700257,2026-03-09,March 9th - Monday,w_0245,0.5,0.2,0.2,0.1,41,"[2179, 2180, 2174, 2199, 2203, 2207, 2341, 2344, 2368, 2374, 2394, 2397, 2711, 2714, 2750, 2744, 2770, 2772, 2777, 3989, 3993, 4006, 4008, 4021, 4045, 4047, 4058, 4062, 4077, 4079, 5077, 5081, 5083, 5306, 5303, 5318, 5323, 5346, 5357, 5358, 5364]",0.00901400001021102,success,,35.445621882417974,39.010199123268755,23.435018864316554,13.344040171748633,34.400000000000006,30.300911368847416
stl_st_louis_downtown_airport_to_st_louis_lambert_2026-03-09_0246,st_louis_downtown_airport_to_st_louis_lambert,St. Louis Downtown Airport to St. Louis Lambert,St. Louis Downtown Airport,St. Louis Lambert International Airport,38.5703611,-90.1550833,38.7486982,-90.3700257,2026-03-09,March 9th - Monday,w_0246,0.5,0.2,0.3,0.0,41,"[2179, 2180, 2174, 2199, 2203, 2207, 2341, 2344, 2368, 2374, 2394, 2397, 2711, 2714, 2750, 2744, 2770, 2772, 2777, 3989, 3993, 4006, 4008, 4021, 4045, 4047, 4058, 4062, 4077, 4079, 5077, 5081, 5083, 5306, 5303, 5318, 5323, 5346, 5357, 5358, 5364]",0.009215400001266971,success,,35.445621882417974,39.010199123268755,23.435018864316554,13.344040171748633,34.400000000000006,28.195315386022276
stl_st_louis_downtown_airport_to_st_louis_lambert_2026-03-09_0247,st_louis_downtown_airport_to_st_louis_lambert,St. Louis Downtown Airport to St. Louis Lambert,St. Louis Downtown Airport,St. Louis Lambert International Airport,38.5703611,-90.1550833,38.7486982,-90.3700257,2026-03-09,March 9th - Monday,w_0247,0.5,0.3,0.0,0.2,43,"[2179, 2180, 2174, 2199, 2203, 2207, 2341, 2345, 2370, 2373, 2398, 2709, 2711, 2714, 2750, 2744, 2770, 2772, 2777, 3989, 3993, 4006, 4008, 4021, 4045, 4047, 4058, 4062, 4077, 4082, 4084, 5080, 5084, 5310, 5311, 5337, 5320, 5322, 5323, 5346, 5357, 5358, 5364]",0.009739100001752377,success,,36.197024617572914,39.83716642595565,17.31210242086407,20.84777907646774,36.400000000000006,32.392213939237045
stl_st_louis_downtown_airport_to_st_louis_lambert_2026-03-09_0248,st_louis_downtown_airport_to_st_louis_lambert,St. Louis Downtown Airport to St. Louis Lambert,St. Louis Downtown Airport,St. Louis Lambert International Airport,38.5703611,-90.1550833,38.7486982,-90.3700257,2026-03-09,March 9th - Monday,w_0248,0.5,0.3,0.1,0.1,43,"[2179, 2180, 2174, 2199, 2203, 2207, 2341, 2344, 2368, 2374, 2398, 2709, 2711, 2714, 2750, 2744, 2770, 2772, 2777, 3989, 3993, 4006, 4008, 4021, 4045, 4047, 4058, 4062, 4077, 4082, 4084, 5080, 5084, 5310, 5311, 5337, 5320, 5322, 5323, 5346, 5357, 5358, 5364]",0.01012520000222139,success,,36.19698431445951,39.83712206977298,17.44717448649624,20.082925131580172,36.400000000000006,30.80100589399338
stl_st_louis_downtown_airport_to_st_louis_lambert_2026-03-09_0249,st_louis_downtown_airport_to_st_louis_lambert,St. Louis Downtown Airport to St. Louis Lambert,St. Louis Downtown Airport,St. Louis Lambert International Airport,38.5703611,-90.1550833,38.7486982,-90.3700257,2026-03-09,March 9th - Monday,w_0249,0.5,0.3,0.2,0.0,41,"[2179, 2180, 2174, 2199, 2203, 2207, 2341, 2344, 2368, 2374, 2398, 2709, 2711, 2714, 2750, 2744, 2770, 2772, 2777, 3989, 3993, 4006, 4008, 4021, 4045, 4047, 4058, 4062, 4077, 4079, 5077, 5081, 5083, 5308, 5316, 5322, 5323, 5346, 5357, 5358, 5364]",0.009553199983201921,success,,35.44576618687472,39.01035793965546,21.38361219710798,16.20830636682576,34.400000000000006,29.161923902325274
stl_st_louis_downtown_airport_to_st_louis_lambert_2026-03-09_0250,st_louis_downtown_airport_to_st_louis_lambert,St. Louis Downtown Airport to St. Louis Lambert,St. Louis Downtown Airport,St. Louis Lambert International Airport,38.5703611,-90.1550833,38.7486982,-90.3700257,2026-03-09,March 9th - Monday,w_0250,0.5,0.4,0.0,0.1,44,"[2179, 2180, 2174, 2199, 2203, 2207, 2341, 2345, 2370, 2373, 2398, 2709, 2711, 2714, 2750, 2744, 2770, 2772, 2777, 3989, 3988, 3992, 3994, 4019, 4020, 4023, 4055, 4059, 4063, 4077, 4082, 4084, 5080, 5084, 5310, 5311, 5337, 5320, 5322, 5323, 5346, 5357, 5358, 5364]",0.008911400014767423,success,,36.57204599052436,40.249901699238414,16.402941041735232,21.97218031499625,37.400000000000006,30.4261272663133
stl_st_louis_downtown_airport_to_st_louis_lambert_2026-03-09_0251,st_louis_downtown_airport_to_st_louis_lambert,St. Louis Downtown Airport to St. Louis Lambert,St. Louis Downtown Airport,St. Louis Lambert International Airport,38.5703611,-90.1550833,38.7486982,-90.3700257,2026-03-09,March 9th - Monday,w_0251,0.5,0.4,0.1,0.0,54,"[2179, 2181, 2184, 2186, 2421, 2205, 2448, 2453, 2456, 2479, 2480, 2484, 2486, 2809, 2813, 2816, 2858, 2863, 2864, 2795, 2796, 3899, 3902, 3914, 3948, 3947, 3945, 3940, 3942, 3943, 3941, 4043, 4042, 4041, 4044, 4052, 4054, 4053, 4076, 4075, 4082, 4084, 5080, 5084, 5310, 5311, 5337, 5320, 5322, 5323, 5346, 5357, 5358, 5364]",0.009540300001390278,success,,40.32780151741078,44.383353538457825,10.563003148753202,23.911483598856965,44.60000000000002,28.808026388615893
stl_st_louis_downtown_airport_to_st_louis_lambert_2026-03-09_0252,st_louis_downtown_airport_to_st_louis_lambert,St. Louis Downtown Airport to St. Louis Lambert,St. Louis Downtown Airport,St. Louis Lambert International Airport,38.5703611,-90.1550833,38.7486982,-90.3700257,2026-03-09,March 9th - Monday,w_0252,0.5,0.5,0.0,0.0,54,"[2179, 2180, 2183, 2186, 2419, 2423, 2448, 2452, 2455, 2478, 2482, 2483, 2487, 2811, 2812, 2816, 2858, 2863, 2864, 2795, 2796, 3899, 3902, 3914, 3948, 3947, 3952, 3940, 3977, 3976, 3941, 4043, 4066, 4067, 4068, 4185, 4187, 4186, 4076, 4075, 4082, 4084, 5080, 5084, 5310, 5311, 5337, 5320, 5322, 5323, 5346, 5357, 5358, 5364]",0.007201899978099391,success,,40.86156395761667,44.97079362191935,9.430295660424155,28.220305055111155,44.60000000000002,27.200544641171753
stl_st_louis_downtown_airport_to_st_louis_lambert_2026-03-09_0253,st_louis_downtown_airport_to_st_louis_lambert,St. Louis Downtown Airport to St. Louis Lambert,St. Louis Downtown Airport,St. Louis Lambert International Airport,38.5703611,-90.1550833,38.7486982,-90.3700257,2026-03-09,March 9th - Monday,w_0253,0.6,0.0,0.0,0.4,40,"[2179, 2147, 2172, 2176, 2200, 2204, 2317, 2340, 2346, 2371, 2391, 2395, 2708, 2713, 2738, 2741, 2745, 2747, 2684, 2687, 3987, 3990, 4016, 4017, 4022, 4029, 4034, 4060, 4064, 5048, 5052, 5076, 5082, 5299, 5304, 5319, 5321, 5357, 5358, 5364]",0.00909859998500906,success,,35.06847425714207,38.5951237717998,26.02381511715049,17.37501008770346,33.400000000000006,36.51707426307988
stl_st_louis_downtown_airport_to_st_louis_lambert_2026-03-09_0254,st_louis_downtown_airport_to_st_louis_lambert,St. Louis Downtown Airport to St. Louis Lambert,St. Louis Downtown Airport,St. Louis Lambert International Airport,38.5703611,-90.1550833,38.7486982,-90.3700257,2026-03-09,March 9th - Monday,w_0254,0.6,0.0,0.1,0.3,40,"[2179, 2180, 2174, 2199, 2203, 2207, 2341, 2344, 2368, 2374, 2394, 2397, 2708, 2713, 2738, 2741, 2745, 2747, 2684, 2687, 3987, 3990, 4016, 4017, 4022, 4029, 4034, 4060, 4064, 5048, 5052, 5076, 5082, 5299, 5304, 5319, 5321, 5357, 5358, 5364]",0.008042500005103648,success,,35.068901024242656,38.595593456592695,26.02381511715049,16.308605660057136,33.400000000000006,34.80821663996133
stl_st_louis_downtown_airport_to_st_louis_lambert_2026-03-09_0255,st_louis_downtown_airport_to_st_louis_lambert,St. Louis Downtown Airport to St. Louis Lambert,St. Louis Downtown Airport,St. Louis Lambert International Airport,38.5703611,-90.1550833,38.7486982,-90.3700257,2026-03-09,March 9th - Monday,w_0255,0.6,0.0,0.2,0.2,41,"[2179, 2180, 2174, 2199, 2203, 2207, 2341, 2344, 2368, 2374, 2394, 2397, 2712, 2714, 2750, 2744, 2770, 2772, 2777, 3989, 3993, 4006, 4008, 4021, 4045, 4047, 4058, 4062, 4077, 4079, 5077, 5081, 5083, 5306, 5303, 5318, 5323, 5321, 5357, 5358, 5364]",0.0075693999824579805,success,,35.445569252782064,39.01014120095092,24.462470730578612,12.744666408656366,34.400000000000006,32.83501800230182
stl_st_louis_downtown_airport_to_st_louis_lambert_2026-03-09_0256,st_louis_downtown_airport_to_st_louis_lambert,St. Louis Downtown Airport to St. Louis Lambert,St. Louis Downtown Airport,St. Louis Lambert International Airport,38.5703611,-90.1550833,38.7486982,-90.3700257,2026-03-09,March 9th - Monday,w_0256,0.6,0.0,0.3,0.1,41,"[2179, 2180, 2174, 2199, 2203, 2207, 2341, 2344, 2368, 2374, 2394, 2397, 2712, 2714, 2750, 2744, 2770, 2772, 2777, 3989, 3993, 4006, 4008, 4021, 4045, 4047, 4058, 4062, 4077, 4079, 5077, 5081, 5083, 5306, 5303, 5318, 5323, 5321, 5357, 5358, 5364]",0.006329299998469651,success,,35.445569252782064,39.01014120095092,24.462470730578612,12.744666408656366,34.400000000000006,30.66948464316746
stl_st_louis_downtown_airport_to_st_louis_lambert_2026-03-09_0257,st_louis_downtown_airport_to_st_louis_lambert,St. Louis Downtown Airport to St. Louis Lambert,St. Louis Downtown Airport,St. Louis Lambert International Airport,38.5703611,-90.1550833,38.7486982,-90.3700257,2026-03-09,March 9th - Monday,w_0257,0.6,0.0,0.4,0.0,41,"[2179, 2180, 2174, 2199, 2203, 2207, 2341, 2344, 2368, 2374, 2394, 2397, 2712, 2714, 2750, 2744, 2770, 2772, 2777, 3989, 3993, 4006, 4008, 4021, 4045, 4047, 4058, 4062, 4077, 4079, 5077, 5081, 5083, 5306, 5303, 5318, 5323, 5321, 5357, 5358, 5364]",0.0064042000158224255,success,,35.445569252782064,39.01014120095092,24.462470730578612,12.744666408656366,34.400000000000006,28.503951284033096
stl_st_louis_downtown_airport_to_st_louis_lambert_2026-03-09_0258,st_louis_downtown_airport_to_st_louis_lambert,St. Louis Downtown Airport to St. Louis Lambert,St. Louis Downtown Airport,St. Louis Lambert International Airport,38.5703611,-90.1550833,38.7486982,-90.3700257,2026-03-09,March 9th - Monday,w_0258,0.6,0.1,0.0,0.3,40,"[2179, 2180, 2174, 2199, 2203, 2207, 2341, 2344, 2368, 2374, 2394, 2397, 2712, 2716, 2739, 2746, 2769, 2773, 3985, 3988, 3992, 3994, 4019, 4020, 4023, 4055, 4059, 4063, 4078, 5051, 5075, 5079, 5306, 5303, 5318, 5323, 5346, 5357, 5358, 5364]",0.00806289998581633,success,,35.06987633323177,38.59666684720769,23.21199613097869,16.19626633787932,33.8,35.61919972142248
stl_st_louis_downtown_airport_to_st_louis_lambert_2026-03-09_0259,st_louis_downtown_airport_to_st_louis_lambert,St. Louis Downtown Airport to St. Louis Lambert,St. Louis Downtown Airport,St. Louis Lambert International Airport,38.5703611,-90.1550833,38.7486982,-90.3700257,2026-03-09,March 9th - Monday,w_0259,0.6,0.1,0.1,0.2,40,"[2179, 2180, 2174, 2199, 2203, 2207, 2341, 2344, 2368, 2374, 2394, 2397, 2712, 2716, 2739, 2746, 2769, 2773, 3985, 3988, 3992, 3994, 4019, 4020, 4023, 4055, 4059, 4063, 4078, 5051, 5075, 5079, 5306, 5303, 5318, 5323, 5346, 5357, 5358, 5364]",0.007850500027416274,success,,35.06987633323177,38.59666684720769,23.21199613097869,16.19626633787932,33.8,33.85882635521041
stl_st_louis_downtown_airport_to_st_louis_lambert_2026-03-09_0260,st_louis_downtown_airport_to_st_louis_lambert,St. Louis Downtown Airport to St. Louis Lambert,St. Louis Downtown Airport,St. Louis Lambert International Airport,38.5703611,-90.1550833,38.7486982,-90.3700257,2026-03-09,March 9th - Monday,w_0260,0.6,0.1,0.2,0.1,41,"[2179, 2180, 2174, 2199, 2203, 2207, 2341, 2344, 2368, 2374, 2394, 2397, 2712, 2714, 2750, 2744, 2770, 2772, 2777, 3989, 3993, 4006, 4008, 4021, 4045, 4047, 4058, 4062, 4077, 4079, 5077, 5081, 5083, 5306, 5303, 5318, 5323, 5321, 5357, 5358, 5364]",0.007101199997123331,success,,35.445569252782064,39.01014120095092,24.462470730578612,12.744666408656366,34.400000000000006,31.841265075359686
stl_st_louis_downtown_airport_to_st_louis_lambert_2026-03-09_0261,st_louis_downtown_airport_to_st_louis_lambert,St. Louis Downtown Airport to St. Louis Lambert,St. Louis Downtown Airport,St. Louis Lambert International Airport,38.5703611,-90.1550833,38.7486982,-90.3700257,2026-03-09,March 9th - Monday,w_0261,0.6,0.1,0.3,0.0,41,"[2179, 2180, 2174, 2199, 2203, 2207, 2341, 2344, 2368, 2374, 2394, 2397, 2712, 2714, 2750, 2744, 2770, 2772, 2777, 3989, 3993, 4006, 4008, 4021, 4045, 4047, 4058, 4062, 4077, 4079, 5077, 5081, 5083, 5306, 5303, 5318, 5323, 5321, 5357, 5358, 5364]",0.006510300008812919,success,,35.445569252782064,39.01014120095092,24.462470730578612,12.744666408656366,34.400000000000006,29.67573171622532
stl_st_louis_downtown_airport_to_st_louis_lambert_2026-03-09_0262,st_louis_downtown_airport_to_st_louis_lambert,St. Louis Downtown Airport to St. Louis Lambert,St. Louis Downtown Airport,St. Louis Lambert International Airport,38.5703611,-90.1550833,38.7486982,-90.3700257,2026-03-09,March 9th - Monday,w_0262,0.6,0.2,0.0,0.2,41,"[2179, 2180, 2174, 2199, 2203, 2207, 2341, 2345, 2370, 2373, 2398, 2709, 2711, 2714, 2750, 2744, 2770, 2772, 2777, 3989, 3993, 4006, 4008, 4021, 4045, 4047, 4058, 4062, 4077, 4079, 5077, 5081, 5083, 5308, 5316, 5322, 5323, 5346, 5357, 5358, 5364]",0.007796399993821979,success,,35.44580648998812,39.01040229583813,21.248540131475806,16.973160311713325,34.400000000000006,34.53594940379804
stl_st_louis_downtown_airport_to_st_louis_lambert_2026-03-09_0263,st_louis_downtown_airport_to_st_louis_lambert,St. Louis Downtown Airport to St. Louis Lambert,St. Louis Downtown Airport,St. Louis Lambert International Airport,38.5703611,-90.1550833,38.7486982,-90.3700257,2026-03-09,March 9th - Monday,w_0263,0.6,0.2,0.1,0.1,41,"[2179, 2180, 2174, 2199, 2203, 2207, 2341, 2344, 2368, 2374, 2398, 2709, 2711, 2714, 2750, 2744, 2770, 2772, 2777, 3989, 3993, 4006, 4008, 4021, 4045, 4047, 4058, 4062, 4077, 4079, 5077, 5081, 5083, 5308, 5316, 5322, 5323, 5346, 5357, 5358, 5364]",0.00787479997961782,success,,35.44576618687472,39.01035793965546,21.38361219710798,16.20830636682576,34.400000000000006,32.743767839897444
stl_st_louis_downtown_airport_to_st_louis_lambert_2026-03-09_0264,st_louis_downtown_airport_to_st_louis_lambert,St. Louis Downtown Airport to St. Louis Lambert,St. Louis Downtown Airport,St. Louis Lambert International Airport,38.5703611,-90.1550833,38.7486982,-90.3700257,2026-03-09,March 9th - Monday,w_0264,0.6,0.2,0.2,0.0,41,"[2179, 2180, 2174, 2199, 2203, 2207, 2341, 2344, 2368, 2374, 2394, 2397, 2711, 2714, 2750, 2744, 2770, 2772, 2777, 3989, 3993, 4006, 4008, 4021, 4045, 4047, 4058, 4062, 4077, 4079, 5077, 5081, 5083, 5306, 5303, 5318, 5323, 5346, 5357, 5358, 5364]",0.007028000021819025,success,,35.445621882417974,39.010199123268755,23.435018864316554,13.344040171748633,34.400000000000006,30.761931281174288
stl_st_louis_downtown_airport_to_st_louis_lambert_2026-03-09_0265,st_louis_downtown_airport_to_st_louis_lambert,St. Louis Downtown Airport to St. Louis Lambert,St. Louis Downtown Airport,St. Louis Lambert International Airport,38.5703611,-90.1550833,38.7486982,-90.3700257,2026-03-09,March 9th - Monday,w_0265,0.6,0.3,0.0,0.1,43,"[2179, 2180, 2174, 2199, 2203, 2207, 2341, 2345, 2370, 2373, 2398, 2709, 2711, 2714, 2750, 2744, 2770, 2772, 2777, 3989, 3993, 4006, 4008, 4021, 4045, 4047, 4058, 4062, 4077, 4082, 4084, 5080, 5084, 5310, 5311, 5337, 5320, 5322, 5323, 5346, 5357, 5358, 5364]",0.0075234999821987,success,,36.197024617572914,39.83716642595565,17.31210242086407,20.84777907646774,36.400000000000006,32.73593058183261
stl_st_louis_downtown_airport_to_st_louis_lambert_2026-03-09_0266,st_louis_downtown_airport_to_st_louis_lambert,St. Louis Downtown Airport to St. Louis Lambert,St. Louis Downtown Airport,St. Louis Lambert International Airport,38.5703611,-90.1550833,38.7486982,-90.3700257,2026-03-09,March 9th - Monday,w_0266,0.6,0.3,0.1,0.0,43,"[2179, 2180, 2174, 2199, 2203, 2207, 2341, 2344, 2368, 2374, 2398, 2709, 2711, 2714, 2750, 2744, 2770, 2772, 2777, 3989, 3993, 4006, 4008, 4021, 4045, 4047, 4058, 4062, 4077, 4082, 4084, 5080, 5084, 5310, 5311, 5337, 5320, 5322, 5323, 5346, 5357, 5358, 5364]",0.006991600006585941,success,,36.19698431445951,39.83712206977298,17.44717448649624,20.082925131580172,36.400000000000006,31.144718100970678
stl_st_louis_downtown_airport_to_st_louis_lambert_2026-03-09_0267,st_louis_downtown_airport_to_st_louis_lambert,St. Louis Downtown Airport to St. Louis Lambert,St. Louis Downtown Airport,St. Louis Lambert International Airport,38.5703611,-90.1550833,38.7486982,-90.3700257,2026-03-09,March 9th - Monday,w_0267,0.6,0.4,0.0,0.0,54,"[2179, 2180, 2183, 2186, 2419, 2423, 2448, 2452, 2455, 2478, 2482, 2483, 2487, 2811, 2812, 2816, 2858, 2863, 2864, 2795, 2796, 3899, 3902, 3914, 3948, 3947, 3952, 3940, 3942, 3943, 3941, 4043, 4066, 4067, 4068, 4185, 4187, 4186, 4076, 4075, 4082, 4084, 5080, 5084, 5310, 5311, 5337, 5320, 5322, 5323, 5346, 5357, 5358, 5364]",0.00679320000926964,success,,40.327967407344545,44.38353611105791,10.091382237272772,28.25709807452816,44.60000000000002,30.66667456154385
stl_st_louis_downtown_airport_to_st_louis_lambert_2026-03-09_0268,st_louis_downtown_airport_to_st_louis_lambert,St. Louis Downtown Airport to St. Louis Lambert,St. Louis Downtown Airport,St. Louis Lambert International Airport,38.5703611,-90.1550833,38.7486982,-90.3700257,2026-03-09,March 9th - Monday,w_0268,0.7,0.0,0.0,0.3,40,"[2179, 2147, 2172, 2176, 2200, 2204, 2317, 2340, 2346, 2371, 2391, 2395, 2708, 2713, 2738, 2741, 2745, 2747, 2684, 2687, 3987, 3990, 4016, 4017, 4022, 4029, 4034, 4060, 4064, 5048, 5052, 5076, 5082, 5299, 5304, 5319, 5321, 5357, 5358, 5364]",0.006425400002626702,success,,35.06847425714207,38.5951237717998,26.02381511715049,17.37501008770346,33.400000000000006,37.036586640259856
stl_st_louis_downtown_airport_to_st_louis_lambert_2026-03-09_0269,st_louis_downtown_airport_to_st_louis_lambert,St. Louis Downtown Airport to St. Louis Lambert,St. Louis Downtown Airport,St. Louis Lambert International Airport,38.5703611,-90.1550833,38.7486982,-90.3700257,2026-03-09,March 9th - Monday,w_0269,0.7,0.0,0.1,0.2,40,"[2179, 2180, 2174, 2199, 2203, 2207, 2341, 2344, 2368, 2374, 2394, 2397, 2708, 2713, 2738, 2741, 2745, 2747, 2684, 2687, 3987, 3990, 4016, 4017, 4022, 4029, 4034, 4060, 4064, 5048, 5052, 5076, 5082, 5299, 5304, 5319, 5321, 5357, 5358, 5364]",0.005768700008047745,success,,35.068901024242656,38.595593456592695,26.02381511715049,16.308605660057136,33.400000000000006,35.3277759856206
stl_st_louis_downtown_airport_to_st_louis_lambert_2026-03-09_0270,st_louis_downtown_airport_to_st_louis_lambert,St. Louis Downtown Airport to St. Louis Lambert,St. Louis Downtown Airport,St. Louis Lambert International Airport,38.5703611,-90.1550833,38.7486982,-90.3700257,2026-03-09,March 9th - Monday,w_0270,0.7,0.0,0.2,0.1,41,"[2179, 2180, 2174, 2199, 2203, 2207, 2341, 2344, 2368, 2374, 2394, 2397, 2712, 2714, 2750, 2744, 2770, 2772, 2777, 3989, 3993, 4006, 4008, 4021, 4045, 4047, 4058, 4062, 4077, 4079, 5077, 5081, 5083, 5306, 5303, 5318, 5323, 5321, 5357, 5358, 5364]",0.005784700013464317,success,,35.445569252782064,39.01014120095092,24.462470730578612,12.744666408656366,34.400000000000006,33.296032122396916
stl_st_louis_downtown_airport_to_st_louis_lambert_2026-03-09_0271,st_louis_downtown_airport_to_st_louis_lambert,St. Louis Downtown Airport to St. Louis Lambert,St. Louis Downtown Airport,St. Louis Lambert International Airport,38.5703611,-90.1550833,38.7486982,-90.3700257,2026-03-09,March 9th - Monday,w_0271,0.7,0.0,0.3,0.0,41,"[2179, 2180, 2174, 2199, 2203, 2207, 2341, 2344, 2368, 2374, 2394, 2397, 2712, 2714, 2750, 2744, 2770, 2772, 2777, 3989, 3993, 4006, 4008, 4021, 4045, 4047, 4058, 4062, 4077, 4079, 5077, 5081, 5083, 5306, 5303, 5318, 5323, 5321, 5357, 5358, 5364]",0.004798599984496832,success,,35.445569252782064,39.01014120095092,24.462470730578612,12.744666408656366,34.400000000000006,31.13049876326255
stl_st_louis_downtown_airport_to_st_louis_lambert_2026-03-09_0272,st_louis_downtown_airport_to_st_louis_lambert,St. Louis Downtown Airport to St. Louis Lambert,St. Louis Downtown Airport,St. Louis Lambert International Airport,38.5703611,-90.1550833,38.7486982,-90.3700257,2026-03-09,March 9th - Monday,w_0272,0.7,0.1,0.0,0.2,40,"[2179, 2180, 2174, 2199, 2203, 2207, 2341, 2344, 2368, 2374, 2394, 2397, 2712, 2716, 2739, 2746, 2769, 2773, 3985, 3988, 3992, 3994, 4019, 4020, 4023, 4055, 4059, 4063, 4078, 5051, 5075, 5079, 5306, 5303, 5318, 5323, 5346, 5357, 5358, 5364]",0.006080099992686883,success,,35.06987633323177,38.59666684720769,23.21199613097869,16.19626633787932,33.8,36.09886640614325
stl_st_louis_downtown_airport_to_st_louis_lambert_2026-03-09_0273,st_louis_downtown_airport_to_st_louis_lambert,St. Louis Downtown Airport to St. Louis Lambert,St. Louis Downtown Airport,St. Louis Lambert International Airport,38.5703611,-90.1550833,38.7486982,-90.3700257,2026-03-09,March 9th - Monday,w_0273,0.7,0.1,0.1,0.1,40,"[2179, 2180, 2174, 2199, 2203, 2207, 2341, 2344, 2368, 2374, 2394, 2397, 2712, 2716, 2739, 2746, 2769, 2773, 3985, 3988, 3992, 3994, 4019, 4020, 4023, 4055, 4059, 4063, 4078, 5051, 5075, 5079, 5306, 5303, 5318, 5323, 5346, 5357, 5358, 5364]",0.006017000006977469,success,,35.06987633323177,38.59666684720769,23.21199613097869,16.19626633787932,33.8,34.33849303993118
stl_st_louis_downtown_airport_to_st_louis_lambert_2026-03-09_0274,st_louis_downtown_airport_to_st_louis_lambert,St. Louis Downtown Airport to St. Louis Lambert,St. Louis Downtown Airport,St. Louis Lambert International Airport,38.5703611,-90.1550833,38.7486982,-90.3700257,2026-03-09,March 9th - Monday,w_0274,0.7,0.1,0.2,0.0,41,"[2179, 2180, 2174, 2199, 2203, 2207, 2341, 2344, 2368, 2374, 2394, 2397, 2712, 2714, 2750, 2744, 2770, 2772, 2777, 3989, 3993, 4006, 4008, 4021, 4045, 4047, 4058, 4062, 4077, 4079, 5077, 5081, 5083, 5306, 5303, 5318, 5323, 5321, 5357, 5358, 5364]",0.005117299995617941,success,,35.445569252782064,39.01014120095092,24.462470730578612,12.744666408656366,34.400000000000006,32.30227919545478
stl_st_louis_downtown_airport_to_st_louis_lambert_2026-03-09_0275,st_louis_downtown_airport_to_st_louis_lambert,St. Louis Downtown Airport to St. Louis Lambert,St. Louis Downtown Airport,St. Louis Lambert International Airport,38.5703611,-90.1550833,38.7486982,-90.3700257,2026-03-09,March 9th - Monday,w_0275,0.7,0.2,0.0,0.1,43,"[2179, 2180, 2174, 2199, 2203, 2207, 2341, 2345, 2370, 2373, 2398, 2709, 2711, 2714, 2750, 2744, 2770, 2772, 2777, 3989, 3993, 4006, 4008, 4021, 4045, 4047, 4058, 4062, 4077, 4082, 4084, 5080, 5084, 5310, 5311, 5337, 5320, 5322, 5323, 5346, 5357, 5358, 5364]",0.006102399987867102,success,,36.197024617572914,39.83716642595565,17.31210242086407,20.84777907646774,36.400000000000006,34.98843698234177
stl_st_louis_downtown_airport_to_st_louis_lambert_2026-03-09_0276,st_louis_downtown_airport_to_st_louis_lambert,St. Louis Downtown Airport to St. Louis Lambert,St. Louis Downtown Airport,St. Louis Lambert International Airport,38.5703611,-90.1550833,38.7486982,-90.3700257,2026-03-09,March 9th - Monday,w_0276,0.7,0.2,0.1,0.0,41,"[2179, 2180, 2174, 2199, 2203, 2207, 2341, 2344, 2368, 2374, 2398, 2709, 2711, 2714, 2750, 2744, 2770, 2772, 2777, 3989, 3993, 4006, 4008, 4021, 4045, 4047, 4058, 4062, 4077, 4079, 5077, 5081, 5083, 5308, 5316, 5322, 5323, 5346, 5357, 5358, 5364]",0.006129499990493059,success,,35.44576618687472,39.01035793965546,21.38361219710798,16.20830636682576,34.400000000000006,33.20480363386299
stl_st_louis_downtown_airport_to_st_louis_lambert_2026-03-09_0277,st_louis_downtown_airport_to_st_louis_lambert,St. Louis Downtown Airport to St. Louis Lambert,St. Louis Downtown Airport,St. Louis Lambert International Airport,38.5703611,-90.1550833,38.7486982,-90.3700257,2026-03-09,March 9th - Monday,w_0277,0.7,0.3,0.0,0.0,43,"[2179, 2180, 2174, 2199, 2203, 2207, 2341, 2345, 2370, 2373, 2398, 2709, 2711, 2714, 2750, 2744, 2770, 2772, 2777, 3989, 3993, 4006, 4008, 4021, 4045, 4047, 4058, 4062, 4077, 4082, 4084, 5080, 5084, 5310, 5311, 5337, 5320, 5322, 5323, 5346, 5357, 5358, 5364]",0.005378500005463138,success,,36.197024617572914,39.83716642595565,17.31210242086407,20.84777907646774,36.400000000000006,33.07964722442817
stl_st_louis_downtown_airport_to_st_louis_lambert_2026-03-09_0278,st_louis_downtown_airport_to_st_louis_lambert,St. Louis Downtown Airport to St. Louis Lambert,St. Louis Downtown Airport,St. Louis Lambert International Airport,38.5703611,-90.1550833,38.7486982,-90.3700257,2026-03-09,March 9th - Monday,w_0278,0.8,0.0,0.0,0.2,40,"[2179, 2147, 2172, 2176, 2200, 2204, 2317, 2340, 2346, 2371, 2391, 2395, 2708, 2713, 2738, 2741, 2745, 2747, 2684, 2687, 3987, 3990, 4016, 4017, 4022, 4029, 4034, 4060, 4064, 5048, 5052, 5076, 5082, 5299, 5304, 5319, 5321, 5357, 5358, 5364]",0.0045233000128064305,success,,35.06847425714207,38.5951237717998,26.02381511715049,17.37501008770346,33.400000000000006,37.55609901743984
stl_st_louis_downtown_airport_to_st_louis_lambert_2026-03-09_0279,st_louis_downtown_airport_to_st_louis_lambert,St. Louis Downtown Airport to St. Louis Lambert,St. Louis Downtown Airport,St. Louis Lambert International Airport,38.5703611,-90.1550833,38.7486982,-90.3700257,2026-03-09,March 9th - Monday,w_0279,0.8,0.0,0.1,0.1,40,"[2179, 2180, 2174, 2199, 2203, 2207, 2341, 2344, 2368, 2374, 2394, 2397, 2712, 2716, 2739, 2746, 2769, 2773, 3985, 3988, 3992, 3994, 4019, 4020, 4023, 4055, 4059, 4063, 4078, 5051, 5075, 5079, 5306, 5303, 5318, 5323, 5321, 5357, 5358, 5364]",0.0045658999879378825,success,,35.06983717697514,38.59662375321507,23.754930208098564,15.880699244236782,33.8,35.84536892699574
stl_st_louis_downtown_airport_to_st_louis_lambert_2026-03-09_0280,st_louis_downtown_airport_to_st_louis_lambert,St. Louis Downtown Airport to St. Louis Lambert,St. Louis Downtown Airport,St. Louis Lambert International Airport,38.5703611,-90.1550833,38.7486982,-90.3700257,2026-03-09,March 9th - Monday,w_0280,0.8,0.0,0.2,0.0,41,"[2179, 2180, 2174, 2199, 2203, 2207, 2341, 2344, 2368, 2374, 2394, 2397, 2712, 2714, 2750, 2744, 2770, 2772, 2777, 3989, 3993, 4006, 4008, 4021, 4045, 4047, 4058, 4062, 4077, 4079, 5077, 5081, 5083, 5306, 5303, 5318, 5323, 5321, 5357, 5358, 5364]",0.0036000999971292913,success,,35.445569252782064,39.01014120095092,24.462470730578612,12.744666408656366,34.400000000000006,33.75704624249201
stl_st_louis_downtown_airport_to_st_louis_lambert_2026-03-09_0281,st_louis_downtown_airport_to_st_louis_lambert,St. Louis Downtown Airport to St. Louis Lambert,St. Louis Downtown Airport,St. Louis Lambert International Airport,38.5703611,-90.1550833,38.7486982,-90.3700257,2026-03-09,March 9th - Monday,w_0281,0.8,0.1,0.0,0.1,40,"[2179, 2180, 2174, 2199, 2203, 2207, 2341, 2344, 2368, 2374, 2394, 2397, 2712, 2716, 2739, 2746, 2769, 2773, 3985, 3988, 3992, 3994, 4019, 4020, 4023, 4055, 4059, 4063, 4078, 5051, 5075, 5079, 5306, 5303, 5318, 5323, 5346, 5357, 5358, 5364]",0.004495800007134676,success,,35.06987633323177,38.59666684720769,23.21199613097869,16.19626633787932,33.8,36.57853309086403
stl_st_louis_downtown_airport_to_st_louis_lambert_2026-03-09_0282,st_louis_downtown_airport_to_st_louis_lambert,St. Louis Downtown Airport to St. Louis Lambert,St. Louis Downtown Airport,St. Louis Lambert International Airport,38.5703611,-90.1550833,38.7486982,-90.3700257,2026-03-09,March 9th - Monday,w_0282,0.8,0.1,0.1,0.0,40,"[2179, 2180, 2174, 2199, 2203, 2207, 2341, 2344, 2368, 2374, 2394, 2397, 2712, 2716, 2739, 2746, 2769, 2773, 3985, 3988, 3992, 3994, 4019, 4020, 4023, 4055, 4059, 4063, 4078, 5051, 5075, 5079, 5306, 5303, 5318, 5323, 5346, 5357, 5358, 5364]",0.004263600014382973,success,,35.06987633323177,38.59666684720769,23.21199613097869,16.19626633787932,33.8,34.818159724651956
stl_st_louis_downtown_airport_to_st_louis_lambert_2026-03-09_0283,st_louis_downtown_airport_to_st_louis_lambert,St. Louis Downtown Airport to St. Louis Lambert,St. Louis Downtown Airport,St. Louis Lambert International Airport,38.5703611,-90.1550833,38.7486982,-90.3700257,2026-03-09,March 9th - Monday,w_0283,0.8,0.2,0.0,0.0,43,"[2179, 2180, 2174, 2199, 2203, 2207, 2341, 2345, 2370, 2373, 2398, 2709, 2711, 2714, 2750, 2744, 2770, 2772, 2777, 3989, 3993, 4006, 4008, 4021, 4045, 4047, 4058, 4062, 4077, 4082, 4084, 5080, 5084, 5310, 5311, 5337, 5320, 5322, 5323, 5346, 5357, 5358, 5364]",0.0047734999970998615,success,,36.197024617572914,39.83716642595565,17.31210242086407,20.84777907646774,36.400000000000006,35.332153624937334
stl_st_louis_downtown_airport_to_st_louis_lambert_2026-03-09_0284,st_louis_downtown_airport_to_st_louis_lambert,St. Louis Downtown Airport to St. Louis Lambert,St. Louis Downtown Airport,St. Louis Lambert International Airport,38.5703611,-90.1550833,38.7486982,-90.3700257,2026-03-09,March 9th - Monday,w_0284,0.9,0.0,0.0,0.1,40,"[2179, 2147, 2172, 2176, 2200, 2204, 2317, 2340, 2346, 2371, 2391, 2395, 2708, 2713, 2738, 2741, 2745, 2747, 2684, 2687, 3987, 3990, 4016, 4017, 4022, 4029, 4034, 4060, 4064, 5048, 5052, 5076, 5082, 5299, 5304, 5319, 5321, 5357, 5358, 5364]",0.003225599997676909,success,,35.06847425714207,38.5951237717998,26.02381511715049,17.37501008770346,33.400000000000006,38.07561139461982
stl_st_louis_downtown_airport_to_st_louis_lambert_2026-03-09_0285,st_louis_downtown_airport_to_st_louis_lambert,St. Louis Downtown Airport to St. Louis Lambert,St. Louis Downtown Airport,St. Louis Lambert International Airport,38.5703611,-90.1550833,38.7486982,-90.3700257,2026-03-09,March 9th - Monday,w_0285,0.9,0.0,0.1,0.0,40,"[2179, 2180, 2174, 2199, 2203, 2207, 2341, 2344, 2368, 2374, 2394, 2397, 2712, 2716, 2739, 2746, 2769, 2773, 3985, 3988, 3992, 3994, 4019, 4020, 4023, 4055, 4059, 4063, 4078, 5051, 5075, 5079, 5306, 5303, 5318, 5323, 5321, 5357, 5358, 5364]",0.0026322999910917133,success,,35.06983717697514,38.59662375321507,23.754930208098564,15.880699244236782,33.8,36.32503130231724
stl_st_louis_downtown_airport_to_st_louis_lambert_2026-03-09_0286,st_louis_downtown_airport_to_st_louis_lambert,St. Louis Downtown Airport to St. Louis Lambert,St. Louis Downtown Airport,St. Louis Lambert International Airport,38.5703611,-90.1550833,38.7486982,-90.3700257,2026-03-09,March 9th - Monday,w_0286,0.9,0.1,0.0,0.0,40,"[2179, 2180, 2174, 2199, 2203, 2207, 2341, 2344, 2368, 2374, 2394, 2397, 2712, 2716, 2739, 2746, 2769, 2773, 3985, 3988, 3992, 3994, 4019, 4020, 4023, 4055, 4059, 4063, 4078, 5051, 5075, 5079, 5306, 5303, 5318, 5323, 5346, 5357, 5358, 5364]",0.0028537000180222094,success,,35.06987633323177,38.59666684720769,23.21199613097869,16.19626633787932,33.8,37.05819977558479
stl_st_louis_downtown_airport_to_st_louis_lambert_2026-03-09_0287,st_louis_downtown_airport_to_st_louis_lambert,St. Louis Downtown Airport to St. Louis Lambert,St. Louis Downtown Airport,St. Louis Lambert International Airport,38.5703611,-90.1550833,38.7486982,-90.3700257,2026-03-09,March 9th - Monday,w_0287,1.0,0.0,0.0,0.0,40,"[2179, 2147, 2172, 2176, 2200, 2204, 2317, 2340, 2346, 2371, 2391, 2395, 2708, 2713, 2738, 2741, 2745, 2747, 2684, 2687, 3987, 3990, 4016, 4017, 4022, 4029, 4034, 4060, 4064, 5048, 5052, 5076, 5082, 5299, 5304, 5319, 5321, 5357, 5358, 5364]",0.0012598000175785273,success,,35.06847425714207,38.5951237717998,26.02381511715049,17.37501008770346,33.400000000000006,38.5951237717998
