route_run_id,route_pair,route_pair_label,origin_label,destination_label,origin_lat,origin_lon,destination_lat,destination_lon,traffic_date,traffic_dataset,weight_id,distance_weight,population_weight,traffic_weight,airspace_weight,path_nodes,path_node_ids,elapsed_seconds,status,failure_reason,route_distance_km,distance_cost_sum,population_cost_sum,traffic_cost_sum,airspace_cost_sum,total_weighted_score
stl_midamerica_to_st_louis_union_station_2026-01-12_0001,midamerica_to_st_louis_union_station,MidAmerica to St. Louis Union Station,MidAmerica St. Louis Airport,St. Louis Union Station,38.5451731,-89.8351856,38.629167,-90.2075,2026-01-12,January 12th - Monday,w_0001,0.0,0.0,0.0,1.0,89,"[8877, 8872, 8856, 8744, 8720, 8714, 8712, 8788, 8783, 8758, 8754, 8349, 8339, 8336, 8314, 8307, 8406, 8380, 8376, 8107, 8368, 8366, 8086, 8080, 8063, 8042, 8059, 7919, 7917, 7920, 7918, 7928, 7931, 7941, 7945, 7969, 7973, 7979, 8207, 7335, 7357, 7363, 7377, 7391, 7394, 7728, 7720, 7726, 7749, 7753, 7878, 7881, 7883, 9815, 7904, 7906, 9826, 9829, 9850, 9865, 9870, 9905, 2213, 2217, 2239, 2249, 2251, 2254, 2279, 2293, 2296, 2301, 2303, 2491, 2492, 2818, 2496, 2507, 2506, 2828, 2505, 2809, 2811, 2808, 2405, 2400, 2401, 2404, 2715]",0.03650230000494048,success,,74.84549698294418,82.37230963164274,25.667706654529958,20.963604982974708,21.600000000000012,21.600000000000012
stl_midamerica_to_st_louis_union_station_2026-01-12_0002,midamerica_to_st_louis_union_station,MidAmerica to St. Louis Union Station,MidAmerica St. Louis Airport,St. Louis Union Station,38.5451731,-89.8351856,38.629167,-90.2075,2026-01-12,January 12th - Monday,w_0002,0.0,0.0,0.1,0.9,95,"[8877, 8872, 8856, 8744, 8720, 8714, 8712, 8788, 8783, 8758, 8754, 8349, 8339, 8336, 8314, 8307, 8406, 8380, 8376, 8107, 8368, 8366, 8086, 8080, 8063, 8042, 8059, 7919, 7917, 7920, 7922, 7944, 7947, 8176, 8178, 7978, 8206, 8209, 8210, 7335, 7357, 7363, 7377, 7391, 7394, 7728, 7720, 7726, 7749, 7753, 7878, 7881, 7883, 9815, 7904, 7901, 9823, 9822, 9844, 9847, 9849, 9846, 1962, 9867, 2208, 2210, 2214, 2217, 2240, 2241, 2253, 2257, 2280, 2281, 2282, 2298, 2300, 2304, 2531, 2819, 2824, 2838, 2841, 2878, 2856, 2853, 2837, 2817, 2812, 2810, 2728, 2407, 2406, 2404, 2715]",0.038670600013574585,success,,80.26997102707286,88.3422941138568,28.001373100890717,17.236778855002083,21.600000000000012,21.16367788550022
stl_midamerica_to_st_louis_union_station_2026-01-12_0003,midamerica_to_st_louis_union_station,MidAmerica to St. Louis Union Station,MidAmerica St. Louis Airport,St. Louis Union Station,38.5451731,-89.8351856,38.629167,-90.2075,2026-01-12,January 12th - Monday,w_0003,0.0,0.0,0.2,0.8,95,"[8877, 8872, 8856, 8744, 8720, 8714, 8712, 8788, 8783, 8758, 8754, 8349, 8339, 8336, 8314, 8307, 8406, 8380, 8376, 8107, 8368, 8366, 8086, 8080, 8063, 8042, 8059, 7919, 7917, 7920, 7922, 7944, 7947, 8176, 8178, 7978, 8206, 8209, 8210, 7335, 7357, 7363, 7377, 7391, 7394, 7728, 7720, 7726, 7749, 7753, 7878, 7881, 7883, 9815, 7904, 7901, 9823, 9822, 9844, 9847, 9849, 9846, 1962, 9867, 2208, 2210, 2214, 2217, 2240, 2241, 2253, 2257, 2280, 2281, 2282, 2298, 2300, 2304, 2531, 2819, 2824, 2838, 2841, 2878, 2856, 2853, 2837, 2817, 2812, 2810, 2728, 2407, 2406, 2404, 2715]",0.03840150000178255,success,,80.26997102707286,88.3422941138568,28.001373100890717,17.236778855002083,21.600000000000012,20.72735577100043
stl_midamerica_to_st_louis_union_station_2026-01-12_0004,midamerica_to_st_louis_union_station,MidAmerica to St. Louis Union Station,MidAmerica St. Louis Airport,St. Louis Union Station,38.5451731,-89.8351856,38.629167,-90.2075,2026-01-12,January 12th - Monday,w_0004,0.0,0.0,0.3,0.7,95,"[8877, 8872, 8856, 8744, 8720, 8714, 8712, 8788, 8783, 8758, 8754, 8349, 8339, 8336, 8314, 8307, 8406, 8380, 8376, 8107, 8368, 8366, 8086, 8080, 8063, 8042, 8059, 7919, 7917, 7920, 7922, 7944, 7947, 8176, 8178, 7978, 8206, 8209, 8210, 7335, 7357, 7363, 7377, 7391, 7394, 7728, 7720, 7726, 7749, 7753, 7878, 7881, 7883, 9815, 7904, 7901, 9823, 9822, 9844, 9847, 9849, 9846, 1962, 9867, 2208, 2210, 2214, 2217, 2240, 2241, 2253, 2257, 2280, 2281, 2282, 2298, 2300, 2304, 2531, 2819, 2824, 2838, 2841, 2878, 2856, 2853, 2837, 2817, 2812, 2810, 2728, 2407, 2406, 2404, 2715]",0.03795989998616278,success,,80.26997102707286,88.3422941138568,28.001373100890717,17.236778855002083,21.600000000000012,20.291033656500634
stl_midamerica_to_st_louis_union_station_2026-01-12_0005,midamerica_to_st_louis_union_station,MidAmerica to St. Louis Union Station,MidAmerica St. Louis Airport,St. Louis Union Station,38.5451731,-89.8351856,38.629167,-90.2075,2026-01-12,January 12th - Monday,w_0005,0.0,0.0,0.4,0.6,95,"[8877, 8872, 8856, 8744, 8720, 8714, 8712, 8788, 8783, 8758, 8754, 8349, 8339, 8336, 8314, 8307, 8406, 8380, 8376, 8107, 8368, 8366, 8086, 8080, 8063, 8042, 8059, 7919, 7917, 7920, 7922, 7944, 7947, 8176, 8178, 7978, 8206, 8209, 8210, 7335, 7357, 7363, 7377, 7391, 7394, 7728, 7720, 7726, 7749, 7753, 7878, 7881, 7883, 9815, 7904, 7901, 9823, 9822, 9844, 9847, 9849, 9846, 1962, 9867, 2208, 2210, 2214, 2217, 2240, 2241, 2253, 2257, 2280, 2281, 2282, 2298, 2300, 2304, 2531, 2819, 2824, 2838, 2841, 2878, 2856, 2853, 2837, 2817, 2812, 2810, 2728, 2407, 2406, 2404, 2715]",0.03841329997521825,success,,80.26997102707286,88.3422941138568,28.001373100890717,17.236778855002083,21.600000000000012,19.85471154200084
stl_midamerica_to_st_louis_union_station_2026-01-12_0006,midamerica_to_st_louis_union_station,MidAmerica to St. Louis Union Station,MidAmerica St. Louis Airport,St. Louis Union Station,38.5451731,-89.8351856,38.629167,-90.2075,2026-01-12,January 12th - Monday,w_0006,0.0,0.0,0.5,0.5,73,"[8877, 8861, 8741, 8736, 8738, 8711, 7685, 7681, 7677, 7659, 7634, 7632, 8264, 7621, 7618, 8241, 7620, 7365, 7361, 7363, 7377, 7391, 7394, 7728, 7720, 7726, 7749, 7753, 7878, 7881, 7883, 9815, 7904, 7901, 9823, 9822, 9844, 9847, 9849, 9846, 1962, 9867, 2208, 2210, 2214, 2217, 2240, 2241, 2253, 2257, 2280, 2281, 2282, 2298, 2300, 2304, 2531, 2819, 2824, 2838, 2841, 2878, 2856, 2853, 2837, 2817, 2812, 2810, 2728, 2407, 2406, 2404, 2715]",0.039423099980922416,success,,61.675220990207244,67.87756918980774,28.92142373415924,16.076093515948077,22.600000000000012,19.338046757974045
stl_midamerica_to_st_louis_union_station_2026-01-12_0007,midamerica_to_st_louis_union_station,MidAmerica to St. Louis Union Station,MidAmerica St. Louis Airport,St. Louis Union Station,38.5451731,-89.8351856,38.629167,-90.2075,2026-01-12,January 12th - Monday,w_0007,0.0,0.0,0.6,0.4,73,"[8877, 8861, 8741, 8736, 8738, 8711, 7685, 7681, 7677, 7659, 7634, 7632, 8264, 7621, 7618, 8241, 7620, 7365, 7361, 7363, 7377, 7391, 7394, 7728, 7720, 7726, 7749, 7753, 7878, 7881, 7883, 9815, 7904, 7901, 9823, 9822, 9844, 9847, 9849, 9846, 1962, 9867, 2208, 2210, 2214, 2217, 2240, 2241, 2253, 2257, 2280, 2281, 2282, 2298, 2300, 2304, 2531, 2819, 2824, 2838, 2841, 2878, 2856, 2853, 2837, 2817, 2812, 2810, 2728, 2407, 2406, 2404, 2715]",0.04113369999686256,success,,61.675220990207244,67.87756918980774,28.92142373415924,16.076093515948077,22.600000000000012,18.68565610956885
stl_midamerica_to_st_louis_union_station_2026-01-12_0008,midamerica_to_st_louis_union_station,MidAmerica to St. Louis Union Station,MidAmerica St. Louis Airport,St. Louis Union Station,38.5451731,-89.8351856,38.629167,-90.2075,2026-01-12,January 12th - Monday,w_0008,0.0,0.0,0.7,0.3,67,"[8877, 8861, 8741, 8736, 8738, 8711, 7685, 7681, 7677, 7659, 7634, 7632, 8264, 7621, 7618, 8241, 7620, 7365, 7361, 7363, 7377, 7391, 7394, 7728, 7720, 7726, 7749, 7753, 7878, 7881, 7883, 9815, 7904, 7901, 9823, 9822, 9844, 9847, 9849, 9842, 1933, 1935, 1934, 1947, 1969, 1973, 1988, 2002, 2004, 2231, 2006, 2191, 2197, 2196, 2408, 2420, 2424, 2439, 2441, 2453, 2455, 2457, 2376, 2400, 2406, 2404, 2715]",0.041774499986786395,success,,56.76289410318487,62.47123577416004,24.91150658182159,11.714190851347986,32.6,17.97993359594359
stl_midamerica_to_st_louis_union_station_2026-01-12_0009,midamerica_to_st_louis_union_station,MidAmerica to St. Louis Union Station,MidAmerica St. Louis Airport,St. Louis Union Station,38.5451731,-89.8351856,38.629167,-90.2075,2026-01-12,January 12th - Monday,w_0009,0.0,0.0,0.8,0.2,67,"[8877, 8861, 8741, 8736, 8738, 8711, 7685, 7681, 7677, 7659, 7634, 7632, 8264, 7621, 7618, 8241, 7620, 7365, 7361, 7363, 7377, 7391, 7394, 7728, 7720, 7726, 7749, 7753, 7878, 7881, 7883, 9815, 7904, 7901, 9823, 9822, 9844, 9847, 9849, 9842, 1933, 1935, 1934, 1947, 1969, 1973, 1988, 2002, 2004, 2231, 2006, 2191, 2197, 2196, 2408, 2420, 2424, 2439, 2441, 2453, 2455, 2457, 2376, 2400, 2406, 2404, 2715]",0.04279789997963235,success,,56.76289410318487,62.47123577416004,24.91150658182159,11.714190851347986,32.6,15.891352681078391
stl_midamerica_to_st_louis_union_station_2026-01-12_0010,midamerica_to_st_louis_union_station,MidAmerica to St. Louis Union Station,MidAmerica St. Louis Airport,St. Louis Union Station,38.5451731,-89.8351856,38.629167,-90.2075,2026-01-12,January 12th - Monday,w_0010,0.0,0.0,0.9,0.1,68,"[8877, 8861, 8741, 8736, 8738, 8711, 7685, 7681, 7677, 7659, 7634, 7632, 8264, 7621, 7618, 8241, 7620, 7365, 7361, 7363, 7377, 7391, 7394, 7728, 7720, 7726, 7749, 7753, 7878, 7881, 7883, 9815, 7904, 7901, 9823, 9822, 9844, 9847, 9849, 9842, 1933, 1935, 1934, 1947, 1969, 1973, 1988, 2002, 2004, 2231, 2006, 2191, 2197, 2196, 2408, 2420, 2424, 2439, 2441, 2448, 2452, 2451, 2369, 2375, 2377, 2403, 2404, 2715]",0.045183599984738976,success,,57.67028567810253,63.469878882686594,24.051382116192872,11.419141472007944,34.0,13.67722732480715
stl_midamerica_to_st_louis_union_station_2026-01-12_0011,midamerica_to_st_louis_union_station,MidAmerica to St. Louis Union Station,MidAmerica St. Louis Airport,St. Louis Union Station,38.5451731,-89.8351856,38.629167,-90.2075,2026-01-12,January 12th - Monday,w_0011,0.0,0.0,1.0,0.0,72,"[8877, 8861, 8741, 8736, 8738, 8711, 7685, 7681, 7677, 7659, 7634, 7632, 7629, 7638, 7623, 7619, 8244, 7365, 7361, 7363, 7377, 7391, 7394, 7728, 7720, 7726, 7749, 7753, 7878, 7881, 7883, 9815, 7904, 7901, 9823, 9822, 9844, 9847, 9849, 9842, 1933, 1935, 1934, 1947, 1969, 1973, 1988, 2002, 2004, 2231, 2006, 2191, 2197, 2196, 2408, 2420, 2422, 2419, 2423, 2205, 2206, 2449, 2317, 2316, 2342, 2347, 2366, 2391, 2394, 2403, 2404, 2715]",0.046407599991653115,success,,59.16483240792273,65.11472421006498,26.25503676707204,11.19496727307132,38.2,11.19496727307132
stl_midamerica_to_st_louis_union_station_2026-01-12_0012,midamerica_to_st_louis_union_station,MidAmerica to St. Louis Union Station,MidAmerica St. Louis Airport,St. Louis Union Station,38.5451731,-89.8351856,38.629167,-90.2075,2026-01-12,January 12th - Monday,w_0012,0.0,0.1,0.0,0.9,89,"[8877, 8880, 8902, 8917, 8943, 8947, 8951, 9043, 9047, 9051, 9252, 9279, 9280, 9292, 9316, 9320, 9447, 9470, 9473, 9498, 9488, 9463, 9459, 9461, 9457, 9481, 9485, 9487, 10502, 10504, 10508, 10823, 10833, 10832, 10501, 10817, 10815, 10816, 10814, 10597, 10598, 10599, 10596, 10591, 10602, 10603, 10604, 10913, 10914, 10580, 10399, 10392, 10369, 10366, 10372, 10360, 10356, 10352, 10326, 10328, 10322, 10191, 2273, 2272, 2271, 2285, 2283, 2508, 2286, 2298, 2300, 2301, 2307, 2495, 2820, 2823, 2827, 2849, 2834, 2832, 2829, 2817, 2858, 2863, 2763, 2762, 2737, 2732, 2715]",0.037457300000824034,success,,71.94365013816504,79.17863951871364,10.13600093372973,31.565891862330183,21.600000000000012,20.453600093372984
stl_midamerica_to_st_louis_union_station_2026-01-12_0013,midamerica_to_st_louis_union_station,MidAmerica to St. Louis Union Station,MidAmerica St. Louis Airport,St. Louis Union Station,38.5451731,-89.8351856,38.629167,-90.2075,2026-01-12,January 12th - Monday,w_0013,0.0,0.1,0.1,0.8,114,"[8877, 8872, 8856, 8744, 8720, 8714, 8712, 8788, 8783, 8758, 8754, 8349, 8351, 8347, 8333, 8320, 8317, 8284, 8291, 8285, 8041, 8036, 8100, 8075, 8072, 8071, 8079, 8082, 8081, 8080, 8066, 8065, 8064, 7953, 7951, 7954, 7952, 7944, 7947, 8176, 8178, 7978, 8206, 8209, 8210, 7335, 7357, 7359, 7336, 7347, 7325, 7326, 7339, 7337, 7340, 7338, 7215, 7212, 7211, 7214, 7427, 7432, 7435, 7471, 7481, 7484, 7485, 7508, 7511, 7514, 7859, 7860, 7863, 7890, 7894, 7891, 7613, 7615, 1929, 1932, 1934, 1947, 1960, 1972, 1976, 2211, 2214, 2215, 2240, 2241, 2253, 2256, 2281, 2282, 2298, 2300, 2304, 2531, 2819, 2824, 2838, 2841, 2878, 2879, 2884, 2883, 2890, 2888, 2864, 2767, 2762, 2737, 2732, 2715]",0.03989919999730773,success,,92.3443323149741,101.63090955104158,13.260558983519955,18.320854947573213,21.600000000000012,20.43814139310933
stl_midamerica_to_st_louis_union_station_2026-01-12_0014,midamerica_to_st_louis_union_station,MidAmerica to St. Louis Union Station,MidAmerica St. Louis Airport,St. Louis Union Station,38.5451731,-89.8351856,38.629167,-90.2075,2026-01-12,January 12th - Monday,w_0014,0.0,0.1,0.2,0.7,114,"[8877, 8872, 8856, 8744, 8720, 8714, 8712, 8788, 8783, 8758, 8754, 8349, 8351, 8347, 8333, 8320, 8317, 8284, 8291, 8285, 8041, 8036, 8100, 8075, 8072, 8071, 8079, 8082, 8081, 8080, 8066, 8065, 8064, 7953, 7951, 7954, 7952, 7944, 7947, 8176, 8178, 7978, 8206, 8209, 8210, 7335, 7357, 7359, 7336, 7347, 7325, 7326, 7339, 7337, 7340, 7338, 7215, 7212, 7211, 7214, 7427, 7432, 7435, 7471, 7481, 7484, 7485, 7508, 7511, 7514, 7859, 7860, 7863, 7890, 7894, 7891, 7613, 7615, 1929, 1932, 1934, 1947, 1960, 1972, 1976, 2211, 2214, 2215, 2240, 2241, 2253, 2256, 2281, 2282, 2298, 2300, 2304, 2531, 2819, 2824, 2838, 2841, 2878, 2879, 2884, 2883, 2890, 2888, 2864, 2767, 2762, 2737, 2732, 2715]",0.03842359999543987,success,,92.3443323149741,101.63090955104158,13.260558983519955,18.320854947573213,21.600000000000012,20.110226887866645
stl_midamerica_to_st_louis_union_station_2026-01-12_0015,midamerica_to_st_louis_union_station,MidAmerica to St. Louis Union Station,MidAmerica St. Louis Airport,St. Louis Union Station,38.5451731,-89.8351856,38.629167,-90.2075,2026-01-12,January 12th - Monday,w_0015,0.0,0.1,0.3,0.6,115,"[8877, 8872, 8856, 8744, 8720, 8714, 8712, 8788, 8783, 8758, 8754, 8349, 8351, 8347, 8333, 8320, 8317, 8284, 8291, 8285, 8041, 8036, 8100, 8075, 8072, 8071, 8079, 8082, 8081, 8080, 8066, 8065, 8064, 7953, 7951, 7954, 7952, 7944, 7947, 8176, 8178, 7978, 8206, 8209, 8210, 7335, 7357, 7359, 7336, 7347, 7325, 7326, 7339, 7337, 7340, 7338, 7215, 7212, 7211, 7214, 7427, 7432, 7435, 7471, 7481, 7484, 7485, 7508, 7511, 7514, 7859, 7860, 7863, 7890, 7894, 7891, 7613, 7615, 1929, 1932, 1934, 1947, 1960, 1972, 1976, 2211, 2214, 2215, 2240, 2241, 2253, 2257, 2280, 2281, 2282, 2298, 2300, 2304, 2531, 2819, 2824, 2838, 2841, 2878, 2879, 2884, 2883, 2890, 2888, 2864, 2767, 2762, 2737, 2732, 2715]",0.03944799999590032,success,,92.7191696240088,102.04344225008072,13.970337934522616,18.028414474232928,21.600000000000012,19.765558135722145
stl_midamerica_to_st_louis_union_station_2026-01-12_0016,midamerica_to_st_louis_union_station,MidAmerica to St. Louis Union Station,MidAmerica St. Louis Airport,St. Louis Union Station,38.5451731,-89.8351856,38.629167,-90.2075,2026-01-12,January 12th - Monday,w_0016,0.0,0.1,0.4,0.5,111,"[8877, 8872, 8856, 8744, 8720, 8714, 8712, 8788, 8783, 8758, 8754, 8349, 8351, 8347, 8333, 8320, 8317, 8284, 8291, 8285, 8041, 8036, 8100, 8075, 8072, 8071, 8079, 8082, 8081, 8080, 8066, 8065, 8064, 7953, 7951, 7954, 7952, 7944, 7947, 8176, 8178, 7978, 8206, 8209, 8210, 7335, 7357, 7359, 7336, 7347, 7325, 7326, 7339, 7337, 7340, 7338, 7437, 7444, 7458, 7461, 7476, 7490, 7492, 7496, 7511, 7514, 7859, 7860, 7863, 7890, 7894, 7891, 7613, 7615, 1929, 1932, 1934, 1958, 1962, 9867, 2208, 2210, 2214, 2215, 2240, 2241, 2253, 2257, 2280, 2281, 2282, 2298, 2300, 2304, 2531, 2819, 2824, 2838, 2841, 2878, 2879, 2884, 2883, 2890, 2888, 2864, 2767, 2762, 2737, 2732, 2715]",0.040223199990577996,success,,90.16024279307943,99.22717778877228,15.363997234691544,17.627016161118984,21.600000000000012,19.387206187916753
stl_midamerica_to_st_louis_union_station_2026-01-12_0017,midamerica_to_st_louis_union_station,MidAmerica to St. Louis Union Station,MidAmerica St. Louis Airport,St. Louis Union Station,38.5451731,-89.8351856,38.629167,-90.2075,2026-01-12,January 12th - Monday,w_0017,0.0,0.1,0.5,0.4,97,"[8877, 8874, 8875, 8888, 8913, 8919, 8920, 9019, 9021, 9044, 9244, 9251, 9273, 9279, 9303, 9304, 9311, 9334, 9336, 9531, 9534, 9535, 9502, 9506, 11713, 11716, 9526, 9524, 9525, 9523, 9514, 9512, 9513, 9511, 10506, 10507, 10511, 10828, 10838, 10841, 10864, 10877, 10878, 10893, 10892, 10983, 10957, 10955, 10928, 10609, 10610, 10607, 10604, 10590, 10577, 10574, 10572, 10537, 10363, 10350, 10365, 10370, 10376, 10374, 10379, 10378, 10384, 10338, 10337, 10330, 2551, 2527, 2525, 2526, 2542, 2540, 2516, 2530, 2534, 2559, 2561, 2840, 2824, 2838, 2841, 2878, 2879, 2884, 2883, 2890, 2888, 2864, 2767, 2762, 2737, 2732, 2715]",0.04011780000291765,success,,80.81163351633286,88.9384287121926,11.588298605587116,16.662318884314843,23.200000000000014,18.76998930271614
stl_midamerica_to_st_louis_union_station_2026-01-12_0018,midamerica_to_st_louis_union_station,MidAmerica to St. Louis Union Station,MidAmerica St. Louis Airport,St. Louis Union Station,38.5451731,-89.8351856,38.629167,-90.2075,2026-01-12,January 12th - Monday,w_0018,0.0,0.1,0.6,0.3,131,"[8877, 8874, 8875, 8888, 8913, 8919, 8920, 9019, 9021, 9044, 9244, 9251, 9273, 9250, 9257, 9039, 9038, 9011, 9008, 9003, 9002, 9065, 9061, 8641, 8636, 8644, 8625, 8619, 8616, 8602, 8600, 8565, 8563, 8560, 8537, 8546, 8549, 8542, 8523, 8518, 8301, 8299, 8273, 8268, 8030, 8028, 8023, 8004, 7985, 7983, 7982, 8054, 8051, 8057, 8071, 8079, 8082, 8081, 8080, 8066, 8065, 8064, 7953, 7951, 7954, 7952, 7944, 7947, 8176, 8178, 7978, 8206, 8209, 8210, 7335, 7357, 7359, 7336, 7347, 7325, 7326, 7339, 7337, 7340, 7338, 7215, 7212, 7211, 7214, 7427, 7432, 7435, 7471, 7481, 7480, 7479, 7286, 7283, 7285, 7308, 7302, 7528, 7531, 7535, 7568, 7572, 7597, 7586, 7602, 7606, 1687, 2112, 2116, 2117, 2139, 2143, 2145, 2157, 2170, 2175, 2201, 2313, 2316, 2342, 2347, 2366, 2391, 2394, 2403, 2404, 2715]",0.0420000999874901,success,,105.74863754653862,116.38321430470086,9.74907210728759,12.165288253373305,32.2,17.934080162752743
stl_midamerica_to_st_louis_union_station_2026-01-12_0019,midamerica_to_st_louis_union_station,MidAmerica to St. Louis Union Station,MidAmerica St. Louis Airport,St. Louis Union Station,38.5451731,-89.8351856,38.629167,-90.2075,2026-01-12,January 12th - Monday,w_0019,0.0,0.1,0.7,0.2,131,"[8877, 8874, 8875, 8888, 8913, 8919, 8920, 9019, 9021, 9044, 9244, 9251, 9273, 9250, 9257, 9039, 9038, 9011, 9008, 9003, 9002, 9065, 9061, 8641, 8636, 8644, 8625, 8619, 8616, 8602, 8600, 8565, 8563, 8560, 8537, 8546, 8549, 8542, 8523, 8518, 8301, 8299, 8273, 8268, 8030, 8028, 8023, 8004, 7985, 7983, 7982, 8054, 8051, 8057, 8071, 8079, 8082, 8081, 8080, 8066, 8065, 8064, 7953, 7951, 7954, 7952, 7944, 7947, 8176, 8178, 7978, 8206, 8209, 8210, 7335, 7357, 7359, 7336, 7347, 7325, 7326, 7339, 7337, 7340, 7338, 7215, 7212, 7211, 7214, 7427, 7432, 7435, 7471, 7481, 7480, 7479, 7286, 7283, 7285, 7308, 7302, 7528, 7531, 7535, 7568, 7572, 7597, 7586, 7602, 7606, 1687, 2112, 2116, 2117, 2139, 2143, 2145, 2157, 2170, 2175, 2201, 2313, 2316, 2342, 2347, 2366, 2391, 2394, 2403, 2404, 2715]",0.0431234999850858,success,,105.74863754653862,116.38321430470086,9.74907210728759,12.165288253373305,32.2,15.930608988090073
stl_midamerica_to_st_louis_union_station_2026-01-12_0020,midamerica_to_st_louis_union_station,MidAmerica to St. Louis Union Station,MidAmerica St. Louis Airport,St. Louis Union Station,38.5451731,-89.8351856,38.629167,-90.2075,2026-01-12,January 12th - Monday,w_0020,0.0,0.1,0.8,0.1,132,"[8877, 8874, 8875, 8888, 8913, 8919, 8920, 9019, 9021, 9044, 9244, 9251, 9273, 9250, 9257, 9039, 9038, 9011, 9008, 9003, 9002, 9065, 9061, 8641, 8636, 8644, 8625, 8619, 8616, 8602, 8600, 8565, 8563, 8560, 8537, 8546, 8549, 8542, 8523, 8518, 8301, 8299, 8273, 8268, 8030, 8028, 8023, 8004, 7985, 7983, 7982, 8054, 8051, 8057, 8071, 8079, 8082, 8081, 8080, 8066, 8065, 8064, 7953, 7951, 7954, 7952, 7944, 7947, 8176, 8178, 7978, 8206, 8209, 8210, 7335, 7357, 7359, 7336, 7347, 7325, 7326, 7339, 7337, 7340, 7338, 7437, 7444, 7458, 7461, 7476, 7490, 7492, 7496, 7511, 7514, 7859, 7860, 7863, 7890, 7894, 7891, 7613, 7615, 1929, 1932, 1934, 1947, 1969, 1973, 1988, 2002, 2004, 2231, 2006, 2191, 2197, 2196, 2192, 2418, 2422, 2419, 2423, 2205, 2206, 2449, 2345, 2370, 2373, 2398, 2403, 2404, 2715]",0.04422290000366047,success,,105.60604826401891,116.22628557814643,10.057625470925188,11.685316523295693,34.6,13.814015765729076
stl_midamerica_to_st_louis_union_station_2026-01-12_0021,midamerica_to_st_louis_union_station,MidAmerica to St. Louis Union Station,MidAmerica St. Louis Airport,St. Louis Union Station,38.5451731,-89.8351856,38.629167,-90.2075,2026-01-12,January 12th - Monday,w_0021,0.0,0.1,0.9,0.0,114,"[8877, 8874, 8860, 8749, 8743, 8718, 8719, 8807, 8712, 8788, 8783, 8758, 8754, 8349, 8351, 8347, 8333, 8320, 8317, 8284, 8291, 8285, 8041, 8036, 8100, 8075, 8072, 8071, 8079, 8082, 8081, 8080, 8066, 8065, 8064, 7953, 7951, 7954, 7952, 7944, 7947, 8176, 8178, 7978, 8206, 8209, 8210, 7335, 7357, 7359, 7336, 7347, 7325, 7326, 7339, 7337, 7340, 7338, 7215, 7212, 7211, 7214, 7427, 7432, 7435, 7471, 7481, 7480, 7479, 7286, 7283, 7285, 7308, 7302, 7304, 7527, 7529, 7549, 7555, 7552, 7554, 1624, 1627, 1650, 1649, 1668, 1672, 1674, 1688, 1666, 1667, 1689, 1792, 1795, 1794, 1796, 2039, 2027, 2049, 2053, 2057, 2083, 2087, 2309, 2312, 2316, 2342, 2347, 2366, 2391, 2394, 2403, 2404, 2715]",0.045371699990937486,success,,90.18499945778383,99.25442409927435,9.736429517386384,11.548849638542453,42.2,11.367607626426846
stl_midamerica_to_st_louis_union_station_2026-01-12_0022,midamerica_to_st_louis_union_station,MidAmerica to St. Louis Union Station,MidAmerica St. Louis Airport,St. Louis Union Station,38.5451731,-89.8351856,38.629167,-90.2075,2026-01-12,January 12th - Monday,w_0022,0.0,0.2,0.0,0.8,89,"[8877, 8880, 8902, 8917, 8943, 8947, 8951, 9043, 9047, 9051, 9252, 9279, 9280, 9292, 9316, 9320, 9447, 9470, 9473, 9498, 9488, 9463, 9459, 9461, 9457, 9481, 9485, 9487, 10502, 10504, 10508, 10823, 10833, 10832, 10501, 10817, 10815, 10816, 10814, 10597, 10598, 10599, 10596, 10591, 10602, 10603, 10604, 10913, 10914, 10580, 10399, 10392, 10369, 10366, 10372, 10360, 10356, 10352, 10326, 10328, 10322, 10191, 2273, 2272, 2271, 2285, 2283, 2508, 2286, 2298, 2300, 2301, 2307, 2495, 2820, 2823, 2827, 2849, 2834, 2832, 2829, 2817, 2858, 2863, 2763, 2762, 2737, 2732, 2715]",0.03708590002497658,success,,71.94365013816504,79.17863951871364,10.13600093372973,31.565891862330183,21.600000000000012,19.30720018674596
stl_midamerica_to_st_louis_union_station_2026-01-12_0023,midamerica_to_st_louis_union_station,MidAmerica to St. Louis Union Station,MidAmerica St. Louis Airport,St. Louis Union Station,38.5451731,-89.8351856,38.629167,-90.2075,2026-01-12,January 12th - Monday,w_0023,0.0,0.2,0.1,0.7,116,"[8877, 8872, 8856, 8744, 8720, 8714, 8712, 8788, 8783, 8758, 8754, 8349, 8351, 8347, 8333, 8320, 8317, 8284, 8291, 8285, 8041, 8036, 8100, 8075, 8072, 8071, 8079, 8082, 8081, 8080, 8066, 8065, 8064, 7953, 7951, 7954, 7952, 7944, 7947, 8176, 8178, 7978, 8206, 8209, 8210, 7335, 7357, 7359, 7336, 7347, 7325, 7326, 7339, 7337, 7340, 7338, 7215, 7212, 7211, 7214, 7427, 7432, 7435, 7471, 7481, 7480, 7479, 7286, 7283, 7285, 7308, 7302, 7537, 7542, 7545, 7569, 7571, 7587, 7590, 7594, 1911, 1915, 1917, 1934, 1947, 1960, 1972, 1976, 2211, 1997, 2221, 2223, 2227, 2252, 2254, 2279, 2293, 2296, 2301, 2307, 2495, 2820, 2823, 2827, 2854, 2856, 2857, 2851, 2859, 2858, 2863, 2763, 2762, 2737, 2732, 2715]",0.037831900001037866,success,,94.13718947261982,103.60406479575275,11.085324756094842,21.527936290934402,21.600000000000012,19.489858580312415
stl_midamerica_to_st_louis_union_station_2026-01-12_0024,midamerica_to_st_louis_union_station,MidAmerica to St. Louis Union Station,MidAmerica St. Louis Airport,St. Louis Union Station,38.5451731,-89.8351856,38.629167,-90.2075,2026-01-12,January 12th - Monday,w_0024,0.0,0.2,0.2,0.6,93,"[8877, 8880, 8902, 8917, 8943, 8947, 8951, 9043, 9047, 9051, 9252, 9279, 9303, 9304, 9311, 9334, 9336, 9531, 9534, 9535, 9502, 9506, 11713, 11716, 9526, 9524, 9525, 9523, 9514, 9512, 9513, 9487, 10502, 10504, 10508, 10823, 10833, 10832, 10501, 10817, 10815, 10816, 10814, 10597, 10598, 10601, 10600, 10609, 10610, 10607, 10604, 10581, 10578, 10573, 10371, 10364, 10365, 10370, 10376, 10374, 10379, 10378, 10384, 10338, 10337, 10330, 2551, 2527, 2525, 2526, 2542, 2540, 2516, 2530, 2534, 2559, 2561, 2840, 2824, 2838, 2841, 2878, 2879, 2884, 2883, 2890, 2888, 2864, 2767, 2762, 2737, 2732, 2715]",0.03876160000800155,success,,76.11605973874357,83.77064611073628,11.02383214700183,18.473759252505772,22.200000000000014,19.21951827990153
stl_midamerica_to_st_louis_union_station_2026-01-12_0025,midamerica_to_st_louis_union_station,MidAmerica to St. Louis Union Station,MidAmerica St. Louis Airport,St. Louis Union Station,38.5451731,-89.8351856,38.629167,-90.2075,2026-01-12,January 12th - Monday,w_0025,0.0,0.2,0.3,0.5,93,"[8877, 8880, 8902, 8917, 8943, 8947, 8951, 9043, 9047, 9051, 9252, 9279, 9303, 9304, 9311, 9334, 9336, 9531, 9534, 9535, 9502, 9506, 11713, 11716, 9526, 9524, 9525, 9523, 9514, 9512, 9513, 9511, 10506, 10507, 10511, 10828, 10838, 10841, 10864, 10877, 10878, 10893, 10892, 10983, 10957, 10955, 10928, 10609, 10610, 10607, 10604, 10581, 10578, 10573, 10371, 10364, 10365, 10370, 10376, 10374, 10379, 10378, 10384, 10338, 10337, 10330, 2551, 2527, 2525, 2526, 2542, 2540, 2516, 2530, 2534, 2559, 2561, 2840, 2824, 2838, 2841, 2878, 2879, 2884, 2883, 2890, 2888, 2864, 2767, 2762, 2737, 2732, 2715]",0.040980399993713945,success,,78.25198146694242,86.12136610106839,11.2952703499118,18.229473711271897,22.200000000000014,18.827896183363933
stl_midamerica_to_st_louis_union_station_2026-01-12_0026,midamerica_to_st_louis_union_station,MidAmerica to St. Louis Union Station,MidAmerica St. Louis Airport,St. Louis Union Station,38.5451731,-89.8351856,38.629167,-90.2075,2026-01-12,January 12th - Monday,w_0026,0.0,0.2,0.4,0.4,95,"[8877, 8874, 8875, 8888, 8913, 8919, 8920, 9019, 9021, 9044, 9244, 9251, 9273, 9279, 9303, 9304, 9311, 9334, 9336, 9531, 9534, 9535, 9502, 9506, 11713, 11716, 9526, 9524, 9525, 9523, 9514, 9512, 9513, 9511, 10506, 10507, 10511, 10828, 10838, 10841, 10864, 10877, 10878, 10893, 10892, 10983, 10957, 10955, 10928, 10609, 10610, 10607, 10604, 10581, 10578, 10573, 10371, 10364, 10365, 10370, 10376, 10374, 10379, 10378, 10384, 10338, 10337, 10330, 2551, 2527, 2525, 2526, 2542, 2540, 2516, 2530, 2534, 2559, 2561, 2840, 2824, 2838, 2841, 2878, 2879, 2884, 2883, 2890, 2888, 2864, 2767, 2762, 2737, 2732, 2715]",0.038989299995591864,success,,79.52835956325313,87.52610273846841,11.282362291134056,16.749491653668652,23.200000000000014,18.236269119694278
stl_midamerica_to_st_louis_union_station_2026-01-12_0027,midamerica_to_st_louis_union_station,MidAmerica to St. Louis Union Station,MidAmerica St. Louis Airport,St. Louis Union Station,38.5451731,-89.8351856,38.629167,-90.2075,2026-01-12,January 12th - Monday,w_0027,0.0,0.2,0.5,0.3,131,"[8877, 8874, 8875, 8888, 8913, 8919, 8920, 9019, 9021, 9044, 9244, 9251, 9273, 9250, 9257, 9039, 9038, 9011, 9008, 9003, 9002, 9065, 9061, 8641, 8636, 8644, 8625, 8619, 8616, 8602, 8600, 8565, 8563, 8560, 8537, 8546, 8549, 8542, 8523, 8518, 8301, 8299, 8273, 8268, 8030, 8028, 8023, 8004, 7985, 7983, 7982, 8054, 8051, 8057, 8071, 8079, 8082, 8081, 8080, 8066, 8065, 8064, 7953, 7951, 7954, 7952, 7944, 7947, 8176, 8178, 7978, 8206, 8209, 8210, 7335, 7357, 7359, 7336, 7347, 7325, 7326, 7339, 7337, 7340, 7338, 7215, 7212, 7211, 7214, 7427, 7432, 7435, 7471, 7481, 7480, 7479, 7286, 7283, 7285, 7308, 7302, 7537, 7542, 7545, 7569, 7571, 7587, 7590, 7595, 7593, 1919, 1922, 1926, 1952, 2132, 2136, 2162, 2165, 2182, 2184, 2186, 2421, 2205, 2450, 2451, 2369, 2375, 2377, 2403, 2404, 2715]",0.041275499999755993,success,,106.27599251970626,116.96360255632084,6.458443313546807,13.700872787014614,31.000000000000004,17.442125056216668
stl_midamerica_to_st_louis_union_station_2026-01-12_0028,midamerica_to_st_louis_union_station,MidAmerica to St. Louis Union Station,MidAmerica St. Louis Airport,St. Louis Union Station,38.5451731,-89.8351856,38.629167,-90.2075,2026-01-12,January 12th - Monday,w_0028,0.0,0.2,0.6,0.2,131,"[8877, 8874, 8875, 8888, 8913, 8919, 8920, 9019, 9021, 9044, 9244, 9251, 9273, 9250, 9257, 9039, 9038, 9011, 9008, 9003, 9002, 9065, 9061, 8641, 8636, 8644, 8625, 8619, 8616, 8602, 8600, 8565, 8563, 8560, 8537, 8546, 8549, 8542, 8523, 8518, 8301, 8299, 8273, 8268, 8030, 8028, 8023, 8004, 7985, 7983, 7982, 8054, 8051, 8057, 8071, 8079, 8082, 8081, 8080, 8066, 8065, 8064, 7953, 7951, 7954, 7952, 7944, 7947, 8176, 8178, 7978, 8206, 8209, 8210, 7335, 7357, 7359, 7336, 7347, 7325, 7326, 7339, 7337, 7340, 7338, 7215, 7212, 7211, 7214, 7427, 7432, 7435, 7471, 7481, 7480, 7479, 7286, 7283, 7285, 7308, 7302, 7528, 7531, 7535, 7568, 7572, 7597, 7586, 7602, 7606, 1687, 2112, 2116, 2117, 2139, 2143, 2145, 2157, 2170, 2175, 2201, 2313, 2316, 2342, 2347, 2366, 2391, 2394, 2403, 2404, 2715]",0.041078200010815635,success,,105.74863754653862,116.38321430470086,9.74907210728759,12.165288253373305,32.2,15.688987373481503
stl_midamerica_to_st_louis_union_station_2026-01-12_0029,midamerica_to_st_louis_union_station,MidAmerica to St. Louis Union Station,MidAmerica St. Louis Airport,St. Louis Union Station,38.5451731,-89.8351856,38.629167,-90.2075,2026-01-12,January 12th - Monday,w_0029,0.0,0.2,0.7,0.1,135,"[8877, 8874, 8875, 8888, 8913, 8919, 8920, 9019, 9021, 9044, 9244, 9251, 9273, 9250, 9257, 9039, 9038, 9011, 9008, 9003, 9002, 9065, 9061, 8641, 8636, 8644, 8625, 8619, 8616, 8602, 8600, 8565, 8563, 8560, 8537, 8546, 8549, 8542, 8523, 8518, 8301, 8299, 8273, 8268, 8030, 8028, 8023, 8004, 7985, 7983, 7982, 8054, 8051, 8057, 8071, 8079, 8082, 8081, 8080, 8066, 8065, 8064, 7953, 7951, 7954, 7952, 7944, 7947, 8176, 8178, 7978, 8206, 8209, 8210, 7335, 7357, 7359, 7336, 7347, 7325, 7326, 7339, 7337, 7340, 7338, 7215, 7212, 7211, 7214, 7427, 7432, 7435, 7471, 7481, 7484, 7485, 7508, 7511, 7514, 7859, 7860, 7863, 7890, 7894, 7891, 7613, 7615, 1929, 1932, 1934, 1947, 1969, 1973, 1988, 2002, 2004, 2231, 2006, 2191, 2197, 2196, 2192, 2418, 2422, 2419, 2423, 2448, 2452, 2451, 2369, 2375, 2377, 2403, 2404, 2715]",0.04051029999391176,success,,108.3176596344553,119.21058924917651,8.690895578182587,12.07712961781914,34.0,13.592169848109915
stl_midamerica_to_st_louis_union_station_2026-01-12_0030,midamerica_to_st_louis_union_station,MidAmerica to St. Louis Union Station,MidAmerica St. Louis Airport,St. Louis Union Station,38.5451731,-89.8351856,38.629167,-90.2075,2026-01-12,January 12th - Monday,w_0030,0.0,0.2,0.8,0.0,114,"[8877, 8874, 8860, 8749, 8743, 8718, 8719, 8807, 8712, 8788, 8783, 8758, 8754, 8349, 8351, 8347, 8333, 8320, 8317, 8284, 8291, 8285, 8041, 8036, 8100, 8075, 8072, 8071, 8079, 8082, 8081, 8080, 8066, 8065, 8064, 7953, 7951, 7954, 7952, 7944, 7947, 8176, 8178, 7978, 8206, 8209, 8210, 7335, 7357, 7359, 7336, 7347, 7325, 7326, 7339, 7337, 7340, 7338, 7215, 7212, 7211, 7214, 7427, 7432, 7435, 7471, 7481, 7480, 7479, 7286, 7283, 7285, 7308, 7302, 7304, 7527, 7529, 7549, 7555, 7552, 7554, 1624, 1627, 1650, 1649, 1668, 1672, 1674, 1688, 1666, 1667, 1689, 1792, 1795, 1794, 1796, 2039, 2027, 2049, 2053, 2057, 2083, 2087, 2309, 2312, 2316, 2342, 2347, 2366, 2391, 2394, 2403, 2404, 2715]",0.04335900000296533,success,,90.18499945778383,99.25442409927435,9.736429517386384,11.548849638542453,42.2,11.186365614311239
stl_midamerica_to_st_louis_union_station_2026-01-12_0031,midamerica_to_st_louis_union_station,MidAmerica to St. Louis Union Station,MidAmerica St. Louis Airport,St. Louis Union Station,38.5451731,-89.8351856,38.629167,-90.2075,2026-01-12,January 12th - Monday,w_0031,0.0,0.3,0.0,0.7,89,"[8877, 8880, 8902, 8917, 8943, 8947, 8951, 9043, 9047, 9051, 9252, 9279, 9280, 9292, 9316, 9320, 9447, 9470, 9473, 9498, 9488, 9463, 9459, 9461, 9457, 9481, 9485, 9487, 10502, 10504, 10508, 10823, 10833, 10832, 10501, 10817, 10815, 10816, 10814, 10597, 10598, 10599, 10596, 10591, 10602, 10603, 10604, 10913, 10914, 10580, 10399, 10392, 10369, 10366, 10372, 10360, 10356, 10352, 10326, 10328, 10322, 10191, 2273, 2272, 2271, 2285, 2283, 2508, 2286, 2298, 2300, 2301, 2307, 2495, 2820, 2823, 2827, 2849, 2834, 2832, 2829, 2817, 2858, 2863, 2763, 2762, 2737, 2732, 2715]",0.0366980999824591,success,,71.94365013816504,79.17863951871364,10.13600093372973,31.565891862330183,21.600000000000012,18.160800280118927
stl_midamerica_to_st_louis_union_station_2026-01-12_0032,midamerica_to_st_louis_union_station,MidAmerica to St. Louis Union Station,MidAmerica St. Louis Airport,St. Louis Union Station,38.5451731,-89.8351856,38.629167,-90.2075,2026-01-12,January 12th - Monday,w_0032,0.0,0.3,0.1,0.6,93,"[8877, 8880, 8902, 8917, 8943, 8947, 8951, 9043, 9047, 9051, 9252, 9279, 9303, 9304, 9311, 9334, 9336, 9531, 9534, 9535, 9502, 9506, 11713, 11716, 9526, 9524, 9525, 9523, 9514, 9512, 9513, 9487, 10502, 10504, 10508, 10823, 10833, 10832, 10501, 10817, 10815, 10816, 10814, 10597, 10598, 10601, 10600, 10609, 10610, 10607, 10604, 10913, 10579, 10576, 10395, 10368, 10365, 10370, 10376, 10360, 10356, 10352, 10326, 10328, 10322, 10327, 2522, 2527, 2525, 2526, 2517, 2513, 2516, 2530, 2534, 2559, 2561, 2840, 2824, 2838, 2841, 2878, 2856, 2857, 2851, 2859, 2858, 2863, 2763, 2762, 2737, 2732, 2715]",0.038405600003898144,success,,75.58103355553169,83.18181519637143,10.038786783353496,20.467787751463163,22.200000000000014,18.37841481015237
stl_midamerica_to_st_louis_union_station_2026-01-12_0033,midamerica_to_st_louis_union_station,MidAmerica to St. Louis Union Station,MidAmerica St. Louis Airport,St. Louis Union Station,38.5451731,-89.8351856,38.629167,-90.2075,2026-01-12,January 12th - Monday,w_0033,0.0,0.3,0.2,0.5,93,"[8877, 8880, 8902, 8917, 8943, 8947, 8951, 9043, 9047, 9051, 9252, 9279, 9303, 9304, 9311, 9334, 9336, 9531, 9534, 9535, 9502, 9506, 11713, 11716, 9526, 9524, 9525, 9523, 9514, 9512, 9513, 9487, 10502, 10504, 10508, 10823, 10833, 10832, 10501, 10817, 10815, 10816, 10814, 10597, 10598, 10601, 10600, 10609, 10610, 10607, 10604, 10581, 10578, 10573, 10371, 10364, 10365, 10370, 10376, 10374, 10379, 10378, 10384, 10338, 10337, 10330, 2551, 2527, 2525, 2526, 2542, 2540, 2516, 2530, 2534, 2559, 2561, 2840, 2824, 2838, 2841, 2878, 2879, 2884, 2883, 2890, 2888, 2864, 2767, 2762, 2737, 2732, 2715]",0.03859169999486767,success,,76.11605973874357,83.77064611073628,11.02383214700183,18.473759252505772,22.200000000000014,18.101901494601712
stl_midamerica_to_st_louis_union_station_2026-01-12_0034,midamerica_to_st_louis_union_station,MidAmerica to St. Louis Union Station,MidAmerica St. Louis Airport,St. Louis Union Station,38.5451731,-89.8351856,38.629167,-90.2075,2026-01-12,January 12th - Monday,w_0034,0.0,0.3,0.3,0.4,95,"[8877, 8874, 8875, 8888, 8913, 8919, 8920, 9019, 9021, 9044, 9244, 9251, 9273, 9279, 9303, 9304, 9311, 9334, 9336, 9531, 9534, 9535, 9502, 9506, 11713, 11716, 9526, 9524, 9525, 9523, 9514, 9512, 9513, 9487, 10502, 10504, 10508, 10823, 10833, 10832, 10501, 10817, 10815, 10816, 10814, 10597, 10598, 10601, 10600, 10609, 10610, 10607, 10604, 10581, 10578, 10573, 10371, 10364, 10365, 10370, 10376, 10374, 10379, 10378, 10384, 10338, 10337, 10330, 2551, 2527, 2525, 2526, 2542, 2540, 2516, 2530, 2534, 2559, 2561, 2840, 2824, 2838, 2841, 2878, 2879, 2884, 2883, 2890, 2888, 2864, 2767, 2762, 2737, 2732, 2715]",0.03919139999197796,success,,77.39243783505428,85.17538274813629,11.010924088224087,16.99377719490253,23.200000000000014,17.68141038493799
stl_midamerica_to_st_louis_union_station_2026-01-12_0035,midamerica_to_st_louis_union_station,MidAmerica to St. Louis Union Station,MidAmerica St. Louis Airport,St. Louis Union Station,38.5451731,-89.8351856,38.629167,-90.2075,2026-01-12,January 12th - Monday,w_0035,0.0,0.3,0.4,0.3,131,"[8877, 8874, 8875, 8888, 8913, 8919, 8920, 9019, 9021, 9044, 9244, 9251, 9273, 9250, 9257, 9039, 9038, 9011, 9008, 9003, 9002, 9065, 9061, 8641, 8636, 8644, 8625, 8619, 8616, 8602, 8600, 8565, 8563, 8560, 8537, 8546, 8549, 8542, 8523, 8518, 8301, 8299, 8273, 8268, 8030, 8028, 8023, 8004, 7985, 7983, 7982, 8054, 8051, 8057, 8071, 8079, 8082, 8081, 8080, 8066, 8065, 8064, 7953, 7951, 7954, 7952, 7944, 7947, 8176, 8178, 7978, 8206, 8209, 8210, 7335, 7357, 7359, 7336, 7347, 7325, 7326, 7339, 7337, 7340, 7338, 7215, 7212, 7211, 7214, 7427, 7432, 7435, 7471, 7481, 7480, 7479, 7286, 7283, 7285, 7308, 7302, 7537, 7542, 7545, 7569, 7571, 7587, 7590, 7595, 7593, 1919, 1922, 1926, 1952, 2132, 2136, 2162, 2165, 2182, 2184, 2186, 2421, 2205, 2450, 2451, 2369, 2375, 2377, 2403, 2404, 2715]",0.03943879998405464,success,,106.27599251970626,116.96360255632084,6.458443313546807,13.700872787014614,31.000000000000004,16.717882108869887
stl_midamerica_to_st_louis_union_station_2026-01-12_0036,midamerica_to_st_louis_union_station,MidAmerica to St. Louis Union Station,MidAmerica St. Louis Airport,St. Louis Union Station,38.5451731,-89.8351856,38.629167,-90.2075,2026-01-12,January 12th - Monday,w_0036,0.0,0.3,0.5,0.2,131,"[8877, 8874, 8875, 8888, 8913, 8919, 8920, 9019, 9021, 9044, 9244, 9251, 9273, 9250, 9257, 9039, 9038, 9011, 9008, 9003, 9002, 9065, 9061, 8641, 8636, 8644, 8625, 8619, 8616, 8602, 8600, 8565, 8563, 8560, 8537, 8546, 8549, 8542, 8523, 8518, 8301, 8299, 8273, 8268, 8030, 8028, 8023, 8004, 7985, 7983, 7982, 8054, 8051, 8057, 8071, 8079, 8082, 8081, 8080, 8066, 8065, 8064, 7953, 7951, 7954, 7952, 7944, 7947, 8176, 8178, 7978, 8206, 8209, 8210, 7335, 7357, 7359, 7336, 7347, 7325, 7326, 7339, 7337, 7340, 7338, 7215, 7212, 7211, 7214, 7427, 7432, 7435, 7471, 7481, 7480, 7479, 7286, 7283, 7285, 7308, 7302, 7537, 7542, 7545, 7569, 7571, 7587, 7590, 7595, 7593, 1919, 1922, 1926, 1952, 2132, 2136, 2162, 2165, 2182, 2184, 2186, 2421, 2205, 2450, 2451, 2369, 2375, 2377, 2403, 2404, 2715]",0.03977800000575371,success,,106.27599251970626,116.96360255632084,6.458443313546807,13.700872787014614,31.000000000000004,14.98796938757135
stl_midamerica_to_st_louis_union_station_2026-01-12_0037,midamerica_to_st_louis_union_station,MidAmerica to St. Louis Union Station,MidAmerica St. Louis Airport,St. Louis Union Station,38.5451731,-89.8351856,38.629167,-90.2075,2026-01-12,January 12th - Monday,w_0037,0.0,0.3,0.6,0.1,135,"[8877, 8874, 8875, 8888, 8913, 8919, 8920, 9019, 9021, 9044, 9244, 9251, 9273, 9250, 9257, 9039, 9038, 9011, 9008, 9003, 9002, 9065, 9061, 8641, 8636, 8644, 8625, 8619, 8616, 8602, 8600, 8565, 8563, 8560, 8537, 8546, 8549, 8542, 8523, 8518, 8301, 8299, 8273, 8268, 8030, 8028, 8023, 8004, 7985, 7983, 7982, 8054, 8051, 8057, 8071, 8079, 8082, 8081, 8080, 8066, 8065, 8064, 7953, 7951, 7954, 7952, 7944, 7947, 8176, 8178, 7978, 8206, 8209, 8210, 7335, 7357, 7359, 7336, 7347, 7325, 7326, 7339, 7337, 7340, 7338, 7215, 7212, 7211, 7214, 7427, 7432, 7435, 7471, 7481, 7484, 7485, 7508, 7511, 7514, 7859, 7860, 7863, 7890, 7894, 7891, 7613, 7615, 1929, 1932, 1934, 1947, 1969, 1973, 1988, 2002, 2004, 2231, 2006, 2191, 2197, 2196, 2192, 2418, 2422, 2419, 2423, 2448, 2452, 2451, 2369, 2375, 2377, 2403, 2404, 2715]",0.04066220001550391,success,,108.3176596344553,119.21058924917651,8.690895578182587,12.07712961781914,34.0,13.25354644414626
stl_midamerica_to_st_louis_union_station_2026-01-12_0038,midamerica_to_st_louis_union_station,MidAmerica to St. Louis Union Station,MidAmerica St. Louis Airport,St. Louis Union Station,38.5451731,-89.8351856,38.629167,-90.2075,2026-01-12,January 12th - Monday,w_0038,0.0,0.3,0.7,0.0,108,"[8877, 8874, 8860, 8749, 8743, 8718, 8719, 8807, 8712, 8788, 8783, 8758, 8754, 8349, 8351, 8347, 8333, 8320, 8317, 8284, 8291, 8285, 8041, 8036, 8100, 8075, 8072, 8071, 8079, 8082, 8081, 8080, 8066, 8065, 8064, 7953, 7951, 7954, 7952, 7944, 7947, 8176, 8178, 7978, 8206, 8209, 8210, 7335, 7357, 7359, 7336, 7347, 7325, 7326, 7339, 7337, 7340, 7338, 7215, 7212, 7211, 7214, 7427, 7432, 7435, 7471, 7481, 7484, 7485, 7508, 7511, 7514, 7859, 7860, 7863, 7890, 7894, 7891, 7613, 7615, 1929, 1932, 1934, 1947, 1969, 1973, 1988, 2002, 2004, 2231, 2006, 2191, 2197, 2196, 2192, 2418, 2422, 2419, 2423, 2448, 2452, 2451, 2369, 2375, 2377, 2403, 2404, 2715]",0.04119150000042282,success,,86.36448915121308,95.0497054373695,8.445423452184945,12.07712961781914,35.0,10.98761776812888
stl_midamerica_to_st_louis_union_station_2026-01-12_0039,midamerica_to_st_louis_union_station,MidAmerica to St. Louis Union Station,MidAmerica St. Louis Airport,St. Louis Union Station,38.5451731,-89.8351856,38.629167,-90.2075,2026-01-12,January 12th - Monday,w_0039,0.0,0.4,0.0,0.6,89,"[8877, 8880, 8902, 8917, 8943, 8947, 8951, 9043, 9047, 9051, 9252, 9279, 9280, 9292, 9316, 9320, 9447, 9470, 9473, 9498, 9488, 9463, 9459, 9461, 9457, 9481, 9485, 9487, 10502, 10504, 10508, 10823, 10833, 10832, 10501, 10817, 10815, 10816, 10814, 10597, 10598, 10599, 10596, 10591, 10602, 10603, 10604, 10913, 10914, 10580, 10399, 10392, 10369, 10366, 10372, 10360, 10356, 10352, 10326, 10328, 10322, 10191, 2273, 2272, 2271, 2285, 2283, 2508, 2286, 2298, 2300, 2301, 2307, 2495, 2820, 2823, 2827, 2849, 2834, 2832, 2829, 2817, 2858, 2863, 2763, 2762, 2737, 2732, 2715]",0.03775720001431182,success,,71.94365013816504,79.17863951871364,10.13600093372973,31.565891862330183,21.600000000000012,17.0144003734919
stl_midamerica_to_st_louis_union_station_2026-01-12_0040,midamerica_to_st_louis_union_station,MidAmerica to St. Louis Union Station,MidAmerica St. Louis Airport,St. Louis Union Station,38.5451731,-89.8351856,38.629167,-90.2075,2026-01-12,January 12th - Monday,w_0040,0.0,0.4,0.1,0.5,93,"[8877, 8880, 8902, 8917, 8943, 8947, 8951, 9043, 9047, 9051, 9252, 9279, 9303, 9304, 9311, 9334, 9336, 9531, 9534, 9535, 9502, 9506, 11713, 11716, 9526, 9524, 9525, 9523, 9514, 9512, 9513, 9487, 10502, 10504, 10508, 10823, 10833, 10832, 10501, 10817, 10815, 10816, 10814, 10597, 10598, 10601, 10600, 10609, 10610, 10607, 10604, 10913, 10914, 10580, 10399, 10392, 10369, 10370, 10376, 10360, 10356, 10352, 10326, 10328, 10322, 10327, 2522, 2527, 2525, 2526, 2517, 2513, 2516, 2530, 2534, 2559, 2561, 2840, 2824, 2838, 2841, 2878, 2856, 2857, 2851, 2859, 2858, 2863, 2763, 2762, 2737, 2732, 2715]",0.03792940001585521,success,,75.04813261049223,82.59532324405279,9.957257191539373,20.79319326906842,22.200000000000014,17.1622222035226
stl_midamerica_to_st_louis_union_station_2026-01-12_0041,midamerica_to_st_louis_union_station,MidAmerica to St. Louis Union Station,MidAmerica St. Louis Airport,St. Louis Union Station,38.5451731,-89.8351856,38.629167,-90.2075,2026-01-12,January 12th - Monday,w_0041,0.0,0.4,0.2,0.4,93,"[8877, 8880, 8902, 8917, 8943, 8947, 8951, 9043, 9047, 9051, 9252, 9279, 9303, 9304, 9311, 9334, 9336, 9531, 9534, 9535, 9502, 9506, 11713, 11716, 9526, 9524, 9525, 9523, 9514, 9512, 9513, 9487, 10502, 10504, 10508, 10823, 10833, 10832, 10501, 10817, 10815, 10816, 10814, 10597, 10598, 10601, 10600, 10609, 10610, 10607, 10604, 10581, 10578, 10573, 10371, 10364, 10365, 10370, 10376, 10360, 10356, 10352, 10326, 10328, 10322, 10327, 2522, 2527, 2525, 2526, 2542, 2540, 2516, 2530, 2534, 2559, 2561, 2840, 2824, 2838, 2841, 2878, 2856, 2857, 2851, 2859, 2858, 2863, 2763, 2762, 2737, 2732, 2715]",0.038046800007577986,success,,75.58105179876036,83.18183527422431,10.17920342366482,20.11469614435921,22.200000000000014,16.974620598337776
stl_midamerica_to_st_louis_union_station_2026-01-12_0042,midamerica_to_st_louis_union_station,MidAmerica to St. Louis Union Station,MidAmerica St. Louis Airport,St. Louis Union Station,38.5451731,-89.8351856,38.629167,-90.2075,2026-01-12,January 12th - Monday,w_0042,0.0,0.4,0.3,0.3,102,"[8877, 8872, 8856, 8744, 8720, 8714, 8712, 8788, 8783, 8758, 8754, 8349, 8351, 8347, 8333, 8320, 8317, 8284, 8291, 8285, 8041, 8036, 8100, 8075, 8072, 8071, 8079, 8082, 8081, 8080, 8066, 8065, 8064, 7953, 7951, 7954, 7952, 7944, 7947, 8176, 8178, 7978, 8206, 8209, 8210, 7335, 7357, 7359, 7336, 7347, 7325, 7326, 7339, 7337, 7340, 7338, 7215, 7212, 7211, 7214, 7427, 7432, 7435, 7471, 7481, 7480, 7479, 7286, 7283, 7285, 7308, 7302, 7537, 7542, 7545, 7569, 7571, 7587, 7590, 7595, 7593, 1919, 1922, 1926, 1952, 2132, 2136, 2162, 2165, 2182, 2184, 2186, 2421, 2205, 2450, 2451, 2369, 2375, 2377, 2403, 2404, 2715]",0.0384075999900233,success,,83.04706042279497,91.3986605861284,6.215480005421195,14.86155812606862,30.000000000000004,15.944659439989064
stl_midamerica_to_st_louis_union_station_2026-01-12_0043,midamerica_to_st_louis_union_station,MidAmerica to St. Louis Union Station,MidAmerica St. Louis Airport,St. Louis Union Station,38.5451731,-89.8351856,38.629167,-90.2075,2026-01-12,January 12th - Monday,w_0043,0.0,0.4,0.4,0.2,131,"[8877, 8874, 8875, 8888, 8913, 8919, 8920, 9019, 9021, 9044, 9244, 9251, 9273, 9250, 9257, 9039, 9038, 9011, 9008, 9003, 9002, 9065, 9061, 8641, 8636, 8644, 8625, 8619, 8616, 8602, 8600, 8565, 8563, 8560, 8537, 8546, 8549, 8542, 8523, 8518, 8301, 8299, 8273, 8268, 8030, 8028, 8023, 8004, 7985, 7983, 7982, 8054, 8051, 8057, 8071, 8079, 8082, 8081, 8080, 8066, 8065, 8064, 7953, 7951, 7954, 7952, 7944, 7947, 8176, 8178, 7978, 8206, 8209, 8210, 7335, 7357, 7359, 7336, 7347, 7325, 7326, 7339, 7337, 7340, 7338, 7215, 7212, 7211, 7214, 7427, 7432, 7435, 7471, 7481, 7480, 7479, 7286, 7283, 7285, 7308, 7302, 7537, 7542, 7545, 7569, 7571, 7587, 7590, 7595, 7593, 1919, 1922, 1926, 1952, 2132, 2136, 2162, 2165, 2182, 2184, 2186, 2421, 2205, 2450, 2451, 2369, 2375, 2377, 2403, 2404, 2715]",0.038888499984750524,success,,106.27599251970626,116.96360255632084,6.458443313546807,13.700872787014614,31.000000000000004,14.26372644022457
stl_midamerica_to_st_louis_union_station_2026-01-12_0044,midamerica_to_st_louis_union_station,MidAmerica to St. Louis Union Station,MidAmerica St. Louis Airport,St. Louis Union Station,38.5451731,-89.8351856,38.629167,-90.2075,2026-01-12,January 12th - Monday,w_0044,0.0,0.4,0.5,0.1,131,"[8877, 8874, 8875, 8888, 8913, 8919, 8920, 9019, 9021, 9044, 9244, 9251, 9273, 9250, 9257, 9039, 9038, 9011, 9008, 9003, 9002, 9065, 9061, 8641, 8636, 8644, 8625, 8619, 8616, 8602, 8600, 8565, 8563, 8560, 8537, 8546, 8549, 8542, 8523, 8518, 8301, 8299, 8273, 8268, 8030, 8028, 8023, 8004, 7985, 7983, 7982, 8054, 8051, 8057, 8071, 8079, 8082, 8081, 8080, 8066, 8065, 8064, 7953, 7951, 7954, 7952, 7944, 7947, 8176, 8178, 7978, 8206, 8209, 8210, 7335, 7357, 7359, 7336, 7347, 7325, 7326, 7339, 7337, 7340, 7338, 7215, 7212, 7211, 7214, 7427, 7432, 7435, 7471, 7481, 7480, 7479, 7286, 7283, 7285, 7308, 7302, 7537, 7542, 7545, 7569, 7571, 7587, 7590, 7595, 7593, 1919, 1922, 1926, 1952, 2132, 2136, 2162, 2165, 2182, 2184, 2186, 2421, 2205, 2450, 2451, 2369, 2375, 2377, 2403, 2404, 2715]",0.03976129999500699,success,,106.27599251970626,116.96360255632084,6.458443313546807,13.700872787014614,31.000000000000004,12.53381371892603
stl_midamerica_to_st_louis_union_station_2026-01-12_0045,midamerica_to_st_louis_union_station,MidAmerica to St. Louis Union Station,MidAmerica St. Louis Airport,St. Louis Union Station,38.5451731,-89.8351856,38.629167,-90.2075,2026-01-12,January 12th - Monday,w_0045,0.0,0.4,0.6,0.0,111,"[8877, 8874, 8860, 8749, 8743, 8718, 8719, 8807, 8712, 8788, 8783, 8758, 8754, 8349, 8351, 8347, 8333, 8320, 8317, 8284, 8291, 8285, 8041, 8036, 8100, 8075, 8072, 8071, 8079, 8082, 8081, 8080, 8066, 8065, 8064, 7953, 7951, 7954, 7952, 7944, 7947, 8176, 8178, 7978, 8206, 8209, 8210, 7335, 7357, 7359, 7336, 7347, 7325, 7326, 7339, 7337, 7340, 7338, 7215, 7212, 7211, 7214, 7427, 7432, 7435, 7471, 7481, 7484, 7485, 7508, 7511, 7514, 7859, 7860, 7863, 7890, 7894, 7891, 7613, 7615, 1929, 1932, 1934, 1947, 1969, 1973, 1989, 1993, 1995, 2218, 2234, 2232, 2231, 2006, 2191, 2197, 2196, 2192, 2418, 2422, 2419, 2423, 2448, 2452, 2451, 2369, 2375, 2377, 2403, 2404, 2715]",0.04137779999291524,success,,88.5489158030709,97.4538082329652,7.974335968267388,12.370076240669075,38.0,10.6117801317084
stl_midamerica_to_st_louis_union_station_2026-01-12_0046,midamerica_to_st_louis_union_station,MidAmerica to St. Louis Union Station,MidAmerica St. Louis Airport,St. Louis Union Station,38.5451731,-89.8351856,38.629167,-90.2075,2026-01-12,January 12th - Monday,w_0046,0.0,0.5,0.0,0.5,89,"[8877, 8880, 8902, 8917, 8943, 8947, 8951, 9043, 9047, 9051, 9252, 9279, 9280, 9292, 9316, 9320, 9447, 9470, 9473, 9498, 9488, 9463, 9459, 9461, 9457, 9481, 9485, 9487, 10502, 10504, 10508, 10823, 10833, 10832, 10501, 10817, 10815, 10816, 10814, 10597, 10598, 10599, 10596, 10591, 10602, 10603, 10604, 10913, 10914, 10580, 10399, 10392, 10369, 10366, 10372, 10360, 10356, 10352, 10326, 10328, 10322, 10191, 2273, 2272, 2271, 2285, 2283, 2508, 2286, 2298, 2300, 2301, 2307, 2495, 2820, 2823, 2827, 2849, 2834, 2832, 2829, 2817, 2858, 2863, 2763, 2762, 2737, 2732, 2715]",0.03733990000910126,success,,71.94365013816504,79.17863951871364,10.13600093372973,31.565891862330183,21.600000000000012,15.86800046686487
stl_midamerica_to_st_louis_union_station_2026-01-12_0047,midamerica_to_st_louis_union_station,MidAmerica to St. Louis Union Station,MidAmerica St. Louis Airport,St. Louis Union Station,38.5451731,-89.8351856,38.629167,-90.2075,2026-01-12,January 12th - Monday,w_0047,0.0,0.5,0.1,0.4,93,"[8877, 8880, 8902, 8917, 8943, 8947, 8951, 9043, 9047, 9051, 9252, 9279, 9303, 9304, 9311, 9334, 9336, 9531, 9534, 9535, 9502, 9506, 11713, 11716, 9526, 9524, 9525, 9523, 9514, 9512, 9513, 9487, 10502, 10504, 10508, 10823, 10833, 10832, 10501, 10817, 10815, 10816, 10814, 10597, 10598, 10601, 10600, 10609, 10610, 10607, 10604, 10913, 10914, 10580, 10399, 10392, 10369, 10370, 10376, 10360, 10356, 10352, 10326, 10328, 10322, 10327, 2522, 2527, 2525, 2526, 2517, 2513, 2516, 2530, 2534, 2559, 2561, 2840, 2824, 2838, 2841, 2878, 2856, 2857, 2851, 2859, 2858, 2863, 2763, 2762, 2737, 2732, 2715]",0.038181800016900524,success,,75.04813261049223,82.59532324405279,9.957257191539373,20.79319326906842,22.200000000000014,15.937947922676535
stl_midamerica_to_st_louis_union_station_2026-01-12_0048,midamerica_to_st_louis_union_station,MidAmerica to St. Louis Union Station,MidAmerica St. Louis Airport,St. Louis Union Station,38.5451731,-89.8351856,38.629167,-90.2075,2026-01-12,January 12th - Monday,w_0048,0.0,0.5,0.2,0.3,102,"[8877, 8872, 8856, 8744, 8720, 8714, 8712, 8788, 8783, 8758, 8754, 8349, 8351, 8347, 8333, 8320, 8317, 8284, 8291, 8285, 8041, 8036, 8100, 8075, 8072, 8071, 8079, 8082, 8081, 8080, 8066, 8065, 8064, 7953, 7951, 7954, 7952, 7944, 7947, 8176, 8178, 7978, 8206, 8209, 8210, 7335, 7357, 7359, 7336, 7347, 7325, 7326, 7339, 7337, 7340, 7338, 7215, 7212, 7211, 7214, 7427, 7432, 7435, 7471, 7481, 7480, 7479, 7286, 7283, 7285, 7308, 7302, 7537, 7542, 7545, 7569, 7571, 7587, 7590, 7595, 7593, 1919, 1922, 1926, 1952, 2132, 2136, 2162, 2165, 2182, 2184, 2186, 2421, 2205, 2450, 2451, 2369, 2375, 2377, 2403, 2404, 2715]",0.03771400000550784,success,,83.04706042279497,91.3986605861284,6.215480005421195,14.86155812606862,30.000000000000004,15.080051627924322
stl_midamerica_to_st_louis_union_station_2026-01-12_0049,midamerica_to_st_louis_union_station,MidAmerica to St. Louis Union Station,MidAmerica St. Louis Airport,St. Louis Union Station,38.5451731,-89.8351856,38.629167,-90.2075,2026-01-12,January 12th - Monday,w_0049,0.0,0.5,0.3,0.2,131,"[8877, 8874, 8875, 8888, 8913, 8919, 8920, 9019, 9021, 9044, 9244, 9251, 9273, 9250, 9257, 9039, 9038, 9011, 9008, 9003, 9002, 9065, 9061, 8641, 8636, 8644, 8625, 8619, 8616, 8602, 8600, 8565, 8563, 8560, 8537, 8546, 8549, 8542, 8523, 8518, 8301, 8299, 8273, 8268, 8030, 8028, 8023, 8004, 7985, 7983, 7982, 8054, 8051, 8057, 8071, 8079, 8082, 8081, 8080, 8066, 8065, 8064, 7953, 7951, 7954, 7952, 7944, 7947, 8176, 8178, 7978, 8206, 8209, 8210, 7335, 7357, 7359, 7336, 7347, 7325, 7326, 7339, 7337, 7340, 7338, 7215, 7212, 7211, 7214, 7427, 7432, 7435, 7471, 7481, 7480, 7479, 7286, 7283, 7285, 7308, 7302, 7537, 7542, 7545, 7569, 7571, 7587, 7590, 7595, 7593, 1919, 1922, 1926, 1952, 2132, 2136, 2162, 2165, 2182, 2184, 2186, 2421, 2205, 2450, 2451, 2369, 2375, 2377, 2403, 2404, 2715]",0.03753640002105385,success,,106.27599251970626,116.96360255632084,6.458443313546807,13.700872787014614,31.000000000000004,13.539483492877789
stl_midamerica_to_st_louis_union_station_2026-01-12_0050,midamerica_to_st_louis_union_station,MidAmerica to St. Louis Union Station,MidAmerica St. Louis Airport,St. Louis Union Station,38.5451731,-89.8351856,38.629167,-90.2075,2026-01-12,January 12th - Monday,w_0050,0.0,0.5,0.4,0.1,104,"[8877, 8874, 8860, 8749, 8743, 8718, 8719, 8807, 8712, 8788, 8783, 8758, 8754, 8349, 8351, 8347, 8333, 8320, 8317, 8284, 8291, 8285, 8041, 8036, 8100, 8075, 8072, 8071, 8079, 8082, 8081, 8080, 8066, 8065, 8064, 7953, 7951, 7954, 7952, 7944, 7947, 8176, 8178, 7978, 8206, 8209, 8210, 7335, 7357, 7359, 7336, 7347, 7325, 7326, 7339, 7337, 7340, 7338, 7215, 7212, 7211, 7214, 7427, 7432, 7435, 7471, 7481, 7480, 7479, 7286, 7283, 7285, 7308, 7302, 7537, 7542, 7545, 7569, 7571, 7587, 7590, 7595, 7593, 1919, 1922, 1926, 1952, 2132, 2136, 2162, 2165, 2182, 2184, 2186, 2421, 2205, 2450, 2451, 2369, 2375, 2377, 2403, 2404, 2715]",0.03787739999825135,success,,84.32282203646405,92.80271874451383,6.212971187549167,13.700872787014614,32.0,11.786834708580429
stl_midamerica_to_st_louis_union_station_2026-01-12_0051,midamerica_to_st_louis_union_station,MidAmerica to St. Louis Union Station,MidAmerica St. Louis Airport,St. Louis Union Station,38.5451731,-89.8351856,38.629167,-90.2075,2026-01-12,January 12th - Monday,w_0051,0.0,0.5,0.5,0.0,105,"[8877, 8874, 8860, 8749, 8743, 8718, 8719, 8807, 8712, 8788, 8783, 8758, 8754, 8349, 8351, 8347, 8333, 8320, 8317, 8284, 8291, 8285, 8041, 8036, 8100, 8075, 8072, 8071, 8079, 8082, 8081, 8080, 8066, 8065, 8064, 7953, 7951, 7954, 7952, 7944, 7947, 8176, 8178, 7978, 8206, 8209, 8210, 7335, 7357, 7359, 7336, 7347, 7325, 7326, 7339, 7337, 7340, 7338, 7215, 7212, 7211, 7214, 7427, 7432, 7435, 7471, 7481, 7480, 7479, 7286, 7283, 7285, 7308, 7302, 7537, 7542, 7545, 7569, 7571, 7587, 7590, 7594, 1911, 1914, 1948, 1951, 1957, 1952, 2132, 2136, 2162, 2165, 2182, 2184, 2186, 2421, 2205, 2450, 2451, 2369, 2375, 2377, 2403, 2404, 2715]",0.03996460000053048,success,,85.23012694806181,93.80126647445236,6.403227294857086,13.479933915616996,33.0,9.941580605237041
stl_midamerica_to_st_louis_union_station_2026-01-12_0052,midamerica_to_st_louis_union_station,MidAmerica to St. Louis Union Station,MidAmerica St. Louis Airport,St. Louis Union Station,38.5451731,-89.8351856,38.629167,-90.2075,2026-01-12,January 12th - Monday,w_0052,0.0,0.6,0.0,0.4,89,"[8877, 8880, 8902, 8917, 8943, 8947, 8951, 9043, 9047, 9051, 9252, 9279, 9280, 9292, 9316, 9320, 9447, 9470, 9473, 9498, 9488, 9463, 9459, 9461, 9457, 9481, 9485, 9487, 10502, 10504, 10508, 10823, 10833, 10832, 10501, 10817, 10815, 10816, 10814, 10597, 10598, 10599, 10596, 10591, 10602, 10603, 10604, 10913, 10914, 10580, 10399, 10392, 10369, 10366, 10372, 10374, 10379, 10614, 10407, 10410, 10411, 10408, 2604, 2605, 2602, 2575, 2587, 10714, 10713, 10722, 2597, 10723, 2596, 2876, 2875, 2874, 2873, 2885, 2879, 2857, 2851, 2859, 2858, 2863, 2763, 2762, 2737, 2732, 2715]",0.036907700006850064,success,,70.35339602464116,77.42846202624496,8.310914275627539,31.003288100589796,24.000000000000018,14.586548565376532
stl_midamerica_to_st_louis_union_station_2026-01-12_0053,midamerica_to_st_louis_union_station,MidAmerica to St. Louis Union Station,MidAmerica St. Louis Airport,St. Louis Union Station,38.5451731,-89.8351856,38.629167,-90.2075,2026-01-12,January 12th - Monday,w_0053,0.0,0.6,0.1,0.3,102,"[8877, 8872, 8856, 8744, 8720, 8714, 8712, 8788, 8783, 8758, 8754, 8349, 8351, 8347, 8333, 8320, 8317, 8284, 8291, 8285, 8041, 8036, 8100, 8075, 8072, 8071, 8079, 8082, 8081, 8080, 8066, 8065, 8064, 7953, 7951, 7954, 7952, 7944, 7947, 8176, 8178, 7978, 8206, 8209, 8210, 7335, 7357, 7359, 7336, 7347, 7325, 7326, 7339, 7337, 7340, 7338, 7215, 7212, 7211, 7214, 7427, 7432, 7435, 7471, 7481, 7480, 7479, 7286, 7283, 7285, 7308, 7302, 7537, 7542, 7545, 7569, 7571, 7587, 7590, 7595, 7593, 1919, 1922, 1926, 1952, 2132, 2136, 2162, 2165, 2182, 2184, 2186, 2421, 2205, 2450, 2451, 2369, 2375, 2377, 2403, 2404, 2715]",0.037623300013365224,success,,83.04706042279497,91.3986605861284,6.215480005421195,14.86155812606862,30.000000000000004,14.21544381585958
stl_midamerica_to_st_louis_union_station_2026-01-12_0054,midamerica_to_st_louis_union_station,MidAmerica to St. Louis Union Station,MidAmerica St. Louis Airport,St. Louis Union Station,38.5451731,-89.8351856,38.629167,-90.2075,2026-01-12,January 12th - Monday,w_0054,0.0,0.6,0.2,0.2,102,"[8877, 8872, 8856, 8744, 8720, 8714, 8712, 8788, 8783, 8758, 8754, 8349, 8351, 8347, 8333, 8320, 8317, 8284, 8291, 8285, 8041, 8036, 8100, 8075, 8072, 8071, 8079, 8082, 8081, 8080, 8066, 8065, 8064, 7953, 7951, 7954, 7952, 7944, 7947, 8176, 8178, 7978, 8206, 8209, 8210, 7335, 7357, 7359, 7336, 7347, 7325, 7326, 7339, 7337, 7340, 7338, 7215, 7212, 7211, 7214, 7427, 7432, 7435, 7471, 7481, 7480, 7479, 7286, 7283, 7285, 7308, 7302, 7537, 7542, 7545, 7569, 7571, 7587, 7590, 7595, 7593, 1919, 1922, 1926, 1952, 2132, 2136, 2162, 2165, 2182, 2184, 2186, 2421, 2205, 2450, 2451, 2369, 2375, 2377, 2403, 2404, 2715]",0.03676640000776388,success,,83.04706042279497,91.3986605861284,6.215480005421195,14.86155812606862,30.000000000000004,12.701599628466443
stl_midamerica_to_st_louis_union_station_2026-01-12_0055,midamerica_to_st_louis_union_station,MidAmerica to St. Louis Union Station,MidAmerica St. Louis Airport,St. Louis Union Station,38.5451731,-89.8351856,38.629167,-90.2075,2026-01-12,January 12th - Monday,w_0055,0.0,0.6,0.3,0.1,104,"[8877, 8874, 8860, 8749, 8743, 8718, 8719, 8807, 8712, 8788, 8783, 8758, 8754, 8349, 8351, 8347, 8333, 8320, 8317, 8284, 8291, 8285, 8041, 8036, 8100, 8075, 8072, 8071, 8079, 8082, 8081, 8080, 8066, 8065, 8064, 7953, 7951, 7954, 7952, 7944, 7947, 8176, 8178, 7978, 8206, 8209, 8210, 7335, 7357, 7359, 7336, 7347, 7325, 7326, 7339, 7337, 7340, 7338, 7215, 7212, 7211, 7214, 7427, 7432, 7435, 7471, 7481, 7480, 7479, 7286, 7283, 7285, 7308, 7302, 7537, 7542, 7545, 7569, 7571, 7587, 7590, 7595, 7593, 1919, 1922, 1926, 1952, 2132, 2136, 2162, 2165, 2182, 2184, 2186, 2421, 2205, 2450, 2451, 2369, 2375, 2377, 2403, 2404, 2715]",0.03652160000638105,success,,84.32282203646405,92.80271874451383,6.212971187549167,13.700872787014614,32.0,11.038044548633884
stl_midamerica_to_st_louis_union_station_2026-01-12_0056,midamerica_to_st_louis_union_station,MidAmerica to St. Louis Union Station,MidAmerica St. Louis Airport,St. Louis Union Station,38.5451731,-89.8351856,38.629167,-90.2075,2026-01-12,January 12th - Monday,w_0056,0.0,0.6,0.4,0.0,104,"[8877, 8874, 8860, 8749, 8743, 8718, 8719, 8807, 8712, 8788, 8783, 8758, 8754, 8349, 8351, 8347, 8333, 8320, 8317, 8284, 8291, 8285, 8041, 8036, 8100, 8075, 8072, 8071, 8079, 8082, 8081, 8080, 8066, 8065, 8064, 7953, 7951, 7954, 7952, 7944, 7947, 8176, 8178, 7978, 8206, 8209, 8210, 7335, 7357, 7359, 7336, 7347, 7325, 7326, 7339, 7337, 7340, 7338, 7215, 7212, 7211, 7214, 7427, 7432, 7435, 7471, 7481, 7480, 7479, 7286, 7283, 7285, 7308, 7302, 7537, 7542, 7545, 7569, 7571, 7587, 7590, 7595, 7593, 1919, 1922, 1926, 1952, 2132, 2136, 2162, 2165, 2182, 2184, 2186, 2421, 2205, 2450, 2451, 2369, 2375, 2377, 2403, 2404, 2715]",0.039560900011565536,success,,84.32282203646405,92.80271874451383,6.212971187549167,13.700872787014614,32.0,9.208131827335347
stl_midamerica_to_st_louis_union_station_2026-01-12_0057,midamerica_to_st_louis_union_station,MidAmerica to St. Louis Union Station,MidAmerica St. Louis Airport,St. Louis Union Station,38.5451731,-89.8351856,38.629167,-90.2075,2026-01-12,January 12th - Monday,w_0057,0.0,0.7,0.0,0.3,89,"[8877, 8880, 8902, 8917, 8943, 8947, 8951, 9043, 9047, 9051, 9252, 9279, 9280, 9292, 9316, 9320, 9447, 9470, 9473, 9498, 9488, 9463, 9459, 9461, 9457, 9481, 9485, 9487, 10502, 10504, 10508, 10823, 10833, 10832, 10501, 10817, 10815, 10816, 10814, 10597, 10598, 10599, 10596, 10591, 10602, 10603, 10604, 10913, 10914, 10580, 10399, 10392, 10369, 10366, 10372, 10374, 10379, 10614, 10407, 10410, 10411, 10408, 2604, 2605, 2606, 2603, 10715, 10714, 10713, 10722, 2597, 10723, 2596, 2876, 2875, 2874, 2873, 2885, 2879, 2857, 2851, 2859, 2858, 2863, 2763, 2762, 2737, 2732, 2715]",0.03750120001495816,success,,69.28710506487343,76.25493986878739,8.047011152801048,30.685601778114382,24.60000000000002,13.012907806960738
stl_midamerica_to_st_louis_union_station_2026-01-12_0058,midamerica_to_st_louis_union_station,MidAmerica to St. Louis Union Station,MidAmerica St. Louis Airport,St. Louis Union Station,38.5451731,-89.8351856,38.629167,-90.2075,2026-01-12,January 12th - Monday,w_0058,0.0,0.7,0.1,0.2,102,"[8877, 8872, 8856, 8744, 8720, 8714, 8712, 8788, 8783, 8758, 8754, 8349, 8351, 8347, 8333, 8320, 8317, 8284, 8291, 8285, 8041, 8036, 8100, 8075, 8072, 8071, 8079, 8082, 8081, 8080, 8066, 8065, 8064, 7953, 7951, 7954, 7952, 7944, 7947, 8176, 8178, 7978, 8206, 8209, 8210, 7335, 7357, 7359, 7336, 7347, 7325, 7326, 7339, 7337, 7340, 7338, 7215, 7212, 7211, 7214, 7427, 7432, 7435, 7471, 7481, 7480, 7479, 7286, 7283, 7285, 7308, 7302, 7537, 7542, 7545, 7569, 7571, 7587, 7590, 7595, 7593, 1919, 1922, 1926, 1952, 2132, 2136, 2162, 2165, 2182, 2184, 2186, 2421, 2205, 2450, 2451, 2369, 2375, 2377, 2403, 2404, 2715]",0.03637079999316484,success,,83.04706042279497,91.3986605861284,6.215480005421195,14.86155812606862,30.000000000000004,11.8369918164017
stl_midamerica_to_st_louis_union_station_2026-01-12_0059,midamerica_to_st_louis_union_station,MidAmerica to St. Louis Union Station,MidAmerica St. Louis Airport,St. Louis Union Station,38.5451731,-89.8351856,38.629167,-90.2075,2026-01-12,January 12th - Monday,w_0059,0.0,0.7,0.2,0.1,103,"[8877, 8874, 8860, 8749, 8743, 8718, 8714, 8712, 8788, 8783, 8758, 8754, 8349, 8351, 8347, 8333, 8320, 8317, 8284, 8291, 8285, 8041, 8036, 8100, 8075, 8072, 8071, 8079, 8082, 8081, 8080, 8066, 8065, 8064, 7953, 7951, 7954, 7952, 7944, 7947, 8176, 8178, 7978, 8206, 8209, 8210, 7335, 7357, 7359, 7336, 7347, 7325, 7326, 7339, 7337, 7340, 7338, 7215, 7212, 7211, 7214, 7427, 7432, 7435, 7471, 7481, 7480, 7479, 7286, 7283, 7285, 7308, 7302, 7537, 7542, 7545, 7569, 7571, 7587, 7590, 7595, 7593, 1919, 1922, 1926, 1952, 2132, 2136, 2162, 2165, 2182, 2184, 2186, 2421, 2205, 2450, 2451, 2369, 2375, 2377, 2403, 2404, 2715]",0.03684640000574291,success,,83.4215566718262,91.81081792657761,6.179413301628944,14.281215456541617,31.000000000000004,10.281832402448586
stl_midamerica_to_st_louis_union_station_2026-01-12_0060,midamerica_to_st_louis_union_station,MidAmerica to St. Louis Union Station,MidAmerica St. Louis Airport,St. Louis Union Station,38.5451731,-89.8351856,38.629167,-90.2075,2026-01-12,January 12th - Monday,w_0060,0.0,0.7,0.3,0.0,103,"[8877, 8874, 8860, 8749, 8743, 8718, 8719, 8807, 8712, 8788, 8783, 8758, 8754, 8349, 8351, 8347, 8333, 8320, 8317, 8284, 8291, 8285, 8041, 8036, 8100, 8075, 8072, 8071, 8079, 8082, 8081, 8080, 8066, 8065, 8064, 7953, 7951, 7954, 7952, 7944, 7947, 8176, 8178, 7978, 8206, 8209, 8210, 7335, 7357, 7359, 7336, 7347, 7325, 7326, 7339, 7337, 7340, 7338, 7215, 7212, 7211, 7214, 7427, 7432, 7435, 7471, 7481, 7480, 7479, 7286, 7283, 7285, 7308, 7302, 7528, 7531, 7535, 7568, 7572, 7597, 7601, 7604, 1921, 2110, 2115, 2130, 2134, 2135, 2144, 2179, 2180, 2174, 2199, 2203, 2206, 2449, 2451, 2369, 2375, 2377, 2403, 2404, 2715]",0.03758989999187179,success,,82.89387136645432,91.23006612300456,6.1360296152845315,13.826855248389794,34.0,8.44327730521611
stl_midamerica_to_st_louis_union_station_2026-01-12_0061,midamerica_to_st_louis_union_station,MidAmerica to St. Louis Union Station,MidAmerica St. Louis Airport,St. Louis Union Station,38.5451731,-89.8351856,38.629167,-90.2075,2026-01-12,January 12th - Monday,w_0061,0.0,0.8,0.0,0.2,96,"[8877, 8872, 8856, 8744, 8720, 8714, 8712, 8788, 8783, 8758, 8754, 8349, 8348, 8347, 8333, 8320, 8317, 8284, 8291, 8285, 8041, 8036, 8100, 8075, 8072, 8071, 8079, 8082, 8081, 8080, 8066, 8065, 8064, 7953, 7951, 7954, 7952, 7944, 7943, 7929, 7942, 7966, 7968, 7965, 7970, 7126, 7327, 7128, 7127, 7324, 7319, 7317, 7114, 7112, 7088, 7109, 7183, 7208, 7211, 7214, 7427, 7432, 7435, 7471, 7481, 7482, 7486, 7315, 7540, 7546, 7560, 7574, 7575, 7592, 7593, 1919, 1922, 1926, 1952, 2132, 2136, 2162, 2164, 2190, 2185, 2187, 2419, 2423, 2448, 2452, 2454, 2372, 2399, 2401, 2404, 2715]",0.036532600002828985,success,,80.28165246573795,88.35515029253756,6.000729620518303,23.615376947506743,30.000000000000004,10.800583696414645
stl_midamerica_to_st_louis_union_station_2026-01-12_0062,midamerica_to_st_louis_union_station,MidAmerica to St. Louis Union Station,MidAmerica St. Louis Airport,St. Louis Union Station,38.5451731,-89.8351856,38.629167,-90.2075,2026-01-12,January 12th - Monday,w_0062,0.0,0.8,0.1,0.1,98,"[8877, 8872, 8856, 8744, 8720, 8714, 8712, 8788, 8783, 8758, 8754, 8349, 8351, 8347, 8333, 8320, 8317, 8284, 8291, 8285, 8041, 8036, 8100, 8075, 8072, 8071, 8079, 8082, 8081, 8080, 8066, 8065, 8064, 7953, 7951, 7954, 7952, 7944, 7947, 8176, 8178, 7978, 8206, 8209, 8210, 7335, 7357, 7359, 7336, 7347, 7325, 7326, 7339, 7337, 7340, 7338, 7215, 7212, 7211, 7214, 7427, 7432, 7435, 7471, 7481, 7480, 7483, 7311, 7316, 7542, 7545, 7569, 7571, 7587, 7590, 7595, 7593, 1919, 1922, 1926, 1952, 2132, 2136, 2162, 2165, 2182, 2184, 2186, 2421, 2205, 2450, 2451, 2369, 2375, 2377, 2403, 2404, 2715]",0.03575209999689832,success,,80.49670489032334,88.59182939307213,6.141283199284329,15.39136886181879,30.000000000000004,9.452163445609344
stl_midamerica_to_st_louis_union_station_2026-01-12_0063,midamerica_to_st_louis_union_station,MidAmerica to St. Louis Union Station,MidAmerica St. Louis Airport,St. Louis Union Station,38.5451731,-89.8351856,38.629167,-90.2075,2026-01-12,January 12th - Monday,w_0063,0.0,0.8,0.2,0.0,103,"[8877, 8874, 8860, 8749, 8743, 8718, 8719, 8807, 8712, 8788, 8783, 8758, 8754, 8349, 8351, 8347, 8333, 8320, 8317, 8284, 8291, 8285, 8041, 8036, 8100, 8075, 8072, 8071, 8079, 8082, 8081, 8080, 8066, 8065, 8064, 7953, 7951, 7954, 7952, 7944, 7947, 8176, 8178, 7978, 8206, 8209, 8210, 7335, 7357, 7359, 7336, 7347, 7325, 7326, 7339, 7337, 7340, 7338, 7215, 7212, 7211, 7214, 7427, 7432, 7435, 7471, 7481, 7480, 7479, 7286, 7283, 7285, 7308, 7302, 7528, 7531, 7535, 7568, 7572, 7597, 7601, 7604, 1921, 2110, 2115, 2130, 2134, 2135, 2144, 2179, 2180, 2174, 2199, 2203, 2206, 2449, 2451, 2369, 2375, 2377, 2403, 2404, 2715]",0.038728599989553913,success,,82.89387136645432,91.23006612300456,6.1360296152845315,13.826855248389794,34.0,7.674194741905584
stl_midamerica_to_st_louis_union_station_2026-01-12_0064,midamerica_to_st_louis_union_station,MidAmerica to St. Louis Union Station,MidAmerica St. Louis Airport,St. Louis Union Station,38.5451731,-89.8351856,38.629167,-90.2075,2026-01-12,January 12th - Monday,w_0064,0.0,0.9,0.0,0.1,97,"[8877, 8872, 8856, 8744, 8720, 8714, 8712, 8788, 8783, 8758, 8754, 8349, 8348, 8347, 8333, 8320, 8317, 8284, 8291, 8285, 8041, 8036, 8100, 8075, 8072, 8071, 8079, 8082, 8081, 8080, 8066, 8065, 8064, 7953, 7951, 7954, 7952, 7944, 7943, 7929, 7942, 7966, 7968, 7965, 7970, 7126, 7327, 7128, 7127, 7324, 7319, 7317, 7114, 7112, 7088, 7109, 7183, 7208, 7211, 7214, 7427, 7432, 7435, 7471, 7481, 7482, 7486, 7315, 7540, 7546, 7560, 7574, 7575, 7592, 7593, 1919, 1922, 1926, 1952, 2132, 2136, 2162, 2165, 2182, 2184, 2186, 2421, 2205, 2450, 2451, 2369, 2370, 2373, 2398, 2709, 2711, 2715]",0.035243799997260794,success,,81.18410160641125,89.34835393255467,5.892820790265594,23.951808348332882,30.600000000000005,8.363538711239034
stl_midamerica_to_st_louis_union_station_2026-01-12_0065,midamerica_to_st_louis_union_station,MidAmerica to St. Louis Union Station,MidAmerica St. Louis Airport,St. Louis Union Station,38.5451731,-89.8351856,38.629167,-90.2075,2026-01-12,January 12th - Monday,w_0065,0.0,0.9,0.1,0.0,103,"[8877, 8874, 8860, 8749, 8743, 8718, 8719, 8807, 8712, 8788, 8783, 8758, 8754, 8349, 8351, 8347, 8333, 8320, 8317, 8284, 8291, 8285, 8041, 8036, 8100, 8075, 8072, 8071, 8079, 8082, 8081, 8080, 8066, 8065, 8064, 7953, 7951, 7954, 7952, 7944, 7947, 8176, 8178, 7978, 8206, 8209, 8210, 7335, 7357, 7359, 7336, 7347, 7325, 7326, 7339, 7337, 7340, 7338, 7215, 7212, 7211, 7214, 7427, 7432, 7435, 7471, 7481, 7480, 7479, 7286, 7283, 7285, 7308, 7302, 7528, 7531, 7535, 7568, 7572, 7597, 7601, 7604, 1921, 2110, 2115, 2130, 2134, 2135, 2144, 2179, 2180, 2174, 2199, 2203, 2206, 2449, 2345, 2370, 2373, 2398, 2709, 2711, 2715]",0.038030600000638515,success,,83.4216057951962,91.810871990023,5.926815206898979,14.695358396984673,33.6,6.803669525907549
stl_midamerica_to_st_louis_union_station_2026-01-12_0066,midamerica_to_st_louis_union_station,MidAmerica to St. Louis Union Station,MidAmerica St. Louis Airport,St. Louis Union Station,38.5451731,-89.8351856,38.629167,-90.2075,2026-01-12,January 12th - Monday,w_0066,0.0,1.0,0.0,0.0,100,"[8877, 8874, 8860, 8749, 8743, 8718, 8717, 8803, 8787, 8782, 8759, 8352, 8351, 8347, 8333, 8320, 8317, 8284, 8291, 8285, 8041, 8036, 8100, 8075, 8072, 8071, 8079, 8082, 8081, 8080, 8066, 8065, 8064, 7953, 7951, 7954, 7952, 7944, 7943, 7929, 7942, 7966, 7968, 7965, 7970, 7126, 7327, 7128, 7127, 7324, 7319, 7317, 7114, 7112, 7088, 7109, 7183, 7208, 7211, 7214, 7427, 7432, 7435, 7471, 7481, 7480, 7479, 7309, 7313, 7538, 7541, 7534, 7567, 7573, 7576, 7600, 7605, 1918, 1925, 2114, 2130, 2134, 2158, 2162, 2164, 2190, 2185, 2187, 2419, 2423, 2448, 2452, 2454, 2369, 2370, 2373, 2398, 2709, 2711, 2715]",0.037958100001560524,success,,82.30749957466145,90.58472604591445,5.704396135456905,23.77990124543231,34.6,5.704396135456905
stl_midamerica_to_st_louis_union_station_2026-01-12_0067,midamerica_to_st_louis_union_station,MidAmerica to St. Louis Union Station,MidAmerica St. Louis Airport,St. Louis Union Station,38.5451731,-89.8351856,38.629167,-90.2075,2026-01-12,January 12th - Monday,w_0067,0.1,0.0,0.0,0.9,67,"[8877, 8876, 8892, 8897, 8899, 8926, 9788, 10013, 10014, 10036, 10052, 10054, 10061, 10051, 10049, 10048, 10050, 10253, 10252, 10241, 10240, 10248, 10246, 10247, 10245, 10231, 10230, 10262, 10150, 10148, 10149, 10151, 10161, 10159, 10158, 10160, 10166, 10168, 10167, 10169, 2247, 2269, 2268, 2257, 2256, 2254, 2279, 2293, 2296, 2301, 2303, 2491, 2492, 2818, 2496, 2507, 2506, 2828, 2505, 2809, 2811, 2810, 2728, 2730, 2731, 2729, 2715]",0.0432511999970302,success,,46.683328700980354,51.37802221113185,29.474393947782595,26.491951760389814,22.600000000000012,25.477802221113194
stl_midamerica_to_st_louis_union_station_2026-01-12_0068,midamerica_to_st_louis_union_station,MidAmerica to St. Louis Union Station,MidAmerica St. Louis Airport,St. Louis Union Station,38.5451731,-89.8351856,38.629167,-90.2075,2026-01-12,January 12th - Monday,w_0068,0.1,0.0,0.1,0.8,67,"[8877, 8879, 8896, 8900, 8924, 8930, 9788, 10013, 10014, 10036, 10052, 10054, 10061, 10051, 10045, 10044, 10046, 10239, 10237, 10236, 10238, 10243, 10244, 10242, 10221, 10227, 10229, 10228, 10146, 10144, 10147, 10145, 10141, 10138, 10132, 10133, 9910, 10112, 9911, 10113, 2216, 2240, 2241, 2253, 2256, 2281, 2279, 2293, 2296, 2301, 2303, 2491, 2492, 2818, 2496, 2507, 2506, 2828, 2505, 2809, 2811, 2810, 2728, 2730, 2731, 2729, 2715]",0.04240320000099018,success,,48.812248776248204,53.72103642962179,27.370525597590845,19.80248574413994,22.600000000000012,25.432352217376184
stl_midamerica_to_st_louis_union_station_2026-01-12_0069,midamerica_to_st_louis_union_station,MidAmerica to St. Louis Union Station,MidAmerica St. Louis Airport,St. Louis Union Station,38.5451731,-89.8351856,38.629167,-90.2075,2026-01-12,January 12th - Monday,w_0069,0.1,0.0,0.2,0.7,68,"[8877, 8879, 8896, 8900, 8924, 8930, 9788, 10013, 10014, 10036, 10052, 10054, 10061, 10051, 10045, 10043, 10031, 10235, 10009, 10005, 9980, 9987, 9988, 9986, 9985, 9993, 9959, 9961, 9880, 9879, 9875, 9872, 9855, 9853, 9858, 9860, 9868, 9869, 9904, 9909, 2216, 2240, 2241, 2253, 2257, 2280, 2281, 2279, 2293, 2296, 2301, 2303, 2491, 2492, 2818, 2496, 2507, 2506, 2828, 2505, 2809, 2811, 2810, 2728, 2407, 2406, 2404, 2715]",0.04458600000361912,success,,52.378768950029425,57.64622252504115,34.82969866158959,17.295324199443485,22.600000000000012,25.04368709239282
stl_midamerica_to_st_louis_union_station_2026-01-12_0070,midamerica_to_st_louis_union_station,MidAmerica to St. Louis Union Station,MidAmerica St. Louis Airport,St. Louis Union Station,38.5451731,-89.8351856,38.629167,-90.2075,2026-01-12,January 12th - Monday,w_0070,0.1,0.0,0.3,0.6,68,"[8877, 8861, 8741, 8736, 8738, 8711, 7685, 7681, 7677, 7659, 7634, 7632, 8264, 7638, 7640, 7641, 7639, 7412, 7413, 7415, 7742, 7758, 7761, 7766, 7784, 7810, 7807, 7808, 9817, 9832, 9836, 9838, 9855, 9853, 9858, 9860, 9868, 9869, 9904, 9909, 2216, 2240, 2241, 2253, 2257, 2280, 2281, 2279, 2293, 2296, 2301, 2303, 2491, 2492, 2818, 2496, 2507, 2506, 2828, 2505, 2809, 2811, 2810, 2728, 2407, 2406, 2404, 2715]",0.0421308999939356,success,,53.4250307912399,58.79770134225848,26.844220763185188,16.735037171346946,22.600000000000012,24.46028128562994
stl_midamerica_to_st_louis_union_station_2026-01-12_0071,midamerica_to_st_louis_union_station,MidAmerica to St. Louis Union Station,MidAmerica St. Louis Airport,St. Louis Union Station,38.5451731,-89.8351856,38.629167,-90.2075,2026-01-12,January 12th - Monday,w_0071,0.1,0.0,0.4,0.5,68,"[8877, 8861, 8741, 8736, 8738, 8711, 7685, 7681, 7677, 7659, 7634, 7632, 8264, 7638, 7640, 7641, 7639, 7412, 7413, 7415, 7742, 7758, 7761, 7766, 7784, 7810, 7807, 7808, 9817, 9832, 9836, 9838, 9855, 9853, 9858, 9860, 9868, 9869, 9904, 9909, 2216, 2240, 2241, 2253, 2257, 2280, 2281, 2279, 2293, 2296, 2301, 2303, 2491, 2492, 2818, 2496, 2507, 2506, 2828, 2505, 2809, 2811, 2810, 2728, 2407, 2406, 2404, 2715]",0.04245800001081079,success,,53.4250307912399,58.79770134225848,26.844220763185188,16.735037171346946,22.600000000000012,23.873785002764635
stl_midamerica_to_st_louis_union_station_2026-01-12_0072,midamerica_to_st_louis_union_station,MidAmerica to St. Louis Union Station,MidAmerica St. Louis Airport,St. Louis Union Station,38.5451731,-89.8351856,38.629167,-90.2075,2026-01-12,January 12th - Monday,w_0072,0.1,0.0,0.5,0.4,68,"[8877, 8861, 8741, 8736, 8738, 8711, 7685, 7681, 7677, 7659, 7634, 7632, 8264, 7638, 7640, 7641, 7639, 7412, 7413, 7415, 7742, 7758, 7761, 7766, 7784, 7810, 7807, 7808, 9817, 9832, 9836, 9838, 9855, 9853, 9858, 9860, 9868, 9869, 9904, 9909, 2216, 2240, 2241, 2253, 2257, 2280, 2281, 2279, 2293, 2296, 2301, 2303, 2491, 2492, 2818, 2821, 2831, 2506, 2828, 2505, 2809, 2811, 2810, 2728, 2407, 2406, 2404, 2715]",0.04231590000563301,success,,53.958187431925104,59.3844747041709,26.70513259645625,16.61263089174937,22.600000000000012,23.28476291629178
stl_midamerica_to_st_louis_union_station_2026-01-12_0073,midamerica_to_st_louis_union_station,MidAmerica to St. Louis Union Station,MidAmerica St. Louis Airport,St. Louis Union Station,38.5451731,-89.8351856,38.629167,-90.2075,2026-01-12,January 12th - Monday,w_0073,0.1,0.0,0.6,0.3,67,"[8877, 8861, 8741, 8736, 8738, 8711, 7685, 7681, 7677, 7659, 7634, 7632, 8264, 7638, 7640, 7641, 7639, 7412, 7413, 7415, 7738, 7733, 7732, 7734, 7724, 7726, 7749, 7753, 7878, 7881, 7883, 9815, 7904, 7901, 9823, 9822, 9844, 9847, 9849, 9846, 1959, 1958, 1937, 1947, 1969, 1973, 1988, 2002, 2004, 2231, 2006, 2191, 2197, 2196, 2408, 2420, 2424, 2439, 2441, 2453, 2455, 2457, 2376, 2400, 2406, 2404, 2715]",0.041187700000591576,success,,53.03992067692223,58.37386275667085,29.346372277085496,11.714190851347986,32.6,22.645900786475877
stl_midamerica_to_st_louis_union_station_2026-01-12_0074,midamerica_to_st_louis_union_station,MidAmerica to St. Louis Union Station,MidAmerica St. Louis Airport,St. Louis Union Station,38.5451731,-89.8351856,38.629167,-90.2075,2026-01-12,January 12th - Monday,w_0074,0.1,0.0,0.7,0.2,67,"[8877, 8861, 8741, 8736, 8738, 8711, 7685, 7681, 7677, 7659, 7634, 7632, 8264, 7638, 7640, 7641, 7639, 7412, 7413, 7415, 7738, 7733, 7732, 7734, 7724, 7726, 7749, 7753, 7878, 7881, 7883, 9815, 7904, 7901, 9823, 9822, 9844, 9847, 9849, 9846, 1959, 1958, 1937, 1947, 1969, 1973, 1988, 2002, 2004, 2231, 2006, 2191, 2197, 2196, 2408, 2420, 2424, 2439, 2441, 2453, 2455, 2457, 2376, 2400, 2406, 2404, 2715]",0.04039129999000579,success,,53.03992067692223,58.37386275667085,29.346372277085496,11.714190851347986,32.6,20.557319871610677
stl_midamerica_to_st_louis_union_station_2026-01-12_0075,midamerica_to_st_louis_union_station,MidAmerica to St. Louis Union Station,MidAmerica St. Louis Airport,St. Louis Union Station,38.5451731,-89.8351856,38.629167,-90.2075,2026-01-12,January 12th - Monday,w_0075,0.1,0.0,0.8,0.1,68,"[8877, 8876, 8868, 8869, 8870, 8867, 9758, 9759, 9761, 9774, 9773, 9775, 9772, 9764, 9765, 9762, 9768, 9951, 9950, 9949, 9948, 9965, 9963, 9962, 9930, 9931, 9928, 9929, 9839, 9837, 9833, 9821, 7905, 9824, 9826, 9825, 9844, 9847, 9849, 9846, 1959, 1958, 1937, 1947, 1969, 1973, 1988, 2002, 2004, 2231, 2006, 2191, 2197, 2196, 2408, 2420, 2424, 2439, 2441, 2453, 2452, 2451, 2369, 2375, 2377, 2403, 2404, 2715]",0.03960879999794997,success,,49.70089486043897,54.69904891334658,26.20583680771637,11.421060104850639,38.0,18.40675297521517
stl_midamerica_to_st_louis_union_station_2026-01-12_0076,midamerica_to_st_louis_union_station,MidAmerica to St. Louis Union Station,MidAmerica St. Louis Airport,St. Louis Union Station,38.5451731,-89.8351856,38.629167,-90.2075,2026-01-12,January 12th - Monday,w_0076,0.1,0.0,0.9,0.0,68,"[8877, 8876, 8868, 8869, 8870, 8867, 9758, 9759, 9757, 9744, 9742, 9743, 9730, 9733, 9721, 9732, 9720, 9915, 7793, 7795, 7796, 7804, 7803, 7805, 7813, 7814, 7811, 7812, 9817, 9816, 9819, 9818, 7904, 7901, 9823, 9822, 9844, 9847, 9849, 9846, 1959, 1958, 1937, 1947, 1969, 1973, 1988, 2002, 2004, 2231, 2006, 2191, 2197, 2196, 2408, 2420, 2424, 2439, 2441, 2453, 2452, 2451, 2369, 2375, 2377, 2403, 2404, 2715]",0.038352000003214926,success,,49.697425877254595,54.69523107301564,28.314873813648262,11.421060104850639,39.0,15.74847720166714
stl_midamerica_to_st_louis_union_station_2026-01-12_0077,midamerica_to_st_louis_union_station,MidAmerica to St. Louis Union Station,MidAmerica St. Louis Airport,St. Louis Union Station,38.5451731,-89.8351856,38.629167,-90.2075,2026-01-12,January 12th - Monday,w_0077,0.1,0.1,0.0,0.8,68,"[8877, 8881, 8904, 8922, 8923, 8927, 9145, 10016, 10018, 10062, 10055, 10058, 10094, 10096, 10103, 10104, 10110, 10109, 10516, 10515, 10514, 10517, 10522, 10299, 10300, 10301, 10309, 10308, 10310, 10343, 10345, 10344, 10342, 10355, 10210, 10208, 10209, 10326, 10328, 10322, 10191, 2276, 2518, 2277, 2509, 2287, 2508, 2286, 2298, 2300, 2301, 2307, 2495, 2820, 2823, 2827, 2849, 2848, 2850, 2837, 2859, 2858, 2860, 2763, 2762, 2737, 2732, 2715]",0.04215500000282191,success,,50.26499556893611,55.319878223015614,14.392523489752,30.736187373124398,22.600000000000012,25.05124017127677
stl_midamerica_to_st_louis_union_station_2026-01-12_0078,midamerica_to_st_louis_union_station,MidAmerica to St. Louis Union Station,MidAmerica St. Louis Airport,St. Louis Union Station,38.5451731,-89.8351856,38.629167,-90.2075,2026-01-12,January 12th - Monday,w_0078,0.1,0.1,0.1,0.7,68,"[8877, 8879, 8896, 8900, 8924, 8930, 10012, 10015, 10018, 10062, 10055, 10058, 10094, 10096, 10103, 10104, 10110, 10109, 10516, 10515, 10514, 10513, 10298, 10295, 10296, 10297, 10309, 10532, 10533, 10349, 10347, 10348, 10346, 10359, 10358, 10356, 10357, 10336, 10335, 10337, 10330, 2548, 2527, 2525, 2526, 2517, 2513, 2286, 2298, 2300, 2301, 2307, 2491, 2492, 2818, 2496, 2507, 2506, 2828, 2505, 2809, 2811, 2808, 2405, 2407, 2406, 2404, 2715]",0.0423296999942977,success,,50.26421377213583,55.319017805078666,17.406868043479662,21.034301177911672,22.600000000000012,25.19601870264701
stl_midamerica_to_st_louis_union_station_2026-01-12_0079,midamerica_to_st_louis_union_station,MidAmerica to St. Louis Union Station,MidAmerica St. Louis Airport,St. Louis Union Station,38.5451731,-89.8351856,38.629167,-90.2075,2026-01-12,January 12th - Monday,w_0079,0.1,0.1,0.2,0.6,68,"[8877, 8879, 8896, 8900, 8924, 8930, 10012, 10015, 10018, 10062, 10055, 10058, 10094, 10096, 10103, 10104, 10110, 10109, 10516, 10515, 10514, 10513, 10298, 10299, 10524, 10529, 10538, 10539, 10537, 10367, 10364, 10365, 10366, 10376, 10360, 10361, 10373, 10336, 10335, 10337, 10330, 2548, 2527, 2525, 2526, 2538, 2540, 2516, 2530, 2534, 2559, 2561, 2840, 2842, 2843, 2845, 2878, 2856, 2857, 2851, 2861, 2862, 2863, 2763, 2762, 2737, 2732, 2715]",0.04121950000990182,success,,52.40137179008252,57.671098412228226,14.605229923317884,18.358579376942757,23.200000000000014,24.819348708943167
stl_midamerica_to_st_louis_union_station_2026-01-12_0080,midamerica_to_st_louis_union_station,MidAmerica to St. Louis Union Station,MidAmerica St. Louis Airport,St. Louis Union Station,38.5451731,-89.8351856,38.629167,-90.2075,2026-01-12,January 12th - Monday,w_0080,0.1,0.1,0.3,0.5,68,"[8877, 8879, 8896, 8900, 8924, 8930, 10012, 10015, 10018, 10062, 10055, 10058, 10094, 10096, 10103, 10104, 10110, 10109, 10516, 10515, 10514, 10513, 10298, 10299, 10524, 10529, 10538, 10539, 10537, 10367, 10364, 10365, 10366, 10376, 10360, 10361, 10373, 10336, 10335, 10337, 10330, 2548, 2527, 2525, 2526, 2538, 2540, 2516, 2530, 2534, 2559, 2561, 2840, 2842, 2843, 2845, 2878, 2856, 2857, 2851, 2861, 2862, 2863, 2763, 2762, 2737, 2732, 2715]",0.04084469997906126,success,,52.40137179008252,57.671098412228226,14.605229923317884,18.358579376942757,23.200000000000014,24.335206646637445
stl_midamerica_to_st_louis_union_station_2026-01-12_0081,midamerica_to_st_louis_union_station,MidAmerica to St. Louis Union Station,MidAmerica St. Louis Airport,St. Louis Union Station,38.5451731,-89.8351856,38.629167,-90.2075,2026-01-12,January 12th - Monday,w_0081,0.1,0.1,0.4,0.4,68,"[8877, 8879, 8896, 8900, 8924, 8930, 10012, 10015, 10018, 10062, 10055, 10058, 10094, 10096, 10103, 10104, 10110, 10109, 10516, 10515, 10514, 10513, 10298, 10299, 10524, 10529, 10538, 10539, 10537, 10367, 10364, 10365, 10366, 10376, 10360, 10361, 10373, 10336, 10335, 10337, 10330, 2551, 2550, 2552, 2549, 2542, 2540, 2516, 2530, 2534, 2559, 2561, 2840, 2842, 2843, 2845, 2878, 2879, 2884, 2883, 2890, 2888, 2864, 2767, 2762, 2737, 2732, 2715]",0.040832200000295416,success,,54.00167749607615,59.432338332238814,14.815531935307517,17.727806700371318,23.200000000000014,23.795909706903167
stl_midamerica_to_st_louis_union_station_2026-01-12_0082,midamerica_to_st_louis_union_station,MidAmerica to St. Louis Union Station,MidAmerica St. Louis Airport,St. Louis Union Station,38.5451731,-89.8351856,38.629167,-90.2075,2026-01-12,January 12th - Monday,w_0082,0.1,0.1,0.5,0.3,74,"[8877, 8861, 8741, 8736, 8738, 8711, 7685, 7681, 7677, 7659, 7634, 7632, 8264, 7621, 7618, 8241, 8244, 7365, 7361, 7363, 7364, 7355, 7354, 7356, 7369, 7371, 7372, 7370, 7460, 7459, 7462, 7461, 7472, 7470, 7469, 7471, 7481, 7480, 7479, 7286, 7283, 7285, 7308, 7302, 7528, 7531, 7533, 7568, 7572, 7597, 7586, 7602, 7606, 1687, 2112, 2116, 2117, 2139, 2143, 2145, 2157, 2170, 2175, 2201, 2313, 2316, 2342, 2347, 2366, 2391, 2394, 2403, 2404, 2715]",0.04214740000315942,success,,57.76777837815392,63.57717590387261,10.780635991943672,12.165288253373305,32.2,23.17842531626828
stl_midamerica_to_st_louis_union_station_2026-01-12_0083,midamerica_to_st_louis_union_station,MidAmerica to St. Louis Union Station,MidAmerica St. Louis Airport,St. Louis Union Station,38.5451731,-89.8351856,38.629167,-90.2075,2026-01-12,January 12th - Monday,w_0083,0.1,0.1,0.6,0.2,74,"[8877, 8861, 8741, 8736, 8738, 8711, 7685, 7681, 7677, 7659, 7634, 7632, 8264, 7621, 7618, 8241, 8244, 7365, 7361, 7363, 7364, 7355, 7354, 7356, 7369, 7371, 7372, 7370, 7460, 7459, 7462, 7461, 7472, 7470, 7469, 7471, 7481, 7480, 7479, 7286, 7283, 7285, 7308, 7302, 7528, 7531, 7533, 7568, 7572, 7597, 7586, 7602, 7606, 1687, 2112, 2116, 2117, 2139, 2143, 2145, 2157, 2170, 2175, 2201, 2313, 2316, 2342, 2347, 2366, 2391, 2394, 2403, 2404, 2715]",0.040350700000999495,success,,57.76777837815392,63.57717590387261,10.780635991943672,12.165288253373305,32.2,21.17495414160561
stl_midamerica_to_st_louis_union_station_2026-01-12_0084,midamerica_to_st_louis_union_station,MidAmerica to St. Louis Union Station,MidAmerica St. Louis Airport,St. Louis Union Station,38.5451731,-89.8351856,38.629167,-90.2075,2026-01-12,January 12th - Monday,w_0084,0.1,0.1,0.7,0.1,70,"[8877, 8861, 8741, 8736, 8738, 8711, 7685, 7681, 7677, 7659, 7634, 7632, 8264, 7621, 7618, 8241, 8244, 7365, 7361, 7363, 7364, 7355, 7354, 7356, 7369, 7371, 7372, 7370, 7464, 7498, 7501, 7505, 7822, 7823, 7837, 7843, 7863, 7890, 7894, 7891, 7613, 7615, 1929, 1932, 1942, 1947, 1969, 1973, 1988, 2002, 2004, 2231, 2006, 2191, 2197, 2196, 2408, 2420, 2422, 2419, 2423, 2448, 2452, 2451, 2369, 2375, 2377, 2403, 2404, 2715]",0.038277799991192296,success,,56.28454468192053,61.94478130156188,11.984588610700083,11.772522819904566,34.0,19.033702965159392
stl_midamerica_to_st_louis_union_station_2026-01-12_0085,midamerica_to_st_louis_union_station,MidAmerica to St. Louis Union Station,MidAmerica St. Louis Airport,St. Louis Union Station,38.5451731,-89.8351856,38.629167,-90.2075,2026-01-12,January 12th - Monday,w_0085,0.1,0.1,0.8,0.0,71,"[8877, 8861, 8741, 8736, 8738, 8711, 7685, 7681, 7677, 7659, 7634, 7632, 7629, 7642, 7640, 7641, 7626, 7385, 7386, 7384, 7383, 7393, 7394, 7395, 7402, 7403, 7404, 7401, 7504, 7502, 7501, 7505, 7822, 7823, 7837, 7843, 7863, 7890, 7894, 7891, 7613, 7615, 1929, 1932, 1942, 1947, 1969, 1973, 1988, 2002, 2004, 2231, 2006, 2191, 2197, 2196, 2408, 2420, 2422, 2419, 2423, 2205, 2206, 2449, 2345, 2370, 2373, 2398, 2403, 2404, 2715]",0.039767200010828674,success,,55.06518475120181,60.60279684271771,13.997484508999442,11.624995266614995,35.6,16.76002434846371
stl_midamerica_to_st_louis_union_station_2026-01-12_0086,midamerica_to_st_louis_union_station,MidAmerica to St. Louis Union Station,MidAmerica St. Louis Airport,St. Louis Union Station,38.5451731,-89.8351856,38.629167,-90.2075,2026-01-12,January 12th - Monday,w_0086,0.1,0.2,0.0,0.7,68,"[8877, 8881, 8904, 8922, 8923, 8927, 9145, 10016, 10018, 10062, 10055, 10058, 10094, 10096, 10103, 10104, 10110, 10109, 10516, 10515, 10514, 10517, 10522, 10299, 10300, 10301, 10309, 10308, 10310, 10343, 10345, 10344, 10342, 10355, 10210, 10208, 10209, 10326, 10328, 10322, 10191, 2276, 2518, 2277, 2509, 2287, 2508, 2286, 2298, 2300, 2301, 2307, 2495, 2820, 2823, 2827, 2849, 2848, 2850, 2837, 2859, 2858, 2863, 2763, 2762, 2737, 2732, 2715]",0.041534700023476034,success,,50.798227970467636,55.90673496463881,14.014987217207485,30.736187373124398,22.600000000000012,24.213670939905384
stl_midamerica_to_st_louis_union_station_2026-01-12_0087,midamerica_to_st_louis_union_station,MidAmerica to St. Louis Union Station,MidAmerica St. Louis Airport,St. Louis Union Station,38.5451731,-89.8351856,38.629167,-90.2075,2026-01-12,January 12th - Monday,w_0087,0.1,0.2,0.1,0.6,68,"[8877, 8879, 8896, 8900, 8924, 8930, 10012, 10015, 10018, 10062, 10055, 10058, 10094, 10096, 10103, 10104, 10110, 10109, 10516, 10515, 10514, 10513, 10298, 10299, 10524, 10529, 10538, 10539, 10537, 10367, 10364, 10365, 10366, 10376, 10360, 10361, 10373, 10336, 10335, 10337, 10330, 2548, 2527, 2525, 2526, 2538, 2540, 2516, 2530, 2534, 2559, 2561, 2840, 2842, 2843, 2845, 2878, 2856, 2857, 2851, 2861, 2862, 2863, 2763, 2762, 2737, 2732, 2715]",0.041120999987469986,success,,52.40137179008252,57.671098412228226,14.605229923317884,18.358579376942757,23.200000000000014,24.444013763580685
stl_midamerica_to_st_louis_union_station_2026-01-12_0088,midamerica_to_st_louis_union_station,MidAmerica to St. Louis Union Station,MidAmerica St. Louis Airport,St. Louis Union Station,38.5451731,-89.8351856,38.629167,-90.2075,2026-01-12,January 12th - Monday,w_0088,0.1,0.2,0.2,0.5,68,"[8877, 8879, 8896, 8900, 8924, 8930, 10012, 10015, 10018, 10062, 10055, 10058, 10094, 10096, 10103, 10104, 10110, 10109, 10516, 10515, 10514, 10513, 10298, 10299, 10524, 10529, 10538, 10539, 10537, 10367, 10364, 10365, 10366, 10376, 10360, 10361, 10373, 10336, 10335, 10337, 10330, 2548, 2527, 2525, 2526, 2538, 2540, 2516, 2530, 2534, 2559, 2561, 2840, 2842, 2843, 2845, 2878, 2856, 2857, 2851, 2861, 2862, 2863, 2763, 2762, 2737, 2732, 2715]",0.04057790001388639,success,,52.40137179008252,57.671098412228226,14.605229923317884,18.358579376942757,23.200000000000014,23.959871701274956
stl_midamerica_to_st_louis_union_station_2026-01-12_0089,midamerica_to_st_louis_union_station,MidAmerica to St. Louis Union Station,MidAmerica St. Louis Airport,St. Louis Union Station,38.5451731,-89.8351856,38.629167,-90.2075,2026-01-12,January 12th - Monday,w_0089,0.1,0.2,0.3,0.4,68,"[8877, 8879, 8896, 8900, 8924, 8930, 10012, 10015, 10018, 10062, 10055, 10058, 10094, 10096, 10103, 10104, 10110, 10109, 10516, 10515, 10514, 10513, 10298, 10299, 10524, 10529, 10538, 10539, 10537, 10367, 10364, 10365, 10366, 10376, 10360, 10361, 10373, 10336, 10335, 10337, 10330, 2548, 2527, 2525, 2526, 2538, 2540, 2516, 2530, 2534, 2559, 2561, 2840, 2842, 2843, 2845, 2878, 2856, 2857, 2851, 2861, 2862, 2863, 2763, 2762, 2737, 2732, 2715]",0.04040009999880567,success,,52.40137179008252,57.671098412228226,14.605229923317884,18.358579376942757,23.200000000000014,23.475729638969234
stl_midamerica_to_st_louis_union_station_2026-01-12_0090,midamerica_to_st_louis_union_station,MidAmerica to St. Louis Union Station,MidAmerica St. Louis Airport,St. Louis Union Station,38.5451731,-89.8351856,38.629167,-90.2075,2026-01-12,January 12th - Monday,w_0090,0.1,0.2,0.4,0.3,74,"[8877, 8861, 8741, 8736, 8738, 8711, 7685, 7681, 7677, 7659, 7634, 7632, 8264, 7621, 7618, 8241, 8238, 7358, 7357, 7359, 7360, 7352, 7351, 7353, 7367, 7345, 7346, 7368, 7446, 7445, 7458, 7457, 7468, 7470, 7469, 7471, 7481, 7480, 7479, 7286, 7283, 7285, 7308, 7302, 7528, 7531, 7533, 7568, 7573, 7588, 7590, 7595, 7593, 1919, 1922, 1926, 1952, 2132, 2136, 2162, 2165, 2182, 2184, 2186, 2421, 2205, 2450, 2451, 2369, 2375, 2377, 2403, 2404, 2715]",0.040821699978550896,success,,58.299391729249265,64.16225077578802,6.971717729418124,13.700872787014614,31.000000000000004,22.590917738268274
stl_midamerica_to_st_louis_union_station_2026-01-12_0091,midamerica_to_st_louis_union_station,MidAmerica to St. Louis Union Station,MidAmerica St. Louis Airport,St. Louis Union Station,38.5451731,-89.8351856,38.629167,-90.2075,2026-01-12,January 12th - Monday,w_0091,0.1,0.2,0.5,0.2,74,"[8877, 8861, 8741, 8736, 8738, 8711, 7685, 7681, 7677, 7659, 7634, 7632, 8264, 7621, 7618, 8241, 8238, 7358, 7357, 7359, 7360, 7352, 7351, 7353, 7367, 7345, 7346, 7368, 7446, 7445, 7458, 7457, 7468, 7470, 7469, 7471, 7481, 7480, 7479, 7286, 7283, 7285, 7308, 7302, 7528, 7531, 7533, 7568, 7573, 7588, 7590, 7595, 7593, 1919, 1922, 1926, 1952, 2132, 2136, 2162, 2165, 2182, 2184, 2186, 2421, 2205, 2450, 2451, 2369, 2375, 2377, 2403, 2404, 2715]",0.04023609997238964,success,,58.299391729249265,64.16225077578802,6.971717729418124,13.700872787014614,31.000000000000004,20.861005016969735
stl_midamerica_to_st_louis_union_station_2026-01-12_0092,midamerica_to_st_louis_union_station,MidAmerica to St. Louis Union Station,MidAmerica St. Louis Airport,St. Louis Union Station,38.5451731,-89.8351856,38.629167,-90.2075,2026-01-12,January 12th - Monday,w_0092,0.1,0.2,0.6,0.1,70,"[8877, 8861, 8741, 8736, 8738, 8711, 7685, 7681, 7677, 7659, 7634, 7632, 8264, 7621, 7618, 8241, 8238, 7358, 7357, 7359, 7360, 7352, 7351, 7353, 7367, 7345, 7346, 7370, 7464, 7498, 7501, 7505, 7822, 7823, 7837, 7843, 7863, 7890, 7894, 7891, 7613, 7615, 1929, 1932, 1942, 1947, 1969, 1973, 1988, 2002, 2004, 2231, 2006, 2191, 2197, 2196, 2192, 2418, 2422, 2419, 2423, 2448, 2452, 2451, 2369, 2375, 2377, 2403, 2404, 2715]",0.03838270000414923,success,,57.34860369633217,63.11584705881686,10.866466759697227,11.83284407658526,34.0,18.98458450377229
stl_midamerica_to_st_louis_union_station_2026-01-12_0093,midamerica_to_st_louis_union_station,MidAmerica to St. Louis Union Station,MidAmerica St. Louis Airport,St. Louis Union Station,38.5451731,-89.8351856,38.629167,-90.2075,2026-01-12,January 12th - Monday,w_0093,0.1,0.2,0.7,0.0,70,"[8877, 8861, 8741, 8736, 8738, 8711, 7685, 7681, 7677, 7659, 7634, 7632, 8264, 7621, 7618, 8241, 8238, 7358, 7357, 7359, 7360, 7352, 7351, 7353, 7367, 7345, 7346, 7370, 7464, 7498, 7501, 7505, 7822, 7823, 7837, 7843, 7863, 7890, 7894, 7891, 7613, 7615, 1929, 1932, 1942, 1947, 1969, 1973, 1988, 2002, 2004, 2231, 2006, 2191, 2197, 2196, 2192, 2418, 2422, 2419, 2423, 2448, 2452, 2451, 2369, 2375, 2377, 2403, 2404, 2715]",0.038383400009479374,success,,57.34860369633217,63.11584705881686,10.866466759697227,11.83284407658526,34.0,16.767868911430813
stl_midamerica_to_st_louis_union_station_2026-01-12_0094,midamerica_to_st_louis_union_station,MidAmerica to St. Louis Union Station,MidAmerica St. Louis Airport,St. Louis Union Station,38.5451731,-89.8351856,38.629167,-90.2075,2026-01-12,January 12th - Monday,w_0094,0.1,0.3,0.0,0.6,68,"[8877, 8881, 8904, 8922, 8923, 8927, 9145, 10016, 10018, 10062, 10055, 10058, 10094, 10096, 10103, 10104, 10110, 10109, 10516, 10515, 10514, 10517, 10522, 10299, 10300, 10301, 10309, 10308, 10310, 10343, 10345, 10344, 10342, 10355, 10210, 10208, 10209, 10326, 10328, 10322, 10191, 2276, 2518, 2277, 2509, 2287, 2508, 2286, 2298, 2300, 2301, 2307, 2495, 2820, 2823, 2827, 2849, 2848, 2850, 2837, 2859, 2858, 2863, 2763, 2762, 2737, 2732, 2715]",0.04217479997896589,success,,50.798227970467636,55.90673496463881,14.014987217207485,30.736187373124398,22.600000000000012,23.355169661626135
stl_midamerica_to_st_louis_union_station_2026-01-12_0095,midamerica_to_st_louis_union_station,MidAmerica to St. Louis Union Station,MidAmerica St. Louis Airport,St. Louis Union Station,38.5451731,-89.8351856,38.629167,-90.2075,2026-01-12,January 12th - Monday,w_0095,0.1,0.3,0.1,0.5,68,"[8877, 8881, 8904, 8922, 8923, 8927, 9145, 10016, 10018, 10062, 10055, 10058, 10094, 10096, 10103, 10104, 10110, 10109, 10516, 10515, 10514, 10513, 10298, 10295, 10296, 10297, 10309, 10532, 10533, 10349, 10347, 10348, 10346, 10359, 10358, 10356, 10352, 10326, 10328, 10329, 10330, 2548, 2527, 2525, 2526, 2538, 2540, 2516, 2530, 2534, 2559, 2561, 2840, 2842, 2843, 2845, 2878, 2856, 2857, 2851, 2861, 2862, 2863, 2763, 2762, 2737, 2732, 2715]",0.0415233000239823,success,,51.86702500952858,57.083015224424805,13.829110857359009,20.792355182189894,23.200000000000014,23.53627029786918
stl_midamerica_to_st_louis_union_station_2026-01-12_0096,midamerica_to_st_louis_union_station,MidAmerica to St. Louis Union Station,MidAmerica St. Louis Airport,St. Louis Union Station,38.5451731,-89.8351856,38.629167,-90.2075,2026-01-12,January 12th - Monday,w_0096,0.1,0.3,0.2,0.4,68,"[8877, 8879, 8896, 8900, 8924, 8930, 10012, 10015, 10018, 10062, 10055, 10058, 10094, 10096, 10103, 10104, 10110, 10109, 10516, 10515, 10514, 10513, 10298, 10299, 10524, 10529, 10538, 10539, 10537, 10367, 10364, 10365, 10366, 10376, 10360, 10361, 10373, 10336, 10335, 10337, 10330, 2548, 2527, 2525, 2526, 2538, 2540, 2516, 2530, 2534, 2559, 2561, 2840, 2842, 2843, 2845, 2878, 2856, 2857, 2851, 2861, 2862, 2863, 2763, 2762, 2737, 2732, 2715]",0.040792500018142164,success,,52.40137179008252,57.671098412228226,14.605229923317884,18.358579376942757,23.200000000000014,23.100394693606745
stl_midamerica_to_st_louis_union_station_2026-01-12_0097,midamerica_to_st_louis_union_station,MidAmerica to St. Louis Union Station,MidAmerica St. Louis Airport,St. Louis Union Station,38.5451731,-89.8351856,38.629167,-90.2075,2026-01-12,January 12th - Monday,w_0097,0.1,0.3,0.3,0.3,70,"[8877, 8861, 8741, 8736, 8738, 8711, 7685, 7681, 7677, 7659, 7634, 7632, 8264, 7621, 7618, 8241, 8238, 7358, 7357, 7359, 7360, 7352, 7351, 7353, 7367, 7345, 7346, 7368, 7446, 7445, 7458, 7457, 7468, 7470, 7469, 7471, 7481, 7480, 7483, 7311, 7316, 7542, 7545, 7569, 7571, 7587, 7590, 7595, 7593, 1919, 1922, 1926, 1952, 2132, 2136, 2162, 2165, 2182, 2184, 2186, 2421, 2205, 2450, 2451, 2369, 2375, 2377, 2403, 2404, 2715]",0.03896019997773692,success,,56.80289472788023,62.51525904844757,6.897520923281258,14.230683522764785,31.000000000000004,21.88998723865857
stl_midamerica_to_st_louis_union_station_2026-01-12_0098,midamerica_to_st_louis_union_station,MidAmerica to St. Louis Union Station,MidAmerica St. Louis Airport,St. Louis Union Station,38.5451731,-89.8351856,38.629167,-90.2075,2026-01-12,January 12th - Monday,w_0098,0.1,0.3,0.4,0.2,74,"[8877, 8861, 8741, 8736, 8738, 8711, 7685, 7681, 7677, 7659, 7634, 7632, 8264, 7621, 7618, 8241, 8238, 7358, 7357, 7359, 7360, 7352, 7351, 7353, 7367, 7345, 7346, 7368, 7446, 7445, 7458, 7457, 7468, 7470, 7469, 7471, 7481, 7480, 7479, 7286, 7283, 7285, 7308, 7302, 7528, 7531, 7533, 7568, 7573, 7588, 7590, 7595, 7593, 1919, 1922, 1926, 1952, 2132, 2136, 2162, 2165, 2182, 2184, 2186, 2421, 2205, 2450, 2451, 2369, 2375, 2377, 2403, 2404, 2715]",0.041562700003851205,success,,58.299391729249265,64.16225077578802,6.971717729418124,13.700872787014614,31.000000000000004,20.188089511210087
stl_midamerica_to_st_louis_union_station_2026-01-12_0099,midamerica_to_st_louis_union_station,MidAmerica to St. Louis Union Station,MidAmerica St. Louis Airport,St. Louis Union Station,38.5451731,-89.8351856,38.629167,-90.2075,2026-01-12,January 12th - Monday,w_0099,0.1,0.3,0.5,0.1,74,"[8877, 8861, 8741, 8736, 8738, 8711, 7685, 7681, 7677, 7659, 7634, 7632, 8264, 7621, 7618, 8241, 8238, 7358, 7357, 7359, 7360, 7352, 7351, 7353, 7367, 7345, 7346, 7368, 7446, 7445, 7458, 7457, 7468, 7470, 7469, 7471, 7481, 7480, 7479, 7286, 7283, 7285, 7308, 7302, 7528, 7531, 7533, 7568, 7573, 7588, 7590, 7595, 7593, 1919, 1922, 1926, 1952, 2132, 2136, 2162, 2165, 2182, 2184, 2186, 2421, 2205, 2450, 2451, 2369, 2375, 2377, 2403, 2404, 2715]",0.038549200020497665,success,,58.299391729249265,64.16225077578802,6.971717729418124,13.700872787014614,31.000000000000004,18.458176789911548
stl_midamerica_to_st_louis_union_station_2026-01-12_0100,midamerica_to_st_louis_union_station,MidAmerica to St. Louis Union Station,MidAmerica St. Louis Airport,St. Louis Union Station,38.5451731,-89.8351856,38.629167,-90.2075,2026-01-12,January 12th - Monday,w_0100,0.1,0.3,0.6,0.0,74,"[8877, 8861, 8741, 8736, 8738, 8711, 7685, 7681, 7677, 7659, 7634, 7632, 8264, 7621, 7618, 8241, 8238, 7358, 7357, 7359, 7360, 7352, 7351, 7353, 7367, 7345, 7346, 7368, 7446, 7445, 7458, 7461, 7476, 7490, 7492, 7496, 7511, 7514, 7858, 7862, 7863, 7890, 7894, 7891, 7613, 7615, 1929, 1932, 1942, 1947, 1969, 1973, 1988, 2002, 2004, 2231, 2006, 2191, 2197, 2196, 2192, 2418, 2422, 2419, 2423, 2448, 2452, 2451, 2369, 2375, 2377, 2403, 2404, 2715]",0.038316399994073436,success,,58.84470695139495,64.762405442884,10.112371491645455,11.83284407658526,34.0,16.609658437733195
stl_midamerica_to_st_louis_union_station_2026-01-12_0101,midamerica_to_st_louis_union_station,MidAmerica to St. Louis Union Station,MidAmerica St. Louis Airport,St. Louis Union Station,38.5451731,-89.8351856,38.629167,-90.2075,2026-01-12,January 12th - Monday,w_0101,0.1,0.4,0.0,0.5,89,"[8877, 8880, 8902, 8917, 8943, 8947, 8951, 9043, 9047, 9051, 9252, 9279, 9280, 9292, 9316, 9320, 9447, 9470, 9473, 9498, 9488, 9466, 9467, 9489, 9480, 9481, 9485, 9487, 10502, 10504, 10508, 10823, 10833, 10832, 10501, 10817, 10815, 10816, 10814, 10597, 10598, 10599, 10596, 10591, 10602, 10603, 10604, 10913, 10914, 10580, 10399, 10392, 10369, 10366, 10372, 10360, 10356, 10352, 10326, 10328, 10322, 10191, 2276, 2518, 2277, 2509, 2287, 2508, 2286, 2298, 2300, 2301, 2307, 2495, 2820, 2823, 2827, 2849, 2848, 2850, 2837, 2859, 2858, 2863, 2763, 2762, 2737, 2732, 2715]",0.04131010000128299,success,,68.74647754525698,75.659944321475,10.13600093372973,31.871804311287775,21.600000000000012,22.420394805639397
stl_midamerica_to_st_louis_union_station_2026-01-12_0102,midamerica_to_st_louis_union_station,MidAmerica to St. Louis Union Station,MidAmerica St. Louis Airport,St. Louis Union Station,38.5451731,-89.8351856,38.629167,-90.2075,2026-01-12,January 12th - Monday,w_0102,0.1,0.4,0.1,0.4,68,"[8877, 8881, 8904, 8922, 8923, 8927, 9145, 10016, 10018, 10062, 10055, 10058, 10094, 10096, 10103, 10104, 10110, 10109, 10516, 10515, 10514, 10513, 10298, 10299, 10524, 10529, 10538, 10539, 10537, 10367, 10364, 10365, 10366, 10376, 10360, 10356, 10352, 10326, 10328, 10329, 10330, 2548, 2527, 2525, 2526, 2538, 2540, 2516, 2530, 2534, 2559, 2561, 2840, 2842, 2843, 2845, 2878, 2856, 2857, 2851, 2861, 2862, 2863, 2763, 2762, 2737, 2732, 2715]",0.04010370001196861,success,,52.93408876859545,58.25738789748744,13.65068708419267,20.264963456840544,23.200000000000014,22.592509969109877
stl_midamerica_to_st_louis_union_station_2026-01-12_0103,midamerica_to_st_louis_union_station,MidAmerica to St. Louis Union Station,MidAmerica St. Louis Airport,St. Louis Union Station,38.5451731,-89.8351856,38.629167,-90.2075,2026-01-12,January 12th - Monday,w_0103,0.1,0.4,0.2,0.3,69,"[8877, 8861, 8741, 8736, 8738, 8711, 7685, 7681, 7677, 7659, 7634, 7632, 8264, 7621, 7618, 8241, 8238, 7358, 7357, 7359, 7360, 7352, 7351, 7353, 7367, 7345, 7346, 7368, 7446, 7445, 7458, 7457, 7468, 7470, 7469, 7471, 7481, 7480, 7483, 7311, 7316, 7542, 7545, 7569, 7571, 7588, 7592, 7593, 1919, 1922, 1926, 1952, 2132, 2136, 2162, 2165, 2182, 2184, 2186, 2421, 2205, 2450, 2451, 2369, 2375, 2377, 2403, 2404, 2715]",0.038366799999494106,success,,55.90139419694476,61.523099414792796,6.851083258865614,14.728693963962357,31.000000000000004,21.138482037818
stl_midamerica_to_st_louis_union_station_2026-01-12_0104,midamerica_to_st_louis_union_station,MidAmerica to St. Louis Union Station,MidAmerica St. Louis Airport,St. Louis Union Station,38.5451731,-89.8351856,38.629167,-90.2075,2026-01-12,January 12th - Monday,w_0104,0.1,0.4,0.3,0.2,70,"[8877, 8861, 8741, 8736, 8738, 8711, 7685, 7681, 7677, 7659, 7634, 7632, 8264, 7621, 7618, 8241, 8238, 7358, 7357, 7359, 7360, 7352, 7351, 7353, 7367, 7345, 7346, 7368, 7446, 7445, 7458, 7457, 7468, 7470, 7469, 7471, 7481, 7480, 7483, 7311, 7316, 7542, 7545, 7569, 7571, 7587, 7590, 7595, 7593, 1919, 1922, 1926, 1952, 2132, 2136, 2162, 2165, 2182, 2184, 2186, 2421, 2205, 2450, 2451, 2369, 2375, 2377, 2403, 2404, 2715]",0.0384695999964606,success,,56.80289472788023,62.51525904844757,6.897520923281258,14.230683522764785,31.000000000000004,19.479739330986696
stl_midamerica_to_st_louis_union_station_2026-01-12_0105,midamerica_to_st_louis_union_station,MidAmerica to St. Louis Union Station,MidAmerica St. Louis Airport,St. Louis Union Station,38.5451731,-89.8351856,38.629167,-90.2075,2026-01-12,January 12th - Monday,w_0105,0.1,0.4,0.4,0.1,74,"[8877, 8861, 8741, 8736, 8738, 8711, 7685, 7681, 7677, 7659, 7634, 7632, 8264, 7621, 7618, 8241, 8238, 7358, 7357, 7359, 7360, 7352, 7351, 7353, 7367, 7345, 7346, 7368, 7446, 7445, 7458, 7457, 7468, 7470, 7469, 7471, 7481, 7480, 7479, 7286, 7283, 7285, 7308, 7302, 7528, 7531, 7533, 7568, 7573, 7588, 7590, 7595, 7593, 1919, 1922, 1926, 1952, 2132, 2136, 2162, 2165, 2182, 2184, 2186, 2421, 2205, 2450, 2451, 2369, 2375, 2377, 2403, 2404, 2715]",0.03753370000049472,success,,58.299391729249265,64.16225077578802,6.971717729418124,13.700872787014614,31.000000000000004,17.7852612841519
stl_midamerica_to_st_louis_union_station_2026-01-12_0106,midamerica_to_st_louis_union_station,MidAmerica to St. Louis Union Station,MidAmerica St. Louis Airport,St. Louis Union Station,38.5451731,-89.8351856,38.629167,-90.2075,2026-01-12,January 12th - Monday,w_0106,0.1,0.4,0.5,0.0,73,"[8877, 8861, 8741, 8736, 8738, 8711, 7685, 7681, 7677, 7659, 7634, 7632, 8264, 7621, 7618, 8241, 8238, 7358, 7357, 7359, 7360, 7352, 7351, 7353, 7367, 7345, 7346, 7368, 7446, 7445, 7458, 7457, 7468, 7470, 7469, 7471, 7481, 7480, 7479, 7286, 7283, 7285, 7308, 7302, 7528, 7531, 7533, 7568, 7572, 7597, 7601, 7604, 1921, 2110, 2115, 2130, 2134, 2135, 2144, 2179, 2180, 2174, 2199, 2203, 2206, 2449, 2451, 2369, 2375, 2377, 2403, 2404, 2715]",0.03668629997991957,success,,57.39737573569113,63.16952384218243,6.8947761571534905,13.826855248389794,33.0,15.988290471274537
stl_midamerica_to_st_louis_union_station_2026-01-12_0107,midamerica_to_st_louis_union_station,MidAmerica to St. Louis Union Station,MidAmerica St. Louis Airport,St. Louis Union Station,38.5451731,-89.8351856,38.629167,-90.2075,2026-01-12,January 12th - Monday,w_0107,0.1,0.5,0.0,0.4,89,"[8877, 8880, 8902, 8917, 8943, 8947, 8951, 9043, 9047, 9051, 9252, 9279, 9280, 9292, 9316, 9320, 9447, 9470, 9473, 9498, 9488, 9466, 9467, 9489, 9480, 9481, 9485, 9487, 10502, 10504, 10508, 10823, 10833, 10832, 10501, 10817, 10815, 10816, 10814, 10597, 10598, 10599, 10596, 10591, 10602, 10603, 10604, 10913, 10914, 10580, 10399, 10392, 10369, 10370, 10381, 10380, 10379, 10378, 10391, 10402, 10403, 10390, 2577, 2576, 2598, 2575, 2587, 10714, 10713, 10722, 2597, 10723, 2596, 2876, 2875, 2874, 2873, 2885, 2879, 2857, 2851, 2861, 2862, 2863, 2763, 2762, 2737, 2732, 2715]",0.03996590001042932,success,,66.6216644425635,73.32145009189804,8.42826954664385,30.298035524434464,24.000000000000018,21.14627978251174
stl_midamerica_to_st_louis_union_station_2026-01-12_0108,midamerica_to_st_louis_union_station,MidAmerica to St. Louis Union Station,MidAmerica St. Louis Airport,St. Louis Union Station,38.5451731,-89.8351856,38.629167,-90.2075,2026-01-12,January 12th - Monday,w_0108,0.1,0.5,0.1,0.3,69,"[8877, 8861, 8741, 8736, 8734, 8707, 7682, 7678, 7655, 7635, 7634, 7632, 8264, 7621, 7618, 8241, 8238, 7358, 7357, 7359, 7360, 7352, 7351, 7353, 7367, 7345, 7346, 7368, 7446, 7445, 7458, 7457, 7468, 7470, 7469, 7471, 7481, 7480, 7483, 7311, 7316, 7542, 7545, 7569, 7571, 7588, 7592, 7593, 1919, 1922, 1926, 1952, 2132, 2136, 2162, 2165, 2182, 2184, 2186, 2421, 2205, 2450, 2451, 2369, 2375, 2377, 2403, 2404, 2715]",0.038520999980391935,success,,55.90114578375363,61.52282602001127,6.695675716107603,15.348350914714501,31.000000000000004,20.33495555152638
stl_midamerica_to_st_louis_union_station_2026-01-12_0109,midamerica_to_st_louis_union_station,MidAmerica to St. Louis Union Station,MidAmerica St. Louis Airport,St. Louis Union Station,38.5451731,-89.8351856,38.629167,-90.2075,2026-01-12,January 12th - Monday,w_0109,0.1,0.5,0.2,0.2,69,"[8877, 8861, 8741, 8736, 8738, 8711, 7685, 7681, 7677, 7659, 7634, 7632, 8264, 7621, 7618, 8241, 8238, 7358, 7357, 7359, 7360, 7352, 7351, 7353, 7367, 7345, 7346, 7368, 7446, 7445, 7458, 7457, 7468, 7470, 7469, 7471, 7481, 7480, 7483, 7311, 7316, 7542, 7545, 7569, 7571, 7588, 7592, 7593, 1919, 1922, 1926, 1952, 2132, 2136, 2162, 2165, 2182, 2184, 2186, 2421, 2205, 2450, 2451, 2369, 2375, 2377, 2403, 2404, 2715]",0.03774799997336231,success,,55.90139419694476,61.523099414792796,6.851083258865614,14.728693963962357,31.000000000000004,18.72359036370456
stl_midamerica_to_st_louis_union_station_2026-01-12_0110,midamerica_to_st_louis_union_station,MidAmerica to St. Louis Union Station,MidAmerica St. Louis Airport,St. Louis Union Station,38.5451731,-89.8351856,38.629167,-90.2075,2026-01-12,January 12th - Monday,w_0110,0.1,0.5,0.3,0.1,70,"[8877, 8861, 8741, 8736, 8738, 8711, 7685, 7681, 7677, 7659, 7634, 7632, 8264, 7621, 7618, 8241, 8238, 7358, 7357, 7359, 7360, 7352, 7351, 7353, 7367, 7345, 7346, 7368, 7446, 7445, 7458, 7457, 7468, 7470, 7469, 7471, 7481, 7480, 7483, 7311, 7316, 7542, 7545, 7569, 7571, 7587, 7590, 7595, 7593, 1919, 1922, 1926, 1952, 2132, 2136, 2162, 2165, 2182, 2184, 2186, 2421, 2205, 2450, 2451, 2369, 2375, 2377, 2403, 2404, 2715]",0.03717830000096001,success,,56.80289472788023,62.51525904844757,6.897520923281258,14.230683522764785,31.000000000000004,17.069491423314822
stl_midamerica_to_st_louis_union_station_2026-01-12_0111,midamerica_to_st_louis_union_station,MidAmerica to St. Louis Union Station,MidAmerica St. Louis Airport,St. Louis Union Station,38.5451731,-89.8351856,38.629167,-90.2075,2026-01-12,January 12th - Monday,w_0111,0.1,0.5,0.4,0.0,73,"[8877, 8861, 8741, 8736, 8738, 8711, 7685, 7681, 7677, 7659, 7634, 7632, 8264, 7621, 7618, 8241, 8238, 7358, 7357, 7359, 7360, 7352, 7351, 7353, 7367, 7345, 7346, 7368, 7446, 7445, 7458, 7457, 7468, 7470, 7469, 7471, 7481, 7480, 7479, 7286, 7283, 7285, 7308, 7302, 7528, 7531, 7533, 7568, 7572, 7597, 7601, 7604, 1921, 2110, 2115, 2130, 2134, 2135, 2144, 2179, 2180, 2174, 2199, 2203, 2206, 2449, 2451, 2369, 2375, 2377, 2403, 2404, 2715]",0.03552029997808859,success,,57.39737573569113,63.16952384218243,6.8947761571534905,13.826855248389794,33.0,15.295082562150906
stl_midamerica_to_st_louis_union_station_2026-01-12_0112,midamerica_to_st_louis_union_station,MidAmerica to St. Louis Union Station,MidAmerica St. Louis Airport,St. Louis Union Station,38.5451731,-89.8351856,38.629167,-90.2075,2026-01-12,January 12th - Monday,w_0112,0.1,0.6,0.0,0.3,68,"[8877, 8861, 8741, 8736, 8734, 8707, 7682, 7678, 7655, 7635, 7630, 7628, 8260, 7617, 8242, 8237, 8235, 7358, 7357, 7359, 7360, 7352, 7351, 7353, 7367, 7345, 7346, 7368, 7446, 7445, 7458, 7457, 7468, 7436, 7435, 7471, 7481, 7482, 7486, 7315, 7540, 7546, 7560, 7574, 7575, 7592, 7593, 1919, 1922, 1926, 1952, 2132, 2136, 2162, 2165, 2182, 2184, 2186, 2419, 2423, 2448, 2452, 2454, 2372, 2399, 2401, 2404, 2715]",0.03919760001008399,success,,55.52680328940044,61.110837896528444,6.531695492477898,22.29661445213761,31.000000000000004,19.330101085139585
stl_midamerica_to_st_louis_union_station_2026-01-12_0113,midamerica_to_st_louis_union_station,MidAmerica to St. Louis Union Station,MidAmerica St. Louis Airport,St. Louis Union Station,38.5451731,-89.8351856,38.629167,-90.2075,2026-01-12,January 12th - Monday,w_0113,0.1,0.6,0.1,0.2,69,"[8877, 8861, 8741, 8736, 8734, 8707, 7682, 7678, 7655, 7635, 7634, 7632, 8264, 7621, 7618, 8241, 8238, 7358, 7357, 7359, 7360, 7352, 7351, 7353, 7367, 7345, 7346, 7368, 7446, 7445, 7458, 7457, 7468, 7470, 7469, 7471, 7481, 7480, 7483, 7311, 7316, 7542, 7545, 7569, 7571, 7588, 7592, 7593, 1919, 1922, 1926, 1952, 2132, 2136, 2162, 2165, 2182, 2184, 2186, 2421, 2205, 2450, 2451, 2369, 2375, 2377, 2403, 2404, 2715]",0.03794380000908859,success,,55.90114578375363,61.52282602001127,6.695675716107603,15.348350914714501,31.000000000000004,17.90452312313714
stl_midamerica_to_st_louis_union_station_2026-01-12_0114,midamerica_to_st_louis_union_station,MidAmerica to St. Louis Union Station,MidAmerica St. Louis Airport,St. Louis Union Station,38.5451731,-89.8351856,38.629167,-90.2075,2026-01-12,January 12th - Monday,w_0114,0.1,0.6,0.2,0.1,69,"[8877, 8861, 8741, 8736, 8738, 8711, 7685, 7681, 7677, 7659, 7634, 7632, 8264, 7621, 7618, 8241, 8238, 7358, 7357, 7359, 7360, 7352, 7351, 7353, 7367, 7345, 7346, 7368, 7446, 7445, 7458, 7457, 7468, 7470, 7469, 7471, 7481, 7480, 7483, 7311, 7316, 7542, 7545, 7569, 7571, 7588, 7592, 7593, 1919, 1922, 1926, 1952, 2132, 2136, 2162, 2165, 2182, 2184, 2186, 2421, 2205, 2450, 2451, 2369, 2375, 2377, 2403, 2404, 2715]",0.038864900008775294,success,,55.90139419694476,61.523099414792796,6.851083258865614,14.728693963962357,31.000000000000004,16.30869868959112
stl_midamerica_to_st_louis_union_station_2026-01-12_0115,midamerica_to_st_louis_union_station,MidAmerica to St. Louis Union Station,MidAmerica St. Louis Airport,St. Louis Union Station,38.5451731,-89.8351856,38.629167,-90.2075,2026-01-12,January 12th - Monday,w_0115,0.1,0.6,0.3,0.0,73,"[8877, 8861, 8741, 8736, 8738, 8711, 7685, 7681, 7677, 7659, 7634, 7632, 8264, 7621, 7618, 8241, 8238, 7358, 7357, 7359, 7360, 7352, 7351, 7353, 7367, 7345, 7346, 7368, 7446, 7445, 7458, 7457, 7468, 7470, 7469, 7471, 7481, 7480, 7479, 7286, 7283, 7285, 7308, 7302, 7528, 7531, 7533, 7568, 7572, 7597, 7601, 7604, 1921, 2110, 2115, 2130, 2134, 2135, 2144, 2179, 2180, 2174, 2199, 2203, 2206, 2449, 2451, 2369, 2375, 2377, 2403, 2404, 2715]",0.03584100000443868,success,,57.39737573569113,63.16952384218243,6.8947761571534905,13.826855248389794,33.0,14.601874653027277
stl_midamerica_to_st_louis_union_station_2026-01-12_0116,midamerica_to_st_louis_union_station,MidAmerica to St. Louis Union Station,MidAmerica St. Louis Airport,St. Louis Union Station,38.5451731,-89.8351856,38.629167,-90.2075,2026-01-12,January 12th - Monday,w_0116,0.1,0.7,0.0,0.2,68,"[8877, 8861, 8741, 8736, 8734, 8707, 7682, 7678, 7655, 7635, 7630, 7628, 8260, 7617, 8242, 8237, 8235, 7358, 7357, 7359, 7360, 7352, 7351, 7353, 7367, 7345, 7346, 7368, 7446, 7445, 7458, 7457, 7468, 7436, 7435, 7471, 7481, 7482, 7486, 7315, 7540, 7546, 7560, 7574, 7575, 7592, 7593, 1919, 1922, 1926, 1952, 2132, 2136, 2162, 2165, 2182, 2184, 2186, 2419, 2423, 2448, 2452, 2454, 2372, 2399, 2401, 2404, 2715]",0.03822640000726096,success,,55.52680328940044,61.110837896528444,6.531695492477898,22.29661445213761,31.000000000000004,16.883270634387372
stl_midamerica_to_st_louis_union_station_2026-01-12_0117,midamerica_to_st_louis_union_station,MidAmerica to St. Louis Union Station,MidAmerica St. Louis Airport,St. Louis Union Station,38.5451731,-89.8351856,38.629167,-90.2075,2026-01-12,January 12th - Monday,w_0117,0.1,0.7,0.1,0.1,69,"[8877, 8861, 8741, 8736, 8734, 8707, 7682, 7678, 7655, 7635, 7634, 7632, 8264, 7621, 7618, 8241, 8238, 7358, 7357, 7359, 7360, 7352, 7351, 7353, 7367, 7345, 7346, 7368, 7446, 7445, 7458, 7457, 7468, 7470, 7469, 7471, 7481, 7480, 7483, 7311, 7316, 7542, 7545, 7569, 7571, 7588, 7592, 7593, 1919, 1922, 1926, 1952, 2132, 2136, 2162, 2165, 2182, 2184, 2186, 2421, 2205, 2450, 2451, 2369, 2375, 2377, 2403, 2404, 2715]",0.03556779999053106,success,,55.90114578375363,61.52282602001127,6.695675716107603,15.348350914714501,31.000000000000004,15.4740906947479
stl_midamerica_to_st_louis_union_station_2026-01-12_0118,midamerica_to_st_louis_union_station,MidAmerica to St. Louis Union Station,MidAmerica St. Louis Airport,St. Louis Union Station,38.5451731,-89.8351856,38.629167,-90.2075,2026-01-12,January 12th - Monday,w_0118,0.1,0.7,0.2,0.0,69,"[8877, 8861, 8741, 8736, 8738, 8711, 7685, 7681, 7677, 7659, 7634, 7632, 8264, 7621, 7618, 8241, 8238, 7358, 7357, 7359, 7360, 7352, 7351, 7353, 7367, 7345, 7346, 7368, 7446, 7445, 7458, 7457, 7468, 7470, 7469, 7471, 7481, 7480, 7483, 7311, 7316, 7542, 7545, 7569, 7571, 7588, 7592, 7593, 1919, 1922, 1926, 1952, 2132, 2136, 2162, 2165, 2182, 2184, 2186, 2421, 2205, 2450, 2451, 2369, 2375, 2377, 2403, 2404, 2715]",0.03580939999665134,success,,55.90139419694476,61.523099414792796,6.851083258865614,14.728693963962357,31.000000000000004,13.893807015477682
stl_midamerica_to_st_louis_union_station_2026-01-12_0119,midamerica_to_st_louis_union_station,MidAmerica to St. Louis Union Station,MidAmerica St. Louis Airport,St. Louis Union Station,38.5451731,-89.8351856,38.629167,-90.2075,2026-01-12,January 12th - Monday,w_0119,0.1,0.8,0.0,0.1,68,"[8877, 8861, 8741, 8736, 8734, 8707, 7682, 7678, 7655, 7635, 7630, 7628, 8260, 7617, 8242, 8237, 8235, 7358, 7357, 7359, 7360, 7352, 7351, 7353, 7367, 7345, 7346, 7368, 7446, 7445, 7458, 7457, 7468, 7436, 7435, 7471, 7481, 7482, 7486, 7315, 7540, 7546, 7560, 7574, 7575, 7592, 7593, 1919, 1922, 1926, 1952, 2132, 2136, 2162, 2165, 2182, 2184, 2186, 2419, 2423, 2448, 2452, 2454, 2372, 2399, 2401, 2404, 2715]",0.03643730000476353,success,,55.52680328940044,61.110837896528444,6.531695492477898,22.29661445213761,31.000000000000004,14.436440183635163
stl_midamerica_to_st_louis_union_station_2026-01-12_0120,midamerica_to_st_louis_union_station,MidAmerica to St. Louis Union Station,MidAmerica St. Louis Airport,St. Louis Union Station,38.5451731,-89.8351856,38.629167,-90.2075,2026-01-12,January 12th - Monday,w_0120,0.1,0.8,0.1,0.0,69,"[8877, 8861, 8741, 8736, 8734, 8707, 7682, 7678, 7655, 7635, 7634, 7632, 8264, 7621, 7618, 8241, 8238, 7358, 7357, 7359, 7360, 7352, 7351, 7353, 7367, 7345, 7346, 7368, 7446, 7445, 7458, 7457, 7468, 7470, 7469, 7471, 7481, 7480, 7483, 7311, 7316, 7542, 7545, 7569, 7571, 7588, 7592, 7593, 1919, 1922, 1926, 1952, 2132, 2136, 2162, 2165, 2182, 2184, 2186, 2421, 2205, 2450, 2451, 2369, 2375, 2377, 2403, 2404, 2715]",0.03415120000136085,success,,55.90114578375363,61.52282602001127,6.695675716107603,15.348350914714501,31.000000000000004,13.04365826635866
stl_midamerica_to_st_louis_union_station_2026-01-12_0121,midamerica_to_st_louis_union_station,MidAmerica to St. Louis Union Station,MidAmerica St. Louis Airport,St. Louis Union Station,38.5451731,-89.8351856,38.629167,-90.2075,2026-01-12,January 12th - Monday,w_0121,0.1,0.9,0.0,0.0,70,"[8877, 8861, 8741, 8736, 8734, 8707, 7682, 7678, 7655, 7635, 7630, 7628, 8260, 7617, 8242, 8237, 8235, 7358, 7357, 7359, 7360, 7352, 7351, 7353, 7367, 7345, 7346, 7368, 7446, 7445, 7458, 7457, 7468, 7436, 7435, 7471, 7481, 7482, 7486, 7315, 7540, 7546, 7560, 7574, 7575, 7592, 7593, 1919, 1922, 1926, 1952, 2132, 2136, 2162, 2165, 2182, 2184, 2186, 2419, 2423, 2448, 2452, 2454, 2369, 2370, 2373, 2398, 2709, 2711, 2715]",0.032363300008000806,success,,56.80421942151068,62.516716959454804,6.373958814725699,23.6058652292179,32.6,11.98823462919861
stl_midamerica_to_st_louis_union_station_2026-01-12_0122,midamerica_to_st_louis_union_station,MidAmerica to St. Louis Union Station,MidAmerica St. Louis Airport,St. Louis Union Station,38.5451731,-89.8351856,38.629167,-90.2075,2026-01-12,January 12th - Monday,w_0122,0.2,0.0,0.0,0.8,67,"[8877, 8876, 8892, 8897, 8899, 8926, 9788, 10013, 10014, 10036, 10052, 10054, 10061, 10051, 10049, 10048, 10050, 10253, 10252, 10241, 10240, 10248, 10246, 10247, 10245, 10231, 10230, 10262, 10150, 10148, 10149, 10151, 10161, 10159, 10158, 10160, 10166, 10168, 10167, 10169, 2247, 2269, 2268, 2257, 2256, 2254, 2279, 2293, 2296, 2301, 2303, 2491, 2492, 2818, 2496, 2507, 2506, 2828, 2505, 2809, 2811, 2810, 2728, 2730, 2731, 2729, 2715]",0.03528899999218993,success,,46.683328700980354,51.37802221113185,29.474393947782595,26.491951760389814,22.600000000000012,28.35560444222638
stl_midamerica_to_st_louis_union_station_2026-01-12_0123,midamerica_to_st_louis_union_station,MidAmerica to St. Louis Union Station,MidAmerica St. Louis Airport,St. Louis Union Station,38.5451731,-89.8351856,38.629167,-90.2075,2026-01-12,January 12th - Monday,w_0123,0.2,0.0,0.1,0.7,67,"[8877, 8879, 8896, 8900, 8924, 8930, 9788, 10013, 10014, 10036, 10052, 10054, 10061, 10051, 10049, 10048, 10050, 10253, 10252, 10241, 10240, 10248, 10246, 10247, 10251, 10263, 10265, 10264, 10178, 10179, 10177, 10176, 10199, 10198, 10196, 10197, 10170, 10182, 10171, 10183, 2270, 2272, 2271, 2278, 2280, 2281, 2279, 2293, 2296, 2301, 2303, 2491, 2492, 2818, 2496, 2507, 2506, 2828, 2505, 2809, 2811, 2810, 2728, 2730, 2731, 2729, 2715]",0.03594539998448454,success,,47.21754341592104,51.96596005218729,27.176975232885955,22.533730432198265,22.600000000000012,28.466565053657295
stl_midamerica_to_st_louis_union_station_2026-01-12_0124,midamerica_to_st_louis_union_station,MidAmerica to St. Louis Union Station,MidAmerica St. Louis Airport,St. Louis Union Station,38.5451731,-89.8351856,38.629167,-90.2075,2026-01-12,January 12th - Monday,w_0124,0.2,0.0,0.2,0.6,67,"[8877, 8879, 8896, 8900, 8924, 8930, 9788, 10013, 10014, 10036, 10052, 10054, 10061, 10051, 10045, 10044, 10046, 10239, 10237, 10236, 10238, 10243, 10244, 10242, 10221, 10227, 10229, 10228, 10146, 10144, 10147, 10145, 10141, 10138, 10132, 10133, 9910, 10112, 9911, 10113, 2216, 2240, 2241, 2253, 2256, 2281, 2279, 2293, 2296, 2301, 2303, 2491, 2492, 2818, 2496, 2507, 2506, 2828, 2505, 2809, 2811, 2810, 2728, 2730, 2731, 2729, 2715]",0.03660179997677915,success,,48.812248776248204,53.72103642962179,27.370525597590845,19.80248574413994,22.600000000000012,28.264704434752353
stl_midamerica_to_st_louis_union_station_2026-01-12_0125,midamerica_to_st_louis_union_station,MidAmerica to St. Louis Union Station,MidAmerica St. Louis Airport,St. Louis Union Station,38.5451731,-89.8351856,38.629167,-90.2075,2026-01-12,January 12th - Monday,w_0125,0.2,0.0,0.3,0.5,68,"[8877, 8879, 8896, 8900, 8924, 8930, 9788, 10013, 10014, 10036, 10052, 10054, 10061, 10051, 10045, 10044, 10046, 10239, 10237, 10236, 10238, 10243, 10244, 10242, 10221, 10227, 10230, 10228, 10146, 10144, 10147, 10145, 10141, 10138, 10132, 10133, 9910, 10112, 9911, 10113, 2216, 2240, 2241, 2253, 2257, 2280, 2281, 2279, 2293, 2296, 2301, 2303, 2491, 2492, 2818, 2496, 2507, 2506, 2828, 2505, 2809, 2811, 2810, 2728, 2730, 2731, 2729, 2715]",0.036827399977482855,success,,49.71989425559278,54.71995897638997,28.080304548593507,19.099207598955893,22.600000000000012,27.973754074964766
stl_midamerica_to_st_louis_union_station_2026-01-12_0126,midamerica_to_st_louis_union_station,MidAmerica to St. Louis Union Station,MidAmerica St. Louis Airport,St. Louis Union Station,38.5451731,-89.8351856,38.629167,-90.2075,2026-01-12,January 12th - Monday,w_0126,0.2,0.0,0.4,0.4,67,"[8877, 8879, 8896, 8900, 8924, 8930, 9788, 10013, 10014, 10036, 10052, 10054, 10061, 10051, 10049, 10048, 10050, 10253, 10252, 10241, 10240, 10249, 10275, 10277, 10293, 10304, 10305, 10310, 10319, 10321, 10320, 10318, 10355, 10358, 10356, 10357, 10336, 10335, 10337, 10330, 2548, 2527, 2525, 2526, 2538, 2540, 2516, 2530, 2534, 2559, 2561, 2840, 2842, 2843, 2845, 2878, 2856, 2853, 2837, 2817, 2812, 2810, 2728, 2407, 2406, 2404, 2715]",0.03685930001665838,success,,51.4887760288538,56.66672776011555,22.98711941897949,17.070450328320444,23.200000000000014,27.441525683351294
stl_midamerica_to_st_louis_union_station_2026-01-12_0127,midamerica_to_st_louis_union_station,MidAmerica to St. Louis Union Station,MidAmerica St. Louis Airport,St. Louis Union Station,38.5451731,-89.8351856,38.629167,-90.2075,2026-01-12,January 12th - Monday,w_0127,0.2,0.0,0.5,0.3,67,"[8877, 8879, 8896, 8900, 8924, 8930, 9788, 10013, 10014, 10036, 10052, 10054, 10061, 10051, 10049, 10048, 10050, 10253, 10252, 10241, 10240, 10249, 10275, 10277, 10293, 10304, 10305, 10310, 10319, 10321, 10320, 10318, 10355, 10358, 10356, 10357, 10336, 10335, 10337, 10330, 2548, 2527, 2525, 2526, 2538, 2540, 2516, 2530, 2534, 2559, 2561, 2840, 2842, 2843, 2845, 2878, 2856, 2853, 2837, 2817, 2812, 2810, 2728, 2407, 2406, 2404, 2715]",0.03704450000077486,success,,51.4887760288538,56.66672776011555,22.98711941897949,17.070450328320444,23.200000000000014,26.82857071618334
stl_midamerica_to_st_louis_union_station_2026-01-12_0128,midamerica_to_st_louis_union_station,MidAmerica to St. Louis Union Station,MidAmerica St. Louis Airport,St. Louis Union Station,38.5451731,-89.8351856,38.629167,-90.2075,2026-01-12,January 12th - Monday,w_0128,0.2,0.0,0.6,0.2,67,"[8877, 8876, 8868, 8869, 8870, 8867, 9758, 9759, 9761, 9774, 9773, 9775, 9772, 9764, 9765, 9762, 9768, 9951, 9950, 9949, 9948, 9965, 9963, 9962, 9930, 9931, 9928, 9929, 9839, 9837, 9833, 9821, 7905, 9824, 9826, 9825, 9844, 9847, 9849, 9846, 1959, 1958, 1937, 1947, 1969, 1973, 1988, 2002, 2004, 2231, 2006, 2191, 2197, 2196, 2408, 2420, 2424, 2439, 2441, 2453, 2455, 2457, 2376, 2400, 2406, 2404, 2715]",0.03632459999062121,success,,49.3263215997551,54.28680681659335,27.06596127334509,11.714190851347986,36.6,25.20587587412746
stl_midamerica_to_st_louis_union_station_2026-01-12_0129,midamerica_to_st_louis_union_station,MidAmerica to St. Louis Union Station,MidAmerica St. Louis Airport,St. Louis Union Station,38.5451731,-89.8351856,38.629167,-90.2075,2026-01-12,January 12th - Monday,w_0129,0.2,0.0,0.7,0.1,67,"[8877, 8876, 8868, 8869, 8870, 8867, 9758, 9759, 9761, 9774, 9773, 9775, 9772, 9764, 9765, 9762, 9768, 9951, 9950, 9949, 9948, 9965, 9963, 9962, 9930, 9931, 9928, 9929, 9839, 9837, 9833, 9821, 7905, 9824, 9826, 9825, 9844, 9847, 9849, 9846, 1959, 1958, 1937, 1947, 1969, 1973, 1988, 2002, 2004, 2231, 2006, 2191, 2197, 2196, 2408, 2420, 2424, 2439, 2441, 2453, 2455, 2457, 2376, 2400, 2406, 2404, 2715]",0.03314360001240857,success,,49.3263215997551,54.28680681659335,27.06596127334509,11.714190851347986,36.6,22.717294959262258
stl_midamerica_to_st_louis_union_station_2026-01-12_0130,midamerica_to_st_louis_union_station,MidAmerica to St. Louis Union Station,MidAmerica St. Louis Airport,St. Louis Union Station,38.5451731,-89.8351856,38.629167,-90.2075,2026-01-12,January 12th - Monday,w_0130,0.2,0.0,0.8,0.0,68,"[8877, 8876, 8868, 8869, 8870, 8867, 9758, 9759, 9757, 9744, 9742, 9743, 9730, 9733, 9721, 9732, 9720, 9915, 7793, 7795, 7796, 7804, 7803, 7805, 7813, 7814, 7811, 7812, 9817, 9816, 9819, 9818, 7904, 7901, 9823, 9822, 9844, 9847, 9849, 9846, 1959, 1958, 1937, 1947, 1969, 1973, 1988, 2002, 2004, 2231, 2006, 2191, 2197, 2196, 2408, 2420, 2424, 2439, 2441, 2453, 2452, 2451, 2369, 2375, 2377, 2403, 2404, 2715]",0.03059350000694394,success,,49.697425877254595,54.69523107301564,28.314873813648262,11.421060104850639,39.0,20.07589429848364
stl_midamerica_to_st_louis_union_station_2026-01-12_0131,midamerica_to_st_louis_union_station,MidAmerica to St. Louis Union Station,MidAmerica St. Louis Airport,St. Louis Union Station,38.5451731,-89.8351856,38.629167,-90.2075,2026-01-12,January 12th - Monday,w_0131,0.2,0.1,0.0,0.7,68,"[8877, 8881, 8904, 8922, 8923, 8927, 9145, 10016, 10018, 10062, 10055, 10058, 10094, 10096, 10103, 10104, 10110, 10109, 10291, 10512, 10290, 10513, 10298, 10295, 10296, 10297, 10307, 10305, 10306, 10319, 10321, 10320, 10318, 10211, 10210, 10208, 10209, 10326, 10328, 10322, 10191, 2276, 2518, 2277, 2509, 2287, 2508, 2286, 2298, 2300, 2301, 2307, 2491, 2492, 2818, 2496, 2507, 2506, 2828, 2505, 2809, 2811, 2810, 2728, 2730, 2731, 2729, 2715]",0.03738829999929294,success,,48.13050890304261,52.970737611554924,17.889506298497306,29.520778349266944,22.600000000000012,28.203098152160724
stl_midamerica_to_st_louis_union_station_2026-01-12_0132,midamerica_to_st_louis_union_station,MidAmerica to St. Louis Union Station,MidAmerica St. Louis Airport,St. Louis Union Station,38.5451731,-89.8351856,38.629167,-90.2075,2026-01-12,January 12th - Monday,w_0132,0.2,0.1,0.1,0.6,68,"[8877, 8879, 8896, 8900, 8924, 8930, 10012, 10015, 10018, 10062, 10055, 10058, 10094, 10096, 10103, 10104, 10110, 10109, 10516, 10515, 10514, 10517, 10522, 10299, 10300, 10301, 10311, 10532, 10533, 10349, 10347, 10348, 10346, 10359, 10358, 10356, 10357, 10336, 10335, 10337, 10330, 2548, 2527, 2525, 2526, 2517, 2513, 2286, 2298, 2300, 2301, 2307, 2491, 2492, 2818, 2496, 2507, 2506, 2828, 2505, 2809, 2811, 2808, 2405, 2407, 2406, 2404, 2715]",0.03838529999484308,success,,49.731499699307676,54.73273151771347,17.406868043479662,21.951282255956215,22.600000000000012,28.44236133348629
stl_midamerica_to_st_louis_union_station_2026-01-12_0133,midamerica_to_st_louis_union_station,MidAmerica to St. Louis Union Station,MidAmerica St. Louis Airport,St. Louis Union Station,38.5451731,-89.8351856,38.629167,-90.2075,2026-01-12,January 12th - Monday,w_0133,0.2,0.1,0.2,0.5,68,"[8877, 8879, 8896, 8900, 8924, 8930, 10012, 10015, 10018, 10062, 10055, 10058, 10094, 10096, 10103, 10104, 10110, 10109, 10516, 10515, 10514, 10513, 10298, 10295, 10296, 10297, 10309, 10532, 10533, 10349, 10347, 10348, 10346, 10359, 10358, 10356, 10357, 10336, 10335, 10337, 10330, 2548, 2527, 2525, 2526, 2538, 2540, 2516, 2530, 2534, 2559, 2561, 2840, 2842, 2843, 2845, 2878, 2856, 2857, 2851, 2861, 2862, 2863, 2763, 2762, 2737, 2732, 2715]",0.03792449997854419,success,,51.33422489083622,56.496634238021514,15.091290330778751,18.885971102292107,23.200000000000014,28.18565010114061
stl_midamerica_to_st_louis_union_station_2026-01-12_0134,midamerica_to_st_louis_union_station,MidAmerica to St. Louis Union Station,MidAmerica St. Louis Airport,St. Louis Union Station,38.5451731,-89.8351856,38.629167,-90.2075,2026-01-12,January 12th - Monday,w_0134,0.2,0.1,0.3,0.4,68,"[8877, 8879, 8896, 8900, 8924, 8930, 10012, 10015, 10018, 10062, 10055, 10058, 10094, 10096, 10103, 10104, 10110, 10109, 10516, 10515, 10514, 10513, 10298, 10295, 10296, 10297, 10309, 10532, 10533, 10349, 10347, 10348, 10342, 10355, 10358, 10356, 10357, 10336, 10335, 10337, 10330, 2548, 2527, 2525, 2526, 2538, 2540, 2516, 2530, 2534, 2559, 2561, 2840, 2842, 2843, 2845, 2878, 2856, 2857, 2851, 2861, 2862, 2863, 2763, 2762, 2737, 2732, 2715]",0.03808329999446869,success,,51.86715783388341,57.083161406216945,15.091290330778751,18.458565058092084,23.200000000000014,27.743330831748892
stl_midamerica_to_st_louis_union_station_2026-01-12_0135,midamerica_to_st_louis_union_station,MidAmerica to St. Louis Union Station,MidAmerica St. Louis Airport,St. Louis Union Station,38.5451731,-89.8351856,38.629167,-90.2075,2026-01-12,January 12th - Monday,w_0135,0.2,0.1,0.4,0.3,67,"[8877, 8879, 8896, 8900, 8924, 8930, 10012, 10015, 10019, 10053, 10057, 10054, 10061, 10051, 10049, 10048, 10050, 10254, 10256, 10255, 10261, 10280, 10281, 10292, 10293, 10304, 10305, 10310, 10319, 10321, 10320, 10318, 10355, 10358, 10356, 10357, 10336, 10335, 10337, 10330, 2548, 2527, 2525, 2526, 2538, 2540, 2516, 2530, 2534, 2559, 2561, 2840, 2842, 2843, 2845, 2878, 2856, 2857, 2851, 2861, 2862, 2863, 2763, 2762, 2737, 2732, 2715]",0.0390287000045646,success,,50.9572382309983,56.081736039426566,19.57884499260409,17.66845177563161,23.200000000000014,27.20161241739837
stl_midamerica_to_st_louis_union_station_2026-01-12_0136,midamerica_to_st_louis_union_station,MidAmerica to St. Louis Union Station,MidAmerica St. Louis Airport,St. Louis Union Station,38.5451731,-89.8351856,38.629167,-90.2075,2026-01-12,January 12th - Monday,w_0136,0.2,0.1,0.5,0.2,69,"[8877, 8861, 8741, 8736, 8738, 8711, 7685, 7681, 7677, 7659, 7634, 7632, 8264, 7621, 7618, 7619, 7620, 7379, 7381, 7380, 7382, 7391, 7390, 7392, 7397, 7399, 7400, 7398, 7497, 7498, 7501, 7505, 7822, 7823, 7837, 7843, 7863, 7890, 7894, 7891, 7613, 7615, 1929, 1932, 1942, 1947, 1969, 1973, 1988, 2002, 2004, 2231, 2006, 2191, 2197, 2196, 2408, 2420, 2424, 2439, 2441, 2456, 2455, 2457, 2376, 2400, 2406, 2404, 2715]",0.03831869998248294,success,,54.84728912068236,60.36298861018475,15.123673677575102,11.970580898194285,32.6,26.090255538891604
stl_midamerica_to_st_louis_union_station_2026-01-12_0137,midamerica_to_st_louis_union_station,MidAmerica to St. Louis Union Station,MidAmerica St. Louis Airport,St. Louis Union Station,38.5451731,-89.8351856,38.629167,-90.2075,2026-01-12,January 12th - Monday,w_0137,0.2,0.1,0.6,0.1,70,"[8877, 8861, 8741, 8736, 8738, 8711, 7685, 7681, 7677, 7659, 7634, 7632, 7629, 7642, 7640, 7641, 7626, 7385, 7386, 7384, 7383, 7393, 7394, 7395, 7402, 7403, 7404, 7401, 7504, 7502, 7501, 7505, 7822, 7823, 7837, 7843, 7863, 7890, 7894, 7891, 7613, 7615, 1929, 1932, 1942, 1947, 1969, 1973, 1988, 2002, 2004, 2231, 2006, 2191, 2197, 2196, 2408, 2420, 2422, 2419, 2423, 2448, 2452, 2451, 2369, 2375, 2377, 2403, 2404, 2715]",0.03828520001843572,success,,54.690557002227294,60.1904947780769,13.538956113848387,11.772522819904566,35.0,23.95550825894296
stl_midamerica_to_st_louis_union_station_2026-01-12_0138,midamerica_to_st_louis_union_station,MidAmerica to St. Louis Union Station,MidAmerica St. Louis Airport,St. Louis Union Station,38.5451731,-89.8351856,38.629167,-90.2075,2026-01-12,January 12th - Monday,w_0138,0.2,0.1,0.7,0.0,68,"[8877, 8876, 8868, 8869, 8870, 8867, 9758, 9759, 9761, 9774, 9773, 9775, 9772, 9764, 9765, 9762, 9763, 9946, 9945, 9944, 9947, 9965, 9963, 9962, 9930, 9931, 9928, 9929, 9839, 9837, 9836, 9821, 7905, 9824, 9826, 9825, 9844, 9847, 9849, 9846, 1959, 1958, 1937, 1947, 1969, 1973, 1988, 2002, 2004, 2231, 2006, 2191, 2197, 2196, 2408, 2420, 2422, 2419, 2423, 2448, 2452, 2451, 2369, 2375, 2377, 2403, 2404, 2715]",0.03416909999214113,success,,49.70051061217493,54.69862602328296,24.86878488204083,11.528237278670687,39.0,21.496369787930156
stl_midamerica_to_st_louis_union_station_2026-01-12_0139,midamerica_to_st_louis_union_station,MidAmerica to St. Louis Union Station,MidAmerica St. Louis Airport,St. Louis Union Station,38.5451731,-89.8351856,38.629167,-90.2075,2026-01-12,January 12th - Monday,w_0139,0.2,0.2,0.0,0.6,68,"[8877, 8881, 8904, 8922, 8923, 8927, 9145, 10016, 10018, 10062, 10055, 10058, 10094, 10096, 10103, 10104, 10110, 10109, 10516, 10515, 10514, 10517, 10522, 10299, 10300, 10301, 10309, 10308, 10310, 10343, 10345, 10344, 10342, 10355, 10210, 10208, 10209, 10326, 10328, 10322, 10191, 2276, 2518, 2277, 2509, 2287, 2508, 2286, 2298, 2300, 2301, 2307, 2495, 2820, 2823, 2827, 2849, 2848, 2850, 2837, 2859, 2858, 2860, 2763, 2762, 2737, 2732, 2715]",0.03666789998533204,success,,50.26499556893611,55.319878223015614,14.392523489752,30.736187373124398,22.600000000000012,27.502480342553532
stl_midamerica_to_st_louis_union_station_2026-01-12_0140,midamerica_to_st_louis_union_station,MidAmerica to St. Louis Union Station,MidAmerica St. Louis Airport,St. Louis Union Station,38.5451731,-89.8351856,38.629167,-90.2075,2026-01-12,January 12th - Monday,w_0140,0.2,0.2,0.1,0.5,68,"[8877, 8879, 8896, 8900, 8924, 8930, 10012, 10015, 10018, 10062, 10055, 10058, 10094, 10096, 10103, 10104, 10110, 10109, 10516, 10515, 10514, 10517, 10522, 10299, 10300, 10301, 10311, 10532, 10533, 10349, 10347, 10348, 10346, 10359, 10358, 10356, 10357, 10336, 10335, 10337, 10330, 2548, 2527, 2525, 2526, 2538, 2540, 2516, 2530, 2534, 2559, 2561, 2840, 2839, 2838, 2827, 2849, 2848, 2850, 2837, 2859, 2858, 2860, 2763, 2762, 2737, 2732, 2715]",0.0375147000013385,success,,49.73455725248782,54.73609655271786,15.436905258179973,21.054032264437506,23.200000000000014,27.740003588623324
stl_midamerica_to_st_louis_union_station_2026-01-12_0141,midamerica_to_st_louis_union_station,MidAmerica to St. Louis Union Station,MidAmerica St. Louis Airport,St. Louis Union Station,38.5451731,-89.8351856,38.629167,-90.2075,2026-01-12,January 12th - Monday,w_0141,0.2,0.2,0.2,0.4,68,"[8877, 8879, 8896, 8900, 8924, 8930, 10012, 10015, 10018, 10062, 10055, 10058, 10094, 10096, 10103, 10104, 10110, 10109, 10516, 10515, 10514, 10513, 10298, 10295, 10296, 10297, 10309, 10532, 10533, 10349, 10347, 10348, 10346, 10359, 10358, 10356, 10357, 10336, 10335, 10337, 10330, 2548, 2527, 2525, 2526, 2538, 2540, 2516, 2530, 2534, 2559, 2561, 2840, 2842, 2843, 2845, 2878, 2856, 2857, 2851, 2861, 2862, 2863, 2763, 2762, 2737, 2732, 2715]",0.03891420000582002,success,,51.33422489083622,56.496634238021514,15.091290330778751,18.885971102292107,23.200000000000014,27.374779134218485
stl_midamerica_to_st_louis_union_station_2026-01-12_0142,midamerica_to_st_louis_union_station,MidAmerica to St. Louis Union Station,MidAmerica St. Louis Airport,St. Louis Union Station,38.5451731,-89.8351856,38.629167,-90.2075,2026-01-12,January 12th - Monday,w_0142,0.2,0.2,0.3,0.3,68,"[8877, 8879, 8896, 8900, 8924, 8930, 10012, 10015, 10018, 10062, 10055, 10058, 10094, 10096, 10103, 10104, 10110, 10109, 10516, 10515, 10514, 10513, 10298, 10299, 10524, 10529, 10538, 10539, 10537, 10367, 10364, 10365, 10366, 10376, 10360, 10361, 10373, 10336, 10335, 10337, 10330, 2548, 2527, 2525, 2526, 2538, 2540, 2516, 2530, 2534, 2559, 2561, 2840, 2842, 2843, 2845, 2878, 2856, 2857, 2851, 2861, 2862, 2863, 2763, 2762, 2737, 2732, 2715]",0.040275900013512,success,,52.40137179008252,57.671098412228226,14.605229923317884,18.358579376942757,23.200000000000014,26.922839480192053
stl_midamerica_to_st_louis_union_station_2026-01-12_0143,midamerica_to_st_louis_union_station,MidAmerica to St. Louis Union Station,MidAmerica St. Louis Airport,St. Louis Union Station,38.5451731,-89.8351856,38.629167,-90.2075,2026-01-12,January 12th - Monday,w_0143,0.2,0.2,0.4,0.2,68,"[8877, 8861, 8741, 8736, 8738, 8711, 7685, 7681, 7677, 7659, 7634, 7632, 8264, 7621, 7618, 8241, 8244, 7365, 7361, 7363, 7364, 7355, 7354, 7356, 7369, 7371, 7372, 7370, 7460, 7459, 7462, 7461, 7476, 7490, 7492, 7496, 7508, 7512, 7515, 7558, 7557, 7563, 7607, 7591, 7590, 7595, 7593, 1919, 1922, 1926, 1952, 2132, 2136, 2162, 2165, 2182, 2184, 2186, 2421, 2205, 2450, 2451, 2369, 2375, 2377, 2403, 2404, 2715]",0.042136100004427135,success,,54.99735103578173,60.52814145214262,8.47024409322476,14.26115981511115,31.000000000000004,25.704141035117942
stl_midamerica_to_st_louis_union_station_2026-01-12_0144,midamerica_to_st_louis_union_station,MidAmerica to St. Louis Union Station,MidAmerica St. Louis Airport,St. Louis Union Station,38.5451731,-89.8351856,38.629167,-90.2075,2026-01-12,January 12th - Monday,w_0144,0.2,0.2,0.5,0.1,68,"[8877, 8861, 8741, 8736, 8738, 8711, 7685, 7681, 7677, 7659, 7634, 7632, 8264, 7621, 7618, 8241, 8244, 7365, 7361, 7363, 7364, 7355, 7354, 7356, 7369, 7371, 7372, 7370, 7460, 7459, 7462, 7461, 7476, 7490, 7492, 7496, 7508, 7512, 7515, 7558, 7557, 7563, 7607, 7591, 7590, 7595, 7593, 1919, 1922, 1926, 1952, 2132, 2136, 2162, 2165, 2182, 2184, 2186, 2421, 2205, 2450, 2451, 2369, 2375, 2377, 2403, 2404, 2715]",0.035375499981455505,success,,54.99735103578173,60.52814145214262,8.47024409322476,14.26115981511115,31.000000000000004,24.030257016629054
stl_midamerica_to_st_louis_union_station_2026-01-12_0145,midamerica_to_st_louis_union_station,MidAmerica to St. Louis Union Station,MidAmerica St. Louis Airport,St. Louis Union Station,38.5451731,-89.8351856,38.629167,-90.2075,2026-01-12,January 12th - Monday,w_0145,0.2,0.2,0.6,0.0,70,"[8877, 8861, 8741, 8736, 8738, 8711, 7685, 7681, 7677, 7659, 7634, 7632, 7629, 7642, 7640, 7641, 7626, 7385, 7386, 7384, 7383, 7393, 7394, 7395, 7402, 7403, 7404, 7401, 7504, 7502, 7501, 7505, 7822, 7823, 7837, 7843, 7863, 7890, 7894, 7891, 7613, 7615, 1929, 1932, 1942, 1947, 1969, 1973, 1988, 2002, 2004, 2231, 2006, 2191, 2197, 2196, 2408, 2420, 2422, 2419, 2423, 2448, 2452, 2451, 2369, 2375, 2377, 2403, 2404, 2715]",0.03287850000197068,success,,54.690557002227294,60.1904947780769,13.538956113848387,11.772522819904566,35.0,21.8094038703278
stl_midamerica_to_st_louis_union_station_2026-01-12_0146,midamerica_to_st_louis_union_station,MidAmerica to St. Louis Union Station,MidAmerica St. Louis Airport,St. Louis Union Station,38.5451731,-89.8351856,38.629167,-90.2075,2026-01-12,January 12th - Monday,w_0146,0.2,0.3,0.0,0.5,68,"[8877, 8881, 8904, 8922, 8923, 8927, 9145, 10016, 10018, 10062, 10055, 10058, 10094, 10096, 10103, 10104, 10110, 10109, 10516, 10515, 10514, 10517, 10522, 10299, 10300, 10301, 10309, 10308, 10310, 10343, 10345, 10344, 10342, 10355, 10210, 10208, 10209, 10326, 10328, 10322, 10191, 2276, 2518, 2277, 2509, 2287, 2508, 2286, 2298, 2300, 2301, 2307, 2495, 2820, 2823, 2827, 2849, 2848, 2850, 2837, 2859, 2858, 2860, 2763, 2762, 2737, 2732, 2715]",0.035781299986410886,success,,50.26499556893611,55.319878223015614,14.392523489752,30.736187373124398,22.600000000000012,26.68173269152873
stl_midamerica_to_st_louis_union_station_2026-01-12_0147,midamerica_to_st_louis_union_station,MidAmerica to St. Louis Union Station,MidAmerica St. Louis Airport,St. Louis Union Station,38.5451731,-89.8351856,38.629167,-90.2075,2026-01-12,January 12th - Monday,w_0147,0.2,0.3,0.1,0.4,68,"[8877, 8881, 8904, 8922, 8923, 8927, 9145, 10016, 10018, 10062, 10055, 10058, 10094, 10096, 10103, 10104, 10110, 10109, 10516, 10515, 10514, 10517, 10522, 10299, 10300, 10301, 10311, 10532, 10533, 10349, 10347, 10348, 10346, 10359, 10358, 10356, 10352, 10326, 10328, 10329, 10330, 2548, 2527, 2525, 2526, 2538, 2540, 2516, 2530, 2534, 2559, 2561, 2840, 2839, 2838, 2827, 2849, 2848, 2850, 2837, 2859, 2858, 2860, 2763, 2762, 2737, 2732, 2715]",0.03809679998084903,success,,50.26735737118018,55.322477539121145,14.17472578476023,22.960416344335297,23.200000000000014,26.89295487768583
stl_midamerica_to_st_louis_union_station_2026-01-12_0148,midamerica_to_st_louis_union_station,MidAmerica to St. Louis Union Station,MidAmerica St. Louis Airport,St. Louis Union Station,38.5451731,-89.8351856,38.629167,-90.2075,2026-01-12,January 12th - Monday,w_0148,0.2,0.3,0.2,0.3,68,"[8877, 8879, 8896, 8900, 8924, 8930, 10012, 10015, 10018, 10062, 10055, 10058, 10094, 10096, 10103, 10104, 10110, 10109, 10516, 10515, 10514, 10513, 10298, 10295, 10296, 10297, 10309, 10532, 10533, 10349, 10347, 10348, 10346, 10372, 10360, 10361, 10373, 10336, 10335, 10337, 10330, 2548, 2527, 2525, 2526, 2538, 2540, 2516, 2530, 2534, 2559, 2561, 2840, 2842, 2843, 2845, 2878, 2856, 2857, 2851, 2861, 2862, 2863, 2763, 2762, 2737, 2732, 2715]",0.036778499983483925,success,,51.86743730838146,57.08346898597546,14.711578971397389,18.765127186224923,23.200000000000014,26.543192925859298
stl_midamerica_to_st_louis_union_station_2026-01-12_0149,midamerica_to_st_louis_union_station,MidAmerica to St. Louis Union Station,MidAmerica St. Louis Airport,St. Louis Union Station,38.5451731,-89.8351856,38.629167,-90.2075,2026-01-12,January 12th - Monday,w_0149,0.2,0.3,0.3,0.2,69,"[8877, 8861, 8741, 8736, 8738, 8711, 7685, 7681, 7677, 7659, 7634, 7632, 8264, 7621, 7618, 8241, 8238, 7358, 7357, 7359, 7360, 7352, 7351, 7353, 7367, 7345, 7346, 7368, 7446, 7445, 7458, 7457, 7468, 7470, 7469, 7471, 7481, 7480, 7483, 7311, 7316, 7542, 7545, 7569, 7571, 7588, 7592, 7593, 1919, 1922, 1926, 1952, 2132, 2136, 2162, 2165, 2182, 2184, 2186, 2421, 2205, 2450, 2451, 2369, 2375, 2377, 2403, 2404, 2715]",0.034796300024027005,success,,55.90139419694476,61.523099414792796,6.851083258865614,14.728693963962357,31.000000000000004,24.978553049806955
stl_midamerica_to_st_louis_union_station_2026-01-12_0150,midamerica_to_st_louis_union_station,MidAmerica to St. Louis Union Station,MidAmerica St. Louis Airport,St. Louis Union Station,38.5451731,-89.8351856,38.629167,-90.2075,2026-01-12,January 12th - Monday,w_0150,0.2,0.3,0.4,0.1,70,"[8877, 8861, 8741, 8736, 8738, 8711, 7685, 7681, 7677, 7659, 7634, 7632, 8264, 7621, 7618, 8241, 8238, 7358, 7357, 7359, 7360, 7352, 7351, 7353, 7367, 7345, 7346, 7368, 7446, 7445, 7458, 7457, 7468, 7470, 7469, 7471, 7481, 7480, 7483, 7311, 7316, 7542, 7545, 7569, 7571, 7575, 7590, 7595, 7593, 1919, 1922, 1926, 1952, 2132, 2136, 2162, 2165, 2182, 2184, 2186, 2421, 2205, 2450, 2451, 2369, 2375, 2377, 2403, 2404, 2715]",0.032776800013380125,success,,56.27587454782296,61.935239258296484,6.897520923281258,14.445896734990729,31.000000000000004,23.33466282263997
stl_midamerica_to_st_louis_union_station_2026-01-12_0151,midamerica_to_st_louis_union_station,MidAmerica to St. Louis Union Station,MidAmerica St. Louis Airport,St. Louis Union Station,38.5451731,-89.8351856,38.629167,-90.2075,2026-01-12,January 12th - Monday,w_0151,0.2,0.3,0.5,0.0,73,"[8877, 8861, 8741, 8736, 8738, 8711, 7685, 7681, 7677, 7659, 7634, 7632, 8264, 7621, 7618, 8241, 8238, 7358, 7357, 7359, 7360, 7352, 7351, 7353, 7367, 7345, 7346, 7368, 7446, 7445, 7458, 7457, 7468, 7470, 7469, 7471, 7481, 7480, 7479, 7286, 7283, 7285, 7308, 7302, 7528, 7531, 7533, 7568, 7572, 7597, 7601, 7604, 1921, 2110, 2115, 2130, 2134, 2135, 2144, 2179, 2180, 2174, 2199, 2203, 2206, 2449, 2345, 2370, 2373, 2398, 2403, 2404, 2715]",0.03339080000296235,success,,57.3973220052774,63.169464708387416,7.2279769245748895,13.576385333078267,32.6,21.590478685589083
stl_midamerica_to_st_louis_union_station_2026-01-12_0152,midamerica_to_st_louis_union_station,MidAmerica to St. Louis Union Station,MidAmerica St. Louis Airport,St. Louis Union Station,38.5451731,-89.8351856,38.629167,-90.2075,2026-01-12,January 12th - Monday,w_0152,0.2,0.4,0.0,0.4,68,"[8877, 8881, 8904, 8922, 8923, 8927, 9145, 10016, 10018, 10062, 10055, 10058, 10094, 10096, 10103, 10104, 10110, 10109, 10516, 10515, 10514, 10517, 10522, 10299, 10300, 10301, 10309, 10308, 10310, 10343, 10345, 10344, 10342, 10355, 10210, 10208, 10209, 10326, 10328, 10329, 10327, 2522, 2524, 2523, 2514, 2517, 2515, 2516, 2530, 2534, 2532, 2558, 2840, 2839, 2838, 2827, 2849, 2848, 2850, 2837, 2859, 2858, 2863, 2763, 2762, 2737, 2732, 2715]",0.03500189998885617,success,,49.73368752232152,54.73513935842509,13.815790921044528,28.016384597215513,23.200000000000014,25.753344240102834
stl_midamerica_to_st_louis_union_station_2026-01-12_0153,midamerica_to_st_louis_union_station,MidAmerica to St. Louis Union Station,MidAmerica St. Louis Airport,St. Louis Union Station,38.5451731,-89.8351856,38.629167,-90.2075,2026-01-12,January 12th - Monday,w_0153,0.2,0.4,0.1,0.3,69,"[8877, 8861, 8741, 8736, 8734, 8707, 7682, 7678, 7655, 7635, 7634, 7632, 8264, 7621, 7618, 8241, 8238, 7358, 7357, 7359, 7360, 7352, 7351, 7353, 7367, 7345, 7346, 7368, 7446, 7445, 7458, 7457, 7468, 7470, 7469, 7471, 7481, 7480, 7483, 7311, 7316, 7542, 7545, 7569, 7571, 7588, 7592, 7593, 1919, 1922, 1926, 1952, 2132, 2136, 2162, 2165, 2182, 2184, 2186, 2421, 2205, 2450, 2451, 2369, 2375, 2377, 2403, 2404, 2715]",0.03502469998784363,success,,55.90114578375363,61.52282602001127,6.695675716107603,15.348350914714501,31.000000000000004,25.817670581916747
stl_midamerica_to_st_louis_union_station_2026-01-12_0154,midamerica_to_st_louis_union_station,MidAmerica to St. Louis Union Station,MidAmerica St. Louis Airport,St. Louis Union Station,38.5451731,-89.8351856,38.629167,-90.2075,2026-01-12,January 12th - Monday,w_0154,0.2,0.4,0.2,0.2,69,"[8877, 8861, 8741, 8736, 8738, 8711, 7685, 7681, 7677, 7659, 7634, 7632, 8264, 7621, 7618, 8241, 8238, 7358, 7357, 7359, 7360, 7352, 7351, 7353, 7367, 7345, 7346, 7368, 7446, 7445, 7458, 7457, 7468, 7470, 7469, 7471, 7481, 7480, 7483, 7311, 7316, 7542, 7545, 7569, 7571, 7588, 7592, 7593, 1919, 1922, 1926, 1952, 2132, 2136, 2162, 2165, 2182, 2184, 2186, 2421, 2205, 2450, 2451, 2369, 2375, 2377, 2403, 2404, 2715]",0.033447800000431016,success,,55.90139419694476,61.523099414792796,6.851083258865614,14.728693963962357,31.000000000000004,24.19079197929728
stl_midamerica_to_st_louis_union_station_2026-01-12_0155,midamerica_to_st_louis_union_station,MidAmerica to St. Louis Union Station,MidAmerica St. Louis Airport,St. Louis Union Station,38.5451731,-89.8351856,38.629167,-90.2075,2026-01-12,January 12th - Monday,w_0155,0.2,0.4,0.3,0.1,69,"[8877, 8861, 8741, 8736, 8738, 8711, 7685, 7681, 7677, 7659, 7634, 7632, 8264, 7621, 7618, 8241, 8238, 7358, 7357, 7359, 7360, 7352, 7351, 7353, 7367, 7345, 7346, 7368, 7446, 7445, 7458, 7457, 7468, 7470, 7469, 7471, 7481, 7480, 7483, 7311, 7316, 7542, 7545, 7569, 7571, 7588, 7592, 7593, 1919, 1922, 1926, 1952, 2132, 2136, 2162, 2165, 2182, 2184, 2186, 2421, 2205, 2450, 2451, 2369, 2375, 2377, 2403, 2404, 2715]",0.031006000004708767,success,,55.90139419694476,61.523099414792796,6.851083258865614,14.728693963962357,31.000000000000004,22.563661375693513
stl_midamerica_to_st_louis_union_station_2026-01-12_0156,midamerica_to_st_louis_union_station,MidAmerica to St. Louis Union Station,MidAmerica St. Louis Airport,St. Louis Union Station,38.5451731,-89.8351856,38.629167,-90.2075,2026-01-12,January 12th - Monday,w_0156,0.2,0.4,0.4,0.0,73,"[8877, 8861, 8741, 8736, 8738, 8711, 7685, 7681, 7677, 7659, 7634, 7632, 8264, 7621, 7618, 8241, 8238, 7358, 7357, 7359, 7360, 7352, 7351, 7353, 7367, 7345, 7346, 7368, 7446, 7445, 7458, 7457, 7468, 7470, 7469, 7471, 7481, 7480, 7479, 7286, 7283, 7285, 7308, 7302, 7528, 7531, 7533, 7568, 7572, 7597, 7601, 7604, 1921, 2110, 2115, 2130, 2134, 2135, 2144, 2179, 2180, 2174, 2199, 2203, 2206, 2449, 2451, 2369, 2375, 2377, 2403, 2404, 2715]",0.031021000002510846,success,,57.39737573569113,63.16952384218243,6.8947761571534905,13.826855248389794,33.0,20.922557330653802
stl_midamerica_to_st_louis_union_station_2026-01-12_0157,midamerica_to_st_louis_union_station,MidAmerica to St. Louis Union Station,MidAmerica St. Louis Airport,St. Louis Union Station,38.5451731,-89.8351856,38.629167,-90.2075,2026-01-12,January 12th - Monday,w_0157,0.2,0.5,0.0,0.3,71,"[8877, 8881, 8905, 8906, 8933, 8929, 9143, 9146, 9173, 10020, 10063, 10068, 10070, 10095, 10099, 10422, 10101, 10106, 10104, 10110, 10109, 10516, 10515, 10514, 10517, 10522, 10299, 10300, 10301, 10309, 10308, 10533, 10363, 10350, 10351, 10366, 10376, 10374, 10379, 10378, 10391, 10402, 10403, 10390, 2577, 2576, 2598, 2575, 2587, 10714, 10713, 10722, 2597, 10723, 2596, 2876, 2875, 2874, 2873, 2885, 2879, 2857, 2851, 2861, 2862, 2863, 2763, 2762, 2737, 2732, 2715]",0.034305699984543025,success,,51.931062132498774,57.15349221948604,10.841515156387741,26.79211635634281,26.00000000000002,24.651456022091082
stl_midamerica_to_st_louis_union_station_2026-01-12_0158,midamerica_to_st_louis_union_station,MidAmerica to St. Louis Union Station,MidAmerica St. Louis Airport,St. Louis Union Station,38.5451731,-89.8351856,38.629167,-90.2075,2026-01-12,January 12th - Monday,w_0158,0.2,0.5,0.1,0.2,69,"[8877, 8861, 8741, 8736, 8734, 8707, 7682, 7678, 7655, 7635, 7634, 7632, 8264, 7621, 7618, 8241, 8238, 7358, 7357, 7359, 7360, 7352, 7351, 7353, 7367, 7345, 7346, 7368, 7446, 7445, 7458, 7457, 7468, 7470, 7469, 7471, 7481, 7480, 7483, 7311, 7316, 7542, 7545, 7569, 7571, 7588, 7592, 7593, 1919, 1922, 1926, 1952, 2132, 2136, 2162, 2165, 2182, 2184, 2186, 2421, 2205, 2450, 2451, 2369, 2375, 2377, 2403, 2404, 2715]",0.03177590001723729,success,,55.90114578375363,61.52282602001127,6.695675716107603,15.348350914714501,31.000000000000004,23.387238153527505
stl_midamerica_to_st_louis_union_station_2026-01-12_0159,midamerica_to_st_louis_union_station,MidAmerica to St. Louis Union Station,MidAmerica St. Louis Airport,St. Louis Union Station,38.5451731,-89.8351856,38.629167,-90.2075,2026-01-12,January 12th - Monday,w_0159,0.2,0.5,0.2,0.1,69,"[8877, 8861, 8741, 8736, 8738, 8711, 7685, 7681, 7677, 7659, 7634, 7632, 8264, 7621, 7618, 8241, 8238, 7358, 7357, 7359, 7360, 7352, 7351, 7353, 7367, 7345, 7346, 7368, 7446, 7445, 7458, 7457, 7468, 7470, 7469, 7471, 7481, 7480, 7483, 7311, 7316, 7542, 7545, 7569, 7571, 7588, 7592, 7593, 1919, 1922, 1926, 1952, 2132, 2136, 2162, 2165, 2182, 2184, 2186, 2421, 2205, 2450, 2451, 2369, 2375, 2377, 2403, 2404, 2715]",0.03033280000090599,success,,55.90139419694476,61.523099414792796,6.851083258865614,14.728693963962357,31.000000000000004,21.77590030518384
stl_midamerica_to_st_louis_union_station_2026-01-12_0160,midamerica_to_st_louis_union_station,MidAmerica to St. Louis Union Station,MidAmerica St. Louis Airport,St. Louis Union Station,38.5451731,-89.8351856,38.629167,-90.2075,2026-01-12,January 12th - Monday,w_0160,0.2,0.5,0.3,0.0,69,"[8877, 8861, 8741, 8736, 8738, 8711, 7685, 7681, 7677, 7659, 7634, 7632, 8264, 7621, 7618, 8241, 8238, 7358, 7357, 7359, 7360, 7352, 7351, 7353, 7367, 7345, 7346, 7368, 7446, 7445, 7458, 7457, 7468, 7470, 7469, 7471, 7481, 7480, 7483, 7311, 7316, 7542, 7545, 7569, 7571, 7588, 7592, 7593, 1919, 1922, 1926, 1952, 2132, 2136, 2162, 2165, 2182, 2184, 2186, 2421, 2205, 2450, 2451, 2369, 2375, 2377, 2403, 2404, 2715]",0.028277199977310374,success,,55.90139419694476,61.523099414792796,6.851083258865614,14.728693963962357,31.000000000000004,20.148769701580076
stl_midamerica_to_st_louis_union_station_2026-01-12_0161,midamerica_to_st_louis_union_station,MidAmerica to St. Louis Union Station,MidAmerica St. Louis Airport,St. Louis Union Station,38.5451731,-89.8351856,38.629167,-90.2075,2026-01-12,January 12th - Monday,w_0161,0.2,0.6,0.0,0.2,68,"[8877, 8861, 8741, 8736, 8734, 8707, 7682, 7678, 7655, 7635, 7630, 7628, 8260, 7617, 8242, 8237, 8235, 7358, 7357, 7359, 7360, 7352, 7351, 7353, 7367, 7345, 7346, 7368, 7446, 7445, 7458, 7457, 7468, 7436, 7435, 7471, 7481, 7482, 7486, 7315, 7540, 7546, 7560, 7574, 7575, 7592, 7593, 1919, 1922, 1926, 1952, 2132, 2136, 2162, 2165, 2182, 2184, 2186, 2419, 2423, 2448, 2452, 2454, 2372, 2399, 2401, 2404, 2715]",0.03170970000792295,success,,55.52680328940044,61.110837896528444,6.531695492477898,22.29661445213761,31.000000000000004,22.341184874792432
stl_midamerica_to_st_louis_union_station_2026-01-12_0162,midamerica_to_st_louis_union_station,MidAmerica to St. Louis Union Station,MidAmerica St. Louis Airport,St. Louis Union Station,38.5451731,-89.8351856,38.629167,-90.2075,2026-01-12,January 12th - Monday,w_0162,0.2,0.6,0.1,0.1,69,"[8877, 8861, 8741, 8736, 8734, 8707, 7682, 7678, 7655, 7635, 7634, 7632, 8264, 7621, 7618, 8241, 8238, 7358, 7357, 7359, 7360, 7352, 7351, 7353, 7367, 7345, 7346, 7368, 7446, 7445, 7458, 7457, 7468, 7470, 7469, 7471, 7481, 7480, 7483, 7311, 7316, 7542, 7545, 7569, 7571, 7588, 7592, 7593, 1919, 1922, 1926, 1952, 2132, 2136, 2162, 2165, 2182, 2184, 2186, 2421, 2205, 2450, 2451, 2369, 2375, 2377, 2403, 2404, 2715]",0.028536600002553314,success,,55.90114578375363,61.52282602001127,6.695675716107603,15.348350914714501,31.000000000000004,20.956805725138267
stl_midamerica_to_st_louis_union_station_2026-01-12_0163,midamerica_to_st_louis_union_station,MidAmerica to St. Louis Union Station,MidAmerica St. Louis Airport,St. Louis Union Station,38.5451731,-89.8351856,38.629167,-90.2075,2026-01-12,January 12th - Monday,w_0163,0.2,0.6,0.2,0.0,69,"[8877, 8861, 8741, 8736, 8738, 8711, 7685, 7681, 7677, 7659, 7634, 7632, 8264, 7621, 7618, 8241, 8238, 7358, 7357, 7359, 7360, 7352, 7351, 7353, 7367, 7345, 7346, 7368, 7446, 7445, 7458, 7457, 7468, 7470, 7469, 7471, 7481, 7480, 7483, 7311, 7316, 7542, 7545, 7569, 7571, 7588, 7592, 7593, 1919, 1922, 1926, 1952, 2132, 2136, 2162, 2165, 2182, 2184, 2186, 2421, 2205, 2450, 2451, 2369, 2375, 2377, 2403, 2404, 2715]",0.02689129998907447,success,,55.90139419694476,61.523099414792796,6.851083258865614,14.728693963962357,31.000000000000004,19.3610086310704
stl_midamerica_to_st_louis_union_station_2026-01-12_0164,midamerica_to_st_louis_union_station,MidAmerica to St. Louis Union Station,MidAmerica St. Louis Airport,St. Louis Union Station,38.5451731,-89.8351856,38.629167,-90.2075,2026-01-12,January 12th - Monday,w_0164,0.2,0.7,0.0,0.1,68,"[8877, 8861, 8741, 8736, 8734, 8707, 7682, 7678, 7655, 7635, 7630, 7628, 8260, 7617, 8242, 8237, 8235, 7358, 7357, 7359, 7360, 7352, 7351, 7353, 7367, 7345, 7346, 7368, 7446, 7445, 7458, 7457, 7468, 7436, 7435, 7471, 7481, 7482, 7486, 7315, 7540, 7546, 7560, 7574, 7575, 7592, 7593, 1919, 1922, 1926, 1952, 2132, 2136, 2162, 2165, 2182, 2184, 2186, 2419, 2423, 2448, 2452, 2454, 2372, 2399, 2401, 2404, 2715]",0.02874780001002364,success,,55.52680328940044,61.110837896528444,6.531695492477898,22.29661445213761,31.000000000000004,19.89435442404022
stl_midamerica_to_st_louis_union_station_2026-01-12_0165,midamerica_to_st_louis_union_station,MidAmerica to St. Louis Union Station,MidAmerica St. Louis Airport,St. Louis Union Station,38.5451731,-89.8351856,38.629167,-90.2075,2026-01-12,January 12th - Monday,w_0165,0.2,0.7,0.1,0.0,69,"[8877, 8861, 8741, 8736, 8734, 8707, 7682, 7678, 7655, 7635, 7634, 7632, 8264, 7621, 7618, 8241, 8238, 7358, 7357, 7359, 7360, 7352, 7351, 7353, 7367, 7345, 7346, 7368, 7446, 7445, 7458, 7457, 7468, 7470, 7469, 7471, 7481, 7480, 7483, 7311, 7316, 7542, 7545, 7569, 7571, 7588, 7592, 7593, 1919, 1922, 1926, 1952, 2132, 2136, 2162, 2165, 2182, 2184, 2186, 2421, 2205, 2450, 2451, 2369, 2375, 2377, 2403, 2404, 2715]",0.026282999984687194,success,,55.90114578375363,61.52282602001127,6.695675716107603,15.348350914714501,31.000000000000004,18.52637329674903
stl_midamerica_to_st_louis_union_station_2026-01-12_0166,midamerica_to_st_louis_union_station,MidAmerica to St. Louis Union Station,MidAmerica St. Louis Airport,St. Louis Union Station,38.5451731,-89.8351856,38.629167,-90.2075,2026-01-12,January 12th - Monday,w_0166,0.2,0.8,0.0,0.0,68,"[8877, 8861, 8741, 8736, 8734, 8707, 7682, 7678, 7655, 7635, 7630, 7628, 8260, 7617, 8242, 8237, 8235, 7358, 7357, 7359, 7360, 7352, 7351, 7353, 7367, 7345, 7346, 7368, 7446, 7445, 7458, 7457, 7468, 7436, 7435, 7471, 7481, 7482, 7486, 7315, 7540, 7546, 7560, 7574, 7575, 7592, 7593, 1919, 1922, 1926, 1952, 2132, 2136, 2162, 2165, 2182, 2184, 2186, 2419, 2423, 2448, 2452, 2454, 2372, 2399, 2401, 2404, 2715]",0.024957999994512647,success,,55.52680328940044,61.110837896528444,6.531695492477898,22.29661445213761,31.000000000000004,17.447523973288007
stl_midamerica_to_st_louis_union_station_2026-01-12_0167,midamerica_to_st_louis_union_station,MidAmerica to St. Louis Union Station,MidAmerica St. Louis Airport,St. Louis Union Station,38.5451731,-89.8351856,38.629167,-90.2075,2026-01-12,January 12th - Monday,w_0167,0.25,0.25,0.25,0.25,68,"[8877, 8879, 8896, 8900, 8924, 8930, 10012, 10015, 10018, 10062, 10055, 10058, 10094, 10096, 10103, 10104, 10110, 10109, 10516, 10515, 10514, 10513, 10298, 10295, 10296, 10297, 10309, 10532, 10533, 10349, 10347, 10348, 10346, 10359, 10358, 10356, 10357, 10336, 10335, 10337, 10330, 2548, 2527, 2525, 2526, 2538, 2540, 2539, 2530, 2534, 2559, 2561, 2840, 2842, 2843, 2845, 2878, 2856, 2857, 2851, 2861, 2862, 2863, 2763, 2762, 2737, 2732, 2715]",0.031908700009807944,success,,50.801244580402006,55.91005493895345,15.091290330778751,18.809573517681535,23.800000000000015,28.402729696853434
stl_midamerica_to_st_louis_union_station_2026-01-12_0168,midamerica_to_st_louis_union_station,MidAmerica to St. Louis Union Station,MidAmerica St. Louis Airport,St. Louis Union Station,38.5451731,-89.8351856,38.629167,-90.2075,2026-01-12,January 12th - Monday,w_0168,0.3,0.0,0.0,0.7,67,"[8877, 8876, 8892, 8897, 8899, 8926, 9788, 10013, 10014, 10036, 10052, 10054, 10061, 10051, 10049, 10048, 10050, 10253, 10252, 10241, 10240, 10248, 10246, 10247, 10245, 10231, 10230, 10262, 10150, 10148, 10149, 10151, 10161, 10159, 10158, 10160, 10166, 10168, 10167, 10169, 2247, 2269, 2268, 2257, 2256, 2254, 2279, 2293, 2296, 2301, 2303, 2491, 2492, 2818, 2496, 2507, 2506, 2828, 2505, 2809, 2811, 2810, 2728, 2730, 2731, 2729, 2715]",0.024425199982943013,success,,46.683328700980354,51.37802221113185,29.474393947782595,26.491951760389814,22.600000000000012,31.23340666333956
stl_midamerica_to_st_louis_union_station_2026-01-12_0169,midamerica_to_st_louis_union_station,MidAmerica to St. Louis Union Station,MidAmerica St. Louis Airport,St. Louis Union Station,38.5451731,-89.8351856,38.629167,-90.2075,2026-01-12,January 12th - Monday,w_0169,0.3,0.0,0.1,0.6,67,"[8877, 8879, 8896, 8900, 8924, 8930, 9788, 10013, 10014, 10036, 10052, 10054, 10061, 10051, 10049, 10048, 10050, 10253, 10252, 10241, 10240, 10248, 10246, 10247, 10251, 10263, 10265, 10264, 10178, 10179, 10177, 10176, 10199, 10198, 10196, 10197, 10185, 10187, 10186, 10184, 2273, 2275, 2274, 2285, 2283, 2284, 2282, 2293, 2296, 2301, 2303, 2491, 2492, 2818, 2496, 2507, 2506, 2828, 2505, 2809, 2811, 2810, 2728, 2730, 2731, 2729, 2715]",0.02612379999482073,success,,46.685109422883414,51.3799820107441,26.259982607857694,24.009684185904092,22.600000000000012,31.37496302181365
stl_midamerica_to_st_louis_union_station_2026-01-12_0170,midamerica_to_st_louis_union_station,MidAmerica to St. Louis Union Station,MidAmerica St. Louis Airport,St. Louis Union Station,38.5451731,-89.8351856,38.629167,-90.2075,2026-01-12,January 12th - Monday,w_0170,0.3,0.0,0.2,0.5,67,"[8877, 8879, 8896, 8900, 8924, 8930, 9788, 10013, 10014, 10036, 10052, 10054, 10061, 10051, 10045, 10044, 10046, 10239, 10237, 10236, 10238, 10243, 10244, 10242, 10221, 10227, 10229, 10228, 10146, 10144, 10147, 10145, 10141, 10152, 10140, 10136, 10114, 10115, 10116, 10117, 2238, 2240, 2241, 2253, 2256, 2281, 2279, 2293, 2296, 2301, 2303, 2491, 2492, 2818, 2496, 2507, 2506, 2828, 2505, 2809, 2811, 2810, 2728, 2730, 2731, 2729, 2715]",0.026245399989420548,success,,48.27991185690914,53.135165224061545,27.78180853590345,20.598592273123025,22.600000000000012,31.360268021843076
stl_midamerica_to_st_louis_union_station_2026-01-12_0171,midamerica_to_st_louis_union_station,MidAmerica to St. Louis Union Station,MidAmerica St. Louis Airport,St. Louis Union Station,38.5451731,-89.8351856,38.629167,-90.2075,2026-01-12,January 12th - Monday,w_0171,0.3,0.0,0.3,0.4,67,"[8877, 8879, 8896, 8900, 8924, 8930, 9788, 10013, 10014, 10036, 10052, 10054, 10061, 10051, 10045, 10044, 10046, 10239, 10237, 10236, 10238, 10243, 10244, 10242, 10221, 10227, 10229, 10228, 10146, 10144, 10147, 10145, 10141, 10138, 10132, 10133, 9910, 10112, 9911, 10113, 2216, 2240, 2241, 2253, 2256, 2281, 2279, 2293, 2296, 2301, 2303, 2491, 2492, 2818, 2496, 2507, 2506, 2828, 2505, 2809, 2811, 2810, 2728, 2730, 2731, 2729, 2715]",0.02847469999687746,success,,48.812248776248204,53.72103642962179,27.370525597590845,19.80248574413994,22.600000000000012,31.097056652128522
stl_midamerica_to_st_louis_union_station_2026-01-12_0172,midamerica_to_st_louis_union_station,MidAmerica to St. Louis Union Station,MidAmerica St. Louis Airport,St. Louis Union Station,38.5451731,-89.8351856,38.629167,-90.2075,2026-01-12,January 12th - Monday,w_0172,0.3,0.0,0.4,0.3,67,"[8877, 8879, 8896, 8900, 8924, 8930, 9788, 10013, 10014, 10036, 10052, 10054, 10061, 10051, 10049, 10048, 10050, 10253, 10252, 10241, 10240, 10249, 10275, 10277, 10293, 10304, 10305, 10306, 10319, 10321, 10320, 10318, 10355, 10358, 10356, 10357, 10336, 10335, 10337, 10330, 2548, 2527, 2525, 2526, 2538, 2540, 2539, 2530, 2534, 2559, 2561, 2840, 2824, 2822, 2821, 2831, 2506, 2828, 2505, 2809, 2811, 2810, 2728, 2730, 2731, 2729, 2715]",0.02857719999155961,success,,48.82230483422528,53.73210377174323,23.717670649380516,18.49302117506202,23.800000000000015,30.65683960154778
stl_midamerica_to_st_louis_union_station_2026-01-12_0173,midamerica_to_st_louis_union_station,MidAmerica to St. Louis Union Station,MidAmerica St. Louis Airport,St. Louis Union Station,38.5451731,-89.8351856,38.629167,-90.2075,2026-01-12,January 12th - Monday,w_0173,0.3,0.0,0.5,0.2,67,"[8877, 8876, 8868, 8869, 8870, 8867, 9758, 9759, 9761, 9774, 9773, 9775, 9772, 9764, 9765, 9762, 9768, 9951, 9950, 9949, 9948, 9965, 9963, 9962, 9930, 9931, 9928, 9929, 9839, 9837, 9833, 9821, 7905, 9824, 9826, 9825, 9844, 9847, 9849, 9846, 1959, 1958, 1937, 1947, 1969, 1973, 1988, 2002, 2004, 2231, 2006, 2191, 2197, 2196, 2408, 2420, 2424, 2439, 2441, 2453, 2455, 2457, 2376, 2400, 2406, 2404, 2715]",0.028635599999688566,success,,49.3263215997551,54.28680681659335,27.06596127334509,11.714190851347986,36.6,29.463137470651997
stl_midamerica_to_st_louis_union_station_2026-01-12_0174,midamerica_to_st_louis_union_station,MidAmerica to St. Louis Union Station,MidAmerica St. Louis Airport,St. Louis Union Station,38.5451731,-89.8351856,38.629167,-90.2075,2026-01-12,January 12th - Monday,w_0174,0.3,0.0,0.6,0.1,67,"[8877, 8876, 8868, 8869, 8870, 8867, 9758, 9759, 9761, 9774, 9773, 9775, 9772, 9764, 9765, 9762, 9768, 9951, 9950, 9949, 9948, 9965, 9963, 9962, 9930, 9931, 9928, 9929, 9839, 9837, 9833, 9821, 7905, 9824, 9826, 9825, 9844, 9847, 9849, 9846, 1959, 1958, 1937, 1947, 1969, 1973, 1988, 2002, 2004, 2231, 2006, 2191, 2197, 2196, 2408, 2420, 2424, 2439, 2441, 2453, 2455, 2457, 2376, 2400, 2406, 2404, 2715]",0.025889100012136623,success,,49.3263215997551,54.28680681659335,27.06596127334509,11.714190851347986,36.6,26.974556555786794
stl_midamerica_to_st_louis_union_station_2026-01-12_0175,midamerica_to_st_louis_union_station,MidAmerica to St. Louis Union Station,MidAmerica St. Louis Airport,St. Louis Union Station,38.5451731,-89.8351856,38.629167,-90.2075,2026-01-12,January 12th - Monday,w_0175,0.3,0.0,0.7,0.0,68,"[8877, 8861, 8741, 8740, 8862, 8739, 7712, 7713, 7714, 9731, 9742, 9743, 9730, 9733, 9721, 9732, 9720, 9915, 7793, 7795, 7796, 7804, 7803, 7805, 7813, 7814, 7811, 7812, 9817, 9816, 9819, 9818, 7904, 7901, 9823, 9822, 9844, 9847, 9849, 9846, 1959, 1958, 1937, 1947, 1969, 1973, 1988, 2002, 2004, 2231, 2006, 2191, 2197, 2196, 2408, 2420, 2424, 2439, 2441, 2453, 2452, 2451, 2369, 2375, 2377, 2403, 2404, 2715]",0.022524100000737235,success,,49.16412296213845,54.108296726632524,28.314873813648262,11.665345646084518,39.0,24.398230970248918
stl_midamerica_to_st_louis_union_station_2026-01-12_0176,midamerica_to_st_louis_union_station,MidAmerica to St. Louis Union Station,MidAmerica St. Louis Airport,St. Louis Union Station,38.5451731,-89.8351856,38.629167,-90.2075,2026-01-12,January 12th - Monday,w_0176,0.3,0.1,0.0,0.6,67,"[8877, 8879, 8896, 8900, 8924, 8930, 10012, 10015, 10019, 10053, 10057, 10054, 10061, 10051, 10049, 10072, 10079, 10284, 10288, 10286, 10289, 10294, 10281, 10292, 10293, 10304, 10303, 10302, 10315, 10316, 10312, 10181, 10203, 10200, 10202, 10201, 10189, 10190, 10188, 10191, 2276, 2518, 2277, 2509, 2287, 2508, 2286, 2298, 2300, 2301, 2307, 2491, 2492, 2818, 2496, 2507, 2506, 2828, 2505, 2809, 2811, 2810, 2728, 2730, 2731, 2729, 2715]",0.025366100016981363,success,,47.22076683153593,51.969507629527335,20.395919900589973,32.67293885555263,22.600000000000012,31.190444278917205
stl_midamerica_to_st_louis_union_station_2026-01-12_0177,midamerica_to_st_louis_union_station,MidAmerica to St. Louis Union Station,MidAmerica St. Louis Airport,St. Louis Union Station,38.5451731,-89.8351856,38.629167,-90.2075,2026-01-12,January 12th - Monday,w_0177,0.3,0.1,0.1,0.5,68,"[8877, 8879, 8896, 8900, 8924, 8930, 10012, 10015, 10018, 10062, 10055, 10058, 10094, 10096, 10103, 10104, 10110, 10109, 10516, 10515, 10514, 10517, 10522, 10299, 10300, 10301, 10311, 10532, 10533, 10349, 10347, 10348, 10346, 10359, 10358, 10356, 10357, 10336, 10335, 10337, 10330, 2548, 2527, 2525, 2526, 2517, 2513, 2286, 2298, 2300, 2301, 2307, 2491, 2492, 2818, 2496, 2507, 2506, 2828, 2505, 2809, 2811, 2810, 2728, 2730, 2731, 2729, 2715]",0.027170599991222844,success,,49.19863461014956,54.14627902711103,18.38123443024171,22.16827780598794,22.600000000000012,31.59883493175628
stl_midamerica_to_st_louis_union_station_2026-01-12_0178,midamerica_to_st_louis_union_station,MidAmerica to St. Louis Union Station,MidAmerica St. Louis Airport,St. Louis Union Station,38.5451731,-89.8351856,38.629167,-90.2075,2026-01-12,January 12th - Monday,w_0178,0.3,0.1,0.2,0.4,67,"[8877, 8879, 8896, 8900, 8924, 8930, 10012, 10015, 10019, 10053, 10057, 10054, 10061, 10051, 10049, 10048, 10050, 10254, 10256, 10255, 10261, 10280, 10281, 10292, 10293, 10304, 10305, 10306, 10319, 10321, 10320, 10318, 10355, 10358, 10356, 10357, 10336, 10335, 10337, 10330, 2548, 2527, 2525, 2526, 2538, 2540, 2516, 2530, 2534, 2559, 2561, 2840, 2839, 2838, 2827, 2849, 2848, 2850, 2837, 2859, 2858, 2860, 2763, 2762, 2737, 2732, 2715]",0.02924390000407584,success,,49.35727673008506,54.32087493936645,19.92445992000531,19.330369531576228,23.200000000000014,31.434782380125718
stl_midamerica_to_st_louis_union_station_2026-01-12_0179,midamerica_to_st_louis_union_station,MidAmerica to St. Louis Union Station,MidAmerica St. Louis Airport,St. Louis Union Station,38.5451731,-89.8351856,38.629167,-90.2075,2026-01-12,January 12th - Monday,w_0179,0.3,0.1,0.3,0.3,67,"[8877, 8879, 8896, 8900, 8924, 8930, 10012, 10015, 10019, 10053, 10057, 10054, 10061, 10051, 10049, 10048, 10050, 10254, 10256, 10255, 10261, 10280, 10281, 10292, 10293, 10304, 10305, 10306, 10319, 10321, 10320, 10318, 10355, 10358, 10356, 10357, 10336, 10335, 10337, 10330, 2548, 2527, 2525, 2526, 2538, 2540, 2539, 2530, 2534, 2559, 2561, 2840, 2842, 2843, 2845, 2878, 2856, 2857, 2851, 2861, 2862, 2863, 2763, 2762, 2737, 2732, 2715]",0.028637399984290823,success,,49.89124998517109,54.90854703823683,19.57884499260409,18.0028918628648,23.800000000000015,30.9713161695909
stl_midamerica_to_st_louis_union_station_2026-01-12_0180,midamerica_to_st_louis_union_station,MidAmerica to St. Louis Union Station,MidAmerica St. Louis Airport,St. Louis Union Station,38.5451731,-89.8351856,38.629167,-90.2075,2026-01-12,January 12th - Monday,w_0180,0.3,0.1,0.4,0.2,67,"[8877, 8879, 8896, 8900, 8924, 8930, 10012, 10015, 10019, 10053, 10057, 10054, 10061, 10051, 10049, 10048, 10050, 10254, 10256, 10255, 10261, 10280, 10281, 10292, 10293, 10304, 10305, 10306, 10319, 10321, 10320, 10318, 10355, 10358, 10356, 10357, 10336, 10335, 10337, 10330, 2548, 2527, 2525, 2526, 2538, 2540, 2539, 2530, 2534, 2559, 2561, 2840, 2842, 2843, 2845, 2878, 2856, 2857, 2851, 2861, 2862, 2863, 2763, 2762, 2737, 2732, 2715]",0.030675699992571026,success,,49.89124998517109,54.90854703823683,19.57884499260409,18.0028918628648,23.800000000000015,30.39160535587738
stl_midamerica_to_st_louis_union_station_2026-01-12_0181,midamerica_to_st_louis_union_station,MidAmerica to St. Louis Union Station,MidAmerica St. Louis Airport,St. Louis Union Station,38.5451731,-89.8351856,38.629167,-90.2075,2026-01-12,January 12th - Monday,w_0181,0.3,0.1,0.5,0.1,67,"[8877, 8876, 8868, 8869, 8870, 8867, 9758, 9759, 9761, 9774, 9773, 9775, 9772, 9764, 9765, 9762, 9768, 9951, 9950, 9949, 9948, 9965, 9963, 9962, 9930, 9931, 9928, 9929, 9839, 9837, 9836, 9821, 7905, 9824, 9826, 9825, 9844, 9847, 9849, 9846, 1959, 1958, 1937, 1947, 1969, 1973, 1988, 2002, 2004, 2231, 2006, 2191, 2197, 2196, 2408, 2420, 2424, 2439, 2441, 2456, 2455, 2457, 2376, 2400, 2406, 2404, 2715]",0.027973899996140972,success,,49.32640180929732,54.28689509238166,26.63514386403748,11.726295356960406,36.6,28.47273059259845
stl_midamerica_to_st_louis_union_station_2026-01-12_0182,midamerica_to_st_louis_union_station,MidAmerica to St. Louis Union Station,MidAmerica St. Louis Airport,St. Louis Union Station,38.5451731,-89.8351856,38.629167,-90.2075,2026-01-12,January 12th - Monday,w_0182,0.3,0.1,0.6,0.0,68,"[8877, 8876, 8868, 8869, 8870, 8867, 9758, 9759, 9761, 9774, 9773, 9775, 9772, 9764, 9765, 9762, 9763, 9946, 9945, 9944, 9947, 9940, 9938, 9939, 9930, 9931, 9928, 9929, 9839, 9837, 9836, 9821, 7905, 9824, 9826, 9825, 9844, 9847, 9849, 9846, 1959, 1958, 1937, 1947, 1969, 1973, 1988, 2002, 2004, 2231, 2006, 2191, 2197, 2196, 2408, 2420, 2422, 2419, 2423, 2448, 2452, 2451, 2369, 2375, 2377, 2403, 2404, 2715]",0.024858000018866733,success,,49.16785446926581,54.11240349153993,24.86878488204083,11.772522819904566,39.0,25.7841132276088
stl_midamerica_to_st_louis_union_station_2026-01-12_0183,midamerica_to_st_louis_union_station,MidAmerica to St. Louis Union Station,MidAmerica St. Louis Airport,St. Louis Union Station,38.5451731,-89.8351856,38.629167,-90.2075,2026-01-12,January 12th - Monday,w_0183,0.3,0.2,0.0,0.5,68,"[8877, 8881, 8904, 8922, 8923, 8927, 9145, 10016, 10018, 10062, 10055, 10058, 10094, 10096, 10103, 10104, 10110, 10109, 10291, 10512, 10290, 10513, 10298, 10295, 10296, 10297, 10307, 10305, 10306, 10319, 10321, 10320, 10318, 10211, 10210, 10208, 10209, 10326, 10328, 10329, 10327, 2522, 2524, 2523, 2514, 2517, 2515, 2516, 2530, 2534, 2532, 2558, 2840, 2839, 2838, 2827, 2849, 2848, 2850, 2837, 2859, 2858, 2860, 2763, 2762, 2737, 2732, 2715]",0.026848600013181567,success,,48.666852135602625,53.561018023900075,14.998679925723389,27.811527557792402,23.200000000000014,30.668041392314706
stl_midamerica_to_st_louis_union_station_2026-01-12_0184,midamerica_to_st_louis_union_station,MidAmerica to St. Louis Union Station,MidAmerica St. Louis Airport,St. Louis Union Station,38.5451731,-89.8351856,38.629167,-90.2075,2026-01-12,January 12th - Monday,w_0184,0.3,0.2,0.1,0.4,68,"[8877, 8879, 8896, 8900, 8924, 8930, 10012, 10015, 10018, 10062, 10055, 10058, 10094, 10096, 10103, 10104, 10110, 10109, 10516, 10515, 10514, 10517, 10522, 10299, 10300, 10301, 10311, 10532, 10533, 10349, 10347, 10348, 10346, 10359, 10358, 10356, 10357, 10336, 10335, 10337, 10330, 2548, 2527, 2525, 2526, 2538, 2540, 2516, 2530, 2534, 2559, 2561, 2840, 2839, 2838, 2827, 2849, 2848, 2850, 2837, 2859, 2858, 2860, 2763, 2762, 2737, 2732, 2715]",0.027776100003393367,success,,49.73455725248782,54.73609655271786,15.436905258179973,21.054032264437506,23.200000000000014,30.89361324389511
stl_midamerica_to_st_louis_union_station_2026-01-12_0185,midamerica_to_st_louis_union_station,MidAmerica to St. Louis Union Station,MidAmerica St. Louis Airport,St. Louis Union Station,38.5451731,-89.8351856,38.629167,-90.2075,2026-01-12,January 12th - Monday,w_0185,0.3,0.2,0.2,0.3,68,"[8877, 8879, 8896, 8900, 8924, 8930, 10012, 10015, 10018, 10062, 10055, 10058, 10094, 10096, 10103, 10104, 10110, 10109, 10516, 10515, 10514, 10513, 10298, 10295, 10296, 10297, 10309, 10532, 10533, 10349, 10347, 10348, 10346, 10359, 10358, 10356, 10357, 10336, 10335, 10337, 10330, 2548, 2527, 2525, 2526, 2538, 2540, 2539, 2530, 2534, 2559, 2561, 2840, 2839, 2838, 2827, 2849, 2848, 2850, 2837, 2859, 2858, 2860, 2763, 2762, 2737, 2732, 2715]",0.029024300019955263,success,,49.734291014881755,54.735803541015,15.436905258179973,20.060653601782388,23.800000000000015,30.660252834296976
stl_midamerica_to_st_louis_union_station_2026-01-12_0186,midamerica_to_st_louis_union_station,MidAmerica to St. Louis Union Station,MidAmerica St. Louis Airport,St. Louis Union Station,38.5451731,-89.8351856,38.629167,-90.2075,2026-01-12,January 12th - Monday,w_0186,0.3,0.2,0.3,0.2,68,"[8877, 8879, 8896, 8900, 8924, 8930, 10012, 10015, 10018, 10062, 10055, 10058, 10094, 10096, 10103, 10104, 10110, 10109, 10516, 10515, 10514, 10513, 10298, 10295, 10296, 10297, 10309, 10532, 10533, 10349, 10347, 10348, 10346, 10359, 10358, 10356, 10357, 10336, 10335, 10337, 10330, 2548, 2527, 2525, 2526, 2538, 2540, 2539, 2530, 2534, 2559, 2561, 2840, 2842, 2843, 2845, 2878, 2856, 2857, 2851, 2861, 2862, 2863, 2763, 2762, 2737, 2732, 2715]",0.02928390001761727,success,,50.801244580402006,55.91005493895345,15.091290330778751,18.809573517681535,23.800000000000015,30.19414660314625
stl_midamerica_to_st_louis_union_station_2026-01-12_0187,midamerica_to_st_louis_union_station,MidAmerica to St. Louis Union Station,MidAmerica St. Louis Airport,St. Louis Union Station,38.5451731,-89.8351856,38.629167,-90.2075,2026-01-12,January 12th - Monday,w_0187,0.3,0.2,0.4,0.1,68,"[8877, 8861, 8741, 8736, 8738, 8711, 7685, 7681, 7677, 7659, 7634, 7632, 8264, 7621, 7618, 8241, 8244, 7365, 7361, 7363, 7364, 7355, 7354, 7356, 7369, 7371, 7372, 7370, 7460, 7459, 7462, 7461, 7476, 7490, 7492, 7496, 7508, 7512, 7515, 7558, 7557, 7563, 7607, 7591, 7590, 7595, 7593, 1919, 1922, 1926, 1952, 2132, 2136, 2162, 2165, 2182, 2184, 2186, 2421, 2205, 2450, 2451, 2369, 2375, 2377, 2403, 2404, 2715]",0.027894699975149706,success,,54.99735103578173,60.52814145214262,8.47024409322476,14.26115981511115,31.000000000000004,28.6569551803322
stl_midamerica_to_st_louis_union_station_2026-01-12_0188,midamerica_to_st_louis_union_station,MidAmerica to St. Louis Union Station,MidAmerica St. Louis Airport,St. Louis Union Station,38.5451731,-89.8351856,38.629167,-90.2075,2026-01-12,January 12th - Monday,w_0188,0.3,0.2,0.5,0.0,70,"[8877, 8861, 8741, 8736, 8738, 8711, 7685, 7681, 7677, 7659, 7634, 7632, 7629, 7642, 7640, 7641, 7626, 7385, 7386, 7384, 7383, 7393, 7394, 7395, 7402, 7403, 7404, 7401, 7504, 7502, 7501, 7505, 7822, 7823, 7837, 7843, 7863, 7890, 7894, 7891, 7613, 7615, 1929, 1932, 1942, 1947, 1969, 1973, 1988, 2002, 2004, 2231, 2006, 2191, 2197, 2196, 2408, 2418, 2422, 2419, 2423, 2448, 2452, 2451, 2369, 2375, 2377, 2403, 2404, 2715]",0.026998099987395108,success,,54.69051824543905,60.190452123725066,13.239039922739343,11.881505158201321,35.0,26.645696200766047
stl_midamerica_to_st_louis_union_station_2026-01-12_0189,midamerica_to_st_louis_union_station,MidAmerica to St. Louis Union Station,MidAmerica St. Louis Airport,St. Louis Union Station,38.5451731,-89.8351856,38.629167,-90.2075,2026-01-12,January 12th - Monday,w_0189,0.3,0.3,0.0,0.4,68,"[8877, 8881, 8904, 8922, 8923, 8927, 9145, 10016, 10018, 10062, 10055, 10058, 10094, 10096, 10103, 10104, 10110, 10109, 10516, 10515, 10514, 10517, 10522, 10299, 10300, 10301, 10309, 10308, 10310, 10343, 10345, 10344, 10342, 10355, 10210, 10208, 10209, 10326, 10328, 10329, 10327, 2522, 2524, 2523, 2514, 2517, 2515, 2516, 2530, 2534, 2532, 2558, 2840, 2839, 2838, 2827, 2849, 2848, 2850, 2837, 2859, 2858, 2860, 2763, 2762, 2737, 2732, 2715]",0.025875599996652454,success,,49.20045512079,54.14828261680189,14.193327193589042,28.016384597215513,23.200000000000014,29.782482943117287
stl_midamerica_to_st_louis_union_station_2026-01-12_0190,midamerica_to_st_louis_union_station,MidAmerica to St. Louis Union Station,MidAmerica St. Louis Airport,St. Louis Union Station,38.5451731,-89.8351856,38.629167,-90.2075,2026-01-12,January 12th - Monday,w_0190,0.3,0.3,0.1,0.3,68,"[8877, 8881, 8904, 8922, 8923, 8927, 9145, 10016, 10018, 10062, 10055, 10058, 10094, 10096, 10103, 10104, 10110, 10109, 10516, 10515, 10514, 10513, 10298, 10295, 10296, 10297, 10307, 10305, 10306, 10319, 10321, 10320, 10318, 10211, 10210, 10208, 10209, 10326, 10328, 10329, 10330, 2548, 2527, 2525, 2526, 2538, 2540, 2539, 2530, 2534, 2559, 2561, 2840, 2839, 2838, 2827, 2849, 2848, 2850, 2837, 2859, 2858, 2860, 2763, 2762, 2737, 2732, 2715]",0.028200500004459172,success,,49.200302750820235,54.14811492379649,14.222697100836623,23.96907355638358,23.800000000000015,30.048150963028295
stl_midamerica_to_st_louis_union_station_2026-01-12_0191,midamerica_to_st_louis_union_station,MidAmerica to St. Louis Union Station,MidAmerica St. Louis Airport,St. Louis Union Station,38.5451731,-89.8351856,38.629167,-90.2075,2026-01-12,January 12th - Monday,w_0191,0.3,0.3,0.2,0.2,69,"[8877, 8861, 8741, 8736, 8738, 8711, 7685, 7681, 7677, 7659, 7634, 7632, 8264, 7621, 7618, 8241, 8244, 7365, 7361, 7363, 7364, 7355, 7354, 7356, 7369, 7371, 7372, 7370, 7460, 7459, 7462, 7461, 7472, 7470, 7469, 7471, 7481, 7480, 7483, 7311, 7316, 7542, 7545, 7569, 7571, 7588, 7592, 7593, 1919, 1922, 1926, 1952, 2132, 2136, 2162, 2165, 2182, 2184, 2186, 2421, 2205, 2450, 2451, 2369, 2375, 2377, 2403, 2404, 2715]",0.027423799998359755,success,,55.370201142565534,60.938487106593755,7.369372727650381,14.728693963962357,31.000000000000004,29.63809674306571
stl_midamerica_to_st_louis_union_station_2026-01-12_0192,midamerica_to_st_louis_union_station,MidAmerica to St. Louis Union Station,MidAmerica St. Louis Airport,St. Louis Union Station,38.5451731,-89.8351856,38.629167,-90.2075,2026-01-12,January 12th - Monday,w_0192,0.3,0.3,0.3,0.1,69,"[8877, 8861, 8741, 8736, 8738, 8711, 7685, 7681, 7677, 7659, 7634, 7632, 8264, 7621, 7618, 8241, 8244, 7365, 7361, 7363, 7364, 7355, 7354, 7356, 7369, 7371, 7372, 7370, 7460, 7459, 7462, 7461, 7472, 7470, 7469, 7471, 7481, 7480, 7483, 7311, 7316, 7542, 7545, 7569, 7571, 7588, 7592, 7593, 1919, 1922, 1926, 1952, 2132, 2136, 2162, 2165, 2182, 2184, 2186, 2421, 2205, 2450, 2451, 2369, 2375, 2377, 2403, 2404, 2715]",0.02712069998960942,success,,55.370201142565534,60.938487106593755,7.369372727650381,14.728693963962357,31.000000000000004,28.010966139461946
stl_midamerica_to_st_louis_union_station_2026-01-12_0193,midamerica_to_st_louis_union_station,MidAmerica to St. Louis Union Station,MidAmerica St. Louis Airport,St. Louis Union Station,38.5451731,-89.8351856,38.629167,-90.2075,2026-01-12,January 12th - Monday,w_0193,0.3,0.3,0.4,0.0,69,"[8877, 8861, 8741, 8736, 8738, 8711, 7685, 7681, 7677, 7659, 7634, 7632, 8264, 7621, 7618, 8241, 8244, 7365, 7361, 7363, 7364, 7355, 7354, 7356, 7369, 7371, 7372, 7370, 7460, 7459, 7462, 7461, 7472, 7470, 7469, 7471, 7481, 7480, 7483, 7311, 7316, 7542, 7545, 7569, 7571, 7588, 7592, 7593, 1919, 1922, 1926, 1952, 2132, 2136, 2162, 2165, 2182, 2184, 2186, 2421, 2205, 2450, 2451, 2369, 2375, 2377, 2403, 2404, 2715]",0.026523300010012463,success,,55.370201142565534,60.938487106593755,7.369372727650381,14.728693963962357,31.000000000000004,26.383835535858182
stl_midamerica_to_st_louis_union_station_2026-01-12_0194,midamerica_to_st_louis_union_station,MidAmerica to St. Louis Union Station,MidAmerica St. Louis Airport,St. Louis Union Station,38.5451731,-89.8351856,38.629167,-90.2075,2026-01-12,January 12th - Monday,w_0194,0.3,0.4,0.0,0.3,68,"[8877, 8881, 8904, 8922, 8923, 8927, 9145, 10016, 10018, 10062, 10055, 10058, 10094, 10096, 10103, 10104, 10110, 10109, 10516, 10515, 10514, 10517, 10522, 10299, 10300, 10301, 10309, 10308, 10310, 10343, 10345, 10344, 10342, 10355, 10210, 10208, 10209, 10326, 10328, 10329, 10327, 2522, 2524, 2523, 2514, 2517, 2515, 2516, 2530, 2534, 2532, 2558, 2840, 2839, 2838, 2827, 2849, 2848, 2850, 2837, 2859, 2858, 2860, 2763, 2762, 2737, 2732, 2715]",0.025528700003633276,success,,49.20045512079,54.14828261680189,14.193327193589042,28.016384597215513,23.200000000000014,28.88181566247619
stl_midamerica_to_st_louis_union_station_2026-01-12_0195,midamerica_to_st_louis_union_station,MidAmerica to St. Louis Union Station,MidAmerica St. Louis Airport,St. Louis Union Station,38.5451731,-89.8351856,38.629167,-90.2075,2026-01-12,January 12th - Monday,w_0195,0.3,0.4,0.1,0.2,69,"[8877, 8861, 8741, 8736, 8734, 8707, 7682, 7678, 7655, 7635, 7634, 7632, 8264, 7621, 7618, 8241, 8238, 7358, 7357, 7359, 7360, 7352, 7351, 7353, 7367, 7345, 7346, 7368, 7446, 7445, 7458, 7457, 7468, 7470, 7469, 7471, 7481, 7480, 7483, 7311, 7316, 7542, 7545, 7569, 7571, 7588, 7592, 7593, 1919, 1922, 1926, 1952, 2132, 2136, 2162, 2165, 2182, 2184, 2186, 2421, 2205, 2450, 2451, 2369, 2375, 2377, 2403, 2404, 2715]",0.028280200000153854,success,,55.90114578375363,61.52282602001127,6.695675716107603,15.348350914714501,31.000000000000004,28.869953183917872
stl_midamerica_to_st_louis_union_station_2026-01-12_0196,midamerica_to_st_louis_union_station,MidAmerica to St. Louis Union Station,MidAmerica St. Louis Airport,St. Louis Union Station,38.5451731,-89.8351856,38.629167,-90.2075,2026-01-12,January 12th - Monday,w_0196,0.3,0.4,0.2,0.1,69,"[8877, 8861, 8741, 8736, 8738, 8711, 7685, 7681, 7677, 7659, 7634, 7632, 8264, 7621, 7618, 8241, 8238, 7358, 7357, 7359, 7360, 7352, 7351, 7353, 7367, 7345, 7346, 7368, 7446, 7445, 7458, 7457, 7468, 7470, 7469, 7471, 7481, 7480, 7483, 7311, 7316, 7542, 7545, 7569, 7571, 7588, 7592, 7593, 1919, 1922, 1926, 1952, 2132, 2136, 2162, 2165, 2182, 2184, 2186, 2421, 2205, 2450, 2451, 2369, 2375, 2377, 2403, 2404, 2715]",0.025051600008737296,success,,55.90139419694476,61.523099414792796,6.851083258865614,14.728693963962357,31.000000000000004,27.24310192077656
stl_midamerica_to_st_louis_union_station_2026-01-12_0197,midamerica_to_st_louis_union_station,MidAmerica to St. Louis Union Station,MidAmerica St. Louis Airport,St. Louis Union Station,38.5451731,-89.8351856,38.629167,-90.2075,2026-01-12,January 12th - Monday,w_0197,0.3,0.4,0.3,0.0,69,"[8877, 8861, 8741, 8736, 8738, 8711, 7685, 7681, 7677, 7659, 7634, 7632, 8264, 7621, 7618, 8241, 8238, 7358, 7357, 7359, 7360, 7352, 7351, 7353, 7367, 7345, 7346, 7368, 7446, 7445, 7458, 7457, 7468, 7470, 7469, 7471, 7481, 7480, 7483, 7311, 7316, 7542, 7545, 7569, 7571, 7588, 7592, 7593, 1919, 1922, 1926, 1952, 2132, 2136, 2162, 2165, 2182, 2184, 2186, 2421, 2205, 2450, 2451, 2369, 2375, 2377, 2403, 2404, 2715]",0.024965799995698035,success,,55.90139419694476,61.523099414792796,6.851083258865614,14.728693963962357,31.000000000000004,25.615971317172793
stl_midamerica_to_st_louis_union_station_2026-01-12_0198,midamerica_to_st_louis_union_station,MidAmerica to St. Louis Union Station,MidAmerica St. Louis Airport,St. Louis Union Station,38.5451731,-89.8351856,38.629167,-90.2075,2026-01-12,January 12th - Monday,w_0198,0.3,0.5,0.0,0.2,71,"[8877, 8881, 8905, 8906, 8933, 8929, 9143, 9146, 9173, 10020, 10063, 10068, 10070, 10095, 10099, 10422, 10101, 10106, 10104, 10110, 10109, 10516, 10515, 10514, 10517, 10522, 10299, 10300, 10301, 10309, 10308, 10533, 10363, 10350, 10351, 10366, 10376, 10374, 10379, 10614, 10407, 10410, 10411, 10408, 2604, 2605, 2606, 2603, 10715, 10714, 10713, 10722, 2597, 10723, 2596, 2876, 2875, 2874, 2873, 2885, 2879, 2857, 2851, 2861, 2862, 2863, 2763, 2762, 2737, 2732, 2715]",0.025828200014075264,success,,51.93172241795522,57.15421890633103,10.48185737943066,26.68981908575578,26.600000000000023,27.707194361614643
stl_midamerica_to_st_louis_union_station_2026-01-12_0199,midamerica_to_st_louis_union_station,MidAmerica to St. Louis Union Station,MidAmerica St. Louis Airport,St. Louis Union Station,38.5451731,-89.8351856,38.629167,-90.2075,2026-01-12,January 12th - Monday,w_0199,0.3,0.5,0.1,0.1,69,"[8877, 8861, 8741, 8736, 8734, 8707, 7682, 7678, 7655, 7635, 7634, 7632, 8264, 7621, 7618, 8241, 8238, 7358, 7357, 7359, 7360, 7352, 7351, 7353, 7367, 7345, 7346, 7368, 7446, 7445, 7458, 7457, 7468, 7470, 7469, 7471, 7481, 7480, 7483, 7311, 7316, 7542, 7545, 7569, 7571, 7588, 7592, 7593, 1919, 1922, 1926, 1952, 2132, 2136, 2162, 2165, 2182, 2184, 2186, 2421, 2205, 2450, 2451, 2369, 2375, 2377, 2403, 2404, 2715]",0.025410499976715073,success,,55.90114578375363,61.52282602001127,6.695675716107603,15.348350914714501,31.000000000000004,26.439520755528633
stl_midamerica_to_st_louis_union_station_2026-01-12_0200,midamerica_to_st_louis_union_station,MidAmerica to St. Louis Union Station,MidAmerica St. Louis Airport,St. Louis Union Station,38.5451731,-89.8351856,38.629167,-90.2075,2026-01-12,January 12th - Monday,w_0200,0.3,0.5,0.2,0.0,69,"[8877, 8861, 8741, 8736, 8738, 8711, 7685, 7681, 7677, 7659, 7634, 7632, 8264, 7621, 7618, 8241, 8238, 7358, 7357, 7359, 7360, 7352, 7351, 7353, 7367, 7345, 7346, 7368, 7446, 7445, 7458, 7457, 7468, 7470, 7469, 7471, 7481, 7480, 7483, 7311, 7316, 7542, 7545, 7569, 7571, 7588, 7592, 7593, 1919, 1922, 1926, 1952, 2132, 2136, 2162, 2165, 2182, 2184, 2186, 2421, 2205, 2450, 2451, 2369, 2375, 2377, 2403, 2404, 2715]",0.023215900000650436,success,,55.90139419694476,61.523099414792796,6.851083258865614,14.728693963962357,31.000000000000004,24.82821024666312
stl_midamerica_to_st_louis_union_station_2026-01-12_0201,midamerica_to_st_louis_union_station,MidAmerica to St. Louis Union Station,MidAmerica St. Louis Airport,St. Louis Union Station,38.5451731,-89.8351856,38.629167,-90.2075,2026-01-12,January 12th - Monday,w_0201,0.3,0.6,0.0,0.1,68,"[8877, 8861, 8741, 8736, 8734, 8707, 7682, 7678, 7655, 7635, 7630, 7628, 8260, 7617, 8242, 8237, 8235, 7358, 7357, 7359, 7360, 7352, 7351, 7353, 7367, 7345, 7346, 7368, 7446, 7445, 7458, 7457, 7468, 7436, 7435, 7471, 7481, 7482, 7486, 7315, 7540, 7546, 7560, 7574, 7575, 7592, 7593, 1919, 1922, 1926, 1952, 2132, 2136, 2162, 2165, 2182, 2184, 2186, 2419, 2423, 2448, 2452, 2454, 2372, 2399, 2401, 2404, 2715]",0.02382000000216067,success,,55.52680328940044,61.110837896528444,6.531695492477898,22.29661445213761,31.000000000000004,25.352268664445273
stl_midamerica_to_st_louis_union_station_2026-01-12_0202,midamerica_to_st_louis_union_station,MidAmerica to St. Louis Union Station,MidAmerica St. Louis Airport,St. Louis Union Station,38.5451731,-89.8351856,38.629167,-90.2075,2026-01-12,January 12th - Monday,w_0202,0.3,0.6,0.1,0.0,69,"[8877, 8861, 8741, 8736, 8734, 8707, 7682, 7678, 7655, 7635, 7634, 7632, 8264, 7621, 7618, 8241, 8238, 7358, 7357, 7359, 7360, 7352, 7351, 7353, 7367, 7345, 7346, 7368, 7446, 7445, 7458, 7457, 7468, 7470, 7469, 7471, 7481, 7480, 7483, 7311, 7316, 7542, 7545, 7569, 7571, 7588, 7592, 7593, 1919, 1922, 1926, 1952, 2132, 2136, 2162, 2165, 2182, 2184, 2186, 2421, 2205, 2450, 2451, 2369, 2375, 2377, 2403, 2404, 2715]",0.021585800015600398,success,,55.90114578375363,61.52282602001127,6.695675716107603,15.348350914714501,31.000000000000004,24.009088327139395
stl_midamerica_to_st_louis_union_station_2026-01-12_0203,midamerica_to_st_louis_union_station,MidAmerica to St. Louis Union Station,MidAmerica St. Louis Airport,St. Louis Union Station,38.5451731,-89.8351856,38.629167,-90.2075,2026-01-12,January 12th - Monday,w_0203,0.3,0.7,0.0,0.0,68,"[8877, 8861, 8741, 8736, 8734, 8707, 7682, 7678, 7655, 7635, 7630, 7628, 8260, 7617, 8242, 8237, 8235, 7358, 7357, 7359, 7360, 7352, 7351, 7353, 7367, 7345, 7346, 7368, 7446, 7445, 7458, 7457, 7468, 7436, 7435, 7471, 7481, 7482, 7486, 7315, 7540, 7546, 7560, 7574, 7575, 7592, 7593, 1919, 1922, 1926, 1952, 2132, 2136, 2162, 2165, 2182, 2184, 2186, 2419, 2423, 2448, 2452, 2454, 2372, 2399, 2401, 2404, 2715]",0.02008149999892339,success,,55.52680328940044,61.110837896528444,6.531695492477898,22.29661445213761,31.000000000000004,22.90543821369306
stl_midamerica_to_st_louis_union_station_2026-01-12_0204,midamerica_to_st_louis_union_station,MidAmerica to St. Louis Union Station,MidAmerica St. Louis Airport,St. Louis Union Station,38.5451731,-89.8351856,38.629167,-90.2075,2026-01-12,January 12th - Monday,w_0204,0.4,0.0,0.0,0.6,67,"[8877, 8876, 8892, 8897, 8899, 8926, 9788, 10013, 10014, 10036, 10052, 10054, 10061, 10051, 10049, 10048, 10050, 10253, 10252, 10241, 10240, 10248, 10246, 10247, 10245, 10231, 10230, 10262, 10150, 10148, 10149, 10151, 10161, 10159, 10158, 10160, 10166, 10168, 10167, 10169, 2247, 2269, 2268, 2257, 2256, 2254, 2279, 2293, 2296, 2301, 2303, 2491, 2492, 2818, 2496, 2507, 2506, 2828, 2505, 2809, 2811, 2810, 2728, 2730, 2731, 2729, 2715]",0.016819999989820644,success,,46.683328700980354,51.37802221113185,29.474393947782595,26.491951760389814,22.600000000000012,34.11120888445275
stl_midamerica_to_st_louis_union_station_2026-01-12_0205,midamerica_to_st_louis_union_station,MidAmerica to St. Louis Union Station,MidAmerica St. Louis Airport,St. Louis Union Station,38.5451731,-89.8351856,38.629167,-90.2075,2026-01-12,January 12th - Monday,w_0205,0.4,0.0,0.1,0.5,67,"[8877, 8879, 8896, 8900, 8924, 8930, 9788, 10013, 10014, 10036, 10052, 10054, 10061, 10051, 10049, 10048, 10050, 10253, 10252, 10241, 10240, 10248, 10246, 10247, 10251, 10263, 10265, 10264, 10178, 10179, 10177, 10176, 10199, 10198, 10196, 10197, 10185, 10187, 10186, 10184, 2273, 2275, 2274, 2285, 2283, 2284, 2282, 2293, 2296, 2301, 2303, 2491, 2492, 2818, 2496, 2507, 2506, 2828, 2505, 2809, 2811, 2810, 2728, 2730, 2731, 2729, 2715]",0.01930080002057366,success,,46.685109422883414,51.3799820107441,26.259982607857694,24.009684185904092,22.600000000000012,34.252961222888054
stl_midamerica_to_st_louis_union_station_2026-01-12_0206,midamerica_to_st_louis_union_station,MidAmerica to St. Louis Union Station,MidAmerica St. Louis Airport,St. Louis Union Station,38.5451731,-89.8351856,38.629167,-90.2075,2026-01-12,January 12th - Monday,w_0206,0.4,0.0,0.2,0.4,67,"[8877, 8879, 8896, 8900, 8924, 8930, 9788, 10013, 10014, 10036, 10052, 10054, 10061, 10051, 10049, 10048, 10050, 10253, 10252, 10241, 10240, 10248, 10246, 10247, 10251, 10263, 10265, 10264, 10178, 10179, 10177, 10176, 10199, 10198, 10196, 10197, 10170, 10182, 10171, 10183, 2270, 2272, 2271, 2278, 2280, 2281, 2279, 2293, 2296, 2301, 2303, 2491, 2492, 2818, 2496, 2507, 2506, 2828, 2505, 2809, 2811, 2810, 2728, 2730, 2731, 2729, 2715]",0.02045670000370592,success,,47.21754341592104,51.96596005218729,27.176975232885955,22.533730432198265,22.600000000000012,34.33313010731458
stl_midamerica_to_st_louis_union_station_2026-01-12_0207,midamerica_to_st_louis_union_station,MidAmerica to St. Louis Union Station,MidAmerica St. Louis Airport,St. Louis Union Station,38.5451731,-89.8351856,38.629167,-90.2075,2026-01-12,January 12th - Monday,w_0207,0.4,0.0,0.3,0.3,67,"[8877, 8879, 8896, 8900, 8924, 8930, 9788, 10013, 10014, 10036, 10052, 10054, 10061, 10051, 10049, 10048, 10050, 10253, 10252, 10241, 10240, 10249, 10275, 10277, 10293, 10304, 10305, 10306, 10319, 10321, 10320, 10318, 10355, 10358, 10356, 10357, 10336, 10335, 10337, 10330, 2548, 2527, 2525, 2526, 2538, 2540, 2539, 2530, 2529, 2528, 2531, 2495, 2497, 2818, 2496, 2507, 2506, 2828, 2505, 2809, 2811, 2810, 2728, 2730, 2731, 2729, 2715]",0.02147869998589158,success,,47.2224444496242,51.97135395672377,25.382248354096067,20.52101636384861,23.800000000000015,34.08484649184409
stl_midamerica_to_st_louis_union_station_2026-01-12_0208,midamerica_to_st_louis_union_station,MidAmerica to St. Louis Union Station,MidAmerica St. Louis Airport,St. Louis Union Station,38.5451731,-89.8351856,38.629167,-90.2075,2026-01-12,January 12th - Monday,w_0208,0.4,0.0,0.4,0.2,67,"[8877, 8876, 8868, 8869, 8870, 8867, 9758, 9759, 9761, 9774, 9773, 9775, 9772, 9764, 9765, 9762, 9768, 9951, 9950, 9949, 9948, 9965, 9963, 9962, 9955, 9954, 9952, 9953, 9874, 9873, 9875, 9872, 9855, 9853, 9858, 9860, 9868, 9869, 9904, 9909, 2216, 2240, 2241, 2253, 2256, 2281, 2279, 2293, 2296, 2301, 2303, 2491, 2492, 2818, 2496, 2507, 2506, 2828, 2505, 2809, 2811, 2810, 2728, 2730, 2731, 2729, 2715]",0.022094300016760826,success,,47.204850395963156,51.951990562875594,27.90725598067202,18.080441657218895,26.600000000000026,33.3329728880378
stl_midamerica_to_st_louis_union_station_2026-01-12_0209,midamerica_to_st_louis_union_station,MidAmerica to St. Louis Union Station,MidAmerica St. Louis Airport,St. Louis Union Station,38.5451731,-89.8351856,38.629167,-90.2075,2026-01-12,January 12th - Monday,w_0209,0.4,0.0,0.5,0.1,67,"[8877, 8861, 8864, 8865, 8866, 8863, 7715, 7716, 9752, 9731, 9742, 9743, 9730, 9733, 9721, 9732, 9720, 9915, 7793, 7795, 7796, 7804, 7803, 7805, 7813, 7814, 7811, 7812, 9817, 9816, 9819, 9818, 7904, 7901, 9823, 9822, 9844, 9847, 9849, 9846, 1959, 1958, 1937, 1947, 1969, 1973, 1988, 2002, 2004, 2231, 2006, 2191, 2197, 2196, 2408, 2420, 2424, 2439, 2441, 2453, 2455, 2457, 2376, 2400, 2406, 2404, 2715]",0.020395400002598763,success,,48.2575149002104,53.11051592482024,28.87709922351457,12.244001587098158,37.6,31.12620716347718
stl_midamerica_to_st_louis_union_station_2026-01-12_0210,midamerica_to_st_louis_union_station,MidAmerica to St. Louis Union Station,MidAmerica St. Louis Airport,St. Louis Union Station,38.5451731,-89.8351856,38.629167,-90.2075,2026-01-12,January 12th - Monday,w_0210,0.4,0.0,0.6,0.0,68,"[8877, 8861, 8864, 8865, 8866, 8863, 7715, 7716, 9752, 9731, 9742, 9743, 9730, 9733, 9721, 9732, 9720, 9915, 7793, 7795, 7796, 7804, 7803, 7805, 7813, 7814, 7811, 7812, 9817, 9816, 9819, 9818, 7904, 7901, 9823, 9822, 9844, 9847, 9849, 9846, 1959, 1958, 1937, 1947, 1969, 1973, 1988, 2002, 2004, 2231, 2006, 2191, 2197, 2196, 2408, 2420, 2424, 2439, 2441, 2453, 2452, 2451, 2369, 2375, 2377, 2403, 2404, 2715]",0.018407900002785027,success,,48.63208816089428,53.52275802157347,28.01697475788585,11.95087084060081,39.0,28.579625712989873
stl_midamerica_to_st_louis_union_station_2026-01-12_0211,midamerica_to_st_louis_union_station,MidAmerica to St. Louis Union Station,MidAmerica St. Louis Airport,St. Louis Union Station,38.5451731,-89.8351856,38.629167,-90.2075,2026-01-12,January 12th - Monday,w_0211,0.4,0.1,0.0,0.5,67,"[8877, 8879, 8896, 8900, 8924, 8930, 10012, 10015, 10019, 10053, 10057, 10054, 10061, 10051, 10049, 10072, 10079, 10284, 10288, 10286, 10289, 10294, 10281, 10292, 10293, 10304, 10303, 10302, 10315, 10316, 10312, 10181, 10203, 10200, 10202, 10201, 10189, 10190, 10188, 10191, 2276, 2518, 2277, 2509, 2287, 2508, 2286, 2298, 2300, 2301, 2307, 2491, 2492, 2818, 2496, 2507, 2506, 2828, 2505, 2809, 2811, 2810, 2728, 2730, 2731, 2729, 2715]",0.01791570000932552,success,,47.22076683153593,51.969507629527335,20.395919900589973,32.67293885555263,22.600000000000012,34.12739504186994
stl_midamerica_to_st_louis_union_station_2026-01-12_0212,midamerica_to_st_louis_union_station,MidAmerica to St. Louis Union Station,MidAmerica St. Louis Airport,St. Louis Union Station,38.5451731,-89.8351856,38.629167,-90.2075,2026-01-12,January 12th - Monday,w_0212,0.4,0.1,0.1,0.4,67,"[8877, 8879, 8896, 8900, 8924, 8930, 10012, 10015, 10019, 10053, 10057, 10054, 10061, 10051, 10049, 10048, 10050, 10253, 10252, 10241, 10240, 10248, 10246, 10247, 10245, 10263, 10265, 10264, 10178, 10179, 10177, 10176, 10199, 10198, 10196, 10197, 10185, 10187, 10186, 10184, 2273, 2275, 2274, 2285, 2283, 2284, 2282, 2298, 2300, 2301, 2307, 2491, 2492, 2818, 2496, 2507, 2506, 2828, 2505, 2809, 2811, 2810, 2728, 2730, 2731, 2729, 2715]",0.020842199999606237,success,,46.68538012994255,51.380279941369096,24.737316447045853,24.518396139591832,22.600000000000012,34.517683235211415
stl_midamerica_to_st_louis_union_station_2026-01-12_0213,midamerica_to_st_louis_union_station,MidAmerica to St. Louis Union Station,MidAmerica St. Louis Airport,St. Louis Union Station,38.5451731,-89.8351856,38.629167,-90.2075,2026-01-12,January 12th - Monday,w_0213,0.4,0.1,0.2,0.3,67,"[8877, 8879, 8896, 8900, 8924, 8930, 10012, 10015, 10019, 10053, 10057, 10054, 10061, 10051, 10049, 10048, 10050, 10254, 10256, 10255, 10261, 10280, 10281, 10292, 10293, 10304, 10305, 10306, 10319, 10321, 10320, 10318, 10355, 10358, 10356, 10357, 10336, 10335, 10337, 10330, 2548, 2527, 2525, 2526, 2538, 2540, 2539, 2530, 2529, 2528, 2531, 2495, 2497, 2818, 2496, 2507, 2506, 2828, 2505, 2809, 2811, 2810, 2728, 2730, 2731, 2729, 2715]",0.021673999988706782,success,,47.22302433574056,51.971992158895624,24.141579534602887,20.52101636384861,23.800000000000015,34.44715808978827
stl_midamerica_to_st_louis_union_station_2026-01-12_0214,midamerica_to_st_louis_union_station,MidAmerica to St. Louis Union Station,MidAmerica St. Louis Airport,St. Louis Union Station,38.5451731,-89.8351856,38.629167,-90.2075,2026-01-12,January 12th - Monday,w_0214,0.4,0.1,0.3,0.2,67,"[8877, 8879, 8896, 8900, 8924, 8930, 10012, 10015, 10019, 10053, 10057, 10054, 10061, 10051, 10049, 10048, 10050, 10254, 10256, 10255, 10261, 10280, 10281, 10292, 10293, 10304, 10305, 10306, 10319, 10321, 10320, 10318, 10355, 10358, 10356, 10357, 10336, 10335, 10337, 10330, 2548, 2527, 2525, 2526, 2538, 2540, 2539, 2530, 2534, 2559, 2561, 2840, 2839, 2838, 2827, 2849, 2834, 2835, 2833, 2813, 2812, 2810, 2728, 2730, 2731, 2729, 2715]",0.02384520001942292,success,,48.8235076031711,53.733427496750245,21.71463450642173,18.60966282630158,23.800000000000015,34.00773329723275
stl_midamerica_to_st_louis_union_station_2026-01-12_0215,midamerica_to_st_louis_union_station,MidAmerica to St. Louis Union Station,MidAmerica St. Louis Airport,St. Louis Union Station,38.5451731,-89.8351856,38.629167,-90.2075,2026-01-12,January 12th - Monday,w_0215,0.4,0.1,0.4,0.1,67,"[8877, 8876, 8868, 8869, 8870, 8867, 9758, 9759, 9761, 9774, 9773, 9775, 9772, 9764, 9765, 9762, 9763, 9946, 9945, 9944, 9947, 9940, 9938, 9939, 9930, 9931, 9928, 9929, 9839, 9837, 9836, 9834, 9827, 9824, 9826, 9825, 9844, 9847, 9849, 9846, 1959, 1958, 1937, 1947, 1969, 1973, 1988, 2002, 2004, 2231, 2229, 2195, 2197, 2196, 2408, 2420, 2422, 2419, 2423, 2448, 2452, 2454, 2372, 2399, 2401, 2404, 2715]",0.02196760001243092,success,,47.728119434940176,52.52788197968439,24.454295782541326,13.211378142251903,38.0,32.54113362702865
stl_midamerica_to_st_louis_union_station_2026-01-12_0216,midamerica_to_st_louis_union_station,MidAmerica to St. Louis Union Station,MidAmerica St. Louis Airport,St. Louis Union Station,38.5451731,-89.8351856,38.629167,-90.2075,2026-01-12,January 12th - Monday,w_0216,0.4,0.1,0.5,0.0,68,"[8877, 8876, 8868, 8869, 8870, 8867, 9758, 9759, 9761, 9774, 9773, 9775, 9772, 9764, 9765, 9762, 9763, 9946, 9945, 9944, 9947, 9940, 9938, 9939, 9930, 9931, 9928, 9929, 9839, 9837, 9836, 9834, 9827, 9824, 9826, 9825, 9844, 9847, 9849, 9846, 1959, 1958, 1937, 1947, 1969, 1973, 1988, 2002, 2004, 2231, 2006, 2191, 2197, 2196, 2408, 2420, 2422, 2419, 2423, 2448, 2452, 2451, 2369, 2375, 2377, 2403, 2404, 2715]",0.020199899998260662,success,,48.63551124812582,53.526525350440245,24.579623410270983,12.232021573364385,39.0,29.98458326788539
stl_midamerica_to_st_louis_union_station_2026-01-12_0217,midamerica_to_st_louis_union_station,MidAmerica to St. Louis Union Station,MidAmerica St. Louis Airport,St. Louis Union Station,38.5451731,-89.8351856,38.629167,-90.2075,2026-01-12,January 12th - Monday,w_0217,0.4,0.2,0.0,0.4,68,"[8877, 8881, 8904, 8922, 8923, 8927, 9145, 10016, 10018, 10062, 10055, 10058, 10094, 10096, 10103, 10104, 10110, 10109, 10291, 10512, 10290, 10513, 10298, 10295, 10296, 10297, 10307, 10305, 10306, 10319, 10321, 10320, 10318, 10211, 10210, 10208, 10209, 10326, 10328, 10329, 10327, 2522, 2524, 2523, 2514, 2517, 2515, 2516, 2530, 2534, 2532, 2558, 2840, 2839, 2838, 2827, 2849, 2848, 2850, 2837, 2859, 2858, 2860, 2763, 2762, 2737, 2732, 2715]",0.021115300012752414,success,,48.666852135602625,53.561018023900075,14.998679925723389,27.811527557792402,23.200000000000014,33.70414319470471
stl_midamerica_to_st_louis_union_station_2026-01-12_0218,midamerica_to_st_louis_union_station,MidAmerica to St. Louis Union Station,MidAmerica St. Louis Airport,St. Louis Union Station,38.5451731,-89.8351856,38.629167,-90.2075,2026-01-12,January 12th - Monday,w_0218,0.4,0.2,0.1,0.3,68,"[8877, 8879, 8896, 8900, 8924, 8930, 10012, 10015, 10018, 10062, 10055, 10058, 10094, 10096, 10103, 10104, 10110, 10109, 10516, 10515, 10514, 10517, 10522, 10299, 10300, 10301, 10311, 10532, 10533, 10349, 10347, 10348, 10346, 10359, 10358, 10356, 10357, 10336, 10335, 10337, 10330, 2548, 2527, 2525, 2526, 2538, 2540, 2539, 2530, 2534, 2559, 2561, 2840, 2839, 2838, 2827, 2849, 2848, 2850, 2837, 2859, 2858, 2860, 2763, 2762, 2737, 2732, 2715]",0.021817499975441024,success,,49.2015769420536,54.1495172536498,15.436905258179973,20.977634679826934,23.800000000000015,33.98495142107861
stl_midamerica_to_st_louis_union_station_2026-01-12_0219,midamerica_to_st_louis_union_station,MidAmerica to St. Louis Union Station,MidAmerica St. Louis Airport,St. Louis Union Station,38.5451731,-89.8351856,38.629167,-90.2075,2026-01-12,January 12th - Monday,w_0219,0.4,0.2,0.2,0.2,68,"[8877, 8879, 8896, 8900, 8924, 8930, 10012, 10015, 10018, 10062, 10055, 10058, 10094, 10096, 10103, 10104, 10110, 10109, 10516, 10515, 10514, 10517, 10522, 10299, 10300, 10301, 10311, 10532, 10533, 10349, 10347, 10348, 10346, 10359, 10358, 10356, 10357, 10336, 10335, 10337, 10330, 2548, 2527, 2525, 2526, 2538, 2540, 2539, 2530, 2534, 2559, 2561, 2840, 2839, 2838, 2827, 2849, 2848, 2850, 2837, 2859, 2858, 2860, 2763, 2762, 2737, 2732, 2715]",0.022965700016357005,success,,49.2015769420536,54.1495172536498,15.436905258179973,20.977634679826934,23.800000000000015,33.702714889061305
stl_midamerica_to_st_louis_union_station_2026-01-12_0220,midamerica_to_st_louis_union_station,MidAmerica to St. Louis Union Station,MidAmerica St. Louis Airport,St. Louis Union Station,38.5451731,-89.8351856,38.629167,-90.2075,2026-01-12,January 12th - Monday,w_0220,0.4,0.2,0.3,0.1,67,"[8877, 8876, 8868, 8869, 8870, 8867, 9753, 9754, 9755, 9744, 9746, 9747, 9745, 9737, 9736, 9734, 9735, 9919, 9916, 9918, 9917, 9935, 9934, 9936, 9930, 9931, 9928, 9929, 9839, 9841, 9875, 9872, 9855, 9853, 9858, 9860, 9902, 9903, 9904, 9905, 2209, 2212, 2214, 1997, 1994, 1995, 1996, 2005, 2004, 2231, 2229, 2195, 2197, 2196, 2408, 2418, 2422, 2419, 2423, 2448, 2452, 2454, 2372, 2399, 2401, 2404, 2715]",0.02339149999897927,success,,46.664297082741484,51.35707668449953,19.414799932775576,16.008807005155337,38.0,33.02843276190153
stl_midamerica_to_st_louis_union_station_2026-01-12_0221,midamerica_to_st_louis_union_station,MidAmerica to St. Louis Union Station,MidAmerica St. Louis Airport,St. Louis Union Station,38.5451731,-89.8351856,38.629167,-90.2075,2026-01-12,January 12th - Monday,w_0221,0.4,0.2,0.4,0.0,68,"[8877, 8876, 8868, 8869, 8870, 8867, 9753, 9754, 9755, 9744, 9746, 9747, 9745, 9737, 9736, 9734, 9735, 9919, 9916, 9918, 9917, 9935, 9934, 9936, 9930, 9931, 9928, 9929, 9839, 9841, 9875, 9872, 9855, 9853, 9858, 9860, 9902, 9903, 9904, 9871, 2208, 1967, 1966, 1976, 1991, 1995, 1996, 2005, 2004, 2231, 2229, 2195, 2197, 2196, 2408, 2418, 2422, 2419, 2423, 2448, 2452, 2451, 2369, 2375, 2377, 2403, 2404, 2715]",0.021951000002445653,success,,47.571322609019965,52.35531693282656,18.884907115430575,15.15997004524015,39.0,30.783096214312803
stl_midamerica_to_st_louis_union_station_2026-01-12_0222,midamerica_to_st_louis_union_station,MidAmerica to St. Louis Union Station,MidAmerica St. Louis Airport,St. Louis Union Station,38.5451731,-89.8351856,38.629167,-90.2075,2026-01-12,January 12th - Monday,w_0222,0.4,0.3,0.0,0.3,68,"[8877, 8881, 8904, 8922, 8923, 8927, 9145, 10016, 10018, 10062, 10055, 10058, 10094, 10096, 10103, 10104, 10110, 10109, 10516, 10515, 10514, 10517, 10522, 10299, 10300, 10301, 10309, 10308, 10310, 10343, 10345, 10344, 10342, 10355, 10210, 10208, 10209, 10326, 10328, 10329, 10327, 2522, 2524, 2523, 2514, 2517, 2515, 2516, 2530, 2534, 2532, 2558, 2840, 2839, 2838, 2827, 2849, 2848, 2850, 2837, 2859, 2858, 2860, 2763, 2762, 2737, 2732, 2715]",0.020436199993127957,success,,49.20045512079,54.14828261680189,14.193327193589042,28.016384597215513,23.200000000000014,32.87731120479747
stl_midamerica_to_st_louis_union_station_2026-01-12_0223,midamerica_to_st_louis_union_station,MidAmerica to St. Louis Union Station,MidAmerica St. Louis Airport,St. Louis Union Station,38.5451731,-89.8351856,38.629167,-90.2075,2026-01-12,January 12th - Monday,w_0223,0.4,0.3,0.1,0.2,68,"[8877, 8881, 8904, 8922, 8923, 8927, 9145, 10016, 10018, 10062, 10055, 10058, 10094, 10096, 10103, 10104, 10110, 10109, 10516, 10515, 10514, 10513, 10298, 10295, 10296, 10297, 10307, 10305, 10306, 10319, 10321, 10320, 10318, 10211, 10210, 10208, 10209, 10326, 10328, 10329, 10330, 2548, 2527, 2525, 2526, 2538, 2540, 2539, 2530, 2534, 2559, 2561, 2840, 2839, 2838, 2827, 2849, 2848, 2850, 2837, 2859, 2858, 2860, 2763, 2762, 2737, 2732, 2715]",0.023354900011327118,success,,49.200302750820235,54.14811492379649,14.222697100836623,23.96907355638358,23.800000000000015,33.082962455407944
stl_midamerica_to_st_louis_union_station_2026-01-12_0224,midamerica_to_st_louis_union_station,MidAmerica to St. Louis Union Station,MidAmerica St. Louis Airport,St. Louis Union Station,38.5451731,-89.8351856,38.629167,-90.2075,2026-01-12,January 12th - Monday,w_0224,0.4,0.3,0.2,0.1,69,"[8877, 8861, 8741, 8736, 8738, 8711, 7685, 7681, 7677, 7659, 7634, 7632, 8264, 7621, 7618, 8241, 8244, 7365, 7361, 7363, 7364, 7355, 7354, 7356, 7369, 7371, 7372, 7370, 7460, 7459, 7462, 7461, 7472, 7470, 7469, 7471, 7481, 7480, 7483, 7311, 7316, 7542, 7545, 7569, 7571, 7588, 7592, 7593, 1919, 1922, 1926, 1952, 2132, 2136, 2162, 2165, 2182, 2184, 2186, 2421, 2205, 2450, 2451, 2369, 2375, 2377, 2403, 2404, 2715]",0.022116499982075766,success,,55.370201142565534,60.938487106593755,7.369372727650381,14.728693963962357,31.000000000000004,32.63194545372509
stl_midamerica_to_st_louis_union_station_2026-01-12_0225,midamerica_to_st_louis_union_station,MidAmerica to St. Louis Union Station,MidAmerica St. Louis Airport,St. Louis Union Station,38.5451731,-89.8351856,38.629167,-90.2075,2026-01-12,January 12th - Monday,w_0225,0.4,0.3,0.3,0.0,68,"[8877, 8861, 8741, 8736, 8738, 8711, 7685, 7681, 7677, 7659, 7634, 7632, 7629, 7642, 7640, 7641, 7626, 7408, 7407, 7409, 7410, 7727, 7396, 7728, 7718, 7717, 7406, 7405, 7828, 7827, 7506, 7505, 7822, 7823, 7837, 7840, 7858, 7859, 7857, 7558, 7557, 7563, 7607, 7591, 7590, 7595, 7593, 1919, 1922, 1926, 1952, 2132, 2136, 2162, 2165, 2182, 2184, 2186, 2421, 2205, 2450, 2451, 2369, 2375, 2377, 2403, 2404, 2715]",0.022446599992690608,success,,52.87307495043194,58.19023824488086,10.981220444783972,14.671997486954911,32.0,30.97206067747401
stl_midamerica_to_st_louis_union_station_2026-01-12_0226,midamerica_to_st_louis_union_station,MidAmerica to St. Louis Union Station,MidAmerica St. Louis Airport,St. Louis Union Station,38.5451731,-89.8351856,38.629167,-90.2075,2026-01-12,January 12th - Monday,w_0226,0.4,0.4,0.0,0.2,68,"[8877, 8881, 8904, 8922, 8923, 8927, 9145, 10016, 10018, 10062, 10055, 10058, 10094, 10096, 10103, 10104, 10110, 10109, 10516, 10515, 10514, 10517, 10522, 10299, 10300, 10301, 10309, 10308, 10310, 10343, 10345, 10344, 10342, 10355, 10210, 10208, 10209, 10326, 10328, 10329, 10327, 2522, 2524, 2523, 2514, 2517, 2515, 2516, 2530, 2534, 2532, 2558, 2840, 2839, 2838, 2827, 2849, 2848, 2850, 2837, 2859, 2858, 2860, 2763, 2762, 2737, 2732, 2715]",0.0195215999847278,success,,49.20045512079,54.14828261680189,14.193327193589042,28.016384597215513,23.200000000000014,31.97664392415638
stl_midamerica_to_st_louis_union_station_2026-01-12_0227,midamerica_to_st_louis_union_station,MidAmerica to St. Louis Union Station,MidAmerica St. Louis Airport,St. Louis Union Station,38.5451731,-89.8351856,38.629167,-90.2075,2026-01-12,January 12th - Monday,w_0227,0.4,0.4,0.1,0.1,69,"[8877, 8861, 8741, 8736, 8734, 8707, 7682, 7678, 7655, 7635, 7634, 7632, 8264, 7621, 7618, 8241, 8244, 7365, 7361, 7363, 7364, 7355, 7354, 7356, 7369, 7371, 7372, 7370, 7460, 7459, 7462, 7461, 7472, 7470, 7469, 7471, 7481, 7480, 7483, 7311, 7316, 7542, 7545, 7569, 7571, 7588, 7592, 7593, 1919, 1922, 1926, 1952, 2132, 2136, 2162, 2165, 2182, 2184, 2186, 2421, 2205, 2450, 2451, 2369, 2375, 2377, 2403, 2404, 2715]",0.022601100004976615,success,,55.36995272937442,60.93821371181223,7.213965184892366,15.348350914714501,31.000000000000004,31.895706650153294
stl_midamerica_to_st_louis_union_station_2026-01-12_0228,midamerica_to_st_louis_union_station,MidAmerica to St. Louis Union Station,MidAmerica St. Louis Airport,St. Louis Union Station,38.5451731,-89.8351856,38.629167,-90.2075,2026-01-12,January 12th - Monday,w_0228,0.4,0.4,0.2,0.0,69,"[8877, 8861, 8741, 8736, 8738, 8711, 7685, 7681, 7677, 7659, 7634, 7632, 8264, 7621, 7618, 8241, 8244, 7365, 7361, 7363, 7364, 7355, 7354, 7356, 7369, 7371, 7372, 7370, 7460, 7459, 7462, 7461, 7472, 7470, 7469, 7471, 7481, 7480, 7483, 7311, 7316, 7542, 7545, 7569, 7571, 7588, 7592, 7593, 1919, 1922, 1926, 1952, 2132, 2136, 2162, 2165, 2182, 2184, 2186, 2421, 2205, 2450, 2451, 2369, 2375, 2377, 2403, 2404, 2715]",0.02042090002214536,success,,55.370201142565534,60.938487106593755,7.369372727650381,14.728693963962357,31.000000000000004,30.26888272649013
stl_midamerica_to_st_louis_union_station_2026-01-12_0229,midamerica_to_st_louis_union_station,MidAmerica to St. Louis Union Station,MidAmerica St. Louis Airport,St. Louis Union Station,38.5451731,-89.8351856,38.629167,-90.2075,2026-01-12,January 12th - Monday,w_0229,0.4,0.5,0.0,0.1,71,"[8877, 8881, 8905, 8906, 8933, 8929, 9143, 9146, 9173, 10020, 10063, 10068, 10070, 10095, 10099, 10422, 10101, 10106, 10104, 10110, 10109, 10516, 10515, 10514, 10517, 10522, 10299, 10300, 10301, 10309, 10308, 10533, 10363, 10350, 10351, 10366, 10376, 10374, 10379, 10614, 10407, 10410, 10411, 10408, 2604, 2605, 2606, 2603, 10715, 10714, 10713, 10722, 2597, 10723, 2596, 2876, 2875, 2874, 2873, 2885, 2879, 2857, 2851, 2861, 2862, 2863, 2763, 2762, 2737, 2732, 2715]",0.020668999990448356,success,,51.93172241795522,57.15421890633103,10.48185737943066,26.68981908575578,26.600000000000023,30.762616252247746
stl_midamerica_to_st_louis_union_station_2026-01-12_0230,midamerica_to_st_louis_union_station,MidAmerica to St. Louis Union Station,MidAmerica St. Louis Airport,St. Louis Union Station,38.5451731,-89.8351856,38.629167,-90.2075,2026-01-12,January 12th - Monday,w_0230,0.4,0.5,0.1,0.0,69,"[8877, 8861, 8741, 8736, 8734, 8707, 7682, 7678, 7655, 7635, 7634, 7632, 8264, 7621, 7618, 8241, 8238, 7358, 7357, 7359, 7360, 7352, 7351, 7353, 7367, 7345, 7346, 7368, 7446, 7445, 7458, 7457, 7468, 7470, 7469, 7471, 7481, 7480, 7483, 7311, 7316, 7542, 7545, 7569, 7571, 7588, 7592, 7593, 1919, 1922, 1926, 1952, 2132, 2136, 2162, 2165, 2182, 2184, 2186, 2421, 2205, 2450, 2451, 2369, 2375, 2377, 2403, 2404, 2715]",0.020194600016111508,success,,55.90114578375363,61.52282602001127,6.695675716107603,15.348350914714501,31.000000000000004,29.49180335752976
stl_midamerica_to_st_louis_union_station_2026-01-12_0231,midamerica_to_st_louis_union_station,MidAmerica to St. Louis Union Station,MidAmerica St. Louis Airport,St. Louis Union Station,38.5451731,-89.8351856,38.629167,-90.2075,2026-01-12,January 12th - Monday,w_0231,0.4,0.6,0.0,0.0,68,"[8877, 8861, 8741, 8736, 8734, 8707, 7682, 7678, 7655, 7635, 7630, 7628, 8260, 7617, 8242, 8237, 8238, 7362, 7361, 7363, 7364, 7355, 7354, 7356, 7369, 7371, 7372, 7370, 7460, 7459, 7462, 7461, 7472, 7470, 7469, 7471, 7481, 7482, 7486, 7315, 7540, 7546, 7560, 7574, 7575, 7592, 7593, 1919, 1922, 1926, 1952, 2132, 2136, 2162, 2165, 2182, 2184, 2186, 2419, 2423, 2448, 2452, 2454, 2372, 2399, 2401, 2404, 2715]",0.018430700001772493,success,,54.99564589804045,60.52626483778836,6.912549796967449,21.998858595449555,31.000000000000004,28.358035813295814
stl_midamerica_to_st_louis_union_station_2026-01-12_0232,midamerica_to_st_louis_union_station,MidAmerica to St. Louis Union Station,MidAmerica St. Louis Airport,St. Louis Union Station,38.5451731,-89.8351856,38.629167,-90.2075,2026-01-12,January 12th - Monday,w_0232,0.5,0.0,0.0,0.5,67,"[8877, 8876, 8892, 8897, 8899, 8926, 9788, 10013, 10014, 10036, 10052, 10054, 10061, 10051, 10049, 10048, 10050, 10253, 10252, 10241, 10240, 10248, 10246, 10247, 10245, 10231, 10230, 10262, 10150, 10148, 10149, 10151, 10161, 10159, 10158, 10160, 10166, 10168, 10167, 10169, 2247, 2269, 2268, 2257, 2256, 2254, 2279, 2293, 2296, 2301, 2303, 2491, 2492, 2818, 2496, 2507, 2506, 2828, 2505, 2809, 2811, 2810, 2728, 2730, 2731, 2729, 2715]",0.013862699997844175,success,,46.683328700980354,51.37802221113185,29.474393947782595,26.491951760389814,22.600000000000012,36.98901110556593
stl_midamerica_to_st_louis_union_station_2026-01-12_0233,midamerica_to_st_louis_union_station,MidAmerica to St. Louis Union Station,MidAmerica St. Louis Airport,St. Louis Union Station,38.5451731,-89.8351856,38.629167,-90.2075,2026-01-12,January 12th - Monday,w_0233,0.5,0.0,0.1,0.4,67,"[8877, 8879, 8896, 8900, 8924, 8930, 9788, 10013, 10014, 10036, 10052, 10054, 10061, 10051, 10049, 10048, 10050, 10253, 10252, 10241, 10240, 10248, 10246, 10247, 10251, 10263, 10265, 10264, 10178, 10179, 10177, 10176, 10199, 10198, 10196, 10197, 10185, 10187, 10186, 10184, 2273, 2275, 2274, 2285, 2283, 2284, 2282, 2293, 2296, 2301, 2303, 2491, 2492, 2818, 2496, 2507, 2506, 2828, 2505, 2809, 2811, 2810, 2728, 2730, 2731, 2729, 2715]",0.015036999975563958,success,,46.685109422883414,51.3799820107441,26.259982607857694,24.009684185904092,22.600000000000012,37.130959423962466
stl_midamerica_to_st_louis_union_station_2026-01-12_0234,midamerica_to_st_louis_union_station,MidAmerica to St. Louis Union Station,MidAmerica St. Louis Airport,St. Louis Union Station,38.5451731,-89.8351856,38.629167,-90.2075,2026-01-12,January 12th - Monday,w_0234,0.5,0.0,0.2,0.3,67,"[8877, 8879, 8896, 8900, 8924, 8930, 9788, 10013, 10014, 10036, 10052, 10054, 10061, 10051, 10049, 10048, 10050, 10253, 10252, 10241, 10240, 10249, 10275, 10277, 10293, 10304, 10305, 10306, 10319, 10321, 10320, 10318, 10355, 10358, 10356, 10357, 10336, 10335, 10337, 10330, 2548, 2527, 2525, 2526, 2538, 2540, 2539, 2530, 2529, 2528, 2531, 2495, 2497, 2818, 2496, 2507, 2506, 2828, 2505, 2809, 2811, 2810, 2728, 2730, 2731, 2729, 2715]",0.01639229999273084,success,,47.2224444496242,51.97135395672377,25.382248354096067,20.52101636384861,23.800000000000015,37.22988025113161
stl_midamerica_to_st_louis_union_station_2026-01-12_0235,midamerica_to_st_louis_union_station,MidAmerica to St. Louis Union Station,MidAmerica St. Louis Airport,St. Louis Union Station,38.5451731,-89.8351856,38.629167,-90.2075,2026-01-12,January 12th - Monday,w_0235,0.5,0.0,0.3,0.2,67,"[8877, 8876, 8868, 8869, 8870, 8867, 9758, 9759, 9761, 9774, 9773, 9775, 9772, 9764, 9765, 9762, 9768, 9951, 9950, 9949, 9948, 9965, 9963, 9962, 9955, 9954, 9952, 9953, 9874, 9873, 9875, 9872, 9855, 9853, 9858, 9860, 9868, 9869, 9904, 9909, 2216, 2240, 2241, 2253, 2256, 2281, 2279, 2293, 2296, 2301, 2303, 2491, 2492, 2818, 2496, 2507, 2506, 2828, 2505, 2809, 2811, 2810, 2728, 2730, 2731, 2729, 2715]",0.018243700003949925,success,,47.204850395963156,51.951990562875594,27.90725598067202,18.080441657218895,26.600000000000026,36.72012777860347
stl_midamerica_to_st_louis_union_station_2026-01-12_0236,midamerica_to_st_louis_union_station,MidAmerica to St. Louis Union Station,MidAmerica St. Louis Airport,St. Louis Union Station,38.5451731,-89.8351856,38.629167,-90.2075,2026-01-12,January 12th - Monday,w_0236,0.5,0.0,0.4,0.1,67,"[8877, 8861, 8864, 8865, 8866, 8863, 7715, 7716, 9752, 9731, 9742, 9743, 9730, 9733, 9721, 9732, 9720, 9915, 7793, 7795, 7796, 7804, 7803, 7805, 7813, 7814, 7811, 7812, 9817, 9816, 9819, 9818, 7904, 7901, 9823, 9822, 9844, 9847, 9849, 9846, 1959, 1958, 1937, 1947, 1969, 1973, 1988, 2002, 2004, 2231, 2229, 2195, 2197, 2196, 2408, 2420, 2424, 2439, 2441, 2453, 2455, 2457, 2376, 2400, 2406, 2404, 2715]",0.016206700005568564,success,,47.724890506328954,52.52432833493536,28.87709922351457,12.717587291857665,37.6,35.10919908421074
stl_midamerica_to_st_louis_union_station_2026-01-12_0237,midamerica_to_st_louis_union_station,MidAmerica to St. Louis Union Station,MidAmerica St. Louis Airport,St. Louis Union Station,38.5451731,-89.8351856,38.629167,-90.2075,2026-01-12,January 12th - Monday,w_0237,0.5,0.0,0.5,0.0,67,"[8877, 8861, 8864, 8865, 8866, 8863, 7715, 7716, 9752, 9731, 9742, 9743, 9730, 9733, 9721, 9732, 9720, 9915, 7793, 7795, 7796, 7804, 7803, 7805, 7813, 7814, 7811, 7812, 9817, 9816, 9819, 9818, 7904, 7901, 9823, 9822, 9844, 9847, 9849, 9846, 1959, 1958, 1937, 1947, 1969, 1973, 1988, 2002, 2004, 2231, 2229, 2195, 2197, 2196, 2408, 2420, 2424, 2439, 2441, 2453, 2455, 2457, 2376, 2400, 2406, 2404, 2715]",0.014790000015636906,success,,47.724890506328954,52.52432833493536,28.87709922351457,12.717587291857665,37.6,32.620957813396515
stl_midamerica_to_st_louis_union_station_2026-01-12_0238,midamerica_to_st_louis_union_station,MidAmerica to St. Louis Union Station,MidAmerica St. Louis Airport,St. Louis Union Station,38.5451731,-89.8351856,38.629167,-90.2075,2026-01-12,January 12th - Monday,w_0238,0.5,0.1,0.0,0.4,67,"[8877, 8879, 8896, 8900, 8924, 8930, 10012, 10015, 10019, 10053, 10057, 10054, 10061, 10051, 10049, 10072, 10079, 10284, 10288, 10286, 10289, 10294, 10281, 10292, 10293, 10304, 10303, 10302, 10315, 10316, 10317, 10314, 10207, 10206, 10204, 10205, 10323, 10324, 10322, 10325, 2520, 2521, 2519, 2510, 2512, 2513, 2511, 2302, 2300, 2301, 2307, 2491, 2492, 2818, 2496, 2507, 2506, 2828, 2505, 2809, 2811, 2810, 2728, 2730, 2731, 2729, 2715]",0.01455690001603216,success,,46.68855540718086,51.383774539312654,19.97466848935391,29.44082056010357,23.200000000000014,36.969354118591724
stl_midamerica_to_st_louis_union_station_2026-01-12_0239,midamerica_to_st_louis_union_station,MidAmerica to St. Louis Union Station,MidAmerica St. Louis Airport,St. Louis Union Station,38.5451731,-89.8351856,38.629167,-90.2075,2026-01-12,January 12th - Monday,w_0239,0.5,0.1,0.1,0.3,67,"[8877, 8879, 8896, 8900, 8924, 8930, 10012, 10015, 10019, 10053, 10057, 10054, 10061, 10051, 10049, 10048, 10050, 10253, 10252, 10241, 10240, 10248, 10246, 10247, 10245, 10263, 10265, 10264, 10178, 10179, 10177, 10176, 10199, 10198, 10196, 10197, 10185, 10187, 10186, 10184, 2273, 2275, 2274, 2285, 2283, 2284, 2282, 2298, 2300, 2301, 2307, 2491, 2492, 2818, 2496, 2507, 2506, 2828, 2505, 2809, 2811, 2810, 2728, 2730, 2731, 2729, 2715]",0.015840900014154613,success,,46.68538012994255,51.380279941369096,24.737316447045853,24.518396139591832,22.600000000000012,37.39571122934832
stl_midamerica_to_st_louis_union_station_2026-01-12_0240,midamerica_to_st_louis_union_station,MidAmerica to St. Louis Union Station,MidAmerica St. Louis Airport,St. Louis Union Station,38.5451731,-89.8351856,38.629167,-90.2075,2026-01-12,January 12th - Monday,w_0240,0.5,0.1,0.2,0.2,67,"[8877, 8879, 8896, 8900, 8924, 8930, 10012, 10015, 10019, 10053, 10057, 10054, 10061, 10051, 10049, 10048, 10050, 10254, 10256, 10255, 10261, 10280, 10281, 10292, 10293, 10304, 10305, 10306, 10319, 10321, 10320, 10318, 10355, 10358, 10356, 10357, 10336, 10335, 10337, 10330, 2548, 2527, 2525, 2526, 2538, 2540, 2539, 2530, 2529, 2528, 2531, 2495, 2497, 2818, 2496, 2507, 2506, 2828, 2505, 2809, 2811, 2810, 2728, 2730, 2731, 2729, 2715]",0.017299800005275756,success,,47.22302433574056,51.971992158895624,24.141579534602887,20.52101636384861,23.800000000000015,37.26435730567783
stl_midamerica_to_st_louis_union_station_2026-01-12_0241,midamerica_to_st_louis_union_station,MidAmerica to St. Louis Union Station,MidAmerica St. Louis Airport,St. Louis Union Station,38.5451731,-89.8351856,38.629167,-90.2075,2026-01-12,January 12th - Monday,w_0241,0.5,0.1,0.3,0.1,67,"[8877, 8876, 8868, 8869, 8870, 8867, 9753, 9754, 9755, 9744, 9746, 9747, 9745, 9737, 9736, 9734, 9735, 9919, 9916, 9918, 9917, 9935, 9934, 9936, 9930, 9931, 9928, 9929, 9839, 9841, 9875, 9872, 9855, 9853, 9858, 9860, 9868, 9869, 9870, 9871, 2208, 1967, 1966, 1976, 1991, 1995, 1996, 2005, 2004, 2231, 2229, 2195, 2197, 2196, 2408, 2420, 2422, 2419, 2423, 2448, 2452, 2454, 2372, 2399, 2401, 2404, 2715]",0.01879550001467578,success,,46.66387160530663,51.35660841906718,20.319653051038678,15.556758571071406,38.0,36.17729708595888
stl_midamerica_to_st_louis_union_station_2026-01-12_0242,midamerica_to_st_louis_union_station,MidAmerica to St. Louis Union Station,MidAmerica St. Louis Airport,St. Louis Union Station,38.5451731,-89.8351856,38.629167,-90.2075,2026-01-12,January 12th - Monday,w_0242,0.5,0.1,0.4,0.0,67,"[8877, 8876, 8868, 8869, 8870, 8867, 9753, 9754, 9755, 9744, 9746, 9747, 9745, 9737, 9736, 9734, 9735, 9919, 9916, 9918, 9917, 9935, 9934, 9936, 9930, 9931, 9928, 9929, 9839, 9841, 9875, 9872, 9855, 9853, 9858, 9860, 9868, 9869, 9870, 9871, 2208, 1967, 1966, 1976, 1991, 1995, 1996, 2005, 2004, 2231, 2229, 2195, 2197, 2196, 2408, 2420, 2422, 2419, 2423, 2448, 2452, 2454, 2372, 2399, 2401, 2404, 2715]",0.016101800021715462,success,,46.66387160530663,51.35660841906718,20.319653051038678,15.556758571071406,38.0,33.93297294306602
stl_midamerica_to_st_louis_union_station_2026-01-12_0243,midamerica_to_st_louis_union_station,MidAmerica to St. Louis Union Station,MidAmerica St. Louis Airport,St. Louis Union Station,38.5451731,-89.8351856,38.629167,-90.2075,2026-01-12,January 12th - Monday,w_0243,0.5,0.2,0.0,0.3,68,"[8877, 8881, 8904, 8922, 8923, 8927, 9145, 10016, 10018, 10062, 10055, 10058, 10094, 10096, 10103, 10080, 10081, 10102, 10284, 10288, 10286, 10289, 10294, 10281, 10292, 10293, 10304, 10303, 10302, 10315, 10316, 10317, 10314, 10207, 10206, 10204, 10205, 10323, 10324, 10322, 10325, 2520, 2521, 2519, 2510, 2512, 2513, 2511, 2302, 2300, 2301, 2307, 2491, 2492, 2818, 2496, 2507, 2506, 2828, 2505, 2809, 2811, 2810, 2728, 2730, 2731, 2729, 2715]",0.015367400017566979,success,,47.063913810070595,51.79688073583798,18.810598615170548,29.169620795290495,23.200000000000014,36.620560090953106
stl_midamerica_to_st_louis_union_station_2026-01-12_0244,midamerica_to_st_louis_union_station,MidAmerica to St. Louis Union Station,MidAmerica St. Louis Airport,St. Louis Union Station,38.5451731,-89.8351856,38.629167,-90.2075,2026-01-12,January 12th - Monday,w_0244,0.5,0.2,0.1,0.2,68,"[8877, 8879, 8896, 8900, 8924, 8930, 10012, 10015, 10018, 10062, 10055, 10058, 10094, 10096, 10103, 10104, 10110, 10109, 10516, 10515, 10514, 10517, 10522, 10299, 10300, 10301, 10311, 10532, 10533, 10349, 10347, 10348, 10346, 10359, 10358, 10356, 10357, 10336, 10335, 10337, 10334, 2551, 2550, 2552, 2549, 2542, 2541, 2543, 2533, 2534, 2559, 2561, 2840, 2839, 2838, 2827, 2849, 2848, 2850, 2837, 2859, 2858, 2860, 2763, 2762, 2737, 2732, 2715]",0.017526999989058822,success,,48.66889342621974,53.56326459623292,15.606094326409817,21.69227691336393,24.400000000000016,36.95207885473482
stl_midamerica_to_st_louis_union_station_2026-01-12_0245,midamerica_to_st_louis_union_station,MidAmerica to St. Louis Union Station,MidAmerica St. Louis Airport,St. Louis Union Station,38.5451731,-89.8351856,38.629167,-90.2075,2026-01-12,January 12th - Monday,w_0245,0.5,0.2,0.2,0.1,67,"[8877, 8876, 8868, 8869, 8870, 8867, 9753, 9754, 9755, 9744, 9746, 9747, 9745, 9737, 9736, 9734, 9735, 9919, 9916, 9918, 9917, 9935, 9934, 9936, 9930, 9931, 9928, 9929, 9839, 9841, 9875, 9876, 9893, 9895, 9900, 9898, 9906, 9907, 9908, 9909, 2213, 2212, 2214, 1997, 1994, 1995, 1996, 2005, 2004, 2231, 2229, 2195, 2197, 2196, 2408, 2418, 2422, 2419, 2423, 2448, 2452, 2454, 2372, 2399, 2401, 2404, 2715]",0.017384100006893277,success,,46.66491569595225,51.357757508343234,18.46111427184015,16.749307871974665,38.0,36.52096318293458
stl_midamerica_to_st_louis_union_station_2026-01-12_0246,midamerica_to_st_louis_union_station,MidAmerica to St. Louis Union Station,MidAmerica St. Louis Airport,St. Louis Union Station,38.5451731,-89.8351856,38.629167,-90.2075,2026-01-12,January 12th - Monday,w_0246,0.5,0.2,0.3,0.0,67,"[8877, 8876, 8868, 8869, 8870, 8867, 9753, 9754, 9755, 9744, 9746, 9747, 9745, 9737, 9736, 9734, 9735, 9919, 9916, 9918, 9917, 9935, 9934, 9936, 9930, 9931, 9928, 9929, 9839, 9841, 9875, 9872, 9855, 9853, 9858, 9860, 9902, 9903, 9904, 9905, 2209, 2212, 2214, 1997, 1994, 1995, 1996, 2005, 2004, 2231, 2229, 2195, 2197, 2196, 2408, 2418, 2422, 2419, 2423, 2448, 2452, 2454, 2372, 2399, 2401, 2404, 2715]",0.01695829999516718,success,,46.664297082741484,51.35707668449953,19.414799932775576,16.008807005155337,38.0,34.36414043035148
stl_midamerica_to_st_louis_union_station_2026-01-12_0247,midamerica_to_st_louis_union_station,MidAmerica to St. Louis Union Station,MidAmerica St. Louis Airport,St. Louis Union Station,38.5451731,-89.8351856,38.629167,-90.2075,2026-01-12,January 12th - Monday,w_0247,0.5,0.3,0.0,0.2,68,"[8877, 8881, 8904, 8922, 8923, 8927, 9145, 10016, 10018, 10062, 10055, 10058, 10094, 10096, 10103, 10104, 10110, 10109, 10291, 10512, 10290, 10513, 10298, 10295, 10296, 10297, 10307, 10305, 10306, 10319, 10321, 10320, 10318, 10211, 10210, 10208, 10209, 10326, 10328, 10329, 10327, 2522, 2524, 2523, 2514, 2517, 2515, 2516, 2530, 2534, 2532, 2558, 2840, 2839, 2838, 2827, 2849, 2848, 2850, 2837, 2859, 2858, 2860, 2763, 2762, 2737, 2732, 2715]",0.016094300022814423,success,,48.666852135602625,53.561018023900075,14.998679925723389,27.811527557792402,23.200000000000014,35.920112989667054
stl_midamerica_to_st_louis_union_station_2026-01-12_0248,midamerica_to_st_louis_union_station,MidAmerica to St. Louis Union Station,MidAmerica St. Louis Airport,St. Louis Union Station,38.5451731,-89.8351856,38.629167,-90.2075,2026-01-12,January 12th - Monday,w_0248,0.5,0.3,0.1,0.1,68,"[8877, 8881, 8904, 8922, 8923, 8927, 9145, 10016, 10018, 10062, 10055, 10058, 10094, 10096, 10103, 10104, 10110, 10109, 10516, 10515, 10514, 10517, 10522, 10299, 10300, 10301, 10311, 10532, 10533, 10349, 10347, 10348, 10346, 10359, 10358, 10356, 10357, 10336, 10335, 10337, 10334, 2551, 2550, 2552, 2549, 2542, 2541, 2543, 2533, 2534, 2559, 2561, 2840, 2839, 2838, 2827, 2849, 2848, 2850, 2837, 2859, 2858, 2860, 2763, 2762, 2737, 2732, 2715]",0.017616800003452227,success,,48.66898450467498,53.5633648339629,15.362723006023746,22.272619582890933,24.400000000000016,36.057761277077674
stl_midamerica_to_st_louis_union_station_2026-01-12_0249,midamerica_to_st_louis_union_station,MidAmerica to St. Louis Union Station,MidAmerica St. Louis Airport,St. Louis Union Station,38.5451731,-89.8351856,38.629167,-90.2075,2026-01-12,January 12th - Monday,w_0249,0.5,0.3,0.2,0.0,67,"[8877, 8876, 8868, 8869, 8870, 8867, 9753, 9754, 9755, 9744, 9746, 9747, 9745, 9737, 9736, 9734, 9735, 9919, 9916, 9918, 9917, 9935, 9934, 9936, 9930, 9931, 9928, 9929, 9839, 9841, 9875, 9876, 9893, 9895, 9900, 9898, 9910, 10112, 9911, 10113, 2216, 2217, 2215, 2221, 2219, 2220, 2218, 2228, 2230, 2231, 2229, 2195, 2197, 2196, 2408, 2418, 2422, 2419, 2423, 2448, 2452, 2454, 2372, 2399, 2401, 2404, 2715]",0.01740119999158196,success,,46.665418867826965,51.358311281531115,18.272511411475733,17.00673389922823,38.0,34.56225584405392
stl_midamerica_to_st_louis_union_station_2026-01-12_0250,midamerica_to_st_louis_union_station,MidAmerica to St. Louis Union Station,MidAmerica St. Louis Airport,St. Louis Union Station,38.5451731,-89.8351856,38.629167,-90.2075,2026-01-12,January 12th - Monday,w_0250,0.5,0.4,0.0,0.1,68,"[8877, 8881, 8904, 8922, 8923, 8927, 9145, 10016, 10018, 10062, 10055, 10058, 10094, 10096, 10103, 10104, 10110, 10109, 10516, 10515, 10514, 10517, 10522, 10299, 10300, 10301, 10309, 10308, 10533, 10363, 10350, 10351, 10362, 10372, 10360, 10361, 10373, 10340, 10338, 10341, 10339, 2555, 2554, 2556, 2553, 2544, 2546, 2545, 2560, 2564, 2567, 2566, 2844, 2842, 2843, 2841, 2854, 2852, 2853, 2851, 2861, 2862, 2863, 2763, 2762, 2737, 2732, 2715]",0.01626049997867085,success,,49.203575913705706,54.15171725122495,13.730163017454618,26.107932488911764,24.400000000000016,35.00792383259433
stl_midamerica_to_st_louis_union_station_2026-01-12_0251,midamerica_to_st_louis_union_station,MidAmerica to St. Louis Union Station,MidAmerica St. Louis Airport,St. Louis Union Station,38.5451731,-89.8351856,38.629167,-90.2075,2026-01-12,January 12th - Monday,w_0251,0.5,0.4,0.1,0.0,67,"[8877, 8876, 8868, 8869, 8870, 8867, 9753, 9754, 9755, 9744, 9746, 9747, 9745, 9737, 9736, 9734, 9735, 9919, 9921, 9944, 9947, 9965, 9963, 9964, 9967, 9960, 9959, 9994, 9885, 9886, 9884, 9887, 9897, 9899, 9900, 9898, 9906, 9907, 9908, 9909, 2213, 2212, 2214, 1997, 1994, 1995, 1996, 2005, 2004, 2007, 2006, 2191, 2194, 2193, 2192, 2418, 2422, 2419, 2423, 2448, 2452, 2454, 2372, 2399, 2401, 2404, 2715]",0.017540000000735745,success,,46.666305178544725,51.359286723793076,17.388188774151747,19.362103791546964,38.0,34.571129250711934
stl_midamerica_to_st_louis_union_station_2026-01-12_0252,midamerica_to_st_louis_union_station,MidAmerica to St. Louis Union Station,MidAmerica St. Louis Airport,St. Louis Union Station,38.5451731,-89.8351856,38.629167,-90.2075,2026-01-12,January 12th - Monday,w_0252,0.5,0.5,0.0,0.0,68,"[8877, 8861, 8741, 8736, 8734, 8707, 7682, 7678, 7655, 7635, 7630, 7628, 8260, 7617, 8242, 8237, 8238, 7362, 7361, 7363, 7364, 7355, 7354, 7356, 7369, 7371, 7372, 7370, 7460, 7459, 7462, 7461, 7472, 7470, 7469, 7471, 7481, 7482, 7486, 7315, 7540, 7546, 7560, 7574, 7575, 7592, 7593, 1919, 1922, 1926, 1952, 2132, 2136, 2162, 2165, 2182, 2184, 2186, 2419, 2423, 2448, 2452, 2454, 2372, 2399, 2401, 2404, 2715]",0.01624269998865202,success,,54.99564589804045,60.52626483778836,6.912549796967449,21.998858595449555,31.000000000000004,33.71940731737791
stl_midamerica_to_st_louis_union_station_2026-01-12_0253,midamerica_to_st_louis_union_station,MidAmerica to St. Louis Union Station,MidAmerica St. Louis Airport,St. Louis Union Station,38.5451731,-89.8351856,38.629167,-90.2075,2026-01-12,January 12th - Monday,w_0253,0.6,0.0,0.0,0.4,67,"[8877, 8876, 8892, 8897, 8899, 8926, 9788, 10013, 10014, 10036, 10052, 10054, 10061, 10051, 10049, 10048, 10050, 10253, 10252, 10241, 10240, 10248, 10246, 10247, 10245, 10231, 10230, 10262, 10150, 10148, 10149, 10151, 10161, 10159, 10158, 10160, 10166, 10168, 10167, 10169, 2247, 2269, 2268, 2257, 2256, 2254, 2279, 2293, 2296, 2301, 2303, 2491, 2492, 2818, 2496, 2507, 2506, 2828, 2505, 2809, 2811, 2810, 2728, 2730, 2731, 2729, 2715]",0.010899799992330372,success,,46.683328700980354,51.37802221113185,29.474393947782595,26.491951760389814,22.600000000000012,39.866813326679114
stl_midamerica_to_st_louis_union_station_2026-01-12_0254,midamerica_to_st_louis_union_station,MidAmerica to St. Louis Union Station,MidAmerica St. Louis Airport,St. Louis Union Station,38.5451731,-89.8351856,38.629167,-90.2075,2026-01-12,January 12th - Monday,w_0254,0.6,0.0,0.1,0.3,67,"[8877, 8879, 8896, 8900, 8924, 8930, 9788, 10013, 10014, 10036, 10052, 10054, 10061, 10051, 10049, 10048, 10050, 10253, 10252, 10241, 10240, 10248, 10246, 10247, 10251, 10263, 10265, 10264, 10178, 10179, 10177, 10176, 10199, 10198, 10196, 10197, 10185, 10187, 10186, 10184, 2273, 2275, 2274, 2285, 2283, 2284, 2282, 2293, 2296, 2301, 2303, 2491, 2492, 2818, 2496, 2507, 2506, 2828, 2505, 2809, 2811, 2810, 2728, 2730, 2731, 2729, 2715]",0.011493099998915568,success,,46.685109422883414,51.3799820107441,26.259982607857694,24.009684185904092,22.600000000000012,40.00895762503687
stl_midamerica_to_st_louis_union_station_2026-01-12_0255,midamerica_to_st_louis_union_station,MidAmerica to St. Louis Union Station,MidAmerica St. Louis Airport,St. Louis Union Station,38.5451731,-89.8351856,38.629167,-90.2075,2026-01-12,January 12th - Monday,w_0255,0.6,0.0,0.2,0.2,67,"[8877, 8876, 8868, 8869, 8870, 8867, 9758, 9759, 9761, 9774, 9773, 9775, 9772, 9764, 9765, 9762, 9768, 9951, 9950, 9949, 9948, 9965, 9963, 9964, 9967, 9960, 9959, 9961, 9880, 9882, 9883, 9881, 9893, 9895, 9900, 9898, 9906, 9907, 9908, 9909, 2216, 2240, 2241, 2253, 2256, 2281, 2279, 2293, 2296, 2301, 2303, 2491, 2492, 2818, 2496, 2507, 2506, 2828, 2505, 2809, 2811, 2810, 2728, 2730, 2731, 2729, 2715]",0.014363700000103563,success,,46.67359092793317,51.367305162158964,26.264681865960355,19.475163454856055,26.600000000000026,40.0354157882666
stl_midamerica_to_st_louis_union_station_2026-01-12_0256,midamerica_to_st_louis_union_station,MidAmerica to St. Louis Union Station,MidAmerica St. Louis Airport,St. Louis Union Station,38.5451731,-89.8351856,38.629167,-90.2075,2026-01-12,January 12th - Monday,w_0256,0.6,0.0,0.3,0.1,67,"[8877, 8876, 8868, 8869, 8870, 8867, 9753, 9754, 9755, 9744, 9746, 9747, 9745, 9737, 9736, 9734, 9735, 9919, 9916, 9918, 9917, 9935, 9934, 9936, 9926, 9922, 7815, 7816, 9820, 9832, 9833, 9821, 7905, 9824, 9826, 9825, 9844, 9847, 9849, 9846, 1959, 1958, 1937, 1947, 1969, 1973, 1988, 2002, 2004, 2231, 2229, 2195, 2197, 2196, 2408, 2420, 2424, 2439, 2441, 2453, 2455, 2457, 2376, 2400, 2406, 2404, 2715]",0.014776500000152737,success,,47.19426731569065,51.94034319863586,25.702908015544576,13.859249137799601,37.6,39.08198066052139
stl_midamerica_to_st_louis_union_station_2026-01-12_0257,midamerica_to_st_louis_union_station,MidAmerica to St. Louis Union Station,MidAmerica St. Louis Airport,St. Louis Union Station,38.5451731,-89.8351856,38.629167,-90.2075,2026-01-12,January 12th - Monday,w_0257,0.6,0.0,0.4,0.0,67,"[8877, 8861, 8864, 8865, 8866, 8863, 7715, 7716, 9752, 9731, 9742, 9743, 9730, 9733, 9721, 9732, 9720, 9915, 7793, 7795, 7796, 7804, 7803, 7805, 7813, 7814, 7811, 7812, 9817, 9816, 9819, 9818, 7904, 7901, 9823, 9822, 9844, 9847, 9849, 9846, 1959, 1958, 1937, 1947, 1969, 1973, 1988, 2002, 2004, 2231, 2229, 2195, 2197, 2196, 2408, 2420, 2424, 2439, 2441, 2453, 2455, 2457, 2376, 2400, 2406, 2404, 2715]",0.012280000024475157,success,,47.724890506328954,52.52432833493536,28.87709922351457,12.717587291857665,37.6,36.60163191770428
stl_midamerica_to_st_louis_union_station_2026-01-12_0258,midamerica_to_st_louis_union_station,MidAmerica to St. Louis Union Station,MidAmerica St. Louis Airport,St. Louis Union Station,38.5451731,-89.8351856,38.629167,-90.2075,2026-01-12,January 12th - Monday,w_0258,0.6,0.1,0.0,0.3,67,"[8877, 8879, 8896, 8900, 8924, 8930, 10012, 10015, 10019, 10053, 10057, 10054, 10061, 10051, 10049, 10072, 10079, 10284, 10288, 10286, 10289, 10294, 10281, 10292, 10293, 10304, 10303, 10302, 10315, 10316, 10317, 10314, 10207, 10206, 10204, 10205, 10323, 10324, 10322, 10325, 2520, 2521, 2519, 2510, 2512, 2513, 2511, 2302, 2300, 2301, 2307, 2491, 2492, 2818, 2496, 2507, 2506, 2828, 2505, 2809, 2811, 2810, 2728, 2730, 2731, 2729, 2715]",0.011497600004076958,success,,46.68855540718086,51.383774539312654,19.97466848935391,29.44082056010357,23.200000000000014,39.78773157252298
stl_midamerica_to_st_louis_union_station_2026-01-12_0259,midamerica_to_st_louis_union_station,MidAmerica to St. Louis Union Station,MidAmerica St. Louis Airport,St. Louis Union Station,38.5451731,-89.8351856,38.629167,-90.2075,2026-01-12,January 12th - Monday,w_0259,0.6,0.1,0.1,0.2,67,"[8877, 8879, 8896, 8900, 8924, 8930, 10012, 10015, 10019, 10053, 10057, 10060, 10092, 10076, 10080, 10081, 10102, 10284, 10283, 10286, 10289, 10298, 10295, 10296, 10297, 10307, 10305, 10306, 10319, 10321, 10320, 10318, 10211, 10353, 10354, 10352, 10331, 10333, 10332, 10330, 2548, 2527, 2525, 2526, 2538, 2540, 2539, 2530, 2529, 2528, 2531, 2495, 2497, 2818, 2496, 2507, 2506, 2828, 2505, 2809, 2811, 2810, 2728, 2730, 2731, 2729, 2715]",0.013590599992312491,success,,46.690803264104396,51.38624845122421,22.751097756270447,23.555627998035934,23.800000000000015,40.22242164616517
stl_midamerica_to_st_louis_union_station_2026-01-12_0260,midamerica_to_st_louis_union_station,MidAmerica to St. Louis Union Station,MidAmerica St. Louis Airport,St. Louis Union Station,38.5451731,-89.8351856,38.629167,-90.2075,2026-01-12,January 12th - Monday,w_0260,0.6,0.1,0.2,0.1,67,"[8877, 8876, 8868, 8869, 8870, 8867, 9753, 9754, 9755, 9744, 9746, 9747, 9745, 9737, 9736, 9734, 9735, 9919, 9916, 9918, 9917, 9935, 9934, 9936, 9930, 9931, 9928, 9929, 9839, 9841, 9875, 9872, 9855, 9853, 9858, 9860, 9902, 9903, 9904, 9909, 2216, 2240, 2241, 2253, 2251, 2254, 2279, 2293, 2296, 2301, 2307, 2491, 2492, 2818, 2496, 2507, 2506, 2828, 2505, 2809, 2811, 2810, 2728, 2730, 2731, 2729, 2715]",0.014613999985158443,success,,46.67054126636544,51.363948812384365,23.54921117730421,19.070559268393303,27.600000000000026,39.747402258839706
stl_midamerica_to_st_louis_union_station_2026-01-12_0261,midamerica_to_st_louis_union_station,MidAmerica to St. Louis Union Station,MidAmerica St. Louis Airport,St. Louis Union Station,38.5451731,-89.8351856,38.629167,-90.2075,2026-01-12,January 12th - Monday,w_0261,0.6,0.1,0.3,0.0,67,"[8877, 8876, 8868, 8869, 8870, 8867, 9753, 9754, 9755, 9744, 9746, 9747, 9745, 9737, 9736, 9734, 9735, 9919, 9916, 9918, 9917, 9935, 9934, 9936, 9930, 9931, 9928, 9929, 9839, 9841, 9875, 9872, 9855, 9853, 9858, 9860, 9868, 9869, 9870, 9871, 2208, 1967, 1966, 1976, 1991, 1995, 1996, 2005, 2004, 2231, 2229, 2195, 2197, 2196, 2408, 2420, 2422, 2419, 2423, 2448, 2452, 2454, 2372, 2399, 2401, 2404, 2715]",0.01247650000732392,success,,46.66387160530663,51.35660841906718,20.319653051038678,15.556758571071406,38.0,37.51295792786559
stl_midamerica_to_st_louis_union_station_2026-01-12_0262,midamerica_to_st_louis_union_station,MidAmerica to St. Louis Union Station,MidAmerica St. Louis Airport,St. Louis Union Station,38.5451731,-89.8351856,38.629167,-90.2075,2026-01-12,January 12th - Monday,w_0262,0.6,0.2,0.0,0.2,67,"[8877, 8879, 8896, 8900, 8924, 8930, 10012, 10015, 10019, 10053, 10057, 10054, 10061, 10051, 10049, 10072, 10079, 10284, 10288, 10286, 10289, 10294, 10281, 10292, 10293, 10304, 10303, 10302, 10315, 10316, 10317, 10314, 10207, 10206, 10204, 10205, 10323, 10324, 10322, 10325, 2520, 2521, 2519, 2510, 2512, 2513, 2511, 2302, 2300, 2301, 2307, 2491, 2492, 2818, 2496, 2507, 2506, 2828, 2505, 2809, 2811, 2810, 2728, 2730, 2731, 2729, 2715]",0.012807899998733774,success,,46.68855540718086,51.383774539312654,19.97466848935391,29.44082056010357,23.200000000000014,39.465198421458375
stl_midamerica_to_st_louis_union_station_2026-01-12_0263,midamerica_to_st_louis_union_station,MidAmerica to St. Louis Union Station,MidAmerica St. Louis Airport,St. Louis Union Station,38.5451731,-89.8351856,38.629167,-90.2075,2026-01-12,January 12th - Monday,w_0263,0.6,0.2,0.1,0.1,67,"[8877, 8876, 8868, 8869, 8870, 8867, 9758, 9759, 9761, 9774, 9773, 9775, 9772, 9769, 9771, 9795, 9801, 10007, 10009, 10232, 10238, 10243, 10244, 10242, 10221, 10227, 10230, 10262, 10173, 10179, 10177, 10176, 10199, 10198, 10196, 10201, 10189, 10190, 10322, 10325, 2520, 2521, 2519, 2510, 2512, 2513, 2511, 2302, 2300, 2301, 2307, 2491, 2492, 2818, 2496, 2507, 2506, 2828, 2505, 2809, 2811, 2810, 2728, 2730, 2731, 2729, 2715]",0.014375700004165992,success,,46.68206373024537,51.376630029033294,19.231086422752313,24.25327669120846,27.200000000000028,39.817522971091286
stl_midamerica_to_st_louis_union_station_2026-01-12_0264,midamerica_to_st_louis_union_station,MidAmerica to St. Louis Union Station,MidAmerica St. Louis Airport,St. Louis Union Station,38.5451731,-89.8351856,38.629167,-90.2075,2026-01-12,January 12th - Monday,w_0264,0.6,0.2,0.2,0.0,67,"[8877, 8876, 8868, 8869, 8870, 8867, 9753, 9754, 9755, 9744, 9746, 9747, 9745, 9737, 9736, 9734, 9735, 9919, 9916, 9918, 9917, 9935, 9934, 9936, 9930, 9931, 9928, 9929, 9839, 9841, 9875, 9876, 9893, 9895, 9900, 9898, 9906, 9907, 9908, 9909, 2213, 2212, 2214, 1997, 1994, 1995, 1996, 2005, 2004, 2231, 2229, 2195, 2197, 2196, 2408, 2418, 2422, 2419, 2423, 2448, 2452, 2454, 2372, 2399, 2401, 2404, 2715]",0.012788899999577552,success,,46.66491569595225,51.357757508343234,18.46111427184015,16.749307871974665,38.0,37.85673893376891
stl_midamerica_to_st_louis_union_station_2026-01-12_0265,midamerica_to_st_louis_union_station,MidAmerica to St. Louis Union Station,MidAmerica St. Louis Airport,St. Louis Union Station,38.5451731,-89.8351856,38.629167,-90.2075,2026-01-12,January 12th - Monday,w_0265,0.6,0.3,0.0,0.1,68,"[8877, 8881, 8904, 8922, 8923, 8927, 9145, 10016, 10018, 10062, 10055, 10058, 10094, 10096, 10103, 10104, 10110, 10109, 10291, 10512, 10290, 10513, 10298, 10295, 10296, 10297, 10307, 10305, 10306, 10319, 10321, 10320, 10318, 10211, 10210, 10208, 10209, 10326, 10328, 10329, 10327, 2522, 2524, 2523, 2514, 2517, 2515, 2516, 2530, 2534, 2532, 2558, 2840, 2839, 2838, 2827, 2849, 2848, 2850, 2837, 2859, 2858, 2860, 2763, 2762, 2737, 2732, 2715]",0.013009599992074072,success,,48.666852135602625,53.561018023900075,14.998679925723389,27.811527557792402,23.200000000000014,38.95621479205706
stl_midamerica_to_st_louis_union_station_2026-01-12_0266,midamerica_to_st_louis_union_station,MidAmerica to St. Louis Union Station,MidAmerica St. Louis Airport,St. Louis Union Station,38.5451731,-89.8351856,38.629167,-90.2075,2026-01-12,January 12th - Monday,w_0266,0.6,0.3,0.1,0.0,67,"[8877, 8876, 8868, 8869, 8870, 8867, 9753, 9754, 9755, 9744, 9746, 9747, 9745, 9737, 9736, 9734, 9735, 9919, 9921, 9944, 9947, 9965, 9963, 9964, 9967, 9960, 9959, 9994, 9885, 9886, 9884, 9887, 9897, 9899, 9900, 9898, 9910, 10112, 9911, 10113, 2216, 2217, 2215, 2221, 2219, 2220, 2218, 2228, 2230, 2231, 2229, 2195, 2197, 2196, 2408, 2418, 2422, 2419, 2423, 2448, 2452, 2454, 2372, 2399, 2401, 2404, 2715]",0.013556999998399988,success,,46.6670407704616,51.36009629026776,17.525726788441403,18.865039518728352,38.0,37.96027976256591
stl_midamerica_to_st_louis_union_station_2026-01-12_0267,midamerica_to_st_louis_union_station,MidAmerica to St. Louis Union Station,MidAmerica St. Louis Airport,St. Louis Union Station,38.5451731,-89.8351856,38.629167,-90.2075,2026-01-12,January 12th - Monday,w_0267,0.6,0.4,0.0,0.0,67,"[8877, 8876, 8868, 8869, 8870, 8867, 9753, 9754, 9755, 9744, 9746, 9747, 9745, 9737, 9736, 9734, 9735, 9919, 9921, 9944, 9947, 9940, 9941, 9962, 9955, 9957, 9959, 9994, 9885, 9886, 9884, 9887, 9897, 9895, 9896, 9894, 9902, 9903, 9904, 9909, 2213, 2212, 2214, 1997, 1994, 1995, 1996, 2005, 2004, 2007, 2006, 2191, 2194, 2193, 2192, 2418, 2422, 2425, 2427, 2453, 2455, 2454, 2372, 2399, 2401, 2404, 2715]",0.012651800003368407,success,,46.66599661404935,51.35894712861125,17.364166724554934,20.54100278625721,38.0,37.761034966988724
stl_midamerica_to_st_louis_union_station_2026-01-12_0268,midamerica_to_st_louis_union_station,MidAmerica to St. Louis Union Station,MidAmerica St. Louis Airport,St. Louis Union Station,38.5451731,-89.8351856,38.629167,-90.2075,2026-01-12,January 12th - Monday,w_0268,0.7,0.0,0.0,0.3,67,"[8877, 8876, 8892, 8897, 8899, 8926, 9788, 10013, 10014, 10036, 10052, 10054, 10061, 10051, 10049, 10048, 10050, 10253, 10252, 10241, 10240, 10248, 10246, 10247, 10245, 10231, 10230, 10262, 10150, 10148, 10149, 10151, 10161, 10159, 10158, 10160, 10166, 10168, 10167, 10169, 2247, 2269, 2268, 2257, 2256, 2254, 2279, 2293, 2296, 2301, 2303, 2491, 2492, 2818, 2496, 2507, 2506, 2828, 2505, 2809, 2811, 2810, 2728, 2730, 2731, 2729, 2715]",0.00851479999255389,success,,46.683328700980354,51.37802221113185,29.474393947782595,26.491951760389814,22.600000000000012,42.74461554779229
stl_midamerica_to_st_louis_union_station_2026-01-12_0269,midamerica_to_st_louis_union_station,MidAmerica to St. Louis Union Station,MidAmerica St. Louis Airport,St. Louis Union Station,38.5451731,-89.8351856,38.629167,-90.2075,2026-01-12,January 12th - Monday,w_0269,0.7,0.0,0.1,0.2,67,"[8877, 8879, 8896, 8900, 8924, 8930, 9788, 10013, 10014, 10036, 10052, 10054, 10061, 10051, 10049, 10048, 10050, 10253, 10252, 10241, 10240, 10248, 10246, 10247, 10251, 10263, 10265, 10264, 10178, 10179, 10177, 10176, 10199, 10198, 10196, 10197, 10185, 10187, 10186, 10184, 2273, 2275, 2274, 2285, 2283, 2284, 2282, 2293, 2296, 2301, 2303, 2491, 2492, 2818, 2496, 2507, 2506, 2828, 2505, 2809, 2811, 2810, 2728, 2730, 2731, 2729, 2715]",0.010581000009551644,success,,46.685109422883414,51.3799820107441,26.259982607857694,24.009684185904092,22.600000000000012,42.88695582611128
stl_midamerica_to_st_louis_union_station_2026-01-12_0270,midamerica_to_st_louis_union_station,MidAmerica to St. Louis Union Station,MidAmerica St. Louis Airport,St. Louis Union Station,38.5451731,-89.8351856,38.629167,-90.2075,2026-01-12,January 12th - Monday,w_0270,0.7,0.0,0.2,0.1,67,"[8877, 8876, 8868, 8869, 8870, 8867, 9753, 9754, 9755, 9744, 9746, 9747, 9745, 9737, 9736, 9734, 9735, 9919, 9916, 9918, 9917, 9935, 9934, 9936, 9930, 9931, 9928, 9929, 9839, 9841, 9875, 9872, 9855, 9853, 9858, 9860, 9868, 9869, 9904, 9909, 2216, 2240, 2241, 2253, 2256, 2281, 2279, 2293, 2296, 2301, 2303, 2491, 2492, 2818, 2496, 2507, 2506, 2828, 2505, 2809, 2811, 2810, 2728, 2730, 2731, 2729, 2715]",0.011125600023660809,success,,46.670502621683475,51.36390628141274,25.16327674790894,18.762604749701012,27.600000000000026,42.46725534692912
stl_midamerica_to_st_louis_union_station_2026-01-12_0271,midamerica_to_st_louis_union_station,MidAmerica to St. Louis Union Station,MidAmerica St. Louis Airport,St. Louis Union Station,38.5451731,-89.8351856,38.629167,-90.2075,2026-01-12,January 12th - Monday,w_0271,0.7,0.0,0.3,0.0,67,"[8877, 8876, 8868, 8869, 8870, 8867, 9753, 9754, 9755, 9744, 9746, 9747, 9745, 9737, 9736, 9734, 9735, 9919, 9916, 9918, 9917, 9935, 9934, 9936, 9930, 9931, 9928, 9929, 9839, 9841, 9875, 9872, 9855, 9853, 9858, 9860, 9868, 9869, 9870, 9871, 2208, 1967, 2211, 1990, 1991, 1995, 1996, 2005, 2004, 2231, 2229, 2195, 2197, 2196, 2408, 2420, 2424, 2439, 2441, 2453, 2455, 2457, 2376, 2400, 2406, 2404, 2715]",0.010579199995845556,success,,46.66437583748051,51.357163359182834,22.550025145791814,15.147454735510447,37.6,40.49425077208112
stl_midamerica_to_st_louis_union_station_2026-01-12_0272,midamerica_to_st_louis_union_station,MidAmerica to St. Louis Union Station,MidAmerica St. Louis Airport,St. Louis Union Station,38.5451731,-89.8351856,38.629167,-90.2075,2026-01-12,January 12th - Monday,w_0272,0.7,0.1,0.0,0.2,67,"[8877, 8879, 8896, 8900, 8924, 8930, 10012, 10015, 10019, 10053, 10057, 10054, 10061, 10051, 10049, 10072, 10079, 10284, 10288, 10286, 10289, 10294, 10281, 10292, 10293, 10304, 10303, 10302, 10315, 10316, 10317, 10314, 10207, 10206, 10204, 10205, 10323, 10324, 10322, 10325, 2520, 2521, 2519, 2510, 2512, 2513, 2511, 2302, 2300, 2301, 2307, 2491, 2492, 2818, 2496, 2507, 2506, 2828, 2505, 2809, 2811, 2810, 2728, 2730, 2731, 2729, 2715]",0.009423400013474748,success,,46.68855540718086,51.383774539312654,19.97466848935391,29.44082056010357,23.200000000000014,42.60610902645424
stl_midamerica_to_st_louis_union_station_2026-01-12_0273,midamerica_to_st_louis_union_station,MidAmerica to St. Louis Union Station,MidAmerica St. Louis Airport,St. Louis Union Station,38.5451731,-89.8351856,38.629167,-90.2075,2026-01-12,January 12th - Monday,w_0273,0.7,0.1,0.1,0.1,67,"[8877, 8876, 8868, 8869, 8870, 8867, 9753, 9754, 9755, 9744, 9746, 9747, 9745, 9737, 9736, 9734, 9735, 9919, 9916, 9918, 9917, 9935, 9934, 9936, 9930, 9931, 9928, 9929, 9839, 9841, 9875, 9876, 9893, 9895, 9900, 9898, 9910, 10112, 9911, 10113, 2216, 2240, 2241, 2253, 2251, 2254, 2279, 2293, 2296, 2301, 2307, 2491, 2492, 2818, 2496, 2507, 2506, 2828, 2505, 2809, 2811, 2810, 2728, 2730, 2731, 2729, 2715]",0.011065600003348663,success,,46.67123726523883,51.36471480415425,22.730047492931117,19.575791281556217,27.600000000000026,42.94588424035671
stl_midamerica_to_st_louis_union_station_2026-01-12_0274,midamerica_to_st_louis_union_station,MidAmerica to St. Louis Union Station,MidAmerica St. Louis Airport,St. Louis Union Station,38.5451731,-89.8351856,38.629167,-90.2075,2026-01-12,January 12th - Monday,w_0274,0.7,0.1,0.2,0.0,67,"[8877, 8876, 8868, 8869, 8870, 8867, 9753, 9754, 9755, 9744, 9746, 9747, 9745, 9737, 9736, 9734, 9735, 9919, 9916, 9918, 9917, 9935, 9934, 9936, 9930, 9931, 9928, 9929, 9839, 9841, 9875, 9872, 9855, 9853, 9858, 9860, 9868, 9869, 9870, 9871, 2208, 1967, 1966, 1976, 1991, 1995, 1996, 2005, 2004, 2231, 2229, 2195, 2197, 2196, 2408, 2418, 2422, 2419, 2423, 2448, 2452, 2454, 2372, 2399, 2401, 2404, 2715]",0.01066749999881722,success,,46.66383284851839,51.35656576471534,20.01973685992963,15.66574090936816,38.0,41.08471790316733
stl_midamerica_to_st_louis_union_station_2026-01-12_0275,midamerica_to_st_louis_union_station,MidAmerica to St. Louis Union Station,MidAmerica St. Louis Airport,St. Louis Union Station,38.5451731,-89.8351856,38.629167,-90.2075,2026-01-12,January 12th - Monday,w_0275,0.7,0.2,0.0,0.1,67,"[8877, 8879, 8896, 8900, 8924, 8930, 10012, 10015, 10019, 10053, 10057, 10054, 10061, 10051, 10049, 10072, 10079, 10284, 10288, 10286, 10289, 10294, 10281, 10292, 10293, 10304, 10303, 10302, 10315, 10316, 10317, 10314, 10207, 10206, 10204, 10205, 10323, 10324, 10322, 10325, 2520, 2521, 2519, 2510, 2512, 2513, 2511, 2302, 2300, 2301, 2307, 2491, 2492, 2818, 2496, 2507, 2506, 2828, 2505, 2809, 2811, 2810, 2728, 2730, 2731, 2729, 2715]",0.010150699992664158,success,,46.68855540718086,51.383774539312654,19.97466848935391,29.44082056010357,23.200000000000014,42.28357587538964
stl_midamerica_to_st_louis_union_station_2026-01-12_0276,midamerica_to_st_louis_union_station,MidAmerica to St. Louis Union Station,MidAmerica St. Louis Airport,St. Louis Union Station,38.5451731,-89.8351856,38.629167,-90.2075,2026-01-12,January 12th - Monday,w_0276,0.7,0.2,0.1,0.0,67,"[8877, 8876, 8868, 8869, 8870, 8867, 9753, 9754, 9755, 9744, 9746, 9747, 9745, 9737, 9736, 9734, 9735, 9919, 9916, 9918, 9917, 9935, 9934, 9936, 9930, 9931, 9928, 9929, 9839, 9841, 9875, 9876, 9893, 9895, 9900, 9898, 9910, 10112, 9911, 10113, 2216, 2217, 2215, 2221, 2219, 2220, 2218, 2228, 2230, 2231, 2229, 2195, 2197, 2196, 2408, 2418, 2422, 2419, 2423, 2448, 2452, 2454, 2372, 2399, 2401, 2404, 2715]",0.009965499979443848,success,,46.665418867826965,51.358311281531115,18.272511411475733,17.00673389922823,38.0,41.305993569289754
stl_midamerica_to_st_louis_union_station_2026-01-12_0277,midamerica_to_st_louis_union_station,MidAmerica to St. Louis Union Station,MidAmerica St. Louis Airport,St. Louis Union Station,38.5451731,-89.8351856,38.629167,-90.2075,2026-01-12,January 12th - Monday,w_0277,0.7,0.3,0.0,0.0,67,"[8877, 8876, 8868, 8869, 8870, 8867, 9753, 9754, 9755, 9744, 9746, 9747, 9745, 9737, 9736, 9734, 9735, 9919, 9921, 9944, 9947, 9940, 9941, 9962, 9955, 9957, 9959, 9994, 9885, 9886, 9884, 9887, 9897, 9895, 9896, 9894, 9902, 9903, 9904, 9909, 2213, 2212, 2214, 1997, 1994, 1995, 1996, 2005, 2004, 2007, 2006, 2191, 2194, 2193, 2192, 2418, 2422, 2425, 2427, 2453, 2455, 2454, 2372, 2399, 2401, 2404, 2715]",0.00973130000056699,success,,46.66599661404935,51.35894712861125,17.364166724554934,20.54100278625721,38.0,41.16051300739435
stl_midamerica_to_st_louis_union_station_2026-01-12_0278,midamerica_to_st_louis_union_station,MidAmerica to St. Louis Union Station,MidAmerica St. Louis Airport,St. Louis Union Station,38.5451731,-89.8351856,38.629167,-90.2075,2026-01-12,January 12th - Monday,w_0278,0.8,0.0,0.0,0.2,67,"[8877, 8876, 8892, 8897, 8899, 8926, 9788, 10013, 10014, 10036, 10052, 10054, 10061, 10051, 10049, 10048, 10050, 10253, 10252, 10241, 10240, 10248, 10246, 10247, 10245, 10231, 10230, 10262, 10150, 10148, 10149, 10151, 10161, 10159, 10158, 10160, 10166, 10168, 10167, 10169, 2247, 2269, 2268, 2257, 2256, 2254, 2279, 2293, 2296, 2301, 2303, 2491, 2492, 2818, 2496, 2507, 2506, 2828, 2505, 2809, 2811, 2810, 2728, 2730, 2731, 2729, 2715]",0.0076139000011608005,success,,46.683328700980354,51.37802221113185,29.474393947782595,26.491951760389814,22.600000000000012,45.622417768905486
stl_midamerica_to_st_louis_union_station_2026-01-12_0279,midamerica_to_st_louis_union_station,MidAmerica to St. Louis Union Station,MidAmerica St. Louis Airport,St. Louis Union Station,38.5451731,-89.8351856,38.629167,-90.2075,2026-01-12,January 12th - Monday,w_0279,0.8,0.0,0.1,0.1,67,"[8877, 8876, 8868, 8869, 8870, 8867, 9758, 9759, 9761, 9774, 9773, 9775, 9772, 9764, 9765, 9762, 9768, 9951, 9950, 9949, 9948, 9965, 9963, 9964, 9967, 9960, 9959, 9961, 9880, 9882, 9883, 9881, 9893, 9895, 9900, 9898, 9906, 9907, 9908, 9909, 2216, 2240, 2241, 2253, 2256, 2281, 2279, 2293, 2296, 2301, 2303, 2491, 2492, 2818, 2496, 2507, 2506, 2828, 2505, 2809, 2811, 2810, 2728, 2730, 2731, 2729, 2715]",0.009184700000332668,success,,46.67359092793317,51.367305162158964,26.264681865960355,19.475163454856055,26.600000000000026,45.70136047521278
stl_midamerica_to_st_louis_union_station_2026-01-12_0280,midamerica_to_st_louis_union_station,MidAmerica to St. Louis Union Station,MidAmerica St. Louis Airport,St. Louis Union Station,38.5451731,-89.8351856,38.629167,-90.2075,2026-01-12,January 12th - Monday,w_0280,0.8,0.0,0.2,0.0,67,"[8877, 8876, 8868, 8869, 8870, 8867, 9753, 9754, 9755, 9744, 9746, 9747, 9745, 9737, 9736, 9734, 9735, 9919, 9916, 9918, 9917, 9935, 9934, 9936, 9930, 9931, 9928, 9929, 9839, 9841, 9875, 9872, 9855, 9853, 9858, 9860, 9868, 9869, 9870, 9871, 2208, 1967, 2211, 1990, 1991, 1995, 1996, 2005, 2004, 2231, 2229, 2195, 2197, 2196, 2408, 2420, 2424, 2439, 2441, 2453, 2455, 2457, 2376, 2400, 2406, 2404, 2715]",0.00866590000805445,success,,46.66437583748051,51.357163359182834,22.550025145791814,15.147454735510447,37.6,44.11522163444836
stl_midamerica_to_st_louis_union_station_2026-01-12_0281,midamerica_to_st_louis_union_station,MidAmerica to St. Louis Union Station,MidAmerica St. Louis Airport,St. Louis Union Station,38.5451731,-89.8351856,38.629167,-90.2075,2026-01-12,January 12th - Monday,w_0281,0.8,0.1,0.0,0.1,67,"[8877, 8879, 8896, 8900, 8924, 8930, 10012, 10015, 10019, 10053, 10057, 10054, 10061, 10051, 10049, 10072, 10079, 10284, 10288, 10286, 10289, 10294, 10281, 10292, 10293, 10304, 10303, 10302, 10315, 10316, 10317, 10314, 10207, 10206, 10204, 10205, 10323, 10324, 10322, 10325, 2520, 2521, 2519, 2510, 2512, 2513, 2511, 2302, 2300, 2301, 2307, 2491, 2492, 2818, 2496, 2507, 2506, 2828, 2505, 2809, 2811, 2810, 2728, 2730, 2731, 2729, 2715]",0.007763500005239621,success,,46.68855540718086,51.383774539312654,19.97466848935391,29.44082056010357,23.200000000000014,45.42448648038552
stl_midamerica_to_st_louis_union_station_2026-01-12_0282,midamerica_to_st_louis_union_station,MidAmerica to St. Louis Union Station,MidAmerica St. Louis Airport,St. Louis Union Station,38.5451731,-89.8351856,38.629167,-90.2075,2026-01-12,January 12th - Monday,w_0282,0.8,0.1,0.1,0.0,67,"[8877, 8876, 8868, 8869, 8870, 8867, 9753, 9754, 9755, 9744, 9746, 9747, 9745, 9737, 9736, 9734, 9735, 9919, 9916, 9918, 9917, 9935, 9934, 9936, 9930, 9931, 9928, 9929, 9839, 9841, 9875, 9876, 9893, 9895, 9900, 9898, 9906, 9907, 9908, 9909, 2213, 2212, 2214, 1997, 1994, 1995, 1996, 2005, 2004, 2231, 2229, 2195, 2197, 2196, 2408, 2418, 2422, 2419, 2423, 2448, 2452, 2454, 2372, 2399, 2401, 2404, 2715]",0.008323899994138628,success,,46.66491569595225,51.357757508343234,18.46111427184015,16.749307871974665,38.0,44.60724822105607
stl_midamerica_to_st_louis_union_station_2026-01-12_0283,midamerica_to_st_louis_union_station,MidAmerica to St. Louis Union Station,MidAmerica St. Louis Airport,St. Louis Union Station,38.5451731,-89.8351856,38.629167,-90.2075,2026-01-12,January 12th - Monday,w_0283,0.8,0.2,0.0,0.0,67,"[8877, 8876, 8868, 8869, 8870, 8867, 9753, 9754, 9755, 9744, 9746, 9747, 9745, 9737, 9736, 9734, 9735, 9919, 9921, 9944, 9947, 9940, 9941, 9962, 9955, 9957, 9959, 9994, 9885, 9886, 9884, 9887, 9897, 9895, 9896, 9894, 9902, 9903, 9904, 9909, 2213, 2212, 2214, 1997, 1994, 1995, 1996, 2005, 2004, 2007, 2006, 2191, 2194, 2193, 2192, 2418, 2422, 2425, 2427, 2453, 2455, 2454, 2372, 2399, 2401, 2404, 2715]",0.007742399990092963,success,,46.66599661404935,51.35894712861125,17.364166724554934,20.54100278625721,38.0,44.55999104779999
stl_midamerica_to_st_louis_union_station_2026-01-12_0284,midamerica_to_st_louis_union_station,MidAmerica to St. Louis Union Station,MidAmerica St. Louis Airport,St. Louis Union Station,38.5451731,-89.8351856,38.629167,-90.2075,2026-01-12,January 12th - Monday,w_0284,0.9,0.0,0.0,0.1,67,"[8877, 8876, 8892, 8897, 8899, 8926, 9788, 10013, 10014, 10036, 10052, 10054, 10061, 10051, 10049, 10048, 10050, 10253, 10252, 10241, 10240, 10248, 10246, 10247, 10245, 10231, 10230, 10262, 10150, 10148, 10149, 10151, 10161, 10159, 10158, 10160, 10166, 10168, 10167, 10169, 2247, 2269, 2268, 2257, 2256, 2254, 2279, 2293, 2296, 2301, 2303, 2491, 2492, 2818, 2496, 2507, 2506, 2828, 2505, 2809, 2811, 2810, 2728, 2730, 2731, 2729, 2715]",0.00666730001103133,success,,46.683328700980354,51.37802221113185,29.474393947782595,26.491951760389814,22.600000000000012,48.500219990018664
stl_midamerica_to_st_louis_union_station_2026-01-12_0285,midamerica_to_st_louis_union_station,MidAmerica to St. Louis Union Station,MidAmerica St. Louis Airport,St. Louis Union Station,38.5451731,-89.8351856,38.629167,-90.2075,2026-01-12,January 12th - Monday,w_0285,0.9,0.0,0.1,0.0,67,"[8877, 8876, 8868, 8869, 8870, 8867, 9753, 9754, 9755, 9744, 9746, 9747, 9745, 9737, 9736, 9734, 9735, 9919, 9916, 9918, 9917, 9935, 9934, 9936, 9930, 9931, 9928, 9929, 9839, 9841, 9875, 9872, 9855, 9853, 9858, 9860, 9868, 9869, 9870, 9871, 2208, 1967, 2211, 1990, 1991, 1995, 1996, 2005, 2004, 2231, 2229, 2195, 2197, 2196, 2408, 2420, 2424, 2439, 2441, 2453, 2455, 2457, 2376, 2400, 2406, 2404, 2715]",0.006974499992793426,success,,46.66437583748051,51.357163359182834,22.550025145791814,15.147454735510447,37.6,47.7361924968156
stl_midamerica_to_st_louis_union_station_2026-01-12_0286,midamerica_to_st_louis_union_station,MidAmerica to St. Louis Union Station,MidAmerica St. Louis Airport,St. Louis Union Station,38.5451731,-89.8351856,38.629167,-90.2075,2026-01-12,January 12th - Monday,w_0286,0.9,0.1,0.0,0.0,67,"[8877, 8876, 8868, 8869, 8870, 8867, 9753, 9754, 9755, 9744, 9746, 9747, 9745, 9737, 9736, 9734, 9735, 9919, 9921, 9944, 9947, 9940, 9941, 9962, 9955, 9957, 9959, 9994, 9885, 9886, 9884, 9887, 9897, 9895, 9896, 9894, 9902, 9903, 9904, 9909, 2213, 2212, 2214, 1997, 1994, 1995, 1996, 2005, 2004, 2007, 2006, 2191, 2194, 2193, 2192, 2418, 2422, 2425, 2427, 2453, 2455, 2454, 2372, 2399, 2401, 2404, 2715]",0.006914000026881695,success,,46.66599661404935,51.35894712861125,17.364166724554934,20.54100278625721,38.0,47.959469088205616
stl_midamerica_to_st_louis_union_station_2026-01-12_0287,midamerica_to_st_louis_union_station,MidAmerica to St. Louis Union Station,MidAmerica St. Louis Airport,St. Louis Union Station,38.5451731,-89.8351856,38.629167,-90.2075,2026-01-12,January 12th - Monday,w_0287,1.0,0.0,0.0,0.0,67,"[8877, 8876, 8868, 8869, 8870, 8867, 9753, 9754, 9755, 9744, 9746, 9747, 9745, 9737, 9736, 9734, 9735, 9919, 9916, 9918, 9917, 9935, 9934, 9936, 9926, 9927, 9924, 9925, 9835, 9837, 9836, 9834, 9827, 9824, 9826, 9825, 9844, 9845, 9843, 9842, 1936, 1935, 1934, 1942, 1943, 1940, 1941, 1950, 1951, 1953, 1956, 2137, 2161, 2164, 2190, 2185, 2187, 2419, 2423, 2448, 2452, 2454, 2372, 2399, 2401, 2404, 2715]",0.005121099995449185,success,,46.65953988976652,51.351841085986514,22.434615468248182,20.846335880071077,37.0,51.351841085986514
stl_midamerica_to_st_louis_lambert_2026-01-12_0001,midamerica_to_st_louis_lambert,MidAmerica to St. Louis Lambert,MidAmerica St. Louis Airport,St. Louis Lambert International Airport,38.5451731,-89.8351856,38.7486982,-90.3700257,2026-01-12,January 12th - Monday,w_0001,0.0,0.0,0.0,1.0,118,"[8877, 8872, 8856, 8744, 8720, 8714, 8712, 8788, 8783, 8758, 8754, 8349, 8339, 8336, 8314, 8307, 8406, 8380, 8376, 8107, 8368, 8366, 8086, 8080, 8063, 8042, 8059, 7919, 7917, 7920, 7918, 7928, 7931, 7941, 7945, 7969, 7973, 7979, 8207, 7335, 7357, 7363, 7377, 7391, 7394, 7728, 7720, 7726, 7749, 7753, 7878, 7881, 7883, 9815, 7904, 7906, 9826, 9829, 9850, 9865, 9870, 9905, 2213, 2217, 2239, 2249, 2251, 2254, 2279, 2293, 2296, 2301, 2303, 2491, 2492, 2818, 2496, 2507, 2506, 2828, 2505, 2809, 2811, 2808, 2405, 2400, 2401, 2398, 2391, 2395, 2708, 2713, 2738, 2741, 2745, 2747, 2684, 2687, 3987, 3990, 4016, 4017, 4022, 4029, 4034, 4060, 4064, 5048, 5052, 5076, 5082, 5299, 5304, 5319, 5321, 5357, 5358, 5364]",0.045564400003058836,success,,101.1282553793329,111.29818493305662,48.94657489945692,32.983992803435264,45.20000000000003,45.20000000000003
stl_midamerica_to_st_louis_lambert_2026-01-12_0002,midamerica_to_st_louis_lambert,MidAmerica to St. Louis Lambert,MidAmerica St. Louis Airport,St. Louis Lambert International Airport,38.5451731,-89.8351856,38.7486982,-90.3700257,2026-01-12,January 12th - Monday,w_0002,0.0,0.0,0.1,0.9,191,"[8877, 8872, 8856, 8744, 8720, 8714, 8712, 8788, 8783, 8758, 8754, 8349, 8351, 8347, 8333, 8332, 8358, 8362, 8574, 8576, 8582, 8584, 8597, 8621, 8625, 8642, 8649, 9070, 9072, 9076, 9099, 9095, 9103, 9126, 9128, 9129, 9132, 9357, 9359, 9373, 9375, 9398, 9400, 9401, 9424, 9426, 9427, 9650, 9651, 9663, 9665, 9667, 9689, 11912, 11914, 11916, 11938, 11939, 11941, 11963, 11965, 11967, 11989, 12202, 12196, 12199, 12220, 12225, 12237, 12238, 12241, 12489, 12490, 12515, 12520, 12513, 12538, 12543, 12544, 13316, 13319, 13333, 13335, 13470, 13473, 13478, 13492, 13591, 13596, 13618, 13620, 13638, 13639, 13644, 13641, 13180, 13183, 13176, 13178, 13188, 13152, 13185, 13154, 13161, 13159, 13158, 13160, 13053, 13088, 13054, 13059, 12834, 13057, 13060, 13072, 13099, 13103, 13116, 13120, 13023, 13272, 13274, 13277, 13280, 13278, 13033, 13285, 13283, 13284, 13282, 6470, 13038, 13014, 6438, 6436, 6433, 6407, 6444, 6445, 6449, 6475, 6478, 6479, 6507, 6510, 6505, 6502, 6370, 6368, 6366, 6349, 6480, 6347, 6345, 6329, 6327, 6324, 6291, 6204, 6201, 6198, 6199, 6194, 6227, 6226, 6215, 6208, 6214, 6210, 6064, 6888, 6060, 6059, 6065, 6067, 6052, 6048, 6029, 6004, 6002, 6514, 6513, 5661, 5657, 5636, 5623, 5619, 5384, 5592, 5586, 5364]",0.04809910000767559,success,,154.31891687201377,169.83794770576475,29.082014332465743,12.74108040995305,45.80000000000003,42.49410804099533
stl_midamerica_to_st_louis_lambert_2026-01-12_0003,midamerica_to_st_louis_lambert,MidAmerica to St. Louis Lambert,MidAmerica St. Louis Airport,St. Louis Lambert International Airport,38.5451731,-89.8351856,38.7486982,-90.3700257,2026-01-12,January 12th - Monday,w_0003,0.0,0.0,0.2,0.8,191,"[8877, 8872, 8856, 8744, 8720, 8714, 8712, 8788, 8783, 8758, 8754, 8349, 8351, 8347, 8333, 8332, 8358, 8362, 8574, 8576, 8582, 8584, 8597, 8621, 8625, 8642, 8649, 9070, 9072, 9076, 9099, 9095, 9103, 9126, 9128, 9129, 9132, 9357, 9359, 9373, 9375, 9398, 9400, 9401, 9424, 9426, 9427, 9650, 9651, 9663, 9665, 9667, 9689, 11912, 11914, 11916, 11938, 11939, 11941, 11963, 11965, 11967, 11989, 12202, 12196, 12199, 12220, 12225, 12237, 12238, 12241, 12489, 12490, 12515, 12520, 12513, 12538, 12543, 12544, 13316, 13319, 13333, 13335, 13470, 13473, 13478, 13492, 13591, 13596, 13618, 13620, 13638, 13639, 13644, 13641, 13180, 13183, 13176, 13178, 13188, 13152, 13185, 13154, 13161, 13159, 13158, 13160, 13053, 13088, 13054, 13059, 12834, 13057, 13060, 13072, 13099, 13103, 13116, 13120, 13023, 13272, 13274, 13277, 13280, 13278, 13033, 13285, 13283, 13284, 13282, 6470, 13038, 13014, 6438, 6436, 6433, 6407, 6444, 6445, 6449, 6475, 6478, 6479, 6507, 6510, 6505, 6502, 6370, 6368, 6366, 6349, 6480, 6347, 6345, 6329, 6327, 6324, 6291, 6204, 6201, 6198, 6199, 6194, 6227, 6226, 6215, 6208, 6214, 6210, 6064, 6888, 6060, 6059, 6065, 6067, 6052, 6048, 6029, 6004, 6002, 6514, 6513, 5661, 5657, 5636, 5623, 5619, 5384, 5592, 5586, 5364]",0.04837599999154918,success,,154.31891687201377,169.83794770576475,29.082014332465743,12.74108040995305,45.80000000000003,39.18821608199064
stl_midamerica_to_st_louis_lambert_2026-01-12_0004,midamerica_to_st_louis_lambert,MidAmerica to St. Louis Lambert,MidAmerica St. Louis Airport,St. Louis Lambert International Airport,38.5451731,-89.8351856,38.7486982,-90.3700257,2026-01-12,January 12th - Monday,w_0004,0.0,0.0,0.3,0.7,191,"[8877, 8872, 8856, 8744, 8720, 8714, 8712, 8788, 8783, 8758, 8754, 8349, 8351, 8347, 8333, 8332, 8358, 8362, 8574, 8576, 8582, 8584, 8597, 8621, 8625, 8642, 8649, 9070, 9072, 9076, 9099, 9095, 9103, 9126, 9128, 9129, 9132, 9357, 9359, 9373, 9375, 9398, 9400, 9401, 9424, 9426, 9427, 9650, 9651, 9663, 9665, 9667, 9689, 11912, 11914, 11916, 11938, 11939, 11941, 11963, 11965, 11967, 11989, 12202, 12196, 12199, 12220, 12225, 12237, 12238, 12241, 12489, 12490, 12515, 12520, 12513, 12538, 12543, 12544, 13316, 13319, 13333, 13335, 13470, 13473, 13478, 13492, 13591, 13596, 13618, 13620, 13638, 13639, 13644, 13641, 13180, 13183, 13176, 13178, 13188, 13152, 13185, 13154, 13161, 13159, 13158, 13160, 13053, 13088, 13054, 13059, 12834, 13057, 13060, 13072, 13099, 13103, 13116, 13120, 13023, 13272, 13274, 13277, 13280, 13278, 13033, 13285, 13283, 13284, 13282, 6470, 13038, 13014, 6438, 6436, 6433, 6407, 6444, 6445, 6449, 6475, 6478, 6479, 6507, 6510, 6505, 6502, 6370, 6368, 6366, 6349, 6480, 6347, 6345, 6329, 6327, 6324, 6291, 6204, 6201, 6198, 6199, 6194, 6227, 6226, 6215, 6208, 6214, 6210, 6064, 6888, 6060, 6059, 6065, 6067, 6052, 6048, 6029, 6004, 6002, 6514, 6513, 5661, 5657, 5636, 5623, 5619, 5384, 5592, 5586, 5364]",0.04714000000967644,success,,154.31891687201377,169.83794770576475,29.082014332465743,12.74108040995305,45.80000000000003,35.882324122985935
stl_midamerica_to_st_louis_lambert_2026-01-12_0005,midamerica_to_st_louis_lambert,MidAmerica to St. Louis Lambert,MidAmerica St. Louis Airport,St. Louis Lambert International Airport,38.5451731,-89.8351856,38.7486982,-90.3700257,2026-01-12,January 12th - Monday,w_0005,0.0,0.0,0.4,0.6,191,"[8877, 8872, 8856, 8744, 8720, 8714, 8712, 8788, 8783, 8758, 8754, 8349, 8351, 8347, 8333, 8332, 8358, 8362, 8574, 8576, 8582, 8584, 8597, 8621, 8625, 8642, 8649, 9070, 9072, 9076, 9099, 9095, 9103, 9126, 9128, 9129, 9132, 9357, 9359, 9373, 9375, 9398, 9400, 9401, 9424, 9426, 9427, 9650, 9651, 9663, 9665, 9667, 9689, 11912, 11914, 11916, 11938, 11939, 11941, 11963, 11965, 11967, 11989, 12202, 12196, 12199, 12220, 12225, 12237, 12238, 12241, 12489, 12490, 12515, 12520, 12513, 12538, 12543, 12544, 13316, 13319, 13333, 13335, 13470, 13473, 13478, 13492, 13591, 13596, 13618, 13620, 13638, 13639, 13644, 13641, 13180, 13183, 13176, 13178, 13188, 13152, 13185, 13154, 13161, 13159, 13158, 13160, 13053, 13088, 13054, 13059, 12834, 13057, 13060, 13072, 13099, 13103, 13116, 13120, 13023, 13272, 13274, 13277, 13280, 13278, 13033, 13285, 13283, 13284, 13282, 6470, 13038, 13014, 6438, 6436, 6433, 6407, 6444, 6445, 6449, 6475, 6478, 6479, 6507, 6510, 6505, 6502, 6370, 6368, 6366, 6349, 6480, 6347, 6345, 6329, 6327, 6324, 6291, 6204, 6201, 6198, 6199, 6194, 6227, 6226, 6215, 6208, 6214, 6210, 6064, 6888, 6060, 6059, 6065, 6050, 6046, 6023, 6003, 5998, 5999, 5663, 5659, 5656, 5632, 5622, 5621, 5615, 5380, 5588, 5362, 5364]",0.047423899988643825,success,,153.78358010711213,169.24877497616515,28.238650566309577,12.099196348762266,46.20000000000003,32.55967853950492
stl_midamerica_to_st_louis_lambert_2026-01-12_0006,midamerica_to_st_louis_lambert,MidAmerica to St. Louis Lambert,MidAmerica St. Louis Airport,St. Louis Lambert International Airport,38.5451731,-89.8351856,38.7486982,-90.3700257,2026-01-12,January 12th - Monday,w_0006,0.0,0.0,0.5,0.5,163,"[8877, 8879, 8896, 8900, 8924, 8930, 9145, 10016, 10018, 10062, 10055, 10058, 10094, 10097, 10100, 10101, 10424, 10427, 10452, 10455, 10457, 10461, 10494, 10489, 10498, 10501, 10834, 10837, 10841, 10865, 10882, 10870, 10891, 11216, 11220, 11242, 11236, 11239, 11255, 11258, 11283, 11288, 11289, 12377, 12390, 12394, 12419, 12423, 12439, 12443, 12465, 12468, 13425, 13429, 13454, 13458, 13466, 13468, 13589, 13591, 13596, 13618, 13620, 13638, 13639, 13644, 13641, 13180, 13183, 13176, 13178, 13188, 13152, 13185, 13154, 13161, 13159, 13158, 13160, 13053, 13088, 13054, 13059, 12834, 13057, 13060, 13072, 13099, 13103, 13116, 13120, 13023, 13272, 13274, 13277, 13280, 13278, 13033, 13285, 13283, 13284, 13282, 6470, 13038, 13014, 6438, 6436, 6433, 6407, 6444, 6445, 6449, 6475, 6478, 6479, 6507, 6510, 6505, 6502, 6370, 6368, 6366, 6349, 6480, 6347, 6345, 6329, 6327, 6324, 6291, 6204, 6201, 6198, 6199, 6194, 6227, 6226, 6215, 6208, 6214, 6210, 6064, 6888, 6060, 6059, 6065, 6050, 6046, 6023, 6003, 5998, 5999, 5663, 5659, 5656, 5632, 5622, 5621, 5615, 5380, 5588, 5362, 5364]",0.047167799988528714,success,,133.71419379196072,147.16111746424536,31.53835234908377,10.938511009708257,47.20000000000003,29.069255504854144
stl_midamerica_to_st_louis_lambert_2026-01-12_0007,midamerica_to_st_louis_lambert,MidAmerica to St. Louis Lambert,MidAmerica St. Louis Airport,St. Louis Lambert International Airport,38.5451731,-89.8351856,38.7486982,-90.3700257,2026-01-12,January 12th - Monday,w_0007,0.0,0.0,0.6,0.4,161,"[8877, 8879, 8896, 8900, 8924, 8930, 9145, 10016, 10018, 10062, 10055, 10058, 10094, 10097, 10100, 10101, 10424, 10427, 10452, 10455, 10457, 10461, 10494, 10489, 10498, 10501, 10834, 10837, 10841, 10865, 10882, 10870, 10891, 11216, 11220, 11242, 11236, 11239, 11255, 11258, 11283, 11288, 11289, 12377, 12390, 12394, 12419, 12423, 12439, 12443, 12465, 12468, 13425, 13429, 13454, 13458, 13466, 13468, 13589, 13591, 13596, 13618, 13620, 13638, 13639, 13644, 13641, 13180, 13183, 13176, 13178, 13188, 13152, 13185, 13154, 13161, 13159, 13158, 13160, 13053, 13088, 13054, 13059, 12834, 13057, 13060, 13072, 13099, 13103, 13116, 13120, 13023, 13272, 13274, 13277, 13280, 13278, 13033, 13285, 13283, 13284, 13282, 6470, 13038, 13014, 6438, 6436, 6433, 6407, 6444, 6421, 6418, 6414, 6429, 6431, 6456, 6502, 6370, 6368, 6366, 6349, 6480, 6347, 6345, 6329, 6327, 6324, 6291, 6204, 6201, 6198, 6199, 6194, 6227, 6226, 6215, 6208, 6214, 6210, 6064, 6888, 6060, 6059, 6065, 6050, 6046, 6023, 6003, 5998, 5999, 5663, 5659, 5656, 5632, 5622, 5621, 5615, 5380, 5588, 5362, 5364]",0.04813879998982884,success,,133.06033464094406,146.44150318397277,28.61618621344974,10.024243881316073,48.400000000000034,25.374546328789656
stl_midamerica_to_st_louis_lambert_2026-01-12_0008,midamerica_to_st_louis_lambert,MidAmerica to St. Louis Lambert,MidAmerica St. Louis Airport,St. Louis Lambert International Airport,38.5451731,-89.8351856,38.7486982,-90.3700257,2026-01-12,January 12th - Monday,w_0008,0.0,0.0,0.7,0.3,161,"[8877, 8879, 8896, 8900, 8924, 8930, 9145, 10016, 10018, 10062, 10055, 10058, 10094, 10097, 10100, 10101, 10424, 10427, 10452, 10455, 10457, 10461, 10494, 10489, 10498, 10501, 10834, 10837, 10841, 10865, 10882, 10870, 10891, 11216, 11220, 11242, 11236, 11239, 11255, 11258, 11283, 11288, 11289, 12377, 12390, 12394, 12419, 12423, 12439, 12443, 12465, 12468, 13425, 13429, 13454, 13458, 13466, 13468, 13589, 13591, 13596, 13618, 13620, 13638, 13639, 13644, 13641, 13180, 13183, 13176, 13178, 13188, 13152, 13185, 13154, 13161, 13159, 13158, 13160, 13053, 13088, 13054, 13059, 12834, 13057, 13060, 13072, 13099, 13103, 13116, 13120, 13023, 13272, 13274, 13277, 13280, 13278, 13033, 13285, 13283, 13284, 13282, 6470, 13038, 13014, 6438, 6436, 6433, 6407, 6444, 6421, 6418, 6414, 6429, 6431, 6456, 6502, 6370, 6368, 6366, 6349, 6480, 6347, 6345, 6329, 6327, 6324, 6291, 6204, 6201, 6198, 6199, 6194, 6227, 6226, 6215, 6208, 6214, 6210, 6064, 6888, 6060, 6059, 6065, 6050, 6046, 6023, 6003, 5998, 5999, 5663, 5659, 5656, 5632, 5622, 5621, 5615, 5380, 5588, 5362, 5364]",0.04661849999683909,success,,133.06033464094406,146.44150318397277,28.61618621344974,10.024243881316073,48.400000000000034,21.53697071692126
stl_midamerica_to_st_louis_lambert_2026-01-12_0009,midamerica_to_st_louis_lambert,MidAmerica to St. Louis Lambert,MidAmerica St. Louis Airport,St. Louis Lambert International Airport,38.5451731,-89.8351856,38.7486982,-90.3700257,2026-01-12,January 12th - Monday,w_0009,0.0,0.0,0.8,0.2,161,"[8877, 8879, 8896, 8900, 8924, 8930, 9145, 10016, 10018, 10062, 10055, 10058, 10094, 10097, 10100, 10101, 10424, 10427, 10452, 10455, 10457, 10461, 10494, 10489, 10498, 10501, 10834, 10837, 10841, 10865, 10882, 10870, 10891, 11216, 11220, 11242, 11236, 11239, 11255, 11258, 11283, 11288, 11289, 12377, 12390, 12394, 12419, 12423, 12439, 12443, 12465, 12468, 13425, 13429, 13454, 13458, 13466, 13468, 13589, 13591, 13596, 13618, 13620, 13638, 13639, 13644, 13641, 13180, 13183, 13176, 13178, 13188, 13152, 13185, 13154, 13161, 13159, 13158, 13160, 13053, 13088, 13054, 13059, 12834, 13057, 13060, 13072, 13099, 13103, 13116, 13120, 13023, 13272, 13274, 13277, 13280, 13278, 13033, 13285, 13283, 13284, 13282, 6470, 13038, 13014, 6438, 6436, 6433, 6407, 6444, 6421, 6418, 6414, 6429, 6431, 6456, 6502, 6370, 6368, 6366, 6349, 6480, 6347, 6345, 6329, 6327, 6324, 6291, 6204, 6201, 6198, 6199, 6194, 6227, 6226, 6215, 6208, 6214, 6210, 6064, 6888, 6060, 6059, 6065, 6050, 6046, 6023, 6003, 5998, 5999, 5663, 5659, 5656, 5632, 5622, 5621, 5615, 5380, 5588, 5362, 5364]",0.04704679999849759,success,,133.06033464094406,146.44150318397277,28.61618621344974,10.024243881316073,48.400000000000034,17.699395105052865
stl_midamerica_to_st_louis_lambert_2026-01-12_0010,midamerica_to_st_louis_lambert,MidAmerica to St. Louis Lambert,MidAmerica St. Louis Airport,St. Louis Lambert International Airport,38.5451731,-89.8351856,38.7486982,-90.3700257,2026-01-12,January 12th - Monday,w_0010,0.0,0.0,0.9,0.1,170,"[8877, 8879, 8896, 8900, 8924, 8930, 9145, 10016, 10018, 10062, 10055, 10058, 10094, 10097, 10100, 10101, 10424, 10427, 10452, 10455, 10457, 10461, 10494, 10489, 10498, 10501, 10834, 10837, 10841, 10865, 10882, 10870, 10891, 11216, 11220, 11242, 11236, 11239, 11255, 11258, 11283, 11288, 11289, 12377, 12390, 12394, 12419, 12423, 12439, 12443, 12465, 12468, 13425, 13429, 13454, 13458, 13466, 13468, 13589, 13591, 13596, 13618, 13620, 13638, 13639, 13644, 13641, 13180, 13183, 13176, 13178, 13188, 13152, 13185, 13154, 13161, 13159, 13158, 13160, 13053, 13088, 13054, 13059, 12834, 13057, 13060, 13072, 13099, 13103, 13116, 13120, 13023, 13272, 13274, 13277, 13280, 13278, 13033, 13285, 13283, 13284, 13282, 6470, 13038, 13014, 6438, 6436, 6433, 6407, 6444, 6421, 6418, 6414, 6429, 6431, 6456, 6502, 6370, 6368, 6366, 6349, 6480, 6347, 6345, 6329, 6327, 6324, 6330, 6245, 6250, 6248, 6247, 6267, 6270, 6272, 6279, 6280, 6278, 6263, 6259, 6959, 6924, 6919, 6895, 6891, 6889, 6073, 6067, 6052, 6048, 6029, 6004, 6002, 6514, 6513, 6515, 6518, 5673, 6534, 5672, 5670, 5675, 5651, 5646, 5613, 5609, 5606, 5590, 5586, 5364]",0.045626899984199554,success,,140.34758336422263,154.46159166482653,32.83554489019644,8.67633386859831,55.80000000000003,13.388700481738482
stl_midamerica_to_st_louis_lambert_2026-01-12_0011,midamerica_to_st_louis_lambert,MidAmerica to St. Louis Lambert,MidAmerica St. Louis Airport,St. Louis Lambert International Airport,38.5451731,-89.8351856,38.7486982,-90.3700257,2026-01-12,January 12th - Monday,w_0011,0.0,0.0,1.0,0.0,187,"[8877, 8881, 8905, 8909, 8911, 8935, 8939, 9156, 9157, 9174, 9179, 9190, 9214, 9210, 9429, 9240, 9437, 9453, 9455, 9482, 9483, 9487, 9513, 9517, 11726, 11730, 11754, 11757, 11760, 11776, 11777, 10885, 10889, 11215, 11220, 11242, 11236, 11239, 11255, 11258, 11283, 11288, 11289, 12377, 12390, 12394, 12419, 12423, 12439, 12443, 12465, 12468, 13425, 13429, 13454, 13458, 13466, 13468, 13589, 13591, 13596, 13618, 13620, 13638, 13639, 13644, 13641, 13180, 13183, 13176, 13178, 13188, 13152, 13185, 13154, 13161, 13159, 13158, 13160, 13053, 13088, 13054, 13059, 12834, 13057, 13060, 13072, 13099, 13103, 13116, 13120, 13023, 13272, 13274, 13277, 13280, 13278, 13033, 13285, 13283, 13284, 13282, 6470, 13038, 13014, 6438, 6436, 6433, 6407, 6419, 6413, 6418, 6414, 6184, 6181, 6177, 6175, 6153, 6149, 6146, 6148, 4851, 4847, 4803, 4799, 4795, 4790, 4793, 4796, 4813, 4804, 4849, 4833, 4857, 4862, 6295, 6288, 6290, 6327, 6324, 6330, 6245, 6250, 6248, 6247, 6267, 6270, 6272, 6279, 6280, 6278, 6263, 6259, 6959, 6924, 6919, 6895, 6891, 6889, 6063, 6069, 6054, 6051, 6047, 6026, 6001, 5999, 5663, 6513, 6515, 6518, 6535, 6538, 6533, 6540, 6525, 5684, 5679, 5675, 5651, 5646, 5613, 5609, 5606, 5590, 5586, 5364]",0.04221859999233857,success,,151.5376897366152,166.77702738339485,33.02876524926712,8.358643531484953,72.20000000000007,8.358643531484953
stl_midamerica_to_st_louis_lambert_2026-01-12_0012,midamerica_to_st_louis_lambert,MidAmerica to St. Louis Lambert,MidAmerica St. Louis Airport,St. Louis Lambert International Airport,38.5451731,-89.8351856,38.7486982,-90.3700257,2026-01-12,January 12th - Monday,w_0012,0.0,0.1,0.0,0.9,149,"[8877, 8880, 8902, 8917, 8943, 8947, 8951, 9043, 9047, 9051, 9252, 9279, 9303, 9304, 9311, 9334, 9339, 9341, 9540, 9545, 9559, 9563, 9566, 9612, 9613, 9705, 9621, 11919, 11843, 11925, 11883, 11949, 11951, 11981, 11984, 11987, 12115, 12121, 12145, 12149, 12164, 12165, 12171, 12477, 12502, 12504, 12527, 12528, 12334, 12346, 12353, 13411, 12364, 13432, 13437, 13451, 13457, 13459, 13486, 12907, 12910, 12935, 12939, 13153, 13189, 13190, 13191, 13173, 13171, 13172, 13170, 13089, 13091, 13090, 13081, 13083, 13080, 13082, 13100, 13099, 13095, 13069, 12967, 12740, 12741, 12743, 12722, 12723, 12947, 12960, 12975, 12980, 12979, 6406, 6410, 6433, 6435, 6449, 6475, 6478, 6474, 6461, 6455, 6453, 6430, 6334, 6310, 6307, 6302, 6300, 6301, 6313, 6288, 6289, 4874, 4872, 5970, 5971, 6196, 5974, 6191, 6193, 6225, 6218, 6222, 6220, 6216, 6894, 6892, 6887, 6889, 6073, 6067, 6052, 6048, 6029, 6004, 6002, 6514, 6513, 5661, 5657, 5636, 5623, 5619, 5384, 5592, 5586, 5364]",0.04681379999965429,success,,123.78743182781093,136.23607396647955,15.824251228904442,28.910473441394075,45.80000000000003,42.80242512289047
stl_midamerica_to_st_louis_lambert_2026-01-12_0013,midamerica_to_st_louis_lambert,MidAmerica to St. Louis Lambert,MidAmerica St. Louis Airport,St. Louis Lambert International Airport,38.5451731,-89.8351856,38.7486982,-90.3700257,2026-01-12,January 12th - Monday,w_0013,0.0,0.1,0.1,0.8,166,"[8877, 8880, 8902, 8917, 8943, 8947, 8951, 9043, 9047, 9051, 9252, 9279, 9303, 9304, 9311, 9334, 9339, 9341, 9540, 9545, 9559, 9563, 9566, 9612, 9613, 9705, 9621, 11919, 11843, 11925, 11883, 11949, 11951, 11981, 11984, 11987, 12208, 12142, 12216, 12150, 12235, 12177, 12241, 12258, 12259, 12263, 12591, 12545, 12596, 12553, 12615, 13324, 13328, 13351, 13356, 13371, 13372, 13376, 13377, 13404, 13406, 13700, 13703, 13605, 13630, 13636, 13637, 13648, 13651, 13653, 13646, 13639, 13644, 13641, 13180, 13183, 13181, 13182, 13206, 13209, 13210, 13208, 13217, 13171, 13172, 13216, 13126, 13092, 13125, 13106, 13083, 13080, 13105, 13118, 13104, 13116, 13120, 13023, 13272, 13274, 13277, 13280, 13278, 13033, 13044, 13039, 13013, 13014, 6438, 6436, 6433, 6407, 6444, 6445, 6449, 6475, 6478, 6474, 6504, 6503, 6505, 6502, 6370, 6368, 6366, 6349, 6480, 6347, 6345, 6329, 6327, 6324, 6291, 6204, 6201, 6198, 6199, 6194, 6227, 6226, 6218, 6213, 6214, 6210, 6064, 6892, 6887, 6889, 6073, 6067, 6052, 6048, 6029, 6004, 6002, 6514, 6513, 5661, 5657, 5636, 5623, 5619, 5384, 5592, 5586, 5364]",0.04739659998449497,success,,137.87151824079638,151.7365218712296,16.631549487090673,15.075500343770493,45.80000000000003,39.81070498308615
stl_midamerica_to_st_louis_lambert_2026-01-12_0014,midamerica_to_st_louis_lambert,MidAmerica to St. Louis Lambert,MidAmerica St. Louis Airport,St. Louis Lambert International Airport,38.5451731,-89.8351856,38.7486982,-90.3700257,2026-01-12,January 12th - Monday,w_0014,0.0,0.1,0.2,0.7,169,"[8877, 8880, 8902, 8917, 8943, 8947, 8951, 9043, 9047, 9051, 9252, 9279, 9303, 9304, 9311, 9334, 9339, 9341, 9540, 9545, 9559, 9563, 9566, 9612, 9613, 9705, 9621, 11919, 11843, 11925, 11883, 11949, 11951, 11981, 11984, 11987, 12208, 12142, 12216, 12150, 12235, 12177, 12241, 12258, 12259, 12263, 12591, 12545, 12596, 12553, 12615, 13324, 13328, 13351, 13356, 13371, 13372, 13376, 13377, 13404, 13406, 13700, 13703, 13605, 13630, 13636, 13637, 13648, 13651, 13653, 13646, 13639, 13644, 13641, 13180, 13183, 13181, 13182, 13206, 13209, 13210, 13208, 13217, 13171, 13172, 13216, 13126, 13092, 13125, 13106, 13083, 13080, 13105, 13118, 13104, 13116, 13120, 13023, 13272, 13274, 13277, 13280, 13278, 13033, 13285, 13283, 13284, 13282, 6470, 13038, 13014, 6438, 6436, 6433, 6407, 6444, 6445, 6449, 6475, 6478, 6474, 6507, 6503, 6505, 6502, 6370, 6368, 6366, 6349, 6480, 6347, 6345, 6329, 6327, 6324, 6291, 6204, 6201, 6198, 6199, 6194, 6227, 6226, 6218, 6213, 6214, 6210, 6064, 6892, 6887, 6889, 6073, 6067, 6052, 6048, 6029, 6004, 6002, 6514, 6513, 5661, 5657, 5636, 5623, 5619, 5384, 5592, 5586, 5364]",0.047826800000621006,success,,140.13698819772813,154.2298180650686,18.16389601082742,13.987378124743005,45.80000000000003,36.67386522603137
stl_midamerica_to_st_louis_lambert_2026-01-12_0015,midamerica_to_st_louis_lambert,MidAmerica to St. Louis Lambert,MidAmerica St. Louis Airport,St. Louis Lambert International Airport,38.5451731,-89.8351856,38.7486982,-90.3700257,2026-01-12,January 12th - Monday,w_0015,0.0,0.1,0.3,0.6,204,"[8877, 8872, 8856, 8744, 8720, 8714, 8712, 8788, 8783, 8758, 8754, 8349, 8351, 8347, 8333, 8328, 8327, 8301, 8518, 8523, 8542, 8549, 8546, 8537, 8560, 8563, 8565, 8600, 8602, 8616, 8619, 8625, 8644, 8636, 8651, 9071, 9067, 9091, 9085, 9097, 9118, 9112, 9134, 9140, 9362, 9365, 9370, 9391, 9395, 9397, 9418, 9422, 9631, 9635, 9653, 9657, 9661, 9681, 9685, 9703, 9707, 9700, 11928, 11924, 11935, 11936, 11955, 11968, 11971, 11982, 11985, 12210, 12212, 12215, 12217, 12237, 12240, 12255, 12257, 12261, 12264, 12592, 12594, 12598, 12613, 12615, 13324, 13328, 13351, 13356, 13371, 13372, 13376, 13377, 13404, 13406, 13700, 13703, 13605, 13630, 13636, 13637, 13648, 13651, 13653, 13646, 13639, 13644, 13641, 13180, 13183, 13181, 13182, 13206, 13209, 13210, 13208, 13217, 13171, 13172, 13168, 13053, 13088, 13054, 13076, 13083, 13080, 13105, 13118, 13104, 13116, 13120, 13023, 13272, 13274, 13277, 13280, 13278, 13033, 13285, 13283, 13284, 13282, 6470, 13038, 13014, 6438, 6436, 6433, 6407, 6444, 6445, 6449, 6475, 6478, 6474, 6507, 6503, 6505, 6502, 6370, 6368, 6366, 6349, 6480, 6347, 6345, 6329, 6327, 6324, 6291, 6204, 6201, 6198, 6199, 6194, 6227, 6226, 6218, 6213, 6214, 6210, 6064, 6888, 6060, 6889, 6073, 6067, 6052, 6048, 6029, 6004, 6002, 6514, 6513, 5661, 5657, 5636, 5623, 5619, 5384, 5592, 5586, 5364]",0.04726619998109527,success,,164.37479817860333,180.90509538993615,20.31429577670967,13.057150694072217,45.80000000000003,33.42857478589265
stl_midamerica_to_st_louis_lambert_2026-01-12_0016,midamerica_to_st_louis_lambert,MidAmerica to St. Louis Lambert,MidAmerica St. Louis Airport,St. Louis Lambert International Airport,38.5451731,-89.8351856,38.7486982,-90.3700257,2026-01-12,January 12th - Monday,w_0016,0.0,0.1,0.4,0.5,170,"[8877, 8874, 8875, 8888, 8913, 8919, 8920, 9019, 9021, 9044, 9244, 9251, 9273, 9279, 9303, 9304, 9311, 9334, 9339, 9341, 9540, 9545, 9559, 9563, 9566, 9612, 9613, 9705, 9621, 11919, 11843, 11925, 11883, 11949, 11951, 11981, 11984, 11987, 12208, 12142, 12216, 12150, 12235, 12177, 12241, 12258, 12259, 12263, 12591, 12545, 12596, 12553, 12615, 13324, 13328, 13351, 13356, 13371, 13372, 13376, 13377, 13404, 13406, 13700, 13703, 13605, 13630, 13636, 13637, 13648, 13651, 13653, 13646, 13639, 13644, 13641, 13180, 13183, 13181, 13182, 13206, 13209, 13210, 13208, 13217, 13171, 13172, 13168, 13053, 13088, 13054, 13076, 13083, 13080, 13105, 13118, 13104, 13116, 13120, 13023, 13272, 13274, 13277, 13280, 13278, 13033, 13285, 13283, 13284, 13282, 6470, 13038, 13014, 6438, 6436, 6433, 6407, 6444, 6445, 6471, 6447, 6442, 6429, 6431, 6456, 6502, 6370, 6368, 6366, 6349, 6480, 6347, 6345, 6329, 6327, 6324, 6291, 6204, 6201, 6198, 6199, 6194, 6227, 6226, 6218, 6213, 6214, 6210, 6064, 6888, 6060, 6059, 6065, 6050, 6046, 6023, 6003, 5998, 5999, 5663, 5659, 5656, 5632, 5622, 5621, 5615, 5380, 5588, 5362, 5364]",0.04817560000810772,success,,140.68593403560305,154.83396845956386,18.853328105082944,10.514002777946734,47.80000000000003,29.990933921687002
stl_midamerica_to_st_louis_lambert_2026-01-12_0017,midamerica_to_st_louis_lambert,MidAmerica to St. Louis Lambert,MidAmerica St. Louis Airport,St. Louis Lambert International Airport,38.5451731,-89.8351856,38.7486982,-90.3700257,2026-01-12,January 12th - Monday,w_0017,0.0,0.1,0.5,0.4,169,"[8877, 8874, 8875, 8888, 8913, 8919, 8920, 9019, 9021, 9044, 9244, 9251, 9273, 9279, 9303, 9304, 9311, 9334, 9339, 9341, 9540, 9545, 9559, 9563, 9566, 9612, 9613, 9705, 9621, 11919, 11843, 11925, 11883, 11949, 11951, 11981, 11984, 11987, 12208, 12142, 12216, 12150, 12235, 12177, 12241, 12258, 12259, 12263, 12591, 12545, 12596, 12553, 12615, 13324, 13328, 13351, 13356, 13371, 13372, 13376, 13377, 13404, 13406, 13700, 13703, 13605, 13630, 13636, 13637, 13648, 13651, 13653, 13646, 13639, 13644, 13641, 13180, 13183, 13181, 13182, 13206, 13209, 13210, 13208, 13217, 13171, 13172, 13168, 13053, 13088, 13054, 13076, 13083, 13080, 13105, 13118, 13104, 13116, 13120, 13023, 13272, 13274, 13277, 13280, 13278, 13033, 13285, 13283, 13284, 13282, 6470, 13038, 13014, 6438, 6436, 6433, 6407, 6444, 6421, 6418, 6414, 6429, 6431, 6456, 6502, 6370, 6368, 6366, 6349, 6480, 6347, 6345, 6329, 6327, 6324, 6291, 6204, 6201, 6198, 6199, 6194, 6227, 6226, 6218, 6213, 6214, 6210, 6064, 6888, 6060, 6059, 6065, 6050, 6046, 6023, 6003, 5998, 5999, 5663, 5659, 5656, 5632, 5622, 5621, 5615, 5380, 5588, 5362, 5364]",0.047397100017406046,success,,139.77486568448205,153.8312788210512,18.722752441322818,10.056044175868667,48.400000000000034,26.260297332066628
stl_midamerica_to_st_louis_lambert_2026-01-12_0018,midamerica_to_st_louis_lambert,MidAmerica to St. Louis Lambert,MidAmerica St. Louis Airport,St. Louis Lambert International Airport,38.5451731,-89.8351856,38.7486982,-90.3700257,2026-01-12,January 12th - Monday,w_0018,0.0,0.1,0.6,0.3,169,"[8877, 8874, 8875, 8888, 8913, 8919, 8920, 9019, 9021, 9044, 9244, 9251, 9273, 9279, 9303, 9304, 9311, 9334, 9339, 9341, 9540, 9545, 9559, 9563, 9566, 9612, 9613, 9705, 9621, 11919, 11843, 11925, 11883, 11949, 11951, 11981, 11984, 11987, 12208, 12142, 12216, 12150, 12235, 12177, 12241, 12258, 12259, 12263, 12591, 12545, 12596, 12553, 12615, 13324, 13328, 13351, 13356, 13371, 13372, 13376, 13377, 13404, 13406, 13700, 13703, 13605, 13630, 13636, 13637, 13648, 13651, 13653, 13646, 13639, 13644, 13641, 13180, 13183, 13181, 13182, 13206, 13209, 13210, 13208, 13217, 13171, 13172, 13168, 13053, 13088, 13054, 13076, 13083, 13080, 13105, 13118, 13104, 13116, 13120, 13023, 13272, 13274, 13277, 13280, 13278, 13033, 13285, 13283, 13284, 13282, 6470, 13038, 13014, 6438, 6436, 6433, 6407, 6444, 6421, 6418, 6414, 6429, 6431, 6456, 6502, 6370, 6368, 6366, 6349, 6480, 6347, 6345, 6329, 6327, 6324, 6291, 6204, 6201, 6198, 6199, 6194, 6227, 6226, 6218, 6213, 6214, 6210, 6064, 6888, 6060, 6059, 6065, 6050, 6046, 6023, 6003, 5998, 5999, 5663, 5659, 5656, 5632, 5622, 5621, 5615, 5380, 5588, 5362, 5364]",0.04610869998577982,success,,139.77486568448205,153.8312788210512,18.722752441322818,10.056044175868667,48.400000000000034,22.42590174965349
stl_midamerica_to_st_louis_lambert_2026-01-12_0019,midamerica_to_st_louis_lambert,MidAmerica to St. Louis Lambert,MidAmerica St. Louis Airport,St. Louis Lambert International Airport,38.5451731,-89.8351856,38.7486982,-90.3700257,2026-01-12,January 12th - Monday,w_0019,0.0,0.1,0.7,0.2,169,"[8877, 8874, 8875, 8888, 8913, 8919, 8920, 9019, 9021, 9044, 9244, 9251, 9273, 9279, 9303, 9304, 9311, 9334, 9339, 9341, 9540, 9545, 9559, 9563, 9566, 9612, 9613, 9705, 9621, 11919, 11843, 11925, 11883, 11949, 11951, 11981, 11984, 11987, 12208, 12142, 12216, 12150, 12235, 12177, 12241, 12258, 12259, 12263, 12591, 12545, 12596, 12553, 12615, 13324, 13328, 13351, 13356, 13371, 13372, 13376, 13377, 13404, 13406, 13700, 13703, 13605, 13630, 13636, 13637, 13648, 13651, 13653, 13646, 13639, 13644, 13641, 13180, 13183, 13181, 13182, 13206, 13209, 13210, 13208, 13217, 13171, 13172, 13168, 13053, 13088, 13054, 13076, 13083, 13080, 13105, 13118, 13104, 13116, 13120, 13023, 13272, 13274, 13277, 13280, 13278, 13033, 13285, 13283, 13284, 13282, 6470, 13038, 13014, 6438, 6436, 6433, 6407, 6444, 6421, 6418, 6414, 6429, 6431, 6456, 6502, 6370, 6368, 6366, 6349, 6480, 6347, 6345, 6329, 6327, 6324, 6291, 6204, 6201, 6198, 6199, 6194, 6227, 6226, 6218, 6213, 6214, 6210, 6064, 6888, 6060, 6059, 6065, 6050, 6046, 6023, 6003, 5998, 5999, 5663, 5659, 5656, 5632, 5622, 5621, 5615, 5380, 5588, 5362, 5364]",0.04659759998321533,success,,139.77486568448205,153.8312788210512,18.722752441322818,10.056044175868667,48.400000000000034,18.591506167240354
stl_midamerica_to_st_louis_lambert_2026-01-12_0020,midamerica_to_st_louis_lambert,MidAmerica to St. Louis Lambert,MidAmerica St. Louis Airport,St. Louis Lambert International Airport,38.5451731,-89.8351856,38.7486982,-90.3700257,2026-01-12,January 12th - Monday,w_0020,0.0,0.1,0.8,0.1,173,"[8877, 8874, 8875, 8888, 8913, 8919, 8920, 9019, 9021, 9044, 9244, 9251, 9273, 9279, 9303, 9304, 9311, 9334, 9339, 9341, 9540, 9545, 9559, 9563, 9566, 9612, 9613, 9705, 9621, 11919, 11843, 11925, 11883, 11949, 11951, 11981, 11984, 11987, 12208, 12142, 12216, 12150, 12235, 12177, 12241, 12258, 12259, 12263, 12591, 12545, 12596, 12553, 12615, 13324, 13328, 13351, 13356, 13371, 13372, 13376, 13377, 13404, 13406, 13700, 13703, 13605, 13630, 13636, 13637, 13648, 13651, 13653, 13646, 13639, 13644, 13641, 13180, 13183, 13181, 13182, 13206, 13209, 13210, 13208, 13217, 13171, 13172, 13168, 13053, 13088, 13054, 13076, 13083, 13080, 13105, 13118, 13104, 13116, 13120, 13023, 13272, 13274, 13277, 13280, 13278, 13033, 13285, 13283, 13284, 13282, 6470, 13038, 13014, 6438, 6436, 6433, 6407, 6419, 6413, 6418, 6414, 6429, 6431, 6456, 6502, 6370, 6368, 6366, 6349, 6480, 6347, 6345, 6329, 6327, 6324, 6330, 6245, 6250, 6248, 6247, 6267, 6270, 6272, 6279, 6280, 6278, 6263, 6259, 6959, 6924, 6919, 6895, 6891, 6889, 6073, 6067, 6054, 6051, 6047, 6026, 6001, 5999, 5663, 5659, 5656, 5632, 5622, 5621, 5615, 5380, 5588, 5362, 5364]",0.047106899990467355,success,,143.58305411483926,158.02243646133655,16.499252054849745,9.618444664080096,51.400000000000034,14.484680936749056
stl_midamerica_to_st_louis_lambert_2026-01-12_0021,midamerica_to_st_louis_lambert,MidAmerica to St. Louis Lambert,MidAmerica St. Louis Airport,St. Louis Lambert International Airport,38.5451731,-89.8351856,38.7486982,-90.3700257,2026-01-12,January 12th - Monday,w_0021,0.0,0.1,0.9,0.0,180,"[8877, 8874, 8860, 8887, 8889, 8914, 8916, 9014, 8944, 9042, 9045, 9048, 9049, 9284, 9288, 9280, 9304, 9311, 9334, 9339, 9341, 9540, 9545, 9559, 9563, 9566, 9612, 9613, 9705, 9621, 11919, 11843, 11925, 11883, 11949, 11951, 11981, 11984, 11987, 12208, 12142, 12216, 12150, 12235, 12177, 12241, 12258, 12259, 12263, 12591, 12545, 12596, 12553, 12615, 13324, 13328, 13351, 13356, 13371, 13372, 13376, 13377, 13404, 13406, 13700, 13703, 13605, 13630, 13636, 13637, 13648, 13651, 13653, 13646, 13639, 13644, 13641, 13180, 13183, 13181, 13182, 13206, 13209, 13210, 13208, 13217, 13171, 13172, 13168, 13053, 13088, 13054, 13076, 13083, 13080, 13105, 13118, 13104, 13116, 13120, 13023, 13272, 13274, 13277, 13280, 13278, 13033, 13285, 13283, 13284, 13282, 6470, 13038, 13014, 6438, 6436, 6433, 6407, 6419, 6413, 6418, 6414, 6426, 6428, 6453, 6458, 6502, 6370, 6368, 6366, 6349, 6480, 6347, 6345, 6329, 6327, 6324, 6330, 6245, 6250, 6248, 6247, 6267, 6270, 6272, 6279, 6280, 6278, 6263, 6259, 6959, 6924, 6919, 6895, 6891, 6889, 6073, 6067, 6054, 6051, 6047, 6026, 6001, 5999, 5663, 5659, 5656, 5632, 5622, 5621, 5624, 5638, 5652, 5646, 5613, 5609, 5606, 5590, 5586, 5364]",0.04468620000989176,success,,149.4049733268653,164.42983505330125,18.811603808504763,8.854395194299125,60.00000000000005,9.850116055719688
stl_midamerica_to_st_louis_lambert_2026-01-12_0022,midamerica_to_st_louis_lambert,MidAmerica to St. Louis Lambert,MidAmerica St. Louis Airport,St. Louis Lambert International Airport,38.5451731,-89.8351856,38.7486982,-90.3700257,2026-01-12,January 12th - Monday,w_0022,0.0,0.2,0.0,0.8,149,"[8877, 8880, 8902, 8917, 8943, 8947, 8951, 9043, 9047, 9051, 9252, 9279, 9303, 9304, 9311, 9334, 9339, 9341, 9540, 9545, 9559, 9563, 9566, 9612, 9613, 9705, 9621, 11919, 11843, 11925, 11883, 11949, 11951, 11981, 11984, 11987, 12115, 12121, 12145, 12149, 12164, 12165, 12171, 12477, 12502, 12504, 12527, 12528, 12334, 12346, 12353, 13411, 12364, 13432, 13437, 13451, 13457, 13459, 13486, 12907, 12910, 12935, 12939, 13153, 13189, 13190, 13191, 13173, 13171, 13172, 13170, 13089, 13091, 13090, 13081, 13083, 13080, 13082, 13100, 13099, 13095, 13069, 12967, 12740, 12741, 12743, 12722, 12723, 12947, 12960, 12975, 12980, 12979, 6406, 6410, 6433, 6435, 6449, 6475, 6478, 6474, 6461, 6455, 6453, 6430, 6334, 6310, 6307, 6302, 6300, 6301, 6313, 6288, 6289, 4874, 4872, 5970, 5971, 6196, 5974, 6191, 6193, 6225, 6218, 6222, 6220, 6216, 6894, 6892, 6887, 6889, 6073, 6067, 6052, 6048, 6029, 6004, 6002, 6514, 6513, 5661, 5657, 5636, 5623, 5619, 5384, 5592, 5586, 5364]",0.04692439999780618,success,,123.78743182781093,136.23607396647955,15.824251228904442,28.910473441394075,45.80000000000003,39.80485024578092
stl_midamerica_to_st_louis_lambert_2026-01-12_0023,midamerica_to_st_louis_lambert,MidAmerica to St. Louis Lambert,MidAmerica St. Louis Airport,St. Louis Lambert International Airport,38.5451731,-89.8351856,38.7486982,-90.3700257,2026-01-12,January 12th - Monday,w_0023,0.0,0.2,0.1,0.7,166,"[8877, 8880, 8902, 8917, 8943, 8947, 8951, 9043, 9047, 9051, 9252, 9279, 9303, 9304, 9311, 9334, 9339, 9341, 9540, 9545, 9559, 9563, 9566, 9612, 9613, 9705, 9621, 11919, 11843, 11925, 11883, 11949, 11951, 11981, 11984, 11987, 12208, 12142, 12216, 12150, 12235, 12177, 12241, 12258, 12259, 12263, 12591, 12545, 12596, 12553, 12615, 13324, 13328, 13351, 13356, 13371, 13372, 13376, 13377, 13404, 13406, 13700, 13703, 13605, 13630, 13636, 13637, 13648, 13651, 13653, 13646, 13639, 13644, 13641, 13180, 13183, 13181, 13182, 13206, 13209, 13210, 13208, 13217, 13171, 13172, 13216, 13126, 13092, 13125, 13106, 13083, 13080, 13105, 13118, 13104, 13116, 13120, 13023, 13272, 13274, 13277, 13280, 13278, 13033, 13044, 13039, 13013, 13014, 6438, 6436, 6433, 6407, 6444, 6445, 6449, 6475, 6478, 6474, 6504, 6503, 6505, 6502, 6370, 6368, 6366, 6349, 6480, 6347, 6345, 6329, 6327, 6324, 6291, 6204, 6201, 6198, 6199, 6194, 6227, 6226, 6218, 6213, 6214, 6210, 6064, 6892, 6887, 6889, 6073, 6067, 6052, 6048, 6029, 6004, 6002, 6514, 6513, 5661, 5657, 5636, 5623, 5619, 5384, 5592, 5586, 5364]",0.04826919999322854,success,,137.87151824079638,151.7365218712296,16.631549487090673,15.075500343770493,45.80000000000003,36.893859931795205
stl_midamerica_to_st_louis_lambert_2026-01-12_0024,midamerica_to_st_louis_lambert,MidAmerica to St. Louis Lambert,MidAmerica St. Louis Airport,St. Louis Lambert International Airport,38.5451731,-89.8351856,38.7486982,-90.3700257,2026-01-12,January 12th - Monday,w_0024,0.0,0.2,0.2,0.6,166,"[8877, 8880, 8902, 8917, 8943, 8947, 8951, 9043, 9047, 9051, 9252, 9279, 9303, 9304, 9311, 9334, 9339, 9341, 9540, 9545, 9559, 9563, 9566, 9612, 9613, 9705, 9621, 11919, 11843, 11925, 11883, 11949, 11951, 11981, 11984, 11987, 12208, 12142, 12216, 12150, 12235, 12177, 12241, 12258, 12259, 12263, 12591, 12545, 12596, 12553, 12615, 13324, 13328, 13351, 13356, 13371, 13372, 13376, 13377, 13404, 13406, 13700, 13703, 13605, 13630, 13636, 13637, 13648, 13651, 13653, 13646, 13639, 13644, 13641, 13180, 13183, 13181, 13182, 13206, 13209, 13210, 13208, 13217, 13171, 13172, 13216, 13126, 13092, 13125, 13106, 13083, 13080, 13105, 13118, 13104, 13116, 13120, 13023, 13272, 13274, 13277, 13280, 13278, 13033, 13044, 13039, 13013, 13014, 6438, 6436, 6433, 6407, 6444, 6445, 6449, 6475, 6478, 6474, 6504, 6503, 6505, 6502, 6370, 6368, 6366, 6349, 6480, 6347, 6345, 6329, 6327, 6324, 6291, 6204, 6201, 6198, 6199, 6194, 6227, 6226, 6218, 6213, 6214, 6210, 6064, 6892, 6887, 6889, 6073, 6067, 6052, 6048, 6029, 6004, 6002, 6514, 6513, 5661, 5657, 5636, 5623, 5619, 5384, 5592, 5586, 5364]",0.0476885000243783,success,,137.87151824079638,151.7365218712296,16.631549487090673,15.075500343770493,45.80000000000003,33.821409966172254
stl_midamerica_to_st_louis_lambert_2026-01-12_0025,midamerica_to_st_louis_lambert,MidAmerica to St. Louis Lambert,MidAmerica St. Louis Airport,St. Louis Lambert International Airport,38.5451731,-89.8351856,38.7486982,-90.3700257,2026-01-12,January 12th - Monday,w_0025,0.0,0.2,0.3,0.5,165,"[8877, 8880, 8902, 8917, 8943, 8947, 8951, 9043, 9047, 9051, 9252, 9279, 9303, 9304, 9311, 9334, 9339, 9341, 9540, 9545, 9559, 9563, 9566, 9612, 9613, 9705, 9621, 11919, 11843, 11925, 11883, 11949, 11951, 11981, 11984, 11987, 12208, 12142, 12216, 12150, 12235, 12177, 12241, 12258, 12259, 12263, 12591, 12545, 12596, 12553, 12615, 13324, 13328, 13351, 13356, 13371, 13372, 13376, 13377, 13404, 13406, 13700, 13703, 13605, 13630, 13636, 13637, 13648, 13651, 13653, 13646, 13639, 13644, 13641, 13180, 13183, 13181, 13182, 13206, 13209, 13210, 13208, 13217, 13171, 13172, 13216, 13126, 13092, 13125, 13106, 13083, 13080, 13105, 13118, 13104, 13116, 13120, 13023, 13272, 13274, 13277, 13280, 13278, 13033, 13044, 13039, 13013, 13014, 6438, 6436, 6433, 6407, 6444, 6445, 6471, 6447, 6442, 6429, 6431, 6456, 6502, 6370, 6368, 6366, 6349, 6480, 6347, 6345, 6329, 6327, 6324, 6291, 6204, 6201, 6198, 6199, 6194, 6227, 6226, 6218, 6213, 6214, 6210, 6064, 6892, 6887, 6889, 6073, 6067, 6052, 6048, 6029, 6004, 6002, 6514, 6513, 5661, 5657, 5636, 5623, 5619, 5384, 5592, 5586, 5364]",0.047046100022271276,success,,138.10857138994362,151.99741419191474,16.28829464295171,13.632677684577851,46.400000000000034,30.547462233963714
stl_midamerica_to_st_louis_lambert_2026-01-12_0026,midamerica_to_st_louis_lambert,MidAmerica to St. Louis Lambert,MidAmerica St. Louis Airport,St. Louis Lambert International Airport,38.5451731,-89.8351856,38.7486982,-90.3700257,2026-01-12,January 12th - Monday,w_0026,0.0,0.2,0.4,0.4,170,"[8877, 8874, 8875, 8888, 8913, 8919, 8920, 9019, 9021, 9044, 9244, 9251, 9273, 9279, 9303, 9304, 9311, 9334, 9339, 9341, 9540, 9545, 9559, 9563, 9566, 9612, 9613, 9705, 9621, 11919, 11843, 11925, 11883, 11949, 11951, 11981, 11984, 11987, 12208, 12142, 12216, 12150, 12235, 12177, 12241, 12258, 12259, 12263, 12591, 12545, 12596, 12553, 12615, 13324, 13328, 13351, 13356, 13371, 13372, 13376, 13377, 13404, 13406, 13700, 13703, 13605, 13630, 13636, 13637, 13648, 13651, 13653, 13646, 13639, 13644, 13641, 13180, 13183, 13181, 13182, 13206, 13209, 13210, 13208, 13217, 13171, 13172, 13216, 13126, 13092, 13125, 13106, 13083, 13080, 13105, 13118, 13104, 13116, 13120, 13023, 13272, 13274, 13277, 13280, 13278, 13033, 13285, 13283, 13284, 13282, 6470, 13038, 13014, 6438, 6436, 6433, 6407, 6444, 6445, 6471, 6447, 6442, 6429, 6431, 6456, 6502, 6370, 6368, 6366, 6349, 6480, 6347, 6345, 6329, 6327, 6324, 6291, 6204, 6201, 6198, 6199, 6194, 6227, 6226, 6218, 6213, 6214, 6210, 6064, 6888, 6060, 6059, 6065, 6050, 6046, 6023, 6003, 5998, 5999, 5663, 5659, 5656, 5632, 5622, 5621, 5615, 5380, 5588, 5362, 5364]",0.04701169999316335,success,,140.6867343892868,154.8348493005511,18.042613705739495,10.826567851867496,47.80000000000003,27.059149881894914
stl_midamerica_to_st_louis_lambert_2026-01-12_0027,midamerica_to_st_louis_lambert,MidAmerica to St. Louis Lambert,MidAmerica St. Louis Airport,St. Louis Lambert International Airport,38.5451731,-89.8351856,38.7486982,-90.3700257,2026-01-12,January 12th - Monday,w_0027,0.0,0.2,0.5,0.3,169,"[8877, 8874, 8875, 8888, 8913, 8919, 8920, 9019, 9021, 9044, 9244, 9251, 9273, 9279, 9303, 9304, 9311, 9334, 9339, 9341, 9540, 9545, 9559, 9563, 9566, 9612, 9613, 9705, 9621, 11919, 11843, 11925, 11883, 11949, 11951, 11981, 11984, 11987, 12208, 12142, 12216, 12150, 12235, 12177, 12241, 12258, 12259, 12263, 12591, 12545, 12596, 12553, 12615, 13324, 13328, 13351, 13356, 13371, 13372, 13376, 13377, 13404, 13406, 13700, 13703, 13605, 13630, 13636, 13637, 13648, 13651, 13653, 13646, 13639, 13644, 13641, 13180, 13183, 13181, 13182, 13206, 13209, 13210, 13208, 13217, 13171, 13172, 13216, 13126, 13092, 13125, 13106, 13083, 13080, 13105, 13118, 13104, 13116, 13120, 13023, 13272, 13274, 13277, 13280, 13278, 13033, 13285, 13283, 13284, 13282, 6470, 13038, 13014, 6438, 6436, 6433, 6407, 6419, 6413, 6418, 6414, 6429, 6431, 6456, 6502, 6370, 6368, 6366, 6349, 6480, 6347, 6345, 6329, 6327, 6324, 6291, 6204, 6201, 6198, 6199, 6194, 6227, 6226, 6218, 6213, 6214, 6210, 6064, 6888, 6060, 6059, 6065, 6050, 6046, 6023, 6003, 5998, 5999, 5663, 5659, 5656, 5632, 5622, 5621, 5615, 5380, 5588, 5362, 5364]",0.0472355000092648,success,,139.77551243723457,153.8319906142803,17.010017927285265,10.368609249789431,49.00000000000003,23.286308210351777
stl_midamerica_to_st_louis_lambert_2026-01-12_0028,midamerica_to_st_louis_lambert,MidAmerica to St. Louis Lambert,MidAmerica St. Louis Airport,St. Louis Lambert International Airport,38.5451731,-89.8351856,38.7486982,-90.3700257,2026-01-12,January 12th - Monday,w_0028,0.0,0.2,0.6,0.2,173,"[8877, 8874, 8875, 8888, 8913, 8919, 8920, 9019, 9021, 9044, 9244, 9251, 9273, 9279, 9303, 9304, 9311, 9334, 9339, 9341, 9540, 9545, 9559, 9563, 9566, 9612, 9613, 9705, 9621, 11919, 11843, 11925, 11883, 11949, 11951, 11981, 11984, 11987, 12208, 12142, 12216, 12150, 12235, 12177, 12241, 12258, 12259, 12263, 12591, 12545, 12596, 12553, 12615, 13324, 13328, 13351, 13356, 13371, 13372, 13376, 13377, 13404, 13406, 13700, 13703, 13605, 13630, 13636, 13637, 13648, 13651, 13653, 13646, 13639, 13644, 13641, 13180, 13183, 13181, 13182, 13206, 13209, 13210, 13208, 13217, 13171, 13172, 13168, 13053, 13088, 13054, 13076, 13083, 13080, 13105, 13118, 13104, 13116, 13120, 13023, 13272, 13274, 13277, 13280, 13278, 13033, 13285, 13283, 13284, 13282, 6470, 13038, 13014, 6438, 6436, 6433, 6407, 6419, 6413, 6418, 6414, 6429, 6431, 6456, 6502, 6370, 6368, 6366, 6349, 6480, 6347, 6345, 6329, 6327, 6324, 6330, 6245, 6250, 6248, 6247, 6267, 6270, 6272, 6279, 6280, 6278, 6263, 6259, 6959, 6924, 6919, 6895, 6891, 6889, 6073, 6067, 6054, 6051, 6047, 6026, 6001, 5999, 5663, 5659, 5656, 5632, 5622, 5621, 5615, 5380, 5588, 5362, 5364]",0.0472666000132449,success,,143.58305411483926,158.02243646133655,16.499252054849745,9.618444664080096,51.400000000000034,19.350917209418014
stl_midamerica_to_st_louis_lambert_2026-01-12_0029,midamerica_to_st_louis_lambert,MidAmerica to St. Louis Lambert,MidAmerica St. Louis Airport,St. Louis Lambert International Airport,38.5451731,-89.8351856,38.7486982,-90.3700257,2026-01-12,January 12th - Monday,w_0029,0.0,0.2,0.7,0.1,173,"[8877, 8874, 8875, 8888, 8913, 8919, 8920, 9019, 9021, 9044, 9244, 9251, 9273, 9279, 9303, 9304, 9311, 9334, 9339, 9341, 9540, 9545, 9559, 9563, 9566, 9612, 9613, 9705, 9621, 11919, 11843, 11925, 11883, 11949, 11951, 11981, 11984, 11987, 12208, 12142, 12216, 12150, 12235, 12177, 12241, 12258, 12259, 12263, 12591, 12545, 12596, 12553, 12615, 13324, 13328, 13351, 13356, 13371, 13372, 13376, 13377, 13404, 13406, 13700, 13703, 13605, 13630, 13636, 13637, 13648, 13651, 13653, 13646, 13639, 13644, 13641, 13180, 13183, 13181, 13182, 13206, 13209, 13210, 13208, 13217, 13171, 13172, 13168, 13053, 13088, 13054, 13076, 13083, 13080, 13105, 13118, 13104, 13116, 13120, 13023, 13272, 13274, 13277, 13280, 13278, 13033, 13285, 13283, 13284, 13282, 6470, 13038, 13014, 6438, 6436, 6433, 6407, 6419, 6413, 6418, 6414, 6429, 6431, 6456, 6502, 6370, 6368, 6366, 6349, 6480, 6347, 6345, 6329, 6327, 6324, 6330, 6245, 6250, 6248, 6247, 6267, 6270, 6272, 6279, 6280, 6278, 6263, 6259, 6959, 6924, 6919, 6895, 6891, 6889, 6073, 6067, 6054, 6051, 6047, 6026, 6001, 5999, 5663, 5659, 5656, 5632, 5622, 5621, 5615, 5380, 5588, 5362, 5364]",0.045155400002840906,success,,143.58305411483926,158.02243646133655,16.499252054849745,9.618444664080096,51.400000000000034,15.17276167582602
stl_midamerica_to_st_louis_lambert_2026-01-12_0030,midamerica_to_st_louis_lambert,MidAmerica to St. Louis Lambert,MidAmerica St. Louis Airport,St. Louis Lambert International Airport,38.5451731,-89.8351856,38.7486982,-90.3700257,2026-01-12,January 12th - Monday,w_0030,0.0,0.2,0.8,0.0,179,"[8877, 8874, 8860, 8887, 8889, 8914, 8916, 9014, 8944, 9042, 9045, 9048, 9049, 9284, 9288, 9280, 9304, 9311, 9334, 9339, 9341, 9540, 9545, 9559, 9563, 9566, 9612, 9613, 9705, 9621, 11919, 11843, 11925, 11883, 11949, 11951, 11981, 11984, 11987, 12208, 12142, 12216, 12150, 12235, 12177, 12241, 12258, 12259, 12263, 12591, 12545, 12596, 12553, 12615, 13324, 13328, 13351, 13356, 13371, 13372, 13376, 13377, 13404, 13406, 13700, 13703, 13605, 13630, 13636, 13637, 13648, 13651, 13653, 13646, 13639, 13644, 13641, 13180, 13183, 13181, 13182, 13206, 13209, 13210, 13208, 13217, 13171, 13172, 13168, 13053, 13088, 13054, 13076, 13083, 13080, 13105, 13118, 13104, 13116, 13120, 13023, 13272, 13274, 13277, 13280, 13278, 13033, 13285, 13283, 13284, 13282, 6470, 13038, 13014, 6438, 6436, 6433, 6407, 6419, 6413, 6418, 6414, 6426, 6428, 6453, 6458, 6502, 6370, 6368, 6366, 6349, 6480, 6347, 6345, 6329, 6327, 6324, 6330, 6245, 6250, 6248, 6247, 6267, 6270, 6272, 6279, 6280, 6278, 6263, 6259, 6959, 6924, 6919, 6895, 6891, 6889, 6073, 6067, 6054, 6051, 6047, 6026, 6001, 5999, 5663, 5659, 5656, 5632, 5622, 5621, 5624, 5638, 5614, 5645, 5609, 5606, 5590, 5586, 5364]",0.04314740002155304,success,,148.4946883980844,163.42800762173727,16.950387729175784,9.117717148200558,59.00000000000005,10.684251264395604
stl_midamerica_to_st_louis_lambert_2026-01-12_0031,midamerica_to_st_louis_lambert,MidAmerica to St. Louis Lambert,MidAmerica St. Louis Airport,St. Louis Lambert International Airport,38.5451731,-89.8351856,38.7486982,-90.3700257,2026-01-12,January 12th - Monday,w_0031,0.0,0.3,0.0,0.7,149,"[8877, 8880, 8902, 8917, 8943, 8947, 8951, 9043, 9047, 9051, 9252, 9279, 9303, 9304, 9311, 9334, 9339, 9341, 9540, 9545, 9559, 9563, 9566, 9612, 9613, 9705, 9621, 11919, 11843, 11925, 11883, 11949, 11951, 11981, 11984, 11987, 12115, 12121, 12145, 12149, 12164, 12165, 12171, 12477, 12502, 12504, 12527, 12528, 12334, 12346, 12353, 13411, 12364, 13432, 13437, 13451, 13457, 13459, 13486, 12907, 12910, 12935, 12939, 13153, 13189, 13190, 13191, 13173, 13171, 13172, 13170, 13089, 13091, 13090, 13081, 13083, 13080, 13082, 13100, 13099, 13095, 13069, 12967, 12740, 12741, 12743, 12722, 12723, 12947, 12960, 12975, 12980, 12979, 6406, 6410, 6433, 6435, 6449, 6475, 6478, 6474, 6461, 6455, 6453, 6430, 6334, 6310, 6307, 6302, 6300, 6301, 6313, 6288, 6289, 4874, 4872, 5970, 5971, 6196, 5974, 6191, 6193, 6225, 6218, 6222, 6220, 6216, 6894, 6892, 6887, 6889, 6073, 6067, 6052, 6048, 6029, 6004, 6002, 6514, 6513, 5661, 5657, 5636, 5623, 5619, 5384, 5592, 5586, 5364]",0.04683599999407306,success,,123.78743182781093,136.23607396647955,15.824251228904442,28.910473441394075,45.80000000000003,36.807275368671355
stl_midamerica_to_st_louis_lambert_2026-01-12_0032,midamerica_to_st_louis_lambert,MidAmerica to St. Louis Lambert,MidAmerica St. Louis Airport,St. Louis Lambert International Airport,38.5451731,-89.8351856,38.7486982,-90.3700257,2026-01-12,January 12th - Monday,w_0032,0.0,0.3,0.1,0.6,166,"[8877, 8880, 8902, 8917, 8943, 8947, 8951, 9043, 9047, 9051, 9252, 9279, 9303, 9304, 9311, 9334, 9339, 9341, 9540, 9545, 9559, 9563, 9566, 9612, 9613, 9705, 9621, 11919, 11843, 11925, 11883, 11949, 11951, 11981, 11984, 11987, 12208, 12142, 12216, 12150, 12235, 12177, 12241, 12258, 12259, 12263, 12591, 12545, 12596, 12553, 12615, 13324, 13328, 13351, 13356, 13371, 13372, 13376, 13377, 13404, 13406, 13700, 13703, 13605, 13630, 13636, 13637, 13648, 13651, 13653, 13646, 13639, 13644, 13641, 13180, 13183, 13181, 13182, 13206, 13209, 13210, 13208, 13217, 13171, 13172, 13216, 13126, 13092, 13125, 13106, 13083, 13080, 13105, 13118, 13104, 13116, 13120, 13023, 13272, 13274, 13277, 13280, 13278, 13033, 13044, 13039, 13013, 13014, 6438, 6436, 6433, 6407, 6444, 6445, 6449, 6475, 6478, 6474, 6461, 6455, 6453, 6454, 6363, 6364, 6342, 6349, 6480, 6347, 6345, 6329, 6327, 6324, 6291, 6204, 6201, 6198, 6199, 6194, 6227, 6226, 6218, 6213, 6214, 6210, 6064, 6892, 6887, 6889, 6073, 6067, 6052, 6048, 6029, 6004, 6002, 6514, 6513, 5661, 5657, 5636, 5623, 5619, 5384, 5592, 5586, 5364]",0.04797719998168759,success,,138.40556803621953,152.3242782076908,16.23258969803832,15.937162202820357,45.80000000000003,33.94349312969355
stl_midamerica_to_st_louis_lambert_2026-01-12_0033,midamerica_to_st_louis_lambert,MidAmerica to St. Louis Lambert,MidAmerica St. Louis Airport,St. Louis Lambert International Airport,38.5451731,-89.8351856,38.7486982,-90.3700257,2026-01-12,January 12th - Monday,w_0033,0.0,0.3,0.2,0.5,165,"[8877, 8880, 8902, 8917, 8943, 8947, 8951, 9043, 9047, 9051, 9252, 9279, 9303, 9304, 9311, 9334, 9339, 9341, 9540, 9545, 9559, 9563, 9566, 9612, 9613, 9705, 9621, 11919, 11843, 11925, 11883, 11949, 11951, 11981, 11984, 11987, 12208, 12142, 12216, 12150, 12235, 12177, 12241, 12258, 12259, 12263, 12591, 12545, 12596, 12553, 12615, 13324, 13328, 13351, 13356, 13371, 13372, 13376, 13377, 13404, 13406, 13700, 13703, 13605, 13630, 13636, 13637, 13648, 13651, 13653, 13646, 13639, 13644, 13641, 13180, 13183, 13181, 13182, 13206, 13209, 13210, 13208, 13217, 13171, 13172, 13216, 13126, 13092, 13125, 13106, 13083, 13080, 13105, 13118, 13104, 13116, 13120, 13023, 13272, 13274, 13277, 13280, 13278, 13033, 13044, 13039, 13013, 13014, 6438, 6436, 6433, 6407, 6444, 6445, 6471, 6447, 6442, 6429, 6423, 6427, 6454, 6338, 6339, 6342, 6349, 6480, 6347, 6345, 6329, 6327, 6324, 6291, 6204, 6201, 6198, 6199, 6194, 6227, 6226, 6218, 6213, 6214, 6210, 6064, 6892, 6887, 6889, 6073, 6067, 6052, 6048, 6029, 6004, 6002, 6514, 6513, 5661, 5657, 5636, 5623, 5619, 5384, 5592, 5586, 5364]",0.047637299983762205,success,,138.10776431551508,151.99652595431323,15.960227914025639,13.981575256555473,46.400000000000034,30.784383425518804
stl_midamerica_to_st_louis_lambert_2026-01-12_0034,midamerica_to_st_louis_lambert,MidAmerica to St. Louis Lambert,MidAmerica St. Louis Airport,St. Louis Lambert International Airport,38.5451731,-89.8351856,38.7486982,-90.3700257,2026-01-12,January 12th - Monday,w_0034,0.0,0.3,0.3,0.4,166,"[8877, 8874, 8875, 8888, 8913, 8919, 8920, 9019, 9021, 9044, 9244, 9251, 9273, 9279, 9303, 9304, 9311, 9334, 9339, 9341, 9540, 9545, 9559, 9563, 9566, 9612, 9613, 9705, 9621, 11919, 11843, 11925, 11883, 11949, 11951, 11981, 11984, 11987, 12208, 12142, 12216, 12150, 12235, 12177, 12241, 12258, 12259, 12263, 12591, 12545, 12596, 12553, 12615, 13324, 13328, 13351, 13356, 13371, 13372, 13376, 13377, 13404, 13406, 13700, 13703, 13605, 13630, 13636, 13637, 13648, 13651, 13653, 13646, 13639, 13644, 13641, 13180, 13183, 13181, 13182, 13206, 13209, 13210, 13208, 13217, 13171, 13172, 13216, 13126, 13092, 13125, 13106, 13083, 13080, 13105, 13118, 13104, 13116, 13120, 13023, 13272, 13274, 13277, 13280, 13278, 13033, 13044, 13039, 13013, 13014, 6438, 6436, 6433, 6407, 6444, 6417, 6418, 6414, 6429, 6431, 6456, 6502, 6370, 6368, 6366, 6349, 6480, 6347, 6345, 6329, 6327, 6324, 6291, 6204, 6201, 6198, 6199, 6194, 6227, 6226, 6218, 6213, 6214, 6210, 6064, 6892, 6887, 6889, 6073, 6067, 6052, 6048, 6029, 6004, 6002, 6514, 6513, 5661, 5657, 5636, 5623, 5619, 5384, 5592, 5586, 5364]",0.04708069999469444,success,,138.473839161435,152.39941499603262,15.24279080571974,12.275079694423548,48.00000000000003,27.455361150043
stl_midamerica_to_st_louis_lambert_2026-01-12_0035,midamerica_to_st_louis_lambert,MidAmerica to St. Louis Lambert,MidAmerica St. Louis Airport,St. Louis Lambert International Airport,38.5451731,-89.8351856,38.7486982,-90.3700257,2026-01-12,January 12th - Monday,w_0035,0.0,0.3,0.4,0.3,167,"[8877, 8874, 8875, 8888, 8913, 8919, 8920, 9019, 9021, 9044, 9244, 9251, 9273, 9279, 9303, 9304, 9311, 9334, 9339, 9341, 9540, 9545, 9559, 9563, 9566, 9612, 9613, 9705, 9621, 11919, 11843, 11925, 11883, 11949, 11951, 11981, 11984, 11987, 12208, 12142, 12216, 12150, 12235, 12177, 12241, 12258, 12259, 12263, 12591, 12545, 12596, 12553, 12615, 13324, 13328, 13351, 13356, 13371, 13372, 13376, 13377, 13404, 13406, 13700, 13703, 13605, 13630, 13636, 13637, 13648, 13651, 13653, 13646, 13639, 13644, 13641, 13180, 13183, 13181, 13182, 13206, 13209, 13210, 13208, 13217, 13171, 13172, 13216, 13126, 13092, 13125, 13106, 13083, 13080, 13105, 13118, 13104, 13116, 13120, 13023, 13272, 13274, 13277, 13280, 13278, 13033, 13044, 13039, 13013, 13014, 6438, 6436, 6433, 6407, 6419, 6413, 6418, 6414, 6429, 6431, 6456, 6502, 6370, 6368, 6366, 6349, 6480, 6347, 6345, 6329, 6327, 6324, 6291, 6204, 6201, 6198, 6199, 6194, 6227, 6226, 6218, 6213, 6214, 6210, 6064, 6892, 6887, 6889, 6073, 6067, 6054, 6051, 6047, 6026, 6001, 5999, 5663, 5659, 5656, 5632, 5622, 5621, 5615, 5380, 5588, 5362, 5364]",0.04807060002349317,success,,138.8492570380897,152.81258664728236,15.026736271295073,11.05285296370576,49.60000000000003,23.809162066870833
stl_midamerica_to_st_louis_lambert_2026-01-12_0036,midamerica_to_st_louis_lambert,MidAmerica to St. Louis Lambert,MidAmerica St. Louis Airport,St. Louis Lambert International Airport,38.5451731,-89.8351856,38.7486982,-90.3700257,2026-01-12,January 12th - Monday,w_0036,0.0,0.3,0.5,0.2,170,"[8877, 8874, 8875, 8888, 8913, 8919, 8920, 9019, 9021, 9044, 9244, 9251, 9273, 9279, 9303, 9304, 9311, 9334, 9339, 9341, 9540, 9545, 9559, 9563, 9566, 9612, 9613, 9705, 9621, 11919, 11843, 11925, 11883, 11949, 11951, 11981, 11984, 11987, 12208, 12142, 12216, 12150, 12235, 12177, 12241, 12258, 12259, 12263, 12591, 12545, 12596, 12553, 12615, 13324, 13328, 13351, 13356, 13371, 13372, 13376, 13377, 13404, 13406, 13700, 13703, 13605, 13630, 13636, 13637, 13648, 13651, 13653, 13646, 13639, 13644, 13641, 13180, 13183, 13181, 13182, 13206, 13209, 13210, 13208, 13217, 13171, 13172, 13216, 13126, 13092, 13125, 13106, 13083, 13080, 13105, 13118, 13104, 13116, 13120, 13023, 13272, 13274, 13277, 13280, 13278, 13033, 13044, 13039, 13013, 13014, 6438, 6436, 6433, 6407, 6419, 6413, 6418, 6414, 6429, 6431, 6456, 6502, 6370, 6368, 6366, 6349, 6480, 6347, 6345, 6329, 6327, 6324, 6330, 6245, 6250, 6248, 6247, 6267, 6270, 6272, 6279, 6280, 6278, 6263, 6259, 6959, 6924, 6919, 6895, 6891, 6889, 6073, 6067, 6054, 6051, 6047, 6026, 6001, 5999, 5663, 5659, 5656, 5632, 5622, 5621, 5615, 5380, 5588, 5362, 5364]",0.046444599982351065,success,,141.74639245666316,156.00107153098773,14.987318186337367,10.316887813716404,51.400000000000034,19.93463936275942
stl_midamerica_to_st_louis_lambert_2026-01-12_0037,midamerica_to_st_louis_lambert,MidAmerica to St. Louis Lambert,MidAmerica St. Louis Airport,St. Louis Lambert International Airport,38.5451731,-89.8351856,38.7486982,-90.3700257,2026-01-12,January 12th - Monday,w_0037,0.0,0.3,0.6,0.1,173,"[8877, 8874, 8875, 8888, 8913, 8919, 8920, 9019, 9021, 9044, 9244, 9251, 9273, 9279, 9303, 9304, 9311, 9334, 9339, 9341, 9540, 9545, 9559, 9563, 9566, 9612, 9613, 9705, 9621, 11919, 11843, 11925, 11883, 11949, 11951, 11981, 11984, 11987, 12208, 12142, 12216, 12150, 12235, 12177, 12241, 12258, 12259, 12263, 12591, 12545, 12596, 12553, 12615, 13324, 13328, 13351, 13356, 13371, 13372, 13376, 13377, 13404, 13406, 13700, 13703, 13605, 13630, 13636, 13637, 13648, 13651, 13653, 13646, 13639, 13644, 13641, 13180, 13183, 13181, 13182, 13206, 13209, 13210, 13208, 13217, 13171, 13172, 13216, 13126, 13092, 13125, 13106, 13083, 13080, 13105, 13118, 13104, 13116, 13120, 13023, 13272, 13274, 13277, 13280, 13278, 13033, 13285, 13283, 13284, 13282, 6470, 13038, 13014, 6438, 6436, 6433, 6407, 6419, 6413, 6418, 6414, 6429, 6431, 6456, 6502, 6370, 6368, 6366, 6349, 6480, 6347, 6345, 6329, 6327, 6324, 6330, 6245, 6250, 6248, 6247, 6267, 6270, 6272, 6279, 6280, 6278, 6263, 6259, 6959, 6924, 6919, 6895, 6891, 6889, 6073, 6067, 6054, 6051, 6047, 6026, 6001, 5999, 5663, 5659, 5656, 5632, 5622, 5621, 5615, 5380, 5588, 5362, 5364]",0.04791200000909157,success,,143.58385446852304,158.0233173023238,15.68853765550629,9.931009738000862,51.400000000000034,15.805167139452408
stl_midamerica_to_st_louis_lambert_2026-01-12_0038,midamerica_to_st_louis_lambert,MidAmerica to St. Louis Lambert,MidAmerica St. Louis Airport,St. Louis Lambert International Airport,38.5451731,-89.8351856,38.7486982,-90.3700257,2026-01-12,January 12th - Monday,w_0038,0.0,0.3,0.7,0.0,179,"[8877, 8874, 8860, 8887, 8889, 8914, 8916, 9014, 8944, 9042, 9045, 9048, 9049, 9284, 9288, 9280, 9304, 9311, 9334, 9339, 9341, 9540, 9545, 9559, 9563, 9566, 9612, 9613, 9705, 9621, 11919, 11843, 11925, 11883, 11949, 11951, 11981, 11984, 11987, 12208, 12142, 12216, 12150, 12235, 12177, 12241, 12258, 12259, 12263, 12591, 12545, 12596, 12553, 12615, 13324, 13328, 13351, 13356, 13371, 13372, 13376, 13377, 13404, 13406, 13700, 13703, 13605, 13630, 13636, 13637, 13648, 13651, 13653, 13646, 13639, 13644, 13641, 13180, 13183, 13181, 13182, 13206, 13209, 13210, 13208, 13217, 13171, 13172, 13216, 13126, 13092, 13125, 13106, 13083, 13080, 13105, 13118, 13104, 13116, 13120, 13023, 13272, 13274, 13277, 13280, 13278, 13033, 13285, 13283, 13284, 13282, 6470, 13038, 13014, 6438, 6436, 6433, 6407, 6419, 6413, 6418, 6414, 6426, 6428, 6453, 6458, 6502, 6370, 6368, 6366, 6349, 6480, 6347, 6345, 6329, 6327, 6324, 6330, 6245, 6250, 6248, 6247, 6267, 6270, 6272, 6279, 6280, 6278, 6263, 6259, 6959, 6924, 6919, 6895, 6891, 6889, 6073, 6067, 6054, 6051, 6047, 6026, 6001, 5999, 5663, 5659, 5656, 5632, 5622, 5621, 5624, 5638, 5614, 5645, 5609, 5606, 5590, 5586, 5364]",0.044364400004269555,success,,148.49548875176816,163.4288884627245,16.139673329832334,9.43028222212132,59.00000000000005,11.443099554434625
stl_midamerica_to_st_louis_lambert_2026-01-12_0039,midamerica_to_st_louis_lambert,MidAmerica to St. Louis Lambert,MidAmerica St. Louis Airport,St. Louis Lambert International Airport,38.5451731,-89.8351856,38.7486982,-90.3700257,2026-01-12,January 12th - Monday,w_0039,0.0,0.4,0.0,0.6,149,"[8877, 8880, 8902, 8917, 8943, 8947, 8951, 9043, 9047, 9051, 9252, 9279, 9303, 9304, 9311, 9334, 9339, 9341, 9540, 9545, 9559, 9563, 9566, 9612, 9613, 9705, 9621, 11919, 11843, 11925, 11883, 11949, 11951, 11981, 11984, 11987, 12115, 12121, 12145, 12149, 12164, 12165, 12171, 12477, 12502, 12504, 12527, 12528, 12334, 12346, 12353, 13411, 12364, 13432, 13437, 13451, 13457, 13459, 13486, 12907, 12910, 12935, 12939, 13153, 13189, 13190, 13191, 13173, 13171, 13172, 13170, 13089, 13091, 13090, 13081, 13083, 13080, 13082, 13100, 13099, 13095, 13069, 12967, 12740, 12741, 12743, 12722, 12723, 12947, 12960, 12975, 12980, 12979, 6406, 6410, 6433, 6435, 6449, 6475, 6472, 6451, 6457, 6431, 6427, 6425, 6311, 6306, 6307, 6302, 6300, 6301, 6313, 6288, 6289, 4874, 4872, 5970, 5971, 6196, 5974, 6191, 6193, 6225, 6218, 6222, 6220, 6216, 6894, 6892, 6887, 6889, 6073, 6067, 6052, 6048, 6029, 6004, 6002, 6514, 6513, 5661, 5657, 5636, 5623, 5619, 5384, 5592, 5586, 5364]",0.04815089999465272,success,,123.33169097241431,135.73450168269775,14.922231114210343,28.589297977561724,46.400000000000034,33.80889244568416
stl_midamerica_to_st_louis_lambert_2026-01-12_0040,midamerica_to_st_louis_lambert,MidAmerica to St. Louis Lambert,MidAmerica St. Louis Airport,St. Louis Lambert International Airport,38.5451731,-89.8351856,38.7486982,-90.3700257,2026-01-12,January 12th - Monday,w_0040,0.0,0.4,0.1,0.5,166,"[8877, 8880, 8902, 8917, 8943, 8947, 8951, 9043, 9047, 9051, 9252, 9279, 9303, 9304, 9311, 9334, 9339, 9341, 9540, 9545, 9559, 9563, 9566, 9612, 9613, 9705, 9621, 11919, 11843, 11925, 11883, 11949, 11951, 11981, 11984, 11987, 12208, 12142, 12216, 12150, 12235, 12177, 12241, 12258, 12259, 12263, 12591, 12545, 12596, 12553, 12615, 13324, 13328, 13351, 13356, 13371, 13372, 13376, 13377, 13404, 13406, 13700, 13703, 13605, 13630, 13636, 13637, 13648, 13651, 13653, 13646, 13639, 13644, 13641, 13180, 13183, 13181, 13182, 13206, 13209, 13210, 13208, 13217, 13171, 13172, 13216, 13126, 13092, 13125, 13106, 13083, 13080, 13105, 13118, 13104, 13102, 13098, 12986, 12993, 13017, 13020, 13027, 13029, 13028, 13009, 13005, 12984, 13008, 6411, 6436, 6433, 6407, 6444, 6445, 6449, 6475, 6472, 6451, 6457, 6431, 6427, 6454, 6363, 6364, 6342, 6349, 6480, 6347, 6345, 6329, 6327, 6324, 6291, 6204, 6201, 6198, 6199, 6194, 6227, 6226, 6218, 6213, 6214, 6210, 6064, 6892, 6887, 6889, 6073, 6067, 6052, 6048, 6029, 6004, 6002, 6514, 6513, 5661, 5657, 5636, 5623, 5619, 5384, 5592, 5586, 5364]",0.04833160000271164,success,,139.31942151017017,153.3300330539892,15.153855050036972,16.022246795775573,46.400000000000034,30.863766699592365
stl_midamerica_to_st_louis_lambert_2026-01-12_0041,midamerica_to_st_louis_lambert,MidAmerica to St. Louis Lambert,MidAmerica St. Louis Airport,St. Louis Lambert International Airport,38.5451731,-89.8351856,38.7486982,-90.3700257,2026-01-12,January 12th - Monday,w_0041,0.0,0.4,0.2,0.4,164,"[8877, 8880, 8902, 8917, 8943, 8947, 8951, 9043, 9047, 9051, 9252, 9279, 9303, 9304, 9311, 9334, 9339, 9341, 9540, 9545, 9559, 9563, 9566, 9612, 9613, 9705, 9621, 11919, 11843, 11925, 11883, 11949, 11951, 11981, 11984, 11987, 12208, 12142, 12216, 12150, 12235, 12177, 12241, 12258, 12259, 12263, 12591, 12545, 12596, 12553, 12615, 13324, 13328, 13351, 13356, 13371, 13372, 13376, 13377, 13404, 13406, 13700, 13703, 13605, 13630, 13636, 13637, 13648, 13651, 13653, 13646, 13639, 13644, 13641, 13180, 13183, 13181, 13182, 13206, 13209, 13210, 13208, 13217, 13171, 13172, 13216, 13126, 13092, 13125, 13106, 13083, 13080, 13105, 13118, 13104, 13116, 13120, 13023, 13272, 13274, 13277, 13280, 13278, 13033, 13044, 13039, 13013, 13014, 6438, 6436, 6433, 6407, 6444, 6417, 6418, 6414, 6426, 6423, 6427, 6454, 6338, 6339, 6342, 6349, 6480, 6347, 6345, 6329, 6327, 6324, 6291, 6204, 6201, 6198, 6199, 6194, 6227, 6226, 6218, 6213, 6214, 6210, 6064, 6892, 6887, 6889, 6073, 6067, 6052, 6048, 6029, 6004, 6002, 6514, 6513, 5661, 5657, 5636, 5623, 5619, 5384, 5592, 5586, 5364]",0.04840130000957288,success,,136.66203550166793,150.40540790048104,14.92763213557141,14.103959324004409,47.000000000000036,27.59184471902946
stl_midamerica_to_st_louis_lambert_2026-01-12_0042,midamerica_to_st_louis_lambert,MidAmerica to St. Louis Lambert,MidAmerica St. Louis Airport,St. Louis Lambert International Airport,38.5451731,-89.8351856,38.7486982,-90.3700257,2026-01-12,January 12th - Monday,w_0042,0.0,0.4,0.3,0.3,166,"[8877, 8874, 8875, 8888, 8913, 8919, 8920, 9019, 9021, 9044, 9244, 9251, 9273, 9279, 9303, 9304, 9311, 9334, 9339, 9341, 9540, 9545, 9559, 9563, 9566, 9612, 9613, 9705, 9621, 11919, 11843, 11925, 11883, 11949, 11951, 11981, 11984, 11987, 12208, 12142, 12216, 12150, 12235, 12177, 12241, 12258, 12259, 12263, 12591, 12545, 12596, 12553, 12615, 13324, 13328, 13351, 13356, 13371, 13372, 13376, 13377, 13404, 13406, 13700, 13703, 13605, 13630, 13636, 13637, 13648, 13651, 13653, 13646, 13639, 13644, 13641, 13180, 13183, 13181, 13182, 13206, 13209, 13210, 13208, 13217, 13171, 13172, 13216, 13126, 13092, 13125, 13106, 13083, 13080, 13105, 13118, 13104, 13116, 13120, 13023, 13272, 13274, 13277, 13280, 13278, 13033, 13044, 13039, 13013, 13014, 6438, 6436, 6433, 6407, 6444, 6417, 6418, 6414, 6426, 6423, 6427, 6454, 6338, 6339, 6342, 6349, 6480, 6347, 6345, 6329, 6327, 6324, 6291, 6204, 6201, 6198, 6199, 6194, 6227, 6226, 6218, 6213, 6214, 6210, 6064, 6892, 6887, 6889, 6073, 6067, 6052, 6048, 6029, 6004, 6002, 6514, 6513, 5661, 5657, 5636, 5623, 5619, 5384, 5592, 5586, 5364]",0.04703929999959655,success,,137.93841359797864,151.8101445378811,14.914724076793666,12.623977266401168,48.00000000000003,24.153082810637827
stl_midamerica_to_st_louis_lambert_2026-01-12_0043,midamerica_to_st_louis_lambert,MidAmerica to St. Louis Lambert,MidAmerica St. Louis Airport,St. Louis Lambert International Airport,38.5451731,-89.8351856,38.7486982,-90.3700257,2026-01-12,January 12th - Monday,w_0043,0.0,0.4,0.4,0.2,167,"[8877, 8874, 8875, 8888, 8913, 8919, 8920, 9019, 9021, 9044, 9244, 9251, 9273, 9279, 9303, 9304, 9311, 9334, 9339, 9341, 9540, 9545, 9559, 9563, 9566, 9612, 9613, 9705, 9621, 11919, 11843, 11925, 11883, 11949, 11951, 11981, 11984, 11987, 12208, 12142, 12216, 12150, 12235, 12177, 12241, 12258, 12259, 12263, 12591, 12545, 12596, 12553, 12615, 13324, 13328, 13351, 13356, 13371, 13372, 13376, 13377, 13404, 13406, 13700, 13703, 13605, 13630, 13636, 13637, 13648, 13651, 13653, 13646, 13639, 13644, 13641, 13180, 13183, 13181, 13182, 13206, 13209, 13210, 13208, 13217, 13171, 13172, 13216, 13126, 13092, 13125, 13106, 13083, 13080, 13105, 13118, 13104, 13116, 13120, 13023, 13272, 13274, 13277, 13280, 13278, 13033, 13044, 13039, 13013, 13014, 6438, 6436, 6433, 6407, 6419, 6413, 6418, 6414, 6429, 6431, 6456, 6502, 6370, 6368, 6366, 6349, 6480, 6347, 6345, 6329, 6327, 6324, 6291, 6204, 6201, 6198, 6199, 6194, 6227, 6226, 6218, 6213, 6214, 6210, 6064, 6892, 6887, 6889, 6073, 6067, 6054, 6051, 6047, 6026, 6001, 5999, 5663, 5659, 5656, 5632, 5622, 5621, 5615, 5380, 5588, 5362, 5364]",0.04688529999111779,success,,138.8492570380897,152.81258664728236,15.026736271295073,11.05285296370576,49.60000000000003,20.351835694000343
stl_midamerica_to_st_louis_lambert_2026-01-12_0044,midamerica_to_st_louis_lambert,MidAmerica to St. Louis Lambert,MidAmerica St. Louis Airport,St. Louis Lambert International Airport,38.5451731,-89.8351856,38.7486982,-90.3700257,2026-01-12,January 12th - Monday,w_0044,0.0,0.4,0.5,0.1,170,"[8877, 8874, 8875, 8888, 8913, 8919, 8920, 9019, 9021, 9044, 9244, 9251, 9273, 9279, 9303, 9304, 9311, 9334, 9339, 9341, 9540, 9545, 9559, 9563, 9566, 9612, 9613, 9705, 9621, 11919, 11843, 11925, 11883, 11949, 11951, 11981, 11984, 11987, 12208, 12142, 12216, 12150, 12235, 12177, 12241, 12258, 12259, 12263, 12591, 12545, 12596, 12553, 12615, 13324, 13328, 13351, 13356, 13371, 13372, 13376, 13377, 13404, 13406, 13700, 13703, 13605, 13630, 13636, 13637, 13648, 13651, 13653, 13646, 13639, 13644, 13641, 13180, 13183, 13181, 13182, 13206, 13209, 13210, 13208, 13217, 13171, 13172, 13216, 13126, 13092, 13125, 13106, 13083, 13080, 13105, 13118, 13104, 13116, 13120, 13023, 13272, 13274, 13277, 13280, 13278, 13033, 13044, 13039, 13013, 13014, 6438, 6436, 6433, 6407, 6419, 6413, 6418, 6414, 6429, 6431, 6456, 6502, 6370, 6368, 6366, 6349, 6480, 6347, 6345, 6329, 6327, 6324, 6330, 6245, 6250, 6248, 6247, 6267, 6270, 6272, 6279, 6280, 6278, 6263, 6259, 6959, 6924, 6919, 6895, 6891, 6889, 6073, 6067, 6054, 6051, 6047, 6026, 6001, 5999, 5663, 5659, 5656, 5632, 5622, 5621, 5615, 5380, 5588, 5362, 5364]",0.045894899987615645,success,,141.74639245666316,156.00107153098773,14.987318186337367,10.316887813716404,51.400000000000034,16.293371181393155
stl_midamerica_to_st_louis_lambert_2026-01-12_0045,midamerica_to_st_louis_lambert,MidAmerica to St. Louis Lambert,MidAmerica St. Louis Airport,St. Louis Lambert International Airport,38.5451731,-89.8351856,38.7486982,-90.3700257,2026-01-12,January 12th - Monday,w_0045,0.0,0.4,0.6,0.0,191,"[8877, 8874, 8860, 8887, 8889, 8914, 8916, 9014, 8944, 9042, 9045, 9048, 9049, 9284, 9288, 9280, 9304, 9311, 9334, 9339, 9341, 9540, 9545, 9559, 9563, 9566, 9612, 9613, 9705, 9621, 11919, 11843, 11925, 11883, 11949, 11951, 11981, 11984, 11987, 12208, 12142, 12216, 12150, 12235, 12177, 12241, 12258, 12259, 12263, 12591, 12545, 12596, 12553, 12615, 13324, 13328, 13351, 13356, 13371, 13372, 13376, 13377, 13404, 13406, 13700, 13703, 13605, 13630, 13636, 13637, 13648, 13651, 13653, 13646, 13639, 13644, 13641, 13180, 13183, 13181, 13182, 13206, 13209, 13210, 13208, 13217, 13171, 13172, 13216, 13126, 13092, 13125, 13106, 13083, 13080, 13105, 13118, 13104, 13116, 13120, 13023, 13272, 13274, 13277, 13280, 13278, 13033, 13044, 13039, 13013, 13014, 6438, 6436, 6433, 6407, 6419, 6413, 6418, 6414, 6429, 6431, 6456, 6502, 6370, 6368, 6366, 6349, 6480, 6347, 6345, 6329, 6327, 6324, 6330, 6245, 6250, 6248, 6247, 6267, 6270, 6272, 6279, 6280, 6278, 6263, 6963, 6966, 6965, 6973, 6969, 6967, 6954, 6955, 6988, 6985, 6946, 6874, 6852, 6877, 6851, 6977, 6871, 6872, 6867, 6853, 6828, 6829, 6831, 6735, 6732, 6717, 6715, 6710, 6588, 6585, 6570, 5742, 5739, 5737, 5702, 5700, 5696, 5474, 5471, 5647, 5613, 5609, 5606, 5590, 5586, 5364]",0.042810100014321506,success,,157.39282518853366,173.22098259543037,9.0569241650728,12.568074189932684,70.00000000000006,11.16361417998873
stl_midamerica_to_st_louis_lambert_2026-01-12_0046,midamerica_to_st_louis_lambert,MidAmerica to St. Louis Lambert,MidAmerica St. Louis Airport,St. Louis Lambert International Airport,38.5451731,-89.8351856,38.7486982,-90.3700257,2026-01-12,January 12th - Monday,w_0046,0.0,0.5,0.0,0.5,150,"[8877, 8880, 8902, 8917, 8943, 8947, 8951, 9043, 9047, 9051, 9252, 9279, 9303, 9304, 9311, 9334, 9339, 9341, 9540, 9545, 9559, 9563, 9566, 9612, 9613, 9705, 9621, 11919, 11843, 11925, 11883, 11949, 11951, 11981, 11984, 11987, 12115, 12121, 12145, 12149, 12164, 12165, 12171, 12477, 12502, 12504, 12527, 12528, 12334, 12346, 12353, 13411, 12364, 13432, 13437, 13451, 13457, 13459, 13486, 12907, 12910, 12935, 12939, 13153, 13189, 13190, 13191, 13173, 13171, 13172, 13170, 13089, 13091, 13090, 13081, 13083, 13080, 13082, 13100, 13099, 13095, 13069, 12967, 12740, 12741, 12743, 12722, 12723, 12947, 12960, 12975, 12980, 12979, 6391, 6388, 6164, 6161, 6166, 6132, 6128, 6127, 6119, 6118, 11601, 4791, 4764, 4761, 4758, 4713, 4709, 4706, 4480, 4689, 4473, 4470, 4434, 4366, 4344, 4341, 4327, 4314, 4309, 4308, 3982, 3978, 3976, 3941, 4043, 4066, 4067, 4068, 4185, 4187, 4188, 4076, 4075, 4082, 4084, 5080, 5084, 5310, 5311, 5337, 5320, 5322, 5323, 5346, 5357, 5358, 5364]",0.046714399999473244,success,,125.25875002886495,137.85535479577933,10.304421648559991,38.543190326135836,50.400000000000034,30.352210824280014
stl_midamerica_to_st_louis_lambert_2026-01-12_0047,midamerica_to_st_louis_lambert,MidAmerica to St. Louis Lambert,MidAmerica St. Louis Airport,St. Louis Lambert International Airport,38.5451731,-89.8351856,38.7486982,-90.3700257,2026-01-12,January 12th - Monday,w_0047,0.0,0.5,0.1,0.4,164,"[8877, 8880, 8902, 8917, 8943, 8947, 8951, 9043, 9047, 9051, 9252, 9279, 9303, 9304, 9311, 9334, 9339, 9341, 9540, 9545, 9559, 9563, 9566, 9612, 9613, 9705, 9621, 11919, 11843, 11925, 11883, 11949, 11951, 11981, 11984, 11987, 12208, 12142, 12216, 12150, 12235, 12177, 12241, 12258, 12259, 12263, 12591, 12545, 12596, 12553, 12615, 13324, 13328, 13351, 13356, 13371, 13372, 13376, 13377, 13404, 13406, 13700, 13703, 13605, 13630, 13636, 13637, 13648, 13651, 13653, 13646, 13639, 13644, 13641, 13180, 13183, 13181, 13182, 13206, 13209, 13210, 13208, 13217, 13171, 13172, 13216, 13126, 13092, 13125, 13106, 13083, 13080, 13105, 13118, 13104, 13102, 13098, 12986, 12993, 13017, 13020, 13027, 13029, 13028, 13009, 13005, 12984, 13008, 6411, 6436, 6433, 6407, 6444, 6417, 6418, 6414, 6426, 6423, 6427, 6454, 6363, 6364, 6342, 6349, 6480, 6347, 6345, 6329, 6327, 6324, 6291, 6204, 6201, 6198, 6199, 6194, 6227, 6226, 6218, 6213, 6214, 6210, 6064, 6892, 6887, 6889, 6073, 6067, 6052, 6048, 6029, 6004, 6002, 6514, 6513, 5661, 5657, 5636, 5623, 5619, 5384, 5592, 5586, 5364]",0.04742919999989681,success,,137.4970817215576,151.32443026727958,14.75091760226416,14.747773277397386,47.000000000000036,27.650236128871832
stl_midamerica_to_st_louis_lambert_2026-01-12_0048,midamerica_to_st_louis_lambert,MidAmerica to St. Louis Lambert,MidAmerica St. Louis Airport,St. Louis Lambert International Airport,38.5451731,-89.8351856,38.7486982,-90.3700257,2026-01-12,January 12th - Monday,w_0048,0.0,0.5,0.2,0.3,166,"[8877, 8874, 8875, 8888, 8913, 8919, 8920, 9019, 9021, 9044, 9244, 9251, 9273, 9279, 9303, 9304, 9311, 9334, 9339, 9341, 9540, 9545, 9559, 9563, 9566, 9612, 9613, 9705, 9621, 11919, 11843, 11925, 11883, 11949, 11951, 11981, 11984, 11987, 12208, 12142, 12216, 12150, 12235, 12177, 12241, 12258, 12259, 12263, 12591, 12545, 12596, 12553, 12615, 13324, 13328, 13351, 13356, 13371, 13372, 13376, 13377, 13404, 13406, 13700, 13703, 13605, 13630, 13636, 13637, 13648, 13651, 13653, 13646, 13639, 13644, 13641, 13180, 13183, 13181, 13182, 13206, 13209, 13210, 13208, 13217, 13171, 13172, 13216, 13126, 13092, 13125, 13106, 13083, 13080, 13105, 13118, 13104, 13116, 13120, 13023, 13272, 13274, 13277, 13280, 13278, 13033, 13044, 13039, 13013, 13014, 6438, 6436, 6433, 6407, 6444, 6417, 6418, 6414, 6426, 6423, 6427, 6454, 6338, 6339, 6342, 6349, 6480, 6347, 6345, 6329, 6327, 6324, 6291, 6204, 6201, 6198, 6199, 6194, 6227, 6226, 6218, 6213, 6214, 6210, 6064, 6892, 6887, 6889, 6073, 6067, 6052, 6048, 6029, 6004, 6002, 6514, 6513, 5661, 5657, 5636, 5623, 5619, 5384, 5592, 5586, 5364]",0.04721319998498075,success,,137.93841359797864,151.8101445378811,14.914724076793666,12.623977266401168,48.00000000000003,24.382157491677077
stl_midamerica_to_st_louis_lambert_2026-01-12_0049,midamerica_to_st_louis_lambert,MidAmerica to St. Louis Lambert,MidAmerica St. Louis Airport,St. Louis Lambert International Airport,38.5451731,-89.8351856,38.7486982,-90.3700257,2026-01-12,January 12th - Monday,w_0049,0.0,0.5,0.3,0.2,187,"[8877, 8874, 8875, 8888, 8913, 8919, 8920, 9019, 9021, 9044, 9244, 9251, 9273, 9279, 9303, 9304, 9311, 9334, 9339, 9341, 9540, 9545, 9559, 9563, 9566, 9612, 9613, 9705, 9621, 11919, 11843, 11925, 11883, 11949, 11951, 11981, 11984, 11987, 12208, 12142, 12216, 12150, 12235, 12177, 12241, 12258, 12259, 12263, 12591, 12545, 12596, 12553, 12615, 13324, 13328, 13351, 13356, 13371, 13372, 13376, 13377, 13404, 13406, 13700, 13703, 13605, 13630, 13636, 13637, 13648, 13651, 13653, 13646, 13639, 13644, 13641, 13180, 13183, 13181, 13182, 13206, 13209, 13210, 13208, 13217, 13171, 13172, 13216, 13126, 13092, 13125, 13106, 13083, 13080, 13105, 13118, 13104, 13116, 13120, 13023, 13272, 13274, 13277, 13280, 13278, 13033, 13044, 13039, 13013, 13014, 6438, 6436, 6433, 6407, 6419, 6413, 6418, 6414, 6426, 6423, 6427, 6454, 6338, 6339, 6342, 6349, 6480, 6347, 6345, 6329, 6327, 6324, 6330, 6245, 6250, 6248, 6247, 6267, 6270, 6272, 6279, 6280, 6278, 6263, 6963, 6966, 6965, 6973, 6969, 6967, 6954, 6955, 6988, 6985, 6946, 6874, 6852, 6877, 6851, 6977, 6871, 6872, 6867, 6853, 6828, 6825, 6823, 6714, 6711, 5781, 5760, 5756, 5732, 5730, 5725, 5704, 5700, 5696, 5474, 5471, 5647, 5613, 5609, 5606, 5590, 5586, 5364]",0.04691930001717992,success,,153.76449638890344,169.22777211014687,6.190491810909773,15.82391167114726,64.00000000000006,20.642419406799075
stl_midamerica_to_st_louis_lambert_2026-01-12_0050,midamerica_to_st_louis_lambert,MidAmerica to St. Louis Lambert,MidAmerica St. Louis Airport,St. Louis Lambert International Airport,38.5451731,-89.8351856,38.7486982,-90.3700257,2026-01-12,January 12th - Monday,w_0050,0.0,0.5,0.4,0.1,187,"[8877, 8874, 8875, 8888, 8913, 8919, 8920, 9019, 9021, 9044, 9244, 9251, 9273, 9279, 9303, 9304, 9311, 9334, 9339, 9341, 9540, 9545, 9559, 9563, 9566, 9612, 9613, 9705, 9621, 11919, 11843, 11925, 11883, 11949, 11951, 11981, 11984, 11987, 12208, 12142, 12216, 12150, 12235, 12177, 12241, 12258, 12259, 12263, 12591, 12545, 12596, 12553, 12615, 13324, 13328, 13351, 13356, 13371, 13372, 13376, 13377, 13404, 13406, 13700, 13703, 13605, 13630, 13636, 13637, 13648, 13651, 13653, 13646, 13639, 13644, 13641, 13180, 13183, 13181, 13182, 13206, 13209, 13210, 13208, 13217, 13171, 13172, 13216, 13126, 13092, 13125, 13106, 13083, 13080, 13105, 13118, 13104, 13116, 13120, 13023, 13272, 13274, 13277, 13280, 13278, 13033, 13044, 13039, 13013, 13014, 6438, 6436, 6433, 6407, 6419, 6413, 6418, 6414, 6426, 6423, 6427, 6454, 6338, 6339, 6342, 6349, 6480, 6347, 6345, 6329, 6327, 6324, 6330, 6245, 6250, 6248, 6247, 6267, 6270, 6272, 6279, 6280, 6278, 6263, 6963, 6966, 6965, 6973, 6969, 6967, 6954, 6955, 6988, 6985, 6946, 6874, 6852, 6877, 6851, 6977, 6871, 6872, 6867, 6853, 6828, 6824, 6800, 6798, 6793, 6588, 6585, 6570, 5742, 5739, 5737, 5704, 5700, 5696, 5474, 5471, 5647, 5613, 5609, 5606, 5590, 5586, 5364]",0.04578190000029281,success,,152.70558114502964,168.06236740501254,7.863332749233209,13.682698700057285,64.00000000000006,15.804745854639524
stl_midamerica_to_st_louis_lambert_2026-01-12_0051,midamerica_to_st_louis_lambert,MidAmerica to St. Louis Lambert,MidAmerica St. Louis Airport,St. Louis Lambert International Airport,38.5451731,-89.8351856,38.7486982,-90.3700257,2026-01-12,January 12th - Monday,w_0051,0.0,0.5,0.5,0.0,191,"[8877, 8874, 8860, 8887, 8889, 8914, 8916, 9014, 8944, 9042, 9045, 9048, 9049, 9284, 9288, 9280, 9304, 9311, 9334, 9339, 9341, 9540, 9545, 9559, 9563, 9566, 9612, 9613, 9705, 9621, 11919, 11843, 11925, 11883, 11949, 11951, 11981, 11984, 11987, 12208, 12142, 12216, 12150, 12235, 12177, 12241, 12258, 12259, 12263, 12591, 12545, 12596, 12553, 12615, 13324, 13328, 13351, 13356, 13371, 13372, 13376, 13377, 13404, 13406, 13700, 13703, 13605, 13630, 13636, 13637, 13648, 13651, 13653, 13646, 13639, 13644, 13641, 13180, 13183, 13181, 13182, 13206, 13209, 13210, 13208, 13217, 13171, 13172, 13216, 13126, 13092, 13125, 13106, 13083, 13080, 13105, 13118, 13104, 13116, 13120, 13023, 13272, 13274, 13277, 13280, 13278, 13033, 13044, 13039, 13013, 13014, 6438, 6436, 6433, 6407, 6419, 6413, 6418, 6414, 6429, 6431, 6456, 6502, 6370, 6368, 6366, 6349, 6480, 6347, 6345, 6329, 6327, 6324, 6330, 6245, 6250, 6248, 6247, 6267, 6270, 6272, 6279, 6280, 6278, 6263, 6963, 6966, 6965, 6973, 6969, 6967, 6954, 6955, 6988, 6985, 6946, 6874, 6852, 6877, 6851, 6977, 6871, 6872, 6867, 6853, 6828, 6829, 6831, 6735, 6732, 6717, 6715, 5784, 5781, 5760, 5756, 5732, 5730, 5725, 5704, 5700, 5696, 5474, 5471, 5647, 5613, 5609, 5606, 5590, 5586, 5364]",0.04148529999656603,success,,157.3929186573834,173.22108546394406,6.514869780326635,14.961283947313321,70.00000000000006,10.738076863819979
stl_midamerica_to_st_louis_lambert_2026-01-12_0052,midamerica_to_st_louis_lambert,MidAmerica to St. Louis Lambert,MidAmerica St. Louis Airport,St. Louis Lambert International Airport,38.5451731,-89.8351856,38.7486982,-90.3700257,2026-01-12,January 12th - Monday,w_0052,0.0,0.6,0.0,0.4,150,"[8877, 8880, 8902, 8917, 8943, 8947, 8951, 9043, 9047, 9051, 9252, 9279, 9303, 9304, 9311, 9334, 9339, 9341, 9540, 9545, 9559, 9563, 9566, 9612, 9613, 9705, 9621, 11919, 11843, 11925, 11883, 11949, 11951, 11981, 11984, 11987, 12115, 12121, 12145, 12149, 12164, 12165, 12171, 12477, 12502, 12504, 12527, 12528, 12334, 12346, 12353, 13411, 12364, 13432, 13437, 13451, 13457, 13459, 13486, 12907, 12910, 12935, 12939, 13153, 13189, 13190, 13191, 13173, 13171, 13172, 13170, 13089, 13091, 13090, 13081, 13083, 13080, 13082, 13100, 13099, 13095, 13069, 12967, 12740, 12741, 12743, 12722, 12719, 12715, 12697, 12673, 12670, 12672, 6136, 6140, 6104, 6100, 6108, 6092, 6091, 6088, 11594, 11592, 11570, 4755, 4728, 4704, 4702, 4477, 4454, 4449, 4424, 4433, 4427, 4425, 4408, 4335, 4291, 4287, 4307, 4310, 4305, 3971, 3981, 3977, 3976, 3941, 4043, 4066, 4067, 4068, 4185, 4187, 4188, 4076, 4075, 4082, 4084, 5080, 5084, 5310, 5311, 5337, 5320, 5322, 5323, 5346, 5357, 5358, 5364]",0.04618920001666993,success,,124.71624154096402,137.25828912122904,9.893072708719073,40.024599425575815,51.000000000000036,26.335843625231462
stl_midamerica_to_st_louis_lambert_2026-01-12_0053,midamerica_to_st_louis_lambert,MidAmerica to St. Louis Lambert,MidAmerica St. Louis Airport,St. Louis Lambert International Airport,38.5451731,-89.8351856,38.7486982,-90.3700257,2026-01-12,January 12th - Monday,w_0053,0.0,0.6,0.1,0.3,185,"[8877, 8880, 8902, 8917, 8943, 8947, 8951, 9043, 9047, 9051, 9252, 9279, 9303, 9304, 9311, 9334, 9339, 9341, 9540, 9545, 9559, 9563, 9566, 9612, 9613, 9705, 9621, 11919, 11843, 11925, 11883, 11949, 11951, 11981, 11984, 11987, 12208, 12142, 12216, 12150, 12235, 12177, 12241, 12258, 12259, 12263, 12591, 12545, 12596, 12553, 12615, 13324, 13328, 13351, 13356, 13371, 13372, 13376, 13377, 13404, 13406, 13700, 13703, 13605, 13630, 13636, 13637, 13648, 13651, 13653, 13646, 13639, 13644, 13641, 13180, 13183, 13181, 13182, 13206, 13209, 13210, 13208, 13217, 13171, 13172, 13216, 13126, 13092, 13125, 13106, 13083, 13080, 13105, 13118, 13104, 13102, 13098, 12986, 12993, 13017, 13020, 13027, 13029, 13028, 13009, 13005, 12984, 13008, 6411, 6436, 6433, 6407, 6444, 6417, 6418, 6414, 6426, 6423, 6427, 6454, 6338, 6339, 6342, 6349, 6480, 6347, 6345, 6329, 6327, 6324, 6330, 6245, 6250, 6248, 6247, 6267, 6270, 6272, 6279, 6280, 6278, 6263, 6963, 6966, 6965, 6973, 6969, 6967, 6954, 6955, 6988, 6985, 6946, 6874, 6852, 6877, 6851, 6977, 6871, 6872, 6867, 6853, 6828, 6825, 6823, 6714, 6711, 5781, 5760, 5756, 5732, 5730, 5725, 5704, 5700, 5696, 5474, 5471, 5647, 5613, 5609, 5606, 5590, 5586, 5364]",0.047309999994467944,success,,153.32308050482635,168.74196538368722,6.026685336380268,18.528050351670483,62.40000000000005,24.188816236995223
stl_midamerica_to_st_louis_lambert_2026-01-12_0054,midamerica_to_st_louis_lambert,MidAmerica to St. Louis Lambert,MidAmerica St. Louis Airport,St. Louis Lambert International Airport,38.5451731,-89.8351856,38.7486982,-90.3700257,2026-01-12,January 12th - Monday,w_0054,0.0,0.6,0.2,0.2,187,"[8877, 8874, 8875, 8888, 8913, 8919, 8920, 9019, 9021, 9044, 9244, 9251, 9273, 9279, 9303, 9304, 9311, 9334, 9339, 9341, 9540, 9545, 9559, 9563, 9566, 9612, 9613, 9705, 9621, 11919, 11843, 11925, 11883, 11949, 11951, 11981, 11984, 11987, 12208, 12142, 12216, 12150, 12235, 12177, 12241, 12258, 12259, 12263, 12591, 12545, 12596, 12553, 12615, 13324, 13328, 13351, 13356, 13371, 13372, 13376, 13377, 13404, 13406, 13700, 13703, 13605, 13630, 13636, 13637, 13648, 13651, 13653, 13646, 13639, 13644, 13641, 13180, 13183, 13181, 13182, 13206, 13209, 13210, 13208, 13217, 13171, 13172, 13216, 13126, 13092, 13125, 13106, 13083, 13080, 13105, 13118, 13104, 13116, 13120, 13023, 13272, 13274, 13277, 13280, 13278, 13033, 13044, 13039, 13013, 13014, 6438, 6436, 6433, 6407, 6444, 6417, 6418, 6414, 6426, 6423, 6427, 6454, 6338, 6339, 6342, 6349, 6480, 6347, 6345, 6329, 6327, 6324, 6330, 6245, 6250, 6248, 6247, 6267, 6270, 6272, 6279, 6280, 6278, 6263, 6963, 6966, 6965, 6973, 6969, 6967, 6954, 6955, 6988, 6985, 6946, 6874, 6852, 6877, 6851, 6977, 6871, 6872, 6867, 6853, 6828, 6825, 6823, 6714, 6711, 5781, 5760, 5756, 5732, 5730, 5725, 5704, 5700, 5696, 5474, 5471, 5647, 5613, 5609, 5606, 5590, 5586, 5364]",0.046038699976634234,success,,153.76460801613632,169.2278949631355,6.190491810909773,16.404254340674264,63.40000000000005,19.675145954680726
stl_midamerica_to_st_louis_lambert_2026-01-12_0055,midamerica_to_st_louis_lambert,MidAmerica to St. Louis Lambert,MidAmerica St. Louis Airport,St. Louis Lambert International Airport,38.5451731,-89.8351856,38.7486982,-90.3700257,2026-01-12,January 12th - Monday,w_0055,0.0,0.6,0.3,0.1,187,"[8877, 8874, 8875, 8888, 8913, 8919, 8920, 9019, 9021, 9044, 9244, 9251, 9273, 9279, 9303, 9304, 9311, 9334, 9339, 9341, 9540, 9545, 9559, 9563, 9566, 9612, 9613, 9705, 9621, 11919, 11843, 11925, 11883, 11949, 11951, 11981, 11984, 11987, 12208, 12142, 12216, 12150, 12235, 12177, 12241, 12258, 12259, 12263, 12591, 12545, 12596, 12553, 12615, 13324, 13328, 13351, 13356, 13371, 13372, 13376, 13377, 13404, 13406, 13700, 13703, 13605, 13630, 13636, 13637, 13648, 13651, 13653, 13646, 13639, 13644, 13641, 13180, 13183, 13181, 13182, 13206, 13209, 13210, 13208, 13217, 13171, 13172, 13216, 13126, 13092, 13125, 13106, 13083, 13080, 13105, 13118, 13104, 13116, 13120, 13023, 13272, 13274, 13277, 13280, 13278, 13033, 13044, 13039, 13013, 13014, 6438, 6436, 6433, 6407, 6419, 6413, 6418, 6414, 6426, 6423, 6427, 6454, 6338, 6339, 6342, 6349, 6480, 6347, 6345, 6329, 6327, 6324, 6330, 6245, 6250, 6248, 6247, 6267, 6270, 6272, 6279, 6280, 6278, 6263, 6963, 6966, 6965, 6973, 6969, 6967, 6954, 6955, 6988, 6985, 6946, 6874, 6852, 6877, 6851, 6977, 6871, 6872, 6867, 6853, 6828, 6825, 6823, 6714, 6711, 5781, 5760, 5756, 5732, 5730, 5725, 5704, 5700, 5696, 5474, 5471, 5647, 5613, 5609, 5606, 5590, 5586, 5364]",0.043747899995651096,success,,153.76449638890344,169.22777211014687,6.190491810909773,15.82391167114726,64.00000000000006,14.861468587890048
stl_midamerica_to_st_louis_lambert_2026-01-12_0056,midamerica_to_st_louis_lambert,MidAmerica to St. Louis Lambert,MidAmerica St. Louis Airport,St. Louis Lambert International Airport,38.5451731,-89.8351856,38.7486982,-90.3700257,2026-01-12,January 12th - Monday,w_0056,0.0,0.6,0.4,0.0,191,"[8877, 8874, 8860, 8887, 8889, 8914, 8916, 9014, 8944, 9042, 9045, 9048, 9049, 9284, 9288, 9280, 9304, 9311, 9334, 9339, 9341, 9540, 9545, 9559, 9563, 9566, 9612, 9613, 9705, 9621, 11919, 11843, 11925, 11883, 11949, 11951, 11981, 11984, 11987, 12208, 12142, 12216, 12150, 12235, 12177, 12241, 12258, 12259, 12263, 12591, 12545, 12596, 12553, 12615, 13324, 13328, 13351, 13356, 13371, 13372, 13376, 13377, 13404, 13406, 13700, 13703, 13605, 13630, 13636, 13637, 13648, 13651, 13653, 13646, 13639, 13644, 13641, 13180, 13183, 13181, 13182, 13206, 13209, 13210, 13208, 13217, 13171, 13172, 13216, 13126, 13092, 13125, 13106, 13083, 13080, 13105, 13118, 13104, 13116, 13120, 13023, 13272, 13274, 13277, 13280, 13278, 13033, 13044, 13039, 13013, 13014, 6438, 6436, 6433, 6407, 6419, 6413, 6418, 6414, 6426, 6423, 6427, 6454, 6338, 6339, 6342, 6349, 6480, 6347, 6345, 6329, 6327, 6324, 6330, 6245, 6250, 6248, 6247, 6267, 6270, 6272, 6279, 6280, 6278, 6263, 6963, 6966, 6965, 6973, 6969, 6967, 6954, 6955, 6988, 6985, 6946, 6874, 6852, 6877, 6851, 6977, 6871, 6872, 6867, 6853, 6828, 6829, 6831, 6735, 6732, 6717, 6715, 5784, 5781, 5760, 5756, 5732, 5730, 5725, 5704, 5700, 5696, 5474, 5471, 5647, 5613, 5609, 5606, 5590, 5586, 5364]",0.04147460000240244,success,,156.8574930939271,172.63181500579253,6.186803051400562,15.310181519290941,70.00000000000006,9.836154438556715
stl_midamerica_to_st_louis_lambert_2026-01-12_0057,midamerica_to_st_louis_lambert,MidAmerica to St. Louis Lambert,MidAmerica St. Louis Airport,St. Louis Lambert International Airport,38.5451731,-89.8351856,38.7486982,-90.3700257,2026-01-12,January 12th - Monday,w_0057,0.0,0.7,0.0,0.3,150,"[8877, 8880, 8902, 8917, 8943, 8947, 8951, 9043, 9047, 9051, 9252, 9279, 9303, 9304, 9311, 9334, 9339, 9341, 9540, 9545, 9559, 9563, 9566, 9612, 9613, 9705, 9621, 11919, 11843, 11925, 11883, 11949, 11951, 11981, 11984, 11987, 12115, 12121, 12145, 12149, 12164, 12165, 12171, 12477, 12502, 12504, 12527, 12528, 12334, 12346, 12353, 13411, 12364, 13432, 13437, 13451, 13457, 13459, 13486, 12907, 12910, 12935, 12939, 13153, 13189, 13190, 13191, 13173, 13171, 13172, 13170, 13089, 13091, 13090, 13081, 13083, 13080, 13082, 13100, 13099, 13095, 13069, 12967, 12740, 12741, 12743, 12722, 12719, 12715, 12697, 12673, 12670, 12672, 6136, 6140, 6104, 6100, 6108, 6092, 6091, 6088, 11594, 11592, 11570, 4755, 4728, 4704, 4702, 4477, 4454, 4449, 4424, 4433, 4427, 4425, 4408, 4335, 4291, 4287, 4307, 4310, 4305, 3971, 3981, 3977, 3976, 3941, 4043, 4066, 4067, 4068, 4185, 4187, 4188, 4076, 4075, 4082, 4084, 5080, 5084, 5310, 5311, 5337, 5320, 5322, 5323, 5346, 5357, 5358, 5364]",0.0470111999893561,success,,124.71624154096402,137.25828912122904,9.893072708719073,40.024599425575815,51.000000000000036,22.22515089610336
stl_midamerica_to_st_louis_lambert_2026-01-12_0058,midamerica_to_st_louis_lambert,MidAmerica to St. Louis Lambert,MidAmerica St. Louis Airport,St. Louis Lambert International Airport,38.5451731,-89.8351856,38.7486982,-90.3700257,2026-01-12,January 12th - Monday,w_0058,0.0,0.7,0.1,0.2,185,"[8877, 8880, 8902, 8917, 8943, 8947, 8951, 9043, 9047, 9051, 9252, 9279, 9303, 9304, 9311, 9334, 9339, 9341, 9540, 9545, 9559, 9563, 9566, 9612, 9613, 9705, 9621, 11919, 11843, 11925, 11883, 11949, 11951, 11981, 11984, 11987, 12208, 12142, 12216, 12150, 12235, 12177, 12241, 12258, 12259, 12263, 12591, 12545, 12596, 12553, 12615, 13324, 13328, 13351, 13356, 13371, 13372, 13376, 13377, 13404, 13406, 13700, 13703, 13605, 13630, 13636, 13637, 13648, 13651, 13653, 13646, 13639, 13644, 13641, 13180, 13183, 13181, 13182, 13206, 13209, 13210, 13208, 13217, 13171, 13172, 13216, 13126, 13092, 13125, 13106, 13083, 13080, 13105, 13118, 13104, 13102, 13098, 12986, 12993, 13017, 13020, 13027, 13029, 13028, 13009, 13005, 12984, 13008, 6411, 6436, 6433, 6407, 6444, 6417, 6418, 6414, 6426, 6423, 6427, 6454, 6338, 6339, 6342, 6349, 6480, 6347, 6345, 6329, 6327, 6324, 6330, 6245, 6250, 6248, 6247, 6267, 6270, 6272, 6279, 6280, 6278, 6263, 6963, 6966, 6965, 6973, 6969, 6967, 6954, 6955, 6988, 6985, 6946, 6874, 6852, 6877, 6851, 6977, 6871, 6872, 6867, 6853, 6828, 6825, 6823, 6714, 6711, 5781, 5760, 5756, 5732, 5730, 5725, 5704, 5700, 5696, 5474, 5471, 5647, 5613, 5609, 5606, 5590, 5586, 5364]",0.04503969999495894,success,,153.32308050482635,168.74196538368722,6.026685336380268,18.528050351670483,62.40000000000005,18.551484770633245
stl_midamerica_to_st_louis_lambert_2026-01-12_0059,midamerica_to_st_louis_lambert,MidAmerica to St. Louis Lambert,MidAmerica St. Louis Airport,St. Louis Lambert International Airport,38.5451731,-89.8351856,38.7486982,-90.3700257,2026-01-12,January 12th - Monday,w_0059,0.0,0.7,0.2,0.1,187,"[8877, 8874, 8875, 8888, 8913, 8919, 8920, 9019, 9021, 9044, 9244, 9251, 9273, 9279, 9303, 9304, 9311, 9334, 9339, 9341, 9540, 9545, 9559, 9563, 9566, 9612, 9613, 9705, 9621, 11919, 11843, 11925, 11883, 11949, 11951, 11981, 11984, 11987, 12208, 12142, 12216, 12150, 12235, 12177, 12241, 12258, 12259, 12263, 12591, 12545, 12596, 12553, 12615, 13324, 13328, 13351, 13356, 13371, 13372, 13376, 13377, 13404, 13406, 13700, 13703, 13605, 13630, 13636, 13637, 13648, 13651, 13653, 13646, 13639, 13644, 13641, 13180, 13183, 13181, 13182, 13206, 13209, 13210, 13208, 13217, 13171, 13172, 13216, 13126, 13092, 13125, 13106, 13083, 13080, 13105, 13118, 13104, 13116, 13120, 13023, 13272, 13274, 13277, 13280, 13278, 13033, 13044, 13039, 13013, 13014, 6438, 6436, 6433, 6407, 6419, 6413, 6418, 6414, 6426, 6423, 6427, 6454, 6338, 6339, 6342, 6349, 6480, 6347, 6345, 6329, 6327, 6324, 6330, 6245, 6250, 6248, 6247, 6267, 6270, 6272, 6279, 6280, 6278, 6263, 6963, 6966, 6965, 6973, 6969, 6967, 6954, 6955, 6988, 6985, 6946, 6874, 6852, 6877, 6851, 6977, 6871, 6872, 6867, 6853, 6828, 6825, 6823, 6714, 6711, 5781, 5760, 5756, 5732, 5730, 5725, 5704, 5700, 5696, 5474, 5471, 5647, 5613, 5609, 5606, 5590, 5586, 5364]",0.04259160000947304,success,,153.76449638890344,169.22777211014687,6.190491810909773,15.82391167114726,64.00000000000006,13.898126601866299
stl_midamerica_to_st_louis_lambert_2026-01-12_0060,midamerica_to_st_louis_lambert,MidAmerica to St. Louis Lambert,MidAmerica St. Louis Airport,St. Louis Lambert International Airport,38.5451731,-89.8351856,38.7486982,-90.3700257,2026-01-12,January 12th - Monday,w_0060,0.0,0.7,0.3,0.0,191,"[8877, 8874, 8860, 8887, 8889, 8914, 8916, 9014, 8944, 9042, 9045, 9048, 9049, 9284, 9288, 9280, 9304, 9311, 9334, 9339, 9341, 9540, 9545, 9559, 9563, 9566, 9612, 9613, 9705, 9621, 11919, 11843, 11925, 11883, 11949, 11951, 11981, 11984, 11987, 12208, 12142, 12216, 12150, 12235, 12177, 12241, 12258, 12259, 12263, 12591, 12545, 12596, 12553, 12615, 13324, 13328, 13351, 13356, 13371, 13372, 13376, 13377, 13404, 13406, 13700, 13703, 13605, 13630, 13636, 13637, 13648, 13651, 13653, 13646, 13639, 13644, 13641, 13180, 13183, 13181, 13182, 13206, 13209, 13210, 13208, 13217, 13171, 13172, 13216, 13126, 13092, 13125, 13106, 13083, 13080, 13105, 13118, 13104, 13116, 13120, 13023, 13272, 13274, 13277, 13280, 13278, 13033, 13044, 13039, 13013, 13014, 6438, 6436, 6433, 6407, 6419, 6413, 6418, 6414, 6426, 6423, 6427, 6454, 6338, 6339, 6342, 6349, 6480, 6347, 6345, 6329, 6327, 6324, 6330, 6245, 6250, 6248, 6247, 6267, 6270, 6272, 6279, 6280, 6278, 6263, 6963, 6966, 6965, 6973, 6969, 6967, 6954, 6955, 6988, 6985, 6946, 6874, 6852, 6877, 6851, 6977, 6871, 6872, 6867, 6853, 6828, 6829, 6831, 6735, 6732, 6717, 6715, 5784, 5781, 5760, 5756, 5732, 5730, 5725, 5704, 5700, 5696, 5474, 5471, 5647, 5613, 5609, 5606, 5590, 5586, 5364]",0.041460499982349575,success,,156.8574930939271,172.63181500579253,6.186803051400562,15.310181519290941,70.00000000000006,8.923816591767675
stl_midamerica_to_st_louis_lambert_2026-01-12_0061,midamerica_to_st_louis_lambert,MidAmerica to St. Louis Lambert,MidAmerica St. Louis Airport,St. Louis Lambert International Airport,38.5451731,-89.8351856,38.7486982,-90.3700257,2026-01-12,January 12th - Monday,w_0061,0.0,0.8,0.0,0.2,170,"[8877, 8880, 8902, 8917, 8943, 8947, 8951, 9043, 9047, 9051, 9252, 9279, 9303, 9304, 9311, 9334, 9339, 9341, 9540, 9545, 9559, 9563, 9566, 9612, 9613, 9705, 9621, 11919, 11843, 11925, 11883, 11949, 11951, 11981, 11984, 11987, 12115, 12121, 12145, 12149, 12164, 12165, 12171, 12477, 12502, 12504, 12527, 12528, 12334, 12346, 12353, 13411, 12364, 13432, 13437, 13451, 13457, 13459, 13486, 12907, 12910, 12935, 12939, 13153, 13189, 13190, 13191, 13173, 13171, 13172, 13170, 13089, 13091, 13090, 13081, 13083, 13080, 13082, 13100, 13099, 13095, 13069, 12967, 12740, 12741, 12743, 12722, 12723, 12947, 12960, 12975, 12980, 12979, 6406, 6403, 6405, 6407, 6444, 6417, 6415, 6414, 6426, 6423, 6424, 6333, 6308, 6303, 6307, 6302, 6300, 6301, 6313, 6288, 6289, 4874, 4872, 5970, 5971, 6196, 5974, 6191, 6193, 6225, 6218, 6222, 6220, 6224, 6959, 6962, 6961, 6964, 6969, 6967, 6954, 6952, 6939, 6940, 6943, 6850, 6848, 6849, 6851, 6977, 6871, 6872, 6867, 6853, 6828, 6824, 6802, 6799, 6710, 5782, 5777, 5757, 5732, 5731, 5726, 5713, 5707, 5698, 5695, 5471, 5468, 5434, 5431, 5430, 5425, 5589, 5364]",0.04519609999260865,success,,138.58768842049477,152.52471346817364,5.887282790132573,40.57113846597391,62.40000000000005,17.18982623210607
stl_midamerica_to_st_louis_lambert_2026-01-12_0062,midamerica_to_st_louis_lambert,MidAmerica to St. Louis Lambert,MidAmerica St. Louis Airport,St. Louis Lambert International Airport,38.5451731,-89.8351856,38.7486982,-90.3700257,2026-01-12,January 12th - Monday,w_0062,0.0,0.8,0.1,0.1,187,"[8877, 8874, 8875, 8888, 8913, 8919, 8920, 9019, 9021, 9044, 9244, 9251, 9273, 9279, 9303, 9304, 9311, 9334, 9339, 9341, 9540, 9545, 9559, 9563, 9566, 9612, 9613, 9705, 9621, 11919, 11843, 11925, 11883, 11949, 11951, 11981, 11984, 11987, 12208, 12142, 12216, 12150, 12235, 12177, 12241, 12258, 12259, 12263, 12591, 12545, 12596, 12553, 12615, 13324, 13328, 13351, 13356, 13371, 13372, 13376, 13377, 13404, 13406, 13700, 13703, 13605, 13630, 13636, 13637, 13648, 13651, 13653, 13646, 13639, 13644, 13641, 13180, 13183, 13181, 13182, 13206, 13209, 13210, 13208, 13217, 13171, 13172, 13216, 13126, 13092, 13125, 13106, 13083, 13080, 13105, 13118, 13104, 13102, 13098, 12986, 12993, 13017, 13020, 13027, 13029, 13028, 13009, 13005, 12984, 13008, 6411, 6436, 6433, 6407, 6444, 6417, 6418, 6414, 6426, 6423, 6427, 6454, 6363, 6364, 6342, 6349, 6480, 6347, 6345, 6329, 6327, 6324, 6330, 6245, 6250, 6248, 6247, 6267, 6270, 6272, 6279, 6280, 6278, 6263, 6963, 6966, 6965, 6973, 6969, 6967, 6954, 6955, 6988, 6985, 6946, 6874, 6852, 6877, 6851, 6977, 6871, 6872, 6867, 6853, 6828, 6825, 6823, 6714, 6711, 5781, 5760, 5756, 5732, 5730, 5725, 5704, 5700, 5696, 5474, 5471, 5647, 5613, 5609, 5606, 5590, 5586, 5364]",0.042813299980480224,success,,154.59965423602603,170.14691732993407,6.013777277602525,17.048068294067242,63.40000000000005,12.85582865148875
stl_midamerica_to_st_louis_lambert_2026-01-12_0063,midamerica_to_st_louis_lambert,MidAmerica to St. Louis Lambert,MidAmerica St. Louis Airport,St. Louis Lambert International Airport,38.5451731,-89.8351856,38.7486982,-90.3700257,2026-01-12,January 12th - Monday,w_0063,0.0,0.8,0.2,0.0,191,"[8877, 8874, 8860, 8887, 8889, 8914, 8916, 9014, 8944, 9042, 9045, 9048, 9049, 9284, 9288, 9280, 9304, 9311, 9334, 9339, 9341, 9540, 9545, 9559, 9563, 9566, 9612, 9613, 9705, 9621, 11919, 11843, 11925, 11883, 11949, 11951, 11981, 11984, 11987, 12208, 12142, 12216, 12150, 12235, 12177, 12241, 12258, 12259, 12263, 12591, 12545, 12596, 12553, 12615, 13324, 13328, 13351, 13356, 13371, 13372, 13376, 13377, 13404, 13406, 13700, 13703, 13605, 13630, 13636, 13637, 13648, 13651, 13653, 13646, 13639, 13644, 13641, 13180, 13183, 13181, 13182, 13206, 13209, 13210, 13208, 13217, 13171, 13172, 13216, 13126, 13092, 13125, 13106, 13083, 13080, 13105, 13118, 13104, 13102, 13098, 12986, 12993, 13017, 13020, 13027, 13029, 13028, 13009, 13005, 12984, 13008, 6411, 6436, 6433, 6407, 6419, 6413, 6418, 6414, 6426, 6423, 6427, 6454, 6338, 6339, 6342, 6349, 6480, 6347, 6345, 6329, 6327, 6324, 6330, 6245, 6250, 6248, 6247, 6267, 6270, 6272, 6279, 6280, 6278, 6263, 6963, 6966, 6965, 6973, 6969, 6967, 6954, 6955, 6988, 6985, 6946, 6874, 6852, 6877, 6851, 6977, 6871, 6872, 6867, 6853, 6828, 6829, 6831, 6735, 6732, 6717, 6715, 5784, 5781, 5760, 5756, 5732, 5730, 5725, 5704, 5700, 5696, 5474, 5471, 5647, 5613, 5609, 5606, 5590, 5586, 5364]",0.04036230000201613,success,,157.69234367892784,173.55062206374419,6.010088518093313,15.95399547268392,70.00000000000006,7.998869909011434
stl_midamerica_to_st_louis_lambert_2026-01-12_0064,midamerica_to_st_louis_lambert,MidAmerica to St. Louis Lambert,MidAmerica St. Louis Airport,St. Louis Lambert International Airport,38.5451731,-89.8351856,38.7486982,-90.3700257,2026-01-12,January 12th - Monday,w_0064,0.0,0.9,0.0,0.1,170,"[8877, 8880, 8902, 8917, 8943, 8947, 8951, 9043, 9047, 9051, 9252, 9279, 9303, 9304, 9311, 9334, 9339, 9341, 9540, 9545, 9559, 9563, 9566, 9612, 9613, 9705, 9621, 11919, 11843, 11925, 11883, 11949, 11951, 11981, 11984, 11987, 12115, 12121, 12145, 12149, 12164, 12165, 12171, 12477, 12502, 12504, 12527, 12528, 12334, 12346, 12353, 13411, 12364, 13432, 13437, 13451, 13457, 13459, 13486, 12907, 12910, 12935, 12939, 13153, 13189, 13190, 13191, 13173, 13171, 13172, 13170, 13089, 13091, 13090, 13081, 13083, 13080, 13082, 13100, 13099, 13095, 13069, 12967, 12740, 12741, 12743, 12722, 12723, 12947, 12960, 12975, 12980, 12979, 6406, 6403, 6405, 6407, 6444, 6417, 6415, 6414, 6426, 6423, 6424, 6333, 6308, 6303, 6307, 6302, 6300, 6301, 6313, 6288, 6289, 4874, 4872, 5970, 5971, 6196, 5974, 6191, 6193, 6225, 6218, 6222, 6220, 6224, 6959, 6962, 6961, 6964, 6969, 6967, 6954, 6952, 6939, 6940, 6943, 6850, 6848, 6849, 6851, 6977, 6871, 6872, 6867, 6853, 6828, 6824, 6802, 6799, 6710, 5782, 5777, 5757, 5732, 5731, 5726, 5713, 5707, 5698, 5695, 5471, 5468, 5434, 5431, 5430, 5425, 5589, 5364]",0.04077360001974739,success,,138.58768842049477,152.52471346817364,5.887282790132573,40.57113846597391,62.40000000000005,11.53855451111932
stl_midamerica_to_st_louis_lambert_2026-01-12_0065,midamerica_to_st_louis_lambert,MidAmerica to St. Louis Lambert,MidAmerica St. Louis Airport,St. Louis Lambert International Airport,38.5451731,-89.8351856,38.7486982,-90.3700257,2026-01-12,January 12th - Monday,w_0065,0.0,0.9,0.1,0.0,191,"[8877, 8874, 8860, 8887, 8889, 8914, 8916, 9014, 8944, 9042, 9045, 9048, 9049, 9284, 9288, 9280, 9304, 9311, 9334, 9339, 9341, 9540, 9545, 9559, 9563, 9566, 9612, 9613, 9705, 9621, 11919, 11843, 11925, 11883, 11949, 11951, 11981, 11984, 11987, 12208, 12142, 12216, 12150, 12235, 12177, 12241, 12258, 12259, 12263, 12591, 12545, 12596, 12553, 12615, 13324, 13328, 13351, 13356, 13371, 13372, 13376, 13377, 13404, 13406, 13700, 13703, 13605, 13630, 13636, 13637, 13648, 13651, 13653, 13646, 13639, 13644, 13641, 13180, 13183, 13181, 13182, 13206, 13209, 13210, 13208, 13217, 13171, 13172, 13216, 13126, 13092, 13125, 13106, 13083, 13080, 13105, 13118, 13104, 13102, 13098, 12986, 12993, 13017, 13020, 13027, 13029, 13028, 13009, 13005, 12984, 13008, 6411, 6436, 6433, 6407, 6419, 6413, 6418, 6414, 6426, 6423, 6427, 6454, 6338, 6339, 6342, 6349, 6480, 6347, 6345, 6329, 6327, 6324, 6330, 6245, 6250, 6248, 6247, 6267, 6270, 6272, 6279, 6280, 6278, 6263, 6963, 6966, 6965, 6973, 6969, 6967, 6954, 6955, 6988, 6985, 6946, 6874, 6852, 6877, 6851, 6977, 6871, 6872, 6867, 6853, 6828, 6829, 6831, 6735, 6732, 6717, 6715, 5784, 5781, 5760, 5756, 5732, 5730, 5725, 5704, 5700, 5696, 5474, 5471, 5647, 5613, 5609, 5606, 5590, 5586, 5364]",0.040410199988400564,success,,157.69234367892784,173.55062206374419,6.010088518093313,15.95399547268392,70.00000000000006,7.004479213552374
stl_midamerica_to_st_louis_lambert_2026-01-12_0066,midamerica_to_st_louis_lambert,MidAmerica to St. Louis Lambert,MidAmerica St. Louis Airport,St. Louis Lambert International Airport,38.5451731,-89.8351856,38.7486982,-90.3700257,2026-01-12,January 12th - Monday,w_0066,0.0,1.0,0.0,0.0,192,"[8877, 8874, 8860, 8887, 8889, 8914, 8916, 9014, 8944, 9042, 9045, 9048, 9049, 9284, 9288, 9280, 9304, 9311, 9334, 9339, 9341, 9540, 9545, 9559, 9563, 9566, 9612, 9613, 9705, 9621, 11919, 11843, 11925, 11883, 11949, 11951, 11981, 11984, 11987, 12115, 12121, 12145, 12149, 12164, 12165, 12171, 12477, 12502, 12504, 12527, 12528, 12334, 12346, 12353, 13411, 12364, 13432, 13437, 13451, 13457, 13459, 13486, 12907, 12910, 12935, 12939, 13153, 13189, 13190, 13191, 13173, 13171, 13172, 13170, 13089, 13091, 13090, 13081, 13083, 13080, 13082, 13100, 13099, 13095, 13069, 12967, 12740, 12741, 12743, 12722, 12719, 12715, 12697, 12673, 12670, 12666, 6095, 11608, 11602, 11578, 6087, 6085, 6091, 6094, 6116, 6121, 6123, 4851, 4854, 4877, 4882, 6303, 6307, 6302, 6300, 6301, 6313, 6288, 6289, 4874, 4872, 5970, 5971, 6196, 5974, 6191, 6193, 6225, 6218, 6222, 6220, 6224, 6959, 6962, 6961, 6964, 6969, 6967, 6954, 6952, 6939, 6940, 6943, 6850, 6848, 6849, 6851, 6977, 6871, 6872, 6867, 6853, 6828, 6825, 6823, 6714, 6711, 5781, 5783, 6699, 6701, 6703, 6720, 5774, 6719, 6721, 6624, 5870, 5866, 5842, 5838, 5837, 5821, 5809, 5803, 5791, 5786, 5563, 5558, 5442, 5439, 5414, 5440, 5423, 5448, 5424, 5421, 5426, 5392, 5390, 5359, 5364]",0.038011199998436496,success,,157.47075738771593,173.306752020447,5.085566711516135,49.42929023842404,87.00000000000007,5.085566711516135
stl_midamerica_to_st_louis_lambert_2026-01-12_0067,midamerica_to_st_louis_lambert,MidAmerica to St. Louis Lambert,MidAmerica St. Louis Airport,St. Louis Lambert International Airport,38.5451731,-89.8351856,38.7486982,-90.3700257,2026-01-12,January 12th - Monday,w_0067,0.1,0.0,0.0,0.9,96,"[8877, 8876, 8892, 8897, 8899, 8926, 9788, 10013, 10014, 10036, 10052, 10054, 10061, 10051, 10049, 10048, 10050, 10253, 10252, 10241, 10240, 10248, 10246, 10247, 10245, 10231, 10230, 10262, 10150, 10148, 10149, 10151, 10161, 10159, 10158, 10160, 10166, 10168, 10167, 10169, 2247, 2269, 2268, 2257, 2256, 2254, 2279, 2293, 2296, 2301, 2303, 2491, 2492, 2818, 2496, 2507, 2506, 2828, 2505, 2809, 2811, 2810, 2728, 2730, 2731, 2729, 2715, 2717, 2714, 2716, 2738, 2741, 2745, 2747, 2684, 2687, 3987, 3990, 4016, 4017, 4022, 4029, 4034, 4060, 4064, 5048, 5052, 5076, 5082, 5299, 5304, 5319, 5321, 5357, 5358, 5364]",0.05653370000072755,success,,71.90057520712594,79.13123277148179,53.29567736851651,39.307370558879065,46.20000000000003,49.49312327714821
stl_midamerica_to_st_louis_lambert_2026-01-12_0068,midamerica_to_st_louis_lambert,MidAmerica to St. Louis Lambert,MidAmerica St. Louis Airport,St. Louis Lambert International Airport,38.5451731,-89.8351856,38.7486982,-90.3700257,2026-01-12,January 12th - Monday,w_0068,0.1,0.0,0.1,0.8,96,"[8877, 8879, 8896, 8900, 8924, 8930, 9788, 10013, 10014, 10036, 10052, 10054, 10061, 10051, 10045, 10044, 10046, 10239, 10237, 10236, 10238, 10243, 10244, 10242, 10221, 10227, 10229, 10228, 10146, 10144, 10147, 10145, 10141, 10138, 10132, 10133, 9910, 10112, 9911, 10113, 2216, 2240, 2241, 2253, 2256, 2281, 2279, 2293, 2296, 2301, 2303, 2491, 2492, 2818, 2496, 2507, 2506, 2828, 2505, 2809, 2811, 2810, 2728, 2730, 2731, 2732, 2755, 2757, 2782, 2780, 2775, 2802, 2805, 3917, 4011, 4010, 4009, 4008, 4019, 4017, 4022, 4029, 4034, 4060, 4064, 5048, 5052, 5076, 5082, 5299, 5304, 5319, 5321, 5357, 5358, 5364]",0.055758099973900244,success,,74.03140288635615,81.47634643149563,48.549692461451876,30.59514448124461,46.20000000000003,48.167149091274055
stl_midamerica_to_st_louis_lambert_2026-01-12_0069,midamerica_to_st_louis_lambert,MidAmerica to St. Louis Lambert,MidAmerica St. Louis Airport,St. Louis Lambert International Airport,38.5451731,-89.8351856,38.7486982,-90.3700257,2026-01-12,January 12th - Monday,w_0069,0.1,0.0,0.2,0.7,123,"[8877, 8879, 8896, 8900, 8924, 8930, 10012, 10015, 10019, 10053, 10057, 10060, 10092, 10076, 10103, 10106, 10111, 10433, 10437, 10463, 10466, 10470, 10483, 10487, 10491, 10815, 10820, 10842, 10848, 10850, 10874, 10878, 10893, 10897, 10901, 11225, 11343, 11346, 11351, 11374, 11373, 11376, 11388, 11389, 11614, 11619, 11644, 11656, 11672, 11676, 11674, 11499, 12657, 12659, 12675, 12687, 12690, 12693, 12715, 12717, 12729, 12734, 12955, 12962, 6391, 6406, 6408, 6411, 6436, 6462, 6463, 6473, 6475, 6478, 6479, 6507, 6510, 6505, 6506, 6370, 6368, 6366, 6352, 6480, 6347, 6345, 6329, 6327, 6324, 6326, 6237, 6239, 6236, 6202, 6194, 6227, 6226, 6215, 6213, 6214, 6210, 6064, 6888, 6060, 6059, 6069, 6067, 6052, 6048, 6029, 6004, 6002, 6514, 6513, 5661, 5657, 5636, 5623, 5619, 5384, 5592, 5586, 5364]",0.05673020001268014,success,,97.01547539264044,106.77180458731763,34.03818753302261,14.928604527994718,46.80000000000003,46.42290136433073
stl_midamerica_to_st_louis_lambert_2026-01-12_0070,midamerica_to_st_louis_lambert,MidAmerica to St. Louis Lambert,MidAmerica St. Louis Airport,St. Louis Lambert International Airport,38.5451731,-89.8351856,38.7486982,-90.3700257,2026-01-12,January 12th - Monday,w_0070,0.1,0.0,0.3,0.6,126,"[8877, 8879, 8896, 8900, 8924, 8930, 10012, 10015, 10019, 10053, 10057, 10060, 10092, 10076, 10103, 10106, 10111, 10433, 10437, 10463, 10466, 10470, 10483, 10487, 10491, 10815, 10820, 10842, 10848, 10850, 10874, 10878, 10893, 10897, 10901, 11225, 11343, 11346, 11351, 11374, 11373, 11376, 11388, 11389, 11614, 11619, 11644, 11656, 11672, 11676, 11659, 11492, 11494, 11500, 11498, 11505, 11507, 11509, 12685, 12671, 12698, 12700, 12725, 6159, 6163, 12956, 6387, 6391, 6406, 6408, 6411, 6436, 6462, 6463, 6473, 6475, 6478, 6479, 6507, 6510, 6505, 6506, 6370, 6368, 6366, 6352, 6480, 6347, 6345, 6329, 6327, 6324, 6326, 6237, 6239, 6236, 6202, 6194, 6227, 6226, 6215, 6213, 6214, 6210, 6064, 6888, 6060, 6059, 6069, 6067, 6052, 6048, 6029, 6004, 6002, 6514, 6513, 5661, 5657, 5636, 5623, 5619, 5384, 5592, 5586, 5364]",0.054134200006956235,success,,99.20502429108507,109.18154474653389,34.63241699907065,13.998774749243081,46.80000000000003,43.19778689942633
stl_midamerica_to_st_louis_lambert_2026-01-12_0071,midamerica_to_st_louis_lambert,MidAmerica to St. Louis Lambert,MidAmerica St. Louis Airport,St. Louis Lambert International Airport,38.5451731,-89.8351856,38.7486982,-90.3700257,2026-01-12,January 12th - Monday,w_0071,0.1,0.0,0.4,0.5,128,"[8877, 8879, 8896, 8900, 8924, 8930, 10012, 10015, 10019, 10053, 10057, 10060, 10092, 10076, 10103, 10106, 10111, 10433, 10437, 10463, 10466, 10470, 10483, 10487, 10491, 10815, 10820, 10842, 10848, 10850, 10874, 10878, 10893, 10897, 10901, 11225, 11343, 11346, 11351, 11374, 11373, 11376, 11388, 11389, 11614, 11619, 11644, 11656, 11672, 11676, 11659, 11492, 11494, 11500, 11498, 11505, 11507, 11509, 12685, 12671, 12698, 12700, 12725, 6159, 6163, 12956, 6387, 6391, 6406, 6408, 6411, 6436, 6433, 6407, 6444, 6445, 6471, 6475, 6478, 6479, 6507, 6510, 6505, 6506, 6370, 6368, 6366, 6352, 6480, 6347, 6345, 6329, 6327, 6324, 6326, 6237, 6239, 6236, 6202, 6194, 6227, 6226, 6215, 6213, 6214, 6210, 6064, 6888, 6060, 6059, 6065, 6050, 6046, 6023, 6003, 5998, 5999, 5663, 5659, 5656, 5632, 5622, 5621, 5615, 5380, 5588, 5362, 5364]",0.05653080000774935,success,,101.02516566672078,111.18472803759275,34.84873583654832,12.809855464085064,47.20000000000003,39.84241498939332
stl_midamerica_to_st_louis_lambert_2026-01-12_0072,midamerica_to_st_louis_lambert,MidAmerica to St. Louis Lambert,MidAmerica St. Louis Airport,St. Louis Lambert International Airport,38.5451731,-89.8351856,38.7486982,-90.3700257,2026-01-12,January 12th - Monday,w_0072,0.1,0.0,0.5,0.4,128,"[8877, 8879, 8896, 8900, 8924, 8930, 10012, 10015, 10019, 10053, 10057, 10060, 10092, 10076, 10103, 10106, 10111, 10433, 10437, 10463, 10466, 10470, 10483, 10487, 10491, 10815, 10820, 10842, 10848, 10850, 10874, 10878, 10893, 10897, 10901, 11225, 11343, 11346, 11351, 11374, 11373, 11376, 11388, 11389, 11614, 11619, 11644, 11656, 11672, 11676, 11659, 11492, 11494, 11500, 11498, 11505, 11507, 11509, 12685, 12671, 12698, 12700, 12725, 6159, 6163, 12956, 6387, 6391, 6406, 6408, 6411, 6436, 6433, 6407, 6444, 6445, 6471, 6475, 6478, 6479, 6507, 6510, 6505, 6506, 6370, 6368, 6366, 6352, 6480, 6347, 6345, 6329, 6327, 6324, 6326, 6237, 6239, 6236, 6202, 6194, 6227, 6226, 6215, 6213, 6214, 6210, 6064, 6888, 6060, 6059, 6065, 6050, 6046, 6023, 6003, 5998, 5999, 5663, 5659, 5656, 5632, 5622, 5621, 5615, 5380, 5588, 5362, 5364]",0.0548457000113558,success,,101.02516566672078,111.18472803759275,34.84873583654832,12.809855464085064,47.20000000000003,36.40340053580182
stl_midamerica_to_st_louis_lambert_2026-01-12_0073,midamerica_to_st_louis_lambert,MidAmerica to St. Louis Lambert,MidAmerica St. Louis Airport,St. Louis Lambert International Airport,38.5451731,-89.8351856,38.7486982,-90.3700257,2026-01-12,January 12th - Monday,w_0073,0.1,0.0,0.6,0.3,126,"[8877, 8879, 8896, 8900, 8924, 8930, 10012, 10015, 10019, 10053, 10057, 10060, 10092, 10076, 10103, 10106, 10111, 10433, 10437, 10463, 10466, 10470, 10483, 10487, 10491, 10815, 10820, 10842, 10848, 10850, 10874, 10878, 10893, 10897, 10901, 11225, 11343, 11346, 11351, 11374, 11373, 11376, 11388, 11389, 11614, 11619, 11644, 11656, 11672, 11676, 11659, 11492, 11494, 11500, 11498, 11505, 11507, 11509, 12685, 12671, 12698, 12700, 12725, 6159, 6163, 12956, 6387, 6391, 6406, 6408, 6411, 6436, 6433, 6407, 6444, 6421, 6418, 6414, 6429, 6431, 6456, 6502, 6370, 6368, 6366, 6352, 6480, 6347, 6345, 6329, 6327, 6324, 6326, 6237, 6239, 6236, 6202, 6194, 6227, 6226, 6215, 6213, 6214, 6210, 6064, 6888, 6060, 6059, 6065, 6050, 6046, 6023, 6003, 5998, 5999, 5663, 5659, 5656, 5632, 5622, 5621, 5615, 5380, 5588, 5362, 5364]",0.05439989999285899,success,,100.90599829518304,111.05357663875135,30.986252304548152,11.895588335692874,48.400000000000034,32.76271066529087
stl_midamerica_to_st_louis_lambert_2026-01-12_0074,midamerica_to_st_louis_lambert,MidAmerica to St. Louis Lambert,MidAmerica St. Louis Airport,St. Louis Lambert International Airport,38.5451731,-89.8351856,38.7486982,-90.3700257,2026-01-12,January 12th - Monday,w_0074,0.1,0.0,0.7,0.2,126,"[8877, 8879, 8896, 8900, 8924, 8930, 10012, 10015, 10019, 10053, 10057, 10060, 10092, 10076, 10103, 10106, 10111, 10433, 10437, 10463, 10466, 10470, 10483, 10487, 10491, 10815, 10820, 10842, 10848, 10850, 10874, 10878, 10893, 10897, 10901, 11225, 11343, 11346, 11351, 11374, 11373, 11376, 11388, 11389, 11614, 11619, 11644, 11656, 11672, 11676, 11659, 11492, 11494, 11500, 11498, 11505, 11507, 11509, 12685, 12671, 12698, 12700, 12725, 6159, 6163, 12956, 6387, 6391, 6406, 6408, 6411, 6436, 6433, 6407, 6444, 6421, 6418, 6414, 6429, 6431, 6456, 6502, 6370, 6368, 6366, 6352, 6480, 6347, 6345, 6329, 6327, 6324, 6326, 6237, 6239, 6236, 6202, 6194, 6227, 6226, 6215, 6213, 6214, 6210, 6064, 6888, 6060, 6059, 6065, 6050, 6046, 6023, 6003, 5998, 5999, 5663, 5659, 5656, 5632, 5622, 5621, 5615, 5380, 5588, 5362, 5364]",0.0539017999835778,success,,100.90599829518304,111.05357663875135,30.986252304548152,11.895588335692874,48.400000000000034,29.112269498860154
stl_midamerica_to_st_louis_lambert_2026-01-12_0075,midamerica_to_st_louis_lambert,MidAmerica to St. Louis Lambert,MidAmerica St. Louis Airport,St. Louis Lambert International Airport,38.5451731,-89.8351856,38.7486982,-90.3700257,2026-01-12,January 12th - Monday,w_0075,0.1,0.0,0.8,0.1,137,"[8877, 8879, 8896, 8900, 8924, 8930, 10012, 10015, 10019, 10053, 10057, 10060, 10092, 10096, 10098, 10101, 10424, 10428, 10452, 10462, 10464, 10469, 10485, 10489, 10813, 10817, 10819, 10845, 10849, 10873, 10877, 10881, 10895, 10899, 11222, 11232, 11238, 11252, 11256, 11258, 11282, 11302, 11307, 11308, 11306, 11407, 11410, 11632, 11636, 11646, 11649, 11683, 11687, 12745, 11680, 11677, 11676, 11659, 11492, 11494, 11500, 11498, 11505, 11507, 11509, 12654, 12653, 12665, 12666, 6099, 12672, 12696, 12699, 12725, 6159, 6163, 12956, 6387, 6391, 6406, 6408, 6411, 6436, 6433, 6407, 6444, 6421, 6418, 6414, 6429, 6431, 6456, 6502, 6370, 6368, 6366, 6352, 6480, 6347, 6345, 6329, 6327, 6324, 6326, 6237, 6239, 6236, 6202, 6194, 6227, 6226, 6215, 6213, 6214, 6210, 6064, 6888, 6060, 6059, 6065, 6050, 6046, 6023, 6003, 5998, 5999, 5663, 5659, 5656, 5632, 5622, 5621, 5615, 5380, 5588, 5362, 5364]",0.05267549998825416,success,,107.17009335406023,117.94761834535473,33.555477052622194,11.004044898965926,48.400000000000034,25.437997753708217
stl_midamerica_to_st_louis_lambert_2026-01-12_0076,midamerica_to_st_louis_lambert,MidAmerica to St. Louis Lambert,MidAmerica St. Louis Airport,St. Louis Lambert International Airport,38.5451731,-89.8351856,38.7486982,-90.3700257,2026-01-12,January 12th - Monday,w_0076,0.1,0.0,0.9,0.0,150,"[8877, 8879, 8896, 8900, 8924, 8930, 10012, 10015, 10019, 10053, 10057, 10060, 10092, 10096, 10098, 10101, 10424, 10428, 10452, 10462, 10464, 10469, 10485, 10489, 10813, 10817, 10819, 10845, 10849, 10873, 10877, 10881, 10895, 10899, 11222, 11232, 11238, 11252, 11256, 11258, 11282, 11302, 11307, 11308, 11306, 11407, 11410, 11632, 11636, 11646, 11649, 11683, 11687, 12745, 11680, 11677, 11676, 11659, 11492, 11494, 11500, 11498, 11505, 11507, 11509, 12654, 12653, 12665, 12666, 6099, 12672, 12696, 12699, 12725, 6159, 6163, 12956, 6387, 6391, 6406, 6408, 6411, 6436, 6433, 6407, 6419, 6413, 6418, 6414, 6426, 6428, 6453, 6458, 6502, 6370, 6368, 6366, 6352, 6480, 6347, 6345, 6354, 6353, 6355, 6332, 6245, 6250, 6248, 6251, 6267, 6270, 6272, 6281, 6280, 6278, 6263, 6259, 6959, 6924, 6919, 6895, 6891, 6889, 6063, 6069, 6054, 6051, 6047, 6026, 6001, 5999, 5663, 6513, 6515, 6518, 6535, 6538, 6533, 6536, 5684, 5679, 5675, 5651, 5646, 5645, 5609, 5606, 5590, 5586, 5364]",0.05050390001269989,success,,115.42619850780153,127.03399598314843,40.44885608256387,9.394970058830042,60.000000000000036,21.15887265126188
stl_midamerica_to_st_louis_lambert_2026-01-12_0077,midamerica_to_st_louis_lambert,MidAmerica to St. Louis Lambert,MidAmerica St. Louis Airport,St. Louis Lambert International Airport,38.5451731,-89.8351856,38.7486982,-90.3700257,2026-01-12,January 12th - Monday,w_0077,0.1,0.1,0.0,0.8,97,"[8877, 8881, 8904, 8922, 8923, 8927, 9145, 10016, 10018, 10062, 10055, 10058, 10094, 10096, 10103, 10104, 10110, 10109, 10516, 10515, 10514, 10517, 10522, 10299, 10300, 10301, 10309, 10308, 10310, 10343, 10345, 10344, 10342, 10355, 10210, 10208, 10209, 10326, 10328, 10322, 10191, 2276, 2518, 2277, 2509, 2287, 2508, 2286, 2298, 2300, 2301, 2307, 2495, 2820, 2823, 2827, 2849, 2848, 2850, 2837, 2861, 2866, 2889, 3896, 3898, 3901, 3927, 3946, 3949, 3953, 3966, 3944, 3977, 3976, 3941, 4043, 4042, 4041, 4040, 4051, 4054, 4186, 4080, 4205, 4207, 4212, 5309, 5313, 5335, 5337, 5320, 5322, 5323, 5346, 5357, 5358, 5364]",0.05583759999717586,success,,74.42461752704692,81.90910457247038,21.027756995193187,52.959116246139885,47.00000000000003,47.89368615676638
stl_midamerica_to_st_louis_lambert_2026-01-12_0078,midamerica_to_st_louis_lambert,MidAmerica to St. Louis Lambert,MidAmerica St. Louis Airport,St. Louis Lambert International Airport,38.5451731,-89.8351856,38.7486982,-90.3700257,2026-01-12,January 12th - Monday,w_0078,0.1,0.1,0.1,0.7,97,"[8877, 8879, 8896, 8900, 8924, 8930, 10012, 10015, 10018, 10062, 10055, 10058, 10094, 10096, 10103, 10104, 10110, 10109, 10516, 10515, 10514, 10513, 10298, 10295, 10296, 10297, 10309, 10532, 10533, 10349, 10347, 10348, 10346, 10359, 10358, 10356, 10357, 10336, 10335, 10337, 10330, 2548, 2527, 2525, 2526, 2517, 2513, 2286, 2298, 2300, 2304, 2531, 2819, 2824, 2838, 2841, 2878, 2879, 2884, 2883, 2893, 4095, 4096, 3932, 3933, 3958, 3962, 3974, 3973, 3972, 3971, 3981, 3978, 3976, 3941, 4043, 4038, 4037, 4012, 4019, 4017, 4022, 4029, 4034, 4060, 4064, 5048, 5052, 5076, 5082, 5299, 5304, 5319, 5321, 5357, 5358, 5364]",0.054752099997131154,success,,78.15920158164329,86.01925583729141,28.79952979902285,29.985431373552398,46.20000000000003,46.820421700986685
stl_midamerica_to_st_louis_lambert_2026-01-12_0079,midamerica_to_st_louis_lambert,MidAmerica to St. Louis Lambert,MidAmerica St. Louis Airport,St. Louis Lambert International Airport,38.5451731,-89.8351856,38.7486982,-90.3700257,2026-01-12,January 12th - Monday,w_0079,0.1,0.1,0.2,0.6,134,"[8877, 8880, 8902, 8917, 8943, 8947, 8951, 9043, 9047, 9051, 9252, 9279, 9280, 9292, 9316, 9320, 9447, 9471, 9472, 9476, 9503, 9504, 11713, 11716, 9526, 11736, 11739, 11763, 11767, 11771, 11785, 11789, 11993, 11999, 12022, 12026, 12021, 12047, 12062, 12063, 12069, 11295, 12385, 12389, 12390, 12406, 12408, 12413, 12428, 12431, 12455, 12459, 12850, 12851, 12875, 12791, 12793, 12819, 12821, 12832, 12834, 13057, 13060, 13072, 13099, 13097, 13098, 12986, 12993, 13017, 13020, 13027, 13029, 13028, 13009, 13010, 13011, 13014, 6438, 6436, 6462, 6463, 6473, 6475, 6478, 6479, 6507, 6503, 6505, 6506, 6370, 6368, 6366, 6352, 6480, 6347, 6345, 6329, 6327, 6324, 6326, 6237, 6239, 6236, 6202, 6194, 6227, 6226, 6218, 6213, 6214, 6210, 6064, 6888, 6887, 6889, 6073, 6067, 6052, 6048, 6029, 6004, 6002, 6514, 6513, 5661, 5657, 5636, 5623, 5619, 5384, 5592, 5586, 5364]",0.05573629998252727,success,,108.04249082541693,118.90774817987008,21.599490479772363,15.913044503127935,45.80000000000003,44.71333276658985
stl_midamerica_to_st_louis_lambert_2026-01-12_0080,midamerica_to_st_louis_lambert,MidAmerica to St. Louis Lambert,MidAmerica St. Louis Airport,St. Louis Lambert International Airport,38.5451731,-89.8351856,38.7486982,-90.3700257,2026-01-12,January 12th - Monday,w_0080,0.1,0.1,0.3,0.5,122,"[8877, 8879, 8896, 8900, 8924, 8930, 10012, 10015, 10018, 10062, 10055, 10058, 10094, 10095, 10099, 10423, 10425, 10427, 10452, 10462, 10464, 10469, 10485, 10489, 10813, 10817, 10819, 10845, 10849, 10873, 10877, 10878, 10893, 10897, 10901, 11225, 11343, 11346, 11351, 11374, 11373, 11376, 11388, 11389, 11614, 11617, 11652, 11653, 11658, 11659, 11492, 11494, 11500, 11498, 11505, 11507, 11509, 12685, 12671, 12698, 12700, 12725, 6159, 6163, 12956, 6387, 6402, 6405, 6407, 6444, 6445, 6471, 6447, 6442, 6452, 6431, 6456, 6502, 6370, 6368, 6366, 6352, 6480, 6347, 6345, 6329, 6327, 6324, 6326, 6237, 6239, 6236, 6202, 6194, 6227, 6226, 6218, 6213, 6214, 6210, 6064, 6888, 6060, 6059, 6065, 6050, 6046, 6023, 6003, 5998, 5999, 5663, 5659, 5656, 5632, 5622, 5621, 5615, 5380, 5588, 5362, 5364]",0.05529449999448843,success,,98.32721486252882,108.21545870313328,28.128248762161412,13.682819672863165,47.80000000000003,41.63921664838844
stl_midamerica_to_st_louis_lambert_2026-01-12_0081,midamerica_to_st_louis_lambert,MidAmerica to St. Louis Lambert,MidAmerica St. Louis Airport,St. Louis Lambert International Airport,38.5451731,-89.8351856,38.7486982,-90.3700257,2026-01-12,January 12th - Monday,w_0081,0.1,0.1,0.4,0.4,127,"[8877, 8879, 8896, 8900, 8924, 8930, 10012, 10015, 10018, 10062, 10055, 10058, 10094, 10095, 10099, 10423, 10425, 10427, 10452, 10462, 10464, 10469, 10485, 10489, 10813, 10817, 10819, 10845, 10849, 10873, 10877, 10878, 10893, 10897, 10901, 11225, 11343, 11346, 11351, 11374, 11373, 11376, 11388, 11389, 11614, 11619, 11644, 11656, 11672, 11676, 11659, 11492, 11494, 11500, 11498, 11505, 11507, 11509, 12685, 12671, 12698, 12700, 12725, 6159, 6163, 12956, 6387, 6391, 6406, 6408, 6411, 6436, 6433, 6407, 6444, 6445, 6471, 6447, 6442, 6452, 6431, 6456, 6502, 6370, 6368, 6366, 6352, 6480, 6347, 6345, 6329, 6327, 6324, 6326, 6237, 6239, 6236, 6202, 6194, 6227, 6226, 6218, 6213, 6214, 6210, 6064, 6888, 6060, 6059, 6065, 6050, 6046, 6023, 6003, 5998, 5999, 5663, 5659, 5656, 5632, 5622, 5621, 5615, 5380, 5588, 5362, 5364]",0.05371829998330213,success,,101.81051461625704,112.04905534448244,29.025235466439064,12.353546937770941,47.80000000000003,38.16884785620054
stl_midamerica_to_st_louis_lambert_2026-01-12_0082,midamerica_to_st_louis_lambert,MidAmerica to St. Louis Lambert,MidAmerica St. Louis Airport,St. Louis Lambert International Airport,38.5451731,-89.8351856,38.7486982,-90.3700257,2026-01-12,January 12th - Monday,w_0082,0.1,0.1,0.5,0.3,148,"[8877, 8880, 8902, 8908, 8942, 8946, 8948, 8951, 9043, 9047, 9051, 9252, 9279, 9303, 9304, 9311, 9334, 9338, 9342, 9551, 9555, 9557, 9572, 9576, 9590, 9594, 11822, 11828, 11831, 11856, 11860, 11862, 11867, 11870, 11894, 11898, 12103, 12105, 12111, 12133, 12137, 12163, 12166, 12189, 12497, 12503, 12526, 12330, 12332, 12348, 12351, 12362, 13431, 13434, 13427, 13454, 13456, 13480, 12903, 12908, 12912, 12937, 13149, 13152, 13185, 13154, 13165, 13163, 13162, 13164, 13053, 13088, 13054, 13076, 13083, 13080, 13105, 13118, 13119, 13121, 13120, 13019, 13018, 13021, 13020, 13027, 13029, 13028, 13009, 13010, 13011, 13014, 6438, 6436, 6433, 6407, 6444, 6421, 6418, 6414, 6429, 6431, 6456, 6502, 6370, 6368, 6366, 6352, 6480, 6347, 6345, 6329, 6327, 6324, 6326, 6237, 6239, 6236, 6202, 6194, 6227, 6226, 6218, 6213, 6214, 6210, 6064, 6888, 6060, 6059, 6065, 6050, 6046, 6023, 6003, 5998, 5999, 5663, 5659, 5656, 5632, 5622, 5621, 5615, 5380, 5588, 5362, 5364]",0.05361960001755506,success,,115.54142862031921,127.16081417381871,18.46572712759156,10.850467351320775,48.400000000000034,34.50788780580143
stl_midamerica_to_st_louis_lambert_2026-01-12_0083,midamerica_to_st_louis_lambert,MidAmerica to St. Louis Lambert,MidAmerica St. Louis Airport,St. Louis Lambert International Airport,38.5451731,-89.8351856,38.7486982,-90.3700257,2026-01-12,January 12th - Monday,w_0083,0.1,0.1,0.6,0.2,148,"[8877, 8880, 8902, 8908, 8942, 8946, 8948, 8951, 9043, 9047, 9051, 9252, 9279, 9303, 9304, 9311, 9334, 9338, 9342, 9551, 9555, 9557, 9572, 9576, 9590, 9594, 11822, 11828, 11831, 11856, 11860, 11862, 11867, 11870, 11894, 11898, 12103, 12105, 12111, 12133, 12137, 12163, 12166, 12189, 12497, 12503, 12526, 12330, 12332, 12348, 12351, 12362, 13431, 13434, 13427, 13454, 13456, 13480, 12903, 12908, 12912, 12937, 13149, 13152, 13185, 13154, 13165, 13163, 13162, 13164, 13053, 13088, 13054, 13076, 13083, 13080, 13105, 13118, 13119, 13121, 13120, 13019, 13018, 13021, 13020, 13027, 13029, 13028, 13009, 13010, 13011, 13014, 6438, 6436, 6433, 6407, 6444, 6421, 6418, 6414, 6429, 6431, 6456, 6502, 6370, 6368, 6366, 6352, 6480, 6347, 6345, 6329, 6327, 6324, 6326, 6237, 6239, 6236, 6202, 6194, 6227, 6226, 6218, 6213, 6214, 6210, 6064, 6888, 6060, 6059, 6065, 6050, 6046, 6023, 6003, 5998, 5999, 5663, 5659, 5656, 5632, 5622, 5621, 5615, 5380, 5588, 5362, 5364]",0.054019900009734556,success,,115.54142862031921,127.16081417381871,18.46572712759156,10.850467351320775,48.400000000000034,30.752934540933502
stl_midamerica_to_st_louis_lambert_2026-01-12_0084,midamerica_to_st_louis_lambert,MidAmerica to St. Louis Lambert,MidAmerica St. Louis Airport,St. Louis Lambert International Airport,38.5451731,-89.8351856,38.7486982,-90.3700257,2026-01-12,January 12th - Monday,w_0084,0.1,0.1,0.7,0.1,148,"[8877, 8880, 8902, 8908, 8942, 8946, 8948, 8951, 9043, 9047, 9051, 9252, 9279, 9303, 9304, 9311, 9334, 9338, 9342, 9551, 9555, 9557, 9572, 9576, 9590, 9594, 11822, 11828, 11831, 11856, 11860, 11862, 11867, 11870, 11894, 11898, 12103, 12105, 12111, 12133, 12137, 12163, 12166, 12189, 12497, 12503, 12526, 12330, 12332, 12348, 12351, 12362, 13431, 13434, 13427, 13454, 13456, 13480, 12903, 12908, 12912, 12937, 13149, 13152, 13185, 13154, 13165, 13163, 13162, 13164, 13053, 13088, 13054, 13076, 13083, 13080, 13105, 13118, 13119, 13121, 13120, 13019, 13018, 13021, 13020, 13027, 13029, 13028, 13009, 13010, 13011, 13014, 6438, 6436, 6433, 6407, 6419, 6413, 6418, 6414, 6429, 6431, 6456, 6502, 6370, 6368, 6366, 6352, 6480, 6347, 6345, 6329, 6327, 6324, 6326, 6237, 6239, 6236, 6202, 6194, 6227, 6226, 6218, 6213, 6214, 6210, 6064, 6888, 6060, 6059, 6065, 6050, 6046, 6023, 6003, 5998, 5999, 5663, 5659, 5656, 5632, 5622, 5621, 5615, 5380, 5588, 5362, 5364]",0.052551700006006286,success,,115.54127501938795,127.1606451260606,17.56370701289746,10.850467351320775,49.00000000000003,26.96776235982035
stl_midamerica_to_st_louis_lambert_2026-01-12_0085,midamerica_to_st_louis_lambert,MidAmerica to St. Louis Lambert,MidAmerica St. Louis Airport,St. Louis Lambert International Airport,38.5451731,-89.8351856,38.7486982,-90.3700257,2026-01-12,January 12th - Monday,w_0085,0.1,0.1,0.8,0.0,155,"[8877, 8880, 8902, 8908, 8942, 8946, 8948, 8951, 9043, 9047, 9049, 9284, 9286, 9290, 9314, 9317, 9320, 9447, 9471, 9472, 9476, 9503, 9506, 9507, 11715, 11717, 11721, 11743, 11746, 11751, 11794, 11797, 11798, 12002, 12004, 12009, 12011, 12033, 12038, 12039, 12084, 12087, 12090, 12296, 12299, 12303, 12326, 12330, 12332, 12348, 12351, 12362, 13431, 13434, 13427, 13454, 13456, 13480, 12903, 12908, 12912, 12937, 13149, 13152, 13185, 13154, 13165, 13163, 13162, 13164, 13053, 13088, 13054, 13076, 13083, 13080, 13105, 13118, 13119, 13121, 13120, 13023, 13272, 13274, 13277, 13280, 13279, 13281, 13285, 13283, 13284, 13282, 6470, 13038, 13014, 6438, 6436, 6433, 6407, 6419, 6413, 6418, 6414, 6429, 6431, 6456, 6502, 6370, 6368, 6366, 6352, 6480, 6347, 6345, 6354, 6353, 6355, 6332, 6245, 6250, 6248, 6251, 6267, 6270, 6272, 6281, 6280, 6278, 6263, 6259, 6959, 6924, 6919, 6895, 6891, 6889, 6073, 6067, 6054, 6051, 6047, 6026, 6001, 5999, 5663, 5659, 5656, 5632, 5622, 5621, 5615, 5380, 5588, 5362, 5364]",0.05125469999620691,success,,119.08943650031729,131.06562629275368,17.383597485919985,9.96351847995069,54.40000000000005,22.81573716182792
stl_midamerica_to_st_louis_lambert_2026-01-12_0086,midamerica_to_st_louis_lambert,MidAmerica to St. Louis Lambert,MidAmerica St. Louis Airport,St. Louis Lambert International Airport,38.5451731,-89.8351856,38.7486982,-90.3700257,2026-01-12,January 12th - Monday,w_0086,0.1,0.2,0.0,0.7,97,"[8877, 8881, 8904, 8922, 8923, 8927, 9145, 10016, 10018, 10062, 10055, 10058, 10094, 10096, 10103, 10104, 10110, 10109, 10516, 10515, 10514, 10517, 10522, 10299, 10300, 10301, 10309, 10308, 10310, 10343, 10345, 10344, 10342, 10355, 10210, 10208, 10209, 10326, 10328, 10322, 10191, 2276, 2518, 2277, 2509, 2287, 2508, 2286, 2298, 2300, 2301, 2307, 2495, 2820, 2823, 2827, 2849, 2848, 2850, 2837, 2861, 2866, 2889, 3896, 3898, 3901, 3927, 3946, 3949, 3953, 3966, 3944, 3977, 3976, 3941, 4043, 4042, 4041, 4040, 4051, 4054, 4186, 4080, 4205, 4207, 4212, 5309, 5313, 5335, 5337, 5320, 5322, 5323, 5346, 5357, 5358, 5364]",0.05695120000746101,success,,74.42461752704692,81.90910457247038,21.027756995193187,52.959116246139885,47.00000000000003,45.296461856285696
stl_midamerica_to_st_louis_lambert_2026-01-12_0087,midamerica_to_st_louis_lambert,MidAmerica to St. Louis Lambert,MidAmerica St. Louis Airport,St. Louis Lambert International Airport,38.5451731,-89.8351856,38.7486982,-90.3700257,2026-01-12,January 12th - Monday,w_0087,0.1,0.2,0.1,0.6,97,"[8877, 8879, 8896, 8900, 8924, 8930, 10012, 10015, 10018, 10062, 10055, 10058, 10094, 10096, 10103, 10104, 10110, 10109, 10516, 10515, 10514, 10513, 10298, 10299, 10524, 10529, 10538, 10539, 10537, 10367, 10364, 10365, 10366, 10376, 10360, 10361, 10373, 10336, 10335, 10337, 10330, 2548, 2527, 2525, 2526, 2538, 2540, 2516, 2530, 2534, 2559, 2561, 2840, 2842, 2843, 2845, 2878, 2879, 2884, 2883, 2893, 4095, 4096, 3932, 3933, 3958, 3962, 3974, 3973, 3972, 3971, 3981, 3978, 3976, 3941, 4043, 4038, 4037, 4040, 4046, 4048, 4049, 4061, 4075, 4082, 4084, 5080, 5305, 5307, 5314, 5320, 5322, 5323, 5346, 5357, 5358, 5364]",0.05514390001189895,success,,77.09605524319325,84.8491945389543,22.070682206077986,31.27487786878208,47.60000000000003,44.586543681989255
stl_midamerica_to_st_louis_lambert_2026-01-12_0088,midamerica_to_st_louis_lambert,MidAmerica to St. Louis Lambert,MidAmerica St. Louis Airport,St. Louis Lambert International Airport,38.5451731,-89.8351856,38.7486982,-90.3700257,2026-01-12,January 12th - Monday,w_0088,0.1,0.2,0.2,0.5,145,"[8877, 8880, 8902, 8917, 8943, 8947, 8951, 9043, 9047, 9051, 9252, 9279, 9303, 9304, 9311, 9334, 9338, 9342, 9551, 9555, 9557, 9572, 9576, 9590, 9594, 11822, 11828, 11831, 11856, 11860, 11862, 11867, 11870, 11894, 11898, 12103, 12105, 12111, 12133, 12160, 12161, 12188, 12190, 12299, 12300, 12325, 12329, 12323, 12356, 12359, 12373, 12374, 13424, 13429, 13452, 12870, 12895, 12898, 12905, 12918, 12921, 12924, 13151, 13165, 13166, 13172, 13216, 13126, 13092, 13093, 13106, 13107, 13084, 13105, 13118, 13119, 13121, 13120, 13019, 13018, 13021, 13020, 13027, 13029, 13028, 13009, 13010, 13011, 13014, 6438, 6436, 6462, 6439, 6449, 6471, 6447, 6442, 6452, 6431, 6453, 6454, 6363, 6364, 6366, 6352, 6480, 6347, 6345, 6329, 6327, 6324, 6326, 6237, 6239, 6236, 6202, 6194, 6227, 6226, 6218, 6213, 6214, 6210, 6064, 6888, 6887, 6889, 6073, 6067, 6052, 6048, 6029, 6004, 6002, 6514, 6513, 5661, 5657, 5636, 5623, 5619, 5384, 5592, 5586, 5364]",0.055572600016603246,success,,112.81205306948604,124.15695987346587,16.289892393903703,15.528187509549669,46.400000000000034,41.97931196803728
stl_midamerica_to_st_louis_lambert_2026-01-12_0089,midamerica_to_st_louis_lambert,MidAmerica to St. Louis Lambert,MidAmerica St. Louis Airport,St. Louis Lambert International Airport,38.5451731,-89.8351856,38.7486982,-90.3700257,2026-01-12,January 12th - Monday,w_0089,0.1,0.2,0.3,0.4,148,"[8877, 8880, 8902, 8917, 8943, 8947, 8951, 9043, 9047, 9051, 9252, 9279, 9303, 9304, 9311, 9334, 9338, 9342, 9551, 9555, 9557, 9572, 9576, 9590, 9594, 11822, 11828, 11831, 11856, 11860, 11862, 11867, 11870, 11894, 11898, 12103, 12105, 12111, 12133, 12137, 12163, 12166, 12189, 12497, 12503, 12526, 12330, 12332, 12348, 12351, 12362, 13431, 13434, 13427, 13454, 13456, 13480, 12903, 12908, 12912, 12937, 13149, 13152, 13186, 13191, 13173, 13171, 13172, 13216, 13126, 13092, 13093, 13106, 13107, 13084, 13105, 13118, 13119, 13121, 13120, 13019, 13018, 13021, 13020, 13027, 13029, 13028, 13009, 13010, 13011, 13014, 6438, 6436, 6433, 6407, 6444, 6445, 6471, 6447, 6442, 6452, 6431, 6453, 6454, 6363, 6364, 6366, 6352, 6480, 6347, 6345, 6329, 6327, 6324, 6326, 6237, 6239, 6236, 6202, 6194, 6227, 6226, 6218, 6213, 6214, 6210, 6064, 6892, 6887, 6889, 6073, 6067, 6052, 6048, 6029, 6004, 6002, 6514, 6513, 5661, 5657, 5636, 5623, 5619, 5384, 5592, 5586, 5364]",0.05547739999019541,success,,115.54482454717392,127.16455161093442,16.19332317383052,14.434361029078882,46.400000000000034,38.84542810458322
stl_midamerica_to_st_louis_lambert_2026-01-12_0090,midamerica_to_st_louis_lambert,MidAmerica to St. Louis Lambert,MidAmerica St. Louis Airport,St. Louis Lambert International Airport,38.5451731,-89.8351856,38.7486982,-90.3700257,2026-01-12,January 12th - Monday,w_0090,0.1,0.2,0.4,0.3,148,"[8877, 8880, 8902, 8908, 8942, 8946, 8948, 8951, 9043, 9047, 9051, 9252, 9279, 9303, 9304, 9311, 9334, 9338, 9342, 9551, 9555, 9557, 9572, 9576, 9590, 9594, 11822, 11828, 11831, 11856, 11860, 11862, 11867, 11870, 11894, 11898, 12103, 12105, 12111, 12133, 12137, 12163, 12166, 12189, 12497, 12503, 12526, 12330, 12332, 12348, 12351, 12362, 13431, 13434, 13427, 13454, 13456, 13480, 12903, 12908, 12912, 12937, 13149, 13152, 13186, 13191, 13173, 13171, 13172, 13216, 13126, 13092, 13093, 13106, 13107, 13084, 13105, 13118, 13119, 13121, 13120, 13019, 13018, 13021, 13020, 13027, 13029, 13028, 13009, 13010, 13011, 13014, 6438, 6436, 6433, 6407, 6419, 6413, 6418, 6414, 6429, 6431, 6456, 6502, 6370, 6368, 6366, 6352, 6480, 6347, 6345, 6329, 6327, 6324, 6326, 6237, 6239, 6236, 6202, 6194, 6227, 6226, 6218, 6213, 6214, 6210, 6064, 6888, 6060, 6059, 6065, 6050, 6046, 6023, 6003, 5998, 5999, 5663, 5659, 5656, 5632, 5622, 5621, 5615, 5380, 5588, 5362, 5364]",0.05410509998910129,success,,115.54234969548432,127.16182787660317,16.633187049539274,11.207273098028383,49.00000000000003,35.22572943677953
stl_midamerica_to_st_louis_lambert_2026-01-12_0091,midamerica_to_st_louis_lambert,MidAmerica to St. Louis Lambert,MidAmerica St. Louis Airport,St. Louis Lambert International Airport,38.5451731,-89.8351856,38.7486982,-90.3700257,2026-01-12,January 12th - Monday,w_0091,0.1,0.2,0.5,0.2,148,"[8877, 8880, 8902, 8908, 8942, 8946, 8948, 8951, 9043, 9047, 9051, 9252, 9279, 9303, 9304, 9311, 9334, 9338, 9342, 9551, 9555, 9557, 9572, 9576, 9590, 9594, 11822, 11828, 11831, 11856, 11860, 11862, 11867, 11870, 11894, 11898, 12103, 12105, 12111, 12133, 12137, 12163, 12166, 12189, 12497, 12503, 12526, 12330, 12332, 12348, 12351, 12362, 13431, 13434, 13427, 13454, 13456, 13480, 12903, 12908, 12912, 12937, 13149, 13152, 13186, 13191, 13173, 13171, 13172, 13216, 13126, 13092, 13093, 13106, 13107, 13084, 13105, 13118, 13119, 13121, 13120, 13019, 13018, 13021, 13020, 13027, 13029, 13028, 13009, 13010, 13011, 13014, 6438, 6436, 6433, 6407, 6419, 6413, 6418, 6414, 6429, 6431, 6456, 6502, 6370, 6368, 6366, 6352, 6480, 6347, 6345, 6329, 6327, 6324, 6326, 6237, 6239, 6236, 6202, 6194, 6227, 6226, 6218, 6213, 6214, 6210, 6064, 6888, 6060, 6059, 6065, 6050, 6046, 6023, 6003, 5998, 5999, 5663, 5659, 5656, 5632, 5622, 5621, 5615, 5380, 5588, 5362, 5364]",0.05451240000547841,success,,115.54234969548432,127.16182787660317,16.633187049539274,11.207273098028383,49.00000000000003,31.44645674658237
stl_midamerica_to_st_louis_lambert_2026-01-12_0092,midamerica_to_st_louis_lambert,MidAmerica to St. Louis Lambert,MidAmerica St. Louis Airport,St. Louis Lambert International Airport,38.5451731,-89.8351856,38.7486982,-90.3700257,2026-01-12,January 12th - Monday,w_0092,0.1,0.2,0.6,0.1,148,"[8877, 8880, 8902, 8908, 8942, 8946, 8948, 8951, 9043, 9047, 9051, 9252, 9279, 9303, 9304, 9311, 9334, 9338, 9342, 9551, 9555, 9557, 9572, 9576, 9590, 9594, 11822, 11828, 11831, 11856, 11860, 11862, 11867, 11870, 11894, 11898, 12103, 12105, 12111, 12133, 12137, 12163, 12166, 12189, 12497, 12503, 12526, 12330, 12332, 12348, 12351, 12362, 13431, 13434, 13427, 13454, 13456, 13480, 12903, 12908, 12912, 12937, 13149, 13152, 13185, 13154, 13165, 13163, 13162, 13164, 13053, 13088, 13054, 13076, 13083, 13080, 13105, 13118, 13119, 13121, 13120, 13019, 13018, 13021, 13020, 13027, 13029, 13028, 13009, 13010, 13011, 13014, 6438, 6436, 6433, 6407, 6419, 6413, 6418, 6414, 6429, 6431, 6456, 6502, 6370, 6368, 6366, 6352, 6480, 6347, 6345, 6329, 6327, 6324, 6326, 6237, 6239, 6236, 6202, 6194, 6227, 6226, 6218, 6213, 6214, 6210, 6064, 6888, 6060, 6059, 6065, 6050, 6046, 6023, 6003, 5998, 5999, 5663, 5659, 5656, 5632, 5622, 5621, 5615, 5380, 5588, 5362, 5364]",0.05394990000058897,success,,115.54127501938795,127.1606451260606,17.56370701289746,10.850467351320775,49.00000000000003,27.63908632597802
stl_midamerica_to_st_louis_lambert_2026-01-12_0093,midamerica_to_st_louis_lambert,MidAmerica to St. Louis Lambert,MidAmerica St. Louis Airport,St. Louis Lambert International Airport,38.5451731,-89.8351856,38.7486982,-90.3700257,2026-01-12,January 12th - Monday,w_0093,0.1,0.2,0.7,0.0,152,"[8877, 8880, 8902, 8908, 8942, 8946, 8948, 8951, 9043, 9047, 9049, 9284, 9286, 9290, 9314, 9317, 9320, 9447, 9471, 9472, 9476, 9503, 9506, 9507, 11715, 11717, 11721, 11743, 11746, 11751, 11794, 11797, 11798, 12002, 12004, 12009, 12011, 12033, 12038, 12039, 12084, 12087, 12090, 12296, 12299, 12303, 12326, 12330, 12332, 12348, 12351, 12362, 13431, 13434, 13427, 13454, 13456, 13480, 12903, 12908, 12912, 12937, 13149, 13152, 13185, 13154, 13165, 13163, 13162, 13164, 13053, 13088, 13054, 13076, 13083, 13080, 13105, 13118, 13119, 13121, 13120, 13019, 13018, 13021, 13020, 13027, 13029, 13028, 13009, 13010, 13011, 13014, 6438, 6436, 6433, 6407, 6419, 6413, 6418, 6414, 6429, 6431, 6456, 6502, 6370, 6368, 6366, 6352, 6480, 6347, 6345, 6354, 6353, 6355, 6332, 6245, 6250, 6248, 6251, 6267, 6270, 6272, 6281, 6280, 6278, 6263, 6259, 6959, 6924, 6919, 6895, 6891, 6889, 6073, 6067, 6054, 6051, 6047, 6026, 6001, 5999, 5663, 5659, 5656, 5632, 5622, 5621, 5615, 5380, 5588, 5362, 5364]",0.050538100011181086,success,,116.69540326014128,128.43083789161358,16.682378016751063,10.412867839532206,54.40000000000005,23.468566880184113
stl_midamerica_to_st_louis_lambert_2026-01-12_0094,midamerica_to_st_louis_lambert,MidAmerica to St. Louis Lambert,MidAmerica St. Louis Airport,St. Louis Lambert International Airport,38.5451731,-89.8351856,38.7486982,-90.3700257,2026-01-12,January 12th - Monday,w_0094,0.1,0.3,0.0,0.6,97,"[8877, 8881, 8904, 8922, 8923, 8927, 9145, 10016, 10018, 10062, 10055, 10058, 10094, 10096, 10103, 10104, 10110, 10109, 10516, 10515, 10514, 10517, 10522, 10299, 10300, 10301, 10309, 10308, 10310, 10343, 10345, 10344, 10342, 10355, 10210, 10208, 10209, 10326, 10328, 10322, 10191, 2276, 2518, 2277, 2509, 2287, 2508, 2286, 2298, 2300, 2301, 2307, 2495, 2820, 2823, 2827, 2849, 2848, 2850, 2837, 2861, 2866, 2889, 3896, 3898, 3901, 3927, 3946, 3949, 3953, 3966, 3944, 3977, 3976, 3941, 4043, 4042, 4041, 4040, 4051, 4054, 4186, 4080, 4205, 4207, 4212, 5309, 5313, 5335, 5337, 5320, 5322, 5323, 5346, 5357, 5358, 5364]",0.056753800017759204,success,,74.42461752704692,81.90910457247038,21.027756995193187,52.959116246139885,47.00000000000003,42.69923755580501
stl_midamerica_to_st_louis_lambert_2026-01-12_0095,midamerica_to_st_louis_lambert,MidAmerica to St. Louis Lambert,MidAmerica St. Louis Airport,St. Louis Lambert International Airport,38.5451731,-89.8351856,38.7486982,-90.3700257,2026-01-12,January 12th - Monday,w_0095,0.1,0.3,0.1,0.5,97,"[8877, 8881, 8904, 8922, 8923, 8927, 9145, 10016, 10018, 10062, 10055, 10058, 10094, 10096, 10103, 10104, 10110, 10109, 10516, 10515, 10514, 10513, 10298, 10295, 10296, 10297, 10309, 10532, 10533, 10349, 10347, 10348, 10346, 10359, 10358, 10356, 10352, 10326, 10328, 10329, 10330, 2548, 2527, 2525, 2526, 2538, 2540, 2516, 2530, 2534, 2559, 2561, 2840, 2842, 2843, 2845, 2878, 2879, 2884, 2883, 2893, 4095, 4096, 3932, 3933, 3958, 3962, 3974, 3973, 3972, 3971, 3981, 3978, 3976, 3941, 4043, 4066, 4067, 4040, 4046, 4048, 4049, 4061, 4075, 4082, 4084, 5080, 5305, 5307, 5314, 5320, 5322, 5323, 5346, 5357, 5358, 5364]",0.055678000004263595,success,,76.5619026002047,84.26132501209631,20.999386394586868,34.49486275539124,47.60000000000003,41.97543469512483
stl_midamerica_to_st_louis_lambert_2026-01-12_0096,midamerica_to_st_louis_lambert,MidAmerica to St. Louis Lambert,MidAmerica St. Louis Airport,St. Louis Lambert International Airport,38.5451731,-89.8351856,38.7486982,-90.3700257,2026-01-12,January 12th - Monday,w_0096,0.1,0.3,0.2,0.4,147,"[8877, 8880, 8902, 8917, 8943, 8947, 8951, 9043, 9047, 9051, 9252, 9279, 9303, 9304, 9311, 9334, 9338, 9342, 9551, 9555, 9557, 9572, 9576, 9590, 9594, 11822, 11828, 11831, 11856, 11860, 11862, 11867, 11870, 11894, 11898, 12103, 12105, 12111, 12133, 12137, 12163, 12166, 12189, 12497, 12503, 12526, 12330, 12332, 12348, 12351, 12362, 13431, 13434, 13427, 13454, 13456, 13480, 12903, 12908, 12912, 12937, 13149, 13152, 13186, 13191, 13173, 13171, 13172, 13216, 13126, 13092, 13093, 13106, 13107, 13084, 13105, 13118, 13119, 13121, 13120, 13019, 13018, 13021, 13020, 13027, 13029, 13028, 13009, 13010, 13011, 13014, 6438, 6436, 6433, 6407, 6444, 6417, 6418, 6414, 6426, 6423, 6427, 6454, 6363, 6364, 6366, 6352, 6480, 6347, 6345, 6329, 6327, 6324, 6326, 6237, 6239, 6236, 6202, 6194, 6227, 6226, 6218, 6213, 6214, 6210, 6064, 6888, 6887, 6889, 6073, 6067, 6052, 6048, 6029, 6004, 6002, 6514, 6513, 5661, 5657, 5636, 5623, 5619, 5384, 5592, 5586, 5364]",0.05375280001317151,success,,114.63353701363286,126.16162074799408,15.160727395376293,14.788190194077202,47.000000000000036,38.92201833222775
stl_midamerica_to_st_louis_lambert_2026-01-12_0097,midamerica_to_st_louis_lambert,MidAmerica to St. Louis Lambert,MidAmerica St. Louis Airport,St. Louis Lambert International Airport,38.5451731,-89.8351856,38.7486982,-90.3700257,2026-01-12,January 12th - Monday,w_0097,0.1,0.3,0.3,0.3,148,"[8877, 8880, 8902, 8908, 8942, 8946, 8948, 8951, 9043, 9047, 9051, 9252, 9279, 9303, 9304, 9311, 9334, 9338, 9342, 9551, 9555, 9557, 9572, 9576, 9590, 9594, 11822, 11828, 11831, 11856, 11860, 11862, 11867, 11870, 11894, 11898, 12103, 12105, 12111, 12133, 12137, 12163, 12166, 12189, 12497, 12503, 12526, 12330, 12332, 12348, 12351, 12362, 13431, 13434, 13427, 13454, 13456, 13480, 12903, 12908, 12912, 12937, 13149, 13152, 13186, 13191, 13173, 13171, 13172, 13216, 13126, 13092, 13093, 13106, 13107, 13084, 13105, 13118, 13119, 13121, 13120, 13019, 13018, 13021, 13020, 13027, 13029, 13028, 13009, 13010, 13011, 13014, 6438, 6436, 6433, 6407, 6444, 6417, 6418, 6414, 6426, 6423, 6427, 6454, 6363, 6364, 6366, 6352, 6480, 6347, 6345, 6329, 6327, 6324, 6326, 6237, 6239, 6236, 6202, 6194, 6227, 6226, 6218, 6213, 6214, 6210, 6064, 6892, 6887, 6889, 6073, 6067, 6052, 6048, 6029, 6004, 6002, 6514, 6513, 5661, 5657, 5636, 5623, 5619, 5384, 5592, 5586, 5364]",0.05434400000376627,success,,115.54302295292545,127.16256883995624,15.239112668216597,13.076763038924579,48.00000000000003,35.611019596137986
stl_midamerica_to_st_louis_lambert_2026-01-12_0098,midamerica_to_st_louis_lambert,MidAmerica to St. Louis Lambert,MidAmerica St. Louis Airport,St. Louis Lambert International Airport,38.5451731,-89.8351856,38.7486982,-90.3700257,2026-01-12,January 12th - Monday,w_0098,0.1,0.3,0.4,0.2,149,"[8877, 8880, 8902, 8908, 8942, 8946, 8948, 8951, 9043, 9047, 9051, 9252, 9279, 9303, 9304, 9311, 9334, 9338, 9342, 9551, 9555, 9557, 9572, 9576, 9590, 9594, 11822, 11828, 11831, 11856, 11860, 11862, 11867, 11870, 11894, 11898, 12103, 12105, 12111, 12133, 12137, 12163, 12166, 12189, 12497, 12503, 12526, 12330, 12332, 12348, 12351, 12362, 13431, 13434, 13427, 13454, 13456, 13480, 12903, 12908, 12912, 12937, 13149, 13152, 13186, 13191, 13173, 13171, 13172, 13216, 13126, 13092, 13093, 13106, 13107, 13084, 13105, 13118, 13119, 13121, 13120, 13019, 13018, 13021, 13020, 13027, 13029, 13028, 13009, 13010, 13011, 13014, 6438, 6436, 6433, 6407, 6419, 6413, 6418, 6414, 6426, 6423, 6427, 6454, 6363, 6364, 6366, 6352, 6480, 6347, 6345, 6329, 6327, 6324, 6326, 6237, 6239, 6236, 6202, 6194, 6227, 6226, 6218, 6213, 6214, 6210, 6064, 6892, 6887, 6889, 6073, 6067, 6054, 6051, 6047, 6026, 6001, 5999, 5663, 5659, 5656, 5632, 5622, 5621, 5615, 5380, 5588, 5362, 5364]",0.05413490001228638,success,,115.91844082958012,127.57574049120596,15.02305813379193,11.85453630820679,49.60000000000003,31.9263060125409
stl_midamerica_to_st_louis_lambert_2026-01-12_0099,midamerica_to_st_louis_lambert,MidAmerica to St. Louis Lambert,MidAmerica St. Louis Airport,St. Louis Lambert International Airport,38.5451731,-89.8351856,38.7486982,-90.3700257,2026-01-12,January 12th - Monday,w_0099,0.1,0.3,0.5,0.1,149,"[8877, 8880, 8902, 8908, 8942, 8946, 8948, 8951, 9043, 9047, 9051, 9252, 9279, 9303, 9304, 9311, 9334, 9338, 9342, 9551, 9555, 9557, 9572, 9576, 9590, 9594, 11822, 11828, 11831, 11856, 11860, 11862, 11867, 11870, 11894, 11898, 12103, 12105, 12111, 12133, 12137, 12163, 12166, 12189, 12497, 12503, 12526, 12330, 12332, 12348, 12351, 12362, 13431, 13434, 13427, 13454, 13456, 13480, 12903, 12908, 12912, 12937, 13149, 13152, 13186, 13191, 13173, 13171, 13172, 13216, 13126, 13092, 13093, 13106, 13107, 13084, 13105, 13118, 13119, 13121, 13120, 13019, 13018, 13021, 13020, 13027, 13029, 13028, 13009, 13010, 13011, 13014, 6438, 6436, 6433, 6407, 6419, 6413, 6418, 6414, 6429, 6431, 6456, 6502, 6370, 6368, 6366, 6352, 6480, 6347, 6345, 6329, 6327, 6324, 6326, 6237, 6239, 6236, 6202, 6194, 6227, 6226, 6218, 6213, 6214, 6210, 6064, 6892, 6887, 6889, 6073, 6067, 6054, 6051, 6047, 6026, 6001, 5999, 5663, 5659, 5656, 5632, 5622, 5621, 5615, 5380, 5588, 5362, 5364]",0.05494989998987876,success,,116.4535563081993,128.16466968094127,15.351124862718004,11.50563873622917,49.60000000000003,28.134623795024115
stl_midamerica_to_st_louis_lambert_2026-01-12_0100,midamerica_to_st_louis_lambert,MidAmerica to St. Louis Lambert,MidAmerica St. Louis Airport,St. Louis Lambert International Airport,38.5451731,-89.8351856,38.7486982,-90.3700257,2026-01-12,January 12th - Monday,w_0100,0.1,0.3,0.6,0.0,152,"[8877, 8880, 8902, 8908, 8942, 8946, 8948, 8951, 9043, 9047, 9049, 9284, 9286, 9290, 9314, 9317, 9320, 9447, 9471, 9472, 9476, 9503, 9506, 9507, 11715, 11717, 11721, 11743, 11746, 11751, 11794, 11797, 11798, 12002, 12004, 12009, 12011, 12033, 12038, 12039, 12084, 12087, 12090, 12296, 12299, 12303, 12326, 12330, 12332, 12348, 12351, 12362, 13431, 13434, 13427, 13454, 13456, 13480, 12903, 12908, 12912, 12937, 13149, 13152, 13186, 13191, 13173, 13171, 13172, 13216, 13126, 13092, 13093, 13106, 13107, 13084, 13105, 13118, 13119, 13121, 13120, 13019, 13018, 13021, 13020, 13027, 13029, 13028, 13009, 13010, 13011, 13014, 6438, 6436, 6433, 6407, 6419, 6413, 6418, 6414, 6429, 6431, 6456, 6502, 6370, 6368, 6366, 6352, 6480, 6347, 6345, 6354, 6353, 6355, 6332, 6245, 6250, 6248, 6251, 6267, 6270, 6272, 6281, 6280, 6278, 6263, 6259, 6959, 6924, 6919, 6895, 6891, 6889, 6073, 6067, 6054, 6051, 6047, 6026, 6001, 5999, 5663, 5659, 5656, 5632, 5622, 5621, 5615, 5380, 5588, 5362, 5364]",0.05170690000522882,success,,116.69647793623763,128.43202064215615,15.751858053392871,10.769673586239813,54.40000000000005,24.030563631977365
stl_midamerica_to_st_louis_lambert_2026-01-12_0101,midamerica_to_st_louis_lambert,MidAmerica to St. Louis Lambert,MidAmerica St. Louis Airport,St. Louis Lambert International Airport,38.5451731,-89.8351856,38.7486982,-90.3700257,2026-01-12,January 12th - Monday,w_0101,0.1,0.4,0.0,0.5,119,"[8877, 8880, 8902, 8917, 8943, 8947, 8951, 9043, 9047, 9051, 9252, 9279, 9280, 9292, 9316, 9320, 9447, 9470, 9473, 9498, 9488, 9466, 9467, 9489, 9480, 9481, 9485, 9487, 10502, 10504, 10508, 10823, 10833, 10832, 10501, 10817, 10815, 10816, 10814, 10597, 10598, 10599, 10596, 10591, 10602, 10603, 10604, 10913, 10914, 10580, 10399, 10392, 10369, 10366, 10372, 10360, 10356, 10352, 10326, 10328, 10322, 10191, 2276, 2518, 2277, 2509, 2287, 2508, 2286, 2298, 2300, 2301, 2307, 2495, 2820, 2823, 2827, 2849, 2848, 2850, 2837, 2861, 2866, 2889, 3896, 3898, 3901, 3927, 3946, 3949, 3953, 3966, 3944, 3977, 3976, 3941, 4043, 4066, 4067, 4068, 4185, 4187, 4188, 4076, 4075, 4082, 4084, 5080, 5084, 5310, 5311, 5337, 5320, 5322, 5323, 5346, 5357, 5358, 5364]",0.05467859999043867,success,,93.28185757416979,102.66271672783884,14.598449631436646,53.03223228993287,47.40000000000003,39.805651525358556
stl_midamerica_to_st_louis_lambert_2026-01-12_0102,midamerica_to_st_louis_lambert,MidAmerica to St. Louis Lambert,MidAmerica St. Louis Airport,St. Louis Lambert International Airport,38.5451731,-89.8351856,38.7486982,-90.3700257,2026-01-12,January 12th - Monday,w_0102,0.1,0.4,0.1,0.4,144,"[8877, 8880, 8902, 8917, 8943, 8947, 8951, 9043, 9047, 9051, 9252, 9279, 9303, 9304, 9311, 9334, 9338, 9342, 9551, 9555, 9557, 9572, 9576, 9590, 9594, 11822, 11828, 11831, 11856, 11860, 11862, 11867, 11870, 11894, 11898, 12103, 12105, 12111, 12133, 12160, 12161, 12188, 12190, 12299, 12300, 12325, 12329, 12323, 12356, 12359, 12373, 12374, 13424, 13450, 12870, 12895, 12898, 12905, 12918, 12921, 12924, 13151, 13165, 13166, 13172, 13216, 13126, 13129, 13130, 13114, 13112, 13113, 13135, 13122, 13289, 13124, 13123, 13023, 13022, 13268, 13024, 13027, 13029, 13028, 13009, 13005, 13007, 13008, 6411, 6436, 6433, 6407, 6444, 6417, 6418, 6420, 6429, 6428, 6427, 6454, 6363, 6364, 6366, 6352, 6480, 6347, 6345, 6354, 6353, 6355, 6332, 6245, 6250, 6248, 6247, 6234, 6229, 6231, 6221, 6222, 6217, 6216, 6918, 6896, 6893, 6889, 6073, 6067, 6052, 6048, 6029, 6004, 6002, 6514, 6513, 5661, 5657, 5636, 5623, 5619, 5384, 5592, 5586, 5364]",0.05541339999763295,success,,112.43774540628817,123.74501008392207,15.08365014891939,16.897324537929265,47.000000000000036,38.897693521752906
stl_midamerica_to_st_louis_lambert_2026-01-12_0103,midamerica_to_st_louis_lambert,MidAmerica to St. Louis Lambert,MidAmerica St. Louis Airport,St. Louis Lambert International Airport,38.5451731,-89.8351856,38.7486982,-90.3700257,2026-01-12,January 12th - Monday,w_0103,0.1,0.4,0.2,0.3,147,"[8877, 8880, 8902, 8917, 8943, 8947, 8951, 9043, 9047, 9051, 9252, 9279, 9303, 9304, 9311, 9334, 9338, 9342, 9551, 9555, 9557, 9572, 9576, 9590, 9594, 11822, 11828, 11831, 11856, 11860, 11862, 11867, 11870, 11894, 11898, 12103, 12105, 12111, 12133, 12137, 12163, 12166, 12189, 12497, 12503, 12526, 12330, 12332, 12348, 12351, 12362, 13431, 13434, 13427, 13454, 13456, 13480, 12903, 12908, 12912, 12937, 13149, 13152, 13186, 13191, 13173, 13171, 13172, 13216, 13126, 13092, 13093, 13106, 13107, 13084, 13105, 13118, 13119, 13121, 13120, 13019, 13018, 13021, 13020, 13027, 13029, 13028, 13009, 13010, 13011, 13014, 6438, 6436, 6433, 6407, 6444, 6417, 6418, 6414, 6426, 6423, 6427, 6454, 6363, 6364, 6366, 6352, 6480, 6347, 6345, 6329, 6327, 6324, 6326, 6237, 6239, 6236, 6202, 6194, 6227, 6226, 6218, 6213, 6214, 6210, 6064, 6888, 6887, 6889, 6073, 6067, 6052, 6048, 6029, 6004, 6002, 6514, 6513, 5661, 5657, 5636, 5623, 5619, 5384, 5592, 5586, 5364]",0.0552427000075113,success,,114.63353701363286,126.16162074799408,15.160727395376293,14.788190194077202,47.000000000000036,35.738091071765375
stl_midamerica_to_st_louis_lambert_2026-01-12_0104,midamerica_to_st_louis_lambert,MidAmerica to St. Louis Lambert,MidAmerica St. Louis Airport,St. Louis Lambert International Airport,38.5451731,-89.8351856,38.7486982,-90.3700257,2026-01-12,January 12th - Monday,w_0104,0.1,0.4,0.3,0.2,149,"[8877, 8880, 8902, 8908, 8942, 8946, 8948, 8951, 9043, 9047, 9051, 9252, 9279, 9303, 9304, 9311, 9334, 9338, 9342, 9551, 9555, 9557, 9572, 9576, 9590, 9594, 11822, 11828, 11831, 11856, 11860, 11862, 11867, 11870, 11894, 11898, 12103, 12105, 12111, 12133, 12137, 12163, 12166, 12189, 12497, 12503, 12526, 12330, 12332, 12348, 12351, 12362, 13431, 13434, 13427, 13454, 13456, 13480, 12903, 12908, 12912, 12937, 13149, 13152, 13186, 13191, 13173, 13171, 13172, 13216, 13126, 13092, 13093, 13106, 13107, 13084, 13105, 13118, 13119, 13121, 13120, 13019, 13018, 13021, 13020, 13027, 13029, 13028, 13009, 13010, 13011, 13014, 6438, 6436, 6433, 6407, 6419, 6413, 6418, 6414, 6426, 6423, 6427, 6454, 6363, 6364, 6366, 6352, 6480, 6347, 6345, 6329, 6327, 6324, 6326, 6237, 6239, 6236, 6202, 6194, 6227, 6226, 6218, 6213, 6214, 6210, 6064, 6892, 6887, 6889, 6073, 6067, 6054, 6051, 6047, 6026, 6001, 5999, 5663, 5659, 5656, 5632, 5622, 5621, 5615, 5380, 5588, 5362, 5364]",0.05521350001799874,success,,115.91844082958012,127.57574049120596,15.02305813379193,11.85453630820679,49.60000000000003,32.24315819509942
stl_midamerica_to_st_louis_lambert_2026-01-12_0105,midamerica_to_st_louis_lambert,MidAmerica to St. Louis Lambert,MidAmerica St. Louis Airport,St. Louis Lambert International Airport,38.5451731,-89.8351856,38.7486982,-90.3700257,2026-01-12,January 12th - Monday,w_0105,0.1,0.4,0.4,0.1,149,"[8877, 8880, 8902, 8908, 8942, 8946, 8948, 8951, 9043, 9047, 9051, 9252, 9279, 9303, 9304, 9311, 9334, 9338, 9342, 9551, 9555, 9557, 9572, 9576, 9590, 9594, 11822, 11828, 11831, 11856, 11860, 11862, 11867, 11870, 11894, 11898, 12103, 12105, 12111, 12133, 12137, 12163, 12166, 12189, 12497, 12503, 12526, 12330, 12332, 12348, 12351, 12362, 13431, 13434, 13427, 13454, 13456, 13480, 12903, 12908, 12912, 12937, 13149, 13152, 13186, 13191, 13173, 13171, 13172, 13216, 13126, 13092, 13093, 13106, 13107, 13084, 13105, 13118, 13119, 13121, 13120, 13019, 13018, 13021, 13020, 13027, 13029, 13028, 13009, 13010, 13011, 13014, 6438, 6436, 6433, 6407, 6419, 6413, 6418, 6414, 6426, 6423, 6427, 6454, 6363, 6364, 6366, 6352, 6480, 6347, 6345, 6329, 6327, 6324, 6326, 6237, 6239, 6236, 6202, 6194, 6227, 6226, 6218, 6213, 6214, 6210, 6064, 6892, 6887, 6889, 6073, 6067, 6054, 6051, 6047, 6026, 6001, 5999, 5663, 5659, 5656, 5632, 5622, 5621, 5615, 5380, 5588, 5362, 5364]",0.05304560001241043,success,,115.91844082958012,127.57574049120596,15.02305813379193,11.85453630820679,49.60000000000003,28.468611825920092
stl_midamerica_to_st_louis_lambert_2026-01-12_0106,midamerica_to_st_louis_lambert,MidAmerica to St. Louis Lambert,MidAmerica St. Louis Airport,St. Louis Lambert International Airport,38.5451731,-89.8351856,38.7486982,-90.3700257,2026-01-12,January 12th - Monday,w_0106,0.1,0.4,0.5,0.0,169,"[8877, 8880, 8902, 8908, 8942, 8946, 8948, 8951, 9043, 9047, 9049, 9284, 9286, 9290, 9314, 9317, 9320, 9447, 9471, 9472, 9476, 9503, 9504, 11713, 11716, 9526, 11736, 11739, 11763, 11767, 11771, 11785, 11789, 11993, 11999, 12001, 12025, 12029, 12054, 12058, 12073, 12077, 12081, 12288, 12291, 12301, 12318, 12321, 12322, 12365, 12368, 12370, 13422, 13424, 13429, 13452, 12897, 12900, 12902, 12909, 12913, 12937, 13149, 13152, 13186, 13191, 13173, 13171, 13172, 13216, 13126, 13092, 13093, 13106, 13107, 13084, 13105, 13118, 13119, 13121, 13120, 13019, 13018, 13021, 13020, 13027, 13029, 13028, 13009, 13010, 13011, 13014, 6438, 6436, 6433, 6407, 6419, 6413, 6418, 6414, 6426, 6423, 6427, 6454, 6363, 6364, 6366, 6352, 6480, 6347, 6345, 6354, 6353, 6355, 6332, 6245, 6250, 6248, 6251, 6267, 6270, 6272, 6281, 6280, 6278, 6263, 6963, 6966, 6965, 6973, 6969, 6971, 6968, 6970, 6988, 6985, 6986, 6987, 6879, 6877, 6851, 6977, 6871, 6872, 6867, 6853, 6830, 6826, 6800, 6798, 6793, 6588, 6585, 6570, 5742, 5739, 5737, 5702, 5700, 5696, 5474, 5471, 5647, 5613, 5609, 5606, 5590, 5586, 5364]",0.05239369999617338,success,,127.20998429164634,140.00281428682013,9.339450623301866,13.40324031441573,67.00000000000006,24.437681835210626
stl_midamerica_to_st_louis_lambert_2026-01-12_0107,midamerica_to_st_louis_lambert,MidAmerica to St. Louis Lambert,MidAmerica St. Louis Airport,St. Louis Lambert International Airport,38.5451731,-89.8351856,38.7486982,-90.3700257,2026-01-12,January 12th - Monday,w_0107,0.1,0.5,0.0,0.4,119,"[8877, 8880, 8902, 8917, 8943, 8947, 8951, 9043, 9047, 9051, 9252, 9279, 9280, 9292, 9316, 9320, 9447, 9470, 9473, 9498, 9488, 9466, 9467, 9489, 9480, 9481, 9485, 9487, 10502, 10504, 10508, 10823, 10833, 10832, 10501, 10817, 10815, 10816, 10814, 10597, 10598, 10599, 10596, 10591, 10602, 10603, 10604, 10913, 10914, 10580, 10399, 10392, 10369, 10370, 10381, 10380, 10379, 10378, 10391, 10402, 10403, 10390, 2577, 2576, 2598, 2575, 2587, 10714, 10713, 10722, 2597, 10723, 2596, 2876, 2875, 2874, 2873, 2885, 2886, 2884, 2883, 2893, 4095, 4096, 3932, 3933, 3958, 3962, 3967, 3954, 3953, 3966, 3944, 3977, 3976, 3941, 4043, 4066, 4067, 4068, 4185, 4187, 4188, 4076, 4075, 4082, 4084, 5080, 5084, 5310, 5311, 5337, 5320, 5322, 5323, 5346, 5357, 5358, 5364]",0.0546539000060875,success,,90.09224420146406,99.15234094128195,12.648575706973194,48.35981745654148,49.80000000000003,36.159521947614806
stl_midamerica_to_st_louis_lambert_2026-01-12_0108,midamerica_to_st_louis_lambert,MidAmerica to St. Louis Lambert,MidAmerica St. Louis Airport,St. Louis Lambert International Airport,38.5451731,-89.8351856,38.7486982,-90.3700257,2026-01-12,January 12th - Monday,w_0108,0.1,0.5,0.1,0.3,101,"[8877, 8881, 8905, 8906, 8933, 8929, 9143, 9146, 9173, 10020, 10063, 10068, 10070, 10095, 10099, 10422, 10101, 10106, 10104, 10110, 10109, 10516, 10515, 10514, 10513, 10298, 10299, 10524, 10529, 10538, 10539, 10537, 10367, 10364, 10365, 10366, 10376, 10374, 10379, 10378, 10391, 10402, 10404, 10408, 2604, 2605, 2606, 2603, 10716, 10717, 10718, 10729, 10730, 10744, 10745, 2907, 4107, 4109, 4112, 4145, 4150, 4149, 4153, 4175, 4177, 4176, 4179, 4288, 4286, 4285, 3974, 3973, 3972, 3971, 3981, 3978, 3976, 3941, 4043, 4066, 4067, 4068, 4185, 4187, 4188, 4076, 4075, 4082, 4084, 5080, 5084, 5310, 5311, 5337, 5320, 5322, 5323, 5346, 5357, 5358, 5364]",0.054967000003671274,success,,77.00651971953641,84.75065490497508,14.743059445010156,39.18372095633295,52.400000000000034,35.48496730863589
stl_midamerica_to_st_louis_lambert_2026-01-12_0109,midamerica_to_st_louis_lambert,MidAmerica to St. Louis Lambert,MidAmerica St. Louis Airport,St. Louis Lambert International Airport,38.5451731,-89.8351856,38.7486982,-90.3700257,2026-01-12,January 12th - Monday,w_0109,0.1,0.5,0.2,0.2,150,"[8877, 8874, 8875, 8888, 8913, 8919, 8920, 9019, 9021, 9044, 9244, 9251, 9273, 9277, 9282, 9305, 9309, 9312, 9339, 9548, 9552, 9556, 9570, 9571, 9575, 9589, 9593, 11824, 11826, 11852, 11854, 11858, 11863, 11866, 11892, 11896, 11900, 12104, 12106, 12110, 12135, 12138, 12162, 12166, 12170, 12496, 12501, 12527, 12528, 12334, 12346, 12353, 13411, 12364, 13432, 13437, 13451, 13457, 13459, 13486, 12907, 12910, 12935, 12939, 13153, 13189, 13190, 13191, 13173, 13171, 13172, 13216, 13126, 13092, 13093, 13106, 13107, 13084, 13105, 13118, 13119, 13121, 13120, 13019, 13018, 13021, 13020, 13027, 13029, 13028, 13009, 13010, 13011, 13014, 6438, 6436, 6433, 6407, 6444, 6417, 6418, 6414, 6426, 6423, 6427, 6454, 6363, 6364, 6366, 6352, 6480, 6347, 6345, 6329, 6327, 6324, 6326, 6237, 6239, 6236, 6202, 6194, 6227, 6226, 6218, 6213, 6214, 6210, 6064, 6888, 6887, 6889, 6073, 6067, 6052, 6048, 6029, 6004, 6002, 6514, 6513, 5661, 5657, 5636, 5623, 5619, 5384, 5592, 5586, 5364]",0.05484719999367371,success,,116.28659153601626,127.98091415166779,14.913856876473789,13.373971992447132,48.00000000000003,32.52981425189311
stl_midamerica_to_st_louis_lambert_2026-01-12_0110,midamerica_to_st_louis_lambert,MidAmerica to St. Louis Lambert,MidAmerica St. Louis Airport,St. Louis Lambert International Airport,38.5451731,-89.8351856,38.7486982,-90.3700257,2026-01-12,January 12th - Monday,w_0110,0.1,0.5,0.3,0.1,171,"[8877, 8874, 8875, 8888, 8913, 8919, 8920, 9019, 9021, 9044, 9244, 9251, 9273, 9277, 9282, 9305, 9309, 9312, 9339, 9548, 9552, 9556, 9570, 9571, 9575, 9589, 9593, 11824, 11826, 11852, 11854, 11858, 11863, 11866, 11892, 11896, 11900, 12104, 12106, 12110, 12135, 12138, 12162, 12166, 12170, 12496, 12501, 12527, 12526, 12330, 12332, 12348, 12351, 12362, 13431, 13434, 13427, 13454, 13456, 13480, 12903, 12908, 12912, 12937, 13149, 13152, 13186, 13191, 13173, 13171, 13172, 13216, 13126, 13092, 13093, 13106, 13107, 13084, 13105, 13118, 13119, 13121, 13120, 13019, 13018, 13021, 13020, 13027, 13029, 13028, 13009, 13010, 13011, 13014, 6438, 6436, 6433, 6407, 6419, 6413, 6418, 6414, 6426, 6423, 6427, 6454, 6363, 6364, 6366, 6352, 6480, 6347, 6345, 6354, 6353, 6355, 6332, 6245, 6250, 6248, 6251, 6267, 6270, 6272, 6281, 6280, 6278, 6263, 6963, 6966, 6965, 6973, 6969, 6971, 6968, 6970, 6988, 6985, 6986, 6987, 6879, 6877, 6851, 6977, 6871, 6872, 6867, 6853, 6828, 6825, 6823, 6714, 6711, 5781, 5760, 5756, 5732, 5730, 5725, 5704, 5700, 5696, 5474, 5471, 5647, 5613, 5609, 5606, 5590, 5586, 5364]",0.05459580000024289,success,,130.6040633145593,143.73821774406974,6.219576001593582,16.27669744367067,64.00000000000006,28.766619008304975
stl_midamerica_to_st_louis_lambert_2026-01-12_0111,midamerica_to_st_louis_lambert,MidAmerica to St. Louis Lambert,MidAmerica St. Louis Airport,St. Louis Lambert International Airport,38.5451731,-89.8351856,38.7486982,-90.3700257,2026-01-12,January 12th - Monday,w_0111,0.1,0.5,0.4,0.0,171,"[8877, 8874, 8875, 8888, 8913, 8919, 8920, 9019, 9021, 9044, 9244, 9251, 9274, 9279, 9303, 9304, 9311, 9334, 9338, 9342, 9551, 9555, 9557, 9572, 9576, 9590, 9594, 11822, 11828, 11831, 11856, 11860, 11862, 11867, 11870, 11894, 11898, 12103, 12105, 12111, 12133, 12137, 12163, 12166, 12170, 12496, 12501, 12527, 12526, 12330, 12332, 12348, 12351, 12362, 13431, 13434, 13427, 13454, 13456, 13480, 12903, 12908, 12912, 12937, 13149, 13152, 13186, 13191, 13173, 13171, 13172, 13216, 13126, 13092, 13093, 13106, 13107, 13084, 13105, 13118, 13119, 13121, 13120, 13019, 13018, 13021, 13020, 13027, 13029, 13028, 13009, 13010, 13011, 13014, 6438, 6436, 6433, 6407, 6419, 6413, 6418, 6414, 6426, 6423, 6427, 6454, 6363, 6364, 6366, 6352, 6480, 6347, 6345, 6354, 6353, 6355, 6332, 6245, 6250, 6248, 6251, 6267, 6270, 6272, 6281, 6280, 6278, 6263, 6963, 6966, 6965, 6973, 6969, 6971, 6968, 6970, 6988, 6985, 6986, 6987, 6879, 6877, 6851, 6977, 6871, 6872, 6867, 6853, 6830, 6826, 6800, 6798, 6793, 6588, 6585, 6570, 5742, 5739, 5737, 5704, 5700, 5696, 5474, 5471, 5647, 5613, 5609, 5606, 5590, 5586, 5364]",0.0503065999946557,success,,129.01729986303795,141.99188195087322,8.000338559020857,14.135484472580698,65.00000000000006,23.853551263630035
stl_midamerica_to_st_louis_lambert_2026-01-12_0112,midamerica_to_st_louis_lambert,MidAmerica to St. Louis Lambert,MidAmerica St. Louis Airport,St. Louis Lambert International Airport,38.5451731,-89.8351856,38.7486982,-90.3700257,2026-01-12,January 12th - Monday,w_0112,0.1,0.6,0.0,0.3,119,"[8877, 8880, 8902, 8917, 8943, 8947, 8951, 9043, 9047, 9051, 9252, 9279, 9280, 9292, 9316, 9320, 9447, 9470, 9473, 9498, 9488, 9466, 9467, 9489, 9480, 9481, 9485, 9487, 10502, 10504, 10508, 10823, 10833, 10832, 10501, 10817, 10815, 10816, 10814, 10597, 10598, 10599, 10596, 10591, 10602, 10603, 10604, 10913, 10914, 10580, 10399, 10392, 10369, 10370, 10381, 10380, 10379, 10614, 10407, 10410, 10411, 10408, 2604, 2605, 2606, 2603, 10715, 10714, 10713, 10722, 2597, 10723, 2596, 2876, 2875, 2874, 2873, 2885, 2886, 2884, 2883, 2893, 4095, 4096, 3932, 3933, 3958, 3962, 3967, 3954, 3953, 3966, 3944, 3977, 3976, 3941, 4043, 4066, 4067, 4068, 4185, 4187, 4188, 4076, 4075, 4082, 4084, 5080, 5084, 5310, 5311, 5337, 5320, 5322, 5323, 5346, 5357, 5358, 5364]",0.05499969999073073,success,,90.0929044869205,99.15306762812693,12.288917930016117,48.25752018595445,50.400000000000034,32.40865752082237
stl_midamerica_to_st_louis_lambert_2026-01-12_0113,midamerica_to_st_louis_lambert,MidAmerica to St. Louis Lambert,MidAmerica St. Louis Airport,St. Louis Lambert International Airport,38.5451731,-89.8351856,38.7486982,-90.3700257,2026-01-12,January 12th - Monday,w_0113,0.1,0.6,0.1,0.2,101,"[8877, 8881, 8905, 8906, 8933, 8929, 9143, 9146, 9173, 10020, 10063, 10068, 10070, 10095, 10099, 10422, 10101, 10106, 10104, 10110, 10109, 10516, 10515, 10514, 10513, 10298, 10295, 10296, 10297, 10309, 10532, 10533, 10363, 10350, 10351, 10366, 10376, 10374, 10379, 10614, 10407, 10405, 10404, 10408, 2604, 2605, 2606, 2603, 10716, 10717, 10718, 10729, 10730, 10744, 10745, 2907, 4107, 4109, 4112, 4145, 4150, 4149, 4153, 4175, 4177, 4176, 4179, 4288, 4286, 4285, 3974, 3973, 3972, 3971, 3981, 3978, 3976, 3941, 4043, 4066, 4067, 4068, 4185, 4187, 4188, 4076, 4075, 4082, 4084, 5080, 5084, 5310, 5311, 5337, 5320, 5322, 5323, 5346, 5357, 5358, 5364]",0.0545822000131011,success,,77.00601612873963,84.75010067073637,14.671220811349963,39.59910675449389,52.400000000000034,31.717653229333013
stl_midamerica_to_st_louis_lambert_2026-01-12_0114,midamerica_to_st_louis_lambert,MidAmerica to St. Louis Lambert,MidAmerica St. Louis Airport,St. Louis Lambert International Airport,38.5451731,-89.8351856,38.7486982,-90.3700257,2026-01-12,January 12th - Monday,w_0114,0.1,0.6,0.2,0.1,171,"[8877, 8874, 8875, 8888, 8913, 8919, 8920, 9019, 9021, 9044, 9244, 9251, 9273, 9277, 9282, 9305, 9309, 9312, 9339, 9548, 9552, 9556, 9570, 9571, 9575, 9589, 9593, 11824, 11826, 11852, 11854, 11858, 11863, 11866, 11892, 11896, 11900, 12104, 12106, 12110, 12135, 12138, 12162, 12166, 12170, 12496, 12501, 12527, 12528, 12334, 12346, 12353, 13411, 12364, 13432, 13437, 13451, 13457, 13459, 13486, 12907, 12910, 12935, 12939, 13153, 13189, 13190, 13191, 13173, 13171, 13172, 13216, 13126, 13092, 13093, 13106, 13107, 13084, 13105, 13118, 13119, 13121, 13120, 13019, 13018, 13021, 13020, 13027, 13029, 13028, 13009, 13010, 13011, 13014, 6438, 6436, 6433, 6407, 6419, 6413, 6418, 6414, 6426, 6423, 6427, 6454, 6363, 6364, 6366, 6352, 6480, 6481, 6488, 6381, 6374, 6377, 6375, 6492, 6494, 6499, 6498, 6501, 6274, 6500, 6281, 6280, 6278, 6263, 6963, 6966, 6965, 6973, 6969, 6971, 6968, 6970, 6988, 6985, 6986, 6987, 6879, 6877, 6851, 6977, 6871, 6872, 6867, 6853, 6828, 6825, 6823, 6714, 6711, 5781, 5760, 5756, 5732, 5730, 5725, 5704, 5700, 5696, 5474, 5471, 5647, 5613, 5609, 5606, 5590, 5586, 5364]",0.052701199980219826,success,,129.8536414633331,142.91232996757947,6.189624610589897,16.716607444522367,64.00000000000006,27.74832925201637
stl_midamerica_to_st_louis_lambert_2026-01-12_0115,midamerica_to_st_louis_lambert,MidAmerica to St. Louis Lambert,MidAmerica St. Louis Airport,St. Louis Lambert International Airport,38.5451731,-89.8351856,38.7486982,-90.3700257,2026-01-12,January 12th - Monday,w_0115,0.1,0.6,0.3,0.0,174,"[8877, 8874, 8875, 8888, 8913, 8919, 8920, 9019, 9021, 9044, 9244, 9251, 9273, 9277, 9282, 9305, 9309, 9312, 9339, 9548, 9552, 9556, 9570, 9571, 9575, 9589, 9593, 11824, 11826, 11852, 11854, 11858, 11863, 11866, 11892, 11896, 11900, 12104, 12106, 12110, 12135, 12138, 12162, 12166, 12170, 12496, 12501, 12527, 12526, 12330, 12332, 12348, 12351, 12362, 13431, 13434, 13427, 13454, 13456, 13480, 12903, 12908, 12912, 12937, 13149, 13152, 13186, 13191, 13173, 13171, 13172, 13216, 13126, 13092, 13093, 13106, 13107, 13084, 13105, 13118, 13119, 13121, 13120, 13019, 13018, 13021, 13020, 13027, 13029, 13028, 13009, 13010, 13011, 13014, 6438, 6436, 6433, 6407, 6419, 6413, 6418, 6414, 6426, 6423, 6427, 6454, 6363, 6364, 6366, 6352, 6480, 6347, 6345, 6354, 6353, 6355, 6332, 6245, 6250, 6248, 6251, 6267, 6270, 6272, 6281, 6280, 6278, 6263, 6963, 6966, 6965, 6973, 6969, 6971, 6968, 6970, 6988, 6985, 6986, 6987, 6879, 6877, 6851, 6977, 6871, 6872, 6867, 6853, 6828, 6829, 6831, 6735, 6732, 6718, 6715, 5784, 5781, 5760, 5756, 5732, 5730, 5725, 5704, 5700, 5696, 5474, 5471, 5647, 5613, 5609, 5606, 5590, 5586, 5364]",0.05003129999386147,success,,131.73329709631642,144.9810125475915,6.244754964933283,15.809977431043409,67.00000000000006,22.987947463032143
stl_midamerica_to_st_louis_lambert_2026-01-12_0116,midamerica_to_st_louis_lambert,MidAmerica to St. Louis Lambert,MidAmerica St. Louis Airport,St. Louis Lambert International Airport,38.5451731,-89.8351856,38.7486982,-90.3700257,2026-01-12,January 12th - Monday,w_0116,0.1,0.7,0.0,0.2,119,"[8877, 8880, 8902, 8917, 8943, 8947, 8951, 9043, 9047, 9051, 9252, 9279, 9280, 9292, 9316, 9320, 9447, 9470, 9473, 9498, 9488, 9466, 9467, 9489, 9480, 9481, 9485, 9487, 10502, 10504, 10508, 10823, 10833, 10832, 10501, 10817, 10815, 10816, 10814, 10597, 10598, 10599, 10596, 10591, 10602, 10603, 10604, 10913, 10914, 10580, 10399, 10392, 10369, 10370, 10381, 10380, 10379, 10614, 10407, 10410, 10411, 10408, 2604, 2605, 2606, 2603, 10715, 10714, 10713, 10722, 2597, 10723, 2596, 2876, 2875, 2874, 2873, 2885, 2886, 2884, 2883, 2893, 4095, 4096, 3932, 3933, 3958, 3962, 3967, 3954, 3953, 3966, 3944, 3977, 3976, 3941, 4043, 4066, 4067, 4068, 4185, 4187, 4188, 4076, 4075, 4082, 4084, 5080, 5084, 5310, 5311, 5337, 5320, 5322, 5323, 5346, 5357, 5358, 5364]",0.05309820000547916,success,,90.0929044869205,99.15306762812693,12.288917930016117,48.25752018595445,50.400000000000034,28.597549313823983
stl_midamerica_to_st_louis_lambert_2026-01-12_0117,midamerica_to_st_louis_lambert,MidAmerica to St. Louis Lambert,MidAmerica St. Louis Airport,St. Louis Lambert International Airport,38.5451731,-89.8351856,38.7486982,-90.3700257,2026-01-12,January 12th - Monday,w_0117,0.1,0.7,0.1,0.1,169,"[8877, 8880, 8902, 8917, 8943, 8947, 8951, 9043, 9047, 9051, 9252, 9279, 9282, 9305, 9309, 9312, 9339, 9548, 9552, 9556, 9570, 9571, 9575, 9589, 9593, 11824, 11826, 11852, 11854, 11858, 11863, 11866, 11892, 11896, 11900, 12104, 12106, 12110, 12135, 12138, 12162, 12166, 12170, 12496, 12501, 12527, 12528, 12334, 12346, 12353, 13411, 12364, 13432, 13437, 13451, 13457, 13459, 13486, 12907, 12910, 12935, 12939, 13153, 13189, 13190, 13191, 13173, 13171, 13172, 13216, 13126, 13129, 13130, 13114, 13112, 13113, 13135, 13122, 13289, 13124, 13123, 13023, 13022, 13268, 13024, 13027, 13029, 13028, 13009, 13005, 13007, 13008, 6411, 6436, 6433, 6407, 6419, 6413, 6415, 6414, 6426, 6423, 6427, 6454, 6363, 6364, 6366, 6352, 6480, 6481, 6488, 6381, 6380, 6378, 6379, 6497, 6496, 6499, 6498, 6501, 6274, 6500, 6281, 6280, 6278, 6277, 6976, 6975, 6974, 6973, 6969, 6971, 6968, 6970, 6988, 6985, 6986, 6987, 6879, 6880, 6881, 6980, 6978, 6872, 6867, 6853, 6828, 6825, 6823, 6714, 6711, 5781, 5760, 5756, 5732, 5730, 5725, 5704, 5700, 5696, 5474, 5471, 5647, 5613, 5609, 5606, 5590, 5586, 5364]",0.053068200009875,success,,126.19361487572988,138.88423401675965,6.028475449945182,20.822202467782038,63.00000000000005,26.4905764634158
stl_midamerica_to_st_louis_lambert_2026-01-12_0118,midamerica_to_st_louis_lambert,MidAmerica to St. Louis Lambert,MidAmerica St. Louis Airport,St. Louis Lambert International Airport,38.5451731,-89.8351856,38.7486982,-90.3700257,2026-01-12,January 12th - Monday,w_0118,0.1,0.7,0.2,0.0,171,"[8877, 8874, 8875, 8888, 8913, 8919, 8920, 9019, 9021, 9044, 9244, 9251, 9273, 9277, 9282, 9305, 9309, 9312, 9339, 9548, 9552, 9556, 9570, 9571, 9575, 9589, 9593, 11824, 11826, 11852, 11854, 11858, 11863, 11866, 11892, 11896, 11900, 12104, 12106, 12110, 12135, 12138, 12162, 12166, 12170, 12496, 12501, 12527, 12528, 12334, 12346, 12353, 13411, 12364, 13432, 13437, 13451, 13457, 13459, 13486, 12907, 12910, 12935, 12939, 13153, 13189, 13190, 13191, 13173, 13171, 13172, 13216, 13126, 13092, 13093, 13106, 13107, 13084, 13105, 13118, 13119, 13121, 13120, 13019, 13018, 13021, 13020, 13027, 13029, 13028, 13009, 13005, 13007, 13008, 6411, 6436, 6433, 6407, 6419, 6413, 6418, 6414, 6426, 6423, 6427, 6454, 6363, 6364, 6366, 6352, 6480, 6481, 6488, 6381, 6374, 6377, 6375, 6492, 6494, 6499, 6498, 6501, 6274, 6500, 6281, 6280, 6278, 6263, 6963, 6966, 6965, 6973, 6969, 6971, 6968, 6970, 6988, 6985, 6986, 6987, 6879, 6877, 6851, 6977, 6871, 6872, 6867, 6853, 6828, 6825, 6823, 6714, 6711, 5781, 5760, 5756, 5732, 5730, 5725, 5704, 5700, 5696, 5474, 5471, 5647, 5613, 5609, 5606, 5590, 5586, 5364]",0.04804439999861643,success,,129.85340382944497,142.91206843611792,6.015567391167439,17.296950114049373,64.00000000000006,21.961494040238872
stl_midamerica_to_st_louis_lambert_2026-01-12_0119,midamerica_to_st_louis_lambert,MidAmerica to St. Louis Lambert,MidAmerica St. Louis Airport,St. Louis Lambert International Airport,38.5451731,-89.8351856,38.7486982,-90.3700257,2026-01-12,January 12th - Monday,w_0119,0.1,0.8,0.0,0.1,169,"[8877, 8880, 8902, 8917, 8943, 8947, 8951, 9043, 9047, 9051, 9252, 9279, 9282, 9305, 9309, 9312, 9339, 9548, 9552, 9556, 9570, 9571, 9575, 9589, 9593, 11824, 11826, 11852, 11854, 11858, 11863, 11866, 11892, 11896, 11900, 12104, 12106, 12110, 12135, 12138, 12162, 12166, 12170, 12496, 12501, 12527, 12528, 12334, 12346, 12353, 13411, 12364, 13432, 13437, 13451, 13457, 13459, 13486, 12907, 12910, 12935, 12939, 13153, 13189, 13190, 13191, 13173, 13171, 13172, 13170, 13089, 13091, 13090, 13081, 13083, 13080, 13082, 13100, 13103, 13102, 13101, 12991, 12993, 12990, 12992, 12999, 13000, 12998, 12983, 12982, 12984, 12981, 6408, 6410, 6409, 6407, 6444, 6417, 6418, 6420, 6429, 6428, 6427, 6430, 6338, 6339, 6337, 6319, 6320, 6321, 6318, 6329, 6331, 6328, 6330, 6243, 6241, 6242, 6240, 6230, 6229, 6231, 6221, 6222, 6220, 6224, 6959, 6962, 6961, 6964, 6969, 6971, 6968, 6970, 6988, 6985, 6986, 6987, 6879, 6880, 6881, 6980, 6978, 6872, 6867, 6865, 6841, 6826, 6800, 6798, 6795, 5780, 5779, 5744, 5755, 5730, 5727, 5713, 5707, 5698, 5695, 5471, 5469, 5466, 5433, 5429, 5425, 5589, 5364]",0.05155390000436455,success,,123.24951476069775,135.64406144742995,6.012980758913317,36.74692236145232,62.40000000000005,24.614790751873656
stl_midamerica_to_st_louis_lambert_2026-01-12_0120,midamerica_to_st_louis_lambert,MidAmerica to St. Louis Lambert,MidAmerica St. Louis Airport,St. Louis Lambert International Airport,38.5451731,-89.8351856,38.7486982,-90.3700257,2026-01-12,January 12th - Monday,w_0120,0.1,0.8,0.1,0.0,171,"[8877, 8874, 8875, 8888, 8913, 8919, 8920, 9019, 9021, 9044, 9244, 9251, 9273, 9277, 9282, 9305, 9309, 9312, 9339, 9548, 9552, 9556, 9570, 9571, 9575, 9589, 9593, 11824, 11826, 11852, 11854, 11858, 11863, 11866, 11892, 11896, 11900, 12104, 12106, 12110, 12135, 12138, 12162, 12166, 12170, 12496, 12501, 12527, 12528, 12334, 12346, 12353, 13411, 12364, 13432, 13437, 13451, 13457, 13459, 13486, 12907, 12910, 12935, 12939, 13153, 13189, 13190, 13191, 13173, 13171, 13172, 13216, 13126, 13129, 13130, 13114, 13112, 13113, 13135, 13122, 13289, 13124, 13123, 13023, 13022, 13268, 13024, 13027, 13029, 13028, 13009, 13005, 13007, 13008, 6411, 6436, 6433, 6407, 6419, 6413, 6415, 6414, 6426, 6423, 6427, 6454, 6363, 6364, 6366, 6352, 6480, 6481, 6488, 6381, 6380, 6378, 6379, 6497, 6496, 6499, 6498, 6501, 6274, 6500, 6281, 6280, 6278, 6277, 6976, 6975, 6974, 6973, 6969, 6971, 6968, 6970, 6988, 6985, 6986, 6987, 6879, 6880, 6881, 6980, 6978, 6872, 6867, 6853, 6828, 6825, 6823, 6714, 6711, 5781, 5760, 5756, 5732, 5730, 5725, 5704, 5700, 5696, 5474, 5471, 5647, 5613, 5609, 5606, 5590, 5586, 5364]",0.0480911000049673,success,,126.94255926564317,139.7084957515288,6.015567391167439,19.342220410178797,64.00000000000006,20.717525529104712
stl_midamerica_to_st_louis_lambert_2026-01-12_0121,midamerica_to_st_louis_lambert,MidAmerica to St. Louis Lambert,MidAmerica St. Louis Airport,St. Louis Lambert International Airport,38.5451731,-89.8351856,38.7486982,-90.3700257,2026-01-12,January 12th - Monday,w_0121,0.1,0.9,0.0,0.0,163,"[8877, 8880, 8902, 8917, 8943, 8947, 8951, 9043, 9046, 9050, 9285, 9287, 9291, 9313, 9317, 9442, 9444, 9468, 9473, 9498, 9492, 9496, 9521, 9522, 9526, 11736, 11739, 11763, 11767, 11771, 11785, 11789, 11993, 11999, 12001, 12025, 12029, 12054, 12058, 12073, 12077, 12081, 12288, 12291, 12301, 12318, 12321, 12322, 12365, 12366, 12371, 13420, 12472, 12867, 12873, 12896, 12889, 12893, 12916, 12923, 13156, 13159, 13162, 13168, 13089, 13091, 13090, 13081, 13083, 13080, 13082, 13100, 13103, 13102, 13101, 12991, 12993, 12990, 12992, 12999, 13000, 12998, 12983, 12982, 12984, 12981, 6408, 6410, 6409, 6407, 6419, 6417, 6418, 6420, 6429, 6428, 6427, 6430, 6338, 6339, 6337, 6319, 6320, 6321, 6318, 6329, 6331, 6328, 6330, 6243, 6241, 6242, 6240, 6230, 6229, 6231, 6221, 6222, 6220, 6224, 6959, 6962, 6961, 6964, 6969, 6971, 6968, 6970, 6988, 6985, 6986, 6987, 6879, 6880, 6881, 6980, 6978, 6872, 6867, 6865, 6830, 6824, 6802, 6799, 6710, 5782, 5777, 5757, 5732, 5731, 5726, 5713, 5707, 5698, 5695, 5471, 5469, 5466, 5433, 5429, 5425, 5589, 5364]",0.04824979999102652,success,,118.87431793540381,130.82887440051084,6.478819220012745,45.77582349434398,66.00000000000006,18.913824738062555
stl_midamerica_to_st_louis_lambert_2026-01-12_0122,midamerica_to_st_louis_lambert,MidAmerica to St. Louis Lambert,MidAmerica St. Louis Airport,St. Louis Lambert International Airport,38.5451731,-89.8351856,38.7486982,-90.3700257,2026-01-12,January 12th - Monday,w_0122,0.2,0.0,0.0,0.8,96,"[8877, 8876, 8892, 8897, 8899, 8926, 9788, 10013, 10014, 10036, 10052, 10054, 10061, 10051, 10049, 10048, 10050, 10253, 10252, 10241, 10240, 10248, 10246, 10247, 10245, 10231, 10230, 10262, 10150, 10148, 10149, 10151, 10161, 10159, 10158, 10160, 10166, 10168, 10167, 10169, 2247, 2269, 2268, 2257, 2256, 2254, 2279, 2293, 2296, 2301, 2303, 2491, 2492, 2818, 2496, 2507, 2506, 2828, 2505, 2809, 2811, 2810, 2728, 2730, 2731, 2729, 2715, 2717, 2714, 2716, 2738, 2741, 2745, 2747, 2684, 2687, 3987, 3990, 4016, 4017, 4022, 4029, 4034, 4060, 4064, 5048, 5052, 5076, 5082, 5299, 5304, 5319, 5321, 5357, 5358, 5364]",0.05685520000406541,success,,71.90057520712594,79.13123277148179,53.29567736851651,39.307370558879065,46.20000000000003,52.78624655429639
stl_midamerica_to_st_louis_lambert_2026-01-12_0123,midamerica_to_st_louis_lambert,MidAmerica to St. Louis Lambert,MidAmerica St. Louis Airport,St. Louis Lambert International Airport,38.5451731,-89.8351856,38.7486982,-90.3700257,2026-01-12,January 12th - Monday,w_0123,0.2,0.0,0.1,0.7,96,"[8877, 8879, 8896, 8900, 8924, 8930, 9788, 10013, 10014, 10036, 10052, 10054, 10061, 10051, 10049, 10048, 10050, 10253, 10252, 10241, 10240, 10248, 10246, 10247, 10251, 10263, 10265, 10264, 10178, 10179, 10177, 10176, 10199, 10198, 10196, 10197, 10170, 10182, 10171, 10183, 2270, 2272, 2271, 2278, 2280, 2281, 2279, 2293, 2296, 2301, 2303, 2491, 2492, 2818, 2496, 2507, 2506, 2828, 2505, 2809, 2811, 2810, 2728, 2730, 2731, 2732, 2755, 2757, 2782, 2780, 2775, 2802, 2805, 3917, 4011, 4010, 4009, 4008, 4019, 4017, 4022, 4029, 4034, 4060, 4064, 5048, 5052, 5076, 5082, 5299, 5304, 5319, 5321, 5357, 5358, 5364]",0.05652320000808686,success,,72.43669752602898,79.72127005406114,48.356142096746986,33.32638916930293,46.20000000000003,51.61689292774254
stl_midamerica_to_st_louis_lambert_2026-01-12_0124,midamerica_to_st_louis_lambert,MidAmerica to St. Louis Lambert,MidAmerica St. Louis Airport,St. Louis Lambert International Airport,38.5451731,-89.8351856,38.7486982,-90.3700257,2026-01-12,January 12th - Monday,w_0124,0.2,0.0,0.2,0.6,96,"[8877, 8879, 8896, 8900, 8924, 8930, 9788, 10013, 10014, 10036, 10052, 10054, 10061, 10051, 10049, 10048, 10050, 10253, 10252, 10241, 10240, 10249, 10275, 10277, 10293, 10304, 10305, 10306, 10319, 10321, 10320, 10318, 10355, 10358, 10356, 10357, 10336, 10335, 10337, 10330, 2548, 2527, 2525, 2526, 2538, 2540, 2516, 2530, 2534, 2559, 2561, 2840, 2842, 2843, 2845, 2878, 2879, 2884, 2883, 2893, 4095, 2896, 3904, 3903, 3901, 3897, 3905, 3893, 3906, 3894, 2807, 3916, 3915, 3917, 4011, 4010, 4009, 4008, 4019, 4017, 4022, 4029, 4034, 4060, 4064, 5048, 5052, 5076, 5082, 5299, 5304, 5319, 5321, 5357, 5358, 5364]",0.0557202999771107,success,,73.51307854427678,80.90589697339249,41.49541304409677,28.946637514398173,46.80000000000003,50.05050689755815
stl_midamerica_to_st_louis_lambert_2026-01-12_0125,midamerica_to_st_louis_lambert,MidAmerica to St. Louis Lambert,MidAmerica St. Louis Airport,St. Louis Lambert International Airport,38.5451731,-89.8351856,38.7486982,-90.3700257,2026-01-12,January 12th - Monday,w_0125,0.2,0.0,0.3,0.5,96,"[8877, 8879, 8896, 8900, 8924, 8930, 9788, 10013, 10014, 10036, 10052, 10054, 10061, 10051, 10049, 10048, 10050, 10253, 10252, 10241, 10240, 10249, 10275, 10277, 10293, 10304, 10305, 10310, 10319, 10321, 10320, 10318, 10355, 10358, 10356, 10357, 10336, 10335, 10337, 10330, 2548, 2527, 2525, 2526, 2538, 2540, 2516, 2530, 2534, 2559, 2561, 2840, 2842, 2843, 2845, 2878, 2879, 2884, 2883, 2893, 4095, 4096, 3932, 3933, 3958, 3962, 3974, 3973, 3972, 3971, 3982, 4295, 3979, 3975, 4043, 4038, 4037, 4012, 4019, 4017, 4022, 4029, 4034, 4060, 4064, 5048, 5052, 5076, 5082, 5299, 5304, 5319, 5321, 5357, 5358, 5364]",0.055922200001077726,success,,76.71676286714168,84.43175875055725,35.34790765407897,26.288135745354808,46.80000000000003,48.172792473717905
stl_midamerica_to_st_louis_lambert_2026-01-12_0126,midamerica_to_st_louis_lambert,MidAmerica to St. Louis Lambert,MidAmerica St. Louis Airport,St. Louis Lambert International Airport,38.5451731,-89.8351856,38.7486982,-90.3700257,2026-01-12,January 12th - Monday,w_0126,0.2,0.0,0.4,0.4,123,"[8877, 8879, 8896, 8900, 8924, 8930, 10012, 10015, 10019, 10053, 10057, 10060, 10092, 10076, 10103, 10106, 10111, 10433, 10437, 10463, 10466, 10470, 10483, 10487, 10491, 10815, 10820, 10842, 10848, 10850, 10874, 10878, 10893, 10897, 10901, 11225, 11343, 11346, 11351, 11374, 11373, 11376, 11388, 11389, 11614, 11619, 11644, 11656, 11672, 11676, 11674, 11499, 12657, 12659, 12675, 12687, 12690, 12693, 12715, 12717, 12729, 12734, 12955, 12962, 6391, 6406, 6408, 6411, 6436, 6462, 6463, 6473, 6475, 6478, 6479, 6507, 6510, 6505, 6506, 6370, 6368, 6366, 6352, 6480, 6347, 6345, 6329, 6327, 6324, 6326, 6237, 6239, 6236, 6202, 6194, 6227, 6226, 6215, 6213, 6214, 6210, 6064, 6888, 6060, 6059, 6065, 6050, 6046, 6023, 6003, 5998, 5999, 5663, 5659, 5656, 5632, 5622, 5621, 5615, 5380, 5588, 5362, 5364]",0.05623759998707101,success,,97.0145564934584,106.77079327934328,33.194823766866435,14.286720466803931,47.20000000000003,45.94884684259024
stl_midamerica_to_st_louis_lambert_2026-01-12_0127,midamerica_to_st_louis_lambert,MidAmerica to St. Louis Lambert,MidAmerica St. Louis Airport,St. Louis Lambert International Airport,38.5451731,-89.8351856,38.7486982,-90.3700257,2026-01-12,January 12th - Monday,w_0127,0.2,0.0,0.5,0.3,122,"[8877, 8879, 8896, 8900, 8924, 8930, 10012, 10015, 10019, 10053, 10057, 10060, 10092, 10076, 10103, 10106, 10111, 10433, 10437, 10463, 10466, 10470, 10483, 10487, 10491, 10815, 10820, 10842, 10848, 10850, 10874, 10878, 10893, 10897, 10901, 11225, 11343, 11346, 11351, 11374, 11373, 11376, 11388, 11389, 11614, 11619, 11644, 11652, 11653, 11658, 11659, 11492, 11494, 11500, 11498, 11505, 11507, 11509, 12685, 12671, 12698, 12700, 12725, 6159, 6163, 12956, 6387, 6402, 6405, 6407, 6444, 6421, 6418, 6414, 6429, 6431, 6456, 6502, 6370, 6368, 6366, 6352, 6480, 6347, 6345, 6329, 6327, 6324, 6326, 6237, 6239, 6236, 6202, 6194, 6227, 6226, 6215, 6213, 6214, 6210, 6064, 6888, 6060, 6059, 6065, 6050, 6046, 6023, 6003, 5998, 5999, 5663, 5659, 5656, 5632, 5622, 5621, 5615, 5380, 5588, 5362, 5364]",0.055355200020130724,success,,97.79826397204535,107.63331404130055,30.545612000326766,12.98057552955122,48.400000000000034,42.53695057303573
stl_midamerica_to_st_louis_lambert_2026-01-12_0128,midamerica_to_st_louis_lambert,MidAmerica to St. Louis Lambert,MidAmerica St. Louis Airport,St. Louis Lambert International Airport,38.5451731,-89.8351856,38.7486982,-90.3700257,2026-01-12,January 12th - Monday,w_0128,0.2,0.0,0.6,0.2,118,"[8877, 8879, 8896, 8900, 8924, 8930, 10012, 10015, 10019, 10053, 10057, 10060, 10092, 10076, 10103, 10106, 10111, 10433, 10437, 10463, 10466, 10470, 10483, 10487, 10491, 10815, 10820, 10842, 10848, 10850, 10874, 10878, 10893, 10897, 10901, 11225, 11343, 11346, 11351, 11374, 11373, 11376, 11388, 11389, 11614, 11619, 11644, 11656, 11672, 11676, 11659, 11492, 11494, 11500, 11498, 11505, 11507, 11509, 12654, 12653, 12665, 12666, 6099, 6102, 6104, 6138, 6131, 6129, 6128, 6130, 6149, 6146, 6148, 4851, 4848, 4845, 4849, 4833, 4857, 4862, 6295, 6288, 6289, 6286, 6291, 6204, 6201, 6198, 6199, 6194, 6227, 6226, 6215, 6213, 6214, 6210, 6064, 6888, 6060, 6059, 6065, 6050, 6046, 6023, 6003, 5998, 5999, 5663, 5659, 5656, 5632, 5622, 5621, 5615, 5380, 5588, 5362, 5364]",0.05472279997775331,success,,94.15259955857243,103.62102459190213,29.201938085373513,13.364177811426346,50.80000000000003,38.90271160523624
stl_midamerica_to_st_louis_lambert_2026-01-12_0129,midamerica_to_st_louis_lambert,MidAmerica to St. Louis Lambert,MidAmerica St. Louis Airport,St. Louis Lambert International Airport,38.5451731,-89.8351856,38.7486982,-90.3700257,2026-01-12,January 12th - Monday,w_0129,0.2,0.0,0.7,0.1,118,"[8877, 8879, 8896, 8900, 8924, 8930, 10012, 10015, 10019, 10053, 10057, 10060, 10092, 10076, 10103, 10106, 10111, 10433, 10437, 10463, 10466, 10470, 10483, 10487, 10491, 10815, 10820, 10842, 10848, 10850, 10874, 10878, 10893, 10897, 10901, 11225, 11343, 11346, 11351, 11374, 11373, 11376, 11388, 11389, 11614, 11619, 11644, 11656, 11672, 11676, 11659, 11492, 11494, 11500, 11498, 11505, 11507, 11509, 12654, 12653, 12665, 12666, 6099, 6102, 6104, 6138, 6131, 6129, 6128, 6130, 6149, 6146, 6148, 4851, 4848, 4845, 4849, 4833, 4857, 4862, 6295, 6288, 6289, 6286, 6291, 6204, 6201, 6198, 6199, 6194, 6227, 6226, 6215, 6213, 6214, 6210, 6064, 6888, 6060, 6059, 6065, 6050, 6046, 6023, 6003, 5998, 5999, 5663, 5659, 5656, 5632, 5622, 5621, 5615, 5380, 5588, 5362, 5364]",0.05308040001546033,success,,94.15259955857243,103.62102459190213,29.201938085373513,13.364177811426346,50.80000000000003,35.15912938637887
stl_midamerica_to_st_louis_lambert_2026-01-12_0130,midamerica_to_st_louis_lambert,MidAmerica to St. Louis Lambert,MidAmerica St. Louis Airport,St. Louis Lambert International Airport,38.5451731,-89.8351856,38.7486982,-90.3700257,2026-01-12,January 12th - Monday,w_0130,0.2,0.0,0.8,0.0,118,"[8877, 8879, 8896, 8900, 8924, 8930, 10012, 10015, 10019, 10053, 10057, 10060, 10092, 10076, 10103, 10106, 10111, 10433, 10437, 10463, 10466, 10470, 10483, 10487, 10491, 10815, 10820, 10842, 10848, 10850, 10874, 10878, 10893, 10897, 10901, 11225, 11343, 11346, 11351, 11374, 11373, 11376, 11388, 11389, 11614, 11619, 11644, 11656, 11672, 11676, 11659, 11492, 11494, 11500, 11498, 11505, 11507, 11509, 12654, 12653, 12665, 12666, 6099, 6102, 6104, 6138, 6131, 6129, 6128, 6130, 6149, 6146, 6148, 4851, 4848, 4845, 4804, 4826, 4814, 4829, 4828, 4844, 4842, 4843, 4839, 5936, 5914, 5937, 5939, 5956, 5934, 5929, 5922, 5916, 5919, 5893, 4679, 4681, 4678, 4680, 5991, 5992, 5994, 6019, 6003, 5998, 5999, 5663, 5659, 5656, 5632, 5622, 5621, 5615, 5380, 5588, 5362, 5364]",0.05094760001520626,success,,92.00732300249346,101.2600090085182,36.174228139616226,13.865744841553775,52.400000000000034,31.344597674946662
stl_midamerica_to_st_louis_lambert_2026-01-12_0131,midamerica_to_st_louis_lambert,MidAmerica to St. Louis Lambert,MidAmerica St. Louis Airport,St. Louis Lambert International Airport,38.5451731,-89.8351856,38.7486982,-90.3700257,2026-01-12,January 12th - Monday,w_0131,0.2,0.1,0.0,0.7,97,"[8877, 8881, 8904, 8922, 8923, 8927, 9145, 10016, 10018, 10062, 10055, 10058, 10094, 10096, 10103, 10104, 10110, 10109, 10291, 10512, 10290, 10513, 10298, 10295, 10296, 10297, 10307, 10305, 10306, 10319, 10321, 10320, 10318, 10211, 10210, 10208, 10209, 10326, 10328, 10322, 10191, 2276, 2518, 2277, 2509, 2287, 2508, 2286, 2298, 2300, 2301, 2307, 2495, 2820, 2823, 2827, 2849, 2848, 2850, 2837, 2861, 2866, 2889, 3896, 3898, 3901, 3902, 3914, 3948, 3947, 3952, 3940, 3942, 3943, 3941, 4043, 4042, 4041, 4040, 4051, 4054, 4186, 4080, 4205, 4207, 4212, 5309, 5313, 5335, 5337, 5320, 5322, 5323, 5346, 5357, 5358, 5364]",0.056095899984939024,success,,73.35714512830332,80.73428216501708,22.602069261925756,53.47562046932299,47.00000000000003,51.307063359196015
stl_midamerica_to_st_louis_lambert_2026-01-12_0132,midamerica_to_st_louis_lambert,MidAmerica to St. Louis Lambert,MidAmerica St. Louis Airport,St. Louis Lambert International Airport,38.5451731,-89.8351856,38.7486982,-90.3700257,2026-01-12,January 12th - Monday,w_0132,0.2,0.1,0.1,0.6,97,"[8877, 8879, 8896, 8900, 8924, 8930, 10012, 10015, 10018, 10062, 10055, 10058, 10094, 10096, 10103, 10104, 10110, 10109, 10516, 10515, 10514, 10517, 10522, 10299, 10300, 10301, 10311, 10532, 10533, 10349, 10347, 10348, 10346, 10359, 10358, 10356, 10357, 10336, 10335, 10337, 10330, 2548, 2527, 2525, 2526, 2538, 2540, 2516, 2530, 2534, 2559, 2561, 2840, 2842, 2843, 2845, 2878, 2879, 2884, 2883, 2893, 4095, 4096, 3932, 3933, 3958, 3957, 3965, 3954, 3953, 3966, 3944, 3977, 3976, 3941, 4043, 4038, 4037, 4012, 4019, 4017, 4022, 4029, 4034, 4060, 4064, 5048, 5052, 5076, 5082, 5299, 5304, 5319, 5321, 5357, 5358, 5364]",0.0566302000079304,success,,75.49389429712915,83.08591280726912,28.140078994691294,30.408009456698206,46.80000000000003,50.5519914065928
stl_midamerica_to_st_louis_lambert_2026-01-12_0133,midamerica_to_st_louis_lambert,MidAmerica to St. Louis Lambert,MidAmerica St. Louis Airport,St. Louis Lambert International Airport,38.5451731,-89.8351856,38.7486982,-90.3700257,2026-01-12,January 12th - Monday,w_0133,0.2,0.1,0.2,0.5,97,"[8877, 8879, 8896, 8900, 8924, 8930, 10012, 10015, 10018, 10062, 10055, 10058, 10094, 10096, 10103, 10104, 10110, 10109, 10516, 10515, 10514, 10513, 10298, 10295, 10296, 10297, 10309, 10532, 10533, 10349, 10347, 10348, 10346, 10359, 10358, 10356, 10357, 10336, 10335, 10337, 10330, 2548, 2527, 2525, 2526, 2538, 2540, 2516, 2530, 2534, 2559, 2561, 2840, 2842, 2843, 2845, 2878, 2879, 2884, 2883, 2893, 4095, 4096, 3932, 3933, 3958, 3962, 3974, 3973, 3972, 3971, 3981, 3978, 3976, 3941, 4043, 4038, 4037, 4012, 4021, 4020, 4023, 4055, 4059, 4063, 4064, 5048, 5052, 5076, 5082, 5299, 5304, 5319, 5321, 5357, 5358, 5364]",0.05604299998958595,success,,76.5609645326455,84.26029260808329,26.753434700065455,28.06115309681709,47.20000000000003,48.73963261098664
stl_midamerica_to_st_louis_lambert_2026-01-12_0134,midamerica_to_st_louis_lambert,MidAmerica to St. Louis Lambert,MidAmerica St. Louis Airport,St. Louis Lambert International Airport,38.5451731,-89.8351856,38.7486982,-90.3700257,2026-01-12,January 12th - Monday,w_0134,0.2,0.1,0.3,0.4,97,"[8877, 8879, 8896, 8900, 8924, 8930, 10012, 10015, 10018, 10062, 10055, 10058, 10094, 10096, 10103, 10104, 10110, 10109, 10516, 10515, 10514, 10513, 10298, 10295, 10296, 10297, 10309, 10532, 10533, 10349, 10347, 10348, 10342, 10355, 10358, 10356, 10357, 10336, 10335, 10337, 10330, 2548, 2527, 2525, 2526, 2538, 2540, 2516, 2530, 2534, 2559, 2561, 2840, 2842, 2843, 2845, 2878, 2879, 2884, 2883, 2893, 4095, 4096, 3932, 3933, 3958, 3962, 3974, 3973, 3972, 3971, 3981, 3978, 3976, 3941, 4043, 4038, 4037, 4012, 4021, 4020, 4023, 4055, 4059, 4063, 4064, 5048, 5052, 5076, 5082, 5299, 5304, 5319, 5321, 5357, 5358, 5364]",0.05625369999324903,success,,77.0938974756927,84.84681977627872,26.753434700065455,27.633747052617068,47.20000000000003,46.814831541047425
stl_midamerica_to_st_louis_lambert_2026-01-12_0135,midamerica_to_st_louis_lambert,MidAmerica to St. Louis Lambert,MidAmerica St. Louis Airport,St. Louis Lambert International Airport,38.5451731,-89.8351856,38.7486982,-90.3700257,2026-01-12,January 12th - Monday,w_0135,0.2,0.1,0.4,0.3,105,"[8877, 8879, 8896, 8900, 8924, 8930, 10012, 10015, 10018, 10062, 10055, 10058, 10094, 10096, 10103, 10106, 10111, 10433, 10437, 10463, 10466, 10470, 10484, 10486, 10593, 10598, 10601, 10926, 10928, 10953, 10963, 10968, 10966, 10970, 10980, 11003, 11010, 11332, 11148, 11151, 11183, 11178, 11181, 11196, 11199, 11423, 11425, 11430, 11465, 11554, 11557, 11521, 11552, 11545, 11582, 11584, 11588, 11594, 11596, 11595, 4787, 4764, 4789, 4792, 4773, 4805, 4772, 4774, 4815, 4782, 4783, 4818, 5911, 5914, 5937, 5939, 5956, 5959, 5961, 5979, 5980, 6205, 6206, 6064, 6888, 6060, 6059, 6065, 6050, 6046, 6023, 6003, 5998, 5999, 5663, 5659, 5656, 5632, 5622, 5621, 5615, 5380, 5588, 5362, 5364]",0.05636180000146851,success,,85.5139384992497,94.11361944041383,23.56758241258813,18.31853991944306,51.400000000000034,43.92689809711881
stl_midamerica_to_st_louis_lambert_2026-01-12_0136,midamerica_to_st_louis_lambert,MidAmerica to St. Louis Lambert,MidAmerica St. Louis Airport,St. Louis Lambert International Airport,38.5451731,-89.8351856,38.7486982,-90.3700257,2026-01-12,January 12th - Monday,w_0136,0.2,0.1,0.5,0.2,117,"[8877, 8881, 8905, 8906, 8925, 8928, 8931, 9149, 10017, 10021, 10063, 10068, 10070, 10095, 10099, 10423, 10425, 10427, 10452, 10462, 10464, 10469, 10485, 10489, 10813, 10817, 10819, 10845, 10849, 10873, 10877, 10878, 10893, 10897, 10901, 11225, 11343, 11346, 11351, 11374, 11373, 11376, 11388, 11389, 11614, 11617, 11652, 11653, 11658, 11659, 11492, 11494, 11500, 11498, 11505, 11507, 11509, 12654, 12653, 12665, 12666, 6099, 6102, 6104, 6138, 6131, 6129, 6128, 6130, 6149, 6146, 6148, 4851, 4854, 4878, 4876, 4858, 4857, 4862, 6295, 6288, 6289, 6286, 6291, 6204, 6201, 6198, 6199, 6194, 6227, 6226, 6218, 6213, 6214, 6210, 6064, 6888, 6060, 6059, 6065, 6050, 6046, 6023, 6003, 5998, 5999, 5663, 5659, 5656, 5632, 5622, 5621, 5615, 5380, 5588, 5362, 5364]",0.05494100000942126,success,,92.70954608683287,102.03285092507171,25.193786638204692,14.01838028827581,51.80000000000004,40.295138992972724
stl_midamerica_to_st_louis_lambert_2026-01-12_0137,midamerica_to_st_louis_lambert,MidAmerica to St. Louis Lambert,MidAmerica St. Louis Airport,St. Louis Lambert International Airport,38.5451731,-89.8351856,38.7486982,-90.3700257,2026-01-12,January 12th - Monday,w_0137,0.2,0.1,0.6,0.1,118,"[8877, 8881, 8905, 8906, 8925, 8928, 8931, 9149, 10017, 10021, 10063, 10068, 10070, 10095, 10099, 10423, 10425, 10427, 10452, 10462, 10464, 10469, 10485, 10489, 10813, 10817, 10819, 10845, 10849, 10873, 10877, 10878, 10893, 10897, 10901, 11225, 11343, 11346, 11351, 11374, 11373, 11376, 11388, 11389, 11614, 11619, 11644, 11652, 11653, 11658, 11659, 11492, 11494, 11500, 11498, 11505, 11507, 11509, 12654, 12653, 12665, 12666, 6099, 6102, 6104, 6138, 6131, 6129, 6128, 6130, 6149, 6146, 6148, 4851, 4848, 4845, 4849, 4833, 4857, 4862, 6295, 6288, 6289, 6286, 6291, 6204, 6201, 6198, 6199, 6194, 6227, 6226, 6218, 6213, 6214, 6210, 6064, 6888, 6060, 6059, 6065, 6050, 6046, 6023, 6003, 5998, 5999, 5663, 5659, 5656, 5632, 5622, 5621, 5615, 5380, 5588, 5362, 5364]",0.05104610000853427,success,,93.61916206224261,103.03394213019011,25.650133038260993,13.562317947757881,51.80000000000004,36.489192498518854
stl_midamerica_to_st_louis_lambert_2026-01-12_0138,midamerica_to_st_louis_lambert,MidAmerica to St. Louis Lambert,MidAmerica St. Louis Airport,St. Louis Lambert International Airport,38.5451731,-89.8351856,38.7486982,-90.3700257,2026-01-12,January 12th - Monday,w_0138,0.2,0.1,0.7,0.0,119,"[8877, 8881, 8905, 8906, 8933, 8937, 8938, 9153, 9157, 9174, 9181, 9182, 9208, 9233, 9236, 9241, 9449, 9454, 9478, 9479, 9483, 10478, 10480, 10503, 10508, 10823, 10835, 10839, 10840, 10873, 10877, 10878, 10893, 10897, 10901, 11225, 11343, 11346, 11351, 11374, 11373, 11376, 11388, 11389, 11614, 11619, 11644, 11656, 11672, 11676, 11659, 11492, 11494, 11500, 11498, 11505, 11507, 11509, 12654, 12653, 12665, 12666, 6099, 6102, 6104, 6138, 6131, 6129, 6128, 6130, 6149, 6146, 6148, 4851, 4848, 4845, 4849, 4833, 4857, 4862, 6295, 6288, 6290, 6327, 6324, 6326, 6237, 6239, 6236, 6202, 6194, 6227, 6226, 6218, 6213, 6214, 6210, 6064, 6888, 6060, 6059, 6065, 6050, 6046, 6023, 6003, 5998, 5999, 5663, 5659, 5656, 5632, 5622, 5621, 5615, 5380, 5588, 5362, 5364]",0.05046689999289811,success,,94.53133706051973,104.03784970546407,23.486865223275764,13.197625680816461,55.40000000000005,32.39459443999191
stl_midamerica_to_st_louis_lambert_2026-01-12_0139,midamerica_to_st_louis_lambert,MidAmerica to St. Louis Lambert,MidAmerica St. Louis Airport,St. Louis Lambert International Airport,38.5451731,-89.8351856,38.7486982,-90.3700257,2026-01-12,January 12th - Monday,w_0139,0.2,0.2,0.0,0.6,97,"[8877, 8881, 8904, 8922, 8923, 8927, 9145, 10016, 10018, 10062, 10055, 10058, 10094, 10096, 10103, 10104, 10110, 10109, 10516, 10515, 10514, 10517, 10522, 10299, 10300, 10301, 10309, 10308, 10310, 10343, 10345, 10344, 10342, 10355, 10210, 10208, 10209, 10326, 10328, 10322, 10191, 2276, 2518, 2277, 2509, 2287, 2508, 2286, 2298, 2300, 2301, 2307, 2495, 2820, 2823, 2827, 2849, 2848, 2850, 2837, 2861, 2866, 2889, 3896, 3898, 3901, 3927, 3946, 3949, 3953, 3966, 3944, 3977, 3976, 3941, 4043, 4042, 4041, 4040, 4051, 4054, 4186, 4080, 4205, 4207, 4212, 5309, 5313, 5335, 5337, 5320, 5322, 5323, 5346, 5357, 5358, 5364]",0.05475539999315515,success,,74.42461752704692,81.90910457247038,21.027756995193187,52.959116246139885,47.00000000000003,48.78737231353273
stl_midamerica_to_st_louis_lambert_2026-01-12_0140,midamerica_to_st_louis_lambert,MidAmerica to St. Louis Lambert,MidAmerica St. Louis Airport,St. Louis Lambert International Airport,38.5451731,-89.8351856,38.7486982,-90.3700257,2026-01-12,January 12th - Monday,w_0140,0.2,0.2,0.1,0.5,97,"[8877, 8879, 8896, 8900, 8924, 8930, 10012, 10015, 10018, 10062, 10055, 10058, 10094, 10096, 10103, 10104, 10110, 10109, 10516, 10515, 10514, 10517, 10522, 10299, 10300, 10301, 10311, 10532, 10533, 10349, 10347, 10348, 10346, 10359, 10358, 10356, 10357, 10336, 10335, 10337, 10330, 2548, 2527, 2525, 2526, 2538, 2540, 2516, 2530, 2534, 2559, 2561, 2840, 2842, 2843, 2845, 2878, 2879, 2884, 2883, 2893, 4095, 4096, 3932, 3933, 3958, 3957, 3965, 3954, 3953, 3966, 3944, 3977, 3976, 3941, 4043, 4042, 4041, 4040, 4046, 4048, 4049, 4061, 4075, 4082, 4084, 5080, 5305, 5307, 5314, 5320, 5322, 5323, 5346, 5357, 5358, 5364]",0.05541510001057759,success,,73.89522690774227,81.32647596063302,22.65933434251672,35.13509501214121,47.60000000000003,48.110671561844086
stl_midamerica_to_st_louis_lambert_2026-01-12_0141,midamerica_to_st_louis_lambert,MidAmerica to St. Louis Lambert,MidAmerica St. Louis Airport,St. Louis Lambert International Airport,38.5451731,-89.8351856,38.7486982,-90.3700257,2026-01-12,January 12th - Monday,w_0141,0.2,0.2,0.2,0.4,97,"[8877, 8879, 8896, 8900, 8924, 8930, 10012, 10015, 10018, 10062, 10055, 10058, 10094, 10096, 10103, 10104, 10110, 10109, 10516, 10515, 10514, 10513, 10298, 10295, 10296, 10297, 10309, 10532, 10533, 10349, 10347, 10348, 10346, 10359, 10358, 10356, 10357, 10336, 10335, 10337, 10330, 2548, 2527, 2525, 2526, 2538, 2540, 2516, 2530, 2534, 2559, 2561, 2840, 2842, 2843, 2845, 2878, 2879, 2884, 2883, 2893, 4095, 4096, 3932, 3933, 3958, 3962, 3974, 3973, 3972, 3971, 3982, 4295, 4299, 4301, 4202, 4215, 4220, 4223, 4255, 4233, 4234, 4242, 4265, 4244, 4243, 5336, 5338, 5341, 5339, 5320, 5322, 5323, 5346, 5357, 5358, 5364]",0.05546239999239333,success,,74.43260834034832,81.91789897926847,22.581349513335546,29.471641923683308,48.800000000000026,46.314178083257474
stl_midamerica_to_st_louis_lambert_2026-01-12_0142,midamerica_to_st_louis_lambert,MidAmerica to St. Louis Lambert,MidAmerica St. Louis Airport,St. Louis Lambert International Airport,38.5451731,-89.8351856,38.7486982,-90.3700257,2026-01-12,January 12th - Monday,w_0142,0.2,0.2,0.3,0.3,97,"[8877, 8879, 8896, 8900, 8924, 8930, 10012, 10015, 10018, 10062, 10055, 10058, 10094, 10096, 10103, 10104, 10110, 10109, 10516, 10515, 10514, 10513, 10298, 10299, 10524, 10529, 10538, 10539, 10537, 10367, 10364, 10365, 10366, 10376, 10360, 10361, 10373, 10336, 10335, 10337, 10330, 2548, 2527, 2525, 2526, 2538, 2540, 2516, 2530, 2534, 2559, 2561, 2840, 2842, 2843, 2845, 2878, 2879, 2884, 2883, 2893, 4095, 4096, 3932, 3933, 3958, 3962, 3974, 3973, 3972, 3971, 3982, 4295, 4299, 4301, 4202, 4215, 4220, 4223, 4255, 4233, 4234, 4242, 4265, 4244, 4243, 5336, 5338, 5341, 5339, 5320, 5322, 5323, 5346, 5357, 5358, 5364]",0.055245199997443706,success,,75.49975523959462,83.09236315347518,22.095289105874677,28.944250198333958,48.800000000000026,44.36080551137016
stl_midamerica_to_st_louis_lambert_2026-01-12_0143,midamerica_to_st_louis_lambert,MidAmerica to St. Louis Lambert,MidAmerica St. Louis Airport,St. Louis Lambert International Airport,38.5451731,-89.8351856,38.7486982,-90.3700257,2026-01-12,January 12th - Monday,w_0143,0.2,0.2,0.4,0.2,105,"[8877, 8881, 8905, 8906, 8925, 8928, 8931, 9149, 10017, 10021, 10063, 10068, 10070, 10095, 10099, 10423, 10425, 10427, 10452, 10462, 10466, 10470, 10484, 10486, 10593, 10598, 10601, 10926, 10928, 10953, 10963, 10968, 10966, 10970, 10980, 11003, 11010, 11332, 11148, 11151, 11183, 11178, 11181, 11196, 11199, 11423, 11425, 11430, 11465, 11554, 11557, 11521, 11552, 11545, 11582, 11584, 11588, 11594, 11596, 11595, 4787, 4764, 4789, 4792, 4773, 4805, 4772, 4774, 4815, 4782, 4783, 4818, 5911, 5914, 5937, 5939, 5956, 5959, 5961, 5979, 5980, 6205, 6206, 6064, 6888, 6060, 6059, 6065, 6050, 6046, 6023, 6003, 5998, 5999, 5663, 5659, 5656, 5632, 5622, 5621, 5615, 5380, 5588, 5362, 5364]",0.05362510000122711,success,,85.51442177231569,94.11415131367585,21.627014975789727,18.31853991944306,52.40000000000004,40.95564922567035
stl_midamerica_to_st_louis_lambert_2026-01-12_0144,midamerica_to_st_louis_lambert,MidAmerica to St. Louis Lambert,MidAmerica St. Louis Airport,St. Louis Lambert International Airport,38.5451731,-89.8351856,38.7486982,-90.3700257,2026-01-12,January 12th - Monday,w_0144,0.2,0.2,0.5,0.1,117,"[8877, 8881, 8905, 8906, 8933, 8937, 8938, 9153, 9157, 9174, 9181, 9182, 9208, 9233, 9236, 9241, 9449, 9454, 9478, 9479, 9483, 10478, 10480, 10503, 10508, 10823, 10835, 10839, 10840, 10873, 10877, 10878, 10893, 10897, 10901, 11225, 11343, 11346, 11351, 11374, 11373, 11376, 11388, 11389, 11614, 11617, 11652, 11653, 11658, 11659, 11492, 11494, 11500, 11498, 11505, 11507, 11509, 12654, 12653, 12665, 12666, 6099, 6102, 6104, 6138, 6131, 6129, 6128, 6130, 6149, 6146, 6148, 4851, 4854, 4878, 4876, 4858, 4857, 4862, 6295, 6288, 6289, 6286, 6291, 6204, 6201, 6198, 6199, 6194, 6227, 6226, 6218, 6213, 6214, 6210, 6064, 6888, 6060, 6059, 6065, 6050, 6046, 6023, 6003, 5998, 5999, 5663, 5659, 5656, 5632, 5622, 5621, 5615, 5380, 5588, 5362, 5364]",0.05255600000964478,success,,92.71103691890903,102.03449168218252,22.82376935256433,14.01838028827581,54.80000000000005,37.46084235108728
stl_midamerica_to_st_louis_lambert_2026-01-12_0145,midamerica_to_st_louis_lambert,MidAmerica to St. Louis Lambert,MidAmerica St. Louis Airport,St. Louis Lambert International Airport,38.5451731,-89.8351856,38.7486982,-90.3700257,2026-01-12,January 12th - Monday,w_0145,0.2,0.2,0.6,0.0,118,"[8877, 8881, 8905, 8906, 8933, 8937, 8938, 9153, 9157, 9174, 9181, 9182, 9208, 9233, 9236, 9241, 9449, 9454, 9478, 9479, 9483, 10478, 10480, 10503, 10508, 10823, 10835, 10839, 10840, 10873, 10877, 10878, 10893, 10897, 10901, 11225, 11343, 11346, 11351, 11374, 11373, 11376, 11388, 11389, 11614, 11617, 11652, 11653, 11658, 11659, 11492, 11494, 11500, 11498, 11505, 11507, 11509, 12654, 12653, 12665, 12666, 6099, 6102, 6104, 6138, 6131, 6129, 6128, 6130, 6149, 6146, 6148, 4851, 4848, 4845, 4849, 4833, 4857, 4862, 6295, 6288, 6290, 6327, 6324, 6326, 6237, 6239, 6236, 6202, 6194, 6227, 6226, 6218, 6213, 6214, 6210, 6064, 6888, 6060, 6059, 6065, 6050, 6046, 6023, 6003, 5998, 5999, 5663, 5659, 5656, 5632, 5622, 5621, 5615, 5380, 5588, 5362, 5364]",0.049932199995964766,success,,93.62158595581981,103.03660978182312,22.82860893353347,13.640051358381875,55.40000000000005,33.35707455810044
stl_midamerica_to_st_louis_lambert_2026-01-12_0146,midamerica_to_st_louis_lambert,MidAmerica to St. Louis Lambert,MidAmerica St. Louis Airport,St. Louis Lambert International Airport,38.5451731,-89.8351856,38.7486982,-90.3700257,2026-01-12,January 12th - Monday,w_0146,0.2,0.3,0.0,0.5,97,"[8877, 8881, 8904, 8922, 8923, 8927, 9145, 10016, 10018, 10062, 10055, 10058, 10094, 10096, 10103, 10104, 10110, 10109, 10516, 10515, 10514, 10517, 10522, 10299, 10300, 10301, 10309, 10308, 10310, 10343, 10345, 10344, 10342, 10355, 10210, 10208, 10209, 10326, 10328, 10322, 10191, 2276, 2518, 2277, 2509, 2287, 2508, 2286, 2298, 2300, 2301, 2307, 2495, 2820, 2823, 2827, 2849, 2848, 2850, 2837, 2861, 2866, 2889, 3896, 3898, 3901, 3927, 3946, 3949, 3953, 3966, 3944, 3977, 3976, 3941, 4043, 4066, 4067, 4068, 4185, 4187, 4188, 4080, 4205, 4207, 4212, 5309, 5313, 5335, 5337, 5320, 5322, 5323, 5346, 5357, 5358, 5364]",0.0548298999783583,success,,74.42492977850672,81.90944822539495,20.328077359683107,52.03300065653537,47.40000000000003,46.18031285298394
stl_midamerica_to_st_louis_lambert_2026-01-12_0147,midamerica_to_st_louis_lambert,MidAmerica to St. Louis Lambert,MidAmerica St. Louis Airport,St. Louis Lambert International Airport,38.5451731,-89.8351856,38.7486982,-90.3700257,2026-01-12,January 12th - Monday,w_0147,0.2,0.3,0.1,0.4,97,"[8877, 8881, 8904, 8922, 8923, 8927, 9145, 10016, 10018, 10062, 10055, 10058, 10094, 10096, 10103, 10104, 10110, 10109, 10516, 10515, 10514, 10517, 10522, 10299, 10300, 10301, 10311, 10532, 10533, 10349, 10347, 10348, 10346, 10359, 10358, 10356, 10352, 10326, 10328, 10329, 10330, 2548, 2527, 2525, 2526, 2538, 2540, 2516, 2530, 2534, 2559, 2561, 2840, 2842, 2843, 2845, 2878, 2879, 2884, 2883, 2893, 4095, 4096, 3932, 3933, 3958, 3962, 3974, 3973, 3972, 3971, 3982, 4295, 3983, 4297, 4198, 4199, 4201, 4216, 4229, 4232, 4230, 4242, 4265, 4244, 4243, 5336, 5338, 5341, 5339, 5345, 5324, 5347, 5346, 5357, 5358, 5364]",0.05538090001209639,success,,73.89841470417085,81.32998433675507,20.623712753667085,35.02558922870262,48.800000000000026,45.47566961632142
stl_midamerica_to_st_louis_lambert_2026-01-12_0148,midamerica_to_st_louis_lambert,MidAmerica to St. Louis Lambert,MidAmerica St. Louis Airport,St. Louis Lambert International Airport,38.5451731,-89.8351856,38.7486982,-90.3700257,2026-01-12,January 12th - Monday,w_0148,0.2,0.3,0.2,0.3,97,"[8877, 8879, 8896, 8900, 8924, 8930, 10012, 10015, 10018, 10062, 10055, 10058, 10094, 10096, 10103, 10104, 10110, 10109, 10516, 10515, 10514, 10513, 10298, 10295, 10296, 10297, 10309, 10532, 10533, 10349, 10347, 10348, 10346, 10372, 10360, 10361, 10373, 10336, 10335, 10337, 10330, 2548, 2527, 2525, 2526, 2538, 2540, 2516, 2530, 2534, 2559, 2561, 2840, 2842, 2843, 2845, 2878, 2879, 2884, 2883, 2893, 4095, 4096, 3932, 3933, 3958, 3962, 3974, 3973, 3972, 3971, 3982, 4295, 4299, 4301, 4202, 4215, 4220, 4223, 4255, 4233, 4234, 4242, 4265, 4244, 4243, 5336, 5338, 5341, 5339, 5320, 5322, 5323, 5346, 5357, 5358, 5364]",0.055064699990907684,success,,74.96582075789355,82.50473372722242,22.201638153954182,29.350798007616124,48.800000000000026,43.67159779315397
stl_midamerica_to_st_louis_lambert_2026-01-12_0149,midamerica_to_st_louis_lambert,MidAmerica to St. Louis Lambert,MidAmerica St. Louis Airport,St. Louis Lambert International Airport,38.5451731,-89.8351856,38.7486982,-90.3700257,2026-01-12,January 12th - Monday,w_0149,0.2,0.3,0.3,0.2,105,"[8877, 8881, 8905, 8906, 8925, 8928, 8931, 9149, 10017, 10021, 10063, 10068, 10070, 10095, 10099, 10423, 10425, 10427, 10452, 10462, 10466, 10470, 10484, 10486, 10593, 10598, 10601, 10926, 10928, 10953, 10963, 10968, 10966, 10970, 10980, 11003, 11010, 11332, 11148, 11151, 11183, 11178, 11181, 11196, 11199, 11423, 11425, 11430, 11465, 11554, 11557, 11521, 11552, 11545, 11582, 11584, 11588, 11594, 11596, 11595, 4787, 4764, 4789, 4792, 4773, 4805, 4772, 4774, 4815, 4782, 4783, 4818, 5911, 5914, 5937, 5939, 5956, 5959, 5961, 5979, 5980, 6205, 6206, 6064, 6888, 6887, 6889, 6073, 6067, 6052, 6048, 6029, 6004, 6002, 6514, 6513, 5661, 5657, 5636, 5623, 5619, 5384, 5592, 5586, 5364]",0.054052799998316914,success,,85.51550809368034,94.1153468805892,20.561007323393127,19.49023471638402,52.00000000000004,41.238441988050994
stl_midamerica_to_st_louis_lambert_2026-01-12_0150,midamerica_to_st_louis_lambert,MidAmerica to St. Louis Lambert,MidAmerica St. Louis Airport,St. Louis Lambert International Airport,38.5451731,-89.8351856,38.7486982,-90.3700257,2026-01-12,January 12th - Monday,w_0150,0.2,0.3,0.4,0.1,106,"[8877, 8881, 8905, 8906, 8925, 8928, 8931, 9149, 10017, 10021, 10063, 10068, 10070, 10095, 10099, 10423, 10425, 10427, 10452, 10462, 10466, 10470, 10484, 10486, 10593, 10598, 10601, 10926, 10928, 10953, 10963, 10968, 10966, 10970, 10980, 11003, 11010, 11332, 11148, 11151, 11183, 11178, 11181, 11196, 11199, 11423, 11425, 11430, 11465, 11554, 11557, 11521, 11552, 11545, 11582, 11584, 11588, 11594, 11596, 11595, 4787, 4764, 4789, 4792, 4773, 4805, 4772, 4774, 4815, 4782, 4783, 4818, 5911, 5914, 5937, 5939, 5956, 5959, 5961, 5979, 5980, 6205, 6206, 6064, 6888, 6887, 6889, 6073, 6067, 6054, 6051, 6047, 6026, 6001, 5999, 5663, 5659, 5656, 5632, 5622, 5621, 5615, 5380, 5588, 5362, 5364]",0.051352899987250566,success,,85.8910375975679,94.52864138482758,20.34495278896846,18.848350655193233,53.00000000000004,37.84855437573335
stl_midamerica_to_st_louis_lambert_2026-01-12_0151,midamerica_to_st_louis_lambert,MidAmerica to St. Louis Lambert,MidAmerica St. Louis Airport,St. Louis Lambert International Airport,38.5451731,-89.8351856,38.7486982,-90.3700257,2026-01-12,January 12th - Monday,w_0151,0.2,0.3,0.5,0.0,114,"[8877, 8881, 8905, 8906, 8933, 8937, 8938, 9153, 9157, 9174, 9181, 9182, 9208, 9233, 9236, 9241, 9449, 9454, 9478, 9479, 9483, 10478, 10480, 10503, 10508, 10823, 10835, 10839, 10840, 10873, 10877, 10878, 10893, 10892, 10987, 10988, 11315, 11317, 11327, 11352, 11356, 11357, 11392, 11397, 11398, 11395, 11416, 11419, 11421, 11443, 11446, 11450, 11472, 11471, 11482, 11483, 11470, 11573, 11580, 11579, 11603, 6089, 6092, 6107, 6111, 6116, 6115, 6117, 4799, 4802, 4845, 4849, 4833, 4857, 4862, 6295, 6288, 6289, 6286, 6291, 6204, 6201, 6198, 6199, 6194, 6227, 6226, 6218, 6213, 6214, 6210, 6064, 6888, 6887, 6889, 6073, 6067, 6054, 6051, 6047, 6026, 6001, 5999, 5663, 5659, 5656, 5632, 5622, 5621, 5615, 5380, 5588, 5362, 5364]",0.05084310000529513,success,,91.579180636285,100.78881064686149,18.468000393897192,16.753392577702193,56.00000000000005,34.074858536392554
stl_midamerica_to_st_louis_lambert_2026-01-12_0152,midamerica_to_st_louis_lambert,MidAmerica to St. Louis Lambert,MidAmerica St. Louis Airport,St. Louis Lambert International Airport,38.5451731,-89.8351856,38.7486982,-90.3700257,2026-01-12,January 12th - Monday,w_0152,0.2,0.4,0.0,0.4,98,"[8877, 8881, 8904, 8922, 8923, 8927, 9145, 10016, 10018, 10062, 10055, 10058, 10094, 10096, 10103, 10104, 10110, 10109, 10516, 10515, 10514, 10517, 10522, 10299, 10300, 10301, 10309, 10308, 10533, 10363, 10350, 10351, 10366, 10376, 10374, 10379, 10378, 10391, 10402, 10403, 10390, 2577, 2576, 2598, 2575, 2587, 10714, 10713, 10722, 2597, 10723, 2596, 2876, 2875, 2874, 2873, 2885, 2886, 2884, 2883, 2890, 2891, 2895, 3904, 3925, 3926, 3931, 3951, 3954, 3953, 3966, 3944, 3977, 3976, 3941, 4043, 4066, 4067, 4068, 4185, 4187, 4188, 4076, 4075, 4082, 4084, 5080, 5084, 5310, 5311, 5337, 5320, 5322, 5323, 5346, 5357, 5358, 5364]",0.05403379999916069,success,,73.74264765764532,81.15855262871621,16.483316223615404,45.656138700557136,50.80000000000003,43.145037015189416
stl_midamerica_to_st_louis_lambert_2026-01-12_0153,midamerica_to_st_louis_lambert,MidAmerica to St. Louis Lambert,MidAmerica St. Louis Airport,St. Louis Lambert International Airport,38.5451731,-89.8351856,38.7486982,-90.3700257,2026-01-12,January 12th - Monday,w_0153,0.2,0.4,0.1,0.3,98,"[8877, 8881, 8904, 8922, 8923, 8927, 9145, 10016, 10018, 10062, 10055, 10058, 10094, 10096, 10103, 10104, 10110, 10109, 10516, 10515, 10514, 10517, 10522, 10299, 10524, 10529, 10538, 10539, 10537, 10367, 10364, 10365, 10370, 10381, 10380, 10379, 10378, 10391, 10402, 10404, 10408, 2604, 2605, 2606, 2603, 10716, 10717, 10718, 10729, 10730, 10744, 10745, 2907, 4107, 4109, 4112, 4145, 4150, 4149, 4153, 4175, 4177, 4176, 4179, 4288, 4286, 4285, 3974, 3973, 3972, 3971, 3981, 3978, 3976, 3941, 4043, 4042, 4041, 4040, 4046, 4048, 4049, 4061, 4075, 4082, 4084, 5080, 5084, 5310, 5311, 5337, 5320, 5322, 5323, 5346, 5357, 5358, 5364]",0.054434899997431785,success,,74.81478657800102,82.33851084498404,16.835429054105635,38.68102406413379,51.00000000000003,42.36997619705245
stl_midamerica_to_st_louis_lambert_2026-01-12_0154,midamerica_to_st_louis_lambert,MidAmerica to St. Louis Lambert,MidAmerica St. Louis Airport,St. Louis Lambert International Airport,38.5451731,-89.8351856,38.7486982,-90.3700257,2026-01-12,January 12th - Monday,w_0154,0.2,0.4,0.2,0.2,100,"[8877, 8881, 8905, 8906, 8925, 8928, 8931, 9149, 10017, 10021, 10063, 10068, 10070, 10095, 10099, 10422, 10101, 10106, 10104, 10110, 10109, 10516, 10515, 10514, 10513, 10298, 10299, 10524, 10529, 10538, 10539, 10537, 10367, 10364, 10365, 10370, 10381, 10380, 10379, 10378, 10391, 10402, 10404, 10408, 2604, 2605, 2606, 2603, 10716, 10717, 10718, 10729, 10730, 10744, 10746, 4111, 4137, 4138, 4139, 4148, 4150, 4149, 4153, 4178, 4177, 4176, 4179, 4288, 4286, 4285, 3974, 3973, 3972, 3971, 3982, 4295, 4299, 4301, 4202, 4215, 4220, 4223, 4255, 4233, 4234, 4242, 4265, 4244, 4243, 5336, 5338, 5341, 5339, 5320, 5322, 5323, 5346, 5357, 5358, 5364]",0.053870500007178634,success,,75.0343659517858,82.58017214586691,18.41630047586951,32.210537697581245,52.20000000000003,40.76466215903744
stl_midamerica_to_st_louis_lambert_2026-01-12_0155,midamerica_to_st_louis_lambert,MidAmerica to St. Louis Lambert,MidAmerica St. Louis Airport,St. Louis Lambert International Airport,38.5451731,-89.8351856,38.7486982,-90.3700257,2026-01-12,January 12th - Monday,w_0155,0.2,0.4,0.3,0.1,106,"[8877, 8881, 8905, 8906, 8925, 8928, 8931, 9149, 10017, 10021, 10063, 10068, 10070, 10095, 10099, 10423, 10425, 10427, 10452, 10462, 10466, 10470, 10484, 10486, 10593, 10598, 10601, 10926, 10928, 10953, 10963, 10968, 10951, 10965, 10980, 11003, 11010, 11332, 11148, 11151, 11183, 11178, 11181, 11196, 11199, 11423, 11425, 11430, 11465, 11554, 11557, 11521, 11552, 11545, 11582, 11584, 11588, 11594, 11596, 11595, 4787, 4764, 4789, 4792, 4773, 4805, 4772, 4774, 4815, 4782, 4783, 4818, 5911, 5914, 5937, 5939, 5956, 5959, 5961, 5979, 5980, 6205, 6206, 6064, 6888, 6887, 6889, 6073, 6067, 6054, 6051, 6047, 6026, 6001, 5999, 5663, 5659, 5656, 5632, 5622, 5621, 5615, 5380, 5588, 5362, 5364]",0.051947500003734604,success,,86.42437530157791,95.11561401863817,20.029363626895925,18.875390534597702,53.00000000000004,37.997485414865324
stl_midamerica_to_st_louis_lambert_2026-01-12_0156,midamerica_to_st_louis_lambert,MidAmerica to St. Louis Lambert,MidAmerica St. Louis Airport,St. Louis Lambert International Airport,38.5451731,-89.8351856,38.7486982,-90.3700257,2026-01-12,January 12th - Monday,w_0156,0.2,0.4,0.4,0.0,114,"[8877, 8881, 8905, 8906, 8933, 8937, 8938, 9153, 9157, 9174, 9181, 9182, 9208, 9233, 9236, 9241, 9449, 9454, 9478, 9479, 9483, 10478, 10480, 10503, 10508, 10823, 10835, 10839, 10840, 10873, 10877, 10878, 10893, 10892, 10987, 10988, 11315, 11317, 11327, 11352, 11356, 11357, 11392, 11397, 11398, 11395, 11416, 11419, 11421, 11443, 11446, 11450, 11472, 11471, 11482, 11483, 11470, 11573, 11580, 11579, 11603, 6089, 6092, 6107, 6111, 6116, 6115, 6117, 4799, 4802, 4845, 4849, 4833, 4857, 4862, 6295, 6288, 6289, 6286, 6291, 6204, 6201, 6198, 6199, 6194, 6227, 6226, 6218, 6213, 6214, 6210, 6064, 6888, 6887, 6889, 6073, 6067, 6054, 6051, 6047, 6026, 6001, 5999, 5663, 5659, 5656, 5632, 5622, 5621, 5615, 5380, 5588, 5362, 5364]",0.050557600014144555,success,,91.579180636285,100.78881064686149,18.468000393897192,16.753392577702193,56.00000000000005,34.246319318012056
stl_midamerica_to_st_louis_lambert_2026-01-12_0157,midamerica_to_st_louis_lambert,MidAmerica to St. Louis Lambert,MidAmerica St. Louis Airport,St. Louis Lambert International Airport,38.5451731,-89.8351856,38.7486982,-90.3700257,2026-01-12,January 12th - Monday,w_0157,0.2,0.5,0.0,0.3,101,"[8877, 8881, 8905, 8906, 8933, 8929, 9143, 9146, 9173, 10020, 10063, 10068, 10070, 10095, 10099, 10422, 10101, 10106, 10104, 10110, 10109, 10516, 10515, 10514, 10517, 10522, 10299, 10300, 10301, 10309, 10308, 10533, 10363, 10350, 10351, 10366, 10376, 10374, 10379, 10378, 10391, 10402, 10403, 10390, 2577, 2576, 2598, 2575, 2587, 10714, 10713, 10722, 2597, 10723, 2596, 2876, 2875, 2874, 2873, 2885, 2886, 2884, 2883, 2890, 2891, 2895, 3904, 3925, 3926, 3931, 3951, 3954, 3953, 3966, 3944, 3977, 3976, 3941, 4043, 4066, 4067, 4068, 4185, 4187, 4188, 4076, 4075, 4082, 4084, 5080, 5084, 5310, 5311, 5337, 5320, 5322, 5323, 5346, 5357, 5358, 5364]",0.05455969998729415,success,,74.86744372005592,82.39646343511318,15.279386000065967,45.535294784489956,51.80000000000003,39.65898568705563
stl_midamerica_to_st_louis_lambert_2026-01-12_0158,midamerica_to_st_louis_lambert,MidAmerica to St. Louis Lambert,MidAmerica St. Louis Airport,St. Louis Lambert International Airport,38.5451731,-89.8351856,38.7486982,-90.3700257,2026-01-12,January 12th - Monday,w_0158,0.2,0.5,0.1,0.2,101,"[8877, 8881, 8905, 8906, 8933, 8929, 9143, 9146, 9173, 10020, 10063, 10068, 10070, 10095, 10099, 10422, 10101, 10106, 10104, 10110, 10109, 10516, 10515, 10514, 10517, 10522, 10299, 10524, 10529, 10538, 10539, 10537, 10367, 10364, 10365, 10366, 10376, 10374, 10379, 10378, 10391, 10402, 10404, 10408, 2604, 2605, 2606, 2603, 10716, 10717, 10718, 10729, 10730, 10744, 10745, 2907, 4107, 4109, 4112, 4145, 4150, 4149, 4153, 4175, 4177, 4176, 4179, 4288, 4286, 4285, 3974, 3973, 3972, 3971, 3981, 3978, 3976, 3941, 4043, 4066, 4067, 4068, 4185, 4187, 4188, 4076, 4075, 4082, 4084, 5080, 5084, 5310, 5311, 5337, 5320, 5322, 5323, 5346, 5357, 5358, 5364]",0.05286699999123812,success,,76.47365071343904,84.16419810352768,14.743059445010156,39.915965114497915,52.400000000000034,38.67596585466042
stl_midamerica_to_st_louis_lambert_2026-01-12_0159,midamerica_to_st_louis_lambert,MidAmerica to St. Louis Lambert,MidAmerica St. Louis Airport,St. Louis Lambert International Airport,38.5451731,-89.8351856,38.7486982,-90.3700257,2026-01-12,January 12th - Monday,w_0159,0.2,0.5,0.2,0.1,100,"[8877, 8881, 8905, 8906, 8925, 8928, 8931, 9149, 10017, 10021, 10063, 10068, 10070, 10095, 10099, 10422, 10101, 10106, 10104, 10110, 10109, 10516, 10515, 10514, 10513, 10298, 10299, 10524, 10529, 10538, 10539, 10537, 10367, 10364, 10365, 10370, 10381, 10380, 10379, 10378, 10391, 10402, 10404, 10408, 2604, 2605, 2606, 2603, 10716, 10717, 10718, 10729, 10730, 10744, 10745, 2907, 4107, 4109, 4112, 4145, 4150, 4149, 4153, 4175, 4177, 4176, 4179, 4288, 4286, 4285, 3974, 3973, 3972, 3971, 3982, 4295, 4299, 4301, 4202, 4215, 4220, 4223, 4255, 4233, 4234, 4242, 4265, 4244, 4243, 5336, 5338, 5341, 5339, 5320, 5322, 5323, 5346, 5357, 5358, 5364]",0.051452499988954514,success,,75.03389866027847,82.57965786134369,18.24475830216188,32.59026122444165,52.20000000000003,37.37636296823801
stl_midamerica_to_st_louis_lambert_2026-01-12_0160,midamerica_to_st_louis_lambert,MidAmerica to St. Louis Lambert,MidAmerica St. Louis Airport,St. Louis Lambert International Airport,38.5451731,-89.8351856,38.7486982,-90.3700257,2026-01-12,January 12th - Monday,w_0160,0.2,0.5,0.3,0.0,112,"[8877, 8881, 8905, 8906, 8933, 8937, 8938, 9153, 9157, 9174, 9181, 9182, 9208, 9233, 9236, 9241, 9449, 9454, 9478, 9479, 9483, 10478, 10480, 10503, 10510, 10833, 10832, 10501, 10817, 10815, 10816, 10818, 10924, 10931, 10929, 10953, 10963, 10968, 10951, 10965, 10980, 11003, 11010, 11332, 11148, 11151, 11183, 11178, 11181, 11196, 11199, 11423, 11425, 11430, 11465, 11554, 11557, 11521, 11552, 11545, 11582, 11584, 11588, 11594, 11596, 11595, 4787, 4764, 4789, 4792, 4773, 4805, 4772, 4774, 4815, 4782, 4783, 4818, 5911, 5914, 5937, 5939, 5956, 5959, 5961, 5979, 5980, 6205, 6206, 6064, 6888, 6887, 6889, 6073, 6067, 6054, 6051, 6047, 6026, 6001, 5999, 5663, 5659, 5656, 5632, 5622, 5621, 5615, 5380, 5588, 5362, 5364]",0.05023340001935139,success,,88.67642188769248,97.59413692481361,18.1140791674435,19.04194266520759,56.00000000000005,34.28844976824675
stl_midamerica_to_st_louis_lambert_2026-01-12_0161,midamerica_to_st_louis_lambert,MidAmerica to St. Louis Lambert,MidAmerica St. Louis Airport,St. Louis Lambert International Airport,38.5451731,-89.8351856,38.7486982,-90.3700257,2026-01-12,January 12th - Monday,w_0161,0.2,0.6,0.0,0.2,101,"[8877, 8881, 8905, 8906, 8933, 8929, 9143, 9146, 9173, 10020, 10063, 10068, 10070, 10095, 10099, 10422, 10101, 10106, 10104, 10110, 10109, 10516, 10515, 10514, 10517, 10522, 10299, 10300, 10301, 10309, 10308, 10533, 10363, 10350, 10351, 10366, 10376, 10374, 10379, 10614, 10407, 10410, 10411, 10408, 2604, 2605, 2606, 2603, 10715, 10714, 10713, 10722, 2597, 10723, 2596, 2876, 2875, 2874, 2873, 2885, 2886, 2884, 2883, 2893, 4095, 4096, 3932, 3933, 3958, 3962, 3967, 3954, 3953, 3966, 3944, 3977, 3976, 3941, 4043, 4066, 4067, 4068, 4185, 4187, 4188, 4076, 4075, 4082, 4084, 5080, 5084, 5310, 5311, 5337, 5320, 5322, 5323, 5346, 5357, 5358, 5364]",0.0502386000007391,success,,75.4023021768558,82.98510975571494,14.70216353976001,44.7516010178628,52.400000000000034,35.898320074999006
stl_midamerica_to_st_louis_lambert_2026-01-12_0162,midamerica_to_st_louis_lambert,MidAmerica to St. Louis Lambert,MidAmerica St. Louis Airport,St. Louis Lambert International Airport,38.5451731,-89.8351856,38.7486982,-90.3700257,2026-01-12,January 12th - Monday,w_0162,0.2,0.6,0.1,0.1,101,"[8877, 8881, 8905, 8906, 8933, 8929, 9143, 9146, 9173, 10020, 10063, 10068, 10070, 10095, 10099, 10422, 10101, 10106, 10104, 10110, 10109, 10516, 10515, 10514, 10517, 10522, 10299, 10524, 10529, 10538, 10539, 10537, 10367, 10364, 10365, 10366, 10376, 10374, 10379, 10614, 10407, 10405, 10404, 10408, 2604, 2605, 2606, 2603, 10716, 10717, 10718, 10729, 10730, 10744, 10745, 2907, 4107, 4109, 4112, 4145, 4150, 4149, 4153, 4175, 4177, 4176, 4179, 4288, 4286, 4285, 3974, 3973, 3972, 3971, 3981, 3978, 3976, 3941, 4043, 4066, 4067, 4068, 4185, 4187, 4188, 4076, 4075, 4082, 4084, 5080, 5084, 5310, 5311, 5337, 5320, 5322, 5323, 5346, 5357, 5358, 5364]",0.05048119998537004,success,,76.4737671783162,84.1643262806567,14.709021213444126,40.10971872195496,52.400000000000034,34.909249856393316
stl_midamerica_to_st_louis_lambert_2026-01-12_0163,midamerica_to_st_louis_lambert,MidAmerica to St. Louis Lambert,MidAmerica St. Louis Airport,St. Louis Lambert International Airport,38.5451731,-89.8351856,38.7486982,-90.3700257,2026-01-12,January 12th - Monday,w_0163,0.2,0.6,0.2,0.0,133,"[8877, 8880, 8903, 8907, 8932, 8937, 8938, 9153, 9157, 9174, 9181, 9182, 9208, 9233, 9236, 9241, 9449, 9454, 9478, 9479, 9483, 10478, 10480, 10503, 10508, 10823, 10833, 10832, 10501, 10817, 10815, 10816, 10818, 10924, 10931, 10929, 10953, 10963, 10964, 10951, 10965, 10980, 11003, 11010, 11332, 11148, 11151, 11183, 11178, 11181, 11196, 11199, 11423, 11425, 11430, 11465, 11554, 11557, 11559, 11574, 11587, 6085, 6091, 6088, 11597, 6115, 6117, 4799, 4802, 4845, 4849, 4833, 4857, 4862, 6295, 6288, 6292, 6324, 6330, 6245, 6250, 6248, 6251, 6267, 6266, 6265, 6261, 6258, 6260, 6259, 6963, 6966, 6965, 6973, 6969, 6971, 6968, 6970, 6988, 6985, 6986, 6987, 6879, 6880, 6881, 6980, 6978, 6872, 6867, 6853, 6828, 6825, 6823, 6714, 6711, 5781, 5760, 5756, 5732, 5730, 5725, 5704, 5700, 5696, 5474, 5471, 5647, 5613, 5609, 5606, 5590, 5586, 5364]",0.052652299986220896,success,,103.87820487420007,114.32468218932026,8.666016488502498,24.92289097701727,70.40000000000006,33.049124526369006
stl_midamerica_to_st_louis_lambert_2026-01-12_0164,midamerica_to_st_louis_lambert,MidAmerica to St. Louis Lambert,MidAmerica St. Louis Airport,St. Louis Lambert International Airport,38.5451731,-89.8351856,38.7486982,-90.3700257,2026-01-12,January 12th - Monday,w_0164,0.2,0.7,0.0,0.1,101,"[8877, 8881, 8905, 8906, 8933, 8929, 9143, 9146, 9173, 10020, 10063, 10068, 10070, 10095, 10099, 10422, 10101, 10106, 10104, 10110, 10109, 10516, 10515, 10514, 10517, 10522, 10299, 10300, 10301, 10309, 10308, 10533, 10363, 10350, 10351, 10366, 10376, 10374, 10379, 10614, 10407, 10410, 10411, 10408, 2604, 2605, 2606, 2603, 10715, 10714, 10713, 10722, 2597, 10723, 2596, 2876, 2875, 2874, 2873, 2885, 2886, 2884, 2883, 2893, 4095, 4096, 3932, 3933, 3958, 3962, 3967, 3954, 3953, 3966, 3944, 3977, 3976, 3941, 4043, 4066, 4067, 4068, 4185, 4187, 4188, 4076, 4075, 4082, 4084, 5080, 5084, 5310, 5311, 5337, 5320, 5322, 5323, 5346, 5357, 5358, 5364]",0.04940369998803362,success,,75.4023021768558,82.98510975571494,14.70216353976001,44.7516010178628,52.400000000000034,32.128536428974996
stl_midamerica_to_st_louis_lambert_2026-01-12_0165,midamerica_to_st_louis_lambert,MidAmerica to St. Louis Lambert,MidAmerica St. Louis Airport,St. Louis Lambert International Airport,38.5451731,-89.8351856,38.7486982,-90.3700257,2026-01-12,January 12th - Monday,w_0165,0.2,0.7,0.1,0.0,101,"[8877, 8880, 8903, 8907, 8932, 8937, 9144, 9148, 9151, 9177, 10064, 10067, 10069, 10083, 10099, 10422, 10101, 10106, 10104, 10110, 10109, 10516, 10515, 10514, 10517, 10522, 10299, 10524, 10529, 10538, 10539, 10537, 10367, 10364, 10365, 10366, 10376, 10374, 10379, 10614, 10407, 10405, 10404, 10408, 2604, 2605, 2606, 2603, 10716, 10717, 10718, 10729, 10730, 10744, 10745, 2907, 4107, 4109, 4112, 4145, 4150, 4149, 4153, 4175, 4177, 4176, 4179, 4288, 4286, 4285, 3974, 3973, 3972, 3971, 3981, 3978, 3976, 3941, 4043, 4066, 4067, 4068, 4185, 4187, 4188, 4076, 4075, 4082, 4084, 5080, 5084, 5310, 5311, 5337, 5320, 5322, 5323, 5346, 5357, 5358, 5364]",0.04983669999637641,success,,77.00106462569468,84.74465122142544,14.407984575413428,40.148230409692715,53.400000000000034,31.04934248804376
stl_midamerica_to_st_louis_lambert_2026-01-12_0166,midamerica_to_st_louis_lambert,MidAmerica to St. Louis Lambert,MidAmerica St. Louis Airport,St. Louis Lambert International Airport,38.5451731,-89.8351856,38.7486982,-90.3700257,2026-01-12,January 12th - Monday,w_0166,0.2,0.8,0.0,0.0,101,"[8877, 8880, 8903, 8907, 8932, 8937, 9144, 9148, 9151, 9177, 10064, 10067, 10069, 10083, 10099, 10422, 10101, 10106, 10104, 10110, 10109, 10516, 10515, 10514, 10517, 10522, 10299, 10300, 10301, 10309, 10308, 10533, 10363, 10350, 10351, 10366, 10376, 10374, 10379, 10614, 10407, 10410, 10411, 10408, 2604, 2605, 2606, 2603, 10715, 10714, 10713, 10722, 2597, 10723, 2596, 2876, 2875, 2874, 2873, 2885, 2886, 2884, 2883, 2893, 4095, 4096, 3932, 3933, 3958, 3962, 3967, 3954, 3953, 3966, 3944, 3977, 3976, 3941, 4043, 4066, 4067, 4068, 4185, 4187, 4188, 4076, 4075, 4082, 4084, 5080, 5084, 5310, 5311, 5337, 5320, 5322, 5323, 5346, 5357, 5358, 5364]",0.04847909999080002,success,,75.92959962423426,83.56543469648368,14.401126901729311,44.790112705600556,53.400000000000034,28.233988460680187
stl_midamerica_to_st_louis_lambert_2026-01-12_0167,midamerica_to_st_louis_lambert,MidAmerica to St. Louis Lambert,MidAmerica St. Louis Airport,St. Louis Lambert International Airport,38.5451731,-89.8351856,38.7486982,-90.3700257,2026-01-12,January 12th - Monday,w_0167,0.25,0.25,0.25,0.25,97,"[8877, 8879, 8896, 8900, 8924, 8930, 10012, 10015, 10018, 10062, 10055, 10058, 10094, 10096, 10103, 10104, 10110, 10109, 10516, 10515, 10514, 10513, 10298, 10295, 10296, 10297, 10309, 10532, 10533, 10349, 10347, 10348, 10346, 10359, 10358, 10356, 10357, 10336, 10335, 10337, 10330, 2548, 2527, 2525, 2526, 2538, 2540, 2539, 2530, 2534, 2559, 2561, 2840, 2842, 2843, 2845, 2878, 2879, 2884, 2883, 2893, 4095, 4096, 3932, 3933, 3958, 3962, 3974, 3973, 3972, 3971, 3982, 4295, 4299, 4301, 4202, 4215, 4220, 4223, 4255, 4233, 4234, 4242, 4265, 4244, 4243, 5336, 5338, 5341, 5339, 5320, 5322, 5323, 5346, 5357, 5358, 5364]",0.055441000004066154,success,,73.89962802991411,81.33131968020041,22.581349513335546,29.395244339072736,49.40000000000003,45.67697838315218
stl_midamerica_to_st_louis_lambert_2026-01-12_0168,midamerica_to_st_louis_lambert,MidAmerica to St. Louis Lambert,MidAmerica St. Louis Airport,St. Louis Lambert International Airport,38.5451731,-89.8351856,38.7486982,-90.3700257,2026-01-12,January 12th - Monday,w_0168,0.3,0.0,0.0,0.7,96,"[8877, 8876, 8892, 8897, 8899, 8926, 9788, 10013, 10014, 10036, 10052, 10054, 10061, 10051, 10049, 10048, 10050, 10253, 10252, 10241, 10240, 10248, 10246, 10247, 10245, 10231, 10230, 10262, 10150, 10148, 10149, 10151, 10161, 10159, 10158, 10160, 10166, 10168, 10167, 10169, 2247, 2269, 2268, 2257, 2256, 2254, 2279, 2293, 2296, 2301, 2303, 2491, 2492, 2818, 2496, 2507, 2506, 2828, 2505, 2809, 2811, 2810, 2728, 2730, 2731, 2729, 2715, 2717, 2714, 2716, 2738, 2741, 2745, 2747, 2684, 2687, 3987, 3990, 4016, 4017, 4022, 4029, 4034, 4060, 4064, 5048, 5052, 5076, 5082, 5299, 5304, 5319, 5321, 5357, 5358, 5364]",0.05755159998079762,success,,71.90057520712594,79.13123277148179,53.29567736851651,39.307370558879065,46.20000000000003,56.07936983144455
stl_midamerica_to_st_louis_lambert_2026-01-12_0169,midamerica_to_st_louis_lambert,MidAmerica to St. Louis Lambert,MidAmerica St. Louis Airport,St. Louis Lambert International Airport,38.5451731,-89.8351856,38.7486982,-90.3700257,2026-01-12,January 12th - Monday,w_0169,0.3,0.0,0.1,0.6,96,"[8877, 8879, 8896, 8900, 8924, 8930, 9788, 10013, 10014, 10036, 10052, 10054, 10061, 10051, 10049, 10048, 10050, 10253, 10252, 10241, 10240, 10248, 10246, 10247, 10251, 10263, 10265, 10264, 10178, 10179, 10177, 10176, 10199, 10198, 10196, 10197, 10185, 10187, 10186, 10184, 2273, 2275, 2274, 2285, 2283, 2284, 2282, 2293, 2296, 2301, 2303, 2491, 2492, 2818, 2496, 2507, 2506, 2828, 2505, 2809, 2811, 2810, 2728, 2730, 2731, 2732, 2755, 2757, 2782, 2780, 2775, 2802, 2805, 3917, 4011, 4010, 4009, 4008, 4019, 4017, 4022, 4029, 4034, 4060, 4064, 5048, 5052, 5076, 5082, 5299, 5304, 5319, 5321, 5357, 5358, 5364]",0.05732670001452789,success,,71.90426353299135,79.13529201261795,47.43914947171872,34.80234292300875,46.20000000000003,54.94082189608628
stl_midamerica_to_st_louis_lambert_2026-01-12_0170,midamerica_to_st_louis_lambert,MidAmerica to St. Louis Lambert,MidAmerica St. Louis Airport,St. Louis Lambert International Airport,38.5451731,-89.8351856,38.7486982,-90.3700257,2026-01-12,January 12th - Monday,w_0170,0.3,0.0,0.2,0.5,96,"[8877, 8879, 8896, 8900, 8924, 8930, 9788, 10013, 10014, 10036, 10052, 10054, 10061, 10051, 10049, 10048, 10050, 10253, 10252, 10241, 10240, 10249, 10275, 10277, 10293, 10304, 10305, 10306, 10319, 10321, 10320, 10318, 10355, 10358, 10356, 10357, 10336, 10335, 10337, 10330, 2548, 2527, 2525, 2526, 2538, 2540, 2516, 2530, 2534, 2559, 2561, 2840, 2842, 2843, 2845, 2878, 2879, 2884, 2883, 2890, 2891, 2892, 3896, 2796, 2797, 3895, 3890, 3891, 3892, 3889, 2803, 2806, 3915, 3917, 4011, 4010, 4009, 4008, 4019, 4017, 4022, 4029, 4034, 4060, 4064, 5048, 5052, 5076, 5082, 5299, 5304, 5319, 5321, 5357, 5358, 5364]",0.05486239999299869,success,,72.97901174962799,80.31812192818417,42.52885387693327,29.55883198159724,46.80000000000003,53.40720297477472
stl_midamerica_to_st_louis_lambert_2026-01-12_0171,midamerica_to_st_louis_lambert,MidAmerica to St. Louis Lambert,MidAmerica St. Louis Airport,St. Louis Lambert International Airport,38.5451731,-89.8351856,38.7486982,-90.3700257,2026-01-12,January 12th - Monday,w_0171,0.3,0.0,0.3,0.4,96,"[8877, 8879, 8896, 8900, 8924, 8930, 9788, 10013, 10014, 10036, 10052, 10054, 10061, 10051, 10049, 10048, 10050, 10253, 10252, 10241, 10240, 10249, 10275, 10277, 10293, 10304, 10305, 10306, 10319, 10321, 10320, 10318, 10355, 10358, 10356, 10357, 10336, 10335, 10337, 10330, 2548, 2527, 2525, 2526, 2538, 2540, 2516, 2530, 2534, 2559, 2561, 2840, 2842, 2843, 2845, 2878, 2879, 2884, 2883, 2893, 4095, 2896, 3904, 3903, 3901, 3897, 3905, 3893, 3906, 3894, 2807, 3916, 3915, 3917, 4011, 4010, 4009, 4008, 4019, 4017, 4022, 4029, 4034, 4060, 4064, 5048, 5052, 5076, 5082, 5299, 5304, 5319, 5321, 5357, 5358, 5364]",0.05485090002184734,success,,73.51307854427678,80.90589697339249,41.49541304409677,28.946637514398173,46.80000000000003,51.67576034633721
stl_midamerica_to_st_louis_lambert_2026-01-12_0172,midamerica_to_st_louis_lambert,MidAmerica to St. Louis Lambert,MidAmerica St. Louis Airport,St. Louis Lambert International Airport,38.5451731,-89.8351856,38.7486982,-90.3700257,2026-01-12,January 12th - Monday,w_0172,0.3,0.0,0.4,0.3,96,"[8877, 8879, 8896, 8900, 8924, 8930, 9788, 10013, 10014, 10036, 10052, 10054, 10061, 10051, 10049, 10048, 10050, 10253, 10252, 10241, 10240, 10249, 10275, 10277, 10293, 10304, 10305, 10306, 10319, 10321, 10320, 10318, 10355, 10358, 10356, 10357, 10336, 10335, 10337, 10330, 2551, 2550, 2552, 2549, 2544, 2578, 2582, 2565, 2589, 2592, 2596, 2899, 2902, 2904, 2905, 4116, 4122, 4123, 4121, 4102, 4103, 4127, 4129, 3961, 4286, 4285, 3974, 3973, 3972, 3971, 3982, 4295, 4299, 4301, 4202, 4203, 4204, 4216, 4226, 4191, 4188, 4080, 4075, 4077, 4078, 5048, 5052, 5076, 5082, 5299, 5304, 5319, 5321, 5357, 5358, 5364]",0.05402820001472719,success,,74.05677934981841,81.5042748706126,37.370437671789574,25.537682992842203,50.00000000000003,49.66635565832067
stl_midamerica_to_st_louis_lambert_2026-01-12_0173,midamerica_to_st_louis_lambert,MidAmerica to St. Louis Lambert,MidAmerica St. Louis Airport,St. Louis Lambert International Airport,38.5451731,-89.8351856,38.7486982,-90.3700257,2026-01-12,January 12th - Monday,w_0173,0.3,0.0,0.5,0.2,96,"[8877, 8879, 8896, 8900, 8924, 8930, 9788, 10013, 10014, 10036, 10052, 10054, 10061, 10051, 10049, 10048, 10050, 10253, 10252, 10241, 10240, 10249, 10275, 10277, 10293, 10304, 10305, 10310, 10319, 10321, 10320, 10318, 10355, 10358, 10356, 10357, 10336, 10335, 10337, 10330, 2551, 2550, 2552, 2549, 2544, 2578, 2582, 2590, 2595, 10723, 10724, 2903, 2906, 4109, 4112, 4145, 4150, 4152, 4158, 4183, 4405, 4184, 4407, 4338, 4340, 4343, 4357, 4356, 4334, 4332, 4324, 4323, 4318, 4304, 4217, 4215, 4204, 4216, 4226, 4191, 4188, 4080, 4075, 4077, 4078, 5048, 5052, 5076, 5082, 5299, 5304, 5319, 5321, 5357, 5358, 5364]",0.053476300003239885,success,,76.19472508741862,83.85722241418206,36.906524045410926,23.87221399502132,50.40000000000003,47.173273721765284
stl_midamerica_to_st_louis_lambert_2026-01-12_0174,midamerica_to_st_louis_lambert,MidAmerica to St. Louis Lambert,MidAmerica St. Louis Airport,St. Louis Lambert International Airport,38.5451731,-89.8351856,38.7486982,-90.3700257,2026-01-12,January 12th - Monday,w_0174,0.3,0.0,0.6,0.1,97,"[8877, 8876, 8868, 8869, 8870, 8867, 9758, 9759, 9761, 9774, 9773, 9775, 9772, 9764, 9765, 9762, 9768, 9951, 9950, 9949, 9948, 9965, 9963, 9962, 9930, 9931, 9928, 9929, 9839, 9837, 9833, 9821, 7905, 9824, 9826, 9825, 9844, 9847, 9849, 9846, 1959, 1958, 1937, 1947, 1969, 1973, 1988, 2002, 2004, 2231, 2006, 2191, 2197, 2196, 2408, 2420, 2422, 2419, 2423, 2205, 2206, 2449, 2345, 2370, 2373, 2398, 2394, 2397, 2712, 2716, 2739, 2746, 2769, 2747, 2681, 2682, 2685, 3986, 2706, 4015, 4017, 4022, 4029, 4034, 4060, 4064, 5048, 5052, 5076, 5082, 5299, 5304, 5319, 5321, 5357, 5358, 5364]",0.050941199995577335,success,,74.91751022622431,82.4515648629147,48.79163864969249,21.03742155091345,61.600000000000016,43.51792238942248
stl_midamerica_to_st_louis_lambert_2026-01-12_0175,midamerica_to_st_louis_lambert,MidAmerica to St. Louis Lambert,MidAmerica St. Louis Airport,St. Louis Lambert International Airport,38.5451731,-89.8351856,38.7486982,-90.3700257,2026-01-12,January 12th - Monday,w_0175,0.3,0.0,0.7,0.0,99,"[8877, 8861, 8741, 8740, 8862, 8739, 7712, 7713, 7714, 9731, 9742, 9743, 9730, 9733, 9721, 9732, 9720, 9915, 7793, 7795, 7796, 7804, 7803, 7805, 7813, 7814, 7811, 7812, 9817, 9816, 9819, 9818, 7904, 7901, 9823, 9822, 9844, 9847, 9849, 9846, 1959, 1958, 1937, 1947, 1969, 1973, 1988, 2002, 2004, 2231, 2006, 2191, 2197, 2196, 2408, 2420, 2422, 2419, 2423, 2205, 2206, 2449, 2345, 2370, 2373, 2398, 2394, 2397, 2712, 2716, 2739, 2746, 2769, 2747, 2681, 2682, 2685, 3986, 2706, 2705, 2707, 4004, 4027, 4032, 4056, 5030, 5033, 5049, 5054, 5071, 5295, 5299, 5304, 5315, 5317, 5321, 5357, 5358, 5364]",0.04977060001692735,success,,75.13110358012483,82.68663816180356,51.29028260179856,20.8132355379498,64.60000000000002,39.37525632510593
stl_midamerica_to_st_louis_lambert_2026-01-12_0176,midamerica_to_st_louis_lambert,MidAmerica to St. Louis Lambert,MidAmerica St. Louis Airport,St. Louis Lambert International Airport,38.5451731,-89.8351856,38.7486982,-90.3700257,2026-01-12,January 12th - Monday,w_0176,0.3,0.1,0.0,0.6,96,"[8877, 8879, 8896, 8900, 8924, 8930, 10012, 10015, 10019, 10053, 10057, 10054, 10061, 10051, 10049, 10072, 10079, 10284, 10288, 10286, 10289, 10294, 10281, 10292, 10293, 10304, 10303, 10302, 10315, 10316, 10312, 10181, 10203, 10200, 10202, 10201, 10189, 10190, 10188, 10191, 2276, 2518, 2277, 2509, 2287, 2508, 2286, 2298, 2300, 2301, 2307, 2495, 2820, 2823, 2827, 2849, 2848, 2850, 2837, 2861, 2866, 2889, 3896, 3898, 3901, 3902, 3914, 3948, 3947, 3952, 3940, 3942, 3943, 3941, 4043, 4042, 4041, 4040, 4051, 4054, 4186, 4080, 4205, 4207, 4212, 5309, 5313, 5335, 5337, 5320, 5322, 5323, 5346, 5357, 5358, 5364]",0.056676800013519824,success,,72.44740305679663,79.7330521829895,25.108482864018423,56.62778097560867,47.00000000000003,54.63076394129871
stl_midamerica_to_st_louis_lambert_2026-01-12_0177,midamerica_to_st_louis_lambert,MidAmerica to St. Louis Lambert,MidAmerica St. Louis Airport,St. Louis Lambert International Airport,38.5451731,-89.8351856,38.7486982,-90.3700257,2026-01-12,January 12th - Monday,w_0177,0.3,0.1,0.1,0.5,97,"[8877, 8879, 8896, 8900, 8924, 8930, 10012, 10015, 10018, 10062, 10055, 10058, 10094, 10096, 10103, 10104, 10110, 10109, 10516, 10515, 10514, 10517, 10522, 10299, 10300, 10301, 10311, 10532, 10533, 10349, 10347, 10348, 10346, 10359, 10358, 10356, 10357, 10336, 10335, 10337, 10330, 2548, 2527, 2525, 2526, 2538, 2540, 2516, 2530, 2534, 2559, 2561, 2840, 2842, 2843, 2845, 2878, 2879, 2884, 2883, 2893, 4095, 4096, 3932, 3933, 3958, 3957, 3965, 3954, 3953, 3966, 3944, 3977, 3976, 3941, 4043, 4042, 4041, 4040, 4046, 4048, 4049, 4061, 4075, 4082, 4084, 5080, 5305, 5307, 5314, 5320, 5322, 5323, 5346, 5357, 5358, 5364]",0.05839180000475608,success,,73.89522690774227,81.32647596063302,22.65933434251672,35.13509501214121,47.60000000000003,53.977385723655715
stl_midamerica_to_st_louis_lambert_2026-01-12_0178,midamerica_to_st_louis_lambert,MidAmerica to St. Louis Lambert,MidAmerica St. Louis Airport,St. Louis Lambert International Airport,38.5451731,-89.8351856,38.7486982,-90.3700257,2026-01-12,January 12th - Monday,w_0178,0.3,0.1,0.2,0.4,96,"[8877, 8879, 8896, 8900, 8924, 8930, 10012, 10015, 10019, 10053, 10057, 10054, 10061, 10051, 10049, 10048, 10050, 10254, 10256, 10255, 10261, 10280, 10281, 10292, 10293, 10304, 10305, 10306, 10319, 10321, 10320, 10318, 10355, 10358, 10356, 10357, 10336, 10335, 10337, 10330, 2548, 2527, 2525, 2526, 2538, 2540, 2516, 2530, 2534, 2559, 2561, 2840, 2842, 2843, 2845, 2878, 2879, 2884, 2883, 2893, 4095, 4096, 3932, 3933, 3958, 3962, 3974, 3973, 3972, 3971, 3982, 4295, 4299, 4301, 4202, 4215, 4220, 4223, 4255, 4233, 4234, 4242, 4265, 4244, 4243, 5336, 5338, 5341, 5339, 5345, 5324, 5347, 5346, 5357, 5358, 5364]",0.05482580000534654,success,,72.98884194204489,80.3289406906501,27.068904175160895,29.39839492521838,48.800000000000026,52.205251609754804
stl_midamerica_to_st_louis_lambert_2026-01-12_0179,midamerica_to_st_louis_lambert,MidAmerica to St. Louis Lambert,MidAmerica St. Louis Airport,St. Louis Lambert International Airport,38.5451731,-89.8351856,38.7486982,-90.3700257,2026-01-12,January 12th - Monday,w_0179,0.3,0.1,0.3,0.3,96,"[8877, 8879, 8896, 8900, 8924, 8930, 10012, 10015, 10019, 10053, 10057, 10054, 10061, 10051, 10049, 10048, 10050, 10254, 10256, 10255, 10261, 10280, 10281, 10292, 10293, 10304, 10305, 10306, 10319, 10321, 10320, 10318, 10355, 10358, 10356, 10357, 10336, 10335, 10337, 10330, 2548, 2527, 2525, 2526, 2538, 2540, 2539, 2530, 2534, 2559, 2561, 2840, 2842, 2843, 2845, 2878, 2879, 2884, 2883, 2893, 4095, 4096, 3932, 3933, 3958, 3962, 3974, 3973, 3972, 3971, 3982, 4295, 4299, 4301, 4202, 4215, 4220, 4223, 4255, 4233, 4234, 4242, 4265, 4244, 4243, 5336, 5338, 5341, 5339, 5320, 5322, 5323, 5346, 5357, 5358, 5364]",0.054614299995591864,success,,72.98963343468321,80.32981177948378,27.068904175160895,28.588562684256004,49.40000000000003,50.20240275663803
stl_midamerica_to_st_louis_lambert_2026-01-12_0180,midamerica_to_st_louis_lambert,MidAmerica to St. Louis Lambert,MidAmerica St. Louis Airport,St. Louis Lambert International Airport,38.5451731,-89.8351856,38.7486982,-90.3700257,2026-01-12,January 12th - Monday,w_0180,0.3,0.1,0.4,0.2,96,"[8877, 8879, 8896, 8900, 8924, 8930, 10012, 10015, 10019, 10053, 10057, 10054, 10061, 10051, 10049, 10048, 10050, 10254, 10256, 10255, 10261, 10280, 10281, 10292, 10293, 10304, 10305, 10306, 10319, 10321, 10320, 10318, 10355, 10358, 10356, 10357, 10336, 10335, 10337, 10330, 2551, 2550, 2552, 2549, 2544, 2578, 2582, 2590, 2595, 10723, 10724, 2903, 2906, 4109, 4112, 4145, 4150, 4152, 4158, 4183, 4405, 4184, 4407, 4338, 4340, 4343, 4357, 4356, 4334, 4332, 4324, 4323, 4318, 4320, 4219, 4221, 4220, 4223, 4255, 4233, 4234, 4242, 4265, 4244, 4243, 5336, 5338, 5341, 5339, 5320, 5322, 5323, 5346, 5357, 5358, 5364]",0.052365000010468066,success,,74.06439446966827,81.51265580247144,28.651083532559525,26.659107872995303,50.40000000000003,48.062548243195515
stl_midamerica_to_st_louis_lambert_2026-01-12_0181,midamerica_to_st_louis_lambert,MidAmerica to St. Louis Lambert,MidAmerica St. Louis Airport,St. Louis Lambert International Airport,38.5451731,-89.8351856,38.7486982,-90.3700257,2026-01-12,January 12th - Monday,w_0181,0.3,0.1,0.5,0.1,105,"[8877, 8881, 8905, 8906, 8925, 8928, 8931, 9149, 10017, 10021, 10063, 10068, 10070, 10095, 10099, 10423, 10425, 10427, 10452, 10462, 10466, 10470, 10484, 10486, 10593, 10598, 10601, 10926, 10928, 10953, 10963, 10968, 10966, 10970, 10980, 11003, 11010, 11332, 11148, 11151, 11183, 11178, 11181, 11196, 11199, 11423, 11425, 11430, 11465, 11554, 11557, 11521, 11552, 11545, 11582, 11584, 11588, 11594, 11596, 11595, 4787, 4764, 4789, 4792, 4773, 4805, 4772, 4774, 4815, 4782, 4783, 4818, 5911, 5914, 5937, 5939, 5956, 5959, 5961, 5979, 5980, 6205, 6206, 6064, 6888, 6060, 6059, 6065, 6050, 6046, 6023, 6003, 5998, 5999, 5663, 5659, 5656, 5632, 5622, 5621, 5615, 5380, 5588, 5362, 5364]",0.0506664999993518,success,,85.51442177231569,94.11415131367585,21.627014975789727,18.31853991944306,52.40000000000004,44.79621685140326
stl_midamerica_to_st_louis_lambert_2026-01-12_0182,midamerica_to_st_louis_lambert,MidAmerica to St. Louis Lambert,MidAmerica St. Louis Airport,St. Louis Lambert International Airport,38.5451731,-89.8351856,38.7486982,-90.3700257,2026-01-12,January 12th - Monday,w_0182,0.3,0.1,0.6,0.0,117,"[8877, 8881, 8905, 8906, 8933, 8937, 8938, 9153, 9157, 9174, 9181, 9182, 9208, 9233, 9236, 9241, 9449, 9454, 9478, 9479, 9483, 10478, 10480, 10503, 10508, 10823, 10835, 10839, 10840, 10873, 10877, 10878, 10893, 10897, 10901, 11225, 11343, 11346, 11351, 11374, 11373, 11376, 11388, 11389, 11614, 11617, 11652, 11653, 11658, 11659, 11492, 11494, 11500, 11498, 11505, 11507, 11509, 12654, 12653, 12665, 12666, 6099, 6102, 6104, 6138, 6131, 6129, 6128, 6130, 6149, 6146, 6148, 4851, 4854, 4853, 4852, 4833, 4834, 4855, 4832, 4844, 4842, 4843, 4839, 5936, 5914, 5937, 5939, 5956, 5959, 5961, 5979, 5980, 6205, 6206, 6064, 6888, 6060, 6059, 6065, 6050, 6046, 6023, 6003, 5998, 5999, 5663, 5659, 5656, 5632, 5622, 5621, 5615, 5380, 5588, 5362, 5364]",0.05165149999083951,success,,91.63838954721238,100.85397388233277,23.235925348597895,14.474534586397532,54.80000000000005,41.264505451398136
stl_midamerica_to_st_louis_lambert_2026-01-12_0183,midamerica_to_st_louis_lambert,MidAmerica to St. Louis Lambert,MidAmerica St. Louis Airport,St. Louis Lambert International Airport,38.5451731,-89.8351856,38.7486982,-90.3700257,2026-01-12,January 12th - Monday,w_0183,0.3,0.2,0.0,0.5,97,"[8877, 8881, 8904, 8922, 8923, 8927, 9145, 10016, 10018, 10062, 10055, 10058, 10094, 10096, 10103, 10104, 10110, 10109, 10291, 10512, 10290, 10513, 10298, 10295, 10296, 10297, 10307, 10305, 10306, 10319, 10321, 10320, 10318, 10211, 10210, 10208, 10209, 10326, 10328, 10329, 10327, 2522, 2524, 2523, 2514, 2517, 2515, 2516, 2530, 2534, 2532, 2558, 2840, 2839, 2838, 2827, 2849, 2848, 2850, 2837, 2861, 2866, 2889, 3896, 3898, 3901, 3902, 3914, 3948, 3947, 3952, 3940, 3942, 3943, 3941, 4043, 4042, 4041, 4040, 4051, 4054, 4186, 4080, 4205, 4207, 4212, 5309, 5313, 5335, 5337, 5320, 5322, 5323, 5346, 5357, 5358, 5364]",0.05435109999962151,success,,72.29260468015718,79.56268655880336,22.4028729657628,50.7558176934141,47.60000000000003,52.14938056079359
stl_midamerica_to_st_louis_lambert_2026-01-12_0184,midamerica_to_st_louis_lambert,MidAmerica to St. Louis Lambert,MidAmerica St. Louis Airport,St. Louis Lambert International Airport,38.5451731,-89.8351856,38.7486982,-90.3700257,2026-01-12,January 12th - Monday,w_0184,0.3,0.2,0.1,0.4,97,"[8877, 8879, 8896, 8900, 8924, 8930, 10012, 10015, 10018, 10062, 10055, 10058, 10094, 10096, 10103, 10104, 10110, 10109, 10516, 10515, 10514, 10517, 10522, 10299, 10300, 10301, 10311, 10532, 10533, 10349, 10347, 10348, 10346, 10359, 10358, 10356, 10357, 10336, 10335, 10337, 10330, 2548, 2527, 2525, 2526, 2538, 2540, 2516, 2530, 2534, 2559, 2561, 2840, 2842, 2843, 2845, 2878, 2879, 2884, 2883, 2893, 4095, 4096, 3932, 3933, 3958, 3962, 3974, 3973, 3972, 3971, 3982, 4295, 4299, 4301, 4202, 4215, 4220, 4223, 4255, 4233, 4234, 4242, 4265, 4244, 4243, 5336, 5338, 5341, 5339, 5345, 5324, 5347, 5346, 5357, 5358, 5364]",0.05450830000336282,success,,73.36612246444764,80.7441623040015,22.581349513335546,31.12205765807966,48.800000000000026,51.37172435967554
stl_midamerica_to_st_louis_lambert_2026-01-12_0185,midamerica_to_st_louis_lambert,MidAmerica to St. Louis Lambert,MidAmerica St. Louis Airport,St. Louis Lambert International Airport,38.5451731,-89.8351856,38.7486982,-90.3700257,2026-01-12,January 12th - Monday,w_0185,0.3,0.2,0.2,0.3,97,"[8877, 8879, 8896, 8900, 8924, 8930, 10012, 10015, 10018, 10062, 10055, 10058, 10094, 10096, 10103, 10104, 10110, 10109, 10516, 10515, 10514, 10513, 10298, 10295, 10296, 10297, 10309, 10532, 10533, 10349, 10347, 10348, 10346, 10359, 10358, 10356, 10357, 10336, 10335, 10337, 10330, 2548, 2527, 2525, 2526, 2538, 2540, 2539, 2530, 2534, 2559, 2561, 2840, 2842, 2843, 2845, 2878, 2879, 2884, 2883, 2893, 4095, 4096, 3932, 3933, 3958, 3962, 3974, 3973, 3972, 3971, 3982, 4295, 4299, 4301, 4202, 4215, 4220, 4223, 4255, 4233, 4234, 4242, 4265, 4244, 4243, 5336, 5338, 5341, 5339, 5345, 5324, 5347, 5346, 5357, 5358, 5364]",0.05310119999921881,success,,73.36585622684159,80.74386929229865,22.581349513335546,30.128678995424544,49.40000000000003,49.58516648944162
stl_midamerica_to_st_louis_lambert_2026-01-12_0186,midamerica_to_st_louis_lambert,MidAmerica to St. Louis Lambert,MidAmerica St. Louis Airport,St. Louis Lambert International Airport,38.5451731,-89.8351856,38.7486982,-90.3700257,2026-01-12,January 12th - Monday,w_0186,0.3,0.2,0.3,0.2,97,"[8877, 8879, 8896, 8900, 8924, 8930, 10012, 10015, 10018, 10062, 10055, 10058, 10094, 10096, 10103, 10104, 10110, 10109, 10516, 10515, 10514, 10513, 10298, 10295, 10296, 10297, 10309, 10532, 10533, 10349, 10347, 10348, 10346, 10359, 10358, 10356, 10357, 10336, 10335, 10337, 10330, 2548, 2527, 2525, 2526, 2538, 2540, 2539, 2530, 2534, 2559, 2561, 2840, 2842, 2843, 2845, 2878, 2879, 2884, 2883, 2893, 4095, 4096, 3932, 3933, 3958, 3962, 3974, 3973, 3972, 3971, 3982, 4295, 4299, 4301, 4202, 4215, 4220, 4223, 4255, 4233, 4234, 4242, 4265, 4244, 4243, 5336, 5338, 5341, 5339, 5320, 5322, 5323, 5346, 5357, 5358, 5364]",0.053219899971736595,success,,73.89962802991411,81.33131968020041,22.581349513335546,29.395244339072736,49.40000000000003,47.614239108449055
stl_midamerica_to_st_louis_lambert_2026-01-12_0187,midamerica_to_st_louis_lambert,MidAmerica to St. Louis Lambert,MidAmerica St. Louis Airport,St. Louis Lambert International Airport,38.5451731,-89.8351856,38.7486982,-90.3700257,2026-01-12,January 12th - Monday,w_0187,0.3,0.2,0.4,0.1,105,"[8877, 8881, 8905, 8906, 8925, 8928, 8931, 9149, 10017, 10021, 10063, 10068, 10070, 10095, 10099, 10423, 10425, 10427, 10452, 10462, 10466, 10470, 10484, 10486, 10593, 10598, 10601, 10926, 10928, 10953, 10963, 10968, 10966, 10970, 10980, 11003, 11010, 11332, 11148, 11151, 11183, 11178, 11181, 11196, 11199, 11423, 11425, 11430, 11465, 11554, 11557, 11521, 11552, 11545, 11582, 11584, 11588, 11594, 11596, 11595, 4787, 4764, 4789, 4792, 4773, 4805, 4772, 4774, 4815, 4782, 4783, 4818, 5911, 5914, 5937, 5939, 5956, 5959, 5961, 5979, 5980, 6205, 6206, 6064, 6888, 6060, 6059, 6065, 6050, 6046, 6023, 6003, 5998, 5999, 5663, 5659, 5656, 5632, 5622, 5621, 5615, 5380, 5588, 5362, 5364]",0.051314799988176674,success,,85.51442177231569,94.11415131367585,21.627014975789727,18.31853991944306,52.40000000000004,45.12706435703793
stl_midamerica_to_st_louis_lambert_2026-01-12_0188,midamerica_to_st_louis_lambert,MidAmerica to St. Louis Lambert,MidAmerica St. Louis Airport,St. Louis Lambert International Airport,38.5451731,-89.8351856,38.7486982,-90.3700257,2026-01-12,January 12th - Monday,w_0188,0.3,0.2,0.5,0.0,105,"[8877, 8881, 8905, 8906, 8925, 8928, 8931, 9149, 10017, 10021, 10063, 10067, 10071, 10084, 10089, 10091, 10425, 10427, 10452, 10462, 10466, 10470, 10484, 10486, 10593, 10598, 10601, 10926, 10928, 10953, 10963, 10968, 10966, 10970, 10980, 11003, 11010, 11332, 11148, 11151, 11183, 11178, 11181, 11196, 11199, 11423, 11425, 11430, 11465, 11554, 11557, 11521, 11552, 11545, 11582, 11584, 11588, 11594, 11596, 11595, 4787, 4764, 4789, 4792, 4773, 4805, 4772, 4774, 4815, 4782, 4783, 4818, 5911, 5914, 5937, 5939, 5956, 5959, 5961, 5979, 5980, 6205, 6206, 6064, 6888, 6060, 6059, 6065, 6050, 6046, 6023, 6003, 5998, 5999, 5663, 5659, 5656, 5632, 5622, 5621, 5615, 5380, 5588, 5362, 5364]",0.04974069999298081,success,,85.51453941784902,94.11428079019335,21.379627414478666,18.31853991944306,53.40000000000004,41.66947967967526
stl_midamerica_to_st_louis_lambert_2026-01-12_0189,midamerica_to_st_louis_lambert,MidAmerica to St. Louis Lambert,MidAmerica St. Louis Airport,St. Louis Lambert International Airport,38.5451731,-89.8351856,38.7486982,-90.3700257,2026-01-12,January 12th - Monday,w_0189,0.3,0.3,0.0,0.4,97,"[8877, 8881, 8904, 8922, 8923, 8927, 9145, 10016, 10018, 10062, 10055, 10058, 10094, 10096, 10103, 10104, 10110, 10109, 10516, 10515, 10514, 10517, 10522, 10299, 10300, 10301, 10309, 10308, 10310, 10343, 10345, 10344, 10342, 10355, 10210, 10208, 10209, 10326, 10328, 10329, 10327, 2522, 2524, 2523, 2514, 2517, 2515, 2516, 2530, 2534, 2532, 2558, 2840, 2839, 2838, 2841, 2878, 2879, 2884, 2883, 2890, 2891, 2895, 3904, 3925, 3926, 3931, 3951, 3954, 3953, 3966, 3944, 3977, 3976, 3941, 4043, 4066, 4067, 4068, 4185, 4187, 4188, 4080, 4205, 4207, 4212, 5309, 5313, 5335, 5337, 5320, 5322, 5323, 5346, 5357, 5358, 5364]",0.05431400000816211,success,,73.36151770044673,80.73909446343184,20.116843160392186,46.15024827677082,48.00000000000003,49.45678128714722
stl_midamerica_to_st_louis_lambert_2026-01-12_0190,midamerica_to_st_louis_lambert,MidAmerica to St. Louis Lambert,MidAmerica St. Louis Airport,St. Louis Lambert International Airport,38.5451731,-89.8351856,38.7486982,-90.3700257,2026-01-12,January 12th - Monday,w_0190,0.3,0.3,0.1,0.3,97,"[8877, 8881, 8904, 8922, 8923, 8927, 9145, 10016, 10018, 10062, 10055, 10058, 10094, 10096, 10103, 10104, 10110, 10109, 10516, 10515, 10514, 10517, 10522, 10299, 10524, 10529, 10538, 10539, 10537, 10367, 10364, 10365, 10370, 10381, 10380, 10379, 10378, 10391, 10402, 10404, 10408, 2604, 2605, 2606, 2603, 10716, 10717, 10718, 10729, 10730, 10744, 10745, 2907, 4107, 4109, 4112, 4145, 4150, 4149, 4153, 4175, 4133, 4132, 4134, 3964, 4286, 4285, 3974, 3973, 3972, 3971, 3982, 4295, 3983, 4297, 4198, 4199, 4201, 4216, 4229, 4232, 4230, 4242, 4265, 4244, 4243, 5336, 5338, 5341, 5339, 5345, 5324, 5347, 5346, 5357, 5358, 5364]",0.05269899999257177,success,,72.30828212957256,79.5799406057338,18.69733715578537,37.40028504900544,51.20000000000003,48.5832118333563
stl_midamerica_to_st_louis_lambert_2026-01-12_0191,midamerica_to_st_louis_lambert,MidAmerica to St. Louis Lambert,MidAmerica St. Louis Airport,St. Louis Lambert International Airport,38.5451731,-89.8351856,38.7486982,-90.3700257,2026-01-12,January 12th - Monday,w_0191,0.3,0.3,0.2,0.2,97,"[8877, 8879, 8896, 8900, 8924, 8930, 10012, 10015, 10018, 10062, 10055, 10058, 10094, 10096, 10103, 10104, 10110, 10109, 10516, 10515, 10514, 10513, 10298, 10295, 10296, 10297, 10309, 10532, 10533, 10349, 10347, 10348, 10346, 10359, 10358, 10356, 10357, 10336, 10335, 10337, 10330, 2548, 2527, 2525, 2526, 2538, 2540, 2539, 2530, 2534, 2559, 2561, 2840, 2842, 2843, 2845, 2878, 2879, 2884, 2883, 2893, 4095, 4096, 3932, 3933, 3958, 3962, 3974, 3973, 3972, 3971, 3982, 4295, 4299, 4301, 4202, 4215, 4220, 4223, 4255, 4233, 4234, 4242, 4265, 4244, 4243, 5336, 5338, 5341, 5339, 5345, 5324, 5347, 5346, 5357, 5358, 5364]",0.050981299980776384,success,,73.36585622684159,80.74386929229865,22.581349513335546,30.128678995424544,49.40000000000003,46.90330144077518
stl_midamerica_to_st_louis_lambert_2026-01-12_0192,midamerica_to_st_louis_lambert,MidAmerica to St. Louis Lambert,MidAmerica St. Louis Airport,St. Louis Lambert International Airport,38.5451731,-89.8351856,38.7486982,-90.3700257,2026-01-12,January 12th - Monday,w_0192,0.3,0.3,0.3,0.1,97,"[8877, 8879, 8896, 8900, 8924, 8930, 10012, 10015, 10018, 10062, 10055, 10058, 10094, 10096, 10103, 10104, 10110, 10109, 10516, 10515, 10514, 10513, 10298, 10295, 10296, 10297, 10309, 10532, 10533, 10349, 10347, 10348, 10346, 10359, 10358, 10356, 10357, 10336, 10335, 10337, 10330, 2548, 2527, 2525, 2526, 2538, 2540, 2539, 2530, 2534, 2559, 2561, 2840, 2842, 2843, 2845, 2878, 2879, 2884, 2883, 2893, 4095, 4096, 3932, 3933, 3958, 3962, 3974, 3973, 3972, 3971, 3982, 4295, 4299, 4301, 4202, 4215, 4220, 4223, 4255, 4233, 4234, 4242, 4265, 4244, 4243, 5336, 5338, 5341, 5339, 5320, 5322, 5323, 5346, 5357, 5358, 5364]",0.0503908000246156,success,,73.89962802991411,81.33131968020041,22.581349513335546,29.395244339072736,49.40000000000003,44.93237405978261
stl_midamerica_to_st_louis_lambert_2026-01-12_0193,midamerica_to_st_louis_lambert,MidAmerica to St. Louis Lambert,MidAmerica St. Louis Airport,St. Louis Lambert International Airport,38.5451731,-89.8351856,38.7486982,-90.3700257,2026-01-12,January 12th - Monday,w_0193,0.3,0.3,0.4,0.0,106,"[8877, 8881, 8905, 8906, 8925, 8928, 8931, 9149, 10017, 10021, 10063, 10067, 10071, 10084, 10089, 10091, 10425, 10427, 10452, 10462, 10466, 10470, 10484, 10486, 10593, 10598, 10601, 10926, 10928, 10953, 10963, 10968, 10966, 10970, 10980, 11003, 11010, 11332, 11148, 11151, 11183, 11178, 11181, 11196, 11199, 11423, 11425, 11430, 11465, 11554, 11557, 11521, 11552, 11545, 11582, 11584, 11588, 11594, 11596, 11595, 4787, 4764, 4789, 4792, 4773, 4805, 4772, 4774, 4815, 4782, 4783, 4818, 5911, 5914, 5937, 5939, 5956, 5959, 5961, 5979, 5980, 6205, 6206, 6064, 6888, 6887, 6889, 6073, 6067, 6054, 6051, 6047, 6026, 6001, 5999, 5663, 5659, 5656, 5632, 5622, 5621, 5615, 5380, 5588, 5362, 5364]",0.049505800008773804,success,,85.89115524310124,94.52877086134508,20.097565227657398,18.848350655193233,54.00000000000004,41.92724108877804
stl_midamerica_to_st_louis_lambert_2026-01-12_0194,midamerica_to_st_louis_lambert,MidAmerica to St. Louis Lambert,MidAmerica St. Louis Airport,St. Louis Lambert International Airport,38.5451731,-89.8351856,38.7486982,-90.3700257,2026-01-12,January 12th - Monday,w_0194,0.3,0.4,0.0,0.3,98,"[8877, 8881, 8904, 8922, 8923, 8927, 9145, 10016, 10018, 10062, 10055, 10058, 10094, 10096, 10103, 10104, 10110, 10109, 10516, 10515, 10514, 10517, 10522, 10299, 10300, 10301, 10309, 10308, 10533, 10363, 10350, 10351, 10366, 10376, 10374, 10379, 10378, 10391, 10402, 10403, 10390, 2577, 2576, 2598, 2575, 2587, 10714, 10713, 10722, 2597, 10723, 2596, 2876, 2875, 2874, 2873, 2885, 2886, 2884, 2883, 2890, 2891, 2895, 3904, 3925, 3926, 3931, 3951, 3954, 3953, 3966, 3944, 3977, 3976, 3941, 4043, 4042, 4041, 4040, 4046, 4050, 4053, 4076, 4075, 4082, 4084, 5080, 5084, 5310, 5311, 5337, 5320, 5322, 5323, 5346, 5357, 5358, 5364]",0.05133499999647029,success,,73.20858031824217,80.57077698397048,17.18299585912548,45.29212438015302,50.400000000000034,46.16443143884134
stl_midamerica_to_st_louis_lambert_2026-01-12_0195,midamerica_to_st_louis_lambert,MidAmerica to St. Louis Lambert,MidAmerica St. Louis Airport,St. Louis Lambert International Airport,38.5451731,-89.8351856,38.7486982,-90.3700257,2026-01-12,January 12th - Monday,w_0195,0.3,0.4,0.1,0.2,97,"[8877, 8881, 8904, 8922, 8923, 8927, 9145, 10016, 10018, 10062, 10055, 10058, 10094, 10096, 10103, 10104, 10110, 10109, 10516, 10515, 10514, 10517, 10522, 10299, 10524, 10529, 10538, 10539, 10537, 10367, 10364, 10365, 10370, 10381, 10380, 10379, 10378, 10391, 10402, 10404, 10408, 2604, 2605, 2606, 2603, 10716, 10717, 10718, 10729, 10730, 10744, 10745, 2907, 4107, 4109, 4112, 4145, 4150, 4149, 4153, 4175, 4133, 4132, 4134, 3964, 4286, 4285, 3974, 3973, 3972, 3971, 3982, 4295, 3983, 4297, 4198, 4199, 4201, 4216, 4229, 4232, 4230, 4242, 4265, 4244, 4243, 5336, 5338, 5341, 5339, 5345, 5324, 5347, 5346, 5357, 5358, 5364]",0.05078680001315661,success,,72.30828212957256,79.5799406057338,18.69733715578537,37.40028504900544,51.20000000000003,45.33294554893484
stl_midamerica_to_st_louis_lambert_2026-01-12_0196,midamerica_to_st_louis_lambert,MidAmerica to St. Louis Lambert,MidAmerica St. Louis Airport,St. Louis Lambert International Airport,38.5451731,-89.8351856,38.7486982,-90.3700257,2026-01-12,January 12th - Monday,w_0196,0.3,0.4,0.2,0.1,100,"[8877, 8881, 8905, 8906, 8925, 8928, 8931, 9149, 10017, 10021, 10063, 10068, 10070, 10095, 10099, 10422, 10101, 10106, 10104, 10110, 10109, 10516, 10515, 10514, 10517, 10522, 10299, 10524, 10529, 10538, 10539, 10537, 10367, 10364, 10365, 10370, 10381, 10380, 10379, 10378, 10391, 10402, 10404, 10408, 2604, 2605, 2606, 2603, 10716, 10717, 10718, 10729, 10730, 10744, 10746, 4111, 4137, 4138, 4139, 4148, 4150, 4149, 4153, 4178, 4177, 4176, 4179, 4288, 4286, 4285, 3974, 3973, 3972, 3971, 3982, 4295, 4299, 4301, 4202, 4215, 4220, 4223, 4255, 4233, 4234, 4242, 4265, 4244, 4243, 5336, 5338, 5341, 5339, 5345, 5324, 5347, 5346, 5357, 5358, 5364]",0.04947870000614785,success,,73.96772514261593,81.40626495651777,18.41630047586951,33.676216512098016,52.20000000000003,43.74364297972274
stl_midamerica_to_st_louis_lambert_2026-01-12_0197,midamerica_to_st_louis_lambert,MidAmerica to St. Louis Lambert,MidAmerica St. Louis Airport,St. Louis Lambert International Airport,38.5451731,-89.8351856,38.7486982,-90.3700257,2026-01-12,January 12th - Monday,w_0197,0.3,0.4,0.3,0.0,100,"[8877, 8881, 8905, 8906, 8925, 8928, 8931, 9149, 10017, 10021, 10063, 10067, 10069, 10083, 10099, 10422, 10101, 10106, 10104, 10110, 10109, 10516, 10515, 10514, 10513, 10298, 10299, 10524, 10529, 10538, 10539, 10537, 10367, 10364, 10365, 10370, 10381, 10380, 10379, 10378, 10391, 10402, 10404, 10408, 2604, 2605, 2606, 2603, 10716, 10717, 10718, 10729, 10730, 10744, 10746, 4111, 4137, 4138, 4139, 4148, 4150, 4149, 4153, 4178, 4177, 4176, 4179, 4288, 4286, 4285, 3974, 3973, 3972, 3971, 3982, 4295, 4299, 4301, 4202, 4215, 4220, 4223, 4255, 4233, 4234, 4242, 4265, 4244, 4243, 5336, 5338, 5341, 5339, 5320, 5322, 5323, 5346, 5357, 5358, 5364]",0.04961620000540279,success,,75.03440515785861,82.58021529468544,18.33383795543249,32.210537697581245,53.20000000000003,41.770761079853
stl_midamerica_to_st_louis_lambert_2026-01-12_0198,midamerica_to_st_louis_lambert,MidAmerica to St. Louis Lambert,MidAmerica St. Louis Airport,St. Louis Lambert International Airport,38.5451731,-89.8351856,38.7486982,-90.3700257,2026-01-12,January 12th - Monday,w_0198,0.3,0.5,0.0,0.2,101,"[8877, 8881, 8905, 8906, 8933, 8929, 9143, 9146, 9173, 10020, 10063, 10068, 10070, 10095, 10099, 10422, 10101, 10106, 10104, 10110, 10109, 10516, 10515, 10514, 10517, 10522, 10299, 10300, 10301, 10309, 10308, 10533, 10363, 10350, 10351, 10366, 10376, 10374, 10379, 10614, 10407, 10410, 10411, 10408, 2604, 2605, 2606, 2603, 10715, 10714, 10713, 10722, 2597, 10723, 2596, 2876, 2875, 2874, 2873, 2885, 2886, 2884, 2883, 2890, 2891, 2895, 3904, 3925, 3926, 3931, 3951, 3954, 3953, 3966, 3944, 3977, 3976, 3941, 4043, 4066, 4067, 4068, 4185, 4187, 4188, 4076, 4075, 4082, 4084, 5080, 5084, 5310, 5311, 5337, 5320, 5322, 5323, 5346, 5357, 5358, 5364]",0.04871050000656396,success,,74.86810400551238,82.39719012195816,14.919728223108889,45.432997513902926,52.400000000000034,42.6590211481419
stl_midamerica_to_st_louis_lambert_2026-01-12_0199,midamerica_to_st_louis_lambert,MidAmerica to St. Louis Lambert,MidAmerica St. Louis Airport,St. Louis Lambert International Airport,38.5451731,-89.8351856,38.7486982,-90.3700257,2026-01-12,January 12th - Monday,w_0199,0.3,0.5,0.1,0.1,101,"[8877, 8881, 8905, 8906, 8933, 8929, 9143, 9146, 9173, 10020, 10063, 10068, 10070, 10095, 10099, 10422, 10101, 10106, 10104, 10110, 10109, 10516, 10515, 10514, 10517, 10522, 10299, 10524, 10529, 10538, 10539, 10537, 10367, 10364, 10365, 10366, 10376, 10374, 10379, 10378, 10391, 10402, 10404, 10408, 2604, 2605, 2606, 2603, 10715, 10714, 10713, 10722, 2597, 10723, 2596, 2876, 2875, 2874, 2873, 2885, 2886, 2884, 2883, 2893, 4095, 4096, 3932, 3933, 3958, 3957, 3965, 3954, 3953, 3966, 3944, 3977, 3976, 3941, 4043, 4066, 4067, 4068, 4185, 4187, 4188, 4076, 4075, 4082, 4084, 5080, 5084, 5310, 5311, 5337, 5320, 5322, 5323, 5346, 5357, 5358, 5364]",0.048746899992693216,success,,74.86903678572061,82.39821670689952,15.031651751067626,43.30209584551266,52.400000000000034,41.80550047215494
stl_midamerica_to_st_louis_lambert_2026-01-12_0200,midamerica_to_st_louis_lambert,MidAmerica to St. Louis Lambert,MidAmerica St. Louis Airport,St. Louis Lambert International Airport,38.5451731,-89.8351856,38.7486982,-90.3700257,2026-01-12,January 12th - Monday,w_0200,0.3,0.5,0.2,0.0,100,"[8877, 8881, 8905, 8906, 8925, 8928, 8931, 9149, 10017, 10021, 10063, 10067, 10069, 10083, 10099, 10422, 10101, 10106, 10104, 10110, 10109, 10516, 10515, 10514, 10517, 10522, 10299, 10524, 10529, 10538, 10539, 10537, 10367, 10364, 10365, 10370, 10381, 10380, 10379, 10378, 10391, 10402, 10404, 10408, 2604, 2605, 2606, 2603, 10716, 10717, 10718, 10729, 10730, 10744, 10745, 2907, 4107, 4109, 4112, 4145, 4150, 4149, 4153, 4175, 4177, 4176, 4179, 4288, 4286, 4285, 3974, 3973, 3972, 3971, 3982, 4295, 4299, 4301, 4202, 4215, 4220, 4223, 4255, 4233, 4234, 4242, 4265, 4244, 4243, 5336, 5338, 5341, 5339, 5345, 5324, 5347, 5346, 5357, 5358, 5364]",0.048684900015359744,success,,73.9672970571814,81.40579382081309,18.16229578172486,34.05594003895842,53.20000000000003,40.31407404489804
stl_midamerica_to_st_louis_lambert_2026-01-12_0201,midamerica_to_st_louis_lambert,MidAmerica to St. Louis Lambert,MidAmerica St. Louis Airport,St. Louis Lambert International Airport,38.5451731,-89.8351856,38.7486982,-90.3700257,2026-01-12,January 12th - Monday,w_0201,0.3,0.6,0.0,0.1,101,"[8877, 8881, 8905, 8906, 8933, 8929, 9143, 9146, 9173, 10020, 10063, 10068, 10070, 10095, 10099, 10422, 10101, 10106, 10104, 10110, 10109, 10516, 10515, 10514, 10517, 10522, 10299, 10300, 10301, 10309, 10308, 10533, 10363, 10350, 10351, 10366, 10376, 10374, 10379, 10614, 10407, 10410, 10411, 10408, 2604, 2605, 2606, 2603, 10715, 10714, 10713, 10722, 2597, 10723, 2596, 2876, 2875, 2874, 2873, 2885, 2886, 2884, 2883, 2890, 2891, 2895, 3904, 3925, 3926, 3931, 3951, 3954, 3953, 3966, 3944, 3977, 3976, 3941, 4043, 4066, 4067, 4068, 4185, 4187, 4188, 4076, 4075, 4082, 4084, 5080, 5084, 5310, 5311, 5337, 5320, 5322, 5323, 5346, 5357, 5358, 5364]",0.04725239999243058,success,,74.86810400551238,82.39719012195816,14.919728223108889,45.432997513902926,52.400000000000034,38.910993970452786
stl_midamerica_to_st_louis_lambert_2026-01-12_0202,midamerica_to_st_louis_lambert,MidAmerica to St. Louis Lambert,MidAmerica St. Louis Airport,St. Louis Lambert International Airport,38.5451731,-89.8351856,38.7486982,-90.3700257,2026-01-12,January 12th - Monday,w_0202,0.3,0.6,0.1,0.0,101,"[8877, 8881, 8905, 8906, 8933, 8929, 9143, 9146, 9173, 10020, 10063, 10067, 10069, 10083, 10099, 10422, 10101, 10106, 10104, 10110, 10109, 10516, 10515, 10514, 10517, 10522, 10299, 10524, 10529, 10538, 10539, 10537, 10367, 10364, 10365, 10366, 10376, 10374, 10379, 10614, 10407, 10405, 10404, 10408, 2604, 2605, 2606, 2603, 10716, 10717, 10718, 10729, 10730, 10744, 10745, 2907, 4107, 4109, 4112, 4145, 4150, 4149, 4153, 4175, 4133, 4132, 4134, 3964, 4286, 4285, 3974, 3973, 3972, 3971, 3981, 3978, 3976, 3941, 4043, 4066, 4067, 4068, 4185, 4187, 4188, 4076, 4075, 4082, 4084, 5080, 5084, 5310, 5311, 5337, 5320, 5322, 5323, 5346, 5357, 5358, 5364]",0.046330599987413734,success,,75.94005647169048,83.57694313334568,14.744411340003468,40.876573571749795,53.400000000000034,38.00738710118077
stl_midamerica_to_st_louis_lambert_2026-01-12_0203,midamerica_to_st_louis_lambert,MidAmerica to St. Louis Lambert,MidAmerica St. Louis Airport,St. Louis Lambert International Airport,38.5451731,-89.8351856,38.7486982,-90.3700257,2026-01-12,January 12th - Monday,w_0203,0.3,0.7,0.0,0.0,101,"[8877, 8881, 8905, 8906, 8933, 8929, 9143, 9146, 9173, 10020, 10063, 10067, 10069, 10083, 10099, 10422, 10101, 10106, 10104, 10110, 10109, 10516, 10515, 10514, 10517, 10522, 10299, 10300, 10301, 10309, 10308, 10533, 10363, 10350, 10351, 10366, 10376, 10374, 10379, 10614, 10407, 10410, 10411, 10408, 2604, 2605, 2606, 2603, 10715, 10714, 10713, 10722, 2597, 10723, 2596, 2876, 2875, 2874, 2873, 2885, 2886, 2884, 2883, 2890, 2891, 2895, 3904, 3925, 3926, 3931, 3951, 3954, 3953, 3966, 3944, 3977, 3976, 3941, 4043, 4066, 4067, 4068, 4185, 4187, 4188, 4076, 4075, 4082, 4084, 5080, 5084, 5310, 5311, 5337, 5320, 5322, 5323, 5346, 5357, 5358, 5364]",0.042408799985423684,success,,74.86814321158518,82.39723327077671,14.83726570267187,45.432997513902926,53.400000000000034,35.10525597310332
stl_midamerica_to_st_louis_lambert_2026-01-12_0204,midamerica_to_st_louis_lambert,MidAmerica to St. Louis Lambert,MidAmerica St. Louis Airport,St. Louis Lambert International Airport,38.5451731,-89.8351856,38.7486982,-90.3700257,2026-01-12,January 12th - Monday,w_0204,0.4,0.0,0.0,0.6,96,"[8877, 8876, 8892, 8897, 8899, 8926, 9788, 10013, 10014, 10036, 10052, 10054, 10061, 10051, 10049, 10048, 10050, 10253, 10252, 10241, 10240, 10248, 10246, 10247, 10245, 10231, 10230, 10262, 10150, 10148, 10149, 10151, 10161, 10159, 10158, 10160, 10166, 10168, 10167, 10169, 2247, 2269, 2268, 2257, 2256, 2254, 2279, 2293, 2296, 2301, 2303, 2491, 2492, 2818, 2496, 2507, 2506, 2828, 2505, 2809, 2811, 2810, 2728, 2730, 2731, 2729, 2715, 2717, 2714, 2716, 2738, 2741, 2745, 2747, 2684, 2687, 3987, 3990, 4016, 4017, 4022, 4029, 4034, 4060, 4064, 5048, 5052, 5076, 5082, 5299, 5304, 5319, 5321, 5357, 5358, 5364]",0.05516180000267923,success,,71.90057520712594,79.13123277148179,53.29567736851651,39.307370558879065,46.20000000000003,59.372493108592735
stl_midamerica_to_st_louis_lambert_2026-01-12_0205,midamerica_to_st_louis_lambert,MidAmerica to St. Louis Lambert,MidAmerica St. Louis Airport,St. Louis Lambert International Airport,38.5451731,-89.8351856,38.7486982,-90.3700257,2026-01-12,January 12th - Monday,w_0205,0.4,0.0,0.1,0.5,96,"[8877, 8879, 8896, 8900, 8924, 8930, 9788, 10013, 10014, 10036, 10052, 10054, 10061, 10051, 10049, 10048, 10050, 10253, 10252, 10241, 10240, 10248, 10246, 10247, 10251, 10263, 10265, 10264, 10178, 10179, 10177, 10176, 10199, 10198, 10196, 10197, 10185, 10187, 10186, 10184, 2273, 2275, 2274, 2285, 2283, 2284, 2282, 2293, 2296, 2301, 2303, 2491, 2492, 2818, 2496, 2507, 2506, 2828, 2505, 2809, 2811, 2810, 2728, 2730, 2731, 2732, 2755, 2757, 2782, 2780, 2775, 2802, 2805, 3917, 4011, 4010, 4009, 4008, 4019, 4017, 4022, 4029, 4034, 4060, 4064, 5048, 5052, 5076, 5082, 5299, 5304, 5319, 5321, 5357, 5358, 5364]",0.05337760000838898,success,,71.90426353299135,79.13529201261795,47.43914947171872,34.80234292300875,46.20000000000003,58.234351097348075
stl_midamerica_to_st_louis_lambert_2026-01-12_0206,midamerica_to_st_louis_lambert,MidAmerica to St. Louis Lambert,MidAmerica St. Louis Airport,St. Louis Lambert International Airport,38.5451731,-89.8351856,38.7486982,-90.3700257,2026-01-12,January 12th - Monday,w_0206,0.4,0.0,0.2,0.4,96,"[8877, 8879, 8896, 8900, 8924, 8930, 9788, 10013, 10014, 10036, 10052, 10054, 10061, 10051, 10049, 10048, 10050, 10253, 10252, 10241, 10240, 10249, 10275, 10277, 10293, 10304, 10305, 10306, 10319, 10321, 10320, 10318, 10355, 10358, 10356, 10357, 10336, 10335, 10337, 10330, 2548, 2527, 2525, 2526, 2538, 2540, 2539, 2530, 2534, 2559, 2561, 2840, 2842, 2843, 2845, 2878, 2879, 2884, 2883, 2890, 2891, 2892, 3896, 2796, 2797, 3895, 3890, 3891, 3892, 3889, 2803, 2806, 3915, 3917, 4011, 4010, 4009, 4008, 4019, 4017, 4022, 4029, 4034, 4060, 4064, 5048, 5052, 5076, 5082, 5299, 5304, 5319, 5321, 5357, 5358, 5364]",0.052196000004187226,success,,72.44603143919376,79.7315426291161,42.52885387693327,29.48243439698667,47.400000000000034,56.74910393104379
stl_midamerica_to_st_louis_lambert_2026-01-12_0207,midamerica_to_st_louis_lambert,MidAmerica to St. Louis Lambert,MidAmerica St. Louis Airport,St. Louis Lambert International Airport,38.5451731,-89.8351856,38.7486982,-90.3700257,2026-01-12,January 12th - Monday,w_0207,0.4,0.0,0.3,0.3,96,"[8877, 8879, 8896, 8900, 8924, 8930, 9788, 10013, 10014, 10036, 10052, 10054, 10061, 10051, 10049, 10048, 10050, 10253, 10252, 10241, 10240, 10249, 10275, 10277, 10293, 10304, 10305, 10306, 10319, 10321, 10320, 10318, 10355, 10358, 10356, 10357, 10336, 10335, 10337, 10330, 2548, 2527, 2525, 2526, 2538, 2540, 2539, 2530, 2534, 2559, 2561, 2840, 2842, 2843, 2845, 2878, 2879, 2884, 2883, 2890, 2891, 2892, 3896, 2796, 2797, 3895, 3890, 3891, 3892, 3889, 2803, 2806, 3915, 3917, 4011, 4010, 4009, 4008, 4019, 4017, 4022, 4029, 4034, 4060, 4064, 5048, 5052, 5076, 5082, 5299, 5304, 5319, 5321, 5357, 5358, 5364]",0.05058080001617782,success,,72.44603143919376,79.7315426291161,42.52885387693327,29.48243439698667,47.400000000000034,54.957347370742454
stl_midamerica_to_st_louis_lambert_2026-01-12_0208,midamerica_to_st_louis_lambert,MidAmerica to St. Louis Lambert,MidAmerica St. Louis Airport,St. Louis Lambert International Airport,38.5451731,-89.8351856,38.7486982,-90.3700257,2026-01-12,January 12th - Monday,w_0208,0.4,0.0,0.4,0.2,96,"[8877, 8879, 8896, 8900, 8924, 8930, 9788, 10013, 10014, 10036, 10052, 10054, 10061, 10051, 10049, 10048, 10050, 10253, 10252, 10241, 10240, 10249, 10275, 10277, 10293, 10304, 10305, 10306, 10319, 10321, 10320, 10318, 10355, 10358, 10356, 10357, 10336, 10335, 10337, 10334, 2551, 2550, 2552, 2549, 2544, 2578, 2582, 2565, 2589, 2592, 2596, 2899, 2902, 2904, 2905, 4116, 4122, 4123, 4121, 4102, 4103, 4127, 4129, 3961, 4286, 4285, 3974, 3973, 3972, 3971, 3982, 4295, 4299, 4301, 4202, 4203, 4204, 4216, 4226, 4191, 4188, 4080, 4075, 4077, 4078, 5048, 5052, 5076, 5082, 5299, 5304, 5319, 5321, 5357, 5358, 5364]",0.05063089999021031,success,,73.52378538745437,80.91768054671292,37.370437671789574,26.067493728592368,50.00000000000003,52.79406971012212
stl_midamerica_to_st_louis_lambert_2026-01-12_0209,midamerica_to_st_louis_lambert,MidAmerica to St. Louis Lambert,MidAmerica St. Louis Airport,St. Louis Lambert International Airport,38.5451731,-89.8351856,38.7486982,-90.3700257,2026-01-12,January 12th - Monday,w_0209,0.4,0.0,0.5,0.1,97,"[8877, 8861, 8864, 8865, 8866, 8863, 7715, 7716, 9752, 9731, 9742, 9743, 9730, 9733, 9721, 9732, 9720, 9915, 7793, 7795, 7796, 7804, 7803, 7805, 7813, 7814, 7811, 7812, 9817, 9816, 9819, 9818, 7904, 7901, 9823, 9822, 9844, 9847, 9849, 9846, 1959, 1958, 1937, 1947, 1969, 1973, 1988, 2002, 2004, 2231, 2006, 2191, 2197, 2196, 2408, 2420, 2422, 2419, 2423, 2205, 2206, 2449, 2345, 2370, 2373, 2398, 2394, 2397, 2712, 2716, 2739, 2746, 2769, 2747, 2681, 2682, 2685, 3986, 2706, 4015, 4017, 4022, 4029, 4034, 4060, 4064, 5048, 5052, 5076, 5082, 5299, 5304, 5319, 5321, 5357, 5358, 5364]",0.04757699999026954,success,,73.8487035266796,81.27527397114159,50.60277659986197,21.56723228666362,62.600000000000016,49.55372573178845
stl_midamerica_to_st_louis_lambert_2026-01-12_0210,midamerica_to_st_louis_lambert,MidAmerica to St. Louis Lambert,MidAmerica St. Louis Airport,St. Louis Lambert International Airport,38.5451731,-89.8351856,38.7486982,-90.3700257,2026-01-12,January 12th - Monday,w_0210,0.4,0.0,0.6,0.0,97,"[8877, 8861, 8864, 8865, 8866, 8863, 7715, 7716, 9752, 9731, 9742, 9743, 9730, 9733, 9721, 9732, 9720, 9915, 7793, 7795, 7796, 7804, 7803, 7805, 7813, 7814, 7811, 7812, 9817, 9816, 9819, 9818, 7904, 7901, 9823, 9822, 9844, 9847, 9849, 9846, 1959, 1958, 1937, 1947, 1969, 1973, 1988, 2002, 2004, 2231, 2006, 2191, 2197, 2196, 2408, 2420, 2422, 2419, 2423, 2205, 2206, 2449, 2345, 2370, 2373, 2398, 2394, 2397, 2712, 2716, 2739, 2746, 2769, 2747, 2681, 2682, 2685, 3986, 2706, 4015, 4018, 4025, 4030, 4033, 4057, 5034, 5048, 5052, 5076, 5082, 5299, 5304, 5319, 5321, 5357, 5358, 5364]",0.043595299997832626,success,,73.84862187325443,81.27518410626669,50.80701756737244,21.56723228666362,63.000000000000014,45.450413014504846
stl_midamerica_to_st_louis_lambert_2026-01-12_0211,midamerica_to_st_louis_lambert,MidAmerica to St. Louis Lambert,MidAmerica St. Louis Airport,St. Louis Lambert International Airport,38.5451731,-89.8351856,38.7486982,-90.3700257,2026-01-12,January 12th - Monday,w_0211,0.4,0.1,0.0,0.5,97,"[8877, 8881, 8904, 8922, 8923, 8927, 9145, 10016, 10018, 10062, 10055, 10058, 10094, 10096, 10103, 10104, 10110, 10109, 10291, 10512, 10290, 10513, 10298, 10295, 10296, 10297, 10307, 10305, 10306, 10319, 10321, 10320, 10318, 10211, 10210, 10208, 10209, 10326, 10328, 10329, 10327, 2522, 2524, 2523, 2514, 2517, 2515, 2516, 2530, 2534, 2532, 2558, 2840, 2839, 2838, 2827, 2849, 2848, 2850, 2837, 2861, 2866, 2889, 3896, 3898, 3901, 3902, 3914, 3948, 3947, 3952, 3940, 3942, 3943, 3941, 4043, 4042, 4041, 4040, 4051, 4054, 4186, 4080, 4205, 4207, 4212, 5309, 5313, 5335, 5337, 5320, 5322, 5323, 5346, 5357, 5358, 5364]",0.05343840000568889,success,,72.29260468015718,79.56268655880336,22.4028729657628,50.7558176934141,47.60000000000003,57.86536192009764
stl_midamerica_to_st_louis_lambert_2026-01-12_0212,midamerica_to_st_louis_lambert,MidAmerica to St. Louis Lambert,MidAmerica St. Louis Airport,St. Louis Lambert International Airport,38.5451731,-89.8351856,38.7486982,-90.3700257,2026-01-12,January 12th - Monday,w_0212,0.4,0.1,0.1,0.4,97,"[8877, 8879, 8896, 8900, 8924, 8930, 10012, 10015, 10018, 10062, 10055, 10058, 10094, 10096, 10103, 10104, 10110, 10109, 10516, 10515, 10514, 10517, 10522, 10299, 10300, 10301, 10311, 10532, 10533, 10349, 10347, 10348, 10346, 10359, 10358, 10356, 10357, 10336, 10335, 10337, 10330, 2548, 2527, 2525, 2526, 2538, 2540, 2539, 2530, 2534, 2559, 2561, 2840, 2842, 2843, 2845, 2878, 2879, 2884, 2883, 2893, 4095, 4096, 3932, 3933, 3958, 3962, 3974, 3973, 3972, 3971, 3982, 4295, 4299, 4301, 4202, 4215, 4220, 4223, 4255, 4233, 4234, 4242, 4265, 4244, 4243, 5336, 5338, 5341, 5339, 5345, 5324, 5347, 5346, 5357, 5358, 5364]",0.052319400012493134,success,,72.83314215401343,80.15758300493344,22.581349513335546,31.04566007346909,49.40000000000003,57.18573416065385
stl_midamerica_to_st_louis_lambert_2026-01-12_0213,midamerica_to_st_louis_lambert,MidAmerica to St. Louis Lambert,MidAmerica St. Louis Airport,St. Louis Lambert International Airport,38.5451731,-89.8351856,38.7486982,-90.3700257,2026-01-12,January 12th - Monday,w_0213,0.4,0.1,0.2,0.3,96,"[8877, 8879, 8896, 8900, 8924, 8930, 10012, 10015, 10019, 10053, 10057, 10054, 10061, 10051, 10049, 10048, 10050, 10254, 10256, 10255, 10261, 10280, 10281, 10292, 10293, 10304, 10305, 10306, 10319, 10321, 10320, 10318, 10355, 10358, 10356, 10357, 10336, 10335, 10337, 10330, 2548, 2527, 2525, 2526, 2538, 2540, 2539, 2530, 2534, 2559, 2561, 2840, 2842, 2843, 2845, 2878, 2879, 2884, 2883, 2893, 4095, 4096, 3932, 3933, 3958, 3962, 3974, 3973, 3972, 3971, 3982, 4295, 4299, 4301, 4202, 4215, 4220, 4223, 4255, 4233, 4234, 4242, 4265, 4244, 4243, 5336, 5338, 5341, 5339, 5345, 5324, 5347, 5346, 5357, 5358, 5364]",0.0508564000192564,success,,72.45586163161069,79.74236139158202,27.068904175160895,29.321997340607812,49.40000000000003,55.28823444227047
stl_midamerica_to_st_louis_lambert_2026-01-12_0214,midamerica_to_st_louis_lambert,MidAmerica to St. Louis Lambert,MidAmerica St. Louis Airport,St. Louis Lambert International Airport,38.5451731,-89.8351856,38.7486982,-90.3700257,2026-01-12,January 12th - Monday,w_0214,0.4,0.1,0.3,0.2,96,"[8877, 8879, 8896, 8900, 8924, 8930, 10012, 10015, 10019, 10053, 10057, 10054, 10061, 10051, 10049, 10048, 10050, 10254, 10256, 10255, 10261, 10280, 10281, 10292, 10293, 10304, 10305, 10306, 10319, 10321, 10320, 10318, 10355, 10358, 10356, 10357, 10336, 10335, 10337, 10334, 2551, 2550, 2552, 2549, 2542, 2541, 2545, 2560, 2564, 2588, 2591, 2871, 2875, 2874, 2877, 4088, 4115, 4119, 4121, 4102, 4103, 4127, 4129, 3961, 4286, 4285, 3974, 3973, 3972, 3971, 3982, 4295, 4299, 4301, 4202, 4215, 4220, 4223, 4255, 4233, 4234, 4242, 4265, 4244, 4243, 5336, 5338, 5341, 5339, 5345, 5324, 5347, 5346, 5357, 5358, 5364]",0.049382700002752244,success,,71.92543485210625,79.15859241843712,28.034314164019293,29.378278330705577,50.00000000000003,53.280351882988455
stl_midamerica_to_st_louis_lambert_2026-01-12_0215,midamerica_to_st_louis_lambert,MidAmerica to St. Louis Lambert,MidAmerica St. Louis Airport,St. Louis Lambert International Airport,38.5451731,-89.8351856,38.7486982,-90.3700257,2026-01-12,January 12th - Monday,w_0215,0.4,0.1,0.4,0.1,96,"[8877, 8879, 8896, 8900, 8924, 8930, 10012, 10015, 10019, 10053, 10057, 10054, 10061, 10051, 10049, 10048, 10050, 10254, 10256, 10255, 10261, 10280, 10281, 10292, 10293, 10304, 10305, 10306, 10319, 10321, 10320, 10318, 10355, 10358, 10356, 10357, 10336, 10335, 10337, 10334, 2551, 2550, 2552, 2549, 2544, 2578, 2582, 2590, 2595, 10723, 10724, 2903, 2906, 4109, 4112, 4145, 4150, 4152, 4158, 4183, 4405, 4184, 4407, 4338, 4340, 4343, 4357, 4356, 4334, 4332, 4324, 4323, 4318, 4320, 4219, 4221, 4220, 4223, 4255, 4233, 4234, 4242, 4265, 4244, 4243, 5336, 5338, 5341, 5339, 5320, 5322, 5323, 5346, 5357, 5358, 5364]",0.04934310002136044,success,,73.53140050730426,80.92606147857175,28.651083532559525,27.188918608745475,50.40000000000003,51.151100388182854
stl_midamerica_to_st_louis_lambert_2026-01-12_0216,midamerica_to_st_louis_lambert,MidAmerica to St. Louis Lambert,MidAmerica St. Louis Airport,St. Louis Lambert International Airport,38.5451731,-89.8351856,38.7486982,-90.3700257,2026-01-12,January 12th - Monday,w_0216,0.4,0.1,0.5,0.0,96,"[8877, 8876, 8868, 8869, 8870, 8867, 9758, 9759, 9761, 9774, 9773, 9775, 9772, 9764, 9765, 9762, 9763, 9946, 9945, 9944, 9947, 9940, 9938, 9939, 9930, 9931, 9928, 9929, 9839, 9837, 9836, 9834, 9827, 9824, 9826, 9825, 9844, 9847, 9849, 9846, 1959, 1958, 1937, 1947, 1969, 1973, 1988, 2002, 2004, 2231, 2006, 2191, 2197, 2196, 2408, 2420, 2422, 2419, 2423, 2205, 2206, 2449, 2345, 2370, 2373, 2398, 2394, 2397, 2712, 2716, 2739, 2746, 2769, 2773, 3985, 3988, 3992, 3994, 4019, 4020, 4023, 4055, 4059, 4063, 4064, 5048, 5052, 5076, 5082, 5299, 5304, 5319, 5321, 5357, 5358, 5364]",0.046684500004630536,success,,73.47779803381526,80.86706849006552,45.02935457210496,22.39765816000941,62.40000000000001,48.04859193324141
stl_midamerica_to_st_louis_lambert_2026-01-12_0217,midamerica_to_st_louis_lambert,MidAmerica to St. Louis Lambert,MidAmerica St. Louis Airport,St. Louis Lambert International Airport,38.5451731,-89.8351856,38.7486982,-90.3700257,2026-01-12,January 12th - Monday,w_0217,0.4,0.2,0.0,0.4,97,"[8877, 8881, 8904, 8922, 8923, 8927, 9145, 10016, 10018, 10062, 10055, 10058, 10094, 10096, 10103, 10104, 10110, 10109, 10291, 10512, 10290, 10513, 10298, 10295, 10296, 10297, 10307, 10305, 10306, 10319, 10321, 10320, 10318, 10211, 10210, 10208, 10209, 10326, 10328, 10329, 10327, 2522, 2524, 2523, 2514, 2517, 2515, 2516, 2530, 2534, 2532, 2558, 2840, 2839, 2838, 2827, 2849, 2848, 2850, 2837, 2861, 2866, 2889, 3896, 3898, 3901, 3902, 3914, 3948, 3947, 3952, 3940, 3942, 3943, 3941, 4043, 4042, 4041, 4040, 4051, 4054, 4186, 4080, 4205, 4207, 4212, 5309, 5313, 5335, 5337, 5320, 5322, 5323, 5346, 5357, 5358, 5364]",0.05057269998360425,success,,72.29260468015718,79.56268655880336,22.4028729657628,50.7558176934141,47.60000000000003,55.34564921667392
stl_midamerica_to_st_louis_lambert_2026-01-12_0218,midamerica_to_st_louis_lambert,MidAmerica to St. Louis Lambert,MidAmerica St. Louis Airport,St. Louis Lambert International Airport,38.5451731,-89.8351856,38.7486982,-90.3700257,2026-01-12,January 12th - Monday,w_0218,0.4,0.2,0.1,0.3,97,"[8877, 8879, 8896, 8900, 8924, 8930, 10012, 10015, 10018, 10062, 10055, 10058, 10094, 10096, 10103, 10104, 10110, 10109, 10516, 10515, 10514, 10517, 10522, 10299, 10300, 10301, 10311, 10532, 10533, 10349, 10347, 10348, 10346, 10359, 10358, 10356, 10357, 10336, 10335, 10337, 10334, 2551, 2550, 2552, 2549, 2542, 2541, 2545, 2560, 2564, 2588, 2591, 2868, 2847, 2846, 2845, 2878, 2879, 2884, 2883, 2893, 4095, 4096, 3932, 3933, 3958, 3962, 3974, 3973, 3972, 3971, 3982, 4295, 4299, 4301, 4202, 4215, 4220, 4223, 4255, 4233, 4234, 4242, 4265, 4244, 4243, 5336, 5338, 5341, 5339, 5345, 5324, 5347, 5346, 5357, 5358, 5364]",0.05087430001003668,success,,72.3010413626021,79.5719716734279,21.951416967409095,32.29251262086083,50.00000000000003,54.44832332493907
stl_midamerica_to_st_louis_lambert_2026-01-12_0219,midamerica_to_st_louis_lambert,MidAmerica to St. Louis Lambert,MidAmerica St. Louis Airport,St. Louis Lambert International Airport,38.5451731,-89.8351856,38.7486982,-90.3700257,2026-01-12,January 12th - Monday,w_0219,0.4,0.2,0.2,0.2,97,"[8877, 8879, 8896, 8900, 8924, 8930, 10012, 10015, 10018, 10062, 10055, 10058, 10094, 10096, 10103, 10104, 10110, 10109, 10516, 10515, 10514, 10517, 10522, 10299, 10300, 10301, 10311, 10532, 10533, 10349, 10347, 10348, 10346, 10359, 10358, 10356, 10357, 10336, 10335, 10337, 10334, 2551, 2550, 2552, 2549, 2542, 2541, 2545, 2560, 2564, 2588, 2591, 2871, 2875, 2874, 2873, 2887, 4091, 4093, 4117, 4102, 4103, 4127, 4129, 3961, 4286, 4285, 3974, 3973, 3972, 3971, 3982, 4295, 4299, 4301, 4202, 4215, 4220, 4223, 4255, 4233, 4234, 4242, 4265, 4244, 4243, 5336, 5338, 5341, 5339, 5345, 5324, 5347, 5346, 5357, 5358, 5364]",0.04868119998718612,success,,72.30252074882938,79.57359983364181,22.59187976175319,31.58260574195653,50.00000000000003,52.664337034198674
stl_midamerica_to_st_louis_lambert_2026-01-12_0220,midamerica_to_st_louis_lambert,MidAmerica to St. Louis Lambert,MidAmerica St. Louis Airport,St. Louis Lambert International Airport,38.5451731,-89.8351856,38.7486982,-90.3700257,2026-01-12,January 12th - Monday,w_0220,0.4,0.2,0.3,0.1,97,"[8877, 8879, 8896, 8900, 8924, 8930, 10012, 10015, 10018, 10062, 10055, 10058, 10094, 10096, 10103, 10104, 10110, 10109, 10516, 10515, 10514, 10513, 10298, 10295, 10296, 10297, 10309, 10532, 10533, 10349, 10347, 10348, 10346, 10359, 10358, 10356, 10357, 10336, 10335, 10337, 10334, 2551, 2550, 2552, 2549, 2542, 2541, 2545, 2560, 2564, 2588, 2591, 2871, 2875, 2874, 2873, 2887, 4091, 4093, 4117, 4102, 4103, 4127, 4129, 3961, 4286, 4285, 3974, 3973, 3972, 3971, 3982, 4295, 4299, 4301, 4202, 4215, 4220, 4223, 4255, 4233, 4234, 4242, 4265, 4244, 4243, 5336, 5338, 5341, 5339, 5345, 5324, 5347, 5346, 5357, 5358, 5364]",0.04834310000296682,success,,72.83523482165754,80.15988612100702,22.59187976175319,30.665624663911984,50.00000000000003,50.78201779992705
stl_midamerica_to_st_louis_lambert_2026-01-12_0221,midamerica_to_st_louis_lambert,MidAmerica to St. Louis Lambert,MidAmerica St. Louis Airport,St. Louis Lambert International Airport,38.5451731,-89.8351856,38.7486982,-90.3700257,2026-01-12,January 12th - Monday,w_0221,0.4,0.2,0.4,0.0,96,"[8877, 8876, 8868, 8869, 8870, 8867, 9758, 9759, 9761, 9774, 9773, 9775, 9772, 9769, 9771, 9795, 9801, 10007, 10009, 10232, 10238, 10243, 10244, 10247, 10251, 10263, 10266, 10270, 10315, 10321, 10320, 10318, 10355, 10358, 10356, 10357, 10336, 10335, 10337, 10334, 2551, 2550, 2552, 2549, 2542, 2541, 2545, 2560, 2564, 2588, 2591, 2871, 2875, 2874, 2877, 4088, 4115, 4119, 4121, 4102, 4103, 4127, 4129, 3961, 4286, 4285, 3974, 3973, 3972, 3971, 3982, 4295, 4299, 4301, 4202, 4215, 4220, 4223, 4255, 4233, 4234, 4242, 4265, 4244, 4243, 5336, 5338, 5341, 5339, 5320, 5322, 5323, 5346, 5357, 5358, 5364]",0.047263100015698,success,,72.45422456879166,79.7405596980821,25.273452833723695,29.22675190466189,54.000000000000036,48.64161520784233
stl_midamerica_to_st_louis_lambert_2026-01-12_0222,midamerica_to_st_louis_lambert,MidAmerica to St. Louis Lambert,MidAmerica St. Louis Airport,St. Louis Lambert International Airport,38.5451731,-89.8351856,38.7486982,-90.3700257,2026-01-12,January 12th - Monday,w_0222,0.4,0.3,0.0,0.3,98,"[8877, 8881, 8904, 8922, 8923, 8927, 9145, 10016, 10018, 10062, 10055, 10058, 10094, 10096, 10103, 10104, 10110, 10109, 10516, 10515, 10514, 10517, 10522, 10299, 10300, 10301, 10309, 10308, 10533, 10363, 10350, 10351, 10366, 10376, 10374, 10379, 10378, 10391, 10402, 10403, 10390, 2577, 2576, 2598, 2575, 2587, 10714, 10713, 10722, 2597, 10723, 2596, 2876, 2875, 2874, 2873, 2885, 2886, 2884, 2883, 2890, 2891, 2895, 3904, 3925, 3926, 3931, 3951, 3954, 3953, 3966, 3944, 3977, 3976, 3941, 4043, 4042, 4041, 4040, 4046, 4050, 4053, 4076, 4075, 4082, 4084, 5080, 5084, 5310, 5311, 5337, 5320, 5322, 5323, 5346, 5357, 5358, 5364]",0.04895050000050105,success,,73.20858031824217,80.57077698397048,17.18299585912548,45.29212438015302,50.400000000000034,52.503209551325845
stl_midamerica_to_st_louis_lambert_2026-01-12_0223,midamerica_to_st_louis_lambert,MidAmerica to St. Louis Lambert,MidAmerica St. Louis Airport,St. Louis Lambert International Airport,38.5451731,-89.8351856,38.7486982,-90.3700257,2026-01-12,January 12th - Monday,w_0223,0.4,0.3,0.1,0.2,97,"[8877, 8881, 8904, 8922, 8923, 8927, 9145, 10016, 10018, 10062, 10055, 10058, 10094, 10096, 10103, 10104, 10110, 10109, 10516, 10515, 10514, 10517, 10522, 10299, 10524, 10529, 10538, 10539, 10537, 10367, 10364, 10365, 10370, 10381, 10380, 10379, 10378, 10391, 10402, 10404, 10408, 2604, 2605, 2606, 2603, 10716, 10717, 10718, 10729, 10730, 10744, 10745, 2907, 4107, 4109, 4112, 4145, 4150, 4149, 4153, 4175, 4133, 4132, 4134, 3964, 4286, 4285, 3974, 3973, 3972, 3971, 3982, 4295, 3983, 4297, 4198, 4199, 4201, 4216, 4229, 4232, 4230, 4242, 4265, 4244, 4243, 5336, 5338, 5341, 5339, 5345, 5324, 5347, 5346, 5357, 5358, 5364]",0.049674600013531744,success,,72.30828212957256,79.5799406057338,18.69733715578537,37.40028504900544,51.20000000000003,51.42120589392969
stl_midamerica_to_st_louis_lambert_2026-01-12_0224,midamerica_to_st_louis_lambert,MidAmerica to St. Louis Lambert,MidAmerica St. Louis Airport,St. Louis Lambert International Airport,38.5451731,-89.8351856,38.7486982,-90.3700257,2026-01-12,January 12th - Monday,w_0224,0.4,0.3,0.2,0.1,97,"[8877, 8879, 8896, 8900, 8924, 8930, 10012, 10015, 10018, 10062, 10055, 10058, 10094, 10096, 10103, 10104, 10110, 10109, 10516, 10515, 10514, 10517, 10522, 10299, 10524, 10529, 10538, 10539, 10537, 10367, 10364, 10365, 10370, 10381, 10380, 10379, 10378, 10391, 10402, 10404, 10408, 2604, 2605, 2606, 2603, 10716, 10717, 10718, 10729, 10730, 10744, 10746, 4111, 4137, 4138, 4139, 4148, 4150, 4149, 4153, 4175, 4133, 4132, 4134, 3964, 4286, 4285, 3974, 3973, 3972, 3971, 3982, 4295, 4299, 4301, 4202, 4215, 4220, 4223, 4255, 4233, 4234, 4242, 4265, 4244, 4243, 5336, 5338, 5341, 5339, 5345, 5324, 5347, 5346, 5357, 5358, 5364]",0.047680099989520386,success,,72.30912723432323,79.58087069816422,19.762251507597586,34.53833806051532,51.20000000000003,49.78869134364804
stl_midamerica_to_st_louis_lambert_2026-01-12_0225,midamerica_to_st_louis_lambert,MidAmerica to St. Louis Lambert,MidAmerica St. Louis Airport,St. Louis Lambert International Airport,38.5451731,-89.8351856,38.7486982,-90.3700257,2026-01-12,January 12th - Monday,w_0225,0.4,0.3,0.3,0.0,97,"[8877, 8879, 8896, 8900, 8924, 8930, 10012, 10015, 10018, 10062, 10055, 10058, 10094, 10096, 10103, 10104, 10110, 10109, 10516, 10515, 10514, 10513, 10298, 10295, 10296, 10297, 10309, 10532, 10533, 10349, 10347, 10348, 10346, 10359, 10358, 10356, 10357, 10336, 10335, 10337, 10334, 2551, 2550, 2552, 2549, 2542, 2541, 2545, 2560, 2564, 2588, 2591, 2871, 2875, 2874, 2873, 2887, 4091, 4093, 4117, 4102, 4103, 4127, 4129, 3961, 4286, 4285, 3974, 3973, 3972, 3971, 3982, 4295, 4299, 4301, 4202, 4215, 4220, 4223, 4255, 4233, 4234, 4242, 4265, 4244, 4243, 5336, 5338, 5341, 5339, 5345, 5324, 5347, 5346, 5357, 5358, 5364]",0.045822099986253306,success,,72.83523482165754,80.15988612100702,22.59187976175319,30.665624663911984,50.00000000000003,48.04120577610236
stl_midamerica_to_st_louis_lambert_2026-01-12_0226,midamerica_to_st_louis_lambert,MidAmerica to St. Louis Lambert,MidAmerica St. Louis Airport,St. Louis Lambert International Airport,38.5451731,-89.8351856,38.7486982,-90.3700257,2026-01-12,January 12th - Monday,w_0226,0.4,0.4,0.0,0.2,98,"[8877, 8881, 8904, 8922, 8923, 8927, 9145, 10016, 10018, 10062, 10055, 10058, 10094, 10096, 10103, 10104, 10110, 10109, 10516, 10515, 10514, 10517, 10522, 10299, 10300, 10301, 10309, 10308, 10533, 10363, 10350, 10351, 10366, 10376, 10374, 10379, 10614, 10407, 10410, 10411, 10408, 2604, 2605, 2606, 2603, 10715, 10714, 10713, 10722, 2597, 10723, 2596, 2876, 2875, 2874, 2873, 2885, 2886, 2884, 2883, 2890, 2891, 2895, 3904, 3925, 3926, 3931, 3951, 3954, 3953, 3966, 3944, 3977, 3976, 3941, 4043, 4066, 4067, 4068, 4185, 4187, 4186, 4076, 4075, 4082, 4084, 5080, 5084, 5310, 5311, 5337, 5320, 5322, 5323, 5346, 5357, 5358, 5364]",0.04567169997608289,success,,73.20963090489165,80.57193322251891,16.535156841253748,45.64101419932393,51.400000000000034,49.12283602550907
stl_midamerica_to_st_louis_lambert_2026-01-12_0227,midamerica_to_st_louis_lambert,MidAmerica to St. Louis Lambert,MidAmerica St. Louis Airport,St. Louis Lambert International Airport,38.5451731,-89.8351856,38.7486982,-90.3700257,2026-01-12,January 12th - Monday,w_0227,0.4,0.4,0.1,0.1,97,"[8877, 8881, 8904, 8922, 8923, 8927, 9145, 10016, 10018, 10062, 10055, 10058, 10094, 10096, 10103, 10104, 10110, 10109, 10516, 10515, 10514, 10517, 10522, 10299, 10524, 10529, 10538, 10539, 10537, 10367, 10364, 10365, 10370, 10381, 10380, 10379, 10378, 10391, 10402, 10404, 10408, 2604, 2605, 2606, 2603, 10716, 10717, 10718, 10729, 10730, 10744, 10745, 2907, 4107, 4109, 4112, 4145, 4150, 4149, 4153, 4175, 4133, 4132, 4134, 3964, 4286, 4285, 3974, 3973, 3972, 3971, 3982, 4295, 3983, 4297, 4198, 4199, 4201, 4216, 4229, 4232, 4230, 4242, 4265, 4244, 4243, 5336, 5338, 5341, 5339, 5345, 5324, 5347, 5346, 5357, 5358, 5364]",0.04651990000274964,success,,72.30828212957256,79.5799406057338,18.69733715578537,37.40028504900544,51.20000000000003,48.17093960950822
stl_midamerica_to_st_louis_lambert_2026-01-12_0228,midamerica_to_st_louis_lambert,MidAmerica to St. Louis Lambert,MidAmerica St. Louis Airport,St. Louis Lambert International Airport,38.5451731,-89.8351856,38.7486982,-90.3700257,2026-01-12,January 12th - Monday,w_0228,0.4,0.4,0.2,0.0,100,"[8877, 8881, 8905, 8906, 8925, 8928, 8931, 9149, 10017, 10021, 10063, 10067, 10069, 10083, 10099, 10422, 10101, 10106, 10104, 10110, 10109, 10516, 10515, 10514, 10517, 10522, 10299, 10524, 10529, 10538, 10539, 10537, 10367, 10364, 10365, 10370, 10381, 10380, 10379, 10378, 10391, 10402, 10404, 10408, 2604, 2605, 2606, 2603, 10716, 10717, 10718, 10729, 10730, 10744, 10746, 4111, 4137, 4138, 4139, 4148, 4150, 4149, 4153, 4175, 4133, 4132, 4134, 3964, 4286, 4285, 3974, 3973, 3972, 3971, 3982, 4295, 4299, 4301, 4202, 4215, 4220, 4223, 4255, 4233, 4234, 4242, 4265, 4244, 4243, 5336, 5338, 5341, 5339, 5345, 5324, 5347, 5346, 5357, 5358, 5364]",0.044360200001392514,success,,73.43397544871962,80.81883890119421,18.406234173898653,34.53833806051532,53.20000000000003,46.59769684214021
stl_midamerica_to_st_louis_lambert_2026-01-12_0229,midamerica_to_st_louis_lambert,MidAmerica to St. Louis Lambert,MidAmerica St. Louis Airport,St. Louis Lambert International Airport,38.5451731,-89.8351856,38.7486982,-90.3700257,2026-01-12,January 12th - Monday,w_0229,0.4,0.5,0.0,0.1,101,"[8877, 8881, 8905, 8906, 8933, 8929, 9143, 9146, 9173, 10020, 10063, 10068, 10070, 10095, 10099, 10422, 10101, 10106, 10104, 10110, 10109, 10516, 10515, 10514, 10517, 10522, 10299, 10300, 10301, 10309, 10308, 10533, 10363, 10350, 10351, 10366, 10376, 10374, 10379, 10614, 10407, 10410, 10411, 10408, 2604, 2605, 2606, 2603, 10715, 10714, 10713, 10722, 2597, 10723, 2596, 2876, 2875, 2874, 2873, 2885, 2886, 2884, 2883, 2890, 2891, 2895, 3904, 3925, 3926, 3931, 3951, 3954, 3953, 3966, 3944, 3977, 3976, 3941, 4043, 4066, 4067, 4068, 4185, 4187, 4186, 4076, 4075, 4082, 4084, 5080, 5084, 5310, 5311, 5337, 5320, 5322, 5323, 5346, 5357, 5358, 5364]",0.04223560000536963,success,,74.33442696730225,81.80984402891588,15.331226617704312,45.52017028325674,52.400000000000034,45.62955092041851
stl_midamerica_to_st_louis_lambert_2026-01-12_0230,midamerica_to_st_louis_lambert,MidAmerica to St. Louis Lambert,MidAmerica St. Louis Airport,St. Louis Lambert International Airport,38.5451731,-89.8351856,38.7486982,-90.3700257,2026-01-12,January 12th - Monday,w_0230,0.4,0.5,0.1,0.0,101,"[8877, 8881, 8905, 8906, 8933, 8929, 9143, 9146, 9173, 10020, 10063, 10067, 10069, 10083, 10099, 10422, 10101, 10106, 10104, 10110, 10109, 10516, 10515, 10514, 10517, 10522, 10299, 10524, 10529, 10538, 10539, 10537, 10367, 10364, 10365, 10366, 10376, 10374, 10379, 10378, 10391, 10402, 10404, 10408, 2604, 2605, 2606, 2603, 10715, 10714, 10713, 10722, 2597, 10723, 2596, 2876, 2875, 2874, 2873, 2885, 2886, 2884, 2883, 2893, 4095, 4096, 3932, 3933, 3958, 3957, 3965, 3954, 3953, 3966, 3944, 3977, 3976, 3941, 4043, 4066, 4067, 4068, 4185, 4187, 4186, 4076, 4075, 4082, 4084, 5080, 5084, 5310, 5311, 5337, 5320, 5322, 5323, 5346, 5357, 5358, 5364]",0.04102299999794923,success,,74.33539895358332,81.81091376267577,15.360687625226026,43.389268614866474,53.400000000000034,44.74363617916997
stl_midamerica_to_st_louis_lambert_2026-01-12_0231,midamerica_to_st_louis_lambert,MidAmerica to St. Louis Lambert,MidAmerica St. Louis Airport,St. Louis Lambert International Airport,38.5451731,-89.8351856,38.7486982,-90.3700257,2026-01-12,January 12th - Monday,w_0231,0.4,0.6,0.0,0.0,101,"[8877, 8881, 8905, 8906, 8933, 8929, 9143, 9146, 9173, 10020, 10063, 10067, 10069, 10083, 10099, 10422, 10101, 10106, 10104, 10110, 10109, 10516, 10515, 10514, 10517, 10522, 10299, 10300, 10301, 10309, 10308, 10533, 10363, 10350, 10351, 10366, 10376, 10374, 10379, 10614, 10407, 10410, 10411, 10408, 2604, 2605, 2606, 2603, 10715, 10714, 10713, 10722, 2597, 10723, 2596, 2876, 2875, 2874, 2873, 2885, 2886, 2884, 2883, 2890, 2891, 2895, 3904, 3925, 3926, 3931, 3951, 3954, 3953, 3966, 3944, 3977, 3976, 3941, 4043, 4066, 4067, 4068, 4185, 4187, 4188, 4076, 4075, 4082, 4084, 5080, 5084, 5310, 5311, 5337, 5320, 5322, 5323, 5346, 5357, 5358, 5364]",0.03448989999014884,success,,74.86814321158518,82.39723327077671,14.83726570267187,45.432997513902926,53.400000000000034,41.86125272991381
stl_midamerica_to_st_louis_lambert_2026-01-12_0232,midamerica_to_st_louis_lambert,MidAmerica to St. Louis Lambert,MidAmerica St. Louis Airport,St. Louis Lambert International Airport,38.5451731,-89.8351856,38.7486982,-90.3700257,2026-01-12,January 12th - Monday,w_0232,0.5,0.0,0.0,0.5,96,"[8877, 8876, 8892, 8897, 8899, 8926, 9788, 10013, 10014, 10036, 10052, 10054, 10061, 10051, 10049, 10048, 10050, 10253, 10252, 10241, 10240, 10248, 10246, 10247, 10245, 10231, 10230, 10262, 10150, 10148, 10149, 10151, 10161, 10159, 10158, 10160, 10166, 10168, 10167, 10169, 2247, 2269, 2268, 2257, 2256, 2254, 2279, 2293, 2296, 2301, 2303, 2491, 2492, 2818, 2496, 2507, 2506, 2828, 2505, 2809, 2811, 2810, 2728, 2730, 2731, 2729, 2715, 2717, 2714, 2716, 2738, 2741, 2745, 2747, 2684, 2687, 3987, 3990, 4016, 4017, 4022, 4029, 4034, 4060, 4064, 5048, 5052, 5076, 5082, 5299, 5304, 5319, 5321, 5357, 5358, 5364]",0.048081899993121624,success,,71.90057520712594,79.13123277148179,53.29567736851651,39.307370558879065,46.20000000000003,62.66561638574091
stl_midamerica_to_st_louis_lambert_2026-01-12_0233,midamerica_to_st_louis_lambert,MidAmerica to St. Louis Lambert,MidAmerica St. Louis Airport,St. Louis Lambert International Airport,38.5451731,-89.8351856,38.7486982,-90.3700257,2026-01-12,January 12th - Monday,w_0233,0.5,0.0,0.1,0.4,96,"[8877, 8879, 8896, 8900, 8924, 8930, 9788, 10013, 10014, 10036, 10052, 10054, 10061, 10051, 10049, 10048, 10050, 10253, 10252, 10241, 10240, 10248, 10246, 10247, 10251, 10263, 10265, 10264, 10178, 10179, 10177, 10176, 10199, 10198, 10196, 10197, 10185, 10187, 10186, 10184, 2273, 2275, 2274, 2285, 2283, 2284, 2282, 2293, 2296, 2301, 2303, 2491, 2492, 2818, 2496, 2507, 2506, 2828, 2505, 2809, 2811, 2810, 2728, 2730, 2731, 2732, 2755, 2757, 2782, 2780, 2775, 2802, 2805, 3917, 4011, 4010, 4009, 4008, 4019, 4017, 4022, 4029, 4034, 4060, 4064, 5048, 5052, 5076, 5082, 5299, 5304, 5319, 5321, 5357, 5358, 5364]",0.04802519999793731,success,,71.90426353299135,79.13529201261795,47.43914947171872,34.80234292300875,46.20000000000003,61.52788029860987
stl_midamerica_to_st_louis_lambert_2026-01-12_0234,midamerica_to_st_louis_lambert,MidAmerica to St. Louis Lambert,MidAmerica St. Louis Airport,St. Louis Lambert International Airport,38.5451731,-89.8351856,38.7486982,-90.3700257,2026-01-12,January 12th - Monday,w_0234,0.5,0.0,0.2,0.3,96,"[8877, 8879, 8896, 8900, 8924, 8930, 9788, 10013, 10014, 10036, 10052, 10054, 10061, 10051, 10049, 10048, 10050, 10253, 10252, 10241, 10240, 10249, 10275, 10277, 10293, 10304, 10305, 10306, 10319, 10321, 10320, 10318, 10355, 10358, 10356, 10357, 10336, 10335, 10337, 10334, 2551, 2550, 2552, 2549, 2542, 2541, 2543, 2537, 2563, 2562, 2561, 2840, 2842, 2843, 2845, 2878, 2879, 2884, 2883, 2890, 2891, 2892, 3896, 2796, 2797, 3895, 3890, 3891, 3892, 3889, 2803, 2806, 3915, 3917, 4011, 4010, 4009, 4008, 4019, 4017, 4022, 4029, 4034, 4060, 4064, 5048, 5052, 5076, 5082, 5299, 5304, 5319, 5321, 5357, 5358, 5364]",0.04558639999595471,success,,71.91350325790738,79.1454609274141,43.11762759908802,29.97318661226534,48.00000000000003,59.967367786160125
stl_midamerica_to_st_louis_lambert_2026-01-12_0235,midamerica_to_st_louis_lambert,MidAmerica to St. Louis Lambert,MidAmerica St. Louis Airport,St. Louis Lambert International Airport,38.5451731,-89.8351856,38.7486982,-90.3700257,2026-01-12,January 12th - Monday,w_0235,0.5,0.0,0.3,0.2,96,"[8877, 8879, 8896, 8900, 8924, 8930, 9788, 10013, 10014, 10036, 10052, 10054, 10061, 10051, 10049, 10048, 10050, 10253, 10252, 10241, 10240, 10249, 10275, 10277, 10293, 10304, 10305, 10306, 10319, 10321, 10320, 10318, 10355, 10358, 10356, 10357, 10336, 10335, 10337, 10334, 2551, 2550, 2552, 2549, 2542, 2541, 2543, 2537, 2563, 2562, 2561, 2840, 2842, 2843, 2845, 2878, 2879, 2884, 2883, 2890, 2891, 2892, 3896, 2796, 2797, 3895, 3890, 3891, 3892, 3889, 2803, 2806, 3915, 3917, 4011, 4010, 4009, 4008, 4019, 4017, 4022, 4029, 4034, 4060, 4064, 5048, 5052, 5076, 5082, 5299, 5304, 5319, 5321, 5357, 5358, 5364]",0.04464560002088547,success,,71.91350325790738,79.1454609274141,43.11762759908802,29.97318661226534,48.00000000000003,58.164686447386664
stl_midamerica_to_st_louis_lambert_2026-01-12_0236,midamerica_to_st_louis_lambert,MidAmerica to St. Louis Lambert,MidAmerica St. Louis Airport,St. Louis Lambert International Airport,38.5451731,-89.8351856,38.7486982,-90.3700257,2026-01-12,January 12th - Monday,w_0236,0.5,0.0,0.4,0.1,96,"[8877, 8861, 8864, 8865, 8866, 8863, 7715, 7716, 9752, 9731, 9742, 9743, 9730, 9733, 9721, 9732, 9720, 9915, 7793, 7795, 7796, 7804, 7803, 7805, 7813, 7814, 7811, 7812, 9817, 9816, 9819, 9818, 7904, 7901, 9823, 9822, 9844, 9847, 9849, 9846, 1959, 1958, 1937, 1947, 1969, 1973, 1988, 2002, 2004, 2231, 2229, 2195, 2197, 2196, 2408, 2420, 2422, 2419, 2423, 2205, 2206, 2449, 2345, 2370, 2373, 2398, 2394, 2397, 2712, 2716, 2739, 2746, 2769, 2773, 3985, 3988, 3992, 3990, 4016, 4017, 4022, 4029, 4034, 4060, 4064, 5048, 5052, 5076, 5082, 5299, 5304, 5319, 5321, 5357, 5358, 5364]",0.042216300003929064,success,,72.94124477276378,80.27655692778315,49.05100578663051,22.69727030582539,62.000000000000014,55.41718658622173
stl_midamerica_to_st_louis_lambert_2026-01-12_0237,midamerica_to_st_louis_lambert,MidAmerica to St. Louis Lambert,MidAmerica St. Louis Airport,St. Louis Lambert International Airport,38.5451731,-89.8351856,38.7486982,-90.3700257,2026-01-12,January 12th - Monday,w_0237,0.5,0.0,0.5,0.0,97,"[8877, 8861, 8864, 8865, 8866, 8863, 7715, 7716, 9752, 9731, 9742, 9743, 9730, 9733, 9721, 9732, 9720, 9915, 7793, 7795, 7796, 7804, 7803, 7805, 7813, 7814, 7811, 7812, 9817, 9816, 9819, 9818, 7904, 7901, 9823, 9822, 9844, 9847, 9849, 9846, 1959, 1958, 1937, 1947, 1969, 1973, 1988, 2002, 2004, 2231, 2229, 2195, 2197, 2196, 2408, 2420, 2422, 2419, 2423, 2205, 2206, 2449, 2345, 2370, 2373, 2398, 2394, 2397, 2712, 2716, 2739, 2746, 2769, 2747, 2681, 2682, 2685, 3986, 2706, 4015, 4018, 4025, 4030, 4033, 4057, 5034, 5048, 5052, 5076, 5082, 5299, 5304, 5319, 5321, 5357, 5358, 5364]",0.037061400013044477,success,,73.315997479373,80.68899651638182,50.80701756737244,22.040817991423133,63.000000000000014,51.36490725390247
stl_midamerica_to_st_louis_lambert_2026-01-12_0238,midamerica_to_st_louis_lambert,MidAmerica to St. Louis Lambert,MidAmerica St. Louis Airport,St. Louis Lambert International Airport,38.5451731,-89.8351856,38.7486982,-90.3700257,2026-01-12,January 12th - Monday,w_0238,0.5,0.1,0.0,0.4,96,"[8877, 8879, 8896, 8900, 8924, 8930, 10012, 10015, 10019, 10053, 10057, 10060, 10092, 10076, 10080, 10105, 10109, 10291, 10512, 10290, 10513, 10298, 10295, 10296, 10297, 10307, 10305, 10306, 10319, 10321, 10320, 10318, 10211, 10210, 10208, 10209, 10326, 10328, 10329, 10327, 2522, 2524, 2523, 2514, 2517, 2515, 2516, 2530, 2534, 2532, 2558, 2840, 2839, 2838, 2827, 2849, 2848, 2850, 2837, 2861, 2866, 2889, 3896, 3898, 3901, 3902, 3914, 3948, 3947, 3952, 3940, 3942, 3943, 3941, 4043, 4042, 4041, 4040, 4051, 4054, 4186, 4080, 4205, 4207, 4212, 5309, 5313, 5335, 5337, 5320, 5322, 5323, 5346, 5357, 5358, 5364]",0.04694739999831654,success,,71.91755552376524,79.14992070804759,24.36028291495292,50.175475023887095,47.60000000000003,61.0509886455191
stl_midamerica_to_st_louis_lambert_2026-01-12_0239,midamerica_to_st_louis_lambert,MidAmerica to St. Louis Lambert,MidAmerica St. Louis Airport,St. Louis Lambert International Airport,38.5451731,-89.8351856,38.7486982,-90.3700257,2026-01-12,January 12th - Monday,w_0239,0.5,0.1,0.1,0.3,96,"[8877, 8879, 8896, 8900, 8924, 8930, 10012, 10015, 10019, 10053, 10057, 10060, 10092, 10076, 10080, 10105, 10109, 10516, 10515, 10514, 10517, 10522, 10299, 10300, 10301, 10311, 10532, 10533, 10349, 10347, 10348, 10346, 10359, 10358, 10356, 10357, 10336, 10335, 10337, 10334, 2551, 2550, 2552, 2549, 2542, 2541, 2545, 2560, 2564, 2588, 2591, 2871, 2875, 2874, 2873, 2887, 4091, 4093, 4117, 4102, 4103, 4127, 4129, 3961, 4286, 4285, 3974, 3973, 3972, 3971, 3982, 4295, 4299, 4301, 4202, 4215, 4220, 4223, 4255, 4233, 4234, 4242, 4265, 4244, 4243, 5336, 5338, 5341, 5339, 5345, 5324, 5347, 5346, 5357, 5358, 5364]",0.04635330001474358,success,,71.92756267089268,79.16093422061603,24.305918390557228,31.58260574195653,50.00000000000003,60.169319523559395
stl_midamerica_to_st_louis_lambert_2026-01-12_0240,midamerica_to_st_louis_lambert,MidAmerica to St. Louis Lambert,MidAmerica St. Louis Airport,St. Louis Lambert International Airport,38.5451731,-89.8351856,38.7486982,-90.3700257,2026-01-12,January 12th - Monday,w_0240,0.5,0.1,0.2,0.2,96,"[8877, 8879, 8896, 8900, 8924, 8930, 10012, 10015, 10019, 10053, 10057, 10054, 10061, 10051, 10049, 10048, 10050, 10254, 10256, 10255, 10261, 10280, 10281, 10292, 10293, 10304, 10305, 10306, 10319, 10321, 10320, 10318, 10355, 10358, 10356, 10357, 10336, 10335, 10337, 10334, 2551, 2550, 2552, 2549, 2542, 2541, 2545, 2560, 2564, 2588, 2591, 2871, 2875, 2874, 2877, 4088, 4115, 4119, 4121, 4102, 4103, 4127, 4129, 3961, 4286, 4285, 3974, 3973, 3972, 3971, 3982, 4295, 4299, 4301, 4202, 4215, 4220, 4223, 4255, 4233, 4234, 4242, 4265, 4244, 4243, 5336, 5338, 5341, 5339, 5345, 5324, 5347, 5346, 5357, 5358, 5364]",0.043998500012094155,success,,71.92543485210625,79.15859241843712,28.034314164019293,29.378278330705577,50.00000000000003,58.25838329176161
stl_midamerica_to_st_louis_lambert_2026-01-12_0241,midamerica_to_st_louis_lambert,MidAmerica to St. Louis Lambert,MidAmerica St. Louis Airport,St. Louis Lambert International Airport,38.5451731,-89.8351856,38.7486982,-90.3700257,2026-01-12,January 12th - Monday,w_0241,0.5,0.1,0.3,0.1,96,"[8877, 8879, 8896, 8900, 8924, 8930, 10012, 10015, 10019, 10053, 10057, 10054, 10061, 10051, 10049, 10048, 10050, 10254, 10256, 10255, 10261, 10280, 10281, 10292, 10293, 10304, 10305, 10306, 10319, 10321, 10320, 10318, 10355, 10358, 10356, 10357, 10336, 10335, 10337, 10334, 2551, 2550, 2552, 2549, 2542, 2541, 2545, 2560, 2564, 2588, 2591, 2871, 2875, 2874, 2877, 4088, 4115, 4119, 4121, 4102, 4103, 4127, 4129, 3961, 4286, 4285, 3974, 3973, 3972, 3971, 3982, 4295, 4299, 4301, 4202, 4215, 4220, 4223, 4255, 4233, 4234, 4242, 4265, 4244, 4243, 5336, 5338, 5341, 5339, 5345, 5324, 5347, 5346, 5357, 5358, 5364]",0.04220889997668564,success,,71.92543485210625,79.15859241843712,28.034314164019293,29.378278330705577,50.00000000000003,56.19621112483216
stl_midamerica_to_st_louis_lambert_2026-01-12_0242,midamerica_to_st_louis_lambert,MidAmerica to St. Louis Lambert,MidAmerica St. Louis Airport,St. Louis Lambert International Airport,38.5451731,-89.8351856,38.7486982,-90.3700257,2026-01-12,January 12th - Monday,w_0242,0.5,0.1,0.4,0.0,96,"[8877, 8876, 8868, 8869, 8870, 8867, 9753, 9754, 9755, 9744, 9746, 9747, 9745, 9737, 9736, 9734, 9735, 9919, 9916, 9918, 9917, 9935, 9934, 9936, 9930, 9931, 9928, 9929, 9839, 9841, 9875, 9872, 9855, 9853, 9858, 9860, 9868, 9869, 9870, 9871, 2208, 1967, 1966, 1976, 1991, 1995, 1996, 2005, 2004, 2231, 2229, 2195, 2197, 2196, 2408, 2420, 2422, 2419, 2423, 2205, 2206, 2449, 2345, 2370, 2373, 2398, 2394, 2397, 2712, 2716, 2739, 2746, 2769, 2773, 3985, 3988, 3992, 3994, 4019, 4020, 4023, 4055, 4059, 4063, 4064, 5048, 5052, 5076, 5082, 5299, 5304, 5319, 5321, 5357, 5358, 5364]",0.04047999999602325,success,,71.88092581030025,79.10960733956342,40.8947118406023,25.216624293588424,62.40000000000001,53.73092457127731
stl_midamerica_to_st_louis_lambert_2026-01-12_0243,midamerica_to_st_louis_lambert,MidAmerica to St. Louis Lambert,MidAmerica St. Louis Airport,St. Louis Lambert International Airport,38.5451731,-89.8351856,38.7486982,-90.3700257,2026-01-12,January 12th - Monday,w_0243,0.5,0.2,0.0,0.3,97,"[8877, 8881, 8904, 8922, 8923, 8927, 9145, 10016, 10018, 10062, 10055, 10058, 10094, 10096, 10103, 10104, 10110, 10109, 10291, 10512, 10290, 10513, 10298, 10295, 10296, 10297, 10307, 10305, 10306, 10319, 10321, 10320, 10318, 10211, 10210, 10208, 10209, 10326, 10328, 10329, 10327, 2522, 2524, 2523, 2514, 2517, 2515, 2516, 2530, 2534, 2532, 2558, 2840, 2839, 2838, 2827, 2849, 2848, 2850, 2837, 2861, 2866, 2889, 3896, 3898, 3901, 3902, 3914, 3948, 3947, 3952, 3940, 3942, 3943, 3941, 4043, 4066, 4067, 4068, 4185, 4187, 4188, 4080, 4205, 4207, 4212, 5309, 5313, 5335, 5337, 5320, 5322, 5323, 5346, 5357, 5358, 5364]",0.043992599996272475,success,,72.29291693161697,79.56303021172793,21.70319333025272,49.82970210380959,48.00000000000003,58.52215377191452
stl_midamerica_to_st_louis_lambert_2026-01-12_0244,midamerica_to_st_louis_lambert,MidAmerica to St. Louis Lambert,MidAmerica St. Louis Airport,St. Louis Lambert International Airport,38.5451731,-89.8351856,38.7486982,-90.3700257,2026-01-12,January 12th - Monday,w_0244,0.5,0.2,0.1,0.2,97,"[8877, 8879, 8896, 8900, 8924, 8930, 10012, 10015, 10018, 10062, 10055, 10058, 10094, 10096, 10103, 10104, 10110, 10109, 10516, 10515, 10514, 10517, 10522, 10299, 10300, 10301, 10311, 10532, 10533, 10349, 10347, 10348, 10346, 10359, 10358, 10356, 10357, 10336, 10335, 10337, 10334, 2551, 2550, 2552, 2549, 2542, 2541, 2545, 2560, 2564, 2588, 2591, 2868, 2847, 2846, 2845, 2878, 2879, 2884, 2883, 2893, 4095, 4096, 3932, 3933, 3958, 3962, 3974, 3973, 3972, 3971, 3982, 4295, 4299, 4301, 4202, 4215, 4220, 4223, 4255, 4233, 4234, 4242, 4265, 4244, 4243, 5336, 5338, 5341, 5339, 5345, 5324, 5347, 5346, 5357, 5358, 5364]",0.043037099996581674,success,,72.3010413626021,79.5719716734279,21.951416967409095,32.29251262086083,50.00000000000003,57.40552049228185
stl_midamerica_to_st_louis_lambert_2026-01-12_0245,midamerica_to_st_louis_lambert,MidAmerica to St. Louis Lambert,MidAmerica St. Louis Airport,St. Louis Lambert International Airport,38.5451731,-89.8351856,38.7486982,-90.3700257,2026-01-12,January 12th - Monday,w_0245,0.5,0.2,0.2,0.1,97,"[8877, 8879, 8896, 8900, 8924, 8930, 10012, 10015, 10018, 10062, 10055, 10058, 10094, 10096, 10103, 10104, 10110, 10109, 10516, 10515, 10514, 10517, 10522, 10299, 10300, 10301, 10311, 10532, 10533, 10349, 10347, 10348, 10346, 10359, 10358, 10356, 10357, 10336, 10335, 10337, 10334, 2551, 2550, 2552, 2549, 2542, 2541, 2545, 2560, 2564, 2588, 2591, 2871, 2875, 2874, 2873, 2887, 4091, 4093, 4117, 4102, 4103, 4127, 4129, 3961, 4286, 4285, 3974, 3973, 3972, 3971, 3982, 4295, 4299, 4301, 4202, 4215, 4220, 4223, 4255, 4233, 4234, 4242, 4265, 4244, 4243, 5336, 5338, 5341, 5339, 5345, 5324, 5347, 5346, 5357, 5358, 5364]",0.04147279998869635,success,,72.30252074882938,79.57359983364181,22.59187976175319,31.58260574195653,50.00000000000003,55.62169701756285
stl_midamerica_to_st_louis_lambert_2026-01-12_0246,midamerica_to_st_louis_lambert,MidAmerica to St. Louis Lambert,MidAmerica St. Louis Airport,St. Louis Lambert International Airport,38.5451731,-89.8351856,38.7486982,-90.3700257,2026-01-12,January 12th - Monday,w_0246,0.5,0.2,0.3,0.0,96,"[8877, 8876, 8868, 8869, 8870, 8867, 9758, 9759, 9761, 9774, 9773, 9775, 9772, 9769, 9771, 9795, 9801, 10007, 10009, 10232, 10238, 10243, 10244, 10242, 10245, 10263, 10266, 10270, 10315, 10321, 10320, 10318, 10355, 10358, 10356, 10357, 10336, 10335, 10337, 10334, 2551, 2550, 2552, 2549, 2542, 2541, 2545, 2560, 2564, 2588, 2591, 2871, 2875, 2874, 2873, 2887, 4091, 4093, 4117, 4102, 4103, 4127, 4129, 3961, 4286, 4285, 3974, 3973, 3972, 3971, 3982, 4295, 4299, 4301, 4202, 4215, 4220, 4223, 4255, 4233, 4234, 4242, 4265, 4244, 4243, 5336, 5338, 5341, 5339, 5345, 5324, 5347, 5346, 5357, 5358, 5364]",0.03911259997403249,success,,71.92018077297729,79.15280996457837,24.25416441885999,30.47936292714113,54.000000000000036,53.57104674420352
stl_midamerica_to_st_louis_lambert_2026-01-12_0247,midamerica_to_st_louis_lambert,MidAmerica to St. Louis Lambert,MidAmerica St. Louis Airport,St. Louis Lambert International Airport,38.5451731,-89.8351856,38.7486982,-90.3700257,2026-01-12,January 12th - Monday,w_0247,0.5,0.3,0.0,0.2,97,"[8877, 8881, 8904, 8922, 8923, 8927, 9145, 10016, 10018, 10062, 10055, 10058, 10094, 10096, 10103, 10104, 10110, 10109, 10516, 10515, 10514, 10517, 10522, 10299, 10300, 10301, 10309, 10308, 10533, 10363, 10350, 10351, 10366, 10376, 10374, 10379, 10378, 10391, 10402, 10403, 10390, 2577, 2576, 2598, 2575, 2587, 10714, 10713, 10722, 2597, 10723, 2596, 2876, 2875, 2874, 2873, 2885, 2886, 2884, 2883, 2893, 4095, 4096, 3932, 3933, 3958, 3962, 3967, 3970, 3969, 3968, 3981, 3978, 3983, 4297, 4198, 4199, 4201, 4216, 4229, 4232, 4230, 4242, 4265, 4244, 4243, 5336, 5338, 5335, 5337, 5320, 5322, 5323, 5346, 5357, 5358, 5364]",0.03991110000060871,success,,72.30341780160983,79.57458709823842,18.490306706808305,42.46350456731732,50.60000000000003,55.45438556116171
stl_midamerica_to_st_louis_lambert_2026-01-12_0248,midamerica_to_st_louis_lambert,MidAmerica to St. Louis Lambert,MidAmerica St. Louis Airport,St. Louis Lambert International Airport,38.5451731,-89.8351856,38.7486982,-90.3700257,2026-01-12,January 12th - Monday,w_0248,0.5,0.3,0.1,0.1,97,"[8877, 8881, 8904, 8922, 8923, 8927, 9145, 10016, 10018, 10062, 10055, 10058, 10094, 10096, 10103, 10104, 10110, 10109, 10516, 10515, 10514, 10517, 10522, 10299, 10524, 10529, 10538, 10539, 10537, 10367, 10364, 10365, 10370, 10381, 10380, 10379, 10378, 10391, 10402, 10404, 10408, 2604, 2605, 2606, 2603, 10716, 10717, 10718, 10729, 10730, 10744, 10745, 2907, 4107, 4109, 4112, 4145, 4150, 4149, 4153, 4175, 4133, 4132, 4134, 3964, 4286, 4285, 3974, 3973, 3972, 3971, 3982, 4295, 3983, 4297, 4198, 4199, 4201, 4216, 4229, 4232, 4230, 4242, 4265, 4244, 4243, 5336, 5338, 5341, 5339, 5345, 5324, 5347, 5346, 5357, 5358, 5364]",0.03859919999376871,success,,72.30828212957256,79.5799406057338,18.69733715578537,37.40028504900544,51.20000000000003,54.25919995450305
stl_midamerica_to_st_louis_lambert_2026-01-12_0249,midamerica_to_st_louis_lambert,MidAmerica to St. Louis Lambert,MidAmerica St. Louis Airport,St. Louis Lambert International Airport,38.5451731,-89.8351856,38.7486982,-90.3700257,2026-01-12,January 12th - Monday,w_0249,0.5,0.3,0.2,0.0,97,"[8877, 8879, 8896, 8900, 8924, 8930, 10012, 10015, 10018, 10062, 10055, 10058, 10094, 10096, 10103, 10104, 10110, 10109, 10516, 10515, 10514, 10517, 10522, 10299, 10524, 10529, 10538, 10539, 10537, 10367, 10364, 10365, 10370, 10381, 10380, 10379, 10378, 10391, 10402, 10404, 10408, 2604, 2605, 2606, 2603, 10716, 10717, 10718, 10729, 10730, 10744, 10746, 4111, 4137, 4138, 4139, 4148, 4150, 4149, 4153, 4175, 4133, 4132, 4134, 3964, 4286, 4285, 3974, 3973, 3972, 3971, 3982, 4295, 4299, 4301, 4202, 4215, 4220, 4223, 4255, 4233, 4234, 4242, 4265, 4244, 4243, 5336, 5338, 5341, 5339, 5345, 5324, 5347, 5346, 5357, 5358, 5364]",0.03632449998985976,success,,72.30912723432323,79.58087069816422,19.762251507597586,34.53833806051532,51.20000000000003,52.62677841346445
stl_midamerica_to_st_louis_lambert_2026-01-12_0250,midamerica_to_st_louis_lambert,MidAmerica to St. Louis Lambert,MidAmerica St. Louis Airport,St. Louis Lambert International Airport,38.5451731,-89.8351856,38.7486982,-90.3700257,2026-01-12,January 12th - Monday,w_0250,0.5,0.4,0.0,0.1,98,"[8877, 8881, 8904, 8922, 8923, 8927, 9145, 10016, 10018, 10062, 10055, 10058, 10094, 10096, 10103, 10104, 10110, 10109, 10516, 10515, 10514, 10517, 10522, 10299, 10300, 10301, 10309, 10308, 10533, 10363, 10350, 10351, 10366, 10376, 10374, 10379, 10614, 10407, 10410, 10411, 10408, 2604, 2605, 2606, 2603, 10715, 10714, 10713, 10722, 2597, 10723, 2596, 2876, 2875, 2874, 2873, 2885, 2886, 2884, 2883, 2890, 2891, 2895, 3904, 3925, 3926, 3931, 3951, 3954, 3953, 3966, 3944, 3977, 3976, 3941, 4043, 4066, 4067, 4068, 4185, 4187, 4186, 4076, 4075, 4082, 4084, 5080, 5084, 5310, 5311, 5337, 5320, 5322, 5323, 5346, 5357, 5358, 5364]",0.034927899978356436,success,,73.20963090489165,80.57193322251891,16.535156841253748,45.64101419932393,51.400000000000034,52.040029347760964
stl_midamerica_to_st_louis_lambert_2026-01-12_0251,midamerica_to_st_louis_lambert,MidAmerica to St. Louis Lambert,MidAmerica St. Louis Airport,St. Louis Lambert International Airport,38.5451731,-89.8351856,38.7486982,-90.3700257,2026-01-12,January 12th - Monday,w_0251,0.5,0.4,0.1,0.0,97,"[8877, 8881, 8904, 8922, 8923, 8927, 9145, 10016, 10018, 10062, 10055, 10058, 10094, 10096, 10103, 10104, 10110, 10109, 10516, 10515, 10514, 10517, 10522, 10299, 10524, 10529, 10538, 10539, 10537, 10367, 10364, 10365, 10370, 10381, 10380, 10379, 10378, 10391, 10402, 10404, 10408, 2604, 2605, 2606, 2603, 10716, 10717, 10718, 10729, 10730, 10744, 10745, 2907, 4107, 4109, 4112, 4145, 4150, 4149, 4153, 4175, 4133, 4132, 4134, 3964, 4286, 4285, 3974, 3973, 3972, 3971, 3982, 4295, 3983, 4297, 4198, 4199, 4201, 4216, 4229, 4232, 4230, 4242, 4265, 4244, 4243, 5336, 5338, 5341, 5339, 5345, 5324, 5347, 5346, 5357, 5358, 5364]",0.034111799992388114,success,,72.30828212957256,79.5799406057338,18.69733715578537,37.40028504900544,51.20000000000003,51.00893367008159
stl_midamerica_to_st_louis_lambert_2026-01-12_0252,midamerica_to_st_louis_lambert,MidAmerica to St. Louis Lambert,MidAmerica St. Louis Airport,St. Louis Lambert International Airport,38.5451731,-89.8351856,38.7486982,-90.3700257,2026-01-12,January 12th - Monday,w_0252,0.5,0.5,0.0,0.0,101,"[8877, 8881, 8905, 8906, 8933, 8929, 9143, 9146, 9173, 10020, 10063, 10067, 10069, 10083, 10099, 10422, 10101, 10106, 10104, 10110, 10109, 10516, 10515, 10514, 10517, 10522, 10299, 10300, 10301, 10309, 10308, 10533, 10363, 10350, 10351, 10366, 10376, 10374, 10379, 10614, 10407, 10410, 10411, 10408, 2604, 2605, 2606, 2603, 10715, 10714, 10713, 10722, 2597, 10723, 2596, 2876, 2875, 2874, 2873, 2885, 2886, 2884, 2883, 2890, 2891, 2895, 3904, 3925, 3926, 3931, 3951, 3954, 3953, 3966, 3944, 3977, 3976, 3941, 4043, 4066, 4067, 4068, 4185, 4187, 4186, 4076, 4075, 4082, 4084, 5080, 5084, 5310, 5311, 5337, 5320, 5322, 5323, 5346, 5357, 5358, 5364]",0.02929879998555407,success,,74.33446617337505,81.80988717773442,15.248764097267292,45.52017028325674,53.400000000000034,48.52932563750086
stl_midamerica_to_st_louis_lambert_2026-01-12_0253,midamerica_to_st_louis_lambert,MidAmerica to St. Louis Lambert,MidAmerica St. Louis Airport,St. Louis Lambert International Airport,38.5451731,-89.8351856,38.7486982,-90.3700257,2026-01-12,January 12th - Monday,w_0253,0.6,0.0,0.0,0.4,96,"[8877, 8876, 8892, 8897, 8899, 8926, 9788, 10013, 10014, 10036, 10052, 10054, 10061, 10051, 10049, 10048, 10050, 10253, 10252, 10241, 10240, 10248, 10246, 10247, 10245, 10231, 10230, 10262, 10150, 10148, 10149, 10151, 10161, 10159, 10158, 10160, 10166, 10168, 10167, 10169, 2247, 2269, 2268, 2257, 2256, 2254, 2279, 2293, 2296, 2301, 2303, 2491, 2492, 2818, 2496, 2507, 2506, 2828, 2505, 2809, 2811, 2810, 2728, 2730, 2731, 2729, 2715, 2717, 2714, 2716, 2738, 2741, 2745, 2747, 2684, 2687, 3987, 3990, 4016, 4017, 4022, 4029, 4034, 4060, 4064, 5048, 5052, 5076, 5082, 5299, 5304, 5319, 5321, 5357, 5358, 5364]",0.03922249999595806,success,,71.90057520712594,79.13123277148179,53.29567736851651,39.307370558879065,46.20000000000003,65.95873966288909
stl_midamerica_to_st_louis_lambert_2026-01-12_0254,midamerica_to_st_louis_lambert,MidAmerica to St. Louis Lambert,MidAmerica St. Louis Airport,St. Louis Lambert International Airport,38.5451731,-89.8351856,38.7486982,-90.3700257,2026-01-12,January 12th - Monday,w_0254,0.6,0.0,0.1,0.3,96,"[8877, 8879, 8896, 8900, 8924, 8930, 9788, 10013, 10014, 10036, 10052, 10054, 10061, 10051, 10049, 10048, 10050, 10253, 10252, 10241, 10240, 10248, 10246, 10247, 10251, 10263, 10265, 10264, 10178, 10179, 10177, 10176, 10199, 10198, 10196, 10197, 10185, 10187, 10186, 10184, 2273, 2275, 2274, 2285, 2283, 2284, 2282, 2293, 2296, 2301, 2303, 2491, 2492, 2818, 2496, 2507, 2506, 2828, 2505, 2809, 2811, 2810, 2728, 2730, 2731, 2732, 2755, 2757, 2782, 2780, 2775, 2802, 2805, 3917, 4011, 4010, 4009, 4008, 4019, 4017, 4022, 4029, 4034, 4060, 4064, 5048, 5052, 5076, 5082, 5299, 5304, 5319, 5321, 5357, 5358, 5364]",0.03906149999238551,success,,71.90426353299135,79.13529201261795,47.43914947171872,34.80234292300875,46.20000000000003,64.82140949987166
stl_midamerica_to_st_louis_lambert_2026-01-12_0255,midamerica_to_st_louis_lambert,MidAmerica to St. Louis Lambert,MidAmerica St. Louis Airport,St. Louis Lambert International Airport,38.5451731,-89.8351856,38.7486982,-90.3700257,2026-01-12,January 12th - Monday,w_0255,0.6,0.0,0.2,0.2,96,"[8877, 8879, 8896, 8900, 8924, 8930, 9788, 10013, 10014, 10036, 10052, 10054, 10061, 10051, 10049, 10048, 10050, 10253, 10252, 10241, 10240, 10249, 10275, 10277, 10293, 10304, 10305, 10306, 10319, 10321, 10320, 10318, 10355, 10358, 10356, 10357, 10336, 10335, 10337, 10334, 2551, 2550, 2552, 2549, 2542, 2541, 2543, 2537, 2563, 2562, 2561, 2840, 2842, 2843, 2845, 2878, 2879, 2884, 2883, 2890, 2891, 2892, 3896, 2796, 2797, 3895, 3890, 3891, 3892, 3889, 2803, 2806, 3915, 3917, 4011, 4010, 4009, 4008, 4019, 4017, 4022, 4029, 4034, 4060, 4064, 5048, 5052, 5076, 5082, 5299, 5304, 5319, 5321, 5357, 5358, 5364]",0.03683430000091903,success,,71.91350325790738,79.1454609274141,43.11762759908802,29.97318661226534,48.00000000000003,63.08191387890154
stl_midamerica_to_st_louis_lambert_2026-01-12_0256,midamerica_to_st_louis_lambert,MidAmerica to St. Louis Lambert,MidAmerica St. Louis Airport,St. Louis Lambert International Airport,38.5451731,-89.8351856,38.7486982,-90.3700257,2026-01-12,January 12th - Monday,w_0256,0.6,0.0,0.3,0.1,96,"[8877, 8879, 8896, 8900, 8924, 8930, 9788, 10013, 10014, 10036, 10052, 10054, 10061, 10051, 10049, 10048, 10050, 10253, 10252, 10241, 10240, 10249, 10275, 10277, 10293, 10304, 10305, 10306, 10319, 10321, 10320, 10318, 10355, 10358, 10356, 10357, 10336, 10335, 10337, 10334, 2551, 2550, 2552, 2549, 2544, 2578, 2582, 2565, 2589, 2592, 2596, 2899, 2902, 2904, 2905, 4116, 4122, 4123, 4121, 4102, 4103, 4127, 4129, 3961, 4286, 4285, 3974, 3973, 3972, 3971, 3982, 4295, 4299, 4301, 4202, 4203, 4204, 4216, 4226, 4227, 4230, 4242, 4265, 4268, 4271, 5368, 5367, 5370, 5369, 5353, 5352, 5375, 5354, 5363, 5362, 5364]",0.03509150000172667,success,,71.92629819993202,79.15954258855145,34.27496549757395,28.89366849937613,50.00000000000003,61.1638261029437
stl_midamerica_to_st_louis_lambert_2026-01-12_0257,midamerica_to_st_louis_lambert,MidAmerica to St. Louis Lambert,MidAmerica St. Louis Airport,St. Louis Lambert International Airport,38.5451731,-89.8351856,38.7486982,-90.3700257,2026-01-12,January 12th - Monday,w_0257,0.6,0.0,0.4,0.0,97,"[8877, 8861, 8864, 8865, 8866, 8863, 7715, 7716, 9752, 9731, 9742, 9743, 9730, 9733, 9721, 9732, 9720, 9915, 7793, 7795, 7796, 7804, 7803, 7805, 7813, 7814, 7811, 7812, 9817, 9816, 9819, 9818, 7904, 7901, 9823, 9822, 9844, 9847, 9849, 9846, 1959, 1958, 1937, 1947, 1969, 1973, 1988, 2002, 2004, 2231, 2229, 2195, 2197, 2196, 2408, 2420, 2422, 2419, 2423, 2205, 2206, 2449, 2345, 2370, 2373, 2398, 2394, 2397, 2712, 2716, 2739, 2746, 2769, 2747, 2681, 2682, 2685, 3986, 2706, 4015, 4018, 4025, 4030, 4033, 4057, 5034, 5048, 5052, 5076, 5082, 5299, 5304, 5319, 5321, 5357, 5358, 5364]",0.029820700001437217,success,,73.315997479373,80.68899651638182,50.80701756737244,22.040817991423133,63.000000000000014,57.22972510639835
stl_midamerica_to_st_louis_lambert_2026-01-12_0258,midamerica_to_st_louis_lambert,MidAmerica to St. Louis Lambert,MidAmerica St. Louis Airport,St. Louis Lambert International Airport,38.5451731,-89.8351856,38.7486982,-90.3700257,2026-01-12,January 12th - Monday,w_0258,0.6,0.1,0.0,0.3,96,"[8877, 8879, 8896, 8900, 8924, 8930, 10012, 10015, 10019, 10053, 10057, 10060, 10092, 10076, 10080, 10105, 10109, 10291, 10512, 10290, 10513, 10298, 10295, 10296, 10297, 10307, 10305, 10306, 10319, 10321, 10320, 10318, 10211, 10210, 10208, 10209, 10326, 10328, 10329, 10327, 2522, 2524, 2523, 2514, 2517, 2515, 2516, 2530, 2534, 2532, 2558, 2840, 2839, 2838, 2827, 2849, 2848, 2850, 2837, 2861, 2866, 2889, 3896, 3898, 3901, 3902, 3914, 3948, 3947, 3952, 3940, 3942, 3943, 3941, 4043, 4042, 4041, 4040, 4051, 4054, 4186, 4080, 4205, 4207, 4212, 5309, 5313, 5335, 5337, 5320, 5322, 5323, 5346, 5357, 5358, 5364]",0.03752280000480823,success,,71.91755552376524,79.14992070804759,24.36028291495292,50.175475023887095,47.60000000000003,64.20598071632385
stl_midamerica_to_st_louis_lambert_2026-01-12_0259,midamerica_to_st_louis_lambert,MidAmerica to St. Louis Lambert,MidAmerica St. Louis Airport,St. Louis Lambert International Airport,38.5451731,-89.8351856,38.7486982,-90.3700257,2026-01-12,January 12th - Monday,w_0259,0.6,0.1,0.1,0.2,96,"[8877, 8879, 8896, 8900, 8924, 8930, 10012, 10015, 10019, 10053, 10057, 10060, 10092, 10076, 10080, 10105, 10109, 10516, 10515, 10514, 10517, 10522, 10299, 10300, 10301, 10311, 10532, 10533, 10349, 10347, 10348, 10346, 10359, 10358, 10356, 10357, 10336, 10335, 10337, 10334, 2551, 2550, 2552, 2549, 2542, 2541, 2545, 2560, 2564, 2588, 2591, 2871, 2875, 2874, 2873, 2887, 4091, 4093, 4117, 4102, 4103, 4127, 4129, 3961, 4286, 4285, 3974, 3973, 3972, 3971, 3982, 4295, 4299, 4301, 4202, 4215, 4220, 4223, 4255, 4233, 4234, 4242, 4265, 4244, 4243, 5336, 5338, 5341, 5339, 5345, 5324, 5347, 5346, 5357, 5358, 5364]",0.03666769998380914,success,,71.92756267089268,79.16093422061603,24.305918390557228,31.58260574195653,50.00000000000003,63.085412945620995
stl_midamerica_to_st_louis_lambert_2026-01-12_0260,midamerica_to_st_louis_lambert,MidAmerica to St. Louis Lambert,MidAmerica St. Louis Airport,St. Louis Lambert International Airport,38.5451731,-89.8351856,38.7486982,-90.3700257,2026-01-12,January 12th - Monday,w_0260,0.6,0.1,0.2,0.1,96,"[8877, 8879, 8896, 8900, 8924, 8930, 10012, 10015, 10019, 10053, 10057, 10054, 10061, 10051, 10049, 10048, 10050, 10254, 10256, 10255, 10261, 10280, 10281, 10292, 10293, 10304, 10305, 10306, 10319, 10321, 10320, 10318, 10355, 10358, 10356, 10357, 10336, 10335, 10337, 10334, 2551, 2550, 2552, 2549, 2542, 2541, 2545, 2560, 2564, 2588, 2591, 2871, 2875, 2874, 2877, 4088, 4115, 4119, 4121, 4102, 4103, 4127, 4129, 3961, 4286, 4285, 3974, 3973, 3972, 3971, 3982, 4295, 4299, 4301, 4202, 4215, 4220, 4223, 4255, 4233, 4234, 4242, 4265, 4244, 4243, 5336, 5338, 5341, 5339, 5345, 5324, 5347, 5346, 5357, 5358, 5364]",0.03425600001355633,success,,71.92543485210625,79.15859241843712,28.034314164019293,29.378278330705577,50.00000000000003,61.17424253360532
stl_midamerica_to_st_louis_lambert_2026-01-12_0261,midamerica_to_st_louis_lambert,MidAmerica to St. Louis Lambert,MidAmerica St. Louis Airport,St. Louis Lambert International Airport,38.5451731,-89.8351856,38.7486982,-90.3700257,2026-01-12,January 12th - Monday,w_0261,0.6,0.1,0.3,0.0,96,"[8877, 8876, 8868, 8869, 8870, 8867, 9758, 9759, 9761, 9774, 9773, 9775, 9772, 9764, 9765, 9767, 9792, 9978, 10003, 10005, 10010, 10219, 10244, 10247, 10251, 10263, 10266, 10270, 10315, 10321, 10320, 10318, 10355, 10358, 10356, 10357, 10336, 10335, 10337, 10334, 2551, 2550, 2552, 2549, 2542, 2541, 2545, 2560, 2564, 2588, 2591, 2871, 2875, 2874, 2877, 4088, 4115, 4119, 4121, 4102, 4103, 4127, 4129, 3961, 4286, 4285, 3974, 3973, 3972, 3971, 3982, 4295, 4299, 4301, 4202, 4215, 4220, 4223, 4255, 4233, 4234, 4242, 4265, 4244, 4243, 5336, 5338, 5341, 5339, 5345, 5324, 5347, 5346, 5357, 5358, 5364]",0.032412100001238286,success,,71.91983486482316,79.15242927028513,26.00783937807889,29.615112745143104,54.000000000000036,58.97677532352189
stl_midamerica_to_st_louis_lambert_2026-01-12_0262,midamerica_to_st_louis_lambert,MidAmerica to St. Louis Lambert,MidAmerica St. Louis Airport,St. Louis Lambert International Airport,38.5451731,-89.8351856,38.7486982,-90.3700257,2026-01-12,January 12th - Monday,w_0262,0.6,0.2,0.0,0.2,97,"[8877, 8881, 8904, 8922, 8923, 8927, 9145, 10016, 10018, 10062, 10055, 10058, 10094, 10096, 10103, 10104, 10110, 10109, 10516, 10515, 10514, 10517, 10522, 10299, 10300, 10301, 10309, 10308, 10533, 10363, 10350, 10351, 10366, 10376, 10374, 10379, 10378, 10391, 10402, 10403, 10390, 2577, 2576, 2598, 2575, 2587, 10714, 10713, 10722, 2597, 10723, 2596, 2876, 2875, 2874, 2873, 2885, 2886, 2884, 2883, 2890, 2891, 2895, 3904, 3925, 3926, 3927, 3914, 3948, 3947, 3952, 3940, 3942, 3943, 3941, 4043, 4066, 4067, 4068, 4185, 4187, 4188, 4080, 4205, 4207, 4212, 5309, 5313, 5335, 5337, 5320, 5322, 5323, 5346, 5357, 5358, 5364]",0.03415530000347644,success,,72.30002205185355,79.57084985603105,19.20083244972395,47.104612535942294,49.80000000000003,61.542676403563426
stl_midamerica_to_st_louis_lambert_2026-01-12_0263,midamerica_to_st_louis_lambert,MidAmerica to St. Louis Lambert,MidAmerica St. Louis Airport,St. Louis Lambert International Airport,38.5451731,-89.8351856,38.7486982,-90.3700257,2026-01-12,January 12th - Monday,w_0263,0.6,0.2,0.1,0.1,97,"[8877, 8879, 8896, 8900, 8924, 8930, 10012, 10015, 10018, 10062, 10055, 10058, 10094, 10096, 10103, 10104, 10110, 10109, 10516, 10515, 10514, 10517, 10522, 10299, 10524, 10529, 10538, 10539, 10537, 10367, 10364, 10365, 10370, 10381, 10380, 10379, 10378, 10391, 10402, 10404, 10408, 2604, 2605, 2606, 2603, 10716, 10717, 10718, 10729, 10730, 10744, 10746, 4111, 4137, 4138, 4139, 4148, 4150, 4149, 4153, 4175, 4133, 4132, 4134, 3964, 4286, 4285, 3974, 3973, 3972, 3971, 3982, 4295, 4299, 4301, 4202, 4215, 4220, 4223, 4255, 4233, 4234, 4242, 4265, 4244, 4243, 5336, 5338, 5341, 5339, 5345, 5324, 5347, 5346, 5357, 5358, 5364]",0.034206399985123426,success,,72.30912723432323,79.58087069816422,19.762251507597586,34.53833806051532,51.20000000000003,60.27480652646959
stl_midamerica_to_st_louis_lambert_2026-01-12_0264,midamerica_to_st_louis_lambert,MidAmerica to St. Louis Lambert,MidAmerica St. Louis Airport,St. Louis Lambert International Airport,38.5451731,-89.8351856,38.7486982,-90.3700257,2026-01-12,January 12th - Monday,w_0264,0.6,0.2,0.2,0.0,96,"[8877, 8876, 8868, 8869, 8870, 8867, 9758, 9759, 9761, 9774, 9773, 9775, 9772, 9769, 9771, 9795, 9801, 10007, 10009, 10232, 10238, 10243, 10244, 10242, 10245, 10263, 10266, 10270, 10315, 10321, 10320, 10318, 10355, 10358, 10356, 10357, 10336, 10335, 10337, 10334, 2551, 2550, 2552, 2549, 2542, 2541, 2545, 2560, 2564, 2588, 2591, 2871, 2875, 2874, 2873, 2887, 4091, 4093, 4117, 4102, 4103, 4127, 4129, 3961, 4286, 4285, 3974, 3973, 3972, 3971, 3982, 4295, 4299, 4301, 4202, 4215, 4220, 4223, 4255, 4233, 4234, 4242, 4265, 4244, 4243, 5336, 5338, 5341, 5339, 5345, 5324, 5347, 5346, 5357, 5358, 5364]",0.03160079999361187,success,,71.92018077297729,79.15280996457837,24.25416441885999,30.47936292714113,54.000000000000036,58.43839144794725
stl_midamerica_to_st_louis_lambert_2026-01-12_0265,midamerica_to_st_louis_lambert,MidAmerica to St. Louis Lambert,MidAmerica St. Louis Airport,St. Louis Lambert International Airport,38.5451731,-89.8351856,38.7486982,-90.3700257,2026-01-12,January 12th - Monday,w_0265,0.6,0.3,0.0,0.1,97,"[8877, 8881, 8904, 8922, 8923, 8927, 9145, 10016, 10018, 10062, 10055, 10058, 10094, 10096, 10103, 10104, 10110, 10109, 10516, 10515, 10514, 10517, 10522, 10299, 10300, 10301, 10309, 10308, 10533, 10363, 10350, 10351, 10366, 10376, 10374, 10379, 10614, 10407, 10410, 10411, 10408, 2604, 2605, 2606, 2603, 10715, 10714, 10713, 10722, 2597, 10723, 2596, 2876, 2875, 2874, 2873, 2885, 2886, 2884, 2883, 2893, 4095, 4096, 3932, 3933, 3958, 3962, 3967, 3970, 3969, 3968, 3981, 3978, 3983, 4297, 4198, 4199, 4201, 4216, 4229, 4232, 4230, 4242, 4265, 4244, 4243, 5336, 5338, 5335, 5337, 5320, 5322, 5323, 5346, 5357, 5358, 5364]",0.029909999982919544,success,,72.30407808706627,79.57531378508341,18.130648929851226,42.3612072967303,51.20000000000003,58.30438295000542
stl_midamerica_to_st_louis_lambert_2026-01-12_0266,midamerica_to_st_louis_lambert,MidAmerica to St. Louis Lambert,MidAmerica St. Louis Airport,St. Louis Lambert International Airport,38.5451731,-89.8351856,38.7486982,-90.3700257,2026-01-12,January 12th - Monday,w_0266,0.6,0.3,0.1,0.0,97,"[8877, 8881, 8904, 8922, 8923, 8927, 9145, 10016, 10018, 10062, 10055, 10058, 10094, 10096, 10103, 10104, 10110, 10109, 10516, 10515, 10514, 10517, 10522, 10299, 10524, 10529, 10538, 10539, 10537, 10367, 10364, 10365, 10370, 10381, 10380, 10379, 10378, 10391, 10402, 10404, 10408, 2604, 2605, 2606, 2603, 10716, 10717, 10718, 10729, 10730, 10744, 10745, 2907, 4107, 4109, 4112, 4145, 4150, 4149, 4153, 4175, 4133, 4132, 4134, 3964, 4286, 4285, 3974, 3973, 3972, 3971, 3982, 4295, 3983, 4297, 4198, 4199, 4201, 4216, 4229, 4232, 4230, 4242, 4265, 4244, 4243, 5336, 5338, 5341, 5339, 5345, 5324, 5347, 5346, 5357, 5358, 5364]",0.028714100015349686,success,,72.30828212957256,79.5799406057338,18.69733715578537,37.40028504900544,51.20000000000003,57.09719401507643
stl_midamerica_to_st_louis_lambert_2026-01-12_0267,midamerica_to_st_louis_lambert,MidAmerica to St. Louis Lambert,MidAmerica St. Louis Airport,St. Louis Lambert International Airport,38.5451731,-89.8351856,38.7486982,-90.3700257,2026-01-12,January 12th - Monday,w_0267,0.6,0.4,0.0,0.0,98,"[8877, 8881, 8904, 8922, 8923, 8927, 9145, 10016, 10018, 10062, 10055, 10058, 10094, 10096, 10103, 10104, 10110, 10109, 10516, 10515, 10514, 10517, 10522, 10299, 10300, 10301, 10309, 10308, 10533, 10363, 10350, 10351, 10366, 10376, 10374, 10379, 10614, 10407, 10410, 10411, 10408, 2604, 2605, 2606, 2603, 10715, 10714, 10713, 10722, 2597, 10723, 2596, 2876, 2875, 2874, 2873, 2885, 2886, 2884, 2883, 2890, 2891, 2895, 3904, 3925, 3926, 3927, 3914, 3948, 3947, 3952, 3940, 3942, 3943, 3941, 4043, 4066, 4067, 4068, 4185, 4187, 4186, 4076, 4075, 4082, 4084, 5080, 5084, 5310, 5311, 5337, 5320, 5322, 5323, 5346, 5357, 5358, 5364]",0.02409369999077171,success,,72.67568351997362,79.98428959544144,17.402031622593586,46.953102729943204,51.400000000000034,54.9513864063023
stl_midamerica_to_st_louis_lambert_2026-01-12_0268,midamerica_to_st_louis_lambert,MidAmerica to St. Louis Lambert,MidAmerica St. Louis Airport,St. Louis Lambert International Airport,38.5451731,-89.8351856,38.7486982,-90.3700257,2026-01-12,January 12th - Monday,w_0268,0.7,0.0,0.0,0.3,96,"[8877, 8876, 8892, 8897, 8899, 8926, 9788, 10013, 10014, 10036, 10052, 10054, 10061, 10051, 10049, 10048, 10050, 10253, 10252, 10241, 10240, 10248, 10246, 10247, 10245, 10231, 10230, 10262, 10150, 10148, 10149, 10151, 10161, 10159, 10158, 10160, 10166, 10168, 10167, 10169, 2247, 2269, 2268, 2257, 2256, 2254, 2279, 2293, 2296, 2301, 2303, 2491, 2492, 2818, 2496, 2507, 2506, 2828, 2505, 2809, 2811, 2810, 2728, 2730, 2731, 2729, 2715, 2717, 2714, 2716, 2738, 2741, 2745, 2747, 2684, 2687, 3987, 3990, 4016, 4017, 4022, 4029, 4034, 4060, 4064, 5048, 5052, 5076, 5082, 5299, 5304, 5319, 5321, 5357, 5358, 5364]",0.03133130000787787,success,,71.90057520712594,79.13123277148179,53.29567736851651,39.307370558879065,46.20000000000003,69.25186294003726
stl_midamerica_to_st_louis_lambert_2026-01-12_0269,midamerica_to_st_louis_lambert,MidAmerica to St. Louis Lambert,MidAmerica St. Louis Airport,St. Louis Lambert International Airport,38.5451731,-89.8351856,38.7486982,-90.3700257,2026-01-12,January 12th - Monday,w_0269,0.7,0.0,0.1,0.2,96,"[8877, 8879, 8896, 8900, 8924, 8930, 9788, 10013, 10014, 10036, 10052, 10054, 10061, 10051, 10049, 10048, 10050, 10253, 10252, 10241, 10240, 10249, 10275, 10277, 10293, 10304, 10305, 10306, 10319, 10321, 10320, 10318, 10355, 10358, 10356, 10357, 10336, 10335, 10337, 10334, 2551, 2550, 2552, 2549, 2542, 2541, 2543, 2537, 2563, 2562, 2561, 2840, 2842, 2843, 2845, 2878, 2879, 2884, 2883, 2890, 2891, 2892, 3896, 2796, 2797, 3895, 3890, 3891, 3892, 3889, 2803, 2806, 3915, 3917, 4011, 4010, 4009, 4008, 4019, 4017, 4022, 4029, 4034, 4060, 4064, 5048, 5052, 5076, 5082, 5299, 5304, 5319, 5321, 5357, 5358, 5364]",0.0288392000074964,success,,71.91350325790738,79.1454609274141,43.11762759908802,29.97318661226534,48.00000000000003,67.99914131041642
stl_midamerica_to_st_louis_lambert_2026-01-12_0270,midamerica_to_st_louis_lambert,MidAmerica to St. Louis Lambert,MidAmerica St. Louis Airport,St. Louis Lambert International Airport,38.5451731,-89.8351856,38.7486982,-90.3700257,2026-01-12,January 12th - Monday,w_0270,0.7,0.0,0.2,0.1,96,"[8877, 8879, 8896, 8900, 8924, 8930, 9788, 10013, 10014, 10036, 10052, 10054, 10061, 10051, 10049, 10048, 10050, 10253, 10252, 10241, 10240, 10249, 10275, 10277, 10293, 10304, 10305, 10306, 10319, 10321, 10320, 10318, 10355, 10358, 10356, 10357, 10336, 10335, 10337, 10334, 2551, 2550, 2552, 2549, 2544, 2578, 2582, 2565, 2589, 2592, 2596, 2899, 2902, 2904, 2905, 4116, 4122, 4123, 4121, 4102, 4103, 4127, 4129, 3961, 4286, 4285, 3974, 3973, 3972, 3971, 3982, 4295, 4299, 4301, 4202, 4203, 4204, 4216, 4226, 4227, 4230, 4242, 4265, 4268, 4271, 5368, 5367, 5370, 5369, 5353, 5352, 5375, 5354, 5363, 5362, 5364]",0.029308199998922646,success,,71.92629819993202,79.15954258855145,34.27496549757395,28.89366849937613,50.00000000000003,66.19041351186124
stl_midamerica_to_st_louis_lambert_2026-01-12_0271,midamerica_to_st_louis_lambert,MidAmerica to St. Louis Lambert,MidAmerica St. Louis Airport,St. Louis Lambert International Airport,38.5451731,-89.8351856,38.7486982,-90.3700257,2026-01-12,January 12th - Monday,w_0271,0.7,0.0,0.3,0.0,96,"[8877, 8876, 8868, 8869, 8870, 8867, 9753, 9754, 9755, 9744, 9746, 9747, 9745, 9737, 9736, 9734, 9735, 9919, 9916, 9918, 9917, 9935, 9934, 9936, 9930, 9931, 9928, 9929, 9839, 9841, 9875, 9872, 9855, 9853, 9858, 9860, 9868, 9869, 9870, 9871, 2208, 1967, 2211, 1990, 1991, 1995, 1996, 2005, 2004, 2231, 2229, 2195, 2197, 2196, 2408, 2420, 2422, 2419, 2423, 2205, 2206, 2449, 2345, 2370, 2373, 2398, 2394, 2397, 2712, 2716, 2739, 2746, 2769, 2773, 3985, 3988, 3992, 3990, 4016, 4017, 4022, 4029, 4034, 4060, 4064, 5048, 5052, 5076, 5082, 5299, 5304, 5319, 5321, 5357, 5358, 5364]",0.02504650002811104,success,,71.88073010391533,79.10939195203062,42.723931708907756,25.127137749478173,62.000000000000014,62.91471569126488
stl_midamerica_to_st_louis_lambert_2026-01-12_0272,midamerica_to_st_louis_lambert,MidAmerica to St. Louis Lambert,MidAmerica St. Louis Airport,St. Louis Lambert International Airport,38.5451731,-89.8351856,38.7486982,-90.3700257,2026-01-12,January 12th - Monday,w_0272,0.7,0.1,0.0,0.2,96,"[8877, 8879, 8896, 8900, 8924, 8930, 10012, 10015, 10019, 10053, 10057, 10060, 10092, 10076, 10080, 10105, 10109, 10291, 10512, 10290, 10513, 10298, 10295, 10296, 10297, 10307, 10305, 10306, 10319, 10321, 10320, 10318, 10211, 10210, 10208, 10209, 10326, 10328, 10329, 10327, 2522, 2524, 2523, 2514, 2517, 2515, 2516, 2530, 2534, 2532, 2558, 2840, 2839, 2838, 2827, 2849, 2848, 2850, 2837, 2861, 2866, 2889, 3896, 3898, 3901, 3902, 3914, 3948, 3947, 3952, 3940, 3942, 3943, 3941, 4043, 4042, 4041, 4040, 4051, 4054, 4186, 4080, 4205, 4207, 4212, 5309, 5313, 5335, 5337, 5320, 5322, 5323, 5346, 5357, 5358, 5364]",0.02870170000824146,success,,71.91755552376524,79.14992070804759,24.36028291495292,50.175475023887095,47.60000000000003,67.3609727871286
stl_midamerica_to_st_louis_lambert_2026-01-12_0273,midamerica_to_st_louis_lambert,MidAmerica to St. Louis Lambert,MidAmerica St. Louis Airport,St. Louis Lambert International Airport,38.5451731,-89.8351856,38.7486982,-90.3700257,2026-01-12,January 12th - Monday,w_0273,0.7,0.1,0.1,0.1,96,"[8877, 8879, 8896, 8900, 8924, 8930, 10012, 10015, 10019, 10053, 10057, 10060, 10092, 10076, 10080, 10105, 10109, 10516, 10515, 10514, 10517, 10522, 10299, 10300, 10301, 10311, 10532, 10533, 10349, 10347, 10348, 10346, 10359, 10358, 10356, 10357, 10336, 10335, 10337, 10334, 2551, 2550, 2552, 2549, 2542, 2541, 2545, 2560, 2564, 2588, 2591, 2871, 2875, 2874, 2873, 2887, 4091, 4093, 4117, 4102, 4103, 4127, 4129, 3961, 4286, 4285, 3974, 3973, 3972, 3971, 3982, 4295, 4299, 4301, 4202, 4215, 4220, 4223, 4255, 4233, 4234, 4242, 4265, 4244, 4243, 5336, 5338, 5341, 5339, 5345, 5324, 5347, 5346, 5357, 5358, 5364]",0.02791630002320744,success,,71.92756267089268,79.16093422061603,24.305918390557228,31.58260574195653,50.00000000000003,66.0015063676826
stl_midamerica_to_st_louis_lambert_2026-01-12_0274,midamerica_to_st_louis_lambert,MidAmerica to St. Louis Lambert,MidAmerica St. Louis Airport,St. Louis Lambert International Airport,38.5451731,-89.8351856,38.7486982,-90.3700257,2026-01-12,January 12th - Monday,w_0274,0.7,0.1,0.2,0.0,96,"[8877, 8876, 8868, 8869, 8870, 8867, 9758, 9759, 9761, 9774, 9773, 9775, 9772, 9769, 9771, 9795, 9801, 10007, 10009, 10232, 10238, 10243, 10244, 10247, 10251, 10263, 10266, 10270, 10315, 10321, 10320, 10318, 10355, 10358, 10356, 10357, 10336, 10335, 10337, 10334, 2551, 2550, 2552, 2549, 2542, 2541, 2545, 2560, 2564, 2588, 2591, 2871, 2875, 2874, 2877, 4088, 4115, 4119, 4121, 4102, 4103, 4127, 4129, 3961, 4286, 4285, 3974, 3973, 3972, 3971, 3982, 4295, 4299, 4301, 4202, 4215, 4220, 4223, 4255, 4233, 4234, 4242, 4265, 4244, 4243, 5336, 5338, 5341, 5339, 5345, 5324, 5347, 5346, 5357, 5358, 5364]",0.02525090001290664,success,,71.92045276571913,79.15310931018034,25.273452833723695,29.960186561013696,54.000000000000036,63.92655911270135
stl_midamerica_to_st_louis_lambert_2026-01-12_0275,midamerica_to_st_louis_lambert,MidAmerica to St. Louis Lambert,MidAmerica St. Louis Airport,St. Louis Lambert International Airport,38.5451731,-89.8351856,38.7486982,-90.3700257,2026-01-12,January 12th - Monday,w_0275,0.7,0.2,0.0,0.1,97,"[8877, 8881, 8904, 8922, 8923, 8927, 9145, 10016, 10018, 10062, 10055, 10058, 10094, 10096, 10103, 10104, 10110, 10109, 10516, 10515, 10514, 10517, 10522, 10299, 10300, 10301, 10309, 10308, 10533, 10363, 10350, 10351, 10366, 10376, 10374, 10379, 10614, 10407, 10410, 10411, 10408, 2604, 2605, 2606, 2603, 10715, 10714, 10713, 10722, 2597, 10723, 2596, 2876, 2875, 2874, 2873, 2885, 2886, 2884, 2883, 2893, 4095, 4096, 3932, 3933, 3958, 3962, 3967, 3970, 3969, 3968, 3981, 3978, 3983, 4297, 4198, 4199, 4201, 4216, 4229, 4232, 4230, 4242, 4265, 4244, 4243, 5336, 5338, 5335, 5337, 5320, 5322, 5323, 5346, 5357, 5358, 5364]",0.02497550001135096,success,,72.30407808706627,79.57531378508341,18.130648929851226,42.3612072967303,51.20000000000003,64.44884943552863
stl_midamerica_to_st_louis_lambert_2026-01-12_0276,midamerica_to_st_louis_lambert,MidAmerica to St. Louis Lambert,MidAmerica St. Louis Airport,St. Louis Lambert International Airport,38.5451731,-89.8351856,38.7486982,-90.3700257,2026-01-12,January 12th - Monday,w_0276,0.7,0.2,0.1,0.0,97,"[8877, 8879, 8896, 8900, 8924, 8930, 10012, 10015, 10018, 10062, 10055, 10058, 10094, 10096, 10103, 10104, 10110, 10109, 10516, 10515, 10514, 10517, 10522, 10299, 10524, 10529, 10538, 10539, 10537, 10367, 10364, 10365, 10370, 10381, 10380, 10379, 10378, 10391, 10402, 10404, 10408, 2604, 2605, 2606, 2603, 10716, 10717, 10718, 10729, 10730, 10744, 10746, 4111, 4137, 4138, 4139, 4148, 4150, 4149, 4153, 4175, 4133, 4132, 4134, 3964, 4286, 4285, 3974, 3973, 3972, 3971, 3982, 4295, 4299, 4301, 4202, 4215, 4220, 4223, 4255, 4233, 4234, 4242, 4265, 4244, 4243, 5336, 5338, 5341, 5339, 5345, 5324, 5347, 5346, 5357, 5358, 5364]",0.023439799988409504,success,,72.30912723432323,79.58087069816422,19.762251507597586,34.53833806051532,51.20000000000003,63.11289359628601
stl_midamerica_to_st_louis_lambert_2026-01-12_0277,midamerica_to_st_louis_lambert,MidAmerica to St. Louis Lambert,MidAmerica St. Louis Airport,St. Louis Lambert International Airport,38.5451731,-89.8351856,38.7486982,-90.3700257,2026-01-12,January 12th - Monday,w_0277,0.7,0.3,0.0,0.0,97,"[8877, 8881, 8904, 8922, 8923, 8927, 9145, 10016, 10018, 10062, 10055, 10058, 10094, 10096, 10103, 10104, 10110, 10109, 10516, 10515, 10514, 10517, 10522, 10299, 10300, 10301, 10309, 10308, 10533, 10363, 10350, 10351, 10366, 10376, 10374, 10379, 10614, 10407, 10410, 10411, 10408, 2604, 2605, 2606, 2603, 10715, 10714, 10713, 10722, 2597, 10723, 2596, 2876, 2875, 2874, 2873, 2885, 2886, 2884, 2883, 2893, 4095, 4096, 3932, 3933, 3958, 3962, 3967, 3970, 3969, 3968, 3981, 3978, 3983, 4297, 4198, 4199, 4201, 4216, 4229, 4232, 4230, 4242, 4265, 4244, 4243, 5336, 5338, 5335, 5337, 5320, 5322, 5323, 5346, 5357, 5358, 5364]",0.02023739999276586,success,,72.30407808706627,79.57531378508341,18.130648929851226,42.3612072967303,51.20000000000003,61.14191432851375
stl_midamerica_to_st_louis_lambert_2026-01-12_0278,midamerica_to_st_louis_lambert,MidAmerica to St. Louis Lambert,MidAmerica St. Louis Airport,St. Louis Lambert International Airport,38.5451731,-89.8351856,38.7486982,-90.3700257,2026-01-12,January 12th - Monday,w_0278,0.8,0.0,0.0,0.2,96,"[8877, 8876, 8892, 8897, 8899, 8926, 9788, 10013, 10014, 10036, 10052, 10054, 10061, 10051, 10049, 10048, 10050, 10253, 10252, 10241, 10240, 10248, 10246, 10247, 10245, 10231, 10230, 10262, 10150, 10148, 10149, 10151, 10161, 10159, 10158, 10160, 10166, 10168, 10167, 10169, 2247, 2269, 2268, 2257, 2256, 2254, 2279, 2293, 2296, 2301, 2303, 2491, 2492, 2818, 2496, 2507, 2506, 2828, 2505, 2809, 2811, 2810, 2728, 2730, 2731, 2729, 2715, 2717, 2714, 2716, 2738, 2741, 2745, 2747, 2684, 2687, 3987, 3990, 4016, 4017, 4022, 4029, 4034, 4060, 4064, 5048, 5052, 5076, 5082, 5299, 5304, 5319, 5321, 5357, 5358, 5364]",0.023161300021456555,success,,71.90057520712594,79.13123277148179,53.29567736851651,39.307370558879065,46.20000000000003,72.54498621718544
stl_midamerica_to_st_louis_lambert_2026-01-12_0279,midamerica_to_st_louis_lambert,MidAmerica to St. Louis Lambert,MidAmerica St. Louis Airport,St. Louis Lambert International Airport,38.5451731,-89.8351856,38.7486982,-90.3700257,2026-01-12,January 12th - Monday,w_0279,0.8,0.0,0.1,0.1,96,"[8877, 8879, 8896, 8900, 8924, 8930, 9788, 10013, 10014, 10036, 10052, 10054, 10061, 10051, 10049, 10048, 10050, 10253, 10252, 10241, 10240, 10249, 10275, 10277, 10293, 10304, 10305, 10306, 10319, 10321, 10320, 10318, 10355, 10358, 10356, 10357, 10336, 10335, 10337, 10334, 2551, 2550, 2552, 2549, 2542, 2541, 2543, 2537, 2563, 2562, 2561, 2840, 2842, 2843, 2845, 2878, 2879, 2884, 2883, 2890, 2891, 2892, 3896, 2796, 2797, 3895, 3890, 3891, 3892, 3889, 2803, 2806, 3915, 3917, 4011, 4010, 4009, 4008, 4019, 4017, 4022, 4029, 4034, 4060, 4064, 5048, 5052, 5076, 5082, 5299, 5304, 5319, 5321, 5357, 5358, 5364]",0.02304780000122264,success,,71.91350325790738,79.1454609274141,43.11762759908802,29.97318661226534,48.00000000000003,71.11368740315781
stl_midamerica_to_st_louis_lambert_2026-01-12_0280,midamerica_to_st_louis_lambert,MidAmerica to St. Louis Lambert,MidAmerica St. Louis Airport,St. Louis Lambert International Airport,38.5451731,-89.8351856,38.7486982,-90.3700257,2026-01-12,January 12th - Monday,w_0280,0.8,0.0,0.2,0.0,96,"[8877, 8876, 8868, 8869, 8870, 8867, 9753, 9754, 9755, 9744, 9746, 9747, 9745, 9737, 9736, 9734, 9735, 9919, 9916, 9918, 9917, 9935, 9934, 9936, 9930, 9931, 9928, 9929, 9839, 9841, 9875, 9872, 9855, 9853, 9858, 9860, 9868, 9869, 9870, 9871, 2208, 1967, 2211, 1990, 1991, 1995, 1996, 2005, 2004, 2231, 2229, 2195, 2197, 2196, 2408, 2420, 2422, 2419, 2423, 2205, 2206, 2449, 2345, 2370, 2373, 2398, 2394, 2397, 2712, 2716, 2739, 2746, 2769, 2773, 3985, 3988, 3992, 3990, 4016, 4017, 4022, 4029, 4034, 4060, 4064, 5048, 5052, 5076, 5082, 5299, 5304, 5319, 5321, 5357, 5358, 5364]",0.020387500000651926,success,,71.88073010391533,79.10939195203062,42.723931708907756,25.127137749478173,62.000000000000014,68.31294111152013
stl_midamerica_to_st_louis_lambert_2026-01-12_0281,midamerica_to_st_louis_lambert,MidAmerica to St. Louis Lambert,MidAmerica St. Louis Airport,St. Louis Lambert International Airport,38.5451731,-89.8351856,38.7486982,-90.3700257,2026-01-12,January 12th - Monday,w_0281,0.8,0.1,0.0,0.1,96,"[8877, 8879, 8896, 8900, 8924, 8930, 10012, 10015, 10019, 10053, 10057, 10060, 10092, 10076, 10080, 10105, 10109, 10516, 10515, 10514, 10517, 10522, 10299, 10300, 10301, 10309, 10308, 10533, 10363, 10350, 10351, 10366, 10376, 10374, 10379, 10378, 10391, 10402, 10403, 10390, 2577, 2576, 2598, 2575, 2587, 10714, 10713, 10722, 2597, 10723, 2596, 2876, 2875, 2874, 2873, 2885, 2886, 2884, 2883, 2890, 2891, 2895, 3904, 3925, 3926, 3927, 3914, 3948, 3947, 3952, 3940, 3942, 3943, 3941, 4043, 4066, 4067, 4068, 4185, 4187, 4188, 4080, 4205, 4207, 4212, 5309, 5313, 5335, 5337, 5320, 5322, 5323, 5346, 5357, 5358, 5364]",0.022106099990196526,success,,71.92497289546162,79.15808400527527,21.15824239891406,46.524269866415295,49.80000000000003,70.42229144411164
stl_midamerica_to_st_louis_lambert_2026-01-12_0282,midamerica_to_st_louis_lambert,MidAmerica to St. Louis Lambert,MidAmerica St. Louis Airport,St. Louis Lambert International Airport,38.5451731,-89.8351856,38.7486982,-90.3700257,2026-01-12,January 12th - Monday,w_0282,0.8,0.1,0.1,0.0,96,"[8877, 8876, 8868, 8869, 8870, 8867, 9758, 9759, 9761, 9774, 9773, 9775, 9772, 9769, 9771, 9795, 9801, 10007, 10009, 10232, 10238, 10243, 10244, 10242, 10245, 10263, 10266, 10270, 10315, 10321, 10320, 10318, 10355, 10358, 10356, 10357, 10336, 10335, 10337, 10334, 2551, 2550, 2552, 2549, 2542, 2541, 2545, 2560, 2564, 2588, 2591, 2871, 2875, 2874, 2873, 2887, 4091, 4093, 4117, 4102, 4103, 4127, 4129, 3961, 4286, 4285, 3974, 3973, 3972, 3971, 3982, 4295, 4299, 4301, 4202, 4215, 4220, 4223, 4255, 4233, 4234, 4242, 4265, 4244, 4243, 5336, 5338, 5341, 5339, 5345, 5324, 5347, 5346, 5357, 5358, 5364]",0.0203722000005655,success,,71.92018077297729,79.15280996457837,24.25416441885999,30.47936292714113,54.000000000000036,68.7956007062628
stl_midamerica_to_st_louis_lambert_2026-01-12_0283,midamerica_to_st_louis_lambert,MidAmerica to St. Louis Lambert,MidAmerica St. Louis Airport,St. Louis Lambert International Airport,38.5451731,-89.8351856,38.7486982,-90.3700257,2026-01-12,January 12th - Monday,w_0283,0.8,0.2,0.0,0.0,96,"[8877, 8876, 8868, 8869, 8870, 8867, 9753, 9754, 9755, 9744, 9746, 9747, 9751, 9764, 9766, 9770, 9797, 10002, 10006, 10008, 10233, 10243, 10246, 10272, 10273, 10269, 10303, 10306, 10343, 10347, 10351, 10366, 10376, 10374, 10379, 10614, 10407, 10410, 10411, 10408, 2604, 2605, 2606, 2603, 10715, 10714, 10713, 10722, 2597, 10723, 2596, 2876, 2875, 2874, 2873, 2885, 2886, 2884, 2883, 2893, 4095, 4096, 3932, 3933, 3958, 3962, 3967, 3970, 3969, 3968, 3981, 3978, 3983, 4297, 4198, 4199, 4201, 4216, 4229, 4232, 4230, 4242, 4265, 4244, 4243, 5336, 5338, 5335, 5337, 5320, 5322, 5323, 5346, 5357, 5358, 5364]",0.017464300006395206,success,,71.92164999407072,79.15442693740509,19.64578326883652,42.969653535783536,55.20000000000004,67.25269820369138
stl_midamerica_to_st_louis_lambert_2026-01-12_0284,midamerica_to_st_louis_lambert,MidAmerica to St. Louis Lambert,MidAmerica St. Louis Airport,St. Louis Lambert International Airport,38.5451731,-89.8351856,38.7486982,-90.3700257,2026-01-12,January 12th - Monday,w_0284,0.9,0.0,0.0,0.1,96,"[8877, 8876, 8892, 8897, 8899, 8926, 9788, 10013, 10014, 10036, 10052, 10054, 10061, 10051, 10049, 10048, 10050, 10253, 10252, 10241, 10240, 10248, 10246, 10247, 10245, 10231, 10230, 10262, 10150, 10148, 10149, 10151, 10161, 10159, 10158, 10160, 10166, 10168, 10167, 10169, 2247, 2269, 2268, 2257, 2256, 2254, 2279, 2293, 2296, 2301, 2303, 2491, 2492, 2818, 2496, 2507, 2506, 2828, 2505, 2809, 2811, 2810, 2728, 2730, 2731, 2729, 2715, 2717, 2714, 2716, 2738, 2741, 2745, 2747, 2684, 2687, 3987, 3990, 4016, 4017, 4022, 4029, 4034, 4060, 4064, 5048, 5052, 5076, 5082, 5299, 5304, 5319, 5321, 5357, 5358, 5364]",0.020189399976516142,success,,71.90057520712594,79.13123277148179,53.29567736851651,39.307370558879065,46.20000000000003,75.83810949433362
stl_midamerica_to_st_louis_lambert_2026-01-12_0285,midamerica_to_st_louis_lambert,MidAmerica to St. Louis Lambert,MidAmerica St. Louis Airport,St. Louis Lambert International Airport,38.5451731,-89.8351856,38.7486982,-90.3700257,2026-01-12,January 12th - Monday,w_0285,0.9,0.0,0.1,0.0,96,"[8877, 8876, 8868, 8869, 8870, 8867, 9753, 9754, 9755, 9744, 9746, 9747, 9745, 9737, 9736, 9734, 9735, 9919, 9916, 9918, 9917, 9935, 9934, 9936, 9930, 9931, 9928, 9929, 9839, 9841, 9875, 9872, 9855, 9853, 9858, 9860, 9868, 9869, 9870, 9871, 2208, 1967, 2211, 1990, 1991, 1995, 1996, 2005, 2004, 2231, 2229, 2195, 2197, 2196, 2408, 2420, 2422, 2419, 2423, 2205, 2206, 2449, 2345, 2370, 2373, 2398, 2394, 2397, 2712, 2716, 2739, 2746, 2769, 2773, 3985, 3988, 3992, 3990, 4016, 4017, 4022, 4029, 4034, 4060, 4064, 5048, 5052, 5076, 5082, 5299, 5304, 5319, 5321, 5357, 5358, 5364]",0.016586200013989583,success,,71.88073010391533,79.10939195203062,42.723931708907756,25.127137749478173,62.000000000000014,73.71116653177538
stl_midamerica_to_st_louis_lambert_2026-01-12_0286,midamerica_to_st_louis_lambert,MidAmerica to St. Louis Lambert,MidAmerica St. Louis Airport,St. Louis Lambert International Airport,38.5451731,-89.8351856,38.7486982,-90.3700257,2026-01-12,January 12th - Monday,w_0286,0.9,0.1,0.0,0.0,96,"[8877, 8876, 8868, 8869, 8870, 8867, 9753, 9754, 9755, 9744, 9746, 9747, 9751, 9764, 9766, 9770, 9797, 10002, 10006, 10008, 10233, 10243, 10246, 10272, 10273, 10269, 10303, 10306, 10343, 10347, 10351, 10366, 10376, 10374, 10379, 10614, 10407, 10410, 10411, 10408, 2604, 2605, 2606, 2603, 10715, 10714, 10713, 10722, 2597, 10723, 2596, 2876, 2875, 2874, 2873, 2885, 2886, 2884, 2883, 2893, 4095, 4096, 3932, 3933, 3958, 3962, 3967, 3970, 3969, 3968, 3981, 3978, 3983, 4297, 4198, 4199, 4201, 4216, 4229, 4232, 4230, 4242, 4265, 4244, 4243, 5336, 5338, 5335, 5337, 5320, 5322, 5323, 5346, 5357, 5358, 5364]",0.015793400001712143,success,,71.92164999407072,79.15442693740509,19.64578326883652,42.969653535783536,55.20000000000004,73.20356257054824
stl_midamerica_to_st_louis_lambert_2026-01-12_0287,midamerica_to_st_louis_lambert,MidAmerica to St. Louis Lambert,MidAmerica St. Louis Airport,St. Louis Lambert International Airport,38.5451731,-89.8351856,38.7486982,-90.3700257,2026-01-12,January 12th - Monday,w_0287,1.0,0.0,0.0,0.0,96,"[8877, 8876, 8868, 8869, 8870, 8867, 9753, 9754, 9755, 9744, 9746, 9747, 9745, 9737, 9736, 9734, 9735, 9919, 9916, 9918, 9917, 9935, 9934, 9936, 9926, 9927, 9924, 9925, 9835, 9837, 9836, 9834, 9827, 9824, 9826, 9825, 9844, 9845, 9843, 9842, 1936, 1935, 1934, 1942, 1943, 1940, 1941, 1950, 1951, 1953, 1952, 2129, 2130, 2128, 2131, 2142, 2146, 2147, 2172, 2176, 2200, 2204, 2317, 2340, 2346, 2371, 2391, 2395, 2708, 2713, 2738, 2741, 2745, 2747, 2684, 2687, 3987, 3990, 4016, 4017, 4022, 4029, 4034, 4060, 4064, 5048, 5052, 5076, 5082, 5299, 5304, 5319, 5321, 5357, 5358, 5364]",0.014066100004129112,success,,71.87414934300483,79.10214939907578,45.95632814409993,33.096987847888315,61.40000000000001,79.10214939907578
stl_st_louis_downtown_airport_to_st_louis_lambert_2026-01-12_0001,st_louis_downtown_airport_to_st_louis_lambert,St. Louis Downtown Airport to St. Louis Lambert,St. Louis Downtown Airport,St. Louis Lambert International Airport,38.5703611,-90.1550833,38.7486982,-90.3700257,2026-01-12,January 12th - Monday,w_0001,0.0,0.0,0.0,1.0,40,"[2179, 2147, 2172, 2176, 2200, 2204, 2317, 2340, 2346, 2371, 2391, 2395, 2708, 2713, 2738, 2741, 2745, 2747, 2684, 2687, 3987, 3990, 4016, 4017, 4022, 4029, 4034, 4060, 4064, 5048, 5052, 5076, 5082, 5299, 5304, 5319, 5321, 5357, 5358, 5364]",0.04421799999545328,success,,35.06847425714207,38.5951237717998,26.02381511715049,20.11965029009705,33.400000000000006,33.400000000000006
stl_st_louis_downtown_airport_to_st_louis_lambert_2026-01-12_0002,st_louis_downtown_airport_to_st_louis_lambert,St. Louis Downtown Airport to St. Louis Lambert,St. Louis Downtown Airport,St. Louis Lambert International Airport,38.5703611,-90.1550833,38.7486982,-90.3700257,2026-01-12,January 12th - Monday,w_0002,0.0,0.0,0.1,0.9,40,"[2179, 2180, 2174, 2199, 2203, 2207, 2341, 2344, 2368, 2374, 2394, 2397, 2712, 2716, 2739, 2746, 2769, 2773, 3985, 3988, 3992, 3990, 4016, 4017, 4022, 4029, 4034, 4060, 4064, 5048, 5052, 5076, 5082, 5299, 5304, 5319, 5321, 5357, 5358, 5364]",0.04406559999915771,success,,35.06925127294606,38.59597892794111,25.05959051055676,17.839922019494136,33.400000000000006,31.84399220194942
stl_st_louis_downtown_airport_to_st_louis_lambert_2026-01-12_0003,st_louis_downtown_airport_to_st_louis_lambert,St. Louis Downtown Airport to St. Louis Lambert,St. Louis Downtown Airport,St. Louis Lambert International Airport,38.5703611,-90.1550833,38.7486982,-90.3700257,2026-01-12,January 12th - Monday,w_0003,0.0,0.0,0.2,0.8,40,"[2179, 2180, 2174, 2199, 2203, 2207, 2341, 2344, 2368, 2374, 2394, 2397, 2712, 2716, 2739, 2746, 2769, 2773, 3985, 3988, 3992, 3990, 4016, 4017, 4022, 4029, 4034, 4060, 4064, 5048, 5052, 5076, 5082, 5299, 5304, 5319, 5321, 5357, 5358, 5364]",0.04590060000191443,success,,35.06925127294606,38.59597892794111,25.05959051055676,17.839922019494136,33.400000000000006,30.287984403898832
stl_st_louis_downtown_airport_to_st_louis_lambert_2026-01-12_0004,st_louis_downtown_airport_to_st_louis_lambert,St. Louis Downtown Airport to St. Louis Lambert,St. Louis Downtown Airport,St. Louis Lambert International Airport,38.5703611,-90.1550833,38.7486982,-90.3700257,2026-01-12,January 12th - Monday,w_0004,0.0,0.0,0.3,0.7,40,"[2179, 2180, 2174, 2199, 2203, 2207, 2341, 2344, 2368, 2374, 2394, 2397, 2712, 2716, 2739, 2746, 2769, 2773, 3985, 3988, 3992, 3990, 4016, 4017, 4022, 4029, 4034, 4060, 4064, 5048, 5052, 5076, 5082, 5299, 5304, 5319, 5321, 5357, 5358, 5364]",0.044406100001651794,success,,35.06925127294606,38.59597892794111,25.05959051055676,17.839922019494136,33.400000000000006,28.731976605848242
stl_st_louis_downtown_airport_to_st_louis_lambert_2026-01-12_0005,st_louis_downtown_airport_to_st_louis_lambert,St. Louis Downtown Airport to St. Louis Lambert,St. Louis Downtown Airport,St. Louis Lambert International Airport,38.5703611,-90.1550833,38.7486982,-90.3700257,2026-01-12,January 12th - Monday,w_0005,0.0,0.0,0.4,0.6,40,"[2179, 2180, 2174, 2199, 2203, 2207, 2341, 2344, 2368, 2374, 2394, 2397, 2712, 2716, 2739, 2746, 2769, 2773, 3985, 3988, 3992, 3990, 4016, 4017, 4022, 4029, 4034, 4060, 4064, 5048, 5052, 5076, 5082, 5299, 5304, 5319, 5321, 5357, 5358, 5364]",0.045250399998622015,success,,35.06925127294606,38.59597892794111,25.05959051055676,17.839922019494136,33.400000000000006,27.17596880779766
stl_st_louis_downtown_airport_to_st_louis_lambert_2026-01-12_0006,st_louis_downtown_airport_to_st_louis_lambert,St. Louis Downtown Airport to St. Louis Lambert,St. Louis Downtown Airport,St. Louis Lambert International Airport,38.5703611,-90.1550833,38.7486982,-90.3700257,2026-01-12,January 12th - Monday,w_0006,0.0,0.0,0.5,0.5,41,"[2179, 2180, 2174, 2199, 2203, 2207, 2341, 2344, 2368, 2374, 2394, 2397, 2712, 2716, 2739, 2746, 2769, 2773, 2681, 2682, 2685, 3986, 2706, 4016, 4017, 4022, 4029, 4034, 4060, 4064, 5048, 5052, 5076, 5082, 5299, 5304, 5319, 5321, 5357, 5358, 5364]",0.04468930000439286,success,,35.97736296328002,39.59541457005262,26.61136132378821,17.010027654826366,34.0,25.505013827413183
stl_st_louis_downtown_airport_to_st_louis_lambert_2026-01-12_0007,st_louis_downtown_airport_to_st_louis_lambert,St. Louis Downtown Airport to St. Louis Lambert,St. Louis Downtown Airport,St. Louis Lambert International Airport,38.5703611,-90.1550833,38.7486982,-90.3700257,2026-01-12,January 12th - Monday,w_0007,0.0,0.0,0.6,0.4,42,"[2179, 2180, 2157, 2170, 2175, 2201, 2313, 2316, 2342, 2347, 2366, 2389, 2392, 2396, 2724, 2721, 2726, 2740, 2678, 2680, 2682, 2685, 3986, 2706, 4016, 4017, 4022, 4029, 4034, 4060, 4064, 5048, 5052, 5076, 5082, 5299, 5304, 5319, 5321, 5357, 5358, 5364]",0.044445699983043596,success,,36.35045750517031,40.006029241145875,26.64764489159439,16.3398788596516,35.00000000000001,23.803927315790965
stl_st_louis_downtown_airport_to_st_louis_lambert_2026-01-12_0008,st_louis_downtown_airport_to_st_louis_lambert,St. Louis Downtown Airport to St. Louis Lambert,St. Louis Downtown Airport,St. Louis Lambert International Airport,38.5703611,-90.1550833,38.7486982,-90.3700257,2026-01-12,January 12th - Monday,w_0008,0.0,0.0,0.7,0.3,42,"[2179, 2180, 2157, 2170, 2175, 2201, 2313, 2316, 2342, 2347, 2366, 2389, 2392, 2396, 2724, 2721, 2726, 2740, 2678, 2680, 2682, 2685, 3986, 2706, 4016, 4017, 4022, 4029, 4034, 4060, 4064, 5048, 5052, 5076, 5082, 5299, 5304, 5319, 5321, 5357, 5358, 5364]",0.04500199999893084,success,,36.35045750517031,40.006029241145875,26.64764489159439,16.3398788596516,35.00000000000001,21.93791520175612
stl_st_louis_downtown_airport_to_st_louis_lambert_2026-01-12_0009,st_louis_downtown_airport_to_st_louis_lambert,St. Louis Downtown Airport to St. Louis Lambert,St. Louis Downtown Airport,St. Louis Lambert International Airport,38.5703611,-90.1550833,38.7486982,-90.3700257,2026-01-12,January 12th - Monday,w_0009,0.0,0.0,0.8,0.2,44,"[2179, 2180, 2157, 2170, 2175, 2201, 2313, 2316, 2342, 2347, 2366, 2391, 2394, 2397, 2712, 2716, 2739, 2746, 2769, 2773, 2681, 2682, 2685, 3986, 2706, 2705, 2707, 4004, 4027, 4032, 4056, 5030, 5033, 5049, 5054, 5071, 5296, 5301, 5302, 5328, 5321, 5357, 5358, 5364]",0.04653559997677803,success,,38.162538432314975,42.000341487377185,28.05408390325458,15.764451941821802,36.60000000000001,19.931561553457442
stl_st_louis_downtown_airport_to_st_louis_lambert_2026-01-12_0010,st_louis_downtown_airport_to_st_louis_lambert,St. Louis Downtown Airport to St. Louis Lambert,St. Louis Downtown Airport,St. Louis Lambert International Airport,38.5703611,-90.1550833,38.7486982,-90.3700257,2026-01-12,January 12th - Monday,w_0010,0.0,0.0,0.9,0.1,45,"[2179, 2180, 2157, 2170, 2175, 2201, 2313, 2316, 2342, 2347, 2366, 2391, 2394, 2397, 2712, 2716, 2739, 2746, 2769, 2773, 2681, 2682, 2685, 3986, 2706, 2705, 2707, 4004, 4027, 4032, 4056, 5030, 5033, 5049, 5054, 5068, 5072, 5297, 5298, 5302, 5328, 5321, 5357, 5358, 5364]",0.04704279999714345,success,,38.53788959109186,42.41343971128785,28.837138564378215,15.61151531649482,37.60000000000001,17.81036378484534
stl_st_louis_downtown_airport_to_st_louis_lambert_2026-01-12_0011,st_louis_downtown_airport_to_st_louis_lambert,St. Louis Downtown Airport to St. Louis Lambert,St. Louis Downtown Airport,St. Louis Lambert International Airport,38.5703611,-90.1550833,38.7486982,-90.3700257,2026-01-12,January 12th - Monday,w_0011,0.0,0.0,1.0,0.0,218,"[2179, 2182, 2192, 2196, 2197, 2191, 2006, 2231, 2004, 2002, 1988, 1973, 1969, 1947, 1934, 1935, 1933, 9842, 9849, 9847, 9844, 9822, 9823, 7901, 7904, 9818, 9833, 9837, 9839, 9929, 9928, 9931, 9930, 9962, 9963, 9970, 9979, 9981, 10006, 10009, 10235, 10046, 10048, 10075, 10076, 10098, 10101, 10424, 10427, 10452, 10455, 10457, 10461, 10494, 10489, 10498, 10501, 10834, 10837, 10841, 10865, 10882, 10870, 10891, 11216, 11220, 11242, 11236, 11239, 11255, 11258, 11283, 11288, 11289, 12377, 12390, 12394, 12419, 12423, 12439, 12443, 12465, 12468, 13425, 13429, 13454, 13458, 13466, 13468, 13589, 13591, 13596, 13618, 13620, 13638, 13639, 13644, 13641, 13180, 13183, 13176, 13178, 13188, 13152, 13185, 13154, 13161, 13159, 13158, 13160, 13053, 13088, 13054, 13059, 12834, 13057, 13060, 13072, 13099, 13103, 13116, 13120, 13023, 13272, 13274, 13277, 13280, 13278, 13033, 13285, 13283, 13284, 13282, 6470, 13038, 13014, 6438, 6436, 6433, 6407, 6419, 6413, 6418, 6414, 6184, 6181, 6177, 6175, 6153, 6149, 6146, 6148, 4851, 4847, 4803, 4799, 4795, 4790, 4793, 4796, 4813, 4804, 4849, 4833, 4857, 4862, 6295, 6288, 6290, 6327, 6324, 6330, 6245, 6250, 6248, 6247, 6267, 6270, 6272, 6279, 6280, 6278, 6263, 6259, 6959, 6924, 6919, 6895, 6891, 6889, 6063, 6069, 6054, 6051, 6047, 6026, 6001, 5999, 5663, 6513, 6515, 6518, 6535, 6538, 6533, 6540, 6525, 5684, 5679, 5675, 5651, 5646, 5613, 5609, 5606, 5590, 5586, 5364]",0.048229799984255806,success,,176.91392281621245,194.70521294937032,55.7109407866399,13.165378843150195,69.20000000000006,13.165378843150195
stl_st_louis_downtown_airport_to_st_louis_lambert_2026-01-12_0012,st_louis_downtown_airport_to_st_louis_lambert,St. Louis Downtown Airport to St. Louis Lambert,St. Louis Downtown Airport,St. Louis Lambert International Airport,38.5703611,-90.1550833,38.7486982,-90.3700257,2026-01-12,January 12th - Monday,w_0012,0.0,0.1,0.0,0.9,40,"[2179, 2180, 2174, 2199, 2203, 2207, 2341, 2344, 2368, 2374, 2394, 2397, 2712, 2716, 2739, 2746, 2769, 2773, 3985, 3988, 3992, 3994, 4019, 4017, 4022, 4029, 4034, 4060, 4064, 5048, 5052, 5076, 5082, 5299, 5304, 5319, 5321, 5357, 5358, 5364]",0.04338980000466108,success,,35.06932923764436,38.59606473313351,24.787572976016946,17.839922019494136,33.400000000000006,32.5387572976017
stl_st_louis_downtown_airport_to_st_louis_lambert_2026-01-12_0013,st_louis_downtown_airport_to_st_louis_lambert,St. Louis Downtown Airport to St. Louis Lambert,St. Louis Downtown Airport,St. Louis Lambert International Airport,38.5703611,-90.1550833,38.7486982,-90.3700257,2026-01-12,January 12th - Monday,w_0013,0.0,0.1,0.1,0.8,40,"[2179, 2180, 2174, 2199, 2203, 2207, 2341, 2344, 2368, 2374, 2394, 2397, 2712, 2716, 2739, 2746, 2769, 2773, 3985, 3988, 3992, 3994, 4019, 4017, 4022, 4029, 4034, 4060, 4064, 5048, 5052, 5076, 5082, 5299, 5304, 5319, 5321, 5357, 5358, 5364]",0.04553129998384975,success,,35.06932923764436,38.59606473313351,24.787572976016946,17.839922019494136,33.400000000000006,30.982749499551115
stl_st_louis_downtown_airport_to_st_louis_lambert_2026-01-12_0014,st_louis_downtown_airport_to_st_louis_lambert,St. Louis Downtown Airport to St. Louis Lambert,St. Louis Downtown Airport,St. Louis Lambert International Airport,38.5703611,-90.1550833,38.7486982,-90.3700257,2026-01-12,January 12th - Monday,w_0014,0.0,0.1,0.2,0.7,40,"[2179, 2180, 2174, 2199, 2203, 2207, 2341, 2344, 2368, 2374, 2394, 2397, 2712, 2716, 2739, 2746, 2769, 2773, 3985, 3988, 3992, 3994, 4019, 4017, 4022, 4029, 4034, 4060, 4064, 5048, 5052, 5076, 5082, 5299, 5304, 5319, 5321, 5357, 5358, 5364]",0.043983699986711144,success,,35.06932923764436,38.59606473313351,24.787572976016946,17.839922019494136,33.400000000000006,29.426741701500525
stl_st_louis_downtown_airport_to_st_louis_lambert_2026-01-12_0015,st_louis_downtown_airport_to_st_louis_lambert,St. Louis Downtown Airport to St. Louis Lambert,St. Louis Downtown Airport,St. Louis Lambert International Airport,38.5703611,-90.1550833,38.7486982,-90.3700257,2026-01-12,January 12th - Monday,w_0015,0.0,0.1,0.3,0.6,40,"[2179, 2180, 2174, 2199, 2203, 2207, 2341, 2344, 2368, 2374, 2394, 2397, 2712, 2716, 2739, 2746, 2769, 2773, 3985, 3988, 3992, 3994, 4019, 4017, 4022, 4029, 4034, 4060, 4064, 5048, 5052, 5076, 5082, 5299, 5304, 5319, 5321, 5357, 5358, 5364]",0.04381740000098944,success,,35.06932923764436,38.59606473313351,24.787572976016946,17.839922019494136,33.400000000000006,27.87073390344994
stl_st_louis_downtown_airport_to_st_louis_lambert_2026-01-12_0016,st_louis_downtown_airport_to_st_louis_lambert,St. Louis Downtown Airport to St. Louis Lambert,St. Louis Downtown Airport,St. Louis Lambert International Airport,38.5703611,-90.1550833,38.7486982,-90.3700257,2026-01-12,January 12th - Monday,w_0016,0.0,0.1,0.4,0.5,40,"[2179, 2180, 2174, 2199, 2203, 2207, 2341, 2344, 2368, 2374, 2394, 2397, 2712, 2716, 2739, 2746, 2769, 2773, 3985, 3988, 3992, 3994, 4019, 4017, 4022, 4029, 4034, 4060, 4064, 5048, 5052, 5076, 5082, 5299, 5304, 5319, 5321, 5357, 5358, 5364]",0.044456299976445735,success,,35.06932923764436,38.59606473313351,24.787572976016946,17.839922019494136,33.400000000000006,26.31472610539935
stl_st_louis_downtown_airport_to_st_louis_lambert_2026-01-12_0017,st_louis_downtown_airport_to_st_louis_lambert,St. Louis Downtown Airport to St. Louis Lambert,St. Louis Downtown Airport,St. Louis Lambert International Airport,38.5703611,-90.1550833,38.7486982,-90.3700257,2026-01-12,January 12th - Monday,w_0017,0.0,0.1,0.5,0.4,40,"[2179, 2180, 2174, 2199, 2203, 2207, 2341, 2344, 2368, 2374, 2394, 2397, 2712, 2716, 2739, 2746, 2769, 2773, 3985, 3988, 3992, 3994, 4019, 4017, 4022, 4029, 4034, 4060, 4064, 5048, 5052, 5076, 5082, 5299, 5304, 5319, 5321, 5357, 5358, 5364]",0.04511649999767542,success,,35.06932923764436,38.59606473313351,24.787572976016946,17.839922019494136,33.400000000000006,24.758718307348765
stl_st_louis_downtown_airport_to_st_louis_lambert_2026-01-12_0018,st_louis_downtown_airport_to_st_louis_lambert,St. Louis Downtown Airport to St. Louis Lambert,St. Louis Downtown Airport,St. Louis Lambert International Airport,38.5703611,-90.1550833,38.7486982,-90.3700257,2026-01-12,January 12th - Monday,w_0018,0.0,0.1,0.6,0.3,42,"[2179, 2180, 2157, 2170, 2175, 2201, 2313, 2316, 2342, 2347, 2366, 2389, 2392, 2396, 2720, 2721, 2726, 2740, 2678, 2680, 2682, 2685, 3986, 2706, 4016, 4017, 4022, 4029, 4034, 4060, 4064, 5048, 5052, 5076, 5082, 5299, 5304, 5319, 5321, 5357, 5358, 5364]",0.04569089997676201,success,,36.350418629970925,40.005986456474915,26.575718300963125,16.345497301841913,35.00000000000001,22.96487021120146
stl_st_louis_downtown_airport_to_st_louis_lambert_2026-01-12_0019,st_louis_downtown_airport_to_st_louis_lambert,St. Louis Downtown Airport to St. Louis Lambert,St. Louis Downtown Airport,St. Louis Lambert International Airport,38.5703611,-90.1550833,38.7486982,-90.3700257,2026-01-12,January 12th - Monday,w_0019,0.0,0.1,0.7,0.2,43,"[2179, 2180, 2157, 2170, 2175, 2201, 2313, 2316, 2342, 2347, 2366, 2389, 2392, 2396, 2720, 2721, 2726, 2740, 2678, 2680, 2682, 2685, 3986, 2706, 2705, 2707, 4004, 4027, 4032, 4056, 5030, 5033, 5049, 5054, 5071, 5296, 5301, 5302, 5328, 5321, 5357, 5358, 5364]",0.045632699999259785,success,,37.25382396887552,41.0002424544822,26.302740627536615,15.9460137277285,36.00000000000001,20.992483672163612
stl_st_louis_downtown_airport_to_st_louis_lambert_2026-01-12_0020,st_louis_downtown_airport_to_st_louis_lambert,St. Louis Downtown Airport to St. Louis Lambert,St. Louis Downtown Airport,St. Louis Lambert International Airport,38.5703611,-90.1550833,38.7486982,-90.3700257,2026-01-12,January 12th - Monday,w_0020,0.0,0.1,0.8,0.1,43,"[2179, 2180, 2157, 2170, 2175, 2201, 2313, 2316, 2342, 2347, 2366, 2389, 2392, 2396, 2720, 2721, 2726, 2740, 2678, 2680, 2682, 2685, 3986, 2706, 2705, 2707, 4004, 4027, 4032, 4056, 5030, 5033, 5049, 5054, 5071, 5296, 5301, 5302, 5328, 5321, 5357, 5358, 5364]",0.04711530002532527,success,,37.25382396887552,41.0002424544822,26.302740627536615,15.9460137277285,36.00000000000001,18.987085044936464
stl_st_louis_downtown_airport_to_st_louis_lambert_2026-01-12_0021,st_louis_downtown_airport_to_st_louis_lambert,St. Louis Downtown Airport to St. Louis Lambert,St. Louis Downtown Airport,St. Louis Lambert International Airport,38.5703611,-90.1550833,38.7486982,-90.3700257,2026-01-12,January 12th - Monday,w_0021,0.0,0.1,0.9,0.0,274,"[2179, 2182, 2192, 2196, 2197, 2191, 2006, 2231, 2004, 2002, 1988, 1973, 1969, 1947, 1934, 1932, 1929, 7615, 7613, 7891, 7894, 7890, 7863, 7860, 7857, 7516, 7511, 7496, 7492, 7490, 7476, 7461, 7458, 7444, 7437, 7338, 7340, 7337, 7339, 7326, 7325, 7347, 7336, 7359, 7357, 7335, 8210, 8209, 8206, 7978, 8178, 8176, 7947, 7944, 7952, 7954, 7951, 7953, 8064, 8065, 8066, 8080, 8081, 8082, 8079, 8071, 8057, 8051, 8054, 7982, 7983, 7985, 8004, 8023, 8028, 8030, 8268, 8273, 8299, 8301, 8518, 8523, 8542, 8549, 8546, 8537, 8560, 8563, 8565, 8600, 8602, 8616, 8619, 8625, 8644, 8636, 8651, 9071, 9067, 9091, 9085, 9097, 9118, 9112, 9134, 9140, 9362, 9365, 9370, 9391, 9395, 9397, 9418, 9422, 9631, 9635, 9653, 9657, 9661, 9681, 9685, 9703, 9707, 9700, 11928, 11924, 11935, 11936, 11955, 11968, 11971, 11982, 11985, 12210, 12212, 12215, 12217, 12237, 12240, 12255, 12257, 12261, 12264, 12592, 12594, 12598, 12613, 12615, 13324, 13328, 13351, 13356, 13371, 13372, 13376, 13377, 13404, 13406, 13700, 13703, 13605, 13630, 13636, 13637, 13648, 13651, 13653, 13646, 13639, 13644, 13641, 13180, 13183, 13181, 13182, 13206, 13209, 13210, 13208, 13217, 13171, 13172, 13168, 13053, 13088, 13054, 13076, 13083, 13080, 13105, 13118, 13104, 13116, 13120, 13023, 13272, 13274, 13277, 13280, 13278, 13033, 13285, 13283, 13284, 13282, 6470, 13038, 13014, 6438, 6436, 6433, 6407, 6419, 6413, 6418, 6414, 6426, 6428, 6453, 6458, 6502, 6370, 6368, 6366, 6349, 6480, 6347, 6345, 6329, 6327, 6324, 6330, 6245, 6250, 6248, 6247, 6267, 6270, 6272, 6279, 6280, 6278, 6263, 6259, 6959, 6924, 6919, 6895, 6891, 6889, 6073, 6067, 6054, 6051, 6047, 6026, 6001, 5999, 5663, 5659, 5656, 5632, 5622, 5621, 5624, 5638, 5652, 5646, 5613, 5609, 5606, 5590, 5586, 5364]",0.05102010001428425,success,,218.64464472732817,240.63257110690517,24.264849096355867,13.90541604719824,58.00000000000004,14.941359352114004
stl_st_louis_downtown_airport_to_st_louis_lambert_2026-01-12_0022,st_louis_downtown_airport_to_st_louis_lambert,St. Louis Downtown Airport to St. Louis Lambert,St. Louis Downtown Airport,St. Louis Lambert International Airport,38.5703611,-90.1550833,38.7486982,-90.3700257,2026-01-12,January 12th - Monday,w_0022,0.0,0.2,0.0,0.8,40,"[2179, 2180, 2174, 2199, 2203, 2207, 2341, 2344, 2368, 2374, 2394, 2397, 2712, 2716, 2739, 2746, 2769, 2773, 3985, 3988, 3992, 3994, 4019, 4017, 4022, 4029, 4034, 4060, 4064, 5048, 5052, 5076, 5082, 5299, 5304, 5319, 5321, 5357, 5358, 5364]",0.04395210000802763,success,,35.06932923764436,38.59606473313351,24.787572976016946,17.839922019494136,33.400000000000006,31.677514595203395
stl_st_louis_downtown_airport_to_st_louis_lambert_2026-01-12_0023,st_louis_downtown_airport_to_st_louis_lambert,St. Louis Downtown Airport to St. Louis Lambert,St. Louis Downtown Airport,St. Louis Lambert International Airport,38.5703611,-90.1550833,38.7486982,-90.3700257,2026-01-12,January 12th - Monday,w_0023,0.0,0.2,0.1,0.7,40,"[2179, 2180, 2174, 2199, 2203, 2207, 2341, 2344, 2368, 2374, 2394, 2397, 2712, 2716, 2739, 2746, 2769, 2773, 3985, 3988, 3992, 3994, 4019, 4017, 4022, 4029, 4034, 4060, 4064, 5048, 5052, 5076, 5082, 5299, 5304, 5319, 5321, 5357, 5358, 5364]",0.04422290000366047,success,,35.06932923764436,38.59606473313351,24.787572976016946,17.839922019494136,33.400000000000006,30.121506797152804
stl_st_louis_downtown_airport_to_st_louis_lambert_2026-01-12_0024,st_louis_downtown_airport_to_st_louis_lambert,St. Louis Downtown Airport to St. Louis Lambert,St. Louis Downtown Airport,St. Louis Lambert International Airport,38.5703611,-90.1550833,38.7486982,-90.3700257,2026-01-12,January 12th - Monday,w_0024,0.0,0.2,0.2,0.6,40,"[2179, 2180, 2174, 2199, 2203, 2207, 2341, 2344, 2368, 2374, 2394, 2397, 2712, 2716, 2739, 2746, 2769, 2773, 3985, 3988, 3992, 3994, 4019, 4017, 4022, 4029, 4034, 4060, 4064, 5048, 5052, 5076, 5082, 5299, 5304, 5319, 5321, 5357, 5358, 5364]",0.04492720001144335,success,,35.06932923764436,38.59606473313351,24.787572976016946,17.839922019494136,33.400000000000006,28.565498999102218
stl_st_louis_downtown_airport_to_st_louis_lambert_2026-01-12_0025,st_louis_downtown_airport_to_st_louis_lambert,St. Louis Downtown Airport to St. Louis Lambert,St. Louis Downtown Airport,St. Louis Lambert International Airport,38.5703611,-90.1550833,38.7486982,-90.3700257,2026-01-12,January 12th - Monday,w_0025,0.0,0.2,0.3,0.5,40,"[2179, 2180, 2174, 2199, 2203, 2207, 2341, 2344, 2368, 2374, 2394, 2397, 2712, 2716, 2739, 2746, 2769, 2773, 3985, 3988, 3992, 3994, 4019, 4020, 4023, 4055, 4059, 4063, 4064, 5048, 5052, 5076, 5082, 5299, 5304, 5319, 5321, 5357, 5358, 5364]",0.04479189999983646,success,,35.0695243590648,38.596279476875054,23.651108783135093,17.839922019494136,33.8,26.98219836247526
stl_st_louis_downtown_airport_to_st_louis_lambert_2026-01-12_0026,st_louis_downtown_airport_to_st_louis_lambert,St. Louis Downtown Airport to St. Louis Lambert,St. Louis Downtown Airport,St. Louis Lambert International Airport,38.5703611,-90.1550833,38.7486982,-90.3700257,2026-01-12,January 12th - Monday,w_0026,0.0,0.2,0.4,0.4,40,"[2179, 2180, 2174, 2199, 2203, 2207, 2341, 2344, 2368, 2374, 2394, 2397, 2712, 2716, 2739, 2746, 2769, 2773, 3985, 3988, 3992, 3994, 4019, 4020, 4023, 4055, 4059, 4063, 4064, 5048, 5052, 5076, 5082, 5299, 5304, 5319, 5321, 5357, 5358, 5364]",0.045715499989455566,success,,35.0695243590648,38.596279476875054,23.651108783135093,17.839922019494136,33.8,25.386190564424673
stl_st_louis_downtown_airport_to_st_louis_lambert_2026-01-12_0027,st_louis_downtown_airport_to_st_louis_lambert,St. Louis Downtown Airport to St. Louis Lambert,St. Louis Downtown Airport,St. Louis Lambert International Airport,38.5703611,-90.1550833,38.7486982,-90.3700257,2026-01-12,January 12th - Monday,w_0027,0.0,0.2,0.5,0.3,40,"[2179, 2180, 2174, 2199, 2203, 2207, 2341, 2344, 2368, 2374, 2394, 2397, 2712, 2716, 2739, 2746, 2769, 2773, 3985, 3988, 3992, 3994, 4019, 4020, 4023, 4055, 4059, 4063, 4064, 5048, 5052, 5076, 5082, 5299, 5304, 5319, 5321, 5357, 5358, 5364]",0.04577709999284707,success,,35.0695243590648,38.596279476875054,23.651108783135093,17.839922019494136,33.8,23.790182766374087
stl_st_louis_downtown_airport_to_st_louis_lambert_2026-01-12_0028,st_louis_downtown_airport_to_st_louis_lambert,St. Louis Downtown Airport to St. Louis Lambert,St. Louis Downtown Airport,St. Louis Lambert International Airport,38.5703611,-90.1550833,38.7486982,-90.3700257,2026-01-12,January 12th - Monday,w_0028,0.0,0.2,0.6,0.2,43,"[2179, 2180, 2157, 2170, 2175, 2201, 2313, 2316, 2342, 2347, 2366, 2389, 2392, 2396, 2720, 2721, 2726, 2740, 2678, 2680, 2682, 2685, 3986, 2706, 2705, 2707, 4004, 4027, 4032, 4056, 5030, 5033, 5049, 5054, 5078, 5295, 5300, 5315, 5317, 5321, 5357, 5358, 5364]",0.048391299991635606,success,,36.725266647794015,40.41853094122818,25.74240899456289,16.13075064760808,36.00000000000001,22.02693218747743
stl_st_louis_downtown_airport_to_st_louis_lambert_2026-01-12_0029,st_louis_downtown_airport_to_st_louis_lambert,St. Louis Downtown Airport to St. Louis Lambert,St. Louis Downtown Airport,St. Louis Lambert International Airport,38.5703611,-90.1550833,38.7486982,-90.3700257,2026-01-12,January 12th - Monday,w_0029,0.0,0.2,0.7,0.1,265,"[2179, 2144, 2135, 2134, 2128, 2115, 2110, 1921, 7604, 7601, 7597, 7572, 7568, 7533, 7531, 7528, 7302, 7308, 7285, 7283, 7286, 7479, 7480, 7481, 7471, 7435, 7432, 7427, 7214, 7211, 7212, 7215, 7338, 7340, 7337, 7339, 7326, 7325, 7347, 7336, 7359, 7357, 7335, 8210, 8209, 8206, 7978, 8178, 8176, 7947, 7944, 7952, 7954, 7951, 7953, 8064, 8065, 8066, 8080, 8081, 8082, 8079, 8071, 8057, 8051, 8054, 7982, 7983, 7985, 8004, 8023, 8028, 8030, 8268, 8273, 8299, 8301, 8518, 8523, 8542, 8549, 8546, 8537, 8560, 8563, 8565, 8600, 8602, 8616, 8619, 8625, 8644, 8636, 8651, 9071, 9067, 9091, 9085, 9097, 9118, 9112, 9134, 9140, 9362, 9365, 9370, 9391, 9395, 9397, 9418, 9422, 9631, 9635, 9653, 9657, 9661, 9681, 9685, 9703, 9707, 9700, 11928, 11924, 11935, 11936, 11955, 11968, 11971, 11982, 11985, 12210, 12212, 12215, 12217, 12237, 12240, 12255, 12257, 12261, 12264, 12592, 12594, 12598, 12613, 12615, 13324, 13328, 13351, 13356, 13371, 13372, 13376, 13377, 13404, 13406, 13700, 13703, 13605, 13630, 13636, 13637, 13648, 13651, 13653, 13646, 13639, 13644, 13641, 13180, 13183, 13181, 13182, 13206, 13209, 13210, 13208, 13217, 13171, 13172, 13168, 13053, 13088, 13054, 13076, 13083, 13080, 13105, 13118, 13104, 13116, 13120, 13023, 13272, 13274, 13277, 13280, 13278, 13033, 13285, 13283, 13284, 13282, 6470, 13038, 13014, 6438, 6436, 6433, 6407, 6419, 6413, 6418, 6414, 6429, 6431, 6456, 6502, 6370, 6368, 6366, 6349, 6480, 6347, 6345, 6329, 6327, 6324, 6330, 6245, 6250, 6248, 6247, 6267, 6270, 6272, 6279, 6280, 6278, 6263, 6259, 6959, 6924, 6919, 6895, 6891, 6889, 6073, 6067, 6054, 6051, 6047, 6026, 6001, 5999, 5663, 5659, 5656, 5632, 5622, 5621, 5615, 5380, 5588, 5362, 5364]",0.05303680000361055,success,,211.00459704860415,232.22420456034098,19.23704469416379,15.561217771811155,49.400000000000034,19.68026137910057
stl_st_louis_downtown_airport_to_st_louis_lambert_2026-01-12_0030,st_louis_downtown_airport_to_st_louis_lambert,St. Louis Downtown Airport to St. Louis Lambert,St. Louis Downtown Airport,St. Louis Lambert International Airport,38.5703611,-90.1550833,38.7486982,-90.3700257,2026-01-12,January 12th - Monday,w_0030,0.0,0.2,0.8,0.0,273,"[2179, 2182, 2192, 2196, 2197, 2191, 2006, 2231, 2004, 2002, 1988, 1973, 1969, 1947, 1934, 1932, 1929, 7615, 7613, 7891, 7894, 7890, 7863, 7860, 7857, 7516, 7511, 7496, 7492, 7490, 7476, 7461, 7458, 7444, 7437, 7338, 7340, 7337, 7339, 7326, 7325, 7347, 7336, 7359, 7357, 7335, 8210, 8209, 8206, 7978, 8178, 8176, 7947, 7944, 7952, 7954, 7951, 7953, 8064, 8065, 8066, 8080, 8081, 8082, 8079, 8071, 8057, 8051, 8054, 7982, 7983, 7985, 8004, 8023, 8028, 8030, 8268, 8273, 8299, 8301, 8518, 8523, 8542, 8549, 8546, 8537, 8560, 8563, 8565, 8600, 8602, 8616, 8619, 8625, 8644, 8636, 8651, 9071, 9067, 9091, 9085, 9097, 9118, 9112, 9134, 9140, 9362, 9365, 9370, 9391, 9395, 9397, 9418, 9422, 9631, 9635, 9653, 9657, 9661, 9681, 9685, 9703, 9707, 9700, 11928, 11924, 11935, 11936, 11955, 11968, 11971, 11982, 11985, 12210, 12212, 12215, 12217, 12237, 12240, 12255, 12257, 12261, 12264, 12592, 12594, 12598, 12613, 12615, 13324, 13328, 13351, 13356, 13371, 13372, 13376, 13377, 13404, 13406, 13700, 13703, 13605, 13630, 13636, 13637, 13648, 13651, 13653, 13646, 13639, 13644, 13641, 13180, 13183, 13181, 13182, 13206, 13209, 13210, 13208, 13217, 13171, 13172, 13168, 13053, 13088, 13054, 13076, 13083, 13080, 13105, 13118, 13104, 13116, 13120, 13023, 13272, 13274, 13277, 13280, 13278, 13033, 13285, 13283, 13284, 13282, 6470, 13038, 13014, 6438, 6436, 6433, 6407, 6419, 6413, 6418, 6414, 6426, 6428, 6453, 6458, 6502, 6370, 6368, 6366, 6349, 6480, 6347, 6345, 6329, 6327, 6324, 6330, 6245, 6250, 6248, 6247, 6267, 6270, 6272, 6279, 6280, 6278, 6263, 6259, 6959, 6924, 6919, 6895, 6891, 6889, 6073, 6067, 6054, 6051, 6047, 6026, 6001, 5999, 5663, 5659, 5656, 5632, 5622, 5621, 5624, 5638, 5614, 5645, 5609, 5606, 5590, 5586, 5364]",0.05011799998464994,success,,217.73435979854727,239.63074367534114,22.403633017026888,14.168738001099673,57.00000000000004,15.815717004285117
stl_st_louis_downtown_airport_to_st_louis_lambert_2026-01-12_0031,st_louis_downtown_airport_to_st_louis_lambert,St. Louis Downtown Airport to St. Louis Lambert,St. Louis Downtown Airport,St. Louis Lambert International Airport,38.5703611,-90.1550833,38.7486982,-90.3700257,2026-01-12,January 12th - Monday,w_0031,0.0,0.3,0.0,0.7,41,"[2179, 2181, 2183, 2198, 2202, 2206, 2449, 2345, 2370, 2373, 2398, 2709, 2711, 2714, 2750, 2744, 2770, 2772, 2777, 3989, 3993, 4006, 4008, 4021, 4045, 4047, 4058, 4062, 4077, 4079, 5077, 5081, 5083, 5308, 5316, 5322, 5323, 5346, 5357, 5358, 5364]",0.04548329999670386,success,,35.445886833267345,39.01049071881265,21.248540131475806,21.296693763650328,34.400000000000006,30.45456203944274
stl_st_louis_downtown_airport_to_st_louis_lambert_2026-01-12_0032,st_louis_downtown_airport_to_st_louis_lambert,St. Louis Downtown Airport to St. Louis Lambert,St. Louis Downtown Airport,St. Louis Lambert International Airport,38.5703611,-90.1550833,38.7486982,-90.3700257,2026-01-12,January 12th - Monday,w_0032,0.0,0.3,0.1,0.6,41,"[2179, 2180, 2174, 2199, 2203, 2206, 2449, 2345, 2370, 2373, 2398, 2709, 2711, 2714, 2750, 2744, 2770, 2772, 2777, 3989, 3993, 4006, 4008, 4021, 4045, 4047, 4058, 4062, 4077, 4079, 5077, 5081, 5083, 5308, 5316, 5322, 5323, 5346, 5357, 5358, 5364]",0.04548979998799041,success,,35.44583331001682,39.01043181301415,21.248540131475806,20.670390465623594,34.400000000000006,29.081601086005104
stl_st_louis_downtown_airport_to_st_louis_lambert_2026-01-12_0033,st_louis_downtown_airport_to_st_louis_lambert,St. Louis Downtown Airport to St. Louis Lambert,St. Louis Downtown Airport,St. Louis Lambert International Airport,38.5703611,-90.1550833,38.7486982,-90.3700257,2026-01-12,January 12th - Monday,w_0033,0.0,0.3,0.2,0.5,40,"[2179, 2180, 2174, 2199, 2203, 2207, 2341, 2344, 2368, 2374, 2394, 2397, 2712, 2716, 2739, 2746, 2769, 2773, 3985, 3988, 3992, 3994, 4019, 4020, 4023, 4055, 4059, 4063, 4064, 5048, 5052, 5076, 5082, 5299, 5304, 5319, 5321, 5357, 5358, 5364]",0.044489000021712855,success,,35.0695243590648,38.596279476875054,23.651108783135093,17.839922019494136,33.8,27.563317038839354
stl_st_louis_downtown_airport_to_st_louis_lambert_2026-01-12_0034,st_louis_downtown_airport_to_st_louis_lambert,St. Louis Downtown Airport to St. Louis Lambert,St. Louis Downtown Airport,St. Louis Lambert International Airport,38.5703611,-90.1550833,38.7486982,-90.3700257,2026-01-12,January 12th - Monday,w_0034,0.0,0.3,0.3,0.4,40,"[2179, 2180, 2174, 2199, 2203, 2207, 2341, 2344, 2368, 2374, 2394, 2397, 2712, 2716, 2739, 2746, 2769, 2773, 3985, 3988, 3992, 3994, 4019, 4020, 4023, 4055, 4059, 4063, 4064, 5048, 5052, 5076, 5082, 5299, 5304, 5319, 5321, 5357, 5358, 5364]",0.04547219999949448,success,,35.0695243590648,38.596279476875054,23.651108783135093,17.839922019494136,33.8,25.96730924078877
stl_st_louis_downtown_airport_to_st_louis_lambert_2026-01-12_0035,st_louis_downtown_airport_to_st_louis_lambert,St. Louis Downtown Airport to St. Louis Lambert,St. Louis Downtown Airport,St. Louis Lambert International Airport,38.5703611,-90.1550833,38.7486982,-90.3700257,2026-01-12,January 12th - Monday,w_0035,0.0,0.3,0.4,0.3,40,"[2179, 2180, 2174, 2199, 2203, 2207, 2341, 2344, 2368, 2374, 2394, 2397, 2712, 2716, 2739, 2746, 2769, 2773, 3985, 3988, 3992, 3994, 4019, 4020, 4023, 4055, 4059, 4063, 4064, 5048, 5052, 5076, 5082, 5299, 5304, 5319, 5321, 5357, 5358, 5364]",0.045995799999218434,success,,35.0695243590648,38.596279476875054,23.651108783135093,17.839922019494136,33.8,24.37130144273818
stl_st_louis_downtown_airport_to_st_louis_lambert_2026-01-12_0036,st_louis_downtown_airport_to_st_louis_lambert,St. Louis Downtown Airport to St. Louis Lambert,St. Louis Downtown Airport,St. Louis Lambert International Airport,38.5703611,-90.1550833,38.7486982,-90.3700257,2026-01-12,January 12th - Monday,w_0036,0.0,0.3,0.5,0.2,40,"[2179, 2180, 2174, 2199, 2203, 2207, 2341, 2344, 2368, 2374, 2394, 2397, 2712, 2716, 2739, 2746, 2769, 2773, 3985, 3988, 3992, 3994, 4019, 4020, 4023, 4055, 4059, 4063, 4064, 5048, 5052, 5076, 5082, 5299, 5304, 5319, 5321, 5357, 5358, 5364]",0.04823949999990873,success,,35.0695243590648,38.596279476875054,23.651108783135093,17.839922019494136,33.8,22.775293644687594
stl_st_louis_downtown_airport_to_st_louis_lambert_2026-01-12_0037,st_louis_downtown_airport_to_st_louis_lambert,St. Louis Downtown Airport to St. Louis Lambert,St. Louis Downtown Airport,St. Louis Lambert International Airport,38.5703611,-90.1550833,38.7486982,-90.3700257,2026-01-12,January 12th - Monday,w_0037,0.0,0.3,0.6,0.1,268,"[2179, 2144, 2135, 2134, 2136, 2132, 1952, 1926, 1922, 1919, 7593, 7595, 7590, 7587, 7571, 7567, 7533, 7531, 7528, 7302, 7308, 7285, 7283, 7286, 7479, 7480, 7481, 7471, 7435, 7432, 7427, 7214, 7211, 7212, 7215, 7338, 7340, 7337, 7339, 7326, 7325, 7347, 7336, 7359, 7357, 7335, 8210, 8209, 8206, 7978, 8178, 8176, 7947, 7944, 7952, 7954, 7951, 7953, 8064, 8065, 8066, 8080, 8081, 8082, 8079, 8071, 8057, 8051, 8054, 7982, 7983, 7985, 8004, 8023, 8028, 8030, 8268, 8273, 8299, 8301, 8518, 8523, 8542, 8549, 8546, 8537, 8560, 8563, 8565, 8600, 8602, 8616, 8619, 8625, 8644, 8636, 8651, 9071, 9067, 9091, 9085, 9097, 9118, 9112, 9134, 9140, 9362, 9365, 9370, 9391, 9395, 9397, 9418, 9422, 9631, 9635, 9653, 9657, 9661, 9681, 9685, 9703, 9707, 9700, 11928, 11924, 11935, 11936, 11955, 11968, 11971, 11982, 11985, 12210, 12212, 12215, 12217, 12237, 12240, 12255, 12257, 12261, 12264, 12592, 12594, 12598, 12613, 12615, 13324, 13328, 13351, 13356, 13371, 13372, 13376, 13377, 13404, 13406, 13700, 13703, 13605, 13630, 13636, 13637, 13648, 13651, 13653, 13646, 13639, 13644, 13641, 13180, 13183, 13181, 13182, 13206, 13209, 13210, 13208, 13217, 13171, 13172, 13216, 13126, 13092, 13125, 13106, 13083, 13080, 13105, 13118, 13104, 13116, 13120, 13023, 13272, 13274, 13277, 13280, 13278, 13033, 13285, 13283, 13284, 13282, 6470, 13038, 13014, 6438, 6436, 6433, 6407, 6419, 6413, 6418, 6414, 6429, 6431, 6456, 6502, 6370, 6368, 6366, 6349, 6480, 6347, 6345, 6329, 6327, 6324, 6330, 6245, 6250, 6248, 6247, 6267, 6270, 6272, 6279, 6280, 6278, 6263, 6259, 6959, 6924, 6919, 6895, 6891, 6889, 6073, 6067, 6054, 6051, 6047, 6026, 6001, 5999, 5663, 5659, 5656, 5632, 5622, 5621, 5615, 5380, 5588, 5362, 5364]",0.04995660000713542,success,,213.715899681765,235.2081684460335,17.97226145828115,16.037750566139778,49.400000000000034,19.954328777168215
stl_st_louis_downtown_airport_to_st_louis_lambert_2026-01-12_0038,st_louis_downtown_airport_to_st_louis_lambert,St. Louis Downtown Airport to St. Louis Lambert,St. Louis Downtown Airport,St. Louis Lambert International Airport,38.5703611,-90.1550833,38.7486982,-90.3700257,2026-01-12,January 12th - Monday,w_0038,0.0,0.3,0.7,0.0,274,"[2179, 2144, 2135, 2134, 2136, 2132, 1952, 1957, 1951, 1948, 1914, 1911, 7594, 7590, 7587, 7571, 7567, 7533, 7531, 7528, 7302, 7308, 7285, 7283, 7286, 7479, 7480, 7481, 7471, 7435, 7432, 7427, 7214, 7211, 7212, 7215, 7338, 7340, 7337, 7339, 7326, 7325, 7347, 7336, 7359, 7357, 7335, 8210, 8209, 8206, 7978, 8178, 8176, 7947, 7944, 7952, 7954, 7951, 7953, 8064, 8065, 8066, 8080, 8081, 8082, 8079, 8071, 8057, 8051, 8054, 7982, 7983, 7985, 8004, 8023, 8028, 8030, 8268, 8273, 8299, 8301, 8518, 8523, 8542, 8549, 8546, 8537, 8560, 8563, 8565, 8600, 8602, 8616, 8619, 8625, 8644, 8636, 8651, 9071, 9067, 9091, 9085, 9097, 9118, 9112, 9134, 9140, 9362, 9365, 9370, 9391, 9395, 9397, 9418, 9422, 9631, 9635, 9653, 9657, 9661, 9681, 9685, 9703, 9707, 9700, 11928, 11924, 11935, 11936, 11955, 11968, 11971, 11982, 11985, 12210, 12212, 12215, 12217, 12237, 12240, 12255, 12257, 12261, 12264, 12592, 12594, 12598, 12613, 12615, 13324, 13328, 13351, 13356, 13371, 13372, 13376, 13377, 13404, 13406, 13700, 13703, 13605, 13630, 13636, 13637, 13648, 13651, 13653, 13646, 13639, 13644, 13641, 13180, 13183, 13181, 13182, 13206, 13209, 13210, 13208, 13217, 13171, 13172, 13216, 13126, 13092, 13125, 13106, 13083, 13080, 13105, 13118, 13104, 13116, 13120, 13023, 13272, 13274, 13277, 13280, 13278, 13033, 13285, 13283, 13284, 13282, 6470, 13038, 13014, 6438, 6436, 6433, 6407, 6419, 6413, 6418, 6414, 6426, 6428, 6453, 6458, 6502, 6370, 6368, 6366, 6349, 6480, 6347, 6345, 6329, 6327, 6324, 6330, 6245, 6250, 6248, 6247, 6267, 6270, 6272, 6279, 6280, 6278, 6263, 6259, 6959, 6924, 6919, 6895, 6891, 6889, 6073, 6067, 6054, 6051, 6047, 6026, 6001, 5999, 5663, 5659, 5656, 5632, 5622, 5621, 5624, 5638, 5614, 5645, 5609, 5606, 5590, 5586, 5364]",0.05101490000379272,success,,218.10049711116892,240.03370146570552,18.64252096276402,15.316084178862615,55.000000000000036,16.314015214033038
stl_st_louis_downtown_airport_to_st_louis_lambert_2026-01-12_0039,st_louis_downtown_airport_to_st_louis_lambert,St. Louis Downtown Airport to St. Louis Lambert,St. Louis Downtown Airport,St. Louis Lambert International Airport,38.5703611,-90.1550833,38.7486982,-90.3700257,2026-01-12,January 12th - Monday,w_0039,0.0,0.4,0.0,0.6,43,"[2179, 2181, 2183, 2198, 2202, 2206, 2449, 2345, 2370, 2373, 2398, 2709, 2711, 2714, 2750, 2744, 2770, 2772, 2777, 3989, 3993, 4006, 4008, 4021, 4045, 4047, 4058, 4062, 4075, 4082, 4084, 5080, 5084, 5310, 5311, 5337, 5320, 5322, 5323, 5346, 5357, 5358, 5364]",0.04458129999693483,success,,36.19711858407648,39.83726984216957,17.31210242086407,23.984272651870743,36.400000000000006,28.76484096834563
stl_st_louis_downtown_airport_to_st_louis_lambert_2026-01-12_0040,st_louis_downtown_airport_to_st_louis_lambert,St. Louis Downtown Airport to St. Louis Lambert,St. Louis Downtown Airport,St. Louis Lambert International Airport,38.5703611,-90.1550833,38.7486982,-90.3700257,2026-01-12,January 12th - Monday,w_0040,0.0,0.4,0.1,0.5,43,"[2179, 2180, 2174, 2199, 2203, 2206, 2449, 2345, 2370, 2373, 2398, 2709, 2711, 2714, 2750, 2744, 2770, 2772, 2777, 3989, 3993, 4006, 4008, 4021, 4045, 4047, 4058, 4062, 4075, 4082, 4084, 5080, 5084, 5310, 5311, 5337, 5320, 5322, 5323, 5346, 5357, 5358, 5364]",0.04544060002081096,success,,36.19706506082596,39.83721093637107,17.31210242086407,23.35796935384401,36.400000000000006,27.46063790373003
stl_st_louis_downtown_airport_to_st_louis_lambert_2026-01-12_0041,st_louis_downtown_airport_to_st_louis_lambert,St. Louis Downtown Airport to St. Louis Lambert,St. Louis Downtown Airport,St. Louis Lambert International Airport,38.5703611,-90.1550833,38.7486982,-90.3700257,2026-01-12,January 12th - Monday,w_0041,0.0,0.4,0.2,0.4,43,"[2179, 2180, 2174, 2199, 2203, 2206, 2449, 2345, 2370, 2373, 2398, 2709, 2711, 2714, 2750, 2744, 2770, 2772, 2777, 3989, 3993, 4006, 4008, 4021, 4045, 4047, 4058, 4062, 4075, 4082, 4084, 5080, 5084, 5310, 5311, 5337, 5320, 5322, 5323, 5346, 5357, 5358, 5364]",0.045631199987838045,success,,36.19706506082596,39.83721093637107,17.31210242086407,23.35796935384401,36.400000000000006,26.156434839114432
stl_st_louis_downtown_airport_to_st_louis_lambert_2026-01-12_0042,st_louis_downtown_airport_to_st_louis_lambert,St. Louis Downtown Airport to St. Louis Lambert,St. Louis Downtown Airport,St. Louis Lambert International Airport,38.5703611,-90.1550833,38.7486982,-90.3700257,2026-01-12,January 12th - Monday,w_0042,0.0,0.4,0.3,0.3,44,"[2179, 2180, 2174, 2199, 2203, 2206, 2449, 2345, 2370, 2373, 2398, 2709, 2711, 2714, 2750, 2744, 2770, 2772, 2777, 3989, 3988, 3992, 3994, 4019, 4020, 4023, 4055, 4059, 4062, 4075, 4082, 4084, 5080, 5084, 5310, 5311, 5337, 5320, 5322, 5323, 5346, 5357, 5358, 5364]",0.04616670001996681,success,,36.57210005386254,40.24996119943833,16.402941041735232,23.43756424675925,37.400000000000006,24.81244569072187
stl_st_louis_downtown_airport_to_st_louis_lambert_2026-01-12_0043,st_louis_downtown_airport_to_st_louis_lambert,St. Louis Downtown Airport to St. Louis Lambert,St. Louis Downtown Airport,St. Louis Lambert International Airport,38.5703611,-90.1550833,38.7486982,-90.3700257,2026-01-12,January 12th - Monday,w_0043,0.0,0.4,0.4,0.2,259,"[2179, 2144, 2135, 2134, 2130, 2115, 2110, 1921, 7604, 7601, 7597, 7572, 7568, 7533, 7531, 7528, 7302, 7308, 7285, 7283, 7286, 7479, 7480, 7481, 7471, 7435, 7432, 7427, 7214, 7211, 7212, 7215, 7338, 7340, 7337, 7339, 7326, 7325, 7347, 7336, 7359, 7357, 7335, 8210, 8209, 8206, 7978, 8178, 8176, 7947, 7944, 7952, 7954, 7951, 7953, 8064, 8065, 8066, 8080, 8081, 8082, 8079, 8071, 8057, 8051, 8054, 7982, 7983, 7985, 8004, 8023, 8028, 8030, 8268, 8273, 8299, 8301, 8518, 8523, 8542, 8549, 8546, 8537, 8560, 8563, 8565, 8600, 8602, 8616, 8619, 8625, 8644, 8636, 8651, 9071, 9067, 9091, 9085, 9097, 9118, 9112, 9134, 9140, 9362, 9365, 9370, 9391, 9395, 9397, 9418, 9422, 9631, 9635, 9653, 9657, 9661, 9681, 9685, 9703, 9707, 9700, 11928, 11924, 11935, 11936, 11955, 11968, 11971, 11982, 11985, 12210, 12212, 12215, 12217, 12237, 12240, 12255, 12257, 12261, 12264, 12592, 12594, 12598, 12613, 12615, 13324, 13328, 13351, 13356, 13371, 13372, 13376, 13377, 13404, 13406, 13700, 13703, 13605, 13630, 13636, 13637, 13648, 13651, 13653, 13646, 13639, 13644, 13641, 13180, 13183, 13181, 13182, 13206, 13209, 13210, 13208, 13217, 13171, 13172, 13216, 13126, 13092, 13125, 13106, 13083, 13080, 13105, 13118, 13104, 13116, 13120, 13023, 13272, 13274, 13277, 13280, 13278, 13033, 13044, 13039, 13013, 13014, 6438, 6436, 6433, 6407, 6419, 6413, 6418, 6414, 6429, 6431, 6456, 6502, 6370, 6368, 6366, 6349, 6480, 6347, 6345, 6329, 6327, 6324, 6291, 6204, 6201, 6198, 6199, 6194, 6227, 6226, 6218, 6213, 6214, 6210, 6064, 6892, 6887, 6889, 6073, 6067, 6054, 6051, 6047, 6026, 6001, 5999, 5663, 5659, 5656, 5632, 5622, 5621, 5615, 5380, 5588, 5362, 5364]",0.0502664000086952,success,,206.2708132961125,227.01436941049437,17.058429959162154,17.287032542905003,47.60000000000004,23.25818500082687
stl_st_louis_downtown_airport_to_st_louis_lambert_2026-01-12_0044,st_louis_downtown_airport_to_st_louis_lambert,St. Louis Downtown Airport to St. Louis Lambert,St. Louis Downtown Airport,St. Louis Lambert International Airport,38.5703611,-90.1550833,38.7486982,-90.3700257,2026-01-12,January 12th - Monday,w_0044,0.0,0.4,0.5,0.1,262,"[2179, 2144, 2135, 2134, 2130, 2115, 2110, 1921, 7604, 7601, 7597, 7572, 7568, 7533, 7531, 7528, 7302, 7308, 7285, 7283, 7286, 7479, 7480, 7481, 7471, 7435, 7432, 7427, 7214, 7211, 7212, 7215, 7338, 7340, 7337, 7339, 7326, 7325, 7347, 7336, 7359, 7357, 7335, 8210, 8209, 8206, 7978, 8178, 8176, 7947, 7944, 7952, 7954, 7951, 7953, 8064, 8065, 8066, 8080, 8081, 8082, 8079, 8071, 8057, 8051, 8054, 7982, 7983, 7985, 8004, 8023, 8028, 8030, 8268, 8273, 8299, 8301, 8518, 8523, 8542, 8549, 8546, 8537, 8560, 8563, 8565, 8600, 8602, 8616, 8619, 8625, 8644, 8636, 8651, 9071, 9067, 9091, 9085, 9097, 9118, 9112, 9134, 9140, 9362, 9365, 9370, 9391, 9395, 9397, 9418, 9422, 9631, 9635, 9653, 9657, 9661, 9681, 9685, 9703, 9707, 9700, 11928, 11924, 11935, 11936, 11955, 11968, 11971, 11982, 11985, 12210, 12212, 12215, 12217, 12237, 12240, 12255, 12257, 12261, 12264, 12592, 12594, 12598, 12613, 12615, 13324, 13328, 13351, 13356, 13371, 13372, 13376, 13377, 13404, 13406, 13700, 13703, 13605, 13630, 13636, 13637, 13648, 13651, 13653, 13646, 13639, 13644, 13641, 13180, 13183, 13181, 13182, 13206, 13209, 13210, 13208, 13217, 13171, 13172, 13216, 13126, 13092, 13125, 13106, 13083, 13080, 13105, 13118, 13104, 13116, 13120, 13023, 13272, 13274, 13277, 13280, 13278, 13033, 13044, 13039, 13013, 13014, 6438, 6436, 6433, 6407, 6419, 6413, 6418, 6414, 6429, 6431, 6456, 6502, 6370, 6368, 6366, 6349, 6480, 6347, 6345, 6329, 6327, 6324, 6330, 6245, 6250, 6248, 6247, 6267, 6270, 6272, 6279, 6280, 6278, 6263, 6259, 6959, 6924, 6919, 6895, 6891, 6889, 6073, 6067, 6054, 6051, 6047, 6026, 6001, 5999, 5663, 5659, 5656, 5632, 5622, 5621, 5615, 5380, 5588, 5362, 5364]",0.05074819998117164,success,,209.16794871468602,230.2028542941998,17.01901187420445,16.551067392915645,49.400000000000034,20.023138446139605
stl_st_louis_downtown_airport_to_st_louis_lambert_2026-01-12_0045,st_louis_downtown_airport_to_st_louis_lambert,St. Louis Downtown Airport to St. Louis Lambert,St. Louis Downtown Airport,St. Louis Lambert International Airport,38.5703611,-90.1550833,38.7486982,-90.3700257,2026-01-12,January 12th - Monday,w_0045,0.0,0.4,0.6,0.0,286,"[2179, 2144, 2135, 2134, 2136, 2132, 1952, 1957, 1951, 1948, 1914, 1911, 7594, 7590, 7587, 7571, 7567, 7533, 7531, 7528, 7302, 7308, 7285, 7283, 7286, 7479, 7480, 7481, 7471, 7435, 7432, 7427, 7214, 7211, 7212, 7215, 7338, 7340, 7337, 7339, 7326, 7325, 7347, 7336, 7359, 7357, 7335, 8210, 8209, 8206, 7978, 8178, 8176, 7947, 7944, 7952, 7954, 7951, 7953, 8064, 8065, 8066, 8080, 8081, 8082, 8079, 8071, 8057, 8051, 8054, 7982, 7983, 7985, 8004, 8023, 8028, 8030, 8268, 8273, 8299, 8301, 8518, 8523, 8542, 8549, 8546, 8537, 8560, 8563, 8565, 8600, 8602, 8616, 8619, 8625, 8644, 8636, 8651, 9071, 9067, 9091, 9085, 9097, 9118, 9112, 9134, 9140, 9362, 9365, 9370, 9391, 9395, 9397, 9418, 9422, 9631, 9635, 9653, 9657, 9661, 9681, 9685, 9703, 9707, 9700, 11928, 11924, 11935, 11936, 11955, 11968, 11971, 11982, 11985, 12210, 12212, 12215, 12217, 12237, 12240, 12255, 12257, 12261, 12264, 12592, 12594, 12598, 12613, 12615, 13324, 13328, 13351, 13356, 13371, 13372, 13376, 13377, 13404, 13406, 13700, 13703, 13605, 13630, 13636, 13637, 13648, 13651, 13653, 13646, 13639, 13644, 13641, 13180, 13183, 13181, 13182, 13206, 13209, 13210, 13208, 13217, 13171, 13172, 13216, 13126, 13092, 13125, 13106, 13083, 13080, 13105, 13118, 13104, 13116, 13120, 13023, 13272, 13274, 13277, 13280, 13278, 13033, 13044, 13039, 13013, 13014, 6438, 6436, 6433, 6407, 6419, 6413, 6418, 6414, 6429, 6431, 6456, 6502, 6370, 6368, 6366, 6349, 6480, 6347, 6345, 6329, 6327, 6324, 6330, 6245, 6250, 6248, 6247, 6267, 6270, 6272, 6279, 6280, 6278, 6263, 6963, 6966, 6965, 6973, 6969, 6967, 6954, 6955, 6988, 6985, 6946, 6874, 6852, 6877, 6851, 6977, 6871, 6872, 6867, 6853, 6828, 6829, 6831, 6735, 6732, 6717, 6715, 6710, 6588, 6585, 6570, 5742, 5739, 5737, 5702, 5700, 5696, 5474, 5471, 5647, 5613, 5609, 5606, 5590, 5586, 5364]",0.050865700002759695,success,,226.99783354793442,249.82579559841145,11.55977179800449,18.453876146673988,66.00000000000006,15.696234407206187
stl_st_louis_downtown_airport_to_st_louis_lambert_2026-01-12_0046,st_louis_downtown_airport_to_st_louis_lambert,St. Louis Downtown Airport to St. Louis Lambert,St. Louis Downtown Airport,St. Louis Lambert International Airport,38.5703611,-90.1550833,38.7486982,-90.3700257,2026-01-12,January 12th - Monday,w_0046,0.0,0.5,0.0,0.5,54,"[2179, 2182, 2192, 2418, 2422, 2425, 2427, 2453, 2456, 2479, 2480, 2483, 2808, 2811, 2813, 2833, 2859, 2862, 2864, 2795, 2796, 3899, 3902, 3914, 3948, 3947, 3952, 3940, 3977, 3976, 3941, 4043, 4066, 4067, 4068, 4185, 4187, 4188, 4076, 4075, 4082, 4084, 5080, 5084, 5310, 5311, 5337, 5320, 5322, 5323, 5346, 5357, 5358, 5364]",0.04580409999471158,success,,44.03384803406542,48.46209739727293,9.018797265828733,40.568618255288065,44.20000000000002,26.609398632914374
stl_st_louis_downtown_airport_to_st_louis_lambert_2026-01-12_0047,st_louis_downtown_airport_to_st_louis_lambert,St. Louis Downtown Airport to St. Louis Lambert,St. Louis Downtown Airport,St. Louis Lambert International Airport,38.5703611,-90.1550833,38.7486982,-90.3700257,2026-01-12,January 12th - Monday,w_0047,0.0,0.5,0.1,0.4,44,"[2179, 2180, 2174, 2199, 2203, 2206, 2449, 2345, 2370, 2373, 2398, 2709, 2711, 2714, 2750, 2744, 2770, 2772, 2777, 3989, 3988, 3992, 3994, 4019, 4020, 4023, 4055, 4059, 4062, 4075, 4082, 4084, 5080, 5084, 5310, 5311, 5337, 5320, 5322, 5323, 5346, 5357, 5358, 5364]",0.044480100012151524,success,,36.57210005386254,40.24996119943833,16.402941041735232,23.43756424675925,37.400000000000006,25.505226945543544
stl_st_louis_downtown_airport_to_st_louis_lambert_2026-01-12_0048,st_louis_downtown_airport_to_st_louis_lambert,St. Louis Downtown Airport to St. Louis Lambert,St. Louis Downtown Airport,St. Louis Lambert International Airport,38.5703611,-90.1550833,38.7486982,-90.3700257,2026-01-12,January 12th - Monday,w_0048,0.0,0.5,0.2,0.3,44,"[2179, 2180, 2174, 2199, 2203, 2206, 2449, 2345, 2370, 2373, 2398, 2709, 2711, 2714, 2750, 2744, 2770, 2772, 2777, 3989, 3988, 3992, 3994, 4019, 4020, 4023, 4055, 4059, 4062, 4075, 4082, 4084, 5080, 5084, 5310, 5311, 5337, 5320, 5322, 5323, 5346, 5357, 5358, 5364]",0.04632520000450313,success,,36.57210005386254,40.24996119943833,16.402941041735232,23.43756424675925,37.400000000000006,24.10898337021947
stl_st_louis_downtown_airport_to_st_louis_lambert_2026-01-12_0049,st_louis_downtown_airport_to_st_louis_lambert,St. Louis Downtown Airport to St. Louis Lambert,St. Louis Downtown Airport,St. Louis Lambert International Airport,38.5703611,-90.1550833,38.7486982,-90.3700257,2026-01-12,January 12th - Monday,w_0049,0.0,0.5,0.3,0.2,44,"[2179, 2180, 2174, 2199, 2203, 2206, 2449, 2345, 2370, 2373, 2398, 2709, 2711, 2714, 2750, 2744, 2770, 2772, 2777, 3989, 3988, 3992, 3994, 4019, 4020, 4023, 4055, 4059, 4062, 4075, 4082, 4084, 5080, 5084, 5310, 5311, 5337, 5320, 5322, 5323, 5346, 5357, 5358, 5364]",0.04727959999581799,success,,36.57210005386254,40.24996119943833,16.402941041735232,23.43756424675925,37.400000000000006,22.71273979489539
stl_st_louis_downtown_airport_to_st_louis_lambert_2026-01-12_0050,st_louis_downtown_airport_to_st_louis_lambert,St. Louis Downtown Airport to St. Louis Lambert,St. Louis Downtown Airport,St. Louis Lambert International Airport,38.5703611,-90.1550833,38.7486982,-90.3700257,2026-01-12,January 12th - Monday,w_0050,0.0,0.5,0.4,0.1,279,"[2179, 2144, 2135, 2134, 2130, 2115, 2110, 1921, 7604, 7601, 7597, 7572, 7568, 7533, 7531, 7528, 7302, 7308, 7285, 7283, 7286, 7479, 7480, 7481, 7471, 7435, 7432, 7427, 7214, 7211, 7212, 7215, 7338, 7340, 7337, 7339, 7326, 7325, 7347, 7336, 7359, 7357, 7335, 8210, 8209, 8206, 7978, 8178, 8176, 7947, 7944, 7952, 7954, 7951, 7953, 8064, 8065, 8066, 8080, 8081, 8082, 8079, 8071, 8057, 8051, 8054, 7982, 7983, 7985, 8004, 8023, 8028, 8030, 8268, 8273, 8299, 8301, 8518, 8523, 8542, 8549, 8546, 8537, 8560, 8563, 8565, 8600, 8602, 8616, 8619, 8625, 8644, 8636, 8651, 9071, 9067, 9091, 9085, 9097, 9118, 9112, 9134, 9140, 9362, 9365, 9370, 9391, 9395, 9397, 9418, 9422, 9631, 9635, 9653, 9657, 9661, 9681, 9685, 9703, 9707, 9700, 11928, 11924, 11935, 11936, 11955, 11968, 11971, 11982, 11985, 12210, 12212, 12215, 12217, 12237, 12240, 12255, 12257, 12261, 12264, 12592, 12594, 12598, 12613, 12615, 13324, 13328, 13351, 13356, 13371, 13372, 13376, 13377, 13404, 13406, 13700, 13703, 13605, 13630, 13636, 13637, 13648, 13651, 13653, 13646, 13639, 13644, 13641, 13180, 13183, 13181, 13182, 13206, 13209, 13210, 13208, 13217, 13171, 13172, 13216, 13126, 13092, 13125, 13106, 13083, 13080, 13105, 13118, 13104, 13116, 13120, 13023, 13272, 13274, 13277, 13280, 13278, 13033, 13044, 13039, 13013, 13014, 6438, 6436, 6433, 6407, 6419, 6413, 6418, 6414, 6426, 6423, 6427, 6454, 6338, 6339, 6342, 6349, 6480, 6347, 6345, 6329, 6327, 6324, 6330, 6245, 6250, 6248, 6247, 6267, 6270, 6272, 6279, 6280, 6278, 6263, 6963, 6966, 6965, 6973, 6969, 6967, 6954, 6955, 6988, 6985, 6946, 6874, 6852, 6877, 6851, 6977, 6871, 6872, 6867, 6853, 6828, 6824, 6800, 6798, 6793, 6588, 6585, 6570, 5742, 5739, 5737, 5704, 5700, 5696, 5474, 5471, 5647, 5613, 5609, 5606, 5590, 5586, 5364]",0.04962179998983629,success,,220.1271374030526,242.2641501682246,9.895026437100288,19.916878279256533,62.00000000000005,19.114264530252765
stl_st_louis_downtown_airport_to_st_louis_lambert_2026-01-12_0051,st_louis_downtown_airport_to_st_louis_lambert,St. Louis Downtown Airport to St. Louis Lambert,St. Louis Downtown Airport,St. Louis Lambert International Airport,38.5703611,-90.1550833,38.7486982,-90.3700257,2026-01-12,January 12th - Monday,w_0051,0.0,0.5,0.5,0.0,282,"[2179, 2144, 2135, 2134, 2130, 2115, 2110, 1921, 7604, 7601, 7597, 7572, 7568, 7533, 7531, 7528, 7302, 7308, 7285, 7283, 7286, 7479, 7480, 7481, 7471, 7435, 7432, 7427, 7214, 7211, 7212, 7215, 7338, 7340, 7337, 7339, 7326, 7325, 7347, 7336, 7359, 7357, 7335, 8210, 8209, 8206, 7978, 8178, 8176, 7947, 7944, 7952, 7954, 7951, 7953, 8064, 8065, 8066, 8080, 8081, 8082, 8079, 8071, 8057, 8051, 8054, 7982, 7983, 7985, 8004, 8023, 8028, 8030, 8268, 8273, 8299, 8301, 8518, 8523, 8542, 8549, 8546, 8537, 8560, 8563, 8565, 8600, 8602, 8616, 8619, 8625, 8644, 8636, 8651, 9071, 9067, 9091, 9085, 9097, 9118, 9112, 9134, 9140, 9362, 9365, 9370, 9391, 9395, 9397, 9418, 9422, 9631, 9635, 9653, 9657, 9661, 9681, 9685, 9703, 9707, 9700, 11928, 11924, 11935, 11936, 11955, 11968, 11971, 11982, 11985, 12210, 12212, 12215, 12217, 12237, 12240, 12255, 12257, 12261, 12264, 12592, 12594, 12598, 12613, 12615, 13324, 13328, 13351, 13356, 13371, 13372, 13376, 13377, 13404, 13406, 13700, 13703, 13605, 13630, 13636, 13637, 13648, 13651, 13653, 13646, 13639, 13644, 13641, 13180, 13183, 13181, 13182, 13206, 13209, 13210, 13208, 13217, 13171, 13172, 13216, 13126, 13092, 13125, 13106, 13083, 13080, 13105, 13118, 13104, 13116, 13120, 13023, 13272, 13274, 13277, 13280, 13278, 13033, 13044, 13039, 13013, 13014, 6438, 6436, 6433, 6407, 6419, 6413, 6418, 6414, 6429, 6431, 6456, 6502, 6370, 6368, 6366, 6349, 6480, 6347, 6345, 6329, 6327, 6324, 6330, 6245, 6250, 6248, 6247, 6267, 6270, 6272, 6279, 6280, 6278, 6263, 6963, 6966, 6965, 6973, 6969, 6967, 6954, 6955, 6988, 6985, 6946, 6874, 6852, 6877, 6851, 6977, 6871, 6872, 6867, 6853, 6828, 6829, 6831, 6735, 6732, 6717, 6715, 5784, 5781, 5760, 5756, 5732, 5730, 5725, 5704, 5700, 5696, 5474, 5471, 5647, 5613, 5609, 5606, 5590, 5586, 5364]",0.049044700019294396,success,,223.3801331499673,245.84428235648892,8.575431191042625,21.195463526512565,65.00000000000006,14.885447358777595
stl_st_louis_downtown_airport_to_st_louis_lambert_2026-01-12_0052,st_louis_downtown_airport_to_st_louis_lambert,St. Louis Downtown Airport to St. Louis Lambert,St. Louis Downtown Airport,St. Louis Lambert International Airport,38.5703611,-90.1550833,38.7486982,-90.3700257,2026-01-12,January 12th - Monday,w_0052,0.0,0.6,0.0,0.4,54,"[2179, 2182, 2192, 2418, 2422, 2425, 2427, 2453, 2456, 2479, 2480, 2483, 2808, 2811, 2813, 2833, 2859, 2862, 2864, 2795, 2796, 3899, 3902, 3914, 3948, 3947, 3952, 3940, 3977, 3976, 3941, 4043, 4066, 4067, 4068, 4185, 4187, 4188, 4076, 4075, 4082, 4084, 5080, 5084, 5310, 5311, 5337, 5320, 5322, 5323, 5346, 5357, 5358, 5364]",0.04633129999274388,success,,44.03384803406542,48.46209739727293,9.018797265828733,40.568618255288065,44.20000000000002,23.091278359497245
stl_st_louis_downtown_airport_to_st_louis_lambert_2026-01-12_0053,st_louis_downtown_airport_to_st_louis_lambert,St. Louis Downtown Airport to St. Louis Lambert,St. Louis Downtown Airport,St. Louis Lambert International Airport,38.5703611,-90.1550833,38.7486982,-90.3700257,2026-01-12,January 12th - Monday,w_0053,0.0,0.6,0.1,0.3,54,"[2179, 2182, 2192, 2418, 2422, 2425, 2427, 2453, 2455, 2478, 2481, 2485, 2808, 2811, 2813, 2817, 2858, 2862, 2864, 2795, 2796, 3899, 3902, 3914, 3948, 3950, 3966, 3981, 3978, 3976, 3941, 4043, 4066, 4067, 4068, 4185, 4187, 4188, 4076, 4075, 4082, 4084, 5080, 5084, 5310, 5311, 5337, 5320, 5322, 5323, 5346, 5357, 5358, 5364]",0.04539919999660924,success,,44.039623781212235,48.468453980521204,9.018797265828733,38.97489674774674,44.20000000000002,22.56876803427192
stl_st_louis_downtown_airport_to_st_louis_lambert_2026-01-12_0054,st_louis_downtown_airport_to_st_louis_lambert,St. Louis Downtown Airport to St. Louis Lambert,St. Louis Downtown Airport,St. Louis Lambert International Airport,38.5703611,-90.1550833,38.7486982,-90.3700257,2026-01-12,January 12th - Monday,w_0054,0.0,0.6,0.2,0.2,279,"[2179, 2144, 2135, 2134, 2130, 2115, 2110, 1921, 7604, 7601, 7597, 7572, 7568, 7533, 7531, 7528, 7302, 7308, 7285, 7283, 7286, 7479, 7480, 7481, 7471, 7435, 7432, 7427, 7214, 7211, 7212, 7215, 7338, 7340, 7337, 7339, 7326, 7325, 7347, 7336, 7359, 7357, 7335, 8210, 8209, 8206, 7978, 8178, 8176, 7947, 7944, 7952, 7954, 7951, 7953, 8064, 8065, 8066, 8080, 8081, 8082, 8079, 8071, 8057, 8051, 8054, 7982, 7983, 7985, 8004, 8023, 8028, 8030, 8268, 8273, 8299, 8301, 8518, 8523, 8542, 8549, 8546, 8537, 8560, 8563, 8565, 8600, 8602, 8616, 8619, 8625, 8644, 8636, 8651, 9071, 9067, 9091, 9085, 9097, 9118, 9112, 9134, 9140, 9362, 9365, 9370, 9391, 9395, 9397, 9418, 9422, 9631, 9635, 9653, 9657, 9661, 9681, 9685, 9703, 9707, 9700, 11928, 11924, 11935, 11936, 11955, 11968, 11971, 11982, 11985, 12210, 12212, 12215, 12217, 12237, 12240, 12255, 12257, 12261, 12264, 12592, 12594, 12598, 12613, 12615, 13324, 13328, 13351, 13356, 13371, 13372, 13376, 13377, 13404, 13406, 13700, 13703, 13605, 13630, 13636, 13637, 13648, 13651, 13653, 13646, 13639, 13644, 13641, 13180, 13183, 13181, 13182, 13206, 13209, 13210, 13208, 13217, 13171, 13172, 13216, 13126, 13092, 13125, 13106, 13083, 13080, 13105, 13118, 13104, 13116, 13120, 13023, 13272, 13274, 13277, 13280, 13278, 13033, 13044, 13039, 13013, 13014, 6438, 6436, 6433, 6407, 6444, 6417, 6418, 6414, 6426, 6423, 6427, 6454, 6363, 6364, 6342, 6349, 6480, 6347, 6345, 6329, 6327, 6324, 6330, 6245, 6250, 6248, 6247, 6267, 6270, 6272, 6279, 6280, 6278, 6263, 6963, 6966, 6965, 6973, 6969, 6967, 6954, 6955, 6988, 6985, 6946, 6874, 6852, 6877, 6851, 6977, 6871, 6872, 6867, 6853, 6828, 6825, 6823, 6714, 6711, 5781, 5760, 5756, 5732, 5730, 5725, 5704, 5700, 5696, 5474, 5471, 5647, 5613, 5609, 5606, 5590, 5586, 5364]",0.05191259999992326,success,,221.18635990904818,243.42989303519443,8.222185498776852,22.638433919873503,61.40000000000005,21.74099808324082
stl_st_louis_downtown_airport_to_st_louis_lambert_2026-01-12_0055,st_louis_downtown_airport_to_st_louis_lambert,St. Louis Downtown Airport to St. Louis Lambert,St. Louis Downtown Airport,St. Louis Lambert International Airport,38.5703611,-90.1550833,38.7486982,-90.3700257,2026-01-12,January 12th - Monday,w_0055,0.0,0.6,0.3,0.1,279,"[2179, 2144, 2135, 2134, 2130, 2115, 2110, 1921, 7604, 7601, 7597, 7572, 7568, 7533, 7531, 7528, 7302, 7308, 7285, 7283, 7286, 7479, 7480, 7481, 7471, 7435, 7432, 7427, 7214, 7211, 7212, 7215, 7338, 7340, 7337, 7339, 7326, 7325, 7347, 7336, 7359, 7357, 7335, 8210, 8209, 8206, 7978, 8178, 8176, 7947, 7944, 7952, 7954, 7951, 7953, 8064, 8065, 8066, 8080, 8081, 8082, 8079, 8071, 8057, 8051, 8054, 7982, 7983, 7985, 8004, 8023, 8028, 8030, 8268, 8273, 8299, 8301, 8518, 8523, 8542, 8549, 8546, 8537, 8560, 8563, 8565, 8600, 8602, 8616, 8619, 8625, 8644, 8636, 8651, 9071, 9067, 9091, 9085, 9097, 9118, 9112, 9134, 9140, 9362, 9365, 9370, 9391, 9395, 9397, 9418, 9422, 9631, 9635, 9653, 9657, 9661, 9681, 9685, 9703, 9707, 9700, 11928, 11924, 11935, 11936, 11955, 11968, 11971, 11982, 11985, 12210, 12212, 12215, 12217, 12237, 12240, 12255, 12257, 12261, 12264, 12592, 12594, 12598, 12613, 12615, 13324, 13328, 13351, 13356, 13371, 13372, 13376, 13377, 13404, 13406, 13700, 13703, 13605, 13630, 13636, 13637, 13648, 13651, 13653, 13646, 13639, 13644, 13641, 13180, 13183, 13181, 13182, 13206, 13209, 13210, 13208, 13217, 13171, 13172, 13216, 13126, 13092, 13125, 13106, 13083, 13080, 13105, 13118, 13104, 13116, 13120, 13023, 13272, 13274, 13277, 13280, 13278, 13033, 13044, 13039, 13013, 13014, 6438, 6436, 6433, 6407, 6419, 6413, 6418, 6414, 6426, 6423, 6427, 6454, 6338, 6339, 6342, 6349, 6480, 6347, 6345, 6329, 6327, 6324, 6330, 6245, 6250, 6248, 6247, 6267, 6270, 6272, 6279, 6280, 6278, 6263, 6963, 6966, 6965, 6973, 6969, 6967, 6954, 6955, 6988, 6985, 6946, 6874, 6852, 6877, 6851, 6977, 6871, 6872, 6867, 6853, 6828, 6825, 6823, 6714, 6711, 5781, 5760, 5756, 5732, 5730, 5725, 5704, 5700, 5696, 5474, 5471, 5647, 5613, 5609, 5606, 5590, 5586, 5364]",0.05027939999126829,success,,221.1860526469264,243.42955487335894,8.222185498776852,22.0580912503465,62.00000000000005,17.750738674370066
stl_st_louis_downtown_airport_to_st_louis_lambert_2026-01-12_0056,st_louis_downtown_airport_to_st_louis_lambert,St. Louis Downtown Airport to St. Louis Lambert,St. Louis Downtown Airport,St. Louis Lambert International Airport,38.5703611,-90.1550833,38.7486982,-90.3700257,2026-01-12,January 12th - Monday,w_0056,0.0,0.6,0.4,0.0,282,"[2179, 2144, 2135, 2134, 2130, 2115, 2110, 1921, 7604, 7601, 7597, 7572, 7568, 7533, 7531, 7528, 7302, 7308, 7285, 7283, 7286, 7479, 7480, 7481, 7471, 7435, 7432, 7427, 7214, 7211, 7212, 7215, 7338, 7340, 7337, 7339, 7326, 7325, 7347, 7336, 7359, 7357, 7335, 8210, 8209, 8206, 7978, 8178, 8176, 7947, 7944, 7952, 7954, 7951, 7953, 8064, 8065, 8066, 8080, 8081, 8082, 8079, 8071, 8057, 8051, 8054, 7982, 7983, 7985, 8004, 8023, 8028, 8030, 8268, 8273, 8299, 8301, 8518, 8523, 8542, 8549, 8546, 8537, 8560, 8563, 8565, 8600, 8602, 8616, 8619, 8625, 8644, 8636, 8651, 9071, 9067, 9091, 9085, 9097, 9118, 9112, 9134, 9140, 9362, 9365, 9370, 9391, 9395, 9397, 9418, 9422, 9631, 9635, 9653, 9657, 9661, 9681, 9685, 9703, 9707, 9700, 11928, 11924, 11935, 11936, 11955, 11968, 11971, 11982, 11985, 12210, 12212, 12215, 12217, 12237, 12240, 12255, 12257, 12261, 12264, 12592, 12594, 12598, 12613, 12615, 13324, 13328, 13351, 13356, 13371, 13372, 13376, 13377, 13404, 13406, 13700, 13703, 13605, 13630, 13636, 13637, 13648, 13651, 13653, 13646, 13639, 13644, 13641, 13180, 13183, 13181, 13182, 13206, 13209, 13210, 13208, 13217, 13171, 13172, 13216, 13126, 13092, 13125, 13106, 13083, 13080, 13105, 13118, 13104, 13116, 13120, 13023, 13272, 13274, 13277, 13280, 13278, 13033, 13044, 13039, 13013, 13014, 6438, 6436, 6433, 6407, 6419, 6413, 6418, 6414, 6426, 6423, 6427, 6454, 6363, 6364, 6342, 6349, 6480, 6347, 6345, 6329, 6327, 6324, 6330, 6245, 6250, 6248, 6247, 6267, 6270, 6272, 6279, 6280, 6278, 6263, 6963, 6966, 6965, 6973, 6969, 6967, 6954, 6955, 6988, 6985, 6946, 6874, 6852, 6877, 6851, 6977, 6871, 6872, 6867, 6853, 6828, 6829, 6831, 6735, 6732, 6717, 6715, 5784, 5781, 5760, 5756, 5732, 5730, 5725, 5704, 5700, 5696, 5474, 5471, 5647, 5613, 5609, 5606, 5590, 5586, 5364]",0.046715800010133535,success,,222.84490322139993,245.2552272071842,8.247364462116552,21.544361098490185,65.00000000000006,13.566163116666006
stl_st_louis_downtown_airport_to_st_louis_lambert_2026-01-12_0057,st_louis_downtown_airport_to_st_louis_lambert,St. Louis Downtown Airport to St. Louis Lambert,St. Louis Downtown Airport,St. Louis Lambert International Airport,38.5703611,-90.1550833,38.7486982,-90.3700257,2026-01-12,January 12th - Monday,w_0057,0.0,0.7,0.0,0.3,55,"[2179, 2182, 2192, 2418, 2422, 2425, 2427, 2453, 2456, 2479, 2480, 2483, 2808, 2811, 2813, 2833, 2837, 2861, 2866, 2889, 3896, 3898, 3901, 3927, 3946, 3949, 3953, 3952, 3940, 3977, 3976, 3941, 4043, 4066, 4067, 4068, 4185, 4187, 4188, 4076, 4075, 4082, 4084, 5080, 5084, 5310, 5311, 5337, 5320, 5322, 5323, 5346, 5357, 5358, 5364]",0.04363180001382716,success,,44.94282493851701,49.46248526347363,8.67777235752909,41.16084511062418,44.80000000000002,19.514440650270366
stl_st_louis_downtown_airport_to_st_louis_lambert_2026-01-12_0058,st_louis_downtown_airport_to_st_louis_lambert,St. Louis Downtown Airport to St. Louis Lambert,St. Louis Downtown Airport,St. Louis Lambert International Airport,38.5703611,-90.1550833,38.7486982,-90.3700257,2026-01-12,January 12th - Monday,w_0058,0.0,0.7,0.1,0.2,55,"[2179, 2182, 2192, 2418, 2422, 2425, 2427, 2453, 2455, 2478, 2481, 2485, 2808, 2811, 2813, 2817, 2858, 2862, 2864, 2889, 3896, 3898, 3901, 3927, 3946, 3949, 3953, 3968, 3981, 3978, 3976, 3941, 4043, 4066, 4067, 4068, 4185, 4187, 4188, 4076, 4075, 4082, 4084, 5080, 5084, 5310, 5311, 5337, 5320, 5322, 5323, 5346, 5357, 5358, 5364]",0.04425999999511987,success,,44.415052244428225,48.88163728296633,8.67777235752909,39.840734515616354,44.80000000000002,19.018514101832004
stl_st_louis_downtown_airport_to_st_louis_lambert_2026-01-12_0059,st_louis_downtown_airport_to_st_louis_lambert,St. Louis Downtown Airport to St. Louis Lambert,St. Louis Downtown Airport,St. Louis Lambert International Airport,38.5703611,-90.1550833,38.7486982,-90.3700257,2026-01-12,January 12th - Monday,w_0059,0.0,0.7,0.2,0.1,279,"[2179, 2144, 2135, 2134, 2130, 2115, 2110, 1921, 7604, 7601, 7597, 7572, 7568, 7533, 7531, 7528, 7302, 7308, 7285, 7283, 7286, 7479, 7480, 7481, 7471, 7435, 7432, 7427, 7214, 7211, 7212, 7215, 7338, 7340, 7337, 7339, 7326, 7325, 7347, 7336, 7359, 7357, 7335, 8210, 8209, 8206, 7978, 8178, 8176, 7947, 7944, 7952, 7954, 7951, 7953, 8064, 8065, 8066, 8080, 8081, 8082, 8079, 8071, 8057, 8051, 8054, 7982, 7983, 7985, 8004, 8023, 8028, 8030, 8268, 8273, 8299, 8301, 8518, 8523, 8542, 8549, 8546, 8537, 8560, 8563, 8565, 8600, 8602, 8616, 8619, 8625, 8644, 8636, 8651, 9071, 9067, 9091, 9085, 9097, 9118, 9112, 9134, 9140, 9362, 9365, 9370, 9391, 9395, 9397, 9418, 9422, 9631, 9635, 9653, 9657, 9661, 9681, 9685, 9703, 9707, 9700, 11928, 11924, 11935, 11936, 11955, 11968, 11971, 11982, 11985, 12210, 12212, 12215, 12217, 12237, 12240, 12255, 12257, 12261, 12264, 12592, 12594, 12598, 12613, 12615, 13324, 13328, 13351, 13356, 13371, 13372, 13376, 13377, 13404, 13406, 13700, 13703, 13605, 13630, 13636, 13637, 13648, 13651, 13653, 13646, 13639, 13644, 13641, 13180, 13183, 13181, 13182, 13206, 13209, 13210, 13208, 13217, 13171, 13172, 13216, 13126, 13092, 13125, 13106, 13083, 13080, 13105, 13118, 13104, 13116, 13120, 13023, 13272, 13274, 13277, 13280, 13278, 13033, 13044, 13039, 13013, 13014, 6438, 6436, 6433, 6407, 6419, 6413, 6418, 6414, 6426, 6423, 6427, 6454, 6338, 6339, 6342, 6349, 6480, 6347, 6345, 6329, 6327, 6324, 6330, 6245, 6250, 6248, 6247, 6267, 6270, 6272, 6279, 6280, 6278, 6263, 6963, 6966, 6965, 6973, 6969, 6967, 6954, 6955, 6988, 6985, 6946, 6874, 6852, 6877, 6851, 6977, 6871, 6872, 6867, 6853, 6828, 6825, 6823, 6714, 6711, 5781, 5760, 5756, 5732, 5730, 5725, 5704, 5700, 5696, 5474, 5471, 5647, 5613, 5609, 5606, 5590, 5586, 5364]",0.04854050002177246,success,,221.1860526469264,243.42955487335894,8.222185498776852,22.0580912503465,62.00000000000005,16.367148099213104
stl_st_louis_downtown_airport_to_st_louis_lambert_2026-01-12_0060,st_louis_downtown_airport_to_st_louis_lambert,St. Louis Downtown Airport to St. Louis Lambert,St. Louis Downtown Airport,St. Louis Lambert International Airport,38.5703611,-90.1550833,38.7486982,-90.3700257,2026-01-12,January 12th - Monday,w_0060,0.0,0.7,0.3,0.0,282,"[2179, 2144, 2135, 2134, 2130, 2115, 2110, 1921, 7604, 7601, 7597, 7572, 7568, 7533, 7531, 7528, 7302, 7308, 7285, 7283, 7286, 7479, 7480, 7481, 7471, 7435, 7432, 7427, 7214, 7211, 7212, 7215, 7338, 7340, 7337, 7339, 7326, 7325, 7347, 7336, 7359, 7357, 7335, 8210, 8209, 8206, 7978, 8178, 8176, 7947, 7944, 7952, 7954, 7951, 7953, 8064, 8065, 8066, 8080, 8081, 8082, 8079, 8071, 8057, 8051, 8054, 7982, 7983, 7985, 8004, 8023, 8028, 8030, 8268, 8273, 8299, 8301, 8518, 8523, 8542, 8549, 8546, 8537, 8560, 8563, 8565, 8600, 8602, 8616, 8619, 8625, 8644, 8636, 8651, 9071, 9067, 9091, 9085, 9097, 9118, 9112, 9134, 9140, 9362, 9365, 9370, 9391, 9395, 9397, 9418, 9422, 9631, 9635, 9653, 9657, 9661, 9681, 9685, 9703, 9707, 9700, 11928, 11924, 11935, 11936, 11955, 11968, 11971, 11982, 11985, 12210, 12212, 12215, 12217, 12237, 12240, 12255, 12257, 12261, 12264, 12592, 12594, 12598, 12613, 12615, 13324, 13328, 13351, 13356, 13371, 13372, 13376, 13377, 13404, 13406, 13700, 13703, 13605, 13630, 13636, 13637, 13648, 13651, 13653, 13646, 13639, 13644, 13641, 13180, 13183, 13181, 13182, 13206, 13209, 13210, 13208, 13217, 13171, 13172, 13216, 13126, 13092, 13125, 13106, 13083, 13080, 13105, 13118, 13104, 13116, 13120, 13023, 13272, 13274, 13277, 13280, 13278, 13033, 13044, 13039, 13013, 13014, 6438, 6436, 6433, 6407, 6419, 6413, 6418, 6414, 6426, 6423, 6427, 6454, 6338, 6339, 6342, 6349, 6480, 6347, 6345, 6329, 6327, 6324, 6330, 6245, 6250, 6248, 6247, 6267, 6270, 6272, 6279, 6280, 6278, 6263, 6963, 6966, 6965, 6973, 6969, 6967, 6954, 6955, 6988, 6985, 6946, 6874, 6852, 6877, 6851, 6977, 6871, 6872, 6867, 6853, 6828, 6829, 6831, 6735, 6732, 6717, 6715, 5784, 5781, 5760, 5756, 5732, 5730, 5725, 5704, 5700, 5696, 5474, 5471, 5647, 5613, 5609, 5606, 5590, 5586, 5364]",0.04519010000512935,success,,222.84470758651102,245.2550118983374,8.247364462116552,21.544361098490185,65.00000000000006,12.236463453028641
stl_st_louis_downtown_airport_to_st_louis_lambert_2026-01-12_0061,st_louis_downtown_airport_to_st_louis_lambert,St. Louis Downtown Airport to St. Louis Lambert,St. Louis Downtown Airport,St. Louis Lambert International Airport,38.5703611,-90.1550833,38.7486982,-90.3700257,2026-01-12,January 12th - Monday,w_0061,0.0,0.8,0.0,0.2,55,"[2179, 2182, 2192, 2418, 2422, 2425, 2427, 2453, 2456, 2479, 2480, 2483, 2808, 2811, 2813, 2833, 2837, 2861, 2866, 2889, 3896, 3898, 3901, 3927, 3946, 3949, 3953, 3952, 3940, 3977, 3976, 3941, 4043, 4066, 4067, 4068, 4185, 4187, 4188, 4076, 4075, 4082, 4084, 5080, 5084, 5310, 5311, 5337, 5320, 5322, 5323, 5346, 5357, 5358, 5364]",0.042738999996799976,success,,44.94282493851701,49.46248526347363,8.67777235752909,41.16084511062418,44.80000000000002,15.902217886023276
stl_st_louis_downtown_airport_to_st_louis_lambert_2026-01-12_0062,st_louis_downtown_airport_to_st_louis_lambert,St. Louis Downtown Airport to St. Louis Lambert,St. Louis Downtown Airport,St. Louis Lambert International Airport,38.5703611,-90.1550833,38.7486982,-90.3700257,2026-01-12,January 12th - Monday,w_0062,0.0,0.8,0.1,0.1,280,"[2179, 2144, 2135, 2134, 2130, 2115, 2110, 1921, 7604, 7601, 7597, 7572, 7568, 7533, 7531, 7528, 7302, 7308, 7285, 7283, 7286, 7479, 7480, 7481, 7471, 7435, 7432, 7427, 7214, 7211, 7212, 7215, 7338, 7340, 7337, 7339, 7326, 7325, 7347, 7336, 7359, 7357, 7335, 8210, 8209, 8206, 7978, 8178, 8176, 7947, 7944, 7952, 7954, 7951, 7953, 8064, 8065, 8066, 8080, 8081, 8082, 8079, 8071, 8057, 8051, 8054, 7982, 7983, 7981, 7984, 7990, 7992, 7994, 8013, 8019, 8267, 8269, 8485, 8489, 8516, 8517, 8511, 8533, 8539, 8559, 8563, 8565, 8600, 8602, 8616, 8619, 8625, 8644, 8636, 8651, 9071, 9067, 9091, 9085, 9097, 9118, 9112, 9134, 9140, 9362, 9365, 9370, 9391, 9395, 9397, 9418, 9422, 9631, 9635, 9653, 9657, 9661, 9681, 9685, 9703, 9707, 9700, 11928, 11924, 11935, 11936, 11955, 11968, 11971, 11982, 11985, 12210, 12212, 12215, 12217, 12237, 12240, 12255, 12257, 12261, 12264, 12592, 12594, 12598, 12613, 12615, 13324, 13328, 13351, 13356, 13371, 13372, 13376, 13377, 13404, 13406, 13700, 13703, 13605, 13630, 13636, 13637, 13648, 13651, 13653, 13646, 13639, 13644, 13641, 13180, 13183, 13181, 13182, 13206, 13209, 13210, 13208, 13217, 13171, 13172, 13216, 13126, 13092, 13125, 13106, 13083, 13080, 13105, 13118, 13104, 13102, 13098, 12986, 12993, 13017, 13020, 13027, 13029, 13028, 13009, 13005, 12984, 13008, 6411, 6436, 6433, 6407, 6444, 6417, 6418, 6414, 6426, 6423, 6427, 6454, 6363, 6364, 6342, 6349, 6480, 6347, 6345, 6329, 6327, 6324, 6330, 6245, 6250, 6248, 6247, 6267, 6270, 6272, 6279, 6280, 6278, 6263, 6963, 6966, 6965, 6973, 6969, 6967, 6954, 6955, 6988, 6985, 6946, 6874, 6852, 6877, 6851, 6977, 6871, 6872, 6867, 6853, 6828, 6825, 6823, 6714, 6711, 5781, 5760, 5756, 5732, 5730, 5725, 5704, 5700, 5696, 5474, 5471, 5647, 5613, 5609, 5606, 5590, 5586, 5364]",0.04796830000123009,success,,222.37142182593527,244.73413031179012,7.94998478917597,23.627321689137073,61.40000000000005,14.862720000254487
stl_st_louis_downtown_airport_to_st_louis_lambert_2026-01-12_0063,st_louis_downtown_airport_to_st_louis_lambert,St. Louis Downtown Airport to St. Louis Lambert,St. Louis Downtown Airport,St. Louis Lambert International Airport,38.5703611,-90.1550833,38.7486982,-90.3700257,2026-01-12,January 12th - Monday,w_0063,0.0,0.8,0.2,0.0,283,"[2179, 2144, 2135, 2134, 2130, 2115, 2110, 1921, 7604, 7601, 7597, 7572, 7568, 7533, 7531, 7528, 7302, 7308, 7285, 7283, 7286, 7479, 7480, 7481, 7471, 7435, 7432, 7427, 7214, 7211, 7212, 7215, 7338, 7340, 7337, 7339, 7326, 7325, 7347, 7336, 7359, 7357, 7335, 8210, 8209, 8206, 7978, 8178, 8176, 7947, 7944, 7952, 7954, 7951, 7953, 8064, 8065, 8066, 8080, 8081, 8082, 8079, 8071, 8057, 8051, 8054, 7982, 7983, 7981, 7984, 7990, 7992, 7994, 8013, 8019, 8267, 8269, 8485, 8489, 8516, 8517, 8511, 8533, 8539, 8559, 8563, 8565, 8600, 8602, 8616, 8619, 8625, 8644, 8636, 8651, 9071, 9067, 9091, 9085, 9097, 9118, 9112, 9134, 9140, 9362, 9365, 9370, 9391, 9395, 9397, 9418, 9422, 9631, 9635, 9653, 9657, 9661, 9681, 9685, 9703, 9707, 9700, 11928, 11924, 11935, 11936, 11955, 11968, 11971, 11982, 11985, 12210, 12212, 12215, 12217, 12237, 12240, 12255, 12257, 12261, 12264, 12592, 12594, 12598, 12613, 12615, 13324, 13328, 13351, 13356, 13371, 13372, 13376, 13377, 13404, 13406, 13700, 13703, 13605, 13630, 13636, 13637, 13648, 13651, 13653, 13646, 13639, 13644, 13641, 13180, 13183, 13181, 13182, 13206, 13209, 13210, 13208, 13217, 13171, 13172, 13216, 13126, 13092, 13125, 13106, 13083, 13080, 13105, 13118, 13104, 13102, 13098, 12986, 12993, 13017, 13020, 13027, 13029, 13028, 13009, 13005, 12984, 13008, 6411, 6436, 6433, 6407, 6419, 6413, 6418, 6414, 6426, 6423, 6427, 6454, 6338, 6339, 6342, 6349, 6480, 6347, 6345, 6329, 6327, 6324, 6330, 6245, 6250, 6248, 6247, 6267, 6270, 6272, 6279, 6280, 6278, 6263, 6963, 6966, 6965, 6973, 6969, 6967, 6954, 6955, 6988, 6985, 6946, 6874, 6852, 6877, 6851, 6977, 6871, 6872, 6867, 6853, 6828, 6829, 6831, 6735, 6732, 6717, 6715, 5784, 5781, 5760, 5756, 5732, 5730, 5725, 5704, 5700, 5696, 5474, 5471, 5647, 5613, 5609, 5606, 5590, 5586, 5364]",0.04463899999973364,success,,224.0297695033981,246.5592491749331,7.9751637525156704,22.53324886775375,65.00000000000006,10.886780775563286
stl_st_louis_downtown_airport_to_st_louis_lambert_2026-01-12_0064,st_louis_downtown_airport_to_st_louis_lambert,St. Louis Downtown Airport to St. Louis Lambert,St. Louis Downtown Airport,St. Louis Lambert International Airport,38.5703611,-90.1550833,38.7486982,-90.3700257,2026-01-12,January 12th - Monday,w_0064,0.0,0.9,0.0,0.1,59,"[2179, 2182, 2192, 2418, 2422, 2425, 2427, 2453, 2456, 2479, 2480, 2483, 2808, 2811, 2813, 2833, 2837, 2861, 2866, 2888, 2892, 2895, 3904, 3925, 3930, 3934, 3958, 3962, 3974, 3970, 3953, 3952, 3940, 3977, 3976, 3941, 4043, 4066, 4067, 4068, 4185, 4187, 4188, 4076, 4075, 4082, 4084, 5080, 5084, 5310, 5311, 5337, 5320, 5322, 5323, 5346, 5357, 5358, 5364]",0.04195420001633465,success,,47.511436571838324,52.28940847612326,8.293270401426513,42.847199942699596,47.200000000000024,12.183943361283864
stl_st_louis_downtown_airport_to_st_louis_lambert_2026-01-12_0065,st_louis_downtown_airport_to_st_louis_lambert,St. Louis Downtown Airport to St. Louis Lambert,St. Louis Downtown Airport,St. Louis Lambert International Airport,38.5703611,-90.1550833,38.7486982,-90.3700257,2026-01-12,January 12th - Monday,w_0065,0.0,0.9,0.1,0.0,119,"[2179, 2182, 2192, 2418, 2422, 2425, 2427, 2453, 2455, 2478, 2480, 2477, 2486, 2809, 2813, 2817, 2858, 2862, 2864, 2888, 2891, 2895, 3904, 3925, 3930, 3934, 3958, 3961, 4286, 4289, 4290, 4325, 4329, 4333, 4357, 4359, 4370, 4371, 4505, 4686, 4691, 4694, 4720, 4723, 4747, 4740, 4766, 4770, 4774, 4819, 4820, 4835, 4839, 4843, 4866, 4870, 6295, 6288, 6290, 6327, 6324, 6330, 6245, 6250, 6248, 6247, 6267, 6270, 6272, 6279, 6280, 6278, 6263, 6963, 6966, 6965, 6973, 6969, 6967, 6954, 6955, 6988, 6985, 6946, 6874, 6852, 6877, 6851, 6977, 6871, 6872, 6867, 6853, 6828, 6829, 6831, 6735, 6732, 6717, 6715, 5784, 5781, 5760, 5756, 5732, 5730, 5725, 5704, 5700, 5696, 5474, 5471, 5647, 5613, 5609, 5606, 5590, 5586, 5364]",0.04076740000164136,success,,97.166728781484,106.93826872318276,5.393613138244951,38.3975771136528,86.0000000000001,8.694009535785735
stl_st_louis_downtown_airport_to_st_louis_lambert_2026-01-12_0066,st_louis_downtown_airport_to_st_louis_lambert,St. Louis Downtown Airport to St. Louis Lambert,St. Louis Downtown Airport,St. Louis Lambert International Airport,38.5703611,-90.1550833,38.7486982,-90.3700257,2026-01-12,January 12th - Monday,w_0066,0.0,1.0,0.0,0.0,125,"[2179, 2182, 2192, 2418, 2422, 2425, 2427, 2453, 2456, 2479, 2480, 2477, 2503, 2828, 2832, 2835, 2837, 2861, 2866, 2888, 2892, 2895, 3904, 3925, 3930, 3934, 3958, 3962, 4285, 4287, 4291, 4335, 4408, 4339, 4426, 4366, 4434, 4372, 4472, 4688, 4690, 4717, 4708, 4735, 4736, 4740, 4766, 4771, 4772, 4807, 4823, 4824, 4841, 4865, 5967, 5971, 6196, 5974, 6191, 6193, 6225, 6218, 6222, 6220, 6224, 6959, 6962, 6961, 6964, 6969, 6967, 6954, 6952, 6939, 6940, 6943, 6850, 6848, 6849, 6851, 6977, 6871, 6872, 6867, 6853, 6828, 6825, 6823, 6714, 6711, 5781, 5783, 6699, 6701, 6703, 6720, 5774, 6719, 6721, 6624, 5870, 5866, 5842, 5838, 5837, 5821, 5809, 5803, 5791, 5786, 5563, 5558, 5442, 5439, 5414, 5440, 5423, 5448, 5424, 5421, 5426, 5392, 5390, 5359, 5364]",0.037571199994999915,success,,102.57895021630785,112.89476841648991,4.632823901975517,65.6474040681744,95.20000000000009,4.632823901975517
stl_st_louis_downtown_airport_to_st_louis_lambert_2026-01-12_0067,st_louis_downtown_airport_to_st_louis_lambert,St. Louis Downtown Airport to St. Louis Lambert,St. Louis Downtown Airport,St. Louis Lambert International Airport,38.5703611,-90.1550833,38.7486982,-90.3700257,2026-01-12,January 12th - Monday,w_0067,0.1,0.0,0.0,0.9,40,"[2179, 2147, 2172, 2176, 2200, 2204, 2317, 2340, 2346, 2371, 2391, 2395, 2708, 2713, 2738, 2741, 2745, 2747, 2684, 2687, 3987, 3990, 4016, 4017, 4022, 4029, 4034, 4060, 4064, 5048, 5052, 5076, 5082, 5299, 5304, 5319, 5321, 5357, 5358, 5364]",0.05371460001333617,success,,35.06847425714207,38.5951237717998,26.02381511715049,20.11965029009705,33.400000000000006,33.919512377179984
stl_st_louis_downtown_airport_to_st_louis_lambert_2026-01-12_0068,st_louis_downtown_airport_to_st_louis_lambert,St. Louis Downtown Airport to St. Louis Lambert,St. Louis Downtown Airport,St. Louis Lambert International Airport,38.5703611,-90.1550833,38.7486982,-90.3700257,2026-01-12,January 12th - Monday,w_0068,0.1,0.0,0.1,0.8,40,"[2179, 2180, 2174, 2199, 2203, 2207, 2341, 2344, 2368, 2374, 2394, 2397, 2712, 2716, 2739, 2746, 2769, 2773, 3985, 3988, 3992, 3990, 4016, 4017, 4022, 4029, 4034, 4060, 4064, 5048, 5052, 5076, 5082, 5299, 5304, 5319, 5321, 5357, 5358, 5364]",0.05220770000596531,success,,35.06925127294606,38.59597892794111,25.05959051055676,17.839922019494136,33.400000000000006,32.36359009474353
stl_st_louis_downtown_airport_to_st_louis_lambert_2026-01-12_0069,st_louis_downtown_airport_to_st_louis_lambert,St. Louis Downtown Airport to St. Louis Lambert,St. Louis Downtown Airport,St. Louis Lambert International Airport,38.5703611,-90.1550833,38.7486982,-90.3700257,2026-01-12,January 12th - Monday,w_0069,0.1,0.0,0.2,0.7,40,"[2179, 2180, 2174, 2199, 2203, 2207, 2341, 2344, 2368, 2374, 2394, 2397, 2712, 2716, 2739, 2746, 2769, 2773, 3985, 3988, 3992, 3990, 4016, 4017, 4022, 4029, 4034, 4060, 4064, 5048, 5052, 5076, 5082, 5299, 5304, 5319, 5321, 5357, 5358, 5364]",0.05384470001445152,success,,35.06925127294606,38.59597892794111,25.05959051055676,17.839922019494136,33.400000000000006,30.807582296692942
stl_st_louis_downtown_airport_to_st_louis_lambert_2026-01-12_0070,st_louis_downtown_airport_to_st_louis_lambert,St. Louis Downtown Airport to St. Louis Lambert,St. Louis Downtown Airport,St. Louis Lambert International Airport,38.5703611,-90.1550833,38.7486982,-90.3700257,2026-01-12,January 12th - Monday,w_0070,0.1,0.0,0.3,0.6,40,"[2179, 2180, 2174, 2199, 2203, 2207, 2341, 2344, 2368, 2374, 2394, 2397, 2712, 2716, 2739, 2746, 2769, 2773, 3985, 3988, 3992, 3990, 4016, 4017, 4022, 4029, 4034, 4060, 4064, 5048, 5052, 5076, 5082, 5299, 5304, 5319, 5321, 5357, 5358, 5364]",0.05216550000477582,success,,35.06925127294606,38.59597892794111,25.05959051055676,17.839922019494136,33.400000000000006,29.251574498642356
stl_st_louis_downtown_airport_to_st_louis_lambert_2026-01-12_0071,st_louis_downtown_airport_to_st_louis_lambert,St. Louis Downtown Airport to St. Louis Lambert,St. Louis Downtown Airport,St. Louis Lambert International Airport,38.5703611,-90.1550833,38.7486982,-90.3700257,2026-01-12,January 12th - Monday,w_0071,0.1,0.0,0.4,0.5,40,"[2179, 2180, 2174, 2199, 2203, 2207, 2341, 2344, 2368, 2374, 2394, 2397, 2712, 2716, 2739, 2746, 2769, 2773, 3985, 3988, 3992, 3990, 4016, 4017, 4022, 4029, 4034, 4060, 4064, 5048, 5052, 5076, 5082, 5299, 5304, 5319, 5321, 5357, 5358, 5364]",0.0510861000220757,success,,35.06925127294606,38.59597892794111,25.05959051055676,17.839922019494136,33.400000000000006,27.69556670059177
stl_st_louis_downtown_airport_to_st_louis_lambert_2026-01-12_0072,st_louis_downtown_airport_to_st_louis_lambert,St. Louis Downtown Airport to St. Louis Lambert,St. Louis Downtown Airport,St. Louis Lambert International Airport,38.5703611,-90.1550833,38.7486982,-90.3700257,2026-01-12,January 12th - Monday,w_0072,0.1,0.0,0.5,0.4,41,"[2179, 2147, 2157, 2170, 2175, 2201, 2313, 2316, 2342, 2347, 2366, 2389, 2392, 2396, 2724, 2727, 2742, 2743, 2681, 2682, 2685, 3986, 2706, 4015, 4017, 4022, 4029, 4034, 4060, 4064, 5048, 5052, 5076, 5082, 5299, 5304, 5319, 5321, 5357, 5358, 5364]",0.050687800016021356,success,,35.442843120650096,39.00714091624279,26.327607483472868,16.78312655842246,34.400000000000006,26.05227737083551
stl_st_louis_downtown_airport_to_st_louis_lambert_2026-01-12_0073,st_louis_downtown_airport_to_st_louis_lambert,St. Louis Downtown Airport to St. Louis Lambert,St. Louis Downtown Airport,St. Louis Lambert International Airport,38.5703611,-90.1550833,38.7486982,-90.3700257,2026-01-12,January 12th - Monday,w_0073,0.1,0.0,0.6,0.3,42,"[2179, 2147, 2157, 2170, 2175, 2201, 2313, 2316, 2342, 2347, 2366, 2389, 2392, 2396, 2724, 2721, 2726, 2740, 2678, 2680, 2682, 2685, 3986, 2706, 4015, 4017, 4022, 4029, 4034, 4060, 4064, 5048, 5052, 5076, 5082, 5299, 5304, 5319, 5321, 5357, 5358, 5364]",0.04905769997276366,success,,35.817747454429586,39.419747380347985,26.64764489159439,16.366481713769105,35.00000000000001,24.261863766296266
stl_st_louis_downtown_airport_to_st_louis_lambert_2026-01-12_0074,st_louis_downtown_airport_to_st_louis_lambert,St. Louis Downtown Airport to St. Louis Lambert,St. Louis Downtown Airport,St. Louis Lambert International Airport,38.5703611,-90.1550833,38.7486982,-90.3700257,2026-01-12,January 12th - Monday,w_0074,0.1,0.0,0.7,0.2,42,"[2179, 2147, 2157, 2170, 2175, 2201, 2313, 2316, 2342, 2347, 2366, 2389, 2392, 2396, 2724, 2721, 2726, 2740, 2678, 2680, 2682, 2685, 3986, 2706, 4015, 4017, 4022, 4029, 4034, 4060, 4064, 5048, 5052, 5076, 5082, 5299, 5304, 5319, 5321, 5357, 5358, 5364]",0.04870370001299307,success,,35.817747454429586,39.419747380347985,26.64764489159439,16.366481713769105,35.00000000000001,22.39851193767317
stl_st_louis_downtown_airport_to_st_louis_lambert_2026-01-12_0075,st_louis_downtown_airport_to_st_louis_lambert,St. Louis Downtown Airport to St. Louis Lambert,St. Louis Downtown Airport,St. Louis Lambert International Airport,38.5703611,-90.1550833,38.7486982,-90.3700257,2026-01-12,January 12th - Monday,w_0075,0.1,0.0,0.8,0.1,43,"[2179, 2147, 2157, 2170, 2175, 2201, 2313, 2316, 2342, 2347, 2366, 2389, 2392, 2396, 2724, 2721, 2726, 2740, 2678, 2680, 2682, 2685, 3986, 2706, 2705, 2707, 4004, 4027, 4032, 4056, 5030, 5033, 5049, 5054, 5071, 5296, 5301, 5302, 5328, 5321, 5357, 5358, 5364]",0.043222200009040534,success,,36.72116636796444,40.41401831811373,26.37466721816788,15.966998139655692,36.00000000000001,20.41500034353593
stl_st_louis_downtown_airport_to_st_louis_lambert_2026-01-12_0076,st_louis_downtown_airport_to_st_louis_lambert,St. Louis Downtown Airport to St. Louis Lambert,St. Louis Downtown Airport,St. Louis Lambert International Airport,38.5703611,-90.1550833,38.7486982,-90.3700257,2026-01-12,January 12th - Monday,w_0076,0.1,0.0,0.9,0.0,46,"[2179, 2147, 2157, 2170, 2175, 2201, 2313, 2316, 2342, 2347, 2366, 2391, 2394, 2397, 2712, 2716, 2739, 2746, 2769, 2773, 2681, 2682, 2685, 3986, 2706, 2705, 2707, 4004, 4027, 4032, 4056, 5030, 5033, 5049, 5054, 5071, 5295, 5299, 5304, 5315, 5302, 5328, 5321, 5357, 5358, 5364]",0.035818700009258464,success,,38.38089228250955,42.24065402029532,29.99581141897201,15.53732989597561,38.60000000000001,18.20766230840758
stl_st_louis_downtown_airport_to_st_louis_lambert_2026-01-12_0077,st_louis_downtown_airport_to_st_louis_lambert,St. Louis Downtown Airport to St. Louis Lambert,St. Louis Downtown Airport,St. Louis Lambert International Airport,38.5703611,-90.1550833,38.7486982,-90.3700257,2026-01-12,January 12th - Monday,w_0077,0.1,0.1,0.0,0.8,40,"[2179, 2180, 2174, 2199, 2203, 2207, 2341, 2344, 2368, 2374, 2394, 2397, 2712, 2716, 2739, 2746, 2769, 2773, 3985, 3988, 3992, 3994, 4019, 4017, 4022, 4029, 4034, 4060, 4064, 5048, 5052, 5076, 5082, 5299, 5304, 5319, 5321, 5357, 5358, 5364]",0.052492600021651015,success,,35.06932923764436,38.59606473313351,24.787572976016946,17.839922019494136,33.400000000000006,33.05836377091505
stl_st_louis_downtown_airport_to_st_louis_lambert_2026-01-12_0078,st_louis_downtown_airport_to_st_louis_lambert,St. Louis Downtown Airport to St. Louis Lambert,St. Louis Downtown Airport,St. Louis Lambert International Airport,38.5703611,-90.1550833,38.7486982,-90.3700257,2026-01-12,January 12th - Monday,w_0078,0.1,0.1,0.1,0.7,40,"[2179, 2180, 2174, 2199, 2203, 2207, 2341, 2344, 2368, 2374, 2394, 2397, 2712, 2716, 2739, 2746, 2769, 2773, 3985, 3988, 3992, 3994, 4019, 4017, 4022, 4029, 4034, 4060, 4064, 5048, 5052, 5076, 5082, 5299, 5304, 5319, 5321, 5357, 5358, 5364]",0.05117500000051223,success,,35.06932923764436,38.59606473313351,24.787572976016946,17.839922019494136,33.400000000000006,31.502355972864464
stl_st_louis_downtown_airport_to_st_louis_lambert_2026-01-12_0079,st_louis_downtown_airport_to_st_louis_lambert,St. Louis Downtown Airport to St. Louis Lambert,St. Louis Downtown Airport,St. Louis Lambert International Airport,38.5703611,-90.1550833,38.7486982,-90.3700257,2026-01-12,January 12th - Monday,w_0079,0.1,0.1,0.2,0.6,40,"[2179, 2180, 2174, 2199, 2203, 2207, 2341, 2344, 2368, 2374, 2394, 2397, 2712, 2716, 2739, 2746, 2769, 2773, 3985, 3988, 3992, 3994, 4019, 4017, 4022, 4029, 4034, 4060, 4064, 5048, 5052, 5076, 5082, 5299, 5304, 5319, 5321, 5357, 5358, 5364]",0.05107990000396967,success,,35.06932923764436,38.59606473313351,24.787572976016946,17.839922019494136,33.400000000000006,29.946348174813878
stl_st_louis_downtown_airport_to_st_louis_lambert_2026-01-12_0080,st_louis_downtown_airport_to_st_louis_lambert,St. Louis Downtown Airport to St. Louis Lambert,St. Louis Downtown Airport,St. Louis Lambert International Airport,38.5703611,-90.1550833,38.7486982,-90.3700257,2026-01-12,January 12th - Monday,w_0080,0.1,0.1,0.3,0.5,40,"[2179, 2180, 2174, 2199, 2203, 2207, 2341, 2344, 2368, 2374, 2394, 2397, 2712, 2716, 2739, 2746, 2769, 2773, 3985, 3988, 3992, 3994, 4019, 4017, 4022, 4029, 4034, 4060, 4064, 5048, 5052, 5076, 5082, 5299, 5304, 5319, 5321, 5357, 5358, 5364]",0.050603300012880936,success,,35.06932923764436,38.59606473313351,24.787572976016946,17.839922019494136,33.400000000000006,28.39034037676329
stl_st_louis_downtown_airport_to_st_louis_lambert_2026-01-12_0081,st_louis_downtown_airport_to_st_louis_lambert,St. Louis Downtown Airport to St. Louis Lambert,St. Louis Downtown Airport,St. Louis Lambert International Airport,38.5703611,-90.1550833,38.7486982,-90.3700257,2026-01-12,January 12th - Monday,w_0081,0.1,0.1,0.4,0.4,40,"[2179, 2180, 2174, 2199, 2203, 2207, 2341, 2344, 2368, 2374, 2394, 2397, 2712, 2716, 2739, 2746, 2769, 2773, 3985, 3988, 3992, 3994, 4019, 4017, 4022, 4029, 4034, 4060, 4064, 5048, 5052, 5076, 5082, 5299, 5304, 5319, 5321, 5357, 5358, 5364]",0.05022809997899458,success,,35.06932923764436,38.59606473313351,24.787572976016946,17.839922019494136,33.400000000000006,26.834332578712704
stl_st_louis_downtown_airport_to_st_louis_lambert_2026-01-12_0082,st_louis_downtown_airport_to_st_louis_lambert,St. Louis Downtown Airport to St. Louis Lambert,St. Louis Downtown Airport,St. Louis Lambert International Airport,38.5703611,-90.1550833,38.7486982,-90.3700257,2026-01-12,January 12th - Monday,w_0082,0.1,0.1,0.5,0.3,41,"[2179, 2147, 2157, 2170, 2175, 2201, 2313, 2316, 2342, 2347, 2366, 2389, 2392, 2396, 2724, 2727, 2742, 2743, 2681, 2682, 2685, 3986, 2706, 4015, 4017, 4022, 4029, 4034, 4060, 4064, 5048, 5052, 5076, 5082, 5299, 5304, 5319, 5321, 5357, 5358, 5364]",0.048357899999246,success,,35.442843120650096,39.00714091624279,26.327607483472868,16.78312655842246,34.400000000000006,25.245038119182798
stl_st_louis_downtown_airport_to_st_louis_lambert_2026-01-12_0083,st_louis_downtown_airport_to_st_louis_lambert,St. Louis Downtown Airport to St. Louis Lambert,St. Louis Downtown Airport,St. Louis Lambert International Airport,38.5703611,-90.1550833,38.7486982,-90.3700257,2026-01-12,January 12th - Monday,w_0083,0.1,0.1,0.6,0.2,42,"[2179, 2147, 2157, 2170, 2175, 2201, 2313, 2316, 2342, 2347, 2366, 2389, 2392, 2396, 2720, 2721, 2726, 2740, 2678, 2680, 2682, 2685, 3986, 2706, 4015, 4017, 4022, 4029, 4034, 4060, 4064, 5048, 5052, 5076, 5082, 5299, 5304, 5319, 5321, 5357, 5358, 5364]",0.0468974000250455,success,,35.81770857923019,39.419704595677025,26.575718300963125,16.372100155959416,35.00000000000001,23.422802383239663
stl_st_louis_downtown_airport_to_st_louis_lambert_2026-01-12_0084,st_louis_downtown_airport_to_st_louis_lambert,St. Louis Downtown Airport to St. Louis Lambert,St. Louis Downtown Airport,St. Louis Lambert International Airport,38.5703611,-90.1550833,38.7486982,-90.3700257,2026-01-12,January 12th - Monday,w_0084,0.1,0.1,0.7,0.1,43,"[2179, 2147, 2157, 2170, 2175, 2201, 2313, 2316, 2342, 2347, 2366, 2389, 2392, 2396, 2720, 2721, 2726, 2740, 2678, 2680, 2682, 2685, 3986, 2706, 2705, 2707, 4004, 4027, 4032, 4056, 5030, 5033, 5049, 5054, 5071, 5296, 5301, 5302, 5328, 5321, 5357, 5358, 5364]",0.04209659999469295,success,,36.72112749276505,40.41397553344277,26.302740627536615,15.972616581846003,36.00000000000001,21.452503223390142
stl_st_louis_downtown_airport_to_st_louis_lambert_2026-01-12_0085,st_louis_downtown_airport_to_st_louis_lambert,St. Louis Downtown Airport to St. Louis Lambert,St. Louis Downtown Airport,St. Louis Lambert International Airport,38.5703611,-90.1550833,38.7486982,-90.3700257,2026-01-12,January 12th - Monday,w_0085,0.1,0.1,0.8,0.0,44,"[2179, 2147, 2157, 2170, 2175, 2201, 2313, 2316, 2342, 2347, 2366, 2389, 2392, 2396, 2720, 2721, 2726, 2740, 2678, 2680, 2682, 2685, 3986, 2706, 2705, 2707, 4004, 4027, 4032, 4056, 5030, 5033, 5049, 5054, 5078, 5295, 5299, 5304, 5315, 5317, 5321, 5357, 5358, 5364]",0.03534830000717193,success,,36.56808750092465,40.245545125441396,26.74240899456289,15.903628601761886,37.00000000000001,19.42169829340994
stl_st_louis_downtown_airport_to_st_louis_lambert_2026-01-12_0086,st_louis_downtown_airport_to_st_louis_lambert,St. Louis Downtown Airport to St. Louis Lambert,St. Louis Downtown Airport,St. Louis Lambert International Airport,38.5703611,-90.1550833,38.7486982,-90.3700257,2026-01-12,January 12th - Monday,w_0086,0.1,0.2,0.0,0.7,40,"[2179, 2180, 2174, 2199, 2203, 2207, 2341, 2344, 2368, 2374, 2394, 2397, 2712, 2716, 2739, 2746, 2769, 2773, 3985, 3988, 3992, 3994, 4019, 4020, 4023, 4055, 4059, 4063, 4078, 5051, 5075, 5079, 5306, 5303, 5318, 5323, 5346, 5357, 5358, 5364]",0.05105559999356046,success,,35.06987633323177,38.59666684720769,23.21199613097869,19.031491728664538,33.8,32.1620659109165
stl_st_louis_downtown_airport_to_st_louis_lambert_2026-01-12_0087,st_louis_downtown_airport_to_st_louis_lambert,St. Louis Downtown Airport to St. Louis Lambert,St. Louis Downtown Airport,St. Louis Lambert International Airport,38.5703611,-90.1550833,38.7486982,-90.3700257,2026-01-12,January 12th - Monday,w_0087,0.1,0.2,0.1,0.6,40,"[2179, 2180, 2174, 2199, 2203, 2207, 2341, 2344, 2368, 2374, 2394, 2397, 2712, 2716, 2739, 2746, 2769, 2773, 3985, 3988, 3992, 3994, 4019, 4017, 4022, 4029, 4034, 4060, 4064, 5048, 5052, 5076, 5082, 5299, 5304, 5319, 5321, 5357, 5358, 5364]",0.051665600010892376,success,,35.06932923764436,38.59606473313351,24.787572976016946,17.839922019494136,33.400000000000006,30.641113270466157
stl_st_louis_downtown_airport_to_st_louis_lambert_2026-01-12_0088,st_louis_downtown_airport_to_st_louis_lambert,St. Louis Downtown Airport to St. Louis Lambert,St. Louis Downtown Airport,St. Louis Lambert International Airport,38.5703611,-90.1550833,38.7486982,-90.3700257,2026-01-12,January 12th - Monday,w_0088,0.1,0.2,0.2,0.5,40,"[2179, 2180, 2174, 2199, 2203, 2207, 2341, 2344, 2368, 2374, 2394, 2397, 2712, 2716, 2739, 2746, 2769, 2773, 3985, 3988, 3992, 3994, 4019, 4020, 4023, 4055, 4059, 4063, 4064, 5048, 5052, 5076, 5082, 5299, 5304, 5319, 5321, 5357, 5358, 5364]",0.05096860000048764,success,,35.0695243590648,38.596279476875054,23.651108783135093,17.839922019494136,33.8,29.05783410821335
stl_st_louis_downtown_airport_to_st_louis_lambert_2026-01-12_0089,st_louis_downtown_airport_to_st_louis_lambert,St. Louis Downtown Airport to St. Louis Lambert,St. Louis Downtown Airport,St. Louis Lambert International Airport,38.5703611,-90.1550833,38.7486982,-90.3700257,2026-01-12,January 12th - Monday,w_0089,0.1,0.2,0.3,0.4,40,"[2179, 2180, 2174, 2199, 2203, 2207, 2341, 2344, 2368, 2374, 2394, 2397, 2712, 2716, 2739, 2746, 2769, 2773, 3985, 3988, 3992, 3994, 4019, 4020, 4023, 4055, 4059, 4063, 4064, 5048, 5052, 5076, 5082, 5299, 5304, 5319, 5321, 5357, 5358, 5364]",0.05035659999703057,success,,35.0695243590648,38.596279476875054,23.651108783135093,17.839922019494136,33.8,27.461826310162763
stl_st_louis_downtown_airport_to_st_louis_lambert_2026-01-12_0090,st_louis_downtown_airport_to_st_louis_lambert,St. Louis Downtown Airport to St. Louis Lambert,St. Louis Downtown Airport,St. Louis Lambert International Airport,38.5703611,-90.1550833,38.7486982,-90.3700257,2026-01-12,January 12th - Monday,w_0090,0.1,0.2,0.4,0.3,40,"[2179, 2180, 2174, 2199, 2203, 2207, 2341, 2344, 2368, 2374, 2394, 2397, 2712, 2716, 2739, 2746, 2769, 2773, 3985, 3988, 3992, 3994, 4019, 4020, 4023, 4055, 4059, 4063, 4064, 5048, 5052, 5076, 5082, 5299, 5304, 5319, 5321, 5357, 5358, 5364]",0.04943029998685233,success,,35.0695243590648,38.596279476875054,23.651108783135093,17.839922019494136,33.8,25.865818512112178
stl_st_louis_downtown_airport_to_st_louis_lambert_2026-01-12_0091,st_louis_downtown_airport_to_st_louis_lambert,St. Louis Downtown Airport to St. Louis Lambert,St. Louis Downtown Airport,St. Louis Lambert International Airport,38.5703611,-90.1550833,38.7486982,-90.3700257,2026-01-12,January 12th - Monday,w_0091,0.1,0.2,0.5,0.2,40,"[2179, 2180, 2174, 2199, 2203, 2207, 2341, 2344, 2368, 2374, 2394, 2397, 2712, 2716, 2739, 2746, 2769, 2773, 3985, 3988, 3992, 3994, 4019, 4020, 4023, 4055, 4059, 4063, 4064, 5048, 5052, 5076, 5082, 5299, 5304, 5319, 5321, 5357, 5358, 5364]",0.0483947999891825,success,,35.0695243590648,38.596279476875054,23.651108783135093,17.839922019494136,33.8,24.26981071406159
stl_st_louis_downtown_airport_to_st_louis_lambert_2026-01-12_0092,st_louis_downtown_airport_to_st_louis_lambert,St. Louis Downtown Airport to St. Louis Lambert,St. Louis Downtown Airport,St. Louis Lambert International Airport,38.5703611,-90.1550833,38.7486982,-90.3700257,2026-01-12,January 12th - Monday,w_0092,0.1,0.2,0.6,0.1,43,"[2179, 2147, 2157, 2170, 2175, 2201, 2313, 2316, 2342, 2347, 2366, 2389, 2392, 2396, 2720, 2721, 2726, 2740, 2678, 2680, 2682, 2685, 3986, 2706, 2705, 2707, 4004, 4027, 4032, 4056, 5030, 5033, 5049, 5054, 5078, 5295, 5300, 5315, 5317, 5321, 5357, 5358, 5364]",0.046717199991689995,success,,36.19257017168355,39.83226402018875,25.74240899456289,16.157353501725584,36.00000000000001,22.426120301966805
stl_st_louis_downtown_airport_to_st_louis_lambert_2026-01-12_0093,st_louis_downtown_airport_to_st_louis_lambert,St. Louis Downtown Airport to St. Louis Lambert,St. Louis Downtown Airport,St. Louis Lambert International Airport,38.5703611,-90.1550833,38.7486982,-90.3700257,2026-01-12,January 12th - Monday,w_0093,0.1,0.2,0.7,0.0,45,"[2179, 2147, 2157, 2170, 2175, 2201, 2313, 2316, 2342, 2347, 2366, 2389, 2392, 2396, 2720, 2721, 2726, 2740, 2678, 2680, 2682, 2685, 3986, 2706, 2705, 2707, 4004, 4027, 4030, 4034, 4059, 4063, 4064, 5048, 5052, 5076, 5082, 5299, 5304, 5315, 5317, 5321, 5357, 5358, 5364]",0.038535600004252046,success,,36.94362745866816,40.65885113482434,25.131337115993876,16.115312693262258,38.00000000000001,20.37287142196479
stl_st_louis_downtown_airport_to_st_louis_lambert_2026-01-12_0094,st_louis_downtown_airport_to_st_louis_lambert,St. Louis Downtown Airport to St. Louis Lambert,St. Louis Downtown Airport,St. Louis Lambert International Airport,38.5703611,-90.1550833,38.7486982,-90.3700257,2026-01-12,January 12th - Monday,w_0094,0.1,0.3,0.0,0.6,41,"[2179, 2180, 2174, 2199, 2203, 2207, 2341, 2345, 2370, 2373, 2398, 2709, 2711, 2714, 2750, 2744, 2770, 2772, 2777, 3989, 3993, 4006, 4008, 4021, 4045, 4047, 4058, 4062, 4077, 4079, 5077, 5081, 5083, 5308, 5316, 5322, 5323, 5346, 5357, 5358, 5364]",0.05267689999891445,success,,35.44580648998812,39.01040229583813,21.248540131475806,21.296163627861183,34.400000000000006,30.915602269026557
stl_st_louis_downtown_airport_to_st_louis_lambert_2026-01-12_0095,st_louis_downtown_airport_to_st_louis_lambert,St. Louis Downtown Airport to St. Louis Lambert,St. Louis Downtown Airport,St. Louis Lambert International Airport,38.5703611,-90.1550833,38.7486982,-90.3700257,2026-01-12,January 12th - Monday,w_0095,0.1,0.3,0.1,0.5,41,"[2179, 2180, 2174, 2199, 2203, 2206, 2449, 2345, 2370, 2373, 2398, 2709, 2711, 2714, 2750, 2744, 2770, 2772, 2777, 3989, 3993, 4006, 4008, 4021, 4045, 4047, 4058, 4062, 4077, 4079, 5077, 5081, 5083, 5308, 5316, 5322, 5323, 5346, 5357, 5358, 5364]",0.05134820000967011,success,,35.44583331001682,39.01043181301415,21.248540131475806,20.670390465623594,34.400000000000006,29.54264426730652
stl_st_louis_downtown_airport_to_st_louis_lambert_2026-01-12_0096,st_louis_downtown_airport_to_st_louis_lambert,St. Louis Downtown Airport to St. Louis Lambert,St. Louis Downtown Airport,St. Louis Lambert International Airport,38.5703611,-90.1550833,38.7486982,-90.3700257,2026-01-12,January 12th - Monday,w_0096,0.1,0.3,0.2,0.4,40,"[2179, 2180, 2174, 2199, 2203, 2207, 2341, 2344, 2368, 2374, 2394, 2397, 2712, 2716, 2739, 2746, 2769, 2773, 3985, 3988, 3992, 3994, 4019, 4020, 4023, 4055, 4059, 4063, 4064, 5048, 5052, 5076, 5082, 5299, 5304, 5319, 5321, 5357, 5358, 5364]",0.05124440000508912,success,,35.0695243590648,38.596279476875054,23.651108783135093,17.839922019494136,33.8,28.04294498652686
stl_st_louis_downtown_airport_to_st_louis_lambert_2026-01-12_0097,st_louis_downtown_airport_to_st_louis_lambert,St. Louis Downtown Airport to St. Louis Lambert,St. Louis Downtown Airport,St. Louis Lambert International Airport,38.5703611,-90.1550833,38.7486982,-90.3700257,2026-01-12,January 12th - Monday,w_0097,0.1,0.3,0.3,0.3,40,"[2179, 2180, 2174, 2199, 2203, 2207, 2341, 2344, 2368, 2374, 2394, 2397, 2712, 2716, 2739, 2746, 2769, 2773, 3985, 3988, 3992, 3994, 4019, 4020, 4023, 4055, 4059, 4063, 4064, 5048, 5052, 5076, 5082, 5299, 5304, 5319, 5321, 5357, 5358, 5364]",0.05041950001032092,success,,35.0695243590648,38.596279476875054,23.651108783135093,17.839922019494136,33.8,26.44693718847627
stl_st_louis_downtown_airport_to_st_louis_lambert_2026-01-12_0098,st_louis_downtown_airport_to_st_louis_lambert,St. Louis Downtown Airport to St. Louis Lambert,St. Louis Downtown Airport,St. Louis Lambert International Airport,38.5703611,-90.1550833,38.7486982,-90.3700257,2026-01-12,January 12th - Monday,w_0098,0.1,0.3,0.4,0.2,40,"[2179, 2180, 2174, 2199, 2203, 2207, 2341, 2344, 2368, 2374, 2394, 2397, 2712, 2716, 2739, 2746, 2769, 2773, 3985, 3988, 3992, 3994, 4019, 4020, 4023, 4055, 4059, 4063, 4064, 5048, 5052, 5076, 5082, 5299, 5304, 5319, 5321, 5357, 5358, 5364]",0.049056699994252995,success,,35.0695243590648,38.596279476875054,23.651108783135093,17.839922019494136,33.8,24.850929390425684
stl_st_louis_downtown_airport_to_st_louis_lambert_2026-01-12_0099,st_louis_downtown_airport_to_st_louis_lambert,St. Louis Downtown Airport to St. Louis Lambert,St. Louis Downtown Airport,St. Louis Lambert International Airport,38.5703611,-90.1550833,38.7486982,-90.3700257,2026-01-12,January 12th - Monday,w_0099,0.1,0.3,0.5,0.1,43,"[2179, 2147, 2157, 2170, 2175, 2201, 2313, 2316, 2342, 2347, 2366, 2389, 2392, 2396, 2720, 2721, 2726, 2740, 2678, 2680, 2683, 2686, 2703, 2705, 2707, 4004, 4027, 4030, 4034, 4059, 4063, 4064, 5048, 5052, 5076, 5082, 5299, 5304, 5319, 5321, 5357, 5358, 5364]",0.04721710001467727,success,,36.1929354403576,39.832666021986206,22.78428600684611,17.46657477379619,36.400000000000006,23.19183979115055
stl_st_louis_downtown_airport_to_st_louis_lambert_2026-01-12_0100,st_louis_downtown_airport_to_st_louis_lambert,St. Louis Downtown Airport to St. Louis Lambert,St. Louis Downtown Airport,St. Louis Lambert International Airport,38.5703611,-90.1550833,38.7486982,-90.3700257,2026-01-12,January 12th - Monday,w_0100,0.1,0.3,0.6,0.0,45,"[2179, 2147, 2157, 2170, 2175, 2201, 2313, 2316, 2342, 2347, 2366, 2389, 2392, 2396, 2720, 2721, 2726, 2740, 2678, 2680, 2682, 2685, 3986, 2706, 2705, 2707, 4004, 4027, 4030, 4034, 4059, 4063, 4064, 5048, 5052, 5076, 5082, 5299, 5304, 5318, 5323, 5346, 5357, 5358, 5364]",0.04090359999099746,success,,36.9437566145673,40.658993279243745,24.051439875452186,16.45583838281567,38.00000000000001,21.15483432024943
stl_st_louis_downtown_airport_to_st_louis_lambert_2026-01-12_0101,st_louis_downtown_airport_to_st_louis_lambert,St. Louis Downtown Airport to St. Louis Lambert,St. Louis Downtown Airport,St. Louis Lambert International Airport,38.5703611,-90.1550833,38.7486982,-90.3700257,2026-01-12,January 12th - Monday,w_0101,0.1,0.4,0.0,0.5,43,"[2179, 2180, 2174, 2199, 2203, 2207, 2341, 2345, 2370, 2373, 2398, 2709, 2711, 2714, 2750, 2744, 2770, 2772, 2777, 3989, 3993, 4006, 4008, 4021, 4045, 4047, 4058, 4062, 4077, 4082, 4084, 5080, 5084, 5310, 5311, 5337, 5320, 5322, 5323, 5346, 5357, 5358, 5364]",0.05084110001916997,success,,36.197024617572914,39.83716642595565,17.31210242086407,23.983742516081602,36.400000000000006,29.108557610941197
stl_st_louis_downtown_airport_to_st_louis_lambert_2026-01-12_0102,st_louis_downtown_airport_to_st_louis_lambert,St. Louis Downtown Airport to St. Louis Lambert,St. Louis Downtown Airport,St. Louis Lambert International Airport,38.5703611,-90.1550833,38.7486982,-90.3700257,2026-01-12,January 12th - Monday,w_0102,0.1,0.4,0.1,0.4,43,"[2179, 2180, 2174, 2199, 2203, 2206, 2449, 2345, 2370, 2373, 2398, 2709, 2711, 2714, 2750, 2744, 2770, 2772, 2777, 3989, 3993, 4006, 4008, 4021, 4045, 4047, 4058, 4062, 4077, 4082, 4084, 5080, 5084, 5310, 5311, 5337, 5320, 5322, 5323, 5346, 5357, 5358, 5364]",0.05019040001207031,success,,36.197051437601615,39.837195943131675,17.31210242086407,23.35796935384401,36.400000000000006,27.8043574980432
stl_st_louis_downtown_airport_to_st_louis_lambert_2026-01-12_0103,st_louis_downtown_airport_to_st_louis_lambert,St. Louis Downtown Airport to St. Louis Lambert,St. Louis Downtown Airport,St. Louis Lambert International Airport,38.5703611,-90.1550833,38.7486982,-90.3700257,2026-01-12,January 12th - Monday,w_0103,0.1,0.4,0.2,0.3,44,"[2179, 2180, 2174, 2199, 2203, 2206, 2449, 2345, 2370, 2373, 2398, 2709, 2711, 2714, 2750, 2744, 2770, 2772, 2777, 3989, 3988, 3992, 3994, 4019, 4020, 4023, 4055, 4059, 4063, 4077, 4082, 4084, 5080, 5084, 5310, 5311, 5337, 5320, 5322, 5323, 5346, 5357, 5358, 5364]",0.05107710001175292,success,,36.57207281055306,40.24993121641444,16.402941041735232,23.43756424675925,37.400000000000006,26.493682387687386
stl_st_louis_downtown_airport_to_st_louis_lambert_2026-01-12_0104,st_louis_downtown_airport_to_st_louis_lambert,St. Louis Downtown Airport to St. Louis Lambert,St. Louis Downtown Airport,St. Louis Lambert International Airport,38.5703611,-90.1550833,38.7486982,-90.3700257,2026-01-12,January 12th - Monday,w_0104,0.1,0.4,0.3,0.2,44,"[2179, 2180, 2174, 2199, 2203, 2206, 2449, 2345, 2370, 2373, 2398, 2709, 2711, 2714, 2750, 2744, 2770, 2772, 2777, 3989, 3988, 3992, 3994, 4019, 4020, 4023, 4055, 4059, 4063, 4077, 4082, 4084, 5080, 5084, 5310, 5311, 5337, 5320, 5322, 5323, 5346, 5357, 5358, 5364]",0.050034399988362566,success,,36.57207281055306,40.24993121641444,16.402941041735232,23.43756424675925,37.400000000000006,25.09743881236331
stl_st_louis_downtown_airport_to_st_louis_lambert_2026-01-12_0105,st_louis_downtown_airport_to_st_louis_lambert,St. Louis Downtown Airport to St. Louis Lambert,St. Louis Downtown Airport,St. Louis Lambert International Airport,38.5703611,-90.1550833,38.7486982,-90.3700257,2026-01-12,January 12th - Monday,w_0105,0.1,0.4,0.4,0.1,46,"[2179, 2147, 2157, 2170, 2175, 2201, 2313, 2316, 2342, 2347, 2366, 2389, 2392, 2396, 2720, 2721, 2726, 2740, 2678, 2680, 2683, 2686, 2703, 2705, 2707, 4004, 4027, 4030, 4034, 4059, 4063, 4077, 4082, 4084, 5080, 5084, 5310, 5311, 5337, 5320, 5322, 5323, 5346, 5357, 5358, 5364]",0.04877180000767112,success,,37.3201517314027,41.0732404465098,16.739615401835493,22.20977180107409,39.400000000000006,23.627078925814818
stl_st_louis_downtown_airport_to_st_louis_lambert_2026-01-12_0106,st_louis_downtown_airport_to_st_louis_lambert,St. Louis Downtown Airport to St. Louis Lambert,St. Louis Downtown Airport,St. Louis Lambert International Airport,38.5703611,-90.1550833,38.7486982,-90.3700257,2026-01-12,January 12th - Monday,w_0106,0.1,0.4,0.5,0.0,45,"[2179, 2147, 2157, 2170, 2175, 2201, 2313, 2316, 2342, 2347, 2366, 2389, 2392, 2396, 2720, 2721, 2726, 2740, 2678, 2680, 2679, 2676, 2700, 2701, 2704, 3999, 4002, 4027, 4030, 4034, 4059, 4063, 4064, 5048, 5052, 5076, 5082, 5299, 5304, 5318, 5323, 5346, 5357, 5358, 5364]",0.04498179999063723,success,,36.94352139252968,40.65873440217973,21.980163765599833,17.616654241726575,38.400000000000006,21.666266067321196
stl_st_louis_downtown_airport_to_st_louis_lambert_2026-01-12_0107,st_louis_downtown_airport_to_st_louis_lambert,St. Louis Downtown Airport to St. Louis Lambert,St. Louis Downtown Airport,St. Louis Lambert International Airport,38.5703611,-90.1550833,38.7486982,-90.3700257,2026-01-12,January 12th - Monday,w_0107,0.1,0.5,0.0,0.4,54,"[2179, 2180, 2183, 2186, 2419, 2423, 2448, 2452, 2454, 2457, 2481, 2485, 2808, 2811, 2812, 2816, 2858, 2863, 2864, 2795, 2796, 3899, 3902, 3914, 3948, 3947, 3952, 3940, 3977, 3976, 3941, 4043, 4066, 4067, 4068, 4185, 4187, 4188, 4076, 4075, 4082, 4084, 5080, 5084, 5310, 5311, 5337, 5320, 5322, 5323, 5346, 5357, 5358, 5364]",0.051165899989428,success,,41.922986936307204,46.13895825139281,9.018797265828733,40.88441455747947,44.20000000000002,26.803294458053653
stl_st_louis_downtown_airport_to_st_louis_lambert_2026-01-12_0108,st_louis_downtown_airport_to_st_louis_lambert,St. Louis Downtown Airport to St. Louis Lambert,St. Louis Downtown Airport,St. Louis Lambert International Airport,38.5703611,-90.1550833,38.7486982,-90.3700257,2026-01-12,January 12th - Monday,w_0108,0.1,0.5,0.1,0.3,44,"[2179, 2180, 2174, 2199, 2203, 2206, 2449, 2345, 2370, 2373, 2398, 2709, 2711, 2714, 2750, 2744, 2770, 2772, 2777, 3989, 3988, 3992, 3994, 4019, 4020, 4023, 4055, 4059, 4063, 4077, 4082, 4084, 5080, 5084, 5310, 5311, 5337, 5320, 5322, 5323, 5346, 5357, 5358, 5364]",0.05093279998982325,success,,36.57207281055306,40.24993121641444,16.402941041735232,23.43756424675925,37.400000000000006,25.790220067184986
stl_st_louis_downtown_airport_to_st_louis_lambert_2026-01-12_0109,st_louis_downtown_airport_to_st_louis_lambert,St. Louis Downtown Airport to St. Louis Lambert,St. Louis Downtown Airport,St. Louis Lambert International Airport,38.5703611,-90.1550833,38.7486982,-90.3700257,2026-01-12,January 12th - Monday,w_0109,0.1,0.5,0.2,0.2,44,"[2179, 2180, 2174, 2199, 2203, 2206, 2449, 2345, 2370, 2373, 2398, 2709, 2711, 2714, 2750, 2744, 2770, 2772, 2777, 3989, 3988, 3992, 3994, 4019, 4020, 4023, 4055, 4059, 4063, 4077, 4082, 4084, 5080, 5084, 5310, 5311, 5337, 5320, 5322, 5323, 5346, 5357, 5358, 5364]",0.05157420001341961,success,,36.57207281055306,40.24993121641444,16.402941041735232,23.43756424675925,37.400000000000006,24.39397649186091
stl_st_louis_downtown_airport_to_st_louis_lambert_2026-01-12_0110,st_louis_downtown_airport_to_st_louis_lambert,St. Louis Downtown Airport to St. Louis Lambert,St. Louis Downtown Airport,St. Louis Lambert International Airport,38.5703611,-90.1550833,38.7486982,-90.3700257,2026-01-12,January 12th - Monday,w_0110,0.1,0.5,0.3,0.1,44,"[2179, 2180, 2174, 2199, 2203, 2206, 2449, 2345, 2370, 2373, 2398, 2709, 2711, 2714, 2750, 2744, 2770, 2772, 2777, 3989, 3988, 3992, 3994, 4019, 4020, 4023, 4055, 4059, 4063, 4077, 4082, 4084, 5080, 5084, 5310, 5311, 5337, 5320, 5322, 5323, 5346, 5357, 5358, 5364]",0.0492888999870047,success,,36.57207281055306,40.24993121641444,16.402941041735232,23.43756424675925,37.400000000000006,22.997732916536837
stl_st_louis_downtown_airport_to_st_louis_lambert_2026-01-12_0111,st_louis_downtown_airport_to_st_louis_lambert,St. Louis Downtown Airport to St. Louis Lambert,St. Louis Downtown Airport,St. Louis Lambert International Airport,38.5703611,-90.1550833,38.7486982,-90.3700257,2026-01-12,January 12th - Monday,w_0111,0.1,0.5,0.4,0.0,47,"[2179, 2147, 2157, 2170, 2175, 2201, 2313, 2316, 2342, 2347, 2366, 2389, 2392, 2396, 2720, 2721, 2726, 2740, 2678, 2680, 2679, 2676, 2700, 2701, 2704, 3999, 4002, 4027, 4030, 4034, 4059, 4063, 4077, 4082, 4084, 5080, 5084, 5310, 5311, 5337, 5320, 5322, 5323, 5346, 5357, 5358, 5364]",0.04582319999462925,success,,37.695132275288756,41.48593078476573,16.438822135448255,22.276113042148218,40.400000000000006,21.278449363059988
stl_st_louis_downtown_airport_to_st_louis_lambert_2026-01-12_0112,st_louis_downtown_airport_to_st_louis_lambert,St. Louis Downtown Airport to St. Louis Lambert,St. Louis Downtown Airport,St. Louis Lambert International Airport,38.5703611,-90.1550833,38.7486982,-90.3700257,2026-01-12,January 12th - Monday,w_0112,0.1,0.6,0.0,0.3,54,"[2179, 2180, 2183, 2186, 2419, 2423, 2448, 2452, 2454, 2457, 2481, 2485, 2808, 2811, 2812, 2816, 2858, 2863, 2864, 2795, 2796, 3899, 3902, 3914, 3948, 3947, 3952, 3940, 3977, 3976, 3941, 4043, 4066, 4067, 4068, 4185, 4187, 4188, 4076, 4075, 4082, 4084, 5080, 5084, 5310, 5311, 5337, 5320, 5322, 5323, 5346, 5357, 5358, 5364]",0.05129630002193153,success,,41.922986936307204,46.13895825139281,9.018797265828733,40.88441455747947,44.20000000000002,23.285174184636524
stl_st_louis_downtown_airport_to_st_louis_lambert_2026-01-12_0113,st_louis_downtown_airport_to_st_louis_lambert,St. Louis Downtown Airport to St. Louis Lambert,St. Louis Downtown Airport,St. Louis Lambert International Airport,38.5703611,-90.1550833,38.7486982,-90.3700257,2026-01-12,January 12th - Monday,w_0113,0.1,0.6,0.1,0.2,54,"[2179, 2180, 2183, 2186, 2419, 2423, 2448, 2452, 2455, 2478, 2481, 2485, 2808, 2811, 2812, 2816, 2858, 2862, 2864, 2795, 2796, 3899, 3902, 3914, 3948, 3950, 3966, 3944, 3977, 3976, 3941, 4043, 4066, 4067, 4068, 4185, 4187, 4188, 4076, 4075, 4082, 4084, 5080, 5084, 5310, 5311, 5337, 5320, 5322, 5323, 5346, 5357, 5358, 5364]",0.04858959998819046,success,,41.9231441835412,46.13913131214287,9.018797265828733,39.897915212539345,44.20000000000002,22.854983011965466
stl_st_louis_downtown_airport_to_st_louis_lambert_2026-01-12_0114,st_louis_downtown_airport_to_st_louis_lambert,St. Louis Downtown Airport to St. Louis Lambert,St. Louis Downtown Airport,St. Louis Lambert International Airport,38.5703611,-90.1550833,38.7486982,-90.3700257,2026-01-12,January 12th - Monday,w_0114,0.1,0.6,0.2,0.1,56,"[2179, 2180, 2174, 2199, 2203, 2206, 2449, 2451, 2455, 2478, 2480, 2484, 2486, 2809, 2813, 2817, 2858, 2862, 2864, 2889, 2892, 3900, 3903, 3926, 3931, 3951, 3954, 3969, 3971, 3981, 3978, 3976, 3941, 4043, 4066, 4067, 4068, 4185, 4187, 4188, 4076, 4075, 4082, 4084, 5080, 5084, 5310, 5311, 5337, 5320, 5322, 5323, 5346, 5357, 5358, 5364]",0.04834360000677407,success,,44.268746722829775,48.72061859497936,8.85218971061002,37.629822376971305,45.800000000000026,22.28934016125821
stl_st_louis_downtown_airport_to_st_louis_lambert_2026-01-12_0115,st_louis_downtown_airport_to_st_louis_lambert,St. Louis Downtown Airport to St. Louis Lambert,St. Louis Downtown Airport,St. Louis Lambert International Airport,38.5703611,-90.1550833,38.7486982,-90.3700257,2026-01-12,January 12th - Monday,w_0115,0.1,0.6,0.3,0.0,47,"[2179, 2147, 2157, 2170, 2175, 2201, 2313, 2316, 2342, 2347, 2366, 2389, 2392, 2396, 2720, 2721, 2726, 2740, 2678, 2680, 2679, 2676, 2700, 2701, 2704, 3999, 4002, 4027, 4030, 4034, 4059, 4063, 4077, 4082, 4084, 5080, 5084, 5310, 5311, 5337, 5320, 5322, 5323, 5346, 5357, 5358, 5364]",0.0456893999944441,success,,37.695132275288756,41.48593078476573,16.438822135448255,22.276113042148218,40.400000000000006,20.694720272389993
stl_st_louis_downtown_airport_to_st_louis_lambert_2026-01-12_0116,st_louis_downtown_airport_to_st_louis_lambert,St. Louis Downtown Airport to St. Louis Lambert,St. Louis Downtown Airport,St. Louis Lambert International Airport,38.5703611,-90.1550833,38.7486982,-90.3700257,2026-01-12,January 12th - Monday,w_0116,0.1,0.7,0.0,0.2,55,"[2179, 2180, 2183, 2186, 2419, 2423, 2448, 2452, 2454, 2457, 2481, 2485, 2808, 2811, 2812, 2816, 2858, 2863, 2864, 2889, 3896, 3898, 3901, 3927, 3946, 3949, 3953, 3966, 3944, 3977, 3976, 3941, 4043, 4066, 4067, 4068, 4185, 4187, 4188, 4076, 4075, 4082, 4084, 5080, 5084, 5310, 5311, 5337, 5320, 5322, 5323, 5346, 5357, 5358, 5364]",0.04627299998537637,success,,42.29849336979702,46.55222736516655,8.67777235752909,41.2293348164601,44.80000000000002,19.68966338678702
stl_st_louis_downtown_airport_to_st_louis_lambert_2026-01-12_0117,st_louis_downtown_airport_to_st_louis_lambert,St. Louis Downtown Airport to St. Louis Lambert,St. Louis Downtown Airport,St. Louis Lambert International Airport,38.5703611,-90.1550833,38.7486982,-90.3700257,2026-01-12,January 12th - Monday,w_0117,0.1,0.7,0.1,0.1,55,"[2179, 2180, 2183, 2186, 2419, 2425, 2427, 2453, 2456, 2479, 2480, 2484, 2486, 2809, 2813, 2817, 2858, 2862, 2864, 2889, 3896, 3898, 3901, 3927, 3946, 3949, 3953, 3966, 3944, 3977, 3976, 3941, 4043, 4066, 4067, 4068, 4185, 4187, 4188, 4076, 4075, 4082, 4084, 5080, 5084, 5310, 5311, 5337, 5320, 5322, 5323, 5346, 5357, 5358, 5364]",0.04099060001317412,success,,41.77090840586574,45.97158599383796,8.67777235752909,40.81374116682602,45.20000000000002,19.272973366336764
stl_st_louis_downtown_airport_to_st_louis_lambert_2026-01-12_0118,st_louis_downtown_airport_to_st_louis_lambert,St. Louis Downtown Airport to St. Louis Lambert,St. Louis Downtown Airport,St. Louis Lambert International Airport,38.5703611,-90.1550833,38.7486982,-90.3700257,2026-01-12,January 12th - Monday,w_0118,0.1,0.7,0.2,0.0,56,"[2179, 2180, 2174, 2199, 2203, 2206, 2449, 2451, 2455, 2478, 2480, 2484, 2486, 2809, 2813, 2817, 2858, 2862, 2864, 2889, 2892, 3900, 3903, 3926, 3931, 3951, 3954, 3969, 3971, 3981, 3978, 3976, 3941, 4043, 4066, 4067, 4068, 4185, 4187, 4188, 4076, 4075, 4082, 4084, 5080, 5084, 5310, 5311, 5337, 5320, 5322, 5323, 5346, 5357, 5358, 5364]",0.040654600015841424,success,,44.268746722829775,48.72061859497936,8.85218971061002,37.629822376971305,45.800000000000026,18.594559132319212
stl_st_louis_downtown_airport_to_st_louis_lambert_2026-01-12_0119,st_louis_downtown_airport_to_st_louis_lambert,St. Louis Downtown Airport to St. Louis Lambert,St. Louis Downtown Airport,St. Louis Lambert International Airport,38.5703611,-90.1550833,38.7486982,-90.3700257,2026-01-12,January 12th - Monday,w_0119,0.1,0.8,0.0,0.1,55,"[2179, 2180, 2183, 2186, 2419, 2423, 2448, 2452, 2455, 2478, 2482, 2483, 2487, 2811, 2812, 2816, 2858, 2863, 2864, 2889, 3896, 3898, 3901, 3927, 3946, 3949, 3953, 3966, 3944, 3977, 3976, 3941, 4043, 4066, 4067, 4068, 4185, 4187, 4188, 4076, 4075, 4082, 4084, 5080, 5084, 5310, 5311, 5337, 5320, 5322, 5323, 5346, 5357, 5358, 5364]",0.03218080001533963,success,,41.77074742931658,45.971408828735385,8.67777235752909,41.35893898884012,45.20000000000002,16.059358768896814
stl_st_louis_downtown_airport_to_st_louis_lambert_2026-01-12_0120,st_louis_downtown_airport_to_st_louis_lambert,St. Louis Downtown Airport to St. Louis Lambert,St. Louis Downtown Airport,St. Louis Lambert International Airport,38.5703611,-90.1550833,38.7486982,-90.3700257,2026-01-12,January 12th - Monday,w_0120,0.1,0.8,0.1,0.0,59,"[2179, 2180, 2183, 2186, 2419, 2425, 2427, 2453, 2456, 2479, 2480, 2484, 2486, 2809, 2813, 2817, 2858, 2862, 2866, 2888, 2891, 2895, 3904, 3925, 3930, 3934, 3958, 3962, 3974, 3973, 3972, 3971, 3981, 3978, 3976, 3941, 4043, 4066, 4067, 4068, 4185, 4187, 4188, 4076, 4075, 4082, 4084, 5080, 5084, 5310, 5311, 5337, 5320, 5322, 5323, 5346, 5357, 5358, 5364]",0.03063200000906363,success,,44.33983822901969,48.798859394975516,8.293270401426513,40.521441605629796,47.60000000000002,15.566646421201742
stl_st_louis_downtown_airport_to_st_louis_lambert_2026-01-12_0121,st_louis_downtown_airport_to_st_louis_lambert,St. Louis Downtown Airport to St. Louis Lambert,St. Louis Downtown Airport,St. Louis Lambert International Airport,38.5703611,-90.1550833,38.7486982,-90.3700257,2026-01-12,January 12th - Monday,w_0121,0.1,0.9,0.0,0.0,59,"[2179, 2180, 2183, 2186, 2419, 2423, 2448, 2452, 2455, 2478, 2482, 2483, 2487, 2811, 2812, 2816, 2858, 2863, 2864, 2889, 2892, 2895, 3904, 3925, 3930, 3934, 3958, 3962, 3967, 3954, 3953, 3966, 3944, 3977, 3976, 3941, 4043, 4066, 4067, 4068, 4185, 4187, 4188, 4076, 4075, 4082, 4084, 5080, 5084, 5310, 5311, 5337, 5320, 5322, 5323, 5346, 5357, 5358, 5364]",0.025488599989330396,success,,43.80569615290962,48.211001497650656,8.3104874945489,42.80654965421509,47.60000000000002,12.300538894859075
stl_st_louis_downtown_airport_to_st_louis_lambert_2026-01-12_0122,st_louis_downtown_airport_to_st_louis_lambert,St. Louis Downtown Airport to St. Louis Lambert,St. Louis Downtown Airport,St. Louis Lambert International Airport,38.5703611,-90.1550833,38.7486982,-90.3700257,2026-01-12,January 12th - Monday,w_0122,0.2,0.0,0.0,0.8,40,"[2179, 2147, 2172, 2176, 2200, 2204, 2317, 2340, 2346, 2371, 2391, 2395, 2708, 2713, 2738, 2741, 2745, 2747, 2684, 2687, 3987, 3990, 4016, 4017, 4022, 4029, 4034, 4060, 4064, 5048, 5052, 5076, 5082, 5299, 5304, 5319, 5321, 5357, 5358, 5364]",0.0450849000189919,success,,35.06847425714207,38.5951237717998,26.02381511715049,20.11965029009705,33.400000000000006,34.43902475435996
stl_st_louis_downtown_airport_to_st_louis_lambert_2026-01-12_0123,st_louis_downtown_airport_to_st_louis_lambert,St. Louis Downtown Airport to St. Louis Lambert,St. Louis Downtown Airport,St. Louis Lambert International Airport,38.5703611,-90.1550833,38.7486982,-90.3700257,2026-01-12,January 12th - Monday,w_0123,0.2,0.0,0.1,0.7,40,"[2179, 2180, 2174, 2199, 2203, 2207, 2341, 2344, 2368, 2374, 2394, 2397, 2712, 2716, 2739, 2746, 2769, 2773, 3985, 3988, 3992, 3990, 4016, 4017, 4022, 4029, 4034, 4060, 4064, 5048, 5052, 5076, 5082, 5299, 5304, 5319, 5321, 5357, 5358, 5364]",0.041268000000854954,success,,35.06925127294606,38.59597892794111,25.05959051055676,17.839922019494136,33.400000000000006,32.88318798753764
stl_st_louis_downtown_airport_to_st_louis_lambert_2026-01-12_0124,st_louis_downtown_airport_to_st_louis_lambert,St. Louis Downtown Airport to St. Louis Lambert,St. Louis Downtown Airport,St. Louis Lambert International Airport,38.5703611,-90.1550833,38.7486982,-90.3700257,2026-01-12,January 12th - Monday,w_0124,0.2,0.0,0.2,0.6,40,"[2179, 2180, 2174, 2199, 2203, 2207, 2341, 2344, 2368, 2374, 2394, 2397, 2712, 2716, 2739, 2746, 2769, 2773, 3985, 3988, 3992, 3990, 4016, 4017, 4022, 4029, 4034, 4060, 4064, 5048, 5052, 5076, 5082, 5299, 5304, 5319, 5321, 5357, 5358, 5364]",0.03803560000960715,success,,35.06925127294606,38.59597892794111,25.05959051055676,17.839922019494136,33.400000000000006,31.327180189487052
stl_st_louis_downtown_airport_to_st_louis_lambert_2026-01-12_0125,st_louis_downtown_airport_to_st_louis_lambert,St. Louis Downtown Airport to St. Louis Lambert,St. Louis Downtown Airport,St. Louis Lambert International Airport,38.5703611,-90.1550833,38.7486982,-90.3700257,2026-01-12,January 12th - Monday,w_0125,0.2,0.0,0.3,0.5,40,"[2179, 2180, 2174, 2199, 2203, 2207, 2341, 2344, 2368, 2374, 2394, 2397, 2712, 2716, 2739, 2746, 2769, 2773, 3985, 3988, 3992, 3990, 4016, 4017, 4022, 4029, 4034, 4060, 4064, 5048, 5052, 5076, 5082, 5299, 5304, 5319, 5321, 5357, 5358, 5364]",0.0357337000023108,success,,35.06925127294606,38.59597892794111,25.05959051055676,17.839922019494136,33.400000000000006,29.771172391436465
stl_st_louis_downtown_airport_to_st_louis_lambert_2026-01-12_0126,st_louis_downtown_airport_to_st_louis_lambert,St. Louis Downtown Airport to St. Louis Lambert,St. Louis Downtown Airport,St. Louis Lambert International Airport,38.5703611,-90.1550833,38.7486982,-90.3700257,2026-01-12,January 12th - Monday,w_0126,0.2,0.0,0.4,0.4,40,"[2179, 2180, 2174, 2199, 2203, 2207, 2341, 2344, 2368, 2374, 2394, 2397, 2712, 2716, 2739, 2746, 2769, 2773, 3985, 3988, 3992, 3990, 4016, 4017, 4022, 4029, 4034, 4060, 4064, 5048, 5052, 5076, 5082, 5299, 5304, 5319, 5321, 5357, 5358, 5364]",0.0300956999999471,success,,35.06925127294606,38.59597892794111,25.05959051055676,17.839922019494136,33.400000000000006,28.21516459338588
stl_st_louis_downtown_airport_to_st_louis_lambert_2026-01-12_0127,st_louis_downtown_airport_to_st_louis_lambert,St. Louis Downtown Airport to St. Louis Lambert,St. Louis Downtown Airport,St. Louis Lambert International Airport,38.5703611,-90.1550833,38.7486982,-90.3700257,2026-01-12,January 12th - Monday,w_0127,0.2,0.0,0.5,0.3,41,"[2179, 2147, 2157, 2170, 2175, 2201, 2313, 2316, 2342, 2347, 2366, 2389, 2392, 2396, 2724, 2727, 2742, 2743, 2681, 2682, 2685, 3986, 2706, 4015, 4017, 4022, 4029, 4034, 4060, 4064, 5048, 5052, 5076, 5082, 5299, 5304, 5319, 5321, 5357, 5358, 5364]",0.02585669999825768,success,,35.442843120650096,39.00714091624279,26.327607483472868,16.78312655842246,34.400000000000006,26.512991462459787
stl_st_louis_downtown_airport_to_st_louis_lambert_2026-01-12_0128,st_louis_downtown_airport_to_st_louis_lambert,St. Louis Downtown Airport to St. Louis Lambert,St. Louis Downtown Airport,St. Louis Lambert International Airport,38.5703611,-90.1550833,38.7486982,-90.3700257,2026-01-12,January 12th - Monday,w_0128,0.2,0.0,0.6,0.2,42,"[2179, 2147, 2157, 2170, 2175, 2201, 2313, 2316, 2342, 2347, 2366, 2389, 2392, 2396, 2724, 2721, 2726, 2740, 2678, 2680, 2682, 2685, 3986, 2706, 4015, 4017, 4022, 4029, 4034, 4060, 4064, 5048, 5052, 5076, 5082, 5299, 5304, 5319, 5321, 5357, 5358, 5364]",0.020546300016576424,success,,35.817747454429586,39.419747380347985,26.64764489159439,16.366481713769105,35.00000000000001,24.70383850433106
stl_st_louis_downtown_airport_to_st_louis_lambert_2026-01-12_0129,st_louis_downtown_airport_to_st_louis_lambert,St. Louis Downtown Airport to St. Louis Lambert,St. Louis Downtown Airport,St. Louis Lambert International Airport,38.5703611,-90.1550833,38.7486982,-90.3700257,2026-01-12,January 12th - Monday,w_0129,0.2,0.0,0.7,0.1,42,"[2179, 2147, 2157, 2170, 2175, 2201, 2313, 2316, 2342, 2347, 2366, 2389, 2392, 2396, 2724, 2721, 2726, 2740, 2678, 2680, 2682, 2685, 3986, 2706, 4015, 4017, 4022, 4029, 4034, 4060, 4064, 5048, 5052, 5076, 5082, 5299, 5304, 5319, 5321, 5357, 5358, 5364]",0.017786000011255965,success,,35.817747454429586,39.419747380347985,26.64764489159439,16.366481713769105,35.00000000000001,22.84048667570797
stl_st_louis_downtown_airport_to_st_louis_lambert_2026-01-12_0130,st_louis_downtown_airport_to_st_louis_lambert,St. Louis Downtown Airport to St. Louis Lambert,St. Louis Downtown Airport,St. Louis Lambert International Airport,38.5703611,-90.1550833,38.7486982,-90.3700257,2026-01-12,January 12th - Monday,w_0130,0.2,0.0,0.8,0.0,44,"[2179, 2147, 2157, 2170, 2175, 2201, 2313, 2316, 2342, 2347, 2366, 2389, 2392, 2396, 2724, 2721, 2726, 2740, 2678, 2680, 2682, 2685, 3986, 2706, 2705, 2707, 4004, 4027, 4032, 4056, 5030, 5033, 5049, 5054, 5071, 5295, 5299, 5304, 5315, 5317, 5321, 5357, 5358, 5364]",0.01427530002547428,success,,36.56811270663066,40.245572865950905,27.037251837768576,15.898010159571575,37.00000000000001,20.767522700847444
stl_st_louis_downtown_airport_to_st_louis_lambert_2026-01-12_0131,st_louis_downtown_airport_to_st_louis_lambert,St. Louis Downtown Airport to St. Louis Lambert,St. Louis Downtown Airport,St. Louis Lambert International Airport,38.5703611,-90.1550833,38.7486982,-90.3700257,2026-01-12,January 12th - Monday,w_0131,0.2,0.1,0.0,0.7,40,"[2179, 2180, 2174, 2199, 2203, 2207, 2341, 2344, 2368, 2374, 2394, 2397, 2712, 2716, 2739, 2746, 2769, 2773, 3985, 3988, 3992, 3994, 4019, 4017, 4022, 4029, 4034, 4060, 4064, 5048, 5052, 5076, 5082, 5299, 5304, 5319, 5321, 5357, 5358, 5364]",0.04207299998961389,success,,35.06932923764436,38.59606473313351,24.787572976016946,17.839922019494136,33.400000000000006,33.577970244228396
stl_st_louis_downtown_airport_to_st_louis_lambert_2026-01-12_0132,st_louis_downtown_airport_to_st_louis_lambert,St. Louis Downtown Airport to St. Louis Lambert,St. Louis Downtown Airport,St. Louis Lambert International Airport,38.5703611,-90.1550833,38.7486982,-90.3700257,2026-01-12,January 12th - Monday,w_0132,0.2,0.1,0.1,0.6,40,"[2179, 2180, 2174, 2199, 2203, 2207, 2341, 2344, 2368, 2374, 2394, 2397, 2712, 2716, 2739, 2746, 2769, 2773, 3985, 3988, 3992, 3994, 4019, 4017, 4022, 4029, 4034, 4060, 4064, 5048, 5052, 5076, 5082, 5299, 5304, 5319, 5321, 5357, 5358, 5364]",0.04074589998344891,success,,35.06932923764436,38.59606473313351,24.787572976016946,17.839922019494136,33.400000000000006,32.02196244617781
stl_st_louis_downtown_airport_to_st_louis_lambert_2026-01-12_0133,st_louis_downtown_airport_to_st_louis_lambert,St. Louis Downtown Airport to St. Louis Lambert,St. Louis Downtown Airport,St. Louis Lambert International Airport,38.5703611,-90.1550833,38.7486982,-90.3700257,2026-01-12,January 12th - Monday,w_0133,0.2,0.1,0.2,0.5,40,"[2179, 2180, 2174, 2199, 2203, 2207, 2341, 2344, 2368, 2374, 2394, 2397, 2712, 2716, 2739, 2746, 2769, 2773, 3985, 3988, 3992, 3994, 4019, 4017, 4022, 4029, 4034, 4060, 4064, 5048, 5052, 5076, 5082, 5299, 5304, 5319, 5321, 5357, 5358, 5364]",0.035849700012477115,success,,35.06932923764436,38.59606473313351,24.787572976016946,17.839922019494136,33.400000000000006,30.465954648127227
stl_st_louis_downtown_airport_to_st_louis_lambert_2026-01-12_0134,st_louis_downtown_airport_to_st_louis_lambert,St. Louis Downtown Airport to St. Louis Lambert,St. Louis Downtown Airport,St. Louis Lambert International Airport,38.5703611,-90.1550833,38.7486982,-90.3700257,2026-01-12,January 12th - Monday,w_0134,0.2,0.1,0.3,0.4,40,"[2179, 2180, 2174, 2199, 2203, 2207, 2341, 2344, 2368, 2374, 2394, 2397, 2712, 2716, 2739, 2746, 2769, 2773, 3985, 3988, 3992, 3994, 4019, 4017, 4022, 4029, 4034, 4060, 4064, 5048, 5052, 5076, 5082, 5299, 5304, 5319, 5321, 5357, 5358, 5364]",0.03098350000800565,success,,35.06932923764436,38.59606473313351,24.787572976016946,17.839922019494136,33.400000000000006,28.90994685007664
stl_st_louis_downtown_airport_to_st_louis_lambert_2026-01-12_0135,st_louis_downtown_airport_to_st_louis_lambert,St. Louis Downtown Airport to St. Louis Lambert,St. Louis Downtown Airport,St. Louis Lambert International Airport,38.5703611,-90.1550833,38.7486982,-90.3700257,2026-01-12,January 12th - Monday,w_0135,0.2,0.1,0.4,0.3,40,"[2179, 2180, 2174, 2199, 2203, 2207, 2341, 2344, 2368, 2374, 2394, 2397, 2712, 2716, 2739, 2746, 2769, 2773, 3985, 3988, 3992, 3994, 4019, 4017, 4022, 4029, 4034, 4060, 4064, 5048, 5052, 5076, 5082, 5299, 5304, 5319, 5321, 5357, 5358, 5364]",0.02820390000124462,success,,35.06932923764436,38.59606473313351,24.787572976016946,17.839922019494136,33.400000000000006,27.353939052026057
stl_st_louis_downtown_airport_to_st_louis_lambert_2026-01-12_0136,st_louis_downtown_airport_to_st_louis_lambert,St. Louis Downtown Airport to St. Louis Lambert,St. Louis Downtown Airport,St. Louis Lambert International Airport,38.5703611,-90.1550833,38.7486982,-90.3700257,2026-01-12,January 12th - Monday,w_0136,0.2,0.1,0.5,0.2,41,"[2179, 2147, 2157, 2170, 2175, 2201, 2313, 2316, 2342, 2347, 2366, 2389, 2392, 2396, 2724, 2727, 2742, 2743, 2681, 2682, 2685, 3986, 2706, 4015, 4017, 4022, 4029, 4034, 4060, 4064, 5048, 5052, 5076, 5082, 5299, 5304, 5319, 5321, 5357, 5358, 5364]",0.02363190002506599,success,,35.442843120650096,39.00714091624279,26.327607483472868,16.78312655842246,34.400000000000006,25.705752210807077
stl_st_louis_downtown_airport_to_st_louis_lambert_2026-01-12_0137,st_louis_downtown_airport_to_st_louis_lambert,St. Louis Downtown Airport to St. Louis Lambert,St. Louis Downtown Airport,St. Louis Lambert International Airport,38.5703611,-90.1550833,38.7486982,-90.3700257,2026-01-12,January 12th - Monday,w_0137,0.2,0.1,0.6,0.1,42,"[2179, 2147, 2157, 2170, 2175, 2201, 2313, 2316, 2342, 2347, 2366, 2389, 2392, 2396, 2720, 2721, 2726, 2740, 2678, 2680, 2682, 2685, 3986, 2706, 4015, 4018, 4025, 4030, 4034, 4060, 4064, 5048, 5052, 5076, 5082, 5299, 5304, 5319, 5321, 5357, 5358, 5364]",0.020036000001709908,success,,35.817667796605,39.419659711760616,25.871120727450773,16.372100155959416,35.400000000000006,23.834304108672853
stl_st_louis_downtown_airport_to_st_louis_lambert_2026-01-12_0138,st_louis_downtown_airport_to_st_louis_lambert,St. Louis Downtown Airport to St. Louis Lambert,St. Louis Downtown Airport,St. Louis Lambert International Airport,38.5703611,-90.1550833,38.7486982,-90.3700257,2026-01-12,January 12th - Monday,w_0138,0.2,0.1,0.7,0.0,43,"[2179, 2147, 2157, 2170, 2175, 2201, 2313, 2316, 2342, 2347, 2366, 2389, 2392, 2396, 2720, 2721, 2726, 2740, 2678, 2680, 2682, 2685, 3986, 2706, 2705, 2707, 4004, 4027, 4032, 4056, 5030, 5033, 5049, 5054, 5078, 5295, 5300, 5315, 5317, 5321, 5357, 5358, 5364]",0.01628739997977391,success,,36.19257017168355,39.83226402018875,25.74240899456289,16.157353501725584,36.00000000000001,21.850841154701946
stl_st_louis_downtown_airport_to_st_louis_lambert_2026-01-12_0139,st_louis_downtown_airport_to_st_louis_lambert,St. Louis Downtown Airport to St. Louis Lambert,St. Louis Downtown Airport,St. Louis Lambert International Airport,38.5703611,-90.1550833,38.7486982,-90.3700257,2026-01-12,January 12th - Monday,w_0139,0.2,0.2,0.0,0.6,40,"[2179, 2180, 2174, 2199, 2203, 2207, 2341, 2344, 2368, 2374, 2394, 2397, 2712, 2716, 2739, 2746, 2769, 2773, 3985, 3988, 3992, 3994, 4019, 4020, 4023, 4055, 4059, 4063, 4078, 5051, 5075, 5079, 5306, 5303, 5318, 5323, 5346, 5357, 5358, 5364]",0.0417363999877125,success,,35.06987633323177,38.59666684720769,23.21199613097869,19.031491728664538,33.8,32.64173259563728
stl_st_louis_downtown_airport_to_st_louis_lambert_2026-01-12_0140,st_louis_downtown_airport_to_st_louis_lambert,St. Louis Downtown Airport to St. Louis Lambert,St. Louis Downtown Airport,St. Louis Lambert International Airport,38.5703611,-90.1550833,38.7486982,-90.3700257,2026-01-12,January 12th - Monday,w_0140,0.2,0.2,0.1,0.5,40,"[2179, 2180, 2174, 2199, 2203, 2207, 2341, 2344, 2368, 2374, 2394, 2397, 2712, 2716, 2739, 2746, 2769, 2773, 3985, 3988, 3992, 3994, 4019, 4020, 4023, 4055, 4059, 4063, 4064, 5048, 5052, 5076, 5082, 5299, 5304, 5319, 5321, 5357, 5358, 5364]",0.03979700000490993,success,,35.0695243590648,38.596279476875054,23.651108783135093,17.839922019494136,33.8,31.133469853951443
stl_st_louis_downtown_airport_to_st_louis_lambert_2026-01-12_0141,st_louis_downtown_airport_to_st_louis_lambert,St. Louis Downtown Airport to St. Louis Lambert,St. Louis Downtown Airport,St. Louis Lambert International Airport,38.5703611,-90.1550833,38.7486982,-90.3700257,2026-01-12,January 12th - Monday,w_0141,0.2,0.2,0.2,0.4,40,"[2179, 2180, 2174, 2199, 2203, 2207, 2341, 2344, 2368, 2374, 2394, 2397, 2712, 2716, 2739, 2746, 2769, 2773, 3985, 3988, 3992, 3994, 4019, 4020, 4023, 4055, 4059, 4063, 4064, 5048, 5052, 5076, 5082, 5299, 5304, 5319, 5321, 5357, 5358, 5364]",0.03351509998901747,success,,35.0695243590648,38.596279476875054,23.651108783135093,17.839922019494136,33.8,29.537462055900857
stl_st_louis_downtown_airport_to_st_louis_lambert_2026-01-12_0142,st_louis_downtown_airport_to_st_louis_lambert,St. Louis Downtown Airport to St. Louis Lambert,St. Louis Downtown Airport,St. Louis Lambert International Airport,38.5703611,-90.1550833,38.7486982,-90.3700257,2026-01-12,January 12th - Monday,w_0142,0.2,0.2,0.3,0.3,40,"[2179, 2180, 2174, 2199, 2203, 2207, 2341, 2344, 2368, 2374, 2394, 2397, 2712, 2716, 2739, 2746, 2769, 2773, 3985, 3988, 3992, 3994, 4019, 4020, 4023, 4055, 4059, 4063, 4064, 5048, 5052, 5076, 5082, 5299, 5304, 5319, 5321, 5357, 5358, 5364]",0.02926929999375716,success,,35.0695243590648,38.596279476875054,23.651108783135093,17.839922019494136,33.8,27.941454257850268
stl_st_louis_downtown_airport_to_st_louis_lambert_2026-01-12_0143,st_louis_downtown_airport_to_st_louis_lambert,St. Louis Downtown Airport to St. Louis Lambert,St. Louis Downtown Airport,St. Louis Lambert International Airport,38.5703611,-90.1550833,38.7486982,-90.3700257,2026-01-12,January 12th - Monday,w_0143,0.2,0.2,0.4,0.2,40,"[2179, 2180, 2174, 2199, 2203, 2207, 2341, 2344, 2368, 2374, 2394, 2397, 2712, 2716, 2739, 2746, 2769, 2773, 3985, 3988, 3992, 3994, 4019, 4020, 4023, 4055, 4059, 4063, 4064, 5048, 5052, 5076, 5082, 5299, 5304, 5319, 5321, 5357, 5358, 5364]",0.024636699992697686,success,,35.0695243590648,38.596279476875054,23.651108783135093,17.839922019494136,33.8,26.345446459799682
stl_st_louis_downtown_airport_to_st_louis_lambert_2026-01-12_0144,st_louis_downtown_airport_to_st_louis_lambert,St. Louis Downtown Airport to St. Louis Lambert,St. Louis Downtown Airport,St. Louis Lambert International Airport,38.5703611,-90.1550833,38.7486982,-90.3700257,2026-01-12,January 12th - Monday,w_0144,0.2,0.2,0.5,0.1,40,"[2179, 2180, 2174, 2199, 2203, 2207, 2341, 2344, 2368, 2374, 2394, 2397, 2712, 2716, 2739, 2746, 2769, 2773, 3985, 3988, 3992, 3994, 4019, 4020, 4023, 4055, 4059, 4063, 4064, 5048, 5052, 5076, 5082, 5299, 5304, 5319, 5321, 5357, 5358, 5364]",0.022905899997567758,success,,35.0695243590648,38.596279476875054,23.651108783135093,17.839922019494136,33.8,24.7494386617491
stl_st_louis_downtown_airport_to_st_louis_lambert_2026-01-12_0145,st_louis_downtown_airport_to_st_louis_lambert,St. Louis Downtown Airport to St. Louis Lambert,St. Louis Downtown Airport,St. Louis Lambert International Airport,38.5703611,-90.1550833,38.7486982,-90.3700257,2026-01-12,January 12th - Monday,w_0145,0.2,0.2,0.6,0.0,44,"[2179, 2147, 2157, 2170, 2175, 2201, 2313, 2316, 2342, 2347, 2366, 2389, 2392, 2396, 2720, 2721, 2726, 2740, 2678, 2680, 2682, 2685, 3986, 2706, 2705, 2707, 4004, 4027, 4030, 4034, 4059, 4063, 4064, 5048, 5052, 5076, 5082, 5299, 5304, 5319, 5321, 5357, 5358, 5364]",0.019726900005480275,success,,36.56815120628127,40.24561523730615,24.55476885031122,16.372100155959416,37.00000000000001,22.783336911099124
stl_st_louis_downtown_airport_to_st_louis_lambert_2026-01-12_0146,st_louis_downtown_airport_to_st_louis_lambert,St. Louis Downtown Airport to St. Louis Lambert,St. Louis Downtown Airport,St. Louis Lambert International Airport,38.5703611,-90.1550833,38.7486982,-90.3700257,2026-01-12,January 12th - Monday,w_0146,0.2,0.3,0.0,0.5,43,"[2179, 2180, 2174, 2199, 2203, 2207, 2341, 2345, 2370, 2373, 2398, 2709, 2711, 2714, 2750, 2744, 2770, 2772, 2777, 3989, 3993, 4006, 4008, 4021, 4045, 4047, 4058, 4062, 4077, 4082, 4084, 5080, 5084, 5310, 5311, 5337, 5320, 5322, 5323, 5346, 5357, 5358, 5364]",0.04151290000299923,success,,36.197024617572914,39.83716642595565,17.31210242086407,23.983742516081602,36.400000000000006,31.361064011450352
stl_st_louis_downtown_airport_to_st_louis_lambert_2026-01-12_0147,st_louis_downtown_airport_to_st_louis_lambert,St. Louis Downtown Airport to St. Louis Lambert,St. Louis Downtown Airport,St. Louis Lambert International Airport,38.5703611,-90.1550833,38.7486982,-90.3700257,2026-01-12,January 12th - Monday,w_0147,0.2,0.3,0.1,0.4,41,"[2179, 2180, 2174, 2199, 2203, 2206, 2449, 2345, 2370, 2373, 2398, 2709, 2711, 2714, 2750, 2744, 2770, 2772, 2777, 3989, 3993, 4006, 4008, 4021, 4045, 4047, 4058, 4062, 4077, 4079, 5077, 5081, 5083, 5308, 5316, 5322, 5323, 5346, 5357, 5358, 5364]",0.037981900008162484,success,,35.44583331001682,39.01043181301415,21.248540131475806,20.670390465623594,34.400000000000006,30.003687448607934
stl_st_louis_downtown_airport_to_st_louis_lambert_2026-01-12_0148,st_louis_downtown_airport_to_st_louis_lambert,St. Louis Downtown Airport to St. Louis Lambert,St. Louis Downtown Airport,St. Louis Lambert International Airport,38.5703611,-90.1550833,38.7486982,-90.3700257,2026-01-12,January 12th - Monday,w_0148,0.2,0.3,0.2,0.3,40,"[2179, 2180, 2174, 2199, 2203, 2207, 2341, 2344, 2368, 2374, 2394, 2397, 2712, 2716, 2739, 2746, 2769, 2773, 3985, 3988, 3992, 3994, 4019, 4020, 4023, 4055, 4059, 4063, 4064, 5048, 5052, 5076, 5082, 5299, 5304, 5319, 5321, 5357, 5358, 5364]",0.03128830000059679,success,,35.0695243590648,38.596279476875054,23.651108783135093,17.839922019494136,33.8,28.522572934214367
stl_st_louis_downtown_airport_to_st_louis_lambert_2026-01-12_0149,st_louis_downtown_airport_to_st_louis_lambert,St. Louis Downtown Airport to St. Louis Lambert,St. Louis Downtown Airport,St. Louis Lambert International Airport,38.5703611,-90.1550833,38.7486982,-90.3700257,2026-01-12,January 12th - Monday,w_0149,0.2,0.3,0.3,0.2,40,"[2179, 2180, 2174, 2199, 2203, 2207, 2341, 2344, 2368, 2374, 2394, 2397, 2712, 2716, 2739, 2746, 2769, 2773, 3985, 3988, 3992, 3994, 4019, 4020, 4023, 4055, 4059, 4063, 4064, 5048, 5052, 5076, 5082, 5299, 5304, 5319, 5321, 5357, 5358, 5364]",0.02736049998202361,success,,35.0695243590648,38.596279476875054,23.651108783135093,17.839922019494136,33.8,26.92656513616378
stl_st_louis_downtown_airport_to_st_louis_lambert_2026-01-12_0150,st_louis_downtown_airport_to_st_louis_lambert,St. Louis Downtown Airport to St. Louis Lambert,St. Louis Downtown Airport,St. Louis Lambert International Airport,38.5703611,-90.1550833,38.7486982,-90.3700257,2026-01-12,January 12th - Monday,w_0150,0.2,0.3,0.4,0.1,40,"[2179, 2180, 2174, 2199, 2203, 2207, 2341, 2344, 2368, 2374, 2394, 2397, 2712, 2716, 2739, 2746, 2769, 2773, 3985, 3988, 3992, 3994, 4019, 4020, 4023, 4055, 4059, 4063, 4064, 5048, 5052, 5076, 5082, 5299, 5304, 5319, 5321, 5357, 5358, 5364]",0.02509529999224469,success,,35.0695243590648,38.596279476875054,23.651108783135093,17.839922019494136,33.8,25.33055733811319
stl_st_louis_downtown_airport_to_st_louis_lambert_2026-01-12_0151,st_louis_downtown_airport_to_st_louis_lambert,St. Louis Downtown Airport to St. Louis Lambert,St. Louis Downtown Airport,St. Louis Lambert International Airport,38.5703611,-90.1550833,38.7486982,-90.3700257,2026-01-12,January 12th - Monday,w_0151,0.2,0.3,0.5,0.0,44,"[2179, 2147, 2157, 2170, 2175, 2201, 2313, 2316, 2342, 2347, 2366, 2389, 2392, 2396, 2720, 2721, 2726, 2740, 2678, 2680, 2683, 2686, 2703, 2705, 2707, 4004, 4027, 4030, 4034, 4059, 4063, 4064, 5048, 5052, 5076, 5082, 5299, 5304, 5318, 5323, 5346, 5357, 5358, 5364]",0.01994070000364445,success,,36.568540848643636,40.246044063923804,22.280957031987075,17.550313000652444,37.400000000000006,23.508652422707105
stl_st_louis_downtown_airport_to_st_louis_lambert_2026-01-12_0152,st_louis_downtown_airport_to_st_louis_lambert,St. Louis Downtown Airport to St. Louis Lambert,St. Louis Downtown Airport,St. Louis Lambert International Airport,38.5703611,-90.1550833,38.7486982,-90.3700257,2026-01-12,January 12th - Monday,w_0152,0.2,0.4,0.0,0.4,43,"[2179, 2180, 2174, 2199, 2203, 2207, 2341, 2345, 2370, 2373, 2398, 2709, 2711, 2714, 2750, 2744, 2770, 2772, 2777, 3989, 3993, 4006, 4008, 4021, 4045, 4047, 4058, 4062, 4077, 4082, 4084, 5080, 5084, 5310, 5311, 5337, 5320, 5322, 5323, 5346, 5357, 5358, 5364]",0.03718079999089241,success,,36.197024617572914,39.83716642595565,17.31210242086407,23.983742516081602,36.400000000000006,29.45227425353676
stl_st_louis_downtown_airport_to_st_louis_lambert_2026-01-12_0153,st_louis_downtown_airport_to_st_louis_lambert,St. Louis Downtown Airport to St. Louis Lambert,St. Louis Downtown Airport,St. Louis Lambert International Airport,38.5703611,-90.1550833,38.7486982,-90.3700257,2026-01-12,January 12th - Monday,w_0153,0.2,0.4,0.1,0.3,43,"[2179, 2180, 2174, 2199, 2203, 2206, 2449, 2345, 2370, 2373, 2398, 2709, 2711, 2714, 2750, 2744, 2770, 2772, 2777, 3989, 3993, 4006, 4008, 4021, 4045, 4047, 4058, 4062, 4077, 4082, 4084, 5080, 5084, 5310, 5311, 5337, 5320, 5322, 5323, 5346, 5357, 5358, 5364]",0.03273750000516884,success,,36.197051437601615,39.837195943131675,17.31210242086407,23.35796935384401,36.400000000000006,28.148077092356367
stl_st_louis_downtown_airport_to_st_louis_lambert_2026-01-12_0154,st_louis_downtown_airport_to_st_louis_lambert,St. Louis Downtown Airport to St. Louis Lambert,St. Louis Downtown Airport,St. Louis Lambert International Airport,38.5703611,-90.1550833,38.7486982,-90.3700257,2026-01-12,January 12th - Monday,w_0154,0.2,0.4,0.2,0.2,44,"[2179, 2180, 2174, 2199, 2203, 2206, 2449, 2345, 2370, 2373, 2398, 2709, 2711, 2714, 2750, 2744, 2770, 2772, 2777, 3989, 3988, 3992, 3994, 4019, 4020, 4023, 4055, 4059, 4063, 4077, 4082, 4084, 5080, 5084, 5310, 5311, 5337, 5320, 5322, 5323, 5346, 5357, 5358, 5364]",0.02804549998836592,success,,36.57207281055306,40.24993121641444,16.402941041735232,23.43756424675925,37.400000000000006,26.77867550932883
stl_st_louis_downtown_airport_to_st_louis_lambert_2026-01-12_0155,st_louis_downtown_airport_to_st_louis_lambert,St. Louis Downtown Airport to St. Louis Lambert,St. Louis Downtown Airport,St. Louis Lambert International Airport,38.5703611,-90.1550833,38.7486982,-90.3700257,2026-01-12,January 12th - Monday,w_0155,0.2,0.4,0.3,0.1,44,"[2179, 2180, 2174, 2199, 2203, 2206, 2449, 2345, 2370, 2373, 2398, 2709, 2711, 2714, 2750, 2744, 2770, 2772, 2777, 3989, 3988, 3992, 3994, 4019, 4020, 4023, 4055, 4059, 4063, 4077, 4082, 4084, 5080, 5084, 5310, 5311, 5337, 5320, 5322, 5323, 5346, 5357, 5358, 5364]",0.026115500018931925,success,,36.57207281055306,40.24993121641444,16.402941041735232,23.43756424675925,37.400000000000006,25.382431934004757
stl_st_louis_downtown_airport_to_st_louis_lambert_2026-01-12_0156,st_louis_downtown_airport_to_st_louis_lambert,St. Louis Downtown Airport to St. Louis Lambert,St. Louis Downtown Airport,St. Louis Lambert International Airport,38.5703611,-90.1550833,38.7486982,-90.3700257,2026-01-12,January 12th - Monday,w_0156,0.2,0.4,0.4,0.0,47,"[2179, 2147, 2157, 2170, 2175, 2201, 2313, 2316, 2342, 2347, 2366, 2389, 2392, 2396, 2720, 2721, 2726, 2740, 2678, 2680, 2679, 2676, 2700, 2701, 2704, 3999, 4002, 4027, 4030, 4034, 4059, 4063, 4077, 4082, 4084, 5080, 5084, 5310, 5311, 5337, 5320, 5322, 5323, 5346, 5357, 5358, 5364]",0.021287099982146174,success,,37.695132275288756,41.48593078476573,16.438822135448255,22.276113042148218,40.400000000000006,23.783160227991736
stl_st_louis_downtown_airport_to_st_louis_lambert_2026-01-12_0157,st_louis_downtown_airport_to_st_louis_lambert,St. Louis Downtown Airport to St. Louis Lambert,St. Louis Downtown Airport,St. Louis Lambert International Airport,38.5703611,-90.1550833,38.7486982,-90.3700257,2026-01-12,January 12th - Monday,w_0157,0.2,0.5,0.0,0.3,54,"[2179, 2180, 2183, 2186, 2419, 2423, 2448, 2452, 2454, 2457, 2481, 2485, 2808, 2811, 2812, 2816, 2858, 2863, 2864, 2795, 2796, 3899, 3902, 3914, 3948, 3947, 3952, 3940, 3977, 3976, 3941, 4043, 4066, 4067, 4068, 4185, 4187, 4188, 4076, 4075, 4082, 4084, 5080, 5084, 5310, 5311, 5337, 5320, 5322, 5323, 5346, 5357, 5358, 5364]",0.03310749999945983,success,,41.922986936307204,46.13895825139281,9.018797265828733,40.88441455747947,44.20000000000002,26.997190283192932
stl_st_louis_downtown_airport_to_st_louis_lambert_2026-01-12_0158,st_louis_downtown_airport_to_st_louis_lambert,St. Louis Downtown Airport to St. Louis Lambert,St. Louis Downtown Airport,St. Louis Lambert International Airport,38.5703611,-90.1550833,38.7486982,-90.3700257,2026-01-12,January 12th - Monday,w_0158,0.2,0.5,0.1,0.2,44,"[2179, 2180, 2174, 2199, 2203, 2206, 2449, 2345, 2370, 2373, 2398, 2709, 2711, 2714, 2750, 2744, 2770, 2772, 2777, 3989, 3988, 3992, 3994, 4019, 4020, 4023, 4055, 4059, 4063, 4077, 4082, 4084, 5080, 5084, 5310, 5311, 5337, 5320, 5322, 5323, 5346, 5357, 5358, 5364]",0.028697900008410215,success,,36.57207281055306,40.24993121641444,16.402941041735232,23.43756424675925,37.400000000000006,26.075213188826428
stl_st_louis_downtown_airport_to_st_louis_lambert_2026-01-12_0159,st_louis_downtown_airport_to_st_louis_lambert,St. Louis Downtown Airport to St. Louis Lambert,St. Louis Downtown Airport,St. Louis Lambert International Airport,38.5703611,-90.1550833,38.7486982,-90.3700257,2026-01-12,January 12th - Monday,w_0159,0.2,0.5,0.2,0.1,44,"[2179, 2180, 2174, 2199, 2203, 2206, 2449, 2345, 2370, 2373, 2398, 2709, 2711, 2714, 2750, 2744, 2770, 2772, 2777, 3989, 3988, 3992, 3994, 4019, 4020, 4023, 4055, 4059, 4063, 4077, 4082, 4084, 5080, 5084, 5310, 5311, 5337, 5320, 5322, 5323, 5346, 5357, 5358, 5364]",0.024772100005066022,success,,36.57207281055306,40.24993121641444,16.402941041735232,23.43756424675925,37.400000000000006,24.678969613502357
stl_st_louis_downtown_airport_to_st_louis_lambert_2026-01-12_0160,st_louis_downtown_airport_to_st_louis_lambert,St. Louis Downtown Airport to St. Louis Lambert,St. Louis Downtown Airport,St. Louis Lambert International Airport,38.5703611,-90.1550833,38.7486982,-90.3700257,2026-01-12,January 12th - Monday,w_0160,0.2,0.5,0.3,0.0,47,"[2179, 2147, 2157, 2170, 2175, 2201, 2313, 2316, 2342, 2347, 2366, 2389, 2392, 2396, 2720, 2721, 2726, 2740, 2678, 2680, 2679, 2676, 2700, 2701, 2704, 3999, 4002, 4027, 4030, 4034, 4059, 4063, 4077, 4082, 4084, 5080, 5084, 5310, 5311, 5337, 5320, 5322, 5323, 5346, 5357, 5358, 5364]",0.021870900003705174,success,,37.695132275288756,41.48593078476573,16.438822135448255,22.276113042148218,40.400000000000006,23.19943113732174
stl_st_louis_downtown_airport_to_st_louis_lambert_2026-01-12_0161,st_louis_downtown_airport_to_st_louis_lambert,St. Louis Downtown Airport to St. Louis Lambert,St. Louis Downtown Airport,St. Louis Lambert International Airport,38.5703611,-90.1550833,38.7486982,-90.3700257,2026-01-12,January 12th - Monday,w_0161,0.2,0.6,0.0,0.2,55,"[2179, 2180, 2183, 2186, 2419, 2423, 2448, 2452, 2455, 2478, 2482, 2483, 2487, 2811, 2812, 2816, 2858, 2863, 2864, 2889, 3896, 3898, 3901, 3927, 3946, 3949, 3953, 3966, 3944, 3977, 3976, 3941, 4043, 4066, 4067, 4068, 4185, 4187, 4188, 4076, 4075, 4082, 4084, 5080, 5084, 5310, 5311, 5337, 5320, 5322, 5323, 5346, 5357, 5358, 5364]",0.025496399990515783,success,,41.77074742931658,45.971408828735385,8.67777235752909,41.35893898884012,45.20000000000002,23.440945180264535
stl_st_louis_downtown_airport_to_st_louis_lambert_2026-01-12_0162,st_louis_downtown_airport_to_st_louis_lambert,St. Louis Downtown Airport to St. Louis Lambert,St. Louis Downtown Airport,St. Louis Lambert International Airport,38.5703611,-90.1550833,38.7486982,-90.3700257,2026-01-12,January 12th - Monday,w_0162,0.2,0.6,0.1,0.1,54,"[2179, 2180, 2183, 2186, 2419, 2425, 2427, 2453, 2456, 2479, 2480, 2484, 2486, 2809, 2813, 2817, 2858, 2862, 2864, 2795, 2796, 3899, 3902, 3914, 3948, 3950, 3966, 3944, 3977, 3976, 3941, 4043, 4066, 4067, 4068, 4185, 4187, 4188, 4076, 4075, 4082, 4084, 5080, 5084, 5310, 5311, 5337, 5320, 5322, 5323, 5346, 5357, 5358, 5364]",0.02415740001015365,success,,41.39551894523517,45.55844561626036,9.018797265828733,39.9359635634908,44.60000000000002,22.976563839098397
stl_st_louis_downtown_airport_to_st_louis_lambert_2026-01-12_0163,st_louis_downtown_airport_to_st_louis_lambert,St. Louis Downtown Airport to St. Louis Lambert,St. Louis Downtown Airport,St. Louis Lambert International Airport,38.5703611,-90.1550833,38.7486982,-90.3700257,2026-01-12,January 12th - Monday,w_0163,0.2,0.6,0.2,0.0,54,"[2179, 2180, 2174, 2199, 2203, 2206, 2449, 2451, 2455, 2478, 2480, 2484, 2486, 2809, 2813, 2817, 2858, 2862, 2864, 2795, 2796, 3899, 3902, 3914, 3948, 3950, 3966, 3944, 3977, 3976, 3941, 4043, 4066, 4067, 4068, 4185, 4187, 4188, 4076, 4075, 4082, 4084, 5080, 5084, 5310, 5311, 5337, 5320, 5322, 5323, 5346, 5357, 5358, 5364]",0.02232910000020638,success,,42.45066273626711,46.719699593645196,9.169930691461065,38.29982203439886,44.60000000000002,22.50586274048545
stl_st_louis_downtown_airport_to_st_louis_lambert_2026-01-12_0164,st_louis_downtown_airport_to_st_louis_lambert,St. Louis Downtown Airport to St. Louis Lambert,St. Louis Downtown Airport,St. Louis Lambert International Airport,38.5703611,-90.1550833,38.7486982,-90.3700257,2026-01-12,January 12th - Monday,w_0164,0.2,0.7,0.0,0.1,55,"[2179, 2180, 2183, 2186, 2419, 2423, 2448, 2452, 2455, 2478, 2482, 2483, 2487, 2811, 2812, 2816, 2858, 2863, 2864, 2889, 3896, 3898, 3901, 3927, 3946, 3949, 3953, 3966, 3944, 3977, 3976, 3941, 4043, 4066, 4067, 4068, 4185, 4187, 4188, 4076, 4075, 4082, 4084, 5080, 5084, 5310, 5311, 5337, 5320, 5322, 5323, 5346, 5357, 5358, 5364]",0.019824700022581965,success,,41.77074742931658,45.971408828735385,8.67777235752909,41.35893898884012,45.20000000000002,19.788722416017443
stl_st_louis_downtown_airport_to_st_louis_lambert_2026-01-12_0165,st_louis_downtown_airport_to_st_louis_lambert,St. Louis Downtown Airport to St. Louis Lambert,St. Louis Downtown Airport,St. Louis Lambert International Airport,38.5703611,-90.1550833,38.7486982,-90.3700257,2026-01-12,January 12th - Monday,w_0165,0.2,0.7,0.1,0.0,55,"[2179, 2180, 2183, 2186, 2419, 2425, 2427, 2453, 2456, 2479, 2480, 2484, 2486, 2809, 2813, 2817, 2858, 2862, 2864, 2889, 3896, 3898, 3901, 3927, 3946, 3949, 3953, 3966, 3944, 3977, 3976, 3941, 4043, 4066, 4067, 4068, 4185, 4187, 4188, 4076, 4075, 4082, 4084, 5080, 5084, 5310, 5311, 5337, 5320, 5322, 5323, 5346, 5357, 5358, 5364]",0.018665899988263845,success,,41.77090840586574,45.97158599383796,8.67777235752909,40.81374116682602,45.20000000000002,19.350131965720557
stl_st_louis_downtown_airport_to_st_louis_lambert_2026-01-12_0166,st_louis_downtown_airport_to_st_louis_lambert,St. Louis Downtown Airport to St. Louis Lambert,St. Louis Downtown Airport,St. Louis Lambert International Airport,38.5703611,-90.1550833,38.7486982,-90.3700257,2026-01-12,January 12th - Monday,w_0166,0.2,0.8,0.0,0.0,55,"[2179, 2180, 2183, 2186, 2419, 2423, 2448, 2452, 2455, 2478, 2482, 2483, 2487, 2811, 2812, 2816, 2858, 2863, 2864, 2889, 3896, 3898, 3901, 3927, 3946, 3949, 3953, 3966, 3944, 3977, 3976, 3941, 4043, 4066, 4067, 4068, 4185, 4187, 4188, 4076, 4075, 4082, 4084, 5080, 5084, 5310, 5311, 5337, 5320, 5322, 5323, 5346, 5357, 5358, 5364]",0.01479819999076426,success,,41.77074742931658,45.971408828735385,8.67777235752909,41.35893898884012,45.20000000000002,16.13649965177035
stl_st_louis_downtown_airport_to_st_louis_lambert_2026-01-12_0167,st_louis_downtown_airport_to_st_louis_lambert,St. Louis Downtown Airport to St. Louis Lambert,St. Louis Downtown Airport,St. Louis Lambert International Airport,38.5703611,-90.1550833,38.7486982,-90.3700257,2026-01-12,January 12th - Monday,w_0167,0.25,0.25,0.25,0.25,40,"[2179, 2180, 2174, 2199, 2203, 2207, 2341, 2344, 2368, 2374, 2394, 2397, 2712, 2716, 2739, 2746, 2769, 2773, 3985, 3988, 3992, 3994, 4019, 4020, 4023, 4055, 4059, 4063, 4064, 5048, 5052, 5076, 5082, 5299, 5304, 5319, 5321, 5357, 5358, 5364]",0.022020500007783994,success,,35.0695243590648,38.596279476875054,23.651108783135093,17.839922019494136,33.8,28.47182756987607
stl_st_louis_downtown_airport_to_st_louis_lambert_2026-01-12_0168,st_louis_downtown_airport_to_st_louis_lambert,St. Louis Downtown Airport to St. Louis Lambert,St. Louis Downtown Airport,St. Louis Lambert International Airport,38.5703611,-90.1550833,38.7486982,-90.3700257,2026-01-12,January 12th - Monday,w_0168,0.3,0.0,0.0,0.7,40,"[2179, 2147, 2172, 2176, 2200, 2204, 2317, 2340, 2346, 2371, 2391, 2395, 2708, 2713, 2738, 2741, 2745, 2747, 2684, 2687, 3987, 3990, 4016, 4017, 4022, 4029, 4034, 4060, 4064, 5048, 5052, 5076, 5082, 5299, 5304, 5319, 5321, 5357, 5358, 5364]",0.030269700015196577,success,,35.06847425714207,38.5951237717998,26.02381511715049,20.11965029009705,33.400000000000006,34.95853713153994
stl_st_louis_downtown_airport_to_st_louis_lambert_2026-01-12_0169,st_louis_downtown_airport_to_st_louis_lambert,St. Louis Downtown Airport to St. Louis Lambert,St. Louis Downtown Airport,St. Louis Lambert International Airport,38.5703611,-90.1550833,38.7486982,-90.3700257,2026-01-12,January 12th - Monday,w_0169,0.3,0.0,0.1,0.6,40,"[2179, 2180, 2174, 2199, 2203, 2207, 2341, 2344, 2368, 2374, 2394, 2397, 2712, 2716, 2739, 2746, 2769, 2773, 3985, 3988, 3992, 3990, 4016, 4017, 4022, 4029, 4034, 4060, 4064, 5048, 5052, 5076, 5082, 5299, 5304, 5319, 5321, 5357, 5358, 5364]",0.026211499993223697,success,,35.06925127294606,38.59597892794111,25.05959051055676,17.839922019494136,33.400000000000006,33.40278588033175
stl_st_louis_downtown_airport_to_st_louis_lambert_2026-01-12_0170,st_louis_downtown_airport_to_st_louis_lambert,St. Louis Downtown Airport to St. Louis Lambert,St. Louis Downtown Airport,St. Louis Lambert International Airport,38.5703611,-90.1550833,38.7486982,-90.3700257,2026-01-12,January 12th - Monday,w_0170,0.3,0.0,0.2,0.5,40,"[2179, 2180, 2174, 2199, 2203, 2207, 2341, 2344, 2368, 2374, 2394, 2397, 2712, 2716, 2739, 2746, 2769, 2773, 3985, 3988, 3992, 3990, 4016, 4017, 4022, 4029, 4034, 4060, 4064, 5048, 5052, 5076, 5082, 5299, 5304, 5319, 5321, 5357, 5358, 5364]",0.022308100014925003,success,,35.06925127294606,38.59597892794111,25.05959051055676,17.839922019494136,33.400000000000006,31.846778082281162
stl_st_louis_downtown_airport_to_st_louis_lambert_2026-01-12_0171,st_louis_downtown_airport_to_st_louis_lambert,St. Louis Downtown Airport to St. Louis Lambert,St. Louis Downtown Airport,St. Louis Lambert International Airport,38.5703611,-90.1550833,38.7486982,-90.3700257,2026-01-12,January 12th - Monday,w_0171,0.3,0.0,0.3,0.4,40,"[2179, 2180, 2174, 2199, 2203, 2207, 2341, 2344, 2368, 2374, 2394, 2397, 2712, 2716, 2739, 2746, 2769, 2773, 3985, 3988, 3992, 3990, 4016, 4017, 4022, 4029, 4034, 4060, 4064, 5048, 5052, 5076, 5082, 5299, 5304, 5319, 5321, 5357, 5358, 5364]",0.018187500012572855,success,,35.06925127294606,38.59597892794111,25.05959051055676,17.839922019494136,33.400000000000006,30.290770284230575
stl_st_louis_downtown_airport_to_st_louis_lambert_2026-01-12_0172,st_louis_downtown_airport_to_st_louis_lambert,St. Louis Downtown Airport to St. Louis Lambert,St. Louis Downtown Airport,St. Louis Lambert International Airport,38.5703611,-90.1550833,38.7486982,-90.3700257,2026-01-12,January 12th - Monday,w_0172,0.3,0.0,0.4,0.3,40,"[2179, 2180, 2174, 2199, 2203, 2207, 2341, 2344, 2368, 2374, 2394, 2397, 2712, 2716, 2739, 2746, 2769, 2773, 3985, 3988, 3992, 3990, 4016, 4017, 4022, 4029, 4034, 4060, 4064, 5048, 5052, 5076, 5082, 5299, 5304, 5319, 5321, 5357, 5358, 5364]",0.015810899989446625,success,,35.06925127294606,38.59597892794111,25.05959051055676,17.839922019494136,33.400000000000006,28.73476248617999
stl_st_louis_downtown_airport_to_st_louis_lambert_2026-01-12_0173,st_louis_downtown_airport_to_st_louis_lambert,St. Louis Downtown Airport to St. Louis Lambert,St. Louis Downtown Airport,St. Louis Lambert International Airport,38.5703611,-90.1550833,38.7486982,-90.3700257,2026-01-12,January 12th - Monday,w_0173,0.3,0.0,0.5,0.2,41,"[2179, 2147, 2157, 2170, 2175, 2201, 2313, 2316, 2342, 2347, 2366, 2389, 2392, 2396, 2724, 2727, 2742, 2743, 2681, 2682, 2685, 3986, 2706, 4015, 4017, 4022, 4029, 4034, 4060, 4064, 5048, 5052, 5076, 5082, 5299, 5304, 5319, 5321, 5357, 5358, 5364]",0.013096800015773624,success,,35.442843120650096,39.00714091624279,26.327607483472868,16.78312655842246,34.400000000000006,26.97370555408407
stl_st_louis_downtown_airport_to_st_louis_lambert_2026-01-12_0174,st_louis_downtown_airport_to_st_louis_lambert,St. Louis Downtown Airport to St. Louis Lambert,St. Louis Downtown Airport,St. Louis Lambert International Airport,38.5703611,-90.1550833,38.7486982,-90.3700257,2026-01-12,January 12th - Monday,w_0174,0.3,0.0,0.6,0.1,42,"[2179, 2147, 2157, 2170, 2175, 2201, 2313, 2316, 2342, 2347, 2366, 2389, 2392, 2396, 2724, 2721, 2726, 2740, 2678, 2680, 2682, 2685, 3986, 2706, 4015, 4017, 4022, 4029, 4034, 4060, 4064, 5048, 5052, 5076, 5082, 5299, 5304, 5319, 5321, 5357, 5358, 5364]",0.011275600001681596,success,,35.817747454429586,39.419747380347985,26.64764489159439,16.366481713769105,35.00000000000001,25.145813242365858
stl_st_louis_downtown_airport_to_st_louis_lambert_2026-01-12_0175,st_louis_downtown_airport_to_st_louis_lambert,St. Louis Downtown Airport to St. Louis Lambert,St. Louis Downtown Airport,St. Louis Lambert International Airport,38.5703611,-90.1550833,38.7486982,-90.3700257,2026-01-12,January 12th - Monday,w_0175,0.3,0.0,0.7,0.0,44,"[2179, 2147, 2157, 2170, 2175, 2201, 2313, 2316, 2342, 2347, 2366, 2389, 2392, 2396, 2724, 2721, 2726, 2740, 2678, 2680, 2682, 2685, 3986, 2706, 2705, 2707, 4004, 4027, 4032, 4056, 5030, 5033, 5049, 5054, 5071, 5295, 5299, 5304, 5315, 5317, 5321, 5357, 5358, 5364]",0.009476099978201091,success,,36.56811270663066,40.245572865950905,27.037251837768576,15.898010159571575,37.00000000000001,23.202278971485374
stl_st_louis_downtown_airport_to_st_louis_lambert_2026-01-12_0176,st_louis_downtown_airport_to_st_louis_lambert,St. Louis Downtown Airport to St. Louis Lambert,St. Louis Downtown Airport,St. Louis Lambert International Airport,38.5703611,-90.1550833,38.7486982,-90.3700257,2026-01-12,January 12th - Monday,w_0176,0.3,0.1,0.0,0.6,40,"[2179, 2180, 2174, 2199, 2203, 2207, 2341, 2344, 2368, 2374, 2394, 2397, 2712, 2716, 2739, 2746, 2769, 2773, 3985, 3988, 3992, 3994, 4019, 4017, 4022, 4029, 4034, 4060, 4064, 5048, 5052, 5076, 5082, 5299, 5304, 5319, 5321, 5357, 5358, 5364]",0.02881750001688488,success,,35.06932923764436,38.59606473313351,24.787572976016946,17.839922019494136,33.400000000000006,34.09757671754175
stl_st_louis_downtown_airport_to_st_louis_lambert_2026-01-12_0177,st_louis_downtown_airport_to_st_louis_lambert,St. Louis Downtown Airport to St. Louis Lambert,St. Louis Downtown Airport,St. Louis Lambert International Airport,38.5703611,-90.1550833,38.7486982,-90.3700257,2026-01-12,January 12th - Monday,w_0177,0.3,0.1,0.1,0.5,40,"[2179, 2180, 2174, 2199, 2203, 2207, 2341, 2344, 2368, 2374, 2394, 2397, 2712, 2716, 2739, 2746, 2769, 2773, 3985, 3988, 3992, 3994, 4019, 4017, 4022, 4029, 4034, 4060, 4064, 5048, 5052, 5076, 5082, 5299, 5304, 5319, 5321, 5357, 5358, 5364]",0.02455329999793321,success,,35.06932923764436,38.59606473313351,24.787572976016946,17.839922019494136,33.400000000000006,32.54156891949116
stl_st_louis_downtown_airport_to_st_louis_lambert_2026-01-12_0178,st_louis_downtown_airport_to_st_louis_lambert,St. Louis Downtown Airport to St. Louis Lambert,St. Louis Downtown Airport,St. Louis Lambert International Airport,38.5703611,-90.1550833,38.7486982,-90.3700257,2026-01-12,January 12th - Monday,w_0178,0.3,0.1,0.2,0.4,40,"[2179, 2180, 2174, 2199, 2203, 2207, 2341, 2344, 2368, 2374, 2394, 2397, 2712, 2716, 2739, 2746, 2769, 2773, 3985, 3988, 3992, 3994, 4019, 4017, 4022, 4029, 4034, 4060, 4064, 5048, 5052, 5076, 5082, 5299, 5304, 5319, 5321, 5357, 5358, 5364]",0.02085939998505637,success,,35.06932923764436,38.59606473313351,24.787572976016946,17.839922019494136,33.400000000000006,30.985561121440576
stl_st_louis_downtown_airport_to_st_louis_lambert_2026-01-12_0179,st_louis_downtown_airport_to_st_louis_lambert,St. Louis Downtown Airport to St. Louis Lambert,St. Louis Downtown Airport,St. Louis Lambert International Airport,38.5703611,-90.1550833,38.7486982,-90.3700257,2026-01-12,January 12th - Monday,w_0179,0.3,0.1,0.3,0.3,40,"[2179, 2180, 2174, 2199, 2203, 2207, 2341, 2344, 2368, 2374, 2394, 2397, 2712, 2716, 2739, 2746, 2769, 2773, 3985, 3988, 3992, 3994, 4019, 4017, 4022, 4029, 4034, 4060, 4064, 5048, 5052, 5076, 5082, 5299, 5304, 5319, 5321, 5357, 5358, 5364]",0.01736150000942871,success,,35.06932923764436,38.59606473313351,24.787572976016946,17.839922019494136,33.400000000000006,29.42955332338999
stl_st_louis_downtown_airport_to_st_louis_lambert_2026-01-12_0180,st_louis_downtown_airport_to_st_louis_lambert,St. Louis Downtown Airport to St. Louis Lambert,St. Louis Downtown Airport,St. Louis Lambert International Airport,38.5703611,-90.1550833,38.7486982,-90.3700257,2026-01-12,January 12th - Monday,w_0180,0.3,0.1,0.4,0.2,40,"[2179, 2180, 2174, 2199, 2203, 2207, 2341, 2344, 2368, 2374, 2394, 2397, 2712, 2716, 2739, 2746, 2769, 2773, 3985, 3988, 3992, 3994, 4019, 4020, 4023, 4055, 4059, 4063, 4064, 5048, 5052, 5076, 5082, 5299, 5304, 5319, 5321, 5357, 5358, 5364]",0.014419099985389039,success,,35.0695243590648,38.596279476875054,23.651108783135093,17.839922019494136,33.8,27.83996352917368
stl_st_louis_downtown_airport_to_st_louis_lambert_2026-01-12_0181,st_louis_downtown_airport_to_st_louis_lambert,St. Louis Downtown Airport to St. Louis Lambert,St. Louis Downtown Airport,St. Louis Lambert International Airport,38.5703611,-90.1550833,38.7486982,-90.3700257,2026-01-12,January 12th - Monday,w_0181,0.3,0.1,0.5,0.1,41,"[2179, 2147, 2157, 2170, 2175, 2201, 2313, 2316, 2342, 2347, 2366, 2389, 2392, 2396, 2724, 2727, 2742, 2743, 2681, 2682, 2685, 3986, 2706, 4015, 4018, 4025, 4030, 4034, 4060, 4064, 5048, 5052, 5076, 5082, 5299, 5304, 5319, 5321, 5357, 5358, 5364]",0.012713100004475564,success,,35.4428023380249,39.00709603232638,25.62300990996051,16.78312655842246,34.800000000000004,26.135993079905194
stl_st_louis_downtown_airport_to_st_louis_lambert_2026-01-12_0182,st_louis_downtown_airport_to_st_louis_lambert,St. Louis Downtown Airport to St. Louis Lambert,St. Louis Downtown Airport,St. Louis Lambert International Airport,38.5703611,-90.1550833,38.7486982,-90.3700257,2026-01-12,January 12th - Monday,w_0182,0.3,0.1,0.6,0.0,43,"[2179, 2147, 2157, 2170, 2175, 2201, 2313, 2316, 2342, 2347, 2366, 2389, 2392, 2396, 2720, 2721, 2726, 2740, 2678, 2680, 2682, 2685, 3986, 2706, 2705, 2707, 4004, 4027, 4032, 4056, 5030, 5033, 5049, 5054, 5078, 5295, 5300, 5315, 5317, 5321, 5357, 5358, 5364]",0.011177700012922287,success,,36.19257017168355,39.83226402018875,25.74240899456289,16.157353501725584,36.00000000000001,24.218332206548265
stl_st_louis_downtown_airport_to_st_louis_lambert_2026-01-12_0183,st_louis_downtown_airport_to_st_louis_lambert,St. Louis Downtown Airport to St. Louis Lambert,St. Louis Downtown Airport,St. Louis Lambert International Airport,38.5703611,-90.1550833,38.7486982,-90.3700257,2026-01-12,January 12th - Monday,w_0183,0.3,0.2,0.0,0.5,40,"[2179, 2180, 2174, 2199, 2203, 2207, 2341, 2344, 2368, 2374, 2394, 2397, 2712, 2716, 2739, 2746, 2769, 2773, 3985, 3988, 3992, 3994, 4019, 4020, 4023, 4055, 4059, 4063, 4078, 5051, 5075, 5079, 5306, 5303, 5318, 5323, 5346, 5357, 5358, 5364]",0.02644060002057813,success,,35.06987633323177,38.59666684720769,23.21199613097869,19.031491728664538,33.8,33.12139928035805
stl_st_louis_downtown_airport_to_st_louis_lambert_2026-01-12_0184,st_louis_downtown_airport_to_st_louis_lambert,St. Louis Downtown Airport to St. Louis Lambert,St. Louis Downtown Airport,St. Louis Lambert International Airport,38.5703611,-90.1550833,38.7486982,-90.3700257,2026-01-12,January 12th - Monday,w_0184,0.3,0.2,0.1,0.4,40,"[2179, 2180, 2174, 2199, 2203, 2207, 2341, 2344, 2368, 2374, 2394, 2397, 2712, 2716, 2739, 2746, 2769, 2773, 3985, 3988, 3992, 3994, 4019, 4020, 4023, 4055, 4059, 4063, 4064, 5048, 5052, 5076, 5082, 5299, 5304, 5319, 5321, 5357, 5358, 5364]",0.02327770000556484,success,,35.0695243590648,38.596279476875054,23.651108783135093,17.839922019494136,33.8,31.613097801638947
stl_st_louis_downtown_airport_to_st_louis_lambert_2026-01-12_0185,st_louis_downtown_airport_to_st_louis_lambert,St. Louis Downtown Airport to St. Louis Lambert,St. Louis Downtown Airport,St. Louis Lambert International Airport,38.5703611,-90.1550833,38.7486982,-90.3700257,2026-01-12,January 12th - Monday,w_0185,0.3,0.2,0.2,0.3,40,"[2179, 2180, 2174, 2199, 2203, 2207, 2341, 2344, 2368, 2374, 2394, 2397, 2712, 2716, 2739, 2746, 2769, 2773, 3985, 3988, 3992, 3994, 4019, 4020, 4023, 4055, 4059, 4063, 4064, 5048, 5052, 5076, 5082, 5299, 5304, 5319, 5321, 5357, 5358, 5364]",0.019147199986036867,success,,35.0695243590648,38.596279476875054,23.651108783135093,17.839922019494136,33.8,30.017090003588358
stl_st_louis_downtown_airport_to_st_louis_lambert_2026-01-12_0186,st_louis_downtown_airport_to_st_louis_lambert,St. Louis Downtown Airport to St. Louis Lambert,St. Louis Downtown Airport,St. Louis Lambert International Airport,38.5703611,-90.1550833,38.7486982,-90.3700257,2026-01-12,January 12th - Monday,w_0186,0.3,0.2,0.3,0.2,40,"[2179, 2180, 2174, 2199, 2203, 2207, 2341, 2344, 2368, 2374, 2394, 2397, 2712, 2716, 2739, 2746, 2769, 2773, 3985, 3988, 3992, 3994, 4019, 4020, 4023, 4055, 4059, 4063, 4064, 5048, 5052, 5076, 5082, 5299, 5304, 5319, 5321, 5357, 5358, 5364]",0.016443600005004555,success,,35.0695243590648,38.596279476875054,23.651108783135093,17.839922019494136,33.8,28.421082205537772
stl_st_louis_downtown_airport_to_st_louis_lambert_2026-01-12_0187,st_louis_downtown_airport_to_st_louis_lambert,St. Louis Downtown Airport to St. Louis Lambert,St. Louis Downtown Airport,St. Louis Lambert International Airport,38.5703611,-90.1550833,38.7486982,-90.3700257,2026-01-12,January 12th - Monday,w_0187,0.3,0.2,0.4,0.1,40,"[2179, 2180, 2174, 2199, 2203, 2207, 2341, 2344, 2368, 2374, 2394, 2397, 2712, 2716, 2739, 2746, 2769, 2773, 3985, 3988, 3992, 3994, 4019, 4020, 4023, 4055, 4059, 4063, 4064, 5048, 5052, 5076, 5082, 5299, 5304, 5319, 5321, 5357, 5358, 5364]",0.014335699990624562,success,,35.0695243590648,38.596279476875054,23.651108783135093,17.839922019494136,33.8,26.82507440748719
stl_st_louis_downtown_airport_to_st_louis_lambert_2026-01-12_0188,st_louis_downtown_airport_to_st_louis_lambert,St. Louis Downtown Airport to St. Louis Lambert,St. Louis Downtown Airport,St. Louis Lambert International Airport,38.5703611,-90.1550833,38.7486982,-90.3700257,2026-01-12,January 12th - Monday,w_0188,0.3,0.2,0.5,0.0,43,"[2179, 2147, 2157, 2170, 2175, 2201, 2313, 2316, 2342, 2347, 2366, 2389, 2392, 2396, 2720, 2721, 2726, 2740, 2678, 2680, 2682, 2685, 3986, 2706, 4015, 4018, 4025, 4030, 4034, 4059, 4063, 4064, 5048, 5052, 5076, 5082, 5299, 5304, 5319, 5321, 5357, 5358, 5364]",0.011942499986616895,success,,36.19303044087033,39.83277057619408,25.053443645405096,16.372100155959416,36.400000000000006,25.14656997991895
stl_st_louis_downtown_airport_to_st_louis_lambert_2026-01-12_0189,st_louis_downtown_airport_to_st_louis_lambert,St. Louis Downtown Airport to St. Louis Lambert,St. Louis Downtown Airport,St. Louis Lambert International Airport,38.5703611,-90.1550833,38.7486982,-90.3700257,2026-01-12,January 12th - Monday,w_0189,0.3,0.3,0.0,0.4,43,"[2179, 2180, 2174, 2199, 2203, 2207, 2341, 2345, 2370, 2373, 2398, 2709, 2711, 2714, 2750, 2744, 2770, 2772, 2777, 3989, 3993, 4006, 4008, 4021, 4045, 4047, 4058, 4062, 4077, 4082, 4084, 5080, 5084, 5310, 5311, 5337, 5320, 5322, 5323, 5346, 5357, 5358, 5364]",0.02593239999259822,success,,36.197024617572914,39.83716642595565,17.31210242086407,23.983742516081602,36.400000000000006,31.70478065404592
stl_st_louis_downtown_airport_to_st_louis_lambert_2026-01-12_0190,st_louis_downtown_airport_to_st_louis_lambert,St. Louis Downtown Airport to St. Louis Lambert,St. Louis Downtown Airport,St. Louis Lambert International Airport,38.5703611,-90.1550833,38.7486982,-90.3700257,2026-01-12,January 12th - Monday,w_0190,0.3,0.3,0.1,0.3,43,"[2179, 2180, 2174, 2199, 2203, 2206, 2449, 2345, 2370, 2373, 2398, 2709, 2711, 2714, 2750, 2744, 2770, 2772, 2777, 3989, 3993, 4006, 4008, 4021, 4045, 4047, 4058, 4062, 4077, 4082, 4084, 5080, 5084, 5310, 5311, 5337, 5320, 5322, 5323, 5346, 5357, 5358, 5364]",0.02101189998211339,success,,36.197051437601615,39.837195943131675,17.31210242086407,23.35796935384401,36.400000000000006,30.400586444583126
stl_st_louis_downtown_airport_to_st_louis_lambert_2026-01-12_0191,st_louis_downtown_airport_to_st_louis_lambert,St. Louis Downtown Airport to St. Louis Lambert,St. Louis Downtown Airport,St. Louis Lambert International Airport,38.5703611,-90.1550833,38.7486982,-90.3700257,2026-01-12,January 12th - Monday,w_0191,0.3,0.3,0.2,0.2,40,"[2179, 2180, 2174, 2199, 2203, 2207, 2341, 2344, 2368, 2374, 2394, 2397, 2712, 2716, 2739, 2746, 2769, 2773, 3985, 3988, 3992, 3994, 4019, 4020, 4023, 4055, 4059, 4063, 4064, 5048, 5052, 5076, 5082, 5299, 5304, 5319, 5321, 5357, 5358, 5364]",0.018531000008806586,success,,35.0695243590648,38.596279476875054,23.651108783135093,17.839922019494136,33.8,29.00220088190187
stl_st_louis_downtown_airport_to_st_louis_lambert_2026-01-12_0192,st_louis_downtown_airport_to_st_louis_lambert,St. Louis Downtown Airport to St. Louis Lambert,St. Louis Downtown Airport,St. Louis Lambert International Airport,38.5703611,-90.1550833,38.7486982,-90.3700257,2026-01-12,January 12th - Monday,w_0192,0.3,0.3,0.3,0.1,40,"[2179, 2180, 2174, 2199, 2203, 2207, 2341, 2344, 2368, 2374, 2394, 2397, 2712, 2716, 2739, 2746, 2769, 2773, 3985, 3988, 3992, 3994, 4019, 4020, 4023, 4055, 4059, 4063, 4064, 5048, 5052, 5076, 5082, 5299, 5304, 5319, 5321, 5357, 5358, 5364]",0.01589629999944009,success,,35.0695243590648,38.596279476875054,23.651108783135093,17.839922019494136,33.8,27.40619308385128
stl_st_louis_downtown_airport_to_st_louis_lambert_2026-01-12_0193,st_louis_downtown_airport_to_st_louis_lambert,St. Louis Downtown Airport to St. Louis Lambert,St. Louis Downtown Airport,St. Louis Lambert International Airport,38.5703611,-90.1550833,38.7486982,-90.3700257,2026-01-12,January 12th - Monday,w_0193,0.3,0.3,0.4,0.0,43,"[2179, 2147, 2157, 2170, 2175, 2201, 2313, 2316, 2342, 2347, 2366, 2389, 2392, 2396, 2720, 2721, 2726, 2740, 2678, 2680, 2683, 2686, 2703, 2705, 2707, 4004, 4027, 4030, 4034, 4059, 4063, 4064, 5048, 5052, 5076, 5082, 5299, 5304, 5319, 5321, 5357, 5358, 5364]",0.01357879998977296,success,,36.1929354403576,39.832666021986206,22.78428600684611,17.46657477379619,36.400000000000006,25.771715518168172
stl_st_louis_downtown_airport_to_st_louis_lambert_2026-01-12_0194,st_louis_downtown_airport_to_st_louis_lambert,St. Louis Downtown Airport to St. Louis Lambert,St. Louis Downtown Airport,St. Louis Lambert International Airport,38.5703611,-90.1550833,38.7486982,-90.3700257,2026-01-12,January 12th - Monday,w_0194,0.3,0.4,0.0,0.3,43,"[2179, 2180, 2174, 2199, 2203, 2207, 2341, 2345, 2370, 2373, 2398, 2709, 2711, 2714, 2750, 2744, 2770, 2772, 2777, 3989, 3993, 4006, 4008, 4021, 4045, 4047, 4058, 4062, 4077, 4082, 4084, 5080, 5084, 5310, 5311, 5337, 5320, 5322, 5323, 5346, 5357, 5358, 5364]",0.023056000005453825,success,,36.197024617572914,39.83716642595565,17.31210242086407,23.983742516081602,36.400000000000006,29.795990896132324
stl_st_louis_downtown_airport_to_st_louis_lambert_2026-01-12_0195,st_louis_downtown_airport_to_st_louis_lambert,St. Louis Downtown Airport to St. Louis Lambert,St. Louis Downtown Airport,St. Louis Lambert International Airport,38.5703611,-90.1550833,38.7486982,-90.3700257,2026-01-12,January 12th - Monday,w_0195,0.3,0.4,0.1,0.2,44,"[2179, 2180, 2174, 2199, 2203, 2206, 2449, 2345, 2370, 2373, 2398, 2709, 2711, 2714, 2750, 2744, 2770, 2772, 2777, 3989, 3988, 3992, 3994, 4019, 4020, 4023, 4055, 4059, 4063, 4077, 4082, 4084, 5080, 5084, 5310, 5311, 5337, 5320, 5322, 5323, 5346, 5357, 5358, 5364]",0.019079699995927513,success,,36.57207281055306,40.24993121641444,16.402941041735232,23.43756424675925,37.400000000000006,28.459912206294348
stl_st_louis_downtown_airport_to_st_louis_lambert_2026-01-12_0196,st_louis_downtown_airport_to_st_louis_lambert,St. Louis Downtown Airport to St. Louis Lambert,St. Louis Downtown Airport,St. Louis Lambert International Airport,38.5703611,-90.1550833,38.7486982,-90.3700257,2026-01-12,January 12th - Monday,w_0196,0.3,0.4,0.2,0.1,44,"[2179, 2180, 2174, 2199, 2203, 2206, 2449, 2345, 2370, 2373, 2398, 2709, 2711, 2714, 2750, 2744, 2770, 2772, 2777, 3989, 3988, 3992, 3994, 4019, 4020, 4023, 4055, 4059, 4063, 4077, 4082, 4084, 5080, 5084, 5310, 5311, 5337, 5320, 5322, 5323, 5346, 5357, 5358, 5364]",0.016535500006284565,success,,36.57207281055306,40.24993121641444,16.402941041735232,23.43756424675925,37.400000000000006,27.063668630970277
stl_st_louis_downtown_airport_to_st_louis_lambert_2026-01-12_0197,st_louis_downtown_airport_to_st_louis_lambert,St. Louis Downtown Airport to St. Louis Lambert,St. Louis Downtown Airport,St. Louis Lambert International Airport,38.5703611,-90.1550833,38.7486982,-90.3700257,2026-01-12,January 12th - Monday,w_0197,0.3,0.4,0.3,0.0,44,"[2179, 2180, 2174, 2199, 2203, 2206, 2449, 2345, 2370, 2373, 2398, 2709, 2711, 2714, 2750, 2744, 2770, 2772, 2777, 3989, 3988, 3992, 3994, 4019, 4020, 4023, 4055, 4059, 4063, 4077, 4082, 4084, 5080, 5084, 5310, 5311, 5337, 5320, 5322, 5323, 5346, 5357, 5358, 5364]",0.01488259999314323,success,,36.57207281055306,40.24993121641444,16.402941041735232,23.43756424675925,37.400000000000006,25.6674250556462
stl_st_louis_downtown_airport_to_st_louis_lambert_2026-01-12_0198,st_louis_downtown_airport_to_st_louis_lambert,St. Louis Downtown Airport to St. Louis Lambert,St. Louis Downtown Airport,St. Louis Lambert International Airport,38.5703611,-90.1550833,38.7486982,-90.3700257,2026-01-12,January 12th - Monday,w_0198,0.3,0.5,0.0,0.2,54,"[2179, 2180, 2183, 2186, 2419, 2423, 2448, 2452, 2455, 2478, 2482, 2483, 2487, 2811, 2812, 2816, 2858, 2863, 2864, 2795, 2796, 3899, 3902, 3914, 3948, 3947, 3952, 3940, 3977, 3976, 3941, 4043, 4066, 4067, 4068, 4185, 4187, 4188, 4076, 4075, 4082, 4084, 5080, 5084, 5310, 5311, 5337, 5320, 5322, 5323, 5346, 5357, 5358, 5364]",0.019069400004809722,success,,41.395240995826775,45.55813971496164,9.018797265828733,41.01401872985949,44.60000000000002,27.096840547402863
stl_st_louis_downtown_airport_to_st_louis_lambert_2026-01-12_0199,st_louis_downtown_airport_to_st_louis_lambert,St. Louis Downtown Airport to St. Louis Lambert,St. Louis Downtown Airport,St. Louis Lambert International Airport,38.5703611,-90.1550833,38.7486982,-90.3700257,2026-01-12,January 12th - Monday,w_0199,0.3,0.5,0.1,0.1,44,"[2179, 2180, 2174, 2199, 2203, 2206, 2449, 2345, 2370, 2373, 2398, 2709, 2711, 2714, 2750, 2744, 2770, 2772, 2777, 3989, 3988, 3992, 3994, 4019, 4020, 4023, 4055, 4059, 4063, 4077, 4082, 4084, 5080, 5084, 5310, 5311, 5337, 5320, 5322, 5323, 5346, 5357, 5358, 5364]",0.017600799998035654,success,,36.57207281055306,40.24993121641444,16.402941041735232,23.43756424675925,37.400000000000006,26.360206310467873
stl_st_louis_downtown_airport_to_st_louis_lambert_2026-01-12_0200,st_louis_downtown_airport_to_st_louis_lambert,St. Louis Downtown Airport to St. Louis Lambert,St. Louis Downtown Airport,St. Louis Lambert International Airport,38.5703611,-90.1550833,38.7486982,-90.3700257,2026-01-12,January 12th - Monday,w_0200,0.3,0.5,0.2,0.0,44,"[2179, 2180, 2174, 2199, 2203, 2206, 2449, 2345, 2370, 2373, 2398, 2709, 2711, 2714, 2750, 2744, 2770, 2772, 2777, 3989, 3988, 3992, 3994, 4019, 4020, 4023, 4055, 4059, 4063, 4077, 4082, 4084, 5080, 5084, 5310, 5311, 5337, 5320, 5322, 5323, 5346, 5357, 5358, 5364]",0.015911499998765066,success,,36.57207281055306,40.24993121641444,16.402941041735232,23.43756424675925,37.400000000000006,24.9639627351438
stl_st_louis_downtown_airport_to_st_louis_lambert_2026-01-12_0201,st_louis_downtown_airport_to_st_louis_lambert,St. Louis Downtown Airport to St. Louis Lambert,St. Louis Downtown Airport,St. Louis Lambert International Airport,38.5703611,-90.1550833,38.7486982,-90.3700257,2026-01-12,January 12th - Monday,w_0201,0.3,0.6,0.0,0.1,55,"[2179, 2180, 2183, 2186, 2419, 2423, 2448, 2452, 2455, 2478, 2482, 2483, 2487, 2811, 2812, 2816, 2858, 2863, 2864, 2889, 3896, 3898, 3901, 3927, 3946, 3949, 3953, 3966, 3944, 3977, 3976, 3941, 4043, 4066, 4067, 4068, 4185, 4187, 4188, 4076, 4075, 4082, 4084, 5080, 5084, 5310, 5311, 5337, 5320, 5322, 5323, 5346, 5357, 5358, 5364]",0.013925399980507791,success,,41.77074742931658,45.971408828735385,8.67777235752909,41.35893898884012,45.20000000000002,23.51808606313807
stl_st_louis_downtown_airport_to_st_louis_lambert_2026-01-12_0202,st_louis_downtown_airport_to_st_louis_lambert,St. Louis Downtown Airport to St. Louis Lambert,St. Louis Downtown Airport,St. Louis Lambert International Airport,38.5703611,-90.1550833,38.7486982,-90.3700257,2026-01-12,January 12th - Monday,w_0202,0.3,0.6,0.1,0.0,54,"[2179, 2180, 2183, 2186, 2419, 2425, 2427, 2453, 2456, 2479, 2480, 2484, 2486, 2809, 2813, 2817, 2858, 2862, 2864, 2795, 2796, 3899, 3902, 3914, 3948, 3950, 3966, 3944, 3977, 3976, 3941, 4043, 4066, 4067, 4068, 4185, 4187, 4188, 4076, 4075, 4082, 4084, 5080, 5084, 5310, 5311, 5337, 5320, 5322, 5323, 5346, 5357, 5358, 5364]",0.013346099993214011,success,,41.39551894523517,45.55844561626036,9.018797265828733,39.9359635634908,44.60000000000002,23.072408400724427
stl_st_louis_downtown_airport_to_st_louis_lambert_2026-01-12_0203,st_louis_downtown_airport_to_st_louis_lambert,St. Louis Downtown Airport to St. Louis Lambert,St. Louis Downtown Airport,St. Louis Lambert International Airport,38.5703611,-90.1550833,38.7486982,-90.3700257,2026-01-12,January 12th - Monday,w_0203,0.3,0.7,0.0,0.0,55,"[2179, 2180, 2183, 2186, 2419, 2423, 2448, 2452, 2455, 2478, 2482, 2483, 2487, 2811, 2812, 2816, 2858, 2863, 2864, 2889, 3896, 3898, 3901, 3927, 3946, 3949, 3953, 3966, 3944, 3977, 3976, 3941, 4043, 4066, 4067, 4068, 4185, 4187, 4188, 4076, 4075, 4082, 4084, 5080, 5084, 5310, 5311, 5337, 5320, 5322, 5323, 5346, 5357, 5358, 5364]",0.010828400001628324,success,,41.77074742931658,45.971408828735385,8.67777235752909,41.35893898884012,45.20000000000002,19.86586329889098
stl_st_louis_downtown_airport_to_st_louis_lambert_2026-01-12_0204,st_louis_downtown_airport_to_st_louis_lambert,St. Louis Downtown Airport to St. Louis Lambert,St. Louis Downtown Airport,St. Louis Lambert International Airport,38.5703611,-90.1550833,38.7486982,-90.3700257,2026-01-12,January 12th - Monday,w_0204,0.4,0.0,0.0,0.6,40,"[2179, 2147, 2172, 2176, 2200, 2204, 2317, 2340, 2346, 2371, 2391, 2395, 2708, 2713, 2738, 2741, 2745, 2747, 2684, 2687, 3987, 3990, 4016, 4017, 4022, 4029, 4034, 4060, 4064, 5048, 5052, 5076, 5082, 5299, 5304, 5319, 5321, 5357, 5358, 5364]",0.01830679998965934,success,,35.06847425714207,38.5951237717998,26.02381511715049,20.11965029009705,33.400000000000006,35.47804950871992
stl_st_louis_downtown_airport_to_st_louis_lambert_2026-01-12_0205,st_louis_downtown_airport_to_st_louis_lambert,St. Louis Downtown Airport to St. Louis Lambert,St. Louis Downtown Airport,St. Louis Lambert International Airport,38.5703611,-90.1550833,38.7486982,-90.3700257,2026-01-12,January 12th - Monday,w_0205,0.4,0.0,0.1,0.5,40,"[2179, 2180, 2174, 2199, 2203, 2207, 2341, 2344, 2368, 2374, 2394, 2397, 2712, 2716, 2739, 2746, 2769, 2773, 3985, 3988, 3992, 3990, 4016, 4017, 4022, 4029, 4034, 4060, 4064, 5048, 5052, 5076, 5082, 5299, 5304, 5319, 5321, 5357, 5358, 5364]",0.014541000011377037,success,,35.06925127294606,38.59597892794111,25.05959051055676,17.839922019494136,33.400000000000006,33.92238377312586
stl_st_louis_downtown_airport_to_st_louis_lambert_2026-01-12_0206,st_louis_downtown_airport_to_st_louis_lambert,St. Louis Downtown Airport to St. Louis Lambert,St. Louis Downtown Airport,St. Louis Lambert International Airport,38.5703611,-90.1550833,38.7486982,-90.3700257,2026-01-12,January 12th - Monday,w_0206,0.4,0.0,0.2,0.4,40,"[2179, 2180, 2174, 2199, 2203, 2207, 2341, 2344, 2368, 2374, 2394, 2397, 2712, 2716, 2739, 2746, 2769, 2773, 3985, 3988, 3992, 3990, 4016, 4017, 4022, 4029, 4034, 4060, 4064, 5048, 5052, 5076, 5082, 5299, 5304, 5319, 5321, 5357, 5358, 5364]",0.01287080001202412,success,,35.06925127294606,38.59597892794111,25.05959051055676,17.839922019494136,33.400000000000006,32.36637597507527
stl_st_louis_downtown_airport_to_st_louis_lambert_2026-01-12_0207,st_louis_downtown_airport_to_st_louis_lambert,St. Louis Downtown Airport to St. Louis Lambert,St. Louis Downtown Airport,St. Louis Lambert International Airport,38.5703611,-90.1550833,38.7486982,-90.3700257,2026-01-12,January 12th - Monday,w_0207,0.4,0.0,0.3,0.3,40,"[2179, 2180, 2174, 2199, 2203, 2207, 2341, 2344, 2368, 2374, 2394, 2397, 2712, 2716, 2739, 2746, 2769, 2773, 3985, 3988, 3992, 3990, 4016, 4017, 4022, 4029, 4034, 4060, 4064, 5048, 5052, 5076, 5082, 5299, 5304, 5319, 5321, 5357, 5358, 5364]",0.01077279998571612,success,,35.06925127294606,38.59597892794111,25.05959051055676,17.839922019494136,33.400000000000006,30.810368177024685
stl_st_louis_downtown_airport_to_st_louis_lambert_2026-01-12_0208,st_louis_downtown_airport_to_st_louis_lambert,St. Louis Downtown Airport to St. Louis Lambert,St. Louis Downtown Airport,St. Louis Lambert International Airport,38.5703611,-90.1550833,38.7486982,-90.3700257,2026-01-12,January 12th - Monday,w_0208,0.4,0.0,0.4,0.2,41,"[2179, 2147, 2157, 2170, 2175, 2201, 2313, 2316, 2342, 2347, 2366, 2389, 2392, 2396, 2724, 2727, 2742, 2743, 2681, 2682, 2685, 3986, 2706, 4015, 4017, 4022, 4029, 4034, 4060, 4064, 5048, 5052, 5076, 5082, 5299, 5304, 5319, 5321, 5357, 5358, 5364]",0.010241200012387708,success,,35.442843120650096,39.00714091624279,26.327607483472868,16.78312655842246,34.400000000000006,29.196106989866102
stl_st_louis_downtown_airport_to_st_louis_lambert_2026-01-12_0209,st_louis_downtown_airport_to_st_louis_lambert,St. Louis Downtown Airport to St. Louis Lambert,St. Louis Downtown Airport,St. Louis Lambert International Airport,38.5703611,-90.1550833,38.7486982,-90.3700257,2026-01-12,January 12th - Monday,w_0209,0.4,0.0,0.5,0.1,41,"[2179, 2147, 2157, 2170, 2175, 2201, 2313, 2316, 2342, 2347, 2366, 2389, 2392, 2396, 2724, 2727, 2742, 2743, 2681, 2682, 2685, 3986, 2706, 4015, 4017, 4022, 4029, 4034, 4060, 4064, 5048, 5052, 5076, 5082, 5299, 5304, 5319, 5321, 5357, 5358, 5364]",0.00821979998727329,success,,35.442843120650096,39.00714091624279,26.327607483472868,16.78312655842246,34.400000000000006,27.43441964570835
stl_st_louis_downtown_airport_to_st_louis_lambert_2026-01-12_0210,st_louis_downtown_airport_to_st_louis_lambert,St. Louis Downtown Airport to St. Louis Lambert,St. Louis Downtown Airport,St. Louis Lambert International Airport,38.5703611,-90.1550833,38.7486982,-90.3700257,2026-01-12,January 12th - Monday,w_0210,0.4,0.0,0.6,0.0,42,"[2179, 2147, 2157, 2170, 2175, 2201, 2313, 2316, 2342, 2347, 2366, 2389, 2392, 2396, 2724, 2721, 2726, 2740, 2678, 2680, 2682, 2685, 3986, 2706, 4015, 4018, 4025, 4030, 4033, 4057, 5034, 5048, 5052, 5076, 5082, 5299, 5304, 5319, 5321, 5357, 5358, 5364]",0.007417500019073486,success,,35.8176658010044,39.41965751547312,26.851885859104875,16.366481713769105,35.400000000000006,25.58775203445071
stl_st_louis_downtown_airport_to_st_louis_lambert_2026-01-12_0211,st_louis_downtown_airport_to_st_louis_lambert,St. Louis Downtown Airport to St. Louis Lambert,St. Louis Downtown Airport,St. Louis Lambert International Airport,38.5703611,-90.1550833,38.7486982,-90.3700257,2026-01-12,January 12th - Monday,w_0211,0.4,0.1,0.0,0.5,40,"[2179, 2180, 2174, 2199, 2203, 2207, 2341, 2344, 2368, 2374, 2394, 2397, 2712, 2716, 2739, 2746, 2769, 2773, 3985, 3988, 3992, 3994, 4019, 4017, 4022, 4029, 4034, 4060, 4064, 5048, 5052, 5076, 5082, 5299, 5304, 5319, 5321, 5357, 5358, 5364]",0.017852500022854656,success,,35.06932923764436,38.59606473313351,24.787572976016946,17.839922019494136,33.400000000000006,34.6171831908551
stl_st_louis_downtown_airport_to_st_louis_lambert_2026-01-12_0212,st_louis_downtown_airport_to_st_louis_lambert,St. Louis Downtown Airport to St. Louis Lambert,St. Louis Downtown Airport,St. Louis Lambert International Airport,38.5703611,-90.1550833,38.7486982,-90.3700257,2026-01-12,January 12th - Monday,w_0212,0.4,0.1,0.1,0.4,40,"[2179, 2180, 2174, 2199, 2203, 2207, 2341, 2344, 2368, 2374, 2394, 2397, 2712, 2716, 2739, 2746, 2769, 2773, 3985, 3988, 3992, 3994, 4019, 4017, 4022, 4029, 4034, 4060, 4064, 5048, 5052, 5076, 5082, 5299, 5304, 5319, 5321, 5357, 5358, 5364]",0.014208000007783994,success,,35.06932923764436,38.59606473313351,24.787572976016946,17.839922019494136,33.400000000000006,33.061175392804515
stl_st_louis_downtown_airport_to_st_louis_lambert_2026-01-12_0213,st_louis_downtown_airport_to_st_louis_lambert,St. Louis Downtown Airport to St. Louis Lambert,St. Louis Downtown Airport,St. Louis Lambert International Airport,38.5703611,-90.1550833,38.7486982,-90.3700257,2026-01-12,January 12th - Monday,w_0213,0.4,0.1,0.2,0.3,40,"[2179, 2180, 2174, 2199, 2203, 2207, 2341, 2344, 2368, 2374, 2394, 2397, 2712, 2716, 2739, 2746, 2769, 2773, 3985, 3988, 3992, 3994, 4019, 4017, 4022, 4029, 4034, 4060, 4064, 5048, 5052, 5076, 5082, 5299, 5304, 5319, 5321, 5357, 5358, 5364]",0.012015000014798716,success,,35.06932923764436,38.59606473313351,24.787572976016946,17.839922019494136,33.400000000000006,31.505167594753928
stl_st_louis_downtown_airport_to_st_louis_lambert_2026-01-12_0214,st_louis_downtown_airport_to_st_louis_lambert,St. Louis Downtown Airport to St. Louis Lambert,St. Louis Downtown Airport,St. Louis Lambert International Airport,38.5703611,-90.1550833,38.7486982,-90.3700257,2026-01-12,January 12th - Monday,w_0214,0.4,0.1,0.3,0.2,40,"[2179, 2180, 2174, 2199, 2203, 2207, 2341, 2344, 2368, 2374, 2394, 2397, 2712, 2716, 2739, 2746, 2769, 2773, 3985, 3988, 3992, 3994, 4019, 4020, 4023, 4055, 4059, 4063, 4064, 5048, 5052, 5076, 5082, 5299, 5304, 5319, 5321, 5357, 5358, 5364]",0.011038900003768504,success,,35.0695243590648,38.596279476875054,23.651108783135093,17.839922019494136,33.8,29.91559927491177
stl_st_louis_downtown_airport_to_st_louis_lambert_2026-01-12_0215,st_louis_downtown_airport_to_st_louis_lambert,St. Louis Downtown Airport to St. Louis Lambert,St. Louis Downtown Airport,St. Louis Lambert International Airport,38.5703611,-90.1550833,38.7486982,-90.3700257,2026-01-12,January 12th - Monday,w_0215,0.4,0.1,0.4,0.1,40,"[2179, 2180, 2174, 2199, 2203, 2207, 2341, 2344, 2368, 2374, 2394, 2397, 2712, 2716, 2739, 2746, 2769, 2773, 3985, 3988, 3992, 3994, 4019, 4020, 4023, 4055, 4059, 4063, 4064, 5048, 5052, 5076, 5082, 5299, 5304, 5319, 5321, 5357, 5358, 5364]",0.009218299994245172,success,,35.0695243590648,38.596279476875054,23.651108783135093,17.839922019494136,33.8,28.319591476861188
stl_st_louis_downtown_airport_to_st_louis_lambert_2026-01-12_0216,st_louis_downtown_airport_to_st_louis_lambert,St. Louis Downtown Airport to St. Louis Lambert,St. Louis Downtown Airport,St. Louis Lambert International Airport,38.5703611,-90.1550833,38.7486982,-90.3700257,2026-01-12,January 12th - Monday,w_0216,0.4,0.1,0.5,0.0,42,"[2179, 2147, 2157, 2170, 2175, 2201, 2313, 2316, 2342, 2347, 2366, 2389, 2392, 2396, 2720, 2721, 2726, 2740, 2678, 2680, 2682, 2685, 3986, 2706, 4015, 4018, 4025, 4030, 4034, 4060, 4064, 5048, 5052, 5076, 5082, 5299, 5304, 5319, 5321, 5357, 5358, 5364]",0.007998999994015321,success,,35.817667796605,39.419659711760616,25.871120727450773,16.372100155959416,35.400000000000006,26.541026035429034
stl_st_louis_downtown_airport_to_st_louis_lambert_2026-01-12_0217,st_louis_downtown_airport_to_st_louis_lambert,St. Louis Downtown Airport to St. Louis Lambert,St. Louis Downtown Airport,St. Louis Lambert International Airport,38.5703611,-90.1550833,38.7486982,-90.3700257,2026-01-12,January 12th - Monday,w_0217,0.4,0.2,0.0,0.4,40,"[2179, 2180, 2174, 2199, 2203, 2207, 2341, 2344, 2368, 2374, 2394, 2397, 2712, 2716, 2739, 2746, 2769, 2773, 3985, 3988, 3992, 3994, 4019, 4020, 4023, 4055, 4059, 4063, 4078, 5051, 5075, 5079, 5306, 5303, 5318, 5323, 5346, 5357, 5358, 5364]",0.016788500011898577,success,,35.06987633323177,38.59666684720769,23.21199613097869,19.031491728664538,33.8,33.60106596507882
stl_st_louis_downtown_airport_to_st_louis_lambert_2026-01-12_0218,st_louis_downtown_airport_to_st_louis_lambert,St. Louis Downtown Airport to St. Louis Lambert,St. Louis Downtown Airport,St. Louis Lambert International Airport,38.5703611,-90.1550833,38.7486982,-90.3700257,2026-01-12,January 12th - Monday,w_0218,0.4,0.2,0.1,0.3,40,"[2179, 2180, 2174, 2199, 2203, 2207, 2341, 2344, 2368, 2374, 2394, 2397, 2712, 2716, 2739, 2746, 2769, 2773, 3985, 3988, 3992, 3994, 4019, 4020, 4023, 4055, 4059, 4063, 4064, 5048, 5052, 5076, 5082, 5299, 5304, 5319, 5321, 5357, 5358, 5364]",0.014594399981433526,success,,35.0695243590648,38.596279476875054,23.651108783135093,17.839922019494136,33.8,32.092725749326455
stl_st_louis_downtown_airport_to_st_louis_lambert_2026-01-12_0219,st_louis_downtown_airport_to_st_louis_lambert,St. Louis Downtown Airport to St. Louis Lambert,St. Louis Downtown Airport,St. Louis Lambert International Airport,38.5703611,-90.1550833,38.7486982,-90.3700257,2026-01-12,January 12th - Monday,w_0219,0.4,0.2,0.2,0.2,40,"[2179, 2180, 2174, 2199, 2203, 2207, 2341, 2344, 2368, 2374, 2394, 2397, 2712, 2716, 2739, 2746, 2769, 2773, 3985, 3988, 3992, 3994, 4019, 4020, 4023, 4055, 4059, 4063, 4064, 5048, 5052, 5076, 5082, 5299, 5304, 5319, 5321, 5357, 5358, 5364]",0.012280499999178573,success,,35.0695243590648,38.596279476875054,23.651108783135093,17.839922019494136,33.8,30.49671795127587
stl_st_louis_downtown_airport_to_st_louis_lambert_2026-01-12_0220,st_louis_downtown_airport_to_st_louis_lambert,St. Louis Downtown Airport to St. Louis Lambert,St. Louis Downtown Airport,St. Louis Lambert International Airport,38.5703611,-90.1550833,38.7486982,-90.3700257,2026-01-12,January 12th - Monday,w_0220,0.4,0.2,0.3,0.1,40,"[2179, 2180, 2174, 2199, 2203, 2207, 2341, 2344, 2368, 2374, 2394, 2397, 2712, 2716, 2739, 2746, 2769, 2773, 3985, 3988, 3992, 3994, 4019, 4020, 4023, 4055, 4059, 4063, 4064, 5048, 5052, 5076, 5082, 5299, 5304, 5319, 5321, 5357, 5358, 5364]",0.010294399980921298,success,,35.0695243590648,38.596279476875054,23.651108783135093,17.839922019494136,33.8,28.90071015322528
stl_st_louis_downtown_airport_to_st_louis_lambert_2026-01-12_0221,st_louis_downtown_airport_to_st_louis_lambert,St. Louis Downtown Airport to St. Louis Lambert,St. Louis Downtown Airport,St. Louis Lambert International Airport,38.5703611,-90.1550833,38.7486982,-90.3700257,2026-01-12,January 12th - Monday,w_0221,0.4,0.2,0.4,0.0,40,"[2179, 2180, 2174, 2199, 2203, 2207, 2341, 2344, 2368, 2374, 2394, 2397, 2712, 2716, 2739, 2746, 2769, 2773, 3985, 3988, 3992, 3994, 4019, 4020, 4023, 4055, 4059, 4063, 4064, 5048, 5052, 5076, 5082, 5299, 5304, 5319, 5321, 5357, 5358, 5364]",0.009071599983144552,success,,35.0695243590648,38.596279476875054,23.651108783135093,17.839922019494136,33.8,27.304702355174697
stl_st_louis_downtown_airport_to_st_louis_lambert_2026-01-12_0222,st_louis_downtown_airport_to_st_louis_lambert,St. Louis Downtown Airport to St. Louis Lambert,St. Louis Downtown Airport,St. Louis Lambert International Airport,38.5703611,-90.1550833,38.7486982,-90.3700257,2026-01-12,January 12th - Monday,w_0222,0.4,0.3,0.0,0.3,43,"[2179, 2180, 2174, 2199, 2203, 2207, 2341, 2345, 2370, 2373, 2398, 2709, 2711, 2714, 2750, 2744, 2770, 2772, 2777, 3989, 3993, 4006, 4008, 4021, 4045, 4047, 4058, 4062, 4077, 4082, 4084, 5080, 5084, 5310, 5311, 5337, 5320, 5322, 5323, 5346, 5357, 5358, 5364]",0.01565159999881871,success,,36.197024617572914,39.83716642595565,17.31210242086407,23.983742516081602,36.400000000000006,32.048497296641486
stl_st_louis_downtown_airport_to_st_louis_lambert_2026-01-12_0223,st_louis_downtown_airport_to_st_louis_lambert,St. Louis Downtown Airport to St. Louis Lambert,St. Louis Downtown Airport,St. Louis Lambert International Airport,38.5703611,-90.1550833,38.7486982,-90.3700257,2026-01-12,January 12th - Monday,w_0223,0.4,0.3,0.1,0.2,43,"[2179, 2180, 2174, 2199, 2203, 2206, 2449, 2345, 2370, 2373, 2398, 2709, 2711, 2714, 2750, 2744, 2770, 2772, 2777, 3989, 3993, 4006, 4008, 4021, 4045, 4047, 4058, 4062, 4077, 4082, 4084, 5080, 5084, 5310, 5311, 5337, 5320, 5322, 5323, 5346, 5357, 5358, 5364]",0.013302000006660819,success,,36.197051437601615,39.837195943131675,17.31210242086407,23.35796935384401,36.400000000000006,30.744306038896294
stl_st_louis_downtown_airport_to_st_louis_lambert_2026-01-12_0224,st_louis_downtown_airport_to_st_louis_lambert,St. Louis Downtown Airport to St. Louis Lambert,St. Louis Downtown Airport,St. Louis Lambert International Airport,38.5703611,-90.1550833,38.7486982,-90.3700257,2026-01-12,January 12th - Monday,w_0224,0.4,0.3,0.2,0.1,43,"[2179, 2180, 2174, 2199, 2203, 2207, 2341, 2344, 2368, 2374, 2394, 2397, 2712, 2716, 2739, 2746, 2769, 2773, 3985, 3988, 3992, 3994, 4019, 4020, 4023, 4055, 4059, 4063, 4077, 4082, 4084, 5080, 5084, 5310, 5311, 5337, 5320, 5322, 5323, 5346, 5357, 5358, 5364]",0.011582000006455928,success,,36.19674065010991,39.83685390139865,17.60643817812448,22.583119046772033,36.8,29.41329682335121
stl_st_louis_downtown_airport_to_st_louis_lambert_2026-01-12_0225,st_louis_downtown_airport_to_st_louis_lambert,St. Louis Downtown Airport to St. Louis Lambert,St. Louis Downtown Airport,St. Louis Lambert International Airport,38.5703611,-90.1550833,38.7486982,-90.3700257,2026-01-12,January 12th - Monday,w_0225,0.4,0.3,0.3,0.0,40,"[2179, 2180, 2174, 2199, 2203, 2207, 2341, 2344, 2368, 2374, 2394, 2397, 2712, 2716, 2739, 2746, 2769, 2773, 3985, 3988, 3992, 3994, 4019, 4020, 4023, 4055, 4059, 4063, 4064, 5048, 5052, 5076, 5082, 5299, 5304, 5319, 5321, 5357, 5358, 5364]",0.01048970001284033,success,,35.0695243590648,38.596279476875054,23.651108783135093,17.839922019494136,33.8,27.88582103153879
stl_st_louis_downtown_airport_to_st_louis_lambert_2026-01-12_0226,st_louis_downtown_airport_to_st_louis_lambert,St. Louis Downtown Airport to St. Louis Lambert,St. Louis Downtown Airport,St. Louis Lambert International Airport,38.5703611,-90.1550833,38.7486982,-90.3700257,2026-01-12,January 12th - Monday,w_0226,0.4,0.4,0.0,0.2,43,"[2179, 2180, 2174, 2199, 2203, 2207, 2341, 2345, 2370, 2373, 2398, 2709, 2711, 2714, 2750, 2744, 2770, 2772, 2777, 3989, 3993, 4006, 4008, 4021, 4045, 4047, 4058, 4062, 4077, 4082, 4084, 5080, 5084, 5310, 5311, 5337, 5320, 5322, 5323, 5346, 5357, 5358, 5364]",0.014533799985656515,success,,36.197024617572914,39.83716642595565,17.31210242086407,23.983742516081602,36.400000000000006,30.13970753872789
stl_st_louis_downtown_airport_to_st_louis_lambert_2026-01-12_0227,st_louis_downtown_airport_to_st_louis_lambert,St. Louis Downtown Airport to St. Louis Lambert,St. Louis Downtown Airport,St. Louis Lambert International Airport,38.5703611,-90.1550833,38.7486982,-90.3700257,2026-01-12,January 12th - Monday,w_0227,0.4,0.4,0.1,0.1,44,"[2179, 2180, 2174, 2199, 2203, 2206, 2449, 2345, 2370, 2373, 2398, 2709, 2711, 2714, 2750, 2744, 2770, 2772, 2777, 3989, 3988, 3992, 3994, 4019, 4020, 4023, 4055, 4059, 4063, 4077, 4082, 4084, 5080, 5084, 5310, 5311, 5337, 5320, 5322, 5323, 5346, 5357, 5358, 5364]",0.01186319999396801,success,,36.57207281055306,40.24993121641444,16.402941041735232,23.43756424675925,37.400000000000006,28.744905327935793
stl_st_louis_downtown_airport_to_st_louis_lambert_2026-01-12_0228,st_louis_downtown_airport_to_st_louis_lambert,St. Louis Downtown Airport to St. Louis Lambert,St. Louis Downtown Airport,St. Louis Lambert International Airport,38.5703611,-90.1550833,38.7486982,-90.3700257,2026-01-12,January 12th - Monday,w_0228,0.4,0.4,0.2,0.0,44,"[2179, 2180, 2174, 2199, 2203, 2206, 2449, 2345, 2370, 2373, 2398, 2709, 2711, 2714, 2750, 2744, 2770, 2772, 2777, 3989, 3988, 3992, 3994, 4019, 4020, 4023, 4055, 4059, 4063, 4077, 4082, 4084, 5080, 5084, 5310, 5311, 5337, 5320, 5322, 5323, 5346, 5357, 5358, 5364]",0.010230199986835942,success,,36.57207281055306,40.24993121641444,16.402941041735232,23.43756424675925,37.400000000000006,27.34866175261172
stl_st_louis_downtown_airport_to_st_louis_lambert_2026-01-12_0229,st_louis_downtown_airport_to_st_louis_lambert,St. Louis Downtown Airport to St. Louis Lambert,St. Louis Downtown Airport,St. Louis Lambert International Airport,38.5703611,-90.1550833,38.7486982,-90.3700257,2026-01-12,January 12th - Monday,w_0229,0.4,0.5,0.0,0.1,54,"[2179, 2180, 2183, 2186, 2419, 2423, 2448, 2452, 2455, 2478, 2482, 2483, 2487, 2811, 2812, 2816, 2858, 2863, 2864, 2795, 2796, 3899, 3902, 3914, 3948, 3947, 3952, 3940, 3977, 3976, 3941, 4043, 4066, 4067, 4068, 4185, 4187, 4186, 4076, 4075, 4082, 4084, 5080, 5084, 5310, 5311, 5337, 5320, 5322, 5323, 5346, 5357, 5358, 5364]",0.011395799985621125,success,,40.86156395761667,44.97079362191935,9.430295660424155,41.1011914992133,44.60000000000002,27.16346527897982
stl_st_louis_downtown_airport_to_st_louis_lambert_2026-01-12_0230,st_louis_downtown_airport_to_st_louis_lambert,St. Louis Downtown Airport to St. Louis Lambert,St. Louis Downtown Airport,St. Louis Lambert International Airport,38.5703611,-90.1550833,38.7486982,-90.3700257,2026-01-12,January 12th - Monday,w_0230,0.4,0.5,0.1,0.0,44,"[2179, 2180, 2174, 2199, 2203, 2206, 2449, 2345, 2370, 2373, 2398, 2709, 2711, 2714, 2750, 2744, 2770, 2772, 2777, 3989, 3988, 3992, 3994, 4019, 4020, 4023, 4055, 4059, 4063, 4077, 4082, 4084, 5080, 5084, 5310, 5311, 5337, 5320, 5322, 5323, 5346, 5357, 5358, 5364]",0.011273099982645363,success,,36.57207281055306,40.24993121641444,16.402941041735232,23.43756424675925,37.400000000000006,26.645199432109315
stl_st_louis_downtown_airport_to_st_louis_lambert_2026-01-12_0231,st_louis_downtown_airport_to_st_louis_lambert,St. Louis Downtown Airport to St. Louis Lambert,St. Louis Downtown Airport,St. Louis Lambert International Airport,38.5703611,-90.1550833,38.7486982,-90.3700257,2026-01-12,January 12th - Monday,w_0231,0.4,0.6,0.0,0.0,55,"[2179, 2180, 2183, 2186, 2419, 2423, 2448, 2452, 2455, 2478, 2482, 2483, 2487, 2811, 2812, 2816, 2858, 2863, 2864, 2889, 3896, 3898, 3901, 3927, 3946, 3949, 3953, 3966, 3944, 3977, 3976, 3941, 4043, 4066, 4067, 4068, 4185, 4187, 4188, 4076, 4075, 4082, 4084, 5080, 5084, 5310, 5311, 5337, 5320, 5322, 5323, 5346, 5357, 5358, 5364]",0.009124000003794208,success,,41.77074742931658,45.971408828735385,8.67777235752909,41.35893898884012,45.20000000000002,23.595226946011607
stl_st_louis_downtown_airport_to_st_louis_lambert_2026-01-12_0232,st_louis_downtown_airport_to_st_louis_lambert,St. Louis Downtown Airport to St. Louis Lambert,St. Louis Downtown Airport,St. Louis Lambert International Airport,38.5703611,-90.1550833,38.7486982,-90.3700257,2026-01-12,January 12th - Monday,w_0232,0.5,0.0,0.0,0.5,40,"[2179, 2147, 2172, 2176, 2200, 2204, 2317, 2340, 2346, 2371, 2391, 2395, 2708, 2713, 2738, 2741, 2745, 2747, 2684, 2687, 3987, 3990, 4016, 4017, 4022, 4029, 4034, 4060, 4064, 5048, 5052, 5076, 5082, 5299, 5304, 5319, 5321, 5357, 5358, 5364]",0.011828200018499047,success,,35.06847425714207,38.5951237717998,26.02381511715049,20.11965029009705,33.400000000000006,35.9975618858999
stl_st_louis_downtown_airport_to_st_louis_lambert_2026-01-12_0233,st_louis_downtown_airport_to_st_louis_lambert,St. Louis Downtown Airport to St. Louis Lambert,St. Louis Downtown Airport,St. Louis Lambert International Airport,38.5703611,-90.1550833,38.7486982,-90.3700257,2026-01-12,January 12th - Monday,w_0233,0.5,0.0,0.1,0.4,40,"[2179, 2180, 2174, 2199, 2203, 2207, 2341, 2344, 2368, 2374, 2394, 2397, 2712, 2716, 2739, 2746, 2769, 2773, 3985, 3988, 3992, 3990, 4016, 4017, 4022, 4029, 4034, 4060, 4064, 5048, 5052, 5076, 5082, 5299, 5304, 5319, 5321, 5357, 5358, 5364]",0.00936809999984689,success,,35.06925127294606,38.59597892794111,25.05959051055676,17.839922019494136,33.400000000000006,34.44198166591997
stl_st_louis_downtown_airport_to_st_louis_lambert_2026-01-12_0234,st_louis_downtown_airport_to_st_louis_lambert,St. Louis Downtown Airport to St. Louis Lambert,St. Louis Downtown Airport,St. Louis Lambert International Airport,38.5703611,-90.1550833,38.7486982,-90.3700257,2026-01-12,January 12th - Monday,w_0234,0.5,0.0,0.2,0.3,40,"[2179, 2180, 2174, 2199, 2203, 2207, 2341, 2344, 2368, 2374, 2394, 2397, 2712, 2716, 2739, 2746, 2769, 2773, 3985, 3988, 3992, 3990, 4016, 4017, 4022, 4029, 4034, 4060, 4064, 5048, 5052, 5076, 5082, 5299, 5304, 5319, 5321, 5357, 5358, 5364]",0.008826100005535409,success,,35.06925127294606,38.59597892794111,25.05959051055676,17.839922019494136,33.400000000000006,32.88597386786938
stl_st_louis_downtown_airport_to_st_louis_lambert_2026-01-12_0235,st_louis_downtown_airport_to_st_louis_lambert,St. Louis Downtown Airport to St. Louis Lambert,St. Louis Downtown Airport,St. Louis Lambert International Airport,38.5703611,-90.1550833,38.7486982,-90.3700257,2026-01-12,January 12th - Monday,w_0235,0.5,0.0,0.3,0.2,40,"[2179, 2180, 2174, 2199, 2203, 2207, 2341, 2344, 2368, 2374, 2394, 2397, 2712, 2716, 2739, 2746, 2769, 2773, 3985, 3988, 3992, 3990, 4016, 4017, 4022, 4029, 4034, 4060, 4064, 5048, 5052, 5076, 5082, 5299, 5304, 5319, 5321, 5357, 5358, 5364]",0.007661099982215092,success,,35.06925127294606,38.59597892794111,25.05959051055676,17.839922019494136,33.400000000000006,31.329966069818795
stl_st_louis_downtown_airport_to_st_louis_lambert_2026-01-12_0236,st_louis_downtown_airport_to_st_louis_lambert,St. Louis Downtown Airport to St. Louis Lambert,St. Louis Downtown Airport,St. Louis Lambert International Airport,38.5703611,-90.1550833,38.7486982,-90.3700257,2026-01-12,January 12th - Monday,w_0236,0.5,0.0,0.4,0.1,41,"[2179, 2147, 2157, 2170, 2175, 2201, 2313, 2316, 2342, 2347, 2366, 2389, 2392, 2396, 2724, 2727, 2742, 2743, 2681, 2682, 2685, 3986, 2706, 4015, 4017, 4022, 4029, 4034, 4060, 4064, 5048, 5052, 5076, 5082, 5299, 5304, 5319, 5321, 5357, 5358, 5364]",0.0069269000086933374,success,,35.442843120650096,39.00714091624279,26.327607483472868,16.78312655842246,34.400000000000006,29.65682108149038
stl_st_louis_downtown_airport_to_st_louis_lambert_2026-01-12_0237,st_louis_downtown_airport_to_st_louis_lambert,St. Louis Downtown Airport to St. Louis Lambert,St. Louis Downtown Airport,St. Louis Lambert International Airport,38.5703611,-90.1550833,38.7486982,-90.3700257,2026-01-12,January 12th - Monday,w_0237,0.5,0.0,0.5,0.0,42,"[2179, 2147, 2157, 2170, 2175, 2201, 2313, 2316, 2342, 2347, 2366, 2389, 2392, 2396, 2724, 2721, 2726, 2740, 2678, 2680, 2682, 2685, 3986, 2706, 4015, 4018, 4025, 4030, 4033, 4057, 5034, 5048, 5052, 5076, 5082, 5299, 5304, 5319, 5321, 5357, 5358, 5364]",0.0057413000031374395,success,,35.8176658010044,39.41965751547312,26.851885859104875,16.366481713769105,35.400000000000006,27.893069614621112
stl_st_louis_downtown_airport_to_st_louis_lambert_2026-01-12_0238,st_louis_downtown_airport_to_st_louis_lambert,St. Louis Downtown Airport to St. Louis Lambert,St. Louis Downtown Airport,St. Louis Lambert International Airport,38.5703611,-90.1550833,38.7486982,-90.3700257,2026-01-12,January 12th - Monday,w_0238,0.5,0.1,0.0,0.4,40,"[2179, 2180, 2174, 2199, 2203, 2207, 2341, 2344, 2368, 2374, 2394, 2397, 2712, 2716, 2739, 2746, 2769, 2773, 3985, 3988, 3992, 3994, 4019, 4017, 4022, 4029, 4034, 4060, 4064, 5048, 5052, 5076, 5082, 5299, 5304, 5319, 5321, 5357, 5358, 5364]",0.011837099998956546,success,,35.06932923764436,38.59606473313351,24.787572976016946,17.839922019494136,33.400000000000006,35.136789664168454
stl_st_louis_downtown_airport_to_st_louis_lambert_2026-01-12_0239,st_louis_downtown_airport_to_st_louis_lambert,St. Louis Downtown Airport to St. Louis Lambert,St. Louis Downtown Airport,St. Louis Lambert International Airport,38.5703611,-90.1550833,38.7486982,-90.3700257,2026-01-12,January 12th - Monday,w_0239,0.5,0.1,0.1,0.3,40,"[2179, 2180, 2174, 2199, 2203, 2207, 2341, 2344, 2368, 2374, 2394, 2397, 2712, 2716, 2739, 2746, 2769, 2773, 3985, 3988, 3992, 3994, 4019, 4017, 4022, 4029, 4034, 4060, 4064, 5048, 5052, 5076, 5082, 5299, 5304, 5319, 5321, 5357, 5358, 5364]",0.009706899989396334,success,,35.06932923764436,38.59606473313351,24.787572976016946,17.839922019494136,33.400000000000006,33.58078186611787
stl_st_louis_downtown_airport_to_st_louis_lambert_2026-01-12_0240,st_louis_downtown_airport_to_st_louis_lambert,St. Louis Downtown Airport to St. Louis Lambert,St. Louis Downtown Airport,St. Louis Lambert International Airport,38.5703611,-90.1550833,38.7486982,-90.3700257,2026-01-12,January 12th - Monday,w_0240,0.5,0.1,0.2,0.2,40,"[2179, 2180, 2174, 2199, 2203, 2207, 2341, 2344, 2368, 2374, 2394, 2397, 2712, 2716, 2739, 2746, 2769, 2773, 3985, 3988, 3992, 3994, 4019, 4020, 4023, 4055, 4059, 4063, 4064, 5048, 5052, 5076, 5082, 5299, 5304, 5319, 5321, 5357, 5358, 5364]",0.00871490000281483,success,,35.0695243590648,38.596279476875054,23.651108783135093,17.839922019494136,33.8,31.99123502064986
stl_st_louis_downtown_airport_to_st_louis_lambert_2026-01-12_0241,st_louis_downtown_airport_to_st_louis_lambert,St. Louis Downtown Airport to St. Louis Lambert,St. Louis Downtown Airport,St. Louis Lambert International Airport,38.5703611,-90.1550833,38.7486982,-90.3700257,2026-01-12,January 12th - Monday,w_0241,0.5,0.1,0.3,0.1,40,"[2179, 2180, 2174, 2199, 2203, 2207, 2341, 2344, 2368, 2374, 2394, 2397, 2712, 2716, 2739, 2746, 2769, 2773, 3985, 3988, 3992, 3994, 4019, 4020, 4023, 4055, 4059, 4063, 4064, 5048, 5052, 5076, 5082, 5299, 5304, 5319, 5321, 5357, 5358, 5364]",0.007483699999283999,success,,35.0695243590648,38.596279476875054,23.651108783135093,17.839922019494136,33.8,30.395227222599274
stl_st_louis_downtown_airport_to_st_louis_lambert_2026-01-12_0242,st_louis_downtown_airport_to_st_louis_lambert,St. Louis Downtown Airport to St. Louis Lambert,St. Louis Downtown Airport,St. Louis Lambert International Airport,38.5703611,-90.1550833,38.7486982,-90.3700257,2026-01-12,January 12th - Monday,w_0242,0.5,0.1,0.4,0.0,41,"[2179, 2147, 2157, 2170, 2175, 2201, 2313, 2316, 2342, 2347, 2366, 2389, 2392, 2396, 2724, 2727, 2742, 2743, 2681, 2682, 2685, 3986, 2706, 4015, 4018, 4025, 4030, 4034, 4060, 4064, 5048, 5052, 5076, 5082, 5299, 5304, 5319, 5321, 5357, 5358, 5364]",0.0065660999971441925,success,,35.4428023380249,39.00709603232638,25.62300990996051,16.78312655842246,34.800000000000004,28.779099630528226
stl_st_louis_downtown_airport_to_st_louis_lambert_2026-01-12_0243,st_louis_downtown_airport_to_st_louis_lambert,St. Louis Downtown Airport to St. Louis Lambert,St. Louis Downtown Airport,St. Louis Lambert International Airport,38.5703611,-90.1550833,38.7486982,-90.3700257,2026-01-12,January 12th - Monday,w_0243,0.5,0.2,0.0,0.3,41,"[2179, 2180, 2174, 2199, 2203, 2207, 2341, 2345, 2370, 2373, 2398, 2709, 2711, 2714, 2750, 2744, 2770, 2772, 2777, 3989, 3993, 4006, 4008, 4021, 4045, 4047, 4058, 4062, 4077, 4079, 5077, 5081, 5083, 5308, 5316, 5322, 5323, 5346, 5357, 5358, 5364]",0.01121430000057444,success,,35.44580648998812,39.01040229583813,21.248540131475806,21.296163627861183,34.400000000000006,34.07490917421423
stl_st_louis_downtown_airport_to_st_louis_lambert_2026-01-12_0244,st_louis_downtown_airport_to_st_louis_lambert,St. Louis Downtown Airport to St. Louis Lambert,St. Louis Downtown Airport,St. Louis Lambert International Airport,38.5703611,-90.1550833,38.7486982,-90.3700257,2026-01-12,January 12th - Monday,w_0244,0.5,0.2,0.1,0.2,40,"[2179, 2180, 2174, 2199, 2203, 2207, 2341, 2344, 2368, 2374, 2394, 2397, 2712, 2716, 2739, 2746, 2769, 2773, 3985, 3988, 3992, 3994, 4019, 4020, 4023, 4055, 4059, 4063, 4064, 5048, 5052, 5076, 5082, 5299, 5304, 5319, 5321, 5357, 5358, 5364]",0.009411999984877184,success,,35.0695243590648,38.596279476875054,23.651108783135093,17.839922019494136,33.8,32.57235369701396
stl_st_louis_downtown_airport_to_st_louis_lambert_2026-01-12_0245,st_louis_downtown_airport_to_st_louis_lambert,St. Louis Downtown Airport to St. Louis Lambert,St. Louis Downtown Airport,St. Louis Lambert International Airport,38.5703611,-90.1550833,38.7486982,-90.3700257,2026-01-12,January 12th - Monday,w_0245,0.5,0.2,0.2,0.1,40,"[2179, 2180, 2174, 2199, 2203, 2207, 2341, 2344, 2368, 2374, 2394, 2397, 2712, 2716, 2739, 2746, 2769, 2773, 3985, 3988, 3992, 3994, 4019, 4020, 4023, 4055, 4059, 4063, 4064, 5048, 5052, 5076, 5082, 5299, 5304, 5319, 5321, 5357, 5358, 5364]",0.008626299997558817,success,,35.0695243590648,38.596279476875054,23.651108783135093,17.839922019494136,33.8,30.97634589896337
stl_st_louis_downtown_airport_to_st_louis_lambert_2026-01-12_0246,st_louis_downtown_airport_to_st_louis_lambert,St. Louis Downtown Airport to St. Louis Lambert,St. Louis Downtown Airport,St. Louis Lambert International Airport,38.5703611,-90.1550833,38.7486982,-90.3700257,2026-01-12,January 12th - Monday,w_0246,0.5,0.2,0.3,0.0,40,"[2179, 2180, 2174, 2199, 2203, 2207, 2341, 2344, 2368, 2374, 2394, 2397, 2712, 2716, 2739, 2746, 2769, 2773, 3985, 3988, 3992, 3994, 4019, 4020, 4023, 4055, 4059, 4063, 4064, 5048, 5052, 5076, 5082, 5299, 5304, 5319, 5321, 5357, 5358, 5364]",0.0073278000054415315,success,,35.0695243590648,38.596279476875054,23.651108783135093,17.839922019494136,33.8,29.380338100912784
stl_st_louis_downtown_airport_to_st_louis_lambert_2026-01-12_0247,st_louis_downtown_airport_to_st_louis_lambert,St. Louis Downtown Airport to St. Louis Lambert,St. Louis Downtown Airport,St. Louis Lambert International Airport,38.5703611,-90.1550833,38.7486982,-90.3700257,2026-01-12,January 12th - Monday,w_0247,0.5,0.3,0.0,0.2,43,"[2179, 2180, 2174, 2199, 2203, 2207, 2341, 2345, 2370, 2373, 2398, 2709, 2711, 2714, 2750, 2744, 2770, 2772, 2777, 3989, 3993, 4006, 4008, 4021, 4045, 4047, 4058, 4062, 4077, 4082, 4084, 5080, 5084, 5310, 5311, 5337, 5320, 5322, 5323, 5346, 5357, 5358, 5364]",0.010609300021314994,success,,36.197024617572914,39.83716642595565,17.31210242086407,23.983742516081602,36.400000000000006,32.392213939237045
stl_st_louis_downtown_airport_to_st_louis_lambert_2026-01-12_0248,st_louis_downtown_airport_to_st_louis_lambert,St. Louis Downtown Airport to St. Louis Lambert,St. Louis Downtown Airport,St. Louis Lambert International Airport,38.5703611,-90.1550833,38.7486982,-90.3700257,2026-01-12,January 12th - Monday,w_0248,0.5,0.3,0.1,0.1,43,"[2179, 2180, 2174, 2199, 2203, 2206, 2449, 2345, 2370, 2373, 2398, 2709, 2711, 2714, 2750, 2744, 2770, 2772, 2777, 3989, 3993, 4006, 4008, 4021, 4045, 4047, 4058, 4062, 4077, 4082, 4084, 5080, 5084, 5310, 5311, 5337, 5320, 5322, 5323, 5346, 5357, 5358, 5364]",0.009207600000081584,success,,36.197051437601615,39.837195943131675,17.31210242086407,23.35796935384401,36.400000000000006,31.08802563320946
stl_st_louis_downtown_airport_to_st_louis_lambert_2026-01-12_0249,st_louis_downtown_airport_to_st_louis_lambert,St. Louis Downtown Airport to St. Louis Lambert,St. Louis Downtown Airport,St. Louis Lambert International Airport,38.5703611,-90.1550833,38.7486982,-90.3700257,2026-01-12,January 12th - Monday,w_0249,0.5,0.3,0.2,0.0,43,"[2179, 2180, 2174, 2199, 2203, 2207, 2341, 2344, 2368, 2374, 2394, 2397, 2712, 2716, 2739, 2746, 2769, 2773, 3985, 3988, 3992, 3994, 4019, 4020, 4023, 4055, 4059, 4063, 4077, 4082, 4084, 5080, 5084, 5310, 5311, 5337, 5320, 5322, 5323, 5346, 5357, 5358, 5364]",0.00832079999963753,success,,36.19674065010991,39.83685390139865,17.60643817812448,22.583119046772033,36.8,29.716982213491075
stl_st_louis_downtown_airport_to_st_louis_lambert_2026-01-12_0250,st_louis_downtown_airport_to_st_louis_lambert,St. Louis Downtown Airport to St. Louis Lambert,St. Louis Downtown Airport,St. Louis Lambert International Airport,38.5703611,-90.1550833,38.7486982,-90.3700257,2026-01-12,January 12th - Monday,w_0250,0.5,0.4,0.0,0.1,44,"[2179, 2180, 2174, 2199, 2203, 2207, 2341, 2345, 2370, 2373, 2398, 2709, 2711, 2714, 2750, 2744, 2770, 2772, 2777, 3989, 3988, 3992, 3994, 4019, 4020, 4023, 4055, 4059, 4063, 4077, 4082, 4084, 5080, 5084, 5310, 5311, 5337, 5320, 5322, 5323, 5346, 5357, 5358, 5364]",0.009610200009774417,success,,36.57204599052436,40.249901699238414,16.402941041735232,24.063337408996844,37.400000000000006,30.4261272663133
stl_st_louis_downtown_airport_to_st_louis_lambert_2026-01-12_0251,st_louis_downtown_airport_to_st_louis_lambert,St. Louis Downtown Airport to St. Louis Lambert,St. Louis Downtown Airport,St. Louis Lambert International Airport,38.5703611,-90.1550833,38.7486982,-90.3700257,2026-01-12,January 12th - Monday,w_0251,0.5,0.4,0.1,0.0,44,"[2179, 2180, 2174, 2199, 2203, 2206, 2449, 2345, 2370, 2373, 2398, 2709, 2711, 2714, 2750, 2744, 2770, 2772, 2777, 3989, 3988, 3992, 3994, 4019, 4020, 4023, 4055, 4059, 4063, 4077, 4082, 4084, 5080, 5084, 5310, 5311, 5337, 5320, 5322, 5323, 5346, 5357, 5358, 5364]",0.008408499998040497,success,,36.57207281055306,40.24993121641444,16.402941041735232,23.43756424675925,37.400000000000006,29.029898449577235
stl_st_louis_downtown_airport_to_st_louis_lambert_2026-01-12_0252,st_louis_downtown_airport_to_st_louis_lambert,St. Louis Downtown Airport to St. Louis Lambert,St. Louis Downtown Airport,St. Louis Lambert International Airport,38.5703611,-90.1550833,38.7486982,-90.3700257,2026-01-12,January 12th - Monday,w_0252,0.5,0.5,0.0,0.0,54,"[2179, 2180, 2183, 2186, 2419, 2423, 2448, 2452, 2455, 2478, 2482, 2483, 2487, 2811, 2812, 2816, 2858, 2863, 2864, 2795, 2796, 3899, 3902, 3914, 3948, 3947, 3952, 3940, 3977, 3976, 3941, 4043, 4066, 4067, 4068, 4185, 4187, 4186, 4076, 4075, 4082, 4084, 5080, 5084, 5310, 5311, 5337, 5320, 5322, 5323, 5346, 5357, 5358, 5364]",0.007854399998905137,success,,40.86156395761667,44.97079362191935,9.430295660424155,41.1011914992133,44.60000000000002,27.200544641171753
stl_st_louis_downtown_airport_to_st_louis_lambert_2026-01-12_0253,st_louis_downtown_airport_to_st_louis_lambert,St. Louis Downtown Airport to St. Louis Lambert,St. Louis Downtown Airport,St. Louis Lambert International Airport,38.5703611,-90.1550833,38.7486982,-90.3700257,2026-01-12,January 12th - Monday,w_0253,0.6,0.0,0.0,0.4,40,"[2179, 2147, 2172, 2176, 2200, 2204, 2317, 2340, 2346, 2371, 2391, 2395, 2708, 2713, 2738, 2741, 2745, 2747, 2684, 2687, 3987, 3990, 4016, 4017, 4022, 4029, 4034, 4060, 4064, 5048, 5052, 5076, 5082, 5299, 5304, 5319, 5321, 5357, 5358, 5364]",0.008266199991339818,success,,35.06847425714207,38.5951237717998,26.02381511715049,20.11965029009705,33.400000000000006,36.51707426307988
stl_st_louis_downtown_airport_to_st_louis_lambert_2026-01-12_0254,st_louis_downtown_airport_to_st_louis_lambert,St. Louis Downtown Airport to St. Louis Lambert,St. Louis Downtown Airport,St. Louis Lambert International Airport,38.5703611,-90.1550833,38.7486982,-90.3700257,2026-01-12,January 12th - Monday,w_0254,0.6,0.0,0.1,0.3,40,"[2179, 2180, 2174, 2199, 2203, 2207, 2341, 2344, 2368, 2374, 2394, 2397, 2712, 2716, 2739, 2746, 2769, 2773, 3985, 3988, 3992, 3990, 4016, 4017, 4022, 4029, 4034, 4060, 4064, 5048, 5052, 5076, 5082, 5299, 5304, 5319, 5321, 5357, 5358, 5364]",0.007317299983697012,success,,35.06925127294606,38.59597892794111,25.05959051055676,17.839922019494136,33.400000000000006,34.96157955871408
stl_st_louis_downtown_airport_to_st_louis_lambert_2026-01-12_0255,st_louis_downtown_airport_to_st_louis_lambert,St. Louis Downtown Airport to St. Louis Lambert,St. Louis Downtown Airport,St. Louis Lambert International Airport,38.5703611,-90.1550833,38.7486982,-90.3700257,2026-01-12,January 12th - Monday,w_0255,0.6,0.0,0.2,0.2,40,"[2179, 2180, 2174, 2199, 2203, 2207, 2341, 2344, 2368, 2374, 2394, 2397, 2712, 2716, 2739, 2746, 2769, 2773, 3985, 3988, 3992, 3990, 4016, 4017, 4022, 4029, 4034, 4060, 4064, 5048, 5052, 5076, 5082, 5299, 5304, 5319, 5321, 5357, 5358, 5364]",0.006466299993917346,success,,35.06925127294606,38.59597892794111,25.05959051055676,17.839922019494136,33.400000000000006,33.40557176066349
stl_st_louis_downtown_airport_to_st_louis_lambert_2026-01-12_0256,st_louis_downtown_airport_to_st_louis_lambert,St. Louis Downtown Airport to St. Louis Lambert,St. Louis Downtown Airport,St. Louis Lambert International Airport,38.5703611,-90.1550833,38.7486982,-90.3700257,2026-01-12,January 12th - Monday,w_0256,0.6,0.0,0.3,0.1,40,"[2179, 2180, 2174, 2199, 2203, 2207, 2341, 2344, 2368, 2374, 2394, 2397, 2712, 2716, 2739, 2746, 2769, 2773, 3985, 3988, 3992, 3990, 4016, 4017, 4022, 4029, 4034, 4060, 4064, 5048, 5052, 5076, 5082, 5299, 5304, 5319, 5321, 5357, 5358, 5364]",0.005679500027326867,success,,35.06925127294606,38.59597892794111,25.05959051055676,17.839922019494136,33.400000000000006,31.849563962612905
stl_st_louis_downtown_airport_to_st_louis_lambert_2026-01-12_0257,st_louis_downtown_airport_to_st_louis_lambert,St. Louis Downtown Airport to St. Louis Lambert,St. Louis Downtown Airport,St. Louis Lambert International Airport,38.5703611,-90.1550833,38.7486982,-90.3700257,2026-01-12,January 12th - Monday,w_0257,0.6,0.0,0.4,0.0,41,"[2179, 2147, 2157, 2170, 2175, 2201, 2313, 2316, 2342, 2347, 2366, 2389, 2392, 2396, 2724, 2727, 2742, 2743, 2681, 2682, 2685, 3986, 2706, 4015, 4018, 4025, 4030, 4033, 4057, 5034, 5048, 5052, 5076, 5082, 5299, 5304, 5319, 5321, 5357, 5358, 5364]",0.004792899999301881,success,,35.442761467224926,39.007051051367924,26.531848450983347,16.78312655842246,34.800000000000004,30.117481254189737
stl_st_louis_downtown_airport_to_st_louis_lambert_2026-01-12_0258,st_louis_downtown_airport_to_st_louis_lambert,St. Louis Downtown Airport to St. Louis Lambert,St. Louis Downtown Airport,St. Louis Lambert International Airport,38.5703611,-90.1550833,38.7486982,-90.3700257,2026-01-12,January 12th - Monday,w_0258,0.6,0.1,0.0,0.3,40,"[2179, 2180, 2174, 2199, 2203, 2207, 2341, 2344, 2368, 2374, 2394, 2397, 2712, 2716, 2739, 2746, 2769, 2773, 3985, 3988, 3992, 3994, 4019, 4020, 4023, 4055, 4059, 4063, 4078, 5051, 5075, 5079, 5306, 5303, 5318, 5323, 5346, 5357, 5358, 5364]",0.008530899998731911,success,,35.06987633323177,38.59666684720769,23.21199613097869,19.031491728664538,33.8,35.61919972142248
stl_st_louis_downtown_airport_to_st_louis_lambert_2026-01-12_0259,st_louis_downtown_airport_to_st_louis_lambert,St. Louis Downtown Airport to St. Louis Lambert,St. Louis Downtown Airport,St. Louis Lambert International Airport,38.5703611,-90.1550833,38.7486982,-90.3700257,2026-01-12,January 12th - Monday,w_0259,0.6,0.1,0.1,0.2,40,"[2179, 2180, 2174, 2199, 2203, 2207, 2341, 2344, 2368, 2374, 2394, 2397, 2712, 2716, 2739, 2746, 2769, 2773, 3985, 3988, 3992, 3994, 4019, 4020, 4023, 4055, 4059, 4063, 4064, 5048, 5052, 5076, 5082, 5299, 5304, 5319, 5321, 5357, 5358, 5364]",0.007463699992513284,success,,35.0695243590648,38.596279476875054,23.651108783135093,17.839922019494136,33.8,34.06687076638795
stl_st_louis_downtown_airport_to_st_louis_lambert_2026-01-12_0260,st_louis_downtown_airport_to_st_louis_lambert,St. Louis Downtown Airport to St. Louis Lambert,St. Louis Downtown Airport,St. Louis Lambert International Airport,38.5703611,-90.1550833,38.7486982,-90.3700257,2026-01-12,January 12th - Monday,w_0260,0.6,0.1,0.2,0.1,40,"[2179, 2180, 2174, 2199, 2203, 2207, 2341, 2344, 2368, 2374, 2394, 2397, 2712, 2716, 2739, 2746, 2769, 2773, 3985, 3988, 3992, 3994, 4019, 4020, 4023, 4055, 4059, 4063, 4064, 5048, 5052, 5076, 5082, 5299, 5304, 5319, 5321, 5357, 5358, 5364]",0.006174500013003126,success,,35.0695243590648,38.596279476875054,23.651108783135093,17.839922019494136,33.8,32.470862968337364
stl_st_louis_downtown_airport_to_st_louis_lambert_2026-01-12_0261,st_louis_downtown_airport_to_st_louis_lambert,St. Louis Downtown Airport to St. Louis Lambert,St. Louis Downtown Airport,St. Louis Lambert International Airport,38.5703611,-90.1550833,38.7486982,-90.3700257,2026-01-12,January 12th - Monday,w_0261,0.6,0.1,0.3,0.0,40,"[2179, 2180, 2174, 2199, 2203, 2207, 2341, 2344, 2368, 2374, 2394, 2397, 2712, 2716, 2739, 2746, 2769, 2773, 3985, 3988, 3992, 3994, 4019, 4020, 4023, 4055, 4059, 4063, 4064, 5048, 5052, 5076, 5082, 5299, 5304, 5319, 5321, 5357, 5358, 5364]",0.005630599975120276,success,,35.0695243590648,38.596279476875054,23.651108783135093,17.839922019494136,33.8,30.87485517028678
stl_st_louis_downtown_airport_to_st_louis_lambert_2026-01-12_0262,st_louis_downtown_airport_to_st_louis_lambert,St. Louis Downtown Airport to St. Louis Lambert,St. Louis Downtown Airport,St. Louis Lambert International Airport,38.5703611,-90.1550833,38.7486982,-90.3700257,2026-01-12,January 12th - Monday,w_0262,0.6,0.2,0.0,0.2,41,"[2179, 2180, 2174, 2199, 2203, 2207, 2341, 2345, 2370, 2373, 2398, 2709, 2711, 2714, 2750, 2744, 2770, 2772, 2777, 3989, 3993, 4006, 4008, 4021, 4045, 4047, 4058, 4062, 4077, 4079, 5077, 5081, 5083, 5308, 5316, 5322, 5323, 5346, 5357, 5358, 5364]",0.00816669999039732,success,,35.44580648998812,39.01040229583813,21.248540131475806,21.296163627861183,34.400000000000006,34.53594940379804
stl_st_louis_downtown_airport_to_st_louis_lambert_2026-01-12_0263,st_louis_downtown_airport_to_st_louis_lambert,St. Louis Downtown Airport to St. Louis Lambert,St. Louis Downtown Airport,St. Louis Lambert International Airport,38.5703611,-90.1550833,38.7486982,-90.3700257,2026-01-12,January 12th - Monday,w_0263,0.6,0.2,0.1,0.1,40,"[2179, 2180, 2174, 2199, 2203, 2207, 2341, 2344, 2368, 2374, 2394, 2397, 2712, 2716, 2739, 2746, 2769, 2773, 3985, 3988, 3992, 3994, 4019, 4020, 4023, 4055, 4059, 4063, 4064, 5048, 5052, 5076, 5082, 5299, 5304, 5319, 5321, 5357, 5358, 5364]",0.008039699983783066,success,,35.0695243590648,38.596279476875054,23.651108783135093,17.839922019494136,33.8,33.05198164470146
stl_st_louis_downtown_airport_to_st_louis_lambert_2026-01-12_0264,st_louis_downtown_airport_to_st_louis_lambert,St. Louis Downtown Airport to St. Louis Lambert,St. Louis Downtown Airport,St. Louis Lambert International Airport,38.5703611,-90.1550833,38.7486982,-90.3700257,2026-01-12,January 12th - Monday,w_0264,0.6,0.2,0.2,0.0,40,"[2179, 2180, 2174, 2199, 2203, 2207, 2341, 2344, 2368, 2374, 2394, 2397, 2712, 2716, 2739, 2746, 2769, 2773, 3985, 3988, 3992, 3994, 4019, 4020, 4023, 4055, 4059, 4063, 4064, 5048, 5052, 5076, 5082, 5299, 5304, 5319, 5321, 5357, 5358, 5364]",0.006034999998519197,success,,35.0695243590648,38.596279476875054,23.651108783135093,17.839922019494136,33.8,31.455973846650878
stl_st_louis_downtown_airport_to_st_louis_lambert_2026-01-12_0265,st_louis_downtown_airport_to_st_louis_lambert,St. Louis Downtown Airport to St. Louis Lambert,St. Louis Downtown Airport,St. Louis Lambert International Airport,38.5703611,-90.1550833,38.7486982,-90.3700257,2026-01-12,January 12th - Monday,w_0265,0.6,0.3,0.0,0.1,43,"[2179, 2180, 2174, 2199, 2203, 2207, 2341, 2345, 2370, 2373, 2398, 2709, 2711, 2714, 2750, 2744, 2770, 2772, 2777, 3989, 3993, 4006, 4008, 4021, 4045, 4047, 4058, 4062, 4077, 4082, 4084, 5080, 5084, 5310, 5311, 5337, 5320, 5322, 5323, 5346, 5357, 5358, 5364]",0.009119800000917166,success,,36.197024617572914,39.83716642595565,17.31210242086407,23.983742516081602,36.400000000000006,32.73593058183261
stl_st_louis_downtown_airport_to_st_louis_lambert_2026-01-12_0266,st_louis_downtown_airport_to_st_louis_lambert,St. Louis Downtown Airport to St. Louis Lambert,St. Louis Downtown Airport,St. Louis Lambert International Airport,38.5703611,-90.1550833,38.7486982,-90.3700257,2026-01-12,January 12th - Monday,w_0266,0.6,0.3,0.1,0.0,44,"[2179, 2180, 2174, 2199, 2203, 2206, 2449, 2345, 2370, 2373, 2398, 2709, 2711, 2714, 2750, 2744, 2770, 2772, 2777, 3989, 3988, 3992, 3994, 4019, 4020, 4023, 4055, 4059, 4063, 4077, 4082, 4084, 5080, 5084, 5310, 5311, 5337, 5320, 5322, 5323, 5346, 5357, 5358, 5364]",0.006733299989718944,success,,36.57207281055306,40.24993121641444,16.402941041735232,23.43756424675925,37.400000000000006,31.414597467045155
stl_st_louis_downtown_airport_to_st_louis_lambert_2026-01-12_0267,st_louis_downtown_airport_to_st_louis_lambert,St. Louis Downtown Airport to St. Louis Lambert,St. Louis Downtown Airport,St. Louis Lambert International Airport,38.5703611,-90.1550833,38.7486982,-90.3700257,2026-01-12,January 12th - Monday,w_0267,0.6,0.4,0.0,0.0,54,"[2179, 2180, 2183, 2186, 2419, 2423, 2448, 2452, 2455, 2478, 2482, 2483, 2487, 2811, 2812, 2816, 2858, 2863, 2864, 2795, 2796, 3899, 3902, 3914, 3948, 3947, 3952, 3940, 3942, 3943, 3941, 4043, 4066, 4067, 4068, 4185, 4187, 4186, 4076, 4075, 4082, 4084, 5080, 5084, 5310, 5311, 5337, 5320, 5322, 5323, 5346, 5357, 5358, 5364]",0.007105500000761822,success,,40.327967407344545,44.38353611105791,10.091382237272772,41.19352691233445,44.60000000000002,30.66667456154385
stl_st_louis_downtown_airport_to_st_louis_lambert_2026-01-12_0268,st_louis_downtown_airport_to_st_louis_lambert,St. Louis Downtown Airport to St. Louis Lambert,St. Louis Downtown Airport,St. Louis Lambert International Airport,38.5703611,-90.1550833,38.7486982,-90.3700257,2026-01-12,January 12th - Monday,w_0268,0.7,0.0,0.0,0.3,40,"[2179, 2147, 2172, 2176, 2200, 2204, 2317, 2340, 2346, 2371, 2391, 2395, 2708, 2713, 2738, 2741, 2745, 2747, 2684, 2687, 3987, 3990, 4016, 4017, 4022, 4029, 4034, 4060, 4064, 5048, 5052, 5076, 5082, 5299, 5304, 5319, 5321, 5357, 5358, 5364]",0.00646119998418726,success,,35.06847425714207,38.5951237717998,26.02381511715049,20.11965029009705,33.400000000000006,37.036586640259856
stl_st_louis_downtown_airport_to_st_louis_lambert_2026-01-12_0269,st_louis_downtown_airport_to_st_louis_lambert,St. Louis Downtown Airport to St. Louis Lambert,St. Louis Downtown Airport,St. Louis Lambert International Airport,38.5703611,-90.1550833,38.7486982,-90.3700257,2026-01-12,January 12th - Monday,w_0269,0.7,0.0,0.1,0.2,40,"[2179, 2180, 2174, 2199, 2203, 2207, 2341, 2344, 2368, 2374, 2394, 2397, 2712, 2716, 2739, 2746, 2769, 2773, 3985, 3988, 3992, 3990, 4016, 4017, 4022, 4029, 4034, 4060, 4064, 5048, 5052, 5076, 5082, 5299, 5304, 5319, 5321, 5357, 5358, 5364]",0.005542400002013892,success,,35.06925127294606,38.59597892794111,25.05959051055676,17.839922019494136,33.400000000000006,35.48117745150819
stl_st_louis_downtown_airport_to_st_louis_lambert_2026-01-12_0270,st_louis_downtown_airport_to_st_louis_lambert,St. Louis Downtown Airport to St. Louis Lambert,St. Louis Downtown Airport,St. Louis Lambert International Airport,38.5703611,-90.1550833,38.7486982,-90.3700257,2026-01-12,January 12th - Monday,w_0270,0.7,0.0,0.2,0.1,40,"[2179, 2180, 2174, 2199, 2203, 2207, 2341, 2344, 2368, 2374, 2394, 2397, 2712, 2716, 2739, 2746, 2769, 2773, 3985, 3988, 3992, 3990, 4016, 4017, 4022, 4029, 4034, 4060, 4064, 5048, 5052, 5076, 5082, 5299, 5304, 5319, 5321, 5357, 5358, 5364]",0.005326699989382178,success,,35.06925127294606,38.59597892794111,25.05959051055676,17.839922019494136,33.400000000000006,33.9251696534576
stl_st_louis_downtown_airport_to_st_louis_lambert_2026-01-12_0271,st_louis_downtown_airport_to_st_louis_lambert,St. Louis Downtown Airport to St. Louis Lambert,St. Louis Downtown Airport,St. Louis Lambert International Airport,38.5703611,-90.1550833,38.7486982,-90.3700257,2026-01-12,January 12th - Monday,w_0271,0.7,0.0,0.3,0.0,41,"[2179, 2147, 2157, 2170, 2175, 2201, 2313, 2316, 2342, 2347, 2366, 2389, 2392, 2396, 2724, 2727, 2742, 2743, 2681, 2682, 2685, 3986, 2706, 4015, 4018, 4025, 4030, 4033, 4057, 5034, 5048, 5052, 5076, 5082, 5299, 5304, 5319, 5321, 5357, 5358, 5364]",0.0038717999996151775,success,,35.442761467224926,39.007051051367924,26.531848450983347,16.78312655842246,34.800000000000004,32.33987370348429
stl_st_louis_downtown_airport_to_st_louis_lambert_2026-01-12_0272,st_louis_downtown_airport_to_st_louis_lambert,St. Louis Downtown Airport to St. Louis Lambert,St. Louis Downtown Airport,St. Louis Lambert International Airport,38.5703611,-90.1550833,38.7486982,-90.3700257,2026-01-12,January 12th - Monday,w_0272,0.7,0.1,0.0,0.2,40,"[2179, 2180, 2174, 2199, 2203, 2207, 2341, 2344, 2368, 2374, 2394, 2397, 2712, 2716, 2739, 2746, 2769, 2773, 3985, 3988, 3992, 3994, 4019, 4020, 4023, 4055, 4059, 4063, 4078, 5051, 5075, 5079, 5306, 5303, 5318, 5323, 5346, 5357, 5358, 5364]",0.006424799998058006,success,,35.06987633323177,38.59666684720769,23.21199613097869,19.031491728664538,33.8,36.09886640614325
stl_st_louis_downtown_airport_to_st_louis_lambert_2026-01-12_0273,st_louis_downtown_airport_to_st_louis_lambert,St. Louis Downtown Airport to St. Louis Lambert,St. Louis Downtown Airport,St. Louis Lambert International Airport,38.5703611,-90.1550833,38.7486982,-90.3700257,2026-01-12,January 12th - Monday,w_0273,0.7,0.1,0.1,0.1,40,"[2179, 2180, 2174, 2199, 2203, 2207, 2341, 2344, 2368, 2374, 2394, 2397, 2712, 2716, 2739, 2746, 2769, 2773, 3985, 3988, 3992, 3994, 4019, 4020, 4023, 4055, 4059, 4063, 4064, 5048, 5052, 5076, 5082, 5299, 5304, 5319, 5321, 5357, 5358, 5364]",0.006045999994967133,success,,35.0695243590648,38.596279476875054,23.651108783135093,17.839922019494136,33.8,34.54649871407546
stl_st_louis_downtown_airport_to_st_louis_lambert_2026-01-12_0274,st_louis_downtown_airport_to_st_louis_lambert,St. Louis Downtown Airport to St. Louis Lambert,St. Louis Downtown Airport,St. Louis Lambert International Airport,38.5703611,-90.1550833,38.7486982,-90.3700257,2026-01-12,January 12th - Monday,w_0274,0.7,0.1,0.2,0.0,40,"[2179, 2180, 2174, 2199, 2203, 2207, 2341, 2344, 2368, 2374, 2394, 2397, 2712, 2716, 2739, 2746, 2769, 2773, 3985, 3988, 3992, 3994, 4019, 4020, 4023, 4055, 4059, 4063, 4064, 5048, 5052, 5076, 5082, 5299, 5304, 5319, 5321, 5357, 5358, 5364]",0.004425299994181842,success,,35.0695243590648,38.596279476875054,23.651108783135093,17.839922019494136,33.8,32.950490916024876
stl_st_louis_downtown_airport_to_st_louis_lambert_2026-01-12_0275,st_louis_downtown_airport_to_st_louis_lambert,St. Louis Downtown Airport to St. Louis Lambert,St. Louis Downtown Airport,St. Louis Lambert International Airport,38.5703611,-90.1550833,38.7486982,-90.3700257,2026-01-12,January 12th - Monday,w_0275,0.7,0.2,0.0,0.1,43,"[2179, 2180, 2174, 2199, 2203, 2207, 2341, 2345, 2370, 2373, 2398, 2709, 2711, 2714, 2750, 2744, 2770, 2772, 2777, 3989, 3993, 4006, 4008, 4021, 4045, 4047, 4058, 4062, 4077, 4082, 4084, 5080, 5084, 5310, 5311, 5337, 5320, 5322, 5323, 5346, 5357, 5358, 5364]",0.006622399989282712,success,,36.197024617572914,39.83716642595565,17.31210242086407,23.983742516081602,36.400000000000006,34.98843698234177
stl_st_louis_downtown_airport_to_st_louis_lambert_2026-01-12_0276,st_louis_downtown_airport_to_st_louis_lambert,St. Louis Downtown Airport to St. Louis Lambert,St. Louis Downtown Airport,St. Louis Lambert International Airport,38.5703611,-90.1550833,38.7486982,-90.3700257,2026-01-12,January 12th - Monday,w_0276,0.7,0.2,0.1,0.0,40,"[2179, 2180, 2174, 2199, 2203, 2207, 2341, 2344, 2368, 2374, 2394, 2397, 2712, 2716, 2739, 2746, 2769, 2773, 3985, 3988, 3992, 3994, 4019, 4020, 4023, 4055, 4059, 4063, 4064, 5048, 5052, 5076, 5082, 5299, 5304, 5319, 5321, 5357, 5358, 5364]",0.005493400007253513,success,,35.0695243590648,38.596279476875054,23.651108783135093,17.839922019494136,33.8,33.531609592388975
stl_st_louis_downtown_airport_to_st_louis_lambert_2026-01-12_0277,st_louis_downtown_airport_to_st_louis_lambert,St. Louis Downtown Airport to St. Louis Lambert,St. Louis Downtown Airport,St. Louis Lambert International Airport,38.5703611,-90.1550833,38.7486982,-90.3700257,2026-01-12,January 12th - Monday,w_0277,0.7,0.3,0.0,0.0,43,"[2179, 2180, 2174, 2199, 2203, 2207, 2341, 2345, 2370, 2373, 2398, 2709, 2711, 2714, 2750, 2744, 2770, 2772, 2777, 3989, 3993, 4006, 4008, 4021, 4045, 4047, 4058, 4062, 4077, 4082, 4084, 5080, 5084, 5310, 5311, 5337, 5320, 5322, 5323, 5346, 5357, 5358, 5364]",0.005907999991904944,success,,36.197024617572914,39.83716642595565,17.31210242086407,23.983742516081602,36.400000000000006,33.07964722442817
stl_st_louis_downtown_airport_to_st_louis_lambert_2026-01-12_0278,st_louis_downtown_airport_to_st_louis_lambert,St. Louis Downtown Airport to St. Louis Lambert,St. Louis Downtown Airport,St. Louis Lambert International Airport,38.5703611,-90.1550833,38.7486982,-90.3700257,2026-01-12,January 12th - Monday,w_0278,0.8,0.0,0.0,0.2,40,"[2179, 2147, 2172, 2176, 2200, 2204, 2317, 2340, 2346, 2371, 2391, 2395, 2708, 2713, 2738, 2741, 2745, 2747, 2684, 2687, 3987, 3990, 4016, 4017, 4022, 4029, 4034, 4060, 4064, 5048, 5052, 5076, 5082, 5299, 5304, 5319, 5321, 5357, 5358, 5364]",0.004956599994329736,success,,35.06847425714207,38.5951237717998,26.02381511715049,20.11965029009705,33.400000000000006,37.55609901743984
stl_st_louis_downtown_airport_to_st_louis_lambert_2026-01-12_0279,st_louis_downtown_airport_to_st_louis_lambert,St. Louis Downtown Airport to St. Louis Lambert,St. Louis Downtown Airport,St. Louis Lambert International Airport,38.5703611,-90.1550833,38.7486982,-90.3700257,2026-01-12,January 12th - Monday,w_0279,0.8,0.0,0.1,0.1,40,"[2179, 2180, 2174, 2199, 2203, 2207, 2341, 2344, 2368, 2374, 2394, 2397, 2712, 2716, 2739, 2746, 2769, 2773, 3985, 3988, 3992, 3990, 4016, 4017, 4022, 4029, 4034, 4060, 4064, 5048, 5052, 5076, 5082, 5299, 5304, 5319, 5321, 5357, 5358, 5364]",0.004115799994906411,success,,35.06925127294606,38.59597892794111,25.05959051055676,17.839922019494136,33.400000000000006,36.00077534430231
stl_st_louis_downtown_airport_to_st_louis_lambert_2026-01-12_0280,st_louis_downtown_airport_to_st_louis_lambert,St. Louis Downtown Airport to St. Louis Lambert,St. Louis Downtown Airport,St. Louis Lambert International Airport,38.5703611,-90.1550833,38.7486982,-90.3700257,2026-01-12,January 12th - Monday,w_0280,0.8,0.0,0.2,0.0,40,"[2179, 2180, 2174, 2199, 2203, 2207, 2341, 2344, 2368, 2374, 2394, 2397, 2712, 2716, 2739, 2746, 2769, 2773, 3985, 3988, 3992, 3990, 4016, 4017, 4022, 4029, 4034, 4060, 4064, 5048, 5052, 5076, 5082, 5299, 5304, 5319, 5321, 5357, 5358, 5364]",0.0030655000009573996,success,,35.06925127294606,38.59597892794111,25.05959051055676,17.839922019494136,33.400000000000006,34.44476754625172
stl_st_louis_downtown_airport_to_st_louis_lambert_2026-01-12_0281,st_louis_downtown_airport_to_st_louis_lambert,St. Louis Downtown Airport to St. Louis Lambert,St. Louis Downtown Airport,St. Louis Lambert International Airport,38.5703611,-90.1550833,38.7486982,-90.3700257,2026-01-12,January 12th - Monday,w_0281,0.8,0.1,0.0,0.1,40,"[2179, 2180, 2174, 2199, 2203, 2207, 2341, 2344, 2368, 2374, 2394, 2397, 2712, 2716, 2739, 2746, 2769, 2773, 3985, 3988, 3992, 3994, 4019, 4020, 4023, 4055, 4059, 4063, 4078, 5051, 5075, 5079, 5306, 5303, 5318, 5323, 5346, 5357, 5358, 5364]",0.004840599984163418,success,,35.06987633323177,38.59666684720769,23.21199613097869,19.031491728664538,33.8,36.57853309086403
stl_st_louis_downtown_airport_to_st_louis_lambert_2026-01-12_0282,st_louis_downtown_airport_to_st_louis_lambert,St. Louis Downtown Airport to St. Louis Lambert,St. Louis Downtown Airport,St. Louis Lambert International Airport,38.5703611,-90.1550833,38.7486982,-90.3700257,2026-01-12,January 12th - Monday,w_0282,0.8,0.1,0.1,0.0,40,"[2179, 2180, 2174, 2199, 2203, 2207, 2341, 2344, 2368, 2374, 2394, 2397, 2712, 2716, 2739, 2746, 2769, 2773, 3985, 3988, 3992, 3994, 4019, 4020, 4023, 4055, 4059, 4063, 4064, 5048, 5052, 5076, 5082, 5299, 5304, 5319, 5321, 5357, 5358, 5364]",0.00405069999396801,success,,35.0695243590648,38.596279476875054,23.651108783135093,17.839922019494136,33.8,35.02612666176297
stl_st_louis_downtown_airport_to_st_louis_lambert_2026-01-12_0283,st_louis_downtown_airport_to_st_louis_lambert,St. Louis Downtown Airport to St. Louis Lambert,St. Louis Downtown Airport,St. Louis Lambert International Airport,38.5703611,-90.1550833,38.7486982,-90.3700257,2026-01-12,January 12th - Monday,w_0283,0.8,0.2,0.0,0.0,43,"[2179, 2180, 2174, 2199, 2203, 2207, 2341, 2345, 2370, 2373, 2398, 2709, 2711, 2714, 2750, 2744, 2770, 2772, 2777, 3989, 3993, 4006, 4008, 4021, 4045, 4047, 4058, 4062, 4077, 4082, 4084, 5080, 5084, 5310, 5311, 5337, 5320, 5322, 5323, 5346, 5357, 5358, 5364]",0.004680900019593537,success,,36.197024617572914,39.83716642595565,17.31210242086407,23.983742516081602,36.400000000000006,35.332153624937334
stl_st_louis_downtown_airport_to_st_louis_lambert_2026-01-12_0284,st_louis_downtown_airport_to_st_louis_lambert,St. Louis Downtown Airport to St. Louis Lambert,St. Louis Downtown Airport,St. Louis Lambert International Airport,38.5703611,-90.1550833,38.7486982,-90.3700257,2026-01-12,January 12th - Monday,w_0284,0.9,0.0,0.0,0.1,40,"[2179, 2147, 2172, 2176, 2200, 2204, 2317, 2340, 2346, 2371, 2391, 2395, 2708, 2713, 2738, 2741, 2745, 2747, 2684, 2687, 3987, 3990, 4016, 4017, 4022, 4029, 4034, 4060, 4064, 5048, 5052, 5076, 5082, 5299, 5304, 5319, 5321, 5357, 5358, 5364]",0.0031919000030029565,success,,35.06847425714207,38.5951237717998,26.02381511715049,20.11965029009705,33.400000000000006,38.07561139461982
stl_st_louis_downtown_airport_to_st_louis_lambert_2026-01-12_0285,st_louis_downtown_airport_to_st_louis_lambert,St. Louis Downtown Airport to St. Louis Lambert,St. Louis Downtown Airport,St. Louis Lambert International Airport,38.5703611,-90.1550833,38.7486982,-90.3700257,2026-01-12,January 12th - Monday,w_0285,0.9,0.0,0.1,0.0,40,"[2179, 2180, 2174, 2199, 2203, 2207, 2341, 2344, 2368, 2374, 2394, 2397, 2712, 2716, 2739, 2746, 2769, 2773, 3985, 3988, 3992, 3990, 4016, 4017, 4022, 4029, 4034, 4060, 4064, 5048, 5052, 5076, 5082, 5299, 5304, 5319, 5321, 5357, 5358, 5364]",0.002280100015923381,success,,35.06925127294606,38.59597892794111,25.05959051055676,17.839922019494136,33.400000000000006,36.520373237096415
stl_st_louis_downtown_airport_to_st_louis_lambert_2026-01-12_0286,st_louis_downtown_airport_to_st_louis_lambert,St. Louis Downtown Airport to St. Louis Lambert,St. Louis Downtown Airport,St. Louis Lambert International Airport,38.5703611,-90.1550833,38.7486982,-90.3700257,2026-01-12,January 12th - Monday,w_0286,0.9,0.1,0.0,0.0,40,"[2179, 2180, 2174, 2199, 2203, 2207, 2341, 2344, 2368, 2374, 2394, 2397, 2712, 2716, 2739, 2746, 2769, 2773, 3985, 3988, 3992, 3994, 4019, 4020, 4023, 4055, 4059, 4063, 4078, 5051, 5075, 5079, 5306, 5303, 5318, 5323, 5346, 5357, 5358, 5364]",0.002953999995952472,success,,35.06987633323177,38.59666684720769,23.21199613097869,19.031491728664538,33.8,37.05819977558479
stl_st_louis_downtown_airport_to_st_louis_lambert_2026-01-12_0287,st_louis_downtown_airport_to_st_louis_lambert,St. Louis Downtown Airport to St. Louis Lambert,St. Louis Downtown Airport,St. Louis Lambert International Airport,38.5703611,-90.1550833,38.7486982,-90.3700257,2026-01-12,January 12th - Monday,w_0287,1.0,0.0,0.0,0.0,40,"[2179, 2147, 2172, 2176, 2200, 2204, 2317, 2340, 2346, 2371, 2391, 2395, 2708, 2713, 2738, 2741, 2745, 2747, 2684, 2687, 3987, 3990, 4016, 4017, 4022, 4029, 4034, 4060, 4064, 5048, 5052, 5076, 5082, 5299, 5304, 5319, 5321, 5357, 5358, 5364]",0.0015455999819096178,success,,35.06847425714207,38.5951237717998,26.02381511715049,20.11965029009705,33.400000000000006,38.5951237717998
