{"type": "FeatureCollection", "features": [{"type": "Feature", "properties": {"route_run_id": "stl_midamerica_to_st_louis_union_station_2026-03-07_0286", "route_pair": "midamerica_to_st_louis_union_station", "route_pair_label": "MidAmerica to St. Louis Union Station", "origin_label": "MidAmerica St. Louis Airport", "destination_label": "St. Louis Union Station", "origin_lat": 38.5451731, "origin_lon": -89.8351856, "destination_lat": 38.629167, "destination_lon": -90.2075, "traffic_date": "2026-03-07", "traffic_dataset": "March 7th - Saturday", "weight_id": "w_0286", "distance_weight": 0.9, "population_weight": 0.1, "traffic_weight": 0.0, "airspace_weight": 0.0, "path_nodes": 67, "path_node_ids": [8877, 8876, 8868, 8869, 8870, 8867, 9753, 9754, 9755, 9744, 9746, 9747, 9745, 9737, 9736, 9734, 9735, 9919, 9921, 9944, 9947, 9940, 9941, 9962, 9955, 9957, 9959, 9994, 9885, 9886, 9884, 9887, 9897, 9895, 9896, 9894, 9902, 9903, 9904, 9909, 2213, 2212, 2214, 1997, 1994, 1995, 1996, 2005, 2004, 2007, 2006, 2191, 2194, 2193, 2192, 2418, 2422, 2425, 2427, 2453, 2455, 2454, 2372, 2399, 2401, 2404, 2715], "elapsed_seconds": 0.006313399993814528, "status": "success", "failure_reason": "", "route_distance_km": 46.66599661404935, "distance_cost_sum": 51.35894712861125, "population_cost_sum": 17.364166724554934, "traffic_cost_sum": 22.621079840819313, "airspace_cost_sum": 38.0, "total_weighted_score": 47.959469088205616}, "geometry": {"type": "LineString", "coordinates": [[-89.83272609742262, 38.54503213945896], [-89.83845499191484, 38.54518713674757], [-89.84418393041321, 38.54534185422887], [-89.8499129128385, 38.54549629189633], [-89.85564193911159, 38.545650449743434], [-89.86137100915332, 38.54580432776372], [-89.86710012288452, 38.545957925950695], [-89.87282928022606, 38.546111244297876], [-89.8785584810987, 38.54626428279884], [-89.88428772542336, 38.54641704144712], [-89.8900170131208, 38.5465695202363], [-89.89574634411186, 38.54672171915994], [-89.90147571831739, 38.546873638211636], [-89.90720513565815, 38.54702527738502], [-89.91293459605497, 38.54717663667367], [-89.91866409942871, 38.54732771607122], [-89.92439364570006, 38.54747851557132], [-89.9301232347899, 38.54762903516762], [-89.93566171159593, 38.55227884253414], [-89.94120090063481, 38.55692841373979], [-89.94693132996858, 38.557078141522354], [-89.9526618018245, 38.55722758928637], [-89.95839231612332, 38.55737675702556], [-89.9641228727858, 38.55752564473363], [-89.96985347173262, 38.5576742524043], [-89.97539536640897, 38.56232230635172], [-89.98093797377864, 38.566970123410094], [-89.98648129402048, 38.57161770344731], [-89.99221313054706, 38.571765261757655], [-89.99794500899198, 38.571912539865146], [-90.00367692927587, 38.5720595377636], [-90.00940889131944, 38.572206255446844], [-90.01514089504332, 38.57235269290866], [-90.02087294036811, 38.5724988501429], [-90.02660502721452, 38.572644727143405], [-90.03233715550313, 38.57279032390402], [-90.0380693251546, 38.572935640418635], [-90.04380153608955, 38.57308067668109], [-90.04953378822863, 38.57322543268529], [-90.05508220119658, 38.57786994989744], [-90.06081489219632, 38.57801416845261], [-90.06654762417196, 38.57815810668649], [-90.072280397044, 38.57830176459299], [-90.07801321073313, 38.57844514216606], [-90.0837460651599, 38.578588239399664], [-90.08947896024489, 38.57873105628777], [-90.09521189590866, 38.57887359282438], [-90.10094487207182, 38.57901584900345], [-90.10667788865496, 38.579157824818985], [-90.11241094557855, 38.579299520265025], [-90.11814404276322, 38.57944093533558], [-90.12387718012955, 38.579582070024706], [-90.1296103575981, 38.57972292432643], [-90.13534357508938, 38.579863498234836], [-90.14107683252396, 38.580003791744], [-90.14663191796852, 38.58464420615243], [-90.15218771733517, 38.589284380730234], [-90.15774423080212, 38.593924315345014], [-90.16330145854758, 38.59856400986431], [-90.16885940074975, 38.60320346415569], [-90.17441805758689, 38.60784267808668], [-90.18015373543601, 38.6079811415637], [-90.18571350391167, 38.61261985640587], [-90.19127398739786, 38.61725833052981], [-90.19683518607279, 38.62189656380297], [-90.20239710011477, 38.62653455609276], [-90.20795972970198, 38.63117230726659]]}}, {"type": "Feature", "properties": {"route_run_id": "stl_midamerica_to_st_louis_union_station_2026-03-07_0238", "route_pair": "midamerica_to_st_louis_union_station", "route_pair_label": "MidAmerica to St. Louis Union Station", "origin_label": "MidAmerica St. Louis Airport", "destination_label": "St. Louis Union Station", "origin_lat": 38.5451731, "origin_lon": -89.8351856, "destination_lat": 38.629167, "destination_lon": -90.2075, "traffic_date": "2026-03-07", "traffic_dataset": "March 7th - Saturday", "weight_id": "w_0238", "distance_weight": 0.5, "population_weight": 0.1, "traffic_weight": 0.0, "airspace_weight": 0.4, "path_nodes": 67, "path_node_ids": [8877, 8879, 8896, 8900, 8924, 8930, 10012, 10015, 10019, 10053, 10057, 10054, 10061, 10051, 10049, 10072, 10079, 10284, 10288, 10286, 10289, 10294, 10281, 10292, 10293, 10304, 10303, 10302, 10315, 10316, 10317, 10314, 10207, 10206, 10204, 10205, 10323, 10324, 10322, 10325, 2520, 2521, 2519, 2510, 2512, 2513, 2511, 2302, 2300, 2301, 2307, 2491, 2492, 2818, 2496, 2507, 2506, 2828, 2505, 2809, 2811, 2810, 2728, 2730, 2731, 2729, 2715], "elapsed_seconds": 0.013311399961821735, "status": "success", "failure_reason": "", "route_distance_km": 46.68855540718086, "distance_cost_sum": 51.383774539312654, "population_cost_sum": 19.97466848935391, "traffic_cost_sum": 28.25929839669934, "airspace_cost_sum": 23.2, "total_weighted_score": 36.969354118591724}, "geometry": {"type": "LineString", "coordinates": [[-89.83272609742262, 38.54503213945896], [-89.83825778508921, 38.54968628939868], [-89.84379018463301, 38.55434020475587], [-89.84932329623358, 38.558993885398685], [-89.85485712007056, 38.56364733119524], [-89.86039165632353, 38.56830054201366], [-89.86592690517212, 38.57295351772198], [-89.871462866796, 38.577606258188254], [-89.87699954137483, 38.582258763280514], [-89.88253692908823, 38.586911032866766], [-89.88807503011597, 38.59156306681497], [-89.89380792466403, 38.591715509561276], [-89.89934713930707, 38.59636705177409], [-89.90508047722643, 38.59651895818466], [-89.91081385831642, 38.59667058421835], [-89.91635458673171, 38.60132137816604], [-89.92189602906302, 38.60597193580059], [-89.92743818549003, 38.61062225698987], [-89.93298105619242, 38.615272341601674], [-89.93871608023923, 38.61542266184741], [-89.94445114702152, 38.615572701498955], [-89.95018625645967, 38.61572246055001], [-89.9559214084743, 38.61587193899423], [-89.9616566029858, 38.61602113682532], [-89.96739183991471, 38.61617005403699], [-89.97312711918148, 38.61631869062297], [-89.97886244070665, 38.616467046576965], [-89.9845978044106, 38.61661512189275], [-89.9903332102139, 38.61676291656407], [-89.99606865803695, 38.61691043058469], [-90.00180414780024, 38.61705766394838], [-90.00753967942423, 38.617204616648934], [-90.01327525282936, 38.61735128868017], [-90.01901086793612, 38.61749768003589], [-90.02474652466493, 38.617643790709906], [-90.03048222293627, 38.617789620696094], [-90.03621796267052, 38.617935169988264], [-90.0419537437882, 38.61808043858029], [-90.04768956620967, 38.61822542646607], [-90.05342542985542, 38.61837013363945], [-90.05916133464585, 38.61851456009435], [-90.06489728050143, 38.618658705824664], [-90.07063326734246, 38.618802570824315], [-90.07636929508949, 38.61894615508724], [-90.08210536366288, 38.61908945860739], [-90.087841472983, 38.61923248137871], [-90.09357762297034, 38.61937522339516], [-90.09931381354528, 38.61951768465076], [-90.10505004462816, 38.61965986513943], [-90.11078631613944, 38.61980176485522], [-90.11634226958749, 38.624443634935055], [-90.1220789793104, 38.62458499570804], [-90.12781572923257, 38.62472607564535], [-90.13337319363258, 38.629367189437694], [-90.13911038141684, 38.62950773017495], [-90.14484760917111, 38.62964799001386], [-90.15058487681573, 38.629787968948484], [-90.156322184271, 38.62992766697294], [-90.16205953145733, 38.63006708408134], [-90.16779691829495, 38.630206220267794], [-90.17353434470424, 38.6303450755264], [-90.17927181060547, 38.63048364985134], [-90.185009315919, 38.63062194323676], [-90.1907468605651, 38.6307599556768], [-90.1964844444641, 38.63089768716567], [-90.2022220675363, 38.63103513769752], [-90.20795972970198, 38.63117230726659]]}}, {"type": "Feature", "properties": {"route_run_id": "stl_midamerica_to_st_louis_union_station_2026-03-07_0139", "route_pair": "midamerica_to_st_louis_union_station", "route_pair_label": "MidAmerica to St. Louis Union Station", "origin_label": "MidAmerica St. Louis Airport", "destination_label": "St. Louis Union Station", "origin_lat": 38.5451731, "origin_lon": -89.8351856, "destination_lat": 38.629167, "destination_lon": -90.2075, "traffic_date": "2026-03-07", "traffic_dataset": "March 7th - Saturday", "weight_id": "w_0139", "distance_weight": 0.2, "population_weight": 0.2, "traffic_weight": 0.0, "airspace_weight": 0.6, "path_nodes": 68, "path_node_ids": [8877, 8881, 8904, 8922, 8923, 8927, 9145, 10016, 10018, 10062, 10055, 10058, 10094, 10096, 10103, 10104, 10110, 10109, 10516, 10515, 10514, 10517, 10522, 10299, 10300, 10301, 10309, 10308, 10310, 10343, 10345, 10344, 10342, 10355, 10210, 10208, 10209, 10326, 10328, 10322, 10191, 2276, 2518, 2277, 2509, 2287, 2508, 2286, 2298, 2300, 2301, 2307, 2495, 2820, 2823, 2827, 2849, 2848, 2850, 2837, 2859, 2858, 2860, 2763, 2762, 2737, 2732, 2715], "elapsed_seconds": 0.0324605000205338, "status": "success", "failure_reason": "", "route_distance_km": 50.26499556893611, "distance_cost_sum": 55.319878223015614, "population_cost_sum": 14.392523489752, "traffic_cost_sum": 28.692281394678965, "airspace_cost_sum": 22.6, "total_weighted_score": 27.502480342553532}, "geometry": {"type": "LineString", "coordinates": [[-89.83272609742262, 38.54503213945896], [-89.83252853470323, 38.54953126729425], [-89.83806053424684, 38.55418543772932], [-89.84359324582596, 38.558839373542895], [-89.84912666962028, 38.563493074603095], [-89.85466080580946, 38.568146540778045], [-89.86019565457306, 38.572799771935806], [-89.86573121609086, 38.57745276794444], [-89.87126749054252, 38.58210552867199], [-89.8768044781077, 38.58675805398646], [-89.88234217896623, 38.591410343755804], [-89.8878805932977, 38.59606239784802], [-89.89341972128202, 38.600714216131045], [-89.89895956309883, 38.60536579847276], [-89.90450011892796, 38.61001714474108], [-89.91004138894921, 38.614668254803874], [-89.9155833733424, 38.61931912852895], [-89.92131862594731, 38.619470314708934], [-89.9268617252078, 38.624120695492145], [-89.93259742104341, 38.62427134452904], [-89.93833315971467, 38.6244217128885], [-89.94406894114202, 38.62457180056415], [-89.94980476524591, 38.62472160754967], [-89.95554063194687, 38.62487113383877], [-89.96127654116528, 38.62502037942509], [-89.96701249282155, 38.625169344302385], [-89.97274848683627, 38.62531802846435], [-89.97848452312972, 38.62546643190471], [-89.98422060162243, 38.625614554617215], [-89.98995672223481, 38.62576239659562], [-89.9956928848873, 38.625909957833684], [-90.00142908950032, 38.62605723832518], [-90.00716533599429, 38.6262042380639], [-90.01290162428964, 38.62635095704363], [-90.01882443193752, 38.62199753976251], [-90.0245604460918, 38.62214367381969], [-90.03029650179865, 38.62228952714421], [-90.03603259897847, 38.622435099729884], [-90.04176873755169, 38.622580391570615], [-90.04768956620967, 38.61822542646607], [-90.05360968000618, 38.61387013007287], [-90.0593452273907, 38.61401453341643], [-90.0650808158304, 38.61415865608025], [-90.07081644524574, 38.61430249805824], [-90.07655211555712, 38.614446059344324], [-90.08228782668499, 38.614589339932465], [-90.08802357854981, 38.61473233981663], [-90.09375937107193, 38.61487505899075], [-90.09949520417183, 38.615017497448825], [-90.10505004462816, 38.61965986513943], [-90.11078631613944, 38.61980176485522], [-90.11634226958749, 38.624443634935055], [-90.12189893829279, 38.62908526529191], [-90.12745632243416, 38.63372665579325], [-90.13301442219031, 38.63836780630655], [-90.13857323774008, 38.64300871669927], [-90.14431153910874, 38.643149043887504], [-90.15004988039681, 38.64328909003685], [-90.15578826152439, 38.64342885514139], [-90.16152668241186, 38.64356833919522], [-90.16726514297947, 38.64370754219247], [-90.17300364314747, 38.64384646412727], [-90.17874218283609, 38.64398510499372], [-90.18448076196563, 38.64412346478601], [-90.19021938045634, 38.644261543498274], [-90.19613354616266, 38.639898793950096], [-90.20204699586435, 38.63553571516044], [-90.20795972970198, 38.63117230726659]]}}, {"type": "Feature", "properties": {"route_run_id": "stl_midamerica_to_st_louis_union_station_2026-03-07_0282", "route_pair": "midamerica_to_st_louis_union_station", "route_pair_label": "MidAmerica to St. Louis Union Station", "origin_label": "MidAmerica St. Louis Airport", "destination_label": "St. Louis Union Station", "origin_lat": 38.5451731, "origin_lon": -89.8351856, "destination_lat": 38.629167, "destination_lon": -90.2075, "traffic_date": "2026-03-07", "traffic_dataset": "March 7th - Saturday", "weight_id": "w_0282", "distance_weight": 0.8, "population_weight": 0.1, "traffic_weight": 0.1, "airspace_weight": 0.0, "path_nodes": 67, "path_node_ids": [8877, 8876, 8868, 8869, 8870, 8867, 9753, 9754, 9755, 9744, 9746, 9747, 9745, 9737, 9736, 9734, 9735, 9919, 9916, 9918, 9917, 9935, 9938, 9939, 9930, 9931, 9928, 9929, 9839, 9841, 9840, 9838, 9855, 9853, 9854, 9852, 9850, 9851, 9863, 9862, 1962, 1961, 1960, 1968, 1969, 1971, 1970, 1978, 1980, 1981, 1979, 2159, 2166, 2188, 2192, 2418, 2422, 2425, 2427, 2453, 2455, 2457, 2376, 2399, 2401, 2404, 2715], "elapsed_seconds": 0.008284199982881546, "status": "success", "failure_reason": "", "route_distance_km": 46.661821306275876, "distance_cost_sum": 51.354351932392525, "population_cost_sum": 19.048982943591955, "traffic_cost_sum": 16.410682473705606, "airspace_cost_sum": 38.0, "total_weighted_score": 44.62944808764378}, "geometry": {"type": "LineString", "coordinates": [[-89.83272609742262, 38.54503213945896], [-89.83845499191484, 38.54518713674757], [-89.84418393041321, 38.54534185422887], [-89.8499129128385, 38.54549629189633], [-89.85564193911159, 38.545650449743434], [-89.86137100915332, 38.54580432776372], [-89.86710012288452, 38.545957925950695], [-89.87282928022606, 38.546111244297876], [-89.8785584810987, 38.54626428279884], [-89.88428772542336, 38.54641704144712], [-89.8900170131208, 38.5465695202363], [-89.89574634411186, 38.54672171915994], [-89.90147571831739, 38.546873638211636], [-89.90720513565815, 38.54702527738502], [-89.91293459605497, 38.54717663667367], [-89.91866409942871, 38.54732771607122], [-89.92439364570006, 38.54747851557132], [-89.9301232347899, 38.54762903516762], [-89.93585286661902, 38.54777927485379], [-89.94158254110822, 38.54792923462347], [-89.94731225817821, 38.548078914470366], [-89.95304201774988, 38.54822831438818], [-89.95858208911035, 38.55287709782697], [-89.96431228957056, 38.553025961699916], [-89.97004253230493, 38.553174545580205], [-89.97577281723424, 38.553322849461594], [-89.9815031442792, 38.55347087333782], [-89.98723351336055, 38.553618617202645], [-89.99296392439905, 38.55376608104985], [-89.99869437731542, 38.55391326487322], [-90.00442487203037, 38.55406016866657], [-90.01015540846471, 38.55420679242369], [-90.0156997760314, 38.558853031674964], [-90.02143075196999, 38.55899911872885], [-90.0271617694001, 38.55914492568329], [-90.03289282824241, 38.5592904525321], [-90.0386239284176, 38.5594356992692], [-90.04435506984643, 38.55958066588843], [-90.0500862524495, 38.5597253523837], [-90.05581747614751, 38.55986975874894], [-90.06154874086116, 38.56001388497803], [-90.0672800465111, 38.56015773106491], [-90.073011393018, 38.560301297003505], [-90.07874278030255, 38.56044458278779], [-90.08447420828541, 38.56058758841172], [-90.09020567688721, 38.56073031386926], [-90.09593718602859, 38.5608727591544], [-90.10166873563026, 38.56101492426115], [-90.10740032561284, 38.561156809183515], [-90.11313195589696, 38.5612984139155], [-90.11886362640328, 38.561439738451156], [-90.12441585794114, 38.56608111085856], [-90.12996880268844, 38.57072224396472], [-90.13552246082332, 38.57536313763731], [-90.14107683252396, 38.580003791744], [-90.14663191796852, 38.58464420615243], [-90.15218771733517, 38.589284380730234], [-90.15774423080212, 38.593924315345014], [-90.16330145854758, 38.59856400986431], [-90.16885940074975, 38.60320346415569], [-90.17441805758689, 38.60784267808668], [-90.17997742923725, 38.612481651524796], [-90.18553751587909, 38.6171203843375], [-90.19127398739786, 38.61725833052981], [-90.19683518607279, 38.62189656380297], [-90.20239710011477, 38.62653455609276], [-90.20795972970198, 38.63117230726659]]}}, {"type": "Feature", "properties": {"route_run_id": "stl_midamerica_to_st_louis_union_station_2026-03-07_0087", "route_pair": "midamerica_to_st_louis_union_station", "route_pair_label": "MidAmerica to St. Louis Union Station", "origin_label": "MidAmerica St. Louis Airport", "destination_label": "St. Louis Union Station", "origin_lat": 38.5451731, "origin_lon": -89.8351856, "destination_lat": 38.629167, "destination_lon": -90.2075, "traffic_date": "2026-03-07", "traffic_dataset": "March 7th - Saturday", "weight_id": "w_0087", "distance_weight": 0.1, "population_weight": 0.2, "traffic_weight": 0.1, "airspace_weight": 0.6, "path_nodes": 68, "path_node_ids": [8877, 8881, 8904, 8922, 8923, 8927, 9145, 10016, 10018, 10062, 10055, 10058, 10094, 10096, 10103, 10104, 10110, 10109, 10516, 10515, 10290, 10289, 10294, 10281, 10292, 10293, 10304, 10303, 10270, 10313, 10180, 10312, 10181, 10203, 10200, 10202, 10197, 10185, 10187, 10186, 10191, 2276, 2518, 2519, 2510, 2517, 2515, 2516, 2530, 2534, 2532, 2558, 2840, 2842, 2843, 2841, 2854, 2852, 2853, 2851, 2861, 2862, 2863, 2763, 2762, 2737, 2732, 2715], "elapsed_seconds": 0.038894199999049306, "status": "success", "failure_reason": "", "route_distance_km": 51.330493858652396, "distance_cost_sum": 56.4925279958202, "population_cost_sum": 14.137494147438968, "traffic_cost_sum": 20.41994546223544, "airspace_cost_sum": 23.2, "total_weighted_score": 24.438746175293364}, "geometry": {"type": "LineString", "coordinates": [[-89.83272609742262, 38.54503213945896], [-89.83252853470323, 38.54953126729425], [-89.83806053424684, 38.55418543772932], [-89.84359324582596, 38.558839373542895], [-89.84912666962028, 38.563493074603095], [-89.85466080580946, 38.568146540778045], [-89.86019565457306, 38.572799771935806], [-89.86573121609086, 38.57745276794444], [-89.87126749054252, 38.58210552867199], [-89.8768044781077, 38.58675805398646], [-89.88234217896623, 38.591410343755804], [-89.8878805932977, 38.59606239784802], [-89.89341972128202, 38.600714216131045], [-89.89895956309883, 38.60536579847276], [-89.90450011892796, 38.61001714474108], [-89.91004138894921, 38.614668254803874], [-89.9155833733424, 38.61931912852895], [-89.92131862594731, 38.619470314708934], [-89.9268617252078, 38.624120695492145], [-89.93259742104341, 38.62427134452904], [-89.93852464134986, 38.619922189503846], [-89.94445114702152, 38.615572701498955], [-89.95018625645967, 38.61572246055001], [-89.9559214084743, 38.61587193899423], [-89.9616566029858, 38.61602113682532], [-89.96739183991471, 38.61617005403699], [-89.97312711918148, 38.61631869062297], [-89.97886244070665, 38.616467046576965], [-89.98478634265064, 38.61211539915841], [-89.99052139116867, 38.61226317018054], [-89.99625648169634, 38.61241066059679], [-90.00199161415404, 38.61255787040093], [-90.00772678846238, 38.612704799586744], [-90.01346200454176, 38.612851448148064], [-90.01919726231266, 38.612997816078675], [-90.02493256169556, 38.61314390337241], [-90.03085354083264, 38.60878979512565], [-90.03658856591449, 38.60893529783942], [-90.04232363235971, 38.609080519942665], [-90.04805874008878, 38.60922546142931], [-90.05360968000618, 38.61387013007287], [-90.0593452273907, 38.61401453341643], [-90.0650808158304, 38.61415865608025], [-90.07063326734246, 38.618802570824315], [-90.07636929508949, 38.61894615508724], [-90.08192285989396, 38.62358957308307], [-90.08765932674906, 38.623732618744384], [-90.09339583428118, 38.623875383605984], [-90.09895091075838, 38.62851804648185], [-90.10450670259345, 38.633160469873815], [-90.1102440470662, 38.63330243772981], [-90.11580095263906, 38.63794436326609], [-90.12135857394713, 38.64258604896054], [-90.12691691116937, 38.64722749468063], [-90.13265549047176, 38.64736840647394], [-90.1383941098626, 38.64750903719531], [-90.14413276926219, 38.64764938683886], [-90.14987146859082, 38.647789455398616], [-90.15561020776862, 38.64792924286868], [-90.16134898671594, 38.648068749243166], [-90.16708780535298, 38.6482079745162], [-90.17282666359999, 38.64834691868183], [-90.17856556137721, 38.64848558173427], [-90.18448076196563, 38.64412346478601], [-90.19021938045634, 38.644261543498274], [-90.19613354616266, 38.639898793950096], [-90.20204699586435, 38.63553571516044], [-90.20795972970198, 38.63117230726659]]}}, {"type": "Feature", "properties": {"route_run_id": "stl_midamerica_to_st_louis_union_station_2026-03-07_0189", "route_pair": "midamerica_to_st_louis_union_station", "route_pair_label": "MidAmerica to St. Louis Union Station", "origin_label": "MidAmerica St. Louis Airport", "destination_label": "St. Louis Union Station", "origin_lat": 38.5451731, "origin_lon": -89.8351856, "destination_lat": 38.629167, "destination_lon": -90.2075, "traffic_date": "2026-03-07", "traffic_dataset": "March 7th - Saturday", "weight_id": "w_0189", "distance_weight": 0.3, "population_weight": 0.3, "traffic_weight": 0.0, "airspace_weight": 0.4, "path_nodes": 68, "path_node_ids": [8877, 8881, 8904, 8922, 8923, 8927, 9145, 10016, 10018, 10062, 10055, 10058, 10094, 10096, 10103, 10104, 10110, 10109, 10516, 10515, 10514, 10517, 10522, 10299, 10300, 10301, 10309, 10308, 10310, 10343, 10345, 10344, 10342, 10355, 10210, 10208, 10209, 10326, 10328, 10329, 10327, 2522, 2524, 2523, 2514, 2517, 2515, 2516, 2530, 2534, 2532, 2558, 2840, 2839, 2838, 2827, 2849, 2848, 2850, 2837, 2859, 2858, 2860, 2763, 2762, 2737, 2732, 2715], "elapsed_seconds": 0.024789399933069944, "status": "success", "failure_reason": "", "route_distance_km": 49.20045512079, "distance_cost_sum": 54.14828261680189, "population_cost_sum": 14.193327193589042, "traffic_cost_sum": 26.333622662755896, "airspace_cost_sum": 23.2, "total_weighted_score": 29.782482943117287}, "geometry": {"type": "LineString", "coordinates": [[-89.83272609742262, 38.54503213945896], [-89.83252853470323, 38.54953126729425], [-89.83806053424684, 38.55418543772932], [-89.84359324582596, 38.558839373542895], [-89.84912666962028, 38.563493074603095], [-89.85466080580946, 38.568146540778045], [-89.86019565457306, 38.572799771935806], [-89.86573121609086, 38.57745276794444], [-89.87126749054252, 38.58210552867199], [-89.8768044781077, 38.58675805398646], [-89.88234217896623, 38.591410343755804], [-89.8878805932977, 38.59606239784802], [-89.89341972128202, 38.600714216131045], [-89.89895956309883, 38.60536579847276], [-89.90450011892796, 38.61001714474108], [-89.91004138894921, 38.614668254803874], [-89.9155833733424, 38.61931912852895], [-89.92131862594731, 38.619470314708934], [-89.9268617252078, 38.624120695492145], [-89.93259742104341, 38.62427134452904], [-89.93833315971467, 38.6244217128885], [-89.94406894114202, 38.62457180056415], [-89.94980476524591, 38.62472160754967], [-89.95554063194687, 38.62487113383877], [-89.96127654116528, 38.62502037942509], [-89.96701249282155, 38.625169344302385], [-89.97274848683627, 38.62531802846435], [-89.97848452312972, 38.62546643190471], [-89.98422060162243, 38.625614554617215], [-89.98995672223481, 38.62576239659562], [-89.9956928848873, 38.625909957833684], [-90.00142908950032, 38.62605723832518], [-90.00716533599429, 38.6262042380639], [-90.01290162428964, 38.62635095704363], [-90.01882443193752, 38.62199753976251], [-90.0245604460918, 38.62214367381969], [-90.03029650179865, 38.62228952714421], [-90.03603259897847, 38.622435099729884], [-90.04176873755169, 38.622580391570615], [-90.04750491743872, 38.62272540266021], [-90.05324113855997, 38.6228701329926], [-90.0589774008359, 38.62301458256169], [-90.06471370418684, 38.62315875136136], [-90.07045004853325, 38.62330263938551], [-90.07618643379548, 38.623446246628106], [-90.08192285989396, 38.62358957308307], [-90.08765932674906, 38.623732618744384], [-90.09339583428118, 38.623875383605984], [-90.09895091075838, 38.62851804648185], [-90.10450670259345, 38.633160469873815], [-90.1102440470662, 38.63330243772981], [-90.11580095263906, 38.63794436326609], [-90.12135857394713, 38.64258604896054], [-90.12709675507955, 38.642727219229855], [-90.13283497637043, 38.64286810847808], [-90.13857323774008, 38.64300871669927], [-90.14431153910874, 38.643149043887504], [-90.15004988039681, 38.64328909003685], [-90.15578826152439, 38.64342885514139], [-90.16152668241186, 38.64356833919522], [-90.16726514297947, 38.64370754219247], [-90.17300364314747, 38.64384646412727], [-90.17874218283609, 38.64398510499372], [-90.18448076196563, 38.64412346478601], [-90.19021938045634, 38.644261543498274], [-90.19613354616266, 38.639898793950096], [-90.20204699586435, 38.63553571516044], [-90.20795972970198, 38.63117230726659]]}}, {"type": "Feature", "properties": {"route_run_id": "stl_midamerica_to_st_louis_union_station_2026-03-07_0211", "route_pair": "midamerica_to_st_louis_union_station", "route_pair_label": "MidAmerica to St. Louis Union Station", "origin_label": "MidAmerica St. Louis Airport", "destination_label": "St. Louis Union Station", "origin_lat": 38.5451731, "origin_lon": -89.8351856, "destination_lat": 38.629167, "destination_lon": -90.2075, "traffic_date": "2026-03-07", "traffic_dataset": "March 7th - Saturday", "weight_id": "w_0211", "distance_weight": 0.4, "population_weight": 0.1, "traffic_weight": 0.0, "airspace_weight": 0.5, "path_nodes": 67, "path_node_ids": [8877, 8879, 8896, 8900, 8924, 8930, 10012, 10015, 10019, 10053, 10057, 10054, 10061, 10051, 10049, 10072, 10079, 10284, 10288, 10286, 10289, 10294, 10281, 10292, 10293, 10304, 10303, 10302, 10315, 10316, 10312, 10181, 10203, 10200, 10202, 10201, 10189, 10190, 10188, 10191, 2276, 2518, 2277, 2509, 2287, 2508, 2286, 2298, 2300, 2301, 2307, 2491, 2492, 2818, 2496, 2507, 2506, 2828, 2505, 2809, 2811, 2810, 2728, 2730, 2731, 2729, 2715], "elapsed_seconds": 0.017720300005748868, "status": "success", "failure_reason": "", "route_distance_km": 47.22076683153593, "distance_cost_sum": 51.969507629527335, "population_cost_sum": 20.395919900589973, "traffic_cost_sum": 24.70309354296587, "airspace_cost_sum": 22.6, "total_weighted_score": 34.12739504186994}, "geometry": {"type": "LineString", "coordinates": [[-89.83272609742262, 38.54503213945896], [-89.83825778508921, 38.54968628939868], [-89.84379018463301, 38.55434020475587], [-89.84932329623358, 38.558993885398685], [-89.85485712007056, 38.56364733119524], [-89.86039165632353, 38.56830054201366], [-89.86592690517212, 38.57295351772198], [-89.871462866796, 38.577606258188254], [-89.87699954137483, 38.582258763280514], [-89.88253692908823, 38.586911032866766], [-89.88807503011597, 38.59156306681497], [-89.89380792466403, 38.591715509561276], [-89.89934713930707, 38.59636705177409], [-89.90508047722643, 38.59651895818466], [-89.91081385831642, 38.59667058421835], [-89.91635458673171, 38.60132137816604], [-89.92189602906302, 38.60597193580059], [-89.92743818549003, 38.61062225698987], [-89.93298105619242, 38.615272341601674], [-89.93871608023923, 38.61542266184741], [-89.94445114702152, 38.615572701498955], [-89.95018625645967, 38.61572246055001], [-89.9559214084743, 38.61587193899423], [-89.9616566029858, 38.61602113682532], [-89.96739183991471, 38.61617005403699], [-89.97312711918148, 38.61631869062297], [-89.97886244070665, 38.616467046576965], [-89.9845978044106, 38.61661512189275], [-89.9903332102139, 38.61676291656407], [-89.99606865803695, 38.61691043058469], [-90.00199161415404, 38.61255787040093], [-90.00772678846238, 38.612704799586744], [-90.01346200454176, 38.612851448148064], [-90.01919726231266, 38.612997816078675], [-90.02493256169556, 38.61314390337241], [-90.03066790261092, 38.61328971002312], [-90.03640328497923, 38.613435236024664], [-90.04213870872088, 38.61358048137086], [-90.04787417375634, 38.61372544605564], [-90.05360968000618, 38.61387013007287], [-90.0593452273907, 38.61401453341643], [-90.0650808158304, 38.61415865608025], [-90.07081644524574, 38.61430249805824], [-90.07655211555712, 38.614446059344324], [-90.08228782668499, 38.614589339932465], [-90.08802357854981, 38.61473233981663], [-90.09375937107193, 38.61487505899075], [-90.09949520417183, 38.615017497448825], [-90.10505004462816, 38.61965986513943], [-90.11078631613944, 38.61980176485522], [-90.11634226958749, 38.624443634935055], [-90.1220789793104, 38.62458499570804], [-90.12781572923257, 38.62472607564535], [-90.13337319363258, 38.629367189437694], [-90.13911038141684, 38.62950773017495], [-90.14484760917111, 38.62964799001386], [-90.15058487681573, 38.629787968948484], [-90.156322184271, 38.62992766697294], [-90.16205953145733, 38.63006708408134], [-90.16779691829495, 38.630206220267794], [-90.17353434470424, 38.6303450755264], [-90.17927181060547, 38.63048364985134], [-90.185009315919, 38.63062194323676], [-90.1907468605651, 38.6307599556768], [-90.1964844444641, 38.63089768716567], [-90.2022220675363, 38.63103513769752], [-90.20795972970198, 38.63117230726659]]}}, {"type": "Feature", "properties": {"route_run_id": "stl_midamerica_to_st_louis_union_station_2026-03-07_0264", "route_pair": "midamerica_to_st_louis_union_station", "route_pair_label": "MidAmerica to St. Louis Union Station", "origin_label": "MidAmerica St. Louis Airport", "destination_label": "St. Louis Union Station", "origin_lat": 38.5451731, "origin_lon": -89.8351856, "destination_lat": 38.629167, "destination_lon": -90.2075, "traffic_date": "2026-03-07", "traffic_dataset": "March 7th - Saturday", "weight_id": "w_0264", "distance_weight": 0.6, "population_weight": 0.2, "traffic_weight": 0.2, "airspace_weight": 0.0, "path_nodes": 67, "path_node_ids": [8877, 8876, 8868, 8869, 8870, 8867, 9753, 9754, 9755, 9744, 9746, 9747, 9745, 9737, 9736, 9734, 9735, 9919, 9916, 9918, 9917, 9935, 9938, 9939, 9930, 9931, 9928, 9929, 9839, 9841, 9840, 9838, 9855, 9853, 9854, 9852, 9850, 9851, 9863, 9862, 1962, 1961, 1960, 1968, 1969, 1971, 1970, 1978, 1980, 1981, 1979, 2159, 2166, 2188, 2192, 2418, 2422, 2425, 2427, 2453, 2455, 2457, 2376, 2399, 2401, 2404, 2715], "elapsed_seconds": 0.012458999990485609, "status": "success", "failure_reason": "", "route_distance_km": 46.661821306275876, "distance_cost_sum": 51.354351932392525, "population_cost_sum": 19.048982943591955, "traffic_cost_sum": 16.410682473705606, "airspace_cost_sum": 38.0, "total_weighted_score": 37.90454424289503}, "geometry": {"type": "LineString", "coordinates": [[-89.83272609742262, 38.54503213945896], [-89.83845499191484, 38.54518713674757], [-89.84418393041321, 38.54534185422887], [-89.8499129128385, 38.54549629189633], [-89.85564193911159, 38.545650449743434], [-89.86137100915332, 38.54580432776372], [-89.86710012288452, 38.545957925950695], [-89.87282928022606, 38.546111244297876], [-89.8785584810987, 38.54626428279884], [-89.88428772542336, 38.54641704144712], [-89.8900170131208, 38.5465695202363], [-89.89574634411186, 38.54672171915994], [-89.90147571831739, 38.546873638211636], [-89.90720513565815, 38.54702527738502], [-89.91293459605497, 38.54717663667367], [-89.91866409942871, 38.54732771607122], [-89.92439364570006, 38.54747851557132], [-89.9301232347899, 38.54762903516762], [-89.93585286661902, 38.54777927485379], [-89.94158254110822, 38.54792923462347], [-89.94731225817821, 38.548078914470366], [-89.95304201774988, 38.54822831438818], [-89.95858208911035, 38.55287709782697], [-89.96431228957056, 38.553025961699916], [-89.97004253230493, 38.553174545580205], [-89.97577281723424, 38.553322849461594], [-89.9815031442792, 38.55347087333782], [-89.98723351336055, 38.553618617202645], [-89.99296392439905, 38.55376608104985], [-89.99869437731542, 38.55391326487322], [-90.00442487203037, 38.55406016866657], [-90.01015540846471, 38.55420679242369], [-90.0156997760314, 38.558853031674964], [-90.02143075196999, 38.55899911872885], [-90.0271617694001, 38.55914492568329], [-90.03289282824241, 38.5592904525321], [-90.0386239284176, 38.5594356992692], [-90.04435506984643, 38.55958066588843], [-90.0500862524495, 38.5597253523837], [-90.05581747614751, 38.55986975874894], [-90.06154874086116, 38.56001388497803], [-90.0672800465111, 38.56015773106491], [-90.073011393018, 38.560301297003505], [-90.07874278030255, 38.56044458278779], [-90.08447420828541, 38.56058758841172], [-90.09020567688721, 38.56073031386926], [-90.09593718602859, 38.5608727591544], [-90.10166873563026, 38.56101492426115], [-90.10740032561284, 38.561156809183515], [-90.11313195589696, 38.5612984139155], [-90.11886362640328, 38.561439738451156], [-90.12441585794114, 38.56608111085856], [-90.12996880268844, 38.57072224396472], [-90.13552246082332, 38.57536313763731], [-90.14107683252396, 38.580003791744], [-90.14663191796852, 38.58464420615243], [-90.15218771733517, 38.589284380730234], [-90.15774423080212, 38.593924315345014], [-90.16330145854758, 38.59856400986431], [-90.16885940074975, 38.60320346415569], [-90.17441805758689, 38.60784267808668], [-90.17997742923725, 38.612481651524796], [-90.18553751587909, 38.6171203843375], [-90.19127398739786, 38.61725833052981], [-90.19683518607279, 38.62189656380297], [-90.20239710011477, 38.62653455609276], [-90.20795972970198, 38.63117230726659]]}}, {"type": "Feature", "properties": {"route_run_id": "stl_midamerica_to_st_louis_union_station_2026-03-07_0266", "route_pair": "midamerica_to_st_louis_union_station", "route_pair_label": "MidAmerica to St. Louis Union Station", "origin_label": "MidAmerica St. Louis Airport", "destination_label": "St. Louis Union Station", "origin_lat": 38.5451731, "origin_lon": -89.8351856, "destination_lat": 38.629167, "destination_lon": -90.2075, "traffic_date": "2026-03-07", "traffic_dataset": "March 7th - Saturday", "weight_id": "w_0266", "distance_weight": 0.6, "population_weight": 0.3, "traffic_weight": 0.1, "airspace_weight": 0.0, "path_nodes": 67, "path_node_ids": [8877, 8876, 8868, 8869, 8870, 8867, 9753, 9754, 9755, 9744, 9746, 9747, 9745, 9737, 9736, 9734, 9735, 9919, 9916, 9918, 9917, 9935, 9938, 9939, 9930, 9931, 9928, 9929, 9839, 9873, 9878, 9876, 9859, 9857, 9892, 9894, 9906, 9907, 9908, 9909, 2213, 2212, 2214, 1997, 1994, 1995, 1996, 2005, 2004, 2007, 2006, 2191, 2194, 2193, 2192, 2418, 2422, 2425, 2427, 2453, 2455, 2457, 2376, 2399, 2401, 2404, 2715], "elapsed_seconds": 0.013242499902844429, "status": "success", "failure_reason": "", "route_distance_km": 46.66483855528596, "distance_cost_sum": 51.357672610051345, "population_cost_sum": 17.7725010107366, "traffic_cost_sum": 18.701551684193102, "airspace_cost_sum": 38.0, "total_weighted_score": 38.01650903767109}, "geometry": {"type": "LineString", "coordinates": [[-89.83272609742262, 38.54503213945896], [-89.83845499191484, 38.54518713674757], [-89.84418393041321, 38.54534185422887], [-89.8499129128385, 38.54549629189633], [-89.85564193911159, 38.545650449743434], [-89.86137100915332, 38.54580432776372], [-89.86710012288452, 38.545957925950695], [-89.87282928022606, 38.546111244297876], [-89.8785584810987, 38.54626428279884], [-89.88428772542336, 38.54641704144712], [-89.8900170131208, 38.5465695202363], [-89.89574634411186, 38.54672171915994], [-89.90147571831739, 38.546873638211636], [-89.90720513565815, 38.54702527738502], [-89.91293459605497, 38.54717663667367], [-89.91866409942871, 38.54732771607122], [-89.92439364570006, 38.54747851557132], [-89.9301232347899, 38.54762903516762], [-89.93585286661902, 38.54777927485379], [-89.94158254110822, 38.54792923462347], [-89.94731225817821, 38.548078914470366], [-89.95304201774988, 38.54822831438818], [-89.95858208911035, 38.55287709782697], [-89.96431228957056, 38.553025961699916], [-89.97004253230493, 38.553174545580205], [-89.97577281723424, 38.553322849461594], [-89.9815031442792, 38.55347087333782], [-89.98723351336055, 38.553618617202645], [-89.99296392439905, 38.55376608104985], [-89.9985070979577, 38.55841308997815], [-90.00405098413212, 38.56305986168546], [-90.00978223321245, 38.56320653239988], [-90.01551352395292, 38.56335292298239], [-90.02124485627424, 38.56349903342687], [-90.0267906493719, 38.568144797547276], [-90.03233715550313, 38.57279032390402], [-90.03788437484658, 38.57743561236495], [-90.04361694244231, 38.577580671847514], [-90.0493495512521, 38.57772545102705], [-90.05508220119658, 38.57786994989744], [-90.06081489219632, 38.57801416845261], [-90.06654762417196, 38.57815810668649], [-90.072280397044, 38.57830176459299], [-90.07801321073313, 38.57844514216606], [-90.0837460651599, 38.578588239399664], [-90.08947896024489, 38.57873105628777], [-90.09521189590866, 38.57887359282438], [-90.10094487207182, 38.57901584900345], [-90.10667788865496, 38.579157824818985], [-90.11241094557855, 38.579299520265025], [-90.11814404276322, 38.57944093533558], [-90.12387718012955, 38.579582070024706], [-90.1296103575981, 38.57972292432643], [-90.13534357508938, 38.579863498234836], [-90.14107683252396, 38.580003791744], [-90.14663191796852, 38.58464420615243], [-90.15218771733517, 38.589284380730234], [-90.15774423080212, 38.593924315345014], [-90.16330145854758, 38.59856400986431], [-90.16885940074975, 38.60320346415569], [-90.17441805758689, 38.60784267808668], [-90.17997742923725, 38.612481651524796], [-90.18553751587909, 38.6171203843375], [-90.19127398739786, 38.61725833052981], [-90.19683518607279, 38.62189656380297], [-90.20239710011477, 38.62653455609276], [-90.20795972970198, 38.63117230726659]]}}, {"type": "Feature", "properties": {"route_run_id": "stl_midamerica_to_st_louis_union_station_2026-03-07_0226", "route_pair": "midamerica_to_st_louis_union_station", "route_pair_label": "MidAmerica to St. Louis Union Station", "origin_label": "MidAmerica St. Louis Airport", "destination_label": "St. Louis Union Station", "origin_lat": 38.5451731, "origin_lon": -89.8351856, "destination_lat": 38.629167, "destination_lon": -90.2075, "traffic_date": "2026-03-07", "traffic_dataset": "March 7th - Saturday", "weight_id": "w_0226", "distance_weight": 0.4, "population_weight": 0.4, "traffic_weight": 0.0, "airspace_weight": 0.2, "path_nodes": 68, "path_node_ids": [8877, 8881, 8904, 8922, 8923, 8927, 9145, 10016, 10018, 10062, 10055, 10058, 10094, 10096, 10103, 10104, 10110, 10109, 10516, 10515, 10514, 10517, 10522, 10299, 10300, 10301, 10309, 10308, 10310, 10343, 10345, 10344, 10342, 10355, 10210, 10208, 10209, 10326, 10328, 10329, 10327, 2522, 2524, 2523, 2514, 2517, 2515, 2516, 2530, 2534, 2532, 2558, 2840, 2839, 2838, 2827, 2849, 2848, 2850, 2837, 2859, 2858, 2860, 2763, 2762, 2737, 2732, 2715], "elapsed_seconds": 0.020514799980446696, "status": "success", "failure_reason": "", "route_distance_km": 49.20045512079, "distance_cost_sum": 54.14828261680189, "population_cost_sum": 14.193327193589042, "traffic_cost_sum": 26.333622662755896, "airspace_cost_sum": 23.2, "total_weighted_score": 31.97664392415638}, "geometry": {"type": "LineString", "coordinates": [[-89.83272609742262, 38.54503213945896], [-89.83252853470323, 38.54953126729425], [-89.83806053424684, 38.55418543772932], [-89.84359324582596, 38.558839373542895], [-89.84912666962028, 38.563493074603095], [-89.85466080580946, 38.568146540778045], [-89.86019565457306, 38.572799771935806], [-89.86573121609086, 38.57745276794444], [-89.87126749054252, 38.58210552867199], [-89.8768044781077, 38.58675805398646], [-89.88234217896623, 38.591410343755804], [-89.8878805932977, 38.59606239784802], [-89.89341972128202, 38.600714216131045], [-89.89895956309883, 38.60536579847276], [-89.90450011892796, 38.61001714474108], [-89.91004138894921, 38.614668254803874], [-89.9155833733424, 38.61931912852895], [-89.92131862594731, 38.619470314708934], [-89.9268617252078, 38.624120695492145], [-89.93259742104341, 38.62427134452904], [-89.93833315971467, 38.6244217128885], [-89.94406894114202, 38.62457180056415], [-89.94980476524591, 38.62472160754967], [-89.95554063194687, 38.62487113383877], [-89.96127654116528, 38.62502037942509], [-89.96701249282155, 38.625169344302385], [-89.97274848683627, 38.62531802846435], [-89.97848452312972, 38.62546643190471], [-89.98422060162243, 38.625614554617215], [-89.98995672223481, 38.62576239659562], [-89.9956928848873, 38.625909957833684], [-90.00142908950032, 38.62605723832518], [-90.00716533599429, 38.6262042380639], [-90.01290162428964, 38.62635095704363], [-90.01882443193752, 38.62199753976251], [-90.0245604460918, 38.62214367381969], [-90.03029650179865, 38.62228952714421], [-90.03603259897847, 38.622435099729884], [-90.04176873755169, 38.622580391570615], [-90.04750491743872, 38.62272540266021], [-90.05324113855997, 38.6228701329926], [-90.0589774008359, 38.62301458256169], [-90.06471370418684, 38.62315875136136], [-90.07045004853325, 38.62330263938551], [-90.07618643379548, 38.623446246628106], [-90.08192285989396, 38.62358957308307], [-90.08765932674906, 38.623732618744384], [-90.09339583428118, 38.623875383605984], [-90.09895091075838, 38.62851804648185], [-90.10450670259345, 38.633160469873815], [-90.1102440470662, 38.63330243772981], [-90.11580095263906, 38.63794436326609], [-90.12135857394713, 38.64258604896054], [-90.12709675507955, 38.642727219229855], [-90.13283497637043, 38.64286810847808], [-90.13857323774008, 38.64300871669927], [-90.14431153910874, 38.643149043887504], [-90.15004988039681, 38.64328909003685], [-90.15578826152439, 38.64342885514139], [-90.16152668241186, 38.64356833919522], [-90.16726514297947, 38.64370754219247], [-90.17300364314747, 38.64384646412727], [-90.17874218283609, 38.64398510499372], [-90.18448076196563, 38.64412346478601], [-90.19021938045634, 38.644261543498274], [-90.19613354616266, 38.639898793950096], [-90.20204699586435, 38.63553571516044], [-90.20795972970198, 38.63117230726659]]}}, {"type": "Feature", "properties": {"route_run_id": "stl_midamerica_to_st_louis_union_station_2026-03-07_0078", "route_pair": "midamerica_to_st_louis_union_station", "route_pair_label": "MidAmerica to St. Louis Union Station", "origin_label": "MidAmerica St. Louis Airport", "destination_label": "St. Louis Union Station", "origin_lat": 38.5451731, "origin_lon": -89.8351856, "destination_lat": 38.629167, "destination_lon": -90.2075, "traffic_date": "2026-03-07", "traffic_dataset": "March 7th - Saturday", "weight_id": "w_0078", "distance_weight": 0.1, "population_weight": 0.1, "traffic_weight": 0.1, "airspace_weight": 0.7, "path_nodes": 68, "path_node_ids": [8877, 8881, 8904, 8922, 8923, 8927, 9145, 10016, 10018, 10062, 10055, 10058, 10094, 10096, 10103, 10104, 10110, 10109, 10516, 10515, 10290, 10289, 10294, 10281, 10292, 10293, 10304, 10303, 10270, 10313, 10180, 10312, 10181, 10203, 10200, 10202, 10197, 10185, 10187, 10186, 10191, 2276, 2275, 2274, 2285, 2280, 2281, 2282, 2298, 2300, 2301, 2307, 2491, 2497, 2818, 2496, 2507, 2506, 2828, 2505, 2809, 2811, 2808, 2405, 2730, 2731, 2729, 2715], "elapsed_seconds": 0.040370000060647726, "status": "success", "failure_reason": "", "route_distance_km": 50.79351841085818, "distance_cost_sum": 55.90155178972494, "population_cost_sum": 17.301479804802703, "traffic_cost_sum": 20.34010278678354, "airspace_cost_sum": 22.6, "total_weighted_score": 25.174313438131126}, "geometry": {"type": "LineString", "coordinates": [[-89.83272609742262, 38.54503213945896], [-89.83252853470323, 38.54953126729425], [-89.83806053424684, 38.55418543772932], [-89.84359324582596, 38.558839373542895], [-89.84912666962028, 38.563493074603095], [-89.85466080580946, 38.568146540778045], [-89.86019565457306, 38.572799771935806], [-89.86573121609086, 38.57745276794444], [-89.87126749054252, 38.58210552867199], [-89.8768044781077, 38.58675805398646], [-89.88234217896623, 38.591410343755804], [-89.8878805932977, 38.59606239784802], [-89.89341972128202, 38.600714216131045], [-89.89895956309883, 38.60536579847276], [-89.90450011892796, 38.61001714474108], [-89.91004138894921, 38.614668254803874], [-89.9155833733424, 38.61931912852895], [-89.92131862594731, 38.619470314708934], [-89.9268617252078, 38.624120695492145], [-89.93259742104341, 38.62427134452904], [-89.93852464134986, 38.619922189503846], [-89.94445114702152, 38.615572701498955], [-89.95018625645967, 38.61572246055001], [-89.9559214084743, 38.61587193899423], [-89.9616566029858, 38.61602113682532], [-89.96739183991471, 38.61617005403699], [-89.97312711918148, 38.61631869062297], [-89.97886244070665, 38.616467046576965], [-89.98478634265064, 38.61211539915841], [-89.99052139116867, 38.61226317018054], [-89.99625648169634, 38.61241066059679], [-90.00199161415404, 38.61255787040093], [-90.00772678846238, 38.612704799586744], [-90.01346200454176, 38.612851448148064], [-90.01919726231266, 38.612997816078675], [-90.02493256169556, 38.61314390337241], [-90.03085354083264, 38.60878979512565], [-90.03658856591449, 38.60893529783942], [-90.04232363235971, 38.609080519942665], [-90.04805874008878, 38.60922546142931], [-90.05360968000618, 38.61387013007287], [-90.0593452273907, 38.61401453341643], [-90.06526431018379, 38.60965860212844], [-90.07099958225297, 38.609802421087586], [-90.07673489520826, 38.60994595939966], [-90.08265263052834, 38.605589089986196], [-90.08838766772114, 38.60573204410446], [-90.09394107859575, 38.61037489039303], [-90.09949520417183, 38.615017497448825], [-90.10505004462816, 38.61965986513943], [-90.11078631613944, 38.61980176485522], [-90.11634226958749, 38.624443634935055], [-90.1220789793104, 38.62458499570804], [-90.12763604589804, 38.629226367808045], [-90.13337319363258, 38.629367189437694], [-90.13911038141684, 38.62950773017495], [-90.14484760917111, 38.62964799001386], [-90.15058487681573, 38.629787968948484], [-90.156322184271, 38.62992766697294], [-90.16205953145733, 38.63006708408134], [-90.16779691829495, 38.630206220267794], [-90.17353434470424, 38.6303450755264], [-90.179448274358, 38.625983156498016], [-90.18518542189227, 38.626121427753255], [-90.1907468605651, 38.6307599556768], [-90.1964844444641, 38.63089768716567], [-90.2022220675363, 38.63103513769752], [-90.20795972970198, 38.63117230726659]]}}, {"type": "Feature", "properties": {"route_run_id": "stl_midamerica_to_st_louis_union_station_2026-03-07_0253", "route_pair": "midamerica_to_st_louis_union_station", "route_pair_label": "MidAmerica to St. Louis Union Station", "origin_label": "MidAmerica St. Louis Airport", "destination_label": "St. Louis Union Station", "origin_lat": 38.5451731, "origin_lon": -89.8351856, "destination_lat": 38.629167, "destination_lon": -90.2075, "traffic_date": "2026-03-07", "traffic_dataset": "March 7th - Saturday", "weight_id": "w_0253", "distance_weight": 0.6, "population_weight": 0.0, "traffic_weight": 0.0, "airspace_weight": 0.4, "path_nodes": 67, "path_node_ids": [8877, 8876, 8892, 8897, 8899, 8926, 9788, 10013, 10014, 10036, 10052, 10054, 10061, 10051, 10049, 10048, 10050, 10253, 10252, 10241, 10240, 10248, 10246, 10247, 10245, 10231, 10230, 10262, 10150, 10148, 10149, 10151, 10161, 10159, 10158, 10160, 10166, 10168, 10167, 10169, 2247, 2269, 2268, 2257, 2256, 2254, 2279, 2293, 2296, 2301, 2303, 2491, 2492, 2818, 2496, 2507, 2506, 2828, 2505, 2809, 2811, 2810, 2728, 2730, 2731, 2729, 2715], "elapsed_seconds": 0.011390400002710521, "status": "success", "failure_reason": "", "route_distance_km": 46.683328700980354, "distance_cost_sum": 51.37802221113185, "population_cost_sum": 29.474393947782595, "traffic_cost_sum": 21.16368640132933, "airspace_cost_sum": 22.6, "total_weighted_score": 39.866813326679114}, "geometry": {"type": "LineString", "coordinates": [[-89.83272609742262, 38.54503213945896], [-89.83845499191484, 38.54518713674757], [-89.84398707949187, 38.54984103165108], [-89.84951987896733, 38.55449469187918], [-89.85505339052077, 38.559148117300026], [-89.86058761433173, 38.563801307781745], [-89.86612255057987, 38.568454263192415], [-89.87165819944471, 38.57310698340007], [-89.87719456110594, 38.577759468272795], [-89.88273163574308, 38.582411717678575], [-89.88826942353593, 38.58706373148541], [-89.89380792466403, 38.591715509561276], [-89.89934713930707, 38.59636705177409], [-89.90508047722643, 38.59651895818466], [-89.91081385831642, 38.59667058421835], [-89.91654728249756, 38.596821929868824], [-89.92228074969049, 38.59697299512966], [-89.92801425981584, 38.59712377999449], [-89.93374781279411, 38.597274284457015], [-89.93948140854593, 38.5974245085108], [-89.94521504699188, 38.5975744521496], [-89.95094872805251, 38.59772411536704], [-89.95668245164843, 38.59787349815684], [-89.96241621770018, 38.59802260051268], [-89.96815002612831, 38.59817142242828], [-89.9738838768534, 38.59831996389739], [-89.97961776979602, 38.59846822491371], [-89.98535170487666, 38.59861620547102], [-89.99108568201598, 38.59876390556306], [-89.99681970113441, 38.59891132518362], [-90.00255376215256, 38.59905846432648], [-90.00828786499093, 38.59920532298544], [-90.01402200957008, 38.5993519011543], [-90.01975619581054, 38.599498198826886], [-90.02549042363282, 38.599644215997024], [-90.03122469295744, 38.59978995265856], [-90.03695900370492, 38.599935408805365], [-90.0426933557958, 38.60008058443128], [-90.04842774915056, 38.600225479530216], [-90.05416218368977, 38.60037009409603], [-90.05989665933384, 38.60051442812264], [-90.06563117600335, 38.600658481603965], [-90.07136573361876, 38.60080225453393], [-90.07710033210058, 38.60094574690646], [-90.0828349713693, 38.601088958715515], [-90.08856965134538, 38.60123188995506], [-90.0941227455516, 38.605874717602354], [-90.09967655430022, 38.61051730605643], [-90.10523107776994, 38.61515965518486], [-90.11078631613944, 38.61980176485522], [-90.11652262799952, 38.61994338379215], [-90.1220789793104, 38.62458499570804], [-90.12781572923257, 38.62472607564535], [-90.13337319363258, 38.629367189437694], [-90.13911038141684, 38.62950773017495], [-90.14484760917111, 38.62964799001386], [-90.15058487681573, 38.629787968948484], [-90.156322184271, 38.62992766697294], [-90.16205953145733, 38.63006708408134], [-90.16779691829495, 38.630206220267794], [-90.17353434470424, 38.6303450755264], [-90.17927181060547, 38.63048364985134], [-90.185009315919, 38.63062194323676], [-90.1907468605651, 38.6307599556768], [-90.1964844444641, 38.63089768716567], [-90.2022220675363, 38.63103513769752], [-90.20795972970198, 38.63117230726659]]}}, {"type": "Feature", "properties": {"route_run_id": "stl_midamerica_to_st_louis_union_station_2026-03-07_0279", "route_pair": "midamerica_to_st_louis_union_station", "route_pair_label": "MidAmerica to St. Louis Union Station", "origin_label": "MidAmerica St. Louis Airport", "destination_label": "St. Louis Union Station", "origin_lat": 38.5451731, "origin_lon": -89.8351856, "destination_lat": 38.629167, "destination_lon": -90.2075, "traffic_date": "2026-03-07", "traffic_dataset": "March 7th - Saturday", "weight_id": "w_0279", "distance_weight": 0.8, "population_weight": 0.0, "traffic_weight": 0.1, "airspace_weight": 0.1, "path_nodes": 67, "path_node_ids": [8877, 8876, 8892, 8897, 8899, 8926, 9788, 10013, 10014, 10036, 10052, 10054, 10061, 10051, 10049, 10048, 10050, 10253, 10252, 10241, 10240, 10248, 10246, 10247, 10245, 10231, 10230, 10262, 10150, 10148, 10149, 10151, 10161, 10159, 10158, 10160, 10166, 10168, 10167, 10169, 2247, 2269, 2268, 2257, 2280, 2281, 2282, 2293, 2296, 2301, 2303, 2491, 2497, 2818, 2496, 2507, 2506, 2828, 2505, 2809, 2811, 2810, 2728, 2730, 2731, 2729, 2715], "elapsed_seconds": 0.007987800054252148, "status": "success", "failure_reason": "", "route_distance_km": 46.68348381080322, "distance_cost_sum": 51.37819291952277, "population_cost_sum": 29.833108769446547, "traffic_cost_sum": 19.866839333529782, "airspace_cost_sum": 22.6, "total_weighted_score": 45.34923826897119}, "geometry": {"type": "LineString", "coordinates": [[-89.83272609742262, 38.54503213945896], [-89.83845499191484, 38.54518713674757], [-89.84398707949187, 38.54984103165108], [-89.84951987896733, 38.55449469187918], [-89.85505339052077, 38.559148117300026], [-89.86058761433173, 38.563801307781745], [-89.86612255057987, 38.568454263192415], [-89.87165819944471, 38.57310698340007], [-89.87719456110594, 38.577759468272795], [-89.88273163574308, 38.582411717678575], [-89.88826942353593, 38.58706373148541], [-89.89380792466403, 38.591715509561276], [-89.89934713930707, 38.59636705177409], [-89.90508047722643, 38.59651895818466], [-89.91081385831642, 38.59667058421835], [-89.91654728249756, 38.596821929868824], [-89.92228074969049, 38.59697299512966], [-89.92801425981584, 38.59712377999449], [-89.93374781279411, 38.597274284457015], [-89.93948140854593, 38.5974245085108], [-89.94521504699188, 38.5975744521496], [-89.95094872805251, 38.59772411536704], [-89.95668245164843, 38.59787349815684], [-89.96241621770018, 38.59802260051268], [-89.96815002612831, 38.59817142242828], [-89.9738838768534, 38.59831996389739], [-89.97961776979602, 38.59846822491371], [-89.98535170487666, 38.59861620547102], [-89.99108568201598, 38.59876390556306], [-89.99681970113441, 38.59891132518362], [-90.00255376215256, 38.59905846432648], [-90.00828786499093, 38.59920532298544], [-90.01402200957008, 38.5993519011543], [-90.01975619581054, 38.599498198826886], [-90.02549042363282, 38.599644215997024], [-90.03122469295744, 38.59978995265856], [-90.03695900370492, 38.599935408805365], [-90.0426933557958, 38.60008058443128], [-90.04842774915056, 38.600225479530216], [-90.05416218368977, 38.60037009409603], [-90.05989665933384, 38.60051442812264], [-90.06563117600335, 38.600658481603965], [-90.07136573361876, 38.60080225453393], [-90.07710033210058, 38.60094574690646], [-90.08265263052834, 38.605589089986196], [-90.08838766772114, 38.60573204410446], [-90.09394107859575, 38.61037489039303], [-90.09967655430022, 38.61051730605643], [-90.10523107776994, 38.61515965518486], [-90.11078631613944, 38.61980176485522], [-90.11652262799952, 38.61994338379215], [-90.1220789793104, 38.62458499570804], [-90.12763604589804, 38.629226367808045], [-90.13337319363258, 38.629367189437694], [-90.13911038141684, 38.62950773017495], [-90.14484760917111, 38.62964799001386], [-90.15058487681573, 38.629787968948484], [-90.156322184271, 38.62992766697294], [-90.16205953145733, 38.63006708408134], [-90.16779691829495, 38.630206220267794], [-90.17353434470424, 38.6303450755264], [-90.17927181060547, 38.63048364985134], [-90.185009315919, 38.63062194323676], [-90.1907468605651, 38.6307599556768], [-90.1964844444641, 38.63089768716567], [-90.2022220675363, 38.63103513769752], [-90.20795972970198, 38.63117230726659]]}}, {"type": "Feature", "properties": {"route_run_id": "stl_midamerica_to_st_louis_union_station_2026-03-07_0124", "route_pair": "midamerica_to_st_louis_union_station", "route_pair_label": "MidAmerica to St. Louis Union Station", "origin_label": "MidAmerica St. Louis Airport", "destination_label": "St. Louis Union Station", "origin_lat": 38.5451731, "origin_lon": -89.8351856, "destination_lat": 38.629167, "destination_lon": -90.2075, "traffic_date": "2026-03-07", "traffic_dataset": "March 7th - Saturday", "weight_id": "w_0124", "distance_weight": 0.2, "population_weight": 0.0, "traffic_weight": 0.2, "airspace_weight": 0.6, "path_nodes": 67, "path_node_ids": [8877, 8876, 8892, 8897, 8899, 8926, 9788, 10013, 10014, 10036, 10052, 10054, 10061, 10051, 10049, 10048, 10050, 10253, 10252, 10241, 10240, 10248, 10246, 10247, 10245, 10231, 10229, 10228, 10146, 10144, 10147, 10145, 10157, 10156, 10154, 10155, 10162, 10164, 10119, 10121, 2242, 2243, 2245, 2257, 2280, 2281, 2282, 2293, 2296, 2301, 2303, 2491, 2497, 2818, 2496, 2507, 2506, 2828, 2505, 2809, 2811, 2810, 2728, 2730, 2731, 2729, 2715], "elapsed_seconds": 0.032754900050349534, "status": "success", "failure_reason": "", "route_distance_km": 47.74820486615568, "distance_cost_sum": 52.549987295646794, "population_cost_sum": 28.919399491778442, "traffic_cost_sum": 17.64628027544754, "airspace_cost_sum": 22.6, "total_weighted_score": 27.599253514218873}, "geometry": {"type": "LineString", "coordinates": [[-89.83272609742262, 38.54503213945896], [-89.83845499191484, 38.54518713674757], [-89.84398707949187, 38.54984103165108], [-89.84951987896733, 38.55449469187918], [-89.85505339052077, 38.559148117300026], [-89.86058761433173, 38.563801307781745], [-89.86612255057987, 38.568454263192415], [-89.87165819944471, 38.57310698340007], [-89.87719456110594, 38.577759468272795], [-89.88273163574308, 38.582411717678575], [-89.88826942353593, 38.58706373148541], [-89.89380792466403, 38.591715509561276], [-89.89934713930707, 38.59636705177409], [-89.90508047722643, 38.59651895818466], [-89.91081385831642, 38.59667058421835], [-89.91654728249756, 38.596821929868824], [-89.92228074969049, 38.59697299512966], [-89.92801425981584, 38.59712377999449], [-89.93374781279411, 38.597274284457015], [-89.93948140854593, 38.5974245085108], [-89.94521504699188, 38.5975744521496], [-89.95094872805251, 38.59772411536704], [-89.95668245164843, 38.59787349815684], [-89.96241621770018, 38.59802260051268], [-89.96815002612831, 38.59817142242828], [-89.9738838768534, 38.59831996389739], [-89.97980649669776, 38.593968508873274], [-89.98554007482124, 38.594116465748236], [-89.99127369499321, 38.59426414220273], [-89.99700735713421, 38.594411538230524], [-90.00274106116477, 38.59455865382544], [-90.00847480700546, 38.59470548898121], [-90.01420859457684, 38.5948520436917], [-90.01994242379944, 38.594998317950704], [-90.02567629459381, 38.59514431175206], [-90.03141020688051, 38.59529002508962], [-90.03714416058007, 38.595435457957215], [-90.04287815561301, 38.59558061034875], [-90.04879659347476, 38.591225480771406], [-90.05453031393769, 38.591370049050525], [-90.06026407548569, 38.59151433688004], [-90.06599787803927, 38.59165834425389], [-90.07154874799711, 38.59630216495158], [-90.07710033210058, 38.60094574690646], [-90.08265263052834, 38.605589089986196], [-90.08838766772114, 38.60573204410446], [-90.09394107859575, 38.61037489039303], [-90.09967655430022, 38.61051730605643], [-90.10523107776994, 38.61515965518486], [-90.11078631613944, 38.61980176485522], [-90.11652262799952, 38.61994338379215], [-90.1220789793104, 38.62458499570804], [-90.12763604589804, 38.629226367808045], [-90.13337319363258, 38.629367189437694], [-90.13911038141684, 38.62950773017495], [-90.14484760917111, 38.62964799001386], [-90.15058487681573, 38.629787968948484], [-90.156322184271, 38.62992766697294], [-90.16205953145733, 38.63006708408134], [-90.16779691829495, 38.630206220267794], [-90.17353434470424, 38.6303450755264], [-90.17927181060547, 38.63048364985134], [-90.185009315919, 38.63062194323676], [-90.1907468605651, 38.6307599556768], [-90.1964844444641, 38.63089768716567], [-90.2022220675363, 38.63103513769752], [-90.20795972970198, 38.63117230726659]]}}, {"type": "Feature", "properties": {"route_run_id": "stl_midamerica_to_st_louis_union_station_2026-03-07_0240", "route_pair": "midamerica_to_st_louis_union_station", "route_pair_label": "MidAmerica to St. Louis Union Station", "origin_label": "MidAmerica St. Louis Airport", "destination_label": "St. Louis Union Station", "origin_lat": 38.5451731, "origin_lon": -89.8351856, "destination_lat": 38.629167, "destination_lon": -90.2075, "traffic_date": "2026-03-07", "traffic_dataset": "March 7th - Saturday", "weight_id": "w_0240", "distance_weight": 0.5, "population_weight": 0.1, "traffic_weight": 0.2, "airspace_weight": 0.2, "path_nodes": 67, "path_node_ids": [8877, 8879, 8896, 8900, 8924, 8930, 10012, 10015, 10019, 10053, 10057, 10054, 10061, 10051, 10049, 10048, 10050, 10253, 10252, 10241, 10240, 10248, 10246, 10247, 10245, 10263, 10265, 10264, 10173, 10174, 10172, 10175, 10195, 10198, 10196, 10197, 10185, 10187, 10186, 10191, 2276, 2518, 2519, 2510, 2517, 2540, 2543, 2533, 2534, 2532, 2535, 2495, 2497, 2818, 2496, 2507, 2506, 2828, 2505, 2809, 2811, 2810, 2728, 2730, 2731, 2729, 2715], "elapsed_seconds": 0.016620300011709332, "status": "success", "failure_reason": "", "route_distance_km": 47.21953231061844, "distance_cost_sum": 51.9681489594221, "population_cost_sum": 24.795707466821636, "traffic_cost_sum": 17.10058112773007, "airspace_cost_sum": 23.8, "total_weighted_score": 36.643761451939234}, "geometry": {"type": "LineString", "coordinates": [[-89.83272609742262, 38.54503213945896], [-89.83825778508921, 38.54968628939868], [-89.84379018463301, 38.55434020475587], [-89.84932329623358, 38.558993885398685], [-89.85485712007056, 38.56364733119524], [-89.86039165632353, 38.56830054201366], [-89.86592690517212, 38.57295351772198], [-89.871462866796, 38.577606258188254], [-89.87699954137483, 38.582258763280514], [-89.88253692908823, 38.586911032866766], [-89.88807503011597, 38.59156306681497], [-89.89380792466403, 38.591715509561276], [-89.89934713930707, 38.59636705177409], [-89.90508047722643, 38.59651895818466], [-89.91081385831642, 38.59667058421835], [-89.91654728249756, 38.596821929868824], [-89.92228074969049, 38.59697299512966], [-89.92801425981584, 38.59712377999449], [-89.93374781279411, 38.597274284457015], [-89.93948140854593, 38.5974245085108], [-89.94521504699188, 38.5975744521496], [-89.95094872805251, 38.59772411536704], [-89.95668245164843, 38.59787349815684], [-89.96241621770018, 38.59802260051268], [-89.96815002612831, 38.59817142242828], [-89.97369475078722, 38.60281965195827], [-89.97942900075623, 38.60296793670464], [-89.98516329287352, 38.603115940947184], [-89.99089762705957, 38.603263664679695], [-89.99663200323492, 38.603411107895916], [-90.00236642132012, 38.60355827058964], [-90.00810088123565, 38.603705152754664], [-90.01383538290203, 38.603851754384785], [-90.01938361507719, 38.6084979478912], [-90.0251185571937, 38.60864401180754], [-90.03085354083264, 38.60878979512565], [-90.03658856591449, 38.60893529783942], [-90.04232363235971, 38.609080519942665], [-90.04805874008878, 38.60922546142931], [-90.05360968000618, 38.61387013007287], [-90.0593452273907, 38.61401453341643], [-90.0650808158304, 38.61415865608025], [-90.07063326734246, 38.618802570824315], [-90.07636929508949, 38.61894615508724], [-90.08192285989396, 38.62358957308307], [-90.08747713983809, 38.62823275191331], [-90.0930321351008, 38.63287569144548], [-90.09876939857845, 38.63301822111036], [-90.10450670259345, 38.633160469873815], [-90.1102440470662, 38.63330243772981], [-90.115981431917, 38.63344412467236], [-90.12189893829279, 38.62908526529191], [-90.12763604589804, 38.629226367808045], [-90.13337319363258, 38.629367189437694], [-90.13911038141684, 38.62950773017495], [-90.14484760917111, 38.62964799001386], [-90.15058487681573, 38.629787968948484], [-90.156322184271, 38.62992766697294], [-90.16205953145733, 38.63006708408134], [-90.16779691829495, 38.630206220267794], [-90.17353434470424, 38.6303450755264], [-90.17927181060547, 38.63048364985134], [-90.185009315919, 38.63062194323676], [-90.1907468605651, 38.6307599556768], [-90.1964844444641, 38.63089768716567], [-90.2022220675363, 38.63103513769752], [-90.20795972970198, 38.63117230726659]]}}, {"type": "Feature", "properties": {"route_run_id": "stl_midamerica_to_st_louis_union_station_2026-03-07_0268", "route_pair": "midamerica_to_st_louis_union_station", "route_pair_label": "MidAmerica to St. Louis Union Station", "origin_label": "MidAmerica St. Louis Airport", "destination_label": "St. Louis Union Station", "origin_lat": 38.5451731, "origin_lon": -89.8351856, "destination_lat": 38.629167, "destination_lon": -90.2075, "traffic_date": "2026-03-07", "traffic_dataset": "March 7th - Saturday", "weight_id": "w_0268", "distance_weight": 0.7, "population_weight": 0.0, "traffic_weight": 0.0, "airspace_weight": 0.3, "path_nodes": 67, "path_node_ids": [8877, 8876, 8892, 8897, 8899, 8926, 9788, 10013, 10014, 10036, 10052, 10054, 10061, 10051, 10049, 10048, 10050, 10253, 10252, 10241, 10240, 10248, 10246, 10247, 10245, 10231, 10230, 10262, 10150, 10148, 10149, 10151, 10161, 10159, 10158, 10160, 10166, 10168, 10167, 10169, 2247, 2269, 2268, 2257, 2256, 2254, 2279, 2293, 2296, 2301, 2303, 2491, 2492, 2818, 2496, 2507, 2506, 2828, 2505, 2809, 2811, 2810, 2728, 2730, 2731, 2729, 2715], "elapsed_seconds": 0.00888370000757277, "status": "success", "failure_reason": "", "route_distance_km": 46.683328700980354, "distance_cost_sum": 51.37802221113185, "population_cost_sum": 29.474393947782595, "traffic_cost_sum": 21.16368640132933, "airspace_cost_sum": 22.6, "total_weighted_score": 42.74461554779229}, "geometry": {"type": "LineString", "coordinates": [[-89.83272609742262, 38.54503213945896], [-89.83845499191484, 38.54518713674757], [-89.84398707949187, 38.54984103165108], [-89.84951987896733, 38.55449469187918], [-89.85505339052077, 38.559148117300026], [-89.86058761433173, 38.563801307781745], [-89.86612255057987, 38.568454263192415], [-89.87165819944471, 38.57310698340007], [-89.87719456110594, 38.577759468272795], [-89.88273163574308, 38.582411717678575], [-89.88826942353593, 38.58706373148541], [-89.89380792466403, 38.591715509561276], [-89.89934713930707, 38.59636705177409], [-89.90508047722643, 38.59651895818466], [-89.91081385831642, 38.59667058421835], [-89.91654728249756, 38.596821929868824], [-89.92228074969049, 38.59697299512966], [-89.92801425981584, 38.59712377999449], [-89.93374781279411, 38.597274284457015], [-89.93948140854593, 38.5974245085108], [-89.94521504699188, 38.5975744521496], [-89.95094872805251, 38.59772411536704], [-89.95668245164843, 38.59787349815684], [-89.96241621770018, 38.59802260051268], [-89.96815002612831, 38.59817142242828], [-89.9738838768534, 38.59831996389739], [-89.97961776979602, 38.59846822491371], [-89.98535170487666, 38.59861620547102], [-89.99108568201598, 38.59876390556306], [-89.99681970113441, 38.59891132518362], [-90.00255376215256, 38.59905846432648], [-90.00828786499093, 38.59920532298544], [-90.01402200957008, 38.5993519011543], [-90.01975619581054, 38.599498198826886], [-90.02549042363282, 38.599644215997024], [-90.03122469295744, 38.59978995265856], [-90.03695900370492, 38.599935408805365], [-90.0426933557958, 38.60008058443128], [-90.04842774915056, 38.600225479530216], [-90.05416218368977, 38.60037009409603], [-90.05989665933384, 38.60051442812264], [-90.06563117600335, 38.600658481603965], [-90.07136573361876, 38.60080225453393], [-90.07710033210058, 38.60094574690646], [-90.0828349713693, 38.601088958715515], [-90.08856965134538, 38.60123188995506], [-90.0941227455516, 38.605874717602354], [-90.09967655430022, 38.61051730605643], [-90.10523107776994, 38.61515965518486], [-90.11078631613944, 38.61980176485522], [-90.11652262799952, 38.61994338379215], [-90.1220789793104, 38.62458499570804], [-90.12781572923257, 38.62472607564535], [-90.13337319363258, 38.629367189437694], [-90.13911038141684, 38.62950773017495], [-90.14484760917111, 38.62964799001386], [-90.15058487681573, 38.629787968948484], [-90.156322184271, 38.62992766697294], [-90.16205953145733, 38.63006708408134], [-90.16779691829495, 38.630206220267794], [-90.17353434470424, 38.6303450755264], [-90.17927181060547, 38.63048364985134], [-90.185009315919, 38.63062194323676], [-90.1907468605651, 38.6307599556768], [-90.1964844444641, 38.63089768716567], [-90.2022220675363, 38.63103513769752], [-90.20795972970198, 38.63117230726659]]}}, {"type": "Feature", "properties": {"route_run_id": "stl_midamerica_to_st_louis_union_station_2026-03-07_0248", "route_pair": "midamerica_to_st_louis_union_station", "route_pair_label": "MidAmerica to St. Louis Union Station", "origin_label": "MidAmerica St. Louis Airport", "destination_label": "St. Louis Union Station", "origin_lat": 38.5451731, "origin_lon": -89.8351856, "destination_lat": 38.629167, "destination_lon": -90.2075, "traffic_date": "2026-03-07", "traffic_dataset": "March 7th - Saturday", "weight_id": "w_0248", "distance_weight": 0.5, "population_weight": 0.3, "traffic_weight": 0.1, "airspace_weight": 0.1, "path_nodes": 68, "path_node_ids": [8877, 8881, 8904, 8922, 8923, 8927, 9145, 10016, 10018, 10062, 10055, 10058, 10094, 10096, 10103, 10104, 10110, 10109, 10516, 10515, 10514, 10517, 10522, 10299, 10300, 10301, 10309, 10532, 10533, 10363, 10350, 10351, 10362, 10372, 10360, 10361, 10373, 10340, 10338, 10341, 10339, 2555, 2568, 2570, 2557, 2547, 2578, 2579, 2560, 2564, 2567, 2566, 2844, 2842, 2843, 2841, 2854, 2852, 2853, 2851, 2861, 2862, 2863, 2763, 2762, 2737, 2732, 2715], "elapsed_seconds": 0.016982699977234006, "status": "success", "failure_reason": "", "route_distance_km": 49.20384760089272, "distance_cost_sum": 54.152016260544066, "population_cost_sum": 13.800475862119155, "traffic_cost_sum": 23.957084044914872, "airspace_cost_sum": 24.4, "total_weighted_score": 36.051859293399275}, "geometry": {"type": "LineString", "coordinates": [[-89.83272609742262, 38.54503213945896], [-89.83252853470323, 38.54953126729425], [-89.83806053424684, 38.55418543772932], [-89.84359324582596, 38.558839373542895], [-89.84912666962028, 38.563493074603095], [-89.85466080580946, 38.568146540778045], [-89.86019565457306, 38.572799771935806], [-89.86573121609086, 38.57745276794444], [-89.87126749054252, 38.58210552867199], [-89.8768044781077, 38.58675805398646], [-89.88234217896623, 38.591410343755804], [-89.8878805932977, 38.59606239784802], [-89.89341972128202, 38.600714216131045], [-89.89895956309883, 38.60536579847276], [-89.90450011892796, 38.61001714474108], [-89.91004138894921, 38.614668254803874], [-89.9155833733424, 38.61931912852895], [-89.92131862594731, 38.619470314708934], [-89.9268617252078, 38.624120695492145], [-89.93259742104341, 38.62427134452904], [-89.93833315971467, 38.6244217128885], [-89.94406894114202, 38.62457180056415], [-89.94980476524591, 38.62472160754967], [-89.95554063194687, 38.62487113383877], [-89.96127654116528, 38.62502037942509], [-89.96701249282155, 38.625169344302385], [-89.97274848683627, 38.62531802846435], [-89.9782955010475, 38.62996611819141], [-89.98403193705393, 38.63011426460664], [-89.98958006609531, 38.63476185964426], [-89.99531694389556, 38.63490946811138], [-90.00105386367663, 38.63505679574229], [-90.0067908253589, 38.63520384253075], [-90.01252782886277, 38.63535060847056], [-90.01826487410864, 38.635497093555536], [-90.02400196101686, 38.63564329777947], [-90.0297390895078, 38.63578922113622], [-90.03547625950182, 38.63593486361964], [-90.04121347091932, 38.63608022522354], [-90.04695072368057, 38.63622530594182], [-90.05268801770602, 38.636370105768364], [-90.058425352916, 38.63651462469704], [-90.06397898887498, 38.64115889142429], [-90.06971676403892, 38.64130287157482], [-90.07545458015825, 38.64144657076439], [-90.08119243715339, 38.6415899889869], [-90.08693033494461, 38.641733126236325], [-90.09266827345223, 38.64187598250663], [-90.09840625259658, 38.64201855779177], [-90.10396299643912, 38.64666103690741], [-90.10970141459032, 38.646803072928776], [-90.11543987314892, 38.64694482790208], [-90.12117837203515, 38.64708630182135], [-90.12691691116937, 38.64722749468063], [-90.13265549047176, 38.64736840647394], [-90.1383941098626, 38.64750903719531], [-90.14413276926219, 38.64764938683886], [-90.14987146859082, 38.647789455398616], [-90.15561020776862, 38.64792924286868], [-90.16134898671594, 38.648068749243166], [-90.16708780535298, 38.6482079745162], [-90.17282666359999, 38.64834691868183], [-90.17856556137721, 38.64848558173427], [-90.18448076196563, 38.64412346478601], [-90.19021938045634, 38.644261543498274], [-90.19613354616266, 38.639898793950096], [-90.20204699586435, 38.63553571516044], [-90.20795972970198, 38.63117230726659]]}}, {"type": "Feature", "properties": {"route_run_id": "stl_midamerica_to_st_louis_union_station_2026-03-07_0241", "route_pair": "midamerica_to_st_louis_union_station", "route_pair_label": "MidAmerica to St. Louis Union Station", "origin_label": "MidAmerica St. Louis Airport", "destination_label": "St. Louis Union Station", "origin_lat": 38.5451731, "origin_lon": -89.8351856, "destination_lat": 38.629167, "destination_lon": -90.2075, "traffic_date": "2026-03-07", "traffic_dataset": "March 7th - Saturday", "weight_id": "w_0241", "distance_weight": 0.5, "population_weight": 0.1, "traffic_weight": 0.3, "airspace_weight": 0.1, "path_nodes": 67, "path_node_ids": [8877, 8876, 8868, 8893, 8894, 8871, 9758, 9756, 9757, 9750, 9773, 9779, 9777, 9769, 9771, 9770, 9792, 9975, 9974, 9976, 9980, 9987, 10212, 9990, 10213, 10225, 10229, 10228, 10146, 10144, 10147, 10145, 10157, 10159, 10192, 10197, 10185, 10187, 10186, 10191, 2276, 2521, 2523, 2526, 2542, 2541, 2543, 2533, 2534, 2532, 2535, 2819, 2497, 2818, 2496, 2507, 2506, 2828, 2505, 2809, 2811, 2810, 2728, 2730, 2731, 2729, 2715], "elapsed_seconds": 0.017654199968092144, "status": "success", "failure_reason": "", "route_distance_km": 47.21401344705753, "distance_cost_sum": 51.96207509317258, "population_cost_sum": 23.43899856419887, "traffic_cost_sum": 14.814835278092074, "airspace_cost_sum": 28.4, "total_weighted_score": 35.6093879864338}, "geometry": {"type": "LineString", "coordinates": [[-89.83272609742262, 38.54503213945896], [-89.83845499191484, 38.54518713674757], [-89.84418393041321, 38.54534185422887], [-89.84971641783211, 38.549995494044936], [-89.85544580003071, 38.55014967657376], [-89.86117522600853, 38.55030357923106], [-89.86690469568633, 38.55045720201035], [-89.87263420898502, 38.550610544905176], [-89.87836376582533, 38.55076360790903], [-89.88409336612811, 38.55091639101554], [-89.88962896320348, 38.555568263906835], [-89.89516527250416, 38.56021990134085], [-89.90089571497577, 38.56037189337378], [-89.90662620061389, 38.56052360539423], [-89.91216402109853, 38.56517449573953], [-89.91789494911032, 38.56532567191472], [-89.92362592006123, 38.56547656801355], [-89.92935693387194, 38.56562718402969], [-89.93508799046323, 38.565777519956754], [-89.94062812038845, 38.57042715041154], [-89.94616896320129, 38.57507654445588], [-89.95190086057701, 38.57522608794758], [-89.95744281552916, 38.57987498914009], [-89.96317515439212, 38.58002399606761], [-89.96871822163466, 38.584672404039395], [-89.97426200234347, 38.589320575018675], [-89.97980649669776, 38.593968508873274], [-89.98554007482124, 38.594116465748236], [-89.99127369499321, 38.59426414220273], [-89.99700735713421, 38.594411538230524], [-90.00274106116477, 38.59455865382544], [-90.00847480700546, 38.59470548898121], [-90.01420859457684, 38.5948520436917], [-90.01975619581054, 38.599498198826886], [-90.02530451116947, 38.60414411601564], [-90.03085354083264, 38.60878979512565], [-90.03658856591449, 38.60893529783942], [-90.04232363235971, 38.609080519942665], [-90.04805874008878, 38.60922546142931], [-90.05360968000618, 38.61387013007287], [-90.0593452273907, 38.61401453341643], [-90.06489728050143, 38.618658705824664], [-90.07045004853325, 38.62330263938551], [-90.07600353166524, 38.62794633396657], [-90.08155773007638, 38.632589789435436], [-90.08729491224024, 38.63273288088516], [-90.0930321351008, 38.63287569144548], [-90.09876939857845, 38.63301822111036], [-90.10450670259345, 38.633160469873815], [-90.1102440470662, 38.63330243772981], [-90.115981431917, 38.63344412467236], [-90.12171885706623, 38.633585530695484], [-90.12763604589804, 38.629226367808045], [-90.13337319363258, 38.629367189437694], [-90.13911038141684, 38.62950773017495], [-90.14484760917111, 38.62964799001386], [-90.15058487681573, 38.629787968948484], [-90.156322184271, 38.62992766697294], [-90.16205953145733, 38.63006708408134], [-90.16779691829495, 38.630206220267794], [-90.17353434470424, 38.6303450755264], [-90.17927181060547, 38.63048364985134], [-90.185009315919, 38.63062194323676], [-90.1907468605651, 38.6307599556768], [-90.1964844444641, 38.63089768716567], [-90.2022220675363, 38.63103513769752], [-90.20795972970198, 38.63117230726659]]}}, {"type": "Feature", "properties": {"route_run_id": "stl_midamerica_to_st_louis_union_station_2026-03-07_0272", "route_pair": "midamerica_to_st_louis_union_station", "route_pair_label": "MidAmerica to St. Louis Union Station", "origin_label": "MidAmerica St. Louis Airport", "destination_label": "St. Louis Union Station", "origin_lat": 38.5451731, "origin_lon": -89.8351856, "destination_lat": 38.629167, "destination_lon": -90.2075, "traffic_date": "2026-03-07", "traffic_dataset": "March 7th - Saturday", "weight_id": "w_0272", "distance_weight": 0.7, "population_weight": 0.1, "traffic_weight": 0.0, "airspace_weight": 0.2, "path_nodes": 67, "path_node_ids": [8877, 8879, 8896, 8900, 8924, 8930, 10012, 10015, 10019, 10053, 10057, 10054, 10061, 10051, 10049, 10072, 10079, 10284, 10288, 10286, 10289, 10294, 10281, 10292, 10293, 10304, 10303, 10302, 10315, 10316, 10317, 10314, 10207, 10206, 10204, 10205, 10323, 10324, 10322, 10325, 2520, 2521, 2519, 2510, 2512, 2513, 2511, 2302, 2300, 2301, 2307, 2491, 2492, 2818, 2496, 2507, 2506, 2828, 2505, 2809, 2811, 2810, 2728, 2730, 2731, 2729, 2715], "elapsed_seconds": 0.009011499932967126, "status": "success", "failure_reason": "", "route_distance_km": 46.68855540718086, "distance_cost_sum": 51.383774539312654, "population_cost_sum": 19.97466848935391, "traffic_cost_sum": 28.25929839669934, "airspace_cost_sum": 23.2, "total_weighted_score": 42.60610902645424}, "geometry": {"type": "LineString", "coordinates": [[-89.83272609742262, 38.54503213945896], [-89.83825778508921, 38.54968628939868], [-89.84379018463301, 38.55434020475587], [-89.84932329623358, 38.558993885398685], [-89.85485712007056, 38.56364733119524], [-89.86039165632353, 38.56830054201366], [-89.86592690517212, 38.57295351772198], [-89.871462866796, 38.577606258188254], [-89.87699954137483, 38.582258763280514], [-89.88253692908823, 38.586911032866766], [-89.88807503011597, 38.59156306681497], [-89.89380792466403, 38.591715509561276], [-89.89934713930707, 38.59636705177409], [-89.90508047722643, 38.59651895818466], [-89.91081385831642, 38.59667058421835], [-89.91635458673171, 38.60132137816604], [-89.92189602906302, 38.60597193580059], [-89.92743818549003, 38.61062225698987], [-89.93298105619242, 38.615272341601674], [-89.93871608023923, 38.61542266184741], [-89.94445114702152, 38.615572701498955], [-89.95018625645967, 38.61572246055001], [-89.9559214084743, 38.61587193899423], [-89.9616566029858, 38.61602113682532], [-89.96739183991471, 38.61617005403699], [-89.97312711918148, 38.61631869062297], [-89.97886244070665, 38.616467046576965], [-89.9845978044106, 38.61661512189275], [-89.9903332102139, 38.61676291656407], [-89.99606865803695, 38.61691043058469], [-90.00180414780024, 38.61705766394838], [-90.00753967942423, 38.617204616648934], [-90.01327525282936, 38.61735128868017], [-90.01901086793612, 38.61749768003589], [-90.02474652466493, 38.617643790709906], [-90.03048222293627, 38.617789620696094], [-90.03621796267052, 38.617935169988264], [-90.0419537437882, 38.61808043858029], [-90.04768956620967, 38.61822542646607], [-90.05342542985542, 38.61837013363945], [-90.05916133464585, 38.61851456009435], [-90.06489728050143, 38.618658705824664], [-90.07063326734246, 38.618802570824315], [-90.07636929508949, 38.61894615508724], [-90.08210536366288, 38.61908945860739], [-90.087841472983, 38.61923248137871], [-90.09357762297034, 38.61937522339516], [-90.09931381354528, 38.61951768465076], [-90.10505004462816, 38.61965986513943], [-90.11078631613944, 38.61980176485522], [-90.11634226958749, 38.624443634935055], [-90.1220789793104, 38.62458499570804], [-90.12781572923257, 38.62472607564535], [-90.13337319363258, 38.629367189437694], [-90.13911038141684, 38.62950773017495], [-90.14484760917111, 38.62964799001386], [-90.15058487681573, 38.629787968948484], [-90.156322184271, 38.62992766697294], [-90.16205953145733, 38.63006708408134], [-90.16779691829495, 38.630206220267794], [-90.17353434470424, 38.6303450755264], [-90.17927181060547, 38.63048364985134], [-90.185009315919, 38.63062194323676], [-90.1907468605651, 38.6307599556768], [-90.1964844444641, 38.63089768716567], [-90.2022220675363, 38.63103513769752], [-90.20795972970198, 38.63117230726659]]}}, {"type": "Feature", "properties": {"route_run_id": "stl_midamerica_to_st_louis_union_station_2026-03-07_0285", "route_pair": "midamerica_to_st_louis_union_station", "route_pair_label": "MidAmerica to St. Louis Union Station", "origin_label": "MidAmerica St. Louis Airport", "destination_label": "St. Louis Union Station", "origin_lat": 38.5451731, "origin_lon": -89.8351856, "destination_lat": 38.629167, "destination_lon": -90.2075, "traffic_date": "2026-03-07", "traffic_dataset": "March 7th - Saturday", "weight_id": "w_0285", "distance_weight": 0.9, "population_weight": 0.0, "traffic_weight": 0.1, "airspace_weight": 0.0, "path_nodes": 67, "path_node_ids": [8877, 8876, 8868, 8869, 8870, 8867, 9753, 9754, 9755, 9744, 9746, 9747, 9745, 9737, 9736, 9734, 9735, 9919, 9916, 9918, 9917, 9935, 9938, 9939, 9930, 9931, 9928, 9929, 9839, 9841, 9840, 9838, 9828, 9830, 9831, 9829, 9848, 9847, 9849, 9846, 1959, 1958, 1937, 1947, 1944, 1946, 1945, 1954, 1955, 1981, 1984, 2163, 2189, 2193, 2408, 2420, 2424, 2439, 2441, 2456, 2478, 2481, 2402, 2407, 2731, 2729, 2715], "elapsed_seconds": 0.00660800002515316, "status": "success", "failure_reason": "", "route_distance_km": 46.661862436540055, "distance_cost_sum": 51.35439719890813, "population_cost_sum": 24.73045602379317, "traffic_cost_sum": 15.56434321030943, "airspace_cost_sum": 37.6, "total_weighted_score": 47.77539180004826}, "geometry": {"type": "LineString", "coordinates": [[-89.83272609742262, 38.54503213945896], [-89.83845499191484, 38.54518713674757], [-89.84418393041321, 38.54534185422887], [-89.8499129128385, 38.54549629189633], [-89.85564193911159, 38.545650449743434], [-89.86137100915332, 38.54580432776372], [-89.86710012288452, 38.545957925950695], [-89.87282928022606, 38.546111244297876], [-89.8785584810987, 38.54626428279884], [-89.88428772542336, 38.54641704144712], [-89.8900170131208, 38.5465695202363], [-89.89574634411186, 38.54672171915994], [-89.90147571831739, 38.546873638211636], [-89.90720513565815, 38.54702527738502], [-89.91293459605497, 38.54717663667367], [-89.91866409942871, 38.54732771607122], [-89.92439364570006, 38.54747851557132], [-89.9301232347899, 38.54762903516762], [-89.93585286661902, 38.54777927485379], [-89.94158254110822, 38.54792923462347], [-89.94731225817821, 38.548078914470366], [-89.95304201774988, 38.54822831438818], [-89.95858208911035, 38.55287709782697], [-89.96431228957056, 38.553025961699916], [-89.97004253230493, 38.553174545580205], [-89.97577281723424, 38.553322849461594], [-89.9815031442792, 38.55347087333782], [-89.98723351336055, 38.553618617202645], [-89.99296392439905, 38.55376608104985], [-89.99869437731542, 38.55391326487322], [-90.00442487203037, 38.55406016866657], [-90.01015540846471, 38.55420679242369], [-90.01588598653908, 38.55435313613843], [-90.02161660617422, 38.55449919980462], [-90.02734726729088, 38.5546449834161], [-90.03307796980972, 38.5547904869667], [-90.03880871365148, 38.55493571045034], [-90.04453949873692, 38.55508065386086], [-90.05027032498664, 38.555225317192196], [-90.0560011923214, 38.555369700438234], [-90.06173210066189, 38.55551380359289], [-90.0674630499288, 38.55565762665008], [-90.0731940400428, 38.55580116960377], [-90.07892507092458, 38.5559444324479], [-90.08465614249485, 38.556087415176435], [-90.09038725467427, 38.55623011778336], [-90.09611840738349, 38.55637254026264], [-90.1018496005432, 38.5565146826083], [-90.10758083407408, 38.556656544814345], [-90.11313195589696, 38.5612984139155], [-90.11868379073177, 38.56594004394042], [-90.12423633875666, 38.570581434756825], [-90.1297896001498, 38.57522258623241], [-90.13534357508938, 38.579863498234836], [-90.14089826375356, 38.58450417063179], [-90.14645366632062, 38.589144603290876], [-90.15200978296876, 38.5937847960797], [-90.15756661387618, 38.59842474886584], [-90.16312415922121, 38.60306446151687], [-90.16868241918205, 38.60770393390031], [-90.174241393937, 38.61234316588366], [-90.17980108366437, 38.616982157334434], [-90.18536148854245, 38.621620908120065], [-90.19092260874959, 38.626259418108006], [-90.1964844444641, 38.63089768716567], [-90.2022220675363, 38.63103513769752], [-90.20795972970198, 38.63117230726659]]}}, {"type": "Feature", "properties": {"route_run_id": "stl_midamerica_to_st_louis_union_station_2026-03-07_0239", "route_pair": "midamerica_to_st_louis_union_station", "route_pair_label": "MidAmerica to St. Louis Union Station", "origin_label": "MidAmerica St. Louis Airport", "destination_label": "St. Louis Union Station", "origin_lat": 38.5451731, "origin_lon": -89.8351856, "destination_lat": 38.629167, "destination_lon": -90.2075, "traffic_date": "2026-03-07", "traffic_dataset": "March 7th - Saturday", "weight_id": "w_0239", "distance_weight": 0.5, "population_weight": 0.1, "traffic_weight": 0.1, "airspace_weight": 0.3, "path_nodes": 67, "path_node_ids": [8877, 8879, 8896, 8900, 8924, 8930, 10012, 10015, 10019, 10053, 10057, 10054, 10061, 10051, 10049, 10048, 10050, 10253, 10252, 10241, 10240, 10248, 10246, 10247, 10245, 10263, 10265, 10264, 10173, 10174, 10172, 10175, 10195, 10198, 10196, 10197, 10185, 10187, 10186, 10191, 2276, 2518, 2277, 2509, 2287, 2508, 2286, 2298, 2300, 2301, 2307, 2491, 2497, 2818, 2496, 2507, 2506, 2828, 2505, 2809, 2811, 2810, 2728, 2730, 2731, 2729, 2715], "elapsed_seconds": 0.014914799947291613, "status": "success", "failure_reason": "", "route_distance_km": 46.68553550765997, "distance_cost_sum": 51.38045094459528, "population_cost_sum": 24.311562819665184, "traffic_cost_sum": 21.202604591262958, "airspace_cost_sum": 22.6, "total_weighted_score": 37.02164221339046}, "geometry": {"type": "LineString", "coordinates": [[-89.83272609742262, 38.54503213945896], [-89.83825778508921, 38.54968628939868], [-89.84379018463301, 38.55434020475587], [-89.84932329623358, 38.558993885398685], [-89.85485712007056, 38.56364733119524], [-89.86039165632353, 38.56830054201366], [-89.86592690517212, 38.57295351772198], [-89.871462866796, 38.577606258188254], [-89.87699954137483, 38.582258763280514], [-89.88253692908823, 38.586911032866766], [-89.88807503011597, 38.59156306681497], [-89.89380792466403, 38.591715509561276], [-89.89934713930707, 38.59636705177409], [-89.90508047722643, 38.59651895818466], [-89.91081385831642, 38.59667058421835], [-89.91654728249756, 38.596821929868824], [-89.92228074969049, 38.59697299512966], [-89.92801425981584, 38.59712377999449], [-89.93374781279411, 38.597274284457015], [-89.93948140854593, 38.5974245085108], [-89.94521504699188, 38.5975744521496], [-89.95094872805251, 38.59772411536704], [-89.95668245164843, 38.59787349815684], [-89.96241621770018, 38.59802260051268], [-89.96815002612831, 38.59817142242828], [-89.97369475078722, 38.60281965195827], [-89.97942900075623, 38.60296793670464], [-89.98516329287352, 38.603115940947184], [-89.99089762705957, 38.603263664679695], [-89.99663200323492, 38.603411107895916], [-90.00236642132012, 38.60355827058964], [-90.00810088123565, 38.603705152754664], [-90.01383538290203, 38.603851754384785], [-90.01938361507719, 38.6084979478912], [-90.0251185571937, 38.60864401180754], [-90.03085354083264, 38.60878979512565], [-90.03658856591449, 38.60893529783942], [-90.04232363235971, 38.609080519942665], [-90.04805874008878, 38.60922546142931], [-90.05360968000618, 38.61387013007287], [-90.0593452273907, 38.61401453341643], [-90.0650808158304, 38.61415865608025], [-90.07081644524574, 38.61430249805824], [-90.07655211555712, 38.614446059344324], [-90.08228782668499, 38.614589339932465], [-90.08802357854981, 38.61473233981663], [-90.09375937107193, 38.61487505899075], [-90.09949520417183, 38.615017497448825], [-90.10505004462816, 38.61965986513943], [-90.11078631613944, 38.61980176485522], [-90.11634226958749, 38.624443634935055], [-90.1220789793104, 38.62458499570804], [-90.12763604589804, 38.629226367808045], [-90.13337319363258, 38.629367189437694], [-90.13911038141684, 38.62950773017495], [-90.14484760917111, 38.62964799001386], [-90.15058487681573, 38.629787968948484], [-90.156322184271, 38.62992766697294], [-90.16205953145733, 38.63006708408134], [-90.16779691829495, 38.630206220267794], [-90.17353434470424, 38.6303450755264], [-90.17927181060547, 38.63048364985134], [-90.185009315919, 38.63062194323676], [-90.1907468605651, 38.6307599556768], [-90.1964844444641, 38.63089768716567], [-90.2022220675363, 38.63103513769752], [-90.20795972970198, 38.63117230726659]]}}, {"type": "Feature", "properties": {"route_run_id": "stl_midamerica_to_st_louis_union_station_2026-03-07_0244", "route_pair": "midamerica_to_st_louis_union_station", "route_pair_label": "MidAmerica to St. Louis Union Station", "origin_label": "MidAmerica St. Louis Airport", "destination_label": "St. Louis Union Station", "origin_lat": 38.5451731, "origin_lon": -89.8351856, "destination_lat": 38.629167, "destination_lon": -90.2075, "traffic_date": "2026-03-07", "traffic_dataset": "March 7th - Saturday", "weight_id": "w_0244", "distance_weight": 0.5, "population_weight": 0.2, "traffic_weight": 0.1, "airspace_weight": 0.2, "path_nodes": 67, "path_node_ids": [8877, 8879, 8896, 8900, 8924, 8930, 10012, 10015, 10019, 10053, 10057, 10054, 10061, 10051, 10049, 10072, 10079, 10284, 10283, 10286, 10289, 10294, 10281, 10292, 10293, 10304, 10303, 10270, 10313, 10180, 10312, 10181, 10203, 10200, 10202, 10201, 10189, 10190, 10188, 10191, 2276, 2518, 2519, 2510, 2512, 2513, 2511, 2302, 2300, 2301, 2307, 2491, 2497, 2818, 2496, 2507, 2506, 2828, 2505, 2809, 2811, 2810, 2728, 2730, 2731, 2729, 2715], "elapsed_seconds": 0.01596539991442114, "status": "success", "failure_reason": "", "route_distance_km": 47.22087501955487, "distance_cost_sum": 51.96962669743862, "population_cost_sum": 20.391573732898166, "traffic_cost_sum": 22.2012904181824, "airspace_cost_sum": 23.2, "total_weighted_score": 36.92325713711718}, "geometry": {"type": "LineString", "coordinates": [[-89.83272609742262, 38.54503213945896], [-89.83825778508921, 38.54968628939868], [-89.84379018463301, 38.55434020475587], [-89.84932329623358, 38.558993885398685], [-89.85485712007056, 38.56364733119524], [-89.86039165632353, 38.56830054201366], [-89.86592690517212, 38.57295351772198], [-89.871462866796, 38.577606258188254], [-89.87699954137483, 38.582258763280514], [-89.88253692908823, 38.586911032866766], [-89.88807503011597, 38.59156306681497], [-89.89380792466403, 38.591715509561276], [-89.89934713930707, 38.59636705177409], [-89.90508047722643, 38.59651895818466], [-89.91081385831642, 38.59667058421835], [-89.91635458673171, 38.60132137816604], [-89.92189602906302, 38.60597193580059], [-89.92743818549003, 38.61062225698987], [-89.93317280953934, 38.61077283372623], [-89.93871608023923, 38.61542266184741], [-89.94445114702152, 38.615572701498955], [-89.95018625645967, 38.61572246055001], [-89.9559214084743, 38.61587193899423], [-89.9616566029858, 38.61602113682532], [-89.96739183991471, 38.61617005403699], [-89.97312711918148, 38.61631869062297], [-89.97886244070665, 38.616467046576965], [-89.98478634265064, 38.61211539915841], [-89.99052139116867, 38.61226317018054], [-89.99625648169634, 38.61241066059679], [-90.00199161415404, 38.61255787040093], [-90.00772678846238, 38.612704799586744], [-90.01346200454176, 38.612851448148064], [-90.01919726231266, 38.612997816078675], [-90.02493256169556, 38.61314390337241], [-90.03066790261092, 38.61328971002312], [-90.03640328497923, 38.613435236024664], [-90.04213870872088, 38.61358048137086], [-90.04787417375634, 38.61372544605564], [-90.05360968000618, 38.61387013007287], [-90.0593452273907, 38.61401453341643], [-90.0650808158304, 38.61415865608025], [-90.07063326734246, 38.618802570824315], [-90.07636929508949, 38.61894615508724], [-90.08210536366288, 38.61908945860739], [-90.087841472983, 38.61923248137871], [-90.09357762297034, 38.61937522339516], [-90.09931381354528, 38.61951768465076], [-90.10505004462816, 38.61965986513943], [-90.11078631613944, 38.61980176485522], [-90.11634226958749, 38.624443634935055], [-90.1220789793104, 38.62458499570804], [-90.12763604589804, 38.629226367808045], [-90.13337319363258, 38.629367189437694], [-90.13911038141684, 38.62950773017495], [-90.14484760917111, 38.62964799001386], [-90.15058487681573, 38.629787968948484], [-90.156322184271, 38.62992766697294], [-90.16205953145733, 38.63006708408134], [-90.16779691829495, 38.630206220267794], [-90.17353434470424, 38.6303450755264], [-90.17927181060547, 38.63048364985134], [-90.185009315919, 38.63062194323676], [-90.1907468605651, 38.6307599556768], [-90.1964844444641, 38.63089768716567], [-90.2022220675363, 38.63103513769752], [-90.20795972970198, 38.63117230726659]]}}, {"type": "Feature", "properties": {"route_run_id": "stl_midamerica_to_st_louis_union_station_2026-03-07_0261", "route_pair": "midamerica_to_st_louis_union_station", "route_pair_label": "MidAmerica to St. Louis Union Station", "origin_label": "MidAmerica St. Louis Airport", "destination_label": "St. Louis Union Station", "origin_lat": 38.5451731, "origin_lon": -89.8351856, "destination_lat": 38.629167, "destination_lon": -90.2075, "traffic_date": "2026-03-07", "traffic_dataset": "March 7th - Saturday", "weight_id": "w_0261", "distance_weight": 0.6, "population_weight": 0.1, "traffic_weight": 0.3, "airspace_weight": 0.0, "path_nodes": 67, "path_node_ids": [8877, 8876, 8868, 8869, 8870, 8867, 9753, 9754, 9755, 9744, 9746, 9747, 9745, 9733, 9721, 9732, 9720, 9915, 9916, 9918, 9917, 9935, 9938, 9939, 9930, 9931, 9928, 9929, 9839, 9841, 9840, 9838, 9855, 9853, 9854, 9852, 9850, 9851, 9863, 9862, 1962, 1961, 1960, 1968, 1969, 1971, 1970, 1978, 1980, 1981, 1979, 2159, 2166, 2188, 2192, 2418, 2422, 2425, 2427, 2453, 2455, 2457, 2376, 2399, 2401, 2404, 2715], "elapsed_seconds": 0.012835899950005114, "status": "success", "failure_reason": "", "route_distance_km": 47.19399776335868, "distance_cost_sum": 51.94004653886279, "population_cost_sum": 19.228273816660934, "traffic_cost_sum": 14.870610918672991, "airspace_cost_sum": 38.0, "total_weighted_score": 37.54803858058566}, "geometry": {"type": "LineString", "coordinates": [[-89.83272609742262, 38.54503213945896], [-89.83845499191484, 38.54518713674757], [-89.84418393041321, 38.54534185422887], [-89.8499129128385, 38.54549629189633], [-89.85564193911159, 38.545650449743434], [-89.86137100915332, 38.54580432776372], [-89.86710012288452, 38.545957925950695], [-89.87282928022606, 38.546111244297876], [-89.8785584810987, 38.54626428279884], [-89.88428772542336, 38.54641704144712], [-89.8900170131208, 38.5465695202363], [-89.89574634411186, 38.54672171915994], [-89.90147571831739, 38.546873638211636], [-89.90739802788026, 38.54252582614685], [-89.91312713232598, 38.54267716120381], [-89.91885627973821, 38.54282821641439], [-89.92458547003774, 38.5429789917722], [-89.93031470314544, 38.543129487270946], [-89.93585286661902, 38.54777927485379], [-89.94158254110822, 38.54792923462347], [-89.94731225817821, 38.548078914470366], [-89.95304201774988, 38.54822831438818], [-89.95858208911035, 38.55287709782697], [-89.96431228957056, 38.553025961699916], [-89.97004253230493, 38.553174545580205], [-89.97577281723424, 38.553322849461594], [-89.9815031442792, 38.55347087333782], [-89.98723351336055, 38.553618617202645], [-89.99296392439905, 38.55376608104985], [-89.99869437731542, 38.55391326487322], [-90.00442487203037, 38.55406016866657], [-90.01015540846471, 38.55420679242369], [-90.0156997760314, 38.558853031674964], [-90.02143075196999, 38.55899911872885], [-90.0271617694001, 38.55914492568329], [-90.03289282824241, 38.5592904525321], [-90.0386239284176, 38.5594356992692], [-90.04435506984643, 38.55958066588843], [-90.0500862524495, 38.5597253523837], [-90.05581747614751, 38.55986975874894], [-90.06154874086116, 38.56001388497803], [-90.0672800465111, 38.56015773106491], [-90.073011393018, 38.560301297003505], [-90.07874278030255, 38.56044458278779], [-90.08447420828541, 38.56058758841172], [-90.09020567688721, 38.56073031386926], [-90.09593718602859, 38.5608727591544], [-90.10166873563026, 38.56101492426115], [-90.10740032561284, 38.561156809183515], [-90.11313195589696, 38.5612984139155], [-90.11886362640328, 38.561439738451156], [-90.12441585794114, 38.56608111085856], [-90.12996880268844, 38.57072224396472], [-90.13552246082332, 38.57536313763731], [-90.14107683252396, 38.580003791744], [-90.14663191796852, 38.58464420615243], [-90.15218771733517, 38.589284380730234], [-90.15774423080212, 38.593924315345014], [-90.16330145854758, 38.59856400986431], [-90.16885940074975, 38.60320346415569], [-90.17441805758689, 38.60784267808668], [-90.17997742923725, 38.612481651524796], [-90.18553751587909, 38.6171203843375], [-90.19127398739786, 38.61725833052981], [-90.19683518607279, 38.62189656380297], [-90.20239710011477, 38.62653455609276], [-90.20795972970198, 38.63117230726659]]}}, {"type": "Feature", "properties": {"route_run_id": "stl_midamerica_to_st_louis_union_station_2026-03-07_0176", "route_pair": "midamerica_to_st_louis_union_station", "route_pair_label": "MidAmerica to St. Louis Union Station", "origin_label": "MidAmerica St. Louis Airport", "destination_label": "St. Louis Union Station", "origin_lat": 38.5451731, "origin_lon": -89.8351856, "destination_lat": 38.629167, "destination_lon": -90.2075, "traffic_date": "2026-03-07", "traffic_dataset": "March 7th - Saturday", "weight_id": "w_0176", "distance_weight": 0.3, "population_weight": 0.1, "traffic_weight": 0.0, "airspace_weight": 0.6, "path_nodes": 67, "path_node_ids": [8877, 8879, 8896, 8900, 8924, 8930, 10012, 10015, 10019, 10053, 10057, 10054, 10061, 10051, 10049, 10072, 10079, 10284, 10288, 10286, 10289, 10294, 10281, 10292, 10293, 10304, 10303, 10302, 10315, 10316, 10312, 10181, 10203, 10200, 10202, 10201, 10189, 10190, 10188, 10191, 2276, 2518, 2277, 2509, 2287, 2508, 2286, 2298, 2300, 2301, 2307, 2491, 2492, 2818, 2496, 2507, 2506, 2828, 2505, 2809, 2811, 2810, 2728, 2730, 2731, 2729, 2715], "elapsed_seconds": 0.025979600031860173, "status": "success", "failure_reason": "", "route_distance_km": 47.22076683153593, "distance_cost_sum": 51.969507629527335, "population_cost_sum": 20.395919900589973, "traffic_cost_sum": 24.70309354296587, "airspace_cost_sum": 22.6, "total_weighted_score": 31.190444278917205}, "geometry": {"type": "LineString", "coordinates": [[-89.83272609742262, 38.54503213945896], [-89.83825778508921, 38.54968628939868], [-89.84379018463301, 38.55434020475587], [-89.84932329623358, 38.558993885398685], [-89.85485712007056, 38.56364733119524], [-89.86039165632353, 38.56830054201366], [-89.86592690517212, 38.57295351772198], [-89.871462866796, 38.577606258188254], [-89.87699954137483, 38.582258763280514], [-89.88253692908823, 38.586911032866766], [-89.88807503011597, 38.59156306681497], [-89.89380792466403, 38.591715509561276], [-89.89934713930707, 38.59636705177409], [-89.90508047722643, 38.59651895818466], [-89.91081385831642, 38.59667058421835], [-89.91635458673171, 38.60132137816604], [-89.92189602906302, 38.60597193580059], [-89.92743818549003, 38.61062225698987], [-89.93298105619242, 38.615272341601674], [-89.93871608023923, 38.61542266184741], [-89.94445114702152, 38.615572701498955], [-89.95018625645967, 38.61572246055001], [-89.9559214084743, 38.61587193899423], [-89.9616566029858, 38.61602113682532], [-89.96739183991471, 38.61617005403699], [-89.97312711918148, 38.61631869062297], [-89.97886244070665, 38.616467046576965], [-89.9845978044106, 38.61661512189275], [-89.9903332102139, 38.61676291656407], [-89.99606865803695, 38.61691043058469], [-90.00199161415404, 38.61255787040093], [-90.00772678846238, 38.612704799586744], [-90.01346200454176, 38.612851448148064], [-90.01919726231266, 38.612997816078675], [-90.02493256169556, 38.61314390337241], [-90.03066790261092, 38.61328971002312], [-90.03640328497923, 38.613435236024664], [-90.04213870872088, 38.61358048137086], [-90.04787417375634, 38.61372544605564], [-90.05360968000618, 38.61387013007287], [-90.0593452273907, 38.61401453341643], [-90.0650808158304, 38.61415865608025], [-90.07081644524574, 38.61430249805824], [-90.07655211555712, 38.614446059344324], [-90.08228782668499, 38.614589339932465], [-90.08802357854981, 38.61473233981663], [-90.09375937107193, 38.61487505899075], [-90.09949520417183, 38.615017497448825], [-90.10505004462816, 38.61965986513943], [-90.11078631613944, 38.61980176485522], [-90.11634226958749, 38.624443634935055], [-90.1220789793104, 38.62458499570804], [-90.12781572923257, 38.62472607564535], [-90.13337319363258, 38.629367189437694], [-90.13911038141684, 38.62950773017495], [-90.14484760917111, 38.62964799001386], [-90.15058487681573, 38.629787968948484], [-90.156322184271, 38.62992766697294], [-90.16205953145733, 38.63006708408134], [-90.16779691829495, 38.630206220267794], [-90.17353434470424, 38.6303450755264], [-90.17927181060547, 38.63048364985134], [-90.185009315919, 38.63062194323676], [-90.1907468605651, 38.6307599556768], [-90.1964844444641, 38.63089768716567], [-90.2022220675363, 38.63103513769752], [-90.20795972970198, 38.63117230726659]]}}, {"type": "Feature", "properties": {"route_run_id": "stl_midamerica_to_st_louis_union_station_2026-03-07_0212", "route_pair": "midamerica_to_st_louis_union_station", "route_pair_label": "MidAmerica to St. Louis Union Station", "origin_label": "MidAmerica St. Louis Airport", "destination_label": "St. Louis Union Station", "origin_lat": 38.5451731, "origin_lon": -89.8351856, "destination_lat": 38.629167, "destination_lon": -90.2075, "traffic_date": "2026-03-07", "traffic_dataset": "March 7th - Saturday", "weight_id": "w_0212", "distance_weight": 0.4, "population_weight": 0.1, "traffic_weight": 0.1, "airspace_weight": 0.4, "path_nodes": 67, "path_node_ids": [8877, 8879, 8896, 8900, 8924, 8930, 10012, 10015, 10019, 10053, 10057, 10054, 10061, 10051, 10049, 10048, 10050, 10253, 10252, 10241, 10240, 10248, 10246, 10247, 10245, 10263, 10265, 10264, 10173, 10174, 10172, 10175, 10195, 10198, 10196, 10197, 10185, 10187, 10186, 10191, 2276, 2518, 2277, 2509, 2287, 2508, 2286, 2298, 2300, 2301, 2307, 2491, 2497, 2818, 2496, 2507, 2506, 2828, 2505, 2809, 2811, 2810, 2728, 2730, 2731, 2729, 2715], "elapsed_seconds": 0.01999729999806732, "status": "success", "failure_reason": "", "route_distance_km": 46.68553550765997, "distance_cost_sum": 51.38045094459528, "population_cost_sum": 24.311562819665184, "traffic_cost_sum": 21.202604591262958, "airspace_cost_sum": 22.6, "total_weighted_score": 34.143597118930934}, "geometry": {"type": "LineString", "coordinates": [[-89.83272609742262, 38.54503213945896], [-89.83825778508921, 38.54968628939868], [-89.84379018463301, 38.55434020475587], [-89.84932329623358, 38.558993885398685], [-89.85485712007056, 38.56364733119524], [-89.86039165632353, 38.56830054201366], [-89.86592690517212, 38.57295351772198], [-89.871462866796, 38.577606258188254], [-89.87699954137483, 38.582258763280514], [-89.88253692908823, 38.586911032866766], [-89.88807503011597, 38.59156306681497], [-89.89380792466403, 38.591715509561276], [-89.89934713930707, 38.59636705177409], [-89.90508047722643, 38.59651895818466], [-89.91081385831642, 38.59667058421835], [-89.91654728249756, 38.596821929868824], [-89.92228074969049, 38.59697299512966], [-89.92801425981584, 38.59712377999449], [-89.93374781279411, 38.597274284457015], [-89.93948140854593, 38.5974245085108], [-89.94521504699188, 38.5975744521496], [-89.95094872805251, 38.59772411536704], [-89.95668245164843, 38.59787349815684], [-89.96241621770018, 38.59802260051268], [-89.96815002612831, 38.59817142242828], [-89.97369475078722, 38.60281965195827], [-89.97942900075623, 38.60296793670464], [-89.98516329287352, 38.603115940947184], [-89.99089762705957, 38.603263664679695], [-89.99663200323492, 38.603411107895916], [-90.00236642132012, 38.60355827058964], [-90.00810088123565, 38.603705152754664], [-90.01383538290203, 38.603851754384785], [-90.01938361507719, 38.6084979478912], [-90.0251185571937, 38.60864401180754], [-90.03085354083264, 38.60878979512565], [-90.03658856591449, 38.60893529783942], [-90.04232363235971, 38.609080519942665], [-90.04805874008878, 38.60922546142931], [-90.05360968000618, 38.61387013007287], [-90.0593452273907, 38.61401453341643], [-90.0650808158304, 38.61415865608025], [-90.07081644524574, 38.61430249805824], [-90.07655211555712, 38.614446059344324], [-90.08228782668499, 38.614589339932465], [-90.08802357854981, 38.61473233981663], [-90.09375937107193, 38.61487505899075], [-90.09949520417183, 38.615017497448825], [-90.10505004462816, 38.61965986513943], [-90.11078631613944, 38.61980176485522], [-90.11634226958749, 38.624443634935055], [-90.1220789793104, 38.62458499570804], [-90.12763604589804, 38.629226367808045], [-90.13337319363258, 38.629367189437694], [-90.13911038141684, 38.62950773017495], [-90.14484760917111, 38.62964799001386], [-90.15058487681573, 38.629787968948484], [-90.156322184271, 38.62992766697294], [-90.16205953145733, 38.63006708408134], [-90.16779691829495, 38.630206220267794], [-90.17353434470424, 38.6303450755264], [-90.17927181060547, 38.63048364985134], [-90.185009315919, 38.63062194323676], [-90.1907468605651, 38.6307599556768], [-90.1964844444641, 38.63089768716567], [-90.2022220675363, 38.63103513769752], [-90.20795972970198, 38.63117230726659]]}}, {"type": "Feature", "properties": {"route_run_id": "stl_midamerica_to_st_louis_union_station_2026-03-07_0169", "route_pair": "midamerica_to_st_louis_union_station", "route_pair_label": "MidAmerica to St. Louis Union Station", "origin_label": "MidAmerica St. Louis Airport", "destination_label": "St. Louis Union Station", "origin_lat": 38.5451731, "origin_lon": -89.8351856, "destination_lat": 38.629167, "destination_lon": -90.2075, "traffic_date": "2026-03-07", "traffic_dataset": "March 7th - Saturday", "weight_id": "w_0169", "distance_weight": 0.3, "population_weight": 0.0, "traffic_weight": 0.1, "airspace_weight": 0.6, "path_nodes": 67, "path_node_ids": [8877, 8876, 8892, 8897, 8899, 8926, 9788, 10013, 10014, 10036, 10052, 10054, 10061, 10051, 10049, 10048, 10050, 10253, 10252, 10241, 10240, 10248, 10246, 10247, 10245, 10231, 10230, 10262, 10150, 10148, 10149, 10151, 10161, 10159, 10158, 10160, 10166, 10168, 10167, 10169, 2247, 2269, 2268, 2257, 2280, 2281, 2282, 2293, 2296, 2301, 2303, 2491, 2497, 2818, 2496, 2507, 2506, 2828, 2505, 2809, 2811, 2810, 2728, 2730, 2731, 2729, 2715], "elapsed_seconds": 0.02503480005543679, "status": "success", "failure_reason": "", "route_distance_km": 46.68348381080322, "distance_cost_sum": 51.37819291952277, "population_cost_sum": 29.833108769446547, "traffic_cost_sum": 19.866839333529782, "airspace_cost_sum": 22.6, "total_weighted_score": 30.960141809209816}, "geometry": {"type": "LineString", "coordinates": [[-89.83272609742262, 38.54503213945896], [-89.83845499191484, 38.54518713674757], [-89.84398707949187, 38.54984103165108], [-89.84951987896733, 38.55449469187918], [-89.85505339052077, 38.559148117300026], [-89.86058761433173, 38.563801307781745], [-89.86612255057987, 38.568454263192415], [-89.87165819944471, 38.57310698340007], [-89.87719456110594, 38.577759468272795], [-89.88273163574308, 38.582411717678575], [-89.88826942353593, 38.58706373148541], [-89.89380792466403, 38.591715509561276], [-89.89934713930707, 38.59636705177409], [-89.90508047722643, 38.59651895818466], [-89.91081385831642, 38.59667058421835], [-89.91654728249756, 38.596821929868824], [-89.92228074969049, 38.59697299512966], [-89.92801425981584, 38.59712377999449], [-89.93374781279411, 38.597274284457015], [-89.93948140854593, 38.5974245085108], [-89.94521504699188, 38.5975744521496], [-89.95094872805251, 38.59772411536704], [-89.95668245164843, 38.59787349815684], [-89.96241621770018, 38.59802260051268], [-89.96815002612831, 38.59817142242828], [-89.9738838768534, 38.59831996389739], [-89.97961776979602, 38.59846822491371], [-89.98535170487666, 38.59861620547102], [-89.99108568201598, 38.59876390556306], [-89.99681970113441, 38.59891132518362], [-90.00255376215256, 38.59905846432648], [-90.00828786499093, 38.59920532298544], [-90.01402200957008, 38.5993519011543], [-90.01975619581054, 38.599498198826886], [-90.02549042363282, 38.599644215997024], [-90.03122469295744, 38.59978995265856], [-90.03695900370492, 38.599935408805365], [-90.0426933557958, 38.60008058443128], [-90.04842774915056, 38.600225479530216], [-90.05416218368977, 38.60037009409603], [-90.05989665933384, 38.60051442812264], [-90.06563117600335, 38.600658481603965], [-90.07136573361876, 38.60080225453393], [-90.07710033210058, 38.60094574690646], [-90.08265263052834, 38.605589089986196], [-90.08838766772114, 38.60573204410446], [-90.09394107859575, 38.61037489039303], [-90.09967655430022, 38.61051730605643], [-90.10523107776994, 38.61515965518486], [-90.11078631613944, 38.61980176485522], [-90.11652262799952, 38.61994338379215], [-90.1220789793104, 38.62458499570804], [-90.12763604589804, 38.629226367808045], [-90.13337319363258, 38.629367189437694], [-90.13911038141684, 38.62950773017495], [-90.14484760917111, 38.62964799001386], [-90.15058487681573, 38.629787968948484], [-90.156322184271, 38.62992766697294], [-90.16205953145733, 38.63006708408134], [-90.16779691829495, 38.630206220267794], [-90.17353434470424, 38.6303450755264], [-90.17927181060547, 38.63048364985134], [-90.185009315919, 38.63062194323676], [-90.1907468605651, 38.6307599556768], [-90.1964844444641, 38.63089768716567], [-90.2022220675363, 38.63103513769752], [-90.20795972970198, 38.63117230726659]]}}, {"type": "Feature", "properties": {"route_run_id": "stl_midamerica_to_st_louis_union_station_2026-03-07_0270", "route_pair": "midamerica_to_st_louis_union_station", "route_pair_label": "MidAmerica to St. Louis Union Station", "origin_label": "MidAmerica St. Louis Airport", "destination_label": "St. Louis Union Station", "origin_lat": 38.5451731, "origin_lon": -89.8351856, "destination_lat": 38.629167, "destination_lon": -90.2075, "traffic_date": "2026-03-07", "traffic_dataset": "March 7th - Saturday", "weight_id": "w_0270", "distance_weight": 0.7, "population_weight": 0.0, "traffic_weight": 0.2, "airspace_weight": 0.1, "path_nodes": 67, "path_node_ids": [8877, 8876, 8868, 8893, 8894, 8871, 9758, 9756, 9757, 9750, 9773, 9779, 9777, 9769, 9771, 9770, 9792, 9975, 9974, 9976, 9980, 9987, 9988, 9986, 9985, 9999, 9998, 10000, 10124, 10123, 10122, 10125, 10139, 10138, 10140, 10153, 10118, 10120, 10119, 10121, 2242, 2243, 2245, 2257, 2280, 2281, 2282, 2293, 2296, 2301, 2303, 2491, 2497, 2818, 2496, 2507, 2506, 2828, 2505, 2809, 2811, 2810, 2728, 2730, 2731, 2729, 2715], "elapsed_seconds": 0.011415800079703331, "status": "success", "failure_reason": "", "route_distance_km": 46.67668350808647, "distance_cost_sum": 51.37070874661251, "population_cost_sum": 28.553561406823768, "traffic_cost_sum": 17.036406108578745, "airspace_cost_sum": 26.6, "total_weighted_score": 42.0267773443445}, "geometry": {"type": "LineString", "coordinates": [[-89.83272609742262, 38.54503213945896], [-89.83845499191484, 38.54518713674757], [-89.84418393041321, 38.54534185422887], [-89.84971641783211, 38.549995494044936], [-89.85544580003071, 38.55014967657376], [-89.86117522600853, 38.55030357923106], [-89.86690469568633, 38.55045720201035], [-89.87263420898502, 38.550610544905176], [-89.87836376582533, 38.55076360790903], [-89.88409336612811, 38.55091639101554], [-89.88962896320348, 38.555568263906835], [-89.89516527250416, 38.56021990134085], [-89.90089571497577, 38.56037189337378], [-89.90662620061389, 38.56052360539423], [-89.91216402109853, 38.56517449573953], [-89.91789494911032, 38.56532567191472], [-89.92362592006123, 38.56547656801355], [-89.92935693387194, 38.56562718402969], [-89.93508799046323, 38.565777519956754], [-89.94062812038845, 38.57042715041154], [-89.94616896320129, 38.57507654445588], [-89.95190086057701, 38.57522608794758], [-89.95763280043668, 38.57537535123546], [-89.96336478270089, 38.575524334313236], [-89.96909680729033, 38.57567303717464], [-89.97463995904508, 38.58032116913299], [-89.9803724246763, 38.580469335258314], [-89.98610493240487, 38.58061722110372], [-89.99183748215145, 38.580764826663], [-89.99757007383663, 38.58091215192994], [-90.00330270738102, 38.581059196898295], [-90.00903538270526, 38.58120596156188], [-90.01458163964669, 38.58585231607147], [-90.02031475507195, 38.58599854351194], [-90.02586212406251, 38.590644403281054], [-90.03159567939072, 38.59079009329748], [-90.03732927612181, 38.590935502888776], [-90.04306291417632, 38.59108063204878], [-90.04879659347476, 38.591225480771406], [-90.05453031393769, 38.591370049050525], [-90.06026407548569, 38.59151433688004], [-90.06599787803927, 38.59165834425389], [-90.07154874799711, 38.59630216495158], [-90.07710033210058, 38.60094574690646], [-90.08265263052834, 38.605589089986196], [-90.08838766772114, 38.60573204410446], [-90.09394107859575, 38.61037489039303], [-90.09967655430022, 38.61051730605643], [-90.10523107776994, 38.61515965518486], [-90.11078631613944, 38.61980176485522], [-90.11652262799952, 38.61994338379215], [-90.1220789793104, 38.62458499570804], [-90.12763604589804, 38.629226367808045], [-90.13337319363258, 38.629367189437694], [-90.13911038141684, 38.62950773017495], [-90.14484760917111, 38.62964799001386], [-90.15058487681573, 38.629787968948484], [-90.156322184271, 38.62992766697294], [-90.16205953145733, 38.63006708408134], [-90.16779691829495, 38.630206220267794], [-90.17353434470424, 38.6303450755264], [-90.17927181060547, 38.63048364985134], [-90.185009315919, 38.63062194323676], [-90.1907468605651, 38.6307599556768], [-90.1964844444641, 38.63089768716567], [-90.2022220675363, 38.63103513769752], [-90.20795972970198, 38.63117230726659]]}}, {"type": "Feature", "properties": {"route_run_id": "stl_midamerica_to_st_louis_union_station_2026-03-07_0269", "route_pair": "midamerica_to_st_louis_union_station", "route_pair_label": "MidAmerica to St. Louis Union Station", "origin_label": "MidAmerica St. Louis Airport", "destination_label": "St. Louis Union Station", "origin_lat": 38.5451731, "origin_lon": -89.8351856, "destination_lat": 38.629167, "destination_lon": -90.2075, "traffic_date": "2026-03-07", "traffic_dataset": "March 7th - Saturday", "weight_id": "w_0269", "distance_weight": 0.7, "population_weight": 0.0, "traffic_weight": 0.1, "airspace_weight": 0.2, "path_nodes": 67, "path_node_ids": [8877, 8876, 8892, 8897, 8899, 8926, 9788, 10013, 10014, 10036, 10052, 10054, 10061, 10051, 10049, 10048, 10050, 10253, 10252, 10241, 10240, 10248, 10246, 10247, 10245, 10231, 10230, 10262, 10150, 10148, 10149, 10151, 10161, 10159, 10158, 10160, 10166, 10168, 10167, 10169, 2247, 2269, 2268, 2257, 2280, 2281, 2282, 2293, 2296, 2301, 2303, 2491, 2497, 2818, 2496, 2507, 2506, 2828, 2505, 2809, 2811, 2810, 2728, 2730, 2731, 2729, 2715], "elapsed_seconds": 0.009381799958646297, "status": "success", "failure_reason": "", "route_distance_km": 46.68348381080322, "distance_cost_sum": 51.37819291952277, "population_cost_sum": 29.833108769446547, "traffic_cost_sum": 19.866839333529782, "airspace_cost_sum": 22.6, "total_weighted_score": 42.471418977018914}, "geometry": {"type": "LineString", "coordinates": [[-89.83272609742262, 38.54503213945896], [-89.83845499191484, 38.54518713674757], [-89.84398707949187, 38.54984103165108], [-89.84951987896733, 38.55449469187918], [-89.85505339052077, 38.559148117300026], [-89.86058761433173, 38.563801307781745], [-89.86612255057987, 38.568454263192415], [-89.87165819944471, 38.57310698340007], [-89.87719456110594, 38.577759468272795], [-89.88273163574308, 38.582411717678575], [-89.88826942353593, 38.58706373148541], [-89.89380792466403, 38.591715509561276], [-89.89934713930707, 38.59636705177409], [-89.90508047722643, 38.59651895818466], [-89.91081385831642, 38.59667058421835], [-89.91654728249756, 38.596821929868824], [-89.92228074969049, 38.59697299512966], [-89.92801425981584, 38.59712377999449], [-89.93374781279411, 38.597274284457015], [-89.93948140854593, 38.5974245085108], [-89.94521504699188, 38.5975744521496], [-89.95094872805251, 38.59772411536704], [-89.95668245164843, 38.59787349815684], [-89.96241621770018, 38.59802260051268], [-89.96815002612831, 38.59817142242828], [-89.9738838768534, 38.59831996389739], [-89.97961776979602, 38.59846822491371], [-89.98535170487666, 38.59861620547102], [-89.99108568201598, 38.59876390556306], [-89.99681970113441, 38.59891132518362], [-90.00255376215256, 38.59905846432648], [-90.00828786499093, 38.59920532298544], [-90.01402200957008, 38.5993519011543], [-90.01975619581054, 38.599498198826886], [-90.02549042363282, 38.599644215997024], [-90.03122469295744, 38.59978995265856], [-90.03695900370492, 38.599935408805365], [-90.0426933557958, 38.60008058443128], [-90.04842774915056, 38.600225479530216], [-90.05416218368977, 38.60037009409603], [-90.05989665933384, 38.60051442812264], [-90.06563117600335, 38.600658481603965], [-90.07136573361876, 38.60080225453393], [-90.07710033210058, 38.60094574690646], [-90.08265263052834, 38.605589089986196], [-90.08838766772114, 38.60573204410446], [-90.09394107859575, 38.61037489039303], [-90.09967655430022, 38.61051730605643], [-90.10523107776994, 38.61515965518486], [-90.11078631613944, 38.61980176485522], [-90.11652262799952, 38.61994338379215], [-90.1220789793104, 38.62458499570804], [-90.12763604589804, 38.629226367808045], [-90.13337319363258, 38.629367189437694], [-90.13911038141684, 38.62950773017495], [-90.14484760917111, 38.62964799001386], [-90.15058487681573, 38.629787968948484], [-90.156322184271, 38.62992766697294], [-90.16205953145733, 38.63006708408134], [-90.16779691829495, 38.630206220267794], [-90.17353434470424, 38.6303450755264], [-90.17927181060547, 38.63048364985134], [-90.185009315919, 38.63062194323676], [-90.1907468605651, 38.6307599556768], [-90.1964844444641, 38.63089768716567], [-90.2022220675363, 38.63103513769752], [-90.20795972970198, 38.63117230726659]]}}, {"type": "Feature", "properties": {"route_run_id": "stl_midamerica_to_st_louis_union_station_2026-03-07_0263", "route_pair": "midamerica_to_st_louis_union_station", "route_pair_label": "MidAmerica to St. Louis Union Station", "origin_label": "MidAmerica St. Louis Airport", "destination_label": "St. Louis Union Station", "origin_lat": 38.5451731, "origin_lon": -89.8351856, "destination_lat": 38.629167, "destination_lon": -90.2075, "traffic_date": "2026-03-07", "traffic_dataset": "March 7th - Saturday", "weight_id": "w_0263", "distance_weight": 0.6, "population_weight": 0.2, "traffic_weight": 0.1, "airspace_weight": 0.1, "path_nodes": 67, "path_node_ids": [8877, 8876, 8868, 8869, 8870, 8867, 9753, 9754, 9755, 9744, 9749, 9775, 9772, 9769, 9771, 9770, 9797, 10002, 10006, 10008, 10233, 10243, 10244, 10242, 10245, 10263, 10266, 10270, 10313, 10180, 10312, 10181, 10203, 10200, 10202, 10201, 10189, 10190, 10188, 10191, 2276, 2518, 2519, 2510, 2512, 2513, 2511, 2302, 2300, 2301, 2307, 2491, 2497, 2818, 2496, 2507, 2506, 2828, 2505, 2809, 2811, 2810, 2728, 2730, 2731, 2729, 2715], "elapsed_seconds": 0.013361599994823337, "status": "success", "failure_reason": "", "route_distance_km": 46.682026751522535, "distance_cost_sum": 51.37658933155743, "population_cost_sum": 18.341249242516326, "traffic_cost_sum": 23.370125885350486, "airspace_cost_sum": 27.2, "total_weighted_score": 39.55121603597278}, "geometry": {"type": "LineString", "coordinates": [[-89.83272609742262, 38.54503213945896], [-89.83845499191484, 38.54518713674757], [-89.84418393041321, 38.54534185422887], [-89.8499129128385, 38.54549629189633], [-89.85564193911159, 38.545650449743434], [-89.86137100915332, 38.54580432776372], [-89.86710012288452, 38.545957925950695], [-89.87282928022606, 38.546111244297876], [-89.8785584810987, 38.54626428279884], [-89.88428772542336, 38.54641704144712], [-89.8898230098142, 38.55106889421821], [-89.89535900627187, 38.555720511571074], [-89.90108909257557, 38.55587247927394], [-89.90662620061389, 38.56052360539423], [-89.91216402109853, 38.56517449573953], [-89.91789494911032, 38.56532567191472], [-89.92343388152776, 38.56997607043378], [-89.9289735267709, 38.57462623282101], [-89.93451388501903, 38.57927615894434], [-89.94005495645153, 38.5839258486717], [-89.94559674124768, 38.58857530187098], [-89.95113923958688, 38.593224518410075], [-89.95687260627673, 38.5933738772936], [-89.96260601541215, 38.59352295578797], [-89.96815002612831, 38.59817142242828], [-89.97369475078722, 38.60281965195827], [-89.97924018956823, 38.60746764424572], [-89.98478634265064, 38.61211539915841], [-89.99052139116867, 38.61226317018054], [-89.99625648169634, 38.61241066059679], [-90.00199161415404, 38.61255787040093], [-90.00772678846238, 38.612704799586744], [-90.01346200454176, 38.612851448148064], [-90.01919726231266, 38.612997816078675], [-90.02493256169556, 38.61314390337241], [-90.03066790261092, 38.61328971002312], [-90.03640328497923, 38.613435236024664], [-90.04213870872088, 38.61358048137086], [-90.04787417375634, 38.61372544605564], [-90.05360968000618, 38.61387013007287], [-90.0593452273907, 38.61401453341643], [-90.0650808158304, 38.61415865608025], [-90.07063326734246, 38.618802570824315], [-90.07636929508949, 38.61894615508724], [-90.08210536366288, 38.61908945860739], [-90.087841472983, 38.61923248137871], [-90.09357762297034, 38.61937522339516], [-90.09931381354528, 38.61951768465076], [-90.10505004462816, 38.61965986513943], [-90.11078631613944, 38.61980176485522], [-90.11634226958749, 38.624443634935055], [-90.1220789793104, 38.62458499570804], [-90.12763604589804, 38.629226367808045], [-90.13337319363258, 38.629367189437694], [-90.13911038141684, 38.62950773017495], [-90.14484760917111, 38.62964799001386], [-90.15058487681573, 38.629787968948484], [-90.156322184271, 38.62992766697294], [-90.16205953145733, 38.63006708408134], [-90.16779691829495, 38.630206220267794], [-90.17353434470424, 38.6303450755264], [-90.17927181060547, 38.63048364985134], [-90.185009315919, 38.63062194323676], [-90.1907468605651, 38.6307599556768], [-90.1964844444641, 38.63089768716567], [-90.2022220675363, 38.63103513769752], [-90.20795972970198, 38.63117230726659]]}}, {"type": "Feature", "properties": {"route_run_id": "stl_midamerica_to_st_louis_union_station_2026-03-07_0140", "route_pair": "midamerica_to_st_louis_union_station", "route_pair_label": "MidAmerica to St. Louis Union Station", "origin_label": "MidAmerica St. Louis Airport", "destination_label": "St. Louis Union Station", "origin_lat": 38.5451731, "origin_lon": -89.8351856, "destination_lat": 38.629167, "destination_lon": -90.2075, "traffic_date": "2026-03-07", "traffic_dataset": "March 7th - Saturday", "weight_id": "w_0140", "distance_weight": 0.2, "population_weight": 0.2, "traffic_weight": 0.1, "airspace_weight": 0.5, "path_nodes": 68, "path_node_ids": [8877, 8881, 8904, 8922, 8923, 8927, 9145, 10016, 10018, 10062, 10055, 10058, 10094, 10096, 10103, 10104, 10110, 10109, 10516, 10515, 10290, 10289, 10294, 10281, 10292, 10293, 10304, 10303, 10270, 10313, 10180, 10312, 10181, 10203, 10200, 10202, 10201, 10189, 10190, 10188, 10191, 2276, 2518, 2519, 2510, 2517, 2515, 2516, 2530, 2534, 2532, 2558, 2840, 2839, 2838, 2827, 2849, 2848, 2850, 2837, 2859, 2858, 2860, 2763, 2762, 2737, 2732, 2715], "elapsed_seconds": 0.03369139996357262, "status": "success", "failure_reason": "", "route_distance_km": 50.26417626842154, "distance_cost_sum": 55.31897652981578, "population_cost_sum": 14.3818335662502, "traffic_cost_sum": 21.64862379669449, "airspace_cost_sum": 23.2, "total_weighted_score": 27.705024398882657}, "geometry": {"type": "LineString", "coordinates": [[-89.83272609742262, 38.54503213945896], [-89.83252853470323, 38.54953126729425], [-89.83806053424684, 38.55418543772932], [-89.84359324582596, 38.558839373542895], [-89.84912666962028, 38.563493074603095], [-89.85466080580946, 38.568146540778045], [-89.86019565457306, 38.572799771935806], [-89.86573121609086, 38.57745276794444], [-89.87126749054252, 38.58210552867199], [-89.8768044781077, 38.58675805398646], [-89.88234217896623, 38.591410343755804], [-89.8878805932977, 38.59606239784802], [-89.89341972128202, 38.600714216131045], [-89.89895956309883, 38.60536579847276], [-89.90450011892796, 38.61001714474108], [-89.91004138894921, 38.614668254803874], [-89.9155833733424, 38.61931912852895], [-89.92131862594731, 38.619470314708934], [-89.9268617252078, 38.624120695492145], [-89.93259742104341, 38.62427134452904], [-89.93852464134986, 38.619922189503846], [-89.94445114702152, 38.615572701498955], [-89.95018625645967, 38.61572246055001], [-89.9559214084743, 38.61587193899423], [-89.9616566029858, 38.61602113682532], [-89.96739183991471, 38.61617005403699], [-89.97312711918148, 38.61631869062297], [-89.97886244070665, 38.616467046576965], [-89.98478634265064, 38.61211539915841], [-89.99052139116867, 38.61226317018054], [-89.99625648169634, 38.61241066059679], [-90.00199161415404, 38.61255787040093], [-90.00772678846238, 38.612704799586744], [-90.01346200454176, 38.612851448148064], [-90.01919726231266, 38.612997816078675], [-90.02493256169556, 38.61314390337241], [-90.03066790261092, 38.61328971002312], [-90.03640328497923, 38.613435236024664], [-90.04213870872088, 38.61358048137086], [-90.04787417375634, 38.61372544605564], [-90.05360968000618, 38.61387013007287], [-90.0593452273907, 38.61401453341643], [-90.0650808158304, 38.61415865608025], [-90.07063326734246, 38.618802570824315], [-90.07636929508949, 38.61894615508724], [-90.08192285989396, 38.62358957308307], [-90.08765932674906, 38.623732618744384], [-90.09339583428118, 38.623875383605984], [-90.09895091075838, 38.62851804648185], [-90.10450670259345, 38.633160469873815], [-90.1102440470662, 38.63330243772981], [-90.11580095263906, 38.63794436326609], [-90.12135857394713, 38.64258604896054], [-90.12709675507955, 38.642727219229855], [-90.13283497637043, 38.64286810847808], [-90.13857323774008, 38.64300871669927], [-90.14431153910874, 38.643149043887504], [-90.15004988039681, 38.64328909003685], [-90.15578826152439, 38.64342885514139], [-90.16152668241186, 38.64356833919522], [-90.16726514297947, 38.64370754219247], [-90.17300364314747, 38.64384646412727], [-90.17874218283609, 38.64398510499372], [-90.18448076196563, 38.64412346478601], [-90.19021938045634, 38.644261543498274], [-90.19613354616266, 38.639898793950096], [-90.20204699586435, 38.63553571516044], [-90.20795972970198, 38.63117230726659]]}}, {"type": "Feature", "properties": {"route_run_id": "stl_midamerica_to_st_louis_union_station_2026-03-07_0207", "route_pair": "midamerica_to_st_louis_union_station", "route_pair_label": "MidAmerica to St. Louis Union Station", "origin_label": "MidAmerica St. Louis Airport", "destination_label": "St. Louis Union Station", "origin_lat": 38.5451731, "origin_lon": -89.8351856, "destination_lat": 38.629167, "destination_lon": -90.2075, "traffic_date": "2026-03-07", "traffic_dataset": "March 7th - Saturday", "weight_id": "w_0207", "distance_weight": 0.4, "population_weight": 0.0, "traffic_weight": 0.3, "airspace_weight": 0.3, "path_nodes": 67, "path_node_ids": [8877, 8876, 8892, 8897, 8899, 8926, 9788, 10013, 10014, 10036, 10052, 10054, 10061, 10051, 10049, 10048, 10050, 10253, 10252, 10241, 10240, 10248, 10246, 10247, 10245, 10263, 10265, 10264, 10173, 10174, 10172, 10175, 10195, 10193, 10196, 10197, 10185, 10187, 10186, 10191, 2276, 2518, 2519, 2510, 2517, 2540, 2543, 2533, 2534, 2532, 2535, 2819, 2497, 2818, 2496, 2507, 2506, 2828, 2505, 2809, 2811, 2810, 2728, 2730, 2731, 2729, 2715], "elapsed_seconds": 0.018550900043919683, "status": "success", "failure_reason": "", "route_distance_km": 47.21914938920484, "distance_cost_sum": 51.96772752964319, "population_cost_sum": 25.520294314951332, "traffic_cost_sum": 16.936107454260075, "airspace_cost_sum": 23.8, "total_weighted_score": 33.0079232481353}, "geometry": {"type": "LineString", "coordinates": [[-89.83272609742262, 38.54503213945896], [-89.83845499191484, 38.54518713674757], [-89.84398707949187, 38.54984103165108], [-89.84951987896733, 38.55449469187918], [-89.85505339052077, 38.559148117300026], [-89.86058761433173, 38.563801307781745], [-89.86612255057987, 38.568454263192415], [-89.87165819944471, 38.57310698340007], [-89.87719456110594, 38.577759468272795], [-89.88273163574308, 38.582411717678575], [-89.88826942353593, 38.58706373148541], [-89.89380792466403, 38.591715509561276], [-89.89934713930707, 38.59636705177409], [-89.90508047722643, 38.59651895818466], [-89.91081385831642, 38.59667058421835], [-89.91654728249756, 38.596821929868824], [-89.92228074969049, 38.59697299512966], [-89.92801425981584, 38.59712377999449], [-89.93374781279411, 38.597274284457015], [-89.93948140854593, 38.5974245085108], [-89.94521504699188, 38.5975744521496], [-89.95094872805251, 38.59772411536704], [-89.95668245164843, 38.59787349815684], [-89.96241621770018, 38.59802260051268], [-89.96815002612831, 38.59817142242828], [-89.97369475078722, 38.60281965195827], [-89.97942900075623, 38.60296793670464], [-89.98516329287352, 38.603115940947184], [-89.99089762705957, 38.603263664679695], [-89.99663200323492, 38.603411107895916], [-90.00236642132012, 38.60355827058964], [-90.00810088123565, 38.603705152754664], [-90.01383538290203, 38.603851754384785], [-90.01956992623981, 38.60399807547383], [-90.0251185571937, 38.60864401180754], [-90.03085354083264, 38.60878979512565], [-90.03658856591449, 38.60893529783942], [-90.04232363235971, 38.609080519942665], [-90.04805874008878, 38.60922546142931], [-90.05360968000618, 38.61387013007287], [-90.0593452273907, 38.61401453341643], [-90.0650808158304, 38.61415865608025], [-90.07063326734246, 38.618802570824315], [-90.07636929508949, 38.61894615508724], [-90.08192285989396, 38.62358957308307], [-90.08747713983809, 38.62823275191331], [-90.0930321351008, 38.63287569144548], [-90.09876939857845, 38.63301822111036], [-90.10450670259345, 38.633160469873815], [-90.1102440470662, 38.63330243772981], [-90.115981431917, 38.63344412467236], [-90.12171885706623, 38.633585530695484], [-90.12763604589804, 38.629226367808045], [-90.13337319363258, 38.629367189437694], [-90.13911038141684, 38.62950773017495], [-90.14484760917111, 38.62964799001386], [-90.15058487681573, 38.629787968948484], [-90.156322184271, 38.62992766697294], [-90.16205953145733, 38.63006708408134], [-90.16779691829495, 38.630206220267794], [-90.17353434470424, 38.6303450755264], [-90.17927181060547, 38.63048364985134], [-90.185009315919, 38.63062194323676], [-90.1907468605651, 38.6307599556768], [-90.1964844444641, 38.63089768716567], [-90.2022220675363, 38.63103513769752], [-90.20795972970198, 38.63117230726659]]}}, {"type": "Feature", "properties": {"route_run_id": "stl_midamerica_to_st_louis_union_station_2026-03-07_0280", "route_pair": "midamerica_to_st_louis_union_station", "route_pair_label": "MidAmerica to St. Louis Union Station", "origin_label": "MidAmerica St. Louis Airport", "destination_label": "St. Louis Union Station", "origin_lat": 38.5451731, "origin_lon": -89.8351856, "destination_lat": 38.629167, "destination_lon": -90.2075, "traffic_date": "2026-03-07", "traffic_dataset": "March 7th - Saturday", "weight_id": "w_0280", "distance_weight": 0.8, "population_weight": 0.0, "traffic_weight": 0.2, "airspace_weight": 0.0, "path_nodes": 67, "path_node_ids": [8877, 8876, 8868, 8869, 8870, 8867, 9753, 9754, 9755, 9744, 9746, 9747, 9745, 9737, 9736, 9734, 9735, 9919, 9916, 9918, 9917, 9935, 9938, 9939, 9930, 9931, 9928, 9929, 9839, 9841, 9840, 9838, 9828, 9830, 9831, 9829, 9848, 9847, 9849, 9846, 1959, 1958, 1937, 1947, 1944, 1946, 1945, 1954, 1955, 1981, 1984, 2163, 2189, 2193, 2408, 2420, 2424, 2439, 2441, 2456, 2478, 2481, 2402, 2407, 2731, 2729, 2715], "elapsed_seconds": 0.008907999959774315, "status": "success", "failure_reason": "", "route_distance_km": 46.661862436540055, "distance_cost_sum": 51.35439719890813, "population_cost_sum": 24.73045602379317, "traffic_cost_sum": 15.56434321030943, "airspace_cost_sum": 37.6, "total_weighted_score": 44.19638640118839}, "geometry": {"type": "LineString", "coordinates": [[-89.83272609742262, 38.54503213945896], [-89.83845499191484, 38.54518713674757], [-89.84418393041321, 38.54534185422887], [-89.8499129128385, 38.54549629189633], [-89.85564193911159, 38.545650449743434], [-89.86137100915332, 38.54580432776372], [-89.86710012288452, 38.545957925950695], [-89.87282928022606, 38.546111244297876], [-89.8785584810987, 38.54626428279884], [-89.88428772542336, 38.54641704144712], [-89.8900170131208, 38.5465695202363], [-89.89574634411186, 38.54672171915994], [-89.90147571831739, 38.546873638211636], [-89.90720513565815, 38.54702527738502], [-89.91293459605497, 38.54717663667367], [-89.91866409942871, 38.54732771607122], [-89.92439364570006, 38.54747851557132], [-89.9301232347899, 38.54762903516762], [-89.93585286661902, 38.54777927485379], [-89.94158254110822, 38.54792923462347], [-89.94731225817821, 38.548078914470366], [-89.95304201774988, 38.54822831438818], [-89.95858208911035, 38.55287709782697], [-89.96431228957056, 38.553025961699916], [-89.97004253230493, 38.553174545580205], [-89.97577281723424, 38.553322849461594], [-89.9815031442792, 38.55347087333782], [-89.98723351336055, 38.553618617202645], [-89.99296392439905, 38.55376608104985], [-89.99869437731542, 38.55391326487322], [-90.00442487203037, 38.55406016866657], [-90.01015540846471, 38.55420679242369], [-90.01588598653908, 38.55435313613843], [-90.02161660617422, 38.55449919980462], [-90.02734726729088, 38.5546449834161], [-90.03307796980972, 38.5547904869667], [-90.03880871365148, 38.55493571045034], [-90.04453949873692, 38.55508065386086], [-90.05027032498664, 38.555225317192196], [-90.0560011923214, 38.555369700438234], [-90.06173210066189, 38.55551380359289], [-90.0674630499288, 38.55565762665008], [-90.0731940400428, 38.55580116960377], [-90.07892507092458, 38.5559444324479], [-90.08465614249485, 38.556087415176435], [-90.09038725467427, 38.55623011778336], [-90.09611840738349, 38.55637254026264], [-90.1018496005432, 38.5565146826083], [-90.10758083407408, 38.556656544814345], [-90.11313195589696, 38.5612984139155], [-90.11868379073177, 38.56594004394042], [-90.12423633875666, 38.570581434756825], [-90.1297896001498, 38.57522258623241], [-90.13534357508938, 38.579863498234836], [-90.14089826375356, 38.58450417063179], [-90.14645366632062, 38.589144603290876], [-90.15200978296876, 38.5937847960797], [-90.15756661387618, 38.59842474886584], [-90.16312415922121, 38.60306446151687], [-90.16868241918205, 38.60770393390031], [-90.174241393937, 38.61234316588366], [-90.17980108366437, 38.616982157334434], [-90.18536148854245, 38.621620908120065], [-90.19092260874959, 38.626259418108006], [-90.1964844444641, 38.63089768716567], [-90.2022220675363, 38.63103513769752], [-90.20795972970198, 38.63117230726659]]}}, {"type": "Feature", "properties": {"route_run_id": "stl_midamerica_to_st_louis_union_station_2026-03-07_0205", "route_pair": "midamerica_to_st_louis_union_station", "route_pair_label": "MidAmerica to St. Louis Union Station", "origin_label": "MidAmerica St. Louis Airport", "destination_label": "St. Louis Union Station", "origin_lat": 38.5451731, "origin_lon": -89.8351856, "destination_lat": 38.629167, "destination_lon": -90.2075, "traffic_date": "2026-03-07", "traffic_dataset": "March 7th - Saturday", "weight_id": "w_0205", "distance_weight": 0.4, "population_weight": 0.0, "traffic_weight": 0.1, "airspace_weight": 0.5, "path_nodes": 67, "path_node_ids": [8877, 8876, 8892, 8897, 8899, 8926, 9788, 10013, 10014, 10036, 10052, 10054, 10061, 10051, 10049, 10048, 10050, 10253, 10252, 10241, 10240, 10248, 10246, 10247, 10245, 10231, 10230, 10262, 10150, 10148, 10149, 10151, 10161, 10159, 10158, 10160, 10166, 10168, 10167, 10169, 2247, 2269, 2268, 2257, 2280, 2281, 2282, 2293, 2296, 2301, 2303, 2491, 2497, 2818, 2496, 2507, 2506, 2828, 2505, 2809, 2811, 2810, 2728, 2730, 2731, 2729, 2715], "elapsed_seconds": 0.016728100017644465, "status": "success", "failure_reason": "", "route_distance_km": 46.68348381080322, "distance_cost_sum": 51.37819291952277, "population_cost_sum": 29.833108769446547, "traffic_cost_sum": 19.866839333529782, "airspace_cost_sum": 22.6, "total_weighted_score": 33.837961101162094}, "geometry": {"type": "LineString", "coordinates": [[-89.83272609742262, 38.54503213945896], [-89.83845499191484, 38.54518713674757], [-89.84398707949187, 38.54984103165108], [-89.84951987896733, 38.55449469187918], [-89.85505339052077, 38.559148117300026], [-89.86058761433173, 38.563801307781745], [-89.86612255057987, 38.568454263192415], [-89.87165819944471, 38.57310698340007], [-89.87719456110594, 38.577759468272795], [-89.88273163574308, 38.582411717678575], [-89.88826942353593, 38.58706373148541], [-89.89380792466403, 38.591715509561276], [-89.89934713930707, 38.59636705177409], [-89.90508047722643, 38.59651895818466], [-89.91081385831642, 38.59667058421835], [-89.91654728249756, 38.596821929868824], [-89.92228074969049, 38.59697299512966], [-89.92801425981584, 38.59712377999449], [-89.93374781279411, 38.597274284457015], [-89.93948140854593, 38.5974245085108], [-89.94521504699188, 38.5975744521496], [-89.95094872805251, 38.59772411536704], [-89.95668245164843, 38.59787349815684], [-89.96241621770018, 38.59802260051268], [-89.96815002612831, 38.59817142242828], [-89.9738838768534, 38.59831996389739], [-89.97961776979602, 38.59846822491371], [-89.98535170487666, 38.59861620547102], [-89.99108568201598, 38.59876390556306], [-89.99681970113441, 38.59891132518362], [-90.00255376215256, 38.59905846432648], [-90.00828786499093, 38.59920532298544], [-90.01402200957008, 38.5993519011543], [-90.01975619581054, 38.599498198826886], [-90.02549042363282, 38.599644215997024], [-90.03122469295744, 38.59978995265856], [-90.03695900370492, 38.599935408805365], [-90.0426933557958, 38.60008058443128], [-90.04842774915056, 38.600225479530216], [-90.05416218368977, 38.60037009409603], [-90.05989665933384, 38.60051442812264], [-90.06563117600335, 38.600658481603965], [-90.07136573361876, 38.60080225453393], [-90.07710033210058, 38.60094574690646], [-90.08265263052834, 38.605589089986196], [-90.08838766772114, 38.60573204410446], [-90.09394107859575, 38.61037489039303], [-90.09967655430022, 38.61051730605643], [-90.10523107776994, 38.61515965518486], [-90.11078631613944, 38.61980176485522], [-90.11652262799952, 38.61994338379215], [-90.1220789793104, 38.62458499570804], [-90.12763604589804, 38.629226367808045], [-90.13337319363258, 38.629367189437694], [-90.13911038141684, 38.62950773017495], [-90.14484760917111, 38.62964799001386], [-90.15058487681573, 38.629787968948484], [-90.156322184271, 38.62992766697294], [-90.16205953145733, 38.63006708408134], [-90.16779691829495, 38.630206220267794], [-90.17353434470424, 38.6303450755264], [-90.17927181060547, 38.63048364985134], [-90.185009315919, 38.63062194323676], [-90.1907468605651, 38.6307599556768], [-90.1964844444641, 38.63089768716567], [-90.2022220675363, 38.63103513769752], [-90.20795972970198, 38.63117230726659]]}}, {"type": "Feature", "properties": {"route_run_id": "stl_midamerica_to_st_louis_union_station_2026-03-07_0215", "route_pair": "midamerica_to_st_louis_union_station", "route_pair_label": "MidAmerica to St. Louis Union Station", "origin_label": "MidAmerica St. Louis Airport", "destination_label": "St. Louis Union Station", "origin_lat": 38.5451731, "origin_lon": -89.8351856, "destination_lat": 38.629167, "destination_lon": -90.2075, "traffic_date": "2026-03-07", "traffic_dataset": "March 7th - Saturday", "weight_id": "w_0215", "distance_weight": 0.4, "population_weight": 0.1, "traffic_weight": 0.4, "airspace_weight": 0.1, "path_nodes": 67, "path_node_ids": [8877, 8876, 8868, 8893, 8894, 8871, 9758, 9756, 9757, 9750, 9773, 9779, 9777, 9769, 9771, 9770, 9792, 9975, 9974, 9976, 9980, 9987, 10212, 9990, 10213, 10225, 10229, 10228, 10146, 10144, 10147, 10145, 10157, 10159, 10192, 10197, 10185, 10187, 10186, 10191, 2276, 2521, 2523, 2526, 2542, 2541, 2543, 2533, 2534, 2532, 2535, 2819, 2497, 2818, 2496, 2507, 2506, 2828, 2505, 2809, 2811, 2810, 2728, 2730, 2731, 2729, 2715], "elapsed_seconds": 0.021340599982067943, "status": "success", "failure_reason": "", "route_distance_km": 47.21401344705753, "distance_cost_sum": 51.96207509317258, "population_cost_sum": 23.43899856419887, "traffic_cost_sum": 14.814835278092074, "airspace_cost_sum": 28.4, "total_weighted_score": 31.894664004925755}, "geometry": {"type": "LineString", "coordinates": [[-89.83272609742262, 38.54503213945896], [-89.83845499191484, 38.54518713674757], [-89.84418393041321, 38.54534185422887], [-89.84971641783211, 38.549995494044936], [-89.85544580003071, 38.55014967657376], [-89.86117522600853, 38.55030357923106], [-89.86690469568633, 38.55045720201035], [-89.87263420898502, 38.550610544905176], [-89.87836376582533, 38.55076360790903], [-89.88409336612811, 38.55091639101554], [-89.88962896320348, 38.555568263906835], [-89.89516527250416, 38.56021990134085], [-89.90089571497577, 38.56037189337378], [-89.90662620061389, 38.56052360539423], [-89.91216402109853, 38.56517449573953], [-89.91789494911032, 38.56532567191472], [-89.92362592006123, 38.56547656801355], [-89.92935693387194, 38.56562718402969], [-89.93508799046323, 38.565777519956754], [-89.94062812038845, 38.57042715041154], [-89.94616896320129, 38.57507654445588], [-89.95190086057701, 38.57522608794758], [-89.95744281552916, 38.57987498914009], [-89.96317515439212, 38.58002399606761], [-89.96871822163466, 38.584672404039395], [-89.97426200234347, 38.589320575018675], [-89.97980649669776, 38.593968508873274], [-89.98554007482124, 38.594116465748236], [-89.99127369499321, 38.59426414220273], [-89.99700735713421, 38.594411538230524], [-90.00274106116477, 38.59455865382544], [-90.00847480700546, 38.59470548898121], [-90.01420859457684, 38.5948520436917], [-90.01975619581054, 38.599498198826886], [-90.02530451116947, 38.60414411601564], [-90.03085354083264, 38.60878979512565], [-90.03658856591449, 38.60893529783942], [-90.04232363235971, 38.609080519942665], [-90.04805874008878, 38.60922546142931], [-90.05360968000618, 38.61387013007287], [-90.0593452273907, 38.61401453341643], [-90.06489728050143, 38.618658705824664], [-90.07045004853325, 38.62330263938551], [-90.07600353166524, 38.62794633396657], [-90.08155773007638, 38.632589789435436], [-90.08729491224024, 38.63273288088516], [-90.0930321351008, 38.63287569144548], [-90.09876939857845, 38.63301822111036], [-90.10450670259345, 38.633160469873815], [-90.1102440470662, 38.63330243772981], [-90.115981431917, 38.63344412467236], [-90.12171885706623, 38.633585530695484], [-90.12763604589804, 38.629226367808045], [-90.13337319363258, 38.629367189437694], [-90.13911038141684, 38.62950773017495], [-90.14484760917111, 38.62964799001386], [-90.15058487681573, 38.629787968948484], [-90.156322184271, 38.62992766697294], [-90.16205953145733, 38.63006708408134], [-90.16779691829495, 38.630206220267794], [-90.17353434470424, 38.6303450755264], [-90.17927181060547, 38.63048364985134], [-90.185009315919, 38.63062194323676], [-90.1907468605651, 38.6307599556768], [-90.1964844444641, 38.63089768716567], [-90.2022220675363, 38.63103513769752], [-90.20795972970198, 38.63117230726659]]}}, {"type": "Feature", "properties": {"route_run_id": "stl_midamerica_to_st_louis_union_station_2026-03-07_0262", "route_pair": "midamerica_to_st_louis_union_station", "route_pair_label": "MidAmerica to St. Louis Union Station", "origin_label": "MidAmerica St. Louis Airport", "destination_label": "St. Louis Union Station", "origin_lat": 38.5451731, "origin_lon": -89.8351856, "destination_lat": 38.629167, "destination_lon": -90.2075, "traffic_date": "2026-03-07", "traffic_dataset": "March 7th - Saturday", "weight_id": "w_0262", "distance_weight": 0.6, "population_weight": 0.2, "traffic_weight": 0.0, "airspace_weight": 0.2, "path_nodes": 67, "path_node_ids": [8877, 8879, 8896, 8900, 8924, 8930, 10012, 10015, 10019, 10053, 10057, 10054, 10061, 10051, 10049, 10072, 10079, 10284, 10288, 10286, 10289, 10294, 10281, 10292, 10293, 10304, 10303, 10302, 10315, 10316, 10317, 10314, 10207, 10206, 10204, 10205, 10323, 10324, 10322, 10325, 2520, 2521, 2519, 2510, 2512, 2513, 2511, 2302, 2300, 2301, 2307, 2491, 2492, 2818, 2496, 2507, 2506, 2828, 2505, 2809, 2811, 2810, 2728, 2730, 2731, 2729, 2715], "elapsed_seconds": 0.012073299963958561, "status": "success", "failure_reason": "", "route_distance_km": 46.68855540718086, "distance_cost_sum": 51.383774539312654, "population_cost_sum": 19.97466848935391, "traffic_cost_sum": 28.25929839669934, "airspace_cost_sum": 23.2, "total_weighted_score": 39.465198421458375}, "geometry": {"type": "LineString", "coordinates": [[-89.83272609742262, 38.54503213945896], [-89.83825778508921, 38.54968628939868], [-89.84379018463301, 38.55434020475587], [-89.84932329623358, 38.558993885398685], [-89.85485712007056, 38.56364733119524], [-89.86039165632353, 38.56830054201366], [-89.86592690517212, 38.57295351772198], [-89.871462866796, 38.577606258188254], [-89.87699954137483, 38.582258763280514], [-89.88253692908823, 38.586911032866766], [-89.88807503011597, 38.59156306681497], [-89.89380792466403, 38.591715509561276], [-89.89934713930707, 38.59636705177409], [-89.90508047722643, 38.59651895818466], [-89.91081385831642, 38.59667058421835], [-89.91635458673171, 38.60132137816604], [-89.92189602906302, 38.60597193580059], [-89.92743818549003, 38.61062225698987], [-89.93298105619242, 38.615272341601674], [-89.93871608023923, 38.61542266184741], [-89.94445114702152, 38.615572701498955], [-89.95018625645967, 38.61572246055001], [-89.9559214084743, 38.61587193899423], [-89.9616566029858, 38.61602113682532], [-89.96739183991471, 38.61617005403699], [-89.97312711918148, 38.61631869062297], [-89.97886244070665, 38.616467046576965], [-89.9845978044106, 38.61661512189275], [-89.9903332102139, 38.61676291656407], [-89.99606865803695, 38.61691043058469], [-90.00180414780024, 38.61705766394838], [-90.00753967942423, 38.617204616648934], [-90.01327525282936, 38.61735128868017], [-90.01901086793612, 38.61749768003589], [-90.02474652466493, 38.617643790709906], [-90.03048222293627, 38.617789620696094], [-90.03621796267052, 38.617935169988264], [-90.0419537437882, 38.61808043858029], [-90.04768956620967, 38.61822542646607], [-90.05342542985542, 38.61837013363945], [-90.05916133464585, 38.61851456009435], [-90.06489728050143, 38.618658705824664], [-90.07063326734246, 38.618802570824315], [-90.07636929508949, 38.61894615508724], [-90.08210536366288, 38.61908945860739], [-90.087841472983, 38.61923248137871], [-90.09357762297034, 38.61937522339516], [-90.09931381354528, 38.61951768465076], [-90.10505004462816, 38.61965986513943], [-90.11078631613944, 38.61980176485522], [-90.11634226958749, 38.624443634935055], [-90.1220789793104, 38.62458499570804], [-90.12781572923257, 38.62472607564535], [-90.13337319363258, 38.629367189437694], [-90.13911038141684, 38.62950773017495], [-90.14484760917111, 38.62964799001386], [-90.15058487681573, 38.629787968948484], [-90.156322184271, 38.62992766697294], [-90.16205953145733, 38.63006708408134], [-90.16779691829495, 38.630206220267794], [-90.17353434470424, 38.6303450755264], [-90.17927181060547, 38.63048364985134], [-90.185009315919, 38.63062194323676], [-90.1907468605651, 38.6307599556768], [-90.1964844444641, 38.63089768716567], [-90.2022220675363, 38.63103513769752], [-90.20795972970198, 38.63117230726659]]}}, {"type": "Feature", "properties": {"route_run_id": "stl_midamerica_to_st_louis_union_station_2026-03-07_0222", "route_pair": "midamerica_to_st_louis_union_station", "route_pair_label": "MidAmerica to St. Louis Union Station", "origin_label": "MidAmerica St. Louis Airport", "destination_label": "St. Louis Union Station", "origin_lat": 38.5451731, "origin_lon": -89.8351856, "destination_lat": 38.629167, "destination_lon": -90.2075, "traffic_date": "2026-03-07", "traffic_dataset": "March 7th - Saturday", "weight_id": "w_0222", "distance_weight": 0.4, "population_weight": 0.3, "traffic_weight": 0.0, "airspace_weight": 0.3, "path_nodes": 68, "path_node_ids": [8877, 8881, 8904, 8922, 8923, 8927, 9145, 10016, 10018, 10062, 10055, 10058, 10094, 10096, 10103, 10104, 10110, 10109, 10516, 10515, 10514, 10517, 10522, 10299, 10300, 10301, 10309, 10308, 10310, 10343, 10345, 10344, 10342, 10355, 10210, 10208, 10209, 10326, 10328, 10329, 10327, 2522, 2524, 2523, 2514, 2517, 2515, 2516, 2530, 2534, 2532, 2558, 2840, 2839, 2838, 2827, 2849, 2848, 2850, 2837, 2859, 2858, 2860, 2763, 2762, 2737, 2732, 2715], "elapsed_seconds": 0.01832290005404502, "status": "success", "failure_reason": "", "route_distance_km": 49.20045512079, "distance_cost_sum": 54.14828261680189, "population_cost_sum": 14.193327193589042, "traffic_cost_sum": 26.333622662755896, "airspace_cost_sum": 23.2, "total_weighted_score": 32.87731120479747}, "geometry": {"type": "LineString", "coordinates": [[-89.83272609742262, 38.54503213945896], [-89.83252853470323, 38.54953126729425], [-89.83806053424684, 38.55418543772932], [-89.84359324582596, 38.558839373542895], [-89.84912666962028, 38.563493074603095], [-89.85466080580946, 38.568146540778045], [-89.86019565457306, 38.572799771935806], [-89.86573121609086, 38.57745276794444], [-89.87126749054252, 38.58210552867199], [-89.8768044781077, 38.58675805398646], [-89.88234217896623, 38.591410343755804], [-89.8878805932977, 38.59606239784802], [-89.89341972128202, 38.600714216131045], [-89.89895956309883, 38.60536579847276], [-89.90450011892796, 38.61001714474108], [-89.91004138894921, 38.614668254803874], [-89.9155833733424, 38.61931912852895], [-89.92131862594731, 38.619470314708934], [-89.9268617252078, 38.624120695492145], [-89.93259742104341, 38.62427134452904], [-89.93833315971467, 38.6244217128885], [-89.94406894114202, 38.62457180056415], [-89.94980476524591, 38.62472160754967], [-89.95554063194687, 38.62487113383877], [-89.96127654116528, 38.62502037942509], [-89.96701249282155, 38.625169344302385], [-89.97274848683627, 38.62531802846435], [-89.97848452312972, 38.62546643190471], [-89.98422060162243, 38.625614554617215], [-89.98995672223481, 38.62576239659562], [-89.9956928848873, 38.625909957833684], [-90.00142908950032, 38.62605723832518], [-90.00716533599429, 38.6262042380639], [-90.01290162428964, 38.62635095704363], [-90.01882443193752, 38.62199753976251], [-90.0245604460918, 38.62214367381969], [-90.03029650179865, 38.62228952714421], [-90.03603259897847, 38.622435099729884], [-90.04176873755169, 38.622580391570615], [-90.04750491743872, 38.62272540266021], [-90.05324113855997, 38.6228701329926], [-90.0589774008359, 38.62301458256169], [-90.06471370418684, 38.62315875136136], [-90.07045004853325, 38.62330263938551], [-90.07618643379548, 38.623446246628106], [-90.08192285989396, 38.62358957308307], [-90.08765932674906, 38.623732618744384], [-90.09339583428118, 38.623875383605984], [-90.09895091075838, 38.62851804648185], [-90.10450670259345, 38.633160469873815], [-90.1102440470662, 38.63330243772981], [-90.11580095263906, 38.63794436326609], [-90.12135857394713, 38.64258604896054], [-90.12709675507955, 38.642727219229855], [-90.13283497637043, 38.64286810847808], [-90.13857323774008, 38.64300871669927], [-90.14431153910874, 38.643149043887504], [-90.15004988039681, 38.64328909003685], [-90.15578826152439, 38.64342885514139], [-90.16152668241186, 38.64356833919522], [-90.16726514297947, 38.64370754219247], [-90.17300364314747, 38.64384646412727], [-90.17874218283609, 38.64398510499372], [-90.18448076196563, 38.64412346478601], [-90.19021938045634, 38.644261543498274], [-90.19613354616266, 38.639898793950096], [-90.20204699586435, 38.63553571516044], [-90.20795972970198, 38.63117230726659]]}}, {"type": "Feature", "properties": {"route_run_id": "stl_midamerica_to_st_louis_union_station_2026-03-07_0260", "route_pair": "midamerica_to_st_louis_union_station", "route_pair_label": "MidAmerica to St. Louis Union Station", "origin_label": "MidAmerica St. Louis Airport", "destination_label": "St. Louis Union Station", "origin_lat": 38.5451731, "origin_lon": -89.8351856, "destination_lat": 38.629167, "destination_lon": -90.2075, "traffic_date": "2026-03-07", "traffic_dataset": "March 7th - Saturday", "weight_id": "w_0260", "distance_weight": 0.6, "population_weight": 0.1, "traffic_weight": 0.2, "airspace_weight": 0.1, "path_nodes": 67, "path_node_ids": [8877, 8876, 8868, 8893, 8894, 8871, 9758, 9756, 9757, 9750, 9773, 9779, 9777, 9769, 9771, 9770, 9792, 9975, 9974, 9976, 9980, 9987, 10212, 9990, 10213, 10225, 10229, 10228, 10146, 10144, 10147, 10145, 10157, 10159, 10192, 10197, 10185, 10187, 10186, 10191, 2276, 2521, 2523, 2526, 2542, 2541, 2543, 2533, 2534, 2532, 2535, 2495, 2497, 2818, 2496, 2507, 2506, 2828, 2505, 2809, 2811, 2810, 2728, 2730, 2731, 2729, 2715], "elapsed_seconds": 0.013482899987138808, "status": "success", "failure_reason": "", "route_distance_km": 47.213971920154, "distance_cost_sum": 51.962029390129736, "population_cost_sum": 23.184791248402135, "traffic_cost_sum": 14.93903865062162, "airspace_cost_sum": 28.4, "total_weighted_score": 39.323504489042385}, "geometry": {"type": "LineString", "coordinates": [[-89.83272609742262, 38.54503213945896], [-89.83845499191484, 38.54518713674757], [-89.84418393041321, 38.54534185422887], [-89.84971641783211, 38.549995494044936], [-89.85544580003071, 38.55014967657376], [-89.86117522600853, 38.55030357923106], [-89.86690469568633, 38.55045720201035], [-89.87263420898502, 38.550610544905176], [-89.87836376582533, 38.55076360790903], [-89.88409336612811, 38.55091639101554], [-89.88962896320348, 38.555568263906835], [-89.89516527250416, 38.56021990134085], [-89.90089571497577, 38.56037189337378], [-89.90662620061389, 38.56052360539423], [-89.91216402109853, 38.56517449573953], [-89.91789494911032, 38.56532567191472], [-89.92362592006123, 38.56547656801355], [-89.92935693387194, 38.56562718402969], [-89.93508799046323, 38.565777519956754], [-89.94062812038845, 38.57042715041154], [-89.94616896320129, 38.57507654445588], [-89.95190086057701, 38.57522608794758], [-89.95744281552916, 38.57987498914009], [-89.96317515439212, 38.58002399606761], [-89.96871822163466, 38.584672404039395], [-89.97426200234347, 38.589320575018675], [-89.97980649669776, 38.593968508873274], [-89.98554007482124, 38.594116465748236], [-89.99127369499321, 38.59426414220273], [-89.99700735713421, 38.594411538230524], [-90.00274106116477, 38.59455865382544], [-90.00847480700546, 38.59470548898121], [-90.01420859457684, 38.5948520436917], [-90.01975619581054, 38.599498198826886], [-90.02530451116947, 38.60414411601564], [-90.03085354083264, 38.60878979512565], [-90.03658856591449, 38.60893529783942], [-90.04232363235971, 38.609080519942665], [-90.04805874008878, 38.60922546142931], [-90.05360968000618, 38.61387013007287], [-90.0593452273907, 38.61401453341643], [-90.06489728050143, 38.618658705824664], [-90.07045004853325, 38.62330263938551], [-90.07600353166524, 38.62794633396657], [-90.08155773007638, 38.632589789435436], [-90.08729491224024, 38.63273288088516], [-90.0930321351008, 38.63287569144548], [-90.09876939857845, 38.63301822111036], [-90.10450670259345, 38.633160469873815], [-90.1102440470662, 38.63330243772981], [-90.115981431917, 38.63344412467236], [-90.12189893829279, 38.62908526529191], [-90.12763604589804, 38.629226367808045], [-90.13337319363258, 38.629367189437694], [-90.13911038141684, 38.62950773017495], [-90.14484760917111, 38.62964799001386], [-90.15058487681573, 38.629787968948484], [-90.156322184271, 38.62992766697294], [-90.16205953145733, 38.63006708408134], [-90.16779691829495, 38.630206220267794], [-90.17353434470424, 38.6303450755264], [-90.17927181060547, 38.63048364985134], [-90.185009315919, 38.63062194323676], [-90.1907468605651, 38.6307599556768], [-90.1964844444641, 38.63089768716567], [-90.2022220675363, 38.63103513769752], [-90.20795972970198, 38.63117230726659]]}}, {"type": "Feature", "properties": {"route_run_id": "stl_midamerica_to_st_louis_union_station_2026-03-07_0236", "route_pair": "midamerica_to_st_louis_union_station", "route_pair_label": "MidAmerica to St. Louis Union Station", "origin_label": "MidAmerica St. Louis Airport", "destination_label": "St. Louis Union Station", "origin_lat": 38.5451731, "origin_lon": -89.8351856, "destination_lat": 38.629167, "destination_lon": -90.2075, "traffic_date": "2026-03-07", "traffic_dataset": "March 7th - Saturday", "weight_id": "w_0236", "distance_weight": 0.5, "population_weight": 0.0, "traffic_weight": 0.4, "airspace_weight": 0.1, "path_nodes": 67, "path_node_ids": [8877, 8876, 8868, 8893, 8894, 8871, 9758, 9756, 9757, 9750, 9773, 9779, 9777, 9769, 9771, 9770, 9792, 9975, 9974, 9976, 9980, 9987, 9988, 9986, 9985, 9999, 9998, 10000, 10124, 10123, 10122, 10125, 10139, 10138, 10140, 10155, 10166, 10182, 10186, 10191, 2276, 2521, 2523, 2526, 2542, 2541, 2543, 2533, 2534, 2532, 2535, 2819, 2497, 2818, 2496, 2507, 2506, 2828, 2505, 2809, 2811, 2810, 2728, 2730, 2731, 2729, 2715], "elapsed_seconds": 0.015665399958379567, "status": "success", "failure_reason": "", "route_distance_km": 47.212543305506614, "distance_cost_sum": 51.960457107322846, "population_cost_sum": 25.543096900376103, "traffic_cost_sum": 14.740299742088238, "airspace_cost_sum": 28.4, "total_weighted_score": 34.716348450496724}, "geometry": {"type": "LineString", "coordinates": [[-89.83272609742262, 38.54503213945896], [-89.83845499191484, 38.54518713674757], [-89.84418393041321, 38.54534185422887], [-89.84971641783211, 38.549995494044936], [-89.85544580003071, 38.55014967657376], [-89.86117522600853, 38.55030357923106], [-89.86690469568633, 38.55045720201035], [-89.87263420898502, 38.550610544905176], [-89.87836376582533, 38.55076360790903], [-89.88409336612811, 38.55091639101554], [-89.88962896320348, 38.555568263906835], [-89.89516527250416, 38.56021990134085], [-89.90089571497577, 38.56037189337378], [-89.90662620061389, 38.56052360539423], [-89.91216402109853, 38.56517449573953], [-89.91789494911032, 38.56532567191472], [-89.92362592006123, 38.56547656801355], [-89.92935693387194, 38.56562718402969], [-89.93508799046323, 38.565777519956754], [-89.94062812038845, 38.57042715041154], [-89.94616896320129, 38.57507654445588], [-89.95190086057701, 38.57522608794758], [-89.95763280043668, 38.57537535123546], [-89.96336478270089, 38.575524334313236], [-89.96909680729033, 38.57567303717464], [-89.97463995904508, 38.58032116913299], [-89.9803724246763, 38.580469335258314], [-89.98610493240487, 38.58061722110372], [-89.99183748215145, 38.580764826663], [-89.99757007383663, 38.58091215192994], [-90.00330270738102, 38.581059196898295], [-90.00903538270526, 38.58120596156188], [-90.01458163964669, 38.58585231607147], [-90.02031475507195, 38.58599854351194], [-90.02586212406251, 38.590644403281054], [-90.03141020688051, 38.59529002508962], [-90.03695900370492, 38.599935408805365], [-90.04250851471467, 38.60458055429603], [-90.04805874008878, 38.60922546142931], [-90.05360968000618, 38.61387013007287], [-90.0593452273907, 38.61401453341643], [-90.06489728050143, 38.618658705824664], [-90.07045004853325, 38.62330263938551], [-90.07600353166524, 38.62794633396657], [-90.08155773007638, 38.632589789435436], [-90.08729491224024, 38.63273288088516], [-90.0930321351008, 38.63287569144548], [-90.09876939857845, 38.63301822111036], [-90.10450670259345, 38.633160469873815], [-90.1102440470662, 38.63330243772981], [-90.115981431917, 38.63344412467236], [-90.12171885706623, 38.633585530695484], [-90.12763604589804, 38.629226367808045], [-90.13337319363258, 38.629367189437694], [-90.13911038141684, 38.62950773017495], [-90.14484760917111, 38.62964799001386], [-90.15058487681573, 38.629787968948484], [-90.156322184271, 38.62992766697294], [-90.16205953145733, 38.63006708408134], [-90.16779691829495, 38.630206220267794], [-90.17353434470424, 38.6303450755264], [-90.17927181060547, 38.63048364985134], [-90.185009315919, 38.63062194323676], [-90.1907468605651, 38.6307599556768], [-90.1964844444641, 38.63089768716567], [-90.2022220675363, 38.63103513769752], [-90.20795972970198, 38.63117230726659]]}}, {"type": "Feature", "properties": {"route_run_id": "stl_midamerica_to_st_louis_union_station_2026-03-07_0243", "route_pair": "midamerica_to_st_louis_union_station", "route_pair_label": "MidAmerica to St. Louis Union Station", "origin_label": "MidAmerica St. Louis Airport", "destination_label": "St. Louis Union Station", "origin_lat": 38.5451731, "origin_lon": -89.8351856, "destination_lat": 38.629167, "destination_lon": -90.2075, "traffic_date": "2026-03-07", "traffic_dataset": "March 7th - Saturday", "weight_id": "w_0243", "distance_weight": 0.5, "population_weight": 0.2, "traffic_weight": 0.0, "airspace_weight": 0.3, "path_nodes": 68, "path_node_ids": [8877, 8881, 8904, 8922, 8923, 8927, 9145, 10016, 10018, 10062, 10055, 10058, 10094, 10096, 10103, 10080, 10081, 10102, 10284, 10288, 10286, 10289, 10294, 10281, 10292, 10293, 10304, 10303, 10302, 10315, 10316, 10317, 10314, 10207, 10206, 10204, 10205, 10323, 10324, 10322, 10325, 2520, 2521, 2519, 2510, 2512, 2513, 2511, 2302, 2300, 2301, 2307, 2491, 2492, 2818, 2496, 2507, 2506, 2828, 2505, 2809, 2811, 2810, 2728, 2730, 2731, 2729, 2715], "elapsed_seconds": 0.015574000077322125, "status": "success", "failure_reason": "", "route_distance_km": 47.063913810070595, "distance_cost_sum": 51.79688073583798, "population_cost_sum": 18.810598615170548, "traffic_cost_sum": 28.8083165696745, "airspace_cost_sum": 23.2, "total_weighted_score": 36.620560090953106}, "geometry": {"type": "LineString", "coordinates": [[-89.83272609742262, 38.54503213945896], [-89.83252853470323, 38.54953126729425], [-89.83806053424684, 38.55418543772932], [-89.84359324582596, 38.558839373542895], [-89.84912666962028, 38.563493074603095], [-89.85466080580946, 38.568146540778045], [-89.86019565457306, 38.572799771935806], [-89.86573121609086, 38.57745276794444], [-89.87126749054252, 38.58210552867199], [-89.8768044781077, 38.58675805398646], [-89.88234217896623, 38.591410343755804], [-89.8878805932977, 38.59606239784802], [-89.89341972128202, 38.600714216131045], [-89.89895956309883, 38.60536579847276], [-89.90450011892796, 38.61001714474108], [-89.91023457096428, 38.610168843586045], [-89.91596906612304, 38.610320261913394], [-89.9217036043248, 38.61047139971681], [-89.92743818549003, 38.61062225698987], [-89.93298105619242, 38.615272341601674], [-89.93871608023923, 38.61542266184741], [-89.94445114702152, 38.615572701498955], [-89.95018625645967, 38.61572246055001], [-89.9559214084743, 38.61587193899423], [-89.9616566029858, 38.61602113682532], [-89.96739183991471, 38.61617005403699], [-89.97312711918148, 38.61631869062297], [-89.97886244070665, 38.616467046576965], [-89.9845978044106, 38.61661512189275], [-89.9903332102139, 38.61676291656407], [-89.99606865803695, 38.61691043058469], [-90.00180414780024, 38.61705766394838], [-90.00753967942423, 38.617204616648934], [-90.01327525282936, 38.61735128868017], [-90.01901086793612, 38.61749768003589], [-90.02474652466493, 38.617643790709906], [-90.03048222293627, 38.617789620696094], [-90.03621796267052, 38.617935169988264], [-90.0419537437882, 38.61808043858029], [-90.04768956620967, 38.61822542646607], [-90.05342542985542, 38.61837013363945], [-90.05916133464585, 38.61851456009435], [-90.06489728050143, 38.618658705824664], [-90.07063326734246, 38.618802570824315], [-90.07636929508949, 38.61894615508724], [-90.08210536366288, 38.61908945860739], [-90.087841472983, 38.61923248137871], [-90.09357762297034, 38.61937522339516], [-90.09931381354528, 38.61951768465076], [-90.10505004462816, 38.61965986513943], [-90.11078631613944, 38.61980176485522], [-90.11634226958749, 38.624443634935055], [-90.1220789793104, 38.62458499570804], [-90.12781572923257, 38.62472607564535], [-90.13337319363258, 38.629367189437694], [-90.13911038141684, 38.62950773017495], [-90.14484760917111, 38.62964799001386], [-90.15058487681573, 38.629787968948484], [-90.156322184271, 38.62992766697294], [-90.16205953145733, 38.63006708408134], [-90.16779691829495, 38.630206220267794], [-90.17353434470424, 38.6303450755264], [-90.17927181060547, 38.63048364985134], [-90.185009315919, 38.63062194323676], [-90.1907468605651, 38.6307599556768], [-90.1964844444641, 38.63089768716567], [-90.2022220675363, 38.63103513769752], [-90.20795972970198, 38.63117230726659]]}}, {"type": "Feature", "properties": {"route_run_id": "stl_midamerica_to_st_louis_union_station_2026-03-07_0183", "route_pair": "midamerica_to_st_louis_union_station", "route_pair_label": "MidAmerica to St. Louis Union Station", "origin_label": "MidAmerica St. Louis Airport", "destination_label": "St. Louis Union Station", "origin_lat": 38.5451731, "origin_lon": -89.8351856, "destination_lat": 38.629167, "destination_lon": -90.2075, "traffic_date": "2026-03-07", "traffic_dataset": "March 7th - Saturday", "weight_id": "w_0183", "distance_weight": 0.3, "population_weight": 0.2, "traffic_weight": 0.0, "airspace_weight": 0.5, "path_nodes": 68, "path_node_ids": [8877, 8881, 8904, 8922, 8923, 8927, 9145, 10016, 10018, 10062, 10055, 10058, 10094, 10096, 10103, 10104, 10110, 10109, 10291, 10512, 10290, 10513, 10298, 10295, 10296, 10297, 10307, 10305, 10306, 10319, 10321, 10320, 10318, 10211, 10210, 10208, 10209, 10326, 10328, 10329, 10327, 2522, 2524, 2523, 2514, 2517, 2515, 2516, 2530, 2534, 2532, 2558, 2840, 2839, 2838, 2827, 2849, 2848, 2850, 2837, 2859, 2858, 2860, 2763, 2762, 2737, 2732, 2715], "elapsed_seconds": 0.025740199955180287, "status": "success", "failure_reason": "", "route_distance_km": 48.666852135602625, "distance_cost_sum": 53.561018023900075, "population_cost_sum": 14.998679925723389, "traffic_cost_sum": 26.127168445874982, "airspace_cost_sum": 23.2, "total_weighted_score": 30.668041392314706}, "geometry": {"type": "LineString", "coordinates": [[-89.83272609742262, 38.54503213945896], [-89.83252853470323, 38.54953126729425], [-89.83806053424684, 38.55418543772932], [-89.84359324582596, 38.558839373542895], [-89.84912666962028, 38.563493074603095], [-89.85466080580946, 38.568146540778045], [-89.86019565457306, 38.572799771935806], [-89.86573121609086, 38.57745276794444], [-89.87126749054252, 38.58210552867199], [-89.8768044781077, 38.58675805398646], [-89.88234217896623, 38.591410343755804], [-89.8878805932977, 38.59606239784802], [-89.89341972128202, 38.600714216131045], [-89.89895956309883, 38.60536579847276], [-89.90450011892796, 38.61001714474108], [-89.91004138894921, 38.614668254803874], [-89.9155833733424, 38.61931912852895], [-89.92131862594731, 38.619470314708934], [-89.92705392153653, 38.61962122026898], [-89.93278926003055, 38.619771845202735], [-89.93852464134986, 38.619922189503846], [-89.9442600654149, 38.62007225316597], [-89.94999553214618, 38.62022203618278], [-89.95573104146416, 38.620371538547964], [-89.96146659328937, 38.6205207602552], [-89.96720218754218, 38.620669701298226], [-89.97293782414316, 38.62081836167072], [-89.97867350301271, 38.62096674136646], [-89.98440922407127, 38.621114840379136], [-89.99014498723932, 38.62126265870254], [-89.99588079243732, 38.621410196330416], [-90.00161663958568, 38.62155745325657], [-90.00735252860491, 38.621704429474754], [-90.01308845941536, 38.6218511249788], [-90.01882443193752, 38.62199753976251], [-90.0245604460918, 38.62214367381969], [-90.03029650179865, 38.62228952714421], [-90.03603259897847, 38.622435099729884], [-90.04176873755169, 38.622580391570615], [-90.04750491743872, 38.62272540266021], [-90.05324113855997, 38.6228701329926], [-90.0589774008359, 38.62301458256169], [-90.06471370418684, 38.62315875136136], [-90.07045004853325, 38.62330263938551], [-90.07618643379548, 38.623446246628106], [-90.08192285989396, 38.62358957308307], [-90.08765932674906, 38.623732618744384], [-90.09339583428118, 38.623875383605984], [-90.09895091075838, 38.62851804648185], [-90.10450670259345, 38.633160469873815], [-90.1102440470662, 38.63330243772981], [-90.11580095263906, 38.63794436326609], [-90.12135857394713, 38.64258604896054], [-90.12709675507955, 38.642727219229855], [-90.13283497637043, 38.64286810847808], [-90.13857323774008, 38.64300871669927], [-90.14431153910874, 38.643149043887504], [-90.15004988039681, 38.64328909003685], [-90.15578826152439, 38.64342885514139], [-90.16152668241186, 38.64356833919522], [-90.16726514297947, 38.64370754219247], [-90.17300364314747, 38.64384646412727], [-90.17874218283609, 38.64398510499372], [-90.18448076196563, 38.64412346478601], [-90.19021938045634, 38.644261543498274], [-90.19613354616266, 38.639898793950096], [-90.20204699586435, 38.63553571516044], [-90.20795972970198, 38.63117230726659]]}}, {"type": "Feature", "properties": {"route_run_id": "stl_midamerica_to_st_louis_union_station_2026-03-07_0179", "route_pair": "midamerica_to_st_louis_union_station", "route_pair_label": "MidAmerica to St. Louis Union Station", "origin_label": "MidAmerica St. Louis Airport", "destination_label": "St. Louis Union Station", "origin_lat": 38.5451731, "origin_lon": -89.8351856, "destination_lat": 38.629167, "destination_lon": -90.2075, "traffic_date": "2026-03-07", "traffic_dataset": "March 7th - Saturday", "weight_id": "w_0179", "distance_weight": 0.3, "population_weight": 0.1, "traffic_weight": 0.3, "airspace_weight": 0.3, "path_nodes": 67, "path_node_ids": [8877, 8879, 8896, 8900, 8924, 8930, 10012, 10015, 10019, 10053, 10057, 10054, 10061, 10051, 10049, 10048, 10050, 10253, 10252, 10241, 10240, 10248, 10246, 10247, 10245, 10263, 10265, 10264, 10173, 10174, 10172, 10175, 10195, 10198, 10196, 10197, 10185, 10187, 10186, 10191, 2276, 2518, 2519, 2510, 2517, 2540, 2543, 2533, 2534, 2532, 2535, 2819, 2497, 2818, 2496, 2507, 2506, 2828, 2505, 2809, 2811, 2810, 2728, 2730, 2731, 2729, 2715], "elapsed_seconds": 0.028435899992473423, "status": "success", "failure_reason": "", "route_distance_km": 47.21957383752196, "distance_cost_sum": 51.968194662464946, "population_cost_sum": 25.04991478261837, "traffic_cost_sum": 16.976377755200524, "airspace_cost_sum": 23.8, "total_weighted_score": 30.32836320356148}, "geometry": {"type": "LineString", "coordinates": [[-89.83272609742262, 38.54503213945896], [-89.83825778508921, 38.54968628939868], [-89.84379018463301, 38.55434020475587], [-89.84932329623358, 38.558993885398685], [-89.85485712007056, 38.56364733119524], [-89.86039165632353, 38.56830054201366], [-89.86592690517212, 38.57295351772198], [-89.871462866796, 38.577606258188254], [-89.87699954137483, 38.582258763280514], [-89.88253692908823, 38.586911032866766], [-89.88807503011597, 38.59156306681497], [-89.89380792466403, 38.591715509561276], [-89.89934713930707, 38.59636705177409], [-89.90508047722643, 38.59651895818466], [-89.91081385831642, 38.59667058421835], [-89.91654728249756, 38.596821929868824], [-89.92228074969049, 38.59697299512966], [-89.92801425981584, 38.59712377999449], [-89.93374781279411, 38.597274284457015], [-89.93948140854593, 38.5974245085108], [-89.94521504699188, 38.5975744521496], [-89.95094872805251, 38.59772411536704], [-89.95668245164843, 38.59787349815684], [-89.96241621770018, 38.59802260051268], [-89.96815002612831, 38.59817142242828], [-89.97369475078722, 38.60281965195827], [-89.97942900075623, 38.60296793670464], [-89.98516329287352, 38.603115940947184], [-89.99089762705957, 38.603263664679695], [-89.99663200323492, 38.603411107895916], [-90.00236642132012, 38.60355827058964], [-90.00810088123565, 38.603705152754664], [-90.01383538290203, 38.603851754384785], [-90.01938361507719, 38.6084979478912], [-90.0251185571937, 38.60864401180754], [-90.03085354083264, 38.60878979512565], [-90.03658856591449, 38.60893529783942], [-90.04232363235971, 38.609080519942665], [-90.04805874008878, 38.60922546142931], [-90.05360968000618, 38.61387013007287], [-90.0593452273907, 38.61401453341643], [-90.0650808158304, 38.61415865608025], [-90.07063326734246, 38.618802570824315], [-90.07636929508949, 38.61894615508724], [-90.08192285989396, 38.62358957308307], [-90.08747713983809, 38.62823275191331], [-90.0930321351008, 38.63287569144548], [-90.09876939857845, 38.63301822111036], [-90.10450670259345, 38.633160469873815], [-90.1102440470662, 38.63330243772981], [-90.115981431917, 38.63344412467236], [-90.12171885706623, 38.633585530695484], [-90.12763604589804, 38.629226367808045], [-90.13337319363258, 38.629367189437694], [-90.13911038141684, 38.62950773017495], [-90.14484760917111, 38.62964799001386], [-90.15058487681573, 38.629787968948484], [-90.156322184271, 38.62992766697294], [-90.16205953145733, 38.63006708408134], [-90.16779691829495, 38.630206220267794], [-90.17353434470424, 38.6303450755264], [-90.17927181060547, 38.63048364985134], [-90.185009315919, 38.63062194323676], [-90.1907468605651, 38.6307599556768], [-90.1964844444641, 38.63089768716567], [-90.2022220675363, 38.63103513769752], [-90.20795972970198, 38.63117230726659]]}}, {"type": "Feature", "properties": {"route_run_id": "stl_midamerica_to_st_louis_union_station_2026-03-07_0254", "route_pair": "midamerica_to_st_louis_union_station", "route_pair_label": "MidAmerica to St. Louis Union Station", "origin_label": "MidAmerica St. Louis Airport", "destination_label": "St. Louis Union Station", "origin_lat": 38.5451731, "origin_lon": -89.8351856, "destination_lat": 38.629167, "destination_lon": -90.2075, "traffic_date": "2026-03-07", "traffic_dataset": "March 7th - Saturday", "weight_id": "w_0254", "distance_weight": 0.6, "population_weight": 0.0, "traffic_weight": 0.1, "airspace_weight": 0.3, "path_nodes": 67, "path_node_ids": [8877, 8876, 8892, 8897, 8899, 8926, 9788, 10013, 10014, 10036, 10052, 10054, 10061, 10051, 10049, 10048, 10050, 10253, 10252, 10241, 10240, 10248, 10246, 10247, 10245, 10231, 10230, 10262, 10150, 10148, 10149, 10151, 10161, 10159, 10158, 10160, 10166, 10168, 10167, 10169, 2247, 2269, 2268, 2257, 2280, 2281, 2282, 2293, 2296, 2301, 2303, 2491, 2497, 2818, 2496, 2507, 2506, 2828, 2505, 2809, 2811, 2810, 2728, 2730, 2731, 2729, 2715], "elapsed_seconds": 0.011503899935632944, "status": "success", "failure_reason": "", "route_distance_km": 46.68348381080322, "distance_cost_sum": 51.37819291952277, "population_cost_sum": 29.833108769446547, "traffic_cost_sum": 19.866839333529782, "airspace_cost_sum": 22.6, "total_weighted_score": 39.593599685066636}, "geometry": {"type": "LineString", "coordinates": [[-89.83272609742262, 38.54503213945896], [-89.83845499191484, 38.54518713674757], [-89.84398707949187, 38.54984103165108], [-89.84951987896733, 38.55449469187918], [-89.85505339052077, 38.559148117300026], [-89.86058761433173, 38.563801307781745], [-89.86612255057987, 38.568454263192415], [-89.87165819944471, 38.57310698340007], [-89.87719456110594, 38.577759468272795], [-89.88273163574308, 38.582411717678575], [-89.88826942353593, 38.58706373148541], [-89.89380792466403, 38.591715509561276], [-89.89934713930707, 38.59636705177409], [-89.90508047722643, 38.59651895818466], [-89.91081385831642, 38.59667058421835], [-89.91654728249756, 38.596821929868824], [-89.92228074969049, 38.59697299512966], [-89.92801425981584, 38.59712377999449], [-89.93374781279411, 38.597274284457015], [-89.93948140854593, 38.5974245085108], [-89.94521504699188, 38.5975744521496], [-89.95094872805251, 38.59772411536704], [-89.95668245164843, 38.59787349815684], [-89.96241621770018, 38.59802260051268], [-89.96815002612831, 38.59817142242828], [-89.9738838768534, 38.59831996389739], [-89.97961776979602, 38.59846822491371], [-89.98535170487666, 38.59861620547102], [-89.99108568201598, 38.59876390556306], [-89.99681970113441, 38.59891132518362], [-90.00255376215256, 38.59905846432648], [-90.00828786499093, 38.59920532298544], [-90.01402200957008, 38.5993519011543], [-90.01975619581054, 38.599498198826886], [-90.02549042363282, 38.599644215997024], [-90.03122469295744, 38.59978995265856], [-90.03695900370492, 38.599935408805365], [-90.0426933557958, 38.60008058443128], [-90.04842774915056, 38.600225479530216], [-90.05416218368977, 38.60037009409603], [-90.05989665933384, 38.60051442812264], [-90.06563117600335, 38.600658481603965], [-90.07136573361876, 38.60080225453393], [-90.07710033210058, 38.60094574690646], [-90.08265263052834, 38.605589089986196], [-90.08838766772114, 38.60573204410446], [-90.09394107859575, 38.61037489039303], [-90.09967655430022, 38.61051730605643], [-90.10523107776994, 38.61515965518486], [-90.11078631613944, 38.61980176485522], [-90.11652262799952, 38.61994338379215], [-90.1220789793104, 38.62458499570804], [-90.12763604589804, 38.629226367808045], [-90.13337319363258, 38.629367189437694], [-90.13911038141684, 38.62950773017495], [-90.14484760917111, 38.62964799001386], [-90.15058487681573, 38.629787968948484], [-90.156322184271, 38.62992766697294], [-90.16205953145733, 38.63006708408134], [-90.16779691829495, 38.630206220267794], [-90.17353434470424, 38.6303450755264], [-90.17927181060547, 38.63048364985134], [-90.185009315919, 38.63062194323676], [-90.1907468605651, 38.6307599556768], [-90.1964844444641, 38.63089768716567], [-90.2022220675363, 38.63103513769752], [-90.20795972970198, 38.63117230726659]]}}, {"type": "Feature", "properties": {"route_run_id": "stl_midamerica_to_st_louis_union_station_2026-03-07_0094", "route_pair": "midamerica_to_st_louis_union_station", "route_pair_label": "MidAmerica to St. Louis Union Station", "origin_label": "MidAmerica St. Louis Airport", "destination_label": "St. Louis Union Station", "origin_lat": 38.5451731, "origin_lon": -89.8351856, "destination_lat": 38.629167, "destination_lon": -90.2075, "traffic_date": "2026-03-07", "traffic_dataset": "March 7th - Saturday", "weight_id": "w_0094", "distance_weight": 0.1, "population_weight": 0.3, "traffic_weight": 0.0, "airspace_weight": 0.6, "path_nodes": 68, "path_node_ids": [8877, 8881, 8904, 8922, 8923, 8927, 9145, 10016, 10018, 10062, 10055, 10058, 10094, 10096, 10103, 10104, 10110, 10109, 10516, 10515, 10514, 10517, 10522, 10299, 10300, 10301, 10309, 10308, 10310, 10343, 10345, 10344, 10342, 10355, 10210, 10208, 10209, 10326, 10328, 10322, 10191, 2276, 2518, 2277, 2509, 2287, 2508, 2286, 2298, 2300, 2301, 2307, 2495, 2820, 2823, 2827, 2849, 2848, 2850, 2837, 2859, 2858, 2863, 2763, 2762, 2737, 2732, 2715], "elapsed_seconds": 0.0413198999594897, "status": "success", "failure_reason": "", "route_distance_km": 50.798227970467636, "distance_cost_sum": 55.90673496463881, "population_cost_sum": 14.014987217207485, "traffic_cost_sum": 28.577877222024664, "airspace_cost_sum": 22.6, "total_weighted_score": 23.355169661626135}, "geometry": {"type": "LineString", "coordinates": [[-89.83272609742262, 38.54503213945896], [-89.83252853470323, 38.54953126729425], [-89.83806053424684, 38.55418543772932], [-89.84359324582596, 38.558839373542895], [-89.84912666962028, 38.563493074603095], [-89.85466080580946, 38.568146540778045], [-89.86019565457306, 38.572799771935806], [-89.86573121609086, 38.57745276794444], [-89.87126749054252, 38.58210552867199], [-89.8768044781077, 38.58675805398646], [-89.88234217896623, 38.591410343755804], [-89.8878805932977, 38.59606239784802], [-89.89341972128202, 38.600714216131045], [-89.89895956309883, 38.60536579847276], [-89.90450011892796, 38.61001714474108], [-89.91004138894921, 38.614668254803874], [-89.9155833733424, 38.61931912852895], [-89.92131862594731, 38.619470314708934], [-89.9268617252078, 38.624120695492145], [-89.93259742104341, 38.62427134452904], [-89.93833315971467, 38.6244217128885], [-89.94406894114202, 38.62457180056415], [-89.94980476524591, 38.62472160754967], [-89.95554063194687, 38.62487113383877], [-89.96127654116528, 38.62502037942509], [-89.96701249282155, 38.625169344302385], [-89.97274848683627, 38.62531802846435], [-89.97848452312972, 38.62546643190471], [-89.98422060162243, 38.625614554617215], [-89.98995672223481, 38.62576239659562], [-89.9956928848873, 38.625909957833684], [-90.00142908950032, 38.62605723832518], [-90.00716533599429, 38.6262042380639], [-90.01290162428964, 38.62635095704363], [-90.01882443193752, 38.62199753976251], [-90.0245604460918, 38.62214367381969], [-90.03029650179865, 38.62228952714421], [-90.03603259897847, 38.622435099729884], [-90.04176873755169, 38.622580391570615], [-90.04768956620967, 38.61822542646607], [-90.05360968000618, 38.61387013007287], [-90.0593452273907, 38.61401453341643], [-90.0650808158304, 38.61415865608025], [-90.07081644524574, 38.61430249805824], [-90.07655211555712, 38.614446059344324], [-90.08228782668499, 38.614589339932465], [-90.08802357854981, 38.61473233981663], [-90.09375937107193, 38.61487505899075], [-90.09949520417183, 38.615017497448825], [-90.10505004462816, 38.61965986513943], [-90.11078631613944, 38.61980176485522], [-90.11634226958749, 38.624443634935055], [-90.12189893829279, 38.62908526529191], [-90.12745632243416, 38.63372665579325], [-90.13301442219031, 38.63836780630655], [-90.13857323774008, 38.64300871669927], [-90.14431153910874, 38.643149043887504], [-90.15004988039681, 38.64328909003685], [-90.15578826152439, 38.64342885514139], [-90.16152668241186, 38.64356833919522], [-90.16726514297947, 38.64370754219247], [-90.17300364314747, 38.64384646412727], [-90.17856556137721, 38.64848558173427], [-90.18448076196563, 38.64412346478601], [-90.19021938045634, 38.644261543498274], [-90.19613354616266, 38.639898793950096], [-90.20204699586435, 38.63553571516044], [-90.20795972970198, 38.63117230726659]]}}, {"type": "Feature", "properties": {"route_run_id": "stl_midamerica_to_st_louis_union_station_2026-03-07_0247", "route_pair": "midamerica_to_st_louis_union_station", "route_pair_label": "MidAmerica to St. Louis Union Station", "origin_label": "MidAmerica St. Louis Airport", "destination_label": "St. Louis Union Station", "origin_lat": 38.5451731, "origin_lon": -89.8351856, "destination_lat": 38.629167, "destination_lon": -90.2075, "traffic_date": "2026-03-07", "traffic_dataset": "March 7th - Saturday", "weight_id": "w_0247", "distance_weight": 0.5, "population_weight": 0.3, "traffic_weight": 0.0, "airspace_weight": 0.2, "path_nodes": 68, "path_node_ids": [8877, 8881, 8904, 8922, 8923, 8927, 9145, 10016, 10018, 10062, 10055, 10058, 10094, 10096, 10103, 10104, 10110, 10109, 10291, 10512, 10290, 10513, 10298, 10295, 10296, 10297, 10307, 10305, 10306, 10319, 10321, 10320, 10318, 10211, 10210, 10208, 10209, 10326, 10328, 10329, 10327, 2522, 2524, 2523, 2514, 2517, 2515, 2516, 2530, 2534, 2532, 2558, 2840, 2839, 2838, 2827, 2849, 2848, 2850, 2837, 2859, 2858, 2860, 2763, 2762, 2737, 2732, 2715], "elapsed_seconds": 0.016701299929991364, "status": "success", "failure_reason": "", "route_distance_km": 48.666852135602625, "distance_cost_sum": 53.561018023900075, "population_cost_sum": 14.998679925723389, "traffic_cost_sum": 26.127168445874982, "airspace_cost_sum": 23.2, "total_weighted_score": 35.920112989667054}, "geometry": {"type": "LineString", "coordinates": [[-89.83272609742262, 38.54503213945896], [-89.83252853470323, 38.54953126729425], [-89.83806053424684, 38.55418543772932], [-89.84359324582596, 38.558839373542895], [-89.84912666962028, 38.563493074603095], [-89.85466080580946, 38.568146540778045], [-89.86019565457306, 38.572799771935806], [-89.86573121609086, 38.57745276794444], [-89.87126749054252, 38.58210552867199], [-89.8768044781077, 38.58675805398646], [-89.88234217896623, 38.591410343755804], [-89.8878805932977, 38.59606239784802], [-89.89341972128202, 38.600714216131045], [-89.89895956309883, 38.60536579847276], [-89.90450011892796, 38.61001714474108], [-89.91004138894921, 38.614668254803874], [-89.9155833733424, 38.61931912852895], [-89.92131862594731, 38.619470314708934], [-89.92705392153653, 38.61962122026898], [-89.93278926003055, 38.619771845202735], [-89.93852464134986, 38.619922189503846], [-89.9442600654149, 38.62007225316597], [-89.94999553214618, 38.62022203618278], [-89.95573104146416, 38.620371538547964], [-89.96146659328937, 38.6205207602552], [-89.96720218754218, 38.620669701298226], [-89.97293782414316, 38.62081836167072], [-89.97867350301271, 38.62096674136646], [-89.98440922407127, 38.621114840379136], [-89.99014498723932, 38.62126265870254], [-89.99588079243732, 38.621410196330416], [-90.00161663958568, 38.62155745325657], [-90.00735252860491, 38.621704429474754], [-90.01308845941536, 38.6218511249788], [-90.01882443193752, 38.62199753976251], [-90.0245604460918, 38.62214367381969], [-90.03029650179865, 38.62228952714421], [-90.03603259897847, 38.622435099729884], [-90.04176873755169, 38.622580391570615], [-90.04750491743872, 38.62272540266021], [-90.05324113855997, 38.6228701329926], [-90.0589774008359, 38.62301458256169], [-90.06471370418684, 38.62315875136136], [-90.07045004853325, 38.62330263938551], [-90.07618643379548, 38.623446246628106], [-90.08192285989396, 38.62358957308307], [-90.08765932674906, 38.623732618744384], [-90.09339583428118, 38.623875383605984], [-90.09895091075838, 38.62851804648185], [-90.10450670259345, 38.633160469873815], [-90.1102440470662, 38.63330243772981], [-90.11580095263906, 38.63794436326609], [-90.12135857394713, 38.64258604896054], [-90.12709675507955, 38.642727219229855], [-90.13283497637043, 38.64286810847808], [-90.13857323774008, 38.64300871669927], [-90.14431153910874, 38.643149043887504], [-90.15004988039681, 38.64328909003685], [-90.15578826152439, 38.64342885514139], [-90.16152668241186, 38.64356833919522], [-90.16726514297947, 38.64370754219247], [-90.17300364314747, 38.64384646412727], [-90.17874218283609, 38.64398510499372], [-90.18448076196563, 38.64412346478601], [-90.19021938045634, 38.644261543498274], [-90.19613354616266, 38.639898793950096], [-90.20204699586435, 38.63553571516044], [-90.20795972970198, 38.63117230726659]]}}, {"type": "Feature", "properties": {"route_run_id": "stl_midamerica_to_st_louis_union_station_2026-03-07_0194", "route_pair": "midamerica_to_st_louis_union_station", "route_pair_label": "MidAmerica to St. Louis Union Station", "origin_label": "MidAmerica St. Louis Airport", "destination_label": "St. Louis Union Station", "origin_lat": 38.5451731, "origin_lon": -89.8351856, "destination_lat": 38.629167, "destination_lon": -90.2075, "traffic_date": "2026-03-07", "traffic_dataset": "March 7th - Saturday", "weight_id": "w_0194", "distance_weight": 0.3, "population_weight": 0.4, "traffic_weight": 0.0, "airspace_weight": 0.3, "path_nodes": 68, "path_node_ids": [8877, 8881, 8904, 8922, 8923, 8927, 9145, 10016, 10018, 10062, 10055, 10058, 10094, 10096, 10103, 10104, 10110, 10109, 10516, 10515, 10514, 10517, 10522, 10299, 10300, 10301, 10309, 10308, 10310, 10343, 10345, 10344, 10342, 10355, 10210, 10208, 10209, 10326, 10328, 10329, 10327, 2522, 2524, 2523, 2514, 2517, 2515, 2516, 2530, 2534, 2532, 2558, 2840, 2839, 2838, 2827, 2849, 2848, 2850, 2837, 2859, 2858, 2860, 2763, 2762, 2737, 2732, 2715], "elapsed_seconds": 0.02550900005735457, "status": "success", "failure_reason": "", "route_distance_km": 49.20045512079, "distance_cost_sum": 54.14828261680189, "population_cost_sum": 14.193327193589042, "traffic_cost_sum": 26.333622662755896, "airspace_cost_sum": 23.2, "total_weighted_score": 28.88181566247619}, "geometry": {"type": "LineString", "coordinates": [[-89.83272609742262, 38.54503213945896], [-89.83252853470323, 38.54953126729425], [-89.83806053424684, 38.55418543772932], [-89.84359324582596, 38.558839373542895], [-89.84912666962028, 38.563493074603095], [-89.85466080580946, 38.568146540778045], [-89.86019565457306, 38.572799771935806], [-89.86573121609086, 38.57745276794444], [-89.87126749054252, 38.58210552867199], [-89.8768044781077, 38.58675805398646], [-89.88234217896623, 38.591410343755804], [-89.8878805932977, 38.59606239784802], [-89.89341972128202, 38.600714216131045], [-89.89895956309883, 38.60536579847276], [-89.90450011892796, 38.61001714474108], [-89.91004138894921, 38.614668254803874], [-89.9155833733424, 38.61931912852895], [-89.92131862594731, 38.619470314708934], [-89.9268617252078, 38.624120695492145], [-89.93259742104341, 38.62427134452904], [-89.93833315971467, 38.6244217128885], [-89.94406894114202, 38.62457180056415], [-89.94980476524591, 38.62472160754967], [-89.95554063194687, 38.62487113383877], [-89.96127654116528, 38.62502037942509], [-89.96701249282155, 38.625169344302385], [-89.97274848683627, 38.62531802846435], [-89.97848452312972, 38.62546643190471], [-89.98422060162243, 38.625614554617215], [-89.98995672223481, 38.62576239659562], [-89.9956928848873, 38.625909957833684], [-90.00142908950032, 38.62605723832518], [-90.00716533599429, 38.6262042380639], [-90.01290162428964, 38.62635095704363], [-90.01882443193752, 38.62199753976251], [-90.0245604460918, 38.62214367381969], [-90.03029650179865, 38.62228952714421], [-90.03603259897847, 38.622435099729884], [-90.04176873755169, 38.622580391570615], [-90.04750491743872, 38.62272540266021], [-90.05324113855997, 38.6228701329926], [-90.0589774008359, 38.62301458256169], [-90.06471370418684, 38.62315875136136], [-90.07045004853325, 38.62330263938551], [-90.07618643379548, 38.623446246628106], [-90.08192285989396, 38.62358957308307], [-90.08765932674906, 38.623732618744384], [-90.09339583428118, 38.623875383605984], [-90.09895091075838, 38.62851804648185], [-90.10450670259345, 38.633160469873815], [-90.1102440470662, 38.63330243772981], [-90.11580095263906, 38.63794436326609], [-90.12135857394713, 38.64258604896054], [-90.12709675507955, 38.642727219229855], [-90.13283497637043, 38.64286810847808], [-90.13857323774008, 38.64300871669927], [-90.14431153910874, 38.643149043887504], [-90.15004988039681, 38.64328909003685], [-90.15578826152439, 38.64342885514139], [-90.16152668241186, 38.64356833919522], [-90.16726514297947, 38.64370754219247], [-90.17300364314747, 38.64384646412727], [-90.17874218283609, 38.64398510499372], [-90.18448076196563, 38.64412346478601], [-90.19021938045634, 38.644261543498274], [-90.19613354616266, 38.639898793950096], [-90.20204699586435, 38.63553571516044], [-90.20795972970198, 38.63117230726659]]}}, {"type": "Feature", "properties": {"route_run_id": "stl_midamerica_to_st_louis_union_station_2026-03-07_0245", "route_pair": "midamerica_to_st_louis_union_station", "route_pair_label": "MidAmerica to St. Louis Union Station", "origin_label": "MidAmerica St. Louis Airport", "destination_label": "St. Louis Union Station", "origin_lat": 38.5451731, "origin_lon": -89.8351856, "destination_lat": 38.629167, "destination_lon": -90.2075, "traffic_date": "2026-03-07", "traffic_dataset": "March 7th - Saturday", "weight_id": "w_0245", "distance_weight": 0.5, "population_weight": 0.2, "traffic_weight": 0.2, "airspace_weight": 0.1, "path_nodes": 67, "path_node_ids": [8877, 8876, 8868, 8893, 8894, 8871, 9758, 9756, 9757, 9750, 9773, 9779, 9777, 9793, 9794, 9798, 9801, 10007, 10009, 10232, 10238, 10248, 10246, 10247, 10245, 10263, 10265, 10264, 10173, 10174, 10172, 10175, 10195, 10198, 10196, 10197, 10185, 10187, 10186, 10191, 2276, 2521, 2523, 2526, 2542, 2541, 2543, 2533, 2534, 2532, 2535, 2495, 2497, 2818, 2496, 2507, 2506, 2828, 2505, 2809, 2811, 2810, 2728, 2730, 2731, 2729, 2715], "elapsed_seconds": 0.01667819998692721, "status": "success", "failure_reason": "", "route_distance_km": 47.21617561575103, "distance_cost_sum": 51.96445469964559, "population_cost_sum": 21.097623047562166, "traffic_cost_sum": 16.6784210588468, "airspace_cost_sum": 28.4, "total_weighted_score": 36.37743617110459}, "geometry": {"type": "LineString", "coordinates": [[-89.83272609742262, 38.54503213945896], [-89.83845499191484, 38.54518713674757], [-89.84418393041321, 38.54534185422887], [-89.84971641783211, 38.549995494044936], [-89.85544580003071, 38.55014967657376], [-89.86117522600853, 38.55030357923106], [-89.86690469568633, 38.55045720201035], [-89.87263420898502, 38.550610544905176], [-89.87836376582533, 38.55076360790903], [-89.88409336612811, 38.55091639101554], [-89.88962896320348, 38.555568263906835], [-89.89516527250416, 38.56021990134085], [-89.90089571497577, 38.56037189337378], [-89.90643313610515, 38.56502303949436], [-89.91197126983941, 38.56967394980084], [-89.9175101163579, 38.57432462416122], [-89.92324180012413, 38.57447556857721], [-89.92878175902374, 38.57912575080554], [-89.93432243108697, 38.58377569673078], [-89.93986381649326, 38.588425406220864], [-89.945405915422, 38.59307487914367], [-89.95094872805251, 38.59772411536704], [-89.95668245164843, 38.59787349815684], [-89.96241621770018, 38.59802260051268], [-89.96815002612831, 38.59817142242828], [-89.97369475078722, 38.60281965195827], [-89.97942900075623, 38.60296793670464], [-89.98516329287352, 38.603115940947184], [-89.99089762705957, 38.603263664679695], [-89.99663200323492, 38.603411107895916], [-90.00236642132012, 38.60355827058964], [-90.00810088123565, 38.603705152754664], [-90.01383538290203, 38.603851754384785], [-90.01938361507719, 38.6084979478912], [-90.0251185571937, 38.60864401180754], [-90.03085354083264, 38.60878979512565], [-90.03658856591449, 38.60893529783942], [-90.04232363235971, 38.609080519942665], [-90.04805874008878, 38.60922546142931], [-90.05360968000618, 38.61387013007287], [-90.0593452273907, 38.61401453341643], [-90.06489728050143, 38.618658705824664], [-90.07045004853325, 38.62330263938551], [-90.07600353166524, 38.62794633396657], [-90.08155773007638, 38.632589789435436], [-90.08729491224024, 38.63273288088516], [-90.0930321351008, 38.63287569144548], [-90.09876939857845, 38.63301822111036], [-90.10450670259345, 38.633160469873815], [-90.1102440470662, 38.63330243772981], [-90.115981431917, 38.63344412467236], [-90.12189893829279, 38.62908526529191], [-90.12763604589804, 38.629226367808045], [-90.13337319363258, 38.629367189437694], [-90.13911038141684, 38.62950773017495], [-90.14484760917111, 38.62964799001386], [-90.15058487681573, 38.629787968948484], [-90.156322184271, 38.62992766697294], [-90.16205953145733, 38.63006708408134], [-90.16779691829495, 38.630206220267794], [-90.17353434470424, 38.6303450755264], [-90.17927181060547, 38.63048364985134], [-90.185009315919, 38.63062194323676], [-90.1907468605651, 38.6307599556768], [-90.1964844444641, 38.63089768716567], [-90.2022220675363, 38.63103513769752], [-90.20795972970198, 38.63117230726659]]}}, {"type": "Feature", "properties": {"route_run_id": "stl_midamerica_to_st_louis_union_station_2026-03-07_0274", "route_pair": "midamerica_to_st_louis_union_station", "route_pair_label": "MidAmerica to St. Louis Union Station", "origin_label": "MidAmerica St. Louis Airport", "destination_label": "St. Louis Union Station", "origin_lat": 38.5451731, "origin_lon": -89.8351856, "destination_lat": 38.629167, "destination_lon": -90.2075, "traffic_date": "2026-03-07", "traffic_dataset": "March 7th - Saturday", "weight_id": "w_0274", "distance_weight": 0.7, "population_weight": 0.1, "traffic_weight": 0.2, "airspace_weight": 0.0, "path_nodes": 67, "path_node_ids": [8877, 8876, 8868, 8869, 8870, 8867, 9753, 9754, 9755, 9744, 9746, 9747, 9745, 9737, 9736, 9734, 9735, 9919, 9916, 9918, 9917, 9935, 9938, 9939, 9930, 9931, 9928, 9929, 9839, 9841, 9840, 9838, 9855, 9853, 9854, 9852, 9850, 9851, 9863, 9862, 1962, 1961, 1960, 1968, 1969, 1971, 1970, 1978, 1980, 1981, 1979, 2159, 2166, 2188, 2192, 2418, 2422, 2425, 2427, 2453, 2455, 2457, 2376, 2399, 2401, 2404, 2715], "elapsed_seconds": 0.009753599995747209, "status": "success", "failure_reason": "", "route_distance_km": 46.661821306275876, "distance_cost_sum": 51.354351932392525, "population_cost_sum": 19.048982943591955, "traffic_cost_sum": 16.410682473705606, "airspace_cost_sum": 38.0, "total_weighted_score": 41.13508114177508}, "geometry": {"type": "LineString", "coordinates": [[-89.83272609742262, 38.54503213945896], [-89.83845499191484, 38.54518713674757], [-89.84418393041321, 38.54534185422887], [-89.8499129128385, 38.54549629189633], [-89.85564193911159, 38.545650449743434], [-89.86137100915332, 38.54580432776372], [-89.86710012288452, 38.545957925950695], [-89.87282928022606, 38.546111244297876], [-89.8785584810987, 38.54626428279884], [-89.88428772542336, 38.54641704144712], [-89.8900170131208, 38.5465695202363], [-89.89574634411186, 38.54672171915994], [-89.90147571831739, 38.546873638211636], [-89.90720513565815, 38.54702527738502], [-89.91293459605497, 38.54717663667367], [-89.91866409942871, 38.54732771607122], [-89.92439364570006, 38.54747851557132], [-89.9301232347899, 38.54762903516762], [-89.93585286661902, 38.54777927485379], [-89.94158254110822, 38.54792923462347], [-89.94731225817821, 38.548078914470366], [-89.95304201774988, 38.54822831438818], [-89.95858208911035, 38.55287709782697], [-89.96431228957056, 38.553025961699916], [-89.97004253230493, 38.553174545580205], [-89.97577281723424, 38.553322849461594], [-89.9815031442792, 38.55347087333782], [-89.98723351336055, 38.553618617202645], [-89.99296392439905, 38.55376608104985], [-89.99869437731542, 38.55391326487322], [-90.00442487203037, 38.55406016866657], [-90.01015540846471, 38.55420679242369], [-90.0156997760314, 38.558853031674964], [-90.02143075196999, 38.55899911872885], [-90.0271617694001, 38.55914492568329], [-90.03289282824241, 38.5592904525321], [-90.0386239284176, 38.5594356992692], [-90.04435506984643, 38.55958066588843], [-90.0500862524495, 38.5597253523837], [-90.05581747614751, 38.55986975874894], [-90.06154874086116, 38.56001388497803], [-90.0672800465111, 38.56015773106491], [-90.073011393018, 38.560301297003505], [-90.07874278030255, 38.56044458278779], [-90.08447420828541, 38.56058758841172], [-90.09020567688721, 38.56073031386926], [-90.09593718602859, 38.5608727591544], [-90.10166873563026, 38.56101492426115], [-90.10740032561284, 38.561156809183515], [-90.11313195589696, 38.5612984139155], [-90.11886362640328, 38.561439738451156], [-90.12441585794114, 38.56608111085856], [-90.12996880268844, 38.57072224396472], [-90.13552246082332, 38.57536313763731], [-90.14107683252396, 38.580003791744], [-90.14663191796852, 38.58464420615243], [-90.15218771733517, 38.589284380730234], [-90.15774423080212, 38.593924315345014], [-90.16330145854758, 38.59856400986431], [-90.16885940074975, 38.60320346415569], [-90.17441805758689, 38.60784267808668], [-90.17997742923725, 38.612481651524796], [-90.18553751587909, 38.6171203843375], [-90.19127398739786, 38.61725833052981], [-90.19683518607279, 38.62189656380297], [-90.20239710011477, 38.62653455609276], [-90.20795972970198, 38.63117230726659]]}}, {"type": "Feature", "properties": {"route_run_id": "stl_midamerica_to_st_louis_union_station_2026-03-07_0206", "route_pair": "midamerica_to_st_louis_union_station", "route_pair_label": "MidAmerica to St. Louis Union Station", "origin_label": "MidAmerica St. Louis Airport", "destination_label": "St. Louis Union Station", "origin_lat": 38.5451731, "origin_lon": -89.8351856, "destination_lat": 38.629167, "destination_lon": -90.2075, "traffic_date": "2026-03-07", "traffic_dataset": "March 7th - Saturday", "weight_id": "w_0206", "distance_weight": 0.4, "population_weight": 0.0, "traffic_weight": 0.2, "airspace_weight": 0.4, "path_nodes": 67, "path_node_ids": [8877, 8876, 8892, 8897, 8899, 8926, 9788, 10013, 10014, 10036, 10052, 10054, 10061, 10051, 10049, 10048, 10050, 10253, 10252, 10241, 10240, 10248, 10246, 10247, 10245, 10231, 10230, 10262, 10150, 10148, 10149, 10151, 10161, 10159, 10158, 10160, 10166, 10168, 10167, 10169, 2244, 2246, 2245, 2257, 2280, 2281, 2282, 2293, 2296, 2301, 2303, 2491, 2497, 2818, 2496, 2507, 2506, 2828, 2505, 2809, 2811, 2810, 2728, 2730, 2731, 2729, 2715], "elapsed_seconds": 0.017796700005419552, "status": "success", "failure_reason": "", "route_distance_km": 47.21617334139707, "distance_cost_sum": 51.96445219657198, "population_cost_sum": 29.54354548042971, "traffic_cost_sum": 18.62119519936071, "airspace_cost_sum": 22.6, "total_weighted_score": 33.550019918500944}, "geometry": {"type": "LineString", "coordinates": [[-89.83272609742262, 38.54503213945896], [-89.83845499191484, 38.54518713674757], [-89.84398707949187, 38.54984103165108], [-89.84951987896733, 38.55449469187918], [-89.85505339052077, 38.559148117300026], [-89.86058761433173, 38.563801307781745], [-89.86612255057987, 38.568454263192415], [-89.87165819944471, 38.57310698340007], [-89.87719456110594, 38.577759468272795], [-89.88273163574308, 38.582411717678575], [-89.88826942353593, 38.58706373148541], [-89.89380792466403, 38.591715509561276], [-89.89934713930707, 38.59636705177409], [-89.90508047722643, 38.59651895818466], [-89.91081385831642, 38.59667058421835], [-89.91654728249756, 38.596821929868824], [-89.92228074969049, 38.59697299512966], [-89.92801425981584, 38.59712377999449], [-89.93374781279411, 38.597274284457015], [-89.93948140854593, 38.5974245085108], [-89.94521504699188, 38.5975744521496], [-89.95094872805251, 38.59772411536704], [-89.95668245164843, 38.59787349815684], [-89.96241621770018, 38.59802260051268], [-89.96815002612831, 38.59817142242828], [-89.9738838768534, 38.59831996389739], [-89.97961776979602, 38.59846822491371], [-89.98535170487666, 38.59861620547102], [-89.99108568201598, 38.59876390556306], [-89.99681970113441, 38.59891132518362], [-90.00255376215256, 38.59905846432648], [-90.00828786499093, 38.59920532298544], [-90.01402200957008, 38.5993519011543], [-90.01975619581054, 38.599498198826886], [-90.02549042363282, 38.599644215997024], [-90.03122469295744, 38.59978995265856], [-90.03695900370492, 38.599935408805365], [-90.0426933557958, 38.60008058443128], [-90.04842774915056, 38.600225479530216], [-90.05416218368977, 38.60037009409603], [-90.06008038791752, 38.59601438460579], [-90.06581454748931, 38.596158415031965], [-90.07154874799711, 38.59630216495158], [-90.07710033210058, 38.60094574690646], [-90.08265263052834, 38.605589089986196], [-90.08838766772114, 38.60573204410446], [-90.09394107859575, 38.61037489039303], [-90.09967655430022, 38.61051730605643], [-90.10523107776994, 38.61515965518486], [-90.11078631613944, 38.61980176485522], [-90.11652262799952, 38.61994338379215], [-90.1220789793104, 38.62458499570804], [-90.12763604589804, 38.629226367808045], [-90.13337319363258, 38.629367189437694], [-90.13911038141684, 38.62950773017495], [-90.14484760917111, 38.62964799001386], [-90.15058487681573, 38.629787968948484], [-90.156322184271, 38.62992766697294], [-90.16205953145733, 38.63006708408134], [-90.16779691829495, 38.630206220267794], [-90.17353434470424, 38.6303450755264], [-90.17927181060547, 38.63048364985134], [-90.185009315919, 38.63062194323676], [-90.1907468605651, 38.6307599556768], [-90.1964844444641, 38.63089768716567], [-90.2022220675363, 38.63103513769752], [-90.20795972970198, 38.63117230726659]]}}, {"type": "Feature", "properties": {"route_run_id": "stl_midamerica_to_st_louis_union_station_2026-03-07_0171", "route_pair": "midamerica_to_st_louis_union_station", "route_pair_label": "MidAmerica to St. Louis Union Station", "origin_label": "MidAmerica St. Louis Airport", "destination_label": "St. Louis Union Station", "origin_lat": 38.5451731, "origin_lon": -89.8351856, "destination_lat": 38.629167, "destination_lon": -90.2075, "traffic_date": "2026-03-07", "traffic_dataset": "March 7th - Saturday", "weight_id": "w_0171", "distance_weight": 0.3, "population_weight": 0.0, "traffic_weight": 0.3, "airspace_weight": 0.4, "path_nodes": 67, "path_node_ids": [8877, 8876, 8892, 8897, 8899, 8926, 9788, 10013, 10014, 10036, 10052, 10054, 10061, 10051, 10049, 10048, 10050, 10253, 10252, 10241, 10240, 10248, 10246, 10247, 10245, 10231, 10229, 10228, 10146, 10144, 10147, 10145, 10157, 10156, 10154, 10155, 10162, 10164, 10119, 10121, 2242, 2243, 2245, 2257, 2280, 2281, 2282, 2293, 2296, 2301, 2303, 2491, 2497, 2818, 2496, 2507, 2506, 2828, 2505, 2809, 2811, 2810, 2728, 2730, 2731, 2729, 2715], "elapsed_seconds": 0.025790100102312863, "status": "success", "failure_reason": "", "route_distance_km": 47.74820486615568, "distance_cost_sum": 52.549987295646794, "population_cost_sum": 28.919399491778442, "traffic_cost_sum": 17.64628027544754, "airspace_cost_sum": 22.6, "total_weighted_score": 30.098880271328305}, "geometry": {"type": "LineString", "coordinates": [[-89.83272609742262, 38.54503213945896], [-89.83845499191484, 38.54518713674757], [-89.84398707949187, 38.54984103165108], [-89.84951987896733, 38.55449469187918], [-89.85505339052077, 38.559148117300026], [-89.86058761433173, 38.563801307781745], [-89.86612255057987, 38.568454263192415], [-89.87165819944471, 38.57310698340007], [-89.87719456110594, 38.577759468272795], [-89.88273163574308, 38.582411717678575], [-89.88826942353593, 38.58706373148541], [-89.89380792466403, 38.591715509561276], [-89.89934713930707, 38.59636705177409], [-89.90508047722643, 38.59651895818466], [-89.91081385831642, 38.59667058421835], [-89.91654728249756, 38.596821929868824], [-89.92228074969049, 38.59697299512966], [-89.92801425981584, 38.59712377999449], [-89.93374781279411, 38.597274284457015], [-89.93948140854593, 38.5974245085108], [-89.94521504699188, 38.5975744521496], [-89.95094872805251, 38.59772411536704], [-89.95668245164843, 38.59787349815684], [-89.96241621770018, 38.59802260051268], [-89.96815002612831, 38.59817142242828], [-89.9738838768534, 38.59831996389739], [-89.97980649669776, 38.593968508873274], [-89.98554007482124, 38.594116465748236], [-89.99127369499321, 38.59426414220273], [-89.99700735713421, 38.594411538230524], [-90.00274106116477, 38.59455865382544], [-90.00847480700546, 38.59470548898121], [-90.01420859457684, 38.5948520436917], [-90.01994242379944, 38.594998317950704], [-90.02567629459381, 38.59514431175206], [-90.03141020688051, 38.59529002508962], [-90.03714416058007, 38.595435457957215], [-90.04287815561301, 38.59558061034875], [-90.04879659347476, 38.591225480771406], [-90.05453031393769, 38.591370049050525], [-90.06026407548569, 38.59151433688004], [-90.06599787803927, 38.59165834425389], [-90.07154874799711, 38.59630216495158], [-90.07710033210058, 38.60094574690646], [-90.08265263052834, 38.605589089986196], [-90.08838766772114, 38.60573204410446], [-90.09394107859575, 38.61037489039303], [-90.09967655430022, 38.61051730605643], [-90.10523107776994, 38.61515965518486], [-90.11078631613944, 38.61980176485522], [-90.11652262799952, 38.61994338379215], [-90.1220789793104, 38.62458499570804], [-90.12763604589804, 38.629226367808045], [-90.13337319363258, 38.629367189437694], [-90.13911038141684, 38.62950773017495], [-90.14484760917111, 38.62964799001386], [-90.15058487681573, 38.629787968948484], [-90.156322184271, 38.62992766697294], [-90.16205953145733, 38.63006708408134], [-90.16779691829495, 38.630206220267794], [-90.17353434470424, 38.6303450755264], [-90.17927181060547, 38.63048364985134], [-90.185009315919, 38.63062194323676], [-90.1907468605651, 38.6307599556768], [-90.1964844444641, 38.63089768716567], [-90.2022220675363, 38.63103513769752], [-90.20795972970198, 38.63117230726659]]}}, {"type": "Feature", "properties": {"route_run_id": "stl_midamerica_to_st_louis_union_station_2026-03-07_0213", "route_pair": "midamerica_to_st_louis_union_station", "route_pair_label": "MidAmerica to St. Louis Union Station", "origin_label": "MidAmerica St. Louis Airport", "destination_label": "St. Louis Union Station", "origin_lat": 38.5451731, "origin_lon": -89.8351856, "destination_lat": 38.629167, "destination_lon": -90.2075, "traffic_date": "2026-03-07", "traffic_dataset": "March 7th - Saturday", "weight_id": "w_0213", "distance_weight": 0.4, "population_weight": 0.1, "traffic_weight": 0.2, "airspace_weight": 0.3, "path_nodes": 67, "path_node_ids": [8877, 8879, 8896, 8900, 8924, 8930, 10012, 10015, 10019, 10053, 10057, 10054, 10061, 10051, 10049, 10048, 10050, 10253, 10252, 10241, 10240, 10248, 10246, 10247, 10245, 10263, 10265, 10264, 10173, 10174, 10172, 10175, 10195, 10198, 10196, 10197, 10185, 10187, 10186, 10191, 2276, 2518, 2519, 2510, 2517, 2515, 2516, 2530, 2534, 2532, 2535, 2495, 2497, 2818, 2496, 2507, 2506, 2828, 2505, 2809, 2811, 2810, 2728, 2730, 2731, 2729, 2715], "elapsed_seconds": 0.020676400046795607, "status": "success", "failure_reason": "", "route_distance_km": 47.21937707182564, "distance_cost_sum": 51.967978109091455, "population_cost_sum": 24.626518398591795, "traffic_cost_sum": 17.85921841578689, "airspace_cost_sum": 23.2, "total_weighted_score": 33.781686766653145}, "geometry": {"type": "LineString", "coordinates": [[-89.83272609742262, 38.54503213945896], [-89.83825778508921, 38.54968628939868], [-89.84379018463301, 38.55434020475587], [-89.84932329623358, 38.558993885398685], [-89.85485712007056, 38.56364733119524], [-89.86039165632353, 38.56830054201366], [-89.86592690517212, 38.57295351772198], [-89.871462866796, 38.577606258188254], [-89.87699954137483, 38.582258763280514], [-89.88253692908823, 38.586911032866766], [-89.88807503011597, 38.59156306681497], [-89.89380792466403, 38.591715509561276], [-89.89934713930707, 38.59636705177409], [-89.90508047722643, 38.59651895818466], [-89.91081385831642, 38.59667058421835], [-89.91654728249756, 38.596821929868824], [-89.92228074969049, 38.59697299512966], [-89.92801425981584, 38.59712377999449], [-89.93374781279411, 38.597274284457015], [-89.93948140854593, 38.5974245085108], [-89.94521504699188, 38.5975744521496], [-89.95094872805251, 38.59772411536704], [-89.95668245164843, 38.59787349815684], [-89.96241621770018, 38.59802260051268], [-89.96815002612831, 38.59817142242828], [-89.97369475078722, 38.60281965195827], [-89.97942900075623, 38.60296793670464], [-89.98516329287352, 38.603115940947184], [-89.99089762705957, 38.603263664679695], [-89.99663200323492, 38.603411107895916], [-90.00236642132012, 38.60355827058964], [-90.00810088123565, 38.603705152754664], [-90.01383538290203, 38.603851754384785], [-90.01938361507719, 38.6084979478912], [-90.0251185571937, 38.60864401180754], [-90.03085354083264, 38.60878979512565], [-90.03658856591449, 38.60893529783942], [-90.04232363235971, 38.609080519942665], [-90.04805874008878, 38.60922546142931], [-90.05360968000618, 38.61387013007287], [-90.0593452273907, 38.61401453341643], [-90.0650808158304, 38.61415865608025], [-90.07063326734246, 38.618802570824315], [-90.07636929508949, 38.61894615508724], [-90.08192285989396, 38.62358957308307], [-90.08765932674906, 38.623732618744384], [-90.09339583428118, 38.623875383605984], [-90.09895091075838, 38.62851804648185], [-90.10450670259345, 38.633160469873815], [-90.1102440470662, 38.63330243772981], [-90.115981431917, 38.63344412467236], [-90.12189893829279, 38.62908526529191], [-90.12763604589804, 38.629226367808045], [-90.13337319363258, 38.629367189437694], [-90.13911038141684, 38.62950773017495], [-90.14484760917111, 38.62964799001386], [-90.15058487681573, 38.629787968948484], [-90.156322184271, 38.62992766697294], [-90.16205953145733, 38.63006708408134], [-90.16779691829495, 38.630206220267794], [-90.17353434470424, 38.6303450755264], [-90.17927181060547, 38.63048364985134], [-90.185009315919, 38.63062194323676], [-90.1907468605651, 38.6307599556768], [-90.1964844444641, 38.63089768716567], [-90.2022220675363, 38.63103513769752], [-90.20795972970198, 38.63117230726659]]}}, {"type": "Feature", "properties": {"route_run_id": "stl_midamerica_to_st_louis_union_station_2026-03-07_0068", "route_pair": "midamerica_to_st_louis_union_station", "route_pair_label": "MidAmerica to St. Louis Union Station", "origin_label": "MidAmerica St. Louis Airport", "destination_label": "St. Louis Union Station", "origin_lat": 38.5451731, "origin_lon": -89.8351856, "destination_lat": 38.629167, "destination_lon": -90.2075, "traffic_date": "2026-03-07", "traffic_dataset": "March 7th - Saturday", "weight_id": "w_0068", "distance_weight": 0.1, "population_weight": 0.0, "traffic_weight": 0.1, "airspace_weight": 0.8, "path_nodes": 67, "path_node_ids": [8877, 8876, 8892, 8897, 8899, 8926, 9788, 10013, 10014, 10036, 10052, 10054, 10061, 10051, 10049, 10048, 10050, 10253, 10252, 10241, 10240, 10248, 10246, 10247, 10245, 10231, 10229, 10228, 10146, 10144, 10147, 10145, 10157, 10156, 10154, 10155, 10162, 10164, 10119, 10121, 2242, 2243, 2245, 2257, 2280, 2281, 2282, 2293, 2296, 2301, 2303, 2491, 2497, 2818, 2496, 2507, 2506, 2828, 2505, 2809, 2811, 2810, 2728, 2730, 2731, 2729, 2715], "elapsed_seconds": 0.040696099982596934, "status": "success", "failure_reason": "", "route_distance_km": 47.74820486615568, "distance_cost_sum": 52.549987295646794, "population_cost_sum": 28.919399491778442, "traffic_cost_sum": 17.64628027544754, "airspace_cost_sum": 22.6, "total_weighted_score": 25.09962675710944}, "geometry": {"type": "LineString", "coordinates": [[-89.83272609742262, 38.54503213945896], [-89.83845499191484, 38.54518713674757], [-89.84398707949187, 38.54984103165108], [-89.84951987896733, 38.55449469187918], [-89.85505339052077, 38.559148117300026], [-89.86058761433173, 38.563801307781745], [-89.86612255057987, 38.568454263192415], [-89.87165819944471, 38.57310698340007], [-89.87719456110594, 38.577759468272795], [-89.88273163574308, 38.582411717678575], [-89.88826942353593, 38.58706373148541], [-89.89380792466403, 38.591715509561276], [-89.89934713930707, 38.59636705177409], [-89.90508047722643, 38.59651895818466], [-89.91081385831642, 38.59667058421835], [-89.91654728249756, 38.596821929868824], [-89.92228074969049, 38.59697299512966], [-89.92801425981584, 38.59712377999449], [-89.93374781279411, 38.597274284457015], [-89.93948140854593, 38.5974245085108], [-89.94521504699188, 38.5975744521496], [-89.95094872805251, 38.59772411536704], [-89.95668245164843, 38.59787349815684], [-89.96241621770018, 38.59802260051268], [-89.96815002612831, 38.59817142242828], [-89.9738838768534, 38.59831996389739], [-89.97980649669776, 38.593968508873274], [-89.98554007482124, 38.594116465748236], [-89.99127369499321, 38.59426414220273], [-89.99700735713421, 38.594411538230524], [-90.00274106116477, 38.59455865382544], [-90.00847480700546, 38.59470548898121], [-90.01420859457684, 38.5948520436917], [-90.01994242379944, 38.594998317950704], [-90.02567629459381, 38.59514431175206], [-90.03141020688051, 38.59529002508962], [-90.03714416058007, 38.595435457957215], [-90.04287815561301, 38.59558061034875], [-90.04879659347476, 38.591225480771406], [-90.05453031393769, 38.591370049050525], [-90.06026407548569, 38.59151433688004], [-90.06599787803927, 38.59165834425389], [-90.07154874799711, 38.59630216495158], [-90.07710033210058, 38.60094574690646], [-90.08265263052834, 38.605589089986196], [-90.08838766772114, 38.60573204410446], [-90.09394107859575, 38.61037489039303], [-90.09967655430022, 38.61051730605643], [-90.10523107776994, 38.61515965518486], [-90.11078631613944, 38.61980176485522], [-90.11652262799952, 38.61994338379215], [-90.1220789793104, 38.62458499570804], [-90.12763604589804, 38.629226367808045], [-90.13337319363258, 38.629367189437694], [-90.13911038141684, 38.62950773017495], [-90.14484760917111, 38.62964799001386], [-90.15058487681573, 38.629787968948484], [-90.156322184271, 38.62992766697294], [-90.16205953145733, 38.63006708408134], [-90.16779691829495, 38.630206220267794], [-90.17353434470424, 38.6303450755264], [-90.17927181060547, 38.63048364985134], [-90.185009315919, 38.63062194323676], [-90.1907468605651, 38.6307599556768], [-90.1964844444641, 38.63089768716567], [-90.2022220675363, 38.63103513769752], [-90.20795972970198, 38.63117230726659]]}}, {"type": "Feature", "properties": {"route_run_id": "stl_midamerica_to_st_louis_union_station_2026-03-07_0232", "route_pair": "midamerica_to_st_louis_union_station", "route_pair_label": "MidAmerica to St. Louis Union Station", "origin_label": "MidAmerica St. Louis Airport", "destination_label": "St. Louis Union Station", "origin_lat": 38.5451731, "origin_lon": -89.8351856, "destination_lat": 38.629167, "destination_lon": -90.2075, "traffic_date": "2026-03-07", "traffic_dataset": "March 7th - Saturday", "weight_id": "w_0232", "distance_weight": 0.5, "population_weight": 0.0, "traffic_weight": 0.0, "airspace_weight": 0.5, "path_nodes": 67, "path_node_ids": [8877, 8876, 8892, 8897, 8899, 8926, 9788, 10013, 10014, 10036, 10052, 10054, 10061, 10051, 10049, 10048, 10050, 10253, 10252, 10241, 10240, 10248, 10246, 10247, 10245, 10231, 10230, 10262, 10150, 10148, 10149, 10151, 10161, 10159, 10158, 10160, 10166, 10168, 10167, 10169, 2247, 2269, 2268, 2257, 2256, 2254, 2279, 2293, 2296, 2301, 2303, 2491, 2492, 2818, 2496, 2507, 2506, 2828, 2505, 2809, 2811, 2810, 2728, 2730, 2731, 2729, 2715], "elapsed_seconds": 0.013365800026804209, "status": "success", "failure_reason": "", "route_distance_km": 46.683328700980354, "distance_cost_sum": 51.37802221113185, "population_cost_sum": 29.474393947782595, "traffic_cost_sum": 21.16368640132933, "airspace_cost_sum": 22.6, "total_weighted_score": 36.98901110556593}, "geometry": {"type": "LineString", "coordinates": [[-89.83272609742262, 38.54503213945896], [-89.83845499191484, 38.54518713674757], [-89.84398707949187, 38.54984103165108], [-89.84951987896733, 38.55449469187918], [-89.85505339052077, 38.559148117300026], [-89.86058761433173, 38.563801307781745], [-89.86612255057987, 38.568454263192415], [-89.87165819944471, 38.57310698340007], [-89.87719456110594, 38.577759468272795], [-89.88273163574308, 38.582411717678575], [-89.88826942353593, 38.58706373148541], [-89.89380792466403, 38.591715509561276], [-89.89934713930707, 38.59636705177409], [-89.90508047722643, 38.59651895818466], [-89.91081385831642, 38.59667058421835], [-89.91654728249756, 38.596821929868824], [-89.92228074969049, 38.59697299512966], [-89.92801425981584, 38.59712377999449], [-89.93374781279411, 38.597274284457015], [-89.93948140854593, 38.5974245085108], [-89.94521504699188, 38.5975744521496], [-89.95094872805251, 38.59772411536704], [-89.95668245164843, 38.59787349815684], [-89.96241621770018, 38.59802260051268], [-89.96815002612831, 38.59817142242828], [-89.9738838768534, 38.59831996389739], [-89.97961776979602, 38.59846822491371], [-89.98535170487666, 38.59861620547102], [-89.99108568201598, 38.59876390556306], [-89.99681970113441, 38.59891132518362], [-90.00255376215256, 38.59905846432648], [-90.00828786499093, 38.59920532298544], [-90.01402200957008, 38.5993519011543], [-90.01975619581054, 38.599498198826886], [-90.02549042363282, 38.599644215997024], [-90.03122469295744, 38.59978995265856], [-90.03695900370492, 38.599935408805365], [-90.0426933557958, 38.60008058443128], [-90.04842774915056, 38.600225479530216], [-90.05416218368977, 38.60037009409603], [-90.05989665933384, 38.60051442812264], [-90.06563117600335, 38.600658481603965], [-90.07136573361876, 38.60080225453393], [-90.07710033210058, 38.60094574690646], [-90.0828349713693, 38.601088958715515], [-90.08856965134538, 38.60123188995506], [-90.0941227455516, 38.605874717602354], [-90.09967655430022, 38.61051730605643], [-90.10523107776994, 38.61515965518486], [-90.11078631613944, 38.61980176485522], [-90.11652262799952, 38.61994338379215], [-90.1220789793104, 38.62458499570804], [-90.12781572923257, 38.62472607564535], [-90.13337319363258, 38.629367189437694], [-90.13911038141684, 38.62950773017495], [-90.14484760917111, 38.62964799001386], [-90.15058487681573, 38.629787968948484], [-90.156322184271, 38.62992766697294], [-90.16205953145733, 38.63006708408134], [-90.16779691829495, 38.630206220267794], [-90.17353434470424, 38.6303450755264], [-90.17927181060547, 38.63048364985134], [-90.185009315919, 38.63062194323676], [-90.1907468605651, 38.6307599556768], [-90.1964844444641, 38.63089768716567], [-90.2022220675363, 38.63103513769752], [-90.20795972970198, 38.63117230726659]]}}, {"type": "Feature", "properties": {"route_run_id": "stl_midamerica_to_st_louis_union_station_2026-03-07_0177", "route_pair": "midamerica_to_st_louis_union_station", "route_pair_label": "MidAmerica to St. Louis Union Station", "origin_label": "MidAmerica St. Louis Airport", "destination_label": "St. Louis Union Station", "origin_lat": 38.5451731, "origin_lon": -89.8351856, "destination_lat": 38.629167, "destination_lon": -90.2075, "traffic_date": "2026-03-07", "traffic_dataset": "March 7th - Saturday", "weight_id": "w_0177", "distance_weight": 0.3, "population_weight": 0.1, "traffic_weight": 0.1, "airspace_weight": 0.5, "path_nodes": 67, "path_node_ids": [8877, 8879, 8896, 8900, 8924, 8930, 10012, 10015, 10019, 10053, 10057, 10054, 10061, 10051, 10049, 10072, 10079, 10284, 10283, 10286, 10289, 10294, 10281, 10292, 10293, 10304, 10303, 10270, 10313, 10180, 10312, 10181, 10203, 10200, 10202, 10201, 10189, 10190, 10188, 10191, 2276, 2518, 2277, 2509, 2287, 2508, 2286, 2298, 2300, 2301, 2307, 2491, 2497, 2818, 2496, 2507, 2506, 2828, 2505, 2809, 2811, 2810, 2728, 2730, 2731, 2729, 2715], "elapsed_seconds": 0.02769569994416088, "status": "success", "failure_reason": "", "route_distance_km": 47.220642321123115, "distance_cost_sum": 51.969370597766044, "population_cost_sum": 20.860796460210626, "traffic_cost_sum": 22.715354730202986, "airspace_cost_sum": 22.6, "total_weighted_score": 31.24842629837118}, "geometry": {"type": "LineString", "coordinates": [[-89.83272609742262, 38.54503213945896], [-89.83825778508921, 38.54968628939868], [-89.84379018463301, 38.55434020475587], [-89.84932329623358, 38.558993885398685], [-89.85485712007056, 38.56364733119524], [-89.86039165632353, 38.56830054201366], [-89.86592690517212, 38.57295351772198], [-89.871462866796, 38.577606258188254], [-89.87699954137483, 38.582258763280514], [-89.88253692908823, 38.586911032866766], [-89.88807503011597, 38.59156306681497], [-89.89380792466403, 38.591715509561276], [-89.89934713930707, 38.59636705177409], [-89.90508047722643, 38.59651895818466], [-89.91081385831642, 38.59667058421835], [-89.91635458673171, 38.60132137816604], [-89.92189602906302, 38.60597193580059], [-89.92743818549003, 38.61062225698987], [-89.93317280953934, 38.61077283372623], [-89.93871608023923, 38.61542266184741], [-89.94445114702152, 38.615572701498955], [-89.95018625645967, 38.61572246055001], [-89.9559214084743, 38.61587193899423], [-89.9616566029858, 38.61602113682532], [-89.96739183991471, 38.61617005403699], [-89.97312711918148, 38.61631869062297], [-89.97886244070665, 38.616467046576965], [-89.98478634265064, 38.61211539915841], [-89.99052139116867, 38.61226317018054], [-89.99625648169634, 38.61241066059679], [-90.00199161415404, 38.61255787040093], [-90.00772678846238, 38.612704799586744], [-90.01346200454176, 38.612851448148064], [-90.01919726231266, 38.612997816078675], [-90.02493256169556, 38.61314390337241], [-90.03066790261092, 38.61328971002312], [-90.03640328497923, 38.613435236024664], [-90.04213870872088, 38.61358048137086], [-90.04787417375634, 38.61372544605564], [-90.05360968000618, 38.61387013007287], [-90.0593452273907, 38.61401453341643], [-90.0650808158304, 38.61415865608025], [-90.07081644524574, 38.61430249805824], [-90.07655211555712, 38.614446059344324], [-90.08228782668499, 38.614589339932465], [-90.08802357854981, 38.61473233981663], [-90.09375937107193, 38.61487505899075], [-90.09949520417183, 38.615017497448825], [-90.10505004462816, 38.61965986513943], [-90.11078631613944, 38.61980176485522], [-90.11634226958749, 38.624443634935055], [-90.1220789793104, 38.62458499570804], [-90.12763604589804, 38.629226367808045], [-90.13337319363258, 38.629367189437694], [-90.13911038141684, 38.62950773017495], [-90.14484760917111, 38.62964799001386], [-90.15058487681573, 38.629787968948484], [-90.156322184271, 38.62992766697294], [-90.16205953145733, 38.63006708408134], [-90.16779691829495, 38.630206220267794], [-90.17353434470424, 38.6303450755264], [-90.17927181060547, 38.63048364985134], [-90.185009315919, 38.63062194323676], [-90.1907468605651, 38.6307599556768], [-90.1964844444641, 38.63089768716567], [-90.2022220675363, 38.63103513769752], [-90.20795972970198, 38.63117230726659]]}}, {"type": "Feature", "properties": {"route_run_id": "stl_midamerica_to_st_louis_union_station_2026-03-07_0122", "route_pair": "midamerica_to_st_louis_union_station", "route_pair_label": "MidAmerica to St. Louis Union Station", "origin_label": "MidAmerica St. Louis Airport", "destination_label": "St. Louis Union Station", "origin_lat": 38.5451731, "origin_lon": -89.8351856, "destination_lat": 38.629167, "destination_lon": -90.2075, "traffic_date": "2026-03-07", "traffic_dataset": "March 7th - Saturday", "weight_id": "w_0122", "distance_weight": 0.2, "population_weight": 0.0, "traffic_weight": 0.0, "airspace_weight": 0.8, "path_nodes": 67, "path_node_ids": [8877, 8876, 8892, 8897, 8899, 8926, 9788, 10013, 10014, 10036, 10052, 10054, 10061, 10051, 10049, 10048, 10050, 10253, 10252, 10241, 10240, 10248, 10246, 10247, 10245, 10231, 10230, 10262, 10150, 10148, 10149, 10151, 10161, 10159, 10158, 10160, 10166, 10168, 10167, 10169, 2247, 2269, 2268, 2257, 2256, 2254, 2279, 2293, 2296, 2301, 2303, 2491, 2492, 2818, 2496, 2507, 2506, 2828, 2505, 2809, 2811, 2810, 2728, 2730, 2731, 2729, 2715], "elapsed_seconds": 0.031127800000831485, "status": "success", "failure_reason": "", "route_distance_km": 46.683328700980354, "distance_cost_sum": 51.37802221113185, "population_cost_sum": 29.474393947782595, "traffic_cost_sum": 21.16368640132933, "airspace_cost_sum": 22.6, "total_weighted_score": 28.35560444222638}, "geometry": {"type": "LineString", "coordinates": [[-89.83272609742262, 38.54503213945896], [-89.83845499191484, 38.54518713674757], [-89.84398707949187, 38.54984103165108], [-89.84951987896733, 38.55449469187918], [-89.85505339052077, 38.559148117300026], [-89.86058761433173, 38.563801307781745], [-89.86612255057987, 38.568454263192415], [-89.87165819944471, 38.57310698340007], [-89.87719456110594, 38.577759468272795], [-89.88273163574308, 38.582411717678575], [-89.88826942353593, 38.58706373148541], [-89.89380792466403, 38.591715509561276], [-89.89934713930707, 38.59636705177409], [-89.90508047722643, 38.59651895818466], [-89.91081385831642, 38.59667058421835], [-89.91654728249756, 38.596821929868824], [-89.92228074969049, 38.59697299512966], [-89.92801425981584, 38.59712377999449], [-89.93374781279411, 38.597274284457015], [-89.93948140854593, 38.5974245085108], [-89.94521504699188, 38.5975744521496], [-89.95094872805251, 38.59772411536704], [-89.95668245164843, 38.59787349815684], [-89.96241621770018, 38.59802260051268], [-89.96815002612831, 38.59817142242828], [-89.9738838768534, 38.59831996389739], [-89.97961776979602, 38.59846822491371], [-89.98535170487666, 38.59861620547102], [-89.99108568201598, 38.59876390556306], [-89.99681970113441, 38.59891132518362], [-90.00255376215256, 38.59905846432648], [-90.00828786499093, 38.59920532298544], [-90.01402200957008, 38.5993519011543], [-90.01975619581054, 38.599498198826886], [-90.02549042363282, 38.599644215997024], [-90.03122469295744, 38.59978995265856], [-90.03695900370492, 38.599935408805365], [-90.0426933557958, 38.60008058443128], [-90.04842774915056, 38.600225479530216], [-90.05416218368977, 38.60037009409603], [-90.05989665933384, 38.60051442812264], [-90.06563117600335, 38.600658481603965], [-90.07136573361876, 38.60080225453393], [-90.07710033210058, 38.60094574690646], [-90.0828349713693, 38.601088958715515], [-90.08856965134538, 38.60123188995506], [-90.0941227455516, 38.605874717602354], [-90.09967655430022, 38.61051730605643], [-90.10523107776994, 38.61515965518486], [-90.11078631613944, 38.61980176485522], [-90.11652262799952, 38.61994338379215], [-90.1220789793104, 38.62458499570804], [-90.12781572923257, 38.62472607564535], [-90.13337319363258, 38.629367189437694], [-90.13911038141684, 38.62950773017495], [-90.14484760917111, 38.62964799001386], [-90.15058487681573, 38.629787968948484], [-90.156322184271, 38.62992766697294], [-90.16205953145733, 38.63006708408134], [-90.16779691829495, 38.630206220267794], [-90.17353434470424, 38.6303450755264], [-90.17927181060547, 38.63048364985134], [-90.185009315919, 38.63062194323676], [-90.1907468605651, 38.6307599556768], [-90.1964844444641, 38.63089768716567], [-90.2022220675363, 38.63103513769752], [-90.20795972970198, 38.63117230726659]]}}, {"type": "Feature", "properties": {"route_run_id": "stl_midamerica_to_st_louis_union_station_2026-03-07_0067", "route_pair": "midamerica_to_st_louis_union_station", "route_pair_label": "MidAmerica to St. Louis Union Station", "origin_label": "MidAmerica St. Louis Airport", "destination_label": "St. Louis Union Station", "origin_lat": 38.5451731, "origin_lon": -89.8351856, "destination_lat": 38.629167, "destination_lon": -90.2075, "traffic_date": "2026-03-07", "traffic_dataset": "March 7th - Saturday", "weight_id": "w_0067", "distance_weight": 0.1, "population_weight": 0.0, "traffic_weight": 0.0, "airspace_weight": 0.9, "path_nodes": 67, "path_node_ids": [8877, 8876, 8892, 8897, 8899, 8926, 9788, 10013, 10014, 10036, 10052, 10054, 10061, 10051, 10049, 10048, 10050, 10253, 10252, 10241, 10240, 10248, 10246, 10247, 10245, 10231, 10230, 10262, 10150, 10148, 10149, 10151, 10161, 10159, 10158, 10160, 10166, 10168, 10167, 10169, 2247, 2269, 2268, 2257, 2256, 2254, 2279, 2293, 2296, 2301, 2303, 2491, 2492, 2818, 2496, 2507, 2506, 2828, 2505, 2809, 2811, 2810, 2728, 2730, 2731, 2729, 2715], "elapsed_seconds": 0.04247049998957664, "status": "success", "failure_reason": "", "route_distance_km": 46.683328700980354, "distance_cost_sum": 51.37802221113185, "population_cost_sum": 29.474393947782595, "traffic_cost_sum": 21.16368640132933, "airspace_cost_sum": 22.6, "total_weighted_score": 25.477802221113194}, "geometry": {"type": "LineString", "coordinates": [[-89.83272609742262, 38.54503213945896], [-89.83845499191484, 38.54518713674757], [-89.84398707949187, 38.54984103165108], [-89.84951987896733, 38.55449469187918], [-89.85505339052077, 38.559148117300026], [-89.86058761433173, 38.563801307781745], [-89.86612255057987, 38.568454263192415], [-89.87165819944471, 38.57310698340007], [-89.87719456110594, 38.577759468272795], [-89.88273163574308, 38.582411717678575], [-89.88826942353593, 38.58706373148541], [-89.89380792466403, 38.591715509561276], [-89.89934713930707, 38.59636705177409], [-89.90508047722643, 38.59651895818466], [-89.91081385831642, 38.59667058421835], [-89.91654728249756, 38.596821929868824], [-89.92228074969049, 38.59697299512966], [-89.92801425981584, 38.59712377999449], [-89.93374781279411, 38.597274284457015], [-89.93948140854593, 38.5974245085108], [-89.94521504699188, 38.5975744521496], [-89.95094872805251, 38.59772411536704], [-89.95668245164843, 38.59787349815684], [-89.96241621770018, 38.59802260051268], [-89.96815002612831, 38.59817142242828], [-89.9738838768534, 38.59831996389739], [-89.97961776979602, 38.59846822491371], [-89.98535170487666, 38.59861620547102], [-89.99108568201598, 38.59876390556306], [-89.99681970113441, 38.59891132518362], [-90.00255376215256, 38.59905846432648], [-90.00828786499093, 38.59920532298544], [-90.01402200957008, 38.5993519011543], [-90.01975619581054, 38.599498198826886], [-90.02549042363282, 38.599644215997024], [-90.03122469295744, 38.59978995265856], [-90.03695900370492, 38.599935408805365], [-90.0426933557958, 38.60008058443128], [-90.04842774915056, 38.600225479530216], [-90.05416218368977, 38.60037009409603], [-90.05989665933384, 38.60051442812264], [-90.06563117600335, 38.600658481603965], [-90.07136573361876, 38.60080225453393], [-90.07710033210058, 38.60094574690646], [-90.0828349713693, 38.601088958715515], [-90.08856965134538, 38.60123188995506], [-90.0941227455516, 38.605874717602354], [-90.09967655430022, 38.61051730605643], [-90.10523107776994, 38.61515965518486], [-90.11078631613944, 38.61980176485522], [-90.11652262799952, 38.61994338379215], [-90.1220789793104, 38.62458499570804], [-90.12781572923257, 38.62472607564535], [-90.13337319363258, 38.629367189437694], [-90.13911038141684, 38.62950773017495], [-90.14484760917111, 38.62964799001386], [-90.15058487681573, 38.629787968948484], [-90.156322184271, 38.62992766697294], [-90.16205953145733, 38.63006708408134], [-90.16779691829495, 38.630206220267794], [-90.17353434470424, 38.6303450755264], [-90.17927181060547, 38.63048364985134], [-90.185009315919, 38.63062194323676], [-90.1907468605651, 38.6307599556768], [-90.1964844444641, 38.63089768716567], [-90.2022220675363, 38.63103513769752], [-90.20795972970198, 38.63117230726659]]}}, {"type": "Feature", "properties": {"route_run_id": "stl_midamerica_to_st_louis_union_station_2026-03-07_0234", "route_pair": "midamerica_to_st_louis_union_station", "route_pair_label": "MidAmerica to St. Louis Union Station", "origin_label": "MidAmerica St. Louis Airport", "destination_label": "St. Louis Union Station", "origin_lat": 38.5451731, "origin_lon": -89.8351856, "destination_lat": 38.629167, "destination_lon": -90.2075, "traffic_date": "2026-03-07", "traffic_dataset": "March 7th - Saturday", "weight_id": "w_0234", "distance_weight": 0.5, "population_weight": 0.0, "traffic_weight": 0.2, "airspace_weight": 0.3, "path_nodes": 67, "path_node_ids": [8877, 8876, 8892, 8897, 8899, 8926, 9788, 10013, 10014, 10036, 10052, 10054, 10061, 10051, 10049, 10048, 10050, 10253, 10252, 10241, 10240, 10248, 10246, 10247, 10245, 10231, 10230, 10262, 10150, 10148, 10149, 10151, 10161, 10159, 10158, 10160, 10166, 10168, 10167, 10169, 2247, 2269, 2268, 2257, 2280, 2281, 2282, 2293, 2296, 2301, 2303, 2491, 2497, 2818, 2496, 2507, 2506, 2828, 2505, 2809, 2811, 2810, 2728, 2730, 2731, 2729, 2715], "elapsed_seconds": 0.014847700018435717, "status": "success", "failure_reason": "", "route_distance_km": 46.68348381080322, "distance_cost_sum": 51.37819291952277, "population_cost_sum": 29.833108769446547, "traffic_cost_sum": 19.866839333529782, "airspace_cost_sum": 22.6, "total_weighted_score": 36.442464326467345}, "geometry": {"type": "LineString", "coordinates": [[-89.83272609742262, 38.54503213945896], [-89.83845499191484, 38.54518713674757], [-89.84398707949187, 38.54984103165108], [-89.84951987896733, 38.55449469187918], [-89.85505339052077, 38.559148117300026], [-89.86058761433173, 38.563801307781745], [-89.86612255057987, 38.568454263192415], [-89.87165819944471, 38.57310698340007], [-89.87719456110594, 38.577759468272795], [-89.88273163574308, 38.582411717678575], [-89.88826942353593, 38.58706373148541], [-89.89380792466403, 38.591715509561276], [-89.89934713930707, 38.59636705177409], [-89.90508047722643, 38.59651895818466], [-89.91081385831642, 38.59667058421835], [-89.91654728249756, 38.596821929868824], [-89.92228074969049, 38.59697299512966], [-89.92801425981584, 38.59712377999449], [-89.93374781279411, 38.597274284457015], [-89.93948140854593, 38.5974245085108], [-89.94521504699188, 38.5975744521496], [-89.95094872805251, 38.59772411536704], [-89.95668245164843, 38.59787349815684], [-89.96241621770018, 38.59802260051268], [-89.96815002612831, 38.59817142242828], [-89.9738838768534, 38.59831996389739], [-89.97961776979602, 38.59846822491371], [-89.98535170487666, 38.59861620547102], [-89.99108568201598, 38.59876390556306], [-89.99681970113441, 38.59891132518362], [-90.00255376215256, 38.59905846432648], [-90.00828786499093, 38.59920532298544], [-90.01402200957008, 38.5993519011543], [-90.01975619581054, 38.599498198826886], [-90.02549042363282, 38.599644215997024], [-90.03122469295744, 38.59978995265856], [-90.03695900370492, 38.599935408805365], [-90.0426933557958, 38.60008058443128], [-90.04842774915056, 38.600225479530216], [-90.05416218368977, 38.60037009409603], [-90.05989665933384, 38.60051442812264], [-90.06563117600335, 38.600658481603965], [-90.07136573361876, 38.60080225453393], [-90.07710033210058, 38.60094574690646], [-90.08265263052834, 38.605589089986196], [-90.08838766772114, 38.60573204410446], [-90.09394107859575, 38.61037489039303], [-90.09967655430022, 38.61051730605643], [-90.10523107776994, 38.61515965518486], [-90.11078631613944, 38.61980176485522], [-90.11652262799952, 38.61994338379215], [-90.1220789793104, 38.62458499570804], [-90.12763604589804, 38.629226367808045], [-90.13337319363258, 38.629367189437694], [-90.13911038141684, 38.62950773017495], [-90.14484760917111, 38.62964799001386], [-90.15058487681573, 38.629787968948484], [-90.156322184271, 38.62992766697294], [-90.16205953145733, 38.63006708408134], [-90.16779691829495, 38.630206220267794], [-90.17353434470424, 38.6303450755264], [-90.17927181060547, 38.63048364985134], [-90.185009315919, 38.63062194323676], [-90.1907468605651, 38.6307599556768], [-90.1964844444641, 38.63089768716567], [-90.2022220675363, 38.63103513769752], [-90.20795972970198, 38.63117230726659]]}}, {"type": "Feature", "properties": {"route_run_id": "stl_midamerica_to_st_louis_union_station_2026-03-07_0131", "route_pair": "midamerica_to_st_louis_union_station", "route_pair_label": "MidAmerica to St. Louis Union Station", "origin_label": "MidAmerica St. Louis Airport", "destination_label": "St. Louis Union Station", "origin_lat": 38.5451731, "origin_lon": -89.8351856, "destination_lat": 38.629167, "destination_lon": -90.2075, "traffic_date": "2026-03-07", "traffic_dataset": "March 7th - Saturday", "weight_id": "w_0131", "distance_weight": 0.2, "population_weight": 0.1, "traffic_weight": 0.0, "airspace_weight": 0.7, "path_nodes": 68, "path_node_ids": [8877, 8881, 8904, 8922, 8923, 8927, 9145, 10016, 10018, 10062, 10055, 10058, 10094, 10096, 10103, 10104, 10110, 10109, 10291, 10512, 10290, 10513, 10298, 10295, 10296, 10297, 10307, 10305, 10306, 10319, 10321, 10320, 10318, 10211, 10210, 10208, 10209, 10326, 10328, 10322, 10191, 2276, 2518, 2277, 2509, 2287, 2508, 2286, 2298, 2300, 2301, 2307, 2491, 2492, 2818, 2496, 2507, 2506, 2828, 2505, 2809, 2811, 2810, 2728, 2730, 2731, 2729, 2715], "elapsed_seconds": 0.03238940006121993, "status": "success", "failure_reason": "", "route_distance_km": 48.13050890304261, "distance_cost_sum": 52.970737611554924, "population_cost_sum": 17.889506298497306, "traffic_cost_sum": 26.996042089526814, "airspace_cost_sum": 22.6, "total_weighted_score": 28.203098152160724}, "geometry": {"type": "LineString", "coordinates": [[-89.83272609742262, 38.54503213945896], [-89.83252853470323, 38.54953126729425], [-89.83806053424684, 38.55418543772932], [-89.84359324582596, 38.558839373542895], [-89.84912666962028, 38.563493074603095], [-89.85466080580946, 38.568146540778045], [-89.86019565457306, 38.572799771935806], [-89.86573121609086, 38.57745276794444], [-89.87126749054252, 38.58210552867199], [-89.8768044781077, 38.58675805398646], [-89.88234217896623, 38.591410343755804], [-89.8878805932977, 38.59606239784802], [-89.89341972128202, 38.600714216131045], [-89.89895956309883, 38.60536579847276], [-89.90450011892796, 38.61001714474108], [-89.91004138894921, 38.614668254803874], [-89.9155833733424, 38.61931912852895], [-89.92131862594731, 38.619470314708934], [-89.92705392153653, 38.61962122026898], [-89.93278926003055, 38.619771845202735], [-89.93852464134986, 38.619922189503846], [-89.9442600654149, 38.62007225316597], [-89.94999553214618, 38.62022203618278], [-89.95573104146416, 38.620371538547964], [-89.96146659328937, 38.6205207602552], [-89.96720218754218, 38.620669701298226], [-89.97293782414316, 38.62081836167072], [-89.97867350301271, 38.62096674136646], [-89.98440922407127, 38.621114840379136], [-89.99014498723932, 38.62126265870254], [-89.99588079243732, 38.621410196330416], [-90.00161663958568, 38.62155745325657], [-90.00735252860491, 38.621704429474754], [-90.01308845941536, 38.6218511249788], [-90.01882443193752, 38.62199753976251], [-90.0245604460918, 38.62214367381969], [-90.03029650179865, 38.62228952714421], [-90.03603259897847, 38.622435099729884], [-90.04176873755169, 38.622580391570615], [-90.04768956620967, 38.61822542646607], [-90.05360968000618, 38.61387013007287], [-90.0593452273907, 38.61401453341643], [-90.0650808158304, 38.61415865608025], [-90.07081644524574, 38.61430249805824], [-90.07655211555712, 38.614446059344324], [-90.08228782668499, 38.614589339932465], [-90.08802357854981, 38.61473233981663], [-90.09375937107193, 38.61487505899075], [-90.09949520417183, 38.615017497448825], [-90.10505004462816, 38.61965986513943], [-90.11078631613944, 38.61980176485522], [-90.11634226958749, 38.624443634935055], [-90.1220789793104, 38.62458499570804], [-90.12781572923257, 38.62472607564535], [-90.13337319363258, 38.629367189437694], [-90.13911038141684, 38.62950773017495], [-90.14484760917111, 38.62964799001386], [-90.15058487681573, 38.629787968948484], [-90.156322184271, 38.62992766697294], [-90.16205953145733, 38.63006708408134], [-90.16779691829495, 38.630206220267794], [-90.17353434470424, 38.6303450755264], [-90.17927181060547, 38.63048364985134], [-90.185009315919, 38.63062194323676], [-90.1907468605651, 38.6307599556768], [-90.1964844444641, 38.63089768716567], [-90.2022220675363, 38.63103513769752], [-90.20795972970198, 38.63117230726659]]}}, {"type": "Feature", "properties": {"route_run_id": "stl_midamerica_to_st_louis_union_station_2026-03-07_0281", "route_pair": "midamerica_to_st_louis_union_station", "route_pair_label": "MidAmerica to St. Louis Union Station", "origin_label": "MidAmerica St. Louis Airport", "destination_label": "St. Louis Union Station", "origin_lat": 38.5451731, "origin_lon": -89.8351856, "destination_lat": 38.629167, "destination_lon": -90.2075, "traffic_date": "2026-03-07", "traffic_dataset": "March 7th - Saturday", "weight_id": "w_0281", "distance_weight": 0.8, "population_weight": 0.1, "traffic_weight": 0.0, "airspace_weight": 0.1, "path_nodes": 67, "path_node_ids": [8877, 8879, 8896, 8900, 8924, 8930, 10012, 10015, 10019, 10053, 10057, 10054, 10061, 10051, 10049, 10072, 10079, 10284, 10288, 10286, 10289, 10294, 10281, 10292, 10293, 10304, 10303, 10302, 10315, 10316, 10317, 10314, 10207, 10206, 10204, 10205, 10323, 10324, 10322, 10325, 2520, 2521, 2519, 2510, 2512, 2513, 2511, 2302, 2300, 2301, 2307, 2491, 2492, 2818, 2496, 2507, 2506, 2828, 2505, 2809, 2811, 2810, 2728, 2730, 2731, 2729, 2715], "elapsed_seconds": 0.00789850007276982, "status": "success", "failure_reason": "", "route_distance_km": 46.68855540718086, "distance_cost_sum": 51.383774539312654, "population_cost_sum": 19.97466848935391, "traffic_cost_sum": 28.25929839669934, "airspace_cost_sum": 23.2, "total_weighted_score": 45.42448648038552}, "geometry": {"type": "LineString", "coordinates": [[-89.83272609742262, 38.54503213945896], [-89.83825778508921, 38.54968628939868], [-89.84379018463301, 38.55434020475587], [-89.84932329623358, 38.558993885398685], [-89.85485712007056, 38.56364733119524], [-89.86039165632353, 38.56830054201366], [-89.86592690517212, 38.57295351772198], [-89.871462866796, 38.577606258188254], [-89.87699954137483, 38.582258763280514], [-89.88253692908823, 38.586911032866766], [-89.88807503011597, 38.59156306681497], [-89.89380792466403, 38.591715509561276], [-89.89934713930707, 38.59636705177409], [-89.90508047722643, 38.59651895818466], [-89.91081385831642, 38.59667058421835], [-89.91635458673171, 38.60132137816604], [-89.92189602906302, 38.60597193580059], [-89.92743818549003, 38.61062225698987], [-89.93298105619242, 38.615272341601674], [-89.93871608023923, 38.61542266184741], [-89.94445114702152, 38.615572701498955], [-89.95018625645967, 38.61572246055001], [-89.9559214084743, 38.61587193899423], [-89.9616566029858, 38.61602113682532], [-89.96739183991471, 38.61617005403699], [-89.97312711918148, 38.61631869062297], [-89.97886244070665, 38.616467046576965], [-89.9845978044106, 38.61661512189275], [-89.9903332102139, 38.61676291656407], [-89.99606865803695, 38.61691043058469], [-90.00180414780024, 38.61705766394838], [-90.00753967942423, 38.617204616648934], [-90.01327525282936, 38.61735128868017], [-90.01901086793612, 38.61749768003589], [-90.02474652466493, 38.617643790709906], [-90.03048222293627, 38.617789620696094], [-90.03621796267052, 38.617935169988264], [-90.0419537437882, 38.61808043858029], [-90.04768956620967, 38.61822542646607], [-90.05342542985542, 38.61837013363945], [-90.05916133464585, 38.61851456009435], [-90.06489728050143, 38.618658705824664], [-90.07063326734246, 38.618802570824315], [-90.07636929508949, 38.61894615508724], [-90.08210536366288, 38.61908945860739], [-90.087841472983, 38.61923248137871], [-90.09357762297034, 38.61937522339516], [-90.09931381354528, 38.61951768465076], [-90.10505004462816, 38.61965986513943], [-90.11078631613944, 38.61980176485522], [-90.11634226958749, 38.624443634935055], [-90.1220789793104, 38.62458499570804], [-90.12781572923257, 38.62472607564535], [-90.13337319363258, 38.629367189437694], [-90.13911038141684, 38.62950773017495], [-90.14484760917111, 38.62964799001386], [-90.15058487681573, 38.629787968948484], [-90.156322184271, 38.62992766697294], [-90.16205953145733, 38.63006708408134], [-90.16779691829495, 38.630206220267794], [-90.17353434470424, 38.6303450755264], [-90.17927181060547, 38.63048364985134], [-90.185009315919, 38.63062194323676], [-90.1907468605651, 38.6307599556768], [-90.1964844444641, 38.63089768716567], [-90.2022220675363, 38.63103513769752], [-90.20795972970198, 38.63117230726659]]}}, {"type": "Feature", "properties": {"route_run_id": "stl_midamerica_to_st_louis_union_station_2026-03-07_0214", "route_pair": "midamerica_to_st_louis_union_station", "route_pair_label": "MidAmerica to St. Louis Union Station", "origin_label": "MidAmerica St. Louis Airport", "destination_label": "St. Louis Union Station", "origin_lat": 38.5451731, "origin_lon": -89.8351856, "destination_lat": 38.629167, "destination_lon": -90.2075, "traffic_date": "2026-03-07", "traffic_dataset": "March 7th - Saturday", "weight_id": "w_0214", "distance_weight": 0.4, "population_weight": 0.1, "traffic_weight": 0.3, "airspace_weight": 0.2, "path_nodes": 67, "path_node_ids": [8877, 8879, 8896, 8900, 8924, 8930, 10012, 10015, 10019, 10053, 10057, 10054, 10061, 10051, 10049, 10048, 10050, 10253, 10252, 10241, 10240, 10248, 10246, 10247, 10245, 10263, 10265, 10264, 10173, 10174, 10172, 10175, 10195, 10198, 10196, 10197, 10185, 10187, 10186, 10191, 2276, 2521, 2523, 2526, 2542, 2541, 2543, 2533, 2534, 2532, 2535, 2819, 2497, 2818, 2496, 2507, 2506, 2828, 2505, 2809, 2811, 2810, 2728, 2730, 2731, 2729, 2715], "elapsed_seconds": 0.020395999890752137, "status": "success", "failure_reason": "", "route_distance_km": 47.21984539193169, "distance_cost_sum": 51.96849352565406, "population_cost_sum": 25.04991478261837, "traffic_cost_sum": 16.4956660262232, "airspace_cost_sum": 24.4, "total_weighted_score": 33.12108869639042}, "geometry": {"type": "LineString", "coordinates": [[-89.83272609742262, 38.54503213945896], [-89.83825778508921, 38.54968628939868], [-89.84379018463301, 38.55434020475587], [-89.84932329623358, 38.558993885398685], [-89.85485712007056, 38.56364733119524], [-89.86039165632353, 38.56830054201366], [-89.86592690517212, 38.57295351772198], [-89.871462866796, 38.577606258188254], [-89.87699954137483, 38.582258763280514], [-89.88253692908823, 38.586911032866766], [-89.88807503011597, 38.59156306681497], [-89.89380792466403, 38.591715509561276], [-89.89934713930707, 38.59636705177409], [-89.90508047722643, 38.59651895818466], [-89.91081385831642, 38.59667058421835], [-89.91654728249756, 38.596821929868824], [-89.92228074969049, 38.59697299512966], [-89.92801425981584, 38.59712377999449], [-89.93374781279411, 38.597274284457015], [-89.93948140854593, 38.5974245085108], [-89.94521504699188, 38.5975744521496], [-89.95094872805251, 38.59772411536704], [-89.95668245164843, 38.59787349815684], [-89.96241621770018, 38.59802260051268], [-89.96815002612831, 38.59817142242828], [-89.97369475078722, 38.60281965195827], [-89.97942900075623, 38.60296793670464], [-89.98516329287352, 38.603115940947184], [-89.99089762705957, 38.603263664679695], [-89.99663200323492, 38.603411107895916], [-90.00236642132012, 38.60355827058964], [-90.00810088123565, 38.603705152754664], [-90.01383538290203, 38.603851754384785], [-90.01938361507719, 38.6084979478912], [-90.0251185571937, 38.60864401180754], [-90.03085354083264, 38.60878979512565], [-90.03658856591449, 38.60893529783942], [-90.04232363235971, 38.609080519942665], [-90.04805874008878, 38.60922546142931], [-90.05360968000618, 38.61387013007287], [-90.0593452273907, 38.61401453341643], [-90.06489728050143, 38.618658705824664], [-90.07045004853325, 38.62330263938551], [-90.07600353166524, 38.62794633396657], [-90.08155773007638, 38.632589789435436], [-90.08729491224024, 38.63273288088516], [-90.0930321351008, 38.63287569144548], [-90.09876939857845, 38.63301822111036], [-90.10450670259345, 38.633160469873815], [-90.1102440470662, 38.63330243772981], [-90.115981431917, 38.63344412467236], [-90.12171885706623, 38.633585530695484], [-90.12763604589804, 38.629226367808045], [-90.13337319363258, 38.629367189437694], [-90.13911038141684, 38.62950773017495], [-90.14484760917111, 38.62964799001386], [-90.15058487681573, 38.629787968948484], [-90.156322184271, 38.62992766697294], [-90.16205953145733, 38.63006708408134], [-90.16779691829495, 38.630206220267794], [-90.17353434470424, 38.6303450755264], [-90.17927181060547, 38.63048364985134], [-90.185009315919, 38.63062194323676], [-90.1907468605651, 38.6307599556768], [-90.1964844444641, 38.63089768716567], [-90.2022220675363, 38.63103513769752], [-90.20795972970198, 38.63117230726659]]}}, {"type": "Feature", "properties": {"route_run_id": "stl_midamerica_to_st_louis_union_station_2026-03-07_0257", "route_pair": "midamerica_to_st_louis_union_station", "route_pair_label": "MidAmerica to St. Louis Union Station", "origin_label": "MidAmerica St. Louis Airport", "destination_label": "St. Louis Union Station", "origin_lat": 38.5451731, "origin_lon": -89.8351856, "destination_lat": 38.629167, "destination_lon": -90.2075, "traffic_date": "2026-03-07", "traffic_dataset": "March 7th - Saturday", "weight_id": "w_0257", "distance_weight": 0.6, "population_weight": 0.0, "traffic_weight": 0.4, "airspace_weight": 0.0, "path_nodes": 67, "path_node_ids": [8877, 8876, 8868, 8869, 8870, 8867, 9753, 9754, 9755, 9744, 9746, 9747, 9745, 9733, 9721, 9732, 9720, 9915, 9916, 9918, 9917, 9935, 9938, 9939, 9930, 9931, 9928, 9929, 9839, 9841, 9840, 9838, 9828, 9830, 9831, 9829, 9848, 9847, 9849, 9846, 1959, 1958, 1937, 1947, 1944, 1946, 1945, 1954, 1955, 1981, 1984, 2163, 2189, 2193, 2408, 2420, 2424, 2439, 2441, 2456, 2478, 2481, 2402, 2407, 2731, 2729, 2715], "elapsed_seconds": 0.01211960008367896, "status": "success", "failure_reason": "", "route_distance_km": 47.19403889362286, "distance_cost_sum": 51.94009180537839, "population_cost_sum": 24.909746896862146, "traffic_cost_sum": 14.024271655276817, "airspace_cost_sum": 37.6, "total_weighted_score": 36.77376374533776}, "geometry": {"type": "LineString", "coordinates": [[-89.83272609742262, 38.54503213945896], [-89.83845499191484, 38.54518713674757], [-89.84418393041321, 38.54534185422887], [-89.8499129128385, 38.54549629189633], [-89.85564193911159, 38.545650449743434], [-89.86137100915332, 38.54580432776372], [-89.86710012288452, 38.545957925950695], [-89.87282928022606, 38.546111244297876], [-89.8785584810987, 38.54626428279884], [-89.88428772542336, 38.54641704144712], [-89.8900170131208, 38.5465695202363], [-89.89574634411186, 38.54672171915994], [-89.90147571831739, 38.546873638211636], [-89.90739802788026, 38.54252582614685], [-89.91312713232598, 38.54267716120381], [-89.91885627973821, 38.54282821641439], [-89.92458547003774, 38.5429789917722], [-89.93031470314544, 38.543129487270946], [-89.93585286661902, 38.54777927485379], [-89.94158254110822, 38.54792923462347], [-89.94731225817821, 38.548078914470366], [-89.95304201774988, 38.54822831438818], [-89.95858208911035, 38.55287709782697], [-89.96431228957056, 38.553025961699916], [-89.97004253230493, 38.553174545580205], [-89.97577281723424, 38.553322849461594], [-89.9815031442792, 38.55347087333782], [-89.98723351336055, 38.553618617202645], [-89.99296392439905, 38.55376608104985], [-89.99869437731542, 38.55391326487322], [-90.00442487203037, 38.55406016866657], [-90.01015540846471, 38.55420679242369], [-90.01588598653908, 38.55435313613843], [-90.02161660617422, 38.55449919980462], [-90.02734726729088, 38.5546449834161], [-90.03307796980972, 38.5547904869667], [-90.03880871365148, 38.55493571045034], [-90.04453949873692, 38.55508065386086], [-90.05027032498664, 38.555225317192196], [-90.0560011923214, 38.555369700438234], [-90.06173210066189, 38.55551380359289], [-90.0674630499288, 38.55565762665008], [-90.0731940400428, 38.55580116960377], [-90.07892507092458, 38.5559444324479], [-90.08465614249485, 38.556087415176435], [-90.09038725467427, 38.55623011778336], [-90.09611840738349, 38.55637254026264], [-90.1018496005432, 38.5565146826083], [-90.10758083407408, 38.556656544814345], [-90.11313195589696, 38.5612984139155], [-90.11868379073177, 38.56594004394042], [-90.12423633875666, 38.570581434756825], [-90.1297896001498, 38.57522258623241], [-90.13534357508938, 38.579863498234836], [-90.14089826375356, 38.58450417063179], [-90.14645366632062, 38.589144603290876], [-90.15200978296876, 38.5937847960797], [-90.15756661387618, 38.59842474886584], [-90.16312415922121, 38.60306446151687], [-90.16868241918205, 38.60770393390031], [-90.174241393937, 38.61234316588366], [-90.17980108366437, 38.616982157334434], [-90.18536148854245, 38.621620908120065], [-90.19092260874959, 38.626259418108006], [-90.1964844444641, 38.63089768716567], [-90.2022220675363, 38.63103513769752], [-90.20795972970198, 38.63117230726659]]}}, {"type": "Feature", "properties": {"route_run_id": "stl_midamerica_to_st_louis_union_station_2026-03-07_0259", "route_pair": "midamerica_to_st_louis_union_station", "route_pair_label": "MidAmerica to St. Louis Union Station", "origin_label": "MidAmerica St. Louis Airport", "destination_label": "St. Louis Union Station", "origin_lat": 38.5451731, "origin_lon": -89.8351856, "destination_lat": 38.629167, "destination_lon": -90.2075, "traffic_date": "2026-03-07", "traffic_dataset": "March 7th - Saturday", "weight_id": "w_0259", "distance_weight": 0.6, "population_weight": 0.1, "traffic_weight": 0.1, "airspace_weight": 0.2, "path_nodes": 67, "path_node_ids": [8877, 8879, 8896, 8900, 8924, 8930, 10012, 10015, 10019, 10053, 10057, 10054, 10061, 10051, 10049, 10048, 10050, 10253, 10252, 10241, 10240, 10248, 10246, 10247, 10245, 10263, 10265, 10264, 10173, 10174, 10172, 10175, 10195, 10198, 10196, 10197, 10185, 10187, 10186, 10191, 2276, 2518, 2277, 2509, 2287, 2508, 2286, 2298, 2300, 2301, 2307, 2491, 2497, 2818, 2496, 2507, 2506, 2828, 2505, 2809, 2811, 2810, 2728, 2730, 2731, 2729, 2715], "elapsed_seconds": 0.013181000016629696, "status": "success", "failure_reason": "", "route_distance_km": 46.68553550765997, "distance_cost_sum": 51.38045094459528, "population_cost_sum": 24.311562819665184, "traffic_cost_sum": 21.202604591262958, "airspace_cost_sum": 22.6, "total_weighted_score": 39.89968730784998}, "geometry": {"type": "LineString", "coordinates": [[-89.83272609742262, 38.54503213945896], [-89.83825778508921, 38.54968628939868], [-89.84379018463301, 38.55434020475587], [-89.84932329623358, 38.558993885398685], [-89.85485712007056, 38.56364733119524], [-89.86039165632353, 38.56830054201366], [-89.86592690517212, 38.57295351772198], [-89.871462866796, 38.577606258188254], [-89.87699954137483, 38.582258763280514], [-89.88253692908823, 38.586911032866766], [-89.88807503011597, 38.59156306681497], [-89.89380792466403, 38.591715509561276], [-89.89934713930707, 38.59636705177409], [-89.90508047722643, 38.59651895818466], [-89.91081385831642, 38.59667058421835], [-89.91654728249756, 38.596821929868824], [-89.92228074969049, 38.59697299512966], [-89.92801425981584, 38.59712377999449], [-89.93374781279411, 38.597274284457015], [-89.93948140854593, 38.5974245085108], [-89.94521504699188, 38.5975744521496], [-89.95094872805251, 38.59772411536704], [-89.95668245164843, 38.59787349815684], [-89.96241621770018, 38.59802260051268], [-89.96815002612831, 38.59817142242828], [-89.97369475078722, 38.60281965195827], [-89.97942900075623, 38.60296793670464], [-89.98516329287352, 38.603115940947184], [-89.99089762705957, 38.603263664679695], [-89.99663200323492, 38.603411107895916], [-90.00236642132012, 38.60355827058964], [-90.00810088123565, 38.603705152754664], [-90.01383538290203, 38.603851754384785], [-90.01938361507719, 38.6084979478912], [-90.0251185571937, 38.60864401180754], [-90.03085354083264, 38.60878979512565], [-90.03658856591449, 38.60893529783942], [-90.04232363235971, 38.609080519942665], [-90.04805874008878, 38.60922546142931], [-90.05360968000618, 38.61387013007287], [-90.0593452273907, 38.61401453341643], [-90.0650808158304, 38.61415865608025], [-90.07081644524574, 38.61430249805824], [-90.07655211555712, 38.614446059344324], [-90.08228782668499, 38.614589339932465], [-90.08802357854981, 38.61473233981663], [-90.09375937107193, 38.61487505899075], [-90.09949520417183, 38.615017497448825], [-90.10505004462816, 38.61965986513943], [-90.11078631613944, 38.61980176485522], [-90.11634226958749, 38.624443634935055], [-90.1220789793104, 38.62458499570804], [-90.12763604589804, 38.629226367808045], [-90.13337319363258, 38.629367189437694], [-90.13911038141684, 38.62950773017495], [-90.14484760917111, 38.62964799001386], [-90.15058487681573, 38.629787968948484], [-90.156322184271, 38.62992766697294], [-90.16205953145733, 38.63006708408134], [-90.16779691829495, 38.630206220267794], [-90.17353434470424, 38.6303450755264], [-90.17927181060547, 38.63048364985134], [-90.185009315919, 38.63062194323676], [-90.1907468605651, 38.6307599556768], [-90.1964844444641, 38.63089768716567], [-90.2022220675363, 38.63103513769752], [-90.20795972970198, 38.63117230726659]]}}, {"type": "Feature", "properties": {"route_run_id": "stl_midamerica_to_st_louis_union_station_2026-03-07_0185", "route_pair": "midamerica_to_st_louis_union_station", "route_pair_label": "MidAmerica to St. Louis Union Station", "origin_label": "MidAmerica St. Louis Airport", "destination_label": "St. Louis Union Station", "origin_lat": 38.5451731, "origin_lon": -89.8351856, "destination_lat": 38.629167, "destination_lon": -90.2075, "traffic_date": "2026-03-07", "traffic_dataset": "March 7th - Saturday", "weight_id": "w_0185", "distance_weight": 0.3, "population_weight": 0.2, "traffic_weight": 0.2, "airspace_weight": 0.3, "path_nodes": 68, "path_node_ids": [8877, 8881, 8904, 8922, 8923, 8927, 9145, 10016, 10018, 10062, 10055, 10058, 10094, 10096, 10103, 10104, 10110, 10109, 10291, 10512, 10290, 10289, 10294, 10281, 10292, 10293, 10304, 10303, 10270, 10313, 10180, 10312, 10181, 10203, 10200, 10202, 10201, 10189, 10190, 10188, 10191, 2276, 2518, 2519, 2510, 2517, 2515, 2516, 2530, 2534, 2532, 2535, 2826, 2824, 2838, 2827, 2849, 2848, 2850, 2837, 2859, 2858, 2860, 2763, 2762, 2737, 2732, 2715], "elapsed_seconds": 0.02757419995032251, "status": "success", "failure_reason": "", "route_distance_km": 49.73103872962158, "distance_cost_sum": 54.73222419076336, "population_cost_sum": 15.67448389368787, "traffic_cost_sum": 20.851477919139498, "airspace_cost_sum": 23.2, "total_weighted_score": 30.684859619794487}, "geometry": {"type": "LineString", "coordinates": [[-89.83272609742262, 38.54503213945896], [-89.83252853470323, 38.54953126729425], [-89.83806053424684, 38.55418543772932], [-89.84359324582596, 38.558839373542895], [-89.84912666962028, 38.563493074603095], [-89.85466080580946, 38.568146540778045], [-89.86019565457306, 38.572799771935806], [-89.86573121609086, 38.57745276794444], [-89.87126749054252, 38.58210552867199], [-89.8768044781077, 38.58675805398646], [-89.88234217896623, 38.591410343755804], [-89.8878805932977, 38.59606239784802], [-89.89341972128202, 38.600714216131045], [-89.89895956309883, 38.60536579847276], [-89.90450011892796, 38.61001714474108], [-89.91004138894921, 38.614668254803874], [-89.9155833733424, 38.61931912852895], [-89.92131862594731, 38.619470314708934], [-89.92705392153653, 38.61962122026898], [-89.93278926003055, 38.619771845202735], [-89.93852464134986, 38.619922189503846], [-89.94445114702152, 38.615572701498955], [-89.95018625645967, 38.61572246055001], [-89.9559214084743, 38.61587193899423], [-89.9616566029858, 38.61602113682532], [-89.96739183991471, 38.61617005403699], [-89.97312711918148, 38.61631869062297], [-89.97886244070665, 38.616467046576965], [-89.98478634265064, 38.61211539915841], [-89.99052139116867, 38.61226317018054], [-89.99625648169634, 38.61241066059679], [-90.00199161415404, 38.61255787040093], [-90.00772678846238, 38.612704799586744], [-90.01346200454176, 38.612851448148064], [-90.01919726231266, 38.612997816078675], [-90.02493256169556, 38.61314390337241], [-90.03066790261092, 38.61328971002312], [-90.03640328497923, 38.613435236024664], [-90.04213870872088, 38.61358048137086], [-90.04787417375634, 38.61372544605564], [-90.05360968000618, 38.61387013007287], [-90.0593452273907, 38.61401453341643], [-90.0650808158304, 38.61415865608025], [-90.07063326734246, 38.618802570824315], [-90.07636929508949, 38.61894615508724], [-90.08192285989396, 38.62358957308307], [-90.08765932674906, 38.623732618744384], [-90.09339583428118, 38.623875383605984], [-90.09895091075838, 38.62851804648185], [-90.10450670259345, 38.633160469873815], [-90.1102440470662, 38.63330243772981], [-90.115981431917, 38.63344412467236], [-90.12153873562092, 38.63808579191848], [-90.12727655883121, 38.63822693960062], [-90.13283497637043, 38.64286810847808], [-90.13857323774008, 38.64300871669927], [-90.14431153910874, 38.643149043887504], [-90.15004988039681, 38.64328909003685], [-90.15578826152439, 38.64342885514139], [-90.16152668241186, 38.64356833919522], [-90.16726514297947, 38.64370754219247], [-90.17300364314747, 38.64384646412727], [-90.17874218283609, 38.64398510499372], [-90.18448076196563, 38.64412346478601], [-90.19021938045634, 38.644261543498274], [-90.19613354616266, 38.639898793950096], [-90.20204699586435, 38.63553571516044], [-90.20795972970198, 38.63117230726659]]}}, {"type": "Feature", "properties": {"route_run_id": "stl_midamerica_to_st_louis_union_station_2026-03-07_0170", "route_pair": "midamerica_to_st_louis_union_station", "route_pair_label": "MidAmerica to St. Louis Union Station", "origin_label": "MidAmerica St. Louis Airport", "destination_label": "St. Louis Union Station", "origin_lat": 38.5451731, "origin_lon": -89.8351856, "destination_lat": 38.629167, "destination_lon": -90.2075, "traffic_date": "2026-03-07", "traffic_dataset": "March 7th - Saturday", "weight_id": "w_0170", "distance_weight": 0.3, "population_weight": 0.0, "traffic_weight": 0.2, "airspace_weight": 0.5, "path_nodes": 67, "path_node_ids": [8877, 8876, 8892, 8897, 8899, 8926, 9788, 10013, 10014, 10036, 10052, 10054, 10061, 10051, 10049, 10048, 10050, 10253, 10252, 10241, 10240, 10248, 10246, 10247, 10245, 10231, 10229, 10228, 10146, 10144, 10147, 10145, 10157, 10156, 10154, 10155, 10162, 10164, 10119, 10121, 2242, 2243, 2245, 2257, 2280, 2281, 2282, 2293, 2296, 2301, 2303, 2491, 2497, 2818, 2496, 2507, 2506, 2828, 2505, 2809, 2811, 2810, 2728, 2730, 2731, 2729, 2715], "elapsed_seconds": 0.025469199987128377, "status": "success", "failure_reason": "", "route_distance_km": 47.74820486615568, "distance_cost_sum": 52.549987295646794, "population_cost_sum": 28.919399491778442, "traffic_cost_sum": 17.64628027544754, "airspace_cost_sum": 22.6, "total_weighted_score": 30.59425224378355}, "geometry": {"type": "LineString", "coordinates": [[-89.83272609742262, 38.54503213945896], [-89.83845499191484, 38.54518713674757], [-89.84398707949187, 38.54984103165108], [-89.84951987896733, 38.55449469187918], [-89.85505339052077, 38.559148117300026], [-89.86058761433173, 38.563801307781745], [-89.86612255057987, 38.568454263192415], [-89.87165819944471, 38.57310698340007], [-89.87719456110594, 38.577759468272795], [-89.88273163574308, 38.582411717678575], [-89.88826942353593, 38.58706373148541], [-89.89380792466403, 38.591715509561276], [-89.89934713930707, 38.59636705177409], [-89.90508047722643, 38.59651895818466], [-89.91081385831642, 38.59667058421835], [-89.91654728249756, 38.596821929868824], [-89.92228074969049, 38.59697299512966], [-89.92801425981584, 38.59712377999449], [-89.93374781279411, 38.597274284457015], [-89.93948140854593, 38.5974245085108], [-89.94521504699188, 38.5975744521496], [-89.95094872805251, 38.59772411536704], [-89.95668245164843, 38.59787349815684], [-89.96241621770018, 38.59802260051268], [-89.96815002612831, 38.59817142242828], [-89.9738838768534, 38.59831996389739], [-89.97980649669776, 38.593968508873274], [-89.98554007482124, 38.594116465748236], [-89.99127369499321, 38.59426414220273], [-89.99700735713421, 38.594411538230524], [-90.00274106116477, 38.59455865382544], [-90.00847480700546, 38.59470548898121], [-90.01420859457684, 38.5948520436917], [-90.01994242379944, 38.594998317950704], [-90.02567629459381, 38.59514431175206], [-90.03141020688051, 38.59529002508962], [-90.03714416058007, 38.595435457957215], [-90.04287815561301, 38.59558061034875], [-90.04879659347476, 38.591225480771406], [-90.05453031393769, 38.591370049050525], [-90.06026407548569, 38.59151433688004], [-90.06599787803927, 38.59165834425389], [-90.07154874799711, 38.59630216495158], [-90.07710033210058, 38.60094574690646], [-90.08265263052834, 38.605589089986196], [-90.08838766772114, 38.60573204410446], [-90.09394107859575, 38.61037489039303], [-90.09967655430022, 38.61051730605643], [-90.10523107776994, 38.61515965518486], [-90.11078631613944, 38.61980176485522], [-90.11652262799952, 38.61994338379215], [-90.1220789793104, 38.62458499570804], [-90.12763604589804, 38.629226367808045], [-90.13337319363258, 38.629367189437694], [-90.13911038141684, 38.62950773017495], [-90.14484760917111, 38.62964799001386], [-90.15058487681573, 38.629787968948484], [-90.156322184271, 38.62992766697294], [-90.16205953145733, 38.63006708408134], [-90.16779691829495, 38.630206220267794], [-90.17353434470424, 38.6303450755264], [-90.17927181060547, 38.63048364985134], [-90.185009315919, 38.63062194323676], [-90.1907468605651, 38.6307599556768], [-90.1964844444641, 38.63089768716567], [-90.2022220675363, 38.63103513769752], [-90.20795972970198, 38.63117230726659]]}}, {"type": "Feature", "properties": {"route_run_id": "stl_midamerica_to_st_louis_union_station_2026-03-07_0218", "route_pair": "midamerica_to_st_louis_union_station", "route_pair_label": "MidAmerica to St. Louis Union Station", "origin_label": "MidAmerica St. Louis Airport", "destination_label": "St. Louis Union Station", "origin_lat": 38.5451731, "origin_lon": -89.8351856, "destination_lat": 38.629167, "destination_lon": -90.2075, "traffic_date": "2026-03-07", "traffic_dataset": "March 7th - Saturday", "weight_id": "w_0218", "distance_weight": 0.4, "population_weight": 0.2, "traffic_weight": 0.1, "airspace_weight": 0.3, "path_nodes": 68, "path_node_ids": [8877, 8881, 8904, 8922, 8923, 8927, 9145, 10016, 10018, 10062, 10055, 10058, 10094, 10096, 10103, 10104, 10110, 10109, 10291, 10512, 10290, 10289, 10294, 10281, 10292, 10293, 10304, 10303, 10270, 10313, 10180, 10312, 10181, 10203, 10200, 10202, 10201, 10189, 10190, 10188, 10191, 2276, 2518, 2277, 2509, 2287, 2508, 2286, 2298, 2300, 2301, 2307, 2491, 2497, 2818, 2496, 2507, 2506, 2828, 2505, 2809, 2811, 2810, 2728, 2730, 2731, 2729, 2715], "elapsed_seconds": 0.020289800013415515, "status": "success", "failure_reason": "", "route_distance_km": 48.129301293259026, "distance_cost_sum": 52.96940855889289, "population_cost_sum": 18.054027013120276, "traffic_cost_sum": 23.618748639720312, "airspace_cost_sum": 22.6, "total_weighted_score": 33.940443690153245}, "geometry": {"type": "LineString", "coordinates": [[-89.83272609742262, 38.54503213945896], [-89.83252853470323, 38.54953126729425], [-89.83806053424684, 38.55418543772932], [-89.84359324582596, 38.558839373542895], [-89.84912666962028, 38.563493074603095], [-89.85466080580946, 38.568146540778045], [-89.86019565457306, 38.572799771935806], [-89.86573121609086, 38.57745276794444], [-89.87126749054252, 38.58210552867199], [-89.8768044781077, 38.58675805398646], [-89.88234217896623, 38.591410343755804], [-89.8878805932977, 38.59606239784802], [-89.89341972128202, 38.600714216131045], [-89.89895956309883, 38.60536579847276], [-89.90450011892796, 38.61001714474108], [-89.91004138894921, 38.614668254803874], [-89.9155833733424, 38.61931912852895], [-89.92131862594731, 38.619470314708934], [-89.92705392153653, 38.61962122026898], [-89.93278926003055, 38.619771845202735], [-89.93852464134986, 38.619922189503846], [-89.94445114702152, 38.615572701498955], [-89.95018625645967, 38.61572246055001], [-89.9559214084743, 38.61587193899423], [-89.9616566029858, 38.61602113682532], [-89.96739183991471, 38.61617005403699], [-89.97312711918148, 38.61631869062297], [-89.97886244070665, 38.616467046576965], [-89.98478634265064, 38.61211539915841], [-89.99052139116867, 38.61226317018054], [-89.99625648169634, 38.61241066059679], [-90.00199161415404, 38.61255787040093], [-90.00772678846238, 38.612704799586744], [-90.01346200454176, 38.612851448148064], [-90.01919726231266, 38.612997816078675], [-90.02493256169556, 38.61314390337241], [-90.03066790261092, 38.61328971002312], [-90.03640328497923, 38.613435236024664], [-90.04213870872088, 38.61358048137086], [-90.04787417375634, 38.61372544605564], [-90.05360968000618, 38.61387013007287], [-90.0593452273907, 38.61401453341643], [-90.0650808158304, 38.61415865608025], [-90.07081644524574, 38.61430249805824], [-90.07655211555712, 38.614446059344324], [-90.08228782668499, 38.614589339932465], [-90.08802357854981, 38.61473233981663], [-90.09375937107193, 38.61487505899075], [-90.09949520417183, 38.615017497448825], [-90.10505004462816, 38.61965986513943], [-90.11078631613944, 38.61980176485522], [-90.11634226958749, 38.624443634935055], [-90.1220789793104, 38.62458499570804], [-90.12763604589804, 38.629226367808045], [-90.13337319363258, 38.629367189437694], [-90.13911038141684, 38.62950773017495], [-90.14484760917111, 38.62964799001386], [-90.15058487681573, 38.629787968948484], [-90.156322184271, 38.62992766697294], [-90.16205953145733, 38.63006708408134], [-90.16779691829495, 38.630206220267794], [-90.17353434470424, 38.6303450755264], [-90.17927181060547, 38.63048364985134], [-90.185009315919, 38.63062194323676], [-90.1907468605651, 38.6307599556768], [-90.1964844444641, 38.63089768716567], [-90.2022220675363, 38.63103513769752], [-90.20795972970198, 38.63117230726659]]}}, {"type": "Feature", "properties": {"route_run_id": "stl_midamerica_to_st_louis_union_station_2026-03-07_0123", "route_pair": "midamerica_to_st_louis_union_station", "route_pair_label": "MidAmerica to St. Louis Union Station", "origin_label": "MidAmerica St. Louis Airport", "destination_label": "St. Louis Union Station", "origin_lat": 38.5451731, "origin_lon": -89.8351856, "destination_lat": 38.629167, "destination_lon": -90.2075, "traffic_date": "2026-03-07", "traffic_dataset": "March 7th - Saturday", "weight_id": "w_0123", "distance_weight": 0.2, "population_weight": 0.0, "traffic_weight": 0.1, "airspace_weight": 0.7, "path_nodes": 67, "path_node_ids": [8877, 8876, 8892, 8897, 8899, 8926, 9788, 10013, 10014, 10036, 10052, 10054, 10061, 10051, 10049, 10048, 10050, 10253, 10252, 10241, 10240, 10248, 10246, 10247, 10245, 10231, 10230, 10262, 10150, 10148, 10149, 10151, 10161, 10159, 10158, 10160, 10166, 10168, 10167, 10169, 2244, 2246, 2245, 2257, 2280, 2281, 2282, 2293, 2296, 2301, 2303, 2491, 2497, 2818, 2496, 2507, 2506, 2828, 2505, 2809, 2811, 2810, 2728, 2730, 2731, 2729, 2715], "elapsed_seconds": 0.03170019993558526, "status": "success", "failure_reason": "", "route_distance_km": 47.21617334139707, "distance_cost_sum": 51.96445219657198, "population_cost_sum": 29.54354548042971, "traffic_cost_sum": 18.62119519936071, "airspace_cost_sum": 22.6, "total_weighted_score": 28.075009959250476}, "geometry": {"type": "LineString", "coordinates": [[-89.83272609742262, 38.54503213945896], [-89.83845499191484, 38.54518713674757], [-89.84398707949187, 38.54984103165108], [-89.84951987896733, 38.55449469187918], [-89.85505339052077, 38.559148117300026], [-89.86058761433173, 38.563801307781745], [-89.86612255057987, 38.568454263192415], [-89.87165819944471, 38.57310698340007], [-89.87719456110594, 38.577759468272795], [-89.88273163574308, 38.582411717678575], [-89.88826942353593, 38.58706373148541], [-89.89380792466403, 38.591715509561276], [-89.89934713930707, 38.59636705177409], [-89.90508047722643, 38.59651895818466], [-89.91081385831642, 38.59667058421835], [-89.91654728249756, 38.596821929868824], [-89.92228074969049, 38.59697299512966], [-89.92801425981584, 38.59712377999449], [-89.93374781279411, 38.597274284457015], [-89.93948140854593, 38.5974245085108], [-89.94521504699188, 38.5975744521496], [-89.95094872805251, 38.59772411536704], [-89.95668245164843, 38.59787349815684], [-89.96241621770018, 38.59802260051268], [-89.96815002612831, 38.59817142242828], [-89.9738838768534, 38.59831996389739], [-89.97961776979602, 38.59846822491371], [-89.98535170487666, 38.59861620547102], [-89.99108568201598, 38.59876390556306], [-89.99681970113441, 38.59891132518362], [-90.00255376215256, 38.59905846432648], [-90.00828786499093, 38.59920532298544], [-90.01402200957008, 38.5993519011543], [-90.01975619581054, 38.599498198826886], [-90.02549042363282, 38.599644215997024], [-90.03122469295744, 38.59978995265856], [-90.03695900370492, 38.599935408805365], [-90.0426933557958, 38.60008058443128], [-90.04842774915056, 38.600225479530216], [-90.05416218368977, 38.60037009409603], [-90.06008038791752, 38.59601438460579], [-90.06581454748931, 38.596158415031965], [-90.07154874799711, 38.59630216495158], [-90.07710033210058, 38.60094574690646], [-90.08265263052834, 38.605589089986196], [-90.08838766772114, 38.60573204410446], [-90.09394107859575, 38.61037489039303], [-90.09967655430022, 38.61051730605643], [-90.10523107776994, 38.61515965518486], [-90.11078631613944, 38.61980176485522], [-90.11652262799952, 38.61994338379215], [-90.1220789793104, 38.62458499570804], [-90.12763604589804, 38.629226367808045], [-90.13337319363258, 38.629367189437694], [-90.13911038141684, 38.62950773017495], [-90.14484760917111, 38.62964799001386], [-90.15058487681573, 38.629787968948484], [-90.156322184271, 38.62992766697294], [-90.16205953145733, 38.63006708408134], [-90.16779691829495, 38.630206220267794], [-90.17353434470424, 38.6303450755264], [-90.17927181060547, 38.63048364985134], [-90.185009315919, 38.63062194323676], [-90.1907468605651, 38.6307599556768], [-90.1964844444641, 38.63089768716567], [-90.2022220675363, 38.63103513769752], [-90.20795972970198, 38.63117230726659]]}}, {"type": "Feature", "properties": {"route_run_id": "stl_midamerica_to_st_louis_union_station_2026-03-07_0077", "route_pair": "midamerica_to_st_louis_union_station", "route_pair_label": "MidAmerica to St. Louis Union Station", "origin_label": "MidAmerica St. Louis Airport", "destination_label": "St. Louis Union Station", "origin_lat": 38.5451731, "origin_lon": -89.8351856, "destination_lat": 38.629167, "destination_lon": -90.2075, "traffic_date": "2026-03-07", "traffic_dataset": "March 7th - Saturday", "weight_id": "w_0077", "distance_weight": 0.1, "population_weight": 0.1, "traffic_weight": 0.0, "airspace_weight": 0.8, "path_nodes": 68, "path_node_ids": [8877, 8881, 8904, 8922, 8923, 8927, 9145, 10016, 10018, 10062, 10055, 10058, 10094, 10096, 10103, 10104, 10110, 10109, 10516, 10515, 10514, 10517, 10522, 10299, 10300, 10301, 10309, 10308, 10310, 10343, 10345, 10344, 10342, 10355, 10210, 10208, 10209, 10326, 10328, 10322, 10191, 2276, 2518, 2277, 2509, 2287, 2508, 2286, 2298, 2300, 2301, 2307, 2495, 2820, 2823, 2827, 2849, 2848, 2850, 2837, 2859, 2858, 2860, 2763, 2762, 2737, 2732, 2715], "elapsed_seconds": 0.04109249997418374, "status": "success", "failure_reason": "", "route_distance_km": 50.26499556893611, "distance_cost_sum": 55.319878223015614, "population_cost_sum": 14.392523489752, "traffic_cost_sum": 28.692281394678965, "airspace_cost_sum": 22.6, "total_weighted_score": 25.05124017127677}, "geometry": {"type": "LineString", "coordinates": [[-89.83272609742262, 38.54503213945896], [-89.83252853470323, 38.54953126729425], [-89.83806053424684, 38.55418543772932], [-89.84359324582596, 38.558839373542895], [-89.84912666962028, 38.563493074603095], [-89.85466080580946, 38.568146540778045], [-89.86019565457306, 38.572799771935806], [-89.86573121609086, 38.57745276794444], [-89.87126749054252, 38.58210552867199], [-89.8768044781077, 38.58675805398646], [-89.88234217896623, 38.591410343755804], [-89.8878805932977, 38.59606239784802], [-89.89341972128202, 38.600714216131045], [-89.89895956309883, 38.60536579847276], [-89.90450011892796, 38.61001714474108], [-89.91004138894921, 38.614668254803874], [-89.9155833733424, 38.61931912852895], [-89.92131862594731, 38.619470314708934], [-89.9268617252078, 38.624120695492145], [-89.93259742104341, 38.62427134452904], [-89.93833315971467, 38.6244217128885], [-89.94406894114202, 38.62457180056415], [-89.94980476524591, 38.62472160754967], [-89.95554063194687, 38.62487113383877], [-89.96127654116528, 38.62502037942509], [-89.96701249282155, 38.625169344302385], [-89.97274848683627, 38.62531802846435], [-89.97848452312972, 38.62546643190471], [-89.98422060162243, 38.625614554617215], [-89.98995672223481, 38.62576239659562], [-89.9956928848873, 38.625909957833684], [-90.00142908950032, 38.62605723832518], [-90.00716533599429, 38.6262042380639], [-90.01290162428964, 38.62635095704363], [-90.01882443193752, 38.62199753976251], [-90.0245604460918, 38.62214367381969], [-90.03029650179865, 38.62228952714421], [-90.03603259897847, 38.622435099729884], [-90.04176873755169, 38.622580391570615], [-90.04768956620967, 38.61822542646607], [-90.05360968000618, 38.61387013007287], [-90.0593452273907, 38.61401453341643], [-90.0650808158304, 38.61415865608025], [-90.07081644524574, 38.61430249805824], [-90.07655211555712, 38.614446059344324], [-90.08228782668499, 38.614589339932465], [-90.08802357854981, 38.61473233981663], [-90.09375937107193, 38.61487505899075], [-90.09949520417183, 38.615017497448825], [-90.10505004462816, 38.61965986513943], [-90.11078631613944, 38.61980176485522], [-90.11634226958749, 38.624443634935055], [-90.12189893829279, 38.62908526529191], [-90.12745632243416, 38.63372665579325], [-90.13301442219031, 38.63836780630655], [-90.13857323774008, 38.64300871669927], [-90.14431153910874, 38.643149043887504], [-90.15004988039681, 38.64328909003685], [-90.15578826152439, 38.64342885514139], [-90.16152668241186, 38.64356833919522], [-90.16726514297947, 38.64370754219247], [-90.17300364314747, 38.64384646412727], [-90.17874218283609, 38.64398510499372], [-90.18448076196563, 38.64412346478601], [-90.19021938045634, 38.644261543498274], [-90.19613354616266, 38.639898793950096], [-90.20204699586435, 38.63553571516044], [-90.20795972970198, 38.63117230726659]]}}, {"type": "Feature", "properties": {"route_run_id": "stl_midamerica_to_st_louis_union_station_2026-03-07_0275", "route_pair": "midamerica_to_st_louis_union_station", "route_pair_label": "MidAmerica to St. Louis Union Station", "origin_label": "MidAmerica St. Louis Airport", "destination_label": "St. Louis Union Station", "origin_lat": 38.5451731, "origin_lon": -89.8351856, "destination_lat": 38.629167, "destination_lon": -90.2075, "traffic_date": "2026-03-07", "traffic_dataset": "March 7th - Saturday", "weight_id": "w_0275", "distance_weight": 0.7, "population_weight": 0.2, "traffic_weight": 0.0, "airspace_weight": 0.1, "path_nodes": 67, "path_node_ids": [8877, 8879, 8896, 8900, 8924, 8930, 10012, 10015, 10019, 10053, 10057, 10054, 10061, 10051, 10049, 10072, 10079, 10284, 10288, 10286, 10289, 10294, 10281, 10292, 10293, 10304, 10303, 10302, 10315, 10316, 10317, 10314, 10207, 10206, 10204, 10205, 10323, 10324, 10322, 10325, 2520, 2521, 2519, 2510, 2512, 2513, 2511, 2302, 2300, 2301, 2307, 2491, 2492, 2818, 2496, 2507, 2506, 2828, 2505, 2809, 2811, 2810, 2728, 2730, 2731, 2729, 2715], "elapsed_seconds": 0.010274300002492964, "status": "success", "failure_reason": "", "route_distance_km": 46.68855540718086, "distance_cost_sum": 51.383774539312654, "population_cost_sum": 19.97466848935391, "traffic_cost_sum": 28.25929839669934, "airspace_cost_sum": 23.2, "total_weighted_score": 42.28357587538964}, "geometry": {"type": "LineString", "coordinates": [[-89.83272609742262, 38.54503213945896], [-89.83825778508921, 38.54968628939868], [-89.84379018463301, 38.55434020475587], [-89.84932329623358, 38.558993885398685], [-89.85485712007056, 38.56364733119524], [-89.86039165632353, 38.56830054201366], [-89.86592690517212, 38.57295351772198], [-89.871462866796, 38.577606258188254], [-89.87699954137483, 38.582258763280514], [-89.88253692908823, 38.586911032866766], [-89.88807503011597, 38.59156306681497], [-89.89380792466403, 38.591715509561276], [-89.89934713930707, 38.59636705177409], [-89.90508047722643, 38.59651895818466], [-89.91081385831642, 38.59667058421835], [-89.91635458673171, 38.60132137816604], [-89.92189602906302, 38.60597193580059], [-89.92743818549003, 38.61062225698987], [-89.93298105619242, 38.615272341601674], [-89.93871608023923, 38.61542266184741], [-89.94445114702152, 38.615572701498955], [-89.95018625645967, 38.61572246055001], [-89.9559214084743, 38.61587193899423], [-89.9616566029858, 38.61602113682532], [-89.96739183991471, 38.61617005403699], [-89.97312711918148, 38.61631869062297], [-89.97886244070665, 38.616467046576965], [-89.9845978044106, 38.61661512189275], [-89.9903332102139, 38.61676291656407], [-89.99606865803695, 38.61691043058469], [-90.00180414780024, 38.61705766394838], [-90.00753967942423, 38.617204616648934], [-90.01327525282936, 38.61735128868017], [-90.01901086793612, 38.61749768003589], [-90.02474652466493, 38.617643790709906], [-90.03048222293627, 38.617789620696094], [-90.03621796267052, 38.617935169988264], [-90.0419537437882, 38.61808043858029], [-90.04768956620967, 38.61822542646607], [-90.05342542985542, 38.61837013363945], [-90.05916133464585, 38.61851456009435], [-90.06489728050143, 38.618658705824664], [-90.07063326734246, 38.618802570824315], [-90.07636929508949, 38.61894615508724], [-90.08210536366288, 38.61908945860739], [-90.087841472983, 38.61923248137871], [-90.09357762297034, 38.61937522339516], [-90.09931381354528, 38.61951768465076], [-90.10505004462816, 38.61965986513943], [-90.11078631613944, 38.61980176485522], [-90.11634226958749, 38.624443634935055], [-90.1220789793104, 38.62458499570804], [-90.12781572923257, 38.62472607564535], [-90.13337319363258, 38.629367189437694], [-90.13911038141684, 38.62950773017495], [-90.14484760917111, 38.62964799001386], [-90.15058487681573, 38.629787968948484], [-90.156322184271, 38.62992766697294], [-90.16205953145733, 38.63006708408134], [-90.16779691829495, 38.630206220267794], [-90.17353434470424, 38.6303450755264], [-90.17927181060547, 38.63048364985134], [-90.185009315919, 38.63062194323676], [-90.1907468605651, 38.6307599556768], [-90.1964844444641, 38.63089768716567], [-90.2022220675363, 38.63103513769752], [-90.20795972970198, 38.63117230726659]]}}, {"type": "Feature", "properties": {"route_run_id": "stl_midamerica_to_st_louis_union_station_2026-03-07_0172", "route_pair": "midamerica_to_st_louis_union_station", "route_pair_label": "MidAmerica to St. Louis Union Station", "origin_label": "MidAmerica St. Louis Airport", "destination_label": "St. Louis Union Station", "origin_lat": 38.5451731, "origin_lon": -89.8351856, "destination_lat": 38.629167, "destination_lon": -90.2075, "traffic_date": "2026-03-07", "traffic_dataset": "March 7th - Saturday", "weight_id": "w_0172", "distance_weight": 0.3, "population_weight": 0.0, "traffic_weight": 0.4, "airspace_weight": 0.3, "path_nodes": 67, "path_node_ids": [8877, 8876, 8892, 8897, 8899, 8926, 9788, 10013, 10014, 10036, 10052, 10054, 10061, 10051, 10049, 10048, 10050, 10253, 10252, 10241, 10240, 10248, 10246, 10247, 10245, 10263, 10265, 10264, 10173, 10174, 10172, 10175, 10195, 10198, 10202, 10197, 10185, 10187, 10186, 10191, 2276, 2521, 2523, 2526, 2542, 2541, 2543, 2533, 2534, 2532, 2535, 2819, 2497, 2818, 2496, 2507, 2506, 2828, 2505, 2809, 2811, 2810, 2728, 2730, 2731, 2729, 2715], "elapsed_seconds": 0.02548349997960031, "status": "success", "failure_reason": "", "route_distance_km": 47.75238873608906, "distance_cost_sum": 52.55459191507618, "population_cost_sum": 25.304533334640336, "traffic_cost_sum": 15.873116859608183, "airspace_cost_sum": 24.4, "total_weighted_score": 29.43562431836613}, "geometry": {"type": "LineString", "coordinates": [[-89.83272609742262, 38.54503213945896], [-89.83845499191484, 38.54518713674757], [-89.84398707949187, 38.54984103165108], [-89.84951987896733, 38.55449469187918], [-89.85505339052077, 38.559148117300026], [-89.86058761433173, 38.563801307781745], [-89.86612255057987, 38.568454263192415], [-89.87165819944471, 38.57310698340007], [-89.87719456110594, 38.577759468272795], [-89.88273163574308, 38.582411717678575], [-89.88826942353593, 38.58706373148541], [-89.89380792466403, 38.591715509561276], [-89.89934713930707, 38.59636705177409], [-89.90508047722643, 38.59651895818466], [-89.91081385831642, 38.59667058421835], [-89.91654728249756, 38.596821929868824], [-89.92228074969049, 38.59697299512966], [-89.92801425981584, 38.59712377999449], [-89.93374781279411, 38.597274284457015], [-89.93948140854593, 38.5974245085108], [-89.94521504699188, 38.5975744521496], [-89.95094872805251, 38.59772411536704], [-89.95668245164843, 38.59787349815684], [-89.96241621770018, 38.59802260051268], [-89.96815002612831, 38.59817142242828], [-89.97369475078722, 38.60281965195827], [-89.97942900075623, 38.60296793670464], [-89.98516329287352, 38.603115940947184], [-89.99089762705957, 38.603263664679695], [-89.99663200323492, 38.603411107895916], [-90.00236642132012, 38.60355827058964], [-90.00810088123565, 38.603705152754664], [-90.01383538290203, 38.603851754384785], [-90.01938361507719, 38.6084979478912], [-90.02493256169556, 38.61314390337241], [-90.03085354083264, 38.60878979512565], [-90.03658856591449, 38.60893529783942], [-90.04232363235971, 38.609080519942665], [-90.04805874008878, 38.60922546142931], [-90.05360968000618, 38.61387013007287], [-90.0593452273907, 38.61401453341643], [-90.06489728050143, 38.618658705824664], [-90.07045004853325, 38.62330263938551], [-90.07600353166524, 38.62794633396657], [-90.08155773007638, 38.632589789435436], [-90.08729491224024, 38.63273288088516], [-90.0930321351008, 38.63287569144548], [-90.09876939857845, 38.63301822111036], [-90.10450670259345, 38.633160469873815], [-90.1102440470662, 38.63330243772981], [-90.115981431917, 38.63344412467236], [-90.12171885706623, 38.633585530695484], [-90.12763604589804, 38.629226367808045], [-90.13337319363258, 38.629367189437694], [-90.13911038141684, 38.62950773017495], [-90.14484760917111, 38.62964799001386], [-90.15058487681573, 38.629787968948484], [-90.156322184271, 38.62992766697294], [-90.16205953145733, 38.63006708408134], [-90.16779691829495, 38.630206220267794], [-90.17353434470424, 38.6303450755264], [-90.17927181060547, 38.63048364985134], [-90.185009315919, 38.63062194323676], [-90.1907468605651, 38.6307599556768], [-90.1964844444641, 38.63089768716567], [-90.2022220675363, 38.63103513769752], [-90.20795972970198, 38.63117230726659]]}}, {"type": "Feature", "properties": {"route_run_id": "stl_midamerica_to_st_louis_union_station_2026-03-07_0242", "route_pair": "midamerica_to_st_louis_union_station", "route_pair_label": "MidAmerica to St. Louis Union Station", "origin_label": "MidAmerica St. Louis Airport", "destination_label": "St. Louis Union Station", "origin_lat": 38.5451731, "origin_lon": -89.8351856, "destination_lat": 38.629167, "destination_lon": -90.2075, "traffic_date": "2026-03-07", "traffic_dataset": "March 7th - Saturday", "weight_id": "w_0242", "distance_weight": 0.5, "population_weight": 0.1, "traffic_weight": 0.4, "airspace_weight": 0.0, "path_nodes": 67, "path_node_ids": [8877, 8876, 8868, 8869, 8870, 8867, 9753, 9754, 9755, 9744, 9746, 9747, 9745, 9733, 9721, 9732, 9717, 7794, 7793, 7795, 9914, 9932, 7806, 9936, 9926, 9927, 9924, 9925, 9835, 9837, 9836, 9838, 9855, 9853, 9854, 9852, 9850, 9851, 9863, 9862, 1962, 1961, 1960, 1968, 1969, 1971, 1970, 1978, 1980, 1981, 1979, 2159, 2166, 2188, 2192, 2418, 2422, 2425, 2427, 2453, 2455, 2457, 2376, 2399, 2401, 2404, 2715], "elapsed_seconds": 0.015641699894331396, "status": "success", "failure_reason": "", "route_distance_km": 47.725648457601245, "distance_cost_sum": 52.525162509326655, "population_cost_sum": 19.17490037719909, "traffic_cost_sum": 14.122421072356538, "airspace_cost_sum": 38.0, "total_weighted_score": 33.82903972132585}, "geometry": {"type": "LineString", "coordinates": [[-89.83272609742262, 38.54503213945896], [-89.83845499191484, 38.54518713674757], [-89.84418393041321, 38.54534185422887], [-89.8499129128385, 38.54549629189633], [-89.85564193911159, 38.545650449743434], [-89.86137100915332, 38.54580432776372], [-89.86710012288452, 38.545957925950695], [-89.87282928022606, 38.546111244297876], [-89.8785584810987, 38.54626428279884], [-89.88428772542336, 38.54641704144712], [-89.8900170131208, 38.5465695202363], [-89.89574634411186, 38.54672171915994], [-89.90147571831739, 38.546873638211636], [-89.90739802788026, 38.54252582614685], [-89.91312713232598, 38.54267716120381], [-89.91885627973821, 38.54282821641439], [-89.9247772515673, 38.53847946369838], [-89.93050612877201, 38.5386299351025], [-89.93623504869535, 38.538780126685914], [-89.94196401125822, 38.538930038442274], [-89.94750265852547, 38.54357929454928], [-89.9532320620738, 38.543728670548404], [-89.9589615080343, 38.543877766656834], [-89.96450166408115, 38.54852627441138], [-89.97023155068236, 38.54867483450422], [-89.9759614794683, 38.54882311464288], [-89.9816914503597, 38.548971114821086], [-89.98742146327739, 38.54911883503266], [-89.99315151814207, 38.549266275271336], [-89.99888161487452, 38.549413435530916], [-90.0046117533955, 38.549560315805195], [-90.01015540846471, 38.55420679242369], [-90.0156997760314, 38.558853031674964], [-90.02143075196999, 38.55899911872885], [-90.0271617694001, 38.55914492568329], [-90.03289282824241, 38.5592904525321], [-90.0386239284176, 38.5594356992692], [-90.04435506984643, 38.55958066588843], [-90.0500862524495, 38.5597253523837], [-90.05581747614751, 38.55986975874894], [-90.06154874086116, 38.56001388497803], [-90.0672800465111, 38.56015773106491], [-90.073011393018, 38.560301297003505], [-90.07874278030255, 38.56044458278779], [-90.08447420828541, 38.56058758841172], [-90.09020567688721, 38.56073031386926], [-90.09593718602859, 38.5608727591544], [-90.10166873563026, 38.56101492426115], [-90.10740032561284, 38.561156809183515], [-90.11313195589696, 38.5612984139155], [-90.11886362640328, 38.561439738451156], [-90.12441585794114, 38.56608111085856], [-90.12996880268844, 38.57072224396472], [-90.13552246082332, 38.57536313763731], [-90.14107683252396, 38.580003791744], [-90.14663191796852, 38.58464420615243], [-90.15218771733517, 38.589284380730234], [-90.15774423080212, 38.593924315345014], [-90.16330145854758, 38.59856400986431], [-90.16885940074975, 38.60320346415569], [-90.17441805758689, 38.60784267808668], [-90.17997742923725, 38.612481651524796], [-90.18553751587909, 38.6171203843375], [-90.19127398739786, 38.61725833052981], [-90.19683518607279, 38.62189656380297], [-90.20239710011477, 38.62653455609276], [-90.20795972970198, 38.63117230726659]]}}, {"type": "Feature", "properties": {"route_run_id": "stl_midamerica_to_st_louis_union_station_2026-03-07_0168", "route_pair": "midamerica_to_st_louis_union_station", "route_pair_label": "MidAmerica to St. Louis Union Station", "origin_label": "MidAmerica St. Louis Airport", "destination_label": "St. Louis Union Station", "origin_lat": 38.5451731, "origin_lon": -89.8351856, "destination_lat": 38.629167, "destination_lon": -90.2075, "traffic_date": "2026-03-07", "traffic_dataset": "March 7th - Saturday", "weight_id": "w_0168", "distance_weight": 0.3, "population_weight": 0.0, "traffic_weight": 0.0, "airspace_weight": 0.7, "path_nodes": 67, "path_node_ids": [8877, 8876, 8892, 8897, 8899, 8926, 9788, 10013, 10014, 10036, 10052, 10054, 10061, 10051, 10049, 10048, 10050, 10253, 10252, 10241, 10240, 10248, 10246, 10247, 10245, 10231, 10230, 10262, 10150, 10148, 10149, 10151, 10161, 10159, 10158, 10160, 10166, 10168, 10167, 10169, 2247, 2269, 2268, 2257, 2256, 2254, 2279, 2293, 2296, 2301, 2303, 2491, 2492, 2818, 2496, 2507, 2506, 2828, 2505, 2809, 2811, 2810, 2728, 2730, 2731, 2729, 2715], "elapsed_seconds": 0.0240211000200361, "status": "success", "failure_reason": "", "route_distance_km": 46.683328700980354, "distance_cost_sum": 51.37802221113185, "population_cost_sum": 29.474393947782595, "traffic_cost_sum": 21.16368640132933, "airspace_cost_sum": 22.6, "total_weighted_score": 31.23340666333956}, "geometry": {"type": "LineString", "coordinates": [[-89.83272609742262, 38.54503213945896], [-89.83845499191484, 38.54518713674757], [-89.84398707949187, 38.54984103165108], [-89.84951987896733, 38.55449469187918], [-89.85505339052077, 38.559148117300026], [-89.86058761433173, 38.563801307781745], [-89.86612255057987, 38.568454263192415], [-89.87165819944471, 38.57310698340007], [-89.87719456110594, 38.577759468272795], [-89.88273163574308, 38.582411717678575], [-89.88826942353593, 38.58706373148541], [-89.89380792466403, 38.591715509561276], [-89.89934713930707, 38.59636705177409], [-89.90508047722643, 38.59651895818466], [-89.91081385831642, 38.59667058421835], [-89.91654728249756, 38.596821929868824], [-89.92228074969049, 38.59697299512966], [-89.92801425981584, 38.59712377999449], [-89.93374781279411, 38.597274284457015], [-89.93948140854593, 38.5974245085108], [-89.94521504699188, 38.5975744521496], [-89.95094872805251, 38.59772411536704], [-89.95668245164843, 38.59787349815684], [-89.96241621770018, 38.59802260051268], [-89.96815002612831, 38.59817142242828], [-89.9738838768534, 38.59831996389739], [-89.97961776979602, 38.59846822491371], [-89.98535170487666, 38.59861620547102], [-89.99108568201598, 38.59876390556306], [-89.99681970113441, 38.59891132518362], [-90.00255376215256, 38.59905846432648], [-90.00828786499093, 38.59920532298544], [-90.01402200957008, 38.5993519011543], [-90.01975619581054, 38.599498198826886], [-90.02549042363282, 38.599644215997024], [-90.03122469295744, 38.59978995265856], [-90.03695900370492, 38.599935408805365], [-90.0426933557958, 38.60008058443128], [-90.04842774915056, 38.600225479530216], [-90.05416218368977, 38.60037009409603], [-90.05989665933384, 38.60051442812264], [-90.06563117600335, 38.600658481603965], [-90.07136573361876, 38.60080225453393], [-90.07710033210058, 38.60094574690646], [-90.0828349713693, 38.601088958715515], [-90.08856965134538, 38.60123188995506], [-90.0941227455516, 38.605874717602354], [-90.09967655430022, 38.61051730605643], [-90.10523107776994, 38.61515965518486], [-90.11078631613944, 38.61980176485522], [-90.11652262799952, 38.61994338379215], [-90.1220789793104, 38.62458499570804], [-90.12781572923257, 38.62472607564535], [-90.13337319363258, 38.629367189437694], [-90.13911038141684, 38.62950773017495], [-90.14484760917111, 38.62964799001386], [-90.15058487681573, 38.629787968948484], [-90.156322184271, 38.62992766697294], [-90.16205953145733, 38.63006708408134], [-90.16779691829495, 38.630206220267794], [-90.17353434470424, 38.6303450755264], [-90.17927181060547, 38.63048364985134], [-90.185009315919, 38.63062194323676], [-90.1907468605651, 38.6307599556768], [-90.1964844444641, 38.63089768716567], [-90.2022220675363, 38.63103513769752], [-90.20795972970198, 38.63117230726659]]}}, {"type": "Feature", "properties": {"route_run_id": "stl_midamerica_to_st_louis_union_station_2026-03-07_0132", "route_pair": "midamerica_to_st_louis_union_station", "route_pair_label": "MidAmerica to St. Louis Union Station", "origin_label": "MidAmerica St. Louis Airport", "destination_label": "St. Louis Union Station", "origin_lat": 38.5451731, "origin_lon": -89.8351856, "destination_lat": 38.629167, "destination_lon": -90.2075, "traffic_date": "2026-03-07", "traffic_dataset": "March 7th - Saturday", "weight_id": "w_0132", "distance_weight": 0.2, "population_weight": 0.1, "traffic_weight": 0.1, "airspace_weight": 0.6, "path_nodes": 67, "path_node_ids": [8877, 8879, 8896, 8900, 8924, 8930, 10012, 10015, 10019, 10053, 10057, 10054, 10061, 10051, 10049, 10072, 10079, 10284, 10283, 10286, 10289, 10294, 10281, 10292, 10293, 10304, 10303, 10270, 10313, 10180, 10312, 10181, 10203, 10200, 10202, 10201, 10189, 10190, 10188, 10191, 2276, 2518, 2277, 2509, 2287, 2508, 2286, 2298, 2300, 2301, 2307, 2491, 2497, 2818, 2496, 2507, 2506, 2828, 2505, 2809, 2811, 2810, 2728, 2730, 2731, 2729, 2715], "elapsed_seconds": 0.03351830004248768, "status": "success", "failure_reason": "", "route_distance_km": 47.220642321123115, "distance_cost_sum": 51.969370597766044, "population_cost_sum": 20.860796460210626, "traffic_cost_sum": 22.715354730202986, "airspace_cost_sum": 22.6, "total_weighted_score": 28.31148923859458}, "geometry": {"type": "LineString", "coordinates": [[-89.83272609742262, 38.54503213945896], [-89.83825778508921, 38.54968628939868], [-89.84379018463301, 38.55434020475587], [-89.84932329623358, 38.558993885398685], [-89.85485712007056, 38.56364733119524], [-89.86039165632353, 38.56830054201366], [-89.86592690517212, 38.57295351772198], [-89.871462866796, 38.577606258188254], [-89.87699954137483, 38.582258763280514], [-89.88253692908823, 38.586911032866766], [-89.88807503011597, 38.59156306681497], [-89.89380792466403, 38.591715509561276], [-89.89934713930707, 38.59636705177409], [-89.90508047722643, 38.59651895818466], [-89.91081385831642, 38.59667058421835], [-89.91635458673171, 38.60132137816604], [-89.92189602906302, 38.60597193580059], [-89.92743818549003, 38.61062225698987], [-89.93317280953934, 38.61077283372623], [-89.93871608023923, 38.61542266184741], [-89.94445114702152, 38.615572701498955], [-89.95018625645967, 38.61572246055001], [-89.9559214084743, 38.61587193899423], [-89.9616566029858, 38.61602113682532], [-89.96739183991471, 38.61617005403699], [-89.97312711918148, 38.61631869062297], [-89.97886244070665, 38.616467046576965], [-89.98478634265064, 38.61211539915841], [-89.99052139116867, 38.61226317018054], [-89.99625648169634, 38.61241066059679], [-90.00199161415404, 38.61255787040093], [-90.00772678846238, 38.612704799586744], [-90.01346200454176, 38.612851448148064], [-90.01919726231266, 38.612997816078675], [-90.02493256169556, 38.61314390337241], [-90.03066790261092, 38.61328971002312], [-90.03640328497923, 38.613435236024664], [-90.04213870872088, 38.61358048137086], [-90.04787417375634, 38.61372544605564], [-90.05360968000618, 38.61387013007287], [-90.0593452273907, 38.61401453341643], [-90.0650808158304, 38.61415865608025], [-90.07081644524574, 38.61430249805824], [-90.07655211555712, 38.614446059344324], [-90.08228782668499, 38.614589339932465], [-90.08802357854981, 38.61473233981663], [-90.09375937107193, 38.61487505899075], [-90.09949520417183, 38.615017497448825], [-90.10505004462816, 38.61965986513943], [-90.11078631613944, 38.61980176485522], [-90.11634226958749, 38.624443634935055], [-90.1220789793104, 38.62458499570804], [-90.12763604589804, 38.629226367808045], [-90.13337319363258, 38.629367189437694], [-90.13911038141684, 38.62950773017495], [-90.14484760917111, 38.62964799001386], [-90.15058487681573, 38.629787968948484], [-90.156322184271, 38.62992766697294], [-90.16205953145733, 38.63006708408134], [-90.16779691829495, 38.630206220267794], [-90.17353434470424, 38.6303450755264], [-90.17927181060547, 38.63048364985134], [-90.185009315919, 38.63062194323676], [-90.1907468605651, 38.6307599556768], [-90.1964844444641, 38.63089768716567], [-90.2022220675363, 38.63103513769752], [-90.20795972970198, 38.63117230726659]]}}, {"type": "Feature", "properties": {"route_run_id": "stl_midamerica_to_st_louis_union_station_2026-03-07_0267", "route_pair": "midamerica_to_st_louis_union_station", "route_pair_label": "MidAmerica to St. Louis Union Station", "origin_label": "MidAmerica St. Louis Airport", "destination_label": "St. Louis Union Station", "origin_lat": 38.5451731, "origin_lon": -89.8351856, "destination_lat": 38.629167, "destination_lon": -90.2075, "traffic_date": "2026-03-07", "traffic_dataset": "March 7th - Saturday", "weight_id": "w_0267", "distance_weight": 0.6, "population_weight": 0.4, "traffic_weight": 0.0, "airspace_weight": 0.0, "path_nodes": 67, "path_node_ids": [8877, 8876, 8868, 8869, 8870, 8867, 9753, 9754, 9755, 9744, 9746, 9747, 9745, 9737, 9736, 9734, 9735, 9919, 9921, 9944, 9947, 9940, 9941, 9962, 9955, 9957, 9959, 9994, 9885, 9886, 9884, 9887, 9897, 9895, 9896, 9894, 9902, 9903, 9904, 9909, 2213, 2212, 2214, 1997, 1994, 1995, 1996, 2005, 2004, 2007, 2006, 2191, 2194, 2193, 2192, 2418, 2422, 2425, 2427, 2453, 2455, 2454, 2372, 2399, 2401, 2404, 2715], "elapsed_seconds": 0.01265889999922365, "status": "success", "failure_reason": "", "route_distance_km": 46.66599661404935, "distance_cost_sum": 51.35894712861125, "population_cost_sum": 17.364166724554934, "traffic_cost_sum": 22.621079840819313, "airspace_cost_sum": 38.0, "total_weighted_score": 37.761034966988724}, "geometry": {"type": "LineString", "coordinates": [[-89.83272609742262, 38.54503213945896], [-89.83845499191484, 38.54518713674757], [-89.84418393041321, 38.54534185422887], [-89.8499129128385, 38.54549629189633], [-89.85564193911159, 38.545650449743434], [-89.86137100915332, 38.54580432776372], [-89.86710012288452, 38.545957925950695], [-89.87282928022606, 38.546111244297876], [-89.8785584810987, 38.54626428279884], [-89.88428772542336, 38.54641704144712], [-89.8900170131208, 38.5465695202363], [-89.89574634411186, 38.54672171915994], [-89.90147571831739, 38.546873638211636], [-89.90720513565815, 38.54702527738502], [-89.91293459605497, 38.54717663667367], [-89.91866409942871, 38.54732771607122], [-89.92439364570006, 38.54747851557132], [-89.9301232347899, 38.54762903516762], [-89.93566171159593, 38.55227884253414], [-89.94120090063481, 38.55692841373979], [-89.94693132996858, 38.557078141522354], [-89.9526618018245, 38.55722758928637], [-89.95839231612332, 38.55737675702556], [-89.9641228727858, 38.55752564473363], [-89.96985347173262, 38.5576742524043], [-89.97539536640897, 38.56232230635172], [-89.98093797377864, 38.566970123410094], [-89.98648129402048, 38.57161770344731], [-89.99221313054706, 38.571765261757655], [-89.99794500899198, 38.571912539865146], [-90.00367692927587, 38.5720595377636], [-90.00940889131944, 38.572206255446844], [-90.01514089504332, 38.57235269290866], [-90.02087294036811, 38.5724988501429], [-90.02660502721452, 38.572644727143405], [-90.03233715550313, 38.57279032390402], [-90.0380693251546, 38.572935640418635], [-90.04380153608955, 38.57308067668109], [-90.04953378822863, 38.57322543268529], [-90.05508220119658, 38.57786994989744], [-90.06081489219632, 38.57801416845261], [-90.06654762417196, 38.57815810668649], [-90.072280397044, 38.57830176459299], [-90.07801321073313, 38.57844514216606], [-90.0837460651599, 38.578588239399664], [-90.08947896024489, 38.57873105628777], [-90.09521189590866, 38.57887359282438], [-90.10094487207182, 38.57901584900345], [-90.10667788865496, 38.579157824818985], [-90.11241094557855, 38.579299520265025], [-90.11814404276322, 38.57944093533558], [-90.12387718012955, 38.579582070024706], [-90.1296103575981, 38.57972292432643], [-90.13534357508938, 38.579863498234836], [-90.14107683252396, 38.580003791744], [-90.14663191796852, 38.58464420615243], [-90.15218771733517, 38.589284380730234], [-90.15774423080212, 38.593924315345014], [-90.16330145854758, 38.59856400986431], [-90.16885940074975, 38.60320346415569], [-90.17441805758689, 38.60784267808668], [-90.18015373543601, 38.6079811415637], [-90.18571350391167, 38.61261985640587], [-90.19127398739786, 38.61725833052981], [-90.19683518607279, 38.62189656380297], [-90.20239710011477, 38.62653455609276], [-90.20795972970198, 38.63117230726659]]}}, {"type": "Feature", "properties": {"route_run_id": "stl_midamerica_to_st_louis_union_station_2026-03-07_0217", "route_pair": "midamerica_to_st_louis_union_station", "route_pair_label": "MidAmerica to St. Louis Union Station", "origin_label": "MidAmerica St. Louis Airport", "destination_label": "St. Louis Union Station", "origin_lat": 38.5451731, "origin_lon": -89.8351856, "destination_lat": 38.629167, "destination_lon": -90.2075, "traffic_date": "2026-03-07", "traffic_dataset": "March 7th - Saturday", "weight_id": "w_0217", "distance_weight": 0.4, "population_weight": 0.2, "traffic_weight": 0.0, "airspace_weight": 0.4, "path_nodes": 68, "path_node_ids": [8877, 8881, 8904, 8922, 8923, 8927, 9145, 10016, 10018, 10062, 10055, 10058, 10094, 10096, 10103, 10104, 10110, 10109, 10291, 10512, 10290, 10513, 10298, 10295, 10296, 10297, 10307, 10305, 10306, 10319, 10321, 10320, 10318, 10211, 10210, 10208, 10209, 10326, 10328, 10329, 10327, 2522, 2524, 2523, 2514, 2517, 2515, 2516, 2530, 2534, 2532, 2558, 2840, 2839, 2838, 2827, 2849, 2848, 2850, 2837, 2859, 2858, 2860, 2763, 2762, 2737, 2732, 2715], "elapsed_seconds": 0.018362000002525747, "status": "success", "failure_reason": "", "route_distance_km": 48.666852135602625, "distance_cost_sum": 53.561018023900075, "population_cost_sum": 14.998679925723389, "traffic_cost_sum": 26.127168445874982, "airspace_cost_sum": 23.2, "total_weighted_score": 33.70414319470471}, "geometry": {"type": "LineString", "coordinates": [[-89.83272609742262, 38.54503213945896], [-89.83252853470323, 38.54953126729425], [-89.83806053424684, 38.55418543772932], [-89.84359324582596, 38.558839373542895], [-89.84912666962028, 38.563493074603095], [-89.85466080580946, 38.568146540778045], [-89.86019565457306, 38.572799771935806], [-89.86573121609086, 38.57745276794444], [-89.87126749054252, 38.58210552867199], [-89.8768044781077, 38.58675805398646], [-89.88234217896623, 38.591410343755804], [-89.8878805932977, 38.59606239784802], [-89.89341972128202, 38.600714216131045], [-89.89895956309883, 38.60536579847276], [-89.90450011892796, 38.61001714474108], [-89.91004138894921, 38.614668254803874], [-89.9155833733424, 38.61931912852895], [-89.92131862594731, 38.619470314708934], [-89.92705392153653, 38.61962122026898], [-89.93278926003055, 38.619771845202735], [-89.93852464134986, 38.619922189503846], [-89.9442600654149, 38.62007225316597], [-89.94999553214618, 38.62022203618278], [-89.95573104146416, 38.620371538547964], [-89.96146659328937, 38.6205207602552], [-89.96720218754218, 38.620669701298226], [-89.97293782414316, 38.62081836167072], [-89.97867350301271, 38.62096674136646], [-89.98440922407127, 38.621114840379136], [-89.99014498723932, 38.62126265870254], [-89.99588079243732, 38.621410196330416], [-90.00161663958568, 38.62155745325657], [-90.00735252860491, 38.621704429474754], [-90.01308845941536, 38.6218511249788], [-90.01882443193752, 38.62199753976251], [-90.0245604460918, 38.62214367381969], [-90.03029650179865, 38.62228952714421], [-90.03603259897847, 38.622435099729884], [-90.04176873755169, 38.622580391570615], [-90.04750491743872, 38.62272540266021], [-90.05324113855997, 38.6228701329926], [-90.0589774008359, 38.62301458256169], [-90.06471370418684, 38.62315875136136], [-90.07045004853325, 38.62330263938551], [-90.07618643379548, 38.623446246628106], [-90.08192285989396, 38.62358957308307], [-90.08765932674906, 38.623732618744384], [-90.09339583428118, 38.623875383605984], [-90.09895091075838, 38.62851804648185], [-90.10450670259345, 38.633160469873815], [-90.1102440470662, 38.63330243772981], [-90.11580095263906, 38.63794436326609], [-90.12135857394713, 38.64258604896054], [-90.12709675507955, 38.642727219229855], [-90.13283497637043, 38.64286810847808], [-90.13857323774008, 38.64300871669927], [-90.14431153910874, 38.643149043887504], [-90.15004988039681, 38.64328909003685], [-90.15578826152439, 38.64342885514139], [-90.16152668241186, 38.64356833919522], [-90.16726514297947, 38.64370754219247], [-90.17300364314747, 38.64384646412727], [-90.17874218283609, 38.64398510499372], [-90.18448076196563, 38.64412346478601], [-90.19021938045634, 38.644261543498274], [-90.19613354616266, 38.639898793950096], [-90.20204699586435, 38.63553571516044], [-90.20795972970198, 38.63117230726659]]}}, {"type": "Feature", "properties": {"route_run_id": "stl_midamerica_to_st_louis_union_station_2026-03-07_0265", "route_pair": "midamerica_to_st_louis_union_station", "route_pair_label": "MidAmerica to St. Louis Union Station", "origin_label": "MidAmerica St. Louis Airport", "destination_label": "St. Louis Union Station", "origin_lat": 38.5451731, "origin_lon": -89.8351856, "destination_lat": 38.629167, "destination_lon": -90.2075, "traffic_date": "2026-03-07", "traffic_dataset": "March 7th - Saturday", "weight_id": "w_0265", "distance_weight": 0.6, "population_weight": 0.3, "traffic_weight": 0.0, "airspace_weight": 0.1, "path_nodes": 68, "path_node_ids": [8877, 8881, 8904, 8922, 8923, 8927, 9145, 10016, 10018, 10062, 10055, 10058, 10094, 10096, 10103, 10104, 10110, 10109, 10291, 10512, 10290, 10513, 10298, 10295, 10296, 10297, 10307, 10305, 10306, 10319, 10321, 10320, 10318, 10211, 10210, 10208, 10209, 10326, 10328, 10329, 10327, 2522, 2524, 2523, 2514, 2517, 2515, 2516, 2530, 2534, 2532, 2558, 2840, 2839, 2838, 2827, 2849, 2848, 2850, 2837, 2859, 2858, 2860, 2763, 2762, 2737, 2732, 2715], "elapsed_seconds": 0.012146800057962537, "status": "success", "failure_reason": "", "route_distance_km": 48.666852135602625, "distance_cost_sum": 53.561018023900075, "population_cost_sum": 14.998679925723389, "traffic_cost_sum": 26.127168445874982, "airspace_cost_sum": 23.2, "total_weighted_score": 38.95621479205706}, "geometry": {"type": "LineString", "coordinates": [[-89.83272609742262, 38.54503213945896], [-89.83252853470323, 38.54953126729425], [-89.83806053424684, 38.55418543772932], [-89.84359324582596, 38.558839373542895], [-89.84912666962028, 38.563493074603095], [-89.85466080580946, 38.568146540778045], [-89.86019565457306, 38.572799771935806], [-89.86573121609086, 38.57745276794444], [-89.87126749054252, 38.58210552867199], [-89.8768044781077, 38.58675805398646], [-89.88234217896623, 38.591410343755804], [-89.8878805932977, 38.59606239784802], [-89.89341972128202, 38.600714216131045], [-89.89895956309883, 38.60536579847276], [-89.90450011892796, 38.61001714474108], [-89.91004138894921, 38.614668254803874], [-89.9155833733424, 38.61931912852895], [-89.92131862594731, 38.619470314708934], [-89.92705392153653, 38.61962122026898], [-89.93278926003055, 38.619771845202735], [-89.93852464134986, 38.619922189503846], [-89.9442600654149, 38.62007225316597], [-89.94999553214618, 38.62022203618278], [-89.95573104146416, 38.620371538547964], [-89.96146659328937, 38.6205207602552], [-89.96720218754218, 38.620669701298226], [-89.97293782414316, 38.62081836167072], [-89.97867350301271, 38.62096674136646], [-89.98440922407127, 38.621114840379136], [-89.99014498723932, 38.62126265870254], [-89.99588079243732, 38.621410196330416], [-90.00161663958568, 38.62155745325657], [-90.00735252860491, 38.621704429474754], [-90.01308845941536, 38.6218511249788], [-90.01882443193752, 38.62199753976251], [-90.0245604460918, 38.62214367381969], [-90.03029650179865, 38.62228952714421], [-90.03603259897847, 38.622435099729884], [-90.04176873755169, 38.622580391570615], [-90.04750491743872, 38.62272540266021], [-90.05324113855997, 38.6228701329926], [-90.0589774008359, 38.62301458256169], [-90.06471370418684, 38.62315875136136], [-90.07045004853325, 38.62330263938551], [-90.07618643379548, 38.623446246628106], [-90.08192285989396, 38.62358957308307], [-90.08765932674906, 38.623732618744384], [-90.09339583428118, 38.623875383605984], [-90.09895091075838, 38.62851804648185], [-90.10450670259345, 38.633160469873815], [-90.1102440470662, 38.63330243772981], [-90.11580095263906, 38.63794436326609], [-90.12135857394713, 38.64258604896054], [-90.12709675507955, 38.642727219229855], [-90.13283497637043, 38.64286810847808], [-90.13857323774008, 38.64300871669927], [-90.14431153910874, 38.643149043887504], [-90.15004988039681, 38.64328909003685], [-90.15578826152439, 38.64342885514139], [-90.16152668241186, 38.64356833919522], [-90.16726514297947, 38.64370754219247], [-90.17300364314747, 38.64384646412727], [-90.17874218283609, 38.64398510499372], [-90.18448076196563, 38.64412346478601], [-90.19021938045634, 38.644261543498274], [-90.19613354616266, 38.639898793950096], [-90.20204699586435, 38.63553571516044], [-90.20795972970198, 38.63117230726659]]}}, {"type": "Feature", "properties": {"route_run_id": "stl_midamerica_to_st_louis_union_station_2026-03-07_0246", "route_pair": "midamerica_to_st_louis_union_station", "route_pair_label": "MidAmerica to St. Louis Union Station", "origin_label": "MidAmerica St. Louis Airport", "destination_label": "St. Louis Union Station", "origin_lat": 38.5451731, "origin_lon": -89.8351856, "destination_lat": 38.629167, "destination_lon": -90.2075, "traffic_date": "2026-03-07", "traffic_dataset": "March 7th - Saturday", "weight_id": "w_0246", "distance_weight": 0.5, "population_weight": 0.2, "traffic_weight": 0.3, "airspace_weight": 0.0, "path_nodes": 67, "path_node_ids": [8877, 8876, 8868, 8869, 8870, 8867, 9753, 9754, 9755, 9744, 9746, 9747, 9745, 9733, 9721, 9732, 9720, 9915, 9916, 9918, 9917, 9935, 9938, 9939, 9930, 9931, 9928, 9929, 9839, 9841, 9840, 9838, 9855, 9853, 9854, 9852, 9850, 9851, 9863, 9862, 1962, 1961, 1960, 1968, 1969, 1971, 1970, 1978, 1980, 1981, 1979, 2159, 2166, 2188, 2192, 2418, 2422, 2425, 2427, 2453, 2455, 2457, 2376, 2399, 2401, 2404, 2715], "elapsed_seconds": 0.01682690007146448, "status": "success", "failure_reason": "", "route_distance_km": 47.19399776335868, "distance_cost_sum": 51.94004653886279, "population_cost_sum": 19.228273816660934, "traffic_cost_sum": 14.870610918672991, "airspace_cost_sum": 38.0, "total_weighted_score": 34.27686130836548}, "geometry": {"type": "LineString", "coordinates": [[-89.83272609742262, 38.54503213945896], [-89.83845499191484, 38.54518713674757], [-89.84418393041321, 38.54534185422887], [-89.8499129128385, 38.54549629189633], [-89.85564193911159, 38.545650449743434], [-89.86137100915332, 38.54580432776372], [-89.86710012288452, 38.545957925950695], [-89.87282928022606, 38.546111244297876], [-89.8785584810987, 38.54626428279884], [-89.88428772542336, 38.54641704144712], [-89.8900170131208, 38.5465695202363], [-89.89574634411186, 38.54672171915994], [-89.90147571831739, 38.546873638211636], [-89.90739802788026, 38.54252582614685], [-89.91312713232598, 38.54267716120381], [-89.91885627973821, 38.54282821641439], [-89.92458547003774, 38.5429789917722], [-89.93031470314544, 38.543129487270946], [-89.93585286661902, 38.54777927485379], [-89.94158254110822, 38.54792923462347], [-89.94731225817821, 38.548078914470366], [-89.95304201774988, 38.54822831438818], [-89.95858208911035, 38.55287709782697], [-89.96431228957056, 38.553025961699916], [-89.97004253230493, 38.553174545580205], [-89.97577281723424, 38.553322849461594], [-89.9815031442792, 38.55347087333782], [-89.98723351336055, 38.553618617202645], [-89.99296392439905, 38.55376608104985], [-89.99869437731542, 38.55391326487322], [-90.00442487203037, 38.55406016866657], [-90.01015540846471, 38.55420679242369], [-90.0156997760314, 38.558853031674964], [-90.02143075196999, 38.55899911872885], [-90.0271617694001, 38.55914492568329], [-90.03289282824241, 38.5592904525321], [-90.0386239284176, 38.5594356992692], [-90.04435506984643, 38.55958066588843], [-90.0500862524495, 38.5597253523837], [-90.05581747614751, 38.55986975874894], [-90.06154874086116, 38.56001388497803], [-90.0672800465111, 38.56015773106491], [-90.073011393018, 38.560301297003505], [-90.07874278030255, 38.56044458278779], [-90.08447420828541, 38.56058758841172], [-90.09020567688721, 38.56073031386926], [-90.09593718602859, 38.5608727591544], [-90.10166873563026, 38.56101492426115], [-90.10740032561284, 38.561156809183515], [-90.11313195589696, 38.5612984139155], [-90.11886362640328, 38.561439738451156], [-90.12441585794114, 38.56608111085856], [-90.12996880268844, 38.57072224396472], [-90.13552246082332, 38.57536313763731], [-90.14107683252396, 38.580003791744], [-90.14663191796852, 38.58464420615243], [-90.15218771733517, 38.589284380730234], [-90.15774423080212, 38.593924315345014], [-90.16330145854758, 38.59856400986431], [-90.16885940074975, 38.60320346415569], [-90.17441805758689, 38.60784267808668], [-90.17997742923725, 38.612481651524796], [-90.18553751587909, 38.6171203843375], [-90.19127398739786, 38.61725833052981], [-90.19683518607279, 38.62189656380297], [-90.20239710011477, 38.62653455609276], [-90.20795972970198, 38.63117230726659]]}}, {"type": "Feature", "properties": {"route_run_id": "stl_midamerica_to_st_louis_union_station_2026-03-07_0277", "route_pair": "midamerica_to_st_louis_union_station", "route_pair_label": "MidAmerica to St. Louis Union Station", "origin_label": "MidAmerica St. Louis Airport", "destination_label": "St. Louis Union Station", "origin_lat": 38.5451731, "origin_lon": -89.8351856, "destination_lat": 38.629167, "destination_lon": -90.2075, "traffic_date": "2026-03-07", "traffic_dataset": "March 7th - Saturday", "weight_id": "w_0277", "distance_weight": 0.7, "population_weight": 0.3, "traffic_weight": 0.0, "airspace_weight": 0.0, "path_nodes": 67, "path_node_ids": [8877, 8876, 8868, 8869, 8870, 8867, 9753, 9754, 9755, 9744, 9746, 9747, 9745, 9737, 9736, 9734, 9735, 9919, 9921, 9944, 9947, 9940, 9941, 9962, 9955, 9957, 9959, 9994, 9885, 9886, 9884, 9887, 9897, 9895, 9896, 9894, 9902, 9903, 9904, 9909, 2213, 2212, 2214, 1997, 1994, 1995, 1996, 2005, 2004, 2007, 2006, 2191, 2194, 2193, 2192, 2418, 2422, 2425, 2427, 2453, 2455, 2454, 2372, 2399, 2401, 2404, 2715], "elapsed_seconds": 0.009173500002361834, "status": "success", "failure_reason": "", "route_distance_km": 46.66599661404935, "distance_cost_sum": 51.35894712861125, "population_cost_sum": 17.364166724554934, "traffic_cost_sum": 22.621079840819313, "airspace_cost_sum": 38.0, "total_weighted_score": 41.16051300739435}, "geometry": {"type": "LineString", "coordinates": [[-89.83272609742262, 38.54503213945896], [-89.83845499191484, 38.54518713674757], [-89.84418393041321, 38.54534185422887], [-89.8499129128385, 38.54549629189633], [-89.85564193911159, 38.545650449743434], [-89.86137100915332, 38.54580432776372], [-89.86710012288452, 38.545957925950695], [-89.87282928022606, 38.546111244297876], [-89.8785584810987, 38.54626428279884], [-89.88428772542336, 38.54641704144712], [-89.8900170131208, 38.5465695202363], [-89.89574634411186, 38.54672171915994], [-89.90147571831739, 38.546873638211636], [-89.90720513565815, 38.54702527738502], [-89.91293459605497, 38.54717663667367], [-89.91866409942871, 38.54732771607122], [-89.92439364570006, 38.54747851557132], [-89.9301232347899, 38.54762903516762], [-89.93566171159593, 38.55227884253414], [-89.94120090063481, 38.55692841373979], [-89.94693132996858, 38.557078141522354], [-89.9526618018245, 38.55722758928637], [-89.95839231612332, 38.55737675702556], [-89.9641228727858, 38.55752564473363], [-89.96985347173262, 38.5576742524043], [-89.97539536640897, 38.56232230635172], [-89.98093797377864, 38.566970123410094], [-89.98648129402048, 38.57161770344731], [-89.99221313054706, 38.571765261757655], [-89.99794500899198, 38.571912539865146], [-90.00367692927587, 38.5720595377636], [-90.00940889131944, 38.572206255446844], [-90.01514089504332, 38.57235269290866], [-90.02087294036811, 38.5724988501429], [-90.02660502721452, 38.572644727143405], [-90.03233715550313, 38.57279032390402], [-90.0380693251546, 38.572935640418635], [-90.04380153608955, 38.57308067668109], [-90.04953378822863, 38.57322543268529], [-90.05508220119658, 38.57786994989744], [-90.06081489219632, 38.57801416845261], [-90.06654762417196, 38.57815810668649], [-90.072280397044, 38.57830176459299], [-90.07801321073313, 38.57844514216606], [-90.0837460651599, 38.578588239399664], [-90.08947896024489, 38.57873105628777], [-90.09521189590866, 38.57887359282438], [-90.10094487207182, 38.57901584900345], [-90.10667788865496, 38.579157824818985], [-90.11241094557855, 38.579299520265025], [-90.11814404276322, 38.57944093533558], [-90.12387718012955, 38.579582070024706], [-90.1296103575981, 38.57972292432643], [-90.13534357508938, 38.579863498234836], [-90.14107683252396, 38.580003791744], [-90.14663191796852, 38.58464420615243], [-90.15218771733517, 38.589284380730234], [-90.15774423080212, 38.593924315345014], [-90.16330145854758, 38.59856400986431], [-90.16885940074975, 38.60320346415569], [-90.17441805758689, 38.60784267808668], [-90.18015373543601, 38.6079811415637], [-90.18571350391167, 38.61261985640587], [-90.19127398739786, 38.61725833052981], [-90.19683518607279, 38.62189656380297], [-90.20239710011477, 38.62653455609276], [-90.20795972970198, 38.63117230726659]]}}, {"type": "Feature", "properties": {"route_run_id": "stl_midamerica_to_st_louis_union_station_2026-03-07_0086", "route_pair": "midamerica_to_st_louis_union_station", "route_pair_label": "MidAmerica to St. Louis Union Station", "origin_label": "MidAmerica St. Louis Airport", "destination_label": "St. Louis Union Station", "origin_lat": 38.5451731, "origin_lon": -89.8351856, "destination_lat": 38.629167, "destination_lon": -90.2075, "traffic_date": "2026-03-07", "traffic_dataset": "March 7th - Saturday", "weight_id": "w_0086", "distance_weight": 0.1, "population_weight": 0.2, "traffic_weight": 0.0, "airspace_weight": 0.7, "path_nodes": 68, "path_node_ids": [8877, 8881, 8904, 8922, 8923, 8927, 9145, 10016, 10018, 10062, 10055, 10058, 10094, 10096, 10103, 10104, 10110, 10109, 10516, 10515, 10514, 10517, 10522, 10299, 10300, 10301, 10309, 10308, 10310, 10343, 10345, 10344, 10342, 10355, 10210, 10208, 10209, 10326, 10328, 10322, 10191, 2276, 2518, 2277, 2509, 2287, 2508, 2286, 2298, 2300, 2301, 2307, 2495, 2820, 2823, 2827, 2849, 2848, 2850, 2837, 2859, 2858, 2863, 2763, 2762, 2737, 2732, 2715], "elapsed_seconds": 0.039327200036495924, "status": "success", "failure_reason": "", "route_distance_km": 50.798227970467636, "distance_cost_sum": 55.90673496463881, "population_cost_sum": 14.014987217207485, "traffic_cost_sum": 28.577877222024664, "airspace_cost_sum": 22.6, "total_weighted_score": 24.213670939905384}, "geometry": {"type": "LineString", "coordinates": [[-89.83272609742262, 38.54503213945896], [-89.83252853470323, 38.54953126729425], [-89.83806053424684, 38.55418543772932], [-89.84359324582596, 38.558839373542895], [-89.84912666962028, 38.563493074603095], [-89.85466080580946, 38.568146540778045], [-89.86019565457306, 38.572799771935806], [-89.86573121609086, 38.57745276794444], [-89.87126749054252, 38.58210552867199], [-89.8768044781077, 38.58675805398646], [-89.88234217896623, 38.591410343755804], [-89.8878805932977, 38.59606239784802], [-89.89341972128202, 38.600714216131045], [-89.89895956309883, 38.60536579847276], [-89.90450011892796, 38.61001714474108], [-89.91004138894921, 38.614668254803874], [-89.9155833733424, 38.61931912852895], [-89.92131862594731, 38.619470314708934], [-89.9268617252078, 38.624120695492145], [-89.93259742104341, 38.62427134452904], [-89.93833315971467, 38.6244217128885], [-89.94406894114202, 38.62457180056415], [-89.94980476524591, 38.62472160754967], [-89.95554063194687, 38.62487113383877], [-89.96127654116528, 38.62502037942509], [-89.96701249282155, 38.625169344302385], [-89.97274848683627, 38.62531802846435], [-89.97848452312972, 38.62546643190471], [-89.98422060162243, 38.625614554617215], [-89.98995672223481, 38.62576239659562], [-89.9956928848873, 38.625909957833684], [-90.00142908950032, 38.62605723832518], [-90.00716533599429, 38.6262042380639], [-90.01290162428964, 38.62635095704363], [-90.01882443193752, 38.62199753976251], [-90.0245604460918, 38.62214367381969], [-90.03029650179865, 38.62228952714421], [-90.03603259897847, 38.622435099729884], [-90.04176873755169, 38.622580391570615], [-90.04768956620967, 38.61822542646607], [-90.05360968000618, 38.61387013007287], [-90.0593452273907, 38.61401453341643], [-90.0650808158304, 38.61415865608025], [-90.07081644524574, 38.61430249805824], [-90.07655211555712, 38.614446059344324], [-90.08228782668499, 38.614589339932465], [-90.08802357854981, 38.61473233981663], [-90.09375937107193, 38.61487505899075], [-90.09949520417183, 38.615017497448825], [-90.10505004462816, 38.61965986513943], [-90.11078631613944, 38.61980176485522], [-90.11634226958749, 38.624443634935055], [-90.12189893829279, 38.62908526529191], [-90.12745632243416, 38.63372665579325], [-90.13301442219031, 38.63836780630655], [-90.13857323774008, 38.64300871669927], [-90.14431153910874, 38.643149043887504], [-90.15004988039681, 38.64328909003685], [-90.15578826152439, 38.64342885514139], [-90.16152668241186, 38.64356833919522], [-90.16726514297947, 38.64370754219247], [-90.17300364314747, 38.64384646412727], [-90.17856556137721, 38.64848558173427], [-90.18448076196563, 38.64412346478601], [-90.19021938045634, 38.644261543498274], [-90.19613354616266, 38.639898793950096], [-90.20204699586435, 38.63553571516044], [-90.20795972970198, 38.63117230726659]]}}, {"type": "Feature", "properties": {"route_run_id": "stl_midamerica_to_st_louis_union_station_2026-03-07_0208", "route_pair": "midamerica_to_st_louis_union_station", "route_pair_label": "MidAmerica to St. Louis Union Station", "origin_label": "MidAmerica St. Louis Airport", "destination_label": "St. Louis Union Station", "origin_lat": 38.5451731, "origin_lon": -89.8351856, "destination_lat": 38.629167, "destination_lon": -90.2075, "traffic_date": "2026-03-07", "traffic_dataset": "March 7th - Saturday", "weight_id": "w_0208", "distance_weight": 0.4, "population_weight": 0.0, "traffic_weight": 0.4, "airspace_weight": 0.2, "path_nodes": 67, "path_node_ids": [8877, 8876, 8892, 8897, 8899, 8926, 9788, 10013, 10014, 10036, 10052, 10054, 10061, 10051, 10049, 10048, 10050, 10253, 10252, 10241, 10240, 10248, 10246, 10247, 10245, 10263, 10265, 10264, 10173, 10174, 10172, 10175, 10195, 10193, 10196, 10197, 10185, 10187, 10186, 10191, 2276, 2521, 2523, 2526, 2542, 2541, 2543, 2533, 2534, 2532, 2535, 2819, 2497, 2818, 2496, 2507, 2506, 2828, 2505, 2809, 2811, 2810, 2728, 2730, 2731, 2729, 2715], "elapsed_seconds": 0.018898900016210973, "status": "success", "failure_reason": "", "route_distance_km": 47.21942094361455, "distance_cost_sum": 51.96802639283231, "population_cost_sum": 25.520294314951332, "traffic_cost_sum": 16.455395725282752, "airspace_cost_sum": 24.4, "total_weighted_score": 32.249368847246025}, "geometry": {"type": "LineString", "coordinates": [[-89.83272609742262, 38.54503213945896], [-89.83845499191484, 38.54518713674757], [-89.84398707949187, 38.54984103165108], [-89.84951987896733, 38.55449469187918], [-89.85505339052077, 38.559148117300026], [-89.86058761433173, 38.563801307781745], [-89.86612255057987, 38.568454263192415], [-89.87165819944471, 38.57310698340007], [-89.87719456110594, 38.577759468272795], [-89.88273163574308, 38.582411717678575], [-89.88826942353593, 38.58706373148541], [-89.89380792466403, 38.591715509561276], [-89.89934713930707, 38.59636705177409], [-89.90508047722643, 38.59651895818466], [-89.91081385831642, 38.59667058421835], [-89.91654728249756, 38.596821929868824], [-89.92228074969049, 38.59697299512966], [-89.92801425981584, 38.59712377999449], [-89.93374781279411, 38.597274284457015], [-89.93948140854593, 38.5974245085108], [-89.94521504699188, 38.5975744521496], [-89.95094872805251, 38.59772411536704], [-89.95668245164843, 38.59787349815684], [-89.96241621770018, 38.59802260051268], [-89.96815002612831, 38.59817142242828], [-89.97369475078722, 38.60281965195827], [-89.97942900075623, 38.60296793670464], [-89.98516329287352, 38.603115940947184], [-89.99089762705957, 38.603263664679695], [-89.99663200323492, 38.603411107895916], [-90.00236642132012, 38.60355827058964], [-90.00810088123565, 38.603705152754664], [-90.01383538290203, 38.603851754384785], [-90.01956992623981, 38.60399807547383], [-90.0251185571937, 38.60864401180754], [-90.03085354083264, 38.60878979512565], [-90.03658856591449, 38.60893529783942], [-90.04232363235971, 38.609080519942665], [-90.04805874008878, 38.60922546142931], [-90.05360968000618, 38.61387013007287], [-90.0593452273907, 38.61401453341643], [-90.06489728050143, 38.618658705824664], [-90.07045004853325, 38.62330263938551], [-90.07600353166524, 38.62794633396657], [-90.08155773007638, 38.632589789435436], [-90.08729491224024, 38.63273288088516], [-90.0930321351008, 38.63287569144548], [-90.09876939857845, 38.63301822111036], [-90.10450670259345, 38.633160469873815], [-90.1102440470662, 38.63330243772981], [-90.115981431917, 38.63344412467236], [-90.12171885706623, 38.633585530695484], [-90.12763604589804, 38.629226367808045], [-90.13337319363258, 38.629367189437694], [-90.13911038141684, 38.62950773017495], [-90.14484760917111, 38.62964799001386], [-90.15058487681573, 38.629787968948484], [-90.156322184271, 38.62992766697294], [-90.16205953145733, 38.63006708408134], [-90.16779691829495, 38.630206220267794], [-90.17353434470424, 38.6303450755264], [-90.17927181060547, 38.63048364985134], [-90.185009315919, 38.63062194323676], [-90.1907468605651, 38.6307599556768], [-90.1964844444641, 38.63089768716567], [-90.2022220675363, 38.63103513769752], [-90.20795972970198, 38.63117230726659]]}}, {"type": "Feature", "properties": {"route_run_id": "stl_midamerica_to_st_louis_union_station_2026-03-07_0141", "route_pair": "midamerica_to_st_louis_union_station", "route_pair_label": "MidAmerica to St. Louis Union Station", "origin_label": "MidAmerica St. Louis Airport", "destination_label": "St. Louis Union Station", "origin_lat": 38.5451731, "origin_lon": -89.8351856, "destination_lat": 38.629167, "destination_lon": -90.2075, "traffic_date": "2026-03-07", "traffic_dataset": "March 7th - Saturday", "weight_id": "w_0141", "distance_weight": 0.2, "population_weight": 0.2, "traffic_weight": 0.2, "airspace_weight": 0.4, "path_nodes": 68, "path_node_ids": [8877, 8881, 8904, 8922, 8923, 8927, 9145, 10016, 10018, 10062, 10055, 10058, 10094, 10096, 10103, 10104, 10110, 10109, 10516, 10515, 10290, 10289, 10294, 10281, 10292, 10293, 10304, 10303, 10270, 10313, 10180, 10312, 10181, 10203, 10200, 10202, 10197, 10185, 10187, 10186, 10191, 2276, 2518, 2519, 2510, 2517, 2515, 2516, 2530, 2534, 2532, 2535, 2826, 2824, 2838, 2841, 2854, 2852, 2853, 2851, 2861, 2862, 2863, 2763, 2762, 2737, 2732, 2715], "elapsed_seconds": 0.03483060002326965, "status": "success", "failure_reason": "", "route_distance_km": 51.330299600952166, "distance_cost_sum": 56.492314202658584, "population_cost_sum": 14.648777400780482, "traffic_cost_sum": 19.711995254932027, "airspace_cost_sum": 23.2, "total_weighted_score": 27.450617371674227}, "geometry": {"type": "LineString", "coordinates": [[-89.83272609742262, 38.54503213945896], [-89.83252853470323, 38.54953126729425], [-89.83806053424684, 38.55418543772932], [-89.84359324582596, 38.558839373542895], [-89.84912666962028, 38.563493074603095], [-89.85466080580946, 38.568146540778045], [-89.86019565457306, 38.572799771935806], [-89.86573121609086, 38.57745276794444], [-89.87126749054252, 38.58210552867199], [-89.8768044781077, 38.58675805398646], [-89.88234217896623, 38.591410343755804], [-89.8878805932977, 38.59606239784802], [-89.89341972128202, 38.600714216131045], [-89.89895956309883, 38.60536579847276], [-89.90450011892796, 38.61001714474108], [-89.91004138894921, 38.614668254803874], [-89.9155833733424, 38.61931912852895], [-89.92131862594731, 38.619470314708934], [-89.9268617252078, 38.624120695492145], [-89.93259742104341, 38.62427134452904], [-89.93852464134986, 38.619922189503846], [-89.94445114702152, 38.615572701498955], [-89.95018625645967, 38.61572246055001], [-89.9559214084743, 38.61587193899423], [-89.9616566029858, 38.61602113682532], [-89.96739183991471, 38.61617005403699], [-89.97312711918148, 38.61631869062297], [-89.97886244070665, 38.616467046576965], [-89.98478634265064, 38.61211539915841], [-89.99052139116867, 38.61226317018054], [-89.99625648169634, 38.61241066059679], [-90.00199161415404, 38.61255787040093], [-90.00772678846238, 38.612704799586744], [-90.01346200454176, 38.612851448148064], [-90.01919726231266, 38.612997816078675], [-90.02493256169556, 38.61314390337241], [-90.03085354083264, 38.60878979512565], [-90.03658856591449, 38.60893529783942], [-90.04232363235971, 38.609080519942665], [-90.04805874008878, 38.60922546142931], [-90.05360968000618, 38.61387013007287], [-90.0593452273907, 38.61401453341643], [-90.0650808158304, 38.61415865608025], [-90.07063326734246, 38.618802570824315], [-90.07636929508949, 38.61894615508724], [-90.08192285989396, 38.62358957308307], [-90.08765932674906, 38.623732618744384], [-90.09339583428118, 38.623875383605984], [-90.09895091075838, 38.62851804648185], [-90.10450670259345, 38.633160469873815], [-90.1102440470662, 38.63330243772981], [-90.115981431917, 38.63344412467236], [-90.12153873562092, 38.63808579191848], [-90.12727655883121, 38.63822693960062], [-90.13283497637043, 38.64286810847808], [-90.1383941098626, 38.64750903719531], [-90.14413276926219, 38.64764938683886], [-90.14987146859082, 38.647789455398616], [-90.15561020776862, 38.64792924286868], [-90.16134898671594, 38.648068749243166], [-90.16708780535298, 38.6482079745162], [-90.17282666359999, 38.64834691868183], [-90.17856556137721, 38.64848558173427], [-90.18448076196563, 38.64412346478601], [-90.19021938045634, 38.644261543498274], [-90.19613354616266, 38.639898793950096], [-90.20204699586435, 38.63553571516044], [-90.20795972970198, 38.63117230726659]]}}, {"type": "Feature", "properties": {"route_run_id": "stl_midamerica_to_st_louis_union_station_2026-03-07_0190", "route_pair": "midamerica_to_st_louis_union_station", "route_pair_label": "MidAmerica to St. Louis Union Station", "origin_label": "MidAmerica St. Louis Airport", "destination_label": "St. Louis Union Station", "origin_lat": 38.5451731, "origin_lon": -89.8351856, "destination_lat": 38.629167, "destination_lon": -90.2075, "traffic_date": "2026-03-07", "traffic_dataset": "March 7th - Saturday", "weight_id": "w_0190", "distance_weight": 0.3, "population_weight": 0.3, "traffic_weight": 0.1, "airspace_weight": 0.3, "path_nodes": 68, "path_node_ids": [8877, 8881, 8904, 8922, 8923, 8927, 9145, 10016, 10018, 10062, 10055, 10058, 10094, 10096, 10103, 10104, 10110, 10109, 10516, 10515, 10290, 10289, 10294, 10281, 10292, 10293, 10304, 10303, 10270, 10313, 10180, 10312, 10181, 10203, 10200, 10202, 10201, 10189, 10190, 10188, 10191, 2276, 2518, 2519, 2510, 2512, 2515, 2516, 2530, 2534, 2532, 2558, 2840, 2839, 2838, 2827, 2849, 2848, 2850, 2837, 2859, 2858, 2860, 2763, 2762, 2737, 2732, 2715], "elapsed_seconds": 0.02636939997319132, "status": "success", "failure_reason": "", "route_distance_km": 50.26413747831536, "distance_cost_sum": 55.3189338387954, "population_cost_sum": 14.322946517752998, "traffic_cost_sum": 21.773029694455797, "airspace_cost_sum": 23.2, "total_weighted_score": 30.029867076410106}, "geometry": {"type": "LineString", "coordinates": [[-89.83272609742262, 38.54503213945896], [-89.83252853470323, 38.54953126729425], [-89.83806053424684, 38.55418543772932], [-89.84359324582596, 38.558839373542895], [-89.84912666962028, 38.563493074603095], [-89.85466080580946, 38.568146540778045], [-89.86019565457306, 38.572799771935806], [-89.86573121609086, 38.57745276794444], [-89.87126749054252, 38.58210552867199], [-89.8768044781077, 38.58675805398646], [-89.88234217896623, 38.591410343755804], [-89.8878805932977, 38.59606239784802], [-89.89341972128202, 38.600714216131045], [-89.89895956309883, 38.60536579847276], [-89.90450011892796, 38.61001714474108], [-89.91004138894921, 38.614668254803874], [-89.9155833733424, 38.61931912852895], [-89.92131862594731, 38.619470314708934], [-89.9268617252078, 38.624120695492145], [-89.93259742104341, 38.62427134452904], [-89.93852464134986, 38.619922189503846], [-89.94445114702152, 38.615572701498955], [-89.95018625645967, 38.61572246055001], [-89.9559214084743, 38.61587193899423], [-89.9616566029858, 38.61602113682532], [-89.96739183991471, 38.61617005403699], [-89.97312711918148, 38.61631869062297], [-89.97886244070665, 38.616467046576965], [-89.98478634265064, 38.61211539915841], [-89.99052139116867, 38.61226317018054], [-89.99625648169634, 38.61241066059679], [-90.00199161415404, 38.61255787040093], [-90.00772678846238, 38.612704799586744], [-90.01346200454176, 38.612851448148064], [-90.01919726231266, 38.612997816078675], [-90.02493256169556, 38.61314390337241], [-90.03066790261092, 38.61328971002312], [-90.03640328497923, 38.613435236024664], [-90.04213870872088, 38.61358048137086], [-90.04787417375634, 38.61372544605564], [-90.05360968000618, 38.61387013007287], [-90.0593452273907, 38.61401453341643], [-90.0650808158304, 38.61415865608025], [-90.07063326734246, 38.618802570824315], [-90.07636929508949, 38.61894615508724], [-90.08210536366288, 38.61908945860739], [-90.08765932674906, 38.623732618744384], [-90.09339583428118, 38.623875383605984], [-90.09895091075838, 38.62851804648185], [-90.10450670259345, 38.633160469873815], [-90.1102440470662, 38.63330243772981], [-90.11580095263906, 38.63794436326609], [-90.12135857394713, 38.64258604896054], [-90.12709675507955, 38.642727219229855], [-90.13283497637043, 38.64286810847808], [-90.13857323774008, 38.64300871669927], [-90.14431153910874, 38.643149043887504], [-90.15004988039681, 38.64328909003685], [-90.15578826152439, 38.64342885514139], [-90.16152668241186, 38.64356833919522], [-90.16726514297947, 38.64370754219247], [-90.17300364314747, 38.64384646412727], [-90.17874218283609, 38.64398510499372], [-90.18448076196563, 38.64412346478601], [-90.19021938045634, 38.644261543498274], [-90.19613354616266, 38.639898793950096], [-90.20204699586435, 38.63553571516044], [-90.20795972970198, 38.63117230726659]]}}, {"type": "Feature", "properties": {"route_run_id": "stl_midamerica_to_st_louis_union_station_2026-03-07_0276", "route_pair": "midamerica_to_st_louis_union_station", "route_pair_label": "MidAmerica to St. Louis Union Station", "origin_label": "MidAmerica St. Louis Airport", "destination_label": "St. Louis Union Station", "origin_lat": 38.5451731, "origin_lon": -89.8351856, "destination_lat": 38.629167, "destination_lon": -90.2075, "traffic_date": "2026-03-07", "traffic_dataset": "March 7th - Saturday", "weight_id": "w_0276", "distance_weight": 0.7, "population_weight": 0.2, "traffic_weight": 0.1, "airspace_weight": 0.0, "path_nodes": 67, "path_node_ids": [8877, 8876, 8868, 8869, 8870, 8867, 9753, 9754, 9755, 9744, 9746, 9747, 9745, 9737, 9736, 9734, 9735, 9919, 9916, 9918, 9917, 9935, 9938, 9939, 9930, 9931, 9928, 9929, 9839, 9873, 9878, 9876, 9859, 9857, 9892, 9894, 9906, 9907, 9908, 9909, 2213, 2212, 2214, 1997, 1994, 1995, 1996, 2005, 2004, 2007, 2006, 2191, 2194, 2193, 2192, 2418, 2422, 2425, 2427, 2453, 2455, 2457, 2376, 2399, 2401, 2404, 2715], "elapsed_seconds": 0.009958900045603514, "status": "success", "failure_reason": "", "route_distance_km": 46.66483855528596, "distance_cost_sum": 51.357672610051345, "population_cost_sum": 17.7725010107366, "traffic_cost_sum": 18.701551684193102, "airspace_cost_sum": 38.0, "total_weighted_score": 41.37502619760257}, "geometry": {"type": "LineString", "coordinates": [[-89.83272609742262, 38.54503213945896], [-89.83845499191484, 38.54518713674757], [-89.84418393041321, 38.54534185422887], [-89.8499129128385, 38.54549629189633], [-89.85564193911159, 38.545650449743434], [-89.86137100915332, 38.54580432776372], [-89.86710012288452, 38.545957925950695], [-89.87282928022606, 38.546111244297876], [-89.8785584810987, 38.54626428279884], [-89.88428772542336, 38.54641704144712], [-89.8900170131208, 38.5465695202363], [-89.89574634411186, 38.54672171915994], [-89.90147571831739, 38.546873638211636], [-89.90720513565815, 38.54702527738502], [-89.91293459605497, 38.54717663667367], [-89.91866409942871, 38.54732771607122], [-89.92439364570006, 38.54747851557132], [-89.9301232347899, 38.54762903516762], [-89.93585286661902, 38.54777927485379], [-89.94158254110822, 38.54792923462347], [-89.94731225817821, 38.548078914470366], [-89.95304201774988, 38.54822831438818], [-89.95858208911035, 38.55287709782697], [-89.96431228957056, 38.553025961699916], [-89.97004253230493, 38.553174545580205], [-89.97577281723424, 38.553322849461594], [-89.9815031442792, 38.55347087333782], [-89.98723351336055, 38.553618617202645], [-89.99296392439905, 38.55376608104985], [-89.9985070979577, 38.55841308997815], [-90.00405098413212, 38.56305986168546], [-90.00978223321245, 38.56320653239988], [-90.01551352395292, 38.56335292298239], [-90.02124485627424, 38.56349903342687], [-90.0267906493719, 38.568144797547276], [-90.03233715550313, 38.57279032390402], [-90.03788437484658, 38.57743561236495], [-90.04361694244231, 38.577580671847514], [-90.0493495512521, 38.57772545102705], [-90.05508220119658, 38.57786994989744], [-90.06081489219632, 38.57801416845261], [-90.06654762417196, 38.57815810668649], [-90.072280397044, 38.57830176459299], [-90.07801321073313, 38.57844514216606], [-90.0837460651599, 38.578588239399664], [-90.08947896024489, 38.57873105628777], [-90.09521189590866, 38.57887359282438], [-90.10094487207182, 38.57901584900345], [-90.10667788865496, 38.579157824818985], [-90.11241094557855, 38.579299520265025], [-90.11814404276322, 38.57944093533558], [-90.12387718012955, 38.579582070024706], [-90.1296103575981, 38.57972292432643], [-90.13534357508938, 38.579863498234836], [-90.14107683252396, 38.580003791744], [-90.14663191796852, 38.58464420615243], [-90.15218771733517, 38.589284380730234], [-90.15774423080212, 38.593924315345014], [-90.16330145854758, 38.59856400986431], [-90.16885940074975, 38.60320346415569], [-90.17441805758689, 38.60784267808668], [-90.17997742923725, 38.612481651524796], [-90.18553751587909, 38.6171203843375], [-90.19127398739786, 38.61725833052981], [-90.19683518607279, 38.62189656380297], [-90.20239710011477, 38.62653455609276], [-90.20795972970198, 38.63117230726659]]}}, {"type": "Feature", "properties": {"route_run_id": "stl_midamerica_to_st_louis_union_station_2026-03-07_0278", "route_pair": "midamerica_to_st_louis_union_station", "route_pair_label": "MidAmerica to St. Louis Union Station", "origin_label": "MidAmerica St. Louis Airport", "destination_label": "St. Louis Union Station", "origin_lat": 38.5451731, "origin_lon": -89.8351856, "destination_lat": 38.629167, "destination_lon": -90.2075, "traffic_date": "2026-03-07", "traffic_dataset": "March 7th - Saturday", "weight_id": "w_0278", "distance_weight": 0.8, "population_weight": 0.0, "traffic_weight": 0.0, "airspace_weight": 0.2, "path_nodes": 67, "path_node_ids": [8877, 8876, 8892, 8897, 8899, 8926, 9788, 10013, 10014, 10036, 10052, 10054, 10061, 10051, 10049, 10048, 10050, 10253, 10252, 10241, 10240, 10248, 10246, 10247, 10245, 10231, 10230, 10262, 10150, 10148, 10149, 10151, 10161, 10159, 10158, 10160, 10166, 10168, 10167, 10169, 2247, 2269, 2268, 2257, 2256, 2254, 2279, 2293, 2296, 2301, 2303, 2491, 2492, 2818, 2496, 2507, 2506, 2828, 2505, 2809, 2811, 2810, 2728, 2730, 2731, 2729, 2715], "elapsed_seconds": 0.007422799943014979, "status": "success", "failure_reason": "", "route_distance_km": 46.683328700980354, "distance_cost_sum": 51.37802221113185, "population_cost_sum": 29.474393947782595, "traffic_cost_sum": 21.16368640132933, "airspace_cost_sum": 22.6, "total_weighted_score": 45.622417768905486}, "geometry": {"type": "LineString", "coordinates": [[-89.83272609742262, 38.54503213945896], [-89.83845499191484, 38.54518713674757], [-89.84398707949187, 38.54984103165108], [-89.84951987896733, 38.55449469187918], [-89.85505339052077, 38.559148117300026], [-89.86058761433173, 38.563801307781745], [-89.86612255057987, 38.568454263192415], [-89.87165819944471, 38.57310698340007], [-89.87719456110594, 38.577759468272795], [-89.88273163574308, 38.582411717678575], [-89.88826942353593, 38.58706373148541], [-89.89380792466403, 38.591715509561276], [-89.89934713930707, 38.59636705177409], [-89.90508047722643, 38.59651895818466], [-89.91081385831642, 38.59667058421835], [-89.91654728249756, 38.596821929868824], [-89.92228074969049, 38.59697299512966], [-89.92801425981584, 38.59712377999449], [-89.93374781279411, 38.597274284457015], [-89.93948140854593, 38.5974245085108], [-89.94521504699188, 38.5975744521496], [-89.95094872805251, 38.59772411536704], [-89.95668245164843, 38.59787349815684], [-89.96241621770018, 38.59802260051268], [-89.96815002612831, 38.59817142242828], [-89.9738838768534, 38.59831996389739], [-89.97961776979602, 38.59846822491371], [-89.98535170487666, 38.59861620547102], [-89.99108568201598, 38.59876390556306], [-89.99681970113441, 38.59891132518362], [-90.00255376215256, 38.59905846432648], [-90.00828786499093, 38.59920532298544], [-90.01402200957008, 38.5993519011543], [-90.01975619581054, 38.599498198826886], [-90.02549042363282, 38.599644215997024], [-90.03122469295744, 38.59978995265856], [-90.03695900370492, 38.599935408805365], [-90.0426933557958, 38.60008058443128], [-90.04842774915056, 38.600225479530216], [-90.05416218368977, 38.60037009409603], [-90.05989665933384, 38.60051442812264], [-90.06563117600335, 38.600658481603965], [-90.07136573361876, 38.60080225453393], [-90.07710033210058, 38.60094574690646], [-90.0828349713693, 38.601088958715515], [-90.08856965134538, 38.60123188995506], [-90.0941227455516, 38.605874717602354], [-90.09967655430022, 38.61051730605643], [-90.10523107776994, 38.61515965518486], [-90.11078631613944, 38.61980176485522], [-90.11652262799952, 38.61994338379215], [-90.1220789793104, 38.62458499570804], [-90.12781572923257, 38.62472607564535], [-90.13337319363258, 38.629367189437694], [-90.13911038141684, 38.62950773017495], [-90.14484760917111, 38.62964799001386], [-90.15058487681573, 38.629787968948484], [-90.156322184271, 38.62992766697294], [-90.16205953145733, 38.63006708408134], [-90.16779691829495, 38.630206220267794], [-90.17353434470424, 38.6303450755264], [-90.17927181060547, 38.63048364985134], [-90.185009315919, 38.63062194323676], [-90.1907468605651, 38.6307599556768], [-90.1964844444641, 38.63089768716567], [-90.2022220675363, 38.63103513769752], [-90.20795972970198, 38.63117230726659]]}}, {"type": "Feature", "properties": {"route_run_id": "stl_midamerica_to_st_louis_union_station_2026-03-07_0146", "route_pair": "midamerica_to_st_louis_union_station", "route_pair_label": "MidAmerica to St. Louis Union Station", "origin_label": "MidAmerica St. Louis Airport", "destination_label": "St. Louis Union Station", "origin_lat": 38.5451731, "origin_lon": -89.8351856, "destination_lat": 38.629167, "destination_lon": -90.2075, "traffic_date": "2026-03-07", "traffic_dataset": "March 7th - Saturday", "weight_id": "w_0146", "distance_weight": 0.2, "population_weight": 0.3, "traffic_weight": 0.0, "airspace_weight": 0.5, "path_nodes": 68, "path_node_ids": [8877, 8881, 8904, 8922, 8923, 8927, 9145, 10016, 10018, 10062, 10055, 10058, 10094, 10096, 10103, 10104, 10110, 10109, 10516, 10515, 10514, 10517, 10522, 10299, 10300, 10301, 10309, 10308, 10310, 10343, 10345, 10344, 10342, 10355, 10210, 10208, 10209, 10326, 10328, 10322, 10191, 2276, 2518, 2277, 2509, 2287, 2508, 2286, 2298, 2300, 2301, 2307, 2495, 2820, 2823, 2827, 2849, 2848, 2850, 2837, 2859, 2858, 2860, 2763, 2762, 2737, 2732, 2715], "elapsed_seconds": 0.03260000003501773, "status": "success", "failure_reason": "", "route_distance_km": 50.26499556893611, "distance_cost_sum": 55.319878223015614, "population_cost_sum": 14.392523489752, "traffic_cost_sum": 28.692281394678965, "airspace_cost_sum": 22.6, "total_weighted_score": 26.68173269152873}, "geometry": {"type": "LineString", "coordinates": [[-89.83272609742262, 38.54503213945896], [-89.83252853470323, 38.54953126729425], [-89.83806053424684, 38.55418543772932], [-89.84359324582596, 38.558839373542895], [-89.84912666962028, 38.563493074603095], [-89.85466080580946, 38.568146540778045], [-89.86019565457306, 38.572799771935806], [-89.86573121609086, 38.57745276794444], [-89.87126749054252, 38.58210552867199], [-89.8768044781077, 38.58675805398646], [-89.88234217896623, 38.591410343755804], [-89.8878805932977, 38.59606239784802], [-89.89341972128202, 38.600714216131045], [-89.89895956309883, 38.60536579847276], [-89.90450011892796, 38.61001714474108], [-89.91004138894921, 38.614668254803874], [-89.9155833733424, 38.61931912852895], [-89.92131862594731, 38.619470314708934], [-89.9268617252078, 38.624120695492145], [-89.93259742104341, 38.62427134452904], [-89.93833315971467, 38.6244217128885], [-89.94406894114202, 38.62457180056415], [-89.94980476524591, 38.62472160754967], [-89.95554063194687, 38.62487113383877], [-89.96127654116528, 38.62502037942509], [-89.96701249282155, 38.625169344302385], [-89.97274848683627, 38.62531802846435], [-89.97848452312972, 38.62546643190471], [-89.98422060162243, 38.625614554617215], [-89.98995672223481, 38.62576239659562], [-89.9956928848873, 38.625909957833684], [-90.00142908950032, 38.62605723832518], [-90.00716533599429, 38.6262042380639], [-90.01290162428964, 38.62635095704363], [-90.01882443193752, 38.62199753976251], [-90.0245604460918, 38.62214367381969], [-90.03029650179865, 38.62228952714421], [-90.03603259897847, 38.622435099729884], [-90.04176873755169, 38.622580391570615], [-90.04768956620967, 38.61822542646607], [-90.05360968000618, 38.61387013007287], [-90.0593452273907, 38.61401453341643], [-90.0650808158304, 38.61415865608025], [-90.07081644524574, 38.61430249805824], [-90.07655211555712, 38.614446059344324], [-90.08228782668499, 38.614589339932465], [-90.08802357854981, 38.61473233981663], [-90.09375937107193, 38.61487505899075], [-90.09949520417183, 38.615017497448825], [-90.10505004462816, 38.61965986513943], [-90.11078631613944, 38.61980176485522], [-90.11634226958749, 38.624443634935055], [-90.12189893829279, 38.62908526529191], [-90.12745632243416, 38.63372665579325], [-90.13301442219031, 38.63836780630655], [-90.13857323774008, 38.64300871669927], [-90.14431153910874, 38.643149043887504], [-90.15004988039681, 38.64328909003685], [-90.15578826152439, 38.64342885514139], [-90.16152668241186, 38.64356833919522], [-90.16726514297947, 38.64370754219247], [-90.17300364314747, 38.64384646412727], [-90.17874218283609, 38.64398510499372], [-90.18448076196563, 38.64412346478601], [-90.19021938045634, 38.644261543498274], [-90.19613354616266, 38.639898793950096], [-90.20204699586435, 38.63553571516044], [-90.20795972970198, 38.63117230726659]]}}, {"type": "Feature", "properties": {"route_run_id": "stl_midamerica_to_st_louis_union_station_2026-03-07_0287", "route_pair": "midamerica_to_st_louis_union_station", "route_pair_label": "MidAmerica to St. Louis Union Station", "origin_label": "MidAmerica St. Louis Airport", "destination_label": "St. Louis Union Station", "origin_lat": 38.5451731, "origin_lon": -89.8351856, "destination_lat": 38.629167, "destination_lon": -90.2075, "traffic_date": "2026-03-07", "traffic_dataset": "March 7th - Saturday", "weight_id": "w_0287", "distance_weight": 1.0, "population_weight": 0.0, "traffic_weight": 0.0, "airspace_weight": 0.0, "path_nodes": 67, "path_node_ids": [8877, 8876, 8868, 8869, 8870, 8867, 9753, 9754, 9755, 9744, 9746, 9747, 9745, 9737, 9736, 9734, 9735, 9919, 9916, 9918, 9917, 9935, 9934, 9936, 9926, 9927, 9924, 9925, 9835, 9837, 9836, 9834, 9827, 9824, 9826, 9825, 9844, 9845, 9843, 9842, 1936, 1935, 1934, 1942, 1943, 1940, 1941, 1950, 1951, 1953, 1956, 2137, 2161, 2164, 2190, 2185, 2187, 2419, 2423, 2448, 2452, 2454, 2372, 2399, 2401, 2404, 2715], "elapsed_seconds": 0.005076700006611645, "status": "success", "failure_reason": "", "route_distance_km": 46.65953988976652, "distance_cost_sum": 51.351841085986514, "population_cost_sum": 22.434615468248182, "traffic_cost_sum": 18.417362833629305, "airspace_cost_sum": 37.0, "total_weighted_score": 51.351841085986514}, "geometry": {"type": "LineString", "coordinates": [[-89.83272609742262, 38.54503213945896], [-89.83845499191484, 38.54518713674757], [-89.84418393041321, 38.54534185422887], [-89.8499129128385, 38.54549629189633], [-89.85564193911159, 38.545650449743434], [-89.86137100915332, 38.54580432776372], [-89.86710012288452, 38.545957925950695], [-89.87282928022606, 38.546111244297876], [-89.8785584810987, 38.54626428279884], [-89.88428772542336, 38.54641704144712], [-89.8900170131208, 38.5465695202363], [-89.89574634411186, 38.54672171915994], [-89.90147571831739, 38.546873638211636], [-89.90720513565815, 38.54702527738502], [-89.91293459605497, 38.54717663667367], [-89.91866409942871, 38.54732771607122], [-89.92439364570006, 38.54747851557132], [-89.9301232347899, 38.54762903516762], [-89.93585286661902, 38.54777927485379], [-89.94158254110822, 38.54792923462347], [-89.94731225817821, 38.548078914470366], [-89.95304201774988, 38.54822831438818], [-89.95877181974393, 38.548377434370614], [-89.96450166408115, 38.54852627441138], [-89.97023155068236, 38.54867483450422], [-89.9759614794683, 38.54882311464288], [-89.9816914503597, 38.548971114821086], [-89.98742146327739, 38.54911883503266], [-89.99315151814207, 38.549266275271336], [-89.99888161487452, 38.549413435530916], [-90.0046117533955, 38.549560315805195], [-90.01034193362574, 38.54970691608802], [-90.01607215548597, 38.549853236373174], [-90.02180241889697, 38.54999927665452], [-90.02753272377944, 38.55014503692589], [-90.03326307005413, 38.550290517181146], [-90.03899345764175, 38.55043571741418], [-90.04472388646306, 38.55058063761886], [-90.05045435643876, 38.55072527778908], [-90.05618486748959, 38.55086963791876], [-90.06191541953623, 38.551013718001805], [-90.06764601249938, 38.55115751803215], [-90.07337664629978, 38.551301038003736], [-90.07910732085814, 38.55144427791053], [-90.08483803609515, 38.551587237746496], [-90.0905687919315, 38.55172991750559], [-90.09629958828789, 38.551872317181825], [-90.10203042508502, 38.55201443676919], [-90.10776130224352, 38.552156276261705], [-90.11349221968413, 38.55229783565337], [-90.11904342193196, 38.55693942878366], [-90.12459533705245, 38.56158078278454], [-90.13014796522363, 38.56622189752371], [-90.13570130662362, 38.570862772868885], [-90.14125536143048, 38.57550340868776], [-90.14681012982238, 38.58014380484799], [-90.15236561197744, 38.5847839612172], [-90.15792180807382, 38.58942387766302], [-90.16347871828971, 38.59406355405304], [-90.1690363428032, 38.598702990254786], [-90.17459468179258, 38.60334218613583], [-90.18015373543601, 38.6079811415637], [-90.18571350391167, 38.61261985640587], [-90.19127398739786, 38.61725833052981], [-90.19683518607279, 38.62189656380297], [-90.20239710011477, 38.62653455609276], [-90.20795972970198, 38.63117230726659]]}}, {"type": "Feature", "properties": {"route_run_id": "stl_midamerica_to_st_louis_union_station_2026-03-07_0258", "route_pair": "midamerica_to_st_louis_union_station", "route_pair_label": "MidAmerica to St. Louis Union Station", "origin_label": "MidAmerica St. Louis Airport", "destination_label": "St. Louis Union Station", "origin_lat": 38.5451731, "origin_lon": -89.8351856, "destination_lat": 38.629167, "destination_lon": -90.2075, "traffic_date": "2026-03-07", "traffic_dataset": "March 7th - Saturday", "weight_id": "w_0258", "distance_weight": 0.6, "population_weight": 0.1, "traffic_weight": 0.0, "airspace_weight": 0.3, "path_nodes": 67, "path_node_ids": [8877, 8879, 8896, 8900, 8924, 8930, 10012, 10015, 10019, 10053, 10057, 10054, 10061, 10051, 10049, 10072, 10079, 10284, 10288, 10286, 10289, 10294, 10281, 10292, 10293, 10304, 10303, 10302, 10315, 10316, 10317, 10314, 10207, 10206, 10204, 10205, 10323, 10324, 10322, 10325, 2520, 2521, 2519, 2510, 2512, 2513, 2511, 2302, 2300, 2301, 2307, 2491, 2492, 2818, 2496, 2507, 2506, 2828, 2505, 2809, 2811, 2810, 2728, 2730, 2731, 2729, 2715], "elapsed_seconds": 0.011123999953269958, "status": "success", "failure_reason": "", "route_distance_km": 46.68855540718086, "distance_cost_sum": 51.383774539312654, "population_cost_sum": 19.97466848935391, "traffic_cost_sum": 28.25929839669934, "airspace_cost_sum": 23.2, "total_weighted_score": 39.78773157252298}, "geometry": {"type": "LineString", "coordinates": [[-89.83272609742262, 38.54503213945896], [-89.83825778508921, 38.54968628939868], [-89.84379018463301, 38.55434020475587], [-89.84932329623358, 38.558993885398685], [-89.85485712007056, 38.56364733119524], [-89.86039165632353, 38.56830054201366], [-89.86592690517212, 38.57295351772198], [-89.871462866796, 38.577606258188254], [-89.87699954137483, 38.582258763280514], [-89.88253692908823, 38.586911032866766], [-89.88807503011597, 38.59156306681497], [-89.89380792466403, 38.591715509561276], [-89.89934713930707, 38.59636705177409], [-89.90508047722643, 38.59651895818466], [-89.91081385831642, 38.59667058421835], [-89.91635458673171, 38.60132137816604], [-89.92189602906302, 38.60597193580059], [-89.92743818549003, 38.61062225698987], [-89.93298105619242, 38.615272341601674], [-89.93871608023923, 38.61542266184741], [-89.94445114702152, 38.615572701498955], [-89.95018625645967, 38.61572246055001], [-89.9559214084743, 38.61587193899423], [-89.9616566029858, 38.61602113682532], [-89.96739183991471, 38.61617005403699], [-89.97312711918148, 38.61631869062297], [-89.97886244070665, 38.616467046576965], [-89.9845978044106, 38.61661512189275], [-89.9903332102139, 38.61676291656407], [-89.99606865803695, 38.61691043058469], [-90.00180414780024, 38.61705766394838], [-90.00753967942423, 38.617204616648934], [-90.01327525282936, 38.61735128868017], [-90.01901086793612, 38.61749768003589], [-90.02474652466493, 38.617643790709906], [-90.03048222293627, 38.617789620696094], [-90.03621796267052, 38.617935169988264], [-90.0419537437882, 38.61808043858029], [-90.04768956620967, 38.61822542646607], [-90.05342542985542, 38.61837013363945], [-90.05916133464585, 38.61851456009435], [-90.06489728050143, 38.618658705824664], [-90.07063326734246, 38.618802570824315], [-90.07636929508949, 38.61894615508724], [-90.08210536366288, 38.61908945860739], [-90.087841472983, 38.61923248137871], [-90.09357762297034, 38.61937522339516], [-90.09931381354528, 38.61951768465076], [-90.10505004462816, 38.61965986513943], [-90.11078631613944, 38.61980176485522], [-90.11634226958749, 38.624443634935055], [-90.1220789793104, 38.62458499570804], [-90.12781572923257, 38.62472607564535], [-90.13337319363258, 38.629367189437694], [-90.13911038141684, 38.62950773017495], [-90.14484760917111, 38.62964799001386], [-90.15058487681573, 38.629787968948484], [-90.156322184271, 38.62992766697294], [-90.16205953145733, 38.63006708408134], [-90.16779691829495, 38.630206220267794], [-90.17353434470424, 38.6303450755264], [-90.17927181060547, 38.63048364985134], [-90.185009315919, 38.63062194323676], [-90.1907468605651, 38.6307599556768], [-90.1964844444641, 38.63089768716567], [-90.2022220675363, 38.63103513769752], [-90.20795972970198, 38.63117230726659]]}}, {"type": "Feature", "properties": {"route_run_id": "stl_midamerica_to_st_louis_union_station_2026-03-07_0125", "route_pair": "midamerica_to_st_louis_union_station", "route_pair_label": "MidAmerica to St. Louis Union Station", "origin_label": "MidAmerica St. Louis Airport", "destination_label": "St. Louis Union Station", "origin_lat": 38.5451731, "origin_lon": -89.8351856, "destination_lat": 38.629167, "destination_lon": -90.2075, "traffic_date": "2026-03-07", "traffic_dataset": "March 7th - Saturday", "weight_id": "w_0125", "distance_weight": 0.2, "population_weight": 0.0, "traffic_weight": 0.3, "airspace_weight": 0.5, "path_nodes": 67, "path_node_ids": [8877, 8876, 8892, 8897, 8899, 8926, 9788, 10013, 10014, 10036, 10052, 10054, 10061, 10051, 10049, 10048, 10050, 10253, 10252, 10241, 10240, 10248, 10244, 10242, 10221, 10225, 10224, 10226, 10130, 10142, 10143, 10131, 10141, 10152, 10140, 10153, 10162, 10168, 10163, 10121, 2242, 2243, 2245, 2257, 2280, 2281, 2282, 2293, 2296, 2301, 2303, 2491, 2497, 2818, 2496, 2507, 2506, 2828, 2505, 2809, 2811, 2810, 2728, 2730, 2731, 2729, 2715], "elapsed_seconds": 0.03419820009730756, "status": "success", "failure_reason": "", "route_distance_km": 48.81322464068012, "distance_cost_sum": 53.72211043153754, "population_cost_sum": 29.670486779086705, "traffic_cost_sum": 16.694432306821376, "airspace_cost_sum": 22.6, "total_weighted_score": 27.05275177835393}, "geometry": {"type": "LineString", "coordinates": [[-89.83272609742262, 38.54503213945896], [-89.83845499191484, 38.54518713674757], [-89.84398707949187, 38.54984103165108], [-89.84951987896733, 38.55449469187918], [-89.85505339052077, 38.559148117300026], [-89.86058761433173, 38.563801307781745], [-89.86612255057987, 38.568454263192415], [-89.87165819944471, 38.57310698340007], [-89.87719456110594, 38.577759468272795], [-89.88273163574308, 38.582411717678575], [-89.88826942353593, 38.58706373148541], [-89.89380792466403, 38.591715509561276], [-89.89934713930707, 38.59636705177409], [-89.90508047722643, 38.59651895818466], [-89.91081385831642, 38.59667058421835], [-89.91654728249756, 38.596821929868824], [-89.92228074969049, 38.59697299512966], [-89.92801425981584, 38.59712377999449], [-89.93374781279411, 38.597274284457015], [-89.93948140854593, 38.5974245085108], [-89.94521504699188, 38.5975744521496], [-89.95094872805251, 38.59772411536704], [-89.95687260627673, 38.5933738772936], [-89.96260601541215, 38.59352295578797], [-89.96833946691376, 38.59367175388689], [-89.97426200234347, 38.589320575018675], [-89.97999518147154, 38.58946878858366], [-89.98572840271736, 38.5896167217792], [-89.99146166600147, 38.58976437459906], [-89.99719497124443, 38.58991174703701], [-90.00292831836684, 38.590058839086815], [-90.00866170728929, 38.59020565074231], [-90.01439513793235, 38.59035218199731], [-90.02012861021655, 38.590498432845614], [-90.02586212406251, 38.590644403281054], [-90.03159567939072, 38.59079009329748], [-90.03714416058007, 38.595435457957215], [-90.0426933557958, 38.60008058443128], [-90.04861219189988, 38.59572548225811], [-90.05453031393769, 38.591370049050525], [-90.06026407548569, 38.59151433688004], [-90.06599787803927, 38.59165834425389], [-90.07154874799711, 38.59630216495158], [-90.07710033210058, 38.60094574690646], [-90.08265263052834, 38.605589089986196], [-90.08838766772114, 38.60573204410446], [-90.09394107859575, 38.61037489039303], [-90.09967655430022, 38.61051730605643], [-90.10523107776994, 38.61515965518486], [-90.11078631613944, 38.61980176485522], [-90.11652262799952, 38.61994338379215], [-90.1220789793104, 38.62458499570804], [-90.12763604589804, 38.629226367808045], [-90.13337319363258, 38.629367189437694], [-90.13911038141684, 38.62950773017495], [-90.14484760917111, 38.62964799001386], [-90.15058487681573, 38.629787968948484], [-90.156322184271, 38.62992766697294], [-90.16205953145733, 38.63006708408134], [-90.16779691829495, 38.630206220267794], [-90.17353434470424, 38.6303450755264], [-90.17927181060547, 38.63048364985134], [-90.185009315919, 38.63062194323676], [-90.1907468605651, 38.6307599556768], [-90.1964844444641, 38.63089768716567], [-90.2022220675363, 38.63103513769752], [-90.20795972970198, 38.63117230726659]]}}, {"type": "Feature", "properties": {"route_run_id": "stl_midamerica_to_st_louis_union_station_2026-03-07_0184", "route_pair": "midamerica_to_st_louis_union_station", "route_pair_label": "MidAmerica to St. Louis Union Station", "origin_label": "MidAmerica St. Louis Airport", "destination_label": "St. Louis Union Station", "origin_lat": 38.5451731, "origin_lon": -89.8351856, "destination_lat": 38.629167, "destination_lon": -90.2075, "traffic_date": "2026-03-07", "traffic_dataset": "March 7th - Saturday", "weight_id": "w_0184", "distance_weight": 0.3, "population_weight": 0.2, "traffic_weight": 0.1, "airspace_weight": 0.4, "path_nodes": 68, "path_node_ids": [8877, 8881, 8904, 8922, 8923, 8927, 9145, 10016, 10018, 10062, 10055, 10058, 10094, 10096, 10103, 10104, 10110, 10109, 10291, 10512, 10290, 10289, 10294, 10281, 10292, 10293, 10304, 10303, 10270, 10313, 10180, 10312, 10181, 10203, 10200, 10202, 10201, 10189, 10190, 10188, 10191, 2276, 2518, 2277, 2509, 2287, 2508, 2286, 2298, 2300, 2301, 2307, 2491, 2497, 2818, 2496, 2507, 2506, 2828, 2505, 2809, 2811, 2808, 2405, 2730, 2731, 2729, 2715], "elapsed_seconds": 0.026031199959106743, "status": "success", "failure_reason": "", "route_distance_km": 48.66228297537591, "distance_cost_sum": 53.55598936758643, "population_cost_sum": 17.07976587843695, "traffic_cost_sum": 23.727341763508935, "airspace_cost_sum": 22.6, "total_weighted_score": 30.89548416231422}, "geometry": {"type": "LineString", "coordinates": [[-89.83272609742262, 38.54503213945896], [-89.83252853470323, 38.54953126729425], [-89.83806053424684, 38.55418543772932], [-89.84359324582596, 38.558839373542895], [-89.84912666962028, 38.563493074603095], [-89.85466080580946, 38.568146540778045], [-89.86019565457306, 38.572799771935806], [-89.86573121609086, 38.57745276794444], [-89.87126749054252, 38.58210552867199], [-89.8768044781077, 38.58675805398646], [-89.88234217896623, 38.591410343755804], [-89.8878805932977, 38.59606239784802], [-89.89341972128202, 38.600714216131045], [-89.89895956309883, 38.60536579847276], [-89.90450011892796, 38.61001714474108], [-89.91004138894921, 38.614668254803874], [-89.9155833733424, 38.61931912852895], [-89.92131862594731, 38.619470314708934], [-89.92705392153653, 38.61962122026898], [-89.93278926003055, 38.619771845202735], [-89.93852464134986, 38.619922189503846], [-89.94445114702152, 38.615572701498955], [-89.95018625645967, 38.61572246055001], [-89.9559214084743, 38.61587193899423], [-89.9616566029858, 38.61602113682532], [-89.96739183991471, 38.61617005403699], [-89.97312711918148, 38.61631869062297], [-89.97886244070665, 38.616467046576965], [-89.98478634265064, 38.61211539915841], [-89.99052139116867, 38.61226317018054], [-89.99625648169634, 38.61241066059679], [-90.00199161415404, 38.61255787040093], [-90.00772678846238, 38.612704799586744], [-90.01346200454176, 38.612851448148064], [-90.01919726231266, 38.612997816078675], [-90.02493256169556, 38.61314390337241], [-90.03066790261092, 38.61328971002312], [-90.03640328497923, 38.613435236024664], [-90.04213870872088, 38.61358048137086], [-90.04787417375634, 38.61372544605564], [-90.05360968000618, 38.61387013007287], [-90.0593452273907, 38.61401453341643], [-90.0650808158304, 38.61415865608025], [-90.07081644524574, 38.61430249805824], [-90.07655211555712, 38.614446059344324], [-90.08228782668499, 38.614589339932465], [-90.08802357854981, 38.61473233981663], [-90.09375937107193, 38.61487505899075], [-90.09949520417183, 38.615017497448825], [-90.10505004462816, 38.61965986513943], [-90.11078631613944, 38.61980176485522], [-90.11634226958749, 38.624443634935055], [-90.1220789793104, 38.62458499570804], [-90.12763604589804, 38.629226367808045], [-90.13337319363258, 38.629367189437694], [-90.13911038141684, 38.62950773017495], [-90.14484760917111, 38.62964799001386], [-90.15058487681573, 38.629787968948484], [-90.156322184271, 38.62992766697294], [-90.16205953145733, 38.63006708408134], [-90.16779691829495, 38.630206220267794], [-90.17353434470424, 38.6303450755264], [-90.179448274358, 38.625983156498016], [-90.18518542189227, 38.626121427753255], [-90.1907468605651, 38.6307599556768], [-90.1964844444641, 38.63089768716567], [-90.2022220675363, 38.63103513769752], [-90.20795972970198, 38.63117230726659]]}}, {"type": "Feature", "properties": {"route_run_id": "stl_midamerica_to_st_louis_union_station_2026-03-07_0250", "route_pair": "midamerica_to_st_louis_union_station", "route_pair_label": "MidAmerica to St. Louis Union Station", "origin_label": "MidAmerica St. Louis Airport", "destination_label": "St. Louis Union Station", "origin_lat": 38.5451731, "origin_lon": -89.8351856, "destination_lat": 38.629167, "destination_lon": -90.2075, "traffic_date": "2026-03-07", "traffic_dataset": "March 7th - Saturday", "weight_id": "w_0250", "distance_weight": 0.5, "population_weight": 0.4, "traffic_weight": 0.0, "airspace_weight": 0.1, "path_nodes": 68, "path_node_ids": [8877, 8881, 8904, 8922, 8923, 8927, 9145, 10016, 10018, 10062, 10055, 10058, 10094, 10096, 10103, 10104, 10110, 10109, 10516, 10515, 10514, 10517, 10522, 10299, 10300, 10301, 10309, 10308, 10533, 10363, 10350, 10351, 10362, 10372, 10360, 10361, 10373, 10340, 10338, 10341, 10339, 2555, 2554, 2556, 2553, 2544, 2546, 2545, 2560, 2564, 2567, 2566, 2844, 2842, 2843, 2841, 2854, 2852, 2853, 2851, 2861, 2862, 2863, 2763, 2762, 2737, 2732, 2715], "elapsed_seconds": 0.016977000050246716, "status": "success", "failure_reason": "", "route_distance_km": 49.203575913705706, "distance_cost_sum": 54.15171725122495, "population_cost_sum": 13.730163017454618, "traffic_cost_sum": 27.403515307439022, "airspace_cost_sum": 24.4, "total_weighted_score": 35.00792383259433}, "geometry": {"type": "LineString", "coordinates": [[-89.83272609742262, 38.54503213945896], [-89.83252853470323, 38.54953126729425], [-89.83806053424684, 38.55418543772932], [-89.84359324582596, 38.558839373542895], [-89.84912666962028, 38.563493074603095], [-89.85466080580946, 38.568146540778045], [-89.86019565457306, 38.572799771935806], [-89.86573121609086, 38.57745276794444], [-89.87126749054252, 38.58210552867199], [-89.8768044781077, 38.58675805398646], [-89.88234217896623, 38.591410343755804], [-89.8878805932977, 38.59606239784802], [-89.89341972128202, 38.600714216131045], [-89.89895956309883, 38.60536579847276], [-89.90450011892796, 38.61001714474108], [-89.91004138894921, 38.614668254803874], [-89.9155833733424, 38.61931912852895], [-89.92131862594731, 38.619470314708934], [-89.9268617252078, 38.624120695492145], [-89.93259742104341, 38.62427134452904], [-89.93833315971467, 38.6244217128885], [-89.94406894114202, 38.62457180056415], [-89.94980476524591, 38.62472160754967], [-89.95554063194687, 38.62487113383877], [-89.96127654116528, 38.62502037942509], [-89.96701249282155, 38.625169344302385], [-89.97274848683627, 38.62531802846435], [-89.97848452312972, 38.62546643190471], [-89.98403193705393, 38.63011426460664], [-89.98958006609531, 38.63476185964426], [-89.99531694389556, 38.63490946811138], [-90.00105386367663, 38.63505679574229], [-90.0067908253589, 38.63520384253075], [-90.01252782886277, 38.63535060847056], [-90.01826487410864, 38.635497093555536], [-90.02400196101686, 38.63564329777947], [-90.0297390895078, 38.63578922113622], [-90.03547625950182, 38.63593486361964], [-90.04121347091932, 38.63608022522354], [-90.04695072368057, 38.63622530594182], [-90.05268801770602, 38.636370105768364], [-90.058425352916, 38.63651462469704], [-90.06416272923086, 38.636658862721774], [-90.0699001465709, 38.63680281983647], [-90.0756376048565, 38.63694649603503], [-90.08137510400799, 38.63708989131143], [-90.08711264394572, 38.63723300565962], [-90.09285022458998, 38.63737583907351], [-90.09840625259658, 38.64201855779177], [-90.10396299643912, 38.64666103690741], [-90.10970141459032, 38.646803072928776], [-90.11543987314892, 38.64694482790208], [-90.12117837203515, 38.64708630182135], [-90.12691691116937, 38.64722749468063], [-90.13265549047176, 38.64736840647394], [-90.1383941098626, 38.64750903719531], [-90.14413276926219, 38.64764938683886], [-90.14987146859082, 38.647789455398616], [-90.15561020776862, 38.64792924286868], [-90.16134898671594, 38.648068749243166], [-90.16708780535298, 38.6482079745162], [-90.17282666359999, 38.64834691868183], [-90.17856556137721, 38.64848558173427], [-90.18448076196563, 38.64412346478601], [-90.19021938045634, 38.644261543498274], [-90.19613354616266, 38.639898793950096], [-90.20204699586435, 38.63553571516044], [-90.20795972970198, 38.63117230726659]]}}, {"type": "Feature", "properties": {"route_run_id": "stl_midamerica_to_st_louis_union_station_2026-03-07_0219", "route_pair": "midamerica_to_st_louis_union_station", "route_pair_label": "MidAmerica to St. Louis Union Station", "origin_label": "MidAmerica St. Louis Airport", "destination_label": "St. Louis Union Station", "origin_lat": 38.5451731, "origin_lon": -89.8351856, "destination_lat": 38.629167, "destination_lon": -90.2075, "traffic_date": "2026-03-07", "traffic_dataset": "March 7th - Saturday", "weight_id": "w_0219", "distance_weight": 0.4, "population_weight": 0.2, "traffic_weight": 0.2, "airspace_weight": 0.2, "path_nodes": 67, "path_node_ids": [8877, 8879, 8896, 8900, 8924, 8930, 10012, 10015, 10019, 10053, 10057, 10054, 10061, 10051, 10049, 10072, 10079, 10284, 10283, 10286, 10289, 10294, 10281, 10292, 10293, 10304, 10303, 10270, 10313, 10180, 10312, 10181, 10203, 10200, 10202, 10201, 10189, 10190, 10188, 10191, 2276, 2518, 2519, 2510, 2517, 2515, 2516, 2530, 2534, 2532, 2535, 2495, 2497, 2818, 2496, 2507, 2506, 2828, 2505, 2809, 2811, 2810, 2728, 2730, 2731, 2729, 2715], "elapsed_seconds": 0.02162090002093464, "status": "success", "failure_reason": "", "route_distance_km": 47.75448388528879, "distance_cost_sum": 52.55689776226222, "population_cost_sum": 21.175752039137233, "traffic_cost_sum": 19.371968554726923, "airspace_cost_sum": 23.2, "total_weighted_score": 33.772303223677724}, "geometry": {"type": "LineString", "coordinates": [[-89.83272609742262, 38.54503213945896], [-89.83825778508921, 38.54968628939868], [-89.84379018463301, 38.55434020475587], [-89.84932329623358, 38.558993885398685], [-89.85485712007056, 38.56364733119524], [-89.86039165632353, 38.56830054201366], [-89.86592690517212, 38.57295351772198], [-89.871462866796, 38.577606258188254], [-89.87699954137483, 38.582258763280514], [-89.88253692908823, 38.586911032866766], [-89.88807503011597, 38.59156306681497], [-89.89380792466403, 38.591715509561276], [-89.89934713930707, 38.59636705177409], [-89.90508047722643, 38.59651895818466], [-89.91081385831642, 38.59667058421835], [-89.91635458673171, 38.60132137816604], [-89.92189602906302, 38.60597193580059], [-89.92743818549003, 38.61062225698987], [-89.93317280953934, 38.61077283372623], [-89.93871608023923, 38.61542266184741], [-89.94445114702152, 38.615572701498955], [-89.95018625645967, 38.61572246055001], [-89.9559214084743, 38.61587193899423], [-89.9616566029858, 38.61602113682532], [-89.96739183991471, 38.61617005403699], [-89.97312711918148, 38.61631869062297], [-89.97886244070665, 38.616467046576965], [-89.98478634265064, 38.61211539915841], [-89.99052139116867, 38.61226317018054], [-89.99625648169634, 38.61241066059679], [-90.00199161415404, 38.61255787040093], [-90.00772678846238, 38.612704799586744], [-90.01346200454176, 38.612851448148064], [-90.01919726231266, 38.612997816078675], [-90.02493256169556, 38.61314390337241], [-90.03066790261092, 38.61328971002312], [-90.03640328497923, 38.613435236024664], [-90.04213870872088, 38.61358048137086], [-90.04787417375634, 38.61372544605564], [-90.05360968000618, 38.61387013007287], [-90.0593452273907, 38.61401453341643], [-90.0650808158304, 38.61415865608025], [-90.07063326734246, 38.618802570824315], [-90.07636929508949, 38.61894615508724], [-90.08192285989396, 38.62358957308307], [-90.08765932674906, 38.623732618744384], [-90.09339583428118, 38.623875383605984], [-90.09895091075838, 38.62851804648185], [-90.10450670259345, 38.633160469873815], [-90.1102440470662, 38.63330243772981], [-90.115981431917, 38.63344412467236], [-90.12189893829279, 38.62908526529191], [-90.12763604589804, 38.629226367808045], [-90.13337319363258, 38.629367189437694], [-90.13911038141684, 38.62950773017495], [-90.14484760917111, 38.62964799001386], [-90.15058487681573, 38.629787968948484], [-90.156322184271, 38.62992766697294], [-90.16205953145733, 38.63006708408134], [-90.16779691829495, 38.630206220267794], [-90.17353434470424, 38.6303450755264], [-90.17927181060547, 38.63048364985134], [-90.185009315919, 38.63062194323676], [-90.1907468605651, 38.6307599556768], [-90.1964844444641, 38.63089768716567], [-90.2022220675363, 38.63103513769752], [-90.20795972970198, 38.63117230726659]]}}, {"type": "Feature", "properties": {"route_run_id": "stl_midamerica_to_st_louis_union_station_2026-03-07_0249", "route_pair": "midamerica_to_st_louis_union_station", "route_pair_label": "MidAmerica to St. Louis Union Station", "origin_label": "MidAmerica St. Louis Airport", "destination_label": "St. Louis Union Station", "origin_lat": 38.5451731, "origin_lon": -89.8351856, "destination_lat": 38.629167, "destination_lon": -90.2075, "traffic_date": "2026-03-07", "traffic_dataset": "March 7th - Saturday", "weight_id": "w_0249", "distance_weight": 0.5, "population_weight": 0.3, "traffic_weight": 0.2, "airspace_weight": 0.0, "path_nodes": 67, "path_node_ids": [8877, 8876, 8868, 8869, 8870, 8867, 9753, 9754, 9755, 9744, 9746, 9747, 9745, 9737, 9736, 9734, 9735, 9919, 9916, 9918, 9917, 9935, 9938, 9939, 9930, 9931, 9928, 9929, 9839, 9841, 9840, 9838, 9855, 9853, 9854, 9852, 9850, 9851, 9863, 9862, 1962, 1961, 1960, 1947, 1944, 1946, 1945, 1954, 1955, 1981, 1979, 2159, 2166, 2188, 2192, 2418, 2422, 2425, 2427, 2453, 2455, 2457, 2376, 2399, 2401, 2404, 2715], "elapsed_seconds": 0.019431599997915328, "status": "success", "failure_reason": "", "route_distance_km": 47.19410833722159, "distance_cost_sum": 51.940168232549645, "population_cost_sum": 18.238156205845957, "traffic_cost_sum": 16.060022950626532, "airspace_cost_sum": 38.0, "total_weighted_score": 34.65353556815391}, "geometry": {"type": "LineString", "coordinates": [[-89.83272609742262, 38.54503213945896], [-89.83845499191484, 38.54518713674757], [-89.84418393041321, 38.54534185422887], [-89.8499129128385, 38.54549629189633], [-89.85564193911159, 38.545650449743434], [-89.86137100915332, 38.54580432776372], [-89.86710012288452, 38.545957925950695], [-89.87282928022606, 38.546111244297876], [-89.8785584810987, 38.54626428279884], [-89.88428772542336, 38.54641704144712], [-89.8900170131208, 38.5465695202363], [-89.89574634411186, 38.54672171915994], [-89.90147571831739, 38.546873638211636], [-89.90720513565815, 38.54702527738502], [-89.91293459605497, 38.54717663667367], [-89.91866409942871, 38.54732771607122], [-89.92439364570006, 38.54747851557132], [-89.9301232347899, 38.54762903516762], [-89.93585286661902, 38.54777927485379], [-89.94158254110822, 38.54792923462347], [-89.94731225817821, 38.548078914470366], [-89.95304201774988, 38.54822831438818], [-89.95858208911035, 38.55287709782697], [-89.96431228957056, 38.553025961699916], [-89.97004253230493, 38.553174545580205], [-89.97577281723424, 38.553322849461594], [-89.9815031442792, 38.55347087333782], [-89.98723351336055, 38.553618617202645], [-89.99296392439905, 38.55376608104985], [-89.99869437731542, 38.55391326487322], [-90.00442487203037, 38.55406016866657], [-90.01015540846471, 38.55420679242369], [-90.0156997760314, 38.558853031674964], [-90.02143075196999, 38.55899911872885], [-90.0271617694001, 38.55914492568329], [-90.03289282824241, 38.5592904525321], [-90.0386239284176, 38.5594356992692], [-90.04435506984643, 38.55958066588843], [-90.0500862524495, 38.5597253523837], [-90.05581747614751, 38.55986975874894], [-90.06154874086116, 38.56001388497803], [-90.0672800465111, 38.56015773106491], [-90.073011393018, 38.560301297003505], [-90.07892507092458, 38.5559444324479], [-90.08465614249485, 38.556087415176435], [-90.09038725467427, 38.55623011778336], [-90.09611840738349, 38.55637254026264], [-90.1018496005432, 38.5565146826083], [-90.10758083407408, 38.556656544814345], [-90.11313195589696, 38.5612984139155], [-90.11886362640328, 38.561439738451156], [-90.12441585794114, 38.56608111085856], [-90.12996880268844, 38.57072224396472], [-90.13552246082332, 38.57536313763731], [-90.14107683252396, 38.580003791744], [-90.14663191796852, 38.58464420615243], [-90.15218771733517, 38.589284380730234], [-90.15774423080212, 38.593924315345014], [-90.16330145854758, 38.59856400986431], [-90.16885940074975, 38.60320346415569], [-90.17441805758689, 38.60784267808668], [-90.17997742923725, 38.612481651524796], [-90.18553751587909, 38.6171203843375], [-90.19127398739786, 38.61725833052981], [-90.19683518607279, 38.62189656380297], [-90.20239710011477, 38.62653455609276], [-90.20795972970198, 38.63117230726659]]}}, {"type": "Feature", "properties": {"route_run_id": "stl_midamerica_to_st_louis_union_station_2026-03-07_0133", "route_pair": "midamerica_to_st_louis_union_station", "route_pair_label": "MidAmerica to St. Louis Union Station", "origin_label": "MidAmerica St. Louis Airport", "destination_label": "St. Louis Union Station", "origin_lat": 38.5451731, "origin_lon": -89.8351856, "destination_lat": 38.629167, "destination_lon": -90.2075, "traffic_date": "2026-03-07", "traffic_dataset": "March 7th - Saturday", "weight_id": "w_0133", "distance_weight": 0.2, "population_weight": 0.1, "traffic_weight": 0.2, "airspace_weight": 0.5, "path_nodes": 67, "path_node_ids": [8877, 8879, 8896, 8900, 8924, 8930, 10012, 10015, 10019, 10053, 10057, 10054, 10061, 10051, 10049, 10048, 10050, 10253, 10252, 10241, 10240, 10248, 10246, 10247, 10245, 10263, 10265, 10264, 10173, 10174, 10172, 10175, 10195, 10198, 10196, 10197, 10185, 10187, 10186, 10191, 2276, 2518, 2519, 2510, 2517, 2515, 2516, 2530, 2534, 2532, 2535, 2495, 2497, 2818, 2496, 2507, 2506, 2828, 2505, 2809, 2811, 2810, 2728, 2730, 2731, 2729, 2715], "elapsed_seconds": 0.035374099970795214, "status": "success", "failure_reason": "", "route_distance_km": 47.21937707182564, "distance_cost_sum": 51.967978109091455, "population_cost_sum": 24.626518398591795, "traffic_cost_sum": 17.85921841578689, "airspace_cost_sum": 23.2, "total_weighted_score": 28.02809114483486}, "geometry": {"type": "LineString", "coordinates": [[-89.83272609742262, 38.54503213945896], [-89.83825778508921, 38.54968628939868], [-89.84379018463301, 38.55434020475587], [-89.84932329623358, 38.558993885398685], [-89.85485712007056, 38.56364733119524], [-89.86039165632353, 38.56830054201366], [-89.86592690517212, 38.57295351772198], [-89.871462866796, 38.577606258188254], [-89.87699954137483, 38.582258763280514], [-89.88253692908823, 38.586911032866766], [-89.88807503011597, 38.59156306681497], [-89.89380792466403, 38.591715509561276], [-89.89934713930707, 38.59636705177409], [-89.90508047722643, 38.59651895818466], [-89.91081385831642, 38.59667058421835], [-89.91654728249756, 38.596821929868824], [-89.92228074969049, 38.59697299512966], [-89.92801425981584, 38.59712377999449], [-89.93374781279411, 38.597274284457015], [-89.93948140854593, 38.5974245085108], [-89.94521504699188, 38.5975744521496], [-89.95094872805251, 38.59772411536704], [-89.95668245164843, 38.59787349815684], [-89.96241621770018, 38.59802260051268], [-89.96815002612831, 38.59817142242828], [-89.97369475078722, 38.60281965195827], [-89.97942900075623, 38.60296793670464], [-89.98516329287352, 38.603115940947184], [-89.99089762705957, 38.603263664679695], [-89.99663200323492, 38.603411107895916], [-90.00236642132012, 38.60355827058964], [-90.00810088123565, 38.603705152754664], [-90.01383538290203, 38.603851754384785], [-90.01938361507719, 38.6084979478912], [-90.0251185571937, 38.60864401180754], [-90.03085354083264, 38.60878979512565], [-90.03658856591449, 38.60893529783942], [-90.04232363235971, 38.609080519942665], [-90.04805874008878, 38.60922546142931], [-90.05360968000618, 38.61387013007287], [-90.0593452273907, 38.61401453341643], [-90.0650808158304, 38.61415865608025], [-90.07063326734246, 38.618802570824315], [-90.07636929508949, 38.61894615508724], [-90.08192285989396, 38.62358957308307], [-90.08765932674906, 38.623732618744384], [-90.09339583428118, 38.623875383605984], [-90.09895091075838, 38.62851804648185], [-90.10450670259345, 38.633160469873815], [-90.1102440470662, 38.63330243772981], [-90.115981431917, 38.63344412467236], [-90.12189893829279, 38.62908526529191], [-90.12763604589804, 38.629226367808045], [-90.13337319363258, 38.629367189437694], [-90.13911038141684, 38.62950773017495], [-90.14484760917111, 38.62964799001386], [-90.15058487681573, 38.629787968948484], [-90.156322184271, 38.62992766697294], [-90.16205953145733, 38.63006708408134], [-90.16779691829495, 38.630206220267794], [-90.17353434470424, 38.6303450755264], [-90.17927181060547, 38.63048364985134], [-90.185009315919, 38.63062194323676], [-90.1907468605651, 38.6307599556768], [-90.1964844444641, 38.63089768716567], [-90.2022220675363, 38.63103513769752], [-90.20795972970198, 38.63117230726659]]}}, {"type": "Feature", "properties": {"route_run_id": "stl_midamerica_to_st_louis_union_station_2026-03-07_0256", "route_pair": "midamerica_to_st_louis_union_station", "route_pair_label": "MidAmerica to St. Louis Union Station", "origin_label": "MidAmerica St. Louis Airport", "destination_label": "St. Louis Union Station", "origin_lat": 38.5451731, "origin_lon": -89.8351856, "destination_lat": 38.629167, "destination_lon": -90.2075, "traffic_date": "2026-03-07", "traffic_dataset": "March 7th - Saturday", "weight_id": "w_0256", "distance_weight": 0.6, "population_weight": 0.0, "traffic_weight": 0.3, "airspace_weight": 0.1, "path_nodes": 67, "path_node_ids": [8877, 8876, 8868, 8893, 8894, 8871, 9758, 9756, 9757, 9750, 9773, 9779, 9777, 9769, 9771, 9770, 9792, 9975, 9974, 9976, 9980, 9987, 9988, 9986, 9985, 9999, 9998, 10000, 10124, 10123, 10122, 10125, 10139, 10138, 10140, 10155, 10166, 10182, 10186, 10191, 2276, 2521, 2523, 2526, 2542, 2541, 2543, 2533, 2534, 2532, 2535, 2819, 2497, 2818, 2496, 2507, 2506, 2828, 2505, 2809, 2811, 2810, 2728, 2730, 2731, 2729, 2715], "elapsed_seconds": 0.01318200002424419, "status": "success", "failure_reason": "", "route_distance_km": 47.212543305506614, "distance_cost_sum": 51.960457107322846, "population_cost_sum": 25.543096900376103, "traffic_cost_sum": 14.740299742088238, "airspace_cost_sum": 28.4, "total_weighted_score": 38.43836418702018}, "geometry": {"type": "LineString", "coordinates": [[-89.83272609742262, 38.54503213945896], [-89.83845499191484, 38.54518713674757], [-89.84418393041321, 38.54534185422887], [-89.84971641783211, 38.549995494044936], [-89.85544580003071, 38.55014967657376], [-89.86117522600853, 38.55030357923106], [-89.86690469568633, 38.55045720201035], [-89.87263420898502, 38.550610544905176], [-89.87836376582533, 38.55076360790903], [-89.88409336612811, 38.55091639101554], [-89.88962896320348, 38.555568263906835], [-89.89516527250416, 38.56021990134085], [-89.90089571497577, 38.56037189337378], [-89.90662620061389, 38.56052360539423], [-89.91216402109853, 38.56517449573953], [-89.91789494911032, 38.56532567191472], [-89.92362592006123, 38.56547656801355], [-89.92935693387194, 38.56562718402969], [-89.93508799046323, 38.565777519956754], [-89.94062812038845, 38.57042715041154], [-89.94616896320129, 38.57507654445588], [-89.95190086057701, 38.57522608794758], [-89.95763280043668, 38.57537535123546], [-89.96336478270089, 38.575524334313236], [-89.96909680729033, 38.57567303717464], [-89.97463995904508, 38.58032116913299], [-89.9803724246763, 38.580469335258314], [-89.98610493240487, 38.58061722110372], [-89.99183748215145, 38.580764826663], [-89.99757007383663, 38.58091215192994], [-90.00330270738102, 38.581059196898295], [-90.00903538270526, 38.58120596156188], [-90.01458163964669, 38.58585231607147], [-90.02031475507195, 38.58599854351194], [-90.02586212406251, 38.590644403281054], [-90.03141020688051, 38.59529002508962], [-90.03695900370492, 38.599935408805365], [-90.04250851471467, 38.60458055429603], [-90.04805874008878, 38.60922546142931], [-90.05360968000618, 38.61387013007287], [-90.0593452273907, 38.61401453341643], [-90.06489728050143, 38.618658705824664], [-90.07045004853325, 38.62330263938551], [-90.07600353166524, 38.62794633396657], [-90.08155773007638, 38.632589789435436], [-90.08729491224024, 38.63273288088516], [-90.0930321351008, 38.63287569144548], [-90.09876939857845, 38.63301822111036], [-90.10450670259345, 38.633160469873815], [-90.1102440470662, 38.63330243772981], [-90.115981431917, 38.63344412467236], [-90.12171885706623, 38.633585530695484], [-90.12763604589804, 38.629226367808045], [-90.13337319363258, 38.629367189437694], [-90.13911038141684, 38.62950773017495], [-90.14484760917111, 38.62964799001386], [-90.15058487681573, 38.629787968948484], [-90.156322184271, 38.62992766697294], [-90.16205953145733, 38.63006708408134], [-90.16779691829495, 38.630206220267794], [-90.17353434470424, 38.6303450755264], [-90.17927181060547, 38.63048364985134], [-90.185009315919, 38.63062194323676], [-90.1907468605651, 38.6307599556768], [-90.1964844444641, 38.63089768716567], [-90.2022220675363, 38.63103513769752], [-90.20795972970198, 38.63117230726659]]}}, {"type": "Feature", "properties": {"route_run_id": "stl_midamerica_to_st_louis_union_station_2026-03-07_0284", "route_pair": "midamerica_to_st_louis_union_station", "route_pair_label": "MidAmerica to St. Louis Union Station", "origin_label": "MidAmerica St. Louis Airport", "destination_label": "St. Louis Union Station", "origin_lat": 38.5451731, "origin_lon": -89.8351856, "destination_lat": 38.629167, "destination_lon": -90.2075, "traffic_date": "2026-03-07", "traffic_dataset": "March 7th - Saturday", "weight_id": "w_0284", "distance_weight": 0.9, "population_weight": 0.0, "traffic_weight": 0.0, "airspace_weight": 0.1, "path_nodes": 67, "path_node_ids": [8877, 8876, 8892, 8897, 8899, 8926, 9788, 10013, 10014, 10036, 10052, 10054, 10061, 10051, 10049, 10048, 10050, 10253, 10252, 10241, 10240, 10248, 10246, 10247, 10245, 10231, 10230, 10262, 10150, 10148, 10149, 10151, 10161, 10159, 10158, 10160, 10166, 10168, 10167, 10169, 2247, 2269, 2268, 2257, 2256, 2254, 2279, 2293, 2296, 2301, 2303, 2491, 2492, 2818, 2496, 2507, 2506, 2828, 2505, 2809, 2811, 2810, 2728, 2730, 2731, 2729, 2715], "elapsed_seconds": 0.006367399939335883, "status": "success", "failure_reason": "", "route_distance_km": 46.683328700980354, "distance_cost_sum": 51.37802221113185, "population_cost_sum": 29.474393947782595, "traffic_cost_sum": 21.16368640132933, "airspace_cost_sum": 22.6, "total_weighted_score": 48.500219990018664}, "geometry": {"type": "LineString", "coordinates": [[-89.83272609742262, 38.54503213945896], [-89.83845499191484, 38.54518713674757], [-89.84398707949187, 38.54984103165108], [-89.84951987896733, 38.55449469187918], [-89.85505339052077, 38.559148117300026], [-89.86058761433173, 38.563801307781745], [-89.86612255057987, 38.568454263192415], [-89.87165819944471, 38.57310698340007], [-89.87719456110594, 38.577759468272795], [-89.88273163574308, 38.582411717678575], [-89.88826942353593, 38.58706373148541], [-89.89380792466403, 38.591715509561276], [-89.89934713930707, 38.59636705177409], [-89.90508047722643, 38.59651895818466], [-89.91081385831642, 38.59667058421835], [-89.91654728249756, 38.596821929868824], [-89.92228074969049, 38.59697299512966], [-89.92801425981584, 38.59712377999449], [-89.93374781279411, 38.597274284457015], [-89.93948140854593, 38.5974245085108], [-89.94521504699188, 38.5975744521496], [-89.95094872805251, 38.59772411536704], [-89.95668245164843, 38.59787349815684], [-89.96241621770018, 38.59802260051268], [-89.96815002612831, 38.59817142242828], [-89.9738838768534, 38.59831996389739], [-89.97961776979602, 38.59846822491371], [-89.98535170487666, 38.59861620547102], [-89.99108568201598, 38.59876390556306], [-89.99681970113441, 38.59891132518362], [-90.00255376215256, 38.59905846432648], [-90.00828786499093, 38.59920532298544], [-90.01402200957008, 38.5993519011543], [-90.01975619581054, 38.599498198826886], [-90.02549042363282, 38.599644215997024], [-90.03122469295744, 38.59978995265856], [-90.03695900370492, 38.599935408805365], [-90.0426933557958, 38.60008058443128], [-90.04842774915056, 38.600225479530216], [-90.05416218368977, 38.60037009409603], [-90.05989665933384, 38.60051442812264], [-90.06563117600335, 38.600658481603965], [-90.07136573361876, 38.60080225453393], [-90.07710033210058, 38.60094574690646], [-90.0828349713693, 38.601088958715515], [-90.08856965134538, 38.60123188995506], [-90.0941227455516, 38.605874717602354], [-90.09967655430022, 38.61051730605643], [-90.10523107776994, 38.61515965518486], [-90.11078631613944, 38.61980176485522], [-90.11652262799952, 38.61994338379215], [-90.1220789793104, 38.62458499570804], [-90.12781572923257, 38.62472607564535], [-90.13337319363258, 38.629367189437694], [-90.13911038141684, 38.62950773017495], [-90.14484760917111, 38.62964799001386], [-90.15058487681573, 38.629787968948484], [-90.156322184271, 38.62992766697294], [-90.16205953145733, 38.63006708408134], [-90.16779691829495, 38.630206220267794], [-90.17353434470424, 38.6303450755264], [-90.17927181060547, 38.63048364985134], [-90.185009315919, 38.63062194323676], [-90.1907468605651, 38.6307599556768], [-90.1964844444641, 38.63089768716567], [-90.2022220675363, 38.63103513769752], [-90.20795972970198, 38.63117230726659]]}}, {"type": "Feature", "properties": {"route_run_id": "stl_midamerica_to_st_louis_union_station_2026-03-07_0204", "route_pair": "midamerica_to_st_louis_union_station", "route_pair_label": "MidAmerica to St. Louis Union Station", "origin_label": "MidAmerica St. Louis Airport", "destination_label": "St. Louis Union Station", "origin_lat": 38.5451731, "origin_lon": -89.8351856, "destination_lat": 38.629167, "destination_lon": -90.2075, "traffic_date": "2026-03-07", "traffic_dataset": "March 7th - Saturday", "weight_id": "w_0204", "distance_weight": 0.4, "population_weight": 0.0, "traffic_weight": 0.0, "airspace_weight": 0.6, "path_nodes": 67, "path_node_ids": [8877, 8876, 8892, 8897, 8899, 8926, 9788, 10013, 10014, 10036, 10052, 10054, 10061, 10051, 10049, 10048, 10050, 10253, 10252, 10241, 10240, 10248, 10246, 10247, 10245, 10231, 10230, 10262, 10150, 10148, 10149, 10151, 10161, 10159, 10158, 10160, 10166, 10168, 10167, 10169, 2247, 2269, 2268, 2257, 2256, 2254, 2279, 2293, 2296, 2301, 2303, 2491, 2492, 2818, 2496, 2507, 2506, 2828, 2505, 2809, 2811, 2810, 2728, 2730, 2731, 2729, 2715], "elapsed_seconds": 0.016515900031663477, "status": "success", "failure_reason": "", "route_distance_km": 46.683328700980354, "distance_cost_sum": 51.37802221113185, "population_cost_sum": 29.474393947782595, "traffic_cost_sum": 21.16368640132933, "airspace_cost_sum": 22.6, "total_weighted_score": 34.11120888445275}, "geometry": {"type": "LineString", "coordinates": [[-89.83272609742262, 38.54503213945896], [-89.83845499191484, 38.54518713674757], [-89.84398707949187, 38.54984103165108], [-89.84951987896733, 38.55449469187918], [-89.85505339052077, 38.559148117300026], [-89.86058761433173, 38.563801307781745], [-89.86612255057987, 38.568454263192415], [-89.87165819944471, 38.57310698340007], [-89.87719456110594, 38.577759468272795], [-89.88273163574308, 38.582411717678575], [-89.88826942353593, 38.58706373148541], [-89.89380792466403, 38.591715509561276], [-89.89934713930707, 38.59636705177409], [-89.90508047722643, 38.59651895818466], [-89.91081385831642, 38.59667058421835], [-89.91654728249756, 38.596821929868824], [-89.92228074969049, 38.59697299512966], [-89.92801425981584, 38.59712377999449], [-89.93374781279411, 38.597274284457015], [-89.93948140854593, 38.5974245085108], [-89.94521504699188, 38.5975744521496], [-89.95094872805251, 38.59772411536704], [-89.95668245164843, 38.59787349815684], [-89.96241621770018, 38.59802260051268], [-89.96815002612831, 38.59817142242828], [-89.9738838768534, 38.59831996389739], [-89.97961776979602, 38.59846822491371], [-89.98535170487666, 38.59861620547102], [-89.99108568201598, 38.59876390556306], [-89.99681970113441, 38.59891132518362], [-90.00255376215256, 38.59905846432648], [-90.00828786499093, 38.59920532298544], [-90.01402200957008, 38.5993519011543], [-90.01975619581054, 38.599498198826886], [-90.02549042363282, 38.599644215997024], [-90.03122469295744, 38.59978995265856], [-90.03695900370492, 38.599935408805365], [-90.0426933557958, 38.60008058443128], [-90.04842774915056, 38.600225479530216], [-90.05416218368977, 38.60037009409603], [-90.05989665933384, 38.60051442812264], [-90.06563117600335, 38.600658481603965], [-90.07136573361876, 38.60080225453393], [-90.07710033210058, 38.60094574690646], [-90.0828349713693, 38.601088958715515], [-90.08856965134538, 38.60123188995506], [-90.0941227455516, 38.605874717602354], [-90.09967655430022, 38.61051730605643], [-90.10523107776994, 38.61515965518486], [-90.11078631613944, 38.61980176485522], [-90.11652262799952, 38.61994338379215], [-90.1220789793104, 38.62458499570804], [-90.12781572923257, 38.62472607564535], [-90.13337319363258, 38.629367189437694], [-90.13911038141684, 38.62950773017495], [-90.14484760917111, 38.62964799001386], [-90.15058487681573, 38.629787968948484], [-90.156322184271, 38.62992766697294], [-90.16205953145733, 38.63006708408134], [-90.16779691829495, 38.630206220267794], [-90.17353434470424, 38.6303450755264], [-90.17927181060547, 38.63048364985134], [-90.185009315919, 38.63062194323676], [-90.1907468605651, 38.6307599556768], [-90.1964844444641, 38.63089768716567], [-90.2022220675363, 38.63103513769752], [-90.20795972970198, 38.63117230726659]]}}, {"type": "Feature", "properties": {"route_run_id": "stl_midamerica_to_st_louis_union_station_2026-03-07_0235", "route_pair": "midamerica_to_st_louis_union_station", "route_pair_label": "MidAmerica to St. Louis Union Station", "origin_label": "MidAmerica St. Louis Airport", "destination_label": "St. Louis Union Station", "origin_lat": 38.5451731, "origin_lon": -89.8351856, "destination_lat": 38.629167, "destination_lon": -90.2075, "traffic_date": "2026-03-07", "traffic_dataset": "March 7th - Saturday", "weight_id": "w_0235", "distance_weight": 0.5, "population_weight": 0.0, "traffic_weight": 0.3, "airspace_weight": 0.2, "path_nodes": 67, "path_node_ids": [8877, 8876, 8892, 8897, 8899, 8926, 9788, 10013, 10014, 10036, 10052, 10054, 10061, 10051, 10049, 10048, 10050, 10253, 10252, 10241, 10240, 10248, 10246, 10247, 10245, 10263, 10265, 10264, 10173, 10174, 10172, 10175, 10195, 10193, 10196, 10197, 10185, 10187, 10186, 10191, 2276, 2521, 2523, 2526, 2542, 2541, 2543, 2533, 2534, 2532, 2535, 2819, 2497, 2818, 2496, 2507, 2506, 2828, 2505, 2809, 2811, 2810, 2728, 2730, 2731, 2729, 2715], "elapsed_seconds": 0.01658960001077503, "status": "success", "failure_reason": "", "route_distance_km": 47.21942094361455, "distance_cost_sum": 51.96802639283231, "population_cost_sum": 25.520294314951332, "traffic_cost_sum": 16.455395725282752, "airspace_cost_sum": 24.4, "total_weighted_score": 35.80063191400098}, "geometry": {"type": "LineString", "coordinates": [[-89.83272609742262, 38.54503213945896], [-89.83845499191484, 38.54518713674757], [-89.84398707949187, 38.54984103165108], [-89.84951987896733, 38.55449469187918], [-89.85505339052077, 38.559148117300026], [-89.86058761433173, 38.563801307781745], [-89.86612255057987, 38.568454263192415], [-89.87165819944471, 38.57310698340007], [-89.87719456110594, 38.577759468272795], [-89.88273163574308, 38.582411717678575], [-89.88826942353593, 38.58706373148541], [-89.89380792466403, 38.591715509561276], [-89.89934713930707, 38.59636705177409], [-89.90508047722643, 38.59651895818466], [-89.91081385831642, 38.59667058421835], [-89.91654728249756, 38.596821929868824], [-89.92228074969049, 38.59697299512966], [-89.92801425981584, 38.59712377999449], [-89.93374781279411, 38.597274284457015], [-89.93948140854593, 38.5974245085108], [-89.94521504699188, 38.5975744521496], [-89.95094872805251, 38.59772411536704], [-89.95668245164843, 38.59787349815684], [-89.96241621770018, 38.59802260051268], [-89.96815002612831, 38.59817142242828], [-89.97369475078722, 38.60281965195827], [-89.97942900075623, 38.60296793670464], [-89.98516329287352, 38.603115940947184], [-89.99089762705957, 38.603263664679695], [-89.99663200323492, 38.603411107895916], [-90.00236642132012, 38.60355827058964], [-90.00810088123565, 38.603705152754664], [-90.01383538290203, 38.603851754384785], [-90.01956992623981, 38.60399807547383], [-90.0251185571937, 38.60864401180754], [-90.03085354083264, 38.60878979512565], [-90.03658856591449, 38.60893529783942], [-90.04232363235971, 38.609080519942665], [-90.04805874008878, 38.60922546142931], [-90.05360968000618, 38.61387013007287], [-90.0593452273907, 38.61401453341643], [-90.06489728050143, 38.618658705824664], [-90.07045004853325, 38.62330263938551], [-90.07600353166524, 38.62794633396657], [-90.08155773007638, 38.632589789435436], [-90.08729491224024, 38.63273288088516], [-90.0930321351008, 38.63287569144548], [-90.09876939857845, 38.63301822111036], [-90.10450670259345, 38.633160469873815], [-90.1102440470662, 38.63330243772981], [-90.115981431917, 38.63344412467236], [-90.12171885706623, 38.633585530695484], [-90.12763604589804, 38.629226367808045], [-90.13337319363258, 38.629367189437694], [-90.13911038141684, 38.62950773017495], [-90.14484760917111, 38.62964799001386], [-90.15058487681573, 38.629787968948484], [-90.156322184271, 38.62992766697294], [-90.16205953145733, 38.63006708408134], [-90.16779691829495, 38.630206220267794], [-90.17353434470424, 38.6303450755264], [-90.17927181060547, 38.63048364985134], [-90.185009315919, 38.63062194323676], [-90.1907468605651, 38.6307599556768], [-90.1964844444641, 38.63089768716567], [-90.2022220675363, 38.63103513769752], [-90.20795972970198, 38.63117230726659]]}}, {"type": "Feature", "properties": {"route_run_id": "stl_midamerica_to_st_louis_union_station_2026-03-07_0223", "route_pair": "midamerica_to_st_louis_union_station", "route_pair_label": "MidAmerica to St. Louis Union Station", "origin_label": "MidAmerica St. Louis Airport", "destination_label": "St. Louis Union Station", "origin_lat": 38.5451731, "origin_lon": -89.8351856, "destination_lat": 38.629167, "destination_lon": -90.2075, "traffic_date": "2026-03-07", "traffic_dataset": "March 7th - Saturday", "weight_id": "w_0223", "distance_weight": 0.4, "population_weight": 0.3, "traffic_weight": 0.1, "airspace_weight": 0.2, "path_nodes": 68, "path_node_ids": [8877, 8881, 8904, 8922, 8923, 8927, 9145, 10016, 10018, 10062, 10055, 10058, 10094, 10096, 10103, 10104, 10110, 10109, 10516, 10515, 10514, 10517, 10522, 10299, 10300, 10301, 10309, 10532, 10533, 10363, 10350, 10351, 10362, 10372, 10360, 10361, 10373, 10340, 10338, 10341, 10339, 2555, 2568, 2570, 2557, 2547, 2578, 2579, 2560, 2564, 2567, 2566, 2844, 2842, 2843, 2841, 2854, 2852, 2853, 2851, 2861, 2862, 2863, 2763, 2762, 2737, 2732, 2715], "elapsed_seconds": 0.020227400003932416, "status": "success", "failure_reason": "", "route_distance_km": 49.20384760089272, "distance_cost_sum": 54.152016260544066, "population_cost_sum": 13.800475862119155, "traffic_cost_sum": 23.957084044914872, "airspace_cost_sum": 24.4, "total_weighted_score": 33.07665766734487}, "geometry": {"type": "LineString", "coordinates": [[-89.83272609742262, 38.54503213945896], [-89.83252853470323, 38.54953126729425], [-89.83806053424684, 38.55418543772932], [-89.84359324582596, 38.558839373542895], [-89.84912666962028, 38.563493074603095], [-89.85466080580946, 38.568146540778045], [-89.86019565457306, 38.572799771935806], [-89.86573121609086, 38.57745276794444], [-89.87126749054252, 38.58210552867199], [-89.8768044781077, 38.58675805398646], [-89.88234217896623, 38.591410343755804], [-89.8878805932977, 38.59606239784802], [-89.89341972128202, 38.600714216131045], [-89.89895956309883, 38.60536579847276], [-89.90450011892796, 38.61001714474108], [-89.91004138894921, 38.614668254803874], [-89.9155833733424, 38.61931912852895], [-89.92131862594731, 38.619470314708934], [-89.9268617252078, 38.624120695492145], [-89.93259742104341, 38.62427134452904], [-89.93833315971467, 38.6244217128885], [-89.94406894114202, 38.62457180056415], [-89.94980476524591, 38.62472160754967], [-89.95554063194687, 38.62487113383877], [-89.96127654116528, 38.62502037942509], [-89.96701249282155, 38.625169344302385], [-89.97274848683627, 38.62531802846435], [-89.9782955010475, 38.62996611819141], [-89.98403193705393, 38.63011426460664], [-89.98958006609531, 38.63476185964426], [-89.99531694389556, 38.63490946811138], [-90.00105386367663, 38.63505679574229], [-90.0067908253589, 38.63520384253075], [-90.01252782886277, 38.63535060847056], [-90.01826487410864, 38.635497093555536], [-90.02400196101686, 38.63564329777947], [-90.0297390895078, 38.63578922113622], [-90.03547625950182, 38.63593486361964], [-90.04121347091932, 38.63608022522354], [-90.04695072368057, 38.63622530594182], [-90.05268801770602, 38.636370105768364], [-90.058425352916, 38.63651462469704], [-90.06397898887498, 38.64115889142429], [-90.06971676403892, 38.64130287157482], [-90.07545458015825, 38.64144657076439], [-90.08119243715339, 38.6415899889869], [-90.08693033494461, 38.641733126236325], [-90.09266827345223, 38.64187598250663], [-90.09840625259658, 38.64201855779177], [-90.10396299643912, 38.64666103690741], [-90.10970141459032, 38.646803072928776], [-90.11543987314892, 38.64694482790208], [-90.12117837203515, 38.64708630182135], [-90.12691691116937, 38.64722749468063], [-90.13265549047176, 38.64736840647394], [-90.1383941098626, 38.64750903719531], [-90.14413276926219, 38.64764938683886], [-90.14987146859082, 38.647789455398616], [-90.15561020776862, 38.64792924286868], [-90.16134898671594, 38.648068749243166], [-90.16708780535298, 38.6482079745162], [-90.17282666359999, 38.64834691868183], [-90.17856556137721, 38.64848558173427], [-90.18448076196563, 38.64412346478601], [-90.19021938045634, 38.644261543498274], [-90.19613354616266, 38.639898793950096], [-90.20204699586435, 38.63553571516044], [-90.20795972970198, 38.63117230726659]]}}, {"type": "Feature", "properties": {"route_run_id": "stl_midamerica_to_st_louis_union_station_2026-03-07_0147", "route_pair": "midamerica_to_st_louis_union_station", "route_pair_label": "MidAmerica to St. Louis Union Station", "origin_label": "MidAmerica St. Louis Airport", "destination_label": "St. Louis Union Station", "origin_lat": 38.5451731, "origin_lon": -89.8351856, "destination_lat": 38.629167, "destination_lon": -90.2075, "traffic_date": "2026-03-07", "traffic_dataset": "March 7th - Saturday", "weight_id": "w_0147", "distance_weight": 0.2, "population_weight": 0.3, "traffic_weight": 0.1, "airspace_weight": 0.4, "path_nodes": 68, "path_node_ids": [8877, 8881, 8904, 8922, 8923, 8927, 9145, 10016, 10018, 10062, 10055, 10058, 10094, 10096, 10103, 10104, 10110, 10109, 10516, 10515, 10290, 10289, 10294, 10281, 10292, 10293, 10304, 10303, 10270, 10313, 10180, 10312, 10181, 10203, 10200, 10202, 10201, 10189, 10190, 10188, 10191, 2276, 2518, 2519, 2510, 2512, 2515, 2516, 2530, 2534, 2532, 2558, 2840, 2842, 2843, 2841, 2854, 2852, 2853, 2851, 2861, 2862, 2863, 2763, 2762, 2737, 2732, 2715], "elapsed_seconds": 0.03622839995659888, "status": "success", "failure_reason": "", "route_distance_km": 50.79771973612835, "distance_cost_sum": 55.90617561988129, "population_cost_sum": 13.977331590351776, "traffic_cost_sum": 21.416506126538792, "airspace_cost_sum": 23.2, "total_weighted_score": 26.79608521373568}, "geometry": {"type": "LineString", "coordinates": [[-89.83272609742262, 38.54503213945896], [-89.83252853470323, 38.54953126729425], [-89.83806053424684, 38.55418543772932], [-89.84359324582596, 38.558839373542895], [-89.84912666962028, 38.563493074603095], [-89.85466080580946, 38.568146540778045], [-89.86019565457306, 38.572799771935806], [-89.86573121609086, 38.57745276794444], [-89.87126749054252, 38.58210552867199], [-89.8768044781077, 38.58675805398646], [-89.88234217896623, 38.591410343755804], [-89.8878805932977, 38.59606239784802], [-89.89341972128202, 38.600714216131045], [-89.89895956309883, 38.60536579847276], [-89.90450011892796, 38.61001714474108], [-89.91004138894921, 38.614668254803874], [-89.9155833733424, 38.61931912852895], [-89.92131862594731, 38.619470314708934], [-89.9268617252078, 38.624120695492145], [-89.93259742104341, 38.62427134452904], [-89.93852464134986, 38.619922189503846], [-89.94445114702152, 38.615572701498955], [-89.95018625645967, 38.61572246055001], [-89.9559214084743, 38.61587193899423], [-89.9616566029858, 38.61602113682532], [-89.96739183991471, 38.61617005403699], [-89.97312711918148, 38.61631869062297], [-89.97886244070665, 38.616467046576965], [-89.98478634265064, 38.61211539915841], [-89.99052139116867, 38.61226317018054], [-89.99625648169634, 38.61241066059679], [-90.00199161415404, 38.61255787040093], [-90.00772678846238, 38.612704799586744], [-90.01346200454176, 38.612851448148064], [-90.01919726231266, 38.612997816078675], [-90.02493256169556, 38.61314390337241], [-90.03066790261092, 38.61328971002312], [-90.03640328497923, 38.613435236024664], [-90.04213870872088, 38.61358048137086], [-90.04787417375634, 38.61372544605564], [-90.05360968000618, 38.61387013007287], [-90.0593452273907, 38.61401453341643], [-90.0650808158304, 38.61415865608025], [-90.07063326734246, 38.618802570824315], [-90.07636929508949, 38.61894615508724], [-90.08210536366288, 38.61908945860739], [-90.08765932674906, 38.623732618744384], [-90.09339583428118, 38.623875383605984], [-90.09895091075838, 38.62851804648185], [-90.10450670259345, 38.633160469873815], [-90.1102440470662, 38.63330243772981], [-90.11580095263906, 38.63794436326609], [-90.12135857394713, 38.64258604896054], [-90.12691691116937, 38.64722749468063], [-90.13265549047176, 38.64736840647394], [-90.1383941098626, 38.64750903719531], [-90.14413276926219, 38.64764938683886], [-90.14987146859082, 38.647789455398616], [-90.15561020776862, 38.64792924286868], [-90.16134898671594, 38.648068749243166], [-90.16708780535298, 38.6482079745162], [-90.17282666359999, 38.64834691868183], [-90.17856556137721, 38.64848558173427], [-90.18448076196563, 38.64412346478601], [-90.19021938045634, 38.644261543498274], [-90.19613354616266, 38.639898793950096], [-90.20204699586435, 38.63553571516044], [-90.20795972970198, 38.63117230726659]]}}, {"type": "Feature", "properties": {"route_run_id": "stl_midamerica_to_st_louis_union_station_2026-03-07_0271", "route_pair": "midamerica_to_st_louis_union_station", "route_pair_label": "MidAmerica to St. Louis Union Station", "origin_label": "MidAmerica St. Louis Airport", "destination_label": "St. Louis Union Station", "origin_lat": 38.5451731, "origin_lon": -89.8351856, "destination_lat": 38.629167, "destination_lon": -90.2075, "traffic_date": "2026-03-07", "traffic_dataset": "March 7th - Saturday", "weight_id": "w_0271", "distance_weight": 0.7, "population_weight": 0.0, "traffic_weight": 0.3, "airspace_weight": 0.0, "path_nodes": 67, "path_node_ids": [8877, 8876, 8868, 8869, 8870, 8867, 9753, 9754, 9755, 9744, 9746, 9747, 9745, 9733, 9721, 9732, 9720, 9915, 9916, 9918, 9917, 9935, 9938, 9939, 9930, 9931, 9928, 9929, 9839, 9841, 9840, 9838, 9828, 9830, 9831, 9829, 9848, 9847, 9849, 9846, 1959, 1958, 1937, 1947, 1944, 1946, 1945, 1954, 1955, 1981, 1984, 2163, 2189, 2193, 2408, 2420, 2424, 2439, 2441, 2456, 2478, 2481, 2402, 2407, 2731, 2729, 2715], "elapsed_seconds": 0.00995199999306351, "status": "success", "failure_reason": "", "route_distance_km": 47.19403889362286, "distance_cost_sum": 51.94009180537839, "population_cost_sum": 24.909746896862146, "traffic_cost_sum": 14.024271655276817, "airspace_cost_sum": 37.6, "total_weighted_score": 40.56534576034791}, "geometry": {"type": "LineString", "coordinates": [[-89.83272609742262, 38.54503213945896], [-89.83845499191484, 38.54518713674757], [-89.84418393041321, 38.54534185422887], [-89.8499129128385, 38.54549629189633], [-89.85564193911159, 38.545650449743434], [-89.86137100915332, 38.54580432776372], [-89.86710012288452, 38.545957925950695], [-89.87282928022606, 38.546111244297876], [-89.8785584810987, 38.54626428279884], [-89.88428772542336, 38.54641704144712], [-89.8900170131208, 38.5465695202363], [-89.89574634411186, 38.54672171915994], [-89.90147571831739, 38.546873638211636], [-89.90739802788026, 38.54252582614685], [-89.91312713232598, 38.54267716120381], [-89.91885627973821, 38.54282821641439], [-89.92458547003774, 38.5429789917722], [-89.93031470314544, 38.543129487270946], [-89.93585286661902, 38.54777927485379], [-89.94158254110822, 38.54792923462347], [-89.94731225817821, 38.548078914470366], [-89.95304201774988, 38.54822831438818], [-89.95858208911035, 38.55287709782697], [-89.96431228957056, 38.553025961699916], [-89.97004253230493, 38.553174545580205], [-89.97577281723424, 38.553322849461594], [-89.9815031442792, 38.55347087333782], [-89.98723351336055, 38.553618617202645], [-89.99296392439905, 38.55376608104985], [-89.99869437731542, 38.55391326487322], [-90.00442487203037, 38.55406016866657], [-90.01015540846471, 38.55420679242369], [-90.01588598653908, 38.55435313613843], [-90.02161660617422, 38.55449919980462], [-90.02734726729088, 38.5546449834161], [-90.03307796980972, 38.5547904869667], [-90.03880871365148, 38.55493571045034], [-90.04453949873692, 38.55508065386086], [-90.05027032498664, 38.555225317192196], [-90.0560011923214, 38.555369700438234], [-90.06173210066189, 38.55551380359289], [-90.0674630499288, 38.55565762665008], [-90.0731940400428, 38.55580116960377], [-90.07892507092458, 38.5559444324479], [-90.08465614249485, 38.556087415176435], [-90.09038725467427, 38.55623011778336], [-90.09611840738349, 38.55637254026264], [-90.1018496005432, 38.5565146826083], [-90.10758083407408, 38.556656544814345], [-90.11313195589696, 38.5612984139155], [-90.11868379073177, 38.56594004394042], [-90.12423633875666, 38.570581434756825], [-90.1297896001498, 38.57522258623241], [-90.13534357508938, 38.579863498234836], [-90.14089826375356, 38.58450417063179], [-90.14645366632062, 38.589144603290876], [-90.15200978296876, 38.5937847960797], [-90.15756661387618, 38.59842474886584], [-90.16312415922121, 38.60306446151687], [-90.16868241918205, 38.60770393390031], [-90.174241393937, 38.61234316588366], [-90.17980108366437, 38.616982157334434], [-90.18536148854245, 38.621620908120065], [-90.19092260874959, 38.626259418108006], [-90.1964844444641, 38.63089768716567], [-90.2022220675363, 38.63103513769752], [-90.20795972970198, 38.63117230726659]]}}, {"type": "Feature", "properties": {"route_run_id": "stl_midamerica_to_st_louis_union_station_2026-03-07_0283", "route_pair": "midamerica_to_st_louis_union_station", "route_pair_label": "MidAmerica to St. Louis Union Station", "origin_label": "MidAmerica St. Louis Airport", "destination_label": "St. Louis Union Station", "origin_lat": 38.5451731, "origin_lon": -89.8351856, "destination_lat": 38.629167, "destination_lon": -90.2075, "traffic_date": "2026-03-07", "traffic_dataset": "March 7th - Saturday", "weight_id": "w_0283", "distance_weight": 0.8, "population_weight": 0.2, "traffic_weight": 0.0, "airspace_weight": 0.0, "path_nodes": 67, "path_node_ids": [8877, 8876, 8868, 8869, 8870, 8867, 9753, 9754, 9755, 9744, 9746, 9747, 9745, 9737, 9736, 9734, 9735, 9919, 9921, 9944, 9947, 9940, 9941, 9962, 9955, 9957, 9959, 9994, 9885, 9886, 9884, 9887, 9897, 9895, 9896, 9894, 9902, 9903, 9904, 9909, 2213, 2212, 2214, 1997, 1994, 1995, 1996, 2005, 2004, 2007, 2006, 2191, 2194, 2193, 2192, 2418, 2422, 2425, 2427, 2453, 2455, 2454, 2372, 2399, 2401, 2404, 2715], "elapsed_seconds": 0.007459699991159141, "status": "success", "failure_reason": "", "route_distance_km": 46.66599661404935, "distance_cost_sum": 51.35894712861125, "population_cost_sum": 17.364166724554934, "traffic_cost_sum": 22.621079840819313, "airspace_cost_sum": 38.0, "total_weighted_score": 44.55999104779999}, "geometry": {"type": "LineString", "coordinates": [[-89.83272609742262, 38.54503213945896], [-89.83845499191484, 38.54518713674757], [-89.84418393041321, 38.54534185422887], [-89.8499129128385, 38.54549629189633], [-89.85564193911159, 38.545650449743434], [-89.86137100915332, 38.54580432776372], [-89.86710012288452, 38.545957925950695], [-89.87282928022606, 38.546111244297876], [-89.8785584810987, 38.54626428279884], [-89.88428772542336, 38.54641704144712], [-89.8900170131208, 38.5465695202363], [-89.89574634411186, 38.54672171915994], [-89.90147571831739, 38.546873638211636], [-89.90720513565815, 38.54702527738502], [-89.91293459605497, 38.54717663667367], [-89.91866409942871, 38.54732771607122], [-89.92439364570006, 38.54747851557132], [-89.9301232347899, 38.54762903516762], [-89.93566171159593, 38.55227884253414], [-89.94120090063481, 38.55692841373979], [-89.94693132996858, 38.557078141522354], [-89.9526618018245, 38.55722758928637], [-89.95839231612332, 38.55737675702556], [-89.9641228727858, 38.55752564473363], [-89.96985347173262, 38.5576742524043], [-89.97539536640897, 38.56232230635172], [-89.98093797377864, 38.566970123410094], [-89.98648129402048, 38.57161770344731], [-89.99221313054706, 38.571765261757655], [-89.99794500899198, 38.571912539865146], [-90.00367692927587, 38.5720595377636], [-90.00940889131944, 38.572206255446844], [-90.01514089504332, 38.57235269290866], [-90.02087294036811, 38.5724988501429], [-90.02660502721452, 38.572644727143405], [-90.03233715550313, 38.57279032390402], [-90.0380693251546, 38.572935640418635], [-90.04380153608955, 38.57308067668109], [-90.04953378822863, 38.57322543268529], [-90.05508220119658, 38.57786994989744], [-90.06081489219632, 38.57801416845261], [-90.06654762417196, 38.57815810668649], [-90.072280397044, 38.57830176459299], [-90.07801321073313, 38.57844514216606], [-90.0837460651599, 38.578588239399664], [-90.08947896024489, 38.57873105628777], [-90.09521189590866, 38.57887359282438], [-90.10094487207182, 38.57901584900345], [-90.10667788865496, 38.579157824818985], [-90.11241094557855, 38.579299520265025], [-90.11814404276322, 38.57944093533558], [-90.12387718012955, 38.579582070024706], [-90.1296103575981, 38.57972292432643], [-90.13534357508938, 38.579863498234836], [-90.14107683252396, 38.580003791744], [-90.14663191796852, 38.58464420615243], [-90.15218771733517, 38.589284380730234], [-90.15774423080212, 38.593924315345014], [-90.16330145854758, 38.59856400986431], [-90.16885940074975, 38.60320346415569], [-90.17441805758689, 38.60784267808668], [-90.18015373543601, 38.6079811415637], [-90.18571350391167, 38.61261985640587], [-90.19127398739786, 38.61725833052981], [-90.19683518607279, 38.62189656380297], [-90.20239710011477, 38.62653455609276], [-90.20795972970198, 38.63117230726659]]}}, {"type": "Feature", "properties": {"route_run_id": "stl_midamerica_to_st_louis_union_station_2026-03-07_0233", "route_pair": "midamerica_to_st_louis_union_station", "route_pair_label": "MidAmerica to St. Louis Union Station", "origin_label": "MidAmerica St. Louis Airport", "destination_label": "St. Louis Union Station", "origin_lat": 38.5451731, "origin_lon": -89.8351856, "destination_lat": 38.629167, "destination_lon": -90.2075, "traffic_date": "2026-03-07", "traffic_dataset": "March 7th - Saturday", "weight_id": "w_0233", "distance_weight": 0.5, "population_weight": 0.0, "traffic_weight": 0.1, "airspace_weight": 0.4, "path_nodes": 67, "path_node_ids": [8877, 8876, 8892, 8897, 8899, 8926, 9788, 10013, 10014, 10036, 10052, 10054, 10061, 10051, 10049, 10048, 10050, 10253, 10252, 10241, 10240, 10248, 10246, 10247, 10245, 10231, 10230, 10262, 10150, 10148, 10149, 10151, 10161, 10159, 10158, 10160, 10166, 10168, 10167, 10169, 2247, 2269, 2268, 2257, 2280, 2281, 2282, 2293, 2296, 2301, 2303, 2491, 2497, 2818, 2496, 2507, 2506, 2828, 2505, 2809, 2811, 2810, 2728, 2730, 2731, 2729, 2715], "elapsed_seconds": 0.013509799959138036, "status": "success", "failure_reason": "", "route_distance_km": 46.68348381080322, "distance_cost_sum": 51.37819291952277, "population_cost_sum": 29.833108769446547, "traffic_cost_sum": 19.866839333529782, "airspace_cost_sum": 22.6, "total_weighted_score": 36.715780393114365}, "geometry": {"type": "LineString", "coordinates": [[-89.83272609742262, 38.54503213945896], [-89.83845499191484, 38.54518713674757], [-89.84398707949187, 38.54984103165108], [-89.84951987896733, 38.55449469187918], [-89.85505339052077, 38.559148117300026], [-89.86058761433173, 38.563801307781745], [-89.86612255057987, 38.568454263192415], [-89.87165819944471, 38.57310698340007], [-89.87719456110594, 38.577759468272795], [-89.88273163574308, 38.582411717678575], [-89.88826942353593, 38.58706373148541], [-89.89380792466403, 38.591715509561276], [-89.89934713930707, 38.59636705177409], [-89.90508047722643, 38.59651895818466], [-89.91081385831642, 38.59667058421835], [-89.91654728249756, 38.596821929868824], [-89.92228074969049, 38.59697299512966], [-89.92801425981584, 38.59712377999449], [-89.93374781279411, 38.597274284457015], [-89.93948140854593, 38.5974245085108], [-89.94521504699188, 38.5975744521496], [-89.95094872805251, 38.59772411536704], [-89.95668245164843, 38.59787349815684], [-89.96241621770018, 38.59802260051268], [-89.96815002612831, 38.59817142242828], [-89.9738838768534, 38.59831996389739], [-89.97961776979602, 38.59846822491371], [-89.98535170487666, 38.59861620547102], [-89.99108568201598, 38.59876390556306], [-89.99681970113441, 38.59891132518362], [-90.00255376215256, 38.59905846432648], [-90.00828786499093, 38.59920532298544], [-90.01402200957008, 38.5993519011543], [-90.01975619581054, 38.599498198826886], [-90.02549042363282, 38.599644215997024], [-90.03122469295744, 38.59978995265856], [-90.03695900370492, 38.599935408805365], [-90.0426933557958, 38.60008058443128], [-90.04842774915056, 38.600225479530216], [-90.05416218368977, 38.60037009409603], [-90.05989665933384, 38.60051442812264], [-90.06563117600335, 38.600658481603965], [-90.07136573361876, 38.60080225453393], [-90.07710033210058, 38.60094574690646], [-90.08265263052834, 38.605589089986196], [-90.08838766772114, 38.60573204410446], [-90.09394107859575, 38.61037489039303], [-90.09967655430022, 38.61051730605643], [-90.10523107776994, 38.61515965518486], [-90.11078631613944, 38.61980176485522], [-90.11652262799952, 38.61994338379215], [-90.1220789793104, 38.62458499570804], [-90.12763604589804, 38.629226367808045], [-90.13337319363258, 38.629367189437694], [-90.13911038141684, 38.62950773017495], [-90.14484760917111, 38.62964799001386], [-90.15058487681573, 38.629787968948484], [-90.156322184271, 38.62992766697294], [-90.16205953145733, 38.63006708408134], [-90.16779691829495, 38.630206220267794], [-90.17353434470424, 38.6303450755264], [-90.17927181060547, 38.63048364985134], [-90.185009315919, 38.63062194323676], [-90.1907468605651, 38.6307599556768], [-90.1964844444641, 38.63089768716567], [-90.2022220675363, 38.63103513769752], [-90.20795972970198, 38.63117230726659]]}}, {"type": "Feature", "properties": {"route_run_id": "stl_midamerica_to_st_louis_union_station_2026-03-07_0273", "route_pair": "midamerica_to_st_louis_union_station", "route_pair_label": "MidAmerica to St. Louis Union Station", "origin_label": "MidAmerica St. Louis Airport", "destination_label": "St. Louis Union Station", "origin_lat": 38.5451731, "origin_lon": -89.8351856, "destination_lat": 38.629167, "destination_lon": -90.2075, "traffic_date": "2026-03-07", "traffic_dataset": "March 7th - Saturday", "weight_id": "w_0273", "distance_weight": 0.7, "population_weight": 0.1, "traffic_weight": 0.1, "airspace_weight": 0.1, "path_nodes": 67, "path_node_ids": [8877, 8879, 8896, 8900, 8924, 8930, 10012, 10015, 10019, 10053, 10057, 10054, 10061, 10051, 10049, 10048, 10050, 10253, 10252, 10241, 10240, 10248, 10246, 10247, 10245, 10263, 10265, 10264, 10173, 10174, 10172, 10175, 10195, 10198, 10196, 10197, 10185, 10187, 10186, 10191, 2276, 2518, 2519, 2510, 2512, 2513, 2511, 2302, 2300, 2301, 2307, 2491, 2497, 2818, 2496, 2507, 2506, 2828, 2505, 2809, 2811, 2810, 2728, 2730, 2731, 2729, 2715], "elapsed_seconds": 0.010207200073637068, "status": "success", "failure_reason": "", "route_distance_km": 46.68576820609172, "distance_cost_sum": 51.38070704426786, "population_cost_sum": 23.842340092352725, "traffic_cost_sum": 20.688540279242364, "airspace_cost_sum": 23.2, "total_weighted_score": 42.73958296814701}, "geometry": {"type": "LineString", "coordinates": [[-89.83272609742262, 38.54503213945896], [-89.83825778508921, 38.54968628939868], [-89.84379018463301, 38.55434020475587], [-89.84932329623358, 38.558993885398685], [-89.85485712007056, 38.56364733119524], [-89.86039165632353, 38.56830054201366], [-89.86592690517212, 38.57295351772198], [-89.871462866796, 38.577606258188254], [-89.87699954137483, 38.582258763280514], [-89.88253692908823, 38.586911032866766], [-89.88807503011597, 38.59156306681497], [-89.89380792466403, 38.591715509561276], [-89.89934713930707, 38.59636705177409], [-89.90508047722643, 38.59651895818466], [-89.91081385831642, 38.59667058421835], [-89.91654728249756, 38.596821929868824], [-89.92228074969049, 38.59697299512966], [-89.92801425981584, 38.59712377999449], [-89.93374781279411, 38.597274284457015], [-89.93948140854593, 38.5974245085108], [-89.94521504699188, 38.5975744521496], [-89.95094872805251, 38.59772411536704], [-89.95668245164843, 38.59787349815684], [-89.96241621770018, 38.59802260051268], [-89.96815002612831, 38.59817142242828], [-89.97369475078722, 38.60281965195827], [-89.97942900075623, 38.60296793670464], [-89.98516329287352, 38.603115940947184], [-89.99089762705957, 38.603263664679695], [-89.99663200323492, 38.603411107895916], [-90.00236642132012, 38.60355827058964], [-90.00810088123565, 38.603705152754664], [-90.01383538290203, 38.603851754384785], [-90.01938361507719, 38.6084979478912], [-90.0251185571937, 38.60864401180754], [-90.03085354083264, 38.60878979512565], [-90.03658856591449, 38.60893529783942], [-90.04232363235971, 38.609080519942665], [-90.04805874008878, 38.60922546142931], [-90.05360968000618, 38.61387013007287], [-90.0593452273907, 38.61401453341643], [-90.0650808158304, 38.61415865608025], [-90.07063326734246, 38.618802570824315], [-90.07636929508949, 38.61894615508724], [-90.08210536366288, 38.61908945860739], [-90.087841472983, 38.61923248137871], [-90.09357762297034, 38.61937522339516], [-90.09931381354528, 38.61951768465076], [-90.10505004462816, 38.61965986513943], [-90.11078631613944, 38.61980176485522], [-90.11634226958749, 38.624443634935055], [-90.1220789793104, 38.62458499570804], [-90.12763604589804, 38.629226367808045], [-90.13337319363258, 38.629367189437694], [-90.13911038141684, 38.62950773017495], [-90.14484760917111, 38.62964799001386], [-90.15058487681573, 38.629787968948484], [-90.156322184271, 38.62992766697294], [-90.16205953145733, 38.63006708408134], [-90.16779691829495, 38.630206220267794], [-90.17353434470424, 38.6303450755264], [-90.17927181060547, 38.63048364985134], [-90.185009315919, 38.63062194323676], [-90.1907468605651, 38.6307599556768], [-90.1964844444641, 38.63089768716567], [-90.2022220675363, 38.63103513769752], [-90.20795972970198, 38.63117230726659]]}}, {"type": "Feature", "properties": {"route_run_id": "stl_midamerica_to_st_louis_union_station_2026-03-07_0152", "route_pair": "midamerica_to_st_louis_union_station", "route_pair_label": "MidAmerica to St. Louis Union Station", "origin_label": "MidAmerica St. Louis Airport", "destination_label": "St. Louis Union Station", "origin_lat": 38.5451731, "origin_lon": -89.8351856, "destination_lat": 38.629167, "destination_lon": -90.2075, "traffic_date": "2026-03-07", "traffic_dataset": "March 7th - Saturday", "weight_id": "w_0152", "distance_weight": 0.2, "population_weight": 0.4, "traffic_weight": 0.0, "airspace_weight": 0.4, "path_nodes": 68, "path_node_ids": [8877, 8881, 8904, 8922, 8923, 8927, 9145, 10016, 10018, 10062, 10055, 10058, 10094, 10096, 10103, 10104, 10110, 10109, 10516, 10515, 10514, 10517, 10522, 10299, 10300, 10301, 10309, 10308, 10310, 10343, 10345, 10344, 10342, 10355, 10210, 10208, 10209, 10326, 10328, 10329, 10327, 2522, 2524, 2523, 2514, 2517, 2515, 2516, 2530, 2534, 2532, 2558, 2840, 2839, 2838, 2827, 2849, 2848, 2850, 2837, 2859, 2858, 2863, 2763, 2762, 2737, 2732, 2715], "elapsed_seconds": 0.03497299994342029, "status": "success", "failure_reason": "", "route_distance_km": 49.73368752232152, "distance_cost_sum": 54.73513935842509, "population_cost_sum": 13.815790921044528, "traffic_cost_sum": 26.219218490101596, "airspace_cost_sum": 23.2, "total_weighted_score": 25.753344240102834}, "geometry": {"type": "LineString", "coordinates": [[-89.83272609742262, 38.54503213945896], [-89.83252853470323, 38.54953126729425], [-89.83806053424684, 38.55418543772932], [-89.84359324582596, 38.558839373542895], [-89.84912666962028, 38.563493074603095], [-89.85466080580946, 38.568146540778045], [-89.86019565457306, 38.572799771935806], [-89.86573121609086, 38.57745276794444], [-89.87126749054252, 38.58210552867199], [-89.8768044781077, 38.58675805398646], [-89.88234217896623, 38.591410343755804], [-89.8878805932977, 38.59606239784802], [-89.89341972128202, 38.600714216131045], [-89.89895956309883, 38.60536579847276], [-89.90450011892796, 38.61001714474108], [-89.91004138894921, 38.614668254803874], [-89.9155833733424, 38.61931912852895], [-89.92131862594731, 38.619470314708934], [-89.9268617252078, 38.624120695492145], [-89.93259742104341, 38.62427134452904], [-89.93833315971467, 38.6244217128885], [-89.94406894114202, 38.62457180056415], [-89.94980476524591, 38.62472160754967], [-89.95554063194687, 38.62487113383877], [-89.96127654116528, 38.62502037942509], [-89.96701249282155, 38.625169344302385], [-89.97274848683627, 38.62531802846435], [-89.97848452312972, 38.62546643190471], [-89.98422060162243, 38.625614554617215], [-89.98995672223481, 38.62576239659562], [-89.9956928848873, 38.625909957833684], [-90.00142908950032, 38.62605723832518], [-90.00716533599429, 38.6262042380639], [-90.01290162428964, 38.62635095704363], [-90.01882443193752, 38.62199753976251], [-90.0245604460918, 38.62214367381969], [-90.03029650179865, 38.62228952714421], [-90.03603259897847, 38.622435099729884], [-90.04176873755169, 38.622580391570615], [-90.04750491743872, 38.62272540266021], [-90.05324113855997, 38.6228701329926], [-90.0589774008359, 38.62301458256169], [-90.06471370418684, 38.62315875136136], [-90.07045004853325, 38.62330263938551], [-90.07618643379548, 38.623446246628106], [-90.08192285989396, 38.62358957308307], [-90.08765932674906, 38.623732618744384], [-90.09339583428118, 38.623875383605984], [-90.09895091075838, 38.62851804648185], [-90.10450670259345, 38.633160469873815], [-90.1102440470662, 38.63330243772981], [-90.11580095263906, 38.63794436326609], [-90.12135857394713, 38.64258604896054], [-90.12709675507955, 38.642727219229855], [-90.13283497637043, 38.64286810847808], [-90.13857323774008, 38.64300871669927], [-90.14431153910874, 38.643149043887504], [-90.15004988039681, 38.64328909003685], [-90.15578826152439, 38.64342885514139], [-90.16152668241186, 38.64356833919522], [-90.16726514297947, 38.64370754219247], [-90.17300364314747, 38.64384646412727], [-90.17856556137721, 38.64848558173427], [-90.18448076196563, 38.64412346478601], [-90.19021938045634, 38.644261543498274], [-90.19613354616266, 38.639898793950096], [-90.20204699586435, 38.63553571516044], [-90.20795972970198, 38.63117230726659]]}}, {"type": "Feature", "properties": {"route_run_id": "stl_midamerica_to_st_louis_union_station_2026-03-07_0178", "route_pair": "midamerica_to_st_louis_union_station", "route_pair_label": "MidAmerica to St. Louis Union Station", "origin_label": "MidAmerica St. Louis Airport", "destination_label": "St. Louis Union Station", "origin_lat": 38.5451731, "origin_lon": -89.8351856, "destination_lat": 38.629167, "destination_lon": -90.2075, "traffic_date": "2026-03-07", "traffic_dataset": "March 7th - Saturday", "weight_id": "w_0178", "distance_weight": 0.3, "population_weight": 0.1, "traffic_weight": 0.2, "airspace_weight": 0.4, "path_nodes": 67, "path_node_ids": [8877, 8879, 8896, 8900, 8924, 8930, 10012, 10015, 10019, 10053, 10057, 10054, 10061, 10051, 10049, 10048, 10050, 10253, 10252, 10241, 10240, 10248, 10246, 10247, 10245, 10263, 10265, 10264, 10173, 10174, 10172, 10175, 10195, 10198, 10196, 10197, 10185, 10187, 10186, 10191, 2276, 2518, 2519, 2510, 2517, 2515, 2516, 2530, 2534, 2532, 2535, 2495, 2497, 2818, 2496, 2507, 2506, 2828, 2505, 2809, 2811, 2810, 2728, 2730, 2731, 2729, 2715], "elapsed_seconds": 0.02795200003311038, "status": "success", "failure_reason": "", "route_distance_km": 47.21937707182564, "distance_cost_sum": 51.967978109091455, "population_cost_sum": 24.626518398591795, "traffic_cost_sum": 17.85921841578689, "airspace_cost_sum": 23.2, "total_weighted_score": 30.904888955744}, "geometry": {"type": "LineString", "coordinates": [[-89.83272609742262, 38.54503213945896], [-89.83825778508921, 38.54968628939868], [-89.84379018463301, 38.55434020475587], [-89.84932329623358, 38.558993885398685], [-89.85485712007056, 38.56364733119524], [-89.86039165632353, 38.56830054201366], [-89.86592690517212, 38.57295351772198], [-89.871462866796, 38.577606258188254], [-89.87699954137483, 38.582258763280514], [-89.88253692908823, 38.586911032866766], [-89.88807503011597, 38.59156306681497], [-89.89380792466403, 38.591715509561276], [-89.89934713930707, 38.59636705177409], [-89.90508047722643, 38.59651895818466], [-89.91081385831642, 38.59667058421835], [-89.91654728249756, 38.596821929868824], [-89.92228074969049, 38.59697299512966], [-89.92801425981584, 38.59712377999449], [-89.93374781279411, 38.597274284457015], [-89.93948140854593, 38.5974245085108], [-89.94521504699188, 38.5975744521496], [-89.95094872805251, 38.59772411536704], [-89.95668245164843, 38.59787349815684], [-89.96241621770018, 38.59802260051268], [-89.96815002612831, 38.59817142242828], [-89.97369475078722, 38.60281965195827], [-89.97942900075623, 38.60296793670464], [-89.98516329287352, 38.603115940947184], [-89.99089762705957, 38.603263664679695], [-89.99663200323492, 38.603411107895916], [-90.00236642132012, 38.60355827058964], [-90.00810088123565, 38.603705152754664], [-90.01383538290203, 38.603851754384785], [-90.01938361507719, 38.6084979478912], [-90.0251185571937, 38.60864401180754], [-90.03085354083264, 38.60878979512565], [-90.03658856591449, 38.60893529783942], [-90.04232363235971, 38.609080519942665], [-90.04805874008878, 38.60922546142931], [-90.05360968000618, 38.61387013007287], [-90.0593452273907, 38.61401453341643], [-90.0650808158304, 38.61415865608025], [-90.07063326734246, 38.618802570824315], [-90.07636929508949, 38.61894615508724], [-90.08192285989396, 38.62358957308307], [-90.08765932674906, 38.623732618744384], [-90.09339583428118, 38.623875383605984], [-90.09895091075838, 38.62851804648185], [-90.10450670259345, 38.633160469873815], [-90.1102440470662, 38.63330243772981], [-90.115981431917, 38.63344412467236], [-90.12189893829279, 38.62908526529191], [-90.12763604589804, 38.629226367808045], [-90.13337319363258, 38.629367189437694], [-90.13911038141684, 38.62950773017495], [-90.14484760917111, 38.62964799001386], [-90.15058487681573, 38.629787968948484], [-90.156322184271, 38.62992766697294], [-90.16205953145733, 38.63006708408134], [-90.16779691829495, 38.630206220267794], [-90.17353434470424, 38.6303450755264], [-90.17927181060547, 38.63048364985134], [-90.185009315919, 38.63062194323676], [-90.1907468605651, 38.6307599556768], [-90.1964844444641, 38.63089768716567], [-90.2022220675363, 38.63103513769752], [-90.20795972970198, 38.63117230726659]]}}, {"type": "Feature", "properties": {"route_run_id": "stl_midamerica_to_st_louis_union_station_2026-03-07_0255", "route_pair": "midamerica_to_st_louis_union_station", "route_pair_label": "MidAmerica to St. Louis Union Station", "origin_label": "MidAmerica St. Louis Airport", "destination_label": "St. Louis Union Station", "origin_lat": 38.5451731, "origin_lon": -89.8351856, "destination_lat": 38.629167, "destination_lon": -90.2075, "traffic_date": "2026-03-07", "traffic_dataset": "March 7th - Saturday", "weight_id": "w_0255", "distance_weight": 0.6, "population_weight": 0.0, "traffic_weight": 0.2, "airspace_weight": 0.2, "path_nodes": 67, "path_node_ids": [8877, 8876, 8892, 8897, 8899, 8926, 9788, 10013, 10014, 10036, 10052, 10054, 10061, 10051, 10049, 10048, 10050, 10253, 10252, 10241, 10240, 10248, 10246, 10247, 10245, 10231, 10230, 10262, 10150, 10148, 10149, 10151, 10161, 10159, 10158, 10160, 10166, 10168, 10167, 10169, 2247, 2269, 2268, 2257, 2280, 2281, 2282, 2293, 2296, 2301, 2303, 2491, 2497, 2818, 2496, 2507, 2506, 2828, 2505, 2809, 2811, 2810, 2728, 2730, 2731, 2729, 2715], "elapsed_seconds": 0.012920900015160441, "status": "success", "failure_reason": "", "route_distance_km": 46.68348381080322, "distance_cost_sum": 51.37819291952277, "population_cost_sum": 29.833108769446547, "traffic_cost_sum": 19.866839333529782, "airspace_cost_sum": 22.6, "total_weighted_score": 39.320283618419616}, "geometry": {"type": "LineString", "coordinates": [[-89.83272609742262, 38.54503213945896], [-89.83845499191484, 38.54518713674757], [-89.84398707949187, 38.54984103165108], [-89.84951987896733, 38.55449469187918], [-89.85505339052077, 38.559148117300026], [-89.86058761433173, 38.563801307781745], [-89.86612255057987, 38.568454263192415], [-89.87165819944471, 38.57310698340007], [-89.87719456110594, 38.577759468272795], [-89.88273163574308, 38.582411717678575], [-89.88826942353593, 38.58706373148541], [-89.89380792466403, 38.591715509561276], [-89.89934713930707, 38.59636705177409], [-89.90508047722643, 38.59651895818466], [-89.91081385831642, 38.59667058421835], [-89.91654728249756, 38.596821929868824], [-89.92228074969049, 38.59697299512966], [-89.92801425981584, 38.59712377999449], [-89.93374781279411, 38.597274284457015], [-89.93948140854593, 38.5974245085108], [-89.94521504699188, 38.5975744521496], [-89.95094872805251, 38.59772411536704], [-89.95668245164843, 38.59787349815684], [-89.96241621770018, 38.59802260051268], [-89.96815002612831, 38.59817142242828], [-89.9738838768534, 38.59831996389739], [-89.97961776979602, 38.59846822491371], [-89.98535170487666, 38.59861620547102], [-89.99108568201598, 38.59876390556306], [-89.99681970113441, 38.59891132518362], [-90.00255376215256, 38.59905846432648], [-90.00828786499093, 38.59920532298544], [-90.01402200957008, 38.5993519011543], [-90.01975619581054, 38.599498198826886], [-90.02549042363282, 38.599644215997024], [-90.03122469295744, 38.59978995265856], [-90.03695900370492, 38.599935408805365], [-90.0426933557958, 38.60008058443128], [-90.04842774915056, 38.600225479530216], [-90.05416218368977, 38.60037009409603], [-90.05989665933384, 38.60051442812264], [-90.06563117600335, 38.600658481603965], [-90.07136573361876, 38.60080225453393], [-90.07710033210058, 38.60094574690646], [-90.08265263052834, 38.605589089986196], [-90.08838766772114, 38.60573204410446], [-90.09394107859575, 38.61037489039303], [-90.09967655430022, 38.61051730605643], [-90.10523107776994, 38.61515965518486], [-90.11078631613944, 38.61980176485522], [-90.11652262799952, 38.61994338379215], [-90.1220789793104, 38.62458499570804], [-90.12763604589804, 38.629226367808045], [-90.13337319363258, 38.629367189437694], [-90.13911038141684, 38.62950773017495], [-90.14484760917111, 38.62964799001386], [-90.15058487681573, 38.629787968948484], [-90.156322184271, 38.62992766697294], [-90.16205953145733, 38.63006708408134], [-90.16779691829495, 38.630206220267794], [-90.17353434470424, 38.6303450755264], [-90.17927181060547, 38.63048364985134], [-90.185009315919, 38.63062194323676], [-90.1907468605651, 38.6307599556768], [-90.1964844444641, 38.63089768716567], [-90.2022220675363, 38.63103513769752], [-90.20795972970198, 38.63117230726659]]}}]}