{"type": "FeatureCollection", "features": [{"type": "Feature", "properties": {"route_run_id": "stl_st_louis_downtown_airport_to_st_louis_lambert_2026-03-07_0143", "route_pair": "st_louis_downtown_airport_to_st_louis_lambert", "route_pair_label": "St. Louis Downtown Airport to St. Louis Lambert", "origin_label": "St. Louis Downtown Airport", "destination_label": "St. Louis Lambert International Airport", "origin_lat": 38.5703611, "origin_lon": -90.1550833, "destination_lat": 38.7486982, "destination_lon": -90.3700257, "traffic_date": "2026-03-07", "traffic_dataset": "March 7th - Saturday", "weight_id": "w_0143", "distance_weight": 0.2, "population_weight": 0.2, "traffic_weight": 0.4, "airspace_weight": 0.2, "path_nodes": 41, "path_node_ids": [2179, 2180, 2183, 2198, 2202, 2206, 2449, 2345, 2370, 2373, 2398, 2709, 2711, 2714, 2750, 2744, 2770, 2772, 2777, 3989, 3993, 4006, 4008, 4021, 4045, 4047, 4058, 4059, 4063, 4064, 5048, 5052, 5076, 5082, 5299, 5304, 5319, 5321, 5357, 5358, 5364], "elapsed_seconds": 0.021739300107583404, "status": "success", "failure_reason": "", "route_distance_km": 35.44516965599588, "distance_cost_sum": 39.00970141884611, "population_cost_sum": 23.447934484851842, "traffic_cost_sum": 13.596616574214913, "airspace_cost_sum": 34.4, "total_weighted_score": 24.81017381042556}, "geometry": {"type": "LineString", "coordinates": [[-90.15289905765549, 38.57128267769979], [-90.15845430205954, 38.57592253965332], [-90.15827684369297, 38.58042298981685], [-90.16383311905943, 38.58506262995554], [-90.16939010840554, 38.58970202998531], [-90.17494781190939, 38.59434118977373], [-90.18050622974906, 38.59898010918833], [-90.18606536210271, 38.60361878809667], [-90.19162520914848, 38.60825722636621], [-90.19718577106451, 38.612895423864465], [-90.20274704802898, 38.61753338045887], [-90.2083090402201, 38.622171096016864], [-90.21387174781604, 38.62680857040582], [-90.21943517099498, 38.631445803493165], [-90.22499930993523, 38.636082795146216], [-90.23056416481495, 38.64071954523234], [-90.2361297358124, 38.64535605361884], [-90.24169602310592, 38.649992320172984], [-90.24726302687371, 38.65462834476206], [-90.25283074729404, 38.65926412725328], [-90.2583991845453, 38.663899667513896], [-90.26396833880578, 38.66853496541107], [-90.26953821025378, 38.673170020811966], [-90.2751087990677, 38.67780483358376], [-90.28068010542587, 38.682439403593555], [-90.28625212950666, 38.68707373070842], [-90.29182487148844, 38.69170781479548], [-90.29756780913004, 38.69184076444029], [-90.3031416661418, 38.696474344946864], [-90.30888503852013, 38.69660675247757], [-90.31446001070607, 38.70123982903419], [-90.32003570136486, 38.70587266197814], [-90.32561211067481, 38.710505251176386], [-90.33118923881437, 38.715137596495865], [-90.3367670859619, 38.719769697803464], [-90.34234565229588, 38.724401554966114], [-90.34792493799469, 38.72903316785066], [-90.35350494323681, 38.73366453632395], [-90.35908566820065, 38.73829566025279], [-90.36466711306467, 38.742926539503976], [-90.37024927800739, 38.74755717394432]]}}, {"type": "Feature", "properties": {"route_run_id": "stl_st_louis_downtown_airport_to_st_louis_lambert_2026-03-07_0239", "route_pair": "st_louis_downtown_airport_to_st_louis_lambert", "route_pair_label": "St. Louis Downtown Airport to St. Louis Lambert", "origin_label": "St. Louis Downtown Airport", "destination_label": "St. Louis Lambert International Airport", "origin_lat": 38.5703611, "origin_lon": -90.1550833, "destination_lat": 38.7486982, "destination_lon": -90.3700257, "traffic_date": "2026-03-07", "traffic_dataset": "March 7th - Saturday", "weight_id": "w_0239", "distance_weight": 0.5, "population_weight": 0.1, "traffic_weight": 0.1, "airspace_weight": 0.3, "path_nodes": 40, "path_node_ids": [2179, 2180, 2174, 2199, 2203, 2207, 2341, 2344, 2368, 2374, 2394, 2397, 2712, 2716, 2739, 2746, 2769, 2773, 3985, 3988, 3992, 3994, 4019, 4020, 4023, 4055, 4059, 4063, 4064, 5048, 5052, 5076, 5082, 5299, 5304, 5319, 5321, 5357, 5358, 5364], "elapsed_seconds": 0.008979900041595101, "status": "success", "failure_reason": "", "route_distance_km": 35.0695243590648, "distance_cost_sum": 38.596279476875054, "population_cost_sum": 23.651108783135093, "traffic_cost_sum": 14.425692925774984, "airspace_cost_sum": 33.8, "total_weighted_score": 33.24581990932853}, "geometry": {"type": "LineString", "coordinates": [[-90.15289905765549, 38.57128267769979], [-90.15845430205954, 38.57592253965332], [-90.16401026010618, 38.58056216167], [-90.16956693197352, 38.58520154361737], [-90.17512431783956, 38.5898406853631], [-90.18068241788241, 38.5944795867747], [-90.18624123228014, 38.59911824771971], [-90.19180076121087, 38.60375666806568], [-90.19736100485268, 38.60839484768009], [-90.20292196338367, 38.61303278643038], [-90.2084836369821, 38.617670484184025], [-90.21404602582597, 38.62230794080845], [-90.21960913009349, 38.62694515617101], [-90.22517294996291, 38.63158213013913], [-90.23073748561237, 38.63621886258013], [-90.23630273722006, 38.640855353361346], [-90.24186870496423, 38.645491602350084], [-90.24743538902311, 38.65012760941361], [-90.25300278957496, 38.654763374419176], [-90.25857090679797, 38.65939889723403], [-90.26413974087053, 38.66403417772537], [-90.26970929197084, 38.66866921576039], [-90.27527956027723, 38.67330401120623], [-90.28085054596801, 38.677938563930056], [-90.28642224922152, 38.68257287379895], [-90.29199467021606, 38.68720694068001], [-90.29756780913004, 38.69184076444029], [-90.3031416661418, 38.696474344946864], [-90.30888503852013, 38.69660675247757], [-90.31446001070607, 38.70123982903419], [-90.32003570136486, 38.70587266197814], [-90.32561211067481, 38.710505251176386], [-90.33118923881437, 38.715137596495865], [-90.3367670859619, 38.719769697803464], [-90.34234565229588, 38.724401554966114], [-90.34792493799469, 38.72903316785066], [-90.35350494323681, 38.73366453632395], [-90.35908566820065, 38.73829566025279], [-90.36466711306467, 38.742926539503976], [-90.37024927800739, 38.74755717394432]]}}, {"type": "Feature", "properties": {"route_run_id": "stl_st_louis_downtown_airport_to_st_louis_lambert_2026-03-07_0173", "route_pair": "st_louis_downtown_airport_to_st_louis_lambert", "route_pair_label": "St. Louis Downtown Airport to St. Louis Lambert", "origin_label": "St. Louis Downtown Airport", "destination_label": "St. Louis Lambert International Airport", "origin_lat": 38.5703611, "origin_lon": -90.1550833, "destination_lat": 38.7486982, "destination_lon": -90.3700257, "traffic_date": "2026-03-07", "traffic_dataset": "March 7th - Saturday", "weight_id": "w_0173", "distance_weight": 0.3, "population_weight": 0.0, "traffic_weight": 0.5, "airspace_weight": 0.2, "path_nodes": 42, "path_node_ids": [2179, 2180, 2172, 2176, 2200, 2204, 2317, 2340, 2346, 2371, 2391, 2395, 2708, 2712, 2716, 2739, 2746, 2769, 2772, 2777, 3989, 3993, 4006, 4008, 4021, 4045, 4047, 4058, 4059, 4063, 4064, 5048, 5052, 5076, 5082, 5299, 5304, 5319, 5321, 5357, 5358, 5364], "elapsed_seconds": 0.011423400021158159, "status": "success", "failure_reason": "", "route_distance_km": 35.81950888310027, "distance_cost_sum": 39.42168594651035, "population_cost_sum": 26.09456255665406, "traffic_cost_sum": 12.694088465651157, "airspace_cost_sum": 35.0, "total_weighted_score": 25.173550016778684}, "geometry": {"type": "LineString", "coordinates": [[-90.15289905765549, 38.57128267769979], [-90.15845430205954, 38.57592253965332], [-90.16418736160693, 38.57606168922697], [-90.16974371606538, 38.58070105309441], [-90.17530078436367, 38.58534017679984], [-90.1808585666797, 38.58997906021084], [-90.18641706319154, 38.594617703194956], [-90.1919762740773, 38.599256105619745], [-90.19753619951499, 38.60389426735269], [-90.20309683968271, 38.60853218826128], [-90.20865819475857, 38.61316986821297], [-90.21422026492066, 38.617807307075225], [-90.21978305034705, 38.62244450471542], [-90.21960913009349, 38.62694515617101], [-90.22517294996291, 38.63158213013913], [-90.23073748561237, 38.63621886258013], [-90.23630273722006, 38.640855353361346], [-90.24186870496423, 38.645491602350084], [-90.24169602310592, 38.649992320172984], [-90.24726302687371, 38.65462834476206], [-90.25283074729404, 38.65926412725328], [-90.2583991845453, 38.663899667513896], [-90.26396833880578, 38.66853496541107], [-90.26953821025378, 38.673170020811966], [-90.2751087990677, 38.67780483358376], [-90.28068010542587, 38.682439403593555], [-90.28625212950666, 38.68707373070842], [-90.29182487148844, 38.69170781479548], [-90.29756780913004, 38.69184076444029], [-90.3031416661418, 38.696474344946864], [-90.30888503852013, 38.69660675247757], [-90.31446001070607, 38.70123982903419], [-90.32003570136486, 38.70587266197814], [-90.32561211067481, 38.710505251176386], [-90.33118923881437, 38.715137596495865], [-90.3367670859619, 38.719769697803464], [-90.34234565229588, 38.724401554966114], [-90.34792493799469, 38.72903316785066], [-90.35350494323681, 38.73366453632395], [-90.35908566820065, 38.73829566025279], [-90.36466711306467, 38.742926539503976], [-90.37024927800739, 38.74755717394432]]}}, {"type": "Feature", "properties": {"route_run_id": "stl_st_louis_downtown_airport_to_st_louis_lambert_2026-03-07_0082", "route_pair": "st_louis_downtown_airport_to_st_louis_lambert", "route_pair_label": "St. Louis Downtown Airport to St. Louis Lambert", "origin_label": "St. Louis Downtown Airport", "destination_label": "St. Louis Lambert International Airport", "origin_lat": 38.5703611, "origin_lon": -90.1550833, "destination_lat": 38.7486982, "destination_lon": -90.3700257, "traffic_date": "2026-03-07", "traffic_dataset": "March 7th - Saturday", "weight_id": "w_0082", "distance_weight": 0.1, "population_weight": 0.1, "traffic_weight": 0.5, "airspace_weight": 0.3, "path_nodes": 41, "path_node_ids": [2179, 2180, 2183, 2198, 2202, 2206, 2449, 2345, 2370, 2373, 2398, 2709, 2711, 2714, 2750, 2744, 2770, 2772, 2777, 3989, 3993, 4006, 4008, 4021, 4045, 4047, 4058, 4059, 4063, 4064, 5048, 5052, 5076, 5082, 5299, 5304, 5319, 5321, 5357, 5358, 5364], "elapsed_seconds": 0.04651310003828257, "status": "success", "failure_reason": "", "route_distance_km": 35.44516965599588, "distance_cost_sum": 39.00970141884611, "population_cost_sum": 23.447934484851842, "traffic_cost_sum": 13.596616574214913, "airspace_cost_sum": 34.4, "total_weighted_score": 23.364071877477254}, "geometry": {"type": "LineString", "coordinates": [[-90.15289905765549, 38.57128267769979], [-90.15845430205954, 38.57592253965332], [-90.15827684369297, 38.58042298981685], [-90.16383311905943, 38.58506262995554], [-90.16939010840554, 38.58970202998531], [-90.17494781190939, 38.59434118977373], [-90.18050622974906, 38.59898010918833], [-90.18606536210271, 38.60361878809667], [-90.19162520914848, 38.60825722636621], [-90.19718577106451, 38.612895423864465], [-90.20274704802898, 38.61753338045887], [-90.2083090402201, 38.622171096016864], [-90.21387174781604, 38.62680857040582], [-90.21943517099498, 38.631445803493165], [-90.22499930993523, 38.636082795146216], [-90.23056416481495, 38.64071954523234], [-90.2361297358124, 38.64535605361884], [-90.24169602310592, 38.649992320172984], [-90.24726302687371, 38.65462834476206], [-90.25283074729404, 38.65926412725328], [-90.2583991845453, 38.663899667513896], [-90.26396833880578, 38.66853496541107], [-90.26953821025378, 38.673170020811966], [-90.2751087990677, 38.67780483358376], [-90.28068010542587, 38.682439403593555], [-90.28625212950666, 38.68707373070842], [-90.29182487148844, 38.69170781479548], [-90.29756780913004, 38.69184076444029], [-90.3031416661418, 38.696474344946864], [-90.30888503852013, 38.69660675247757], [-90.31446001070607, 38.70123982903419], [-90.32003570136486, 38.70587266197814], [-90.32561211067481, 38.710505251176386], [-90.33118923881437, 38.715137596495865], [-90.3367670859619, 38.719769697803464], [-90.34234565229588, 38.724401554966114], [-90.34792493799469, 38.72903316785066], [-90.35350494323681, 38.73366453632395], [-90.35908566820065, 38.73829566025279], [-90.36466711306467, 38.742926539503976], [-90.37024927800739, 38.74755717394432]]}}, {"type": "Feature", "properties": {"route_run_id": "stl_st_louis_downtown_airport_to_st_louis_lambert_2026-03-07_0142", "route_pair": "st_louis_downtown_airport_to_st_louis_lambert", "route_pair_label": "St. Louis Downtown Airport to St. Louis Lambert", "origin_label": "St. Louis Downtown Airport", "destination_label": "St. Louis Lambert International Airport", "origin_lat": 38.5703611, "origin_lon": -90.1550833, "destination_lat": 38.7486982, "destination_lon": -90.3700257, "traffic_date": "2026-03-07", "traffic_dataset": "March 7th - Saturday", "weight_id": "w_0142", "distance_weight": 0.2, "population_weight": 0.2, "traffic_weight": 0.3, "airspace_weight": 0.3, "path_nodes": 41, "path_node_ids": [2179, 2180, 2183, 2198, 2202, 2206, 2449, 2345, 2370, 2373, 2398, 2709, 2711, 2714, 2750, 2744, 2770, 2772, 2777, 3989, 3993, 4006, 4008, 4021, 4045, 4047, 4058, 4059, 4063, 4064, 5048, 5052, 5076, 5082, 5299, 5304, 5319, 5321, 5357, 5358, 5364], "elapsed_seconds": 0.026373100001364946, "status": "success", "failure_reason": "", "route_distance_km": 35.44516965599588, "distance_cost_sum": 39.00970141884611, "population_cost_sum": 23.447934484851842, "traffic_cost_sum": 13.596616574214913, "airspace_cost_sum": 34.4, "total_weighted_score": 26.890512153004067}, "geometry": {"type": "LineString", "coordinates": [[-90.15289905765549, 38.57128267769979], [-90.15845430205954, 38.57592253965332], [-90.15827684369297, 38.58042298981685], [-90.16383311905943, 38.58506262995554], [-90.16939010840554, 38.58970202998531], [-90.17494781190939, 38.59434118977373], [-90.18050622974906, 38.59898010918833], [-90.18606536210271, 38.60361878809667], [-90.19162520914848, 38.60825722636621], [-90.19718577106451, 38.612895423864465], [-90.20274704802898, 38.61753338045887], [-90.2083090402201, 38.622171096016864], [-90.21387174781604, 38.62680857040582], [-90.21943517099498, 38.631445803493165], [-90.22499930993523, 38.636082795146216], [-90.23056416481495, 38.64071954523234], [-90.2361297358124, 38.64535605361884], [-90.24169602310592, 38.649992320172984], [-90.24726302687371, 38.65462834476206], [-90.25283074729404, 38.65926412725328], [-90.2583991845453, 38.663899667513896], [-90.26396833880578, 38.66853496541107], [-90.26953821025378, 38.673170020811966], [-90.2751087990677, 38.67780483358376], [-90.28068010542587, 38.682439403593555], [-90.28625212950666, 38.68707373070842], [-90.29182487148844, 38.69170781479548], [-90.29756780913004, 38.69184076444029], [-90.3031416661418, 38.696474344946864], [-90.30888503852013, 38.69660675247757], [-90.31446001070607, 38.70123982903419], [-90.32003570136486, 38.70587266197814], [-90.32561211067481, 38.710505251176386], [-90.33118923881437, 38.715137596495865], [-90.3367670859619, 38.719769697803464], [-90.34234565229588, 38.724401554966114], [-90.34792493799469, 38.72903316785066], [-90.35350494323681, 38.73366453632395], [-90.35908566820065, 38.73829566025279], [-90.36466711306467, 38.742926539503976], [-90.37024927800739, 38.74755717394432]]}}, {"type": "Feature", "properties": {"route_run_id": "stl_st_louis_downtown_airport_to_st_louis_lambert_2026-03-07_0287", "route_pair": "st_louis_downtown_airport_to_st_louis_lambert", "route_pair_label": "St. Louis Downtown Airport to St. Louis Lambert", "origin_label": "St. Louis Downtown Airport", "destination_label": "St. Louis Lambert International Airport", "origin_lat": 38.5703611, "origin_lon": -90.1550833, "destination_lat": 38.7486982, "destination_lon": -90.3700257, "traffic_date": "2026-03-07", "traffic_dataset": "March 7th - Saturday", "weight_id": "w_0287", "distance_weight": 1.0, "population_weight": 0.0, "traffic_weight": 0.0, "airspace_weight": 0.0, "path_nodes": 40, "path_node_ids": [2179, 2147, 2172, 2176, 2200, 2204, 2317, 2340, 2346, 2371, 2391, 2395, 2708, 2713, 2738, 2741, 2745, 2747, 2684, 2687, 3987, 3990, 4016, 4017, 4022, 4029, 4034, 4060, 4064, 5048, 5052, 5076, 5082, 5299, 5304, 5319, 5321, 5357, 5358, 5364], "elapsed_seconds": 0.0012594000436365604, "status": "success", "failure_reason": "", "route_distance_km": 35.06847425714207, "distance_cost_sum": 38.5951237717998, "population_cost_sum": 26.02381511715049, "traffic_cost_sum": 16.149378808043295, "airspace_cost_sum": 33.4, "total_weighted_score": 38.5951237717998}, "geometry": {"type": "LineString", "coordinates": [[-90.15289905765549, 38.57128267769979], [-90.15863172081019, 38.571422085329914], [-90.16418736160693, 38.57606168922697], [-90.16974371606538, 38.58070105309441], [-90.17530078436367, 38.58534017679984], [-90.1808585666797, 38.58997906021084], [-90.18641706319154, 38.594617703194956], [-90.1919762740773, 38.599256105619745], [-90.19753619951499, 38.60389426735269], [-90.20309683968271, 38.60853218826128], [-90.20865819475857, 38.61316986821297], [-90.21422026492066, 38.617807307075225], [-90.21978305034705, 38.62244450471542], [-90.22534655121595, 38.62708146100096], [-90.2309107677055, 38.63171817579922], [-90.2364756999938, 38.63635464897752], [-90.2420413482591, 38.64099088040321], [-90.24760771267954, 38.645626869943555], [-90.25317479343335, 38.65026261746583], [-90.25874259069872, 38.654898122837295], [-90.26431110465388, 38.659533385925144], [-90.26988033547711, 38.664168406596616], [-90.27545028334664, 38.66880318471887], [-90.28102094844074, 38.67343772015905], [-90.28659233093768, 38.67807201278429], [-90.29216443101578, 38.68270606246168], [-90.29773724885335, 38.68733986905835], [-90.30331078462868, 38.69197343244128], [-90.30888503852013, 38.69660675247757], [-90.31446001070607, 38.70123982903419], [-90.32003570136486, 38.70587266197814], [-90.32561211067481, 38.710505251176386], [-90.33118923881437, 38.715137596495865], [-90.3367670859619, 38.719769697803464], [-90.34234565229588, 38.724401554966114], [-90.34792493799469, 38.72903316785066], [-90.35350494323681, 38.73366453632395], [-90.35908566820065, 38.73829566025279], [-90.36466711306467, 38.742926539503976], [-90.37024927800739, 38.74755717394432]]}}, {"type": "Feature", "properties": {"route_run_id": "stl_st_louis_downtown_airport_to_st_louis_lambert_2026-03-07_0132", "route_pair": "st_louis_downtown_airport_to_st_louis_lambert", "route_pair_label": "St. Louis Downtown Airport to St. Louis Lambert", "origin_label": "St. Louis Downtown Airport", "destination_label": "St. Louis Lambert International Airport", "origin_lat": 38.5703611, "origin_lon": -90.1550833, "destination_lat": 38.7486982, "destination_lon": -90.3700257, "traffic_date": "2026-03-07", "traffic_dataset": "March 7th - Saturday", "weight_id": "w_0132", "distance_weight": 0.2, "population_weight": 0.1, "traffic_weight": 0.1, "airspace_weight": 0.6, "path_nodes": 40, "path_node_ids": [2179, 2180, 2174, 2199, 2203, 2207, 2341, 2344, 2368, 2374, 2394, 2397, 2712, 2716, 2739, 2746, 2769, 2773, 3985, 3988, 3992, 3994, 4019, 4017, 4022, 4029, 4034, 4060, 4064, 5048, 5052, 5076, 5082, 5299, 5304, 5319, 5321, 5357, 5358, 5364], "elapsed_seconds": 0.03632479999214411, "status": "success", "failure_reason": "", "route_distance_km": 35.06932923764436, "distance_cost_sum": 38.59606473313351, "population_cost_sum": 24.787572976016946, "traffic_cost_sum": 15.41417932224777, "airspace_cost_sum": 33.4, "total_weighted_score": 31.779388176453175}, "geometry": {"type": "LineString", "coordinates": [[-90.15289905765549, 38.57128267769979], [-90.15845430205954, 38.57592253965332], [-90.16401026010618, 38.58056216167], [-90.16956693197352, 38.58520154361737], [-90.17512431783956, 38.5898406853631], [-90.18068241788241, 38.5944795867747], [-90.18624123228014, 38.59911824771971], [-90.19180076121087, 38.60375666806568], [-90.19736100485268, 38.60839484768009], [-90.20292196338367, 38.61303278643038], [-90.2084836369821, 38.617670484184025], [-90.21404602582597, 38.62230794080845], [-90.21960913009349, 38.62694515617101], [-90.22517294996291, 38.63158213013913], [-90.23073748561237, 38.63621886258013], [-90.23630273722006, 38.640855353361346], [-90.24186870496423, 38.645491602350084], [-90.24743538902311, 38.65012760941361], [-90.25300278957496, 38.654763374419176], [-90.25857090679797, 38.65939889723403], [-90.26413974087053, 38.66403417772537], [-90.26970929197084, 38.66866921576039], [-90.27527956027723, 38.67330401120623], [-90.28102094844074, 38.67343772015905], [-90.28659233093768, 38.67807201278429], [-90.29216443101578, 38.68270606246168], [-90.29773724885335, 38.68733986905835], [-90.30331078462868, 38.69197343244128], [-90.30888503852013, 38.69660675247757], [-90.31446001070607, 38.70123982903419], [-90.32003570136486, 38.70587266197814], [-90.32561211067481, 38.710505251176386], [-90.33118923881437, 38.715137596495865], [-90.3367670859619, 38.719769697803464], [-90.34234565229588, 38.724401554966114], [-90.34792493799469, 38.72903316785066], [-90.35350494323681, 38.73366453632395], [-90.35908566820065, 38.73829566025279], [-90.36466711306467, 38.742926539503976], [-90.37024927800739, 38.74755717394432]]}}, {"type": "Feature", "properties": {"route_run_id": "stl_st_louis_downtown_airport_to_st_louis_lambert_2026-03-07_0149", "route_pair": "st_louis_downtown_airport_to_st_louis_lambert", "route_pair_label": "St. Louis Downtown Airport to St. Louis Lambert", "origin_label": "St. Louis Downtown Airport", "destination_label": "St. Louis Lambert International Airport", "origin_lat": 38.5703611, "origin_lon": -90.1550833, "destination_lat": 38.7486982, "destination_lon": -90.3700257, "traffic_date": "2026-03-07", "traffic_dataset": "March 7th - Saturday", "weight_id": "w_0149", "distance_weight": 0.2, "population_weight": 0.3, "traffic_weight": 0.3, "airspace_weight": 0.2, "path_nodes": 41, "path_node_ids": [2179, 2180, 2183, 2198, 2202, 2206, 2449, 2345, 2370, 2373, 2398, 2709, 2711, 2714, 2750, 2744, 2770, 2772, 2777, 3989, 3993, 4006, 3994, 4019, 4020, 4023, 4055, 4059, 4063, 4064, 5048, 5052, 5076, 5082, 5299, 5304, 5319, 5321, 5357, 5358, 5364], "elapsed_seconds": 0.026592299924232066, "status": "success", "failure_reason": "", "route_distance_km": 35.444974610774196, "distance_cost_sum": 39.00948675896621, "population_cost_sum": 22.999382459977298, "traffic_cost_sum": 13.969149855183435, "airspace_cost_sum": 34.4, "total_weighted_score": 25.772457046341465}, "geometry": {"type": "LineString", "coordinates": [[-90.15289905765549, 38.57128267769979], [-90.15845430205954, 38.57592253965332], [-90.15827684369297, 38.58042298981685], [-90.16383311905943, 38.58506262995554], [-90.16939010840554, 38.58970202998531], [-90.17494781190939, 38.59434118977373], [-90.18050622974906, 38.59898010918833], [-90.18606536210271, 38.60361878809667], [-90.19162520914848, 38.60825722636621], [-90.19718577106451, 38.612895423864465], [-90.20274704802898, 38.61753338045887], [-90.2083090402201, 38.622171096016864], [-90.21387174781604, 38.62680857040582], [-90.21943517099498, 38.631445803493165], [-90.22499930993523, 38.636082795146216], [-90.23056416481495, 38.64071954523234], [-90.2361297358124, 38.64535605361884], [-90.24169602310592, 38.649992320172984], [-90.24726302687371, 38.65462834476206], [-90.25283074729404, 38.65926412725328], [-90.2583991845453, 38.663899667513896], [-90.26396833880578, 38.66853496541107], [-90.26970929197084, 38.66866921576039], [-90.27527956027723, 38.67330401120623], [-90.28085054596801, 38.677938563930056], [-90.28642224922152, 38.68257287379895], [-90.29199467021606, 38.68720694068001], [-90.29756780913004, 38.69184076444029], [-90.3031416661418, 38.696474344946864], [-90.30888503852013, 38.69660675247757], [-90.31446001070607, 38.70123982903419], [-90.32003570136486, 38.70587266197814], [-90.32561211067481, 38.710505251176386], [-90.33118923881437, 38.715137596495865], [-90.3367670859619, 38.719769697803464], [-90.34234565229588, 38.724401554966114], [-90.34792493799469, 38.72903316785066], [-90.35350494323681, 38.73366453632395], [-90.35908566820065, 38.73829566025279], [-90.36466711306467, 38.742926539503976], [-90.37024927800739, 38.74755717394432]]}}, {"type": "Feature", "properties": {"route_run_id": "stl_st_louis_downtown_airport_to_st_louis_lambert_2026-03-07_0005", "route_pair": "st_louis_downtown_airport_to_st_louis_lambert", "route_pair_label": "St. Louis Downtown Airport to St. Louis Lambert", "origin_label": "St. Louis Downtown Airport", "destination_label": "St. Louis Lambert International Airport", "origin_lat": 38.5703611, "origin_lon": -90.1550833, "destination_lat": 38.7486982, "destination_lon": -90.3700257, "traffic_date": "2026-03-07", "traffic_dataset": "March 7th - Saturday", "weight_id": "w_0005", "distance_weight": 0.0, "population_weight": 0.0, "traffic_weight": 0.4, "airspace_weight": 0.6, "path_nodes": 41, "path_node_ids": [2179, 2180, 2174, 2199, 2203, 2207, 2341, 2344, 2368, 2374, 2394, 2397, 2712, 2716, 2739, 2746, 2770, 2772, 2777, 3989, 3993, 4006, 4008, 4021, 4045, 4047, 4058, 4059, 4063, 4064, 5048, 5052, 5076, 5082, 5299, 5304, 5319, 5321, 5357, 5358, 5364], "elapsed_seconds": 0.042380700004287064, "status": "success", "failure_reason": "", "route_distance_km": 35.444981506249626, "distance_cost_sum": 39.00949434788286, "population_cost_sum": 25.09456255665406, "traffic_cost_sum": 13.271815011393638, "airspace_cost_sum": 34.4, "total_weighted_score": 25.94872600455746}, "geometry": {"type": "LineString", "coordinates": [[-90.15289905765549, 38.57128267769979], [-90.15845430205954, 38.57592253965332], [-90.16401026010618, 38.58056216167], [-90.16956693197352, 38.58520154361737], [-90.17512431783956, 38.5898406853631], [-90.18068241788241, 38.5944795867747], [-90.18624123228014, 38.59911824771971], [-90.19180076121087, 38.60375666806568], [-90.19736100485268, 38.60839484768009], [-90.20292196338367, 38.61303278643038], [-90.2084836369821, 38.617670484184025], [-90.21404602582597, 38.62230794080845], [-90.21960913009349, 38.62694515617101], [-90.22517294996291, 38.63158213013913], [-90.23073748561237, 38.63621886258013], [-90.23630273722006, 38.640855353361346], [-90.2361297358124, 38.64535605361884], [-90.24169602310592, 38.649992320172984], [-90.24726302687371, 38.65462834476206], [-90.25283074729404, 38.65926412725328], [-90.2583991845453, 38.663899667513896], [-90.26396833880578, 38.66853496541107], [-90.26953821025378, 38.673170020811966], [-90.2751087990677, 38.67780483358376], [-90.28068010542587, 38.682439403593555], [-90.28625212950666, 38.68707373070842], [-90.29182487148844, 38.69170781479548], [-90.29756780913004, 38.69184076444029], [-90.3031416661418, 38.696474344946864], [-90.30888503852013, 38.69660675247757], [-90.31446001070607, 38.70123982903419], [-90.32003570136486, 38.70587266197814], [-90.32561211067481, 38.710505251176386], [-90.33118923881437, 38.715137596495865], [-90.3367670859619, 38.719769697803464], [-90.34234565229588, 38.724401554966114], [-90.34792493799469, 38.72903316785066], [-90.35350494323681, 38.73366453632395], [-90.35908566820065, 38.73829566025279], [-90.36466711306467, 38.742926539503976], [-90.37024927800739, 38.74755717394432]]}}, {"type": "Feature", "properties": {"route_run_id": "stl_st_louis_downtown_airport_to_st_louis_lambert_2026-03-07_0023", "route_pair": "st_louis_downtown_airport_to_st_louis_lambert", "route_pair_label": "St. Louis Downtown Airport to St. Louis Lambert", "origin_label": "St. Louis Downtown Airport", "destination_label": "St. Louis Lambert International Airport", "origin_lat": 38.5703611, "origin_lon": -90.1550833, "destination_lat": 38.7486982, "destination_lon": -90.3700257, "traffic_date": "2026-03-07", "traffic_dataset": "March 7th - Saturday", "weight_id": "w_0023", "distance_weight": 0.0, "population_weight": 0.2, "traffic_weight": 0.1, "airspace_weight": 0.7, "path_nodes": 40, "path_node_ids": [2179, 2180, 2174, 2199, 2203, 2207, 2341, 2344, 2368, 2374, 2394, 2397, 2712, 2716, 2739, 2746, 2769, 2773, 3985, 3988, 3992, 3994, 4019, 4020, 4023, 4055, 4059, 4063, 4064, 5048, 5052, 5076, 5082, 5299, 5304, 5319, 5321, 5357, 5358, 5364], "elapsed_seconds": 0.04311339999549091, "status": "success", "failure_reason": "", "route_distance_km": 35.0695243590648, "distance_cost_sum": 38.596279476875054, "population_cost_sum": 23.651108783135093, "traffic_cost_sum": 14.425692925774984, "airspace_cost_sum": 33.8, "total_weighted_score": 29.832791049204516}, "geometry": {"type": "LineString", "coordinates": [[-90.15289905765549, 38.57128267769979], [-90.15845430205954, 38.57592253965332], [-90.16401026010618, 38.58056216167], [-90.16956693197352, 38.58520154361737], [-90.17512431783956, 38.5898406853631], [-90.18068241788241, 38.5944795867747], [-90.18624123228014, 38.59911824771971], [-90.19180076121087, 38.60375666806568], [-90.19736100485268, 38.60839484768009], [-90.20292196338367, 38.61303278643038], [-90.2084836369821, 38.617670484184025], [-90.21404602582597, 38.62230794080845], [-90.21960913009349, 38.62694515617101], [-90.22517294996291, 38.63158213013913], [-90.23073748561237, 38.63621886258013], [-90.23630273722006, 38.640855353361346], [-90.24186870496423, 38.645491602350084], [-90.24743538902311, 38.65012760941361], [-90.25300278957496, 38.654763374419176], [-90.25857090679797, 38.65939889723403], [-90.26413974087053, 38.66403417772537], [-90.26970929197084, 38.66866921576039], [-90.27527956027723, 38.67330401120623], [-90.28085054596801, 38.677938563930056], [-90.28642224922152, 38.68257287379895], [-90.29199467021606, 38.68720694068001], [-90.29756780913004, 38.69184076444029], [-90.3031416661418, 38.696474344946864], [-90.30888503852013, 38.69660675247757], [-90.31446001070607, 38.70123982903419], [-90.32003570136486, 38.70587266197814], [-90.32561211067481, 38.710505251176386], [-90.33118923881437, 38.715137596495865], [-90.3367670859619, 38.719769697803464], [-90.34234565229588, 38.724401554966114], [-90.34792493799469, 38.72903316785066], [-90.35350494323681, 38.73366453632395], [-90.35908566820065, 38.73829566025279], [-90.36466711306467, 38.742926539503976], [-90.37024927800739, 38.74755717394432]]}}, {"type": "Feature", "properties": {"route_run_id": "stl_st_louis_downtown_airport_to_st_louis_lambert_2026-03-07_0017", "route_pair": "st_louis_downtown_airport_to_st_louis_lambert", "route_pair_label": "St. Louis Downtown Airport to St. Louis Lambert", "origin_label": "St. Louis Downtown Airport", "destination_label": "St. Louis Lambert International Airport", "origin_lat": 38.5703611, "origin_lon": -90.1550833, "destination_lat": 38.7486982, "destination_lon": -90.3700257, "traffic_date": "2026-03-07", "traffic_dataset": "March 7th - Saturday", "weight_id": "w_0017", "distance_weight": 0.0, "population_weight": 0.1, "traffic_weight": 0.5, "airspace_weight": 0.4, "path_nodes": 41, "path_node_ids": [2179, 2180, 2183, 2198, 2202, 2206, 2449, 2345, 2370, 2373, 2398, 2709, 2711, 2714, 2750, 2744, 2770, 2772, 2777, 3989, 3993, 4006, 4008, 4021, 4045, 4047, 4058, 4059, 4063, 4064, 5048, 5052, 5076, 5082, 5299, 5304, 5319, 5321, 5357, 5358, 5364], "elapsed_seconds": 0.04485409997869283, "status": "success", "failure_reason": "", "route_distance_km": 35.44516965599588, "distance_cost_sum": 39.00970141884611, "population_cost_sum": 23.447934484851842, "traffic_cost_sum": 13.596616574214913, "airspace_cost_sum": 34.4, "total_weighted_score": 22.903101735592642}, "geometry": {"type": "LineString", "coordinates": [[-90.15289905765549, 38.57128267769979], [-90.15845430205954, 38.57592253965332], [-90.15827684369297, 38.58042298981685], [-90.16383311905943, 38.58506262995554], [-90.16939010840554, 38.58970202998531], [-90.17494781190939, 38.59434118977373], [-90.18050622974906, 38.59898010918833], [-90.18606536210271, 38.60361878809667], [-90.19162520914848, 38.60825722636621], [-90.19718577106451, 38.612895423864465], [-90.20274704802898, 38.61753338045887], [-90.2083090402201, 38.622171096016864], [-90.21387174781604, 38.62680857040582], [-90.21943517099498, 38.631445803493165], [-90.22499930993523, 38.636082795146216], [-90.23056416481495, 38.64071954523234], [-90.2361297358124, 38.64535605361884], [-90.24169602310592, 38.649992320172984], [-90.24726302687371, 38.65462834476206], [-90.25283074729404, 38.65926412725328], [-90.2583991845453, 38.663899667513896], [-90.26396833880578, 38.66853496541107], [-90.26953821025378, 38.673170020811966], [-90.2751087990677, 38.67780483358376], [-90.28068010542587, 38.682439403593555], [-90.28625212950666, 38.68707373070842], [-90.29182487148844, 38.69170781479548], [-90.29756780913004, 38.69184076444029], [-90.3031416661418, 38.696474344946864], [-90.30888503852013, 38.69660675247757], [-90.31446001070607, 38.70123982903419], [-90.32003570136486, 38.70587266197814], [-90.32561211067481, 38.710505251176386], [-90.33118923881437, 38.715137596495865], [-90.3367670859619, 38.719769697803464], [-90.34234565229588, 38.724401554966114], [-90.34792493799469, 38.72903316785066], [-90.35350494323681, 38.73366453632395], [-90.35908566820065, 38.73829566025279], [-90.36466711306467, 38.742926539503976], [-90.37024927800739, 38.74755717394432]]}}, {"type": "Feature", "properties": {"route_run_id": "stl_st_louis_downtown_airport_to_st_louis_lambert_2026-03-07_0169", "route_pair": "st_louis_downtown_airport_to_st_louis_lambert", "route_pair_label": "St. Louis Downtown Airport to St. Louis Lambert", "origin_label": "St. Louis Downtown Airport", "destination_label": "St. Louis Lambert International Airport", "origin_lat": 38.5703611, "origin_lon": -90.1550833, "destination_lat": 38.7486982, "destination_lon": -90.3700257, "traffic_date": "2026-03-07", "traffic_dataset": "March 7th - Saturday", "weight_id": "w_0169", "distance_weight": 0.3, "population_weight": 0.0, "traffic_weight": 0.1, "airspace_weight": 0.6, "path_nodes": 40, "path_node_ids": [2179, 2180, 2174, 2199, 2203, 2207, 2341, 2344, 2368, 2374, 2394, 2397, 2712, 2716, 2739, 2746, 2769, 2747, 2684, 2687, 3987, 3990, 4016, 4017, 4022, 4029, 4034, 4060, 4064, 5048, 5052, 5076, 5082, 5299, 5304, 5319, 5321, 5357, 5358, 5364], "elapsed_seconds": 0.024194100056774914, "status": "success", "failure_reason": "", "route_distance_km": 35.06909548721607, "distance_cost_sum": 38.5958074756707, "population_cost_sum": 25.61136132378821, "traffic_cost_sum": 15.3602348791462, "airspace_cost_sum": 33.4, "total_weighted_score": 33.154765730615836}, "geometry": {"type": "LineString", "coordinates": [[-90.15289905765549, 38.57128267769979], [-90.15845430205954, 38.57592253965332], [-90.16401026010618, 38.58056216167], [-90.16956693197352, 38.58520154361737], [-90.17512431783956, 38.5898406853631], [-90.18068241788241, 38.5944795867747], [-90.18624123228014, 38.59911824771971], [-90.19180076121087, 38.60375666806568], [-90.19736100485268, 38.60839484768009], [-90.20292196338367, 38.61303278643038], [-90.2084836369821, 38.617670484184025], [-90.21404602582597, 38.62230794080845], [-90.21960913009349, 38.62694515617101], [-90.22517294996291, 38.63158213013913], [-90.23073748561237, 38.63621886258013], [-90.23630273722006, 38.640855353361346], [-90.24186870496423, 38.645491602350084], [-90.24760771267954, 38.645626869943555], [-90.25317479343335, 38.65026261746583], [-90.25874259069872, 38.654898122837295], [-90.26431110465388, 38.659533385925144], [-90.26988033547711, 38.664168406596616], [-90.27545028334664, 38.66880318471887], [-90.28102094844074, 38.67343772015905], [-90.28659233093768, 38.67807201278429], [-90.29216443101578, 38.68270606246168], [-90.29773724885335, 38.68733986905835], [-90.30331078462868, 38.69197343244128], [-90.30888503852013, 38.69660675247757], [-90.31446001070607, 38.70123982903419], [-90.32003570136486, 38.70587266197814], [-90.32561211067481, 38.710505251176386], [-90.33118923881437, 38.715137596495865], [-90.3367670859619, 38.719769697803464], [-90.34234565229588, 38.724401554966114], [-90.34792493799469, 38.72903316785066], [-90.35350494323681, 38.73366453632395], [-90.35908566820065, 38.73829566025279], [-90.36466711306467, 38.742926539503976], [-90.37024927800739, 38.74755717394432]]}}, {"type": "Feature", "properties": {"route_run_id": "stl_st_louis_downtown_airport_to_st_louis_lambert_2026-03-07_0119", "route_pair": "st_louis_downtown_airport_to_st_louis_lambert", "route_pair_label": "St. Louis Downtown Airport to St. Louis Lambert", "origin_label": "St. Louis Downtown Airport", "destination_label": "St. Louis Lambert International Airport", "origin_lat": 38.5703611, "origin_lon": -90.1550833, "destination_lat": 38.7486982, "destination_lon": -90.3700257, "traffic_date": "2026-03-07", "traffic_dataset": "March 7th - Saturday", "weight_id": "w_0119", "distance_weight": 0.1, "population_weight": 0.8, "traffic_weight": 0.0, "airspace_weight": 0.1, "path_nodes": 55, "path_node_ids": [2179, 2180, 2183, 2186, 2419, 2423, 2448, 2452, 2455, 2478, 2482, 2483, 2487, 2811, 2812, 2816, 2858, 2863, 2864, 2889, 3896, 3898, 3901, 3927, 3946, 3949, 3953, 3966, 3944, 3977, 3976, 3941, 4043, 4066, 4067, 4068, 4185, 4187, 4188, 4076, 4075, 4082, 4084, 5080, 5084, 5310, 5311, 5337, 5320, 5322, 5323, 5346, 5357, 5358, 5364], "elapsed_seconds": 0.02923510002437979, "status": "success", "failure_reason": "", "route_distance_km": 41.77074742931658, "distance_cost_sum": 45.971408828735385, "population_cost_sum": 8.67777235752909, "traffic_cost_sum": 37.765711010108255, "airspace_cost_sum": 45.2, "total_weighted_score": 16.059358768896814}, "geometry": {"type": "LineString", "coordinates": [[-90.15289905765549, 38.57128267769979], [-90.15845430205954, 38.57592253965332], [-90.15827684369297, 38.58042298981685], [-90.1580993457009, 38.58492343582021], [-90.15792180807382, 38.58942387766302], [-90.16347871828971, 38.59406355405304], [-90.1690363428032, 38.598702990254786], [-90.17459468179258, 38.60334218613583], [-90.17441805758689, 38.60784267808668], [-90.174241393937, 38.61234316588366], [-90.17406469083332, 38.61684364952644], [-90.17388794826633, 38.621344129014695], [-90.17371116622648, 38.62584460434813], [-90.17353434470424, 38.6303450755264], [-90.17335748369, 38.63484554254923], [-90.17318058317427, 38.63934600541629], [-90.17300364314747, 38.64384646412727], [-90.17856556137721, 38.64848558173427], [-90.17838890046788, 38.65298605432084], [-90.17821220009857, 38.65748652275311], [-90.18377547226044, 38.66212543540375], [-90.18933946118675, 38.666764106898924], [-90.19490416705614, 38.67140253710589], [-90.20046959004746, 38.676040725891895], [-90.20603573033937, 38.68067867312418], [-90.21160258811075, 38.68531637866994], [-90.2171701635404, 38.68995384239636], [-90.2229126017605, 38.690090452895454], [-90.22865507887754, 38.69022678182468], [-90.23439759481155, 38.69036282917826], [-90.24014014948251, 38.69049859495047], [-90.24605541323987, 38.68613337677085], [-90.2517976862147, 38.68626855773688], [-90.25736804511756, 38.69090420272148], [-90.26311075393669, 38.69103884211091], [-90.26868222818311, 38.695673984376505], [-90.27425442059507, 38.700308883813186], [-90.27999796237877, 38.700442721166475], [-90.28557127047641, 38.70507711728869], [-90.29148516021279, 38.700709550716724], [-90.297228816103, 38.700842542902386], [-90.30280331580018, 38.70547615766316], [-90.30837853409372, 38.710109528957155], [-90.31395447116216, 38.71474265665128], [-90.31378588266769, 38.71924359100243], [-90.31936286061908, 38.72387649197406], [-90.32494055786266, 38.72850914903958], [-90.330518974577, 38.7331415620659], [-90.33626541075455, 38.733272728767844], [-90.3420118843105, 38.73340361338185], [-90.34775839516463, 38.73353421590239], [-90.35333872308522, 38.73816560113835], [-90.35908566820065, 38.73829566025279], [-90.36466711306467, 38.742926539503976], [-90.37024927800739, 38.74755717394432]]}}, {"type": "Feature", "properties": {"route_run_id": "stl_st_louis_downtown_airport_to_st_louis_lambert_2026-03-07_0116", "route_pair": "st_louis_downtown_airport_to_st_louis_lambert", "route_pair_label": "St. Louis Downtown Airport to St. Louis Lambert", "origin_label": "St. Louis Downtown Airport", "destination_label": "St. Louis Lambert International Airport", "origin_lat": 38.5703611, "origin_lon": -90.1550833, "destination_lat": 38.7486982, "destination_lon": -90.3700257, "traffic_date": "2026-03-07", "traffic_dataset": "March 7th - Saturday", "weight_id": "w_0116", "distance_weight": 0.1, "population_weight": 0.7, "traffic_weight": 0.0, "airspace_weight": 0.2, "path_nodes": 55, "path_node_ids": [2179, 2180, 2183, 2186, 2419, 2423, 2448, 2452, 2454, 2457, 2481, 2485, 2808, 2811, 2812, 2816, 2858, 2863, 2864, 2889, 3896, 3898, 3901, 3927, 3946, 3949, 3953, 3966, 3944, 3977, 3976, 3941, 4043, 4066, 4067, 4068, 4185, 4187, 4188, 4076, 4075, 4082, 4084, 5080, 5084, 5310, 5311, 5337, 5320, 5322, 5323, 5346, 5357, 5358, 5364], "elapsed_seconds": 0.04126149998046458, "status": "success", "failure_reason": "", "route_distance_km": 42.29849336979702, "distance_cost_sum": 46.55222736516655, "population_cost_sum": 8.67777235752909, "traffic_cost_sum": 38.30834112090719, "airspace_cost_sum": 44.8, "total_weighted_score": 19.68966338678702}, "geometry": {"type": "LineString", "coordinates": [[-90.15289905765549, 38.57128267769979], [-90.15845430205954, 38.57592253965332], [-90.15827684369297, 38.58042298981685], [-90.1580993457009, 38.58492343582021], [-90.15792180807382, 38.58942387766302], [-90.16347871828971, 38.59406355405304], [-90.1690363428032, 38.598702990254786], [-90.17459468179258, 38.60334218613583], [-90.18015373543601, 38.6079811415637], [-90.17997742923725, 38.612481651524796], [-90.17980108366437, 38.616982157334434], [-90.1796246987078, 38.62148265899229], [-90.179448274358, 38.625983156498016], [-90.17353434470424, 38.6303450755264], [-90.17335748369, 38.63484554254923], [-90.17318058317427, 38.63934600541629], [-90.17300364314747, 38.64384646412727], [-90.17856556137721, 38.64848558173427], [-90.17838890046788, 38.65298605432084], [-90.17821220009857, 38.65748652275311], [-90.18377547226044, 38.66212543540375], [-90.18933946118675, 38.666764106898924], [-90.19490416705614, 38.67140253710589], [-90.20046959004746, 38.676040725891895], [-90.20603573033937, 38.68067867312418], [-90.21160258811075, 38.68531637866994], [-90.2171701635404, 38.68995384239636], [-90.2229126017605, 38.690090452895454], [-90.22865507887754, 38.69022678182468], [-90.23439759481155, 38.69036282917826], [-90.24014014948251, 38.69049859495047], [-90.24605541323987, 38.68613337677085], [-90.2517976862147, 38.68626855773688], [-90.25736804511756, 38.69090420272148], [-90.26311075393669, 38.69103884211091], [-90.26868222818311, 38.695673984376505], [-90.27425442059507, 38.700308883813186], [-90.27999796237877, 38.700442721166475], [-90.28557127047641, 38.70507711728869], [-90.29148516021279, 38.700709550716724], [-90.297228816103, 38.700842542902386], [-90.30280331580018, 38.70547615766316], [-90.30837853409372, 38.710109528957155], [-90.31395447116216, 38.71474265665128], [-90.31378588266769, 38.71924359100243], [-90.31936286061908, 38.72387649197406], [-90.32494055786266, 38.72850914903958], [-90.330518974577, 38.7331415620659], [-90.33626541075455, 38.733272728767844], [-90.3420118843105, 38.73340361338185], [-90.34775839516463, 38.73353421590239], [-90.35333872308522, 38.73816560113835], [-90.35908566820065, 38.73829566025279], [-90.36466711306467, 38.742926539503976], [-90.37024927800739, 38.74755717394432]]}}, {"type": "Feature", "properties": {"route_run_id": "stl_st_louis_downtown_airport_to_st_louis_lambert_2026-03-07_0159", "route_pair": "st_louis_downtown_airport_to_st_louis_lambert", "route_pair_label": "St. Louis Downtown Airport to St. Louis Lambert", "origin_label": "St. Louis Downtown Airport", "destination_label": "St. Louis Lambert International Airport", "origin_lat": 38.5703611, "origin_lon": -90.1550833, "destination_lat": 38.7486982, "destination_lon": -90.3700257, "traffic_date": "2026-03-07", "traffic_dataset": "March 7th - Saturday", "weight_id": "w_0159", "distance_weight": 0.2, "population_weight": 0.5, "traffic_weight": 0.2, "airspace_weight": 0.1, "path_nodes": 43, "path_node_ids": [2179, 2180, 2183, 2198, 2202, 2206, 2449, 2345, 2370, 2373, 2398, 2709, 2711, 2714, 2750, 2744, 2770, 2772, 2777, 3989, 3993, 4006, 4008, 4021, 4045, 4047, 4058, 4062, 4077, 4082, 4084, 5080, 5084, 5310, 5311, 5337, 5320, 5322, 5323, 5346, 5357, 5358, 5364], "elapsed_seconds": 0.025635500089265406, "status": "success", "failure_reason": "", "route_distance_km": 36.19709159463293, "distance_cost_sum": 39.83724013854156, "population_cost_sum": 17.31210242086407, "traffic_cost_sum": 21.464075654287832, "airspace_cost_sum": 36.4, "total_weighted_score": 24.556314368997914}, "geometry": {"type": "LineString", "coordinates": [[-90.15289905765549, 38.57128267769979], [-90.15845430205954, 38.57592253965332], [-90.15827684369297, 38.58042298981685], [-90.16383311905943, 38.58506262995554], [-90.16939010840554, 38.58970202998531], [-90.17494781190939, 38.59434118977373], [-90.18050622974906, 38.59898010918833], [-90.18606536210271, 38.60361878809667], [-90.19162520914848, 38.60825722636621], [-90.19718577106451, 38.612895423864465], [-90.20274704802898, 38.61753338045887], [-90.2083090402201, 38.622171096016864], [-90.21387174781604, 38.62680857040582], [-90.21943517099498, 38.631445803493165], [-90.22499930993523, 38.636082795146216], [-90.23056416481495, 38.64071954523234], [-90.2361297358124, 38.64535605361884], [-90.24169602310592, 38.649992320172984], [-90.24726302687371, 38.65462834476206], [-90.25283074729404, 38.65926412725328], [-90.2583991845453, 38.663899667513896], [-90.26396833880578, 38.66853496541107], [-90.26953821025378, 38.673170020811966], [-90.2751087990677, 38.67780483358376], [-90.28068010542587, 38.682439403593555], [-90.28625212950666, 38.68707373070842], [-90.29182487148844, 38.69170781479548], [-90.29739833154962, 38.69634165572174], [-90.30297250986867, 38.70097525335427], [-90.30280331580018, 38.70547615766316], [-90.30837853409372, 38.710109528957155], [-90.31395447116216, 38.71474265665128], [-90.31378588266769, 38.71924359100243], [-90.31936286061908, 38.72387649197406], [-90.32494055786266, 38.72850914903958], [-90.330518974577, 38.7331415620659], [-90.33626541075455, 38.733272728767844], [-90.3420118843105, 38.73340361338185], [-90.34775839516463, 38.73353421590239], [-90.35333872308522, 38.73816560113835], [-90.35908566820065, 38.73829566025279], [-90.36466711306467, 38.742926539503976], [-90.37024927800739, 38.74755717394432]]}}, {"type": "Feature", "properties": {"route_run_id": "stl_st_louis_downtown_airport_to_st_louis_lambert_2026-03-07_0209", "route_pair": "st_louis_downtown_airport_to_st_louis_lambert", "route_pair_label": "St. Louis Downtown Airport to St. Louis Lambert", "origin_label": "St. Louis Downtown Airport", "destination_label": "St. Louis Lambert International Airport", "origin_lat": 38.5703611, "origin_lon": -90.1550833, "destination_lat": 38.7486982, "destination_lon": -90.3700257, "traffic_date": "2026-03-07", "traffic_dataset": "March 7th - Saturday", "weight_id": "w_0209", "distance_weight": 0.4, "population_weight": 0.0, "traffic_weight": 0.5, "airspace_weight": 0.1, "path_nodes": 42, "path_node_ids": [2179, 2180, 2172, 2176, 2200, 2204, 2317, 2340, 2346, 2371, 2391, 2395, 2708, 2712, 2716, 2739, 2746, 2769, 2772, 2777, 3989, 3993, 4006, 4008, 4021, 4045, 4047, 4058, 4059, 4063, 4064, 5048, 5052, 5076, 5082, 5299, 5304, 5319, 5321, 5357, 5358, 5364], "elapsed_seconds": 0.0075737000443041325, "status": "success", "failure_reason": "", "route_distance_km": 35.81950888310027, "distance_cost_sum": 39.42168594651035, "population_cost_sum": 26.09456255665406, "traffic_cost_sum": 12.694088465651157, "airspace_cost_sum": 35.0, "total_weighted_score": 25.61571861142972}, "geometry": {"type": "LineString", "coordinates": [[-90.15289905765549, 38.57128267769979], [-90.15845430205954, 38.57592253965332], [-90.16418736160693, 38.57606168922697], [-90.16974371606538, 38.58070105309441], [-90.17530078436367, 38.58534017679984], [-90.1808585666797, 38.58997906021084], [-90.18641706319154, 38.594617703194956], [-90.1919762740773, 38.599256105619745], [-90.19753619951499, 38.60389426735269], [-90.20309683968271, 38.60853218826128], [-90.20865819475857, 38.61316986821297], [-90.21422026492066, 38.617807307075225], [-90.21978305034705, 38.62244450471542], [-90.21960913009349, 38.62694515617101], [-90.22517294996291, 38.63158213013913], [-90.23073748561237, 38.63621886258013], [-90.23630273722006, 38.640855353361346], [-90.24186870496423, 38.645491602350084], [-90.24169602310592, 38.649992320172984], [-90.24726302687371, 38.65462834476206], [-90.25283074729404, 38.65926412725328], [-90.2583991845453, 38.663899667513896], [-90.26396833880578, 38.66853496541107], [-90.26953821025378, 38.673170020811966], [-90.2751087990677, 38.67780483358376], [-90.28068010542587, 38.682439403593555], [-90.28625212950666, 38.68707373070842], [-90.29182487148844, 38.69170781479548], [-90.29756780913004, 38.69184076444029], [-90.3031416661418, 38.696474344946864], [-90.30888503852013, 38.69660675247757], [-90.31446001070607, 38.70123982903419], [-90.32003570136486, 38.70587266197814], [-90.32561211067481, 38.710505251176386], [-90.33118923881437, 38.715137596495865], [-90.3367670859619, 38.719769697803464], [-90.34234565229588, 38.724401554966114], [-90.34792493799469, 38.72903316785066], [-90.35350494323681, 38.73366453632395], [-90.35908566820065, 38.73829566025279], [-90.36466711306467, 38.742926539503976], [-90.37024927800739, 38.74755717394432]]}}, {"type": "Feature", "properties": {"route_run_id": "stl_st_louis_downtown_airport_to_st_louis_lambert_2026-03-07_0113", "route_pair": "st_louis_downtown_airport_to_st_louis_lambert", "route_pair_label": "St. Louis Downtown Airport to St. Louis Lambert", "origin_label": "St. Louis Downtown Airport", "destination_label": "St. Louis Lambert International Airport", "origin_lat": 38.5703611, "origin_lon": -90.1550833, "destination_lat": 38.7486982, "destination_lon": -90.3700257, "traffic_date": "2026-03-07", "traffic_dataset": "March 7th - Saturday", "weight_id": "w_0113", "distance_weight": 0.1, "population_weight": 0.6, "traffic_weight": 0.1, "airspace_weight": 0.2, "path_nodes": 55, "path_node_ids": [2179, 2180, 2183, 2186, 2419, 2423, 2448, 2453, 2455, 2478, 2482, 2485, 2808, 2811, 2812, 2816, 2858, 2863, 2864, 2889, 3896, 3898, 3901, 3927, 3946, 3949, 3953, 3966, 3944, 3977, 3976, 3941, 4043, 4066, 4067, 4068, 4185, 4187, 4188, 4076, 4075, 4082, 4084, 5080, 5084, 5310, 5311, 5337, 5320, 5322, 5323, 5346, 5357, 5358, 5364], "elapsed_seconds": 0.04697280004620552, "status": "success", "failure_reason": "", "route_distance_km": 42.29854702713947, "distance_cost_sum": 46.55228641854191, "population_cost_sum": 8.67777235752909, "traffic_cost_sum": 37.95065566897052, "airspace_cost_sum": 44.8, "total_weighted_score": 22.6169576232687}, "geometry": {"type": "LineString", "coordinates": [[-90.15289905765549, 38.57128267769979], [-90.15845430205954, 38.57592253965332], [-90.15827684369297, 38.58042298981685], [-90.1580993457009, 38.58492343582021], [-90.15792180807382, 38.58942387766302], [-90.16347871828971, 38.59406355405304], [-90.1690363428032, 38.598702990254786], [-90.16885940074975, 38.60320346415569], [-90.17441805758689, 38.60784267808668], [-90.174241393937, 38.61234316588366], [-90.17406469083332, 38.61684364952644], [-90.1796246987078, 38.62148265899229], [-90.179448274358, 38.625983156498016], [-90.17353434470424, 38.6303450755264], [-90.17335748369, 38.63484554254923], [-90.17318058317427, 38.63934600541629], [-90.17300364314747, 38.64384646412727], [-90.17856556137721, 38.64848558173427], [-90.17838890046788, 38.65298605432084], [-90.17821220009857, 38.65748652275311], [-90.18377547226044, 38.66212543540375], [-90.18933946118675, 38.666764106898924], [-90.19490416705614, 38.67140253710589], [-90.20046959004746, 38.676040725891895], [-90.20603573033937, 38.68067867312418], [-90.21160258811075, 38.68531637866994], [-90.2171701635404, 38.68995384239636], [-90.2229126017605, 38.690090452895454], [-90.22865507887754, 38.69022678182468], [-90.23439759481155, 38.69036282917826], [-90.24014014948251, 38.69049859495047], [-90.24605541323987, 38.68613337677085], [-90.2517976862147, 38.68626855773688], [-90.25736804511756, 38.69090420272148], [-90.26311075393669, 38.69103884211091], [-90.26868222818311, 38.695673984376505], [-90.27425442059507, 38.700308883813186], [-90.27999796237877, 38.700442721166475], [-90.28557127047641, 38.70507711728869], [-90.29148516021279, 38.700709550716724], [-90.297228816103, 38.700842542902386], [-90.30280331580018, 38.70547615766316], [-90.30837853409372, 38.710109528957155], [-90.31395447116216, 38.71474265665128], [-90.31378588266769, 38.71924359100243], [-90.31936286061908, 38.72387649197406], [-90.32494055786266, 38.72850914903958], [-90.330518974577, 38.7331415620659], [-90.33626541075455, 38.733272728767844], [-90.3420118843105, 38.73340361338185], [-90.34775839516463, 38.73353421590239], [-90.35333872308522, 38.73816560113835], [-90.35908566820065, 38.73829566025279], [-90.36466711306467, 38.742926539503976], [-90.37024927800739, 38.74755717394432]]}}, {"type": "Feature", "properties": {"route_run_id": "stl_st_louis_downtown_airport_to_st_louis_lambert_2026-03-07_0215", "route_pair": "st_louis_downtown_airport_to_st_louis_lambert", "route_pair_label": "St. Louis Downtown Airport to St. Louis Lambert", "origin_label": "St. Louis Downtown Airport", "destination_label": "St. Louis Lambert International Airport", "origin_lat": 38.5703611, "origin_lon": -90.1550833, "destination_lat": 38.7486982, "destination_lon": -90.3700257, "traffic_date": "2026-03-07", "traffic_dataset": "March 7th - Saturday", "weight_id": "w_0215", "distance_weight": 0.4, "population_weight": 0.1, "traffic_weight": 0.4, "airspace_weight": 0.1, "path_nodes": 41, "path_node_ids": [2179, 2180, 2183, 2198, 2202, 2206, 2449, 2345, 2370, 2373, 2398, 2709, 2711, 2714, 2750, 2744, 2770, 2772, 2777, 3989, 3993, 4006, 4008, 4021, 4045, 4047, 4058, 4059, 4063, 4064, 5048, 5052, 5076, 5082, 5299, 5304, 5319, 5321, 5357, 5358, 5364], "elapsed_seconds": 0.008110800059512258, "status": "success", "failure_reason": "", "route_distance_km": 35.44516965599588, "distance_cost_sum": 39.00970141884611, "population_cost_sum": 23.447934484851842, "traffic_cost_sum": 13.596616574214913, "airspace_cost_sum": 34.4, "total_weighted_score": 26.827320645709598}, "geometry": {"type": "LineString", "coordinates": [[-90.15289905765549, 38.57128267769979], [-90.15845430205954, 38.57592253965332], [-90.15827684369297, 38.58042298981685], [-90.16383311905943, 38.58506262995554], [-90.16939010840554, 38.58970202998531], [-90.17494781190939, 38.59434118977373], [-90.18050622974906, 38.59898010918833], [-90.18606536210271, 38.60361878809667], [-90.19162520914848, 38.60825722636621], [-90.19718577106451, 38.612895423864465], [-90.20274704802898, 38.61753338045887], [-90.2083090402201, 38.622171096016864], [-90.21387174781604, 38.62680857040582], [-90.21943517099498, 38.631445803493165], [-90.22499930993523, 38.636082795146216], [-90.23056416481495, 38.64071954523234], [-90.2361297358124, 38.64535605361884], [-90.24169602310592, 38.649992320172984], [-90.24726302687371, 38.65462834476206], [-90.25283074729404, 38.65926412725328], [-90.2583991845453, 38.663899667513896], [-90.26396833880578, 38.66853496541107], [-90.26953821025378, 38.673170020811966], [-90.2751087990677, 38.67780483358376], [-90.28068010542587, 38.682439403593555], [-90.28625212950666, 38.68707373070842], [-90.29182487148844, 38.69170781479548], [-90.29756780913004, 38.69184076444029], [-90.3031416661418, 38.696474344946864], [-90.30888503852013, 38.69660675247757], [-90.31446001070607, 38.70123982903419], [-90.32003570136486, 38.70587266197814], [-90.32561211067481, 38.710505251176386], [-90.33118923881437, 38.715137596495865], [-90.3367670859619, 38.719769697803464], [-90.34234565229588, 38.724401554966114], [-90.34792493799469, 38.72903316785066], [-90.35350494323681, 38.73366453632395], [-90.35908566820065, 38.73829566025279], [-90.36466711306467, 38.742926539503976], [-90.37024927800739, 38.74755717394432]]}}, {"type": "Feature", "properties": {"route_run_id": "stl_st_louis_downtown_airport_to_st_louis_lambert_2026-03-07_0217", "route_pair": "st_louis_downtown_airport_to_st_louis_lambert", "route_pair_label": "St. Louis Downtown Airport to St. Louis Lambert", "origin_label": "St. Louis Downtown Airport", "destination_label": "St. Louis Lambert International Airport", "origin_lat": 38.5703611, "origin_lon": -90.1550833, "destination_lat": 38.7486982, "destination_lon": -90.3700257, "traffic_date": "2026-03-07", "traffic_dataset": "March 7th - Saturday", "weight_id": "w_0217", "distance_weight": 0.4, "population_weight": 0.2, "traffic_weight": 0.0, "airspace_weight": 0.4, "path_nodes": 40, "path_node_ids": [2179, 2180, 2174, 2199, 2203, 2207, 2341, 2344, 2368, 2374, 2394, 2397, 2712, 2716, 2739, 2746, 2769, 2773, 3985, 3988, 3992, 3994, 4019, 4020, 4023, 4055, 4059, 4063, 4078, 5051, 5075, 5079, 5306, 5303, 5318, 5323, 5346, 5357, 5358, 5364], "elapsed_seconds": 0.01515700004529208, "status": "success", "failure_reason": "", "route_distance_km": 35.06987633323177, "distance_cost_sum": 38.59666684720769, "population_cost_sum": 23.21199613097869, "traffic_cost_sum": 16.42024029705683, "airspace_cost_sum": 33.8, "total_weighted_score": 33.60106596507882}, "geometry": {"type": "LineString", "coordinates": [[-90.15289905765549, 38.57128267769979], [-90.15845430205954, 38.57592253965332], [-90.16401026010618, 38.58056216167], [-90.16956693197352, 38.58520154361737], [-90.17512431783956, 38.5898406853631], [-90.18068241788241, 38.5944795867747], [-90.18624123228014, 38.59911824771971], [-90.19180076121087, 38.60375666806568], [-90.19736100485268, 38.60839484768009], [-90.20292196338367, 38.61303278643038], [-90.2084836369821, 38.617670484184025], [-90.21404602582597, 38.62230794080845], [-90.21960913009349, 38.62694515617101], [-90.22517294996291, 38.63158213013913], [-90.23073748561237, 38.63621886258013], [-90.23630273722006, 38.640855353361346], [-90.24186870496423, 38.645491602350084], [-90.24743538902311, 38.65012760941361], [-90.25300278957496, 38.654763374419176], [-90.25857090679797, 38.65939889723403], [-90.26413974087053, 38.66403417772537], [-90.26970929197084, 38.66866921576039], [-90.27527956027723, 38.67330401120623], [-90.28085054596801, 38.677938563930056], [-90.28642224922152, 38.68257287379895], [-90.29199467021606, 38.68720694068001], [-90.29756780913004, 38.69184076444029], [-90.3031416661418, 38.696474344946864], [-90.3087162414297, 38.701107682066734], [-90.31429153517219, 38.705740775666875], [-90.31986754754767, 38.71037362561428], [-90.32544427873452, 38.71500623177588], [-90.33102172891115, 38.71963859401861], [-90.33659989825608, 38.72427071220935], [-90.34217878694776, 38.72890258621499], [-90.34775839516463, 38.73353421590239], [-90.35333872308522, 38.73816560113835], [-90.35908566820065, 38.73829566025279], [-90.36466711306467, 38.742926539503976], [-90.37024927800739, 38.74755717394432]]}}, {"type": "Feature", "properties": {"route_run_id": "stl_st_louis_downtown_airport_to_st_louis_lambert_2026-03-07_0006", "route_pair": "st_louis_downtown_airport_to_st_louis_lambert", "route_pair_label": "St. Louis Downtown Airport to St. Louis Lambert", "origin_label": "St. Louis Downtown Airport", "destination_label": "St. Louis Lambert International Airport", "origin_lat": 38.5703611, "origin_lon": -90.1550833, "destination_lat": 38.7486982, "destination_lon": -90.3700257, "traffic_date": "2026-03-07", "traffic_dataset": "March 7th - Saturday", "weight_id": "w_0006", "distance_weight": 0.0, "population_weight": 0.0, "traffic_weight": 0.5, "airspace_weight": 0.5, "path_nodes": 41, "path_node_ids": [2179, 2180, 2174, 2199, 2203, 2207, 2341, 2344, 2368, 2374, 2394, 2397, 2712, 2716, 2739, 2746, 2770, 2772, 2777, 3989, 3993, 4006, 4008, 4021, 4045, 4047, 4058, 4059, 4063, 4064, 5048, 5052, 5076, 5082, 5299, 5304, 5319, 5321, 5357, 5358, 5364], "elapsed_seconds": 0.043275399948470294, "status": "success", "failure_reason": "", "route_distance_km": 35.444981506249626, "distance_cost_sum": 39.00949434788286, "population_cost_sum": 25.09456255665406, "traffic_cost_sum": 13.271815011393638, "airspace_cost_sum": 34.4, "total_weighted_score": 23.835907505696824}, "geometry": {"type": "LineString", "coordinates": [[-90.15289905765549, 38.57128267769979], [-90.15845430205954, 38.57592253965332], [-90.16401026010618, 38.58056216167], [-90.16956693197352, 38.58520154361737], [-90.17512431783956, 38.5898406853631], [-90.18068241788241, 38.5944795867747], [-90.18624123228014, 38.59911824771971], [-90.19180076121087, 38.60375666806568], [-90.19736100485268, 38.60839484768009], [-90.20292196338367, 38.61303278643038], [-90.2084836369821, 38.617670484184025], [-90.21404602582597, 38.62230794080845], [-90.21960913009349, 38.62694515617101], [-90.22517294996291, 38.63158213013913], [-90.23073748561237, 38.63621886258013], [-90.23630273722006, 38.640855353361346], [-90.2361297358124, 38.64535605361884], [-90.24169602310592, 38.649992320172984], [-90.24726302687371, 38.65462834476206], [-90.25283074729404, 38.65926412725328], [-90.2583991845453, 38.663899667513896], [-90.26396833880578, 38.66853496541107], [-90.26953821025378, 38.673170020811966], [-90.2751087990677, 38.67780483358376], [-90.28068010542587, 38.682439403593555], [-90.28625212950666, 38.68707373070842], [-90.29182487148844, 38.69170781479548], [-90.29756780913004, 38.69184076444029], [-90.3031416661418, 38.696474344946864], [-90.30888503852013, 38.69660675247757], [-90.31446001070607, 38.70123982903419], [-90.32003570136486, 38.70587266197814], [-90.32561211067481, 38.710505251176386], [-90.33118923881437, 38.715137596495865], [-90.3367670859619, 38.719769697803464], [-90.34234565229588, 38.724401554966114], [-90.34792493799469, 38.72903316785066], [-90.35350494323681, 38.73366453632395], [-90.35908566820065, 38.73829566025279], [-90.36466711306467, 38.742926539503976], [-90.37024927800739, 38.74755717394432]]}}, {"type": "Feature", "properties": {"route_run_id": "stl_st_louis_downtown_airport_to_st_louis_lambert_2026-03-07_0107", "route_pair": "st_louis_downtown_airport_to_st_louis_lambert", "route_pair_label": "St. Louis Downtown Airport to St. Louis Lambert", "origin_label": "St. Louis Downtown Airport", "destination_label": "St. Louis Lambert International Airport", "origin_lat": 38.5703611, "origin_lon": -90.1550833, "destination_lat": 38.7486982, "destination_lon": -90.3700257, "traffic_date": "2026-03-07", "traffic_dataset": "March 7th - Saturday", "weight_id": "w_0107", "distance_weight": 0.1, "population_weight": 0.5, "traffic_weight": 0.0, "airspace_weight": 0.4, "path_nodes": 54, "path_node_ids": [2179, 2180, 2183, 2186, 2419, 2423, 2448, 2452, 2454, 2457, 2481, 2485, 2808, 2811, 2812, 2816, 2858, 2863, 2864, 2795, 2796, 3899, 3902, 3914, 3948, 3947, 3952, 3940, 3977, 3976, 3941, 4043, 4066, 4067, 4068, 4185, 4187, 4188, 4076, 4075, 4082, 4084, 5080, 5084, 5310, 5311, 5337, 5320, 5322, 5323, 5346, 5357, 5358, 5364], "elapsed_seconds": 0.050769299967214465, "status": "success", "failure_reason": "", "route_distance_km": 41.922986936307204, "distance_cost_sum": 46.13895825139281, "population_cost_sum": 9.018797265828733, "traffic_cost_sum": 39.73702580413471, "airspace_cost_sum": 44.2, "total_weighted_score": 26.803294458053653}, "geometry": {"type": "LineString", "coordinates": [[-90.15289905765549, 38.57128267769979], [-90.15845430205954, 38.57592253965332], [-90.15827684369297, 38.58042298981685], [-90.1580993457009, 38.58492343582021], [-90.15792180807382, 38.58942387766302], [-90.16347871828971, 38.59406355405304], [-90.1690363428032, 38.598702990254786], [-90.17459468179258, 38.60334218613583], [-90.18015373543601, 38.6079811415637], [-90.17997742923725, 38.612481651524796], [-90.17980108366437, 38.616982157334434], [-90.1796246987078, 38.62148265899229], [-90.179448274358, 38.625983156498016], [-90.17353434470424, 38.6303450755264], [-90.17335748369, 38.63484554254923], [-90.17318058317427, 38.63934600541629], [-90.17300364314747, 38.64384646412727], [-90.17856556137721, 38.64848558173427], [-90.17838890046788, 38.65298605432084], [-90.18395185376184, 38.657624948976824], [-90.18951552366053, 38.66226360251709], [-90.1950799103427, 38.666902014808954], [-90.200645013987, 38.67154018571967], [-90.20621083477218, 38.67617811511645], [-90.21177737287698, 38.68081580286656], [-90.21751905445252, 38.68095265114052], [-90.22308670781703, 38.685589837485246], [-90.22882882604138, 38.685726144608395], [-90.23439759481155, 38.69036282917826], [-90.24014014948251, 38.69049859495047], [-90.24605541323987, 38.68613337677085], [-90.2517976862147, 38.68626855773688], [-90.25736804511756, 38.69090420272148], [-90.26311075393669, 38.69103884211091], [-90.26868222818311, 38.695673984376505], [-90.27425442059507, 38.700308883813186], [-90.27999796237877, 38.700442721166475], [-90.28557127047641, 38.70507711728869], [-90.29148516021279, 38.700709550716724], [-90.297228816103, 38.700842542902386], [-90.30280331580018, 38.70547615766316], [-90.30837853409372, 38.710109528957155], [-90.31395447116216, 38.71474265665128], [-90.31378588266769, 38.71924359100243], [-90.31936286061908, 38.72387649197406], [-90.32494055786266, 38.72850914903958], [-90.330518974577, 38.7331415620659], [-90.33626541075455, 38.733272728767844], [-90.3420118843105, 38.73340361338185], [-90.34775839516463, 38.73353421590239], [-90.35333872308522, 38.73816560113835], [-90.35908566820065, 38.73829566025279], [-90.36466711306467, 38.742926539503976], [-90.37024927800739, 38.74755717394432]]}}, {"type": "Feature", "properties": {"route_run_id": "stl_st_louis_downtown_airport_to_st_louis_lambert_2026-03-07_0117", "route_pair": "st_louis_downtown_airport_to_st_louis_lambert", "route_pair_label": "St. Louis Downtown Airport to St. Louis Lambert", "origin_label": "St. Louis Downtown Airport", "destination_label": "St. Louis Lambert International Airport", "origin_lat": 38.5703611, "origin_lon": -90.1550833, "destination_lat": 38.7486982, "destination_lon": -90.3700257, "traffic_date": "2026-03-07", "traffic_dataset": "March 7th - Saturday", "weight_id": "w_0117", "distance_weight": 0.1, "population_weight": 0.7, "traffic_weight": 0.1, "airspace_weight": 0.1, "path_nodes": 55, "path_node_ids": [2179, 2180, 2183, 2186, 2419, 2423, 2448, 2453, 2455, 2478, 2482, 2483, 2487, 2811, 2812, 2816, 2858, 2863, 2864, 2889, 3896, 3898, 3901, 3927, 3946, 3949, 3953, 3966, 3944, 3977, 3976, 3941, 4043, 4066, 4067, 4068, 4185, 4187, 4188, 4076, 4075, 4082, 4084, 5080, 5084, 5310, 5311, 5337, 5320, 5322, 5323, 5346, 5357, 5358, 5364], "elapsed_seconds": 0.038702999940142035, "status": "success", "failure_reason": "", "route_distance_km": 41.7707608340185, "distance_cost_sum": 45.97142358147673, "population_cost_sum": 8.67777235752909, "traffic_cost_sum": 37.73498160459783, "airspace_cost_sum": 45.2, "total_weighted_score": 18.96508116887782}, "geometry": {"type": "LineString", "coordinates": [[-90.15289905765549, 38.57128267769979], [-90.15845430205954, 38.57592253965332], [-90.15827684369297, 38.58042298981685], [-90.1580993457009, 38.58492343582021], [-90.15792180807382, 38.58942387766302], [-90.16347871828971, 38.59406355405304], [-90.1690363428032, 38.598702990254786], [-90.16885940074975, 38.60320346415569], [-90.17441805758689, 38.60784267808668], [-90.174241393937, 38.61234316588366], [-90.17406469083332, 38.61684364952644], [-90.17388794826633, 38.621344129014695], [-90.17371116622648, 38.62584460434813], [-90.17353434470424, 38.6303450755264], [-90.17335748369, 38.63484554254923], [-90.17318058317427, 38.63934600541629], [-90.17300364314747, 38.64384646412727], [-90.17856556137721, 38.64848558173427], [-90.17838890046788, 38.65298605432084], [-90.17821220009857, 38.65748652275311], [-90.18377547226044, 38.66212543540375], [-90.18933946118675, 38.666764106898924], [-90.19490416705614, 38.67140253710589], [-90.20046959004746, 38.676040725891895], [-90.20603573033937, 38.68067867312418], [-90.21160258811075, 38.68531637866994], [-90.2171701635404, 38.68995384239636], [-90.2229126017605, 38.690090452895454], [-90.22865507887754, 38.69022678182468], [-90.23439759481155, 38.69036282917826], [-90.24014014948251, 38.69049859495047], [-90.24605541323987, 38.68613337677085], [-90.2517976862147, 38.68626855773688], [-90.25736804511756, 38.69090420272148], [-90.26311075393669, 38.69103884211091], [-90.26868222818311, 38.695673984376505], [-90.27425442059507, 38.700308883813186], [-90.27999796237877, 38.700442721166475], [-90.28557127047641, 38.70507711728869], [-90.29148516021279, 38.700709550716724], [-90.297228816103, 38.700842542902386], [-90.30280331580018, 38.70547615766316], [-90.30837853409372, 38.710109528957155], [-90.31395447116216, 38.71474265665128], [-90.31378588266769, 38.71924359100243], [-90.31936286061908, 38.72387649197406], [-90.32494055786266, 38.72850914903958], [-90.330518974577, 38.7331415620659], [-90.33626541075455, 38.733272728767844], [-90.3420118843105, 38.73340361338185], [-90.34775839516463, 38.73353421590239], [-90.35333872308522, 38.73816560113835], [-90.35908566820065, 38.73829566025279], [-90.36466711306467, 38.742926539503976], [-90.37024927800739, 38.74755717394432]]}}, {"type": "Feature", "properties": {"route_run_id": "stl_st_louis_downtown_airport_to_st_louis_lambert_2026-03-07_0154", "route_pair": "st_louis_downtown_airport_to_st_louis_lambert", "route_pair_label": "St. Louis Downtown Airport to St. Louis Lambert", "origin_label": "St. Louis Downtown Airport", "destination_label": "St. Louis Lambert International Airport", "origin_lat": 38.5703611, "origin_lon": -90.1550833, "destination_lat": 38.7486982, "destination_lon": -90.3700257, "traffic_date": "2026-03-07", "traffic_dataset": "March 7th - Saturday", "weight_id": "w_0154", "distance_weight": 0.2, "population_weight": 0.4, "traffic_weight": 0.2, "airspace_weight": 0.2, "path_nodes": 43, "path_node_ids": [2179, 2180, 2183, 2198, 2202, 2206, 2449, 2345, 2370, 2373, 2398, 2709, 2711, 2714, 2750, 2744, 2770, 2772, 2777, 3989, 3993, 4006, 4008, 4021, 4045, 4047, 4058, 4062, 4077, 4082, 4084, 5080, 5084, 5310, 5311, 5337, 5320, 5322, 5323, 5346, 5357, 5358, 5364], "elapsed_seconds": 0.02915070008020848, "status": "success", "failure_reason": "", "route_distance_km": 36.19709159463293, "distance_cost_sum": 39.83724013854156, "population_cost_sum": 17.31210242086407, "traffic_cost_sum": 21.464075654287832, "airspace_cost_sum": 36.4, "total_weighted_score": 26.465104126911505}, "geometry": {"type": "LineString", "coordinates": [[-90.15289905765549, 38.57128267769979], [-90.15845430205954, 38.57592253965332], [-90.15827684369297, 38.58042298981685], [-90.16383311905943, 38.58506262995554], [-90.16939010840554, 38.58970202998531], [-90.17494781190939, 38.59434118977373], [-90.18050622974906, 38.59898010918833], [-90.18606536210271, 38.60361878809667], [-90.19162520914848, 38.60825722636621], [-90.19718577106451, 38.612895423864465], [-90.20274704802898, 38.61753338045887], [-90.2083090402201, 38.622171096016864], [-90.21387174781604, 38.62680857040582], [-90.21943517099498, 38.631445803493165], [-90.22499930993523, 38.636082795146216], [-90.23056416481495, 38.64071954523234], [-90.2361297358124, 38.64535605361884], [-90.24169602310592, 38.649992320172984], [-90.24726302687371, 38.65462834476206], [-90.25283074729404, 38.65926412725328], [-90.2583991845453, 38.663899667513896], [-90.26396833880578, 38.66853496541107], [-90.26953821025378, 38.673170020811966], [-90.2751087990677, 38.67780483358376], [-90.28068010542587, 38.682439403593555], [-90.28625212950666, 38.68707373070842], [-90.29182487148844, 38.69170781479548], [-90.29739833154962, 38.69634165572174], [-90.30297250986867, 38.70097525335427], [-90.30280331580018, 38.70547615766316], [-90.30837853409372, 38.710109528957155], [-90.31395447116216, 38.71474265665128], [-90.31378588266769, 38.71924359100243], [-90.31936286061908, 38.72387649197406], [-90.32494055786266, 38.72850914903958], [-90.330518974577, 38.7331415620659], [-90.33626541075455, 38.733272728767844], [-90.3420118843105, 38.73340361338185], [-90.34775839516463, 38.73353421590239], [-90.35333872308522, 38.73816560113835], [-90.35908566820065, 38.73829566025279], [-90.36466711306467, 38.742926539503976], [-90.37024927800739, 38.74755717394432]]}}, {"type": "Feature", "properties": {"route_run_id": "stl_st_louis_downtown_airport_to_st_louis_lambert_2026-03-07_0233", "route_pair": "st_louis_downtown_airport_to_st_louis_lambert", "route_pair_label": "St. Louis Downtown Airport to St. Louis Lambert", "origin_label": "St. Louis Downtown Airport", "destination_label": "St. Louis Lambert International Airport", "origin_lat": 38.5703611, "origin_lon": -90.1550833, "destination_lat": 38.7486982, "destination_lon": -90.3700257, "traffic_date": "2026-03-07", "traffic_dataset": "March 7th - Saturday", "weight_id": "w_0233", "distance_weight": 0.5, "population_weight": 0.0, "traffic_weight": 0.1, "airspace_weight": 0.4, "path_nodes": 40, "path_node_ids": [2179, 2180, 2174, 2199, 2203, 2207, 2341, 2344, 2368, 2374, 2394, 2397, 2712, 2716, 2739, 2746, 2769, 2747, 2684, 2687, 3987, 3990, 4016, 4017, 4022, 4029, 4034, 4060, 4064, 5048, 5052, 5076, 5082, 5299, 5304, 5319, 5321, 5357, 5358, 5364], "elapsed_seconds": 0.009237999911420047, "status": "success", "failure_reason": "", "route_distance_km": 35.06909548721607, "distance_cost_sum": 38.5958074756707, "population_cost_sum": 25.61136132378821, "traffic_cost_sum": 15.3602348791462, "airspace_cost_sum": 33.4, "total_weighted_score": 34.193927225749974}, "geometry": {"type": "LineString", "coordinates": [[-90.15289905765549, 38.57128267769979], [-90.15845430205954, 38.57592253965332], [-90.16401026010618, 38.58056216167], [-90.16956693197352, 38.58520154361737], [-90.17512431783956, 38.5898406853631], [-90.18068241788241, 38.5944795867747], [-90.18624123228014, 38.59911824771971], [-90.19180076121087, 38.60375666806568], [-90.19736100485268, 38.60839484768009], [-90.20292196338367, 38.61303278643038], [-90.2084836369821, 38.617670484184025], [-90.21404602582597, 38.62230794080845], [-90.21960913009349, 38.62694515617101], [-90.22517294996291, 38.63158213013913], [-90.23073748561237, 38.63621886258013], [-90.23630273722006, 38.640855353361346], [-90.24186870496423, 38.645491602350084], [-90.24760771267954, 38.645626869943555], [-90.25317479343335, 38.65026261746583], [-90.25874259069872, 38.654898122837295], [-90.26431110465388, 38.659533385925144], [-90.26988033547711, 38.664168406596616], [-90.27545028334664, 38.66880318471887], [-90.28102094844074, 38.67343772015905], [-90.28659233093768, 38.67807201278429], [-90.29216443101578, 38.68270606246168], [-90.29773724885335, 38.68733986905835], [-90.30331078462868, 38.69197343244128], [-90.30888503852013, 38.69660675247757], [-90.31446001070607, 38.70123982903419], [-90.32003570136486, 38.70587266197814], [-90.32561211067481, 38.710505251176386], [-90.33118923881437, 38.715137596495865], [-90.3367670859619, 38.719769697803464], [-90.34234565229588, 38.724401554966114], [-90.34792493799469, 38.72903316785066], [-90.35350494323681, 38.73366453632395], [-90.35908566820065, 38.73829566025279], [-90.36466711306467, 38.742926539503976], [-90.37024927800739, 38.74755717394432]]}}, {"type": "Feature", "properties": {"route_run_id": "stl_st_louis_downtown_airport_to_st_louis_lambert_2026-03-07_0027", "route_pair": "st_louis_downtown_airport_to_st_louis_lambert", "route_pair_label": "St. Louis Downtown Airport to St. Louis Lambert", "origin_label": "St. Louis Downtown Airport", "destination_label": "St. Louis Lambert International Airport", "origin_lat": 38.5703611, "origin_lon": -90.1550833, "destination_lat": 38.7486982, "destination_lon": -90.3700257, "traffic_date": "2026-03-07", "traffic_dataset": "March 7th - Saturday", "weight_id": "w_0027", "distance_weight": 0.0, "population_weight": 0.2, "traffic_weight": 0.5, "airspace_weight": 0.3, "path_nodes": 41, "path_node_ids": [2179, 2180, 2183, 2198, 2202, 2206, 2449, 2345, 2370, 2373, 2398, 2709, 2711, 2714, 2750, 2744, 2770, 2772, 2777, 3989, 3993, 4006, 4008, 4021, 4045, 4047, 4058, 4059, 4063, 4064, 5048, 5052, 5076, 5082, 5299, 5304, 5319, 5321, 5357, 5358, 5364], "elapsed_seconds": 0.04445709998253733, "status": "success", "failure_reason": "", "route_distance_km": 35.44516965599588, "distance_cost_sum": 39.00970141884611, "population_cost_sum": 23.447934484851842, "traffic_cost_sum": 13.596616574214913, "airspace_cost_sum": 34.4, "total_weighted_score": 21.80789518407783}, "geometry": {"type": "LineString", "coordinates": [[-90.15289905765549, 38.57128267769979], [-90.15845430205954, 38.57592253965332], [-90.15827684369297, 38.58042298981685], [-90.16383311905943, 38.58506262995554], [-90.16939010840554, 38.58970202998531], [-90.17494781190939, 38.59434118977373], [-90.18050622974906, 38.59898010918833], [-90.18606536210271, 38.60361878809667], [-90.19162520914848, 38.60825722636621], [-90.19718577106451, 38.612895423864465], [-90.20274704802898, 38.61753338045887], [-90.2083090402201, 38.622171096016864], [-90.21387174781604, 38.62680857040582], [-90.21943517099498, 38.631445803493165], [-90.22499930993523, 38.636082795146216], [-90.23056416481495, 38.64071954523234], [-90.2361297358124, 38.64535605361884], [-90.24169602310592, 38.649992320172984], [-90.24726302687371, 38.65462834476206], [-90.25283074729404, 38.65926412725328], [-90.2583991845453, 38.663899667513896], [-90.26396833880578, 38.66853496541107], [-90.26953821025378, 38.673170020811966], [-90.2751087990677, 38.67780483358376], [-90.28068010542587, 38.682439403593555], [-90.28625212950666, 38.68707373070842], [-90.29182487148844, 38.69170781479548], [-90.29756780913004, 38.69184076444029], [-90.3031416661418, 38.696474344946864], [-90.30888503852013, 38.69660675247757], [-90.31446001070607, 38.70123982903419], [-90.32003570136486, 38.70587266197814], [-90.32561211067481, 38.710505251176386], [-90.33118923881437, 38.715137596495865], [-90.3367670859619, 38.719769697803464], [-90.34234565229588, 38.724401554966114], [-90.34792493799469, 38.72903316785066], [-90.35350494323681, 38.73366453632395], [-90.35908566820065, 38.73829566025279], [-90.36466711306467, 38.742926539503976], [-90.37024927800739, 38.74755717394432]]}}, {"type": "Feature", "properties": {"route_run_id": "stl_st_louis_downtown_airport_to_st_louis_lambert_2026-03-07_0161", "route_pair": "st_louis_downtown_airport_to_st_louis_lambert", "route_pair_label": "St. Louis Downtown Airport to St. Louis Lambert", "origin_label": "St. Louis Downtown Airport", "destination_label": "St. Louis Lambert International Airport", "origin_lat": 38.5703611, "origin_lon": -90.1550833, "destination_lat": 38.7486982, "destination_lon": -90.3700257, "traffic_date": "2026-03-07", "traffic_dataset": "March 7th - Saturday", "weight_id": "w_0161", "distance_weight": 0.2, "population_weight": 0.6, "traffic_weight": 0.0, "airspace_weight": 0.2, "path_nodes": 55, "path_node_ids": [2179, 2180, 2183, 2186, 2419, 2423, 2448, 2452, 2455, 2478, 2482, 2483, 2487, 2811, 2812, 2816, 2858, 2863, 2864, 2889, 3896, 3898, 3901, 3927, 3946, 3949, 3953, 3966, 3944, 3977, 3976, 3941, 4043, 4066, 4067, 4068, 4185, 4187, 4188, 4076, 4075, 4082, 4084, 5080, 5084, 5310, 5311, 5337, 5320, 5322, 5323, 5346, 5357, 5358, 5364], "elapsed_seconds": 0.02366710000205785, "status": "success", "failure_reason": "", "route_distance_km": 41.77074742931658, "distance_cost_sum": 45.971408828735385, "population_cost_sum": 8.67777235752909, "traffic_cost_sum": 37.765711010108255, "airspace_cost_sum": 45.2, "total_weighted_score": 23.440945180264535}, "geometry": {"type": "LineString", "coordinates": [[-90.15289905765549, 38.57128267769979], [-90.15845430205954, 38.57592253965332], [-90.15827684369297, 38.58042298981685], [-90.1580993457009, 38.58492343582021], [-90.15792180807382, 38.58942387766302], [-90.16347871828971, 38.59406355405304], [-90.1690363428032, 38.598702990254786], [-90.17459468179258, 38.60334218613583], [-90.17441805758689, 38.60784267808668], [-90.174241393937, 38.61234316588366], [-90.17406469083332, 38.61684364952644], [-90.17388794826633, 38.621344129014695], [-90.17371116622648, 38.62584460434813], [-90.17353434470424, 38.6303450755264], [-90.17335748369, 38.63484554254923], [-90.17318058317427, 38.63934600541629], [-90.17300364314747, 38.64384646412727], [-90.17856556137721, 38.64848558173427], [-90.17838890046788, 38.65298605432084], [-90.17821220009857, 38.65748652275311], [-90.18377547226044, 38.66212543540375], [-90.18933946118675, 38.666764106898924], [-90.19490416705614, 38.67140253710589], [-90.20046959004746, 38.676040725891895], [-90.20603573033937, 38.68067867312418], [-90.21160258811075, 38.68531637866994], [-90.2171701635404, 38.68995384239636], [-90.2229126017605, 38.690090452895454], [-90.22865507887754, 38.69022678182468], [-90.23439759481155, 38.69036282917826], [-90.24014014948251, 38.69049859495047], [-90.24605541323987, 38.68613337677085], [-90.2517976862147, 38.68626855773688], [-90.25736804511756, 38.69090420272148], [-90.26311075393669, 38.69103884211091], [-90.26868222818311, 38.695673984376505], [-90.27425442059507, 38.700308883813186], [-90.27999796237877, 38.700442721166475], [-90.28557127047641, 38.70507711728869], [-90.29148516021279, 38.700709550716724], [-90.297228816103, 38.700842542902386], [-90.30280331580018, 38.70547615766316], [-90.30837853409372, 38.710109528957155], [-90.31395447116216, 38.71474265665128], [-90.31378588266769, 38.71924359100243], [-90.31936286061908, 38.72387649197406], [-90.32494055786266, 38.72850914903958], [-90.330518974577, 38.7331415620659], [-90.33626541075455, 38.733272728767844], [-90.3420118843105, 38.73340361338185], [-90.34775839516463, 38.73353421590239], [-90.35333872308522, 38.73816560113835], [-90.35908566820065, 38.73829566025279], [-90.36466711306467, 38.742926539503976], [-90.37024927800739, 38.74755717394432]]}}, {"type": "Feature", "properties": {"route_run_id": "stl_st_louis_downtown_airport_to_st_louis_lambert_2026-03-07_0189", "route_pair": "st_louis_downtown_airport_to_st_louis_lambert", "route_pair_label": "St. Louis Downtown Airport to St. Louis Lambert", "origin_label": "St. Louis Downtown Airport", "destination_label": "St. Louis Lambert International Airport", "origin_lat": 38.5703611, "origin_lon": -90.1550833, "destination_lat": 38.7486982, "destination_lon": -90.3700257, "traffic_date": "2026-03-07", "traffic_dataset": "March 7th - Saturday", "weight_id": "w_0189", "distance_weight": 0.3, "population_weight": 0.3, "traffic_weight": 0.0, "airspace_weight": 0.4, "path_nodes": 43, "path_node_ids": [2179, 2180, 2174, 2199, 2203, 2207, 2341, 2345, 2370, 2373, 2398, 2709, 2711, 2714, 2750, 2744, 2770, 2772, 2777, 3989, 3993, 4006, 4008, 4021, 4045, 4047, 4058, 4062, 4077, 4082, 4084, 5080, 5084, 5310, 5311, 5337, 5320, 5322, 5323, 5346, 5357, 5358, 5364], "elapsed_seconds": 0.023186500067822635, "status": "success", "failure_reason": "", "route_distance_km": 36.197024617572914, "distance_cost_sum": 39.83716642595565, "population_cost_sum": 17.31210242086407, "traffic_cost_sum": 21.545839729752437, "airspace_cost_sum": 36.4, "total_weighted_score": 31.70478065404592}, "geometry": {"type": "LineString", "coordinates": [[-90.15289905765549, 38.57128267769979], [-90.15845430205954, 38.57592253965332], [-90.16401026010618, 38.58056216167], [-90.16956693197352, 38.58520154361737], [-90.17512431783956, 38.5898406853631], [-90.18068241788241, 38.5944795867747], [-90.18624123228014, 38.59911824771971], [-90.18606536210271, 38.60361878809667], [-90.19162520914848, 38.60825722636621], [-90.19718577106451, 38.612895423864465], [-90.20274704802898, 38.61753338045887], [-90.2083090402201, 38.622171096016864], [-90.21387174781604, 38.62680857040582], [-90.21943517099498, 38.631445803493165], [-90.22499930993523, 38.636082795146216], [-90.23056416481495, 38.64071954523234], [-90.2361297358124, 38.64535605361884], [-90.24169602310592, 38.649992320172984], [-90.24726302687371, 38.65462834476206], [-90.25283074729404, 38.65926412725328], [-90.2583991845453, 38.663899667513896], [-90.26396833880578, 38.66853496541107], [-90.26953821025378, 38.673170020811966], [-90.2751087990677, 38.67780483358376], [-90.28068010542587, 38.682439403593555], [-90.28625212950666, 38.68707373070842], [-90.29182487148844, 38.69170781479548], [-90.29739833154962, 38.69634165572174], [-90.30297250986867, 38.70097525335427], [-90.30280331580018, 38.70547615766316], [-90.30837853409372, 38.710109528957155], [-90.31395447116216, 38.71474265665128], [-90.31378588266769, 38.71924359100243], [-90.31936286061908, 38.72387649197406], [-90.32494055786266, 38.72850914903958], [-90.330518974577, 38.7331415620659], [-90.33626541075455, 38.733272728767844], [-90.3420118843105, 38.73340361338185], [-90.34775839516463, 38.73353421590239], [-90.35333872308522, 38.73816560113835], [-90.35908566820065, 38.73829566025279], [-90.36466711306467, 38.742926539503976], [-90.37024927800739, 38.74755717394432]]}}, {"type": "Feature", "properties": {"route_run_id": "stl_st_louis_downtown_airport_to_st_louis_lambert_2026-03-07_0250", "route_pair": "st_louis_downtown_airport_to_st_louis_lambert", "route_pair_label": "St. Louis Downtown Airport to St. Louis Lambert", "origin_label": "St. Louis Downtown Airport", "destination_label": "St. Louis Lambert International Airport", "origin_lat": 38.5703611, "origin_lon": -90.1550833, "destination_lat": 38.7486982, "destination_lon": -90.3700257, "traffic_date": "2026-03-07", "traffic_dataset": "March 7th - Saturday", "weight_id": "w_0250", "distance_weight": 0.5, "population_weight": 0.4, "traffic_weight": 0.0, "airspace_weight": 0.1, "path_nodes": 44, "path_node_ids": [2179, 2180, 2174, 2199, 2203, 2207, 2341, 2345, 2370, 2373, 2398, 2709, 2711, 2714, 2750, 2744, 2770, 2772, 2777, 3989, 3988, 3992, 3994, 4019, 4020, 4023, 4055, 4059, 4063, 4077, 4082, 4084, 5080, 5084, 5310, 5311, 5337, 5320, 5322, 5323, 5346, 5357, 5358, 5364], "elapsed_seconds": 0.0088986000046134, "status": "success", "failure_reason": "", "route_distance_km": 36.57204599052436, "distance_cost_sum": 40.249901699238414, "population_cost_sum": 16.402941041735232, "traffic_cost_sum": 23.134154433904488, "airspace_cost_sum": 37.4, "total_weighted_score": 30.4261272663133}, "geometry": {"type": "LineString", "coordinates": [[-90.15289905765549, 38.57128267769979], [-90.15845430205954, 38.57592253965332], [-90.16401026010618, 38.58056216167], [-90.16956693197352, 38.58520154361737], [-90.17512431783956, 38.5898406853631], [-90.18068241788241, 38.5944795867747], [-90.18624123228014, 38.59911824771971], [-90.18606536210271, 38.60361878809667], [-90.19162520914848, 38.60825722636621], [-90.19718577106451, 38.612895423864465], [-90.20274704802898, 38.61753338045887], [-90.2083090402201, 38.622171096016864], [-90.21387174781604, 38.62680857040582], [-90.21943517099498, 38.631445803493165], [-90.22499930993523, 38.636082795146216], [-90.23056416481495, 38.64071954523234], [-90.2361297358124, 38.64535605361884], [-90.24169602310592, 38.649992320172984], [-90.24726302687371, 38.65462834476206], [-90.25283074729404, 38.65926412725328], [-90.25857090679797, 38.65939889723403], [-90.26413974087053, 38.66403417772537], [-90.26970929197084, 38.66866921576039], [-90.27527956027723, 38.67330401120623], [-90.28085054596801, 38.677938563930056], [-90.28642224922152, 38.68257287379895], [-90.29199467021606, 38.68720694068001], [-90.29756780913004, 38.69184076444029], [-90.3031416661418, 38.696474344946864], [-90.30297250986867, 38.70097525335427], [-90.30280331580018, 38.70547615766316], [-90.30837853409372, 38.710109528957155], [-90.31395447116216, 38.71474265665128], [-90.31378588266769, 38.71924359100243], [-90.31936286061908, 38.72387649197406], [-90.32494055786266, 38.72850914903958], [-90.330518974577, 38.7331415620659], [-90.33626541075455, 38.733272728767844], [-90.3420118843105, 38.73340361338185], [-90.34775839516463, 38.73353421590239], [-90.35333872308522, 38.73816560113835], [-90.35908566820065, 38.73829566025279], [-90.36466711306467, 38.742926539503976], [-90.37024927800739, 38.74755717394432]]}}, {"type": "Feature", "properties": {"route_run_id": "stl_st_louis_downtown_airport_to_st_louis_lambert_2026-03-07_0257", "route_pair": "st_louis_downtown_airport_to_st_louis_lambert", "route_pair_label": "St. Louis Downtown Airport to St. Louis Lambert", "origin_label": "St. Louis Downtown Airport", "destination_label": "St. Louis Lambert International Airport", "origin_lat": 38.5703611, "origin_lon": -90.1550833, "destination_lat": 38.7486982, "destination_lon": -90.3700257, "traffic_date": "2026-03-07", "traffic_dataset": "March 7th - Saturday", "weight_id": "w_0257", "distance_weight": 0.6, "population_weight": 0.0, "traffic_weight": 0.4, "airspace_weight": 0.0, "path_nodes": 41, "path_node_ids": [2179, 2180, 2174, 2199, 2203, 2207, 2341, 2344, 2368, 2374, 2394, 2397, 2712, 2716, 2739, 2746, 2769, 2772, 2777, 3989, 3993, 4006, 4008, 4021, 4045, 4047, 4058, 4059, 4063, 4064, 5048, 5052, 5076, 5082, 5299, 5304, 5319, 5321, 5357, 5358, 5364], "elapsed_seconds": 0.0042010999750345945, "status": "success", "failure_reason": "", "route_distance_km": 35.44496799381346, "distance_cost_sum": 39.00947947657301, "population_cost_sum": 25.09456255665406, "traffic_cost_sum": 13.271815011393638, "airspace_cost_sum": 34.4, "total_weighted_score": 28.714413690501264}, "geometry": {"type": "LineString", "coordinates": [[-90.15289905765549, 38.57128267769979], [-90.15845430205954, 38.57592253965332], [-90.16401026010618, 38.58056216167], [-90.16956693197352, 38.58520154361737], [-90.17512431783956, 38.5898406853631], [-90.18068241788241, 38.5944795867747], [-90.18624123228014, 38.59911824771971], [-90.19180076121087, 38.60375666806568], [-90.19736100485268, 38.60839484768009], [-90.20292196338367, 38.61303278643038], [-90.2084836369821, 38.617670484184025], [-90.21404602582597, 38.62230794080845], [-90.21960913009349, 38.62694515617101], [-90.22517294996291, 38.63158213013913], [-90.23073748561237, 38.63621886258013], [-90.23630273722006, 38.640855353361346], [-90.24186870496423, 38.645491602350084], [-90.24169602310592, 38.649992320172984], [-90.24726302687371, 38.65462834476206], [-90.25283074729404, 38.65926412725328], [-90.2583991845453, 38.663899667513896], [-90.26396833880578, 38.66853496541107], [-90.26953821025378, 38.673170020811966], [-90.2751087990677, 38.67780483358376], [-90.28068010542587, 38.682439403593555], [-90.28625212950666, 38.68707373070842], [-90.29182487148844, 38.69170781479548], [-90.29756780913004, 38.69184076444029], [-90.3031416661418, 38.696474344946864], [-90.30888503852013, 38.69660675247757], [-90.31446001070607, 38.70123982903419], [-90.32003570136486, 38.70587266197814], [-90.32561211067481, 38.710505251176386], [-90.33118923881437, 38.715137596495865], [-90.3367670859619, 38.719769697803464], [-90.34234565229588, 38.724401554966114], [-90.34792493799469, 38.72903316785066], [-90.35350494323681, 38.73366453632395], [-90.35908566820065, 38.73829566025279], [-90.36466711306467, 38.742926539503976], [-90.37024927800739, 38.74755717394432]]}}, {"type": "Feature", "properties": {"route_run_id": "stl_st_louis_downtown_airport_to_st_louis_lambert_2026-03-07_0275", "route_pair": "st_louis_downtown_airport_to_st_louis_lambert", "route_pair_label": "St. Louis Downtown Airport to St. Louis Lambert", "origin_label": "St. Louis Downtown Airport", "destination_label": "St. Louis Lambert International Airport", "origin_lat": 38.5703611, "origin_lon": -90.1550833, "destination_lat": 38.7486982, "destination_lon": -90.3700257, "traffic_date": "2026-03-07", "traffic_dataset": "March 7th - Saturday", "weight_id": "w_0275", "distance_weight": 0.7, "population_weight": 0.2, "traffic_weight": 0.0, "airspace_weight": 0.1, "path_nodes": 43, "path_node_ids": [2179, 2180, 2174, 2199, 2203, 2207, 2341, 2345, 2370, 2373, 2398, 2709, 2711, 2714, 2750, 2744, 2770, 2772, 2777, 3989, 3993, 4006, 4008, 4021, 4045, 4047, 4058, 4062, 4077, 4082, 4084, 5080, 5084, 5310, 5311, 5337, 5320, 5322, 5323, 5346, 5357, 5358, 5364], "elapsed_seconds": 0.006012300029397011, "status": "success", "failure_reason": "", "route_distance_km": 36.197024617572914, "distance_cost_sum": 39.83716642595565, "population_cost_sum": 17.31210242086407, "traffic_cost_sum": 21.545839729752437, "airspace_cost_sum": 36.4, "total_weighted_score": 34.98843698234177}, "geometry": {"type": "LineString", "coordinates": [[-90.15289905765549, 38.57128267769979], [-90.15845430205954, 38.57592253965332], [-90.16401026010618, 38.58056216167], [-90.16956693197352, 38.58520154361737], [-90.17512431783956, 38.5898406853631], [-90.18068241788241, 38.5944795867747], [-90.18624123228014, 38.59911824771971], [-90.18606536210271, 38.60361878809667], [-90.19162520914848, 38.60825722636621], [-90.19718577106451, 38.612895423864465], [-90.20274704802898, 38.61753338045887], [-90.2083090402201, 38.622171096016864], [-90.21387174781604, 38.62680857040582], [-90.21943517099498, 38.631445803493165], [-90.22499930993523, 38.636082795146216], [-90.23056416481495, 38.64071954523234], [-90.2361297358124, 38.64535605361884], [-90.24169602310592, 38.649992320172984], [-90.24726302687371, 38.65462834476206], [-90.25283074729404, 38.65926412725328], [-90.2583991845453, 38.663899667513896], [-90.26396833880578, 38.66853496541107], [-90.26953821025378, 38.673170020811966], [-90.2751087990677, 38.67780483358376], [-90.28068010542587, 38.682439403593555], [-90.28625212950666, 38.68707373070842], [-90.29182487148844, 38.69170781479548], [-90.29739833154962, 38.69634165572174], [-90.30297250986867, 38.70097525335427], [-90.30280331580018, 38.70547615766316], [-90.30837853409372, 38.710109528957155], [-90.31395447116216, 38.71474265665128], [-90.31378588266769, 38.71924359100243], [-90.31936286061908, 38.72387649197406], [-90.32494055786266, 38.72850914903958], [-90.330518974577, 38.7331415620659], [-90.33626541075455, 38.733272728767844], [-90.3420118843105, 38.73340361338185], [-90.34775839516463, 38.73353421590239], [-90.35333872308522, 38.73816560113835], [-90.35908566820065, 38.73829566025279], [-90.36466711306467, 38.742926539503976], [-90.37024927800739, 38.74755717394432]]}}, {"type": "Feature", "properties": {"route_run_id": "stl_st_louis_downtown_airport_to_st_louis_lambert_2026-03-07_0126", "route_pair": "st_louis_downtown_airport_to_st_louis_lambert", "route_pair_label": "St. Louis Downtown Airport to St. Louis Lambert", "origin_label": "St. Louis Downtown Airport", "destination_label": "St. Louis Lambert International Airport", "origin_lat": 38.5703611, "origin_lon": -90.1550833, "destination_lat": 38.7486982, "destination_lon": -90.3700257, "traffic_date": "2026-03-07", "traffic_dataset": "March 7th - Saturday", "weight_id": "w_0126", "distance_weight": 0.2, "population_weight": 0.0, "traffic_weight": 0.4, "airspace_weight": 0.4, "path_nodes": 41, "path_node_ids": [2179, 2180, 2174, 2199, 2203, 2207, 2341, 2344, 2368, 2374, 2394, 2397, 2712, 2716, 2739, 2746, 2769, 2772, 2777, 3989, 3993, 4006, 4008, 4021, 4045, 4047, 4058, 4059, 4063, 4064, 5048, 5052, 5076, 5082, 5299, 5304, 5319, 5321, 5357, 5358, 5364], "elapsed_seconds": 0.025854600011371076, "status": "success", "failure_reason": "", "route_distance_km": 35.44496799381346, "distance_cost_sum": 39.00947947657301, "population_cost_sum": 25.09456255665406, "traffic_cost_sum": 13.271815011393638, "airspace_cost_sum": 34.4, "total_weighted_score": 26.870621899872063}, "geometry": {"type": "LineString", "coordinates": [[-90.15289905765549, 38.57128267769979], [-90.15845430205954, 38.57592253965332], [-90.16401026010618, 38.58056216167], [-90.16956693197352, 38.58520154361737], [-90.17512431783956, 38.5898406853631], [-90.18068241788241, 38.5944795867747], [-90.18624123228014, 38.59911824771971], [-90.19180076121087, 38.60375666806568], [-90.19736100485268, 38.60839484768009], [-90.20292196338367, 38.61303278643038], [-90.2084836369821, 38.617670484184025], [-90.21404602582597, 38.62230794080845], [-90.21960913009349, 38.62694515617101], [-90.22517294996291, 38.63158213013913], [-90.23073748561237, 38.63621886258013], [-90.23630273722006, 38.640855353361346], [-90.24186870496423, 38.645491602350084], [-90.24169602310592, 38.649992320172984], [-90.24726302687371, 38.65462834476206], [-90.25283074729404, 38.65926412725328], [-90.2583991845453, 38.663899667513896], [-90.26396833880578, 38.66853496541107], [-90.26953821025378, 38.673170020811966], [-90.2751087990677, 38.67780483358376], [-90.28068010542587, 38.682439403593555], [-90.28625212950666, 38.68707373070842], [-90.29182487148844, 38.69170781479548], [-90.29756780913004, 38.69184076444029], [-90.3031416661418, 38.696474344946864], [-90.30888503852013, 38.69660675247757], [-90.31446001070607, 38.70123982903419], [-90.32003570136486, 38.70587266197814], [-90.32561211067481, 38.710505251176386], [-90.33118923881437, 38.715137596495865], [-90.3367670859619, 38.719769697803464], [-90.34234565229588, 38.724401554966114], [-90.34792493799469, 38.72903316785066], [-90.35350494323681, 38.73366453632395], [-90.35908566820065, 38.73829566025279], [-90.36466711306467, 38.742926539503976], [-90.37024927800739, 38.74755717394432]]}}, {"type": "Feature", "properties": {"route_run_id": "stl_st_louis_downtown_airport_to_st_louis_lambert_2026-03-07_0012", "route_pair": "st_louis_downtown_airport_to_st_louis_lambert", "route_pair_label": "St. Louis Downtown Airport to St. Louis Lambert", "origin_label": "St. Louis Downtown Airport", "destination_label": "St. Louis Lambert International Airport", "origin_lat": 38.5703611, "origin_lon": -90.1550833, "destination_lat": 38.7486982, "destination_lon": -90.3700257, "traffic_date": "2026-03-07", "traffic_dataset": "March 7th - Saturday", "weight_id": "w_0012", "distance_weight": 0.0, "population_weight": 0.1, "traffic_weight": 0.0, "airspace_weight": 0.9, "path_nodes": 40, "path_node_ids": [2179, 2180, 2174, 2199, 2203, 2207, 2341, 2344, 2368, 2374, 2394, 2397, 2712, 2716, 2739, 2746, 2769, 2773, 3985, 3988, 3992, 3994, 4019, 4017, 4022, 4029, 4034, 4060, 4064, 5048, 5052, 5076, 5082, 5299, 5304, 5319, 5321, 5357, 5358, 5364], "elapsed_seconds": 0.043023800011724234, "status": "success", "failure_reason": "", "route_distance_km": 35.06932923764436, "distance_cost_sum": 38.59606473313351, "population_cost_sum": 24.787572976016946, "traffic_cost_sum": 15.41417932224777, "airspace_cost_sum": 33.4, "total_weighted_score": 32.5387572976017}, "geometry": {"type": "LineString", "coordinates": [[-90.15289905765549, 38.57128267769979], [-90.15845430205954, 38.57592253965332], [-90.16401026010618, 38.58056216167], [-90.16956693197352, 38.58520154361737], [-90.17512431783956, 38.5898406853631], [-90.18068241788241, 38.5944795867747], [-90.18624123228014, 38.59911824771971], [-90.19180076121087, 38.60375666806568], [-90.19736100485268, 38.60839484768009], [-90.20292196338367, 38.61303278643038], [-90.2084836369821, 38.617670484184025], [-90.21404602582597, 38.62230794080845], [-90.21960913009349, 38.62694515617101], [-90.22517294996291, 38.63158213013913], [-90.23073748561237, 38.63621886258013], [-90.23630273722006, 38.640855353361346], [-90.24186870496423, 38.645491602350084], [-90.24743538902311, 38.65012760941361], [-90.25300278957496, 38.654763374419176], [-90.25857090679797, 38.65939889723403], [-90.26413974087053, 38.66403417772537], [-90.26970929197084, 38.66866921576039], [-90.27527956027723, 38.67330401120623], [-90.28102094844074, 38.67343772015905], [-90.28659233093768, 38.67807201278429], [-90.29216443101578, 38.68270606246168], [-90.29773724885335, 38.68733986905835], [-90.30331078462868, 38.69197343244128], [-90.30888503852013, 38.69660675247757], [-90.31446001070607, 38.70123982903419], [-90.32003570136486, 38.70587266197814], [-90.32561211067481, 38.710505251176386], [-90.33118923881437, 38.715137596495865], [-90.3367670859619, 38.719769697803464], [-90.34234565229588, 38.724401554966114], [-90.34792493799469, 38.72903316785066], [-90.35350494323681, 38.73366453632395], [-90.35908566820065, 38.73829566025279], [-90.36466711306467, 38.742926539503976], [-90.37024927800739, 38.74755717394432]]}}, {"type": "Feature", "properties": {"route_run_id": "stl_st_louis_downtown_airport_to_st_louis_lambert_2026-03-07_0014", "route_pair": "st_louis_downtown_airport_to_st_louis_lambert", "route_pair_label": "St. Louis Downtown Airport to St. Louis Lambert", "origin_label": "St. Louis Downtown Airport", "destination_label": "St. Louis Lambert International Airport", "origin_lat": 38.5703611, "origin_lon": -90.1550833, "destination_lat": 38.7486982, "destination_lon": -90.3700257, "traffic_date": "2026-03-07", "traffic_dataset": "March 7th - Saturday", "weight_id": "w_0014", "distance_weight": 0.0, "population_weight": 0.1, "traffic_weight": 0.2, "airspace_weight": 0.7, "path_nodes": 40, "path_node_ids": [2179, 2180, 2174, 2199, 2203, 2207, 2341, 2344, 2368, 2374, 2394, 2397, 2712, 2716, 2739, 2746, 2769, 2773, 3985, 3988, 3992, 3994, 4019, 4020, 4023, 4055, 4059, 4063, 4064, 5048, 5052, 5076, 5082, 5299, 5304, 5319, 5321, 5357, 5358, 5364], "elapsed_seconds": 0.04396669997368008, "status": "success", "failure_reason": "", "route_distance_km": 35.0695243590648, "distance_cost_sum": 38.596279476875054, "population_cost_sum": 23.651108783135093, "traffic_cost_sum": 14.425692925774984, "airspace_cost_sum": 33.8, "total_weighted_score": 28.910249463468503}, "geometry": {"type": "LineString", "coordinates": [[-90.15289905765549, 38.57128267769979], [-90.15845430205954, 38.57592253965332], [-90.16401026010618, 38.58056216167], [-90.16956693197352, 38.58520154361737], [-90.17512431783956, 38.5898406853631], [-90.18068241788241, 38.5944795867747], [-90.18624123228014, 38.59911824771971], [-90.19180076121087, 38.60375666806568], [-90.19736100485268, 38.60839484768009], [-90.20292196338367, 38.61303278643038], [-90.2084836369821, 38.617670484184025], [-90.21404602582597, 38.62230794080845], [-90.21960913009349, 38.62694515617101], [-90.22517294996291, 38.63158213013913], [-90.23073748561237, 38.63621886258013], [-90.23630273722006, 38.640855353361346], [-90.24186870496423, 38.645491602350084], [-90.24743538902311, 38.65012760941361], [-90.25300278957496, 38.654763374419176], [-90.25857090679797, 38.65939889723403], [-90.26413974087053, 38.66403417772537], [-90.26970929197084, 38.66866921576039], [-90.27527956027723, 38.67330401120623], [-90.28085054596801, 38.677938563930056], [-90.28642224922152, 38.68257287379895], [-90.29199467021606, 38.68720694068001], [-90.29756780913004, 38.69184076444029], [-90.3031416661418, 38.696474344946864], [-90.30888503852013, 38.69660675247757], [-90.31446001070607, 38.70123982903419], [-90.32003570136486, 38.70587266197814], [-90.32561211067481, 38.710505251176386], [-90.33118923881437, 38.715137596495865], [-90.3367670859619, 38.719769697803464], [-90.34234565229588, 38.724401554966114], [-90.34792493799469, 38.72903316785066], [-90.35350494323681, 38.73366453632395], [-90.35908566820065, 38.73829566025279], [-90.36466711306467, 38.742926539503976], [-90.37024927800739, 38.74755717394432]]}}, {"type": "Feature", "properties": {"route_run_id": "stl_st_louis_downtown_airport_to_st_louis_lambert_2026-03-07_0127", "route_pair": "st_louis_downtown_airport_to_st_louis_lambert", "route_pair_label": "St. Louis Downtown Airport to St. Louis Lambert", "origin_label": "St. Louis Downtown Airport", "destination_label": "St. Louis Lambert International Airport", "origin_lat": 38.5703611, "origin_lon": -90.1550833, "destination_lat": 38.7486982, "destination_lon": -90.3700257, "traffic_date": "2026-03-07", "traffic_dataset": "March 7th - Saturday", "weight_id": "w_0127", "distance_weight": 0.2, "population_weight": 0.0, "traffic_weight": 0.5, "airspace_weight": 0.3, "path_nodes": 42, "path_node_ids": [2179, 2180, 2172, 2176, 2200, 2204, 2317, 2340, 2346, 2371, 2391, 2395, 2708, 2712, 2716, 2739, 2746, 2769, 2772, 2777, 3989, 3993, 4006, 4008, 4021, 4045, 4047, 4058, 4059, 4063, 4064, 5048, 5052, 5076, 5082, 5299, 5304, 5319, 5321, 5357, 5358, 5364], "elapsed_seconds": 0.022758399951271713, "status": "success", "failure_reason": "", "route_distance_km": 35.81950888310027, "distance_cost_sum": 39.42168594651035, "population_cost_sum": 26.09456255665406, "traffic_cost_sum": 12.694088465651157, "airspace_cost_sum": 35.0, "total_weighted_score": 24.731381422127647}, "geometry": {"type": "LineString", "coordinates": [[-90.15289905765549, 38.57128267769979], [-90.15845430205954, 38.57592253965332], [-90.16418736160693, 38.57606168922697], [-90.16974371606538, 38.58070105309441], [-90.17530078436367, 38.58534017679984], [-90.1808585666797, 38.58997906021084], [-90.18641706319154, 38.594617703194956], [-90.1919762740773, 38.599256105619745], [-90.19753619951499, 38.60389426735269], [-90.20309683968271, 38.60853218826128], [-90.20865819475857, 38.61316986821297], [-90.21422026492066, 38.617807307075225], [-90.21978305034705, 38.62244450471542], [-90.21960913009349, 38.62694515617101], [-90.22517294996291, 38.63158213013913], [-90.23073748561237, 38.63621886258013], [-90.23630273722006, 38.640855353361346], [-90.24186870496423, 38.645491602350084], [-90.24169602310592, 38.649992320172984], [-90.24726302687371, 38.65462834476206], [-90.25283074729404, 38.65926412725328], [-90.2583991845453, 38.663899667513896], [-90.26396833880578, 38.66853496541107], [-90.26953821025378, 38.673170020811966], [-90.2751087990677, 38.67780483358376], [-90.28068010542587, 38.682439403593555], [-90.28625212950666, 38.68707373070842], [-90.29182487148844, 38.69170781479548], [-90.29756780913004, 38.69184076444029], [-90.3031416661418, 38.696474344946864], [-90.30888503852013, 38.69660675247757], [-90.31446001070607, 38.70123982903419], [-90.32003570136486, 38.70587266197814], [-90.32561211067481, 38.710505251176386], [-90.33118923881437, 38.715137596495865], [-90.3367670859619, 38.719769697803464], [-90.34234565229588, 38.724401554966114], [-90.34792493799469, 38.72903316785066], [-90.35350494323681, 38.73366453632395], [-90.35908566820065, 38.73829566025279], [-90.36466711306467, 38.742926539503976], [-90.37024927800739, 38.74755717394432]]}}, {"type": "Feature", "properties": {"route_run_id": "stl_st_louis_downtown_airport_to_st_louis_lambert_2026-03-07_0083", "route_pair": "st_louis_downtown_airport_to_st_louis_lambert", "route_pair_label": "St. Louis Downtown Airport to St. Louis Lambert", "origin_label": "St. Louis Downtown Airport", "destination_label": "St. Louis Lambert International Airport", "origin_lat": 38.5703611, "origin_lon": -90.1550833, "destination_lat": 38.7486982, "destination_lon": -90.3700257, "traffic_date": "2026-03-07", "traffic_dataset": "March 7th - Saturday", "weight_id": "w_0083", "distance_weight": 0.1, "population_weight": 0.1, "traffic_weight": 0.6, "airspace_weight": 0.2, "path_nodes": 46, "path_node_ids": [2179, 2180, 2172, 2176, 2200, 2204, 2317, 2340, 2346, 2371, 2391, 2389, 2388, 2390, 2382, 2383, 2718, 2723, 2629, 2631, 2630, 2655, 2657, 2670, 2674, 2690, 2694, 2696, 3997, 4003, 5000, 5001, 5026, 5031, 5046, 5050, 5052, 5076, 5082, 5299, 5304, 5319, 5321, 5357, 5358, 5364], "elapsed_seconds": 0.03957489994354546, "status": "success", "failure_reason": "", "route_distance_km": 37.845173286320176, "distance_cost_sum": 41.65106062044498, "population_cost_sum": 27.38097974050016, "traffic_cost_sum": 10.976639891492844, "airspace_cost_sum": 37.8, "total_weighted_score": 21.049187970990225}, "geometry": {"type": "LineString", "coordinates": [[-90.15289905765549, 38.57128267769979], [-90.15845430205954, 38.57592253965332], [-90.16418736160693, 38.57606168922697], [-90.16974371606538, 38.58070105309441], [-90.17530078436367, 38.58534017679984], [-90.1808585666797, 38.58997906021084], [-90.18641706319154, 38.594617703194956], [-90.1919762740773, 38.599256105619745], [-90.19753619951499, 38.60389426735269], [-90.20309683968271, 38.60853218826128], [-90.20865819475857, 38.61316986821297], [-90.21439446510948, 38.61330666920645], [-90.22013077435682, 38.613443189405075], [-90.22586712242094, 38.61357942880305], [-90.2316035092222, 38.613715387394656], [-90.2371671649366, 38.61835179018503], [-90.24273153599036, 38.622987951382164], [-90.24829662256141, 38.627623870853405], [-90.25403423671318, 38.627758770921055], [-90.25960043524782, 38.632394189110826], [-90.26533848396411, 38.63252854873545], [-90.27090579460699, 38.637163465274895], [-90.27647382133833, 38.64179813950475], [-90.28204256433611, 38.64643257129221], [-90.28761202377838, 38.651066760504534], [-90.29318219984313, 38.6557007070089], [-90.29875309270838, 38.6603344106725], [-90.29858387993494, 38.66483533065127], [-90.3041558105904, 38.669468808450944], [-90.30972845856238, 38.6741020431041], [-90.31530182402891, 38.678735034477825], [-90.32087590716817, 38.68336778243918], [-90.32070794108151, 38.68786876652711], [-90.32053993746693, 38.69236974652525], [-90.32611538157217, 38.69700228484725], [-90.32020381761771, 38.70137169425106], [-90.32003570136486, 38.70587266197814], [-90.32561211067481, 38.710505251176386], [-90.33118923881437, 38.715137596495865], [-90.3367670859619, 38.719769697803464], [-90.34234565229588, 38.724401554966114], [-90.34792493799469, 38.72903316785066], [-90.35350494323681, 38.73366453632395], [-90.35908566820065, 38.73829566025279], [-90.36466711306467, 38.742926539503976], [-90.37024927800739, 38.74755717394432]]}}, {"type": "Feature", "properties": {"route_run_id": "stl_st_louis_downtown_airport_to_st_louis_lambert_2026-03-07_0248", "route_pair": "st_louis_downtown_airport_to_st_louis_lambert", "route_pair_label": "St. Louis Downtown Airport to St. Louis Lambert", "origin_label": "St. Louis Downtown Airport", "destination_label": "St. Louis Lambert International Airport", "origin_lat": 38.5703611, "origin_lon": -90.1550833, "destination_lat": 38.7486982, "destination_lon": -90.3700257, "traffic_date": "2026-03-07", "traffic_dataset": "March 7th - Saturday", "weight_id": "w_0248", "distance_weight": 0.5, "population_weight": 0.3, "traffic_weight": 0.1, "airspace_weight": 0.1, "path_nodes": 43, "path_node_ids": [2179, 2180, 2183, 2198, 2202, 2206, 2449, 2345, 2370, 2373, 2398, 2709, 2711, 2714, 2750, 2744, 2770, 2772, 2777, 3989, 3993, 4006, 4008, 4021, 4045, 4047, 4058, 4062, 4077, 4082, 4084, 5080, 5084, 5310, 5311, 5337, 5320, 5322, 5323, 5346, 5357, 5358, 5364], "elapsed_seconds": 0.008745099999941885, "status": "success", "failure_reason": "", "route_distance_km": 36.19709159463293, "distance_cost_sum": 39.83724013854156, "population_cost_sum": 17.31210242086407, "traffic_cost_sum": 21.464075654287832, "airspace_cost_sum": 36.4, "total_weighted_score": 30.898658360958787}, "geometry": {"type": "LineString", "coordinates": [[-90.15289905765549, 38.57128267769979], [-90.15845430205954, 38.57592253965332], [-90.15827684369297, 38.58042298981685], [-90.16383311905943, 38.58506262995554], [-90.16939010840554, 38.58970202998531], [-90.17494781190939, 38.59434118977373], [-90.18050622974906, 38.59898010918833], [-90.18606536210271, 38.60361878809667], [-90.19162520914848, 38.60825722636621], [-90.19718577106451, 38.612895423864465], [-90.20274704802898, 38.61753338045887], [-90.2083090402201, 38.622171096016864], [-90.21387174781604, 38.62680857040582], [-90.21943517099498, 38.631445803493165], [-90.22499930993523, 38.636082795146216], [-90.23056416481495, 38.64071954523234], [-90.2361297358124, 38.64535605361884], [-90.24169602310592, 38.649992320172984], [-90.24726302687371, 38.65462834476206], [-90.25283074729404, 38.65926412725328], [-90.2583991845453, 38.663899667513896], [-90.26396833880578, 38.66853496541107], [-90.26953821025378, 38.673170020811966], [-90.2751087990677, 38.67780483358376], [-90.28068010542587, 38.682439403593555], [-90.28625212950666, 38.68707373070842], [-90.29182487148844, 38.69170781479548], [-90.29739833154962, 38.69634165572174], [-90.30297250986867, 38.70097525335427], [-90.30280331580018, 38.70547615766316], [-90.30837853409372, 38.710109528957155], [-90.31395447116216, 38.71474265665128], [-90.31378588266769, 38.71924359100243], [-90.31936286061908, 38.72387649197406], [-90.32494055786266, 38.72850914903958], [-90.330518974577, 38.7331415620659], [-90.33626541075455, 38.733272728767844], [-90.3420118843105, 38.73340361338185], [-90.34775839516463, 38.73353421590239], [-90.35333872308522, 38.73816560113835], [-90.35908566820065, 38.73829566025279], [-90.36466711306467, 38.742926539503976], [-90.37024927800739, 38.74755717394432]]}}, {"type": "Feature", "properties": {"route_run_id": "stl_st_louis_downtown_airport_to_st_louis_lambert_2026-03-07_0205", "route_pair": "st_louis_downtown_airport_to_st_louis_lambert", "route_pair_label": "St. Louis Downtown Airport to St. Louis Lambert", "origin_label": "St. Louis Downtown Airport", "destination_label": "St. Louis Lambert International Airport", "origin_lat": 38.5703611, "origin_lon": -90.1550833, "destination_lat": 38.7486982, "destination_lon": -90.3700257, "traffic_date": "2026-03-07", "traffic_dataset": "March 7th - Saturday", "weight_id": "w_0205", "distance_weight": 0.4, "population_weight": 0.0, "traffic_weight": 0.1, "airspace_weight": 0.5, "path_nodes": 40, "path_node_ids": [2179, 2180, 2174, 2199, 2203, 2207, 2341, 2344, 2368, 2374, 2394, 2397, 2712, 2716, 2739, 2746, 2769, 2747, 2684, 2687, 3987, 3990, 4016, 4017, 4022, 4029, 4034, 4060, 4064, 5048, 5052, 5076, 5082, 5299, 5304, 5319, 5321, 5357, 5358, 5364], "elapsed_seconds": 0.013935699942521751, "status": "success", "failure_reason": "", "route_distance_km": 35.06909548721607, "distance_cost_sum": 38.5958074756707, "population_cost_sum": 25.61136132378821, "traffic_cost_sum": 15.3602348791462, "airspace_cost_sum": 33.4, "total_weighted_score": 33.674346478182905}, "geometry": {"type": "LineString", "coordinates": [[-90.15289905765549, 38.57128267769979], [-90.15845430205954, 38.57592253965332], [-90.16401026010618, 38.58056216167], [-90.16956693197352, 38.58520154361737], [-90.17512431783956, 38.5898406853631], [-90.18068241788241, 38.5944795867747], [-90.18624123228014, 38.59911824771971], [-90.19180076121087, 38.60375666806568], [-90.19736100485268, 38.60839484768009], [-90.20292196338367, 38.61303278643038], [-90.2084836369821, 38.617670484184025], [-90.21404602582597, 38.62230794080845], [-90.21960913009349, 38.62694515617101], [-90.22517294996291, 38.63158213013913], [-90.23073748561237, 38.63621886258013], [-90.23630273722006, 38.640855353361346], [-90.24186870496423, 38.645491602350084], [-90.24760771267954, 38.645626869943555], [-90.25317479343335, 38.65026261746583], [-90.25874259069872, 38.654898122837295], [-90.26431110465388, 38.659533385925144], [-90.26988033547711, 38.664168406596616], [-90.27545028334664, 38.66880318471887], [-90.28102094844074, 38.67343772015905], [-90.28659233093768, 38.67807201278429], [-90.29216443101578, 38.68270606246168], [-90.29773724885335, 38.68733986905835], [-90.30331078462868, 38.69197343244128], [-90.30888503852013, 38.69660675247757], [-90.31446001070607, 38.70123982903419], [-90.32003570136486, 38.70587266197814], [-90.32561211067481, 38.710505251176386], [-90.33118923881437, 38.715137596495865], [-90.3367670859619, 38.719769697803464], [-90.34234565229588, 38.724401554966114], [-90.34792493799469, 38.72903316785066], [-90.35350494323681, 38.73366453632395], [-90.35908566820065, 38.73829566025279], [-90.36466711306467, 38.742926539503976], [-90.37024927800739, 38.74755717394432]]}}, {"type": "Feature", "properties": {"route_run_id": "stl_st_louis_downtown_airport_to_st_louis_lambert_2026-03-07_0231", "route_pair": "st_louis_downtown_airport_to_st_louis_lambert", "route_pair_label": "St. Louis Downtown Airport to St. Louis Lambert", "origin_label": "St. Louis Downtown Airport", "destination_label": "St. Louis Lambert International Airport", "origin_lat": 38.5703611, "origin_lon": -90.1550833, "destination_lat": 38.7486982, "destination_lon": -90.3700257, "traffic_date": "2026-03-07", "traffic_dataset": "March 7th - Saturday", "weight_id": "w_0231", "distance_weight": 0.4, "population_weight": 0.6, "traffic_weight": 0.0, "airspace_weight": 0.0, "path_nodes": 55, "path_node_ids": [2179, 2180, 2183, 2186, 2419, 2423, 2448, 2452, 2455, 2478, 2482, 2483, 2487, 2811, 2812, 2816, 2858, 2863, 2864, 2889, 3896, 3898, 3901, 3927, 3946, 3949, 3953, 3966, 3944, 3977, 3976, 3941, 4043, 4066, 4067, 4068, 4185, 4187, 4188, 4076, 4075, 4082, 4084, 5080, 5084, 5310, 5311, 5337, 5320, 5322, 5323, 5346, 5357, 5358, 5364], "elapsed_seconds": 0.008146399981342256, "status": "success", "failure_reason": "", "route_distance_km": 41.77074742931658, "distance_cost_sum": 45.971408828735385, "population_cost_sum": 8.67777235752909, "traffic_cost_sum": 37.765711010108255, "airspace_cost_sum": 45.2, "total_weighted_score": 23.595226946011607}, "geometry": {"type": "LineString", "coordinates": [[-90.15289905765549, 38.57128267769979], [-90.15845430205954, 38.57592253965332], [-90.15827684369297, 38.58042298981685], [-90.1580993457009, 38.58492343582021], [-90.15792180807382, 38.58942387766302], [-90.16347871828971, 38.59406355405304], [-90.1690363428032, 38.598702990254786], [-90.17459468179258, 38.60334218613583], [-90.17441805758689, 38.60784267808668], [-90.174241393937, 38.61234316588366], [-90.17406469083332, 38.61684364952644], [-90.17388794826633, 38.621344129014695], [-90.17371116622648, 38.62584460434813], [-90.17353434470424, 38.6303450755264], [-90.17335748369, 38.63484554254923], [-90.17318058317427, 38.63934600541629], [-90.17300364314747, 38.64384646412727], [-90.17856556137721, 38.64848558173427], [-90.17838890046788, 38.65298605432084], [-90.17821220009857, 38.65748652275311], [-90.18377547226044, 38.66212543540375], [-90.18933946118675, 38.666764106898924], [-90.19490416705614, 38.67140253710589], [-90.20046959004746, 38.676040725891895], [-90.20603573033937, 38.68067867312418], [-90.21160258811075, 38.68531637866994], [-90.2171701635404, 38.68995384239636], [-90.2229126017605, 38.690090452895454], [-90.22865507887754, 38.69022678182468], [-90.23439759481155, 38.69036282917826], [-90.24014014948251, 38.69049859495047], [-90.24605541323987, 38.68613337677085], [-90.2517976862147, 38.68626855773688], [-90.25736804511756, 38.69090420272148], [-90.26311075393669, 38.69103884211091], [-90.26868222818311, 38.695673984376505], [-90.27425442059507, 38.700308883813186], [-90.27999796237877, 38.700442721166475], [-90.28557127047641, 38.70507711728869], [-90.29148516021279, 38.700709550716724], [-90.297228816103, 38.700842542902386], [-90.30280331580018, 38.70547615766316], [-90.30837853409372, 38.710109528957155], [-90.31395447116216, 38.71474265665128], [-90.31378588266769, 38.71924359100243], [-90.31936286061908, 38.72387649197406], [-90.32494055786266, 38.72850914903958], [-90.330518974577, 38.7331415620659], [-90.33626541075455, 38.733272728767844], [-90.3420118843105, 38.73340361338185], [-90.34775839516463, 38.73353421590239], [-90.35333872308522, 38.73816560113835], [-90.35908566820065, 38.73829566025279], [-90.36466711306467, 38.742926539503976], [-90.37024927800739, 38.74755717394432]]}}, {"type": "Feature", "properties": {"route_run_id": "stl_st_louis_downtown_airport_to_st_louis_lambert_2026-03-07_0234", "route_pair": "st_louis_downtown_airport_to_st_louis_lambert", "route_pair_label": "St. Louis Downtown Airport to St. Louis Lambert", "origin_label": "St. Louis Downtown Airport", "destination_label": "St. Louis Lambert International Airport", "origin_lat": 38.5703611, "origin_lon": -90.1550833, "destination_lat": 38.7486982, "destination_lon": -90.3700257, "traffic_date": "2026-03-07", "traffic_dataset": "March 7th - Saturday", "weight_id": "w_0234", "distance_weight": 0.5, "population_weight": 0.0, "traffic_weight": 0.2, "airspace_weight": 0.3, "path_nodes": 40, "path_node_ids": [2179, 2180, 2174, 2199, 2203, 2207, 2341, 2344, 2368, 2374, 2394, 2397, 2712, 2716, 2739, 2746, 2769, 2773, 3985, 3988, 3992, 3994, 4019, 4020, 4023, 4055, 4059, 4063, 4064, 5048, 5052, 5076, 5082, 5299, 5304, 5319, 5321, 5357, 5358, 5364], "elapsed_seconds": 0.008375799981877208, "status": "success", "failure_reason": "", "route_distance_km": 35.0695243590648, "distance_cost_sum": 38.596279476875054, "population_cost_sum": 23.651108783135093, "traffic_cost_sum": 14.425692925774984, "airspace_cost_sum": 33.8, "total_weighted_score": 32.323278323592525}, "geometry": {"type": "LineString", "coordinates": [[-90.15289905765549, 38.57128267769979], [-90.15845430205954, 38.57592253965332], [-90.16401026010618, 38.58056216167], [-90.16956693197352, 38.58520154361737], [-90.17512431783956, 38.5898406853631], [-90.18068241788241, 38.5944795867747], [-90.18624123228014, 38.59911824771971], [-90.19180076121087, 38.60375666806568], [-90.19736100485268, 38.60839484768009], [-90.20292196338367, 38.61303278643038], [-90.2084836369821, 38.617670484184025], [-90.21404602582597, 38.62230794080845], [-90.21960913009349, 38.62694515617101], [-90.22517294996291, 38.63158213013913], [-90.23073748561237, 38.63621886258013], [-90.23630273722006, 38.640855353361346], [-90.24186870496423, 38.645491602350084], [-90.24743538902311, 38.65012760941361], [-90.25300278957496, 38.654763374419176], [-90.25857090679797, 38.65939889723403], [-90.26413974087053, 38.66403417772537], [-90.26970929197084, 38.66866921576039], [-90.27527956027723, 38.67330401120623], [-90.28085054596801, 38.677938563930056], [-90.28642224922152, 38.68257287379895], [-90.29199467021606, 38.68720694068001], [-90.29756780913004, 38.69184076444029], [-90.3031416661418, 38.696474344946864], [-90.30888503852013, 38.69660675247757], [-90.31446001070607, 38.70123982903419], [-90.32003570136486, 38.70587266197814], [-90.32561211067481, 38.710505251176386], [-90.33118923881437, 38.715137596495865], [-90.3367670859619, 38.719769697803464], [-90.34234565229588, 38.724401554966114], [-90.34792493799469, 38.72903316785066], [-90.35350494323681, 38.73366453632395], [-90.35908566820065, 38.73829566025279], [-90.36466711306467, 38.742926539503976], [-90.37024927800739, 38.74755717394432]]}}, {"type": "Feature", "properties": {"route_run_id": "stl_st_louis_downtown_airport_to_st_louis_lambert_2026-03-07_0166", "route_pair": "st_louis_downtown_airport_to_st_louis_lambert", "route_pair_label": "St. Louis Downtown Airport to St. Louis Lambert", "origin_label": "St. Louis Downtown Airport", "destination_label": "St. Louis Lambert International Airport", "origin_lat": 38.5703611, "origin_lon": -90.1550833, "destination_lat": 38.7486982, "destination_lon": -90.3700257, "traffic_date": "2026-03-07", "traffic_dataset": "March 7th - Saturday", "weight_id": "w_0166", "distance_weight": 0.2, "population_weight": 0.8, "traffic_weight": 0.0, "airspace_weight": 0.0, "path_nodes": 55, "path_node_ids": [2179, 2180, 2183, 2186, 2419, 2423, 2448, 2452, 2455, 2478, 2482, 2483, 2487, 2811, 2812, 2816, 2858, 2863, 2864, 2889, 3896, 3898, 3901, 3927, 3946, 3949, 3953, 3966, 3944, 3977, 3976, 3941, 4043, 4066, 4067, 4068, 4185, 4187, 4188, 4076, 4075, 4082, 4084, 5080, 5084, 5310, 5311, 5337, 5320, 5322, 5323, 5346, 5357, 5358, 5364], "elapsed_seconds": 0.01549320004414767, "status": "success", "failure_reason": "", "route_distance_km": 41.77074742931658, "distance_cost_sum": 45.971408828735385, "population_cost_sum": 8.67777235752909, "traffic_cost_sum": 37.765711010108255, "airspace_cost_sum": 45.2, "total_weighted_score": 16.13649965177035}, "geometry": {"type": "LineString", "coordinates": [[-90.15289905765549, 38.57128267769979], [-90.15845430205954, 38.57592253965332], [-90.15827684369297, 38.58042298981685], [-90.1580993457009, 38.58492343582021], [-90.15792180807382, 38.58942387766302], [-90.16347871828971, 38.59406355405304], [-90.1690363428032, 38.598702990254786], [-90.17459468179258, 38.60334218613583], [-90.17441805758689, 38.60784267808668], [-90.174241393937, 38.61234316588366], [-90.17406469083332, 38.61684364952644], [-90.17388794826633, 38.621344129014695], [-90.17371116622648, 38.62584460434813], [-90.17353434470424, 38.6303450755264], [-90.17335748369, 38.63484554254923], [-90.17318058317427, 38.63934600541629], [-90.17300364314747, 38.64384646412727], [-90.17856556137721, 38.64848558173427], [-90.17838890046788, 38.65298605432084], [-90.17821220009857, 38.65748652275311], [-90.18377547226044, 38.66212543540375], [-90.18933946118675, 38.666764106898924], [-90.19490416705614, 38.67140253710589], [-90.20046959004746, 38.676040725891895], [-90.20603573033937, 38.68067867312418], [-90.21160258811075, 38.68531637866994], [-90.2171701635404, 38.68995384239636], [-90.2229126017605, 38.690090452895454], [-90.22865507887754, 38.69022678182468], [-90.23439759481155, 38.69036282917826], [-90.24014014948251, 38.69049859495047], [-90.24605541323987, 38.68613337677085], [-90.2517976862147, 38.68626855773688], [-90.25736804511756, 38.69090420272148], [-90.26311075393669, 38.69103884211091], [-90.26868222818311, 38.695673984376505], [-90.27425442059507, 38.700308883813186], [-90.27999796237877, 38.700442721166475], [-90.28557127047641, 38.70507711728869], [-90.29148516021279, 38.700709550716724], [-90.297228816103, 38.700842542902386], [-90.30280331580018, 38.70547615766316], [-90.30837853409372, 38.710109528957155], [-90.31395447116216, 38.71474265665128], [-90.31378588266769, 38.71924359100243], [-90.31936286061908, 38.72387649197406], [-90.32494055786266, 38.72850914903958], [-90.330518974577, 38.7331415620659], [-90.33626541075455, 38.733272728767844], [-90.3420118843105, 38.73340361338185], [-90.34775839516463, 38.73353421590239], [-90.35333872308522, 38.73816560113835], [-90.35908566820065, 38.73829566025279], [-90.36466711306467, 38.742926539503976], [-90.37024927800739, 38.74755717394432]]}}, {"type": "Feature", "properties": {"route_run_id": "stl_st_louis_downtown_airport_to_st_louis_lambert_2026-03-07_0102", "route_pair": "st_louis_downtown_airport_to_st_louis_lambert", "route_pair_label": "St. Louis Downtown Airport to St. Louis Lambert", "origin_label": "St. Louis Downtown Airport", "destination_label": "St. Louis Lambert International Airport", "origin_lat": 38.5703611, "origin_lon": -90.1550833, "destination_lat": 38.7486982, "destination_lon": -90.3700257, "traffic_date": "2026-03-07", "traffic_dataset": "March 7th - Saturday", "weight_id": "w_0102", "distance_weight": 0.1, "population_weight": 0.4, "traffic_weight": 0.1, "airspace_weight": 0.4, "path_nodes": 43, "path_node_ids": [2179, 2180, 2183, 2198, 2202, 2206, 2449, 2345, 2370, 2373, 2398, 2709, 2711, 2714, 2750, 2744, 2770, 2772, 2777, 3989, 3993, 4006, 4008, 4021, 4045, 4047, 4058, 4062, 4077, 4082, 4084, 5080, 5084, 5310, 5311, 5337, 5320, 5322, 5323, 5346, 5357, 5358, 5364], "elapsed_seconds": 0.04974459996446967, "status": "success", "failure_reason": "", "route_distance_km": 36.19709159463293, "distance_cost_sum": 39.83724013854156, "population_cost_sum": 17.31210242086407, "traffic_cost_sum": 21.464075654287832, "airspace_cost_sum": 36.4, "total_weighted_score": 27.614972547628568}, "geometry": {"type": "LineString", "coordinates": [[-90.15289905765549, 38.57128267769979], [-90.15845430205954, 38.57592253965332], [-90.15827684369297, 38.58042298981685], [-90.16383311905943, 38.58506262995554], [-90.16939010840554, 38.58970202998531], [-90.17494781190939, 38.59434118977373], [-90.18050622974906, 38.59898010918833], [-90.18606536210271, 38.60361878809667], [-90.19162520914848, 38.60825722636621], [-90.19718577106451, 38.612895423864465], [-90.20274704802898, 38.61753338045887], [-90.2083090402201, 38.622171096016864], [-90.21387174781604, 38.62680857040582], [-90.21943517099498, 38.631445803493165], [-90.22499930993523, 38.636082795146216], [-90.23056416481495, 38.64071954523234], [-90.2361297358124, 38.64535605361884], [-90.24169602310592, 38.649992320172984], [-90.24726302687371, 38.65462834476206], [-90.25283074729404, 38.65926412725328], [-90.2583991845453, 38.663899667513896], [-90.26396833880578, 38.66853496541107], [-90.26953821025378, 38.673170020811966], [-90.2751087990677, 38.67780483358376], [-90.28068010542587, 38.682439403593555], [-90.28625212950666, 38.68707373070842], [-90.29182487148844, 38.69170781479548], [-90.29739833154962, 38.69634165572174], [-90.30297250986867, 38.70097525335427], [-90.30280331580018, 38.70547615766316], [-90.30837853409372, 38.710109528957155], [-90.31395447116216, 38.71474265665128], [-90.31378588266769, 38.71924359100243], [-90.31936286061908, 38.72387649197406], [-90.32494055786266, 38.72850914903958], [-90.330518974577, 38.7331415620659], [-90.33626541075455, 38.733272728767844], [-90.3420118843105, 38.73340361338185], [-90.34775839516463, 38.73353421590239], [-90.35333872308522, 38.73816560113835], [-90.35908566820065, 38.73829566025279], [-90.36466711306467, 38.742926539503976], [-90.37024927800739, 38.74755717394432]]}}, {"type": "Feature", "properties": {"route_run_id": "stl_st_louis_downtown_airport_to_st_louis_lambert_2026-03-07_0053", "route_pair": "st_louis_downtown_airport_to_st_louis_lambert", "route_pair_label": "St. Louis Downtown Airport to St. Louis Lambert", "origin_label": "St. Louis Downtown Airport", "destination_label": "St. Louis Lambert International Airport", "origin_lat": 38.5703611, "origin_lon": -90.1550833, "destination_lat": 38.7486982, "destination_lon": -90.3700257, "traffic_date": "2026-03-07", "traffic_dataset": "March 7th - Saturday", "weight_id": "w_0053", "distance_weight": 0.0, "population_weight": 0.6, "traffic_weight": 0.1, "airspace_weight": 0.3, "path_nodes": 55, "path_node_ids": [2179, 2180, 2183, 2186, 2419, 2423, 2448, 2453, 2455, 2478, 2482, 2485, 2808, 2811, 2812, 2816, 2858, 2863, 2864, 2889, 3896, 3898, 3901, 3927, 3946, 3949, 3953, 3968, 3982, 3978, 3976, 3941, 4043, 4066, 4067, 4068, 4185, 4187, 4188, 4076, 4075, 4082, 4084, 5080, 5084, 5310, 5311, 5337, 5320, 5322, 5323, 5346, 5357, 5358, 5364], "elapsed_seconds": 0.04354709992185235, "status": "success", "failure_reason": "", "route_distance_km": 43.36583125897728, "distance_cost_sum": 47.726901736146765, "population_cost_sum": 8.67777235752909, "traffic_cost_sum": 37.80119591955151, "airspace_cost_sum": 44.8, "total_weighted_score": 22.42678300647261}, "geometry": {"type": "LineString", "coordinates": [[-90.15289905765549, 38.57128267769979], [-90.15845430205954, 38.57592253965332], [-90.15827684369297, 38.58042298981685], [-90.1580993457009, 38.58492343582021], [-90.15792180807382, 38.58942387766302], [-90.16347871828971, 38.59406355405304], [-90.1690363428032, 38.598702990254786], [-90.16885940074975, 38.60320346415569], [-90.17441805758689, 38.60784267808668], [-90.174241393937, 38.61234316588366], [-90.17406469083332, 38.61684364952644], [-90.1796246987078, 38.62148265899229], [-90.179448274358, 38.625983156498016], [-90.17353434470424, 38.6303450755264], [-90.17335748369, 38.63484554254923], [-90.17318058317427, 38.63934600541629], [-90.17300364314747, 38.64384646412727], [-90.17856556137721, 38.64848558173427], [-90.17838890046788, 38.65298605432084], [-90.17821220009857, 38.65748652275311], [-90.18377547226044, 38.66212543540375], [-90.18933946118675, 38.666764106898924], [-90.19490416705614, 38.67140253710589], [-90.20046959004746, 38.676040725891895], [-90.20603573033937, 38.68067867312418], [-90.21160258811075, 38.68531637866994], [-90.2171701635404, 38.68995384239636], [-90.22273845680708, 38.6945910641706], [-90.22830746808964, 38.699228043859776], [-90.23422416781283, 38.694863484025944], [-90.24014014948251, 38.69049859495047], [-90.24605541323987, 38.68613337677085], [-90.2517976862147, 38.68626855773688], [-90.25736804511756, 38.69090420272148], [-90.26311075393669, 38.69103884211091], [-90.26868222818311, 38.695673984376505], [-90.27425442059507, 38.700308883813186], [-90.27999796237877, 38.700442721166475], [-90.28557127047641, 38.70507711728869], [-90.29148516021279, 38.700709550716724], [-90.297228816103, 38.700842542902386], [-90.30280331580018, 38.70547615766316], [-90.30837853409372, 38.710109528957155], [-90.31395447116216, 38.71474265665128], [-90.31378588266769, 38.71924359100243], [-90.31936286061908, 38.72387649197406], [-90.32494055786266, 38.72850914903958], [-90.330518974577, 38.7331415620659], [-90.33626541075455, 38.733272728767844], [-90.3420118843105, 38.73340361338185], [-90.34775839516463, 38.73353421590239], [-90.35333872308522, 38.73816560113835], [-90.35908566820065, 38.73829566025279], [-90.36466711306467, 38.742926539503976], [-90.37024927800739, 38.74755717394432]]}}, {"type": "Feature", "properties": {"route_run_id": "stl_st_louis_downtown_airport_to_st_louis_lambert_2026-03-07_0135", "route_pair": "st_louis_downtown_airport_to_st_louis_lambert", "route_pair_label": "St. Louis Downtown Airport to St. Louis Lambert", "origin_label": "St. Louis Downtown Airport", "destination_label": "St. Louis Lambert International Airport", "origin_lat": 38.5703611, "origin_lon": -90.1550833, "destination_lat": 38.7486982, "destination_lon": -90.3700257, "traffic_date": "2026-03-07", "traffic_dataset": "March 7th - Saturday", "weight_id": "w_0135", "distance_weight": 0.2, "population_weight": 0.1, "traffic_weight": 0.4, "airspace_weight": 0.3, "path_nodes": 41, "path_node_ids": [2179, 2180, 2183, 2198, 2202, 2206, 2449, 2345, 2370, 2373, 2398, 2709, 2711, 2714, 2750, 2744, 2770, 2772, 2777, 3989, 3993, 4006, 4008, 4021, 4045, 4047, 4058, 4059, 4063, 4064, 5048, 5052, 5076, 5082, 5299, 5304, 5319, 5321, 5357, 5358, 5364], "elapsed_seconds": 0.02373820007778704, "status": "success", "failure_reason": "", "route_distance_km": 35.44516965599588, "distance_cost_sum": 39.00970141884611, "population_cost_sum": 23.447934484851842, "traffic_cost_sum": 13.596616574214913, "airspace_cost_sum": 34.4, "total_weighted_score": 25.905380361940374}, "geometry": {"type": "LineString", "coordinates": [[-90.15289905765549, 38.57128267769979], [-90.15845430205954, 38.57592253965332], [-90.15827684369297, 38.58042298981685], [-90.16383311905943, 38.58506262995554], [-90.16939010840554, 38.58970202998531], [-90.17494781190939, 38.59434118977373], [-90.18050622974906, 38.59898010918833], [-90.18606536210271, 38.60361878809667], [-90.19162520914848, 38.60825722636621], [-90.19718577106451, 38.612895423864465], [-90.20274704802898, 38.61753338045887], [-90.2083090402201, 38.622171096016864], [-90.21387174781604, 38.62680857040582], [-90.21943517099498, 38.631445803493165], [-90.22499930993523, 38.636082795146216], [-90.23056416481495, 38.64071954523234], [-90.2361297358124, 38.64535605361884], [-90.24169602310592, 38.649992320172984], [-90.24726302687371, 38.65462834476206], [-90.25283074729404, 38.65926412725328], [-90.2583991845453, 38.663899667513896], [-90.26396833880578, 38.66853496541107], [-90.26953821025378, 38.673170020811966], [-90.2751087990677, 38.67780483358376], [-90.28068010542587, 38.682439403593555], [-90.28625212950666, 38.68707373070842], [-90.29182487148844, 38.69170781479548], [-90.29756780913004, 38.69184076444029], [-90.3031416661418, 38.696474344946864], [-90.30888503852013, 38.69660675247757], [-90.31446001070607, 38.70123982903419], [-90.32003570136486, 38.70587266197814], [-90.32561211067481, 38.710505251176386], [-90.33118923881437, 38.715137596495865], [-90.3367670859619, 38.719769697803464], [-90.34234565229588, 38.724401554966114], [-90.34792493799469, 38.72903316785066], [-90.35350494323681, 38.73366453632395], [-90.35908566820065, 38.73829566025279], [-90.36466711306467, 38.742926539503976], [-90.37024927800739, 38.74755717394432]]}}, {"type": "Feature", "properties": {"route_run_id": "stl_st_louis_downtown_airport_to_st_louis_lambert_2026-03-07_0061", "route_pair": "st_louis_downtown_airport_to_st_louis_lambert", "route_pair_label": "St. Louis Downtown Airport to St. Louis Lambert", "origin_label": "St. Louis Downtown Airport", "destination_label": "St. Louis Lambert International Airport", "origin_lat": 38.5703611, "origin_lon": -90.1550833, "destination_lat": 38.7486982, "destination_lon": -90.3700257, "traffic_date": "2026-03-07", "traffic_dataset": "March 7th - Saturday", "weight_id": "w_0061", "distance_weight": 0.0, "population_weight": 0.8, "traffic_weight": 0.0, "airspace_weight": 0.2, "path_nodes": 55, "path_node_ids": [2179, 2182, 2192, 2418, 2422, 2425, 2427, 2453, 2456, 2479, 2480, 2483, 2808, 2811, 2813, 2833, 2837, 2861, 2866, 2889, 3896, 3898, 3901, 3927, 3946, 3949, 3953, 3952, 3940, 3977, 3976, 3941, 4043, 4066, 4067, 4068, 4185, 4187, 4188, 4076, 4075, 4082, 4084, 5080, 5084, 5310, 5311, 5337, 5320, 5322, 5323, 5346, 5357, 5358, 5364], "elapsed_seconds": 0.04231149994302541, "status": "success", "failure_reason": "", "route_distance_km": 44.94282493851701, "distance_cost_sum": 49.46248526347363, "population_cost_sum": 8.67777235752909, "traffic_cost_sum": 41.215794507833245, "airspace_cost_sum": 44.8, "total_weighted_score": 15.902217886023276}, "geometry": {"type": "LineString", "coordinates": [[-90.15289905765549, 38.57128267769979], [-90.14698830189188, 38.575643399377846], [-90.14107683252396, 38.580003791744], [-90.14663191796852, 38.58464420615243], [-90.15218771733517, 38.589284380730234], [-90.15774423080212, 38.593924315345014], [-90.16330145854758, 38.59856400986431], [-90.16885940074975, 38.60320346415569], [-90.16868241918205, 38.60770393390031], [-90.16850539809049, 38.61220439948829], [-90.16832833746557, 38.616704860919356], [-90.17388794826633, 38.621344129014695], [-90.179448274358, 38.625983156498016], [-90.17353434470424, 38.6303450755264], [-90.16761969944088, 38.63470666506797], [-90.16170433842768, 38.63906792498539], [-90.16152668241186, 38.64356833919522], [-90.16708780535298, 38.6482079745162], [-90.17264964452228, 38.6528473690797], [-90.17821220009857, 38.65748652275311], [-90.18377547226044, 38.66212543540375], [-90.18933946118675, 38.666764106898924], [-90.19490416705614, 38.67140253710589], [-90.20046959004746, 38.676040725891895], [-90.20603573033937, 38.68067867312418], [-90.21160258811075, 38.68531637866994], [-90.2171701635404, 38.68995384239636], [-90.22308670781703, 38.685589837485246], [-90.22882882604138, 38.685726144608395], [-90.23439759481155, 38.69036282917826], [-90.24014014948251, 38.69049859495047], [-90.24605541323987, 38.68613337677085], [-90.2517976862147, 38.68626855773688], [-90.25736804511756, 38.69090420272148], [-90.26311075393669, 38.69103884211091], [-90.26868222818311, 38.695673984376505], [-90.27425442059507, 38.700308883813186], [-90.27999796237877, 38.700442721166475], [-90.28557127047641, 38.70507711728869], [-90.29148516021279, 38.700709550716724], [-90.297228816103, 38.700842542902386], [-90.30280331580018, 38.70547615766316], [-90.30837853409372, 38.710109528957155], [-90.31395447116216, 38.71474265665128], [-90.31378588266769, 38.71924359100243], [-90.31936286061908, 38.72387649197406], [-90.32494055786266, 38.72850914903958], [-90.330518974577, 38.7331415620659], [-90.33626541075455, 38.733272728767844], [-90.3420118843105, 38.73340361338185], [-90.34775839516463, 38.73353421590239], [-90.35333872308522, 38.73816560113835], [-90.35908566820065, 38.73829566025279], [-90.36466711306467, 38.742926539503976], [-90.37024927800739, 38.74755717394432]]}}, {"type": "Feature", "properties": {"route_run_id": "stl_st_louis_downtown_airport_to_st_louis_lambert_2026-03-07_0057", "route_pair": "st_louis_downtown_airport_to_st_louis_lambert", "route_pair_label": "St. Louis Downtown Airport to St. Louis Lambert", "origin_label": "St. Louis Downtown Airport", "destination_label": "St. Louis Lambert International Airport", "origin_lat": 38.5703611, "origin_lon": -90.1550833, "destination_lat": 38.7486982, "destination_lon": -90.3700257, "traffic_date": "2026-03-07", "traffic_dataset": "March 7th - Saturday", "weight_id": "w_0057", "distance_weight": 0.0, "population_weight": 0.7, "traffic_weight": 0.0, "airspace_weight": 0.3, "path_nodes": 55, "path_node_ids": [2179, 2182, 2192, 2418, 2422, 2425, 2427, 2453, 2456, 2479, 2480, 2483, 2808, 2811, 2813, 2833, 2837, 2861, 2866, 2889, 3896, 3898, 3901, 3927, 3946, 3949, 3953, 3952, 3940, 3977, 3976, 3941, 4043, 4066, 4067, 4068, 4185, 4187, 4188, 4076, 4075, 4082, 4084, 5080, 5084, 5310, 5311, 5337, 5320, 5322, 5323, 5346, 5357, 5358, 5364], "elapsed_seconds": 0.0418847999535501, "status": "success", "failure_reason": "", "route_distance_km": 44.94282493851701, "distance_cost_sum": 49.46248526347363, "population_cost_sum": 8.67777235752909, "traffic_cost_sum": 41.215794507833245, "airspace_cost_sum": 44.8, "total_weighted_score": 19.514440650270366}, "geometry": {"type": "LineString", "coordinates": [[-90.15289905765549, 38.57128267769979], [-90.14698830189188, 38.575643399377846], [-90.14107683252396, 38.580003791744], [-90.14663191796852, 38.58464420615243], [-90.15218771733517, 38.589284380730234], [-90.15774423080212, 38.593924315345014], [-90.16330145854758, 38.59856400986431], [-90.16885940074975, 38.60320346415569], [-90.16868241918205, 38.60770393390031], [-90.16850539809049, 38.61220439948829], [-90.16832833746557, 38.616704860919356], [-90.17388794826633, 38.621344129014695], [-90.179448274358, 38.625983156498016], [-90.17353434470424, 38.6303450755264], [-90.16761969944088, 38.63470666506797], [-90.16170433842768, 38.63906792498539], [-90.16152668241186, 38.64356833919522], [-90.16708780535298, 38.6482079745162], [-90.17264964452228, 38.6528473690797], [-90.17821220009857, 38.65748652275311], [-90.18377547226044, 38.66212543540375], [-90.18933946118675, 38.666764106898924], [-90.19490416705614, 38.67140253710589], [-90.20046959004746, 38.676040725891895], [-90.20603573033937, 38.68067867312418], [-90.21160258811075, 38.68531637866994], [-90.2171701635404, 38.68995384239636], [-90.22308670781703, 38.685589837485246], [-90.22882882604138, 38.685726144608395], [-90.23439759481155, 38.69036282917826], [-90.24014014948251, 38.69049859495047], [-90.24605541323987, 38.68613337677085], [-90.2517976862147, 38.68626855773688], [-90.25736804511756, 38.69090420272148], [-90.26311075393669, 38.69103884211091], [-90.26868222818311, 38.695673984376505], [-90.27425442059507, 38.700308883813186], [-90.27999796237877, 38.700442721166475], [-90.28557127047641, 38.70507711728869], [-90.29148516021279, 38.700709550716724], [-90.297228816103, 38.700842542902386], [-90.30280331580018, 38.70547615766316], [-90.30837853409372, 38.710109528957155], [-90.31395447116216, 38.71474265665128], [-90.31378588266769, 38.71924359100243], [-90.31936286061908, 38.72387649197406], [-90.32494055786266, 38.72850914903958], [-90.330518974577, 38.7331415620659], [-90.33626541075455, 38.733272728767844], [-90.3420118843105, 38.73340361338185], [-90.34775839516463, 38.73353421590239], [-90.35333872308522, 38.73816560113835], [-90.35908566820065, 38.73829566025279], [-90.36466711306467, 38.742926539503976], [-90.37024927800739, 38.74755717394432]]}}, {"type": "Feature", "properties": {"route_run_id": "stl_st_louis_downtown_airport_to_st_louis_lambert_2026-03-07_0043", "route_pair": "st_louis_downtown_airport_to_st_louis_lambert", "route_pair_label": "St. Louis Downtown Airport to St. Louis Lambert", "origin_label": "St. Louis Downtown Airport", "destination_label": "St. Louis Lambert International Airport", "origin_lat": 38.5703611, "origin_lon": -90.1550833, "destination_lat": 38.7486982, "destination_lon": -90.3700257, "traffic_date": "2026-03-07", "traffic_dataset": "March 7th - Saturday", "weight_id": "w_0043", "distance_weight": 0.0, "population_weight": 0.4, "traffic_weight": 0.4, "airspace_weight": 0.2, "path_nodes": 41, "path_node_ids": [2179, 2180, 2183, 2198, 2202, 2206, 2449, 2345, 2370, 2373, 2398, 2709, 2711, 2714, 2750, 2744, 2770, 2772, 2777, 3989, 3993, 4006, 4008, 4021, 4045, 4047, 4058, 4062, 4077, 4079, 5077, 5052, 5076, 5082, 5299, 5304, 5319, 5321, 5357, 5358, 5364], "elapsed_seconds": 0.04452210001181811, "status": "success", "failure_reason": "", "route_distance_km": 35.97908767101205, "distance_cost_sum": 39.59731272244726, "population_cost_sum": 23.156990514279457, "traffic_cost_sum": 13.716044675315588, "airspace_cost_sum": 34.4, "total_weighted_score": 21.62921407583802}, "geometry": {"type": "LineString", "coordinates": [[-90.15289905765549, 38.57128267769979], [-90.15845430205954, 38.57592253965332], [-90.15827684369297, 38.58042298981685], [-90.16383311905943, 38.58506262995554], [-90.16939010840554, 38.58970202998531], [-90.17494781190939, 38.59434118977373], [-90.18050622974906, 38.59898010918833], [-90.18606536210271, 38.60361878809667], [-90.19162520914848, 38.60825722636621], [-90.19718577106451, 38.612895423864465], [-90.20274704802898, 38.61753338045887], [-90.2083090402201, 38.622171096016864], [-90.21387174781604, 38.62680857040582], [-90.21943517099498, 38.631445803493165], [-90.22499930993523, 38.636082795146216], [-90.23056416481495, 38.64071954523234], [-90.2361297358124, 38.64535605361884], [-90.24169602310592, 38.649992320172984], [-90.24726302687371, 38.65462834476206], [-90.25283074729404, 38.65926412725328], [-90.2583991845453, 38.663899667513896], [-90.26396833880578, 38.66853496541107], [-90.26953821025378, 38.673170020811966], [-90.2751087990677, 38.67780483358376], [-90.28068010542587, 38.682439403593555], [-90.28625212950666, 38.68707373070842], [-90.29182487148844, 38.69170781479548], [-90.29739833154962, 38.69634165572174], [-90.30297250986867, 38.70097525335427], [-90.30854740662397, 38.70560860756003], [-90.31412302199392, 38.71024171820601], [-90.32003570136486, 38.70587266197814], [-90.32561211067481, 38.710505251176386], [-90.33118923881437, 38.715137596495865], [-90.3367670859619, 38.719769697803464], [-90.34234565229588, 38.724401554966114], [-90.34792493799469, 38.72903316785066], [-90.35350494323681, 38.73366453632395], [-90.35908566820065, 38.73829566025279], [-90.36466711306467, 38.742926539503976], [-90.37024927800739, 38.74755717394432]]}}, {"type": "Feature", "properties": {"route_run_id": "stl_st_louis_downtown_airport_to_st_louis_lambert_2026-03-07_0124", "route_pair": "st_louis_downtown_airport_to_st_louis_lambert", "route_pair_label": "St. Louis Downtown Airport to St. Louis Lambert", "origin_label": "St. Louis Downtown Airport", "destination_label": "St. Louis Lambert International Airport", "origin_lat": 38.5703611, "origin_lon": -90.1550833, "destination_lat": 38.7486982, "destination_lon": -90.3700257, "traffic_date": "2026-03-07", "traffic_dataset": "March 7th - Saturday", "weight_id": "w_0124", "distance_weight": 0.2, "population_weight": 0.0, "traffic_weight": 0.2, "airspace_weight": 0.6, "path_nodes": 40, "path_node_ids": [2179, 2180, 2174, 2199, 2203, 2207, 2341, 2344, 2368, 2374, 2394, 2397, 2712, 2716, 2739, 2746, 2769, 2747, 2684, 2687, 3987, 3990, 4016, 4017, 4022, 4029, 4034, 4060, 4064, 5048, 5052, 5076, 5082, 5299, 5304, 5319, 5321, 5357, 5358, 5364], "elapsed_seconds": 0.034114299924112856, "status": "success", "failure_reason": "", "route_distance_km": 35.06909548721607, "distance_cost_sum": 38.5958074756707, "population_cost_sum": 25.61136132378821, "traffic_cost_sum": 15.3602348791462, "airspace_cost_sum": 33.4, "total_weighted_score": 30.831208470963382}, "geometry": {"type": "LineString", "coordinates": [[-90.15289905765549, 38.57128267769979], [-90.15845430205954, 38.57592253965332], [-90.16401026010618, 38.58056216167], [-90.16956693197352, 38.58520154361737], [-90.17512431783956, 38.5898406853631], [-90.18068241788241, 38.5944795867747], [-90.18624123228014, 38.59911824771971], [-90.19180076121087, 38.60375666806568], [-90.19736100485268, 38.60839484768009], [-90.20292196338367, 38.61303278643038], [-90.2084836369821, 38.617670484184025], [-90.21404602582597, 38.62230794080845], [-90.21960913009349, 38.62694515617101], [-90.22517294996291, 38.63158213013913], [-90.23073748561237, 38.63621886258013], [-90.23630273722006, 38.640855353361346], [-90.24186870496423, 38.645491602350084], [-90.24760771267954, 38.645626869943555], [-90.25317479343335, 38.65026261746583], [-90.25874259069872, 38.654898122837295], [-90.26431110465388, 38.659533385925144], [-90.26988033547711, 38.664168406596616], [-90.27545028334664, 38.66880318471887], [-90.28102094844074, 38.67343772015905], [-90.28659233093768, 38.67807201278429], [-90.29216443101578, 38.68270606246168], [-90.29773724885335, 38.68733986905835], [-90.30331078462868, 38.69197343244128], [-90.30888503852013, 38.69660675247757], [-90.31446001070607, 38.70123982903419], [-90.32003570136486, 38.70587266197814], [-90.32561211067481, 38.710505251176386], [-90.33118923881437, 38.715137596495865], [-90.3367670859619, 38.719769697803464], [-90.34234565229588, 38.724401554966114], [-90.34792493799469, 38.72903316785066], [-90.35350494323681, 38.73366453632395], [-90.35908566820065, 38.73829566025279], [-90.36466711306467, 38.742926539503976], [-90.37024927800739, 38.74755717394432]]}}, {"type": "Feature", "properties": {"route_run_id": "stl_st_louis_downtown_airport_to_st_louis_lambert_2026-03-07_0036", "route_pair": "st_louis_downtown_airport_to_st_louis_lambert", "route_pair_label": "St. Louis Downtown Airport to St. Louis Lambert", "origin_label": "St. Louis Downtown Airport", "destination_label": "St. Louis Lambert International Airport", "origin_lat": 38.5703611, "origin_lon": -90.1550833, "destination_lat": 38.7486982, "destination_lon": -90.3700257, "traffic_date": "2026-03-07", "traffic_dataset": "March 7th - Saturday", "weight_id": "w_0036", "distance_weight": 0.0, "population_weight": 0.3, "traffic_weight": 0.5, "airspace_weight": 0.2, "path_nodes": 41, "path_node_ids": [2179, 2180, 2183, 2198, 2202, 2206, 2449, 2345, 2370, 2373, 2398, 2709, 2711, 2714, 2750, 2744, 2770, 2772, 2777, 3989, 3993, 4006, 4008, 4021, 4045, 4047, 4058, 4062, 4077, 4079, 5077, 5052, 5076, 5082, 5299, 5304, 5319, 5321, 5357, 5358, 5364], "elapsed_seconds": 0.0445977000053972, "status": "success", "failure_reason": "", "route_distance_km": 35.97908767101205, "distance_cost_sum": 39.59731272244726, "population_cost_sum": 23.156990514279457, "traffic_cost_sum": 13.716044675315588, "airspace_cost_sum": 34.4, "total_weighted_score": 20.685119491941634}, "geometry": {"type": "LineString", "coordinates": [[-90.15289905765549, 38.57128267769979], [-90.15845430205954, 38.57592253965332], [-90.15827684369297, 38.58042298981685], [-90.16383311905943, 38.58506262995554], [-90.16939010840554, 38.58970202998531], [-90.17494781190939, 38.59434118977373], [-90.18050622974906, 38.59898010918833], [-90.18606536210271, 38.60361878809667], [-90.19162520914848, 38.60825722636621], [-90.19718577106451, 38.612895423864465], [-90.20274704802898, 38.61753338045887], [-90.2083090402201, 38.622171096016864], [-90.21387174781604, 38.62680857040582], [-90.21943517099498, 38.631445803493165], [-90.22499930993523, 38.636082795146216], [-90.23056416481495, 38.64071954523234], [-90.2361297358124, 38.64535605361884], [-90.24169602310592, 38.649992320172984], [-90.24726302687371, 38.65462834476206], [-90.25283074729404, 38.65926412725328], [-90.2583991845453, 38.663899667513896], [-90.26396833880578, 38.66853496541107], [-90.26953821025378, 38.673170020811966], [-90.2751087990677, 38.67780483358376], [-90.28068010542587, 38.682439403593555], [-90.28625212950666, 38.68707373070842], [-90.29182487148844, 38.69170781479548], [-90.29739833154962, 38.69634165572174], [-90.30297250986867, 38.70097525335427], [-90.30854740662397, 38.70560860756003], [-90.31412302199392, 38.71024171820601], [-90.32003570136486, 38.70587266197814], [-90.32561211067481, 38.710505251176386], [-90.33118923881437, 38.715137596495865], [-90.3367670859619, 38.719769697803464], [-90.34234565229588, 38.724401554966114], [-90.34792493799469, 38.72903316785066], [-90.35350494323681, 38.73366453632395], [-90.35908566820065, 38.73829566025279], [-90.36466711306467, 38.742926539503976], [-90.37024927800739, 38.74755717394432]]}}, {"type": "Feature", "properties": {"route_run_id": "stl_st_louis_downtown_airport_to_st_louis_lambert_2026-03-07_0255", "route_pair": "st_louis_downtown_airport_to_st_louis_lambert", "route_pair_label": "St. Louis Downtown Airport to St. Louis Lambert", "origin_label": "St. Louis Downtown Airport", "destination_label": "St. Louis Lambert International Airport", "origin_lat": 38.5703611, "origin_lon": -90.1550833, "destination_lat": 38.7486982, "destination_lon": -90.3700257, "traffic_date": "2026-03-07", "traffic_dataset": "March 7th - Saturday", "weight_id": "w_0255", "distance_weight": 0.6, "population_weight": 0.0, "traffic_weight": 0.2, "airspace_weight": 0.2, "path_nodes": 40, "path_node_ids": [2179, 2180, 2174, 2199, 2203, 2207, 2341, 2344, 2368, 2374, 2394, 2397, 2712, 2716, 2739, 2746, 2769, 2773, 3985, 3988, 3992, 3994, 4019, 4020, 4023, 4055, 4059, 4063, 4064, 5048, 5052, 5076, 5082, 5299, 5304, 5319, 5321, 5357, 5358, 5364], "elapsed_seconds": 0.0061076999409124255, "status": "success", "failure_reason": "", "route_distance_km": 35.0695243590648, "distance_cost_sum": 38.596279476875054, "population_cost_sum": 23.651108783135093, "traffic_cost_sum": 14.425692925774984, "airspace_cost_sum": 33.8, "total_weighted_score": 32.80290627128003}, "geometry": {"type": "LineString", "coordinates": [[-90.15289905765549, 38.57128267769979], [-90.15845430205954, 38.57592253965332], [-90.16401026010618, 38.58056216167], [-90.16956693197352, 38.58520154361737], [-90.17512431783956, 38.5898406853631], [-90.18068241788241, 38.5944795867747], [-90.18624123228014, 38.59911824771971], [-90.19180076121087, 38.60375666806568], [-90.19736100485268, 38.60839484768009], [-90.20292196338367, 38.61303278643038], [-90.2084836369821, 38.617670484184025], [-90.21404602582597, 38.62230794080845], [-90.21960913009349, 38.62694515617101], [-90.22517294996291, 38.63158213013913], [-90.23073748561237, 38.63621886258013], [-90.23630273722006, 38.640855353361346], [-90.24186870496423, 38.645491602350084], [-90.24743538902311, 38.65012760941361], [-90.25300278957496, 38.654763374419176], [-90.25857090679797, 38.65939889723403], [-90.26413974087053, 38.66403417772537], [-90.26970929197084, 38.66866921576039], [-90.27527956027723, 38.67330401120623], [-90.28085054596801, 38.677938563930056], [-90.28642224922152, 38.68257287379895], [-90.29199467021606, 38.68720694068001], [-90.29756780913004, 38.69184076444029], [-90.3031416661418, 38.696474344946864], [-90.30888503852013, 38.69660675247757], [-90.31446001070607, 38.70123982903419], [-90.32003570136486, 38.70587266197814], [-90.32561211067481, 38.710505251176386], [-90.33118923881437, 38.715137596495865], [-90.3367670859619, 38.719769697803464], [-90.34234565229588, 38.724401554966114], [-90.34792493799469, 38.72903316785066], [-90.35350494323681, 38.73366453632395], [-90.35908566820065, 38.73829566025279], [-90.36466711306467, 38.742926539503976], [-90.37024927800739, 38.74755717394432]]}}, {"type": "Feature", "properties": {"route_run_id": "stl_st_louis_downtown_airport_to_st_louis_lambert_2026-03-07_0152", "route_pair": "st_louis_downtown_airport_to_st_louis_lambert", "route_pair_label": "St. Louis Downtown Airport to St. Louis Lambert", "origin_label": "St. Louis Downtown Airport", "destination_label": "St. Louis Lambert International Airport", "origin_lat": 38.5703611, "origin_lon": -90.1550833, "destination_lat": 38.7486982, "destination_lon": -90.3700257, "traffic_date": "2026-03-07", "traffic_dataset": "March 7th - Saturday", "weight_id": "w_0152", "distance_weight": 0.2, "population_weight": 0.4, "traffic_weight": 0.0, "airspace_weight": 0.4, "path_nodes": 43, "path_node_ids": [2179, 2180, 2174, 2199, 2203, 2207, 2341, 2345, 2370, 2373, 2398, 2709, 2711, 2714, 2750, 2744, 2770, 2772, 2777, 3989, 3993, 4006, 4008, 4021, 4045, 4047, 4058, 4062, 4077, 4082, 4084, 5080, 5084, 5310, 5311, 5337, 5320, 5322, 5323, 5346, 5357, 5358, 5364], "elapsed_seconds": 0.03502770001068711, "status": "success", "failure_reason": "", "route_distance_km": 36.197024617572914, "distance_cost_sum": 39.83716642595565, "population_cost_sum": 17.31210242086407, "traffic_cost_sum": 21.545839729752437, "airspace_cost_sum": 36.4, "total_weighted_score": 29.45227425353676}, "geometry": {"type": "LineString", "coordinates": [[-90.15289905765549, 38.57128267769979], [-90.15845430205954, 38.57592253965332], [-90.16401026010618, 38.58056216167], [-90.16956693197352, 38.58520154361737], [-90.17512431783956, 38.5898406853631], [-90.18068241788241, 38.5944795867747], [-90.18624123228014, 38.59911824771971], [-90.18606536210271, 38.60361878809667], [-90.19162520914848, 38.60825722636621], [-90.19718577106451, 38.612895423864465], [-90.20274704802898, 38.61753338045887], [-90.2083090402201, 38.622171096016864], [-90.21387174781604, 38.62680857040582], [-90.21943517099498, 38.631445803493165], [-90.22499930993523, 38.636082795146216], [-90.23056416481495, 38.64071954523234], [-90.2361297358124, 38.64535605361884], [-90.24169602310592, 38.649992320172984], [-90.24726302687371, 38.65462834476206], [-90.25283074729404, 38.65926412725328], [-90.2583991845453, 38.663899667513896], [-90.26396833880578, 38.66853496541107], [-90.26953821025378, 38.673170020811966], [-90.2751087990677, 38.67780483358376], [-90.28068010542587, 38.682439403593555], [-90.28625212950666, 38.68707373070842], [-90.29182487148844, 38.69170781479548], [-90.29739833154962, 38.69634165572174], [-90.30297250986867, 38.70097525335427], [-90.30280331580018, 38.70547615766316], [-90.30837853409372, 38.710109528957155], [-90.31395447116216, 38.71474265665128], [-90.31378588266769, 38.71924359100243], [-90.31936286061908, 38.72387649197406], [-90.32494055786266, 38.72850914903958], [-90.330518974577, 38.7331415620659], [-90.33626541075455, 38.733272728767844], [-90.3420118843105, 38.73340361338185], [-90.34775839516463, 38.73353421590239], [-90.35333872308522, 38.73816560113835], [-90.35908566820065, 38.73829566025279], [-90.36466711306467, 38.742926539503976], [-90.37024927800739, 38.74755717394432]]}}, {"type": "Feature", "properties": {"route_run_id": "stl_st_louis_downtown_airport_to_st_louis_lambert_2026-03-07_0177", "route_pair": "st_louis_downtown_airport_to_st_louis_lambert", "route_pair_label": "St. Louis Downtown Airport to St. Louis Lambert", "origin_label": "St. Louis Downtown Airport", "destination_label": "St. Louis Lambert International Airport", "origin_lat": 38.5703611, "origin_lon": -90.1550833, "destination_lat": 38.7486982, "destination_lon": -90.3700257, "traffic_date": "2026-03-07", "traffic_dataset": "March 7th - Saturday", "weight_id": "w_0177", "distance_weight": 0.3, "population_weight": 0.1, "traffic_weight": 0.1, "airspace_weight": 0.5, "path_nodes": 40, "path_node_ids": [2179, 2180, 2174, 2199, 2203, 2207, 2341, 2344, 2368, 2374, 2394, 2397, 2712, 2716, 2739, 2746, 2769, 2773, 3985, 3988, 3992, 3994, 4019, 4020, 4023, 4055, 4059, 4063, 4064, 5048, 5052, 5076, 5082, 5299, 5304, 5319, 5321, 5357, 5358, 5364], "elapsed_seconds": 0.023865099996328354, "status": "success", "failure_reason": "", "route_distance_km": 35.0695243590648, "distance_cost_sum": 38.596279476875054, "population_cost_sum": 23.651108783135093, "traffic_cost_sum": 14.425692925774984, "airspace_cost_sum": 33.8, "total_weighted_score": 32.28656401395352}, "geometry": {"type": "LineString", "coordinates": [[-90.15289905765549, 38.57128267769979], [-90.15845430205954, 38.57592253965332], [-90.16401026010618, 38.58056216167], [-90.16956693197352, 38.58520154361737], [-90.17512431783956, 38.5898406853631], [-90.18068241788241, 38.5944795867747], [-90.18624123228014, 38.59911824771971], [-90.19180076121087, 38.60375666806568], [-90.19736100485268, 38.60839484768009], [-90.20292196338367, 38.61303278643038], [-90.2084836369821, 38.617670484184025], [-90.21404602582597, 38.62230794080845], [-90.21960913009349, 38.62694515617101], [-90.22517294996291, 38.63158213013913], [-90.23073748561237, 38.63621886258013], [-90.23630273722006, 38.640855353361346], [-90.24186870496423, 38.645491602350084], [-90.24743538902311, 38.65012760941361], [-90.25300278957496, 38.654763374419176], [-90.25857090679797, 38.65939889723403], [-90.26413974087053, 38.66403417772537], [-90.26970929197084, 38.66866921576039], [-90.27527956027723, 38.67330401120623], [-90.28085054596801, 38.677938563930056], [-90.28642224922152, 38.68257287379895], [-90.29199467021606, 38.68720694068001], [-90.29756780913004, 38.69184076444029], [-90.3031416661418, 38.696474344946864], [-90.30888503852013, 38.69660675247757], [-90.31446001070607, 38.70123982903419], [-90.32003570136486, 38.70587266197814], [-90.32561211067481, 38.710505251176386], [-90.33118923881437, 38.715137596495865], [-90.3367670859619, 38.719769697803464], [-90.34234565229588, 38.724401554966114], [-90.34792493799469, 38.72903316785066], [-90.35350494323681, 38.73366453632395], [-90.35908566820065, 38.73829566025279], [-90.36466711306467, 38.742926539503976], [-90.37024927800739, 38.74755717394432]]}}, {"type": "Feature", "properties": {"route_run_id": "stl_st_louis_downtown_airport_to_st_louis_lambert_2026-03-07_0072", "route_pair": "st_louis_downtown_airport_to_st_louis_lambert", "route_pair_label": "St. Louis Downtown Airport to St. Louis Lambert", "origin_label": "St. Louis Downtown Airport", "destination_label": "St. Louis Lambert International Airport", "origin_lat": 38.5703611, "origin_lon": -90.1550833, "destination_lat": 38.7486982, "destination_lon": -90.3700257, "traffic_date": "2026-03-07", "traffic_dataset": "March 7th - Saturday", "weight_id": "w_0072", "distance_weight": 0.1, "population_weight": 0.0, "traffic_weight": 0.5, "airspace_weight": 0.4, "path_nodes": 42, "path_node_ids": [2179, 2180, 2172, 2176, 2200, 2204, 2317, 2340, 2346, 2371, 2391, 2395, 2708, 2712, 2716, 2739, 2746, 2769, 2772, 2777, 3989, 3993, 4006, 4008, 4021, 4045, 4047, 4058, 4059, 4063, 4064, 5048, 5052, 5076, 5082, 5299, 5304, 5319, 5321, 5357, 5358, 5364], "elapsed_seconds": 0.04683929996099323, "status": "success", "failure_reason": "", "route_distance_km": 35.81950888310027, "distance_cost_sum": 39.42168594651035, "population_cost_sum": 26.09456255665406, "traffic_cost_sum": 12.694088465651157, "airspace_cost_sum": 35.0, "total_weighted_score": 24.289212827476614}, "geometry": {"type": "LineString", "coordinates": [[-90.15289905765549, 38.57128267769979], [-90.15845430205954, 38.57592253965332], [-90.16418736160693, 38.57606168922697], [-90.16974371606538, 38.58070105309441], [-90.17530078436367, 38.58534017679984], [-90.1808585666797, 38.58997906021084], [-90.18641706319154, 38.594617703194956], [-90.1919762740773, 38.599256105619745], [-90.19753619951499, 38.60389426735269], [-90.20309683968271, 38.60853218826128], [-90.20865819475857, 38.61316986821297], [-90.21422026492066, 38.617807307075225], [-90.21978305034705, 38.62244450471542], [-90.21960913009349, 38.62694515617101], [-90.22517294996291, 38.63158213013913], [-90.23073748561237, 38.63621886258013], [-90.23630273722006, 38.640855353361346], [-90.24186870496423, 38.645491602350084], [-90.24169602310592, 38.649992320172984], [-90.24726302687371, 38.65462834476206], [-90.25283074729404, 38.65926412725328], [-90.2583991845453, 38.663899667513896], [-90.26396833880578, 38.66853496541107], [-90.26953821025378, 38.673170020811966], [-90.2751087990677, 38.67780483358376], [-90.28068010542587, 38.682439403593555], [-90.28625212950666, 38.68707373070842], [-90.29182487148844, 38.69170781479548], [-90.29756780913004, 38.69184076444029], [-90.3031416661418, 38.696474344946864], [-90.30888503852013, 38.69660675247757], [-90.31446001070607, 38.70123982903419], [-90.32003570136486, 38.70587266197814], [-90.32561211067481, 38.710505251176386], [-90.33118923881437, 38.715137596495865], [-90.3367670859619, 38.719769697803464], [-90.34234565229588, 38.724401554966114], [-90.34792493799469, 38.72903316785066], [-90.35350494323681, 38.73366453632395], [-90.35908566820065, 38.73829566025279], [-90.36466711306467, 38.742926539503976], [-90.37024927800739, 38.74755717394432]]}}, {"type": "Feature", "properties": {"route_run_id": "stl_st_louis_downtown_airport_to_st_louis_lambert_2026-03-07_0040", "route_pair": "st_louis_downtown_airport_to_st_louis_lambert", "route_pair_label": "St. Louis Downtown Airport to St. Louis Lambert", "origin_label": "St. Louis Downtown Airport", "destination_label": "St. Louis Lambert International Airport", "origin_lat": 38.5703611, "origin_lon": -90.1550833, "destination_lat": 38.7486982, "destination_lon": -90.3700257, "traffic_date": "2026-03-07", "traffic_dataset": "March 7th - Saturday", "weight_id": "w_0040", "distance_weight": 0.0, "population_weight": 0.4, "traffic_weight": 0.1, "airspace_weight": 0.5, "path_nodes": 43, "path_node_ids": [2179, 2180, 2183, 2198, 2202, 2206, 2449, 2345, 2370, 2373, 2398, 2709, 2711, 2714, 2750, 2744, 2770, 2772, 2777, 3989, 3993, 4006, 4008, 4021, 4045, 4047, 4058, 4062, 4075, 4082, 4084, 5080, 5084, 5310, 5311, 5337, 5320, 5322, 5323, 5346, 5357, 5358, 5364], "elapsed_seconds": 0.043945100042037666, "status": "success", "failure_reason": "", "route_distance_km": 36.19710521785728, "distance_cost_sum": 39.83725513178096, "population_cost_sum": 17.31210242086407, "traffic_cost_sum": 21.464075654287832, "airspace_cost_sum": 36.4, "total_weighted_score": 27.27124853377441}, "geometry": {"type": "LineString", "coordinates": [[-90.15289905765549, 38.57128267769979], [-90.15845430205954, 38.57592253965332], [-90.15827684369297, 38.58042298981685], [-90.16383311905943, 38.58506262995554], [-90.16939010840554, 38.58970202998531], [-90.17494781190939, 38.59434118977373], [-90.18050622974906, 38.59898010918833], [-90.18606536210271, 38.60361878809667], [-90.19162520914848, 38.60825722636621], [-90.19718577106451, 38.612895423864465], [-90.20274704802898, 38.61753338045887], [-90.2083090402201, 38.622171096016864], [-90.21387174781604, 38.62680857040582], [-90.21943517099498, 38.631445803493165], [-90.22499930993523, 38.636082795146216], [-90.23056416481495, 38.64071954523234], [-90.2361297358124, 38.64535605361884], [-90.24169602310592, 38.649992320172984], [-90.24726302687371, 38.65462834476206], [-90.25283074729404, 38.65926412725328], [-90.2583991845453, 38.663899667513896], [-90.26396833880578, 38.66853496541107], [-90.26953821025378, 38.673170020811966], [-90.2751087990677, 38.67780483358376], [-90.28068010542587, 38.682439403593555], [-90.28625212950666, 38.68707373070842], [-90.29182487148844, 38.69170781479548], [-90.29739833154962, 38.69634165572174], [-90.297228816103, 38.700842542902386], [-90.30280331580018, 38.70547615766316], [-90.30837853409372, 38.710109528957155], [-90.31395447116216, 38.71474265665128], [-90.31378588266769, 38.71924359100243], [-90.31936286061908, 38.72387649197406], [-90.32494055786266, 38.72850914903958], [-90.330518974577, 38.7331415620659], [-90.33626541075455, 38.733272728767844], [-90.3420118843105, 38.73340361338185], [-90.34775839516463, 38.73353421590239], [-90.35333872308522, 38.73816560113835], [-90.35908566820065, 38.73829566025279], [-90.36466711306467, 38.742926539503976], [-90.37024927800739, 38.74755717394432]]}}, {"type": "Feature", "properties": {"route_run_id": "stl_st_louis_downtown_airport_to_st_louis_lambert_2026-03-07_0099", "route_pair": "st_louis_downtown_airport_to_st_louis_lambert", "route_pair_label": "St. Louis Downtown Airport to St. Louis Lambert", "origin_label": "St. Louis Downtown Airport", "destination_label": "St. Louis Lambert International Airport", "origin_lat": 38.5703611, "origin_lon": -90.1550833, "destination_lat": 38.7486982, "destination_lon": -90.3700257, "traffic_date": "2026-03-07", "traffic_dataset": "March 7th - Saturday", "weight_id": "w_0099", "distance_weight": 0.1, "population_weight": 0.3, "traffic_weight": 0.5, "airspace_weight": 0.1, "path_nodes": 41, "path_node_ids": [2179, 2180, 2183, 2198, 2202, 2206, 2449, 2345, 2370, 2373, 2398, 2709, 2711, 2714, 2750, 2744, 2770, 2772, 2777, 3989, 3993, 4006, 4008, 4021, 4045, 4047, 4058, 4059, 4063, 4064, 5048, 5052, 5076, 5082, 5299, 5304, 5319, 5321, 5357, 5358, 5364], "elapsed_seconds": 0.043500600033439696, "status": "success", "failure_reason": "", "route_distance_km": 35.44516965599588, "distance_cost_sum": 39.00970141884611, "population_cost_sum": 23.447934484851842, "traffic_cost_sum": 13.596616574214913, "airspace_cost_sum": 34.4, "total_weighted_score": 21.17365877444762}, "geometry": {"type": "LineString", "coordinates": [[-90.15289905765549, 38.57128267769979], [-90.15845430205954, 38.57592253965332], [-90.15827684369297, 38.58042298981685], [-90.16383311905943, 38.58506262995554], [-90.16939010840554, 38.58970202998531], [-90.17494781190939, 38.59434118977373], [-90.18050622974906, 38.59898010918833], [-90.18606536210271, 38.60361878809667], [-90.19162520914848, 38.60825722636621], [-90.19718577106451, 38.612895423864465], [-90.20274704802898, 38.61753338045887], [-90.2083090402201, 38.622171096016864], [-90.21387174781604, 38.62680857040582], [-90.21943517099498, 38.631445803493165], [-90.22499930993523, 38.636082795146216], [-90.23056416481495, 38.64071954523234], [-90.2361297358124, 38.64535605361884], [-90.24169602310592, 38.649992320172984], [-90.24726302687371, 38.65462834476206], [-90.25283074729404, 38.65926412725328], [-90.2583991845453, 38.663899667513896], [-90.26396833880578, 38.66853496541107], [-90.26953821025378, 38.673170020811966], [-90.2751087990677, 38.67780483358376], [-90.28068010542587, 38.682439403593555], [-90.28625212950666, 38.68707373070842], [-90.29182487148844, 38.69170781479548], [-90.29756780913004, 38.69184076444029], [-90.3031416661418, 38.696474344946864], [-90.30888503852013, 38.69660675247757], [-90.31446001070607, 38.70123982903419], [-90.32003570136486, 38.70587266197814], [-90.32561211067481, 38.710505251176386], [-90.33118923881437, 38.715137596495865], [-90.3367670859619, 38.719769697803464], [-90.34234565229588, 38.724401554966114], [-90.34792493799469, 38.72903316785066], [-90.35350494323681, 38.73366453632395], [-90.35908566820065, 38.73829566025279], [-90.36466711306467, 38.742926539503976], [-90.37024927800739, 38.74755717394432]]}}, {"type": "Feature", "properties": {"route_run_id": "stl_st_louis_downtown_airport_to_st_louis_lambert_2026-03-07_0146", "route_pair": "st_louis_downtown_airport_to_st_louis_lambert", "route_pair_label": "St. Louis Downtown Airport to St. Louis Lambert", "origin_label": "St. Louis Downtown Airport", "destination_label": "St. Louis Lambert International Airport", "origin_lat": 38.5703611, "origin_lon": -90.1550833, "destination_lat": 38.7486982, "destination_lon": -90.3700257, "traffic_date": "2026-03-07", "traffic_dataset": "March 7th - Saturday", "weight_id": "w_0146", "distance_weight": 0.2, "population_weight": 0.3, "traffic_weight": 0.0, "airspace_weight": 0.5, "path_nodes": 43, "path_node_ids": [2179, 2180, 2174, 2199, 2203, 2207, 2341, 2345, 2370, 2373, 2398, 2709, 2711, 2714, 2750, 2744, 2770, 2772, 2777, 3989, 3993, 4006, 4008, 4021, 4045, 4047, 4058, 4062, 4077, 4082, 4084, 5080, 5084, 5310, 5311, 5337, 5320, 5322, 5323, 5346, 5357, 5358, 5364], "elapsed_seconds": 0.03725050005596131, "status": "success", "failure_reason": "", "route_distance_km": 36.197024617572914, "distance_cost_sum": 39.83716642595565, "population_cost_sum": 17.31210242086407, "traffic_cost_sum": 21.545839729752437, "airspace_cost_sum": 36.4, "total_weighted_score": 31.361064011450352}, "geometry": {"type": "LineString", "coordinates": [[-90.15289905765549, 38.57128267769979], [-90.15845430205954, 38.57592253965332], [-90.16401026010618, 38.58056216167], [-90.16956693197352, 38.58520154361737], [-90.17512431783956, 38.5898406853631], [-90.18068241788241, 38.5944795867747], [-90.18624123228014, 38.59911824771971], [-90.18606536210271, 38.60361878809667], [-90.19162520914848, 38.60825722636621], [-90.19718577106451, 38.612895423864465], [-90.20274704802898, 38.61753338045887], [-90.2083090402201, 38.622171096016864], [-90.21387174781604, 38.62680857040582], [-90.21943517099498, 38.631445803493165], [-90.22499930993523, 38.636082795146216], [-90.23056416481495, 38.64071954523234], [-90.2361297358124, 38.64535605361884], [-90.24169602310592, 38.649992320172984], [-90.24726302687371, 38.65462834476206], [-90.25283074729404, 38.65926412725328], [-90.2583991845453, 38.663899667513896], [-90.26396833880578, 38.66853496541107], [-90.26953821025378, 38.673170020811966], [-90.2751087990677, 38.67780483358376], [-90.28068010542587, 38.682439403593555], [-90.28625212950666, 38.68707373070842], [-90.29182487148844, 38.69170781479548], [-90.29739833154962, 38.69634165572174], [-90.30297250986867, 38.70097525335427], [-90.30280331580018, 38.70547615766316], [-90.30837853409372, 38.710109528957155], [-90.31395447116216, 38.71474265665128], [-90.31378588266769, 38.71924359100243], [-90.31936286061908, 38.72387649197406], [-90.32494055786266, 38.72850914903958], [-90.330518974577, 38.7331415620659], [-90.33626541075455, 38.733272728767844], [-90.3420118843105, 38.73340361338185], [-90.34775839516463, 38.73353421590239], [-90.35333872308522, 38.73816560113835], [-90.35908566820065, 38.73829566025279], [-90.36466711306467, 38.742926539503976], [-90.37024927800739, 38.74755717394432]]}}, {"type": "Feature", "properties": {"route_run_id": "stl_st_louis_downtown_airport_to_st_louis_lambert_2026-03-07_0232", "route_pair": "st_louis_downtown_airport_to_st_louis_lambert", "route_pair_label": "St. Louis Downtown Airport to St. Louis Lambert", "origin_label": "St. Louis Downtown Airport", "destination_label": "St. Louis Lambert International Airport", "origin_lat": 38.5703611, "origin_lon": -90.1550833, "destination_lat": 38.7486982, "destination_lon": -90.3700257, "traffic_date": "2026-03-07", "traffic_dataset": "March 7th - Saturday", "weight_id": "w_0232", "distance_weight": 0.5, "population_weight": 0.0, "traffic_weight": 0.0, "airspace_weight": 0.5, "path_nodes": 40, "path_node_ids": [2179, 2147, 2172, 2176, 2200, 2204, 2317, 2340, 2346, 2371, 2391, 2395, 2708, 2713, 2738, 2741, 2745, 2747, 2684, 2687, 3987, 3990, 4016, 4017, 4022, 4029, 4034, 4060, 4064, 5048, 5052, 5076, 5082, 5299, 5304, 5319, 5321, 5357, 5358, 5364], "elapsed_seconds": 0.010804800083860755, "status": "success", "failure_reason": "", "route_distance_km": 35.06847425714207, "distance_cost_sum": 38.5951237717998, "population_cost_sum": 26.02381511715049, "traffic_cost_sum": 16.149378808043295, "airspace_cost_sum": 33.4, "total_weighted_score": 35.9975618858999}, "geometry": {"type": "LineString", "coordinates": [[-90.15289905765549, 38.57128267769979], [-90.15863172081019, 38.571422085329914], [-90.16418736160693, 38.57606168922697], [-90.16974371606538, 38.58070105309441], [-90.17530078436367, 38.58534017679984], [-90.1808585666797, 38.58997906021084], [-90.18641706319154, 38.594617703194956], [-90.1919762740773, 38.599256105619745], [-90.19753619951499, 38.60389426735269], [-90.20309683968271, 38.60853218826128], [-90.20865819475857, 38.61316986821297], [-90.21422026492066, 38.617807307075225], [-90.21978305034705, 38.62244450471542], [-90.22534655121595, 38.62708146100096], [-90.2309107677055, 38.63171817579922], [-90.2364756999938, 38.63635464897752], [-90.2420413482591, 38.64099088040321], [-90.24760771267954, 38.645626869943555], [-90.25317479343335, 38.65026261746583], [-90.25874259069872, 38.654898122837295], [-90.26431110465388, 38.659533385925144], [-90.26988033547711, 38.664168406596616], [-90.27545028334664, 38.66880318471887], [-90.28102094844074, 38.67343772015905], [-90.28659233093768, 38.67807201278429], [-90.29216443101578, 38.68270606246168], [-90.29773724885335, 38.68733986905835], [-90.30331078462868, 38.69197343244128], [-90.30888503852013, 38.69660675247757], [-90.31446001070607, 38.70123982903419], [-90.32003570136486, 38.70587266197814], [-90.32561211067481, 38.710505251176386], [-90.33118923881437, 38.715137596495865], [-90.3367670859619, 38.719769697803464], [-90.34234565229588, 38.724401554966114], [-90.34792493799469, 38.72903316785066], [-90.35350494323681, 38.73366453632395], [-90.35908566820065, 38.73829566025279], [-90.36466711306467, 38.742926539503976], [-90.37024927800739, 38.74755717394432]]}}, {"type": "Feature", "properties": {"route_run_id": "stl_st_louis_downtown_airport_to_st_louis_lambert_2026-03-07_0236", "route_pair": "st_louis_downtown_airport_to_st_louis_lambert", "route_pair_label": "St. Louis Downtown Airport to St. Louis Lambert", "origin_label": "St. Louis Downtown Airport", "destination_label": "St. Louis Lambert International Airport", "origin_lat": 38.5703611, "origin_lon": -90.1550833, "destination_lat": 38.7486982, "destination_lon": -90.3700257, "traffic_date": "2026-03-07", "traffic_dataset": "March 7th - Saturday", "weight_id": "w_0236", "distance_weight": 0.5, "population_weight": 0.0, "traffic_weight": 0.4, "airspace_weight": 0.1, "path_nodes": 41, "path_node_ids": [2179, 2180, 2174, 2199, 2203, 2207, 2341, 2344, 2368, 2374, 2394, 2397, 2712, 2716, 2739, 2746, 2769, 2772, 2777, 3989, 3993, 4006, 4008, 4021, 4045, 4047, 4058, 4059, 4063, 4064, 5048, 5052, 5076, 5082, 5299, 5304, 5319, 5321, 5357, 5358, 5364], "elapsed_seconds": 0.006359799997881055, "status": "success", "failure_reason": "", "route_distance_km": 35.44496799381346, "distance_cost_sum": 39.00947947657301, "population_cost_sum": 25.09456255665406, "traffic_cost_sum": 13.271815011393638, "airspace_cost_sum": 34.4, "total_weighted_score": 28.253465742843964}, "geometry": {"type": "LineString", "coordinates": [[-90.15289905765549, 38.57128267769979], [-90.15845430205954, 38.57592253965332], [-90.16401026010618, 38.58056216167], [-90.16956693197352, 38.58520154361737], [-90.17512431783956, 38.5898406853631], [-90.18068241788241, 38.5944795867747], [-90.18624123228014, 38.59911824771971], [-90.19180076121087, 38.60375666806568], [-90.19736100485268, 38.60839484768009], [-90.20292196338367, 38.61303278643038], [-90.2084836369821, 38.617670484184025], [-90.21404602582597, 38.62230794080845], [-90.21960913009349, 38.62694515617101], [-90.22517294996291, 38.63158213013913], [-90.23073748561237, 38.63621886258013], [-90.23630273722006, 38.640855353361346], [-90.24186870496423, 38.645491602350084], [-90.24169602310592, 38.649992320172984], [-90.24726302687371, 38.65462834476206], [-90.25283074729404, 38.65926412725328], [-90.2583991845453, 38.663899667513896], [-90.26396833880578, 38.66853496541107], [-90.26953821025378, 38.673170020811966], [-90.2751087990677, 38.67780483358376], [-90.28068010542587, 38.682439403593555], [-90.28625212950666, 38.68707373070842], [-90.29182487148844, 38.69170781479548], [-90.29756780913004, 38.69184076444029], [-90.3031416661418, 38.696474344946864], [-90.30888503852013, 38.69660675247757], [-90.31446001070607, 38.70123982903419], [-90.32003570136486, 38.70587266197814], [-90.32561211067481, 38.710505251176386], [-90.33118923881437, 38.715137596495865], [-90.3367670859619, 38.719769697803464], [-90.34234565229588, 38.724401554966114], [-90.34792493799469, 38.72903316785066], [-90.35350494323681, 38.73366453632395], [-90.35908566820065, 38.73829566025279], [-90.36466711306467, 38.742926539503976], [-90.37024927800739, 38.74755717394432]]}}, {"type": "Feature", "properties": {"route_run_id": "stl_st_louis_downtown_airport_to_st_louis_lambert_2026-03-07_0013", "route_pair": "st_louis_downtown_airport_to_st_louis_lambert", "route_pair_label": "St. Louis Downtown Airport to St. Louis Lambert", "origin_label": "St. Louis Downtown Airport", "destination_label": "St. Louis Lambert International Airport", "origin_lat": 38.5703611, "origin_lon": -90.1550833, "destination_lat": 38.7486982, "destination_lon": -90.3700257, "traffic_date": "2026-03-07", "traffic_dataset": "March 7th - Saturday", "weight_id": "w_0013", "distance_weight": 0.0, "population_weight": 0.1, "traffic_weight": 0.1, "airspace_weight": 0.8, "path_nodes": 40, "path_node_ids": [2179, 2180, 2174, 2199, 2203, 2207, 2341, 2344, 2368, 2374, 2394, 2397, 2712, 2716, 2739, 2746, 2769, 2773, 3985, 3988, 3992, 3994, 4019, 4017, 4022, 4029, 4034, 4060, 4064, 5048, 5052, 5076, 5082, 5299, 5304, 5319, 5321, 5357, 5358, 5364], "elapsed_seconds": 0.0435357999522239, "status": "success", "failure_reason": "", "route_distance_km": 35.06932923764436, "distance_cost_sum": 38.59606473313351, "population_cost_sum": 24.787572976016946, "traffic_cost_sum": 15.41417932224777, "airspace_cost_sum": 33.4, "total_weighted_score": 30.740175229826477}, "geometry": {"type": "LineString", "coordinates": [[-90.15289905765549, 38.57128267769979], [-90.15845430205954, 38.57592253965332], [-90.16401026010618, 38.58056216167], [-90.16956693197352, 38.58520154361737], [-90.17512431783956, 38.5898406853631], [-90.18068241788241, 38.5944795867747], [-90.18624123228014, 38.59911824771971], [-90.19180076121087, 38.60375666806568], [-90.19736100485268, 38.60839484768009], [-90.20292196338367, 38.61303278643038], [-90.2084836369821, 38.617670484184025], [-90.21404602582597, 38.62230794080845], [-90.21960913009349, 38.62694515617101], [-90.22517294996291, 38.63158213013913], [-90.23073748561237, 38.63621886258013], [-90.23630273722006, 38.640855353361346], [-90.24186870496423, 38.645491602350084], [-90.24743538902311, 38.65012760941361], [-90.25300278957496, 38.654763374419176], [-90.25857090679797, 38.65939889723403], [-90.26413974087053, 38.66403417772537], [-90.26970929197084, 38.66866921576039], [-90.27527956027723, 38.67330401120623], [-90.28102094844074, 38.67343772015905], [-90.28659233093768, 38.67807201278429], [-90.29216443101578, 38.68270606246168], [-90.29773724885335, 38.68733986905835], [-90.30331078462868, 38.69197343244128], [-90.30888503852013, 38.69660675247757], [-90.31446001070607, 38.70123982903419], [-90.32003570136486, 38.70587266197814], [-90.32561211067481, 38.710505251176386], [-90.33118923881437, 38.715137596495865], [-90.3367670859619, 38.719769697803464], [-90.34234565229588, 38.724401554966114], [-90.34792493799469, 38.72903316785066], [-90.35350494323681, 38.73366453632395], [-90.35908566820065, 38.73829566025279], [-90.36466711306467, 38.742926539503976], [-90.37024927800739, 38.74755717394432]]}}, {"type": "Feature", "properties": {"route_run_id": "stl_st_louis_downtown_airport_to_st_louis_lambert_2026-03-07_0182", "route_pair": "st_louis_downtown_airport_to_st_louis_lambert", "route_pair_label": "St. Louis Downtown Airport to St. Louis Lambert", "origin_label": "St. Louis Downtown Airport", "destination_label": "St. Louis Lambert International Airport", "origin_lat": 38.5703611, "origin_lon": -90.1550833, "destination_lat": 38.7486982, "destination_lon": -90.3700257, "traffic_date": "2026-03-07", "traffic_dataset": "March 7th - Saturday", "weight_id": "w_0182", "distance_weight": 0.3, "population_weight": 0.1, "traffic_weight": 0.6, "airspace_weight": 0.0, "path_nodes": 46, "path_node_ids": [2179, 2180, 2172, 2176, 2200, 2204, 2317, 2340, 2346, 2371, 2391, 2389, 2388, 2390, 2382, 2383, 2718, 2723, 2629, 2631, 2630, 2655, 2657, 2670, 2674, 2690, 2694, 2696, 3997, 4003, 5000, 5001, 5026, 5031, 5046, 5050, 5052, 5076, 5082, 5299, 5304, 5319, 5321, 5357, 5358, 5364], "elapsed_seconds": 0.00949999992735684, "status": "success", "failure_reason": "", "route_distance_km": 37.845173286320176, "distance_cost_sum": 41.65106062044498, "population_cost_sum": 27.38097974050016, "traffic_cost_sum": 10.976639891492844, "airspace_cost_sum": 37.8, "total_weighted_score": 21.819400095079217}, "geometry": {"type": "LineString", "coordinates": [[-90.15289905765549, 38.57128267769979], [-90.15845430205954, 38.57592253965332], [-90.16418736160693, 38.57606168922697], [-90.16974371606538, 38.58070105309441], [-90.17530078436367, 38.58534017679984], [-90.1808585666797, 38.58997906021084], [-90.18641706319154, 38.594617703194956], [-90.1919762740773, 38.599256105619745], [-90.19753619951499, 38.60389426735269], [-90.20309683968271, 38.60853218826128], [-90.20865819475857, 38.61316986821297], [-90.21439446510948, 38.61330666920645], [-90.22013077435682, 38.613443189405075], [-90.22586712242094, 38.61357942880305], [-90.2316035092222, 38.613715387394656], [-90.2371671649366, 38.61835179018503], [-90.24273153599036, 38.622987951382164], [-90.24829662256141, 38.627623870853405], [-90.25403423671318, 38.627758770921055], [-90.25960043524782, 38.632394189110826], [-90.26533848396411, 38.63252854873545], [-90.27090579460699, 38.637163465274895], [-90.27647382133833, 38.64179813950475], [-90.28204256433611, 38.64643257129221], [-90.28761202377838, 38.651066760504534], [-90.29318219984313, 38.6557007070089], [-90.29875309270838, 38.6603344106725], [-90.29858387993494, 38.66483533065127], [-90.3041558105904, 38.669468808450944], [-90.30972845856238, 38.6741020431041], [-90.31530182402891, 38.678735034477825], [-90.32087590716817, 38.68336778243918], [-90.32070794108151, 38.68786876652711], [-90.32053993746693, 38.69236974652525], [-90.32611538157217, 38.69700228484725], [-90.32020381761771, 38.70137169425106], [-90.32003570136486, 38.70587266197814], [-90.32561211067481, 38.710505251176386], [-90.33118923881437, 38.715137596495865], [-90.3367670859619, 38.719769697803464], [-90.34234565229588, 38.724401554966114], [-90.34792493799469, 38.72903316785066], [-90.35350494323681, 38.73366453632395], [-90.35908566820065, 38.73829566025279], [-90.36466711306467, 38.742926539503976], [-90.37024927800739, 38.74755717394432]]}}, {"type": "Feature", "properties": {"route_run_id": "stl_st_louis_downtown_airport_to_st_louis_lambert_2026-03-07_0237", "route_pair": "st_louis_downtown_airport_to_st_louis_lambert", "route_pair_label": "St. Louis Downtown Airport to St. Louis Lambert", "origin_label": "St. Louis Downtown Airport", "destination_label": "St. Louis Lambert International Airport", "origin_lat": 38.5703611, "origin_lon": -90.1550833, "destination_lat": 38.7486982, "destination_lon": -90.3700257, "traffic_date": "2026-03-07", "traffic_dataset": "March 7th - Saturday", "weight_id": "w_0237", "distance_weight": 0.5, "population_weight": 0.0, "traffic_weight": 0.5, "airspace_weight": 0.0, "path_nodes": 42, "path_node_ids": [2179, 2180, 2172, 2176, 2200, 2204, 2317, 2340, 2346, 2371, 2391, 2395, 2708, 2712, 2716, 2739, 2746, 2769, 2772, 2777, 3989, 3993, 4006, 4008, 4021, 4045, 4047, 4058, 4059, 4063, 4064, 5048, 5052, 5076, 5082, 5299, 5304, 5319, 5321, 5357, 5358, 5364], "elapsed_seconds": 0.005038500064983964, "status": "success", "failure_reason": "", "route_distance_km": 35.81950888310027, "distance_cost_sum": 39.42168594651035, "population_cost_sum": 26.09456255665406, "traffic_cost_sum": 12.694088465651157, "airspace_cost_sum": 35.0, "total_weighted_score": 26.057887206080753}, "geometry": {"type": "LineString", "coordinates": [[-90.15289905765549, 38.57128267769979], [-90.15845430205954, 38.57592253965332], [-90.16418736160693, 38.57606168922697], [-90.16974371606538, 38.58070105309441], [-90.17530078436367, 38.58534017679984], [-90.1808585666797, 38.58997906021084], [-90.18641706319154, 38.594617703194956], [-90.1919762740773, 38.599256105619745], [-90.19753619951499, 38.60389426735269], [-90.20309683968271, 38.60853218826128], [-90.20865819475857, 38.61316986821297], [-90.21422026492066, 38.617807307075225], [-90.21978305034705, 38.62244450471542], [-90.21960913009349, 38.62694515617101], [-90.22517294996291, 38.63158213013913], [-90.23073748561237, 38.63621886258013], [-90.23630273722006, 38.640855353361346], [-90.24186870496423, 38.645491602350084], [-90.24169602310592, 38.649992320172984], [-90.24726302687371, 38.65462834476206], [-90.25283074729404, 38.65926412725328], [-90.2583991845453, 38.663899667513896], [-90.26396833880578, 38.66853496541107], [-90.26953821025378, 38.673170020811966], [-90.2751087990677, 38.67780483358376], [-90.28068010542587, 38.682439403593555], [-90.28625212950666, 38.68707373070842], [-90.29182487148844, 38.69170781479548], [-90.29756780913004, 38.69184076444029], [-90.3031416661418, 38.696474344946864], [-90.30888503852013, 38.69660675247757], [-90.31446001070607, 38.70123982903419], [-90.32003570136486, 38.70587266197814], [-90.32561211067481, 38.710505251176386], [-90.33118923881437, 38.715137596495865], [-90.3367670859619, 38.719769697803464], [-90.34234565229588, 38.724401554966114], [-90.34792493799469, 38.72903316785066], [-90.35350494323681, 38.73366453632395], [-90.35908566820065, 38.73829566025279], [-90.36466711306467, 38.742926539503976], [-90.37024927800739, 38.74755717394432]]}}, {"type": "Feature", "properties": {"route_run_id": "stl_st_louis_downtown_airport_to_st_louis_lambert_2026-03-07_0267", "route_pair": "st_louis_downtown_airport_to_st_louis_lambert", "route_pair_label": "St. Louis Downtown Airport to St. Louis Lambert", "origin_label": "St. Louis Downtown Airport", "destination_label": "St. Louis Lambert International Airport", "origin_lat": 38.5703611, "origin_lon": -90.1550833, "destination_lat": 38.7486982, "destination_lon": -90.3700257, "traffic_date": "2026-03-07", "traffic_dataset": "March 7th - Saturday", "weight_id": "w_0267", "distance_weight": 0.6, "population_weight": 0.4, "traffic_weight": 0.0, "airspace_weight": 0.0, "path_nodes": 54, "path_node_ids": [2179, 2180, 2183, 2186, 2419, 2423, 2448, 2452, 2455, 2478, 2482, 2483, 2487, 2811, 2812, 2816, 2858, 2863, 2864, 2795, 2796, 3899, 3902, 3914, 3948, 3947, 3952, 3940, 3942, 3943, 3941, 4043, 4066, 4067, 4068, 4185, 4187, 4186, 4076, 4075, 4082, 4084, 5080, 5084, 5310, 5311, 5337, 5320, 5322, 5323, 5346, 5357, 5358, 5364], "elapsed_seconds": 0.007020300021395087, "status": "success", "failure_reason": "", "route_distance_km": 40.327967407344545, "distance_cost_sum": 44.38353611105791, "population_cost_sum": 10.091382237272772, "traffic_cost_sum": 39.619594124831984, "airspace_cost_sum": 44.6, "total_weighted_score": 30.66667456154385}, "geometry": {"type": "LineString", "coordinates": [[-90.15289905765549, 38.57128267769979], [-90.15845430205954, 38.57592253965332], [-90.15827684369297, 38.58042298981685], [-90.1580993457009, 38.58492343582021], [-90.15792180807382, 38.58942387766302], [-90.16347871828971, 38.59406355405304], [-90.1690363428032, 38.598702990254786], [-90.17459468179258, 38.60334218613583], [-90.17441805758689, 38.60784267808668], [-90.174241393937, 38.61234316588366], [-90.17406469083332, 38.61684364952644], [-90.17388794826633, 38.621344129014695], [-90.17371116622648, 38.62584460434813], [-90.17353434470424, 38.6303450755264], [-90.17335748369, 38.63484554254923], [-90.17318058317427, 38.63934600541629], [-90.17300364314747, 38.64384646412727], [-90.17856556137721, 38.64848558173427], [-90.17838890046788, 38.65298605432084], [-90.18395185376184, 38.657624948976824], [-90.18951552366053, 38.66226360251709], [-90.1950799103427, 38.666902014808954], [-90.200645013987, 38.67154018571967], [-90.20621083477218, 38.67617811511645], [-90.21177737287698, 38.68081580286656], [-90.21751905445252, 38.68095265114052], [-90.22308670781703, 38.685589837485246], [-90.22882882604138, 38.685726144608395], [-90.23457098307328, 38.6858621702009], [-90.24031317883275, 38.68599791425695], [-90.24605541323987, 38.68613337677085], [-90.2517976862147, 38.68626855773688], [-90.25736804511756, 38.69090420272148], [-90.26311075393669, 38.69103884211091], [-90.26868222818311, 38.695673984376505], [-90.27425442059507, 38.700308883813186], [-90.27999796237877, 38.700442721166475], [-90.28574154227802, 38.70057627680287], [-90.29148516021279, 38.700709550716724], [-90.297228816103, 38.700842542902386], [-90.30280331580018, 38.70547615766316], [-90.30837853409372, 38.710109528957155], [-90.31395447116216, 38.71474265665128], [-90.31378588266769, 38.71924359100243], [-90.31936286061908, 38.72387649197406], [-90.32494055786266, 38.72850914903958], [-90.330518974577, 38.7331415620659], [-90.33626541075455, 38.733272728767844], [-90.3420118843105, 38.73340361338185], [-90.34775839516463, 38.73353421590239], [-90.35333872308522, 38.73816560113835], [-90.35908566820065, 38.73829566025279], [-90.36466711306467, 38.742926539503976], [-90.37024927800739, 38.74755717394432]]}}, {"type": "Feature", "properties": {"route_run_id": "stl_st_louis_downtown_airport_to_st_louis_lambert_2026-03-07_0098", "route_pair": "st_louis_downtown_airport_to_st_louis_lambert", "route_pair_label": "St. Louis Downtown Airport to St. Louis Lambert", "origin_label": "St. Louis Downtown Airport", "destination_label": "St. Louis Lambert International Airport", "origin_lat": 38.5703611, "origin_lon": -90.1550833, "destination_lat": 38.7486982, "destination_lon": -90.3700257, "traffic_date": "2026-03-07", "traffic_dataset": "March 7th - Saturday", "weight_id": "w_0098", "distance_weight": 0.1, "population_weight": 0.3, "traffic_weight": 0.4, "airspace_weight": 0.2, "path_nodes": 41, "path_node_ids": [2179, 2180, 2183, 2198, 2202, 2206, 2449, 2345, 2370, 2373, 2398, 2709, 2711, 2714, 2750, 2744, 2770, 2772, 2777, 3989, 3993, 4006, 4008, 4021, 4045, 4047, 4058, 4059, 4063, 4064, 5048, 5052, 5076, 5082, 5299, 5304, 5319, 5321, 5357, 5358, 5364], "elapsed_seconds": 0.04665259993635118, "status": "success", "failure_reason": "", "route_distance_km": 35.44516965599588, "distance_cost_sum": 39.00970141884611, "population_cost_sum": 23.447934484851842, "traffic_cost_sum": 13.596616574214913, "airspace_cost_sum": 34.4, "total_weighted_score": 23.25399711702613}, "geometry": {"type": "LineString", "coordinates": [[-90.15289905765549, 38.57128267769979], [-90.15845430205954, 38.57592253965332], [-90.15827684369297, 38.58042298981685], [-90.16383311905943, 38.58506262995554], [-90.16939010840554, 38.58970202998531], [-90.17494781190939, 38.59434118977373], [-90.18050622974906, 38.59898010918833], [-90.18606536210271, 38.60361878809667], [-90.19162520914848, 38.60825722636621], [-90.19718577106451, 38.612895423864465], [-90.20274704802898, 38.61753338045887], [-90.2083090402201, 38.622171096016864], [-90.21387174781604, 38.62680857040582], [-90.21943517099498, 38.631445803493165], [-90.22499930993523, 38.636082795146216], [-90.23056416481495, 38.64071954523234], [-90.2361297358124, 38.64535605361884], [-90.24169602310592, 38.649992320172984], [-90.24726302687371, 38.65462834476206], [-90.25283074729404, 38.65926412725328], [-90.2583991845453, 38.663899667513896], [-90.26396833880578, 38.66853496541107], [-90.26953821025378, 38.673170020811966], [-90.2751087990677, 38.67780483358376], [-90.28068010542587, 38.682439403593555], [-90.28625212950666, 38.68707373070842], [-90.29182487148844, 38.69170781479548], [-90.29756780913004, 38.69184076444029], [-90.3031416661418, 38.696474344946864], [-90.30888503852013, 38.69660675247757], [-90.31446001070607, 38.70123982903419], [-90.32003570136486, 38.70587266197814], [-90.32561211067481, 38.710505251176386], [-90.33118923881437, 38.715137596495865], [-90.3367670859619, 38.719769697803464], [-90.34234565229588, 38.724401554966114], [-90.34792493799469, 38.72903316785066], [-90.35350494323681, 38.73366453632395], [-90.35908566820065, 38.73829566025279], [-90.36466711306467, 38.742926539503976], [-90.37024927800739, 38.74755717394432]]}}, {"type": "Feature", "properties": {"route_run_id": "stl_st_louis_downtown_airport_to_st_louis_lambert_2026-03-07_0219", "route_pair": "st_louis_downtown_airport_to_st_louis_lambert", "route_pair_label": "St. Louis Downtown Airport to St. Louis Lambert", "origin_label": "St. Louis Downtown Airport", "destination_label": "St. Louis Lambert International Airport", "origin_lat": 38.5703611, "origin_lon": -90.1550833, "destination_lat": 38.7486982, "destination_lon": -90.3700257, "traffic_date": "2026-03-07", "traffic_dataset": "March 7th - Saturday", "weight_id": "w_0219", "distance_weight": 0.4, "population_weight": 0.2, "traffic_weight": 0.2, "airspace_weight": 0.2, "path_nodes": 40, "path_node_ids": [2179, 2180, 2174, 2199, 2203, 2207, 2341, 2344, 2368, 2374, 2394, 2397, 2712, 2716, 2739, 2746, 2769, 2773, 3985, 3988, 3992, 3994, 4019, 4020, 4023, 4055, 4059, 4063, 4064, 5048, 5052, 5076, 5082, 5299, 5304, 5319, 5321, 5357, 5358, 5364], "elapsed_seconds": 0.0110512999817729, "status": "success", "failure_reason": "", "route_distance_km": 35.0695243590648, "distance_cost_sum": 38.596279476875054, "population_cost_sum": 23.651108783135093, "traffic_cost_sum": 14.425692925774984, "airspace_cost_sum": 33.8, "total_weighted_score": 29.81387213253204}, "geometry": {"type": "LineString", "coordinates": [[-90.15289905765549, 38.57128267769979], [-90.15845430205954, 38.57592253965332], [-90.16401026010618, 38.58056216167], [-90.16956693197352, 38.58520154361737], [-90.17512431783956, 38.5898406853631], [-90.18068241788241, 38.5944795867747], [-90.18624123228014, 38.59911824771971], [-90.19180076121087, 38.60375666806568], [-90.19736100485268, 38.60839484768009], [-90.20292196338367, 38.61303278643038], [-90.2084836369821, 38.617670484184025], [-90.21404602582597, 38.62230794080845], [-90.21960913009349, 38.62694515617101], [-90.22517294996291, 38.63158213013913], [-90.23073748561237, 38.63621886258013], [-90.23630273722006, 38.640855353361346], [-90.24186870496423, 38.645491602350084], [-90.24743538902311, 38.65012760941361], [-90.25300278957496, 38.654763374419176], [-90.25857090679797, 38.65939889723403], [-90.26413974087053, 38.66403417772537], [-90.26970929197084, 38.66866921576039], [-90.27527956027723, 38.67330401120623], [-90.28085054596801, 38.677938563930056], [-90.28642224922152, 38.68257287379895], [-90.29199467021606, 38.68720694068001], [-90.29756780913004, 38.69184076444029], [-90.3031416661418, 38.696474344946864], [-90.30888503852013, 38.69660675247757], [-90.31446001070607, 38.70123982903419], [-90.32003570136486, 38.70587266197814], [-90.32561211067481, 38.710505251176386], [-90.33118923881437, 38.715137596495865], [-90.3367670859619, 38.719769697803464], [-90.34234565229588, 38.724401554966114], [-90.34792493799469, 38.72903316785066], [-90.35350494323681, 38.73366453632395], [-90.35908566820065, 38.73829566025279], [-90.36466711306467, 38.742926539503976], [-90.37024927800739, 38.74755717394432]]}}, {"type": "Feature", "properties": {"route_run_id": "stl_st_louis_downtown_airport_to_st_louis_lambert_2026-03-07_0228", "route_pair": "st_louis_downtown_airport_to_st_louis_lambert", "route_pair_label": "St. Louis Downtown Airport to St. Louis Lambert", "origin_label": "St. Louis Downtown Airport", "destination_label": "St. Louis Lambert International Airport", "origin_lat": 38.5703611, "origin_lon": -90.1550833, "destination_lat": 38.7486982, "destination_lon": -90.3700257, "traffic_date": "2026-03-07", "traffic_dataset": "March 7th - Saturday", "weight_id": "w_0228", "distance_weight": 0.4, "population_weight": 0.4, "traffic_weight": 0.2, "airspace_weight": 0.0, "path_nodes": 43, "path_node_ids": [2179, 2180, 2183, 2198, 2202, 2206, 2449, 2345, 2370, 2373, 2398, 2709, 2711, 2714, 2750, 2744, 2770, 2772, 2777, 3989, 3993, 4006, 4008, 4021, 4045, 4047, 4058, 4062, 4077, 4082, 4084, 5080, 5084, 5310, 5311, 5337, 5320, 5322, 5323, 5346, 5357, 5358, 5364], "elapsed_seconds": 0.010562799987383187, "status": "success", "failure_reason": "", "route_distance_km": 36.19709159463293, "distance_cost_sum": 39.83724013854156, "population_cost_sum": 17.31210242086407, "traffic_cost_sum": 21.464075654287832, "airspace_cost_sum": 36.4, "total_weighted_score": 27.152552154619816}, "geometry": {"type": "LineString", "coordinates": [[-90.15289905765549, 38.57128267769979], [-90.15845430205954, 38.57592253965332], [-90.15827684369297, 38.58042298981685], [-90.16383311905943, 38.58506262995554], [-90.16939010840554, 38.58970202998531], [-90.17494781190939, 38.59434118977373], [-90.18050622974906, 38.59898010918833], [-90.18606536210271, 38.60361878809667], [-90.19162520914848, 38.60825722636621], [-90.19718577106451, 38.612895423864465], [-90.20274704802898, 38.61753338045887], [-90.2083090402201, 38.622171096016864], [-90.21387174781604, 38.62680857040582], [-90.21943517099498, 38.631445803493165], [-90.22499930993523, 38.636082795146216], [-90.23056416481495, 38.64071954523234], [-90.2361297358124, 38.64535605361884], [-90.24169602310592, 38.649992320172984], [-90.24726302687371, 38.65462834476206], [-90.25283074729404, 38.65926412725328], [-90.2583991845453, 38.663899667513896], [-90.26396833880578, 38.66853496541107], [-90.26953821025378, 38.673170020811966], [-90.2751087990677, 38.67780483358376], [-90.28068010542587, 38.682439403593555], [-90.28625212950666, 38.68707373070842], [-90.29182487148844, 38.69170781479548], [-90.29739833154962, 38.69634165572174], [-90.30297250986867, 38.70097525335427], [-90.30280331580018, 38.70547615766316], [-90.30837853409372, 38.710109528957155], [-90.31395447116216, 38.71474265665128], [-90.31378588266769, 38.71924359100243], [-90.31936286061908, 38.72387649197406], [-90.32494055786266, 38.72850914903958], [-90.330518974577, 38.7331415620659], [-90.33626541075455, 38.733272728767844], [-90.3420118843105, 38.73340361338185], [-90.34775839516463, 38.73353421590239], [-90.35333872308522, 38.73816560113835], [-90.35908566820065, 38.73829566025279], [-90.36466711306467, 38.742926539503976], [-90.37024927800739, 38.74755717394432]]}}, {"type": "Feature", "properties": {"route_run_id": "stl_st_louis_downtown_airport_to_st_louis_lambert_2026-03-07_0252", "route_pair": "st_louis_downtown_airport_to_st_louis_lambert", "route_pair_label": "St. Louis Downtown Airport to St. Louis Lambert", "origin_label": "St. Louis Downtown Airport", "destination_label": "St. Louis Lambert International Airport", "origin_lat": 38.5703611, "origin_lon": -90.1550833, "destination_lat": 38.7486982, "destination_lon": -90.3700257, "traffic_date": "2026-03-07", "traffic_dataset": "March 7th - Saturday", "weight_id": "w_0252", "distance_weight": 0.5, "population_weight": 0.5, "traffic_weight": 0.0, "airspace_weight": 0.0, "path_nodes": 54, "path_node_ids": [2179, 2180, 2183, 2186, 2419, 2423, 2448, 2452, 2455, 2478, 2482, 2483, 2487, 2811, 2812, 2816, 2858, 2863, 2864, 2795, 2796, 3899, 3902, 3914, 3948, 3947, 3952, 3940, 3977, 3976, 3941, 4043, 4066, 4067, 4068, 4185, 4187, 4186, 4076, 4075, 4082, 4084, 5080, 5084, 5310, 5311, 5337, 5320, 5322, 5323, 5346, 5357, 5358, 5364], "elapsed_seconds": 0.007163200061768293, "status": "success", "failure_reason": "", "route_distance_km": 40.86156395761667, "distance_cost_sum": 44.97079362191935, "population_cost_sum": 9.430295660424155, "traffic_cost_sum": 39.140345915173604, "airspace_cost_sum": 44.6, "total_weighted_score": 27.200544641171753}, "geometry": {"type": "LineString", "coordinates": [[-90.15289905765549, 38.57128267769979], [-90.15845430205954, 38.57592253965332], [-90.15827684369297, 38.58042298981685], [-90.1580993457009, 38.58492343582021], [-90.15792180807382, 38.58942387766302], [-90.16347871828971, 38.59406355405304], [-90.1690363428032, 38.598702990254786], [-90.17459468179258, 38.60334218613583], [-90.17441805758689, 38.60784267808668], [-90.174241393937, 38.61234316588366], [-90.17406469083332, 38.61684364952644], [-90.17388794826633, 38.621344129014695], [-90.17371116622648, 38.62584460434813], [-90.17353434470424, 38.6303450755264], [-90.17335748369, 38.63484554254923], [-90.17318058317427, 38.63934600541629], [-90.17300364314747, 38.64384646412727], [-90.17856556137721, 38.64848558173427], [-90.17838890046788, 38.65298605432084], [-90.18395185376184, 38.657624948976824], [-90.18951552366053, 38.66226360251709], [-90.1950799103427, 38.666902014808954], [-90.200645013987, 38.67154018571967], [-90.20621083477218, 38.67617811511645], [-90.21177737287698, 38.68081580286656], [-90.21751905445252, 38.68095265114052], [-90.22308670781703, 38.685589837485246], [-90.22882882604138, 38.685726144608395], [-90.23439759481155, 38.69036282917826], [-90.24014014948251, 38.69049859495047], [-90.24605541323987, 38.68613337677085], [-90.2517976862147, 38.68626855773688], [-90.25736804511756, 38.69090420272148], [-90.26311075393669, 38.69103884211091], [-90.26868222818311, 38.695673984376505], [-90.27425442059507, 38.700308883813186], [-90.27999796237877, 38.700442721166475], [-90.28574154227802, 38.70057627680287], [-90.29148516021279, 38.700709550716724], [-90.297228816103, 38.700842542902386], [-90.30280331580018, 38.70547615766316], [-90.30837853409372, 38.710109528957155], [-90.31395447116216, 38.71474265665128], [-90.31378588266769, 38.71924359100243], [-90.31936286061908, 38.72387649197406], [-90.32494055786266, 38.72850914903958], [-90.330518974577, 38.7331415620659], [-90.33626541075455, 38.733272728767844], [-90.3420118843105, 38.73340361338185], [-90.34775839516463, 38.73353421590239], [-90.35333872308522, 38.73816560113835], [-90.35908566820065, 38.73829566025279], [-90.36466711306467, 38.742926539503976], [-90.37024927800739, 38.74755717394432]]}}, {"type": "Feature", "properties": {"route_run_id": "stl_st_louis_downtown_airport_to_st_louis_lambert_2026-03-07_0002", "route_pair": "st_louis_downtown_airport_to_st_louis_lambert", "route_pair_label": "St. Louis Downtown Airport to St. Louis Lambert", "origin_label": "St. Louis Downtown Airport", "destination_label": "St. Louis Lambert International Airport", "origin_lat": 38.5703611, "origin_lon": -90.1550833, "destination_lat": 38.7486982, "destination_lon": -90.3700257, "traffic_date": "2026-03-07", "traffic_dataset": "March 7th - Saturday", "weight_id": "w_0002", "distance_weight": 0.0, "population_weight": 0.0, "traffic_weight": 0.1, "airspace_weight": 0.9, "path_nodes": 40, "path_node_ids": [2179, 2180, 2174, 2199, 2203, 2207, 2341, 2344, 2368, 2374, 2394, 2397, 2712, 2716, 2739, 2746, 2769, 2747, 2684, 2687, 3987, 3990, 4016, 4017, 4022, 4029, 4034, 4060, 4064, 5048, 5052, 5076, 5082, 5299, 5304, 5319, 5321, 5357, 5358, 5364], "elapsed_seconds": 0.04199040005914867, "status": "success", "failure_reason": "", "route_distance_km": 35.06909548721607, "distance_cost_sum": 38.5958074756707, "population_cost_sum": 25.61136132378821, "traffic_cost_sum": 15.3602348791462, "airspace_cost_sum": 33.4, "total_weighted_score": 31.596023487914625}, "geometry": {"type": "LineString", "coordinates": [[-90.15289905765549, 38.57128267769979], [-90.15845430205954, 38.57592253965332], [-90.16401026010618, 38.58056216167], [-90.16956693197352, 38.58520154361737], [-90.17512431783956, 38.5898406853631], [-90.18068241788241, 38.5944795867747], [-90.18624123228014, 38.59911824771971], [-90.19180076121087, 38.60375666806568], [-90.19736100485268, 38.60839484768009], [-90.20292196338367, 38.61303278643038], [-90.2084836369821, 38.617670484184025], [-90.21404602582597, 38.62230794080845], [-90.21960913009349, 38.62694515617101], [-90.22517294996291, 38.63158213013913], [-90.23073748561237, 38.63621886258013], [-90.23630273722006, 38.640855353361346], [-90.24186870496423, 38.645491602350084], [-90.24760771267954, 38.645626869943555], [-90.25317479343335, 38.65026261746583], [-90.25874259069872, 38.654898122837295], [-90.26431110465388, 38.659533385925144], [-90.26988033547711, 38.664168406596616], [-90.27545028334664, 38.66880318471887], [-90.28102094844074, 38.67343772015905], [-90.28659233093768, 38.67807201278429], [-90.29216443101578, 38.68270606246168], [-90.29773724885335, 38.68733986905835], [-90.30331078462868, 38.69197343244128], [-90.30888503852013, 38.69660675247757], [-90.31446001070607, 38.70123982903419], [-90.32003570136486, 38.70587266197814], [-90.32561211067481, 38.710505251176386], [-90.33118923881437, 38.715137596495865], [-90.3367670859619, 38.719769697803464], [-90.34234565229588, 38.724401554966114], [-90.34792493799469, 38.72903316785066], [-90.35350494323681, 38.73366453632395], [-90.35908566820065, 38.73829566025279], [-90.36466711306467, 38.742926539503976], [-90.37024927800739, 38.74755717394432]]}}, {"type": "Feature", "properties": {"route_run_id": "stl_st_louis_downtown_airport_to_st_louis_lambert_2026-03-07_0048", "route_pair": "st_louis_downtown_airport_to_st_louis_lambert", "route_pair_label": "St. Louis Downtown Airport to St. Louis Lambert", "origin_label": "St. Louis Downtown Airport", "destination_label": "St. Louis Lambert International Airport", "origin_lat": 38.5703611, "origin_lon": -90.1550833, "destination_lat": 38.7486982, "destination_lon": -90.3700257, "traffic_date": "2026-03-07", "traffic_dataset": "March 7th - Saturday", "weight_id": "w_0048", "distance_weight": 0.0, "population_weight": 0.5, "traffic_weight": 0.2, "airspace_weight": 0.3, "path_nodes": 43, "path_node_ids": [2179, 2180, 2183, 2198, 2202, 2206, 2449, 2345, 2370, 2373, 2398, 2709, 2711, 2714, 2750, 2744, 2770, 2772, 2777, 3989, 3993, 4006, 4008, 4021, 4045, 4047, 4058, 4062, 4075, 4082, 4084, 5080, 5084, 5310, 5311, 5337, 5320, 5322, 5323, 5346, 5357, 5358, 5364], "elapsed_seconds": 0.04576270002871752, "status": "success", "failure_reason": "", "route_distance_km": 36.19710521785728, "distance_cost_sum": 39.83725513178096, "population_cost_sum": 17.31210242086407, "traffic_cost_sum": 21.464075654287832, "airspace_cost_sum": 36.4, "total_weighted_score": 23.868866341289603}, "geometry": {"type": "LineString", "coordinates": [[-90.15289905765549, 38.57128267769979], [-90.15845430205954, 38.57592253965332], [-90.15827684369297, 38.58042298981685], [-90.16383311905943, 38.58506262995554], [-90.16939010840554, 38.58970202998531], [-90.17494781190939, 38.59434118977373], [-90.18050622974906, 38.59898010918833], [-90.18606536210271, 38.60361878809667], [-90.19162520914848, 38.60825722636621], [-90.19718577106451, 38.612895423864465], [-90.20274704802898, 38.61753338045887], [-90.2083090402201, 38.622171096016864], [-90.21387174781604, 38.62680857040582], [-90.21943517099498, 38.631445803493165], [-90.22499930993523, 38.636082795146216], [-90.23056416481495, 38.64071954523234], [-90.2361297358124, 38.64535605361884], [-90.24169602310592, 38.649992320172984], [-90.24726302687371, 38.65462834476206], [-90.25283074729404, 38.65926412725328], [-90.2583991845453, 38.663899667513896], [-90.26396833880578, 38.66853496541107], [-90.26953821025378, 38.673170020811966], [-90.2751087990677, 38.67780483358376], [-90.28068010542587, 38.682439403593555], [-90.28625212950666, 38.68707373070842], [-90.29182487148844, 38.69170781479548], [-90.29739833154962, 38.69634165572174], [-90.297228816103, 38.700842542902386], [-90.30280331580018, 38.70547615766316], [-90.30837853409372, 38.710109528957155], [-90.31395447116216, 38.71474265665128], [-90.31378588266769, 38.71924359100243], [-90.31936286061908, 38.72387649197406], [-90.32494055786266, 38.72850914903958], [-90.330518974577, 38.7331415620659], [-90.33626541075455, 38.733272728767844], [-90.3420118843105, 38.73340361338185], [-90.34775839516463, 38.73353421590239], [-90.35333872308522, 38.73816560113835], [-90.35908566820065, 38.73829566025279], [-90.36466711306467, 38.742926539503976], [-90.37024927800739, 38.74755717394432]]}}, {"type": "Feature", "properties": {"route_run_id": "stl_st_louis_downtown_airport_to_st_louis_lambert_2026-03-07_0100", "route_pair": "st_louis_downtown_airport_to_st_louis_lambert", "route_pair_label": "St. Louis Downtown Airport to St. Louis Lambert", "origin_label": "St. Louis Downtown Airport", "destination_label": "St. Louis Lambert International Airport", "origin_lat": 38.5703611, "origin_lon": -90.1550833, "destination_lat": 38.7486982, "destination_lon": -90.3700257, "traffic_date": "2026-03-07", "traffic_dataset": "March 7th - Saturday", "weight_id": "w_0100", "distance_weight": 0.1, "population_weight": 0.3, "traffic_weight": 0.6, "airspace_weight": 0.0, "path_nodes": 46, "path_node_ids": [2179, 2180, 2172, 2176, 2200, 2204, 2317, 2340, 2346, 2371, 2391, 2389, 2392, 2396, 2724, 2721, 2722, 2725, 2632, 2631, 2630, 2655, 2657, 2670, 2674, 2690, 2694, 2696, 3997, 4003, 5000, 5001, 5026, 5031, 5046, 5050, 5052, 5076, 5082, 5299, 5304, 5319, 5321, 5357, 5358, 5364], "elapsed_seconds": 0.036129800020717084, "status": "success", "failure_reason": "", "route_distance_km": 37.84560087545425, "distance_cost_sum": 41.651531209938895, "population_cost_sum": 26.489883160151685, "traffic_cost_sum": 11.198515233861743, "airspace_cost_sum": 37.8, "total_weighted_score": 18.831227209356438}, "geometry": {"type": "LineString", "coordinates": [[-90.15289905765549, 38.57128267769979], [-90.15845430205954, 38.57592253965332], [-90.16418736160693, 38.57606168922697], [-90.16974371606538, 38.58070105309441], [-90.17530078436367, 38.58534017679984], [-90.1808585666797, 38.58997906021084], [-90.18641706319154, 38.594617703194956], [-90.1919762740773, 38.599256105619745], [-90.19753619951499, 38.60389426735269], [-90.20309683968271, 38.60853218826128], [-90.20865819475857, 38.61316986821297], [-90.21439446510948, 38.61330666920645], [-90.21995693176504, 38.61794384912666], [-90.22552011370372, 38.622580787732026], [-90.23108401110366, 38.627217484889904], [-90.23682150967697, 38.62735322783211], [-90.2425590468561, 38.62748868982185], [-90.24812445278388, 38.632124626806814], [-90.25386242482786, 38.63225954846606], [-90.25960043524782, 38.632394189110826], [-90.26533848396411, 38.63252854873545], [-90.27090579460699, 38.637163465274895], [-90.27647382133833, 38.64179813950475], [-90.28204256433611, 38.64643257129221], [-90.28761202377838, 38.651066760504534], [-90.29318219984313, 38.6557007070089], [-90.29875309270838, 38.6603344106725], [-90.29858387993494, 38.66483533065127], [-90.3041558105904, 38.669468808450944], [-90.30972845856238, 38.6741020431041], [-90.31530182402891, 38.678735034477825], [-90.32087590716817, 38.68336778243918], [-90.32070794108151, 38.68786876652711], [-90.32053993746693, 38.69236974652525], [-90.32611538157217, 38.69700228484725], [-90.32020381761771, 38.70137169425106], [-90.32003570136486, 38.70587266197814], [-90.32561211067481, 38.710505251176386], [-90.33118923881437, 38.715137596495865], [-90.3367670859619, 38.719769697803464], [-90.34234565229588, 38.724401554966114], [-90.34792493799469, 38.72903316785066], [-90.35350494323681, 38.73366453632395], [-90.35908566820065, 38.73829566025279], [-90.36466711306467, 38.742926539503976], [-90.37024927800739, 38.74755717394432]]}}, {"type": "Feature", "properties": {"route_run_id": "stl_st_louis_downtown_airport_to_st_louis_lambert_2026-03-07_0094", "route_pair": "st_louis_downtown_airport_to_st_louis_lambert", "route_pair_label": "St. Louis Downtown Airport to St. Louis Lambert", "origin_label": "St. Louis Downtown Airport", "destination_label": "St. Louis Lambert International Airport", "origin_lat": 38.5703611, "origin_lon": -90.1550833, "destination_lat": 38.7486982, "destination_lon": -90.3700257, "traffic_date": "2026-03-07", "traffic_dataset": "March 7th - Saturday", "weight_id": "w_0094", "distance_weight": 0.1, "population_weight": 0.3, "traffic_weight": 0.0, "airspace_weight": 0.6, "path_nodes": 41, "path_node_ids": [2179, 2180, 2174, 2199, 2203, 2207, 2341, 2345, 2370, 2373, 2398, 2709, 2711, 2714, 2750, 2744, 2770, 2772, 2777, 3989, 3993, 4006, 4008, 4021, 4045, 4047, 4058, 4062, 4077, 4079, 5077, 5081, 5083, 5308, 5316, 5322, 5323, 5346, 5357, 5358, 5364], "elapsed_seconds": 0.05068159999791533, "status": "success", "failure_reason": "", "route_distance_km": 35.44580648998812, "distance_cost_sum": 39.01040229583813, "population_cost_sum": 21.248540131475806, "traffic_cost_sum": 17.76714329796441, "airspace_cost_sum": 34.4, "total_weighted_score": 30.915602269026557}, "geometry": {"type": "LineString", "coordinates": [[-90.15289905765549, 38.57128267769979], [-90.15845430205954, 38.57592253965332], [-90.16401026010618, 38.58056216167], [-90.16956693197352, 38.58520154361737], [-90.17512431783956, 38.5898406853631], [-90.18068241788241, 38.5944795867747], [-90.18624123228014, 38.59911824771971], [-90.18606536210271, 38.60361878809667], [-90.19162520914848, 38.60825722636621], [-90.19718577106451, 38.612895423864465], [-90.20274704802898, 38.61753338045887], [-90.2083090402201, 38.622171096016864], [-90.21387174781604, 38.62680857040582], [-90.21943517099498, 38.631445803493165], [-90.22499930993523, 38.636082795146216], [-90.23056416481495, 38.64071954523234], [-90.2361297358124, 38.64535605361884], [-90.24169602310592, 38.649992320172984], [-90.24726302687371, 38.65462834476206], [-90.25283074729404, 38.65926412725328], [-90.2583991845453, 38.663899667513896], [-90.26396833880578, 38.66853496541107], [-90.26953821025378, 38.673170020811966], [-90.2751087990677, 38.67780483358376], [-90.28068010542587, 38.682439403593555], [-90.28625212950666, 38.68707373070842], [-90.29182487148844, 38.69170781479548], [-90.29739833154962, 38.69634165572174], [-90.30297250986867, 38.70097525335427], [-90.30854740662397, 38.70560860756003], [-90.31412302199392, 38.71024171820601], [-90.31969935615703, 38.71487458515916], [-90.32527640929177, 38.719507208286444], [-90.33085418157658, 38.72413958745472], [-90.33643267319002, 38.72877172253092], [-90.3420118843105, 38.73340361338185], [-90.34775839516463, 38.73353421590239], [-90.35333872308522, 38.73816560113835], [-90.35908566820065, 38.73829566025279], [-90.36466711306467, 38.742926539503976], [-90.37024927800739, 38.74755717394432]]}}, {"type": "Feature", "properties": {"route_run_id": "stl_st_louis_downtown_airport_to_st_louis_lambert_2026-03-07_0185", "route_pair": "st_louis_downtown_airport_to_st_louis_lambert", "route_pair_label": "St. Louis Downtown Airport to St. Louis Lambert", "origin_label": "St. Louis Downtown Airport", "destination_label": "St. Louis Lambert International Airport", "origin_lat": 38.5703611, "origin_lon": -90.1550833, "destination_lat": 38.7486982, "destination_lon": -90.3700257, "traffic_date": "2026-03-07", "traffic_dataset": "March 7th - Saturday", "weight_id": "w_0185", "distance_weight": 0.3, "population_weight": 0.2, "traffic_weight": 0.2, "airspace_weight": 0.3, "path_nodes": 40, "path_node_ids": [2179, 2180, 2174, 2199, 2203, 2207, 2341, 2344, 2368, 2374, 2394, 2397, 2712, 2716, 2739, 2746, 2769, 2773, 3985, 3988, 3992, 3994, 4019, 4020, 4023, 4055, 4059, 4063, 4064, 5048, 5052, 5076, 5082, 5299, 5304, 5319, 5321, 5357, 5358, 5364], "elapsed_seconds": 0.01769950008019805, "status": "success", "failure_reason": "", "route_distance_km": 35.0695243590648, "distance_cost_sum": 38.596279476875054, "population_cost_sum": 23.651108783135093, "traffic_cost_sum": 14.425692925774984, "airspace_cost_sum": 33.8, "total_weighted_score": 29.33424418484453}, "geometry": {"type": "LineString", "coordinates": [[-90.15289905765549, 38.57128267769979], [-90.15845430205954, 38.57592253965332], [-90.16401026010618, 38.58056216167], [-90.16956693197352, 38.58520154361737], [-90.17512431783956, 38.5898406853631], [-90.18068241788241, 38.5944795867747], [-90.18624123228014, 38.59911824771971], [-90.19180076121087, 38.60375666806568], [-90.19736100485268, 38.60839484768009], [-90.20292196338367, 38.61303278643038], [-90.2084836369821, 38.617670484184025], [-90.21404602582597, 38.62230794080845], [-90.21960913009349, 38.62694515617101], [-90.22517294996291, 38.63158213013913], [-90.23073748561237, 38.63621886258013], [-90.23630273722006, 38.640855353361346], [-90.24186870496423, 38.645491602350084], [-90.24743538902311, 38.65012760941361], [-90.25300278957496, 38.654763374419176], [-90.25857090679797, 38.65939889723403], [-90.26413974087053, 38.66403417772537], [-90.26970929197084, 38.66866921576039], [-90.27527956027723, 38.67330401120623], [-90.28085054596801, 38.677938563930056], [-90.28642224922152, 38.68257287379895], [-90.29199467021606, 38.68720694068001], [-90.29756780913004, 38.69184076444029], [-90.3031416661418, 38.696474344946864], [-90.30888503852013, 38.69660675247757], [-90.31446001070607, 38.70123982903419], [-90.32003570136486, 38.70587266197814], [-90.32561211067481, 38.710505251176386], [-90.33118923881437, 38.715137596495865], [-90.3367670859619, 38.719769697803464], [-90.34234565229588, 38.724401554966114], [-90.34792493799469, 38.72903316785066], [-90.35350494323681, 38.73366453632395], [-90.35908566820065, 38.73829566025279], [-90.36466711306467, 38.742926539503976], [-90.37024927800739, 38.74755717394432]]}}, {"type": "Feature", "properties": {"route_run_id": "stl_st_louis_downtown_airport_to_st_louis_lambert_2026-03-07_0256", "route_pair": "st_louis_downtown_airport_to_st_louis_lambert", "route_pair_label": "St. Louis Downtown Airport to St. Louis Lambert", "origin_label": "St. Louis Downtown Airport", "destination_label": "St. Louis Lambert International Airport", "origin_lat": 38.5703611, "origin_lon": -90.1550833, "destination_lat": 38.7486982, "destination_lon": -90.3700257, "traffic_date": "2026-03-07", "traffic_dataset": "March 7th - Saturday", "weight_id": "w_0256", "distance_weight": 0.6, "population_weight": 0.0, "traffic_weight": 0.3, "airspace_weight": 0.1, "path_nodes": 41, "path_node_ids": [2179, 2180, 2174, 2199, 2203, 2207, 2341, 2344, 2368, 2374, 2394, 2397, 2712, 2716, 2739, 2746, 2769, 2772, 2777, 3989, 3993, 4006, 4008, 4021, 4045, 4047, 4058, 4059, 4063, 4064, 5048, 5052, 5076, 5082, 5299, 5304, 5319, 5321, 5357, 5358, 5364], "elapsed_seconds": 0.00510590011253953, "status": "success", "failure_reason": "", "route_distance_km": 35.44496799381346, "distance_cost_sum": 39.00947947657301, "population_cost_sum": 25.09456255665406, "traffic_cost_sum": 13.271815011393638, "airspace_cost_sum": 34.4, "total_weighted_score": 30.8272321893619}, "geometry": {"type": "LineString", "coordinates": [[-90.15289905765549, 38.57128267769979], [-90.15845430205954, 38.57592253965332], [-90.16401026010618, 38.58056216167], [-90.16956693197352, 38.58520154361737], [-90.17512431783956, 38.5898406853631], [-90.18068241788241, 38.5944795867747], [-90.18624123228014, 38.59911824771971], [-90.19180076121087, 38.60375666806568], [-90.19736100485268, 38.60839484768009], [-90.20292196338367, 38.61303278643038], [-90.2084836369821, 38.617670484184025], [-90.21404602582597, 38.62230794080845], [-90.21960913009349, 38.62694515617101], [-90.22517294996291, 38.63158213013913], [-90.23073748561237, 38.63621886258013], [-90.23630273722006, 38.640855353361346], [-90.24186870496423, 38.645491602350084], [-90.24169602310592, 38.649992320172984], [-90.24726302687371, 38.65462834476206], [-90.25283074729404, 38.65926412725328], [-90.2583991845453, 38.663899667513896], [-90.26396833880578, 38.66853496541107], [-90.26953821025378, 38.673170020811966], [-90.2751087990677, 38.67780483358376], [-90.28068010542587, 38.682439403593555], [-90.28625212950666, 38.68707373070842], [-90.29182487148844, 38.69170781479548], [-90.29756780913004, 38.69184076444029], [-90.3031416661418, 38.696474344946864], [-90.30888503852013, 38.69660675247757], [-90.31446001070607, 38.70123982903419], [-90.32003570136486, 38.70587266197814], [-90.32561211067481, 38.710505251176386], [-90.33118923881437, 38.715137596495865], [-90.3367670859619, 38.719769697803464], [-90.34234565229588, 38.724401554966114], [-90.34792493799469, 38.72903316785066], [-90.35350494323681, 38.73366453632395], [-90.35908566820065, 38.73829566025279], [-90.36466711306467, 38.742926539503976], [-90.37024927800739, 38.74755717394432]]}}, {"type": "Feature", "properties": {"route_run_id": "stl_st_louis_downtown_airport_to_st_louis_lambert_2026-03-07_0244", "route_pair": "st_louis_downtown_airport_to_st_louis_lambert", "route_pair_label": "St. Louis Downtown Airport to St. Louis Lambert", "origin_label": "St. Louis Downtown Airport", "destination_label": "St. Louis Lambert International Airport", "origin_lat": 38.5703611, "origin_lon": -90.1550833, "destination_lat": 38.7486982, "destination_lon": -90.3700257, "traffic_date": "2026-03-07", "traffic_dataset": "March 7th - Saturday", "weight_id": "w_0244", "distance_weight": 0.5, "population_weight": 0.2, "traffic_weight": 0.1, "airspace_weight": 0.2, "path_nodes": 40, "path_node_ids": [2179, 2180, 2174, 2199, 2203, 2207, 2341, 2344, 2368, 2374, 2394, 2397, 2712, 2716, 2739, 2746, 2769, 2773, 3985, 3988, 3992, 3994, 4019, 4020, 4023, 4055, 4059, 4063, 4064, 5048, 5052, 5076, 5082, 5299, 5304, 5319, 5321, 5357, 5358, 5364], "elapsed_seconds": 0.009739900007843971, "status": "success", "failure_reason": "", "route_distance_km": 35.0695243590648, "distance_cost_sum": 38.596279476875054, "population_cost_sum": 23.651108783135093, "traffic_cost_sum": 14.425692925774984, "airspace_cost_sum": 33.8, "total_weighted_score": 32.230930787642045}, "geometry": {"type": "LineString", "coordinates": [[-90.15289905765549, 38.57128267769979], [-90.15845430205954, 38.57592253965332], [-90.16401026010618, 38.58056216167], [-90.16956693197352, 38.58520154361737], [-90.17512431783956, 38.5898406853631], [-90.18068241788241, 38.5944795867747], [-90.18624123228014, 38.59911824771971], [-90.19180076121087, 38.60375666806568], [-90.19736100485268, 38.60839484768009], [-90.20292196338367, 38.61303278643038], [-90.2084836369821, 38.617670484184025], [-90.21404602582597, 38.62230794080845], [-90.21960913009349, 38.62694515617101], [-90.22517294996291, 38.63158213013913], [-90.23073748561237, 38.63621886258013], [-90.23630273722006, 38.640855353361346], [-90.24186870496423, 38.645491602350084], [-90.24743538902311, 38.65012760941361], [-90.25300278957496, 38.654763374419176], [-90.25857090679797, 38.65939889723403], [-90.26413974087053, 38.66403417772537], [-90.26970929197084, 38.66866921576039], [-90.27527956027723, 38.67330401120623], [-90.28085054596801, 38.677938563930056], [-90.28642224922152, 38.68257287379895], [-90.29199467021606, 38.68720694068001], [-90.29756780913004, 38.69184076444029], [-90.3031416661418, 38.696474344946864], [-90.30888503852013, 38.69660675247757], [-90.31446001070607, 38.70123982903419], [-90.32003570136486, 38.70587266197814], [-90.32561211067481, 38.710505251176386], [-90.33118923881437, 38.715137596495865], [-90.3367670859619, 38.719769697803464], [-90.34234565229588, 38.724401554966114], [-90.34792493799469, 38.72903316785066], [-90.35350494323681, 38.73366453632395], [-90.35908566820065, 38.73829566025279], [-90.36466711306467, 38.742926539503976], [-90.37024927800739, 38.74755717394432]]}}, {"type": "Feature", "properties": {"route_run_id": "stl_st_louis_downtown_airport_to_st_louis_lambert_2026-03-07_0269", "route_pair": "st_louis_downtown_airport_to_st_louis_lambert", "route_pair_label": "St. Louis Downtown Airport to St. Louis Lambert", "origin_label": "St. Louis Downtown Airport", "destination_label": "St. Louis Lambert International Airport", "origin_lat": 38.5703611, "origin_lon": -90.1550833, "destination_lat": 38.7486982, "destination_lon": -90.3700257, "traffic_date": "2026-03-07", "traffic_dataset": "March 7th - Saturday", "weight_id": "w_0269", "distance_weight": 0.7, "population_weight": 0.0, "traffic_weight": 0.1, "airspace_weight": 0.2, "path_nodes": 40, "path_node_ids": [2179, 2180, 2174, 2199, 2203, 2207, 2341, 2344, 2368, 2374, 2394, 2397, 2712, 2716, 2739, 2746, 2769, 2773, 3985, 3988, 3992, 3994, 4019, 4020, 4023, 4055, 4059, 4063, 4064, 5048, 5052, 5076, 5082, 5299, 5304, 5319, 5321, 5357, 5358, 5364], "elapsed_seconds": 0.005189400049857795, "status": "success", "failure_reason": "", "route_distance_km": 35.0695243590648, "distance_cost_sum": 38.596279476875054, "population_cost_sum": 23.651108783135093, "traffic_cost_sum": 14.425692925774984, "airspace_cost_sum": 33.8, "total_weighted_score": 35.219964926390034}, "geometry": {"type": "LineString", "coordinates": [[-90.15289905765549, 38.57128267769979], [-90.15845430205954, 38.57592253965332], [-90.16401026010618, 38.58056216167], [-90.16956693197352, 38.58520154361737], [-90.17512431783956, 38.5898406853631], [-90.18068241788241, 38.5944795867747], [-90.18624123228014, 38.59911824771971], [-90.19180076121087, 38.60375666806568], [-90.19736100485268, 38.60839484768009], [-90.20292196338367, 38.61303278643038], [-90.2084836369821, 38.617670484184025], [-90.21404602582597, 38.62230794080845], [-90.21960913009349, 38.62694515617101], [-90.22517294996291, 38.63158213013913], [-90.23073748561237, 38.63621886258013], [-90.23630273722006, 38.640855353361346], [-90.24186870496423, 38.645491602350084], [-90.24743538902311, 38.65012760941361], [-90.25300278957496, 38.654763374419176], [-90.25857090679797, 38.65939889723403], [-90.26413974087053, 38.66403417772537], [-90.26970929197084, 38.66866921576039], [-90.27527956027723, 38.67330401120623], [-90.28085054596801, 38.677938563930056], [-90.28642224922152, 38.68257287379895], [-90.29199467021606, 38.68720694068001], [-90.29756780913004, 38.69184076444029], [-90.3031416661418, 38.696474344946864], [-90.30888503852013, 38.69660675247757], [-90.31446001070607, 38.70123982903419], [-90.32003570136486, 38.70587266197814], [-90.32561211067481, 38.710505251176386], [-90.33118923881437, 38.715137596495865], [-90.3367670859619, 38.719769697803464], [-90.34234565229588, 38.724401554966114], [-90.34792493799469, 38.72903316785066], [-90.35350494323681, 38.73366453632395], [-90.35908566820065, 38.73829566025279], [-90.36466711306467, 38.742926539503976], [-90.37024927800739, 38.74755717394432]]}}, {"type": "Feature", "properties": {"route_run_id": "stl_st_louis_downtown_airport_to_st_louis_lambert_2026-03-07_0187", "route_pair": "st_louis_downtown_airport_to_st_louis_lambert", "route_pair_label": "St. Louis Downtown Airport to St. Louis Lambert", "origin_label": "St. Louis Downtown Airport", "destination_label": "St. Louis Lambert International Airport", "origin_lat": 38.5703611, "origin_lon": -90.1550833, "destination_lat": 38.7486982, "destination_lon": -90.3700257, "traffic_date": "2026-03-07", "traffic_dataset": "March 7th - Saturday", "weight_id": "w_0187", "distance_weight": 0.3, "population_weight": 0.2, "traffic_weight": 0.4, "airspace_weight": 0.1, "path_nodes": 41, "path_node_ids": [2179, 2180, 2183, 2198, 2202, 2206, 2449, 2345, 2370, 2373, 2398, 2709, 2711, 2714, 2750, 2744, 2770, 2772, 2777, 3989, 3993, 4006, 4008, 4021, 4045, 4047, 4058, 4059, 4063, 4064, 5048, 5052, 5076, 5082, 5299, 5304, 5319, 5321, 5357, 5358, 5364], "elapsed_seconds": 0.013320800033397973, "status": "success", "failure_reason": "", "route_distance_km": 35.44516965599588, "distance_cost_sum": 39.00970141884611, "population_cost_sum": 23.447934484851842, "traffic_cost_sum": 13.596616574214913, "airspace_cost_sum": 34.4, "total_weighted_score": 25.27114395231017}, "geometry": {"type": "LineString", "coordinates": [[-90.15289905765549, 38.57128267769979], [-90.15845430205954, 38.57592253965332], [-90.15827684369297, 38.58042298981685], [-90.16383311905943, 38.58506262995554], [-90.16939010840554, 38.58970202998531], [-90.17494781190939, 38.59434118977373], [-90.18050622974906, 38.59898010918833], [-90.18606536210271, 38.60361878809667], [-90.19162520914848, 38.60825722636621], [-90.19718577106451, 38.612895423864465], [-90.20274704802898, 38.61753338045887], [-90.2083090402201, 38.622171096016864], [-90.21387174781604, 38.62680857040582], [-90.21943517099498, 38.631445803493165], [-90.22499930993523, 38.636082795146216], [-90.23056416481495, 38.64071954523234], [-90.2361297358124, 38.64535605361884], [-90.24169602310592, 38.649992320172984], [-90.24726302687371, 38.65462834476206], [-90.25283074729404, 38.65926412725328], [-90.2583991845453, 38.663899667513896], [-90.26396833880578, 38.66853496541107], [-90.26953821025378, 38.673170020811966], [-90.2751087990677, 38.67780483358376], [-90.28068010542587, 38.682439403593555], [-90.28625212950666, 38.68707373070842], [-90.29182487148844, 38.69170781479548], [-90.29756780913004, 38.69184076444029], [-90.3031416661418, 38.696474344946864], [-90.30888503852013, 38.69660675247757], [-90.31446001070607, 38.70123982903419], [-90.32003570136486, 38.70587266197814], [-90.32561211067481, 38.710505251176386], [-90.33118923881437, 38.715137596495865], [-90.3367670859619, 38.719769697803464], [-90.34234565229588, 38.724401554966114], [-90.34792493799469, 38.72903316785066], [-90.35350494323681, 38.73366453632395], [-90.35908566820065, 38.73829566025279], [-90.36466711306467, 38.742926539503976], [-90.37024927800739, 38.74755717394432]]}}, {"type": "Feature", "properties": {"route_run_id": "stl_st_louis_downtown_airport_to_st_louis_lambert_2026-03-07_0042", "route_pair": "st_louis_downtown_airport_to_st_louis_lambert", "route_pair_label": "St. Louis Downtown Airport to St. Louis Lambert", "origin_label": "St. Louis Downtown Airport", "destination_label": "St. Louis Lambert International Airport", "origin_lat": 38.5703611, "origin_lon": -90.1550833, "destination_lat": 38.7486982, "destination_lon": -90.3700257, "traffic_date": "2026-03-07", "traffic_dataset": "March 7th - Saturday", "weight_id": "w_0042", "distance_weight": 0.0, "population_weight": 0.4, "traffic_weight": 0.3, "airspace_weight": 0.3, "path_nodes": 41, "path_node_ids": [2179, 2180, 2183, 2198, 2202, 2206, 2449, 2345, 2370, 2373, 2398, 2709, 2711, 2714, 2750, 2744, 2770, 2772, 2777, 3989, 3993, 4006, 4008, 4021, 4045, 4047, 4058, 4062, 4077, 4079, 5077, 5052, 5076, 5082, 5299, 5304, 5319, 5321, 5357, 5358, 5364], "elapsed_seconds": 0.04399649996776134, "status": "success", "failure_reason": "", "route_distance_km": 35.97908767101205, "distance_cost_sum": 39.59731272244726, "population_cost_sum": 23.156990514279457, "traffic_cost_sum": 13.716044675315588, "airspace_cost_sum": 34.4, "total_weighted_score": 23.697609608306465}, "geometry": {"type": "LineString", "coordinates": [[-90.15289905765549, 38.57128267769979], [-90.15845430205954, 38.57592253965332], [-90.15827684369297, 38.58042298981685], [-90.16383311905943, 38.58506262995554], [-90.16939010840554, 38.58970202998531], [-90.17494781190939, 38.59434118977373], [-90.18050622974906, 38.59898010918833], [-90.18606536210271, 38.60361878809667], [-90.19162520914848, 38.60825722636621], [-90.19718577106451, 38.612895423864465], [-90.20274704802898, 38.61753338045887], [-90.2083090402201, 38.622171096016864], [-90.21387174781604, 38.62680857040582], [-90.21943517099498, 38.631445803493165], [-90.22499930993523, 38.636082795146216], [-90.23056416481495, 38.64071954523234], [-90.2361297358124, 38.64535605361884], [-90.24169602310592, 38.649992320172984], [-90.24726302687371, 38.65462834476206], [-90.25283074729404, 38.65926412725328], [-90.2583991845453, 38.663899667513896], [-90.26396833880578, 38.66853496541107], [-90.26953821025378, 38.673170020811966], [-90.2751087990677, 38.67780483358376], [-90.28068010542587, 38.682439403593555], [-90.28625212950666, 38.68707373070842], [-90.29182487148844, 38.69170781479548], [-90.29739833154962, 38.69634165572174], [-90.30297250986867, 38.70097525335427], [-90.30854740662397, 38.70560860756003], [-90.31412302199392, 38.71024171820601], [-90.32003570136486, 38.70587266197814], [-90.32561211067481, 38.710505251176386], [-90.33118923881437, 38.715137596495865], [-90.3367670859619, 38.719769697803464], [-90.34234565229588, 38.724401554966114], [-90.34792493799469, 38.72903316785066], [-90.35350494323681, 38.73366453632395], [-90.35908566820065, 38.73829566025279], [-90.36466711306467, 38.742926539503976], [-90.37024927800739, 38.74755717394432]]}}, {"type": "Feature", "properties": {"route_run_id": "stl_st_louis_downtown_airport_to_st_louis_lambert_2026-03-07_0204", "route_pair": "st_louis_downtown_airport_to_st_louis_lambert", "route_pair_label": "St. Louis Downtown Airport to St. Louis Lambert", "origin_label": "St. Louis Downtown Airport", "destination_label": "St. Louis Lambert International Airport", "origin_lat": 38.5703611, "origin_lon": -90.1550833, "destination_lat": 38.7486982, "destination_lon": -90.3700257, "traffic_date": "2026-03-07", "traffic_dataset": "March 7th - Saturday", "weight_id": "w_0204", "distance_weight": 0.4, "population_weight": 0.0, "traffic_weight": 0.0, "airspace_weight": 0.6, "path_nodes": 40, "path_node_ids": [2179, 2147, 2172, 2176, 2200, 2204, 2317, 2340, 2346, 2371, 2391, 2395, 2708, 2713, 2738, 2741, 2745, 2747, 2684, 2687, 3987, 3990, 4016, 4017, 4022, 4029, 4034, 4060, 4064, 5048, 5052, 5076, 5082, 5299, 5304, 5319, 5321, 5357, 5358, 5364], "elapsed_seconds": 0.01707409997470677, "status": "success", "failure_reason": "", "route_distance_km": 35.06847425714207, "distance_cost_sum": 38.5951237717998, "population_cost_sum": 26.02381511715049, "traffic_cost_sum": 16.149378808043295, "airspace_cost_sum": 33.4, "total_weighted_score": 35.47804950871992}, "geometry": {"type": "LineString", "coordinates": [[-90.15289905765549, 38.57128267769979], [-90.15863172081019, 38.571422085329914], [-90.16418736160693, 38.57606168922697], [-90.16974371606538, 38.58070105309441], [-90.17530078436367, 38.58534017679984], [-90.1808585666797, 38.58997906021084], [-90.18641706319154, 38.594617703194956], [-90.1919762740773, 38.599256105619745], [-90.19753619951499, 38.60389426735269], [-90.20309683968271, 38.60853218826128], [-90.20865819475857, 38.61316986821297], [-90.21422026492066, 38.617807307075225], [-90.21978305034705, 38.62244450471542], [-90.22534655121595, 38.62708146100096], [-90.2309107677055, 38.63171817579922], [-90.2364756999938, 38.63635464897752], [-90.2420413482591, 38.64099088040321], [-90.24760771267954, 38.645626869943555], [-90.25317479343335, 38.65026261746583], [-90.25874259069872, 38.654898122837295], [-90.26431110465388, 38.659533385925144], [-90.26988033547711, 38.664168406596616], [-90.27545028334664, 38.66880318471887], [-90.28102094844074, 38.67343772015905], [-90.28659233093768, 38.67807201278429], [-90.29216443101578, 38.68270606246168], [-90.29773724885335, 38.68733986905835], [-90.30331078462868, 38.69197343244128], [-90.30888503852013, 38.69660675247757], [-90.31446001070607, 38.70123982903419], [-90.32003570136486, 38.70587266197814], [-90.32561211067481, 38.710505251176386], [-90.33118923881437, 38.715137596495865], [-90.3367670859619, 38.719769697803464], [-90.34234565229588, 38.724401554966114], [-90.34792493799469, 38.72903316785066], [-90.35350494323681, 38.73366453632395], [-90.35908566820065, 38.73829566025279], [-90.36466711306467, 38.742926539503976], [-90.37024927800739, 38.74755717394432]]}}, {"type": "Feature", "properties": {"route_run_id": "stl_st_louis_downtown_airport_to_st_louis_lambert_2026-03-07_0125", "route_pair": "st_louis_downtown_airport_to_st_louis_lambert", "route_pair_label": "St. Louis Downtown Airport to St. Louis Lambert", "origin_label": "St. Louis Downtown Airport", "destination_label": "St. Louis Lambert International Airport", "origin_lat": 38.5703611, "origin_lon": -90.1550833, "destination_lat": 38.7486982, "destination_lon": -90.3700257, "traffic_date": "2026-03-07", "traffic_dataset": "March 7th - Saturday", "weight_id": "w_0125", "distance_weight": 0.2, "population_weight": 0.0, "traffic_weight": 0.3, "airspace_weight": 0.5, "path_nodes": 40, "path_node_ids": [2179, 2180, 2174, 2199, 2203, 2207, 2341, 2344, 2368, 2374, 2394, 2397, 2712, 2716, 2739, 2746, 2769, 2773, 3985, 3988, 3992, 3994, 4019, 4020, 4023, 4055, 4059, 4063, 4064, 5048, 5052, 5076, 5082, 5299, 5304, 5319, 5321, 5357, 5358, 5364], "elapsed_seconds": 0.029788700048811734, "status": "success", "failure_reason": "", "route_distance_km": 35.0695243590648, "distance_cost_sum": 38.596279476875054, "population_cost_sum": 23.651108783135093, "traffic_cost_sum": 14.425692925774984, "airspace_cost_sum": 33.8, "total_weighted_score": 28.946963773107505}, "geometry": {"type": "LineString", "coordinates": [[-90.15289905765549, 38.57128267769979], [-90.15845430205954, 38.57592253965332], [-90.16401026010618, 38.58056216167], [-90.16956693197352, 38.58520154361737], [-90.17512431783956, 38.5898406853631], [-90.18068241788241, 38.5944795867747], [-90.18624123228014, 38.59911824771971], [-90.19180076121087, 38.60375666806568], [-90.19736100485268, 38.60839484768009], [-90.20292196338367, 38.61303278643038], [-90.2084836369821, 38.617670484184025], [-90.21404602582597, 38.62230794080845], [-90.21960913009349, 38.62694515617101], [-90.22517294996291, 38.63158213013913], [-90.23073748561237, 38.63621886258013], [-90.23630273722006, 38.640855353361346], [-90.24186870496423, 38.645491602350084], [-90.24743538902311, 38.65012760941361], [-90.25300278957496, 38.654763374419176], [-90.25857090679797, 38.65939889723403], [-90.26413974087053, 38.66403417772537], [-90.26970929197084, 38.66866921576039], [-90.27527956027723, 38.67330401120623], [-90.28085054596801, 38.677938563930056], [-90.28642224922152, 38.68257287379895], [-90.29199467021606, 38.68720694068001], [-90.29756780913004, 38.69184076444029], [-90.3031416661418, 38.696474344946864], [-90.30888503852013, 38.69660675247757], [-90.31446001070607, 38.70123982903419], [-90.32003570136486, 38.70587266197814], [-90.32561211067481, 38.710505251176386], [-90.33118923881437, 38.715137596495865], [-90.3367670859619, 38.719769697803464], [-90.34234565229588, 38.724401554966114], [-90.34792493799469, 38.72903316785066], [-90.35350494323681, 38.73366453632395], [-90.35908566820065, 38.73829566025279], [-90.36466711306467, 38.742926539503976], [-90.37024927800739, 38.74755717394432]]}}, {"type": "Feature", "properties": {"route_run_id": "stl_st_louis_downtown_airport_to_st_louis_lambert_2026-03-07_0241", "route_pair": "st_louis_downtown_airport_to_st_louis_lambert", "route_pair_label": "St. Louis Downtown Airport to St. Louis Lambert", "origin_label": "St. Louis Downtown Airport", "destination_label": "St. Louis Lambert International Airport", "origin_lat": 38.5703611, "origin_lon": -90.1550833, "destination_lat": 38.7486982, "destination_lon": -90.3700257, "traffic_date": "2026-03-07", "traffic_dataset": "March 7th - Saturday", "weight_id": "w_0241", "distance_weight": 0.5, "population_weight": 0.1, "traffic_weight": 0.3, "airspace_weight": 0.1, "path_nodes": 41, "path_node_ids": [2179, 2180, 2183, 2198, 2202, 2206, 2449, 2345, 2370, 2373, 2398, 2709, 2711, 2714, 2750, 2744, 2770, 2772, 2777, 3989, 3993, 4006, 4008, 4021, 4045, 4047, 4058, 4059, 4063, 4064, 5048, 5052, 5076, 5082, 5299, 5304, 5319, 5321, 5357, 5358, 5364], "elapsed_seconds": 0.006787999998778105, "status": "success", "failure_reason": "", "route_distance_km": 35.44516965599588, "distance_cost_sum": 39.00970141884611, "population_cost_sum": 23.447934484851842, "traffic_cost_sum": 13.596616574214913, "airspace_cost_sum": 34.4, "total_weighted_score": 29.368629130172717}, "geometry": {"type": "LineString", "coordinates": [[-90.15289905765549, 38.57128267769979], [-90.15845430205954, 38.57592253965332], [-90.15827684369297, 38.58042298981685], [-90.16383311905943, 38.58506262995554], [-90.16939010840554, 38.58970202998531], [-90.17494781190939, 38.59434118977373], [-90.18050622974906, 38.59898010918833], [-90.18606536210271, 38.60361878809667], [-90.19162520914848, 38.60825722636621], [-90.19718577106451, 38.612895423864465], [-90.20274704802898, 38.61753338045887], [-90.2083090402201, 38.622171096016864], [-90.21387174781604, 38.62680857040582], [-90.21943517099498, 38.631445803493165], [-90.22499930993523, 38.636082795146216], [-90.23056416481495, 38.64071954523234], [-90.2361297358124, 38.64535605361884], [-90.24169602310592, 38.649992320172984], [-90.24726302687371, 38.65462834476206], [-90.25283074729404, 38.65926412725328], [-90.2583991845453, 38.663899667513896], [-90.26396833880578, 38.66853496541107], [-90.26953821025378, 38.673170020811966], [-90.2751087990677, 38.67780483358376], [-90.28068010542587, 38.682439403593555], [-90.28625212950666, 38.68707373070842], [-90.29182487148844, 38.69170781479548], [-90.29756780913004, 38.69184076444029], [-90.3031416661418, 38.696474344946864], [-90.30888503852013, 38.69660675247757], [-90.31446001070607, 38.70123982903419], [-90.32003570136486, 38.70587266197814], [-90.32561211067481, 38.710505251176386], [-90.33118923881437, 38.715137596495865], [-90.3367670859619, 38.719769697803464], [-90.34234565229588, 38.724401554966114], [-90.34792493799469, 38.72903316785066], [-90.35350494323681, 38.73366453632395], [-90.35908566820065, 38.73829566025279], [-90.36466711306467, 38.742926539503976], [-90.37024927800739, 38.74755717394432]]}}, {"type": "Feature", "properties": {"route_run_id": "stl_st_louis_downtown_airport_to_st_louis_lambert_2026-03-07_0080", "route_pair": "st_louis_downtown_airport_to_st_louis_lambert", "route_pair_label": "St. Louis Downtown Airport to St. Louis Lambert", "origin_label": "St. Louis Downtown Airport", "destination_label": "St. Louis Lambert International Airport", "origin_lat": 38.5703611, "origin_lon": -90.1550833, "destination_lat": 38.7486982, "destination_lon": -90.3700257, "traffic_date": "2026-03-07", "traffic_dataset": "March 7th - Saturday", "weight_id": "w_0080", "distance_weight": 0.1, "population_weight": 0.1, "traffic_weight": 0.3, "airspace_weight": 0.5, "path_nodes": 40, "path_node_ids": [2179, 2180, 2174, 2199, 2203, 2207, 2341, 2344, 2368, 2374, 2394, 2397, 2712, 2716, 2739, 2746, 2769, 2773, 3985, 3988, 3992, 3994, 4019, 4020, 4023, 4055, 4059, 4063, 4064, 5048, 5052, 5076, 5082, 5299, 5304, 5319, 5321, 5357, 5358, 5364], "elapsed_seconds": 0.04990830004680902, "status": "success", "failure_reason": "", "route_distance_km": 35.0695243590648, "distance_cost_sum": 38.596279476875054, "population_cost_sum": 23.651108783135093, "traffic_cost_sum": 14.425692925774984, "airspace_cost_sum": 33.8, "total_weighted_score": 27.452446703733507}, "geometry": {"type": "LineString", "coordinates": [[-90.15289905765549, 38.57128267769979], [-90.15845430205954, 38.57592253965332], [-90.16401026010618, 38.58056216167], [-90.16956693197352, 38.58520154361737], [-90.17512431783956, 38.5898406853631], [-90.18068241788241, 38.5944795867747], [-90.18624123228014, 38.59911824771971], [-90.19180076121087, 38.60375666806568], [-90.19736100485268, 38.60839484768009], [-90.20292196338367, 38.61303278643038], [-90.2084836369821, 38.617670484184025], [-90.21404602582597, 38.62230794080845], [-90.21960913009349, 38.62694515617101], [-90.22517294996291, 38.63158213013913], [-90.23073748561237, 38.63621886258013], [-90.23630273722006, 38.640855353361346], [-90.24186870496423, 38.645491602350084], [-90.24743538902311, 38.65012760941361], [-90.25300278957496, 38.654763374419176], [-90.25857090679797, 38.65939889723403], [-90.26413974087053, 38.66403417772537], [-90.26970929197084, 38.66866921576039], [-90.27527956027723, 38.67330401120623], [-90.28085054596801, 38.677938563930056], [-90.28642224922152, 38.68257287379895], [-90.29199467021606, 38.68720694068001], [-90.29756780913004, 38.69184076444029], [-90.3031416661418, 38.696474344946864], [-90.30888503852013, 38.69660675247757], [-90.31446001070607, 38.70123982903419], [-90.32003570136486, 38.70587266197814], [-90.32561211067481, 38.710505251176386], [-90.33118923881437, 38.715137596495865], [-90.3367670859619, 38.719769697803464], [-90.34234565229588, 38.724401554966114], [-90.34792493799469, 38.72903316785066], [-90.35350494323681, 38.73366453632395], [-90.35908566820065, 38.73829566025279], [-90.36466711306467, 38.742926539503976], [-90.37024927800739, 38.74755717394432]]}}, {"type": "Feature", "properties": {"route_run_id": "stl_st_louis_downtown_airport_to_st_louis_lambert_2026-03-07_0128", "route_pair": "st_louis_downtown_airport_to_st_louis_lambert", "route_pair_label": "St. Louis Downtown Airport to St. Louis Lambert", "origin_label": "St. Louis Downtown Airport", "destination_label": "St. Louis Lambert International Airport", "origin_lat": 38.5703611, "origin_lon": -90.1550833, "destination_lat": 38.7486982, "destination_lon": -90.3700257, "traffic_date": "2026-03-07", "traffic_dataset": "March 7th - Saturday", "weight_id": "w_0128", "distance_weight": 0.2, "population_weight": 0.0, "traffic_weight": 0.6, "airspace_weight": 0.2, "path_nodes": 43, "path_node_ids": [2179, 2180, 2172, 2176, 2200, 2204, 2317, 2340, 2346, 2371, 2391, 2389, 2392, 2396, 2724, 2727, 2742, 2743, 2681, 2682, 2685, 3987, 3993, 4006, 4008, 4021, 4045, 4047, 4058, 4059, 4063, 4064, 5048, 5052, 5076, 5082, 5299, 5304, 5319, 5321, 5357, 5358, 5364], "elapsed_seconds": 0.021092399954795837, "status": "success", "failure_reason": "", "route_distance_km": 36.722202807088216, "distance_cost_sum": 40.415158986395184, "population_cost_sum": 27.651977528032873, "traffic_cost_sum": 12.102782567946832, "airspace_cost_sum": 35.6, "total_weighted_score": 22.46470133804714}, "geometry": {"type": "LineString", "coordinates": [[-90.15289905765549, 38.57128267769979], [-90.15845430205954, 38.57592253965332], [-90.16418736160693, 38.57606168922697], [-90.16974371606538, 38.58070105309441], [-90.17530078436367, 38.58534017679984], [-90.1808585666797, 38.58997906021084], [-90.18641706319154, 38.594617703194956], [-90.1919762740773, 38.599256105619745], [-90.19753619951499, 38.60389426735269], [-90.20309683968271, 38.60853218826128], [-90.20865819475857, 38.61316986821297], [-90.21439446510948, 38.61330666920645], [-90.21995693176504, 38.61794384912666], [-90.22552011370372, 38.622580787732026], [-90.23108401110366, 38.627217484889904], [-90.23664862414297, 38.63185394046768], [-90.24221395299979, 38.63649015433267], [-90.24777999785228, 38.641126126352205], [-90.25334675887852, 38.64576185639355], [-90.25891423625677, 38.65039734432395], [-90.26448243016516, 38.6550325900107], [-90.26431110465388, 38.659533385925144], [-90.2583991845453, 38.663899667513896], [-90.26396833880578, 38.66853496541107], [-90.26953821025378, 38.673170020811966], [-90.2751087990677, 38.67780483358376], [-90.28068010542587, 38.682439403593555], [-90.28625212950666, 38.68707373070842], [-90.29182487148844, 38.69170781479548], [-90.29756780913004, 38.69184076444029], [-90.3031416661418, 38.696474344946864], [-90.30888503852013, 38.69660675247757], [-90.31446001070607, 38.70123982903419], [-90.32003570136486, 38.70587266197814], [-90.32561211067481, 38.710505251176386], [-90.33118923881437, 38.715137596495865], [-90.3367670859619, 38.719769697803464], [-90.34234565229588, 38.724401554966114], [-90.34792493799469, 38.72903316785066], [-90.35350494323681, 38.73366453632395], [-90.35908566820065, 38.73829566025279], [-90.36466711306467, 38.742926539503976], [-90.37024927800739, 38.74755717394432]]}}, {"type": "Feature", "properties": {"route_run_id": "stl_st_louis_downtown_airport_to_st_louis_lambert_2026-03-07_0214", "route_pair": "st_louis_downtown_airport_to_st_louis_lambert", "route_pair_label": "St. Louis Downtown Airport to St. Louis Lambert", "origin_label": "St. Louis Downtown Airport", "destination_label": "St. Louis Lambert International Airport", "origin_lat": 38.5703611, "origin_lon": -90.1550833, "destination_lat": 38.7486982, "destination_lon": -90.3700257, "traffic_date": "2026-03-07", "traffic_dataset": "March 7th - Saturday", "weight_id": "w_0214", "distance_weight": 0.4, "population_weight": 0.1, "traffic_weight": 0.3, "airspace_weight": 0.2, "path_nodes": 40, "path_node_ids": [2179, 2180, 2174, 2199, 2203, 2207, 2341, 2344, 2368, 2374, 2394, 2397, 2712, 2716, 2739, 2746, 2769, 2773, 3985, 3988, 3992, 3994, 4019, 4020, 4023, 4055, 4059, 4063, 4064, 5048, 5052, 5076, 5082, 5299, 5304, 5319, 5321, 5357, 5358, 5364], "elapsed_seconds": 0.009534999961033463, "status": "success", "failure_reason": "", "route_distance_km": 35.0695243590648, "distance_cost_sum": 38.596279476875054, "population_cost_sum": 23.651108783135093, "traffic_cost_sum": 14.425692925774984, "airspace_cost_sum": 33.8, "total_weighted_score": 28.891330546796027}, "geometry": {"type": "LineString", "coordinates": [[-90.15289905765549, 38.57128267769979], [-90.15845430205954, 38.57592253965332], [-90.16401026010618, 38.58056216167], [-90.16956693197352, 38.58520154361737], [-90.17512431783956, 38.5898406853631], [-90.18068241788241, 38.5944795867747], [-90.18624123228014, 38.59911824771971], [-90.19180076121087, 38.60375666806568], [-90.19736100485268, 38.60839484768009], [-90.20292196338367, 38.61303278643038], [-90.2084836369821, 38.617670484184025], [-90.21404602582597, 38.62230794080845], [-90.21960913009349, 38.62694515617101], [-90.22517294996291, 38.63158213013913], [-90.23073748561237, 38.63621886258013], [-90.23630273722006, 38.640855353361346], [-90.24186870496423, 38.645491602350084], [-90.24743538902311, 38.65012760941361], [-90.25300278957496, 38.654763374419176], [-90.25857090679797, 38.65939889723403], [-90.26413974087053, 38.66403417772537], [-90.26970929197084, 38.66866921576039], [-90.27527956027723, 38.67330401120623], [-90.28085054596801, 38.677938563930056], [-90.28642224922152, 38.68257287379895], [-90.29199467021606, 38.68720694068001], [-90.29756780913004, 38.69184076444029], [-90.3031416661418, 38.696474344946864], [-90.30888503852013, 38.69660675247757], [-90.31446001070607, 38.70123982903419], [-90.32003570136486, 38.70587266197814], [-90.32561211067481, 38.710505251176386], [-90.33118923881437, 38.715137596495865], [-90.3367670859619, 38.719769697803464], [-90.34234565229588, 38.724401554966114], [-90.34792493799469, 38.72903316785066], [-90.35350494323681, 38.73366453632395], [-90.35908566820065, 38.73829566025279], [-90.36466711306467, 38.742926539503976], [-90.37024927800739, 38.74755717394432]]}}, {"type": "Feature", "properties": {"route_run_id": "stl_st_louis_downtown_airport_to_st_louis_lambert_2026-03-07_0265", "route_pair": "st_louis_downtown_airport_to_st_louis_lambert", "route_pair_label": "St. Louis Downtown Airport to St. Louis Lambert", "origin_label": "St. Louis Downtown Airport", "destination_label": "St. Louis Lambert International Airport", "origin_lat": 38.5703611, "origin_lon": -90.1550833, "destination_lat": 38.7486982, "destination_lon": -90.3700257, "traffic_date": "2026-03-07", "traffic_dataset": "March 7th - Saturday", "weight_id": "w_0265", "distance_weight": 0.6, "population_weight": 0.3, "traffic_weight": 0.0, "airspace_weight": 0.1, "path_nodes": 43, "path_node_ids": [2179, 2180, 2174, 2199, 2203, 2207, 2341, 2345, 2370, 2373, 2398, 2709, 2711, 2714, 2750, 2744, 2770, 2772, 2777, 3989, 3993, 4006, 4008, 4021, 4045, 4047, 4058, 4062, 4077, 4082, 4084, 5080, 5084, 5310, 5311, 5337, 5320, 5322, 5323, 5346, 5357, 5358, 5364], "elapsed_seconds": 0.007610399974510074, "status": "success", "failure_reason": "", "route_distance_km": 36.197024617572914, "distance_cost_sum": 39.83716642595565, "population_cost_sum": 17.31210242086407, "traffic_cost_sum": 21.545839729752437, "airspace_cost_sum": 36.4, "total_weighted_score": 32.73593058183261}, "geometry": {"type": "LineString", "coordinates": [[-90.15289905765549, 38.57128267769979], [-90.15845430205954, 38.57592253965332], [-90.16401026010618, 38.58056216167], [-90.16956693197352, 38.58520154361737], [-90.17512431783956, 38.5898406853631], [-90.18068241788241, 38.5944795867747], [-90.18624123228014, 38.59911824771971], [-90.18606536210271, 38.60361878809667], [-90.19162520914848, 38.60825722636621], [-90.19718577106451, 38.612895423864465], [-90.20274704802898, 38.61753338045887], [-90.2083090402201, 38.622171096016864], [-90.21387174781604, 38.62680857040582], [-90.21943517099498, 38.631445803493165], [-90.22499930993523, 38.636082795146216], [-90.23056416481495, 38.64071954523234], [-90.2361297358124, 38.64535605361884], [-90.24169602310592, 38.649992320172984], [-90.24726302687371, 38.65462834476206], [-90.25283074729404, 38.65926412725328], [-90.2583991845453, 38.663899667513896], [-90.26396833880578, 38.66853496541107], [-90.26953821025378, 38.673170020811966], [-90.2751087990677, 38.67780483358376], [-90.28068010542587, 38.682439403593555], [-90.28625212950666, 38.68707373070842], [-90.29182487148844, 38.69170781479548], [-90.29739833154962, 38.69634165572174], [-90.30297250986867, 38.70097525335427], [-90.30280331580018, 38.70547615766316], [-90.30837853409372, 38.710109528957155], [-90.31395447116216, 38.71474265665128], [-90.31378588266769, 38.71924359100243], [-90.31936286061908, 38.72387649197406], [-90.32494055786266, 38.72850914903958], [-90.330518974577, 38.7331415620659], [-90.33626541075455, 38.733272728767844], [-90.3420118843105, 38.73340361338185], [-90.34775839516463, 38.73353421590239], [-90.35333872308522, 38.73816560113835], [-90.35908566820065, 38.73829566025279], [-90.36466711306467, 38.742926539503976], [-90.37024927800739, 38.74755717394432]]}}, {"type": "Feature", "properties": {"route_run_id": "stl_st_louis_downtown_airport_to_st_louis_lambert_2026-03-07_0268", "route_pair": "st_louis_downtown_airport_to_st_louis_lambert", "route_pair_label": "St. Louis Downtown Airport to St. Louis Lambert", "origin_label": "St. Louis Downtown Airport", "destination_label": "St. Louis Lambert International Airport", "origin_lat": 38.5703611, "origin_lon": -90.1550833, "destination_lat": 38.7486982, "destination_lon": -90.3700257, "traffic_date": "2026-03-07", "traffic_dataset": "March 7th - Saturday", "weight_id": "w_0268", "distance_weight": 0.7, "population_weight": 0.0, "traffic_weight": 0.0, "airspace_weight": 0.3, "path_nodes": 40, "path_node_ids": [2179, 2147, 2172, 2176, 2200, 2204, 2317, 2340, 2346, 2371, 2391, 2395, 2708, 2713, 2738, 2741, 2745, 2747, 2684, 2687, 3987, 3990, 4016, 4017, 4022, 4029, 4034, 4060, 4064, 5048, 5052, 5076, 5082, 5299, 5304, 5319, 5321, 5357, 5358, 5364], "elapsed_seconds": 0.005989599972963333, "status": "success", "failure_reason": "", "route_distance_km": 35.06847425714207, "distance_cost_sum": 38.5951237717998, "population_cost_sum": 26.02381511715049, "traffic_cost_sum": 16.149378808043295, "airspace_cost_sum": 33.4, "total_weighted_score": 37.036586640259856}, "geometry": {"type": "LineString", "coordinates": [[-90.15289905765549, 38.57128267769979], [-90.15863172081019, 38.571422085329914], [-90.16418736160693, 38.57606168922697], [-90.16974371606538, 38.58070105309441], [-90.17530078436367, 38.58534017679984], [-90.1808585666797, 38.58997906021084], [-90.18641706319154, 38.594617703194956], [-90.1919762740773, 38.599256105619745], [-90.19753619951499, 38.60389426735269], [-90.20309683968271, 38.60853218826128], [-90.20865819475857, 38.61316986821297], [-90.21422026492066, 38.617807307075225], [-90.21978305034705, 38.62244450471542], [-90.22534655121595, 38.62708146100096], [-90.2309107677055, 38.63171817579922], [-90.2364756999938, 38.63635464897752], [-90.2420413482591, 38.64099088040321], [-90.24760771267954, 38.645626869943555], [-90.25317479343335, 38.65026261746583], [-90.25874259069872, 38.654898122837295], [-90.26431110465388, 38.659533385925144], [-90.26988033547711, 38.664168406596616], [-90.27545028334664, 38.66880318471887], [-90.28102094844074, 38.67343772015905], [-90.28659233093768, 38.67807201278429], [-90.29216443101578, 38.68270606246168], [-90.29773724885335, 38.68733986905835], [-90.30331078462868, 38.69197343244128], [-90.30888503852013, 38.69660675247757], [-90.31446001070607, 38.70123982903419], [-90.32003570136486, 38.70587266197814], [-90.32561211067481, 38.710505251176386], [-90.33118923881437, 38.715137596495865], [-90.3367670859619, 38.719769697803464], [-90.34234565229588, 38.724401554966114], [-90.34792493799469, 38.72903316785066], [-90.35350494323681, 38.73366453632395], [-90.35908566820065, 38.73829566025279], [-90.36466711306467, 38.742926539503976], [-90.37024927800739, 38.74755717394432]]}}, {"type": "Feature", "properties": {"route_run_id": "stl_st_louis_downtown_airport_to_st_louis_lambert_2026-03-07_0240", "route_pair": "st_louis_downtown_airport_to_st_louis_lambert", "route_pair_label": "St. Louis Downtown Airport to St. Louis Lambert", "origin_label": "St. Louis Downtown Airport", "destination_label": "St. Louis Lambert International Airport", "origin_lat": 38.5703611, "origin_lon": -90.1550833, "destination_lat": 38.7486982, "destination_lon": -90.3700257, "traffic_date": "2026-03-07", "traffic_dataset": "March 7th - Saturday", "weight_id": "w_0240", "distance_weight": 0.5, "population_weight": 0.1, "traffic_weight": 0.2, "airspace_weight": 0.2, "path_nodes": 40, "path_node_ids": [2179, 2180, 2174, 2199, 2203, 2207, 2341, 2344, 2368, 2374, 2394, 2397, 2712, 2716, 2739, 2746, 2769, 2773, 3985, 3988, 3992, 3994, 4019, 4020, 4023, 4055, 4059, 4063, 4064, 5048, 5052, 5076, 5082, 5299, 5304, 5319, 5321, 5357, 5358, 5364], "elapsed_seconds": 0.007722700014710426, "status": "success", "failure_reason": "", "route_distance_km": 35.0695243590648, "distance_cost_sum": 38.596279476875054, "population_cost_sum": 23.651108783135093, "traffic_cost_sum": 14.425692925774984, "airspace_cost_sum": 33.8, "total_weighted_score": 31.30838920190603}, "geometry": {"type": "LineString", "coordinates": [[-90.15289905765549, 38.57128267769979], [-90.15845430205954, 38.57592253965332], [-90.16401026010618, 38.58056216167], [-90.16956693197352, 38.58520154361737], [-90.17512431783956, 38.5898406853631], [-90.18068241788241, 38.5944795867747], [-90.18624123228014, 38.59911824771971], [-90.19180076121087, 38.60375666806568], [-90.19736100485268, 38.60839484768009], [-90.20292196338367, 38.61303278643038], [-90.2084836369821, 38.617670484184025], [-90.21404602582597, 38.62230794080845], [-90.21960913009349, 38.62694515617101], [-90.22517294996291, 38.63158213013913], [-90.23073748561237, 38.63621886258013], [-90.23630273722006, 38.640855353361346], [-90.24186870496423, 38.645491602350084], [-90.24743538902311, 38.65012760941361], [-90.25300278957496, 38.654763374419176], [-90.25857090679797, 38.65939889723403], [-90.26413974087053, 38.66403417772537], [-90.26970929197084, 38.66866921576039], [-90.27527956027723, 38.67330401120623], [-90.28085054596801, 38.677938563930056], [-90.28642224922152, 38.68257287379895], [-90.29199467021606, 38.68720694068001], [-90.29756780913004, 38.69184076444029], [-90.3031416661418, 38.696474344946864], [-90.30888503852013, 38.69660675247757], [-90.31446001070607, 38.70123982903419], [-90.32003570136486, 38.70587266197814], [-90.32561211067481, 38.710505251176386], [-90.33118923881437, 38.715137596495865], [-90.3367670859619, 38.719769697803464], [-90.34234565229588, 38.724401554966114], [-90.34792493799469, 38.72903316785066], [-90.35350494323681, 38.73366453632395], [-90.35908566820065, 38.73829566025279], [-90.36466711306467, 38.742926539503976], [-90.37024927800739, 38.74755717394432]]}}, {"type": "Feature", "properties": {"route_run_id": "stl_st_louis_downtown_airport_to_st_louis_lambert_2026-03-07_0203", "route_pair": "st_louis_downtown_airport_to_st_louis_lambert", "route_pair_label": "St. Louis Downtown Airport to St. Louis Lambert", "origin_label": "St. Louis Downtown Airport", "destination_label": "St. Louis Lambert International Airport", "origin_lat": 38.5703611, "origin_lon": -90.1550833, "destination_lat": 38.7486982, "destination_lon": -90.3700257, "traffic_date": "2026-03-07", "traffic_dataset": "March 7th - Saturday", "weight_id": "w_0203", "distance_weight": 0.3, "population_weight": 0.7, "traffic_weight": 0.0, "airspace_weight": 0.0, "path_nodes": 55, "path_node_ids": [2179, 2180, 2183, 2186, 2419, 2423, 2448, 2452, 2455, 2478, 2482, 2483, 2487, 2811, 2812, 2816, 2858, 2863, 2864, 2889, 3896, 3898, 3901, 3927, 3946, 3949, 3953, 3966, 3944, 3977, 3976, 3941, 4043, 4066, 4067, 4068, 4185, 4187, 4188, 4076, 4075, 4082, 4084, 5080, 5084, 5310, 5311, 5337, 5320, 5322, 5323, 5346, 5357, 5358, 5364], "elapsed_seconds": 0.009908600011840463, "status": "success", "failure_reason": "", "route_distance_km": 41.77074742931658, "distance_cost_sum": 45.971408828735385, "population_cost_sum": 8.67777235752909, "traffic_cost_sum": 37.765711010108255, "airspace_cost_sum": 45.2, "total_weighted_score": 19.86586329889098}, "geometry": {"type": "LineString", "coordinates": [[-90.15289905765549, 38.57128267769979], [-90.15845430205954, 38.57592253965332], [-90.15827684369297, 38.58042298981685], [-90.1580993457009, 38.58492343582021], [-90.15792180807382, 38.58942387766302], [-90.16347871828971, 38.59406355405304], [-90.1690363428032, 38.598702990254786], [-90.17459468179258, 38.60334218613583], [-90.17441805758689, 38.60784267808668], [-90.174241393937, 38.61234316588366], [-90.17406469083332, 38.61684364952644], [-90.17388794826633, 38.621344129014695], [-90.17371116622648, 38.62584460434813], [-90.17353434470424, 38.6303450755264], [-90.17335748369, 38.63484554254923], [-90.17318058317427, 38.63934600541629], [-90.17300364314747, 38.64384646412727], [-90.17856556137721, 38.64848558173427], [-90.17838890046788, 38.65298605432084], [-90.17821220009857, 38.65748652275311], [-90.18377547226044, 38.66212543540375], [-90.18933946118675, 38.666764106898924], [-90.19490416705614, 38.67140253710589], [-90.20046959004746, 38.676040725891895], [-90.20603573033937, 38.68067867312418], [-90.21160258811075, 38.68531637866994], [-90.2171701635404, 38.68995384239636], [-90.2229126017605, 38.690090452895454], [-90.22865507887754, 38.69022678182468], [-90.23439759481155, 38.69036282917826], [-90.24014014948251, 38.69049859495047], [-90.24605541323987, 38.68613337677085], [-90.2517976862147, 38.68626855773688], [-90.25736804511756, 38.69090420272148], [-90.26311075393669, 38.69103884211091], [-90.26868222818311, 38.695673984376505], [-90.27425442059507, 38.700308883813186], [-90.27999796237877, 38.700442721166475], [-90.28557127047641, 38.70507711728869], [-90.29148516021279, 38.700709550716724], [-90.297228816103, 38.700842542902386], [-90.30280331580018, 38.70547615766316], [-90.30837853409372, 38.710109528957155], [-90.31395447116216, 38.71474265665128], [-90.31378588266769, 38.71924359100243], [-90.31936286061908, 38.72387649197406], [-90.32494055786266, 38.72850914903958], [-90.330518974577, 38.7331415620659], [-90.33626541075455, 38.733272728767844], [-90.3420118843105, 38.73340361338185], [-90.34775839516463, 38.73353421590239], [-90.35333872308522, 38.73816560113835], [-90.35908566820065, 38.73829566025279], [-90.36466711306467, 38.742926539503976], [-90.37024927800739, 38.74755717394432]]}}, {"type": "Feature", "properties": {"route_run_id": "stl_st_louis_downtown_airport_to_st_louis_lambert_2026-03-07_0281", "route_pair": "st_louis_downtown_airport_to_st_louis_lambert", "route_pair_label": "St. Louis Downtown Airport to St. Louis Lambert", "origin_label": "St. Louis Downtown Airport", "destination_label": "St. Louis Lambert International Airport", "origin_lat": 38.5703611, "origin_lon": -90.1550833, "destination_lat": 38.7486982, "destination_lon": -90.3700257, "traffic_date": "2026-03-07", "traffic_dataset": "March 7th - Saturday", "weight_id": "w_0281", "distance_weight": 0.8, "population_weight": 0.1, "traffic_weight": 0.0, "airspace_weight": 0.1, "path_nodes": 40, "path_node_ids": [2179, 2180, 2174, 2199, 2203, 2207, 2341, 2344, 2368, 2374, 2394, 2397, 2712, 2716, 2739, 2746, 2769, 2773, 3985, 3988, 3992, 3994, 4019, 4020, 4023, 4055, 4059, 4063, 4078, 5051, 5075, 5079, 5306, 5303, 5318, 5323, 5346, 5357, 5358, 5364], "elapsed_seconds": 0.004522899980656803, "status": "success", "failure_reason": "", "route_distance_km": 35.06987633323177, "distance_cost_sum": 38.59666684720769, "population_cost_sum": 23.21199613097869, "traffic_cost_sum": 16.42024029705683, "airspace_cost_sum": 33.8, "total_weighted_score": 36.57853309086403}, "geometry": {"type": "LineString", "coordinates": [[-90.15289905765549, 38.57128267769979], [-90.15845430205954, 38.57592253965332], [-90.16401026010618, 38.58056216167], [-90.16956693197352, 38.58520154361737], [-90.17512431783956, 38.5898406853631], [-90.18068241788241, 38.5944795867747], [-90.18624123228014, 38.59911824771971], [-90.19180076121087, 38.60375666806568], [-90.19736100485268, 38.60839484768009], [-90.20292196338367, 38.61303278643038], [-90.2084836369821, 38.617670484184025], [-90.21404602582597, 38.62230794080845], [-90.21960913009349, 38.62694515617101], [-90.22517294996291, 38.63158213013913], [-90.23073748561237, 38.63621886258013], [-90.23630273722006, 38.640855353361346], [-90.24186870496423, 38.645491602350084], [-90.24743538902311, 38.65012760941361], [-90.25300278957496, 38.654763374419176], [-90.25857090679797, 38.65939889723403], [-90.26413974087053, 38.66403417772537], [-90.26970929197084, 38.66866921576039], [-90.27527956027723, 38.67330401120623], [-90.28085054596801, 38.677938563930056], [-90.28642224922152, 38.68257287379895], [-90.29199467021606, 38.68720694068001], [-90.29756780913004, 38.69184076444029], [-90.3031416661418, 38.696474344946864], [-90.3087162414297, 38.701107682066734], [-90.31429153517219, 38.705740775666875], [-90.31986754754767, 38.71037362561428], [-90.32544427873452, 38.71500623177588], [-90.33102172891115, 38.71963859401861], [-90.33659989825608, 38.72427071220935], [-90.34217878694776, 38.72890258621499], [-90.34775839516463, 38.73353421590239], [-90.35333872308522, 38.73816560113835], [-90.35908566820065, 38.73829566025279], [-90.36466711306467, 38.742926539503976], [-90.37024927800739, 38.74755717394432]]}}, {"type": "Feature", "properties": {"route_run_id": "stl_st_louis_downtown_airport_to_st_louis_lambert_2026-03-07_0039", "route_pair": "st_louis_downtown_airport_to_st_louis_lambert", "route_pair_label": "St. Louis Downtown Airport to St. Louis Lambert", "origin_label": "St. Louis Downtown Airport", "destination_label": "St. Louis Lambert International Airport", "origin_lat": 38.5703611, "origin_lon": -90.1550833, "destination_lat": 38.7486982, "destination_lon": -90.3700257, "traffic_date": "2026-03-07", "traffic_dataset": "March 7th - Saturday", "weight_id": "w_0039", "distance_weight": 0.0, "population_weight": 0.4, "traffic_weight": 0.0, "airspace_weight": 0.6, "path_nodes": 43, "path_node_ids": [2179, 2181, 2183, 2198, 2202, 2206, 2449, 2345, 2370, 2373, 2398, 2709, 2711, 2714, 2750, 2744, 2770, 2772, 2777, 3989, 3993, 4006, 4008, 4021, 4045, 4047, 4058, 4062, 4075, 4082, 4084, 5080, 5084, 5310, 5311, 5337, 5320, 5322, 5323, 5346, 5357, 5358, 5364], "elapsed_seconds": 0.04237110004760325, "status": "success", "failure_reason": "", "route_distance_km": 36.19711858407648, "distance_cost_sum": 39.83726984216957, "population_cost_sum": 17.31210242086407, "traffic_cost_sum": 21.600002680920802, "airspace_cost_sum": 36.4, "total_weighted_score": 28.76484096834563}, "geometry": {"type": "LineString", "coordinates": [[-90.15289905765549, 38.57128267769979], [-90.15272128212803, 38.57578310970166], [-90.15827684369297, 38.58042298981685], [-90.16383311905943, 38.58506262995554], [-90.16939010840554, 38.58970202998531], [-90.17494781190939, 38.59434118977373], [-90.18050622974906, 38.59898010918833], [-90.18606536210271, 38.60361878809667], [-90.19162520914848, 38.60825722636621], [-90.19718577106451, 38.612895423864465], [-90.20274704802898, 38.61753338045887], [-90.2083090402201, 38.622171096016864], [-90.21387174781604, 38.62680857040582], [-90.21943517099498, 38.631445803493165], [-90.22499930993523, 38.636082795146216], [-90.23056416481495, 38.64071954523234], [-90.2361297358124, 38.64535605361884], [-90.24169602310592, 38.649992320172984], [-90.24726302687371, 38.65462834476206], [-90.25283074729404, 38.65926412725328], [-90.2583991845453, 38.663899667513896], [-90.26396833880578, 38.66853496541107], [-90.26953821025378, 38.673170020811966], [-90.2751087990677, 38.67780483358376], [-90.28068010542587, 38.682439403593555], [-90.28625212950666, 38.68707373070842], [-90.29182487148844, 38.69170781479548], [-90.29739833154962, 38.69634165572174], [-90.297228816103, 38.700842542902386], [-90.30280331580018, 38.70547615766316], [-90.30837853409372, 38.710109528957155], [-90.31395447116216, 38.71474265665128], [-90.31378588266769, 38.71924359100243], [-90.31936286061908, 38.72387649197406], [-90.32494055786266, 38.72850914903958], [-90.330518974577, 38.7331415620659], [-90.33626541075455, 38.733272728767844], [-90.3420118843105, 38.73340361338185], [-90.34775839516463, 38.73353421590239], [-90.35333872308522, 38.73816560113835], [-90.35908566820065, 38.73829566025279], [-90.36466711306467, 38.742926539503976], [-90.37024927800739, 38.74755717394432]]}}, {"type": "Feature", "properties": {"route_run_id": "stl_st_louis_downtown_airport_to_st_louis_lambert_2026-03-07_0243", "route_pair": "st_louis_downtown_airport_to_st_louis_lambert", "route_pair_label": "St. Louis Downtown Airport to St. Louis Lambert", "origin_label": "St. Louis Downtown Airport", "destination_label": "St. Louis Lambert International Airport", "origin_lat": 38.5703611, "origin_lon": -90.1550833, "destination_lat": 38.7486982, "destination_lon": -90.3700257, "traffic_date": "2026-03-07", "traffic_dataset": "March 7th - Saturday", "weight_id": "w_0243", "distance_weight": 0.5, "population_weight": 0.2, "traffic_weight": 0.0, "airspace_weight": 0.3, "path_nodes": 41, "path_node_ids": [2179, 2180, 2174, 2199, 2203, 2207, 2341, 2345, 2370, 2373, 2398, 2709, 2711, 2714, 2750, 2744, 2770, 2772, 2777, 3989, 3993, 4006, 4008, 4021, 4045, 4047, 4058, 4062, 4077, 4079, 5077, 5081, 5083, 5308, 5316, 5322, 5323, 5346, 5357, 5358, 5364], "elapsed_seconds": 0.010573700070381165, "status": "success", "failure_reason": "", "route_distance_km": 35.44580648998812, "distance_cost_sum": 39.01040229583813, "population_cost_sum": 21.248540131475806, "traffic_cost_sum": 17.76714329796441, "airspace_cost_sum": 34.4, "total_weighted_score": 34.07490917421423}, "geometry": {"type": "LineString", "coordinates": [[-90.15289905765549, 38.57128267769979], [-90.15845430205954, 38.57592253965332], [-90.16401026010618, 38.58056216167], [-90.16956693197352, 38.58520154361737], [-90.17512431783956, 38.5898406853631], [-90.18068241788241, 38.5944795867747], [-90.18624123228014, 38.59911824771971], [-90.18606536210271, 38.60361878809667], [-90.19162520914848, 38.60825722636621], [-90.19718577106451, 38.612895423864465], [-90.20274704802898, 38.61753338045887], [-90.2083090402201, 38.622171096016864], [-90.21387174781604, 38.62680857040582], [-90.21943517099498, 38.631445803493165], [-90.22499930993523, 38.636082795146216], [-90.23056416481495, 38.64071954523234], [-90.2361297358124, 38.64535605361884], [-90.24169602310592, 38.649992320172984], [-90.24726302687371, 38.65462834476206], [-90.25283074729404, 38.65926412725328], [-90.2583991845453, 38.663899667513896], [-90.26396833880578, 38.66853496541107], [-90.26953821025378, 38.673170020811966], [-90.2751087990677, 38.67780483358376], [-90.28068010542587, 38.682439403593555], [-90.28625212950666, 38.68707373070842], [-90.29182487148844, 38.69170781479548], [-90.29739833154962, 38.69634165572174], [-90.30297250986867, 38.70097525335427], [-90.30854740662397, 38.70560860756003], [-90.31412302199392, 38.71024171820601], [-90.31969935615703, 38.71487458515916], [-90.32527640929177, 38.719507208286444], [-90.33085418157658, 38.72413958745472], [-90.33643267319002, 38.72877172253092], [-90.3420118843105, 38.73340361338185], [-90.34775839516463, 38.73353421590239], [-90.35333872308522, 38.73816560113835], [-90.35908566820065, 38.73829566025279], [-90.36466711306467, 38.742926539503976], [-90.37024927800739, 38.74755717394432]]}}, {"type": "Feature", "properties": {"route_run_id": "stl_st_louis_downtown_airport_to_st_louis_lambert_2026-03-07_0198", "route_pair": "st_louis_downtown_airport_to_st_louis_lambert", "route_pair_label": "St. Louis Downtown Airport to St. Louis Lambert", "origin_label": "St. Louis Downtown Airport", "destination_label": "St. Louis Lambert International Airport", "origin_lat": 38.5703611, "origin_lon": -90.1550833, "destination_lat": 38.7486982, "destination_lon": -90.3700257, "traffic_date": "2026-03-07", "traffic_dataset": "March 7th - Saturday", "weight_id": "w_0198", "distance_weight": 0.3, "population_weight": 0.5, "traffic_weight": 0.0, "airspace_weight": 0.2, "path_nodes": 54, "path_node_ids": [2179, 2180, 2183, 2186, 2419, 2423, 2448, 2452, 2455, 2478, 2482, 2483, 2487, 2811, 2812, 2816, 2858, 2863, 2864, 2795, 2796, 3899, 3902, 3914, 3948, 3947, 3952, 3940, 3977, 3976, 3941, 4043, 4066, 4067, 4068, 4185, 4187, 4188, 4076, 4075, 4082, 4084, 5080, 5084, 5310, 5311, 5337, 5320, 5322, 5323, 5346, 5357, 5358, 5364], "elapsed_seconds": 0.017704300000332296, "status": "success", "failure_reason": "", "route_distance_km": 41.395240995826775, "distance_cost_sum": 45.55813971496164, "population_cost_sum": 9.018797265828733, "traffic_cost_sum": 39.194395693335785, "airspace_cost_sum": 44.6, "total_weighted_score": 27.096840547402863}, "geometry": {"type": "LineString", "coordinates": [[-90.15289905765549, 38.57128267769979], [-90.15845430205954, 38.57592253965332], [-90.15827684369297, 38.58042298981685], [-90.1580993457009, 38.58492343582021], [-90.15792180807382, 38.58942387766302], [-90.16347871828971, 38.59406355405304], [-90.1690363428032, 38.598702990254786], [-90.17459468179258, 38.60334218613583], [-90.17441805758689, 38.60784267808668], [-90.174241393937, 38.61234316588366], [-90.17406469083332, 38.61684364952644], [-90.17388794826633, 38.621344129014695], [-90.17371116622648, 38.62584460434813], [-90.17353434470424, 38.6303450755264], [-90.17335748369, 38.63484554254923], [-90.17318058317427, 38.63934600541629], [-90.17300364314747, 38.64384646412727], [-90.17856556137721, 38.64848558173427], [-90.17838890046788, 38.65298605432084], [-90.18395185376184, 38.657624948976824], [-90.18951552366053, 38.66226360251709], [-90.1950799103427, 38.666902014808954], [-90.200645013987, 38.67154018571967], [-90.20621083477218, 38.67617811511645], [-90.21177737287698, 38.68081580286656], [-90.21751905445252, 38.68095265114052], [-90.22308670781703, 38.685589837485246], [-90.22882882604138, 38.685726144608395], [-90.23439759481155, 38.69036282917826], [-90.24014014948251, 38.69049859495047], [-90.24605541323987, 38.68613337677085], [-90.2517976862147, 38.68626855773688], [-90.25736804511756, 38.69090420272148], [-90.26311075393669, 38.69103884211091], [-90.26868222818311, 38.695673984376505], [-90.27425442059507, 38.700308883813186], [-90.27999796237877, 38.700442721166475], [-90.28557127047641, 38.70507711728869], [-90.29148516021279, 38.700709550716724], [-90.297228816103, 38.700842542902386], [-90.30280331580018, 38.70547615766316], [-90.30837853409372, 38.710109528957155], [-90.31395447116216, 38.71474265665128], [-90.31378588266769, 38.71924359100243], [-90.31936286061908, 38.72387649197406], [-90.32494055786266, 38.72850914903958], [-90.330518974577, 38.7331415620659], [-90.33626541075455, 38.733272728767844], [-90.3420118843105, 38.73340361338185], [-90.34775839516463, 38.73353421590239], [-90.35333872308522, 38.73816560113835], [-90.35908566820065, 38.73829566025279], [-90.36466711306467, 38.742926539503976], [-90.37024927800739, 38.74755717394432]]}}, {"type": "Feature", "properties": {"route_run_id": "stl_st_louis_downtown_airport_to_st_louis_lambert_2026-03-07_0026", "route_pair": "st_louis_downtown_airport_to_st_louis_lambert", "route_pair_label": "St. Louis Downtown Airport to St. Louis Lambert", "origin_label": "St. Louis Downtown Airport", "destination_label": "St. Louis Lambert International Airport", "origin_lat": 38.5703611, "origin_lon": -90.1550833, "destination_lat": 38.7486982, "destination_lon": -90.3700257, "traffic_date": "2026-03-07", "traffic_dataset": "March 7th - Saturday", "weight_id": "w_0026", "distance_weight": 0.0, "population_weight": 0.2, "traffic_weight": 0.4, "airspace_weight": 0.4, "path_nodes": 41, "path_node_ids": [2179, 2180, 2183, 2198, 2202, 2206, 2449, 2345, 2370, 2373, 2398, 2709, 2711, 2714, 2750, 2744, 2770, 2772, 2777, 3989, 3993, 4006, 4008, 4021, 4045, 4047, 4058, 4062, 4077, 4079, 5077, 5052, 5076, 5082, 5299, 5304, 5319, 5321, 5357, 5358, 5364], "elapsed_seconds": 0.044075599987991154, "status": "success", "failure_reason": "", "route_distance_km": 35.97908767101205, "distance_cost_sum": 39.59731272244726, "population_cost_sum": 23.156990514279457, "traffic_cost_sum": 13.716044675315588, "airspace_cost_sum": 34.4, "total_weighted_score": 23.87781597298213}, "geometry": {"type": "LineString", "coordinates": [[-90.15289905765549, 38.57128267769979], [-90.15845430205954, 38.57592253965332], [-90.15827684369297, 38.58042298981685], [-90.16383311905943, 38.58506262995554], [-90.16939010840554, 38.58970202998531], [-90.17494781190939, 38.59434118977373], [-90.18050622974906, 38.59898010918833], [-90.18606536210271, 38.60361878809667], [-90.19162520914848, 38.60825722636621], [-90.19718577106451, 38.612895423864465], [-90.20274704802898, 38.61753338045887], [-90.2083090402201, 38.622171096016864], [-90.21387174781604, 38.62680857040582], [-90.21943517099498, 38.631445803493165], [-90.22499930993523, 38.636082795146216], [-90.23056416481495, 38.64071954523234], [-90.2361297358124, 38.64535605361884], [-90.24169602310592, 38.649992320172984], [-90.24726302687371, 38.65462834476206], [-90.25283074729404, 38.65926412725328], [-90.2583991845453, 38.663899667513896], [-90.26396833880578, 38.66853496541107], [-90.26953821025378, 38.673170020811966], [-90.2751087990677, 38.67780483358376], [-90.28068010542587, 38.682439403593555], [-90.28625212950666, 38.68707373070842], [-90.29182487148844, 38.69170781479548], [-90.29739833154962, 38.69634165572174], [-90.30297250986867, 38.70097525335427], [-90.30854740662397, 38.70560860756003], [-90.31412302199392, 38.71024171820601], [-90.32003570136486, 38.70587266197814], [-90.32561211067481, 38.710505251176386], [-90.33118923881437, 38.715137596495865], [-90.3367670859619, 38.719769697803464], [-90.34234565229588, 38.724401554966114], [-90.34792493799469, 38.72903316785066], [-90.35350494323681, 38.73366453632395], [-90.35908566820065, 38.73829566025279], [-90.36466711306467, 38.742926539503976], [-90.37024927800739, 38.74755717394432]]}}, {"type": "Feature", "properties": {"route_run_id": "stl_st_louis_downtown_airport_to_st_louis_lambert_2026-03-07_0047", "route_pair": "st_louis_downtown_airport_to_st_louis_lambert", "route_pair_label": "St. Louis Downtown Airport to St. Louis Lambert", "origin_label": "St. Louis Downtown Airport", "destination_label": "St. Louis Lambert International Airport", "origin_lat": 38.5703611, "origin_lon": -90.1550833, "destination_lat": 38.7486982, "destination_lon": -90.3700257, "traffic_date": "2026-03-07", "traffic_dataset": "March 7th - Saturday", "weight_id": "w_0047", "distance_weight": 0.0, "population_weight": 0.5, "traffic_weight": 0.1, "airspace_weight": 0.4, "path_nodes": 43, "path_node_ids": [2179, 2180, 2183, 2198, 2202, 2206, 2449, 2345, 2370, 2373, 2398, 2709, 2711, 2714, 2750, 2744, 2770, 2772, 2777, 3989, 3993, 4006, 4008, 4021, 4045, 4047, 4058, 4062, 4075, 4082, 4084, 5080, 5084, 5310, 5311, 5337, 5320, 5322, 5323, 5346, 5357, 5358, 5364], "elapsed_seconds": 0.043836900033056736, "status": "success", "failure_reason": "", "route_distance_km": 36.19710521785728, "distance_cost_sum": 39.83725513178096, "population_cost_sum": 17.31210242086407, "traffic_cost_sum": 21.464075654287832, "airspace_cost_sum": 36.4, "total_weighted_score": 25.36245877586082}, "geometry": {"type": "LineString", "coordinates": [[-90.15289905765549, 38.57128267769979], [-90.15845430205954, 38.57592253965332], [-90.15827684369297, 38.58042298981685], [-90.16383311905943, 38.58506262995554], [-90.16939010840554, 38.58970202998531], [-90.17494781190939, 38.59434118977373], [-90.18050622974906, 38.59898010918833], [-90.18606536210271, 38.60361878809667], [-90.19162520914848, 38.60825722636621], [-90.19718577106451, 38.612895423864465], [-90.20274704802898, 38.61753338045887], [-90.2083090402201, 38.622171096016864], [-90.21387174781604, 38.62680857040582], [-90.21943517099498, 38.631445803493165], [-90.22499930993523, 38.636082795146216], [-90.23056416481495, 38.64071954523234], [-90.2361297358124, 38.64535605361884], [-90.24169602310592, 38.649992320172984], [-90.24726302687371, 38.65462834476206], [-90.25283074729404, 38.65926412725328], [-90.2583991845453, 38.663899667513896], [-90.26396833880578, 38.66853496541107], [-90.26953821025378, 38.673170020811966], [-90.2751087990677, 38.67780483358376], [-90.28068010542587, 38.682439403593555], [-90.28625212950666, 38.68707373070842], [-90.29182487148844, 38.69170781479548], [-90.29739833154962, 38.69634165572174], [-90.297228816103, 38.700842542902386], [-90.30280331580018, 38.70547615766316], [-90.30837853409372, 38.710109528957155], [-90.31395447116216, 38.71474265665128], [-90.31378588266769, 38.71924359100243], [-90.31936286061908, 38.72387649197406], [-90.32494055786266, 38.72850914903958], [-90.330518974577, 38.7331415620659], [-90.33626541075455, 38.733272728767844], [-90.3420118843105, 38.73340361338185], [-90.34775839516463, 38.73353421590239], [-90.35333872308522, 38.73816560113835], [-90.35908566820065, 38.73829566025279], [-90.36466711306467, 38.742926539503976], [-90.37024927800739, 38.74755717394432]]}}, {"type": "Feature", "properties": {"route_run_id": "stl_st_louis_downtown_airport_to_st_louis_lambert_2026-03-07_0197", "route_pair": "st_louis_downtown_airport_to_st_louis_lambert", "route_pair_label": "St. Louis Downtown Airport to St. Louis Lambert", "origin_label": "St. Louis Downtown Airport", "destination_label": "St. Louis Lambert International Airport", "origin_lat": 38.5703611, "origin_lon": -90.1550833, "destination_lat": 38.7486982, "destination_lon": -90.3700257, "traffic_date": "2026-03-07", "traffic_dataset": "March 7th - Saturday", "weight_id": "w_0197", "distance_weight": 0.3, "population_weight": 0.4, "traffic_weight": 0.3, "airspace_weight": 0.0, "path_nodes": 41, "path_node_ids": [2179, 2180, 2183, 2198, 2202, 2206, 2449, 2345, 2370, 2373, 2398, 2709, 2711, 2714, 2750, 2744, 2770, 2772, 2777, 3989, 3993, 4006, 3994, 4019, 4020, 4023, 4055, 4059, 4063, 4064, 5048, 5052, 5076, 5082, 5299, 5304, 5319, 5321, 5357, 5358, 5364], "elapsed_seconds": 0.014289200073108077, "status": "success", "failure_reason": "", "route_distance_km": 35.444974610774196, "distance_cost_sum": 39.00948675896621, "population_cost_sum": 22.999382459977298, "traffic_cost_sum": 13.969149855183435, "airspace_cost_sum": 34.4, "total_weighted_score": 25.093343968235814}, "geometry": {"type": "LineString", "coordinates": [[-90.15289905765549, 38.57128267769979], [-90.15845430205954, 38.57592253965332], [-90.15827684369297, 38.58042298981685], [-90.16383311905943, 38.58506262995554], [-90.16939010840554, 38.58970202998531], [-90.17494781190939, 38.59434118977373], [-90.18050622974906, 38.59898010918833], [-90.18606536210271, 38.60361878809667], [-90.19162520914848, 38.60825722636621], [-90.19718577106451, 38.612895423864465], [-90.20274704802898, 38.61753338045887], [-90.2083090402201, 38.622171096016864], [-90.21387174781604, 38.62680857040582], [-90.21943517099498, 38.631445803493165], [-90.22499930993523, 38.636082795146216], [-90.23056416481495, 38.64071954523234], [-90.2361297358124, 38.64535605361884], [-90.24169602310592, 38.649992320172984], [-90.24726302687371, 38.65462834476206], [-90.25283074729404, 38.65926412725328], [-90.2583991845453, 38.663899667513896], [-90.26396833880578, 38.66853496541107], [-90.26970929197084, 38.66866921576039], [-90.27527956027723, 38.67330401120623], [-90.28085054596801, 38.677938563930056], [-90.28642224922152, 38.68257287379895], [-90.29199467021606, 38.68720694068001], [-90.29756780913004, 38.69184076444029], [-90.3031416661418, 38.696474344946864], [-90.30888503852013, 38.69660675247757], [-90.31446001070607, 38.70123982903419], [-90.32003570136486, 38.70587266197814], [-90.32561211067481, 38.710505251176386], [-90.33118923881437, 38.715137596495865], [-90.3367670859619, 38.719769697803464], [-90.34234565229588, 38.724401554966114], [-90.34792493799469, 38.72903316785066], [-90.35350494323681, 38.73366453632395], [-90.35908566820065, 38.73829566025279], [-90.36466711306467, 38.742926539503976], [-90.37024927800739, 38.74755717394432]]}}, {"type": "Feature", "properties": {"route_run_id": "stl_st_louis_downtown_airport_to_st_louis_lambert_2026-03-07_0226", "route_pair": "st_louis_downtown_airport_to_st_louis_lambert", "route_pair_label": "St. Louis Downtown Airport to St. Louis Lambert", "origin_label": "St. Louis Downtown Airport", "destination_label": "St. Louis Lambert International Airport", "origin_lat": 38.5703611, "origin_lon": -90.1550833, "destination_lat": 38.7486982, "destination_lon": -90.3700257, "traffic_date": "2026-03-07", "traffic_dataset": "March 7th - Saturday", "weight_id": "w_0226", "distance_weight": 0.4, "population_weight": 0.4, "traffic_weight": 0.0, "airspace_weight": 0.2, "path_nodes": 43, "path_node_ids": [2179, 2180, 2174, 2199, 2203, 2207, 2341, 2345, 2370, 2373, 2398, 2709, 2711, 2714, 2750, 2744, 2770, 2772, 2777, 3989, 3993, 4006, 4008, 4021, 4045, 4047, 4058, 4062, 4077, 4082, 4084, 5080, 5084, 5310, 5311, 5337, 5320, 5322, 5323, 5346, 5357, 5358, 5364], "elapsed_seconds": 0.013432100065983832, "status": "success", "failure_reason": "", "route_distance_km": 36.197024617572914, "distance_cost_sum": 39.83716642595565, "population_cost_sum": 17.31210242086407, "traffic_cost_sum": 21.545839729752437, "airspace_cost_sum": 36.4, "total_weighted_score": 30.13970753872789}, "geometry": {"type": "LineString", "coordinates": [[-90.15289905765549, 38.57128267769979], [-90.15845430205954, 38.57592253965332], [-90.16401026010618, 38.58056216167], [-90.16956693197352, 38.58520154361737], [-90.17512431783956, 38.5898406853631], [-90.18068241788241, 38.5944795867747], [-90.18624123228014, 38.59911824771971], [-90.18606536210271, 38.60361878809667], [-90.19162520914848, 38.60825722636621], [-90.19718577106451, 38.612895423864465], [-90.20274704802898, 38.61753338045887], [-90.2083090402201, 38.622171096016864], [-90.21387174781604, 38.62680857040582], [-90.21943517099498, 38.631445803493165], [-90.22499930993523, 38.636082795146216], [-90.23056416481495, 38.64071954523234], [-90.2361297358124, 38.64535605361884], [-90.24169602310592, 38.649992320172984], [-90.24726302687371, 38.65462834476206], [-90.25283074729404, 38.65926412725328], [-90.2583991845453, 38.663899667513896], [-90.26396833880578, 38.66853496541107], [-90.26953821025378, 38.673170020811966], [-90.2751087990677, 38.67780483358376], [-90.28068010542587, 38.682439403593555], [-90.28625212950666, 38.68707373070842], [-90.29182487148844, 38.69170781479548], [-90.29739833154962, 38.69634165572174], [-90.30297250986867, 38.70097525335427], [-90.30280331580018, 38.70547615766316], [-90.30837853409372, 38.710109528957155], [-90.31395447116216, 38.71474265665128], [-90.31378588266769, 38.71924359100243], [-90.31936286061908, 38.72387649197406], [-90.32494055786266, 38.72850914903958], [-90.330518974577, 38.7331415620659], [-90.33626541075455, 38.733272728767844], [-90.3420118843105, 38.73340361338185], [-90.34775839516463, 38.73353421590239], [-90.35333872308522, 38.73816560113835], [-90.35908566820065, 38.73829566025279], [-90.36466711306467, 38.742926539503976], [-90.37024927800739, 38.74755717394432]]}}, {"type": "Feature", "properties": {"route_run_id": "stl_st_louis_downtown_airport_to_st_louis_lambert_2026-03-07_0272", "route_pair": "st_louis_downtown_airport_to_st_louis_lambert", "route_pair_label": "St. Louis Downtown Airport to St. Louis Lambert", "origin_label": "St. Louis Downtown Airport", "destination_label": "St. Louis Lambert International Airport", "origin_lat": 38.5703611, "origin_lon": -90.1550833, "destination_lat": 38.7486982, "destination_lon": -90.3700257, "traffic_date": "2026-03-07", "traffic_dataset": "March 7th - Saturday", "weight_id": "w_0272", "distance_weight": 0.7, "population_weight": 0.1, "traffic_weight": 0.0, "airspace_weight": 0.2, "path_nodes": 40, "path_node_ids": [2179, 2180, 2174, 2199, 2203, 2207, 2341, 2344, 2368, 2374, 2394, 2397, 2712, 2716, 2739, 2746, 2769, 2773, 3985, 3988, 3992, 3994, 4019, 4020, 4023, 4055, 4059, 4063, 4078, 5051, 5075, 5079, 5306, 5303, 5318, 5323, 5346, 5357, 5358, 5364], "elapsed_seconds": 0.006095799966715276, "status": "success", "failure_reason": "", "route_distance_km": 35.06987633323177, "distance_cost_sum": 38.59666684720769, "population_cost_sum": 23.21199613097869, "traffic_cost_sum": 16.42024029705683, "airspace_cost_sum": 33.8, "total_weighted_score": 36.09886640614325}, "geometry": {"type": "LineString", "coordinates": [[-90.15289905765549, 38.57128267769979], [-90.15845430205954, 38.57592253965332], [-90.16401026010618, 38.58056216167], [-90.16956693197352, 38.58520154361737], [-90.17512431783956, 38.5898406853631], [-90.18068241788241, 38.5944795867747], [-90.18624123228014, 38.59911824771971], [-90.19180076121087, 38.60375666806568], [-90.19736100485268, 38.60839484768009], [-90.20292196338367, 38.61303278643038], [-90.2084836369821, 38.617670484184025], [-90.21404602582597, 38.62230794080845], [-90.21960913009349, 38.62694515617101], [-90.22517294996291, 38.63158213013913], [-90.23073748561237, 38.63621886258013], [-90.23630273722006, 38.640855353361346], [-90.24186870496423, 38.645491602350084], [-90.24743538902311, 38.65012760941361], [-90.25300278957496, 38.654763374419176], [-90.25857090679797, 38.65939889723403], [-90.26413974087053, 38.66403417772537], [-90.26970929197084, 38.66866921576039], [-90.27527956027723, 38.67330401120623], [-90.28085054596801, 38.677938563930056], [-90.28642224922152, 38.68257287379895], [-90.29199467021606, 38.68720694068001], [-90.29756780913004, 38.69184076444029], [-90.3031416661418, 38.696474344946864], [-90.3087162414297, 38.701107682066734], [-90.31429153517219, 38.705740775666875], [-90.31986754754767, 38.71037362561428], [-90.32544427873452, 38.71500623177588], [-90.33102172891115, 38.71963859401861], [-90.33659989825608, 38.72427071220935], [-90.34217878694776, 38.72890258621499], [-90.34775839516463, 38.73353421590239], [-90.35333872308522, 38.73816560113835], [-90.35908566820065, 38.73829566025279], [-90.36466711306467, 38.742926539503976], [-90.37024927800739, 38.74755717394432]]}}, {"type": "Feature", "properties": {"route_run_id": "stl_st_louis_downtown_airport_to_st_louis_lambert_2026-03-07_0274", "route_pair": "st_louis_downtown_airport_to_st_louis_lambert", "route_pair_label": "St. Louis Downtown Airport to St. Louis Lambert", "origin_label": "St. Louis Downtown Airport", "destination_label": "St. Louis Lambert International Airport", "origin_lat": 38.5703611, "origin_lon": -90.1550833, "destination_lat": 38.7486982, "destination_lon": -90.3700257, "traffic_date": "2026-03-07", "traffic_dataset": "March 7th - Saturday", "weight_id": "w_0274", "distance_weight": 0.7, "population_weight": 0.1, "traffic_weight": 0.2, "airspace_weight": 0.0, "path_nodes": 40, "path_node_ids": [2179, 2180, 2174, 2199, 2203, 2207, 2341, 2344, 2368, 2374, 2394, 2397, 2712, 2716, 2739, 2746, 2769, 2773, 3985, 3988, 3992, 3994, 4019, 4020, 4023, 4055, 4059, 4063, 4064, 5048, 5052, 5076, 5082, 5299, 5304, 5319, 5321, 5357, 5358, 5364], "elapsed_seconds": 0.00407579995226115, "status": "success", "failure_reason": "", "route_distance_km": 35.0695243590648, "distance_cost_sum": 38.596279476875054, "population_cost_sum": 23.651108783135093, "traffic_cost_sum": 14.425692925774984, "airspace_cost_sum": 33.8, "total_weighted_score": 32.26764509728104}, "geometry": {"type": "LineString", "coordinates": [[-90.15289905765549, 38.57128267769979], [-90.15845430205954, 38.57592253965332], [-90.16401026010618, 38.58056216167], [-90.16956693197352, 38.58520154361737], [-90.17512431783956, 38.5898406853631], [-90.18068241788241, 38.5944795867747], [-90.18624123228014, 38.59911824771971], [-90.19180076121087, 38.60375666806568], [-90.19736100485268, 38.60839484768009], [-90.20292196338367, 38.61303278643038], [-90.2084836369821, 38.617670484184025], [-90.21404602582597, 38.62230794080845], [-90.21960913009349, 38.62694515617101], [-90.22517294996291, 38.63158213013913], [-90.23073748561237, 38.63621886258013], [-90.23630273722006, 38.640855353361346], [-90.24186870496423, 38.645491602350084], [-90.24743538902311, 38.65012760941361], [-90.25300278957496, 38.654763374419176], [-90.25857090679797, 38.65939889723403], [-90.26413974087053, 38.66403417772537], [-90.26970929197084, 38.66866921576039], [-90.27527956027723, 38.67330401120623], [-90.28085054596801, 38.677938563930056], [-90.28642224922152, 38.68257287379895], [-90.29199467021606, 38.68720694068001], [-90.29756780913004, 38.69184076444029], [-90.3031416661418, 38.696474344946864], [-90.30888503852013, 38.69660675247757], [-90.31446001070607, 38.70123982903419], [-90.32003570136486, 38.70587266197814], [-90.32561211067481, 38.710505251176386], [-90.33118923881437, 38.715137596495865], [-90.3367670859619, 38.719769697803464], [-90.34234565229588, 38.724401554966114], [-90.34792493799469, 38.72903316785066], [-90.35350494323681, 38.73366453632395], [-90.35908566820065, 38.73829566025279], [-90.36466711306467, 38.742926539503976], [-90.37024927800739, 38.74755717394432]]}}, {"type": "Feature", "properties": {"route_run_id": "stl_st_louis_downtown_airport_to_st_louis_lambert_2026-03-07_0111", "route_pair": "st_louis_downtown_airport_to_st_louis_lambert", "route_pair_label": "St. Louis Downtown Airport to St. Louis Lambert", "origin_label": "St. Louis Downtown Airport", "destination_label": "St. Louis Lambert International Airport", "origin_lat": 38.5703611, "origin_lon": -90.1550833, "destination_lat": 38.7486982, "destination_lon": -90.3700257, "traffic_date": "2026-03-07", "traffic_dataset": "March 7th - Saturday", "weight_id": "w_0111", "distance_weight": 0.1, "population_weight": 0.5, "traffic_weight": 0.4, "airspace_weight": 0.0, "path_nodes": 42, "path_node_ids": [2179, 2180, 2183, 2198, 2202, 2206, 2449, 2345, 2370, 2373, 2398, 2709, 2711, 2714, 2750, 2744, 2770, 2772, 2777, 3989, 3993, 4006, 4008, 4021, 4045, 4047, 4058, 4062, 4077, 4082, 4084, 5077, 5052, 5076, 5082, 5299, 5304, 5319, 5321, 5357, 5358, 5364], "elapsed_seconds": 0.045697800000198185, "status": "success", "failure_reason": "", "route_distance_km": 36.35452263545163, "distance_cost_sum": 40.01050317990937, "population_cost_sum": 22.454236083474207, "traffic_cost_sum": 14.145643003892694, "airspace_cost_sum": 35.4, "total_weighted_score": 20.88642556128512}, "geometry": {"type": "LineString", "coordinates": [[-90.15289905765549, 38.57128267769979], [-90.15845430205954, 38.57592253965332], [-90.15827684369297, 38.58042298981685], [-90.16383311905943, 38.58506262995554], [-90.16939010840554, 38.58970202998531], [-90.17494781190939, 38.59434118977373], [-90.18050622974906, 38.59898010918833], [-90.18606536210271, 38.60361878809667], [-90.19162520914848, 38.60825722636621], [-90.19718577106451, 38.612895423864465], [-90.20274704802898, 38.61753338045887], [-90.2083090402201, 38.622171096016864], [-90.21387174781604, 38.62680857040582], [-90.21943517099498, 38.631445803493165], [-90.22499930993523, 38.636082795146216], [-90.23056416481495, 38.64071954523234], [-90.2361297358124, 38.64535605361884], [-90.24169602310592, 38.649992320172984], [-90.24726302687371, 38.65462834476206], [-90.25283074729404, 38.65926412725328], [-90.2583991845453, 38.663899667513896], [-90.26396833880578, 38.66853496541107], [-90.26953821025378, 38.673170020811966], [-90.2751087990677, 38.67780483358376], [-90.28068010542587, 38.682439403593555], [-90.28625212950666, 38.68707373070842], [-90.29182487148844, 38.69170781479548], [-90.29739833154962, 38.69634165572174], [-90.30297250986867, 38.70097525335427], [-90.30280331580018, 38.70547615766316], [-90.30837853409372, 38.710109528957155], [-90.31412302199392, 38.71024171820601], [-90.32003570136486, 38.70587266197814], [-90.32561211067481, 38.710505251176386], [-90.33118923881437, 38.715137596495865], [-90.3367670859619, 38.719769697803464], [-90.34234565229588, 38.724401554966114], [-90.34792493799469, 38.72903316785066], [-90.35350494323681, 38.73366453632395], [-90.35908566820065, 38.73829566025279], [-90.36466711306467, 38.742926539503976], [-90.37024927800739, 38.74755717394432]]}}, {"type": "Feature", "properties": {"route_run_id": "stl_st_louis_downtown_airport_to_st_louis_lambert_2026-03-07_0156", "route_pair": "st_louis_downtown_airport_to_st_louis_lambert", "route_pair_label": "St. Louis Downtown Airport to St. Louis Lambert", "origin_label": "St. Louis Downtown Airport", "destination_label": "St. Louis Lambert International Airport", "origin_lat": 38.5703611, "origin_lon": -90.1550833, "destination_lat": 38.7486982, "destination_lon": -90.3700257, "traffic_date": "2026-03-07", "traffic_dataset": "March 7th - Saturday", "weight_id": "w_0156", "distance_weight": 0.2, "population_weight": 0.4, "traffic_weight": 0.4, "airspace_weight": 0.0, "path_nodes": 41, "path_node_ids": [2179, 2180, 2183, 2198, 2202, 2206, 2449, 2345, 2370, 2373, 2398, 2709, 2711, 2714, 2750, 2744, 2770, 2772, 2777, 3989, 3993, 4006, 3994, 4019, 4020, 4023, 4055, 4059, 4063, 4064, 5048, 5052, 5076, 5082, 5299, 5304, 5319, 5321, 5357, 5358, 5364], "elapsed_seconds": 0.01926370000001043, "status": "success", "failure_reason": "", "route_distance_km": 35.444974610774196, "distance_cost_sum": 39.00948675896621, "population_cost_sum": 22.999382459977298, "traffic_cost_sum": 13.969149855183435, "airspace_cost_sum": 34.4, "total_weighted_score": 22.589310277857535}, "geometry": {"type": "LineString", "coordinates": [[-90.15289905765549, 38.57128267769979], [-90.15845430205954, 38.57592253965332], [-90.15827684369297, 38.58042298981685], [-90.16383311905943, 38.58506262995554], [-90.16939010840554, 38.58970202998531], [-90.17494781190939, 38.59434118977373], [-90.18050622974906, 38.59898010918833], [-90.18606536210271, 38.60361878809667], [-90.19162520914848, 38.60825722636621], [-90.19718577106451, 38.612895423864465], [-90.20274704802898, 38.61753338045887], [-90.2083090402201, 38.622171096016864], [-90.21387174781604, 38.62680857040582], [-90.21943517099498, 38.631445803493165], [-90.22499930993523, 38.636082795146216], [-90.23056416481495, 38.64071954523234], [-90.2361297358124, 38.64535605361884], [-90.24169602310592, 38.649992320172984], [-90.24726302687371, 38.65462834476206], [-90.25283074729404, 38.65926412725328], [-90.2583991845453, 38.663899667513896], [-90.26396833880578, 38.66853496541107], [-90.26970929197084, 38.66866921576039], [-90.27527956027723, 38.67330401120623], [-90.28085054596801, 38.677938563930056], [-90.28642224922152, 38.68257287379895], [-90.29199467021606, 38.68720694068001], [-90.29756780913004, 38.69184076444029], [-90.3031416661418, 38.696474344946864], [-90.30888503852013, 38.69660675247757], [-90.31446001070607, 38.70123982903419], [-90.32003570136486, 38.70587266197814], [-90.32561211067481, 38.710505251176386], [-90.33118923881437, 38.715137596495865], [-90.3367670859619, 38.719769697803464], [-90.34234565229588, 38.724401554966114], [-90.34792493799469, 38.72903316785066], [-90.35350494323681, 38.73366453632395], [-90.35908566820065, 38.73829566025279], [-90.36466711306467, 38.742926539503976], [-90.37024927800739, 38.74755717394432]]}}, {"type": "Feature", "properties": {"route_run_id": "stl_st_louis_downtown_airport_to_st_louis_lambert_2026-03-07_0069", "route_pair": "st_louis_downtown_airport_to_st_louis_lambert", "route_pair_label": "St. Louis Downtown Airport to St. Louis Lambert", "origin_label": "St. Louis Downtown Airport", "destination_label": "St. Louis Lambert International Airport", "origin_lat": 38.5703611, "origin_lon": -90.1550833, "destination_lat": 38.7486982, "destination_lon": -90.3700257, "traffic_date": "2026-03-07", "traffic_dataset": "March 7th - Saturday", "weight_id": "w_0069", "distance_weight": 0.1, "population_weight": 0.0, "traffic_weight": 0.2, "airspace_weight": 0.7, "path_nodes": 40, "path_node_ids": [2179, 2180, 2174, 2199, 2203, 2207, 2341, 2344, 2368, 2374, 2394, 2397, 2712, 2716, 2739, 2746, 2769, 2747, 2684, 2687, 3987, 3990, 4016, 4017, 4022, 4029, 4034, 4060, 4064, 5048, 5052, 5076, 5082, 5299, 5304, 5319, 5321, 5357, 5358, 5364], "elapsed_seconds": 0.04830520006362349, "status": "success", "failure_reason": "", "route_distance_km": 35.06909548721607, "distance_cost_sum": 38.5958074756707, "population_cost_sum": 25.61136132378821, "traffic_cost_sum": 15.3602348791462, "airspace_cost_sum": 33.4, "total_weighted_score": 30.311627723396313}, "geometry": {"type": "LineString", "coordinates": [[-90.15289905765549, 38.57128267769979], [-90.15845430205954, 38.57592253965332], [-90.16401026010618, 38.58056216167], [-90.16956693197352, 38.58520154361737], [-90.17512431783956, 38.5898406853631], [-90.18068241788241, 38.5944795867747], [-90.18624123228014, 38.59911824771971], [-90.19180076121087, 38.60375666806568], [-90.19736100485268, 38.60839484768009], [-90.20292196338367, 38.61303278643038], [-90.2084836369821, 38.617670484184025], [-90.21404602582597, 38.62230794080845], [-90.21960913009349, 38.62694515617101], [-90.22517294996291, 38.63158213013913], [-90.23073748561237, 38.63621886258013], [-90.23630273722006, 38.640855353361346], [-90.24186870496423, 38.645491602350084], [-90.24760771267954, 38.645626869943555], [-90.25317479343335, 38.65026261746583], [-90.25874259069872, 38.654898122837295], [-90.26431110465388, 38.659533385925144], [-90.26988033547711, 38.664168406596616], [-90.27545028334664, 38.66880318471887], [-90.28102094844074, 38.67343772015905], [-90.28659233093768, 38.67807201278429], [-90.29216443101578, 38.68270606246168], [-90.29773724885335, 38.68733986905835], [-90.30331078462868, 38.69197343244128], [-90.30888503852013, 38.69660675247757], [-90.31446001070607, 38.70123982903419], [-90.32003570136486, 38.70587266197814], [-90.32561211067481, 38.710505251176386], [-90.33118923881437, 38.715137596495865], [-90.3367670859619, 38.719769697803464], [-90.34234565229588, 38.724401554966114], [-90.34792493799469, 38.72903316785066], [-90.35350494323681, 38.73366453632395], [-90.35908566820065, 38.73829566025279], [-90.36466711306467, 38.742926539503976], [-90.37024927800739, 38.74755717394432]]}}, {"type": "Feature", "properties": {"route_run_id": "stl_st_louis_downtown_airport_to_st_louis_lambert_2026-03-07_0131", "route_pair": "st_louis_downtown_airport_to_st_louis_lambert", "route_pair_label": "St. Louis Downtown Airport to St. Louis Lambert", "origin_label": "St. Louis Downtown Airport", "destination_label": "St. Louis Lambert International Airport", "origin_lat": 38.5703611, "origin_lon": -90.1550833, "destination_lat": 38.7486982, "destination_lon": -90.3700257, "traffic_date": "2026-03-07", "traffic_dataset": "March 7th - Saturday", "weight_id": "w_0131", "distance_weight": 0.2, "population_weight": 0.1, "traffic_weight": 0.0, "airspace_weight": 0.7, "path_nodes": 40, "path_node_ids": [2179, 2180, 2174, 2199, 2203, 2207, 2341, 2344, 2368, 2374, 2394, 2397, 2712, 2716, 2739, 2746, 2769, 2773, 3985, 3988, 3992, 3994, 4019, 4017, 4022, 4029, 4034, 4060, 4064, 5048, 5052, 5076, 5082, 5299, 5304, 5319, 5321, 5357, 5358, 5364], "elapsed_seconds": 0.04174080002121627, "status": "success", "failure_reason": "", "route_distance_km": 35.06932923764436, "distance_cost_sum": 38.59606473313351, "population_cost_sum": 24.787572976016946, "traffic_cost_sum": 15.41417932224777, "airspace_cost_sum": 33.4, "total_weighted_score": 33.577970244228396}, "geometry": {"type": "LineString", "coordinates": [[-90.15289905765549, 38.57128267769979], [-90.15845430205954, 38.57592253965332], [-90.16401026010618, 38.58056216167], [-90.16956693197352, 38.58520154361737], [-90.17512431783956, 38.5898406853631], [-90.18068241788241, 38.5944795867747], [-90.18624123228014, 38.59911824771971], [-90.19180076121087, 38.60375666806568], [-90.19736100485268, 38.60839484768009], [-90.20292196338367, 38.61303278643038], [-90.2084836369821, 38.617670484184025], [-90.21404602582597, 38.62230794080845], [-90.21960913009349, 38.62694515617101], [-90.22517294996291, 38.63158213013913], [-90.23073748561237, 38.63621886258013], [-90.23630273722006, 38.640855353361346], [-90.24186870496423, 38.645491602350084], [-90.24743538902311, 38.65012760941361], [-90.25300278957496, 38.654763374419176], [-90.25857090679797, 38.65939889723403], [-90.26413974087053, 38.66403417772537], [-90.26970929197084, 38.66866921576039], [-90.27527956027723, 38.67330401120623], [-90.28102094844074, 38.67343772015905], [-90.28659233093768, 38.67807201278429], [-90.29216443101578, 38.68270606246168], [-90.29773724885335, 38.68733986905835], [-90.30331078462868, 38.69197343244128], [-90.30888503852013, 38.69660675247757], [-90.31446001070607, 38.70123982903419], [-90.32003570136486, 38.70587266197814], [-90.32561211067481, 38.710505251176386], [-90.33118923881437, 38.715137596495865], [-90.3367670859619, 38.719769697803464], [-90.34234565229588, 38.724401554966114], [-90.34792493799469, 38.72903316785066], [-90.35350494323681, 38.73366453632395], [-90.35908566820065, 38.73829566025279], [-90.36466711306467, 38.742926539503976], [-90.37024927800739, 38.74755717394432]]}}, {"type": "Feature", "properties": {"route_run_id": "stl_st_louis_downtown_airport_to_st_louis_lambert_2026-03-07_0181", "route_pair": "st_louis_downtown_airport_to_st_louis_lambert", "route_pair_label": "St. Louis Downtown Airport to St. Louis Lambert", "origin_label": "St. Louis Downtown Airport", "destination_label": "St. Louis Lambert International Airport", "origin_lat": 38.5703611, "origin_lon": -90.1550833, "destination_lat": 38.7486982, "destination_lon": -90.3700257, "traffic_date": "2026-03-07", "traffic_dataset": "March 7th - Saturday", "weight_id": "w_0181", "distance_weight": 0.3, "population_weight": 0.1, "traffic_weight": 0.5, "airspace_weight": 0.1, "path_nodes": 42, "path_node_ids": [2179, 2180, 2172, 2176, 2200, 2204, 2317, 2340, 2346, 2371, 2391, 2395, 2708, 2712, 2716, 2739, 2746, 2769, 2772, 2777, 3989, 3993, 4006, 4008, 4021, 4045, 4047, 4058, 4059, 4063, 4064, 5048, 5052, 5076, 5082, 5299, 5304, 5319, 5321, 5357, 5358, 5364], "elapsed_seconds": 0.011960300034843385, "status": "success", "failure_reason": "", "route_distance_km": 35.81950888310027, "distance_cost_sum": 39.42168594651035, "population_cost_sum": 26.09456255665406, "traffic_cost_sum": 12.694088465651157, "airspace_cost_sum": 35.0, "total_weighted_score": 24.28300627244409}, "geometry": {"type": "LineString", "coordinates": [[-90.15289905765549, 38.57128267769979], [-90.15845430205954, 38.57592253965332], [-90.16418736160693, 38.57606168922697], [-90.16974371606538, 38.58070105309441], [-90.17530078436367, 38.58534017679984], [-90.1808585666797, 38.58997906021084], [-90.18641706319154, 38.594617703194956], [-90.1919762740773, 38.599256105619745], [-90.19753619951499, 38.60389426735269], [-90.20309683968271, 38.60853218826128], [-90.20865819475857, 38.61316986821297], [-90.21422026492066, 38.617807307075225], [-90.21978305034705, 38.62244450471542], [-90.21960913009349, 38.62694515617101], [-90.22517294996291, 38.63158213013913], [-90.23073748561237, 38.63621886258013], [-90.23630273722006, 38.640855353361346], [-90.24186870496423, 38.645491602350084], [-90.24169602310592, 38.649992320172984], [-90.24726302687371, 38.65462834476206], [-90.25283074729404, 38.65926412725328], [-90.2583991845453, 38.663899667513896], [-90.26396833880578, 38.66853496541107], [-90.26953821025378, 38.673170020811966], [-90.2751087990677, 38.67780483358376], [-90.28068010542587, 38.682439403593555], [-90.28625212950666, 38.68707373070842], [-90.29182487148844, 38.69170781479548], [-90.29756780913004, 38.69184076444029], [-90.3031416661418, 38.696474344946864], [-90.30888503852013, 38.69660675247757], [-90.31446001070607, 38.70123982903419], [-90.32003570136486, 38.70587266197814], [-90.32561211067481, 38.710505251176386], [-90.33118923881437, 38.715137596495865], [-90.3367670859619, 38.719769697803464], [-90.34234565229588, 38.724401554966114], [-90.34792493799469, 38.72903316785066], [-90.35350494323681, 38.73366453632395], [-90.35908566820065, 38.73829566025279], [-90.36466711306467, 38.742926539503976], [-90.37024927800739, 38.74755717394432]]}}, {"type": "Feature", "properties": {"route_run_id": "stl_st_louis_downtown_airport_to_st_louis_lambert_2026-03-07_0262", "route_pair": "st_louis_downtown_airport_to_st_louis_lambert", "route_pair_label": "St. Louis Downtown Airport to St. Louis Lambert", "origin_label": "St. Louis Downtown Airport", "destination_label": "St. Louis Lambert International Airport", "origin_lat": 38.5703611, "origin_lon": -90.1550833, "destination_lat": 38.7486982, "destination_lon": -90.3700257, "traffic_date": "2026-03-07", "traffic_dataset": "March 7th - Saturday", "weight_id": "w_0262", "distance_weight": 0.6, "population_weight": 0.2, "traffic_weight": 0.0, "airspace_weight": 0.2, "path_nodes": 41, "path_node_ids": [2179, 2180, 2174, 2199, 2203, 2207, 2341, 2345, 2370, 2373, 2398, 2709, 2711, 2714, 2750, 2744, 2770, 2772, 2777, 3989, 3993, 4006, 4008, 4021, 4045, 4047, 4058, 4062, 4077, 4079, 5077, 5081, 5083, 5308, 5316, 5322, 5323, 5346, 5357, 5358, 5364], "elapsed_seconds": 0.007680799928493798, "status": "success", "failure_reason": "", "route_distance_km": 35.44580648998812, "distance_cost_sum": 39.01040229583813, "population_cost_sum": 21.248540131475806, "traffic_cost_sum": 17.76714329796441, "airspace_cost_sum": 34.4, "total_weighted_score": 34.53594940379804}, "geometry": {"type": "LineString", "coordinates": [[-90.15289905765549, 38.57128267769979], [-90.15845430205954, 38.57592253965332], [-90.16401026010618, 38.58056216167], [-90.16956693197352, 38.58520154361737], [-90.17512431783956, 38.5898406853631], [-90.18068241788241, 38.5944795867747], [-90.18624123228014, 38.59911824771971], [-90.18606536210271, 38.60361878809667], [-90.19162520914848, 38.60825722636621], [-90.19718577106451, 38.612895423864465], [-90.20274704802898, 38.61753338045887], [-90.2083090402201, 38.622171096016864], [-90.21387174781604, 38.62680857040582], [-90.21943517099498, 38.631445803493165], [-90.22499930993523, 38.636082795146216], [-90.23056416481495, 38.64071954523234], [-90.2361297358124, 38.64535605361884], [-90.24169602310592, 38.649992320172984], [-90.24726302687371, 38.65462834476206], [-90.25283074729404, 38.65926412725328], [-90.2583991845453, 38.663899667513896], [-90.26396833880578, 38.66853496541107], [-90.26953821025378, 38.673170020811966], [-90.2751087990677, 38.67780483358376], [-90.28068010542587, 38.682439403593555], [-90.28625212950666, 38.68707373070842], [-90.29182487148844, 38.69170781479548], [-90.29739833154962, 38.69634165572174], [-90.30297250986867, 38.70097525335427], [-90.30854740662397, 38.70560860756003], [-90.31412302199392, 38.71024171820601], [-90.31969935615703, 38.71487458515916], [-90.32527640929177, 38.719507208286444], [-90.33085418157658, 38.72413958745472], [-90.33643267319002, 38.72877172253092], [-90.3420118843105, 38.73340361338185], [-90.34775839516463, 38.73353421590239], [-90.35333872308522, 38.73816560113835], [-90.35908566820065, 38.73829566025279], [-90.36466711306467, 38.742926539503976], [-90.37024927800739, 38.74755717394432]]}}, {"type": "Feature", "properties": {"route_run_id": "stl_st_louis_downtown_airport_to_st_louis_lambert_2026-03-07_0120", "route_pair": "st_louis_downtown_airport_to_st_louis_lambert", "route_pair_label": "St. Louis Downtown Airport to St. Louis Lambert", "origin_label": "St. Louis Downtown Airport", "destination_label": "St. Louis Lambert International Airport", "origin_lat": 38.5703611, "origin_lon": -90.1550833, "destination_lat": 38.7486982, "destination_lon": -90.3700257, "traffic_date": "2026-03-07", "traffic_dataset": "March 7th - Saturday", "weight_id": "w_0120", "distance_weight": 0.1, "population_weight": 0.8, "traffic_weight": 0.1, "airspace_weight": 0.0, "path_nodes": 57, "path_node_ids": [2179, 2180, 2183, 2186, 2419, 2423, 2448, 2453, 2455, 2478, 2482, 2483, 2487, 2811, 2812, 2816, 2858, 2863, 2864, 2889, 2892, 2895, 3904, 3925, 3929, 3955, 3965, 3954, 3953, 3966, 3944, 3977, 3976, 3941, 4043, 4066, 4067, 4068, 4185, 4187, 4188, 4076, 4075, 4082, 4084, 5080, 5084, 5310, 5311, 5337, 5320, 5322, 5323, 5346, 5357, 5358, 5364], "elapsed_seconds": 0.028167199925519526, "status": "success", "failure_reason": "", "route_distance_km": 42.52149307187736, "distance_cost_sum": 46.79765295852873, "population_cost_sum": 8.484946538909544, "traffic_cost_sum": 37.86854133279346, "airspace_cost_sum": 46.4, "total_weighted_score": 15.254576660259856}, "geometry": {"type": "LineString", "coordinates": [[-90.15289905765549, 38.57128267769979], [-90.15845430205954, 38.57592253965332], [-90.15827684369297, 38.58042298981685], [-90.1580993457009, 38.58492343582021], [-90.15792180807382, 38.58942387766302], [-90.16347871828971, 38.59406355405304], [-90.1690363428032, 38.598702990254786], [-90.16885940074975, 38.60320346415569], [-90.17441805758689, 38.60784267808668], [-90.174241393937, 38.61234316588366], [-90.17406469083332, 38.61684364952644], [-90.17388794826633, 38.621344129014695], [-90.17371116622648, 38.62584460434813], [-90.17353434470424, 38.6303450755264], [-90.17335748369, 38.63484554254923], [-90.17318058317427, 38.63934600541629], [-90.17300364314747, 38.64384646412727], [-90.17856556137721, 38.64848558173427], [-90.17838890046788, 38.65298605432084], [-90.17821220009857, 38.65748652275311], [-90.17803546025965, 38.66198698703078], [-90.17785868094164, 38.666487447153536], [-90.18342259105025, 38.67112639580074], [-90.1889872182426, 38.67576510321293], [-90.1945525626976, 38.680403569257344], [-90.20011862459403, 38.68504179380117], [-90.20568540411075, 38.68967977671165], [-90.21142776429718, 38.68981695033316], [-90.2171701635404, 38.68995384239636], [-90.2229126017605, 38.690090452895454], [-90.22865507887754, 38.69022678182468], [-90.23439759481155, 38.69036282917826], [-90.24014014948251, 38.69049859495047], [-90.24605541323987, 38.68613337677085], [-90.2517976862147, 38.68626855773688], [-90.25736804511756, 38.69090420272148], [-90.26311075393669, 38.69103884211091], [-90.26868222818311, 38.695673984376505], [-90.27425442059507, 38.700308883813186], [-90.27999796237877, 38.700442721166475], [-90.28557127047641, 38.70507711728869], [-90.29148516021279, 38.700709550716724], [-90.297228816103, 38.700842542902386], [-90.30280331580018, 38.70547615766316], [-90.30837853409372, 38.710109528957155], [-90.31395447116216, 38.71474265665128], [-90.31378588266769, 38.71924359100243], [-90.31936286061908, 38.72387649197406], [-90.32494055786266, 38.72850914903958], [-90.330518974577, 38.7331415620659], [-90.33626541075455, 38.733272728767844], [-90.3420118843105, 38.73340361338185], [-90.34775839516463, 38.73353421590239], [-90.35333872308522, 38.73816560113835], [-90.35908566820065, 38.73829566025279], [-90.36466711306467, 38.742926539503976], [-90.37024927800739, 38.74755717394432]]}}, {"type": "Feature", "properties": {"route_run_id": "stl_st_louis_downtown_airport_to_st_louis_lambert_2026-03-07_0254", "route_pair": "st_louis_downtown_airport_to_st_louis_lambert", "route_pair_label": "St. Louis Downtown Airport to St. Louis Lambert", "origin_label": "St. Louis Downtown Airport", "destination_label": "St. Louis Lambert International Airport", "origin_lat": 38.5703611, "origin_lon": -90.1550833, "destination_lat": 38.7486982, "destination_lon": -90.3700257, "traffic_date": "2026-03-07", "traffic_dataset": "March 7th - Saturday", "weight_id": "w_0254", "distance_weight": 0.6, "population_weight": 0.0, "traffic_weight": 0.1, "airspace_weight": 0.3, "path_nodes": 40, "path_node_ids": [2179, 2180, 2174, 2199, 2203, 2207, 2341, 2344, 2368, 2374, 2394, 2397, 2712, 2716, 2739, 2746, 2769, 2747, 2684, 2687, 3987, 3990, 4016, 4017, 4022, 4029, 4034, 4060, 4064, 5048, 5052, 5076, 5082, 5299, 5304, 5319, 5321, 5357, 5358, 5364], "elapsed_seconds": 0.006792600033804774, "status": "success", "failure_reason": "", "route_distance_km": 35.06909548721607, "distance_cost_sum": 38.5958074756707, "population_cost_sum": 25.61136132378821, "traffic_cost_sum": 15.3602348791462, "airspace_cost_sum": 33.4, "total_weighted_score": 34.71350797331704}, "geometry": {"type": "LineString", "coordinates": [[-90.15289905765549, 38.57128267769979], [-90.15845430205954, 38.57592253965332], [-90.16401026010618, 38.58056216167], [-90.16956693197352, 38.58520154361737], [-90.17512431783956, 38.5898406853631], [-90.18068241788241, 38.5944795867747], [-90.18624123228014, 38.59911824771971], [-90.19180076121087, 38.60375666806568], [-90.19736100485268, 38.60839484768009], [-90.20292196338367, 38.61303278643038], [-90.2084836369821, 38.617670484184025], [-90.21404602582597, 38.62230794080845], [-90.21960913009349, 38.62694515617101], [-90.22517294996291, 38.63158213013913], [-90.23073748561237, 38.63621886258013], [-90.23630273722006, 38.640855353361346], [-90.24186870496423, 38.645491602350084], [-90.24760771267954, 38.645626869943555], [-90.25317479343335, 38.65026261746583], [-90.25874259069872, 38.654898122837295], [-90.26431110465388, 38.659533385925144], [-90.26988033547711, 38.664168406596616], [-90.27545028334664, 38.66880318471887], [-90.28102094844074, 38.67343772015905], [-90.28659233093768, 38.67807201278429], [-90.29216443101578, 38.68270606246168], [-90.29773724885335, 38.68733986905835], [-90.30331078462868, 38.69197343244128], [-90.30888503852013, 38.69660675247757], [-90.31446001070607, 38.70123982903419], [-90.32003570136486, 38.70587266197814], [-90.32561211067481, 38.710505251176386], [-90.33118923881437, 38.715137596495865], [-90.3367670859619, 38.719769697803464], [-90.34234565229588, 38.724401554966114], [-90.34792493799469, 38.72903316785066], [-90.35350494323681, 38.73366453632395], [-90.35908566820065, 38.73829566025279], [-90.36466711306467, 38.742926539503976], [-90.37024927800739, 38.74755717394432]]}}, {"type": "Feature", "properties": {"route_run_id": "stl_st_louis_downtown_airport_to_st_louis_lambert_2026-03-07_0246", "route_pair": "st_louis_downtown_airport_to_st_louis_lambert", "route_pair_label": "St. Louis Downtown Airport to St. Louis Lambert", "origin_label": "St. Louis Downtown Airport", "destination_label": "St. Louis Lambert International Airport", "origin_lat": 38.5703611, "origin_lon": -90.1550833, "destination_lat": 38.7486982, "destination_lon": -90.3700257, "traffic_date": "2026-03-07", "traffic_dataset": "March 7th - Saturday", "weight_id": "w_0246", "distance_weight": 0.5, "population_weight": 0.2, "traffic_weight": 0.3, "airspace_weight": 0.0, "path_nodes": 41, "path_node_ids": [2179, 2180, 2183, 2198, 2202, 2206, 2449, 2345, 2370, 2373, 2398, 2709, 2711, 2714, 2750, 2744, 2770, 2772, 2777, 3989, 3993, 4006, 4008, 4021, 4045, 4047, 4058, 4059, 4063, 4064, 5048, 5052, 5076, 5082, 5299, 5304, 5319, 5321, 5357, 5358, 5364], "elapsed_seconds": 0.006594400038011372, "status": "success", "failure_reason": "", "route_distance_km": 35.44516965599588, "distance_cost_sum": 39.00970141884611, "population_cost_sum": 23.447934484851842, "traffic_cost_sum": 13.596616574214913, "airspace_cost_sum": 34.4, "total_weighted_score": 28.2734225786579}, "geometry": {"type": "LineString", "coordinates": [[-90.15289905765549, 38.57128267769979], [-90.15845430205954, 38.57592253965332], [-90.15827684369297, 38.58042298981685], [-90.16383311905943, 38.58506262995554], [-90.16939010840554, 38.58970202998531], [-90.17494781190939, 38.59434118977373], [-90.18050622974906, 38.59898010918833], [-90.18606536210271, 38.60361878809667], [-90.19162520914848, 38.60825722636621], [-90.19718577106451, 38.612895423864465], [-90.20274704802898, 38.61753338045887], [-90.2083090402201, 38.622171096016864], [-90.21387174781604, 38.62680857040582], [-90.21943517099498, 38.631445803493165], [-90.22499930993523, 38.636082795146216], [-90.23056416481495, 38.64071954523234], [-90.2361297358124, 38.64535605361884], [-90.24169602310592, 38.649992320172984], [-90.24726302687371, 38.65462834476206], [-90.25283074729404, 38.65926412725328], [-90.2583991845453, 38.663899667513896], [-90.26396833880578, 38.66853496541107], [-90.26953821025378, 38.673170020811966], [-90.2751087990677, 38.67780483358376], [-90.28068010542587, 38.682439403593555], [-90.28625212950666, 38.68707373070842], [-90.29182487148844, 38.69170781479548], [-90.29756780913004, 38.69184076444029], [-90.3031416661418, 38.696474344946864], [-90.30888503852013, 38.69660675247757], [-90.31446001070607, 38.70123982903419], [-90.32003570136486, 38.70587266197814], [-90.32561211067481, 38.710505251176386], [-90.33118923881437, 38.715137596495865], [-90.3367670859619, 38.719769697803464], [-90.34234565229588, 38.724401554966114], [-90.34792493799469, 38.72903316785066], [-90.35350494323681, 38.73366453632395], [-90.35908566820065, 38.73829566025279], [-90.36466711306467, 38.742926539503976], [-90.37024927800739, 38.74755717394432]]}}, {"type": "Feature", "properties": {"route_run_id": "stl_st_louis_downtown_airport_to_st_louis_lambert_2026-03-07_0221", "route_pair": "st_louis_downtown_airport_to_st_louis_lambert", "route_pair_label": "St. Louis Downtown Airport to St. Louis Lambert", "origin_label": "St. Louis Downtown Airport", "destination_label": "St. Louis Lambert International Airport", "origin_lat": 38.5703611, "origin_lon": -90.1550833, "destination_lat": 38.7486982, "destination_lon": -90.3700257, "traffic_date": "2026-03-07", "traffic_dataset": "March 7th - Saturday", "weight_id": "w_0221", "distance_weight": 0.4, "population_weight": 0.2, "traffic_weight": 0.4, "airspace_weight": 0.0, "path_nodes": 41, "path_node_ids": [2179, 2180, 2183, 2198, 2202, 2206, 2449, 2345, 2370, 2373, 2398, 2709, 2711, 2714, 2750, 2744, 2770, 2772, 2777, 3989, 3993, 4006, 4008, 4021, 4045, 4047, 4058, 4059, 4063, 4064, 5048, 5052, 5076, 5082, 5299, 5304, 5319, 5321, 5357, 5358, 5364], "elapsed_seconds": 0.008638600003905594, "status": "success", "failure_reason": "", "route_distance_km": 35.44516965599588, "distance_cost_sum": 39.00970141884611, "population_cost_sum": 23.447934484851842, "traffic_cost_sum": 13.596616574214913, "airspace_cost_sum": 34.4, "total_weighted_score": 25.73211409419478}, "geometry": {"type": "LineString", "coordinates": [[-90.15289905765549, 38.57128267769979], [-90.15845430205954, 38.57592253965332], [-90.15827684369297, 38.58042298981685], [-90.16383311905943, 38.58506262995554], [-90.16939010840554, 38.58970202998531], [-90.17494781190939, 38.59434118977373], [-90.18050622974906, 38.59898010918833], [-90.18606536210271, 38.60361878809667], [-90.19162520914848, 38.60825722636621], [-90.19718577106451, 38.612895423864465], [-90.20274704802898, 38.61753338045887], [-90.2083090402201, 38.622171096016864], [-90.21387174781604, 38.62680857040582], [-90.21943517099498, 38.631445803493165], [-90.22499930993523, 38.636082795146216], [-90.23056416481495, 38.64071954523234], [-90.2361297358124, 38.64535605361884], [-90.24169602310592, 38.649992320172984], [-90.24726302687371, 38.65462834476206], [-90.25283074729404, 38.65926412725328], [-90.2583991845453, 38.663899667513896], [-90.26396833880578, 38.66853496541107], [-90.26953821025378, 38.673170020811966], [-90.2751087990677, 38.67780483358376], [-90.28068010542587, 38.682439403593555], [-90.28625212950666, 38.68707373070842], [-90.29182487148844, 38.69170781479548], [-90.29756780913004, 38.69184076444029], [-90.3031416661418, 38.696474344946864], [-90.30888503852013, 38.69660675247757], [-90.31446001070607, 38.70123982903419], [-90.32003570136486, 38.70587266197814], [-90.32561211067481, 38.710505251176386], [-90.33118923881437, 38.715137596495865], [-90.3367670859619, 38.719769697803464], [-90.34234565229588, 38.724401554966114], [-90.34792493799469, 38.72903316785066], [-90.35350494323681, 38.73366453632395], [-90.35908566820065, 38.73829566025279], [-90.36466711306467, 38.742926539503976], [-90.37024927800739, 38.74755717394432]]}}, {"type": "Feature", "properties": {"route_run_id": "stl_st_louis_downtown_airport_to_st_louis_lambert_2026-03-07_0270", "route_pair": "st_louis_downtown_airport_to_st_louis_lambert", "route_pair_label": "St. Louis Downtown Airport to St. Louis Lambert", "origin_label": "St. Louis Downtown Airport", "destination_label": "St. Louis Lambert International Airport", "origin_lat": 38.5703611, "origin_lon": -90.1550833, "destination_lat": 38.7486982, "destination_lon": -90.3700257, "traffic_date": "2026-03-07", "traffic_dataset": "March 7th - Saturday", "weight_id": "w_0270", "distance_weight": 0.7, "population_weight": 0.0, "traffic_weight": 0.2, "airspace_weight": 0.1, "path_nodes": 40, "path_node_ids": [2179, 2180, 2174, 2199, 2203, 2207, 2341, 2344, 2368, 2374, 2394, 2397, 2712, 2716, 2739, 2746, 2769, 2773, 3985, 3988, 3992, 3994, 4019, 4020, 4023, 4055, 4059, 4063, 4064, 5048, 5052, 5076, 5082, 5299, 5304, 5319, 5321, 5357, 5358, 5364], "elapsed_seconds": 0.004511599894613028, "status": "success", "failure_reason": "", "route_distance_km": 35.0695243590648, "distance_cost_sum": 38.596279476875054, "population_cost_sum": 23.651108783135093, "traffic_cost_sum": 14.425692925774984, "airspace_cost_sum": 33.8, "total_weighted_score": 33.282534218967534}, "geometry": {"type": "LineString", "coordinates": [[-90.15289905765549, 38.57128267769979], [-90.15845430205954, 38.57592253965332], [-90.16401026010618, 38.58056216167], [-90.16956693197352, 38.58520154361737], [-90.17512431783956, 38.5898406853631], [-90.18068241788241, 38.5944795867747], [-90.18624123228014, 38.59911824771971], [-90.19180076121087, 38.60375666806568], [-90.19736100485268, 38.60839484768009], [-90.20292196338367, 38.61303278643038], [-90.2084836369821, 38.617670484184025], [-90.21404602582597, 38.62230794080845], [-90.21960913009349, 38.62694515617101], [-90.22517294996291, 38.63158213013913], [-90.23073748561237, 38.63621886258013], [-90.23630273722006, 38.640855353361346], [-90.24186870496423, 38.645491602350084], [-90.24743538902311, 38.65012760941361], [-90.25300278957496, 38.654763374419176], [-90.25857090679797, 38.65939889723403], [-90.26413974087053, 38.66403417772537], [-90.26970929197084, 38.66866921576039], [-90.27527956027723, 38.67330401120623], [-90.28085054596801, 38.677938563930056], [-90.28642224922152, 38.68257287379895], [-90.29199467021606, 38.68720694068001], [-90.29756780913004, 38.69184076444029], [-90.3031416661418, 38.696474344946864], [-90.30888503852013, 38.69660675247757], [-90.31446001070607, 38.70123982903419], [-90.32003570136486, 38.70587266197814], [-90.32561211067481, 38.710505251176386], [-90.33118923881437, 38.715137596495865], [-90.3367670859619, 38.719769697803464], [-90.34234565229588, 38.724401554966114], [-90.34792493799469, 38.72903316785066], [-90.35350494323681, 38.73366453632395], [-90.35908566820065, 38.73829566025279], [-90.36466711306467, 38.742926539503976], [-90.37024927800739, 38.74755717394432]]}}, {"type": "Feature", "properties": {"route_run_id": "stl_st_louis_downtown_airport_to_st_louis_lambert_2026-03-07_0076", "route_pair": "st_louis_downtown_airport_to_st_louis_lambert", "route_pair_label": "St. Louis Downtown Airport to St. Louis Lambert", "origin_label": "St. Louis Downtown Airport", "destination_label": "St. Louis Lambert International Airport", "origin_lat": 38.5703611, "origin_lon": -90.1550833, "destination_lat": 38.7486982, "destination_lon": -90.3700257, "traffic_date": "2026-03-07", "traffic_dataset": "March 7th - Saturday", "weight_id": "w_0076", "distance_weight": 0.1, "population_weight": 0.0, "traffic_weight": 0.9, "airspace_weight": 0.0, "path_nodes": 52, "path_node_ids": [2179, 2180, 2172, 2176, 2200, 2204, 2317, 2340, 2346, 2371, 2391, 2389, 2388, 2390, 2382, 2383, 2384, 2381, 3291, 3294, 3295, 2619, 2622, 2624, 2625, 2639, 2645, 2646, 2660, 2666, 3746, 3749, 3773, 3775, 3786, 3789, 5007, 5010, 5037, 5045, 5046, 5050, 5052, 5076, 5082, 5299, 5304, 5319, 5321, 5357, 5358, 5364], "elapsed_seconds": 0.017102399957366288, "status": "success", "failure_reason": "", "route_distance_km": 41.68391537561124, "distance_cost_sum": 45.87584453826918, "population_cost_sum": 34.902567513053675, "traffic_cost_sum": 8.948430256176522, "airspace_cost_sum": 42.6, "total_weighted_score": 12.641171684385789}, "geometry": {"type": "LineString", "coordinates": [[-90.15289905765549, 38.57128267769979], [-90.15845430205954, 38.57592253965332], [-90.16418736160693, 38.57606168922697], [-90.16974371606538, 38.58070105309441], [-90.17530078436367, 38.58534017679984], [-90.1808585666797, 38.58997906021084], [-90.18641706319154, 38.594617703194956], [-90.1919762740773, 38.599256105619745], [-90.19753619951499, 38.60389426735269], [-90.20309683968271, 38.60853218826128], [-90.20865819475857, 38.61316986821297], [-90.21439446510948, 38.61330666920645], [-90.22013077435682, 38.613443189405075], [-90.22586712242094, 38.61357942880305], [-90.2316035092222, 38.613715387394656], [-90.2371671649366, 38.61835179018503], [-90.24290398660771, 38.61848720882003], [-90.24881290125248, 38.614121578273846], [-90.25454944220584, 38.61425641358266], [-90.26011468234759, 38.61889177949167], [-90.26585165757079, 38.619026074618795], [-90.27158867098281, 38.61916008885477], [-90.27715541836658, 38.623794693869755], [-90.28272288137876, 38.6284290566021], [-90.28846072453517, 38.62856227076729], [-90.29402929919887, 38.633196131358105], [-90.29959858986506, 38.63782974930801], [-90.30516859671155, 38.64246312448426], [-90.30499989326923, 38.646964082050346], [-90.31057093709157, 38.65159723137826], [-90.31614269760959, 38.65623013762685], [-90.32171517500115, 38.66086280066329], [-90.32728836944425, 38.66549522035468], [-90.33286228111679, 38.67012739656812], [-90.33843691019668, 38.6747593291707], [-90.33827009559579, 38.67926038440383], [-90.3381032437251, 38.68376143555556], [-90.33793635457556, 38.688262482625575], [-90.33776942813816, 38.69276352561359], [-90.331858904295, 38.69713356554443], [-90.32611538157217, 38.69700228484725], [-90.32020381761771, 38.70137169425106], [-90.32003570136486, 38.70587266197814], [-90.32561211067481, 38.710505251176386], [-90.33118923881437, 38.715137596495865], [-90.3367670859619, 38.719769697803464], [-90.34234565229588, 38.724401554966114], [-90.34792493799469, 38.72903316785066], [-90.35350494323681, 38.73366453632395], [-90.35908566820065, 38.73829566025279], [-90.36466711306467, 38.742926539503976], [-90.37024927800739, 38.74755717394432]]}}, {"type": "Feature", "properties": {"route_run_id": "stl_st_louis_downtown_airport_to_st_louis_lambert_2026-03-07_0101", "route_pair": "st_louis_downtown_airport_to_st_louis_lambert", "route_pair_label": "St. Louis Downtown Airport to St. Louis Lambert", "origin_label": "St. Louis Downtown Airport", "destination_label": "St. Louis Lambert International Airport", "origin_lat": 38.5703611, "origin_lon": -90.1550833, "destination_lat": 38.7486982, "destination_lon": -90.3700257, "traffic_date": "2026-03-07", "traffic_dataset": "March 7th - Saturday", "weight_id": "w_0101", "distance_weight": 0.1, "population_weight": 0.4, "traffic_weight": 0.0, "airspace_weight": 0.5, "path_nodes": 43, "path_node_ids": [2179, 2180, 2174, 2199, 2203, 2207, 2341, 2345, 2370, 2373, 2398, 2709, 2711, 2714, 2750, 2744, 2770, 2772, 2777, 3989, 3993, 4006, 4008, 4021, 4045, 4047, 4058, 4062, 4077, 4082, 4084, 5080, 5084, 5310, 5311, 5337, 5320, 5322, 5323, 5346, 5357, 5358, 5364], "elapsed_seconds": 0.048515900038182735, "status": "success", "failure_reason": "", "route_distance_km": 36.197024617572914, "distance_cost_sum": 39.83716642595565, "population_cost_sum": 17.31210242086407, "traffic_cost_sum": 21.545839729752437, "airspace_cost_sum": 36.4, "total_weighted_score": 29.108557610941197}, "geometry": {"type": "LineString", "coordinates": [[-90.15289905765549, 38.57128267769979], [-90.15845430205954, 38.57592253965332], [-90.16401026010618, 38.58056216167], [-90.16956693197352, 38.58520154361737], [-90.17512431783956, 38.5898406853631], [-90.18068241788241, 38.5944795867747], [-90.18624123228014, 38.59911824771971], [-90.18606536210271, 38.60361878809667], [-90.19162520914848, 38.60825722636621], [-90.19718577106451, 38.612895423864465], [-90.20274704802898, 38.61753338045887], [-90.2083090402201, 38.622171096016864], [-90.21387174781604, 38.62680857040582], [-90.21943517099498, 38.631445803493165], [-90.22499930993523, 38.636082795146216], [-90.23056416481495, 38.64071954523234], [-90.2361297358124, 38.64535605361884], [-90.24169602310592, 38.649992320172984], [-90.24726302687371, 38.65462834476206], [-90.25283074729404, 38.65926412725328], [-90.2583991845453, 38.663899667513896], [-90.26396833880578, 38.66853496541107], [-90.26953821025378, 38.673170020811966], [-90.2751087990677, 38.67780483358376], [-90.28068010542587, 38.682439403593555], [-90.28625212950666, 38.68707373070842], [-90.29182487148844, 38.69170781479548], [-90.29739833154962, 38.69634165572174], [-90.30297250986867, 38.70097525335427], [-90.30280331580018, 38.70547615766316], [-90.30837853409372, 38.710109528957155], [-90.31395447116216, 38.71474265665128], [-90.31378588266769, 38.71924359100243], [-90.31936286061908, 38.72387649197406], [-90.32494055786266, 38.72850914903958], [-90.330518974577, 38.7331415620659], [-90.33626541075455, 38.733272728767844], [-90.3420118843105, 38.73340361338185], [-90.34775839516463, 38.73353421590239], [-90.35333872308522, 38.73816560113835], [-90.35908566820065, 38.73829566025279], [-90.36466711306467, 38.742926539503976], [-90.37024927800739, 38.74755717394432]]}}, {"type": "Feature", "properties": {"route_run_id": "stl_st_louis_downtown_airport_to_st_louis_lambert_2026-03-07_0091", "route_pair": "st_louis_downtown_airport_to_st_louis_lambert", "route_pair_label": "St. Louis Downtown Airport to St. Louis Lambert", "origin_label": "St. Louis Downtown Airport", "destination_label": "St. Louis Lambert International Airport", "origin_lat": 38.5703611, "origin_lon": -90.1550833, "destination_lat": 38.7486982, "destination_lon": -90.3700257, "traffic_date": "2026-03-07", "traffic_dataset": "March 7th - Saturday", "weight_id": "w_0091", "distance_weight": 0.1, "population_weight": 0.2, "traffic_weight": 0.5, "airspace_weight": 0.2, "path_nodes": 41, "path_node_ids": [2179, 2180, 2183, 2198, 2202, 2206, 2449, 2345, 2370, 2373, 2398, 2709, 2711, 2714, 2750, 2744, 2770, 2772, 2777, 3989, 3993, 4006, 4008, 4021, 4045, 4047, 4058, 4059, 4063, 4064, 5048, 5052, 5076, 5082, 5299, 5304, 5319, 5321, 5357, 5358, 5364], "elapsed_seconds": 0.043760999920777977, "status": "success", "failure_reason": "", "route_distance_km": 35.44516965599588, "distance_cost_sum": 39.00970141884611, "population_cost_sum": 23.447934484851842, "traffic_cost_sum": 13.596616574214913, "airspace_cost_sum": 34.4, "total_weighted_score": 22.268865325962437}, "geometry": {"type": "LineString", "coordinates": [[-90.15289905765549, 38.57128267769979], [-90.15845430205954, 38.57592253965332], [-90.15827684369297, 38.58042298981685], [-90.16383311905943, 38.58506262995554], [-90.16939010840554, 38.58970202998531], [-90.17494781190939, 38.59434118977373], [-90.18050622974906, 38.59898010918833], [-90.18606536210271, 38.60361878809667], [-90.19162520914848, 38.60825722636621], [-90.19718577106451, 38.612895423864465], [-90.20274704802898, 38.61753338045887], [-90.2083090402201, 38.622171096016864], [-90.21387174781604, 38.62680857040582], [-90.21943517099498, 38.631445803493165], [-90.22499930993523, 38.636082795146216], [-90.23056416481495, 38.64071954523234], [-90.2361297358124, 38.64535605361884], [-90.24169602310592, 38.649992320172984], [-90.24726302687371, 38.65462834476206], [-90.25283074729404, 38.65926412725328], [-90.2583991845453, 38.663899667513896], [-90.26396833880578, 38.66853496541107], [-90.26953821025378, 38.673170020811966], [-90.2751087990677, 38.67780483358376], [-90.28068010542587, 38.682439403593555], [-90.28625212950666, 38.68707373070842], [-90.29182487148844, 38.69170781479548], [-90.29756780913004, 38.69184076444029], [-90.3031416661418, 38.696474344946864], [-90.30888503852013, 38.69660675247757], [-90.31446001070607, 38.70123982903419], [-90.32003570136486, 38.70587266197814], [-90.32561211067481, 38.710505251176386], [-90.33118923881437, 38.715137596495865], [-90.3367670859619, 38.719769697803464], [-90.34234565229588, 38.724401554966114], [-90.34792493799469, 38.72903316785066], [-90.35350494323681, 38.73366453632395], [-90.35908566820065, 38.73829566025279], [-90.36466711306467, 38.742926539503976], [-90.37024927800739, 38.74755717394432]]}}, {"type": "Feature", "properties": {"route_run_id": "stl_st_louis_downtown_airport_to_st_louis_lambert_2026-03-07_0206", "route_pair": "st_louis_downtown_airport_to_st_louis_lambert", "route_pair_label": "St. Louis Downtown Airport to St. Louis Lambert", "origin_label": "St. Louis Downtown Airport", "destination_label": "St. Louis Lambert International Airport", "origin_lat": 38.5703611, "origin_lon": -90.1550833, "destination_lat": 38.7486982, "destination_lon": -90.3700257, "traffic_date": "2026-03-07", "traffic_dataset": "March 7th - Saturday", "weight_id": "w_0206", "distance_weight": 0.4, "population_weight": 0.0, "traffic_weight": 0.2, "airspace_weight": 0.4, "path_nodes": 40, "path_node_ids": [2179, 2180, 2174, 2199, 2203, 2207, 2341, 2344, 2368, 2374, 2394, 2397, 2712, 2716, 2739, 2746, 2769, 2773, 3985, 3988, 3992, 3994, 4019, 4020, 4023, 4055, 4059, 4063, 4064, 5048, 5052, 5076, 5082, 5299, 5304, 5319, 5321, 5357, 5358, 5364], "elapsed_seconds": 0.01185569993685931, "status": "success", "failure_reason": "", "route_distance_km": 35.0695243590648, "distance_cost_sum": 38.596279476875054, "population_cost_sum": 23.651108783135093, "traffic_cost_sum": 14.425692925774984, "airspace_cost_sum": 33.8, "total_weighted_score": 31.843650375905018}, "geometry": {"type": "LineString", "coordinates": [[-90.15289905765549, 38.57128267769979], [-90.15845430205954, 38.57592253965332], [-90.16401026010618, 38.58056216167], [-90.16956693197352, 38.58520154361737], [-90.17512431783956, 38.5898406853631], [-90.18068241788241, 38.5944795867747], [-90.18624123228014, 38.59911824771971], [-90.19180076121087, 38.60375666806568], [-90.19736100485268, 38.60839484768009], [-90.20292196338367, 38.61303278643038], [-90.2084836369821, 38.617670484184025], [-90.21404602582597, 38.62230794080845], [-90.21960913009349, 38.62694515617101], [-90.22517294996291, 38.63158213013913], [-90.23073748561237, 38.63621886258013], [-90.23630273722006, 38.640855353361346], [-90.24186870496423, 38.645491602350084], [-90.24743538902311, 38.65012760941361], [-90.25300278957496, 38.654763374419176], [-90.25857090679797, 38.65939889723403], [-90.26413974087053, 38.66403417772537], [-90.26970929197084, 38.66866921576039], [-90.27527956027723, 38.67330401120623], [-90.28085054596801, 38.677938563930056], [-90.28642224922152, 38.68257287379895], [-90.29199467021606, 38.68720694068001], [-90.29756780913004, 38.69184076444029], [-90.3031416661418, 38.696474344946864], [-90.30888503852013, 38.69660675247757], [-90.31446001070607, 38.70123982903419], [-90.32003570136486, 38.70587266197814], [-90.32561211067481, 38.710505251176386], [-90.33118923881437, 38.715137596495865], [-90.3367670859619, 38.719769697803464], [-90.34234565229588, 38.724401554966114], [-90.34792493799469, 38.72903316785066], [-90.35350494323681, 38.73366453632395], [-90.35908566820065, 38.73829566025279], [-90.36466711306467, 38.742926539503976], [-90.37024927800739, 38.74755717394432]]}}, {"type": "Feature", "properties": {"route_run_id": "stl_st_louis_downtown_airport_to_st_louis_lambert_2026-03-07_0190", "route_pair": "st_louis_downtown_airport_to_st_louis_lambert", "route_pair_label": "St. Louis Downtown Airport to St. Louis Lambert", "origin_label": "St. Louis Downtown Airport", "destination_label": "St. Louis Lambert International Airport", "origin_lat": 38.5703611, "origin_lon": -90.1550833, "destination_lat": 38.7486982, "destination_lon": -90.3700257, "traffic_date": "2026-03-07", "traffic_dataset": "March 7th - Saturday", "weight_id": "w_0190", "distance_weight": 0.3, "population_weight": 0.3, "traffic_weight": 0.1, "airspace_weight": 0.3, "path_nodes": 41, "path_node_ids": [2179, 2180, 2183, 2198, 2202, 2206, 2449, 2345, 2370, 2373, 2398, 2709, 2711, 2714, 2750, 2744, 2770, 2772, 2777, 3989, 3993, 4006, 4008, 4021, 4045, 4047, 4058, 4062, 4077, 4079, 5077, 5081, 5083, 5308, 5316, 5322, 5323, 5346, 5357, 5358, 5364], "elapsed_seconds": 0.019926599925383925, "status": "success", "failure_reason": "", "route_distance_km": 35.445873467048145, "distance_cost_sum": 39.010476008424035, "population_cost_sum": 21.248540131475806, "traffic_cost_sum": 17.68537922249981, "airspace_cost_sum": 34.4, "total_weighted_score": 30.166242764219938}, "geometry": {"type": "LineString", "coordinates": [[-90.15289905765549, 38.57128267769979], [-90.15845430205954, 38.57592253965332], [-90.15827684369297, 38.58042298981685], [-90.16383311905943, 38.58506262995554], [-90.16939010840554, 38.58970202998531], [-90.17494781190939, 38.59434118977373], [-90.18050622974906, 38.59898010918833], [-90.18606536210271, 38.60361878809667], [-90.19162520914848, 38.60825722636621], [-90.19718577106451, 38.612895423864465], [-90.20274704802898, 38.61753338045887], [-90.2083090402201, 38.622171096016864], [-90.21387174781604, 38.62680857040582], [-90.21943517099498, 38.631445803493165], [-90.22499930993523, 38.636082795146216], [-90.23056416481495, 38.64071954523234], [-90.2361297358124, 38.64535605361884], [-90.24169602310592, 38.649992320172984], [-90.24726302687371, 38.65462834476206], [-90.25283074729404, 38.65926412725328], [-90.2583991845453, 38.663899667513896], [-90.26396833880578, 38.66853496541107], [-90.26953821025378, 38.673170020811966], [-90.2751087990677, 38.67780483358376], [-90.28068010542587, 38.682439403593555], [-90.28625212950666, 38.68707373070842], [-90.29182487148844, 38.69170781479548], [-90.29739833154962, 38.69634165572174], [-90.30297250986867, 38.70097525335427], [-90.30854740662397, 38.70560860756003], [-90.31412302199392, 38.71024171820601], [-90.31969935615703, 38.71487458515916], [-90.32527640929177, 38.719507208286444], [-90.33085418157658, 38.72413958745472], [-90.33643267319002, 38.72877172253092], [-90.3420118843105, 38.73340361338185], [-90.34775839516463, 38.73353421590239], [-90.35333872308522, 38.73816560113835], [-90.35908566820065, 38.73829566025279], [-90.36466711306467, 38.742926539503976], [-90.37024927800739, 38.74755717394432]]}}, {"type": "Feature", "properties": {"route_run_id": "stl_st_louis_downtown_airport_to_st_louis_lambert_2026-03-07_0134", "route_pair": "st_louis_downtown_airport_to_st_louis_lambert", "route_pair_label": "St. Louis Downtown Airport to St. Louis Lambert", "origin_label": "St. Louis Downtown Airport", "destination_label": "St. Louis Lambert International Airport", "origin_lat": 38.5703611, "origin_lon": -90.1550833, "destination_lat": 38.7486982, "destination_lon": -90.3700257, "traffic_date": "2026-03-07", "traffic_dataset": "March 7th - Saturday", "weight_id": "w_0134", "distance_weight": 0.2, "population_weight": 0.1, "traffic_weight": 0.3, "airspace_weight": 0.4, "path_nodes": 40, "path_node_ids": [2179, 2180, 2174, 2199, 2203, 2207, 2341, 2344, 2368, 2374, 2394, 2397, 2712, 2716, 2739, 2746, 2769, 2773, 3985, 3988, 3992, 3994, 4019, 4020, 4023, 4055, 4059, 4063, 4064, 5048, 5052, 5076, 5082, 5299, 5304, 5319, 5321, 5357, 5358, 5364], "elapsed_seconds": 0.028118300018832088, "status": "success", "failure_reason": "", "route_distance_km": 35.0695243590648, "distance_cost_sum": 38.596279476875054, "population_cost_sum": 23.651108783135093, "traffic_cost_sum": 14.425692925774984, "airspace_cost_sum": 33.8, "total_weighted_score": 27.932074651421015}, "geometry": {"type": "LineString", "coordinates": [[-90.15289905765549, 38.57128267769979], [-90.15845430205954, 38.57592253965332], [-90.16401026010618, 38.58056216167], [-90.16956693197352, 38.58520154361737], [-90.17512431783956, 38.5898406853631], [-90.18068241788241, 38.5944795867747], [-90.18624123228014, 38.59911824771971], [-90.19180076121087, 38.60375666806568], [-90.19736100485268, 38.60839484768009], [-90.20292196338367, 38.61303278643038], [-90.2084836369821, 38.617670484184025], [-90.21404602582597, 38.62230794080845], [-90.21960913009349, 38.62694515617101], [-90.22517294996291, 38.63158213013913], [-90.23073748561237, 38.63621886258013], [-90.23630273722006, 38.640855353361346], [-90.24186870496423, 38.645491602350084], [-90.24743538902311, 38.65012760941361], [-90.25300278957496, 38.654763374419176], [-90.25857090679797, 38.65939889723403], [-90.26413974087053, 38.66403417772537], [-90.26970929197084, 38.66866921576039], [-90.27527956027723, 38.67330401120623], [-90.28085054596801, 38.677938563930056], [-90.28642224922152, 38.68257287379895], [-90.29199467021606, 38.68720694068001], [-90.29756780913004, 38.69184076444029], [-90.3031416661418, 38.696474344946864], [-90.30888503852013, 38.69660675247757], [-90.31446001070607, 38.70123982903419], [-90.32003570136486, 38.70587266197814], [-90.32561211067481, 38.710505251176386], [-90.33118923881437, 38.715137596495865], [-90.3367670859619, 38.719769697803464], [-90.34234565229588, 38.724401554966114], [-90.34792493799469, 38.72903316785066], [-90.35350494323681, 38.73366453632395], [-90.35908566820065, 38.73829566025279], [-90.36466711306467, 38.742926539503976], [-90.37024927800739, 38.74755717394432]]}}, {"type": "Feature", "properties": {"route_run_id": "stl_st_louis_downtown_airport_to_st_louis_lambert_2026-03-07_0174", "route_pair": "st_louis_downtown_airport_to_st_louis_lambert", "route_pair_label": "St. Louis Downtown Airport to St. Louis Lambert", "origin_label": "St. Louis Downtown Airport", "destination_label": "St. Louis Lambert International Airport", "origin_lat": 38.5703611, "origin_lon": -90.1550833, "destination_lat": 38.7486982, "destination_lon": -90.3700257, "traffic_date": "2026-03-07", "traffic_dataset": "March 7th - Saturday", "weight_id": "w_0174", "distance_weight": 0.3, "population_weight": 0.0, "traffic_weight": 0.6, "airspace_weight": 0.1, "path_nodes": 46, "path_node_ids": [2179, 2180, 2172, 2176, 2200, 2204, 2317, 2340, 2346, 2371, 2391, 2389, 2388, 2390, 2382, 2383, 2718, 2723, 2629, 3300, 2630, 2655, 2657, 2670, 2674, 2690, 2694, 2696, 3997, 4003, 5000, 5001, 5026, 5031, 5046, 5050, 5052, 5076, 5082, 5299, 5304, 5319, 5321, 5357, 5358, 5364], "elapsed_seconds": 0.009628599975258112, "status": "success", "failure_reason": "", "route_distance_km": 37.84513438614575, "distance_cost_sum": 41.65101780828738, "population_cost_sum": 27.720961036439398, "traffic_cost_sum": 10.976639891492844, "airspace_cost_sum": 37.8, "total_weighted_score": 22.86128927738192}, "geometry": {"type": "LineString", "coordinates": [[-90.15289905765549, 38.57128267769979], [-90.15845430205954, 38.57592253965332], [-90.16418736160693, 38.57606168922697], [-90.16974371606538, 38.58070105309441], [-90.17530078436367, 38.58534017679984], [-90.1808585666797, 38.58997906021084], [-90.18641706319154, 38.594617703194956], [-90.1919762740773, 38.599256105619745], [-90.19753619951499, 38.60389426735269], [-90.20309683968271, 38.60853218826128], [-90.20865819475857, 38.61316986821297], [-90.21439446510948, 38.61330666920645], [-90.22013077435682, 38.613443189405075], [-90.22586712242094, 38.61357942880305], [-90.2316035092222, 38.613715387394656], [-90.2371671649366, 38.61835179018503], [-90.24273153599036, 38.622987951382164], [-90.24829662256141, 38.627623870853405], [-90.25403423671318, 38.627758770921055], [-90.2597718892317, 38.627893390019125], [-90.26533848396411, 38.63252854873545], [-90.27090579460699, 38.637163465274895], [-90.27647382133833, 38.64179813950475], [-90.28204256433611, 38.64643257129221], [-90.28761202377838, 38.651066760504534], [-90.29318219984313, 38.6557007070089], [-90.29875309270838, 38.6603344106725], [-90.29858387993494, 38.66483533065127], [-90.3041558105904, 38.669468808450944], [-90.30972845856238, 38.6741020431041], [-90.31530182402891, 38.678735034477825], [-90.32087590716817, 38.68336778243918], [-90.32070794108151, 38.68786876652711], [-90.32053993746693, 38.69236974652525], [-90.32611538157217, 38.69700228484725], [-90.32020381761771, 38.70137169425106], [-90.32003570136486, 38.70587266197814], [-90.32561211067481, 38.710505251176386], [-90.33118923881437, 38.715137596495865], [-90.3367670859619, 38.719769697803464], [-90.34234565229588, 38.724401554966114], [-90.34792493799469, 38.72903316785066], [-90.35350494323681, 38.73366453632395], [-90.35908566820065, 38.73829566025279], [-90.36466711306467, 38.742926539503976], [-90.37024927800739, 38.74755717394432]]}}, {"type": "Feature", "properties": {"route_run_id": "stl_st_louis_downtown_airport_to_st_louis_lambert_2026-03-07_0263", "route_pair": "st_louis_downtown_airport_to_st_louis_lambert", "route_pair_label": "St. Louis Downtown Airport to St. Louis Lambert", "origin_label": "St. Louis Downtown Airport", "destination_label": "St. Louis Lambert International Airport", "origin_lat": 38.5703611, "origin_lon": -90.1550833, "destination_lat": 38.7486982, "destination_lon": -90.3700257, "traffic_date": "2026-03-07", "traffic_dataset": "March 7th - Saturday", "weight_id": "w_0263", "distance_weight": 0.6, "population_weight": 0.2, "traffic_weight": 0.1, "airspace_weight": 0.1, "path_nodes": 40, "path_node_ids": [2179, 2180, 2174, 2199, 2203, 2207, 2341, 2344, 2368, 2374, 2394, 2397, 2712, 2716, 2739, 2746, 2769, 2773, 3985, 3988, 3992, 3994, 4019, 4020, 4023, 4055, 4059, 4063, 4064, 5048, 5052, 5076, 5082, 5299, 5304, 5319, 5321, 5357, 5358, 5364], "elapsed_seconds": 0.008160700090229511, "status": "success", "failure_reason": "", "route_distance_km": 35.0695243590648, "distance_cost_sum": 38.596279476875054, "population_cost_sum": 23.651108783135093, "traffic_cost_sum": 14.425692925774984, "airspace_cost_sum": 33.8, "total_weighted_score": 32.71055873532955}, "geometry": {"type": "LineString", "coordinates": [[-90.15289905765549, 38.57128267769979], [-90.15845430205954, 38.57592253965332], [-90.16401026010618, 38.58056216167], [-90.16956693197352, 38.58520154361737], [-90.17512431783956, 38.5898406853631], [-90.18068241788241, 38.5944795867747], [-90.18624123228014, 38.59911824771971], [-90.19180076121087, 38.60375666806568], [-90.19736100485268, 38.60839484768009], [-90.20292196338367, 38.61303278643038], [-90.2084836369821, 38.617670484184025], [-90.21404602582597, 38.62230794080845], [-90.21960913009349, 38.62694515617101], [-90.22517294996291, 38.63158213013913], [-90.23073748561237, 38.63621886258013], [-90.23630273722006, 38.640855353361346], [-90.24186870496423, 38.645491602350084], [-90.24743538902311, 38.65012760941361], [-90.25300278957496, 38.654763374419176], [-90.25857090679797, 38.65939889723403], [-90.26413974087053, 38.66403417772537], [-90.26970929197084, 38.66866921576039], [-90.27527956027723, 38.67330401120623], [-90.28085054596801, 38.677938563930056], [-90.28642224922152, 38.68257287379895], [-90.29199467021606, 38.68720694068001], [-90.29756780913004, 38.69184076444029], [-90.3031416661418, 38.696474344946864], [-90.30888503852013, 38.69660675247757], [-90.31446001070607, 38.70123982903419], [-90.32003570136486, 38.70587266197814], [-90.32561211067481, 38.710505251176386], [-90.33118923881437, 38.715137596495865], [-90.3367670859619, 38.719769697803464], [-90.34234565229588, 38.724401554966114], [-90.34792493799469, 38.72903316785066], [-90.35350494323681, 38.73366453632395], [-90.35908566820065, 38.73829566025279], [-90.36466711306467, 38.742926539503976], [-90.37024927800739, 38.74755717394432]]}}, {"type": "Feature", "properties": {"route_run_id": "stl_st_louis_downtown_airport_to_st_louis_lambert_2026-03-07_0077", "route_pair": "st_louis_downtown_airport_to_st_louis_lambert", "route_pair_label": "St. Louis Downtown Airport to St. Louis Lambert", "origin_label": "St. Louis Downtown Airport", "destination_label": "St. Louis Lambert International Airport", "origin_lat": 38.5703611, "origin_lon": -90.1550833, "destination_lat": 38.7486982, "destination_lon": -90.3700257, "traffic_date": "2026-03-07", "traffic_dataset": "March 7th - Saturday", "weight_id": "w_0077", "distance_weight": 0.1, "population_weight": 0.1, "traffic_weight": 0.0, "airspace_weight": 0.8, "path_nodes": 40, "path_node_ids": [2179, 2180, 2174, 2199, 2203, 2207, 2341, 2344, 2368, 2374, 2394, 2397, 2712, 2716, 2739, 2746, 2769, 2773, 3985, 3988, 3992, 3994, 4019, 4017, 4022, 4029, 4034, 4060, 4064, 5048, 5052, 5076, 5082, 5299, 5304, 5319, 5321, 5357, 5358, 5364], "elapsed_seconds": 0.04747620003763586, "status": "success", "failure_reason": "", "route_distance_km": 35.06932923764436, "distance_cost_sum": 38.59606473313351, "population_cost_sum": 24.787572976016946, "traffic_cost_sum": 15.41417932224777, "airspace_cost_sum": 33.4, "total_weighted_score": 33.05836377091505}, "geometry": {"type": "LineString", "coordinates": [[-90.15289905765549, 38.57128267769979], [-90.15845430205954, 38.57592253965332], [-90.16401026010618, 38.58056216167], [-90.16956693197352, 38.58520154361737], [-90.17512431783956, 38.5898406853631], [-90.18068241788241, 38.5944795867747], [-90.18624123228014, 38.59911824771971], [-90.19180076121087, 38.60375666806568], [-90.19736100485268, 38.60839484768009], [-90.20292196338367, 38.61303278643038], [-90.2084836369821, 38.617670484184025], [-90.21404602582597, 38.62230794080845], [-90.21960913009349, 38.62694515617101], [-90.22517294996291, 38.63158213013913], [-90.23073748561237, 38.63621886258013], [-90.23630273722006, 38.640855353361346], [-90.24186870496423, 38.645491602350084], [-90.24743538902311, 38.65012760941361], [-90.25300278957496, 38.654763374419176], [-90.25857090679797, 38.65939889723403], [-90.26413974087053, 38.66403417772537], [-90.26970929197084, 38.66866921576039], [-90.27527956027723, 38.67330401120623], [-90.28102094844074, 38.67343772015905], [-90.28659233093768, 38.67807201278429], [-90.29216443101578, 38.68270606246168], [-90.29773724885335, 38.68733986905835], [-90.30331078462868, 38.69197343244128], [-90.30888503852013, 38.69660675247757], [-90.31446001070607, 38.70123982903419], [-90.32003570136486, 38.70587266197814], [-90.32561211067481, 38.710505251176386], [-90.33118923881437, 38.715137596495865], [-90.3367670859619, 38.719769697803464], [-90.34234565229588, 38.724401554966114], [-90.34792493799469, 38.72903316785066], [-90.35350494323681, 38.73366453632395], [-90.35908566820065, 38.73829566025279], [-90.36466711306467, 38.742926539503976], [-90.37024927800739, 38.74755717394432]]}}, {"type": "Feature", "properties": {"route_run_id": "stl_st_louis_downtown_airport_to_st_louis_lambert_2026-03-07_0157", "route_pair": "st_louis_downtown_airport_to_st_louis_lambert", "route_pair_label": "St. Louis Downtown Airport to St. Louis Lambert", "origin_label": "St. Louis Downtown Airport", "destination_label": "St. Louis Lambert International Airport", "origin_lat": 38.5703611, "origin_lon": -90.1550833, "destination_lat": 38.7486982, "destination_lon": -90.3700257, "traffic_date": "2026-03-07", "traffic_dataset": "March 7th - Saturday", "weight_id": "w_0157", "distance_weight": 0.2, "population_weight": 0.5, "traffic_weight": 0.0, "airspace_weight": 0.3, "path_nodes": 54, "path_node_ids": [2179, 2180, 2183, 2186, 2419, 2423, 2448, 2452, 2454, 2457, 2481, 2485, 2808, 2811, 2812, 2816, 2858, 2863, 2864, 2795, 2796, 3899, 3902, 3914, 3948, 3947, 3952, 3940, 3977, 3976, 3941, 4043, 4066, 4067, 4068, 4185, 4187, 4188, 4076, 4075, 4082, 4084, 5080, 5084, 5310, 5311, 5337, 5320, 5322, 5323, 5346, 5357, 5358, 5364], "elapsed_seconds": 0.03057020006235689, "status": "success", "failure_reason": "", "route_distance_km": 41.922986936307204, "distance_cost_sum": 46.13895825139281, "population_cost_sum": 9.018797265828733, "traffic_cost_sum": 39.73702580413471, "airspace_cost_sum": 44.2, "total_weighted_score": 26.997190283192932}, "geometry": {"type": "LineString", "coordinates": [[-90.15289905765549, 38.57128267769979], [-90.15845430205954, 38.57592253965332], [-90.15827684369297, 38.58042298981685], [-90.1580993457009, 38.58492343582021], [-90.15792180807382, 38.58942387766302], [-90.16347871828971, 38.59406355405304], [-90.1690363428032, 38.598702990254786], [-90.17459468179258, 38.60334218613583], [-90.18015373543601, 38.6079811415637], [-90.17997742923725, 38.612481651524796], [-90.17980108366437, 38.616982157334434], [-90.1796246987078, 38.62148265899229], [-90.179448274358, 38.625983156498016], [-90.17353434470424, 38.6303450755264], [-90.17335748369, 38.63484554254923], [-90.17318058317427, 38.63934600541629], [-90.17300364314747, 38.64384646412727], [-90.17856556137721, 38.64848558173427], [-90.17838890046788, 38.65298605432084], [-90.18395185376184, 38.657624948976824], [-90.18951552366053, 38.66226360251709], [-90.1950799103427, 38.666902014808954], [-90.200645013987, 38.67154018571967], [-90.20621083477218, 38.67617811511645], [-90.21177737287698, 38.68081580286656], [-90.21751905445252, 38.68095265114052], [-90.22308670781703, 38.685589837485246], [-90.22882882604138, 38.685726144608395], [-90.23439759481155, 38.69036282917826], [-90.24014014948251, 38.69049859495047], [-90.24605541323987, 38.68613337677085], [-90.2517976862147, 38.68626855773688], [-90.25736804511756, 38.69090420272148], [-90.26311075393669, 38.69103884211091], [-90.26868222818311, 38.695673984376505], [-90.27425442059507, 38.700308883813186], [-90.27999796237877, 38.700442721166475], [-90.28557127047641, 38.70507711728869], [-90.29148516021279, 38.700709550716724], [-90.297228816103, 38.700842542902386], [-90.30280331580018, 38.70547615766316], [-90.30837853409372, 38.710109528957155], [-90.31395447116216, 38.71474265665128], [-90.31378588266769, 38.71924359100243], [-90.31936286061908, 38.72387649197406], [-90.32494055786266, 38.72850914903958], [-90.330518974577, 38.7331415620659], [-90.33626541075455, 38.733272728767844], [-90.3420118843105, 38.73340361338185], [-90.34775839516463, 38.73353421590239], [-90.35333872308522, 38.73816560113835], [-90.35908566820065, 38.73829566025279], [-90.36466711306467, 38.742926539503976], [-90.37024927800739, 38.74755717394432]]}}, {"type": "Feature", "properties": {"route_run_id": "stl_st_louis_downtown_airport_to_st_louis_lambert_2026-03-07_0088", "route_pair": "st_louis_downtown_airport_to_st_louis_lambert", "route_pair_label": "St. Louis Downtown Airport to St. Louis Lambert", "origin_label": "St. Louis Downtown Airport", "destination_label": "St. Louis Lambert International Airport", "origin_lat": 38.5703611, "origin_lon": -90.1550833, "destination_lat": 38.7486982, "destination_lon": -90.3700257, "traffic_date": "2026-03-07", "traffic_dataset": "March 7th - Saturday", "weight_id": "w_0088", "distance_weight": 0.1, "population_weight": 0.2, "traffic_weight": 0.2, "airspace_weight": 0.5, "path_nodes": 40, "path_node_ids": [2179, 2180, 2174, 2199, 2203, 2207, 2341, 2344, 2368, 2374, 2394, 2397, 2712, 2716, 2739, 2746, 2769, 2773, 3985, 3988, 3992, 3994, 4019, 4020, 4023, 4055, 4059, 4063, 4064, 5048, 5052, 5076, 5082, 5299, 5304, 5319, 5321, 5357, 5358, 5364], "elapsed_seconds": 0.0476259000133723, "status": "success", "failure_reason": "", "route_distance_km": 35.0695243590648, "distance_cost_sum": 38.596279476875054, "population_cost_sum": 23.651108783135093, "traffic_cost_sum": 14.425692925774984, "airspace_cost_sum": 33.8, "total_weighted_score": 28.37498828946952}, "geometry": {"type": "LineString", "coordinates": [[-90.15289905765549, 38.57128267769979], [-90.15845430205954, 38.57592253965332], [-90.16401026010618, 38.58056216167], [-90.16956693197352, 38.58520154361737], [-90.17512431783956, 38.5898406853631], [-90.18068241788241, 38.5944795867747], [-90.18624123228014, 38.59911824771971], [-90.19180076121087, 38.60375666806568], [-90.19736100485268, 38.60839484768009], [-90.20292196338367, 38.61303278643038], [-90.2084836369821, 38.617670484184025], [-90.21404602582597, 38.62230794080845], [-90.21960913009349, 38.62694515617101], [-90.22517294996291, 38.63158213013913], [-90.23073748561237, 38.63621886258013], [-90.23630273722006, 38.640855353361346], [-90.24186870496423, 38.645491602350084], [-90.24743538902311, 38.65012760941361], [-90.25300278957496, 38.654763374419176], [-90.25857090679797, 38.65939889723403], [-90.26413974087053, 38.66403417772537], [-90.26970929197084, 38.66866921576039], [-90.27527956027723, 38.67330401120623], [-90.28085054596801, 38.677938563930056], [-90.28642224922152, 38.68257287379895], [-90.29199467021606, 38.68720694068001], [-90.29756780913004, 38.69184076444029], [-90.3031416661418, 38.696474344946864], [-90.30888503852013, 38.69660675247757], [-90.31446001070607, 38.70123982903419], [-90.32003570136486, 38.70587266197814], [-90.32561211067481, 38.710505251176386], [-90.33118923881437, 38.715137596495865], [-90.3367670859619, 38.719769697803464], [-90.34234565229588, 38.724401554966114], [-90.34792493799469, 38.72903316785066], [-90.35350494323681, 38.73366453632395], [-90.35908566820065, 38.73829566025279], [-90.36466711306467, 38.742926539503976], [-90.37024927800739, 38.74755717394432]]}}, {"type": "Feature", "properties": {"route_run_id": "stl_st_louis_downtown_airport_to_st_louis_lambert_2026-03-07_0007", "route_pair": "st_louis_downtown_airport_to_st_louis_lambert", "route_pair_label": "St. Louis Downtown Airport to St. Louis Lambert", "origin_label": "St. Louis Downtown Airport", "destination_label": "St. Louis Lambert International Airport", "origin_lat": 38.5703611, "origin_lon": -90.1550833, "destination_lat": 38.7486982, "destination_lon": -90.3700257, "traffic_date": "2026-03-07", "traffic_dataset": "March 7th - Saturday", "weight_id": "w_0007", "distance_weight": 0.0, "population_weight": 0.0, "traffic_weight": 0.6, "airspace_weight": 0.4, "path_nodes": 43, "path_node_ids": [2179, 2180, 2172, 2176, 2200, 2204, 2317, 2340, 2346, 2371, 2391, 2389, 2392, 2396, 2724, 2727, 2742, 2743, 2681, 2682, 2685, 3987, 3993, 4006, 4008, 4021, 4045, 4047, 4058, 4059, 4063, 4064, 5048, 5052, 5076, 5082, 5299, 5304, 5319, 5321, 5357, 5358, 5364], "elapsed_seconds": 0.043942200019955635, "status": "success", "failure_reason": "", "route_distance_km": 36.722202807088216, "distance_cost_sum": 40.415158986395184, "population_cost_sum": 27.651977528032873, "traffic_cost_sum": 12.102782567946832, "airspace_cost_sum": 35.6, "total_weighted_score": 21.501669540768102}, "geometry": {"type": "LineString", "coordinates": [[-90.15289905765549, 38.57128267769979], [-90.15845430205954, 38.57592253965332], [-90.16418736160693, 38.57606168922697], [-90.16974371606538, 38.58070105309441], [-90.17530078436367, 38.58534017679984], [-90.1808585666797, 38.58997906021084], [-90.18641706319154, 38.594617703194956], [-90.1919762740773, 38.599256105619745], [-90.19753619951499, 38.60389426735269], [-90.20309683968271, 38.60853218826128], [-90.20865819475857, 38.61316986821297], [-90.21439446510948, 38.61330666920645], [-90.21995693176504, 38.61794384912666], [-90.22552011370372, 38.622580787732026], [-90.23108401110366, 38.627217484889904], [-90.23664862414297, 38.63185394046768], [-90.24221395299979, 38.63649015433267], [-90.24777999785228, 38.641126126352205], [-90.25334675887852, 38.64576185639355], [-90.25891423625677, 38.65039734432395], [-90.26448243016516, 38.6550325900107], [-90.26431110465388, 38.659533385925144], [-90.2583991845453, 38.663899667513896], [-90.26396833880578, 38.66853496541107], [-90.26953821025378, 38.673170020811966], [-90.2751087990677, 38.67780483358376], [-90.28068010542587, 38.682439403593555], [-90.28625212950666, 38.68707373070842], [-90.29182487148844, 38.69170781479548], [-90.29756780913004, 38.69184076444029], [-90.3031416661418, 38.696474344946864], [-90.30888503852013, 38.69660675247757], [-90.31446001070607, 38.70123982903419], [-90.32003570136486, 38.70587266197814], [-90.32561211067481, 38.710505251176386], [-90.33118923881437, 38.715137596495865], [-90.3367670859619, 38.719769697803464], [-90.34234565229588, 38.724401554966114], [-90.34792493799469, 38.72903316785066], [-90.35350494323681, 38.73366453632395], [-90.35908566820065, 38.73829566025279], [-90.36466711306467, 38.742926539503976], [-90.37024927800739, 38.74755717394432]]}}, {"type": "Feature", "properties": {"route_run_id": "stl_st_louis_downtown_airport_to_st_louis_lambert_2026-03-07_0090", "route_pair": "st_louis_downtown_airport_to_st_louis_lambert", "route_pair_label": "St. Louis Downtown Airport to St. Louis Lambert", "origin_label": "St. Louis Downtown Airport", "destination_label": "St. Louis Lambert International Airport", "origin_lat": 38.5703611, "origin_lon": -90.1550833, "destination_lat": 38.7486982, "destination_lon": -90.3700257, "traffic_date": "2026-03-07", "traffic_dataset": "March 7th - Saturday", "weight_id": "w_0090", "distance_weight": 0.1, "population_weight": 0.2, "traffic_weight": 0.4, "airspace_weight": 0.3, "path_nodes": 41, "path_node_ids": [2179, 2180, 2183, 2198, 2202, 2206, 2449, 2345, 2370, 2373, 2398, 2709, 2711, 2714, 2750, 2744, 2770, 2772, 2777, 3989, 3993, 4006, 4008, 4021, 4045, 4047, 4058, 4059, 4063, 4064, 5048, 5052, 5076, 5082, 5299, 5304, 5319, 5321, 5357, 5358, 5364], "elapsed_seconds": 0.04580369999166578, "status": "success", "failure_reason": "", "route_distance_km": 35.44516965599588, "distance_cost_sum": 39.00970141884611, "population_cost_sum": 23.447934484851842, "traffic_cost_sum": 13.596616574214913, "airspace_cost_sum": 34.4, "total_weighted_score": 24.349203668540948}, "geometry": {"type": "LineString", "coordinates": [[-90.15289905765549, 38.57128267769979], [-90.15845430205954, 38.57592253965332], [-90.15827684369297, 38.58042298981685], [-90.16383311905943, 38.58506262995554], [-90.16939010840554, 38.58970202998531], [-90.17494781190939, 38.59434118977373], [-90.18050622974906, 38.59898010918833], [-90.18606536210271, 38.60361878809667], [-90.19162520914848, 38.60825722636621], [-90.19718577106451, 38.612895423864465], [-90.20274704802898, 38.61753338045887], [-90.2083090402201, 38.622171096016864], [-90.21387174781604, 38.62680857040582], [-90.21943517099498, 38.631445803493165], [-90.22499930993523, 38.636082795146216], [-90.23056416481495, 38.64071954523234], [-90.2361297358124, 38.64535605361884], [-90.24169602310592, 38.649992320172984], [-90.24726302687371, 38.65462834476206], [-90.25283074729404, 38.65926412725328], [-90.2583991845453, 38.663899667513896], [-90.26396833880578, 38.66853496541107], [-90.26953821025378, 38.673170020811966], [-90.2751087990677, 38.67780483358376], [-90.28068010542587, 38.682439403593555], [-90.28625212950666, 38.68707373070842], [-90.29182487148844, 38.69170781479548], [-90.29756780913004, 38.69184076444029], [-90.3031416661418, 38.696474344946864], [-90.30888503852013, 38.69660675247757], [-90.31446001070607, 38.70123982903419], [-90.32003570136486, 38.70587266197814], [-90.32561211067481, 38.710505251176386], [-90.33118923881437, 38.715137596495865], [-90.3367670859619, 38.719769697803464], [-90.34234565229588, 38.724401554966114], [-90.34792493799469, 38.72903316785066], [-90.35350494323681, 38.73366453632395], [-90.35908566820065, 38.73829566025279], [-90.36466711306467, 38.742926539503976], [-90.37024927800739, 38.74755717394432]]}}, {"type": "Feature", "properties": {"route_run_id": "stl_st_louis_downtown_airport_to_st_louis_lambert_2026-03-07_0148", "route_pair": "st_louis_downtown_airport_to_st_louis_lambert", "route_pair_label": "St. Louis Downtown Airport to St. Louis Lambert", "origin_label": "St. Louis Downtown Airport", "destination_label": "St. Louis Lambert International Airport", "origin_lat": 38.5703611, "origin_lon": -90.1550833, "destination_lat": 38.7486982, "destination_lon": -90.3700257, "traffic_date": "2026-03-07", "traffic_dataset": "March 7th - Saturday", "weight_id": "w_0148", "distance_weight": 0.2, "population_weight": 0.3, "traffic_weight": 0.2, "airspace_weight": 0.3, "path_nodes": 41, "path_node_ids": [2179, 2180, 2183, 2198, 2202, 2206, 2449, 2345, 2370, 2373, 2398, 2709, 2711, 2714, 2750, 2744, 2770, 2772, 2777, 3989, 3993, 4006, 3994, 4019, 4020, 4023, 4055, 4059, 4063, 4064, 5048, 5052, 5076, 5082, 5299, 5304, 5319, 5321, 5357, 5358, 5364], "elapsed_seconds": 0.030432899948209524, "status": "success", "failure_reason": "", "route_distance_km": 35.444974610774196, "distance_cost_sum": 39.00948675896621, "population_cost_sum": 22.999382459977298, "traffic_cost_sum": 13.969149855183435, "airspace_cost_sum": 34.4, "total_weighted_score": 27.81554206082312}, "geometry": {"type": "LineString", "coordinates": [[-90.15289905765549, 38.57128267769979], [-90.15845430205954, 38.57592253965332], [-90.15827684369297, 38.58042298981685], [-90.16383311905943, 38.58506262995554], [-90.16939010840554, 38.58970202998531], [-90.17494781190939, 38.59434118977373], [-90.18050622974906, 38.59898010918833], [-90.18606536210271, 38.60361878809667], [-90.19162520914848, 38.60825722636621], [-90.19718577106451, 38.612895423864465], [-90.20274704802898, 38.61753338045887], [-90.2083090402201, 38.622171096016864], [-90.21387174781604, 38.62680857040582], [-90.21943517099498, 38.631445803493165], [-90.22499930993523, 38.636082795146216], [-90.23056416481495, 38.64071954523234], [-90.2361297358124, 38.64535605361884], [-90.24169602310592, 38.649992320172984], [-90.24726302687371, 38.65462834476206], [-90.25283074729404, 38.65926412725328], [-90.2583991845453, 38.663899667513896], [-90.26396833880578, 38.66853496541107], [-90.26970929197084, 38.66866921576039], [-90.27527956027723, 38.67330401120623], [-90.28085054596801, 38.677938563930056], [-90.28642224922152, 38.68257287379895], [-90.29199467021606, 38.68720694068001], [-90.29756780913004, 38.69184076444029], [-90.3031416661418, 38.696474344946864], [-90.30888503852013, 38.69660675247757], [-90.31446001070607, 38.70123982903419], [-90.32003570136486, 38.70587266197814], [-90.32561211067481, 38.710505251176386], [-90.33118923881437, 38.715137596495865], [-90.3367670859619, 38.719769697803464], [-90.34234565229588, 38.724401554966114], [-90.34792493799469, 38.72903316785066], [-90.35350494323681, 38.73366453632395], [-90.35908566820065, 38.73829566025279], [-90.36466711306467, 38.742926539503976], [-90.37024927800739, 38.74755717394432]]}}, {"type": "Feature", "properties": {"route_run_id": "stl_st_louis_downtown_airport_to_st_louis_lambert_2026-03-07_0070", "route_pair": "st_louis_downtown_airport_to_st_louis_lambert", "route_pair_label": "St. Louis Downtown Airport to St. Louis Lambert", "origin_label": "St. Louis Downtown Airport", "destination_label": "St. Louis Lambert International Airport", "origin_lat": 38.5703611, "origin_lon": -90.1550833, "destination_lat": 38.7486982, "destination_lon": -90.3700257, "traffic_date": "2026-03-07", "traffic_dataset": "March 7th - Saturday", "weight_id": "w_0070", "distance_weight": 0.1, "population_weight": 0.0, "traffic_weight": 0.3, "airspace_weight": 0.6, "path_nodes": 40, "path_node_ids": [2179, 2180, 2174, 2199, 2203, 2207, 2341, 2344, 2368, 2374, 2394, 2397, 2712, 2716, 2739, 2746, 2769, 2773, 3985, 3988, 3992, 3994, 4019, 4020, 4023, 4055, 4059, 4063, 4064, 5048, 5052, 5076, 5082, 5299, 5304, 5319, 5321, 5357, 5358, 5364], "elapsed_seconds": 0.04834460001438856, "status": "success", "failure_reason": "", "route_distance_km": 35.0695243590648, "distance_cost_sum": 38.596279476875054, "population_cost_sum": 23.651108783135093, "traffic_cost_sum": 14.425692925774984, "airspace_cost_sum": 33.8, "total_weighted_score": 28.467335825419998}, "geometry": {"type": "LineString", "coordinates": [[-90.15289905765549, 38.57128267769979], [-90.15845430205954, 38.57592253965332], [-90.16401026010618, 38.58056216167], [-90.16956693197352, 38.58520154361737], [-90.17512431783956, 38.5898406853631], [-90.18068241788241, 38.5944795867747], [-90.18624123228014, 38.59911824771971], [-90.19180076121087, 38.60375666806568], [-90.19736100485268, 38.60839484768009], [-90.20292196338367, 38.61303278643038], [-90.2084836369821, 38.617670484184025], [-90.21404602582597, 38.62230794080845], [-90.21960913009349, 38.62694515617101], [-90.22517294996291, 38.63158213013913], [-90.23073748561237, 38.63621886258013], [-90.23630273722006, 38.640855353361346], [-90.24186870496423, 38.645491602350084], [-90.24743538902311, 38.65012760941361], [-90.25300278957496, 38.654763374419176], [-90.25857090679797, 38.65939889723403], [-90.26413974087053, 38.66403417772537], [-90.26970929197084, 38.66866921576039], [-90.27527956027723, 38.67330401120623], [-90.28085054596801, 38.677938563930056], [-90.28642224922152, 38.68257287379895], [-90.29199467021606, 38.68720694068001], [-90.29756780913004, 38.69184076444029], [-90.3031416661418, 38.696474344946864], [-90.30888503852013, 38.69660675247757], [-90.31446001070607, 38.70123982903419], [-90.32003570136486, 38.70587266197814], [-90.32561211067481, 38.710505251176386], [-90.33118923881437, 38.715137596495865], [-90.3367670859619, 38.719769697803464], [-90.34234565229588, 38.724401554966114], [-90.34792493799469, 38.72903316785066], [-90.35350494323681, 38.73366453632395], [-90.35908566820065, 38.73829566025279], [-90.36466711306467, 38.742926539503976], [-90.37024927800739, 38.74755717394432]]}}, {"type": "Feature", "properties": {"route_run_id": "stl_st_louis_downtown_airport_to_st_louis_lambert_2026-03-07_0121", "route_pair": "st_louis_downtown_airport_to_st_louis_lambert", "route_pair_label": "St. Louis Downtown Airport to St. Louis Lambert", "origin_label": "St. Louis Downtown Airport", "destination_label": "St. Louis Lambert International Airport", "origin_lat": 38.5703611, "origin_lon": -90.1550833, "destination_lat": 38.7486982, "destination_lon": -90.3700257, "traffic_date": "2026-03-07", "traffic_dataset": "March 7th - Saturday", "weight_id": "w_0121", "distance_weight": 0.1, "population_weight": 0.9, "traffic_weight": 0.0, "airspace_weight": 0.0, "path_nodes": 59, "path_node_ids": [2179, 2180, 2183, 2186, 2419, 2423, 2448, 2452, 2455, 2478, 2482, 2483, 2487, 2811, 2812, 2816, 2858, 2863, 2864, 2889, 2892, 2895, 3904, 3925, 3930, 3934, 3958, 3962, 3967, 3954, 3953, 3966, 3944, 3977, 3976, 3941, 4043, 4066, 4067, 4068, 4185, 4187, 4188, 4076, 4075, 4082, 4084, 5080, 5084, 5310, 5311, 5337, 5320, 5322, 5323, 5346, 5357, 5358, 5364], "elapsed_seconds": 0.022936200024560094, "status": "success", "failure_reason": "", "route_distance_km": 43.80569615290962, "distance_cost_sum": 48.211001497650656, "population_cost_sum": 8.3104874945489, "traffic_cost_sum": 39.31531115807369, "airspace_cost_sum": 47.6, "total_weighted_score": 12.300538894859075}, "geometry": {"type": "LineString", "coordinates": [[-90.15289905765549, 38.57128267769979], [-90.15845430205954, 38.57592253965332], [-90.15827684369297, 38.58042298981685], [-90.1580993457009, 38.58492343582021], [-90.15792180807382, 38.58942387766302], [-90.16347871828971, 38.59406355405304], [-90.1690363428032, 38.598702990254786], [-90.17459468179258, 38.60334218613583], [-90.17441805758689, 38.60784267808668], [-90.174241393937, 38.61234316588366], [-90.17406469083332, 38.61684364952644], [-90.17388794826633, 38.621344129014695], [-90.17371116622648, 38.62584460434813], [-90.17353434470424, 38.6303450755264], [-90.17335748369, 38.63484554254923], [-90.17318058317427, 38.63934600541629], [-90.17300364314747, 38.64384646412727], [-90.17856556137721, 38.64848558173427], [-90.17838890046788, 38.65298605432084], [-90.17821220009857, 38.65748652275311], [-90.17803546025965, 38.66198698703078], [-90.17785868094164, 38.666487447153536], [-90.18342259105025, 38.67112639580074], [-90.1889872182426, 38.67576510321293], [-90.18881103775325, 38.6802655951445], [-90.19437670160657, 38.684904079111234], [-90.19420080122836, 38.68940458481685], [-90.19976750231159, 38.694042845128145], [-90.20551018229601, 38.69418032229077], [-90.21142776429718, 38.68981695033316], [-90.2171701635404, 38.68995384239636], [-90.2229126017605, 38.690090452895454], [-90.22865507887754, 38.69022678182468], [-90.23439759481155, 38.69036282917826], [-90.24014014948251, 38.69049859495047], [-90.24605541323987, 38.68613337677085], [-90.2517976862147, 38.68626855773688], [-90.25736804511756, 38.69090420272148], [-90.26311075393669, 38.69103884211091], [-90.26868222818311, 38.695673984376505], [-90.27425442059507, 38.700308883813186], [-90.27999796237877, 38.700442721166475], [-90.28557127047641, 38.70507711728869], [-90.29148516021279, 38.700709550716724], [-90.297228816103, 38.700842542902386], [-90.30280331580018, 38.70547615766316], [-90.30837853409372, 38.710109528957155], [-90.31395447116216, 38.71474265665128], [-90.31378588266769, 38.71924359100243], [-90.31936286061908, 38.72387649197406], [-90.32494055786266, 38.72850914903958], [-90.330518974577, 38.7331415620659], [-90.33626541075455, 38.733272728767844], [-90.3420118843105, 38.73340361338185], [-90.34775839516463, 38.73353421590239], [-90.35333872308522, 38.73816560113835], [-90.35908566820065, 38.73829566025279], [-90.36466711306467, 38.742926539503976], [-90.37024927800739, 38.74755717394432]]}}, {"type": "Feature", "properties": {"route_run_id": "stl_st_louis_downtown_airport_to_st_louis_lambert_2026-03-07_0170", "route_pair": "st_louis_downtown_airport_to_st_louis_lambert", "route_pair_label": "St. Louis Downtown Airport to St. Louis Lambert", "origin_label": "St. Louis Downtown Airport", "destination_label": "St. Louis Lambert International Airport", "origin_lat": 38.5703611, "origin_lon": -90.1550833, "destination_lat": 38.7486982, "destination_lon": -90.3700257, "traffic_date": "2026-03-07", "traffic_dataset": "March 7th - Saturday", "weight_id": "w_0170", "distance_weight": 0.3, "population_weight": 0.0, "traffic_weight": 0.2, "airspace_weight": 0.5, "path_nodes": 40, "path_node_ids": [2179, 2180, 2174, 2199, 2203, 2207, 2341, 2344, 2368, 2374, 2394, 2397, 2712, 2716, 2739, 2746, 2769, 2747, 2684, 2687, 3987, 3990, 4016, 4017, 4022, 4029, 4034, 4060, 4064, 5048, 5052, 5076, 5082, 5299, 5304, 5319, 5321, 5357, 5358, 5364], "elapsed_seconds": 0.023068999988026917, "status": "success", "failure_reason": "", "route_distance_km": 35.06909548721607, "distance_cost_sum": 38.5958074756707, "population_cost_sum": 25.61136132378821, "traffic_cost_sum": 15.3602348791462, "airspace_cost_sum": 33.4, "total_weighted_score": 31.35078921853045}, "geometry": {"type": "LineString", "coordinates": [[-90.15289905765549, 38.57128267769979], [-90.15845430205954, 38.57592253965332], [-90.16401026010618, 38.58056216167], [-90.16956693197352, 38.58520154361737], [-90.17512431783956, 38.5898406853631], [-90.18068241788241, 38.5944795867747], [-90.18624123228014, 38.59911824771971], [-90.19180076121087, 38.60375666806568], [-90.19736100485268, 38.60839484768009], [-90.20292196338367, 38.61303278643038], [-90.2084836369821, 38.617670484184025], [-90.21404602582597, 38.62230794080845], [-90.21960913009349, 38.62694515617101], [-90.22517294996291, 38.63158213013913], [-90.23073748561237, 38.63621886258013], [-90.23630273722006, 38.640855353361346], [-90.24186870496423, 38.645491602350084], [-90.24760771267954, 38.645626869943555], [-90.25317479343335, 38.65026261746583], [-90.25874259069872, 38.654898122837295], [-90.26431110465388, 38.659533385925144], [-90.26988033547711, 38.664168406596616], [-90.27545028334664, 38.66880318471887], [-90.28102094844074, 38.67343772015905], [-90.28659233093768, 38.67807201278429], [-90.29216443101578, 38.68270606246168], [-90.29773724885335, 38.68733986905835], [-90.30331078462868, 38.69197343244128], [-90.30888503852013, 38.69660675247757], [-90.31446001070607, 38.70123982903419], [-90.32003570136486, 38.70587266197814], [-90.32561211067481, 38.710505251176386], [-90.33118923881437, 38.715137596495865], [-90.3367670859619, 38.719769697803464], [-90.34234565229588, 38.724401554966114], [-90.34792493799469, 38.72903316785066], [-90.35350494323681, 38.73366453632395], [-90.35908566820065, 38.73829566025279], [-90.36466711306467, 38.742926539503976], [-90.37024927800739, 38.74755717394432]]}}, {"type": "Feature", "properties": {"route_run_id": "stl_st_louis_downtown_airport_to_st_louis_lambert_2026-03-07_0253", "route_pair": "st_louis_downtown_airport_to_st_louis_lambert", "route_pair_label": "St. Louis Downtown Airport to St. Louis Lambert", "origin_label": "St. Louis Downtown Airport", "destination_label": "St. Louis Lambert International Airport", "origin_lat": 38.5703611, "origin_lon": -90.1550833, "destination_lat": 38.7486982, "destination_lon": -90.3700257, "traffic_date": "2026-03-07", "traffic_dataset": "March 7th - Saturday", "weight_id": "w_0253", "distance_weight": 0.6, "population_weight": 0.0, "traffic_weight": 0.0, "airspace_weight": 0.4, "path_nodes": 40, "path_node_ids": [2179, 2147, 2172, 2176, 2200, 2204, 2317, 2340, 2346, 2371, 2391, 2395, 2708, 2713, 2738, 2741, 2745, 2747, 2684, 2687, 3987, 3990, 4016, 4017, 4022, 4029, 4034, 4060, 4064, 5048, 5052, 5076, 5082, 5299, 5304, 5319, 5321, 5357, 5358, 5364], "elapsed_seconds": 0.007825299981050193, "status": "success", "failure_reason": "", "route_distance_km": 35.06847425714207, "distance_cost_sum": 38.5951237717998, "population_cost_sum": 26.02381511715049, "traffic_cost_sum": 16.149378808043295, "airspace_cost_sum": 33.4, "total_weighted_score": 36.51707426307988}, "geometry": {"type": "LineString", "coordinates": [[-90.15289905765549, 38.57128267769979], [-90.15863172081019, 38.571422085329914], [-90.16418736160693, 38.57606168922697], [-90.16974371606538, 38.58070105309441], [-90.17530078436367, 38.58534017679984], [-90.1808585666797, 38.58997906021084], [-90.18641706319154, 38.594617703194956], [-90.1919762740773, 38.599256105619745], [-90.19753619951499, 38.60389426735269], [-90.20309683968271, 38.60853218826128], [-90.20865819475857, 38.61316986821297], [-90.21422026492066, 38.617807307075225], [-90.21978305034705, 38.62244450471542], [-90.22534655121595, 38.62708146100096], [-90.2309107677055, 38.63171817579922], [-90.2364756999938, 38.63635464897752], [-90.2420413482591, 38.64099088040321], [-90.24760771267954, 38.645626869943555], [-90.25317479343335, 38.65026261746583], [-90.25874259069872, 38.654898122837295], [-90.26431110465388, 38.659533385925144], [-90.26988033547711, 38.664168406596616], [-90.27545028334664, 38.66880318471887], [-90.28102094844074, 38.67343772015905], [-90.28659233093768, 38.67807201278429], [-90.29216443101578, 38.68270606246168], [-90.29773724885335, 38.68733986905835], [-90.30331078462868, 38.69197343244128], [-90.30888503852013, 38.69660675247757], [-90.31446001070607, 38.70123982903419], [-90.32003570136486, 38.70587266197814], [-90.32561211067481, 38.710505251176386], [-90.33118923881437, 38.715137596495865], [-90.3367670859619, 38.719769697803464], [-90.34234565229588, 38.724401554966114], [-90.34792493799469, 38.72903316785066], [-90.35350494323681, 38.73366453632395], [-90.35908566820065, 38.73829566025279], [-90.36466711306467, 38.742926539503976], [-90.37024927800739, 38.74755717394432]]}}, {"type": "Feature", "properties": {"route_run_id": "stl_st_louis_downtown_airport_to_st_louis_lambert_2026-03-07_0015", "route_pair": "st_louis_downtown_airport_to_st_louis_lambert", "route_pair_label": "St. Louis Downtown Airport to St. Louis Lambert", "origin_label": "St. Louis Downtown Airport", "destination_label": "St. Louis Lambert International Airport", "origin_lat": 38.5703611, "origin_lon": -90.1550833, "destination_lat": 38.7486982, "destination_lon": -90.3700257, "traffic_date": "2026-03-07", "traffic_dataset": "March 7th - Saturday", "weight_id": "w_0015", "distance_weight": 0.0, "population_weight": 0.1, "traffic_weight": 0.3, "airspace_weight": 0.6, "path_nodes": 40, "path_node_ids": [2179, 2180, 2174, 2199, 2203, 2207, 2341, 2344, 2368, 2374, 2394, 2397, 2712, 2716, 2739, 2746, 2769, 2773, 3985, 3988, 3992, 3994, 4019, 4020, 4023, 4055, 4059, 4063, 4064, 5048, 5052, 5076, 5082, 5299, 5304, 5319, 5321, 5357, 5358, 5364], "elapsed_seconds": 0.04428849997930229, "status": "success", "failure_reason": "", "route_distance_km": 35.0695243590648, "distance_cost_sum": 38.596279476875054, "population_cost_sum": 23.651108783135093, "traffic_cost_sum": 14.425692925774984, "airspace_cost_sum": 33.8, "total_weighted_score": 26.972818756046003}, "geometry": {"type": "LineString", "coordinates": [[-90.15289905765549, 38.57128267769979], [-90.15845430205954, 38.57592253965332], [-90.16401026010618, 38.58056216167], [-90.16956693197352, 38.58520154361737], [-90.17512431783956, 38.5898406853631], [-90.18068241788241, 38.5944795867747], [-90.18624123228014, 38.59911824771971], [-90.19180076121087, 38.60375666806568], [-90.19736100485268, 38.60839484768009], [-90.20292196338367, 38.61303278643038], [-90.2084836369821, 38.617670484184025], [-90.21404602582597, 38.62230794080845], [-90.21960913009349, 38.62694515617101], [-90.22517294996291, 38.63158213013913], [-90.23073748561237, 38.63621886258013], [-90.23630273722006, 38.640855353361346], [-90.24186870496423, 38.645491602350084], [-90.24743538902311, 38.65012760941361], [-90.25300278957496, 38.654763374419176], [-90.25857090679797, 38.65939889723403], [-90.26413974087053, 38.66403417772537], [-90.26970929197084, 38.66866921576039], [-90.27527956027723, 38.67330401120623], [-90.28085054596801, 38.677938563930056], [-90.28642224922152, 38.68257287379895], [-90.29199467021606, 38.68720694068001], [-90.29756780913004, 38.69184076444029], [-90.3031416661418, 38.696474344946864], [-90.30888503852013, 38.69660675247757], [-90.31446001070607, 38.70123982903419], [-90.32003570136486, 38.70587266197814], [-90.32561211067481, 38.710505251176386], [-90.33118923881437, 38.715137596495865], [-90.3367670859619, 38.719769697803464], [-90.34234565229588, 38.724401554966114], [-90.34792493799469, 38.72903316785066], [-90.35350494323681, 38.73366453632395], [-90.35908566820065, 38.73829566025279], [-90.36466711306467, 38.742926539503976], [-90.37024927800739, 38.74755717394432]]}}, {"type": "Feature", "properties": {"route_run_id": "stl_st_louis_downtown_airport_to_st_louis_lambert_2026-03-07_0004", "route_pair": "st_louis_downtown_airport_to_st_louis_lambert", "route_pair_label": "St. Louis Downtown Airport to St. Louis Lambert", "origin_label": "St. Louis Downtown Airport", "destination_label": "St. Louis Lambert International Airport", "origin_lat": 38.5703611, "origin_lon": -90.1550833, "destination_lat": 38.7486982, "destination_lon": -90.3700257, "traffic_date": "2026-03-07", "traffic_dataset": "March 7th - Saturday", "weight_id": "w_0004", "distance_weight": 0.0, "population_weight": 0.0, "traffic_weight": 0.3, "airspace_weight": 0.7, "path_nodes": 40, "path_node_ids": [2179, 2180, 2174, 2199, 2203, 2207, 2341, 2344, 2368, 2374, 2394, 2397, 2712, 2716, 2739, 2746, 2769, 2773, 3985, 3988, 3992, 3994, 4019, 4020, 4023, 4055, 4059, 4063, 4064, 5048, 5052, 5076, 5082, 5299, 5304, 5319, 5321, 5357, 5358, 5364], "elapsed_seconds": 0.041977800079621375, "status": "success", "failure_reason": "", "route_distance_km": 35.0695243590648, "distance_cost_sum": 38.596279476875054, "population_cost_sum": 23.651108783135093, "traffic_cost_sum": 14.425692925774984, "airspace_cost_sum": 33.8, "total_weighted_score": 27.98770787773249}, "geometry": {"type": "LineString", "coordinates": [[-90.15289905765549, 38.57128267769979], [-90.15845430205954, 38.57592253965332], [-90.16401026010618, 38.58056216167], [-90.16956693197352, 38.58520154361737], [-90.17512431783956, 38.5898406853631], [-90.18068241788241, 38.5944795867747], [-90.18624123228014, 38.59911824771971], [-90.19180076121087, 38.60375666806568], [-90.19736100485268, 38.60839484768009], [-90.20292196338367, 38.61303278643038], [-90.2084836369821, 38.617670484184025], [-90.21404602582597, 38.62230794080845], [-90.21960913009349, 38.62694515617101], [-90.22517294996291, 38.63158213013913], [-90.23073748561237, 38.63621886258013], [-90.23630273722006, 38.640855353361346], [-90.24186870496423, 38.645491602350084], [-90.24743538902311, 38.65012760941361], [-90.25300278957496, 38.654763374419176], [-90.25857090679797, 38.65939889723403], [-90.26413974087053, 38.66403417772537], [-90.26970929197084, 38.66866921576039], [-90.27527956027723, 38.67330401120623], [-90.28085054596801, 38.677938563930056], [-90.28642224922152, 38.68257287379895], [-90.29199467021606, 38.68720694068001], [-90.29756780913004, 38.69184076444029], [-90.3031416661418, 38.696474344946864], [-90.30888503852013, 38.69660675247757], [-90.31446001070607, 38.70123982903419], [-90.32003570136486, 38.70587266197814], [-90.32561211067481, 38.710505251176386], [-90.33118923881437, 38.715137596495865], [-90.3367670859619, 38.719769697803464], [-90.34234565229588, 38.724401554966114], [-90.34792493799469, 38.72903316785066], [-90.35350494323681, 38.73366453632395], [-90.35908566820065, 38.73829566025279], [-90.36466711306467, 38.742926539503976], [-90.37024927800739, 38.74755717394432]]}}, {"type": "Feature", "properties": {"route_run_id": "stl_st_louis_downtown_airport_to_st_louis_lambert_2026-03-07_0210", "route_pair": "st_louis_downtown_airport_to_st_louis_lambert", "route_pair_label": "St. Louis Downtown Airport to St. Louis Lambert", "origin_label": "St. Louis Downtown Airport", "destination_label": "St. Louis Lambert International Airport", "origin_lat": 38.5703611, "origin_lon": -90.1550833, "destination_lat": 38.7486982, "destination_lon": -90.3700257, "traffic_date": "2026-03-07", "traffic_dataset": "March 7th - Saturday", "weight_id": "w_0210", "distance_weight": 0.4, "population_weight": 0.0, "traffic_weight": 0.6, "airspace_weight": 0.0, "path_nodes": 46, "path_node_ids": [2179, 2180, 2172, 2176, 2200, 2204, 2317, 2340, 2346, 2371, 2391, 2389, 2388, 2390, 2382, 2383, 2718, 2723, 2629, 3300, 2630, 2655, 2657, 2670, 2674, 2690, 2694, 3995, 4000, 3780, 4999, 5001, 5026, 5031, 5046, 5050, 5052, 5076, 5082, 5299, 5304, 5319, 5321, 5357, 5358, 5364], "elapsed_seconds": 0.006201199954375625, "status": "success", "failure_reason": "", "route_distance_km": 37.84507993498278, "distance_cost_sum": 41.650957881261206, "population_cost_sum": 28.87362872764121, "traffic_cost_sum": 10.96795226049049, "airspace_cost_sum": 38.2, "total_weighted_score": 23.24115450879878}, "geometry": {"type": "LineString", "coordinates": [[-90.15289905765549, 38.57128267769979], [-90.15845430205954, 38.57592253965332], [-90.16418736160693, 38.57606168922697], [-90.16974371606538, 38.58070105309441], [-90.17530078436367, 38.58534017679984], [-90.1808585666797, 38.58997906021084], [-90.18641706319154, 38.594617703194956], [-90.1919762740773, 38.599256105619745], [-90.19753619951499, 38.60389426735269], [-90.20309683968271, 38.60853218826128], [-90.20865819475857, 38.61316986821297], [-90.21439446510948, 38.61330666920645], [-90.22013077435682, 38.613443189405075], [-90.22586712242094, 38.61357942880305], [-90.2316035092222, 38.613715387394656], [-90.2371671649366, 38.61835179018503], [-90.24273153599036, 38.622987951382164], [-90.24829662256141, 38.627623870853405], [-90.25403423671318, 38.627758770921055], [-90.2597718892317, 38.627893390019125], [-90.26533848396411, 38.63252854873545], [-90.27090579460699, 38.637163465274895], [-90.27647382133833, 38.64179813950475], [-90.28204256433611, 38.64643257129221], [-90.28761202377838, 38.651066760504534], [-90.29318219984313, 38.6557007070089], [-90.29875309270838, 38.6603344106725], [-90.30432470255226, 38.664967871362464], [-90.30989702955276, 38.66960108894593], [-90.31547007388798, 38.674234063290015], [-90.32104383573602, 38.678866794261786], [-90.32087590716817, 38.68336778243918], [-90.32070794108151, 38.68786876652711], [-90.32053993746693, 38.69236974652525], [-90.32611538157217, 38.69700228484725], [-90.32020381761771, 38.70137169425106], [-90.32003570136486, 38.70587266197814], [-90.32561211067481, 38.710505251176386], [-90.33118923881437, 38.715137596495865], [-90.3367670859619, 38.719769697803464], [-90.34234565229588, 38.724401554966114], [-90.34792493799469, 38.72903316785066], [-90.35350494323681, 38.73366453632395], [-90.35908566820065, 38.73829566025279], [-90.36466711306467, 38.742926539503976], [-90.37024927800739, 38.74755717394432]]}}, {"type": "Feature", "properties": {"route_run_id": "stl_st_louis_downtown_airport_to_st_louis_lambert_2026-03-07_0158", "route_pair": "st_louis_downtown_airport_to_st_louis_lambert", "route_pair_label": "St. Louis Downtown Airport to St. Louis Lambert", "origin_label": "St. Louis Downtown Airport", "destination_label": "St. Louis Lambert International Airport", "origin_lat": 38.5703611, "origin_lon": -90.1550833, "destination_lat": 38.7486982, "destination_lon": -90.3700257, "traffic_date": "2026-03-07", "traffic_dataset": "March 7th - Saturday", "weight_id": "w_0158", "distance_weight": 0.2, "population_weight": 0.5, "traffic_weight": 0.1, "airspace_weight": 0.2, "path_nodes": 44, "path_node_ids": [2179, 2180, 2183, 2198, 2202, 2206, 2449, 2345, 2370, 2373, 2398, 2709, 2711, 2714, 2750, 2744, 2770, 2772, 2777, 3989, 3988, 3992, 3994, 4019, 4020, 4023, 4055, 4059, 4063, 4077, 4082, 4084, 5080, 5084, 5310, 5311, 5337, 5320, 5322, 5323, 5346, 5357, 5358, 5364], "elapsed_seconds": 0.028600199962966144, "status": "success", "failure_reason": "", "route_distance_km": 36.572112967584374, "distance_cost_sum": 40.24997541182432, "population_cost_sum": 16.402941041735232, "traffic_cost_sum": 23.052390358439887, "airspace_cost_sum": 37.4, "total_weighted_score": 26.036704639076472}, "geometry": {"type": "LineString", "coordinates": [[-90.15289905765549, 38.57128267769979], [-90.15845430205954, 38.57592253965332], [-90.15827684369297, 38.58042298981685], [-90.16383311905943, 38.58506262995554], [-90.16939010840554, 38.58970202998531], [-90.17494781190939, 38.59434118977373], [-90.18050622974906, 38.59898010918833], [-90.18606536210271, 38.60361878809667], [-90.19162520914848, 38.60825722636621], [-90.19718577106451, 38.612895423864465], [-90.20274704802898, 38.61753338045887], [-90.2083090402201, 38.622171096016864], [-90.21387174781604, 38.62680857040582], [-90.21943517099498, 38.631445803493165], [-90.22499930993523, 38.636082795146216], [-90.23056416481495, 38.64071954523234], [-90.2361297358124, 38.64535605361884], [-90.24169602310592, 38.649992320172984], [-90.24726302687371, 38.65462834476206], [-90.25283074729404, 38.65926412725328], [-90.25857090679797, 38.65939889723403], [-90.26413974087053, 38.66403417772537], [-90.26970929197084, 38.66866921576039], [-90.27527956027723, 38.67330401120623], [-90.28085054596801, 38.677938563930056], [-90.28642224922152, 38.68257287379895], [-90.29199467021606, 38.68720694068001], [-90.29756780913004, 38.69184076444029], [-90.3031416661418, 38.696474344946864], [-90.30297250986867, 38.70097525335427], [-90.30280331580018, 38.70547615766316], [-90.30837853409372, 38.710109528957155], [-90.31395447116216, 38.71474265665128], [-90.31378588266769, 38.71924359100243], [-90.31936286061908, 38.72387649197406], [-90.32494055786266, 38.72850914903958], [-90.330518974577, 38.7331415620659], [-90.33626541075455, 38.733272728767844], [-90.3420118843105, 38.73340361338185], [-90.34775839516463, 38.73353421590239], [-90.35333872308522, 38.73816560113835], [-90.35908566820065, 38.73829566025279], [-90.36466711306467, 38.742926539503976], [-90.37024927800739, 38.74755717394432]]}}, {"type": "Feature", "properties": {"route_run_id": "stl_st_louis_downtown_airport_to_st_louis_lambert_2026-03-07_0164", "route_pair": "st_louis_downtown_airport_to_st_louis_lambert", "route_pair_label": "St. Louis Downtown Airport to St. Louis Lambert", "origin_label": "St. Louis Downtown Airport", "destination_label": "St. Louis Lambert International Airport", "origin_lat": 38.5703611, "origin_lon": -90.1550833, "destination_lat": 38.7486982, "destination_lon": -90.3700257, "traffic_date": "2026-03-07", "traffic_dataset": "March 7th - Saturday", "weight_id": "w_0164", "distance_weight": 0.2, "population_weight": 0.7, "traffic_weight": 0.0, "airspace_weight": 0.1, "path_nodes": 55, "path_node_ids": [2179, 2180, 2183, 2186, 2419, 2423, 2448, 2452, 2455, 2478, 2482, 2483, 2487, 2811, 2812, 2816, 2858, 2863, 2864, 2889, 3896, 3898, 3901, 3927, 3946, 3949, 3953, 3966, 3944, 3977, 3976, 3941, 4043, 4066, 4067, 4068, 4185, 4187, 4188, 4076, 4075, 4082, 4084, 5080, 5084, 5310, 5311, 5337, 5320, 5322, 5323, 5346, 5357, 5358, 5364], "elapsed_seconds": 0.019839799962937832, "status": "success", "failure_reason": "", "route_distance_km": 41.77074742931658, "distance_cost_sum": 45.971408828735385, "population_cost_sum": 8.67777235752909, "traffic_cost_sum": 37.765711010108255, "airspace_cost_sum": 45.2, "total_weighted_score": 19.788722416017443}, "geometry": {"type": "LineString", "coordinates": [[-90.15289905765549, 38.57128267769979], [-90.15845430205954, 38.57592253965332], [-90.15827684369297, 38.58042298981685], [-90.1580993457009, 38.58492343582021], [-90.15792180807382, 38.58942387766302], [-90.16347871828971, 38.59406355405304], [-90.1690363428032, 38.598702990254786], [-90.17459468179258, 38.60334218613583], [-90.17441805758689, 38.60784267808668], [-90.174241393937, 38.61234316588366], [-90.17406469083332, 38.61684364952644], [-90.17388794826633, 38.621344129014695], [-90.17371116622648, 38.62584460434813], [-90.17353434470424, 38.6303450755264], [-90.17335748369, 38.63484554254923], [-90.17318058317427, 38.63934600541629], [-90.17300364314747, 38.64384646412727], [-90.17856556137721, 38.64848558173427], [-90.17838890046788, 38.65298605432084], [-90.17821220009857, 38.65748652275311], [-90.18377547226044, 38.66212543540375], [-90.18933946118675, 38.666764106898924], [-90.19490416705614, 38.67140253710589], [-90.20046959004746, 38.676040725891895], [-90.20603573033937, 38.68067867312418], [-90.21160258811075, 38.68531637866994], [-90.2171701635404, 38.68995384239636], [-90.2229126017605, 38.690090452895454], [-90.22865507887754, 38.69022678182468], [-90.23439759481155, 38.69036282917826], [-90.24014014948251, 38.69049859495047], [-90.24605541323987, 38.68613337677085], [-90.2517976862147, 38.68626855773688], [-90.25736804511756, 38.69090420272148], [-90.26311075393669, 38.69103884211091], [-90.26868222818311, 38.695673984376505], [-90.27425442059507, 38.700308883813186], [-90.27999796237877, 38.700442721166475], [-90.28557127047641, 38.70507711728869], [-90.29148516021279, 38.700709550716724], [-90.297228816103, 38.700842542902386], [-90.30280331580018, 38.70547615766316], [-90.30837853409372, 38.710109528957155], [-90.31395447116216, 38.71474265665128], [-90.31378588266769, 38.71924359100243], [-90.31936286061908, 38.72387649197406], [-90.32494055786266, 38.72850914903958], [-90.330518974577, 38.7331415620659], [-90.33626541075455, 38.733272728767844], [-90.3420118843105, 38.73340361338185], [-90.34775839516463, 38.73353421590239], [-90.35333872308522, 38.73816560113835], [-90.35908566820065, 38.73829566025279], [-90.36466711306467, 38.742926539503976], [-90.37024927800739, 38.74755717394432]]}}, {"type": "Feature", "properties": {"route_run_id": "stl_st_louis_downtown_airport_to_st_louis_lambert_2026-03-07_0079", "route_pair": "st_louis_downtown_airport_to_st_louis_lambert", "route_pair_label": "St. Louis Downtown Airport to St. Louis Lambert", "origin_label": "St. Louis Downtown Airport", "destination_label": "St. Louis Lambert International Airport", "origin_lat": 38.5703611, "origin_lon": -90.1550833, "destination_lat": 38.7486982, "destination_lon": -90.3700257, "traffic_date": "2026-03-07", "traffic_dataset": "March 7th - Saturday", "weight_id": "w_0079", "distance_weight": 0.1, "population_weight": 0.1, "traffic_weight": 0.2, "airspace_weight": 0.6, "path_nodes": 40, "path_node_ids": [2179, 2180, 2174, 2199, 2203, 2207, 2341, 2344, 2368, 2374, 2394, 2397, 2712, 2716, 2739, 2746, 2769, 2773, 3985, 3988, 3992, 3994, 4019, 4020, 4023, 4055, 4059, 4063, 4064, 5048, 5052, 5076, 5082, 5299, 5304, 5319, 5321, 5357, 5358, 5364], "elapsed_seconds": 0.047761699999682605, "status": "success", "failure_reason": "", "route_distance_km": 35.0695243590648, "distance_cost_sum": 38.596279476875054, "population_cost_sum": 23.651108783135093, "traffic_cost_sum": 14.425692925774984, "airspace_cost_sum": 33.8, "total_weighted_score": 29.38987741115601}, "geometry": {"type": "LineString", "coordinates": [[-90.15289905765549, 38.57128267769979], [-90.15845430205954, 38.57592253965332], [-90.16401026010618, 38.58056216167], [-90.16956693197352, 38.58520154361737], [-90.17512431783956, 38.5898406853631], [-90.18068241788241, 38.5944795867747], [-90.18624123228014, 38.59911824771971], [-90.19180076121087, 38.60375666806568], [-90.19736100485268, 38.60839484768009], [-90.20292196338367, 38.61303278643038], [-90.2084836369821, 38.617670484184025], [-90.21404602582597, 38.62230794080845], [-90.21960913009349, 38.62694515617101], [-90.22517294996291, 38.63158213013913], [-90.23073748561237, 38.63621886258013], [-90.23630273722006, 38.640855353361346], [-90.24186870496423, 38.645491602350084], [-90.24743538902311, 38.65012760941361], [-90.25300278957496, 38.654763374419176], [-90.25857090679797, 38.65939889723403], [-90.26413974087053, 38.66403417772537], [-90.26970929197084, 38.66866921576039], [-90.27527956027723, 38.67330401120623], [-90.28085054596801, 38.677938563930056], [-90.28642224922152, 38.68257287379895], [-90.29199467021606, 38.68720694068001], [-90.29756780913004, 38.69184076444029], [-90.3031416661418, 38.696474344946864], [-90.30888503852013, 38.69660675247757], [-90.31446001070607, 38.70123982903419], [-90.32003570136486, 38.70587266197814], [-90.32561211067481, 38.710505251176386], [-90.33118923881437, 38.715137596495865], [-90.3367670859619, 38.719769697803464], [-90.34234565229588, 38.724401554966114], [-90.34792493799469, 38.72903316785066], [-90.35350494323681, 38.73366453632395], [-90.35908566820065, 38.73829566025279], [-90.36466711306467, 38.742926539503976], [-90.37024927800739, 38.74755717394432]]}}, {"type": "Feature", "properties": {"route_run_id": "stl_st_louis_downtown_airport_to_st_louis_lambert_2026-03-07_0202", "route_pair": "st_louis_downtown_airport_to_st_louis_lambert", "route_pair_label": "St. Louis Downtown Airport to St. Louis Lambert", "origin_label": "St. Louis Downtown Airport", "destination_label": "St. Louis Lambert International Airport", "origin_lat": 38.5703611, "origin_lon": -90.1550833, "destination_lat": 38.7486982, "destination_lon": -90.3700257, "traffic_date": "2026-03-07", "traffic_dataset": "March 7th - Saturday", "weight_id": "w_0202", "distance_weight": 0.3, "population_weight": 0.6, "traffic_weight": 0.1, "airspace_weight": 0.0, "path_nodes": 55, "path_node_ids": [2179, 2180, 2183, 2186, 2419, 2423, 2448, 2453, 2455, 2478, 2482, 2483, 2487, 2811, 2812, 2816, 2858, 2863, 2864, 2889, 3896, 3898, 3901, 3927, 3946, 3949, 3953, 3966, 3944, 3977, 3976, 3941, 4043, 4066, 4067, 4068, 4185, 4187, 4188, 4076, 4075, 4082, 4084, 5080, 5084, 5310, 5311, 5337, 5320, 5322, 5323, 5346, 5357, 5358, 5364], "elapsed_seconds": 0.012716999975964427, "status": "success", "failure_reason": "", "route_distance_km": 41.7707608340185, "distance_cost_sum": 45.97142358147673, "population_cost_sum": 8.67777235752909, "traffic_cost_sum": 37.73498160459783, "airspace_cost_sum": 45.2, "total_weighted_score": 22.771588649420256}, "geometry": {"type": "LineString", "coordinates": [[-90.15289905765549, 38.57128267769979], [-90.15845430205954, 38.57592253965332], [-90.15827684369297, 38.58042298981685], [-90.1580993457009, 38.58492343582021], [-90.15792180807382, 38.58942387766302], [-90.16347871828971, 38.59406355405304], [-90.1690363428032, 38.598702990254786], [-90.16885940074975, 38.60320346415569], [-90.17441805758689, 38.60784267808668], [-90.174241393937, 38.61234316588366], [-90.17406469083332, 38.61684364952644], [-90.17388794826633, 38.621344129014695], [-90.17371116622648, 38.62584460434813], [-90.17353434470424, 38.6303450755264], [-90.17335748369, 38.63484554254923], [-90.17318058317427, 38.63934600541629], [-90.17300364314747, 38.64384646412727], [-90.17856556137721, 38.64848558173427], [-90.17838890046788, 38.65298605432084], [-90.17821220009857, 38.65748652275311], [-90.18377547226044, 38.66212543540375], [-90.18933946118675, 38.666764106898924], [-90.19490416705614, 38.67140253710589], [-90.20046959004746, 38.676040725891895], [-90.20603573033937, 38.68067867312418], [-90.21160258811075, 38.68531637866994], [-90.2171701635404, 38.68995384239636], [-90.2229126017605, 38.690090452895454], [-90.22865507887754, 38.69022678182468], [-90.23439759481155, 38.69036282917826], [-90.24014014948251, 38.69049859495047], [-90.24605541323987, 38.68613337677085], [-90.2517976862147, 38.68626855773688], [-90.25736804511756, 38.69090420272148], [-90.26311075393669, 38.69103884211091], [-90.26868222818311, 38.695673984376505], [-90.27425442059507, 38.700308883813186], [-90.27999796237877, 38.700442721166475], [-90.28557127047641, 38.70507711728869], [-90.29148516021279, 38.700709550716724], [-90.297228816103, 38.700842542902386], [-90.30280331580018, 38.70547615766316], [-90.30837853409372, 38.710109528957155], [-90.31395447116216, 38.71474265665128], [-90.31378588266769, 38.71924359100243], [-90.31936286061908, 38.72387649197406], [-90.32494055786266, 38.72850914903958], [-90.330518974577, 38.7331415620659], [-90.33626541075455, 38.733272728767844], [-90.3420118843105, 38.73340361338185], [-90.34775839516463, 38.73353421590239], [-90.35333872308522, 38.73816560113835], [-90.35908566820065, 38.73829566025279], [-90.36466711306467, 38.742926539503976], [-90.37024927800739, 38.74755717394432]]}}, {"type": "Feature", "properties": {"route_run_id": "stl_st_louis_downtown_airport_to_st_louis_lambert_2026-03-07_0110", "route_pair": "st_louis_downtown_airport_to_st_louis_lambert", "route_pair_label": "St. Louis Downtown Airport to St. Louis Lambert", "origin_label": "St. Louis Downtown Airport", "destination_label": "St. Louis Lambert International Airport", "origin_lat": 38.5703611, "origin_lon": -90.1550833, "destination_lat": 38.7486982, "destination_lon": -90.3700257, "traffic_date": "2026-03-07", "traffic_dataset": "March 7th - Saturday", "weight_id": "w_0110", "distance_weight": 0.1, "population_weight": 0.5, "traffic_weight": 0.3, "airspace_weight": 0.1, "path_nodes": 43, "path_node_ids": [2179, 2180, 2183, 2198, 2202, 2206, 2449, 2345, 2370, 2373, 2398, 2709, 2711, 2714, 2750, 2744, 2770, 2772, 2777, 3989, 3993, 4006, 4008, 4021, 4045, 4047, 4058, 4062, 4077, 4082, 4084, 5080, 5084, 5310, 5311, 5337, 5320, 5322, 5323, 5321, 5357, 5358, 5364], "elapsed_seconds": 0.04911669995635748, "status": "success", "failure_reason": "", "route_distance_km": 36.197052438376296, "distance_cost_sum": 39.83719704454894, "population_cost_sum": 17.855036497983942, "traffic_cost_sum": 20.464075654287832, "airspace_cost_sum": 36.4, "total_weighted_score": 22.690460649733215}, "geometry": {"type": "LineString", "coordinates": [[-90.15289905765549, 38.57128267769979], [-90.15845430205954, 38.57592253965332], [-90.15827684369297, 38.58042298981685], [-90.16383311905943, 38.58506262995554], [-90.16939010840554, 38.58970202998531], [-90.17494781190939, 38.59434118977373], [-90.18050622974906, 38.59898010918833], [-90.18606536210271, 38.60361878809667], [-90.19162520914848, 38.60825722636621], [-90.19718577106451, 38.612895423864465], [-90.20274704802898, 38.61753338045887], [-90.2083090402201, 38.622171096016864], [-90.21387174781604, 38.62680857040582], [-90.21943517099498, 38.631445803493165], [-90.22499930993523, 38.636082795146216], [-90.23056416481495, 38.64071954523234], [-90.2361297358124, 38.64535605361884], [-90.24169602310592, 38.649992320172984], [-90.24726302687371, 38.65462834476206], [-90.25283074729404, 38.65926412725328], [-90.2583991845453, 38.663899667513896], [-90.26396833880578, 38.66853496541107], [-90.26953821025378, 38.673170020811966], [-90.2751087990677, 38.67780483358376], [-90.28068010542587, 38.682439403593555], [-90.28625212950666, 38.68707373070842], [-90.29182487148844, 38.69170781479548], [-90.29739833154962, 38.69634165572174], [-90.30297250986867, 38.70097525335427], [-90.30280331580018, 38.70547615766316], [-90.30837853409372, 38.710109528957155], [-90.31395447116216, 38.71474265665128], [-90.31378588266769, 38.71924359100243], [-90.31936286061908, 38.72387649197406], [-90.32494055786266, 38.72850914903958], [-90.330518974577, 38.7331415620659], [-90.33626541075455, 38.733272728767844], [-90.3420118843105, 38.73340361338185], [-90.34775839516463, 38.73353421590239], [-90.35350494323681, 38.73366453632395], [-90.35908566820065, 38.73829566025279], [-90.36466711306467, 38.742926539503976], [-90.37024927800739, 38.74755717394432]]}}, {"type": "Feature", "properties": {"route_run_id": "stl_st_louis_downtown_airport_to_st_louis_lambert_2026-03-07_0273", "route_pair": "st_louis_downtown_airport_to_st_louis_lambert", "route_pair_label": "St. Louis Downtown Airport to St. Louis Lambert", "origin_label": "St. Louis Downtown Airport", "destination_label": "St. Louis Lambert International Airport", "origin_lat": 38.5703611, "origin_lon": -90.1550833, "destination_lat": 38.7486982, "destination_lon": -90.3700257, "traffic_date": "2026-03-07", "traffic_dataset": "March 7th - Saturday", "weight_id": "w_0273", "distance_weight": 0.7, "population_weight": 0.1, "traffic_weight": 0.1, "airspace_weight": 0.1, "path_nodes": 40, "path_node_ids": [2179, 2180, 2174, 2199, 2203, 2207, 2341, 2344, 2368, 2374, 2394, 2397, 2712, 2716, 2739, 2746, 2769, 2773, 3985, 3988, 3992, 3994, 4019, 4020, 4023, 4055, 4059, 4063, 4064, 5048, 5052, 5076, 5082, 5299, 5304, 5319, 5321, 5357, 5358, 5364], "elapsed_seconds": 0.005129700060933828, "status": "success", "failure_reason": "", "route_distance_km": 35.0695243590648, "distance_cost_sum": 38.596279476875054, "population_cost_sum": 23.651108783135093, "traffic_cost_sum": 14.425692925774984, "airspace_cost_sum": 33.8, "total_weighted_score": 34.20507580470355}, "geometry": {"type": "LineString", "coordinates": [[-90.15289905765549, 38.57128267769979], [-90.15845430205954, 38.57592253965332], [-90.16401026010618, 38.58056216167], [-90.16956693197352, 38.58520154361737], [-90.17512431783956, 38.5898406853631], [-90.18068241788241, 38.5944795867747], [-90.18624123228014, 38.59911824771971], [-90.19180076121087, 38.60375666806568], [-90.19736100485268, 38.60839484768009], [-90.20292196338367, 38.61303278643038], [-90.2084836369821, 38.617670484184025], [-90.21404602582597, 38.62230794080845], [-90.21960913009349, 38.62694515617101], [-90.22517294996291, 38.63158213013913], [-90.23073748561237, 38.63621886258013], [-90.23630273722006, 38.640855353361346], [-90.24186870496423, 38.645491602350084], [-90.24743538902311, 38.65012760941361], [-90.25300278957496, 38.654763374419176], [-90.25857090679797, 38.65939889723403], [-90.26413974087053, 38.66403417772537], [-90.26970929197084, 38.66866921576039], [-90.27527956027723, 38.67330401120623], [-90.28085054596801, 38.677938563930056], [-90.28642224922152, 38.68257287379895], [-90.29199467021606, 38.68720694068001], [-90.29756780913004, 38.69184076444029], [-90.3031416661418, 38.696474344946864], [-90.30888503852013, 38.69660675247757], [-90.31446001070607, 38.70123982903419], [-90.32003570136486, 38.70587266197814], [-90.32561211067481, 38.710505251176386], [-90.33118923881437, 38.715137596495865], [-90.3367670859619, 38.719769697803464], [-90.34234565229588, 38.724401554966114], [-90.34792493799469, 38.72903316785066], [-90.35350494323681, 38.73366453632395], [-90.35908566820065, 38.73829566025279], [-90.36466711306467, 38.742926539503976], [-90.37024927800739, 38.74755717394432]]}}, {"type": "Feature", "properties": {"route_run_id": "stl_st_louis_downtown_airport_to_st_louis_lambert_2026-03-07_0153", "route_pair": "st_louis_downtown_airport_to_st_louis_lambert", "route_pair_label": "St. Louis Downtown Airport to St. Louis Lambert", "origin_label": "St. Louis Downtown Airport", "destination_label": "St. Louis Lambert International Airport", "origin_lat": 38.5703611, "origin_lon": -90.1550833, "destination_lat": 38.7486982, "destination_lon": -90.3700257, "traffic_date": "2026-03-07", "traffic_dataset": "March 7th - Saturday", "weight_id": "w_0153", "distance_weight": 0.2, "population_weight": 0.4, "traffic_weight": 0.1, "airspace_weight": 0.3, "path_nodes": 43, "path_node_ids": [2179, 2180, 2183, 2198, 2202, 2206, 2449, 2345, 2370, 2373, 2398, 2709, 2711, 2714, 2750, 2744, 2770, 2772, 2777, 3989, 3993, 4006, 4008, 4021, 4045, 4047, 4058, 4062, 4077, 4082, 4084, 5080, 5084, 5310, 5311, 5337, 5320, 5322, 5323, 5346, 5357, 5358, 5364], "elapsed_seconds": 0.031733499956317246, "status": "success", "failure_reason": "", "route_distance_km": 36.19709159463293, "distance_cost_sum": 39.83724013854156, "population_cost_sum": 17.31210242086407, "traffic_cost_sum": 21.464075654287832, "airspace_cost_sum": 36.4, "total_weighted_score": 27.958696561482725}, "geometry": {"type": "LineString", "coordinates": [[-90.15289905765549, 38.57128267769979], [-90.15845430205954, 38.57592253965332], [-90.15827684369297, 38.58042298981685], [-90.16383311905943, 38.58506262995554], [-90.16939010840554, 38.58970202998531], [-90.17494781190939, 38.59434118977373], [-90.18050622974906, 38.59898010918833], [-90.18606536210271, 38.60361878809667], [-90.19162520914848, 38.60825722636621], [-90.19718577106451, 38.612895423864465], [-90.20274704802898, 38.61753338045887], [-90.2083090402201, 38.622171096016864], [-90.21387174781604, 38.62680857040582], [-90.21943517099498, 38.631445803493165], [-90.22499930993523, 38.636082795146216], [-90.23056416481495, 38.64071954523234], [-90.2361297358124, 38.64535605361884], [-90.24169602310592, 38.649992320172984], [-90.24726302687371, 38.65462834476206], [-90.25283074729404, 38.65926412725328], [-90.2583991845453, 38.663899667513896], [-90.26396833880578, 38.66853496541107], [-90.26953821025378, 38.673170020811966], [-90.2751087990677, 38.67780483358376], [-90.28068010542587, 38.682439403593555], [-90.28625212950666, 38.68707373070842], [-90.29182487148844, 38.69170781479548], [-90.29739833154962, 38.69634165572174], [-90.30297250986867, 38.70097525335427], [-90.30280331580018, 38.70547615766316], [-90.30837853409372, 38.710109528957155], [-90.31395447116216, 38.71474265665128], [-90.31378588266769, 38.71924359100243], [-90.31936286061908, 38.72387649197406], [-90.32494055786266, 38.72850914903958], [-90.330518974577, 38.7331415620659], [-90.33626541075455, 38.733272728767844], [-90.3420118843105, 38.73340361338185], [-90.34775839516463, 38.73353421590239], [-90.35333872308522, 38.73816560113835], [-90.35908566820065, 38.73829566025279], [-90.36466711306467, 38.742926539503976], [-90.37024927800739, 38.74755717394432]]}}, {"type": "Feature", "properties": {"route_run_id": "stl_st_louis_downtown_airport_to_st_louis_lambert_2026-03-07_0085", "route_pair": "st_louis_downtown_airport_to_st_louis_lambert", "route_pair_label": "St. Louis Downtown Airport to St. Louis Lambert", "origin_label": "St. Louis Downtown Airport", "destination_label": "St. Louis Lambert International Airport", "origin_lat": 38.5703611, "origin_lon": -90.1550833, "destination_lat": 38.7486982, "destination_lon": -90.3700257, "traffic_date": "2026-03-07", "traffic_dataset": "March 7th - Saturday", "weight_id": "w_0085", "distance_weight": 0.1, "population_weight": 0.1, "traffic_weight": 0.8, "airspace_weight": 0.0, "path_nodes": 52, "path_node_ids": [2179, 2180, 2172, 2176, 2200, 2204, 2317, 2340, 2346, 2371, 2391, 2389, 2388, 2390, 2382, 2383, 2384, 2381, 3291, 3294, 3298, 2627, 2649, 2648, 2625, 2639, 2645, 2659, 2660, 2666, 3746, 3749, 3773, 3777, 3779, 4997, 5007, 5010, 5037, 5045, 5046, 5050, 5052, 5076, 5082, 5299, 5304, 5319, 5321, 5357, 5358, 5364], "elapsed_seconds": 0.021798499976284802, "status": "success", "failure_reason": "", "route_distance_km": 42.21731196708308, "distance_cost_sum": 46.462881981539724, "population_cost_sum": 32.48880096567977, "traffic_cost_sum": 8.948430256176522, "airspace_cost_sum": 42.6, "total_weighted_score": 15.053912499663168}, "geometry": {"type": "LineString", "coordinates": [[-90.15289905765549, 38.57128267769979], [-90.15845430205954, 38.57592253965332], [-90.16418736160693, 38.57606168922697], [-90.16974371606538, 38.58070105309441], [-90.17530078436367, 38.58534017679984], [-90.1808585666797, 38.58997906021084], [-90.18641706319154, 38.594617703194956], [-90.1919762740773, 38.599256105619745], [-90.19753619951499, 38.60389426735269], [-90.20309683968271, 38.60853218826128], [-90.20865819475857, 38.61316986821297], [-90.21439446510948, 38.61330666920645], [-90.22013077435682, 38.613443189405075], [-90.22586712242094, 38.61357942880305], [-90.2316035092222, 38.613715387394656], [-90.2371671649366, 38.61835179018503], [-90.24290398660771, 38.61848720882003], [-90.24881290125248, 38.614121578273846], [-90.25454944220584, 38.61425641358266], [-90.26011468234759, 38.61889177949167], [-90.26568063790305, 38.623526903436264], [-90.27124730905007, 38.628161785283794], [-90.27681469596656, 38.63279642490153], [-90.28255285909326, 38.6329299414317], [-90.28846072453517, 38.62856227076729], [-90.29402929919887, 38.633196131358105], [-90.29959858986506, 38.63782974930801], [-90.29942956596467, 38.642330689775996], [-90.30499989326923, 38.646964082050346], [-90.31057093709157, 38.65159723137826], [-90.31614269760959, 38.65623013762685], [-90.32171517500115, 38.66086280066329], [-90.32728836944425, 38.66549522035468], [-90.32712091202843, 38.66999624182737], [-90.33269514502847, 38.674628434941084], [-90.33252797159943, 38.67912946923035], [-90.3381032437251, 38.68376143555556], [-90.33793635457556, 38.688262482625575], [-90.33776942813816, 38.69276352561359], [-90.331858904295, 38.69713356554443], [-90.32611538157217, 38.69700228484725], [-90.32020381761771, 38.70137169425106], [-90.32003570136486, 38.70587266197814], [-90.32561211067481, 38.710505251176386], [-90.33118923881437, 38.715137596495865], [-90.3367670859619, 38.719769697803464], [-90.34234565229588, 38.724401554966114], [-90.34792493799469, 38.72903316785066], [-90.35350494323681, 38.73366453632395], [-90.35908566820065, 38.73829566025279], [-90.36466711306467, 38.742926539503976], [-90.37024927800739, 38.74755717394432]]}}, {"type": "Feature", "properties": {"route_run_id": "stl_st_louis_downtown_airport_to_st_louis_lambert_2026-03-07_0218", "route_pair": "st_louis_downtown_airport_to_st_louis_lambert", "route_pair_label": "St. Louis Downtown Airport to St. Louis Lambert", "origin_label": "St. Louis Downtown Airport", "destination_label": "St. Louis Lambert International Airport", "origin_lat": 38.5703611, "origin_lon": -90.1550833, "destination_lat": 38.7486982, "destination_lon": -90.3700257, "traffic_date": "2026-03-07", "traffic_dataset": "March 7th - Saturday", "weight_id": "w_0218", "distance_weight": 0.4, "population_weight": 0.2, "traffic_weight": 0.1, "airspace_weight": 0.3, "path_nodes": 40, "path_node_ids": [2179, 2180, 2174, 2199, 2203, 2207, 2341, 2344, 2368, 2374, 2394, 2397, 2712, 2716, 2739, 2746, 2769, 2773, 3985, 3988, 3992, 3994, 4019, 4020, 4023, 4055, 4059, 4063, 4064, 5048, 5052, 5076, 5082, 5299, 5304, 5319, 5321, 5357, 5358, 5364], "elapsed_seconds": 0.012934800004586577, "status": "success", "failure_reason": "", "route_distance_km": 35.0695243590648, "distance_cost_sum": 38.596279476875054, "population_cost_sum": 23.651108783135093, "traffic_cost_sum": 14.425692925774984, "airspace_cost_sum": 33.8, "total_weighted_score": 31.75130283995454}, "geometry": {"type": "LineString", "coordinates": [[-90.15289905765549, 38.57128267769979], [-90.15845430205954, 38.57592253965332], [-90.16401026010618, 38.58056216167], [-90.16956693197352, 38.58520154361737], [-90.17512431783956, 38.5898406853631], [-90.18068241788241, 38.5944795867747], [-90.18624123228014, 38.59911824771971], [-90.19180076121087, 38.60375666806568], [-90.19736100485268, 38.60839484768009], [-90.20292196338367, 38.61303278643038], [-90.2084836369821, 38.617670484184025], [-90.21404602582597, 38.62230794080845], [-90.21960913009349, 38.62694515617101], [-90.22517294996291, 38.63158213013913], [-90.23073748561237, 38.63621886258013], [-90.23630273722006, 38.640855353361346], [-90.24186870496423, 38.645491602350084], [-90.24743538902311, 38.65012760941361], [-90.25300278957496, 38.654763374419176], [-90.25857090679797, 38.65939889723403], [-90.26413974087053, 38.66403417772537], [-90.26970929197084, 38.66866921576039], [-90.27527956027723, 38.67330401120623], [-90.28085054596801, 38.677938563930056], [-90.28642224922152, 38.68257287379895], [-90.29199467021606, 38.68720694068001], [-90.29756780913004, 38.69184076444029], [-90.3031416661418, 38.696474344946864], [-90.30888503852013, 38.69660675247757], [-90.31446001070607, 38.70123982903419], [-90.32003570136486, 38.70587266197814], [-90.32561211067481, 38.710505251176386], [-90.33118923881437, 38.715137596495865], [-90.3367670859619, 38.719769697803464], [-90.34234565229588, 38.724401554966114], [-90.34792493799469, 38.72903316785066], [-90.35350494323681, 38.73366453632395], [-90.35908566820065, 38.73829566025279], [-90.36466711306467, 38.742926539503976], [-90.37024927800739, 38.74755717394432]]}}, {"type": "Feature", "properties": {"route_run_id": "stl_st_louis_downtown_airport_to_st_louis_lambert_2026-03-07_0064", "route_pair": "st_louis_downtown_airport_to_st_louis_lambert", "route_pair_label": "St. Louis Downtown Airport to St. Louis Lambert", "origin_label": "St. Louis Downtown Airport", "destination_label": "St. Louis Lambert International Airport", "origin_lat": 38.5703611, "origin_lon": -90.1550833, "destination_lat": 38.7486982, "destination_lon": -90.3700257, "traffic_date": "2026-03-07", "traffic_dataset": "March 7th - Saturday", "weight_id": "w_0064", "distance_weight": 0.0, "population_weight": 0.9, "traffic_weight": 0.0, "airspace_weight": 0.1, "path_nodes": 59, "path_node_ids": [2179, 2182, 2192, 2418, 2422, 2425, 2427, 2453, 2456, 2479, 2480, 2483, 2808, 2811, 2813, 2833, 2837, 2861, 2866, 2888, 2892, 2895, 3904, 3925, 3930, 3934, 3958, 3962, 3974, 3970, 3953, 3952, 3940, 3977, 3976, 3941, 4043, 4066, 4067, 4068, 4185, 4187, 4188, 4076, 4075, 4082, 4084, 5080, 5084, 5310, 5311, 5337, 5320, 5322, 5323, 5346, 5357, 5358, 5364], "elapsed_seconds": 0.04183689993806183, "status": "success", "failure_reason": "", "route_distance_km": 47.511436571838324, "distance_cost_sum": 52.28940847612326, "population_cost_sum": 8.293270401426513, "traffic_cost_sum": 42.838917392735915, "airspace_cost_sum": 47.2, "total_weighted_score": 12.183943361283864}, "geometry": {"type": "LineString", "coordinates": [[-90.15289905765549, 38.57128267769979], [-90.14698830189188, 38.575643399377846], [-90.14107683252396, 38.580003791744], [-90.14663191796852, 38.58464420615243], [-90.15218771733517, 38.589284380730234], [-90.15774423080212, 38.593924315345014], [-90.16330145854758, 38.59856400986431], [-90.16885940074975, 38.60320346415569], [-90.16868241918205, 38.60770393390031], [-90.16850539809049, 38.61220439948829], [-90.16832833746557, 38.616704860919356], [-90.17388794826633, 38.621344129014695], [-90.179448274358, 38.625983156498016], [-90.17353434470424, 38.6303450755264], [-90.16761969944088, 38.63470666506797], [-90.16170433842768, 38.63906792498539], [-90.16152668241186, 38.64356833919522], [-90.16708780535298, 38.6482079745162], [-90.17264964452228, 38.6528473690797], [-90.1724725859048, 38.657347815320534], [-90.17803546025965, 38.66198698703078], [-90.17785868094164, 38.666487447153536], [-90.18342259105025, 38.67112639580074], [-90.1889872182426, 38.67576510321293], [-90.18881103775325, 38.6802655951445], [-90.19437670160657, 38.684904079111234], [-90.19420080122836, 38.68940458481685], [-90.19976750231159, 38.694042845128145], [-90.20533492133491, 38.69868086372641], [-90.2112529014267, 38.694317517855914], [-90.2171701635404, 38.68995384239636], [-90.22308670781703, 38.685589837485246], [-90.22882882604138, 38.685726144608395], [-90.23439759481155, 38.69036282917826], [-90.24014014948251, 38.69049859495047], [-90.24605541323987, 38.68613337677085], [-90.2517976862147, 38.68626855773688], [-90.25736804511756, 38.69090420272148], [-90.26311075393669, 38.69103884211091], [-90.26868222818311, 38.695673984376505], [-90.27425442059507, 38.700308883813186], [-90.27999796237877, 38.700442721166475], [-90.28557127047641, 38.70507711728869], [-90.29148516021279, 38.700709550716724], [-90.297228816103, 38.700842542902386], [-90.30280331580018, 38.70547615766316], [-90.30837853409372, 38.710109528957155], [-90.31395447116216, 38.71474265665128], [-90.31378588266769, 38.71924359100243], [-90.31936286061908, 38.72387649197406], [-90.32494055786266, 38.72850914903958], [-90.330518974577, 38.7331415620659], [-90.33626541075455, 38.733272728767844], [-90.3420118843105, 38.73340361338185], [-90.34775839516463, 38.73353421590239], [-90.35333872308522, 38.73816560113835], [-90.35908566820065, 38.73829566025279], [-90.36466711306467, 38.742926539503976], [-90.37024927800739, 38.74755717394432]]}}, {"type": "Feature", "properties": {"route_run_id": "stl_st_louis_downtown_airport_to_st_louis_lambert_2026-03-07_0258", "route_pair": "st_louis_downtown_airport_to_st_louis_lambert", "route_pair_label": "St. Louis Downtown Airport to St. Louis Lambert", "origin_label": "St. Louis Downtown Airport", "destination_label": "St. Louis Lambert International Airport", "origin_lat": 38.5703611, "origin_lon": -90.1550833, "destination_lat": 38.7486982, "destination_lon": -90.3700257, "traffic_date": "2026-03-07", "traffic_dataset": "March 7th - Saturday", "weight_id": "w_0258", "distance_weight": 0.6, "population_weight": 0.1, "traffic_weight": 0.0, "airspace_weight": 0.3, "path_nodes": 40, "path_node_ids": [2179, 2180, 2174, 2199, 2203, 2207, 2341, 2344, 2368, 2374, 2394, 2397, 2712, 2716, 2739, 2746, 2769, 2773, 3985, 3988, 3992, 3994, 4019, 4020, 4023, 4055, 4059, 4063, 4078, 5051, 5075, 5079, 5306, 5303, 5318, 5323, 5346, 5357, 5358, 5364], "elapsed_seconds": 0.00779770000372082, "status": "success", "failure_reason": "", "route_distance_km": 35.06987633323177, "distance_cost_sum": 38.59666684720769, "population_cost_sum": 23.21199613097869, "traffic_cost_sum": 16.42024029705683, "airspace_cost_sum": 33.8, "total_weighted_score": 35.61919972142248}, "geometry": {"type": "LineString", "coordinates": [[-90.15289905765549, 38.57128267769979], [-90.15845430205954, 38.57592253965332], [-90.16401026010618, 38.58056216167], [-90.16956693197352, 38.58520154361737], [-90.17512431783956, 38.5898406853631], [-90.18068241788241, 38.5944795867747], [-90.18624123228014, 38.59911824771971], [-90.19180076121087, 38.60375666806568], [-90.19736100485268, 38.60839484768009], [-90.20292196338367, 38.61303278643038], [-90.2084836369821, 38.617670484184025], [-90.21404602582597, 38.62230794080845], [-90.21960913009349, 38.62694515617101], [-90.22517294996291, 38.63158213013913], [-90.23073748561237, 38.63621886258013], [-90.23630273722006, 38.640855353361346], [-90.24186870496423, 38.645491602350084], [-90.24743538902311, 38.65012760941361], [-90.25300278957496, 38.654763374419176], [-90.25857090679797, 38.65939889723403], [-90.26413974087053, 38.66403417772537], [-90.26970929197084, 38.66866921576039], [-90.27527956027723, 38.67330401120623], [-90.28085054596801, 38.677938563930056], [-90.28642224922152, 38.68257287379895], [-90.29199467021606, 38.68720694068001], [-90.29756780913004, 38.69184076444029], [-90.3031416661418, 38.696474344946864], [-90.3087162414297, 38.701107682066734], [-90.31429153517219, 38.705740775666875], [-90.31986754754767, 38.71037362561428], [-90.32544427873452, 38.71500623177588], [-90.33102172891115, 38.71963859401861], [-90.33659989825608, 38.72427071220935], [-90.34217878694776, 38.72890258621499], [-90.34775839516463, 38.73353421590239], [-90.35333872308522, 38.73816560113835], [-90.35908566820065, 38.73829566025279], [-90.36466711306467, 38.742926539503976], [-90.37024927800739, 38.74755717394432]]}}, {"type": "Feature", "properties": {"route_run_id": "stl_st_louis_downtown_airport_to_st_louis_lambert_2026-03-07_0106", "route_pair": "st_louis_downtown_airport_to_st_louis_lambert", "route_pair_label": "St. Louis Downtown Airport to St. Louis Lambert", "origin_label": "St. Louis Downtown Airport", "destination_label": "St. Louis Lambert International Airport", "origin_lat": 38.5703611, "origin_lon": -90.1550833, "destination_lat": 38.7486982, "destination_lon": -90.3700257, "traffic_date": "2026-03-07", "traffic_dataset": "March 7th - Saturday", "weight_id": "w_0106", "distance_weight": 0.1, "population_weight": 0.4, "traffic_weight": 0.5, "airspace_weight": 0.0, "path_nodes": 42, "path_node_ids": [2179, 2180, 2183, 2198, 2202, 2206, 2449, 2345, 2370, 2373, 2398, 2709, 2711, 2714, 2750, 2744, 2770, 2772, 2777, 3989, 3993, 4006, 4008, 4021, 4045, 4047, 4058, 4062, 4077, 4082, 4084, 5077, 5052, 5076, 5082, 5299, 5304, 5319, 5321, 5357, 5358, 5364], "elapsed_seconds": 0.041885799961164594, "status": "success", "failure_reason": "", "route_distance_km": 36.35452263545163, "distance_cost_sum": 40.01050317990937, "population_cost_sum": 22.454236083474207, "traffic_cost_sum": 14.145643003892694, "airspace_cost_sum": 35.4, "total_weighted_score": 20.055566253326965}, "geometry": {"type": "LineString", "coordinates": [[-90.15289905765549, 38.57128267769979], [-90.15845430205954, 38.57592253965332], [-90.15827684369297, 38.58042298981685], [-90.16383311905943, 38.58506262995554], [-90.16939010840554, 38.58970202998531], [-90.17494781190939, 38.59434118977373], [-90.18050622974906, 38.59898010918833], [-90.18606536210271, 38.60361878809667], [-90.19162520914848, 38.60825722636621], [-90.19718577106451, 38.612895423864465], [-90.20274704802898, 38.61753338045887], [-90.2083090402201, 38.622171096016864], [-90.21387174781604, 38.62680857040582], [-90.21943517099498, 38.631445803493165], [-90.22499930993523, 38.636082795146216], [-90.23056416481495, 38.64071954523234], [-90.2361297358124, 38.64535605361884], [-90.24169602310592, 38.649992320172984], [-90.24726302687371, 38.65462834476206], [-90.25283074729404, 38.65926412725328], [-90.2583991845453, 38.663899667513896], [-90.26396833880578, 38.66853496541107], [-90.26953821025378, 38.673170020811966], [-90.2751087990677, 38.67780483358376], [-90.28068010542587, 38.682439403593555], [-90.28625212950666, 38.68707373070842], [-90.29182487148844, 38.69170781479548], [-90.29739833154962, 38.69634165572174], [-90.30297250986867, 38.70097525335427], [-90.30280331580018, 38.70547615766316], [-90.30837853409372, 38.710109528957155], [-90.31412302199392, 38.71024171820601], [-90.32003570136486, 38.70587266197814], [-90.32561211067481, 38.710505251176386], [-90.33118923881437, 38.715137596495865], [-90.3367670859619, 38.719769697803464], [-90.34234565229588, 38.724401554966114], [-90.34792493799469, 38.72903316785066], [-90.35350494323681, 38.73366453632395], [-90.35908566820065, 38.73829566025279], [-90.36466711306467, 38.742926539503976], [-90.37024927800739, 38.74755717394432]]}}, {"type": "Feature", "properties": {"route_run_id": "stl_st_louis_downtown_airport_to_st_louis_lambert_2026-03-07_0184", "route_pair": "st_louis_downtown_airport_to_st_louis_lambert", "route_pair_label": "St. Louis Downtown Airport to St. Louis Lambert", "origin_label": "St. Louis Downtown Airport", "destination_label": "St. Louis Lambert International Airport", "origin_lat": 38.5703611, "origin_lon": -90.1550833, "destination_lat": 38.7486982, "destination_lon": -90.3700257, "traffic_date": "2026-03-07", "traffic_dataset": "March 7th - Saturday", "weight_id": "w_0184", "distance_weight": 0.3, "population_weight": 0.2, "traffic_weight": 0.1, "airspace_weight": 0.4, "path_nodes": 40, "path_node_ids": [2179, 2180, 2174, 2199, 2203, 2207, 2341, 2344, 2368, 2374, 2394, 2397, 2712, 2716, 2739, 2746, 2769, 2773, 3985, 3988, 3992, 3994, 4019, 4020, 4023, 4055, 4059, 4063, 4064, 5048, 5052, 5076, 5082, 5299, 5304, 5319, 5321, 5357, 5358, 5364], "elapsed_seconds": 0.022673800005577505, "status": "success", "failure_reason": "", "route_distance_km": 35.0695243590648, "distance_cost_sum": 38.596279476875054, "population_cost_sum": 23.651108783135093, "traffic_cost_sum": 14.425692925774984, "airspace_cost_sum": 33.8, "total_weighted_score": 31.271674892267033}, "geometry": {"type": "LineString", "coordinates": [[-90.15289905765549, 38.57128267769979], [-90.15845430205954, 38.57592253965332], [-90.16401026010618, 38.58056216167], [-90.16956693197352, 38.58520154361737], [-90.17512431783956, 38.5898406853631], [-90.18068241788241, 38.5944795867747], [-90.18624123228014, 38.59911824771971], [-90.19180076121087, 38.60375666806568], [-90.19736100485268, 38.60839484768009], [-90.20292196338367, 38.61303278643038], [-90.2084836369821, 38.617670484184025], [-90.21404602582597, 38.62230794080845], [-90.21960913009349, 38.62694515617101], [-90.22517294996291, 38.63158213013913], [-90.23073748561237, 38.63621886258013], [-90.23630273722006, 38.640855353361346], [-90.24186870496423, 38.645491602350084], [-90.24743538902311, 38.65012760941361], [-90.25300278957496, 38.654763374419176], [-90.25857090679797, 38.65939889723403], [-90.26413974087053, 38.66403417772537], [-90.26970929197084, 38.66866921576039], [-90.27527956027723, 38.67330401120623], [-90.28085054596801, 38.677938563930056], [-90.28642224922152, 38.68257287379895], [-90.29199467021606, 38.68720694068001], [-90.29756780913004, 38.69184076444029], [-90.3031416661418, 38.696474344946864], [-90.30888503852013, 38.69660675247757], [-90.31446001070607, 38.70123982903419], [-90.32003570136486, 38.70587266197814], [-90.32561211067481, 38.710505251176386], [-90.33118923881437, 38.715137596495865], [-90.3367670859619, 38.719769697803464], [-90.34234565229588, 38.724401554966114], [-90.34792493799469, 38.72903316785066], [-90.35350494323681, 38.73366453632395], [-90.35908566820065, 38.73829566025279], [-90.36466711306467, 38.742926539503976], [-90.37024927800739, 38.74755717394432]]}}, {"type": "Feature", "properties": {"route_run_id": "stl_st_louis_downtown_airport_to_st_louis_lambert_2026-03-07_0264", "route_pair": "st_louis_downtown_airport_to_st_louis_lambert", "route_pair_label": "St. Louis Downtown Airport to St. Louis Lambert", "origin_label": "St. Louis Downtown Airport", "destination_label": "St. Louis Lambert International Airport", "origin_lat": 38.5703611, "origin_lon": -90.1550833, "destination_lat": 38.7486982, "destination_lon": -90.3700257, "traffic_date": "2026-03-07", "traffic_dataset": "March 7th - Saturday", "weight_id": "w_0264", "distance_weight": 0.6, "population_weight": 0.2, "traffic_weight": 0.2, "airspace_weight": 0.0, "path_nodes": 40, "path_node_ids": [2179, 2180, 2174, 2199, 2203, 2207, 2341, 2344, 2368, 2374, 2394, 2397, 2712, 2716, 2739, 2746, 2769, 2773, 3985, 3988, 3992, 3994, 4019, 4020, 4023, 4055, 4059, 4063, 4064, 5048, 5052, 5076, 5082, 5299, 5304, 5319, 5321, 5357, 5358, 5364], "elapsed_seconds": 0.005613300018012524, "status": "success", "failure_reason": "", "route_distance_km": 35.0695243590648, "distance_cost_sum": 38.596279476875054, "population_cost_sum": 23.651108783135093, "traffic_cost_sum": 14.425692925774984, "airspace_cost_sum": 33.8, "total_weighted_score": 30.77312802790705}, "geometry": {"type": "LineString", "coordinates": [[-90.15289905765549, 38.57128267769979], [-90.15845430205954, 38.57592253965332], [-90.16401026010618, 38.58056216167], [-90.16956693197352, 38.58520154361737], [-90.17512431783956, 38.5898406853631], [-90.18068241788241, 38.5944795867747], [-90.18624123228014, 38.59911824771971], [-90.19180076121087, 38.60375666806568], [-90.19736100485268, 38.60839484768009], [-90.20292196338367, 38.61303278643038], [-90.2084836369821, 38.617670484184025], [-90.21404602582597, 38.62230794080845], [-90.21960913009349, 38.62694515617101], [-90.22517294996291, 38.63158213013913], [-90.23073748561237, 38.63621886258013], [-90.23630273722006, 38.640855353361346], [-90.24186870496423, 38.645491602350084], [-90.24743538902311, 38.65012760941361], [-90.25300278957496, 38.654763374419176], [-90.25857090679797, 38.65939889723403], [-90.26413974087053, 38.66403417772537], [-90.26970929197084, 38.66866921576039], [-90.27527956027723, 38.67330401120623], [-90.28085054596801, 38.677938563930056], [-90.28642224922152, 38.68257287379895], [-90.29199467021606, 38.68720694068001], [-90.29756780913004, 38.69184076444029], [-90.3031416661418, 38.696474344946864], [-90.30888503852013, 38.69660675247757], [-90.31446001070607, 38.70123982903419], [-90.32003570136486, 38.70587266197814], [-90.32561211067481, 38.710505251176386], [-90.33118923881437, 38.715137596495865], [-90.3367670859619, 38.719769697803464], [-90.34234565229588, 38.724401554966114], [-90.34792493799469, 38.72903316785066], [-90.35350494323681, 38.73366453632395], [-90.35908566820065, 38.73829566025279], [-90.36466711306467, 38.742926539503976], [-90.37024927800739, 38.74755717394432]]}}, {"type": "Feature", "properties": {"route_run_id": "stl_st_louis_downtown_airport_to_st_louis_lambert_2026-03-07_0266", "route_pair": "st_louis_downtown_airport_to_st_louis_lambert", "route_pair_label": "St. Louis Downtown Airport to St. Louis Lambert", "origin_label": "St. Louis Downtown Airport", "destination_label": "St. Louis Lambert International Airport", "origin_lat": 38.5703611, "origin_lon": -90.1550833, "destination_lat": 38.7486982, "destination_lon": -90.3700257, "traffic_date": "2026-03-07", "traffic_dataset": "March 7th - Saturday", "weight_id": "w_0266", "distance_weight": 0.6, "population_weight": 0.3, "traffic_weight": 0.1, "airspace_weight": 0.0, "path_nodes": 43, "path_node_ids": [2179, 2180, 2183, 2198, 2202, 2206, 2449, 2345, 2370, 2373, 2398, 2709, 2711, 2714, 2750, 2744, 2770, 2772, 2777, 3989, 3993, 4006, 4008, 4021, 4045, 4047, 4058, 4062, 4077, 4082, 4084, 5080, 5084, 5310, 5311, 5337, 5320, 5322, 5323, 5346, 5357, 5358, 5364], "elapsed_seconds": 0.006824199925176799, "status": "success", "failure_reason": "", "route_distance_km": 36.19709159463293, "distance_cost_sum": 39.83724013854156, "population_cost_sum": 17.31210242086407, "traffic_cost_sum": 21.464075654287832, "airspace_cost_sum": 36.4, "total_weighted_score": 31.242382374812937}, "geometry": {"type": "LineString", "coordinates": [[-90.15289905765549, 38.57128267769979], [-90.15845430205954, 38.57592253965332], [-90.15827684369297, 38.58042298981685], [-90.16383311905943, 38.58506262995554], [-90.16939010840554, 38.58970202998531], [-90.17494781190939, 38.59434118977373], [-90.18050622974906, 38.59898010918833], [-90.18606536210271, 38.60361878809667], [-90.19162520914848, 38.60825722636621], [-90.19718577106451, 38.612895423864465], [-90.20274704802898, 38.61753338045887], [-90.2083090402201, 38.622171096016864], [-90.21387174781604, 38.62680857040582], [-90.21943517099498, 38.631445803493165], [-90.22499930993523, 38.636082795146216], [-90.23056416481495, 38.64071954523234], [-90.2361297358124, 38.64535605361884], [-90.24169602310592, 38.649992320172984], [-90.24726302687371, 38.65462834476206], [-90.25283074729404, 38.65926412725328], [-90.2583991845453, 38.663899667513896], [-90.26396833880578, 38.66853496541107], [-90.26953821025378, 38.673170020811966], [-90.2751087990677, 38.67780483358376], [-90.28068010542587, 38.682439403593555], [-90.28625212950666, 38.68707373070842], [-90.29182487148844, 38.69170781479548], [-90.29739833154962, 38.69634165572174], [-90.30297250986867, 38.70097525335427], [-90.30280331580018, 38.70547615766316], [-90.30837853409372, 38.710109528957155], [-90.31395447116216, 38.71474265665128], [-90.31378588266769, 38.71924359100243], [-90.31936286061908, 38.72387649197406], [-90.32494055786266, 38.72850914903958], [-90.330518974577, 38.7331415620659], [-90.33626541075455, 38.733272728767844], [-90.3420118843105, 38.73340361338185], [-90.34775839516463, 38.73353421590239], [-90.35333872308522, 38.73816560113835], [-90.35908566820065, 38.73829566025279], [-90.36466711306467, 38.742926539503976], [-90.37024927800739, 38.74755717394432]]}}, {"type": "Feature", "properties": {"route_run_id": "stl_st_louis_downtown_airport_to_st_louis_lambert_2026-03-07_0207", "route_pair": "st_louis_downtown_airport_to_st_louis_lambert", "route_pair_label": "St. Louis Downtown Airport to St. Louis Lambert", "origin_label": "St. Louis Downtown Airport", "destination_label": "St. Louis Lambert International Airport", "origin_lat": 38.5703611, "origin_lon": -90.1550833, "destination_lat": 38.7486982, "destination_lon": -90.3700257, "traffic_date": "2026-03-07", "traffic_dataset": "March 7th - Saturday", "weight_id": "w_0207", "distance_weight": 0.4, "population_weight": 0.0, "traffic_weight": 0.3, "airspace_weight": 0.3, "path_nodes": 41, "path_node_ids": [2179, 2180, 2174, 2199, 2203, 2207, 2341, 2344, 2368, 2374, 2394, 2397, 2712, 2716, 2739, 2746, 2769, 2772, 2777, 3989, 3993, 4006, 4008, 4021, 4045, 4047, 4058, 4059, 4063, 4064, 5048, 5052, 5076, 5082, 5299, 5304, 5319, 5321, 5357, 5358, 5364], "elapsed_seconds": 0.010306200012564659, "status": "success", "failure_reason": "", "route_distance_km": 35.44496799381346, "distance_cost_sum": 39.00947947657301, "population_cost_sum": 25.09456255665406, "traffic_cost_sum": 13.271815011393638, "airspace_cost_sum": 34.4, "total_weighted_score": 29.905336294047302}, "geometry": {"type": "LineString", "coordinates": [[-90.15289905765549, 38.57128267769979], [-90.15845430205954, 38.57592253965332], [-90.16401026010618, 38.58056216167], [-90.16956693197352, 38.58520154361737], [-90.17512431783956, 38.5898406853631], [-90.18068241788241, 38.5944795867747], [-90.18624123228014, 38.59911824771971], [-90.19180076121087, 38.60375666806568], [-90.19736100485268, 38.60839484768009], [-90.20292196338367, 38.61303278643038], [-90.2084836369821, 38.617670484184025], [-90.21404602582597, 38.62230794080845], [-90.21960913009349, 38.62694515617101], [-90.22517294996291, 38.63158213013913], [-90.23073748561237, 38.63621886258013], [-90.23630273722006, 38.640855353361346], [-90.24186870496423, 38.645491602350084], [-90.24169602310592, 38.649992320172984], [-90.24726302687371, 38.65462834476206], [-90.25283074729404, 38.65926412725328], [-90.2583991845453, 38.663899667513896], [-90.26396833880578, 38.66853496541107], [-90.26953821025378, 38.673170020811966], [-90.2751087990677, 38.67780483358376], [-90.28068010542587, 38.682439403593555], [-90.28625212950666, 38.68707373070842], [-90.29182487148844, 38.69170781479548], [-90.29756780913004, 38.69184076444029], [-90.3031416661418, 38.696474344946864], [-90.30888503852013, 38.69660675247757], [-90.31446001070607, 38.70123982903419], [-90.32003570136486, 38.70587266197814], [-90.32561211067481, 38.710505251176386], [-90.33118923881437, 38.715137596495865], [-90.3367670859619, 38.719769697803464], [-90.34234565229588, 38.724401554966114], [-90.34792493799469, 38.72903316785066], [-90.35350494323681, 38.73366453632395], [-90.35908566820065, 38.73829566025279], [-90.36466711306467, 38.742926539503976], [-90.37024927800739, 38.74755717394432]]}}, {"type": "Feature", "properties": {"route_run_id": "stl_st_louis_downtown_airport_to_st_louis_lambert_2026-03-07_0046", "route_pair": "st_louis_downtown_airport_to_st_louis_lambert", "route_pair_label": "St. Louis Downtown Airport to St. Louis Lambert", "origin_label": "St. Louis Downtown Airport", "destination_label": "St. Louis Lambert International Airport", "origin_lat": 38.5703611, "origin_lon": -90.1550833, "destination_lat": 38.7486982, "destination_lon": -90.3700257, "traffic_date": "2026-03-07", "traffic_dataset": "March 7th - Saturday", "weight_id": "w_0046", "distance_weight": 0.0, "population_weight": 0.5, "traffic_weight": 0.0, "airspace_weight": 0.5, "path_nodes": 54, "path_node_ids": [2179, 2182, 2192, 2418, 2422, 2425, 2427, 2453, 2456, 2479, 2480, 2483, 2808, 2811, 2813, 2833, 2859, 2862, 2864, 2795, 2796, 3899, 3902, 3914, 3948, 3947, 3952, 3940, 3977, 3976, 3941, 4043, 4066, 4067, 4068, 4185, 4187, 4188, 4076, 4075, 4082, 4084, 5080, 5084, 5310, 5311, 5337, 5320, 5322, 5323, 5346, 5357, 5358, 5364], "elapsed_seconds": 0.04263439995702356, "status": "success", "failure_reason": "", "route_distance_km": 44.03384803406542, "distance_cost_sum": 48.46209739727293, "population_cost_sum": 9.018797265828733, "traffic_cost_sum": 42.04381321285076, "airspace_cost_sum": 44.2, "total_weighted_score": 26.609398632914374}, "geometry": {"type": "LineString", "coordinates": [[-90.15289905765549, 38.57128267769979], [-90.14698830189188, 38.575643399377846], [-90.14107683252396, 38.580003791744], [-90.14663191796852, 38.58464420615243], [-90.15218771733517, 38.589284380730234], [-90.15774423080212, 38.593924315345014], [-90.16330145854758, 38.59856400986431], [-90.16885940074975, 38.60320346415569], [-90.16868241918205, 38.60770393390031], [-90.16850539809049, 38.61220439948829], [-90.16832833746557, 38.616704860919356], [-90.17388794826633, 38.621344129014695], [-90.179448274358, 38.625983156498016], [-90.17353434470424, 38.6303450755264], [-90.16761969944088, 38.63470666506797], [-90.16170433842768, 38.63906792498539], [-90.16726514297947, 38.64370754219247], [-90.17282666359999, 38.64834691868183], [-90.17838890046788, 38.65298605432084], [-90.18395185376184, 38.657624948976824], [-90.18951552366053, 38.66226360251709], [-90.1950799103427, 38.666902014808954], [-90.200645013987, 38.67154018571967], [-90.20621083477218, 38.67617811511645], [-90.21177737287698, 38.68081580286656], [-90.21751905445252, 38.68095265114052], [-90.22308670781703, 38.685589837485246], [-90.22882882604138, 38.685726144608395], [-90.23439759481155, 38.69036282917826], [-90.24014014948251, 38.69049859495047], [-90.24605541323987, 38.68613337677085], [-90.2517976862147, 38.68626855773688], [-90.25736804511756, 38.69090420272148], [-90.26311075393669, 38.69103884211091], [-90.26868222818311, 38.695673984376505], [-90.27425442059507, 38.700308883813186], [-90.27999796237877, 38.700442721166475], [-90.28557127047641, 38.70507711728869], [-90.29148516021279, 38.700709550716724], [-90.297228816103, 38.700842542902386], [-90.30280331580018, 38.70547615766316], [-90.30837853409372, 38.710109528957155], [-90.31395447116216, 38.71474265665128], [-90.31378588266769, 38.71924359100243], [-90.31936286061908, 38.72387649197406], [-90.32494055786266, 38.72850914903958], [-90.330518974577, 38.7331415620659], [-90.33626541075455, 38.733272728767844], [-90.3420118843105, 38.73340361338185], [-90.34775839516463, 38.73353421590239], [-90.35333872308522, 38.73816560113835], [-90.35908566820065, 38.73829566025279], [-90.36466711306467, 38.742926539503976], [-90.37024927800739, 38.74755717394432]]}}, {"type": "Feature", "properties": {"route_run_id": "stl_st_louis_downtown_airport_to_st_louis_lambert_2026-03-07_0188", "route_pair": "st_louis_downtown_airport_to_st_louis_lambert", "route_pair_label": "St. Louis Downtown Airport to St. Louis Lambert", "origin_label": "St. Louis Downtown Airport", "destination_label": "St. Louis Lambert International Airport", "origin_lat": 38.5703611, "origin_lon": -90.1550833, "destination_lat": 38.7486982, "destination_lon": -90.3700257, "traffic_date": "2026-03-07", "traffic_dataset": "March 7th - Saturday", "weight_id": "w_0188", "distance_weight": 0.3, "population_weight": 0.2, "traffic_weight": 0.5, "airspace_weight": 0.0, "path_nodes": 41, "path_node_ids": [2179, 2180, 2183, 2198, 2202, 2206, 2449, 2345, 2370, 2373, 2398, 2709, 2711, 2714, 2750, 2744, 2770, 2772, 2777, 3989, 3993, 4006, 4008, 4021, 4045, 4047, 4058, 4059, 4063, 4064, 5048, 5052, 5076, 5082, 5299, 5304, 5319, 5321, 5357, 5358, 5364], "elapsed_seconds": 0.010757399955764413, "status": "success", "failure_reason": "", "route_distance_km": 35.44516965599588, "distance_cost_sum": 39.00970141884611, "population_cost_sum": 23.447934484851842, "traffic_cost_sum": 13.596616574214913, "airspace_cost_sum": 34.4, "total_weighted_score": 23.190805609731658}, "geometry": {"type": "LineString", "coordinates": [[-90.15289905765549, 38.57128267769979], [-90.15845430205954, 38.57592253965332], [-90.15827684369297, 38.58042298981685], [-90.16383311905943, 38.58506262995554], [-90.16939010840554, 38.58970202998531], [-90.17494781190939, 38.59434118977373], [-90.18050622974906, 38.59898010918833], [-90.18606536210271, 38.60361878809667], [-90.19162520914848, 38.60825722636621], [-90.19718577106451, 38.612895423864465], [-90.20274704802898, 38.61753338045887], [-90.2083090402201, 38.622171096016864], [-90.21387174781604, 38.62680857040582], [-90.21943517099498, 38.631445803493165], [-90.22499930993523, 38.636082795146216], [-90.23056416481495, 38.64071954523234], [-90.2361297358124, 38.64535605361884], [-90.24169602310592, 38.649992320172984], [-90.24726302687371, 38.65462834476206], [-90.25283074729404, 38.65926412725328], [-90.2583991845453, 38.663899667513896], [-90.26396833880578, 38.66853496541107], [-90.26953821025378, 38.673170020811966], [-90.2751087990677, 38.67780483358376], [-90.28068010542587, 38.682439403593555], [-90.28625212950666, 38.68707373070842], [-90.29182487148844, 38.69170781479548], [-90.29756780913004, 38.69184076444029], [-90.3031416661418, 38.696474344946864], [-90.30888503852013, 38.69660675247757], [-90.31446001070607, 38.70123982903419], [-90.32003570136486, 38.70587266197814], [-90.32561211067481, 38.710505251176386], [-90.33118923881437, 38.715137596495865], [-90.3367670859619, 38.719769697803464], [-90.34234565229588, 38.724401554966114], [-90.34792493799469, 38.72903316785066], [-90.35350494323681, 38.73366453632395], [-90.35908566820065, 38.73829566025279], [-90.36466711306467, 38.742926539503976], [-90.37024927800739, 38.74755717394432]]}}, {"type": "Feature", "properties": {"route_run_id": "stl_st_louis_downtown_airport_to_st_louis_lambert_2026-03-07_0112", "route_pair": "st_louis_downtown_airport_to_st_louis_lambert", "route_pair_label": "St. Louis Downtown Airport to St. Louis Lambert", "origin_label": "St. Louis Downtown Airport", "destination_label": "St. Louis Lambert International Airport", "origin_lat": 38.5703611, "origin_lon": -90.1550833, "destination_lat": 38.7486982, "destination_lon": -90.3700257, "traffic_date": "2026-03-07", "traffic_dataset": "March 7th - Saturday", "weight_id": "w_0112", "distance_weight": 0.1, "population_weight": 0.6, "traffic_weight": 0.0, "airspace_weight": 0.3, "path_nodes": 54, "path_node_ids": [2179, 2180, 2183, 2186, 2419, 2423, 2448, 2452, 2454, 2457, 2481, 2485, 2808, 2811, 2812, 2816, 2858, 2863, 2864, 2795, 2796, 3899, 3902, 3914, 3948, 3947, 3952, 3940, 3977, 3976, 3941, 4043, 4066, 4067, 4068, 4185, 4187, 4188, 4076, 4075, 4082, 4084, 5080, 5084, 5310, 5311, 5337, 5320, 5322, 5323, 5346, 5357, 5358, 5364], "elapsed_seconds": 0.04818639997392893, "status": "success", "failure_reason": "", "route_distance_km": 41.922986936307204, "distance_cost_sum": 46.13895825139281, "population_cost_sum": 9.018797265828733, "traffic_cost_sum": 39.73702580413471, "airspace_cost_sum": 44.2, "total_weighted_score": 23.285174184636524}, "geometry": {"type": "LineString", "coordinates": [[-90.15289905765549, 38.57128267769979], [-90.15845430205954, 38.57592253965332], [-90.15827684369297, 38.58042298981685], [-90.1580993457009, 38.58492343582021], [-90.15792180807382, 38.58942387766302], [-90.16347871828971, 38.59406355405304], [-90.1690363428032, 38.598702990254786], [-90.17459468179258, 38.60334218613583], [-90.18015373543601, 38.6079811415637], [-90.17997742923725, 38.612481651524796], [-90.17980108366437, 38.616982157334434], [-90.1796246987078, 38.62148265899229], [-90.179448274358, 38.625983156498016], [-90.17353434470424, 38.6303450755264], [-90.17335748369, 38.63484554254923], [-90.17318058317427, 38.63934600541629], [-90.17300364314747, 38.64384646412727], [-90.17856556137721, 38.64848558173427], [-90.17838890046788, 38.65298605432084], [-90.18395185376184, 38.657624948976824], [-90.18951552366053, 38.66226360251709], [-90.1950799103427, 38.666902014808954], [-90.200645013987, 38.67154018571967], [-90.20621083477218, 38.67617811511645], [-90.21177737287698, 38.68081580286656], [-90.21751905445252, 38.68095265114052], [-90.22308670781703, 38.685589837485246], [-90.22882882604138, 38.685726144608395], [-90.23439759481155, 38.69036282917826], [-90.24014014948251, 38.69049859495047], [-90.24605541323987, 38.68613337677085], [-90.2517976862147, 38.68626855773688], [-90.25736804511756, 38.69090420272148], [-90.26311075393669, 38.69103884211091], [-90.26868222818311, 38.695673984376505], [-90.27425442059507, 38.700308883813186], [-90.27999796237877, 38.700442721166475], [-90.28557127047641, 38.70507711728869], [-90.29148516021279, 38.700709550716724], [-90.297228816103, 38.700842542902386], [-90.30280331580018, 38.70547615766316], [-90.30837853409372, 38.710109528957155], [-90.31395447116216, 38.71474265665128], [-90.31378588266769, 38.71924359100243], [-90.31936286061908, 38.72387649197406], [-90.32494055786266, 38.72850914903958], [-90.330518974577, 38.7331415620659], [-90.33626541075455, 38.733272728767844], [-90.3420118843105, 38.73340361338185], [-90.34775839516463, 38.73353421590239], [-90.35333872308522, 38.73816560113835], [-90.35908566820065, 38.73829566025279], [-90.36466711306467, 38.742926539503976], [-90.37024927800739, 38.74755717394432]]}}, {"type": "Feature", "properties": {"route_run_id": "stl_st_louis_downtown_airport_to_st_louis_lambert_2026-03-07_0140", "route_pair": "st_louis_downtown_airport_to_st_louis_lambert", "route_pair_label": "St. Louis Downtown Airport to St. Louis Lambert", "origin_label": "St. Louis Downtown Airport", "destination_label": "St. Louis Lambert International Airport", "origin_lat": 38.5703611, "origin_lon": -90.1550833, "destination_lat": 38.7486982, "destination_lon": -90.3700257, "traffic_date": "2026-03-07", "traffic_dataset": "March 7th - Saturday", "weight_id": "w_0140", "distance_weight": 0.2, "population_weight": 0.2, "traffic_weight": 0.1, "airspace_weight": 0.5, "path_nodes": 40, "path_node_ids": [2179, 2180, 2174, 2199, 2203, 2207, 2341, 2344, 2368, 2374, 2394, 2397, 2712, 2716, 2739, 2746, 2769, 2773, 3985, 3988, 3992, 3994, 4019, 4020, 4023, 4055, 4059, 4063, 4064, 5048, 5052, 5076, 5082, 5299, 5304, 5319, 5321, 5357, 5358, 5364], "elapsed_seconds": 0.03434030001517385, "status": "success", "failure_reason": "", "route_distance_km": 35.0695243590648, "distance_cost_sum": 38.596279476875054, "population_cost_sum": 23.651108783135093, "traffic_cost_sum": 14.425692925774984, "airspace_cost_sum": 33.8, "total_weighted_score": 30.79204694457953}, "geometry": {"type": "LineString", "coordinates": [[-90.15289905765549, 38.57128267769979], [-90.15845430205954, 38.57592253965332], [-90.16401026010618, 38.58056216167], [-90.16956693197352, 38.58520154361737], [-90.17512431783956, 38.5898406853631], [-90.18068241788241, 38.5944795867747], [-90.18624123228014, 38.59911824771971], [-90.19180076121087, 38.60375666806568], [-90.19736100485268, 38.60839484768009], [-90.20292196338367, 38.61303278643038], [-90.2084836369821, 38.617670484184025], [-90.21404602582597, 38.62230794080845], [-90.21960913009349, 38.62694515617101], [-90.22517294996291, 38.63158213013913], [-90.23073748561237, 38.63621886258013], [-90.23630273722006, 38.640855353361346], [-90.24186870496423, 38.645491602350084], [-90.24743538902311, 38.65012760941361], [-90.25300278957496, 38.654763374419176], [-90.25857090679797, 38.65939889723403], [-90.26413974087053, 38.66403417772537], [-90.26970929197084, 38.66866921576039], [-90.27527956027723, 38.67330401120623], [-90.28085054596801, 38.677938563930056], [-90.28642224922152, 38.68257287379895], [-90.29199467021606, 38.68720694068001], [-90.29756780913004, 38.69184076444029], [-90.3031416661418, 38.696474344946864], [-90.30888503852013, 38.69660675247757], [-90.31446001070607, 38.70123982903419], [-90.32003570136486, 38.70587266197814], [-90.32561211067481, 38.710505251176386], [-90.33118923881437, 38.715137596495865], [-90.3367670859619, 38.719769697803464], [-90.34234565229588, 38.724401554966114], [-90.34792493799469, 38.72903316785066], [-90.35350494323681, 38.73366453632395], [-90.35908566820065, 38.73829566025279], [-90.36466711306467, 38.742926539503976], [-90.37024927800739, 38.74755717394432]]}}, {"type": "Feature", "properties": {"route_run_id": "stl_st_louis_downtown_airport_to_st_louis_lambert_2026-03-07_0095", "route_pair": "st_louis_downtown_airport_to_st_louis_lambert", "route_pair_label": "St. Louis Downtown Airport to St. Louis Lambert", "origin_label": "St. Louis Downtown Airport", "destination_label": "St. Louis Lambert International Airport", "origin_lat": 38.5703611, "origin_lon": -90.1550833, "destination_lat": 38.7486982, "destination_lon": -90.3700257, "traffic_date": "2026-03-07", "traffic_dataset": "March 7th - Saturday", "weight_id": "w_0095", "distance_weight": 0.1, "population_weight": 0.3, "traffic_weight": 0.1, "airspace_weight": 0.5, "path_nodes": 41, "path_node_ids": [2179, 2180, 2183, 2198, 2202, 2206, 2449, 2345, 2370, 2373, 2398, 2709, 2711, 2714, 2750, 2744, 2770, 2772, 2777, 3989, 3993, 4006, 4008, 4021, 4045, 4047, 4058, 4062, 4077, 4079, 5077, 5081, 5083, 5308, 5316, 5322, 5323, 5346, 5357, 5358, 5364], "elapsed_seconds": 0.048560300027020276, "status": "success", "failure_reason": "", "route_distance_km": 35.445873467048145, "distance_cost_sum": 39.010476008424035, "population_cost_sum": 21.248540131475806, "traffic_cost_sum": 17.68537922249981, "airspace_cost_sum": 34.4, "total_weighted_score": 29.24414756253513}, "geometry": {"type": "LineString", "coordinates": [[-90.15289905765549, 38.57128267769979], [-90.15845430205954, 38.57592253965332], [-90.15827684369297, 38.58042298981685], [-90.16383311905943, 38.58506262995554], [-90.16939010840554, 38.58970202998531], [-90.17494781190939, 38.59434118977373], [-90.18050622974906, 38.59898010918833], [-90.18606536210271, 38.60361878809667], [-90.19162520914848, 38.60825722636621], [-90.19718577106451, 38.612895423864465], [-90.20274704802898, 38.61753338045887], [-90.2083090402201, 38.622171096016864], [-90.21387174781604, 38.62680857040582], [-90.21943517099498, 38.631445803493165], [-90.22499930993523, 38.636082795146216], [-90.23056416481495, 38.64071954523234], [-90.2361297358124, 38.64535605361884], [-90.24169602310592, 38.649992320172984], [-90.24726302687371, 38.65462834476206], [-90.25283074729404, 38.65926412725328], [-90.2583991845453, 38.663899667513896], [-90.26396833880578, 38.66853496541107], [-90.26953821025378, 38.673170020811966], [-90.2751087990677, 38.67780483358376], [-90.28068010542587, 38.682439403593555], [-90.28625212950666, 38.68707373070842], [-90.29182487148844, 38.69170781479548], [-90.29739833154962, 38.69634165572174], [-90.30297250986867, 38.70097525335427], [-90.30854740662397, 38.70560860756003], [-90.31412302199392, 38.71024171820601], [-90.31969935615703, 38.71487458515916], [-90.32527640929177, 38.719507208286444], [-90.33085418157658, 38.72413958745472], [-90.33643267319002, 38.72877172253092], [-90.3420118843105, 38.73340361338185], [-90.34775839516463, 38.73353421590239], [-90.35333872308522, 38.73816560113835], [-90.35908566820065, 38.73829566025279], [-90.36466711306467, 38.742926539503976], [-90.37024927800739, 38.74755717394432]]}}, {"type": "Feature", "properties": {"route_run_id": "stl_st_louis_downtown_airport_to_st_louis_lambert_2026-03-07_0008", "route_pair": "st_louis_downtown_airport_to_st_louis_lambert", "route_pair_label": "St. Louis Downtown Airport to St. Louis Lambert", "origin_label": "St. Louis Downtown Airport", "destination_label": "St. Louis Lambert International Airport", "origin_lat": 38.5703611, "origin_lon": -90.1550833, "destination_lat": 38.7486982, "destination_lon": -90.3700257, "traffic_date": "2026-03-07", "traffic_dataset": "March 7th - Saturday", "weight_id": "w_0008", "distance_weight": 0.0, "population_weight": 0.0, "traffic_weight": 0.7, "airspace_weight": 0.3, "path_nodes": 50, "path_node_ids": [2179, 2180, 2172, 2176, 2200, 2204, 2317, 2340, 2346, 2371, 2391, 2365, 2363, 2364, 2382, 2383, 2384, 2381, 3291, 3294, 3295, 2619, 2622, 2624, 2650, 2644, 2659, 2660, 2666, 3746, 3749, 3773, 3775, 4995, 4999, 5004, 5025, 5031, 5046, 5050, 5052, 5076, 5082, 5299, 5304, 5319, 5321, 5357, 5358, 5364], "elapsed_seconds": 0.042922799941152334, "status": "success", "failure_reason": "", "route_distance_km": 42.52726079535553, "distance_cost_sum": 46.80400071121081, "population_cost_sum": 32.25426474674906, "traffic_cost_sum": 9.45931164511369, "airspace_cost_sum": 41.000000000000014, "total_weighted_score": 18.921518151579587}, "geometry": {"type": "LineString", "coordinates": [[-90.15289905765549, 38.57128267769979], [-90.15845430205954, 38.57592253965332], [-90.16418736160693, 38.57606168922697], [-90.16974371606538, 38.58070105309441], [-90.17530078436367, 38.58534017679984], [-90.1808585666797, 38.58997906021084], [-90.18641706319154, 38.594617703194956], [-90.1919762740773, 38.599256105619745], [-90.19753619951499, 38.60389426735269], [-90.20309683968271, 38.60853218826128], [-90.20865819475857, 38.61316986821297], [-90.21456862640191, 38.60880602720248], [-90.22047834309943, 38.60444185756461], [-90.22604056866915, 38.60907874314365], [-90.2316035092222, 38.613715387394656], [-90.2371671649366, 38.61835179018503], [-90.24290398660771, 38.61848720882003], [-90.24881290125248, 38.614121578273846], [-90.25454944220584, 38.61425641358266], [-90.26011468234759, 38.61889177949167], [-90.26585165757079, 38.619026074618795], [-90.27158867098281, 38.61916008885477], [-90.27715541836658, 38.623794693869755], [-90.28272288137876, 38.6284290566021], [-90.28829106019728, 38.6330631769191], [-90.29385995499997, 38.63769705468798], [-90.29942956596467, 38.642330689775996], [-90.30499989326923, 38.646964082050346], [-90.31057093709157, 38.65159723137826], [-90.31614269760959, 38.65623013762685], [-90.32171517500115, 38.66086280066329], [-90.32728836944425, 38.66549522035468], [-90.33286228111679, 38.67012739656812], [-90.32695341720094, 38.67449725921408], [-90.32104383573602, 38.678866794261786], [-90.31513353658015, 38.683236001573846], [-90.31496521153262, 38.68773696457779], [-90.32053993746693, 38.69236974652525], [-90.32611538157217, 38.69700228484725], [-90.32020381761771, 38.70137169425106], [-90.32003570136486, 38.70587266197814], [-90.32561211067481, 38.710505251176386], [-90.33118923881437, 38.715137596495865], [-90.3367670859619, 38.719769697803464], [-90.34234565229588, 38.724401554966114], [-90.34792493799469, 38.72903316785066], [-90.35350494323681, 38.73366453632395], [-90.35908566820065, 38.73829566025279], [-90.36466711306467, 38.742926539503976], [-90.37024927800739, 38.74755717394432]]}}, {"type": "Feature", "properties": {"route_run_id": "stl_st_louis_downtown_airport_to_st_louis_lambert_2026-03-07_0183", "route_pair": "st_louis_downtown_airport_to_st_louis_lambert", "route_pair_label": "St. Louis Downtown Airport to St. Louis Lambert", "origin_label": "St. Louis Downtown Airport", "destination_label": "St. Louis Lambert International Airport", "origin_lat": 38.5703611, "origin_lon": -90.1550833, "destination_lat": 38.7486982, "destination_lon": -90.3700257, "traffic_date": "2026-03-07", "traffic_dataset": "March 7th - Saturday", "weight_id": "w_0183", "distance_weight": 0.3, "population_weight": 0.2, "traffic_weight": 0.0, "airspace_weight": 0.5, "path_nodes": 40, "path_node_ids": [2179, 2180, 2174, 2199, 2203, 2207, 2341, 2344, 2368, 2374, 2394, 2397, 2712, 2716, 2739, 2746, 2769, 2773, 3985, 3988, 3992, 3994, 4019, 4020, 4023, 4055, 4059, 4063, 4078, 5051, 5075, 5079, 5306, 5303, 5318, 5323, 5346, 5357, 5358, 5364], "elapsed_seconds": 0.027290300000458956, "status": "success", "failure_reason": "", "route_distance_km": 35.06987633323177, "distance_cost_sum": 38.59666684720769, "population_cost_sum": 23.21199613097869, "traffic_cost_sum": 16.42024029705683, "airspace_cost_sum": 33.8, "total_weighted_score": 33.12139928035805}, "geometry": {"type": "LineString", "coordinates": [[-90.15289905765549, 38.57128267769979], [-90.15845430205954, 38.57592253965332], [-90.16401026010618, 38.58056216167], [-90.16956693197352, 38.58520154361737], [-90.17512431783956, 38.5898406853631], [-90.18068241788241, 38.5944795867747], [-90.18624123228014, 38.59911824771971], [-90.19180076121087, 38.60375666806568], [-90.19736100485268, 38.60839484768009], [-90.20292196338367, 38.61303278643038], [-90.2084836369821, 38.617670484184025], [-90.21404602582597, 38.62230794080845], [-90.21960913009349, 38.62694515617101], [-90.22517294996291, 38.63158213013913], [-90.23073748561237, 38.63621886258013], [-90.23630273722006, 38.640855353361346], [-90.24186870496423, 38.645491602350084], [-90.24743538902311, 38.65012760941361], [-90.25300278957496, 38.654763374419176], [-90.25857090679797, 38.65939889723403], [-90.26413974087053, 38.66403417772537], [-90.26970929197084, 38.66866921576039], [-90.27527956027723, 38.67330401120623], [-90.28085054596801, 38.677938563930056], [-90.28642224922152, 38.68257287379895], [-90.29199467021606, 38.68720694068001], [-90.29756780913004, 38.69184076444029], [-90.3031416661418, 38.696474344946864], [-90.3087162414297, 38.701107682066734], [-90.31429153517219, 38.705740775666875], [-90.31986754754767, 38.71037362561428], [-90.32544427873452, 38.71500623177588], [-90.33102172891115, 38.71963859401861], [-90.33659989825608, 38.72427071220935], [-90.34217878694776, 38.72890258621499], [-90.34775839516463, 38.73353421590239], [-90.35333872308522, 38.73816560113835], [-90.35908566820065, 38.73829566025279], [-90.36466711306467, 38.742926539503976], [-90.37024927800739, 38.74755717394432]]}}, {"type": "Feature", "properties": {"route_run_id": "stl_st_louis_downtown_airport_to_st_louis_lambert_2026-03-07_0259", "route_pair": "st_louis_downtown_airport_to_st_louis_lambert", "route_pair_label": "St. Louis Downtown Airport to St. Louis Lambert", "origin_label": "St. Louis Downtown Airport", "destination_label": "St. Louis Lambert International Airport", "origin_lat": 38.5703611, "origin_lon": -90.1550833, "destination_lat": 38.7486982, "destination_lon": -90.3700257, "traffic_date": "2026-03-07", "traffic_dataset": "March 7th - Saturday", "weight_id": "w_0259", "distance_weight": 0.6, "population_weight": 0.1, "traffic_weight": 0.1, "airspace_weight": 0.2, "path_nodes": 40, "path_node_ids": [2179, 2180, 2174, 2199, 2203, 2207, 2341, 2344, 2368, 2374, 2394, 2397, 2712, 2716, 2739, 2746, 2769, 2773, 3985, 3988, 3992, 3994, 4019, 4020, 4023, 4055, 4059, 4063, 4064, 5048, 5052, 5076, 5082, 5299, 5304, 5319, 5321, 5357, 5358, 5364], "elapsed_seconds": 0.006692999973893166, "status": "success", "failure_reason": "", "route_distance_km": 35.0695243590648, "distance_cost_sum": 38.596279476875054, "population_cost_sum": 23.651108783135093, "traffic_cost_sum": 14.425692925774984, "airspace_cost_sum": 33.8, "total_weighted_score": 33.725447857016036}, "geometry": {"type": "LineString", "coordinates": [[-90.15289905765549, 38.57128267769979], [-90.15845430205954, 38.57592253965332], [-90.16401026010618, 38.58056216167], [-90.16956693197352, 38.58520154361737], [-90.17512431783956, 38.5898406853631], [-90.18068241788241, 38.5944795867747], [-90.18624123228014, 38.59911824771971], [-90.19180076121087, 38.60375666806568], [-90.19736100485268, 38.60839484768009], [-90.20292196338367, 38.61303278643038], [-90.2084836369821, 38.617670484184025], [-90.21404602582597, 38.62230794080845], [-90.21960913009349, 38.62694515617101], [-90.22517294996291, 38.63158213013913], [-90.23073748561237, 38.63621886258013], [-90.23630273722006, 38.640855353361346], [-90.24186870496423, 38.645491602350084], [-90.24743538902311, 38.65012760941361], [-90.25300278957496, 38.654763374419176], [-90.25857090679797, 38.65939889723403], [-90.26413974087053, 38.66403417772537], [-90.26970929197084, 38.66866921576039], [-90.27527956027723, 38.67330401120623], [-90.28085054596801, 38.677938563930056], [-90.28642224922152, 38.68257287379895], [-90.29199467021606, 38.68720694068001], [-90.29756780913004, 38.69184076444029], [-90.3031416661418, 38.696474344946864], [-90.30888503852013, 38.69660675247757], [-90.31446001070607, 38.70123982903419], [-90.32003570136486, 38.70587266197814], [-90.32561211067481, 38.710505251176386], [-90.33118923881437, 38.715137596495865], [-90.3367670859619, 38.719769697803464], [-90.34234565229588, 38.724401554966114], [-90.34792493799469, 38.72903316785066], [-90.35350494323681, 38.73366453632395], [-90.35908566820065, 38.73829566025279], [-90.36466711306467, 38.742926539503976], [-90.37024927800739, 38.74755717394432]]}}, {"type": "Feature", "properties": {"route_run_id": "stl_st_louis_downtown_airport_to_st_louis_lambert_2026-03-07_0200", "route_pair": "st_louis_downtown_airport_to_st_louis_lambert", "route_pair_label": "St. Louis Downtown Airport to St. Louis Lambert", "origin_label": "St. Louis Downtown Airport", "destination_label": "St. Louis Lambert International Airport", "origin_lat": 38.5703611, "origin_lon": -90.1550833, "destination_lat": 38.7486982, "destination_lon": -90.3700257, "traffic_date": "2026-03-07", "traffic_dataset": "March 7th - Saturday", "weight_id": "w_0200", "distance_weight": 0.3, "population_weight": 0.5, "traffic_weight": 0.2, "airspace_weight": 0.0, "path_nodes": 44, "path_node_ids": [2179, 2180, 2183, 2198, 2202, 2206, 2449, 2345, 2370, 2373, 2398, 2709, 2711, 2714, 2750, 2744, 2770, 2772, 2777, 3989, 3988, 3992, 3994, 4019, 4020, 4023, 4055, 4059, 4063, 4077, 4082, 4084, 5080, 5084, 5310, 5311, 5337, 5320, 5322, 5323, 5346, 5357, 5358, 5364], "elapsed_seconds": 0.014686300070025027, "status": "success", "failure_reason": "", "route_distance_km": 36.572112967584374, "distance_cost_sum": 40.24997541182432, "population_cost_sum": 16.402941041735232, "traffic_cost_sum": 23.052390358439887, "airspace_cost_sum": 37.4, "total_weighted_score": 24.88694121610289}, "geometry": {"type": "LineString", "coordinates": [[-90.15289905765549, 38.57128267769979], [-90.15845430205954, 38.57592253965332], [-90.15827684369297, 38.58042298981685], [-90.16383311905943, 38.58506262995554], [-90.16939010840554, 38.58970202998531], [-90.17494781190939, 38.59434118977373], [-90.18050622974906, 38.59898010918833], [-90.18606536210271, 38.60361878809667], [-90.19162520914848, 38.60825722636621], [-90.19718577106451, 38.612895423864465], [-90.20274704802898, 38.61753338045887], [-90.2083090402201, 38.622171096016864], [-90.21387174781604, 38.62680857040582], [-90.21943517099498, 38.631445803493165], [-90.22499930993523, 38.636082795146216], [-90.23056416481495, 38.64071954523234], [-90.2361297358124, 38.64535605361884], [-90.24169602310592, 38.649992320172984], [-90.24726302687371, 38.65462834476206], [-90.25283074729404, 38.65926412725328], [-90.25857090679797, 38.65939889723403], [-90.26413974087053, 38.66403417772537], [-90.26970929197084, 38.66866921576039], [-90.27527956027723, 38.67330401120623], [-90.28085054596801, 38.677938563930056], [-90.28642224922152, 38.68257287379895], [-90.29199467021606, 38.68720694068001], [-90.29756780913004, 38.69184076444029], [-90.3031416661418, 38.696474344946864], [-90.30297250986867, 38.70097525335427], [-90.30280331580018, 38.70547615766316], [-90.30837853409372, 38.710109528957155], [-90.31395447116216, 38.71474265665128], [-90.31378588266769, 38.71924359100243], [-90.31936286061908, 38.72387649197406], [-90.32494055786266, 38.72850914903958], [-90.330518974577, 38.7331415620659], [-90.33626541075455, 38.733272728767844], [-90.3420118843105, 38.73340361338185], [-90.34775839516463, 38.73353421590239], [-90.35333872308522, 38.73816560113835], [-90.35908566820065, 38.73829566025279], [-90.36466711306467, 38.742926539503976], [-90.37024927800739, 38.74755717394432]]}}, {"type": "Feature", "properties": {"route_run_id": "stl_st_louis_downtown_airport_to_st_louis_lambert_2026-03-07_0130", "route_pair": "st_louis_downtown_airport_to_st_louis_lambert", "route_pair_label": "St. Louis Downtown Airport to St. Louis Lambert", "origin_label": "St. Louis Downtown Airport", "destination_label": "St. Louis Lambert International Airport", "origin_lat": 38.5703611, "origin_lon": -90.1550833, "destination_lat": 38.7486982, "destination_lon": -90.3700257, "traffic_date": "2026-03-07", "traffic_dataset": "March 7th - Saturday", "weight_id": "w_0130", "distance_weight": 0.2, "population_weight": 0.0, "traffic_weight": 0.8, "airspace_weight": 0.0, "path_nodes": 52, "path_node_ids": [2179, 2180, 2172, 2176, 2200, 2204, 2317, 2340, 2346, 2371, 2391, 2389, 2388, 2390, 2382, 2383, 2384, 2381, 3291, 3294, 3295, 2619, 2622, 2624, 2625, 2639, 2645, 2646, 2660, 2666, 3746, 3749, 3773, 3775, 3786, 3789, 5007, 5010, 5037, 5045, 5046, 5050, 5052, 5076, 5082, 5299, 5304, 5319, 5321, 5357, 5358, 5364], "elapsed_seconds": 0.009998699999414384, "status": "success", "failure_reason": "", "route_distance_km": 41.68391537561124, "distance_cost_sum": 45.87584453826918, "population_cost_sum": 34.902567513053675, "traffic_cost_sum": 8.948430256176522, "airspace_cost_sum": 42.6, "total_weighted_score": 16.333913112595056}, "geometry": {"type": "LineString", "coordinates": [[-90.15289905765549, 38.57128267769979], [-90.15845430205954, 38.57592253965332], [-90.16418736160693, 38.57606168922697], [-90.16974371606538, 38.58070105309441], [-90.17530078436367, 38.58534017679984], [-90.1808585666797, 38.58997906021084], [-90.18641706319154, 38.594617703194956], [-90.1919762740773, 38.599256105619745], [-90.19753619951499, 38.60389426735269], [-90.20309683968271, 38.60853218826128], [-90.20865819475857, 38.61316986821297], [-90.21439446510948, 38.61330666920645], [-90.22013077435682, 38.613443189405075], [-90.22586712242094, 38.61357942880305], [-90.2316035092222, 38.613715387394656], [-90.2371671649366, 38.61835179018503], [-90.24290398660771, 38.61848720882003], [-90.24881290125248, 38.614121578273846], [-90.25454944220584, 38.61425641358266], [-90.26011468234759, 38.61889177949167], [-90.26585165757079, 38.619026074618795], [-90.27158867098281, 38.61916008885477], [-90.27715541836658, 38.623794693869755], [-90.28272288137876, 38.6284290566021], [-90.28846072453517, 38.62856227076729], [-90.29402929919887, 38.633196131358105], [-90.29959858986506, 38.63782974930801], [-90.30516859671155, 38.64246312448426], [-90.30499989326923, 38.646964082050346], [-90.31057093709157, 38.65159723137826], [-90.31614269760959, 38.65623013762685], [-90.32171517500115, 38.66086280066329], [-90.32728836944425, 38.66549522035468], [-90.33286228111679, 38.67012739656812], [-90.33843691019668, 38.6747593291707], [-90.33827009559579, 38.67926038440383], [-90.3381032437251, 38.68376143555556], [-90.33793635457556, 38.688262482625575], [-90.33776942813816, 38.69276352561359], [-90.331858904295, 38.69713356554443], [-90.32611538157217, 38.69700228484725], [-90.32020381761771, 38.70137169425106], [-90.32003570136486, 38.70587266197814], [-90.32561211067481, 38.710505251176386], [-90.33118923881437, 38.715137596495865], [-90.3367670859619, 38.719769697803464], [-90.34234565229588, 38.724401554966114], [-90.34792493799469, 38.72903316785066], [-90.35350494323681, 38.73366453632395], [-90.35908566820065, 38.73829566025279], [-90.36466711306467, 38.742926539503976], [-90.37024927800739, 38.74755717394432]]}}, {"type": "Feature", "properties": {"route_run_id": "stl_st_louis_downtown_airport_to_st_louis_lambert_2026-03-07_0018", "route_pair": "st_louis_downtown_airport_to_st_louis_lambert", "route_pair_label": "St. Louis Downtown Airport to St. Louis Lambert", "origin_label": "St. Louis Downtown Airport", "destination_label": "St. Louis Lambert International Airport", "origin_lat": 38.5703611, "origin_lon": -90.1550833, "destination_lat": 38.7486982, "destination_lon": -90.3700257, "traffic_date": "2026-03-07", "traffic_dataset": "March 7th - Saturday", "weight_id": "w_0018", "distance_weight": 0.0, "population_weight": 0.1, "traffic_weight": 0.6, "airspace_weight": 0.3, "path_nodes": 46, "path_node_ids": [2179, 2180, 2172, 2176, 2200, 2204, 2317, 2340, 2346, 2371, 2391, 2389, 2392, 2396, 2724, 2721, 2718, 2723, 2629, 2631, 2630, 2655, 2657, 2670, 2674, 2690, 2694, 2696, 3997, 4003, 4028, 4031, 5025, 5031, 5046, 5050, 5052, 5076, 5082, 5299, 5304, 5319, 5321, 5357, 5358, 5364], "elapsed_seconds": 0.044865199946798384, "status": "success", "failure_reason": "", "route_distance_km": 38.37859402379461, "distance_cost_sum": 42.238124637952886, "population_cost_sum": 26.85306657644267, "traffic_cost_sum": 10.976639891492844, "airspace_cost_sum": 37.8, "total_weighted_score": 20.611290592539977}, "geometry": {"type": "LineString", "coordinates": [[-90.15289905765549, 38.57128267769979], [-90.15845430205954, 38.57592253965332], [-90.16418736160693, 38.57606168922697], [-90.16974371606538, 38.58070105309441], [-90.17530078436367, 38.58534017679984], [-90.1808585666797, 38.58997906021084], [-90.18641706319154, 38.594617703194956], [-90.1919762740773, 38.599256105619745], [-90.19753619951499, 38.60389426735269], [-90.20309683968271, 38.60853218826128], [-90.20865819475857, 38.61316986821297], [-90.21439446510948, 38.61330666920645], [-90.21995693176504, 38.61794384912666], [-90.22552011370372, 38.622580787732026], [-90.23108401110366, 38.627217484889904], [-90.23682150967697, 38.62735322783211], [-90.24273153599036, 38.622987951382164], [-90.24829662256141, 38.627623870853405], [-90.25403423671318, 38.627758770921055], [-90.25960043524782, 38.632394189110826], [-90.26533848396411, 38.63252854873545], [-90.27090579460699, 38.637163465274895], [-90.27647382133833, 38.64179813950475], [-90.28204256433611, 38.64643257129221], [-90.28761202377838, 38.651066760504534], [-90.29318219984313, 38.6557007070089], [-90.29875309270838, 38.6603344106725], [-90.29858387993494, 38.66483533065127], [-90.3041558105904, 38.669468808450944], [-90.30972845856238, 38.6741020431041], [-90.30955984991148, 38.67860299316816], [-90.30939120359093, 38.68310393913784], [-90.31496521153262, 38.68773696457779], [-90.32053993746693, 38.69236974652525], [-90.32611538157217, 38.69700228484725], [-90.32020381761771, 38.70137169425106], [-90.32003570136486, 38.70587266197814], [-90.32561211067481, 38.710505251176386], [-90.33118923881437, 38.715137596495865], [-90.3367670859619, 38.719769697803464], [-90.34234565229588, 38.724401554966114], [-90.34792493799469, 38.72903316785066], [-90.35350494323681, 38.73366453632395], [-90.35908566820065, 38.73829566025279], [-90.36466711306467, 38.742926539503976], [-90.37024927800739, 38.74755717394432]]}}, {"type": "Feature", "properties": {"route_run_id": "stl_st_louis_downtown_airport_to_st_louis_lambert_2026-03-07_0162", "route_pair": "st_louis_downtown_airport_to_st_louis_lambert", "route_pair_label": "St. Louis Downtown Airport to St. Louis Lambert", "origin_label": "St. Louis Downtown Airport", "destination_label": "St. Louis Lambert International Airport", "origin_lat": 38.5703611, "origin_lon": -90.1550833, "destination_lat": 38.7486982, "destination_lon": -90.3700257, "traffic_date": "2026-03-07", "traffic_dataset": "March 7th - Saturday", "weight_id": "w_0162", "distance_weight": 0.2, "population_weight": 0.6, "traffic_weight": 0.1, "airspace_weight": 0.1, "path_nodes": 55, "path_node_ids": [2179, 2180, 2183, 2186, 2419, 2423, 2448, 2453, 2455, 2478, 2482, 2483, 2487, 2811, 2812, 2816, 2858, 2863, 2864, 2889, 3896, 3898, 3901, 3927, 3946, 3949, 3953, 3966, 3944, 3977, 3976, 3941, 4043, 4066, 4067, 4068, 4185, 4187, 4188, 4076, 4075, 4082, 4084, 5080, 5084, 5310, 5311, 5337, 5320, 5322, 5323, 5346, 5357, 5358, 5364], "elapsed_seconds": 0.021661799983121455, "status": "success", "failure_reason": "", "route_distance_km": 41.7707608340185, "distance_cost_sum": 45.97142358147673, "population_cost_sum": 8.67777235752909, "traffic_cost_sum": 37.73498160459783, "airspace_cost_sum": 45.2, "total_weighted_score": 22.694446291272588}, "geometry": {"type": "LineString", "coordinates": [[-90.15289905765549, 38.57128267769979], [-90.15845430205954, 38.57592253965332], [-90.15827684369297, 38.58042298981685], [-90.1580993457009, 38.58492343582021], [-90.15792180807382, 38.58942387766302], [-90.16347871828971, 38.59406355405304], [-90.1690363428032, 38.598702990254786], [-90.16885940074975, 38.60320346415569], [-90.17441805758689, 38.60784267808668], [-90.174241393937, 38.61234316588366], [-90.17406469083332, 38.61684364952644], [-90.17388794826633, 38.621344129014695], [-90.17371116622648, 38.62584460434813], [-90.17353434470424, 38.6303450755264], [-90.17335748369, 38.63484554254923], [-90.17318058317427, 38.63934600541629], [-90.17300364314747, 38.64384646412727], [-90.17856556137721, 38.64848558173427], [-90.17838890046788, 38.65298605432084], [-90.17821220009857, 38.65748652275311], [-90.18377547226044, 38.66212543540375], [-90.18933946118675, 38.666764106898924], [-90.19490416705614, 38.67140253710589], [-90.20046959004746, 38.676040725891895], [-90.20603573033937, 38.68067867312418], [-90.21160258811075, 38.68531637866994], [-90.2171701635404, 38.68995384239636], [-90.2229126017605, 38.690090452895454], [-90.22865507887754, 38.69022678182468], [-90.23439759481155, 38.69036282917826], [-90.24014014948251, 38.69049859495047], [-90.24605541323987, 38.68613337677085], [-90.2517976862147, 38.68626855773688], [-90.25736804511756, 38.69090420272148], [-90.26311075393669, 38.69103884211091], [-90.26868222818311, 38.695673984376505], [-90.27425442059507, 38.700308883813186], [-90.27999796237877, 38.700442721166475], [-90.28557127047641, 38.70507711728869], [-90.29148516021279, 38.700709550716724], [-90.297228816103, 38.700842542902386], [-90.30280331580018, 38.70547615766316], [-90.30837853409372, 38.710109528957155], [-90.31395447116216, 38.71474265665128], [-90.31378588266769, 38.71924359100243], [-90.31936286061908, 38.72387649197406], [-90.32494055786266, 38.72850914903958], [-90.330518974577, 38.7331415620659], [-90.33626541075455, 38.733272728767844], [-90.3420118843105, 38.73340361338185], [-90.34775839516463, 38.73353421590239], [-90.35333872308522, 38.73816560113835], [-90.35908566820065, 38.73829566025279], [-90.36466711306467, 38.742926539503976], [-90.37024927800739, 38.74755717394432]]}}, {"type": "Feature", "properties": {"route_run_id": "stl_st_louis_downtown_airport_to_st_louis_lambert_2026-03-07_0175", "route_pair": "st_louis_downtown_airport_to_st_louis_lambert", "route_pair_label": "St. Louis Downtown Airport to St. Louis Lambert", "origin_label": "St. Louis Downtown Airport", "destination_label": "St. Louis Lambert International Airport", "origin_lat": 38.5703611, "origin_lon": -90.1550833, "destination_lat": 38.7486982, "destination_lon": -90.3700257, "traffic_date": "2026-03-07", "traffic_dataset": "March 7th - Saturday", "weight_id": "w_0175", "distance_weight": 0.3, "population_weight": 0.0, "traffic_weight": 0.7, "airspace_weight": 0.0, "path_nodes": 51, "path_node_ids": [2179, 2180, 2172, 2176, 2200, 2204, 2317, 2340, 2346, 2371, 2391, 2389, 2388, 2390, 2382, 2383, 2384, 2385, 3299, 3297, 3298, 2623, 2622, 2624, 2625, 2639, 2645, 2646, 2660, 2666, 3746, 3749, 3773, 3776, 4996, 4999, 5001, 5026, 5031, 5046, 5050, 5052, 5076, 5082, 5299, 5304, 5319, 5321, 5357, 5358, 5364], "elapsed_seconds": 0.007144100032746792, "status": "success", "failure_reason": "", "route_distance_km": 40.247260459156216, "distance_cost_sum": 44.29471289531912, "population_cost_sum": 33.30702764146596, "traffic_cost_sum": 9.44588485024288, "airspace_cost_sum": 41.6, "total_weighted_score": 19.90053326376575}, "geometry": {"type": "LineString", "coordinates": [[-90.15289905765549, 38.57128267769979], [-90.15845430205954, 38.57592253965332], [-90.16418736160693, 38.57606168922697], [-90.16974371606538, 38.58070105309441], [-90.17530078436367, 38.58534017679984], [-90.1808585666797, 38.58997906021084], [-90.18641706319154, 38.594617703194956], [-90.1919762740773, 38.599256105619745], [-90.19753619951499, 38.60389426735269], [-90.20309683968271, 38.60853218826128], [-90.20865819475857, 38.61316986821297], [-90.21439446510948, 38.61330666920645], [-90.22013077435682, 38.613443189405075], [-90.22586712242094, 38.61357942880305], [-90.2316035092222, 38.613715387394656], [-90.2371671649366, 38.61835179018503], [-90.24290398660771, 38.61848720882003], [-90.24864084678639, 38.61862234658661], [-90.25420601023178, 38.62325798925861], [-90.25994330492853, 38.62339258681262], [-90.26568063790305, 38.623526903436264], [-90.2714180090756, 38.62366093912387], [-90.27715541836658, 38.623794693869755], [-90.28272288137876, 38.6284290566021], [-90.28846072453517, 38.62856227076729], [-90.29402929919887, 38.633196131358105], [-90.29959858986506, 38.63782974930801], [-90.30516859671155, 38.64246312448426], [-90.30499989326923, 38.646964082050346], [-90.31057093709157, 38.65159723137826], [-90.31614269760959, 38.65623013762685], [-90.32171517500115, 38.66086280066329], [-90.32728836944425, 38.66549522035468], [-90.32137958035169, 38.66986480563971], [-90.32121172679417, 38.674365801995194], [-90.32104383573602, 38.678866794261786], [-90.32087590716817, 38.68336778243918], [-90.32070794108151, 38.68786876652711], [-90.32053993746693, 38.69236974652525], [-90.32611538157217, 38.69700228484725], [-90.32020381761771, 38.70137169425106], [-90.32003570136486, 38.70587266197814], [-90.32561211067481, 38.710505251176386], [-90.33118923881437, 38.715137596495865], [-90.3367670859619, 38.719769697803464], [-90.34234565229588, 38.724401554966114], [-90.34792493799469, 38.72903316785066], [-90.35350494323681, 38.73366453632395], [-90.35908566820065, 38.73829566025279], [-90.36466711306467, 38.742926539503976], [-90.37024927800739, 38.74755717394432]]}}, {"type": "Feature", "properties": {"route_run_id": "stl_st_louis_downtown_airport_to_st_louis_lambert_2026-03-07_0196", "route_pair": "st_louis_downtown_airport_to_st_louis_lambert", "route_pair_label": "St. Louis Downtown Airport to St. Louis Lambert", "origin_label": "St. Louis Downtown Airport", "destination_label": "St. Louis Lambert International Airport", "origin_lat": 38.5703611, "origin_lon": -90.1550833, "destination_lat": 38.7486982, "destination_lon": -90.3700257, "traffic_date": "2026-03-07", "traffic_dataset": "March 7th - Saturday", "weight_id": "w_0196", "distance_weight": 0.3, "population_weight": 0.4, "traffic_weight": 0.2, "airspace_weight": 0.1, "path_nodes": 43, "path_node_ids": [2179, 2180, 2183, 2198, 2202, 2206, 2449, 2345, 2370, 2373, 2398, 2709, 2711, 2714, 2750, 2744, 2770, 2772, 2777, 3989, 3993, 4006, 4008, 4021, 4045, 4047, 4058, 4062, 4077, 4082, 4084, 5080, 5084, 5310, 5311, 5337, 5320, 5322, 5323, 5346, 5357, 5358, 5364], "elapsed_seconds": 0.01617749989964068, "status": "success", "failure_reason": "", "route_distance_km": 36.19709159463293, "distance_cost_sum": 39.83724013854156, "population_cost_sum": 17.31210242086407, "traffic_cost_sum": 21.464075654287832, "airspace_cost_sum": 36.4, "total_weighted_score": 26.80882814076566}, "geometry": {"type": "LineString", "coordinates": [[-90.15289905765549, 38.57128267769979], [-90.15845430205954, 38.57592253965332], [-90.15827684369297, 38.58042298981685], [-90.16383311905943, 38.58506262995554], [-90.16939010840554, 38.58970202998531], [-90.17494781190939, 38.59434118977373], [-90.18050622974906, 38.59898010918833], [-90.18606536210271, 38.60361878809667], [-90.19162520914848, 38.60825722636621], [-90.19718577106451, 38.612895423864465], [-90.20274704802898, 38.61753338045887], [-90.2083090402201, 38.622171096016864], [-90.21387174781604, 38.62680857040582], [-90.21943517099498, 38.631445803493165], [-90.22499930993523, 38.636082795146216], [-90.23056416481495, 38.64071954523234], [-90.2361297358124, 38.64535605361884], [-90.24169602310592, 38.649992320172984], [-90.24726302687371, 38.65462834476206], [-90.25283074729404, 38.65926412725328], [-90.2583991845453, 38.663899667513896], [-90.26396833880578, 38.66853496541107], [-90.26953821025378, 38.673170020811966], [-90.2751087990677, 38.67780483358376], [-90.28068010542587, 38.682439403593555], [-90.28625212950666, 38.68707373070842], [-90.29182487148844, 38.69170781479548], [-90.29739833154962, 38.69634165572174], [-90.30297250986867, 38.70097525335427], [-90.30280331580018, 38.70547615766316], [-90.30837853409372, 38.710109528957155], [-90.31395447116216, 38.71474265665128], [-90.31378588266769, 38.71924359100243], [-90.31936286061908, 38.72387649197406], [-90.32494055786266, 38.72850914903958], [-90.330518974577, 38.7331415620659], [-90.33626541075455, 38.733272728767844], [-90.3420118843105, 38.73340361338185], [-90.34775839516463, 38.73353421590239], [-90.35333872308522, 38.73816560113835], [-90.35908566820065, 38.73829566025279], [-90.36466711306467, 38.742926539503976], [-90.37024927800739, 38.74755717394432]]}}, {"type": "Feature", "properties": {"route_run_id": "stl_st_louis_downtown_airport_to_st_louis_lambert_2026-03-07_0235", "route_pair": "st_louis_downtown_airport_to_st_louis_lambert", "route_pair_label": "St. Louis Downtown Airport to St. Louis Lambert", "origin_label": "St. Louis Downtown Airport", "destination_label": "St. Louis Lambert International Airport", "origin_lat": 38.5703611, "origin_lon": -90.1550833, "destination_lat": 38.7486982, "destination_lon": -90.3700257, "traffic_date": "2026-03-07", "traffic_dataset": "March 7th - Saturday", "weight_id": "w_0235", "distance_weight": 0.5, "population_weight": 0.0, "traffic_weight": 0.3, "airspace_weight": 0.2, "path_nodes": 41, "path_node_ids": [2179, 2180, 2174, 2199, 2203, 2207, 2341, 2344, 2368, 2374, 2394, 2397, 2712, 2716, 2739, 2746, 2769, 2772, 2777, 3989, 3993, 4006, 4008, 4021, 4045, 4047, 4058, 4059, 4063, 4064, 5048, 5052, 5076, 5082, 5299, 5304, 5319, 5321, 5357, 5358, 5364], "elapsed_seconds": 0.007063600001856685, "status": "success", "failure_reason": "", "route_distance_km": 35.44496799381346, "distance_cost_sum": 39.00947947657301, "population_cost_sum": 25.09456255665406, "traffic_cost_sum": 13.271815011393638, "airspace_cost_sum": 34.4, "total_weighted_score": 30.3662842417046}, "geometry": {"type": "LineString", "coordinates": [[-90.15289905765549, 38.57128267769979], [-90.15845430205954, 38.57592253965332], [-90.16401026010618, 38.58056216167], [-90.16956693197352, 38.58520154361737], [-90.17512431783956, 38.5898406853631], [-90.18068241788241, 38.5944795867747], [-90.18624123228014, 38.59911824771971], [-90.19180076121087, 38.60375666806568], [-90.19736100485268, 38.60839484768009], [-90.20292196338367, 38.61303278643038], [-90.2084836369821, 38.617670484184025], [-90.21404602582597, 38.62230794080845], [-90.21960913009349, 38.62694515617101], [-90.22517294996291, 38.63158213013913], [-90.23073748561237, 38.63621886258013], [-90.23630273722006, 38.640855353361346], [-90.24186870496423, 38.645491602350084], [-90.24169602310592, 38.649992320172984], [-90.24726302687371, 38.65462834476206], [-90.25283074729404, 38.65926412725328], [-90.2583991845453, 38.663899667513896], [-90.26396833880578, 38.66853496541107], [-90.26953821025378, 38.673170020811966], [-90.2751087990677, 38.67780483358376], [-90.28068010542587, 38.682439403593555], [-90.28625212950666, 38.68707373070842], [-90.29182487148844, 38.69170781479548], [-90.29756780913004, 38.69184076444029], [-90.3031416661418, 38.696474344946864], [-90.30888503852013, 38.69660675247757], [-90.31446001070607, 38.70123982903419], [-90.32003570136486, 38.70587266197814], [-90.32561211067481, 38.710505251176386], [-90.33118923881437, 38.715137596495865], [-90.3367670859619, 38.719769697803464], [-90.34234565229588, 38.724401554966114], [-90.34792493799469, 38.72903316785066], [-90.35350494323681, 38.73366453632395], [-90.35908566820065, 38.73829566025279], [-90.36466711306467, 38.742926539503976], [-90.37024927800739, 38.74755717394432]]}}, {"type": "Feature", "properties": {"route_run_id": "stl_st_louis_downtown_airport_to_st_louis_lambert_2026-03-07_0133", "route_pair": "st_louis_downtown_airport_to_st_louis_lambert", "route_pair_label": "St. Louis Downtown Airport to St. Louis Lambert", "origin_label": "St. Louis Downtown Airport", "destination_label": "St. Louis Lambert International Airport", "origin_lat": 38.5703611, "origin_lon": -90.1550833, "destination_lat": 38.7486982, "destination_lon": -90.3700257, "traffic_date": "2026-03-07", "traffic_dataset": "March 7th - Saturday", "weight_id": "w_0133", "distance_weight": 0.2, "population_weight": 0.1, "traffic_weight": 0.2, "airspace_weight": 0.5, "path_nodes": 40, "path_node_ids": [2179, 2180, 2174, 2199, 2203, 2207, 2341, 2344, 2368, 2374, 2394, 2397, 2712, 2716, 2739, 2746, 2769, 2773, 3985, 3988, 3992, 3994, 4019, 4020, 4023, 4055, 4059, 4063, 4064, 5048, 5052, 5076, 5082, 5299, 5304, 5319, 5321, 5357, 5358, 5364], "elapsed_seconds": 0.03226340003311634, "status": "success", "failure_reason": "", "route_distance_km": 35.0695243590648, "distance_cost_sum": 38.596279476875054, "population_cost_sum": 23.651108783135093, "traffic_cost_sum": 14.425692925774984, "airspace_cost_sum": 33.8, "total_weighted_score": 29.869505358843515}, "geometry": {"type": "LineString", "coordinates": [[-90.15289905765549, 38.57128267769979], [-90.15845430205954, 38.57592253965332], [-90.16401026010618, 38.58056216167], [-90.16956693197352, 38.58520154361737], [-90.17512431783956, 38.5898406853631], [-90.18068241788241, 38.5944795867747], [-90.18624123228014, 38.59911824771971], [-90.19180076121087, 38.60375666806568], [-90.19736100485268, 38.60839484768009], [-90.20292196338367, 38.61303278643038], [-90.2084836369821, 38.617670484184025], [-90.21404602582597, 38.62230794080845], [-90.21960913009349, 38.62694515617101], [-90.22517294996291, 38.63158213013913], [-90.23073748561237, 38.63621886258013], [-90.23630273722006, 38.640855353361346], [-90.24186870496423, 38.645491602350084], [-90.24743538902311, 38.65012760941361], [-90.25300278957496, 38.654763374419176], [-90.25857090679797, 38.65939889723403], [-90.26413974087053, 38.66403417772537], [-90.26970929197084, 38.66866921576039], [-90.27527956027723, 38.67330401120623], [-90.28085054596801, 38.677938563930056], [-90.28642224922152, 38.68257287379895], [-90.29199467021606, 38.68720694068001], [-90.29756780913004, 38.69184076444029], [-90.3031416661418, 38.696474344946864], [-90.30888503852013, 38.69660675247757], [-90.31446001070607, 38.70123982903419], [-90.32003570136486, 38.70587266197814], [-90.32561211067481, 38.710505251176386], [-90.33118923881437, 38.715137596495865], [-90.3367670859619, 38.719769697803464], [-90.34234565229588, 38.724401554966114], [-90.34792493799469, 38.72903316785066], [-90.35350494323681, 38.73366453632395], [-90.35908566820065, 38.73829566025279], [-90.36466711306467, 38.742926539503976], [-90.37024927800739, 38.74755717394432]]}}, {"type": "Feature", "properties": {"route_run_id": "stl_st_louis_downtown_airport_to_st_louis_lambert_2026-03-07_0225", "route_pair": "st_louis_downtown_airport_to_st_louis_lambert", "route_pair_label": "St. Louis Downtown Airport to St. Louis Lambert", "origin_label": "St. Louis Downtown Airport", "destination_label": "St. Louis Lambert International Airport", "origin_lat": 38.5703611, "origin_lon": -90.1550833, "destination_lat": 38.7486982, "destination_lon": -90.3700257, "traffic_date": "2026-03-07", "traffic_dataset": "March 7th - Saturday", "weight_id": "w_0225", "distance_weight": 0.4, "population_weight": 0.3, "traffic_weight": 0.3, "airspace_weight": 0.0, "path_nodes": 41, "path_node_ids": [2179, 2180, 2183, 2198, 2202, 2206, 2449, 2345, 2370, 2373, 2398, 2709, 2711, 2714, 2750, 2744, 2770, 2772, 2777, 3989, 3993, 4006, 3994, 4019, 4020, 4023, 4055, 4059, 4063, 4064, 5048, 5052, 5076, 5082, 5299, 5304, 5319, 5321, 5357, 5358, 5364], "elapsed_seconds": 0.010321300011128187, "status": "success", "failure_reason": "", "route_distance_km": 35.444974610774196, "distance_cost_sum": 39.00948675896621, "population_cost_sum": 22.999382459977298, "traffic_cost_sum": 13.969149855183435, "airspace_cost_sum": 34.4, "total_weighted_score": 26.694354398134706}, "geometry": {"type": "LineString", "coordinates": [[-90.15289905765549, 38.57128267769979], [-90.15845430205954, 38.57592253965332], [-90.15827684369297, 38.58042298981685], [-90.16383311905943, 38.58506262995554], [-90.16939010840554, 38.58970202998531], [-90.17494781190939, 38.59434118977373], [-90.18050622974906, 38.59898010918833], [-90.18606536210271, 38.60361878809667], [-90.19162520914848, 38.60825722636621], [-90.19718577106451, 38.612895423864465], [-90.20274704802898, 38.61753338045887], [-90.2083090402201, 38.622171096016864], [-90.21387174781604, 38.62680857040582], [-90.21943517099498, 38.631445803493165], [-90.22499930993523, 38.636082795146216], [-90.23056416481495, 38.64071954523234], [-90.2361297358124, 38.64535605361884], [-90.24169602310592, 38.649992320172984], [-90.24726302687371, 38.65462834476206], [-90.25283074729404, 38.65926412725328], [-90.2583991845453, 38.663899667513896], [-90.26396833880578, 38.66853496541107], [-90.26970929197084, 38.66866921576039], [-90.27527956027723, 38.67330401120623], [-90.28085054596801, 38.677938563930056], [-90.28642224922152, 38.68257287379895], [-90.29199467021606, 38.68720694068001], [-90.29756780913004, 38.69184076444029], [-90.3031416661418, 38.696474344946864], [-90.30888503852013, 38.69660675247757], [-90.31446001070607, 38.70123982903419], [-90.32003570136486, 38.70587266197814], [-90.32561211067481, 38.710505251176386], [-90.33118923881437, 38.715137596495865], [-90.3367670859619, 38.719769697803464], [-90.34234565229588, 38.724401554966114], [-90.34792493799469, 38.72903316785066], [-90.35350494323681, 38.73366453632395], [-90.35908566820065, 38.73829566025279], [-90.36466711306467, 38.742926539503976], [-90.37024927800739, 38.74755717394432]]}}, {"type": "Feature", "properties": {"route_run_id": "stl_st_louis_downtown_airport_to_st_louis_lambert_2026-03-07_0097", "route_pair": "st_louis_downtown_airport_to_st_louis_lambert", "route_pair_label": "St. Louis Downtown Airport to St. Louis Lambert", "origin_label": "St. Louis Downtown Airport", "destination_label": "St. Louis Lambert International Airport", "origin_lat": 38.5703611, "origin_lon": -90.1550833, "destination_lat": 38.7486982, "destination_lon": -90.3700257, "traffic_date": "2026-03-07", "traffic_dataset": "March 7th - Saturday", "weight_id": "w_0097", "distance_weight": 0.1, "population_weight": 0.3, "traffic_weight": 0.3, "airspace_weight": 0.3, "path_nodes": 41, "path_node_ids": [2179, 2180, 2183, 2198, 2202, 2206, 2449, 2345, 2370, 2373, 2398, 2709, 2711, 2714, 2750, 2744, 2770, 2772, 2777, 3989, 3993, 4006, 3994, 4019, 4020, 4023, 4055, 4059, 4063, 4064, 5048, 5052, 5076, 5082, 5299, 5304, 5319, 5321, 5357, 5358, 5364], "elapsed_seconds": 0.05078829999547452, "status": "success", "failure_reason": "", "route_distance_km": 35.444974610774196, "distance_cost_sum": 39.00948675896621, "population_cost_sum": 22.999382459977298, "traffic_cost_sum": 13.969149855183435, "airspace_cost_sum": 34.4, "total_weighted_score": 25.31150837044484}, "geometry": {"type": "LineString", "coordinates": [[-90.15289905765549, 38.57128267769979], [-90.15845430205954, 38.57592253965332], [-90.15827684369297, 38.58042298981685], [-90.16383311905943, 38.58506262995554], [-90.16939010840554, 38.58970202998531], [-90.17494781190939, 38.59434118977373], [-90.18050622974906, 38.59898010918833], [-90.18606536210271, 38.60361878809667], [-90.19162520914848, 38.60825722636621], [-90.19718577106451, 38.612895423864465], [-90.20274704802898, 38.61753338045887], [-90.2083090402201, 38.622171096016864], [-90.21387174781604, 38.62680857040582], [-90.21943517099498, 38.631445803493165], [-90.22499930993523, 38.636082795146216], [-90.23056416481495, 38.64071954523234], [-90.2361297358124, 38.64535605361884], [-90.24169602310592, 38.649992320172984], [-90.24726302687371, 38.65462834476206], [-90.25283074729404, 38.65926412725328], [-90.2583991845453, 38.663899667513896], [-90.26396833880578, 38.66853496541107], [-90.26970929197084, 38.66866921576039], [-90.27527956027723, 38.67330401120623], [-90.28085054596801, 38.677938563930056], [-90.28642224922152, 38.68257287379895], [-90.29199467021606, 38.68720694068001], [-90.29756780913004, 38.69184076444029], [-90.3031416661418, 38.696474344946864], [-90.30888503852013, 38.69660675247757], [-90.31446001070607, 38.70123982903419], [-90.32003570136486, 38.70587266197814], [-90.32561211067481, 38.710505251176386], [-90.33118923881437, 38.715137596495865], [-90.3367670859619, 38.719769697803464], [-90.34234565229588, 38.724401554966114], [-90.34792493799469, 38.72903316785066], [-90.35350494323681, 38.73366453632395], [-90.35908566820065, 38.73829566025279], [-90.36466711306467, 38.742926539503976], [-90.37024927800739, 38.74755717394432]]}}, {"type": "Feature", "properties": {"route_run_id": "stl_st_louis_downtown_airport_to_st_louis_lambert_2026-03-07_0242", "route_pair": "st_louis_downtown_airport_to_st_louis_lambert", "route_pair_label": "St. Louis Downtown Airport to St. Louis Lambert", "origin_label": "St. Louis Downtown Airport", "destination_label": "St. Louis Lambert International Airport", "origin_lat": 38.5703611, "origin_lon": -90.1550833, "destination_lat": 38.7486982, "destination_lon": -90.3700257, "traffic_date": "2026-03-07", "traffic_dataset": "March 7th - Saturday", "weight_id": "w_0242", "distance_weight": 0.5, "population_weight": 0.1, "traffic_weight": 0.4, "airspace_weight": 0.0, "path_nodes": 41, "path_node_ids": [2179, 2180, 2183, 2198, 2202, 2206, 2449, 2345, 2370, 2373, 2398, 2709, 2711, 2714, 2750, 2744, 2770, 2772, 2777, 3989, 3993, 4006, 4008, 4021, 4045, 4047, 4058, 4059, 4063, 4064, 5048, 5052, 5076, 5082, 5299, 5304, 5319, 5321, 5357, 5358, 5364], "elapsed_seconds": 0.005755099933594465, "status": "success", "failure_reason": "", "route_distance_km": 35.44516965599588, "distance_cost_sum": 39.00970141884611, "population_cost_sum": 23.447934484851842, "traffic_cost_sum": 13.596616574214913, "airspace_cost_sum": 34.4, "total_weighted_score": 27.288290787594207}, "geometry": {"type": "LineString", "coordinates": [[-90.15289905765549, 38.57128267769979], [-90.15845430205954, 38.57592253965332], [-90.15827684369297, 38.58042298981685], [-90.16383311905943, 38.58506262995554], [-90.16939010840554, 38.58970202998531], [-90.17494781190939, 38.59434118977373], [-90.18050622974906, 38.59898010918833], [-90.18606536210271, 38.60361878809667], [-90.19162520914848, 38.60825722636621], [-90.19718577106451, 38.612895423864465], [-90.20274704802898, 38.61753338045887], [-90.2083090402201, 38.622171096016864], [-90.21387174781604, 38.62680857040582], [-90.21943517099498, 38.631445803493165], [-90.22499930993523, 38.636082795146216], [-90.23056416481495, 38.64071954523234], [-90.2361297358124, 38.64535605361884], [-90.24169602310592, 38.649992320172984], [-90.24726302687371, 38.65462834476206], [-90.25283074729404, 38.65926412725328], [-90.2583991845453, 38.663899667513896], [-90.26396833880578, 38.66853496541107], [-90.26953821025378, 38.673170020811966], [-90.2751087990677, 38.67780483358376], [-90.28068010542587, 38.682439403593555], [-90.28625212950666, 38.68707373070842], [-90.29182487148844, 38.69170781479548], [-90.29756780913004, 38.69184076444029], [-90.3031416661418, 38.696474344946864], [-90.30888503852013, 38.69660675247757], [-90.31446001070607, 38.70123982903419], [-90.32003570136486, 38.70587266197814], [-90.32561211067481, 38.710505251176386], [-90.33118923881437, 38.715137596495865], [-90.3367670859619, 38.719769697803464], [-90.34234565229588, 38.724401554966114], [-90.34792493799469, 38.72903316785066], [-90.35350494323681, 38.73366453632395], [-90.35908566820065, 38.73829566025279], [-90.36466711306467, 38.742926539503976], [-90.37024927800739, 38.74755717394432]]}}, {"type": "Feature", "properties": {"route_run_id": "stl_st_louis_downtown_airport_to_st_louis_lambert_2026-03-07_0086", "route_pair": "st_louis_downtown_airport_to_st_louis_lambert", "route_pair_label": "St. Louis Downtown Airport to St. Louis Lambert", "origin_label": "St. Louis Downtown Airport", "destination_label": "St. Louis Lambert International Airport", "origin_lat": 38.5703611, "origin_lon": -90.1550833, "destination_lat": 38.7486982, "destination_lon": -90.3700257, "traffic_date": "2026-03-07", "traffic_dataset": "March 7th - Saturday", "weight_id": "w_0086", "distance_weight": 0.1, "population_weight": 0.2, "traffic_weight": 0.0, "airspace_weight": 0.7, "path_nodes": 40, "path_node_ids": [2179, 2180, 2174, 2199, 2203, 2207, 2341, 2344, 2368, 2374, 2394, 2397, 2712, 2716, 2739, 2746, 2769, 2773, 3985, 3988, 3992, 3994, 4019, 4020, 4023, 4055, 4059, 4063, 4078, 5051, 5075, 5079, 5306, 5303, 5318, 5323, 5346, 5357, 5358, 5364], "elapsed_seconds": 0.04893300007097423, "status": "success", "failure_reason": "", "route_distance_km": 35.06987633323177, "distance_cost_sum": 38.59666684720769, "population_cost_sum": 23.21199613097869, "traffic_cost_sum": 16.42024029705683, "airspace_cost_sum": 33.8, "total_weighted_score": 32.1620659109165}, "geometry": {"type": "LineString", "coordinates": [[-90.15289905765549, 38.57128267769979], [-90.15845430205954, 38.57592253965332], [-90.16401026010618, 38.58056216167], [-90.16956693197352, 38.58520154361737], [-90.17512431783956, 38.5898406853631], [-90.18068241788241, 38.5944795867747], [-90.18624123228014, 38.59911824771971], [-90.19180076121087, 38.60375666806568], [-90.19736100485268, 38.60839484768009], [-90.20292196338367, 38.61303278643038], [-90.2084836369821, 38.617670484184025], [-90.21404602582597, 38.62230794080845], [-90.21960913009349, 38.62694515617101], [-90.22517294996291, 38.63158213013913], [-90.23073748561237, 38.63621886258013], [-90.23630273722006, 38.640855353361346], [-90.24186870496423, 38.645491602350084], [-90.24743538902311, 38.65012760941361], [-90.25300278957496, 38.654763374419176], [-90.25857090679797, 38.65939889723403], [-90.26413974087053, 38.66403417772537], [-90.26970929197084, 38.66866921576039], [-90.27527956027723, 38.67330401120623], [-90.28085054596801, 38.677938563930056], [-90.28642224922152, 38.68257287379895], [-90.29199467021606, 38.68720694068001], [-90.29756780913004, 38.69184076444029], [-90.3031416661418, 38.696474344946864], [-90.3087162414297, 38.701107682066734], [-90.31429153517219, 38.705740775666875], [-90.31986754754767, 38.71037362561428], [-90.32544427873452, 38.71500623177588], [-90.33102172891115, 38.71963859401861], [-90.33659989825608, 38.72427071220935], [-90.34217878694776, 38.72890258621499], [-90.34775839516463, 38.73353421590239], [-90.35333872308522, 38.73816560113835], [-90.35908566820065, 38.73829566025279], [-90.36466711306467, 38.742926539503976], [-90.37024927800739, 38.74755717394432]]}}, {"type": "Feature", "properties": {"route_run_id": "stl_st_louis_downtown_airport_to_st_louis_lambert_2026-03-07_0016", "route_pair": "st_louis_downtown_airport_to_st_louis_lambert", "route_pair_label": "St. Louis Downtown Airport to St. Louis Lambert", "origin_label": "St. Louis Downtown Airport", "destination_label": "St. Louis Lambert International Airport", "origin_lat": 38.5703611, "origin_lon": -90.1550833, "destination_lat": 38.7486982, "destination_lon": -90.3700257, "traffic_date": "2026-03-07", "traffic_dataset": "March 7th - Saturday", "weight_id": "w_0016", "distance_weight": 0.0, "population_weight": 0.1, "traffic_weight": 0.4, "airspace_weight": 0.5, "path_nodes": 41, "path_node_ids": [2179, 2180, 2183, 2198, 2202, 2206, 2449, 2345, 2370, 2373, 2398, 2709, 2711, 2714, 2750, 2744, 2770, 2772, 2777, 3989, 3993, 4006, 4008, 4021, 4045, 4047, 4058, 4059, 4063, 4064, 5048, 5052, 5076, 5082, 5299, 5304, 5319, 5321, 5357, 5358, 5364], "elapsed_seconds": 0.04379180003888905, "status": "success", "failure_reason": "", "route_distance_km": 35.44516965599588, "distance_cost_sum": 39.00970141884611, "population_cost_sum": 23.447934484851842, "traffic_cost_sum": 13.596616574214913, "airspace_cost_sum": 34.4, "total_weighted_score": 24.983440078171153}, "geometry": {"type": "LineString", "coordinates": [[-90.15289905765549, 38.57128267769979], [-90.15845430205954, 38.57592253965332], [-90.15827684369297, 38.58042298981685], [-90.16383311905943, 38.58506262995554], [-90.16939010840554, 38.58970202998531], [-90.17494781190939, 38.59434118977373], [-90.18050622974906, 38.59898010918833], [-90.18606536210271, 38.60361878809667], [-90.19162520914848, 38.60825722636621], [-90.19718577106451, 38.612895423864465], [-90.20274704802898, 38.61753338045887], [-90.2083090402201, 38.622171096016864], [-90.21387174781604, 38.62680857040582], [-90.21943517099498, 38.631445803493165], [-90.22499930993523, 38.636082795146216], [-90.23056416481495, 38.64071954523234], [-90.2361297358124, 38.64535605361884], [-90.24169602310592, 38.649992320172984], [-90.24726302687371, 38.65462834476206], [-90.25283074729404, 38.65926412725328], [-90.2583991845453, 38.663899667513896], [-90.26396833880578, 38.66853496541107], [-90.26953821025378, 38.673170020811966], [-90.2751087990677, 38.67780483358376], [-90.28068010542587, 38.682439403593555], [-90.28625212950666, 38.68707373070842], [-90.29182487148844, 38.69170781479548], [-90.29756780913004, 38.69184076444029], [-90.3031416661418, 38.696474344946864], [-90.30888503852013, 38.69660675247757], [-90.31446001070607, 38.70123982903419], [-90.32003570136486, 38.70587266197814], [-90.32561211067481, 38.710505251176386], [-90.33118923881437, 38.715137596495865], [-90.3367670859619, 38.719769697803464], [-90.34234565229588, 38.724401554966114], [-90.34792493799469, 38.72903316785066], [-90.35350494323681, 38.73366453632395], [-90.35908566820065, 38.73829566025279], [-90.36466711306467, 38.742926539503976], [-90.37024927800739, 38.74755717394432]]}}, {"type": "Feature", "properties": {"route_run_id": "stl_st_louis_downtown_airport_to_st_louis_lambert_2026-03-07_0118", "route_pair": "st_louis_downtown_airport_to_st_louis_lambert", "route_pair_label": "St. Louis Downtown Airport to St. Louis Lambert", "origin_label": "St. Louis Downtown Airport", "destination_label": "St. Louis Lambert International Airport", "origin_lat": 38.5703611, "origin_lon": -90.1550833, "destination_lat": 38.7486982, "destination_lon": -90.3700257, "traffic_date": "2026-03-07", "traffic_dataset": "March 7th - Saturday", "weight_id": "w_0118", "distance_weight": 0.1, "population_weight": 0.7, "traffic_weight": 0.2, "airspace_weight": 0.0, "path_nodes": 58, "path_node_ids": [2179, 2180, 2183, 2186, 2419, 2423, 2448, 2453, 2455, 2478, 2482, 2483, 2487, 2811, 2812, 2816, 2858, 2863, 2864, 2889, 2892, 2895, 3904, 3925, 3930, 3934, 3957, 3967, 3973, 3972, 4308, 3982, 3978, 3976, 3941, 4043, 4066, 4067, 4044, 4052, 4187, 4188, 4076, 4075, 4082, 4084, 5080, 5084, 5310, 5311, 5337, 5320, 5322, 5323, 5346, 5357, 5358, 5364], "elapsed_seconds": 0.03706350002903491, "status": "success", "failure_reason": "", "route_distance_km": 44.49789776002518, "distance_cost_sum": 48.97281413043786, "population_cost_sum": 8.546918431438945, "traffic_cost_sum": 36.18287104307318, "airspace_cost_sum": 47.00000000000003, "total_weighted_score": 18.116698523665683}, "geometry": {"type": "LineString", "coordinates": [[-90.15289905765549, 38.57128267769979], [-90.15845430205954, 38.57592253965332], [-90.15827684369297, 38.58042298981685], [-90.1580993457009, 38.58492343582021], [-90.15792180807382, 38.58942387766302], [-90.16347871828971, 38.59406355405304], [-90.1690363428032, 38.598702990254786], [-90.16885940074975, 38.60320346415569], [-90.17441805758689, 38.60784267808668], [-90.174241393937, 38.61234316588366], [-90.17406469083332, 38.61684364952644], [-90.17388794826633, 38.621344129014695], [-90.17371116622648, 38.62584460434813], [-90.17353434470424, 38.6303450755264], [-90.17335748369, 38.63484554254923], [-90.17318058317427, 38.63934600541629], [-90.17300364314747, 38.64384646412727], [-90.17856556137721, 38.64848558173427], [-90.17838890046788, 38.65298605432084], [-90.17821220009857, 38.65748652275311], [-90.17803546025965, 38.66198698703078], [-90.17785868094164, 38.666487447153536], [-90.18342259105025, 38.67112639580074], [-90.1889872182426, 38.67576510321293], [-90.18881103775325, 38.6802655951445], [-90.19437670160657, 38.684904079111234], [-90.19994308306117, 38.6895423215376], [-90.20551018229601, 38.69418032229077], [-90.2110779994899, 38.698818081237896], [-90.21682111672072, 38.69895501710115], [-90.2223900501717, 38.70359227431444], [-90.22830746808964, 38.699228043859776], [-90.23422416781283, 38.694863484025944], [-90.24014014948251, 38.69049859495047], [-90.24605541323987, 38.68613337677085], [-90.2517976862147, 38.68626855773688], [-90.25736804511756, 38.69090420272148], [-90.26311075393669, 38.69103884211091], [-90.26885350109286, 38.691173199890386], [-90.27442537264379, 38.69580808198939], [-90.27999796237877, 38.700442721166475], [-90.28557127047641, 38.70507711728869], [-90.29148516021279, 38.700709550716724], [-90.297228816103, 38.700842542902386], [-90.30280331580018, 38.70547615766316], [-90.30837853409372, 38.710109528957155], [-90.31395447116216, 38.71474265665128], [-90.31378588266769, 38.71924359100243], [-90.31936286061908, 38.72387649197406], [-90.32494055786266, 38.72850914903958], [-90.330518974577, 38.7331415620659], [-90.33626541075455, 38.733272728767844], [-90.3420118843105, 38.73340361338185], [-90.34775839516463, 38.73353421590239], [-90.35333872308522, 38.73816560113835], [-90.35908566820065, 38.73829566025279], [-90.36466711306467, 38.742926539503976], [-90.37024927800739, 38.74755717394432]]}}, {"type": "Feature", "properties": {"route_run_id": "stl_st_louis_downtown_airport_to_st_louis_lambert_2026-03-07_0261", "route_pair": "st_louis_downtown_airport_to_st_louis_lambert", "route_pair_label": "St. Louis Downtown Airport to St. Louis Lambert", "origin_label": "St. Louis Downtown Airport", "destination_label": "St. Louis Lambert International Airport", "origin_lat": 38.5703611, "origin_lon": -90.1550833, "destination_lat": 38.7486982, "destination_lon": -90.3700257, "traffic_date": "2026-03-07", "traffic_dataset": "March 7th - Saturday", "weight_id": "w_0261", "distance_weight": 0.6, "population_weight": 0.1, "traffic_weight": 0.3, "airspace_weight": 0.0, "path_nodes": 41, "path_node_ids": [2179, 2180, 2183, 2198, 2202, 2206, 2449, 2345, 2370, 2373, 2398, 2709, 2711, 2714, 2750, 2744, 2770, 2772, 2777, 3989, 3993, 4006, 4008, 4021, 4045, 4047, 4058, 4059, 4063, 4064, 5048, 5052, 5076, 5082, 5299, 5304, 5319, 5321, 5357, 5358, 5364], "elapsed_seconds": 0.004824399948120117, "status": "success", "failure_reason": "", "route_distance_km": 35.44516965599588, "distance_cost_sum": 39.00970141884611, "population_cost_sum": 23.447934484851842, "traffic_cost_sum": 13.596616574214913, "airspace_cost_sum": 34.4, "total_weighted_score": 29.829599272057322}, "geometry": {"type": "LineString", "coordinates": [[-90.15289905765549, 38.57128267769979], [-90.15845430205954, 38.57592253965332], [-90.15827684369297, 38.58042298981685], [-90.16383311905943, 38.58506262995554], [-90.16939010840554, 38.58970202998531], [-90.17494781190939, 38.59434118977373], [-90.18050622974906, 38.59898010918833], [-90.18606536210271, 38.60361878809667], [-90.19162520914848, 38.60825722636621], [-90.19718577106451, 38.612895423864465], [-90.20274704802898, 38.61753338045887], [-90.2083090402201, 38.622171096016864], [-90.21387174781604, 38.62680857040582], [-90.21943517099498, 38.631445803493165], [-90.22499930993523, 38.636082795146216], [-90.23056416481495, 38.64071954523234], [-90.2361297358124, 38.64535605361884], [-90.24169602310592, 38.649992320172984], [-90.24726302687371, 38.65462834476206], [-90.25283074729404, 38.65926412725328], [-90.2583991845453, 38.663899667513896], [-90.26396833880578, 38.66853496541107], [-90.26953821025378, 38.673170020811966], [-90.2751087990677, 38.67780483358376], [-90.28068010542587, 38.682439403593555], [-90.28625212950666, 38.68707373070842], [-90.29182487148844, 38.69170781479548], [-90.29756780913004, 38.69184076444029], [-90.3031416661418, 38.696474344946864], [-90.30888503852013, 38.69660675247757], [-90.31446001070607, 38.70123982903419], [-90.32003570136486, 38.70587266197814], [-90.32561211067481, 38.710505251176386], [-90.33118923881437, 38.715137596495865], [-90.3367670859619, 38.719769697803464], [-90.34234565229588, 38.724401554966114], [-90.34792493799469, 38.72903316785066], [-90.35350494323681, 38.73366453632395], [-90.35908566820065, 38.73829566025279], [-90.36466711306467, 38.742926539503976], [-90.37024927800739, 38.74755717394432]]}}, {"type": "Feature", "properties": {"route_run_id": "stl_st_louis_downtown_airport_to_st_louis_lambert_2026-03-07_0035", "route_pair": "st_louis_downtown_airport_to_st_louis_lambert", "route_pair_label": "St. Louis Downtown Airport to St. Louis Lambert", "origin_label": "St. Louis Downtown Airport", "destination_label": "St. Louis Lambert International Airport", "origin_lat": 38.5703611, "origin_lon": -90.1550833, "destination_lat": 38.7486982, "destination_lon": -90.3700257, "traffic_date": "2026-03-07", "traffic_dataset": "March 7th - Saturday", "weight_id": "w_0035", "distance_weight": 0.0, "population_weight": 0.3, "traffic_weight": 0.4, "airspace_weight": 0.3, "path_nodes": 41, "path_node_ids": [2179, 2180, 2183, 2198, 2202, 2206, 2449, 2345, 2370, 2373, 2398, 2709, 2711, 2714, 2750, 2744, 2770, 2772, 2777, 3989, 3993, 4006, 4008, 4021, 4045, 4047, 4058, 4062, 4077, 4079, 5077, 5052, 5076, 5082, 5299, 5304, 5319, 5321, 5357, 5358, 5364], "elapsed_seconds": 0.043215899961069226, "status": "success", "failure_reason": "", "route_distance_km": 35.97908767101205, "distance_cost_sum": 39.59731272244726, "population_cost_sum": 23.156990514279457, "traffic_cost_sum": 13.716044675315588, "airspace_cost_sum": 34.4, "total_weighted_score": 22.753515024410074}, "geometry": {"type": "LineString", "coordinates": [[-90.15289905765549, 38.57128267769979], [-90.15845430205954, 38.57592253965332], [-90.15827684369297, 38.58042298981685], [-90.16383311905943, 38.58506262995554], [-90.16939010840554, 38.58970202998531], [-90.17494781190939, 38.59434118977373], [-90.18050622974906, 38.59898010918833], [-90.18606536210271, 38.60361878809667], [-90.19162520914848, 38.60825722636621], [-90.19718577106451, 38.612895423864465], [-90.20274704802898, 38.61753338045887], [-90.2083090402201, 38.622171096016864], [-90.21387174781604, 38.62680857040582], [-90.21943517099498, 38.631445803493165], [-90.22499930993523, 38.636082795146216], [-90.23056416481495, 38.64071954523234], [-90.2361297358124, 38.64535605361884], [-90.24169602310592, 38.649992320172984], [-90.24726302687371, 38.65462834476206], [-90.25283074729404, 38.65926412725328], [-90.2583991845453, 38.663899667513896], [-90.26396833880578, 38.66853496541107], [-90.26953821025378, 38.673170020811966], [-90.2751087990677, 38.67780483358376], [-90.28068010542587, 38.682439403593555], [-90.28625212950666, 38.68707373070842], [-90.29182487148844, 38.69170781479548], [-90.29739833154962, 38.69634165572174], [-90.30297250986867, 38.70097525335427], [-90.30854740662397, 38.70560860756003], [-90.31412302199392, 38.71024171820601], [-90.32003570136486, 38.70587266197814], [-90.32561211067481, 38.710505251176386], [-90.33118923881437, 38.715137596495865], [-90.3367670859619, 38.719769697803464], [-90.34234565229588, 38.724401554966114], [-90.34792493799469, 38.72903316785066], [-90.35350494323681, 38.73366453632395], [-90.35908566820065, 38.73829566025279], [-90.36466711306467, 38.742926539503976], [-90.37024927800739, 38.74755717394432]]}}, {"type": "Feature", "properties": {"route_run_id": "stl_st_louis_downtown_airport_to_st_louis_lambert_2026-03-07_0122", "route_pair": "st_louis_downtown_airport_to_st_louis_lambert", "route_pair_label": "St. Louis Downtown Airport to St. Louis Lambert", "origin_label": "St. Louis Downtown Airport", "destination_label": "St. Louis Lambert International Airport", "origin_lat": 38.5703611, "origin_lon": -90.1550833, "destination_lat": 38.7486982, "destination_lon": -90.3700257, "traffic_date": "2026-03-07", "traffic_dataset": "March 7th - Saturday", "weight_id": "w_0122", "distance_weight": 0.2, "population_weight": 0.0, "traffic_weight": 0.0, "airspace_weight": 0.8, "path_nodes": 40, "path_node_ids": [2179, 2147, 2172, 2176, 2200, 2204, 2317, 2340, 2346, 2371, 2391, 2395, 2708, 2713, 2738, 2741, 2745, 2747, 2684, 2687, 3987, 3990, 4016, 4017, 4022, 4029, 4034, 4060, 4064, 5048, 5052, 5076, 5082, 5299, 5304, 5319, 5321, 5357, 5358, 5364], "elapsed_seconds": 0.04559610004071146, "status": "success", "failure_reason": "", "route_distance_km": 35.06847425714207, "distance_cost_sum": 38.5951237717998, "population_cost_sum": 26.02381511715049, "traffic_cost_sum": 16.149378808043295, "airspace_cost_sum": 33.4, "total_weighted_score": 34.43902475435996}, "geometry": {"type": "LineString", "coordinates": [[-90.15289905765549, 38.57128267769979], [-90.15863172081019, 38.571422085329914], [-90.16418736160693, 38.57606168922697], [-90.16974371606538, 38.58070105309441], [-90.17530078436367, 38.58534017679984], [-90.1808585666797, 38.58997906021084], [-90.18641706319154, 38.594617703194956], [-90.1919762740773, 38.599256105619745], [-90.19753619951499, 38.60389426735269], [-90.20309683968271, 38.60853218826128], [-90.20865819475857, 38.61316986821297], [-90.21422026492066, 38.617807307075225], [-90.21978305034705, 38.62244450471542], [-90.22534655121595, 38.62708146100096], [-90.2309107677055, 38.63171817579922], [-90.2364756999938, 38.63635464897752], [-90.2420413482591, 38.64099088040321], [-90.24760771267954, 38.645626869943555], [-90.25317479343335, 38.65026261746583], [-90.25874259069872, 38.654898122837295], [-90.26431110465388, 38.659533385925144], [-90.26988033547711, 38.664168406596616], [-90.27545028334664, 38.66880318471887], [-90.28102094844074, 38.67343772015905], [-90.28659233093768, 38.67807201278429], [-90.29216443101578, 38.68270606246168], [-90.29773724885335, 38.68733986905835], [-90.30331078462868, 38.69197343244128], [-90.30888503852013, 38.69660675247757], [-90.31446001070607, 38.70123982903419], [-90.32003570136486, 38.70587266197814], [-90.32561211067481, 38.710505251176386], [-90.33118923881437, 38.715137596495865], [-90.3367670859619, 38.719769697803464], [-90.34234565229588, 38.724401554966114], [-90.34792493799469, 38.72903316785066], [-90.35350494323681, 38.73366453632395], [-90.35908566820065, 38.73829566025279], [-90.36466711306467, 38.742926539503976], [-90.37024927800739, 38.74755717394432]]}}, {"type": "Feature", "properties": {"route_run_id": "stl_st_louis_downtown_airport_to_st_louis_lambert_2026-03-07_0147", "route_pair": "st_louis_downtown_airport_to_st_louis_lambert", "route_pair_label": "St. Louis Downtown Airport to St. Louis Lambert", "origin_label": "St. Louis Downtown Airport", "destination_label": "St. Louis Lambert International Airport", "origin_lat": 38.5703611, "origin_lon": -90.1550833, "destination_lat": 38.7486982, "destination_lon": -90.3700257, "traffic_date": "2026-03-07", "traffic_dataset": "March 7th - Saturday", "weight_id": "w_0147", "distance_weight": 0.2, "population_weight": 0.3, "traffic_weight": 0.1, "airspace_weight": 0.4, "path_nodes": 41, "path_node_ids": [2179, 2180, 2183, 2198, 2202, 2206, 2449, 2345, 2370, 2373, 2398, 2709, 2711, 2714, 2750, 2744, 2770, 2772, 2777, 3989, 3993, 4006, 4008, 4021, 4045, 4047, 4058, 4062, 4077, 4079, 5077, 5081, 5083, 5308, 5316, 5322, 5323, 5346, 5357, 5358, 5364], "elapsed_seconds": 0.03380289999768138, "status": "success", "failure_reason": "", "route_distance_km": 35.445873467048145, "distance_cost_sum": 39.010476008424035, "population_cost_sum": 21.248540131475806, "traffic_cost_sum": 17.68537922249981, "airspace_cost_sum": 34.4, "total_weighted_score": 29.70519516337753}, "geometry": {"type": "LineString", "coordinates": [[-90.15289905765549, 38.57128267769979], [-90.15845430205954, 38.57592253965332], [-90.15827684369297, 38.58042298981685], [-90.16383311905943, 38.58506262995554], [-90.16939010840554, 38.58970202998531], [-90.17494781190939, 38.59434118977373], [-90.18050622974906, 38.59898010918833], [-90.18606536210271, 38.60361878809667], [-90.19162520914848, 38.60825722636621], [-90.19718577106451, 38.612895423864465], [-90.20274704802898, 38.61753338045887], [-90.2083090402201, 38.622171096016864], [-90.21387174781604, 38.62680857040582], [-90.21943517099498, 38.631445803493165], [-90.22499930993523, 38.636082795146216], [-90.23056416481495, 38.64071954523234], [-90.2361297358124, 38.64535605361884], [-90.24169602310592, 38.649992320172984], [-90.24726302687371, 38.65462834476206], [-90.25283074729404, 38.65926412725328], [-90.2583991845453, 38.663899667513896], [-90.26396833880578, 38.66853496541107], [-90.26953821025378, 38.673170020811966], [-90.2751087990677, 38.67780483358376], [-90.28068010542587, 38.682439403593555], [-90.28625212950666, 38.68707373070842], [-90.29182487148844, 38.69170781479548], [-90.29739833154962, 38.69634165572174], [-90.30297250986867, 38.70097525335427], [-90.30854740662397, 38.70560860756003], [-90.31412302199392, 38.71024171820601], [-90.31969935615703, 38.71487458515916], [-90.32527640929177, 38.719507208286444], [-90.33085418157658, 38.72413958745472], [-90.33643267319002, 38.72877172253092], [-90.3420118843105, 38.73340361338185], [-90.34775839516463, 38.73353421590239], [-90.35333872308522, 38.73816560113835], [-90.35908566820065, 38.73829566025279], [-90.36466711306467, 38.742926539503976], [-90.37024927800739, 38.74755717394432]]}}, {"type": "Feature", "properties": {"route_run_id": "stl_st_louis_downtown_airport_to_st_louis_lambert_2026-03-07_0194", "route_pair": "st_louis_downtown_airport_to_st_louis_lambert", "route_pair_label": "St. Louis Downtown Airport to St. Louis Lambert", "origin_label": "St. Louis Downtown Airport", "destination_label": "St. Louis Lambert International Airport", "origin_lat": 38.5703611, "origin_lon": -90.1550833, "destination_lat": 38.7486982, "destination_lon": -90.3700257, "traffic_date": "2026-03-07", "traffic_dataset": "March 7th - Saturday", "weight_id": "w_0194", "distance_weight": 0.3, "population_weight": 0.4, "traffic_weight": 0.0, "airspace_weight": 0.3, "path_nodes": 43, "path_node_ids": [2179, 2180, 2174, 2199, 2203, 2207, 2341, 2345, 2370, 2373, 2398, 2709, 2711, 2714, 2750, 2744, 2770, 2772, 2777, 3989, 3993, 4006, 4008, 4021, 4045, 4047, 4058, 4062, 4077, 4082, 4084, 5080, 5084, 5310, 5311, 5337, 5320, 5322, 5323, 5346, 5357, 5358, 5364], "elapsed_seconds": 0.02173809998203069, "status": "success", "failure_reason": "", "route_distance_km": 36.197024617572914, "distance_cost_sum": 39.83716642595565, "population_cost_sum": 17.31210242086407, "traffic_cost_sum": 21.545839729752437, "airspace_cost_sum": 36.4, "total_weighted_score": 29.795990896132324}, "geometry": {"type": "LineString", "coordinates": [[-90.15289905765549, 38.57128267769979], [-90.15845430205954, 38.57592253965332], [-90.16401026010618, 38.58056216167], [-90.16956693197352, 38.58520154361737], [-90.17512431783956, 38.5898406853631], [-90.18068241788241, 38.5944795867747], [-90.18624123228014, 38.59911824771971], [-90.18606536210271, 38.60361878809667], [-90.19162520914848, 38.60825722636621], [-90.19718577106451, 38.612895423864465], [-90.20274704802898, 38.61753338045887], [-90.2083090402201, 38.622171096016864], [-90.21387174781604, 38.62680857040582], [-90.21943517099498, 38.631445803493165], [-90.22499930993523, 38.636082795146216], [-90.23056416481495, 38.64071954523234], [-90.2361297358124, 38.64535605361884], [-90.24169602310592, 38.649992320172984], [-90.24726302687371, 38.65462834476206], [-90.25283074729404, 38.65926412725328], [-90.2583991845453, 38.663899667513896], [-90.26396833880578, 38.66853496541107], [-90.26953821025378, 38.673170020811966], [-90.2751087990677, 38.67780483358376], [-90.28068010542587, 38.682439403593555], [-90.28625212950666, 38.68707373070842], [-90.29182487148844, 38.69170781479548], [-90.29739833154962, 38.69634165572174], [-90.30297250986867, 38.70097525335427], [-90.30280331580018, 38.70547615766316], [-90.30837853409372, 38.710109528957155], [-90.31395447116216, 38.71474265665128], [-90.31378588266769, 38.71924359100243], [-90.31936286061908, 38.72387649197406], [-90.32494055786266, 38.72850914903958], [-90.330518974577, 38.7331415620659], [-90.33626541075455, 38.733272728767844], [-90.3420118843105, 38.73340361338185], [-90.34775839516463, 38.73353421590239], [-90.35333872308522, 38.73816560113835], [-90.35908566820065, 38.73829566025279], [-90.36466711306467, 38.742926539503976], [-90.37024927800739, 38.74755717394432]]}}, {"type": "Feature", "properties": {"route_run_id": "stl_st_louis_downtown_airport_to_st_louis_lambert_2026-03-07_0172", "route_pair": "st_louis_downtown_airport_to_st_louis_lambert", "route_pair_label": "St. Louis Downtown Airport to St. Louis Lambert", "origin_label": "St. Louis Downtown Airport", "destination_label": "St. Louis Lambert International Airport", "origin_lat": 38.5703611, "origin_lon": -90.1550833, "destination_lat": 38.7486982, "destination_lon": -90.3700257, "traffic_date": "2026-03-07", "traffic_dataset": "March 7th - Saturday", "weight_id": "w_0172", "distance_weight": 0.3, "population_weight": 0.0, "traffic_weight": 0.4, "airspace_weight": 0.3, "path_nodes": 41, "path_node_ids": [2179, 2180, 2174, 2199, 2203, 2207, 2341, 2344, 2368, 2374, 2394, 2397, 2712, 2716, 2739, 2746, 2769, 2772, 2777, 3989, 3993, 4006, 4008, 4021, 4045, 4047, 4058, 4059, 4063, 4064, 5048, 5052, 5076, 5082, 5299, 5304, 5319, 5321, 5357, 5358, 5364], "elapsed_seconds": 0.014091299963183701, "status": "success", "failure_reason": "", "route_distance_km": 35.44496799381346, "distance_cost_sum": 39.00947947657301, "population_cost_sum": 25.09456255665406, "traffic_cost_sum": 13.271815011393638, "airspace_cost_sum": 34.4, "total_weighted_score": 27.33156984752936}, "geometry": {"type": "LineString", "coordinates": [[-90.15289905765549, 38.57128267769979], [-90.15845430205954, 38.57592253965332], [-90.16401026010618, 38.58056216167], [-90.16956693197352, 38.58520154361737], [-90.17512431783956, 38.5898406853631], [-90.18068241788241, 38.5944795867747], [-90.18624123228014, 38.59911824771971], [-90.19180076121087, 38.60375666806568], [-90.19736100485268, 38.60839484768009], [-90.20292196338367, 38.61303278643038], [-90.2084836369821, 38.617670484184025], [-90.21404602582597, 38.62230794080845], [-90.21960913009349, 38.62694515617101], [-90.22517294996291, 38.63158213013913], [-90.23073748561237, 38.63621886258013], [-90.23630273722006, 38.640855353361346], [-90.24186870496423, 38.645491602350084], [-90.24169602310592, 38.649992320172984], [-90.24726302687371, 38.65462834476206], [-90.25283074729404, 38.65926412725328], [-90.2583991845453, 38.663899667513896], [-90.26396833880578, 38.66853496541107], [-90.26953821025378, 38.673170020811966], [-90.2751087990677, 38.67780483358376], [-90.28068010542587, 38.682439403593555], [-90.28625212950666, 38.68707373070842], [-90.29182487148844, 38.69170781479548], [-90.29756780913004, 38.69184076444029], [-90.3031416661418, 38.696474344946864], [-90.30888503852013, 38.69660675247757], [-90.31446001070607, 38.70123982903419], [-90.32003570136486, 38.70587266197814], [-90.32561211067481, 38.710505251176386], [-90.33118923881437, 38.715137596495865], [-90.3367670859619, 38.719769697803464], [-90.34234565229588, 38.724401554966114], [-90.34792493799469, 38.72903316785066], [-90.35350494323681, 38.73366453632395], [-90.35908566820065, 38.73829566025279], [-90.36466711306467, 38.742926539503976], [-90.37024927800739, 38.74755717394432]]}}, {"type": "Feature", "properties": {"route_run_id": "stl_st_louis_downtown_airport_to_st_louis_lambert_2026-03-07_0180", "route_pair": "st_louis_downtown_airport_to_st_louis_lambert", "route_pair_label": "St. Louis Downtown Airport to St. Louis Lambert", "origin_label": "St. Louis Downtown Airport", "destination_label": "St. Louis Lambert International Airport", "origin_lat": 38.5703611, "origin_lon": -90.1550833, "destination_lat": 38.7486982, "destination_lon": -90.3700257, "traffic_date": "2026-03-07", "traffic_dataset": "March 7th - Saturday", "weight_id": "w_0180", "distance_weight": 0.3, "population_weight": 0.1, "traffic_weight": 0.4, "airspace_weight": 0.2, "path_nodes": 41, "path_node_ids": [2179, 2180, 2183, 2198, 2202, 2206, 2449, 2345, 2370, 2373, 2398, 2709, 2711, 2714, 2750, 2744, 2770, 2772, 2777, 3989, 3993, 4006, 4008, 4021, 4045, 4047, 4058, 4059, 4063, 4064, 5048, 5052, 5076, 5082, 5299, 5304, 5319, 5321, 5357, 5358, 5364], "elapsed_seconds": 0.013193299993872643, "status": "success", "failure_reason": "", "route_distance_km": 35.44516965599588, "distance_cost_sum": 39.00970141884611, "population_cost_sum": 23.447934484851842, "traffic_cost_sum": 13.596616574214913, "airspace_cost_sum": 34.4, "total_weighted_score": 26.366350503824986}, "geometry": {"type": "LineString", "coordinates": [[-90.15289905765549, 38.57128267769979], [-90.15845430205954, 38.57592253965332], [-90.15827684369297, 38.58042298981685], [-90.16383311905943, 38.58506262995554], [-90.16939010840554, 38.58970202998531], [-90.17494781190939, 38.59434118977373], [-90.18050622974906, 38.59898010918833], [-90.18606536210271, 38.60361878809667], [-90.19162520914848, 38.60825722636621], [-90.19718577106451, 38.612895423864465], [-90.20274704802898, 38.61753338045887], [-90.2083090402201, 38.622171096016864], [-90.21387174781604, 38.62680857040582], [-90.21943517099498, 38.631445803493165], [-90.22499930993523, 38.636082795146216], [-90.23056416481495, 38.64071954523234], [-90.2361297358124, 38.64535605361884], [-90.24169602310592, 38.649992320172984], [-90.24726302687371, 38.65462834476206], [-90.25283074729404, 38.65926412725328], [-90.2583991845453, 38.663899667513896], [-90.26396833880578, 38.66853496541107], [-90.26953821025378, 38.673170020811966], [-90.2751087990677, 38.67780483358376], [-90.28068010542587, 38.682439403593555], [-90.28625212950666, 38.68707373070842], [-90.29182487148844, 38.69170781479548], [-90.29756780913004, 38.69184076444029], [-90.3031416661418, 38.696474344946864], [-90.30888503852013, 38.69660675247757], [-90.31446001070607, 38.70123982903419], [-90.32003570136486, 38.70587266197814], [-90.32561211067481, 38.710505251176386], [-90.33118923881437, 38.715137596495865], [-90.3367670859619, 38.719769697803464], [-90.34234565229588, 38.724401554966114], [-90.34792493799469, 38.72903316785066], [-90.35350494323681, 38.73366453632395], [-90.35908566820065, 38.73829566025279], [-90.36466711306467, 38.742926539503976], [-90.37024927800739, 38.74755717394432]]}}, {"type": "Feature", "properties": {"route_run_id": "stl_st_louis_downtown_airport_to_st_louis_lambert_2026-03-07_0201", "route_pair": "st_louis_downtown_airport_to_st_louis_lambert", "route_pair_label": "St. Louis Downtown Airport to St. Louis Lambert", "origin_label": "St. Louis Downtown Airport", "destination_label": "St. Louis Lambert International Airport", "origin_lat": 38.5703611, "origin_lon": -90.1550833, "destination_lat": 38.7486982, "destination_lon": -90.3700257, "traffic_date": "2026-03-07", "traffic_dataset": "March 7th - Saturday", "weight_id": "w_0201", "distance_weight": 0.3, "population_weight": 0.6, "traffic_weight": 0.0, "airspace_weight": 0.1, "path_nodes": 55, "path_node_ids": [2179, 2180, 2183, 2186, 2419, 2423, 2448, 2452, 2455, 2478, 2482, 2483, 2487, 2811, 2812, 2816, 2858, 2863, 2864, 2889, 3896, 3898, 3901, 3927, 3946, 3949, 3953, 3966, 3944, 3977, 3976, 3941, 4043, 4066, 4067, 4068, 4185, 4187, 4188, 4076, 4075, 4082, 4084, 5080, 5084, 5310, 5311, 5337, 5320, 5322, 5323, 5346, 5357, 5358, 5364], "elapsed_seconds": 0.013154000043869019, "status": "success", "failure_reason": "", "route_distance_km": 41.77074742931658, "distance_cost_sum": 45.971408828735385, "population_cost_sum": 8.67777235752909, "traffic_cost_sum": 37.765711010108255, "airspace_cost_sum": 45.2, "total_weighted_score": 23.51808606313807}, "geometry": {"type": "LineString", "coordinates": [[-90.15289905765549, 38.57128267769979], [-90.15845430205954, 38.57592253965332], [-90.15827684369297, 38.58042298981685], [-90.1580993457009, 38.58492343582021], [-90.15792180807382, 38.58942387766302], [-90.16347871828971, 38.59406355405304], [-90.1690363428032, 38.598702990254786], [-90.17459468179258, 38.60334218613583], [-90.17441805758689, 38.60784267808668], [-90.174241393937, 38.61234316588366], [-90.17406469083332, 38.61684364952644], [-90.17388794826633, 38.621344129014695], [-90.17371116622648, 38.62584460434813], [-90.17353434470424, 38.6303450755264], [-90.17335748369, 38.63484554254923], [-90.17318058317427, 38.63934600541629], [-90.17300364314747, 38.64384646412727], [-90.17856556137721, 38.64848558173427], [-90.17838890046788, 38.65298605432084], [-90.17821220009857, 38.65748652275311], [-90.18377547226044, 38.66212543540375], [-90.18933946118675, 38.666764106898924], [-90.19490416705614, 38.67140253710589], [-90.20046959004746, 38.676040725891895], [-90.20603573033937, 38.68067867312418], [-90.21160258811075, 38.68531637866994], [-90.2171701635404, 38.68995384239636], [-90.2229126017605, 38.690090452895454], [-90.22865507887754, 38.69022678182468], [-90.23439759481155, 38.69036282917826], [-90.24014014948251, 38.69049859495047], [-90.24605541323987, 38.68613337677085], [-90.2517976862147, 38.68626855773688], [-90.25736804511756, 38.69090420272148], [-90.26311075393669, 38.69103884211091], [-90.26868222818311, 38.695673984376505], [-90.27425442059507, 38.700308883813186], [-90.27999796237877, 38.700442721166475], [-90.28557127047641, 38.70507711728869], [-90.29148516021279, 38.700709550716724], [-90.297228816103, 38.700842542902386], [-90.30280331580018, 38.70547615766316], [-90.30837853409372, 38.710109528957155], [-90.31395447116216, 38.71474265665128], [-90.31378588266769, 38.71924359100243], [-90.31936286061908, 38.72387649197406], [-90.32494055786266, 38.72850914903958], [-90.330518974577, 38.7331415620659], [-90.33626541075455, 38.733272728767844], [-90.3420118843105, 38.73340361338185], [-90.34775839516463, 38.73353421590239], [-90.35333872308522, 38.73816560113835], [-90.35908566820065, 38.73829566025279], [-90.36466711306467, 38.742926539503976], [-90.37024927800739, 38.74755717394432]]}}, {"type": "Feature", "properties": {"route_run_id": "stl_st_louis_downtown_airport_to_st_louis_lambert_2026-03-07_0192", "route_pair": "st_louis_downtown_airport_to_st_louis_lambert", "route_pair_label": "St. Louis Downtown Airport to St. Louis Lambert", "origin_label": "St. Louis Downtown Airport", "destination_label": "St. Louis Lambert International Airport", "origin_lat": 38.5703611, "origin_lon": -90.1550833, "destination_lat": 38.7486982, "destination_lon": -90.3700257, "traffic_date": "2026-03-07", "traffic_dataset": "March 7th - Saturday", "weight_id": "w_0192", "distance_weight": 0.3, "population_weight": 0.3, "traffic_weight": 0.3, "airspace_weight": 0.1, "path_nodes": 41, "path_node_ids": [2179, 2180, 2183, 2198, 2202, 2206, 2449, 2345, 2370, 2373, 2398, 2709, 2711, 2714, 2750, 2744, 2770, 2772, 2777, 3989, 3993, 4006, 3994, 4019, 4020, 4023, 4055, 4059, 4063, 4064, 5048, 5052, 5076, 5082, 5299, 5304, 5319, 5321, 5357, 5358, 5364], "elapsed_seconds": 0.016378300031647086, "status": "success", "failure_reason": "", "route_distance_km": 35.444974610774196, "distance_cost_sum": 39.00948675896621, "population_cost_sum": 22.999382459977298, "traffic_cost_sum": 13.969149855183435, "airspace_cost_sum": 34.4, "total_weighted_score": 26.233405722238086}, "geometry": {"type": "LineString", "coordinates": [[-90.15289905765549, 38.57128267769979], [-90.15845430205954, 38.57592253965332], [-90.15827684369297, 38.58042298981685], [-90.16383311905943, 38.58506262995554], [-90.16939010840554, 38.58970202998531], [-90.17494781190939, 38.59434118977373], [-90.18050622974906, 38.59898010918833], [-90.18606536210271, 38.60361878809667], [-90.19162520914848, 38.60825722636621], [-90.19718577106451, 38.612895423864465], [-90.20274704802898, 38.61753338045887], [-90.2083090402201, 38.622171096016864], [-90.21387174781604, 38.62680857040582], [-90.21943517099498, 38.631445803493165], [-90.22499930993523, 38.636082795146216], [-90.23056416481495, 38.64071954523234], [-90.2361297358124, 38.64535605361884], [-90.24169602310592, 38.649992320172984], [-90.24726302687371, 38.65462834476206], [-90.25283074729404, 38.65926412725328], [-90.2583991845453, 38.663899667513896], [-90.26396833880578, 38.66853496541107], [-90.26970929197084, 38.66866921576039], [-90.27527956027723, 38.67330401120623], [-90.28085054596801, 38.677938563930056], [-90.28642224922152, 38.68257287379895], [-90.29199467021606, 38.68720694068001], [-90.29756780913004, 38.69184076444029], [-90.3031416661418, 38.696474344946864], [-90.30888503852013, 38.69660675247757], [-90.31446001070607, 38.70123982903419], [-90.32003570136486, 38.70587266197814], [-90.32561211067481, 38.710505251176386], [-90.33118923881437, 38.715137596495865], [-90.3367670859619, 38.719769697803464], [-90.34234565229588, 38.724401554966114], [-90.34792493799469, 38.72903316785066], [-90.35350494323681, 38.73366453632395], [-90.35908566820065, 38.73829566025279], [-90.36466711306467, 38.742926539503976], [-90.37024927800739, 38.74755717394432]]}}, {"type": "Feature", "properties": {"route_run_id": "stl_st_louis_downtown_airport_to_st_louis_lambert_2026-03-07_0109", "route_pair": "st_louis_downtown_airport_to_st_louis_lambert", "route_pair_label": "St. Louis Downtown Airport to St. Louis Lambert", "origin_label": "St. Louis Downtown Airport", "destination_label": "St. Louis Lambert International Airport", "origin_lat": 38.5703611, "origin_lon": -90.1550833, "destination_lat": 38.7486982, "destination_lon": -90.3700257, "traffic_date": "2026-03-07", "traffic_dataset": "March 7th - Saturday", "weight_id": "w_0109", "distance_weight": 0.1, "population_weight": 0.5, "traffic_weight": 0.2, "airspace_weight": 0.2, "path_nodes": 43, "path_node_ids": [2179, 2180, 2183, 2198, 2202, 2206, 2449, 2345, 2370, 2373, 2398, 2709, 2711, 2714, 2750, 2744, 2770, 2772, 2777, 3989, 3993, 4006, 4008, 4021, 4045, 4047, 4058, 4062, 4077, 4082, 4084, 5080, 5084, 5310, 5311, 5337, 5320, 5322, 5323, 5346, 5357, 5358, 5364], "elapsed_seconds": 0.04844419995788485, "status": "success", "failure_reason": "", "route_distance_km": 36.19709159463293, "distance_cost_sum": 39.83724013854156, "population_cost_sum": 17.31210242086407, "traffic_cost_sum": 21.464075654287832, "airspace_cost_sum": 36.4, "total_weighted_score": 24.212590355143757}, "geometry": {"type": "LineString", "coordinates": [[-90.15289905765549, 38.57128267769979], [-90.15845430205954, 38.57592253965332], [-90.15827684369297, 38.58042298981685], [-90.16383311905943, 38.58506262995554], [-90.16939010840554, 38.58970202998531], [-90.17494781190939, 38.59434118977373], [-90.18050622974906, 38.59898010918833], [-90.18606536210271, 38.60361878809667], [-90.19162520914848, 38.60825722636621], [-90.19718577106451, 38.612895423864465], [-90.20274704802898, 38.61753338045887], [-90.2083090402201, 38.622171096016864], [-90.21387174781604, 38.62680857040582], [-90.21943517099498, 38.631445803493165], [-90.22499930993523, 38.636082795146216], [-90.23056416481495, 38.64071954523234], [-90.2361297358124, 38.64535605361884], [-90.24169602310592, 38.649992320172984], [-90.24726302687371, 38.65462834476206], [-90.25283074729404, 38.65926412725328], [-90.2583991845453, 38.663899667513896], [-90.26396833880578, 38.66853496541107], [-90.26953821025378, 38.673170020811966], [-90.2751087990677, 38.67780483358376], [-90.28068010542587, 38.682439403593555], [-90.28625212950666, 38.68707373070842], [-90.29182487148844, 38.69170781479548], [-90.29739833154962, 38.69634165572174], [-90.30297250986867, 38.70097525335427], [-90.30280331580018, 38.70547615766316], [-90.30837853409372, 38.710109528957155], [-90.31395447116216, 38.71474265665128], [-90.31378588266769, 38.71924359100243], [-90.31936286061908, 38.72387649197406], [-90.32494055786266, 38.72850914903958], [-90.330518974577, 38.7331415620659], [-90.33626541075455, 38.733272728767844], [-90.3420118843105, 38.73340361338185], [-90.34775839516463, 38.73353421590239], [-90.35333872308522, 38.73816560113835], [-90.35908566820065, 38.73829566025279], [-90.36466711306467, 38.742926539503976], [-90.37024927800739, 38.74755717394432]]}}, {"type": "Feature", "properties": {"route_run_id": "stl_st_louis_downtown_airport_to_st_louis_lambert_2026-03-07_0220", "route_pair": "st_louis_downtown_airport_to_st_louis_lambert", "route_pair_label": "St. Louis Downtown Airport to St. Louis Lambert", "origin_label": "St. Louis Downtown Airport", "destination_label": "St. Louis Lambert International Airport", "origin_lat": 38.5703611, "origin_lon": -90.1550833, "destination_lat": 38.7486982, "destination_lon": -90.3700257, "traffic_date": "2026-03-07", "traffic_dataset": "March 7th - Saturday", "weight_id": "w_0220", "distance_weight": 0.4, "population_weight": 0.2, "traffic_weight": 0.3, "airspace_weight": 0.1, "path_nodes": 41, "path_node_ids": [2179, 2180, 2183, 2198, 2202, 2206, 2449, 2345, 2370, 2373, 2398, 2709, 2711, 2714, 2750, 2744, 2770, 2772, 2777, 3989, 3993, 4006, 4008, 4021, 4045, 4047, 4058, 4059, 4063, 4064, 5048, 5052, 5076, 5082, 5299, 5304, 5319, 5321, 5357, 5358, 5364], "elapsed_seconds": 0.009359000017866492, "status": "success", "failure_reason": "", "route_distance_km": 35.44516965599588, "distance_cost_sum": 39.00970141884611, "population_cost_sum": 23.447934484851842, "traffic_cost_sum": 13.596616574214913, "airspace_cost_sum": 34.4, "total_weighted_score": 27.812452436773288}, "geometry": {"type": "LineString", "coordinates": [[-90.15289905765549, 38.57128267769979], [-90.15845430205954, 38.57592253965332], [-90.15827684369297, 38.58042298981685], [-90.16383311905943, 38.58506262995554], [-90.16939010840554, 38.58970202998531], [-90.17494781190939, 38.59434118977373], [-90.18050622974906, 38.59898010918833], [-90.18606536210271, 38.60361878809667], [-90.19162520914848, 38.60825722636621], [-90.19718577106451, 38.612895423864465], [-90.20274704802898, 38.61753338045887], [-90.2083090402201, 38.622171096016864], [-90.21387174781604, 38.62680857040582], [-90.21943517099498, 38.631445803493165], [-90.22499930993523, 38.636082795146216], [-90.23056416481495, 38.64071954523234], [-90.2361297358124, 38.64535605361884], [-90.24169602310592, 38.649992320172984], [-90.24726302687371, 38.65462834476206], [-90.25283074729404, 38.65926412725328], [-90.2583991845453, 38.663899667513896], [-90.26396833880578, 38.66853496541107], [-90.26953821025378, 38.673170020811966], [-90.2751087990677, 38.67780483358376], [-90.28068010542587, 38.682439403593555], [-90.28625212950666, 38.68707373070842], [-90.29182487148844, 38.69170781479548], [-90.29756780913004, 38.69184076444029], [-90.3031416661418, 38.696474344946864], [-90.30888503852013, 38.69660675247757], [-90.31446001070607, 38.70123982903419], [-90.32003570136486, 38.70587266197814], [-90.32561211067481, 38.710505251176386], [-90.33118923881437, 38.715137596495865], [-90.3367670859619, 38.719769697803464], [-90.34234565229588, 38.724401554966114], [-90.34792493799469, 38.72903316785066], [-90.35350494323681, 38.73366453632395], [-90.35908566820065, 38.73829566025279], [-90.36466711306467, 38.742926539503976], [-90.37024927800739, 38.74755717394432]]}}, {"type": "Feature", "properties": {"route_run_id": "stl_st_louis_downtown_airport_to_st_louis_lambert_2026-03-07_0229", "route_pair": "st_louis_downtown_airport_to_st_louis_lambert", "route_pair_label": "St. Louis Downtown Airport to St. Louis Lambert", "origin_label": "St. Louis Downtown Airport", "destination_label": "St. Louis Lambert International Airport", "origin_lat": 38.5703611, "origin_lon": -90.1550833, "destination_lat": 38.7486982, "destination_lon": -90.3700257, "traffic_date": "2026-03-07", "traffic_dataset": "March 7th - Saturday", "weight_id": "w_0229", "distance_weight": 0.4, "population_weight": 0.5, "traffic_weight": 0.0, "airspace_weight": 0.1, "path_nodes": 54, "path_node_ids": [2179, 2180, 2183, 2186, 2419, 2423, 2448, 2452, 2455, 2478, 2482, 2483, 2487, 2811, 2812, 2816, 2858, 2863, 2864, 2795, 2796, 3899, 3902, 3914, 3948, 3947, 3952, 3940, 3977, 3976, 3941, 4043, 4066, 4067, 4068, 4185, 4187, 4186, 4076, 4075, 4082, 4084, 5080, 5084, 5310, 5311, 5337, 5320, 5322, 5323, 5346, 5357, 5358, 5364], "elapsed_seconds": 0.011887099943123758, "status": "success", "failure_reason": "", "route_distance_km": 40.86156395761667, "distance_cost_sum": 44.97079362191935, "population_cost_sum": 9.430295660424155, "traffic_cost_sum": 39.140345915173604, "airspace_cost_sum": 44.6, "total_weighted_score": 27.16346527897982}, "geometry": {"type": "LineString", "coordinates": [[-90.15289905765549, 38.57128267769979], [-90.15845430205954, 38.57592253965332], [-90.15827684369297, 38.58042298981685], [-90.1580993457009, 38.58492343582021], [-90.15792180807382, 38.58942387766302], [-90.16347871828971, 38.59406355405304], [-90.1690363428032, 38.598702990254786], [-90.17459468179258, 38.60334218613583], [-90.17441805758689, 38.60784267808668], [-90.174241393937, 38.61234316588366], [-90.17406469083332, 38.61684364952644], [-90.17388794826633, 38.621344129014695], [-90.17371116622648, 38.62584460434813], [-90.17353434470424, 38.6303450755264], [-90.17335748369, 38.63484554254923], [-90.17318058317427, 38.63934600541629], [-90.17300364314747, 38.64384646412727], [-90.17856556137721, 38.64848558173427], [-90.17838890046788, 38.65298605432084], [-90.18395185376184, 38.657624948976824], [-90.18951552366053, 38.66226360251709], [-90.1950799103427, 38.666902014808954], [-90.200645013987, 38.67154018571967], [-90.20621083477218, 38.67617811511645], [-90.21177737287698, 38.68081580286656], [-90.21751905445252, 38.68095265114052], [-90.22308670781703, 38.685589837485246], [-90.22882882604138, 38.685726144608395], [-90.23439759481155, 38.69036282917826], [-90.24014014948251, 38.69049859495047], [-90.24605541323987, 38.68613337677085], [-90.2517976862147, 38.68626855773688], [-90.25736804511756, 38.69090420272148], [-90.26311075393669, 38.69103884211091], [-90.26868222818311, 38.695673984376505], [-90.27425442059507, 38.700308883813186], [-90.27999796237877, 38.700442721166475], [-90.28574154227802, 38.70057627680287], [-90.29148516021279, 38.700709550716724], [-90.297228816103, 38.700842542902386], [-90.30280331580018, 38.70547615766316], [-90.30837853409372, 38.710109528957155], [-90.31395447116216, 38.71474265665128], [-90.31378588266769, 38.71924359100243], [-90.31936286061908, 38.72387649197406], [-90.32494055786266, 38.72850914903958], [-90.330518974577, 38.7331415620659], [-90.33626541075455, 38.733272728767844], [-90.3420118843105, 38.73340361338185], [-90.34775839516463, 38.73353421590239], [-90.35333872308522, 38.73816560113835], [-90.35908566820065, 38.73829566025279], [-90.36466711306467, 38.742926539503976], [-90.37024927800739, 38.74755717394432]]}}, {"type": "Feature", "properties": {"route_run_id": "stl_st_louis_downtown_airport_to_st_louis_lambert_2026-03-07_0282", "route_pair": "st_louis_downtown_airport_to_st_louis_lambert", "route_pair_label": "St. Louis Downtown Airport to St. Louis Lambert", "origin_label": "St. Louis Downtown Airport", "destination_label": "St. Louis Lambert International Airport", "origin_lat": 38.5703611, "origin_lon": -90.1550833, "destination_lat": 38.7486982, "destination_lon": -90.3700257, "traffic_date": "2026-03-07", "traffic_dataset": "March 7th - Saturday", "weight_id": "w_0282", "distance_weight": 0.8, "population_weight": 0.1, "traffic_weight": 0.1, "airspace_weight": 0.0, "path_nodes": 40, "path_node_ids": [2179, 2180, 2174, 2199, 2203, 2207, 2341, 2344, 2368, 2374, 2394, 2397, 2712, 2716, 2739, 2746, 2769, 2773, 3985, 3988, 3992, 3994, 4019, 4020, 4023, 4055, 4059, 4063, 4064, 5048, 5052, 5076, 5082, 5299, 5304, 5319, 5321, 5357, 5358, 5364], "elapsed_seconds": 0.003540299949236214, "status": "success", "failure_reason": "", "route_distance_km": 35.0695243590648, "distance_cost_sum": 38.596279476875054, "population_cost_sum": 23.651108783135093, "traffic_cost_sum": 14.425692925774984, "airspace_cost_sum": 33.8, "total_weighted_score": 34.68470375239105}, "geometry": {"type": "LineString", "coordinates": [[-90.15289905765549, 38.57128267769979], [-90.15845430205954, 38.57592253965332], [-90.16401026010618, 38.58056216167], [-90.16956693197352, 38.58520154361737], [-90.17512431783956, 38.5898406853631], [-90.18068241788241, 38.5944795867747], [-90.18624123228014, 38.59911824771971], [-90.19180076121087, 38.60375666806568], [-90.19736100485268, 38.60839484768009], [-90.20292196338367, 38.61303278643038], [-90.2084836369821, 38.617670484184025], [-90.21404602582597, 38.62230794080845], [-90.21960913009349, 38.62694515617101], [-90.22517294996291, 38.63158213013913], [-90.23073748561237, 38.63621886258013], [-90.23630273722006, 38.640855353361346], [-90.24186870496423, 38.645491602350084], [-90.24743538902311, 38.65012760941361], [-90.25300278957496, 38.654763374419176], [-90.25857090679797, 38.65939889723403], [-90.26413974087053, 38.66403417772537], [-90.26970929197084, 38.66866921576039], [-90.27527956027723, 38.67330401120623], [-90.28085054596801, 38.677938563930056], [-90.28642224922152, 38.68257287379895], [-90.29199467021606, 38.68720694068001], [-90.29756780913004, 38.69184076444029], [-90.3031416661418, 38.696474344946864], [-90.30888503852013, 38.69660675247757], [-90.31446001070607, 38.70123982903419], [-90.32003570136486, 38.70587266197814], [-90.32561211067481, 38.710505251176386], [-90.33118923881437, 38.715137596495865], [-90.3367670859619, 38.719769697803464], [-90.34234565229588, 38.724401554966114], [-90.34792493799469, 38.72903316785066], [-90.35350494323681, 38.73366453632395], [-90.35908566820065, 38.73829566025279], [-90.36466711306467, 38.742926539503976], [-90.37024927800739, 38.74755717394432]]}}, {"type": "Feature", "properties": {"route_run_id": "stl_st_louis_downtown_airport_to_st_louis_lambert_2026-03-07_0031", "route_pair": "st_louis_downtown_airport_to_st_louis_lambert", "route_pair_label": "St. Louis Downtown Airport to St. Louis Lambert", "origin_label": "St. Louis Downtown Airport", "destination_label": "St. Louis Lambert International Airport", "origin_lat": 38.5703611, "origin_lon": -90.1550833, "destination_lat": 38.7486982, "destination_lon": -90.3700257, "traffic_date": "2026-03-07", "traffic_dataset": "March 7th - Saturday", "weight_id": "w_0031", "distance_weight": 0.0, "population_weight": 0.3, "traffic_weight": 0.0, "airspace_weight": 0.7, "path_nodes": 41, "path_node_ids": [2179, 2181, 2183, 2198, 2202, 2206, 2449, 2345, 2370, 2373, 2398, 2709, 2711, 2714, 2750, 2744, 2770, 2772, 2777, 3989, 3993, 4006, 4008, 4021, 4045, 4047, 4058, 4062, 4077, 4079, 5077, 5081, 5083, 5308, 5316, 5322, 5323, 5346, 5357, 5358, 5364], "elapsed_seconds": 0.04070649994537234, "status": "success", "failure_reason": "", "route_distance_km": 35.445886833267345, "distance_cost_sum": 39.01049071881265, "population_cost_sum": 21.248540131475806, "traffic_cost_sum": 17.821306249132782, "airspace_cost_sum": 34.4, "total_weighted_score": 30.45456203944274}, "geometry": {"type": "LineString", "coordinates": [[-90.15289905765549, 38.57128267769979], [-90.15272128212803, 38.57578310970166], [-90.15827684369297, 38.58042298981685], [-90.16383311905943, 38.58506262995554], [-90.16939010840554, 38.58970202998531], [-90.17494781190939, 38.59434118977373], [-90.18050622974906, 38.59898010918833], [-90.18606536210271, 38.60361878809667], [-90.19162520914848, 38.60825722636621], [-90.19718577106451, 38.612895423864465], [-90.20274704802898, 38.61753338045887], [-90.2083090402201, 38.622171096016864], [-90.21387174781604, 38.62680857040582], [-90.21943517099498, 38.631445803493165], [-90.22499930993523, 38.636082795146216], [-90.23056416481495, 38.64071954523234], [-90.2361297358124, 38.64535605361884], [-90.24169602310592, 38.649992320172984], [-90.24726302687371, 38.65462834476206], [-90.25283074729404, 38.65926412725328], [-90.2583991845453, 38.663899667513896], [-90.26396833880578, 38.66853496541107], [-90.26953821025378, 38.673170020811966], [-90.2751087990677, 38.67780483358376], [-90.28068010542587, 38.682439403593555], [-90.28625212950666, 38.68707373070842], [-90.29182487148844, 38.69170781479548], [-90.29739833154962, 38.69634165572174], [-90.30297250986867, 38.70097525335427], [-90.30854740662397, 38.70560860756003], [-90.31412302199392, 38.71024171820601], [-90.31969935615703, 38.71487458515916], [-90.32527640929177, 38.719507208286444], [-90.33085418157658, 38.72413958745472], [-90.33643267319002, 38.72877172253092], [-90.3420118843105, 38.73340361338185], [-90.34775839516463, 38.73353421590239], [-90.35333872308522, 38.73816560113835], [-90.35908566820065, 38.73829566025279], [-90.36466711306467, 38.742926539503976], [-90.37024927800739, 38.74755717394432]]}}, {"type": "Feature", "properties": {"route_run_id": "stl_st_louis_downtown_airport_to_st_louis_lambert_2026-03-07_0155", "route_pair": "st_louis_downtown_airport_to_st_louis_lambert", "route_pair_label": "St. Louis Downtown Airport to St. Louis Lambert", "origin_label": "St. Louis Downtown Airport", "destination_label": "St. Louis Lambert International Airport", "origin_lat": 38.5703611, "origin_lon": -90.1550833, "destination_lat": 38.7486982, "destination_lon": -90.3700257, "traffic_date": "2026-03-07", "traffic_dataset": "March 7th - Saturday", "weight_id": "w_0155", "distance_weight": 0.2, "population_weight": 0.4, "traffic_weight": 0.3, "airspace_weight": 0.1, "path_nodes": 41, "path_node_ids": [2179, 2180, 2183, 2198, 2202, 2206, 2449, 2345, 2370, 2373, 2398, 2709, 2711, 2714, 2750, 2744, 2770, 2772, 2777, 3989, 3993, 4006, 3994, 4019, 4020, 4023, 4055, 4059, 4063, 4064, 5048, 5052, 5076, 5082, 5299, 5304, 5319, 5321, 5357, 5358, 5364], "elapsed_seconds": 0.023560900008305907, "status": "success", "failure_reason": "", "route_distance_km": 35.444974610774196, "distance_cost_sum": 39.00948675896621, "population_cost_sum": 22.999382459977298, "traffic_cost_sum": 13.969149855183435, "airspace_cost_sum": 34.4, "total_weighted_score": 24.632395292339194}, "geometry": {"type": "LineString", "coordinates": [[-90.15289905765549, 38.57128267769979], [-90.15845430205954, 38.57592253965332], [-90.15827684369297, 38.58042298981685], [-90.16383311905943, 38.58506262995554], [-90.16939010840554, 38.58970202998531], [-90.17494781190939, 38.59434118977373], [-90.18050622974906, 38.59898010918833], [-90.18606536210271, 38.60361878809667], [-90.19162520914848, 38.60825722636621], [-90.19718577106451, 38.612895423864465], [-90.20274704802898, 38.61753338045887], [-90.2083090402201, 38.622171096016864], [-90.21387174781604, 38.62680857040582], [-90.21943517099498, 38.631445803493165], [-90.22499930993523, 38.636082795146216], [-90.23056416481495, 38.64071954523234], [-90.2361297358124, 38.64535605361884], [-90.24169602310592, 38.649992320172984], [-90.24726302687371, 38.65462834476206], [-90.25283074729404, 38.65926412725328], [-90.2583991845453, 38.663899667513896], [-90.26396833880578, 38.66853496541107], [-90.26970929197084, 38.66866921576039], [-90.27527956027723, 38.67330401120623], [-90.28085054596801, 38.677938563930056], [-90.28642224922152, 38.68257287379895], [-90.29199467021606, 38.68720694068001], [-90.29756780913004, 38.69184076444029], [-90.3031416661418, 38.696474344946864], [-90.30888503852013, 38.69660675247757], [-90.31446001070607, 38.70123982903419], [-90.32003570136486, 38.70587266197814], [-90.32561211067481, 38.710505251176386], [-90.33118923881437, 38.715137596495865], [-90.3367670859619, 38.719769697803464], [-90.34234565229588, 38.724401554966114], [-90.34792493799469, 38.72903316785066], [-90.35350494323681, 38.73366453632395], [-90.35908566820065, 38.73829566025279], [-90.36466711306467, 38.742926539503976], [-90.37024927800739, 38.74755717394432]]}}, {"type": "Feature", "properties": {"route_run_id": "stl_st_louis_downtown_airport_to_st_louis_lambert_2026-03-07_0033", "route_pair": "st_louis_downtown_airport_to_st_louis_lambert", "route_pair_label": "St. Louis Downtown Airport to St. Louis Lambert", "origin_label": "St. Louis Downtown Airport", "destination_label": "St. Louis Lambert International Airport", "origin_lat": 38.5703611, "origin_lon": -90.1550833, "destination_lat": 38.7486982, "destination_lon": -90.3700257, "traffic_date": "2026-03-07", "traffic_dataset": "March 7th - Saturday", "weight_id": "w_0033", "distance_weight": 0.0, "population_weight": 0.3, "traffic_weight": 0.2, "airspace_weight": 0.5, "path_nodes": 40, "path_node_ids": [2179, 2180, 2174, 2199, 2203, 2207, 2341, 2344, 2368, 2374, 2394, 2397, 2712, 2716, 2739, 2746, 2769, 2773, 3985, 3988, 3992, 3994, 4019, 4020, 4023, 4055, 4059, 4063, 4064, 5048, 5052, 5076, 5082, 5299, 5304, 5319, 5321, 5357, 5358, 5364], "elapsed_seconds": 0.04310889996122569, "status": "success", "failure_reason": "", "route_distance_km": 35.0695243590648, "distance_cost_sum": 38.596279476875054, "population_cost_sum": 23.651108783135093, "traffic_cost_sum": 14.425692925774984, "airspace_cost_sum": 33.8, "total_weighted_score": 26.880471220095522}, "geometry": {"type": "LineString", "coordinates": [[-90.15289905765549, 38.57128267769979], [-90.15845430205954, 38.57592253965332], [-90.16401026010618, 38.58056216167], [-90.16956693197352, 38.58520154361737], [-90.17512431783956, 38.5898406853631], [-90.18068241788241, 38.5944795867747], [-90.18624123228014, 38.59911824771971], [-90.19180076121087, 38.60375666806568], [-90.19736100485268, 38.60839484768009], [-90.20292196338367, 38.61303278643038], [-90.2084836369821, 38.617670484184025], [-90.21404602582597, 38.62230794080845], [-90.21960913009349, 38.62694515617101], [-90.22517294996291, 38.63158213013913], [-90.23073748561237, 38.63621886258013], [-90.23630273722006, 38.640855353361346], [-90.24186870496423, 38.645491602350084], [-90.24743538902311, 38.65012760941361], [-90.25300278957496, 38.654763374419176], [-90.25857090679797, 38.65939889723403], [-90.26413974087053, 38.66403417772537], [-90.26970929197084, 38.66866921576039], [-90.27527956027723, 38.67330401120623], [-90.28085054596801, 38.677938563930056], [-90.28642224922152, 38.68257287379895], [-90.29199467021606, 38.68720694068001], [-90.29756780913004, 38.69184076444029], [-90.3031416661418, 38.696474344946864], [-90.30888503852013, 38.69660675247757], [-90.31446001070607, 38.70123982903419], [-90.32003570136486, 38.70587266197814], [-90.32561211067481, 38.710505251176386], [-90.33118923881437, 38.715137596495865], [-90.3367670859619, 38.719769697803464], [-90.34234565229588, 38.724401554966114], [-90.34792493799469, 38.72903316785066], [-90.35350494323681, 38.73366453632395], [-90.35908566820065, 38.73829566025279], [-90.36466711306467, 38.742926539503976], [-90.37024927800739, 38.74755717394432]]}}, {"type": "Feature", "properties": {"route_run_id": "stl_st_louis_downtown_airport_to_st_louis_lambert_2026-03-07_0141", "route_pair": "st_louis_downtown_airport_to_st_louis_lambert", "route_pair_label": "St. Louis Downtown Airport to St. Louis Lambert", "origin_label": "St. Louis Downtown Airport", "destination_label": "St. Louis Lambert International Airport", "origin_lat": 38.5703611, "origin_lon": -90.1550833, "destination_lat": 38.7486982, "destination_lon": -90.3700257, "traffic_date": "2026-03-07", "traffic_dataset": "March 7th - Saturday", "weight_id": "w_0141", "distance_weight": 0.2, "population_weight": 0.2, "traffic_weight": 0.2, "airspace_weight": 0.4, "path_nodes": 40, "path_node_ids": [2179, 2180, 2174, 2199, 2203, 2207, 2341, 2344, 2368, 2374, 2394, 2397, 2712, 2716, 2739, 2746, 2769, 2773, 3985, 3988, 3992, 3994, 4019, 4020, 4023, 4055, 4059, 4063, 4064, 5048, 5052, 5076, 5082, 5299, 5304, 5319, 5321, 5357, 5358, 5364], "elapsed_seconds": 0.0311642000451684, "status": "success", "failure_reason": "", "route_distance_km": 35.0695243590648, "distance_cost_sum": 38.596279476875054, "population_cost_sum": 23.651108783135093, "traffic_cost_sum": 14.425692925774984, "airspace_cost_sum": 33.8, "total_weighted_score": 28.85461623715703}, "geometry": {"type": "LineString", "coordinates": [[-90.15289905765549, 38.57128267769979], [-90.15845430205954, 38.57592253965332], [-90.16401026010618, 38.58056216167], [-90.16956693197352, 38.58520154361737], [-90.17512431783956, 38.5898406853631], [-90.18068241788241, 38.5944795867747], [-90.18624123228014, 38.59911824771971], [-90.19180076121087, 38.60375666806568], [-90.19736100485268, 38.60839484768009], [-90.20292196338367, 38.61303278643038], [-90.2084836369821, 38.617670484184025], [-90.21404602582597, 38.62230794080845], [-90.21960913009349, 38.62694515617101], [-90.22517294996291, 38.63158213013913], [-90.23073748561237, 38.63621886258013], [-90.23630273722006, 38.640855353361346], [-90.24186870496423, 38.645491602350084], [-90.24743538902311, 38.65012760941361], [-90.25300278957496, 38.654763374419176], [-90.25857090679797, 38.65939889723403], [-90.26413974087053, 38.66403417772537], [-90.26970929197084, 38.66866921576039], [-90.27527956027723, 38.67330401120623], [-90.28085054596801, 38.677938563930056], [-90.28642224922152, 38.68257287379895], [-90.29199467021606, 38.68720694068001], [-90.29756780913004, 38.69184076444029], [-90.3031416661418, 38.696474344946864], [-90.30888503852013, 38.69660675247757], [-90.31446001070607, 38.70123982903419], [-90.32003570136486, 38.70587266197814], [-90.32561211067481, 38.710505251176386], [-90.33118923881437, 38.715137596495865], [-90.3367670859619, 38.719769697803464], [-90.34234565229588, 38.724401554966114], [-90.34792493799469, 38.72903316785066], [-90.35350494323681, 38.73366453632395], [-90.35908566820065, 38.73829566025279], [-90.36466711306467, 38.742926539503976], [-90.37024927800739, 38.74755717394432]]}}, {"type": "Feature", "properties": {"route_run_id": "stl_st_louis_downtown_airport_to_st_louis_lambert_2026-03-07_0286", "route_pair": "st_louis_downtown_airport_to_st_louis_lambert", "route_pair_label": "St. Louis Downtown Airport to St. Louis Lambert", "origin_label": "St. Louis Downtown Airport", "destination_label": "St. Louis Lambert International Airport", "origin_lat": 38.5703611, "origin_lon": -90.1550833, "destination_lat": 38.7486982, "destination_lon": -90.3700257, "traffic_date": "2026-03-07", "traffic_dataset": "March 7th - Saturday", "weight_id": "w_0286", "distance_weight": 0.9, "population_weight": 0.1, "traffic_weight": 0.0, "airspace_weight": 0.0, "path_nodes": 40, "path_node_ids": [2179, 2180, 2174, 2199, 2203, 2207, 2341, 2344, 2368, 2374, 2394, 2397, 2712, 2716, 2739, 2746, 2769, 2773, 3985, 3988, 3992, 3994, 4019, 4020, 4023, 4055, 4059, 4063, 4078, 5051, 5075, 5079, 5306, 5303, 5318, 5323, 5346, 5357, 5358, 5364], "elapsed_seconds": 0.002824299968779087, "status": "success", "failure_reason": "", "route_distance_km": 35.06987633323177, "distance_cost_sum": 38.59666684720769, "population_cost_sum": 23.21199613097869, "traffic_cost_sum": 16.42024029705683, "airspace_cost_sum": 33.8, "total_weighted_score": 37.05819977558479}, "geometry": {"type": "LineString", "coordinates": [[-90.15289905765549, 38.57128267769979], [-90.15845430205954, 38.57592253965332], [-90.16401026010618, 38.58056216167], [-90.16956693197352, 38.58520154361737], [-90.17512431783956, 38.5898406853631], [-90.18068241788241, 38.5944795867747], [-90.18624123228014, 38.59911824771971], [-90.19180076121087, 38.60375666806568], [-90.19736100485268, 38.60839484768009], [-90.20292196338367, 38.61303278643038], [-90.2084836369821, 38.617670484184025], [-90.21404602582597, 38.62230794080845], [-90.21960913009349, 38.62694515617101], [-90.22517294996291, 38.63158213013913], [-90.23073748561237, 38.63621886258013], [-90.23630273722006, 38.640855353361346], [-90.24186870496423, 38.645491602350084], [-90.24743538902311, 38.65012760941361], [-90.25300278957496, 38.654763374419176], [-90.25857090679797, 38.65939889723403], [-90.26413974087053, 38.66403417772537], [-90.26970929197084, 38.66866921576039], [-90.27527956027723, 38.67330401120623], [-90.28085054596801, 38.677938563930056], [-90.28642224922152, 38.68257287379895], [-90.29199467021606, 38.68720694068001], [-90.29756780913004, 38.69184076444029], [-90.3031416661418, 38.696474344946864], [-90.3087162414297, 38.701107682066734], [-90.31429153517219, 38.705740775666875], [-90.31986754754767, 38.71037362561428], [-90.32544427873452, 38.71500623177588], [-90.33102172891115, 38.71963859401861], [-90.33659989825608, 38.72427071220935], [-90.34217878694776, 38.72890258621499], [-90.34775839516463, 38.73353421590239], [-90.35333872308522, 38.73816560113835], [-90.35908566820065, 38.73829566025279], [-90.36466711306467, 38.742926539503976], [-90.37024927800739, 38.74755717394432]]}}, {"type": "Feature", "properties": {"route_run_id": "stl_st_louis_downtown_airport_to_st_louis_lambert_2026-03-07_0284", "route_pair": "st_louis_downtown_airport_to_st_louis_lambert", "route_pair_label": "St. Louis Downtown Airport to St. Louis Lambert", "origin_label": "St. Louis Downtown Airport", "destination_label": "St. Louis Lambert International Airport", "origin_lat": 38.5703611, "origin_lon": -90.1550833, "destination_lat": 38.7486982, "destination_lon": -90.3700257, "traffic_date": "2026-03-07", "traffic_dataset": "March 7th - Saturday", "weight_id": "w_0284", "distance_weight": 0.9, "population_weight": 0.0, "traffic_weight": 0.0, "airspace_weight": 0.1, "path_nodes": 40, "path_node_ids": [2179, 2147, 2172, 2176, 2200, 2204, 2317, 2340, 2346, 2371, 2391, 2395, 2708, 2713, 2738, 2741, 2745, 2747, 2684, 2687, 3987, 3990, 4016, 4017, 4022, 4029, 4034, 4060, 4064, 5048, 5052, 5076, 5082, 5299, 5304, 5319, 5321, 5357, 5358, 5364], "elapsed_seconds": 0.003145800088532269, "status": "success", "failure_reason": "", "route_distance_km": 35.06847425714207, "distance_cost_sum": 38.5951237717998, "population_cost_sum": 26.02381511715049, "traffic_cost_sum": 16.149378808043295, "airspace_cost_sum": 33.4, "total_weighted_score": 38.07561139461982}, "geometry": {"type": "LineString", "coordinates": [[-90.15289905765549, 38.57128267769979], [-90.15863172081019, 38.571422085329914], [-90.16418736160693, 38.57606168922697], [-90.16974371606538, 38.58070105309441], [-90.17530078436367, 38.58534017679984], [-90.1808585666797, 38.58997906021084], [-90.18641706319154, 38.594617703194956], [-90.1919762740773, 38.599256105619745], [-90.19753619951499, 38.60389426735269], [-90.20309683968271, 38.60853218826128], [-90.20865819475857, 38.61316986821297], [-90.21422026492066, 38.617807307075225], [-90.21978305034705, 38.62244450471542], [-90.22534655121595, 38.62708146100096], [-90.2309107677055, 38.63171817579922], [-90.2364756999938, 38.63635464897752], [-90.2420413482591, 38.64099088040321], [-90.24760771267954, 38.645626869943555], [-90.25317479343335, 38.65026261746583], [-90.25874259069872, 38.654898122837295], [-90.26431110465388, 38.659533385925144], [-90.26988033547711, 38.664168406596616], [-90.27545028334664, 38.66880318471887], [-90.28102094844074, 38.67343772015905], [-90.28659233093768, 38.67807201278429], [-90.29216443101578, 38.68270606246168], [-90.29773724885335, 38.68733986905835], [-90.30331078462868, 38.69197343244128], [-90.30888503852013, 38.69660675247757], [-90.31446001070607, 38.70123982903419], [-90.32003570136486, 38.70587266197814], [-90.32561211067481, 38.710505251176386], [-90.33118923881437, 38.715137596495865], [-90.3367670859619, 38.719769697803464], [-90.34234565229588, 38.724401554966114], [-90.34792493799469, 38.72903316785066], [-90.35350494323681, 38.73366453632395], [-90.35908566820065, 38.73829566025279], [-90.36466711306467, 38.742926539503976], [-90.37024927800739, 38.74755717394432]]}}, {"type": "Feature", "properties": {"route_run_id": "stl_st_louis_downtown_airport_to_st_louis_lambert_2026-03-07_0260", "route_pair": "st_louis_downtown_airport_to_st_louis_lambert", "route_pair_label": "St. Louis Downtown Airport to St. Louis Lambert", "origin_label": "St. Louis Downtown Airport", "destination_label": "St. Louis Lambert International Airport", "origin_lat": 38.5703611, "origin_lon": -90.1550833, "destination_lat": 38.7486982, "destination_lon": -90.3700257, "traffic_date": "2026-03-07", "traffic_dataset": "March 7th - Saturday", "weight_id": "w_0260", "distance_weight": 0.6, "population_weight": 0.1, "traffic_weight": 0.2, "airspace_weight": 0.1, "path_nodes": 40, "path_node_ids": [2179, 2180, 2174, 2199, 2203, 2207, 2341, 2344, 2368, 2374, 2394, 2397, 2712, 2716, 2739, 2746, 2769, 2773, 3985, 3988, 3992, 3994, 4019, 4020, 4023, 4055, 4059, 4063, 4064, 5048, 5052, 5076, 5082, 5299, 5304, 5319, 5321, 5357, 5358, 5364], "elapsed_seconds": 0.006292999954894185, "status": "success", "failure_reason": "", "route_distance_km": 35.0695243590648, "distance_cost_sum": 38.596279476875054, "population_cost_sum": 23.651108783135093, "traffic_cost_sum": 14.425692925774984, "airspace_cost_sum": 33.8, "total_weighted_score": 31.788017149593536}, "geometry": {"type": "LineString", "coordinates": [[-90.15289905765549, 38.57128267769979], [-90.15845430205954, 38.57592253965332], [-90.16401026010618, 38.58056216167], [-90.16956693197352, 38.58520154361737], [-90.17512431783956, 38.5898406853631], [-90.18068241788241, 38.5944795867747], [-90.18624123228014, 38.59911824771971], [-90.19180076121087, 38.60375666806568], [-90.19736100485268, 38.60839484768009], [-90.20292196338367, 38.61303278643038], [-90.2084836369821, 38.617670484184025], [-90.21404602582597, 38.62230794080845], [-90.21960913009349, 38.62694515617101], [-90.22517294996291, 38.63158213013913], [-90.23073748561237, 38.63621886258013], [-90.23630273722006, 38.640855353361346], [-90.24186870496423, 38.645491602350084], [-90.24743538902311, 38.65012760941361], [-90.25300278957496, 38.654763374419176], [-90.25857090679797, 38.65939889723403], [-90.26413974087053, 38.66403417772537], [-90.26970929197084, 38.66866921576039], [-90.27527956027723, 38.67330401120623], [-90.28085054596801, 38.677938563930056], [-90.28642224922152, 38.68257287379895], [-90.29199467021606, 38.68720694068001], [-90.29756780913004, 38.69184076444029], [-90.3031416661418, 38.696474344946864], [-90.30888503852013, 38.69660675247757], [-90.31446001070607, 38.70123982903419], [-90.32003570136486, 38.70587266197814], [-90.32561211067481, 38.710505251176386], [-90.33118923881437, 38.715137596495865], [-90.3367670859619, 38.719769697803464], [-90.34234565229588, 38.724401554966114], [-90.34792493799469, 38.72903316785066], [-90.35350494323681, 38.73366453632395], [-90.35908566820065, 38.73829566025279], [-90.36466711306467, 38.742926539503976], [-90.37024927800739, 38.74755717394432]]}}, {"type": "Feature", "properties": {"route_run_id": "stl_st_louis_downtown_airport_to_st_louis_lambert_2026-03-07_0071", "route_pair": "st_louis_downtown_airport_to_st_louis_lambert", "route_pair_label": "St. Louis Downtown Airport to St. Louis Lambert", "origin_label": "St. Louis Downtown Airport", "destination_label": "St. Louis Lambert International Airport", "origin_lat": 38.5703611, "origin_lon": -90.1550833, "destination_lat": 38.7486982, "destination_lon": -90.3700257, "traffic_date": "2026-03-07", "traffic_dataset": "March 7th - Saturday", "weight_id": "w_0071", "distance_weight": 0.1, "population_weight": 0.0, "traffic_weight": 0.4, "airspace_weight": 0.5, "path_nodes": 41, "path_node_ids": [2179, 2180, 2174, 2199, 2203, 2207, 2341, 2344, 2368, 2374, 2394, 2397, 2712, 2716, 2739, 2746, 2769, 2772, 2777, 3989, 3993, 4006, 4008, 4021, 4045, 4047, 4058, 4059, 4063, 4064, 5048, 5052, 5076, 5082, 5299, 5304, 5319, 5321, 5357, 5358, 5364], "elapsed_seconds": 0.04690259997732937, "status": "success", "failure_reason": "", "route_distance_km": 35.44496799381346, "distance_cost_sum": 39.00947947657301, "population_cost_sum": 25.09456255665406, "traffic_cost_sum": 13.271815011393638, "airspace_cost_sum": 34.4, "total_weighted_score": 26.40967395221476}, "geometry": {"type": "LineString", "coordinates": [[-90.15289905765549, 38.57128267769979], [-90.15845430205954, 38.57592253965332], [-90.16401026010618, 38.58056216167], [-90.16956693197352, 38.58520154361737], [-90.17512431783956, 38.5898406853631], [-90.18068241788241, 38.5944795867747], [-90.18624123228014, 38.59911824771971], [-90.19180076121087, 38.60375666806568], [-90.19736100485268, 38.60839484768009], [-90.20292196338367, 38.61303278643038], [-90.2084836369821, 38.617670484184025], [-90.21404602582597, 38.62230794080845], [-90.21960913009349, 38.62694515617101], [-90.22517294996291, 38.63158213013913], [-90.23073748561237, 38.63621886258013], [-90.23630273722006, 38.640855353361346], [-90.24186870496423, 38.645491602350084], [-90.24169602310592, 38.649992320172984], [-90.24726302687371, 38.65462834476206], [-90.25283074729404, 38.65926412725328], [-90.2583991845453, 38.663899667513896], [-90.26396833880578, 38.66853496541107], [-90.26953821025378, 38.673170020811966], [-90.2751087990677, 38.67780483358376], [-90.28068010542587, 38.682439403593555], [-90.28625212950666, 38.68707373070842], [-90.29182487148844, 38.69170781479548], [-90.29756780913004, 38.69184076444029], [-90.3031416661418, 38.696474344946864], [-90.30888503852013, 38.69660675247757], [-90.31446001070607, 38.70123982903419], [-90.32003570136486, 38.70587266197814], [-90.32561211067481, 38.710505251176386], [-90.33118923881437, 38.715137596495865], [-90.3367670859619, 38.719769697803464], [-90.34234565229588, 38.724401554966114], [-90.34792493799469, 38.72903316785066], [-90.35350494323681, 38.73366453632395], [-90.35908566820065, 38.73829566025279], [-90.36466711306467, 38.742926539503976], [-90.37024927800739, 38.74755717394432]]}}, {"type": "Feature", "properties": {"route_run_id": "stl_st_louis_downtown_airport_to_st_louis_lambert_2026-03-07_0186", "route_pair": "st_louis_downtown_airport_to_st_louis_lambert", "route_pair_label": "St. Louis Downtown Airport to St. Louis Lambert", "origin_label": "St. Louis Downtown Airport", "destination_label": "St. Louis Lambert International Airport", "origin_lat": 38.5703611, "origin_lon": -90.1550833, "destination_lat": 38.7486982, "destination_lon": -90.3700257, "traffic_date": "2026-03-07", "traffic_dataset": "March 7th - Saturday", "weight_id": "w_0186", "distance_weight": 0.3, "population_weight": 0.2, "traffic_weight": 0.3, "airspace_weight": 0.2, "path_nodes": 41, "path_node_ids": [2179, 2180, 2183, 2198, 2202, 2206, 2449, 2345, 2370, 2373, 2398, 2709, 2711, 2714, 2750, 2744, 2770, 2772, 2777, 3989, 3993, 4006, 4008, 4021, 4045, 4047, 4058, 4059, 4063, 4064, 5048, 5052, 5076, 5082, 5299, 5304, 5319, 5321, 5357, 5358, 5364], "elapsed_seconds": 0.016823099926114082, "status": "success", "failure_reason": "", "route_distance_km": 35.44516965599588, "distance_cost_sum": 39.00970141884611, "population_cost_sum": 23.447934484851842, "traffic_cost_sum": 13.596616574214913, "airspace_cost_sum": 34.4, "total_weighted_score": 27.351482294888676}, "geometry": {"type": "LineString", "coordinates": [[-90.15289905765549, 38.57128267769979], [-90.15845430205954, 38.57592253965332], [-90.15827684369297, 38.58042298981685], [-90.16383311905943, 38.58506262995554], [-90.16939010840554, 38.58970202998531], [-90.17494781190939, 38.59434118977373], [-90.18050622974906, 38.59898010918833], [-90.18606536210271, 38.60361878809667], [-90.19162520914848, 38.60825722636621], [-90.19718577106451, 38.612895423864465], [-90.20274704802898, 38.61753338045887], [-90.2083090402201, 38.622171096016864], [-90.21387174781604, 38.62680857040582], [-90.21943517099498, 38.631445803493165], [-90.22499930993523, 38.636082795146216], [-90.23056416481495, 38.64071954523234], [-90.2361297358124, 38.64535605361884], [-90.24169602310592, 38.649992320172984], [-90.24726302687371, 38.65462834476206], [-90.25283074729404, 38.65926412725328], [-90.2583991845453, 38.663899667513896], [-90.26396833880578, 38.66853496541107], [-90.26953821025378, 38.673170020811966], [-90.2751087990677, 38.67780483358376], [-90.28068010542587, 38.682439403593555], [-90.28625212950666, 38.68707373070842], [-90.29182487148844, 38.69170781479548], [-90.29756780913004, 38.69184076444029], [-90.3031416661418, 38.696474344946864], [-90.30888503852013, 38.69660675247757], [-90.31446001070607, 38.70123982903419], [-90.32003570136486, 38.70587266197814], [-90.32561211067481, 38.710505251176386], [-90.33118923881437, 38.715137596495865], [-90.3367670859619, 38.719769697803464], [-90.34234565229588, 38.724401554966114], [-90.34792493799469, 38.72903316785066], [-90.35350494323681, 38.73366453632395], [-90.35908566820065, 38.73829566025279], [-90.36466711306467, 38.742926539503976], [-90.37024927800739, 38.74755717394432]]}}, {"type": "Feature", "properties": {"route_run_id": "stl_st_louis_downtown_airport_to_st_louis_lambert_2026-03-07_0216", "route_pair": "st_louis_downtown_airport_to_st_louis_lambert", "route_pair_label": "St. Louis Downtown Airport to St. Louis Lambert", "origin_label": "St. Louis Downtown Airport", "destination_label": "St. Louis Lambert International Airport", "origin_lat": 38.5703611, "origin_lon": -90.1550833, "destination_lat": 38.7486982, "destination_lon": -90.3700257, "traffic_date": "2026-03-07", "traffic_dataset": "March 7th - Saturday", "weight_id": "w_0216", "distance_weight": 0.4, "population_weight": 0.1, "traffic_weight": 0.5, "airspace_weight": 0.0, "path_nodes": 42, "path_node_ids": [2179, 2180, 2172, 2176, 2200, 2204, 2317, 2340, 2346, 2371, 2391, 2395, 2708, 2712, 2716, 2739, 2746, 2769, 2772, 2777, 3989, 3993, 4006, 4008, 4021, 4045, 4047, 4058, 4059, 4063, 4064, 5048, 5052, 5076, 5082, 5299, 5304, 5319, 5321, 5357, 5358, 5364], "elapsed_seconds": 0.007034800015389919, "status": "success", "failure_reason": "", "route_distance_km": 35.81950888310027, "distance_cost_sum": 39.42168594651035, "population_cost_sum": 26.09456255665406, "traffic_cost_sum": 12.694088465651157, "airspace_cost_sum": 35.0, "total_weighted_score": 24.725174867095124}, "geometry": {"type": "LineString", "coordinates": [[-90.15289905765549, 38.57128267769979], [-90.15845430205954, 38.57592253965332], [-90.16418736160693, 38.57606168922697], [-90.16974371606538, 38.58070105309441], [-90.17530078436367, 38.58534017679984], [-90.1808585666797, 38.58997906021084], [-90.18641706319154, 38.594617703194956], [-90.1919762740773, 38.599256105619745], [-90.19753619951499, 38.60389426735269], [-90.20309683968271, 38.60853218826128], [-90.20865819475857, 38.61316986821297], [-90.21422026492066, 38.617807307075225], [-90.21978305034705, 38.62244450471542], [-90.21960913009349, 38.62694515617101], [-90.22517294996291, 38.63158213013913], [-90.23073748561237, 38.63621886258013], [-90.23630273722006, 38.640855353361346], [-90.24186870496423, 38.645491602350084], [-90.24169602310592, 38.649992320172984], [-90.24726302687371, 38.65462834476206], [-90.25283074729404, 38.65926412725328], [-90.2583991845453, 38.663899667513896], [-90.26396833880578, 38.66853496541107], [-90.26953821025378, 38.673170020811966], [-90.2751087990677, 38.67780483358376], [-90.28068010542587, 38.682439403593555], [-90.28625212950666, 38.68707373070842], [-90.29182487148844, 38.69170781479548], [-90.29756780913004, 38.69184076444029], [-90.3031416661418, 38.696474344946864], [-90.30888503852013, 38.69660675247757], [-90.31446001070607, 38.70123982903419], [-90.32003570136486, 38.70587266197814], [-90.32561211067481, 38.710505251176386], [-90.33118923881437, 38.715137596495865], [-90.3367670859619, 38.719769697803464], [-90.34234565229588, 38.724401554966114], [-90.34792493799469, 38.72903316785066], [-90.35350494323681, 38.73366453632395], [-90.35908566820065, 38.73829566025279], [-90.36466711306467, 38.742926539503976], [-90.37024927800739, 38.74755717394432]]}}, {"type": "Feature", "properties": {"route_run_id": "stl_st_louis_downtown_airport_to_st_louis_lambert_2026-03-07_0245", "route_pair": "st_louis_downtown_airport_to_st_louis_lambert", "route_pair_label": "St. Louis Downtown Airport to St. Louis Lambert", "origin_label": "St. Louis Downtown Airport", "destination_label": "St. Louis Lambert International Airport", "origin_lat": 38.5703611, "origin_lon": -90.1550833, "destination_lat": 38.7486982, "destination_lon": -90.3700257, "traffic_date": "2026-03-07", "traffic_dataset": "March 7th - Saturday", "weight_id": "w_0245", "distance_weight": 0.5, "population_weight": 0.2, "traffic_weight": 0.2, "airspace_weight": 0.1, "path_nodes": 40, "path_node_ids": [2179, 2180, 2174, 2199, 2203, 2207, 2341, 2344, 2368, 2374, 2394, 2397, 2712, 2716, 2739, 2746, 2769, 2773, 3985, 3988, 3992, 3994, 4019, 4020, 4023, 4055, 4059, 4063, 4064, 5048, 5052, 5076, 5082, 5299, 5304, 5319, 5321, 5357, 5358, 5364], "elapsed_seconds": 0.00817720009945333, "status": "success", "failure_reason": "", "route_distance_km": 35.0695243590648, "distance_cost_sum": 38.596279476875054, "population_cost_sum": 23.651108783135093, "traffic_cost_sum": 14.425692925774984, "airspace_cost_sum": 33.8, "total_weighted_score": 30.29350008021954}, "geometry": {"type": "LineString", "coordinates": [[-90.15289905765549, 38.57128267769979], [-90.15845430205954, 38.57592253965332], [-90.16401026010618, 38.58056216167], [-90.16956693197352, 38.58520154361737], [-90.17512431783956, 38.5898406853631], [-90.18068241788241, 38.5944795867747], [-90.18624123228014, 38.59911824771971], [-90.19180076121087, 38.60375666806568], [-90.19736100485268, 38.60839484768009], [-90.20292196338367, 38.61303278643038], [-90.2084836369821, 38.617670484184025], [-90.21404602582597, 38.62230794080845], [-90.21960913009349, 38.62694515617101], [-90.22517294996291, 38.63158213013913], [-90.23073748561237, 38.63621886258013], [-90.23630273722006, 38.640855353361346], [-90.24186870496423, 38.645491602350084], [-90.24743538902311, 38.65012760941361], [-90.25300278957496, 38.654763374419176], [-90.25857090679797, 38.65939889723403], [-90.26413974087053, 38.66403417772537], [-90.26970929197084, 38.66866921576039], [-90.27527956027723, 38.67330401120623], [-90.28085054596801, 38.677938563930056], [-90.28642224922152, 38.68257287379895], [-90.29199467021606, 38.68720694068001], [-90.29756780913004, 38.69184076444029], [-90.3031416661418, 38.696474344946864], [-90.30888503852013, 38.69660675247757], [-90.31446001070607, 38.70123982903419], [-90.32003570136486, 38.70587266197814], [-90.32561211067481, 38.710505251176386], [-90.33118923881437, 38.715137596495865], [-90.3367670859619, 38.719769697803464], [-90.34234565229588, 38.724401554966114], [-90.34792493799469, 38.72903316785066], [-90.35350494323681, 38.73366453632395], [-90.35908566820065, 38.73829566025279], [-90.36466711306467, 38.742926539503976], [-90.37024927800739, 38.74755717394432]]}}, {"type": "Feature", "properties": {"route_run_id": "stl_st_louis_downtown_airport_to_st_louis_lambert_2026-03-07_0001", "route_pair": "st_louis_downtown_airport_to_st_louis_lambert", "route_pair_label": "St. Louis Downtown Airport to St. Louis Lambert", "origin_label": "St. Louis Downtown Airport", "destination_label": "St. Louis Lambert International Airport", "origin_lat": 38.5703611, "origin_lon": -90.1550833, "destination_lat": 38.7486982, "destination_lon": -90.3700257, "traffic_date": "2026-03-07", "traffic_dataset": "March 7th - Saturday", "weight_id": "w_0001", "distance_weight": 0.0, "population_weight": 0.0, "traffic_weight": 0.0, "airspace_weight": 1.0, "path_nodes": 40, "path_node_ids": [2179, 2147, 2172, 2176, 2200, 2204, 2317, 2340, 2346, 2371, 2391, 2395, 2708, 2713, 2738, 2741, 2745, 2747, 2684, 2687, 3987, 3990, 4016, 4017, 4022, 4029, 4034, 4060, 4064, 5048, 5052, 5076, 5082, 5299, 5304, 5319, 5321, 5357, 5358, 5364], "elapsed_seconds": 0.039620500057935715, "status": "success", "failure_reason": "", "route_distance_km": 35.06847425714207, "distance_cost_sum": 38.5951237717998, "population_cost_sum": 26.02381511715049, "traffic_cost_sum": 16.149378808043295, "airspace_cost_sum": 33.4, "total_weighted_score": 33.4}, "geometry": {"type": "LineString", "coordinates": [[-90.15289905765549, 38.57128267769979], [-90.15863172081019, 38.571422085329914], [-90.16418736160693, 38.57606168922697], [-90.16974371606538, 38.58070105309441], [-90.17530078436367, 38.58534017679984], [-90.1808585666797, 38.58997906021084], [-90.18641706319154, 38.594617703194956], [-90.1919762740773, 38.599256105619745], [-90.19753619951499, 38.60389426735269], [-90.20309683968271, 38.60853218826128], [-90.20865819475857, 38.61316986821297], [-90.21422026492066, 38.617807307075225], [-90.21978305034705, 38.62244450471542], [-90.22534655121595, 38.62708146100096], [-90.2309107677055, 38.63171817579922], [-90.2364756999938, 38.63635464897752], [-90.2420413482591, 38.64099088040321], [-90.24760771267954, 38.645626869943555], [-90.25317479343335, 38.65026261746583], [-90.25874259069872, 38.654898122837295], [-90.26431110465388, 38.659533385925144], [-90.26988033547711, 38.664168406596616], [-90.27545028334664, 38.66880318471887], [-90.28102094844074, 38.67343772015905], [-90.28659233093768, 38.67807201278429], [-90.29216443101578, 38.68270606246168], [-90.29773724885335, 38.68733986905835], [-90.30331078462868, 38.69197343244128], [-90.30888503852013, 38.69660675247757], [-90.31446001070607, 38.70123982903419], [-90.32003570136486, 38.70587266197814], [-90.32561211067481, 38.710505251176386], [-90.33118923881437, 38.715137596495865], [-90.3367670859619, 38.719769697803464], [-90.34234565229588, 38.724401554966114], [-90.34792493799469, 38.72903316785066], [-90.35350494323681, 38.73366453632395], [-90.35908566820065, 38.73829566025279], [-90.36466711306467, 38.742926539503976], [-90.37024927800739, 38.74755717394432]]}}, {"type": "Feature", "properties": {"route_run_id": "stl_st_louis_downtown_airport_to_st_louis_lambert_2026-03-07_0230", "route_pair": "st_louis_downtown_airport_to_st_louis_lambert", "route_pair_label": "St. Louis Downtown Airport to St. Louis Lambert", "origin_label": "St. Louis Downtown Airport", "destination_label": "St. Louis Lambert International Airport", "origin_lat": 38.5703611, "origin_lon": -90.1550833, "destination_lat": 38.7486982, "destination_lon": -90.3700257, "traffic_date": "2026-03-07", "traffic_dataset": "March 7th - Saturday", "weight_id": "w_0230", "distance_weight": 0.4, "population_weight": 0.5, "traffic_weight": 0.1, "airspace_weight": 0.0, "path_nodes": 55, "path_node_ids": [2179, 2180, 2183, 2186, 2419, 2423, 2448, 2453, 2455, 2478, 2482, 2483, 2487, 2811, 2812, 2816, 2858, 2863, 2864, 2889, 3896, 3898, 3901, 3927, 3946, 3949, 3953, 3966, 3944, 3977, 3976, 3941, 4043, 4042, 4041, 4040, 4046, 4050, 4053, 4076, 4075, 4082, 4084, 5080, 5084, 5310, 5311, 5337, 5320, 5322, 5323, 5346, 5357, 5358, 5364], "elapsed_seconds": 0.011010300018824637, "status": "success", "failure_reason": "", "route_distance_km": 41.23669349461536, "distance_cost_sum": 45.383647936731, "population_cost_sum": 9.377451993039168, "traffic_cost_sum": 36.22154872615448, "airspace_cost_sum": 44.8, "total_weighted_score": 26.464340043827434}, "geometry": {"type": "LineString", "coordinates": [[-90.15289905765549, 38.57128267769979], [-90.15845430205954, 38.57592253965332], [-90.15827684369297, 38.58042298981685], [-90.1580993457009, 38.58492343582021], [-90.15792180807382, 38.58942387766302], [-90.16347871828971, 38.59406355405304], [-90.1690363428032, 38.598702990254786], [-90.16885940074975, 38.60320346415569], [-90.17441805758689, 38.60784267808668], [-90.174241393937, 38.61234316588366], [-90.17406469083332, 38.61684364952644], [-90.17388794826633, 38.621344129014695], [-90.17371116622648, 38.62584460434813], [-90.17353434470424, 38.6303450755264], [-90.17335748369, 38.63484554254923], [-90.17318058317427, 38.63934600541629], [-90.17300364314747, 38.64384646412727], [-90.17856556137721, 38.64848558173427], [-90.17838890046788, 38.65298605432084], [-90.17821220009857, 38.65748652275311], [-90.18377547226044, 38.66212543540375], [-90.18933946118675, 38.666764106898924], [-90.19490416705614, 38.67140253710589], [-90.20046959004746, 38.676040725891895], [-90.20603573033937, 38.68067867312418], [-90.21160258811075, 38.68531637866994], [-90.2171701635404, 38.68995384239636], [-90.2229126017605, 38.690090452895454], [-90.22865507887754, 38.69022678182468], [-90.23439759481155, 38.69036282917826], [-90.24014014948251, 38.69049859495047], [-90.24605541323987, 38.68613337677085], [-90.2517976862147, 38.68626855773688], [-90.25753999767723, 38.686403457149304], [-90.26328234754749, 38.686538075002424], [-90.26902473574555, 38.686672411290566], [-90.27476716219141, 38.68680646600806], [-90.28033911009649, 38.69144107059682], [-90.28591177604412, 38.696075432210684], [-90.29148516021279, 38.700709550716724], [-90.297228816103, 38.700842542902386], [-90.30280331580018, 38.70547615766316], [-90.30837853409372, 38.710109528957155], [-90.31395447116216, 38.71474265665128], [-90.31378588266769, 38.71924359100243], [-90.31936286061908, 38.72387649197406], [-90.32494055786266, 38.72850914903958], [-90.330518974577, 38.7331415620659], [-90.33626541075455, 38.733272728767844], [-90.3420118843105, 38.73340361338185], [-90.34775839516463, 38.73353421590239], [-90.35333872308522, 38.73816560113835], [-90.35908566820065, 38.73829566025279], [-90.36466711306467, 38.742926539503976], [-90.37024927800739, 38.74755717394432]]}}, {"type": "Feature", "properties": {"route_run_id": "stl_st_louis_downtown_airport_to_st_louis_lambert_2026-03-07_0081", "route_pair": "st_louis_downtown_airport_to_st_louis_lambert", "route_pair_label": "St. Louis Downtown Airport to St. Louis Lambert", "origin_label": "St. Louis Downtown Airport", "destination_label": "St. Louis Lambert International Airport", "origin_lat": 38.5703611, "origin_lon": -90.1550833, "destination_lat": 38.7486982, "destination_lon": -90.3700257, "traffic_date": "2026-03-07", "traffic_dataset": "March 7th - Saturday", "weight_id": "w_0081", "distance_weight": 0.1, "population_weight": 0.1, "traffic_weight": 0.4, "airspace_weight": 0.4, "path_nodes": 41, "path_node_ids": [2179, 2180, 2183, 2198, 2202, 2206, 2449, 2345, 2370, 2373, 2398, 2709, 2711, 2714, 2750, 2744, 2770, 2772, 2777, 3989, 3993, 4006, 4008, 4021, 4045, 4047, 4058, 4059, 4063, 4064, 5048, 5052, 5076, 5082, 5299, 5304, 5319, 5321, 5357, 5358, 5364], "elapsed_seconds": 0.048357299994677305, "status": "success", "failure_reason": "", "route_distance_km": 35.44516965599588, "distance_cost_sum": 39.00970141884611, "population_cost_sum": 23.447934484851842, "traffic_cost_sum": 13.596616574214913, "airspace_cost_sum": 34.4, "total_weighted_score": 25.444410220055765}, "geometry": {"type": "LineString", "coordinates": [[-90.15289905765549, 38.57128267769979], [-90.15845430205954, 38.57592253965332], [-90.15827684369297, 38.58042298981685], [-90.16383311905943, 38.58506262995554], [-90.16939010840554, 38.58970202998531], [-90.17494781190939, 38.59434118977373], [-90.18050622974906, 38.59898010918833], [-90.18606536210271, 38.60361878809667], [-90.19162520914848, 38.60825722636621], [-90.19718577106451, 38.612895423864465], [-90.20274704802898, 38.61753338045887], [-90.2083090402201, 38.622171096016864], [-90.21387174781604, 38.62680857040582], [-90.21943517099498, 38.631445803493165], [-90.22499930993523, 38.636082795146216], [-90.23056416481495, 38.64071954523234], [-90.2361297358124, 38.64535605361884], [-90.24169602310592, 38.649992320172984], [-90.24726302687371, 38.65462834476206], [-90.25283074729404, 38.65926412725328], [-90.2583991845453, 38.663899667513896], [-90.26396833880578, 38.66853496541107], [-90.26953821025378, 38.673170020811966], [-90.2751087990677, 38.67780483358376], [-90.28068010542587, 38.682439403593555], [-90.28625212950666, 38.68707373070842], [-90.29182487148844, 38.69170781479548], [-90.29756780913004, 38.69184076444029], [-90.3031416661418, 38.696474344946864], [-90.30888503852013, 38.69660675247757], [-90.31446001070607, 38.70123982903419], [-90.32003570136486, 38.70587266197814], [-90.32561211067481, 38.710505251176386], [-90.33118923881437, 38.715137596495865], [-90.3367670859619, 38.719769697803464], [-90.34234565229588, 38.724401554966114], [-90.34792493799469, 38.72903316785066], [-90.35350494323681, 38.73366453632395], [-90.35908566820065, 38.73829566025279], [-90.36466711306467, 38.742926539503976], [-90.37024927800739, 38.74755717394432]]}}, {"type": "Feature", "properties": {"route_run_id": "stl_st_louis_downtown_airport_to_st_louis_lambert_2026-03-07_0104", "route_pair": "st_louis_downtown_airport_to_st_louis_lambert", "route_pair_label": "St. Louis Downtown Airport to St. Louis Lambert", "origin_label": "St. Louis Downtown Airport", "destination_label": "St. Louis Lambert International Airport", "origin_lat": 38.5703611, "origin_lon": -90.1550833, "destination_lat": 38.7486982, "destination_lon": -90.3700257, "traffic_date": "2026-03-07", "traffic_dataset": "March 7th - Saturday", "weight_id": "w_0104", "distance_weight": 0.1, "population_weight": 0.4, "traffic_weight": 0.3, "airspace_weight": 0.2, "path_nodes": 41, "path_node_ids": [2179, 2180, 2183, 2198, 2202, 2206, 2449, 2345, 2370, 2373, 2398, 2709, 2711, 2714, 2750, 2744, 2770, 2772, 2777, 3989, 3993, 4006, 3994, 4019, 4020, 4023, 4055, 4059, 4063, 4064, 5048, 5052, 5076, 5082, 5299, 5304, 5319, 5321, 5357, 5358, 5364], "elapsed_seconds": 0.04874300002120435, "status": "success", "failure_reason": "", "route_distance_km": 35.444974610774196, "distance_cost_sum": 39.00948675896621, "population_cost_sum": 22.999382459977298, "traffic_cost_sum": 13.969149855183435, "airspace_cost_sum": 34.4, "total_weighted_score": 24.171446616442573}, "geometry": {"type": "LineString", "coordinates": [[-90.15289905765549, 38.57128267769979], [-90.15845430205954, 38.57592253965332], [-90.15827684369297, 38.58042298981685], [-90.16383311905943, 38.58506262995554], [-90.16939010840554, 38.58970202998531], [-90.17494781190939, 38.59434118977373], [-90.18050622974906, 38.59898010918833], [-90.18606536210271, 38.60361878809667], [-90.19162520914848, 38.60825722636621], [-90.19718577106451, 38.612895423864465], [-90.20274704802898, 38.61753338045887], [-90.2083090402201, 38.622171096016864], [-90.21387174781604, 38.62680857040582], [-90.21943517099498, 38.631445803493165], [-90.22499930993523, 38.636082795146216], [-90.23056416481495, 38.64071954523234], [-90.2361297358124, 38.64535605361884], [-90.24169602310592, 38.649992320172984], [-90.24726302687371, 38.65462834476206], [-90.25283074729404, 38.65926412725328], [-90.2583991845453, 38.663899667513896], [-90.26396833880578, 38.66853496541107], [-90.26970929197084, 38.66866921576039], [-90.27527956027723, 38.67330401120623], [-90.28085054596801, 38.677938563930056], [-90.28642224922152, 38.68257287379895], [-90.29199467021606, 38.68720694068001], [-90.29756780913004, 38.69184076444029], [-90.3031416661418, 38.696474344946864], [-90.30888503852013, 38.69660675247757], [-90.31446001070607, 38.70123982903419], [-90.32003570136486, 38.70587266197814], [-90.32561211067481, 38.710505251176386], [-90.33118923881437, 38.715137596495865], [-90.3367670859619, 38.719769697803464], [-90.34234565229588, 38.724401554966114], [-90.34792493799469, 38.72903316785066], [-90.35350494323681, 38.73366453632395], [-90.35908566820065, 38.73829566025279], [-90.36466711306467, 38.742926539503976], [-90.37024927800739, 38.74755717394432]]}}, {"type": "Feature", "properties": {"route_run_id": "stl_st_louis_downtown_airport_to_st_louis_lambert_2026-03-07_0074", "route_pair": "st_louis_downtown_airport_to_st_louis_lambert", "route_pair_label": "St. Louis Downtown Airport to St. Louis Lambert", "origin_label": "St. Louis Downtown Airport", "destination_label": "St. Louis Lambert International Airport", "origin_lat": 38.5703611, "origin_lon": -90.1550833, "destination_lat": 38.7486982, "destination_lon": -90.3700257, "traffic_date": "2026-03-07", "traffic_dataset": "March 7th - Saturday", "weight_id": "w_0074", "distance_weight": 0.1, "population_weight": 0.0, "traffic_weight": 0.7, "airspace_weight": 0.2, "path_nodes": 51, "path_node_ids": [2179, 2180, 2172, 2176, 2200, 2204, 2317, 2340, 2346, 2371, 2391, 2389, 2388, 2390, 2382, 2383, 2384, 2381, 3291, 3294, 3295, 2619, 2622, 2624, 2625, 2639, 2645, 2646, 2660, 2666, 3746, 3749, 3773, 3776, 4996, 4999, 5001, 5026, 5031, 5046, 5050, 5052, 5076, 5082, 5299, 5304, 5319, 5321, 5357, 5358, 5364], "elapsed_seconds": 0.03359530004672706, "status": "success", "failure_reason": "", "route_distance_km": 40.78001938815905, "distance_cost_sum": 44.88104854980538, "population_cost_sum": 34.02474759021417, "traffic_cost_sum": 9.203870950645104, "airspace_cost_sum": 41.6, "total_weighted_score": 19.250814520432115}, "geometry": {"type": "LineString", "coordinates": [[-90.15289905765549, 38.57128267769979], [-90.15845430205954, 38.57592253965332], [-90.16418736160693, 38.57606168922697], [-90.16974371606538, 38.58070105309441], [-90.17530078436367, 38.58534017679984], [-90.1808585666797, 38.58997906021084], [-90.18641706319154, 38.594617703194956], [-90.1919762740773, 38.599256105619745], [-90.19753619951499, 38.60389426735269], [-90.20309683968271, 38.60853218826128], [-90.20865819475857, 38.61316986821297], [-90.21439446510948, 38.61330666920645], [-90.22013077435682, 38.613443189405075], [-90.22586712242094, 38.61357942880305], [-90.2316035092222, 38.613715387394656], [-90.2371671649366, 38.61835179018503], [-90.24290398660771, 38.61848720882003], [-90.24881290125248, 38.614121578273846], [-90.25454944220584, 38.61425641358266], [-90.26011468234759, 38.61889177949167], [-90.26585165757079, 38.619026074618795], [-90.27158867098281, 38.61916008885477], [-90.27715541836658, 38.623794693869755], [-90.28272288137876, 38.6284290566021], [-90.28846072453517, 38.62856227076729], [-90.29402929919887, 38.633196131358105], [-90.29959858986506, 38.63782974930801], [-90.30516859671155, 38.64246312448426], [-90.30499989326923, 38.646964082050346], [-90.31057093709157, 38.65159723137826], [-90.31614269760959, 38.65623013762685], [-90.32171517500115, 38.66086280066329], [-90.32728836944425, 38.66549522035468], [-90.32137958035169, 38.66986480563971], [-90.32121172679417, 38.674365801995194], [-90.32104383573602, 38.678866794261786], [-90.32087590716817, 38.68336778243918], [-90.32070794108151, 38.68786876652711], [-90.32053993746693, 38.69236974652525], [-90.32611538157217, 38.69700228484725], [-90.32020381761771, 38.70137169425106], [-90.32003570136486, 38.70587266197814], [-90.32561211067481, 38.710505251176386], [-90.33118923881437, 38.715137596495865], [-90.3367670859619, 38.719769697803464], [-90.34234565229588, 38.724401554966114], [-90.34792493799469, 38.72903316785066], [-90.35350494323681, 38.73366453632395], [-90.35908566820065, 38.73829566025279], [-90.36466711306467, 38.742926539503976], [-90.37024927800739, 38.74755717394432]]}}, {"type": "Feature", "properties": {"route_run_id": "stl_st_louis_downtown_airport_to_st_louis_lambert_2026-03-07_0022", "route_pair": "st_louis_downtown_airport_to_st_louis_lambert", "route_pair_label": "St. Louis Downtown Airport to St. Louis Lambert", "origin_label": "St. Louis Downtown Airport", "destination_label": "St. Louis Lambert International Airport", "origin_lat": 38.5703611, "origin_lon": -90.1550833, "destination_lat": 38.7486982, "destination_lon": -90.3700257, "traffic_date": "2026-03-07", "traffic_dataset": "March 7th - Saturday", "weight_id": "w_0022", "distance_weight": 0.0, "population_weight": 0.2, "traffic_weight": 0.0, "airspace_weight": 0.8, "path_nodes": 40, "path_node_ids": [2179, 2180, 2174, 2199, 2203, 2207, 2341, 2344, 2368, 2374, 2394, 2397, 2712, 2716, 2739, 2746, 2769, 2773, 3985, 3988, 3992, 3994, 4019, 4017, 4022, 4029, 4034, 4060, 4064, 5048, 5052, 5076, 5082, 5299, 5304, 5319, 5321, 5357, 5358, 5364], "elapsed_seconds": 0.043951300089247525, "status": "success", "failure_reason": "", "route_distance_km": 35.06932923764436, "distance_cost_sum": 38.59606473313351, "population_cost_sum": 24.787572976016946, "traffic_cost_sum": 15.41417932224777, "airspace_cost_sum": 33.4, "total_weighted_score": 31.677514595203395}, "geometry": {"type": "LineString", "coordinates": [[-90.15289905765549, 38.57128267769979], [-90.15845430205954, 38.57592253965332], [-90.16401026010618, 38.58056216167], [-90.16956693197352, 38.58520154361737], [-90.17512431783956, 38.5898406853631], [-90.18068241788241, 38.5944795867747], [-90.18624123228014, 38.59911824771971], [-90.19180076121087, 38.60375666806568], [-90.19736100485268, 38.60839484768009], [-90.20292196338367, 38.61303278643038], [-90.2084836369821, 38.617670484184025], [-90.21404602582597, 38.62230794080845], [-90.21960913009349, 38.62694515617101], [-90.22517294996291, 38.63158213013913], [-90.23073748561237, 38.63621886258013], [-90.23630273722006, 38.640855353361346], [-90.24186870496423, 38.645491602350084], [-90.24743538902311, 38.65012760941361], [-90.25300278957496, 38.654763374419176], [-90.25857090679797, 38.65939889723403], [-90.26413974087053, 38.66403417772537], [-90.26970929197084, 38.66866921576039], [-90.27527956027723, 38.67330401120623], [-90.28102094844074, 38.67343772015905], [-90.28659233093768, 38.67807201278429], [-90.29216443101578, 38.68270606246168], [-90.29773724885335, 38.68733986905835], [-90.30331078462868, 38.69197343244128], [-90.30888503852013, 38.69660675247757], [-90.31446001070607, 38.70123982903419], [-90.32003570136486, 38.70587266197814], [-90.32561211067481, 38.710505251176386], [-90.33118923881437, 38.715137596495865], [-90.3367670859619, 38.719769697803464], [-90.34234565229588, 38.724401554966114], [-90.34792493799469, 38.72903316785066], [-90.35350494323681, 38.73366453632395], [-90.35908566820065, 38.73829566025279], [-90.36466711306467, 38.742926539503976], [-90.37024927800739, 38.74755717394432]]}}, {"type": "Feature", "properties": {"route_run_id": "stl_st_louis_downtown_airport_to_st_louis_lambert_2026-03-07_0208", "route_pair": "st_louis_downtown_airport_to_st_louis_lambert", "route_pair_label": "St. Louis Downtown Airport to St. Louis Lambert", "origin_label": "St. Louis Downtown Airport", "destination_label": "St. Louis Lambert International Airport", "origin_lat": 38.5703611, "origin_lon": -90.1550833, "destination_lat": 38.7486982, "destination_lon": -90.3700257, "traffic_date": "2026-03-07", "traffic_dataset": "March 7th - Saturday", "weight_id": "w_0208", "distance_weight": 0.4, "population_weight": 0.0, "traffic_weight": 0.4, "airspace_weight": 0.2, "path_nodes": 41, "path_node_ids": [2179, 2180, 2174, 2199, 2203, 2207, 2341, 2344, 2368, 2374, 2394, 2397, 2712, 2716, 2739, 2746, 2769, 2772, 2777, 3989, 3993, 4006, 4008, 4021, 4045, 4047, 4058, 4059, 4063, 4064, 5048, 5052, 5076, 5082, 5299, 5304, 5319, 5321, 5357, 5358, 5364], "elapsed_seconds": 0.008656300022266805, "status": "success", "failure_reason": "", "route_distance_km": 35.44496799381346, "distance_cost_sum": 39.00947947657301, "population_cost_sum": 25.09456255665406, "traffic_cost_sum": 13.271815011393638, "airspace_cost_sum": 34.4, "total_weighted_score": 27.792517795186665}, "geometry": {"type": "LineString", "coordinates": [[-90.15289905765549, 38.57128267769979], [-90.15845430205954, 38.57592253965332], [-90.16401026010618, 38.58056216167], [-90.16956693197352, 38.58520154361737], [-90.17512431783956, 38.5898406853631], [-90.18068241788241, 38.5944795867747], [-90.18624123228014, 38.59911824771971], [-90.19180076121087, 38.60375666806568], [-90.19736100485268, 38.60839484768009], [-90.20292196338367, 38.61303278643038], [-90.2084836369821, 38.617670484184025], [-90.21404602582597, 38.62230794080845], [-90.21960913009349, 38.62694515617101], [-90.22517294996291, 38.63158213013913], [-90.23073748561237, 38.63621886258013], [-90.23630273722006, 38.640855353361346], [-90.24186870496423, 38.645491602350084], [-90.24169602310592, 38.649992320172984], [-90.24726302687371, 38.65462834476206], [-90.25283074729404, 38.65926412725328], [-90.2583991845453, 38.663899667513896], [-90.26396833880578, 38.66853496541107], [-90.26953821025378, 38.673170020811966], [-90.2751087990677, 38.67780483358376], [-90.28068010542587, 38.682439403593555], [-90.28625212950666, 38.68707373070842], [-90.29182487148844, 38.69170781479548], [-90.29756780913004, 38.69184076444029], [-90.3031416661418, 38.696474344946864], [-90.30888503852013, 38.69660675247757], [-90.31446001070607, 38.70123982903419], [-90.32003570136486, 38.70587266197814], [-90.32561211067481, 38.710505251176386], [-90.33118923881437, 38.715137596495865], [-90.3367670859619, 38.719769697803464], [-90.34234565229588, 38.724401554966114], [-90.34792493799469, 38.72903316785066], [-90.35350494323681, 38.73366453632395], [-90.35908566820065, 38.73829566025279], [-90.36466711306467, 38.742926539503976], [-90.37024927800739, 38.74755717394432]]}}, {"type": "Feature", "properties": {"route_run_id": "stl_st_louis_downtown_airport_to_st_louis_lambert_2026-03-07_0032", "route_pair": "st_louis_downtown_airport_to_st_louis_lambert", "route_pair_label": "St. Louis Downtown Airport to St. Louis Lambert", "origin_label": "St. Louis Downtown Airport", "destination_label": "St. Louis Lambert International Airport", "origin_lat": 38.5703611, "origin_lon": -90.1550833, "destination_lat": 38.7486982, "destination_lon": -90.3700257, "traffic_date": "2026-03-07", "traffic_dataset": "March 7th - Saturday", "weight_id": "w_0032", "distance_weight": 0.0, "population_weight": 0.3, "traffic_weight": 0.1, "airspace_weight": 0.6, "path_nodes": 41, "path_node_ids": [2179, 2180, 2183, 2198, 2202, 2206, 2449, 2345, 2370, 2373, 2398, 2709, 2711, 2714, 2750, 2744, 2770, 2772, 2777, 3989, 3993, 4006, 4008, 4021, 4045, 4047, 4058, 4062, 4077, 4079, 5077, 5081, 5083, 5308, 5316, 5322, 5323, 5346, 5357, 5358, 5364], "elapsed_seconds": 0.04232209990732372, "status": "success", "failure_reason": "", "route_distance_km": 35.445873467048145, "distance_cost_sum": 39.010476008424035, "population_cost_sum": 21.248540131475806, "traffic_cost_sum": 17.68537922249981, "airspace_cost_sum": 34.4, "total_weighted_score": 28.783099961692727}, "geometry": {"type": "LineString", "coordinates": [[-90.15289905765549, 38.57128267769979], [-90.15845430205954, 38.57592253965332], [-90.15827684369297, 38.58042298981685], [-90.16383311905943, 38.58506262995554], [-90.16939010840554, 38.58970202998531], [-90.17494781190939, 38.59434118977373], [-90.18050622974906, 38.59898010918833], [-90.18606536210271, 38.60361878809667], [-90.19162520914848, 38.60825722636621], [-90.19718577106451, 38.612895423864465], [-90.20274704802898, 38.61753338045887], [-90.2083090402201, 38.622171096016864], [-90.21387174781604, 38.62680857040582], [-90.21943517099498, 38.631445803493165], [-90.22499930993523, 38.636082795146216], [-90.23056416481495, 38.64071954523234], [-90.2361297358124, 38.64535605361884], [-90.24169602310592, 38.649992320172984], [-90.24726302687371, 38.65462834476206], [-90.25283074729404, 38.65926412725328], [-90.2583991845453, 38.663899667513896], [-90.26396833880578, 38.66853496541107], [-90.26953821025378, 38.673170020811966], [-90.2751087990677, 38.67780483358376], [-90.28068010542587, 38.682439403593555], [-90.28625212950666, 38.68707373070842], [-90.29182487148844, 38.69170781479548], [-90.29739833154962, 38.69634165572174], [-90.30297250986867, 38.70097525335427], [-90.30854740662397, 38.70560860756003], [-90.31412302199392, 38.71024171820601], [-90.31969935615703, 38.71487458515916], [-90.32527640929177, 38.719507208286444], [-90.33085418157658, 38.72413958745472], [-90.33643267319002, 38.72877172253092], [-90.3420118843105, 38.73340361338185], [-90.34775839516463, 38.73353421590239], [-90.35333872308522, 38.73816560113835], [-90.35908566820065, 38.73829566025279], [-90.36466711306467, 38.742926539503976], [-90.37024927800739, 38.74755717394432]]}}, {"type": "Feature", "properties": {"route_run_id": "stl_st_louis_downtown_airport_to_st_louis_lambert_2026-03-07_0212", "route_pair": "st_louis_downtown_airport_to_st_louis_lambert", "route_pair_label": "St. Louis Downtown Airport to St. Louis Lambert", "origin_label": "St. Louis Downtown Airport", "destination_label": "St. Louis Lambert International Airport", "origin_lat": 38.5703611, "origin_lon": -90.1550833, "destination_lat": 38.7486982, "destination_lon": -90.3700257, "traffic_date": "2026-03-07", "traffic_dataset": "March 7th - Saturday", "weight_id": "w_0212", "distance_weight": 0.4, "population_weight": 0.1, "traffic_weight": 0.1, "airspace_weight": 0.4, "path_nodes": 40, "path_node_ids": [2179, 2180, 2174, 2199, 2203, 2207, 2341, 2344, 2368, 2374, 2394, 2397, 2712, 2716, 2739, 2746, 2769, 2773, 3985, 3988, 3992, 3994, 4019, 4020, 4023, 4055, 4059, 4063, 4064, 5048, 5052, 5076, 5082, 5299, 5304, 5319, 5321, 5357, 5358, 5364], "elapsed_seconds": 0.013660699944011867, "status": "success", "failure_reason": "", "route_distance_km": 35.0695243590648, "distance_cost_sum": 38.596279476875054, "population_cost_sum": 23.651108783135093, "traffic_cost_sum": 14.425692925774984, "airspace_cost_sum": 33.8, "total_weighted_score": 32.76619196164103}, "geometry": {"type": "LineString", "coordinates": [[-90.15289905765549, 38.57128267769979], [-90.15845430205954, 38.57592253965332], [-90.16401026010618, 38.58056216167], [-90.16956693197352, 38.58520154361737], [-90.17512431783956, 38.5898406853631], [-90.18068241788241, 38.5944795867747], [-90.18624123228014, 38.59911824771971], [-90.19180076121087, 38.60375666806568], [-90.19736100485268, 38.60839484768009], [-90.20292196338367, 38.61303278643038], [-90.2084836369821, 38.617670484184025], [-90.21404602582597, 38.62230794080845], [-90.21960913009349, 38.62694515617101], [-90.22517294996291, 38.63158213013913], [-90.23073748561237, 38.63621886258013], [-90.23630273722006, 38.640855353361346], [-90.24186870496423, 38.645491602350084], [-90.24743538902311, 38.65012760941361], [-90.25300278957496, 38.654763374419176], [-90.25857090679797, 38.65939889723403], [-90.26413974087053, 38.66403417772537], [-90.26970929197084, 38.66866921576039], [-90.27527956027723, 38.67330401120623], [-90.28085054596801, 38.677938563930056], [-90.28642224922152, 38.68257287379895], [-90.29199467021606, 38.68720694068001], [-90.29756780913004, 38.69184076444029], [-90.3031416661418, 38.696474344946864], [-90.30888503852013, 38.69660675247757], [-90.31446001070607, 38.70123982903419], [-90.32003570136486, 38.70587266197814], [-90.32561211067481, 38.710505251176386], [-90.33118923881437, 38.715137596495865], [-90.3367670859619, 38.719769697803464], [-90.34234565229588, 38.724401554966114], [-90.34792493799469, 38.72903316785066], [-90.35350494323681, 38.73366453632395], [-90.35908566820065, 38.73829566025279], [-90.36466711306467, 38.742926539503976], [-90.37024927800739, 38.74755717394432]]}}, {"type": "Feature", "properties": {"route_run_id": "stl_st_louis_downtown_airport_to_st_louis_lambert_2026-03-07_0087", "route_pair": "st_louis_downtown_airport_to_st_louis_lambert", "route_pair_label": "St. Louis Downtown Airport to St. Louis Lambert", "origin_label": "St. Louis Downtown Airport", "destination_label": "St. Louis Lambert International Airport", "origin_lat": 38.5703611, "origin_lon": -90.1550833, "destination_lat": 38.7486982, "destination_lon": -90.3700257, "traffic_date": "2026-03-07", "traffic_dataset": "March 7th - Saturday", "weight_id": "w_0087", "distance_weight": 0.1, "population_weight": 0.2, "traffic_weight": 0.1, "airspace_weight": 0.6, "path_nodes": 40, "path_node_ids": [2179, 2180, 2174, 2199, 2203, 2207, 2341, 2344, 2368, 2374, 2394, 2397, 2712, 2716, 2739, 2746, 2769, 2773, 3985, 3988, 3992, 3994, 4019, 4020, 4023, 4055, 4059, 4063, 4064, 5048, 5052, 5076, 5082, 5299, 5304, 5319, 5321, 5357, 5358, 5364], "elapsed_seconds": 0.048777899937704206, "status": "success", "failure_reason": "", "route_distance_km": 35.0695243590648, "distance_cost_sum": 38.596279476875054, "population_cost_sum": 23.651108783135093, "traffic_cost_sum": 14.425692925774984, "airspace_cost_sum": 33.8, "total_weighted_score": 30.31241899689202}, "geometry": {"type": "LineString", "coordinates": [[-90.15289905765549, 38.57128267769979], [-90.15845430205954, 38.57592253965332], [-90.16401026010618, 38.58056216167], [-90.16956693197352, 38.58520154361737], [-90.17512431783956, 38.5898406853631], [-90.18068241788241, 38.5944795867747], [-90.18624123228014, 38.59911824771971], [-90.19180076121087, 38.60375666806568], [-90.19736100485268, 38.60839484768009], [-90.20292196338367, 38.61303278643038], [-90.2084836369821, 38.617670484184025], [-90.21404602582597, 38.62230794080845], [-90.21960913009349, 38.62694515617101], [-90.22517294996291, 38.63158213013913], [-90.23073748561237, 38.63621886258013], [-90.23630273722006, 38.640855353361346], [-90.24186870496423, 38.645491602350084], [-90.24743538902311, 38.65012760941361], [-90.25300278957496, 38.654763374419176], [-90.25857090679797, 38.65939889723403], [-90.26413974087053, 38.66403417772537], [-90.26970929197084, 38.66866921576039], [-90.27527956027723, 38.67330401120623], [-90.28085054596801, 38.677938563930056], [-90.28642224922152, 38.68257287379895], [-90.29199467021606, 38.68720694068001], [-90.29756780913004, 38.69184076444029], [-90.3031416661418, 38.696474344946864], [-90.30888503852013, 38.69660675247757], [-90.31446001070607, 38.70123982903419], [-90.32003570136486, 38.70587266197814], [-90.32561211067481, 38.710505251176386], [-90.33118923881437, 38.715137596495865], [-90.3367670859619, 38.719769697803464], [-90.34234565229588, 38.724401554966114], [-90.34792493799469, 38.72903316785066], [-90.35350494323681, 38.73366453632395], [-90.35908566820065, 38.73829566025279], [-90.36466711306467, 38.742926539503976], [-90.37024927800739, 38.74755717394432]]}}, {"type": "Feature", "properties": {"route_run_id": "stl_st_louis_downtown_airport_to_st_louis_lambert_2026-03-07_0092", "route_pair": "st_louis_downtown_airport_to_st_louis_lambert", "route_pair_label": "St. Louis Downtown Airport to St. Louis Lambert", "origin_label": "St. Louis Downtown Airport", "destination_label": "St. Louis Lambert International Airport", "origin_lat": 38.5703611, "origin_lon": -90.1550833, "destination_lat": 38.7486982, "destination_lon": -90.3700257, "traffic_date": "2026-03-07", "traffic_dataset": "March 7th - Saturday", "weight_id": "w_0092", "distance_weight": 0.1, "population_weight": 0.2, "traffic_weight": 0.6, "airspace_weight": 0.1, "path_nodes": 46, "path_node_ids": [2179, 2180, 2172, 2176, 2200, 2204, 2317, 2340, 2346, 2371, 2391, 2389, 2392, 2396, 2724, 2721, 2718, 2723, 2629, 2631, 2630, 2655, 2657, 2670, 2674, 2690, 2694, 2696, 3997, 4003, 5000, 5001, 5026, 5031, 5046, 5050, 5052, 5076, 5082, 5299, 5304, 5319, 5321, 5357, 5358, 5364], "elapsed_seconds": 0.03603849990759045, "status": "success", "failure_reason": "", "route_distance_km": 38.378539514601236, "distance_cost_sum": 42.23806464706051, "population_cost_sum": 26.85306657644267, "traffic_cost_sum": 10.976639891492844, "airspace_cost_sum": 37.8, "total_weighted_score": 19.96040371489029}, "geometry": {"type": "LineString", "coordinates": [[-90.15289905765549, 38.57128267769979], [-90.15845430205954, 38.57592253965332], [-90.16418736160693, 38.57606168922697], [-90.16974371606538, 38.58070105309441], [-90.17530078436367, 38.58534017679984], [-90.1808585666797, 38.58997906021084], [-90.18641706319154, 38.594617703194956], [-90.1919762740773, 38.599256105619745], [-90.19753619951499, 38.60389426735269], [-90.20309683968271, 38.60853218826128], [-90.20865819475857, 38.61316986821297], [-90.21439446510948, 38.61330666920645], [-90.21995693176504, 38.61794384912666], [-90.22552011370372, 38.622580787732026], [-90.23108401110366, 38.627217484889904], [-90.23682150967697, 38.62735322783211], [-90.24273153599036, 38.622987951382164], [-90.24829662256141, 38.627623870853405], [-90.25403423671318, 38.627758770921055], [-90.25960043524782, 38.632394189110826], [-90.26533848396411, 38.63252854873545], [-90.27090579460699, 38.637163465274895], [-90.27647382133833, 38.64179813950475], [-90.28204256433611, 38.64643257129221], [-90.28761202377838, 38.651066760504534], [-90.29318219984313, 38.6557007070089], [-90.29875309270838, 38.6603344106725], [-90.29858387993494, 38.66483533065127], [-90.3041558105904, 38.669468808450944], [-90.30972845856238, 38.6741020431041], [-90.31530182402891, 38.678735034477825], [-90.32087590716817, 38.68336778243918], [-90.32070794108151, 38.68786876652711], [-90.32053993746693, 38.69236974652525], [-90.32611538157217, 38.69700228484725], [-90.32020381761771, 38.70137169425106], [-90.32003570136486, 38.70587266197814], [-90.32561211067481, 38.710505251176386], [-90.33118923881437, 38.715137596495865], [-90.3367670859619, 38.719769697803464], [-90.34234565229588, 38.724401554966114], [-90.34792493799469, 38.72903316785066], [-90.35350494323681, 38.73366453632395], [-90.35908566820065, 38.73829566025279], [-90.36466711306467, 38.742926539503976], [-90.37024927800739, 38.74755717394432]]}}, {"type": "Feature", "properties": {"route_run_id": "stl_st_louis_downtown_airport_to_st_louis_lambert_2026-03-07_0283", "route_pair": "st_louis_downtown_airport_to_st_louis_lambert", "route_pair_label": "St. Louis Downtown Airport to St. Louis Lambert", "origin_label": "St. Louis Downtown Airport", "destination_label": "St. Louis Lambert International Airport", "origin_lat": 38.5703611, "origin_lon": -90.1550833, "destination_lat": 38.7486982, "destination_lon": -90.3700257, "traffic_date": "2026-03-07", "traffic_dataset": "March 7th - Saturday", "weight_id": "w_0283", "distance_weight": 0.8, "population_weight": 0.2, "traffic_weight": 0.0, "airspace_weight": 0.0, "path_nodes": 43, "path_node_ids": [2179, 2180, 2174, 2199, 2203, 2207, 2341, 2345, 2370, 2373, 2398, 2709, 2711, 2714, 2750, 2744, 2770, 2772, 2777, 3989, 3993, 4006, 4008, 4021, 4045, 4047, 4058, 4062, 4077, 4082, 4084, 5080, 5084, 5310, 5311, 5337, 5320, 5322, 5323, 5346, 5357, 5358, 5364], "elapsed_seconds": 0.004438799922354519, "status": "success", "failure_reason": "", "route_distance_km": 36.197024617572914, "distance_cost_sum": 39.83716642595565, "population_cost_sum": 17.31210242086407, "traffic_cost_sum": 21.545839729752437, "airspace_cost_sum": 36.4, "total_weighted_score": 35.332153624937334}, "geometry": {"type": "LineString", "coordinates": [[-90.15289905765549, 38.57128267769979], [-90.15845430205954, 38.57592253965332], [-90.16401026010618, 38.58056216167], [-90.16956693197352, 38.58520154361737], [-90.17512431783956, 38.5898406853631], [-90.18068241788241, 38.5944795867747], [-90.18624123228014, 38.59911824771971], [-90.18606536210271, 38.60361878809667], [-90.19162520914848, 38.60825722636621], [-90.19718577106451, 38.612895423864465], [-90.20274704802898, 38.61753338045887], [-90.2083090402201, 38.622171096016864], [-90.21387174781604, 38.62680857040582], [-90.21943517099498, 38.631445803493165], [-90.22499930993523, 38.636082795146216], [-90.23056416481495, 38.64071954523234], [-90.2361297358124, 38.64535605361884], [-90.24169602310592, 38.649992320172984], [-90.24726302687371, 38.65462834476206], [-90.25283074729404, 38.65926412725328], [-90.2583991845453, 38.663899667513896], [-90.26396833880578, 38.66853496541107], [-90.26953821025378, 38.673170020811966], [-90.2751087990677, 38.67780483358376], [-90.28068010542587, 38.682439403593555], [-90.28625212950666, 38.68707373070842], [-90.29182487148844, 38.69170781479548], [-90.29739833154962, 38.69634165572174], [-90.30297250986867, 38.70097525335427], [-90.30280331580018, 38.70547615766316], [-90.30837853409372, 38.710109528957155], [-90.31395447116216, 38.71474265665128], [-90.31378588266769, 38.71924359100243], [-90.31936286061908, 38.72387649197406], [-90.32494055786266, 38.72850914903958], [-90.330518974577, 38.7331415620659], [-90.33626541075455, 38.733272728767844], [-90.3420118843105, 38.73340361338185], [-90.34775839516463, 38.73353421590239], [-90.35333872308522, 38.73816560113835], [-90.35908566820065, 38.73829566025279], [-90.36466711306467, 38.742926539503976], [-90.37024927800739, 38.74755717394432]]}}, {"type": "Feature", "properties": {"route_run_id": "stl_st_louis_downtown_airport_to_st_louis_lambert_2026-03-07_0191", "route_pair": "st_louis_downtown_airport_to_st_louis_lambert", "route_pair_label": "St. Louis Downtown Airport to St. Louis Lambert", "origin_label": "St. Louis Downtown Airport", "destination_label": "St. Louis Lambert International Airport", "origin_lat": 38.5703611, "origin_lon": -90.1550833, "destination_lat": 38.7486982, "destination_lon": -90.3700257, "traffic_date": "2026-03-07", "traffic_dataset": "March 7th - Saturday", "weight_id": "w_0191", "distance_weight": 0.3, "population_weight": 0.3, "traffic_weight": 0.2, "airspace_weight": 0.2, "path_nodes": 41, "path_node_ids": [2179, 2180, 2183, 2198, 2202, 2206, 2449, 2345, 2370, 2373, 2398, 2709, 2711, 2714, 2750, 2744, 2770, 2772, 2777, 3989, 3993, 4006, 3994, 4019, 4020, 4023, 4055, 4059, 4063, 4064, 5048, 5052, 5076, 5082, 5299, 5304, 5319, 5321, 5357, 5358, 5364], "elapsed_seconds": 0.017400800017639995, "status": "success", "failure_reason": "", "route_distance_km": 35.444974610774196, "distance_cost_sum": 39.00948675896621, "population_cost_sum": 22.999382459977298, "traffic_cost_sum": 13.969149855183435, "airspace_cost_sum": 34.4, "total_weighted_score": 28.276490736719744}, "geometry": {"type": "LineString", "coordinates": [[-90.15289905765549, 38.57128267769979], [-90.15845430205954, 38.57592253965332], [-90.15827684369297, 38.58042298981685], [-90.16383311905943, 38.58506262995554], [-90.16939010840554, 38.58970202998531], [-90.17494781190939, 38.59434118977373], [-90.18050622974906, 38.59898010918833], [-90.18606536210271, 38.60361878809667], [-90.19162520914848, 38.60825722636621], [-90.19718577106451, 38.612895423864465], [-90.20274704802898, 38.61753338045887], [-90.2083090402201, 38.622171096016864], [-90.21387174781604, 38.62680857040582], [-90.21943517099498, 38.631445803493165], [-90.22499930993523, 38.636082795146216], [-90.23056416481495, 38.64071954523234], [-90.2361297358124, 38.64535605361884], [-90.24169602310592, 38.649992320172984], [-90.24726302687371, 38.65462834476206], [-90.25283074729404, 38.65926412725328], [-90.2583991845453, 38.663899667513896], [-90.26396833880578, 38.66853496541107], [-90.26970929197084, 38.66866921576039], [-90.27527956027723, 38.67330401120623], [-90.28085054596801, 38.677938563930056], [-90.28642224922152, 38.68257287379895], [-90.29199467021606, 38.68720694068001], [-90.29756780913004, 38.69184076444029], [-90.3031416661418, 38.696474344946864], [-90.30888503852013, 38.69660675247757], [-90.31446001070607, 38.70123982903419], [-90.32003570136486, 38.70587266197814], [-90.32561211067481, 38.710505251176386], [-90.33118923881437, 38.715137596495865], [-90.3367670859619, 38.719769697803464], [-90.34234565229588, 38.724401554966114], [-90.34792493799469, 38.72903316785066], [-90.35350494323681, 38.73366453632395], [-90.35908566820065, 38.73829566025279], [-90.36466711306467, 38.742926539503976], [-90.37024927800739, 38.74755717394432]]}}, {"type": "Feature", "properties": {"route_run_id": "stl_st_louis_downtown_airport_to_st_louis_lambert_2026-03-07_0093", "route_pair": "st_louis_downtown_airport_to_st_louis_lambert", "route_pair_label": "St. Louis Downtown Airport to St. Louis Lambert", "origin_label": "St. Louis Downtown Airport", "destination_label": "St. Louis Lambert International Airport", "origin_lat": 38.5703611, "origin_lon": -90.1550833, "destination_lat": 38.7486982, "destination_lon": -90.3700257, "traffic_date": "2026-03-07", "traffic_dataset": "March 7th - Saturday", "weight_id": "w_0093", "distance_weight": 0.1, "population_weight": 0.2, "traffic_weight": 0.7, "airspace_weight": 0.0, "path_nodes": 50, "path_node_ids": [2179, 2180, 2172, 2176, 2200, 2204, 2317, 2340, 2346, 2371, 2391, 2389, 2392, 2396, 2724, 2721, 2718, 2723, 2629, 2631, 2628, 2627, 2649, 2648, 2650, 2644, 2659, 2660, 2666, 3746, 3749, 3773, 3777, 4996, 5000, 5001, 5026, 5031, 5046, 5050, 5052, 5076, 5082, 5299, 5304, 5319, 5321, 5357, 5358, 5364], "elapsed_seconds": 0.028660499956458807, "status": "success", "failure_reason": "", "route_distance_km": 41.46745904988415, "distance_cost_sum": 45.63762035373896, "population_cost_sum": 28.665447260543772, "traffic_cost_sum": 9.688675149270377, "airspace_cost_sum": 41.000000000000014, "total_weighted_score": 17.078924091971913}, "geometry": {"type": "LineString", "coordinates": [[-90.15289905765549, 38.57128267769979], [-90.15845430205954, 38.57592253965332], [-90.16418736160693, 38.57606168922697], [-90.16974371606538, 38.58070105309441], [-90.17530078436367, 38.58534017679984], [-90.1808585666797, 38.58997906021084], [-90.18641706319154, 38.594617703194956], [-90.1919762740773, 38.599256105619745], [-90.19753619951499, 38.60389426735269], [-90.20309683968271, 38.60853218826128], [-90.20865819475857, 38.61316986821297], [-90.21439446510948, 38.61330666920645], [-90.21995693176504, 38.61794384912666], [-90.22552011370372, 38.622580787732026], [-90.23108401110366, 38.627217484889904], [-90.23682150967697, 38.62735322783211], [-90.24273153599036, 38.622987951382164], [-90.24829662256141, 38.627623870853405], [-90.25403423671318, 38.627758770921055], [-90.25960043524782, 38.632394189110826], [-90.2655095800372, 38.62802772814192], [-90.27124730905007, 38.628161785283794], [-90.27681469596656, 38.63279642490153], [-90.28255285909326, 38.6329299414317], [-90.28829106019728, 38.6330631769191], [-90.29385995499997, 38.63769705468798], [-90.29942956596467, 38.642330689775996], [-90.30499989326923, 38.646964082050346], [-90.31057093709157, 38.65159723137826], [-90.31614269760959, 38.65623013762685], [-90.32171517500115, 38.66086280066329], [-90.32728836944425, 38.66549522035468], [-90.32712091202843, 38.66999624182737], [-90.32121172679417, 38.674365801995194], [-90.31530182402891, 38.678735034477825], [-90.32087590716817, 38.68336778243918], [-90.32070794108151, 38.68786876652711], [-90.32053993746693, 38.69236974652525], [-90.32611538157217, 38.69700228484725], [-90.32020381761771, 38.70137169425106], [-90.32003570136486, 38.70587266197814], [-90.32561211067481, 38.710505251176386], [-90.33118923881437, 38.715137596495865], [-90.3367670859619, 38.719769697803464], [-90.34234565229588, 38.724401554966114], [-90.34792493799469, 38.72903316785066], [-90.35350494323681, 38.73366453632395], [-90.35908566820065, 38.73829566025279], [-90.36466711306467, 38.742926539503976], [-90.37024927800739, 38.74755717394432]]}}, {"type": "Feature", "properties": {"route_run_id": "stl_st_louis_downtown_airport_to_st_louis_lambert_2026-03-07_0029", "route_pair": "st_louis_downtown_airport_to_st_louis_lambert", "route_pair_label": "St. Louis Downtown Airport to St. Louis Lambert", "origin_label": "St. Louis Downtown Airport", "destination_label": "St. Louis Lambert International Airport", "origin_lat": 38.5703611, "origin_lon": -90.1550833, "destination_lat": 38.7486982, "destination_lon": -90.3700257, "traffic_date": "2026-03-07", "traffic_dataset": "March 7th - Saturday", "weight_id": "w_0029", "distance_weight": 0.0, "population_weight": 0.2, "traffic_weight": 0.7, "airspace_weight": 0.1, "path_nodes": 50, "path_node_ids": [2179, 2180, 2172, 2176, 2200, 2204, 2317, 2340, 2346, 2371, 2391, 2389, 2392, 2396, 2724, 2721, 2718, 2723, 2629, 2631, 2628, 2627, 2649, 2648, 2650, 2644, 2659, 2660, 2666, 3746, 3749, 3773, 3777, 4996, 5000, 4031, 5025, 5031, 5046, 5050, 5052, 5076, 5082, 5299, 5304, 5319, 5321, 5357, 5358, 5364], "elapsed_seconds": 0.045293900067918, "status": "success", "failure_reason": "", "route_distance_km": 41.99573947785462, "distance_cost_sum": 46.21902712821782, "population_cost_sum": 28.665447260543772, "traffic_cost_sum": 9.688675149270377, "airspace_cost_sum": 41.000000000000014, "total_weighted_score": 16.61516205659802}, "geometry": {"type": "LineString", "coordinates": [[-90.15289905765549, 38.57128267769979], [-90.15845430205954, 38.57592253965332], [-90.16418736160693, 38.57606168922697], [-90.16974371606538, 38.58070105309441], [-90.17530078436367, 38.58534017679984], [-90.1808585666797, 38.58997906021084], [-90.18641706319154, 38.594617703194956], [-90.1919762740773, 38.599256105619745], [-90.19753619951499, 38.60389426735269], [-90.20309683968271, 38.60853218826128], [-90.20865819475857, 38.61316986821297], [-90.21439446510948, 38.61330666920645], [-90.21995693176504, 38.61794384912666], [-90.22552011370372, 38.622580787732026], [-90.23108401110366, 38.627217484889904], [-90.23682150967697, 38.62735322783211], [-90.24273153599036, 38.622987951382164], [-90.24829662256141, 38.627623870853405], [-90.25403423671318, 38.627758770921055], [-90.25960043524782, 38.632394189110826], [-90.2655095800372, 38.62802772814192], [-90.27124730905007, 38.628161785283794], [-90.27681469596656, 38.63279642490153], [-90.28255285909326, 38.6329299414317], [-90.28829106019728, 38.6330631769191], [-90.29385995499997, 38.63769705468798], [-90.29942956596467, 38.642330689775996], [-90.30499989326923, 38.646964082050346], [-90.31057093709157, 38.65159723137826], [-90.31614269760959, 38.65623013762685], [-90.32171517500115, 38.66086280066329], [-90.32728836944425, 38.66549522035468], [-90.32712091202843, 38.66999624182737], [-90.32121172679417, 38.674365801995194], [-90.31530182402891, 38.678735034477825], [-90.30939120359093, 38.68310393913784], [-90.31496521153262, 38.68773696457779], [-90.32053993746693, 38.69236974652525], [-90.32611538157217, 38.69700228484725], [-90.32020381761771, 38.70137169425106], [-90.32003570136486, 38.70587266197814], [-90.32561211067481, 38.710505251176386], [-90.33118923881437, 38.715137596495865], [-90.3367670859619, 38.719769697803464], [-90.34234565229588, 38.724401554966114], [-90.34792493799469, 38.72903316785066], [-90.35350494323681, 38.73366453632395], [-90.35908566820065, 38.73829566025279], [-90.36466711306467, 38.742926539503976], [-90.37024927800739, 38.74755717394432]]}}, {"type": "Feature", "properties": {"route_run_id": "stl_st_louis_downtown_airport_to_st_louis_lambert_2026-03-07_0179", "route_pair": "st_louis_downtown_airport_to_st_louis_lambert", "route_pair_label": "St. Louis Downtown Airport to St. Louis Lambert", "origin_label": "St. Louis Downtown Airport", "destination_label": "St. Louis Lambert International Airport", "origin_lat": 38.5703611, "origin_lon": -90.1550833, "destination_lat": 38.7486982, "destination_lon": -90.3700257, "traffic_date": "2026-03-07", "traffic_dataset": "March 7th - Saturday", "weight_id": "w_0179", "distance_weight": 0.3, "population_weight": 0.1, "traffic_weight": 0.3, "airspace_weight": 0.3, "path_nodes": 40, "path_node_ids": [2179, 2180, 2174, 2199, 2203, 2207, 2341, 2344, 2368, 2374, 2394, 2397, 2712, 2716, 2739, 2746, 2769, 2773, 3985, 3988, 3992, 3994, 4019, 4020, 4023, 4055, 4059, 4063, 4064, 5048, 5052, 5076, 5082, 5299, 5304, 5319, 5321, 5357, 5358, 5364], "elapsed_seconds": 0.016679299995303154, "status": "success", "failure_reason": "", "route_distance_km": 35.0695243590648, "distance_cost_sum": 38.596279476875054, "population_cost_sum": 23.651108783135093, "traffic_cost_sum": 14.425692925774984, "airspace_cost_sum": 33.8, "total_weighted_score": 28.411702599108523}, "geometry": {"type": "LineString", "coordinates": [[-90.15289905765549, 38.57128267769979], [-90.15845430205954, 38.57592253965332], [-90.16401026010618, 38.58056216167], [-90.16956693197352, 38.58520154361737], [-90.17512431783956, 38.5898406853631], [-90.18068241788241, 38.5944795867747], [-90.18624123228014, 38.59911824771971], [-90.19180076121087, 38.60375666806568], [-90.19736100485268, 38.60839484768009], [-90.20292196338367, 38.61303278643038], [-90.2084836369821, 38.617670484184025], [-90.21404602582597, 38.62230794080845], [-90.21960913009349, 38.62694515617101], [-90.22517294996291, 38.63158213013913], [-90.23073748561237, 38.63621886258013], [-90.23630273722006, 38.640855353361346], [-90.24186870496423, 38.645491602350084], [-90.24743538902311, 38.65012760941361], [-90.25300278957496, 38.654763374419176], [-90.25857090679797, 38.65939889723403], [-90.26413974087053, 38.66403417772537], [-90.26970929197084, 38.66866921576039], [-90.27527956027723, 38.67330401120623], [-90.28085054596801, 38.677938563930056], [-90.28642224922152, 38.68257287379895], [-90.29199467021606, 38.68720694068001], [-90.29756780913004, 38.69184076444029], [-90.3031416661418, 38.696474344946864], [-90.30888503852013, 38.69660675247757], [-90.31446001070607, 38.70123982903419], [-90.32003570136486, 38.70587266197814], [-90.32561211067481, 38.710505251176386], [-90.33118923881437, 38.715137596495865], [-90.3367670859619, 38.719769697803464], [-90.34234565229588, 38.724401554966114], [-90.34792493799469, 38.72903316785066], [-90.35350494323681, 38.73366453632395], [-90.35908566820065, 38.73829566025279], [-90.36466711306467, 38.742926539503976], [-90.37024927800739, 38.74755717394432]]}}, {"type": "Feature", "properties": {"route_run_id": "stl_st_louis_downtown_airport_to_st_louis_lambert_2026-03-07_0019", "route_pair": "st_louis_downtown_airport_to_st_louis_lambert", "route_pair_label": "St. Louis Downtown Airport to St. Louis Lambert", "origin_label": "St. Louis Downtown Airport", "destination_label": "St. Louis Lambert International Airport", "origin_lat": 38.5703611, "origin_lon": -90.1550833, "destination_lat": 38.7486982, "destination_lon": -90.3700257, "traffic_date": "2026-03-07", "traffic_dataset": "March 7th - Saturday", "weight_id": "w_0019", "distance_weight": 0.0, "population_weight": 0.1, "traffic_weight": 0.7, "airspace_weight": 0.2, "path_nodes": 50, "path_node_ids": [2179, 2180, 2172, 2176, 2200, 2204, 2317, 2340, 2346, 2371, 2391, 2389, 2392, 2396, 2724, 2387, 2384, 2381, 3291, 3294, 3298, 2627, 2649, 2648, 2650, 2644, 2659, 2660, 2666, 3746, 3749, 3773, 3777, 4996, 5000, 4031, 5025, 5031, 5046, 5050, 5052, 5076, 5082, 5299, 5304, 5319, 5321, 5357, 5358, 5364], "elapsed_seconds": 0.04580690001603216, "status": "success", "failure_reason": "", "route_distance_km": 42.528186501141825, "distance_cost_sum": 46.805019510293306, "population_cost_sum": 29.87224109457422, "traffic_cost_sum": 9.45931164511369, "airspace_cost_sum": 41.000000000000014, "total_weighted_score": 17.808742261037008}, "geometry": {"type": "LineString", "coordinates": [[-90.15289905765549, 38.57128267769979], [-90.15845430205954, 38.57592253965332], [-90.16418736160693, 38.57606168922697], [-90.16974371606538, 38.58070105309441], [-90.17530078436367, 38.58534017679984], [-90.1808585666797, 38.58997906021084], [-90.18641706319154, 38.594617703194956], [-90.1919762740773, 38.599256105619745], [-90.19753619951499, 38.60389426735269], [-90.20309683968271, 38.60853218826128], [-90.20865819475857, 38.61316986821297], [-90.21439446510948, 38.61330666920645], [-90.21995693176504, 38.61794384912666], [-90.22552011370372, 38.622580787732026], [-90.23108401110366, 38.627217484889904], [-90.23699435660505, 38.62285251107112], [-90.24290398660771, 38.61848720882003], [-90.24881290125248, 38.614121578273846], [-90.25454944220584, 38.61425641358266], [-90.26011468234759, 38.61889177949167], [-90.26568063790305, 38.623526903436264], [-90.27124730905007, 38.628161785283794], [-90.27681469596656, 38.63279642490153], [-90.28255285909326, 38.6329299414317], [-90.28829106019728, 38.6330631769191], [-90.29385995499997, 38.63769705468798], [-90.29942956596467, 38.642330689775996], [-90.30499989326923, 38.646964082050346], [-90.31057093709157, 38.65159723137826], [-90.31614269760959, 38.65623013762685], [-90.32171517500115, 38.66086280066329], [-90.32728836944425, 38.66549522035468], [-90.32712091202843, 38.66999624182737], [-90.32121172679417, 38.674365801995194], [-90.31530182402891, 38.678735034477825], [-90.30939120359093, 38.68310393913784], [-90.31496521153262, 38.68773696457779], [-90.32053993746693, 38.69236974652525], [-90.32611538157217, 38.69700228484725], [-90.32020381761771, 38.70137169425106], [-90.32003570136486, 38.70587266197814], [-90.32561211067481, 38.710505251176386], [-90.33118923881437, 38.715137596495865], [-90.3367670859619, 38.719769697803464], [-90.34234565229588, 38.724401554966114], [-90.34792493799469, 38.72903316785066], [-90.35350494323681, 38.73366453632395], [-90.35908566820065, 38.73829566025279], [-90.36466711306467, 38.742926539503976], [-90.37024927800739, 38.74755717394432]]}}, {"type": "Feature", "properties": {"route_run_id": "stl_st_louis_downtown_airport_to_st_louis_lambert_2026-03-07_0167", "route_pair": "st_louis_downtown_airport_to_st_louis_lambert", "route_pair_label": "St. Louis Downtown Airport to St. Louis Lambert", "origin_label": "St. Louis Downtown Airport", "destination_label": "St. Louis Lambert International Airport", "origin_lat": 38.5703611, "origin_lon": -90.1550833, "destination_lat": 38.7486982, "destination_lon": -90.3700257, "traffic_date": "2026-03-07", "traffic_dataset": "March 7th - Saturday", "weight_id": "w_0167", "distance_weight": 0.25, "population_weight": 0.25, "traffic_weight": 0.25, "airspace_weight": 0.25, "path_nodes": 41, "path_node_ids": [2179, 2180, 2183, 2198, 2202, 2206, 2449, 2345, 2370, 2373, 2398, 2709, 2711, 2714, 2750, 2744, 2770, 2772, 2777, 3989, 3993, 4006, 3994, 4019, 4020, 4023, 4055, 4059, 4063, 4064, 5048, 5052, 5076, 5082, 5299, 5304, 5319, 5321, 5357, 5358, 5364], "elapsed_seconds": 0.020508900051936507, "status": "success", "failure_reason": "", "route_distance_km": 35.444974610774196, "distance_cost_sum": 39.00948675896621, "population_cost_sum": 22.999382459977298, "traffic_cost_sum": 13.969149855183435, "airspace_cost_sum": 34.4, "total_weighted_score": 27.59450476853174}, "geometry": {"type": "LineString", "coordinates": [[-90.15289905765549, 38.57128267769979], [-90.15845430205954, 38.57592253965332], [-90.15827684369297, 38.58042298981685], [-90.16383311905943, 38.58506262995554], [-90.16939010840554, 38.58970202998531], [-90.17494781190939, 38.59434118977373], [-90.18050622974906, 38.59898010918833], [-90.18606536210271, 38.60361878809667], [-90.19162520914848, 38.60825722636621], [-90.19718577106451, 38.612895423864465], [-90.20274704802898, 38.61753338045887], [-90.2083090402201, 38.622171096016864], [-90.21387174781604, 38.62680857040582], [-90.21943517099498, 38.631445803493165], [-90.22499930993523, 38.636082795146216], [-90.23056416481495, 38.64071954523234], [-90.2361297358124, 38.64535605361884], [-90.24169602310592, 38.649992320172984], [-90.24726302687371, 38.65462834476206], [-90.25283074729404, 38.65926412725328], [-90.2583991845453, 38.663899667513896], [-90.26396833880578, 38.66853496541107], [-90.26970929197084, 38.66866921576039], [-90.27527956027723, 38.67330401120623], [-90.28085054596801, 38.677938563930056], [-90.28642224922152, 38.68257287379895], [-90.29199467021606, 38.68720694068001], [-90.29756780913004, 38.69184076444029], [-90.3031416661418, 38.696474344946864], [-90.30888503852013, 38.69660675247757], [-90.31446001070607, 38.70123982903419], [-90.32003570136486, 38.70587266197814], [-90.32561211067481, 38.710505251176386], [-90.33118923881437, 38.715137596495865], [-90.3367670859619, 38.719769697803464], [-90.34234565229588, 38.724401554966114], [-90.34792493799469, 38.72903316785066], [-90.35350494323681, 38.73366453632395], [-90.35908566820065, 38.73829566025279], [-90.36466711306467, 38.742926539503976], [-90.37024927800739, 38.74755717394432]]}}, {"type": "Feature", "properties": {"route_run_id": "stl_st_louis_downtown_airport_to_st_louis_lambert_2026-03-07_0028", "route_pair": "st_louis_downtown_airport_to_st_louis_lambert", "route_pair_label": "St. Louis Downtown Airport to St. Louis Lambert", "origin_label": "St. Louis Downtown Airport", "destination_label": "St. Louis Lambert International Airport", "origin_lat": 38.5703611, "origin_lon": -90.1550833, "destination_lat": 38.7486982, "destination_lon": -90.3700257, "traffic_date": "2026-03-07", "traffic_dataset": "March 7th - Saturday", "weight_id": "w_0028", "distance_weight": 0.0, "population_weight": 0.2, "traffic_weight": 0.6, "airspace_weight": 0.2, "path_nodes": 46, "path_node_ids": [2179, 2180, 2172, 2176, 2200, 2204, 2317, 2340, 2346, 2371, 2391, 2389, 2392, 2396, 2724, 2721, 2718, 2723, 2629, 2631, 2630, 2655, 2657, 2670, 2674, 2690, 2694, 2696, 3997, 4003, 4028, 4031, 5025, 5031, 5046, 5050, 5052, 5076, 5082, 5299, 5304, 5319, 5321, 5357, 5358, 5364], "elapsed_seconds": 0.044913799967616796, "status": "success", "failure_reason": "", "route_distance_km": 38.37859402379461, "distance_cost_sum": 42.238124637952886, "population_cost_sum": 26.85306657644267, "traffic_cost_sum": 10.976639891492844, "airspace_cost_sum": 37.8, "total_weighted_score": 19.516597250184244}, "geometry": {"type": "LineString", "coordinates": [[-90.15289905765549, 38.57128267769979], [-90.15845430205954, 38.57592253965332], [-90.16418736160693, 38.57606168922697], [-90.16974371606538, 38.58070105309441], [-90.17530078436367, 38.58534017679984], [-90.1808585666797, 38.58997906021084], [-90.18641706319154, 38.594617703194956], [-90.1919762740773, 38.599256105619745], [-90.19753619951499, 38.60389426735269], [-90.20309683968271, 38.60853218826128], [-90.20865819475857, 38.61316986821297], [-90.21439446510948, 38.61330666920645], [-90.21995693176504, 38.61794384912666], [-90.22552011370372, 38.622580787732026], [-90.23108401110366, 38.627217484889904], [-90.23682150967697, 38.62735322783211], [-90.24273153599036, 38.622987951382164], [-90.24829662256141, 38.627623870853405], [-90.25403423671318, 38.627758770921055], [-90.25960043524782, 38.632394189110826], [-90.26533848396411, 38.63252854873545], [-90.27090579460699, 38.637163465274895], [-90.27647382133833, 38.64179813950475], [-90.28204256433611, 38.64643257129221], [-90.28761202377838, 38.651066760504534], [-90.29318219984313, 38.6557007070089], [-90.29875309270838, 38.6603344106725], [-90.29858387993494, 38.66483533065127], [-90.3041558105904, 38.669468808450944], [-90.30972845856238, 38.6741020431041], [-90.30955984991148, 38.67860299316816], [-90.30939120359093, 38.68310393913784], [-90.31496521153262, 38.68773696457779], [-90.32053993746693, 38.69236974652525], [-90.32611538157217, 38.69700228484725], [-90.32020381761771, 38.70137169425106], [-90.32003570136486, 38.70587266197814], [-90.32561211067481, 38.710505251176386], [-90.33118923881437, 38.715137596495865], [-90.3367670859619, 38.719769697803464], [-90.34234565229588, 38.724401554966114], [-90.34792493799469, 38.72903316785066], [-90.35350494323681, 38.73366453632395], [-90.35908566820065, 38.73829566025279], [-90.36466711306467, 38.742926539503976], [-90.37024927800739, 38.74755717394432]]}}, {"type": "Feature", "properties": {"route_run_id": "stl_st_louis_downtown_airport_to_st_louis_lambert_2026-03-07_0073", "route_pair": "st_louis_downtown_airport_to_st_louis_lambert", "route_pair_label": "St. Louis Downtown Airport to St. Louis Lambert", "origin_label": "St. Louis Downtown Airport", "destination_label": "St. Louis Lambert International Airport", "origin_lat": 38.5703611, "origin_lon": -90.1550833, "destination_lat": 38.7486982, "destination_lon": -90.3700257, "traffic_date": "2026-03-07", "traffic_dataset": "March 7th - Saturday", "weight_id": "w_0073", "distance_weight": 0.1, "population_weight": 0.0, "traffic_weight": 0.6, "airspace_weight": 0.3, "path_nodes": 43, "path_node_ids": [2179, 2180, 2172, 2176, 2200, 2204, 2317, 2340, 2346, 2371, 2391, 2389, 2392, 2396, 2724, 2727, 2742, 2743, 2681, 2682, 2685, 3987, 3993, 4006, 4008, 4021, 4045, 4047, 4058, 4059, 4063, 4064, 5048, 5052, 5076, 5082, 5299, 5304, 5319, 5321, 5357, 5358, 5364], "elapsed_seconds": 0.043949600076302886, "status": "success", "failure_reason": "", "route_distance_km": 36.722202807088216, "distance_cost_sum": 40.415158986395184, "population_cost_sum": 27.651977528032873, "traffic_cost_sum": 12.102782567946832, "airspace_cost_sum": 35.6, "total_weighted_score": 21.98318543940762}, "geometry": {"type": "LineString", "coordinates": [[-90.15289905765549, 38.57128267769979], [-90.15845430205954, 38.57592253965332], [-90.16418736160693, 38.57606168922697], [-90.16974371606538, 38.58070105309441], [-90.17530078436367, 38.58534017679984], [-90.1808585666797, 38.58997906021084], [-90.18641706319154, 38.594617703194956], [-90.1919762740773, 38.599256105619745], [-90.19753619951499, 38.60389426735269], [-90.20309683968271, 38.60853218826128], [-90.20865819475857, 38.61316986821297], [-90.21439446510948, 38.61330666920645], [-90.21995693176504, 38.61794384912666], [-90.22552011370372, 38.622580787732026], [-90.23108401110366, 38.627217484889904], [-90.23664862414297, 38.63185394046768], [-90.24221395299979, 38.63649015433267], [-90.24777999785228, 38.641126126352205], [-90.25334675887852, 38.64576185639355], [-90.25891423625677, 38.65039734432395], [-90.26448243016516, 38.6550325900107], [-90.26431110465388, 38.659533385925144], [-90.2583991845453, 38.663899667513896], [-90.26396833880578, 38.66853496541107], [-90.26953821025378, 38.673170020811966], [-90.2751087990677, 38.67780483358376], [-90.28068010542587, 38.682439403593555], [-90.28625212950666, 38.68707373070842], [-90.29182487148844, 38.69170781479548], [-90.29756780913004, 38.69184076444029], [-90.3031416661418, 38.696474344946864], [-90.30888503852013, 38.69660675247757], [-90.31446001070607, 38.70123982903419], [-90.32003570136486, 38.70587266197814], [-90.32561211067481, 38.710505251176386], [-90.33118923881437, 38.715137596495865], [-90.3367670859619, 38.719769697803464], [-90.34234565229588, 38.724401554966114], [-90.34792493799469, 38.72903316785066], [-90.35350494323681, 38.73366453632395], [-90.35908566820065, 38.73829566025279], [-90.36466711306467, 38.742926539503976], [-90.37024927800739, 38.74755717394432]]}}, {"type": "Feature", "properties": {"route_run_id": "stl_st_louis_downtown_airport_to_st_louis_lambert_2026-03-07_0137", "route_pair": "st_louis_downtown_airport_to_st_louis_lambert", "route_pair_label": "St. Louis Downtown Airport to St. Louis Lambert", "origin_label": "St. Louis Downtown Airport", "destination_label": "St. Louis Lambert International Airport", "origin_lat": 38.5703611, "origin_lon": -90.1550833, "destination_lat": 38.7486982, "destination_lon": -90.3700257, "traffic_date": "2026-03-07", "traffic_dataset": "March 7th - Saturday", "weight_id": "w_0137", "distance_weight": 0.2, "population_weight": 0.1, "traffic_weight": 0.6, "airspace_weight": 0.1, "path_nodes": 46, "path_node_ids": [2179, 2180, 2172, 2176, 2200, 2204, 2317, 2340, 2346, 2371, 2391, 2389, 2388, 2390, 2382, 2383, 2718, 2723, 2629, 2631, 2630, 2655, 2657, 2670, 2674, 2690, 2694, 2696, 3997, 4003, 5000, 5001, 5026, 5031, 5046, 5050, 5052, 5076, 5082, 5299, 5304, 5319, 5321, 5357, 5358, 5364], "elapsed_seconds": 0.016680700005963445, "status": "success", "failure_reason": "", "route_distance_km": 37.845173286320176, "distance_cost_sum": 41.65106062044498, "population_cost_sum": 27.38097974050016, "traffic_cost_sum": 10.976639891492844, "airspace_cost_sum": 37.8, "total_weighted_score": 21.434294033034718}, "geometry": {"type": "LineString", "coordinates": [[-90.15289905765549, 38.57128267769979], [-90.15845430205954, 38.57592253965332], [-90.16418736160693, 38.57606168922697], [-90.16974371606538, 38.58070105309441], [-90.17530078436367, 38.58534017679984], [-90.1808585666797, 38.58997906021084], [-90.18641706319154, 38.594617703194956], [-90.1919762740773, 38.599256105619745], [-90.19753619951499, 38.60389426735269], [-90.20309683968271, 38.60853218826128], [-90.20865819475857, 38.61316986821297], [-90.21439446510948, 38.61330666920645], [-90.22013077435682, 38.613443189405075], [-90.22586712242094, 38.61357942880305], [-90.2316035092222, 38.613715387394656], [-90.2371671649366, 38.61835179018503], [-90.24273153599036, 38.622987951382164], [-90.24829662256141, 38.627623870853405], [-90.25403423671318, 38.627758770921055], [-90.25960043524782, 38.632394189110826], [-90.26533848396411, 38.63252854873545], [-90.27090579460699, 38.637163465274895], [-90.27647382133833, 38.64179813950475], [-90.28204256433611, 38.64643257129221], [-90.28761202377838, 38.651066760504534], [-90.29318219984313, 38.6557007070089], [-90.29875309270838, 38.6603344106725], [-90.29858387993494, 38.66483533065127], [-90.3041558105904, 38.669468808450944], [-90.30972845856238, 38.6741020431041], [-90.31530182402891, 38.678735034477825], [-90.32087590716817, 38.68336778243918], [-90.32070794108151, 38.68786876652711], [-90.32053993746693, 38.69236974652525], [-90.32611538157217, 38.69700228484725], [-90.32020381761771, 38.70137169425106], [-90.32003570136486, 38.70587266197814], [-90.32561211067481, 38.710505251176386], [-90.33118923881437, 38.715137596495865], [-90.3367670859619, 38.719769697803464], [-90.34234565229588, 38.724401554966114], [-90.34792493799469, 38.72903316785066], [-90.35350494323681, 38.73366453632395], [-90.35908566820065, 38.73829566025279], [-90.36466711306467, 38.742926539503976], [-90.37024927800739, 38.74755717394432]]}}, {"type": "Feature", "properties": {"route_run_id": "stl_st_louis_downtown_airport_to_st_louis_lambert_2026-03-07_0034", "route_pair": "st_louis_downtown_airport_to_st_louis_lambert", "route_pair_label": "St. Louis Downtown Airport to St. Louis Lambert", "origin_label": "St. Louis Downtown Airport", "destination_label": "St. Louis Lambert International Airport", "origin_lat": 38.5703611, "origin_lon": -90.1550833, "destination_lat": 38.7486982, "destination_lon": -90.3700257, "traffic_date": "2026-03-07", "traffic_dataset": "March 7th - Saturday", "weight_id": "w_0034", "distance_weight": 0.0, "population_weight": 0.3, "traffic_weight": 0.3, "airspace_weight": 0.4, "path_nodes": 41, "path_node_ids": [2179, 2180, 2183, 2198, 2202, 2206, 2449, 2345, 2370, 2373, 2398, 2709, 2711, 2714, 2750, 2744, 2770, 2772, 2777, 3989, 3993, 4006, 4008, 4021, 4045, 4047, 4058, 4062, 4077, 4079, 5077, 5052, 5076, 5082, 5299, 5304, 5319, 5321, 5357, 5358, 5364], "elapsed_seconds": 0.04268050007522106, "status": "success", "failure_reason": "", "route_distance_km": 35.97908767101205, "distance_cost_sum": 39.59731272244726, "population_cost_sum": 23.156990514279457, "traffic_cost_sum": 13.716044675315588, "airspace_cost_sum": 34.4, "total_weighted_score": 24.821910556878514}, "geometry": {"type": "LineString", "coordinates": [[-90.15289905765549, 38.57128267769979], [-90.15845430205954, 38.57592253965332], [-90.15827684369297, 38.58042298981685], [-90.16383311905943, 38.58506262995554], [-90.16939010840554, 38.58970202998531], [-90.17494781190939, 38.59434118977373], [-90.18050622974906, 38.59898010918833], [-90.18606536210271, 38.60361878809667], [-90.19162520914848, 38.60825722636621], [-90.19718577106451, 38.612895423864465], [-90.20274704802898, 38.61753338045887], [-90.2083090402201, 38.622171096016864], [-90.21387174781604, 38.62680857040582], [-90.21943517099498, 38.631445803493165], [-90.22499930993523, 38.636082795146216], [-90.23056416481495, 38.64071954523234], [-90.2361297358124, 38.64535605361884], [-90.24169602310592, 38.649992320172984], [-90.24726302687371, 38.65462834476206], [-90.25283074729404, 38.65926412725328], [-90.2583991845453, 38.663899667513896], [-90.26396833880578, 38.66853496541107], [-90.26953821025378, 38.673170020811966], [-90.2751087990677, 38.67780483358376], [-90.28068010542587, 38.682439403593555], [-90.28625212950666, 38.68707373070842], [-90.29182487148844, 38.69170781479548], [-90.29739833154962, 38.69634165572174], [-90.30297250986867, 38.70097525335427], [-90.30854740662397, 38.70560860756003], [-90.31412302199392, 38.71024171820601], [-90.32003570136486, 38.70587266197814], [-90.32561211067481, 38.710505251176386], [-90.33118923881437, 38.715137596495865], [-90.3367670859619, 38.719769697803464], [-90.34234565229588, 38.724401554966114], [-90.34792493799469, 38.72903316785066], [-90.35350494323681, 38.73366453632395], [-90.35908566820065, 38.73829566025279], [-90.36466711306467, 38.742926539503976], [-90.37024927800739, 38.74755717394432]]}}, {"type": "Feature", "properties": {"route_run_id": "stl_st_louis_downtown_airport_to_st_louis_lambert_2026-03-07_0136", "route_pair": "st_louis_downtown_airport_to_st_louis_lambert", "route_pair_label": "St. Louis Downtown Airport to St. Louis Lambert", "origin_label": "St. Louis Downtown Airport", "destination_label": "St. Louis Lambert International Airport", "origin_lat": 38.5703611, "origin_lon": -90.1550833, "destination_lat": 38.7486982, "destination_lon": -90.3700257, "traffic_date": "2026-03-07", "traffic_dataset": "March 7th - Saturday", "weight_id": "w_0136", "distance_weight": 0.2, "population_weight": 0.1, "traffic_weight": 0.5, "airspace_weight": 0.2, "path_nodes": 41, "path_node_ids": [2179, 2180, 2183, 2198, 2202, 2206, 2449, 2345, 2370, 2373, 2398, 2709, 2711, 2714, 2750, 2744, 2770, 2772, 2777, 3989, 3993, 4006, 4008, 4021, 4045, 4047, 4058, 4059, 4063, 4064, 5048, 5052, 5076, 5082, 5299, 5304, 5319, 5321, 5357, 5358, 5364], "elapsed_seconds": 0.019860600004903972, "status": "success", "failure_reason": "", "route_distance_km": 35.44516965599588, "distance_cost_sum": 39.00970141884611, "population_cost_sum": 23.447934484851842, "traffic_cost_sum": 13.596616574214913, "airspace_cost_sum": 34.4, "total_weighted_score": 23.825042019361867}, "geometry": {"type": "LineString", "coordinates": [[-90.15289905765549, 38.57128267769979], [-90.15845430205954, 38.57592253965332], [-90.15827684369297, 38.58042298981685], [-90.16383311905943, 38.58506262995554], [-90.16939010840554, 38.58970202998531], [-90.17494781190939, 38.59434118977373], [-90.18050622974906, 38.59898010918833], [-90.18606536210271, 38.60361878809667], [-90.19162520914848, 38.60825722636621], [-90.19718577106451, 38.612895423864465], [-90.20274704802898, 38.61753338045887], [-90.2083090402201, 38.622171096016864], [-90.21387174781604, 38.62680857040582], [-90.21943517099498, 38.631445803493165], [-90.22499930993523, 38.636082795146216], [-90.23056416481495, 38.64071954523234], [-90.2361297358124, 38.64535605361884], [-90.24169602310592, 38.649992320172984], [-90.24726302687371, 38.65462834476206], [-90.25283074729404, 38.65926412725328], [-90.2583991845453, 38.663899667513896], [-90.26396833880578, 38.66853496541107], [-90.26953821025378, 38.673170020811966], [-90.2751087990677, 38.67780483358376], [-90.28068010542587, 38.682439403593555], [-90.28625212950666, 38.68707373070842], [-90.29182487148844, 38.69170781479548], [-90.29756780913004, 38.69184076444029], [-90.3031416661418, 38.696474344946864], [-90.30888503852013, 38.69660675247757], [-90.31446001070607, 38.70123982903419], [-90.32003570136486, 38.70587266197814], [-90.32561211067481, 38.710505251176386], [-90.33118923881437, 38.715137596495865], [-90.3367670859619, 38.719769697803464], [-90.34234565229588, 38.724401554966114], [-90.34792493799469, 38.72903316785066], [-90.35350494323681, 38.73366453632395], [-90.35908566820065, 38.73829566025279], [-90.36466711306467, 38.742926539503976], [-90.37024927800739, 38.74755717394432]]}}, {"type": "Feature", "properties": {"route_run_id": "stl_st_louis_downtown_airport_to_st_louis_lambert_2026-03-07_0165", "route_pair": "st_louis_downtown_airport_to_st_louis_lambert", "route_pair_label": "St. Louis Downtown Airport to St. Louis Lambert", "origin_label": "St. Louis Downtown Airport", "destination_label": "St. Louis Lambert International Airport", "origin_lat": 38.5703611, "origin_lon": -90.1550833, "destination_lat": 38.7486982, "destination_lon": -90.3700257, "traffic_date": "2026-03-07", "traffic_dataset": "March 7th - Saturday", "weight_id": "w_0165", "distance_weight": 0.2, "population_weight": 0.7, "traffic_weight": 0.1, "airspace_weight": 0.0, "path_nodes": 55, "path_node_ids": [2179, 2180, 2183, 2186, 2419, 2423, 2448, 2453, 2455, 2478, 2482, 2483, 2487, 2811, 2812, 2816, 2858, 2863, 2864, 2889, 3896, 3898, 3901, 3927, 3946, 3949, 3953, 3966, 3944, 3977, 3976, 3941, 4043, 4066, 4067, 4068, 4185, 4187, 4188, 4076, 4075, 4082, 4084, 5080, 5084, 5310, 5311, 5337, 5320, 5322, 5323, 5346, 5357, 5358, 5364], "elapsed_seconds": 0.01952029997482896, "status": "success", "failure_reason": "", "route_distance_km": 41.7707608340185, "distance_cost_sum": 45.97142358147673, "population_cost_sum": 8.67777235752909, "traffic_cost_sum": 37.73498160459783, "airspace_cost_sum": 45.2, "total_weighted_score": 19.04222352702549}, "geometry": {"type": "LineString", "coordinates": [[-90.15289905765549, 38.57128267769979], [-90.15845430205954, 38.57592253965332], [-90.15827684369297, 38.58042298981685], [-90.1580993457009, 38.58492343582021], [-90.15792180807382, 38.58942387766302], [-90.16347871828971, 38.59406355405304], [-90.1690363428032, 38.598702990254786], [-90.16885940074975, 38.60320346415569], [-90.17441805758689, 38.60784267808668], [-90.174241393937, 38.61234316588366], [-90.17406469083332, 38.61684364952644], [-90.17388794826633, 38.621344129014695], [-90.17371116622648, 38.62584460434813], [-90.17353434470424, 38.6303450755264], [-90.17335748369, 38.63484554254923], [-90.17318058317427, 38.63934600541629], [-90.17300364314747, 38.64384646412727], [-90.17856556137721, 38.64848558173427], [-90.17838890046788, 38.65298605432084], [-90.17821220009857, 38.65748652275311], [-90.18377547226044, 38.66212543540375], [-90.18933946118675, 38.666764106898924], [-90.19490416705614, 38.67140253710589], [-90.20046959004746, 38.676040725891895], [-90.20603573033937, 38.68067867312418], [-90.21160258811075, 38.68531637866994], [-90.2171701635404, 38.68995384239636], [-90.2229126017605, 38.690090452895454], [-90.22865507887754, 38.69022678182468], [-90.23439759481155, 38.69036282917826], [-90.24014014948251, 38.69049859495047], [-90.24605541323987, 38.68613337677085], [-90.2517976862147, 38.68626855773688], [-90.25736804511756, 38.69090420272148], [-90.26311075393669, 38.69103884211091], [-90.26868222818311, 38.695673984376505], [-90.27425442059507, 38.700308883813186], [-90.27999796237877, 38.700442721166475], [-90.28557127047641, 38.70507711728869], [-90.29148516021279, 38.700709550716724], [-90.297228816103, 38.700842542902386], [-90.30280331580018, 38.70547615766316], [-90.30837853409372, 38.710109528957155], [-90.31395447116216, 38.71474265665128], [-90.31378588266769, 38.71924359100243], [-90.31936286061908, 38.72387649197406], [-90.32494055786266, 38.72850914903958], [-90.330518974577, 38.7331415620659], [-90.33626541075455, 38.733272728767844], [-90.3420118843105, 38.73340361338185], [-90.34775839516463, 38.73353421590239], [-90.35333872308522, 38.73816560113835], [-90.35908566820065, 38.73829566025279], [-90.36466711306467, 38.742926539503976], [-90.37024927800739, 38.74755717394432]]}}, {"type": "Feature", "properties": {"route_run_id": "stl_st_louis_downtown_airport_to_st_louis_lambert_2026-03-07_0129", "route_pair": "st_louis_downtown_airport_to_st_louis_lambert", "route_pair_label": "St. Louis Downtown Airport to St. Louis Lambert", "origin_label": "St. Louis Downtown Airport", "destination_label": "St. Louis Lambert International Airport", "origin_lat": 38.5703611, "origin_lon": -90.1550833, "destination_lat": 38.7486982, "destination_lon": -90.3700257, "traffic_date": "2026-03-07", "traffic_dataset": "March 7th - Saturday", "weight_id": "w_0129", "distance_weight": 0.2, "population_weight": 0.0, "traffic_weight": 0.7, "airspace_weight": 0.1, "path_nodes": 51, "path_node_ids": [2179, 2180, 2172, 2176, 2200, 2204, 2317, 2340, 2346, 2371, 2391, 2389, 2388, 2390, 2382, 2383, 2384, 2381, 3291, 3294, 3295, 2619, 2622, 2624, 2625, 2639, 2645, 2646, 2660, 2666, 3746, 3749, 3773, 3776, 4996, 4999, 5001, 5026, 5031, 5046, 5050, 5052, 5076, 5082, 5299, 5304, 5319, 5321, 5357, 5358, 5364], "elapsed_seconds": 0.017197799985297024, "status": "success", "failure_reason": "", "route_distance_km": 40.78001938815905, "distance_cost_sum": 44.88104854980538, "population_cost_sum": 34.02474759021417, "traffic_cost_sum": 9.203870950645104, "airspace_cost_sum": 41.6, "total_weighted_score": 19.57891937541265}, "geometry": {"type": "LineString", "coordinates": [[-90.15289905765549, 38.57128267769979], [-90.15845430205954, 38.57592253965332], [-90.16418736160693, 38.57606168922697], [-90.16974371606538, 38.58070105309441], [-90.17530078436367, 38.58534017679984], [-90.1808585666797, 38.58997906021084], [-90.18641706319154, 38.594617703194956], [-90.1919762740773, 38.599256105619745], [-90.19753619951499, 38.60389426735269], [-90.20309683968271, 38.60853218826128], [-90.20865819475857, 38.61316986821297], [-90.21439446510948, 38.61330666920645], [-90.22013077435682, 38.613443189405075], [-90.22586712242094, 38.61357942880305], [-90.2316035092222, 38.613715387394656], [-90.2371671649366, 38.61835179018503], [-90.24290398660771, 38.61848720882003], [-90.24881290125248, 38.614121578273846], [-90.25454944220584, 38.61425641358266], [-90.26011468234759, 38.61889177949167], [-90.26585165757079, 38.619026074618795], [-90.27158867098281, 38.61916008885477], [-90.27715541836658, 38.623794693869755], [-90.28272288137876, 38.6284290566021], [-90.28846072453517, 38.62856227076729], [-90.29402929919887, 38.633196131358105], [-90.29959858986506, 38.63782974930801], [-90.30516859671155, 38.64246312448426], [-90.30499989326923, 38.646964082050346], [-90.31057093709157, 38.65159723137826], [-90.31614269760959, 38.65623013762685], [-90.32171517500115, 38.66086280066329], [-90.32728836944425, 38.66549522035468], [-90.32137958035169, 38.66986480563971], [-90.32121172679417, 38.674365801995194], [-90.32104383573602, 38.678866794261786], [-90.32087590716817, 38.68336778243918], [-90.32070794108151, 38.68786876652711], [-90.32053993746693, 38.69236974652525], [-90.32611538157217, 38.69700228484725], [-90.32020381761771, 38.70137169425106], [-90.32003570136486, 38.70587266197814], [-90.32561211067481, 38.710505251176386], [-90.33118923881437, 38.715137596495865], [-90.3367670859619, 38.719769697803464], [-90.34234565229588, 38.724401554966114], [-90.34792493799469, 38.72903316785066], [-90.35350494323681, 38.73366453632395], [-90.35908566820065, 38.73829566025279], [-90.36466711306467, 38.742926539503976], [-90.37024927800739, 38.74755717394432]]}}, {"type": "Feature", "properties": {"route_run_id": "stl_st_louis_downtown_airport_to_st_louis_lambert_2026-03-07_0277", "route_pair": "st_louis_downtown_airport_to_st_louis_lambert", "route_pair_label": "St. Louis Downtown Airport to St. Louis Lambert", "origin_label": "St. Louis Downtown Airport", "destination_label": "St. Louis Lambert International Airport", "origin_lat": 38.5703611, "origin_lon": -90.1550833, "destination_lat": 38.7486982, "destination_lon": -90.3700257, "traffic_date": "2026-03-07", "traffic_dataset": "March 7th - Saturday", "weight_id": "w_0277", "distance_weight": 0.7, "population_weight": 0.3, "traffic_weight": 0.0, "airspace_weight": 0.0, "path_nodes": 43, "path_node_ids": [2179, 2180, 2174, 2199, 2203, 2207, 2341, 2345, 2370, 2373, 2398, 2709, 2711, 2714, 2750, 2744, 2770, 2772, 2777, 3989, 3993, 4006, 4008, 4021, 4045, 4047, 4058, 4062, 4077, 4082, 4084, 5080, 5084, 5310, 5311, 5337, 5320, 5322, 5323, 5346, 5357, 5358, 5364], "elapsed_seconds": 0.005374299944378436, "status": "success", "failure_reason": "", "route_distance_km": 36.197024617572914, "distance_cost_sum": 39.83716642595565, "population_cost_sum": 17.31210242086407, "traffic_cost_sum": 21.545839729752437, "airspace_cost_sum": 36.4, "total_weighted_score": 33.07964722442817}, "geometry": {"type": "LineString", "coordinates": [[-90.15289905765549, 38.57128267769979], [-90.15845430205954, 38.57592253965332], [-90.16401026010618, 38.58056216167], [-90.16956693197352, 38.58520154361737], [-90.17512431783956, 38.5898406853631], [-90.18068241788241, 38.5944795867747], [-90.18624123228014, 38.59911824771971], [-90.18606536210271, 38.60361878809667], [-90.19162520914848, 38.60825722636621], [-90.19718577106451, 38.612895423864465], [-90.20274704802898, 38.61753338045887], [-90.2083090402201, 38.622171096016864], [-90.21387174781604, 38.62680857040582], [-90.21943517099498, 38.631445803493165], [-90.22499930993523, 38.636082795146216], [-90.23056416481495, 38.64071954523234], [-90.2361297358124, 38.64535605361884], [-90.24169602310592, 38.649992320172984], [-90.24726302687371, 38.65462834476206], [-90.25283074729404, 38.65926412725328], [-90.2583991845453, 38.663899667513896], [-90.26396833880578, 38.66853496541107], [-90.26953821025378, 38.673170020811966], [-90.2751087990677, 38.67780483358376], [-90.28068010542587, 38.682439403593555], [-90.28625212950666, 38.68707373070842], [-90.29182487148844, 38.69170781479548], [-90.29739833154962, 38.69634165572174], [-90.30297250986867, 38.70097525335427], [-90.30280331580018, 38.70547615766316], [-90.30837853409372, 38.710109528957155], [-90.31395447116216, 38.71474265665128], [-90.31378588266769, 38.71924359100243], [-90.31936286061908, 38.72387649197406], [-90.32494055786266, 38.72850914903958], [-90.330518974577, 38.7331415620659], [-90.33626541075455, 38.733272728767844], [-90.3420118843105, 38.73340361338185], [-90.34775839516463, 38.73353421590239], [-90.35333872308522, 38.73816560113835], [-90.35908566820065, 38.73829566025279], [-90.36466711306467, 38.742926539503976], [-90.37024927800739, 38.74755717394432]]}}, {"type": "Feature", "properties": {"route_run_id": "stl_st_louis_downtown_airport_to_st_louis_lambert_2026-03-07_0123", "route_pair": "st_louis_downtown_airport_to_st_louis_lambert", "route_pair_label": "St. Louis Downtown Airport to St. Louis Lambert", "origin_label": "St. Louis Downtown Airport", "destination_label": "St. Louis Lambert International Airport", "origin_lat": 38.5703611, "origin_lon": -90.1550833, "destination_lat": 38.7486982, "destination_lon": -90.3700257, "traffic_date": "2026-03-07", "traffic_dataset": "March 7th - Saturday", "weight_id": "w_0123", "distance_weight": 0.2, "population_weight": 0.0, "traffic_weight": 0.1, "airspace_weight": 0.7, "path_nodes": 40, "path_node_ids": [2179, 2180, 2174, 2199, 2203, 2207, 2341, 2344, 2368, 2374, 2394, 2397, 2712, 2716, 2739, 2746, 2769, 2747, 2684, 2687, 3987, 3990, 4016, 4017, 4022, 4029, 4034, 4060, 4064, 5048, 5052, 5076, 5082, 5299, 5304, 5319, 5321, 5357, 5358, 5364], "elapsed_seconds": 0.038782999967224896, "status": "success", "failure_reason": "", "route_distance_km": 35.06909548721607, "distance_cost_sum": 38.5958074756707, "population_cost_sum": 25.61136132378821, "traffic_cost_sum": 15.3602348791462, "airspace_cost_sum": 33.4, "total_weighted_score": 32.63518498304876}, "geometry": {"type": "LineString", "coordinates": [[-90.15289905765549, 38.57128267769979], [-90.15845430205954, 38.57592253965332], [-90.16401026010618, 38.58056216167], [-90.16956693197352, 38.58520154361737], [-90.17512431783956, 38.5898406853631], [-90.18068241788241, 38.5944795867747], [-90.18624123228014, 38.59911824771971], [-90.19180076121087, 38.60375666806568], [-90.19736100485268, 38.60839484768009], [-90.20292196338367, 38.61303278643038], [-90.2084836369821, 38.617670484184025], [-90.21404602582597, 38.62230794080845], [-90.21960913009349, 38.62694515617101], [-90.22517294996291, 38.63158213013913], [-90.23073748561237, 38.63621886258013], [-90.23630273722006, 38.640855353361346], [-90.24186870496423, 38.645491602350084], [-90.24760771267954, 38.645626869943555], [-90.25317479343335, 38.65026261746583], [-90.25874259069872, 38.654898122837295], [-90.26431110465388, 38.659533385925144], [-90.26988033547711, 38.664168406596616], [-90.27545028334664, 38.66880318471887], [-90.28102094844074, 38.67343772015905], [-90.28659233093768, 38.67807201278429], [-90.29216443101578, 38.68270606246168], [-90.29773724885335, 38.68733986905835], [-90.30331078462868, 38.69197343244128], [-90.30888503852013, 38.69660675247757], [-90.31446001070607, 38.70123982903419], [-90.32003570136486, 38.70587266197814], [-90.32561211067481, 38.710505251176386], [-90.33118923881437, 38.715137596495865], [-90.3367670859619, 38.719769697803464], [-90.34234565229588, 38.724401554966114], [-90.34792493799469, 38.72903316785066], [-90.35350494323681, 38.73366453632395], [-90.35908566820065, 38.73829566025279], [-90.36466711306467, 38.742926539503976], [-90.37024927800739, 38.74755717394432]]}}, {"type": "Feature", "properties": {"route_run_id": "stl_st_louis_downtown_airport_to_st_louis_lambert_2026-03-07_0075", "route_pair": "st_louis_downtown_airport_to_st_louis_lambert", "route_pair_label": "St. Louis Downtown Airport to St. Louis Lambert", "origin_label": "St. Louis Downtown Airport", "destination_label": "St. Louis Lambert International Airport", "origin_lat": 38.5703611, "origin_lon": -90.1550833, "destination_lat": 38.7486982, "destination_lon": -90.3700257, "traffic_date": "2026-03-07", "traffic_dataset": "March 7th - Saturday", "weight_id": "w_0075", "distance_weight": 0.1, "population_weight": 0.0, "traffic_weight": 0.8, "airspace_weight": 0.1, "path_nodes": 52, "path_node_ids": [2179, 2180, 2172, 2176, 2200, 2204, 2317, 2340, 2346, 2371, 2391, 2389, 2388, 2390, 2382, 2383, 2384, 2381, 3291, 3294, 3295, 2619, 2622, 2624, 2625, 2639, 2645, 2646, 2660, 2666, 3746, 3749, 3773, 3775, 3786, 3789, 5007, 5010, 5037, 5045, 5046, 5050, 5052, 5076, 5082, 5299, 5304, 5319, 5321, 5357, 5358, 5364], "elapsed_seconds": 0.02434570004697889, "status": "success", "failure_reason": "", "route_distance_km": 41.68391537561124, "distance_cost_sum": 45.87584453826918, "population_cost_sum": 34.902567513053675, "traffic_cost_sum": 8.948430256176522, "airspace_cost_sum": 42.6, "total_weighted_score": 16.006328658768137}, "geometry": {"type": "LineString", "coordinates": [[-90.15289905765549, 38.57128267769979], [-90.15845430205954, 38.57592253965332], [-90.16418736160693, 38.57606168922697], [-90.16974371606538, 38.58070105309441], [-90.17530078436367, 38.58534017679984], [-90.1808585666797, 38.58997906021084], [-90.18641706319154, 38.594617703194956], [-90.1919762740773, 38.599256105619745], [-90.19753619951499, 38.60389426735269], [-90.20309683968271, 38.60853218826128], [-90.20865819475857, 38.61316986821297], [-90.21439446510948, 38.61330666920645], [-90.22013077435682, 38.613443189405075], [-90.22586712242094, 38.61357942880305], [-90.2316035092222, 38.613715387394656], [-90.2371671649366, 38.61835179018503], [-90.24290398660771, 38.61848720882003], [-90.24881290125248, 38.614121578273846], [-90.25454944220584, 38.61425641358266], [-90.26011468234759, 38.61889177949167], [-90.26585165757079, 38.619026074618795], [-90.27158867098281, 38.61916008885477], [-90.27715541836658, 38.623794693869755], [-90.28272288137876, 38.6284290566021], [-90.28846072453517, 38.62856227076729], [-90.29402929919887, 38.633196131358105], [-90.29959858986506, 38.63782974930801], [-90.30516859671155, 38.64246312448426], [-90.30499989326923, 38.646964082050346], [-90.31057093709157, 38.65159723137826], [-90.31614269760959, 38.65623013762685], [-90.32171517500115, 38.66086280066329], [-90.32728836944425, 38.66549522035468], [-90.33286228111679, 38.67012739656812], [-90.33843691019668, 38.6747593291707], [-90.33827009559579, 38.67926038440383], [-90.3381032437251, 38.68376143555556], [-90.33793635457556, 38.688262482625575], [-90.33776942813816, 38.69276352561359], [-90.331858904295, 38.69713356554443], [-90.32611538157217, 38.69700228484725], [-90.32020381761771, 38.70137169425106], [-90.32003570136486, 38.70587266197814], [-90.32561211067481, 38.710505251176386], [-90.33118923881437, 38.715137596495865], [-90.3367670859619, 38.719769697803464], [-90.34234565229588, 38.724401554966114], [-90.34792493799469, 38.72903316785066], [-90.35350494323681, 38.73366453632395], [-90.35908566820065, 38.73829566025279], [-90.36466711306467, 38.742926539503976], [-90.37024927800739, 38.74755717394432]]}}, {"type": "Feature", "properties": {"route_run_id": "stl_st_louis_downtown_airport_to_st_louis_lambert_2026-03-07_0278", "route_pair": "st_louis_downtown_airport_to_st_louis_lambert", "route_pair_label": "St. Louis Downtown Airport to St. Louis Lambert", "origin_label": "St. Louis Downtown Airport", "destination_label": "St. Louis Lambert International Airport", "origin_lat": 38.5703611, "origin_lon": -90.1550833, "destination_lat": 38.7486982, "destination_lon": -90.3700257, "traffic_date": "2026-03-07", "traffic_dataset": "March 7th - Saturday", "weight_id": "w_0278", "distance_weight": 0.8, "population_weight": 0.0, "traffic_weight": 0.0, "airspace_weight": 0.2, "path_nodes": 40, "path_node_ids": [2179, 2147, 2172, 2176, 2200, 2204, 2317, 2340, 2346, 2371, 2391, 2395, 2708, 2713, 2738, 2741, 2745, 2747, 2684, 2687, 3987, 3990, 4016, 4017, 4022, 4029, 4034, 4060, 4064, 5048, 5052, 5076, 5082, 5299, 5304, 5319, 5321, 5357, 5358, 5364], "elapsed_seconds": 0.004531100043095648, "status": "success", "failure_reason": "", "route_distance_km": 35.06847425714207, "distance_cost_sum": 38.5951237717998, "population_cost_sum": 26.02381511715049, "traffic_cost_sum": 16.149378808043295, "airspace_cost_sum": 33.4, "total_weighted_score": 37.55609901743984}, "geometry": {"type": "LineString", "coordinates": [[-90.15289905765549, 38.57128267769979], [-90.15863172081019, 38.571422085329914], [-90.16418736160693, 38.57606168922697], [-90.16974371606538, 38.58070105309441], [-90.17530078436367, 38.58534017679984], [-90.1808585666797, 38.58997906021084], [-90.18641706319154, 38.594617703194956], [-90.1919762740773, 38.599256105619745], [-90.19753619951499, 38.60389426735269], [-90.20309683968271, 38.60853218826128], [-90.20865819475857, 38.61316986821297], [-90.21422026492066, 38.617807307075225], [-90.21978305034705, 38.62244450471542], [-90.22534655121595, 38.62708146100096], [-90.2309107677055, 38.63171817579922], [-90.2364756999938, 38.63635464897752], [-90.2420413482591, 38.64099088040321], [-90.24760771267954, 38.645626869943555], [-90.25317479343335, 38.65026261746583], [-90.25874259069872, 38.654898122837295], [-90.26431110465388, 38.659533385925144], [-90.26988033547711, 38.664168406596616], [-90.27545028334664, 38.66880318471887], [-90.28102094844074, 38.67343772015905], [-90.28659233093768, 38.67807201278429], [-90.29216443101578, 38.68270606246168], [-90.29773724885335, 38.68733986905835], [-90.30331078462868, 38.69197343244128], [-90.30888503852013, 38.69660675247757], [-90.31446001070607, 38.70123982903419], [-90.32003570136486, 38.70587266197814], [-90.32561211067481, 38.710505251176386], [-90.33118923881437, 38.715137596495865], [-90.3367670859619, 38.719769697803464], [-90.34234565229588, 38.724401554966114], [-90.34792493799469, 38.72903316785066], [-90.35350494323681, 38.73366453632395], [-90.35908566820065, 38.73829566025279], [-90.36466711306467, 38.742926539503976], [-90.37024927800739, 38.74755717394432]]}}, {"type": "Feature", "properties": {"route_run_id": "stl_st_louis_downtown_airport_to_st_louis_lambert_2026-03-07_0211", "route_pair": "st_louis_downtown_airport_to_st_louis_lambert", "route_pair_label": "St. Louis Downtown Airport to St. Louis Lambert", "origin_label": "St. Louis Downtown Airport", "destination_label": "St. Louis Lambert International Airport", "origin_lat": 38.5703611, "origin_lon": -90.1550833, "destination_lat": 38.7486982, "destination_lon": -90.3700257, "traffic_date": "2026-03-07", "traffic_dataset": "March 7th - Saturday", "weight_id": "w_0211", "distance_weight": 0.4, "population_weight": 0.1, "traffic_weight": 0.0, "airspace_weight": 0.5, "path_nodes": 40, "path_node_ids": [2179, 2180, 2174, 2199, 2203, 2207, 2341, 2344, 2368, 2374, 2394, 2397, 2712, 2716, 2739, 2746, 2769, 2773, 3985, 3988, 3992, 3994, 4019, 4017, 4022, 4029, 4034, 4060, 4064, 5048, 5052, 5076, 5082, 5299, 5304, 5319, 5321, 5357, 5358, 5364], "elapsed_seconds": 0.016750300070270896, "status": "success", "failure_reason": "", "route_distance_km": 35.06932923764436, "distance_cost_sum": 38.59606473313351, "population_cost_sum": 24.787572976016946, "traffic_cost_sum": 15.41417932224777, "airspace_cost_sum": 33.4, "total_weighted_score": 34.6171831908551}, "geometry": {"type": "LineString", "coordinates": [[-90.15289905765549, 38.57128267769979], [-90.15845430205954, 38.57592253965332], [-90.16401026010618, 38.58056216167], [-90.16956693197352, 38.58520154361737], [-90.17512431783956, 38.5898406853631], [-90.18068241788241, 38.5944795867747], [-90.18624123228014, 38.59911824771971], [-90.19180076121087, 38.60375666806568], [-90.19736100485268, 38.60839484768009], [-90.20292196338367, 38.61303278643038], [-90.2084836369821, 38.617670484184025], [-90.21404602582597, 38.62230794080845], [-90.21960913009349, 38.62694515617101], [-90.22517294996291, 38.63158213013913], [-90.23073748561237, 38.63621886258013], [-90.23630273722006, 38.640855353361346], [-90.24186870496423, 38.645491602350084], [-90.24743538902311, 38.65012760941361], [-90.25300278957496, 38.654763374419176], [-90.25857090679797, 38.65939889723403], [-90.26413974087053, 38.66403417772537], [-90.26970929197084, 38.66866921576039], [-90.27527956027723, 38.67330401120623], [-90.28102094844074, 38.67343772015905], [-90.28659233093768, 38.67807201278429], [-90.29216443101578, 38.68270606246168], [-90.29773724885335, 38.68733986905835], [-90.30331078462868, 38.69197343244128], [-90.30888503852013, 38.69660675247757], [-90.31446001070607, 38.70123982903419], [-90.32003570136486, 38.70587266197814], [-90.32561211067481, 38.710505251176386], [-90.33118923881437, 38.715137596495865], [-90.3367670859619, 38.719769697803464], [-90.34234565229588, 38.724401554966114], [-90.34792493799469, 38.72903316785066], [-90.35350494323681, 38.73366453632395], [-90.35908566820065, 38.73829566025279], [-90.36466711306467, 38.742926539503976], [-90.37024927800739, 38.74755717394432]]}}, {"type": "Feature", "properties": {"route_run_id": "stl_st_louis_downtown_airport_to_st_louis_lambert_2026-03-07_0041", "route_pair": "st_louis_downtown_airport_to_st_louis_lambert", "route_pair_label": "St. Louis Downtown Airport to St. Louis Lambert", "origin_label": "St. Louis Downtown Airport", "destination_label": "St. Louis Lambert International Airport", "origin_lat": 38.5703611, "origin_lon": -90.1550833, "destination_lat": 38.7486982, "destination_lon": -90.3700257, "traffic_date": "2026-03-07", "traffic_dataset": "March 7th - Saturday", "weight_id": "w_0041", "distance_weight": 0.0, "population_weight": 0.4, "traffic_weight": 0.2, "airspace_weight": 0.4, "path_nodes": 41, "path_node_ids": [2179, 2180, 2183, 2198, 2202, 2206, 2449, 2345, 2370, 2373, 2398, 2709, 2711, 2714, 2750, 2744, 2770, 2772, 2777, 3989, 3993, 4006, 4008, 4021, 4045, 4047, 4058, 4062, 4077, 4079, 5077, 5081, 5079, 5306, 5303, 5318, 5323, 5346, 5357, 5358, 5364], "elapsed_seconds": 0.04261689994018525, "status": "success", "failure_reason": "", "route_distance_km": 35.445716975103075, "distance_cost_sum": 39.010303778918285, "population_cost_sum": 22.214905942913024, "traffic_cost_sum": 15.4922371601258, "airspace_cost_sum": 34.4, "total_weighted_score": 25.744409809190373}, "geometry": {"type": "LineString", "coordinates": [[-90.15289905765549, 38.57128267769979], [-90.15845430205954, 38.57592253965332], [-90.15827684369297, 38.58042298981685], [-90.16383311905943, 38.58506262995554], [-90.16939010840554, 38.58970202998531], [-90.17494781190939, 38.59434118977373], [-90.18050622974906, 38.59898010918833], [-90.18606536210271, 38.60361878809667], [-90.19162520914848, 38.60825722636621], [-90.19718577106451, 38.612895423864465], [-90.20274704802898, 38.61753338045887], [-90.2083090402201, 38.622171096016864], [-90.21387174781604, 38.62680857040582], [-90.21943517099498, 38.631445803493165], [-90.22499930993523, 38.636082795146216], [-90.23056416481495, 38.64071954523234], [-90.2361297358124, 38.64535605361884], [-90.24169602310592, 38.649992320172984], [-90.24726302687371, 38.65462834476206], [-90.25283074729404, 38.65926412725328], [-90.2583991845453, 38.663899667513896], [-90.26396833880578, 38.66853496541107], [-90.26953821025378, 38.673170020811966], [-90.2751087990677, 38.67780483358376], [-90.28068010542587, 38.682439403593555], [-90.28625212950666, 38.68707373070842], [-90.29182487148844, 38.69170781479548], [-90.29739833154962, 38.69634165572174], [-90.30297250986867, 38.70097525335427], [-90.30854740662397, 38.70560860756003], [-90.31412302199392, 38.71024171820601], [-90.31969935615703, 38.71487458515916], [-90.32544427873452, 38.71500623177588], [-90.33102172891115, 38.71963859401861], [-90.33659989825608, 38.72427071220935], [-90.34217878694776, 38.72890258621499], [-90.34775839516463, 38.73353421590239], [-90.35333872308522, 38.73816560113835], [-90.35908566820065, 38.73829566025279], [-90.36466711306467, 38.742926539503976], [-90.37024927800739, 38.74755717394432]]}}, {"type": "Feature", "properties": {"route_run_id": "stl_st_louis_downtown_airport_to_st_louis_lambert_2026-03-07_0138", "route_pair": "st_louis_downtown_airport_to_st_louis_lambert", "route_pair_label": "St. Louis Downtown Airport to St. Louis Lambert", "origin_label": "St. Louis Downtown Airport", "destination_label": "St. Louis Lambert International Airport", "origin_lat": 38.5703611, "origin_lon": -90.1550833, "destination_lat": 38.7486982, "destination_lon": -90.3700257, "traffic_date": "2026-03-07", "traffic_dataset": "March 7th - Saturday", "weight_id": "w_0138", "distance_weight": 0.2, "population_weight": 0.1, "traffic_weight": 0.7, "airspace_weight": 0.0, "path_nodes": 50, "path_node_ids": [2179, 2180, 2172, 2176, 2200, 2204, 2317, 2340, 2346, 2371, 2391, 2389, 2388, 2390, 2382, 2383, 2718, 2723, 2629, 3300, 2628, 2627, 2649, 2648, 2650, 2644, 2659, 2660, 2666, 3746, 3749, 3773, 3777, 4996, 4999, 5001, 5026, 5031, 5046, 5050, 5052, 5076, 5082, 5299, 5304, 5319, 5321, 5357, 5358, 5364], "elapsed_seconds": 0.013091200031340122, "status": "success", "failure_reason": "", "route_distance_km": 39.87273308745133, "distance_cost_sum": 43.88252130235488, "population_cost_sum": 29.966545641563656, "traffic_cost_sum": 9.688675149270377, "airspace_cost_sum": 41.000000000000014, "total_weighted_score": 18.555231429116606}, "geometry": {"type": "LineString", "coordinates": [[-90.15289905765549, 38.57128267769979], [-90.15845430205954, 38.57592253965332], [-90.16418736160693, 38.57606168922697], [-90.16974371606538, 38.58070105309441], [-90.17530078436367, 38.58534017679984], [-90.1808585666797, 38.58997906021084], [-90.18641706319154, 38.594617703194956], [-90.1919762740773, 38.599256105619745], [-90.19753619951499, 38.60389426735269], [-90.20309683968271, 38.60853218826128], [-90.20865819475857, 38.61316986821297], [-90.21439446510948, 38.61330666920645], [-90.22013077435682, 38.613443189405075], [-90.22586712242094, 38.61357942880305], [-90.2316035092222, 38.613715387394656], [-90.2371671649366, 38.61835179018503], [-90.24273153599036, 38.622987951382164], [-90.24829662256141, 38.627623870853405], [-90.25403423671318, 38.627758770921055], [-90.2597718892317, 38.627893390019125], [-90.2655095800372, 38.62802772814192], [-90.27124730905007, 38.628161785283794], [-90.27681469596656, 38.63279642490153], [-90.28255285909326, 38.6329299414317], [-90.28829106019728, 38.6330631769191], [-90.29385995499997, 38.63769705468798], [-90.29942956596467, 38.642330689775996], [-90.30499989326923, 38.646964082050346], [-90.31057093709157, 38.65159723137826], [-90.31614269760959, 38.65623013762685], [-90.32171517500115, 38.66086280066329], [-90.32728836944425, 38.66549522035468], [-90.32712091202843, 38.66999624182737], [-90.32121172679417, 38.674365801995194], [-90.32104383573602, 38.678866794261786], [-90.32087590716817, 38.68336778243918], [-90.32070794108151, 38.68786876652711], [-90.32053993746693, 38.69236974652525], [-90.32611538157217, 38.69700228484725], [-90.32020381761771, 38.70137169425106], [-90.32003570136486, 38.70587266197814], [-90.32561211067481, 38.710505251176386], [-90.33118923881437, 38.715137596495865], [-90.3367670859619, 38.719769697803464], [-90.34234565229588, 38.724401554966114], [-90.34792493799469, 38.72903316785066], [-90.35350494323681, 38.73366453632395], [-90.35908566820065, 38.73829566025279], [-90.36466711306467, 38.742926539503976], [-90.37024927800739, 38.74755717394432]]}}, {"type": "Feature", "properties": {"route_run_id": "stl_st_louis_downtown_airport_to_st_louis_lambert_2026-03-07_0168", "route_pair": "st_louis_downtown_airport_to_st_louis_lambert", "route_pair_label": "St. Louis Downtown Airport to St. Louis Lambert", "origin_label": "St. Louis Downtown Airport", "destination_label": "St. Louis Lambert International Airport", "origin_lat": 38.5703611, "origin_lon": -90.1550833, "destination_lat": 38.7486982, "destination_lon": -90.3700257, "traffic_date": "2026-03-07", "traffic_dataset": "March 7th - Saturday", "weight_id": "w_0168", "distance_weight": 0.3, "population_weight": 0.0, "traffic_weight": 0.0, "airspace_weight": 0.7, "path_nodes": 40, "path_node_ids": [2179, 2147, 2172, 2176, 2200, 2204, 2317, 2340, 2346, 2371, 2391, 2395, 2708, 2713, 2738, 2741, 2745, 2747, 2684, 2687, 3987, 3990, 4016, 4017, 4022, 4029, 4034, 4060, 4064, 5048, 5052, 5076, 5082, 5299, 5304, 5319, 5321, 5357, 5358, 5364], "elapsed_seconds": 0.028520000050775707, "status": "success", "failure_reason": "", "route_distance_km": 35.06847425714207, "distance_cost_sum": 38.5951237717998, "population_cost_sum": 26.02381511715049, "traffic_cost_sum": 16.149378808043295, "airspace_cost_sum": 33.4, "total_weighted_score": 34.95853713153994}, "geometry": {"type": "LineString", "coordinates": [[-90.15289905765549, 38.57128267769979], [-90.15863172081019, 38.571422085329914], [-90.16418736160693, 38.57606168922697], [-90.16974371606538, 38.58070105309441], [-90.17530078436367, 38.58534017679984], [-90.1808585666797, 38.58997906021084], [-90.18641706319154, 38.594617703194956], [-90.1919762740773, 38.599256105619745], [-90.19753619951499, 38.60389426735269], [-90.20309683968271, 38.60853218826128], [-90.20865819475857, 38.61316986821297], [-90.21422026492066, 38.617807307075225], [-90.21978305034705, 38.62244450471542], [-90.22534655121595, 38.62708146100096], [-90.2309107677055, 38.63171817579922], [-90.2364756999938, 38.63635464897752], [-90.2420413482591, 38.64099088040321], [-90.24760771267954, 38.645626869943555], [-90.25317479343335, 38.65026261746583], [-90.25874259069872, 38.654898122837295], [-90.26431110465388, 38.659533385925144], [-90.26988033547711, 38.664168406596616], [-90.27545028334664, 38.66880318471887], [-90.28102094844074, 38.67343772015905], [-90.28659233093768, 38.67807201278429], [-90.29216443101578, 38.68270606246168], [-90.29773724885335, 38.68733986905835], [-90.30331078462868, 38.69197343244128], [-90.30888503852013, 38.69660675247757], [-90.31446001070607, 38.70123982903419], [-90.32003570136486, 38.70587266197814], [-90.32561211067481, 38.710505251176386], [-90.33118923881437, 38.715137596495865], [-90.3367670859619, 38.719769697803464], [-90.34234565229588, 38.724401554966114], [-90.34792493799469, 38.72903316785066], [-90.35350494323681, 38.73366453632395], [-90.35908566820065, 38.73829566025279], [-90.36466711306467, 38.742926539503976], [-90.37024927800739, 38.74755717394432]]}}, {"type": "Feature", "properties": {"route_run_id": "stl_st_louis_downtown_airport_to_st_louis_lambert_2026-03-07_0025", "route_pair": "st_louis_downtown_airport_to_st_louis_lambert", "route_pair_label": "St. Louis Downtown Airport to St. Louis Lambert", "origin_label": "St. Louis Downtown Airport", "destination_label": "St. Louis Lambert International Airport", "origin_lat": 38.5703611, "origin_lon": -90.1550833, "destination_lat": 38.7486982, "destination_lon": -90.3700257, "traffic_date": "2026-03-07", "traffic_dataset": "March 7th - Saturday", "weight_id": "w_0025", "distance_weight": 0.0, "population_weight": 0.2, "traffic_weight": 0.3, "airspace_weight": 0.5, "path_nodes": 41, "path_node_ids": [2179, 2180, 2183, 2198, 2202, 2206, 2449, 2345, 2370, 2373, 2398, 2709, 2711, 2714, 2750, 2744, 2770, 2772, 2777, 3989, 3993, 4006, 4008, 4021, 4045, 4047, 4058, 4062, 4077, 4079, 5077, 5052, 5076, 5082, 5299, 5304, 5319, 5321, 5357, 5358, 5364], "elapsed_seconds": 0.042252899962477386, "status": "success", "failure_reason": "", "route_distance_km": 35.97908767101205, "distance_cost_sum": 39.59731272244726, "population_cost_sum": 23.156990514279457, "traffic_cost_sum": 13.716044675315588, "airspace_cost_sum": 34.4, "total_weighted_score": 25.94621150545057}, "geometry": {"type": "LineString", "coordinates": [[-90.15289905765549, 38.57128267769979], [-90.15845430205954, 38.57592253965332], [-90.15827684369297, 38.58042298981685], [-90.16383311905943, 38.58506262995554], [-90.16939010840554, 38.58970202998531], [-90.17494781190939, 38.59434118977373], [-90.18050622974906, 38.59898010918833], [-90.18606536210271, 38.60361878809667], [-90.19162520914848, 38.60825722636621], [-90.19718577106451, 38.612895423864465], [-90.20274704802898, 38.61753338045887], [-90.2083090402201, 38.622171096016864], [-90.21387174781604, 38.62680857040582], [-90.21943517099498, 38.631445803493165], [-90.22499930993523, 38.636082795146216], [-90.23056416481495, 38.64071954523234], [-90.2361297358124, 38.64535605361884], [-90.24169602310592, 38.649992320172984], [-90.24726302687371, 38.65462834476206], [-90.25283074729404, 38.65926412725328], [-90.2583991845453, 38.663899667513896], [-90.26396833880578, 38.66853496541107], [-90.26953821025378, 38.673170020811966], [-90.2751087990677, 38.67780483358376], [-90.28068010542587, 38.682439403593555], [-90.28625212950666, 38.68707373070842], [-90.29182487148844, 38.69170781479548], [-90.29739833154962, 38.69634165572174], [-90.30297250986867, 38.70097525335427], [-90.30854740662397, 38.70560860756003], [-90.31412302199392, 38.71024171820601], [-90.32003570136486, 38.70587266197814], [-90.32561211067481, 38.710505251176386], [-90.33118923881437, 38.715137596495865], [-90.3367670859619, 38.719769697803464], [-90.34234565229588, 38.724401554966114], [-90.34792493799469, 38.72903316785066], [-90.35350494323681, 38.73366453632395], [-90.35908566820065, 38.73829566025279], [-90.36466711306467, 38.742926539503976], [-90.37024927800739, 38.74755717394432]]}}, {"type": "Feature", "properties": {"route_run_id": "stl_st_louis_downtown_airport_to_st_louis_lambert_2026-03-07_0105", "route_pair": "st_louis_downtown_airport_to_st_louis_lambert", "route_pair_label": "St. Louis Downtown Airport to St. Louis Lambert", "origin_label": "St. Louis Downtown Airport", "destination_label": "St. Louis Lambert International Airport", "origin_lat": 38.5703611, "origin_lon": -90.1550833, "destination_lat": 38.7486982, "destination_lon": -90.3700257, "traffic_date": "2026-03-07", "traffic_dataset": "March 7th - Saturday", "weight_id": "w_0105", "distance_weight": 0.1, "population_weight": 0.4, "traffic_weight": 0.4, "airspace_weight": 0.1, "path_nodes": 41, "path_node_ids": [2179, 2180, 2183, 2198, 2202, 2206, 2449, 2345, 2370, 2373, 2398, 2709, 2711, 2714, 2750, 2744, 2770, 2772, 2777, 3989, 3993, 4006, 3994, 4019, 4020, 4023, 4055, 4059, 4063, 4064, 5048, 5052, 5076, 5082, 5299, 5304, 5319, 5321, 5357, 5358, 5364], "elapsed_seconds": 0.04636979999486357, "status": "success", "failure_reason": "", "route_distance_km": 35.444974610774196, "distance_cost_sum": 39.00948675896621, "population_cost_sum": 22.999382459977298, "traffic_cost_sum": 13.969149855183435, "airspace_cost_sum": 34.4, "total_weighted_score": 22.128361601960915}, "geometry": {"type": "LineString", "coordinates": [[-90.15289905765549, 38.57128267769979], [-90.15845430205954, 38.57592253965332], [-90.15827684369297, 38.58042298981685], [-90.16383311905943, 38.58506262995554], [-90.16939010840554, 38.58970202998531], [-90.17494781190939, 38.59434118977373], [-90.18050622974906, 38.59898010918833], [-90.18606536210271, 38.60361878809667], [-90.19162520914848, 38.60825722636621], [-90.19718577106451, 38.612895423864465], [-90.20274704802898, 38.61753338045887], [-90.2083090402201, 38.622171096016864], [-90.21387174781604, 38.62680857040582], [-90.21943517099498, 38.631445803493165], [-90.22499930993523, 38.636082795146216], [-90.23056416481495, 38.64071954523234], [-90.2361297358124, 38.64535605361884], [-90.24169602310592, 38.649992320172984], [-90.24726302687371, 38.65462834476206], [-90.25283074729404, 38.65926412725328], [-90.2583991845453, 38.663899667513896], [-90.26396833880578, 38.66853496541107], [-90.26970929197084, 38.66866921576039], [-90.27527956027723, 38.67330401120623], [-90.28085054596801, 38.677938563930056], [-90.28642224922152, 38.68257287379895], [-90.29199467021606, 38.68720694068001], [-90.29756780913004, 38.69184076444029], [-90.3031416661418, 38.696474344946864], [-90.30888503852013, 38.69660675247757], [-90.31446001070607, 38.70123982903419], [-90.32003570136486, 38.70587266197814], [-90.32561211067481, 38.710505251176386], [-90.33118923881437, 38.715137596495865], [-90.3367670859619, 38.719769697803464], [-90.34234565229588, 38.724401554966114], [-90.34792493799469, 38.72903316785066], [-90.35350494323681, 38.73366453632395], [-90.35908566820065, 38.73829566025279], [-90.36466711306467, 38.742926539503976], [-90.37024927800739, 38.74755717394432]]}}, {"type": "Feature", "properties": {"route_run_id": "stl_st_louis_downtown_airport_to_st_louis_lambert_2026-03-07_0178", "route_pair": "st_louis_downtown_airport_to_st_louis_lambert", "route_pair_label": "St. Louis Downtown Airport to St. Louis Lambert", "origin_label": "St. Louis Downtown Airport", "destination_label": "St. Louis Lambert International Airport", "origin_lat": 38.5703611, "origin_lon": -90.1550833, "destination_lat": 38.7486982, "destination_lon": -90.3700257, "traffic_date": "2026-03-07", "traffic_dataset": "March 7th - Saturday", "weight_id": "w_0178", "distance_weight": 0.3, "population_weight": 0.1, "traffic_weight": 0.2, "airspace_weight": 0.4, "path_nodes": 40, "path_node_ids": [2179, 2180, 2174, 2199, 2203, 2207, 2341, 2344, 2368, 2374, 2394, 2397, 2712, 2716, 2739, 2746, 2769, 2773, 3985, 3988, 3992, 3994, 4019, 4020, 4023, 4055, 4059, 4063, 4064, 5048, 5052, 5076, 5082, 5299, 5304, 5319, 5321, 5357, 5358, 5364], "elapsed_seconds": 0.021561199915595353, "status": "success", "failure_reason": "", "route_distance_km": 35.0695243590648, "distance_cost_sum": 38.596279476875054, "population_cost_sum": 23.651108783135093, "traffic_cost_sum": 14.425692925774984, "airspace_cost_sum": 33.8, "total_weighted_score": 30.349133306531023}, "geometry": {"type": "LineString", "coordinates": [[-90.15289905765549, 38.57128267769979], [-90.15845430205954, 38.57592253965332], [-90.16401026010618, 38.58056216167], [-90.16956693197352, 38.58520154361737], [-90.17512431783956, 38.5898406853631], [-90.18068241788241, 38.5944795867747], [-90.18624123228014, 38.59911824771971], [-90.19180076121087, 38.60375666806568], [-90.19736100485268, 38.60839484768009], [-90.20292196338367, 38.61303278643038], [-90.2084836369821, 38.617670484184025], [-90.21404602582597, 38.62230794080845], [-90.21960913009349, 38.62694515617101], [-90.22517294996291, 38.63158213013913], [-90.23073748561237, 38.63621886258013], [-90.23630273722006, 38.640855353361346], [-90.24186870496423, 38.645491602350084], [-90.24743538902311, 38.65012760941361], [-90.25300278957496, 38.654763374419176], [-90.25857090679797, 38.65939889723403], [-90.26413974087053, 38.66403417772537], [-90.26970929197084, 38.66866921576039], [-90.27527956027723, 38.67330401120623], [-90.28085054596801, 38.677938563930056], [-90.28642224922152, 38.68257287379895], [-90.29199467021606, 38.68720694068001], [-90.29756780913004, 38.69184076444029], [-90.3031416661418, 38.696474344946864], [-90.30888503852013, 38.69660675247757], [-90.31446001070607, 38.70123982903419], [-90.32003570136486, 38.70587266197814], [-90.32561211067481, 38.710505251176386], [-90.33118923881437, 38.715137596495865], [-90.3367670859619, 38.719769697803464], [-90.34234565229588, 38.724401554966114], [-90.34792493799469, 38.72903316785066], [-90.35350494323681, 38.73366453632395], [-90.35908566820065, 38.73829566025279], [-90.36466711306467, 38.742926539503976], [-90.37024927800739, 38.74755717394432]]}}, {"type": "Feature", "properties": {"route_run_id": "stl_st_louis_downtown_airport_to_st_louis_lambert_2026-03-07_0195", "route_pair": "st_louis_downtown_airport_to_st_louis_lambert", "route_pair_label": "St. Louis Downtown Airport to St. Louis Lambert", "origin_label": "St. Louis Downtown Airport", "destination_label": "St. Louis Lambert International Airport", "origin_lat": 38.5703611, "origin_lon": -90.1550833, "destination_lat": 38.7486982, "destination_lon": -90.3700257, "traffic_date": "2026-03-07", "traffic_dataset": "March 7th - Saturday", "weight_id": "w_0195", "distance_weight": 0.3, "population_weight": 0.4, "traffic_weight": 0.1, "airspace_weight": 0.2, "path_nodes": 43, "path_node_ids": [2179, 2180, 2183, 2198, 2202, 2206, 2449, 2345, 2370, 2373, 2398, 2709, 2711, 2714, 2750, 2744, 2770, 2772, 2777, 3989, 3993, 4006, 4008, 4021, 4045, 4047, 4058, 4062, 4077, 4082, 4084, 5080, 5084, 5310, 5311, 5337, 5320, 5322, 5323, 5346, 5357, 5358, 5364], "elapsed_seconds": 0.019635500037111342, "status": "success", "failure_reason": "", "route_distance_km": 36.19709159463293, "distance_cost_sum": 39.83724013854156, "population_cost_sum": 17.31210242086407, "traffic_cost_sum": 21.464075654287832, "airspace_cost_sum": 36.4, "total_weighted_score": 28.30242057533688}, "geometry": {"type": "LineString", "coordinates": [[-90.15289905765549, 38.57128267769979], [-90.15845430205954, 38.57592253965332], [-90.15827684369297, 38.58042298981685], [-90.16383311905943, 38.58506262995554], [-90.16939010840554, 38.58970202998531], [-90.17494781190939, 38.59434118977373], [-90.18050622974906, 38.59898010918833], [-90.18606536210271, 38.60361878809667], [-90.19162520914848, 38.60825722636621], [-90.19718577106451, 38.612895423864465], [-90.20274704802898, 38.61753338045887], [-90.2083090402201, 38.622171096016864], [-90.21387174781604, 38.62680857040582], [-90.21943517099498, 38.631445803493165], [-90.22499930993523, 38.636082795146216], [-90.23056416481495, 38.64071954523234], [-90.2361297358124, 38.64535605361884], [-90.24169602310592, 38.649992320172984], [-90.24726302687371, 38.65462834476206], [-90.25283074729404, 38.65926412725328], [-90.2583991845453, 38.663899667513896], [-90.26396833880578, 38.66853496541107], [-90.26953821025378, 38.673170020811966], [-90.2751087990677, 38.67780483358376], [-90.28068010542587, 38.682439403593555], [-90.28625212950666, 38.68707373070842], [-90.29182487148844, 38.69170781479548], [-90.29739833154962, 38.69634165572174], [-90.30297250986867, 38.70097525335427], [-90.30280331580018, 38.70547615766316], [-90.30837853409372, 38.710109528957155], [-90.31395447116216, 38.71474265665128], [-90.31378588266769, 38.71924359100243], [-90.31936286061908, 38.72387649197406], [-90.32494055786266, 38.72850914903958], [-90.330518974577, 38.7331415620659], [-90.33626541075455, 38.733272728767844], [-90.3420118843105, 38.73340361338185], [-90.34775839516463, 38.73353421590239], [-90.35333872308522, 38.73816560113835], [-90.35908566820065, 38.73829566025279], [-90.36466711306467, 38.742926539503976], [-90.37024927800739, 38.74755717394432]]}}, {"type": "Feature", "properties": {"route_run_id": "stl_st_louis_downtown_airport_to_st_louis_lambert_2026-03-07_0222", "route_pair": "st_louis_downtown_airport_to_st_louis_lambert", "route_pair_label": "St. Louis Downtown Airport to St. Louis Lambert", "origin_label": "St. Louis Downtown Airport", "destination_label": "St. Louis Lambert International Airport", "origin_lat": 38.5703611, "origin_lon": -90.1550833, "destination_lat": 38.7486982, "destination_lon": -90.3700257, "traffic_date": "2026-03-07", "traffic_dataset": "March 7th - Saturday", "weight_id": "w_0222", "distance_weight": 0.4, "population_weight": 0.3, "traffic_weight": 0.0, "airspace_weight": 0.3, "path_nodes": 43, "path_node_ids": [2179, 2180, 2174, 2199, 2203, 2207, 2341, 2345, 2370, 2373, 2398, 2709, 2711, 2714, 2750, 2744, 2770, 2772, 2777, 3989, 3993, 4006, 4008, 4021, 4045, 4047, 4058, 4062, 4077, 4082, 4084, 5080, 5084, 5310, 5311, 5337, 5320, 5322, 5323, 5346, 5357, 5358, 5364], "elapsed_seconds": 0.014466800028458238, "status": "success", "failure_reason": "", "route_distance_km": 36.197024617572914, "distance_cost_sum": 39.83716642595565, "population_cost_sum": 17.31210242086407, "traffic_cost_sum": 21.545839729752437, "airspace_cost_sum": 36.4, "total_weighted_score": 32.048497296641486}, "geometry": {"type": "LineString", "coordinates": [[-90.15289905765549, 38.57128267769979], [-90.15845430205954, 38.57592253965332], [-90.16401026010618, 38.58056216167], [-90.16956693197352, 38.58520154361737], [-90.17512431783956, 38.5898406853631], [-90.18068241788241, 38.5944795867747], [-90.18624123228014, 38.59911824771971], [-90.18606536210271, 38.60361878809667], [-90.19162520914848, 38.60825722636621], [-90.19718577106451, 38.612895423864465], [-90.20274704802898, 38.61753338045887], [-90.2083090402201, 38.622171096016864], [-90.21387174781604, 38.62680857040582], [-90.21943517099498, 38.631445803493165], [-90.22499930993523, 38.636082795146216], [-90.23056416481495, 38.64071954523234], [-90.2361297358124, 38.64535605361884], [-90.24169602310592, 38.649992320172984], [-90.24726302687371, 38.65462834476206], [-90.25283074729404, 38.65926412725328], [-90.2583991845453, 38.663899667513896], [-90.26396833880578, 38.66853496541107], [-90.26953821025378, 38.673170020811966], [-90.2751087990677, 38.67780483358376], [-90.28068010542587, 38.682439403593555], [-90.28625212950666, 38.68707373070842], [-90.29182487148844, 38.69170781479548], [-90.29739833154962, 38.69634165572174], [-90.30297250986867, 38.70097525335427], [-90.30280331580018, 38.70547615766316], [-90.30837853409372, 38.710109528957155], [-90.31395447116216, 38.71474265665128], [-90.31378588266769, 38.71924359100243], [-90.31936286061908, 38.72387649197406], [-90.32494055786266, 38.72850914903958], [-90.330518974577, 38.7331415620659], [-90.33626541075455, 38.733272728767844], [-90.3420118843105, 38.73340361338185], [-90.34775839516463, 38.73353421590239], [-90.35333872308522, 38.73816560113835], [-90.35908566820065, 38.73829566025279], [-90.36466711306467, 38.742926539503976], [-90.37024927800739, 38.74755717394432]]}}, {"type": "Feature", "properties": {"route_run_id": "stl_st_louis_downtown_airport_to_st_louis_lambert_2026-03-07_0084", "route_pair": "st_louis_downtown_airport_to_st_louis_lambert", "route_pair_label": "St. Louis Downtown Airport to St. Louis Lambert", "origin_label": "St. Louis Downtown Airport", "destination_label": "St. Louis Lambert International Airport", "origin_lat": 38.5703611, "origin_lon": -90.1550833, "destination_lat": 38.7486982, "destination_lon": -90.3700257, "traffic_date": "2026-03-07", "traffic_dataset": "March 7th - Saturday", "weight_id": "w_0084", "distance_weight": 0.1, "population_weight": 0.1, "traffic_weight": 0.7, "airspace_weight": 0.1, "path_nodes": 50, "path_node_ids": [2179, 2180, 2172, 2176, 2200, 2204, 2317, 2340, 2346, 2371, 2391, 2389, 2388, 2390, 2382, 2383, 2384, 2381, 3291, 3294, 3298, 2627, 2649, 2648, 2650, 2644, 2659, 2660, 2666, 3746, 3749, 3773, 3777, 4996, 4999, 5001, 5026, 5031, 5046, 5050, 5052, 5076, 5082, 5299, 5304, 5319, 5321, 5357, 5358, 5364], "elapsed_seconds": 0.028478399966843426, "status": "success", "failure_reason": "", "route_distance_km": 40.405336483077846, "distance_cost_sum": 44.468685782302266, "population_cost_sum": 30.623306113090386, "traffic_cost_sum": 9.45931164511369, "airspace_cost_sum": 41.000000000000014, "total_weighted_score": 18.230717341118847}, "geometry": {"type": "LineString", "coordinates": [[-90.15289905765549, 38.57128267769979], [-90.15845430205954, 38.57592253965332], [-90.16418736160693, 38.57606168922697], [-90.16974371606538, 38.58070105309441], [-90.17530078436367, 38.58534017679984], [-90.1808585666797, 38.58997906021084], [-90.18641706319154, 38.594617703194956], [-90.1919762740773, 38.599256105619745], [-90.19753619951499, 38.60389426735269], [-90.20309683968271, 38.60853218826128], [-90.20865819475857, 38.61316986821297], [-90.21439446510948, 38.61330666920645], [-90.22013077435682, 38.613443189405075], [-90.22586712242094, 38.61357942880305], [-90.2316035092222, 38.613715387394656], [-90.2371671649366, 38.61835179018503], [-90.24290398660771, 38.61848720882003], [-90.24881290125248, 38.614121578273846], [-90.25454944220584, 38.61425641358266], [-90.26011468234759, 38.61889177949167], [-90.26568063790305, 38.623526903436264], [-90.27124730905007, 38.628161785283794], [-90.27681469596656, 38.63279642490153], [-90.28255285909326, 38.6329299414317], [-90.28829106019728, 38.6330631769191], [-90.29385995499997, 38.63769705468798], [-90.29942956596467, 38.642330689775996], [-90.30499989326923, 38.646964082050346], [-90.31057093709157, 38.65159723137826], [-90.31614269760959, 38.65623013762685], [-90.32171517500115, 38.66086280066329], [-90.32728836944425, 38.66549522035468], [-90.32712091202843, 38.66999624182737], [-90.32121172679417, 38.674365801995194], [-90.32104383573602, 38.678866794261786], [-90.32087590716817, 38.68336778243918], [-90.32070794108151, 38.68786876652711], [-90.32053993746693, 38.69236974652525], [-90.32611538157217, 38.69700228484725], [-90.32020381761771, 38.70137169425106], [-90.32003570136486, 38.70587266197814], [-90.32561211067481, 38.710505251176386], [-90.33118923881437, 38.715137596495865], [-90.3367670859619, 38.719769697803464], [-90.34234565229588, 38.724401554966114], [-90.34792493799469, 38.72903316785066], [-90.35350494323681, 38.73366453632395], [-90.35908566820065, 38.73829566025279], [-90.36466711306467, 38.742926539503976], [-90.37024927800739, 38.74755717394432]]}}, {"type": "Feature", "properties": {"route_run_id": "stl_st_louis_downtown_airport_to_st_louis_lambert_2026-03-07_0144", "route_pair": "st_louis_downtown_airport_to_st_louis_lambert", "route_pair_label": "St. Louis Downtown Airport to St. Louis Lambert", "origin_label": "St. Louis Downtown Airport", "destination_label": "St. Louis Lambert International Airport", "origin_lat": 38.5703611, "origin_lon": -90.1550833, "destination_lat": 38.7486982, "destination_lon": -90.3700257, "traffic_date": "2026-03-07", "traffic_dataset": "March 7th - Saturday", "weight_id": "w_0144", "distance_weight": 0.2, "population_weight": 0.2, "traffic_weight": 0.5, "airspace_weight": 0.1, "path_nodes": 41, "path_node_ids": [2179, 2180, 2183, 2198, 2202, 2206, 2449, 2345, 2370, 2373, 2398, 2709, 2711, 2714, 2750, 2744, 2770, 2772, 2777, 3989, 3993, 4006, 4008, 4021, 4045, 4047, 4058, 4059, 4063, 4064, 5048, 5052, 5076, 5082, 5299, 5304, 5319, 5321, 5357, 5358, 5364], "elapsed_seconds": 0.018799400073476136, "status": "success", "failure_reason": "", "route_distance_km": 35.44516965599588, "distance_cost_sum": 39.00970141884611, "population_cost_sum": 23.447934484851842, "traffic_cost_sum": 13.596616574214913, "airspace_cost_sum": 34.4, "total_weighted_score": 22.72983546784705}, "geometry": {"type": "LineString", "coordinates": [[-90.15289905765549, 38.57128267769979], [-90.15845430205954, 38.57592253965332], [-90.15827684369297, 38.58042298981685], [-90.16383311905943, 38.58506262995554], [-90.16939010840554, 38.58970202998531], [-90.17494781190939, 38.59434118977373], [-90.18050622974906, 38.59898010918833], [-90.18606536210271, 38.60361878809667], [-90.19162520914848, 38.60825722636621], [-90.19718577106451, 38.612895423864465], [-90.20274704802898, 38.61753338045887], [-90.2083090402201, 38.622171096016864], [-90.21387174781604, 38.62680857040582], [-90.21943517099498, 38.631445803493165], [-90.22499930993523, 38.636082795146216], [-90.23056416481495, 38.64071954523234], [-90.2361297358124, 38.64535605361884], [-90.24169602310592, 38.649992320172984], [-90.24726302687371, 38.65462834476206], [-90.25283074729404, 38.65926412725328], [-90.2583991845453, 38.663899667513896], [-90.26396833880578, 38.66853496541107], [-90.26953821025378, 38.673170020811966], [-90.2751087990677, 38.67780483358376], [-90.28068010542587, 38.682439403593555], [-90.28625212950666, 38.68707373070842], [-90.29182487148844, 38.69170781479548], [-90.29756780913004, 38.69184076444029], [-90.3031416661418, 38.696474344946864], [-90.30888503852013, 38.69660675247757], [-90.31446001070607, 38.70123982903419], [-90.32003570136486, 38.70587266197814], [-90.32561211067481, 38.710505251176386], [-90.33118923881437, 38.715137596495865], [-90.3367670859619, 38.719769697803464], [-90.34234565229588, 38.724401554966114], [-90.34792493799469, 38.72903316785066], [-90.35350494323681, 38.73366453632395], [-90.35908566820065, 38.73829566025279], [-90.36466711306467, 38.742926539503976], [-90.37024927800739, 38.74755717394432]]}}, {"type": "Feature", "properties": {"route_run_id": "stl_st_louis_downtown_airport_to_st_louis_lambert_2026-03-07_0247", "route_pair": "st_louis_downtown_airport_to_st_louis_lambert", "route_pair_label": "St. Louis Downtown Airport to St. Louis Lambert", "origin_label": "St. Louis Downtown Airport", "destination_label": "St. Louis Lambert International Airport", "origin_lat": 38.5703611, "origin_lon": -90.1550833, "destination_lat": 38.7486982, "destination_lon": -90.3700257, "traffic_date": "2026-03-07", "traffic_dataset": "March 7th - Saturday", "weight_id": "w_0247", "distance_weight": 0.5, "population_weight": 0.3, "traffic_weight": 0.0, "airspace_weight": 0.2, "path_nodes": 43, "path_node_ids": [2179, 2180, 2174, 2199, 2203, 2207, 2341, 2345, 2370, 2373, 2398, 2709, 2711, 2714, 2750, 2744, 2770, 2772, 2777, 3989, 3993, 4006, 4008, 4021, 4045, 4047, 4058, 4062, 4077, 4082, 4084, 5080, 5084, 5310, 5311, 5337, 5320, 5322, 5323, 5346, 5357, 5358, 5364], "elapsed_seconds": 0.010202000034041703, "status": "success", "failure_reason": "", "route_distance_km": 36.197024617572914, "distance_cost_sum": 39.83716642595565, "population_cost_sum": 17.31210242086407, "traffic_cost_sum": 21.545839729752437, "airspace_cost_sum": 36.4, "total_weighted_score": 32.392213939237045}, "geometry": {"type": "LineString", "coordinates": [[-90.15289905765549, 38.57128267769979], [-90.15845430205954, 38.57592253965332], [-90.16401026010618, 38.58056216167], [-90.16956693197352, 38.58520154361737], [-90.17512431783956, 38.5898406853631], [-90.18068241788241, 38.5944795867747], [-90.18624123228014, 38.59911824771971], [-90.18606536210271, 38.60361878809667], [-90.19162520914848, 38.60825722636621], [-90.19718577106451, 38.612895423864465], [-90.20274704802898, 38.61753338045887], [-90.2083090402201, 38.622171096016864], [-90.21387174781604, 38.62680857040582], [-90.21943517099498, 38.631445803493165], [-90.22499930993523, 38.636082795146216], [-90.23056416481495, 38.64071954523234], [-90.2361297358124, 38.64535605361884], [-90.24169602310592, 38.649992320172984], [-90.24726302687371, 38.65462834476206], [-90.25283074729404, 38.65926412725328], [-90.2583991845453, 38.663899667513896], [-90.26396833880578, 38.66853496541107], [-90.26953821025378, 38.673170020811966], [-90.2751087990677, 38.67780483358376], [-90.28068010542587, 38.682439403593555], [-90.28625212950666, 38.68707373070842], [-90.29182487148844, 38.69170781479548], [-90.29739833154962, 38.69634165572174], [-90.30297250986867, 38.70097525335427], [-90.30280331580018, 38.70547615766316], [-90.30837853409372, 38.710109528957155], [-90.31395447116216, 38.71474265665128], [-90.31378588266769, 38.71924359100243], [-90.31936286061908, 38.72387649197406], [-90.32494055786266, 38.72850914903958], [-90.330518974577, 38.7331415620659], [-90.33626541075455, 38.733272728767844], [-90.3420118843105, 38.73340361338185], [-90.34775839516463, 38.73353421590239], [-90.35333872308522, 38.73816560113835], [-90.35908566820065, 38.73829566025279], [-90.36466711306467, 38.742926539503976], [-90.37024927800739, 38.74755717394432]]}}, {"type": "Feature", "properties": {"route_run_id": "stl_st_louis_downtown_airport_to_st_louis_lambert_2026-03-07_0058", "route_pair": "st_louis_downtown_airport_to_st_louis_lambert", "route_pair_label": "St. Louis Downtown Airport to St. Louis Lambert", "origin_label": "St. Louis Downtown Airport", "destination_label": "St. Louis Lambert International Airport", "origin_lat": 38.5703611, "origin_lon": -90.1550833, "destination_lat": 38.7486982, "destination_lon": -90.3700257, "traffic_date": "2026-03-07", "traffic_dataset": "March 7th - Saturday", "weight_id": "w_0058", "distance_weight": 0.0, "population_weight": 0.7, "traffic_weight": 0.1, "airspace_weight": 0.2, "path_nodes": 55, "path_node_ids": [2179, 2180, 2183, 2186, 2419, 2423, 2448, 2453, 2455, 2478, 2482, 2485, 2808, 2811, 2812, 2816, 2858, 2863, 2864, 2889, 3896, 3898, 3901, 3927, 3946, 3949, 3953, 3968, 3982, 3978, 3976, 3941, 4043, 4066, 4067, 4068, 4185, 4187, 4188, 4076, 4075, 4082, 4084, 5080, 5084, 5310, 5311, 5337, 5320, 5322, 5323, 5346, 5357, 5358, 5364], "elapsed_seconds": 0.044481500051915646, "status": "success", "failure_reason": "", "route_distance_km": 43.36583125897728, "distance_cost_sum": 47.726901736146765, "population_cost_sum": 8.67777235752909, "traffic_cost_sum": 37.80119591955151, "airspace_cost_sum": 44.8, "total_weighted_score": 18.814560242225518}, "geometry": {"type": "LineString", "coordinates": [[-90.15289905765549, 38.57128267769979], [-90.15845430205954, 38.57592253965332], [-90.15827684369297, 38.58042298981685], [-90.1580993457009, 38.58492343582021], [-90.15792180807382, 38.58942387766302], [-90.16347871828971, 38.59406355405304], [-90.1690363428032, 38.598702990254786], [-90.16885940074975, 38.60320346415569], [-90.17441805758689, 38.60784267808668], [-90.174241393937, 38.61234316588366], [-90.17406469083332, 38.61684364952644], [-90.1796246987078, 38.62148265899229], [-90.179448274358, 38.625983156498016], [-90.17353434470424, 38.6303450755264], [-90.17335748369, 38.63484554254923], [-90.17318058317427, 38.63934600541629], [-90.17300364314747, 38.64384646412727], [-90.17856556137721, 38.64848558173427], [-90.17838890046788, 38.65298605432084], [-90.17821220009857, 38.65748652275311], [-90.18377547226044, 38.66212543540375], [-90.18933946118675, 38.666764106898924], [-90.19490416705614, 38.67140253710589], [-90.20046959004746, 38.676040725891895], [-90.20603573033937, 38.68067867312418], [-90.21160258811075, 38.68531637866994], [-90.2171701635404, 38.68995384239636], [-90.22273845680708, 38.6945910641706], [-90.22830746808964, 38.699228043859776], [-90.23422416781283, 38.694863484025944], [-90.24014014948251, 38.69049859495047], [-90.24605541323987, 38.68613337677085], [-90.2517976862147, 38.68626855773688], [-90.25736804511756, 38.69090420272148], [-90.26311075393669, 38.69103884211091], [-90.26868222818311, 38.695673984376505], [-90.27425442059507, 38.700308883813186], [-90.27999796237877, 38.700442721166475], [-90.28557127047641, 38.70507711728869], [-90.29148516021279, 38.700709550716724], [-90.297228816103, 38.700842542902386], [-90.30280331580018, 38.70547615766316], [-90.30837853409372, 38.710109528957155], [-90.31395447116216, 38.71474265665128], [-90.31378588266769, 38.71924359100243], [-90.31936286061908, 38.72387649197406], [-90.32494055786266, 38.72850914903958], [-90.330518974577, 38.7331415620659], [-90.33626541075455, 38.733272728767844], [-90.3420118843105, 38.73340361338185], [-90.34775839516463, 38.73353421590239], [-90.35333872308522, 38.73816560113835], [-90.35908566820065, 38.73829566025279], [-90.36466711306467, 38.742926539503976], [-90.37024927800739, 38.74755717394432]]}}, {"type": "Feature", "properties": {"route_run_id": "stl_st_louis_downtown_airport_to_st_louis_lambert_2026-03-07_0171", "route_pair": "st_louis_downtown_airport_to_st_louis_lambert", "route_pair_label": "St. Louis Downtown Airport to St. Louis Lambert", "origin_label": "St. Louis Downtown Airport", "destination_label": "St. Louis Lambert International Airport", "origin_lat": 38.5703611, "origin_lon": -90.1550833, "destination_lat": 38.7486982, "destination_lon": -90.3700257, "traffic_date": "2026-03-07", "traffic_dataset": "March 7th - Saturday", "weight_id": "w_0171", "distance_weight": 0.3, "population_weight": 0.0, "traffic_weight": 0.3, "airspace_weight": 0.4, "path_nodes": 40, "path_node_ids": [2179, 2180, 2174, 2199, 2203, 2207, 2341, 2344, 2368, 2374, 2394, 2397, 2712, 2716, 2739, 2746, 2769, 2773, 3985, 3988, 3992, 3994, 4019, 4020, 4023, 4055, 4059, 4063, 4064, 5048, 5052, 5076, 5082, 5299, 5304, 5319, 5321, 5357, 5358, 5364], "elapsed_seconds": 0.01742829999420792, "status": "success", "failure_reason": "", "route_distance_km": 35.0695243590648, "distance_cost_sum": 38.596279476875054, "population_cost_sum": 23.651108783135093, "traffic_cost_sum": 14.425692925774984, "airspace_cost_sum": 33.8, "total_weighted_score": 29.42659172079501}, "geometry": {"type": "LineString", "coordinates": [[-90.15289905765549, 38.57128267769979], [-90.15845430205954, 38.57592253965332], [-90.16401026010618, 38.58056216167], [-90.16956693197352, 38.58520154361737], [-90.17512431783956, 38.5898406853631], [-90.18068241788241, 38.5944795867747], [-90.18624123228014, 38.59911824771971], [-90.19180076121087, 38.60375666806568], [-90.19736100485268, 38.60839484768009], [-90.20292196338367, 38.61303278643038], [-90.2084836369821, 38.617670484184025], [-90.21404602582597, 38.62230794080845], [-90.21960913009349, 38.62694515617101], [-90.22517294996291, 38.63158213013913], [-90.23073748561237, 38.63621886258013], [-90.23630273722006, 38.640855353361346], [-90.24186870496423, 38.645491602350084], [-90.24743538902311, 38.65012760941361], [-90.25300278957496, 38.654763374419176], [-90.25857090679797, 38.65939889723403], [-90.26413974087053, 38.66403417772537], [-90.26970929197084, 38.66866921576039], [-90.27527956027723, 38.67330401120623], [-90.28085054596801, 38.677938563930056], [-90.28642224922152, 38.68257287379895], [-90.29199467021606, 38.68720694068001], [-90.29756780913004, 38.69184076444029], [-90.3031416661418, 38.696474344946864], [-90.30888503852013, 38.69660675247757], [-90.31446001070607, 38.70123982903419], [-90.32003570136486, 38.70587266197814], [-90.32561211067481, 38.710505251176386], [-90.33118923881437, 38.715137596495865], [-90.3367670859619, 38.719769697803464], [-90.34234565229588, 38.724401554966114], [-90.34792493799469, 38.72903316785066], [-90.35350494323681, 38.73366453632395], [-90.35908566820065, 38.73829566025279], [-90.36466711306467, 38.742926539503976], [-90.37024927800739, 38.74755717394432]]}}, {"type": "Feature", "properties": {"route_run_id": "stl_st_louis_downtown_airport_to_st_louis_lambert_2026-03-07_0213", "route_pair": "st_louis_downtown_airport_to_st_louis_lambert", "route_pair_label": "St. Louis Downtown Airport to St. Louis Lambert", "origin_label": "St. Louis Downtown Airport", "destination_label": "St. Louis Lambert International Airport", "origin_lat": 38.5703611, "origin_lon": -90.1550833, "destination_lat": 38.7486982, "destination_lon": -90.3700257, "traffic_date": "2026-03-07", "traffic_dataset": "March 7th - Saturday", "weight_id": "w_0213", "distance_weight": 0.4, "population_weight": 0.1, "traffic_weight": 0.2, "airspace_weight": 0.3, "path_nodes": 40, "path_node_ids": [2179, 2180, 2174, 2199, 2203, 2207, 2341, 2344, 2368, 2374, 2394, 2397, 2712, 2716, 2739, 2746, 2769, 2773, 3985, 3988, 3992, 3994, 4019, 4020, 4023, 4055, 4059, 4063, 4064, 5048, 5052, 5076, 5082, 5299, 5304, 5319, 5321, 5357, 5358, 5364], "elapsed_seconds": 0.011001400067470968, "status": "success", "failure_reason": "", "route_distance_km": 35.0695243590648, "distance_cost_sum": 38.596279476875054, "population_cost_sum": 23.651108783135093, "traffic_cost_sum": 14.425692925774984, "airspace_cost_sum": 33.8, "total_weighted_score": 30.828761254218527}, "geometry": {"type": "LineString", "coordinates": [[-90.15289905765549, 38.57128267769979], [-90.15845430205954, 38.57592253965332], [-90.16401026010618, 38.58056216167], [-90.16956693197352, 38.58520154361737], [-90.17512431783956, 38.5898406853631], [-90.18068241788241, 38.5944795867747], [-90.18624123228014, 38.59911824771971], [-90.19180076121087, 38.60375666806568], [-90.19736100485268, 38.60839484768009], [-90.20292196338367, 38.61303278643038], [-90.2084836369821, 38.617670484184025], [-90.21404602582597, 38.62230794080845], [-90.21960913009349, 38.62694515617101], [-90.22517294996291, 38.63158213013913], [-90.23073748561237, 38.63621886258013], [-90.23630273722006, 38.640855353361346], [-90.24186870496423, 38.645491602350084], [-90.24743538902311, 38.65012760941361], [-90.25300278957496, 38.654763374419176], [-90.25857090679797, 38.65939889723403], [-90.26413974087053, 38.66403417772537], [-90.26970929197084, 38.66866921576039], [-90.27527956027723, 38.67330401120623], [-90.28085054596801, 38.677938563930056], [-90.28642224922152, 38.68257287379895], [-90.29199467021606, 38.68720694068001], [-90.29756780913004, 38.69184076444029], [-90.3031416661418, 38.696474344946864], [-90.30888503852013, 38.69660675247757], [-90.31446001070607, 38.70123982903419], [-90.32003570136486, 38.70587266197814], [-90.32561211067481, 38.710505251176386], [-90.33118923881437, 38.715137596495865], [-90.3367670859619, 38.719769697803464], [-90.34234565229588, 38.724401554966114], [-90.34792493799469, 38.72903316785066], [-90.35350494323681, 38.73366453632395], [-90.35908566820065, 38.73829566025279], [-90.36466711306467, 38.742926539503976], [-90.37024927800739, 38.74755717394432]]}}, {"type": "Feature", "properties": {"route_run_id": "stl_st_louis_downtown_airport_to_st_louis_lambert_2026-03-07_0249", "route_pair": "st_louis_downtown_airport_to_st_louis_lambert", "route_pair_label": "St. Louis Downtown Airport to St. Louis Lambert", "origin_label": "St. Louis Downtown Airport", "destination_label": "St. Louis Lambert International Airport", "origin_lat": 38.5703611, "origin_lon": -90.1550833, "destination_lat": 38.7486982, "destination_lon": -90.3700257, "traffic_date": "2026-03-07", "traffic_dataset": "March 7th - Saturday", "weight_id": "w_0249", "distance_weight": 0.5, "population_weight": 0.3, "traffic_weight": 0.2, "airspace_weight": 0.0, "path_nodes": 41, "path_node_ids": [2179, 2180, 2183, 2198, 2202, 2206, 2449, 2345, 2370, 2373, 2398, 2709, 2711, 2714, 2750, 2744, 2770, 2772, 2777, 3989, 3993, 4006, 3994, 4019, 4020, 4023, 4055, 4059, 4063, 4064, 5048, 5052, 5076, 5082, 5299, 5304, 5319, 5321, 5357, 5358, 5364], "elapsed_seconds": 0.007859400007873774, "status": "success", "failure_reason": "", "route_distance_km": 35.444974610774196, "distance_cost_sum": 39.00948675896621, "population_cost_sum": 22.999382459977298, "traffic_cost_sum": 13.969149855183435, "airspace_cost_sum": 34.4, "total_weighted_score": 29.19838808851298}, "geometry": {"type": "LineString", "coordinates": [[-90.15289905765549, 38.57128267769979], [-90.15845430205954, 38.57592253965332], [-90.15827684369297, 38.58042298981685], [-90.16383311905943, 38.58506262995554], [-90.16939010840554, 38.58970202998531], [-90.17494781190939, 38.59434118977373], [-90.18050622974906, 38.59898010918833], [-90.18606536210271, 38.60361878809667], [-90.19162520914848, 38.60825722636621], [-90.19718577106451, 38.612895423864465], [-90.20274704802898, 38.61753338045887], [-90.2083090402201, 38.622171096016864], [-90.21387174781604, 38.62680857040582], [-90.21943517099498, 38.631445803493165], [-90.22499930993523, 38.636082795146216], [-90.23056416481495, 38.64071954523234], [-90.2361297358124, 38.64535605361884], [-90.24169602310592, 38.649992320172984], [-90.24726302687371, 38.65462834476206], [-90.25283074729404, 38.65926412725328], [-90.2583991845453, 38.663899667513896], [-90.26396833880578, 38.66853496541107], [-90.26970929197084, 38.66866921576039], [-90.27527956027723, 38.67330401120623], [-90.28085054596801, 38.677938563930056], [-90.28642224922152, 38.68257287379895], [-90.29199467021606, 38.68720694068001], [-90.29756780913004, 38.69184076444029], [-90.3031416661418, 38.696474344946864], [-90.30888503852013, 38.69660675247757], [-90.31446001070607, 38.70123982903419], [-90.32003570136486, 38.70587266197814], [-90.32561211067481, 38.710505251176386], [-90.33118923881437, 38.715137596495865], [-90.3367670859619, 38.719769697803464], [-90.34234565229588, 38.724401554966114], [-90.34792493799469, 38.72903316785066], [-90.35350494323681, 38.73366453632395], [-90.35908566820065, 38.73829566025279], [-90.36466711306467, 38.742926539503976], [-90.37024927800739, 38.74755717394432]]}}, {"type": "Feature", "properties": {"route_run_id": "stl_st_louis_downtown_airport_to_st_louis_lambert_2026-03-07_0176", "route_pair": "st_louis_downtown_airport_to_st_louis_lambert", "route_pair_label": "St. Louis Downtown Airport to St. Louis Lambert", "origin_label": "St. Louis Downtown Airport", "destination_label": "St. Louis Lambert International Airport", "origin_lat": 38.5703611, "origin_lon": -90.1550833, "destination_lat": 38.7486982, "destination_lon": -90.3700257, "traffic_date": "2026-03-07", "traffic_dataset": "March 7th - Saturday", "weight_id": "w_0176", "distance_weight": 0.3, "population_weight": 0.1, "traffic_weight": 0.0, "airspace_weight": 0.6, "path_nodes": 40, "path_node_ids": [2179, 2180, 2174, 2199, 2203, 2207, 2341, 2344, 2368, 2374, 2394, 2397, 2712, 2716, 2739, 2746, 2769, 2773, 3985, 3988, 3992, 3994, 4019, 4017, 4022, 4029, 4034, 4060, 4064, 5048, 5052, 5076, 5082, 5299, 5304, 5319, 5321, 5357, 5358, 5364], "elapsed_seconds": 0.029130500042811036, "status": "success", "failure_reason": "", "route_distance_km": 35.06932923764436, "distance_cost_sum": 38.59606473313351, "population_cost_sum": 24.787572976016946, "traffic_cost_sum": 15.41417932224777, "airspace_cost_sum": 33.4, "total_weighted_score": 34.09757671754175}, "geometry": {"type": "LineString", "coordinates": [[-90.15289905765549, 38.57128267769979], [-90.15845430205954, 38.57592253965332], [-90.16401026010618, 38.58056216167], [-90.16956693197352, 38.58520154361737], [-90.17512431783956, 38.5898406853631], [-90.18068241788241, 38.5944795867747], [-90.18624123228014, 38.59911824771971], [-90.19180076121087, 38.60375666806568], [-90.19736100485268, 38.60839484768009], [-90.20292196338367, 38.61303278643038], [-90.2084836369821, 38.617670484184025], [-90.21404602582597, 38.62230794080845], [-90.21960913009349, 38.62694515617101], [-90.22517294996291, 38.63158213013913], [-90.23073748561237, 38.63621886258013], [-90.23630273722006, 38.640855353361346], [-90.24186870496423, 38.645491602350084], [-90.24743538902311, 38.65012760941361], [-90.25300278957496, 38.654763374419176], [-90.25857090679797, 38.65939889723403], [-90.26413974087053, 38.66403417772537], [-90.26970929197084, 38.66866921576039], [-90.27527956027723, 38.67330401120623], [-90.28102094844074, 38.67343772015905], [-90.28659233093768, 38.67807201278429], [-90.29216443101578, 38.68270606246168], [-90.29773724885335, 38.68733986905835], [-90.30331078462868, 38.69197343244128], [-90.30888503852013, 38.69660675247757], [-90.31446001070607, 38.70123982903419], [-90.32003570136486, 38.70587266197814], [-90.32561211067481, 38.710505251176386], [-90.33118923881437, 38.715137596495865], [-90.3367670859619, 38.719769697803464], [-90.34234565229588, 38.724401554966114], [-90.34792493799469, 38.72903316785066], [-90.35350494323681, 38.73366453632395], [-90.35908566820065, 38.73829566025279], [-90.36466711306467, 38.742926539503976], [-90.37024927800739, 38.74755717394432]]}}, {"type": "Feature", "properties": {"route_run_id": "stl_st_louis_downtown_airport_to_st_louis_lambert_2026-03-07_0276", "route_pair": "st_louis_downtown_airport_to_st_louis_lambert", "route_pair_label": "St. Louis Downtown Airport to St. Louis Lambert", "origin_label": "St. Louis Downtown Airport", "destination_label": "St. Louis Lambert International Airport", "origin_lat": 38.5703611, "origin_lon": -90.1550833, "destination_lat": 38.7486982, "destination_lon": -90.3700257, "traffic_date": "2026-03-07", "traffic_dataset": "March 7th - Saturday", "weight_id": "w_0276", "distance_weight": 0.7, "population_weight": 0.2, "traffic_weight": 0.1, "airspace_weight": 0.0, "path_nodes": 40, "path_node_ids": [2179, 2180, 2174, 2199, 2203, 2207, 2341, 2344, 2368, 2374, 2394, 2397, 2712, 2716, 2739, 2746, 2769, 2773, 3985, 3988, 3992, 3994, 4019, 4020, 4023, 4055, 4059, 4063, 4064, 5048, 5052, 5076, 5082, 5299, 5304, 5319, 5321, 5357, 5358, 5364], "elapsed_seconds": 0.005315100075677037, "status": "success", "failure_reason": "", "route_distance_km": 35.0695243590648, "distance_cost_sum": 38.596279476875054, "population_cost_sum": 23.651108783135093, "traffic_cost_sum": 14.425692925774984, "airspace_cost_sum": 33.8, "total_weighted_score": 33.19018668301705}, "geometry": {"type": "LineString", "coordinates": [[-90.15289905765549, 38.57128267769979], [-90.15845430205954, 38.57592253965332], [-90.16401026010618, 38.58056216167], [-90.16956693197352, 38.58520154361737], [-90.17512431783956, 38.5898406853631], [-90.18068241788241, 38.5944795867747], [-90.18624123228014, 38.59911824771971], [-90.19180076121087, 38.60375666806568], [-90.19736100485268, 38.60839484768009], [-90.20292196338367, 38.61303278643038], [-90.2084836369821, 38.617670484184025], [-90.21404602582597, 38.62230794080845], [-90.21960913009349, 38.62694515617101], [-90.22517294996291, 38.63158213013913], [-90.23073748561237, 38.63621886258013], [-90.23630273722006, 38.640855353361346], [-90.24186870496423, 38.645491602350084], [-90.24743538902311, 38.65012760941361], [-90.25300278957496, 38.654763374419176], [-90.25857090679797, 38.65939889723403], [-90.26413974087053, 38.66403417772537], [-90.26970929197084, 38.66866921576039], [-90.27527956027723, 38.67330401120623], [-90.28085054596801, 38.677938563930056], [-90.28642224922152, 38.68257287379895], [-90.29199467021606, 38.68720694068001], [-90.29756780913004, 38.69184076444029], [-90.3031416661418, 38.696474344946864], [-90.30888503852013, 38.69660675247757], [-90.31446001070607, 38.70123982903419], [-90.32003570136486, 38.70587266197814], [-90.32561211067481, 38.710505251176386], [-90.33118923881437, 38.715137596495865], [-90.3367670859619, 38.719769697803464], [-90.34234565229588, 38.724401554966114], [-90.34792493799469, 38.72903316785066], [-90.35350494323681, 38.73366453632395], [-90.35908566820065, 38.73829566025279], [-90.36466711306467, 38.742926539503976], [-90.37024927800739, 38.74755717394432]]}}, {"type": "Feature", "properties": {"route_run_id": "stl_st_louis_downtown_airport_to_st_louis_lambert_2026-03-07_0150", "route_pair": "st_louis_downtown_airport_to_st_louis_lambert", "route_pair_label": "St. Louis Downtown Airport to St. Louis Lambert", "origin_label": "St. Louis Downtown Airport", "destination_label": "St. Louis Lambert International Airport", "origin_lat": 38.5703611, "origin_lon": -90.1550833, "destination_lat": 38.7486982, "destination_lon": -90.3700257, "traffic_date": "2026-03-07", "traffic_dataset": "March 7th - Saturday", "weight_id": "w_0150", "distance_weight": 0.2, "population_weight": 0.3, "traffic_weight": 0.4, "airspace_weight": 0.1, "path_nodes": 41, "path_node_ids": [2179, 2180, 2183, 2198, 2202, 2206, 2449, 2345, 2370, 2373, 2398, 2709, 2711, 2714, 2750, 2744, 2770, 2772, 2777, 3989, 3993, 4006, 4008, 4021, 4045, 4047, 4058, 4059, 4063, 4064, 5048, 5052, 5076, 5082, 5299, 5304, 5319, 5321, 5357, 5358, 5364], "elapsed_seconds": 0.02031859999988228, "status": "success", "failure_reason": "", "route_distance_km": 35.44516965599588, "distance_cost_sum": 39.00970141884611, "population_cost_sum": 23.447934484851842, "traffic_cost_sum": 13.596616574214913, "airspace_cost_sum": 34.4, "total_weighted_score": 23.714967258910743}, "geometry": {"type": "LineString", "coordinates": [[-90.15289905765549, 38.57128267769979], [-90.15845430205954, 38.57592253965332], [-90.15827684369297, 38.58042298981685], [-90.16383311905943, 38.58506262995554], [-90.16939010840554, 38.58970202998531], [-90.17494781190939, 38.59434118977373], [-90.18050622974906, 38.59898010918833], [-90.18606536210271, 38.60361878809667], [-90.19162520914848, 38.60825722636621], [-90.19718577106451, 38.612895423864465], [-90.20274704802898, 38.61753338045887], [-90.2083090402201, 38.622171096016864], [-90.21387174781604, 38.62680857040582], [-90.21943517099498, 38.631445803493165], [-90.22499930993523, 38.636082795146216], [-90.23056416481495, 38.64071954523234], [-90.2361297358124, 38.64535605361884], [-90.24169602310592, 38.649992320172984], [-90.24726302687371, 38.65462834476206], [-90.25283074729404, 38.65926412725328], [-90.2583991845453, 38.663899667513896], [-90.26396833880578, 38.66853496541107], [-90.26953821025378, 38.673170020811966], [-90.2751087990677, 38.67780483358376], [-90.28068010542587, 38.682439403593555], [-90.28625212950666, 38.68707373070842], [-90.29182487148844, 38.69170781479548], [-90.29756780913004, 38.69184076444029], [-90.3031416661418, 38.696474344946864], [-90.30888503852013, 38.69660675247757], [-90.31446001070607, 38.70123982903419], [-90.32003570136486, 38.70587266197814], [-90.32561211067481, 38.710505251176386], [-90.33118923881437, 38.715137596495865], [-90.3367670859619, 38.719769697803464], [-90.34234565229588, 38.724401554966114], [-90.34792493799469, 38.72903316785066], [-90.35350494323681, 38.73366453632395], [-90.35908566820065, 38.73829566025279], [-90.36466711306467, 38.742926539503976], [-90.37024927800739, 38.74755717394432]]}}, {"type": "Feature", "properties": {"route_run_id": "stl_st_louis_downtown_airport_to_st_louis_lambert_2026-03-07_0199", "route_pair": "st_louis_downtown_airport_to_st_louis_lambert", "route_pair_label": "St. Louis Downtown Airport to St. Louis Lambert", "origin_label": "St. Louis Downtown Airport", "destination_label": "St. Louis Lambert International Airport", "origin_lat": 38.5703611, "origin_lon": -90.1550833, "destination_lat": 38.7486982, "destination_lon": -90.3700257, "traffic_date": "2026-03-07", "traffic_dataset": "March 7th - Saturday", "weight_id": "w_0199", "distance_weight": 0.3, "population_weight": 0.5, "traffic_weight": 0.1, "airspace_weight": 0.1, "path_nodes": 44, "path_node_ids": [2179, 2180, 2183, 2198, 2202, 2206, 2449, 2345, 2370, 2373, 2398, 2709, 2711, 2714, 2750, 2744, 2770, 2772, 2777, 3989, 3988, 3992, 3994, 4019, 4020, 4023, 4055, 4059, 4063, 4077, 4082, 4084, 5080, 5084, 5310, 5311, 5337, 5320, 5322, 5323, 5346, 5357, 5358, 5364], "elapsed_seconds": 0.016283799894154072, "status": "success", "failure_reason": "", "route_distance_km": 36.572112967584374, "distance_cost_sum": 40.24997541182432, "population_cost_sum": 16.402941041735232, "traffic_cost_sum": 23.052390358439887, "airspace_cost_sum": 37.4, "total_weighted_score": 26.321702180258903}, "geometry": {"type": "LineString", "coordinates": [[-90.15289905765549, 38.57128267769979], [-90.15845430205954, 38.57592253965332], [-90.15827684369297, 38.58042298981685], [-90.16383311905943, 38.58506262995554], [-90.16939010840554, 38.58970202998531], [-90.17494781190939, 38.59434118977373], [-90.18050622974906, 38.59898010918833], [-90.18606536210271, 38.60361878809667], [-90.19162520914848, 38.60825722636621], [-90.19718577106451, 38.612895423864465], [-90.20274704802898, 38.61753338045887], [-90.2083090402201, 38.622171096016864], [-90.21387174781604, 38.62680857040582], [-90.21943517099498, 38.631445803493165], [-90.22499930993523, 38.636082795146216], [-90.23056416481495, 38.64071954523234], [-90.2361297358124, 38.64535605361884], [-90.24169602310592, 38.649992320172984], [-90.24726302687371, 38.65462834476206], [-90.25283074729404, 38.65926412725328], [-90.25857090679797, 38.65939889723403], [-90.26413974087053, 38.66403417772537], [-90.26970929197084, 38.66866921576039], [-90.27527956027723, 38.67330401120623], [-90.28085054596801, 38.677938563930056], [-90.28642224922152, 38.68257287379895], [-90.29199467021606, 38.68720694068001], [-90.29756780913004, 38.69184076444029], [-90.3031416661418, 38.696474344946864], [-90.30297250986867, 38.70097525335427], [-90.30280331580018, 38.70547615766316], [-90.30837853409372, 38.710109528957155], [-90.31395447116216, 38.71474265665128], [-90.31378588266769, 38.71924359100243], [-90.31936286061908, 38.72387649197406], [-90.32494055786266, 38.72850914903958], [-90.330518974577, 38.7331415620659], [-90.33626541075455, 38.733272728767844], [-90.3420118843105, 38.73340361338185], [-90.34775839516463, 38.73353421590239], [-90.35333872308522, 38.73816560113835], [-90.35908566820065, 38.73829566025279], [-90.36466711306467, 38.742926539503976], [-90.37024927800739, 38.74755717394432]]}}, {"type": "Feature", "properties": {"route_run_id": "stl_st_louis_downtown_airport_to_st_louis_lambert_2026-03-07_0078", "route_pair": "st_louis_downtown_airport_to_st_louis_lambert", "route_pair_label": "St. Louis Downtown Airport to St. Louis Lambert", "origin_label": "St. Louis Downtown Airport", "destination_label": "St. Louis Lambert International Airport", "origin_lat": 38.5703611, "origin_lon": -90.1550833, "destination_lat": 38.7486982, "destination_lon": -90.3700257, "traffic_date": "2026-03-07", "traffic_dataset": "March 7th - Saturday", "weight_id": "w_0078", "distance_weight": 0.1, "population_weight": 0.1, "traffic_weight": 0.1, "airspace_weight": 0.7, "path_nodes": 40, "path_node_ids": [2179, 2180, 2174, 2199, 2203, 2207, 2341, 2344, 2368, 2374, 2394, 2397, 2712, 2716, 2739, 2746, 2769, 2773, 3985, 3988, 3992, 3994, 4019, 4017, 4022, 4029, 4034, 4060, 4064, 5048, 5052, 5076, 5082, 5299, 5304, 5319, 5321, 5357, 5358, 5364], "elapsed_seconds": 0.04771060007624328, "status": "success", "failure_reason": "", "route_distance_km": 35.06932923764436, "distance_cost_sum": 38.59606473313351, "population_cost_sum": 24.787572976016946, "traffic_cost_sum": 15.41417932224777, "airspace_cost_sum": 33.4, "total_weighted_score": 31.259781703139826}, "geometry": {"type": "LineString", "coordinates": [[-90.15289905765549, 38.57128267769979], [-90.15845430205954, 38.57592253965332], [-90.16401026010618, 38.58056216167], [-90.16956693197352, 38.58520154361737], [-90.17512431783956, 38.5898406853631], [-90.18068241788241, 38.5944795867747], [-90.18624123228014, 38.59911824771971], [-90.19180076121087, 38.60375666806568], [-90.19736100485268, 38.60839484768009], [-90.20292196338367, 38.61303278643038], [-90.2084836369821, 38.617670484184025], [-90.21404602582597, 38.62230794080845], [-90.21960913009349, 38.62694515617101], [-90.22517294996291, 38.63158213013913], [-90.23073748561237, 38.63621886258013], [-90.23630273722006, 38.640855353361346], [-90.24186870496423, 38.645491602350084], [-90.24743538902311, 38.65012760941361], [-90.25300278957496, 38.654763374419176], [-90.25857090679797, 38.65939889723403], [-90.26413974087053, 38.66403417772537], [-90.26970929197084, 38.66866921576039], [-90.27527956027723, 38.67330401120623], [-90.28102094844074, 38.67343772015905], [-90.28659233093768, 38.67807201278429], [-90.29216443101578, 38.68270606246168], [-90.29773724885335, 38.68733986905835], [-90.30331078462868, 38.69197343244128], [-90.30888503852013, 38.69660675247757], [-90.31446001070607, 38.70123982903419], [-90.32003570136486, 38.70587266197814], [-90.32561211067481, 38.710505251176386], [-90.33118923881437, 38.715137596495865], [-90.3367670859619, 38.719769697803464], [-90.34234565229588, 38.724401554966114], [-90.34792493799469, 38.72903316785066], [-90.35350494323681, 38.73366453632395], [-90.35908566820065, 38.73829566025279], [-90.36466711306467, 38.742926539503976], [-90.37024927800739, 38.74755717394432]]}}, {"type": "Feature", "properties": {"route_run_id": "stl_st_louis_downtown_airport_to_st_louis_lambert_2026-03-07_0145", "route_pair": "st_louis_downtown_airport_to_st_louis_lambert", "route_pair_label": "St. Louis Downtown Airport to St. Louis Lambert", "origin_label": "St. Louis Downtown Airport", "destination_label": "St. Louis Lambert International Airport", "origin_lat": 38.5703611, "origin_lon": -90.1550833, "destination_lat": 38.7486982, "destination_lon": -90.3700257, "traffic_date": "2026-03-07", "traffic_dataset": "March 7th - Saturday", "weight_id": "w_0145", "distance_weight": 0.2, "population_weight": 0.2, "traffic_weight": 0.6, "airspace_weight": 0.0, "path_nodes": 46, "path_node_ids": [2179, 2180, 2172, 2176, 2200, 2204, 2317, 2340, 2346, 2371, 2391, 2389, 2392, 2396, 2724, 2721, 2722, 2725, 2632, 2631, 2630, 2655, 2657, 2670, 2674, 2690, 2694, 2696, 3997, 4003, 5000, 5001, 5026, 5031, 5046, 5050, 5052, 5076, 5082, 5299, 5304, 5319, 5321, 5357, 5358, 5364], "elapsed_seconds": 0.015769399935379624, "status": "success", "failure_reason": "", "route_distance_km": 37.84560087545425, "distance_cost_sum": 41.651531209938895, "population_cost_sum": 26.489883160151685, "traffic_cost_sum": 11.198515233861743, "airspace_cost_sum": 37.8, "total_weighted_score": 20.347392014335163}, "geometry": {"type": "LineString", "coordinates": [[-90.15289905765549, 38.57128267769979], [-90.15845430205954, 38.57592253965332], [-90.16418736160693, 38.57606168922697], [-90.16974371606538, 38.58070105309441], [-90.17530078436367, 38.58534017679984], [-90.1808585666797, 38.58997906021084], [-90.18641706319154, 38.594617703194956], [-90.1919762740773, 38.599256105619745], [-90.19753619951499, 38.60389426735269], [-90.20309683968271, 38.60853218826128], [-90.20865819475857, 38.61316986821297], [-90.21439446510948, 38.61330666920645], [-90.21995693176504, 38.61794384912666], [-90.22552011370372, 38.622580787732026], [-90.23108401110366, 38.627217484889904], [-90.23682150967697, 38.62735322783211], [-90.2425590468561, 38.62748868982185], [-90.24812445278388, 38.632124626806814], [-90.25386242482786, 38.63225954846606], [-90.25960043524782, 38.632394189110826], [-90.26533848396411, 38.63252854873545], [-90.27090579460699, 38.637163465274895], [-90.27647382133833, 38.64179813950475], [-90.28204256433611, 38.64643257129221], [-90.28761202377838, 38.651066760504534], [-90.29318219984313, 38.6557007070089], [-90.29875309270838, 38.6603344106725], [-90.29858387993494, 38.66483533065127], [-90.3041558105904, 38.669468808450944], [-90.30972845856238, 38.6741020431041], [-90.31530182402891, 38.678735034477825], [-90.32087590716817, 38.68336778243918], [-90.32070794108151, 38.68786876652711], [-90.32053993746693, 38.69236974652525], [-90.32611538157217, 38.69700228484725], [-90.32020381761771, 38.70137169425106], [-90.32003570136486, 38.70587266197814], [-90.32561211067481, 38.710505251176386], [-90.33118923881437, 38.715137596495865], [-90.3367670859619, 38.719769697803464], [-90.34234565229588, 38.724401554966114], [-90.34792493799469, 38.72903316785066], [-90.35350494323681, 38.73366453632395], [-90.35908566820065, 38.73829566025279], [-90.36466711306467, 38.742926539503976], [-90.37024927800739, 38.74755717394432]]}}, {"type": "Feature", "properties": {"route_run_id": "stl_st_louis_downtown_airport_to_st_louis_lambert_2026-03-07_0280", "route_pair": "st_louis_downtown_airport_to_st_louis_lambert", "route_pair_label": "St. Louis Downtown Airport to St. Louis Lambert", "origin_label": "St. Louis Downtown Airport", "destination_label": "St. Louis Lambert International Airport", "origin_lat": 38.5703611, "origin_lon": -90.1550833, "destination_lat": 38.7486982, "destination_lon": -90.3700257, "traffic_date": "2026-03-07", "traffic_dataset": "March 7th - Saturday", "weight_id": "w_0280", "distance_weight": 0.8, "population_weight": 0.0, "traffic_weight": 0.2, "airspace_weight": 0.0, "path_nodes": 40, "path_node_ids": [2179, 2180, 2174, 2199, 2203, 2207, 2341, 2344, 2368, 2374, 2394, 2397, 2712, 2716, 2739, 2746, 2769, 2773, 3985, 3988, 3992, 3994, 4019, 4020, 4023, 4055, 4059, 4063, 4064, 5048, 5052, 5076, 5082, 5299, 5304, 5319, 5321, 5357, 5358, 5364], "elapsed_seconds": 0.003052600077353418, "status": "success", "failure_reason": "", "route_distance_km": 35.0695243590648, "distance_cost_sum": 38.596279476875054, "population_cost_sum": 23.651108783135093, "traffic_cost_sum": 14.425692925774984, "airspace_cost_sum": 33.8, "total_weighted_score": 33.76216216665504}, "geometry": {"type": "LineString", "coordinates": [[-90.15289905765549, 38.57128267769979], [-90.15845430205954, 38.57592253965332], [-90.16401026010618, 38.58056216167], [-90.16956693197352, 38.58520154361737], [-90.17512431783956, 38.5898406853631], [-90.18068241788241, 38.5944795867747], [-90.18624123228014, 38.59911824771971], [-90.19180076121087, 38.60375666806568], [-90.19736100485268, 38.60839484768009], [-90.20292196338367, 38.61303278643038], [-90.2084836369821, 38.617670484184025], [-90.21404602582597, 38.62230794080845], [-90.21960913009349, 38.62694515617101], [-90.22517294996291, 38.63158213013913], [-90.23073748561237, 38.63621886258013], [-90.23630273722006, 38.640855353361346], [-90.24186870496423, 38.645491602350084], [-90.24743538902311, 38.65012760941361], [-90.25300278957496, 38.654763374419176], [-90.25857090679797, 38.65939889723403], [-90.26413974087053, 38.66403417772537], [-90.26970929197084, 38.66866921576039], [-90.27527956027723, 38.67330401120623], [-90.28085054596801, 38.677938563930056], [-90.28642224922152, 38.68257287379895], [-90.29199467021606, 38.68720694068001], [-90.29756780913004, 38.69184076444029], [-90.3031416661418, 38.696474344946864], [-90.30888503852013, 38.69660675247757], [-90.31446001070607, 38.70123982903419], [-90.32003570136486, 38.70587266197814], [-90.32561211067481, 38.710505251176386], [-90.33118923881437, 38.715137596495865], [-90.3367670859619, 38.719769697803464], [-90.34234565229588, 38.724401554966114], [-90.34792493799469, 38.72903316785066], [-90.35350494323681, 38.73366453632395], [-90.35908566820065, 38.73829566025279], [-90.36466711306467, 38.742926539503976], [-90.37024927800739, 38.74755717394432]]}}, {"type": "Feature", "properties": {"route_run_id": "stl_st_louis_downtown_airport_to_st_louis_lambert_2026-03-07_0108", "route_pair": "st_louis_downtown_airport_to_st_louis_lambert", "route_pair_label": "St. Louis Downtown Airport to St. Louis Lambert", "origin_label": "St. Louis Downtown Airport", "destination_label": "St. Louis Lambert International Airport", "origin_lat": 38.5703611, "origin_lon": -90.1550833, "destination_lat": 38.7486982, "destination_lon": -90.3700257, "traffic_date": "2026-03-07", "traffic_dataset": "March 7th - Saturday", "weight_id": "w_0108", "distance_weight": 0.1, "population_weight": 0.5, "traffic_weight": 0.1, "airspace_weight": 0.3, "path_nodes": 43, "path_node_ids": [2179, 2180, 2183, 2198, 2202, 2206, 2449, 2345, 2370, 2373, 2398, 2709, 2711, 2714, 2750, 2744, 2770, 2772, 2777, 3989, 3993, 4006, 4008, 4021, 4045, 4047, 4058, 4062, 4077, 4082, 4084, 5080, 5084, 5310, 5311, 5337, 5320, 5322, 5323, 5346, 5357, 5358, 5364], "elapsed_seconds": 0.05143440002575517, "status": "success", "failure_reason": "", "route_distance_km": 36.19709159463293, "distance_cost_sum": 39.83724013854156, "population_cost_sum": 17.31210242086407, "traffic_cost_sum": 21.464075654287832, "airspace_cost_sum": 36.4, "total_weighted_score": 25.706182789714973}, "geometry": {"type": "LineString", "coordinates": [[-90.15289905765549, 38.57128267769979], [-90.15845430205954, 38.57592253965332], [-90.15827684369297, 38.58042298981685], [-90.16383311905943, 38.58506262995554], [-90.16939010840554, 38.58970202998531], [-90.17494781190939, 38.59434118977373], [-90.18050622974906, 38.59898010918833], [-90.18606536210271, 38.60361878809667], [-90.19162520914848, 38.60825722636621], [-90.19718577106451, 38.612895423864465], [-90.20274704802898, 38.61753338045887], [-90.2083090402201, 38.622171096016864], [-90.21387174781604, 38.62680857040582], [-90.21943517099498, 38.631445803493165], [-90.22499930993523, 38.636082795146216], [-90.23056416481495, 38.64071954523234], [-90.2361297358124, 38.64535605361884], [-90.24169602310592, 38.649992320172984], [-90.24726302687371, 38.65462834476206], [-90.25283074729404, 38.65926412725328], [-90.2583991845453, 38.663899667513896], [-90.26396833880578, 38.66853496541107], [-90.26953821025378, 38.673170020811966], [-90.2751087990677, 38.67780483358376], [-90.28068010542587, 38.682439403593555], [-90.28625212950666, 38.68707373070842], [-90.29182487148844, 38.69170781479548], [-90.29739833154962, 38.69634165572174], [-90.30297250986867, 38.70097525335427], [-90.30280331580018, 38.70547615766316], [-90.30837853409372, 38.710109528957155], [-90.31395447116216, 38.71474265665128], [-90.31378588266769, 38.71924359100243], [-90.31936286061908, 38.72387649197406], [-90.32494055786266, 38.72850914903958], [-90.330518974577, 38.7331415620659], [-90.33626541075455, 38.733272728767844], [-90.3420118843105, 38.73340361338185], [-90.34775839516463, 38.73353421590239], [-90.35333872308522, 38.73816560113835], [-90.35908566820065, 38.73829566025279], [-90.36466711306467, 38.742926539503976], [-90.37024927800739, 38.74755717394432]]}}, {"type": "Feature", "properties": {"route_run_id": "stl_st_louis_downtown_airport_to_st_louis_lambert_2026-03-07_0285", "route_pair": "st_louis_downtown_airport_to_st_louis_lambert", "route_pair_label": "St. Louis Downtown Airport to St. Louis Lambert", "origin_label": "St. Louis Downtown Airport", "destination_label": "St. Louis Lambert International Airport", "origin_lat": 38.5703611, "origin_lon": -90.1550833, "destination_lat": 38.7486982, "destination_lon": -90.3700257, "traffic_date": "2026-03-07", "traffic_dataset": "March 7th - Saturday", "weight_id": "w_0285", "distance_weight": 0.9, "population_weight": 0.0, "traffic_weight": 0.1, "airspace_weight": 0.0, "path_nodes": 40, "path_node_ids": [2179, 2180, 2174, 2199, 2203, 2207, 2341, 2344, 2368, 2374, 2394, 2397, 2712, 2716, 2739, 2746, 2769, 2773, 3985, 3988, 3992, 3994, 4019, 4020, 4023, 4055, 4059, 4063, 4064, 5048, 5052, 5076, 5082, 5299, 5304, 5319, 5321, 5357, 5358, 5364], "elapsed_seconds": 0.0020075999200344086, "status": "success", "failure_reason": "", "route_distance_km": 35.0695243590648, "distance_cost_sum": 38.596279476875054, "population_cost_sum": 23.651108783135093, "traffic_cost_sum": 14.425692925774984, "airspace_cost_sum": 33.8, "total_weighted_score": 36.17922082176504}, "geometry": {"type": "LineString", "coordinates": [[-90.15289905765549, 38.57128267769979], [-90.15845430205954, 38.57592253965332], [-90.16401026010618, 38.58056216167], [-90.16956693197352, 38.58520154361737], [-90.17512431783956, 38.5898406853631], [-90.18068241788241, 38.5944795867747], [-90.18624123228014, 38.59911824771971], [-90.19180076121087, 38.60375666806568], [-90.19736100485268, 38.60839484768009], [-90.20292196338367, 38.61303278643038], [-90.2084836369821, 38.617670484184025], [-90.21404602582597, 38.62230794080845], [-90.21960913009349, 38.62694515617101], [-90.22517294996291, 38.63158213013913], [-90.23073748561237, 38.63621886258013], [-90.23630273722006, 38.640855353361346], [-90.24186870496423, 38.645491602350084], [-90.24743538902311, 38.65012760941361], [-90.25300278957496, 38.654763374419176], [-90.25857090679797, 38.65939889723403], [-90.26413974087053, 38.66403417772537], [-90.26970929197084, 38.66866921576039], [-90.27527956027723, 38.67330401120623], [-90.28085054596801, 38.677938563930056], [-90.28642224922152, 38.68257287379895], [-90.29199467021606, 38.68720694068001], [-90.29756780913004, 38.69184076444029], [-90.3031416661418, 38.696474344946864], [-90.30888503852013, 38.69660675247757], [-90.31446001070607, 38.70123982903419], [-90.32003570136486, 38.70587266197814], [-90.32561211067481, 38.710505251176386], [-90.33118923881437, 38.715137596495865], [-90.3367670859619, 38.719769697803464], [-90.34234565229588, 38.724401554966114], [-90.34792493799469, 38.72903316785066], [-90.35350494323681, 38.73366453632395], [-90.35908566820065, 38.73829566025279], [-90.36466711306467, 38.742926539503976], [-90.37024927800739, 38.74755717394432]]}}, {"type": "Feature", "properties": {"route_run_id": "stl_st_louis_downtown_airport_to_st_louis_lambert_2026-03-07_0271", "route_pair": "st_louis_downtown_airport_to_st_louis_lambert", "route_pair_label": "St. Louis Downtown Airport to St. Louis Lambert", "origin_label": "St. Louis Downtown Airport", "destination_label": "St. Louis Lambert International Airport", "origin_lat": 38.5703611, "origin_lon": -90.1550833, "destination_lat": 38.7486982, "destination_lon": -90.3700257, "traffic_date": "2026-03-07", "traffic_dataset": "March 7th - Saturday", "weight_id": "w_0271", "distance_weight": 0.7, "population_weight": 0.0, "traffic_weight": 0.3, "airspace_weight": 0.0, "path_nodes": 41, "path_node_ids": [2179, 2180, 2174, 2199, 2203, 2207, 2341, 2344, 2368, 2374, 2394, 2397, 2712, 2716, 2739, 2746, 2769, 2772, 2777, 3989, 3993, 4006, 4008, 4021, 4045, 4047, 4058, 4059, 4063, 4064, 5048, 5052, 5076, 5082, 5299, 5304, 5319, 5321, 5357, 5358, 5364], "elapsed_seconds": 0.003560099983587861, "status": "success", "failure_reason": "", "route_distance_km": 35.44496799381346, "distance_cost_sum": 39.00947947657301, "population_cost_sum": 25.09456255665406, "traffic_cost_sum": 13.271815011393638, "airspace_cost_sum": 34.4, "total_weighted_score": 31.2881801370192}, "geometry": {"type": "LineString", "coordinates": [[-90.15289905765549, 38.57128267769979], [-90.15845430205954, 38.57592253965332], [-90.16401026010618, 38.58056216167], [-90.16956693197352, 38.58520154361737], [-90.17512431783956, 38.5898406853631], [-90.18068241788241, 38.5944795867747], [-90.18624123228014, 38.59911824771971], [-90.19180076121087, 38.60375666806568], [-90.19736100485268, 38.60839484768009], [-90.20292196338367, 38.61303278643038], [-90.2084836369821, 38.617670484184025], [-90.21404602582597, 38.62230794080845], [-90.21960913009349, 38.62694515617101], [-90.22517294996291, 38.63158213013913], [-90.23073748561237, 38.63621886258013], [-90.23630273722006, 38.640855353361346], [-90.24186870496423, 38.645491602350084], [-90.24169602310592, 38.649992320172984], [-90.24726302687371, 38.65462834476206], [-90.25283074729404, 38.65926412725328], [-90.2583991845453, 38.663899667513896], [-90.26396833880578, 38.66853496541107], [-90.26953821025378, 38.673170020811966], [-90.2751087990677, 38.67780483358376], [-90.28068010542587, 38.682439403593555], [-90.28625212950666, 38.68707373070842], [-90.29182487148844, 38.69170781479548], [-90.29756780913004, 38.69184076444029], [-90.3031416661418, 38.696474344946864], [-90.30888503852013, 38.69660675247757], [-90.31446001070607, 38.70123982903419], [-90.32003570136486, 38.70587266197814], [-90.32561211067481, 38.710505251176386], [-90.33118923881437, 38.715137596495865], [-90.3367670859619, 38.719769697803464], [-90.34234565229588, 38.724401554966114], [-90.34792493799469, 38.72903316785066], [-90.35350494323681, 38.73366453632395], [-90.35908566820065, 38.73829566025279], [-90.36466711306467, 38.742926539503976], [-90.37024927800739, 38.74755717394432]]}}, {"type": "Feature", "properties": {"route_run_id": "stl_st_louis_downtown_airport_to_st_louis_lambert_2026-03-07_0160", "route_pair": "st_louis_downtown_airport_to_st_louis_lambert", "route_pair_label": "St. Louis Downtown Airport to St. Louis Lambert", "origin_label": "St. Louis Downtown Airport", "destination_label": "St. Louis Lambert International Airport", "origin_lat": 38.5703611, "origin_lon": -90.1550833, "destination_lat": 38.7486982, "destination_lon": -90.3700257, "traffic_date": "2026-03-07", "traffic_dataset": "March 7th - Saturday", "weight_id": "w_0160", "distance_weight": 0.2, "population_weight": 0.5, "traffic_weight": 0.3, "airspace_weight": 0.0, "path_nodes": 43, "path_node_ids": [2179, 2180, 2183, 2198, 2202, 2206, 2449, 2345, 2370, 2373, 2398, 2709, 2711, 2714, 2750, 2744, 2770, 2772, 2777, 3989, 3993, 4006, 4008, 4021, 4045, 4047, 4058, 4062, 4077, 4082, 4084, 5080, 5084, 5310, 5311, 5337, 5320, 5322, 5323, 5321, 5357, 5358, 5364], "elapsed_seconds": 0.023310299962759018, "status": "success", "failure_reason": "", "route_distance_km": 36.197052438376296, "distance_cost_sum": 39.83719704454894, "population_cost_sum": 17.855036497983942, "traffic_cost_sum": 20.464075654287832, "airspace_cost_sum": 36.4, "total_weighted_score": 23.03418035418811}, "geometry": {"type": "LineString", "coordinates": [[-90.15289905765549, 38.57128267769979], [-90.15845430205954, 38.57592253965332], [-90.15827684369297, 38.58042298981685], [-90.16383311905943, 38.58506262995554], [-90.16939010840554, 38.58970202998531], [-90.17494781190939, 38.59434118977373], [-90.18050622974906, 38.59898010918833], [-90.18606536210271, 38.60361878809667], [-90.19162520914848, 38.60825722636621], [-90.19718577106451, 38.612895423864465], [-90.20274704802898, 38.61753338045887], [-90.2083090402201, 38.622171096016864], [-90.21387174781604, 38.62680857040582], [-90.21943517099498, 38.631445803493165], [-90.22499930993523, 38.636082795146216], [-90.23056416481495, 38.64071954523234], [-90.2361297358124, 38.64535605361884], [-90.24169602310592, 38.649992320172984], [-90.24726302687371, 38.65462834476206], [-90.25283074729404, 38.65926412725328], [-90.2583991845453, 38.663899667513896], [-90.26396833880578, 38.66853496541107], [-90.26953821025378, 38.673170020811966], [-90.2751087990677, 38.67780483358376], [-90.28068010542587, 38.682439403593555], [-90.28625212950666, 38.68707373070842], [-90.29182487148844, 38.69170781479548], [-90.29739833154962, 38.69634165572174], [-90.30297250986867, 38.70097525335427], [-90.30280331580018, 38.70547615766316], [-90.30837853409372, 38.710109528957155], [-90.31395447116216, 38.71474265665128], [-90.31378588266769, 38.71924359100243], [-90.31936286061908, 38.72387649197406], [-90.32494055786266, 38.72850914903958], [-90.330518974577, 38.7331415620659], [-90.33626541075455, 38.733272728767844], [-90.3420118843105, 38.73340361338185], [-90.34775839516463, 38.73353421590239], [-90.35350494323681, 38.73366453632395], [-90.35908566820065, 38.73829566025279], [-90.36466711306467, 38.742926539503976], [-90.37024927800739, 38.74755717394432]]}}, {"type": "Feature", "properties": {"route_run_id": "stl_st_louis_downtown_airport_to_st_louis_lambert_2026-03-07_0067", "route_pair": "st_louis_downtown_airport_to_st_louis_lambert", "route_pair_label": "St. Louis Downtown Airport to St. Louis Lambert", "origin_label": "St. Louis Downtown Airport", "destination_label": "St. Louis Lambert International Airport", "origin_lat": 38.5703611, "origin_lon": -90.1550833, "destination_lat": 38.7486982, "destination_lon": -90.3700257, "traffic_date": "2026-03-07", "traffic_dataset": "March 7th - Saturday", "weight_id": "w_0067", "distance_weight": 0.1, "population_weight": 0.0, "traffic_weight": 0.0, "airspace_weight": 0.9, "path_nodes": 40, "path_node_ids": [2179, 2147, 2172, 2176, 2200, 2204, 2317, 2340, 2346, 2371, 2391, 2395, 2708, 2713, 2738, 2741, 2745, 2747, 2684, 2687, 3987, 3990, 4016, 4017, 4022, 4029, 4034, 4060, 4064, 5048, 5052, 5076, 5082, 5299, 5304, 5319, 5321, 5357, 5358, 5364], "elapsed_seconds": 0.050637600012123585, "status": "success", "failure_reason": "", "route_distance_km": 35.06847425714207, "distance_cost_sum": 38.5951237717998, "population_cost_sum": 26.02381511715049, "traffic_cost_sum": 16.149378808043295, "airspace_cost_sum": 33.4, "total_weighted_score": 33.919512377179984}, "geometry": {"type": "LineString", "coordinates": [[-90.15289905765549, 38.57128267769979], [-90.15863172081019, 38.571422085329914], [-90.16418736160693, 38.57606168922697], [-90.16974371606538, 38.58070105309441], [-90.17530078436367, 38.58534017679984], [-90.1808585666797, 38.58997906021084], [-90.18641706319154, 38.594617703194956], [-90.1919762740773, 38.599256105619745], [-90.19753619951499, 38.60389426735269], [-90.20309683968271, 38.60853218826128], [-90.20865819475857, 38.61316986821297], [-90.21422026492066, 38.617807307075225], [-90.21978305034705, 38.62244450471542], [-90.22534655121595, 38.62708146100096], [-90.2309107677055, 38.63171817579922], [-90.2364756999938, 38.63635464897752], [-90.2420413482591, 38.64099088040321], [-90.24760771267954, 38.645626869943555], [-90.25317479343335, 38.65026261746583], [-90.25874259069872, 38.654898122837295], [-90.26431110465388, 38.659533385925144], [-90.26988033547711, 38.664168406596616], [-90.27545028334664, 38.66880318471887], [-90.28102094844074, 38.67343772015905], [-90.28659233093768, 38.67807201278429], [-90.29216443101578, 38.68270606246168], [-90.29773724885335, 38.68733986905835], [-90.30331078462868, 38.69197343244128], [-90.30888503852013, 38.69660675247757], [-90.31446001070607, 38.70123982903419], [-90.32003570136486, 38.70587266197814], [-90.32561211067481, 38.710505251176386], [-90.33118923881437, 38.715137596495865], [-90.3367670859619, 38.719769697803464], [-90.34234565229588, 38.724401554966114], [-90.34792493799469, 38.72903316785066], [-90.35350494323681, 38.73366453632395], [-90.35908566820065, 38.73829566025279], [-90.36466711306467, 38.742926539503976], [-90.37024927800739, 38.74755717394432]]}}, {"type": "Feature", "properties": {"route_run_id": "stl_st_louis_downtown_airport_to_st_louis_lambert_2026-03-07_0089", "route_pair": "st_louis_downtown_airport_to_st_louis_lambert", "route_pair_label": "St. Louis Downtown Airport to St. Louis Lambert", "origin_label": "St. Louis Downtown Airport", "destination_label": "St. Louis Lambert International Airport", "origin_lat": 38.5703611, "origin_lon": -90.1550833, "destination_lat": 38.7486982, "destination_lon": -90.3700257, "traffic_date": "2026-03-07", "traffic_dataset": "March 7th - Saturday", "weight_id": "w_0089", "distance_weight": 0.1, "population_weight": 0.2, "traffic_weight": 0.3, "airspace_weight": 0.4, "path_nodes": 41, "path_node_ids": [2179, 2180, 2183, 2198, 2202, 2206, 2449, 2345, 2370, 2373, 2398, 2709, 2711, 2714, 2750, 2744, 2770, 2772, 2777, 3989, 3993, 4006, 4008, 4021, 4045, 4047, 4058, 4059, 4063, 4064, 5048, 5052, 5076, 5082, 5299, 5304, 5319, 5321, 5357, 5358, 5364], "elapsed_seconds": 0.047040199977345765, "status": "success", "failure_reason": "", "route_distance_km": 35.44516965599588, "distance_cost_sum": 39.00970141884611, "population_cost_sum": 23.447934484851842, "traffic_cost_sum": 13.596616574214913, "airspace_cost_sum": 34.4, "total_weighted_score": 26.42954201111946}, "geometry": {"type": "LineString", "coordinates": [[-90.15289905765549, 38.57128267769979], [-90.15845430205954, 38.57592253965332], [-90.15827684369297, 38.58042298981685], [-90.16383311905943, 38.58506262995554], [-90.16939010840554, 38.58970202998531], [-90.17494781190939, 38.59434118977373], [-90.18050622974906, 38.59898010918833], [-90.18606536210271, 38.60361878809667], [-90.19162520914848, 38.60825722636621], [-90.19718577106451, 38.612895423864465], [-90.20274704802898, 38.61753338045887], [-90.2083090402201, 38.622171096016864], [-90.21387174781604, 38.62680857040582], [-90.21943517099498, 38.631445803493165], [-90.22499930993523, 38.636082795146216], [-90.23056416481495, 38.64071954523234], [-90.2361297358124, 38.64535605361884], [-90.24169602310592, 38.649992320172984], [-90.24726302687371, 38.65462834476206], [-90.25283074729404, 38.65926412725328], [-90.2583991845453, 38.663899667513896], [-90.26396833880578, 38.66853496541107], [-90.26953821025378, 38.673170020811966], [-90.2751087990677, 38.67780483358376], [-90.28068010542587, 38.682439403593555], [-90.28625212950666, 38.68707373070842], [-90.29182487148844, 38.69170781479548], [-90.29756780913004, 38.69184076444029], [-90.3031416661418, 38.696474344946864], [-90.30888503852013, 38.69660675247757], [-90.31446001070607, 38.70123982903419], [-90.32003570136486, 38.70587266197814], [-90.32561211067481, 38.710505251176386], [-90.33118923881437, 38.715137596495865], [-90.3367670859619, 38.719769697803464], [-90.34234565229588, 38.724401554966114], [-90.34792493799469, 38.72903316785066], [-90.35350494323681, 38.73366453632395], [-90.35908566820065, 38.73829566025279], [-90.36466711306467, 38.742926539503976], [-90.37024927800739, 38.74755717394432]]}}, {"type": "Feature", "properties": {"route_run_id": "stl_st_louis_downtown_airport_to_st_louis_lambert_2026-03-07_0024", "route_pair": "st_louis_downtown_airport_to_st_louis_lambert", "route_pair_label": "St. Louis Downtown Airport to St. Louis Lambert", "origin_label": "St. Louis Downtown Airport", "destination_label": "St. Louis Lambert International Airport", "origin_lat": 38.5703611, "origin_lon": -90.1550833, "destination_lat": 38.7486982, "destination_lon": -90.3700257, "traffic_date": "2026-03-07", "traffic_dataset": "March 7th - Saturday", "weight_id": "w_0024", "distance_weight": 0.0, "population_weight": 0.2, "traffic_weight": 0.2, "airspace_weight": 0.6, "path_nodes": 40, "path_node_ids": [2179, 2180, 2174, 2199, 2203, 2207, 2341, 2344, 2368, 2374, 2394, 2397, 2712, 2716, 2739, 2746, 2769, 2773, 3985, 3988, 3992, 3994, 4019, 4020, 4023, 4055, 4059, 4063, 4064, 5048, 5052, 5076, 5082, 5299, 5304, 5319, 5321, 5357, 5358, 5364], "elapsed_seconds": 0.0445739000570029, "status": "success", "failure_reason": "", "route_distance_km": 35.0695243590648, "distance_cost_sum": 38.596279476875054, "population_cost_sum": 23.651108783135093, "traffic_cost_sum": 14.425692925774984, "airspace_cost_sum": 33.8, "total_weighted_score": 27.895360341782013}, "geometry": {"type": "LineString", "coordinates": [[-90.15289905765549, 38.57128267769979], [-90.15845430205954, 38.57592253965332], [-90.16401026010618, 38.58056216167], [-90.16956693197352, 38.58520154361737], [-90.17512431783956, 38.5898406853631], [-90.18068241788241, 38.5944795867747], [-90.18624123228014, 38.59911824771971], [-90.19180076121087, 38.60375666806568], [-90.19736100485268, 38.60839484768009], [-90.20292196338367, 38.61303278643038], [-90.2084836369821, 38.617670484184025], [-90.21404602582597, 38.62230794080845], [-90.21960913009349, 38.62694515617101], [-90.22517294996291, 38.63158213013913], [-90.23073748561237, 38.63621886258013], [-90.23630273722006, 38.640855353361346], [-90.24186870496423, 38.645491602350084], [-90.24743538902311, 38.65012760941361], [-90.25300278957496, 38.654763374419176], [-90.25857090679797, 38.65939889723403], [-90.26413974087053, 38.66403417772537], [-90.26970929197084, 38.66866921576039], [-90.27527956027723, 38.67330401120623], [-90.28085054596801, 38.677938563930056], [-90.28642224922152, 38.68257287379895], [-90.29199467021606, 38.68720694068001], [-90.29756780913004, 38.69184076444029], [-90.3031416661418, 38.696474344946864], [-90.30888503852013, 38.69660675247757], [-90.31446001070607, 38.70123982903419], [-90.32003570136486, 38.70587266197814], [-90.32561211067481, 38.710505251176386], [-90.33118923881437, 38.715137596495865], [-90.3367670859619, 38.719769697803464], [-90.34234565229588, 38.724401554966114], [-90.34792493799469, 38.72903316785066], [-90.35350494323681, 38.73366453632395], [-90.35908566820065, 38.73829566025279], [-90.36466711306467, 38.742926539503976], [-90.37024927800739, 38.74755717394432]]}}, {"type": "Feature", "properties": {"route_run_id": "stl_st_louis_downtown_airport_to_st_louis_lambert_2026-03-07_0251", "route_pair": "st_louis_downtown_airport_to_st_louis_lambert", "route_pair_label": "St. Louis Downtown Airport to St. Louis Lambert", "origin_label": "St. Louis Downtown Airport", "destination_label": "St. Louis Lambert International Airport", "origin_lat": 38.5703611, "origin_lon": -90.1550833, "destination_lat": 38.7486982, "destination_lon": -90.3700257, "traffic_date": "2026-03-07", "traffic_dataset": "March 7th - Saturday", "weight_id": "w_0251", "distance_weight": 0.5, "population_weight": 0.4, "traffic_weight": 0.1, "airspace_weight": 0.0, "path_nodes": 43, "path_node_ids": [2179, 2180, 2183, 2198, 2202, 2206, 2449, 2345, 2370, 2373, 2398, 2709, 2711, 2714, 2750, 2744, 2770, 2772, 2777, 3989, 3993, 4006, 4008, 4021, 4045, 4047, 4058, 4062, 4077, 4082, 4084, 5080, 5084, 5310, 5311, 5337, 5320, 5322, 5323, 5346, 5357, 5358, 5364], "elapsed_seconds": 0.008160999976098537, "status": "success", "failure_reason": "", "route_distance_km": 36.19709159463293, "distance_cost_sum": 39.83724013854156, "population_cost_sum": 17.31210242086407, "traffic_cost_sum": 21.464075654287832, "airspace_cost_sum": 36.4, "total_weighted_score": 28.989868603045192}, "geometry": {"type": "LineString", "coordinates": [[-90.15289905765549, 38.57128267769979], [-90.15845430205954, 38.57592253965332], [-90.15827684369297, 38.58042298981685], [-90.16383311905943, 38.58506262995554], [-90.16939010840554, 38.58970202998531], [-90.17494781190939, 38.59434118977373], [-90.18050622974906, 38.59898010918833], [-90.18606536210271, 38.60361878809667], [-90.19162520914848, 38.60825722636621], [-90.19718577106451, 38.612895423864465], [-90.20274704802898, 38.61753338045887], [-90.2083090402201, 38.622171096016864], [-90.21387174781604, 38.62680857040582], [-90.21943517099498, 38.631445803493165], [-90.22499930993523, 38.636082795146216], [-90.23056416481495, 38.64071954523234], [-90.2361297358124, 38.64535605361884], [-90.24169602310592, 38.649992320172984], [-90.24726302687371, 38.65462834476206], [-90.25283074729404, 38.65926412725328], [-90.2583991845453, 38.663899667513896], [-90.26396833880578, 38.66853496541107], [-90.26953821025378, 38.673170020811966], [-90.2751087990677, 38.67780483358376], [-90.28068010542587, 38.682439403593555], [-90.28625212950666, 38.68707373070842], [-90.29182487148844, 38.69170781479548], [-90.29739833154962, 38.69634165572174], [-90.30297250986867, 38.70097525335427], [-90.30280331580018, 38.70547615766316], [-90.30837853409372, 38.710109528957155], [-90.31395447116216, 38.71474265665128], [-90.31378588266769, 38.71924359100243], [-90.31936286061908, 38.72387649197406], [-90.32494055786266, 38.72850914903958], [-90.330518974577, 38.7331415620659], [-90.33626541075455, 38.733272728767844], [-90.3420118843105, 38.73340361338185], [-90.34775839516463, 38.73353421590239], [-90.35333872308522, 38.73816560113835], [-90.35908566820065, 38.73829566025279], [-90.36466711306467, 38.742926539503976], [-90.37024927800739, 38.74755717394432]]}}, {"type": "Feature", "properties": {"route_run_id": "stl_st_louis_downtown_airport_to_st_louis_lambert_2026-03-07_0223", "route_pair": "st_louis_downtown_airport_to_st_louis_lambert", "route_pair_label": "St. Louis Downtown Airport to St. Louis Lambert", "origin_label": "St. Louis Downtown Airport", "destination_label": "St. Louis Lambert International Airport", "origin_lat": 38.5703611, "origin_lon": -90.1550833, "destination_lat": 38.7486982, "destination_lon": -90.3700257, "traffic_date": "2026-03-07", "traffic_dataset": "March 7th - Saturday", "weight_id": "w_0223", "distance_weight": 0.4, "population_weight": 0.3, "traffic_weight": 0.1, "airspace_weight": 0.2, "path_nodes": 43, "path_node_ids": [2179, 2180, 2183, 2198, 2202, 2206, 2449, 2345, 2370, 2373, 2398, 2709, 2711, 2714, 2750, 2744, 2770, 2772, 2777, 3989, 3993, 4006, 4008, 4021, 4045, 4047, 4058, 4062, 4077, 4082, 4084, 5080, 5084, 5310, 5311, 5337, 5320, 5322, 5323, 5346, 5357, 5358, 5364], "elapsed_seconds": 0.012572099920362234, "status": "success", "failure_reason": "", "route_distance_km": 36.19709159463293, "distance_cost_sum": 39.83724013854156, "population_cost_sum": 17.31210242086407, "traffic_cost_sum": 21.464075654287832, "airspace_cost_sum": 36.4, "total_weighted_score": 30.55493434710463}, "geometry": {"type": "LineString", "coordinates": [[-90.15289905765549, 38.57128267769979], [-90.15845430205954, 38.57592253965332], [-90.15827684369297, 38.58042298981685], [-90.16383311905943, 38.58506262995554], [-90.16939010840554, 38.58970202998531], [-90.17494781190939, 38.59434118977373], [-90.18050622974906, 38.59898010918833], [-90.18606536210271, 38.60361878809667], [-90.19162520914848, 38.60825722636621], [-90.19718577106451, 38.612895423864465], [-90.20274704802898, 38.61753338045887], [-90.2083090402201, 38.622171096016864], [-90.21387174781604, 38.62680857040582], [-90.21943517099498, 38.631445803493165], [-90.22499930993523, 38.636082795146216], [-90.23056416481495, 38.64071954523234], [-90.2361297358124, 38.64535605361884], [-90.24169602310592, 38.649992320172984], [-90.24726302687371, 38.65462834476206], [-90.25283074729404, 38.65926412725328], [-90.2583991845453, 38.663899667513896], [-90.26396833880578, 38.66853496541107], [-90.26953821025378, 38.673170020811966], [-90.2751087990677, 38.67780483358376], [-90.28068010542587, 38.682439403593555], [-90.28625212950666, 38.68707373070842], [-90.29182487148844, 38.69170781479548], [-90.29739833154962, 38.69634165572174], [-90.30297250986867, 38.70097525335427], [-90.30280331580018, 38.70547615766316], [-90.30837853409372, 38.710109528957155], [-90.31395447116216, 38.71474265665128], [-90.31378588266769, 38.71924359100243], [-90.31936286061908, 38.72387649197406], [-90.32494055786266, 38.72850914903958], [-90.330518974577, 38.7331415620659], [-90.33626541075455, 38.733272728767844], [-90.3420118843105, 38.73340361338185], [-90.34775839516463, 38.73353421590239], [-90.35333872308522, 38.73816560113835], [-90.35908566820065, 38.73829566025279], [-90.36466711306467, 38.742926539503976], [-90.37024927800739, 38.74755717394432]]}}, {"type": "Feature", "properties": {"route_run_id": "stl_st_louis_downtown_airport_to_st_louis_lambert_2026-03-07_0193", "route_pair": "st_louis_downtown_airport_to_st_louis_lambert", "route_pair_label": "St. Louis Downtown Airport to St. Louis Lambert", "origin_label": "St. Louis Downtown Airport", "destination_label": "St. Louis Lambert International Airport", "origin_lat": 38.5703611, "origin_lon": -90.1550833, "destination_lat": 38.7486982, "destination_lon": -90.3700257, "traffic_date": "2026-03-07", "traffic_dataset": "March 7th - Saturday", "weight_id": "w_0193", "distance_weight": 0.3, "population_weight": 0.3, "traffic_weight": 0.4, "airspace_weight": 0.0, "path_nodes": 41, "path_node_ids": [2179, 2180, 2183, 2198, 2202, 2206, 2449, 2345, 2370, 2373, 2398, 2709, 2711, 2714, 2750, 2744, 2770, 2772, 2777, 3989, 3993, 4006, 4008, 4021, 4045, 4047, 4058, 4059, 4063, 4064, 5048, 5052, 5076, 5082, 5299, 5304, 5319, 5321, 5357, 5358, 5364], "elapsed_seconds": 0.01244259998202324, "status": "success", "failure_reason": "", "route_distance_km": 35.44516965599588, "distance_cost_sum": 39.00970141884611, "population_cost_sum": 23.447934484851842, "traffic_cost_sum": 13.596616574214913, "airspace_cost_sum": 34.4, "total_weighted_score": 24.175937400795352}, "geometry": {"type": "LineString", "coordinates": [[-90.15289905765549, 38.57128267769979], [-90.15845430205954, 38.57592253965332], [-90.15827684369297, 38.58042298981685], [-90.16383311905943, 38.58506262995554], [-90.16939010840554, 38.58970202998531], [-90.17494781190939, 38.59434118977373], [-90.18050622974906, 38.59898010918833], [-90.18606536210271, 38.60361878809667], [-90.19162520914848, 38.60825722636621], [-90.19718577106451, 38.612895423864465], [-90.20274704802898, 38.61753338045887], [-90.2083090402201, 38.622171096016864], [-90.21387174781604, 38.62680857040582], [-90.21943517099498, 38.631445803493165], [-90.22499930993523, 38.636082795146216], [-90.23056416481495, 38.64071954523234], [-90.2361297358124, 38.64535605361884], [-90.24169602310592, 38.649992320172984], [-90.24726302687371, 38.65462834476206], [-90.25283074729404, 38.65926412725328], [-90.2583991845453, 38.663899667513896], [-90.26396833880578, 38.66853496541107], [-90.26953821025378, 38.673170020811966], [-90.2751087990677, 38.67780483358376], [-90.28068010542587, 38.682439403593555], [-90.28625212950666, 38.68707373070842], [-90.29182487148844, 38.69170781479548], [-90.29756780913004, 38.69184076444029], [-90.3031416661418, 38.696474344946864], [-90.30888503852013, 38.69660675247757], [-90.31446001070607, 38.70123982903419], [-90.32003570136486, 38.70587266197814], [-90.32561211067481, 38.710505251176386], [-90.33118923881437, 38.715137596495865], [-90.3367670859619, 38.719769697803464], [-90.34234565229588, 38.724401554966114], [-90.34792493799469, 38.72903316785066], [-90.35350494323681, 38.73366453632395], [-90.35908566820065, 38.73829566025279], [-90.36466711306467, 38.742926539503976], [-90.37024927800739, 38.74755717394432]]}}, {"type": "Feature", "properties": {"route_run_id": "stl_st_louis_downtown_airport_to_st_louis_lambert_2026-03-07_0224", "route_pair": "st_louis_downtown_airport_to_st_louis_lambert", "route_pair_label": "St. Louis Downtown Airport to St. Louis Lambert", "origin_label": "St. Louis Downtown Airport", "destination_label": "St. Louis Lambert International Airport", "origin_lat": 38.5703611, "origin_lon": -90.1550833, "destination_lat": 38.7486982, "destination_lon": -90.3700257, "traffic_date": "2026-03-07", "traffic_dataset": "March 7th - Saturday", "weight_id": "w_0224", "distance_weight": 0.4, "population_weight": 0.3, "traffic_weight": 0.2, "airspace_weight": 0.1, "path_nodes": 41, "path_node_ids": [2179, 2180, 2183, 2198, 2202, 2206, 2449, 2345, 2370, 2373, 2398, 2709, 2711, 2714, 2750, 2744, 2770, 2772, 2777, 3989, 3993, 4006, 3994, 4019, 4020, 4023, 4055, 4059, 4063, 4064, 5048, 5052, 5076, 5082, 5299, 5304, 5319, 5321, 5357, 5358, 5364], "elapsed_seconds": 0.01233129994943738, "status": "success", "failure_reason": "", "route_distance_km": 35.444974610774196, "distance_cost_sum": 39.00948675896621, "population_cost_sum": 22.999382459977298, "traffic_cost_sum": 13.969149855183435, "airspace_cost_sum": 34.4, "total_weighted_score": 28.737439412616364}, "geometry": {"type": "LineString", "coordinates": [[-90.15289905765549, 38.57128267769979], [-90.15845430205954, 38.57592253965332], [-90.15827684369297, 38.58042298981685], [-90.16383311905943, 38.58506262995554], [-90.16939010840554, 38.58970202998531], [-90.17494781190939, 38.59434118977373], [-90.18050622974906, 38.59898010918833], [-90.18606536210271, 38.60361878809667], [-90.19162520914848, 38.60825722636621], [-90.19718577106451, 38.612895423864465], [-90.20274704802898, 38.61753338045887], [-90.2083090402201, 38.622171096016864], [-90.21387174781604, 38.62680857040582], [-90.21943517099498, 38.631445803493165], [-90.22499930993523, 38.636082795146216], [-90.23056416481495, 38.64071954523234], [-90.2361297358124, 38.64535605361884], [-90.24169602310592, 38.649992320172984], [-90.24726302687371, 38.65462834476206], [-90.25283074729404, 38.65926412725328], [-90.2583991845453, 38.663899667513896], [-90.26396833880578, 38.66853496541107], [-90.26970929197084, 38.66866921576039], [-90.27527956027723, 38.67330401120623], [-90.28085054596801, 38.677938563930056], [-90.28642224922152, 38.68257287379895], [-90.29199467021606, 38.68720694068001], [-90.29756780913004, 38.69184076444029], [-90.3031416661418, 38.696474344946864], [-90.30888503852013, 38.69660675247757], [-90.31446001070607, 38.70123982903419], [-90.32003570136486, 38.70587266197814], [-90.32561211067481, 38.710505251176386], [-90.33118923881437, 38.715137596495865], [-90.3367670859619, 38.719769697803464], [-90.34234565229588, 38.724401554966114], [-90.34792493799469, 38.72903316785066], [-90.35350494323681, 38.73366453632395], [-90.35908566820065, 38.73829566025279], [-90.36466711306467, 38.742926539503976], [-90.37024927800739, 38.74755717394432]]}}, {"type": "Feature", "properties": {"route_run_id": "stl_st_louis_downtown_airport_to_st_louis_lambert_2026-03-07_0096", "route_pair": "st_louis_downtown_airport_to_st_louis_lambert", "route_pair_label": "St. Louis Downtown Airport to St. Louis Lambert", "origin_label": "St. Louis Downtown Airport", "destination_label": "St. Louis Lambert International Airport", "origin_lat": 38.5703611, "origin_lon": -90.1550833, "destination_lat": 38.7486982, "destination_lon": -90.3700257, "traffic_date": "2026-03-07", "traffic_dataset": "March 7th - Saturday", "weight_id": "w_0096", "distance_weight": 0.1, "population_weight": 0.3, "traffic_weight": 0.2, "airspace_weight": 0.4, "path_nodes": 41, "path_node_ids": [2179, 2180, 2183, 2198, 2202, 2206, 2449, 2345, 2370, 2373, 2398, 2709, 2711, 2714, 2750, 2744, 2770, 2772, 2777, 3989, 3993, 4006, 3994, 4019, 4020, 4023, 4055, 4059, 4063, 4064, 5048, 5052, 5076, 5082, 5299, 5304, 5319, 5321, 5357, 5358, 5364], "elapsed_seconds": 0.04866319999564439, "status": "success", "failure_reason": "", "route_distance_km": 35.444974610774196, "distance_cost_sum": 39.00948675896621, "population_cost_sum": 22.999382459977298, "traffic_cost_sum": 13.969149855183435, "airspace_cost_sum": 34.4, "total_weighted_score": 27.354593384926503}, "geometry": {"type": "LineString", "coordinates": [[-90.15289905765549, 38.57128267769979], [-90.15845430205954, 38.57592253965332], [-90.15827684369297, 38.58042298981685], [-90.16383311905943, 38.58506262995554], [-90.16939010840554, 38.58970202998531], [-90.17494781190939, 38.59434118977373], [-90.18050622974906, 38.59898010918833], [-90.18606536210271, 38.60361878809667], [-90.19162520914848, 38.60825722636621], [-90.19718577106451, 38.612895423864465], [-90.20274704802898, 38.61753338045887], [-90.2083090402201, 38.622171096016864], [-90.21387174781604, 38.62680857040582], [-90.21943517099498, 38.631445803493165], [-90.22499930993523, 38.636082795146216], [-90.23056416481495, 38.64071954523234], [-90.2361297358124, 38.64535605361884], [-90.24169602310592, 38.649992320172984], [-90.24726302687371, 38.65462834476206], [-90.25283074729404, 38.65926412725328], [-90.2583991845453, 38.663899667513896], [-90.26396833880578, 38.66853496541107], [-90.26970929197084, 38.66866921576039], [-90.27527956027723, 38.67330401120623], [-90.28085054596801, 38.677938563930056], [-90.28642224922152, 38.68257287379895], [-90.29199467021606, 38.68720694068001], [-90.29756780913004, 38.69184076444029], [-90.3031416661418, 38.696474344946864], [-90.30888503852013, 38.69660675247757], [-90.31446001070607, 38.70123982903419], [-90.32003570136486, 38.70587266197814], [-90.32561211067481, 38.710505251176386], [-90.33118923881437, 38.715137596495865], [-90.3367670859619, 38.719769697803464], [-90.34234565229588, 38.724401554966114], [-90.34792493799469, 38.72903316785066], [-90.35350494323681, 38.73366453632395], [-90.35908566820065, 38.73829566025279], [-90.36466711306467, 38.742926539503976], [-90.37024927800739, 38.74755717394432]]}}, {"type": "Feature", "properties": {"route_run_id": "stl_st_louis_downtown_airport_to_st_louis_lambert_2026-03-07_0139", "route_pair": "st_louis_downtown_airport_to_st_louis_lambert", "route_pair_label": "St. Louis Downtown Airport to St. Louis Lambert", "origin_label": "St. Louis Downtown Airport", "destination_label": "St. Louis Lambert International Airport", "origin_lat": 38.5703611, "origin_lon": -90.1550833, "destination_lat": 38.7486982, "destination_lon": -90.3700257, "traffic_date": "2026-03-07", "traffic_dataset": "March 7th - Saturday", "weight_id": "w_0139", "distance_weight": 0.2, "population_weight": 0.2, "traffic_weight": 0.0, "airspace_weight": 0.6, "path_nodes": 40, "path_node_ids": [2179, 2180, 2174, 2199, 2203, 2207, 2341, 2344, 2368, 2374, 2394, 2397, 2712, 2716, 2739, 2746, 2769, 2773, 3985, 3988, 3992, 3994, 4019, 4020, 4023, 4055, 4059, 4063, 4078, 5051, 5075, 5079, 5306, 5303, 5318, 5323, 5346, 5357, 5358, 5364], "elapsed_seconds": 0.03902210004162043, "status": "success", "failure_reason": "", "route_distance_km": 35.06987633323177, "distance_cost_sum": 38.59666684720769, "population_cost_sum": 23.21199613097869, "traffic_cost_sum": 16.42024029705683, "airspace_cost_sum": 33.8, "total_weighted_score": 32.64173259563728}, "geometry": {"type": "LineString", "coordinates": [[-90.15289905765549, 38.57128267769979], [-90.15845430205954, 38.57592253965332], [-90.16401026010618, 38.58056216167], [-90.16956693197352, 38.58520154361737], [-90.17512431783956, 38.5898406853631], [-90.18068241788241, 38.5944795867747], [-90.18624123228014, 38.59911824771971], [-90.19180076121087, 38.60375666806568], [-90.19736100485268, 38.60839484768009], [-90.20292196338367, 38.61303278643038], [-90.2084836369821, 38.617670484184025], [-90.21404602582597, 38.62230794080845], [-90.21960913009349, 38.62694515617101], [-90.22517294996291, 38.63158213013913], [-90.23073748561237, 38.63621886258013], [-90.23630273722006, 38.640855353361346], [-90.24186870496423, 38.645491602350084], [-90.24743538902311, 38.65012760941361], [-90.25300278957496, 38.654763374419176], [-90.25857090679797, 38.65939889723403], [-90.26413974087053, 38.66403417772537], [-90.26970929197084, 38.66866921576039], [-90.27527956027723, 38.67330401120623], [-90.28085054596801, 38.677938563930056], [-90.28642224922152, 38.68257287379895], [-90.29199467021606, 38.68720694068001], [-90.29756780913004, 38.69184076444029], [-90.3031416661418, 38.696474344946864], [-90.3087162414297, 38.701107682066734], [-90.31429153517219, 38.705740775666875], [-90.31986754754767, 38.71037362561428], [-90.32544427873452, 38.71500623177588], [-90.33102172891115, 38.71963859401861], [-90.33659989825608, 38.72427071220935], [-90.34217878694776, 38.72890258621499], [-90.34775839516463, 38.73353421590239], [-90.35333872308522, 38.73816560113835], [-90.35908566820065, 38.73829566025279], [-90.36466711306467, 38.742926539503976], [-90.37024927800739, 38.74755717394432]]}}, {"type": "Feature", "properties": {"route_run_id": "stl_st_louis_downtown_airport_to_st_louis_lambert_2026-03-07_0279", "route_pair": "st_louis_downtown_airport_to_st_louis_lambert", "route_pair_label": "St. Louis Downtown Airport to St. Louis Lambert", "origin_label": "St. Louis Downtown Airport", "destination_label": "St. Louis Lambert International Airport", "origin_lat": 38.5703611, "origin_lon": -90.1550833, "destination_lat": 38.7486982, "destination_lon": -90.3700257, "traffic_date": "2026-03-07", "traffic_dataset": "March 7th - Saturday", "weight_id": "w_0279", "distance_weight": 0.8, "population_weight": 0.0, "traffic_weight": 0.1, "airspace_weight": 0.1, "path_nodes": 40, "path_node_ids": [2179, 2180, 2174, 2199, 2203, 2207, 2341, 2344, 2368, 2374, 2394, 2397, 2712, 2716, 2739, 2746, 2769, 2773, 3985, 3988, 3992, 3994, 4019, 4020, 4023, 4055, 4059, 4063, 4064, 5048, 5052, 5076, 5082, 5299, 5304, 5319, 5321, 5357, 5358, 5364], "elapsed_seconds": 0.003714699996635318, "status": "success", "failure_reason": "", "route_distance_km": 35.0695243590648, "distance_cost_sum": 38.596279476875054, "population_cost_sum": 23.651108783135093, "traffic_cost_sum": 14.425692925774984, "airspace_cost_sum": 33.8, "total_weighted_score": 35.699592874077545}, "geometry": {"type": "LineString", "coordinates": [[-90.15289905765549, 38.57128267769979], [-90.15845430205954, 38.57592253965332], [-90.16401026010618, 38.58056216167], [-90.16956693197352, 38.58520154361737], [-90.17512431783956, 38.5898406853631], [-90.18068241788241, 38.5944795867747], [-90.18624123228014, 38.59911824771971], [-90.19180076121087, 38.60375666806568], [-90.19736100485268, 38.60839484768009], [-90.20292196338367, 38.61303278643038], [-90.2084836369821, 38.617670484184025], [-90.21404602582597, 38.62230794080845], [-90.21960913009349, 38.62694515617101], [-90.22517294996291, 38.63158213013913], [-90.23073748561237, 38.63621886258013], [-90.23630273722006, 38.640855353361346], [-90.24186870496423, 38.645491602350084], [-90.24743538902311, 38.65012760941361], [-90.25300278957496, 38.654763374419176], [-90.25857090679797, 38.65939889723403], [-90.26413974087053, 38.66403417772537], [-90.26970929197084, 38.66866921576039], [-90.27527956027723, 38.67330401120623], [-90.28085054596801, 38.677938563930056], [-90.28642224922152, 38.68257287379895], [-90.29199467021606, 38.68720694068001], [-90.29756780913004, 38.69184076444029], [-90.3031416661418, 38.696474344946864], [-90.30888503852013, 38.69660675247757], [-90.31446001070607, 38.70123982903419], [-90.32003570136486, 38.70587266197814], [-90.32561211067481, 38.710505251176386], [-90.33118923881437, 38.715137596495865], [-90.3367670859619, 38.719769697803464], [-90.34234565229588, 38.724401554966114], [-90.34792493799469, 38.72903316785066], [-90.35350494323681, 38.73366453632395], [-90.35908566820065, 38.73829566025279], [-90.36466711306467, 38.742926539503976], [-90.37024927800739, 38.74755717394432]]}}, {"type": "Feature", "properties": {"route_run_id": "stl_st_louis_downtown_airport_to_st_louis_lambert_2026-03-07_0003", "route_pair": "st_louis_downtown_airport_to_st_louis_lambert", "route_pair_label": "St. Louis Downtown Airport to St. Louis Lambert", "origin_label": "St. Louis Downtown Airport", "destination_label": "St. Louis Lambert International Airport", "origin_lat": 38.5703611, "origin_lon": -90.1550833, "destination_lat": 38.7486982, "destination_lon": -90.3700257, "traffic_date": "2026-03-07", "traffic_dataset": "March 7th - Saturday", "weight_id": "w_0003", "distance_weight": 0.0, "population_weight": 0.0, "traffic_weight": 0.2, "airspace_weight": 0.8, "path_nodes": 40, "path_node_ids": [2179, 2180, 2174, 2199, 2203, 2207, 2341, 2344, 2368, 2374, 2394, 2397, 2712, 2716, 2739, 2746, 2769, 2747, 2684, 2687, 3987, 3990, 4016, 4017, 4022, 4029, 4034, 4060, 4064, 5048, 5052, 5076, 5082, 5299, 5304, 5319, 5321, 5357, 5358, 5364], "elapsed_seconds": 0.04261829995084554, "status": "success", "failure_reason": "", "route_distance_km": 35.06909548721607, "distance_cost_sum": 38.5958074756707, "population_cost_sum": 25.61136132378821, "traffic_cost_sum": 15.3602348791462, "airspace_cost_sum": 33.4, "total_weighted_score": 29.792046975829244}, "geometry": {"type": "LineString", "coordinates": [[-90.15289905765549, 38.57128267769979], [-90.15845430205954, 38.57592253965332], [-90.16401026010618, 38.58056216167], [-90.16956693197352, 38.58520154361737], [-90.17512431783956, 38.5898406853631], [-90.18068241788241, 38.5944795867747], [-90.18624123228014, 38.59911824771971], [-90.19180076121087, 38.60375666806568], [-90.19736100485268, 38.60839484768009], [-90.20292196338367, 38.61303278643038], [-90.2084836369821, 38.617670484184025], [-90.21404602582597, 38.62230794080845], [-90.21960913009349, 38.62694515617101], [-90.22517294996291, 38.63158213013913], [-90.23073748561237, 38.63621886258013], [-90.23630273722006, 38.640855353361346], [-90.24186870496423, 38.645491602350084], [-90.24760771267954, 38.645626869943555], [-90.25317479343335, 38.65026261746583], [-90.25874259069872, 38.654898122837295], [-90.26431110465388, 38.659533385925144], [-90.26988033547711, 38.664168406596616], [-90.27545028334664, 38.66880318471887], [-90.28102094844074, 38.67343772015905], [-90.28659233093768, 38.67807201278429], [-90.29216443101578, 38.68270606246168], [-90.29773724885335, 38.68733986905835], [-90.30331078462868, 38.69197343244128], [-90.30888503852013, 38.69660675247757], [-90.31446001070607, 38.70123982903419], [-90.32003570136486, 38.70587266197814], [-90.32561211067481, 38.710505251176386], [-90.33118923881437, 38.715137596495865], [-90.3367670859619, 38.719769697803464], [-90.34234565229588, 38.724401554966114], [-90.34792493799469, 38.72903316785066], [-90.35350494323681, 38.73366453632395], [-90.35908566820065, 38.73829566025279], [-90.36466711306467, 38.742926539503976], [-90.37024927800739, 38.74755717394432]]}}, {"type": "Feature", "properties": {"route_run_id": "stl_st_louis_downtown_airport_to_st_louis_lambert_2026-03-07_0068", "route_pair": "st_louis_downtown_airport_to_st_louis_lambert", "route_pair_label": "St. Louis Downtown Airport to St. Louis Lambert", "origin_label": "St. Louis Downtown Airport", "destination_label": "St. Louis Lambert International Airport", "origin_lat": 38.5703611, "origin_lon": -90.1550833, "destination_lat": 38.7486982, "destination_lon": -90.3700257, "traffic_date": "2026-03-07", "traffic_dataset": "March 7th - Saturday", "weight_id": "w_0068", "distance_weight": 0.1, "population_weight": 0.0, "traffic_weight": 0.1, "airspace_weight": 0.8, "path_nodes": 40, "path_node_ids": [2179, 2180, 2174, 2199, 2203, 2207, 2341, 2344, 2368, 2374, 2394, 2397, 2712, 2716, 2739, 2746, 2769, 2747, 2684, 2687, 3987, 3990, 4016, 4017, 4022, 4029, 4034, 4060, 4064, 5048, 5052, 5076, 5082, 5299, 5304, 5319, 5321, 5357, 5358, 5364], "elapsed_seconds": 0.05070509994402528, "status": "success", "failure_reason": "", "route_distance_km": 35.06909548721607, "distance_cost_sum": 38.5958074756707, "population_cost_sum": 25.61136132378821, "traffic_cost_sum": 15.3602348791462, "airspace_cost_sum": 33.4, "total_weighted_score": 32.1156042354817}, "geometry": {"type": "LineString", "coordinates": [[-90.15289905765549, 38.57128267769979], [-90.15845430205954, 38.57592253965332], [-90.16401026010618, 38.58056216167], [-90.16956693197352, 38.58520154361737], [-90.17512431783956, 38.5898406853631], [-90.18068241788241, 38.5944795867747], [-90.18624123228014, 38.59911824771971], [-90.19180076121087, 38.60375666806568], [-90.19736100485268, 38.60839484768009], [-90.20292196338367, 38.61303278643038], [-90.2084836369821, 38.617670484184025], [-90.21404602582597, 38.62230794080845], [-90.21960913009349, 38.62694515617101], [-90.22517294996291, 38.63158213013913], [-90.23073748561237, 38.63621886258013], [-90.23630273722006, 38.640855353361346], [-90.24186870496423, 38.645491602350084], [-90.24760771267954, 38.645626869943555], [-90.25317479343335, 38.65026261746583], [-90.25874259069872, 38.654898122837295], [-90.26431110465388, 38.659533385925144], [-90.26988033547711, 38.664168406596616], [-90.27545028334664, 38.66880318471887], [-90.28102094844074, 38.67343772015905], [-90.28659233093768, 38.67807201278429], [-90.29216443101578, 38.68270606246168], [-90.29773724885335, 38.68733986905835], [-90.30331078462868, 38.69197343244128], [-90.30888503852013, 38.69660675247757], [-90.31446001070607, 38.70123982903419], [-90.32003570136486, 38.70587266197814], [-90.32561211067481, 38.710505251176386], [-90.33118923881437, 38.715137596495865], [-90.3367670859619, 38.719769697803464], [-90.34234565229588, 38.724401554966114], [-90.34792493799469, 38.72903316785066], [-90.35350494323681, 38.73366453632395], [-90.35908566820065, 38.73829566025279], [-90.36466711306467, 38.742926539503976], [-90.37024927800739, 38.74755717394432]]}}, {"type": "Feature", "properties": {"route_run_id": "stl_st_louis_downtown_airport_to_st_louis_lambert_2026-03-07_0103", "route_pair": "st_louis_downtown_airport_to_st_louis_lambert", "route_pair_label": "St. Louis Downtown Airport to St. Louis Lambert", "origin_label": "St. Louis Downtown Airport", "destination_label": "St. Louis Lambert International Airport", "origin_lat": 38.5703611, "origin_lon": -90.1550833, "destination_lat": 38.7486982, "destination_lon": -90.3700257, "traffic_date": "2026-03-07", "traffic_dataset": "March 7th - Saturday", "weight_id": "w_0103", "distance_weight": 0.1, "population_weight": 0.4, "traffic_weight": 0.2, "airspace_weight": 0.3, "path_nodes": 43, "path_node_ids": [2179, 2180, 2183, 2198, 2202, 2206, 2449, 2345, 2370, 2373, 2398, 2709, 2711, 2714, 2750, 2744, 2770, 2772, 2777, 3989, 3993, 4006, 4008, 4021, 4045, 4047, 4058, 4062, 4077, 4082, 4084, 5080, 5084, 5310, 5311, 5337, 5320, 5322, 5323, 5346, 5357, 5358, 5364], "elapsed_seconds": 0.04951339995022863, "status": "success", "failure_reason": "", "route_distance_km": 36.19709159463293, "distance_cost_sum": 39.83724013854156, "population_cost_sum": 17.31210242086407, "traffic_cost_sum": 21.464075654287832, "airspace_cost_sum": 36.4, "total_weighted_score": 26.121380113057352}, "geometry": {"type": "LineString", "coordinates": [[-90.15289905765549, 38.57128267769979], [-90.15845430205954, 38.57592253965332], [-90.15827684369297, 38.58042298981685], [-90.16383311905943, 38.58506262995554], [-90.16939010840554, 38.58970202998531], [-90.17494781190939, 38.59434118977373], [-90.18050622974906, 38.59898010918833], [-90.18606536210271, 38.60361878809667], [-90.19162520914848, 38.60825722636621], [-90.19718577106451, 38.612895423864465], [-90.20274704802898, 38.61753338045887], [-90.2083090402201, 38.622171096016864], [-90.21387174781604, 38.62680857040582], [-90.21943517099498, 38.631445803493165], [-90.22499930993523, 38.636082795146216], [-90.23056416481495, 38.64071954523234], [-90.2361297358124, 38.64535605361884], [-90.24169602310592, 38.649992320172984], [-90.24726302687371, 38.65462834476206], [-90.25283074729404, 38.65926412725328], [-90.2583991845453, 38.663899667513896], [-90.26396833880578, 38.66853496541107], [-90.26953821025378, 38.673170020811966], [-90.2751087990677, 38.67780483358376], [-90.28068010542587, 38.682439403593555], [-90.28625212950666, 38.68707373070842], [-90.29182487148844, 38.69170781479548], [-90.29739833154962, 38.69634165572174], [-90.30297250986867, 38.70097525335427], [-90.30280331580018, 38.70547615766316], [-90.30837853409372, 38.710109528957155], [-90.31395447116216, 38.71474265665128], [-90.31378588266769, 38.71924359100243], [-90.31936286061908, 38.72387649197406], [-90.32494055786266, 38.72850914903958], [-90.330518974577, 38.7331415620659], [-90.33626541075455, 38.733272728767844], [-90.3420118843105, 38.73340361338185], [-90.34775839516463, 38.73353421590239], [-90.35333872308522, 38.73816560113835], [-90.35908566820065, 38.73829566025279], [-90.36466711306467, 38.742926539503976], [-90.37024927800739, 38.74755717394432]]}}, {"type": "Feature", "properties": {"route_run_id": "stl_st_louis_downtown_airport_to_st_louis_lambert_2026-03-07_0238", "route_pair": "st_louis_downtown_airport_to_st_louis_lambert", "route_pair_label": "St. Louis Downtown Airport to St. Louis Lambert", "origin_label": "St. Louis Downtown Airport", "destination_label": "St. Louis Lambert International Airport", "origin_lat": 38.5703611, "origin_lon": -90.1550833, "destination_lat": 38.7486982, "destination_lon": -90.3700257, "traffic_date": "2026-03-07", "traffic_dataset": "March 7th - Saturday", "weight_id": "w_0238", "distance_weight": 0.5, "population_weight": 0.1, "traffic_weight": 0.0, "airspace_weight": 0.4, "path_nodes": 40, "path_node_ids": [2179, 2180, 2174, 2199, 2203, 2207, 2341, 2344, 2368, 2374, 2394, 2397, 2712, 2716, 2739, 2746, 2769, 2773, 3985, 3988, 3992, 3994, 4019, 4017, 4022, 4029, 4034, 4060, 4064, 5048, 5052, 5076, 5082, 5299, 5304, 5319, 5321, 5357, 5358, 5364], "elapsed_seconds": 0.010775799979455769, "status": "success", "failure_reason": "", "route_distance_km": 35.06932923764436, "distance_cost_sum": 38.59606473313351, "population_cost_sum": 24.787572976016946, "traffic_cost_sum": 15.41417932224777, "airspace_cost_sum": 33.4, "total_weighted_score": 35.136789664168454}, "geometry": {"type": "LineString", "coordinates": [[-90.15289905765549, 38.57128267769979], [-90.15845430205954, 38.57592253965332], [-90.16401026010618, 38.58056216167], [-90.16956693197352, 38.58520154361737], [-90.17512431783956, 38.5898406853631], [-90.18068241788241, 38.5944795867747], [-90.18624123228014, 38.59911824771971], [-90.19180076121087, 38.60375666806568], [-90.19736100485268, 38.60839484768009], [-90.20292196338367, 38.61303278643038], [-90.2084836369821, 38.617670484184025], [-90.21404602582597, 38.62230794080845], [-90.21960913009349, 38.62694515617101], [-90.22517294996291, 38.63158213013913], [-90.23073748561237, 38.63621886258013], [-90.23630273722006, 38.640855353361346], [-90.24186870496423, 38.645491602350084], [-90.24743538902311, 38.65012760941361], [-90.25300278957496, 38.654763374419176], [-90.25857090679797, 38.65939889723403], [-90.26413974087053, 38.66403417772537], [-90.26970929197084, 38.66866921576039], [-90.27527956027723, 38.67330401120623], [-90.28102094844074, 38.67343772015905], [-90.28659233093768, 38.67807201278429], [-90.29216443101578, 38.68270606246168], [-90.29773724885335, 38.68733986905835], [-90.30331078462868, 38.69197343244128], [-90.30888503852013, 38.69660675247757], [-90.31446001070607, 38.70123982903419], [-90.32003570136486, 38.70587266197814], [-90.32561211067481, 38.710505251176386], [-90.33118923881437, 38.715137596495865], [-90.3367670859619, 38.719769697803464], [-90.34234565229588, 38.724401554966114], [-90.34792493799469, 38.72903316785066], [-90.35350494323681, 38.73366453632395], [-90.35908566820065, 38.73829566025279], [-90.36466711306467, 38.742926539503976], [-90.37024927800739, 38.74755717394432]]}}, {"type": "Feature", "properties": {"route_run_id": "stl_st_louis_downtown_airport_to_st_louis_lambert_2026-03-07_0151", "route_pair": "st_louis_downtown_airport_to_st_louis_lambert", "route_pair_label": "St. Louis Downtown Airport to St. Louis Lambert", "origin_label": "St. Louis Downtown Airport", "destination_label": "St. Louis Lambert International Airport", "origin_lat": 38.5703611, "origin_lon": -90.1550833, "destination_lat": 38.7486982, "destination_lon": -90.3700257, "traffic_date": "2026-03-07", "traffic_dataset": "March 7th - Saturday", "weight_id": "w_0151", "distance_weight": 0.2, "population_weight": 0.3, "traffic_weight": 0.5, "airspace_weight": 0.0, "path_nodes": 41, "path_node_ids": [2179, 2180, 2183, 2198, 2202, 2206, 2449, 2345, 2370, 2373, 2398, 2709, 2711, 2714, 2750, 2744, 2770, 2772, 2777, 3989, 3993, 4006, 4008, 4021, 4045, 4047, 4058, 4059, 4063, 4064, 5048, 5052, 5076, 5082, 5299, 5304, 5319, 5321, 5357, 5358, 5364], "elapsed_seconds": 0.01729940006043762, "status": "success", "failure_reason": "", "route_distance_km": 35.44516965599588, "distance_cost_sum": 39.00970141884611, "population_cost_sum": 23.447934484851842, "traffic_cost_sum": 13.596616574214913, "airspace_cost_sum": 34.4, "total_weighted_score": 21.634628916332233}, "geometry": {"type": "LineString", "coordinates": [[-90.15289905765549, 38.57128267769979], [-90.15845430205954, 38.57592253965332], [-90.15827684369297, 38.58042298981685], [-90.16383311905943, 38.58506262995554], [-90.16939010840554, 38.58970202998531], [-90.17494781190939, 38.59434118977373], [-90.18050622974906, 38.59898010918833], [-90.18606536210271, 38.60361878809667], [-90.19162520914848, 38.60825722636621], [-90.19718577106451, 38.612895423864465], [-90.20274704802898, 38.61753338045887], [-90.2083090402201, 38.622171096016864], [-90.21387174781604, 38.62680857040582], [-90.21943517099498, 38.631445803493165], [-90.22499930993523, 38.636082795146216], [-90.23056416481495, 38.64071954523234], [-90.2361297358124, 38.64535605361884], [-90.24169602310592, 38.649992320172984], [-90.24726302687371, 38.65462834476206], [-90.25283074729404, 38.65926412725328], [-90.2583991845453, 38.663899667513896], [-90.26396833880578, 38.66853496541107], [-90.26953821025378, 38.673170020811966], [-90.2751087990677, 38.67780483358376], [-90.28068010542587, 38.682439403593555], [-90.28625212950666, 38.68707373070842], [-90.29182487148844, 38.69170781479548], [-90.29756780913004, 38.69184076444029], [-90.3031416661418, 38.696474344946864], [-90.30888503852013, 38.69660675247757], [-90.31446001070607, 38.70123982903419], [-90.32003570136486, 38.70587266197814], [-90.32561211067481, 38.710505251176386], [-90.33118923881437, 38.715137596495865], [-90.3367670859619, 38.719769697803464], [-90.34234565229588, 38.724401554966114], [-90.34792493799469, 38.72903316785066], [-90.35350494323681, 38.73366453632395], [-90.35908566820065, 38.73829566025279], [-90.36466711306467, 38.742926539503976], [-90.37024927800739, 38.74755717394432]]}}, {"type": "Feature", "properties": {"route_run_id": "stl_st_louis_downtown_airport_to_st_louis_lambert_2026-03-07_0052", "route_pair": "st_louis_downtown_airport_to_st_louis_lambert", "route_pair_label": "St. Louis Downtown Airport to St. Louis Lambert", "origin_label": "St. Louis Downtown Airport", "destination_label": "St. Louis Lambert International Airport", "origin_lat": 38.5703611, "origin_lon": -90.1550833, "destination_lat": 38.7486982, "destination_lon": -90.3700257, "traffic_date": "2026-03-07", "traffic_dataset": "March 7th - Saturday", "weight_id": "w_0052", "distance_weight": 0.0, "population_weight": 0.6, "traffic_weight": 0.0, "airspace_weight": 0.4, "path_nodes": 54, "path_node_ids": [2179, 2182, 2192, 2418, 2422, 2425, 2427, 2453, 2456, 2479, 2480, 2483, 2808, 2811, 2813, 2833, 2859, 2862, 2864, 2795, 2796, 3899, 3902, 3914, 3948, 3947, 3952, 3940, 3977, 3976, 3941, 4043, 4066, 4067, 4068, 4185, 4187, 4188, 4076, 4075, 4082, 4084, 5080, 5084, 5310, 5311, 5337, 5320, 5322, 5323, 5346, 5357, 5358, 5364], "elapsed_seconds": 0.04284330003429204, "status": "success", "failure_reason": "", "route_distance_km": 44.03384803406542, "distance_cost_sum": 48.46209739727293, "population_cost_sum": 9.018797265828733, "traffic_cost_sum": 42.04381321285076, "airspace_cost_sum": 44.2, "total_weighted_score": 23.091278359497245}, "geometry": {"type": "LineString", "coordinates": [[-90.15289905765549, 38.57128267769979], [-90.14698830189188, 38.575643399377846], [-90.14107683252396, 38.580003791744], [-90.14663191796852, 38.58464420615243], [-90.15218771733517, 38.589284380730234], [-90.15774423080212, 38.593924315345014], [-90.16330145854758, 38.59856400986431], [-90.16885940074975, 38.60320346415569], [-90.16868241918205, 38.60770393390031], [-90.16850539809049, 38.61220439948829], [-90.16832833746557, 38.616704860919356], [-90.17388794826633, 38.621344129014695], [-90.179448274358, 38.625983156498016], [-90.17353434470424, 38.6303450755264], [-90.16761969944088, 38.63470666506797], [-90.16170433842768, 38.63906792498539], [-90.16726514297947, 38.64370754219247], [-90.17282666359999, 38.64834691868183], [-90.17838890046788, 38.65298605432084], [-90.18395185376184, 38.657624948976824], [-90.18951552366053, 38.66226360251709], [-90.1950799103427, 38.666902014808954], [-90.200645013987, 38.67154018571967], [-90.20621083477218, 38.67617811511645], [-90.21177737287698, 38.68081580286656], [-90.21751905445252, 38.68095265114052], [-90.22308670781703, 38.685589837485246], [-90.22882882604138, 38.685726144608395], [-90.23439759481155, 38.69036282917826], [-90.24014014948251, 38.69049859495047], [-90.24605541323987, 38.68613337677085], [-90.2517976862147, 38.68626855773688], [-90.25736804511756, 38.69090420272148], [-90.26311075393669, 38.69103884211091], [-90.26868222818311, 38.695673984376505], [-90.27425442059507, 38.700308883813186], [-90.27999796237877, 38.700442721166475], [-90.28557127047641, 38.70507711728869], [-90.29148516021279, 38.700709550716724], [-90.297228816103, 38.700842542902386], [-90.30280331580018, 38.70547615766316], [-90.30837853409372, 38.710109528957155], [-90.31395447116216, 38.71474265665128], [-90.31378588266769, 38.71924359100243], [-90.31936286061908, 38.72387649197406], [-90.32494055786266, 38.72850914903958], [-90.330518974577, 38.7331415620659], [-90.33626541075455, 38.733272728767844], [-90.3420118843105, 38.73340361338185], [-90.34775839516463, 38.73353421590239], [-90.35333872308522, 38.73816560113835], [-90.35908566820065, 38.73829566025279], [-90.36466711306467, 38.742926539503976], [-90.37024927800739, 38.74755717394432]]}}, {"type": "Feature", "properties": {"route_run_id": "stl_st_louis_downtown_airport_to_st_louis_lambert_2026-03-07_0227", "route_pair": "st_louis_downtown_airport_to_st_louis_lambert", "route_pair_label": "St. Louis Downtown Airport to St. Louis Lambert", "origin_label": "St. Louis Downtown Airport", "destination_label": "St. Louis Lambert International Airport", "origin_lat": 38.5703611, "origin_lon": -90.1550833, "destination_lat": 38.7486982, "destination_lon": -90.3700257, "traffic_date": "2026-03-07", "traffic_dataset": "March 7th - Saturday", "weight_id": "w_0227", "distance_weight": 0.4, "population_weight": 0.4, "traffic_weight": 0.1, "airspace_weight": 0.1, "path_nodes": 43, "path_node_ids": [2179, 2180, 2183, 2198, 2202, 2206, 2449, 2345, 2370, 2373, 2398, 2709, 2711, 2714, 2750, 2744, 2770, 2772, 2777, 3989, 3993, 4006, 4008, 4021, 4045, 4047, 4058, 4062, 4077, 4082, 4084, 5080, 5084, 5310, 5311, 5337, 5320, 5322, 5323, 5346, 5357, 5358, 5364], "elapsed_seconds": 0.012006199918687344, "status": "success", "failure_reason": "", "route_distance_km": 36.19709159463293, "distance_cost_sum": 39.83724013854156, "population_cost_sum": 17.31210242086407, "traffic_cost_sum": 21.464075654287832, "airspace_cost_sum": 36.4, "total_weighted_score": 28.646144589191035}, "geometry": {"type": "LineString", "coordinates": [[-90.15289905765549, 38.57128267769979], [-90.15845430205954, 38.57592253965332], [-90.15827684369297, 38.58042298981685], [-90.16383311905943, 38.58506262995554], [-90.16939010840554, 38.58970202998531], [-90.17494781190939, 38.59434118977373], [-90.18050622974906, 38.59898010918833], [-90.18606536210271, 38.60361878809667], [-90.19162520914848, 38.60825722636621], [-90.19718577106451, 38.612895423864465], [-90.20274704802898, 38.61753338045887], [-90.2083090402201, 38.622171096016864], [-90.21387174781604, 38.62680857040582], [-90.21943517099498, 38.631445803493165], [-90.22499930993523, 38.636082795146216], [-90.23056416481495, 38.64071954523234], [-90.2361297358124, 38.64535605361884], [-90.24169602310592, 38.649992320172984], [-90.24726302687371, 38.65462834476206], [-90.25283074729404, 38.65926412725328], [-90.2583991845453, 38.663899667513896], [-90.26396833880578, 38.66853496541107], [-90.26953821025378, 38.673170020811966], [-90.2751087990677, 38.67780483358376], [-90.28068010542587, 38.682439403593555], [-90.28625212950666, 38.68707373070842], [-90.29182487148844, 38.69170781479548], [-90.29739833154962, 38.69634165572174], [-90.30297250986867, 38.70097525335427], [-90.30280331580018, 38.70547615766316], [-90.30837853409372, 38.710109528957155], [-90.31395447116216, 38.71474265665128], [-90.31378588266769, 38.71924359100243], [-90.31936286061908, 38.72387649197406], [-90.32494055786266, 38.72850914903958], [-90.330518974577, 38.7331415620659], [-90.33626541075455, 38.733272728767844], [-90.3420118843105, 38.73340361338185], [-90.34775839516463, 38.73353421590239], [-90.35333872308522, 38.73816560113835], [-90.35908566820065, 38.73829566025279], [-90.36466711306467, 38.742926539503976], [-90.37024927800739, 38.74755717394432]]}}]}