route_run_id,weight_id,weight_set,is_grid_weight,is_equal_weight,route_pair,route_pair_label,origin_label,destination_label,origin_lat,origin_lon,destination_lat,destination_lon,traffic_dataset,distance_weight,population_weight,traffic_weight,airspace_weight,path_nodes,path_node_ids,elapsed_seconds,status,failure_reason,route_distance_km,distance_norm_sum,population_norm_sum,traffic_norm_sum,airspace_norm_sum,total_weighted_score
chi_clow_to_ohare_0001,w_0001,grid_0_10,True,False,clow_to_ohare,Clow International Airport to O'Hare International Airport,Clow International Airport,O'Hare International Airport,41.695923717435235,-88.12876224517822,41.97807408541273,-87.90902412382081,ohare_2026-03-07_1s_15nm_bbox,0.0,0.0,0.0,1.0,301,"[13722, 13720, 13487, 13485, 13480, 13640, 13628, 13623, 13610, 13607, 13602, 13286, 13287, 13394, 13393, 13392, 13503, 13504, 13502, 13383, 13382, 13384, 14453, 14452, 14454, 14464, 14465, 14463, 14443, 14442, 14444, 14367, 14368, 14373, 14374, 14372, 14383, 14384, 14382, 14293, 14292, 14294, 14502, 14504, 14503, 14283, 14285, 14289, 14521, 14526, 14528, 14552, 14555, 14556, 14559, 14582, 14585, 14588, 14811, 14814, 14817, 14841, 14845, 14846, 14849, 14862, 14867, 15100, 15103, 15105, 15109, 15141, 15143, 15148, 15161, 15162, 15165, 15400, 15402, 15405, 15408, 15421, 15425, 15427, 15440, 15442, 15445, 15448, 15471, 15474, 15477, 15700, 15703, 15708, 15730, 15732, 15737, 15739, 15782, 15784, 15787, 17000, 17005, 17008, 17041, 17042, 17045, 17049, 17061, 17066, 17069, 17092, 17093, 17097, 17220, 17222, 17227, 17260, 17262, 17264, 17268, 17292, 17295, 17298, 17299, 17523, 17525, 17540, 17543, 17545, 17549, 17572, 17575, 17578, 17901, 17904, 17906, 17909, 17922, 17925, 17928, 17951, 17955, 17958, 17991, 17994, 17997, 30110, 30113, 30115, 30118, 30131, 30133, 30137, 30160, 30162, 30166, 30168, 30602, 30606, 30607, 30621, 30624, 30627, 30629, 30654, 30656, 30658, 30682, 30681, 30648, 30649, 30660, 30469, 30700, 30468, 30478, 30479, 30490, 30480, 30458, 30459, 30558, 30559, 30580, 30570, 30549, 30571, 30801, 30800, 30568, 30591, 30590, 31732, 31730, 31731, 31498, 31722, 31720, 31741, 31709, 31743, 31631, 31633, 31632, 31623, 31625, 31624, 31811, 31812, 31581, 31583, 31582, 31596, 31599, 31831, 31824, 31826, 31850, 34378, 34383, 34385, 34387, 34392, 34395, 35233, 35235, 35260, 35272, 35271, 35283, 35286, 35287, 35297, 35412, 35410, 35315, 35313, 35314, 35335, 35330, 35329, 34363, 34359, 34357, 28996, 28994, 28991, 28981, 28959, 28956, 28937, 28936, 34489, 34487, 28786, 34469, 34466, 28778, 28759, 28757, 28758, 28827, 28828, 28829, 28819, 28818, 28817, 29703, 29701, 29479, 29468, 29466, 29447, 29442, 29441, 29428, 29423, 29421, 29198, 29196, 29193, 29249, 29245, 29244, 29250, 27999, 29205, 29202, 27979, 27981, 27956, 27955, 28175, 28173, 28170, 28167, 28165, 28161, 26969, 26965]",0.131911599994055,success,,171.5391052434038,242.5929291107596,167.33499871945685,150.2324905118682,21.433311483346,21.433311483346
chi_clow_to_ohare_0002,w_0002,grid_0_10,True,False,clow_to_ohare,Clow International Airport to O'Hare International Airport,Clow International Airport,O'Hare International Airport,41.695923717435235,-88.12876224517822,41.97807408541273,-87.90902412382081,ohare_2026-03-07_1s_15nm_bbox,0.0,0.0,0.1,0.9,111,"[13722, 13720, 13707, 13483, 13482, 13480, 13646, 13644, 13629, 13652, 13654, 13657, 13659, 13683, 13684, 13664, 13666, 13576, 13810, 13913, 13915, 13919, 13930, 13935, 13938, 13844, 13964, 13967, 13969, 16113, 16115, 16117, 16211, 16215, 16217, 16219, 16252, 16257, 16258, 16261, 16264, 16269, 16292, 16296, 16297, 16368, 16369, 16384, 16397, 16630, 16631, 16626, 16628, 16650, 16665, 16668, 16659, 16674, 16675, 16910, 16923, 16916, 16919, 16951, 16953, 16957, 16981, 18105, 18107, 18118, 18119, 18117, 18125, 18123, 25899, 18027, 18028, 18053, 18061, 18065, 18069, 18301, 18304, 18308, 18246, 18271, 18273, 18267, 18269, 18503, 18505, 18507, 26470, 26474, 26477, 26811, 26813, 26816, 26822, 26827, 26829, 26738, 26771, 26773, 26920, 26921, 26912, 26917, 26950, 26961, 26965]",0.12735239999892656,success,,74.05382386917209,104.72792206059124,80.69963572781464,46.07512719826632,23.74298116083575,25.976195764578808
chi_clow_to_ohare_0003,w_0003,grid_0_10,True,False,clow_to_ohare,Clow International Airport to O'Hare International Airport,Clow International Airport,O'Hare International Airport,41.695923717435235,-88.12876224517822,41.97807408541273,-87.90902412382081,ohare_2026-03-07_1s_15nm_bbox,0.0,0.0,0.2,0.8,111,"[13722, 13720, 13707, 13483, 13482, 13480, 13646, 13644, 13629, 13652, 13654, 13657, 13659, 13683, 13684, 13664, 13666, 13576, 13810, 13913, 13915, 13919, 13930, 13935, 13938, 13844, 13846, 13967, 13969, 16113, 16115, 16117, 16211, 16215, 16217, 16219, 16252, 16257, 16258, 16261, 16264, 16269, 16292, 16296, 16297, 16368, 16369, 16384, 16397, 16630, 16631, 16626, 16628, 16650, 16665, 16668, 16659, 16674, 16675, 16910, 16923, 16916, 16919, 16951, 16953, 16957, 16981, 18105, 18107, 18118, 18119, 18117, 18125, 18123, 25899, 18027, 18028, 18053, 18061, 18065, 18069, 18301, 18304, 18308, 18246, 18271, 18273, 18267, 18269, 18503, 18505, 18507, 26470, 26474, 26477, 26811, 26813, 26816, 26822, 26827, 26829, 26738, 26771, 26773, 26920, 26921, 26912, 26917, 26950, 26961, 26965]",0.12712579999788431,success,,74.05382386917181,104.72792206059086,80.69963572781464,46.063708521640905,23.7446816920168,28.20848705794162
chi_clow_to_ohare_0004,w_0004,grid_0_10,True,False,clow_to_ohare,Clow International Airport to O'Hare International Airport,Clow International Airport,O'Hare International Airport,41.695923717435235,-88.12876224517822,41.97807408541273,-87.90902412382081,ohare_2026-03-07_1s_15nm_bbox,0.0,0.0,0.3,0.7,113,"[13722, 13720, 13707, 13483, 13482, 13480, 13646, 13644, 13629, 13652, 13654, 13657, 13659, 13683, 13684, 13664, 13666, 13576, 13810, 13913, 13915, 13919, 13930, 13935, 13938, 13844, 13843, 13860, 13862, 13867, 13868, 13891, 13885, 13888, 16211, 16215, 16217, 16219, 16252, 16257, 16258, 16261, 16264, 16269, 16292, 16296, 16297, 16368, 16369, 16384, 16397, 16630, 16631, 16626, 16628, 16650, 16665, 16668, 16659, 16674, 16675, 16910, 16923, 16916, 16919, 16951, 16953, 16957, 16981, 18105, 18107, 18118, 18119, 18117, 18125, 18123, 25899, 18027, 18028, 18053, 18061, 18065, 18069, 18301, 18304, 18308, 18246, 18271, 18273, 18267, 18269, 18503, 18505, 18507, 26470, 26474, 26477, 26811, 26813, 26816, 26822, 26827, 26829, 26738, 26771, 26773, 26920, 26921, 26912, 26917, 26950, 26961, 26965]",0.12973739999870304,success,,76.2964645562956,107.89949493582739,82.33719339109805,45.87593633248659,23.81627394463885,30.434172660993173
chi_clow_to_ohare_0005,w_0005,grid_0_10,True,False,clow_to_ohare,Clow International Airport to O'Hare International Airport,Clow International Airport,O'Hare International Airport,41.695923717435235,-88.12876224517822,41.97807408541273,-87.90902412382081,ohare_2026-03-07_1s_15nm_bbox,0.0,0.0,0.4,0.6,509,"[13722, 13720, 13707, 13483, 13482, 13480, 13646, 13644, 13629, 13652, 13654, 13657, 13659, 13683, 13684, 13664, 13666, 13559, 13558, 13556, 13566, 13563, 13561, 13543, 13545, 13544, 14712, 14479, 14477, 14485, 14473, 14472, 14458, 14457, 13384, 14450, 14427, 13354, 14422, 13349, 13345, 13342, 14190, 14169, 14191, 14405, 14403, 14400, 14176, 14153, 14151, 14136, 14125, 14132, 12897, 12895, 14051, 14028, 14025, 12867, 12865, 12863, 12794, 12790, 12768, 12764, 12824, 12821, 12589, 12587, 12585, 12584, 12581, 12580, 12548, 12464, 12462, 12460, 12427, 12443, 12299, 12416, 12418, 12417, 12502, 12179, 12159, 12156, 12154, 12160, 12136, 12132, 11119, 11118, 11113, 11101, 11100, 11102, 11121, 11120, 11122, 11002, 11000, 11001, 11010, 11012, 11011, 11020, 11021, 11221, 11220, 11222, 11212, 11210, 11211, 11202, 11200, 11201, 10101, 10102, 10100, 10122, 10121, 10120, 10111, 10112, 10110, 10020, 10021, 10000, 10001, 10002, 10010, 10012, 10011, 10210, 10212, 10211, 10200, 10201, 10202, 10220, 10222, 10221, 20010, 20012, 20011, 20000, 20001, 20002, 20021, 20020, 20101, 20102, 20100, 20122, 20120, 20123, 20110, 20112, 20111, 20222, 20220, 20223, 20211, 20210, 20212, 20202, 20200, 20201, 21030, 21031, 21012, 21010, 21011, 21001, 21000, 21002, 21021, 21022, 21020, 21202, 21201, 21200, 21211, 21212, 21210, 21110, 21112, 21111, 21120, 21121, 21101, 21100, 21102, 1000, 1002, 1001, 1012, 1010, 1011, 1030, 1031, 1032, 1020, 1022, 1021, 1210, 1211, 1212, 1201, 1202, 1200, 1131, 1130, 1102, 1101, 1100, 1111, 1112, 1110, 1122, 1120, 1124, 212, 210, 214, 206, 230, 234, 46, 90, 92, 76, 78, 332, 334, 336, 329, 364, 365, 429, 441, 446, 459, 471, 474, 485, 487, 488, 811, 812, 814, 816, 819, 861, 863, 864, 866, 868, 891, 893, 895, 897, 899, 3140, 3142, 3144, 3146, 3148, 3170, 3172, 3174, 3177, 3178, 3440, 3442, 3444, 3447, 3448, 3470, 3472, 3474, 3477, 3478, 3720, 3722, 3724, 3726, 3728, 3750, 3752, 3755, 3757, 3759, 6001, 6002, 6005, 6007, 6008, 6030, 6032, 6034, 6036, 6038, 6070, 6073, 6077, 6079, 6402, 6405, 6408, 6432, 6434, 6437, 6451, 6453, 6456, 6459, 6473, 6475, 6477, 6710, 6713, 6717, 6719, 6722, 6727, 6760, 6763, 6765, 6769, 9001, 9004, 9007, 9021, 9022, 9025, 9028, 9041, 9045, 9048, 9081, 9085, 9088, 9311, 9313, 9316, 9319, 9321, 9324, 9327, 9360, 9364, 9368, 9369, 9392, 9376, 9601, 9603, 9622, 9623, 9561, 9566, 9629, 9651, 9663, 9667, 9669, 9681, 9686, 9688, 9931, 9934, 9937, 9960, 9963, 9966, 9980, 9983, 9986, 9989, 37884, 37887, 37890, 37893, 37896, 37898, 37900, 37924, 37927, 37929, 38072, 38077, 38078, 38081, 38094, 38098, 38132, 38135, 38115, 38114, 38119, 38131, 38144, 38148, 38249, 38473, 38476, 38488, 38487, 38466, 38468, 38467, 38350, 38348, 38349, 38339, 38338, 38340, 38329, 38328, 38330, 37410, 37409, 37408, 37419, 37418, 37420, 37398, 37399, 37426, 37427, 37425, 37509, 37510, 37508, 37499, 37500, 37512, 37565, 37569, 37570, 37584, 37588, 37587, 37596, 37599, 37601, 29867, 29868, 29869, 29881, 29882, 29875, 29874, 29873, 29938, 29937, 29939, 29928, 29970, 29972, 29962, 29961, 29960, 35971, 35937, 35933, 29792, 29790, 29765, 29762, 29770, 29719, 29717, 29705, 29704, 29479, 29468, 29466, 29447, 29442, 29441, 29428, 29423, 29421, 29198, 29195, 29283, 29248, 29247, 29252, 29251, 29206, 29203, 29200, 27984, 27959, 27957, 28190, 28176, 28174, 28170, 28167, 28165, 28161, 26969, 26965]",0.13856130000203848,success,,288.7738541391161,408.3879009792439,159.04899887793698,27.650905876308492,32.43914316768347,30.52384825113348
chi_clow_to_ohare_0006,w_0006,grid_0_10,True,False,clow_to_ohare,Clow International Airport to O'Hare International Airport,Clow International Airport,O'Hare International Airport,41.695923717435235,-88.12876224517822,41.97807408541273,-87.90902412382081,ohare_2026-03-07_1s_15nm_bbox,0.0,0.0,0.5,0.5,510,"[13722, 13720, 13707, 13483, 13482, 13480, 13646, 13644, 13629, 13652, 13654, 13657, 13659, 13683, 13684, 13664, 13666, 13559, 13558, 13556, 13566, 13563, 13561, 13543, 13545, 13544, 14712, 14479, 14477, 14485, 14473, 14472, 14458, 14457, 13384, 14450, 14427, 13354, 14422, 13349, 13345, 13342, 14190, 14169, 14191, 14405, 14403, 14400, 14176, 14153, 14151, 14136, 14125, 14132, 12897, 12895, 14051, 14028, 14025, 12867, 12865, 12863, 12794, 12790, 12768, 12764, 12824, 12821, 12589, 12587, 12585, 12584, 12581, 12580, 12548, 12464, 12462, 12460, 12427, 12443, 12299, 12416, 12418, 12417, 12502, 12179, 12159, 12156, 12154, 12160, 12136, 12132, 11119, 11118, 11113, 11101, 11100, 11102, 11121, 11120, 11122, 11002, 11000, 11001, 11010, 11012, 11011, 11020, 11021, 11221, 11220, 11222, 11212, 11210, 11211, 11202, 11200, 11201, 10101, 10102, 10100, 10122, 10121, 10120, 10111, 10112, 10110, 10020, 10021, 10000, 10001, 10002, 10010, 10012, 10011, 10210, 10212, 10211, 10200, 10201, 10202, 10220, 10222, 10221, 20010, 20012, 20011, 20000, 20001, 20002, 20021, 20020, 20101, 20102, 20100, 20122, 20120, 20123, 20110, 20112, 20111, 20222, 20220, 20223, 20211, 20210, 20212, 20202, 20200, 20201, 21030, 21031, 21012, 21010, 21011, 21001, 21000, 21002, 21021, 21022, 21020, 21202, 21201, 21200, 21211, 21212, 21210, 21110, 21112, 21111, 21120, 21121, 21101, 21100, 21102, 1000, 1002, 1001, 1012, 1010, 1011, 1030, 1031, 1032, 1020, 1022, 1021, 1210, 1211, 1212, 1201, 1202, 1200, 1131, 1130, 1102, 1101, 1100, 1111, 1112, 1110, 1122, 1120, 1124, 212, 210, 211, 204, 207, 231, 44, 47, 48, 74, 77, 89, 331, 333, 327, 361, 362, 426, 440, 443, 456, 458, 470, 483, 484, 487, 488, 811, 812, 814, 816, 819, 861, 863, 864, 866, 868, 891, 893, 895, 897, 899, 3140, 3142, 3144, 3146, 3148, 3170, 3172, 3174, 3177, 3178, 3440, 3442, 3444, 3447, 3448, 3470, 3472, 3474, 3477, 3478, 3720, 3722, 3724, 3726, 3728, 3750, 3752, 3755, 3757, 3759, 6001, 6002, 6005, 6007, 6008, 6030, 6032, 6034, 6036, 6038, 6070, 6073, 6077, 6079, 6402, 6405, 6408, 6432, 6434, 6437, 6451, 6453, 6456, 6459, 6473, 6475, 6477, 6710, 6713, 6717, 6719, 6722, 6727, 6760, 6763, 6765, 6769, 9001, 9004, 9007, 9021, 9022, 9025, 9028, 9041, 9045, 9048, 9081, 9085, 9088, 9311, 9313, 9316, 9319, 9321, 9324, 9327, 9360, 9364, 9368, 9369, 9392, 9376, 9601, 9603, 9622, 9623, 9561, 9566, 9629, 9651, 9663, 9667, 9669, 9681, 9686, 9688, 9931, 9934, 9937, 9960, 9963, 9966, 9980, 9983, 9986, 9989, 37884, 37887, 37890, 37893, 37896, 37898, 37900, 37924, 37927, 37929, 38072, 38077, 38078, 38081, 38094, 38098, 38101, 38115, 38114, 38119, 38131, 38144, 38148, 38249, 38473, 38476, 38488, 38487, 38466, 38468, 38467, 38350, 38348, 38349, 38339, 38338, 38340, 38329, 38328, 38330, 37410, 37409, 37408, 37419, 37418, 37420, 37398, 37399, 37426, 37427, 37425, 37509, 37510, 37508, 37499, 37500, 37512, 37565, 37569, 37570, 37584, 37588, 37587, 37596, 37599, 37601, 29867, 29868, 29869, 29881, 29882, 29875, 29874, 29873, 29938, 29937, 29939, 29928, 29970, 29972, 29962, 29961, 29960, 35971, 35937, 35933, 29792, 29790, 29765, 29762, 29770, 29719, 29717, 29705, 29704, 29479, 29468, 29466, 29447, 29442, 29441, 29428, 29423, 29421, 29198, 29196, 29193, 29249, 29245, 29244, 29250, 27999, 27997, 29201, 27977, 27975, 27958, 27953, 27951, 28172, 28159, 28158, 28164, 28160, 28161, 26969, 26965]",0.13607240000419552,success,,289.4809609203029,409.387900979237,159.4601045636381,26.866386917584308,33.169427617784784,30.017907267684546
chi_clow_to_ohare_0007,w_0007,grid_0_10,True,False,clow_to_ohare,Clow International Airport to O'Hare International Airport,Clow International Airport,O'Hare International Airport,41.695923717435235,-88.12876224517822,41.97807408541273,-87.90902412382081,ohare_2026-03-07_1s_15nm_bbox,0.0,0.0,0.6,0.4,509,"[13722, 13720, 13707, 13483, 13482, 13480, 13646, 13644, 13629, 13652, 13654, 13657, 13659, 13683, 13684, 13664, 13666, 13559, 13558, 13556, 13566, 13563, 13561, 13543, 13545, 13544, 14712, 14479, 14477, 14485, 14473, 14472, 14458, 14457, 13384, 14450, 14427, 13354, 14422, 13349, 13345, 13342, 14190, 14169, 14191, 14405, 14403, 14400, 14176, 14153, 14151, 14136, 14125, 14132, 12897, 12895, 14051, 14028, 14025, 12867, 12865, 12863, 12794, 12790, 12768, 12764, 12824, 12821, 12589, 12587, 12585, 12584, 12581, 12580, 12548, 12464, 12462, 12460, 12427, 12443, 12299, 12416, 12418, 12417, 12502, 12179, 12159, 12156, 12154, 12160, 12136, 12132, 11119, 11118, 11113, 11101, 11100, 11102, 11121, 11120, 11122, 11002, 11000, 11001, 11010, 11012, 11011, 11020, 11021, 11221, 11220, 11222, 11212, 11210, 11211, 11202, 11200, 11201, 10101, 10102, 10100, 10122, 10121, 10120, 10111, 10112, 10110, 10020, 10021, 10000, 10001, 10002, 10010, 10012, 10011, 10210, 10212, 10211, 10200, 10201, 10202, 10220, 10222, 10221, 20010, 20012, 20011, 20000, 20001, 20002, 20021, 20020, 20101, 20102, 20100, 20122, 20120, 20123, 20110, 20112, 20111, 20222, 20220, 20223, 20211, 20210, 20212, 20202, 20200, 20201, 21030, 21031, 21012, 21010, 21011, 21001, 21000, 21002, 21021, 21022, 21020, 21202, 21201, 21200, 21211, 21212, 21210, 21110, 21112, 21111, 21120, 21121, 21101, 21100, 21102, 1000, 1002, 1001, 1012, 1010, 1011, 1030, 1031, 1032, 1020, 1022, 1021, 1210, 1211, 1212, 1201, 1202, 1200, 1131, 1130, 1102, 1101, 1100, 1111, 1112, 1110, 1122, 1120, 1124, 212, 210, 214, 206, 230, 234, 46, 90, 92, 76, 78, 332, 334, 336, 329, 364, 365, 429, 441, 446, 459, 471, 474, 485, 487, 488, 811, 812, 814, 816, 819, 861, 863, 864, 866, 868, 891, 893, 895, 897, 899, 3140, 3142, 3144, 3146, 3148, 3170, 3172, 3174, 3177, 3178, 3440, 3442, 3444, 3447, 3448, 3470, 3472, 3474, 3477, 3478, 3720, 3722, 3724, 3726, 3728, 3750, 3752, 3755, 3757, 3759, 6001, 6002, 6005, 6007, 6008, 6030, 6032, 6034, 6036, 6038, 6070, 6073, 6077, 6079, 6402, 6405, 6408, 6432, 6434, 6437, 6451, 6453, 6456, 6459, 6473, 6475, 6477, 6710, 6713, 6717, 6719, 6722, 6727, 6760, 6763, 6765, 6769, 9001, 9004, 9007, 9021, 9022, 9025, 9028, 9041, 9045, 9048, 9081, 9085, 9088, 9311, 9313, 9316, 9319, 9321, 9324, 9327, 9360, 9364, 9368, 9369, 9392, 9376, 9601, 9603, 9622, 9623, 9561, 9566, 9629, 9651, 9663, 9667, 9669, 9681, 9686, 9688, 9931, 9934, 9937, 9960, 9963, 9966, 9980, 9983, 9986, 9989, 37884, 37887, 37890, 37893, 37896, 37898, 37900, 37924, 37927, 37929, 38072, 38077, 38078, 38081, 38094, 38098, 38101, 38115, 38114, 38119, 38131, 38144, 38148, 38249, 38473, 38476, 38488, 38487, 38466, 38468, 38467, 38350, 38348, 38349, 38339, 38338, 38340, 38329, 38328, 38330, 37410, 37409, 37408, 37419, 37418, 37420, 37398, 37399, 37426, 37427, 37425, 37509, 37510, 37508, 37499, 37500, 37512, 37565, 37569, 37570, 37584, 37588, 37587, 37596, 37599, 37601, 29867, 29868, 29869, 29881, 29882, 29875, 29874, 29873, 29938, 29937, 29939, 29928, 29970, 29972, 29962, 29961, 29960, 35971, 35937, 35933, 29792, 29790, 29765, 29762, 29770, 29719, 29717, 29705, 29704, 29479, 29468, 29466, 29447, 29442, 29441, 29428, 29423, 29421, 29198, 29195, 29283, 29248, 29247, 29252, 29251, 27999, 27997, 29201, 27977, 27975, 27958, 27953, 27951, 28172, 28159, 28158, 28164, 28160, 28161, 26969, 26965]",0.13661109999520704,success,,288.7738541391154,408.387900979243,160.54361567383742,26.7079722966676,33.40535073196156,29.386923670785187
chi_clow_to_ohare_0008,w_0008,grid_0_10,True,False,clow_to_ohare,Clow International Airport to O'Hare International Airport,Clow International Airport,O'Hare International Airport,41.695923717435235,-88.12876224517822,41.97807408541273,-87.90902412382081,ohare_2026-03-07_1s_15nm_bbox,0.0,0.0,0.7,0.3,509,"[13722, 13720, 13707, 13483, 13482, 13480, 13646, 13644, 13629, 13652, 13654, 13657, 13659, 13683, 13684, 13664, 13666, 13559, 13558, 13556, 13566, 13563, 13561, 13543, 13545, 13544, 14712, 14479, 14477, 14485, 14473, 14472, 14458, 14457, 13384, 14450, 14427, 13354, 14422, 13349, 13345, 13342, 14190, 14169, 14191, 14405, 14403, 14400, 14176, 14153, 14151, 14136, 14125, 14132, 12897, 12895, 14051, 14028, 14025, 12867, 12865, 12863, 12794, 12790, 12768, 12764, 12824, 12821, 12589, 12587, 12585, 12584, 12581, 12580, 12548, 12464, 12462, 12460, 12427, 12443, 12299, 12416, 12418, 12417, 12502, 12179, 12159, 12156, 12154, 12160, 12136, 12132, 11119, 11118, 11113, 11101, 11100, 11102, 11121, 11120, 11122, 11002, 11000, 11001, 11010, 11012, 11011, 11020, 11021, 11221, 11220, 11222, 11212, 11210, 11211, 11202, 11200, 11201, 10101, 10102, 10100, 10122, 10121, 10120, 10111, 10112, 10110, 10020, 10021, 10000, 10001, 10002, 10010, 10012, 10011, 10210, 10212, 10211, 10200, 10201, 10202, 10220, 10222, 10221, 20010, 20012, 20011, 20000, 20001, 20002, 20021, 20020, 20101, 20102, 20100, 20122, 20120, 20123, 20110, 20112, 20111, 20222, 20220, 20223, 20211, 20210, 20212, 20202, 20200, 20201, 21030, 21031, 21012, 21010, 21011, 21001, 21000, 21002, 21021, 21022, 21020, 21202, 21201, 21200, 21211, 21212, 21210, 21110, 21112, 21111, 21120, 21121, 21101, 21100, 21102, 1000, 1002, 1001, 1012, 1010, 1011, 1030, 1031, 1032, 1020, 1022, 1021, 1210, 1211, 1212, 1201, 1202, 1200, 1131, 1130, 1102, 1101, 1100, 1111, 1112, 1110, 1122, 1120, 1124, 212, 210, 214, 206, 230, 234, 46, 90, 92, 76, 78, 332, 334, 336, 329, 364, 365, 429, 441, 446, 459, 471, 474, 485, 487, 488, 811, 812, 814, 816, 819, 861, 863, 864, 866, 868, 891, 893, 895, 897, 899, 3140, 3142, 3144, 3146, 3148, 3170, 3172, 3174, 3177, 3178, 3440, 3442, 3444, 3447, 3448, 3470, 3472, 3474, 3477, 3478, 3720, 3722, 3724, 3726, 3728, 3750, 3752, 3755, 3757, 3759, 6001, 6002, 6005, 6007, 6008, 6030, 6032, 6034, 6036, 6038, 6070, 6073, 6077, 6079, 6402, 6405, 6408, 6432, 6434, 6437, 6451, 6453, 6456, 6459, 6473, 6475, 6477, 6710, 6713, 6717, 6719, 6722, 6727, 6760, 6763, 6765, 6769, 9001, 9004, 9007, 9021, 9022, 9025, 9028, 9041, 9045, 9048, 9081, 9085, 9088, 9311, 9313, 9316, 9319, 9321, 9324, 9327, 9360, 9364, 9368, 9369, 9392, 9376, 9601, 9603, 9622, 9623, 9561, 9566, 9629, 9651, 9663, 9667, 9669, 9681, 9686, 9688, 9931, 9934, 9937, 9960, 9963, 9966, 9980, 9983, 9986, 9989, 37884, 37887, 37890, 37893, 37896, 37898, 37900, 37924, 37927, 37929, 38072, 38077, 38078, 38081, 38094, 38098, 38101, 38091, 38114, 38119, 38131, 38144, 38148, 38249, 38473, 38476, 38488, 38487, 38466, 38468, 38467, 38350, 38348, 38349, 38339, 38338, 38340, 38329, 38328, 38330, 37410, 37409, 37408, 37419, 37418, 37420, 37398, 37399, 37426, 37427, 37425, 37509, 37510, 37508, 37499, 37500, 37512, 37565, 37569, 37570, 37584, 37588, 37587, 37596, 37599, 37601, 29867, 29868, 29869, 29881, 29882, 29875, 29874, 29873, 29938, 29937, 29939, 29928, 29970, 29972, 29962, 29961, 29960, 35971, 35937, 35933, 29792, 29790, 29765, 29762, 29770, 29719, 29717, 29705, 29704, 29479, 29468, 29466, 29447, 29442, 29441, 29428, 29423, 29421, 29198, 29195, 29283, 29248, 29247, 29252, 29251, 27999, 27997, 29201, 27977, 27975, 27958, 27953, 27951, 28172, 28159, 28158, 28164, 28160, 28161, 26969, 26965]",0.13710830000491114,success,,288.77385413911713,408.3879009792455,160.54361567383742,26.7079722966676,33.40535073196157,28.71718582725579
chi_clow_to_ohare_0009,w_0009,grid_0_10,True,False,clow_to_ohare,Clow International Airport to O'Hare International Airport,Clow International Airport,O'Hare International Airport,41.695923717435235,-88.12876224517822,41.97807408541273,-87.90902412382081,ohare_2026-03-07_1s_15nm_bbox,0.0,0.0,0.8,0.2,446,"[13722, 13720, 13707, 13483, 13482, 13480, 13646, 13644, 13629, 13652, 13654, 13657, 13659, 13683, 13684, 13664, 13666, 13559, 13558, 13556, 13566, 13563, 13561, 13543, 13545, 13544, 14712, 14479, 14477, 14485, 14473, 14472, 14458, 14457, 13384, 14450, 14427, 13354, 14422, 13349, 13345, 13342, 14190, 14169, 14191, 14405, 14403, 14400, 14176, 14153, 14151, 14136, 14125, 14132, 12897, 12895, 14051, 14028, 14025, 12867, 12865, 12863, 12794, 12790, 12768, 12764, 12824, 12821, 12589, 12587, 12585, 12584, 12581, 12580, 12548, 12464, 12462, 12460, 12427, 12443, 12299, 12416, 12418, 12417, 12502, 12179, 12159, 12156, 12154, 12160, 12136, 12132, 11119, 11118, 11113, 11101, 11100, 11102, 11121, 11120, 11122, 11002, 11000, 11001, 11010, 11012, 11011, 11020, 11021, 11221, 11220, 11222, 11212, 11210, 11211, 11202, 11200, 11201, 10101, 10102, 10100, 10122, 10121, 10120, 10111, 10112, 10110, 10020, 10021, 10000, 10001, 10002, 10010, 10012, 10011, 10210, 10212, 10211, 10200, 10201, 10202, 10220, 10222, 10221, 20010, 20012, 20011, 20000, 20001, 20002, 20021, 20020, 20101, 20102, 20100, 20122, 20120, 20123, 20110, 20112, 20111, 20222, 20220, 20223, 20211, 20210, 20212, 20202, 20200, 20201, 21030, 21031, 21012, 21010, 21011, 21001, 21000, 21002, 21021, 21022, 21020, 21202, 21201, 21200, 21211, 21212, 21210, 21110, 21112, 21111, 21120, 21121, 21101, 21100, 21102, 1000, 1002, 1001, 1012, 1010, 1011, 1030, 1031, 1032, 1020, 1022, 1021, 1210, 1211, 1212, 1201, 1202, 1200, 1131, 1130, 1102, 1101, 1100, 1111, 1112, 1110, 1122, 1120, 1124, 212, 210, 211, 204, 207, 231, 44, 47, 48, 74, 77, 89, 331, 333, 327, 361, 362, 426, 440, 443, 456, 458, 470, 483, 484, 487, 488, 811, 812, 814, 816, 819, 861, 863, 864, 866, 868, 891, 893, 895, 897, 899, 3140, 3142, 3144, 3146, 3148, 3170, 3172, 3174, 3177, 3178, 3440, 3442, 3444, 3447, 3448, 3470, 3472, 3474, 3477, 3478, 3720, 3722, 3724, 3726, 3728, 3750, 3752, 3755, 3757, 3759, 6001, 6002, 6005, 6007, 6008, 6030, 6032, 6034, 6036, 6038, 6070, 6073, 6077, 6079, 6402, 6405, 6408, 6432, 6434, 6437, 6451, 6453, 6456, 6459, 6473, 6475, 6477, 6710, 6713, 6717, 6719, 6722, 6727, 6760, 6763, 6765, 6769, 9001, 9004, 9007, 9021, 9022, 9025, 9028, 9041, 9045, 9048, 9081, 9085, 9088, 9311, 9313, 9316, 9319, 9321, 9324, 9327, 9360, 9364, 9367, 9390, 9375, 9377, 9600, 9620, 9621, 9539, 9562, 9538, 9527, 9524, 9521, 9506, 9507, 9298, 9540, 9542, 9466, 9463, 9462, 9457, 9455, 9458, 9492, 9496, 9494, 8678, 8676, 8677, 8682, 8684, 8697, 8698, 8693, 8599, 8596, 8597, 8578, 8574, 8573, 8559, 8582, 8586, 8497, 8712, 8711, 8720, 8487, 8489, 8700, 8477, 27372, 27349, 27348, 27383, 27358, 27359, 27369, 27392, 27395, 27602, 27605, 27600, 27468, 27465, 27464, 27456, 27458, 27480, 27573, 27575, 27576, 27587, 27584, 27585, 27598, 27820, 27824, 27825, 27841, 27843, 27848, 28133, 28136, 28134, 28146, 28148, 28161, 26969, 26965]",0.1354492999962531,success,,256.3830864540446,362.5804380236815,158.2078084909333,21.140362597318255,49.19789604954639,26.75186928776388
chi_clow_to_ohare_0010,w_0010,grid_0_10,True,False,clow_to_ohare,Clow International Airport to O'Hare International Airport,Clow International Airport,O'Hare International Airport,41.695923717435235,-88.12876224517822,41.97807408541273,-87.90902412382081,ohare_2026-03-07_1s_15nm_bbox,0.0,0.0,0.9,0.1,444,"[13722, 13720, 13707, 13483, 13482, 13480, 13646, 13644, 13629, 13652, 13654, 13657, 13659, 13683, 13684, 13664, 13666, 13559, 13558, 13556, 13566, 13563, 13561, 13543, 13545, 13544, 14712, 14479, 14477, 14485, 14473, 14472, 14458, 14457, 13384, 14450, 14427, 13354, 14422, 13349, 13345, 13342, 14190, 14169, 14191, 14405, 14403, 14400, 14176, 14153, 14151, 14136, 14125, 14132, 12897, 12895, 14051, 14028, 14025, 12867, 12865, 12863, 12794, 12790, 12768, 12764, 12824, 12821, 12589, 12587, 12585, 12584, 12581, 12580, 12548, 12464, 12462, 12460, 12427, 12443, 12299, 12416, 12418, 12417, 12502, 12179, 12159, 12156, 12154, 12160, 12136, 12132, 11119, 11118, 11113, 11101, 11100, 11102, 11121, 11120, 11122, 11002, 11000, 11001, 11010, 11012, 11011, 11020, 11021, 11221, 11220, 11222, 11212, 11210, 11211, 11202, 11200, 11201, 10101, 10102, 10100, 10122, 10121, 10120, 10111, 10112, 10110, 10020, 10021, 10000, 10001, 10002, 10010, 10012, 10011, 10210, 10212, 10211, 10200, 10201, 10202, 10220, 10222, 10221, 20010, 20012, 20011, 20000, 20001, 20002, 20021, 20020, 20101, 20102, 20100, 20122, 20120, 20123, 20110, 20112, 20111, 20222, 20220, 20223, 20211, 20210, 20212, 20202, 20200, 20201, 21030, 21031, 21012, 21010, 21011, 21001, 21000, 21002, 21021, 21022, 21020, 21202, 21201, 21200, 21211, 21212, 21210, 21110, 21112, 21111, 21120, 21121, 21101, 21100, 21102, 1000, 1002, 1001, 1012, 1010, 1011, 1030, 1031, 1032, 1020, 1022, 1021, 1210, 1211, 1212, 1201, 1202, 1200, 1131, 1130, 1102, 1101, 1100, 1111, 1112, 1110, 1122, 1120, 1124, 212, 213, 216, 209, 232, 237, 49, 93, 95, 79, 341, 335, 337, 351, 363, 367, 368, 442, 444, 449, 472, 473, 476, 486, 488, 811, 812, 814, 816, 819, 861, 863, 864, 866, 868, 891, 893, 895, 897, 899, 3140, 3142, 3144, 3146, 3148, 3170, 3172, 3174, 3177, 3178, 3440, 3442, 3444, 3447, 3449, 3470, 3472, 3474, 3477, 3478, 3720, 3722, 3724, 3726, 3728, 3750, 3752, 3755, 3757, 3759, 6001, 6002, 6005, 6007, 6008, 6030, 6032, 6034, 6036, 6038, 6070, 6073, 6077, 6079, 6402, 6405, 6408, 6432, 6434, 6437, 6451, 6453, 6456, 6459, 6473, 6475, 6477, 6710, 6713, 6717, 6719, 6722, 6727, 6760, 6763, 6765, 6769, 9001, 9004, 9007, 9021, 9022, 9025, 9028, 9041, 9045, 9048, 9081, 9085, 9088, 9311, 9313, 9316, 9319, 9321, 9324, 9327, 9360, 9364, 9367, 9390, 9375, 9377, 9600, 9620, 9621, 9539, 9562, 9538, 9527, 9524, 9521, 9506, 9507, 9298, 9540, 9542, 9466, 9463, 9462, 9457, 9455, 9458, 9492, 9496, 9494, 8678, 8676, 8677, 8682, 8684, 8697, 8698, 8693, 8599, 8596, 8597, 8578, 8574, 8573, 8559, 8582, 8586, 8497, 8712, 8711, 8720, 8487, 8489, 8700, 8477, 27372, 27349, 27348, 27383, 27358, 27359, 27369, 27392, 27395, 27602, 27605, 27600, 27468, 27465, 27464, 27456, 27458, 27480, 27573, 27575, 27576, 27587, 27584, 27585, 27598, 27820, 27824, 27825, 27841, 27843, 27848, 28133, 28136, 28134, 28146, 28148, 28161, 26969, 26965]",0.128891600004863,success,,255.79730001641806,361.752010898942,159.09982971822055,21.140362597318255,49.1978960495464,23.94611594254107
chi_clow_to_ohare_0011,w_0011,grid_0_10,True,False,clow_to_ohare,Clow International Airport to O'Hare International Airport,Clow International Airport,O'Hare International Airport,41.695923717435235,-88.12876224517822,41.97807408541273,-87.90902412382081,ohare_2026-03-07_1s_15nm_bbox,0.0,0.0,1.0,0.0,411,"[13722, 13720, 13707, 13483, 13481, 13458, 13465, 13452, 13450, 13426, 13424, 13409, 13408, 13404, 13263, 13239, 13260, 13246, 13244, 13245, 13252, 13251, 13308, 13309, 13306, 13093, 13091, 13067, 13064, 13062, 13059, 13056, 13042, 13040, 13015, 13013, 11689, 11687, 11676, 11675, 11671, 11648, 12834, 12832, 12833, 12599, 12598, 12594, 12592, 12567, 12564, 12580, 12548, 12464, 12462, 12460, 12427, 12443, 12299, 12416, 12414, 12412, 12178, 12175, 12159, 12156, 12154, 12160, 12136, 12132, 11119, 11118, 11113, 11101, 11100, 11102, 11121, 11120, 11122, 11002, 11000, 11001, 11010, 11012, 11011, 11020, 11021, 11221, 11220, 11222, 11212, 11210, 11211, 11202, 11200, 11201, 10101, 10102, 10100, 10122, 10121, 10120, 10111, 10112, 10110, 10020, 10021, 10000, 10001, 10002, 10010, 10012, 10011, 10210, 10212, 10211, 10200, 10201, 10202, 10220, 10222, 10221, 20010, 20012, 20011, 20000, 20001, 20002, 20021, 20020, 20101, 20102, 20100, 20122, 20120, 20123, 20110, 20112, 20111, 20222, 20220, 20223, 20211, 20210, 20212, 20202, 20200, 20201, 21030, 21031, 21012, 21010, 21011, 21001, 21000, 21002, 21021, 21022, 21020, 21202, 21201, 21200, 21211, 21212, 21210, 21110, 21112, 21111, 21120, 21121, 21101, 21100, 21102, 1000, 1002, 1001, 1012, 1010, 1011, 1030, 1031, 1032, 1020, 1022, 1021, 1210, 1211, 1212, 1201, 1202, 1200, 1131, 1130, 1102, 1101, 1100, 1111, 1112, 1110, 1122, 1120, 1124, 212, 213, 216, 209, 232, 237, 49, 93, 95, 79, 341, 335, 337, 351, 354, 366, 390, 382, 384, 389, 620, 635, 628, 641, 642, 645, 648, 672, 676, 677, 921, 923, 916, 919, 942, 955, 948, 992, 986, 988, 3220, 3235, 3226, 3229, 3253, 3245, 3180, 3181, 3184, 3189, 3421, 3423, 3427, 3429, 3463, 3456, 3459, 3493, 3546, 3497, 3702, 3705, 3707, 3719, 3734, 3736, 3753, 3755, 3757, 3758, 6000, 3795, 6004, 6020, 6009, 6031, 6029, 6052, 6037, 6059, 6071, 6073, 6077, 6400, 6402, 6405, 6408, 6431, 6433, 6460, 6439, 6454, 6456, 6459, 6473, 6475, 6478, 6711, 6498, 6716, 6752, 6723, 6756, 6728, 6759, 6781, 6767, 9000, 6787, 9006, 9012, 9023, 9017, 9051, 9042, 9056, 9047, 9082, 9084, 9086, 9310, 9314, 9315, 9099, 9333, 9337, 9344, 9346, 9276, 9278, 9510, 9505, 9506, 9507, 9298, 9540, 9542, 9466, 9463, 9460, 9453, 9455, 9458, 9492, 9496, 9494, 8678, 8676, 8677, 8682, 8684, 8697, 8698, 8693, 8599, 8596, 8597, 8578, 8574, 8573, 8559, 8582, 8586, 8497, 8712, 8711, 8720, 8487, 8489, 8703, 8704, 27715, 27714, 27713, 27704, 27705, 27703, 27723, 27725, 27750, 27637, 27660, 27662, 27661, 27654, 27658, 27692, 27648, 27644, 27642, 27850, 27818, 27819, 27838, 27839, 27829, 27860, 27828, 27846, 27870, 27874, 28135, 28136, 28134, 28146, 28148, 28161, 26969, 26965]",0.12304030000086641,success,,249.57021341521576,352.9455805735164,172.19514951937995,20.789605735936668,71.18964316327038,20.789605735936668
chi_clow_to_ohare_0012,w_0012,grid_0_10,True,False,clow_to_ohare,Clow International Airport to O'Hare International Airport,Clow International Airport,O'Hare International Airport,41.695923717435235,-88.12876224517822,41.97807408541273,-87.90902412382081,ohare_2026-03-07_1s_15nm_bbox,0.0,0.1,0.0,0.9,96,"[13722, 13726, 13739, 13753, 13754, 13758, 13791, 13825, 13829, 13853, 13864, 13865, 13869, 13883, 13884, 13889, 16119, 16140, 16127, 16129, 16152, 16155, 16158, 16192, 16194, 16287, 16512, 16515, 16517, 16541, 16544, 16537, 16539, 16552, 16566, 16568, 16567, 16619, 16642, 16644, 16667, 16666, 16668, 16657, 16656, 16658, 25822, 25821, 25808, 25807, 25830, 25842, 25846, 25849, 25764, 25769, 25791, 25793, 25796, 18020, 18022, 18026, 18037, 18039, 18063, 18074, 18078, 18300, 18305, 18246, 18271, 18273, 18267, 18269, 18503, 18505, 18507, 26470, 26474, 26477, 26811, 26813, 26816, 26822, 26827, 26829, 26738, 26771, 26773, 26920, 26921, 26912, 26917, 26950, 26961, 26965]",0.1309728999985964,success,,63.44722215136886,89.7279220606959,48.66618545559653,65.28800565754331,23.82265212235083,26.3070054556754
chi_clow_to_ohare_0013,w_0013,grid_0_10,True,False,clow_to_ohare,Clow International Airport to O'Hare International Airport,Clow International Airport,O'Hare International Airport,41.695923717435235,-88.12876224517822,41.97807408541273,-87.90902412382081,ohare_2026-03-07_1s_15nm_bbox,0.0,0.1,0.1,0.8,91,"[13722, 13726, 13739, 13753, 13755, 13757, 13790, 13794, 13828, 13852, 13856, 13867, 13868, 13891, 13885, 13888, 16211, 16215, 16216, 16145, 16147, 16148, 16191, 16193, 16194, 16287, 16512, 16515, 16517, 16541, 16544, 16537, 16539, 16552, 16563, 16568, 16567, 16619, 16642, 16643, 16648, 16670, 16669, 16674, 16696, 16920, 16921, 25873, 25876, 25880, 25884, 25888, 18120, 18123, 25899, 18027, 18028, 18053, 18061, 18065, 18069, 18301, 18304, 18308, 18270, 18274, 18277, 18268, 18293, 18506, 18508, 18507, 26470, 26474, 26477, 26811, 26813, 26816, 26822, 26827, 26829, 26738, 26771, 26773, 26920, 26921, 26912, 26917, 26950, 26961, 26965]",0.13152199999603909,success,,61.5685424949183,87.07106781120886,50.97731416731576,52.91998736342126,23.846810913592662,29.467178883947835
chi_clow_to_ohare_0014,w_0014,grid_0_10,True,False,clow_to_ohare,Clow International Airport to O'Hare International Airport,Clow International Airport,O'Hare International Airport,41.695923717435235,-88.12876224517822,41.97807408541273,-87.90902412382081,ohare_2026-03-07_1s_15nm_bbox,0.0,0.1,0.2,0.7,85,"[13722, 13726, 13739, 13753, 13755, 13757, 13790, 13794, 13828, 13851, 16022, 16026, 16050, 16042, 16045, 16049, 16072, 16065, 16066, 16090, 25272, 25276, 25279, 25282, 25285, 25297, 25521, 25524, 25451, 25454, 25455, 25466, 25469, 25492, 25495, 25497, 25721, 25723, 25727, 25740, 25742, 25819, 25762, 25765, 25769, 25790, 25892, 25895, 18020, 18022, 18026, 18037, 18039, 18063, 18074, 18078, 18300, 18305, 18246, 18271, 18273, 18267, 18269, 18503, 18505, 18507, 26470, 26474, 26477, 26811, 26813, 26816, 26822, 26827, 26829, 26738, 26771, 26773, 26920, 26921, 26912, 26917, 26950, 26961, 26965]",0.13078509999468224,success,,57.32590180780537,81.07106781126257,57.025542478345606,47.62567377862957,23.997603671669527,32.02601157372914
chi_clow_to_ohare_0015,w_0015,grid_0_10,True,False,clow_to_ohare,Clow International Airport to O'Hare International Airport,Clow International Airport,O'Hare International Airport,41.695923717435235,-88.12876224517822,41.97807408541273,-87.90902412382081,ohare_2026-03-07_1s_15nm_bbox,0.0,0.1,0.3,0.6,86,"[13722, 13726, 13739, 13753, 13755, 13757, 13790, 13794, 13828, 13851, 16022, 16026, 16050, 16042, 16045, 16049, 16072, 16074, 16077, 16091, 16092, 16097, 25278, 25501, 25286, 25287, 25511, 25523, 25528, 25551, 25554, 25459, 25483, 25486, 25495, 25497, 25721, 25723, 25727, 25740, 25742, 25819, 25762, 25765, 25769, 25790, 25892, 25895, 18020, 25899, 18027, 18028, 18053, 18061, 18065, 18069, 18301, 18304, 18308, 18270, 18274, 18277, 18268, 18293, 18506, 18508, 18520, 26473, 26476, 26800, 26814, 26817, 26818, 26825, 26828, 26829, 26738, 26771, 26773, 26920, 26921, 26912, 26917, 26950, 26961, 26965]",0.13032879999809666,success,,58.03300858899137,82.07106781125434,58.743713731421714,46.248252291035996,24.23114794014318,34.28753582453888
chi_clow_to_ohare_0016,w_0016,grid_0_10,True,False,clow_to_ohare,Clow International Airport to O'Hare International Airport,Clow International Airport,O'Hare International Airport,41.695923717435235,-88.12876224517822,41.97807408541273,-87.90902412382081,ohare_2026-03-07_1s_15nm_bbox,0.0,0.1,0.4,0.5,544,"[13722, 13720, 13730, 13486, 13488, 13646, 13644, 13629, 13626, 13613, 13609, 13605, 13288, 13289, 13396, 13395, 13392, 13501, 13366, 13367, 13356, 13355, 13354, 14427, 14429, 14428, 14415, 14414, 14416, 14437, 14436, 14433, 14339, 14189, 14184, 14181, 14159, 14157, 14087, 14085, 14084, 14064, 14060, 14049, 14056, 14041, 14040, 14016, 14002, 14000, 12787, 12784, 12782, 12758, 12756, 12752, 12750, 12717, 12713, 12723, 12499, 12498, 12483, 12482, 12457, 12466, 12463, 12460, 12427, 12443, 12299, 12298, 12413, 12410, 12269, 12174, 12173, 12171, 12153, 12150, 12134, 12131, 12106, 11114, 11111, 11110, 11101, 11100, 11102, 11121, 11120, 11122, 11002, 11000, 11001, 11010, 11012, 11011, 11020, 11021, 11221, 11220, 11222, 11212, 11210, 11211, 11202, 11200, 11201, 10101, 10102, 10103, 10127, 10151, 10154, 10137, 10133, 10119, 10027, 10025, 10004, 10006, 10031, 10044, 10019, 10017, 10214, 10217, 10219, 10209, 10230, 10231, 10241, 10244, 10242, 20043, 20045, 20047, 20037, 20035, 20033, 20029, 20026, 20107, 20104, 20103, 20125, 20124, 20123, 20114, 20113, 20115, 20227, 20240, 20242, 20235, 20236, 20270, 20257, 20255, 20253, 21036, 21035, 21015, 21010, 21011, 21001, 21000, 21002, 21021, 21022, 21020, 21202, 21201, 21200, 21211, 21212, 21210, 21110, 21112, 21111, 21120, 21121, 21101, 21103, 21105, 1003, 1005, 1004, 1015, 1013, 1017, 1050, 1051, 1052, 1074, 1076, 1079, 1226, 1222, 1221, 1207, 1209, 1139, 1138, 1135, 1105, 1101, 1100, 1111, 1112, 1110, 1122, 1120, 1124, 215, 213, 214, 201, 200, 202, 0, 3, 6, 37, 38, 67, 68, 69, 300, 303, 304, 165, 164, 166, 173, 139, 136, 152, 155, 156, 159, 401, 402, 405, 406, 409, 431, 433, 434, 437, 438, 480, 482, 484, 487, 488, 811, 812, 814, 816, 819, 861, 863, 864, 866, 868, 891, 893, 895, 897, 899, 3140, 3142, 3144, 3146, 3148, 3170, 3172, 3174, 3177, 3178, 3440, 3442, 3444, 3446, 3448, 3470, 3472, 3474, 3477, 3478, 3720, 3722, 3724, 3726, 3728, 3750, 3752, 3755, 3757, 3759, 6001, 6002, 6005, 6007, 6008, 6030, 6032, 6034, 6036, 6038, 6070, 6073, 6077, 6079, 6402, 6405, 6408, 6432, 6434, 6437, 6451, 6453, 6456, 6459, 6473, 6475, 6477, 6710, 6713, 6717, 6719, 6722, 6727, 6760, 6763, 6765, 6769, 9001, 9004, 9007, 9021, 9022, 9025, 9028, 9041, 9045, 9048, 9081, 9085, 9088, 9311, 9313, 9316, 9319, 9321, 9324, 9327, 9360, 9364, 9368, 9369, 9392, 9376, 9601, 9603, 9622, 9623, 9561, 9566, 9629, 9651, 9663, 9667, 9669, 9681, 9686, 9688, 9931, 9934, 9937, 9960, 9963, 9966, 9980, 9983, 9986, 9989, 37884, 37887, 37890, 37893, 37896, 37898, 37900, 37924, 37927, 37929, 38072, 38077, 38078, 38081, 38094, 38098, 38101, 38115, 38114, 38119, 38131, 38144, 38148, 38249, 38473, 38476, 38488, 38487, 38466, 38468, 38467, 38350, 38348, 38349, 38339, 38338, 38340, 38329, 38328, 38563, 37435, 37438, 38672, 38685, 38687, 38691, 38705, 38706, 38708, 38738, 38740, 38779, 38781, 38795, 38807, 38809, 38834, 39006, 39010, 39043, 39054, 39059, 39061, 39269, 39271, 39273, 36379, 36382, 36386, 36378, 36402, 36404, 36421, 36422, 36624, 36623, 36620, 36511, 36508, 36507, 36484, 36479, 36480, 36570, 36571, 36569, 36577, 36580, 36579, 36560, 36558, 36553, 34980, 34978, 34986, 34664, 34663, 34659, 34964, 34642, 34640, 34636, 34633, 34630, 34798, 34555, 34554, 34561, 34549, 34547, 34572, 34571, 34577, 28877, 28876, 28882, 28858, 28855, 28852, 28839, 28838, 29709, 29707, 29704, 29701, 29476, 29475, 29470, 29439, 29436, 29433, 29298, 29296, 28459, 28456, 28451, 28449, 28446, 28442, 28429, 28506, 28505, 28500, 28277, 28276, 28272, 28248, 28247, 28243, 28240, 28208, 28203, 28161, 26969, 26965]",0.14020650000020396,success,,322.91956085990256,456.67722252023447,78.0923925217464,29.72340554900033,33.3725533774998,36.38487816052467
chi_clow_to_ohare_0017,w_0017,grid_0_10,True,False,clow_to_ohare,Clow International Airport to O'Hare International Airport,Clow International Airport,O'Hare International Airport,41.695923717435235,-88.12876224517822,41.97807408541273,-87.90902412382081,ohare_2026-03-07_1s_15nm_bbox,0.0,0.1,0.5,0.4,544,"[13722, 13720, 13730, 13486, 13488, 13646, 13644, 13629, 13626, 13613, 13609, 13605, 13288, 13289, 13396, 13395, 13392, 13501, 13366, 13367, 13356, 13355, 13354, 14427, 14429, 14428, 14415, 14414, 14416, 14437, 14436, 14433, 14339, 14189, 14184, 14181, 14159, 14157, 14087, 14085, 14084, 14064, 14060, 14049, 14056, 14041, 14040, 14016, 14002, 14000, 12787, 12784, 12782, 12758, 12756, 12752, 12750, 12717, 12713, 12723, 12499, 12498, 12483, 12482, 12457, 12466, 12463, 12460, 12427, 12443, 12299, 12298, 12413, 12410, 12269, 12174, 12173, 12171, 12153, 12150, 12134, 12131, 12106, 11114, 11111, 11110, 11101, 11100, 11102, 11121, 11120, 11122, 11002, 11000, 11001, 11010, 11012, 11011, 11020, 11021, 11221, 11220, 11222, 11212, 11210, 11211, 11202, 11200, 11201, 10101, 10102, 10103, 10127, 10151, 10154, 10137, 10133, 10119, 10027, 10025, 10004, 10006, 10031, 10044, 10019, 10017, 10214, 10217, 10219, 10209, 10230, 10231, 10241, 10244, 10242, 20043, 20045, 20047, 20037, 20035, 20033, 20029, 20026, 20107, 20104, 20103, 20125, 20124, 20123, 20114, 20113, 20115, 20227, 20240, 20242, 20235, 20236, 20270, 20257, 20255, 20253, 21036, 21035, 21015, 21010, 21011, 21001, 21000, 21002, 21021, 21022, 21020, 21202, 21201, 21200, 21211, 21212, 21210, 21110, 21112, 21111, 21120, 21121, 21101, 21103, 21105, 1003, 1005, 1004, 1015, 1013, 1017, 1050, 1051, 1052, 1074, 1076, 1079, 1226, 1222, 1221, 1207, 1209, 1139, 1138, 1135, 1105, 1101, 1100, 1111, 1112, 1110, 1122, 1120, 1124, 215, 213, 214, 201, 200, 202, 0, 3, 6, 37, 38, 67, 68, 69, 300, 303, 304, 165, 164, 166, 173, 139, 136, 152, 155, 156, 159, 401, 402, 405, 406, 409, 431, 433, 434, 437, 438, 480, 482, 484, 487, 488, 811, 812, 814, 816, 819, 861, 863, 864, 866, 868, 891, 893, 895, 897, 899, 3140, 3142, 3144, 3146, 3148, 3170, 3172, 3174, 3177, 3178, 3440, 3442, 3444, 3446, 3449, 3470, 3472, 3474, 3477, 3478, 3720, 3722, 3724, 3726, 3728, 3750, 3752, 3755, 3757, 3759, 6001, 6002, 6005, 6007, 6008, 6030, 6032, 6034, 6036, 6038, 6070, 6073, 6077, 6079, 6402, 6405, 6408, 6432, 6434, 6437, 6451, 6453, 6456, 6459, 6473, 6475, 6477, 6710, 6713, 6717, 6719, 6722, 6727, 6760, 6763, 6765, 6769, 9001, 9004, 9007, 9021, 9022, 9025, 9028, 9041, 9045, 9048, 9081, 9085, 9088, 9311, 9313, 9316, 9319, 9321, 9324, 9327, 9360, 9364, 9368, 9369, 9392, 9376, 9601, 9603, 9622, 9623, 9561, 9566, 9629, 9651, 9663, 9667, 9669, 9681, 9686, 9688, 9931, 9934, 9937, 9960, 9963, 9966, 9980, 9983, 9986, 9989, 37884, 37887, 37890, 37893, 37896, 37898, 37900, 37924, 37927, 37929, 38072, 38077, 38078, 38081, 38094, 38098, 38101, 38115, 38114, 38119, 38131, 38144, 38148, 38249, 38473, 38476, 38488, 38487, 38466, 38468, 38467, 38350, 38348, 38349, 38339, 38338, 38340, 38329, 38328, 38563, 37435, 37438, 38672, 38685, 38687, 38691, 38705, 38706, 38708, 38738, 38740, 38779, 38781, 38795, 38807, 38809, 38834, 39006, 39010, 39043, 39054, 39059, 39061, 39269, 39271, 39273, 36379, 36382, 36386, 36378, 36402, 36404, 36421, 36422, 36624, 36623, 36620, 36511, 36508, 36507, 36484, 36479, 36480, 36570, 36571, 36569, 36577, 36580, 36579, 36560, 36558, 36553, 34980, 34978, 34986, 34664, 34663, 34659, 34964, 34642, 34640, 34636, 34633, 34630, 34798, 34555, 34554, 34561, 34549, 34547, 34572, 34571, 34577, 28877, 28876, 28882, 28858, 28855, 28852, 28839, 28838, 29709, 29707, 29704, 29701, 29476, 29475, 29470, 29439, 29436, 29433, 29298, 29296, 28459, 28456, 28451, 28449, 28446, 28442, 28429, 28506, 28505, 28500, 28277, 28276, 28273, 28188, 28185, 28242, 28241, 28208, 28203, 28161, 26969, 26965]",0.14105530000233557,success,,323.189008201407,457.0582786049325,78.87519064482017,29.55120485976474,33.388195946724366,36.018399873054136
chi_clow_to_ohare_0018,w_0018,grid_0_10,True,False,clow_to_ohare,Clow International Airport to O'Hare International Airport,Clow International Airport,O'Hare International Airport,41.695923717435235,-88.12876224517822,41.97807408541273,-87.90902412382081,ohare_2026-03-07_1s_15nm_bbox,0.0,0.1,0.6,0.3,541,"[13722, 13720, 13730, 13486, 13488, 13646, 13644, 13629, 13626, 13613, 13609, 13605, 13288, 13289, 13396, 13395, 13392, 13501, 13366, 13367, 13356, 13355, 13351, 13349, 13345, 13342, 14190, 14169, 14191, 14401, 14177, 14174, 14171, 14127, 14125, 14132, 12897, 12895, 14051, 14028, 14025, 12867, 12865, 12863, 12794, 12790, 12795, 12788, 12784, 12782, 12758, 12756, 12752, 12750, 12717, 12713, 12723, 12499, 12498, 12483, 12482, 12457, 12466, 12463, 12460, 12427, 12443, 12299, 12298, 12413, 12410, 12269, 12174, 12173, 12171, 12153, 12150, 12134, 12131, 12106, 11114, 11111, 11110, 11101, 11100, 11102, 11121, 11120, 11122, 11002, 11000, 11001, 11010, 11012, 11011, 11020, 11021, 11221, 11220, 11222, 11212, 11210, 11211, 11202, 11200, 11201, 10101, 10102, 10103, 10127, 10151, 10154, 10137, 10133, 10119, 10027, 10025, 10004, 10006, 10031, 10044, 10019, 10017, 10214, 10217, 10219, 10209, 10230, 10231, 10241, 10244, 10242, 20043, 20045, 20047, 20037, 20035, 20033, 20029, 20026, 20107, 20104, 20103, 20125, 20124, 20123, 20114, 20113, 20115, 20227, 20240, 20242, 20235, 20236, 20270, 20257, 20255, 20253, 21036, 21035, 21015, 21010, 21011, 21001, 21000, 21002, 21021, 21022, 21020, 21202, 21201, 21200, 21211, 21212, 21210, 21110, 21112, 21111, 21120, 21121, 21101, 21103, 21105, 1003, 1005, 1004, 1015, 1013, 1017, 1050, 1051, 1052, 1074, 1076, 1079, 1226, 1222, 1221, 1207, 1209, 1139, 1138, 1135, 1105, 1101, 1100, 1111, 1112, 1110, 1122, 1120, 1124, 215, 213, 214, 201, 200, 202, 0, 3, 6, 37, 38, 67, 68, 69, 300, 303, 304, 165, 164, 166, 173, 139, 136, 152, 155, 156, 159, 401, 402, 405, 406, 409, 431, 433, 434, 437, 438, 480, 482, 484, 487, 488, 811, 812, 814, 816, 819, 861, 863, 864, 866, 868, 891, 893, 895, 897, 899, 3140, 3142, 3144, 3146, 3148, 3170, 3172, 3174, 3177, 3178, 3440, 3442, 3444, 3446, 3448, 3470, 3472, 3474, 3477, 3478, 3720, 3722, 3724, 3726, 3728, 3750, 3752, 3755, 3757, 3759, 6001, 6002, 6005, 6007, 6008, 6030, 6032, 6034, 6036, 6038, 6070, 6073, 6077, 6079, 6402, 6405, 6408, 6432, 6434, 6437, 6451, 6453, 6456, 6459, 6473, 6475, 6477, 6710, 6713, 6717, 6719, 6722, 6727, 6760, 6763, 6765, 6769, 9001, 9004, 9007, 9021, 9022, 9025, 9028, 9041, 9045, 9048, 9081, 9085, 9088, 9311, 9313, 9316, 9319, 9321, 9324, 9327, 9360, 9364, 9368, 9369, 9392, 9376, 9601, 9603, 9622, 9623, 9561, 9566, 9629, 9651, 9663, 9667, 9669, 9681, 9686, 9688, 9931, 9934, 9937, 9960, 9963, 9966, 9980, 9983, 9986, 9989, 37884, 37887, 37890, 37893, 37896, 37898, 37900, 37924, 37927, 37929, 38072, 38077, 38078, 38081, 38094, 38098, 38101, 38091, 38114, 38119, 38131, 38144, 38148, 38249, 38473, 38476, 38488, 38487, 38466, 38468, 38467, 38350, 38348, 38349, 38339, 38338, 38340, 38329, 38328, 38563, 37435, 37438, 38672, 38685, 38687, 38691, 38705, 38706, 38708, 38738, 38740, 38779, 38781, 38795, 38807, 38809, 38834, 39006, 39010, 39043, 39054, 39059, 39061, 39269, 39271, 39273, 36379, 36382, 36386, 36378, 36402, 36404, 36421, 36422, 36624, 36623, 36620, 36511, 36508, 36507, 36484, 36479, 36480, 36570, 36571, 36569, 36577, 36580, 36579, 36560, 36558, 36553, 34980, 34978, 34986, 34664, 34663, 34659, 34964, 34642, 34640, 34636, 34633, 34630, 34798, 34555, 34554, 34561, 34549, 34547, 34572, 34571, 34577, 28877, 28876, 28882, 28858, 28855, 28852, 28839, 28838, 29709, 29707, 29704, 29701, 29476, 29475, 29470, 29439, 29436, 29433, 29298, 29296, 28459, 28456, 28451, 28449, 28446, 28442, 28429, 28506, 28505, 28500, 28279, 28275, 28401, 28188, 28185, 28242, 28241, 28208, 28203, 28161, 26969, 26965]",0.14020499999605818,success,,320.7982405163422,453.6772225202559,83.53215409374516,28.703977696676798,33.43297746076648,35.605495265610536
chi_clow_to_ohare_0019,w_0019,grid_0_10,True,False,clow_to_ohare,Clow International Airport to O'Hare International Airport,Clow International Airport,O'Hare International Airport,41.695923717435235,-88.12876224517822,41.97807408541273,-87.90902412382081,ohare_2026-03-07_1s_15nm_bbox,0.0,0.1,0.7,0.2,488,"[13722, 13720, 13730, 13486, 13488, 13646, 13644, 13629, 13626, 13613, 13609, 13605, 13288, 13289, 13396, 13395, 13392, 13501, 13366, 13367, 13356, 13355, 13351, 13349, 13345, 13342, 14190, 14169, 14191, 14401, 14177, 14174, 14171, 14127, 14125, 14132, 12897, 12895, 14051, 14028, 14025, 12867, 12865, 12863, 12794, 12790, 12795, 12788, 12784, 12782, 12758, 12756, 12752, 12750, 12717, 12713, 12723, 12499, 12498, 12483, 12482, 12457, 12466, 12463, 12460, 12427, 12443, 12299, 12298, 12413, 12410, 12269, 12174, 12173, 12171, 12153, 12150, 12134, 12131, 12106, 11114, 11111, 11110, 11101, 11100, 11102, 11121, 11120, 11122, 11002, 11000, 11001, 11010, 11012, 11011, 11020, 11021, 11221, 11220, 11222, 11212, 11210, 11211, 11202, 11200, 11201, 10101, 10102, 10103, 10127, 10151, 10154, 10137, 10133, 10119, 10027, 10025, 10004, 10006, 10031, 10044, 10019, 10017, 10214, 10217, 10219, 10209, 10230, 10231, 10241, 10244, 10242, 20043, 20045, 20047, 20037, 20035, 20033, 20029, 20026, 20107, 20104, 20103, 20125, 20124, 20123, 20114, 20113, 20115, 20227, 20240, 20242, 20235, 20236, 20270, 20257, 20255, 20253, 21036, 21035, 21015, 21010, 21011, 21001, 21000, 21002, 21021, 21022, 21020, 21202, 21201, 21200, 21211, 21212, 21210, 21110, 21112, 21111, 21120, 21121, 21101, 21103, 21105, 1003, 1005, 1004, 1015, 1013, 1017, 1050, 1051, 1052, 1074, 1076, 1079, 1226, 1222, 1221, 1207, 1209, 1139, 1138, 1135, 1105, 1101, 1100, 1111, 1112, 1110, 1122, 1120, 1124, 215, 213, 214, 201, 200, 202, 0, 3, 6, 37, 38, 67, 68, 69, 300, 303, 304, 165, 164, 166, 173, 139, 136, 152, 155, 156, 159, 401, 402, 405, 406, 409, 431, 433, 434, 437, 438, 480, 482, 484, 487, 488, 811, 812, 814, 816, 819, 861, 863, 864, 866, 868, 891, 893, 895, 897, 899, 3140, 3142, 3144, 3146, 3148, 3170, 3172, 3174, 3177, 3178, 3440, 3442, 3444, 3446, 3449, 3470, 3472, 3474, 3477, 3478, 3720, 3722, 3724, 3726, 3728, 3750, 3752, 3755, 3757, 3759, 6001, 6002, 6005, 6007, 6008, 6030, 6032, 6034, 6036, 6038, 6070, 6073, 6077, 6079, 6402, 6405, 6408, 6432, 6434, 6437, 6451, 6453, 6456, 6459, 6473, 6475, 6477, 6710, 6713, 6717, 6719, 6722, 6727, 6760, 6763, 6765, 6769, 9001, 9004, 9007, 9021, 9022, 9025, 9028, 9041, 9045, 9048, 9081, 9085, 9088, 9311, 9313, 9316, 9319, 9321, 9324, 9327, 9360, 9364, 9368, 9369, 9392, 9376, 9601, 9603, 9622, 9623, 9561, 9566, 9629, 9651, 9663, 9667, 9669, 9681, 9686, 9688, 9931, 9934, 9937, 9960, 9963, 9966, 9980, 9983, 9986, 9989, 37884, 37887, 37890, 37893, 37896, 37898, 37900, 37924, 37927, 37929, 38072, 38077, 38078, 38081, 38094, 38098, 38101, 38091, 38114, 38119, 38131, 38144, 38148, 38249, 38473, 38476, 38488, 38487, 38466, 38468, 38467, 38350, 38348, 38349, 38339, 38338, 38340, 38329, 38328, 38330, 37410, 37409, 37408, 37419, 37418, 37420, 37398, 37399, 37426, 37427, 37425, 37509, 37522, 37524, 37519, 37521, 37545, 37571, 37602, 37567, 37354, 37353, 37328, 37347, 37342, 37320, 29559, 29558, 29538, 29536, 29533, 29527, 29523, 29389, 29512, 29378, 29374, 29181, 29180, 29165, 29173, 29159, 29158, 29214, 29215, 29212, 27992, 27993, 27974, 27973, 27939, 27952, 27919, 27914, 28172, 28159, 28158, 28164, 28160, 28161, 26969, 26965]",0.14074940000136849,success,,284.2598656933035,402.00415729882775,84.70948424997891,26.42925134715631,38.89790946195665,34.75100626039864
chi_clow_to_ohare_0020,w_0020,grid_0_10,True,False,clow_to_ohare,Clow International Airport to O'Hare International Airport,Clow International Airport,O'Hare International Airport,41.695923717435235,-88.12876224517822,41.97807408541273,-87.90902412382081,ohare_2026-03-07_1s_15nm_bbox,0.0,0.1,0.8,0.1,447,"[13722, 13720, 13730, 13486, 13488, 13646, 13644, 13629, 13626, 13613, 13609, 13605, 13288, 13289, 13396, 13395, 13392, 13501, 13366, 13367, 13356, 13355, 13351, 13349, 13345, 13342, 14190, 14169, 14191, 14401, 14177, 14174, 14171, 14127, 14125, 14132, 12897, 12895, 14051, 14028, 14025, 12867, 12865, 12863, 12794, 12790, 12795, 12788, 12784, 12782, 12758, 12756, 12752, 12750, 12717, 12713, 12723, 12499, 12498, 12483, 12482, 12457, 12466, 12463, 12460, 12427, 12443, 12299, 12298, 12413, 12410, 12269, 12174, 12173, 12171, 12153, 12150, 12134, 12131, 12106, 11114, 11111, 11110, 11101, 11100, 11102, 11121, 11120, 11122, 11002, 11000, 11001, 11010, 11012, 11011, 11020, 11021, 11221, 11220, 11222, 11212, 11210, 11211, 11202, 11200, 11201, 10101, 10102, 10103, 10127, 10151, 10154, 10137, 10133, 10119, 10027, 10025, 10004, 10006, 10031, 10044, 10019, 10017, 10214, 10217, 10219, 10209, 10230, 10231, 10241, 10244, 10242, 20043, 20045, 20047, 20037, 20035, 20033, 20029, 20026, 20107, 20104, 20103, 20125, 20124, 20123, 20114, 20113, 20115, 20227, 20240, 20242, 20235, 20236, 20270, 20257, 20255, 20253, 21036, 21035, 21015, 21010, 21011, 21001, 21000, 21002, 21021, 21022, 21020, 21202, 21201, 21200, 21211, 21212, 21210, 21110, 21112, 21111, 21120, 21121, 21101, 21103, 21105, 1003, 1005, 1004, 1015, 1013, 1017, 1050, 1051, 1052, 1074, 1076, 1079, 1226, 1222, 1221, 1207, 1209, 1139, 1138, 1135, 1105, 1101, 1100, 1111, 1112, 1110, 1122, 1120, 1124, 215, 213, 214, 201, 200, 202, 0, 3, 6, 37, 38, 67, 68, 69, 300, 303, 304, 165, 164, 166, 173, 139, 136, 152, 155, 156, 159, 401, 402, 405, 406, 409, 431, 433, 434, 437, 438, 480, 482, 484, 487, 488, 811, 812, 814, 816, 819, 861, 863, 864, 866, 868, 891, 893, 895, 897, 899, 3140, 3142, 3144, 3146, 3148, 3170, 3172, 3174, 3177, 3178, 3440, 3442, 3444, 3446, 3448, 3470, 3472, 3474, 3477, 3478, 3720, 3722, 3724, 3726, 3728, 3750, 3752, 3755, 3757, 3759, 6001, 6002, 6005, 6007, 6008, 6030, 6032, 6034, 6036, 6038, 6070, 6073, 6077, 6079, 6402, 6405, 6408, 6432, 6434, 6437, 6451, 6453, 6456, 6459, 6473, 6475, 6477, 6710, 6713, 6717, 6719, 6722, 6727, 6760, 6763, 6765, 6769, 9001, 9004, 9007, 9021, 9022, 9025, 9028, 9041, 9045, 9048, 9081, 9085, 9088, 9311, 9313, 9316, 9319, 9321, 9324, 9327, 9360, 9364, 9367, 9390, 9375, 9377, 9600, 9620, 9621, 9539, 9562, 9538, 9527, 9524, 9521, 9506, 9507, 9298, 9540, 9542, 9466, 9463, 9462, 9457, 9455, 9458, 9492, 9496, 9498, 8901, 8679, 8677, 8682, 8684, 8697, 8698, 8693, 8599, 8596, 8597, 8578, 8574, 8573, 8559, 8582, 8586, 8497, 8712, 8711, 8720, 8487, 8489, 8700, 8477, 27372, 27349, 27348, 27383, 27358, 27359, 27369, 27392, 27395, 27602, 27605, 27600, 27468, 27469, 27490, 27481, 27485, 27483, 27579, 27576, 27587, 27589, 27833, 27826, 27860, 27861, 27846, 27870, 27874, 28135, 28136, 28134, 28146, 28148, 28161, 26969, 26965]",0.13738300000113668,success,,262.5996506667236,371.3719874445497,99.8634383556406,22.23924043578692,48.1604148686226,32.59377767105586
chi_clow_to_ohare_0021,w_0021,grid_0_10,True,False,clow_to_ohare,Clow International Airport to O'Hare International Airport,Clow International Airport,O'Hare International Airport,41.695923717435235,-88.12876224517822,41.97807408541273,-87.90902412382081,ohare_2026-03-07_1s_15nm_bbox,0.0,0.1,0.9,0.0,428,"[13722, 13720, 13707, 13483, 13481, 13458, 13465, 13462, 13438, 13426, 13424, 13409, 13408, 13404, 13263, 13239, 13260, 13246, 13244, 13245, 13252, 13251, 13308, 13309, 13306, 13093, 13091, 13067, 13064, 13062, 13059, 13056, 13042, 13040, 13016, 13014, 11689, 11687, 11676, 11675, 11671, 11648, 12834, 12832, 12833, 12599, 12598, 12594, 12592, 12567, 12564, 12580, 12548, 12464, 12462, 12460, 12427, 12443, 12299, 12298, 12413, 12410, 12269, 12174, 12173, 12149, 12151, 12128, 12130, 12107, 12103, 11112, 11111, 11110, 11101, 11100, 11102, 11121, 11120, 11122, 11002, 11000, 11001, 11010, 11012, 11011, 11020, 11021, 11221, 11220, 11222, 11212, 11210, 11211, 11202, 11200, 11201, 10101, 10102, 10103, 10127, 10151, 10154, 10137, 10133, 10119, 10027, 10025, 10004, 10006, 10031, 10044, 10019, 10017, 10214, 10217, 10219, 10209, 10230, 10231, 10241, 10244, 10242, 20043, 20045, 20047, 20037, 20035, 20033, 20029, 20026, 20107, 20104, 20103, 20125, 20124, 20123, 20114, 20113, 20115, 20227, 20240, 20242, 20235, 20236, 20270, 20257, 20255, 20253, 21036, 21035, 21015, 21010, 21011, 21001, 21000, 21002, 21021, 21022, 21020, 21202, 21201, 21200, 21211, 21212, 21210, 21110, 21112, 21111, 21120, 21121, 21101, 21103, 21105, 1003, 1005, 1004, 1015, 1013, 1017, 1050, 1051, 1052, 1074, 1076, 1079, 1226, 1222, 1221, 1207, 1209, 1139, 1138, 1135, 1105, 1101, 1100, 1111, 1112, 1110, 1122, 1120, 1124, 215, 213, 214, 201, 200, 202, 0, 3, 6, 37, 38, 67, 68, 69, 300, 303, 304, 165, 164, 166, 173, 139, 136, 152, 155, 156, 159, 401, 402, 405, 406, 409, 431, 433, 434, 437, 438, 480, 482, 484, 487, 489, 811, 813, 814, 817, 818, 861, 863, 865, 867, 869, 891, 892, 895, 896, 899, 3140, 3143, 3144, 3147, 3149, 3170, 3173, 3174, 3177, 3178, 3440, 3442, 3444, 3446, 3449, 3471, 3472, 3474, 3476, 3479, 3720, 3722, 3724, 3726, 3728, 3750, 3752, 3755, 3757, 3759, 6001, 6002, 6005, 6007, 6008, 6030, 6032, 6034, 6036, 6038, 6070, 6073, 6077, 6079, 6402, 6405, 6408, 6431, 6433, 6460, 6439, 6454, 6456, 6459, 6473, 6475, 6478, 6711, 6498, 6716, 6752, 6723, 6756, 6728, 6759, 6781, 6767, 9000, 6787, 9006, 9012, 9023, 9017, 9051, 9042, 9056, 9047, 9082, 9084, 9086, 9310, 9314, 9315, 9099, 9333, 9337, 9344, 9346, 9276, 9278, 9510, 9505, 9506, 9507, 9298, 9540, 9542, 9466, 9463, 9460, 9453, 9455, 9458, 9492, 9496, 9498, 8901, 8679, 8677, 8682, 8684, 8697, 8911, 8912, 8853, 8855, 8858, 8860, 8838, 8862, 8870, 8872, 8848, 8760, 8763, 8761, 8773, 8774, 8779, 8782, 8781, 27768, 27766, 27762, 27770, 27738, 27739, 27758, 27754, 27759, 27660, 27662, 27661, 27654, 27658, 27692, 27648, 27644, 27642, 27850, 27818, 27819, 27838, 27839, 27829, 27860, 27861, 27846, 27870, 27874, 28135, 28136, 28134, 28146, 28148, 28161, 26969, 26965]",0.1310691999970004,success,,259.85383404499646,367.4888163383432,105.31033032404574,21.16625340315105,71.12669915149353,29.580661095240522
chi_clow_to_ohare_0022,w_0022,grid_0_10,True,False,clow_to_ohare,Clow International Airport to O'Hare International Airport,Clow International Airport,O'Hare International Airport,41.695923717435235,-88.12876224517822,41.97807408541273,-87.90902412382081,ohare_2026-03-07_1s_15nm_bbox,0.0,0.2,0.0,0.8,97,"[13722, 13726, 13739, 13753, 13754, 13758, 13791, 13794, 13828, 13852, 13856, 13867, 13868, 13891, 13885, 13888, 13889, 16119, 16140, 16127, 16129, 16152, 16155, 16158, 16192, 16194, 16287, 16512, 16515, 16517, 16541, 16544, 16537, 16539, 16552, 16566, 16568, 16567, 16619, 16642, 16644, 16667, 16664, 16668, 16655, 16656, 16658, 25822, 25589, 25808, 25807, 25830, 25842, 25846, 25849, 25764, 25769, 25791, 25793, 25796, 18020, 18022, 18026, 18037, 18039, 18063, 18074, 18078, 18300, 18305, 18246, 18271, 18273, 18267, 18269, 18503, 18505, 18507, 26470, 26474, 26477, 26811, 26813, 26816, 26822, 26827, 26829, 26738, 26771, 26773, 26920, 26921, 26912, 26917, 26950, 26961, 26965]",0.12817920000088634,success,,64.9827560573038,91.89949493593663,48.46794843513734,65.07551872185078,23.848127532976548,28.77209171340871
chi_clow_to_ohare_0023,w_0023,grid_0_10,True,False,clow_to_ohare,Clow International Airport to O'Hare International Airport,Clow International Airport,O'Hare International Airport,41.695923717435235,-88.12876224517822,41.97807408541273,-87.90902412382081,ohare_2026-03-07_1s_15nm_bbox,0.0,0.2,0.1,0.7,85,"[13722, 13727, 13718, 13742, 13746, 22697, 22932, 22934, 22937, 22981, 22982, 22967, 22969, 25202, 25204, 25208, 25228, 25229, 25251, 25253, 25263, 25267, 25290, 25291, 25198, 25420, 25424, 25434, 25436, 25439, 25463, 25466, 25469, 25492, 25495, 25497, 25721, 25723, 25810, 25814, 25815, 25847, 25761, 25862, 25866, 25869, 25892, 25895, 18020, 18022, 18026, 18037, 18039, 18063, 18074, 18078, 18300, 18305, 18246, 18271, 18273, 18267, 18269, 18503, 18505, 18507, 26470, 26474, 26477, 26811, 26813, 26816, 26822, 26827, 26829, 26738, 26771, 26773, 26920, 26921, 26912, 26917, 26950, 26961, 26965]",0.12760150000394788,success,,56.91168824543459,80.48528137364329,47.88805371347373,50.53068214907712,24.65302294776148,31.887795021035494
chi_clow_to_ohare_0024,w_0024,grid_0_10,True,False,clow_to_ohare,Clow International Airport to O'Hare International Airport,Clow International Airport,O'Hare International Airport,41.695923717435235,-88.12876224517822,41.97807408541273,-87.90902412382081,ohare_2026-03-07_1s_15nm_bbox,0.0,0.2,0.2,0.6,86,"[13722, 13727, 13718, 13742, 13746, 22697, 22932, 22934, 22937, 22963, 22982, 22967, 22969, 25202, 25204, 25208, 25228, 25229, 25251, 25253, 25263, 25267, 25290, 25291, 25198, 25420, 25424, 25434, 25436, 25439, 25463, 25466, 25469, 25492, 25495, 25497, 25721, 25723, 25727, 25740, 25742, 25819, 25762, 25765, 25769, 25790, 25892, 25895, 18020, 25899, 18027, 18028, 18053, 18061, 18065, 18069, 18301, 18304, 18308, 18270, 18274, 18277, 18268, 18293, 18506, 18508, 18520, 26473, 26476, 26800, 26814, 26817, 26818, 26825, 26828, 26829, 26738, 26771, 26773, 26920, 26921, 26912, 26917, 26950, 26961, 26965]",0.12602969999716152,success,,57.61879502662141,81.48528137363624,47.941410690714626,49.424170535820664,24.900672663658913,34.41351984350241
chi_clow_to_ohare_0025,w_0025,grid_0_10,True,False,clow_to_ohare,Clow International Airport to O'Hare International Airport,Clow International Airport,O'Hare International Airport,41.695923717435235,-88.12876224517822,41.97807408541273,-87.90902412382081,ohare_2026-03-07_1s_15nm_bbox,0.0,0.2,0.3,0.5,86,"[13722, 13727, 13718, 13742, 13746, 22697, 22932, 22934, 22961, 22964, 22972, 22968, 22969, 25202, 25204, 25208, 25228, 25229, 25251, 25253, 25263, 25267, 25290, 25291, 25198, 25420, 25424, 25434, 25436, 25439, 25463, 25466, 25469, 25492, 25495, 25497, 25721, 25723, 25727, 25740, 25742, 25819, 25762, 25765, 25769, 25790, 25892, 25895, 18020, 25899, 18027, 18028, 18053, 18061, 18065, 18069, 18301, 18304, 18308, 18270, 18274, 18277, 18268, 18293, 18506, 18508, 18520, 26473, 26476, 26800, 26814, 26817, 26818, 26825, 26828, 26829, 26738, 26771, 26773, 26920, 26921, 26912, 26917, 26950, 26961, 26965]",0.12782899999729125,success,,57.61879502662404,81.48528137363996,47.941410690714626,49.2484109159041,24.968617994300732,36.84711441006452
chi_clow_to_ohare_0026,w_0026,grid_0_10,True,False,clow_to_ohare,Clow International Airport to O'Hare International Airport,Clow International Airport,O'Hare International Airport,41.695923717435235,-88.12876224517822,41.97807408541273,-87.90902412382081,ohare_2026-03-07_1s_15nm_bbox,0.0,0.2,0.4,0.4,86,"[13722, 13727, 13718, 13742, 13746, 22697, 22932, 22934, 22961, 22964, 22972, 22975, 25200, 22994, 22997, 25130, 25241, 25136, 25139, 25164, 25167, 25190, 25193, 25196, 25199, 25420, 25424, 25434, 25436, 25439, 25463, 25466, 25469, 25492, 25495, 25497, 25721, 25723, 25727, 25740, 25742, 25819, 25762, 25765, 25769, 25790, 25892, 25895, 18020, 25899, 18027, 18028, 18053, 18061, 18065, 18069, 18301, 18304, 18308, 18270, 18274, 18277, 18268, 18293, 18506, 18508, 18520, 26473, 26476, 26800, 26814, 26817, 26818, 26825, 26828, 26829, 26738, 26771, 26773, 26920, 26921, 26912, 26917, 26950, 26961, 26965]",0.1329455000013695,success,,57.204581464243276,80.89949493600658,49.104123942457655,48.26640638698551,25.15702643443144,39.19019791705831
chi_clow_to_ohare_0027,w_0027,grid_0_10,True,False,clow_to_ohare,Clow International Airport to O'Hare International Airport,Clow International Airport,O'Hare International Airport,41.695923717435235,-88.12876224517822,41.97807408541273,-87.90902412382081,ohare_2026-03-07_1s_15nm_bbox,0.0,0.2,0.5,0.3,543,"[13722, 13720, 13730, 13486, 13488, 13646, 13644, 13629, 13626, 13613, 13609, 13605, 13288, 13289, 13396, 13395, 13392, 13501, 13366, 13367, 13356, 13355, 13354, 14427, 14429, 14428, 14415, 14414, 14416, 14437, 14436, 14433, 14339, 14189, 14184, 14181, 14159, 14157, 14087, 14085, 14084, 14064, 14060, 14049, 14056, 14041, 14040, 14016, 14002, 14000, 12787, 12773, 12774, 12772, 12667, 12666, 12661, 12729, 12727, 12723, 12499, 12498, 12483, 12482, 12457, 12466, 12463, 12460, 12427, 12443, 12299, 12298, 12413, 12410, 12269, 12174, 12173, 12171, 12153, 12150, 12134, 12131, 12106, 11114, 11111, 11110, 11101, 11100, 11102, 11121, 11120, 11122, 11002, 11000, 11001, 11010, 11012, 11011, 11020, 11021, 11221, 11220, 11222, 11212, 11210, 11211, 11202, 11200, 11201, 10101, 10102, 10103, 10127, 10151, 10154, 10137, 10133, 10119, 10027, 10025, 10004, 10006, 10031, 10044, 10019, 10017, 10214, 10217, 10219, 10209, 10230, 10231, 10241, 10244, 10242, 20043, 20045, 20047, 20037, 20035, 20033, 20029, 20026, 20107, 20104, 20103, 20125, 20124, 20123, 20114, 20113, 20115, 20227, 20240, 20242, 20235, 20236, 20270, 20257, 20255, 20253, 21036, 21035, 21015, 21010, 21011, 21001, 21000, 21002, 21021, 21022, 21020, 21202, 21201, 21200, 21211, 21212, 21210, 21110, 21112, 21111, 21120, 21121, 21101, 21103, 21105, 1003, 1005, 1004, 1015, 1013, 1017, 1050, 1051, 1052, 1074, 1076, 1079, 1226, 1222, 1221, 1207, 1209, 1139, 1138, 1135, 1105, 1101, 1100, 1111, 1112, 1110, 1122, 1120, 1124, 215, 213, 214, 201, 200, 202, 0, 3, 6, 37, 38, 67, 68, 69, 300, 303, 304, 165, 164, 166, 173, 139, 136, 152, 155, 156, 159, 401, 402, 405, 406, 409, 431, 433, 434, 437, 438, 480, 482, 484, 487, 488, 811, 812, 814, 816, 819, 861, 863, 864, 866, 868, 891, 893, 895, 897, 899, 3140, 3142, 3144, 3146, 3148, 3170, 3172, 3174, 3177, 3178, 3440, 3442, 3444, 3446, 3448, 3470, 3472, 3474, 3477, 3478, 3720, 3722, 3724, 3726, 3728, 3750, 3752, 3755, 3757, 3759, 6001, 6002, 6005, 6007, 6008, 6030, 6032, 6034, 6036, 6038, 6070, 6073, 6077, 6079, 6402, 6405, 6408, 6432, 6434, 6437, 6451, 6453, 6456, 6459, 6473, 6475, 6477, 6710, 6713, 6717, 6719, 6722, 6727, 6760, 6763, 6765, 6769, 9001, 9004, 9007, 9021, 9022, 9025, 9028, 9041, 9045, 9048, 9081, 9085, 9088, 9311, 9313, 9316, 9319, 9321, 9324, 9327, 9360, 9364, 9368, 9369, 9392, 9376, 9601, 9603, 9622, 9623, 9561, 9566, 9629, 9651, 9663, 9667, 9669, 9681, 9686, 9688, 9931, 9934, 9937, 9960, 9963, 9966, 9980, 9983, 9986, 9989, 37884, 37887, 37890, 37893, 37896, 37898, 37900, 37924, 37927, 37929, 38072, 38077, 38078, 38081, 38096, 38099, 38091, 38114, 38119, 38131, 38144, 38148, 38249, 38473, 38476, 38488, 38487, 38466, 38468, 38467, 38350, 38348, 38349, 38339, 38338, 38340, 38329, 38328, 38563, 37435, 37438, 38672, 38685, 38687, 38691, 38705, 38706, 38708, 38738, 38740, 38779, 38781, 38795, 38807, 38809, 38834, 39006, 39010, 39043, 39054, 39059, 39061, 39269, 39271, 39273, 36379, 36382, 36386, 36378, 36402, 36404, 36421, 36422, 36624, 36623, 36620, 36511, 36508, 36507, 36484, 36479, 36480, 36570, 36571, 36569, 36577, 36580, 36579, 36560, 36558, 36553, 34980, 34978, 34986, 34664, 34663, 34659, 34964, 34642, 34640, 34636, 34633, 34630, 34798, 34555, 34554, 34561, 34549, 34547, 34572, 34571, 34577, 28877, 28876, 28882, 28858, 28855, 28852, 28839, 28838, 29709, 29707, 29704, 29701, 29476, 29475, 29472, 29439, 29436, 29433, 29298, 29296, 28459, 28456, 28451, 28449, 28446, 28442, 28429, 28506, 28505, 28500, 28277, 28276, 28272, 28248, 28247, 28243, 28240, 28208, 28203, 28161, 26969, 26965]",0.13996059999772115,success,,322.6266676410928,456.2630089578696,77.72731629964726,29.823138195914837,33.37952281786414,40.47088920324612
chi_clow_to_ohare_0028,w_0028,grid_0_10,True,False,clow_to_ohare,Clow International Airport to O'Hare International Airport,Clow International Airport,O'Hare International Airport,41.695923717435235,-88.12876224517822,41.97807408541273,-87.90902412382081,ohare_2026-03-07_1s_15nm_bbox,0.0,0.2,0.6,0.2,490,"[13722, 13720, 13730, 13486, 13488, 13646, 13644, 13629, 13626, 13613, 13609, 13605, 13288, 13289, 13396, 13395, 13392, 13501, 13366, 13367, 13356, 13355, 13354, 14427, 14429, 14428, 14415, 14414, 14416, 14437, 14436, 14433, 14339, 14189, 14184, 14181, 14159, 14157, 14087, 14085, 14084, 14064, 14060, 14049, 14056, 14041, 14040, 14016, 14002, 14000, 12787, 12773, 12774, 12772, 12667, 12666, 12661, 12729, 12727, 12723, 12499, 12498, 12483, 12482, 12457, 12466, 12463, 12460, 12427, 12443, 12299, 12298, 12413, 12410, 12269, 12174, 12173, 12171, 12153, 12150, 12134, 12131, 12106, 11114, 11111, 11110, 11101, 11100, 11102, 11121, 11120, 11122, 11002, 11000, 11001, 11010, 11012, 11011, 11020, 11021, 11221, 11220, 11222, 11212, 11210, 11211, 11202, 11200, 11201, 10101, 10102, 10103, 10127, 10151, 10154, 10137, 10133, 10119, 10027, 10025, 10004, 10006, 10031, 10044, 10019, 10017, 10214, 10217, 10219, 10209, 10230, 10231, 10241, 10244, 10242, 20043, 20045, 20047, 20037, 20035, 20033, 20029, 20026, 20107, 20104, 20103, 20125, 20124, 20123, 20114, 20113, 20115, 20227, 20240, 20242, 20235, 20236, 20270, 20257, 20255, 20253, 21036, 21035, 21015, 21010, 21011, 21001, 21000, 21002, 21021, 21022, 21020, 21202, 21201, 21200, 21211, 21212, 21210, 21110, 21112, 21111, 21120, 21121, 21101, 21103, 21105, 1003, 1005, 1004, 1015, 1013, 1017, 1050, 1051, 1052, 1074, 1076, 1079, 1226, 1222, 1221, 1207, 1209, 1139, 1138, 1135, 1105, 1101, 1100, 1111, 1112, 1110, 1122, 1120, 1124, 215, 213, 214, 201, 200, 202, 0, 3, 6, 37, 38, 67, 68, 69, 300, 303, 304, 165, 164, 166, 173, 139, 136, 152, 155, 156, 159, 401, 402, 405, 406, 409, 431, 433, 434, 437, 438, 480, 482, 484, 487, 488, 811, 812, 814, 816, 819, 861, 863, 864, 866, 868, 891, 893, 895, 897, 899, 3140, 3142, 3144, 3146, 3148, 3170, 3172, 3174, 3177, 3178, 3440, 3442, 3444, 3446, 3449, 3470, 3472, 3474, 3477, 3478, 3720, 3722, 3724, 3726, 3728, 3750, 3752, 3755, 3757, 3759, 6001, 6002, 6005, 6007, 6008, 6030, 6032, 6034, 6036, 6038, 6070, 6073, 6077, 6079, 6402, 6405, 6408, 6432, 6434, 6437, 6451, 6453, 6456, 6459, 6473, 6475, 6477, 6710, 6713, 6717, 6719, 6722, 6727, 6760, 6763, 6765, 6769, 9001, 9004, 9007, 9021, 9022, 9025, 9028, 9041, 9045, 9048, 9081, 9085, 9088, 9311, 9313, 9316, 9319, 9321, 9324, 9327, 9360, 9364, 9368, 9369, 9392, 9376, 9601, 9603, 9622, 9623, 9561, 9566, 9629, 9651, 9663, 9667, 9669, 9681, 9686, 9688, 9931, 9934, 9937, 9960, 9963, 9966, 9980, 9983, 9986, 9989, 37884, 37887, 37890, 37893, 37896, 37898, 37900, 37924, 37927, 37929, 38072, 38077, 38078, 38081, 38096, 38099, 38091, 38114, 38119, 38131, 38144, 38148, 38249, 38473, 38476, 38488, 38487, 38466, 38468, 38467, 38350, 38348, 38349, 38339, 38338, 38340, 38329, 38328, 38330, 37410, 37409, 37408, 37419, 37418, 37420, 37398, 37399, 37426, 37427, 37425, 37523, 37525, 37527, 37542, 37543, 37546, 37609, 37622, 37610, 37586, 37583, 37360, 37577, 37575, 37572, 29807, 29806, 29811, 29587, 29585, 29567, 29564, 29562, 29542, 29540, 29518, 29605, 29602, 29189, 29194, 29192, 29190, 29246, 29243, 29241, 27998, 27997, 29201, 27977, 27975, 27958, 27953, 27951, 28172, 28159, 28158, 28164, 28160, 28161, 26969, 26965]",0.1420423999952618,success,,287.3309335051719,406.3473030493069,78.12313136460837,28.101129227253587,37.64729639081288,40.01476308743641
chi_clow_to_ohare_0029,w_0029,grid_0_10,True,False,clow_to_ohare,Clow International Airport to O'Hare International Airport,Clow International Airport,O'Hare International Airport,41.695923717435235,-88.12876224517822,41.97807408541273,-87.90902412382081,ohare_2026-03-07_1s_15nm_bbox,0.0,0.2,0.7,0.1,493,"[13722, 13720, 13730, 13486, 13488, 13646, 13644, 13629, 13626, 13613, 13609, 13605, 13288, 13289, 13396, 13395, 13392, 13501, 13366, 13367, 13356, 13355, 13354, 14427, 14429, 14428, 14415, 14414, 14416, 14437, 14436, 14433, 14339, 14189, 14184, 14181, 14159, 14157, 14087, 14085, 14084, 14064, 14060, 14049, 14056, 14041, 14040, 14016, 14002, 14000, 12787, 12784, 12782, 12758, 12756, 12752, 12750, 12717, 12713, 12723, 12499, 12498, 12483, 12482, 12457, 12466, 12463, 12460, 12427, 12443, 12299, 12298, 12413, 12410, 12269, 12174, 12173, 12171, 12153, 12150, 12134, 12131, 12106, 11114, 11111, 11110, 11101, 11100, 11102, 11121, 11120, 11122, 11002, 11000, 11001, 11010, 11012, 11011, 11020, 11021, 11221, 11220, 11222, 11212, 11210, 11211, 11202, 11200, 11201, 10101, 10102, 10103, 10127, 10151, 10154, 10137, 10133, 10119, 10027, 10025, 10004, 10006, 10031, 10044, 10019, 10017, 10214, 10217, 10219, 10209, 10230, 10231, 10241, 10244, 10242, 20043, 20045, 20047, 20037, 20035, 20033, 20029, 20026, 20107, 20104, 20103, 20125, 20124, 20123, 20114, 20113, 20115, 20227, 20240, 20242, 20235, 20236, 20270, 20257, 20255, 20253, 21036, 21035, 21015, 21010, 21011, 21001, 21000, 21002, 21021, 21022, 21020, 21202, 21201, 21200, 21211, 21212, 21210, 21110, 21112, 21111, 21120, 21121, 21101, 21103, 21105, 1003, 1005, 1004, 1015, 1013, 1017, 1050, 1051, 1052, 1074, 1076, 1079, 1226, 1222, 1221, 1207, 1209, 1139, 1138, 1135, 1105, 1101, 1100, 1111, 1112, 1110, 1122, 1120, 1124, 215, 213, 214, 201, 200, 202, 0, 3, 6, 37, 38, 67, 68, 69, 300, 303, 304, 165, 164, 166, 173, 139, 136, 152, 155, 156, 159, 401, 402, 405, 406, 409, 431, 433, 434, 437, 438, 480, 482, 484, 487, 488, 811, 812, 814, 816, 819, 861, 863, 864, 866, 868, 891, 893, 895, 897, 899, 3140, 3142, 3144, 3146, 3148, 3170, 3172, 3174, 3177, 3178, 3440, 3442, 3444, 3446, 3448, 3470, 3472, 3474, 3477, 3478, 3720, 3722, 3724, 3726, 3728, 3750, 3752, 3755, 3757, 3759, 6001, 6002, 6005, 6007, 6008, 6030, 6032, 6034, 6036, 6038, 6070, 6073, 6077, 6079, 6402, 6405, 6408, 6432, 6434, 6437, 6451, 6453, 6456, 6459, 6473, 6475, 6477, 6710, 6713, 6717, 6719, 6722, 6727, 6760, 6763, 6765, 6769, 9001, 9004, 9007, 9021, 9022, 9025, 9028, 9041, 9045, 9048, 9081, 9085, 9088, 9311, 9313, 9316, 9319, 9321, 9324, 9327, 9360, 9364, 9368, 9369, 9392, 9376, 9601, 9603, 9622, 9623, 9561, 9566, 9629, 9651, 9663, 9667, 9669, 9681, 9686, 9688, 9931, 9934, 9937, 9960, 9963, 9966, 9980, 9983, 9986, 9989, 37884, 37887, 37890, 37893, 37896, 37898, 37900, 37924, 37927, 37929, 38072, 38077, 38078, 38081, 38096, 38099, 38091, 38114, 38119, 38131, 38144, 38148, 38249, 38473, 38476, 38488, 38487, 38466, 38468, 38467, 38350, 38348, 38349, 38339, 38338, 38340, 38329, 38328, 38330, 37410, 37409, 37408, 37419, 37418, 37420, 37398, 37399, 37426, 37427, 37425, 37509, 37522, 37524, 37519, 37521, 37545, 37571, 37569, 37566, 37352, 37330, 37328, 37347, 37342, 37320, 29559, 29558, 29538, 29536, 29533, 29527, 29524, 29521, 29387, 29383, 29376, 29372, 29338, 29166, 29162, 29160, 29157, 29155, 29151, 27968, 27965, 27963, 27946, 27945, 27933, 27931, 27907, 27915, 27916, 27914, 28172, 28159, 28158, 28155, 28162, 28160, 28161, 26969, 26965]",0.14006099999824073,success,,287.1117386953578,406.0373147764685,80.29427748682704,26.551505533611557,41.78375721355109,38.82328509224861
chi_clow_to_ohare_0030,w_0030,grid_0_10,True,False,clow_to_ohare,Clow International Airport to O'Hare International Airport,Clow International Airport,O'Hare International Airport,41.695923717435235,-88.12876224517822,41.97807408541273,-87.90902412382081,ohare_2026-03-07_1s_15nm_bbox,0.0,0.2,0.8,0.0,493,"[13722, 13720, 13730, 13486, 13488, 13646, 13644, 13629, 13626, 13613, 13609, 13605, 13288, 13289, 13396, 13395, 13392, 13501, 13366, 13367, 13356, 13355, 13354, 14427, 14429, 14428, 14415, 14414, 14416, 14437, 14436, 14433, 14339, 14189, 14184, 14181, 14159, 14157, 14087, 14085, 14084, 14064, 14060, 14049, 14056, 14041, 14040, 14016, 14002, 14000, 12787, 12784, 12782, 12757, 12756, 12752, 12750, 12717, 12713, 12723, 12499, 12498, 12483, 12482, 12457, 12466, 12462, 12460, 12427, 12443, 12299, 12298, 12413, 12410, 12269, 12174, 12173, 12149, 12151, 12128, 12130, 12107, 12103, 11112, 11111, 11110, 11101, 11100, 11102, 11121, 11120, 11122, 11002, 11000, 11001, 11010, 11012, 11011, 11020, 11021, 11221, 11220, 11222, 11212, 11210, 11211, 11202, 11200, 11201, 10101, 10102, 10103, 10127, 10151, 10154, 10137, 10133, 10119, 10027, 10025, 10004, 10006, 10031, 10044, 10019, 10017, 10214, 10217, 10219, 10209, 10230, 10231, 10241, 10244, 10242, 20043, 20045, 20047, 20037, 20035, 20033, 20029, 20026, 20107, 20104, 20103, 20125, 20124, 20123, 20114, 20113, 20115, 20227, 20240, 20242, 20235, 20236, 20270, 20257, 20255, 20253, 21036, 21035, 21015, 21010, 21011, 21001, 21000, 21002, 21021, 21022, 21020, 21202, 21201, 21200, 21211, 21212, 21210, 21110, 21112, 21111, 21120, 21121, 21101, 21103, 21105, 1003, 1005, 1004, 1015, 1013, 1017, 1050, 1051, 1052, 1074, 1076, 1079, 1226, 1222, 1221, 1207, 1209, 1139, 1138, 1135, 1105, 1101, 1100, 1111, 1112, 1110, 1122, 1120, 1124, 215, 213, 214, 201, 200, 202, 0, 3, 6, 37, 38, 67, 68, 69, 300, 303, 304, 165, 164, 166, 173, 139, 136, 152, 155, 156, 159, 401, 402, 405, 406, 409, 431, 433, 434, 437, 438, 480, 482, 484, 487, 489, 811, 813, 814, 817, 818, 861, 863, 865, 867, 869, 891, 892, 895, 896, 899, 3140, 3143, 3144, 3147, 3149, 3170, 3173, 3174, 3177, 3178, 3440, 3442, 3444, 3446, 3449, 3471, 3472, 3474, 3476, 3479, 3720, 3722, 3724, 3726, 3728, 3750, 3752, 3755, 3757, 3759, 6001, 6002, 6005, 6007, 6008, 6030, 6032, 6034, 6036, 6038, 6070, 6073, 6077, 6079, 6402, 6405, 6408, 6431, 6433, 6460, 6439, 6454, 6456, 6459, 6473, 6475, 6478, 6711, 6498, 6716, 6752, 6723, 6756, 6728, 6759, 6781, 6767, 9000, 6787, 9006, 9012, 9023, 9017, 9051, 9042, 9056, 9047, 9082, 9084, 9086, 9310, 9314, 9317, 9319, 9322, 9326, 9338, 9362, 9354, 9357, 9390, 9375, 9376, 9379, 9604, 9605, 9608, 9633, 9635, 9637, 9661, 9663, 9658, 9900, 9694, 9696, 9698, 9921, 9838, 9927, 9872, 9874, 9875, 9877, 9892, 37773, 9898, 37783, 37780, 37822, 37803, 37826, 37809, 37830, 37836, 37854, 37855, 37858, 37860, 37861, 38184, 38107, 38109, 38123, 38125, 38127, 38131, 38144, 38148, 38249, 38473, 38476, 38488, 38487, 38466, 38468, 38467, 38350, 38348, 38349, 38339, 38338, 38340, 38329, 38328, 38330, 37410, 37409, 37408, 37419, 37418, 37420, 37398, 37399, 37426, 37427, 37425, 37509, 37522, 37524, 37519, 37521, 37545, 37571, 37569, 37566, 37352, 37330, 37328, 37347, 37342, 37320, 29559, 29558, 29538, 29536, 29533, 29527, 29524, 29521, 29387, 29383, 29376, 29372, 29338, 29166, 29162, 29160, 29157, 29155, 29151, 27968, 27965, 27963, 27946, 27945, 27933, 27931, 27907, 27911, 27912, 27914, 28172, 28159, 28158, 28155, 28162, 28160, 28161, 26969, 26965]",0.1368164000014076,success,,299.87201872803894,424.0830758582306,80.29427748682704,26.551505533611557,45.746201979252234,37.300059924254654
chi_clow_to_ohare_0031,w_0031,grid_0_10,True,False,clow_to_ohare,Clow International Airport to O'Hare International Airport,Clow International Airport,O'Hare International Airport,41.695923717435235,-88.12876224517822,41.97807408541273,-87.90902412382081,ohare_2026-03-07_1s_15nm_bbox,0.0,0.3,0.0,0.7,98,"[13722, 13726, 13739, 13753, 13754, 13758, 13791, 13794, 13828, 13852, 13856, 13867, 13868, 13891, 13885, 13888, 13889, 16119, 16140, 16127, 16129, 16152, 16155, 16158, 16192, 16194, 16287, 16512, 16515, 16517, 16541, 16544, 16537, 16539, 16552, 16566, 16568, 16567, 16619, 16642, 16644, 16667, 16666, 16668, 16657, 16656, 16658, 25820, 25589, 25805, 25807, 25830, 25842, 25846, 25849, 25764, 25769, 25791, 25793, 25796, 18020, 25899, 18027, 18028, 18053, 18061, 18065, 18069, 18301, 18304, 18308, 18270, 18274, 18277, 18268, 18293, 18506, 18508, 18520, 26473, 26476, 26800, 26814, 26817, 26818, 26825, 26828, 26829, 26738, 26771, 26773, 26920, 26921, 26912, 26917, 26950, 26961, 26965]",0.1300723999956972,success,,64.86143571374234,91.72792206068154,47.864188612261856,64.36111237481815,24.085903962762146,31.21938935761206
chi_clow_to_ohare_0032,w_0032,grid_0_10,True,False,clow_to_ohare,Clow International Airport to O'Hare International Airport,Clow International Airport,O'Hare International Airport,41.695923717435235,-88.12876224517822,41.97807408541273,-87.90902412382081,ohare_2026-03-07_1s_15nm_bbox,0.0,0.3,0.1,0.6,86,"[13722, 13727, 13718, 13742, 13746, 22697, 22932, 22934, 22937, 22981, 22982, 22967, 22969, 25202, 25204, 25208, 25228, 25229, 25251, 25253, 25263, 25267, 25290, 25291, 25198, 25420, 25424, 25434, 25436, 25439, 25463, 25466, 25469, 25492, 25495, 25497, 25721, 25723, 25810, 25814, 25815, 25847, 25761, 25862, 25866, 25869, 25892, 25895, 18020, 25899, 18027, 18028, 18053, 18061, 18065, 18069, 18301, 18304, 18308, 18270, 18274, 18277, 18268, 18293, 18506, 18508, 18520, 26473, 26476, 26800, 26814, 26817, 26818, 26825, 26828, 26829, 26738, 26771, 26773, 26920, 26921, 26912, 26917, 26950, 26961, 26965]",0.1276958999951603,success,,57.618795026620866,81.48528137363546,47.28429389059825,50.18558493589761,24.890799377547083,34.13832628729749
chi_clow_to_ohare_0033,w_0033,grid_0_10,True,False,clow_to_ohare,Clow International Airport to O'Hare International Airport,Clow International Airport,O'Hare International Airport,41.695923717435235,-88.12876224517822,41.97807408541273,-87.90902412382081,ohare_2026-03-07_1s_15nm_bbox,0.0,0.3,0.2,0.5,86,"[13722, 13727, 13718, 13742, 13746, 22697, 22932, 22934, 22961, 22964, 22965, 22967, 22969, 25202, 25204, 25208, 25228, 25229, 25251, 25253, 25263, 25267, 25290, 25291, 25198, 25420, 25424, 25434, 25436, 25439, 25463, 25466, 25469, 25492, 25495, 25497, 25721, 25723, 25810, 25814, 25815, 25847, 25761, 25862, 25866, 25869, 25892, 25895, 18020, 25899, 18027, 18028, 18053, 18061, 18065, 18069, 18301, 18304, 18308, 18270, 18274, 18277, 18268, 18293, 18506, 18508, 18520, 26473, 26476, 26800, 26814, 26817, 26818, 26825, 26828, 26829, 26738, 26771, 26773, 26920, 26921, 26912, 26917, 26950, 26961, 26965]",0.12753800000064075,success,,58.033008588994505,82.07106781125877,47.28429389059825,50.05582458125673,24.930609470631204,36.66175781874642
chi_clow_to_ohare_0034,w_0034,grid_0_10,True,False,clow_to_ohare,Clow International Airport to O'Hare International Airport,Clow International Airport,O'Hare International Airport,41.695923717435235,-88.12876224517822,41.97807408541273,-87.90902412382081,ohare_2026-03-07_1s_15nm_bbox,0.0,0.3,0.3,0.4,86,"[13722, 13727, 13718, 13742, 13746, 22697, 22932, 22934, 22961, 22964, 22972, 22975, 25200, 22994, 22997, 25130, 25241, 25243, 25248, 25253, 25263, 25267, 25290, 25291, 25198, 25420, 25424, 25434, 25436, 25439, 25463, 25466, 25469, 25492, 25495, 25497, 25721, 25723, 25727, 25740, 25742, 25819, 25762, 25765, 25769, 25790, 25892, 25895, 18020, 25899, 18027, 18028, 18053, 18061, 18065, 18069, 18301, 18304, 18308, 18270, 18274, 18277, 18268, 18293, 18506, 18508, 18520, 26473, 26476, 26800, 26814, 26817, 26818, 26825, 26828, 26829, 26738, 26771, 26773, 26920, 26921, 26912, 26917, 26950, 26961, 26965]",0.1288328000009642,success,,57.61879502661878,81.48528137363252,47.941410690714626,49.00311992502989,25.14211404061887,39.140204800970906
chi_clow_to_ohare_0035,w_0035,grid_0_10,True,False,clow_to_ohare,Clow International Airport to O'Hare International Airport,Clow International Airport,O'Hare International Airport,41.695923717435235,-88.12876224517822,41.97807408541273,-87.90902412382081,ohare_2026-03-07_1s_15nm_bbox,0.0,0.3,0.4,0.3,85,"[13722, 13727, 13718, 13742, 13746, 22697, 22932, 22934, 22961, 22964, 22972, 22975, 25200, 22994, 22997, 25130, 25241, 25243, 25248, 25253, 25263, 25267, 25290, 25291, 25198, 25420, 25424, 25434, 25436, 25439, 25463, 25466, 25469, 25492, 25496, 25708, 25731, 25735, 25687, 25751, 25923, 25925, 25930, 25932, 25936, 25955, 25956, 25973, 25977, 18200, 26122, 26127, 26150, 26161, 26164, 26167, 26190, 26193, 26197, 26405, 26407, 26431, 26432, 26436, 26535, 26537, 26562, 26575, 26578, 26720, 26594, 26597, 26740, 26743, 26746, 26748, 26781, 26784, 26788, 26931, 26914, 26915, 26938, 26962, 26965]",0.13126139999803854,success,,55.66904755831002,78.72792206076824,44.06599147550818,47.37357040873298,29.708594106084103,41.081803837970874
chi_clow_to_ohare_0036,w_0036,grid_0_10,True,False,clow_to_ohare,Clow International Airport to O'Hare International Airport,Clow International Airport,O'Hare International Airport,41.695923717435235,-88.12876224517822,41.97807408541273,-87.90902412382081,ohare_2026-03-07_1s_15nm_bbox,0.0,0.3,0.5,0.2,85,"[13722, 13727, 13718, 13742, 13746, 22697, 22932, 22934, 22961, 22964, 22972, 22975, 25200, 22994, 22997, 25130, 25241, 25136, 25139, 25164, 25167, 25190, 25193, 25196, 25199, 25420, 25424, 25434, 25436, 25439, 25463, 25466, 25469, 25492, 25496, 25708, 25731, 25735, 25687, 25751, 25923, 25925, 25930, 25932, 25936, 25955, 25956, 25973, 25977, 18200, 26122, 26127, 26150, 26161, 26164, 26167, 26190, 26193, 26197, 26405, 26407, 26431, 26432, 26436, 26535, 26537, 26562, 26575, 26578, 26720, 26594, 26597, 26740, 26743, 26746, 26748, 26781, 26784, 26788, 26931, 26914, 26915, 26938, 26962, 26965]",0.13022239999554586,success,,55.25483399593452,78.14213562314228,45.228704727251205,46.636856870688604,29.72350649989667,42.831741153499
chi_clow_to_ohare_0037,w_0037,grid_0_10,True,False,clow_to_ohare,Clow International Airport to O'Hare International Airport,Clow International Airport,O'Hare International Airport,41.695923717435235,-88.12876224517822,41.97807408541273,-87.90902412382081,ohare_2026-03-07_1s_15nm_bbox,0.0,0.3,0.6,0.1,491,"[13722, 13720, 13730, 13486, 13488, 13646, 13644, 13629, 13626, 13613, 13609, 13605, 13288, 13289, 13396, 13395, 13392, 13501, 13366, 13367, 13356, 13355, 13354, 14427, 14429, 14428, 14415, 14414, 14416, 14437, 14436, 14433, 14339, 14189, 14184, 14181, 14159, 14157, 14087, 14085, 14084, 14064, 14060, 14049, 14056, 14041, 14040, 14016, 14002, 14000, 12787, 12773, 12774, 12772, 12667, 12666, 12661, 12729, 12727, 12723, 12499, 12498, 12483, 12482, 12457, 12466, 12463, 12460, 12427, 12443, 12299, 12298, 12413, 12410, 12269, 12174, 12173, 12171, 12153, 12150, 12134, 12131, 12106, 11114, 11111, 11110, 11101, 11100, 11102, 11121, 11120, 11122, 11002, 11000, 11001, 11010, 11012, 11011, 11020, 11021, 11221, 11220, 11222, 11212, 11210, 11211, 11202, 11200, 11201, 10101, 10102, 10103, 10127, 10151, 10154, 10137, 10133, 10119, 10027, 10025, 10004, 10006, 10031, 10044, 10019, 10017, 10214, 10217, 10219, 10209, 10230, 10231, 10241, 10244, 10242, 20043, 20045, 20047, 20037, 20035, 20033, 20029, 20026, 20107, 20104, 20103, 20125, 20124, 20123, 20114, 20113, 20115, 20227, 20240, 20242, 20235, 20236, 20270, 20257, 20255, 20253, 21036, 21035, 21015, 21010, 21011, 21001, 21000, 21002, 21021, 21022, 21020, 21202, 21201, 21200, 21211, 21212, 21210, 21110, 21112, 21111, 21120, 21121, 21101, 21103, 21105, 1003, 1005, 1004, 1015, 1013, 1017, 1050, 1051, 1052, 1074, 1076, 1079, 1226, 1222, 1221, 1207, 1209, 1139, 1138, 1135, 1105, 1101, 1100, 1111, 1112, 1110, 1122, 1120, 1124, 215, 213, 214, 201, 200, 202, 0, 3, 6, 37, 38, 67, 68, 69, 300, 303, 304, 165, 164, 166, 173, 139, 136, 152, 155, 156, 159, 401, 402, 405, 406, 409, 431, 433, 434, 437, 438, 480, 482, 484, 487, 488, 811, 812, 814, 816, 819, 861, 863, 864, 866, 868, 891, 893, 895, 897, 899, 3140, 3142, 3144, 3146, 3148, 3170, 3172, 3174, 3177, 3178, 3440, 3442, 3444, 3446, 3449, 3470, 3472, 3474, 3477, 3478, 3720, 3722, 3724, 3726, 3728, 3750, 3752, 3755, 3757, 3759, 6001, 6002, 6005, 6007, 6008, 6030, 6032, 6034, 6036, 6038, 6070, 6073, 6077, 6079, 6402, 6405, 6408, 6432, 6434, 6437, 6451, 6453, 6456, 6459, 6473, 6475, 6477, 6710, 6713, 6717, 6719, 6722, 6727, 6760, 6763, 6765, 6769, 9001, 9004, 9007, 9021, 9022, 9025, 9028, 9041, 9045, 9048, 9081, 9085, 9088, 9311, 9313, 9316, 9319, 9321, 9324, 9327, 9360, 9364, 9368, 9369, 9392, 9376, 9601, 9603, 9622, 9623, 9561, 9566, 9629, 9651, 9663, 9667, 9669, 9681, 9686, 9688, 9931, 9934, 9937, 9960, 9963, 9966, 9980, 9983, 9986, 9989, 37884, 37887, 37890, 37893, 37896, 37898, 37900, 37924, 37927, 37929, 38072, 38077, 38078, 38081, 38096, 38099, 38091, 38114, 38119, 38131, 38144, 38148, 38249, 38473, 38476, 38488, 38487, 38466, 38468, 38467, 38350, 38348, 38349, 38339, 38338, 38340, 38329, 38328, 38330, 37410, 37409, 37408, 37419, 37418, 37420, 37398, 37399, 37426, 37427, 37425, 37523, 37525, 37527, 37542, 37543, 37546, 37609, 37622, 37610, 37586, 37583, 37360, 37577, 37575, 37572, 29807, 29806, 29811, 29587, 29585, 29567, 29564, 29562, 29542, 29540, 29518, 29605, 29602, 29189, 29194, 29192, 29190, 29246, 29243, 29241, 27998, 27997, 29201, 27977, 27975, 27958, 27953, 27951, 28172, 28159, 28158, 28155, 28162, 28160, 28161, 26969, 26965]",0.1385124000007636,success,,287.62382672398627,406.7615166116783,78.12313136460837,27.854479310076393,38.64729639081288,44.01435663450964
chi_clow_to_ohare_0038,w_0038,grid_0_10,True,False,clow_to_ohare,Clow International Airport to O'Hare International Airport,Clow International Airport,O'Hare International Airport,41.695923717435235,-88.12876224517822,41.97807408541273,-87.90902412382081,ohare_2026-03-07_1s_15nm_bbox,0.0,0.3,0.7,0.0,495,"[13722, 13720, 13730, 13486, 13488, 13646, 13644, 13629, 13626, 13613, 13609, 13605, 13288, 13289, 13396, 13395, 13392, 13501, 13366, 13367, 13356, 13355, 13354, 14427, 14429, 14428, 14415, 14414, 14416, 14437, 14436, 14433, 14339, 14189, 14184, 14181, 14159, 14157, 14087, 14085, 14084, 14064, 14060, 14049, 14056, 14041, 14040, 14016, 14002, 14000, 12787, 12773, 12774, 12772, 12667, 12664, 12661, 12729, 12727, 12723, 12499, 12498, 12483, 12482, 12457, 12466, 12462, 12460, 12427, 12443, 12299, 12298, 12413, 12410, 12269, 12174, 12173, 12149, 12151, 12128, 12130, 12107, 12103, 11112, 11111, 11110, 11101, 11100, 11102, 11121, 11120, 11122, 11002, 11000, 11001, 11010, 11012, 11011, 11020, 11021, 11221, 11220, 11222, 11212, 11210, 11211, 11202, 11200, 11201, 10101, 10102, 10103, 10127, 10151, 10154, 10137, 10133, 10119, 10027, 10025, 10004, 10006, 10031, 10044, 10019, 10017, 10214, 10217, 10219, 10209, 10230, 10231, 10241, 10244, 10242, 20043, 20045, 20047, 20037, 20035, 20033, 20029, 20026, 20107, 20104, 20103, 20125, 20124, 20123, 20114, 20113, 20115, 20227, 20240, 20242, 20235, 20236, 20270, 20257, 20255, 20253, 21036, 21035, 21015, 21010, 21011, 21001, 21000, 21002, 21021, 21022, 21020, 21202, 21201, 21200, 21211, 21212, 21210, 21110, 21112, 21111, 21120, 21121, 21101, 21103, 21105, 1003, 1005, 1004, 1015, 1013, 1017, 1050, 1051, 1052, 1074, 1076, 1079, 1226, 1222, 1221, 1207, 1209, 1139, 1138, 1135, 1105, 1101, 1100, 1111, 1112, 1110, 1122, 1120, 1124, 215, 213, 214, 201, 200, 202, 0, 3, 6, 37, 38, 67, 68, 69, 300, 303, 304, 165, 164, 166, 173, 139, 136, 152, 155, 156, 159, 401, 402, 405, 406, 409, 431, 433, 434, 437, 438, 480, 482, 484, 487, 489, 811, 813, 814, 817, 818, 861, 863, 865, 867, 869, 891, 892, 895, 896, 899, 3140, 3143, 3144, 3147, 3149, 3170, 3173, 3174, 3177, 3178, 3440, 3442, 3444, 3446, 3449, 3471, 3472, 3474, 3476, 3479, 3720, 3722, 3724, 3726, 3728, 3750, 3752, 3755, 3757, 3759, 6001, 6002, 6005, 6007, 6008, 6030, 6032, 6034, 6036, 6038, 6070, 6073, 6077, 6079, 6402, 6405, 6408, 6431, 6433, 6460, 6439, 6454, 6456, 6459, 6473, 6475, 6478, 6711, 6498, 6716, 6752, 6723, 6756, 6728, 6759, 6781, 6767, 9000, 6787, 9006, 9012, 9023, 9017, 9051, 9042, 9056, 9047, 9082, 9084, 9086, 9310, 9314, 9317, 9319, 9322, 9326, 9338, 9362, 9354, 9357, 9390, 9375, 9376, 9379, 9604, 9605, 9608, 9633, 9635, 9637, 9661, 9663, 9658, 9900, 9694, 9696, 9698, 9921, 9838, 9927, 9872, 9874, 9875, 9877, 9892, 37773, 9898, 37783, 37780, 37822, 37803, 37826, 37809, 37830, 37836, 37854, 37855, 37858, 37860, 37861, 38184, 38107, 38109, 38123, 38125, 38127, 38131, 38144, 38148, 38249, 38473, 38476, 38488, 38487, 38466, 38468, 38467, 38350, 38348, 38349, 38339, 38338, 38340, 38329, 38328, 38330, 37410, 37409, 37408, 37419, 37418, 37420, 37398, 37399, 37426, 37427, 37425, 37509, 37522, 37524, 37519, 37521, 37545, 37571, 37569, 37566, 37352, 37330, 37328, 37350, 37348, 37345, 29803, 29802, 29586, 29583, 29539, 29563, 29560, 29527, 29524, 29521, 29387, 29383, 29376, 29372, 29338, 29166, 29162, 29160, 29157, 29155, 29151, 27968, 27965, 27963, 27946, 27945, 27933, 27931, 27907, 27911, 27912, 27914, 28172, 28159, 28158, 28155, 28162, 28160, 28161, 26969, 26965]",0.13750099999742815,success,,300.45780516566873,424.9115029829748,79.83342603059997,26.702847355982666,46.75705209217569,42.64202095836785
chi_clow_to_ohare_0039,w_0039,grid_0_10,True,False,clow_to_ohare,Clow International Airport to O'Hare International Airport,Clow International Airport,O'Hare International Airport,41.695923717435235,-88.12876224517822,41.97807408541273,-87.90902412382081,ohare_2026-03-07_1s_15nm_bbox,0.0,0.4,0.0,0.6,171,"[13722, 13726, 13739, 13753, 13754, 13758, 13791, 13794, 13828, 13852, 13856, 13867, 13868, 13891, 13885, 13888, 13889, 16119, 16140, 16127, 16129, 16152, 16155, 16158, 16192, 16194, 16287, 16512, 16515, 16517, 16425, 16426, 16435, 16439, 16452, 16455, 16459, 16481, 16495, 16497, 16830, 15804, 15806, 15808, 15834, 15836, 15838, 15861, 15854, 15866, 15869, 15894, 15885, 15888, 17111, 17115, 17119, 17160, 17144, 17147, 17170, 17192, 17196, 17410, 19401, 19406, 19407, 19429, 19451, 19453, 19455, 19456, 19459, 19700, 19701, 19704, 17718, 17741, 17745, 17728, 17770, 17775, 17755, 17780, 17782, 17786, 17787, 30013, 30014, 30017, 30060, 30064, 30067, 30090, 30092, 30095, 30098, 30303, 30323, 30327, 30351, 31197, 31199, 31419, 31442, 31445, 31434, 31436, 31435, 31455, 31454, 31457, 31290, 31294, 31298, 31601, 31606, 31605, 31555, 31556, 31557, 31548, 31547, 31590, 31592, 31594, 31809, 31820, 31821, 34046, 34035, 34030, 34037, 34014, 34013, 33915, 33914, 33946, 33933, 33932, 33931, 33921, 33918, 33902, 33900, 33899, 33859, 33857, 33858, 33815, 33811, 33808, 33816, 28376, 28372, 28359, 28356, 28354, 28335, 28331, 28330, 28252, 28228, 28227, 28213, 28212, 26998, 26995, 26992, 26968, 26965]",0.12636510000447743,success,,111.09545442950301,157.11269837103458,39.2902400770692,107.23391696536542,28.275499125102733,32.68139550588932
chi_clow_to_ohare_0040,w_0040,grid_0_10,True,False,clow_to_ohare,Clow International Airport to O'Hare International Airport,Clow International Airport,O'Hare International Airport,41.695923717435235,-88.12876224517822,41.97807408541273,-87.90902412382081,ohare_2026-03-07_1s_15nm_bbox,0.0,0.4,0.1,0.5,86,"[13722, 13727, 13718, 13742, 13746, 22697, 22932, 22934, 22937, 22981, 22982, 22967, 22969, 25202, 25204, 25208, 25228, 25229, 25251, 25253, 25263, 25267, 25290, 25291, 25198, 25420, 25424, 25434, 25436, 25439, 25463, 25466, 25469, 25492, 25495, 25497, 25721, 25723, 25810, 25814, 25815, 25847, 25761, 25862, 25866, 25869, 25892, 25895, 18020, 25899, 18027, 18028, 18053, 18061, 18065, 18069, 18301, 18304, 18308, 18270, 18274, 18277, 18268, 18293, 18506, 18508, 18520, 26473, 26476, 26800, 26814, 26817, 26818, 26825, 26828, 26829, 26738, 26771, 26773, 26920, 26921, 26912, 26917, 26950, 26961, 26965]",0.12513599999510916,success,,57.618795026620866,81.48528137363546,47.28429389059825,50.18558493589761,24.890799377547083,36.377675738602605
chi_clow_to_ohare_0041,w_0041,grid_0_10,True,False,clow_to_ohare,Clow International Airport to O'Hare International Airport,Clow International Airport,O'Hare International Airport,41.695923717435235,-88.12876224517822,41.97807408541273,-87.90902412382081,ohare_2026-03-07_1s_15nm_bbox,0.0,0.4,0.2,0.4,88,"[13722, 13727, 13718, 13742, 13746, 22697, 22932, 22934, 22961, 22964, 22972, 22968, 22969, 25202, 25204, 25208, 25228, 25229, 25251, 25253, 25263, 25267, 25290, 25291, 25198, 25420, 25424, 25434, 25436, 25460, 25462, 25476, 25479, 25702, 25704, 25707, 25732, 25684, 25686, 25688, 25900, 25901, 25699, 25913, 25916, 24848, 24863, 24865, 24879, 26102, 26105, 26110, 26115, 26117, 26076, 26210, 26211, 26234, 26238, 26260, 26248, 26249, 26512, 26514, 26516, 26518, 26550, 26544, 26554, 26556, 26573, 26578, 26720, 26594, 26597, 26740, 26743, 26746, 26748, 26781, 26784, 26788, 26931, 26914, 26915, 26938, 26962, 26965]",0.13020180000603432,success,,56.5477272147591,79.97056274789063,40.30989011778448,51.17390397364516,31.279657445373516,38.87059981999223
chi_clow_to_ohare_0042,w_0042,grid_0_10,True,False,clow_to_ohare,Clow International Airport to O'Hare International Airport,Clow International Airport,O'Hare International Airport,41.695923717435235,-88.12876224517822,41.97807408541273,-87.90902412382081,ohare_2026-03-07_1s_15nm_bbox,0.0,0.4,0.3,0.3,85,"[13722, 13727, 13718, 13742, 13746, 22697, 22932, 22934, 22961, 22964, 22972, 22975, 25200, 22994, 22997, 25130, 25241, 25243, 25248, 25253, 25263, 25267, 25290, 25291, 25198, 25420, 25424, 25434, 25436, 25439, 25463, 25466, 25469, 25492, 25496, 25708, 25731, 25735, 25687, 25751, 25923, 25925, 25930, 25932, 25936, 25955, 25956, 25973, 25977, 18200, 26122, 26127, 26150, 26161, 26164, 26167, 26190, 26194, 26401, 26405, 26407, 26431, 26432, 26436, 26535, 26537, 26562, 26575, 26578, 26720, 26594, 26597, 26740, 26743, 26746, 26748, 26781, 26784, 26788, 26931, 26914, 26915, 26938, 26962, 26965]",0.12842680000176188,success,,55.25483399593692,78.1421356231457,43.91000565837392,47.52532874080991,29.708594106084103,40.734179117417774
chi_clow_to_ohare_0043,w_0043,grid_0_10,True,False,clow_to_ohare,Clow International Airport to O'Hare International Airport,Clow International Airport,O'Hare International Airport,41.695923717435235,-88.12876224517822,41.97807408541273,-87.90902412382081,ohare_2026-03-07_1s_15nm_bbox,0.0,0.4,0.4,0.2,85,"[13722, 13727, 13718, 13742, 13746, 22697, 22932, 22934, 22961, 22964, 22972, 22975, 25200, 22994, 22997, 25130, 25241, 25243, 25248, 25253, 25263, 25267, 25290, 25291, 25198, 25420, 25424, 25434, 25436, 25439, 25463, 25466, 25469, 25492, 25496, 25708, 25731, 25735, 25687, 25751, 25923, 25925, 25930, 25932, 25936, 25955, 25956, 25973, 25977, 18200, 26122, 26127, 26150, 26161, 26164, 26167, 26190, 26194, 26401, 26405, 26407, 26431, 26432, 26436, 26535, 26537, 26562, 26575, 26578, 26720, 26594, 26597, 26740, 26743, 26746, 26748, 26781, 26784, 26788, 26931, 26914, 26915, 26938, 26962, 26965]",0.12995999999839114,success,,55.25483399593692,78.1421356231457,43.91000565837392,47.52532874080991,29.708594106084103,42.51585258089035
chi_clow_to_ohare_0044,w_0044,grid_0_10,True,False,clow_to_ohare,Clow International Airport to O'Hare International Airport,Clow International Airport,O'Hare International Airport,41.695923717435235,-88.12876224517822,41.97807408541273,-87.90902412382081,ohare_2026-03-07_1s_15nm_bbox,0.0,0.4,0.5,0.1,85,"[13722, 13727, 13718, 13742, 13746, 22697, 22932, 22934, 22961, 22964, 22972, 22975, 25200, 22994, 22997, 25130, 25241, 25243, 25248, 25253, 25263, 25267, 25290, 25291, 25198, 25420, 25424, 25434, 25436, 25439, 25463, 25466, 25469, 25492, 25496, 25708, 25731, 25735, 25687, 25751, 25923, 25925, 25930, 25932, 25936, 25955, 25956, 25973, 25977, 18200, 26122, 26127, 26150, 26161, 26164, 26167, 26190, 26193, 26197, 26405, 26407, 26431, 26432, 26436, 26535, 26537, 26562, 26575, 26578, 26720, 26594, 26597, 26740, 26743, 26746, 26748, 26781, 26784, 26788, 26931, 26914, 26915, 26938, 26962, 26965]",0.13100599999597762,success,,55.66904755831002,78.72792206076824,44.06599147550818,47.37357040873298,29.708594106084103,44.28404120517817
chi_clow_to_ohare_0045,w_0045,grid_0_10,True,False,clow_to_ohare,Clow International Airport to O'Hare International Airport,Clow International Airport,O'Hare International Airport,41.695923717435235,-88.12876224517822,41.97807408541273,-87.90902412382081,ohare_2026-03-07_1s_15nm_bbox,0.0,0.4,0.6,0.0,91,"[13722, 13727, 13718, 13742, 13746, 22697, 22932, 22934, 22961, 22964, 22972, 22975, 25200, 22994, 22997, 25130, 25241, 25243, 25248, 25253, 25263, 25267, 25290, 25291, 25198, 25420, 25424, 25434, 25436, 25439, 25463, 25466, 25469, 25492, 25496, 25708, 25707, 25732, 25684, 25686, 25688, 25902, 25905, 25915, 25919, 25941, 24864, 24868, 24892, 26104, 26106, 26109, 26116, 26140, 26142, 26146, 26214, 26217, 26252, 26265, 26266, 26269, 26513, 26516, 26518, 26550, 26551, 26553, 26580, 26583, 26588, 26710, 26664, 26666, 26668, 26681, 26684, 26689, 28102, 28105, 28106, 28120, 28123, 28117, 28119, 28143, 28146, 28148, 28161, 26969, 26965]",0.13274330000422196,success,,59.91168824543752,84.72792206073514,42.79558209838072,47.798373922128505,35.395093327305815,45.79725719262939
chi_clow_to_ohare_0046,w_0046,grid_0_10,True,False,clow_to_ohare,Clow International Airport to O'Hare International Airport,Clow International Airport,O'Hare International Airport,41.695923717435235,-88.12876224517822,41.97807408541273,-87.90902412382081,ohare_2026-03-07_1s_15nm_bbox,0.0,0.5,0.0,0.5,171,"[13722, 13726, 13739, 13753, 13754, 13758, 13791, 13794, 13828, 13852, 13856, 13867, 13868, 13891, 13885, 13888, 13889, 16119, 16140, 16127, 16129, 16152, 16155, 16158, 16192, 16194, 16287, 16512, 16515, 16517, 16425, 16426, 16435, 16439, 16452, 16455, 16459, 16481, 16495, 16497, 16830, 15804, 15806, 15808, 15834, 15836, 15838, 15861, 15854, 15866, 15869, 15894, 15885, 15888, 17111, 17115, 17119, 17160, 17144, 17147, 17170, 17192, 17196, 17410, 19401, 19406, 19407, 19429, 19451, 19453, 19455, 19456, 19459, 19700, 19701, 19704, 17718, 17741, 17745, 17728, 17770, 17775, 17755, 17780, 17782, 17786, 17787, 30013, 30014, 30017, 30060, 30064, 30067, 30090, 30092, 30095, 30098, 30303, 30323, 30327, 30351, 31197, 31199, 31419, 31442, 31445, 31434, 31436, 31435, 31455, 31454, 31457, 31290, 31294, 31298, 31601, 31606, 31605, 31555, 31556, 31557, 31548, 31547, 31590, 31592, 31594, 31809, 31820, 31821, 34046, 34035, 34030, 34037, 34014, 34013, 33915, 33914, 33946, 33933, 33932, 33931, 33921, 33918, 33902, 33900, 33899, 33859, 33857, 33858, 33815, 33811, 33808, 33816, 28376, 28372, 28359, 28356, 28354, 28335, 28331, 28330, 28252, 28228, 28227, 28213, 28212, 26998, 26995, 26992, 26968, 26965]",0.12635489999956917,success,,111.09545442950301,157.11269837103458,39.2902400770692,107.23391696536542,28.275499125102733,33.78286960108596
chi_clow_to_ohare_0047,w_0047,grid_0_10,True,False,clow_to_ohare,Clow International Airport to O'Hare International Airport,Clow International Airport,O'Hare International Airport,41.695923717435235,-88.12876224517822,41.97807408541273,-87.90902412382081,ohare_2026-03-07_1s_15nm_bbox,0.0,0.5,0.1,0.4,88,"[13722, 13727, 13718, 13742, 13746, 22697, 22932, 22934, 22937, 22963, 22982, 22967, 22969, 25202, 25204, 25208, 25228, 25229, 25251, 25253, 25263, 25267, 25290, 25291, 25198, 25420, 25424, 25434, 25436, 25460, 25462, 25476, 25479, 25702, 25704, 25707, 25732, 25684, 25686, 25688, 25900, 25901, 25699, 25913, 25916, 24848, 24863, 24865, 24879, 26102, 26105, 26110, 26115, 26117, 26076, 26210, 26211, 26234, 26238, 26260, 26248, 26249, 26512, 26514, 26516, 26518, 26550, 26544, 26554, 26556, 26573, 26578, 26720, 26594, 26597, 26750, 26753, 26755, 26688, 28100, 26793, 26798, 26931, 26914, 26915, 26938, 26962, 26965]",0.12455449999833945,success,,57.790367901877346,81.72792206075675,39.66573055983431,53.29808968571383,31.229820837686677,37.65460258356321
chi_clow_to_ohare_0048,w_0048,grid_0_10,True,False,clow_to_ohare,Clow International Airport to O'Hare International Airport,Clow International Airport,O'Hare International Airport,41.695923717435235,-88.12876224517822,41.97807408541273,-87.90902412382081,ohare_2026-03-07_1s_15nm_bbox,0.0,0.5,0.2,0.3,88,"[13722, 13727, 13718, 13742, 13746, 22697, 22932, 22934, 22961, 22964, 22972, 22968, 22969, 25202, 25204, 25208, 25228, 25229, 25251, 25253, 25263, 25267, 25290, 25291, 25198, 25420, 25424, 25434, 25436, 25460, 25462, 25476, 25479, 25702, 25704, 25707, 25732, 25684, 25686, 25688, 25900, 25901, 25699, 25913, 25916, 24848, 24863, 24865, 24879, 26102, 26105, 26110, 26115, 26117, 26076, 26210, 26211, 26234, 26238, 26260, 26248, 26249, 26512, 26514, 26516, 26518, 26550, 26544, 26554, 26556, 26573, 26578, 26720, 26594, 26597, 26740, 26743, 26746, 26748, 26781, 26795, 26798, 26931, 26914, 26915, 26938, 26962, 26965]",0.12496019999525743,success,,56.961940777132746,80.55634918551394,40.09517026513442,51.65561576572359,31.293869390037376,39.76686910272314
chi_clow_to_ohare_0049,w_0049,grid_0_10,True,False,clow_to_ohare,Clow International Airport to O'Hare International Airport,Clow International Airport,O'Hare International Airport,41.695923717435235,-88.12876224517822,41.97807408541273,-87.90902412382081,ohare_2026-03-07_1s_15nm_bbox,0.0,0.5,0.3,0.2,88,"[13722, 13727, 13718, 13742, 13746, 22697, 22932, 22934, 22961, 22964, 22972, 22975, 25200, 22994, 22997, 25130, 25241, 25243, 25248, 25253, 25263, 25267, 25290, 25291, 25198, 25420, 25424, 25434, 25436, 25460, 25462, 25476, 25479, 25702, 25704, 25707, 25732, 25684, 25686, 25688, 25900, 25901, 25699, 25913, 25916, 24848, 24863, 24865, 24879, 26102, 26105, 26110, 26115, 26117, 26076, 26210, 26211, 26234, 26238, 26260, 26248, 26249, 26512, 26514, 26516, 26518, 26550, 26544, 26554, 26556, 26573, 26578, 26720, 26594, 26597, 26740, 26743, 26746, 26748, 26781, 26784, 26788, 26931, 26914, 26915, 26938, 26962, 26965]",0.1260519999996177,success,,56.547727214753834,79.97056274788318,40.30989011778448,50.92861298277095,31.45315349169165,41.72415965206186
chi_clow_to_ohare_0050,w_0050,grid_0_10,True,False,clow_to_ohare,Clow International Airport to O'Hare International Airport,Clow International Airport,O'Hare International Airport,41.695923717435235,-88.12876224517822,41.97807408541273,-87.90902412382081,ohare_2026-03-07_1s_15nm_bbox,0.0,0.5,0.4,0.1,89,"[13722, 13727, 13718, 13742, 13746, 22697, 22932, 22934, 22961, 22964, 22972, 22975, 25200, 22994, 22997, 25130, 25241, 25243, 25248, 25253, 25263, 25267, 25290, 25291, 25198, 25420, 25424, 25434, 25436, 25460, 25462, 25476, 25479, 25702, 25704, 25707, 25732, 25684, 25686, 25688, 25900, 25679, 25698, 25911, 25914, 24845, 24860, 24862, 24875, 24877, 26100, 24887, 26112, 26114, 26117, 26076, 26210, 26211, 26234, 26238, 26260, 26248, 26249, 26512, 26514, 26516, 26518, 26550, 26544, 26554, 26556, 26573, 26578, 26720, 26594, 26597, 26740, 26743, 26746, 26748, 26781, 26784, 26788, 26931, 26914, 26915, 26938, 26962, 26965]",0.12601809999614488,success,,57.25483399594037,80.97056274787572,40.232641161348255,50.76427948562965,31.915563753771703,43.61358875030316
chi_clow_to_ohare_0051,w_0051,grid_0_10,True,False,clow_to_ohare,Clow International Airport to O'Hare International Airport,Clow International Airport,O'Hare International Airport,41.695923717435235,-88.12876224517822,41.97807408541273,-87.90902412382081,ohare_2026-03-07_1s_15nm_bbox,0.0,0.5,0.5,0.0,93,"[13722, 13727, 13718, 13742, 13746, 22697, 22932, 22934, 22961, 22964, 22972, 22975, 25200, 22994, 22997, 25130, 25241, 25243, 25248, 25253, 25263, 25267, 25290, 25291, 25198, 25420, 25424, 25434, 25436, 25460, 25462, 25476, 25479, 25702, 25704, 25707, 25732, 25684, 25686, 25688, 25900, 25679, 25698, 25911, 25914, 24845, 24860, 24862, 24875, 24877, 26100, 24887, 26112, 26114, 26117, 26076, 26210, 26211, 26234, 26238, 26260, 26248, 26249, 26512, 26514, 26516, 26518, 26550, 26551, 26553, 26580, 26583, 26588, 26710, 26664, 26666, 26668, 26681, 26684, 26689, 28102, 28105, 28106, 28120, 28123, 28117, 28119, 28143, 28146, 28148, 28161, 26969, 26965]",0.12590859999909298,success,,60.49747468306497,85.55634918547595,40.484813269866514,49.74744079960935,35.89555656141346,45.11612703473793
chi_clow_to_ohare_0052,w_0052,grid_0_10,True,False,clow_to_ohare,Clow International Airport to O'Hare International Airport,Clow International Airport,O'Hare International Airport,41.695923717435235,-88.12876224517822,41.97807408541273,-87.90902412382081,ohare_2026-03-07_1s_15nm_bbox,0.0,0.6,0.0,0.4,171,"[13722, 13726, 13739, 13753, 13754, 13758, 13791, 13794, 13828, 13852, 13856, 13867, 13868, 13891, 13885, 13888, 13889, 16119, 16140, 16127, 16129, 16152, 16155, 16158, 16192, 16194, 16287, 16512, 16515, 16517, 16425, 16426, 16435, 16439, 16452, 16455, 16459, 16481, 16495, 16497, 16830, 15804, 15806, 15808, 15834, 15836, 15838, 15861, 15854, 15866, 15869, 15894, 15885, 15888, 17111, 17115, 17119, 17160, 17144, 17147, 17170, 17192, 17196, 17410, 19401, 19406, 19407, 19429, 19451, 19453, 19455, 19456, 19459, 19700, 19701, 19704, 17718, 17741, 17745, 17728, 17770, 17775, 17755, 17780, 17782, 17786, 17787, 30013, 30014, 30017, 30060, 30064, 30067, 30090, 30092, 30095, 30098, 30303, 30323, 30327, 30351, 31197, 31199, 31419, 31442, 31445, 31434, 31436, 31435, 31455, 31454, 31457, 31290, 31294, 31298, 31601, 31606, 31605, 31555, 31556, 31557, 31548, 31547, 31590, 31592, 31594, 31809, 31820, 31821, 34046, 34035, 34030, 34037, 34014, 34013, 33915, 33914, 33946, 33933, 33932, 33931, 33921, 33918, 33902, 33900, 33899, 33859, 33857, 33858, 33815, 33811, 33808, 33816, 28376, 28372, 28359, 28356, 28354, 28335, 28331, 28330, 28252, 28228, 28227, 28213, 28212, 26998, 26995, 26992, 26968, 26965]",0.12291559999721358,success,,111.09545442950301,157.11269837103458,39.2902400770692,107.23391696536542,28.275499125102733,34.88434369628261
chi_clow_to_ohare_0053,w_0053,grid_0_10,True,False,clow_to_ohare,Clow International Airport to O'Hare International Airport,Clow International Airport,O'Hare International Airport,41.695923717435235,-88.12876224517822,41.97807408541273,-87.90902412382081,ohare_2026-03-07_1s_15nm_bbox,0.0,0.6,0.1,0.3,88,"[13722, 13727, 13718, 13742, 13746, 22697, 22932, 22934, 22937, 22963, 22982, 22967, 22969, 25202, 25204, 25208, 25228, 25229, 25251, 25253, 25263, 25267, 25290, 25291, 25198, 25420, 25424, 25434, 25436, 25460, 25462, 25476, 25479, 25702, 25704, 25707, 25732, 25684, 25686, 25688, 25900, 25901, 25699, 25913, 25916, 24848, 24863, 24865, 24879, 26102, 26105, 26110, 26115, 26117, 26076, 26210, 26211, 26234, 26238, 26260, 26248, 26249, 26512, 26514, 26516, 26518, 26550, 26544, 26554, 26556, 26573, 26578, 26720, 26594, 26597, 26750, 26753, 26755, 26688, 28100, 26793, 26798, 26931, 26914, 26915, 26938, 26962, 26965]",0.1219409999976051,success,,57.790367901877346,81.72792206075675,39.66573055983431,53.29808968571383,31.229820837686677,38.49819355577797
chi_clow_to_ohare_0054,w_0054,grid_0_10,True,False,clow_to_ohare,Clow International Airport to O'Hare International Airport,Clow International Airport,O'Hare International Airport,41.695923717435235,-88.12876224517822,41.97807408541273,-87.90902412382081,ohare_2026-03-07_1s_15nm_bbox,0.0,0.6,0.2,0.2,88,"[13722, 13727, 13718, 13742, 13746, 22697, 22932, 22934, 22961, 22964, 22972, 22975, 25200, 22994, 22997, 25130, 25241, 25243, 25248, 25253, 25263, 25267, 25290, 25291, 25198, 25420, 25424, 25434, 25436, 25460, 25462, 25476, 25479, 25702, 25704, 25707, 25732, 25684, 25686, 25688, 25900, 25901, 25699, 25913, 25916, 24848, 24863, 24865, 24879, 26102, 26105, 26110, 26115, 26117, 26076, 26210, 26211, 26234, 26238, 26260, 26248, 26249, 26512, 26514, 26516, 26518, 26550, 26544, 26554, 26556, 26573, 26578, 26720, 26594, 26597, 26740, 26743, 26746, 26748, 26792, 26794, 26798, 26931, 26914, 26915, 26938, 26962, 26965]",0.12030950000189478,success,,56.961940777126934,80.55634918550572,39.880450412484365,52.01256261536477,31.471058820565602,40.624994534676695
chi_clow_to_ohare_0055,w_0055,grid_0_10,True,False,clow_to_ohare,Clow International Airport to O'Hare International Airport,Clow International Airport,O'Hare International Airport,41.695923717435235,-88.12876224517822,41.97807408541273,-87.90902412382081,ohare_2026-03-07_1s_15nm_bbox,0.0,0.6,0.3,0.1,89,"[13722, 13727, 13718, 13742, 13746, 22697, 22932, 22934, 22961, 22964, 22972, 22975, 25200, 22994, 22997, 25130, 25241, 25243, 25248, 25253, 25263, 25267, 25290, 25291, 25198, 25420, 25424, 25434, 25436, 25460, 25462, 25476, 25479, 25702, 25704, 25707, 25732, 25684, 25686, 25688, 25900, 25679, 25698, 25911, 25914, 24845, 24860, 24862, 24875, 24877, 26100, 24887, 26112, 26114, 26117, 26076, 26210, 26211, 26234, 26238, 26260, 26248, 26249, 26512, 26514, 26516, 26518, 26550, 26544, 26554, 26556, 26573, 26578, 26720, 26594, 26597, 26740, 26743, 26746, 26748, 26781, 26784, 26788, 26931, 26914, 26915, 26938, 26962, 26965]",0.1206129000056535,success,,57.25483399594037,80.97056274787572,40.232641161348255,50.76427948562965,31.915563753771703,42.56042491787502
chi_clow_to_ohare_0056,w_0056,grid_0_10,True,False,clow_to_ohare,Clow International Airport to O'Hare International Airport,Clow International Airport,O'Hare International Airport,41.695923717435235,-88.12876224517822,41.97807408541273,-87.90902412382081,ohare_2026-03-07_1s_15nm_bbox,0.0,0.6,0.4,0.0,93,"[13722, 13727, 13718, 13742, 13746, 22697, 22932, 22934, 22961, 22964, 22972, 22975, 25200, 22994, 22997, 25130, 25241, 25243, 25248, 25253, 25263, 25267, 25290, 25291, 25198, 25420, 25424, 25434, 25436, 25460, 25462, 25476, 25479, 25702, 25704, 25707, 25732, 25684, 25686, 25688, 25900, 25679, 25698, 25911, 25914, 24845, 24860, 24862, 24875, 24877, 26100, 24887, 26112, 26114, 26117, 26076, 26210, 26211, 26234, 26238, 26260, 26248, 26249, 26512, 26514, 26516, 26518, 26550, 26544, 26554, 26556, 26557, 26586, 26711, 26712, 26667, 26669, 26681, 26684, 26689, 28102, 28105, 28106, 28120, 28123, 28117, 28119, 28143, 28146, 28148, 28161, 26969, 26965]",0.1166462000037427,success,,60.91168824543781,86.14213562309813,40.22923088583406,50.02036184112776,35.89556405235575,44.14568326795154
chi_clow_to_ohare_0057,w_0057,grid_0_10,True,False,clow_to_ohare,Clow International Airport to O'Hare International Airport,Clow International Airport,O'Hare International Airport,41.695923717435235,-88.12876224517822,41.97807408541273,-87.90902412382081,ohare_2026-03-07_1s_15nm_bbox,0.0,0.7,0.0,0.3,172,"[13722, 13726, 13739, 13753, 13754, 13758, 13791, 13794, 13828, 13852, 13856, 13867, 13868, 13891, 13885, 13888, 13889, 16119, 16140, 16127, 16129, 16152, 16155, 16158, 16192, 16194, 16287, 16512, 16515, 16517, 16425, 16426, 16435, 16439, 16452, 16455, 16459, 16481, 16495, 16497, 16830, 15804, 15806, 15808, 15834, 15836, 15838, 15861, 15854, 15866, 15869, 15894, 15885, 15888, 17111, 17115, 17119, 17160, 17144, 17147, 17170, 17192, 17196, 17410, 19401, 19406, 19407, 19429, 19451, 19453, 19455, 19456, 19459, 19700, 19701, 19704, 17718, 17741, 17745, 17728, 17770, 17775, 17755, 17780, 17782, 17786, 17787, 30013, 30014, 30017, 30060, 30064, 30067, 30090, 30092, 30095, 30098, 30303, 30323, 30327, 30351, 31197, 31199, 31419, 31442, 31445, 31434, 31436, 31435, 31455, 31454, 31457, 31290, 31294, 31298, 31601, 31606, 31605, 31555, 31556, 31557, 31548, 31547, 31590, 31592, 31594, 31809, 31820, 31821, 34046, 34035, 34030, 34037, 34014, 34013, 33915, 33914, 33946, 33933, 33932, 33931, 33921, 33918, 33902, 33900, 33899, 33859, 33857, 33858, 33815, 33813, 33810, 33817, 28378, 28377, 28383, 28381, 28357, 28339, 28334, 28333, 28256, 28253, 28250, 28215, 28214, 28230, 26996, 26994, 26992, 26968, 26965]",0.1251267999978154,success,,111.38834764831437,157.52691193340164,38.90397258656817,107.57420409392131,29.040462082209807,35.94491943526066
chi_clow_to_ohare_0058,w_0058,grid_0_10,True,False,clow_to_ohare,Clow International Airport to O'Hare International Airport,Clow International Airport,O'Hare International Airport,41.695923717435235,-88.12876224517822,41.97807408541273,-87.90902412382081,ohare_2026-03-07_1s_15nm_bbox,0.0,0.7,0.1,0.2,97,"[13722, 13727, 13718, 13742, 13746, 22697, 22932, 22934, 22961, 22964, 22972, 22968, 22969, 25202, 25204, 25208, 25228, 25229, 25251, 25253, 25263, 25267, 25290, 25291, 25198, 25420, 25424, 25434, 25436, 25460, 25462, 25476, 25479, 25702, 25704, 25707, 25732, 25684, 25686, 25688, 25900, 25679, 25698, 25695, 25693, 24816, 24840, 24843, 24835, 24834, 24832, 24826, 24828, 24850, 24778, 26022, 26026, 26007, 26041, 26044, 26048, 26201, 26204, 26096, 26098, 26221, 26241, 26227, 26271, 26274, 26278, 26280, 26514, 26516, 26518, 26550, 26544, 26554, 26556, 26573, 26578, 26720, 26594, 26597, 26750, 26753, 26755, 26688, 28100, 26793, 26798, 26931, 26914, 26915, 26938, 26962, 26965]",0.12188009999954375,success,,63.32590180781201,89.55634918544732,37.95837665278968,56.95292254691726,34.781004377896345,39.222356787223774
chi_clow_to_ohare_0059,w_0059,grid_0_10,True,False,clow_to_ohare,Clow International Airport to O'Hare International Airport,Clow International Airport,O'Hare International Airport,41.695923717435235,-88.12876224517822,41.97807408541273,-87.90902412382081,ohare_2026-03-07_1s_15nm_bbox,0.0,0.7,0.2,0.1,97,"[13722, 13727, 13718, 13742, 13746, 22697, 22932, 22934, 22961, 22964, 22972, 22975, 25200, 22994, 22997, 25130, 25241, 25243, 25248, 25253, 25263, 25267, 25290, 25291, 25198, 25420, 25424, 25434, 25436, 25460, 25462, 25476, 25479, 25702, 25704, 25707, 25732, 25684, 25686, 25688, 25900, 25679, 25698, 25695, 25697, 24816, 24840, 24843, 24835, 24834, 24832, 24826, 24828, 24850, 24778, 26022, 26026, 26007, 26041, 26044, 26048, 26201, 26204, 26096, 26098, 26221, 26241, 26227, 26271, 26274, 26278, 26280, 26514, 26516, 26518, 26550, 26544, 26554, 26556, 26573, 26578, 26720, 26594, 26597, 26740, 26743, 26746, 26748, 26792, 26794, 26798, 26931, 26914, 26915, 26938, 26962, 26965]",0.11961619999783579,success,,62.49747468306048,88.38477631019471,38.17309650543974,55.84315509648476,34.954297030133446,41.38522827611811
chi_clow_to_ohare_0060,w_0060,grid_0_10,True,False,clow_to_ohare,Clow International Airport to O'Hare International Airport,Clow International Airport,O'Hare International Airport,41.695923717435235,-88.12876224517822,41.97807408541273,-87.90902412382081,ohare_2026-03-07_1s_15nm_bbox,0.0,0.7,0.3,0.0,93,"[13722, 13727, 13718, 13742, 13746, 22697, 22932, 22934, 22961, 22964, 22972, 22975, 25200, 22994, 22997, 25130, 25241, 25243, 25248, 25253, 25263, 25267, 25290, 25291, 25198, 25420, 25424, 25434, 25436, 25460, 25462, 25476, 25479, 25702, 25704, 25707, 25732, 25684, 25686, 25688, 25900, 25679, 25698, 25911, 25914, 24845, 24860, 24862, 24875, 24877, 26100, 24887, 26112, 26114, 26117, 26076, 26210, 26211, 26234, 26238, 26260, 26248, 26249, 26512, 26514, 26516, 26518, 26550, 26544, 26554, 26556, 26557, 26586, 26711, 26712, 26667, 26669, 26681, 26684, 26689, 28102, 28105, 28106, 28120, 28123, 28117, 28119, 28143, 28146, 28148, 28161, 26969, 26965]",0.11739250000391621,success,,60.91168824543781,86.14213562309813,40.22923088583406,50.02036184112776,35.89556405235575,43.16657017242217
chi_clow_to_ohare_0061,w_0061,grid_0_10,True,False,clow_to_ohare,Clow International Airport to O'Hare International Airport,Clow International Airport,O'Hare International Airport,41.695923717435235,-88.12876224517822,41.97807408541273,-87.90902412382081,ohare_2026-03-07_1s_15nm_bbox,0.0,0.8,0.0,0.2,174,"[13722, 13726, 13739, 13753, 13754, 13758, 13791, 13794, 13828, 13852, 13856, 13867, 13868, 13891, 13885, 13888, 13889, 16119, 16140, 16127, 16129, 16152, 16155, 16158, 16192, 16194, 16287, 16512, 16515, 16517, 16425, 16426, 16435, 16439, 16452, 16455, 16459, 16481, 16495, 16497, 16830, 15804, 15806, 15808, 15834, 15836, 15838, 15861, 15854, 15866, 15869, 15894, 15885, 15888, 17111, 17115, 17119, 17160, 17144, 17147, 17170, 17192, 17196, 17410, 19401, 19406, 19407, 19429, 19451, 19453, 19455, 19456, 19459, 19700, 19701, 19704, 17718, 17741, 17745, 17728, 17770, 17775, 17755, 17780, 17782, 17786, 17787, 30013, 30014, 30017, 30060, 30064, 30067, 30090, 30092, 30095, 30098, 30303, 30323, 30327, 30351, 31197, 31199, 31419, 31442, 31445, 31434, 31436, 31435, 31455, 31454, 31457, 31290, 31294, 31298, 31601, 31606, 31605, 31555, 31556, 31557, 31548, 31547, 31590, 31592, 31594, 31809, 31820, 31821, 34046, 34035, 34030, 34037, 34014, 34013, 33915, 33914, 33946, 33933, 33932, 33931, 33921, 33918, 33902, 33900, 33899, 33859, 33857, 33858, 33815, 33813, 33810, 33817, 33819, 28379, 28389, 28385, 28384, 28363, 28362, 28337, 28336, 28259, 28255, 28251, 28217, 28216, 28233, 26999, 26997, 26994, 26992, 26968, 26965]",0.12246220000088215,success,,111.97413408594139,158.3553390581418,38.34803440897261,109.46621710650713,30.542304838969144,36.78688849497192
chi_clow_to_ohare_0062,w_0062,grid_0_10,True,False,clow_to_ohare,Clow International Airport to O'Hare International Airport,Clow International Airport,O'Hare International Airport,41.695923717435235,-88.12876224517822,41.97807408541273,-87.90902412382081,ohare_2026-03-07_1s_15nm_bbox,0.0,0.8,0.1,0.1,97,"[13722, 13727, 13718, 13742, 13746, 22697, 22932, 22934, 22961, 22964, 22972, 22975, 25200, 22994, 22997, 25130, 25241, 25243, 25248, 25253, 25263, 25267, 25290, 25291, 25198, 25420, 25424, 25434, 25436, 25460, 25462, 25476, 25479, 25702, 25704, 25707, 25732, 25684, 25686, 25688, 25900, 25679, 25698, 25695, 25693, 24816, 24840, 24843, 24835, 24834, 24832, 24826, 24828, 24850, 24778, 26022, 26026, 26007, 26041, 26044, 26048, 26201, 26204, 26096, 26098, 26221, 26241, 26227, 26271, 26274, 26278, 26280, 26514, 26516, 26518, 26550, 26544, 26554, 26556, 26573, 26578, 26720, 26594, 26597, 26750, 26753, 26755, 26688, 28100, 26793, 26798, 26931, 26914, 26915, 26938, 26962, 26965]",0.1181228999994346,success,,63.32590180780674,89.55634918543987,37.95837665278968,56.70763155604305,34.95450042421449,39.5329145202575
chi_clow_to_ohare_0063,w_0063,grid_0_10,True,False,clow_to_ohare,Clow International Airport to O'Hare International Airport,Clow International Airport,O'Hare International Airport,41.695923717435235,-88.12876224517822,41.97807408541273,-87.90902412382081,ohare_2026-03-07_1s_15nm_bbox,0.0,0.8,0.2,0.0,101,"[13722, 13727, 13718, 13742, 13746, 22697, 22932, 22934, 22961, 22964, 22972, 22975, 25200, 22994, 22997, 25130, 25241, 25243, 25248, 25253, 25263, 25267, 25290, 25291, 25198, 25420, 25424, 25434, 25436, 25460, 25462, 25476, 25479, 25702, 25704, 25707, 25732, 25684, 25686, 25688, 25900, 25679, 25698, 25911, 25914, 24845, 24847, 24843, 24835, 24834, 24832, 24826, 24828, 24850, 24778, 26022, 26026, 26007, 26041, 26044, 26048, 26201, 26204, 26096, 26098, 26221, 26241, 26227, 26271, 26274, 26278, 26280, 26514, 26516, 26518, 26550, 26544, 26554, 26556, 26573, 26578, 26720, 26594, 26597, 26750, 26752, 26756, 26757, 28100, 26793, 28106, 28120, 28123, 28117, 28119, 28143, 28146, 28148, 28161, 26969, 26965]",0.11572590000287164,success,,66.15432893255165,93.55634918540825,37.86818564880834,56.29724768114926,39.93971527543715,41.55399805527652
chi_clow_to_ohare_0064,w_0064,grid_0_10,True,False,clow_to_ohare,Clow International Airport to O'Hare International Airport,Clow International Airport,O'Hare International Airport,41.695923717435235,-88.12876224517822,41.97807408541273,-87.90902412382081,ohare_2026-03-07_1s_15nm_bbox,0.0,0.9,0.0,0.1,135,"[13722, 13720, 13706, 13705, 13491, 13477, 13475, 22492, 22490, 22467, 22452, 22450, 22426, 22432, 22433, 22447, 22448, 22471, 22291, 22295, 22294, 22706, 22709, 22721, 22543, 22545, 22544, 22563, 22564, 22565, 22554, 22553, 22555, 23729, 23728, 23746, 23747, 23748, 23760, 23739, 23761, 23757, 23753, 23758, 23821, 23822, 23827, 23840, 23841, 23846, 23927, 23960, 23965, 23980, 23981, 23992, 23997, 23999, 24117, 24140, 24144, 24147, 24180, 24183, 24186, 24188, 24421, 24423, 24428, 24460, 7308, 7322, 7323, 7326, 7329, 7352, 7357, 24633, 24638, 24639, 24657, 24682, 24684, 24695, 24694, 24693, 24667, 24668, 24746, 24790, 24792, 24787, 26000, 26002, 26005, 26008, 26041, 26044, 26048, 26201, 26204, 26096, 26098, 26223, 26224, 26227, 26271, 26274, 26278, 26279, 26282, 26286, 26518, 26550, 26544, 26547, 26571, 26573, 26578, 26720, 26594, 26597, 26750, 26753, 26755, 26688, 28101, 28105, 28108, 28121, 28123, 28126, 28128, 26963, 26965]",0.11528460000408813,success,,84.39696961967782,119.35533905844912,32.4199921835528,88.65144420186913,63.931004360480266,35.57109340124555
chi_clow_to_ohare_0065,w_0065,grid_0_10,True,False,clow_to_ohare,Clow International Airport to O'Hare International Airport,Clow International Airport,O'Hare International Airport,41.695923717435235,-88.12876224517822,41.97807408541273,-87.90902412382081,ohare_2026-03-07_1s_15nm_bbox,0.0,0.9,0.1,0.0,139,"[13722, 13709, 13708, 13495, 13490, 13478, 22495, 22493, 22468, 22456, 22454, 22429, 22432, 22433, 22447, 22448, 22473, 22474, 22296, 22299, 22711, 22724, 22728, 22726, 22543, 22545, 22547, 22563, 22566, 22801, 22592, 22591, 22593, 22575, 22573, 23774, 23776, 23773, 23764, 23765, 23761, 23759, 23783, 23787, 23828, 23826, 23830, 23843, 23844, 23846, 23927, 23960, 23965, 23980, 23981, 23992, 23997, 23999, 24117, 24141, 24144, 24145, 24149, 4956, 4959, 4984, 4987, 4988, 24428, 24460, 7308, 7322, 7324, 7327, 7329, 7352, 7357, 24633, 24638, 24639, 24657, 24682, 24684, 24695, 24697, 24693, 24669, 24761, 24791, 24790, 24792, 24787, 26000, 26001, 26004, 26007, 26041, 26044, 26048, 26201, 26204, 26096, 26098, 26221, 26241, 26227, 26271, 26274, 26278, 26280, 26514, 26516, 26518, 26550, 26544, 26554, 26556, 26573, 26578, 26720, 26594, 26597, 26750, 26752, 26756, 26757, 28100, 26793, 28106, 28120, 28123, 28117, 28119, 28143, 28146, 28148, 28161, 26969, 26965]",0.11008330000186106,success,,92.19595949289354,130.38477630987893,32.679889240687196,79.04339667562303,69.24607296763023,37.31623998418078
chi_clow_to_ohare_0066,w_0066,grid_0_10,True,False,clow_to_ohare,Clow International Airport to O'Hare International Airport,Clow International Airport,O'Hare International Airport,41.695923717435235,-88.12876224517822,41.97807408541273,-87.90902412382081,ohare_2026-03-07_1s_15nm_bbox,0.0,1.0,0.0,0.0,135,"[13722, 13709, 13706, 13705, 13491, 13477, 13475, 22492, 22490, 22467, 22452, 22450, 22426, 22430, 22199, 22441, 22442, 22446, 22275, 22290, 22292, 22706, 22709, 22721, 22543, 22545, 22544, 22563, 22564, 22565, 22554, 22553, 22555, 23729, 22570, 23746, 23747, 23748, 23760, 23739, 23735, 23751, 23753, 23758, 23821, 23822, 23827, 23840, 23841, 23846, 23927, 23960, 23965, 23980, 23981, 23992, 23997, 23999, 24117, 24140, 24138, 24146, 24148, 24181, 24186, 24188, 4985, 4989, 7302, 4995, 4998, 7320, 7314, 7317, 7350, 7352, 7357, 24633, 24638, 24639, 24657, 24682, 24684, 24695, 24694, 24693, 24667, 24668, 24746, 24790, 24792, 24787, 26000, 26002, 26005, 26008, 26041, 26044, 26048, 26201, 26204, 26096, 26098, 26223, 26224, 26227, 26271, 26274, 26278, 26279, 26282, 26286, 26518, 26550, 26544, 26554, 26556, 26558, 26577, 26720, 26594, 26597, 26750, 26752, 26756, 26757, 28100, 26793, 28106, 26799, 26932, 26935, 26960, 26962, 26965]",0.10171620000619441,success,,85.6396103068012,121.11269837132248,32.4199921835528,89.06924553575492,65.94929995680894,32.4199921835528
chi_clow_to_ohare_0067,w_0067,grid_0_10,True,False,clow_to_ohare,Clow International Airport to O'Hare International Airport,Clow International Airport,O'Hare International Airport,41.695923717435235,-88.12876224517822,41.97807408541273,-87.90902412382081,ohare_2026-03-07_1s_15nm_bbox,0.1,0.0,0.0,0.9,85,"[13722, 13725, 13728, 13761, 13764, 13767, 13770, 13774, 13776, 16000, 16003, 16006, 16009, 16041, 16045, 16048, 16071, 16074, 16076, 16079, 16302, 16305, 16308, 16332, 16334, 16338, 16370, 16373, 16377, 16390, 16393, 16396, 16630, 16632, 16635, 16639, 16650, 16653, 16658, 25823, 25826, 25835, 25850, 25852, 25855, 25867, 25890, 25894, 25898, 18023, 18025, 18050, 18038, 18062, 18066, 18077, 18300, 18305, 18246, 18271, 18273, 18267, 18269, 18503, 18505, 18507, 26470, 26474, 26477, 26811, 26813, 26816, 26822, 26827, 26829, 26738, 26771, 26773, 26920, 26921, 26912, 26917, 26950, 26961, 26965]",0.1537181999956374,success,,51.94112549695195,73.45584412216503,62.04789450363468,56.860045525750245,24.06013118636631,28.999702479946183
chi_clow_to_ohare_0068,w_0068,grid_0_10,True,False,clow_to_ohare,Clow International Airport to O'Hare International Airport,Clow International Airport,O'Hare International Airport,41.695923717435235,-88.12876224517822,41.97807408541273,-87.90902412382081,ohare_2026-03-07_1s_15nm_bbox,0.1,0.0,0.1,0.8,85,"[13722, 13726, 13739, 13751, 13755, 13757, 13790, 13793, 13797, 13799, 16024, 16005, 16009, 16043, 16046, 16049, 16072, 16073, 16067, 16091, 16093, 16096, 16320, 16323, 16324, 16328, 25508, 25530, 25532, 25534, 25542, 25546, 25549, 25573, 25576, 25579, 25800, 25593, 25596, 25599, 25843, 25846, 25860, 25863, 25866, 25869, 25892, 25895, 18020, 18022, 18026, 18037, 18039, 18063, 18074, 18077, 18300, 18305, 18246, 18271, 18273, 18267, 18269, 18503, 18505, 18507, 26470, 26474, 26477, 26811, 26813, 26816, 26822, 26827, 26829, 26738, 26771, 26773, 26920, 26921, 26912, 26917, 26950, 26961, 26965]",0.13158900000416907,success,,53.18376618407255,75.21320343503452,59.44876479726438,49.57552979562109,24.04867238098688,31.717811227855066
chi_clow_to_ohare_0069,w_0069,grid_0_10,True,False,clow_to_ohare,Clow International Airport to O'Hare International Airport,Clow International Airport,O'Hare International Airport,41.695923717435235,-88.12876224517822,41.97807408541273,-87.90902412382081,ohare_2026-03-07_1s_15nm_bbox,0.1,0.0,0.2,0.7,85,"[13722, 13726, 13739, 13751, 13755, 13757, 13790, 13794, 13828, 13851, 16022, 16026, 16050, 16042, 16045, 16049, 16072, 16074, 16077, 16091, 16092, 16097, 25278, 25501, 25286, 25287, 25511, 25514, 25526, 25551, 25554, 25459, 25483, 25486, 25495, 25497, 25721, 25724, 25727, 25740, 25742, 25819, 25762, 25765, 25768, 25791, 25795, 25797, 18020, 18022, 18026, 18037, 18039, 18063, 18074, 18077, 18300, 18305, 18246, 18271, 18273, 18267, 18269, 18503, 18505, 18507, 26470, 26474, 26477, 26811, 26813, 26816, 26822, 26827, 26829, 26738, 26771, 26773, 26920, 26921, 26912, 26917, 26950, 26961, 26965]",0.12292639999941457,success,,56.08326112068658,79.31370849839567,59.8991056190835,47.031720603978215,23.99364043500773,34.13326327514062
chi_clow_to_ohare_0070,w_0070,grid_0_10,True,False,clow_to_ohare,Clow International Airport to O'Hare International Airport,Clow International Airport,O'Hare International Airport,41.695923717435235,-88.12876224517822,41.97807408541273,-87.90902412382081,ohare_2026-03-07_1s_15nm_bbox,0.1,0.0,0.3,0.6,85,"[13722, 13726, 13739, 13753, 13755, 13757, 13790, 13794, 13828, 13851, 16022, 16026, 16050, 16042, 16045, 16049, 16072, 16074, 16077, 16091, 16092, 16097, 25278, 25501, 25286, 25287, 25511, 25514, 25526, 25551, 25554, 25459, 25483, 25486, 25495, 25497, 25721, 25724, 25727, 25740, 25742, 25819, 25762, 25765, 25768, 25791, 25795, 25797, 18020, 18022, 18026, 18037, 18039, 18063, 18074, 18077, 18300, 18305, 18246, 18271, 18273, 18267, 18269, 18503, 18505, 18507, 26470, 26474, 26477, 26811, 26813, 26816, 26822, 26827, 26829, 26738, 26771, 26773, 26920, 26921, 26912, 26917, 26950, 26961, 26965]",0.11677230000350391,success,,56.49747468305968,79.8994949360182,59.8991056190835,46.79542992387993,23.993371440632142,36.424601335145084
chi_clow_to_ohare_0071,w_0071,grid_0_10,True,False,clow_to_ohare,Clow International Airport to O'Hare International Airport,Clow International Airport,O'Hare International Airport,41.695923717435235,-88.12876224517822,41.97807408541273,-87.90902412382081,ohare_2026-03-07_1s_15nm_bbox,0.1,0.0,0.4,0.5,86,"[13722, 13726, 13739, 13753, 13752, 13696, 13821, 13822, 13825, 13828, 13851, 16022, 16026, 16050, 16042, 16045, 16049, 16072, 16074, 16077, 16091, 16092, 16097, 25278, 25501, 25286, 25287, 25511, 25514, 25526, 25551, 25554, 25459, 25483, 25486, 25495, 25497, 25721, 25724, 25727, 25740, 25742, 25819, 25762, 25765, 25769, 25790, 25892, 25895, 18020, 18022, 18026, 18037, 18039, 18063, 18074, 18077, 18300, 18305, 18246, 18271, 18273, 18267, 18269, 18503, 18505, 18507, 26470, 26474, 26477, 26811, 26813, 26816, 26822, 26827, 26829, 26738, 26771, 26773, 26920, 26921, 26912, 26917, 26950, 26961, 26965]",0.10863339999923483,success,,57.2045814642449,80.89949493600889,62.07334456009064,46.50463441221369,23.987413914168894,38.685510215570815
chi_clow_to_ohare_0072,w_0072,grid_0_10,True,False,clow_to_ohare,Clow International Airport to O'Hare International Airport,Clow International Airport,O'Hare International Airport,41.695923717435235,-88.12876224517822,41.97807408541273,-87.90902412382081,ohare_2026-03-07_1s_15nm_bbox,0.1,0.0,0.5,0.4,86,"[13722, 13726, 13739, 13753, 13752, 13696, 13821, 13822, 13825, 13828, 13851, 16022, 16026, 16050, 16042, 16045, 16049, 16072, 16074, 16077, 16091, 16092, 16097, 25278, 25501, 25286, 25287, 25511, 25514, 25526, 25551, 25554, 25459, 25483, 25486, 25495, 25497, 25721, 25724, 25727, 25740, 25742, 25819, 25762, 25765, 25769, 25790, 25892, 25895, 18020, 18022, 18026, 18037, 18039, 18063, 18074, 18078, 18302, 18243, 18248, 18249, 18265, 18266, 18500, 18501, 18504, 26449, 26471, 26475, 26488, 26489, 26812, 26821, 26824, 26826, 26735, 26737, 26770, 26768, 26769, 26789, 26913, 26915, 26938, 26962, 26965]",0.10051360000215936,success,,57.2045814642449,80.89949493600888,62.800237574246765,46.23459480644891,24.25574130049023,40.90954341702144
chi_clow_to_ohare_0073,w_0073,grid_0_10,True,False,clow_to_ohare,Clow International Airport to O'Hare International Airport,Clow International Airport,O'Hare International Airport,41.695923717435235,-88.12876224517822,41.97807408541273,-87.90902412382081,ohare_2026-03-07_1s_15nm_bbox,0.1,0.0,0.6,0.3,86,"[13722, 13726, 13739, 13753, 13752, 13696, 13821, 13822, 13825, 13828, 13851, 16022, 16026, 16050, 16042, 16045, 16049, 16072, 16074, 16077, 16091, 16092, 16097, 25278, 25501, 25286, 25287, 25511, 25514, 25526, 25551, 25554, 25459, 25483, 25486, 25495, 25497, 25721, 25725, 25728, 25750, 25754, 25757, 25758, 25931, 25935, 25939, 25957, 25958, 25976, 18201, 18204, 18206, 26128, 26152, 26154, 26168, 26191, 26193, 26197, 26421, 26407, 26409, 26433, 26436, 26535, 26537, 26562, 26565, 26576, 26579, 26723, 26725, 26727, 26760, 26761, 26747, 26782, 26784, 26788, 26931, 26914, 26937, 26938, 26962, 26965]",0.1026170999975875,success,,55.547727214752456,78.55634918551867,65.16094901945111,44.20536332245394,28.303009508528966,42.86975576458292
chi_clow_to_ohare_0074,w_0074,grid_0_10,True,False,clow_to_ohare,Clow International Airport to O'Hare International Airport,Clow International Airport,O'Hare International Airport,41.695923717435235,-88.12876224517822,41.97807408541273,-87.90902412382081,ohare_2026-03-07_1s_15nm_bbox,0.1,0.0,0.7,0.2,85,"[13722, 13727, 13718, 13742, 13746, 22697, 22932, 22934, 22961, 22964, 22972, 22975, 25200, 22994, 22998, 25132, 25142, 25144, 25147, 25149, 25174, 25176, 25178, 25351, 25356, 25358, 25372, 25373, 25396, 25621, 25624, 25627, 25650, 25671, 25672, 25649, 25681, 25685, 25688, 25902, 25904, 25906, 25909, 25942, 25946, 25947, 24890, 24895, 24898, 26121, 26123, 26135, 26139, 26163, 26164, 26167, 26191, 26193, 26197, 26421, 26407, 26409, 26433, 26436, 26535, 26537, 26562, 26565, 26576, 26579, 26723, 26725, 26727, 26760, 26761, 26747, 26782, 26784, 26788, 26931, 26914, 26937, 26938, 26962, 26965]",0.1144196999957785,success,,54.42640687119308,76.97056274790395,60.91793105874384,43.8343317435555,30.31462864664614,44.44401422460847
chi_clow_to_ohare_0075,w_0075,grid_0_10,True,False,clow_to_ohare,Clow International Airport to O'Hare International Airport,Clow International Airport,O'Hare International Airport,41.695923717435235,-88.12876224517822,41.97807408541273,-87.90902412382081,ohare_2026-03-07_1s_15nm_bbox,0.1,0.0,0.8,0.1,88,"[13722, 13727, 13718, 13742, 13746, 22697, 22932, 22934, 22961, 22964, 22972, 22975, 25200, 22994, 22998, 25132, 25142, 25144, 25147, 25149, 25174, 25176, 25178, 25351, 25356, 25358, 25372, 25373, 25396, 25621, 25624, 25627, 25650, 25671, 25672, 25649, 25681, 25685, 25688, 25902, 25904, 25906, 25909, 25942, 25946, 25947, 24890, 24895, 24898, 26121, 26123, 26135, 26139, 26162, 26170, 26171, 26174, 26254, 26256, 26501, 26294, 26296, 26299, 26550, 26552, 26553, 26580, 26584, 26587, 26661, 26663, 26665, 26659, 26672, 26674, 26678, 26692, 27569, 27803, 28110, 28114, 28115, 28119, 28143, 28145, 28147, 26969, 26965]",0.12096200000087265,success,,58.61879502661903,82.89949493599546,62.97694399720392,42.400354293630684,33.64354934139212,45.57458786264331
chi_clow_to_ohare_0076,w_0076,grid_0_10,True,False,clow_to_ohare,Clow International Airport to O'Hare International Airport,Clow International Airport,O'Hare International Airport,41.695923717435235,-88.12876224517822,41.97807408541273,-87.90902412382081,ohare_2026-03-07_1s_15nm_bbox,0.1,0.0,0.9,0.0,89,"[13722, 13727, 13718, 13742, 13746, 22697, 22932, 22934, 22961, 22964, 22972, 22975, 25200, 22994, 22998, 25132, 25142, 25144, 25147, 25149, 25174, 25176, 25178, 25351, 25356, 25358, 25372, 25373, 25396, 25621, 25624, 25627, 25650, 25651, 25673, 25675, 25677, 25679, 25698, 25699, 25913, 25917, 25919, 25941, 24864, 24868, 24892, 26104, 26106, 26109, 26116, 26140, 26143, 26212, 26215, 26219, 26262, 26263, 26267, 26511, 26514, 26286, 26520, 26523, 26626, 26627, 26641, 26634, 26637, 26639, 26653, 26655, 26659, 26672, 26674, 26678, 26692, 27569, 27803, 28110, 28113, 28117, 28129, 28143, 28146, 28148, 28161, 26969, 26965]",0.13383049999538343,success,,58.9116882454288,83.31370849836028,60.38038023782687,42.191861127687815,35.407907464582294,46.30404586475506
chi_clow_to_ohare_0077,w_0077,grid_0_10,True,False,clow_to_ohare,Clow International Airport to O'Hare International Airport,Clow International Airport,O'Hare International Airport,41.695923717435235,-88.12876224517822,41.97807408541273,-87.90902412382081,ohare_2026-03-07_1s_15nm_bbox,0.1,0.1,0.0,0.8,85,"[13722, 13727, 13718, 13742, 13746, 22697, 22932, 22934, 22937, 22981, 22982, 22986, 25220, 25222, 25223, 25225, 25228, 25250, 25252, 25253, 25256, 25267, 25290, 25291, 25198, 25420, 25424, 25434, 25437, 25439, 25463, 25466, 25469, 25491, 25489, 25712, 25715, 25717, 25811, 25814, 25815, 25818, 25761, 25764, 25767, 25790, 25793, 25797, 18020, 18022, 18026, 18037, 18039, 18063, 18074, 18078, 18300, 18305, 18246, 18271, 18273, 18267, 18269, 18503, 18505, 18507, 26470, 26474, 26477, 26811, 26813, 26816, 26822, 26827, 26829, 26738, 26771, 26773, 26920, 26921, 26912, 26917, 26950, 26961, 26965]",0.13322349999361904,success,,53.18376618407437,75.2132034350371,47.88805371347373,53.15766878558435,24.598742755439158,31.98911991920241
chi_clow_to_ohare_0078,w_0078,grid_0_10,True,False,clow_to_ohare,Clow International Airport to O'Hare International Airport,Clow International Airport,O'Hare International Airport,41.695923717435235,-88.12876224517822,41.97807408541273,-87.90902412382081,ohare_2026-03-07_1s_15nm_bbox,0.1,0.1,0.1,0.7,85,"[13722, 13727, 13718, 13742, 13746, 22697, 22932, 22934, 22937, 22981, 22982, 22967, 22969, 25222, 25223, 25225, 25228, 25250, 25248, 25260, 25263, 25267, 25290, 25291, 25198, 25420, 25424, 25434, 25437, 25439, 25463, 25466, 25469, 25491, 25495, 25497, 25720, 25723, 25726, 25729, 25742, 25819, 25762, 25765, 25769, 25790, 25793, 25797, 18020, 18022, 18026, 18037, 18039, 18063, 18074, 18078, 18300, 18305, 18246, 18271, 18273, 18267, 18269, 18503, 18505, 18507, 26470, 26474, 26477, 26811, 26813, 26816, 26822, 26827, 26829, 26738, 26771, 26773, 26920, 26921, 26912, 26917, 26950, 26961, 26965]",0.1199202999996487,success,,53.183766184073605,75.213203435036,48.54517051359011,51.47684616584625,24.623642870934127,34.760072021101124
chi_clow_to_ohare_0079,w_0079,grid_0_10,True,False,clow_to_ohare,Clow International Airport to O'Hare International Airport,Clow International Airport,O'Hare International Airport,41.695923717435235,-88.12876224517822,41.97807408541273,-87.90902412382081,ohare_2026-03-07_1s_15nm_bbox,0.1,0.1,0.2,0.6,85,"[13722, 13727, 13718, 13742, 13746, 22697, 22932, 22934, 22937, 22981, 22982, 22967, 22969, 25222, 25223, 25225, 25228, 25245, 25248, 25261, 25262, 25190, 25193, 25195, 25199, 25420, 25424, 25434, 25437, 25439, 25463, 25466, 25469, 25491, 25495, 25497, 25721, 25724, 25727, 25740, 25742, 25819, 25762, 25765, 25769, 25790, 25793, 25797, 18020, 18022, 18026, 18037, 18039, 18063, 18074, 18078, 18300, 18305, 18246, 18271, 18273, 18267, 18269, 18503, 18505, 18507, 26470, 26474, 26477, 26811, 26813, 26816, 26822, 26827, 26829, 26738, 26771, 26773, 26920, 26921, 26912, 26917, 26950, 26961, 26965]",0.11402180000004591,success,,53.597979746446924,75.79898987265885,49.822492517814545,50.1700150673375,24.62754845831554,37.37268032750416
chi_clow_to_ohare_0080,w_0080,grid_0_10,True,False,clow_to_ohare,Clow International Airport to O'Hare International Airport,Clow International Airport,O'Hare International Airport,41.695923717435235,-88.12876224517822,41.97807408541273,-87.90902412382081,ohare_2026-03-07_1s_15nm_bbox,0.1,0.1,0.3,0.5,85,"[13722, 13727, 13718, 13742, 13746, 22697, 22932, 22934, 22961, 22964, 22972, 22975, 25200, 22994, 22997, 25130, 25241, 25136, 25139, 25164, 25167, 25169, 25193, 25195, 25199, 25420, 25424, 25434, 25437, 25439, 25463, 25466, 25469, 25491, 25495, 25497, 25721, 25724, 25727, 25740, 25742, 25819, 25762, 25765, 25769, 25790, 25892, 25895, 18020, 18022, 18026, 18037, 18039, 18063, 18074, 18077, 18300, 18305, 18246, 18271, 18273, 18267, 18269, 18503, 18505, 18507, 26470, 26474, 26477, 26811, 26813, 26816, 26822, 26827, 26829, 26738, 26771, 26773, 26920, 26921, 26912, 26917, 26950, 26961, 26965]",0.10249940000358038,success,,54.426406871193656,76.97056274790471,49.82802889707716,49.02312796819314,24.91941078020137,39.84650294505681
chi_clow_to_ohare_0081,w_0081,grid_0_10,True,False,clow_to_ohare,Clow International Airport to O'Hare International Airport,Clow International Airport,O'Hare International Airport,41.695923717435235,-88.12876224517822,41.97807408541273,-87.90902412382081,ohare_2026-03-07_1s_15nm_bbox,0.1,0.1,0.4,0.4,86,"[13722, 13727, 13718, 13742, 13746, 22697, 22932, 22934, 22961, 22964, 22972, 22975, 25200, 22994, 22997, 25130, 25241, 25136, 25139, 25164, 25167, 25169, 25193, 25195, 25199, 25420, 25424, 25434, 25437, 25439, 25463, 25466, 25482, 25491, 25495, 25497, 25721, 25724, 25727, 25740, 25742, 25819, 25762, 25765, 25769, 25790, 25892, 25895, 18020, 18022, 18025, 18050, 18053, 18061, 18065, 18069, 18301, 18304, 18308, 18270, 18274, 18277, 18268, 18293, 18506, 18508, 18520, 26473, 26476, 26800, 26814, 26817, 26818, 26825, 26828, 26829, 26738, 26771, 26773, 26920, 26921, 26912, 26917, 26950, 26961, 26965]",0.09737250000034692,success,,55.13351365238097,77.97056274789837,49.728081581737335,47.94197091610192,25.64594290773674,42.20502996249904
chi_clow_to_ohare_0082,w_0082,grid_0_10,True,False,clow_to_ohare,Clow International Airport to O'Hare International Airport,Clow International Airport,O'Hare International Airport,41.695923717435235,-88.12876224517822,41.97807408541273,-87.90902412382081,ohare_2026-03-07_1s_15nm_bbox,0.1,0.1,0.5,0.3,85,"[13722, 13727, 13718, 13742, 13746, 22697, 22932, 22934, 22961, 22964, 22972, 22975, 25200, 22994, 22997, 25130, 25241, 25136, 25139, 25164, 25167, 25169, 25193, 25195, 25199, 25420, 25424, 25434, 25437, 25439, 25463, 25466, 25469, 25492, 25496, 25708, 25731, 25735, 25687, 25920, 25923, 25925, 25930, 25933, 25936, 25955, 25956, 25973, 25977, 18200, 26122, 26127, 26150, 26161, 26164, 26167, 26191, 26193, 26197, 26421, 26407, 26431, 26432, 26436, 26535, 26537, 26562, 26575, 26578, 26720, 26594, 26597, 26740, 26743, 26746, 26748, 26781, 26784, 26788, 26910, 26914, 26937, 26938, 26962, 26965]",0.09232150000025285,success,,52.355339059326575,74.04163055978978,45.384690544385464,46.921990620011755,29.7242439487819,44.32090060505797
chi_clow_to_ohare_0083,w_0083,grid_0_10,True,False,clow_to_ohare,Clow International Airport to O'Hare International Airport,Clow International Airport,O'Hare International Airport,41.695923717435235,-88.12876224517822,41.97807408541273,-87.90902412382081,ohare_2026-03-07_1s_15nm_bbox,0.1,0.1,0.6,0.2,85,"[13722, 13727, 13718, 13742, 13746, 22697, 22932, 22934, 22961, 22964, 22972, 22975, 25200, 22994, 22998, 25132, 25142, 25144, 25147, 25149, 25174, 25176, 25178, 25351, 25356, 25358, 25372, 25373, 25396, 25621, 25624, 25627, 25650, 25671, 25672, 25649, 25681, 25685, 25688, 25902, 25924, 25925, 25930, 25933, 25936, 25955, 25956, 25973, 25977, 18200, 26122, 26127, 26150, 26161, 26164, 26167, 26191, 26193, 26197, 26421, 26407, 26431, 26434, 26435, 26439, 26538, 26561, 26563, 26568, 26701, 26704, 26707, 26708, 26760, 26761, 26747, 26782, 26784, 26788, 26931, 26914, 26937, 26938, 26962, 26965]",0.09476560000621248,success,,55.25483399593586,78.14213562314423,56.92876781359175,44.09024306110045,29.813247878069124,45.923885755947694
chi_clow_to_ohare_0084,w_0084,grid_0_10,True,False,clow_to_ohare,Clow International Airport to O'Hare International Airport,Clow International Airport,O'Hare International Airport,41.695923717435235,-88.12876224517822,41.97807408541273,-87.90902412382081,ohare_2026-03-07_1s_15nm_bbox,0.1,0.1,0.7,0.1,85,"[13722, 13727, 13718, 13742, 13746, 22697, 22932, 22934, 22961, 22964, 22972, 22975, 25200, 22994, 22998, 25132, 25142, 25144, 25147, 25149, 25174, 25176, 25178, 25351, 25356, 25358, 25372, 25373, 25396, 25621, 25624, 25627, 25650, 25671, 25672, 25649, 25681, 25685, 25688, 25902, 25904, 25906, 25930, 25933, 25936, 25955, 25956, 25973, 25977, 18200, 26122, 26127, 26150, 26161, 26164, 26167, 26191, 26193, 26197, 26421, 26407, 26431, 26434, 26435, 26439, 26538, 26561, 26563, 26568, 26701, 26704, 26707, 26708, 26760, 26761, 26747, 26782, 26784, 26788, 26931, 26914, 26937, 26938, 26962, 26965]",0.09466389999579405,success,,54.840620433563814,77.55634918552316,56.845344981376066,44.075561507711214,30.267997744878755,47.319862246575646
chi_clow_to_ohare_0085,w_0085,grid_0_10,True,False,clow_to_ohare,Clow International Airport to O'Hare International Airport,Clow International Airport,O'Hare International Airport,41.695923717435235,-88.12876224517822,41.97807408541273,-87.90902412382081,ohare_2026-03-07_1s_15nm_bbox,0.1,0.1,0.8,0.0,89,"[13722, 13727, 13718, 13742, 13746, 22697, 22932, 22934, 22961, 22964, 22972, 22975, 25200, 22994, 22998, 25132, 25142, 25144, 25147, 25149, 25174, 25176, 25178, 25351, 25356, 25358, 25372, 25373, 25396, 25621, 25624, 25627, 25650, 25651, 25673, 25675, 25677, 25679, 25698, 25699, 25913, 25917, 25919, 25941, 24864, 24868, 24892, 26104, 26106, 26109, 26116, 26140, 26143, 26212, 26215, 26219, 26262, 26263, 26267, 26511, 26514, 26286, 26520, 26523, 26626, 26627, 26641, 26634, 26637, 26639, 26653, 26655, 26659, 26681, 26676, 26678, 26692, 27569, 27803, 28110, 28113, 28117, 28129, 28143, 28146, 28148, 28161, 26969, 26965]",0.09900219999690307,success,,59.325901807796086,83.89949493597459,58.80981994312698,42.2303412284029,35.408034738601145,48.055204470632475
chi_clow_to_ohare_0086,w_0086,grid_0_10,True,False,clow_to_ohare,Clow International Airport to O'Hare International Airport,Clow International Airport,O'Hare International Airport,41.695923717435235,-88.12876224517822,41.97807408541273,-87.90902412382081,ohare_2026-03-07_1s_15nm_bbox,0.1,0.2,0.0,0.7,85,"[13722, 13727, 13718, 13742, 13746, 22697, 22932, 22934, 22937, 22981, 22982, 22986, 25220, 25222, 25223, 25225, 25228, 25250, 25252, 25253, 25256, 25267, 25290, 25291, 25198, 25420, 25424, 25434, 25437, 25439, 25463, 25466, 25469, 25491, 25489, 25712, 25715, 25717, 25811, 25814, 25815, 25818, 25761, 25764, 25767, 25790, 25793, 25797, 18020, 18022, 18026, 18037, 18039, 18063, 18074, 18078, 18300, 18305, 18246, 18271, 18273, 18267, 18269, 18503, 18505, 18507, 26470, 26474, 26477, 26811, 26813, 26816, 26822, 26827, 26829, 26738, 26771, 26773, 26920, 26921, 26912, 26917, 26950, 26961, 26965]",0.11951830000180053,success,,53.18376618407437,75.2132034350371,47.88805371347373,53.15766878558435,24.598742755439158,34.318051015005864
chi_clow_to_ohare_0087,w_0087,grid_0_10,True,False,clow_to_ohare,Clow International Airport to O'Hare International Airport,Clow International Airport,O'Hare International Airport,41.695923717435235,-88.12876224517822,41.97807408541273,-87.90902412382081,ohare_2026-03-07_1s_15nm_bbox,0.1,0.2,0.1,0.6,85,"[13722, 13727, 13718, 13742, 13746, 22697, 22932, 22934, 22937, 22981, 22982, 22967, 22969, 25222, 25223, 25225, 25228, 25250, 25248, 25260, 25263, 25267, 25290, 25291, 25198, 25420, 25424, 25434, 25437, 25439, 25463, 25466, 25469, 25491, 25495, 25497, 25720, 25723, 25810, 25814, 25815, 25818, 25761, 25764, 25767, 25790, 25793, 25797, 18020, 18022, 18026, 18037, 18039, 18063, 18074, 18078, 18300, 18305, 18246, 18271, 18273, 18267, 18269, 18503, 18505, 18507, 26470, 26474, 26477, 26811, 26813, 26816, 26822, 26827, 26829, 26738, 26771, 26773, 26920, 26921, 26912, 26917, 26950, 26961, 26965]",0.11424239999905694,success,,53.183766184073605,75.21320343503601,47.88805371347373,52.426086120420024,24.623642870934127,37.11572542080083
chi_clow_to_ohare_0088,w_0088,grid_0_10,True,False,clow_to_ohare,Clow International Airport to O'Hare International Airport,Clow International Airport,O'Hare International Airport,41.695923717435235,-88.12876224517822,41.97807408541273,-87.90902412382081,ohare_2026-03-07_1s_15nm_bbox,0.1,0.2,0.2,0.5,85,"[13722, 13727, 13718, 13742, 13746, 22697, 22932, 22934, 22937, 22981, 22982, 22967, 22969, 25222, 25223, 25225, 25228, 25245, 25248, 25260, 25263, 25267, 25290, 25291, 25198, 25420, 25424, 25434, 25437, 25439, 25463, 25466, 25469, 25491, 25495, 25497, 25721, 25724, 25727, 25740, 25742, 25819, 25762, 25765, 25769, 25790, 25793, 25797, 18020, 18022, 18026, 18037, 18039, 18063, 18074, 18078, 18300, 18305, 18246, 18271, 18273, 18267, 18269, 18503, 18505, 18507, 26470, 26474, 26477, 26811, 26813, 26816, 26822, 26827, 26829, 26738, 26771, 26773, 26920, 26921, 26912, 26917, 26950, 26961, 26965]",0.10156039999856148,success,,53.59797974644587,75.79898987265737,48.54517051359011,50.89303176847586,24.625826954088684,39.78045292072327
chi_clow_to_ohare_0089,w_0089,grid_0_10,True,False,clow_to_ohare,Clow International Airport to O'Hare International Airport,Clow International Airport,O'Hare International Airport,41.695923717435235,-88.12876224517822,41.97807408541273,-87.90902412382081,ohare_2026-03-07_1s_15nm_bbox,0.1,0.2,0.3,0.4,86,"[13722, 13727, 13718, 13742, 13746, 22697, 22932, 22934, 22961, 22964, 22972, 22975, 25200, 22994, 22997, 25130, 25241, 25136, 25139, 25164, 25167, 25169, 25193, 25195, 25199, 25420, 25424, 25434, 25437, 25439, 25463, 25466, 25469, 25491, 25495, 25497, 25721, 25724, 25727, 25740, 25742, 25819, 25762, 25765, 25769, 25790, 25892, 25895, 25898, 25899, 18027, 18028, 18053, 18061, 18065, 18069, 18301, 18304, 18308, 18270, 18274, 18277, 18268, 18293, 18506, 18508, 18520, 26473, 26476, 26800, 26814, 26817, 26818, 26825, 26828, 26829, 26738, 26771, 26773, 26920, 26921, 26912, 26917, 26950, 26961, 26965]",0.09099880000576377,success,,54.71930009000738,77.38477631027513,49.104123942457655,48.91287800218137,25.15718720998697,42.29604070416824
chi_clow_to_ohare_0090,w_0090,grid_0_10,True,False,clow_to_ohare,Clow International Airport to O'Hare International Airport,Clow International Airport,O'Hare International Airport,41.695923717435235,-88.12876224517822,41.97807408541273,-87.90902412382081,ohare_2026-03-07_1s_15nm_bbox,0.1,0.2,0.4,0.3,85,"[13722, 13727, 13718, 13742, 13746, 22697, 22932, 22934, 22961, 22964, 22972, 22975, 25200, 22994, 22997, 25130, 25241, 25136, 25139, 25164, 25167, 25169, 25193, 25195, 25199, 25420, 25424, 25434, 25437, 25439, 25463, 25466, 25469, 25492, 25496, 25708, 25731, 25735, 25687, 25920, 25923, 25925, 25930, 25933, 25936, 25955, 25956, 25973, 25977, 18200, 26122, 26127, 26150, 26161, 26164, 26167, 26191, 26193, 26197, 26405, 26407, 26431, 26432, 26436, 26535, 26537, 26562, 26575, 26578, 26720, 26594, 26597, 26740, 26743, 26746, 26748, 26781, 26784, 26788, 26910, 26914, 26937, 26938, 26962, 26965]",0.0855022999967332,success,,52.35533905932553,74.0416305597883,45.228704727251205,46.95938794731013,29.7242439487819,44.150932364987696
chi_clow_to_ohare_0091,w_0091,grid_0_10,True,False,clow_to_ohare,Clow International Airport to O'Hare International Airport,Clow International Airport,O'Hare International Airport,41.695923717435235,-88.12876224517822,41.97807408541273,-87.90902412382081,ohare_2026-03-07_1s_15nm_bbox,0.1,0.2,0.5,0.2,85,"[13722, 13727, 13718, 13742, 13746, 22697, 22932, 22934, 22961, 22964, 22972, 22975, 25200, 22994, 22997, 25130, 25241, 25136, 25139, 25164, 25167, 25169, 25193, 25195, 25199, 25420, 25424, 25434, 25437, 25439, 25463, 25466, 25469, 25492, 25496, 25708, 25731, 25735, 25687, 25920, 25923, 25925, 25930, 25933, 25936, 25955, 25956, 25973, 25977, 18200, 26122, 26127, 26150, 26161, 26164, 26167, 26191, 26193, 26197, 26405, 26407, 26431, 26432, 26436, 26535, 26537, 26562, 26575, 26578, 26720, 26594, 26597, 26740, 26743, 26746, 26748, 26781, 26784, 26788, 26910, 26914, 26937, 26938, 26962, 26965]",0.08342970000376226,success,,52.35533905932553,74.0416305597883,45.228704727251205,46.95938794731013,29.7242439487819,45.87444676484051
chi_clow_to_ohare_0092,w_0092,grid_0_10,True,False,clow_to_ohare,Clow International Airport to O'Hare International Airport,Clow International Airport,O'Hare International Airport,41.695923717435235,-88.12876224517822,41.97807408541273,-87.90902412382081,ohare_2026-03-07_1s_15nm_bbox,0.1,0.2,0.6,0.1,85,"[13722, 13727, 13718, 13742, 13746, 22697, 22932, 22934, 22961, 22964, 22972, 22975, 25200, 22994, 22997, 25130, 25241, 25136, 25139, 25164, 25167, 25169, 25193, 25195, 25199, 25420, 25424, 25434, 25436, 25439, 25463, 25466, 25469, 25492, 25496, 25708, 25731, 25735, 25687, 25920, 25923, 25925, 25930, 25933, 25936, 25955, 25956, 25973, 25977, 18200, 26122, 26127, 26150, 26161, 26164, 26167, 26191, 26193, 26197, 26405, 26407, 26431, 26432, 26436, 26535, 26537, 26562, 26575, 26578, 26720, 26594, 26597, 26740, 26743, 26746, 26748, 26781, 26784, 26788, 26931, 26914, 26937, 26938, 26962, 26965]",0.08535829999891575,success,,53.183766184070905,75.21320343503221,45.228704727251205,46.73732709875589,29.735249837055076,47.5829825319125
chi_clow_to_ohare_0093,w_0093,grid_0_10,True,False,clow_to_ohare,Clow International Airport to O'Hare International Airport,Clow International Airport,O'Hare International Airport,41.695923717435235,-88.12876224517822,41.97807408541273,-87.90902412382081,ohare_2026-03-07_1s_15nm_bbox,0.1,0.2,0.7,0.0,85,"[13722, 13727, 13718, 13742, 13746, 22697, 22932, 22934, 22961, 22964, 22972, 22975, 25200, 22994, 22997, 25130, 25241, 25136, 25139, 25164, 25167, 25169, 25193, 25195, 25199, 25420, 25424, 25434, 25436, 25439, 25463, 25466, 25469, 25492, 25496, 25708, 25731, 25735, 25687, 25920, 25923, 25925, 25930, 25933, 25936, 25955, 25956, 25973, 25977, 18200, 26122, 26127, 26150, 26161, 26164, 26167, 26191, 26193, 26197, 26405, 26406, 26409, 26432, 26436, 26535, 26537, 26562, 26575, 26578, 26720, 26594, 26597, 26740, 26743, 26746, 26748, 26781, 26784, 26788, 26931, 26914, 26937, 26938, 26962, 26965]",0.09409779999987222,success,,53.18376618407063,75.21320343503183,45.228704727251205,46.714603881178164,29.971172924694898,49.26728400577814
chi_clow_to_ohare_0094,w_0094,grid_0_10,True,False,clow_to_ohare,Clow International Airport to O'Hare International Airport,Clow International Airport,O'Hare International Airport,41.695923717435235,-88.12876224517822,41.97807408541273,-87.90902412382081,ohare_2026-03-07_1s_15nm_bbox,0.1,0.3,0.0,0.6,85,"[13722, 13727, 13718, 13742, 13746, 22697, 22932, 22934, 22937, 22981, 22982, 22986, 25220, 25222, 25223, 25225, 25228, 25250, 25252, 25253, 25256, 25267, 25290, 25291, 25198, 25420, 25424, 25434, 25437, 25439, 25463, 25466, 25469, 25491, 25489, 25712, 25714, 25718, 25811, 25814, 25815, 25818, 25761, 25764, 25767, 25790, 25793, 25797, 18020, 18022, 18026, 18037, 18039, 18063, 18074, 18078, 18300, 18305, 18246, 18271, 18273, 18267, 18269, 18503, 18505, 18507, 26470, 26474, 26477, 26811, 26813, 26816, 26822, 26827, 26829, 26738, 26771, 26773, 26920, 26921, 26912, 26917, 26950, 26961, 26965]",0.11733209999511018,success,,53.18376618407437,75.21320343503709,47.88805371347373,53.06344680213233,24.59874275543916,36.646982110809326
chi_clow_to_ohare_0095,w_0095,grid_0_10,True,False,clow_to_ohare,Clow International Airport to O'Hare International Airport,Clow International Airport,O'Hare International Airport,41.695923717435235,-88.12876224517822,41.97807408541273,-87.90902412382081,ohare_2026-03-07_1s_15nm_bbox,0.1,0.3,0.1,0.5,86,"[13722, 13727, 13718, 13742, 13746, 22697, 22932, 22934, 22937, 22981, 22982, 22967, 22969, 25222, 25223, 25225, 25228, 25245, 25248, 25260, 25263, 25267, 25290, 25291, 25198, 25420, 25424, 25434, 25437, 25439, 25463, 25466, 25469, 25491, 25495, 25497, 25720, 25723, 25810, 25814, 25815, 25818, 25761, 25764, 25865, 25869, 25892, 25895, 25898, 25899, 18027, 18028, 18053, 18061, 18065, 18069, 18301, 18304, 18308, 18270, 18274, 18277, 18268, 18293, 18506, 18508, 18520, 26473, 26476, 26800, 26814, 26817, 26818, 26825, 26828, 26829, 26738, 26771, 26773, 26920, 26921, 26912, 26917, 26950, 26961, 26965]",0.10970249999809312,success,,53.89087296525905,76.21320343502703,47.28429389059825,51.80779114943035,24.86360338387428,39.41918931756235
chi_clow_to_ohare_0096,w_0096,grid_0_10,True,False,clow_to_ohare,Clow International Airport to O'Hare International Airport,Clow International Airport,O'Hare International Airport,41.695923717435235,-88.12876224517822,41.97807408541273,-87.90902412382081,ohare_2026-03-07_1s_15nm_bbox,0.1,0.3,0.2,0.4,85,"[13722, 13727, 13718, 13742, 13746, 22697, 22932, 22934, 22937, 22963, 22965, 22967, 22969, 25222, 25223, 25225, 25228, 25245, 25248, 25260, 25263, 25267, 25290, 25291, 25198, 25420, 25424, 25434, 25437, 25439, 25463, 25466, 25469, 25492, 25496, 25708, 25731, 25735, 25687, 25920, 25923, 25925, 25930, 25933, 25936, 25955, 25956, 25973, 25977, 18200, 26122, 26127, 26150, 26161, 26164, 26167, 26190, 26194, 26401, 26405, 26407, 26431, 26432, 26436, 26535, 26537, 26562, 26575, 26578, 26720, 26594, 26597, 26740, 26743, 26746, 26748, 26781, 26784, 26788, 26910, 26914, 26937, 26938, 26962, 26965]",0.10059489999548532,success,,51.94112549695111,73.45584412216391,43.91000565837392,48.61751509787823,29.45162226502116,42.02273803531268
chi_clow_to_ohare_0097,w_0097,grid_0_10,True,False,clow_to_ohare,Clow International Airport to O'Hare International Airport,Clow International Airport,O'Hare International Airport,41.695923717435235,-88.12876224517822,41.97807408541273,-87.90902412382081,ohare_2026-03-07_1s_15nm_bbox,0.1,0.3,0.3,0.3,85,"[13722, 13727, 13718, 13742, 13746, 22697, 22932, 22934, 22961, 22964, 22972, 22975, 25200, 22994, 22997, 25130, 25241, 25243, 25247, 25261, 25264, 25266, 25290, 25291, 25198, 25420, 25424, 25434, 25437, 25439, 25463, 25466, 25469, 25492, 25496, 25708, 25731, 25735, 25687, 25920, 25923, 25925, 25930, 25933, 25936, 25955, 25956, 25973, 25977, 18200, 26122, 26127, 26150, 26161, 26164, 26167, 26190, 26194, 26401, 26405, 26407, 26431, 26432, 26436, 26535, 26537, 26562, 26575, 26578, 26720, 26594, 26597, 26740, 26743, 26746, 26748, 26781, 26784, 26788, 26910, 26914, 26937, 26938, 26962, 26965]",0.08583370000269497,success,,52.769552621698075,74.62741699741007,43.91000565837392,47.955198551816146,29.71199641203567,43.93590188640872
chi_clow_to_ohare_0098,w_0098,grid_0_10,True,False,clow_to_ohare,Clow International Airport to O'Hare International Airport,Clow International Airport,O'Hare International Airport,41.695923717435235,-88.12876224517822,41.97807408541273,-87.90902412382081,ohare_2026-03-07_1s_15nm_bbox,0.1,0.3,0.4,0.2,85,"[13722, 13727, 13718, 13742, 13746, 22697, 22932, 22934, 22961, 22964, 22972, 22975, 25200, 22994, 22997, 25130, 25241, 25136, 25139, 25164, 25167, 25169, 25193, 25195, 25199, 25420, 25424, 25434, 25437, 25439, 25463, 25466, 25469, 25492, 25496, 25708, 25731, 25735, 25687, 25920, 25923, 25925, 25930, 25933, 25936, 25955, 25956, 25973, 25977, 18200, 26122, 26127, 26150, 26161, 26164, 26167, 26191, 26193, 26197, 26405, 26407, 26431, 26432, 26436, 26535, 26537, 26562, 26575, 26578, 26720, 26594, 26597, 26740, 26743, 26746, 26748, 26781, 26784, 26788, 26910, 26914, 26937, 26938, 26962, 26965]",0.08108560000255238,success,,52.35533905932553,74.0416305597883,45.228704727251205,46.95938794731013,29.7242439487819,45.701378442834624
chi_clow_to_ohare_0099,w_0099,grid_0_10,True,False,clow_to_ohare,Clow International Airport to O'Hare International Airport,Clow International Airport,O'Hare International Airport,41.695923717435235,-88.12876224517822,41.97807408541273,-87.90902412382081,ohare_2026-03-07_1s_15nm_bbox,0.1,0.3,0.5,0.1,85,"[13722, 13727, 13718, 13742, 13746, 22697, 22932, 22934, 22961, 22964, 22972, 22975, 25200, 22994, 22997, 25130, 25241, 25136, 25139, 25164, 25167, 25169, 25193, 25195, 25199, 25420, 25424, 25434, 25437, 25439, 25463, 25466, 25469, 25492, 25496, 25708, 25731, 25735, 25687, 25920, 25923, 25925, 25930, 25933, 25936, 25955, 25956, 25973, 25977, 18200, 26122, 26127, 26150, 26161, 26164, 26167, 26191, 26193, 26197, 26405, 26407, 26431, 26432, 26436, 26535, 26537, 26562, 26575, 26578, 26720, 26594, 26597, 26740, 26743, 26746, 26748, 26781, 26784, 26788, 26910, 26914, 26937, 26938, 26962, 26965]",0.0803237000000081,success,,52.35533905932553,74.0416305597883,45.228704727251205,46.95938794731013,29.7242439487819,47.42489284268744
chi_clow_to_ohare_0100,w_0100,grid_0_10,True,False,clow_to_ohare,Clow International Airport to O'Hare International Airport,Clow International Airport,O'Hare International Airport,41.695923717435235,-88.12876224517822,41.97807408541273,-87.90902412382081,ohare_2026-03-07_1s_15nm_bbox,0.1,0.3,0.6,0.0,85,"[13722, 13727, 13718, 13742, 13746, 22697, 22932, 22934, 22961, 22964, 22972, 22975, 25200, 22994, 22997, 25130, 25241, 25136, 25139, 25164, 25167, 25169, 25193, 25195, 25199, 25420, 25424, 25434, 25436, 25439, 25463, 25466, 25469, 25492, 25496, 25708, 25731, 25735, 25687, 25920, 25923, 25925, 25930, 25933, 25936, 25955, 25956, 25973, 25977, 18200, 26122, 26127, 26150, 26161, 26164, 26167, 26191, 26193, 26197, 26405, 26406, 26409, 26432, 26436, 26535, 26537, 26562, 26575, 26578, 26720, 26594, 26597, 26740, 26743, 26746, 26748, 26781, 26784, 26788, 26931, 26914, 26937, 26938, 26962, 26965]",0.0823547999971197,success,,53.18376618407063,75.21320343503183,45.228704727251205,46.714603881178164,29.971172924694898,49.118694090385446
chi_clow_to_ohare_0101,w_0101,grid_0_10,True,False,clow_to_ohare,Clow International Airport to O'Hare International Airport,Clow International Airport,O'Hare International Airport,41.695923717435235,-88.12876224517822,41.97807408541273,-87.90902412382081,ohare_2026-03-07_1s_15nm_bbox,0.1,0.4,0.0,0.5,86,"[13722, 13727, 13718, 13742, 13746, 22697, 22932, 22934, 22937, 22981, 22982, 22986, 25220, 25222, 25223, 25225, 25228, 25250, 25252, 25253, 25256, 25267, 25290, 25291, 25198, 25420, 25424, 25434, 25437, 25439, 25463, 25466, 25469, 25491, 25489, 25712, 25714, 25718, 25811, 25814, 25815, 25818, 25761, 25764, 25767, 25790, 25793, 25797, 18020, 25899, 18027, 18028, 18053, 18061, 18065, 18069, 18301, 18304, 18308, 18270, 18274, 18277, 18268, 18293, 18506, 18508, 18520, 26473, 26476, 26800, 26814, 26817, 26818, 26825, 26828, 26829, 26738, 26771, 26773, 26920, 26921, 26912, 26917, 26950, 26961, 26965]",0.11632829999871319,success,,53.89087296526064,76.21320343502927,47.28429389059825,52.71834958895282,24.836519185224763,38.95329749235461
chi_clow_to_ohare_0102,w_0102,grid_0_10,True,False,clow_to_ohare,Clow International Airport to O'Hare International Airport,Clow International Airport,O'Hare International Airport,41.695923717435235,-88.12876224517822,41.97807408541273,-87.90902412382081,ohare_2026-03-07_1s_15nm_bbox,0.1,0.4,0.1,0.4,88,"[13722, 13727, 13718, 13742, 13746, 22697, 22932, 22934, 22937, 22981, 22982, 22967, 22969, 25222, 25223, 25225, 25228, 25245, 25248, 25260, 25263, 25267, 25290, 25291, 25198, 25420, 25424, 25434, 25436, 25460, 25462, 25476, 25479, 25702, 25704, 25707, 25732, 25684, 25686, 25688, 25900, 25901, 25699, 25913, 25916, 24848, 24863, 24865, 24879, 26102, 26105, 26110, 26115, 26117, 26076, 26210, 26211, 26234, 26238, 26260, 26248, 26249, 26512, 26514, 26516, 26518, 26550, 26551, 26554, 26556, 26558, 26559, 26591, 26594, 26597, 26740, 26743, 26746, 26748, 26781, 26784, 26788, 26910, 26914, 26937, 26938, 26962, 26965]",0.10508100000151899,success,,53.234018715766155,75.28427124689875,40.30989011778448,51.97559616865784,31.16363703607015,41.31539760309751
chi_clow_to_ohare_0103,w_0103,grid_0_10,True,False,clow_to_ohare,Clow International Airport to O'Hare International Airport,Clow International Airport,O'Hare International Airport,41.695923717435235,-88.12876224517822,41.97807408541273,-87.90902412382081,ohare_2026-03-07_1s_15nm_bbox,0.1,0.4,0.2,0.3,88,"[13722, 13727, 13718, 13742, 13746, 22697, 22932, 22934, 22937, 22963, 22965, 22967, 22969, 25222, 25223, 25225, 25228, 25245, 25248, 25260, 25263, 25267, 25290, 25291, 25198, 25420, 25424, 25434, 25436, 25460, 25462, 25476, 25479, 25702, 25704, 25707, 25732, 25684, 25686, 25688, 25900, 25901, 25699, 25913, 25916, 24848, 24863, 24865, 24879, 26102, 26105, 26110, 26115, 26117, 26076, 26210, 26211, 26234, 26238, 26260, 26248, 26249, 26512, 26514, 26516, 26518, 26550, 26551, 26554, 26556, 26558, 26559, 26591, 26594, 26597, 26740, 26743, 26746, 26748, 26781, 26784, 26788, 26910, 26914, 26937, 26938, 26962, 26965]",0.09317390000069281,success,,53.2340187157667,75.28427124689952,40.30989011778448,51.926718020002376,31.18459917842209,43.393106529330844
chi_clow_to_ohare_0104,w_0104,grid_0_10,True,False,clow_to_ohare,Clow International Airport to O'Hare International Airport,Clow International Airport,O'Hare International Airport,41.695923717435235,-88.12876224517822,41.97807408541273,-87.90902412382081,ohare_2026-03-07_1s_15nm_bbox,0.1,0.4,0.3,0.2,85,"[13722, 13727, 13718, 13742, 13746, 22697, 22932, 22934, 22961, 22964, 22972, 22975, 25200, 22994, 22997, 25130, 25241, 25243, 25247, 25261, 25264, 25266, 25290, 25291, 25198, 25420, 25424, 25434, 25437, 25439, 25463, 25466, 25469, 25492, 25496, 25708, 25731, 25735, 25687, 25920, 25923, 25925, 25930, 25933, 25936, 25955, 25956, 25973, 25977, 18200, 26122, 26127, 26150, 26161, 26164, 26167, 26190, 26194, 26401, 26405, 26407, 26431, 26432, 26436, 26535, 26537, 26562, 26575, 26578, 26720, 26594, 26597, 26740, 26743, 26746, 26748, 26781, 26784, 26788, 26910, 26914, 26937, 26938, 26962, 26965]",0.08204770000156714,success,,52.769552621698075,74.62741699741007,43.91000565837392,47.955198551816146,29.71199641203567,45.35570281104255
chi_clow_to_ohare_0105,w_0105,grid_0_10,True,False,clow_to_ohare,Clow International Airport to O'Hare International Airport,Clow International Airport,O'Hare International Airport,41.695923717435235,-88.12876224517822,41.97807408541273,-87.90902412382081,ohare_2026-03-07_1s_15nm_bbox,0.1,0.4,0.4,0.1,85,"[13722, 13727, 13718, 13742, 13746, 22697, 22932, 22934, 22961, 22964, 22972, 22975, 25200, 22994, 22997, 25130, 25241, 25243, 25247, 25261, 25264, 25266, 25290, 25291, 25198, 25420, 25424, 25434, 25437, 25439, 25463, 25466, 25469, 25492, 25496, 25708, 25731, 25735, 25687, 25920, 25923, 25925, 25930, 25933, 25936, 25955, 25956, 25973, 25977, 18200, 26122, 26127, 26150, 26161, 26164, 26167, 26190, 26194, 26401, 26405, 26407, 26431, 26432, 26436, 26535, 26537, 26562, 26575, 26578, 26720, 26594, 26597, 26740, 26743, 26746, 26748, 26781, 26784, 26788, 26910, 26914, 26937, 26938, 26962, 26965]",0.07855019999988144,success,,52.769552621698075,74.62741699741007,43.91000565837392,47.955198551816146,29.71199641203567,47.1800230250206
chi_clow_to_ohare_0106,w_0106,grid_0_10,True,False,clow_to_ohare,Clow International Airport to O'Hare International Airport,Clow International Airport,O'Hare International Airport,41.695923717435235,-88.12876224517822,41.97807408541273,-87.90902412382081,ohare_2026-03-07_1s_15nm_bbox,0.1,0.4,0.5,0.0,85,"[13722, 13727, 13718, 13742, 13746, 22697, 22932, 22934, 22961, 22964, 22972, 22975, 25200, 22994, 22997, 25130, 25241, 25136, 25139, 25164, 25167, 25169, 25193, 25195, 25199, 25420, 25424, 25434, 25437, 25439, 25463, 25466, 25469, 25492, 25496, 25708, 25731, 25735, 25687, 25920, 25923, 25925, 25930, 25933, 25936, 25955, 25956, 25973, 25977, 18200, 26122, 26127, 26150, 26161, 26164, 26167, 26191, 26193, 26197, 26405, 26406, 26409, 26432, 26436, 26535, 26537, 26562, 26575, 26578, 26720, 26594, 26597, 26740, 26743, 26746, 26748, 26781, 26784, 26788, 26910, 26914, 26937, 26938, 26962, 26965]",0.08126350000384264,success,,52.35533905932525,74.04163055978792,45.228704727251205,46.9366647297324,29.960167036421723,48.963977311745474
chi_clow_to_ohare_0107,w_0107,grid_0_10,True,False,clow_to_ohare,Clow International Airport to O'Hare International Airport,Clow International Airport,O'Hare International Airport,41.695923717435235,-88.12876224517822,41.97807408541273,-87.90902412382081,ohare_2026-03-07_1s_15nm_bbox,0.1,0.5,0.0,0.4,88,"[13722, 13727, 13718, 13742, 13746, 22697, 22932, 22934, 22937, 22981, 22982, 22986, 25220, 25222, 25223, 25225, 25228, 25250, 25252, 25253, 25256, 25267, 25290, 25291, 25198, 25420, 25424, 25434, 25437, 25439, 25463, 25466, 25468, 25493, 25705, 25707, 25732, 25684, 25686, 25688, 25900, 25901, 25699, 25913, 25916, 24848, 24863, 24865, 24879, 26102, 26105, 26110, 26115, 26117, 26076, 26210, 26211, 26234, 26238, 26260, 26248, 26249, 26512, 26514, 26516, 26518, 26550, 26551, 26554, 26556, 26558, 26559, 26591, 26594, 26597, 26740, 26743, 26746, 26748, 26792, 26794, 26798, 26930, 26934, 26936, 26960, 26962, 26965]",0.10804050000297138,success,,53.2340187157672,75.28427124690023,39.880450412484365,54.04640257205645,31.177235332803242,39.93954646405351
chi_clow_to_ohare_0108,w_0108,grid_0_10,True,False,clow_to_ohare,Clow International Airport to O'Hare International Airport,Clow International Airport,O'Hare International Airport,41.695923717435235,-88.12876224517822,41.97807408541273,-87.90902412382081,ohare_2026-03-07_1s_15nm_bbox,0.1,0.5,0.1,0.3,88,"[13722, 13727, 13718, 13742, 13746, 22697, 22932, 22934, 22937, 22981, 22982, 22967, 22969, 25222, 25223, 25225, 25228, 25245, 25248, 25260, 25263, 25267, 25290, 25291, 25198, 25420, 25424, 25434, 25436, 25460, 25462, 25476, 25479, 25702, 25704, 25707, 25732, 25684, 25686, 25688, 25900, 25901, 25699, 25913, 25916, 24848, 24863, 24865, 24879, 26102, 26105, 26110, 26115, 26117, 26076, 26210, 26211, 26234, 26238, 26260, 26248, 26249, 26512, 26514, 26516, 26518, 26550, 26551, 26554, 26556, 26558, 26559, 26591, 26594, 26597, 26740, 26743, 26746, 26748, 26792, 26794, 26798, 26930, 26934, 26936, 26960, 26962, 26965]",0.0974043000023812,success,,53.234018715766155,75.28427124689875,39.880450412484365,53.645886324344694,31.20431956046707,42.194536831506646
chi_clow_to_ohare_0109,w_0109,grid_0_10,True,False,clow_to_ohare,Clow International Airport to O'Hare International Airport,Clow International Airport,O'Hare International Airport,41.695923717435235,-88.12876224517822,41.97807408541273,-87.90902412382081,ohare_2026-03-07_1s_15nm_bbox,0.1,0.5,0.2,0.2,88,"[13722, 13727, 13718, 13742, 13746, 22697, 22932, 22934, 22937, 22963, 22965, 22967, 22969, 25222, 25223, 25225, 25228, 25245, 25248, 25260, 25263, 25267, 25290, 25291, 25198, 25420, 25424, 25434, 25436, 25460, 25462, 25476, 25479, 25702, 25704, 25707, 25732, 25684, 25686, 25688, 25900, 25901, 25699, 25913, 25916, 24848, 24863, 24865, 24879, 26102, 26105, 26110, 26115, 26117, 26076, 26210, 26211, 26234, 26238, 26260, 26248, 26249, 26512, 26514, 26516, 26518, 26550, 26551, 26554, 26556, 26558, 26559, 26591, 26594, 26597, 26740, 26743, 26746, 26748, 26781, 26784, 26788, 26910, 26914, 26937, 26938, 26962, 26965]",0.08535670000128448,success,,53.2340187157667,75.28427124689952,40.30989011778448,51.926718020002376,31.18459917842209,44.30563562326708
chi_clow_to_ohare_0110,w_0110,grid_0_10,True,False,clow_to_ohare,Clow International Airport to O'Hare International Airport,Clow International Airport,O'Hare International Airport,41.695923717435235,-88.12876224517822,41.97807408541273,-87.90902412382081,ohare_2026-03-07_1s_15nm_bbox,0.1,0.5,0.3,0.1,88,"[13722, 13727, 13718, 13742, 13746, 22697, 22932, 22934, 22961, 22964, 22972, 22975, 25200, 22994, 22997, 25130, 25241, 25243, 25247, 25261, 25264, 25266, 25290, 25291, 25198, 25420, 25424, 25434, 25436, 25460, 25462, 25476, 25479, 25702, 25704, 25707, 25732, 25684, 25686, 25688, 25900, 25901, 25699, 25913, 25916, 24848, 24863, 24865, 24879, 26102, 26105, 26110, 26115, 26117, 26076, 26210, 26211, 26234, 26238, 26260, 26248, 26249, 26512, 26514, 26516, 26518, 26550, 26551, 26554, 26556, 26558, 26559, 26591, 26594, 26597, 26740, 26743, 26746, 26748, 26781, 26784, 26788, 26910, 26914, 26937, 26938, 26962, 26965]",0.08153509999829112,success,,54.06244584051366,76.4558441221457,40.30989011778448,51.26440147394029,31.4449733254366,46.324347245832556
chi_clow_to_ohare_0111,w_0111,grid_0_10,True,False,clow_to_ohare,Clow International Airport to O'Hare International Airport,Clow International Airport,O'Hare International Airport,41.695923717435235,-88.12876224517822,41.97807408541273,-87.90902412382081,ohare_2026-03-07_1s_15nm_bbox,0.1,0.5,0.4,0.0,88,"[13722, 13727, 13718, 13742, 13746, 22697, 22932, 22934, 22961, 22964, 22972, 22975, 25200, 22994, 22997, 25130, 25241, 25243, 25247, 25261, 25264, 25266, 25290, 25291, 25198, 25420, 25424, 25434, 25436, 25461, 25462, 25476, 25479, 25702, 25704, 25707, 25732, 25684, 25686, 25688, 25902, 25905, 25915, 25919, 25941, 24861, 24866, 24865, 24879, 26102, 26105, 26110, 26115, 26117, 26076, 26210, 26211, 26234, 26238, 26260, 26248, 26249, 26512, 26514, 26516, 26518, 26550, 26551, 26554, 26556, 26558, 26559, 26591, 26594, 26597, 26740, 26743, 26746, 26748, 26781, 26784, 26788, 26910, 26914, 26937, 26938, 26962, 26965]",0.08069070000055945,success,,54.062445840513114,76.45584412214492,40.129508109821785,51.44632515129311,32.41761598328899,48.288868527642634
chi_clow_to_ohare_0112,w_0112,grid_0_10,True,False,clow_to_ohare,Clow International Airport to O'Hare International Airport,Clow International Airport,O'Hare International Airport,41.695923717435235,-88.12876224517822,41.97807408541273,-87.90902412382081,ohare_2026-03-07_1s_15nm_bbox,0.1,0.6,0.0,0.3,88,"[13722, 13727, 13718, 13742, 13746, 22697, 22932, 22934, 22937, 22981, 22982, 22986, 25220, 25222, 25223, 25225, 25228, 25250, 25252, 25253, 25256, 25267, 25290, 25291, 25198, 25420, 25424, 25434, 25437, 25439, 25463, 25466, 25468, 25493, 25705, 25707, 25732, 25684, 25686, 25688, 25900, 25901, 25699, 25913, 25916, 24848, 24863, 24865, 24879, 26102, 26105, 26110, 26115, 26117, 26076, 26210, 26211, 26234, 26238, 26260, 26248, 26249, 26512, 26514, 26516, 26518, 26550, 26551, 26554, 26556, 26558, 26559, 26591, 26594, 26597, 26750, 26753, 26755, 26688, 28100, 28103, 28106, 28109, 28122, 26935, 26960, 26962, 26965]",0.10648190000210889,success,,54.062445840513114,76.4558441221449,39.66573055983431,55.24044710682181,31.155285787927163,40.791608484493224
chi_clow_to_ohare_0113,w_0113,grid_0_10,True,False,clow_to_ohare,Clow International Airport to O'Hare International Airport,Clow International Airport,O'Hare International Airport,41.695923717435235,-88.12876224517822,41.97807408541273,-87.90902412382081,ohare_2026-03-07_1s_15nm_bbox,0.1,0.6,0.1,0.2,88,"[13722, 13727, 13718, 13742, 13746, 22697, 22932, 22934, 22937, 22963, 22965, 22967, 22969, 25222, 25223, 25225, 25228, 25245, 25248, 25260, 25263, 25267, 25290, 25291, 25198, 25420, 25424, 25434, 25436, 25460, 25462, 25476, 25479, 25702, 25704, 25707, 25732, 25684, 25686, 25688, 25900, 25901, 25699, 25913, 25916, 24848, 24863, 24865, 24879, 26102, 26105, 26110, 26115, 26117, 26076, 26210, 26211, 26234, 26238, 26260, 26248, 26249, 26512, 26514, 26516, 26518, 26550, 26551, 26554, 26556, 26558, 26559, 26591, 26594, 26597, 26740, 26743, 26746, 26748, 26792, 26794, 26798, 26930, 26934, 26936, 26960, 26962, 26965]",0.09293800000159536,success,,53.2340187157667,75.28427124689952,39.880450412484365,53.59700817568923,31.22528170281901,43.0614545303133
chi_clow_to_ohare_0114,w_0114,grid_0_10,True,False,clow_to_ohare,Clow International Airport to O'Hare International Airport,Clow International Airport,O'Hare International Airport,41.695923717435235,-88.12876224517822,41.97807408541273,-87.90902412382081,ohare_2026-03-07_1s_15nm_bbox,0.1,0.6,0.2,0.1,88,"[13722, 13727, 13718, 13742, 13746, 22697, 22932, 22934, 22937, 22963, 22965, 22967, 22969, 25222, 25223, 25225, 25228, 25245, 25248, 25260, 25263, 25267, 25290, 25291, 25198, 25420, 25424, 25434, 25436, 25460, 25462, 25476, 25479, 25702, 25704, 25707, 25732, 25684, 25686, 25688, 25900, 25901, 25699, 25913, 25916, 24848, 24863, 24865, 24879, 26102, 26105, 26110, 26115, 26117, 26076, 26210, 26211, 26234, 26238, 26260, 26248, 26249, 26512, 26514, 26516, 26518, 26550, 26551, 26554, 26556, 26558, 26559, 26591, 26594, 26597, 26740, 26743, 26746, 26748, 26781, 26784, 26788, 26910, 26914, 26937, 26938, 26962, 26965]",0.08435369999642717,success,,53.2340187157667,75.28427124689952,40.30989011778448,51.926718020002376,31.18459917842209,45.21816471720332
chi_clow_to_ohare_0115,w_0115,grid_0_10,True,False,clow_to_ohare,Clow International Airport to O'Hare International Airport,Clow International Airport,O'Hare International Airport,41.695923717435235,-88.12876224517822,41.97807408541273,-87.90902412382081,ohare_2026-03-07_1s_15nm_bbox,0.1,0.6,0.3,0.0,88,"[13722, 13727, 13718, 13742, 13746, 22697, 22932, 22934, 22961, 22964, 22972, 22975, 25200, 22994, 22997, 25130, 25241, 25243, 25247, 25261, 25264, 25266, 25290, 25291, 25198, 25420, 25424, 25434, 25436, 25461, 25462, 25476, 25479, 25702, 25704, 25707, 25732, 25684, 25686, 25688, 25902, 25905, 25915, 25919, 25941, 24861, 24866, 24865, 24879, 26102, 26105, 26110, 26115, 26117, 26076, 26210, 26211, 26234, 26238, 26260, 26248, 26249, 26512, 26514, 26516, 26518, 26550, 26551, 26554, 26556, 26558, 26559, 26591, 26594, 26597, 26740, 26743, 26746, 26748, 26781, 26784, 26788, 26910, 26914, 26937, 26938, 26962, 26965]",0.08497600000555394,success,,54.062445840513114,76.45584412214492,40.129508109821785,51.44632515129311,32.41761598328899,47.15718682349549
chi_clow_to_ohare_0116,w_0116,grid_0_10,True,False,clow_to_ohare,Clow International Airport to O'Hare International Airport,Clow International Airport,O'Hare International Airport,41.695923717435235,-88.12876224517822,41.97807408541273,-87.90902412382081,ohare_2026-03-07_1s_15nm_bbox,0.1,0.7,0.0,0.2,97,"[13722, 13727, 13718, 13742, 13746, 22697, 22932, 22934, 22937, 22981, 22982, 22986, 25220, 25222, 25223, 25225, 25228, 25250, 25252, 25253, 25256, 25267, 25290, 25291, 25198, 25420, 25424, 25434, 25437, 25439, 25463, 25466, 25468, 25493, 25705, 25707, 25732, 25684, 25686, 25688, 25900, 25901, 25698, 25696, 25697, 24816, 24840, 24841, 24831, 24830, 24809, 24823, 24828, 24850, 24778, 26022, 26026, 26007, 26041, 26044, 26048, 26201, 26204, 26096, 26098, 26221, 26224, 26227, 26270, 26273, 26276, 26280, 26514, 26516, 26518, 26550, 26551, 26554, 26556, 26558, 26559, 26591, 26594, 26597, 26750, 26753, 26755, 26688, 28100, 28103, 28106, 28109, 26932, 26936, 26960, 26962, 26965]",0.10055730000021867,success,,57.5269119345813,81.35533905872137,37.95837665278968,60.4060572607136,34.58118607757605,41.62263477834012
chi_clow_to_ohare_0117,w_0117,grid_0_10,True,False,clow_to_ohare,Clow International Airport to O'Hare International Airport,Clow International Airport,O'Hare International Airport,41.695923717435235,-88.12876224517822,41.97807408541273,-87.90902412382081,ohare_2026-03-07_1s_15nm_bbox,0.1,0.7,0.1,0.1,88,"[13722, 13727, 13718, 13742, 13746, 22697, 22932, 22934, 22937, 22963, 22965, 22967, 22969, 25222, 25223, 25225, 25228, 25245, 25248, 25260, 25263, 25267, 25290, 25291, 25198, 25420, 25424, 25434, 25436, 25460, 25462, 25476, 25479, 25702, 25704, 25707, 25732, 25684, 25686, 25688, 25902, 25905, 25915, 25919, 25941, 24861, 24866, 24865, 24879, 26102, 26105, 26110, 26115, 26117, 26076, 26210, 26211, 26234, 26238, 26260, 26248, 26249, 26512, 26514, 26516, 26518, 26550, 26551, 26554, 26556, 26558, 26559, 26591, 26594, 26597, 26740, 26743, 26746, 26748, 26792, 26794, 26798, 26930, 26934, 26936, 26960, 26962, 26965]",0.09157100000447826,success,,53.2340187157667,75.28427124689952,39.70006840452167,53.77893185304205,32.19792435594813,43.91616062875414
chi_clow_to_ohare_0118,w_0118,grid_0_10,True,False,clow_to_ohare,Clow International Airport to O'Hare International Airport,Clow International Airport,O'Hare International Airport,41.695923717435235,-88.12876224517822,41.97807408541273,-87.90902412382081,ohare_2026-03-07_1s_15nm_bbox,0.1,0.7,0.2,0.0,88,"[13722, 13727, 13718, 13742, 13746, 22697, 22932, 22934, 22961, 22964, 22972, 22975, 25200, 22994, 22997, 25130, 25241, 25243, 25247, 25261, 25264, 25266, 25290, 25291, 25198, 25420, 25424, 25434, 25436, 25461, 25462, 25476, 25479, 25702, 25704, 25707, 25732, 25684, 25686, 25688, 25902, 25905, 25915, 25919, 25941, 24861, 24866, 24865, 24879, 26102, 26105, 26110, 26115, 26117, 26076, 26210, 26211, 26234, 26238, 26260, 26248, 26249, 26512, 26514, 26516, 26518, 26550, 26551, 26554, 26556, 26558, 26559, 26591, 26594, 26597, 26740, 26743, 26746, 26748, 26781, 26795, 26797, 26931, 26914, 26937, 26938, 26962, 26965]",0.08706900000106543,success,,54.47665940288621,77.04163055976747,39.91478825717173,51.89259527165359,32.436787625324186,46.023033890327675
chi_clow_to_ohare_0119,w_0119,grid_0_10,True,False,clow_to_ohare,Clow International Airport to O'Hare International Airport,Clow International Airport,O'Hare International Airport,41.695923717435235,-88.12876224517822,41.97807408541273,-87.90902412382081,ohare_2026-03-07_1s_15nm_bbox,0.1,0.8,0.0,0.1,97,"[13722, 13727, 13718, 13742, 13746, 22697, 22932, 22934, 22937, 22981, 22982, 22986, 25220, 25222, 25223, 25225, 25228, 25250, 25252, 25253, 25256, 25267, 25290, 25291, 25198, 25420, 25424, 25434, 25437, 25439, 25463, 25466, 25468, 25493, 25705, 25707, 25732, 25684, 25686, 25921, 25904, 25907, 25915, 25917, 25916, 24845, 24844, 24843, 24833, 24834, 24832, 24826, 24828, 24850, 24778, 26022, 26026, 26007, 26041, 26044, 26048, 26201, 26204, 26096, 26098, 26221, 26224, 26227, 26270, 26273, 26276, 26280, 26514, 26516, 26518, 26550, 26551, 26554, 26556, 26558, 26559, 26591, 26594, 26597, 26750, 26753, 26755, 26688, 28100, 28103, 28106, 28109, 28122, 26935, 26960, 26962, 26965]",0.09468970000307309,success,,57.941125496953305,81.94112549634235,37.50742163288297,61.413363837574806,36.637864875585606,41.86383634349917
chi_clow_to_ohare_0120,w_0120,grid_0_10,True,False,clow_to_ohare,Clow International Airport to O'Hare International Airport,Clow International Airport,O'Hare International Airport,41.695923717435235,-88.12876224517822,41.97807408541273,-87.90902412382081,ohare_2026-03-07_1s_15nm_bbox,0.1,0.8,0.1,0.0,97,"[13722, 13727, 13718, 13742, 13746, 22697, 22932, 22934, 22961, 22964, 22972, 22975, 22978, 25201, 25204, 25207, 25240, 25243, 25247, 25261, 25264, 25266, 25290, 25291, 25198, 25420, 25424, 25434, 25436, 25461, 25462, 25476, 25479, 25702, 25704, 25707, 25732, 25684, 25686, 25921, 25904, 25907, 25915, 25917, 25916, 24845, 24847, 24843, 24833, 24834, 24832, 24826, 24828, 24850, 24778, 26022, 26026, 26007, 26041, 26044, 26048, 26201, 26204, 26096, 26098, 26221, 26241, 26243, 26245, 26247, 26249, 26512, 26514, 26516, 26518, 26550, 26551, 26554, 26556, 26558, 26559, 26591, 26594, 26597, 26740, 26743, 26746, 26748, 26792, 26794, 26798, 26930, 26934, 26936, 26960, 26962, 26965]",0.08789120000437833,success,,57.1126983722081,80.76955262109867,37.72214148553303,59.529861938830635,36.90029615283409,44.20765464441936
chi_clow_to_ohare_0121,w_0121,grid_0_10,True,False,clow_to_ohare,Clow International Airport to O'Hare International Airport,Clow International Airport,O'Hare International Airport,41.695923717435235,-88.12876224517822,41.97807408541273,-87.90902412382081,ohare_2026-03-07_1s_15nm_bbox,0.1,0.9,0.0,0.0,135,"[13722, 13709, 13708, 13495, 13491, 13477, 13475, 22492, 22490, 22467, 22452, 22450, 22426, 22432, 22433, 22447, 22448, 22470, 22278, 22293, 22292, 22706, 22709, 22721, 22543, 22545, 22544, 22563, 22564, 22565, 22558, 22556, 22590, 22572, 22573, 23770, 23749, 23771, 23764, 23765, 23763, 23759, 23780, 23784, 23825, 23829, 23831, 23845, 23844, 23849, 23961, 23963, 23965, 23980, 23981, 23992, 23997, 23999, 24132, 24135, 24138, 24160, 24148, 24181, 24186, 24188, 4985, 4988, 7301, 7305, 7309, 7322, 7323, 7326, 7329, 7352, 7357, 24633, 24638, 24639, 24657, 24682, 24684, 24695, 24697, 24696, 24762, 24761, 24793, 24794, 24792, 24787, 24788, 26003, 26005, 26008, 26041, 26044, 26048, 26201, 26204, 26096, 26098, 26221, 26224, 26227, 26270, 26273, 26276, 26280, 26514, 26516, 26518, 26550, 26551, 26554, 26556, 26558, 26559, 26591, 26594, 26597, 26740, 26752, 26756, 26757, 28100, 28103, 28106, 28109, 28122, 26935, 26960, 26962, 26965]",0.08653989999584155,success,,80.6690475583006,114.08326111981887,32.435816593903,88.2534100881456,65.93309765766067,40.60056104649459
chi_clow_to_ohare_0122,w_0122,grid_0_10,True,False,clow_to_ohare,Clow International Airport to O'Hare International Airport,Clow International Airport,O'Hare International Airport,41.695923717435235,-88.12876224517822,41.97807408541273,-87.90902412382081,ohare_2026-03-07_1s_15nm_bbox,0.2,0.0,0.0,0.8,85,"[13722, 13725, 13728, 13761, 13764, 13767, 13770, 13774, 13776, 16000, 16003, 16006, 16009, 16041, 16045, 16048, 16071, 16074, 16076, 16079, 16302, 16305, 16308, 16332, 16334, 16338, 16370, 16373, 16377, 16390, 16393, 16396, 16630, 16631, 16626, 16629, 16651, 16654, 25822, 25824, 25832, 25837, 25850, 25852, 25855, 25867, 25890, 25894, 25898, 18023, 18025, 18050, 18038, 18062, 18066, 18077, 18300, 18305, 18246, 18271, 18273, 18267, 18269, 18503, 18505, 18507, 26470, 26474, 26477, 26811, 26813, 26816, 26822, 26827, 26829, 26738, 26771, 26773, 26920, 26921, 26912, 26917, 26950, 26961, 26965]",0.10124350000114646,success,,51.94112549694981,73.45584412216202,62.28355635902341,56.78302848785421,24.060131186366917,33.93927377352594
chi_clow_to_ohare_0123,w_0123,grid_0_10,True,False,clow_to_ohare,Clow International Airport to O'Hare International Airport,Clow International Airport,O'Hare International Airport,41.695923717435235,-88.12876224517822,41.97807408541273,-87.90902412382081,ohare_2026-03-07_1s_15nm_bbox,0.2,0.0,0.1,0.7,85,"[13722, 13725, 13728, 13761, 13764, 13767, 13770, 13774, 13778, 16001, 16004, 16007, 16040, 16043, 16046, 16049, 16072, 16073, 16067, 16091, 16093, 16096, 16320, 16323, 16324, 16328, 25508, 25530, 25532, 25534, 25542, 25546, 25549, 25573, 25576, 25579, 25800, 25593, 25596, 25599, 25843, 25846, 25860, 25863, 25866, 25869, 25892, 25895, 18020, 18022, 18026, 18037, 18039, 18063, 18074, 18077, 18300, 18305, 18246, 18271, 18273, 18267, 18269, 18503, 18505, 18507, 26470, 26474, 26477, 26811, 26813, 26816, 26822, 26827, 26829, 26738, 26771, 26773, 26920, 26921, 26912, 26917, 26950, 26961, 26965]",0.08712409999861848,success,,51.941125496954854,73.45584412216914,61.20775264212632,51.14991560607393,24.13167913866721,36.69833578210827
chi_clow_to_ohare_0124,w_0124,grid_0_10,True,False,clow_to_ohare,Clow International Airport to O'Hare International Airport,Clow International Airport,O'Hare International Airport,41.695923717435235,-88.12876224517822,41.97807408541273,-87.90902412382081,ohare_2026-03-07_1s_15nm_bbox,0.2,0.0,0.2,0.6,85,"[13722, 13726, 13739, 13751, 13755, 13757, 13790, 13793, 13797, 13799, 16024, 16005, 16009, 16043, 16046, 16049, 16072, 16073, 16067, 16091, 16093, 16096, 16320, 16323, 16324, 16328, 25508, 25530, 25532, 25534, 25542, 25546, 25549, 25573, 25576, 25579, 25800, 25593, 25596, 25599, 25843, 25846, 25860, 25863, 25866, 25869, 25892, 25895, 18020, 18022, 18026, 18037, 18039, 18063, 18074, 18077, 18300, 18305, 18246, 18271, 18273, 18267, 18269, 18503, 18505, 18507, 26470, 26474, 26477, 26811, 26813, 26816, 26822, 26827, 26829, 26738, 26771, 26773, 26920, 26921, 26912, 26917, 26950, 26961, 26965]",0.0783378000051016,success,,53.18376618407255,75.21320343503452,59.44876479726438,49.57552979562109,24.04867238098688,39.386950074723245
chi_clow_to_ohare_0125,w_0125,grid_0_10,True,False,clow_to_ohare,Clow International Airport to O'Hare International Airport,Clow International Airport,O'Hare International Airport,41.695923717435235,-88.12876224517822,41.97807408541273,-87.90902412382081,ohare_2026-03-07_1s_15nm_bbox,0.2,0.0,0.3,0.5,85,"[13722, 13726, 13739, 13751, 13755, 13757, 13790, 13793, 13797, 13799, 16024, 16005, 16009, 16043, 16046, 16049, 16072, 16074, 16077, 16091, 16093, 16096, 16320, 16323, 16324, 16328, 25508, 25530, 25532, 25534, 25542, 25546, 25549, 25561, 25564, 25579, 25800, 25593, 25596, 25599, 25843, 25846, 25860, 25863, 25866, 25869, 25892, 25895, 18020, 18022, 18026, 18037, 18039, 18063, 18074, 18077, 18300, 18305, 18246, 18271, 18273, 18267, 18269, 18503, 18505, 18507, 26470, 26474, 26477, 26811, 26813, 26816, 26822, 26827, 26829, 26738, 26771, 26773, 26920, 26921, 26912, 26917, 26950, 26961, 26965]",0.07445880000159377,success,,54.01219330882006,76.38477631028147,59.44876479726438,48.63106624582288,24.047185684465443,41.88986797803588
chi_clow_to_ohare_0126,w_0126,grid_0_10,True,False,clow_to_ohare,Clow International Airport to O'Hare International Airport,Clow International Airport,O'Hare International Airport,41.695923717435235,-88.12876224517822,41.97807408541273,-87.90902412382081,ohare_2026-03-07_1s_15nm_bbox,0.2,0.0,0.4,0.4,85,"[13722, 13726, 13739, 13751, 13755, 13757, 13790, 13793, 13797, 13799, 16024, 16005, 16009, 16043, 16046, 16049, 16072, 16074, 16077, 16091, 16092, 16097, 25278, 25501, 25286, 25287, 25511, 25514, 25526, 25551, 25554, 25459, 25483, 25486, 25495, 25497, 25721, 25724, 25727, 25740, 25742, 25819, 25762, 25765, 25768, 25791, 25795, 25797, 18020, 18022, 18026, 18037, 18039, 18063, 18074, 18078, 18302, 18243, 18248, 18249, 18265, 18266, 18500, 18501, 18504, 26449, 26471, 26475, 26488, 26489, 26812, 26821, 26824, 26826, 26735, 26737, 26770, 26768, 26769, 26789, 26913, 26915, 26938, 26962, 26965]",0.07533820000389824,success,,55.254833995938526,78.14213562314795,61.24918007124629,47.24782265707621,24.315851756821516,44.253896890188685
chi_clow_to_ohare_0127,w_0127,grid_0_10,True,False,clow_to_ohare,Clow International Airport to O'Hare International Airport,Clow International Airport,O'Hare International Airport,41.695923717435235,-88.12876224517822,41.97807408541273,-87.90902412382081,ohare_2026-03-07_1s_15nm_bbox,0.2,0.0,0.5,0.3,85,"[13722, 13727, 13718, 13742, 13746, 22697, 22932, 22933, 22938, 22980, 22984, 22987, 25210, 25211, 25224, 25225, 25228, 25245, 25247, 25249, 25165, 25190, 25193, 25194, 25405, 25408, 25432, 25444, 25446, 25470, 25473, 25477, 25638, 25641, 25645, 25647, 25681, 25685, 25688, 25902, 25904, 25906, 25909, 25942, 25946, 25947, 24890, 24895, 24898, 26121, 26123, 26135, 26139, 26163, 26164, 26167, 26191, 26193, 26197, 26421, 26407, 26409, 26433, 26436, 26535, 26537, 26562, 26565, 26576, 26579, 26723, 26725, 26727, 26760, 26761, 26747, 26782, 26784, 26788, 26910, 26914, 26937, 26938, 26962, 26965]",0.07074339999962831,success,,51.9411254969601,73.45584412217663,64.2348265206265,45.12887978853363,29.83221424854086,46.2052729932644
chi_clow_to_ohare_0128,w_0128,grid_0_10,True,False,clow_to_ohare,Clow International Airport to O'Hare International Airport,Clow International Airport,O'Hare International Airport,41.695923717435235,-88.12876224517822,41.97807408541273,-87.90902412382081,ohare_2026-03-07_1s_15nm_bbox,0.2,0.0,0.6,0.2,85,"[13722, 13727, 13718, 13742, 13746, 22697, 22932, 22934, 22961, 22964, 22972, 22975, 25200, 22994, 22998, 25132, 25142, 25144, 25147, 25149, 25174, 25176, 25178, 25413, 25354, 25359, 25372, 25373, 25396, 25621, 25624, 25627, 25650, 25671, 25672, 25649, 25681, 25685, 25688, 25902, 25904, 25906, 25909, 25942, 25946, 25947, 24890, 24895, 24898, 26121, 26123, 26135, 26139, 26163, 26164, 26167, 26191, 26193, 26197, 26421, 26407, 26409, 26433, 26436, 26535, 26537, 26562, 26565, 26576, 26579, 26723, 26725, 26727, 26760, 26761, 26747, 26782, 26784, 26788, 26910, 26914, 26937, 26938, 26962, 26965]",0.06840360000205692,success,,53.597979746449795,75.798989872663,60.901460685473474,44.096301607273524,30.303570131206577,47.67829296513803
chi_clow_to_ohare_0129,w_0129,grid_0_10,True,False,clow_to_ohare,Clow International Airport to O'Hare International Airport,Clow International Airport,O'Hare International Airport,41.695923717435235,-88.12876224517822,41.97807408541273,-87.90902412382081,ohare_2026-03-07_1s_15nm_bbox,0.2,0.0,0.7,0.1,85,"[13722, 13727, 13718, 13742, 13746, 22697, 22932, 22934, 22961, 22964, 22972, 22975, 25200, 22994, 22998, 25132, 25142, 25144, 25147, 25149, 25174, 25176, 25178, 25413, 25354, 25359, 25372, 25373, 25396, 25621, 25624, 25627, 25650, 25671, 25672, 25649, 25681, 25685, 25688, 25902, 25904, 25906, 25909, 25942, 25946, 25947, 24890, 24895, 24898, 26121, 26123, 26135, 26139, 26163, 26164, 26167, 26191, 26193, 26197, 26421, 26407, 26409, 26433, 26436, 26535, 26537, 26562, 26565, 26576, 26579, 26723, 26725, 26727, 26760, 26761, 26747, 26782, 26784, 26788, 26910, 26914, 26937, 26938, 26962, 26965]",0.06755250000423985,success,,53.597979746449795,75.798989872663,60.901460685473474,44.096301607273524,30.303570131206577,49.05756611274472
chi_clow_to_ohare_0130,w_0130,grid_0_10,True,False,clow_to_ohare,Clow International Airport to O'Hare International Airport,Clow International Airport,O'Hare International Airport,41.695923717435235,-88.12876224517822,41.97807408541273,-87.90902412382081,ohare_2026-03-07_1s_15nm_bbox,0.2,0.0,0.8,0.0,88,"[13722, 13727, 13718, 13742, 13746, 22697, 22932, 22934, 22961, 22964, 22972, 22975, 25200, 22994, 22998, 25132, 25142, 25144, 25147, 25149, 25174, 25176, 25178, 25351, 25356, 25358, 25372, 25373, 25396, 25621, 25624, 25627, 25650, 25651, 25673, 25675, 25677, 25679, 25698, 25699, 25913, 25917, 25919, 25941, 24864, 24868, 24892, 26104, 26106, 26109, 26116, 26140, 26143, 26212, 26215, 26219, 26262, 26263, 26267, 26511, 26514, 26286, 26520, 26523, 26626, 26627, 26641, 26634, 26637, 26639, 26653, 26655, 26659, 26672, 26674, 26678, 26692, 27569, 27803, 28110, 28113, 28117, 28129, 28143, 28145, 28147, 26969, 26965]",0.0673183999970206,success,,58.204581464242246,82.31370849836773,60.38038023782687,42.41496143906004,34.407907464582294,50.394710850921584
chi_clow_to_ohare_0131,w_0131,grid_0_10,True,False,clow_to_ohare,Clow International Airport to O'Hare International Airport,Clow International Airport,O'Hare International Airport,41.695923717435235,-88.12876224517822,41.97807408541273,-87.90902412382081,ohare_2026-03-07_1s_15nm_bbox,0.2,0.1,0.0,0.7,85,"[13722, 13727, 13718, 13742, 13746, 22697, 22932, 22934, 22937, 22981, 22982, 22986, 25220, 25222, 25223, 25225, 25228, 25250, 25252, 25253, 25256, 25258, 25259, 25283, 25285, 25289, 25511, 25514, 25516, 25541, 25544, 25547, 25549, 25573, 25576, 25579, 25800, 25803, 25806, 25830, 25842, 25846, 25860, 25863, 25866, 25868, 25892, 25797, 18020, 18022, 18026, 18037, 18039, 18063, 18074, 18078, 18300, 18305, 18246, 18271, 18273, 18267, 18269, 18503, 18505, 18507, 26470, 26474, 26477, 26811, 26813, 26816, 26822, 26827, 26829, 26738, 26771, 26773, 26920, 26921, 26912, 26917, 26950, 26961, 26965]",0.08893530000204919,success,,51.94112549695459,73.45584412216876,50.865937134126256,53.80862660363863,24.598503992846044,36.996715332838605
chi_clow_to_ohare_0132,w_0132,grid_0_10,True,False,clow_to_ohare,Clow International Airport to O'Hare International Airport,Clow International Airport,O'Hare International Airport,41.695923717435235,-88.12876224517822,41.97807408541273,-87.90902412382081,ohare_2026-03-07_1s_15nm_bbox,0.2,0.1,0.1,0.6,85,"[13722, 13727, 13718, 13742, 13746, 22697, 22932, 22934, 22937, 22981, 22982, 22967, 22969, 25222, 25223, 25225, 25228, 25250, 25248, 25260, 25263, 25267, 25290, 25291, 25198, 25420, 25424, 25434, 25437, 25439, 25463, 25466, 25469, 25491, 25495, 25497, 25720, 25723, 25726, 25729, 25742, 25819, 25762, 25765, 25769, 25790, 25793, 25797, 18020, 18022, 18026, 18037, 18039, 18063, 18074, 18078, 18300, 18305, 18246, 18271, 18273, 18267, 18269, 18503, 18505, 18507, 26470, 26474, 26477, 26811, 26813, 26816, 26822, 26827, 26829, 26738, 26771, 26773, 26920, 26921, 26912, 26917, 26950, 26961, 26965]",0.08002940000005765,success,,53.183766184073605,75.213203435036,48.54517051359011,51.47684616584625,24.623642870934127,39.81902807751131
chi_clow_to_ohare_0133,w_0133,grid_0_10,True,False,clow_to_ohare,Clow International Airport to O'Hare International Airport,Clow International Airport,O'Hare International Airport,41.695923717435235,-88.12876224517822,41.97807408541273,-87.90902412382081,ohare_2026-03-07_1s_15nm_bbox,0.2,0.1,0.2,0.5,85,"[13722, 13727, 13718, 13742, 13746, 22697, 22932, 22934, 22937, 22981, 22982, 22967, 22969, 25222, 25223, 25225, 25228, 25245, 25248, 25261, 25262, 25190, 25193, 25195, 25199, 25420, 25424, 25434, 25437, 25439, 25463, 25466, 25469, 25491, 25495, 25497, 25720, 25723, 25726, 25729, 25742, 25819, 25762, 25765, 25769, 25790, 25793, 25797, 18020, 18022, 18026, 18037, 18039, 18063, 18074, 18078, 18300, 18305, 18246, 18271, 18273, 18267, 18269, 18503, 18505, 18507, 26470, 26474, 26477, 26811, 26813, 26816, 26822, 26827, 26829, 26738, 26771, 26773, 26920, 26921, 26912, 26917, 26950, 26961, 26965]",0.07664359999762382,success,,53.18376618407383,75.21320343503632,49.822492517814545,50.741242398516626,24.627548458315538,42.48691264764982
chi_clow_to_ohare_0134,w_0134,grid_0_10,True,False,clow_to_ohare,Clow International Airport to O'Hare International Airport,Clow International Airport,O'Hare International Airport,41.695923717435235,-88.12876224517822,41.97807408541273,-87.90902412382081,ohare_2026-03-07_1s_15nm_bbox,0.2,0.1,0.3,0.4,85,"[13722, 13727, 13718, 13742, 13746, 22697, 22932, 22934, 22961, 22964, 22972, 22975, 25200, 22994, 22997, 25130, 25135, 25136, 25139, 25164, 25167, 25169, 25193, 25195, 25199, 25420, 25424, 25434, 25437, 25439, 25463, 25466, 25469, 25491, 25495, 25497, 25721, 25724, 25727, 25740, 25742, 25819, 25762, 25765, 25769, 25790, 25793, 25797, 18020, 18022, 18026, 18037, 18039, 18063, 18074, 18077, 18300, 18305, 18246, 18271, 18273, 18267, 18269, 18503, 18505, 18507, 26470, 26474, 26477, 26811, 26813, 26816, 26822, 26827, 26829, 26738, 26771, 26773, 26920, 26921, 26912, 26917, 26950, 26961, 26965]",0.0727751000013086,success,,53.59797974644775,75.79898987266002,49.82802889707716,49.56508731427442,24.92437664870458,44.98187771800388
chi_clow_to_ohare_0135,w_0135,grid_0_10,True,False,clow_to_ohare,Clow International Airport to O'Hare International Airport,Clow International Airport,O'Hare International Airport,41.695923717435235,-88.12876224517822,41.97807408541273,-87.90902412382081,ohare_2026-03-07_1s_15nm_bbox,0.2,0.1,0.4,0.3,85,"[13722, 13727, 13718, 13742, 13746, 22697, 22932, 22934, 22961, 22964, 22972, 22975, 25200, 22994, 22997, 25130, 25135, 25136, 25139, 25164, 25167, 25169, 25193, 25195, 25199, 25420, 25424, 25434, 25437, 25439, 25463, 25466, 25469, 25492, 25496, 25708, 25731, 25735, 25687, 25920, 25923, 25925, 25930, 25933, 25936, 25955, 25956, 25973, 25977, 18200, 26122, 26127, 26150, 26161, 26164, 26167, 26191, 26193, 26197, 26405, 26407, 26431, 26432, 26436, 26535, 26537, 26562, 26575, 26578, 26720, 26594, 26597, 26740, 26743, 26746, 26748, 26781, 26784, 26788, 26910, 26914, 26937, 26938, 26962, 26965]",0.07081070000276668,success,,51.94112549695298,73.45584412216654,45.228704727251205,47.235568608910796,29.729209817285113,47.02702968590828
chi_clow_to_ohare_0136,w_0136,grid_0_10,True,False,clow_to_ohare,Clow International Airport to O'Hare International Airport,Clow International Airport,O'Hare International Airport,41.695923717435235,-88.12876224517822,41.97807408541273,-87.90902412382081,ohare_2026-03-07_1s_15nm_bbox,0.2,0.1,0.5,0.2,85,"[13722, 13727, 13718, 13742, 13746, 22697, 22932, 22934, 22961, 22964, 22972, 22975, 25200, 22994, 22997, 25130, 25241, 25136, 25139, 25164, 25167, 25169, 25193, 25195, 25199, 25420, 25424, 25434, 25437, 25439, 25463, 25466, 25469, 25492, 25496, 25708, 25731, 25735, 25687, 25920, 25923, 25925, 25930, 25933, 25936, 25955, 25956, 25973, 25977, 18200, 26122, 26127, 26150, 26161, 26164, 26167, 26191, 26193, 26197, 26421, 26407, 26431, 26432, 26436, 26535, 26537, 26562, 26575, 26578, 26720, 26594, 26597, 26740, 26743, 26746, 26748, 26781, 26784, 26788, 26910, 26914, 26937, 26938, 26962, 26965]",0.06925359999877401,success,,52.355339059326575,74.04163055978978,45.384690544385464,46.921990620011755,29.7242439487819,48.75263926615876
chi_clow_to_ohare_0137,w_0137,grid_0_10,True,False,clow_to_ohare,Clow International Airport to O'Hare International Airport,Clow International Airport,O'Hare International Airport,41.695923717435235,-88.12876224517822,41.97807408541273,-87.90902412382081,ohare_2026-03-07_1s_15nm_bbox,0.2,0.1,0.6,0.1,85,"[13722, 13727, 13718, 13742, 13746, 22697, 22932, 22934, 22961, 22964, 22972, 22975, 25200, 22994, 22998, 25132, 25142, 25144, 25147, 25149, 25174, 25176, 25178, 25413, 25354, 25359, 25372, 25373, 25396, 25621, 25624, 25627, 25650, 25671, 25673, 25675, 25677, 25679, 25698, 25699, 25913, 25917, 25919, 25941, 24864, 24868, 24891, 24893, 24898, 26121, 26123, 26135, 26139, 26163, 26164, 26167, 26191, 26193, 26197, 26421, 26407, 26431, 26434, 26435, 26439, 26538, 26561, 26563, 26568, 26701, 26704, 26707, 26708, 26760, 26761, 26747, 26782, 26784, 26788, 26910, 26914, 26937, 26938, 26962, 26965]",0.06831649999367073,success,,52.35533905932897,74.0416305597932,57.3449796073106,44.576847379507555,30.817684417012465,50.37070094209548
chi_clow_to_ohare_0138,w_0138,grid_0_10,True,False,clow_to_ohare,Clow International Airport to O'Hare International Airport,Clow International Airport,O'Hare International Airport,41.695923717435235,-88.12876224517822,41.97807408541273,-87.90902412382081,ohare_2026-03-07_1s_15nm_bbox,0.2,0.1,0.7,0.0,85,"[13722, 13727, 13718, 13742, 13746, 22697, 22932, 22934, 22961, 22964, 22972, 22975, 25200, 22994, 22998, 25132, 25142, 25144, 25147, 25149, 25174, 25176, 25178, 25413, 25354, 25359, 25372, 25373, 25396, 25621, 25624, 25627, 25650, 25651, 25673, 25675, 25677, 25679, 25698, 25699, 25913, 25917, 25919, 25941, 24864, 24868, 24891, 24893, 24898, 26121, 26123, 26135, 26139, 26163, 26164, 26167, 26191, 26193, 26197, 26405, 26406, 26409, 26433, 26436, 26439, 26538, 26561, 26563, 26568, 26701, 26704, 26707, 26708, 26760, 26761, 26747, 26782, 26784, 26788, 26910, 26914, 26937, 26938, 26962, 26965]",0.06573650000063935,success,,52.35533905932738,74.04163055979095,57.3449796073106,44.57653181365585,31.05360750465782,51.746396342248346
chi_clow_to_ohare_0139,w_0139,grid_0_10,True,False,clow_to_ohare,Clow International Airport to O'Hare International Airport,Clow International Airport,O'Hare International Airport,41.695923717435235,-88.12876224517822,41.97807408541273,-87.90902412382081,ohare_2026-03-07_1s_15nm_bbox,0.2,0.2,0.0,0.6,85,"[13722, 13727, 13718, 13742, 13746, 22697, 22932, 22934, 22937, 22981, 22982, 22986, 25220, 25222, 25223, 25225, 25228, 25250, 25252, 25253, 25256, 25267, 25290, 25291, 25198, 25420, 25424, 25434, 25437, 25439, 25463, 25466, 25469, 25491, 25489, 25712, 25715, 25717, 25811, 25814, 25815, 25818, 25761, 25764, 25767, 25790, 25793, 25797, 18020, 18022, 18026, 18037, 18039, 18063, 18074, 18078, 18300, 18305, 18246, 18271, 18273, 18267, 18269, 18503, 18505, 18507, 26470, 26474, 26477, 26811, 26813, 26816, 26822, 26827, 26829, 26738, 26771, 26773, 26920, 26921, 26912, 26917, 26950, 26961, 26965]",0.0910647999990033,success,,53.18376618407437,75.2132034350371,47.88805371347373,53.15766878558435,24.598742755439158,39.379497082965656
chi_clow_to_ohare_0140,w_0140,grid_0_10,True,False,clow_to_ohare,Clow International Airport to O'Hare International Airport,Clow International Airport,O'Hare International Airport,41.695923717435235,-88.12876224517822,41.97807408541273,-87.90902412382081,ohare_2026-03-07_1s_15nm_bbox,0.2,0.2,0.1,0.5,85,"[13722, 13727, 13718, 13742, 13746, 22697, 22932, 22934, 22937, 22981, 22982, 22967, 22969, 25222, 25223, 25225, 25228, 25245, 25248, 25260, 25263, 25267, 25290, 25291, 25198, 25420, 25424, 25434, 25437, 25439, 25463, 25466, 25469, 25491, 25495, 25497, 25720, 25723, 25810, 25814, 25815, 25818, 25761, 25764, 25767, 25790, 25793, 25797, 18020, 18022, 18026, 18037, 18039, 18063, 18074, 18078, 18300, 18305, 18246, 18271, 18273, 18267, 18269, 18503, 18505, 18507, 26470, 26474, 26477, 26811, 26813, 26816, 26822, 26827, 26829, 26738, 26771, 26773, 26920, 26921, 26912, 26917, 26950, 26961, 26965]",0.08011019999685232,success,,53.18376618407278,75.21320343503486,47.88805371347373,52.413499054228765,24.62582695408868,42.17451481216894
chi_clow_to_ohare_0141,w_0141,grid_0_10,True,False,clow_to_ohare,Clow International Airport to O'Hare International Airport,Clow International Airport,O'Hare International Airport,41.695923717435235,-88.12876224517822,41.97807408541273,-87.90902412382081,ohare_2026-03-07_1s_15nm_bbox,0.2,0.2,0.2,0.4,85,"[13722, 13727, 13718, 13742, 13746, 22697, 22932, 22934, 22937, 22963, 22965, 22967, 22969, 25222, 25223, 25225, 25228, 25245, 25248, 25260, 25263, 25267, 25290, 25291, 25198, 25420, 25424, 25434, 25437, 25439, 25463, 25466, 25469, 25491, 25495, 25497, 25720, 25723, 25726, 25729, 25742, 25819, 25762, 25765, 25769, 25790, 25793, 25797, 18020, 18022, 18026, 18037, 18039, 18063, 18074, 18078, 18300, 18305, 18246, 18271, 18273, 18267, 18269, 18503, 18505, 18507, 26470, 26474, 26477, 26811, 26813, 26816, 26822, 26827, 26829, 26738, 26771, 26773, 26920, 26921, 26912, 26917, 26950, 26961, 26965]",0.0750463000003947,success,,53.18376618407333,75.21320343503561,48.54517051359011,51.41538095099953,24.646789096440624,44.8934666185013
chi_clow_to_ohare_0142,w_0142,grid_0_10,True,False,clow_to_ohare,Clow International Airport to O'Hare International Airport,Clow International Airport,O'Hare International Airport,41.695923717435235,-88.12876224517822,41.97807408541273,-87.90902412382081,ohare_2026-03-07_1s_15nm_bbox,0.2,0.2,0.3,0.3,85,"[13722, 13727, 13718, 13742, 13746, 22697, 22932, 22934, 22961, 22964, 22972, 22975, 25200, 22994, 22997, 25130, 25135, 25136, 25139, 25164, 25167, 25169, 25193, 25195, 25199, 25420, 25424, 25434, 25437, 25439, 25463, 25466, 25469, 25492, 25496, 25708, 25731, 25735, 25687, 25920, 25923, 25925, 25930, 25933, 25936, 25955, 25956, 25973, 25977, 18200, 26122, 26127, 26150, 26161, 26164, 26167, 26191, 26193, 26197, 26405, 26407, 26431, 26432, 26436, 26535, 26537, 26562, 26575, 26578, 26720, 26594, 26597, 26740, 26743, 26746, 26748, 26781, 26784, 26788, 26910, 26914, 26937, 26938, 26962, 26965]",0.07138870000198949,success,,51.94112549695298,73.45584412216654,45.228704727251205,47.235568608910796,29.729209817285113,46.826343297742326
chi_clow_to_ohare_0143,w_0143,grid_0_10,True,False,clow_to_ohare,Clow International Airport to O'Hare International Airport,Clow International Airport,O'Hare International Airport,41.695923717435235,-88.12876224517822,41.97807408541273,-87.90902412382081,ohare_2026-03-07_1s_15nm_bbox,0.2,0.2,0.4,0.2,85,"[13722, 13727, 13718, 13742, 13746, 22697, 22932, 22934, 22961, 22964, 22972, 22975, 25200, 22994, 22997, 25130, 25135, 25136, 25139, 25164, 25167, 25169, 25193, 25195, 25199, 25420, 25424, 25434, 25437, 25439, 25463, 25466, 25469, 25492, 25496, 25708, 25731, 25735, 25687, 25920, 25923, 25925, 25930, 25933, 25936, 25955, 25956, 25973, 25977, 18200, 26122, 26127, 26150, 26161, 26164, 26167, 26191, 26193, 26197, 26405, 26407, 26431, 26432, 26436, 26535, 26537, 26562, 26575, 26578, 26720, 26594, 26597, 26740, 26743, 26746, 26748, 26781, 26784, 26788, 26910, 26914, 26937, 26938, 26962, 26965]",0.06989550000434974,success,,51.94112549695298,73.45584412216654,45.228704727251205,47.235568608910796,29.729209817285113,48.57697917690489
chi_clow_to_ohare_0144,w_0144,grid_0_10,True,False,clow_to_ohare,Clow International Airport to O'Hare International Airport,Clow International Airport,O'Hare International Airport,41.695923717435235,-88.12876224517822,41.97807408541273,-87.90902412382081,ohare_2026-03-07_1s_15nm_bbox,0.2,0.2,0.5,0.1,85,"[13722, 13727, 13718, 13742, 13746, 22697, 22932, 22934, 22961, 22964, 22972, 22975, 25200, 22994, 22997, 25130, 25241, 25136, 25139, 25164, 25167, 25169, 25193, 25195, 25199, 25420, 25424, 25434, 25437, 25439, 25463, 25466, 25469, 25492, 25496, 25708, 25731, 25735, 25687, 25920, 25923, 25925, 25930, 25933, 25936, 25955, 25956, 25973, 25977, 18200, 26122, 26127, 26150, 26161, 26164, 26167, 26191, 26193, 26197, 26405, 26407, 26431, 26432, 26436, 26535, 26537, 26562, 26575, 26578, 26720, 26594, 26597, 26740, 26743, 26746, 26748, 26781, 26784, 26788, 26910, 26914, 26937, 26938, 26962, 26965]",0.06849130000045989,success,,52.35533905932553,74.0416305597883,45.228704727251205,46.95938794731013,29.7242439487819,50.30618542594115
chi_clow_to_ohare_0145,w_0145,grid_0_10,True,False,clow_to_ohare,Clow International Airport to O'Hare International Airport,Clow International Airport,O'Hare International Airport,41.695923717435235,-88.12876224517822,41.97807408541273,-87.90902412382081,ohare_2026-03-07_1s_15nm_bbox,0.2,0.2,0.6,0.0,85,"[13722, 13727, 13718, 13742, 13746, 22697, 22932, 22934, 22961, 22964, 22972, 22975, 25200, 22994, 22997, 25130, 25241, 25136, 25139, 25164, 25167, 25169, 25193, 25195, 25199, 25420, 25424, 25434, 25437, 25439, 25463, 25466, 25469, 25492, 25496, 25708, 25731, 25735, 25687, 25920, 25923, 25925, 25930, 25933, 25936, 25955, 25956, 25973, 25977, 18200, 26122, 26127, 26150, 26161, 26164, 26167, 26191, 26193, 26197, 26405, 26406, 26409, 26432, 26436, 26535, 26537, 26562, 26575, 26578, 26720, 26594, 26597, 26740, 26743, 26746, 26748, 26781, 26784, 26788, 26910, 26914, 26937, 26938, 26962, 26965]",0.06765610000002198,success,,52.35533905932525,74.04163055978792,45.228704727251205,46.9366647297324,29.960167036421723,52.016065895247266
chi_clow_to_ohare_0146,w_0146,grid_0_10,True,False,clow_to_ohare,Clow International Airport to O'Hare International Airport,Clow International Airport,O'Hare International Airport,41.695923717435235,-88.12876224517822,41.97807408541273,-87.90902412382081,ohare_2026-03-07_1s_15nm_bbox,0.2,0.3,0.0,0.5,85,"[13722, 13727, 13718, 13742, 13746, 22697, 22932, 22934, 22937, 22981, 22982, 22986, 25220, 25222, 25223, 25225, 25228, 25250, 25252, 25253, 25256, 25267, 25290, 25291, 25198, 25420, 25424, 25434, 25437, 25439, 25463, 25466, 25469, 25491, 25489, 25712, 25715, 25717, 25811, 25814, 25815, 25818, 25761, 25764, 25767, 25790, 25793, 25797, 18020, 18022, 18026, 18037, 18039, 18063, 18074, 18078, 18300, 18305, 18246, 18271, 18273, 18267, 18269, 18503, 18505, 18507, 26470, 26474, 26477, 26811, 26813, 26816, 26822, 26827, 26829, 26738, 26771, 26773, 26920, 26921, 26912, 26917, 26950, 26961, 26965]",0.08479219999571797,success,,53.18376618407437,75.2132034350371,47.88805371347373,53.15766878558435,24.598742755439158,41.70842817876912
chi_clow_to_ohare_0147,w_0147,grid_0_10,True,False,clow_to_ohare,Clow International Airport to O'Hare International Airport,Clow International Airport,O'Hare International Airport,41.695923717435235,-88.12876224517822,41.97807408541273,-87.90902412382081,ohare_2026-03-07_1s_15nm_bbox,0.2,0.3,0.1,0.4,85,"[13722, 13727, 13718, 13742, 13746, 22697, 22932, 22934, 22937, 22981, 22982, 22967, 22969, 25222, 25223, 25225, 25228, 25245, 25248, 25260, 25263, 25267, 25290, 25291, 25198, 25420, 25424, 25434, 25437, 25439, 25463, 25466, 25469, 25491, 25495, 25497, 25720, 25723, 25810, 25814, 25815, 25818, 25761, 25764, 25767, 25790, 25793, 25797, 18020, 18022, 18026, 18037, 18039, 18063, 18074, 18078, 18300, 18305, 18246, 18271, 18273, 18267, 18269, 18503, 18505, 18507, 26470, 26474, 26477, 26811, 26813, 26816, 26822, 26827, 26829, 26738, 26771, 26773, 26920, 26921, 26912, 26917, 26950, 26961, 26965]",0.08056889999716077,success,,53.18376618407278,75.21320343503486,47.88805371347373,52.413499054228765,24.62582695408868,44.50073748810744
chi_clow_to_ohare_0148,w_0148,grid_0_10,True,False,clow_to_ohare,Clow International Airport to O'Hare International Airport,Clow International Airport,O'Hare International Airport,41.695923717435235,-88.12876224517822,41.97807408541273,-87.90902412382081,ohare_2026-03-07_1s_15nm_bbox,0.2,0.3,0.2,0.3,85,"[13722, 13727, 13718, 13742, 13746, 22697, 22932, 22934, 22937, 22963, 22965, 22967, 22969, 25222, 25223, 25225, 25228, 25245, 25248, 25260, 25263, 25267, 25290, 25291, 25198, 25420, 25424, 25434, 25437, 25439, 25463, 25466, 25469, 25492, 25496, 25708, 25731, 25735, 25687, 25920, 25923, 25925, 25930, 25933, 25936, 25955, 25956, 25973, 25977, 18200, 26122, 26127, 26150, 26161, 26164, 26167, 26190, 26194, 26401, 26405, 26407, 26431, 26432, 26436, 26535, 26537, 26562, 26575, 26578, 26720, 26594, 26597, 26740, 26743, 26746, 26748, 26781, 26784, 26788, 26910, 26914, 26937, 26938, 26962, 26965]",0.07461379999585915,success,,51.94112549695111,73.45584412216391,43.91000565837392,48.61751509787823,29.45162226502116,46.42316022102695
chi_clow_to_ohare_0149,w_0149,grid_0_10,True,False,clow_to_ohare,Clow International Airport to O'Hare International Airport,Clow International Airport,O'Hare International Airport,41.695923717435235,-88.12876224517822,41.97807408541273,-87.90902412382081,ohare_2026-03-07_1s_15nm_bbox,0.2,0.3,0.3,0.2,85,"[13722, 13727, 13718, 13742, 13746, 22697, 22932, 22934, 22937, 22963, 22965, 22967, 22969, 25222, 25223, 25225, 25228, 25245, 25248, 25260, 25263, 25267, 25290, 25291, 25198, 25420, 25424, 25434, 25437, 25439, 25463, 25466, 25469, 25492, 25496, 25708, 25731, 25735, 25687, 25920, 25923, 25925, 25930, 25933, 25936, 25955, 25956, 25973, 25977, 18200, 26122, 26127, 26150, 26161, 26164, 26167, 26190, 26194, 26401, 26405, 26407, 26431, 26432, 26436, 26535, 26537, 26562, 26575, 26578, 26720, 26594, 26597, 26740, 26743, 26746, 26748, 26781, 26784, 26788, 26910, 26914, 26937, 26938, 26962, 26965]",0.0711829000065336,success,,51.94112549695111,73.45584412216391,43.91000565837392,48.61751509787823,29.45162226502116,48.33974950431266
chi_clow_to_ohare_0150,w_0150,grid_0_10,True,False,clow_to_ohare,Clow International Airport to O'Hare International Airport,Clow International Airport,O'Hare International Airport,41.695923717435235,-88.12876224517822,41.97807408541273,-87.90902412382081,ohare_2026-03-07_1s_15nm_bbox,0.2,0.3,0.4,0.1,85,"[13722, 13727, 13718, 13742, 13746, 22697, 22932, 22934, 22961, 22964, 22972, 22975, 25200, 22994, 22997, 25130, 25135, 25136, 25139, 25164, 25167, 25169, 25193, 25195, 25199, 25420, 25424, 25434, 25437, 25439, 25463, 25466, 25469, 25492, 25496, 25708, 25731, 25735, 25687, 25920, 25923, 25925, 25930, 25933, 25936, 25955, 25956, 25973, 25977, 18200, 26122, 26127, 26150, 26161, 26164, 26167, 26191, 26193, 26197, 26405, 26407, 26431, 26432, 26436, 26535, 26537, 26562, 26575, 26578, 26720, 26594, 26597, 26740, 26743, 26746, 26748, 26781, 26784, 26788, 26910, 26914, 26937, 26938, 26962, 26965]",0.0706346000006306,success,,51.94112549695298,73.45584412216654,45.228704727251205,47.235568608910796,29.729209817285113,50.1269286679015
chi_clow_to_ohare_0151,w_0151,grid_0_10,True,False,clow_to_ohare,Clow International Airport to O'Hare International Airport,Clow International Airport,O'Hare International Airport,41.695923717435235,-88.12876224517822,41.97807408541273,-87.90902412382081,ohare_2026-03-07_1s_15nm_bbox,0.2,0.3,0.5,0.0,85,"[13722, 13727, 13718, 13742, 13746, 22697, 22932, 22934, 22961, 22964, 22972, 22975, 25200, 22994, 22997, 25130, 25241, 25136, 25139, 25164, 25167, 25169, 25193, 25195, 25199, 25420, 25424, 25434, 25437, 25439, 25463, 25466, 25469, 25492, 25496, 25708, 25731, 25735, 25687, 25920, 25923, 25925, 25930, 25933, 25936, 25955, 25956, 25973, 25977, 18200, 26122, 26127, 26150, 26161, 26164, 26167, 26191, 26193, 26197, 26405, 26406, 26409, 26432, 26436, 26535, 26537, 26562, 26575, 26578, 26720, 26594, 26597, 26740, 26743, 26746, 26748, 26781, 26784, 26788, 26910, 26914, 26937, 26938, 26962, 26965]",0.07096189999720082,success,,52.35533905932525,74.04163055978792,45.228704727251205,46.9366647297324,29.960167036421723,51.84526989499915
chi_clow_to_ohare_0152,w_0152,grid_0_10,True,False,clow_to_ohare,Clow International Airport to O'Hare International Airport,Clow International Airport,O'Hare International Airport,41.695923717435235,-88.12876224517822,41.97807408541273,-87.90902412382081,ohare_2026-03-07_1s_15nm_bbox,0.2,0.4,0.0,0.4,88,"[13722, 13727, 13718, 13742, 13746, 22697, 22932, 22934, 22937, 22981, 22982, 22986, 25220, 25222, 25223, 25225, 25228, 25250, 25252, 25253, 25256, 25267, 25290, 25291, 25198, 25420, 25424, 25434, 25437, 25439, 25463, 25466, 25468, 25493, 25705, 25707, 25732, 25684, 25686, 25688, 25900, 25901, 25699, 25913, 25916, 24848, 24863, 24865, 24879, 26102, 26105, 26110, 26115, 26117, 26076, 26210, 26211, 26234, 26238, 26260, 26248, 26249, 26512, 26514, 26516, 26518, 26550, 26551, 26554, 26556, 26558, 26559, 26591, 26594, 26597, 26740, 26743, 26746, 26748, 26792, 26794, 26798, 26930, 26934, 26936, 26960, 26962, 26965]",0.08495789999869885,success,,53.2340187157672,75.28427124690023,39.880450412484365,54.04640257205645,31.177235332803242,43.47992854749509
chi_clow_to_ohare_0153,w_0153,grid_0_10,True,False,clow_to_ohare,Clow International Airport to O'Hare International Airport,Clow International Airport,O'Hare International Airport,41.695923717435235,-88.12876224517822,41.97807408541273,-87.90902412382081,ohare_2026-03-07_1s_15nm_bbox,0.2,0.4,0.1,0.3,88,"[13722, 13727, 13718, 13742, 13746, 22697, 22932, 22934, 22937, 22981, 22982, 22967, 22969, 25222, 25223, 25225, 25228, 25245, 25248, 25260, 25263, 25267, 25290, 25291, 25198, 25420, 25424, 25434, 25436, 25460, 25462, 25476, 25479, 25702, 25704, 25707, 25732, 25684, 25686, 25688, 25900, 25901, 25699, 25913, 25916, 24848, 24863, 24865, 24879, 26102, 26105, 26110, 26115, 26117, 26076, 26210, 26211, 26234, 26238, 26260, 26248, 26249, 26512, 26514, 26516, 26518, 26550, 26551, 26554, 26556, 26558, 26559, 26591, 26594, 26597, 26740, 26743, 26746, 26748, 26781, 26784, 26788, 26910, 26914, 26937, 26938, 26962, 26965]",0.07508520000556018,success,,53.234018715766155,75.28427124689875,40.30989011778448,51.97559616865784,31.16363703607015,45.727461024180364
chi_clow_to_ohare_0154,w_0154,grid_0_10,True,False,clow_to_ohare,Clow International Airport to O'Hare International Airport,Clow International Airport,O'Hare International Airport,41.695923717435235,-88.12876224517822,41.97807408541273,-87.90902412382081,ohare_2026-03-07_1s_15nm_bbox,0.2,0.4,0.2,0.2,88,"[13722, 13727, 13718, 13742, 13746, 22697, 22932, 22934, 22937, 22963, 22965, 22967, 22969, 25222, 25223, 25225, 25228, 25245, 25248, 25260, 25263, 25267, 25290, 25291, 25198, 25420, 25424, 25434, 25436, 25460, 25462, 25476, 25479, 25702, 25704, 25707, 25732, 25684, 25686, 25688, 25900, 25901, 25699, 25913, 25916, 24848, 24863, 24865, 24879, 26102, 26105, 26110, 26115, 26117, 26076, 26210, 26211, 26234, 26238, 26260, 26248, 26249, 26512, 26514, 26516, 26518, 26550, 26551, 26554, 26556, 26558, 26559, 26591, 26594, 26597, 26740, 26743, 26746, 26748, 26781, 26784, 26788, 26910, 26914, 26937, 26938, 26962, 26965]",0.07118009999976493,success,,53.2340187157667,75.28427124689952,40.30989011778448,51.926718020002376,31.18459917842209,47.80307373617859
chi_clow_to_ohare_0155,w_0155,grid_0_10,True,False,clow_to_ohare,Clow International Airport to O'Hare International Airport,Clow International Airport,O'Hare International Airport,41.695923717435235,-88.12876224517822,41.97807408541273,-87.90902412382081,ohare_2026-03-07_1s_15nm_bbox,0.2,0.4,0.3,0.1,85,"[13722, 13727, 13718, 13742, 13746, 22697, 22932, 22934, 22937, 22963, 22965, 22967, 22969, 25222, 25223, 25225, 25228, 25245, 25248, 25260, 25263, 25267, 25290, 25291, 25198, 25420, 25424, 25434, 25437, 25439, 25463, 25466, 25469, 25492, 25496, 25708, 25731, 25735, 25687, 25920, 25923, 25925, 25930, 25933, 25936, 25955, 25956, 25973, 25977, 18200, 26122, 26127, 26150, 26161, 26164, 26167, 26190, 26194, 26401, 26405, 26407, 26431, 26432, 26436, 26535, 26537, 26562, 26575, 26578, 26720, 26594, 26597, 26740, 26743, 26746, 26748, 26781, 26784, 26788, 26910, 26914, 26937, 26938, 26962, 26965]",0.07047459999739658,success,,51.94112549695111,73.45584412216391,43.91000565837392,48.61751509787823,29.45162226502116,49.78558784364793
chi_clow_to_ohare_0156,w_0156,grid_0_10,True,False,clow_to_ohare,Clow International Airport to O'Hare International Airport,Clow International Airport,O'Hare International Airport,41.695923717435235,-88.12876224517822,41.97807408541273,-87.90902412382081,ohare_2026-03-07_1s_15nm_bbox,0.2,0.4,0.4,0.0,85,"[13722, 13727, 13718, 13742, 13746, 22697, 22932, 22934, 22961, 22964, 22972, 22975, 25200, 22994, 22997, 25130, 25241, 25243, 25247, 25261, 25264, 25266, 25290, 25291, 25198, 25420, 25424, 25434, 25437, 25439, 25463, 25466, 25469, 25492, 25496, 25708, 25731, 25735, 25687, 25920, 25923, 25925, 25930, 25933, 25936, 25955, 25956, 25973, 25977, 18200, 26122, 26127, 26150, 26161, 26164, 26167, 26190, 26194, 26401, 26405, 26406, 26409, 26432, 26436, 26535, 26537, 26562, 26575, 26578, 26720, 26594, 26597, 26740, 26743, 26746, 26748, 26781, 26784, 26788, 26910, 26914, 26937, 26938, 26962, 26965]",0.06884809999610297,success,,52.7695526216978,74.62741699740968,43.91000565837392,47.93247533423842,29.94791949967549,51.66247579652688
chi_clow_to_ohare_0157,w_0157,grid_0_10,True,False,clow_to_ohare,Clow International Airport to O'Hare International Airport,Clow International Airport,O'Hare International Airport,41.695923717435235,-88.12876224517822,41.97807408541273,-87.90902412382081,ohare_2026-03-07_1s_15nm_bbox,0.2,0.5,0.0,0.3,88,"[13722, 13727, 13718, 13742, 13746, 22697, 22932, 22934, 22937, 22981, 22982, 22986, 25220, 25222, 25223, 25225, 25228, 25250, 25252, 25253, 25256, 25267, 25290, 25291, 25198, 25420, 25424, 25434, 25437, 25439, 25463, 25466, 25468, 25493, 25705, 25707, 25732, 25684, 25686, 25688, 25900, 25901, 25699, 25913, 25916, 24848, 24863, 24865, 24879, 26102, 26105, 26110, 26115, 26117, 26076, 26210, 26211, 26234, 26238, 26260, 26248, 26249, 26512, 26514, 26516, 26518, 26550, 26551, 26554, 26556, 26558, 26559, 26591, 26594, 26597, 26740, 26743, 26746, 26748, 26792, 26794, 26798, 26930, 26934, 26936, 26960, 26962, 26965]",0.07906739999452839,success,,53.2340187157672,75.28427124690023,39.880450412484365,54.04640257205645,31.177235332803242,44.3502500554632
chi_clow_to_ohare_0158,w_0158,grid_0_10,True,False,clow_to_ohare,Clow International Airport to O'Hare International Airport,Clow International Airport,O'Hare International Airport,41.695923717435235,-88.12876224517822,41.97807408541273,-87.90902412382081,ohare_2026-03-07_1s_15nm_bbox,0.2,0.5,0.1,0.2,88,"[13722, 13727, 13718, 13742, 13746, 22697, 22932, 22934, 22937, 22963, 22965, 22967, 22969, 25222, 25223, 25225, 25228, 25245, 25248, 25260, 25263, 25267, 25290, 25291, 25198, 25420, 25424, 25434, 25436, 25460, 25462, 25476, 25479, 25702, 25704, 25707, 25732, 25684, 25686, 25688, 25900, 25901, 25699, 25913, 25916, 24848, 24863, 24865, 24879, 26102, 26105, 26110, 26115, 26117, 26076, 26210, 26211, 26234, 26238, 26260, 26248, 26249, 26512, 26514, 26516, 26518, 26550, 26551, 26554, 26556, 26558, 26559, 26591, 26594, 26597, 26740, 26743, 26746, 26748, 26792, 26794, 26798, 26930, 26934, 26936, 26960, 26962, 26965]",0.07266450000315672,success,,53.2340187157667,75.28427124689952,39.880450412484365,53.59700817568923,31.22528170281901,46.60183661375481
chi_clow_to_ohare_0159,w_0159,grid_0_10,True,False,clow_to_ohare,Clow International Airport to O'Hare International Airport,Clow International Airport,O'Hare International Airport,41.695923717435235,-88.12876224517822,41.97807408541273,-87.90902412382081,ohare_2026-03-07_1s_15nm_bbox,0.2,0.5,0.2,0.1,88,"[13722, 13727, 13718, 13742, 13746, 22697, 22932, 22934, 22937, 22963, 22965, 22967, 22969, 25222, 25223, 25225, 25228, 25245, 25248, 25260, 25263, 25267, 25290, 25291, 25198, 25420, 25424, 25434, 25436, 25460, 25462, 25476, 25479, 25702, 25704, 25707, 25732, 25684, 25686, 25688, 25900, 25901, 25699, 25913, 25916, 24848, 24863, 24865, 24879, 26102, 26105, 26110, 26115, 26117, 26076, 26210, 26211, 26234, 26238, 26260, 26248, 26249, 26512, 26514, 26516, 26518, 26550, 26551, 26554, 26556, 26558, 26559, 26591, 26594, 26597, 26740, 26743, 26746, 26748, 26781, 26784, 26788, 26910, 26914, 26937, 26938, 26962, 26965]",0.07441860000108136,success,,53.2340187157667,75.28427124689952,40.30989011778448,51.926718020002376,31.18459917842209,48.715602830114825
chi_clow_to_ohare_0160,w_0160,grid_0_10,True,False,clow_to_ohare,Clow International Airport to O'Hare International Airport,Clow International Airport,O'Hare International Airport,41.695923717435235,-88.12876224517822,41.97807408541273,-87.90902412382081,ohare_2026-03-07_1s_15nm_bbox,0.2,0.5,0.3,0.0,88,"[13722, 13727, 13718, 13742, 13746, 22697, 22932, 22934, 22961, 22964, 22972, 22975, 22978, 25201, 25204, 25207, 25240, 25243, 25247, 25261, 25264, 25266, 25290, 25291, 25198, 25420, 25424, 25434, 25436, 25461, 25462, 25476, 25479, 25702, 25704, 25707, 25732, 25684, 25686, 25688, 25902, 25905, 25915, 25919, 25941, 24861, 24866, 24865, 24879, 26102, 26105, 26110, 26115, 26117, 26076, 26210, 26211, 26234, 26238, 26260, 26248, 26249, 26512, 26514, 26516, 26518, 26550, 26551, 26554, 26556, 26558, 26559, 26591, 26594, 26597, 26740, 26743, 26746, 26748, 26781, 26784, 26788, 26910, 26914, 26937, 26938, 26962, 26965]",0.07054369999968912,success,,53.234018715767476,75.28427124690062,40.129508109821785,52.08435008385432,32.33448548131248,50.74691332944731
chi_clow_to_ohare_0161,w_0161,grid_0_10,True,False,clow_to_ohare,Clow International Airport to O'Hare International Airport,Clow International Airport,O'Hare International Airport,41.695923717435235,-88.12876224517822,41.97807408541273,-87.90902412382081,ohare_2026-03-07_1s_15nm_bbox,0.2,0.6,0.0,0.2,88,"[13722, 13727, 13718, 13742, 13746, 22697, 22932, 22934, 22937, 22981, 22982, 22986, 25220, 25222, 25223, 25225, 25228, 25250, 25252, 25253, 25256, 25267, 25290, 25291, 25198, 25420, 25424, 25434, 25437, 25439, 25463, 25466, 25468, 25493, 25705, 25707, 25732, 25684, 25686, 25688, 25900, 25901, 25699, 25913, 25916, 24848, 24863, 24865, 24879, 26102, 26105, 26110, 26115, 26117, 26076, 26210, 26211, 26234, 26238, 26260, 26248, 26249, 26512, 26514, 26516, 26518, 26550, 26551, 26554, 26556, 26558, 26559, 26591, 26594, 26597, 26740, 26743, 26746, 26748, 26792, 26794, 26798, 26930, 26934, 26936, 26960, 26962, 26965]",0.07463329999882262,success,,53.2340187157672,75.28427124690023,39.880450412484365,54.04640257205645,31.177235332803242,45.22057156343132
chi_clow_to_ohare_0162,w_0162,grid_0_10,True,False,clow_to_ohare,Clow International Airport to O'Hare International Airport,Clow International Airport,O'Hare International Airport,41.695923717435235,-88.12876224517822,41.97807408541273,-87.90902412382081,ohare_2026-03-07_1s_15nm_bbox,0.2,0.6,0.1,0.1,88,"[13722, 13727, 13718, 13742, 13746, 22697, 22932, 22934, 22937, 22963, 22965, 22967, 22969, 25222, 25223, 25225, 25228, 25245, 25248, 25260, 25263, 25267, 25290, 25291, 25198, 25420, 25424, 25434, 25436, 25460, 25462, 25476, 25479, 25702, 25704, 25707, 25732, 25684, 25686, 25688, 25900, 25901, 25699, 25913, 25916, 24848, 24863, 24865, 24879, 26102, 26105, 26110, 26115, 26117, 26076, 26210, 26211, 26234, 26238, 26260, 26248, 26249, 26512, 26514, 26516, 26518, 26550, 26551, 26554, 26556, 26558, 26559, 26591, 26594, 26597, 26740, 26743, 26746, 26748, 26792, 26794, 26798, 26930, 26934, 26936, 26960, 26962, 26965]",0.07266600000002654,success,,53.2340187157667,75.28427124689952,39.880450412484365,53.59700817568923,31.22528170281901,47.46735348472135
chi_clow_to_ohare_0163,w_0163,grid_0_10,True,False,clow_to_ohare,Clow International Airport to O'Hare International Airport,Clow International Airport,O'Hare International Airport,41.695923717435235,-88.12876224517822,41.97807408541273,-87.90902412382081,ohare_2026-03-07_1s_15nm_bbox,0.2,0.6,0.2,0.0,88,"[13722, 13727, 13718, 13742, 13746, 22697, 22932, 22934, 22961, 22964, 22972, 22975, 22978, 25201, 25204, 25207, 25240, 25243, 25247, 25261, 25264, 25266, 25290, 25291, 25198, 25420, 25424, 25434, 25436, 25461, 25462, 25476, 25479, 25702, 25704, 25707, 25732, 25684, 25686, 25688, 25902, 25905, 25915, 25919, 25941, 24861, 24866, 24865, 24879, 26102, 26105, 26110, 26115, 26117, 26076, 26210, 26211, 26234, 26238, 26260, 26248, 26249, 26512, 26514, 26516, 26518, 26550, 26551, 26554, 26556, 26558, 26559, 26591, 26594, 26597, 26740, 26743, 26746, 26748, 26781, 26784, 26788, 26910, 26914, 26937, 26938, 26962, 26965]",0.07151030000386527,success,,53.234018715767476,75.28427124690062,40.129508109821785,52.08435008385432,32.33448548131248,49.551429132044056
chi_clow_to_ohare_0164,w_0164,grid_0_10,True,False,clow_to_ohare,Clow International Airport to O'Hare International Airport,Clow International Airport,O'Hare International Airport,41.695923717435235,-88.12876224517822,41.97807408541273,-87.90902412382081,ohare_2026-03-07_1s_15nm_bbox,0.2,0.7,0.0,0.1,88,"[13722, 13727, 13718, 13742, 13746, 22697, 22932, 22934, 22937, 22981, 22982, 22986, 25220, 25222, 25223, 25225, 25228, 25250, 25252, 25253, 25256, 25267, 25290, 25291, 25198, 25420, 25424, 25434, 25437, 25439, 25463, 25466, 25468, 25493, 25705, 25707, 25732, 25684, 25686, 25921, 25904, 25907, 25915, 25917, 25916, 24848, 24863, 24865, 24879, 26102, 26105, 26110, 26115, 26117, 26076, 26210, 26211, 26234, 26238, 26260, 26248, 26249, 26512, 26514, 26516, 26518, 26550, 26551, 26554, 26556, 26558, 26559, 26591, 26594, 26597, 26740, 26743, 26746, 26748, 26792, 26794, 26798, 26930, 26934, 26936, 26960, 26962, 26965]",0.07502640000166139,success,,53.23401871576665,75.28427124689945,39.60987740054034,55.202774054460846,32.1365121654882,45.997419646306945
chi_clow_to_ohare_0165,w_0165,grid_0_10,True,False,clow_to_ohare,Clow International Airport to O'Hare International Airport,Clow International Airport,O'Hare International Airport,41.695923717435235,-88.12876224517822,41.97807408541273,-87.90902412382081,ohare_2026-03-07_1s_15nm_bbox,0.2,0.7,0.1,0.0,88,"[13722, 13727, 13718, 13742, 13746, 22697, 22932, 22934, 22961, 22964, 22972, 22975, 22978, 25201, 25204, 25207, 25240, 25243, 25247, 25261, 25264, 25266, 25290, 25291, 25198, 25420, 25424, 25434, 25436, 25461, 25462, 25476, 25479, 25702, 25704, 25707, 25732, 25684, 25686, 25688, 25902, 25905, 25915, 25919, 25941, 24861, 24866, 24865, 24879, 26102, 26105, 26110, 26115, 26117, 26076, 26210, 26211, 26234, 26238, 26260, 26248, 26249, 26512, 26514, 26516, 26518, 26550, 26551, 26554, 26556, 26558, 26559, 26591, 26594, 26597, 26740, 26743, 26746, 26748, 26792, 26794, 26798, 26930, 26934, 26936, 26960, 26962, 26965]",0.07384730000194395,success,,53.234018715767476,75.28427124690062,39.70006840452167,53.754640239541175,32.3751680057094,48.22236615649941
chi_clow_to_ohare_0166,w_0166,grid_0_10,True,False,clow_to_ohare,Clow International Airport to O'Hare International Airport,Clow International Airport,O'Hare International Airport,41.695923717435235,-88.12876224517822,41.97807408541273,-87.90902412382081,ohare_2026-03-07_1s_15nm_bbox,0.2,0.8,0.0,0.0,97,"[13722, 13727, 13718, 13742, 13746, 22697, 22932, 22934, 22961, 22963, 22965, 22968, 22969, 25222, 25223, 25225, 25228, 25245, 25248, 25260, 25263, 25266, 25290, 25291, 25198, 25420, 25424, 25434, 25437, 25460, 25464, 25467, 25490, 25702, 25704, 25707, 25732, 25684, 25686, 25921, 25904, 25907, 25915, 25917, 25916, 24845, 24847, 24846, 24835, 24836, 24832, 24826, 24828, 24850, 24778, 26022, 26026, 26007, 26041, 26044, 26048, 26201, 26204, 26096, 26098, 26221, 26224, 26227, 26245, 26247, 26249, 26512, 26514, 26516, 26518, 26550, 26551, 26554, 26556, 26558, 26559, 26591, 26594, 26597, 26740, 26743, 26754, 26759, 26791, 26794, 26798, 26930, 26934, 26936, 26960, 26962, 26965]",0.07635389999632025,success,,57.11269837220327,80.76955262109183,37.72214148553303,60.986557164428355,36.75258747874091,46.33162371264479
chi_clow_to_ohare_0167,w_0167,grid_0_10,True,False,clow_to_ohare,Clow International Airport to O'Hare International Airport,Clow International Airport,O'Hare International Airport,41.695923717435235,-88.12876224517822,41.97807408541273,-87.90902412382081,ohare_2026-03-07_1s_15nm_bbox,0.3,0.0,0.0,0.7,85,"[13722, 13725, 13728, 13761, 13764, 13767, 13770, 13774, 13776, 16000, 16003, 16006, 16009, 16041, 16045, 16048, 16071, 16074, 16076, 16079, 16302, 16305, 16308, 16332, 16334, 16338, 16370, 16373, 16377, 16390, 16393, 16396, 16630, 16631, 16626, 16629, 16651, 16654, 25822, 25824, 25832, 25837, 25850, 25852, 25855, 25867, 25890, 25894, 25898, 18023, 18025, 18050, 18038, 18062, 18066, 18077, 18300, 18305, 18246, 18271, 18273, 18267, 18269, 18503, 18505, 18507, 26470, 26474, 26477, 26811, 26813, 26816, 26822, 26827, 26829, 26738, 26771, 26773, 26920, 26921, 26912, 26917, 26950, 26961, 26965]",0.05919420000282116,success,,51.94112549694981,73.45584412216202,62.28355635902341,56.78302848785421,24.060131186366917,38.878845067105445
chi_clow_to_ohare_0168,w_0168,grid_0_10,True,False,clow_to_ohare,Clow International Airport to O'Hare International Airport,Clow International Airport,O'Hare International Airport,41.695923717435235,-88.12876224517822,41.97807408541273,-87.90902412382081,ohare_2026-03-07_1s_15nm_bbox,0.3,0.0,0.1,0.6,85,"[13722, 13725, 13728, 13761, 13764, 13767, 13770, 13774, 13778, 16001, 16004, 16007, 16040, 16043, 16046, 16049, 16072, 16073, 16067, 16091, 16093, 16096, 16320, 16323, 16324, 16328, 25508, 25530, 25532, 25534, 25542, 25546, 25549, 25573, 25576, 25579, 25800, 25593, 25596, 25599, 25843, 25846, 25860, 25863, 25866, 25869, 25892, 25895, 18020, 18022, 18026, 18037, 18039, 18063, 18074, 18077, 18300, 18305, 18246, 18271, 18273, 18267, 18269, 18503, 18505, 18507, 26470, 26474, 26477, 26811, 26813, 26816, 26822, 26827, 26829, 26738, 26771, 26773, 26920, 26921, 26912, 26917, 26950, 26961, 26965]",0.05712360000325134,success,,51.941125496954854,73.45584412216914,61.20775264212632,51.14991560607393,24.13167913866721,41.63075228045846
chi_clow_to_ohare_0169,w_0169,grid_0_10,True,False,clow_to_ohare,Clow International Airport to O'Hare International Airport,Clow International Airport,O'Hare International Airport,41.695923717435235,-88.12876224517822,41.97807408541273,-87.90902412382081,ohare_2026-03-07_1s_15nm_bbox,0.3,0.0,0.2,0.5,85,"[13722, 13725, 13728, 13761, 13764, 13767, 13770, 13774, 13778, 16001, 16004, 16007, 16040, 16043, 16046, 16049, 16072, 16073, 16067, 16091, 16093, 16096, 16320, 16323, 16324, 16328, 25508, 25530, 25532, 25534, 25542, 25546, 25549, 25573, 25576, 25579, 25800, 25593, 25596, 25599, 25843, 25846, 25860, 25863, 25866, 25869, 25892, 25895, 18020, 18022, 18026, 18037, 18039, 18063, 18074, 18077, 18300, 18305, 18246, 18271, 18273, 18267, 18269, 18503, 18505, 18507, 26470, 26474, 26477, 26811, 26813, 26816, 26822, 26827, 26829, 26738, 26771, 26773, 26920, 26921, 26912, 26917, 26950, 26961, 26965]",0.055308499999227934,success,,51.941125496954854,73.45584412216914,61.20775264212632,51.14991560607393,24.13167913866721,44.33257592719913
chi_clow_to_ohare_0170,w_0170,grid_0_10,True,False,clow_to_ohare,Clow International Airport to O'Hare International Airport,Clow International Airport,O'Hare International Airport,41.695923717435235,-88.12876224517822,41.97807408541273,-87.90902412382081,ohare_2026-03-07_1s_15nm_bbox,0.3,0.0,0.3,0.4,85,"[13722, 13725, 13728, 13761, 13764, 13767, 13770, 13774, 13778, 16001, 16004, 16007, 16040, 16043, 16046, 16049, 16072, 16073, 16067, 16091, 16093, 16096, 16320, 16323, 16324, 16328, 25508, 25530, 25532, 25534, 25542, 25546, 25549, 25573, 25576, 25579, 25800, 25593, 25596, 25599, 25843, 25846, 25860, 25863, 25866, 25869, 25892, 25895, 18020, 18022, 18026, 18037, 18039, 18063, 18074, 18077, 18300, 18305, 18246, 18271, 18273, 18267, 18269, 18503, 18505, 18507, 26470, 26474, 26477, 26811, 26813, 26816, 26822, 26827, 26829, 26738, 26771, 26773, 26920, 26921, 26912, 26917, 26950, 26961, 26965]",0.05687210000178311,success,,51.941125496954854,73.45584412216914,61.20775264212632,51.14991560607393,24.13167913866721,47.0343995739398
chi_clow_to_ohare_0171,w_0171,grid_0_10,True,False,clow_to_ohare,Clow International Airport to O'Hare International Airport,Clow International Airport,O'Hare International Airport,41.695923717435235,-88.12876224517822,41.97807408541273,-87.90902412382081,ohare_2026-03-07_1s_15nm_bbox,0.3,0.0,0.4,0.3,85,"[13722, 13727, 13718, 13742, 13746, 22697, 22932, 22933, 22938, 22980, 22984, 22987, 25210, 25211, 25224, 25225, 25228, 25245, 25247, 25249, 25165, 25190, 25193, 25194, 25405, 25408, 25432, 25444, 25446, 25470, 25473, 25477, 25638, 25641, 25645, 25647, 25681, 25685, 25688, 25902, 25904, 25906, 25909, 25942, 25946, 25947, 24890, 24895, 24898, 26121, 26123, 26135, 26139, 26163, 26164, 26167, 26191, 26193, 26197, 26421, 26407, 26409, 26433, 26436, 26535, 26537, 26562, 26565, 26576, 26579, 26723, 26725, 26727, 26760, 26761, 26747, 26782, 26784, 26788, 26910, 26914, 26937, 26938, 26962, 26965]",0.05572340000071563,success,,51.9411254969601,73.45584412217663,64.2348265206265,45.12887978853363,29.83221424854086,49.0379694266287
chi_clow_to_ohare_0172,w_0172,grid_0_10,True,False,clow_to_ohare,Clow International Airport to O'Hare International Airport,Clow International Airport,O'Hare International Airport,41.695923717435235,-88.12876224517822,41.97807408541273,-87.90902412382081,ohare_2026-03-07_1s_15nm_bbox,0.3,0.0,0.5,0.2,85,"[13722, 13727, 13718, 13742, 13746, 22697, 22932, 22933, 22938, 22980, 22984, 22987, 25210, 25211, 25224, 25225, 25228, 25245, 25247, 25249, 25165, 25190, 25193, 25194, 25405, 25408, 25432, 25444, 25446, 25470, 25473, 25477, 25638, 25641, 25645, 25647, 25681, 25685, 25688, 25902, 25904, 25906, 25909, 25942, 25946, 25947, 24890, 24895, 24898, 26121, 26123, 26135, 26139, 26163, 26164, 26167, 26191, 26193, 26197, 26421, 26407, 26409, 26433, 26436, 26535, 26537, 26562, 26565, 26576, 26579, 26723, 26725, 26727, 26760, 26761, 26747, 26782, 26784, 26788, 26910, 26914, 26937, 26938, 26962, 26965]",0.05660729999362957,success,,51.9411254969601,73.45584412217663,64.2348265206265,45.12887978853363,29.83221424854086,50.567635980627976
chi_clow_to_ohare_0173,w_0173,grid_0_10,True,False,clow_to_ohare,Clow International Airport to O'Hare International Airport,Clow International Airport,O'Hare International Airport,41.695923717435235,-88.12876224517822,41.97807408541273,-87.90902412382081,ohare_2026-03-07_1s_15nm_bbox,0.3,0.0,0.6,0.1,85,"[13722, 13727, 13718, 13742, 13746, 22697, 22932, 22934, 22961, 22964, 22972, 22975, 25200, 22994, 22998, 25132, 25142, 25144, 25147, 25149, 25174, 25176, 25178, 25413, 25354, 25359, 25372, 25373, 25396, 25621, 25624, 25627, 25650, 25671, 25673, 25675, 25677, 25679, 25698, 25699, 25913, 25917, 25919, 25941, 24864, 24868, 24891, 24893, 24898, 26121, 26123, 26135, 26139, 26163, 26164, 26167, 26191, 26193, 26197, 26421, 26407, 26409, 26433, 26436, 26535, 26537, 26562, 26565, 26576, 26579, 26723, 26725, 26727, 26760, 26761, 26747, 26782, 26784, 26788, 26910, 26914, 26937, 26938, 26962, 26965]",0.054337300003680866,success,,52.35533905932843,74.04163055979242,59.09916452640801,44.536473887013265,30.817690024152256,52.01614250256091
chi_clow_to_ohare_0174,w_0174,grid_0_10,True,False,clow_to_ohare,Clow International Airport to O'Hare International Airport,Clow International Airport,O'Hare International Airport,41.695923717435235,-88.12876224517822,41.97807408541273,-87.90902412382081,ohare_2026-03-07_1s_15nm_bbox,0.3,0.0,0.7,0.0,85,"[13722, 13727, 13718, 13742, 13746, 22697, 22932, 22934, 22961, 22964, 22972, 22975, 25200, 22994, 22998, 25132, 25142, 25144, 25147, 25149, 25174, 25176, 25178, 25413, 25354, 25359, 25372, 25373, 25396, 25621, 25624, 25627, 25650, 25651, 25673, 25675, 25677, 25679, 25698, 25699, 25913, 25917, 25919, 25941, 24864, 24868, 24891, 24893, 24898, 26121, 26123, 26135, 26139, 26163, 26164, 26167, 26191, 26193, 26197, 26421, 26407, 26409, 26433, 26436, 26535, 26537, 26562, 26565, 26576, 26579, 26723, 26725, 26727, 26760, 26761, 26747, 26782, 26784, 26788, 26910, 26914, 26937, 26938, 26962, 26965]",0.05517140000301879,success,,52.35533905932815,74.04163055979204,59.09916452640801,44.536473887013265,30.81769002415776,53.388020888846896
chi_clow_to_ohare_0175,w_0175,grid_0_10,True,False,clow_to_ohare,Clow International Airport to O'Hare International Airport,Clow International Airport,O'Hare International Airport,41.695923717435235,-88.12876224517822,41.97807408541273,-87.90902412382081,ohare_2026-03-07_1s_15nm_bbox,0.3,0.1,0.0,0.6,85,"[13722, 13727, 13718, 13742, 13746, 22697, 22932, 22934, 22937, 22981, 22982, 22986, 25220, 25222, 25223, 25225, 25228, 25250, 25252, 25253, 25256, 25258, 25259, 25283, 25285, 25289, 25511, 25514, 25516, 25541, 25544, 25547, 25549, 25573, 25576, 25579, 25800, 25803, 25806, 25830, 25842, 25846, 25860, 25863, 25866, 25868, 25892, 25797, 18020, 18022, 18026, 18037, 18039, 18063, 18074, 18078, 18300, 18305, 18246, 18271, 18273, 18267, 18269, 18503, 18505, 18507, 26470, 26474, 26477, 26811, 26813, 26816, 26822, 26827, 26829, 26738, 26771, 26773, 26920, 26921, 26912, 26917, 26950, 26961, 26965]",0.05864570000267122,success,,51.94112549695459,73.45584412216876,50.865937134126256,53.80862660363863,24.598503992846044,41.88244934577088
chi_clow_to_ohare_0176,w_0176,grid_0_10,True,False,clow_to_ohare,Clow International Airport to O'Hare International Airport,Clow International Airport,O'Hare International Airport,41.695923717435235,-88.12876224517822,41.97807408541273,-87.90902412382081,ohare_2026-03-07_1s_15nm_bbox,0.3,0.1,0.1,0.5,85,"[13722, 13727, 13718, 13742, 13746, 22697, 22932, 22934, 22937, 22981, 22982, 22967, 22969, 25222, 25223, 25225, 25228, 25250, 25252, 25253, 25256, 25258, 25259, 25283, 25285, 25289, 25511, 25514, 25516, 25541, 25544, 25547, 25549, 25573, 25576, 25579, 25800, 25803, 25806, 25841, 25843, 25846, 25860, 25863, 25866, 25869, 25892, 25895, 18020, 18022, 18026, 18037, 18039, 18063, 18074, 18078, 18300, 18305, 18246, 18271, 18273, 18267, 18269, 18503, 18505, 18507, 26470, 26474, 26477, 26811, 26813, 26816, 26822, 26827, 26829, 26738, 26771, 26773, 26920, 26921, 26912, 26917, 26950, 26961, 26965]",0.057646099994599354,success,,51.941125496955635,73.45584412217022,51.059617419535854,52.77454324741399,24.621439522281626,44.73088906448686
chi_clow_to_ohare_0177,w_0177,grid_0_10,True,False,clow_to_ohare,Clow International Airport to O'Hare International Airport,Clow International Airport,O'Hare International Airport,41.695923717435235,-88.12876224517822,41.97807408541273,-87.90902412382081,ohare_2026-03-07_1s_15nm_bbox,0.3,0.1,0.2,0.4,85,"[13722, 13727, 13718, 13742, 13746, 22697, 22932, 22934, 22937, 22963, 22965, 22967, 22969, 25222, 25223, 25225, 25228, 25245, 25248, 25260, 25263, 25267, 25269, 25292, 25295, 25298, 25521, 25525, 25528, 25551, 25553, 25557, 25559, 25562, 25565, 25569, 25591, 25595, 25598, 25599, 25843, 25846, 25860, 25863, 25866, 25869, 25892, 25895, 18020, 18022, 18026, 18037, 18039, 18063, 18074, 18078, 18300, 18305, 18246, 18271, 18273, 18267, 18269, 18503, 18505, 18507, 26470, 26474, 26477, 26811, 26813, 26816, 26822, 26827, 26829, 26738, 26771, 26773, 26920, 26921, 26912, 26917, 26950, 26961, 26965]",0.058434200000192504,success,,51.941125496955365,73.45584412216984,52.48018164059639,51.93950719136334,24.646720224165676,47.53136092864953
chi_clow_to_ohare_0178,w_0178,grid_0_10,True,False,clow_to_ohare,Clow International Airport to O'Hare International Airport,Clow International Airport,O'Hare International Airport,41.695923717435235,-88.12876224517822,41.97807408541273,-87.90902412382081,ohare_2026-03-07_1s_15nm_bbox,0.3,0.1,0.3,0.3,85,"[13722, 13727, 13718, 13742, 13746, 22697, 22932, 22934, 22961, 22964, 22972, 22975, 25200, 22994, 22997, 25130, 25135, 25136, 25139, 25164, 25167, 25169, 25193, 25195, 25199, 25420, 25424, 25434, 25437, 25439, 25463, 25466, 25469, 25492, 25496, 25708, 25731, 25735, 25687, 25920, 25923, 25925, 25930, 25933, 25936, 25955, 25956, 25973, 25977, 18200, 26122, 26127, 26150, 26161, 26164, 26167, 26191, 26193, 26197, 26405, 26407, 26431, 26432, 26436, 26535, 26537, 26562, 26575, 26578, 26720, 26594, 26597, 26740, 26743, 26746, 26748, 26781, 26784, 26788, 26910, 26914, 26937, 26938, 26962, 26965]",0.05636999999842374,success,,51.94112549695298,73.45584412216654,45.228704727251205,47.235568608910796,29.729209817285113,49.649057237233855
chi_clow_to_ohare_0179,w_0179,grid_0_10,True,False,clow_to_ohare,Clow International Airport to O'Hare International Airport,Clow International Airport,O'Hare International Airport,41.695923717435235,-88.12876224517822,41.97807408541273,-87.90902412382081,ohare_2026-03-07_1s_15nm_bbox,0.3,0.1,0.4,0.2,85,"[13722, 13727, 13718, 13742, 13746, 22697, 22932, 22934, 22961, 22964, 22972, 22975, 25200, 22994, 22997, 25130, 25135, 25136, 25139, 25164, 25167, 25169, 25193, 25195, 25199, 25420, 25424, 25434, 25437, 25439, 25463, 25466, 25469, 25492, 25496, 25708, 25731, 25735, 25687, 25920, 25923, 25925, 25930, 25933, 25936, 25955, 25956, 25973, 25977, 18200, 26122, 26127, 26150, 26161, 26164, 26167, 26191, 26193, 26197, 26405, 26407, 26431, 26432, 26436, 26535, 26537, 26562, 26575, 26578, 26720, 26594, 26597, 26740, 26743, 26746, 26748, 26781, 26784, 26788, 26910, 26914, 26937, 26938, 26962, 26965]",0.057364300002518576,success,,51.94112549695298,73.45584412216654,45.228704727251205,47.235568608910796,29.729209817285113,51.39969311639642
chi_clow_to_ohare_0180,w_0180,grid_0_10,True,False,clow_to_ohare,Clow International Airport to O'Hare International Airport,Clow International Airport,O'Hare International Airport,41.695923717435235,-88.12876224517822,41.97807408541273,-87.90902412382081,ohare_2026-03-07_1s_15nm_bbox,0.3,0.1,0.5,0.1,85,"[13722, 13727, 13718, 13742, 13746, 22697, 22932, 22934, 22961, 22964, 22972, 22975, 25200, 22994, 22997, 25130, 25135, 25136, 25139, 25164, 25167, 25169, 25193, 25195, 25199, 25420, 25424, 25434, 25437, 25439, 25463, 25466, 25469, 25492, 25496, 25708, 25731, 25735, 25687, 25920, 25923, 25925, 25930, 25933, 25936, 25955, 25956, 25973, 25977, 18200, 26122, 26127, 26150, 26161, 26164, 26167, 26191, 26193, 26197, 26421, 26407, 26431, 26432, 26436, 26535, 26537, 26562, 26575, 26578, 26720, 26594, 26597, 26740, 26743, 26746, 26748, 26781, 26784, 26788, 26910, 26914, 26937, 26938, 26962, 26965]",0.0563280999995186,success,,51.941125496954015,73.45584412216802,45.384690544385464,47.19817128161242,29.729209817285113,53.14722891362367
chi_clow_to_ohare_0181,w_0181,grid_0_10,True,False,clow_to_ohare,Clow International Airport to O'Hare International Airport,Clow International Airport,O'Hare International Airport,41.695923717435235,-88.12876224517822,41.97807408541273,-87.90902412382081,ohare_2026-03-07_1s_15nm_bbox,0.3,0.1,0.6,0.0,85,"[13722, 13727, 13718, 13742, 13746, 22697, 22932, 22934, 22961, 22964, 22972, 22975, 25200, 22994, 22998, 25132, 25142, 25144, 25147, 25149, 25174, 25176, 25178, 25413, 25354, 25359, 25372, 25373, 25396, 25621, 25624, 25627, 25650, 25651, 25673, 25675, 25677, 25679, 25698, 25699, 25913, 25917, 25919, 25941, 24864, 24868, 24891, 24893, 24898, 26121, 26123, 26135, 26139, 26163, 26164, 26167, 26191, 26193, 26197, 26405, 26406, 26409, 26432, 26436, 26439, 26538, 26561, 26563, 26568, 26701, 26704, 26707, 26708, 26760, 26761, 26747, 26782, 26784, 26788, 26910, 26914, 26937, 26938, 26962, 26965]",0.05556269999942742,success,,52.35533905932765,74.04163055979134,57.18899379017634,44.60082089368835,31.053607504657815,54.69188108316805
chi_clow_to_ohare_0182,w_0182,grid_0_10,True,False,clow_to_ohare,Clow International Airport to O'Hare International Airport,Clow International Airport,O'Hare International Airport,41.695923717435235,-88.12876224517822,41.97807408541273,-87.90902412382081,ohare_2026-03-07_1s_15nm_bbox,0.3,0.2,0.0,0.5,85,"[13722, 13727, 13718, 13742, 13746, 22697, 22932, 22934, 22937, 22981, 22982, 22986, 25220, 25222, 25223, 25225, 25228, 25250, 25252, 25253, 25256, 25267, 25290, 25291, 25198, 25420, 25424, 25434, 25437, 25439, 25463, 25466, 25469, 25491, 25489, 25712, 25715, 25717, 25811, 25814, 25815, 25818, 25761, 25764, 25767, 25790, 25793, 25797, 18020, 18022, 18026, 18037, 18039, 18063, 18074, 18078, 18300, 18305, 18246, 18271, 18273, 18267, 18269, 18503, 18505, 18507, 26470, 26474, 26477, 26811, 26813, 26816, 26822, 26827, 26829, 26738, 26771, 26773, 26920, 26921, 26912, 26917, 26950, 26961, 26965]",0.05881349999981467,success,,53.18376618407437,75.2132034350371,47.88805371347373,53.15766878558435,24.598742755439158,44.440943150925456
chi_clow_to_ohare_0183,w_0183,grid_0_10,True,False,clow_to_ohare,Clow International Airport to O'Hare International Airport,Clow International Airport,O'Hare International Airport,41.695923717435235,-88.12876224517822,41.97807408541273,-87.90902412382081,ohare_2026-03-07_1s_15nm_bbox,0.3,0.2,0.1,0.4,85,"[13722, 13727, 13718, 13742, 13746, 22697, 22932, 22934, 22937, 22981, 22982, 22967, 22969, 25222, 25223, 25225, 25228, 25245, 25248, 25260, 25263, 25267, 25290, 25291, 25198, 25420, 25424, 25434, 25437, 25439, 25463, 25466, 25469, 25491, 25495, 25497, 25720, 25723, 25810, 25814, 25815, 25818, 25761, 25764, 25767, 25790, 25793, 25797, 18020, 18022, 18026, 18037, 18039, 18063, 18074, 18078, 18300, 18305, 18246, 18271, 18273, 18267, 18269, 18503, 18505, 18507, 26470, 26474, 26477, 26811, 26813, 26816, 26822, 26827, 26829, 26738, 26771, 26773, 26920, 26921, 26912, 26917, 26950, 26961, 26965]",0.058361499999591615,success,,53.18376618407278,75.21320343503486,47.88805371347373,52.413499054228765,24.62582695408868,47.23325246026355
chi_clow_to_ohare_0184,w_0184,grid_0_10,True,False,clow_to_ohare,Clow International Airport to O'Hare International Airport,Clow International Airport,O'Hare International Airport,41.695923717435235,-88.12876224517822,41.97807408541273,-87.90902412382081,ohare_2026-03-07_1s_15nm_bbox,0.3,0.2,0.2,0.3,85,"[13722, 13727, 13718, 13742, 13746, 22697, 22932, 22934, 22937, 22963, 22965, 22967, 22969, 25222, 25223, 25225, 25228, 25245, 25248, 25260, 25263, 25267, 25290, 25291, 25198, 25420, 25424, 25434, 25437, 25439, 25463, 25466, 25469, 25492, 25496, 25708, 25731, 25735, 25687, 25920, 25923, 25925, 25930, 25933, 25936, 25955, 25956, 25973, 25977, 18200, 26122, 26127, 26150, 26161, 26164, 26167, 26190, 26194, 26401, 26405, 26407, 26431, 26432, 26436, 26535, 26537, 26562, 26575, 26578, 26720, 26594, 26597, 26740, 26743, 26746, 26748, 26781, 26784, 26788, 26910, 26914, 26937, 26938, 26962, 26965]",0.05618040000263136,success,,51.94112549695111,73.45584412216391,43.91000565837392,48.61751509787823,29.45162226502116,49.37774406740595
chi_clow_to_ohare_0185,w_0185,grid_0_10,True,False,clow_to_ohare,Clow International Airport to O'Hare International Airport,Clow International Airport,O'Hare International Airport,41.695923717435235,-88.12876224517822,41.97807408541273,-87.90902412382081,ohare_2026-03-07_1s_15nm_bbox,0.3,0.2,0.3,0.2,85,"[13722, 13727, 13718, 13742, 13746, 22697, 22932, 22934, 22961, 22964, 22972, 22975, 25200, 22994, 22997, 25130, 25135, 25136, 25139, 25164, 25167, 25169, 25193, 25195, 25199, 25420, 25424, 25434, 25437, 25439, 25463, 25466, 25469, 25492, 25496, 25708, 25731, 25735, 25687, 25920, 25923, 25925, 25930, 25933, 25936, 25955, 25956, 25973, 25977, 18200, 26122, 26127, 26150, 26161, 26164, 26167, 26191, 26193, 26197, 26405, 26407, 26431, 26432, 26436, 26535, 26537, 26562, 26575, 26578, 26720, 26594, 26597, 26740, 26743, 26746, 26748, 26781, 26784, 26788, 26910, 26914, 26937, 26938, 26962, 26965]",0.05684029999974882,success,,51.94112549695298,73.45584412216654,45.228704727251205,47.235568608910796,29.729209817285113,51.199006728230465
chi_clow_to_ohare_0186,w_0186,grid_0_10,True,False,clow_to_ohare,Clow International Airport to O'Hare International Airport,Clow International Airport,O'Hare International Airport,41.695923717435235,-88.12876224517822,41.97807408541273,-87.90902412382081,ohare_2026-03-07_1s_15nm_bbox,0.3,0.2,0.4,0.1,85,"[13722, 13727, 13718, 13742, 13746, 22697, 22932, 22934, 22961, 22964, 22972, 22975, 25200, 22994, 22997, 25130, 25135, 25136, 25139, 25164, 25167, 25169, 25193, 25195, 25199, 25420, 25424, 25434, 25437, 25439, 25463, 25466, 25469, 25492, 25496, 25708, 25731, 25735, 25687, 25920, 25923, 25925, 25930, 25933, 25936, 25955, 25956, 25973, 25977, 18200, 26122, 26127, 26150, 26161, 26164, 26167, 26191, 26193, 26197, 26405, 26407, 26431, 26432, 26436, 26535, 26537, 26562, 26575, 26578, 26720, 26594, 26597, 26740, 26743, 26746, 26748, 26781, 26784, 26788, 26910, 26914, 26937, 26938, 26962, 26965]",0.05388230000244221,success,,51.94112549695298,73.45584412216654,45.228704727251205,47.235568608910796,29.729209817285113,52.94964260739304
chi_clow_to_ohare_0187,w_0187,grid_0_10,True,False,clow_to_ohare,Clow International Airport to O'Hare International Airport,Clow International Airport,O'Hare International Airport,41.695923717435235,-88.12876224517822,41.97807408541273,-87.90902412382081,ohare_2026-03-07_1s_15nm_bbox,0.3,0.2,0.5,0.0,85,"[13722, 13727, 13718, 13742, 13746, 22697, 22932, 22934, 22961, 22964, 22972, 22975, 25200, 22994, 22997, 25130, 25135, 25136, 25139, 25164, 25167, 25169, 25193, 25195, 25199, 25420, 25424, 25434, 25437, 25439, 25463, 25466, 25469, 25492, 25496, 25708, 25731, 25735, 25687, 25920, 25923, 25925, 25930, 25933, 25936, 25955, 25956, 25973, 25977, 18200, 26122, 26127, 26150, 26161, 26164, 26167, 26191, 26193, 26197, 26405, 26406, 26409, 26432, 26436, 26535, 26537, 26562, 26575, 26578, 26720, 26594, 26597, 26740, 26743, 26746, 26748, 26781, 26784, 26788, 26910, 26914, 26937, 26938, 26962, 26965]",0.054090600002382416,success,,51.9411254969527,73.45584412216616,45.228704727251205,47.21284539133307,29.965132904924932,54.68891687776662
chi_clow_to_ohare_0188,w_0188,grid_0_10,True,False,clow_to_ohare,Clow International Airport to O'Hare International Airport,Clow International Airport,O'Hare International Airport,41.695923717435235,-88.12876224517822,41.97807408541273,-87.90902412382081,ohare_2026-03-07_1s_15nm_bbox,0.3,0.3,0.0,0.4,85,"[13722, 13727, 13718, 13742, 13746, 22697, 22932, 22934, 22937, 22981, 22982, 22986, 25220, 25222, 25223, 25225, 25228, 25250, 25252, 25253, 25256, 25267, 25290, 25291, 25198, 25420, 25424, 25434, 25437, 25439, 25463, 25466, 25469, 25491, 25495, 25497, 25714, 25718, 25811, 25814, 25815, 25818, 25761, 25764, 25767, 25790, 25793, 25797, 18020, 18022, 18026, 18037, 18039, 18063, 18074, 18078, 18300, 18305, 18246, 18271, 18273, 18267, 18269, 18503, 18505, 18507, 26470, 26474, 26477, 26811, 26813, 26816, 26822, 26827, 26829, 26738, 26771, 26773, 26920, 26921, 26912, 26917, 26950, 26961, 26965]",0.06041450000338955,success,,53.183766184074095,75.2132034350367,47.88805371347373,52.90566945817734,24.598742755439417,46.7698742467289
chi_clow_to_ohare_0189,w_0189,grid_0_10,True,False,clow_to_ohare,Clow International Airport to O'Hare International Airport,Clow International Airport,O'Hare International Airport,41.695923717435235,-88.12876224517822,41.97807408541273,-87.90902412382081,ohare_2026-03-07_1s_15nm_bbox,0.3,0.3,0.1,0.3,85,"[13722, 13727, 13718, 13742, 13746, 22697, 22932, 22934, 22937, 22981, 22982, 22967, 22969, 25222, 25223, 25225, 25228, 25245, 25248, 25260, 25263, 25267, 25290, 25291, 25198, 25420, 25424, 25434, 25437, 25439, 25463, 25466, 25469, 25492, 25496, 25708, 25731, 25735, 25687, 25920, 25923, 25925, 25930, 25933, 25936, 25955, 25956, 25973, 25977, 18200, 26122, 26127, 26150, 26161, 26164, 26167, 26190, 26194, 26401, 26405, 26407, 26431, 26432, 26436, 26535, 26537, 26562, 26575, 26578, 26720, 26594, 26597, 26740, 26743, 26746, 26748, 26781, 26784, 26788, 26910, 26914, 26937, 26938, 26962, 26965]",0.05755009999847971,success,,51.94112549695056,73.45584412216313,43.91000565837392,48.666393246533694,29.43066012266922,48.90559229561525
chi_clow_to_ohare_0190,w_0190,grid_0_10,True,False,clow_to_ohare,Clow International Airport to O'Hare International Airport,Clow International Airport,O'Hare International Airport,41.695923717435235,-88.12876224517822,41.97807408541273,-87.90902412382081,ohare_2026-03-07_1s_15nm_bbox,0.3,0.3,0.2,0.2,85,"[13722, 13727, 13718, 13742, 13746, 22697, 22932, 22934, 22937, 22963, 22965, 22967, 22969, 25222, 25223, 25225, 25228, 25245, 25248, 25260, 25263, 25267, 25290, 25291, 25198, 25420, 25424, 25434, 25437, 25439, 25463, 25466, 25469, 25492, 25496, 25708, 25731, 25735, 25687, 25920, 25923, 25925, 25930, 25933, 25936, 25955, 25956, 25973, 25977, 18200, 26122, 26127, 26150, 26161, 26164, 26167, 26190, 26194, 26401, 26405, 26407, 26431, 26432, 26436, 26535, 26537, 26562, 26575, 26578, 26720, 26594, 26597, 26740, 26743, 26746, 26748, 26781, 26784, 26788, 26910, 26914, 26937, 26938, 26962, 26965]",0.055351800001517404,success,,51.94112549695111,73.45584412216391,43.91000565837392,48.61751509787823,29.45162226502116,50.823582406741224
chi_clow_to_ohare_0191,w_0191,grid_0_10,True,False,clow_to_ohare,Clow International Airport to O'Hare International Airport,Clow International Airport,O'Hare International Airport,41.695923717435235,-88.12876224517822,41.97807408541273,-87.90902412382081,ohare_2026-03-07_1s_15nm_bbox,0.3,0.3,0.3,0.1,85,"[13722, 13727, 13718, 13742, 13746, 22697, 22932, 22934, 22937, 22963, 22965, 22967, 22969, 25222, 25223, 25225, 25228, 25245, 25248, 25260, 25263, 25267, 25290, 25291, 25198, 25420, 25424, 25434, 25437, 25439, 25463, 25466, 25469, 25492, 25496, 25708, 25731, 25735, 25687, 25920, 25923, 25925, 25930, 25933, 25936, 25955, 25956, 25973, 25977, 18200, 26122, 26127, 26150, 26161, 26164, 26167, 26190, 26194, 26401, 26405, 26407, 26431, 26432, 26436, 26535, 26537, 26562, 26575, 26578, 26720, 26594, 26597, 26740, 26743, 26746, 26748, 26781, 26784, 26788, 26910, 26914, 26937, 26938, 26962, 26965]",0.05441850000352133,success,,51.94112549695111,73.45584412216391,43.91000565837392,48.61751509787823,29.45162226502116,52.740171690026926
chi_clow_to_ohare_0192,w_0192,grid_0_10,True,False,clow_to_ohare,Clow International Airport to O'Hare International Airport,Clow International Airport,O'Hare International Airport,41.695923717435235,-88.12876224517822,41.97807408541273,-87.90902412382081,ohare_2026-03-07_1s_15nm_bbox,0.3,0.3,0.4,0.0,85,"[13722, 13727, 13718, 13742, 13746, 22697, 22932, 22934, 22961, 22964, 22972, 22975, 25200, 22994, 22997, 25130, 25135, 25136, 25139, 25164, 25167, 25169, 25193, 25195, 25199, 25420, 25424, 25434, 25437, 25439, 25463, 25466, 25469, 25492, 25496, 25708, 25731, 25735, 25687, 25920, 25923, 25925, 25930, 25933, 25936, 25955, 25956, 25973, 25977, 18200, 26122, 26127, 26150, 26161, 26164, 26167, 26191, 26193, 26197, 26405, 26406, 26409, 26432, 26436, 26535, 26537, 26562, 26575, 26578, 26720, 26594, 26597, 26740, 26743, 26746, 26748, 26781, 26784, 26788, 26910, 26914, 26937, 26938, 26962, 26965]",0.054550699998799246,success,,51.9411254969527,73.45584412216616,45.228704727251205,47.21284539133307,29.965132904924932,54.49050281135844
chi_clow_to_ohare_0193,w_0193,grid_0_10,True,False,clow_to_ohare,Clow International Airport to O'Hare International Airport,Clow International Airport,O'Hare International Airport,41.695923717435235,-88.12876224517822,41.97807408541273,-87.90902412382081,ohare_2026-03-07_1s_15nm_bbox,0.3,0.4,0.0,0.3,88,"[13722, 13727, 13718, 13742, 13746, 22697, 22932, 22934, 22937, 22981, 22982, 22986, 25220, 25222, 25223, 25225, 25228, 25250, 25252, 25253, 25256, 25267, 25290, 25291, 25198, 25420, 25424, 25434, 25437, 25439, 25463, 25466, 25468, 25493, 25705, 25707, 25732, 25684, 25686, 25688, 25900, 25901, 25699, 25913, 25916, 24848, 24863, 24865, 24879, 26102, 26105, 26110, 26115, 26117, 26076, 26210, 26211, 26234, 26238, 26260, 26248, 26249, 26512, 26514, 26516, 26518, 26550, 26551, 26554, 26556, 26558, 26559, 26591, 26594, 26597, 26740, 26743, 26746, 26748, 26792, 26794, 26798, 26930, 26934, 26936, 26960, 26962, 26965]",0.058545499996398576,success,,53.2340187157672,75.28427124690023,39.880450412484365,54.04640257205645,31.177235332803242,47.890632138904785
chi_clow_to_ohare_0194,w_0194,grid_0_10,True,False,clow_to_ohare,Clow International Airport to O'Hare International Airport,Clow International Airport,O'Hare International Airport,41.695923717435235,-88.12876224517822,41.97807408541273,-87.90902412382081,ohare_2026-03-07_1s_15nm_bbox,0.3,0.4,0.1,0.2,88,"[13722, 13727, 13718, 13742, 13746, 22697, 22932, 22934, 22937, 22963, 22965, 22967, 22969, 25222, 25223, 25225, 25228, 25245, 25248, 25260, 25263, 25267, 25290, 25291, 25198, 25420, 25424, 25434, 25436, 25460, 25462, 25476, 25479, 25702, 25704, 25707, 25732, 25684, 25686, 25688, 25900, 25901, 25699, 25913, 25916, 24848, 24863, 24865, 24879, 26102, 26105, 26110, 26115, 26117, 26076, 26210, 26211, 26234, 26238, 26260, 26248, 26249, 26512, 26514, 26516, 26518, 26550, 26551, 26554, 26556, 26558, 26559, 26591, 26594, 26597, 26740, 26743, 26746, 26748, 26781, 26784, 26788, 26910, 26914, 26937, 26938, 26962, 26965]",0.05527759999677073,success,,53.2340187157667,75.28427124689952,40.30989011778448,51.926718020002376,31.18459917842209,50.138829058868296
chi_clow_to_ohare_0195,w_0195,grid_0_10,True,False,clow_to_ohare,Clow International Airport to O'Hare International Airport,Clow International Airport,O'Hare International Airport,41.695923717435235,-88.12876224517822,41.97807408541273,-87.90902412382081,ohare_2026-03-07_1s_15nm_bbox,0.3,0.4,0.2,0.1,88,"[13722, 13727, 13718, 13742, 13746, 22697, 22932, 22934, 22937, 22963, 22965, 22967, 22969, 25222, 25223, 25225, 25228, 25245, 25248, 25260, 25263, 25267, 25290, 25291, 25198, 25420, 25424, 25434, 25436, 25460, 25462, 25476, 25479, 25702, 25704, 25707, 25732, 25684, 25686, 25688, 25900, 25901, 25699, 25913, 25916, 24848, 24863, 24865, 24879, 26102, 26105, 26110, 26115, 26117, 26076, 26210, 26211, 26234, 26238, 26260, 26248, 26249, 26512, 26514, 26516, 26518, 26550, 26551, 26554, 26556, 26558, 26559, 26591, 26594, 26597, 26740, 26743, 26746, 26748, 26781, 26784, 26788, 26910, 26914, 26937, 26938, 26962, 26965]",0.05587019999802578,success,,53.2340187157667,75.28427124689952,40.30989011778448,51.926718020002376,31.18459917842209,52.21304094302633
chi_clow_to_ohare_0196,w_0196,grid_0_10,True,False,clow_to_ohare,Clow International Airport to O'Hare International Airport,Clow International Airport,O'Hare International Airport,41.695923717435235,-88.12876224517822,41.97807408541273,-87.90902412382081,ohare_2026-03-07_1s_15nm_bbox,0.3,0.4,0.3,0.0,85,"[13722, 13727, 13718, 13742, 13746, 22697, 22932, 22934, 22961, 22964, 22972, 22975, 22978, 25201, 25204, 25207, 25240, 25243, 25247, 25261, 25264, 25266, 25290, 25291, 25198, 25420, 25424, 25434, 25437, 25439, 25463, 25466, 25469, 25492, 25496, 25708, 25731, 25735, 25687, 25920, 25923, 25925, 25930, 25933, 25936, 25955, 25956, 25973, 25977, 18200, 26122, 26127, 26150, 26161, 26164, 26167, 26190, 26194, 26401, 26405, 26406, 26409, 26432, 26436, 26535, 26537, 26562, 26575, 26578, 26720, 26594, 26597, 26740, 26743, 26746, 26748, 26781, 26784, 26788, 26910, 26914, 26937, 26938, 26962, 26965]",0.055484600001364015,success,,51.941125496952154,73.45584412216537,43.91000565837392,48.57050026679963,29.864788997698977,54.171905580039066
chi_clow_to_ohare_0197,w_0197,grid_0_10,True,False,clow_to_ohare,Clow International Airport to O'Hare International Airport,Clow International Airport,O'Hare International Airport,41.695923717435235,-88.12876224517822,41.97807408541273,-87.90902412382081,ohare_2026-03-07_1s_15nm_bbox,0.3,0.5,0.0,0.2,88,"[13722, 13727, 13718, 13742, 13746, 22697, 22932, 22934, 22937, 22981, 22982, 22986, 25220, 25222, 25223, 25225, 25228, 25250, 25252, 25253, 25256, 25267, 25290, 25291, 25198, 25420, 25424, 25434, 25437, 25439, 25463, 25466, 25468, 25493, 25705, 25707, 25732, 25684, 25686, 25688, 25900, 25901, 25699, 25913, 25916, 24848, 24863, 24865, 24879, 26102, 26105, 26110, 26115, 26117, 26076, 26210, 26211, 26234, 26238, 26260, 26248, 26249, 26512, 26514, 26516, 26518, 26550, 26551, 26554, 26556, 26558, 26559, 26591, 26594, 26597, 26740, 26743, 26746, 26748, 26792, 26794, 26798, 26930, 26934, 26936, 26960, 26962, 26965]",0.05692570000246633,success,,53.2340187157672,75.28427124690023,39.880450412484365,54.04640257205645,31.177235332803242,48.760953646872906
chi_clow_to_ohare_0198,w_0198,grid_0_10,True,False,clow_to_ohare,Clow International Airport to O'Hare International Airport,Clow International Airport,O'Hare International Airport,41.695923717435235,-88.12876224517822,41.97807408541273,-87.90902412382081,ohare_2026-03-07_1s_15nm_bbox,0.3,0.5,0.1,0.1,88,"[13722, 13727, 13718, 13742, 13746, 22697, 22932, 22934, 22937, 22963, 22965, 22967, 22969, 25222, 25223, 25225, 25228, 25245, 25248, 25260, 25263, 25267, 25290, 25291, 25198, 25420, 25424, 25434, 25436, 25460, 25462, 25476, 25479, 25702, 25704, 25707, 25732, 25684, 25686, 25688, 25900, 25901, 25699, 25913, 25916, 24848, 24863, 24865, 24879, 26102, 26105, 26110, 26115, 26117, 26076, 26210, 26211, 26234, 26238, 26260, 26248, 26249, 26512, 26514, 26516, 26518, 26550, 26551, 26554, 26556, 26558, 26559, 26591, 26594, 26597, 26740, 26743, 26746, 26748, 26792, 26794, 26798, 26930, 26934, 26936, 26960, 26962, 26965]",0.05542029999924125,success,,53.2340187157667,75.28427124689952,39.880450412484365,53.59700817568923,31.22528170281901,51.007735568162865
chi_clow_to_ohare_0199,w_0199,grid_0_10,True,False,clow_to_ohare,Clow International Airport to O'Hare International Airport,Clow International Airport,O'Hare International Airport,41.695923717435235,-88.12876224517822,41.97807408541273,-87.90902412382081,ohare_2026-03-07_1s_15nm_bbox,0.3,0.5,0.2,0.0,88,"[13722, 13727, 13718, 13742, 13746, 22697, 22932, 22934, 22961, 22964, 22972, 22975, 22978, 25201, 25204, 25207, 25240, 25243, 25247, 25261, 25264, 25266, 25290, 25291, 25198, 25420, 25424, 25434, 25436, 25461, 25462, 25476, 25479, 25702, 25704, 25707, 25732, 25684, 25686, 25688, 25902, 25905, 25915, 25919, 25941, 24861, 24866, 24865, 24879, 26102, 26105, 26110, 26115, 26117, 26076, 26210, 26211, 26234, 26238, 26260, 26248, 26249, 26512, 26514, 26516, 26518, 26550, 26551, 26554, 26556, 26558, 26559, 26591, 26594, 26597, 26740, 26743, 26746, 26748, 26781, 26784, 26788, 26910, 26914, 26937, 26938, 26962, 26965]",0.05625370000052499,success,,53.234018715767476,75.28427124690062,40.129508109821785,52.08435008385432,32.33448548131248,53.06690544575194
chi_clow_to_ohare_0200,w_0200,grid_0_10,True,False,clow_to_ohare,Clow International Airport to O'Hare International Airport,Clow International Airport,O'Hare International Airport,41.695923717435235,-88.12876224517822,41.97807408541273,-87.90902412382081,ohare_2026-03-07_1s_15nm_bbox,0.3,0.6,0.0,0.1,88,"[13722, 13727, 13718, 13742, 13746, 22697, 22932, 22934, 22937, 22981, 22982, 22986, 25220, 25222, 25223, 25225, 25228, 25250, 25252, 25253, 25256, 25267, 25290, 25291, 25198, 25420, 25424, 25434, 25437, 25439, 25463, 25466, 25468, 25493, 25705, 25707, 25732, 25684, 25686, 25921, 25904, 25907, 25915, 25917, 25916, 24848, 24863, 24865, 24879, 26102, 26105, 26110, 26115, 26117, 26076, 26210, 26211, 26234, 26238, 26260, 26248, 26249, 26512, 26514, 26516, 26518, 26550, 26551, 26554, 26556, 26558, 26559, 26591, 26594, 26597, 26740, 26743, 26746, 26748, 26792, 26794, 26798, 26930, 26934, 26936, 26960, 26962, 26965]",0.057164499994541984,success,,53.23401871576665,75.28427124689945,39.60987740054034,55.202774054460846,32.1365121654882,49.564859030942856
chi_clow_to_ohare_0201,w_0201,grid_0_10,True,False,clow_to_ohare,Clow International Airport to O'Hare International Airport,Clow International Airport,O'Hare International Airport,41.695923717435235,-88.12876224517822,41.97807408541273,-87.90902412382081,ohare_2026-03-07_1s_15nm_bbox,0.3,0.6,0.1,0.0,88,"[13722, 13727, 13718, 13742, 13746, 22697, 22932, 22934, 22961, 22964, 22972, 22975, 22978, 25201, 25204, 25207, 25240, 25243, 25247, 25261, 25264, 25266, 25290, 25291, 25198, 25420, 25424, 25434, 25436, 25461, 25462, 25476, 25479, 25702, 25704, 25707, 25732, 25684, 25686, 25688, 25902, 25905, 25915, 25919, 25941, 24861, 24866, 24865, 24879, 26102, 26105, 26110, 26115, 26117, 26076, 26210, 26211, 26234, 26238, 26260, 26248, 26249, 26512, 26514, 26516, 26518, 26550, 26551, 26554, 26556, 26558, 26559, 26591, 26594, 26597, 26740, 26743, 26746, 26748, 26792, 26794, 26798, 26930, 26934, 26936, 26960, 26962, 26965]",0.0577292000016314,success,,53.234018715767476,75.28427124690062,39.70006840452167,53.754640239541175,32.3751680057094,51.78078644073731
chi_clow_to_ohare_0202,w_0202,grid_0_10,True,False,clow_to_ohare,Clow International Airport to O'Hare International Airport,Clow International Airport,O'Hare International Airport,41.695923717435235,-88.12876224517822,41.97807408541273,-87.90902412382081,ohare_2026-03-07_1s_15nm_bbox,0.3,0.7,0.0,0.0,88,"[13722, 13727, 13718, 13742, 13746, 22697, 22932, 22934, 22937, 22981, 22965, 22968, 22969, 25222, 25223, 25225, 25228, 25245, 25248, 25260, 25263, 25266, 25290, 25291, 25198, 25420, 25424, 25434, 25437, 25460, 25464, 25467, 25490, 25702, 25704, 25707, 25732, 25684, 25686, 25921, 25904, 25907, 25915, 25917, 25918, 24861, 24866, 24865, 24879, 26102, 26105, 26110, 26115, 26117, 26076, 26210, 26211, 26234, 26238, 26260, 26248, 26249, 26512, 26514, 26516, 26518, 26550, 26551, 26554, 26556, 26558, 26559, 26591, 26594, 26597, 26740, 26743, 26754, 26759, 26791, 26794, 26798, 26930, 26934, 26936, 26960, 26962, 26965]",0.056297799994354136,success,,53.23401871576253,75.28427124689361,39.60987740054034,55.89304636419172,32.200814197131606,50.31219555444632
chi_clow_to_ohare_0203,w_0203,grid_0_10,True,False,clow_to_ohare,Clow International Airport to O'Hare International Airport,Clow International Airport,O'Hare International Airport,41.695923717435235,-88.12876224517822,41.97807408541273,-87.90902412382081,ohare_2026-03-07_1s_15nm_bbox,0.4,0.0,0.0,0.6,85,"[13722, 13725, 13728, 13761, 13764, 13767, 13770, 13774, 13776, 16000, 16003, 16006, 16009, 16041, 16045, 16048, 16071, 16074, 16076, 16079, 16302, 16305, 16308, 16332, 16334, 16338, 16370, 16373, 16377, 16390, 16393, 16396, 16630, 16631, 16626, 16629, 16651, 16654, 25822, 25824, 25832, 25837, 25850, 25852, 25855, 25867, 25890, 25894, 25898, 18023, 18025, 18050, 18038, 18062, 18066, 18077, 18300, 18305, 18246, 18271, 18273, 18267, 18269, 18503, 18505, 18507, 26470, 26474, 26477, 26811, 26813, 26816, 26822, 26827, 26829, 26738, 26771, 26773, 26920, 26921, 26912, 26917, 26950, 26961, 26965]",0.04208620000281371,success,,51.94112549694981,73.45584412216202,62.28355635902341,56.78302848785421,24.060131186366917,43.81841636068496
chi_clow_to_ohare_0204,w_0204,grid_0_10,True,False,clow_to_ohare,Clow International Airport to O'Hare International Airport,Clow International Airport,O'Hare International Airport,41.695923717435235,-88.12876224517822,41.97807408541273,-87.90902412382081,ohare_2026-03-07_1s_15nm_bbox,0.4,0.0,0.1,0.5,85,"[13722, 13725, 13728, 13761, 13764, 13767, 13770, 13774, 13778, 16001, 16004, 16007, 16040, 16043, 16046, 16049, 16072, 16073, 16067, 16091, 16093, 16096, 16320, 16323, 16324, 16328, 25508, 25530, 25532, 25534, 25542, 25546, 25549, 25573, 25576, 25579, 25800, 25593, 25596, 25599, 25843, 25846, 25860, 25863, 25866, 25869, 25892, 25895, 18020, 18022, 18026, 18037, 18039, 18063, 18074, 18077, 18300, 18305, 18246, 18271, 18273, 18267, 18269, 18503, 18505, 18507, 26470, 26474, 26477, 26811, 26813, 26816, 26822, 26827, 26829, 26738, 26771, 26773, 26920, 26921, 26912, 26917, 26950, 26961, 26965]",0.042018000000098255,success,,51.941125496954854,73.45584412216914,61.20775264212632,51.14991560607393,24.13167913866721,46.56316877880866
chi_clow_to_ohare_0205,w_0205,grid_0_10,True,False,clow_to_ohare,Clow International Airport to O'Hare International Airport,Clow International Airport,O'Hare International Airport,41.695923717435235,-88.12876224517822,41.97807408541273,-87.90902412382081,ohare_2026-03-07_1s_15nm_bbox,0.4,0.0,0.2,0.4,85,"[13722, 13725, 13728, 13761, 13764, 13767, 13770, 13774, 13778, 16001, 16004, 16007, 16040, 16043, 16046, 16049, 16072, 16073, 16067, 16091, 16093, 16096, 16320, 16323, 16324, 16328, 25508, 25530, 25532, 25534, 25542, 25546, 25549, 25573, 25576, 25579, 25800, 25593, 25596, 25599, 25843, 25846, 25860, 25863, 25866, 25869, 25892, 25895, 18020, 18022, 18026, 18037, 18039, 18063, 18074, 18077, 18300, 18305, 18246, 18271, 18273, 18267, 18269, 18503, 18505, 18507, 26470, 26474, 26477, 26811, 26813, 26816, 26822, 26827, 26829, 26738, 26771, 26773, 26920, 26921, 26912, 26917, 26950, 26961, 26965]",0.0445627999943099,success,,51.941125496954854,73.45584412216914,61.20775264212632,51.14991560607393,24.13167913866721,49.26499242554933
chi_clow_to_ohare_0206,w_0206,grid_0_10,True,False,clow_to_ohare,Clow International Airport to O'Hare International Airport,Clow International Airport,O'Hare International Airport,41.695923717435235,-88.12876224517822,41.97807408541273,-87.90902412382081,ohare_2026-03-07_1s_15nm_bbox,0.4,0.0,0.3,0.3,85,"[13722, 13727, 13718, 13742, 13746, 22697, 22932, 22933, 22938, 22980, 22984, 22987, 25210, 25211, 25224, 25225, 25228, 25245, 25247, 25249, 25165, 25190, 25193, 25194, 25405, 25408, 25432, 25444, 25446, 25470, 25473, 25477, 25638, 25641, 25645, 25647, 25681, 25685, 25688, 25902, 25904, 25906, 25909, 25942, 25946, 25947, 24890, 24895, 24898, 26121, 26123, 26135, 26139, 26163, 26164, 26167, 26191, 26193, 26197, 26421, 26407, 26409, 26433, 26436, 26535, 26537, 26562, 26565, 26576, 26579, 26723, 26725, 26727, 26760, 26761, 26747, 26782, 26784, 26788, 26910, 26914, 26937, 26938, 26962, 26965]",0.04584900000190828,success,,51.9411254969601,73.45584412217663,64.2348265206265,45.12887978853363,29.83221424854086,51.870665859993004
chi_clow_to_ohare_0207,w_0207,grid_0_10,True,False,clow_to_ohare,Clow International Airport to O'Hare International Airport,Clow International Airport,O'Hare International Airport,41.695923717435235,-88.12876224517822,41.97807408541273,-87.90902412382081,ohare_2026-03-07_1s_15nm_bbox,0.4,0.0,0.4,0.2,85,"[13722, 13727, 13718, 13742, 13746, 22697, 22932, 22933, 22938, 22980, 22984, 22987, 25210, 25211, 25224, 25225, 25228, 25245, 25247, 25249, 25165, 25190, 25193, 25194, 25405, 25408, 25432, 25444, 25446, 25470, 25473, 25477, 25638, 25641, 25645, 25647, 25681, 25685, 25688, 25902, 25904, 25906, 25909, 25942, 25946, 25947, 24890, 24895, 24898, 26121, 26123, 26135, 26139, 26163, 26164, 26167, 26191, 26193, 26197, 26421, 26407, 26409, 26433, 26436, 26535, 26537, 26562, 26565, 26576, 26579, 26723, 26725, 26727, 26760, 26761, 26747, 26782, 26784, 26788, 26910, 26914, 26937, 26938, 26962, 26965]",0.04385499999625608,success,,51.9411254969601,73.45584412217663,64.2348265206265,45.12887978853363,29.83221424854086,53.400332413992274
chi_clow_to_ohare_0208,w_0208,grid_0_10,True,False,clow_to_ohare,Clow International Airport to O'Hare International Airport,Clow International Airport,O'Hare International Airport,41.695923717435235,-88.12876224517822,41.97807408541273,-87.90902412382081,ohare_2026-03-07_1s_15nm_bbox,0.4,0.0,0.5,0.1,85,"[13722, 13727, 13718, 13742, 13746, 22697, 22932, 22933, 22938, 22980, 22984, 22987, 25210, 25211, 25224, 25225, 25228, 25245, 25247, 25249, 25165, 25190, 25193, 25194, 25405, 25408, 25432, 25444, 25446, 25470, 25473, 25477, 25638, 25641, 25645, 25647, 25681, 25685, 25688, 25902, 25904, 25906, 25909, 25942, 25946, 25947, 24890, 24895, 24898, 26121, 26123, 26135, 26139, 26163, 26164, 26167, 26191, 26193, 26197, 26421, 26407, 26409, 26433, 26436, 26535, 26537, 26562, 26565, 26576, 26579, 26723, 26725, 26727, 26760, 26761, 26747, 26782, 26784, 26788, 26910, 26914, 26937, 26938, 26962, 26965]",0.04473339999822201,success,,51.9411254969601,73.45584412217663,64.2348265206265,45.12887978853363,29.83221424854086,54.92999896799156
chi_clow_to_ohare_0209,w_0209,grid_0_10,True,False,clow_to_ohare,Clow International Airport to O'Hare International Airport,Clow International Airport,O'Hare International Airport,41.695923717435235,-88.12876224517822,41.97807408541273,-87.90902412382081,ohare_2026-03-07_1s_15nm_bbox,0.4,0.0,0.6,0.0,85,"[13722, 13727, 13718, 13742, 13746, 22697, 22932, 22934, 22961, 22964, 22972, 22975, 25200, 22994, 22998, 25132, 25142, 25144, 25147, 25149, 25174, 25176, 25178, 25413, 25354, 25359, 25372, 25373, 25396, 25621, 25624, 25627, 25650, 25651, 25673, 25675, 25677, 25679, 25698, 25699, 25913, 25917, 25919, 25941, 24864, 24868, 24891, 24893, 24898, 26121, 26123, 26135, 26139, 26163, 26164, 26167, 26191, 26193, 26197, 26421, 26407, 26409, 26433, 26436, 26535, 26537, 26562, 26565, 26576, 26579, 26723, 26725, 26727, 26760, 26761, 26747, 26782, 26784, 26788, 26910, 26914, 26937, 26938, 26962, 26965]",0.04571120000036899,success,,52.35533905932815,74.04163055979204,59.09916452640801,44.536473887013265,30.81769002415776,56.33853655612478
chi_clow_to_ohare_0210,w_0210,grid_0_10,True,False,clow_to_ohare,Clow International Airport to O'Hare International Airport,Clow International Airport,O'Hare International Airport,41.695923717435235,-88.12876224517822,41.97807408541273,-87.90902412382081,ohare_2026-03-07_1s_15nm_bbox,0.4,0.1,0.0,0.5,85,"[13722, 13727, 13718, 13742, 13746, 22697, 22932, 22934, 22937, 22981, 22982, 22986, 25220, 25222, 25223, 25225, 25228, 25250, 25252, 25253, 25256, 25258, 25259, 25283, 25285, 25289, 25511, 25514, 25516, 25541, 25544, 25547, 25549, 25573, 25576, 25579, 25800, 25803, 25806, 25830, 25842, 25846, 25860, 25863, 25866, 25868, 25892, 25797, 18020, 18022, 18026, 18037, 18039, 18063, 18074, 18078, 18300, 18305, 18246, 18271, 18273, 18267, 18269, 18503, 18505, 18507, 26470, 26474, 26477, 26811, 26813, 26816, 26822, 26827, 26829, 26738, 26771, 26773, 26920, 26921, 26912, 26917, 26950, 26961, 26965]",0.04281609999452485,success,,51.94112549695459,73.45584412216876,50.865937134126256,53.80862660363863,24.598503992846044,46.768183358703155
chi_clow_to_ohare_0211,w_0211,grid_0_10,True,False,clow_to_ohare,Clow International Airport to O'Hare International Airport,Clow International Airport,O'Hare International Airport,41.695923717435235,-88.12876224517822,41.97807408541273,-87.90902412382081,ohare_2026-03-07_1s_15nm_bbox,0.4,0.1,0.1,0.4,85,"[13722, 13727, 13718, 13742, 13746, 22697, 22932, 22934, 22937, 22981, 22982, 22967, 22969, 25222, 25223, 25225, 25228, 25250, 25252, 25253, 25256, 25258, 25259, 25283, 25285, 25289, 25511, 25514, 25516, 25541, 25544, 25547, 25549, 25573, 25576, 25579, 25800, 25803, 25806, 25841, 25843, 25846, 25860, 25863, 25866, 25869, 25892, 25895, 18020, 18022, 18026, 18037, 18039, 18063, 18074, 18078, 18300, 18305, 18246, 18271, 18273, 18267, 18269, 18503, 18505, 18507, 26470, 26474, 26477, 26811, 26813, 26816, 26822, 26827, 26829, 26738, 26771, 26773, 26920, 26921, 26912, 26917, 26950, 26961, 26965]",0.0445153000036953,success,,51.941125496955635,73.45584412217022,51.059617419535854,52.77454324741399,24.621439522281626,49.61432952447572
chi_clow_to_ohare_0212,w_0212,grid_0_10,True,False,clow_to_ohare,Clow International Airport to O'Hare International Airport,Clow International Airport,O'Hare International Airport,41.695923717435235,-88.12876224517822,41.97807408541273,-87.90902412382081,ohare_2026-03-07_1s_15nm_bbox,0.4,0.1,0.2,0.3,85,"[13722, 13727, 13718, 13742, 13746, 22697, 22932, 22934, 22961, 22964, 22972, 22975, 25200, 22994, 22997, 25130, 25135, 25136, 25139, 25164, 25167, 25169, 25193, 25195, 25199, 25420, 25424, 25434, 25437, 25439, 25463, 25466, 25469, 25492, 25496, 25708, 25731, 25735, 25687, 25920, 25923, 25925, 25930, 25933, 25936, 25955, 25956, 25973, 25977, 18200, 26122, 26127, 26150, 26161, 26164, 26167, 26191, 26193, 26197, 26405, 26407, 26431, 26432, 26436, 26535, 26537, 26562, 26575, 26578, 26720, 26594, 26597, 26740, 26743, 26746, 26748, 26781, 26784, 26788, 26910, 26914, 26937, 26938, 26962, 26965]",0.04457509999338072,success,,51.94112549695298,73.45584412216654,45.228704727251205,47.235568608910796,29.729209817285113,52.271084788559435
chi_clow_to_ohare_0213,w_0213,grid_0_10,True,False,clow_to_ohare,Clow International Airport to O'Hare International Airport,Clow International Airport,O'Hare International Airport,41.695923717435235,-88.12876224517822,41.97807408541273,-87.90902412382081,ohare_2026-03-07_1s_15nm_bbox,0.4,0.1,0.3,0.2,85,"[13722, 13727, 13718, 13742, 13746, 22697, 22932, 22934, 22961, 22964, 22972, 22975, 25200, 22994, 22997, 25130, 25135, 25136, 25139, 25164, 25167, 25169, 25193, 25195, 25199, 25420, 25424, 25434, 25437, 25439, 25463, 25466, 25469, 25492, 25496, 25708, 25731, 25735, 25687, 25920, 25923, 25925, 25930, 25933, 25936, 25955, 25956, 25973, 25977, 18200, 26122, 26127, 26150, 26161, 26164, 26167, 26191, 26193, 26197, 26405, 26407, 26431, 26432, 26436, 26535, 26537, 26562, 26575, 26578, 26720, 26594, 26597, 26740, 26743, 26746, 26748, 26781, 26784, 26788, 26910, 26914, 26937, 26938, 26962, 26965]",0.04492690000188304,success,,51.94112549695298,73.45584412216654,45.228704727251205,47.235568608910796,29.729209817285113,54.021720667722
chi_clow_to_ohare_0214,w_0214,grid_0_10,True,False,clow_to_ohare,Clow International Airport to O'Hare International Airport,Clow International Airport,O'Hare International Airport,41.695923717435235,-88.12876224517822,41.97807408541273,-87.90902412382081,ohare_2026-03-07_1s_15nm_bbox,0.4,0.1,0.4,0.1,85,"[13722, 13727, 13718, 13742, 13746, 22697, 22932, 22934, 22961, 22964, 22972, 22975, 25200, 22994, 22997, 25130, 25135, 25136, 25139, 25164, 25167, 25169, 25193, 25195, 25199, 25420, 25424, 25434, 25437, 25439, 25463, 25466, 25469, 25492, 25496, 25708, 25731, 25735, 25687, 25920, 25923, 25925, 25930, 25933, 25936, 25955, 25956, 25973, 25977, 18200, 26122, 26127, 26150, 26161, 26164, 26167, 26191, 26193, 26197, 26405, 26407, 26431, 26432, 26436, 26535, 26537, 26562, 26575, 26578, 26720, 26594, 26597, 26740, 26743, 26746, 26748, 26781, 26784, 26788, 26910, 26914, 26937, 26938, 26962, 26965]",0.04500399999960791,success,,51.94112549695298,73.45584412216654,45.228704727251205,47.235568608910796,29.729209817285113,55.77235654688457
chi_clow_to_ohare_0215,w_0215,grid_0_10,True,False,clow_to_ohare,Clow International Airport to O'Hare International Airport,Clow International Airport,O'Hare International Airport,41.695923717435235,-88.12876224517822,41.97807408541273,-87.90902412382081,ohare_2026-03-07_1s_15nm_bbox,0.4,0.1,0.5,0.0,85,"[13722, 13727, 13718, 13742, 13746, 22697, 22932, 22934, 22961, 22964, 22972, 22975, 25200, 22994, 22997, 25130, 25135, 25136, 25139, 25164, 25167, 25169, 25193, 25195, 25199, 25420, 25424, 25434, 25437, 25439, 25463, 25466, 25469, 25492, 25496, 25708, 25731, 25735, 25687, 25920, 25923, 25925, 25930, 25933, 25936, 25955, 25956, 25973, 25977, 18200, 26122, 26127, 26150, 26161, 26164, 26167, 26191, 26193, 26197, 26405, 26406, 26409, 26432, 26436, 26535, 26537, 26562, 26575, 26578, 26720, 26594, 26597, 26740, 26743, 26746, 26748, 26781, 26784, 26788, 26910, 26914, 26937, 26938, 26962, 26965]",0.04418250000162516,success,,51.9411254969527,73.45584412216616,45.228704727251205,47.21284539133307,29.965132904924932,57.51163081725812
chi_clow_to_ohare_0216,w_0216,grid_0_10,True,False,clow_to_ohare,Clow International Airport to O'Hare International Airport,Clow International Airport,O'Hare International Airport,41.695923717435235,-88.12876224517822,41.97807408541273,-87.90902412382081,ohare_2026-03-07_1s_15nm_bbox,0.4,0.2,0.0,0.4,85,"[13722, 13727, 13718, 13742, 13746, 22697, 22932, 22934, 22937, 22981, 22982, 22986, 25220, 25222, 25223, 25225, 25228, 25250, 25252, 25253, 25256, 25267, 25290, 25291, 25198, 25420, 25424, 25434, 25437, 25439, 25463, 25466, 25469, 25491, 25495, 25497, 25720, 25723, 25726, 25729, 25742, 25745, 25748, 25771, 25774, 25778, 18012, 18014, 18017, 18030, 18034, 18046, 18049, 18071, 18076, 18078, 18300, 18305, 18246, 18271, 18273, 18267, 18269, 18503, 18505, 18507, 26470, 26474, 26477, 26811, 26813, 26816, 26822, 26827, 26829, 26738, 26771, 26773, 26920, 26921, 26912, 26917, 26950, 26961, 26965]",0.045374299996183254,success,,51.94112549695482,73.45584412216908,48.37389329907217,54.328214154439735,25.612408069944994,49.30207953666007
chi_clow_to_ohare_0217,w_0217,grid_0_10,True,False,clow_to_ohare,Clow International Airport to O'Hare International Airport,Clow International Airport,O'Hare International Airport,41.695923717435235,-88.12876224517822,41.97807408541273,-87.90902412382081,ohare_2026-03-07_1s_15nm_bbox,0.4,0.2,0.1,0.3,85,"[13722, 13727, 13718, 13742, 13746, 22697, 22932, 22934, 22937, 22981, 22982, 22967, 22969, 25222, 25223, 25225, 25228, 25245, 25248, 25260, 25263, 25267, 25290, 25291, 25198, 25420, 25424, 25434, 25437, 25439, 25463, 25466, 25469, 25492, 25496, 25708, 25731, 25735, 25687, 25920, 25923, 25925, 25930, 25933, 25936, 25955, 25956, 25973, 25977, 18200, 26122, 26127, 26150, 26161, 26164, 26167, 26190, 26194, 26401, 26405, 26407, 26431, 26432, 26436, 26535, 26537, 26562, 26575, 26578, 26720, 26594, 26597, 26740, 26743, 26746, 26748, 26781, 26784, 26788, 26910, 26914, 26937, 26938, 26962, 26965]",0.04481890000170097,success,,51.94112549695056,73.45584412216313,43.91000565837392,48.666393246533694,29.43066012266922,51.860176141994174
chi_clow_to_ohare_0218,w_0218,grid_0_10,True,False,clow_to_ohare,Clow International Airport to O'Hare International Airport,Clow International Airport,O'Hare International Airport,41.695923717435235,-88.12876224517822,41.97807408541273,-87.90902412382081,ohare_2026-03-07_1s_15nm_bbox,0.4,0.2,0.2,0.2,85,"[13722, 13727, 13718, 13742, 13746, 22697, 22932, 22934, 22937, 22963, 22965, 22967, 22969, 25222, 25223, 25225, 25228, 25245, 25248, 25260, 25263, 25267, 25290, 25291, 25198, 25420, 25424, 25434, 25437, 25439, 25463, 25466, 25469, 25492, 25496, 25708, 25731, 25735, 25687, 25920, 25923, 25925, 25930, 25933, 25936, 25955, 25956, 25973, 25977, 18200, 26122, 26127, 26150, 26161, 26164, 26167, 26190, 26194, 26401, 26405, 26407, 26431, 26432, 26436, 26535, 26537, 26562, 26575, 26578, 26720, 26594, 26597, 26740, 26743, 26746, 26748, 26781, 26784, 26788, 26910, 26914, 26937, 26938, 26962, 26965]",0.04344960000162246,success,,51.94112549695111,73.45584412216391,43.91000565837392,48.61751509787823,29.45162226502116,53.778166253120226
chi_clow_to_ohare_0219,w_0219,grid_0_10,True,False,clow_to_ohare,Clow International Airport to O'Hare International Airport,Clow International Airport,O'Hare International Airport,41.695923717435235,-88.12876224517822,41.97807408541273,-87.90902412382081,ohare_2026-03-07_1s_15nm_bbox,0.4,0.2,0.3,0.1,85,"[13722, 13727, 13718, 13742, 13746, 22697, 22932, 22934, 22961, 22964, 22972, 22975, 25200, 22994, 22997, 25130, 25135, 25136, 25139, 25164, 25167, 25169, 25193, 25195, 25199, 25420, 25424, 25434, 25437, 25439, 25463, 25466, 25469, 25492, 25496, 25708, 25731, 25735, 25687, 25920, 25923, 25925, 25930, 25933, 25936, 25955, 25956, 25973, 25977, 18200, 26122, 26127, 26150, 26161, 26164, 26167, 26191, 26193, 26197, 26405, 26407, 26431, 26432, 26436, 26535, 26537, 26562, 26575, 26578, 26720, 26594, 26597, 26740, 26743, 26746, 26748, 26781, 26784, 26788, 26910, 26914, 26937, 26938, 26962, 26965]",0.042763199999171775,success,,51.94112549695298,73.45584412216654,45.228704727251205,47.235568608910796,29.729209817285113,55.57167015871861
chi_clow_to_ohare_0220,w_0220,grid_0_10,True,False,clow_to_ohare,Clow International Airport to O'Hare International Airport,Clow International Airport,O'Hare International Airport,41.695923717435235,-88.12876224517822,41.97807408541273,-87.90902412382081,ohare_2026-03-07_1s_15nm_bbox,0.4,0.2,0.4,0.0,85,"[13722, 13727, 13718, 13742, 13746, 22697, 22932, 22934, 22961, 22964, 22972, 22975, 25200, 22994, 22997, 25130, 25135, 25136, 25139, 25164, 25167, 25169, 25193, 25195, 25199, 25420, 25424, 25434, 25437, 25439, 25463, 25466, 25469, 25492, 25496, 25708, 25731, 25735, 25687, 25920, 25923, 25925, 25930, 25933, 25936, 25955, 25956, 25973, 25977, 18200, 26122, 26127, 26150, 26161, 26164, 26167, 26191, 26193, 26197, 26405, 26406, 26409, 26432, 26436, 26535, 26537, 26562, 26575, 26578, 26720, 26594, 26597, 26740, 26743, 26746, 26748, 26781, 26784, 26788, 26910, 26914, 26937, 26938, 26962, 26965]",0.04501739999977872,success,,51.9411254969527,73.45584412216616,45.228704727251205,47.21284539133307,29.965132904924932,57.31321675084993
chi_clow_to_ohare_0221,w_0221,grid_0_10,True,False,clow_to_ohare,Clow International Airport to O'Hare International Airport,Clow International Airport,O'Hare International Airport,41.695923717435235,-88.12876224517822,41.97807408541273,-87.90902412382081,ohare_2026-03-07_1s_15nm_bbox,0.4,0.3,0.0,0.3,85,"[13722, 13727, 13718, 13742, 13746, 22697, 22932, 22934, 22937, 22981, 22982, 22986, 25220, 25222, 25223, 25225, 25228, 25250, 25252, 25253, 25256, 25267, 25290, 25291, 25198, 25420, 25424, 25434, 25437, 25439, 25463, 25466, 25468, 25493, 25705, 25707, 25732, 25684, 25687, 25920, 25923, 25925, 25929, 25932, 25936, 25955, 25956, 25973, 25977, 18200, 26122, 26127, 26150, 26153, 26154, 26168, 26191, 26194, 26401, 26405, 26407, 26431, 26432, 26436, 26535, 26537, 26562, 26575, 26578, 26720, 26594, 26597, 26740, 26743, 26746, 26748, 26792, 26794, 26798, 26930, 26934, 26936, 26960, 26962, 26965]",0.045182400004705414,success,,51.94112549695134,73.45584412216422,43.44350780362234,51.91126272627965,29.421951742228696,51.241975512620996
chi_clow_to_ohare_0222,w_0222,grid_0_10,True,False,clow_to_ohare,Clow International Airport to O'Hare International Airport,Clow International Airport,O'Hare International Airport,41.695923717435235,-88.12876224517822,41.97807408541273,-87.90902412382081,ohare_2026-03-07_1s_15nm_bbox,0.4,0.3,0.1,0.2,85,"[13722, 13727, 13718, 13742, 13746, 22697, 22932, 22934, 22937, 22963, 22965, 22967, 22969, 25222, 25223, 25225, 25228, 25245, 25248, 25260, 25263, 25267, 25290, 25291, 25198, 25420, 25424, 25434, 25437, 25439, 25463, 25466, 25469, 25492, 25496, 25708, 25731, 25735, 25687, 25920, 25923, 25925, 25930, 25933, 25936, 25955, 25956, 25973, 25977, 18200, 26122, 26127, 26150, 26161, 26164, 26167, 26190, 26194, 26401, 26405, 26407, 26431, 26432, 26436, 26535, 26537, 26562, 26575, 26578, 26720, 26594, 26597, 26740, 26743, 26746, 26748, 26781, 26784, 26788, 26910, 26914, 26937, 26938, 26962, 26965]",0.04242099999828497,success,,51.94112549695111,73.45584412216391,43.91000565837392,48.61751509787823,29.45162226502116,53.3074153091698
chi_clow_to_ohare_0223,w_0223,grid_0_10,True,False,clow_to_ohare,Clow International Airport to O'Hare International Airport,Clow International Airport,O'Hare International Airport,41.695923717435235,-88.12876224517822,41.97807408541273,-87.90902412382081,ohare_2026-03-07_1s_15nm_bbox,0.4,0.3,0.2,0.1,85,"[13722, 13727, 13718, 13742, 13746, 22697, 22932, 22934, 22937, 22963, 22965, 22967, 22969, 25222, 25223, 25225, 25228, 25245, 25248, 25260, 25263, 25267, 25290, 25291, 25198, 25420, 25424, 25434, 25437, 25439, 25463, 25466, 25469, 25492, 25496, 25708, 25731, 25735, 25687, 25920, 25923, 25925, 25930, 25933, 25936, 25955, 25956, 25973, 25977, 18200, 26122, 26127, 26150, 26161, 26164, 26167, 26190, 26194, 26401, 26405, 26407, 26431, 26432, 26436, 26535, 26537, 26562, 26575, 26578, 26720, 26594, 26597, 26740, 26743, 26746, 26748, 26781, 26784, 26788, 26910, 26914, 26937, 26938, 26962, 26965]",0.04532219999964582,success,,51.94112549695111,73.45584412216391,43.91000565837392,48.61751509787823,29.45162226502116,55.2240045924555
chi_clow_to_ohare_0224,w_0224,grid_0_10,True,False,clow_to_ohare,Clow International Airport to O'Hare International Airport,Clow International Airport,O'Hare International Airport,41.695923717435235,-88.12876224517822,41.97807408541273,-87.90902412382081,ohare_2026-03-07_1s_15nm_bbox,0.4,0.3,0.3,0.0,85,"[13722, 13727, 13718, 13742, 13746, 22697, 22932, 22934, 22961, 22964, 22972, 22975, 25200, 22994, 22997, 25130, 25135, 25136, 25139, 25164, 25167, 25169, 25193, 25195, 25199, 25420, 25424, 25434, 25437, 25439, 25463, 25466, 25469, 25492, 25496, 25708, 25731, 25735, 25687, 25920, 25923, 25925, 25930, 25933, 25936, 25955, 25956, 25973, 25977, 18200, 26122, 26127, 26150, 26161, 26164, 26167, 26190, 26194, 26401, 26405, 26406, 26409, 26432, 26436, 26535, 26537, 26562, 26575, 26578, 26720, 26594, 26597, 26740, 26743, 26746, 26748, 26781, 26784, 26788, 26910, 26914, 26937, 26938, 26962, 26965]",0.04308550000132527,success,,51.941125496952424,73.45584412216577,45.07271891011695,47.36460372340999,29.965132904924932,57.1135344389244
chi_clow_to_ohare_0225,w_0225,grid_0_10,True,False,clow_to_ohare,Clow International Airport to O'Hare International Airport,Clow International Airport,O'Hare International Airport,41.695923717435235,-88.12876224517822,41.97807408541273,-87.90902412382081,ohare_2026-03-07_1s_15nm_bbox,0.4,0.4,0.0,0.2,88,"[13722, 13727, 13718, 13742, 13746, 22697, 22932, 22934, 22937, 22981, 22982, 22986, 25220, 25222, 25223, 25225, 25228, 25250, 25252, 25253, 25256, 25267, 25290, 25291, 25198, 25420, 25424, 25434, 25437, 25439, 25463, 25466, 25468, 25493, 25705, 25707, 25732, 25684, 25686, 25688, 25900, 25901, 25699, 25913, 25916, 24848, 24863, 24865, 24879, 26102, 26105, 26110, 26115, 26117, 26076, 26210, 26211, 26234, 26238, 26260, 26248, 26249, 26512, 26514, 26516, 26518, 26550, 26551, 26554, 26556, 26558, 26559, 26591, 26594, 26597, 26740, 26743, 26746, 26748, 26792, 26794, 26798, 26930, 26934, 26936, 26960, 26962, 26965]",0.043707099997845944,success,,53.2340187157672,75.28427124690023,39.880450412484365,54.04640257205645,31.177235332803242,52.30133573031449
chi_clow_to_ohare_0226,w_0226,grid_0_10,True,False,clow_to_ohare,Clow International Airport to O'Hare International Airport,Clow International Airport,O'Hare International Airport,41.695923717435235,-88.12876224517822,41.97807408541273,-87.90902412382081,ohare_2026-03-07_1s_15nm_bbox,0.4,0.4,0.1,0.1,88,"[13722, 13727, 13718, 13742, 13746, 22697, 22932, 22934, 22937, 22963, 22965, 22967, 22969, 25222, 25223, 25225, 25228, 25245, 25248, 25260, 25263, 25267, 25290, 25291, 25198, 25420, 25424, 25434, 25436, 25460, 25462, 25476, 25479, 25702, 25704, 25707, 25732, 25684, 25686, 25688, 25900, 25901, 25699, 25913, 25916, 24848, 24863, 24865, 24879, 26102, 26105, 26110, 26115, 26117, 26076, 26210, 26211, 26234, 26238, 26260, 26248, 26249, 26512, 26514, 26516, 26518, 26550, 26551, 26554, 26556, 26558, 26559, 26591, 26594, 26597, 26740, 26743, 26746, 26748, 26792, 26794, 26798, 26930, 26934, 26936, 26960, 26962, 26965]",0.04147199999715667,success,,53.2340187157667,75.28427124689952,39.880450412484365,53.59700817568923,31.22528170281901,54.54811765160438
chi_clow_to_ohare_0227,w_0227,grid_0_10,True,False,clow_to_ohare,Clow International Airport to O'Hare International Airport,Clow International Airport,O'Hare International Airport,41.695923717435235,-88.12876224517822,41.97807408541273,-87.90902412382081,ohare_2026-03-07_1s_15nm_bbox,0.4,0.4,0.2,0.0,87,"[13722, 13727, 13718, 13742, 13746, 22697, 22932, 22934, 22961, 22964, 22972, 22975, 22978, 25201, 25204, 25207, 25240, 25243, 25247, 25261, 25264, 25266, 25290, 25291, 25198, 25420, 25424, 25434, 25436, 25461, 25462, 25476, 25479, 25702, 25704, 25707, 25732, 25684, 25686, 25688, 25902, 25905, 25915, 25919, 25941, 24861, 24866, 24869, 26101, 26103, 26107, 26113, 26118, 26119, 26079, 26213, 26216, 26239, 26261, 26264, 26510, 26512, 26514, 26516, 26518, 26550, 26551, 26554, 26556, 26558, 26559, 26591, 26594, 26597, 26740, 26743, 26746, 26748, 26781, 26784, 26788, 26910, 26914, 26937, 26938, 26962, 26965]",0.0422614999988582,success,,52.94112549695271,74.87005768452875,40.90128796025727,51.34326351805094,31.82913767188348,56.57719096152459
chi_clow_to_ohare_0228,w_0228,grid_0_10,True,False,clow_to_ohare,Clow International Airport to O'Hare International Airport,Clow International Airport,O'Hare International Airport,41.695923717435235,-88.12876224517822,41.97807408541273,-87.90902412382081,ohare_2026-03-07_1s_15nm_bbox,0.4,0.5,0.0,0.1,88,"[13722, 13727, 13718, 13742, 13746, 22697, 22932, 22934, 22937, 22981, 22982, 22986, 25220, 25222, 25223, 25225, 25228, 25250, 25252, 25253, 25256, 25267, 25290, 25291, 25198, 25420, 25424, 25434, 25437, 25439, 25463, 25466, 25468, 25493, 25705, 25707, 25732, 25684, 25686, 25921, 25904, 25907, 25915, 25917, 25916, 24848, 24863, 24865, 24879, 26102, 26105, 26110, 26115, 26117, 26076, 26210, 26211, 26234, 26238, 26260, 26248, 26249, 26512, 26514, 26516, 26518, 26550, 26551, 26554, 26556, 26558, 26559, 26591, 26594, 26597, 26740, 26743, 26746, 26748, 26792, 26794, 26798, 26930, 26934, 26936, 26960, 26962, 26965]",0.04008579999936046,success,,53.23401871576665,75.28427124689945,39.60987740054034,55.202774054460846,32.1365121654882,53.13229841557877
chi_clow_to_ohare_0229,w_0229,grid_0_10,True,False,clow_to_ohare,Clow International Airport to O'Hare International Airport,Clow International Airport,O'Hare International Airport,41.695923717435235,-88.12876224517822,41.97807408541273,-87.90902412382081,ohare_2026-03-07_1s_15nm_bbox,0.4,0.5,0.1,0.0,88,"[13722, 13727, 13718, 13742, 13746, 22697, 22932, 22934, 22961, 22964, 22972, 22975, 22978, 25201, 25204, 25207, 25240, 25243, 25247, 25261, 25264, 25266, 25290, 25291, 25198, 25420, 25424, 25434, 25436, 25461, 25462, 25476, 25479, 25702, 25704, 25707, 25732, 25684, 25686, 25688, 25902, 25905, 25915, 25919, 25941, 24861, 24866, 24865, 24879, 26102, 26105, 26110, 26115, 26117, 26076, 26210, 26211, 26234, 26238, 26260, 26248, 26249, 26512, 26514, 26516, 26518, 26550, 26551, 26554, 26556, 26558, 26559, 26591, 26594, 26597, 26740, 26743, 26746, 26748, 26792, 26794, 26798, 26930, 26934, 26936, 26960, 26962, 26965]",0.040561000001616776,success,,53.234018715767476,75.28427124690062,39.70006840452167,53.754640239541175,32.3751680057094,55.3392067249752
chi_clow_to_ohare_0230,w_0230,grid_0_10,True,False,clow_to_ohare,Clow International Airport to O'Hare International Airport,Clow International Airport,O'Hare International Airport,41.695923717435235,-88.12876224517822,41.97807408541273,-87.90902412382081,ohare_2026-03-07_1s_15nm_bbox,0.4,0.6,0.0,0.0,88,"[13722, 13727, 13718, 13742, 13746, 22697, 22932, 22934, 22961, 22963, 22965, 22968, 22969, 25222, 25223, 25225, 25228, 25245, 25248, 25260, 25263, 25266, 25290, 25291, 25198, 25420, 25424, 25434, 25437, 25460, 25464, 25467, 25490, 25702, 25704, 25707, 25732, 25684, 25686, 25921, 25904, 25907, 25915, 25917, 25918, 24861, 24866, 24865, 24879, 26102, 26105, 26110, 26115, 26117, 26076, 26210, 26211, 26234, 26238, 26260, 26248, 26249, 26512, 26514, 26516, 26518, 26550, 26551, 26554, 26556, 26558, 26559, 26591, 26594, 26597, 26740, 26743, 26754, 26759, 26791, 26794, 26798, 26930, 26934, 26936, 26960, 26962, 26965]",0.03956869999819901,success,,53.23401871576253,75.28427124689361,39.60987740054034,55.87836537954477,32.21869175055298,53.879634939081654
chi_clow_to_ohare_0231,w_0231,grid_0_10,True,False,clow_to_ohare,Clow International Airport to O'Hare International Airport,Clow International Airport,O'Hare International Airport,41.695923717435235,-88.12876224517822,41.97807408541273,-87.90902412382081,ohare_2026-03-07_1s_15nm_bbox,0.5,0.0,0.0,0.5,85,"[13722, 13725, 13728, 13761, 13764, 13767, 13770, 13774, 13776, 16000, 16003, 16006, 16009, 16041, 16045, 16048, 16071, 16074, 16076, 16079, 16302, 16305, 16308, 16332, 16334, 16338, 16370, 16373, 16377, 16390, 16393, 16396, 16630, 16631, 16626, 16629, 16651, 16654, 25822, 25824, 25832, 25837, 25850, 25852, 25855, 25867, 25890, 25894, 25898, 18023, 18025, 18050, 18038, 18062, 18066, 18077, 18300, 18305, 18246, 18271, 18273, 18267, 18269, 18503, 18505, 18507, 26470, 26474, 26477, 26811, 26813, 26816, 26822, 26827, 26829, 26738, 26771, 26773, 26920, 26921, 26912, 26917, 26950, 26961, 26965]",0.03175090000149794,success,,51.94112549694981,73.45584412216202,62.28355635902341,56.78302848785421,24.060131186366917,48.75798765426447
chi_clow_to_ohare_0232,w_0232,grid_0_10,True,False,clow_to_ohare,Clow International Airport to O'Hare International Airport,Clow International Airport,O'Hare International Airport,41.695923717435235,-88.12876224517822,41.97807408541273,-87.90902412382081,ohare_2026-03-07_1s_15nm_bbox,0.5,0.0,0.1,0.4,85,"[13722, 13725, 13728, 13761, 13764, 13767, 13770, 13774, 13778, 16001, 16004, 16007, 16040, 16043, 16046, 16049, 16072, 16073, 16067, 16091, 16093, 16096, 16320, 16323, 16324, 16328, 25508, 25530, 25532, 25534, 25542, 25546, 25549, 25573, 25576, 25579, 25800, 25593, 25596, 25599, 25843, 25846, 25860, 25863, 25866, 25869, 25892, 25895, 18020, 18022, 18026, 18037, 18039, 18063, 18074, 18077, 18300, 18305, 18246, 18271, 18273, 18267, 18269, 18503, 18505, 18507, 26470, 26474, 26477, 26811, 26813, 26816, 26822, 26827, 26829, 26738, 26771, 26773, 26920, 26921, 26912, 26917, 26950, 26961, 26965]",0.032826299997395836,success,,51.941125496954854,73.45584412216914,61.20775264212632,51.14991560607393,24.13167913866721,51.495585277158845
chi_clow_to_ohare_0233,w_0233,grid_0_10,True,False,clow_to_ohare,Clow International Airport to O'Hare International Airport,Clow International Airport,O'Hare International Airport,41.695923717435235,-88.12876224517822,41.97807408541273,-87.90902412382081,ohare_2026-03-07_1s_15nm_bbox,0.5,0.0,0.2,0.3,85,"[13722, 13725, 13728, 13761, 13764, 13767, 13770, 13774, 13778, 16001, 16004, 16007, 16040, 16043, 16046, 16049, 16072, 16073, 16067, 16091, 16093, 16096, 16320, 16323, 16324, 16328, 25508, 25530, 25532, 25534, 25542, 25546, 25549, 25573, 25576, 25579, 25800, 25593, 25596, 25599, 25843, 25846, 25860, 25863, 25866, 25869, 25892, 25895, 18020, 18022, 18026, 18037, 18039, 18063, 18074, 18077, 18300, 18305, 18246, 18271, 18273, 18267, 18269, 18503, 18505, 18507, 26470, 26474, 26477, 26811, 26813, 26816, 26822, 26827, 26829, 26738, 26771, 26773, 26920, 26921, 26912, 26917, 26950, 26961, 26965]",0.03428600000188453,success,,51.941125496954854,73.45584412216914,61.20775264212632,51.14991560607393,24.13167913866721,54.197408923899516
chi_clow_to_ohare_0234,w_0234,grid_0_10,True,False,clow_to_ohare,Clow International Airport to O'Hare International Airport,Clow International Airport,O'Hare International Airport,41.695923717435235,-88.12876224517822,41.97807408541273,-87.90902412382081,ohare_2026-03-07_1s_15nm_bbox,0.5,0.0,0.3,0.2,85,"[13722, 13727, 13718, 13742, 13746, 22697, 22932, 22933, 22938, 22980, 22984, 22987, 25210, 25211, 25224, 25225, 25228, 25245, 25247, 25249, 25165, 25190, 25193, 25194, 25405, 25408, 25432, 25444, 25446, 25470, 25473, 25477, 25638, 25641, 25645, 25647, 25681, 25685, 25688, 25902, 25904, 25906, 25909, 25942, 25946, 25947, 24890, 24895, 24898, 26121, 26123, 26135, 26139, 26163, 26164, 26167, 26191, 26193, 26197, 26421, 26407, 26409, 26433, 26436, 26535, 26537, 26562, 26565, 26576, 26579, 26723, 26725, 26727, 26760, 26761, 26747, 26782, 26784, 26788, 26910, 26914, 26937, 26938, 26962, 26965]",0.033973599995078985,success,,51.9411254969601,73.45584412217663,64.2348265206265,45.12887978853363,29.83221424854086,56.23302884735658
chi_clow_to_ohare_0235,w_0235,grid_0_10,True,False,clow_to_ohare,Clow International Airport to O'Hare International Airport,Clow International Airport,O'Hare International Airport,41.695923717435235,-88.12876224517822,41.97807408541273,-87.90902412382081,ohare_2026-03-07_1s_15nm_bbox,0.5,0.0,0.4,0.1,85,"[13722, 13727, 13718, 13742, 13746, 22697, 22932, 22933, 22938, 22980, 22984, 22987, 25210, 25211, 25224, 25225, 25228, 25245, 25247, 25249, 25165, 25190, 25193, 25194, 25405, 25408, 25432, 25444, 25446, 25470, 25473, 25477, 25638, 25641, 25645, 25647, 25681, 25685, 25688, 25902, 25904, 25906, 25909, 25942, 25946, 25947, 24890, 24895, 24898, 26121, 26123, 26135, 26139, 26163, 26164, 26167, 26191, 26193, 26197, 26421, 26407, 26409, 26433, 26436, 26535, 26537, 26562, 26565, 26576, 26579, 26723, 26725, 26727, 26760, 26761, 26747, 26782, 26784, 26788, 26910, 26914, 26937, 26938, 26962, 26965]",0.03471250000438886,success,,51.9411254969601,73.45584412217663,64.2348265206265,45.12887978853363,29.83221424854086,57.76269540135585
chi_clow_to_ohare_0236,w_0236,grid_0_10,True,False,clow_to_ohare,Clow International Airport to O'Hare International Airport,Clow International Airport,O'Hare International Airport,41.695923717435235,-88.12876224517822,41.97807408541273,-87.90902412382081,ohare_2026-03-07_1s_15nm_bbox,0.5,0.0,0.5,0.0,85,"[13722, 13727, 13718, 13742, 13746, 22697, 22932, 22934, 22961, 22964, 22972, 22975, 25200, 22994, 22998, 25132, 25142, 25144, 25147, 25149, 25174, 25176, 25178, 25413, 25354, 25359, 25372, 25373, 25376, 25630, 25622, 25625, 25628, 25671, 25673, 25675, 25677, 25679, 25698, 25699, 25913, 25917, 25919, 25941, 24864, 24868, 24891, 24893, 24898, 26121, 26123, 26135, 26139, 26163, 26164, 26167, 26191, 26193, 26197, 26421, 26407, 26409, 26433, 26436, 26535, 26537, 26562, 26565, 26576, 26579, 26723, 26725, 26727, 26760, 26761, 26747, 26782, 26784, 26788, 26910, 26914, 26937, 26938, 26962, 26965]",0.03404959999897983,success,,51.94112549695615,73.45584412217104,58.847524978174356,45.010702177169115,30.8176899548461,59.23327314967008
chi_clow_to_ohare_0237,w_0237,grid_0_10,True,False,clow_to_ohare,Clow International Airport to O'Hare International Airport,Clow International Airport,O'Hare International Airport,41.695923717435235,-88.12876224517822,41.97807408541273,-87.90902412382081,ohare_2026-03-07_1s_15nm_bbox,0.5,0.1,0.0,0.4,85,"[13722, 13727, 13718, 13742, 13746, 22697, 22932, 22934, 22937, 22981, 22982, 22986, 25220, 25222, 25223, 25225, 25228, 25250, 25252, 25253, 25256, 25258, 25259, 25283, 25285, 25289, 25511, 25514, 25516, 25541, 25544, 25547, 25549, 25573, 25576, 25579, 25800, 25803, 25806, 25830, 25842, 25846, 25860, 25863, 25866, 25868, 25892, 25797, 18020, 18022, 18026, 18037, 18039, 18063, 18074, 18078, 18300, 18305, 18246, 18271, 18273, 18267, 18269, 18503, 18505, 18507, 26470, 26474, 26477, 26811, 26813, 26816, 26822, 26827, 26829, 26738, 26771, 26773, 26920, 26921, 26912, 26917, 26950, 26961, 26965]",0.03243069999734871,success,,51.94112549695459,73.45584412216876,50.865937134126256,53.80862660363863,24.598503992846044,51.65391737163542
chi_clow_to_ohare_0238,w_0238,grid_0_10,True,False,clow_to_ohare,Clow International Airport to O'Hare International Airport,Clow International Airport,O'Hare International Airport,41.695923717435235,-88.12876224517822,41.97807408541273,-87.90902412382081,ohare_2026-03-07_1s_15nm_bbox,0.5,0.1,0.1,0.3,85,"[13722, 13727, 13718, 13742, 13746, 22697, 22932, 22934, 22937, 22981, 22982, 22967, 22969, 25222, 25223, 25225, 25228, 25250, 25252, 25253, 25256, 25258, 25259, 25283, 25285, 25289, 25511, 25514, 25516, 25541, 25544, 25547, 25549, 25573, 25576, 25579, 25800, 25803, 25806, 25841, 25843, 25846, 25860, 25863, 25866, 25869, 25892, 25895, 18020, 18022, 18026, 18037, 18039, 18063, 18074, 18078, 18300, 18305, 18246, 18271, 18273, 18267, 18269, 18503, 18505, 18507, 26470, 26474, 26477, 26811, 26813, 26816, 26822, 26827, 26829, 26738, 26771, 26773, 26920, 26921, 26912, 26917, 26950, 26961, 26965]",0.03423179999663262,success,,51.941125496955635,73.45584412217022,51.059617419535854,52.77454324741399,24.621439522281626,54.49776998446458
chi_clow_to_ohare_0239,w_0239,grid_0_10,True,False,clow_to_ohare,Clow International Airport to O'Hare International Airport,Clow International Airport,O'Hare International Airport,41.695923717435235,-88.12876224517822,41.97807408541273,-87.90902412382081,ohare_2026-03-07_1s_15nm_bbox,0.5,0.1,0.2,0.2,85,"[13722, 13727, 13718, 13742, 13746, 22697, 22932, 22934, 22961, 22964, 22972, 22975, 25200, 22994, 22997, 25130, 25135, 25136, 25139, 25164, 25167, 25169, 25193, 25195, 25199, 25420, 25424, 25434, 25437, 25439, 25463, 25466, 25469, 25492, 25496, 25708, 25731, 25735, 25687, 25920, 25923, 25925, 25930, 25933, 25936, 25955, 25956, 25973, 25977, 18200, 26122, 26127, 26150, 26161, 26164, 26167, 26191, 26193, 26197, 26405, 26407, 26431, 26432, 26436, 26535, 26537, 26562, 26575, 26578, 26720, 26594, 26597, 26740, 26743, 26746, 26748, 26781, 26784, 26788, 26910, 26914, 26937, 26938, 26962, 26965]",0.03560229999857256,success,,51.94112549695298,73.45584412216654,45.228704727251205,47.235568608910796,29.729209817285113,56.64374821904757
chi_clow_to_ohare_0240,w_0240,grid_0_10,True,False,clow_to_ohare,Clow International Airport to O'Hare International Airport,Clow International Airport,O'Hare International Airport,41.695923717435235,-88.12876224517822,41.97807408541273,-87.90902412382081,ohare_2026-03-07_1s_15nm_bbox,0.5,0.1,0.3,0.1,85,"[13722, 13727, 13718, 13742, 13746, 22697, 22932, 22934, 22961, 22964, 22972, 22975, 25200, 22994, 22997, 25130, 25135, 25136, 25139, 25164, 25167, 25169, 25193, 25195, 25199, 25420, 25424, 25434, 25437, 25439, 25463, 25466, 25469, 25492, 25496, 25708, 25731, 25735, 25687, 25920, 25923, 25925, 25930, 25933, 25936, 25955, 25956, 25973, 25977, 18200, 26122, 26127, 26150, 26161, 26164, 26167, 26191, 26193, 26197, 26405, 26407, 26431, 26432, 26436, 26535, 26537, 26562, 26575, 26578, 26720, 26594, 26597, 26740, 26743, 26746, 26748, 26781, 26784, 26788, 26910, 26914, 26937, 26938, 26962, 26965]",0.0328799999988405,success,,51.94112549695298,73.45584412216654,45.228704727251205,47.235568608910796,29.729209817285113,58.394384098210146
chi_clow_to_ohare_0241,w_0241,grid_0_10,True,False,clow_to_ohare,Clow International Airport to O'Hare International Airport,Clow International Airport,O'Hare International Airport,41.695923717435235,-88.12876224517822,41.97807408541273,-87.90902412382081,ohare_2026-03-07_1s_15nm_bbox,0.5,0.1,0.4,0.0,85,"[13722, 13727, 13718, 13742, 13746, 22697, 22932, 22934, 22961, 22964, 22972, 22975, 25200, 22994, 22997, 25130, 25135, 25136, 25139, 25164, 25167, 25169, 25193, 25195, 25199, 25420, 25424, 25434, 25437, 25439, 25463, 25466, 25469, 25492, 25496, 25708, 25731, 25735, 25687, 25920, 25923, 25925, 25930, 25933, 25936, 25955, 25956, 25973, 25977, 18200, 26122, 26127, 26150, 26161, 26164, 26167, 26191, 26193, 26197, 26405, 26406, 26409, 26432, 26436, 26535, 26537, 26562, 26575, 26578, 26720, 26594, 26597, 26740, 26743, 26746, 26748, 26781, 26784, 26788, 26910, 26914, 26937, 26938, 26962, 26965]",0.03489180000178749,success,,51.9411254969527,73.45584412216616,45.228704727251205,47.21284539133307,29.965132904924932,60.135930690341425
chi_clow_to_ohare_0242,w_0242,grid_0_10,True,False,clow_to_ohare,Clow International Airport to O'Hare International Airport,Clow International Airport,O'Hare International Airport,41.695923717435235,-88.12876224517822,41.97807408541273,-87.90902412382081,ohare_2026-03-07_1s_15nm_bbox,0.5,0.2,0.0,0.3,85,"[13722, 13727, 13718, 13742, 13746, 22697, 22932, 22934, 22937, 22981, 22982, 22986, 25220, 25222, 25223, 25225, 25228, 25250, 25252, 25253, 25256, 25267, 25290, 25291, 25198, 25420, 25424, 25434, 25437, 25439, 25463, 25466, 25469, 25491, 25495, 25497, 25720, 25723, 25726, 25729, 25742, 25745, 25748, 25771, 25774, 25778, 18012, 18014, 18017, 18030, 18034, 18046, 18049, 18071, 18076, 18078, 18300, 18305, 18246, 18271, 18273, 18267, 18269, 18503, 18505, 18507, 26470, 26474, 26477, 26811, 26813, 26816, 26822, 26827, 26829, 26738, 26771, 26773, 26920, 26921, 26912, 26917, 26950, 26961, 26965]",0.03523579999455251,success,,51.94112549695482,73.45584412216908,48.37389329907217,54.328214154439735,25.612408069944994,54.08642314188248
chi_clow_to_ohare_0243,w_0243,grid_0_10,True,False,clow_to_ohare,Clow International Airport to O'Hare International Airport,Clow International Airport,O'Hare International Airport,41.695923717435235,-88.12876224517822,41.97807408541273,-87.90902412382081,ohare_2026-03-07_1s_15nm_bbox,0.5,0.2,0.1,0.2,85,"[13722, 13727, 13718, 13742, 13746, 22697, 22932, 22934, 22937, 22963, 22965, 22967, 22969, 25222, 25223, 25225, 25228, 25245, 25248, 25260, 25263, 25267, 25290, 25291, 25198, 25420, 25424, 25434, 25437, 25439, 25463, 25466, 25469, 25492, 25496, 25708, 25731, 25735, 25687, 25920, 25923, 25925, 25930, 25933, 25936, 25955, 25956, 25973, 25977, 18200, 26122, 26127, 26150, 26161, 26164, 26167, 26190, 26194, 26401, 26405, 26407, 26431, 26432, 26436, 26535, 26537, 26562, 26575, 26578, 26720, 26594, 26597, 26740, 26743, 26746, 26748, 26781, 26784, 26788, 26910, 26914, 26937, 26938, 26962, 26965]",0.033119599997007754,success,,51.94112549695111,73.45584412216391,43.91000565837392,48.61751509787823,29.45162226502116,56.26199915554879
chi_clow_to_ohare_0244,w_0244,grid_0_10,True,False,clow_to_ohare,Clow International Airport to O'Hare International Airport,Clow International Airport,O'Hare International Airport,41.695923717435235,-88.12876224517822,41.97807408541273,-87.90902412382081,ohare_2026-03-07_1s_15nm_bbox,0.5,0.2,0.2,0.1,85,"[13722, 13727, 13718, 13742, 13746, 22697, 22932, 22934, 22937, 22963, 22965, 22967, 22969, 25222, 25223, 25225, 25228, 25245, 25248, 25260, 25263, 25267, 25290, 25291, 25198, 25420, 25424, 25434, 25437, 25439, 25463, 25466, 25469, 25492, 25496, 25708, 25731, 25735, 25687, 25920, 25923, 25925, 25930, 25933, 25936, 25955, 25956, 25973, 25977, 18200, 26122, 26127, 26150, 26161, 26164, 26167, 26190, 26194, 26401, 26405, 26407, 26431, 26432, 26436, 26535, 26537, 26562, 26575, 26578, 26720, 26594, 26597, 26740, 26743, 26746, 26748, 26781, 26784, 26788, 26910, 26914, 26937, 26938, 26962, 26965]",0.03262130000075558,success,,51.94112549695111,73.45584412216391,43.91000565837392,48.61751509787823,29.45162226502116,58.178588438834495
chi_clow_to_ohare_0245,w_0245,grid_0_10,True,False,clow_to_ohare,Clow International Airport to O'Hare International Airport,Clow International Airport,O'Hare International Airport,41.695923717435235,-88.12876224517822,41.97807408541273,-87.90902412382081,ohare_2026-03-07_1s_15nm_bbox,0.5,0.2,0.3,0.0,85,"[13722, 13727, 13718, 13742, 13746, 22697, 22932, 22934, 22961, 22964, 22972, 22975, 25200, 22994, 22997, 25130, 25135, 25136, 25139, 25164, 25167, 25169, 25193, 25195, 25199, 25420, 25424, 25434, 25437, 25439, 25463, 25466, 25469, 25492, 25496, 25708, 25731, 25735, 25687, 25920, 25923, 25925, 25930, 25933, 25936, 25955, 25956, 25973, 25977, 18200, 26122, 26127, 26150, 26161, 26164, 26167, 26191, 26193, 26197, 26405, 26406, 26409, 26432, 26436, 26535, 26537, 26562, 26575, 26578, 26720, 26594, 26597, 26740, 26743, 26746, 26748, 26781, 26784, 26788, 26910, 26914, 26937, 26938, 26962, 26965]",0.03201390000322135,success,,51.9411254969527,73.45584412216616,45.228704727251205,47.21284539133307,29.965132904924932,59.93751662393324
chi_clow_to_ohare_0246,w_0246,grid_0_10,True,False,clow_to_ohare,Clow International Airport to O'Hare International Airport,Clow International Airport,O'Hare International Airport,41.695923717435235,-88.12876224517822,41.97807408541273,-87.90902412382081,ohare_2026-03-07_1s_15nm_bbox,0.5,0.3,0.0,0.2,85,"[13722, 13727, 13718, 13742, 13746, 22697, 22932, 22934, 22937, 22981, 22982, 22986, 25220, 25222, 25223, 25225, 25228, 25250, 25252, 25253, 25256, 25267, 25290, 25291, 25198, 25420, 25424, 25434, 25437, 25439, 25463, 25466, 25468, 25493, 25705, 25707, 25732, 25684, 25687, 25920, 25923, 25925, 25929, 25932, 25936, 25955, 25956, 25973, 25977, 18200, 26122, 26127, 26150, 26153, 26154, 26168, 26191, 26194, 26401, 26405, 26407, 26431, 26432, 26436, 26535, 26537, 26562, 26575, 26578, 26720, 26594, 26597, 26740, 26743, 26746, 26748, 26792, 26794, 26798, 26930, 26934, 26936, 26960, 26962, 26965]",0.03234309999970719,success,,51.94112549695134,73.45584412216422,43.44350780362234,51.91126272627965,29.421951742228696,55.645364750614554
chi_clow_to_ohare_0247,w_0247,grid_0_10,True,False,clow_to_ohare,Clow International Airport to O'Hare International Airport,Clow International Airport,O'Hare International Airport,41.695923717435235,-88.12876224517822,41.97807408541273,-87.90902412382081,ohare_2026-03-07_1s_15nm_bbox,0.5,0.3,0.1,0.1,85,"[13722, 13727, 13718, 13742, 13746, 22697, 22932, 22934, 22937, 22963, 22965, 22967, 22969, 25222, 25223, 25225, 25228, 25245, 25248, 25260, 25263, 25267, 25290, 25291, 25198, 25420, 25424, 25434, 25437, 25439, 25463, 25466, 25469, 25492, 25496, 25708, 25731, 25735, 25687, 25920, 25923, 25925, 25930, 25933, 25936, 25955, 25956, 25973, 25977, 18200, 26122, 26127, 26150, 26161, 26164, 26167, 26190, 26194, 26401, 26405, 26407, 26431, 26432, 26436, 26535, 26537, 26562, 26575, 26578, 26720, 26594, 26597, 26740, 26743, 26746, 26748, 26781, 26784, 26788, 26910, 26914, 26937, 26938, 26962, 26965]",0.032947699997748714,success,,51.94112549695111,73.45584412216391,43.91000565837392,48.61751509787823,29.45162226502116,57.707837494884075
chi_clow_to_ohare_0248,w_0248,grid_0_10,True,False,clow_to_ohare,Clow International Airport to O'Hare International Airport,Clow International Airport,O'Hare International Airport,41.695923717435235,-88.12876224517822,41.97807408541273,-87.90902412382081,ohare_2026-03-07_1s_15nm_bbox,0.5,0.3,0.2,0.0,85,"[13722, 13727, 13718, 13742, 13746, 22697, 22932, 22934, 22961, 22964, 22972, 22975, 22978, 25201, 25204, 25207, 25240, 25243, 25247, 25261, 25264, 25266, 25290, 25291, 25198, 25420, 25424, 25434, 25437, 25439, 25463, 25466, 25469, 25492, 25496, 25708, 25731, 25735, 25687, 25920, 25923, 25925, 25930, 25933, 25936, 25955, 25956, 25973, 25977, 18200, 26122, 26127, 26150, 26161, 26164, 26167, 26190, 26194, 26401, 26405, 26406, 26409, 26432, 26436, 26535, 26537, 26562, 26575, 26578, 26720, 26594, 26597, 26740, 26743, 26746, 26748, 26781, 26784, 26788, 26910, 26914, 26937, 26938, 26962, 26965]",0.03496230000018841,success,,51.941125496952154,73.45584412216537,43.91000565837392,48.57050026679963,29.864788997698977,59.61502381195479
chi_clow_to_ohare_0249,w_0249,grid_0_10,True,False,clow_to_ohare,Clow International Airport to O'Hare International Airport,Clow International Airport,O'Hare International Airport,41.695923717435235,-88.12876224517822,41.97807408541273,-87.90902412382081,ohare_2026-03-07_1s_15nm_bbox,0.5,0.4,0.0,0.1,88,"[13722, 13727, 13718, 13742, 13746, 22697, 22932, 22934, 22937, 22981, 22982, 22986, 25220, 25222, 25223, 25225, 25228, 25250, 25252, 25253, 25256, 25267, 25290, 25291, 25198, 25420, 25424, 25434, 25437, 25439, 25463, 25466, 25468, 25493, 25705, 25707, 25732, 25684, 25686, 25921, 25904, 25907, 25915, 25917, 25916, 24848, 24863, 24865, 24879, 26102, 26105, 26110, 26115, 26117, 26076, 26210, 26211, 26234, 26238, 26260, 26248, 26249, 26512, 26514, 26516, 26518, 26550, 26551, 26554, 26556, 26558, 26559, 26591, 26594, 26597, 26740, 26743, 26746, 26748, 26792, 26794, 26798, 26930, 26934, 26936, 26960, 26962, 26965]",0.03046829999948386,success,,53.23401871576665,75.28427124689945,39.60987740054034,55.202774054460846,32.1365121654882,56.699737800214685
chi_clow_to_ohare_0250,w_0250,grid_0_10,True,False,clow_to_ohare,Clow International Airport to O'Hare International Airport,Clow International Airport,O'Hare International Airport,41.695923717435235,-88.12876224517822,41.97807408541273,-87.90902412382081,ohare_2026-03-07_1s_15nm_bbox,0.5,0.4,0.1,0.0,88,"[13722, 13727, 13718, 13742, 13746, 22697, 22932, 22934, 22961, 22964, 22972, 22975, 22978, 25201, 25204, 25207, 25240, 25243, 25247, 25261, 25264, 25266, 25290, 25291, 25198, 25420, 25424, 25434, 25436, 25461, 25462, 25476, 25479, 25702, 25704, 25707, 25732, 25684, 25686, 25688, 25902, 25905, 25915, 25919, 25941, 24861, 24866, 24865, 24879, 26102, 26105, 26110, 26115, 26117, 26076, 26210, 26211, 26234, 26238, 26260, 26248, 26249, 26512, 26514, 26516, 26518, 26550, 26551, 26554, 26556, 26558, 26559, 26591, 26594, 26597, 26740, 26743, 26746, 26748, 26792, 26794, 26798, 26930, 26934, 26936, 26960, 26962, 26965]",0.03073049999511568,success,,53.234018715767476,75.28427124690062,39.70006840452167,53.754640239541175,32.3751680057094,58.897627009213096
chi_clow_to_ohare_0251,w_0251,grid_0_10,True,False,clow_to_ohare,Clow International Airport to O'Hare International Airport,Clow International Airport,O'Hare International Airport,41.695923717435235,-88.12876224517822,41.97807408541273,-87.90902412382081,ohare_2026-03-07_1s_15nm_bbox,0.5,0.5,0.0,0.0,88,"[13722, 13727, 13718, 13742, 13746, 22697, 22932, 22934, 22937, 22981, 22982, 22967, 22969, 25222, 25223, 25225, 25228, 25245, 25248, 25260, 25263, 25266, 25290, 25291, 25198, 25420, 25424, 25434, 25437, 25460, 25464, 25467, 25490, 25702, 25704, 25707, 25732, 25684, 25686, 25921, 25904, 25907, 25915, 25917, 25918, 24861, 24866, 24865, 24879, 26102, 26105, 26110, 26115, 26117, 26076, 26210, 26211, 26234, 26238, 26260, 26248, 26249, 26512, 26514, 26516, 26518, 26550, 26551, 26554, 26556, 26558, 26559, 26591, 26594, 26597, 26740, 26743, 26754, 26759, 26791, 26794, 26798, 26930, 26934, 26936, 26960, 26962, 26965]",0.030783700000029057,success,,53.23401871576253,75.28427124689361,39.60987740054034,55.82396625947346,32.177271257081784,57.447074323716976
chi_clow_to_ohare_0252,w_0252,grid_0_10,True,False,clow_to_ohare,Clow International Airport to O'Hare International Airport,Clow International Airport,O'Hare International Airport,41.695923717435235,-88.12876224517822,41.97807408541273,-87.90902412382081,ohare_2026-03-07_1s_15nm_bbox,0.6,0.0,0.0,0.4,85,"[13722, 13725, 13728, 13761, 13764, 13767, 13770, 13774, 13776, 16000, 16003, 16006, 16009, 16041, 16045, 16048, 16071, 16074, 16076, 16079, 16302, 16305, 16308, 16332, 16334, 16338, 16370, 16373, 16377, 16390, 16393, 16396, 16630, 16631, 16626, 16629, 16651, 16654, 25822, 25824, 25832, 25837, 25850, 25852, 25855, 25867, 25890, 25894, 25898, 18023, 18025, 18050, 18038, 18062, 18066, 18077, 18300, 18305, 18246, 18271, 18273, 18267, 18269, 18503, 18505, 18507, 26470, 26474, 26477, 26811, 26813, 26816, 26822, 26827, 26829, 26738, 26771, 26773, 26920, 26921, 26912, 26917, 26950, 26961, 26965]",0.02796630000375444,success,,51.94112549694981,73.45584412216202,62.28355635902341,56.78302848785421,24.060131186366917,53.69755894784397
chi_clow_to_ohare_0253,w_0253,grid_0_10,True,False,clow_to_ohare,Clow International Airport to O'Hare International Airport,Clow International Airport,O'Hare International Airport,41.695923717435235,-88.12876224517822,41.97807408541273,-87.90902412382081,ohare_2026-03-07_1s_15nm_bbox,0.6,0.0,0.1,0.3,85,"[13722, 13725, 13728, 13761, 13764, 13767, 13770, 13774, 13778, 16001, 16004, 16007, 16040, 16043, 16046, 16049, 16072, 16073, 16067, 16091, 16093, 16096, 16320, 16323, 16324, 16328, 25508, 25530, 25532, 25534, 25542, 25546, 25549, 25573, 25576, 25579, 25800, 25593, 25596, 25599, 25843, 25846, 25860, 25863, 25866, 25869, 25892, 25895, 18020, 18022, 18026, 18037, 18039, 18063, 18074, 18077, 18300, 18305, 18246, 18271, 18273, 18267, 18269, 18503, 18505, 18507, 26470, 26474, 26477, 26811, 26813, 26816, 26822, 26827, 26829, 26738, 26771, 26773, 26920, 26921, 26912, 26917, 26950, 26961, 26965]",0.02779940000618808,success,,51.941125496954854,73.45584412216914,61.20775264212632,51.14991560607393,24.13167913866721,56.42800177550904
chi_clow_to_ohare_0254,w_0254,grid_0_10,True,False,clow_to_ohare,Clow International Airport to O'Hare International Airport,Clow International Airport,O'Hare International Airport,41.695923717435235,-88.12876224517822,41.97807408541273,-87.90902412382081,ohare_2026-03-07_1s_15nm_bbox,0.6,0.0,0.2,0.2,85,"[13722, 13727, 13718, 13742, 13746, 22697, 22932, 22933, 22938, 22980, 22984, 22987, 25210, 25211, 25224, 25225, 25228, 25245, 25247, 25249, 25165, 25190, 25193, 25194, 25405, 25408, 25432, 25444, 25446, 25470, 25473, 25477, 25638, 25641, 25645, 25647, 25681, 25685, 25688, 25902, 25904, 25906, 25909, 25942, 25946, 25947, 24890, 24895, 24898, 26121, 26123, 26135, 26139, 26163, 26164, 26167, 26191, 26193, 26197, 26421, 26407, 26409, 26433, 26436, 26535, 26537, 26562, 26565, 26576, 26579, 26723, 26725, 26727, 26760, 26761, 26747, 26782, 26784, 26788, 26910, 26914, 26937, 26938, 26962, 26965]",0.02901929999643471,success,,51.9411254969601,73.45584412217663,64.2348265206265,45.12887978853363,29.83221424854086,59.065725280720876
chi_clow_to_ohare_0255,w_0255,grid_0_10,True,False,clow_to_ohare,Clow International Airport to O'Hare International Airport,Clow International Airport,O'Hare International Airport,41.695923717435235,-88.12876224517822,41.97807408541273,-87.90902412382081,ohare_2026-03-07_1s_15nm_bbox,0.6,0.0,0.3,0.1,85,"[13722, 13727, 13718, 13742, 13746, 22697, 22932, 22933, 22938, 22980, 22984, 22987, 25210, 25211, 25224, 25225, 25228, 25245, 25247, 25249, 25165, 25190, 25193, 25194, 25405, 25408, 25432, 25444, 25446, 25470, 25473, 25477, 25638, 25641, 25645, 25647, 25681, 25685, 25688, 25902, 25904, 25906, 25909, 25942, 25946, 25947, 24890, 24895, 24898, 26121, 26123, 26135, 26139, 26163, 26164, 26167, 26191, 26193, 26197, 26421, 26407, 26409, 26433, 26436, 26535, 26537, 26562, 26565, 26576, 26579, 26723, 26725, 26727, 26760, 26761, 26747, 26782, 26784, 26788, 26910, 26914, 26937, 26938, 26962, 26965]",0.028974599998036865,success,,51.9411254969601,73.45584412217663,64.2348265206265,45.12887978853363,29.83221424854086,60.595391834720154
chi_clow_to_ohare_0256,w_0256,grid_0_10,True,False,clow_to_ohare,Clow International Airport to O'Hare International Airport,Clow International Airport,O'Hare International Airport,41.695923717435235,-88.12876224517822,41.97807408541273,-87.90902412382081,ohare_2026-03-07_1s_15nm_bbox,0.6,0.0,0.4,0.0,85,"[13722, 13727, 13718, 13742, 13746, 22697, 22932, 22934, 22961, 22964, 22972, 22975, 25200, 22994, 22998, 25132, 25142, 25144, 25147, 25149, 25174, 25176, 25178, 25413, 25354, 25359, 25372, 25373, 25376, 25630, 25622, 25625, 25628, 25671, 25673, 25675, 25677, 25679, 25698, 25699, 25913, 25917, 25919, 25941, 24864, 24868, 24891, 24893, 24898, 26121, 26123, 26135, 26139, 26163, 26164, 26167, 26191, 26193, 26197, 26421, 26407, 26409, 26433, 26436, 26535, 26537, 26562, 26565, 26576, 26579, 26723, 26725, 26727, 26760, 26761, 26747, 26782, 26784, 26788, 26910, 26914, 26937, 26938, 26962, 26965]",0.027467100000649225,success,,51.94112549695615,73.45584412217104,58.847524978174356,45.010702177169115,30.8176899548461,62.07778734417027
chi_clow_to_ohare_0257,w_0257,grid_0_10,True,False,clow_to_ohare,Clow International Airport to O'Hare International Airport,Clow International Airport,O'Hare International Airport,41.695923717435235,-88.12876224517822,41.97807408541273,-87.90902412382081,ohare_2026-03-07_1s_15nm_bbox,0.6,0.1,0.0,0.3,85,"[13722, 13727, 13718, 13742, 13746, 22697, 22932, 22934, 22937, 22981, 22982, 22986, 25220, 25222, 25223, 25225, 25228, 25250, 25252, 25253, 25256, 25258, 25259, 25283, 25285, 25289, 25511, 25514, 25516, 25541, 25544, 25547, 25549, 25573, 25576, 25579, 25800, 25803, 25806, 25830, 25842, 25846, 25860, 25863, 25866, 25868, 25892, 25797, 18020, 18022, 18026, 18037, 18039, 18063, 18074, 18078, 18300, 18305, 18246, 18271, 18273, 18267, 18269, 18503, 18505, 18507, 26470, 26474, 26477, 26811, 26813, 26816, 26822, 26827, 26829, 26738, 26771, 26773, 26920, 26921, 26912, 26917, 26950, 26961, 26965]",0.0265852000011364,success,,51.94112549695459,73.45584412216876,50.865937134126256,53.80862660363863,24.598503992846044,56.53965138456769
chi_clow_to_ohare_0258,w_0258,grid_0_10,True,False,clow_to_ohare,Clow International Airport to O'Hare International Airport,Clow International Airport,O'Hare International Airport,41.695923717435235,-88.12876224517822,41.97807408541273,-87.90902412382081,ohare_2026-03-07_1s_15nm_bbox,0.6,0.1,0.1,0.2,85,"[13722, 13727, 13718, 13742, 13746, 22697, 22932, 22934, 22937, 22963, 22965, 22967, 22969, 25222, 25223, 25225, 25228, 25245, 25248, 25260, 25263, 25267, 25290, 25291, 25198, 25420, 25424, 25434, 25437, 25439, 25463, 25466, 25469, 25492, 25496, 25708, 25731, 25735, 25687, 25920, 25923, 25925, 25930, 25933, 25936, 25955, 25956, 25973, 25977, 18200, 26122, 26127, 26150, 26161, 26164, 26167, 26190, 26194, 26401, 26405, 26407, 26431, 26432, 26436, 26535, 26537, 26562, 26575, 26578, 26720, 26594, 26597, 26740, 26743, 26746, 26748, 26781, 26784, 26788, 26910, 26914, 26937, 26938, 26962, 26965]",0.026780100000905804,success,,51.94112549695111,73.45584412216391,43.91000565837392,48.61751509787823,29.45162226502116,59.216583001927795
chi_clow_to_ohare_0259,w_0259,grid_0_10,True,False,clow_to_ohare,Clow International Airport to O'Hare International Airport,Clow International Airport,O'Hare International Airport,41.695923717435235,-88.12876224517822,41.97807408541273,-87.90902412382081,ohare_2026-03-07_1s_15nm_bbox,0.6,0.1,0.2,0.1,85,"[13722, 13727, 13718, 13742, 13746, 22697, 22932, 22934, 22961, 22964, 22972, 22975, 25200, 22994, 22997, 25130, 25135, 25136, 25139, 25164, 25167, 25169, 25193, 25195, 25199, 25420, 25424, 25434, 25437, 25439, 25463, 25466, 25469, 25492, 25496, 25708, 25731, 25735, 25687, 25920, 25923, 25925, 25930, 25933, 25936, 25955, 25956, 25973, 25977, 18200, 26122, 26127, 26150, 26161, 26164, 26167, 26191, 26193, 26197, 26405, 26407, 26431, 26432, 26436, 26535, 26537, 26562, 26575, 26578, 26720, 26594, 26597, 26740, 26743, 26746, 26748, 26781, 26784, 26788, 26910, 26914, 26937, 26938, 26962, 26965]",0.0260576000000583,success,,51.94112549695298,73.45584412216654,45.228704727251205,47.235568608910796,29.729209817285113,61.01641164953572
chi_clow_to_ohare_0260,w_0260,grid_0_10,True,False,clow_to_ohare,Clow International Airport to O'Hare International Airport,Clow International Airport,O'Hare International Airport,41.695923717435235,-88.12876224517822,41.97807408541273,-87.90902412382081,ohare_2026-03-07_1s_15nm_bbox,0.6,0.1,0.3,0.0,85,"[13722, 13727, 13718, 13742, 13746, 22697, 22932, 22934, 22961, 22964, 22972, 22975, 25200, 22994, 22997, 25130, 25135, 25136, 25139, 25164, 25167, 25169, 25193, 25195, 25199, 25420, 25424, 25434, 25437, 25439, 25463, 25466, 25469, 25492, 25496, 25708, 25731, 25735, 25687, 25920, 25923, 25925, 25930, 25933, 25936, 25955, 25956, 25973, 25977, 18200, 26122, 26127, 26150, 26161, 26164, 26167, 26191, 26193, 26197, 26405, 26406, 26409, 26432, 26436, 26535, 26537, 26562, 26575, 26578, 26720, 26594, 26597, 26740, 26743, 26746, 26748, 26781, 26784, 26788, 26910, 26914, 26937, 26938, 26962, 26965]",0.028543599997647107,success,,51.9411254969527,73.45584412216616,45.228704727251205,47.21284539133307,29.965132904924932,62.76023056342474
chi_clow_to_ohare_0261,w_0261,grid_0_10,True,False,clow_to_ohare,Clow International Airport to O'Hare International Airport,Clow International Airport,O'Hare International Airport,41.695923717435235,-88.12876224517822,41.97807408541273,-87.90902412382081,ohare_2026-03-07_1s_15nm_bbox,0.6,0.2,0.0,0.2,85,"[13722, 13727, 13718, 13742, 13746, 22697, 22932, 22934, 22937, 22981, 22982, 22986, 25220, 25222, 25223, 25225, 25228, 25250, 25252, 25253, 25256, 25267, 25290, 25291, 25198, 25420, 25424, 25434, 25437, 25439, 25463, 25466, 25468, 25493, 25705, 25707, 25732, 25735, 25687, 25689, 25922, 25925, 25929, 25932, 25936, 25955, 25956, 25973, 25977, 18200, 26122, 26127, 26150, 26153, 26154, 26168, 26191, 26194, 26401, 26405, 26407, 26431, 26432, 26436, 26535, 26537, 26562, 26575, 26578, 26720, 26594, 26597, 26740, 26743, 26746, 26748, 26792, 26794, 26798, 26930, 26934, 26936, 26960, 26962, 26965]",0.026520400002482347,success,,51.94112549695134,73.45584412216422,43.44350780362234,52.09779116108436,29.421951742228696,58.64659838246874
chi_clow_to_ohare_0262,w_0262,grid_0_10,True,False,clow_to_ohare,Clow International Airport to O'Hare International Airport,Clow International Airport,O'Hare International Airport,41.695923717435235,-88.12876224517822,41.97807408541273,-87.90902412382081,ohare_2026-03-07_1s_15nm_bbox,0.6,0.2,0.1,0.1,85,"[13722, 13727, 13718, 13742, 13746, 22697, 22932, 22934, 22937, 22963, 22965, 22967, 22969, 25222, 25223, 25225, 25228, 25245, 25248, 25260, 25263, 25267, 25290, 25291, 25198, 25420, 25424, 25434, 25437, 25439, 25463, 25466, 25469, 25492, 25496, 25708, 25731, 25735, 25687, 25920, 25923, 25925, 25930, 25933, 25936, 25955, 25956, 25973, 25977, 18200, 26122, 26127, 26150, 26161, 26164, 26167, 26190, 26194, 26401, 26405, 26407, 26431, 26432, 26436, 26535, 26537, 26562, 26575, 26578, 26720, 26594, 26597, 26740, 26743, 26746, 26748, 26781, 26784, 26788, 26910, 26914, 26937, 26938, 26962, 26965]",0.02725089999876218,success,,51.94112549695111,73.45584412216391,43.91000565837392,48.61751509787823,29.45162226502116,60.66242134126307
chi_clow_to_ohare_0263,w_0263,grid_0_10,True,False,clow_to_ohare,Clow International Airport to O'Hare International Airport,Clow International Airport,O'Hare International Airport,41.695923717435235,-88.12876224517822,41.97807408541273,-87.90902412382081,ohare_2026-03-07_1s_15nm_bbox,0.6,0.2,0.2,0.0,85,"[13722, 13727, 13718, 13742, 13746, 22697, 22932, 22934, 22961, 22964, 22972, 22975, 25200, 22994, 22997, 25130, 25135, 25136, 25139, 25164, 25167, 25169, 25193, 25195, 25199, 25420, 25424, 25434, 25437, 25439, 25463, 25466, 25469, 25492, 25496, 25708, 25731, 25735, 25687, 25920, 25923, 25925, 25930, 25933, 25936, 25955, 25956, 25973, 25977, 18200, 26122, 26127, 26150, 26161, 26164, 26167, 26190, 26194, 26401, 26405, 26406, 26409, 26432, 26436, 26535, 26537, 26562, 26575, 26578, 26720, 26594, 26597, 26740, 26743, 26746, 26748, 26781, 26784, 26788, 26910, 26914, 26937, 26938, 26962, 26965]",0.02624880000075791,success,,51.941125496952424,73.45584412216577,45.07271891011695,47.36460372340999,29.965132904924932,62.56097100000485
chi_clow_to_ohare_0264,w_0264,grid_0_10,True,False,clow_to_ohare,Clow International Airport to O'Hare International Airport,Clow International Airport,O'Hare International Airport,41.695923717435235,-88.12876224517822,41.97807408541273,-87.90902412382081,ohare_2026-03-07_1s_15nm_bbox,0.6,0.3,0.0,0.1,85,"[13722, 13727, 13718, 13742, 13746, 22697, 22932, 22934, 22937, 22981, 22982, 22986, 25220, 25222, 25223, 25225, 25228, 25250, 25252, 25253, 25256, 25267, 25290, 25291, 25198, 25420, 25424, 25434, 25437, 25439, 25463, 25466, 25468, 25493, 25705, 25707, 25732, 25735, 25687, 25689, 25922, 25925, 25929, 25932, 25936, 25955, 25956, 25973, 25977, 18200, 26122, 26127, 26150, 26153, 26154, 26168, 26191, 26194, 26401, 26405, 26407, 26431, 26432, 26436, 26535, 26537, 26562, 26575, 26578, 26720, 26594, 26597, 26740, 26743, 26746, 26748, 26792, 26794, 26798, 26930, 26934, 26936, 26960, 26962, 26965]",0.024986700002045836,success,,51.94112549695134,73.45584412216422,43.44350780362234,52.09779116108436,29.421951742228696,60.0487539886081
chi_clow_to_ohare_0265,w_0265,grid_0_10,True,False,clow_to_ohare,Clow International Airport to O'Hare International Airport,Clow International Airport,O'Hare International Airport,41.695923717435235,-88.12876224517822,41.97807408541273,-87.90902412382081,ohare_2026-03-07_1s_15nm_bbox,0.6,0.3,0.1,0.0,85,"[13722, 13727, 13718, 13742, 13746, 22697, 22932, 22934, 22961, 22964, 22972, 22975, 22978, 25201, 25204, 25207, 25240, 25243, 25247, 25261, 25264, 25266, 25290, 25291, 25198, 25420, 25424, 25434, 25437, 25439, 25463, 25466, 25469, 25492, 25496, 25708, 25731, 25735, 25687, 25920, 25923, 25925, 25930, 25933, 25936, 25955, 25956, 25973, 25977, 18200, 26122, 26127, 26150, 26161, 26164, 26167, 26190, 26194, 26401, 26405, 26406, 26409, 26432, 26436, 26535, 26537, 26562, 26575, 26578, 26720, 26594, 26597, 26740, 26743, 26746, 26748, 26781, 26784, 26788, 26910, 26914, 26937, 26938, 26962, 26965]",0.02547939999931259,success,,51.941125496952154,73.45584412216537,43.91000565837392,48.57050026679963,29.864788997698977,62.10355819749137
chi_clow_to_ohare_0266,w_0266,grid_0_10,True,False,clow_to_ohare,Clow International Airport to O'Hare International Airport,Clow International Airport,O'Hare International Airport,41.695923717435235,-88.12876224517822,41.97807408541273,-87.90902412382081,ohare_2026-03-07_1s_15nm_bbox,0.6,0.4,0.0,0.0,88,"[13722, 13727, 13718, 13742, 13746, 22697, 22932, 22934, 22961, 22963, 22965, 22968, 22969, 25222, 25223, 25225, 25228, 25245, 25248, 25260, 25263, 25266, 25290, 25291, 25198, 25420, 25424, 25434, 25437, 25460, 25464, 25467, 25490, 25702, 25704, 25707, 25732, 25684, 25686, 25921, 25904, 25907, 25915, 25917, 25918, 24848, 24863, 24865, 24879, 26102, 26105, 26110, 26115, 26117, 26076, 26210, 26211, 26234, 26238, 26260, 26248, 26249, 26512, 26514, 26516, 26518, 26550, 26551, 26554, 26556, 26558, 26559, 26591, 26594, 26597, 26740, 26743, 26754, 26759, 26791, 26794, 26798, 26930, 26934, 26936, 26960, 26962, 26965]",0.02398150000226451,success,,53.23401871576253,75.28427124689361,39.60987740054034,56.02112974114895,32.21869175055298,61.0145137083523
chi_clow_to_ohare_0267,w_0267,grid_0_10,True,False,clow_to_ohare,Clow International Airport to O'Hare International Airport,Clow International Airport,O'Hare International Airport,41.695923717435235,-88.12876224517822,41.97807408541273,-87.90902412382081,ohare_2026-03-07_1s_15nm_bbox,0.7,0.0,0.0,0.3,85,"[13722, 13725, 13728, 13761, 13764, 13767, 13770, 13774, 13776, 16000, 16003, 16006, 16009, 16041, 16045, 16048, 16071, 16074, 16076, 16079, 16302, 16305, 16308, 16332, 16334, 16338, 16370, 16373, 16377, 16390, 16393, 16396, 16630, 16631, 16626, 16629, 16651, 16654, 25822, 25824, 25832, 25837, 25850, 25852, 25855, 25867, 25890, 25894, 25898, 18023, 18025, 18050, 18038, 18062, 18066, 18077, 18300, 18305, 18246, 18271, 18273, 18267, 18269, 18503, 18505, 18507, 26470, 26474, 26477, 26811, 26813, 26816, 26822, 26827, 26829, 26738, 26771, 26773, 26920, 26921, 26912, 26917, 26950, 26961, 26965]",0.023981699996511452,success,,51.94112549694981,73.45584412216202,62.28355635902341,56.78302848785421,24.060131186366917,58.637130241423485
chi_clow_to_ohare_0268,w_0268,grid_0_10,True,False,clow_to_ohare,Clow International Airport to O'Hare International Airport,Clow International Airport,O'Hare International Airport,41.695923717435235,-88.12876224517822,41.97807408541273,-87.90902412382081,ohare_2026-03-07_1s_15nm_bbox,0.7,0.0,0.1,0.2,85,"[13722, 13725, 13728, 13761, 13764, 13767, 13770, 13774, 13778, 16001, 16004, 16007, 16040, 16043, 16046, 16049, 16072, 16073, 16067, 16091, 16093, 16096, 16320, 16323, 16324, 16328, 25508, 25530, 25532, 25534, 25542, 25546, 25549, 25573, 25576, 25579, 25800, 25593, 25596, 25599, 25843, 25846, 25860, 25863, 25866, 25869, 25892, 25895, 18020, 18022, 18026, 18037, 18039, 18063, 18074, 18077, 18300, 18305, 18246, 18271, 18273, 18267, 18269, 18503, 18505, 18507, 26470, 26474, 26477, 26811, 26813, 26816, 26822, 26827, 26829, 26738, 26771, 26773, 26920, 26921, 26912, 26917, 26950, 26961, 26965]",0.024084699995000847,success,,51.941125496954854,73.45584412216914,61.20775264212632,51.14991560607393,24.13167913866721,61.36041827385923
chi_clow_to_ohare_0269,w_0269,grid_0_10,True,False,clow_to_ohare,Clow International Airport to O'Hare International Airport,Clow International Airport,O'Hare International Airport,41.695923717435235,-88.12876224517822,41.97807408541273,-87.90902412382081,ohare_2026-03-07_1s_15nm_bbox,0.7,0.0,0.2,0.1,85,"[13722, 13727, 13718, 13742, 13746, 22697, 22932, 22933, 22938, 22980, 22984, 22987, 25210, 25211, 25224, 25225, 25228, 25245, 25247, 25249, 25165, 25190, 25193, 25194, 25405, 25408, 25432, 25444, 25446, 25470, 25473, 25477, 25638, 25641, 25645, 25647, 25681, 25685, 25688, 25902, 25904, 25906, 25909, 25942, 25946, 25947, 24890, 24895, 24898, 26121, 26123, 26135, 26139, 26163, 26164, 26167, 26191, 26193, 26197, 26421, 26407, 26409, 26433, 26436, 26535, 26537, 26562, 26565, 26576, 26579, 26723, 26725, 26727, 26760, 26761, 26747, 26782, 26784, 26788, 26910, 26914, 26937, 26938, 26962, 26965]",0.022715599996445235,success,,51.9411254969601,73.45584412217663,64.2348265206265,45.12887978853363,29.83221424854086,63.42808826808445
chi_clow_to_ohare_0270,w_0270,grid_0_10,True,False,clow_to_ohare,Clow International Airport to O'Hare International Airport,Clow International Airport,O'Hare International Airport,41.695923717435235,-88.12876224517822,41.97807408541273,-87.90902412382081,ohare_2026-03-07_1s_15nm_bbox,0.7,0.0,0.3,0.0,85,"[13722, 13727, 13718, 13742, 13746, 22697, 22932, 22934, 22961, 22964, 22972, 22975, 25200, 22994, 22998, 25132, 25142, 25144, 25147, 25149, 25174, 25176, 25178, 25413, 25354, 25359, 25372, 25373, 25376, 25630, 25622, 25625, 25628, 25671, 25673, 25675, 25677, 25679, 25698, 25699, 25913, 25917, 25919, 25941, 24864, 24868, 24891, 24893, 24898, 26121, 26123, 26135, 26139, 26163, 26164, 26167, 26191, 26193, 26197, 26421, 26407, 26409, 26433, 26436, 26535, 26537, 26562, 26565, 26576, 26579, 26723, 26725, 26727, 26760, 26761, 26747, 26782, 26784, 26788, 26910, 26914, 26937, 26938, 26962, 26965]",0.021752400003606454,success,,51.94112549695615,73.45584412217104,58.847524978174356,45.010702177169115,30.8176899548461,64.92230153867047
chi_clow_to_ohare_0271,w_0271,grid_0_10,True,False,clow_to_ohare,Clow International Airport to O'Hare International Airport,Clow International Airport,O'Hare International Airport,41.695923717435235,-88.12876224517822,41.97807408541273,-87.90902412382081,ohare_2026-03-07_1s_15nm_bbox,0.7,0.1,0.0,0.2,85,"[13722, 13727, 13718, 13742, 13746, 22697, 22932, 22934, 22937, 22981, 22982, 22986, 25220, 25222, 25223, 25225, 25228, 25250, 25252, 25253, 25256, 25267, 25290, 25291, 25198, 25420, 25424, 25434, 25437, 25439, 25463, 25466, 25469, 25491, 25495, 25497, 25720, 25723, 25726, 25729, 25742, 25745, 25748, 25771, 25774, 25778, 18012, 18014, 18017, 18030, 18034, 18046, 18049, 18071, 18076, 18078, 18300, 18305, 18246, 18271, 18273, 18267, 18269, 18503, 18505, 18507, 26470, 26474, 26477, 26811, 26813, 26816, 26822, 26827, 26829, 26738, 26771, 26773, 26920, 26921, 26912, 26917, 26950, 26961, 26965]",0.021664699997927528,success,,51.94112549695482,73.45584412216908,48.37389329907217,54.328214154439735,25.612408069944994,61.37896182941458
chi_clow_to_ohare_0272,w_0272,grid_0_10,True,False,clow_to_ohare,Clow International Airport to O'Hare International Airport,Clow International Airport,O'Hare International Airport,41.695923717435235,-88.12876224517822,41.97807408541273,-87.90902412382081,ohare_2026-03-07_1s_15nm_bbox,0.7,0.1,0.1,0.1,85,"[13722, 13727, 13718, 13742, 13746, 22697, 22932, 22934, 22937, 22963, 22965, 22967, 22969, 25222, 25223, 25225, 25228, 25245, 25248, 25260, 25263, 25267, 25290, 25291, 25198, 25420, 25424, 25434, 25437, 25439, 25463, 25466, 25469, 25492, 25496, 25708, 25731, 25735, 25687, 25920, 25923, 25925, 25930, 25933, 25936, 25955, 25956, 25973, 25977, 18200, 26122, 26127, 26150, 26161, 26164, 26167, 26190, 26194, 26401, 26405, 26407, 26431, 26432, 26436, 26535, 26537, 26562, 26575, 26578, 26720, 26594, 26597, 26740, 26743, 26746, 26748, 26781, 26784, 26788, 26910, 26914, 26937, 26938, 26962, 26965]",0.022637699999904726,success,,51.94112549695111,73.45584412216391,43.91000565837392,48.61751509787823,29.45162226502116,63.617005187642064
chi_clow_to_ohare_0273,w_0273,grid_0_10,True,False,clow_to_ohare,Clow International Airport to O'Hare International Airport,Clow International Airport,O'Hare International Airport,41.695923717435235,-88.12876224517822,41.97807408541273,-87.90902412382081,ohare_2026-03-07_1s_15nm_bbox,0.7,0.1,0.2,0.0,85,"[13722, 13727, 13718, 13742, 13746, 22697, 22932, 22934, 22961, 22964, 22972, 22975, 25200, 22994, 22997, 25130, 25135, 25136, 25139, 25164, 25167, 25169, 25193, 25195, 25199, 25420, 25424, 25434, 25437, 25439, 25463, 25466, 25469, 25492, 25496, 25708, 25731, 25735, 25687, 25920, 25923, 25925, 25930, 25933, 25936, 25955, 25956, 25973, 25977, 18200, 26122, 26127, 26150, 26161, 26164, 26167, 26191, 26193, 26197, 26405, 26406, 26409, 26432, 26436, 26535, 26537, 26562, 26575, 26578, 26720, 26594, 26597, 26740, 26743, 26746, 26748, 26781, 26784, 26788, 26910, 26914, 26937, 26938, 26962, 26965]",0.021737700000812765,success,,51.9411254969527,73.45584412216616,45.228704727251205,47.21284539133307,29.965132904924932,65.38453043650804
chi_clow_to_ohare_0274,w_0274,grid_0_10,True,False,clow_to_ohare,Clow International Airport to O'Hare International Airport,Clow International Airport,O'Hare International Airport,41.695923717435235,-88.12876224517822,41.97807408541273,-87.90902412382081,ohare_2026-03-07_1s_15nm_bbox,0.7,0.2,0.0,0.1,85,"[13722, 13727, 13718, 13742, 13746, 22697, 22932, 22934, 22937, 22981, 22982, 22986, 25220, 25222, 25223, 25225, 25228, 25250, 25252, 25253, 25256, 25267, 25290, 25291, 25198, 25420, 25424, 25434, 25437, 25439, 25463, 25466, 25468, 25493, 25705, 25707, 25732, 25684, 25686, 25689, 25922, 25925, 25929, 25932, 25936, 25955, 25956, 25973, 25977, 18200, 26122, 26127, 26150, 26153, 26154, 26168, 26191, 26194, 26401, 26405, 26407, 26431, 26432, 26436, 26535, 26537, 26562, 26575, 26578, 26720, 26594, 26597, 26740, 26743, 26746, 26748, 26792, 26794, 26798, 26930, 26934, 26936, 26960, 26962, 26965]",0.02056810000067344,success,,51.94112549695134,73.45584412216422,43.44350780362234,51.89964237931445,29.421951742228696,63.04998762046229
chi_clow_to_ohare_0275,w_0275,grid_0_10,True,False,clow_to_ohare,Clow International Airport to O'Hare International Airport,Clow International Airport,O'Hare International Airport,41.695923717435235,-88.12876224517822,41.97807408541273,-87.90902412382081,ohare_2026-03-07_1s_15nm_bbox,0.7,0.2,0.1,0.0,85,"[13722, 13727, 13718, 13742, 13746, 22697, 22932, 22934, 22961, 22964, 22972, 22975, 22978, 25201, 25204, 25207, 25240, 25243, 25247, 25261, 25264, 25266, 25290, 25291, 25198, 25420, 25424, 25434, 25437, 25439, 25463, 25466, 25469, 25492, 25496, 25708, 25731, 25735, 25687, 25920, 25923, 25925, 25930, 25933, 25936, 25955, 25956, 25973, 25977, 18200, 26122, 26127, 26150, 26161, 26164, 26167, 26190, 26194, 26401, 26405, 26406, 26409, 26432, 26436, 26535, 26537, 26562, 26575, 26578, 26720, 26594, 26597, 26740, 26743, 26746, 26748, 26781, 26784, 26788, 26910, 26914, 26937, 26938, 26962, 26965]",0.019874899997375906,success,,51.941125496952154,73.45584412216537,43.91000565837392,48.57050026679963,29.864788997698977,65.0581420438705
chi_clow_to_ohare_0276,w_0276,grid_0_10,True,False,clow_to_ohare,Clow International Airport to O'Hare International Airport,Clow International Airport,O'Hare International Airport,41.695923717435235,-88.12876224517822,41.97807408541273,-87.90902412382081,ohare_2026-03-07_1s_15nm_bbox,0.7,0.3,0.0,0.0,85,"[13722, 13727, 13718, 13742, 13746, 22697, 22932, 22934, 22961, 22963, 22965, 22968, 22969, 25222, 25223, 25225, 25228, 25245, 25248, 25260, 25263, 25266, 25290, 25291, 25198, 25420, 25424, 25434, 25437, 25460, 25464, 25467, 25490, 25702, 25704, 25707, 25732, 25684, 25686, 25689, 25924, 25927, 25930, 25933, 25936, 25955, 25956, 25973, 25977, 18200, 26122, 26127, 26150, 26153, 26154, 26168, 26191, 26194, 26401, 26405, 26406, 26409, 26432, 26436, 26535, 26537, 26562, 26575, 26578, 26720, 26594, 26597, 26740, 26743, 26754, 26759, 26791, 26794, 26798, 26930, 26934, 26936, 26960, 26962, 26965]",0.020395200001075864,success,,51.941125496946285,73.45584412215707,43.36008497140666,52.58927110058811,30.19534621580633,64.42711637693195
chi_clow_to_ohare_0277,w_0277,grid_0_10,True,False,clow_to_ohare,Clow International Airport to O'Hare International Airport,Clow International Airport,O'Hare International Airport,41.695923717435235,-88.12876224517822,41.97807408541273,-87.90902412382081,ohare_2026-03-07_1s_15nm_bbox,0.8,0.0,0.0,0.2,85,"[13722, 13725, 13728, 13761, 13764, 13767, 13770, 13774, 13776, 16000, 16003, 16006, 16009, 16041, 16045, 16048, 16071, 16074, 16076, 16079, 16302, 16305, 16308, 16332, 16334, 16338, 16370, 16373, 16377, 16390, 16393, 16396, 16630, 16631, 16626, 16629, 16651, 16654, 25822, 25824, 25832, 25837, 25850, 25852, 25855, 25867, 25890, 25894, 25898, 18023, 18025, 18050, 18038, 18062, 18066, 18077, 18300, 18305, 18246, 18271, 18273, 18267, 18269, 18503, 18505, 18507, 26470, 26474, 26477, 26811, 26813, 26816, 26822, 26827, 26829, 26738, 26771, 26773, 26920, 26921, 26912, 26917, 26950, 26961, 26965]",0.017726999998558313,success,,51.94112549694981,73.45584412216202,62.28355635902341,56.78302848785421,24.060131186366917,63.576701535003004
chi_clow_to_ohare_0278,w_0278,grid_0_10,True,False,clow_to_ohare,Clow International Airport to O'Hare International Airport,Clow International Airport,O'Hare International Airport,41.695923717435235,-88.12876224517822,41.97807408541273,-87.90902412382081,ohare_2026-03-07_1s_15nm_bbox,0.8,0.0,0.1,0.1,85,"[13722, 13727, 13718, 13742, 13746, 22697, 22932, 22933, 22938, 22980, 22984, 22987, 25210, 25211, 25224, 25225, 25228, 25245, 25247, 25249, 25165, 25190, 25193, 25194, 25405, 25408, 25432, 25444, 25446, 25470, 25473, 25477, 25638, 25641, 25645, 25647, 25681, 25685, 25688, 25902, 25904, 25906, 25909, 25942, 25946, 25947, 24890, 24895, 24898, 26121, 26123, 26135, 26139, 26163, 26164, 26167, 26191, 26193, 26197, 26421, 26407, 26409, 26433, 26436, 26535, 26537, 26562, 26565, 26576, 26579, 26723, 26725, 26727, 26760, 26761, 26747, 26782, 26784, 26788, 26910, 26914, 26937, 26938, 26962, 26965]",0.018227599997771904,success,,51.9411254969601,73.45584412217663,64.2348265206265,45.12887978853363,29.83221424854086,66.26078470144876
chi_clow_to_ohare_0279,w_0279,grid_0_10,True,False,clow_to_ohare,Clow International Airport to O'Hare International Airport,Clow International Airport,O'Hare International Airport,41.695923717435235,-88.12876224517822,41.97807408541273,-87.90902412382081,ohare_2026-03-07_1s_15nm_bbox,0.8,0.0,0.2,0.0,85,"[13722, 13727, 13718, 13742, 13746, 22697, 22932, 22934, 22961, 22964, 22972, 22975, 25200, 22994, 22998, 25132, 25142, 25144, 25147, 25149, 25174, 25176, 25178, 25413, 25354, 25359, 25372, 25373, 25376, 25630, 25622, 25625, 25628, 25671, 25673, 25675, 25677, 25679, 25698, 25699, 25913, 25917, 25919, 25941, 24864, 24868, 24891, 24893, 24898, 26121, 26123, 26135, 26139, 26163, 26164, 26167, 26191, 26193, 26197, 26421, 26407, 26409, 26433, 26436, 26535, 26537, 26562, 26565, 26576, 26579, 26723, 26725, 26727, 26760, 26761, 26747, 26782, 26784, 26788, 26910, 26914, 26937, 26938, 26962, 26965]",0.01807169999665348,success,,51.94112549695615,73.45584412217104,58.847524978174356,45.010702177169115,30.8176899548461,67.76681573317066
chi_clow_to_ohare_0280,w_0280,grid_0_10,True,False,clow_to_ohare,Clow International Airport to O'Hare International Airport,Clow International Airport,O'Hare International Airport,41.695923717435235,-88.12876224517822,41.97807408541273,-87.90902412382081,ohare_2026-03-07_1s_15nm_bbox,0.8,0.1,0.0,0.1,85,"[13722, 13727, 13718, 13742, 13746, 22697, 22932, 22934, 22937, 22981, 22982, 22986, 25220, 25222, 25223, 25225, 25228, 25250, 25252, 25253, 25256, 25267, 25290, 25291, 25198, 25420, 25424, 25434, 25437, 25439, 25463, 25466, 25468, 25493, 25705, 25707, 25732, 25684, 25686, 25689, 25922, 25925, 25929, 25932, 25936, 25955, 25956, 25973, 25977, 18200, 26122, 26127, 26150, 26153, 26154, 26168, 26191, 26194, 26401, 26405, 26407, 26431, 26432, 26436, 26535, 26537, 26562, 26575, 26578, 26720, 26594, 26597, 26740, 26743, 26746, 26748, 26792, 26794, 26798, 26930, 26934, 26936, 26960, 26962, 26965]",0.016574699999182485,success,,51.94112549695134,73.45584412216422,43.44350780362234,51.89964237931445,29.421951742228696,66.05122125231648
chi_clow_to_ohare_0281,w_0281,grid_0_10,True,False,clow_to_ohare,Clow International Airport to O'Hare International Airport,Clow International Airport,O'Hare International Airport,41.695923717435235,-88.12876224517822,41.97807408541273,-87.90902412382081,ohare_2026-03-07_1s_15nm_bbox,0.8,0.1,0.1,0.0,85,"[13722, 13727, 13718, 13742, 13746, 22697, 22932, 22934, 22961, 22964, 22972, 22975, 25200, 22994, 22997, 25130, 25135, 25136, 25139, 25164, 25167, 25169, 25193, 25195, 25199, 25420, 25424, 25434, 25437, 25439, 25463, 25466, 25469, 25492, 25496, 25708, 25731, 25735, 25687, 25920, 25923, 25925, 25930, 25933, 25936, 25955, 25956, 25973, 25977, 18200, 26122, 26127, 26150, 26161, 26164, 26167, 26190, 26194, 26401, 26405, 26406, 26409, 26432, 26436, 26535, 26537, 26562, 26575, 26578, 26720, 26594, 26597, 26740, 26743, 26746, 26748, 26781, 26784, 26788, 26910, 26914, 26937, 26938, 26962, 26965]",0.01678890000039246,success,,51.941125496952424,73.45584412216577,45.07271891011695,47.36460372340999,29.965132904924932,68.00840756108532
chi_clow_to_ohare_0282,w_0282,grid_0_10,True,False,clow_to_ohare,Clow International Airport to O'Hare International Airport,Clow International Airport,O'Hare International Airport,41.695923717435235,-88.12876224517822,41.97807408541273,-87.90902412382081,ohare_2026-03-07_1s_15nm_bbox,0.8,0.2,0.0,0.0,85,"[13722, 13727, 13718, 13742, 13746, 22697, 22932, 22934, 22937, 22981, 22965, 22968, 22969, 25222, 25223, 25225, 25228, 25245, 25248, 25260, 25263, 25266, 25290, 25291, 25198, 25420, 25424, 25434, 25437, 25460, 25464, 25467, 25490, 25702, 25704, 25707, 25732, 25684, 25686, 25689, 25924, 25927, 25930, 25933, 25936, 25955, 25956, 25973, 25977, 18200, 26122, 26127, 26150, 26153, 26154, 26168, 26191, 26194, 26401, 26405, 26406, 26409, 26432, 26436, 26535, 26537, 26562, 26575, 26578, 26720, 26594, 26597, 26740, 26743, 26754, 26759, 26791, 26794, 26798, 26930, 26934, 26936, 26960, 26962, 26965]",0.015156300003582146,success,,51.941125496946285,73.45584412215707,43.36008497140666,52.60395208523505,30.177468662384953,67.436692292007
chi_clow_to_ohare_0283,w_0283,grid_0_10,True,False,clow_to_ohare,Clow International Airport to O'Hare International Airport,Clow International Airport,O'Hare International Airport,41.695923717435235,-88.12876224517822,41.97807408541273,-87.90902412382081,ohare_2026-03-07_1s_15nm_bbox,0.9,0.0,0.0,0.1,85,"[13722, 13725, 13728, 13761, 13764, 13767, 13770, 13774, 13776, 16000, 16003, 16006, 16009, 16041, 16045, 16048, 16071, 16074, 16076, 16079, 16302, 16305, 16308, 16332, 16334, 16338, 16370, 16373, 16377, 16390, 16393, 16396, 16630, 16631, 16626, 16629, 16651, 16654, 25822, 25824, 25832, 25837, 25850, 25852, 25855, 25867, 25890, 25894, 25898, 18023, 18025, 18050, 18038, 18062, 18066, 18077, 18300, 18305, 18246, 18271, 18273, 18267, 18269, 18503, 18505, 18507, 26470, 26474, 26477, 26811, 26813, 26816, 26822, 26827, 26829, 26738, 26771, 26773, 26920, 26921, 26912, 26917, 26950, 26961, 26965]",0.014197299999068491,success,,51.94112549694981,73.45584412216202,62.28355635902341,56.78302848785421,24.060131186366917,68.51627282858252
chi_clow_to_ohare_0284,w_0284,grid_0_10,True,False,clow_to_ohare,Clow International Airport to O'Hare International Airport,Clow International Airport,O'Hare International Airport,41.695923717435235,-88.12876224517822,41.97807408541273,-87.90902412382081,ohare_2026-03-07_1s_15nm_bbox,0.9,0.0,0.1,0.0,85,"[13722, 13727, 13718, 13742, 13746, 22697, 22932, 22934, 22961, 22964, 22972, 22975, 25200, 22994, 22998, 25132, 25142, 25144, 25147, 25149, 25174, 25176, 25178, 25413, 25354, 25359, 25372, 25373, 25376, 25630, 25622, 25625, 25628, 25671, 25673, 25675, 25677, 25679, 25698, 25699, 25913, 25917, 25919, 25941, 24864, 24868, 24891, 24893, 24898, 26121, 26123, 26135, 26139, 26163, 26164, 26167, 26191, 26193, 26197, 26421, 26407, 26409, 26433, 26436, 26535, 26537, 26562, 26565, 26576, 26579, 26723, 26725, 26727, 26760, 26761, 26747, 26782, 26784, 26788, 26910, 26914, 26937, 26938, 26962, 26965]",0.014469000001554377,success,,51.94112549695615,73.45584412217104,58.847524978174356,45.010702177169115,30.8176899548461,70.61132992767085
chi_clow_to_ohare_0285,w_0285,grid_0_10,True,False,clow_to_ohare,Clow International Airport to O'Hare International Airport,Clow International Airport,O'Hare International Airport,41.695923717435235,-88.12876224517822,41.97807408541273,-87.90902412382081,ohare_2026-03-07_1s_15nm_bbox,0.9,0.1,0.0,0.0,85,"[13722, 13727, 13718, 13742, 13746, 22697, 22932, 22934, 22937, 22981, 22982, 22967, 22969, 25222, 25223, 25225, 25228, 25245, 25248, 25260, 25263, 25266, 25290, 25291, 25198, 25420, 25424, 25434, 25437, 25460, 25464, 25467, 25490, 25702, 25704, 25707, 25732, 25684, 25687, 25689, 25924, 25927, 25930, 25933, 25936, 25955, 25956, 25973, 25977, 18200, 26122, 26127, 26150, 26153, 26154, 26168, 26191, 26194, 26401, 26405, 26406, 26409, 26432, 26436, 26535, 26537, 26562, 26575, 26578, 26720, 26594, 26597, 26740, 26743, 26754, 26759, 26791, 26794, 26798, 26930, 26934, 26936, 26960, 26962, 26965]",0.012764899998728652,success,,51.941125496946285,73.45584412215707,43.36008497140666,52.67610628158846,30.15392572233514,70.44626820708204
chi_clow_to_ohare_0286,w_0286,grid_0_10,True,False,clow_to_ohare,Clow International Airport to O'Hare International Airport,Clow International Airport,O'Hare International Airport,41.695923717435235,-88.12876224517822,41.97807408541273,-87.90902412382081,ohare_2026-03-07_1s_15nm_bbox,1.0,0.0,0.0,0.0,85,"[13722, 13725, 13760, 13741, 13744, 13748, 13781, 13785, 22936, 22980, 22984, 22986, 25210, 25211, 25214, 25226, 25228, 25245, 25248, 25260, 25263, 25266, 25268, 25196, 25199, 25420, 25424, 25427, 25437, 25460, 25464, 25467, 25479, 25701, 25706, 25648, 25681, 25685, 25900, 25903, 25905, 25915, 25940, 25943, 25944, 25947, 25972, 24895, 24896, 26121, 26124, 26126, 26150, 26153, 26154, 26168, 26191, 26193, 26196, 26199, 26424, 26427, 26434, 26435, 26439, 26538, 26560, 26563, 26566, 26701, 26704, 26725, 26727, 26729, 26744, 26749, 26782, 26785, 26787, 26910, 26914, 26937, 26938, 26962, 26965]",0.010121699997398537,success,,51.94112549692966,73.45584412213354,58.111910171924215,53.0089468226609,30.263813358677798,73.45584412213354
chi_clow_to_ohare_0287,w_0287,equal_weight,False,True,clow_to_ohare,Clow International Airport to O'Hare International Airport,Clow International Airport,O'Hare International Airport,41.695923717435235,-88.12876224517822,41.97807408541273,-87.90902412382081,ohare_2026-03-07_1s_15nm_bbox,0.25,0.25,0.25,0.25,85,"[13722, 13727, 13718, 13742, 13746, 22697, 22932, 22934, 22937, 22963, 22965, 22967, 22969, 25222, 25223, 25225, 25228, 25245, 25248, 25260, 25263, 25267, 25290, 25291, 25198, 25420, 25424, 25434, 25437, 25439, 25463, 25466, 25469, 25492, 25496, 25708, 25731, 25735, 25687, 25920, 25923, 25925, 25930, 25933, 25936, 25955, 25956, 25973, 25977, 18200, 26122, 26127, 26150, 26161, 26164, 26167, 26190, 26194, 26401, 26405, 26407, 26431, 26432, 26436, 26535, 26537, 26562, 26575, 26578, 26720, 26594, 26597, 26740, 26743, 26746, 26748, 26781, 26784, 26788, 26910, 26914, 26937, 26938, 26962, 26965]",0.06463040000380715,success,,51.94112549695111,73.45584412216391,43.91000565837392,48.61751509787823,29.45162226502116,48.85874678585931
chi_clow_to_midway_0001,w_0001,grid_0_10,True,False,clow_to_midway,Clow International Airport to Midway International Airport,Clow International Airport,Midway International Airport,41.695923717435235,-88.12876224517822,41.7856116663475,-87.75331135429448,ohare_2026-03-07_1s_15nm_bbox,0.0,0.0,0.0,1.0,450,"[13722, 13720, 13487, 13485, 13480, 13640, 13628, 13623, 13610, 13607, 13602, 13286, 13287, 13394, 13393, 13392, 13503, 13504, 13502, 13383, 13382, 13384, 14453, 14452, 14454, 14464, 14465, 14463, 14443, 14442, 14444, 14367, 14368, 14373, 14374, 14372, 14383, 14384, 14382, 14293, 14292, 14294, 14502, 14504, 14503, 14283, 14285, 14289, 14521, 14526, 14528, 14552, 14555, 14556, 14559, 14582, 14585, 14588, 14811, 14814, 14817, 14841, 14845, 14846, 14849, 14862, 14867, 15100, 15103, 15105, 15109, 15141, 15143, 15148, 15161, 15162, 15165, 15400, 15402, 15405, 15408, 15421, 15425, 15427, 15440, 15442, 15445, 15448, 15471, 15474, 15477, 15700, 15703, 15708, 15730, 15732, 15737, 15739, 15782, 15784, 15787, 17000, 17005, 17008, 17041, 17042, 17045, 17049, 17061, 17066, 17069, 17092, 17093, 17097, 17220, 17222, 17227, 17260, 17262, 17264, 17268, 17292, 17295, 17298, 17299, 17523, 17525, 17540, 17543, 17545, 17549, 17572, 17575, 17578, 17901, 17904, 17906, 17909, 17922, 17925, 17928, 17951, 17955, 17958, 17991, 17994, 17997, 30110, 30113, 30115, 30118, 30131, 30133, 30137, 30160, 30162, 30166, 30168, 30602, 30606, 30607, 30621, 30624, 30627, 30629, 30654, 30656, 30658, 30682, 30681, 30648, 30649, 30660, 30469, 30700, 30468, 30478, 30479, 30490, 30480, 30458, 30459, 30558, 30559, 30580, 30570, 30549, 30571, 30801, 30800, 30568, 30591, 30590, 31732, 31730, 31731, 31498, 31722, 31720, 31741, 31709, 31743, 31631, 31633, 31632, 31623, 31625, 31624, 31811, 31812, 31581, 31583, 31582, 31596, 31599, 31831, 31824, 31826, 31850, 34378, 34383, 34385, 34387, 34392, 34395, 35233, 35235, 35260, 35272, 35271, 35283, 35286, 35287, 35297, 35412, 35410, 35315, 35313, 35314, 35335, 35330, 35329, 34363, 34359, 34357, 28996, 28994, 28991, 28981, 28959, 28956, 28937, 28936, 34489, 34487, 28786, 34469, 34466, 28778, 28759, 28757, 28758, 28827, 28828, 28829, 28819, 28818, 28817, 29706, 29740, 29742, 29771, 29772, 29765, 29790, 29792, 35933, 35937, 35971, 29960, 29961, 29962, 29972, 29970, 29928, 29939, 29937, 29938, 29873, 29874, 29875, 29882, 29881, 29869, 29868, 29867, 37601, 37599, 37596, 37587, 37588, 37584, 37570, 37569, 37565, 37512, 37500, 37496, 37503, 37481, 37477, 37251, 37250, 37382, 37259, 37258, 37374, 37373, 37375, 37364, 37240, 37365, 38291, 38294, 38290, 38315, 38280, 38314, 38270, 38303, 38302, 38231, 38230, 38228, 38236, 38235, 38221, 38242, 38220, 38130, 38142, 38131, 38152, 38120, 38121, 38141, 38136, 38134, 38100, 38097, 38094, 38081, 38078, 38077, 38072, 37929, 37927, 37924, 37900, 37898, 37896, 37893, 37890, 37887, 37884, 9989, 9986, 9983, 9980, 9966, 9963, 9960, 9937, 9934, 9931, 9688, 9686, 9681, 9669, 9667, 9663, 9651, 9629, 9569, 9567, 9565, 9556, 9554, 9551, 9549, 9548, 9547, 9468, 9465, 9467, 9457, 9454, 9452, 9443, 9440, 9439, 8609, 8608, 8606, 8615, 8614, 8624, 8621, 8622, 8509, 8506, 8505, 8285, 8283, 8268, 8265, 8253, 8251, 8228, 8223, 8220, 8139, 8136, 8132, 8109, 8075, 8074, 8071, 8038, 8034, 5881, 5859, 5855, 5837, 5836, 5817, 5813, 5599, 7458, 7453, 7451, 7429, 7425, 7422, 7415, 7195, 7192, 7191, 7178, 7173]",0.1338640999965719,success,,258.11363911254966,365.02780906372226,220.49118221403296,187.8492351470233,17.57821947035733,17.57821947035733
chi_clow_to_midway_0002,w_0002,grid_0_10,True,False,clow_to_midway,Clow International Airport to Midway International Airport,Clow International Airport,Midway International Airport,41.695923717435235,-88.12876224517822,41.7856116663475,-87.75331135429448,ohare_2026-03-07_1s_15nm_bbox,0.0,0.0,0.1,0.9,376,"[13722, 13720, 13707, 13483, 13482, 13480, 13646, 13644, 13629, 13652, 13654, 13657, 13659, 13683, 13684, 13664, 13666, 13576, 13810, 13913, 13915, 13919, 13930, 13935, 13938, 13844, 13964, 13967, 13969, 16113, 16115, 16117, 16211, 16215, 16217, 16219, 16252, 16257, 16258, 16261, 16264, 16269, 16292, 16296, 16297, 16368, 16369, 16384, 16397, 16630, 16631, 16626, 16628, 16650, 16665, 16668, 16659, 16674, 16675, 16910, 16923, 16916, 16919, 16951, 16953, 16957, 16981, 18105, 18107, 18118, 18153, 18154, 18159, 18182, 18184, 18187, 19244, 19245, 19257, 19258, 19272, 19286, 19289, 19510, 19347, 19348, 19372, 19375, 19377, 19620, 19623, 19625, 19628, 19640, 19654, 19658, 19681, 19682, 19745, 19748, 19763, 19766, 19768, 19792, 19934, 19936, 19961, 19963, 19976, 19979, 19981, 19985, 19989, 31214, 31216, 31240, 31227, 31229, 31251, 31421, 31420, 31422, 31405, 31429, 31451, 31454, 31457, 31290, 31294, 31298, 31611, 31604, 31617, 31630, 31623, 31627, 31640, 31817, 31680, 31840, 31587, 31841, 31833, 31834, 31837, 31827, 31826, 31850, 34378, 34383, 34385, 34387, 34392, 34395, 35233, 35235, 35260, 35272, 35271, 35283, 35286, 35287, 35297, 35412, 35410, 35315, 35313, 35314, 35335, 35330, 35329, 34363, 34359, 34357, 28996, 28994, 28991, 28981, 28959, 28956, 28937, 28936, 34489, 34487, 28786, 34474, 34473, 34472, 28796, 28797, 28798, 28847, 28848, 28846, 28837, 28836, 28838, 29741, 29743, 29742, 29771, 29772, 29765, 29790, 29792, 35933, 35937, 35971, 29960, 29961, 29962, 29972, 29970, 29928, 29939, 29937, 29938, 29873, 29874, 29875, 29882, 29881, 29869, 29868, 29867, 37601, 37599, 37596, 37587, 37588, 37584, 37570, 37569, 37565, 37512, 37500, 37499, 37508, 37510, 37509, 37425, 37427, 37426, 37399, 37398, 37420, 37418, 37419, 37408, 37409, 37410, 38330, 38328, 38329, 38340, 38338, 38339, 38349, 38348, 38350, 38467, 38468, 38466, 38487, 38488, 38476, 38473, 38249, 38148, 38144, 38131, 38119, 38114, 38115, 38135, 38132, 38097, 38094, 38081, 38078, 38077, 38072, 37929, 37927, 37924, 37900, 37898, 37896, 37893, 37890, 37887, 37884, 9989, 9986, 9983, 9980, 9966, 9963, 9960, 9937, 9934, 9931, 9688, 9686, 9681, 9669, 9667, 9663, 9651, 9629, 9569, 9564, 9563, 9550, 9527, 9524, 9521, 9506, 9507, 9298, 9540, 9542, 9466, 9463, 9462, 9457, 9454, 9450, 9443, 9447, 9442, 8609, 8608, 8613, 8615, 8611, 8388, 8396, 8391, 8392, 8275, 8274, 8271, 8260, 8238, 8233, 8231, 8099, 8205, 8091, 8079, 8065, 8072, 8049, 8047, 8044, 8030, 8007, 8004, 5851, 5850, 5827, 5831, 5830, 5598, 5594, 5590, 5578, 5575, 5572, 7409, 7407, 7404, 7401, 7176, 7173]",0.13295180000568507,success,,234.36847310850854,331.44707326025656,218.24505219989658,72.50912793403597,18.48887812890861,23.890903109421345
chi_clow_to_midway_0003,w_0003,grid_0_10,True,False,clow_to_midway,Clow International Airport to Midway International Airport,Clow International Airport,Midway International Airport,41.695923717435235,-88.12876224517822,41.7856116663475,-87.75331135429448,ohare_2026-03-07_1s_15nm_bbox,0.0,0.0,0.2,0.8,331,"[13722, 13720, 13707, 13483, 13482, 13480, 13646, 13644, 13629, 13652, 13654, 13657, 13659, 13683, 13684, 13664, 13666, 13559, 13558, 13556, 13566, 13563, 13561, 13543, 13545, 13544, 14712, 14479, 14477, 14485, 14473, 14472, 14458, 14457, 13384, 14450, 14427, 13354, 14422, 13349, 13345, 13342, 14190, 14169, 14191, 14405, 14403, 14400, 14176, 14153, 14151, 14136, 14125, 14132, 12897, 12895, 14051, 14028, 14025, 12867, 12865, 12863, 12794, 12790, 12768, 12764, 12824, 12821, 12589, 12587, 12585, 12584, 12581, 12580, 12548, 12464, 12462, 12460, 12427, 12443, 12299, 12416, 12418, 12417, 12502, 12179, 12159, 12156, 12154, 12160, 12136, 12132, 11119, 11118, 11113, 11101, 11100, 11102, 11121, 11120, 11122, 11002, 11000, 11001, 11010, 11012, 11011, 11020, 11021, 11221, 11220, 11222, 11212, 11210, 11211, 11202, 11200, 11201, 10101, 10102, 10100, 10122, 10121, 10120, 10111, 10112, 10110, 10020, 10021, 10000, 10001, 10002, 10010, 10012, 10011, 10210, 10212, 10211, 10200, 10201, 10202, 10220, 10222, 10221, 20010, 20012, 20011, 20000, 20001, 20002, 20021, 20020, 20101, 20102, 20100, 20122, 20120, 20123, 20110, 20112, 20111, 20222, 20220, 20223, 20211, 20210, 20212, 20202, 20200, 20201, 21030, 21031, 21012, 21010, 21011, 21001, 21000, 21002, 21021, 21022, 21020, 21202, 21201, 21200, 21211, 21212, 21210, 21110, 21112, 21111, 21120, 21121, 21101, 21100, 21102, 1000, 1002, 1001, 1012, 1010, 1011, 1030, 1031, 1032, 1020, 1022, 1021, 1210, 1211, 1212, 1201, 1202, 1200, 1131, 1130, 1102, 1101, 1100, 1111, 1112, 1110, 1122, 1120, 1124, 212, 210, 211, 201, 205, 208, 40, 43, 45, 72, 75, 86, 87, 330, 323, 326, 360, 423, 427, 428, 453, 454, 457, 481, 482, 484, 487, 488, 811, 812, 814, 816, 819, 861, 863, 864, 866, 868, 891, 893, 895, 897, 899, 3140, 3142, 3144, 3146, 3148, 3170, 3172, 3174, 3177, 3178, 3440, 3442, 3445, 3419, 3460, 3461, 3429, 3450, 3451, 3511, 3439, 3513, 3527, 3529, 3528, 3560, 3564, 3567, 3632, 3634, 3636, 3628, 3671, 3656, 3659, 3682, 2786, 2788, 2790, 5004, 5008, 5021, 5044, 5045, 5048, 5150, 5151, 5154, 5172, 5174, 5178, 5401, 5403, 5405, 5266, 5267, 5286, 5282, 5284, 5279, 5502, 5503, 7177, 7173]",0.13029669999377802,success,,193.43596958287904,273.55977163285854,136.90810082802057,26.346079231825005,26.010283093791614,26.077442321398294
chi_clow_to_midway_0004,w_0004,grid_0_10,True,False,clow_to_midway,Clow International Airport to Midway International Airport,Clow International Airport,Midway International Airport,41.695923717435235,-88.12876224517822,41.7856116663475,-87.75331135429448,ohare_2026-03-07_1s_15nm_bbox,0.0,0.0,0.3,0.7,330,"[13722, 13720, 13707, 13483, 13482, 13480, 13646, 13644, 13629, 13652, 13654, 13657, 13659, 13683, 13684, 13664, 13666, 13559, 13558, 13556, 13566, 13563, 13561, 13543, 13545, 13544, 14712, 14479, 14477, 14485, 14473, 14472, 14458, 14457, 13384, 14450, 14427, 13354, 14422, 13349, 13345, 13342, 14190, 14169, 14191, 14405, 14403, 14400, 14176, 14153, 14151, 14136, 14125, 14132, 12897, 12895, 14051, 14028, 14025, 12867, 12865, 12863, 12794, 12790, 12768, 12764, 12824, 12821, 12589, 12587, 12585, 12584, 12581, 12580, 12548, 12464, 12462, 12460, 12427, 12443, 12299, 12416, 12418, 12417, 12502, 12179, 12159, 12156, 12154, 12160, 12136, 12132, 11119, 11118, 11113, 11101, 11100, 11102, 11121, 11120, 11122, 11002, 11000, 11001, 11010, 11012, 11011, 11020, 11021, 11221, 11220, 11222, 11212, 11210, 11211, 11202, 11200, 11201, 10101, 10102, 10100, 10122, 10121, 10120, 10111, 10112, 10110, 10020, 10021, 10000, 10001, 10002, 10010, 10012, 10011, 10210, 10212, 10211, 10200, 10201, 10202, 10220, 10222, 10221, 20010, 20012, 20011, 20000, 20001, 20002, 20021, 20020, 20101, 20102, 20100, 20122, 20120, 20123, 20110, 20112, 20111, 20222, 20220, 20223, 20211, 20210, 20212, 20202, 20200, 20201, 21030, 21031, 21012, 21010, 21011, 21001, 21000, 21002, 21021, 21022, 21020, 21202, 21201, 21200, 21211, 21212, 21210, 21110, 21112, 21111, 21120, 21121, 21101, 21100, 21102, 1000, 1002, 1001, 1012, 1010, 1011, 1030, 1031, 1032, 1020, 1022, 1021, 1210, 1211, 1212, 1201, 1202, 1200, 1131, 1130, 1102, 1101, 1100, 1111, 1112, 1110, 1122, 1120, 1124, 212, 210, 211, 204, 207, 231, 44, 47, 48, 74, 77, 89, 331, 333, 327, 361, 362, 426, 440, 443, 456, 458, 470, 483, 484, 487, 488, 811, 812, 814, 816, 819, 861, 863, 864, 866, 868, 891, 893, 895, 897, 899, 3140, 3142, 3144, 3146, 3148, 3170, 3172, 3174, 3177, 3178, 3440, 3442, 3445, 3419, 3460, 3461, 3429, 3450, 3451, 3511, 3439, 3513, 3527, 3529, 3528, 3560, 3564, 3567, 3632, 3634, 3636, 3628, 3671, 3656, 3659, 3682, 2786, 2788, 2790, 5004, 5008, 5021, 5044, 5045, 5048, 5150, 5151, 5154, 5172, 5174, 5178, 5401, 5403, 5405, 5266, 5267, 5286, 5285, 5284, 5279, 5502, 5503, 7177, 7173]",0.13089899999613408,success,,192.72886280169197,272.55977163286514,139.48237977568516,26.24293435167253,26.042664640396445,26.10274555377927
chi_clow_to_midway_0005,w_0005,grid_0_10,True,False,clow_to_midway,Clow International Airport to Midway International Airport,Clow International Airport,Midway International Airport,41.695923717435235,-88.12876224517822,41.7856116663475,-87.75331135429448,ohare_2026-03-07_1s_15nm_bbox,0.0,0.0,0.4,0.6,329,"[13722, 13720, 13707, 13483, 13482, 13480, 13646, 13644, 13629, 13652, 13654, 13657, 13659, 13683, 13684, 13664, 13666, 13559, 13558, 13556, 13566, 13563, 13561, 13543, 13545, 13544, 14712, 14479, 14477, 14485, 14473, 14472, 14458, 14457, 13384, 14450, 14427, 13354, 14422, 13349, 13345, 13342, 14190, 14169, 14191, 14405, 14403, 14400, 14176, 14153, 14151, 14136, 14125, 14132, 12897, 12895, 14051, 14028, 14025, 12867, 12865, 12863, 12794, 12790, 12768, 12764, 12824, 12821, 12589, 12587, 12585, 12584, 12581, 12580, 12548, 12464, 12462, 12460, 12427, 12443, 12299, 12416, 12418, 12417, 12502, 12179, 12159, 12156, 12154, 12160, 12136, 12132, 11119, 11118, 11113, 11101, 11100, 11102, 11121, 11120, 11122, 11002, 11000, 11001, 11010, 11012, 11011, 11020, 11021, 11221, 11220, 11222, 11212, 11210, 11211, 11202, 11200, 11201, 10101, 10102, 10100, 10122, 10121, 10120, 10111, 10112, 10110, 10020, 10021, 10000, 10001, 10002, 10010, 10012, 10011, 10210, 10212, 10211, 10200, 10201, 10202, 10220, 10222, 10221, 20010, 20012, 20011, 20000, 20001, 20002, 20021, 20020, 20101, 20102, 20100, 20122, 20120, 20123, 20110, 20112, 20111, 20222, 20220, 20223, 20211, 20210, 20212, 20202, 20200, 20201, 21030, 21031, 21012, 21010, 21011, 21001, 21000, 21002, 21021, 21022, 21020, 21202, 21201, 21200, 21211, 21212, 21210, 21110, 21112, 21111, 21120, 21121, 21101, 21100, 21102, 1000, 1002, 1001, 1012, 1010, 1011, 1030, 1031, 1032, 1020, 1022, 1021, 1210, 1211, 1212, 1201, 1202, 1200, 1131, 1130, 1102, 1101, 1100, 1111, 1112, 1110, 1122, 1120, 1124, 212, 210, 214, 206, 230, 234, 46, 90, 92, 76, 78, 332, 334, 336, 329, 364, 365, 429, 441, 446, 459, 471, 474, 485, 487, 488, 811, 812, 814, 816, 819, 861, 863, 864, 866, 868, 891, 893, 895, 897, 899, 3140, 3142, 3144, 3146, 3148, 3170, 3172, 3174, 3177, 3178, 3440, 3442, 3445, 3419, 3460, 3461, 3429, 3450, 3451, 3511, 3439, 3513, 3527, 3529, 3528, 3560, 3564, 3567, 3632, 3634, 3636, 3628, 3671, 3656, 3659, 3682, 2786, 2788, 2790, 5004, 5008, 5021, 5044, 5045, 5048, 5150, 5151, 5154, 5172, 5174, 5178, 5401, 5403, 5405, 5266, 5267, 5286, 5285, 5287, 5279, 5502, 5503, 7177, 7173]",0.13188489999447484,success,,192.43596958287765,272.14555807049396,140.50813892468432,26.1278549816786,26.103181741091397,26.11305103732628
chi_clow_to_midway_0006,w_0006,grid_0_10,True,False,clow_to_midway,Clow International Airport to Midway International Airport,Clow International Airport,Midway International Airport,41.695923717435235,-88.12876224517822,41.7856116663475,-87.75331135429448,ohare_2026-03-07_1s_15nm_bbox,0.0,0.0,0.5,0.5,334,"[13722, 13720, 13707, 13483, 13482, 13480, 13646, 13644, 13629, 13652, 13654, 13657, 13659, 13683, 13684, 13664, 13666, 13559, 13558, 13556, 13566, 13563, 13561, 13543, 13545, 13544, 14712, 14479, 14477, 14485, 14473, 14472, 14458, 14457, 13384, 14450, 14427, 13354, 14422, 13349, 13345, 13342, 14190, 14169, 14191, 14405, 14403, 14400, 14176, 14153, 14151, 14136, 14125, 14132, 12897, 12895, 14051, 14028, 14025, 12867, 12865, 12863, 12794, 12790, 12768, 12764, 12824, 12821, 12589, 12587, 12585, 12584, 12581, 12580, 12548, 12464, 12462, 12460, 12427, 12443, 12299, 12416, 12418, 12417, 12502, 12179, 12159, 12156, 12154, 12160, 12136, 12132, 11119, 11118, 11113, 11101, 11100, 11102, 11121, 11120, 11122, 11002, 11000, 11001, 11010, 11012, 11011, 11020, 11021, 11221, 11220, 11222, 11212, 11210, 11211, 11202, 11200, 11201, 10101, 10102, 10100, 10122, 10121, 10120, 10111, 10112, 10110, 10020, 10021, 10000, 10001, 10002, 10010, 10012, 10011, 10210, 10212, 10211, 10200, 10201, 10202, 10220, 10222, 10221, 20010, 20012, 20011, 20000, 20001, 20002, 20021, 20020, 20101, 20102, 20100, 20122, 20120, 20123, 20110, 20112, 20111, 20222, 20220, 20223, 20211, 20210, 20212, 20202, 20200, 20201, 21030, 21031, 21012, 21010, 21011, 21001, 21000, 21002, 21021, 21022, 21020, 21202, 21201, 21200, 21211, 21212, 21210, 21110, 21112, 21111, 21120, 21121, 21101, 21100, 21102, 1000, 1002, 1001, 1012, 1010, 1011, 1030, 1031, 1032, 1020, 1022, 1021, 1210, 1211, 1212, 1201, 1202, 1200, 1131, 1130, 1102, 1101, 1100, 1111, 1112, 1110, 1122, 1120, 1124, 212, 210, 211, 204, 207, 231, 44, 47, 48, 74, 77, 89, 331, 333, 327, 361, 362, 426, 440, 443, 456, 458, 470, 483, 484, 487, 488, 811, 812, 814, 816, 819, 861, 863, 864, 866, 868, 891, 893, 895, 897, 899, 3140, 3142, 3144, 3146, 3148, 3170, 3172, 3174, 3177, 3178, 3440, 3442, 3444, 3447, 3448, 3470, 3473, 3483, 3485, 3487, 3701, 3705, 3706, 3800, 3802, 3806, 3840, 3842, 3844, 3852, 3853, 3857, 3912, 3910, 3914, 3906, 3940, 3944, 3952, 3954, 5051, 5054, 5055, 5067, 5301, 5305, 5096, 5099, 5324, 5413, 5414, 5412, 5198, 5423, 5425, 5436, 5435, 5437, 5290, 5269, 5289, 5285, 5287, 5279, 5502, 5503, 7177, 7173]",0.13105360000190558,success,,194.99831014319517,275.7692548422866,139.81797696417453,22.10198218096451,29.418550077967744,25.760266129466125
chi_clow_to_midway_0007,w_0007,grid_0_10,True,False,clow_to_midway,Clow International Airport to Midway International Airport,Clow International Airport,Midway International Airport,41.695923717435235,-88.12876224517822,41.7856116663475,-87.75331135429448,ohare_2026-03-07_1s_15nm_bbox,0.0,0.0,0.6,0.4,335,"[13722, 13720, 13707, 13483, 13482, 13480, 13646, 13644, 13629, 13652, 13654, 13657, 13659, 13683, 13684, 13664, 13666, 13559, 13558, 13556, 13566, 13563, 13561, 13543, 13545, 13544, 14712, 14479, 14477, 14485, 14473, 14472, 14458, 14457, 13384, 14450, 14427, 13354, 14422, 13349, 13345, 13342, 14190, 14169, 14191, 14405, 14403, 14400, 14176, 14153, 14151, 14136, 14125, 14132, 12897, 12895, 14051, 14028, 14025, 12867, 12865, 12863, 12794, 12790, 12768, 12764, 12824, 12821, 12589, 12587, 12585, 12584, 12581, 12580, 12548, 12464, 12462, 12460, 12427, 12443, 12299, 12416, 12418, 12417, 12502, 12179, 12159, 12156, 12154, 12160, 12136, 12132, 11119, 11118, 11113, 11101, 11100, 11102, 11121, 11120, 11122, 11002, 11000, 11001, 11010, 11012, 11011, 11020, 11021, 11221, 11220, 11222, 11212, 11210, 11211, 11202, 11200, 11201, 10101, 10102, 10100, 10122, 10121, 10120, 10111, 10112, 10110, 10020, 10021, 10000, 10001, 10002, 10010, 10012, 10011, 10210, 10212, 10211, 10200, 10201, 10202, 10220, 10222, 10221, 20010, 20012, 20011, 20000, 20001, 20002, 20021, 20020, 20101, 20102, 20100, 20122, 20120, 20123, 20110, 20112, 20111, 20222, 20220, 20223, 20211, 20210, 20212, 20202, 20200, 20201, 21030, 21031, 21012, 21010, 21011, 21001, 21000, 21002, 21021, 21022, 21020, 21202, 21201, 21200, 21211, 21212, 21210, 21110, 21112, 21111, 21120, 21121, 21101, 21100, 21102, 1000, 1002, 1001, 1012, 1010, 1011, 1030, 1031, 1032, 1020, 1022, 1021, 1210, 1211, 1212, 1201, 1202, 1200, 1131, 1130, 1102, 1101, 1100, 1111, 1112, 1110, 1122, 1120, 1124, 212, 210, 214, 206, 230, 234, 46, 90, 92, 76, 78, 332, 334, 336, 329, 364, 365, 429, 441, 446, 459, 471, 474, 485, 487, 488, 811, 812, 814, 816, 819, 861, 863, 864, 866, 868, 891, 893, 895, 897, 899, 3140, 3142, 3144, 3146, 3148, 3170, 3172, 3174, 3177, 3178, 3440, 3442, 3444, 3447, 3448, 3470, 3472, 3475, 3486, 3488, 3710, 3704, 3708, 3709, 3804, 3805, 3809, 3843, 3846, 3844, 3852, 3850, 3851, 3693, 3694, 3697, 3902, 3904, 3908, 3928, 3951, 5037, 5039, 5052, 5055, 5067, 5301, 5305, 5096, 5099, 5324, 5413, 5414, 5412, 5198, 5423, 5425, 5436, 5435, 5437, 5290, 5269, 5289, 5285, 5287, 5279, 5502, 5503, 7177, 7173]",0.1307987999971374,success,,195.70541692437925,276.76925484227564,143.2843967666278,21.412733796654507,30.3895206602467,25.003448542091384
chi_clow_to_midway_0008,w_0008,grid_0_10,True,False,clow_to_midway,Clow International Airport to Midway International Airport,Clow International Airport,Midway International Airport,41.695923717435235,-88.12876224517822,41.7856116663475,-87.75331135429448,ohare_2026-03-07_1s_15nm_bbox,0.0,0.0,0.7,0.3,335,"[13722, 13720, 13707, 13483, 13482, 13480, 13646, 13644, 13629, 13652, 13654, 13657, 13659, 13683, 13684, 13664, 13666, 13559, 13558, 13556, 13566, 13563, 13561, 13543, 13545, 13544, 14712, 14479, 14477, 14485, 14473, 14472, 14458, 14457, 13384, 14450, 14427, 13354, 14422, 13349, 13345, 13342, 14190, 14169, 14191, 14405, 14403, 14400, 14176, 14153, 14151, 14136, 14125, 14132, 12897, 12895, 14051, 14028, 14025, 12867, 12865, 12863, 12794, 12790, 12768, 12764, 12824, 12821, 12589, 12587, 12585, 12584, 12581, 12580, 12548, 12464, 12462, 12460, 12427, 12443, 12299, 12416, 12418, 12417, 12502, 12179, 12159, 12156, 12154, 12160, 12136, 12132, 11119, 11118, 11113, 11101, 11100, 11102, 11121, 11120, 11122, 11002, 11000, 11001, 11010, 11012, 11011, 11020, 11021, 11221, 11220, 11222, 11212, 11210, 11211, 11202, 11200, 11201, 10101, 10102, 10100, 10122, 10121, 10120, 10111, 10112, 10110, 10020, 10021, 10000, 10001, 10002, 10010, 10012, 10011, 10210, 10212, 10211, 10200, 10201, 10202, 10220, 10222, 10221, 20010, 20012, 20011, 20000, 20001, 20002, 20021, 20020, 20101, 20102, 20100, 20122, 20120, 20123, 20110, 20112, 20111, 20222, 20220, 20223, 20211, 20210, 20212, 20202, 20200, 20201, 21030, 21031, 21012, 21010, 21011, 21001, 21000, 21002, 21021, 21022, 21020, 21202, 21201, 21200, 21211, 21212, 21210, 21110, 21112, 21111, 21120, 21121, 21101, 21100, 21102, 1000, 1002, 1001, 1012, 1010, 1011, 1030, 1031, 1032, 1020, 1022, 1021, 1210, 1211, 1212, 1201, 1202, 1200, 1131, 1130, 1102, 1101, 1100, 1111, 1112, 1110, 1122, 1120, 1124, 212, 210, 214, 206, 230, 234, 46, 90, 92, 76, 78, 332, 334, 336, 329, 364, 365, 429, 441, 446, 459, 471, 474, 485, 487, 488, 811, 812, 814, 816, 819, 861, 863, 864, 866, 868, 891, 893, 895, 897, 899, 3140, 3142, 3144, 3146, 3148, 3170, 3172, 3174, 3177, 3178, 3440, 3442, 3444, 3447, 3448, 3470, 3472, 3475, 3486, 3488, 3710, 3704, 3708, 3709, 3804, 3805, 3809, 3843, 3846, 3844, 3852, 3850, 3851, 3693, 3694, 3697, 3902, 3904, 3908, 3928, 3951, 5037, 5039, 5052, 5055, 5067, 5301, 5305, 5096, 5099, 5324, 5413, 5414, 5412, 5198, 5423, 5425, 5436, 5435, 5437, 5290, 5269, 5289, 5285, 5287, 5279, 5502, 5503, 7177, 7173]",0.12822130000131438,success,,195.70541692437925,276.76925484227564,143.2843967666278,21.412733796654507,30.3895206602467,24.105769855732163
chi_clow_to_midway_0009,w_0009,grid_0_10,True,False,clow_to_midway,Clow International Airport to Midway International Airport,Clow International Airport,Midway International Airport,41.695923717435235,-88.12876224517822,41.7856116663475,-87.75331135429448,ohare_2026-03-07_1s_15nm_bbox,0.0,0.0,0.8,0.2,336,"[13722, 13720, 13707, 13483, 13482, 13480, 13646, 13644, 13629, 13652, 13654, 13657, 13659, 13683, 13684, 13664, 13666, 13559, 13558, 13556, 13566, 13563, 13561, 13543, 13545, 13544, 14712, 14479, 14477, 14485, 14473, 14472, 14458, 14457, 13384, 14450, 14427, 13354, 14422, 13349, 13345, 13342, 14190, 14169, 14191, 14405, 14403, 14400, 14176, 14153, 14151, 14136, 14125, 14132, 12897, 12895, 14051, 14028, 14025, 12867, 12865, 12863, 12794, 12790, 12768, 12764, 12824, 12821, 12589, 12587, 12585, 12584, 12581, 12580, 12548, 12464, 12462, 12460, 12427, 12443, 12299, 12416, 12418, 12417, 12502, 12179, 12159, 12156, 12154, 12160, 12136, 12132, 11119, 11118, 11113, 11101, 11100, 11102, 11121, 11120, 11122, 11002, 11000, 11001, 11010, 11012, 11011, 11020, 11021, 11221, 11220, 11222, 11212, 11210, 11211, 11202, 11200, 11201, 10101, 10102, 10100, 10122, 10121, 10120, 10111, 10112, 10110, 10020, 10021, 10000, 10001, 10002, 10010, 10012, 10011, 10210, 10212, 10211, 10200, 10201, 10202, 10220, 10222, 10221, 20010, 20012, 20011, 20000, 20001, 20002, 20021, 20020, 20101, 20102, 20100, 20122, 20120, 20123, 20110, 20112, 20111, 20222, 20220, 20223, 20211, 20210, 20212, 20202, 20200, 20201, 21030, 21031, 21012, 21010, 21011, 21001, 21000, 21002, 21021, 21022, 21020, 21202, 21201, 21200, 21211, 21212, 21210, 21110, 21112, 21111, 21120, 21121, 21101, 21100, 21102, 1000, 1002, 1001, 1012, 1010, 1011, 1030, 1031, 1032, 1020, 1022, 1021, 1210, 1211, 1212, 1201, 1202, 1200, 1131, 1130, 1102, 1101, 1100, 1111, 1112, 1110, 1122, 1120, 1124, 212, 210, 211, 204, 207, 231, 44, 47, 48, 74, 77, 89, 331, 333, 327, 361, 362, 426, 440, 443, 456, 458, 470, 483, 484, 487, 488, 811, 812, 814, 816, 819, 861, 863, 864, 866, 868, 891, 893, 895, 897, 899, 3140, 3142, 3144, 3146, 3148, 3170, 3172, 3174, 3177, 3178, 3440, 3442, 3444, 3447, 3448, 3470, 3472, 3475, 3486, 3488, 3710, 3704, 3708, 3709, 3804, 3805, 3809, 3843, 3846, 3844, 3852, 3850, 3851, 3693, 3694, 3697, 3902, 3904, 3908, 3928, 3951, 5037, 5039, 5052, 5055, 5067, 5301, 5305, 5096, 5099, 5324, 5413, 5414, 5412, 5198, 5423, 5425, 5436, 5435, 5437, 5294, 5295, 5516, 5518, 5540, 5530, 5508, 5503, 7177, 7173]",0.12624830000277143,success,,195.9983101431964,277.18346840465097,141.25863761762866,21.250894808944082,30.909179637245806,23.182551774604427
chi_clow_to_midway_0010,w_0010,grid_0_10,True,False,clow_to_midway,Clow International Airport to Midway International Airport,Clow International Airport,Midway International Airport,41.695923717435235,-88.12876224517822,41.7856116663475,-87.75331135429448,ohare_2026-03-07_1s_15nm_bbox,0.0,0.0,0.9,0.1,334,"[13722, 13720, 13707, 13483, 13482, 13480, 13646, 13644, 13629, 13652, 13654, 13657, 13659, 13683, 13684, 13664, 13666, 13559, 13558, 13556, 13566, 13563, 13561, 13543, 13545, 13544, 14712, 14479, 14477, 14485, 14473, 14472, 14458, 14457, 13384, 14450, 14427, 13354, 14422, 13349, 13345, 13342, 14190, 14169, 14191, 14405, 14403, 14400, 14176, 14153, 14151, 14136, 14125, 14132, 12897, 12895, 14051, 14028, 14025, 12867, 12865, 12863, 12794, 12790, 12768, 12764, 12824, 12821, 12589, 12587, 12585, 12584, 12581, 12580, 12548, 12464, 12462, 12460, 12427, 12443, 12299, 12416, 12418, 12417, 12502, 12179, 12159, 12156, 12154, 12160, 12136, 12132, 11119, 11118, 11113, 11101, 11100, 11102, 11121, 11120, 11122, 11002, 11000, 11001, 11010, 11012, 11011, 11020, 11021, 11221, 11220, 11222, 11212, 11210, 11211, 11202, 11200, 11201, 10101, 10102, 10100, 10122, 10121, 10120, 10111, 10112, 10110, 10020, 10021, 10000, 10001, 10002, 10010, 10012, 10011, 10210, 10212, 10211, 10200, 10201, 10202, 10220, 10222, 10221, 20010, 20012, 20011, 20000, 20001, 20002, 20021, 20020, 20101, 20102, 20100, 20122, 20120, 20123, 20110, 20112, 20111, 20222, 20220, 20223, 20211, 20210, 20212, 20202, 20200, 20201, 21030, 21031, 21012, 21010, 21011, 21001, 21000, 21002, 21021, 21022, 21020, 21202, 21201, 21200, 21211, 21212, 21210, 21110, 21112, 21111, 21120, 21121, 21101, 21100, 21102, 1000, 1002, 1001, 1012, 1010, 1011, 1030, 1031, 1032, 1020, 1022, 1021, 1210, 1211, 1212, 1201, 1202, 1200, 1131, 1130, 1102, 1101, 1100, 1111, 1112, 1110, 1122, 1120, 1124, 212, 213, 216, 209, 232, 237, 49, 93, 95, 79, 341, 335, 337, 351, 363, 367, 368, 442, 444, 449, 472, 473, 476, 486, 488, 811, 812, 814, 816, 819, 861, 863, 864, 866, 868, 891, 893, 895, 897, 899, 3140, 3142, 3144, 3146, 3148, 3170, 3172, 3174, 3177, 3178, 3440, 3442, 3444, 3447, 3449, 3470, 3472, 3475, 3486, 3488, 3710, 3704, 3708, 3709, 3804, 3805, 3809, 3843, 3846, 3844, 3852, 3850, 3851, 3693, 3694, 3697, 3902, 3904, 3908, 3928, 3951, 5037, 5039, 5052, 5055, 5067, 5301, 5305, 5096, 5099, 5324, 5413, 5414, 5412, 5198, 5423, 5425, 5436, 5435, 5437, 5294, 5295, 5516, 5518, 5540, 5530, 5508, 5503, 7177, 7173]",0.12604700000520097,success,,195.41252370556992,276.3550412799114,142.1506588449159,21.250894808944082,30.909179637245813,22.216723291774258
chi_clow_to_midway_0011,w_0011,grid_0_10,True,False,clow_to_midway,Clow International Airport to Midway International Airport,Clow International Airport,Midway International Airport,41.695923717435235,-88.12876224517822,41.7856116663475,-87.75331135429448,ohare_2026-03-07_1s_15nm_bbox,0.0,0.0,1.0,0.0,353,"[13722, 13720, 13707, 13483, 13481, 13458, 13465, 13452, 13450, 13426, 13424, 13409, 13408, 13404, 13263, 13239, 13260, 13246, 13244, 13245, 13252, 13251, 13308, 13309, 13306, 13093, 13091, 13067, 13064, 13062, 13059, 13056, 13042, 13040, 13015, 13013, 11689, 11687, 11676, 11675, 11671, 11648, 12834, 12832, 12833, 12599, 12598, 12594, 12592, 12567, 12564, 12580, 12548, 12464, 12462, 12460, 12427, 12443, 12299, 12416, 12414, 12412, 12178, 12175, 12159, 12156, 12154, 12160, 12136, 12132, 11119, 11118, 11113, 11101, 11100, 11102, 11121, 11120, 11122, 11002, 11000, 11001, 11010, 11012, 11011, 11020, 11021, 11221, 11220, 11222, 11212, 11210, 11211, 11202, 11200, 11201, 10101, 10102, 10100, 10122, 10121, 10120, 10111, 10112, 10110, 10020, 10021, 10000, 10001, 10002, 10010, 10012, 10011, 10210, 10212, 10211, 10200, 10201, 10202, 10220, 10222, 10221, 20010, 20012, 20011, 20000, 20001, 20002, 20021, 20020, 20101, 20102, 20100, 20122, 20120, 20123, 20110, 20112, 20111, 20222, 20220, 20223, 20211, 20210, 20212, 20202, 20200, 20201, 21030, 21031, 21012, 21010, 21011, 21001, 21000, 21002, 21021, 21022, 21020, 21202, 21201, 21200, 21211, 21212, 21210, 21110, 21112, 21111, 21120, 21121, 21101, 21100, 21102, 1000, 1002, 1001, 1012, 1010, 1011, 1030, 1031, 1032, 1020, 1022, 1021, 1210, 1211, 1212, 1201, 1202, 1200, 1131, 1130, 1102, 1101, 1100, 1111, 1112, 1110, 1122, 1120, 1124, 212, 213, 216, 209, 232, 237, 49, 93, 95, 79, 341, 335, 337, 351, 354, 366, 390, 382, 384, 389, 620, 635, 628, 641, 642, 645, 648, 672, 676, 677, 921, 923, 916, 919, 942, 955, 948, 992, 986, 988, 3220, 3235, 3226, 3229, 3253, 3245, 3180, 3181, 3184, 3189, 3421, 3423, 3427, 3429, 3463, 3456, 3459, 3493, 3546, 3497, 3702, 3705, 3707, 3719, 3734, 3736, 3753, 3755, 3757, 3758, 6000, 3795, 6004, 6020, 6009, 6031, 6029, 6052, 6037, 6059, 6071, 6073, 6077, 6400, 6402, 6405, 6408, 6431, 6433, 6460, 6439, 6454, 6456, 6459, 6473, 6475, 6478, 6711, 6498, 6499, 6751, 6735, 6736, 6770, 6664, 6665, 6690, 6681, 6684, 6682, 6904, 6903, 6902, 6815, 6814, 6812, 6589, 6596, 6595, 6820, 6577, 6572, 6549, 5687, 5683, 5661, 5659, 5654, 5642, 5619, 5616, 5701, 5477, 5474, 5467, 5468, 5466, 5490, 5491, 5456, 5298, 5299, 5516, 5518, 5540, 5530, 5508, 5509, 7179, 7176, 7173]",0.11705719999736175,success,,211.04330148061084,298.46029919965014,150.13513225579442,20.05911573364495,59.305108599809785,20.05911573364495
chi_clow_to_midway_0012,w_0012,grid_0_10,True,False,clow_to_midway,Clow International Airport to Midway International Airport,Clow International Airport,Midway International Airport,41.695923717435235,-88.12876224517822,41.7856116663475,-87.75331135429448,ohare_2026-03-07_1s_15nm_bbox,0.0,0.1,0.0,0.9,366,"[13722, 13726, 13739, 13753, 13754, 13758, 13791, 13825, 13829, 13853, 13864, 13865, 13869, 13883, 13884, 13889, 16119, 16140, 16127, 16129, 16152, 16155, 16158, 16192, 16194, 16287, 16512, 16515, 16517, 16425, 16426, 16435, 16439, 16452, 16455, 16459, 16492, 16495, 16497, 16830, 15804, 15806, 15808, 15834, 15836, 15838, 15861, 15854, 15866, 15869, 15894, 15885, 15888, 17111, 17115, 17119, 17160, 17144, 17147, 17170, 17192, 17196, 17410, 19401, 19406, 19407, 19429, 19451, 19453, 19455, 19456, 19459, 19700, 19701, 19704, 17718, 17741, 17745, 17728, 17770, 17775, 17755, 17780, 17782, 17786, 17787, 30013, 30014, 30017, 30060, 30064, 30067, 30090, 30092, 30095, 30098, 30303, 30323, 30327, 30351, 31197, 31199, 31419, 31442, 31445, 31437, 31482, 31484, 31468, 31469, 31704, 31705, 31708, 31741, 31726, 31728, 31751, 31755, 31756, 31759, 31794, 31797, 31798, 32756, 31915, 31914, 31916, 31906, 31907, 31931, 31928, 31929, 32856, 32860, 32893, 32887, 32889, 32888, 32878, 32880, 32879, 34441, 34443, 34445, 34434, 34448, 34452, 35440, 35443, 35445, 35479, 35481, 35492, 35495, 35497, 35622, 35624, 35627, 35727, 35731, 35732, 35776, 35780, 35779, 35772, 35922, 35925, 35159, 35160, 35158, 34957, 34956, 34949, 34947, 34922, 35107, 35106, 35109, 35142, 35146, 35147, 35135, 35136, 35137, 35039, 35040, 35038, 35178, 35052, 35051, 35054, 35055, 36591, 36613, 36592, 36641, 36600, 36596, 36572, 36571, 36570, 36480, 36479, 36484, 36507, 36508, 36511, 36620, 36623, 36624, 36422, 36421, 36404, 36402, 36378, 36386, 36382, 36379, 39273, 39271, 39269, 39061, 39059, 39054, 39043, 39010, 39006, 38834, 38809, 38807, 38795, 38781, 38779, 38740, 38738, 38708, 38706, 38705, 38691, 38687, 38685, 38672, 37438, 37435, 38563, 38328, 38325, 38333, 38319, 38317, 38304, 38271, 38269, 38222, 38227, 38223, 38211, 38232, 38216, 38214, 38215, 38126, 38125, 38124, 38116, 38114, 38115, 38135, 38132, 38097, 38094, 38081, 38078, 38077, 38072, 37929, 37927, 37924, 37900, 37898, 37896, 37893, 37890, 37887, 37884, 9989, 9986, 9983, 9980, 9966, 9963, 9960, 9937, 9934, 9931, 9688, 9686, 9681, 9669, 9667, 9663, 9651, 9629, 9569, 9567, 9565, 9556, 9554, 9551, 9549, 9548, 9547, 9468, 9465, 9467, 9457, 9454, 9450, 9427, 9423, 9420, 9189, 9185, 9181, 9169, 9402, 9178, 9175, 8370, 8329, 8348, 8345, 8340, 8319, 8315, 8312, 8087, 8086, 8082, 8090, 8069, 8065, 8072, 8071, 8038, 8034, 5881, 5859, 5855, 5837, 5836, 5817, 5813, 5599, 7458, 7453, 7451, 7429, 7425, 7422, 7415, 7195, 7192, 7191, 7178, 7173]",0.1357064999974682,success,,234.49862574335756,331.6311368816379,85.03148196443526,119.96573096849751,17.958460255501276,24.665762426394675
chi_clow_to_midway_0013,w_0013,grid_0_10,True,False,clow_to_midway,Clow International Airport to Midway International Airport,Clow International Airport,Midway International Airport,41.695923717435235,-88.12876224517822,41.7856116663475,-87.75331135429448,ohare_2026-03-07_1s_15nm_bbox,0.0,0.1,0.1,0.8,86,"[13722, 13709, 13708, 13495, 13493, 13494, 22633, 22635, 22638, 22609, 22650, 22625, 22623, 22624, 22614, 22615, 22613, 22710, 22299, 22711, 22724, 22728, 22726, 22543, 22545, 22547, 22563, 22566, 22801, 22592, 22591, 22590, 22575, 22573, 23770, 23747, 23771, 23760, 23739, 23735, 23717, 23718, 23716, 23583, 23558, 23556, 23564, 23560, 23562, 23366, 23369, 23603, 23622, 23623, 23650, 23655, 23657, 23665, 23669, 23900, 4580, 4581, 4585, 4577, 4591, 4595, 4738, 4739, 4764, 4775, 4779, 7013, 7031, 7032, 7040, 7045, 7046, 4897, 4899, 7122, 7118, 7133, 7136, 7149, 7171, 7173]",0.13035510000190698,success,,56.37615433950543,79.7279220607733,25.416735395379433,49.599380866128506,27.633650568969806,29.60853208132664
chi_clow_to_midway_0014,w_0014,grid_0_10,True,False,clow_to_midway,Clow International Airport to Midway International Airport,Clow International Airport,Midway International Airport,41.695923717435235,-88.12876224517822,41.7856116663475,-87.75331135429448,ohare_2026-03-07_1s_15nm_bbox,0.0,0.1,0.2,0.7,85,"[13722, 13709, 13708, 13495, 13493, 13494, 22633, 22635, 22638, 22609, 22650, 22625, 22623, 22624, 22614, 22615, 22613, 22710, 22299, 22711, 22724, 22728, 22726, 22543, 22545, 22547, 22563, 22566, 22801, 22592, 22591, 22593, 22575, 22573, 23774, 23776, 23773, 23764, 23765, 23761, 23757, 23780, 23781, 23824, 23826, 23830, 23843, 23844, 23846, 23927, 23960, 23965, 23980, 23981, 23992, 23997, 23999, 24117, 24141, 24143, 4951, 4953, 4957, 4971, 4973, 4975, 7088, 7211, 7216, 7243, 7244, 7274, 7277, 7280, 7292, 7297, 7299, 7416, 7414, 7415, 7195, 7192, 7191, 7178, 7173]",0.130142000001797,success,,54.84062043356778,77.55634918552876,22.4876564780773,47.033388243986,28.602336162780933,31.677078610551582
chi_clow_to_midway_0015,w_0015,grid_0_10,True,False,clow_to_midway,Clow International Airport to Midway International Airport,Clow International Airport,Midway International Airport,41.695923717435235,-88.12876224517822,41.7856116663475,-87.75331135429448,ohare_2026-03-07_1s_15nm_bbox,0.0,0.1,0.3,0.6,335,"[13722, 13720, 13730, 13486, 13488, 13646, 13644, 13629, 13626, 13613, 13609, 13605, 13288, 13289, 13396, 13395, 13392, 13501, 13366, 13367, 13356, 13355, 13354, 14427, 14429, 14428, 14415, 14414, 14416, 14437, 14436, 14433, 14339, 14189, 14184, 14181, 14159, 14157, 14087, 14085, 14084, 14064, 14060, 14049, 14056, 14041, 14040, 14016, 14002, 14000, 12787, 12773, 12774, 12772, 12667, 12666, 12661, 12729, 12727, 12723, 12499, 12498, 12483, 12482, 12457, 12466, 12463, 12460, 12427, 12443, 12299, 12298, 12413, 12410, 12269, 12174, 12173, 12171, 12153, 12150, 12134, 12131, 12106, 11114, 11111, 11110, 11101, 11100, 11102, 11121, 11120, 11122, 11002, 11000, 11001, 11010, 11012, 11011, 11020, 11021, 11221, 11220, 11222, 11212, 11210, 11211, 11202, 11200, 11201, 10101, 10102, 10103, 10127, 10151, 10154, 10137, 10133, 10119, 10027, 10025, 10004, 10006, 10031, 10044, 10019, 10017, 10214, 10217, 10219, 10209, 10230, 10231, 10241, 10244, 10242, 20043, 20045, 20047, 20037, 20035, 20033, 20029, 20026, 20107, 20104, 20103, 20125, 20124, 20123, 20114, 20113, 20115, 20227, 20240, 20242, 20235, 20236, 20270, 20257, 20255, 20253, 21036, 21035, 21015, 21010, 21011, 21001, 21000, 21002, 21021, 21022, 21020, 21202, 21201, 21200, 21211, 21212, 21210, 21110, 21112, 21111, 21120, 21121, 21101, 21103, 21105, 1003, 1005, 1004, 1015, 1013, 1017, 1050, 1051, 1052, 1074, 1076, 1079, 1226, 1222, 1221, 1207, 1209, 1139, 1138, 1135, 1105, 1101, 1100, 1111, 1112, 1110, 1122, 1120, 1124, 215, 213, 214, 201, 200, 202, 0, 3, 6, 37, 38, 67, 68, 69, 300, 303, 304, 165, 164, 166, 173, 139, 136, 152, 155, 156, 159, 401, 402, 405, 406, 409, 431, 433, 434, 437, 438, 480, 482, 484, 487, 488, 811, 812, 814, 816, 819, 861, 863, 864, 866, 868, 891, 893, 895, 897, 899, 3140, 3142, 3144, 3146, 3148, 3170, 3172, 3174, 3177, 3178, 3440, 3443, 3416, 3460, 3461, 3454, 3455, 3490, 3543, 3518, 3516, 3527, 3529, 3528, 3560, 3564, 3567, 3632, 3634, 3636, 3628, 3671, 3656, 3659, 3682, 2786, 2788, 2790, 5004, 5008, 5021, 5044, 5045, 5048, 5150, 5151, 5154, 5172, 5174, 5178, 5401, 5403, 5405, 5266, 5267, 5286, 5285, 5287, 5501, 5505, 5503, 7177, 7173]",0.13610749999497784,success,,203.2859421677502,287.4897364512826,80.2698799248679,27.534455162931604,26.06092087331945,31.923877065357942
chi_clow_to_midway_0016,w_0016,grid_0_10,True,False,clow_to_midway,Clow International Airport to Midway International Airport,Clow International Airport,Midway International Airport,41.695923717435235,-88.12876224517822,41.7856116663475,-87.75331135429448,ohare_2026-03-07_1s_15nm_bbox,0.0,0.1,0.4,0.5,335,"[13722, 13720, 13730, 13486, 13488, 13646, 13644, 13629, 13626, 13613, 13609, 13605, 13288, 13289, 13396, 13395, 13392, 13501, 13366, 13367, 13356, 13355, 13354, 14427, 14429, 14428, 14415, 14414, 14416, 14437, 14436, 14433, 14339, 14189, 14184, 14181, 14159, 14157, 14087, 14085, 14084, 14064, 14060, 14049, 14056, 14041, 14040, 14016, 14002, 14000, 12787, 12784, 12782, 12758, 12756, 12752, 12750, 12717, 12713, 12723, 12499, 12498, 12483, 12482, 12457, 12466, 12463, 12460, 12427, 12443, 12299, 12298, 12413, 12410, 12269, 12174, 12173, 12171, 12153, 12150, 12134, 12131, 12106, 11114, 11111, 11110, 11101, 11100, 11102, 11121, 11120, 11122, 11002, 11000, 11001, 11010, 11012, 11011, 11020, 11021, 11221, 11220, 11222, 11212, 11210, 11211, 11202, 11200, 11201, 10101, 10102, 10103, 10127, 10151, 10154, 10137, 10133, 10119, 10027, 10025, 10004, 10006, 10031, 10044, 10019, 10017, 10214, 10217, 10219, 10209, 10230, 10231, 10241, 10244, 10242, 20043, 20045, 20047, 20037, 20035, 20033, 20029, 20026, 20107, 20104, 20103, 20125, 20124, 20123, 20114, 20113, 20115, 20227, 20240, 20242, 20235, 20236, 20270, 20257, 20255, 20253, 21036, 21035, 21015, 21010, 21011, 21001, 21000, 21002, 21021, 21022, 21020, 21202, 21201, 21200, 21211, 21212, 21210, 21110, 21112, 21111, 21120, 21121, 21101, 21103, 21105, 1003, 1005, 1004, 1015, 1013, 1017, 1050, 1051, 1052, 1074, 1076, 1079, 1226, 1222, 1221, 1207, 1209, 1139, 1138, 1135, 1105, 1101, 1100, 1111, 1112, 1110, 1122, 1120, 1124, 215, 213, 214, 201, 200, 202, 0, 3, 6, 37, 38, 67, 68, 69, 300, 303, 304, 165, 164, 166, 173, 139, 136, 152, 155, 156, 159, 401, 402, 405, 406, 409, 431, 433, 434, 437, 438, 480, 482, 484, 487, 488, 811, 812, 814, 816, 819, 861, 863, 864, 866, 868, 891, 893, 895, 897, 899, 3140, 3142, 3144, 3146, 3148, 3170, 3172, 3174, 3177, 3178, 3440, 3443, 3416, 3417, 3461, 3454, 3455, 3490, 3543, 3518, 3516, 3527, 3529, 3528, 3560, 3564, 3567, 3632, 3634, 3636, 3628, 3671, 3656, 3659, 3682, 2786, 2788, 2790, 5004, 5008, 5021, 5044, 5045, 5048, 5150, 5151, 5154, 5172, 5174, 5178, 5401, 5403, 5405, 5266, 5267, 5286, 5285, 5287, 5501, 5505, 5503, 7177, 7173]",0.13474869999481598,success,,202.87172860537405,286.9039500136558,80.4918235571163,27.46312037014131,26.060758720279665,32.06480986390799
chi_clow_to_midway_0017,w_0017,grid_0_10,True,False,clow_to_midway,Clow International Airport to Midway International Airport,Clow International Airport,Midway International Airport,41.695923717435235,-88.12876224517822,41.7856116663475,-87.75331135429448,ohare_2026-03-07_1s_15nm_bbox,0.0,0.1,0.5,0.4,340,"[13722, 13720, 13730, 13486, 13488, 13646, 13644, 13629, 13626, 13613, 13609, 13605, 13288, 13289, 13396, 13395, 13392, 13501, 13366, 13367, 13356, 13355, 13354, 14427, 14429, 14428, 14415, 14414, 14416, 14437, 14436, 14433, 14339, 14189, 14184, 14181, 14159, 14157, 14087, 14085, 14084, 14064, 14060, 14049, 14056, 14041, 14040, 14016, 14002, 14000, 12787, 12784, 12782, 12758, 12756, 12752, 12750, 12717, 12713, 12723, 12499, 12498, 12483, 12482, 12457, 12466, 12463, 12460, 12427, 12443, 12299, 12298, 12413, 12410, 12269, 12174, 12173, 12171, 12153, 12150, 12134, 12131, 12106, 11114, 11111, 11110, 11101, 11100, 11102, 11121, 11120, 11122, 11002, 11000, 11001, 11010, 11012, 11011, 11020, 11021, 11221, 11220, 11222, 11212, 11210, 11211, 11202, 11200, 11201, 10101, 10102, 10103, 10127, 10151, 10154, 10137, 10133, 10119, 10027, 10025, 10004, 10006, 10031, 10044, 10019, 10017, 10214, 10217, 10219, 10209, 10230, 10231, 10241, 10244, 10242, 20043, 20045, 20047, 20037, 20035, 20033, 20029, 20026, 20107, 20104, 20103, 20125, 20124, 20123, 20114, 20113, 20115, 20227, 20240, 20242, 20235, 20236, 20270, 20257, 20255, 20253, 21036, 21035, 21015, 21010, 21011, 21001, 21000, 21002, 21021, 21022, 21020, 21202, 21201, 21200, 21211, 21212, 21210, 21110, 21112, 21111, 21120, 21121, 21101, 21103, 21105, 1003, 1005, 1004, 1015, 1013, 1017, 1050, 1051, 1052, 1074, 1076, 1079, 1226, 1222, 1221, 1207, 1209, 1139, 1138, 1135, 1105, 1101, 1100, 1111, 1112, 1110, 1122, 1120, 1124, 215, 213, 214, 201, 200, 202, 0, 3, 6, 37, 38, 67, 68, 69, 300, 303, 304, 165, 164, 166, 173, 139, 136, 152, 155, 156, 159, 401, 402, 405, 406, 409, 431, 433, 434, 437, 438, 480, 482, 484, 487, 488, 811, 812, 814, 816, 819, 861, 863, 864, 866, 868, 891, 893, 895, 897, 899, 3140, 3142, 3144, 3146, 3148, 3170, 3172, 3174, 3177, 3178, 3440, 3442, 3444, 3446, 3448, 3471, 3480, 3482, 3484, 3498, 3702, 3705, 3706, 3800, 3802, 3806, 3840, 3842, 3844, 3852, 3850, 3854, 3698, 3910, 3914, 3906, 3940, 3944, 3952, 3954, 5051, 5054, 5055, 5067, 5301, 5305, 5096, 5099, 5324, 5413, 5189, 5412, 5198, 5423, 5425, 5436, 5435, 5437, 5290, 5269, 5289, 5285, 5287, 5501, 5505, 5503, 7177, 7173]",0.1367515000019921,success,,205.1646218241854,290.1465907007478,81.97558189601125,23.463772391835704,29.37612478516378,31.67989429958449
chi_clow_to_midway_0018,w_0018,grid_0_10,True,False,clow_to_midway,Clow International Airport to Midway International Airport,Clow International Airport,Midway International Airport,41.695923717435235,-88.12876224517822,41.7856116663475,-87.75331135429448,ohare_2026-03-07_1s_15nm_bbox,0.0,0.1,0.6,0.3,339,"[13722, 13720, 13730, 13486, 13488, 13646, 13644, 13629, 13626, 13613, 13609, 13605, 13288, 13289, 13396, 13395, 13392, 13501, 13366, 13367, 13356, 13355, 13351, 13349, 13345, 13342, 14190, 14169, 14191, 14401, 14177, 14174, 14171, 14127, 14125, 14132, 12897, 12895, 14051, 14028, 14025, 12867, 12865, 12863, 12794, 12790, 12795, 12788, 12784, 12782, 12758, 12756, 12752, 12750, 12717, 12713, 12723, 12499, 12498, 12483, 12482, 12457, 12466, 12463, 12460, 12427, 12443, 12299, 12298, 12413, 12410, 12269, 12174, 12173, 12171, 12153, 12150, 12134, 12131, 12106, 11114, 11111, 11110, 11101, 11100, 11102, 11121, 11120, 11122, 11002, 11000, 11001, 11010, 11012, 11011, 11020, 11021, 11221, 11220, 11222, 11212, 11210, 11211, 11202, 11200, 11201, 10101, 10102, 10103, 10127, 10151, 10154, 10137, 10133, 10119, 10027, 10025, 10004, 10006, 10031, 10044, 10019, 10017, 10214, 10217, 10219, 10209, 10230, 10231, 10241, 10244, 10242, 20043, 20045, 20047, 20037, 20035, 20033, 20029, 20026, 20107, 20104, 20103, 20125, 20124, 20123, 20114, 20113, 20115, 20227, 20240, 20242, 20235, 20236, 20270, 20257, 20255, 20253, 21036, 21035, 21015, 21010, 21011, 21001, 21000, 21002, 21021, 21022, 21020, 21202, 21201, 21200, 21211, 21212, 21210, 21110, 21112, 21111, 21120, 21121, 21101, 21103, 21105, 1003, 1005, 1004, 1015, 1013, 1017, 1050, 1051, 1052, 1074, 1076, 1079, 1226, 1222, 1221, 1207, 1209, 1139, 1138, 1135, 1105, 1101, 1100, 1111, 1112, 1110, 1122, 1120, 1124, 215, 213, 214, 201, 200, 202, 0, 3, 6, 37, 38, 67, 68, 69, 300, 303, 304, 165, 164, 166, 173, 139, 136, 152, 155, 156, 159, 401, 402, 405, 406, 409, 431, 433, 434, 437, 438, 480, 482, 484, 487, 488, 811, 812, 814, 816, 819, 861, 863, 864, 866, 868, 891, 893, 895, 897, 899, 3140, 3142, 3144, 3146, 3148, 3170, 3172, 3174, 3177, 3178, 3440, 3442, 3444, 3446, 3448, 3471, 3480, 3482, 3484, 3498, 3702, 3705, 3706, 3800, 3802, 3806, 3809, 3843, 3846, 3844, 3852, 3850, 3851, 3693, 3694, 3697, 3902, 3904, 3907, 3941, 3950, 3953, 5050, 5052, 5055, 5067, 5301, 5305, 5096, 5099, 5324, 5413, 5189, 5412, 5198, 5423, 5425, 5436, 5435, 5437, 5290, 5269, 5289, 5285, 5287, 5501, 5505, 5503, 7177, 7173]",0.13320430000021588,success,,203.6290879182515,287.97501782550853,86.77058816184,22.070923422087198,30.43202017956499,31.049218923305816
chi_clow_to_midway_0019,w_0019,grid_0_10,True,False,clow_to_midway,Clow International Airport to Midway International Airport,Clow International Airport,Midway International Airport,41.695923717435235,-88.12876224517822,41.7856116663475,-87.75331135429448,ohare_2026-03-07_1s_15nm_bbox,0.0,0.1,0.7,0.2,339,"[13722, 13720, 13730, 13486, 13488, 13646, 13644, 13629, 13626, 13613, 13609, 13605, 13288, 13289, 13396, 13395, 13392, 13501, 13366, 13367, 13356, 13355, 13351, 13349, 13345, 13342, 14190, 14169, 14191, 14401, 14177, 14174, 14171, 14127, 14125, 14132, 12897, 12895, 14051, 14028, 14025, 12867, 12865, 12863, 12794, 12790, 12795, 12788, 12784, 12782, 12758, 12756, 12752, 12750, 12717, 12713, 12723, 12499, 12498, 12483, 12482, 12457, 12466, 12463, 12460, 12427, 12443, 12299, 12298, 12413, 12410, 12269, 12174, 12173, 12171, 12153, 12150, 12134, 12131, 12106, 11114, 11111, 11110, 11101, 11100, 11102, 11121, 11120, 11122, 11002, 11000, 11001, 11010, 11012, 11011, 11020, 11021, 11221, 11220, 11222, 11212, 11210, 11211, 11202, 11200, 11201, 10101, 10102, 10103, 10127, 10151, 10154, 10137, 10133, 10119, 10027, 10025, 10004, 10006, 10031, 10044, 10019, 10017, 10214, 10217, 10219, 10209, 10230, 10231, 10241, 10244, 10242, 20043, 20045, 20047, 20037, 20035, 20033, 20029, 20026, 20107, 20104, 20103, 20125, 20124, 20123, 20114, 20113, 20115, 20227, 20240, 20242, 20235, 20236, 20270, 20257, 20255, 20253, 21036, 21035, 21015, 21010, 21011, 21001, 21000, 21002, 21021, 21022, 21020, 21202, 21201, 21200, 21211, 21212, 21210, 21110, 21112, 21111, 21120, 21121, 21101, 21103, 21105, 1003, 1005, 1004, 1015, 1013, 1017, 1050, 1051, 1052, 1074, 1076, 1079, 1226, 1222, 1221, 1207, 1209, 1139, 1138, 1135, 1105, 1101, 1100, 1111, 1112, 1110, 1122, 1120, 1124, 215, 213, 214, 201, 200, 202, 0, 3, 6, 37, 38, 67, 68, 69, 300, 303, 304, 165, 164, 166, 173, 139, 136, 152, 155, 156, 159, 401, 402, 405, 406, 409, 431, 433, 434, 437, 438, 480, 482, 484, 487, 488, 811, 812, 814, 816, 819, 861, 863, 864, 866, 868, 891, 893, 895, 897, 899, 3140, 3142, 3144, 3146, 3148, 3170, 3172, 3174, 3177, 3178, 3440, 3442, 3444, 3446, 3449, 3471, 3480, 3482, 3484, 3498, 3702, 3705, 3706, 3800, 3802, 3806, 3809, 3843, 3846, 3844, 3852, 3850, 3851, 3693, 3694, 3697, 3902, 3904, 3907, 3941, 3950, 3953, 5050, 5052, 5055, 5067, 5301, 5305, 5096, 5099, 5324, 5413, 5189, 5412, 5198, 5423, 5425, 5436, 5435, 5437, 5294, 5295, 5516, 5518, 5540, 5530, 5508, 5503, 7177, 7173]",0.13176020000537392,success,,203.62908791825467,287.97501782551296,86.77058816184,21.82561627800224,30.9516791565641,30.14532604209839
chi_clow_to_midway_0020,w_0020,grid_0_10,True,False,clow_to_midway,Clow International Airport to Midway International Airport,Clow International Airport,Midway International Airport,41.695923717435235,-88.12876224517822,41.7856116663475,-87.75331135429448,ohare_2026-03-07_1s_15nm_bbox,0.0,0.1,0.8,0.1,378,"[13722, 13720, 13730, 13486, 13488, 13646, 13644, 13629, 13626, 13613, 13609, 13605, 13288, 13289, 13396, 13395, 13392, 13501, 13366, 13367, 13356, 13355, 13351, 13349, 13345, 13342, 14190, 14169, 14191, 14401, 14177, 14174, 14171, 14127, 14125, 14132, 12897, 12895, 14051, 14028, 14025, 12867, 12865, 12863, 12794, 12790, 12795, 12788, 12784, 12782, 12758, 12756, 12752, 12750, 12717, 12713, 12723, 12499, 12498, 12483, 12482, 12457, 12466, 12463, 12460, 12427, 12443, 12299, 12298, 12413, 12410, 12269, 12174, 12173, 12171, 12153, 12150, 12134, 12131, 12106, 11114, 11111, 11110, 11101, 11100, 11102, 11121, 11120, 11122, 11002, 11000, 11001, 11010, 11012, 11011, 11020, 11021, 11221, 11220, 11222, 11212, 11210, 11211, 11202, 11200, 11201, 10101, 10102, 10103, 10127, 10151, 10154, 10137, 10133, 10119, 10027, 10025, 10004, 10006, 10031, 10044, 10019, 10017, 10214, 10217, 10219, 10209, 10230, 10231, 10241, 10244, 10242, 20043, 20045, 20047, 20037, 20035, 20033, 20029, 20026, 20107, 20104, 20103, 20125, 20124, 20123, 20114, 20113, 20115, 20227, 20240, 20242, 20235, 20236, 20270, 20257, 20255, 20253, 21036, 21035, 21015, 21010, 21011, 21001, 21000, 21002, 21021, 21022, 21020, 21202, 21201, 21200, 21211, 21212, 21210, 21110, 21112, 21111, 21120, 21121, 21101, 21103, 21105, 1003, 1005, 1004, 1015, 1013, 1017, 1050, 1051, 1052, 1074, 1076, 1079, 1226, 1222, 1221, 1207, 1209, 1139, 1138, 1135, 1105, 1101, 1100, 1111, 1112, 1110, 1122, 1120, 1124, 215, 213, 214, 201, 200, 202, 0, 3, 6, 37, 38, 67, 68, 69, 300, 303, 304, 165, 164, 166, 173, 139, 136, 152, 155, 156, 159, 401, 402, 405, 406, 409, 431, 433, 434, 437, 438, 480, 482, 484, 487, 488, 811, 812, 814, 816, 819, 861, 863, 864, 866, 868, 891, 893, 895, 897, 899, 3140, 3142, 3144, 3146, 3148, 3170, 3172, 3174, 3177, 3178, 3440, 3442, 3444, 3446, 3448, 3470, 3472, 3474, 3477, 3478, 3720, 3722, 3724, 3726, 3728, 3750, 3752, 3755, 3757, 3759, 6001, 6002, 6005, 6007, 6008, 6030, 6032, 6034, 6036, 6038, 6070, 6073, 6077, 6079, 6402, 6405, 6408, 6432, 6434, 6437, 6451, 6453, 6456, 6459, 6473, 6475, 6477, 6712, 6714, 6499, 6751, 6735, 6736, 6770, 6664, 6665, 6690, 6681, 6684, 6682, 6904, 6903, 6902, 6815, 6811, 6589, 6596, 6595, 6820, 6577, 6572, 6549, 5687, 5683, 5661, 5659, 5654, 5642, 5619, 5616, 5701, 5477, 5474, 5467, 5468, 5466, 5490, 5491, 5456, 5298, 5299, 5516, 5518, 5540, 5530, 5508, 5503, 7177, 7173]",0.12839050000184216,success,,222.50776757469936,314.67350263515505,81.99972056007459,20.91915135311845,41.91120477196837,29.126413615699054
chi_clow_to_midway_0021,w_0021,grid_0_10,True,False,clow_to_midway,Clow International Airport to Midway International Airport,Clow International Airport,Midway International Airport,41.695923717435235,-88.12876224517822,41.7856116663475,-87.75331135429448,ohare_2026-03-07_1s_15nm_bbox,0.0,0.1,0.9,0.0,369,"[13722, 13720, 13707, 13483, 13481, 13458, 13465, 13462, 13438, 13426, 13424, 13409, 13408, 13404, 13263, 13239, 13260, 13246, 13244, 13245, 13252, 13251, 13308, 13309, 13306, 13093, 13091, 13067, 13064, 13062, 13059, 13056, 13042, 13040, 13016, 13014, 11689, 11687, 11676, 11675, 11671, 11648, 12834, 12832, 12833, 12599, 12598, 12594, 12592, 12567, 12564, 12580, 12548, 12464, 12462, 12460, 12427, 12443, 12299, 12298, 12413, 12410, 12269, 12174, 12173, 12149, 12151, 12128, 12130, 12107, 12103, 11112, 11111, 11110, 11101, 11100, 11102, 11121, 11120, 11122, 11002, 11000, 11001, 11010, 11012, 11011, 11020, 11021, 11221, 11220, 11222, 11212, 11210, 11211, 11202, 11200, 11201, 10101, 10102, 10103, 10127, 10151, 10154, 10137, 10133, 10119, 10027, 10025, 10004, 10006, 10031, 10044, 10019, 10017, 10214, 10217, 10219, 10209, 10230, 10231, 10241, 10244, 10242, 20043, 20045, 20047, 20037, 20035, 20033, 20029, 20026, 20107, 20104, 20103, 20125, 20124, 20123, 20114, 20113, 20115, 20227, 20240, 20242, 20235, 20236, 20270, 20257, 20255, 20253, 21036, 21035, 21015, 21010, 21011, 21001, 21000, 21002, 21021, 21022, 21020, 21202, 21201, 21200, 21211, 21212, 21210, 21110, 21112, 21111, 21120, 21121, 21101, 21103, 21105, 1003, 1005, 1004, 1015, 1013, 1017, 1050, 1051, 1052, 1074, 1076, 1079, 1226, 1222, 1221, 1207, 1209, 1139, 1138, 1135, 1105, 1101, 1100, 1111, 1112, 1110, 1122, 1120, 1124, 215, 213, 214, 201, 200, 202, 0, 3, 6, 37, 38, 67, 68, 69, 300, 303, 304, 165, 164, 166, 173, 139, 136, 152, 155, 156, 159, 401, 402, 405, 406, 409, 431, 433, 434, 437, 438, 480, 482, 484, 487, 489, 811, 813, 814, 817, 818, 861, 863, 865, 867, 869, 891, 892, 895, 896, 899, 3140, 3143, 3144, 3147, 3149, 3170, 3173, 3174, 3177, 3178, 3440, 3442, 3444, 3446, 3449, 3471, 3472, 3474, 3476, 3479, 3720, 3722, 3724, 3726, 3728, 3750, 3752, 3755, 3757, 3759, 6001, 6002, 6005, 6007, 6008, 6030, 6032, 6034, 6036, 6038, 6070, 6073, 6077, 6079, 6402, 6405, 6408, 6431, 6433, 6460, 6439, 6454, 6456, 6459, 6473, 6475, 6478, 6711, 6498, 6499, 6751, 6735, 6736, 6770, 6664, 6665, 6690, 6681, 6684, 6682, 6904, 6903, 6902, 6815, 6811, 6589, 6596, 6595, 6820, 6577, 6572, 6549, 5687, 5683, 5661, 5659, 5654, 5642, 5619, 5616, 5701, 5477, 5474, 5467, 5468, 5466, 5490, 5491, 5456, 5298, 5299, 5516, 5518, 5540, 5530, 5508, 5503, 7177, 7173]",0.1223563000021386,success,,221.03402889158662,312.58932140211897,86.23376763022435,20.284104187321656,56.801869389743445,26.879070531611926
chi_clow_to_midway_0022,w_0022,grid_0_10,True,False,clow_to_midway,Clow International Airport to Midway International Airport,Clow International Airport,Midway International Airport,41.695923717435235,-88.12876224517822,41.7856116663475,-87.75331135429448,ohare_2026-03-07_1s_15nm_bbox,0.0,0.2,0.0,0.8,85,"[13722, 13721, 13498, 13493, 13494, 22633, 22635, 22634, 22609, 22650, 22625, 22623, 22624, 22614, 22615, 22613, 22297, 22299, 22294, 22706, 22709, 22721, 22543, 22545, 22544, 22563, 22564, 22565, 22554, 22553, 22555, 23729, 23728, 23746, 23747, 23748, 23760, 23739, 23738, 23751, 23718, 23716, 23583, 23558, 23556, 23564, 23560, 23562, 23366, 23369, 23603, 23622, 23623, 23650, 23655, 23657, 23665, 23669, 23900, 4580, 4581, 4585, 4577, 4591, 4595, 4738, 4739, 4764, 4775, 4779, 7013, 7031, 7032, 7040, 7045, 7046, 4897, 4899, 7122, 7118, 7133, 7136, 7149, 7171, 7173]",0.1264655999984825,success,,53.59797974644821,75.7989898726607,25.158789501933292,51.98005337383477,27.614967382137202,27.123731806096423
chi_clow_to_midway_0023,w_0023,grid_0_10,True,False,clow_to_midway,Clow International Airport to Midway International Airport,Clow International Airport,Midway International Airport,41.695923717435235,-88.12876224517822,41.7856116663475,-87.75331135429448,ohare_2026-03-07_1s_15nm_bbox,0.0,0.2,0.1,0.7,84,"[13722, 13721, 13498, 13493, 13494, 22633, 22635, 22638, 22609, 22650, 22625, 22623, 22624, 22614, 22615, 22613, 22710, 22299, 22711, 22724, 22728, 22726, 22543, 22545, 22547, 22563, 22566, 22801, 22592, 22591, 22590, 22575, 22573, 23774, 23776, 23773, 23764, 23765, 23761, 23757, 23780, 23781, 23824, 23826, 23830, 23843, 23844, 23846, 23927, 23960, 23965, 23980, 23981, 23992, 23997, 23999, 24117, 24141, 24143, 4951, 4953, 4957, 4971, 4973, 4975, 7088, 7211, 7216, 7243, 7244, 7274, 7277, 7280, 7292, 7297, 7299, 7416, 7417, 7415, 7195, 7192, 7191, 7178, 7173]",0.12611849999666447,success,,54.961940777130756,77.72792206078601,22.229710584631157,47.36236550156104,28.593793856378902,29.197834366547568
chi_clow_to_midway_0024,w_0024,grid_0_10,True,False,clow_to_midway,Clow International Airport to Midway International Airport,Clow International Airport,Midway International Airport,41.695923717435235,-88.12876224517822,41.7856116663475,-87.75331135429448,ohare_2026-03-07_1s_15nm_bbox,0.0,0.2,0.2,0.6,85,"[13722, 13709, 13708, 13495, 13493, 13494, 22633, 22635, 22638, 22609, 22650, 22625, 22623, 22624, 22614, 22615, 22613, 22710, 22299, 22711, 22724, 22728, 22726, 22543, 22545, 22547, 22563, 22566, 22801, 22592, 22591, 22593, 22575, 22573, 23774, 23776, 23773, 23764, 23765, 23761, 23757, 23780, 23781, 23824, 23826, 23830, 23843, 23844, 23846, 23927, 23960, 23965, 23980, 23981, 23992, 23997, 23999, 24117, 24141, 24143, 4951, 4953, 4957, 4971, 4973, 4975, 7088, 7211, 7216, 7243, 7244, 7274, 7277, 7280, 7292, 7297, 7299, 7416, 7414, 7415, 7195, 7192, 7191, 7178, 7173]",0.12804280000273138,success,,54.84062043356778,77.55634918552876,22.4876564780773,47.033388243986,28.602336162780933,31.06561064208122
chi_clow_to_midway_0025,w_0025,grid_0_10,True,False,clow_to_midway,Clow International Airport to Midway International Airport,Clow International Airport,Midway International Airport,41.695923717435235,-88.12876224517822,41.7856116663475,-87.75331135429448,ohare_2026-03-07_1s_15nm_bbox,0.0,0.2,0.3,0.5,85,"[13722, 13709, 13708, 13495, 13493, 13494, 22633, 22635, 22638, 22609, 22650, 22625, 22623, 22624, 22614, 22615, 22613, 22713, 22718, 22731, 22743, 22741, 22742, 22585, 22587, 22582, 22569, 22800, 22801, 22592, 22591, 22593, 22575, 22573, 23774, 23776, 23773, 23764, 23765, 23761, 23754, 23750, 23719, 23585, 23589, 23590, 23804, 23806, 23809, 23673, 23677, 23678, 23689, 23931, 23918, 23919, 23951, 23949, 23973, 23974, 4912, 4915, 4918, 4942, 4945, 4948, 7062, 7063, 7067, 7201, 7202, 7095, 7099, 7098, 7078, 7233, 7232, 7129, 7128, 7151, 7137, 7139, 7162, 7170, 7173]",0.12768009999854257,success,,54.426406871191936,76.97056274790232,23.79403790106516,43.648582956908605,29.443004628088772,32.57488478133
chi_clow_to_midway_0026,w_0026,grid_0_10,True,False,clow_to_midway,Clow International Airport to Midway International Airport,Clow International Airport,Midway International Airport,41.695923717435235,-88.12876224517822,41.7856116663475,-87.75331135429448,ohare_2026-03-07_1s_15nm_bbox,0.0,0.2,0.4,0.4,85,"[13722, 13709, 13708, 13495, 13493, 13494, 22633, 22635, 22638, 22609, 22650, 22625, 22623, 22624, 22614, 22615, 22613, 22713, 22718, 22731, 22743, 22741, 22742, 22585, 22587, 22582, 22569, 22800, 22801, 22592, 22591, 22593, 22575, 22573, 23774, 23776, 23773, 23764, 23765, 23761, 23754, 23750, 23719, 23585, 23589, 23590, 23804, 23806, 23809, 23673, 23677, 23678, 23689, 23931, 23918, 23919, 23951, 23949, 23973, 23974, 4912, 4913, 4914, 4925, 4928, 4943, 7005, 7008, 7060, 7055, 7056, 7059, 7094, 7097, 7078, 7233, 7232, 7129, 7128, 7151, 7137, 7139, 7162, 7170, 7173]",0.1291196999954991,success,,54.426406871192604,76.97056274790324,23.556292580960168,43.359598467306306,29.722546108759357,33.9441163466183
chi_clow_to_midway_0027,w_0027,grid_0_10,True,False,clow_to_midway,Clow International Airport to Midway International Airport,Clow International Airport,Midway International Airport,41.695923717435235,-88.12876224517822,41.7856116663475,-87.75331135429448,ohare_2026-03-07_1s_15nm_bbox,0.0,0.2,0.5,0.3,85,"[13722, 13709, 13708, 13495, 13493, 13494, 22633, 22635, 22638, 22653, 22656, 22671, 22670, 22626, 22616, 22615, 22613, 22713, 22718, 22731, 22743, 22741, 22742, 22585, 22587, 22582, 22569, 22800, 22801, 22592, 22591, 22593, 22575, 22573, 23774, 23776, 23773, 23764, 23765, 23761, 23754, 23750, 23719, 23588, 23592, 23593, 23807, 23810, 23809, 23673, 23677, 23678, 23689, 23931, 23918, 23919, 23951, 23949, 23973, 23974, 4912, 4913, 4914, 4925, 4928, 4943, 7005, 7008, 7060, 7055, 7056, 7059, 7094, 7097, 7078, 7233, 7232, 7150, 7155, 7151, 7137, 7139, 7162, 7170, 7173]",0.13115310000284808,success,,55.25483399593868,78.14213562314815,26.559039667133682,41.688298642996486,30.163130143604473,35.20489629800632
chi_clow_to_midway_0028,w_0028,grid_0_10,True,False,clow_to_midway,Clow International Airport to Midway International Airport,Clow International Airport,Midway International Airport,41.695923717435235,-88.12876224517822,41.7856116663475,-87.75331135429448,ohare_2026-03-07_1s_15nm_bbox,0.0,0.2,0.6,0.2,86,"[13722, 13709, 13708, 13495, 13490, 13478, 22495, 22493, 22468, 22456, 22454, 22429, 22435, 22437, 22472, 22476, 22478, 22296, 22299, 22711, 22724, 22728, 22726, 22543, 22545, 22547, 22563, 22566, 22801, 22592, 22591, 22593, 22575, 22573, 23774, 23776, 23773, 23764, 23765, 23761, 23754, 23750, 23719, 23588, 23592, 23593, 23807, 23810, 23809, 23673, 23677, 23678, 23689, 23931, 23933, 23950, 23953, 23958, 23975, 23978, 23974, 4912, 4913, 4914, 4925, 4928, 4943, 7005, 7008, 7060, 7055, 7056, 7059, 7094, 7097, 7078, 7233, 7232, 7150, 7155, 7151, 7137, 7139, 7162, 7170, 7173]",0.13164300000062212,success,,57.20458146424529,80.89949493600942,22.61413956435636,40.32248488171112,36.79669495636017,36.07565783316998
chi_clow_to_midway_0029,w_0029,grid_0_10,True,False,clow_to_midway,Clow International Airport to Midway International Airport,Clow International Airport,Midway International Airport,41.695923717435235,-88.12876224517822,41.7856116663475,-87.75331135429448,ohare_2026-03-07_1s_15nm_bbox,0.0,0.2,0.7,0.1,381,"[13722, 13720, 13730, 13486, 13488, 13646, 13644, 13629, 13626, 13613, 13609, 13605, 13288, 13289, 13396, 13395, 13392, 13501, 13366, 13367, 13356, 13355, 13354, 14427, 14429, 14428, 14415, 14414, 14416, 14437, 14436, 14433, 14339, 14189, 14184, 14181, 14159, 14157, 14087, 14085, 14084, 14064, 14060, 14049, 14056, 14041, 14040, 14016, 14002, 14000, 12787, 12784, 12782, 12758, 12756, 12752, 12750, 12717, 12713, 12723, 12499, 12498, 12483, 12482, 12457, 12466, 12463, 12460, 12427, 12443, 12299, 12298, 12413, 12410, 12269, 12174, 12173, 12171, 12153, 12150, 12134, 12131, 12106, 11114, 11111, 11110, 11101, 11100, 11102, 11121, 11120, 11122, 11002, 11000, 11001, 11010, 11012, 11011, 11020, 11021, 11221, 11220, 11222, 11212, 11210, 11211, 11202, 11200, 11201, 10101, 10102, 10103, 10127, 10151, 10154, 10137, 10133, 10119, 10027, 10025, 10004, 10006, 10031, 10044, 10019, 10017, 10214, 10217, 10219, 10209, 10230, 10231, 10241, 10244, 10242, 20043, 20045, 20047, 20037, 20035, 20033, 20029, 20026, 20107, 20104, 20103, 20125, 20124, 20123, 20114, 20113, 20115, 20227, 20240, 20242, 20235, 20236, 20270, 20257, 20255, 20253, 21036, 21035, 21015, 21010, 21011, 21001, 21000, 21002, 21021, 21022, 21020, 21202, 21201, 21200, 21211, 21212, 21210, 21110, 21112, 21111, 21120, 21121, 21101, 21103, 21105, 1003, 1005, 1004, 1015, 1013, 1017, 1050, 1051, 1052, 1074, 1076, 1079, 1226, 1222, 1221, 1207, 1209, 1139, 1138, 1135, 1105, 1101, 1100, 1111, 1112, 1110, 1122, 1120, 1124, 215, 213, 214, 201, 200, 202, 0, 3, 6, 37, 38, 67, 68, 69, 300, 303, 304, 165, 164, 166, 173, 139, 136, 152, 155, 156, 159, 401, 402, 405, 406, 409, 431, 433, 434, 437, 438, 480, 482, 484, 487, 488, 811, 812, 814, 816, 819, 861, 863, 864, 866, 868, 891, 893, 895, 897, 899, 3140, 3142, 3144, 3146, 3148, 3170, 3172, 3174, 3177, 3178, 3440, 3442, 3444, 3446, 3448, 3470, 3472, 3474, 3477, 3478, 3720, 3722, 3724, 3726, 3728, 3750, 3752, 3755, 3757, 3759, 6001, 6002, 6005, 6007, 6008, 6030, 6032, 6034, 6036, 6038, 6070, 6073, 6077, 6079, 6402, 6405, 6408, 6432, 6434, 6437, 6451, 6453, 6456, 6459, 6473, 6475, 6477, 6712, 6714, 6499, 6751, 6735, 6736, 6770, 6664, 6665, 6690, 6681, 6684, 6682, 6904, 6903, 6902, 6815, 6811, 6589, 6596, 6595, 6820, 6577, 6572, 6549, 5689, 5686, 5665, 5662, 5657, 5646, 5641, 5618, 5703, 5700, 5478, 5467, 5468, 5466, 5490, 5491, 5456, 5298, 5299, 5516, 5518, 5540, 5530, 5508, 5503, 7177, 7173]",0.13409159999719122,success,,224.62908791826038,317.6735026351347,77.10727410662992,21.812831288751898,41.885906902327186,34.87902741368503
chi_clow_to_midway_0030,w_0030,grid_0_10,True,False,clow_to_midway,Clow International Airport to Midway International Airport,Clow International Airport,Midway International Airport,41.695923717435235,-88.12876224517822,41.7856116663475,-87.75331135429448,ohare_2026-03-07_1s_15nm_bbox,0.0,0.2,0.8,0.0,381,"[13722, 13720, 13730, 13486, 13488, 13646, 13644, 13629, 13626, 13613, 13609, 13605, 13288, 13289, 13396, 13395, 13392, 13501, 13366, 13367, 13356, 13355, 13354, 14427, 14429, 14428, 14415, 14414, 14416, 14437, 14436, 14433, 14339, 14189, 14184, 14181, 14159, 14157, 14087, 14085, 14084, 14064, 14060, 14049, 14056, 14041, 14040, 14016, 14002, 14000, 12787, 12784, 12782, 12757, 12756, 12752, 12750, 12717, 12713, 12723, 12499, 12498, 12483, 12482, 12457, 12466, 12462, 12460, 12427, 12443, 12299, 12298, 12413, 12410, 12269, 12174, 12173, 12149, 12151, 12128, 12130, 12107, 12103, 11112, 11111, 11110, 11101, 11100, 11102, 11121, 11120, 11122, 11002, 11000, 11001, 11010, 11012, 11011, 11020, 11021, 11221, 11220, 11222, 11212, 11210, 11211, 11202, 11200, 11201, 10101, 10102, 10103, 10127, 10151, 10154, 10137, 10133, 10119, 10027, 10025, 10004, 10006, 10031, 10044, 10019, 10017, 10214, 10217, 10219, 10209, 10230, 10231, 10241, 10244, 10242, 20043, 20045, 20047, 20037, 20035, 20033, 20029, 20026, 20107, 20104, 20103, 20125, 20124, 20123, 20114, 20113, 20115, 20227, 20240, 20242, 20235, 20236, 20270, 20257, 20255, 20253, 21036, 21035, 21015, 21010, 21011, 21001, 21000, 21002, 21021, 21022, 21020, 21202, 21201, 21200, 21211, 21212, 21210, 21110, 21112, 21111, 21120, 21121, 21101, 21103, 21105, 1003, 1005, 1004, 1015, 1013, 1017, 1050, 1051, 1052, 1074, 1076, 1079, 1226, 1222, 1221, 1207, 1209, 1139, 1138, 1135, 1105, 1101, 1100, 1111, 1112, 1110, 1122, 1120, 1124, 215, 213, 214, 201, 200, 202, 0, 3, 6, 37, 38, 67, 68, 69, 300, 303, 304, 165, 164, 166, 173, 139, 136, 152, 155, 156, 159, 401, 402, 405, 406, 409, 431, 433, 434, 437, 438, 480, 482, 484, 487, 489, 811, 813, 814, 817, 818, 861, 863, 865, 867, 869, 891, 892, 895, 896, 899, 3140, 3143, 3144, 3147, 3149, 3170, 3173, 3174, 3177, 3178, 3440, 3442, 3444, 3446, 3449, 3471, 3472, 3474, 3476, 3479, 3720, 3722, 3724, 3726, 3728, 3750, 3752, 3755, 3757, 3759, 6001, 6002, 6005, 6007, 6008, 6030, 6032, 6034, 6036, 6038, 6070, 6073, 6077, 6079, 6402, 6405, 6408, 6431, 6433, 6460, 6439, 6454, 6456, 6459, 6473, 6475, 6478, 6711, 6498, 6499, 6751, 6735, 6736, 6770, 6664, 6665, 6690, 6681, 6684, 6682, 6904, 6903, 6902, 6815, 6811, 6589, 6596, 6595, 6820, 6577, 6572, 6549, 5689, 5686, 5665, 5662, 5657, 5646, 5641, 5618, 5703, 5700, 5478, 5467, 5468, 5466, 5490, 5491, 5456, 5298, 5299, 5516, 5518, 5540, 5530, 5508, 5503, 7177, 7173]",0.12710839999635937,success,,229.1050967034511,324.00353496440545,77.10727410662992,21.812831288751898,42.09265866257786,32.8717198523275
chi_clow_to_midway_0031,w_0031,grid_0_10,True,False,clow_to_midway,Clow International Airport to Midway International Airport,Clow International Airport,Midway International Airport,41.695923717435235,-88.12876224517822,41.7856116663475,-87.75331135429448,ohare_2026-03-07_1s_15nm_bbox,0.0,0.3,0.0,0.7,85,"[13722, 13721, 13498, 13493, 13494, 22633, 22635, 22634, 22609, 22650, 22625, 22623, 22624, 22614, 22615, 22613, 22297, 22299, 22294, 22706, 22709, 22721, 22543, 22545, 22544, 22563, 22564, 22565, 22554, 22553, 22555, 23729, 23728, 23746, 23747, 23748, 23760, 23739, 23761, 23757, 23780, 23784, 23825, 23829, 23831, 23845, 23847, 23861, 23964, 23968, 24101, 23983, 23985, 24130, 24131, 24135, 24142, 24147, 24180, 24182, 4981, 4982, 4986, 4990, 4993, 4994, 7218, 7251, 7253, 7249, 7500, 7282, 7286, 7510, 7521, 7523, 7522, 7430, 7417, 7415, 7195, 7192, 7191, 7178, 7173]",0.12574399999721209,success,,53.183766184079005,75.21320343504365,19.94750300161895,50.69359632957156,29.315587674953203,26.50516227295293
chi_clow_to_midway_0032,w_0032,grid_0_10,True,False,clow_to_midway,Clow International Airport to Midway International Airport,Clow International Airport,Midway International Airport,41.695923717435235,-88.12876224517822,41.7856116663475,-87.75331135429448,ohare_2026-03-07_1s_15nm_bbox,0.0,0.3,0.1,0.6,87,"[13722, 13721, 13498, 13493, 13494, 22633, 22635, 22638, 22609, 22650, 22625, 22623, 22624, 22614, 22615, 22613, 22710, 22299, 22711, 22724, 22728, 22726, 22543, 22545, 22547, 22563, 22566, 22801, 22592, 22591, 22593, 22575, 22573, 23774, 23776, 23773, 23764, 23765, 23761, 23757, 23780, 23781, 23824, 23826, 23830, 23843, 23844, 23846, 23927, 23960, 23965, 23980, 23981, 23992, 23997, 23999, 24117, 24141, 24144, 24145, 4954, 4956, 4981, 4982, 4986, 4990, 4993, 4994, 7218, 7251, 7253, 7249, 7500, 7282, 7286, 7510, 7298, 7523, 7522, 7416, 7417, 7415, 7195, 7192, 7191, 7178, 7173]",0.12289249999594176,success,,56.254833995944,79.55634918551826,17.901608136733852,48.552242259264524,30.30793095961357,28.41046524271475
chi_clow_to_midway_0033,w_0033,grid_0_10,True,False,clow_to_midway,Clow International Airport to Midway International Airport,Clow International Airport,Midway International Airport,41.695923717435235,-88.12876224517822,41.7856116663475,-87.75331135429448,ohare_2026-03-07_1s_15nm_bbox,0.0,0.3,0.2,0.5,87,"[13722, 13721, 13498, 13493, 13494, 22633, 22635, 22638, 22609, 22650, 22625, 22623, 22624, 22614, 22615, 22613, 22710, 22299, 22711, 22724, 22728, 22726, 22543, 22545, 22547, 22563, 22566, 22801, 22592, 22591, 22593, 22575, 22573, 23774, 23776, 23773, 23764, 23765, 23761, 23757, 23780, 23781, 23824, 23826, 23830, 23843, 23844, 23846, 23927, 23960, 23965, 23980, 23981, 23992, 23997, 23999, 24117, 24141, 24144, 24145, 4954, 4956, 4981, 4982, 4986, 4990, 4993, 4994, 7218, 7251, 7253, 7249, 7500, 7282, 7286, 7510, 7298, 7523, 7522, 7416, 7414, 7415, 7195, 7192, 7191, 7178, 7173]",0.12044890000106534,success,,55.8406204335698,78.97056274789418,17.901608136733852,48.51804509525601,30.314132140149848,30.231157530146284
chi_clow_to_midway_0034,w_0034,grid_0_10,True,False,clow_to_midway,Clow International Airport to Midway International Airport,Clow International Airport,Midway International Airport,41.695923717435235,-88.12876224517822,41.7856116663475,-87.75331135429448,ohare_2026-03-07_1s_15nm_bbox,0.0,0.3,0.3,0.4,85,"[13722, 13709, 13708, 13495, 13493, 13494, 22633, 22635, 22638, 22609, 22650, 22625, 22623, 22624, 22614, 22615, 22613, 22713, 22718, 22731, 22743, 22741, 22742, 22585, 22587, 22582, 22569, 22800, 22801, 22592, 22591, 22593, 22575, 22573, 23774, 23776, 23773, 23764, 23765, 23761, 23754, 23750, 23719, 23585, 23589, 23590, 23804, 23806, 23809, 23673, 23677, 23678, 23689, 23931, 23918, 23919, 23951, 23949, 23973, 23974, 4912, 4913, 4914, 4925, 4928, 4943, 7005, 7008, 7060, 7055, 7056, 7059, 7094, 7097, 7078, 7233, 7232, 7129, 7128, 7151, 7137, 7139, 7162, 7170, 7173]",0.11994260000210488,success,,54.426406871192604,76.97056274790324,23.556292580960168,43.359598467306306,29.722546108759357,31.963785757983686
chi_clow_to_midway_0035,w_0035,grid_0_10,True,False,clow_to_midway,Clow International Airport to Midway International Airport,Clow International Airport,Midway International Airport,41.695923717435235,-88.12876224517822,41.7856116663475,-87.75331135429448,ohare_2026-03-07_1s_15nm_bbox,0.0,0.3,0.4,0.3,85,"[13722, 13709, 13708, 13495, 13493, 13494, 22633, 22635, 22638, 22609, 22650, 22625, 22623, 22624, 22614, 22615, 22613, 22713, 22718, 22731, 22743, 22741, 22742, 22585, 22587, 22582, 22569, 22800, 22801, 22592, 22591, 22593, 22575, 22573, 23774, 23776, 23773, 23764, 23765, 23761, 23754, 23750, 23719, 23585, 23589, 23590, 23804, 23806, 23809, 23673, 23677, 23678, 23689, 23931, 23918, 23919, 23951, 23949, 23973, 23974, 4912, 4913, 4914, 4925, 4928, 4943, 7005, 7008, 7060, 7055, 7056, 7059, 7094, 7097, 7078, 7233, 7232, 7129, 7128, 7151, 7137, 7139, 7162, 7170, 7173]",0.1213493000032031,success,,54.426406871192604,76.97056274790324,23.556292580960168,43.359598467306306,29.722546108759357,33.32749099383838
chi_clow_to_midway_0036,w_0036,grid_0_10,True,False,clow_to_midway,Clow International Airport to Midway International Airport,Clow International Airport,Midway International Airport,41.695923717435235,-88.12876224517822,41.7856116663475,-87.75331135429448,ohare_2026-03-07_1s_15nm_bbox,0.0,0.3,0.5,0.2,86,"[13722, 13709, 13708, 13495, 13490, 13478, 22495, 22493, 22468, 22456, 22454, 22429, 22435, 22437, 22472, 22476, 22478, 22296, 22299, 22711, 22724, 22728, 22726, 22543, 22545, 22547, 22563, 22566, 22801, 22592, 22591, 22593, 22575, 22573, 23774, 23776, 23773, 23764, 23765, 23761, 23754, 23750, 23719, 23588, 23592, 23593, 23807, 23810, 23809, 23673, 23677, 23678, 23689, 23931, 23933, 23950, 23953, 23958, 23975, 23978, 23974, 4912, 4913, 4914, 4925, 4928, 4943, 7005, 7008, 7060, 7055, 7056, 7059, 7094, 7097, 7078, 7233, 7232, 7129, 7128, 7151, 7137, 7139, 7162, 7170, 7173]",0.1179995999991661,success,,56.79036790187177,80.31370849838628,20.945035122102606,41.09707634879781,36.79669495636017,34.191387702301725
chi_clow_to_midway_0037,w_0037,grid_0_10,True,False,clow_to_midway,Clow International Airport to Midway International Airport,Clow International Airport,Midway International Airport,41.695923717435235,-88.12876224517822,41.7856116663475,-87.75331135429448,ohare_2026-03-07_1s_15nm_bbox,0.0,0.3,0.6,0.1,88,"[13722, 13709, 13708, 13495, 13490, 13478, 22495, 22493, 22468, 22456, 22454, 22429, 22435, 22436, 22447, 22448, 22473, 22476, 22478, 22296, 22299, 22711, 22724, 22728, 22726, 22543, 22545, 22547, 22563, 22566, 22801, 22592, 22591, 22593, 22575, 22573, 23774, 23776, 23773, 23764, 23765, 23761, 23754, 23750, 23719, 23588, 23592, 23593, 23807, 23810, 23809, 23673, 23677, 23678, 23689, 23931, 23933, 23950, 23953, 23958, 23975, 23978, 23974, 4912, 4913, 4914, 4925, 4928, 4943, 7005, 7008, 7060, 7055, 7056, 7059, 7094, 7097, 7078, 7233, 7232, 7129, 7128, 7151, 7137, 7139, 7162, 7170, 7173]",0.1176673000009032,success,,57.376154339498676,81.1421356231263,20.807979488802655,40.763295944831505,38.52416193307157,34.552787606846856
chi_clow_to_midway_0038,w_0038,grid_0_10,True,False,clow_to_midway,Clow International Airport to Midway International Airport,Clow International Airport,Midway International Airport,41.695923717435235,-88.12876224517822,41.7856116663475,-87.75331135429448,ohare_2026-03-07_1s_15nm_bbox,0.0,0.3,0.7,0.0,89,"[13722, 13709, 13708, 13495, 13490, 13478, 22495, 22493, 22468, 22456, 22454, 22429, 22432, 22431, 22444, 22447, 22448, 22473, 22476, 22478, 22296, 22299, 22711, 22724, 22728, 22726, 22543, 22545, 22547, 22563, 22566, 22801, 22592, 22591, 22593, 22575, 22573, 23774, 23776, 23773, 23766, 23769, 23790, 23782, 23783, 23787, 23824, 23599, 23820, 23807, 23810, 23809, 23673, 23677, 23678, 23689, 23931, 23933, 23950, 23953, 23958, 23975, 23973, 23974, 4912, 4913, 4914, 4925, 4928, 4943, 7005, 7008, 7060, 7055, 7056, 7059, 7094, 7097, 7078, 7233, 7232, 7150, 7155, 7151, 7137, 7139, 7162, 7170, 7173]",0.11746090000087861,success,,58.08326112068246,82.14213562311495,22.08137612039899,39.97850198748328,41.443747841689074,34.60936422735799
chi_clow_to_midway_0039,w_0039,grid_0_10,True,False,clow_to_midway,Clow International Airport to Midway International Airport,Clow International Airport,Midway International Airport,41.695923717435235,-88.12876224517822,41.7856116663475,-87.75331135429448,ohare_2026-03-07_1s_15nm_bbox,0.0,0.4,0.0,0.6,87,"[13722, 13721, 13498, 13493, 13494, 22633, 22635, 22634, 22609, 22650, 22625, 22623, 22624, 22614, 22615, 22613, 22297, 22299, 22294, 22706, 22709, 22721, 22543, 22545, 22544, 22563, 22564, 22565, 22554, 22553, 22555, 23729, 23728, 23746, 23747, 23748, 23760, 23739, 23761, 23757, 23753, 23758, 23821, 23822, 23827, 23840, 23841, 23846, 23927, 23960, 23965, 23980, 23981, 23992, 23997, 23999, 24117, 24140, 24144, 24147, 24180, 24182, 4981, 4982, 4986, 4990, 4993, 4994, 7218, 7251, 7253, 7249, 7500, 7282, 7286, 7510, 7521, 7523, 7522, 7430, 7417, 7415, 7195, 7192, 7191, 7178, 7173]",0.11484680000285152,success,,54.183766184079005,76.62741699740623,17.888693918707872,51.43175484873622,30.243421079604513,25.301530215245858
chi_clow_to_midway_0040,w_0040,grid_0_10,True,False,clow_to_midway,Clow International Airport to Midway International Airport,Clow International Airport,Midway International Airport,41.695923717435235,-88.12876224517822,41.7856116663475,-87.75331135429448,ohare_2026-03-07_1s_15nm_bbox,0.0,0.4,0.1,0.5,87,"[13722, 13721, 13498, 13493, 13494, 22633, 22635, 22638, 22609, 22650, 22625, 22623, 22624, 22614, 22615, 22613, 22710, 22299, 22711, 22724, 22728, 22726, 22543, 22545, 22547, 22563, 22566, 22801, 22592, 22591, 22593, 22575, 22573, 23774, 23776, 23773, 23764, 23765, 23761, 23757, 23780, 23781, 23824, 23826, 23830, 23843, 23844, 23846, 23927, 23960, 23965, 23980, 23981, 23992, 23997, 23999, 24117, 24141, 24144, 24145, 24180, 24182, 4981, 4982, 4986, 4990, 4993, 4994, 7218, 7251, 7253, 7249, 7500, 7282, 7286, 7510, 7298, 7523, 7522, 7416, 7414, 7415, 7195, 7192, 7191, 7178, 7173]",0.11074169999483274,success,,56.25483399594372,79.55634918551787,17.89660612388297,48.54424445525681,30.31286795849456,27.16950087432615
chi_clow_to_midway_0041,w_0041,grid_0_10,True,False,clow_to_midway,Clow International Airport to Midway International Airport,Clow International Airport,Midway International Airport,41.695923717435235,-88.12876224517822,41.7856116663475,-87.75331135429448,ohare_2026-03-07_1s_15nm_bbox,0.0,0.4,0.2,0.4,87,"[13722, 13721, 13498, 13493, 13494, 22633, 22635, 22638, 22609, 22650, 22625, 22623, 22624, 22614, 22615, 22613, 22713, 22718, 22731, 22743, 22741, 22742, 22585, 22587, 22582, 22569, 22800, 22801, 22592, 22591, 22593, 22575, 22573, 23774, 23776, 23773, 23764, 23765, 23761, 23757, 23780, 23781, 23824, 23826, 23830, 23843, 23844, 23846, 23927, 23960, 23965, 23980, 23981, 23992, 23997, 23999, 24117, 24141, 24144, 24145, 4954, 4956, 4981, 4982, 4986, 4990, 4993, 4994, 7218, 7251, 7253, 7249, 7500, 7282, 7286, 7510, 7298, 7523, 7522, 7416, 7414, 7415, 7195, 7192, 7191, 7178, 7173]",0.10605120000400348,success,,55.840620433567175,78.97056274789047,17.901608136733852,48.47836045489657,30.333872062798296,28.989864170792174
chi_clow_to_midway_0042,w_0042,grid_0_10,True,False,clow_to_midway,Clow International Airport to Midway International Airport,Clow International Airport,Midway International Airport,41.695923717435235,-88.12876224517822,41.7856116663475,-87.75331135429448,ohare_2026-03-07_1s_15nm_bbox,0.0,0.4,0.3,0.3,87,"[13722, 13721, 13498, 13493, 13494, 22633, 22635, 22638, 22609, 22650, 22625, 22623, 22624, 22614, 22615, 22613, 22713, 22718, 22731, 22743, 22741, 22742, 22585, 22587, 22582, 22569, 22800, 22801, 22592, 22591, 22593, 22575, 22573, 23774, 23776, 23773, 23764, 23765, 23761, 23757, 23780, 23781, 23824, 23826, 23830, 23843, 23844, 23846, 23927, 23960, 23965, 23980, 23981, 23992, 23997, 23999, 24117, 24141, 24144, 24145, 4954, 4956, 4959, 4984, 4977, 4979, 4993, 4994, 7218, 7251, 7253, 7249, 7500, 7282, 7286, 7510, 7298, 7523, 7522, 7416, 7414, 7415, 7195, 7192, 7191, 7178, 7173]",0.0979181000002427,success,,55.840620433567715,78.97056274789124,17.911612162435613,48.137586625417846,30.571198348018658,30.777280357005196
chi_clow_to_midway_0043,w_0043,grid_0_10,True,False,clow_to_midway,Clow International Airport to Midway International Airport,Clow International Airport,Midway International Airport,41.695923717435235,-88.12876224517822,41.7856116663475,-87.75331135429448,ohare_2026-03-07_1s_15nm_bbox,0.0,0.4,0.4,0.2,88,"[13722, 13709, 13708, 13495, 13490, 13478, 22495, 22493, 22468, 22456, 22454, 22429, 22435, 22437, 22472, 22476, 22478, 22296, 22299, 22711, 22724, 22728, 22726, 22543, 22545, 22547, 22563, 22566, 22801, 22592, 22591, 22593, 22575, 22573, 23774, 23776, 23773, 23764, 23765, 23761, 23757, 23780, 23781, 23824, 23826, 23830, 23843, 23844, 23846, 23927, 23960, 23965, 23980, 23981, 23992, 23997, 23999, 24117, 24141, 24144, 24145, 4954, 4956, 4959, 4984, 4977, 4979, 4993, 4994, 7218, 7251, 7253, 7249, 7500, 7282, 7286, 7510, 7298, 7523, 7522, 7416, 7414, 7415, 7195, 7192, 7191, 7178, 7173]",0.09773480000148993,success,,58.20458146424758,82.31370849837528,15.538642369106643,46.11270765516395,36.69481851467257,31.999503712642753
chi_clow_to_midway_0044,w_0044,grid_0_10,True,False,clow_to_midway,Clow International Airport to Midway International Airport,Clow International Airport,Midway International Airport,41.695923717435235,-88.12876224517822,41.7856116663475,-87.75331135429448,ohare_2026-03-07_1s_15nm_bbox,0.0,0.4,0.5,0.1,89,"[13722, 13709, 13708, 13495, 13490, 13478, 22495, 22493, 22468, 22456, 22454, 22429, 22432, 22431, 22444, 22447, 22448, 22473, 22476, 22478, 22296, 22299, 22711, 22724, 22728, 22726, 22543, 22545, 22547, 22563, 22566, 22801, 22592, 22591, 22593, 22575, 22573, 23774, 23776, 23773, 23764, 23765, 23761, 23754, 23750, 23719, 23588, 23592, 23593, 23807, 23810, 23809, 23673, 23677, 23678, 23689, 23931, 23933, 23950, 23953, 23958, 23975, 23978, 23974, 4912, 4913, 4914, 4925, 4928, 4943, 7005, 7008, 7060, 7055, 7056, 7059, 7094, 7097, 7078, 7233, 7232, 7129, 7128, 7151, 7137, 7139, 7162, 7170, 7173]",0.09642760000133421,success,,58.0832611206839,82.14213562311697,20.38062285744483,40.82690751257021,39.524958285704244,32.518198727833465
chi_clow_to_midway_0045,w_0045,grid_0_10,True,False,clow_to_midway,Clow International Airport to Midway International Airport,Clow International Airport,Midway International Airport,41.695923717435235,-88.12876224517822,41.7856116663475,-87.75331135429448,ohare_2026-03-07_1s_15nm_bbox,0.0,0.4,0.6,0.0,89,"[13722, 13709, 13708, 13495, 13490, 13478, 22495, 22493, 22468, 22456, 22454, 22429, 22432, 22431, 22444, 22447, 22448, 22473, 22476, 22478, 22296, 22299, 22711, 22724, 22728, 22726, 22543, 22545, 22547, 22563, 22566, 22801, 22592, 22591, 22593, 22575, 22573, 23774, 23776, 23773, 23766, 23769, 23790, 23782, 23783, 23787, 23824, 23599, 23820, 23807, 23810, 23809, 23673, 23677, 23678, 23689, 23931, 23933, 23950, 23953, 23958, 23975, 23973, 23974, 4912, 4913, 4914, 4925, 4928, 4943, 7005, 7008, 7060, 7055, 7056, 7059, 7094, 7097, 7078, 7233, 7232, 7129, 7128, 7151, 7137, 7139, 7162, 7170, 7173]",0.09631229999649804,success,,57.66904755830893,81.55634918549181,20.412271678145235,40.75309345456997,41.443747841689074,32.61676474400008
chi_clow_to_midway_0046,w_0046,grid_0_10,True,False,clow_to_midway,Clow International Airport to Midway International Airport,Clow International Airport,Midway International Airport,41.695923717435235,-88.12876224517822,41.7856116663475,-87.75331135429448,ohare_2026-03-07_1s_15nm_bbox,0.0,0.5,0.0,0.5,87,"[13722, 13721, 13498, 13493, 13494, 22633, 22635, 22634, 22609, 22650, 22625, 22623, 22624, 22614, 22615, 22613, 22297, 22299, 22294, 22706, 22709, 22721, 22543, 22545, 22544, 22563, 22564, 22565, 22554, 22553, 22555, 23729, 23728, 23746, 23747, 23748, 23760, 23739, 23761, 23757, 23753, 23758, 23821, 23822, 23827, 23840, 23841, 23846, 23927, 23960, 23965, 23980, 23981, 23992, 23997, 23999, 24117, 24140, 24144, 24147, 24180, 24182, 4981, 4982, 4986, 4990, 4993, 4994, 7218, 7251, 7253, 7249, 7500, 7282, 7286, 7510, 7521, 7523, 7522, 7430, 7417, 7415, 7195, 7192, 7191, 7178, 7173]",0.1035489999994752,success,,54.183766184079005,76.62741699740623,17.888693918707872,51.43175484873622,30.243421079604513,24.066057499156194
chi_clow_to_midway_0047,w_0047,grid_0_10,True,False,clow_to_midway,Clow International Airport to Midway International Airport,Clow International Airport,Midway International Airport,41.695923717435235,-88.12876224517822,41.7856116663475,-87.75331135429448,ohare_2026-03-07_1s_15nm_bbox,0.0,0.5,0.1,0.4,87,"[13722, 13721, 13498, 13493, 13494, 22633, 22635, 22638, 22609, 22650, 22622, 22488, 22487, 22614, 22615, 22613, 22710, 22299, 22711, 22724, 22728, 22726, 22543, 22545, 22547, 22563, 22566, 22801, 22592, 22591, 22593, 22575, 22573, 23774, 23776, 23773, 23764, 23765, 23761, 23757, 23780, 23781, 23824, 23826, 23830, 23843, 23844, 23846, 23927, 23960, 23965, 23980, 23981, 23992, 23997, 23999, 24117, 24141, 24144, 24145, 24180, 24182, 4981, 4982, 4986, 4990, 4993, 4994, 7218, 7251, 7253, 7249, 7500, 7282, 7286, 7510, 7298, 7523, 7522, 7416, 7414, 7415, 7195, 7192, 7191, 7178, 7173]",0.0849817999987863,success,,56.66904755831496,80.14213562313779,16.62858981343747,48.988704951817205,31.68435262167137,25.886906450569
chi_clow_to_midway_0048,w_0048,grid_0_10,True,False,clow_to_midway,Clow International Airport to Midway International Airport,Clow International Airport,Midway International Airport,41.695923717435235,-88.12876224517822,41.7856116663475,-87.75331135429448,ohare_2026-03-07_1s_15nm_bbox,0.0,0.5,0.2,0.3,87,"[13722, 13721, 13498, 13493, 13494, 22633, 22630, 22499, 22603, 22601, 22486, 22485, 22487, 22614, 22615, 22613, 22713, 22718, 22731, 22743, 22741, 22742, 22585, 22587, 22582, 22569, 22800, 22801, 22592, 22591, 22593, 22575, 22573, 23774, 23776, 23773, 23764, 23765, 23761, 23757, 23780, 23781, 23824, 23826, 23830, 23843, 23844, 23846, 23927, 23960, 23965, 23980, 23981, 23992, 23997, 23999, 24117, 24141, 24144, 24145, 4954, 4956, 4981, 4982, 4986, 4990, 4993, 4994, 7218, 7251, 7253, 7249, 7500, 7282, 7286, 7510, 7298, 7523, 7522, 7416, 7414, 7415, 7195, 7192, 7191, 7178, 7173]",0.06991319999360712,success,,56.66904755830952,80.14213562313012,15.289884669123467,48.93540978121241,33.6783440520736,27.53552750642629
chi_clow_to_midway_0049,w_0049,grid_0_10,True,False,clow_to_midway,Clow International Airport to Midway International Airport,Clow International Airport,Midway International Airport,41.695923717435235,-88.12876224517822,41.7856116663475,-87.75331135429448,ohare_2026-03-07_1s_15nm_bbox,0.0,0.5,0.3,0.2,88,"[13722, 13709, 13708, 13495, 13490, 13478, 22495, 22493, 22468, 22456, 22454, 22429, 22435, 22437, 22472, 22476, 22478, 22297, 22299, 22711, 22724, 22728, 22726, 22543, 22545, 22547, 22563, 22566, 22801, 22592, 22591, 22593, 22575, 22573, 23774, 23776, 23773, 23764, 23765, 23761, 23757, 23780, 23781, 23824, 23826, 23830, 23843, 23844, 23846, 23927, 23960, 23965, 23980, 23981, 23992, 23997, 23999, 24117, 24141, 24144, 24145, 4954, 4956, 4959, 4984, 4977, 4979, 4993, 4994, 7218, 7251, 7253, 7249, 7500, 7282, 7286, 7510, 7298, 7523, 7522, 7416, 7414, 7415, 7195, 7192, 7191, 7178, 7173]",0.07669850000092993,success,,58.20458146424944,82.3137084983779,15.538642369106643,46.38364665237365,36.24080387033695,28.93257595433281
chi_clow_to_midway_0050,w_0050,grid_0_10,True,False,clow_to_midway,Clow International Airport to Midway International Airport,Clow International Airport,Midway International Airport,41.695923717435235,-88.12876224517822,41.7856116663475,-87.75331135429448,ohare_2026-03-07_1s_15nm_bbox,0.0,0.5,0.4,0.1,92,"[13722, 13709, 13708, 13495, 13490, 13478, 22495, 22493, 22468, 22456, 22454, 22429, 22432, 22431, 22444, 22447, 22448, 22473, 22476, 22478, 22296, 22299, 22711, 22724, 22728, 22726, 22543, 22545, 22547, 22563, 22566, 22801, 22592, 22591, 22593, 22575, 22573, 23774, 23776, 23773, 23764, 23765, 23763, 23782, 23783, 23787, 23828, 23826, 23830, 23843, 23844, 23846, 23927, 23960, 23965, 23980, 23981, 23992, 23997, 23999, 24117, 24141, 24144, 24145, 4954, 4956, 4959, 4984, 4977, 4979, 4993, 4994, 7218, 7251, 7253, 7249, 7500, 7282, 7286, 7510, 7298, 7523, 7522, 7416, 7414, 7415, 7195, 7196, 7194, 7401, 7176, 7173]",0.07697899999766378,success,,59.79036790186933,84.55634918547055,15.224862206899134,45.14368442226129,40.83160064788224,29.753064937142305
chi_clow_to_midway_0051,w_0051,grid_0_10,True,False,clow_to_midway,Clow International Airport to Midway International Airport,Clow International Airport,Midway International Airport,41.695923717435235,-88.12876224517822,41.7856116663475,-87.75331135429448,ohare_2026-03-07_1s_15nm_bbox,0.0,0.5,0.5,0.0,94,"[13722, 13709, 13708, 13495, 13490, 13478, 22495, 22493, 22468, 22456, 22454, 22429, 22432, 22431, 22444, 22447, 22448, 22473, 22476, 22478, 22296, 22299, 22711, 22724, 22728, 22726, 22543, 22545, 22547, 22563, 22566, 22801, 22592, 22591, 22593, 22575, 22573, 23774, 23776, 23773, 23766, 23769, 23790, 23782, 23783, 23787, 23828, 23826, 23830, 23843, 23844, 23846, 23927, 23960, 23962, 23938, 23939, 23981, 23992, 23997, 23999, 24117, 24141, 24144, 24145, 4954, 4956, 4959, 4984, 4977, 4979, 4993, 4994, 7218, 7251, 7253, 7249, 7500, 7282, 7286, 7510, 7298, 7523, 7522, 7416, 7414, 7415, 7422, 7199, 7197, 7404, 7401, 7176, 7173]",0.07431809999980032,success,,60.79036790187088,85.97056274783529,15.463503716566546,44.750442949799826,42.606238940723046,30.106973333183184
chi_clow_to_midway_0052,w_0052,grid_0_10,True,False,clow_to_midway,Clow International Airport to Midway International Airport,Clow International Airport,Midway International Airport,41.695923717435235,-88.12876224517822,41.7856116663475,-87.75331135429448,ohare_2026-03-07_1s_15nm_bbox,0.0,0.6,0.0,0.4,87,"[13722, 13721, 13498, 13493, 13494, 22633, 22635, 22634, 22607, 22606, 22486, 22488, 22487, 22614, 22615, 22613, 22297, 22299, 22294, 22706, 22709, 22721, 22543, 22545, 22544, 22563, 22564, 22565, 22554, 22553, 22555, 23729, 23728, 23746, 23747, 23748, 23760, 23739, 23761, 23757, 23753, 23758, 23821, 23822, 23827, 23840, 23841, 23846, 23927, 23960, 23965, 23980, 23981, 23992, 23997, 23999, 24117, 24140, 24144, 24147, 24180, 24182, 4981, 4982, 4986, 4990, 4993, 4994, 7218, 7251, 7253, 7249, 7500, 7282, 7286, 7510, 7521, 7523, 7522, 7430, 7417, 7415, 7195, 7192, 7191, 7178, 7173]",0.07881159999669762,success,,55.012193308823335,77.79898987264868,15.910978606320239,52.25554088704976,32.580636563236595,22.57884178908678
chi_clow_to_midway_0053,w_0053,grid_0_10,True,False,clow_to_midway,Clow International Airport to Midway International Airport,Clow International Airport,Midway International Airport,41.695923717435235,-88.12876224517822,41.7856116663475,-87.75331135429448,ohare_2026-03-07_1s_15nm_bbox,0.0,0.6,0.1,0.3,87,"[13722, 13721, 13498, 13493, 13494, 22633, 22630, 22499, 22603, 22601, 22486, 22485, 22487, 22614, 22615, 22613, 22710, 22299, 22711, 22724, 22728, 22726, 22543, 22545, 22547, 22563, 22566, 22801, 22592, 22591, 22593, 22575, 22573, 23774, 23776, 23773, 23764, 23765, 23761, 23757, 23780, 23781, 23824, 23826, 23830, 23843, 23844, 23846, 23927, 23960, 23965, 23980, 23981, 23992, 23997, 23999, 24117, 24141, 24144, 24145, 24180, 24182, 4981, 4982, 4986, 4990, 4993, 4994, 7218, 7251, 7253, 7249, 7500, 7282, 7286, 7510, 7298, 7523, 7522, 7416, 7414, 7415, 7195, 7192, 7191, 7178, 7173]",0.06160520000412362,success,,57.083261120686075,80.72792206075754,15.284882656272586,49.001293781572635,33.65733994776987,24.168260956251775
chi_clow_to_midway_0054,w_0054,grid_0_10,True,False,clow_to_midway,Clow International Airport to Midway International Airport,Clow International Airport,Midway International Airport,41.695923717435235,-88.12876224517822,41.7856116663475,-87.75331135429448,ohare_2026-03-07_1s_15nm_bbox,0.0,0.6,0.2,0.2,87,"[13722, 13721, 13498, 13493, 13494, 22633, 22630, 22499, 22603, 22601, 22486, 22485, 22487, 22614, 22615, 22613, 22713, 22718, 22731, 22743, 22741, 22742, 22585, 22587, 22582, 22569, 22800, 22801, 22592, 22591, 22593, 22575, 22573, 23774, 23776, 23773, 23764, 23765, 23761, 23757, 23780, 23781, 23824, 23826, 23830, 23843, 23844, 23846, 23927, 23960, 23965, 23980, 23981, 23992, 23997, 23999, 24117, 24141, 24144, 24145, 4954, 4956, 4959, 4984, 4977, 4979, 4993, 4994, 7218, 7251, 7253, 7249, 7500, 7282, 7286, 7510, 7298, 7523, 7522, 7416, 7414, 7415, 7195, 7192, 7191, 7178, 7173]",0.057101599995803554,success,,56.66904755831007,80.1421356231309,15.299888694825228,48.594635951733686,33.91567033729396,25.68199447470067
chi_clow_to_midway_0055,w_0055,grid_0_10,True,False,clow_to_midway,Clow International Airport to Midway International Airport,Clow International Airport,Midway International Airport,41.695923717435235,-88.12876224517822,41.7856116663475,-87.75331135429448,ohare_2026-03-07_1s_15nm_bbox,0.0,0.6,0.3,0.1,90,"[13722, 13709, 13708, 13495, 13490, 13478, 22495, 22493, 22468, 22456, 22454, 22429, 22432, 22431, 22444, 22447, 22448, 22473, 22474, 22296, 22299, 22711, 22724, 22728, 22726, 22543, 22545, 22547, 22563, 22566, 22801, 22592, 22591, 22593, 22575, 22573, 23774, 23776, 23773, 23764, 23765, 23761, 23757, 23780, 23781, 23824, 23826, 23830, 23843, 23844, 23846, 23927, 23960, 23965, 23980, 23981, 23992, 23997, 23999, 24117, 24141, 24144, 24145, 4954, 4956, 4959, 4984, 4977, 4979, 4993, 4994, 7218, 7251, 7253, 7249, 7500, 7282, 7286, 7510, 7298, 7523, 7522, 7416, 7414, 7415, 7195, 7192, 7191, 7178, 7173]",0.05457659999956377,success,,59.204581464246154,83.7279220607358,14.923148316196233,46.047384687746735,38.95276745037835,26.663381141079597
chi_clow_to_midway_0056,w_0056,grid_0_10,True,False,clow_to_midway,Clow International Airport to Midway International Airport,Clow International Airport,Midway International Airport,41.695923717435235,-88.12876224517822,41.7856116663475,-87.75331135429448,ohare_2026-03-07_1s_15nm_bbox,0.0,0.6,0.4,0.0,93,"[13722, 13709, 13708, 13495, 13490, 13478, 22495, 22493, 22468, 22456, 22454, 22429, 22432, 22431, 22444, 22447, 22448, 22473, 22476, 22478, 22296, 22299, 22711, 22724, 22728, 22726, 22543, 22545, 22547, 22563, 22566, 22801, 22592, 22591, 22593, 22575, 22573, 23774, 23776, 23773, 23766, 23769, 23790, 23782, 23783, 23787, 23828, 23826, 23830, 23843, 23844, 23846, 23927, 23960, 23962, 23938, 23939, 23981, 23992, 23997, 23999, 24117, 24141, 24144, 24145, 4954, 4956, 4959, 4984, 4977, 4979, 4993, 4994, 7218, 7251, 7253, 7249, 7500, 7282, 7286, 7510, 7298, 7523, 7522, 7416, 7414, 7415, 7195, 7196, 7194, 7401, 7176, 7173]",0.05331250000017462,success,,60.08326112068394,84.9705627478422,15.244520434816687,45.075428513616345,41.80938537450101,27.17688366633655
chi_clow_to_midway_0057,w_0057,grid_0_10,True,False,clow_to_midway,Clow International Airport to Midway International Airport,Clow International Airport,Midway International Airport,41.695923717435235,-88.12876224517822,41.7856116663475,-87.75331135429448,ohare_2026-03-07_1s_15nm_bbox,0.0,0.7,0.0,0.3,87,"[13722, 13721, 13498, 13493, 13494, 22633, 22630, 22499, 22603, 22601, 22486, 22488, 22487, 22614, 22615, 22613, 22297, 22299, 22294, 22706, 22709, 22721, 22543, 22545, 22544, 22563, 22564, 22565, 22554, 22553, 22555, 23729, 23728, 23746, 23747, 23748, 23760, 23739, 23761, 23757, 23753, 23758, 23821, 23822, 23827, 23840, 23841, 23846, 23927, 23960, 23965, 23980, 23981, 23992, 23997, 23999, 24117, 24140, 24144, 24147, 24180, 24182, 4981, 4982, 4986, 4990, 4993, 4994, 7218, 7251, 7253, 7249, 7500, 7282, 7286, 7510, 7521, 7523, 7522, 7430, 7417, 7415, 7195, 7192, 7191, 7178, 7173]",0.05957060000218917,success,,55.42640687119577,78.38477631027028,15.276970451097487,51.98403921084804,33.56586598025858,20.763639109845812
chi_clow_to_midway_0058,w_0058,grid_0_10,True,False,clow_to_midway,Clow International Airport to Midway International Airport,Clow International Airport,Midway International Airport,41.695923717435235,-88.12876224517822,41.7856116663475,-87.75331135429448,ohare_2026-03-07_1s_15nm_bbox,0.0,0.7,0.1,0.2,87,"[13722, 13721, 13498, 13493, 13494, 22633, 22630, 22499, 22603, 22601, 22486, 22485, 22487, 22614, 22615, 22613, 22713, 22718, 22731, 22743, 22741, 22742, 22585, 22587, 22582, 22569, 22800, 22801, 22592, 22591, 22593, 22575, 22573, 23774, 23776, 23773, 23764, 23765, 23761, 23757, 23780, 23781, 23824, 23826, 23830, 23843, 23844, 23846, 23927, 23960, 23965, 23980, 23981, 23992, 23997, 23999, 24117, 24141, 24144, 24145, 24180, 24182, 4981, 4982, 4986, 4990, 4993, 4994, 7218, 7251, 7253, 7249, 7500, 7282, 7286, 7510, 7298, 7523, 7522, 7416, 7414, 7415, 7195, 7192, 7191, 7178, 7173]",0.055215899999893736,success,,57.08326112068344,80.72792206075381,15.284882656272586,48.96160914121321,33.677079870418325,22.330994747595796
chi_clow_to_midway_0059,w_0059,grid_0_10,True,False,clow_to_midway,Clow International Airport to Midway International Airport,Clow International Airport,Midway International Airport,41.695923717435235,-88.12876224517822,41.7856116663475,-87.75331135429448,ohare_2026-03-07_1s_15nm_bbox,0.0,0.7,0.2,0.1,89,"[13722, 13709, 13708, 13495, 13490, 13478, 22495, 22493, 22468, 22456, 22454, 22429, 22432, 22433, 22447, 22448, 22473, 22474, 22296, 22299, 22711, 22724, 22728, 22726, 22543, 22545, 22547, 22563, 22566, 22801, 22592, 22591, 22593, 22575, 22573, 23774, 23776, 23773, 23764, 23765, 23761, 23757, 23780, 23781, 23824, 23826, 23830, 23843, 23844, 23846, 23927, 23960, 23965, 23980, 23981, 23992, 23997, 23999, 24117, 24141, 24144, 24145, 4954, 4956, 4959, 4984, 4977, 4979, 4993, 4994, 7218, 7251, 7253, 7249, 7500, 7282, 7286, 7510, 7298, 7523, 7522, 7416, 7414, 7415, 7195, 7192, 7191, 7178, 7173]",0.05071729999326635,success,,58.91168824543271,83.3137084983658,14.872066527943591,46.49184518430712,37.97314928619276,23.506130535041212
chi_clow_to_midway_0060,w_0060,grid_0_10,True,False,clow_to_midway,Clow International Airport to Midway International Airport,Clow International Airport,Midway International Airport,41.695923717435235,-88.12876224517822,41.7856116663475,-87.75331135429448,ohare_2026-03-07_1s_15nm_bbox,0.0,0.7,0.3,0.0,93,"[13722, 13709, 13708, 13495, 13490, 13478, 22495, 22493, 22468, 22456, 22454, 22429, 22432, 22431, 22444, 22447, 22448, 22473, 22476, 22478, 22296, 22299, 22711, 22724, 22728, 22726, 22543, 22545, 22547, 22563, 22566, 22801, 22592, 22591, 22593, 22575, 22573, 23774, 23776, 23773, 23766, 23769, 23790, 23782, 23783, 23787, 23828, 23826, 23830, 23843, 23844, 23846, 23927, 23960, 23962, 23938, 23939, 23981, 23992, 23997, 23999, 24117, 24141, 24144, 24145, 4954, 4956, 4959, 4984, 4977, 4979, 4993, 4994, 7218, 7251, 7253, 7249, 7500, 7282, 7286, 7510, 7298, 7523, 7522, 7416, 7414, 7415, 7195, 7196, 7194, 7401, 7176, 7173]",0.047544499997457024,success,,60.08326112068394,84.9705627478422,15.244520434816687,45.075428513616345,41.80938537450101,24.193792858456582
chi_clow_to_midway_0061,w_0061,grid_0_10,True,False,clow_to_midway,Clow International Airport to Midway International Airport,Clow International Airport,Midway International Airport,41.695923717435235,-88.12876224517822,41.7856116663475,-87.75331135429448,ohare_2026-03-07_1s_15nm_bbox,0.0,0.8,0.0,0.2,87,"[13722, 13721, 13498, 13493, 13494, 22633, 22630, 22499, 22603, 22601, 22486, 22488, 22487, 22614, 22615, 22613, 22297, 22299, 22294, 22706, 22709, 22721, 22543, 22545, 22544, 22563, 22564, 22565, 22554, 22553, 22555, 23729, 23728, 23746, 23747, 23748, 23760, 23739, 23761, 23757, 23753, 23758, 23821, 23822, 23827, 23840, 23841, 23846, 23927, 23960, 23965, 23980, 23981, 23992, 23997, 23999, 24117, 24140, 24144, 24147, 24180, 24182, 4981, 4982, 4986, 4990, 4993, 4994, 7218, 7251, 7253, 7249, 7500, 7282, 7286, 7510, 7521, 7523, 7522, 7430, 7417, 7415, 7195, 7192, 7191, 7178, 7173]",0.05125140000018291,success,,55.42640687119577,78.38477631027028,15.276970451097487,51.98403921084804,33.56586598025858,18.934749556929706
chi_clow_to_midway_0062,w_0062,grid_0_10,True,False,clow_to_midway,Clow International Airport to Midway International Airport,Clow International Airport,Midway International Airport,41.695923717435235,-88.12876224517822,41.7856116663475,-87.75331135429448,ohare_2026-03-07_1s_15nm_bbox,0.0,0.8,0.1,0.1,88,"[13722, 13709, 13708, 13495, 13490, 13478, 22495, 22493, 22468, 22456, 22454, 22429, 22432, 22433, 22447, 22448, 22471, 22291, 22295, 22294, 22707, 22722, 22723, 22543, 22545, 22547, 22563, 22566, 22801, 22592, 22591, 22593, 22575, 22573, 23774, 23776, 23773, 23764, 23765, 23761, 23757, 23780, 23781, 23824, 23826, 23830, 23843, 23844, 23846, 23927, 23960, 23965, 23980, 23981, 23992, 23997, 23999, 24117, 24141, 24144, 24145, 4954, 4956, 4959, 4984, 4977, 4979, 4993, 4994, 7218, 7251, 7253, 7249, 7500, 7282, 7286, 7510, 7298, 7523, 7522, 7416, 7414, 7415, 7195, 7192, 7191, 7178, 7173]",0.04798099999607075,success,,58.204581464246154,82.31370849837324,14.820984739690953,47.02342443048273,37.7179687675853,20.330927111559564
chi_clow_to_midway_0063,w_0063,grid_0_10,True,False,clow_to_midway,Clow International Airport to Midway International Airport,Clow International Airport,Midway International Airport,41.695923717435235,-88.12876224517822,41.7856116663475,-87.75331135429448,ohare_2026-03-07_1s_15nm_bbox,0.0,0.8,0.2,0.0,91,"[13722, 13709, 13708, 13495, 13490, 13478, 22495, 22493, 22468, 22456, 22454, 22429, 22432, 22431, 22444, 22447, 22448, 22473, 22476, 22478, 22296, 22299, 22711, 22724, 22728, 22726, 22543, 22545, 22547, 22563, 22566, 22801, 22592, 22591, 22593, 22575, 22573, 23774, 23776, 23773, 23764, 23765, 23761, 23759, 23783, 23787, 23828, 23826, 23830, 23843, 23844, 23846, 23927, 23960, 23965, 23980, 23981, 23992, 23997, 23999, 24117, 24141, 24144, 24145, 4954, 4956, 4959, 4984, 4977, 4979, 4993, 4994, 7218, 7251, 7253, 7249, 7500, 7282, 7286, 7510, 7298, 7523, 7522, 7416, 7414, 7415, 7195, 7192, 7191, 7178, 7173]",0.044132000002718996,success,,59.91168824543095,84.72792206072587,14.990054514799073,45.692384924710915,39.89723940852294,21.130520596781444
chi_clow_to_midway_0064,w_0064,grid_0_10,True,False,clow_to_midway,Clow International Airport to Midway International Airport,Clow International Airport,Midway International Airport,41.695923717435235,-88.12876224517822,41.7856116663475,-87.75331135429448,ohare_2026-03-07_1s_15nm_bbox,0.0,0.9,0.0,0.1,89,"[13722, 13720, 13706, 13705, 13491, 13477, 13475, 22492, 22490, 22467, 22452, 22450, 22426, 22432, 22433, 22447, 22448, 22471, 22291, 22295, 22294, 22706, 22709, 22721, 22543, 22545, 22544, 22563, 22564, 22565, 22554, 22553, 22555, 23729, 23728, 23746, 23747, 23748, 23760, 23739, 23761, 23757, 23753, 23758, 23821, 23822, 23827, 23840, 23841, 23846, 23927, 23960, 23965, 23980, 23981, 23992, 23997, 23999, 24117, 24140, 24144, 24147, 24180, 24182, 4981, 4982, 4986, 4990, 4993, 4994, 7218, 7251, 7253, 7249, 7500, 7282, 7286, 7510, 7521, 7523, 7522, 7430, 7417, 7415, 7195, 7192, 7191, 7178, 7173]",0.04013499999564374,success,,57.66904755831549,81.55634918550106,14.622991868308517,52.558687385704076,37.85049538741375,16.945742220219042
chi_clow_to_midway_0065,w_0065,grid_0_10,True,False,clow_to_midway,Clow International Airport to Midway International Airport,Clow International Airport,Midway International Airport,41.695923717435235,-88.12876224517822,41.7856116663475,-87.75331135429448,ohare_2026-03-07_1s_15nm_bbox,0.0,0.9,0.1,0.0,89,"[13722, 13709, 13708, 13495, 13490, 13478, 22495, 22493, 22468, 22456, 22454, 22429, 22432, 22433, 22447, 22448, 22473, 22474, 22296, 22299, 22711, 22724, 22728, 22726, 22543, 22545, 22547, 22563, 22566, 22801, 22592, 22591, 22593, 22575, 22573, 23774, 23776, 23773, 23764, 23765, 23761, 23759, 23783, 23787, 23828, 23826, 23830, 23843, 23844, 23846, 23927, 23960, 23965, 23980, 23981, 23992, 23997, 23999, 24117, 24141, 24144, 24145, 24149, 4956, 4959, 4984, 4977, 4979, 4993, 4994, 7218, 7251, 7253, 7249, 7500, 7282, 7286, 7510, 7298, 7523, 7522, 7416, 7414, 7415, 7195, 7192, 7191, 7178, 7173]",0.03810090000479249,success,,59.325901807804755,83.89949493598685,14.882888925442913,46.38468789466338,38.446607076659966,18.03306882236496
chi_clow_to_midway_0066,w_0066,grid_0_10,True,False,clow_to_midway,Clow International Airport to Midway International Airport,Clow International Airport,Midway International Airport,41.695923717435235,-88.12876224517822,41.7856116663475,-87.75331135429448,ohare_2026-03-07_1s_15nm_bbox,0.0,1.0,0.0,0.0,89,"[13722, 13709, 13706, 13705, 13491, 13477, 13475, 22492, 22490, 22467, 22452, 22450, 22426, 22430, 22199, 22441, 22442, 22446, 22275, 22290, 22292, 22706, 22709, 22721, 22543, 22545, 22544, 22563, 22564, 22565, 22554, 22553, 22555, 23729, 22570, 23746, 23747, 23748, 23760, 23739, 23735, 23751, 23753, 23758, 23821, 23822, 23827, 23840, 23841, 23846, 23927, 23960, 23965, 23980, 23981, 23992, 23997, 23999, 24117, 24140, 24138, 24146, 24180, 24182, 4981, 4982, 4986, 4990, 4993, 4994, 7218, 7251, 7253, 7249, 7500, 7282, 7286, 7287, 7295, 7297, 7296, 7413, 7411, 7412, 7195, 7192, 7191, 7178, 7173]",0.03258349999669008,success,,56.840620433568425,80.3847763102548,14.622991868308517,54.51243768104334,39.160854850433026,14.622991868308517
chi_clow_to_midway_0067,w_0067,grid_0_10,True,False,clow_to_midway,Clow International Airport to Midway International Airport,Clow International Airport,Midway International Airport,41.695923717435235,-88.12876224517822,41.7856116663475,-87.75331135429448,ohare_2026-03-07_1s_15nm_bbox,0.1,0.0,0.0,0.9,84,"[13722, 13721, 13498, 13493, 13494, 22633, 22635, 22634, 22609, 22650, 22625, 22623, 22624, 22616, 22618, 22617, 22713, 22715, 22714, 22724, 22725, 22723, 22543, 22545, 22544, 22563, 22564, 22565, 22554, 22553, 22555, 23729, 23728, 23743, 23744, 23745, 23737, 23739, 23738, 23751, 23718, 23716, 23583, 23558, 23556, 23564, 23563, 23566, 23368, 23601, 23604, 23624, 23625, 23653, 23658, 23690, 23667, 23901, 23903, 4582, 4584, 4589, 4590, 4594, 4598, 4760, 4762, 4767, 4778, 7012, 7016, 7033, 7035, 7044, 7047, 7070, 7120, 7121, 7125, 7131, 7135, 7138, 7170, 7173]",0.1538977000018349,success,,51.234018715769295,72.455844122178,28.12632151208317,53.41933532432208,27.503598774724647,31.99882330946998
chi_clow_to_midway_0068,w_0068,grid_0_10,True,False,clow_to_midway,Clow International Airport to Midway International Airport,Clow International Airport,Midway International Airport,41.695923717435235,-88.12876224517822,41.7856116663475,-87.75331135429448,ohare_2026-03-07_1s_15nm_bbox,0.1,0.0,0.1,0.8,84,"[13722, 13727, 13715, 13713, 13714, 22662, 22663, 22664, 22655, 22656, 22674, 22673, 22672, 22646, 22680, 22648, 22735, 22737, 22736, 22745, 22747, 22746, 22585, 22587, 22582, 22569, 22800, 22801, 22559, 22591, 22590, 22572, 22573, 23770, 23749, 23771, 23764, 23762, 23761, 23754, 23750, 23719, 23591, 23595, 23598, 23811, 23814, 23816, 23679, 23923, 23924, 23934, 23935, 23955, 23956, 23991, 23977, 24112, 24113, 4932, 4935, 4939, 4962, 4964, 4966, 7080, 7082, 7085, 7207, 7208, 7225, 7229, 7270, 7263, 7268, 7290, 7189, 7411, 7412, 7195, 7192, 7191, 7178, 7173]",0.1436637000006158,success,,51.64823227814251,73.04163055980071,40.64690117758724,47.93674341332568,27.850715493499575,34.3784097921123
chi_clow_to_midway_0069,w_0069,grid_0_10,True,False,clow_to_midway,Clow International Airport to Midway International Airport,Clow International Airport,Midway International Airport,41.695923717435235,-88.12876224517822,41.7856116663475,-87.75331135429448,ohare_2026-03-07_1s_15nm_bbox,0.1,0.0,0.2,0.7,84,"[13722, 13724, 13499, 13497, 13496, 22637, 22661, 22660, 22655, 22656, 22671, 22670, 22672, 22646, 22680, 22648, 22732, 22737, 22736, 22745, 22747, 22742, 22585, 22587, 22582, 22569, 22800, 22801, 22559, 22591, 22593, 22575, 22573, 23770, 23749, 23771, 23764, 23762, 23761, 23754, 23750, 23719, 23585, 23589, 23590, 23804, 23806, 23809, 23673, 23677, 23678, 23689, 23931, 23918, 23952, 23954, 23972, 23976, 23979, 4916, 4919, 4933, 4944, 4949, 4960, 7064, 7068, 7069, 7203, 7204, 7220, 7223, 7224, 7237, 7262, 7261, 7157, 7155, 7151, 7137, 7139, 7162, 7175, 7173]",0.1273278999942704,success,,53.30508652762829,75.38477631028154,40.20872523033304,41.34031061849049,28.8764701318457,36.020068847018244
chi_clow_to_midway_0070,w_0070,grid_0_10,True,False,clow_to_midway,Clow International Airport to Midway International Airport,Clow International Airport,Midway International Airport,41.695923717435235,-88.12876224517822,41.7856116663475,-87.75331135429448,ohare_2026-03-07_1s_15nm_bbox,0.1,0.0,0.3,0.6,84,"[13722, 13724, 13499, 13497, 13496, 22637, 22661, 22660, 22655, 22656, 22671, 22670, 22672, 22646, 22680, 22648, 22732, 22737, 22736, 22745, 22747, 22742, 22585, 22587, 22582, 22569, 22800, 22801, 22559, 22591, 22593, 22575, 22573, 23770, 23747, 23745, 23734, 23736, 23735, 23717, 23718, 23716, 23585, 23589, 23590, 23804, 23806, 23809, 23673, 23677, 23678, 23689, 23931, 23918, 23919, 23951, 23949, 23973, 23974, 4912, 4915, 4918, 4942, 4945, 4948, 7062, 7063, 7067, 7201, 7202, 7095, 7099, 7221, 7234, 7238, 7239, 7154, 7155, 7151, 7137, 7139, 7162, 7175, 7173]",0.10591830000339542,success,,52.89087296525718,74.79898987266182,37.61495135490808,40.888273019514955,29.133588006871538,37.22653369724359
chi_clow_to_midway_0071,w_0071,grid_0_10,True,False,clow_to_midway,Clow International Airport to Midway International Airport,Clow International Airport,Midway International Airport,41.695923717435235,-88.12876224517822,41.7856116663475,-87.75331135429448,ohare_2026-03-07_1s_15nm_bbox,0.1,0.0,0.4,0.5,84,"[13722, 13724, 13499, 13497, 13496, 22637, 22661, 22660, 22655, 22656, 22671, 22670, 22672, 22646, 22680, 22648, 22732, 22737, 22736, 22745, 22747, 22742, 22585, 22587, 22582, 22569, 22800, 22801, 22559, 22591, 22593, 22575, 22573, 23770, 23747, 23745, 23734, 23736, 23735, 23717, 23718, 23716, 23585, 23589, 23590, 23804, 23806, 23809, 23673, 23677, 23678, 23689, 23931, 23918, 23919, 23951, 23949, 23973, 23974, 4912, 4915, 4918, 4942, 4945, 4948, 7062, 7063, 7067, 7201, 7202, 7095, 7099, 7221, 7234, 7238, 7239, 7154, 7155, 7151, 7137, 7139, 7162, 7175, 7173]",0.09873660000448581,success,,52.89087296525718,74.79898987266182,37.61495135490808,40.888273019514955,29.133588006871538,38.40200219850794
chi_clow_to_midway_0072,w_0072,grid_0_10,True,False,clow_to_midway,Clow International Airport to Midway International Airport,Clow International Airport,Midway International Airport,41.695923717435235,-88.12876224517822,41.7856116663475,-87.75331135429448,ohare_2026-03-07_1s_15nm_bbox,0.1,0.0,0.5,0.4,85,"[13722, 13724, 13499, 13497, 13496, 22637, 22661, 22660, 22655, 22656, 22671, 22670, 22672, 22646, 22680, 22648, 22732, 22737, 22736, 22745, 22747, 22742, 22585, 22587, 22582, 22569, 22800, 22801, 22559, 22591, 22593, 22575, 22573, 23770, 23747, 23745, 23734, 23736, 23735, 23717, 23718, 23719, 23588, 23592, 23593, 23807, 23810, 23809, 23673, 23677, 23678, 23689, 23931, 23933, 23950, 23953, 23958, 23975, 23978, 24110, 4930, 4931, 4936, 4947, 4961, 4963, 7066, 7081, 7084, 7205, 7206, 7222, 7226, 7227, 7237, 7238, 7239, 7154, 7155, 7151, 7137, 7139, 7162, 7175, 7173]",0.09526680000271881,success,,52.769552621696114,74.62741699740725,41.61782904175813,40.31251274842372,29.74633714712422,39.517532932802276
chi_clow_to_midway_0073,w_0073,grid_0_10,True,False,clow_to_midway,Clow International Airport to Midway International Airport,Clow International Airport,Midway International Airport,41.695923717435235,-88.12876224517822,41.7856116663475,-87.75331135429448,ohare_2026-03-07_1s_15nm_bbox,0.1,0.0,0.6,0.3,84,"[13722, 13724, 13499, 13497, 13496, 22637, 22661, 22660, 22655, 22656, 22671, 22670, 22672, 22646, 22680, 22648, 22732, 22737, 22736, 22743, 22741, 22742, 22585, 22587, 22582, 22569, 22800, 22801, 22559, 22591, 22593, 22575, 22573, 23770, 23747, 23745, 23734, 23736, 23735, 23717, 23718, 23719, 23588, 23592, 23593, 23807, 23810, 23809, 23673, 23677, 23678, 23689, 23931, 23918, 23919, 23951, 23949, 23973, 23974, 4912, 4913, 4914, 4925, 4928, 4943, 7005, 7008, 7060, 7055, 7056, 7059, 7094, 7097, 7078, 7233, 7236, 7154, 7155, 7151, 7137, 7139, 7162, 7175, 7173]",0.09550170000147773,success,,52.89087296525629,74.79898987266056,34.50810557182693,40.04727423230332,30.096857324820665,40.53732072409425
chi_clow_to_midway_0074,w_0074,grid_0_10,True,False,clow_to_midway,Clow International Airport to Midway International Airport,Clow International Airport,Midway International Airport,41.695923717435235,-88.12876224517822,41.7856116663475,-87.75331135429448,ohare_2026-03-07_1s_15nm_bbox,0.1,0.0,0.7,0.2,85,"[13722, 13724, 13499, 13497, 13496, 22637, 22661, 22660, 22655, 22656, 22671, 22670, 22672, 22646, 22680, 22648, 22732, 22737, 22736, 22743, 22741, 22742, 22585, 22587, 22582, 22569, 22800, 22801, 22559, 22591, 22593, 22575, 22573, 23770, 23747, 23745, 23734, 23736, 23735, 23717, 23718, 23719, 23588, 23592, 23593, 23807, 23810, 23809, 23673, 23677, 23678, 23689, 23931, 23933, 23950, 23953, 23958, 23975, 23978, 24110, 4930, 4931, 4933, 4942, 4928, 4943, 7005, 7008, 7060, 7055, 7056, 7059, 7094, 7097, 7078, 7233, 7236, 7154, 7155, 7151, 7137, 7139, 7162, 7175, 7173]",0.09713589999591932,success,,53.59797974644208,75.79898987265202,37.80379351196582,39.76856102220428,30.46849148267611,41.51158999934342
chi_clow_to_midway_0075,w_0075,grid_0_10,True,False,clow_to_midway,Clow International Airport to Midway International Airport,Clow International Airport,Midway International Airport,41.695923717435235,-88.12876224517822,41.7856116663475,-87.75331135429448,ohare_2026-03-07_1s_15nm_bbox,0.1,0.0,0.8,0.1,85,"[13722, 13724, 13499, 13497, 13496, 22637, 22661, 22660, 22655, 22656, 22671, 22670, 22672, 22646, 22680, 22648, 22732, 22737, 22736, 22743, 22741, 22742, 22585, 22587, 22582, 22569, 22800, 22801, 22592, 22591, 22593, 22575, 22574, 23774, 23776, 23773, 23764, 23762, 23761, 23757, 23780, 23781, 23821, 23599, 23820, 23807, 23810, 23809, 23673, 23677, 23678, 23689, 23931, 23933, 23950, 23953, 23958, 23975, 23978, 24110, 4930, 4931, 4933, 4942, 4928, 4943, 7005, 7008, 7060, 7052, 7053, 7058, 7091, 7092, 7075, 7230, 7232, 7150, 7155, 7151, 7137, 7139, 7162, 7175, 7173]",0.09703370000352152,success,,53.59797974644568,75.79898987265712,37.44871974416497,39.52888879472328,31.731007575087506,42.376110780553084
chi_clow_to_midway_0076,w_0076,grid_0_10,True,False,clow_to_midway,Clow International Airport to Midway International Airport,Clow International Airport,Midway International Airport,41.695923717435235,-88.12876224517822,41.7856116663475,-87.75331135429448,ohare_2026-03-07_1s_15nm_bbox,0.1,0.0,0.9,0.0,286,"[13722, 13720, 13707, 13483, 13481, 13458, 13465, 13452, 13450, 13426, 13424, 13409, 13408, 13404, 13263, 13262, 13260, 13246, 13244, 13245, 13252, 13251, 13308, 13309, 13306, 13093, 13300, 13067, 13083, 13081, 13059, 13056, 13042, 13040, 13016, 13014, 13021, 11697, 11694, 11692, 11658, 11656, 11811, 11810, 11807, 11637, 11634, 11631, 11606, 11573, 11572, 11548, 11554, 11553, 11550, 11517, 11513, 11089, 11504, 11505, 11297, 11296, 11298, 11416, 11417, 11418, 11406, 11407, 11408, 10318, 10316, 10317, 10198, 10196, 10197, 10307, 10308, 10306, 10505, 10504, 10087, 10086, 10088, 10098, 10096, 10097, 10298, 10296, 10297, 10406, 10408, 10407, 10417, 10416, 10418, 20098, 20096, 20097, 20511, 20510, 20500, 20502, 20501, 20197, 20196, 20198, 20418, 20417, 20416, 20406, 20408, 20407, 20307, 20306, 20308, 20316, 20317, 20318, 20296, 20298, 20297, 21345, 21344, 21318, 21316, 21317, 21337, 21338, 21336, 21328, 21327, 21326, 21266, 21267, 21268, 21276, 21278, 21277, 21197, 21198, 21196, 21405, 21404, 21187, 21186, 21188, 1318, 1317, 1316, 1326, 1327, 1328, 1347, 1348, 1346, 1337, 1338, 1336, 1278, 1276, 1277, 1268, 1267, 1444, 1443, 1445, 1438, 1436, 1437, 1427, 1428, 1426, 267, 268, 266, 286, 287, 288, 277, 278, 276, 316, 317, 346, 345, 344, 338, 337, 351, 354, 357, 390, 393, 395, 397, 631, 635, 637, 650, 653, 656, 658, 682, 685, 688, 912, 915, 916, 919, 942, 945, 948, 992, 994, 997, 3231, 3235, 3237, 3239, 3253, 3256, 3259, 3272, 3275, 3278, 3500, 3504, 3508, 3520, 3524, 3527, 3550, 3553, 3556, 3559, 3592, 3593, 3597, 3810, 3814, 3816, 3840, 3843, 3846, 3844, 3852, 3850, 3851, 3693, 3694, 3697, 3902, 3904, 3908, 3928, 3951, 5037, 5039, 5052, 5055, 5067, 5301, 5305, 5096, 5099, 5324, 5413, 5415, 5416, 5198, 5423, 5425, 5436, 5435, 5437, 5294, 5295, 5516, 5518, 5540, 5530, 5508, 5509, 7179, 7176, 7173]",0.10084869999991497,success,,156.79036790187445,221.73506473464576,168.36494771965624,22.040184891920177,53.6551327962871,42.00967287619274
chi_clow_to_midway_0077,w_0077,grid_0_10,True,False,clow_to_midway,Clow International Airport to Midway International Airport,Clow International Airport,Midway International Airport,41.695923717435235,-88.12876224517822,41.7856116663475,-87.75331135429448,ohare_2026-03-07_1s_15nm_bbox,0.1,0.1,0.0,0.8,84,"[13722, 13721, 13498, 13493, 13494, 22633, 22635, 22634, 22609, 22650, 22625, 22623, 22624, 22614, 22615, 22613, 22710, 22712, 22711, 22720, 22722, 22721, 22543, 22545, 22544, 22563, 22564, 22565, 22554, 22553, 22555, 23729, 23728, 23746, 23747, 23748, 23760, 23739, 23738, 23751, 23718, 23716, 23583, 23558, 23556, 23564, 23567, 23566, 23368, 23601, 23604, 23624, 23625, 23653, 23658, 23690, 23667, 23901, 23903, 4582, 4584, 4589, 4590, 4594, 4598, 4760, 4762, 4767, 4778, 7012, 7016, 7033, 7035, 7044, 7047, 7070, 7120, 7121, 7125, 7131, 7135, 7138, 7170, 7173]",0.12419419999787351,success,,52.062445840516794,73.62741699742493,25.740913230518636,52.577445275191934,27.51877822300786,31.951855601200645
chi_clow_to_midway_0078,w_0078,grid_0_10,True,False,clow_to_midway,Clow International Airport to Midway International Airport,Clow International Airport,Midway International Airport,41.695923717435235,-88.12876224517822,41.7856116663475,-87.75331135429448,ohare_2026-03-07_1s_15nm_bbox,0.1,0.1,0.1,0.7,84,"[13722, 13721, 13498, 13493, 13494, 22633, 22635, 22634, 22609, 22650, 22625, 22623, 22624, 22614, 22615, 22613, 22710, 22712, 22711, 22720, 22722, 22723, 22543, 22545, 22544, 22563, 22566, 22801, 22559, 22591, 22590, 22572, 22573, 23770, 23749, 23771, 23764, 23765, 23761, 23757, 23780, 23781, 23824, 23826, 23830, 23843, 23844, 23846, 23927, 23960, 23965, 23980, 23981, 23992, 23997, 23999, 24117, 24141, 24143, 4951, 4953, 4957, 4971, 4973, 4975, 7088, 7211, 7216, 7243, 7244, 7274, 7277, 7280, 7292, 7297, 7299, 7416, 7414, 7415, 7195, 7192, 7191, 7178, 7173]",0.11310470000171335,success,,51.23401871576874,72.45584412217725,22.229710584631157,48.64275375402443,28.58622964776129,34.34319159951619
chi_clow_to_midway_0079,w_0079,grid_0_10,True,False,clow_to_midway,Clow International Airport to Midway International Airport,Clow International Airport,Midway International Airport,41.695923717435235,-88.12876224517822,41.7856116663475,-87.75331135429448,ohare_2026-03-07_1s_15nm_bbox,0.1,0.1,0.2,0.6,84,"[13722, 13721, 13498, 13493, 13494, 22633, 22635, 22634, 22609, 22650, 22625, 22623, 22624, 22614, 22615, 22613, 22713, 22718, 22717, 22727, 22728, 22726, 22543, 22545, 22544, 22563, 22566, 22801, 22559, 22591, 22593, 22575, 22573, 23770, 23749, 23771, 23764, 23765, 23761, 23754, 23750, 23719, 23585, 23589, 23590, 23804, 23806, 23809, 23673, 23677, 23678, 23689, 23931, 23918, 23919, 23951, 23949, 23973, 23974, 4912, 4915, 4918, 4942, 4945, 4948, 7062, 7063, 7067, 7201, 7202, 7095, 7099, 7098, 7078, 7233, 7232, 7129, 7128, 7151, 7137, 7139, 7162, 7170, 7173]",0.09681320000527194,success,,51.64823227814119,73.04163055979885,23.53609200761902,44.36106452205837,29.41244200494856,36.17745036412259
chi_clow_to_midway_0080,w_0080,grid_0_10,True,False,clow_to_midway,Clow International Airport to Midway International Airport,Clow International Airport,Midway International Airport,41.695923717435235,-88.12876224517822,41.7856116663475,-87.75331135429448,ohare_2026-03-07_1s_15nm_bbox,0.1,0.1,0.3,0.5,85,"[13722, 13709, 13708, 13495, 13493, 13494, 22633, 22635, 22634, 22609, 22650, 22625, 22623, 22624, 22614, 22615, 22613, 22713, 22718, 22717, 22727, 22728, 22726, 22543, 22545, 22544, 22563, 22566, 22801, 22559, 22591, 22593, 22575, 22573, 23770, 23749, 23771, 23764, 23765, 23761, 23754, 23750, 23719, 23585, 23589, 23590, 23804, 23806, 23809, 23673, 23677, 23678, 23689, 23931, 23918, 23919, 23951, 23949, 23973, 23974, 4912, 4915, 4918, 4942, 4945, 4948, 7062, 7063, 7067, 7201, 7202, 7095, 7099, 7098, 7078, 7233, 7232, 7150, 7155, 7151, 7137, 7139, 7162, 7170, 7173]",0.09035499999299645,success,,52.355339059327,74.04163055979035,25.463142343318914,43.30793207079508,29.412439948998905,37.6490768860489
chi_clow_to_midway_0081,w_0081,grid_0_10,True,False,clow_to_midway,Clow International Airport to Midway International Airport,Clow International Airport,Midway International Airport,41.695923717435235,-88.12876224517822,41.7856116663475,-87.75331135429448,ohare_2026-03-07_1s_15nm_bbox,0.1,0.1,0.4,0.4,84,"[13722, 13721, 13499, 13497, 13496, 22637, 22636, 22660, 22655, 22656, 22671, 22670, 22672, 22646, 22680, 22648, 22732, 22737, 22736, 22743, 22741, 22742, 22585, 22587, 22582, 22569, 22800, 22801, 22559, 22591, 22593, 22575, 22573, 23770, 23747, 23745, 23734, 23736, 23735, 23717, 23718, 23716, 23585, 23589, 23590, 23804, 23806, 23809, 23673, 23677, 23678, 23689, 23931, 23918, 23919, 23951, 23949, 23973, 23974, 4912, 4913, 4914, 4925, 4928, 4943, 7005, 7008, 7060, 7055, 7056, 7059, 7094, 7097, 7078, 7233, 7232, 7150, 7155, 7151, 7137, 7139, 7162, 7170, 7173]",0.08664440000575269,success,,53.30508652763059,75.3847763102848,32.89913842314837,40.47605555366942,29.75255308141495,38.91983492737707
chi_clow_to_midway_0082,w_0082,grid_0_10,True,False,clow_to_midway,Clow International Airport to Midway International Airport,Clow International Airport,Midway International Airport,41.695923717435235,-88.12876224517822,41.7856116663475,-87.75331135429448,ohare_2026-03-07_1s_15nm_bbox,0.1,0.1,0.5,0.3,84,"[13722, 13724, 13499, 13497, 13496, 22637, 22636, 22660, 22655, 22656, 22671, 22670, 22672, 22646, 22680, 22648, 22732, 22737, 22736, 22743, 22741, 22742, 22585, 22587, 22582, 22569, 22800, 22801, 22559, 22591, 22593, 22575, 22573, 23770, 23747, 23745, 23734, 23736, 23735, 23717, 23718, 23719, 23588, 23592, 23593, 23807, 23810, 23809, 23673, 23677, 23678, 23689, 23931, 23918, 23919, 23951, 23949, 23973, 23974, 4912, 4913, 4914, 4925, 4928, 4943, 7005, 7008, 7060, 7055, 7056, 7059, 7094, 7097, 7078, 7233, 7232, 7150, 7155, 7151, 7137, 7139, 7162, 7170, 7173]",0.08566419999988284,success,,52.89087296525803,74.79898987266303,33.1253005554418,40.1503335684201,30.18828431913811,39.92408112276196
chi_clow_to_midway_0083,w_0083,grid_0_10,True,False,clow_to_midway,Clow International Airport to Midway International Airport,Clow International Airport,Midway International Airport,41.695923717435235,-88.12876224517822,41.7856116663475,-87.75331135429448,ohare_2026-03-07_1s_15nm_bbox,0.1,0.1,0.6,0.2,85,"[13722, 13709, 13708, 13495, 13493, 13494, 22633, 22636, 22660, 22655, 22656, 22671, 22670, 22672, 22646, 22680, 22648, 22732, 22737, 22736, 22743, 22741, 22742, 22585, 22587, 22582, 22569, 22800, 22801, 22559, 22591, 22593, 22575, 22573, 23770, 23747, 23745, 23734, 23736, 23735, 23717, 23718, 23719, 23588, 23592, 23593, 23807, 23810, 23809, 23673, 23677, 23678, 23689, 23931, 23918, 23919, 23951, 23949, 23973, 23974, 4912, 4913, 4914, 4925, 4928, 4943, 7005, 7008, 7060, 7055, 7056, 7059, 7094, 7097, 7078, 7233, 7232, 7150, 7155, 7151, 7137, 7139, 7162, 7170, 7173]",0.08091750000312459,success,,53.597979746442455,75.79898987265256,32.38266938904284,40.101832433012824,30.187918930333577,40.91684917204395
chi_clow_to_midway_0084,w_0084,grid_0_10,True,False,clow_to_midway,Clow International Airport to Midway International Airport,Clow International Airport,Midway International Airport,41.695923717435235,-88.12876224517822,41.7856116663475,-87.75331135429448,ohare_2026-03-07_1s_15nm_bbox,0.1,0.1,0.7,0.1,86,"[13722, 13709, 13708, 13495, 13493, 13494, 22633, 22636, 22660, 22655, 22656, 22671, 22670, 22672, 22646, 22680, 22648, 22732, 22737, 22736, 22743, 22741, 22742, 22585, 22587, 22582, 22569, 22800, 22801, 22559, 22591, 22593, 22575, 22574, 23774, 23776, 23773, 23764, 23762, 23761, 23757, 23780, 23781, 23821, 23599, 23820, 23807, 23810, 23809, 23673, 23677, 23678, 23689, 23931, 23933, 23950, 23953, 23958, 23972, 23973, 23974, 4912, 4913, 4914, 4925, 4928, 4943, 7005, 7008, 7060, 7055, 7056, 7059, 7094, 7097, 7078, 7233, 7232, 7150, 7155, 7151, 7137, 7139, 7162, 7170, 7173]",0.07973239999409998,success,,53.47665940288401,75.62741699740174,32.4181520273106,39.792295124339,31.67186202469458,41.82634969197799
chi_clow_to_midway_0085,w_0085,grid_0_10,True,False,clow_to_midway,Clow International Airport to Midway International Airport,Clow International Airport,Midway International Airport,41.695923717435235,-88.12876224517822,41.7856116663475,-87.75331135429448,ohare_2026-03-07_1s_15nm_bbox,0.1,0.1,0.8,0.0,88,"[13722, 13709, 13708, 13495, 13490, 13478, 22495, 22493, 22468, 22456, 22454, 22429, 22435, 22436, 22447, 22448, 22473, 22476, 22478, 22296, 22299, 22711, 22724, 22728, 22726, 22543, 22545, 22544, 22563, 22566, 22801, 22592, 22591, 22593, 22575, 22574, 23774, 23776, 23773, 23766, 23769, 23790, 23782, 23780, 23781, 23821, 23599, 23820, 23807, 23810, 23809, 23673, 23677, 23678, 23689, 23931, 23933, 23950, 23953, 23958, 23972, 23973, 23974, 4912, 4913, 4914, 4925, 4928, 4943, 7005, 7008, 7060, 7052, 7053, 7058, 7091, 7092, 7075, 7230, 7232, 7150, 7155, 7151, 7137, 7139, 7162, 7170, 7173]",0.08025009999983013,success,,55.71930009000802,78.79898987263861,22.956562384382437,39.93533061509467,40.62317802193996,42.12381971777784
chi_clow_to_midway_0086,w_0086,grid_0_10,True,False,clow_to_midway,Clow International Airport to Midway International Airport,Clow International Airport,Midway International Airport,41.695923717435235,-88.12876224517822,41.7856116663475,-87.75331135429448,ohare_2026-03-07_1s_15nm_bbox,0.1,0.2,0.0,0.7,84,"[13722, 13721, 13498, 13493, 13494, 22633, 22635, 22634, 22609, 22650, 22625, 22623, 22624, 22614, 22615, 22613, 22710, 22712, 22711, 22720, 22722, 22721, 22543, 22545, 22544, 22563, 22564, 22565, 22554, 22553, 22555, 23729, 23728, 23746, 23747, 23748, 23760, 23739, 23738, 23754, 23753, 23758, 23821, 23822, 23827, 23840, 23841, 23846, 23927, 23960, 23965, 23980, 23981, 23992, 23997, 23999, 24117, 24141, 24143, 4951, 4953, 4957, 4971, 4973, 4975, 7088, 7211, 7216, 7243, 7244, 7274, 7277, 7280, 7292, 7297, 7296, 7413, 7411, 7412, 7195, 7192, 7191, 7178, 7173]",0.10867380000127014,success,,50.81980515339521,71.87005768455411,22.221798379456057,50.98713049976934,28.58944878097535,31.643979591029368
chi_clow_to_midway_0087,w_0087,grid_0_10,True,False,clow_to_midway,Clow International Airport to Midway International Airport,Clow International Airport,Midway International Airport,41.695923717435235,-88.12876224517822,41.7856116663475,-87.75331135429448,ohare_2026-03-07_1s_15nm_bbox,0.1,0.2,0.1,0.6,84,"[13722, 13721, 13498, 13493, 13494, 22633, 22635, 22634, 22609, 22650, 22625, 22623, 22624, 22614, 22615, 22613, 22710, 22712, 22711, 22720, 22722, 22723, 22543, 22545, 22544, 22563, 22566, 22801, 22559, 22591, 22590, 22572, 22573, 23770, 23749, 23771, 23764, 23765, 23761, 23757, 23780, 23781, 23824, 23826, 23830, 23843, 23844, 23846, 23927, 23960, 23965, 23980, 23981, 23992, 23997, 23999, 24117, 24141, 24143, 4951, 4953, 4957, 4971, 4973, 4975, 7088, 7211, 7216, 7243, 7244, 7274, 7277, 7280, 7292, 7297, 7299, 7416, 7414, 7415, 7195, 7192, 7191, 7178, 7173]",0.093620200001169,success,,51.23401871576874,72.45584412217725,22.229710584631157,48.64275375402443,28.58622964776129,33.707539693203174
chi_clow_to_midway_0088,w_0088,grid_0_10,True,False,clow_to_midway,Clow International Airport to Midway International Airport,Clow International Airport,Midway International Airport,41.695923717435235,-88.12876224517822,41.7856116663475,-87.75331135429448,ohare_2026-03-07_1s_15nm_bbox,0.1,0.2,0.2,0.5,84,"[13722, 13721, 13498, 13493, 13494, 22633, 22635, 22634, 22609, 22650, 22625, 22623, 22624, 22614, 22615, 22613, 22713, 22718, 22717, 22727, 22728, 22726, 22543, 22545, 22544, 22563, 22566, 22801, 22559, 22591, 22593, 22575, 22573, 23770, 23749, 23771, 23764, 23765, 23761, 23754, 23750, 23719, 23585, 23589, 23590, 23804, 23806, 23809, 23673, 23677, 23678, 23689, 23931, 23918, 23919, 23951, 23949, 23973, 23974, 4912, 4915, 4918, 4942, 4945, 4948, 7062, 7063, 7067, 7201, 7202, 7095, 7099, 7098, 7078, 7233, 7232, 7129, 7128, 7151, 7137, 7139, 7162, 7175, 7173]",0.08495199999742908,success,,51.64823227814119,73.04163055979885,23.53609200761902,44.36106452205837,29.41244200494856,35.58981536438964
chi_clow_to_midway_0089,w_0089,grid_0_10,True,False,clow_to_midway,Clow International Airport to Midway International Airport,Clow International Airport,Midway International Airport,41.695923717435235,-88.12876224517822,41.7856116663475,-87.75331135429448,ohare_2026-03-07_1s_15nm_bbox,0.1,0.2,0.3,0.4,84,"[13722, 13721, 13498, 13493, 13494, 22633, 22635, 22634, 22609, 22650, 22625, 22623, 22624, 22614, 22615, 22613, 22713, 22718, 22717, 22727, 22728, 22726, 22543, 22545, 22544, 22563, 22566, 22801, 22559, 22591, 22593, 22575, 22573, 23770, 23749, 23771, 23764, 23765, 23761, 23754, 23750, 23719, 23585, 23589, 23590, 23804, 23806, 23809, 23673, 23677, 23678, 23689, 23931, 23918, 23919, 23951, 23949, 23973, 23974, 4912, 4913, 4914, 4925, 4928, 4943, 7005, 7008, 7060, 7055, 7056, 7059, 7094, 7097, 7078, 7233, 7232, 7129, 7128, 7151, 7137, 7139, 7162, 7175, 7173]",0.07769659999758005,success,,51.64823227814185,73.04163055979978,23.29834668751402,44.072080032456064,29.691983485619144,37.06224979746726
chi_clow_to_midway_0090,w_0090,grid_0_10,True,False,clow_to_midway,Clow International Airport to Midway International Airport,Clow International Airport,Midway International Airport,41.695923717435235,-88.12876224517822,41.7856116663475,-87.75331135429448,ohare_2026-03-07_1s_15nm_bbox,0.1,0.2,0.4,0.3,85,"[13722, 13709, 13708, 13495, 13493, 13494, 22633, 22635, 22634, 22609, 22650, 22625, 22623, 22624, 22614, 22615, 22613, 22713, 22718, 22717, 22727, 22728, 22726, 22543, 22545, 22544, 22563, 22566, 22801, 22559, 22591, 22593, 22575, 22573, 23770, 23749, 23771, 23764, 23765, 23761, 23754, 23750, 23719, 23588, 23592, 23593, 23807, 23810, 23809, 23673, 23677, 23678, 23689, 23931, 23918, 23919, 23951, 23949, 23973, 23974, 4912, 4913, 4914, 4925, 4928, 4943, 7005, 7008, 7060, 7055, 7056, 7059, 7094, 7097, 7078, 7233, 7232, 7129, 7128, 7151, 7137, 7139, 7162, 7175, 7173]",0.07343499999842606,success,,51.526911934580504,72.87005768454483,23.556292580960168,43.512687676815375,30.13123287762411,38.4427092186599
chi_clow_to_midway_0091,w_0091,grid_0_10,True,False,clow_to_midway,Clow International Airport to Midway International Airport,Clow International Airport,Midway International Airport,41.695923717435235,-88.12876224517822,41.7856116663475,-87.75331135429448,ohare_2026-03-07_1s_15nm_bbox,0.1,0.2,0.5,0.2,85,"[13722, 13709, 13708, 13495, 13493, 13494, 22633, 22635, 22634, 22609, 22650, 22625, 22623, 22624, 22614, 22615, 22613, 22710, 22299, 22711, 22724, 22728, 22726, 22543, 22545, 22544, 22563, 22566, 22801, 22559, 22591, 22593, 22575, 22573, 23770, 23749, 23771, 23760, 23739, 23735, 23717, 23718, 23719, 23588, 23592, 23593, 23807, 23810, 23809, 23673, 23677, 23678, 23689, 23931, 23918, 23919, 23951, 23949, 23973, 23974, 4912, 4913, 4914, 4925, 4928, 4943, 7005, 7008, 7060, 7055, 7056, 7059, 7094, 7097, 7078, 7233, 7232, 7129, 7128, 7151, 7137, 7139, 7162, 7175, 7173]",0.07109949999721721,success,,51.94112549695348,73.45584412216722,23.548380375785065,43.38963790143977,30.147678390705,39.77961511623462
chi_clow_to_midway_0092,w_0092,grid_0_10,True,False,clow_to_midway,Clow International Airport to Midway International Airport,Clow International Airport,Midway International Airport,41.695923717435235,-88.12876224517822,41.7856116663475,-87.75331135429448,ohare_2026-03-07_1s_15nm_bbox,0.1,0.2,0.6,0.1,86,"[13722, 13709, 13708, 13495, 13490, 13478, 22495, 22493, 22468, 22456, 22454, 22429, 22435, 22437, 22472, 22476, 22478, 22296, 22299, 22711, 22724, 22728, 22726, 22543, 22545, 22544, 22563, 22566, 22801, 22559, 22591, 22593, 22575, 22574, 23774, 23776, 23773, 23764, 23765, 23761, 23757, 23780, 23781, 23821, 23599, 23820, 23807, 23810, 23809, 23673, 23677, 23678, 23689, 23931, 23933, 23950, 23953, 23958, 23972, 23973, 23974, 4912, 4913, 4914, 4925, 4928, 4943, 7005, 7008, 7060, 7055, 7056, 7059, 7094, 7097, 7078, 7233, 7232, 7150, 7155, 7151, 7137, 7139, 7162, 7175, 7173]",0.06836520000069868,success,,54.71930009000791,77.3847763102759,22.61413956435636,40.448387751314115,37.7780123360256,40.30813942828989
chi_clow_to_midway_0093,w_0093,grid_0_10,True,False,clow_to_midway,Clow International Airport to Midway International Airport,Clow International Airport,Midway International Airport,41.695923717435235,-88.12876224517822,41.7856116663475,-87.75331135429448,ohare_2026-03-07_1s_15nm_bbox,0.1,0.2,0.7,0.0,88,"[13722, 13709, 13708, 13495, 13490, 13478, 22495, 22493, 22468, 22456, 22454, 22429, 22435, 22436, 22447, 22448, 22473, 22476, 22478, 22296, 22299, 22711, 22724, 22728, 22726, 22543, 22545, 22544, 22563, 22566, 22801, 22559, 22591, 22593, 22575, 22574, 23774, 23776, 23773, 23766, 23769, 23790, 23782, 23780, 23781, 23821, 23599, 23820, 23807, 23810, 23809, 23673, 23677, 23678, 23689, 23931, 23933, 23950, 23953, 23958, 23972, 23973, 23974, 4912, 4913, 4914, 4925, 4928, 4943, 7005, 7008, 7060, 7055, 7056, 7059, 7094, 7097, 7078, 7233, 7232, 7150, 7155, 7151, 7137, 7139, 7162, 7175, 7173]",0.06723200000124052,success,,55.30508652763439,78.2132034350153,22.49290834140661,40.10016566692685,40.41385633050333,40.39001797863165
chi_clow_to_midway_0094,w_0094,grid_0_10,True,False,clow_to_midway,Clow International Airport to Midway International Airport,Clow International Airport,Midway International Airport,41.695923717435235,-88.12876224517822,41.7856116663475,-87.75331135429448,ohare_2026-03-07_1s_15nm_bbox,0.1,0.3,0.0,0.6,85,"[13722, 13721, 13498, 13493, 13494, 22633, 22635, 22634, 22609, 22650, 22625, 22623, 22624, 22614, 22615, 22613, 22710, 22712, 22711, 22720, 22722, 22721, 22543, 22545, 22544, 22563, 22564, 22565, 22554, 22553, 22555, 23729, 23728, 23746, 23747, 23748, 23760, 23739, 23761, 23757, 23780, 23784, 23825, 23829, 23831, 23845, 23847, 23861, 23964, 23968, 24101, 23983, 23985, 24130, 24131, 24135, 24142, 24147, 24180, 24182, 4981, 4982, 4986, 4990, 4993, 4994, 7218, 7251, 7253, 7249, 7500, 7282, 7286, 7287, 7295, 7297, 7296, 7413, 7411, 7412, 7195, 7192, 7191, 7178, 7173]",0.09404979999817442,success,,51.11269837221123,72.28427124692774,19.94750300161895,51.88615421746741,29.372041763715046,30.835903083407487
chi_clow_to_midway_0095,w_0095,grid_0_10,True,False,clow_to_midway,Clow International Airport to Midway International Airport,Clow International Airport,Midway International Airport,41.695923717435235,-88.12876224517822,41.7856116663475,-87.75331135429448,ohare_2026-03-07_1s_15nm_bbox,0.1,0.3,0.1,0.5,84,"[13722, 13721, 13498, 13493, 13494, 22633, 22635, 22634, 22609, 22650, 22625, 22623, 22624, 22614, 22615, 22613, 22710, 22712, 22711, 22720, 22722, 22723, 22543, 22545, 22544, 22563, 22566, 22801, 22559, 22591, 22590, 22572, 22573, 23770, 23749, 23771, 23764, 23765, 23763, 23759, 23783, 23787, 23828, 23832, 23834, 23848, 23862, 23864, 23967, 24100, 24103, 23987, 23989, 24133, 24134, 24138, 24146, 24180, 24182, 4981, 4982, 4986, 4990, 4993, 4994, 7218, 7251, 7253, 7249, 7500, 7282, 7286, 7510, 7298, 7520, 7299, 7416, 7414, 7415, 7195, 7192, 7191, 7178, 7173]",0.07947390000481391,success,,50.81980515339553,71.87005768455452,20.411787085603304,49.05407215510085,29.327927298458885,32.879912758875975
chi_clow_to_midway_0096,w_0096,grid_0_10,True,False,clow_to_midway,Clow International Airport to Midway International Airport,Clow International Airport,Midway International Airport,41.695923717435235,-88.12876224517822,41.7856116663475,-87.75331135429448,ohare_2026-03-07_1s_15nm_bbox,0.1,0.3,0.2,0.4,84,"[13722, 13721, 13498, 13493, 13494, 22633, 22635, 22634, 22609, 22650, 22625, 22623, 22624, 22614, 22615, 22613, 22713, 22718, 22717, 22727, 22728, 22726, 22543, 22545, 22544, 22563, 22566, 22801, 22559, 22591, 22593, 22575, 22573, 23770, 23749, 23771, 23764, 23765, 23761, 23757, 23780, 23781, 23824, 23826, 23830, 23843, 23844, 23846, 23927, 23960, 23965, 23980, 23981, 23992, 23997, 23999, 24117, 24141, 24143, 4951, 4953, 4957, 4971, 4973, 4975, 7088, 7211, 7213, 7209, 7208, 7222, 7223, 7098, 7078, 7233, 7232, 7129, 7128, 7151, 7137, 7139, 7162, 7170, 7173]",0.07586019999871496,success,,50.40559159102321,71.2842712469331,20.75289053974332,45.90726002465191,30.430123336567284,34.7077956261736
chi_clow_to_midway_0097,w_0097,grid_0_10,True,False,clow_to_midway,Clow International Airport to Midway International Airport,Clow International Airport,Midway International Airport,41.695923717435235,-88.12876224517822,41.7856116663475,-87.75331135429448,ohare_2026-03-07_1s_15nm_bbox,0.1,0.3,0.3,0.3,84,"[13722, 13721, 13498, 13493, 13494, 22633, 22635, 22634, 22609, 22650, 22625, 22623, 22624, 22614, 22615, 22613, 22713, 22718, 22717, 22727, 22728, 22726, 22543, 22545, 22544, 22563, 22566, 22801, 22559, 22591, 22593, 22575, 22573, 23770, 23749, 23771, 23764, 23765, 23761, 23757, 23780, 23781, 23824, 23826, 23830, 23843, 23844, 23846, 23927, 23960, 23965, 23980, 23981, 23992, 23997, 23999, 24117, 24141, 24143, 4951, 4953, 4957, 4971, 4973, 4975, 7088, 7211, 7213, 7209, 7208, 7222, 7223, 7098, 7078, 7233, 7232, 7129, 7128, 7151, 7137, 7139, 7162, 7170, 7173]",0.06920109999919077,success,,50.40559159102321,71.2842712469331,20.75289053974332,45.90726002465191,30.430123336567284,36.25550929498206
chi_clow_to_midway_0098,w_0098,grid_0_10,True,False,clow_to_midway,Clow International Airport to Midway International Airport,Clow International Airport,Midway International Airport,41.695923717435235,-88.12876224517822,41.7856116663475,-87.75331135429448,ohare_2026-03-07_1s_15nm_bbox,0.1,0.3,0.4,0.2,84,"[13722, 13721, 13498, 13493, 13494, 22633, 22635, 22634, 22609, 22650, 22625, 22623, 22624, 22614, 22615, 22613, 22713, 22718, 22717, 22727, 22728, 22726, 22543, 22545, 22544, 22563, 22566, 22801, 22559, 22591, 22593, 22575, 22573, 23770, 23749, 23771, 23760, 23739, 23735, 23717, 23718, 23719, 23588, 23592, 23593, 23807, 23810, 23809, 23673, 23677, 23678, 23689, 23931, 23918, 23919, 23951, 23949, 23973, 23974, 4912, 4913, 4914, 4925, 4928, 4943, 7005, 7008, 7060, 7055, 7056, 7059, 7094, 7097, 7078, 7233, 7232, 7129, 7128, 7151, 7137, 7139, 7162, 7170, 7173]",0.06558999999833759,success,,51.234018715768755,72.45584412217724,23.290434482338924,43.78584420599941,30.148128431412783,37.77667812560172
chi_clow_to_midway_0099,w_0099,grid_0_10,True,False,clow_to_midway,Clow International Airport to Midway International Airport,Clow International Airport,Midway International Airport,41.695923717435235,-88.12876224517822,41.7856116663475,-87.75331135429448,ohare_2026-03-07_1s_15nm_bbox,0.1,0.3,0.5,0.1,86,"[13722, 13709, 13708, 13495, 13490, 13478, 22495, 22493, 22468, 22456, 22454, 22429, 22435, 22437, 22472, 22476, 22478, 22296, 22299, 22711, 22724, 22728, 22726, 22543, 22545, 22544, 22563, 22566, 22801, 22559, 22591, 22593, 22575, 22573, 23770, 23749, 23771, 23764, 23765, 23761, 23757, 23780, 23781, 23821, 23599, 23820, 23811, 23810, 23809, 23673, 23677, 23678, 23689, 23931, 23933, 23950, 23953, 23958, 23972, 23973, 23974, 4912, 4913, 4914, 4925, 4928, 4943, 7005, 7008, 7060, 7055, 7056, 7059, 7094, 7097, 7078, 7233, 7232, 7129, 7128, 7151, 7137, 7139, 7162, 7170, 7173]",0.0648868999996921,success,,53.47665940288556,75.62741699740396,20.945035122102606,41.43616534885745,37.76516822730704,38.340851733530606
chi_clow_to_midway_0100,w_0100,grid_0_10,True,False,clow_to_midway,Clow International Airport to Midway International Airport,Clow International Airport,Midway International Airport,41.695923717435235,-88.12876224517822,41.7856116663475,-87.75331135429448,ohare_2026-03-07_1s_15nm_bbox,0.1,0.3,0.6,0.0,88,"[13722, 13709, 13708, 13495, 13490, 13478, 22495, 22493, 22468, 22456, 22454, 22429, 22435, 22436, 22447, 22448, 22473, 22476, 22478, 22296, 22299, 22711, 22724, 22728, 22726, 22543, 22545, 22544, 22563, 22566, 22801, 22559, 22591, 22593, 22575, 22574, 23774, 23776, 23773, 23764, 23765, 23763, 23759, 23780, 23781, 23821, 23599, 23820, 23807, 23810, 23809, 23673, 23677, 23678, 23689, 23931, 23933, 23950, 23953, 23958, 23972, 23973, 23974, 4912, 4913, 4914, 4925, 4928, 4943, 7005, 7008, 7060, 7055, 7056, 7059, 7094, 7097, 7078, 7233, 7232, 7129, 7128, 7151, 7137, 7139, 7162, 7170, 7173]",0.0611397999964538,success,,54.476659402886995,77.04163055976854,20.815891693977758,40.961264030267735,39.9478982783827,38.52568898233082
chi_clow_to_midway_0101,w_0101,grid_0_10,True,False,clow_to_midway,Clow International Airport to Midway International Airport,Clow International Airport,Midway International Airport,41.695923717435235,-88.12876224517822,41.7856116663475,-87.75331135429448,ohare_2026-03-07_1s_15nm_bbox,0.1,0.4,0.0,0.5,87,"[13722, 13721, 13498, 13493, 13494, 22633, 22635, 22634, 22609, 22650, 22625, 22623, 22624, 22614, 22615, 22613, 22710, 22712, 22711, 22720, 22722, 22721, 22543, 22545, 22544, 22563, 22564, 22565, 22554, 22553, 22555, 23729, 23728, 23746, 23747, 23748, 23760, 23739, 23738, 23754, 23753, 23758, 23821, 23822, 23827, 23840, 23841, 23846, 23927, 23960, 23965, 23980, 23981, 23992, 23997, 23999, 24117, 24140, 24144, 24147, 24180, 24182, 4981, 4982, 4986, 4990, 4993, 4994, 7218, 7251, 7253, 7249, 7500, 7282, 7286, 7287, 7295, 7297, 7296, 7413, 7411, 7412, 7195, 7192, 7191, 7178, 7173]",0.07931239999743411,success,,51.69848480983693,73.11269837166607,17.888693918707872,52.76716387384255,30.304136142387044,29.618815475843277
chi_clow_to_midway_0102,w_0102,grid_0_10,True,False,clow_to_midway,Clow International Airport to Midway International Airport,Clow International Airport,Midway International Airport,41.695923717435235,-88.12876224517822,41.7856116663475,-87.75331135429448,ohare_2026-03-07_1s_15nm_bbox,0.1,0.4,0.1,0.4,87,"[13722, 13721, 13498, 13493, 13494, 22633, 22635, 22634, 22609, 22650, 22625, 22623, 22624, 22614, 22615, 22613, 22710, 22712, 22711, 22720, 22722, 22723, 22543, 22545, 22544, 22563, 22566, 22801, 22559, 22591, 22590, 22572, 22573, 23770, 23749, 23771, 23764, 23765, 23761, 23757, 23780, 23781, 23824, 23826, 23830, 23843, 23844, 23846, 23927, 23960, 23965, 23980, 23981, 23992, 23997, 23999, 24117, 24141, 24144, 24145, 4954, 4956, 4981, 4982, 4986, 4990, 4993, 4994, 7218, 7251, 7253, 7249, 7500, 7282, 7286, 7510, 7298, 7520, 7299, 7416, 7414, 7415, 7195, 7192, 7191, 7178, 7173]",0.0708087999955751,success,,52.1126983722104,73.69848480928914,17.901608136733852,50.090837416197594,30.300158993800135,31.65963907476227
chi_clow_to_midway_0103,w_0103,grid_0_10,True,False,clow_to_midway,Clow International Airport to Midway International Airport,Clow International Airport,Midway International Airport,41.695923717435235,-88.12876224517822,41.7856116663475,-87.75331135429448,ohare_2026-03-07_1s_15nm_bbox,0.1,0.4,0.2,0.3,87,"[13722, 13721, 13498, 13493, 13494, 22633, 22635, 22634, 22609, 22650, 22625, 22623, 22624, 22614, 22615, 22613, 22713, 22718, 22717, 22727, 22728, 22726, 22543, 22545, 22544, 22563, 22566, 22801, 22559, 22591, 22593, 22575, 22573, 23770, 23749, 23771, 23764, 23765, 23761, 23757, 23780, 23781, 23824, 23826, 23830, 23843, 23844, 23846, 23927, 23960, 23965, 23980, 23981, 23992, 23997, 23999, 24117, 24141, 24144, 24145, 4954, 4956, 4981, 4982, 4986, 4990, 4993, 4994, 7218, 7251, 7253, 7249, 7500, 7282, 7286, 7510, 7298, 7520, 7299, 7416, 7414, 7415, 7195, 7192, 7191, 7178, 7173]",0.06747929999983171,success,,52.941125496956055,74.87005768453346,17.901608136733852,49.15426883094948,30.30544280832802,33.57013563183519
chi_clow_to_midway_0104,w_0104,grid_0_10,True,False,clow_to_midway,Clow International Airport to Midway International Airport,Clow International Airport,Midway International Airport,41.695923717435235,-88.12876224517822,41.7856116663475,-87.75331135429448,ohare_2026-03-07_1s_15nm_bbox,0.1,0.4,0.3,0.2,84,"[13722, 13721, 13498, 13493, 13494, 22633, 22635, 22631, 22605, 22604, 22486, 22485, 22487, 22614, 22615, 22613, 22713, 22718, 22717, 22727, 22728, 22726, 22543, 22545, 22544, 22563, 22566, 22801, 22559, 22591, 22593, 22575, 22573, 23770, 23749, 23771, 23764, 23765, 23761, 23757, 23780, 23781, 23824, 23826, 23830, 23843, 23844, 23846, 23927, 23960, 23965, 23980, 23981, 23992, 23997, 23999, 24117, 24141, 24143, 4951, 4953, 4957, 4971, 4973, 4975, 7088, 7211, 7213, 7209, 7208, 7222, 7223, 7098, 7078, 7233, 7232, 7129, 7128, 7151, 7137, 7139, 7162, 7170, 7173]",0.06336490000103367,success,,51.23401871576809,72.45584412217632,18.77517522735568,45.98144545720304,33.28130589379848,35.20634931908051
chi_clow_to_midway_0105,w_0105,grid_0_10,True,False,clow_to_midway,Clow International Airport to Midway International Airport,Clow International Airport,Midway International Airport,41.695923717435235,-88.12876224517822,41.7856116663475,-87.75331135429448,ohare_2026-03-07_1s_15nm_bbox,0.1,0.4,0.4,0.1,85,"[13722, 13709, 13708, 13495, 13490, 13478, 22495, 22493, 22468, 22456, 22454, 22429, 22435, 22437, 22472, 22476, 22478, 22296, 22299, 22711, 22724, 22728, 22726, 22543, 22545, 22544, 22563, 22566, 22801, 22559, 22591, 22593, 22575, 22573, 23770, 23749, 23771, 23764, 23765, 23763, 23782, 23783, 23787, 23825, 23826, 23830, 23843, 23844, 23846, 23927, 23960, 23965, 23980, 23981, 23992, 23997, 23999, 24117, 24141, 24143, 4951, 4953, 4957, 4971, 4973, 4975, 7088, 7211, 7213, 7209, 7208, 7222, 7223, 7098, 7078, 7233, 7232, 7129, 7128, 7151, 7137, 7139, 7162, 7170, 7173]",0.060536999997566454,success,,53.18376618407058,75.21320343503179,18.411569567114746,43.59652409856546,37.05664251174012,36.03022206094928
chi_clow_to_midway_0106,w_0106,grid_0_10,True,False,clow_to_midway,Clow International Airport to Midway International Airport,Clow International Airport,Midway International Airport,41.695923717435235,-88.12876224517822,41.7856116663475,-87.75331135429448,ohare_2026-03-07_1s_15nm_bbox,0.1,0.4,0.5,0.0,89,"[13722, 13709, 13708, 13495, 13490, 13478, 22495, 22493, 22468, 22456, 22454, 22429, 22432, 22431, 22444, 22447, 22448, 22473, 22476, 22478, 22296, 22299, 22711, 22724, 22728, 22726, 22543, 22545, 22544, 22563, 22566, 22801, 22559, 22591, 22593, 22575, 22573, 23770, 23749, 23771, 23764, 23765, 23763, 23759, 23780, 23781, 23821, 23599, 23820, 23811, 23810, 23809, 23673, 23677, 23678, 23689, 23931, 23933, 23950, 23953, 23958, 23972, 23973, 23974, 4912, 4913, 4914, 4925, 4928, 4943, 7005, 7008, 7060, 7055, 7056, 7059, 7094, 7097, 7078, 7233, 7232, 7129, 7128, 7151, 7137, 7139, 7162, 7175, 7173]",0.05756409999594325,success,,54.355339059323406,76.87005768451044,20.388535062619933,41.23806172846309,40.93585052229683,36.46145065773056
chi_clow_to_midway_0107,w_0107,grid_0_10,True,False,clow_to_midway,Clow International Airport to Midway International Airport,Clow International Airport,Midway International Airport,41.695923717435235,-88.12876224517822,41.7856116663475,-87.75331135429448,ohare_2026-03-07_1s_15nm_bbox,0.1,0.5,0.0,0.4,87,"[13722, 13721, 13498, 13493, 13494, 22633, 22635, 22634, 22609, 22650, 22622, 22488, 22487, 22614, 22615, 22613, 22710, 22712, 22711, 22720, 22722, 22721, 22543, 22545, 22544, 22563, 22564, 22565, 22554, 22553, 22555, 23729, 23728, 23746, 23747, 23748, 23760, 23739, 23738, 23754, 23753, 23758, 23821, 23822, 23827, 23840, 23841, 23846, 23927, 23960, 23965, 23980, 23981, 23992, 23997, 23999, 24117, 24140, 24144, 24147, 24180, 24182, 4981, 4982, 4986, 4990, 4993, 4994, 7218, 7251, 7253, 7249, 7500, 7282, 7286, 7287, 7295, 7297, 7296, 7413, 7411, 7412, 7195, 7192, 7191, 7178, 7173]",0.06869350000488339,success,,52.11269837220816,73.69848480928597,16.620677608262366,53.211624370402944,31.67562080556385,28.35043560728532
chi_clow_to_midway_0108,w_0108,grid_0_10,True,False,clow_to_midway,Clow International Airport to Midway International Airport,Clow International Airport,Midway International Airport,41.695923717435235,-88.12876224517822,41.7856116663475,-87.75331135429448,ohare_2026-03-07_1s_15nm_bbox,0.1,0.5,0.1,0.3,87,"[13722, 13721, 13498, 13493, 13494, 22633, 22635, 22634, 22609, 22650, 22622, 22488, 22487, 22614, 22615, 22613, 22710, 22712, 22711, 22720, 22722, 22723, 22543, 22545, 22544, 22563, 22566, 22801, 22559, 22591, 22590, 22572, 22573, 23770, 23749, 23771, 23764, 23765, 23761, 23757, 23780, 23781, 23824, 23826, 23830, 23843, 23844, 23846, 23927, 23960, 23965, 23980, 23981, 23992, 23997, 23999, 24117, 24141, 24144, 24145, 4954, 4956, 4981, 4982, 4986, 4990, 4993, 4994, 7218, 7251, 7253, 7249, 7500, 7282, 7286, 7510, 7298, 7520, 7299, 7416, 7414, 7415, 7195, 7192, 7191, 7178, 7173]",0.06385460000456078,success,,52.52691193458163,74.28427124690906,16.63359182628835,50.535297912758004,31.671643656976944,30.300245926203964
chi_clow_to_midway_0109,w_0109,grid_0_10,True,False,clow_to_midway,Clow International Airport to Midway International Airport,Clow International Airport,Midway International Airport,41.695923717435235,-88.12876224517822,41.7856116663475,-87.75331135429448,ohare_2026-03-07_1s_15nm_bbox,0.1,0.5,0.2,0.2,87,"[13722, 13721, 13498, 13493, 13494, 22633, 22630, 22499, 22603, 22601, 22486, 22485, 22487, 22614, 22615, 22613, 22713, 22718, 22717, 22727, 22728, 22726, 22543, 22545, 22544, 22563, 22566, 22801, 22559, 22591, 22593, 22575, 22573, 23770, 23749, 23771, 23764, 23765, 23761, 23757, 23780, 23781, 23824, 23826, 23830, 23843, 23844, 23846, 23927, 23960, 23965, 23980, 23981, 23992, 23997, 23999, 24117, 24141, 24144, 24145, 4954, 4956, 4959, 4984, 4977, 4979, 4993, 4994, 7218, 7251, 7253, 7249, 7500, 7282, 7286, 7510, 7298, 7520, 7299, 7416, 7414, 7415, 7195, 7192, 7191, 7178, 7173]",0.06346669999766164,success,,54.18376618407336,76.62741699739827,15.299888694825228,49.24782111020888,33.88728200248735,31.939706669691688
chi_clow_to_midway_0110,w_0110,grid_0_10,True,False,clow_to_midway,Clow International Airport to Midway International Airport,Clow International Airport,Midway International Airport,41.695923717435235,-88.12876224517822,41.7856116663475,-87.75331135429448,ohare_2026-03-07_1s_15nm_bbox,0.1,0.5,0.3,0.1,88,"[13722, 13709, 13708, 13495, 13490, 13478, 22495, 22493, 22468, 22456, 22454, 22429, 22435, 22437, 22472, 22476, 22478, 22296, 22299, 22711, 22724, 22728, 22726, 22543, 22545, 22544, 22563, 22566, 22801, 22559, 22591, 22593, 22575, 22573, 23770, 23749, 23771, 23764, 23765, 23763, 23782, 23783, 23787, 23825, 23826, 23830, 23843, 23844, 23846, 23927, 23960, 23965, 23980, 23981, 23992, 23997, 23999, 24117, 24141, 24144, 24145, 4954, 4956, 4959, 4984, 4977, 4979, 4993, 4994, 7218, 7251, 7253, 7249, 7500, 7282, 7286, 7510, 7298, 7523, 7522, 7416, 7414, 7415, 7195, 7192, 7191, 7178, 7173]",0.05951890000142157,success,,56.133513652376635,79.38477631025482,15.570291189807048,46.260791280304566,37.167152844101615,33.31857589443054
chi_clow_to_midway_0111,w_0111,grid_0_10,True,False,clow_to_midway,Clow International Airport to Midway International Airport,Clow International Airport,Midway International Airport,41.695923717435235,-88.12876224517822,41.7856116663475,-87.75331135429448,ohare_2026-03-07_1s_15nm_bbox,0.1,0.5,0.4,0.0,88,"[13722, 13709, 13708, 13495, 13490, 13478, 22495, 22493, 22468, 22456, 22454, 22429, 22432, 22431, 22444, 22447, 22448, 22473, 22476, 22478, 22296, 22299, 22711, 22724, 22728, 22726, 22543, 22545, 22544, 22563, 22566, 22801, 22559, 22591, 22593, 22575, 22574, 23774, 23776, 23777, 23791, 23769, 23790, 23782, 23783, 23787, 23825, 23826, 23830, 23843, 23844, 23846, 23927, 23960, 23965, 23980, 23981, 23992, 23997, 23999, 24117, 24141, 24143, 4951, 4953, 4957, 4971, 4973, 4975, 7088, 7211, 7213, 7209, 7208, 7222, 7223, 7098, 7078, 7233, 7232, 7129, 7128, 7151, 7137, 7139, 7162, 7175, 7173]",0.054700799999409355,success,,54.476659402884025,77.04163055976434,17.847157302456974,43.298269972494545,40.257258765926565,33.94704969620274
chi_clow_to_midway_0112,w_0112,grid_0_10,True,False,clow_to_midway,Clow International Airport to Midway International Airport,Clow International Airport,Midway International Airport,41.695923717435235,-88.12876224517822,41.7856116663475,-87.75331135429448,ohare_2026-03-07_1s_15nm_bbox,0.1,0.6,0.0,0.3,87,"[13722, 13721, 13498, 13493, 13494, 22633, 22630, 22499, 22603, 22601, 22486, 22488, 22487, 22614, 22615, 22613, 22710, 22712, 22711, 22720, 22722, 22721, 22543, 22545, 22544, 22563, 22564, 22565, 22554, 22553, 22555, 23729, 23728, 23746, 23747, 23748, 23760, 23739, 23738, 23754, 23753, 23758, 23821, 23822, 23827, 23840, 23841, 23846, 23927, 23960, 23965, 23980, 23981, 23992, 23997, 23999, 24117, 24140, 24144, 24147, 24180, 24182, 4981, 4982, 4986, 4990, 4993, 4994, 7218, 7251, 7253, 7249, 7500, 7282, 7286, 7287, 7295, 7297, 7296, 7413, 7411, 7412, 7195, 7192, 7191, 7178, 7173]",0.05691600000136532,success,,52.941125496953696,74.87005768453012,15.276970451097487,53.31944823595437,33.6265810430411,26.741162352023835
chi_clow_to_midway_0113,w_0113,grid_0_10,True,False,clow_to_midway,Clow International Airport to Midway International Airport,Clow International Airport,Midway International Airport,41.695923717435235,-88.12876224517822,41.7856116663475,-87.75331135429448,ohare_2026-03-07_1s_15nm_bbox,0.1,0.6,0.1,0.2,87,"[13722, 13721, 13498, 13493, 13494, 22633, 22630, 22499, 22603, 22601, 22486, 22485, 22487, 22614, 22615, 22613, 22710, 22712, 22711, 22720, 22722, 22723, 22543, 22545, 22544, 22563, 22566, 22801, 22559, 22591, 22590, 22572, 22573, 23770, 23749, 23771, 23764, 23765, 23761, 23757, 23780, 23781, 23824, 23826, 23830, 23843, 23844, 23846, 23927, 23960, 23965, 23980, 23981, 23992, 23997, 23999, 24117, 24141, 24144, 24145, 4954, 4956, 4981, 4982, 4986, 4990, 4993, 4994, 7218, 7251, 7253, 7249, 7500, 7282, 7286, 7510, 7298, 7520, 7299, 7416, 7414, 7415, 7195, 7192, 7191, 7178, 7173]",0.052968100004363805,success,,53.35533905932718,75.4558441221532,15.289884669123467,50.525163524935714,33.64467190273912,28.500965946730794
chi_clow_to_midway_0114,w_0114,grid_0_10,True,False,clow_to_midway,Clow International Airport to Midway International Airport,Clow International Airport,Midway International Airport,41.695923717435235,-88.12876224517822,41.7856116663475,-87.75331135429448,ohare_2026-03-07_1s_15nm_bbox,0.1,0.6,0.2,0.1,87,"[13722, 13721, 13498, 13493, 13494, 22633, 22630, 22499, 22603, 22601, 22486, 22485, 22487, 22614, 22615, 22613, 22713, 22718, 22717, 22727, 22728, 22726, 22543, 22545, 22544, 22563, 22566, 22801, 22559, 22591, 22593, 22575, 22573, 23770, 23749, 23771, 23764, 23765, 23763, 23782, 23783, 23787, 23825, 23826, 23830, 23843, 23844, 23846, 23927, 23960, 23965, 23980, 23981, 23992, 23997, 23999, 24117, 24141, 24144, 24145, 4954, 4956, 4959, 4984, 4977, 4979, 4993, 4994, 7218, 7251, 7253, 7249, 7500, 7282, 7286, 7510, 7298, 7520, 7299, 7416, 7414, 7415, 7195, 7192, 7191, 7178, 7173]",0.05226330000004964,success,,53.76955262169666,76.04163055977062,15.331537515525632,49.14203733269655,34.370848153452265,30.06857784717698
chi_clow_to_midway_0115,w_0115,grid_0_10,True,False,clow_to_midway,Clow International Airport to Midway International Airport,Clow International Airport,Midway International Airport,41.695923717435235,-88.12876224517822,41.7856116663475,-87.75331135429448,ohare_2026-03-07_1s_15nm_bbox,0.1,0.6,0.3,0.0,90,"[13722, 13709, 13708, 13495, 13490, 13478, 22495, 22493, 22468, 22456, 22454, 22429, 22432, 22431, 22444, 22447, 22448, 22473, 22474, 22296, 22299, 22711, 22724, 22728, 22726, 22543, 22545, 22544, 22563, 22566, 22801, 22559, 22591, 22593, 22575, 22574, 23774, 23776, 23777, 23791, 23769, 23790, 23785, 23786, 23787, 23825, 23826, 23830, 23843, 23844, 23846, 23927, 23960, 23965, 23980, 23981, 23992, 23997, 23999, 24117, 24141, 24144, 24145, 4954, 4956, 4959, 4984, 4977, 4979, 4993, 4994, 7218, 7251, 7253, 7249, 7500, 7282, 7286, 7510, 7298, 7523, 7522, 7416, 7414, 7415, 7195, 7192, 7191, 7178, 7173]",0.05237940000370145,success,,56.71930009000518,80.21320343499715,14.954797136896634,46.34021181171902,39.921030776492124,30.896262169153403
chi_clow_to_midway_0116,w_0116,grid_0_10,True,False,clow_to_midway,Clow International Airport to Midway International Airport,Clow International Airport,Midway International Airport,41.695923717435235,-88.12876224517822,41.7856116663475,-87.75331135429448,ohare_2026-03-07_1s_15nm_bbox,0.1,0.7,0.0,0.2,87,"[13722, 13721, 13498, 13493, 13494, 22633, 22630, 22499, 22603, 22601, 22486, 22488, 22487, 22614, 22615, 22613, 22710, 22712, 22711, 22720, 22722, 22721, 22543, 22545, 22544, 22563, 22564, 22565, 22554, 22553, 22555, 23729, 23728, 23746, 23747, 23748, 23760, 23739, 23738, 23754, 23753, 23758, 23821, 23822, 23827, 23840, 23841, 23846, 23927, 23960, 23965, 23980, 23981, 23992, 23997, 23999, 24117, 24140, 24144, 24147, 24180, 24182, 4981, 4982, 4986, 4990, 4993, 4994, 7218, 7251, 7253, 7249, 7500, 7282, 7286, 7287, 7295, 7297, 7296, 7413, 7411, 7412, 7195, 7192, 7191, 7178, 7173]",0.0440424999978859,success,,52.941125496953696,74.87005768453012,15.276970451097487,53.31944823595437,33.6265810430411,24.906201292829472
chi_clow_to_midway_0117,w_0117,grid_0_10,True,False,clow_to_midway,Clow International Airport to Midway International Airport,Clow International Airport,Midway International Airport,41.695923717435235,-88.12876224517822,41.7856116663475,-87.75331135429448,ohare_2026-03-07_1s_15nm_bbox,0.1,0.7,0.1,0.1,87,"[13722, 13721, 13498, 13493, 13494, 22633, 22630, 22499, 22603, 22601, 22486, 22485, 22487, 22614, 22615, 22613, 22710, 22712, 22711, 22720, 22722, 22723, 22543, 22545, 22544, 22563, 22566, 22801, 22559, 22591, 22590, 22572, 22573, 23770, 23749, 23771, 23764, 23765, 23763, 23759, 23780, 23781, 23824, 23826, 23830, 23843, 23844, 23846, 23927, 23960, 23965, 23980, 23981, 23992, 23997, 23999, 24117, 24141, 24144, 24145, 4954, 4956, 4959, 4984, 4977, 4979, 4993, 4994, 7218, 7251, 7253, 7249, 7500, 7282, 7286, 7510, 7298, 7520, 7299, 7416, 7414, 7415, 7195, 7192, 7191, 7178, 7173]",0.042189400002826005,success,,52.94112549695342,74.87005768452973,15.307800900000327,50.25645491129023,34.32441715360518,26.66055360494274
chi_clow_to_midway_0118,w_0118,grid_0_10,True,False,clow_to_midway,Clow International Airport to Midway International Airport,Clow International Airport,Midway International Airport,41.695923717435235,-88.12876224517822,41.7856116663475,-87.75331135429448,ohare_2026-03-07_1s_15nm_bbox,0.1,0.7,0.2,0.0,89,"[13722, 13709, 13708, 13495, 13490, 13478, 22495, 22493, 22468, 22456, 22454, 22429, 22432, 22431, 22444, 22447, 22448, 22471, 22291, 22295, 22294, 22707, 22722, 22723, 22543, 22545, 22544, 22563, 22566, 22801, 22559, 22591, 22593, 22575, 22574, 23774, 23776, 23777, 23791, 23769, 23790, 23785, 23786, 23787, 23825, 23826, 23830, 23843, 23844, 23846, 23927, 23960, 23965, 23980, 23981, 23992, 23997, 23999, 24117, 24141, 24144, 24145, 4954, 4956, 4959, 4984, 4977, 4979, 4993, 4994, 7218, 7251, 7253, 7249, 7500, 7282, 7286, 7510, 7298, 7520, 7299, 7416, 7414, 7415, 7195, 7192, 7191, 7178, 7173]",0.04070080000383314,success,,55.597979746445965,78.62741699738268,14.903715348643995,47.11375885297438,39.66798568250425,27.718094214383946
chi_clow_to_midway_0119,w_0119,grid_0_10,True,False,clow_to_midway,Clow International Airport to Midway International Airport,Clow International Airport,Midway International Airport,41.695923717435235,-88.12876224517822,41.7856116663475,-87.75331135429448,ohare_2026-03-07_1s_15nm_bbox,0.1,0.8,0.0,0.1,87,"[13722, 13721, 13498, 13493, 13494, 22633, 22630, 22499, 22603, 22601, 22486, 22488, 22487, 22614, 22615, 22613, 22710, 22712, 22711, 22720, 22722, 22721, 22543, 22545, 22544, 22563, 22564, 22565, 22554, 22553, 22555, 23729, 23728, 23746, 23747, 23748, 23760, 23739, 23738, 23754, 23753, 23758, 23821, 23822, 23827, 23840, 23841, 23846, 23927, 23960, 23965, 23980, 23981, 23992, 23997, 23999, 24117, 24140, 24144, 24147, 24180, 24182, 4981, 4982, 4986, 4990, 4993, 4994, 7218, 7251, 7253, 7249, 7500, 7282, 7286, 7287, 7295, 7297, 7296, 7413, 7411, 7412, 7195, 7192, 7191, 7178, 7173]",0.03325580000091577,success,,52.941125496953696,74.87005768453012,15.276970451097487,53.31944823595437,33.6265810430411,23.071240233635113
chi_clow_to_midway_0120,w_0120,grid_0_10,True,False,clow_to_midway,Clow International Airport to Midway International Airport,Clow International Airport,Midway International Airport,41.695923717435235,-88.12876224517822,41.7856116663475,-87.75331135429448,ohare_2026-03-07_1s_15nm_bbox,0.1,0.8,0.1,0.0,86,"[13722, 13709, 13708, 13495, 13490, 13478, 22495, 22493, 22468, 22456, 22454, 22429, 22432, 22431, 22444, 22445, 22446, 22275, 22290, 22292, 22706, 22709, 22721, 22543, 22545, 22544, 22563, 22566, 22801, 22559, 22591, 22593, 22575, 22574, 23774, 23776, 23777, 23791, 23769, 23790, 23785, 23786, 23787, 23825, 23826, 23830, 23843, 23844, 23846, 23927, 23960, 23965, 23980, 23981, 23992, 23997, 23999, 24117, 24141, 24143, 4951, 4953, 4957, 4971, 4973, 4972, 7083, 7082, 7084, 7205, 7206, 7220, 7099, 7098, 7078, 7233, 7232, 7129, 7128, 7127, 7131, 7133, 7136, 7149, 7170, 7173]",0.03196110000135377,success,,52.64823227813877,74.45584412215804,15.190255274318414,48.57514882549694,40.952793554294665,24.45530351422023
chi_clow_to_midway_0121,w_0121,grid_0_10,True,False,clow_to_midway,Clow International Airport to Midway International Airport,Clow International Airport,Midway International Airport,41.695923717435235,-88.12876224517822,41.7856116663475,-87.75331135429448,ohare_2026-03-07_1s_15nm_bbox,0.1,0.9,0.0,0.0,89,"[13722, 13709, 13708, 13495, 13491, 13477, 13475, 22492, 22490, 22467, 22452, 22450, 22426, 22432, 22433, 22447, 22448, 22470, 22278, 22293, 22292, 22706, 22709, 22721, 22543, 22545, 22544, 22563, 22564, 22565, 22558, 22556, 22590, 22572, 22573, 23770, 23749, 23771, 23764, 23765, 23763, 23759, 23780, 23784, 23825, 23829, 23831, 23845, 23844, 23849, 23961, 23963, 23965, 23980, 23981, 23992, 23997, 23999, 24117, 24140, 24142, 24147, 24149, 24182, 4981, 4982, 4986, 4990, 4993, 4994, 7218, 7251, 7253, 7249, 7500, 7282, 7286, 7287, 7295, 7297, 7296, 7413, 7411, 7412, 7195, 7192, 7191, 7178, 7173]",0.02565120000508614,success,,55.18376618406821,78.04163055975356,14.63881627865872,53.78077783638821,39.15621516049416,20.979097706768204
chi_clow_to_midway_0122,w_0122,grid_0_10,True,False,clow_to_midway,Clow International Airport to Midway International Airport,Clow International Airport,Midway International Airport,41.695923717435235,-88.12876224517822,41.7856116663475,-87.75331135429448,ohare_2026-03-07_1s_15nm_bbox,0.2,0.0,0.0,0.8,84,"[13722, 13721, 13498, 13493, 13494, 22633, 22635, 22634, 22609, 22650, 22625, 22623, 22624, 22616, 22618, 22617, 22713, 22715, 22714, 22724, 22725, 22723, 22543, 22545, 22544, 22563, 22564, 22565, 22554, 22553, 22555, 23729, 23728, 23743, 23744, 23745, 23737, 23739, 23738, 23751, 23718, 23716, 23583, 23558, 23556, 23564, 23563, 23566, 23368, 23601, 23604, 23624, 23625, 23653, 23658, 23690, 23667, 23901, 23903, 4582, 4584, 4589, 4590, 4594, 4598, 4760, 4762, 4767, 4778, 7012, 7016, 7033, 7035, 7044, 7047, 7070, 7120, 7121, 7125, 7131, 7135, 7138, 7170, 7173]",0.10091290000127628,success,,51.234018715769295,72.455844122178,28.12632151208317,53.41933532432208,27.503598774724647,36.494047844215316
chi_clow_to_midway_0123,w_0123,grid_0_10,True,False,clow_to_midway,Clow International Airport to Midway International Airport,Clow International Airport,Midway International Airport,41.695923717435235,-88.12876224517822,41.7856116663475,-87.75331135429448,ohare_2026-03-07_1s_15nm_bbox,0.2,0.0,0.1,0.7,84,"[13722, 13724, 13712, 13713, 13714, 22662, 22663, 22664, 22655, 22656, 22671, 22670, 22629, 22643, 22644, 22642, 22730, 22719, 22731, 22740, 22728, 22726, 22543, 22545, 22544, 22563, 22564, 22565, 22554, 22553, 22555, 23729, 23728, 23740, 23742, 23709, 23731, 23733, 23732, 23717, 23718, 23719, 23591, 23595, 23598, 23811, 23814, 23816, 23679, 23923, 23924, 23934, 23935, 23955, 23956, 23991, 23977, 24112, 24113, 4932, 4935, 4939, 4962, 4964, 4966, 7080, 7082, 7085, 7207, 7208, 7225, 7229, 7270, 7263, 7265, 7264, 7180, 7181, 7159, 7163, 7164, 7165, 7175, 7173]",0.09299989999999525,success,,49.16295090390456,69.52691193406636,40.51468866639584,48.36437652694949,28.571219358669545,38.7416735905769
chi_clow_to_midway_0124,w_0124,grid_0_10,True,False,clow_to_midway,Clow International Airport to Midway International Airport,Clow International Airport,Midway International Airport,41.695923717435235,-88.12876224517822,41.7856116663475,-87.75331135429448,ohare_2026-03-07_1s_15nm_bbox,0.2,0.0,0.2,0.6,84,"[13722, 13727, 13715, 13713, 13714, 22662, 22663, 22664, 22655, 22656, 22674, 22673, 22672, 22646, 22680, 22648, 22735, 22737, 22736, 22745, 22747, 22746, 22585, 22587, 22582, 22569, 22800, 22801, 22559, 22591, 22590, 22572, 22573, 23770, 23749, 23771, 23764, 23762, 23761, 23754, 23750, 23719, 23591, 23595, 23598, 23811, 23814, 23816, 23679, 23923, 23924, 23932, 23933, 23950, 23953, 23958, 23975, 23978, 24110, 4930, 4931, 4936, 4947, 4961, 4963, 7066, 7081, 7084, 7205, 7206, 7222, 7226, 7227, 7237, 7238, 7239, 7154, 7155, 7153, 7137, 7139, 7162, 7170, 7173]",0.0862660999991931,success,,49.99137802865121,70.6984848093121,42.64589764670854,43.83319809346319,29.191921091860205,40.42148923567118
chi_clow_to_midway_0125,w_0125,grid_0_10,True,False,clow_to_midway,Clow International Airport to Midway International Airport,Clow International Airport,Midway International Airport,41.695923717435235,-88.12876224517822,41.7856116663475,-87.75331135429448,ohare_2026-03-07_1s_15nm_bbox,0.2,0.0,0.3,0.5,84,"[13722, 13724, 13499, 13497, 13496, 22637, 22661, 22660, 22655, 22656, 22671, 22670, 22672, 22646, 22680, 22648, 22732, 22737, 22736, 22745, 22747, 22742, 22585, 22587, 22582, 22569, 22800, 22801, 22559, 22591, 22593, 22575, 22573, 23770, 23749, 23771, 23764, 23762, 23761, 23757, 23780, 23781, 23824, 23826, 23830, 23843, 23844, 23846, 23927, 23960, 23962, 23938, 23937, 23955, 23956, 23991, 23977, 24112, 24113, 4932, 4931, 4936, 4947, 4961, 4963, 7066, 7081, 7084, 7205, 7206, 7222, 7226, 7227, 7237, 7238, 7239, 7154, 7155, 7151, 7137, 7139, 7162, 7170, 7173]",0.07955950000177836,success,,51.23401871576446,72.45584412217117,42.11825630939352,40.800759929247214,30.115183921727674,41.788988764072236
chi_clow_to_midway_0126,w_0126,grid_0_10,True,False,clow_to_midway,Clow International Airport to Midway International Airport,Clow International Airport,Midway International Airport,41.695923717435235,-88.12876224517822,41.7856116663475,-87.75331135429448,ohare_2026-03-07_1s_15nm_bbox,0.2,0.0,0.4,0.4,84,"[13722, 13724, 13499, 13497, 13496, 22637, 22661, 22660, 22655, 22656, 22671, 22670, 22672, 22646, 22680, 22648, 22732, 22737, 22736, 22745, 22747, 22742, 22585, 22587, 22582, 22569, 22800, 22801, 22559, 22591, 22593, 22575, 22573, 23770, 23749, 23771, 23764, 23762, 23761, 23757, 23780, 23781, 23824, 23826, 23830, 23843, 23844, 23846, 23927, 23960, 23962, 23938, 23937, 23955, 23956, 23991, 23977, 24112, 24113, 4932, 4931, 4936, 4947, 4961, 4963, 7066, 7081, 7084, 7205, 7206, 7222, 7226, 7227, 7237, 7238, 7239, 7154, 7155, 7151, 7137, 7139, 7162, 7170, 7173]",0.0734364000018104,success,,51.23401871576446,72.45584412217117,42.11825630939352,40.800759929247214,30.115183921727674,42.857546364824195
chi_clow_to_midway_0127,w_0127,grid_0_10,True,False,clow_to_midway,Clow International Airport to Midway International Airport,Clow International Airport,Midway International Airport,41.695923717435235,-88.12876224517822,41.7856116663475,-87.75331135429448,ohare_2026-03-07_1s_15nm_bbox,0.2,0.0,0.5,0.3,84,"[13722, 13724, 13499, 13497, 13496, 22637, 22661, 22660, 22655, 22656, 22671, 22670, 22672, 22646, 22680, 22648, 22732, 22737, 22736, 22745, 22747, 22742, 22585, 22587, 22582, 22569, 22800, 22801, 22559, 22591, 22593, 22575, 22573, 23770, 23749, 23771, 23764, 23762, 23761, 23757, 23780, 23781, 23824, 23826, 23830, 23843, 23844, 23846, 23927, 23960, 23962, 23938, 23937, 23955, 23956, 23991, 23977, 24112, 24113, 4932, 4931, 4936, 4947, 4961, 4963, 7066, 7081, 7084, 7205, 7206, 7222, 7226, 7224, 7234, 7235, 7236, 7154, 7155, 7151, 7137, 7139, 7162, 7170, 7173]",0.07124589999875752,success,,51.234018715765,72.45584412217194,42.11825630939352,40.69219474693454,30.264326361682826,43.916564106406504
chi_clow_to_midway_0128,w_0128,grid_0_10,True,False,clow_to_midway,Clow International Airport to Midway International Airport,Clow International Airport,Midway International Airport,41.695923717435235,-88.12876224517822,41.7856116663475,-87.75331135429448,ohare_2026-03-07_1s_15nm_bbox,0.2,0.0,0.6,0.2,84,"[13722, 13724, 13499, 13497, 13496, 22637, 22661, 22660, 22655, 22656, 22671, 22670, 22672, 22646, 22680, 22648, 22732, 22737, 22736, 22745, 22747, 22742, 22585, 22587, 22582, 22569, 22800, 22801, 22559, 22591, 22593, 22575, 22573, 23770, 23749, 23771, 23764, 23762, 23761, 23757, 23780, 23781, 23821, 23599, 23820, 23811, 23810, 23809, 23673, 23677, 23678, 23689, 23931, 23918, 23919, 23951, 23949, 23973, 23974, 4912, 4913, 4914, 4925, 4928, 4943, 7005, 7008, 7060, 7055, 7056, 7059, 7094, 7097, 7078, 7233, 7236, 7154, 7155, 7151, 7137, 7139, 7162, 7170, 7173]",0.06836979999934556,success,,51.23401871576457,72.45584412217134,35.4728481939245,40.256345339654686,31.05222862204859,44.85542175263679
chi_clow_to_midway_0129,w_0129,grid_0_10,True,False,clow_to_midway,Clow International Airport to Midway International Airport,Clow International Airport,Midway International Airport,41.695923717435235,-88.12876224517822,41.7856116663475,-87.75331135429448,ohare_2026-03-07_1s_15nm_bbox,0.2,0.0,0.7,0.1,85,"[13722, 13724, 13499, 13497, 13496, 22637, 22661, 22660, 22655, 22656, 22671, 22670, 22672, 22646, 22680, 22648, 22732, 22737, 22736, 22745, 22747, 22742, 22585, 22587, 22582, 22569, 22800, 22801, 22559, 22591, 22593, 22575, 22573, 23770, 23749, 23771, 23764, 23762, 23761, 23757, 23780, 23781, 23821, 23599, 23820, 23811, 23810, 23809, 23673, 23677, 23678, 23689, 23931, 23933, 23950, 23953, 23958, 23972, 23973, 23974, 4912, 4913, 4914, 4925, 4928, 4943, 7005, 7008, 7060, 7052, 7053, 7058, 7091, 7092, 7075, 7230, 7232, 7150, 7155, 7151, 7137, 7139, 7162, 7170, 7173]",0.06866750000335742,success,,51.52691193457724,72.87005768454024,35.12160824369099,39.98998299572244,31.872953032804013,45.75429493719415
chi_clow_to_midway_0130,w_0130,grid_0_10,True,False,clow_to_midway,Clow International Airport to Midway International Airport,Clow International Airport,Midway International Airport,41.695923717435235,-88.12876224517822,41.7856116663475,-87.75331135429448,ohare_2026-03-07_1s_15nm_bbox,0.2,0.0,0.8,0.0,85,"[13722, 13724, 13499, 13497, 13496, 22637, 22661, 22660, 22655, 22656, 22671, 22670, 22672, 22646, 22680, 22648, 22738, 22737, 22736, 22745, 22747, 22742, 22585, 22587, 22582, 22569, 22800, 22801, 22559, 22591, 22593, 22575, 22573, 23770, 23749, 23771, 23764, 23765, 23763, 23759, 23780, 23781, 23821, 23599, 23820, 23811, 23810, 23809, 23673, 23677, 23678, 23689, 23931, 23933, 23950, 23953, 23958, 23972, 23973, 23974, 4912, 4913, 4914, 4925, 4928, 4943, 7005, 7008, 7060, 7052, 7053, 7058, 7091, 7092, 7075, 7230, 7232, 7150, 7155, 7151, 7137, 7139, 7162, 7170, 7173]",0.0644248000025982,success,,51.11269837220294,72.284271246916,34.73429186404053,40.11883113182733,32.321150314498794,46.551919154845066
chi_clow_to_midway_0131,w_0131,grid_0_10,True,False,clow_to_midway,Clow International Airport to Midway International Airport,Clow International Airport,Midway International Airport,41.695923717435235,-88.12876224517822,41.7856116663475,-87.75331135429448,ohare_2026-03-07_1s_15nm_bbox,0.2,0.1,0.0,0.7,84,"[13722, 13721, 13498, 13493, 13494, 22633, 22635, 22634, 22609, 22650, 22625, 22623, 22624, 22616, 22618, 22617, 22713, 22715, 22714, 22724, 22725, 22723, 22543, 22545, 22544, 22563, 22564, 22565, 22554, 22553, 22555, 23729, 23728, 23743, 23744, 23741, 23734, 23736, 23735, 23751, 23718, 23716, 23583, 23558, 23556, 23564, 23567, 23566, 23368, 23601, 23604, 23624, 23625, 23653, 23658, 23690, 23667, 23901, 23903, 4582, 4584, 4589, 4590, 4594, 4598, 4760, 4762, 4767, 4778, 7012, 7016, 7033, 7035, 7044, 7047, 7070, 7120, 7121, 7125, 7131, 7135, 7138, 7170, 7173]",0.09099050000077114,success,,51.234018715769295,72.455844122178,27.149554145042323,53.490730078770206,27.526534791004206,36.474698592642774
chi_clow_to_midway_0132,w_0132,grid_0_10,True,False,clow_to_midway,Clow International Airport to Midway International Airport,Clow International Airport,Midway International Airport,41.695923717435235,-88.12876224517822,41.7856116663475,-87.75331135429448,ohare_2026-03-07_1s_15nm_bbox,0.2,0.1,0.1,0.6,84,"[13722, 13721, 13498, 13493, 13494, 22633, 22635, 22634, 22609, 22650, 22625, 22623, 22624, 22614, 22615, 22613, 22710, 22712, 22711, 22720, 22722, 22723, 22543, 22545, 22544, 22563, 22566, 22801, 22559, 22591, 22590, 22572, 22573, 23770, 23749, 23771, 23764, 23765, 23761, 23757, 23780, 23781, 23824, 23826, 23830, 23843, 23844, 23846, 23927, 23960, 23965, 23980, 23981, 23992, 23997, 23999, 24117, 24141, 24143, 4951, 4953, 4957, 4971, 4973, 4975, 7088, 7211, 7216, 7243, 7244, 7274, 7277, 7280, 7292, 7297, 7296, 7413, 7411, 7412, 7195, 7192, 7191, 7178, 7173]",0.07930789999954868,success,,50.819805153395755,71.87005768455488,22.229710584631157,49.46006875681938,28.626984075823884,38.71917991655036
chi_clow_to_midway_0133,w_0133,grid_0_10,True,False,clow_to_midway,Clow International Airport to Midway International Airport,Clow International Airport,Midway International Airport,41.695923717435235,-88.12876224517822,41.7856116663475,-87.75331135429448,ohare_2026-03-07_1s_15nm_bbox,0.2,0.1,0.2,0.5,84,"[13722, 13721, 13498, 13493, 13494, 22633, 22635, 22634, 22609, 22650, 22625, 22623, 22624, 22614, 22615, 22613, 22710, 22712, 22711, 22720, 22722, 22723, 22543, 22545, 22544, 22563, 22564, 22565, 22554, 22553, 22555, 23729, 23728, 23740, 23742, 23709, 23731, 23733, 23732, 23717, 23718, 23716, 23585, 23589, 23590, 23804, 23806, 23809, 23673, 23677, 23678, 23689, 23931, 23918, 23919, 23951, 23949, 23973, 23974, 4912, 4915, 4918, 4942, 4945, 4948, 7062, 7063, 7067, 7201, 7202, 7095, 7099, 7098, 7078, 7233, 7232, 7129, 7128, 7151, 7137, 7139, 7162, 7170, 7173]",0.07320820000313688,success,,49.991378028648576,70.69848480930835,24.30281256174485,45.88183800992286,29.433972933076213,40.46333228655884
chi_clow_to_midway_0134,w_0134,grid_0_10,True,False,clow_to_midway,Clow International Airport to Midway International Airport,Clow International Airport,Midway International Airport,41.695923717435235,-88.12876224517822,41.7856116663475,-87.75331135429448,ohare_2026-03-07_1s_15nm_bbox,0.2,0.1,0.3,0.4,84,"[13722, 13721, 13498, 13493, 13494, 22633, 22635, 22634, 22609, 22650, 22625, 22623, 22624, 22614, 22615, 22613, 22713, 22718, 22717, 22727, 22728, 22726, 22543, 22545, 22544, 22563, 22566, 22801, 22559, 22591, 22593, 22575, 22573, 23770, 23749, 23771, 23764, 23765, 23761, 23754, 23750, 23719, 23588, 23592, 23593, 23807, 23810, 23809, 23673, 23677, 23678, 23689, 23931, 23918, 23919, 23951, 23949, 23973, 23974, 4912, 4915, 4918, 4942, 4945, 4948, 7062, 7063, 7067, 7201, 7202, 7095, 7099, 7098, 7078, 7233, 7232, 7129, 7128, 7151, 7137, 7139, 7162, 7170, 7173]",0.07323529999848688,success,,51.23401871576755,72.45584412217552,23.53609200761902,44.080213150594275,29.851693452903177,42.00951935153656
chi_clow_to_midway_0135,w_0135,grid_0_10,True,False,clow_to_midway,Clow International Airport to Midway International Airport,Clow International Airport,Midway International Airport,41.695923717435235,-88.12876224517822,41.7856116663475,-87.75331135429448,ohare_2026-03-07_1s_15nm_bbox,0.2,0.1,0.4,0.3,85,"[13722, 13709, 13708, 13495, 13493, 13494, 22633, 22635, 22634, 22609, 22650, 22625, 22623, 22624, 22614, 22615, 22613, 22713, 22718, 22717, 22727, 22728, 22726, 22543, 22545, 22544, 22563, 22566, 22801, 22559, 22591, 22593, 22575, 22573, 23770, 23749, 23771, 23764, 23765, 23761, 23757, 23780, 23781, 23821, 23599, 23820, 23811, 23810, 23809, 23673, 23677, 23678, 23689, 23931, 23918, 23919, 23951, 23949, 23973, 23974, 4912, 4913, 4914, 4925, 4928, 4943, 7005, 7008, 7060, 7055, 7056, 7059, 7094, 7097, 7078, 7233, 7232, 7150, 7155, 7151, 7137, 7139, 7162, 7170, 7173]",0.06564499999512918,success,,50.69848480983517,71.698484809301,25.225397023213922,42.79591760786881,31.09992479252283,43.31058114508596
chi_clow_to_midway_0136,w_0136,grid_0_10,True,False,clow_to_midway,Clow International Airport to Midway International Airport,Clow International Airport,Midway International Airport,41.695923717435235,-88.12876224517822,41.7856116663475,-87.75331135429448,ohare_2026-03-07_1s_15nm_bbox,0.2,0.1,0.5,0.2,84,"[13722, 13724, 13499, 13497, 13496, 22637, 22636, 22660, 22655, 22656, 22671, 22670, 22672, 22646, 22680, 22648, 22732, 22737, 22736, 22743, 22741, 22742, 22585, 22587, 22582, 22569, 22800, 22801, 22559, 22591, 22593, 22575, 22573, 23770, 23749, 23771, 23764, 23765, 23761, 23757, 23780, 23781, 23821, 23599, 23820, 23811, 23810, 23809, 23673, 23677, 23678, 23689, 23931, 23918, 23919, 23951, 23949, 23973, 23974, 4912, 4913, 4914, 4925, 4928, 4943, 7005, 7008, 7060, 7055, 7056, 7059, 7094, 7097, 7078, 7233, 7232, 7150, 7155, 7151, 7137, 7139, 7162, 7170, 7173]",0.06294809999963036,success,,51.64823227813865,73.04163055979527,32.745896380966435,40.318697872175086,31.13657615357138,44.269579916857516
chi_clow_to_midway_0137,w_0137,grid_0_10,True,False,clow_to_midway,Clow International Airport to Midway International Airport,Clow International Airport,Midway International Airport,41.695923717435235,-88.12876224517822,41.7856116663475,-87.75331135429448,ohare_2026-03-07_1s_15nm_bbox,0.2,0.1,0.6,0.1,84,"[13722, 13724, 13499, 13497, 13496, 22637, 22636, 22660, 22655, 22656, 22671, 22670, 22672, 22646, 22680, 22648, 22732, 22737, 22736, 22743, 22741, 22742, 22585, 22587, 22582, 22569, 22800, 22801, 22559, 22591, 22593, 22575, 22573, 23770, 23749, 23771, 23764, 23765, 23763, 23759, 23780, 23781, 23821, 23599, 23820, 23811, 23810, 23809, 23673, 23677, 23678, 23689, 23931, 23918, 23919, 23951, 23949, 23973, 23974, 4912, 4913, 4914, 4925, 4928, 4943, 7005, 7008, 7060, 7055, 7056, 7059, 7094, 7097, 7078, 7233, 7232, 7150, 7155, 7151, 7137, 7139, 7162, 7170, 7173]",0.06038980000448646,success,,51.23401871576434,72.45584412217103,32.75380858614154,40.39076308800832,31.5789951192171,45.15890704777506
chi_clow_to_midway_0138,w_0138,grid_0_10,True,False,clow_to_midway,Clow International Airport to Midway International Airport,Clow International Airport,Midway International Airport,41.695923717435235,-88.12876224517822,41.7856116663475,-87.75331135429448,ohare_2026-03-07_1s_15nm_bbox,0.2,0.1,0.7,0.0,88,"[13722, 13709, 13708, 13495, 13490, 13478, 22495, 22493, 22468, 22456, 22454, 22429, 22435, 22436, 22447, 22448, 22473, 22476, 22478, 22296, 22299, 22711, 22724, 22728, 22726, 22543, 22545, 22544, 22563, 22566, 22801, 22559, 22591, 22593, 22575, 22573, 23770, 23749, 23771, 23764, 23765, 23763, 23759, 23780, 23781, 23821, 23599, 23820, 23811, 23810, 23809, 23673, 23677, 23678, 23689, 23931, 23933, 23950, 23953, 23958, 23972, 23973, 23974, 4912, 4913, 4914, 4925, 4928, 4943, 7005, 7008, 7060, 7052, 7053, 7058, 7091, 7092, 7075, 7230, 7232, 7150, 7155, 7151, 7137, 7139, 7162, 7170, 7173]",0.058545300002151635,success,,54.06244584051169,76.45584412214288,22.948650179207334,40.314661340081486,40.14195056455255,45.80629678040634
chi_clow_to_midway_0139,w_0139,grid_0_10,True,False,clow_to_midway,Clow International Airport to Midway International Airport,Clow International Airport,Midway International Airport,41.695923717435235,-88.12876224517822,41.7856116663475,-87.75331135429448,ohare_2026-03-07_1s_15nm_bbox,0.2,0.2,0.0,0.6,84,"[13722, 13721, 13498, 13493, 13494, 22633, 22635, 22634, 22609, 22650, 22625, 22623, 22624, 22614, 22615, 22613, 22710, 22712, 22711, 22720, 22722, 22721, 22543, 22545, 22544, 22563, 22564, 22565, 22554, 22553, 22555, 23729, 23728, 23746, 23747, 23748, 23760, 23762, 23761, 23757, 23756, 23758, 23821, 23822, 23827, 23840, 23841, 23846, 23927, 23960, 23965, 23980, 23981, 23992, 23997, 23999, 24117, 24141, 24143, 4951, 4953, 4957, 4971, 4973, 4975, 7088, 7211, 7216, 7243, 7244, 7274, 7277, 7280, 7292, 7297, 7296, 7413, 7411, 7412, 7195, 7192, 7191, 7178, 7173]",0.07603910000034375,success,,50.405591591020915,71.28427124692986,22.624939169456727,50.88930185971417,28.595142980568028,35.938927871618134
chi_clow_to_midway_0140,w_0140,grid_0_10,True,False,clow_to_midway,Clow International Airport to Midway International Airport,Clow International Airport,Midway International Airport,41.695923717435235,-88.12876224517822,41.7856116663475,-87.75331135429448,ohare_2026-03-07_1s_15nm_bbox,0.2,0.2,0.1,0.5,84,"[13722, 13721, 13498, 13493, 13494, 22633, 22635, 22634, 22609, 22650, 22625, 22623, 22624, 22614, 22615, 22613, 22710, 22712, 22711, 22720, 22722, 22723, 22543, 22545, 22544, 22563, 22566, 22801, 22559, 22591, 22590, 22572, 22573, 23770, 23749, 23771, 23764, 23765, 23761, 23757, 23780, 23781, 23824, 23826, 23830, 23843, 23844, 23846, 23927, 23960, 23965, 23980, 23981, 23992, 23997, 23999, 24117, 24141, 24143, 4951, 4953, 4957, 4971, 4973, 4975, 7088, 7089, 7210, 7207, 7206, 7220, 7099, 7098, 7078, 7233, 7232, 7129, 7128, 7127, 7131, 7135, 7138, 7170, 7173]",0.07124530000146478,success,,49.16295090390303,69.52691193406422,19.083786097489565,49.74904207155258,30.505933280364953,37.950010453648495
chi_clow_to_midway_0141,w_0141,grid_0_10,True,False,clow_to_midway,Clow International Airport to Midway International Airport,Clow International Airport,Midway International Airport,41.695923717435235,-88.12876224517822,41.7856116663475,-87.75331135429448,ohare_2026-03-07_1s_15nm_bbox,0.2,0.2,0.2,0.4,84,"[13722, 13721, 13498, 13493, 13494, 22633, 22635, 22634, 22609, 22650, 22625, 22623, 22624, 22614, 22615, 22613, 22710, 22712, 22711, 22720, 22722, 22723, 22543, 22545, 22544, 22563, 22566, 22801, 22559, 22591, 22590, 22572, 22573, 23770, 23749, 23771, 23764, 23765, 23761, 23757, 23780, 23781, 23824, 23826, 23830, 23843, 23844, 23846, 23927, 23960, 23965, 23980, 23981, 23992, 23997, 23999, 24117, 24141, 24143, 4951, 4953, 4957, 4971, 4973, 4975, 7088, 7089, 7210, 7207, 7206, 7220, 7099, 7098, 7078, 7233, 7232, 7129, 7128, 7151, 7137, 7139, 7162, 7170, 7173]",0.06583029999455903,success,,49.16295090390369,69.52691193406515,20.75289053974332,47.1011978013164,30.505933280364953,39.678573367170955
chi_clow_to_midway_0142,w_0142,grid_0_10,True,False,clow_to_midway,Clow International Airport to Midway International Airport,Clow International Airport,Midway International Airport,41.695923717435235,-88.12876224517822,41.7856116663475,-87.75331135429448,ohare_2026-03-07_1s_15nm_bbox,0.2,0.2,0.3,0.3,84,"[13722, 13721, 13498, 13493, 13494, 22633, 22635, 22634, 22609, 22650, 22625, 22623, 22624, 22614, 22615, 22613, 22713, 22718, 22717, 22727, 22728, 22726, 22543, 22545, 22544, 22563, 22566, 22801, 22559, 22591, 22593, 22575, 22573, 23770, 23749, 23771, 23764, 23765, 23761, 23757, 23780, 23781, 23821, 23599, 23820, 23811, 23810, 23809, 23673, 23677, 23678, 23689, 23931, 23918, 23919, 23951, 23949, 23973, 23974, 4912, 4913, 4914, 4925, 4928, 4943, 7005, 7008, 7060, 7055, 7056, 7059, 7094, 7097, 7078, 7233, 7232, 7129, 7128, 7151, 7137, 7139, 7162, 7170, 7173]",0.06251119999797083,success,,49.99137802864935,70.69848480930948,23.29834668751402,43.8490500591321,31.09992684847249,41.28405937164607
chi_clow_to_midway_0143,w_0143,grid_0_10,True,False,clow_to_midway,Clow International Airport to Midway International Airport,Clow International Airport,Midway International Airport,41.695923717435235,-88.12876224517822,41.7856116663475,-87.75331135429448,ohare_2026-03-07_1s_15nm_bbox,0.2,0.2,0.4,0.2,84,"[13722, 13721, 13498, 13493, 13494, 22633, 22635, 22634, 22609, 22650, 22625, 22623, 22624, 22614, 22615, 22613, 22713, 22718, 22717, 22727, 22728, 22726, 22543, 22545, 22544, 22563, 22566, 22801, 22559, 22591, 22593, 22575, 22573, 23770, 23749, 23771, 23764, 23765, 23761, 23757, 23780, 23781, 23821, 23599, 23820, 23811, 23810, 23809, 23673, 23677, 23678, 23689, 23931, 23918, 23919, 23951, 23949, 23973, 23974, 4912, 4913, 4914, 4925, 4928, 4943, 7005, 7008, 7060, 7055, 7056, 7059, 7094, 7097, 7078, 7233, 7232, 7129, 7128, 7151, 7137, 7139, 7162, 7170, 7173]",0.06220749999920372,success,,49.99137802864935,70.69848480930948,23.29834668751402,43.8490500591321,31.09992684847249,42.558971692712035
chi_clow_to_midway_0144,w_0144,grid_0_10,True,False,clow_to_midway,Clow International Airport to Midway International Airport,Clow International Airport,Midway International Airport,41.695923717435235,-88.12876224517822,41.7856116663475,-87.75331135429448,ohare_2026-03-07_1s_15nm_bbox,0.2,0.2,0.5,0.1,85,"[13722, 13709, 13708, 13495, 13490, 13478, 22495, 22493, 22468, 22456, 22454, 22429, 22435, 22437, 22472, 22476, 22478, 22296, 22299, 22711, 22724, 22728, 22726, 22543, 22545, 22544, 22563, 22566, 22801, 22559, 22591, 22593, 22575, 22573, 23770, 23749, 23771, 23764, 23765, 23763, 23759, 23780, 23781, 23821, 23599, 23820, 23811, 23810, 23809, 23673, 23677, 23678, 23689, 23931, 23918, 23919, 23951, 23949, 23973, 23974, 4912, 4913, 4914, 4925, 4928, 4943, 7005, 7008, 7060, 7055, 7056, 7059, 7094, 7097, 7078, 7233, 7232, 7129, 7128, 7151, 7137, 7139, 7162, 7170, 7173]",0.05916169999545673,success,,52.76955262169913,74.62741699741157,20.933289099360156,41.716163126391216,37.68529883832613,43.73875266638257
chi_clow_to_midway_0145,w_0145,grid_0_10,True,False,clow_to_midway,Clow International Airport to Midway International Airport,Clow International Airport,Midway International Airport,41.695923717435235,-88.12876224517822,41.7856116663475,-87.75331135429448,ohare_2026-03-07_1s_15nm_bbox,0.2,0.2,0.6,0.0,88,"[13722, 13709, 13708, 13495, 13490, 13478, 22495, 22493, 22468, 22456, 22454, 22429, 22435, 22436, 22447, 22448, 22473, 22476, 22478, 22296, 22299, 22711, 22724, 22728, 22726, 22543, 22545, 22544, 22563, 22566, 22801, 22559, 22591, 22593, 22575, 22573, 23770, 23749, 23771, 23764, 23765, 23763, 23759, 23780, 23781, 23821, 23599, 23820, 23811, 23810, 23809, 23673, 23677, 23678, 23689, 23931, 23933, 23950, 23953, 23958, 23972, 23973, 23974, 4912, 4913, 4914, 4925, 4928, 4943, 7005, 7008, 7060, 7055, 7056, 7059, 7094, 7097, 7078, 7233, 7232, 7150, 7155, 7151, 7137, 7139, 7162, 7170, 7173]",0.0553994999936549,success,,54.0624458405117,76.45584412214289,22.484996136231512,40.399858693637675,39.93505416966414,44.02808326785748
chi_clow_to_midway_0146,w_0146,grid_0_10,True,False,clow_to_midway,Clow International Airport to Midway International Airport,Clow International Airport,Midway International Airport,41.695923717435235,-88.12876224517822,41.7856116663475,-87.75331135429448,ohare_2026-03-07_1s_15nm_bbox,0.2,0.3,0.0,0.5,84,"[13722, 13721, 13498, 13493, 13494, 22633, 22635, 22634, 22609, 22650, 22625, 22623, 22624, 22614, 22615, 22613, 22710, 22712, 22711, 22720, 22722, 22721, 22543, 22545, 22544, 22563, 22564, 22565, 22554, 22553, 22555, 23729, 23728, 23746, 23747, 23748, 23760, 23739, 23738, 23754, 23753, 23758, 23821, 23822, 23827, 23840, 23841, 23846, 23927, 23960, 23965, 23980, 23981, 23992, 23997, 23999, 24117, 24141, 24143, 4951, 4953, 4957, 4971, 4973, 4975, 7088, 7089, 7210, 7207, 7206, 7220, 7099, 7098, 7078, 7233, 7232, 7129, 7128, 7127, 7131, 7135, 7138, 7170, 7173]",0.06577570000081323,success,,49.162950903902484,69.52691193406345,19.075873892314466,51.27610381450254,30.468397985516418,34.86234354726524
chi_clow_to_midway_0147,w_0147,grid_0_10,True,False,clow_to_midway,Clow International Airport to Midway International Airport,Clow International Airport,Midway International Airport,41.695923717435235,-88.12876224517822,41.7856116663475,-87.75331135429448,ohare_2026-03-07_1s_15nm_bbox,0.2,0.3,0.1,0.4,84,"[13722, 13721, 13498, 13493, 13494, 22633, 22635, 22634, 22609, 22650, 22625, 22623, 22624, 22614, 22615, 22613, 22710, 22712, 22711, 22720, 22722, 22723, 22543, 22545, 22544, 22563, 22566, 22801, 22559, 22591, 22590, 22572, 22573, 23770, 23749, 23771, 23764, 23765, 23761, 23757, 23780, 23781, 23824, 23826, 23830, 23843, 23844, 23846, 23927, 23960, 23965, 23980, 23981, 23992, 23997, 23999, 24117, 24141, 24143, 4951, 4953, 4957, 4971, 4973, 4975, 7088, 7089, 7210, 7207, 7206, 7220, 7099, 7098, 7078, 7233, 7232, 7129, 7128, 7127, 7131, 7135, 7138, 7170, 7173]",0.05871390000538668,success,,49.16295090390303,69.52691193406422,19.083786097489565,49.74904207155258,30.505933280364953,36.807795735360955
chi_clow_to_midway_0148,w_0148,grid_0_10,True,False,clow_to_midway,Clow International Airport to Midway International Airport,Clow International Airport,Midway International Airport,41.695923717435235,-88.12876224517822,41.7856116663475,-87.75331135429448,ohare_2026-03-07_1s_15nm_bbox,0.2,0.3,0.2,0.3,84,"[13722, 13721, 13498, 13493, 13494, 22633, 22635, 22634, 22609, 22650, 22625, 22623, 22624, 22614, 22615, 22613, 22710, 22712, 22711, 22720, 22722, 22723, 22543, 22545, 22544, 22563, 22566, 22801, 22559, 22591, 22590, 22572, 22573, 23770, 23749, 23771, 23764, 23765, 23761, 23757, 23780, 23781, 23824, 23826, 23830, 23843, 23844, 23846, 23927, 23960, 23965, 23980, 23981, 23992, 23997, 23999, 24117, 24141, 24143, 4951, 4953, 4957, 4971, 4973, 4975, 7088, 7089, 7210, 7207, 7206, 7220, 7099, 7098, 7078, 7233, 7232, 7129, 7128, 7151, 7137, 7139, 7162, 7170, 7173]",0.056546899999375455,success,,49.16295090390369,69.52691193406515,20.75289053974332,47.1011978013164,30.505933280364953,38.70326909310879
chi_clow_to_midway_0149,w_0149,grid_0_10,True,False,clow_to_midway,Clow International Airport to Midway International Airport,Clow International Airport,Midway International Airport,41.695923717435235,-88.12876224517822,41.7856116663475,-87.75331135429448,ohare_2026-03-07_1s_15nm_bbox,0.2,0.3,0.3,0.2,84,"[13722, 13721, 13498, 13493, 13494, 22633, 22635, 22634, 22609, 22650, 22625, 22623, 22624, 22614, 22615, 22613, 22713, 22718, 22717, 22727, 22728, 22726, 22543, 22545, 22544, 22563, 22566, 22801, 22559, 22591, 22593, 22575, 22573, 23770, 23749, 23771, 23764, 23765, 23763, 23782, 23783, 23787, 23825, 23826, 23830, 23843, 23844, 23846, 23927, 23960, 23965, 23980, 23981, 23992, 23997, 23999, 24117, 24141, 24143, 4951, 4953, 4957, 4971, 4973, 4972, 7083, 7082, 7084, 7205, 7206, 7220, 7099, 7098, 7078, 7233, 7232, 7129, 7128, 7151, 7137, 7139, 7162, 7170, 7173]",0.05442390000098385,success,,49.577164466271654,70.11269837168045,20.784539360443723,46.00921739634346,31.05485752167065,40.271638205706374
chi_clow_to_midway_0150,w_0150,grid_0_10,True,False,clow_to_midway,Clow International Airport to Midway International Airport,Clow International Airport,Midway International Airport,41.695923717435235,-88.12876224517822,41.7856116663475,-87.75331135429448,ohare_2026-03-07_1s_15nm_bbox,0.2,0.3,0.4,0.1,85,"[13722, 13709, 13708, 13495, 13490, 13478, 22495, 22493, 22468, 22456, 22454, 22429, 22435, 22437, 22472, 22476, 22478, 22296, 22299, 22711, 22724, 22728, 22726, 22543, 22545, 22544, 22563, 22566, 22801, 22559, 22591, 22593, 22575, 22573, 23770, 23749, 23771, 23764, 23765, 23763, 23759, 23780, 23781, 23821, 23599, 23820, 23811, 23810, 23809, 23673, 23677, 23678, 23689, 23931, 23918, 23919, 23951, 23949, 23973, 23974, 4912, 4913, 4914, 4925, 4928, 4943, 7005, 7008, 7060, 7055, 7056, 7059, 7094, 7097, 7078, 7233, 7232, 7129, 7128, 7151, 7137, 7139, 7162, 7170, 7173]",0.05443260000174632,success,,52.76955262169913,74.62741699741157,20.933289099360156,41.716163126391216,37.68529883832613,41.66046526367946
chi_clow_to_midway_0151,w_0151,grid_0_10,True,False,clow_to_midway,Clow International Airport to Midway International Airport,Clow International Airport,Midway International Airport,41.695923717435235,-88.12876224517822,41.7856116663475,-87.75331135429448,ohare_2026-03-07_1s_15nm_bbox,0.2,0.3,0.5,0.0,88,"[13722, 13709, 13708, 13495, 13490, 13478, 22495, 22493, 22468, 22456, 22454, 22429, 22435, 22436, 22447, 22448, 22473, 22476, 22478, 22296, 22299, 22711, 22724, 22728, 22726, 22543, 22545, 22544, 22563, 22566, 22801, 22559, 22591, 22593, 22575, 22573, 23770, 23749, 23771, 23764, 23765, 23763, 23759, 23780, 23781, 23821, 23599, 23820, 23811, 23810, 23809, 23673, 23677, 23678, 23689, 23931, 23933, 23950, 23953, 23958, 23972, 23973, 23974, 4912, 4913, 4914, 4925, 4928, 4943, 7005, 7008, 7060, 7055, 7056, 7059, 7094, 7097, 7078, 7233, 7232, 7129, 7128, 7151, 7137, 7139, 7162, 7170, 7173]",0.05295769999793265,success,,53.648232278138174,75.87005768451975,20.815891693977758,41.17445016072437,39.93505416966414,42.00600412545946
chi_clow_to_midway_0152,w_0152,grid_0_10,True,False,clow_to_midway,Clow International Airport to Midway International Airport,Clow International Airport,Midway International Airport,41.695923717435235,-88.12876224517822,41.7856116663475,-87.75331135429448,ohare_2026-03-07_1s_15nm_bbox,0.2,0.4,0.0,0.4,84,"[13722, 13721, 13498, 13493, 13494, 22633, 22635, 22634, 22609, 22650, 22625, 22623, 22624, 22614, 22615, 22613, 22710, 22712, 22711, 22720, 22722, 22721, 22543, 22545, 22544, 22563, 22564, 22565, 22554, 22553, 22555, 23729, 23728, 23746, 23747, 23748, 23760, 23739, 23738, 23754, 23753, 23758, 23821, 23822, 23827, 23840, 23841, 23846, 23927, 23960, 23965, 23980, 23981, 23992, 23997, 23999, 24117, 24141, 24143, 4951, 4953, 4957, 4971, 4973, 4975, 7088, 7089, 7210, 7207, 7206, 7220, 7099, 7098, 7078, 7233, 7232, 7129, 7128, 7127, 7131, 7135, 7138, 7170, 7173]",0.05170279999583727,success,,49.162950903902484,69.52691193406345,19.075873892314466,51.27610381450254,30.468397985516418,33.72309113794505
chi_clow_to_midway_0153,w_0153,grid_0_10,True,False,clow_to_midway,Clow International Airport to Midway International Airport,Clow International Airport,Midway International Airport,41.695923717435235,-88.12876224517822,41.7856116663475,-87.75331135429448,ohare_2026-03-07_1s_15nm_bbox,0.2,0.4,0.1,0.3,84,"[13722, 13721, 13498, 13493, 13494, 22633, 22635, 22634, 22609, 22650, 22625, 22623, 22624, 22614, 22615, 22613, 22710, 22712, 22711, 22720, 22722, 22723, 22543, 22545, 22544, 22563, 22566, 22801, 22559, 22591, 22590, 22572, 22573, 23770, 23749, 23771, 23764, 23765, 23761, 23757, 23780, 23781, 23824, 23826, 23830, 23843, 23844, 23846, 23927, 23960, 23965, 23980, 23981, 23992, 23997, 23999, 24117, 24141, 24143, 4951, 4953, 4957, 4971, 4973, 4975, 7088, 7089, 7210, 7207, 7206, 7220, 7099, 7098, 7078, 7233, 7232, 7129, 7128, 7127, 7131, 7135, 7138, 7170, 7173]",0.050387299997964874,success,,49.16295090390303,69.52691193406422,19.083786097489565,49.74904207155258,30.505933280364953,35.665581017073414
chi_clow_to_midway_0154,w_0154,grid_0_10,True,False,clow_to_midway,Clow International Airport to Midway International Airport,Clow International Airport,Midway International Airport,41.695923717435235,-88.12876224517822,41.7856116663475,-87.75331135429448,ohare_2026-03-07_1s_15nm_bbox,0.2,0.4,0.2,0.2,84,"[13722, 13721, 13498, 13493, 13494, 22633, 22635, 22634, 22609, 22650, 22622, 22488, 22487, 22614, 22615, 22613, 22710, 22712, 22711, 22720, 22722, 22723, 22543, 22545, 22544, 22563, 22566, 22801, 22559, 22591, 22590, 22572, 22573, 23770, 23749, 23771, 23764, 23765, 23763, 23782, 23783, 23787, 23825, 23826, 23830, 23843, 23844, 23846, 23927, 23960, 23965, 23980, 23981, 23992, 23997, 23999, 24117, 24141, 24143, 4951, 4953, 4957, 4971, 4973, 4975, 7088, 7089, 7210, 7207, 7206, 7220, 7099, 7098, 7078, 7233, 7232, 7129, 7128, 7127, 7131, 7135, 7138, 7170, 7173]",0.04895960000430932,success,,49.16295090389756,69.52691193405647,17.847418607744455,50.08771879060065,32.36098409450668,37.534090406930545
chi_clow_to_midway_0155,w_0155,grid_0_10,True,False,clow_to_midway,Clow International Airport to Midway International Airport,Clow International Airport,Midway International Airport,41.695923717435235,-88.12876224517822,41.7856116663475,-87.75331135429448,ohare_2026-03-07_1s_15nm_bbox,0.2,0.4,0.3,0.1,84,"[13722, 13721, 13498, 13493, 13494, 22633, 22635, 22631, 22605, 22604, 22486, 22485, 22487, 22614, 22615, 22613, 22713, 22718, 22717, 22727, 22728, 22726, 22543, 22545, 22544, 22563, 22566, 22801, 22559, 22591, 22593, 22575, 22574, 23774, 23776, 23777, 23791, 23769, 23790, 23785, 23786, 23787, 23825, 23826, 23830, 23843, 23844, 23846, 23927, 23960, 23965, 23980, 23981, 23992, 23997, 23999, 24117, 24141, 24143, 4951, 4953, 4957, 4971, 4973, 4972, 7083, 7082, 7084, 7205, 7206, 7220, 7099, 7098, 7078, 7233, 7232, 7129, 7128, 7151, 7137, 7139, 7162, 7170, 7173]",0.046968299997388385,success,,49.9913780286465,70.69848480930546,18.806824048056082,46.228146327726265,34.401969075586564,38.97106738696006
chi_clow_to_midway_0156,w_0156,grid_0_10,True,False,clow_to_midway,Clow International Airport to Midway International Airport,Clow International Airport,Midway International Airport,41.695923717435235,-88.12876224517822,41.7856116663475,-87.75331135429448,ohare_2026-03-07_1s_15nm_bbox,0.2,0.4,0.4,0.0,85,"[13722, 13709, 13708, 13495, 13490, 13478, 22495, 22493, 22468, 22456, 22454, 22429, 22435, 22436, 22447, 22448, 22471, 22291, 22295, 22294, 22707, 22722, 22723, 22543, 22545, 22544, 22563, 22566, 22801, 22559, 22591, 22593, 22575, 22574, 23774, 23776, 23777, 23791, 23769, 23790, 23785, 23786, 23787, 23825, 23826, 23830, 23843, 23844, 23846, 23927, 23960, 23965, 23980, 23981, 23992, 23997, 23999, 24117, 24141, 24143, 4951, 4953, 4957, 4971, 4973, 4972, 7083, 7082, 7084, 7205, 7206, 7220, 7099, 7098, 7078, 7233, 7232, 7129, 7128, 7151, 7137, 7139, 7162, 7170, 7173]",0.04658209999615792,success,,51.9411254969525,73.45584412216589,18.172350357309515,44.35165345762068,38.695711607028926,39.70077035040526
chi_clow_to_midway_0157,w_0157,grid_0_10,True,False,clow_to_midway,Clow International Airport to Midway International Airport,Clow International Airport,Midway International Airport,41.695923717435235,-88.12876224517822,41.7856116663475,-87.75331135429448,ohare_2026-03-07_1s_15nm_bbox,0.2,0.5,0.0,0.3,85,"[13722, 13721, 13498, 13493, 13494, 22633, 22635, 22634, 22609, 22650, 22622, 22488, 22487, 22614, 22615, 22613, 22710, 22712, 22711, 22720, 22722, 22721, 22543, 22545, 22544, 22563, 22564, 22565, 22554, 22553, 22555, 23729, 23728, 23746, 23747, 23748, 23760, 23739, 23738, 23754, 23753, 23758, 23821, 23822, 23827, 23840, 23841, 23846, 23927, 23960, 23965, 23980, 23981, 23992, 23997, 23999, 24117, 24141, 24143, 4951, 4953, 4957, 4971, 4973, 4975, 7088, 7089, 7210, 7207, 7206, 7220, 7099, 7098, 7078, 7233, 7232, 7129, 7128, 7127, 7131, 7133, 7136, 7149, 7170, 7173]",0.04204839999874821,success,,49.87005768508821,70.52691193405484,16.973305360742067,52.81470650718418,32.83988264869322,32.44399986178997
chi_clow_to_midway_0158,w_0158,grid_0_10,True,False,clow_to_midway,Clow International Airport to Midway International Airport,Clow International Airport,Midway International Airport,41.695923717435235,-88.12876224517822,41.7856116663475,-87.75331135429448,ohare_2026-03-07_1s_15nm_bbox,0.2,0.5,0.1,0.2,85,"[13722, 13721, 13498, 13493, 13494, 22633, 22630, 22499, 22603, 22601, 22486, 22485, 22487, 22614, 22615, 22613, 22710, 22712, 22711, 22720, 22722, 22723, 22543, 22545, 22544, 22563, 22566, 22801, 22559, 22591, 22590, 22572, 22573, 23770, 23749, 23771, 23764, 23765, 23763, 23759, 23780, 23781, 23824, 23826, 23830, 23843, 23844, 23846, 23927, 23960, 23965, 23980, 23981, 23992, 23997, 23999, 24117, 24141, 24143, 4951, 4953, 4957, 4971, 4973, 4975, 7088, 7089, 7210, 7207, 7206, 7220, 7099, 7098, 7078, 7233, 7232, 7129, 7128, 7127, 7131, 7133, 7136, 7149, 7170, 7173]",0.040113700000802055,success,,50.28427124746,71.1126983716755,15.645422613927387,51.34957559224516,35.292865154949645,34.23878157151324
chi_clow_to_midway_0159,w_0159,grid_0_10,True,False,clow_to_midway,Clow International Airport to Midway International Airport,Clow International Airport,Midway International Airport,41.695923717435235,-88.12876224517822,41.7856116663475,-87.75331135429448,ohare_2026-03-07_1s_15nm_bbox,0.2,0.5,0.2,0.1,85,"[13722, 13721, 13498, 13493, 13494, 22633, 22630, 22499, 22603, 22601, 22486, 22485, 22487, 22614, 22615, 22613, 22710, 22712, 22711, 22720, 22722, 22723, 22543, 22545, 22544, 22563, 22566, 22801, 22559, 22591, 22593, 22575, 22574, 23774, 23776, 23777, 23791, 23769, 23790, 23785, 23786, 23787, 23825, 23826, 23830, 23843, 23844, 23846, 23927, 23960, 23965, 23980, 23981, 23992, 23997, 23999, 24117, 24141, 24143, 4951, 4953, 4957, 4971, 4973, 4972, 7083, 7082, 7084, 7205, 7206, 7220, 7099, 7098, 7078, 7233, 7232, 7129, 7128, 7127, 7131, 7133, 7136, 7149, 7170, 7173]",0.04211779999604914,success,,50.28427124745848,71.11269837167337,15.669159229452692,50.85321097442382,35.89449025143843,35.81721050908963
chi_clow_to_midway_0160,w_0160,grid_0_10,True,False,clow_to_midway,Clow International Airport to Midway International Airport,Clow International Airport,Midway International Airport,41.695923717435235,-88.12876224517822,41.7856116663475,-87.75331135429448,ohare_2026-03-07_1s_15nm_bbox,0.2,0.5,0.3,0.0,86,"[13722, 13709, 13708, 13495, 13490, 13478, 22495, 22493, 22468, 22600, 22458, 22459, 22439, 22480, 22472, 22476, 22478, 22296, 22295, 22294, 22707, 22722, 22723, 22543, 22545, 22544, 22563, 22566, 22801, 22559, 22591, 22593, 22575, 22574, 23774, 23776, 23777, 23791, 23769, 23790, 23785, 23786, 23787, 23825, 23826, 23830, 23843, 23844, 23846, 23927, 23960, 23965, 23980, 23981, 23992, 23997, 23999, 24117, 24141, 24143, 4951, 4953, 4957, 4971, 4973, 4972, 7083, 7082, 7084, 7205, 7206, 7220, 7099, 7098, 7078, 7233, 7232, 7129, 7128, 7127, 7131, 7133, 7136, 7149, 7170, 7173]",0.03969209999922896,success,,50.99137802864519,72.11269837166617,15.7420790685679,49.05897443830092,39.64395872433617,37.01127154010746
chi_clow_to_midway_0161,w_0161,grid_0_10,True,False,clow_to_midway,Clow International Airport to Midway International Airport,Clow International Airport,Midway International Airport,41.695923717435235,-88.12876224517822,41.7856116663475,-87.75331135429448,ohare_2026-03-07_1s_15nm_bbox,0.2,0.6,0.0,0.2,85,"[13722, 13721, 13498, 13493, 13494, 22633, 22630, 22499, 22603, 22601, 22486, 22488, 22487, 22614, 22615, 22613, 22710, 22712, 22711, 22720, 22722, 22721, 22543, 22545, 22544, 22563, 22564, 22565, 22554, 22553, 22555, 23729, 23728, 23746, 23747, 23748, 23764, 23765, 23763, 23759, 23780, 23781, 23824, 23826, 23830, 23840, 23841, 23846, 23927, 23960, 23965, 23980, 23981, 23992, 23997, 23999, 24117, 24141, 24143, 4951, 4953, 4957, 4971, 4973, 4975, 7088, 7089, 7210, 7207, 7206, 7220, 7099, 7098, 7078, 7233, 7232, 7129, 7128, 7127, 7131, 7133, 7136, 7149, 7170, 7173]",0.03251060000184225,success,,50.284271247461206,71.11269837167723,15.645422613927387,52.9267298182009,35.26034755236105,30.661862753164087
chi_clow_to_midway_0162,w_0162,grid_0_10,True,False,clow_to_midway,Clow International Airport to Midway International Airport,Clow International Airport,Midway International Airport,41.695923717435235,-88.12876224517822,41.7856116663475,-87.75331135429448,ohare_2026-03-07_1s_15nm_bbox,0.2,0.6,0.1,0.1,85,"[13722, 13721, 13498, 13493, 13494, 22633, 22630, 22499, 22603, 22601, 22486, 22485, 22487, 22614, 22615, 22613, 22710, 22712, 22711, 22720, 22722, 22723, 22543, 22545, 22544, 22563, 22566, 22801, 22559, 22591, 22590, 22572, 22573, 23770, 23749, 23771, 23764, 23765, 23763, 23759, 23780, 23781, 23824, 23826, 23830, 23843, 23844, 23846, 23927, 23960, 23965, 23980, 23981, 23992, 23997, 23999, 24117, 24141, 24143, 4951, 4953, 4957, 4971, 4973, 4975, 7088, 7089, 7210, 7207, 7206, 7220, 7099, 7098, 7078, 7233, 7232, 7129, 7128, 7127, 7131, 7133, 7136, 7149, 7170, 7173]",0.03543659999559168,success,,50.28427124746,71.1126983716755,15.645422613927387,51.34957559224516,35.292865154949645,32.274037317411015
chi_clow_to_midway_0163,w_0163,grid_0_10,True,False,clow_to_midway,Clow International Airport to Midway International Airport,Clow International Airport,Midway International Airport,41.695923717435235,-88.12876224517822,41.7856116663475,-87.75331135429448,ohare_2026-03-07_1s_15nm_bbox,0.2,0.6,0.2,0.0,85,"[13722, 13721, 13498, 13493, 13494, 22632, 22497, 22494, 22602, 22601, 22483, 22482, 22481, 22475, 22476, 22478, 22296, 22295, 22294, 22707, 22722, 22723, 22543, 22545, 22544, 22563, 22566, 22801, 22559, 22591, 22593, 22575, 22574, 23774, 23776, 23777, 23791, 23769, 23790, 23785, 23786, 23787, 23825, 23826, 23830, 23843, 23844, 23846, 23927, 23960, 23965, 23980, 23981, 23992, 23997, 23999, 24117, 24141, 24143, 4951, 4953, 4957, 4971, 4973, 4972, 7083, 7082, 7084, 7205, 7206, 7220, 7099, 7098, 7078, 7233, 7232, 7129, 7128, 7127, 7131, 7133, 7136, 7149, 7170, 7173]",0.034854199999244884,success,,50.28427124745913,71.11269837167431,15.669159229452692,50.066663201246634,38.79348317837689,33.63736785225581
chi_clow_to_midway_0164,w_0164,grid_0_10,True,False,clow_to_midway,Clow International Airport to Midway International Airport,Clow International Airport,Midway International Airport,41.695923717435235,-88.12876224517822,41.7856116663475,-87.75331135429448,ohare_2026-03-07_1s_15nm_bbox,0.2,0.7,0.0,0.1,85,"[13722, 13721, 13498, 13493, 13494, 22633, 22630, 22499, 22603, 22601, 22486, 22488, 22487, 22614, 22615, 22613, 22710, 22712, 22711, 22720, 22722, 22721, 22543, 22545, 22544, 22563, 22564, 22565, 22554, 22553, 22555, 23729, 23728, 23746, 23747, 23748, 23764, 23765, 23763, 23759, 23780, 23781, 23824, 23826, 23830, 23840, 23841, 23846, 23927, 23960, 23965, 23980, 23981, 23992, 23997, 23999, 24117, 24141, 24143, 4951, 4953, 4957, 4971, 4973, 4975, 7088, 7089, 7210, 7207, 7206, 7220, 7099, 7098, 7078, 7233, 7232, 7129, 7128, 7127, 7131, 7133, 7136, 7149, 7170, 7173]",0.026300500001525506,success,,50.284271247461206,71.11269837167723,15.645422613927387,52.9267298182009,35.26034755236105,28.70037025932072
chi_clow_to_midway_0165,w_0165,grid_0_10,True,False,clow_to_midway,Clow International Airport to Midway International Airport,Clow International Airport,Midway International Airport,41.695923717435235,-88.12876224517822,41.7856116663475,-87.75331135429448,ohare_2026-03-07_1s_15nm_bbox,0.2,0.7,0.1,0.0,85,"[13722, 13721, 13498, 13493, 13494, 22632, 22497, 22494, 22602, 22601, 22483, 22482, 22481, 22475, 22476, 22478, 22296, 22295, 22294, 22707, 22722, 22723, 22543, 22545, 22544, 22563, 22566, 22801, 22559, 22591, 22593, 22575, 22574, 23774, 23776, 23777, 23791, 23769, 23790, 23785, 23786, 23787, 23825, 23826, 23830, 23843, 23844, 23846, 23927, 23960, 23965, 23980, 23981, 23992, 23997, 23999, 24117, 24141, 24143, 4951, 4953, 4957, 4971, 4973, 4972, 7083, 7082, 7084, 7205, 7206, 7220, 7099, 7098, 7078, 7233, 7232, 7129, 7128, 7127, 7131, 7133, 7136, 7149, 7170, 7173]",0.025384799999301322,success,,50.28427124745913,71.11269837167431,15.669159229452692,50.066663201246634,38.79348317837689,30.19761745507641
chi_clow_to_midway_0166,w_0166,grid_0_10,True,False,clow_to_midway,Clow International Airport to Midway International Airport,Clow International Airport,Midway International Airport,41.695923717435235,-88.12876224517822,41.7856116663475,-87.75331135429448,ohare_2026-03-07_1s_15nm_bbox,0.2,0.8,0.0,0.0,85,"[13722, 13721, 13498, 13493, 13494, 22632, 22497, 22494, 22603, 22601, 22486, 22485, 22484, 22477, 22479, 22478, 22296, 22299, 22298, 22707, 22709, 22721, 22543, 22545, 22544, 22563, 22564, 22565, 22558, 22556, 22590, 22572, 22573, 23770, 23749, 23771, 23764, 23765, 23763, 23759, 23780, 23784, 23825, 23829, 23831, 23845, 23844, 23849, 23961, 23963, 23965, 23980, 23981, 23992, 23997, 23999, 24117, 24141, 24143, 4951, 4953, 4957, 4971, 4973, 4975, 7087, 7086, 7085, 7205, 7206, 7220, 7099, 7098, 7078, 7230, 7079, 7126, 7124, 7125, 7118, 7133, 7136, 7149, 7170, 7173]",0.022841599995444994,success,,50.28427124745518,71.11269837166871,15.645422613927387,54.06263993045373,37.778629324993304,26.738877765475657
chi_clow_to_midway_0167,w_0167,grid_0_10,True,False,clow_to_midway,Clow International Airport to Midway International Airport,Clow International Airport,Midway International Airport,41.695923717435235,-88.12876224517822,41.7856116663475,-87.75331135429448,ohare_2026-03-07_1s_15nm_bbox,0.3,0.0,0.0,0.7,84,"[13722, 13721, 13498, 13497, 13496, 22637, 22636, 22638, 22651, 22652, 22628, 22627, 22626, 22640, 22641, 22619, 22716, 22718, 22717, 22727, 22728, 22726, 22546, 22548, 22547, 22568, 22566, 22567, 22558, 22556, 22557, 22571, 22570, 23746, 23747, 23748, 23760, 23762, 23761, 23754, 23750, 23719, 23591, 23595, 23598, 23811, 23814, 23816, 23679, 23923, 23924, 23934, 23935, 23955, 23956, 23991, 23977, 24112, 24113, 4932, 4935, 4939, 4962, 4964, 4966, 7080, 7082, 7085, 7207, 7208, 7225, 7229, 7270, 7263, 7265, 7264, 7180, 7181, 7159, 7163, 7164, 7165, 7175, 7173]",0.07092740000371123,success,,49.162950903902924,69.52691193406405,35.76253002559137,50.97510512087454,28.537350882895893,40.83421919824634
chi_clow_to_midway_0168,w_0168,grid_0_10,True,False,clow_to_midway,Clow International Airport to Midway International Airport,Clow International Airport,Midway International Airport,41.695923717435235,-88.12876224517822,41.7856116663475,-87.75331135429448,ohare_2026-03-07_1s_15nm_bbox,0.3,0.0,0.1,0.6,84,"[13722, 13724, 13712, 13713, 13714, 22662, 22663, 22664, 22655, 22656, 22674, 22673, 22672, 22646, 22647, 22645, 22732, 22734, 22733, 22743, 22744, 22742, 22584, 22583, 22582, 22569, 22800, 22801, 22559, 22591, 22590, 22572, 22573, 23770, 23749, 23771, 23764, 23762, 23761, 23757, 23780, 23781, 23824, 23826, 23830, 23843, 23844, 23846, 23927, 23928, 23962, 23938, 23937, 23955, 23956, 23991, 23977, 24112, 24113, 4932, 4935, 4939, 4962, 4964, 4966, 7080, 7082, 7085, 7207, 7208, 7225, 7229, 7270, 7263, 7265, 7264, 7180, 7181, 7159, 7163, 7164, 7165, 7175, 7173]",0.07124849999672733,success,,47.92031021678353,67.76955262119627,42.04103312059031,47.671262353821945,29.51956677319893,42.809732085660436
chi_clow_to_midway_0169,w_0169,grid_0_10,True,False,clow_to_midway,Clow International Airport to Midway International Airport,Clow International Airport,Midway International Airport,41.695923717435235,-88.12876224517822,41.7856116663475,-87.75331135429448,ohare_2026-03-07_1s_15nm_bbox,0.3,0.0,0.2,0.5,84,"[13722, 13727, 13715, 13713, 13714, 22662, 22663, 22664, 22655, 22656, 22674, 22673, 22672, 22646, 22680, 22648, 22735, 22737, 22736, 22745, 22747, 22746, 22585, 22587, 22582, 22569, 22800, 22801, 22559, 22591, 22590, 22572, 22573, 23770, 23749, 23771, 23764, 23762, 23761, 23757, 23780, 23781, 23824, 23826, 23830, 23843, 23844, 23846, 23927, 23960, 23962, 23938, 23937, 23955, 23956, 23991, 23977, 24112, 24113, 4932, 4935, 4939, 4962, 4964, 4966, 7080, 7082, 7085, 7207, 7208, 7225, 7229, 7227, 7237, 7238, 7239, 7154, 7155, 7153, 7137, 7139, 7162, 7175, 7173]",0.06328619999840157,success,,48.74873734153049,68.94112549644245,42.98995133233767,43.72797604725335,29.96527653396242,44.41057112536461
chi_clow_to_midway_0170,w_0170,grid_0_10,True,False,clow_to_midway,Clow International Airport to Midway International Airport,Clow International Airport,Midway International Airport,41.695923717435235,-88.12876224517822,41.7856116663475,-87.75331135429448,ohare_2026-03-07_1s_15nm_bbox,0.3,0.0,0.3,0.4,84,"[13722, 13727, 13715, 13713, 13714, 22662, 22663, 22664, 22655, 22656, 22674, 22673, 22672, 22646, 22680, 22648, 22735, 22737, 22736, 22745, 22747, 22746, 22585, 22587, 22582, 22569, 22800, 22801, 22559, 22591, 22590, 22572, 22573, 23770, 23749, 23771, 23764, 23762, 23761, 23757, 23780, 23781, 23824, 23826, 23830, 23843, 23844, 23846, 23927, 23960, 23962, 23938, 23937, 23955, 23956, 23991, 23977, 24112, 24113, 4932, 4931, 4936, 4947, 4961, 4963, 7066, 7081, 7084, 7205, 7206, 7222, 7226, 7227, 7237, 7238, 7239, 7154, 7155, 7153, 7137, 7139, 7162, 7175, 7173]",0.06034180000278866,success,,48.74873734153104,68.94112549644323,43.15015873191128,43.43312599456854,30.11962236984834,45.76012439524287
chi_clow_to_midway_0171,w_0171,grid_0_10,True,False,clow_to_midway,Clow International Airport to Midway International Airport,Clow International Airport,Midway International Airport,41.695923717435235,-88.12876224517822,41.7856116663475,-87.75331135429448,ohare_2026-03-07_1s_15nm_bbox,0.3,0.0,0.4,0.3,84,"[13722, 13724, 13499, 13497, 13496, 22637, 22661, 22660, 22655, 22656, 22671, 22670, 22672, 22646, 22680, 22648, 22732, 22737, 22736, 22745, 22747, 22742, 22585, 22587, 22582, 22569, 22800, 22801, 22559, 22591, 22590, 22572, 22573, 23770, 23749, 23771, 23764, 23765, 23763, 23782, 23783, 23787, 23825, 23826, 23830, 23843, 23844, 23846, 23927, 23960, 23962, 23938, 23937, 23955, 23956, 23991, 23977, 24112, 24113, 4932, 4931, 4936, 4947, 4961, 4963, 7066, 7081, 7084, 7205, 7206, 7222, 7226, 7227, 7237, 7238, 7239, 7154, 7155, 7153, 7137, 7139, 7162, 7175, 7173]",0.057711099994776305,success,,49.991378028643545,70.69848480930125,41.75467654526837,41.56278212480651,30.59375663743808,47.0127852839444
chi_clow_to_midway_0172,w_0172,grid_0_10,True,False,clow_to_midway,Clow International Airport to Midway International Airport,Clow International Airport,Midway International Airport,41.695923717435235,-88.12876224517822,41.7856116663475,-87.75331135429448,ohare_2026-03-07_1s_15nm_bbox,0.3,0.0,0.5,0.2,84,"[13722, 13724, 13499, 13497, 13496, 22637, 22661, 22660, 22655, 22656, 22671, 22670, 22672, 22646, 22680, 22648, 22732, 22737, 22736, 22745, 22747, 22742, 22585, 22587, 22582, 22569, 22800, 22801, 22559, 22591, 22593, 22575, 22574, 23774, 23776, 23777, 23791, 23769, 23790, 23785, 23786, 23787, 23825, 23826, 23830, 23843, 23844, 23846, 23927, 23960, 23962, 23938, 23937, 23955, 23956, 23991, 23977, 24112, 24113, 4932, 4931, 4936, 4947, 4961, 4963, 7066, 7081, 7084, 7205, 7206, 7220, 7223, 7221, 7231, 7233, 7236, 7154, 7155, 7151, 7137, 7139, 7162, 7175, 7173]",0.054350099999282975,success,,50.405591591018386,71.28427124692625,40.66904651516644,40.71021677392772,31.401655806691743,48.02072092238008
chi_clow_to_midway_0173,w_0173,grid_0_10,True,False,clow_to_midway,Clow International Airport to Midway International Airport,Clow International Airport,Midway International Airport,41.695923717435235,-88.12876224517822,41.7856116663475,-87.75331135429448,ohare_2026-03-07_1s_15nm_bbox,0.3,0.0,0.6,0.1,84,"[13722, 13724, 13499, 13497, 13496, 22637, 22661, 22660, 22655, 22656, 22671, 22670, 22672, 22646, 22680, 22648, 22732, 22737, 22736, 22745, 22747, 22742, 22585, 22587, 22582, 22569, 22800, 22801, 22559, 22591, 22593, 22575, 22574, 23774, 23776, 23777, 23791, 23769, 23790, 23785, 23786, 23787, 23825, 23826, 23830, 23843, 23844, 23846, 23927, 23960, 23962, 23938, 23937, 23955, 23956, 23991, 23977, 24112, 24113, 4932, 4931, 4933, 4942, 4941, 4946, 7005, 7008, 7060, 7052, 7053, 7058, 7091, 7092, 7075, 7230, 7232, 7150, 7155, 7151, 7137, 7139, 7162, 7175, 7173]",0.052230100001906976,success,,50.40559159101826,71.28427124692608,38.51866104907236,40.503842407798516,32.31788890136954,48.91937570889389
chi_clow_to_midway_0174,w_0174,grid_0_10,True,False,clow_to_midway,Clow International Airport to Midway International Airport,Clow International Airport,Midway International Airport,41.695923717435235,-88.12876224517822,41.7856116663475,-87.75331135429448,ohare_2026-03-07_1s_15nm_bbox,0.3,0.0,0.7,0.0,84,"[13722, 13724, 13499, 13497, 13496, 22637, 22661, 22660, 22655, 22656, 22671, 22670, 22672, 22646, 22680, 22648, 22738, 22737, 22736, 22745, 22747, 22742, 22585, 22587, 22582, 22569, 22800, 22801, 22559, 22591, 22593, 22575, 22574, 23774, 23776, 24000, 23795, 23797, 23796, 24013, 24011, 24012, 23833, 23832, 23831, 23843, 23844, 23846, 23927, 23960, 23962, 23938, 23937, 23955, 23956, 23991, 23977, 24112, 24113, 4932, 4931, 4933, 4942, 4941, 4946, 7005, 7008, 7060, 7052, 7053, 7058, 7091, 7092, 7075, 7230, 7232, 7150, 7155, 7151, 7137, 7139, 7162, 7175, 7173]",0.05289420000190148,success,,50.40559159101826,71.28427124692608,38.93529623376485,40.41978586699981,32.89059260864858,49.67913148097769
chi_clow_to_midway_0175,w_0175,grid_0_10,True,False,clow_to_midway,Clow International Airport to Midway International Airport,Clow International Airport,Midway International Airport,41.695923717435235,-88.12876224517822,41.7856116663475,-87.75331135429448,ohare_2026-03-07_1s_15nm_bbox,0.3,0.1,0.0,0.6,84,"[13722, 13721, 13498, 13493, 13494, 22633, 22635, 22634, 22609, 22650, 22625, 22623, 22624, 22616, 22618, 22617, 22713, 22715, 22714, 22724, 22725, 22723, 22543, 22545, 22544, 22563, 22564, 22565, 22554, 22553, 22555, 23729, 23728, 23746, 23747, 23748, 23760, 23762, 23761, 23757, 23756, 23758, 23821, 23822, 23827, 23840, 23841, 23846, 23927, 23960, 23965, 23980, 23981, 23992, 23997, 23999, 24117, 24141, 24143, 4951, 4953, 4957, 4971, 4973, 4975, 7088, 7211, 7216, 7243, 7244, 7274, 7277, 7280, 7292, 7297, 7296, 7413, 7411, 7412, 7195, 7192, 7191, 7178, 7173]",0.05845650000264868,success,,49.991378028647816,70.69848480930732,23.25894732467948,51.572992223727226,28.595433036676063,40.69269999726578
chi_clow_to_midway_0176,w_0176,grid_0_10,True,False,clow_to_midway,Clow International Airport to Midway International Airport,Clow International Airport,Midway International Airport,41.695923717435235,-88.12876224517822,41.7856116663475,-87.75331135429448,ohare_2026-03-07_1s_15nm_bbox,0.3,0.1,0.1,0.5,84,"[13722, 13721, 13498, 13493, 13494, 22633, 22635, 22634, 22609, 22650, 22625, 22623, 22624, 22616, 22618, 22617, 22713, 22715, 22714, 22724, 22725, 22723, 22543, 22545, 22544, 22563, 22564, 22565, 22554, 22553, 22555, 23729, 23728, 23746, 23747, 23748, 23760, 23762, 23761, 23757, 23780, 23781, 23824, 23826, 23830, 23843, 23844, 23846, 23927, 23960, 23965, 23980, 23981, 23992, 23997, 23999, 24117, 24141, 24143, 4951, 4953, 4957, 4971, 4973, 4975, 7088, 7089, 7210, 7207, 7206, 7220, 7099, 7098, 7078, 7233, 7232, 7129, 7128, 7151, 7137, 7139, 7162, 7170, 7173]",0.05607469999813475,success,,48.33452377915685,68.35533905881914,21.78212727979164,48.85244441688532,30.499001712675977,42.819559743651425
chi_clow_to_midway_0177,w_0177,grid_0_10,True,False,clow_to_midway,Clow International Airport to Midway International Airport,Clow International Airport,Midway International Airport,41.695923717435235,-88.12876224517822,41.7856116663475,-87.75331135429448,ohare_2026-03-07_1s_15nm_bbox,0.3,0.1,0.2,0.4,84,"[13722, 13721, 13498, 13493, 13494, 22633, 22635, 22634, 22609, 22650, 22625, 22623, 22624, 22614, 22615, 22613, 22710, 22712, 22711, 22720, 22722, 22723, 22543, 22545, 22544, 22563, 22564, 22565, 22554, 22553, 22555, 23729, 23728, 23740, 23742, 23709, 23731, 23733, 23732, 23717, 23718, 23719, 23588, 23592, 23593, 23807, 23810, 23809, 23673, 23677, 23678, 23689, 23931, 23918, 23919, 23951, 23949, 23973, 23974, 4912, 4915, 4918, 4942, 4945, 4948, 7062, 7063, 7067, 7201, 7202, 7095, 7099, 7098, 7078, 7233, 7232, 7129, 7128, 7151, 7137, 7139, 7162, 7170, 7173]",0.05364199999894481,success,,49.57716446627482,70.11269837168487,24.30281256174485,45.61123871044781,29.86951120773418,44.53414299286318
chi_clow_to_midway_0178,w_0178,grid_0_10,True,False,clow_to_midway,Clow International Airport to Midway International Airport,Clow International Airport,Midway International Airport,41.695923717435235,-88.12876224517822,41.7856116663475,-87.75331135429448,ohare_2026-03-07_1s_15nm_bbox,0.3,0.1,0.3,0.3,84,"[13722, 13721, 13498, 13493, 13494, 22633, 22635, 22634, 22609, 22650, 22625, 22623, 22624, 22614, 22615, 22613, 22710, 22712, 22711, 22720, 22722, 22723, 22543, 22545, 22544, 22563, 22566, 22801, 22559, 22591, 22590, 22572, 22573, 23770, 23749, 23771, 23764, 23765, 23763, 23759, 23780, 23781, 23821, 23599, 23820, 23811, 23810, 23809, 23673, 23677, 23678, 23689, 23931, 23918, 23919, 23951, 23949, 23973, 23974, 4912, 4913, 4914, 4925, 4928, 4943, 7005, 7008, 7060, 7055, 7056, 7059, 7094, 7097, 7078, 7233, 7232, 7129, 7128, 7151, 7137, 7139, 7162, 7170, 7173]",0.05125650000263704,success,,48.748737341529406,68.9411254964409,23.306258892689122,44.85768386021344,31.537061999590325,45.93138729614231
chi_clow_to_midway_0179,w_0179,grid_0_10,True,False,clow_to_midway,Clow International Airport to Midway International Airport,Clow International Airport,Midway International Airport,41.695923717435235,-88.12876224517822,41.7856116663475,-87.75331135429448,ohare_2026-03-07_1s_15nm_bbox,0.3,0.1,0.4,0.2,84,"[13722, 13721, 13498, 13493, 13494, 22633, 22635, 22634, 22609, 22650, 22625, 22623, 22624, 22614, 22615, 22613, 22713, 22718, 22717, 22727, 22728, 22726, 22543, 22545, 22544, 22563, 22566, 22801, 22559, 22591, 22590, 22572, 22573, 23770, 23749, 23771, 23764, 23765, 23763, 23759, 23780, 23781, 23821, 23599, 23820, 23811, 23810, 23809, 23673, 23677, 23678, 23689, 23931, 23918, 23919, 23951, 23949, 23973, 23974, 4912, 4913, 4914, 4925, 4928, 4943, 7005, 7008, 7060, 7055, 7056, 7059, 7094, 7097, 7078, 7233, 7232, 7129, 7128, 7151, 7137, 7139, 7162, 7170, 7173]",0.05151320000004489,success,,49.16295090390316,69.52691193406439,23.306258892689122,44.33474635606029,31.537871175446252,47.23017224700159
chi_clow_to_midway_0180,w_0180,grid_0_10,True,False,clow_to_midway,Clow International Airport to Midway International Airport,Clow International Airport,Midway International Airport,41.695923717435235,-88.12876224517822,41.7856116663475,-87.75331135429448,ohare_2026-03-07_1s_15nm_bbox,0.3,0.1,0.5,0.1,84,"[13722, 13724, 13499, 13497, 13496, 22637, 22636, 22660, 22655, 22656, 22671, 22670, 22672, 22646, 22680, 22648, 22732, 22737, 22736, 22743, 22744, 22742, 22585, 22587, 22582, 22569, 22800, 22801, 22559, 22591, 22593, 22575, 22574, 23774, 23776, 23777, 23791, 23769, 23790, 23785, 23786, 23787, 23825, 23826, 23830, 23843, 23844, 23846, 23925, 23926, 23924, 23932, 23933, 23950, 23953, 23958, 23972, 23973, 23974, 4912, 4913, 4914, 4925, 4928, 4943, 7005, 7008, 7060, 7055, 7056, 7059, 7094, 7097, 7078, 7233, 7232, 7150, 7155, 7151, 7137, 7139, 7162, 7170, 7173]",0.04838439999730326,success,,50.40559159102145,71.2842712469306,32.77754520166685,40.879529165290045,32.06401074249992,48.30920155114088
chi_clow_to_midway_0181,w_0181,grid_0_10,True,False,clow_to_midway,Clow International Airport to Midway International Airport,Clow International Airport,Midway International Airport,41.695923717435235,-88.12876224517822,41.7856116663475,-87.75331135429448,ohare_2026-03-07_1s_15nm_bbox,0.3,0.1,0.6,0.0,84,"[13722, 13724, 13499, 13497, 13496, 22637, 22636, 22660, 22655, 22656, 22671, 22670, 22672, 22646, 22680, 22648, 22738, 22737, 22736, 22743, 22744, 22742, 22585, 22587, 22582, 22569, 22800, 22801, 22559, 22591, 22593, 22575, 22574, 23774, 23776, 24000, 23795, 23797, 23796, 24013, 24011, 24012, 23833, 23832, 23831, 23843, 23844, 23846, 23925, 23926, 23924, 23932, 23933, 23950, 23953, 23958, 23972, 23973, 23974, 4912, 4913, 4914, 4925, 4928, 4943, 7005, 7008, 7060, 7052, 7053, 7058, 7091, 7092, 7075, 7230, 7232, 7150, 7155, 7151, 7137, 7139, 7162, 7170, 7173]",0.047522100001515355,success,,50.40559159102144,71.2842712469306,33.65783442933517,40.71027527093514,32.84361084466737,49.17722997957378
chi_clow_to_midway_0182,w_0182,grid_0_10,True,False,clow_to_midway,Clow International Airport to Midway International Airport,Clow International Airport,Midway International Airport,41.695923717435235,-88.12876224517822,41.7856116663475,-87.75331135429448,ohare_2026-03-07_1s_15nm_bbox,0.3,0.2,0.0,0.5,84,"[13722, 13721, 13498, 13493, 13494, 22633, 22635, 22634, 22609, 22650, 22625, 22623, 22624, 22616, 22618, 22617, 22713, 22715, 22714, 22724, 22725, 22723, 22543, 22545, 22544, 22563, 22564, 22565, 22554, 22553, 22555, 23729, 23728, 23746, 23747, 23748, 23760, 23762, 23761, 23757, 23756, 23758, 23821, 23822, 23827, 23840, 23841, 23846, 23927, 23960, 23965, 23980, 23981, 23992, 23997, 23999, 24117, 24141, 24143, 4951, 4953, 4957, 4971, 4973, 4975, 7088, 7089, 7210, 7207, 7206, 7220, 7099, 7098, 7078, 7233, 7232, 7129, 7128, 7127, 7131, 7135, 7138, 7170, 7173]",0.048068700001749676,success,,48.33452377915509,68.35533905881665,20.113022837537887,51.861965538460424,30.47438224121713,39.76639740576114
chi_clow_to_midway_0183,w_0183,grid_0_10,True,False,clow_to_midway,Clow International Airport to Midway International Airport,Clow International Airport,Midway International Airport,41.695923717435235,-88.12876224517822,41.7856116663475,-87.75331135429448,ohare_2026-03-07_1s_15nm_bbox,0.3,0.2,0.1,0.4,84,"[13722, 13721, 13498, 13493, 13494, 22633, 22635, 22634, 22609, 22650, 22625, 22623, 22624, 22614, 22615, 22613, 22710, 22712, 22711, 22720, 22722, 22723, 22543, 22545, 22544, 22563, 22564, 22565, 22554, 22553, 22555, 23729, 23728, 23746, 23747, 23748, 23760, 23762, 23761, 23757, 23780, 23781, 23824, 23826, 23830, 23843, 23844, 23846, 23927, 23960, 23965, 23980, 23981, 23992, 23997, 23999, 24117, 24141, 24143, 4951, 4953, 4957, 4971, 4973, 4975, 7088, 7089, 7210, 7207, 7206, 7220, 7099, 7098, 7078, 7233, 7232, 7129, 7128, 7127, 7131, 7135, 7138, 7170, 7173]",0.04506319999927655,success,,48.748737341529285,68.94112549644075,19.479014682315135,50.66788052011421,30.498757200052697,41.84443151742775
chi_clow_to_midway_0184,w_0184,grid_0_10,True,False,clow_to_midway,Clow International Airport to Midway International Airport,Clow International Airport,Midway International Airport,41.695923717435235,-88.12876224517822,41.7856116663475,-87.75331135429448,ohare_2026-03-07_1s_15nm_bbox,0.3,0.2,0.2,0.3,84,"[13722, 13721, 13498, 13493, 13494, 22633, 22635, 22634, 22609, 22650, 22625, 22623, 22624, 22614, 22615, 22613, 22710, 22712, 22711, 22720, 22722, 22723, 22543, 22545, 22544, 22563, 22566, 22801, 22559, 22591, 22590, 22572, 22573, 23770, 23749, 23771, 23764, 23765, 23763, 23782, 23783, 23787, 23825, 23826, 23830, 23843, 23844, 23846, 23927, 23960, 23965, 23980, 23981, 23992, 23997, 23999, 24117, 24141, 24143, 4951, 4953, 4957, 4971, 4973, 4975, 7088, 7089, 7210, 7207, 7206, 7220, 7099, 7098, 7078, 7233, 7232, 7129, 7128, 7151, 7137, 7139, 7162, 7170, 7173]",0.0443304000000353,success,,48.74873734152699,68.94112549643751,20.784539360443723,46.995414023804074,30.98949943132987,43.53517815517978
chi_clow_to_midway_0185,w_0185,grid_0_10,True,False,clow_to_midway,Clow International Airport to Midway International Airport,Clow International Airport,Midway International Airport,41.695923717435235,-88.12876224517822,41.7856116663475,-87.75331135429448,ohare_2026-03-07_1s_15nm_bbox,0.3,0.2,0.3,0.2,84,"[13722, 13721, 13498, 13493, 13494, 22633, 22635, 22634, 22609, 22650, 22625, 22623, 22624, 22614, 22615, 22613, 22710, 22712, 22711, 22720, 22722, 22723, 22543, 22545, 22544, 22563, 22566, 22801, 22559, 22591, 22590, 22572, 22573, 23770, 23749, 23771, 23764, 23765, 23763, 23759, 23780, 23781, 23821, 23599, 23820, 23811, 23810, 23809, 23673, 23677, 23678, 23689, 23931, 23918, 23919, 23951, 23949, 23973, 23974, 4912, 4913, 4914, 4925, 4928, 4943, 7005, 7008, 7060, 7055, 7056, 7059, 7094, 7097, 7078, 7233, 7232, 7129, 7128, 7151, 7137, 7139, 7162, 7170, 7173]",0.043392200001107994,success,,48.748737341529406,68.9411254964409,23.306258892689122,44.85768386021344,31.537061999590325,45.108306985452195
chi_clow_to_midway_0186,w_0186,grid_0_10,True,False,clow_to_midway,Clow International Airport to Midway International Airport,Clow International Airport,Midway International Airport,41.695923717435235,-88.12876224517822,41.7856116663475,-87.75331135429448,ohare_2026-03-07_1s_15nm_bbox,0.3,0.2,0.4,0.1,84,"[13722, 13721, 13498, 13493, 13494, 22633, 22635, 22634, 22609, 22650, 22625, 22623, 22624, 22614, 22615, 22613, 22713, 22718, 22717, 22727, 22728, 22726, 22543, 22545, 22544, 22563, 22566, 22801, 22559, 22591, 22593, 22575, 22574, 23774, 23776, 23777, 23791, 23769, 23790, 23785, 23786, 23787, 23825, 23826, 23830, 23843, 23844, 23846, 23925, 23926, 23924, 23932, 23933, 23950, 23953, 23958, 23972, 23973, 23974, 4912, 4913, 4914, 4925, 4928, 4943, 7005, 7008, 7060, 7055, 7056, 7059, 7094, 7097, 7078, 7233, 7232, 7129, 7128, 7151, 7137, 7139, 7162, 7170, 7173]",0.044127799999841955,success,,49.16295090390393,69.5269119340655,23.329995508214424,44.1644602402669,32.02621576293346,46.39247835426264
chi_clow_to_midway_0187,w_0187,grid_0_10,True,False,clow_to_midway,Clow International Airport to Midway International Airport,Clow International Airport,Midway International Airport,41.695923717435235,-88.12876224517822,41.7856116663475,-87.75331135429448,ohare_2026-03-07_1s_15nm_bbox,0.3,0.2,0.5,0.0,85,"[13722, 13709, 13708, 13495, 13490, 13478, 22495, 22493, 22468, 22600, 22458, 22459, 22439, 22480, 22472, 22476, 22478, 22296, 22295, 22294, 22707, 22722, 22723, 22543, 22545, 22544, 22563, 22566, 22801, 22559, 22591, 22593, 22575, 22574, 23774, 23776, 23777, 23791, 23769, 23790, 23785, 23786, 23787, 23825, 23826, 23830, 23843, 23844, 23846, 23925, 23926, 23924, 23932, 23933, 23950, 23953, 23958, 23972, 23973, 23974, 4912, 4913, 4914, 4925, 4928, 4943, 7005, 7008, 7060, 7055, 7056, 7059, 7094, 7097, 7078, 7233, 7232, 7129, 7128, 7151, 7137, 7139, 7162, 7170, 7173]",0.04430480000155512,success,,50.698484809833644,71.69848480929886,20.79119187971925,43.32748731703526,39.11938796891426,47.33152747725114
chi_clow_to_midway_0188,w_0188,grid_0_10,True,False,clow_to_midway,Clow International Airport to Midway International Airport,Clow International Airport,Midway International Airport,41.695923717435235,-88.12876224517822,41.7856116663475,-87.75331135429448,ohare_2026-03-07_1s_15nm_bbox,0.3,0.3,0.0,0.4,84,"[13722, 13721, 13498, 13493, 13494, 22633, 22635, 22634, 22609, 22650, 22625, 22623, 22624, 22614, 22615, 22613, 22710, 22712, 22711, 22720, 22722, 22721, 22543, 22545, 22544, 22563, 22564, 22565, 22554, 22553, 22555, 23729, 23728, 23746, 23747, 23748, 23760, 23762, 23761, 23757, 23756, 23758, 23821, 23822, 23827, 23840, 23841, 23846, 23927, 23960, 23965, 23980, 23981, 23992, 23997, 23999, 24117, 24141, 24143, 4951, 4953, 4957, 4971, 4973, 4975, 7088, 7089, 7210, 7207, 7206, 7220, 7099, 7098, 7078, 7233, 7232, 7129, 7128, 7127, 7131, 7135, 7138, 7170, 7173]",0.03955339999811258,success,,48.74873734152819,68.9411254964392,19.479014682315135,51.17827517444737,30.474092185109093,38.71567892766994
chi_clow_to_midway_0189,w_0189,grid_0_10,True,False,clow_to_midway,Clow International Airport to Midway International Airport,Clow International Airport,Midway International Airport,41.695923717435235,-88.12876224517822,41.7856116663475,-87.75331135429448,ohare_2026-03-07_1s_15nm_bbox,0.3,0.3,0.1,0.3,84,"[13722, 13721, 13498, 13493, 13494, 22633, 22635, 22634, 22609, 22650, 22625, 22623, 22624, 22614, 22615, 22613, 22710, 22712, 22711, 22720, 22722, 22723, 22543, 22545, 22544, 22563, 22566, 22801, 22559, 22591, 22590, 22572, 22573, 23770, 23749, 23771, 23764, 23765, 23763, 23759, 23780, 23781, 23824, 23826, 23830, 23843, 23844, 23846, 23927, 23960, 23965, 23980, 23981, 23992, 23997, 23999, 24117, 24141, 24143, 4951, 4953, 4957, 4971, 4973, 4975, 7088, 7089, 7210, 7207, 7206, 7220, 7099, 7098, 7078, 7233, 7232, 7129, 7128, 7127, 7131, 7135, 7138, 7170, 7173]",0.03697210000245832,success,,48.74873734152874,68.94112549643997,19.091698302664668,49.82110728738581,30.94835224601067,40.67646354227317
chi_clow_to_midway_0190,w_0190,grid_0_10,True,False,clow_to_midway,Clow International Airport to Midway International Airport,Clow International Airport,Midway International Airport,41.695923717435235,-88.12876224517822,41.7856116663475,-87.75331135429448,ohare_2026-03-07_1s_15nm_bbox,0.3,0.3,0.2,0.2,84,"[13722, 13721, 13498, 13493, 13494, 22633, 22635, 22634, 22609, 22650, 22625, 22623, 22624, 22614, 22615, 22613, 22710, 22712, 22711, 22720, 22722, 22723, 22543, 22545, 22544, 22563, 22566, 22801, 22559, 22591, 22590, 22572, 22573, 23770, 23749, 23771, 23764, 23765, 23763, 23782, 23783, 23787, 23825, 23826, 23830, 23843, 23844, 23846, 23927, 23960, 23965, 23980, 23981, 23992, 23997, 23999, 24117, 24141, 24143, 4951, 4953, 4957, 4971, 4973, 4975, 7088, 7089, 7210, 7207, 7206, 7220, 7099, 7098, 7078, 7233, 7232, 7129, 7128, 7151, 7137, 7139, 7162, 7170, 7173]",0.0372099000014714,success,,48.74873734152699,68.94112549643751,20.784539360443723,46.995414023804074,30.98949943132987,42.514682148091154
chi_clow_to_midway_0191,w_0191,grid_0_10,True,False,clow_to_midway,Clow International Airport to Midway International Airport,Clow International Airport,Midway International Airport,41.695923717435235,-88.12876224517822,41.7856116663475,-87.75331135429448,ohare_2026-03-07_1s_15nm_bbox,0.3,0.3,0.3,0.1,84,"[13722, 13721, 13498, 13493, 13494, 22633, 22635, 22634, 22609, 22650, 22625, 22623, 22624, 22614, 22615, 22613, 22710, 22712, 22711, 22720, 22722, 22723, 22543, 22545, 22544, 22563, 22566, 22801, 22559, 22591, 22593, 22575, 22574, 23774, 23776, 23777, 23791, 23769, 23790, 23785, 23786, 23787, 23825, 23826, 23830, 23843, 23844, 23846, 23927, 23960, 23965, 23980, 23981, 23992, 23997, 23999, 24117, 24141, 24143, 4951, 4953, 4957, 4971, 4973, 4972, 7083, 7082, 7084, 7205, 7206, 7220, 7099, 7098, 7078, 7233, 7232, 7129, 7128, 7151, 7137, 7139, 7162, 7170, 7173]",0.03822470000159228,success,,48.74873734152788,68.94112549643877,20.784539360443723,46.67689839932829,31.549977342499446,44.07576671111318
chi_clow_to_midway_0192,w_0192,grid_0_10,True,False,clow_to_midway,Clow International Airport to Midway International Airport,Clow International Airport,Midway International Airport,41.695923717435235,-88.12876224517822,41.7856116663475,-87.75331135429448,ohare_2026-03-07_1s_15nm_bbox,0.3,0.3,0.4,0.0,85,"[13722, 13709, 13708, 13495, 13490, 13478, 22495, 22493, 22468, 22600, 22458, 22459, 22439, 22480, 22472, 22476, 22478, 22296, 22295, 22294, 22707, 22722, 22723, 22543, 22545, 22544, 22563, 22566, 22801, 22559, 22591, 22593, 22575, 22574, 23774, 23776, 23777, 23791, 23769, 23790, 23785, 23786, 23787, 23825, 23826, 23830, 23843, 23844, 23846, 23925, 23926, 23924, 23932, 23933, 23950, 23953, 23958, 23972, 23973, 23974, 4912, 4913, 4914, 4925, 4928, 4943, 7005, 7008, 7060, 7055, 7056, 7059, 7094, 7097, 7078, 7233, 7232, 7129, 7128, 7151, 7137, 7139, 7162, 7170, 7173]",0.03794009999546688,success,,50.698484809833644,71.69848480929886,20.79119187971925,43.32748731703526,39.11938796891426,45.07789793351954
chi_clow_to_midway_0193,w_0193,grid_0_10,True,False,clow_to_midway,Clow International Airport to Midway International Airport,Clow International Airport,Midway International Airport,41.695923717435235,-88.12876224517822,41.7856116663475,-87.75331135429448,ohare_2026-03-07_1s_15nm_bbox,0.3,0.4,0.0,0.3,84,"[13722, 13721, 13498, 13493, 13494, 22633, 22635, 22634, 22609, 22650, 22625, 22623, 22624, 22614, 22615, 22613, 22710, 22712, 22711, 22720, 22722, 22721, 22543, 22545, 22544, 22563, 22564, 22565, 22554, 22553, 22555, 23729, 23728, 23746, 23747, 23748, 23764, 23765, 23763, 23759, 23780, 23781, 23824, 23826, 23830, 23840, 23841, 23846, 23927, 23960, 23965, 23980, 23981, 23992, 23997, 23999, 24117, 24141, 24143, 4951, 4953, 4957, 4971, 4973, 4975, 7088, 7089, 7210, 7207, 7206, 7220, 7099, 7098, 7078, 7233, 7232, 7129, 7128, 7127, 7131, 7135, 7138, 7170, 7173]",0.033078100001148414,success,,48.74873734152994,68.94112549644169,19.091698302664668,51.28030325996783,30.93790265170699,37.60038776551047
chi_clow_to_midway_0194,w_0194,grid_0_10,True,False,clow_to_midway,Clow International Airport to Midway International Airport,Clow International Airport,Midway International Airport,41.695923717435235,-88.12876224517822,41.7856116663475,-87.75331135429448,ohare_2026-03-07_1s_15nm_bbox,0.3,0.4,0.1,0.2,84,"[13722, 13721, 13498, 13493, 13494, 22633, 22635, 22634, 22609, 22650, 22622, 22488, 22487, 22614, 22615, 22613, 22710, 22712, 22711, 22720, 22722, 22723, 22543, 22545, 22544, 22563, 22566, 22801, 22559, 22591, 22590, 22572, 22573, 23770, 23749, 23771, 23764, 23765, 23763, 23782, 23783, 23787, 23825, 23826, 23830, 23843, 23844, 23846, 23927, 23960, 23965, 23980, 23981, 23992, 23997, 23999, 24117, 24141, 24143, 4951, 4953, 4957, 4971, 4973, 4975, 7088, 7089, 7210, 7207, 7206, 7220, 7099, 7098, 7078, 7233, 7232, 7129, 7128, 7127, 7131, 7135, 7138, 7170, 7173]",0.03168279999954393,success,,49.16295090389756,69.52691193405647,17.847418607744455,50.08771879060065,32.36098409450668,39.47800972127613
chi_clow_to_midway_0195,w_0195,grid_0_10,True,False,clow_to_midway,Clow International Airport to Midway International Airport,Clow International Airport,Midway International Airport,41.695923717435235,-88.12876224517822,41.7856116663475,-87.75331135429448,ohare_2026-03-07_1s_15nm_bbox,0.3,0.4,0.2,0.1,84,"[13722, 13721, 13498, 13493, 13494, 22633, 22635, 22631, 22605, 22604, 22486, 22485, 22487, 22614, 22615, 22613, 22710, 22712, 22711, 22720, 22722, 22723, 22543, 22545, 22544, 22563, 22566, 22801, 22559, 22591, 22593, 22575, 22574, 23774, 23776, 23777, 23791, 23769, 23790, 23785, 23786, 23787, 23825, 23826, 23830, 23843, 23844, 23846, 23927, 23960, 23965, 23980, 23981, 23992, 23997, 23999, 24117, 24141, 24143, 4951, 4953, 4957, 4971, 4973, 4972, 7083, 7082, 7084, 7205, 7206, 7220, 7099, 7098, 7078, 7233, 7232, 7129, 7128, 7127, 7131, 7135, 7138, 7170, 7173]",0.034082499994838145,success,,49.57716446627209,70.11269837168106,17.137719605802324,49.39892810211559,34.401159899730644,41.20879896422144
chi_clow_to_midway_0196,w_0196,grid_0_10,True,False,clow_to_midway,Clow International Airport to Midway International Airport,Clow International Airport,Midway International Airport,41.695923717435235,-88.12876224517822,41.7856116663475,-87.75331135429448,ohare_2026-03-07_1s_15nm_bbox,0.3,0.4,0.3,0.0,84,"[13722, 13721, 13498, 13493, 13494, 22632, 22497, 22494, 22602, 22601, 22483, 22482, 22481, 22475, 22476, 22478, 22296, 22295, 22294, 22707, 22722, 22723, 22543, 22545, 22544, 22563, 22566, 22801, 22559, 22591, 22593, 22575, 22574, 23774, 23776, 23777, 23791, 23769, 23790, 23785, 23786, 23787, 23825, 23826, 23830, 23843, 23844, 23846, 23927, 23960, 23965, 23980, 23981, 23992, 23997, 23999, 24117, 24141, 24143, 4951, 4953, 4957, 4971, 4973, 4972, 7083, 7082, 7084, 7205, 7206, 7220, 7099, 7098, 7078, 7233, 7232, 7129, 7128, 7151, 7137, 7139, 7162, 7170, 7173]",0.035061400005361065,success,,49.99137802864529,70.69848480930376,18.17281589283333,46.324676734889216,37.79348317837689,42.376074820391224
chi_clow_to_midway_0197,w_0197,grid_0_10,True,False,clow_to_midway,Clow International Airport to Midway International Airport,Clow International Airport,Midway International Airport,41.695923717435235,-88.12876224517822,41.7856116663475,-87.75331135429448,ohare_2026-03-07_1s_15nm_bbox,0.3,0.5,0.0,0.2,85,"[13722, 13721, 13498, 13493, 13494, 22633, 22635, 22634, 22609, 22650, 22622, 22488, 22487, 22614, 22615, 22613, 22710, 22712, 22711, 22720, 22722, 22721, 22543, 22545, 22544, 22563, 22564, 22565, 22554, 22553, 22555, 23729, 23728, 23746, 23747, 23748, 23764, 23765, 23763, 23759, 23780, 23781, 23824, 23826, 23830, 23840, 23841, 23846, 23927, 23960, 23965, 23980, 23981, 23992, 23997, 23999, 24117, 24141, 24143, 4951, 4953, 4957, 4971, 4973, 4975, 7088, 7089, 7210, 7207, 7206, 7220, 7099, 7098, 7078, 7233, 7232, 7129, 7128, 7127, 7131, 7133, 7136, 7149, 7170, 7173]",0.028630300002987497,success,,49.45584412271567,69.94112549643307,16.98912977109227,52.818905952649466,33.3093873148838,36.138779997452815
chi_clow_to_midway_0198,w_0198,grid_0_10,True,False,clow_to_midway,Clow International Airport to Midway International Airport,Clow International Airport,Midway International Airport,41.695923717435235,-88.12876224517822,41.7856116663475,-87.75331135429448,ohare_2026-03-07_1s_15nm_bbox,0.3,0.5,0.1,0.1,85,"[13722, 13721, 13498, 13493, 13494, 22633, 22630, 22499, 22603, 22601, 22486, 22485, 22487, 22614, 22615, 22613, 22710, 22712, 22711, 22720, 22722, 22723, 22543, 22545, 22544, 22563, 22566, 22801, 22559, 22591, 22590, 22572, 22573, 23770, 23749, 23771, 23764, 23765, 23763, 23782, 23783, 23787, 23825, 23826, 23830, 23843, 23844, 23846, 23927, 23960, 23965, 23980, 23981, 23992, 23997, 23999, 24117, 24141, 24143, 4951, 4953, 4957, 4971, 4973, 4975, 7088, 7089, 7210, 7207, 7206, 7220, 7099, 7098, 7078, 7233, 7232, 7129, 7128, 7127, 7131, 7133, 7136, 7149, 7170, 7173]",0.027542399999219924,success,,50.28427124745759,71.1126983716721,15.669159229452692,51.171726598899596,35.33401234026885,37.818963020144814
chi_clow_to_midway_0199,w_0199,grid_0_10,True,False,clow_to_midway,Clow International Airport to Midway International Airport,Clow International Airport,Midway International Airport,41.695923717435235,-88.12876224517822,41.7856116663475,-87.75331135429448,ohare_2026-03-07_1s_15nm_bbox,0.3,0.5,0.2,0.0,85,"[13722, 13721, 13498, 13493, 13494, 22632, 22497, 22494, 22602, 22601, 22483, 22482, 22481, 22475, 22476, 22478, 22296, 22295, 22294, 22707, 22722, 22723, 22543, 22545, 22544, 22563, 22566, 22801, 22559, 22591, 22593, 22575, 22574, 23774, 23776, 23777, 23791, 23769, 23790, 23785, 23786, 23787, 23825, 23826, 23830, 23843, 23844, 23846, 23927, 23960, 23965, 23980, 23981, 23992, 23997, 23999, 24117, 24141, 24143, 4951, 4953, 4957, 4971, 4973, 4972, 7083, 7082, 7084, 7205, 7206, 7220, 7099, 7098, 7078, 7233, 7232, 7129, 7128, 7127, 7131, 7133, 7136, 7149, 7170, 7173]",0.027302999995299615,success,,50.28427124745913,71.11269837167431,15.669159229452692,50.066663201246634,38.79348317837689,39.18172176647796
chi_clow_to_midway_0200,w_0200,grid_0_10,True,False,clow_to_midway,Clow International Airport to Midway International Airport,Clow International Airport,Midway International Airport,41.695923717435235,-88.12876224517822,41.7856116663475,-87.75331135429448,ohare_2026-03-07_1s_15nm_bbox,0.3,0.6,0.0,0.1,85,"[13722, 13721, 13498, 13493, 13494, 22633, 22630, 22499, 22603, 22601, 22486, 22488, 22487, 22614, 22615, 22613, 22710, 22712, 22711, 22720, 22722, 22721, 22543, 22545, 22544, 22563, 22564, 22565, 22554, 22553, 22555, 23729, 23728, 23746, 23747, 23748, 23764, 23765, 23763, 23759, 23780, 23781, 23824, 23826, 23830, 23840, 23841, 23846, 23927, 23960, 23965, 23980, 23981, 23992, 23997, 23999, 24117, 24141, 24143, 4951, 4953, 4957, 4971, 4973, 4975, 7088, 7089, 7210, 7207, 7206, 7220, 7099, 7098, 7078, 7233, 7232, 7129, 7128, 7127, 7131, 7133, 7136, 7149, 7170, 7173]",0.02245499999844469,success,,50.284271247461206,71.11269837167723,15.645422613927387,52.9267298182009,35.26034755236105,34.2470978350957
chi_clow_to_midway_0201,w_0201,grid_0_10,True,False,clow_to_midway,Clow International Airport to Midway International Airport,Clow International Airport,Midway International Airport,41.695923717435235,-88.12876224517822,41.7856116663475,-87.75331135429448,ohare_2026-03-07_1s_15nm_bbox,0.3,0.6,0.1,0.0,85,"[13722, 13721, 13498, 13493, 13494, 22632, 22497, 22494, 22602, 22601, 22483, 22482, 22481, 22475, 22476, 22478, 22296, 22295, 22294, 22707, 22722, 22723, 22543, 22545, 22544, 22563, 22566, 22801, 22559, 22591, 22593, 22575, 22574, 23774, 23776, 23777, 23791, 23769, 23790, 23785, 23786, 23787, 23825, 23826, 23830, 23843, 23844, 23846, 23927, 23960, 23965, 23980, 23981, 23992, 23997, 23999, 24117, 24141, 24143, 4951, 4953, 4957, 4971, 4973, 4972, 7083, 7082, 7084, 7205, 7206, 7220, 7099, 7098, 7078, 7233, 7232, 7129, 7128, 7127, 7131, 7133, 7136, 7149, 7170, 7173]",0.022181000000273343,success,,50.28427124745913,71.11269837167431,15.669159229452692,50.066663201246634,38.79348317837689,35.74197136929857
chi_clow_to_midway_0202,w_0202,grid_0_10,True,False,clow_to_midway,Clow International Airport to Midway International Airport,Clow International Airport,Midway International Airport,41.695923717435235,-88.12876224517822,41.7856116663475,-87.75331135429448,ohare_2026-03-07_1s_15nm_bbox,0.3,0.7,0.0,0.0,85,"[13722, 13721, 13498, 13493, 13494, 22632, 22497, 22494, 22603, 22601, 22486, 22485, 22484, 22477, 22479, 22478, 22296, 22299, 22298, 22707, 22709, 22721, 22543, 22545, 22544, 22563, 22564, 22565, 22558, 22556, 22590, 22572, 22573, 23770, 23749, 23771, 23764, 23765, 23763, 23759, 23780, 23784, 23825, 23829, 23831, 23845, 23844, 23849, 23961, 23963, 23965, 23980, 23981, 23992, 23997, 23999, 24117, 24141, 24143, 4951, 4953, 4957, 4971, 4973, 4975, 7087, 7086, 7085, 7205, 7206, 7220, 7099, 7098, 7078, 7233, 7232, 7129, 7128, 7127, 7131, 7133, 7136, 7149, 7170, 7173]",0.017620799997530412,success,,50.28427124745518,71.1126983716687,15.645422613927387,53.270928048841064,37.727807189980055,32.28560534124978
chi_clow_to_midway_0203,w_0203,grid_0_10,True,False,clow_to_midway,Clow International Airport to Midway International Airport,Clow International Airport,Midway International Airport,41.695923717435235,-88.12876224517822,41.7856116663475,-87.75331135429448,ohare_2026-03-07_1s_15nm_bbox,0.4,0.0,0.0,0.6,84,"[13722, 13721, 13498, 13497, 13496, 22637, 22636, 22638, 22651, 22652, 22628, 22627, 22626, 22640, 22641, 22619, 22716, 22718, 22717, 22727, 22728, 22726, 22546, 22548, 22547, 22568, 22566, 22567, 22558, 22556, 22557, 22571, 22570, 23746, 23747, 23748, 23760, 23762, 23761, 23757, 23756, 23758, 23597, 23599, 23823, 23815, 23819, 23842, 23925, 23928, 23962, 23938, 23939, 23990, 23993, 23995, 24114, 24118, 24119, 4937, 4938, 4939, 4962, 4964, 4966, 7080, 7082, 7085, 7207, 7208, 7225, 7229, 7270, 7263, 7265, 7264, 7180, 7181, 7159, 7163, 7164, 7165, 7175, 7173]",0.04635309999866877,success,,47.920310216783086,67.76955262119564,36.77105219599685,51.86157440927067,29.389750695444604,44.741671465745014
chi_clow_to_midway_0204,w_0204,grid_0_10,True,False,clow_to_midway,Clow International Airport to Midway International Airport,Clow International Airport,Midway International Airport,41.695923717435235,-88.12876224517822,41.7856116663475,-87.75331135429448,ohare_2026-03-07_1s_15nm_bbox,0.4,0.0,0.1,0.5,84,"[13722, 13724, 13712, 13713, 13714, 22662, 22663, 22664, 22655, 22656, 22674, 22673, 22672, 22646, 22647, 22645, 22732, 22734, 22733, 22743, 22744, 22742, 22584, 22583, 22582, 22569, 22800, 22801, 22559, 22591, 22590, 22572, 22573, 23770, 23749, 23771, 23764, 23765, 23763, 23759, 23780, 23781, 23824, 23826, 23830, 23843, 23844, 23846, 23927, 23928, 23962, 23938, 23937, 23955, 23956, 23991, 23977, 24112, 24113, 4932, 4935, 4939, 4962, 4964, 4966, 7080, 7082, 7085, 7207, 7208, 7225, 7229, 7270, 7263, 7265, 7264, 7180, 7181, 7159, 7163, 7164, 7165, 7175, 7173]",0.04688950000127079,success,,47.50609665440922,67.183766183572,41.65371674093984,47.80011048992682,29.9614669422621,46.63425099355254
chi_clow_to_midway_0205,w_0205,grid_0_10,True,False,clow_to_midway,Clow International Airport to Midway International Airport,Clow International Airport,Midway International Airport,41.695923717435235,-88.12876224517822,41.7856116663475,-87.75331135429448,ohare_2026-03-07_1s_15nm_bbox,0.4,0.0,0.2,0.4,84,"[13722, 13724, 13712, 13713, 13714, 22662, 22663, 22664, 22655, 22656, 22674, 22673, 22672, 22646, 22647, 22645, 22732, 22734, 22733, 22743, 22744, 22742, 22584, 22583, 22582, 22569, 22800, 22801, 22559, 22591, 22590, 22572, 22573, 23770, 23749, 23771, 23764, 23765, 23763, 23782, 23783, 23787, 23825, 23826, 23830, 23843, 23844, 23846, 23927, 23960, 23962, 23938, 23937, 23955, 23956, 23991, 23977, 24112, 24113, 4932, 4935, 4939, 4962, 4964, 4966, 7080, 7082, 7085, 7207, 7208, 7225, 7229, 7227, 7237, 7238, 7239, 7154, 7155, 7153, 7137, 7139, 7162, 7170, 7173]",0.044241399999009445,success,,47.506096654407365,67.18376618356939,41.67745335646515,45.769452742004184,30.421794840565827,48.19611495805492
chi_clow_to_midway_0206,w_0206,grid_0_10,True,False,clow_to_midway,Clow International Airport to Midway International Airport,Clow International Airport,Midway International Airport,41.695923717435235,-88.12876224517822,41.7856116663475,-87.75331135429448,ohare_2026-03-07_1s_15nm_bbox,0.4,0.0,0.3,0.3,84,"[13722, 13727, 13715, 13713, 13714, 22662, 22663, 22664, 22655, 22656, 22674, 22673, 22672, 22646, 22680, 22648, 22735, 22737, 22736, 22745, 22747, 22746, 22585, 22587, 22582, 22569, 22800, 22801, 22559, 22591, 22590, 22572, 22573, 23770, 23749, 23771, 23764, 23765, 23763, 23782, 23783, 23787, 23825, 23826, 23830, 23843, 23844, 23846, 23927, 23960, 23962, 23938, 23937, 23955, 23956, 23991, 23977, 24112, 24113, 4932, 4931, 4936, 4947, 4961, 4963, 7066, 7081, 7084, 7205, 7206, 7222, 7226, 7227, 7237, 7238, 7239, 7154, 7155, 7153, 7137, 7139, 7162, 7170, 7173]",0.041831200003798585,success,,48.33452377915433,68.35533905881557,42.78657896778613,43.38412513732786,30.602669724230704,49.5381740819938
chi_clow_to_midway_0207,w_0207,grid_0_10,True,False,clow_to_midway,Clow International Airport to Midway International Airport,Clow International Airport,Midway International Airport,41.695923717435235,-88.12876224517822,41.7856116663475,-87.75331135429448,ohare_2026-03-07_1s_15nm_bbox,0.4,0.0,0.4,0.2,84,"[13722, 13727, 13715, 13713, 13714, 22662, 22663, 22664, 22655, 22656, 22674, 22673, 22672, 22646, 22680, 22648, 22735, 22737, 22736, 22745, 22747, 22746, 22585, 22587, 22586, 22804, 22803, 22802, 22592, 22594, 22593, 22575, 22574, 23774, 23776, 23777, 23791, 23769, 23790, 23785, 23786, 23787, 23825, 23826, 23830, 23843, 23844, 23846, 23927, 23960, 23962, 23938, 23937, 23955, 23956, 23991, 23977, 24112, 24113, 4932, 4931, 4936, 4947, 4961, 4963, 7066, 7081, 7084, 7205, 7206, 7222, 7226, 7224, 7234, 7235, 7236, 7154, 7155, 7153, 7137, 7139, 7162, 7170, 7173]",0.04181099999550497,success,,47.920310216784856,67.76955262119813,42.78657896778613,43.55201759110556,31.267389053834826,50.782105895688446
chi_clow_to_midway_0208,w_0208,grid_0_10,True,False,clow_to_midway,Clow International Airport to Midway International Airport,Clow International Airport,Midway International Airport,41.695923717435235,-88.12876224517822,41.7856116663475,-87.75331135429448,ohare_2026-03-07_1s_15nm_bbox,0.4,0.0,0.5,0.1,84,"[13722, 13724, 13499, 13497, 13496, 22637, 22661, 22660, 22655, 22656, 22674, 22673, 22672, 22646, 22680, 22648, 22735, 22737, 22736, 22745, 22747, 22746, 22585, 22587, 22582, 22569, 22800, 22801, 22559, 22591, 22593, 22575, 22574, 23774, 23776, 23777, 23791, 23769, 23790, 23785, 23786, 23787, 23825, 23826, 23830, 23843, 23844, 23846, 23927, 23960, 23962, 23938, 23937, 23955, 23956, 23991, 23977, 24112, 24113, 4932, 4931, 4933, 4942, 4941, 4946, 7005, 7008, 7060, 7055, 7056, 7059, 7094, 7097, 7078, 7233, 7236, 7154, 7155, 7153, 7137, 7139, 7162, 7170, 7173]",0.041688800003612414,success,,48.74873734152852,68.94112549643967,38.889559227223415,42.29304565141644,32.02545512995346,51.92551853727943
chi_clow_to_midway_0209,w_0209,grid_0_10,True,False,clow_to_midway,Clow International Airport to Midway International Airport,Clow International Airport,Midway International Airport,41.695923717435235,-88.12876224517822,41.7856116663475,-87.75331135429448,ohare_2026-03-07_1s_15nm_bbox,0.4,0.0,0.6,0.0,84,"[13722, 13724, 13499, 13497, 13496, 22637, 22661, 22660, 22655, 22656, 22671, 22670, 22672, 22646, 22680, 22648, 22738, 22737, 22736, 22745, 22747, 22742, 22585, 22587, 22582, 22569, 22800, 22801, 22559, 22591, 22593, 22575, 22574, 23774, 23776, 24000, 23795, 23797, 23796, 24013, 24011, 24012, 23833, 23832, 23831, 23843, 23844, 23846, 23927, 23960, 23962, 23938, 23937, 23955, 23956, 23991, 23977, 24112, 24113, 4932, 4931, 4933, 4942, 4941, 4946, 7005, 7008, 7060, 7052, 7053, 7058, 7091, 7092, 7075, 7230, 7232, 7150, 7155, 7151, 7137, 7139, 7162, 7170, 7173]",0.038918300000659656,success,,50.40559159101826,71.28427124692608,38.93529623376485,40.41978586699981,32.89059260864858,52.76558001897032
chi_clow_to_midway_0210,w_0210,grid_0_10,True,False,clow_to_midway,Clow International Airport to Midway International Airport,Clow International Airport,Midway International Airport,41.695923717435235,-88.12876224517822,41.7856116663475,-87.75331135429448,ohare_2026-03-07_1s_15nm_bbox,0.4,0.1,0.0,0.5,84,"[13722, 13721, 13498, 13493, 13494, 22633, 22635, 22634, 22609, 22650, 22625, 22623, 22624, 22616, 22618, 22617, 22713, 22715, 22714, 22724, 22725, 22723, 22543, 22545, 22544, 22563, 22564, 22565, 22554, 22553, 22555, 23729, 23728, 23746, 23747, 23748, 23760, 23762, 23761, 23757, 23756, 23758, 23821, 23822, 23827, 23840, 23841, 23846, 23927, 23960, 23965, 23980, 23981, 23992, 23997, 23999, 24117, 24141, 24143, 4951, 4953, 4957, 4971, 4973, 4975, 7088, 7089, 7210, 7207, 7206, 7220, 7099, 7098, 7078, 7233, 7232, 7129, 7128, 7127, 7131, 7135, 7138, 7170, 7173]",0.040687599997909274,success,,48.33452377915509,68.35533905881665,20.113022837537887,51.861965538460424,30.47438224121713,44.590629027889015
chi_clow_to_midway_0211,w_0211,grid_0_10,True,False,clow_to_midway,Clow International Airport to Midway International Airport,Clow International Airport,Midway International Airport,41.695923717435235,-88.12876224517822,41.7856116663475,-87.75331135429448,ohare_2026-03-07_1s_15nm_bbox,0.4,0.1,0.1,0.4,84,"[13722, 13721, 13498, 13493, 13494, 22633, 22635, 22634, 22609, 22650, 22625, 22623, 22624, 22616, 22618, 22617, 22713, 22715, 22714, 22724, 22725, 22723, 22543, 22545, 22544, 22563, 22564, 22565, 22554, 22553, 22555, 23729, 23728, 23746, 23747, 23748, 23760, 23762, 23761, 23757, 23780, 23781, 23824, 23826, 23830, 23843, 23844, 23846, 23927, 23960, 23965, 23980, 23981, 23992, 23997, 23999, 24117, 24141, 24143, 4951, 4953, 4957, 4971, 4973, 4975, 7088, 7089, 7210, 7207, 7206, 7220, 7099, 7098, 7078, 7233, 7232, 7129, 7128, 7151, 7137, 7139, 7162, 7175, 7173]",0.04053299999941373,success,,48.33452377915685,68.35533905881914,21.78212727979164,48.85244441688532,30.499001712675977,46.60519347826575
chi_clow_to_midway_0212,w_0212,grid_0_10,True,False,clow_to_midway,Clow International Airport to Midway International Airport,Clow International Airport,Midway International Airport,41.695923717435235,-88.12876224517822,41.7856116663475,-87.75331135429448,ohare_2026-03-07_1s_15nm_bbox,0.4,0.1,0.2,0.3,84,"[13722, 13721, 13498, 13493, 13494, 22633, 22635, 22634, 22609, 22650, 22625, 22623, 22624, 22616, 22618, 22617, 22716, 22718, 22717, 22727, 22728, 22726, 22546, 22548, 22549, 22569, 22800, 22801, 22559, 22591, 22590, 22572, 22573, 23770, 23749, 23771, 23764, 23765, 23763, 23759, 23780, 23781, 23821, 23599, 23820, 23811, 23810, 23809, 23673, 23677, 23678, 23689, 23931, 23918, 23919, 23951, 23949, 23973, 23974, 4912, 4915, 4918, 4942, 4945, 4948, 7062, 7063, 7067, 7201, 7202, 7095, 7099, 7098, 7078, 7233, 7232, 7129, 7128, 7151, 7137, 7139, 7162, 7175, 7173]",0.040007899995543994,success,,48.33452377915631,68.35533905881834,24.178012368016873,45.7346794356233,31.26128142053133,48.28525717361309
chi_clow_to_midway_0213,w_0213,grid_0_10,True,False,clow_to_midway,Clow International Airport to Midway International Airport,Clow International Airport,Midway International Airport,41.695923717435235,-88.12876224517822,41.7856116663475,-87.75331135429448,ohare_2026-03-07_1s_15nm_bbox,0.4,0.1,0.3,0.2,84,"[13722, 13721, 13498, 13493, 13494, 22633, 22635, 22634, 22609, 22650, 22625, 22623, 22624, 22614, 22615, 22613, 22710, 22712, 22711, 22720, 22722, 22723, 22543, 22545, 22544, 22563, 22566, 22801, 22559, 22591, 22590, 22572, 22573, 23770, 23749, 23771, 23764, 23765, 23763, 23759, 23780, 23781, 23821, 23599, 23820, 23811, 23810, 23809, 23673, 23677, 23678, 23689, 23931, 23918, 23919, 23951, 23949, 23973, 23974, 4912, 4913, 4914, 4925, 4928, 4943, 7005, 7008, 7060, 7055, 7056, 7059, 7094, 7097, 7078, 7233, 7232, 7129, 7128, 7151, 7137, 7139, 7162, 7175, 7173]",0.03679099999862956,success,,48.748737341529406,68.9411254964409,23.306258892689122,44.85768386021344,31.537061999590325,49.67179364582737
chi_clow_to_midway_0214,w_0214,grid_0_10,True,False,clow_to_midway,Clow International Airport to Midway International Airport,Clow International Airport,Midway International Airport,41.695923717435235,-88.12876224517822,41.7856116663475,-87.75331135429448,ohare_2026-03-07_1s_15nm_bbox,0.4,0.1,0.4,0.1,84,"[13722, 13721, 13498, 13493, 13494, 22633, 22635, 22634, 22609, 22650, 22625, 22623, 22624, 22614, 22615, 22613, 22710, 22712, 22711, 22720, 22722, 22723, 22543, 22545, 22544, 22563, 22566, 22801, 22559, 22591, 22593, 22575, 22574, 23774, 23776, 23777, 23791, 23769, 23790, 23785, 23786, 23787, 23825, 23826, 23830, 23843, 23844, 23846, 23925, 23926, 23924, 23932, 23933, 23950, 23953, 23958, 23972, 23973, 23974, 4912, 4913, 4914, 4925, 4928, 4943, 7005, 7008, 7060, 7055, 7056, 7059, 7094, 7097, 7078, 7233, 7232, 7129, 7128, 7151, 7137, 7139, 7162, 7175, 7173]",0.03830290000041714,success,,48.74873734153018,68.94112549644201,23.329995508214424,44.687397744420046,32.02540658707754,50.98694950587402
chi_clow_to_midway_0215,w_0215,grid_0_10,True,False,clow_to_midway,Clow International Airport to Midway International Airport,Clow International Airport,Midway International Airport,41.695923717435235,-88.12876224517822,41.7856116663475,-87.75331135429448,ohare_2026-03-07_1s_15nm_bbox,0.4,0.1,0.5,0.0,84,"[13722, 13724, 13499, 13497, 13496, 22637, 22636, 22660, 22655, 22656, 22674, 22673, 22672, 22646, 22680, 22648, 22735, 22737, 22736, 22743, 22744, 22742, 22585, 22587, 22582, 22569, 22800, 22801, 22559, 22591, 22593, 22575, 22574, 23774, 23776, 24000, 23795, 23797, 23796, 24013, 24011, 24012, 23833, 23832, 23831, 23843, 23844, 23846, 23925, 23926, 23924, 23932, 23933, 23950, 23953, 23958, 23972, 23973, 23974, 4912, 4913, 4914, 4925, 4928, 4943, 7005, 7008, 7060, 7055, 7056, 7059, 7094, 7097, 7078, 7233, 7232, 7150, 7155, 7153, 7137, 7139, 7162, 7175, 7173]",0.03879429999506101,success,,49.162950903906115,69.5269119340686,33.19418038635935,42.08178558931715,32.63330673376129,52.171075606921946
chi_clow_to_midway_0216,w_0216,grid_0_10,True,False,clow_to_midway,Clow International Airport to Midway International Airport,Clow International Airport,Midway International Airport,41.695923717435235,-88.12876224517822,41.7856116663475,-87.75331135429448,ohare_2026-03-07_1s_15nm_bbox,0.4,0.2,0.0,0.4,84,"[13722, 13721, 13498, 13493, 13494, 22633, 22635, 22634, 22609, 22650, 22625, 22623, 22624, 22616, 22618, 22617, 22713, 22715, 22714, 22724, 22725, 22723, 22543, 22545, 22544, 22563, 22564, 22565, 22554, 22553, 22555, 23729, 23728, 23746, 23747, 23748, 23760, 23762, 23761, 23757, 23756, 23758, 23821, 23822, 23827, 23840, 23841, 23846, 23927, 23960, 23965, 23980, 23981, 23992, 23997, 23999, 24117, 24141, 24143, 4951, 4953, 4957, 4971, 4973, 4975, 7088, 7089, 7210, 7207, 7206, 7220, 7099, 7098, 7078, 7233, 7232, 7129, 7128, 7127, 7131, 7135, 7138, 7170, 7173]",0.0340719999949215,success,,48.33452377915509,68.35533905881665,20.113022837537887,51.861965538460424,30.47438224121713,43.554493087521095
chi_clow_to_midway_0217,w_0217,grid_0_10,True,False,clow_to_midway,Clow International Airport to Midway International Airport,Clow International Airport,Midway International Airport,41.695923717435235,-88.12876224517822,41.7856116663475,-87.75331135429448,ohare_2026-03-07_1s_15nm_bbox,0.4,0.2,0.1,0.3,84,"[13722, 13721, 13498, 13493, 13494, 22633, 22635, 22634, 22609, 22650, 22625, 22623, 22624, 22616, 22618, 22617, 22716, 22718, 22717, 22727, 22728, 22726, 22546, 22548, 22549, 22569, 22800, 22801, 22559, 22591, 22590, 22572, 22573, 23770, 23749, 23771, 23764, 23765, 23763, 23782, 23783, 23787, 23825, 23826, 23830, 23843, 23844, 23846, 23927, 23960, 23965, 23980, 23981, 23992, 23997, 23999, 24117, 24141, 24143, 4951, 4953, 4957, 4971, 4973, 4975, 7088, 7089, 7210, 7207, 7206, 7220, 7099, 7098, 7078, 7233, 7232, 7129, 7128, 7127, 7131, 7135, 7138, 7170, 7173]",0.03369659999589203,success,,48.33452377915389,68.35533905881495,19.749443073412724,50.2312693798478,30.993260332941468,45.61312927607575
chi_clow_to_midway_0218,w_0218,grid_0_10,True,False,clow_to_midway,Clow International Airport to Midway International Airport,Clow International Airport,Midway International Airport,41.695923717435235,-88.12876224517822,41.7856116663475,-87.75331135429448,ohare_2026-03-07_1s_15nm_bbox,0.4,0.2,0.2,0.2,84,"[13722, 13721, 13498, 13493, 13494, 22633, 22635, 22634, 22609, 22650, 22625, 22623, 22624, 22614, 22615, 22613, 22710, 22712, 22711, 22720, 22722, 22723, 22543, 22545, 22544, 22563, 22566, 22801, 22559, 22591, 22590, 22572, 22573, 23770, 23749, 23771, 23764, 23765, 23763, 23782, 23783, 23787, 23825, 23826, 23830, 23843, 23844, 23846, 23927, 23960, 23965, 23980, 23981, 23992, 23997, 23999, 24117, 24141, 24143, 4951, 4953, 4957, 4971, 4973, 4975, 7088, 7089, 7210, 7207, 7206, 7220, 7099, 7098, 7078, 7233, 7232, 7129, 7128, 7151, 7137, 7139, 7162, 7170, 7173]",0.03376569999818457,success,,48.74873734152699,68.94112549643751,20.784539360443723,46.995414023804074,30.98949943132987,47.330340761690536
chi_clow_to_midway_0219,w_0219,grid_0_10,True,False,clow_to_midway,Clow International Airport to Midway International Airport,Clow International Airport,Midway International Airport,41.695923717435235,-88.12876224517822,41.7856116663475,-87.75331135429448,ohare_2026-03-07_1s_15nm_bbox,0.4,0.2,0.3,0.1,84,"[13722, 13721, 13498, 13493, 13494, 22633, 22635, 22634, 22609, 22650, 22625, 22623, 22624, 22614, 22615, 22613, 22710, 22712, 22711, 22720, 22722, 22723, 22543, 22545, 22544, 22563, 22566, 22801, 22559, 22591, 22590, 22572, 22573, 23770, 23749, 23771, 23764, 23765, 23763, 23759, 23780, 23781, 23821, 23599, 23820, 23811, 23810, 23809, 23673, 23677, 23678, 23689, 23931, 23918, 23919, 23951, 23949, 23973, 23974, 4912, 4913, 4914, 4925, 4928, 4943, 7005, 7008, 7060, 7055, 7056, 7059, 7094, 7097, 7078, 7233, 7232, 7129, 7128, 7151, 7137, 7139, 7162, 7170, 7173]",0.03210360000230139,success,,48.748737341529406,68.9411254964409,23.306258892689122,44.85768386021344,31.537061999590325,48.84871333513725
chi_clow_to_midway_0220,w_0220,grid_0_10,True,False,clow_to_midway,Clow International Airport to Midway International Airport,Clow International Airport,Midway International Airport,41.695923717435235,-88.12876224517822,41.7856116663475,-87.75331135429448,ohare_2026-03-07_1s_15nm_bbox,0.4,0.2,0.4,0.0,84,"[13722, 13721, 13498, 13493, 13494, 22633, 22630, 22499, 22605, 22604, 22486, 22485, 22484, 22477, 22612, 22610, 22297, 22299, 22298, 22707, 22722, 22723, 22543, 22545, 22544, 22563, 22566, 22801, 22559, 22591, 22593, 22575, 22574, 23774, 23776, 23777, 23791, 23769, 23790, 23785, 23786, 23787, 23825, 23826, 23830, 23843, 23844, 23846, 23925, 23926, 23924, 23932, 23933, 23950, 23953, 23958, 23972, 23973, 23974, 4912, 4913, 4914, 4925, 4928, 4943, 7005, 7008, 7060, 7055, 7056, 7059, 7094, 7097, 7078, 7233, 7232, 7129, 7128, 7151, 7137, 7139, 7162, 7170, 7173]",0.034328599998843856,success,,49.577164466275825,70.11269837168634,21.352280195826793,44.390643179764865,36.73654955931693,50.07179265974584
chi_clow_to_midway_0221,w_0221,grid_0_10,True,False,clow_to_midway,Clow International Airport to Midway International Airport,Clow International Airport,Midway International Airport,41.695923717435235,-88.12876224517822,41.7856116663475,-87.75331135429448,ohare_2026-03-07_1s_15nm_bbox,0.4,0.3,0.0,0.3,84,"[13722, 13721, 13498, 13493, 13494, 22633, 22635, 22634, 22609, 22650, 22625, 22623, 22624, 22616, 22618, 22617, 22713, 22715, 22714, 22724, 22725, 22723, 22543, 22545, 22544, 22563, 22564, 22565, 22554, 22553, 22555, 23729, 23728, 23746, 23747, 23748, 23760, 23762, 23761, 23757, 23756, 23758, 23821, 23822, 23827, 23840, 23841, 23846, 23927, 23960, 23965, 23980, 23981, 23992, 23997, 23999, 24117, 24141, 24143, 4951, 4953, 4957, 4971, 4973, 4975, 7088, 7089, 7210, 7207, 7206, 7220, 7099, 7098, 7078, 7233, 7232, 7129, 7128, 7127, 7131, 7135, 7138, 7170, 7173]",0.028207499999552965,success,,48.33452377915509,68.35533905881665,20.113022837537887,51.861965538460424,30.47438224121713,42.51835714715317
chi_clow_to_midway_0222,w_0222,grid_0_10,True,False,clow_to_midway,Clow International Airport to Midway International Airport,Clow International Airport,Midway International Airport,41.695923717435235,-88.12876224517822,41.7856116663475,-87.75331135429448,ohare_2026-03-07_1s_15nm_bbox,0.4,0.3,0.1,0.2,84,"[13722, 13721, 13498, 13493, 13494, 22633, 22635, 22634, 22609, 22650, 22625, 22623, 22624, 22614, 22615, 22613, 22710, 22712, 22711, 22720, 22722, 22723, 22543, 22545, 22544, 22563, 22566, 22801, 22559, 22591, 22590, 22572, 22573, 23770, 23749, 23771, 23764, 23765, 23763, 23782, 23783, 23787, 23825, 23826, 23830, 23843, 23844, 23846, 23927, 23960, 23965, 23980, 23981, 23992, 23997, 23999, 24117, 24141, 24143, 4951, 4953, 4957, 4971, 4973, 4975, 7088, 7089, 7210, 7207, 7206, 7220, 7099, 7098, 7078, 7233, 7232, 7129, 7128, 7127, 7131, 7135, 7138, 7170, 7173]",0.03007400000205962,success,,48.74873734152633,68.94112549643657,19.11543491818997,49.64325829404025,30.98949943132987,44.47330638970162
chi_clow_to_midway_0223,w_0223,grid_0_10,True,False,clow_to_midway,Clow International Airport to Midway International Airport,Clow International Airport,Midway International Airport,41.695923717435235,-88.12876224517822,41.7856116663475,-87.75331135429448,ohare_2026-03-07_1s_15nm_bbox,0.4,0.3,0.2,0.1,84,"[13722, 13721, 13498, 13493, 13494, 22633, 22635, 22634, 22609, 22650, 22625, 22623, 22624, 22614, 22615, 22613, 22710, 22712, 22711, 22720, 22722, 22723, 22543, 22545, 22544, 22563, 22566, 22801, 22559, 22591, 22593, 22575, 22574, 23774, 23776, 23777, 23791, 23769, 23790, 23785, 23786, 23787, 23825, 23826, 23830, 23843, 23844, 23846, 23927, 23960, 23965, 23980, 23981, 23992, 23997, 23999, 24117, 24141, 24143, 4951, 4953, 4957, 4971, 4973, 4972, 7083, 7082, 7084, 7205, 7206, 7220, 7099, 7098, 7078, 7233, 7232, 7129, 7128, 7151, 7137, 7139, 7162, 7175, 7173]",0.02946700000029523,success,,48.74873734152788,68.94112549643877,20.784539360443723,46.67689839932829,31.549977342499446,46.302189420824234
chi_clow_to_midway_0224,w_0224,grid_0_10,True,False,clow_to_midway,Clow International Airport to Midway International Airport,Clow International Airport,Midway International Airport,41.695923717435235,-88.12876224517822,41.7856116663475,-87.75331135429448,ohare_2026-03-07_1s_15nm_bbox,0.4,0.3,0.3,0.0,84,"[13722, 13721, 13498, 13493, 13494, 22633, 22630, 22499, 22605, 22604, 22486, 22485, 22484, 22477, 22612, 22610, 22297, 22299, 22298, 22707, 22722, 22723, 22543, 22545, 22544, 22563, 22566, 22801, 22559, 22591, 22593, 22575, 22574, 23774, 23776, 23777, 23791, 23769, 23790, 23785, 23786, 23787, 23825, 23826, 23830, 23843, 23844, 23846, 23927, 23960, 23965, 23980, 23981, 23992, 23997, 23999, 24117, 24141, 24143, 4951, 4953, 4957, 4971, 4973, 4972, 7083, 7082, 7084, 7205, 7206, 7220, 7099, 7098, 7078, 7233, 7232, 7129, 7128, 7151, 7137, 7139, 7162, 7175, 7173]",0.028888000000733882,success,,49.57716446627352,70.1126983716831,18.806824048056082,46.380143834673106,36.26112031473883,47.601169713492
chi_clow_to_midway_0225,w_0225,grid_0_10,True,False,clow_to_midway,Clow International Airport to Midway International Airport,Clow International Airport,Midway International Airport,41.695923717435235,-88.12876224517822,41.7856116663475,-87.75331135429448,ohare_2026-03-07_1s_15nm_bbox,0.4,0.4,0.0,0.2,84,"[13722, 13721, 13498, 13493, 13494, 22633, 22635, 22634, 22609, 22650, 22625, 22623, 22624, 22614, 22615, 22613, 22710, 22712, 22711, 22720, 22722, 22721, 22543, 22545, 22544, 22563, 22564, 22565, 22554, 22553, 22555, 23729, 23728, 23746, 23747, 23748, 23764, 23765, 23763, 23759, 23780, 23781, 23824, 23826, 23830, 23840, 23841, 23846, 23927, 23960, 23965, 23980, 23981, 23992, 23997, 23999, 24117, 24141, 24143, 4951, 4953, 4957, 4971, 4973, 4975, 7088, 7089, 7210, 7207, 7206, 7220, 7099, 7098, 7078, 7233, 7232, 7129, 7128, 7127, 7131, 7135, 7138, 7170, 7173]",0.02278939999814611,success,,48.74873734152994,68.94112549644169,19.091698302664668,51.28030325996783,30.93790265170699,41.40071004998394
chi_clow_to_midway_0226,w_0226,grid_0_10,True,False,clow_to_midway,Clow International Airport to Midway International Airport,Clow International Airport,Midway International Airport,41.695923717435235,-88.12876224517822,41.7856116663475,-87.75331135429448,ohare_2026-03-07_1s_15nm_bbox,0.4,0.4,0.1,0.1,84,"[13722, 13721, 13498, 13493, 13494, 22633, 22635, 22634, 22609, 22650, 22622, 22488, 22487, 22614, 22615, 22613, 22710, 22712, 22711, 22720, 22722, 22723, 22543, 22545, 22544, 22563, 22566, 22801, 22559, 22591, 22590, 22572, 22573, 23770, 23749, 23771, 23764, 23765, 23763, 23782, 23783, 23787, 23825, 23826, 23830, 23843, 23844, 23846, 23927, 23960, 23965, 23980, 23981, 23992, 23997, 23999, 24117, 24141, 24143, 4951, 4953, 4957, 4971, 4973, 4975, 7088, 7089, 7210, 7207, 7206, 7220, 7099, 7098, 7078, 7233, 7232, 7129, 7128, 7127, 7131, 7135, 7138, 7170, 7173]",0.023745400001644157,success,,49.16295090389756,69.52691193405647,17.847418607744455,50.08771879060065,32.36098409450668,43.1946025052311
chi_clow_to_midway_0227,w_0227,grid_0_10,True,False,clow_to_midway,Clow International Airport to Midway International Airport,Clow International Airport,Midway International Airport,41.695923717435235,-88.12876224517822,41.7856116663475,-87.75331135429448,ohare_2026-03-07_1s_15nm_bbox,0.4,0.4,0.2,0.0,84,"[13722, 13721, 13498, 13493, 13494, 22632, 22497, 22494, 22602, 22601, 22483, 22482, 22481, 22475, 22476, 22478, 22296, 22295, 22294, 22707, 22722, 22723, 22543, 22545, 22544, 22563, 22566, 22801, 22559, 22591, 22593, 22575, 22574, 23774, 23776, 23777, 23791, 23769, 23790, 23785, 23786, 23787, 23825, 23826, 23830, 23843, 23844, 23846, 23927, 23960, 23965, 23980, 23981, 23992, 23997, 23999, 24117, 24141, 24143, 4951, 4953, 4957, 4971, 4973, 4972, 7083, 7082, 7084, 7205, 7206, 7220, 7099, 7098, 7078, 7233, 7232, 7129, 7128, 7127, 7131, 7135, 7138, 7170, 7173]",0.024976900000183377,success,,49.99137802864463,70.69848480930283,16.503711450579573,48.972521005125394,37.79348317837689,44.675382704978034
chi_clow_to_midway_0228,w_0228,grid_0_10,True,False,clow_to_midway,Clow International Airport to Midway International Airport,Clow International Airport,Midway International Airport,41.695923717435235,-88.12876224517822,41.7856116663475,-87.75331135429448,ohare_2026-03-07_1s_15nm_bbox,0.4,0.5,0.0,0.1,85,"[13722, 13721, 13498, 13493, 13494, 22633, 22635, 22634, 22607, 22606, 22486, 22488, 22487, 22614, 22615, 22613, 22710, 22712, 22711, 22720, 22722, 22721, 22543, 22545, 22544, 22563, 22564, 22565, 22554, 22553, 22555, 23729, 23728, 23746, 23747, 23748, 23764, 23765, 23763, 23759, 23780, 23781, 23824, 23826, 23830, 23840, 23841, 23846, 23927, 23960, 23965, 23980, 23981, 23992, 23997, 23999, 24117, 24141, 24143, 4951, 4953, 4957, 4971, 4973, 4975, 7088, 7089, 7210, 7207, 7206, 7220, 7099, 7098, 7078, 7233, 7232, 7129, 7128, 7127, 7131, 7133, 7136, 7149, 7170, 7173]",0.01994610000110697,success,,49.87005768508877,70.52691193405562,16.279430769150142,53.19823149440261,34.27511813533908,39.777991971731225
chi_clow_to_midway_0229,w_0229,grid_0_10,True,False,clow_to_midway,Clow International Airport to Midway International Airport,Clow International Airport,Midway International Airport,41.695923717435235,-88.12876224517822,41.7856116663475,-87.75331135429448,ohare_2026-03-07_1s_15nm_bbox,0.4,0.5,0.1,0.0,85,"[13722, 13721, 13498, 13493, 13494, 22632, 22497, 22494, 22602, 22601, 22483, 22482, 22481, 22475, 22476, 22478, 22296, 22295, 22294, 22707, 22722, 22723, 22543, 22545, 22544, 22563, 22566, 22801, 22559, 22591, 22593, 22575, 22574, 23774, 23776, 23777, 23791, 23769, 23790, 23785, 23786, 23787, 23825, 23826, 23830, 23843, 23844, 23846, 23927, 23960, 23965, 23980, 23981, 23992, 23997, 23999, 24117, 24141, 24143, 4951, 4953, 4957, 4971, 4973, 4972, 7083, 7082, 7084, 7205, 7206, 7220, 7099, 7098, 7078, 7233, 7232, 7129, 7128, 7127, 7131, 7133, 7136, 7149, 7170, 7173]",0.01968489999853773,success,,50.28427124745913,71.11269837167431,15.669159229452692,50.066663201246634,38.79348317837689,41.28632528352074
chi_clow_to_midway_0230,w_0230,grid_0_10,True,False,clow_to_midway,Clow International Airport to Midway International Airport,Clow International Airport,Midway International Airport,41.695923717435235,-88.12876224517822,41.7856116663475,-87.75331135429448,ohare_2026-03-07_1s_15nm_bbox,0.4,0.6,0.0,0.0,85,"[13722, 13721, 13498, 13493, 13494, 22632, 22497, 22494, 22603, 22601, 22486, 22485, 22484, 22477, 22479, 22478, 22296, 22299, 22298, 22707, 22709, 22721, 22543, 22545, 22544, 22563, 22564, 22565, 22558, 22556, 22590, 22572, 22573, 23770, 23749, 23771, 23764, 23765, 23763, 23759, 23780, 23781, 23821, 23822, 23827, 23840, 23841, 23846, 23927, 23960, 23965, 23980, 23981, 23992, 23997, 23999, 24117, 24141, 24143, 4951, 4953, 4957, 4971, 4973, 4975, 7087, 7086, 7085, 7205, 7206, 7220, 7099, 7098, 7078, 7233, 7232, 7129, 7128, 7127, 7131, 7133, 7136, 7149, 7170, 7173]",0.015146700003242586,success,,50.28427124745518,71.1126983716687,15.645422613927387,52.55671500395816,37.68930610958802,37.83233291702391
chi_clow_to_midway_0231,w_0231,grid_0_10,True,False,clow_to_midway,Clow International Airport to Midway International Airport,Clow International Airport,Midway International Airport,41.695923717435235,-88.12876224517822,41.7856116663475,-87.75331135429448,ohare_2026-03-07_1s_15nm_bbox,0.5,0.0,0.0,0.5,84,"[13722, 13724, 13712, 13713, 13714, 22662, 22663, 22664, 22655, 22656, 22674, 22673, 22672, 22646, 22647, 22645, 22732, 22734, 22733, 22743, 22744, 22742, 22584, 22583, 22582, 22804, 22803, 22802, 22592, 22594, 22593, 22575, 22574, 23774, 23772, 23773, 23766, 23767, 23768, 23782, 23783, 23784, 23825, 23826, 23830, 23840, 23841, 23842, 23925, 23928, 23962, 23938, 23939, 23990, 23993, 23995, 24114, 24118, 24119, 4937, 4938, 4939, 4962, 4964, 4966, 7080, 7082, 7085, 7207, 7208, 7225, 7229, 7270, 7263, 7265, 7264, 7180, 7181, 7159, 7163, 7164, 7165, 7175, 7173]",0.032758400004240684,success,,47.09188309203799,66.5979797459521,42.67806332169553,49.967023721507225,30.38828887149252,48.49313430872231
chi_clow_to_midway_0232,w_0232,grid_0_10,True,False,clow_to_midway,Clow International Airport to Midway International Airport,Clow International Airport,Midway International Airport,41.695923717435235,-88.12876224517822,41.7856116663475,-87.75331135429448,ohare_2026-03-07_1s_15nm_bbox,0.5,0.0,0.1,0.4,84,"[13722, 13724, 13712, 13713, 13714, 22662, 22663, 22664, 22655, 22656, 22674, 22673, 22672, 22646, 22647, 22645, 22732, 22734, 22733, 22743, 22744, 22742, 22584, 22583, 22582, 22804, 22803, 22802, 22592, 22594, 22593, 22575, 22574, 23774, 23772, 23773, 23766, 23767, 23768, 23782, 23783, 23787, 23825, 23826, 23830, 23843, 23844, 23846, 23927, 23960, 23962, 23938, 23937, 23955, 23956, 23991, 23977, 24112, 24113, 4932, 4935, 4939, 4962, 4964, 4966, 7080, 7082, 7085, 7207, 7208, 7225, 7229, 7270, 7260, 7262, 7261, 7157, 7158, 7156, 7160, 7161, 7165, 7175, 7173]",0.031171099995844997,success,,47.091883092034266,66.59797974594684,41.67745335646515,47.05757026488271,30.677675120205596,50.27581694754393
chi_clow_to_midway_0233,w_0233,grid_0_10,True,False,clow_to_midway,Clow International Airport to Midway International Airport,Clow International Airport,Midway International Airport,41.695923717435235,-88.12876224517822,41.7856116663475,-87.75331135429448,ohare_2026-03-07_1s_15nm_bbox,0.5,0.0,0.2,0.3,84,"[13722, 13727, 13715, 13716, 13717, 22665, 22666, 22667, 22657, 22658, 22676, 22677, 22675, 22649, 22680, 22648, 22735, 22737, 22736, 22745, 22747, 22746, 22585, 22587, 22586, 22805, 22806, 22807, 22597, 22596, 22595, 22576, 22577, 23775, 23776, 23777, 23791, 23769, 23790, 23785, 23786, 23787, 23825, 23826, 23830, 23843, 23844, 23846, 23927, 23960, 23962, 23938, 23937, 23955, 23956, 23991, 23977, 24112, 24113, 4932, 4931, 4936, 4947, 4961, 4963, 7066, 7081, 7084, 7205, 7206, 7222, 7226, 7227, 7237, 7238, 7239, 7154, 7155, 7153, 7137, 7139, 7162, 7170, 7173]",0.030377800001588184,success,,47.09188309203734,66.59797974595119,42.78657896778613,45.52901439478402,31.176411806971682,51.75771629402391
chi_clow_to_midway_0234,w_0234,grid_0_10,True,False,clow_to_midway,Clow International Airport to Midway International Airport,Clow International Airport,Midway International Airport,41.695923717435235,-88.12876224517822,41.7856116663475,-87.75331135429448,ohare_2026-03-07_1s_15nm_bbox,0.5,0.0,0.3,0.2,84,"[13722, 13727, 13715, 13716, 13717, 22665, 22666, 22667, 22657, 22658, 22676, 22677, 22675, 22649, 22680, 22648, 22735, 22737, 22736, 22745, 22747, 22746, 22585, 22587, 22586, 22805, 22806, 22807, 22597, 22596, 22595, 22576, 22577, 23775, 23776, 23777, 23791, 23769, 23790, 23785, 23786, 23787, 23825, 23826, 23830, 23843, 23844, 23846, 23927, 23960, 23962, 23938, 23937, 23955, 23956, 23991, 23977, 24112, 24113, 4932, 4931, 4936, 4947, 4961, 4963, 7066, 7081, 7084, 7205, 7206, 7222, 7226, 7224, 7234, 7235, 7236, 7154, 7155, 7153, 7137, 7139, 7162, 7170, 7173]",0.030434199994488154,success,,47.09188309203789,66.59797974595197,42.78657896778613,45.42044921247135,31.325554246926835,53.19023548610276
chi_clow_to_midway_0235,w_0235,grid_0_10,True,False,clow_to_midway,Clow International Airport to Midway International Airport,Clow International Airport,Midway International Airport,41.695923717435235,-88.12876224517822,41.7856116663475,-87.75331135429448,ohare_2026-03-07_1s_15nm_bbox,0.5,0.0,0.4,0.1,84,"[13722, 13727, 13715, 13713, 13714, 22662, 22663, 22664, 22655, 22656, 22674, 22673, 22672, 22646, 22680, 22648, 22735, 22737, 22736, 22745, 22747, 22746, 22585, 22587, 22586, 22804, 22803, 22802, 22592, 22594, 22593, 22575, 22574, 23774, 23776, 23777, 23791, 23769, 23790, 23785, 23786, 23787, 23825, 23826, 23830, 23843, 23844, 23846, 23927, 23960, 23962, 23938, 23937, 23955, 23956, 23991, 23977, 24112, 24113, 4932, 4931, 4936, 4947, 4961, 4963, 7066, 7081, 7084, 7205, 7206, 7220, 7223, 7221, 7231, 7233, 7236, 7154, 7155, 7153, 7137, 7139, 7162, 7170, 7173]",0.029587199998786673,success,,47.92031021678496,67.7695526211983,41.7009489376842,43.474296976507745,31.42574214777666,54.417069315979916
chi_clow_to_midway_0236,w_0236,grid_0_10,True,False,clow_to_midway,Clow International Airport to Midway International Airport,Clow International Airport,Midway International Airport,41.695923717435235,-88.12876224517822,41.7856116663475,-87.75331135429448,ohare_2026-03-07_1s_15nm_bbox,0.5,0.0,0.5,0.0,84,"[13722, 13727, 13715, 13713, 13714, 22662, 22663, 22664, 22655, 22656, 22674, 22673, 22672, 22646, 22680, 22648, 22735, 22737, 22736, 22745, 22747, 22746, 22585, 22587, 22586, 22805, 22803, 22802, 22592, 22594, 22593, 22575, 22574, 23774, 23776, 24000, 23795, 23797, 23796, 24013, 24011, 24012, 23833, 23832, 23831, 23843, 23844, 23846, 23927, 23960, 23962, 23938, 23937, 23955, 23956, 23991, 23977, 24112, 24113, 4932, 4931, 4933, 4942, 4941, 4946, 7005, 7008, 7060, 7052, 7053, 7058, 7091, 7092, 7075, 7230, 7232, 7150, 7155, 7153, 7137, 7139, 7162, 7170, 7173]",0.02916669999831356,success,,47.92031021678484,67.76955262119813,39.967198656282626,43.18386606957983,32.9129110622172,55.47670934538898
chi_clow_to_midway_0237,w_0237,grid_0_10,True,False,clow_to_midway,Clow International Airport to Midway International Airport,Clow International Airport,Midway International Airport,41.695923717435235,-88.12876224517822,41.7856116663475,-87.75331135429448,ohare_2026-03-07_1s_15nm_bbox,0.5,0.1,0.0,0.4,84,"[13722, 13721, 13498, 13497, 13496, 22637, 22636, 22638, 22651, 22652, 22628, 22627, 22626, 22640, 22641, 22619, 22716, 22718, 22717, 22727, 22728, 22726, 22546, 22548, 22547, 22568, 22566, 22567, 22558, 22556, 22557, 22571, 22570, 23746, 23747, 23748, 23760, 23762, 23761, 23757, 23756, 23758, 23821, 23822, 23827, 23840, 23841, 23846, 23927, 23960, 23965, 23980, 23981, 23992, 23997, 23999, 24117, 24141, 24143, 4951, 4953, 4957, 4971, 4973, 4975, 7088, 7089, 7210, 7207, 7206, 7220, 7099, 7098, 7078, 7233, 7232, 7129, 7128, 7127, 7131, 7135, 7138, 7170, 7173]",0.02912790000118548,success,,47.92031021678177,67.76955262119381,22.55911205629088,53.22179149276853,30.478276953667557,48.33199829769302
chi_clow_to_midway_0238,w_0238,grid_0_10,True,False,clow_to_midway,Clow International Airport to Midway International Airport,Clow International Airport,Midway International Airport,41.695923717435235,-88.12876224517822,41.7856116663475,-87.75331135429448,ohare_2026-03-07_1s_15nm_bbox,0.5,0.1,0.1,0.3,84,"[13722, 13721, 13498, 13493, 13494, 22633, 22635, 22634, 22609, 22650, 22625, 22623, 22624, 22616, 22618, 22617, 22716, 22718, 22717, 22727, 22728, 22726, 22546, 22548, 22549, 22569, 22800, 22801, 22559, 22591, 22590, 22572, 22573, 23770, 23749, 23771, 23764, 23765, 23763, 23782, 23783, 23787, 23825, 23826, 23830, 23843, 23844, 23846, 23927, 23960, 23965, 23980, 23981, 23992, 23997, 23999, 24117, 24141, 24143, 4951, 4953, 4957, 4971, 4973, 4975, 7088, 7089, 7210, 7207, 7206, 7220, 7099, 7098, 7078, 7233, 7232, 7129, 7128, 7151, 7137, 7139, 7162, 7170, 7173]",0.02855140000610845,success,,48.33452377915455,68.35533905881589,21.41854751566648,47.583425109611625,30.993260332941468,50.3758448918182
chi_clow_to_midway_0239,w_0239,grid_0_10,True,False,clow_to_midway,Clow International Airport to Midway International Airport,Clow International Airport,Midway International Airport,41.695923717435235,-88.12876224517822,41.7856116663475,-87.75331135429448,ohare_2026-03-07_1s_15nm_bbox,0.5,0.1,0.2,0.2,84,"[13722, 13721, 13498, 13493, 13494, 22633, 22635, 22634, 22609, 22650, 22625, 22623, 22624, 22616, 22618, 22617, 22716, 22718, 22717, 22727, 22728, 22726, 22546, 22548, 22549, 22569, 22800, 22801, 22559, 22591, 22590, 22572, 22573, 23770, 23749, 23771, 23764, 23765, 23763, 23759, 23780, 23781, 23821, 23599, 23820, 23811, 23810, 23809, 23673, 23677, 23678, 23689, 23931, 23918, 23919, 23951, 23949, 23973, 23974, 4912, 4913, 4914, 4925, 4928, 4943, 7005, 7008, 7060, 7055, 7056, 7059, 7094, 7097, 7078, 7233, 7232, 7129, 7128, 7151, 7137, 7139, 7162, 7170, 7173]",0.028120000002672896,success,,48.33452377915697,68.35533905881928,23.940267047911874,45.44569494602099,31.540822901201917,51.96899980364542
chi_clow_to_midway_0240,w_0240,grid_0_10,True,False,clow_to_midway,Clow International Airport to Midway International Airport,Clow International Airport,Midway International Airport,41.695923717435235,-88.12876224517822,41.7856116663475,-87.75331135429448,ohare_2026-03-07_1s_15nm_bbox,0.5,0.1,0.3,0.1,84,"[13722, 13721, 13498, 13493, 13494, 22633, 22635, 22634, 22609, 22650, 22625, 22623, 22624, 22616, 22618, 22617, 22716, 22718, 22717, 22727, 22728, 22726, 22546, 22548, 22549, 22569, 22800, 22801, 22559, 22591, 22590, 22572, 22573, 23770, 23749, 23771, 23764, 23765, 23763, 23759, 23780, 23781, 23821, 23599, 23820, 23811, 23810, 23809, 23673, 23677, 23678, 23689, 23931, 23918, 23919, 23951, 23949, 23973, 23974, 4912, 4913, 4914, 4925, 4928, 4943, 7005, 7008, 7060, 7055, 7056, 7059, 7094, 7097, 7078, 7233, 7232, 7129, 7128, 7151, 7137, 7139, 7162, 7170, 7173]",0.027754100003221538,success,,48.33452377915697,68.35533905881928,23.940267047911874,45.44569494602099,31.540822901201917,53.35948700812732
chi_clow_to_midway_0241,w_0241,grid_0_10,True,False,clow_to_midway,Clow International Airport to Midway International Airport,Clow International Airport,Midway International Airport,41.695923717435235,-88.12876224517822,41.7856116663475,-87.75331135429448,ohare_2026-03-07_1s_15nm_bbox,0.5,0.1,0.4,0.0,84,"[13722, 13721, 13498, 13493, 13494, 22633, 22635, 22634, 22609, 22650, 22625, 22623, 22624, 22614, 22615, 22613, 22710, 22712, 22711, 22720, 22722, 22723, 22543, 22545, 22544, 22563, 22566, 22801, 22559, 22591, 22593, 22575, 22574, 23774, 23776, 23777, 23791, 23769, 23790, 23785, 23786, 23787, 23825, 23826, 23830, 23843, 23844, 23846, 23925, 23926, 23924, 23932, 23933, 23950, 23953, 23958, 23972, 23973, 23974, 4912, 4913, 4914, 4925, 4928, 4943, 7005, 7008, 7060, 7055, 7056, 7059, 7094, 7097, 7078, 7233, 7232, 7129, 7128, 7151, 7137, 7139, 7162, 7170, 7173]",0.028280300000915304,success,,48.74873734153018,68.94112549644201,23.329995508214424,44.687397744420046,32.02540658707754,54.67852139681047
chi_clow_to_midway_0242,w_0242,grid_0_10,True,False,clow_to_midway,Clow International Airport to Midway International Airport,Clow International Airport,Midway International Airport,41.695923717435235,-88.12876224517822,41.7856116663475,-87.75331135429448,ohare_2026-03-07_1s_15nm_bbox,0.5,0.2,0.0,0.3,84,"[13722, 13721, 13498, 13493, 13494, 22633, 22635, 22634, 22609, 22650, 22625, 22623, 22624, 22616, 22618, 22617, 22713, 22715, 22714, 22724, 22725, 22723, 22543, 22545, 22544, 22563, 22564, 22565, 22554, 22553, 22555, 23729, 23728, 23746, 23747, 23748, 23760, 23762, 23761, 23757, 23756, 23758, 23821, 23822, 23827, 23840, 23841, 23846, 23927, 23960, 23965, 23980, 23981, 23992, 23997, 23999, 24117, 24141, 24143, 4951, 4953, 4957, 4971, 4973, 4975, 7088, 7089, 7210, 7207, 7206, 7220, 7099, 7098, 7078, 7233, 7232, 7129, 7128, 7127, 7131, 7135, 7138, 7170, 7173]",0.023544999996374827,success,,48.33452377915509,68.35533905881665,20.113022837537887,51.861965538460424,30.47438224121713,47.34258876928104
chi_clow_to_midway_0243,w_0243,grid_0_10,True,False,clow_to_midway,Clow International Airport to Midway International Airport,Clow International Airport,Midway International Airport,41.695923717435235,-88.12876224517822,41.7856116663475,-87.75331135429448,ohare_2026-03-07_1s_15nm_bbox,0.5,0.2,0.1,0.2,84,"[13722, 13721, 13498, 13493, 13494, 22633, 22635, 22634, 22609, 22650, 22625, 22623, 22624, 22616, 22618, 22617, 22716, 22718, 22717, 22727, 22728, 22726, 22546, 22548, 22549, 22569, 22800, 22801, 22559, 22591, 22590, 22572, 22573, 23770, 23749, 23771, 23764, 23765, 23763, 23782, 23783, 23787, 23825, 23826, 23830, 23843, 23844, 23846, 23927, 23960, 23965, 23980, 23981, 23992, 23997, 23999, 24117, 24141, 24143, 4951, 4953, 4957, 4971, 4973, 4975, 7088, 7089, 7210, 7207, 7206, 7220, 7099, 7098, 7078, 7233, 7232, 7129, 7128, 7127, 7131, 7135, 7138, 7170, 7173]",0.02425740000035148,success,,48.33452377915389,68.35533905881495,19.749443073412724,50.2312693798478,30.993260332941468,49.349337148663096
chi_clow_to_midway_0244,w_0244,grid_0_10,True,False,clow_to_midway,Clow International Airport to Midway International Airport,Clow International Airport,Midway International Airport,41.695923717435235,-88.12876224517822,41.7856116663475,-87.75331135429448,ohare_2026-03-07_1s_15nm_bbox,0.5,0.2,0.2,0.1,84,"[13722, 13721, 13498, 13493, 13494, 22633, 22635, 22634, 22609, 22650, 22625, 22623, 22624, 22616, 22618, 22617, 22716, 22718, 22717, 22727, 22728, 22726, 22546, 22548, 22549, 22569, 22800, 22801, 22559, 22591, 22593, 22575, 22574, 23774, 23776, 23777, 23791, 23769, 23790, 23785, 23786, 23787, 23825, 23826, 23830, 23843, 23844, 23846, 23927, 23960, 23965, 23980, 23981, 23992, 23997, 23999, 24117, 24141, 24143, 4951, 4953, 4957, 4971, 4973, 4972, 7083, 7082, 7084, 7205, 7206, 7220, 7099, 7098, 7078, 7233, 7232, 7129, 7128, 7151, 7137, 7139, 7162, 7170, 7173]",0.024302700003318023,success,,48.33452377915544,68.35533905881717,21.41854751566648,47.264909485135846,31.55373824411104,51.06973475398016
chi_clow_to_midway_0245,w_0245,grid_0_10,True,False,clow_to_midway,Clow International Airport to Midway International Airport,Clow International Airport,Midway International Airport,41.695923717435235,-88.12876224517822,41.7856116663475,-87.75331135429448,ohare_2026-03-07_1s_15nm_bbox,0.5,0.2,0.3,0.0,84,"[13722, 13721, 13498, 13493, 13494, 22633, 22635, 22634, 22609, 22650, 22625, 22623, 22624, 22614, 22615, 22613, 22710, 22712, 22711, 22720, 22722, 22723, 22543, 22545, 22544, 22563, 22566, 22801, 22559, 22591, 22593, 22575, 22574, 23774, 23776, 23777, 23791, 23769, 23790, 23785, 23786, 23787, 23825, 23826, 23830, 23843, 23844, 23846, 23925, 23926, 23924, 23932, 23933, 23950, 23953, 23958, 23972, 23973, 23974, 4912, 4913, 4914, 4925, 4928, 4943, 7005, 7008, 7060, 7055, 7056, 7059, 7094, 7097, 7078, 7233, 7232, 7129, 7128, 7151, 7137, 7139, 7162, 7170, 7173]",0.025709800000186078,success,,48.74873734153018,68.94112549644201,23.329995508214424,44.687397744420046,32.02540658707754,52.5427811731899
chi_clow_to_midway_0246,w_0246,grid_0_10,True,False,clow_to_midway,Clow International Airport to Midway International Airport,Clow International Airport,Midway International Airport,41.695923717435235,-88.12876224517822,41.7856116663475,-87.75331135429448,ohare_2026-03-07_1s_15nm_bbox,0.5,0.3,0.0,0.2,84,"[13722, 13721, 13498, 13493, 13494, 22633, 22635, 22634, 22609, 22650, 22625, 22623, 22624, 22616, 22618, 22617, 22713, 22715, 22714, 22724, 22725, 22723, 22543, 22545, 22544, 22563, 22564, 22565, 22554, 22553, 22555, 23729, 23728, 23746, 23747, 23748, 23764, 23765, 23763, 23759, 23780, 23781, 23824, 23826, 23830, 23840, 23841, 23846, 23927, 23960, 23965, 23980, 23981, 23992, 23997, 23999, 24117, 24141, 24143, 4951, 4953, 4957, 4971, 4973, 4975, 7088, 7089, 7210, 7207, 7206, 7220, 7099, 7098, 7078, 7233, 7232, 7129, 7128, 7127, 7131, 7135, 7138, 7170, 7173]",0.020698299995274283,success,,48.33452377915685,68.35533905881914,19.72570645788742,51.96399362398088,30.938192707815027,46.2830200083388
chi_clow_to_midway_0247,w_0247,grid_0_10,True,False,clow_to_midway,Clow International Airport to Midway International Airport,Clow International Airport,Midway International Airport,41.695923717435235,-88.12876224517822,41.7856116663475,-87.75331135429448,ohare_2026-03-07_1s_15nm_bbox,0.5,0.3,0.1,0.1,84,"[13722, 13721, 13498, 13493, 13494, 22633, 22635, 22634, 22609, 22650, 22625, 22623, 22624, 22616, 22618, 22617, 22716, 22718, 22717, 22727, 22728, 22726, 22546, 22548, 22549, 22569, 22800, 22801, 22559, 22591, 22590, 22572, 22573, 23770, 23749, 23771, 23764, 23765, 23763, 23782, 23783, 23787, 23825, 23826, 23830, 23843, 23844, 23846, 23927, 23960, 23965, 23980, 23981, 23992, 23997, 23999, 24117, 24141, 24143, 4951, 4953, 4957, 4971, 4973, 4975, 7088, 7089, 7210, 7207, 7206, 7220, 7099, 7098, 7078, 7233, 7232, 7129, 7128, 7127, 7131, 7135, 7138, 7170, 7173]",0.021780300005048048,success,,48.33452377915389,68.35533905881495,19.749443073412724,50.2312693798478,30.993260332941468,48.224955422710224
chi_clow_to_midway_0248,w_0248,grid_0_10,True,False,clow_to_midway,Clow International Airport to Midway International Airport,Clow International Airport,Midway International Airport,41.695923717435235,-88.12876224517822,41.7856116663475,-87.75331135429448,ohare_2026-03-07_1s_15nm_bbox,0.5,0.3,0.2,0.0,84,"[13722, 13721, 13498, 13493, 13494, 22633, 22630, 22499, 22605, 22604, 22486, 22485, 22484, 22477, 22612, 22610, 22297, 22299, 22298, 22707, 22722, 22723, 22543, 22545, 22544, 22563, 22566, 22801, 22559, 22591, 22593, 22575, 22574, 23774, 23776, 23777, 23791, 23769, 23790, 23785, 23786, 23787, 23825, 23826, 23830, 23843, 23844, 23846, 23927, 23960, 23965, 23980, 23981, 23992, 23997, 23999, 24117, 24141, 24143, 4951, 4953, 4957, 4971, 4973, 4972, 7083, 7082, 7084, 7205, 7206, 7220, 7099, 7098, 7078, 7233, 7232, 7129, 7128, 7151, 7137, 7139, 7162, 7175, 7173]",0.021508099998754915,success,,49.57716446627352,70.1126983716831,18.806824048056082,46.380143834673106,36.26112031473883,49.974425167193
chi_clow_to_midway_0249,w_0249,grid_0_10,True,False,clow_to_midway,Clow International Airport to Midway International Airport,Clow International Airport,Midway International Airport,41.695923717435235,-88.12876224517822,41.7856116663475,-87.75331135429448,ohare_2026-03-07_1s_15nm_bbox,0.5,0.4,0.0,0.1,85,"[13722, 13721, 13498, 13493, 13494, 22633, 22635, 22634, 22609, 22650, 22622, 22488, 22487, 22614, 22615, 22613, 22710, 22712, 22711, 22720, 22722, 22721, 22543, 22545, 22544, 22563, 22564, 22565, 22554, 22553, 22555, 23729, 23728, 23746, 23747, 23748, 23764, 23765, 23763, 23759, 23780, 23781, 23824, 23826, 23830, 23840, 23841, 23846, 23927, 23960, 23965, 23980, 23981, 23992, 23997, 23999, 24117, 24141, 24143, 4951, 4953, 4957, 4971, 4973, 4975, 7088, 7089, 7210, 7207, 7206, 7220, 7099, 7098, 7078, 7233, 7232, 7129, 7128, 7127, 7131, 7133, 7136, 7149, 7170, 7173]",0.016613299994787667,success,,49.45584412271567,69.94112549643307,16.98912977109227,52.818905952649466,33.3093873148838,45.09715338814183
chi_clow_to_midway_0250,w_0250,grid_0_10,True,False,clow_to_midway,Clow International Airport to Midway International Airport,Clow International Airport,Midway International Airport,41.695923717435235,-88.12876224517822,41.7856116663475,-87.75331135429448,ohare_2026-03-07_1s_15nm_bbox,0.5,0.4,0.1,0.0,85,"[13722, 13721, 13498, 13493, 13494, 22633, 22630, 22499, 22605, 22604, 22486, 22485, 22484, 22477, 22612, 22610, 22297, 22299, 22298, 22707, 22722, 22723, 22543, 22545, 22544, 22563, 22566, 22801, 22559, 22591, 22593, 22575, 22574, 23774, 23776, 23777, 23791, 23769, 23790, 23785, 23786, 23787, 23825, 23826, 23830, 23843, 23844, 23846, 23927, 23960, 23965, 23980, 23981, 23992, 23997, 23999, 24117, 24141, 24143, 4951, 4953, 4957, 4971, 4973, 4972, 7083, 7082, 7084, 7205, 7206, 7220, 7099, 7098, 7078, 7233, 7232, 7129, 7128, 7127, 7131, 7133, 7136, 7149, 7170, 7173]",0.017057999997632578,success,,49.87005768508735,70.52691193405364,16.303167384675444,50.12213030103052,37.26112031473883,46.79693595100005
chi_clow_to_midway_0251,w_0251,grid_0_10,True,False,clow_to_midway,Clow International Airport to Midway International Airport,Clow International Airport,Midway International Airport,41.695923717435235,-88.12876224517822,41.7856116663475,-87.75331135429448,ohare_2026-03-07_1s_15nm_bbox,0.5,0.5,0.0,0.0,85,"[13722, 13721, 13498, 13493, 13494, 22632, 22497, 22494, 22603, 22601, 22486, 22485, 22484, 22477, 22479, 22478, 22296, 22299, 22298, 22707, 22709, 22721, 22543, 22545, 22544, 22563, 22564, 22565, 22558, 22556, 22590, 22572, 22573, 23770, 23749, 23771, 23764, 23765, 23763, 23759, 23780, 23781, 23821, 23822, 23827, 23840, 23841, 23846, 23927, 23960, 23965, 23980, 23981, 23992, 23997, 23999, 24117, 24141, 24143, 4951, 4953, 4957, 4971, 4973, 4975, 7087, 7086, 7085, 7205, 7206, 7220, 7099, 7098, 7078, 7233, 7232, 7129, 7128, 7127, 7131, 7133, 7136, 7149, 7170, 7173]",0.013640799996210262,success,,50.28427124745518,71.1126983716687,15.645422613927387,52.55671500395816,37.68930610958802,43.37906049279805
chi_clow_to_midway_0252,w_0252,grid_0_10,True,False,clow_to_midway,Clow International Airport to Midway International Airport,Clow International Airport,Midway International Airport,41.695923717435235,-88.12876224517822,41.7856116663475,-87.75331135429448,ohare_2026-03-07_1s_15nm_bbox,0.6,0.0,0.0,0.4,84,"[13722, 13724, 13712, 13713, 13714, 22662, 22663, 22664, 22655, 22656, 22674, 22673, 22672, 22646, 22647, 22645, 22732, 22734, 22733, 22743, 22744, 22742, 22584, 22583, 22582, 22804, 22803, 22802, 22592, 22594, 22593, 22575, 22574, 23774, 23772, 23773, 23766, 23767, 23768, 23782, 23783, 23784, 23825, 23826, 23830, 23840, 23841, 23842, 23925, 23928, 23962, 23938, 23939, 23990, 23993, 23995, 24114, 24118, 24119, 4937, 4938, 4939, 4962, 4964, 4966, 7080, 7082, 7085, 7207, 7208, 7225, 7229, 7270, 7263, 7265, 7264, 7180, 7181, 7159, 7163, 7164, 7165, 7175, 7173]",0.029177299998991657,success,,47.09188309203799,66.5979797459521,42.67806332169553,49.967023721507225,30.38828887149252,52.11410339616827
chi_clow_to_midway_0253,w_0253,grid_0_10,True,False,clow_to_midway,Clow International Airport to Midway International Airport,Clow International Airport,Midway International Airport,41.695923717435235,-88.12876224517822,41.7856116663475,-87.75331135429448,ohare_2026-03-07_1s_15nm_bbox,0.6,0.0,0.1,0.3,84,"[13722, 13727, 13715, 13716, 13717, 22665, 22666, 22667, 22657, 22658, 22676, 22677, 22675, 22649, 22680, 22648, 22735, 22737, 22736, 22745, 22747, 22746, 22585, 22587, 22586, 22805, 22806, 22807, 22597, 22596, 22595, 22576, 22577, 23775, 23776, 23777, 23791, 23769, 23790, 23785, 23786, 23787, 23825, 23826, 23830, 23843, 23844, 23846, 23927, 23960, 23962, 23938, 23937, 23955, 23956, 23991, 23977, 24112, 24113, 4932, 4935, 4939, 4962, 4964, 4966, 7080, 7082, 7085, 7207, 7208, 7225, 7229, 7227, 7237, 7238, 7239, 7154, 7155, 7153, 7137, 7139, 7162, 7170, 7173]",0.02717549999943003,success,,47.09188309203679,66.59797974595043,42.62637156821251,45.82386444746883,31.022065971085762,53.84779408364287
chi_clow_to_midway_0254,w_0254,grid_0_10,True,False,clow_to_midway,Clow International Airport to Midway International Airport,Clow International Airport,Midway International Airport,41.695923717435235,-88.12876224517822,41.7856116663475,-87.75331135429448,ohare_2026-03-07_1s_15nm_bbox,0.6,0.0,0.2,0.2,84,"[13722, 13727, 13715, 13716, 13717, 22665, 22666, 22667, 22657, 22658, 22676, 22677, 22675, 22649, 22680, 22648, 22735, 22737, 22736, 22745, 22747, 22746, 22585, 22587, 22586, 22805, 22806, 22807, 22597, 22596, 22595, 22576, 22577, 23775, 23776, 23777, 23791, 23769, 23790, 23785, 23786, 23787, 23825, 23826, 23830, 23843, 23844, 23846, 23927, 23960, 23962, 23938, 23937, 23955, 23956, 23991, 23977, 24112, 24113, 4932, 4931, 4936, 4947, 4961, 4963, 7066, 7081, 7084, 7205, 7206, 7222, 7226, 7227, 7237, 7238, 7239, 7154, 7155, 7153, 7137, 7139, 7162, 7170, 7173]",0.026431199999933597,success,,47.09188309203734,66.59797974595119,42.78657896778613,45.52901439478402,31.176411806971682,55.29987308792185
chi_clow_to_midway_0255,w_0255,grid_0_10,True,False,clow_to_midway,Clow International Airport to Midway International Airport,Clow International Airport,Midway International Airport,41.695923717435235,-88.12876224517822,41.7856116663475,-87.75331135429448,ohare_2026-03-07_1s_15nm_bbox,0.6,0.0,0.3,0.1,84,"[13722, 13727, 13715, 13716, 13717, 22665, 22666, 22667, 22657, 22658, 22676, 22677, 22675, 22649, 22680, 22648, 22735, 22737, 22736, 22745, 22747, 22746, 22585, 22587, 22586, 22805, 22806, 22807, 22597, 22596, 22595, 22830, 22578, 24001, 24002, 24003, 23795, 23797, 23796, 24013, 24011, 24012, 23833, 23832, 23831, 23843, 23844, 23846, 23927, 23960, 23962, 23938, 23937, 23955, 23956, 23991, 23977, 24112, 24113, 4932, 4931, 4936, 4947, 4961, 4963, 7066, 7081, 7084, 7205, 7206, 7220, 7223, 7221, 7231, 7233, 7236, 7154, 7155, 7153, 7137, 7139, 7162, 7170, 7173]",0.029022499998973217,success,,47.09188309203811,66.5979797459523,42.117584122376705,45.04686004640006,32.14532618662993,56.68737848015439
chi_clow_to_midway_0256,w_0256,grid_0_10,True,False,clow_to_midway,Clow International Airport to Midway International Airport,Clow International Airport,Midway International Airport,41.695923717435235,-88.12876224517822,41.7856116663475,-87.75331135429448,ohare_2026-03-07_1s_15nm_bbox,0.6,0.0,0.4,0.0,84,"[13722, 13727, 13715, 13713, 13714, 22662, 22663, 22664, 22655, 22656, 22674, 22673, 22672, 22646, 22680, 22648, 22735, 22737, 22736, 22745, 22747, 22746, 22585, 22587, 22586, 22805, 22806, 22807, 22597, 22596, 22595, 22830, 22578, 24001, 24002, 24003, 23795, 23797, 23796, 24013, 24011, 24012, 23833, 23832, 23831, 23843, 23844, 23846, 23927, 23960, 23962, 23938, 23937, 23955, 23956, 23991, 23977, 24112, 24113, 4932, 4931, 4933, 4942, 4941, 4946, 7005, 7008, 7060, 7052, 7053, 7058, 7091, 7092, 7075, 7230, 7232, 7150, 7155, 7153, 7137, 7139, 7162, 7170, 7173]",0.027196200004254933,success,,47.50609665441054,67.1837661835739,39.967198656282626,43.90566677321697,33.05098679120543,57.872526419431125
chi_clow_to_midway_0257,w_0257,grid_0_10,True,False,clow_to_midway,Clow International Airport to Midway International Airport,Clow International Airport,Midway International Airport,41.695923717435235,-88.12876224517822,41.7856116663475,-87.75331135429448,ohare_2026-03-07_1s_15nm_bbox,0.6,0.1,0.0,0.3,84,"[13722, 13721, 13498, 13497, 13496, 22637, 22636, 22638, 22651, 22652, 22628, 22627, 22626, 22640, 22641, 22619, 22716, 22718, 22717, 22727, 22728, 22726, 22546, 22548, 22547, 22568, 22566, 22567, 22558, 22556, 22557, 22571, 22570, 23746, 23747, 23748, 23760, 23762, 23761, 23757, 23756, 23758, 23821, 23822, 23827, 23840, 23841, 23846, 23927, 23960, 23965, 23980, 23981, 23992, 23997, 23999, 24117, 24141, 24143, 4951, 4953, 4957, 4971, 4973, 4975, 7088, 7089, 7210, 7207, 7206, 7220, 7099, 7098, 7078, 7233, 7232, 7129, 7128, 7127, 7131, 7135, 7138, 7170, 7173]",0.024111099999572616,success,,47.92031021678177,67.76955262119381,22.55911205629088,53.22179149276853,30.478276953667557,52.06112586444564
chi_clow_to_midway_0258,w_0258,grid_0_10,True,False,clow_to_midway,Clow International Airport to Midway International Airport,Clow International Airport,Midway International Airport,41.695923717435235,-88.12876224517822,41.7856116663475,-87.75331135429448,ohare_2026-03-07_1s_15nm_bbox,0.6,0.1,0.1,0.2,84,"[13722, 13724, 13712, 13713, 13714, 22662, 22663, 22664, 22655, 22656, 22674, 22673, 22672, 22646, 22647, 22645, 22732, 22734, 22733, 22743, 22744, 22742, 22584, 22583, 22582, 22804, 22803, 22802, 22592, 22594, 22593, 22575, 22574, 23774, 23776, 23777, 23791, 23769, 23790, 23785, 23786, 23787, 23825, 23826, 23830, 23843, 23844, 23846, 23927, 23960, 23965, 23980, 23981, 23992, 23997, 23999, 24117, 24141, 24143, 4951, 4953, 4957, 4971, 4973, 4975, 7088, 7089, 7210, 7207, 7206, 7220, 7099, 7098, 7078, 7233, 7232, 7129, 7128, 7151, 7137, 7139, 7162, 7175, 7173]",0.02261469999939436,success,,47.091883092037335,66.59797974595119,30.143139829418423,47.98980352719829,31.527468267455834,54.077575836723554
chi_clow_to_midway_0259,w_0259,grid_0_10,True,False,clow_to_midway,Clow International Airport to Midway International Airport,Clow International Airport,Midway International Airport,41.695923717435235,-88.12876224517822,41.7856116663475,-87.75331135429448,ohare_2026-03-07_1s_15nm_bbox,0.6,0.1,0.2,0.1,84,"[13722, 13724, 13712, 13713, 13714, 22662, 22663, 22664, 22655, 22656, 22674, 22673, 22672, 22646, 22647, 22645, 22732, 22734, 22733, 22743, 22744, 22742, 22584, 22583, 22582, 22804, 22803, 22802, 22592, 22594, 22593, 22575, 22574, 23774, 23776, 23777, 23791, 23769, 23790, 23785, 23786, 23787, 23825, 23826, 23830, 23843, 23844, 23846, 23925, 23926, 23924, 23932, 23933, 23950, 23953, 23958, 23972, 23973, 23974, 4912, 4913, 4914, 4925, 4928, 4943, 7005, 7008, 7060, 7055, 7056, 7059, 7094, 7097, 7078, 7233, 7232, 7129, 7128, 7151, 7137, 7139, 7162, 7175, 7173]",0.02174100000411272,success,,47.09188309203867,66.59797974595307,32.68859597718911,45.950674830077546,32.062971787846834,55.62407959009094
chi_clow_to_midway_0260,w_0260,grid_0_10,True,False,clow_to_midway,Clow International Airport to Midway International Airport,Clow International Airport,Midway International Airport,41.695923717435235,-88.12876224517822,41.7856116663475,-87.75331135429448,ohare_2026-03-07_1s_15nm_bbox,0.6,0.1,0.3,0.0,84,"[13722, 13727, 13715, 13716, 13717, 22665, 22666, 22667, 22657, 22658, 22676, 22677, 22675, 22649, 22680, 22648, 22735, 22737, 22736, 22745, 22747, 22746, 22585, 22587, 22586, 22805, 22806, 22807, 22597, 22596, 22595, 22830, 22578, 24001, 24002, 24003, 23795, 23797, 23796, 24013, 24011, 24012, 23833, 23832, 23831, 23843, 23844, 23846, 23925, 23926, 23924, 23932, 23933, 23950, 23953, 23958, 23972, 23973, 23974, 4912, 4913, 4914, 4925, 4928, 4943, 7005, 7008, 7060, 7055, 7056, 7059, 7094, 7097, 7078, 7233, 7232, 7129, 7128, 7151, 7137, 7139, 7162, 7175, 7173]",0.022049200000765268,success,,47.09188309203823,66.59797974595246,34.054149373628974,45.36914878023963,32.81320878110559,56.974947419006256
chi_clow_to_midway_0261,w_0261,grid_0_10,True,False,clow_to_midway,Clow International Airport to Midway International Airport,Clow International Airport,Midway International Airport,41.695923717435235,-88.12876224517822,41.7856116663475,-87.75331135429448,ohare_2026-03-07_1s_15nm_bbox,0.6,0.2,0.0,0.2,84,"[13722, 13721, 13498, 13493, 13494, 22633, 22635, 22634, 22609, 22650, 22625, 22623, 22624, 22616, 22618, 22617, 22713, 22715, 22714, 22724, 22725, 22723, 22543, 22545, 22544, 22563, 22564, 22565, 22554, 22553, 22555, 23729, 23728, 23746, 23747, 23748, 23760, 23762, 23761, 23757, 23756, 23758, 23821, 23822, 23827, 23840, 23841, 23846, 23927, 23960, 23965, 23980, 23981, 23992, 23997, 23999, 24117, 24141, 24143, 4951, 4953, 4957, 4971, 4973, 4975, 7088, 7089, 7210, 7207, 7206, 7220, 7099, 7098, 7078, 7233, 7232, 7129, 7128, 7127, 7131, 7135, 7138, 7170, 7173]",0.019141899996611755,success,,48.33452377915509,68.35533905881665,20.113022837537887,51.861965538460424,30.47438224121713,51.13068445104099
chi_clow_to_midway_0262,w_0262,grid_0_10,True,False,clow_to_midway,Clow International Airport to Midway International Airport,Clow International Airport,Midway International Airport,41.695923717435235,-88.12876224517822,41.7856116663475,-87.75331135429448,ohare_2026-03-07_1s_15nm_bbox,0.6,0.2,0.1,0.1,84,"[13722, 13721, 13498, 13493, 13494, 22633, 22635, 22634, 22609, 22650, 22625, 22623, 22624, 22616, 22618, 22617, 22716, 22718, 22717, 22727, 22728, 22726, 22546, 22548, 22549, 22569, 22800, 22801, 22559, 22591, 22590, 22572, 22573, 23770, 23749, 23771, 23764, 23765, 23763, 23782, 23783, 23787, 23825, 23826, 23830, 23843, 23844, 23846, 23927, 23960, 23965, 23980, 23981, 23992, 23997, 23999, 24117, 24141, 24143, 4951, 4953, 4957, 4971, 4973, 4975, 7088, 7089, 7210, 7207, 7206, 7220, 7099, 7098, 7078, 7233, 7232, 7129, 7128, 7127, 7131, 7135, 7138, 7170, 7173]",0.018721200001891702,success,,48.33452377915389,68.35533905881495,19.749443073412724,50.2312693798478,30.993260332941468,53.08554502125044
chi_clow_to_midway_0263,w_0263,grid_0_10,True,False,clow_to_midway,Clow International Airport to Midway International Airport,Clow International Airport,Midway International Airport,41.695923717435235,-88.12876224517822,41.7856116663475,-87.75331135429448,ohare_2026-03-07_1s_15nm_bbox,0.6,0.2,0.2,0.0,84,"[13722, 13721, 13498, 13493, 13494, 22633, 22635, 22634, 22609, 22650, 22625, 22623, 22624, 22616, 22618, 22617, 22716, 22718, 22717, 22727, 22728, 22726, 22546, 22548, 22549, 22569, 22800, 22801, 22559, 22591, 22593, 22575, 22574, 23774, 23776, 23777, 23791, 23769, 23790, 23785, 23786, 23787, 23825, 23826, 23830, 23843, 23844, 23846, 23927, 23960, 23965, 23980, 23981, 23992, 23997, 23999, 24117, 24141, 24143, 4951, 4953, 4957, 4971, 4973, 4972, 7083, 7082, 7084, 7205, 7206, 7220, 7099, 7098, 7078, 7233, 7232, 7129, 7128, 7151, 7137, 7139, 7162, 7175, 7173]",0.01944530000037048,success,,48.33452377915544,68.35533905881717,21.41854751566648,47.264909485135846,31.55373824411104,54.74989483545077
chi_clow_to_midway_0264,w_0264,grid_0_10,True,False,clow_to_midway,Clow International Airport to Midway International Airport,Clow International Airport,Midway International Airport,41.695923717435235,-88.12876224517822,41.7856116663475,-87.75331135429448,ohare_2026-03-07_1s_15nm_bbox,0.6,0.3,0.0,0.1,84,"[13722, 13721, 13498, 13493, 13494, 22633, 22635, 22634, 22609, 22650, 22625, 22623, 22624, 22616, 22618, 22617, 22713, 22715, 22714, 22724, 22725, 22723, 22543, 22545, 22544, 22563, 22564, 22565, 22554, 22553, 22555, 23729, 23728, 23746, 23747, 23748, 23764, 23765, 23763, 23759, 23780, 23781, 23824, 23826, 23830, 23840, 23841, 23846, 23927, 23960, 23965, 23980, 23981, 23992, 23997, 23999, 24117, 24141, 24143, 4951, 4953, 4957, 4971, 4973, 4975, 7088, 7089, 7210, 7207, 7206, 7220, 7099, 7098, 7078, 7233, 7232, 7129, 7128, 7127, 7131, 7135, 7138, 7170, 7173]",0.01675009999598842,success,,48.33452377915685,68.35533905881914,19.72570645788742,51.96399362398088,30.938192707815027,50.02473464343921
chi_clow_to_midway_0265,w_0265,grid_0_10,True,False,clow_to_midway,Clow International Airport to Midway International Airport,Clow International Airport,Midway International Airport,41.695923717435235,-88.12876224517822,41.7856116663475,-87.75331135429448,ohare_2026-03-07_1s_15nm_bbox,0.6,0.3,0.1,0.0,84,"[13722, 13721, 13498, 13493, 13494, 22633, 22635, 22634, 22609, 22650, 22625, 22623, 22624, 22616, 22618, 22617, 22716, 22718, 22717, 22727, 22728, 22726, 22546, 22548, 22549, 22569, 22800, 22801, 22559, 22591, 22593, 22575, 22574, 23774, 23776, 23777, 23791, 23769, 23790, 23785, 23786, 23787, 23825, 23826, 23830, 23843, 23844, 23846, 23927, 23960, 23965, 23980, 23981, 23992, 23997, 23999, 24117, 24141, 24143, 4951, 4953, 4957, 4971, 4973, 4972, 7083, 7082, 7084, 7205, 7206, 7220, 7099, 7098, 7078, 7233, 7232, 7129, 7128, 7127, 7131, 7135, 7138, 7170, 7173]",0.016681000000971835,success,,48.33452377915478,68.35533905881623,19.749443073412724,49.91275375537202,31.55373824411104,51.92931173285075
chi_clow_to_midway_0266,w_0266,grid_0_10,True,False,clow_to_midway,Clow International Airport to Midway International Airport,Clow International Airport,Midway International Airport,41.695923717435235,-88.12876224517822,41.7856116663475,-87.75331135429448,ohare_2026-03-07_1s_15nm_bbox,0.6,0.4,0.0,0.0,85,"[13722, 13721, 13498, 13493, 13494, 22633, 22635, 22634, 22609, 22608, 22622, 22488, 22487, 22611, 22615, 22613, 22710, 22712, 22714, 22724, 22725, 22723, 22543, 22545, 22544, 22563, 22564, 22565, 22558, 22556, 22590, 22572, 22573, 23770, 23749, 23771, 23764, 23765, 23763, 23759, 23780, 23784, 23825, 23829, 23831, 23845, 23844, 23849, 23961, 23963, 23965, 23980, 23981, 23992, 23997, 23999, 24117, 24141, 24143, 4951, 4953, 4957, 4971, 4973, 4975, 7087, 7086, 7085, 7205, 7206, 7220, 7099, 7098, 7078, 7230, 7079, 7126, 7124, 7125, 7118, 7133, 7136, 7149, 7170, 7173]",0.012734200005070306,success,,49.45584412271085,69.94112549642625,16.913438924372894,54.310969083597364,34.33915389543333,48.73005086760491
chi_clow_to_midway_0267,w_0267,grid_0_10,True,False,clow_to_midway,Clow International Airport to Midway International Airport,Clow International Airport,Midway International Airport,41.695923717435235,-88.12876224517822,41.7856116663475,-87.75331135429448,ohare_2026-03-07_1s_15nm_bbox,0.7,0.0,0.0,0.3,84,"[13722, 13724, 13712, 13713, 13714, 22662, 22663, 22664, 22655, 22656, 22674, 22673, 22672, 22646, 22647, 22645, 22732, 22734, 22733, 22743, 22744, 22742, 22584, 22583, 22582, 22804, 22803, 22802, 22592, 22594, 22593, 22575, 22574, 23774, 23772, 23773, 23766, 23767, 23768, 23782, 23783, 23784, 23825, 23826, 23830, 23840, 23841, 23842, 23925, 23928, 23962, 23938, 23939, 23990, 23993, 23995, 24114, 24118, 24119, 4937, 4938, 4939, 4962, 4964, 4966, 7080, 7082, 7085, 7207, 7208, 7225, 7229, 7270, 7263, 7265, 7264, 7180, 7181, 7159, 7163, 7164, 7165, 7175, 7173]",0.01922490000288235,success,,47.09188309203799,66.5979797459521,42.67806332169553,49.967023721507225,30.38828887149252,55.73507248361422
chi_clow_to_midway_0268,w_0268,grid_0_10,True,False,clow_to_midway,Clow International Airport to Midway International Airport,Clow International Airport,Midway International Airport,41.695923717435235,-88.12876224517822,41.7856116663475,-87.75331135429448,ohare_2026-03-07_1s_15nm_bbox,0.7,0.0,0.1,0.2,84,"[13722, 13727, 13715, 13716, 13717, 22665, 22666, 22667, 22657, 22658, 22676, 22677, 22675, 22649, 22680, 22648, 22735, 22737, 22736, 22745, 22747, 22746, 22585, 22587, 22586, 22805, 22806, 22807, 22597, 22596, 22595, 22576, 22577, 23775, 23776, 23777, 23791, 23769, 23790, 23785, 23786, 23787, 23825, 23826, 23830, 23843, 23844, 23846, 23927, 23960, 23962, 23938, 23937, 23955, 23956, 23991, 23977, 24112, 24113, 4932, 4935, 4939, 4962, 4964, 4966, 7080, 7082, 7085, 7207, 7208, 7225, 7229, 7227, 7237, 7238, 7239, 7154, 7155, 7153, 7137, 7139, 7162, 7170, 7173]",0.01856689999840455,success,,47.09188309203679,66.59797974595043,42.62637156821251,45.82386444746883,31.022065971085762,57.40538546112933
chi_clow_to_midway_0269,w_0269,grid_0_10,True,False,clow_to_midway,Clow International Airport to Midway International Airport,Clow International Airport,Midway International Airport,41.695923717435235,-88.12876224517822,41.7856116663475,-87.75331135429448,ohare_2026-03-07_1s_15nm_bbox,0.7,0.0,0.2,0.1,84,"[13722, 13727, 13715, 13716, 13717, 22665, 22666, 22667, 22657, 22658, 22676, 22677, 22675, 22649, 22680, 22648, 22735, 22737, 22736, 22745, 22747, 22746, 22585, 22587, 22586, 22805, 22806, 22807, 22597, 22596, 22595, 22576, 22577, 23775, 23776, 23777, 23791, 23769, 23790, 23785, 23786, 23787, 23825, 23826, 23830, 23843, 23844, 23846, 23927, 23960, 23962, 23938, 23937, 23955, 23956, 23991, 23977, 24112, 24113, 4932, 4931, 4936, 4947, 4961, 4963, 7066, 7081, 7084, 7205, 7206, 7222, 7226, 7224, 7234, 7235, 7236, 7154, 7155, 7153, 7137, 7139, 7162, 7170, 7173]",0.01974519999930635,success,,47.09188309203789,66.59797974595197,42.78657896778613,45.42044921247135,31.325554246926835,58.835231089353336
chi_clow_to_midway_0270,w_0270,grid_0_10,True,False,clow_to_midway,Clow International Airport to Midway International Airport,Clow International Airport,Midway International Airport,41.695923717435235,-88.12876224517822,41.7856116663475,-87.75331135429448,ohare_2026-03-07_1s_15nm_bbox,0.7,0.0,0.3,0.0,84,"[13722, 13727, 13715, 13716, 13717, 22665, 22666, 22667, 22657, 22658, 22676, 22677, 22675, 22649, 22680, 22648, 22735, 22737, 22736, 22745, 22747, 22746, 22585, 22587, 22586, 22805, 22806, 22807, 22597, 22596, 22595, 22830, 22578, 24001, 24002, 24003, 23795, 23797, 23796, 24013, 24011, 24012, 23833, 23832, 23831, 23843, 23844, 23846, 23927, 23960, 23962, 23938, 23937, 23955, 23956, 23991, 23977, 24112, 24113, 4932, 4931, 4933, 4942, 4941, 4946, 7005, 7008, 7060, 7052, 7053, 7058, 7091, 7092, 7075, 7230, 7232, 7150, 7155, 7153, 7137, 7139, 7162, 7170, 7173]",0.020065699995029718,success,,47.09188309203798,66.59797974595212,39.967198656282626,44.84048568027085,33.06155928130774,60.070731526247734
chi_clow_to_midway_0271,w_0271,grid_0_10,True,False,clow_to_midway,Clow International Airport to Midway International Airport,Clow International Airport,Midway International Airport,41.695923717435235,-88.12876224517822,41.7856116663475,-87.75331135429448,ohare_2026-03-07_1s_15nm_bbox,0.7,0.1,0.0,0.2,84,"[13722, 13724, 13712, 13713, 13714, 22662, 22663, 22664, 22655, 22656, 22674, 22673, 22672, 22646, 22647, 22645, 22732, 22734, 22733, 22743, 22744, 22742, 22584, 22583, 22582, 22804, 22803, 22802, 22592, 22594, 22593, 22575, 22574, 23774, 23772, 23773, 23766, 23767, 23768, 23782, 23783, 23784, 23825, 23826, 23830, 23840, 23841, 23846, 23927, 23960, 23965, 23980, 23981, 23992, 23997, 23999, 24117, 24141, 24143, 4951, 4953, 4957, 4971, 4973, 4975, 7088, 7089, 7210, 7207, 7206, 7220, 7099, 7098, 7078, 7233, 7232, 7129, 7128, 7127, 7131, 7135, 7138, 7170, 7173]",0.017341099999612197,success,,47.09188309203613,66.59797974594949,28.466123181989566,51.36624401359755,31.468597326296052,55.758917605622806
chi_clow_to_midway_0272,w_0272,grid_0_10,True,False,clow_to_midway,Clow International Airport to Midway International Airport,Clow International Airport,Midway International Airport,41.695923717435235,-88.12876224517822,41.7856116663475,-87.75331135429448,ohare_2026-03-07_1s_15nm_bbox,0.7,0.1,0.1,0.1,84,"[13722, 13724, 13712, 13713, 13714, 22662, 22663, 22664, 22655, 22656, 22674, 22673, 22672, 22646, 22647, 22645, 22732, 22734, 22733, 22743, 22744, 22742, 22584, 22583, 22582, 22804, 22803, 22802, 22592, 22594, 22593, 22575, 22574, 23774, 23776, 23777, 23791, 23769, 23790, 23785, 23786, 23787, 23825, 23826, 23830, 23843, 23844, 23846, 23927, 23960, 23965, 23980, 23981, 23992, 23997, 23999, 24117, 24141, 24143, 4951, 4953, 4957, 4971, 4973, 4975, 7088, 7089, 7210, 7207, 7206, 7220, 7099, 7098, 7078, 7233, 7232, 7129, 7128, 7151, 7137, 7139, 7162, 7170, 7173]",0.017271099997742567,success,,47.091883092037335,66.59797974595119,30.143139829418423,47.98980352719829,31.527468267455834,57.58462698457309
chi_clow_to_midway_0273,w_0273,grid_0_10,True,False,clow_to_midway,Clow International Airport to Midway International Airport,Clow International Airport,Midway International Airport,41.695923717435235,-88.12876224517822,41.7856116663475,-87.75331135429448,ohare_2026-03-07_1s_15nm_bbox,0.7,0.1,0.2,0.0,84,"[13722, 13724, 13712, 13713, 13714, 22662, 22663, 22664, 22655, 22656, 22674, 22673, 22672, 22646, 22647, 22645, 22732, 22734, 22733, 22743, 22744, 22742, 22584, 22583, 22582, 22804, 22803, 22802, 22592, 22594, 22593, 22575, 22574, 23774, 23776, 23777, 23791, 23769, 23790, 23785, 23786, 23787, 23825, 23826, 23830, 23843, 23844, 23846, 23925, 23926, 23924, 23932, 23933, 23950, 23953, 23958, 23972, 23973, 23974, 4912, 4913, 4914, 4925, 4928, 4943, 7005, 7008, 7060, 7055, 7056, 7059, 7094, 7097, 7078, 7233, 7232, 7129, 7128, 7151, 7137, 7139, 7162, 7170, 7173]",0.01730179999867687,success,,47.09188309203867,66.59797974595307,32.68859597718911,45.950674830077546,32.062971787846834,59.07758038590157
chi_clow_to_midway_0274,w_0274,grid_0_10,True,False,clow_to_midway,Clow International Airport to Midway International Airport,Clow International Airport,Midway International Airport,41.695923717435235,-88.12876224517822,41.7856116663475,-87.75331135429448,ohare_2026-03-07_1s_15nm_bbox,0.7,0.2,0.0,0.1,84,"[13722, 13721, 13498, 13493, 13494, 22633, 22635, 22634, 22609, 22650, 22625, 22623, 22624, 22616, 22618, 22617, 22713, 22715, 22714, 22724, 22725, 22723, 22543, 22545, 22544, 22563, 22564, 22565, 22554, 22553, 22555, 23729, 23728, 23746, 23747, 23748, 23764, 23765, 23763, 23759, 23780, 23781, 23824, 23826, 23830, 23840, 23841, 23846, 23927, 23960, 23965, 23980, 23981, 23992, 23997, 23999, 24117, 24141, 24143, 4951, 4953, 4957, 4971, 4973, 4975, 7088, 7089, 7210, 7207, 7206, 7220, 7099, 7098, 7078, 7233, 7232, 7129, 7128, 7127, 7131, 7135, 7138, 7170, 7173]",0.01477109999541426,success,,48.33452377915685,68.35533905881914,19.72570645788742,51.96399362398088,30.938192707815027,54.887697903532384
chi_clow_to_midway_0275,w_0275,grid_0_10,True,False,clow_to_midway,Clow International Airport to Midway International Airport,Clow International Airport,Midway International Airport,41.695923717435235,-88.12876224517822,41.7856116663475,-87.75331135429448,ohare_2026-03-07_1s_15nm_bbox,0.7,0.2,0.1,0.0,84,"[13722, 13721, 13498, 13493, 13494, 22633, 22635, 22634, 22609, 22650, 22625, 22623, 22624, 22616, 22618, 22617, 22716, 22718, 22717, 22727, 22728, 22726, 22546, 22548, 22549, 22569, 22800, 22801, 22559, 22591, 22593, 22575, 22574, 23774, 23776, 23777, 23791, 23769, 23790, 23785, 23786, 23787, 23825, 23826, 23830, 23843, 23844, 23846, 23927, 23960, 23965, 23980, 23981, 23992, 23997, 23999, 24117, 24141, 24143, 4951, 4953, 4957, 4971, 4973, 4972, 7083, 7082, 7084, 7205, 7206, 7220, 7099, 7098, 7078, 7233, 7232, 7129, 7128, 7127, 7131, 7135, 7138, 7170, 7173]",0.01564600000710925,success,,48.33452377915478,68.35533905881623,19.749443073412724,49.91275375537202,31.55373824411104,56.78990133139111
chi_clow_to_midway_0276,w_0276,grid_0_10,True,False,clow_to_midway,Clow International Airport to Midway International Airport,Clow International Airport,Midway International Airport,41.695923717435235,-88.12876224517822,41.7856116663475,-87.75331135429448,ohare_2026-03-07_1s_15nm_bbox,0.7,0.3,0.0,0.0,84,"[13722, 13721, 13498, 13493, 13494, 22633, 22635, 22634, 22609, 22650, 22625, 22623, 22624, 22616, 22618, 22617, 22713, 22718, 22717, 22727, 22728, 22726, 22546, 22548, 22547, 22568, 22566, 22567, 22559, 22591, 22590, 22572, 22573, 23770, 23749, 23771, 23764, 23765, 23763, 23759, 23780, 23784, 23825, 23829, 23831, 23845, 23844, 23849, 23961, 23963, 23965, 23980, 23981, 23992, 23997, 23999, 24117, 24141, 24143, 4951, 4953, 4957, 4971, 4973, 4975, 7087, 7086, 7085, 7205, 7206, 7220, 7099, 7098, 7078, 7233, 7232, 7129, 7128, 7127, 7131, 7135, 7138, 7170, 7173]",0.011935800001083408,success,,48.33452377915268,68.35533905881326,19.72570645788742,52.178841306037626,31.016769531345954,53.766449278535504
chi_clow_to_midway_0277,w_0277,grid_0_10,True,False,clow_to_midway,Clow International Airport to Midway International Airport,Clow International Airport,Midway International Airport,41.695923717435235,-88.12876224517822,41.7856116663475,-87.75331135429448,ohare_2026-03-07_1s_15nm_bbox,0.8,0.0,0.0,0.2,84,"[13722, 13724, 13712, 13713, 13714, 22662, 22663, 22664, 22655, 22656, 22674, 22673, 22672, 22646, 22647, 22645, 22732, 22734, 22733, 22743, 22744, 22742, 22584, 22583, 22582, 22804, 22803, 22802, 22592, 22594, 22593, 22575, 22574, 23774, 23772, 23773, 23766, 23767, 23768, 23782, 23783, 23784, 23825, 23826, 23830, 23840, 23841, 23842, 23925, 23928, 23962, 23938, 23939, 23990, 23993, 23995, 24114, 24118, 24119, 4937, 4938, 4939, 4962, 4964, 4966, 7080, 7082, 7085, 7207, 7208, 7225, 7229, 7270, 7263, 7265, 7264, 7180, 7181, 7159, 7163, 7164, 7165, 7175, 7173]",0.015308900001400616,success,,47.09188309203799,66.5979797459521,42.67806332169553,49.967023721507225,30.38828887149252,59.35604157106019
chi_clow_to_midway_0278,w_0278,grid_0_10,True,False,clow_to_midway,Clow International Airport to Midway International Airport,Clow International Airport,Midway International Airport,41.695923717435235,-88.12876224517822,41.7856116663475,-87.75331135429448,ohare_2026-03-07_1s_15nm_bbox,0.8,0.0,0.1,0.1,84,"[13722, 13727, 13715, 13716, 13717, 22665, 22666, 22667, 22657, 22658, 22676, 22677, 22675, 22649, 22680, 22648, 22735, 22737, 22736, 22745, 22747, 22746, 22585, 22587, 22586, 22805, 22806, 22807, 22597, 22596, 22595, 22576, 22577, 23775, 23776, 23777, 23791, 23769, 23790, 23785, 23786, 23787, 23825, 23826, 23830, 23843, 23844, 23846, 23927, 23960, 23962, 23938, 23937, 23955, 23956, 23991, 23977, 24112, 24113, 4932, 4931, 4936, 4947, 4961, 4963, 7066, 7081, 7084, 7205, 7206, 7222, 7226, 7227, 7237, 7238, 7239, 7154, 7155, 7153, 7137, 7139, 7162, 7175, 7173]",0.015857800004596356,success,,47.09188309203734,66.59797974595119,42.78657896778613,45.52901439478402,31.176411806971682,60.94892641693653
chi_clow_to_midway_0279,w_0279,grid_0_10,True,False,clow_to_midway,Clow International Airport to Midway International Airport,Clow International Airport,Midway International Airport,41.695923717435235,-88.12876224517822,41.7856116663475,-87.75331135429448,ohare_2026-03-07_1s_15nm_bbox,0.8,0.0,0.2,0.0,84,"[13722, 13727, 13715, 13716, 13717, 22665, 22666, 22667, 22657, 22658, 22676, 22677, 22675, 22649, 22680, 22648, 22735, 22737, 22736, 22745, 22747, 22746, 22585, 22587, 22586, 22805, 22806, 22807, 22597, 22596, 22595, 22830, 22578, 24001, 24002, 24003, 23795, 23797, 23796, 24013, 24011, 24012, 23833, 23832, 23831, 23843, 23844, 23846, 23927, 23960, 23962, 23938, 23937, 23955, 23956, 23991, 23977, 24112, 24113, 4932, 4931, 4933, 4942, 4941, 4946, 7005, 7008, 7060, 7052, 7053, 7058, 7091, 7092, 7075, 7230, 7232, 7150, 7155, 7153, 7137, 7139, 7162, 7175, 7173]",0.01559139999881154,success,,47.09188309203798,66.59797974595212,39.967198656282626,44.84048568027085,33.06155928130774,62.246480932815864
chi_clow_to_midway_0280,w_0280,grid_0_10,True,False,clow_to_midway,Clow International Airport to Midway International Airport,Clow International Airport,Midway International Airport,41.695923717435235,-88.12876224517822,41.7856116663475,-87.75331135429448,ohare_2026-03-07_1s_15nm_bbox,0.8,0.1,0.0,0.1,84,"[13722, 13724, 13712, 13713, 13714, 22662, 22663, 22664, 22655, 22656, 22674, 22673, 22672, 22646, 22647, 22645, 22732, 22734, 22733, 22743, 22744, 22742, 22584, 22583, 22582, 22804, 22803, 22802, 22592, 22594, 22593, 22575, 22574, 23774, 23772, 23773, 23766, 23767, 23768, 23782, 23783, 23784, 23825, 23826, 23830, 23840, 23841, 23846, 23927, 23960, 23965, 23980, 23981, 23992, 23997, 23999, 24117, 24141, 24143, 4951, 4953, 4957, 4971, 4973, 4975, 7088, 7089, 7210, 7207, 7206, 7220, 7099, 7098, 7078, 7233, 7232, 7129, 7128, 7127, 7131, 7135, 7138, 7170, 7173]",0.012985000001208391,success,,47.09188309203613,66.59797974594949,28.466123181989566,51.36624401359755,31.468597326296052,59.27185584758816
chi_clow_to_midway_0281,w_0281,grid_0_10,True,False,clow_to_midway,Clow International Airport to Midway International Airport,Clow International Airport,Midway International Airport,41.695923717435235,-88.12876224517822,41.7856116663475,-87.75331135429448,ohare_2026-03-07_1s_15nm_bbox,0.8,0.1,0.1,0.0,84,"[13722, 13724, 13712, 13713, 13714, 22662, 22663, 22664, 22655, 22656, 22674, 22673, 22672, 22646, 22647, 22645, 22732, 22734, 22733, 22743, 22744, 22742, 22584, 22583, 22582, 22804, 22803, 22802, 22592, 22594, 22593, 22575, 22574, 23774, 23776, 23777, 23791, 23769, 23790, 23785, 23786, 23787, 23825, 23826, 23830, 23843, 23844, 23846, 23927, 23960, 23965, 23980, 23981, 23992, 23997, 23999, 24117, 24141, 24143, 4951, 4953, 4957, 4971, 4973, 4972, 7083, 7082, 7084, 7205, 7206, 7220, 7099, 7098, 7078, 7233, 7232, 7129, 7128, 7151, 7137, 7139, 7162, 7170, 7173]",0.01359010000305716,success,,47.09188309203636,66.59797974594983,30.143139829418423,47.94017548498579,31.587542543268736,61.08671532820029
chi_clow_to_midway_0282,w_0282,grid_0_10,True,False,clow_to_midway,Clow International Airport to Midway International Airport,Clow International Airport,Midway International Airport,41.695923717435235,-88.12876224517822,41.7856116663475,-87.75331135429448,ohare_2026-03-07_1s_15nm_bbox,0.8,0.2,0.0,0.0,84,"[13722, 13721, 13498, 13493, 13494, 22633, 22635, 22634, 22609, 22650, 22625, 22623, 22624, 22616, 22618, 22617, 22713, 22718, 22717, 22727, 22728, 22726, 22546, 22548, 22547, 22568, 22566, 22567, 22559, 22591, 22590, 22572, 22573, 23770, 23749, 23771, 23764, 23765, 23763, 23759, 23780, 23784, 23825, 23829, 23831, 23845, 23844, 23849, 23961, 23963, 23965, 23980, 23981, 23992, 23997, 23999, 24117, 24141, 24143, 4951, 4953, 4957, 4971, 4973, 4975, 7087, 7086, 7085, 7205, 7206, 7220, 7099, 7098, 7078, 7233, 7232, 7129, 7128, 7127, 7131, 7135, 7138, 7170, 7173]",0.011503899993840605,success,,48.33452377915268,68.35533905881326,19.72570645788742,52.178841306037626,31.016769531345954,58.629412538628095
chi_clow_to_midway_0283,w_0283,grid_0_10,True,False,clow_to_midway,Clow International Airport to Midway International Airport,Clow International Airport,Midway International Airport,41.695923717435235,-88.12876224517822,41.7856116663475,-87.75331135429448,ohare_2026-03-07_1s_15nm_bbox,0.9,0.0,0.0,0.1,84,"[13722, 13724, 13712, 13713, 13714, 22662, 22663, 22664, 22655, 22656, 22674, 22673, 22672, 22646, 22647, 22645, 22732, 22734, 22733, 22743, 22744, 22742, 22584, 22583, 22582, 22804, 22803, 22802, 22592, 22594, 22593, 22575, 22574, 23774, 23772, 23773, 23766, 23767, 23768, 23782, 23783, 23784, 23825, 23826, 23830, 23840, 23841, 23842, 23925, 23928, 23962, 23938, 23939, 23990, 23993, 23995, 24114, 24118, 24119, 4937, 4938, 4939, 4962, 4964, 4966, 7080, 7082, 7085, 7207, 7208, 7225, 7229, 7270, 7263, 7265, 7264, 7180, 7181, 7159, 7163, 7164, 7165, 7175, 7173]",0.011816199999884702,success,,47.09188309203799,66.5979797459521,42.67806332169553,49.967023721507225,30.38828887149252,62.977010658506146
chi_clow_to_midway_0284,w_0284,grid_0_10,True,False,clow_to_midway,Clow International Airport to Midway International Airport,Clow International Airport,Midway International Airport,41.695923717435235,-88.12876224517822,41.7856116663475,-87.75331135429448,ohare_2026-03-07_1s_15nm_bbox,0.9,0.0,0.1,0.0,84,"[13722, 13727, 13715, 13716, 13717, 22665, 22666, 22667, 22657, 22658, 22676, 22677, 22675, 22649, 22680, 22648, 22735, 22737, 22736, 22745, 22747, 22746, 22585, 22587, 22586, 22805, 22806, 22807, 22597, 22596, 22595, 22830, 22578, 24001, 24002, 24003, 23795, 23797, 23796, 24013, 24011, 24012, 23833, 23832, 23831, 23843, 23844, 23846, 23927, 23960, 23962, 23938, 23937, 23955, 23956, 23991, 23977, 24112, 24113, 4932, 4931, 4933, 4942, 4941, 4946, 7005, 7008, 7060, 7052, 7053, 7058, 7091, 7092, 7075, 7230, 7232, 7150, 7155, 7153, 7137, 7139, 7162, 7170, 7173]",0.011301999998977408,success,,47.09188309203798,66.59797974595212,39.967198656282626,44.84048568027085,33.06155928130774,64.422230339384
chi_clow_to_midway_0285,w_0285,grid_0_10,True,False,clow_to_midway,Clow International Airport to Midway International Airport,Clow International Airport,Midway International Airport,41.695923717435235,-88.12876224517822,41.7856116663475,-87.75331135429448,ohare_2026-03-07_1s_15nm_bbox,0.9,0.1,0.0,0.0,84,"[13722, 13724, 13712, 13713, 13714, 22662, 22663, 22664, 22655, 22656, 22674, 22673, 22672, 22646, 22647, 22645, 22732, 22734, 22733, 22743, 22744, 22742, 22584, 22583, 22582, 22804, 22803, 22802, 22592, 22594, 22593, 22575, 22574, 23774, 23772, 23773, 23766, 23767, 23768, 23782, 23783, 23784, 23825, 23829, 23831, 23845, 23844, 23849, 23961, 23963, 23965, 23980, 23981, 23992, 23997, 23999, 24117, 24141, 24143, 4951, 4953, 4957, 4971, 4973, 4975, 7087, 7086, 7085, 7205, 7206, 7220, 7099, 7098, 7078, 7233, 7232, 7129, 7128, 7127, 7131, 7135, 7138, 7170, 7173]",0.011065000006055925,success,,47.09188309203438,66.59797974594701,28.466123181989566,51.85759850968627,31.52758596511043,62.78479408955127
chi_clow_to_midway_0286,w_0286,grid_0_10,True,False,clow_to_midway,Clow International Airport to Midway International Airport,Clow International Airport,Midway International Airport,41.695923717435235,-88.12876224517822,41.7856116663475,-87.75331135429448,ohare_2026-03-07_1s_15nm_bbox,1.0,0.0,0.0,0.0,84,"[13722, 13727, 13718, 13742, 13743, 22694, 22695, 22696, 22913, 22914, 22908, 22909, 22907, 22920, 22925, 22923, 22784, 22785, 22783, 22773, 22777, 22778, 22856, 22858, 22857, 25000, 25003, 25007, 22889, 22888, 25043, 25042, 25044, 24204, 24205, 24206, 24211, 24213, 24212, 24220, 24221, 24223, 24323, 24324, 24325, 24313, 24314, 24315, 24159, 24410, 24178, 24400, 24402, 24194, 24193, 24192, 24187, 24189, 24421, 4985, 4989, 7300, 4992, 4993, 4991, 7212, 7211, 7213, 7209, 7240, 7225, 7226, 7224, 7237, 7238, 7261, 7157, 7158, 7156, 7160, 7164, 7165, 7175, 7173]",0.008934400000725873,success,,47.09188309202003,66.59797974592679,53.1324740398377,57.39629192360455,42.16564132033147,66.59797974592679
chi_clow_to_midway_0287,w_0287,equal_weight,False,True,clow_to_midway,Clow International Airport to Midway International Airport,Clow International Airport,Midway International Airport,41.695923717435235,-88.12876224517822,41.7856116663475,-87.75331135429448,ohare_2026-03-07_1s_15nm_bbox,0.25,0.25,0.25,0.25,84,"[13722, 13721, 13498, 13493, 13494, 22633, 22635, 22634, 22609, 22650, 22625, 22623, 22624, 22614, 22615, 22613, 22710, 22712, 22711, 22720, 22722, 22723, 22543, 22545, 22544, 22563, 22566, 22801, 22559, 22591, 22590, 22572, 22573, 23770, 23749, 23771, 23764, 23765, 23763, 23782, 23783, 23787, 23825, 23826, 23830, 23843, 23844, 23846, 23927, 23960, 23965, 23980, 23981, 23992, 23997, 23999, 24117, 24141, 24143, 4951, 4953, 4957, 4971, 4973, 4975, 7088, 7089, 7210, 7207, 7206, 7220, 7099, 7098, 7078, 7233, 7232, 7129, 7128, 7151, 7137, 7139, 7162, 7170, 7173]",0.05094180000014603,success,,48.74873734152699,68.94112549643751,20.784539360443723,46.995414023804074,30.98949943132987,41.92764457800379
