route_run_id,route_pair,route_pair_label,weight_id,distance_weight,population_weight,traffic_weight,airspace_weight,route_distance_km,total_weighted_score,path_nodes,dbscan_cluster,dbscan_cluster_source
stl_midamerica_to_st_louis_lambert_2026-01-10_0001,midamerica_to_st_louis_lambert,MidAmerica to St. Louis Lambert,w_0001,0.0,0.0,0.0,1.0,101.1282553793329,45.20000000000003,118,dbscan_027,dbscan_noise_001
stl_midamerica_to_st_louis_lambert_2026-01-10_0002,midamerica_to_st_louis_lambert,MidAmerica to St. Louis Lambert,w_0002,0.0,0.0,0.1,0.9,127.8984405538678,41.73070228516502,155,dbscan_028,dbscan_noise_002
stl_midamerica_to_st_louis_lambert_2026-01-10_0003,midamerica_to_st_louis_lambert,MidAmerica to St. Louis Lambert,w_0003,0.0,0.0,0.2,0.8,127.8986049042208,38.21205650360592,155,dbscan_029,dbscan_noise_003
stl_midamerica_to_st_louis_lambert_2026-01-10_0004,midamerica_to_st_louis_lambert,MidAmerica to St. Louis Lambert,w_0004,0.0,0.0,0.3,0.7,110.23756135581604,34.31052819898102,130,dbscan_030,dbscan_noise_004
stl_midamerica_to_st_louis_lambert_2026-01-10_0005,midamerica_to_st_louis_lambert,MidAmerica to St. Louis Lambert,w_0005,0.0,0.0,0.4,0.6,111.40101987000487,29.98786945539565,130,dbscan_031,dbscan_noise_005
stl_midamerica_to_st_louis_lambert_2026-01-10_0006,midamerica_to_st_louis_lambert,MidAmerica to St. Louis Lambert,w_0006,0.0,0.0,0.5,0.5,110.86648550849551,25.426576864495225,130,dbscan_016,dbscan_noise_006
stl_midamerica_to_st_louis_lambert_2026-01-10_0007,midamerica_to_st_louis_lambert,MidAmerica to St. Louis Lambert,w_0007,0.0,0.0,0.6,0.4,110.86648550849551,20.831892237394264,130,dbscan_016,dbscan_noise_006
stl_midamerica_to_st_louis_lambert_2026-01-10_0008,midamerica_to_st_louis_lambert,MidAmerica to St. Louis Lambert,w_0008,0.0,0.0,0.7,0.3,110.86648550849551,16.2372076102933,130,dbscan_016,dbscan_noise_006
stl_midamerica_to_st_louis_lambert_2026-01-10_0009,midamerica_to_st_louis_lambert,MidAmerica to St. Louis Lambert,w_0009,0.0,0.0,0.8,0.2,110.86648550849551,11.642522983192343,130,dbscan_016,dbscan_noise_006
stl_midamerica_to_st_louis_lambert_2026-01-10_0010,midamerica_to_st_louis_lambert,MidAmerica to St. Louis Lambert,w_0010,0.0,0.0,0.9,0.1,113.0645934791907,7.026947551932549,133,dbscan_032,dbscan_noise_007
stl_midamerica_to_st_louis_lambert_2026-01-10_0011,midamerica_to_st_louis_lambert,MidAmerica to St. Louis Lambert,w_0011,0.0,0.0,1.0,0.0,109.516668261003,2.229941724369496,132,dbscan_033,dbscan_noise_008
stl_midamerica_to_st_louis_lambert_2026-01-10_0012,midamerica_to_st_louis_lambert,MidAmerica to St. Louis Lambert,w_0012,0.0,0.1,0.0,0.9,123.78743182781092,42.80242512289047,149,dbscan_004,dbscan_001
stl_midamerica_to_st_louis_lambert_2026-01-10_0013,midamerica_to_st_louis_lambert,MidAmerica to St. Louis Lambert,w_0013,0.0,0.1,0.1,0.8,129.35524042529315,39.73056994277879,151,dbscan_004,dbscan_001
stl_midamerica_to_st_louis_lambert_2026-01-10_0014,midamerica_to_st_louis_lambert,MidAmerica to St. Louis Lambert,w_0014,0.0,0.1,0.2,0.7,128.14600639857636,35.78813023239342,151,dbscan_004,dbscan_001
stl_midamerica_to_st_louis_lambert_2026-01-10_0015,midamerica_to_st_louis_lambert,MidAmerica to St. Louis Lambert,w_0015,0.0,0.1,0.3,0.6,130.27350849852803,31.5059621158353,159,dbscan_006,dbscan_002
stl_midamerica_to_st_louis_lambert_2026-01-10_0016,midamerica_to_st_louis_lambert,MidAmerica to St. Louis Lambert,w_0016,0.0,0.1,0.4,0.5,130.27350849852803,27.143144009725347,159,dbscan_006,dbscan_002
stl_midamerica_to_st_louis_lambert_2026-01-10_0017,midamerica_to_st_louis_lambert,MidAmerica to St. Louis Lambert,w_0017,0.0,0.1,0.5,0.4,129.19885933955177,22.608273270458923,159,dbscan_006,dbscan_002
stl_midamerica_to_st_louis_lambert_2026-01-10_0018,midamerica_to_st_louis_lambert,MidAmerica to St. Louis Lambert,w_0018,0.0,0.1,0.6,0.3,129.19885933955177,18.01358864335796,159,dbscan_006,dbscan_002
stl_midamerica_to_st_louis_lambert_2026-01-10_0019,midamerica_to_st_louis_lambert,MidAmerica to St. Louis Lambert,w_0019,0.0,0.1,0.7,0.2,129.19885933955177,13.418904016257,159,dbscan_006,dbscan_002
stl_midamerica_to_st_louis_lambert_2026-01-10_0020,midamerica_to_st_louis_lambert,MidAmerica to St. Louis Lambert,w_0020,0.0,0.1,0.8,0.1,131.92868294193812,8.749187714595966,162,dbscan_006,dbscan_002
stl_midamerica_to_st_louis_lambert_2026-01-10_0021,midamerica_to_st_louis_lambert,MidAmerica to St. Louis Lambert,w_0021,0.0,0.1,0.9,0.0,134.10468092798047,3.888004308870246,165,dbscan_006,dbscan_002
stl_midamerica_to_st_louis_lambert_2026-01-10_0022,midamerica_to_st_louis_lambert,MidAmerica to St. Louis Lambert,w_0022,0.0,0.2,0.0,0.8,123.78743182781092,39.80485024578092,149,dbscan_004,dbscan_001
stl_midamerica_to_st_louis_lambert_2026-01-10_0023,midamerica_to_st_louis_lambert,MidAmerica to St. Louis Lambert,w_0023,0.0,0.2,0.1,0.7,128.60341487248976,36.76008388276971,149,dbscan_004,dbscan_001
stl_midamerica_to_st_louis_lambert_2026-01-10_0024,midamerica_to_st_louis_lambert,MidAmerica to St. Louis Lambert,w_0024,0.0,0.2,0.2,0.6,127.82314258123776,32.8004965268949,151,dbscan_004,dbscan_001
stl_midamerica_to_st_louis_lambert_2026-01-10_0025,midamerica_to_st_louis_lambert,MidAmerica to St. Louis Lambert,w_0025,0.0,0.2,0.3,0.5,127.82314258123776,28.46301490677237,151,dbscan_004,dbscan_001
stl_midamerica_to_st_louis_lambert_2026-01-10_0026,midamerica_to_st_louis_lambert,MidAmerica to St. Louis Lambert,w_0026,0.0,0.2,0.4,0.4,127.82314258123776,24.12553328664985,151,dbscan_004,dbscan_001
stl_midamerica_to_st_louis_lambert_2026-01-10_0027,midamerica_to_st_louis_lambert,MidAmerica to St. Louis Lambert,w_0027,0.0,0.2,0.5,0.3,130.27350849852803,19.774742337780523,159,dbscan_006,dbscan_002
stl_midamerica_to_st_louis_lambert_2026-01-10_0028,midamerica_to_st_louis_lambert,MidAmerica to St. Louis Lambert,w_0028,0.0,0.2,0.6,0.2,128.66362134929625,15.120702414357584,159,dbscan_006,dbscan_002
stl_midamerica_to_st_louis_lambert_2026-01-10_0029,midamerica_to_st_louis_lambert,MidAmerica to St. Louis Lambert,w_0029,0.0,0.2,0.7,0.1,131.92868294193812,10.41142787725938,162,dbscan_006,dbscan_002
stl_midamerica_to_st_louis_lambert_2026-01-10_0030,midamerica_to_st_louis_lambert,MidAmerica to St. Louis Lambert,w_0030,0.0,0.2,0.8,0.0,137.33408448736182,5.539044484850591,168,dbscan_018,dbscan_noise_009
stl_midamerica_to_st_louis_lambert_2026-01-10_0031,midamerica_to_st_louis_lambert,MidAmerica to St. Louis Lambert,w_0031,0.0,0.3,0.0,0.7,123.78743182781092,36.80727536867136,149,dbscan_004,dbscan_001
stl_midamerica_to_st_louis_lambert_2026-01-10_0032,midamerica_to_st_louis_lambert,MidAmerica to St. Louis Lambert,w_0032,0.0,0.3,0.1,0.6,127.61229160948334,33.723941533084684,149,dbscan_004,dbscan_001
stl_midamerica_to_st_louis_lambert_2026-01-10_0033,midamerica_to_st_louis_lambert,MidAmerica to St. Louis Lambert,w_0033,0.0,0.3,0.2,0.5,127.07186034016227,29.68251672396621,149,dbscan_004,dbscan_001
stl_midamerica_to_st_louis_lambert_2026-01-10_0034,midamerica_to_st_louis_lambert,MidAmerica to St. Louis Lambert,w_0034,0.0,0.3,0.3,0.4,127.82314258123776,25.400744790342333,151,dbscan_004,dbscan_001
stl_midamerica_to_st_louis_lambert_2026-01-10_0035,midamerica_to_st_louis_lambert,MidAmerica to St. Louis Lambert,w_0035,0.0,0.3,0.4,0.3,127.23996799080548,21.036641194277628,151,dbscan_034,dbscan_noise_010
stl_midamerica_to_st_louis_lambert_2026-01-10_0036,midamerica_to_st_louis_lambert,MidAmerica to St. Louis Lambert,w_0036,0.0,0.3,0.5,0.2,127.77975978058612,16.341285226976943,151,dbscan_017,dbscan_noise_011
stl_midamerica_to_st_louis_lambert_2026-01-10_0037,midamerica_to_st_louis_lambert,MidAmerica to St. Louis Lambert,w_0037,0.0,0.3,0.6,0.1,129.97879954744667,11.574198566762576,154,dbscan_035,dbscan_noise_012
stl_midamerica_to_st_louis_lambert_2026-01-10_0038,midamerica_to_st_louis_lambert,MidAmerica to St. Louis Lambert,w_0038,0.0,0.3,0.7,0.0,137.33408448736182,6.613212817614476,168,dbscan_018,dbscan_noise_009
stl_midamerica_to_st_louis_lambert_2026-01-10_0039,midamerica_to_st_louis_lambert,MidAmerica to St. Louis Lambert,w_0039,0.0,0.4,0.0,0.6,123.33169097241432,33.80889244568416,149,dbscan_004,dbscan_001
stl_midamerica_to_st_louis_lambert_2026-01-10_0040,midamerica_to_st_louis_lambert,MidAmerica to St. Louis Lambert,w_0040,0.0,0.4,0.1,0.5,128.36687408764146,30.561609815722363,151,dbscan_004,dbscan_001
stl_midamerica_to_st_louis_lambert_2026-01-10_0041,midamerica_to_st_louis_lambert,MidAmerica to St. Louis Lambert,w_0041,0.0,0.4,0.2,0.4,128.90238231689813,26.51843620059734,151,dbscan_004,dbscan_001
stl_midamerica_to_st_louis_lambert_2026-01-10_0042,midamerica_to_st_louis_lambert,MidAmerica to St. Louis Lambert,w_0042,0.0,0.4,0.3,0.3,126.48814243800209,21.93934374288161,149,dbscan_036,dbscan_noise_013
stl_midamerica_to_st_louis_lambert_2026-01-10_0043,midamerica_to_st_louis_lambert,MidAmerica to St. Louis Lambert,w_0043,0.0,0.4,0.4,0.2,127.77975978058612,17.260946397750956,151,dbscan_017,dbscan_noise_011
stl_midamerica_to_st_louis_lambert_2026-01-10_0044,midamerica_to_st_louis_lambert,MidAmerica to St. Louis Lambert,w_0044,0.0,0.4,0.5,0.1,127.77975978058612,12.508734112082816,151,dbscan_017,dbscan_noise_011
stl_midamerica_to_st_louis_lambert_2026-01-10_0045,midamerica_to_st_louis_lambert,MidAmerica to St. Louis Lambert,w_0045,0.0,0.4,0.6,0.0,155.94987262429734,7.520450597829783,189,dbscan_037,dbscan_noise_014
stl_midamerica_to_st_louis_lambert_2026-01-10_0046,midamerica_to_st_louis_lambert,MidAmerica to St. Louis Lambert,w_0046,0.0,0.5,0.0,0.5,125.25875002886497,30.35221082428001,150,dbscan_038,dbscan_noise_015
stl_midamerica_to_st_louis_lambert_2026-01-10_0047,midamerica_to_st_louis_lambert,MidAmerica to St. Louis Lambert,w_0047,0.0,0.5,0.1,0.4,127.39218875356596,26.82481178989565,150,dbscan_019,dbscan_noise_016
stl_midamerica_to_st_louis_lambert_2026-01-10_0048,midamerica_to_st_louis_lambert,MidAmerica to St. Louis Lambert,w_0048,0.0,0.5,0.2,0.3,126.4876459651722,22.754606405131003,149,dbscan_039,dbscan_noise_017
stl_midamerica_to_st_louis_lambert_2026-01-10_0049,midamerica_to_st_louis_lambert,MidAmerica to St. Louis Lambert,w_0049,0.0,0.5,0.3,0.2,127.02793422778272,18.14263035741611,149,dbscan_020,dbscan_noise_018
stl_midamerica_to_st_louis_lambert_2026-01-10_0050,midamerica_to_st_louis_lambert,MidAmerica to St. Louis Lambert,w_0050,0.0,0.5,0.4,0.1,127.02793422778272,13.426207983243645,149,dbscan_020,dbscan_noise_018
stl_midamerica_to_st_louis_lambert_2026-01-10_0051,midamerica_to_st_louis_lambert,MidAmerica to St. Louis Lambert,w_0051,0.0,0.5,0.5,0.0,155.42060221332997,7.424546444004401,189,dbscan_040,dbscan_noise_019
stl_midamerica_to_st_louis_lambert_2026-01-10_0052,midamerica_to_st_louis_lambert,MidAmerica to St. Louis Lambert,w_0052,0.0,0.6,0.0,0.4,124.71624154096402,26.335843625231465,150,dbscan_021,dbscan_noise_020
stl_midamerica_to_st_louis_lambert_2026-01-10_0053,midamerica_to_st_louis_lambert,MidAmerica to St. Louis Lambert,w_0053,0.0,0.6,0.1,0.3,127.39218875356596,22.71411906076755,150,dbscan_019,dbscan_noise_016
stl_midamerica_to_st_louis_lambert_2026-01-10_0054,midamerica_to_st_louis_lambert,MidAmerica to St. Louis Lambert,w_0054,0.0,0.6,0.2,0.2,142.18266699421432,18.459088183022374,171,dbscan_011,dbscan_003
stl_midamerica_to_st_louis_lambert_2026-01-10_0055,midamerica_to_st_louis_lambert,MidAmerica to St. Louis Lambert,w_0055,0.0,0.6,0.3,0.1,144.09254987282569,13.223272138221851,173,dbscan_011,dbscan_003
stl_midamerica_to_st_louis_lambert_2026-01-10_0056,midamerica_to_st_louis_lambert,MidAmerica to St. Louis Lambert,w_0056,0.0,0.6,0.4,0.0,157.01522097754804,7.255215757831005,189,dbscan_022,dbscan_noise_021
stl_midamerica_to_st_louis_lambert_2026-01-10_0057,midamerica_to_st_louis_lambert,MidAmerica to St. Louis Lambert,w_0057,0.0,0.7,0.0,0.3,124.71624154096402,22.22515089610336,150,dbscan_021,dbscan_noise_020
stl_midamerica_to_st_louis_lambert_2026-01-10_0058,midamerica_to_st_louis_lambert,MidAmerica to St. Louis Lambert,w_0058,0.0,0.7,0.1,0.2,141.27681178060223,17.87083501182608,170,dbscan_011,dbscan_003
stl_midamerica_to_st_louis_lambert_2026-01-10_0059,midamerica_to_st_louis_lambert,MidAmerica to St. Louis Lambert,w_0059,0.0,0.7,0.2,0.1,142.18266699421432,12.756763825369005,171,dbscan_011,dbscan_003
stl_midamerica_to_st_louis_lambert_2026-01-10_0060,midamerica_to_st_louis_lambert,MidAmerica to St. Louis Lambert,w_0060,0.0,0.7,0.3,0.0,157.01522097754804,7.041823674488395,189,dbscan_022,dbscan_noise_021
stl_midamerica_to_st_louis_lambert_2026-01-10_0061,midamerica_to_st_louis_lambert,MidAmerica to St. Louis Lambert,w_0061,0.0,0.8,0.0,0.2,138.58768842049477,17.18982623210607,170,dbscan_011,dbscan_003
stl_midamerica_to_st_louis_lambert_2026-01-10_0062,midamerica_to_st_louis_lambert,MidAmerica to St. Louis Lambert,w_0062,0.0,0.8,0.1,0.1,142.18266699421432,12.217922303244368,171,dbscan_011,dbscan_003
stl_midamerica_to_st_louis_lambert_2026-01-10_0063,midamerica_to_st_louis_lambert,MidAmerica to St. Louis Lambert,w_0063,0.0,0.8,0.2,0.0,156.5521679937005,6.756463216955795,188,dbscan_041,dbscan_noise_022
stl_midamerica_to_st_louis_lambert_2026-01-10_0064,midamerica_to_st_louis_lambert,MidAmerica to St. Louis Lambert,w_0064,0.0,0.9,0.0,0.1,138.58768842049477,11.53855451111932,170,dbscan_011,dbscan_003
stl_midamerica_to_st_louis_lambert_2026-01-10_0065,midamerica_to_st_louis_lambert,MidAmerica to St. Louis Lambert,w_0065,0.0,0.9,0.1,0.0,156.32992954852986,6.342867198631908,186,dbscan_042,dbscan_noise_023
stl_midamerica_to_st_louis_lambert_2026-01-10_0066,midamerica_to_st_louis_lambert,MidAmerica to St. Louis Lambert,w_0066,0.0,1.0,0.0,0.0,157.4707573877159,5.085566711516135,192,dbscan_043,dbscan_noise_024
stl_midamerica_to_st_louis_lambert_2026-01-10_0067,midamerica_to_st_louis_lambert,MidAmerica to St. Louis Lambert,w_0067,0.1,0.0,0.0,0.9,71.90057520712594,49.49312327714821,96,dbscan_008,dbscan_noise_025
stl_midamerica_to_st_louis_lambert_2026-01-10_0068,midamerica_to_st_louis_lambert,MidAmerica to St. Louis Lambert,w_0068,0.1,0.0,0.1,0.8,73.505779704144,47.29423666910466,96,dbscan_044,dbscan_noise_026
stl_midamerica_to_st_louis_lambert_2026-01-10_0069,midamerica_to_st_louis_lambert,MidAmerica to St. Louis Lambert,w_0069,0.1,0.0,0.2,0.7,87.31136342809572,44.35837107601975,116,dbscan_045,dbscan_noise_027
stl_midamerica_to_st_louis_lambert_2026-01-10_0070,midamerica_to_st_louis_lambert,MidAmerica to St. Louis Lambert,w_0070,0.1,0.0,0.3,0.6,87.68553089472519,40.74666517125911,117,dbscan_046,dbscan_noise_028
stl_midamerica_to_st_louis_lambert_2026-01-10_0071,midamerica_to_st_louis_lambert,MidAmerica to St. Louis Lambert,w_0071,0.1,0.0,0.4,0.5,96.4079830966626,36.63743502843081,124,dbscan_047,dbscan_noise_029
stl_midamerica_to_st_louis_lambert_2026-01-10_0072,midamerica_to_st_louis_lambert,MidAmerica to St. Louis Lambert,w_0072,0.1,0.0,0.5,0.4,97.5359029072984,32.02666572419616,127,dbscan_023,dbscan_noise_030
stl_midamerica_to_st_louis_lambert_2026-01-10_0073,midamerica_to_st_louis_lambert,MidAmerica to St. Louis Lambert,w_0073,0.1,0.0,0.6,0.3,97.5359029072984,27.393107494578302,127,dbscan_023,dbscan_noise_030
stl_midamerica_to_st_louis_lambert_2026-01-10_0074,midamerica_to_st_louis_lambert,MidAmerica to St. Louis Lambert,w_0074,0.1,0.0,0.7,0.2,98.28541800162424,22.70843444300202,129,dbscan_048,dbscan_noise_031
stl_midamerica_to_st_louis_lambert_2026-01-10_0075,midamerica_to_st_louis_lambert,MidAmerica to St. Louis Lambert,w_0075,0.1,0.0,0.8,0.1,91.03291936608916,17.52903415073162,124,dbscan_013,dbscan_004
stl_midamerica_to_st_louis_lambert_2026-01-10_0076,midamerica_to_st_louis_lambert,MidAmerica to St. Louis Lambert,w_0076,0.1,0.0,0.9,0.0,91.03276485212392,12.34780122940314,124,dbscan_013,dbscan_004
stl_midamerica_to_st_louis_lambert_2026-01-10_0077,midamerica_to_st_louis_lambert,MidAmerica to St. Louis Lambert,w_0077,0.1,0.1,0.0,0.8,74.42461752704692,47.89368615676638,97,dbscan_005,dbscan_005
stl_midamerica_to_st_louis_lambert_2026-01-10_0078,midamerica_to_st_louis_lambert,MidAmerica to St. Louis Lambert,w_0078,0.1,0.1,0.1,0.7,77.09421693691067,45.89121165925381,97,dbscan_049,dbscan_noise_032
stl_midamerica_to_st_louis_lambert_2026-01-10_0079,midamerica_to_st_louis_lambert,MidAmerica to St. Louis Lambert,w_0079,0.1,0.1,0.2,0.6,74.4339828700428,42.47780375234461,97,dbscan_001,dbscan_006
stl_midamerica_to_st_louis_lambert_2026-01-10_0080,midamerica_to_st_louis_lambert,MidAmerica to St. Louis Lambert,w_0080,0.1,0.1,0.3,0.5,108.93316193197543,38.94589749895368,139,dbscan_009,dbscan_007
stl_midamerica_to_st_louis_lambert_2026-01-10_0081,midamerica_to_st_louis_lambert,MidAmerica to St. Louis Lambert,w_0081,0.1,0.1,0.4,0.4,108.39624889860998,34.472074673234744,139,dbscan_009,dbscan_007
stl_midamerica_to_st_louis_lambert_2026-01-10_0082,midamerica_to_st_louis_lambert,MidAmerica to St. Louis Lambert,w_0082,0.1,0.1,0.5,0.3,108.39624889860998,29.89085875716736,139,dbscan_009,dbscan_007
stl_midamerica_to_st_louis_lambert_2026-01-10_0083,midamerica_to_st_louis_lambert,MidAmerica to St. Louis Lambert,w_0083,0.1,0.1,0.6,0.2,107.86099329608784,25.27344318310272,139,dbscan_009,dbscan_007
stl_midamerica_to_st_louis_lambert_2026-01-10_0084,midamerica_to_st_louis_lambert,MidAmerica to St. Louis Lambert,w_0084,0.1,0.1,0.7,0.1,93.027652116073,20.48867414630255,125,dbscan_050,dbscan_noise_033
stl_midamerica_to_st_louis_lambert_2026-01-10_0085,midamerica_to_st_louis_lambert,MidAmerica to St. Louis Lambert,w_0085,0.1,0.1,0.8,0.0,91.41401708551726,15.135343921753536,125,dbscan_051,dbscan_noise_034
stl_midamerica_to_st_louis_lambert_2026-01-10_0086,midamerica_to_st_louis_lambert,MidAmerica to St. Louis Lambert,w_0086,0.1,0.2,0.0,0.7,74.42461752704692,45.296461856285696,97,dbscan_005,dbscan_005
stl_midamerica_to_st_louis_lambert_2026-01-10_0087,midamerica_to_st_louis_lambert,MidAmerica to St. Louis Lambert,w_0087,0.1,0.2,0.1,0.6,73.89955038675008,43.27399682984104,97,dbscan_001,dbscan_006
stl_midamerica_to_st_louis_lambert_2026-01-10_0088,midamerica_to_st_louis_lambert,MidAmerica to St. Louis Lambert,w_0088,0.1,0.2,0.2,0.5,74.4339828700428,39.8231292946864,97,dbscan_001,dbscan_006
stl_midamerica_to_st_louis_lambert_2026-01-10_0089,midamerica_to_st_louis_lambert,MidAmerica to St. Louis Lambert,w_0089,0.1,0.2,0.3,0.4,108.93819923103574,36.07040046729498,139,dbscan_052,dbscan_noise_035
stl_midamerica_to_st_louis_lambert_2026-01-10_0090,midamerica_to_st_louis_lambert,MidAmerica to St. Louis Lambert,w_0090,0.1,0.2,0.4,0.3,107.86099329608784,31.70581385359093,139,dbscan_009,dbscan_007
stl_midamerica_to_st_louis_lambert_2026-01-10_0091,midamerica_to_st_louis_lambert,MidAmerica to St. Louis Lambert,w_0091,0.1,0.2,0.5,0.2,107.86099329608784,27.06459793752356,139,dbscan_009,dbscan_007
stl_midamerica_to_st_louis_lambert_2026-01-10_0092,midamerica_to_st_louis_lambert,MidAmerica to St. Louis Lambert,w_0092,0.1,0.2,0.6,0.1,107.86099329608784,22.423382021456177,139,dbscan_009,dbscan_007
stl_midamerica_to_st_louis_lambert_2026-01-10_0093,midamerica_to_st_louis_lambert,MidAmerica to St. Louis Lambert,w_0093,0.1,0.2,0.7,0.0,102.05774862992924,17.318521106580427,139,dbscan_053,dbscan_noise_036
stl_midamerica_to_st_louis_lambert_2026-01-10_0094,midamerica_to_st_louis_lambert,MidAmerica to St. Louis Lambert,w_0094,0.1,0.3,0.0,0.6,74.42461752704692,42.69923755580501,97,dbscan_005,dbscan_005
stl_midamerica_to_st_louis_lambert_2026-01-10_0095,midamerica_to_st_louis_lambert,MidAmerica to St. Louis Lambert,w_0095,0.1,0.3,0.1,0.5,73.89955038675008,40.5612636922096,97,dbscan_001,dbscan_006
stl_midamerica_to_st_louis_lambert_2026-01-10_0096,midamerica_to_st_louis_lambert,MidAmerica to St. Louis Lambert,w_0096,0.1,0.3,0.2,0.4,75.55890794139444,37.16224728913364,100,dbscan_001,dbscan_006
stl_midamerica_to_st_louis_lambert_2026-01-10_0097,midamerica_to_st_louis_lambert,MidAmerica to St. Louis Lambert,w_0097,0.1,0.3,0.3,0.3,107.86799328188148,33.09681372665214,139,dbscan_054,dbscan_noise_037
stl_midamerica_to_st_louis_lambert_2026-01-10_0098,midamerica_to_st_louis_lambert,MidAmerica to St. Louis Lambert,w_0098,0.1,0.3,0.4,0.2,109.14998646686644,28.72610966764277,141,dbscan_009,dbscan_007
stl_midamerica_to_st_louis_lambert_2026-01-10_0099,midamerica_to_st_louis_lambert,MidAmerica to St. Louis Lambert,w_0099,0.1,0.3,0.5,0.1,113.38824677944136,24.026570550563218,141,dbscan_055,dbscan_noise_038
stl_midamerica_to_st_louis_lambert_2026-01-10_0100,midamerica_to_st_louis_lambert,MidAmerica to St. Louis Lambert,w_0100,0.1,0.3,0.6,0.0,108.11241809535332,18.805369887331707,141,dbscan_056,dbscan_noise_039
stl_midamerica_to_st_louis_lambert_2026-01-10_0101,midamerica_to_st_louis_lambert,MidAmerica to St. Louis Lambert,w_0101,0.1,0.4,0.0,0.5,93.2818575741698,39.80565152535856,119,dbscan_057,dbscan_noise_040
stl_midamerica_to_st_louis_lambert_2026-01-10_0102,midamerica_to_st_louis_lambert,MidAmerica to St. Louis Lambert,w_0102,0.1,0.4,0.1,0.4,90.25855588936174,37.64444332324328,118,dbscan_058,dbscan_noise_041
stl_midamerica_to_st_louis_lambert_2026-01-10_0103,midamerica_to_st_louis_lambert,MidAmerica to St. Louis Lambert,w_0103,0.1,0.4,0.2,0.3,92.96498136339515,34.153058002170134,118,dbscan_024,dbscan_noise_042
stl_midamerica_to_st_louis_lambert_2026-01-10_0104,midamerica_to_st_louis_lambert,MidAmerica to St. Louis Lambert,w_0104,0.1,0.4,0.3,0.2,92.96498136339515,29.735083732191903,118,dbscan_024,dbscan_noise_042
stl_midamerica_to_st_louis_lambert_2026-01-10_0105,midamerica_to_st_louis_lambert,MidAmerica to St. Louis Lambert,w_0105,0.1,0.4,0.4,0.1,111.02991467536326,25.10144718419805,139,dbscan_059,dbscan_noise_043
stl_midamerica_to_st_louis_lambert_2026-01-10_0106,midamerica_to_st_louis_lambert,MidAmerica to St. Louis Lambert,w_0106,0.1,0.4,0.5,0.0,108.64618666467295,19.951460464536268,141,dbscan_060,dbscan_noise_044
stl_midamerica_to_st_louis_lambert_2026-01-10_0107,midamerica_to_st_louis_lambert,MidAmerica to St. Louis Lambert,w_0107,0.1,0.5,0.0,0.4,90.09224420146406,36.159521947614806,119,dbscan_061,dbscan_noise_045
stl_midamerica_to_st_louis_lambert_2026-01-10_0108,midamerica_to_st_louis_lambert,MidAmerica to St. Louis Lambert,w_0108,0.1,0.5,0.1,0.3,91.69646697589766,33.99454566411376,119,dbscan_062,dbscan_noise_046
stl_midamerica_to_st_louis_lambert_2026-01-10_0109,midamerica_to_st_louis_lambert,MidAmerica to St. Louis Lambert,w_0109,0.1,0.5,0.2,0.2,112.91590628860412,30.60634355935622,144,dbscan_063,dbscan_noise_047
stl_midamerica_to_st_louis_lambert_2026-01-10_0110,midamerica_to_st_louis_lambert,MidAmerica to St. Louis Lambert,w_0110,0.1,0.5,0.3,0.1,85.4379066834724,26.04363340447385,112,dbscan_064,dbscan_noise_048
stl_midamerica_to_st_louis_lambert_2026-01-10_0111,midamerica_to_st_louis_lambert,MidAmerica to St. Louis Lambert,w_0111,0.1,0.5,0.4,0.0,107.36128741652696,21.068820619288672,139,dbscan_065,dbscan_noise_049
stl_midamerica_to_st_louis_lambert_2026-01-10_0112,midamerica_to_st_louis_lambert,MidAmerica to St. Louis Lambert,w_0112,0.1,0.6,0.0,0.3,90.0929044869205,32.40865752082237,119,dbscan_025,dbscan_noise_050
stl_midamerica_to_st_louis_lambert_2026-01-10_0113,midamerica_to_st_louis_lambert,MidAmerica to St. Louis Lambert,w_0113,0.1,0.6,0.1,0.2,91.16400210626472,30.225621462307856,119,dbscan_066,dbscan_noise_051
stl_midamerica_to_st_louis_lambert_2026-01-10_0114,midamerica_to_st_louis_lambert,MidAmerica to St. Louis Lambert,w_0114,0.1,0.6,0.2,0.1,124.97051168276228,26.196143464817496,170,dbscan_015,dbscan_008
stl_midamerica_to_st_louis_lambert_2026-01-10_0115,midamerica_to_st_louis_lambert,MidAmerica to St. Louis Lambert,w_0115,0.1,0.6,0.3,0.0,121.61235940228846,20.99166611714571,167,dbscan_067,dbscan_noise_052
stl_midamerica_to_st_louis_lambert_2026-01-10_0116,midamerica_to_st_louis_lambert,MidAmerica to St. Louis Lambert,w_0116,0.1,0.7,0.0,0.2,90.0929044869205,28.597549313823983,119,dbscan_025,dbscan_noise_050
stl_midamerica_to_st_louis_lambert_2026-01-10_0117,midamerica_to_st_louis_lambert,MidAmerica to St. Louis Lambert,w_0117,0.1,0.7,0.1,0.1,123.600943511269,25.48027819125453,169,dbscan_015,dbscan_008
stl_midamerica_to_st_louis_lambert_2026-01-10_0118,midamerica_to_st_louis_lambert,MidAmerica to St. Louis Lambert,w_0118,0.1,0.7,0.2,0.0,121.19430516135672,20.426696713386885,167,dbscan_068,dbscan_noise_053
stl_midamerica_to_st_louis_lambert_2026-01-10_0119,midamerica_to_st_louis_lambert,MidAmerica to St. Louis Lambert,w_0119,0.1,0.8,0.0,0.1,123.24951476069776,24.614790751873656,169,dbscan_015,dbscan_008
stl_midamerica_to_st_louis_lambert_2026-01-10_0120,midamerica_to_st_louis_lambert,MidAmerica to St. Louis Lambert,w_0120,0.1,0.8,0.1,0.0,123.97551264120654,19.76360689659318,170,dbscan_015,dbscan_008
stl_midamerica_to_st_louis_lambert_2026-01-10_0121,midamerica_to_st_louis_lambert,MidAmerica to St. Louis Lambert,w_0121,0.1,0.9,0.0,0.0,118.8743179354038,18.913824738062555,163,dbscan_069,dbscan_noise_054
stl_midamerica_to_st_louis_lambert_2026-01-10_0122,midamerica_to_st_louis_lambert,MidAmerica to St. Louis Lambert,w_0122,0.2,0.0,0.0,0.8,71.90057520712594,52.78624655429639,96,dbscan_008,dbscan_noise_025
stl_midamerica_to_st_louis_lambert_2026-01-10_0123,midamerica_to_st_louis_lambert,MidAmerica to St. Louis Lambert,w_0123,0.2,0.0,0.1,0.7,71.90290045169874,50.60980064215208,96,dbscan_014,dbscan_noise_055
stl_midamerica_to_st_louis_lambert_2026-01-10_0124,midamerica_to_st_louis_lambert,MidAmerica to St. Louis Lambert,w_0124,0.2,0.0,0.2,0.6,72.99122058778953,48.09879172585308,96,dbscan_001,dbscan_006
stl_midamerica_to_st_louis_lambert_2026-01-10_0125,midamerica_to_st_louis_lambert,MidAmerica to St. Louis Lambert,w_0125,0.2,0.0,0.3,0.5,72.99122058778953,44.59503173436787,96,dbscan_001,dbscan_006
stl_midamerica_to_st_louis_lambert_2026-01-10_0126,midamerica_to_st_louis_lambert,MidAmerica to St. Louis Lambert,w_0126,0.2,0.0,0.4,0.4,73.52510754657048,41.0582932422534,96,dbscan_001,dbscan_006
stl_midamerica_to_st_louis_lambert_2026-01-10_0127,midamerica_to_st_louis_lambert,MidAmerica to St. Louis Lambert,w_0127,0.2,0.0,0.5,0.3,81.60144614496105,37.08751734346744,106,dbscan_010,dbscan_009
stl_midamerica_to_st_louis_lambert_2026-01-10_0128,midamerica_to_st_louis_lambert,MidAmerica to St. Louis Lambert,w_0128,0.2,0.0,0.6,0.2,86.96036415231653,32.276563126718145,116,dbscan_013,dbscan_004
stl_midamerica_to_st_louis_lambert_2026-01-10_0129,midamerica_to_st_louis_lambert,MidAmerica to St. Louis Lambert,w_0129,0.2,0.0,0.7,0.1,88.24455893207518,27.2739512681268,118,dbscan_013,dbscan_004
stl_midamerica_to_st_louis_lambert_2026-01-10_0130,midamerica_to_st_louis_lambert,MidAmerica to St. Louis Lambert,w_0130,0.2,0.0,0.8,0.0,91.03276485212392,22.107761619480023,124,dbscan_013,dbscan_004
stl_midamerica_to_st_louis_lambert_2026-01-10_0131,midamerica_to_st_louis_lambert,MidAmerica to St. Louis Lambert,w_0131,0.2,0.1,0.0,0.7,73.35714512830332,51.307063359196015,97,dbscan_005,dbscan_005
stl_midamerica_to_st_louis_lambert_2026-01-10_0132,midamerica_to_st_louis_lambert,MidAmerica to St. Louis Lambert,w_0132,0.2,0.1,0.1,0.6,73.36711649261086,49.160405508471726,97,dbscan_001,dbscan_006
stl_midamerica_to_st_louis_lambert_2026-01-10_0133,midamerica_to_st_louis_lambert,MidAmerica to St. Louis Lambert,w_0133,0.2,0.1,0.2,0.5,72.99215841467418,45.69386426631191,96,dbscan_001,dbscan_006
stl_midamerica_to_st_louis_lambert_2026-01-10_0134,midamerica_to_st_louis_lambert,MidAmerica to St. Louis Lambert,w_0134,0.2,0.1,0.3,0.4,72.99215841467418,42.19010427482671,96,dbscan_001,dbscan_006
stl_midamerica_to_st_louis_lambert_2026-01-10_0135,midamerica_to_st_louis_lambert,MidAmerica to St. Louis Lambert,w_0135,0.2,0.1,0.4,0.3,73.52604537345513,38.65336578271223,96,dbscan_001,dbscan_006
stl_midamerica_to_st_louis_lambert_2026-01-10_0136,midamerica_to_st_louis_lambert,MidAmerica to St. Louis Lambert,w_0136,0.2,0.1,0.5,0.2,81.60310517744178,34.58442513345682,106,dbscan_010,dbscan_009
stl_midamerica_to_st_louis_lambert_2026-01-10_0137,midamerica_to_st_louis_lambert,MidAmerica to St. Louis Lambert,w_0137,0.2,0.1,0.6,0.1,82.13778486287455,29.74164173403837,106,dbscan_010,dbscan_009
stl_midamerica_to_st_louis_lambert_2026-01-10_0138,midamerica_to_st_louis_lambert,MidAmerica to St. Louis Lambert,w_0138,0.2,0.1,0.7,0.0,82.13782406894735,24.875005402029856,106,dbscan_010,dbscan_009
stl_midamerica_to_st_louis_lambert_2026-01-10_0139,midamerica_to_st_louis_lambert,MidAmerica to St. Louis Lambert,w_0139,0.2,0.2,0.0,0.6,74.42461752704692,48.78737231353273,97,dbscan_005,dbscan_005
stl_midamerica_to_st_louis_lambert_2026-01-10_0140,midamerica_to_st_louis_lambert,MidAmerica to St. Louis Lambert,w_0140,0.2,0.2,0.1,0.5,73.89955038675008,46.52712025272877,97,dbscan_001,dbscan_006
stl_midamerica_to_st_louis_lambert_2026-01-10_0141,midamerica_to_st_louis_lambert,MidAmerica to St. Louis Lambert,w_0141,0.2,0.2,0.2,0.4,73.90009591126186,43.09280200638915,97,dbscan_001,dbscan_006
stl_midamerica_to_st_louis_lambert_2026-01-10_0142,midamerica_to_st_louis_lambert,MidAmerica to St. Louis Lambert,w_0142,0.2,0.2,0.3,0.3,73.90009591126186,39.64069400585382,97,dbscan_001,dbscan_006
stl_midamerica_to_st_louis_lambert_2026-01-10_0143,midamerica_to_st_louis_lambert,MidAmerica to St. Louis Lambert,w_0143,0.2,0.2,0.4,0.2,81.05715476667415,35.94384430417401,106,dbscan_007,dbscan_010
stl_midamerica_to_st_louis_lambert_2026-01-10_0144,midamerica_to_st_louis_lambert,MidAmerica to St. Louis Lambert,w_0144,0.2,0.2,0.5,0.1,81.05690563483954,31.248212543300514,106,dbscan_007,dbscan_010
stl_midamerica_to_st_louis_lambert_2026-01-10_0145,midamerica_to_st_louis_lambert,MidAmerica to St. Louis Lambert,w_0145,0.2,0.2,0.6,0.0,81.05694484091234,26.533692828786275,106,dbscan_007,dbscan_010
stl_midamerica_to_st_louis_lambert_2026-01-10_0146,midamerica_to_st_louis_lambert,MidAmerica to St. Louis Lambert,w_0146,0.2,0.3,0.0,0.5,74.42492977850672,46.18031285298394,97,dbscan_005,dbscan_005
stl_midamerica_to_st_louis_lambert_2026-01-10_0147,midamerica_to_st_louis_lambert,MidAmerica to St. Louis Lambert,w_0147,0.2,0.3,0.1,0.4,73.89955038675008,43.81438711509732,97,dbscan_001,dbscan_006
stl_midamerica_to_st_louis_lambert_2026-01-10_0148,midamerica_to_st_louis_lambert,MidAmerica to St. Louis Lambert,w_0148,0.2,0.3,0.2,0.3,73.90009591126186,40.43812754873093,97,dbscan_001,dbscan_006
stl_midamerica_to_st_louis_lambert_2026-01-10_0149,midamerica_to_st_louis_lambert,MidAmerica to St. Louis Lambert,w_0149,0.2,0.3,0.3,0.2,75.02661331230803,36.827601796753456,100,dbscan_001,dbscan_006
stl_midamerica_to_st_louis_lambert_2026-01-10_0150,midamerica_to_st_louis_lambert,MidAmerica to St. Louis Lambert,w_0150,0.2,0.3,0.4,0.1,81.05715476667415,32.450067213038835,106,dbscan_007,dbscan_010
stl_midamerica_to_st_louis_lambert_2026-01-10_0151,midamerica_to_st_louis_lambert,MidAmerica to St. Louis Lambert,w_0151,0.2,0.3,0.5,0.0,81.05719397274693,27.737754671989133,106,dbscan_007,dbscan_010
stl_midamerica_to_st_louis_lambert_2026-01-10_0152,midamerica_to_st_louis_lambert,MidAmerica to St. Louis Lambert,w_0152,0.2,0.4,0.0,0.4,73.74264765764532,43.145037015189416,98,dbscan_003,dbscan_011
stl_midamerica_to_st_louis_lambert_2026-01-10_0153,midamerica_to_st_louis_lambert,MidAmerica to St. Louis Lambert,w_0153,0.2,0.4,0.1,0.3,74.50036724388708,40.83039349551958,100,dbscan_002,dbscan_012
stl_midamerica_to_st_louis_lambert_2026-01-10_0154,midamerica_to_st_louis_lambert,MidAmerica to St. Louis Lambert,w_0154,0.2,0.4,0.2,0.2,74.50370392843416,37.359940916020015,100,dbscan_002,dbscan_012
stl_midamerica_to_st_louis_lambert_2026-01-10_0155,midamerica_to_st_louis_lambert,MidAmerica to St. Louis Lambert,w_0155,0.2,0.4,0.3,0.1,80.52326780789319,33.63922755584764,106,dbscan_007,dbscan_010
stl_midamerica_to_st_louis_lambert_2026-01-10_0156,midamerica_to_st_louis_lambert,MidAmerica to St. Louis Lambert,w_0156,0.2,0.4,0.4,0.0,83.31181049552217,28.795190902148725,112,dbscan_070,dbscan_noise_056
stl_midamerica_to_st_louis_lambert_2026-01-10_0157,midamerica_to_st_louis_lambert,MidAmerica to St. Louis Lambert,w_0157,0.2,0.5,0.0,0.3,74.86744372005592,39.65898568705563,101,dbscan_003,dbscan_011
stl_midamerica_to_st_louis_lambert_2026-01-10_0158,midamerica_to_st_louis_lambert,MidAmerica to St. Louis Lambert,w_0158,0.2,0.5,0.1,0.2,73.96790237425417,37.35290671544306,100,dbscan_002,dbscan_012
stl_midamerica_to_st_louis_lambert_2026-01-10_0159,midamerica_to_st_louis_lambert,MidAmerica to St. Louis Lambert,w_0159,0.2,0.5,0.2,0.1,73.96852727326028,33.97858246458457,100,dbscan_002,dbscan_012
stl_midamerica_to_st_louis_lambert_2026-01-10_0160,midamerica_to_st_louis_lambert,MidAmerica to St. Louis Lambert,w_0160,0.2,0.5,0.3,0.0,82.77792353674121,29.794587212864947,112,dbscan_071,dbscan_noise_057
stl_midamerica_to_st_louis_lambert_2026-01-10_0161,midamerica_to_st_louis_lambert,MidAmerica to St. Louis Lambert,w_0161,0.2,0.6,0.0,0.2,75.4023021768558,35.898320074999006,101,dbscan_003,dbscan_011
stl_midamerica_to_st_louis_lambert_2026-01-10_0162,midamerica_to_st_louis_lambert,MidAmerica to St. Louis Lambert,w_0162,0.2,0.6,0.1,0.1,76.47378702633851,33.626422060230205,101,dbscan_072,dbscan_noise_058
stl_midamerica_to_st_louis_lambert_2026-01-10_0163,midamerica_to_st_louis_lambert,MidAmerica to St. Louis Lambert,w_0163,0.2,0.6,0.2,0.0,73.96856647933308,30.528396257994608,100,dbscan_002,dbscan_012
stl_midamerica_to_st_louis_lambert_2026-01-10_0164,midamerica_to_st_louis_lambert,MidAmerica to St. Louis Lambert,w_0164,0.2,0.7,0.0,0.1,75.4023021768558,32.128536428975,101,dbscan_003,dbscan_011
stl_midamerica_to_st_louis_lambert_2026-01-10_0165,midamerica_to_st_louis_lambert,MidAmerica to St. Louis Lambert,w_0165,0.2,0.7,0.1,0.0,77.001084473717,29.767192480907788,101,dbscan_073,dbscan_noise_059
stl_midamerica_to_st_louis_lambert_2026-01-10_0166,midamerica_to_st_louis_lambert,MidAmerica to St. Louis Lambert,w_0166,0.2,0.8,0.0,0.0,75.92959962423426,28.233988460680187,101,dbscan_003,dbscan_011
stl_midamerica_to_st_louis_lambert_2026-01-10_0167,midamerica_to_st_louis_lambert,MidAmerica to St. Louis Lambert,w_0167,0.25,0.25,0.25,0.25,73.90009591126186,41.666002507986434,97,dbscan_001,dbscan_006
stl_midamerica_to_st_louis_lambert_2026-01-10_0168,midamerica_to_st_louis_lambert,MidAmerica to St. Louis Lambert,w_0168,0.3,0.0,0.0,0.7,71.90057520712594,56.07936983144455,96,dbscan_008,dbscan_noise_025
stl_midamerica_to_st_louis_lambert_2026-01-10_0169,midamerica_to_st_louis_lambert,MidAmerica to St. Louis Lambert,w_0169,0.3,0.0,0.1,0.6,71.90290045169874,53.90317982750268,96,dbscan_014,dbscan_noise_055
stl_midamerica_to_st_louis_lambert_2026-01-10_0170,midamerica_to_st_louis_lambert,MidAmerica to St. Louis Lambert,w_0170,0.3,0.0,0.2,0.5,72.99122058778953,51.2519475802648,96,dbscan_001,dbscan_006
stl_midamerica_to_st_louis_lambert_2026-01-10_0171,midamerica_to_st_louis_lambert,MidAmerica to St. Louis Lambert,w_0171,0.3,0.0,0.3,0.4,72.99122058778953,47.7481875887796,96,dbscan_001,dbscan_006
stl_midamerica_to_st_louis_lambert_2026-01-10_0172,midamerica_to_st_louis_lambert,MidAmerica to St. Louis Lambert,w_0172,0.3,0.0,0.4,0.3,72.99122058778953,44.2444275972944,96,dbscan_001,dbscan_006
stl_midamerica_to_st_louis_lambert_2026-01-10_0173,midamerica_to_st_louis_lambert,MidAmerica to St. Louis Lambert,w_0173,0.3,0.0,0.5,0.2,73.52677873580716,40.70448578435021,96,dbscan_001,dbscan_006
stl_midamerica_to_st_louis_lambert_2026-01-10_0174,midamerica_to_st_louis_lambert,MidAmerica to St. Louis Lambert,w_0174,0.3,0.0,0.6,0.1,81.60178609992111,35.97566596730896,106,dbscan_010,dbscan_009
stl_midamerica_to_st_louis_lambert_2026-01-10_0175,midamerica_to_st_louis_lambert,MidAmerica to St. Louis Lambert,w_0175,0.3,0.0,0.7,0.0,81.60178609992111,31.134541492076924,106,dbscan_010,dbscan_009
stl_midamerica_to_st_louis_lambert_2026-01-10_0176,midamerica_to_st_louis_lambert,MidAmerica to St. Louis Lambert,w_0176,0.3,0.1,0.0,0.6,72.44740305679663,54.63076394129871,96,dbscan_005,dbscan_005
stl_midamerica_to_st_louis_lambert_2026-01-10_0177,midamerica_to_st_louis_lambert,MidAmerica to St. Louis Lambert,w_0177,0.3,0.1,0.1,0.5,72.45862886866068,52.3458109449322,96,dbscan_001,dbscan_006
stl_midamerica_to_st_louis_lambert_2026-01-10_0178,midamerica_to_st_louis_lambert,MidAmerica to St. Louis Lambert,w_0178,0.3,0.1,0.2,0.4,72.99215841467418,48.847123334637146,96,dbscan_001,dbscan_006
stl_midamerica_to_st_louis_lambert_2026-01-10_0179,midamerica_to_st_louis_lambert,MidAmerica to St. Louis Lambert,w_0179,0.3,0.1,0.3,0.3,72.99215841467418,45.34336334315194,96,dbscan_001,dbscan_006
stl_midamerica_to_st_louis_lambert_2026-01-10_0180,midamerica_to_st_louis_lambert,MidAmerica to St. Louis Lambert,w_0180,0.3,0.1,0.4,0.2,72.99215841467418,41.839603351666746,96,dbscan_001,dbscan_006
stl_midamerica_to_st_louis_lambert_2026-01-10_0181,midamerica_to_st_louis_lambert,MidAmerica to St. Louis Lambert,w_0181,0.3,0.1,0.5,0.1,80.52262516710897,38.04418366846838,106,dbscan_007,dbscan_010
stl_midamerica_to_st_louis_lambert_2026-01-10_0182,midamerica_to_st_louis_lambert,MidAmerica to St. Louis Lambert,w_0182,0.3,0.1,0.6,0.0,81.60314438351458,33.27601679673854,106,dbscan_010,dbscan_009
stl_midamerica_to_st_louis_lambert_2026-01-10_0183,midamerica_to_st_louis_lambert,MidAmerica to St. Louis Lambert,w_0183,0.3,0.2,0.0,0.5,72.29260468015718,52.14938056079359,97,dbscan_005,dbscan_005
stl_midamerica_to_st_louis_lambert_2026-01-10_0184,midamerica_to_st_louis_lambert,MidAmerica to St. Louis Lambert,w_0184,0.3,0.2,0.1,0.4,73.36657096809908,49.76054359515483,97,dbscan_001,dbscan_006
stl_midamerica_to_st_louis_lambert_2026-01-10_0185,midamerica_to_st_louis_lambert,MidAmerica to St. Louis Lambert,w_0185,0.3,0.2,0.2,0.3,73.36711649261086,46.3262853873156,97,dbscan_001,dbscan_006
stl_midamerica_to_st_louis_lambert_2026-01-10_0186,midamerica_to_st_louis_lambert,MidAmerica to St. Louis Lambert,w_0186,0.3,0.2,0.3,0.2,73.36711649261086,42.87417738678027,97,dbscan_001,dbscan_006
stl_midamerica_to_st_louis_lambert_2026-01-10_0187,midamerica_to_st_louis_lambert,MidAmerica to St. Louis Lambert,w_0187,0.3,0.2,0.4,0.1,73.74402908045106,39.20343350565094,98,dbscan_001,dbscan_006
stl_midamerica_to_st_louis_lambert_2026-01-10_0188,midamerica_to_st_louis_lambert,MidAmerica to St. Louis Lambert,w_0188,0.3,0.2,0.5,0.0,80.52301559703506,34.63537956856776,106,dbscan_007,dbscan_010
stl_midamerica_to_st_louis_lambert_2026-01-10_0189,midamerica_to_st_louis_lambert,MidAmerica to St. Louis Lambert,w_0189,0.3,0.3,0.0,0.4,73.36151770044673,49.45678128714722,97,dbscan_005,dbscan_005
stl_midamerica_to_st_louis_lambert_2026-01-10_0190,midamerica_to_st_louis_lambert,MidAmerica to St. Louis Lambert,w_0190,0.3,0.3,0.1,0.3,72.84305818234101,46.98076881777797,97,dbscan_002,dbscan_012
stl_midamerica_to_st_louis_lambert_2026-01-10_0191,midamerica_to_st_louis_lambert,MidAmerica to St. Louis Lambert,w_0191,0.3,0.3,0.2,0.2,72.84441962208616,43.63804454891509,97,dbscan_002,dbscan_012
stl_midamerica_to_st_louis_lambert_2026-01-10_0192,midamerica_to_st_louis_lambert,MidAmerica to St. Louis Lambert,w_0192,0.3,0.3,0.3,0.1,75.02661331230803,39.98476578322988,100,dbscan_001,dbscan_006
stl_midamerica_to_st_louis_lambert_2026-01-10_0193,midamerica_to_st_louis_lambert,MidAmerica to St. Louis Lambert,w_0193,0.3,0.3,0.4,0.0,80.52330701396599,35.84042626234872,106,dbscan_007,dbscan_010
stl_midamerica_to_st_louis_lambert_2026-01-10_0194,midamerica_to_st_louis_lambert,MidAmerica to St. Louis Lambert,w_0194,0.3,0.4,0.0,0.3,73.20858031824217,46.16443143884134,98,dbscan_003,dbscan_011
stl_midamerica_to_st_louis_lambert_2026-01-10_0195,midamerica_to_st_louis_lambert,MidAmerica to St. Louis Lambert,w_0195,0.3,0.4,0.1,0.2,73.96790237425417,43.75946873305421,100,dbscan_002,dbscan_012
stl_midamerica_to_st_louis_lambert_2026-01-10_0196,midamerica_to_st_louis_lambert,MidAmerica to St. Louis Lambert,w_0196,0.3,0.4,0.2,0.1,73.9693446934378,40.29133880926274,100,dbscan_002,dbscan_012
stl_midamerica_to_st_louis_lambert_2026-01-10_0197,midamerica_to_st_louis_lambert,MidAmerica to St. Louis Lambert,w_0197,0.3,0.4,0.3,0.0,74.50374313450696,36.60998391478739,100,dbscan_002,dbscan_012
stl_midamerica_to_st_louis_lambert_2026-01-10_0198,midamerica_to_st_louis_lambert,MidAmerica to St. Louis Lambert,w_0198,0.3,0.5,0.0,0.2,74.86810400551238,42.6590211481419,101,dbscan_003,dbscan_011
stl_midamerica_to_st_louis_lambert_2026-01-10_0199,midamerica_to_st_louis_lambert,MidAmerica to St. Louis Lambert,w_0199,0.3,0.5,0.1,0.1,73.96790237425417,40.27355271658276,100,dbscan_002,dbscan_012
stl_midamerica_to_st_louis_lambert_2026-01-10_0200,midamerica_to_st_louis_lambert,MidAmerica to St. Louis Lambert,w_0200,0.3,0.5,0.2,0.0,73.96856647933308,36.858078924328126,100,dbscan_002,dbscan_012
stl_midamerica_to_st_louis_lambert_2026-01-10_0201,midamerica_to_st_louis_lambert,MidAmerica to St. Louis Lambert,w_0201,0.3,0.6,0.0,0.1,74.86810400551238,38.91099397045279,101,dbscan_003,dbscan_011
stl_midamerica_to_st_louis_lambert_2026-01-10_0202,midamerica_to_st_louis_lambert,MidAmerica to St. Louis Lambert,w_0202,0.3,0.6,0.1,0.0,73.96794158032696,36.73817213249466,100,dbscan_002,dbscan_012
stl_midamerica_to_st_louis_lambert_2026-01-10_0203,midamerica_to_st_louis_lambert,MidAmerica to St. Louis Lambert,w_0203,0.3,0.7,0.0,0.0,74.86814321158518,35.10525597310332,101,dbscan_003,dbscan_011
stl_midamerica_to_st_louis_lambert_2026-01-10_0204,midamerica_to_st_louis_lambert,MidAmerica to St. Louis Lambert,w_0204,0.4,0.0,0.0,0.6,71.90057520712594,59.372493108592735,96,dbscan_008,dbscan_noise_025
stl_midamerica_to_st_louis_lambert_2026-01-10_0205,midamerica_to_st_louis_lambert,MidAmerica to St. Louis Lambert,w_0205,0.4,0.0,0.1,0.5,71.90290045169874,57.19655901285328,96,dbscan_014,dbscan_noise_055
stl_midamerica_to_st_louis_lambert_2026-01-10_0206,midamerica_to_st_louis_lambert,MidAmerica to St. Louis Lambert,w_0206,0.4,0.0,0.2,0.4,72.45443891616466,54.37962302763331,96,dbscan_001,dbscan_006
stl_midamerica_to_st_louis_lambert_2026-01-10_0207,midamerica_to_st_louis_lambert,MidAmerica to St. Louis Lambert,w_0207,0.4,0.0,0.3,0.3,72.99122058778953,50.90134344319132,96,dbscan_001,dbscan_006
stl_midamerica_to_st_louis_lambert_2026-01-10_0208,midamerica_to_st_louis_lambert,MidAmerica to St. Louis Lambert,w_0208,0.4,0.0,0.4,0.2,72.99122058778953,47.39758345170612,96,dbscan_001,dbscan_006
stl_midamerica_to_st_louis_lambert_2026-01-10_0209,midamerica_to_st_louis_lambert,MidAmerica to St. Louis Lambert,w_0209,0.4,0.0,0.5,0.1,72.4722063486134,43.746759695677454,96,dbscan_012,dbscan_noise_060
stl_midamerica_to_st_louis_lambert_2026-01-10_0210,midamerica_to_st_louis_lambert,MidAmerica to St. Louis Lambert,w_0210,0.4,0.0,0.6,0.0,81.06789914114016,39.50718027873268,106,dbscan_010,dbscan_009
stl_midamerica_to_st_louis_lambert_2026-01-10_0211,midamerica_to_st_louis_lambert,MidAmerica to St. Louis Lambert,w_0211,0.4,0.1,0.0,0.5,72.29260468015718,57.86536192009764,97,dbscan_005,dbscan_005
stl_midamerica_to_st_louis_lambert_2026-01-10_0212,midamerica_to_st_louis_lambert,MidAmerica to St. Louis Lambert,w_0212,0.4,0.1,0.1,0.4,71.92443211523093,55.40116895628036,96,dbscan_001,dbscan_006
stl_midamerica_to_st_louis_lambert_2026-01-10_0213,midamerica_to_st_louis_lambert,MidAmerica to St. Louis Lambert,w_0213,0.4,0.1,0.2,0.3,72.99215841467418,52.00038240296239,96,dbscan_001,dbscan_006
stl_midamerica_to_st_louis_lambert_2026-01-10_0214,midamerica_to_st_louis_lambert,MidAmerica to St. Louis Lambert,w_0214,0.4,0.1,0.3,0.2,72.99215841467418,48.49662241147719,96,dbscan_001,dbscan_006
stl_midamerica_to_st_louis_lambert_2026-01-10_0215,midamerica_to_st_louis_lambert,MidAmerica to St. Louis Lambert,w_0215,0.4,0.1,0.4,0.1,72.99402347218957,44.88392611816312,96,dbscan_001,dbscan_006
stl_midamerica_to_st_louis_lambert_2026-01-10_0216,midamerica_to_st_louis_lambert,MidAmerica to St. Louis Lambert,w_0216,0.4,0.1,0.5,0.0,72.45690273202482,41.18066410107895,96,dbscan_001,dbscan_006
stl_midamerica_to_st_louis_lambert_2026-01-10_0217,midamerica_to_st_louis_lambert,MidAmerica to St. Louis Lambert,w_0217,0.4,0.2,0.0,0.4,72.29260468015718,55.34564921667392,97,dbscan_005,dbscan_005
stl_midamerica_to_st_louis_lambert_2026-01-10_0218,midamerica_to_st_louis_lambert,MidAmerica to St. Louis Lambert,w_0218,0.4,0.2,0.1,0.3,72.83237421466933,52.91582650613934,97,dbscan_001,dbscan_006
stl_midamerica_to_st_louis_lambert_2026-01-10_0219,midamerica_to_st_louis_lambert,MidAmerica to St. Louis Lambert,w_0219,0.4,0.2,0.2,0.2,73.36711649261086,49.52081101694343,97,dbscan_001,dbscan_006
stl_midamerica_to_st_louis_lambert_2026-01-10_0220,midamerica_to_st_louis_lambert,MidAmerica to St. Louis Lambert,w_0220,0.4,0.2,0.3,0.1,73.36898155012626,45.99489869361888,97,dbscan_001,dbscan_006
stl_midamerica_to_st_louis_lambert_2026-01-10_0221,midamerica_to_st_louis_lambert,MidAmerica to St. Louis Lambert,w_0221,0.4,0.2,0.4,0.0,73.74402908045106,42.21944080303588,98,dbscan_001,dbscan_006
stl_midamerica_to_st_louis_lambert_2026-01-10_0222,midamerica_to_st_louis_lambert,MidAmerica to St. Louis Lambert,w_0222,0.4,0.3,0.0,0.3,73.20858031824217,52.503209551325845,98,dbscan_003,dbscan_011
stl_midamerica_to_st_louis_lambert_2026-01-10_0223,midamerica_to_st_louis_lambert,MidAmerica to St. Louis Lambert,w_0223,0.4,0.3,0.1,0.2,72.30940544847888,49.87271273581189,97,dbscan_002,dbscan_012
stl_midamerica_to_st_louis_lambert_2026-01-10_0224,midamerica_to_st_louis_lambert,MidAmerica to St. Louis Lambert,w_0224,0.4,0.3,0.2,0.1,72.84441962208616,46.53504400770038,97,dbscan_002,dbscan_012
stl_midamerica_to_st_louis_lambert_2026-01-10_0225,midamerica_to_st_louis_lambert,MidAmerica to St. Louis Lambert,w_0225,0.4,0.3,0.3,0.0,73.75382638740732,42.94484363187976,98,dbscan_002,dbscan_012
stl_midamerica_to_st_louis_lambert_2026-01-10_0226,midamerica_to_st_louis_lambert,MidAmerica to St. Louis Lambert,w_0226,0.4,0.4,0.0,0.2,73.20963090489165,49.12283602550907,98,dbscan_003,dbscan_011
stl_midamerica_to_st_louis_lambert_2026-01-10_0227,midamerica_to_st_louis_lambert,MidAmerica to St. Louis Lambert,w_0227,0.4,0.4,0.1,0.1,72.30879349538577,46.62266221714353,97,dbscan_002,dbscan_012
stl_midamerica_to_st_louis_lambert_2026-01-10_0228,midamerica_to_st_louis_lambert,MidAmerica to St. Louis Lambert,w_0228,0.4,0.4,0.2,0.0,73.9693838995106,43.17917579830858,100,dbscan_002,dbscan_012
stl_midamerica_to_st_louis_lambert_2026-01-10_0229,midamerica_to_st_louis_lambert,MidAmerica to St. Louis Lambert,w_0229,0.4,0.5,0.0,0.1,74.33442696730225,45.62955092041851,101,dbscan_003,dbscan_011
stl_midamerica_to_st_louis_lambert_2026-01-10_0230,midamerica_to_st_louis_lambert,MidAmerica to St. Louis Lambert,w_0230,0.4,0.5,0.1,0.0,73.43374482689721,43.11380203688846,100,dbscan_002,dbscan_012
stl_midamerica_to_st_louis_lambert_2026-01-10_0231,midamerica_to_st_louis_lambert,MidAmerica to St. Louis Lambert,w_0231,0.4,0.6,0.0,0.0,74.86814321158518,41.86125272991381,101,dbscan_003,dbscan_011
stl_midamerica_to_st_louis_lambert_2026-01-10_0232,midamerica_to_st_louis_lambert,MidAmerica to St. Louis Lambert,w_0232,0.5,0.0,0.0,0.5,71.90057520712594,62.66561638574091,96,dbscan_008,dbscan_noise_025
stl_midamerica_to_st_louis_lambert_2026-01-10_0233,midamerica_to_st_louis_lambert,MidAmerica to St. Louis Lambert,w_0233,0.5,0.0,0.1,0.4,71.90290045169874,60.48993819820387,96,dbscan_014,dbscan_noise_055
stl_midamerica_to_st_louis_lambert_2026-01-10_0234,midamerica_to_st_louis_lambert,MidAmerica to St. Louis Lambert,w_0234,0.5,0.0,0.2,0.3,72.45443891616466,57.47370258775608,96,dbscan_001,dbscan_006
stl_midamerica_to_st_louis_lambert_2026-01-10_0235,midamerica_to_st_louis_lambert,MidAmerica to St. Louis Lambert,w_0235,0.5,0.0,0.3,0.2,72.99122058778953,54.05449929760304,96,dbscan_001,dbscan_006
stl_midamerica_to_st_louis_lambert_2026-01-10_0236,midamerica_to_st_louis_lambert,MidAmerica to St. Louis Lambert,w_0236,0.5,0.0,0.4,0.1,72.4722063486134,50.394270722277895,96,dbscan_012,dbscan_noise_060
stl_midamerica_to_st_louis_lambert_2026-01-10_0237,midamerica_to_st_louis_lambert,MidAmerica to St. Louis Lambert,w_0237,0.5,0.0,0.5,0.0,72.4722063486134,46.52279467664185,96,dbscan_012,dbscan_noise_060
stl_midamerica_to_st_louis_lambert_2026-01-10_0238,midamerica_to_st_louis_lambert,MidAmerica to St. Louis Lambert,w_0238,0.5,0.1,0.0,0.4,71.91755552376524,61.0509886455191,96,dbscan_005,dbscan_005
stl_midamerica_to_st_louis_lambert_2026-01-10_0239,midamerica_to_st_louis_lambert,MidAmerica to St. Louis Lambert,w_0239,0.5,0.1,0.1,0.3,71.92443211523093,58.43691784044631,96,dbscan_001,dbscan_006
stl_midamerica_to_st_louis_lambert_2026-01-10_0240,midamerica_to_st_louis_lambert,MidAmerica to St. Louis Lambert,w_0240,0.5,0.1,0.2,0.2,72.45862886866068,55.147848008094975,96,dbscan_001,dbscan_006
stl_midamerica_to_st_louis_lambert_2026-01-10_0241,midamerica_to_st_louis_lambert,MidAmerica to St. Louis Lambert,w_0241,0.5,0.1,0.3,0.1,72.99402347218957,51.59412830510061,96,dbscan_001,dbscan_006
stl_midamerica_to_st_louis_lambert_2026-01-10_0242,midamerica_to_st_louis_lambert,MidAmerica to St. Louis Lambert,w_0242,0.5,0.1,0.4,0.0,72.45690273202482,47.78241147329145,96,dbscan_001,dbscan_006
stl_midamerica_to_st_louis_lambert_2026-01-10_0243,midamerica_to_st_louis_lambert,MidAmerica to St. Louis Lambert,w_0243,0.5,0.2,0.0,0.3,72.29291693161697,58.52215377191452,97,dbscan_005,dbscan_005
stl_midamerica_to_st_louis_lambert_2026-01-10_0244,midamerica_to_st_louis_lambert,MidAmerica to St. Louis Lambert,w_0244,0.5,0.2,0.1,0.2,72.31022286865641,55.880169258614266,97,dbscan_002,dbscan_012
stl_midamerica_to_st_louis_lambert_2026-01-10_0245,midamerica_to_st_louis_lambert,MidAmerica to St. Louis Lambert,w_0245,0.5,0.2,0.2,0.1,72.84236003533289,52.58224642927857,97,dbscan_002,dbscan_012
stl_midamerica_to_st_louis_lambert_2026-01-10_0246,midamerica_to_st_louis_lambert,MidAmerica to St. Louis Lambert,w_0246,0.5,0.2,0.3,0.0,72.45690273202482,48.83005261773041,96,dbscan_001,dbscan_006
stl_midamerica_to_st_louis_lambert_2026-01-10_0247,midamerica_to_st_louis_lambert,MidAmerica to St. Louis Lambert,w_0247,0.5,0.3,0.0,0.2,72.30341780160983,55.45438556116171,97,dbscan_003,dbscan_011
stl_midamerica_to_st_louis_lambert_2026-01-10_0248,midamerica_to_st_louis_lambert,MidAmerica to St. Louis Lambert,w_0248,0.5,0.3,0.1,0.1,72.30940544847888,52.71083042489532,97,dbscan_002,dbscan_012
stl_midamerica_to_st_louis_lambert_2026-01-10_0249,midamerica_to_st_louis_lambert,MidAmerica to St. Louis Lambert,w_0249,0.5,0.3,0.2,0.0,73.21946715241097,49.39200485118917,98,dbscan_002,dbscan_012
stl_midamerica_to_st_louis_lambert_2026-01-10_0250,midamerica_to_st_louis_lambert,MidAmerica to St. Louis Lambert,w_0250,0.5,0.4,0.0,0.1,73.20963090489165,52.04002934776096,98,dbscan_003,dbscan_011
stl_midamerica_to_st_louis_lambert_2026-01-10_0251,midamerica_to_st_louis_lambert,MidAmerica to St. Louis Lambert,w_0251,0.5,0.4,0.1,0.0,72.68374994725534,49.451175399684,98,dbscan_002,dbscan_012
stl_midamerica_to_st_louis_lambert_2026-01-10_0252,midamerica_to_st_louis_lambert,MidAmerica to St. Louis Lambert,w_0252,0.5,0.5,0.0,0.0,74.33446617337505,48.52932563750086,101,dbscan_003,dbscan_011
stl_midamerica_to_st_louis_lambert_2026-01-10_0253,midamerica_to_st_louis_lambert,MidAmerica to St. Louis Lambert,w_0253,0.6,0.0,0.0,0.4,71.90057520712594,65.95873966288909,96,dbscan_008,dbscan_noise_025
stl_midamerica_to_st_louis_lambert_2026-01-10_0254,midamerica_to_st_louis_lambert,MidAmerica to St. Louis Lambert,w_0254,0.6,0.0,0.1,0.3,71.90290045169874,63.78331738355447,96,dbscan_014,dbscan_noise_055
stl_midamerica_to_st_louis_lambert_2026-01-10_0255,midamerica_to_st_louis_lambert,MidAmerica to St. Louis Lambert,w_0255,0.6,0.0,0.2,0.2,72.45443891616466,60.567782147878845,96,dbscan_001,dbscan_006
stl_midamerica_to_st_louis_lambert_2026-01-10_0256,midamerica_to_st_louis_lambert,MidAmerica to St. Louis Lambert,w_0256,0.6,0.0,0.3,0.1,72.4722063486134,57.04178174887832,96,dbscan_012,dbscan_noise_060
stl_midamerica_to_st_louis_lambert_2026-01-10_0257,midamerica_to_st_louis_lambert,MidAmerica to St. Louis Lambert,w_0257,0.6,0.0,0.4,0.0,72.4722063486134,53.17030570324229,96,dbscan_012,dbscan_noise_060
stl_midamerica_to_st_louis_lambert_2026-01-10_0258,midamerica_to_st_louis_lambert,MidAmerica to St. Louis Lambert,w_0258,0.6,0.1,0.0,0.3,71.91755552376524,64.20598071632385,96,dbscan_005,dbscan_005
stl_midamerica_to_st_louis_lambert_2026-01-10_0259,midamerica_to_st_louis_lambert,MidAmerica to St. Louis Lambert,w_0259,0.6,0.1,0.1,0.2,71.92443211523093,61.47266672461227,96,dbscan_001,dbscan_006
stl_midamerica_to_st_louis_lambert_2026-01-10_0260,midamerica_to_st_louis_lambert,MidAmerica to St. Louis Lambert,w_0260,0.6,0.1,0.2,0.1,72.46049392617607,58.239818652011294,96,dbscan_001,dbscan_006
stl_midamerica_to_st_louis_lambert_2026-01-10_0261,midamerica_to_st_louis_lambert,MidAmerica to St. Louis Lambert,w_0261,0.6,0.1,0.3,0.0,72.45690273202482,54.38415884550394,96,dbscan_001,dbscan_006
stl_midamerica_to_st_louis_lambert_2026-01-10_0262,midamerica_to_st_louis_lambert,MidAmerica to St. Louis Lambert,w_0262,0.6,0.2,0.0,0.2,72.30002205185355,61.54267640356343,97,dbscan_003,dbscan_011
stl_midamerica_to_st_louis_lambert_2026-01-10_0263,midamerica_to_st_louis_lambert,MidAmerica to St. Louis Lambert,w_0263,0.6,0.2,0.1,0.1,72.31022286865641,58.71837691007444,97,dbscan_002,dbscan_012
stl_midamerica_to_st_louis_lambert_2026-01-10_0264,midamerica_to_st_louis_lambert,MidAmerica to St. Louis Lambert,w_0264,0.6,0.2,0.2,0.0,72.45547097703826,55.38761895111393,96,dbscan_001,dbscan_006
stl_midamerica_to_st_louis_lambert_2026-01-10_0265,midamerica_to_st_louis_lambert,MidAmerica to St. Louis Lambert,w_0265,0.6,0.3,0.0,0.1,72.30407808706627,58.30438295000542,97,dbscan_003,dbscan_011
stl_midamerica_to_st_louis_lambert_2026-01-10_0266,midamerica_to_st_louis_lambert,MidAmerica to St. Louis Lambert,w_0266,0.6,0.3,0.1,0.0,72.30940544847888,55.54894811397875,97,dbscan_002,dbscan_012
stl_midamerica_to_st_louis_lambert_2026-01-10_0267,midamerica_to_st_louis_lambert,MidAmerica to St. Louis Lambert,w_0267,0.6,0.4,0.0,0.0,72.67568351997362,54.9513864063023,98,dbscan_003,dbscan_011
stl_midamerica_to_st_louis_lambert_2026-01-10_0268,midamerica_to_st_louis_lambert,MidAmerica to St. Louis Lambert,w_0268,0.7,0.0,0.0,0.3,71.90057520712594,69.25186294003726,96,dbscan_008,dbscan_noise_025
stl_midamerica_to_st_louis_lambert_2026-01-10_0269,midamerica_to_st_louis_lambert,MidAmerica to St. Louis Lambert,w_0269,0.7,0.0,0.1,0.2,71.9195764442568,66.84034400554,96,dbscan_001,dbscan_006
stl_midamerica_to_st_louis_lambert_2026-01-10_0270,midamerica_to_st_louis_lambert,MidAmerica to St. Louis Lambert,w_0270,0.7,0.0,0.2,0.1,71.9195764442568,63.634186607862034,96,dbscan_001,dbscan_006
stl_midamerica_to_st_louis_lambert_2026-01-10_0271,midamerica_to_st_louis_lambert,MidAmerica to St. Louis Lambert,w_0271,0.7,0.0,0.3,0.0,72.4722063486134,59.817816729842725,96,dbscan_012,dbscan_noise_060
stl_midamerica_to_st_louis_lambert_2026-01-10_0272,midamerica_to_st_louis_lambert,MidAmerica to St. Louis Lambert,w_0272,0.7,0.1,0.0,0.2,71.91755552376524,67.3609727871286,96,dbscan_005,dbscan_005
stl_midamerica_to_st_louis_lambert_2026-01-10_0273,midamerica_to_st_louis_lambert,MidAmerica to St. Louis Lambert,w_0273,0.7,0.1,0.1,0.1,71.92443211523093,64.50841560877822,96,dbscan_001,dbscan_006
stl_midamerica_to_st_louis_lambert_2026-01-10_0274,midamerica_to_st_louis_lambert,MidAmerica to St. Louis Lambert,w_0274,0.7,0.1,0.2,0.0,71.92270597859506,60.96633266475572,96,dbscan_001,dbscan_006
stl_midamerica_to_st_louis_lambert_2026-01-10_0275,midamerica_to_st_louis_lambert,MidAmerica to St. Louis Lambert,w_0275,0.7,0.2,0.0,0.1,72.30407808706627,64.44884943552863,97,dbscan_003,dbscan_011
stl_midamerica_to_st_louis_lambert_2026-01-10_0276,midamerica_to_st_louis_lambert,MidAmerica to St. Louis Lambert,w_0276,0.7,0.2,0.1,0.0,72.31022286865641,61.556584561534606,97,dbscan_002,dbscan_012
stl_midamerica_to_st_louis_lambert_2026-01-10_0277,midamerica_to_st_louis_lambert,MidAmerica to St. Louis Lambert,w_0277,0.7,0.3,0.0,0.0,72.30407808706627,61.14191432851375,97,dbscan_003,dbscan_011
stl_midamerica_to_st_louis_lambert_2026-01-10_0278,midamerica_to_st_louis_lambert,MidAmerica to St. Louis Lambert,w_0278,0.8,0.0,0.0,0.2,71.90057520712594,72.54498621718544,96,dbscan_008,dbscan_noise_025
stl_midamerica_to_st_louis_lambert_2026-01-10_0279,midamerica_to_st_louis_lambert,MidAmerica to St. Louis Lambert,w_0279,0.8,0.0,0.1,0.1,71.9195764442568,69.875558491714,96,dbscan_001,dbscan_006
stl_midamerica_to_st_louis_lambert_2026-01-10_0280,midamerica_to_st_louis_lambert,MidAmerica to St. Louis Lambert,w_0280,0.8,0.0,0.2,0.0,71.93734387670554,66.3787875823548,96,dbscan_002,dbscan_012
stl_midamerica_to_st_louis_lambert_2026-01-10_0281,midamerica_to_st_louis_lambert,MidAmerica to St. Louis Lambert,w_0281,0.8,0.1,0.0,0.1,71.92497289546162,70.42229144411164,96,dbscan_003,dbscan_011
stl_midamerica_to_st_louis_lambert_2026-01-10_0282,midamerica_to_st_louis_lambert,MidAmerica to St. Louis Lambert,w_0282,0.8,0.1,0.1,0.0,71.9212742236085,67.29042529159449,96,dbscan_001,dbscan_006
stl_midamerica_to_st_louis_lambert_2026-01-10_0283,midamerica_to_st_louis_lambert,MidAmerica to St. Louis Lambert,w_0283,0.8,0.2,0.0,0.0,71.92164999407072,67.25269820369138,96,dbscan_026,dbscan_noise_061
stl_midamerica_to_st_louis_lambert_2026-01-10_0284,midamerica_to_st_louis_lambert,MidAmerica to St. Louis Lambert,w_0284,0.9,0.0,0.0,0.1,71.90057520712594,75.83810949433362,96,dbscan_008,dbscan_noise_025
stl_midamerica_to_st_louis_lambert_2026-01-10_0285,midamerica_to_st_louis_lambert,MidAmerica to St. Louis Lambert,w_0285,0.9,0.0,0.1,0.0,71.93734387670554,72.77524332625555,96,dbscan_002,dbscan_012
stl_midamerica_to_st_louis_lambert_2026-01-10_0286,midamerica_to_st_louis_lambert,MidAmerica to St. Louis Lambert,w_0286,0.9,0.1,0.0,0.0,71.92164999407072,73.20356257054824,96,dbscan_026,dbscan_noise_061
stl_midamerica_to_st_louis_lambert_2026-01-10_0287,midamerica_to_st_louis_lambert,MidAmerica to St. Louis Lambert,w_0287,1.0,0.0,0.0,0.0,71.87414934300483,79.10214939907578,96,dbscan_074,dbscan_noise_062
stl_midamerica_to_st_louis_union_station_2026-01-10_0001,midamerica_to_st_louis_union_station,MidAmerica to St. Louis Union Station,w_0001,0.0,0.0,0.0,1.0,74.84549698294418,21.60000000000001,89,dbscan_014,dbscan_noise_001
stl_midamerica_to_st_louis_union_station_2026-01-10_0002,midamerica_to_st_louis_union_station,MidAmerica to St. Louis Union Station,w_0002,0.0,0.0,0.1,0.9,76.96804882161557,20.88812925662282,89,dbscan_009,dbscan_noise_002
stl_midamerica_to_st_louis_union_station_2026-01-10_0003,midamerica_to_st_louis_union_station,MidAmerica to St. Louis Union Station,w_0003,0.0,0.0,0.2,0.8,76.96804882161557,20.176258513245628,89,dbscan_009,dbscan_noise_002
stl_midamerica_to_st_louis_union_station_2026-01-10_0004,midamerica_to_st_louis_union_station,MidAmerica to St. Louis Union Station,w_0004,0.0,0.0,0.3,0.7,105.23694849633972,19.38554472656275,130,dbscan_008,dbscan_noise_003
stl_midamerica_to_st_louis_union_station_2026-01-10_0005,midamerica_to_st_louis_union_station,MidAmerica to St. Louis Union Station,w_0005,0.0,0.0,0.4,0.6,105.23694849633972,17.847392968750327,130,dbscan_008,dbscan_noise_003
stl_midamerica_to_st_louis_union_station_2026-01-10_0006,midamerica_to_st_louis_union_station,MidAmerica to St. Louis Union Station,w_0006,0.0,0.0,0.5,0.5,105.23694849633972,16.309241210937905,130,dbscan_008,dbscan_noise_003
stl_midamerica_to_st_louis_union_station_2026-01-10_0007,midamerica_to_st_louis_union_station,MidAmerica to St. Louis Union Station,w_0007,0.0,0.0,0.6,0.4,107.95129871876996,14.699486761546025,133,dbscan_015,dbscan_noise_004
stl_midamerica_to_st_louis_union_station_2026-01-10_0008,midamerica_to_st_louis_union_station,MidAmerica to St. Louis Union Station,w_0008,0.0,0.0,0.7,0.3,108.85976517932424,12.77492042292382,134,dbscan_016,dbscan_noise_005
stl_midamerica_to_st_louis_union_station_2026-01-10_0009,midamerica_to_st_louis_union_station,MidAmerica to St. Louis Union Station,w_0009,0.0,0.0,0.8,0.2,107.80573576914831,10.573653696932896,134,dbscan_010,dbscan_noise_006
stl_midamerica_to_st_louis_union_station_2026-01-10_0010,midamerica_to_st_louis_union_station,MidAmerica to St. Louis Union Station,w_0010,0.0,0.0,0.9,0.1,107.80573576914831,8.295360409049504,134,dbscan_010,dbscan_noise_006
stl_midamerica_to_st_louis_union_station_2026-01-10_0011,midamerica_to_st_louis_union_station,MidAmerica to St. Louis Union Station,w_0011,0.0,0.0,1.0,0.0,120.7381739443015,3.6018742535093216,145,dbscan_017,dbscan_noise_007
stl_midamerica_to_st_louis_union_station_2026-01-10_0012,midamerica_to_st_louis_union_station,MidAmerica to St. Louis Union Station,w_0012,0.0,0.1,0.0,0.9,71.94365013816504,20.453600093372984,89,dbscan_005,dbscan_001
stl_midamerica_to_st_louis_union_station_2026-01-10_0013,midamerica_to_st_louis_union_station,MidAmerica to St. Louis Union Station,w_0013,0.0,0.1,0.1,0.8,80.81149348604245,20.08042615365227,97,dbscan_018,dbscan_noise_008
stl_midamerica_to_st_louis_union_station_2026-01-10_0014,midamerica_to_st_louis_union_station,MidAmerica to St. Louis Union Station,w_0014,0.0,0.1,0.2,0.7,81.34772179800483,19.361269135876796,97,dbscan_007,dbscan_noise_009
stl_midamerica_to_st_louis_union_station_2026-01-10_0015,midamerica_to_st_louis_union_station,MidAmerica to St. Louis Union Station,w_0015,0.0,0.1,0.3,0.6,81.34772179800483,18.51522830997851,97,dbscan_007,dbscan_noise_009
stl_midamerica_to_st_louis_union_station_2026-01-10_0016,midamerica_to_st_louis_union_station,MidAmerica to St. Louis Union Station,w_0016,0.0,0.1,0.4,0.5,103.75300152087284,17.35539995331319,127,dbscan_004,dbscan_002
stl_midamerica_to_st_louis_union_station_2026-01-10_0017,midamerica_to_st_louis_union_station,MidAmerica to St. Louis Union Station,w_0017,0.0,0.1,0.5,0.4,103.75300152087284,15.82818078952943,127,dbscan_004,dbscan_002
stl_midamerica_to_st_louis_union_station_2026-01-10_0018,midamerica_to_st_louis_union_station,MidAmerica to St. Louis Union Station,w_0018,0.0,0.1,0.6,0.3,102.69779463721734,14.24662567235528,127,dbscan_004,dbscan_002
stl_midamerica_to_st_louis_union_station_2026-01-10_0019,midamerica_to_st_louis_union_station,MidAmerica to St. Louis Union Station,w_0019,0.0,0.1,0.7,0.2,102.69777952719772,12.3007910483353,127,dbscan_004,dbscan_002
stl_midamerica_to_st_louis_union_station_2026-01-10_0020,midamerica_to_st_louis_union_station,MidAmerica to St. Louis Union Station,w_0020,0.0,0.1,0.8,0.1,102.69790644824786,10.311195161570003,127,dbscan_004,dbscan_002
stl_midamerica_to_st_louis_union_station_2026-01-10_0021,midamerica_to_st_louis_union_station,MidAmerica to St. Louis Union Station,w_0021,0.0,0.1,0.9,0.0,136.78043178944603,6.659290298921499,168,dbscan_019,dbscan_noise_010
stl_midamerica_to_st_louis_union_station_2026-01-10_0022,midamerica_to_st_louis_union_station,MidAmerica to St. Louis Union Station,w_0022,0.0,0.2,0.0,0.8,71.94365013816504,19.30720018674596,89,dbscan_005,dbscan_001
stl_midamerica_to_st_louis_union_station_2026-01-10_0023,midamerica_to_st_louis_union_station,MidAmerica to St. Louis Union Station,w_0023,0.0,0.2,0.1,0.7,74.61284784956902,18.98489336170735,89,dbscan_005,dbscan_001
stl_midamerica_to_st_louis_union_station_2026-01-10_0024,midamerica_to_st_louis_union_station,MidAmerica to St. Louis Union Station,w_0024,0.0,0.2,0.2,0.6,81.34772179800483,18.214619923550146,97,dbscan_007,dbscan_noise_009
stl_midamerica_to_st_louis_union_station_2026-01-10_0025,midamerica_to_st_louis_union_station,MidAmerica to St. Louis Union Station,w_0025,0.0,0.2,0.3,0.5,81.34772179800483,17.36857909765186,97,dbscan_007,dbscan_noise_009
stl_midamerica_to_st_louis_union_station_2026-01-10_0026,midamerica_to_st_louis_union_station,MidAmerica to St. Louis Union Station,w_0026,0.0,0.2,0.4,0.4,81.34772179800483,16.522538271753575,97,dbscan_007,dbscan_noise_009
stl_midamerica_to_st_louis_union_station_2026-01-10_0027,midamerica_to_st_louis_union_station,MidAmerica to St. Louis Union Station,w_0027,0.0,0.2,0.5,0.3,102.69777952719772,14.7598419592356,127,dbscan_004,dbscan_002
stl_midamerica_to_st_louis_union_station_2026-01-10_0028,midamerica_to_st_louis_union_station,MidAmerica to St. Louis Union Station,w_0028,0.0,0.2,0.6,0.2,102.69777952719772,12.786701974506157,127,dbscan_004,dbscan_002
stl_midamerica_to_st_louis_union_station_2026-01-10_0029,midamerica_to_st_louis_union_station,MidAmerica to St. Louis Union Station,w_0029,0.0,0.2,0.7,0.1,102.697744197109,10.74037775859494,127,dbscan_004,dbscan_002
stl_midamerica_to_st_louis_union_station_2026-01-10_0030,midamerica_to_st_louis_union_station,MidAmerica to St. Louis Union Station,w_0030,0.0,0.2,0.8,0.0,103.22523277448336,8.501577539274,127,dbscan_004,dbscan_002
stl_midamerica_to_st_louis_union_station_2026-01-10_0031,midamerica_to_st_louis_union_station,MidAmerica to St. Louis Union Station,w_0031,0.0,0.3,0.0,0.7,71.94365013816504,18.160800280118927,89,dbscan_005,dbscan_001
stl_midamerica_to_st_louis_union_station_2026-01-10_0032,midamerica_to_st_louis_union_station,MidAmerica to St. Louis Union Station,w_0032,0.0,0.3,0.1,0.6,74.61669677456862,17.869931408800745,89,dbscan_005,dbscan_001
stl_midamerica_to_st_louis_union_station_2026-01-10_0033,midamerica_to_st_louis_union_station,MidAmerica to St. Louis Union Station,w_0033,0.0,0.3,0.2,0.5,75.14907616153137,17.051266188862222,89,dbscan_005,dbscan_001
stl_midamerica_to_st_louis_union_station_2026-01-10_0034,midamerica_to_st_louis_union_station,MidAmerica to St. Louis Union Station,w_0034,0.0,0.3,0.3,0.4,81.34772179800483,16.22192988532521,97,dbscan_007,dbscan_noise_009
stl_midamerica_to_st_louis_union_station_2026-01-10_0035,midamerica_to_st_louis_union_station,MidAmerica to St. Louis Union Station,w_0035,0.0,0.3,0.4,0.3,102.69762150720528,14.954524972041888,127,dbscan_004,dbscan_002
stl_midamerica_to_st_louis_union_station_2026-01-10_0036,midamerica_to_st_louis_union_station,MidAmerica to St. Louis Union Station,w_0036,0.0,0.3,0.5,0.2,102.6976038319398,12.911858052798983,127,dbscan_004,dbscan_002
stl_midamerica_to_st_louis_union_station_2026-01-10_0037,midamerica_to_st_louis_union_station,MidAmerica to St. Louis Union Station,w_0037,0.0,0.3,0.6,0.1,102.69761727605884,10.843524102325391,127,dbscan_004,dbscan_002
stl_midamerica_to_st_louis_union_station_2026-01-10_0038,midamerica_to_st_louis_union_station,MidAmerica to St. Louis Union Station,w_0038,0.0,0.3,0.7,0.0,103.22523277448336,8.610872923014567,127,dbscan_004,dbscan_002
stl_midamerica_to_st_louis_union_station_2026-01-10_0039,midamerica_to_st_louis_union_station,MidAmerica to St. Louis Union Station,w_0039,0.0,0.4,0.0,0.6,71.94365013816504,17.0144003734919,89,dbscan_005,dbscan_001
stl_midamerica_to_st_louis_union_station_2026-01-10_0040,midamerica_to_st_louis_union_station,MidAmerica to St. Louis Union Station,w_0040,0.0,0.4,0.1,0.5,72.48214998836376,16.664956666283366,89,dbscan_005,dbscan_001
stl_midamerica_to_st_louis_union_station_2026-01-10_0041,midamerica_to_st_louis_union_station,MidAmerica to St. Louis Union Station,w_0041,0.0,0.4,0.2,0.4,75.14907616153137,15.882157811756864,89,dbscan_005,dbscan_001
stl_midamerica_to_st_louis_union_station_2026-01-10_0042,midamerica_to_st_louis_union_station,MidAmerica to St. Louis Union Station,w_0042,0.0,0.4,0.3,0.3,102.69762150720528,14.946700493683784,127,dbscan_004,dbscan_002
stl_midamerica_to_st_louis_union_station_2026-01-10_0043,midamerica_to_st_louis_union_station,MidAmerica to St. Louis Union Station,w_0043,0.0,0.4,0.4,0.2,102.69762150720528,12.91498598041467,127,dbscan_004,dbscan_002
stl_midamerica_to_st_louis_union_station_2026-01-10_0044,midamerica_to_st_louis_union_station,MidAmerica to St. Louis Union Station,w_0044,0.0,0.4,0.5,0.1,102.69762150720528,10.883271467145557,127,dbscan_004,dbscan_002
stl_midamerica_to_st_louis_union_station_2026-01-10_0045,midamerica_to_st_louis_union_station,MidAmerica to St. Louis Union Station,w_0045,0.0,0.4,0.6,0.0,103.2252370056298,8.70364463841508,127,dbscan_004,dbscan_002
stl_midamerica_to_st_louis_union_station_2026-01-10_0046,midamerica_to_st_louis_union_station,MidAmerica to St. Louis Union Station,w_0046,0.0,0.5,0.0,0.5,71.94365013816504,15.86800046686487,89,dbscan_005,dbscan_001
stl_midamerica_to_st_louis_union_station_2026-01-10_0047,midamerica_to_st_louis_union_station,MidAmerica to St. Louis Union Station,w_0047,0.0,0.5,0.1,0.4,71.41278490107996,15.439756707221877,89,dbscan_005,dbscan_001
stl_midamerica_to_st_louis_union_station_2026-01-10_0048,midamerica_to_st_louis_union_station,MidAmerica to St. Louis Union Station,w_0048,0.0,0.5,0.2,0.3,75.14907616153137,14.713049434651502,89,dbscan_005,dbscan_001
stl_midamerica_to_st_louis_union_station_2026-01-10_0049,midamerica_to_st_louis_union_station,MidAmerica to St. Louis Union Station,w_0049,0.0,0.5,0.3,0.2,102.69762150720528,12.907161502056567,127,dbscan_004,dbscan_002
stl_midamerica_to_st_louis_union_station_2026-01-10_0050,midamerica_to_st_louis_union_station,MidAmerica to St. Louis Union Station,w_0050,0.0,0.5,0.4,0.1,102.69762150720528,10.875446988787452,127,dbscan_004,dbscan_002
stl_midamerica_to_st_louis_union_station_2026-01-10_0051,midamerica_to_st_louis_union_station,MidAmerica to St. Louis Union Station,w_0051,0.0,0.5,0.5,0.0,103.2252370056298,8.708868114348459,127,dbscan_004,dbscan_002
stl_midamerica_to_st_louis_union_station_2026-01-10_0052,midamerica_to_st_louis_union_station,MidAmerica to St. Louis Union Station,w_0052,0.0,0.6,0.0,0.4,70.35339602464116,14.586548565376532,89,dbscan_020,dbscan_noise_011
stl_midamerica_to_st_louis_union_station_2026-01-10_0053,midamerica_to_st_louis_union_station,MidAmerica to St. Louis Union Station,w_0053,0.0,0.6,0.1,0.3,80.28163912251182,13.982653934748193,96,dbscan_006,dbscan_003
stl_midamerica_to_st_louis_union_station_2026-01-10_0054,midamerica_to_st_louis_union_station,MidAmerica to St. Louis Union Station,w_0054,0.0,0.6,0.2,0.2,80.65681944593051,12.349318157457418,97,dbscan_006,dbscan_003
stl_midamerica_to_st_louis_union_station_2026-01-10_0055,midamerica_to_st_louis_union_station,MidAmerica to St. Louis Union Station,w_0055,0.0,0.6,0.3,0.1,82.83731947346239,10.642152413661789,100,dbscan_006,dbscan_003
stl_midamerica_to_st_louis_union_station_2026-01-10_0056,midamerica_to_st_louis_union_station,MidAmerica to St. Louis Union Station,w_0056,0.0,0.6,0.4,0.0,87.20235066731519,8.535106796120694,106,dbscan_006,dbscan_003
stl_midamerica_to_st_louis_union_station_2026-01-10_0057,midamerica_to_st_louis_union_station,MidAmerica to St. Louis Union Station,w_0057,0.0,0.7,0.0,0.3,69.28710506487343,13.012907806960738,89,dbscan_021,dbscan_noise_012
stl_midamerica_to_st_louis_union_station_2026-01-10_0058,midamerica_to_st_louis_union_station,MidAmerica to St. Louis Union Station,w_0058,0.0,0.7,0.1,0.2,80.28163912251182,11.582726896800022,96,dbscan_006,dbscan_003
stl_midamerica_to_st_louis_union_station_2026-01-10_0059,midamerica_to_st_louis_union_station,MidAmerica to St. Louis Union Station,w_0059,0.0,0.7,0.2,0.1,80.65678067393357,9.958757726239464,97,dbscan_006,dbscan_003
stl_midamerica_to_st_louis_union_station_2026-01-10_0060,midamerica_to_st_louis_union_station,MidAmerica to St. Louis Union Station,w_0060,0.0,0.7,0.3,0.0,85.92630053769177,7.994295652848759,104,dbscan_006,dbscan_003
stl_midamerica_to_st_louis_union_station_2026-01-10_0061,midamerica_to_st_louis_union_station,MidAmerica to St. Louis Union Station,w_0061,0.0,0.8,0.0,0.2,80.28165246573795,10.800583696414645,96,dbscan_006,dbscan_003
stl_midamerica_to_st_louis_union_station_2026-01-10_0062,midamerica_to_st_louis_union_station,MidAmerica to St. Louis Union Station,w_0062,0.0,0.8,0.1,0.1,80.28163912251182,9.182799858851851,96,dbscan_006,dbscan_003
stl_midamerica_to_st_louis_union_station_2026-01-10_0063,midamerica_to_st_louis_union_station,MidAmerica to St. Louis Union Station,w_0063,0.0,0.8,0.2,0.0,82.30603668627855,7.366954721902991,100,dbscan_006,dbscan_003
stl_midamerica_to_st_louis_union_station_2026-01-10_0064,midamerica_to_st_louis_union_station,MidAmerica to St. Louis Union Station,w_0064,0.0,0.9,0.0,0.1,81.18410160641125,8.363538711239034,97,dbscan_006,dbscan_003
stl_midamerica_to_st_louis_union_station_2026-01-10_0065,midamerica_to_st_louis_union_station,MidAmerica to St. Louis Union Station,w_0065,0.0,0.9,0.1,0.0,82.68124613056803,6.640094128076454,101,dbscan_006,dbscan_003
stl_midamerica_to_st_louis_union_station_2026-01-10_0066,midamerica_to_st_louis_union_station,MidAmerica to St. Louis Union Station,w_0066,0.0,1.0,0.0,0.0,82.30749957466145,5.704396135456905,100,dbscan_006,dbscan_003
stl_midamerica_to_st_louis_union_station_2026-01-10_0067,midamerica_to_st_louis_union_station,MidAmerica to St. Louis Union Station,w_0067,0.1,0.0,0.0,0.9,46.683328700980354,25.477802221113198,67,dbscan_001,dbscan_004
stl_midamerica_to_st_louis_union_station_2026-01-10_0068,midamerica_to_st_louis_union_station,MidAmerica to St. Louis Union Station,w_0068,0.1,0.0,0.1,0.8,48.82097818300802,25.00083205708226,67,dbscan_001,dbscan_004
stl_midamerica_to_st_louis_union_station_2026-01-10_0069,midamerica_to_st_louis_union_station,MidAmerica to St. Louis Union Station,w_0069,0.1,0.0,0.2,0.7,48.82097818300802,24.288599743536,67,dbscan_001,dbscan_004
stl_midamerica_to_st_louis_union_station_2026-01-10_0070,midamerica_to_st_louis_union_station,MidAmerica to St. Louis Union Station,w_0070,0.1,0.0,0.3,0.6,48.288224159333815,23.430109022780208,67,dbscan_001,dbscan_004
stl_midamerica_to_st_louis_union_station_2026-01-10_0071,midamerica_to_st_louis_union_station,MidAmerica to St. Louis Union Station,w_0071,0.1,0.0,0.4,0.5,48.288224159333815,22.5086682486926,67,dbscan_001,dbscan_004
stl_midamerica_to_st_louis_union_station_2026-01-10_0072,midamerica_to_st_louis_union_station,MidAmerica to St. Louis Union Station,w_0072,0.1,0.0,0.5,0.4,48.288224159333815,21.587227474604997,67,dbscan_001,dbscan_004
stl_midamerica_to_st_louis_union_station_2026-01-10_0073,midamerica_to_st_louis_union_station,MidAmerica to St. Louis Union Station,w_0073,0.1,0.0,0.6,0.3,50.42274137389968,20.634768669031224,67,dbscan_001,dbscan_004
stl_midamerica_to_st_louis_union_station_2026-01-10_0074,midamerica_to_st_louis_union_station,MidAmerica to St. Louis Union Station,w_0074,0.1,0.0,0.7,0.2,77.02498434823985,18.88854622342015,100,dbscan_011,dbscan_noise_013
stl_midamerica_to_st_louis_union_station_2026-01-10_0075,midamerica_to_st_louis_union_station,MidAmerica to St. Louis Union Station,w_0075,0.1,0.0,0.8,0.1,77.02498434823985,16.8530388778665,100,dbscan_011,dbscan_noise_013
stl_midamerica_to_st_louis_union_station_2026-01-10_0076,midamerica_to_st_louis_union_station,MidAmerica to St. Louis Union Station,w_0076,0.1,0.0,0.9,0.0,80.54604110814653,14.517869987704463,108,dbscan_022,dbscan_noise_014
stl_midamerica_to_st_louis_union_station_2026-01-10_0077,midamerica_to_st_louis_union_station,MidAmerica to St. Louis Union Station,w_0077,0.1,0.1,0.0,0.8,50.26499556893611,25.05124017127677,68,dbscan_001,dbscan_004
stl_midamerica_to_st_louis_union_station_2026-01-10_0078,midamerica_to_st_louis_union_station,MidAmerica to St. Louis Union Station,w_0078,0.1,0.1,0.1,0.7,49.19576341315021,24.625104988594465,68,dbscan_001,dbscan_004
stl_midamerica_to_st_louis_union_station_2026-01-10_0079,midamerica_to_st_louis_union_station,MidAmerica to St. Louis Union Station,w_0079,0.1,0.1,0.2,0.6,49.195995656591215,23.94576710276681,68,dbscan_001,dbscan_004
stl_midamerica_to_st_louis_union_station_2026-01-10_0080,midamerica_to_st_louis_union_station,MidAmerica to St. Louis Union Station,w_0080,0.1,0.1,0.3,0.5,49.19590410379824,23.05927822304841,68,dbscan_001,dbscan_004
stl_midamerica_to_st_louis_union_station_2026-01-10_0081,midamerica_to_st_louis_union_station,MidAmerica to St. Louis Union Station,w_0081,0.1,0.1,0.4,0.4,51.33079496106266,22.14611453006942,68,dbscan_001,dbscan_004
stl_midamerica_to_st_louis_union_station_2026-01-10_0082,midamerica_to_st_louis_union_station,MidAmerica to St. Louis Union Station,w_0082,0.1,0.1,0.5,0.3,51.33079496106266,21.182526530258663,68,dbscan_001,dbscan_004
stl_midamerica_to_st_louis_union_station_2026-01-10_0083,midamerica_to_st_louis_union_station,MidAmerica to St. Louis Union Station,w_0083,0.1,0.1,0.6,0.2,72.34694570387488,19.82697470035731,96,dbscan_012,dbscan_noise_015
stl_midamerica_to_st_louis_union_station_2026-01-10_0084,midamerica_to_st_louis_union_station,MidAmerica to St. Louis Union Station,w_0084,0.1,0.1,0.7,0.1,72.34694570387488,17.753834715627864,96,dbscan_012,dbscan_noise_015
stl_midamerica_to_st_louis_union_station_2026-01-10_0085,midamerica_to_st_louis_union_station,MidAmerica to St. Louis Union Station,w_0085,0.1,0.1,0.8,0.0,72.87398542845028,15.662242958878291,96,dbscan_023,dbscan_noise_016
stl_midamerica_to_st_louis_union_station_2026-01-10_0086,midamerica_to_st_louis_union_station,MidAmerica to St. Louis Union Station,w_0086,0.1,0.2,0.0,0.7,50.79822797046764,24.213670939905384,68,dbscan_001,dbscan_004
stl_midamerica_to_st_louis_union_station_2026-01-10_0087,midamerica_to_st_louis_union_station,MidAmerica to St. Louis Union Station,w_0087,0.1,0.2,0.1,0.6,50.26538408054344,23.874968089831704,68,dbscan_001,dbscan_004
stl_midamerica_to_st_louis_union_station_2026-01-10_0088,midamerica_to_st_louis_union_station,MidAmerica to St. Louis Union Station,w_0088,0.1,0.2,0.2,0.5,50.7987553882507,23.099983777863173,68,dbscan_001,dbscan_004
stl_midamerica_to_st_louis_union_station_2026-01-10_0089,midamerica_to_st_louis_union_station,MidAmerica to St. Louis Union Station,w_0089,0.1,0.2,0.3,0.4,50.7987553882507,22.323122831910126,68,dbscan_001,dbscan_004
stl_midamerica_to_st_louis_union_station_2026-01-10_0090,midamerica_to_st_louis_union_station,MidAmerica to St. Louis Union Station,w_0090,0.1,0.2,0.4,0.3,51.92205316468165,21.36432536861711,71,dbscan_001,dbscan_004
stl_midamerica_to_st_louis_union_station_2026-01-10_0091,midamerica_to_st_louis_union_station,MidAmerica to St. Louis Union Station,w_0091,0.1,0.2,0.5,0.2,55.52805700261535,20.15749209638312,68,dbscan_002,dbscan_005
stl_midamerica_to_st_louis_union_station_2026-01-10_0092,midamerica_to_st_louis_union_station,MidAmerica to St. Louis Union Station,w_0092,0.1,0.2,0.6,0.1,71.59561976187723,18.223889974384864,94,dbscan_024,dbscan_noise_017
stl_midamerica_to_st_louis_union_station_2026-01-10_0093,midamerica_to_st_louis_union_station,MidAmerica to St. Louis Union Station,w_0093,0.1,0.2,0.7,0.0,69.94630773298981,15.878887456983296,91,dbscan_025,dbscan_noise_018
stl_midamerica_to_st_louis_union_station_2026-01-10_0094,midamerica_to_st_louis_union_station,MidAmerica to St. Louis Union Station,w_0094,0.1,0.3,0.0,0.6,50.79822797046764,23.35516966162613,68,dbscan_001,dbscan_004
stl_midamerica_to_st_louis_union_station_2026-01-10_0095,midamerica_to_st_louis_union_station,MidAmerica to St. Louis Union Station,w_0095,0.1,0.3,0.1,0.5,50.26538408054344,22.96645515361549,68,dbscan_001,dbscan_004
stl_midamerica_to_st_louis_union_station_2026-01-10_0096,midamerica_to_st_louis_union_station,MidAmerica to St. Louis Union Station,w_0096,0.1,0.3,0.2,0.4,51.92368045960235,22.18526329375242,71,dbscan_001,dbscan_004
stl_midamerica_to_st_louis_union_station_2026-01-10_0097,midamerica_to_st_louis_union_station,MidAmerica to St. Louis Union Station,w_0097,0.1,0.3,0.3,0.3,51.92368045960235,21.234429156387417,71,dbscan_001,dbscan_004
stl_midamerica_to_st_louis_union_station_2026-01-10_0098,midamerica_to_st_louis_union_station,MidAmerica to St. Louis Union Station,w_0098,0.1,0.3,0.4,0.2,55.52805700261535,19.60206069797296,68,dbscan_002,dbscan_005
stl_midamerica_to_st_louis_union_station_2026-01-10_0099,midamerica_to_st_louis_union_station,MidAmerica to St. Louis Union Station,w_0099,0.1,0.3,0.5,0.1,55.52805700261535,17.781651144302046,68,dbscan_002,dbscan_005
stl_midamerica_to_st_louis_union_station_2026-01-10_0100,midamerica_to_st_louis_union_station,MidAmerica to St. Louis Union Station,w_0100,0.1,0.3,0.6,0.0,59.421960507250105,15.691580536726864,77,dbscan_002,dbscan_005
stl_midamerica_to_st_louis_union_station_2026-01-10_0101,midamerica_to_st_louis_union_station,MidAmerica to St. Louis Union Station,w_0101,0.1,0.4,0.0,0.5,68.74647754525698,22.4203948056394,89,dbscan_005,dbscan_001
stl_midamerica_to_st_louis_union_station_2026-01-10_0102,midamerica_to_st_louis_union_station,MidAmerica to St. Louis Union Station,w_0102,0.1,0.4,0.1,0.4,51.39038728443733,21.9866169849194,71,dbscan_001,dbscan_004
stl_midamerica_to_st_louis_union_station_2026-01-10_0103,midamerica_to_st_louis_union_station,MidAmerica to St. Louis Union Station,w_0103,0.1,0.4,0.2,0.3,55.52805700261535,20.867038853233723,68,dbscan_002,dbscan_005
stl_midamerica_to_st_louis_union_station_2026-01-10_0104,midamerica_to_st_louis_union_station,MidAmerica to St. Louis Union Station,w_0104,0.1,0.4,0.3,0.2,55.52805700261535,19.04662929956281,68,dbscan_002,dbscan_005
stl_midamerica_to_st_louis_union_station_2026-01-10_0105,midamerica_to_st_louis_union_station,MidAmerica to St. Louis Union Station,w_0105,0.1,0.4,0.4,0.1,55.52805700261535,17.226219745891896,68,dbscan_002,dbscan_005
stl_midamerica_to_st_louis_union_station_2026-01-10_0106,midamerica_to_st_louis_union_station,MidAmerica to St. Louis Union Station,w_0106,0.1,0.4,0.5,0.0,57.92493678292097,15.241820009790432,73,dbscan_002,dbscan_005
stl_midamerica_to_st_louis_union_station_2026-01-10_0107,midamerica_to_st_louis_union_station,MidAmerica to St. Louis Union Station,w_0107,0.1,0.5,0.0,0.4,66.6216644425635,21.14627978251174,89,dbscan_026,dbscan_noise_019
stl_midamerica_to_st_louis_union_station_2026-01-10_0108,midamerica_to_st_louis_union_station,MidAmerica to St. Louis Union Station,w_0108,0.1,0.5,0.1,0.3,55.5269973154084,20.153431763579704,68,dbscan_002,dbscan_005
stl_midamerica_to_st_louis_union_station_2026-01-10_0109,midamerica_to_st_louis_union_station,MidAmerica to St. Louis Union Station,w_0109,0.1,0.5,0.2,0.2,56.43266829960241,18.45449023903801,69,dbscan_002,dbscan_005
stl_midamerica_to_st_louis_union_station_2026-01-10_0110,midamerica_to_st_louis_union_station,MidAmerica to St. Louis Union Station,w_0110,0.1,0.5,0.3,0.1,55.52805700261535,16.670788347481743,68,dbscan_002,dbscan_005
stl_midamerica_to_st_louis_union_station_2026-01-10_0111,midamerica_to_st_louis_union_station,MidAmerica to St. Louis Union Station,w_0111,0.1,0.5,0.4,0.0,57.92493678292097,14.769480702356583,73,dbscan_002,dbscan_005
stl_midamerica_to_st_louis_union_station_2026-01-10_0112,midamerica_to_st_louis_union_station,MidAmerica to St. Louis Union Station,w_0112,0.1,0.6,0.0,0.3,55.52680328940044,19.330101085139585,68,dbscan_002,dbscan_005
stl_midamerica_to_st_louis_union_station_2026-01-10_0113,midamerica_to_st_louis_union_station,MidAmerica to St. Louis Union Station,w_0113,0.1,0.6,0.1,0.2,55.5269973154084,17.706601312827495,68,dbscan_002,dbscan_005
stl_midamerica_to_st_louis_union_station_2026-01-10_0114,midamerica_to_st_louis_union_station,MidAmerica to St. Louis Union Station,w_0114,0.1,0.6,0.2,0.1,56.43266829960241,16.010345803433456,69,dbscan_002,dbscan_005
stl_midamerica_to_st_louis_union_station_2026-01-10_0115,midamerica_to_st_louis_union_station,MidAmerica to St. Louis Union Station,w_0115,0.1,0.6,0.3,0.0,58.45629578562427,14.210341411393069,73,dbscan_002,dbscan_005
stl_midamerica_to_st_louis_union_station_2026-01-10_0116,midamerica_to_st_louis_union_station,MidAmerica to St. Louis Union Station,w_0116,0.1,0.7,0.0,0.2,55.52680328940044,16.883270634387372,68,dbscan_002,dbscan_005
stl_midamerica_to_st_louis_union_station_2026-01-10_0117,midamerica_to_st_louis_union_station,MidAmerica to St. Louis Union Station,w_0117,0.1,0.7,0.1,0.1,55.5269973154084,15.259770862075284,68,dbscan_002,dbscan_005
stl_midamerica_to_st_louis_union_station_2026-01-10_0118,midamerica_to_st_louis_union_station,MidAmerica to St. Louis Union Station,w_0118,0.1,0.7,0.2,0.0,56.80668398502591,13.56076211493088,70,dbscan_002,dbscan_005
stl_midamerica_to_st_louis_union_station_2026-01-10_0119,midamerica_to_st_louis_union_station,MidAmerica to St. Louis Union Station,w_0119,0.1,0.8,0.0,0.1,55.52680328940044,14.436440183635163,68,dbscan_002,dbscan_005
stl_midamerica_to_st_louis_union_station_2026-01-10_0120,midamerica_to_st_louis_union_station,MidAmerica to St. Louis Union Station,w_0120,0.1,0.8,0.1,0.0,55.5269973154084,12.812940411323074,68,dbscan_002,dbscan_005
stl_midamerica_to_st_louis_union_station_2026-01-10_0121,midamerica_to_st_louis_union_station,MidAmerica to St. Louis Union Station,w_0121,0.1,0.9,0.0,0.0,56.80421942151068,11.98823462919861,70,dbscan_002,dbscan_005
stl_midamerica_to_st_louis_union_station_2026-01-10_0122,midamerica_to_st_louis_union_station,MidAmerica to St. Louis Union Station,w_0122,0.2,0.0,0.0,0.8,46.683328700980354,28.35560444222638,67,dbscan_001,dbscan_004
stl_midamerica_to_st_louis_union_station_2026-01-10_0123,midamerica_to_st_louis_union_station,MidAmerica to St. Louis Union Station,w_0123,0.2,0.0,0.1,0.7,46.68510935681224,27.92219800032081,67,dbscan_001,dbscan_004
stl_midamerica_to_st_louis_union_station_2026-01-10_0124,midamerica_to_st_louis_union_station,MidAmerica to St. Louis Union Station,w_0124,0.2,0.0,0.2,0.6,48.288224159333815,27.34598114191084,67,dbscan_001,dbscan_004
stl_midamerica_to_st_louis_union_station_2026-01-10_0125,midamerica_to_st_louis_union_station,MidAmerica to St. Louis Union Station,w_0125,0.2,0.0,0.3,0.5,48.288224159333815,26.424540367823237,67,dbscan_001,dbscan_004
stl_midamerica_to_st_louis_union_station_2026-01-10_0126,midamerica_to_st_louis_union_station,MidAmerica to St. Louis Union Station,w_0126,0.2,0.0,0.4,0.4,48.288224159333815,25.503099593735627,67,dbscan_001,dbscan_004
stl_midamerica_to_st_louis_union_station_2026-01-10_0127,midamerica_to_st_louis_union_station,MidAmerica to St. Louis Union Station,w_0127,0.2,0.0,0.5,0.3,48.288224159333815,24.581658819648016,67,dbscan_001,dbscan_004
stl_midamerica_to_st_louis_union_station_2026-01-10_0128,midamerica_to_st_louis_union_station,MidAmerica to St. Louis Union Station,w_0128,0.2,0.0,0.6,0.2,48.288224159333815,23.66021804556041,67,dbscan_001,dbscan_004
stl_midamerica_to_st_louis_union_station_2026-01-10_0129,midamerica_to_st_louis_union_station,MidAmerica to St. Louis Union Station,w_0129,0.2,0.0,0.7,0.1,49.03773925365967,22.670151432702585,69,dbscan_001,dbscan_004
stl_midamerica_to_st_louis_union_station_2026-01-10_0130,midamerica_to_st_louis_union_station,MidAmerica to St. Louis Union Station,w_0130,0.2,0.0,0.8,0.0,50.96847267006848,20.57656070544327,70,dbscan_003,dbscan_006
stl_midamerica_to_st_louis_union_station_2026-01-10_0131,midamerica_to_st_louis_union_station,MidAmerica to St. Louis Union Station,w_0131,0.2,0.1,0.0,0.7,48.13050890304261,28.203098152160724,68,dbscan_001,dbscan_004
stl_midamerica_to_st_louis_union_station_2026-01-10_0132,midamerica_to_st_louis_union_station,MidAmerica to St. Louis Union Station,w_0132,0.2,0.1,0.1,0.6,48.662783994499215,27.740237941397,68,dbscan_001,dbscan_004
stl_midamerica_to_st_louis_union_station_2026-01-10_0133,midamerica_to_st_louis_union_station,MidAmerica to St. Louis Union Station,w_0133,0.2,0.1,0.2,0.5,48.28805816000353,26.986492373837443,67,dbscan_001,dbscan_004
stl_midamerica_to_st_louis_union_station_2026-01-10_0134,midamerica_to_st_louis_union_station,MidAmerica to St. Louis Union Station,w_0134,0.2,0.1,0.3,0.4,48.28805816000353,26.09027623232309,67,dbscan_001,dbscan_004
stl_midamerica_to_st_louis_union_station_2026-01-10_0135,midamerica_to_st_louis_union_station,MidAmerica to St. Louis Union Station,w_0135,0.2,0.1,0.4,0.3,48.28805816000353,25.19406009080874,67,dbscan_001,dbscan_004
stl_midamerica_to_st_louis_union_station_2026-01-10_0136,midamerica_to_st_louis_union_station,MidAmerica to St. Louis Union Station,w_0136,0.2,0.1,0.5,0.2,48.28805816000353,24.297843949294386,67,dbscan_001,dbscan_004
stl_midamerica_to_st_louis_union_station_2026-01-10_0137,midamerica_to_st_louis_union_station,MidAmerica to St. Louis Union Station,w_0137,0.2,0.1,0.6,0.1,49.03775446644056,23.3233173122337,69,dbscan_001,dbscan_004
stl_midamerica_to_st_louis_union_station_2026-01-10_0138,midamerica_to_st_louis_union_station,MidAmerica to St. Louis Union Station,w_0138,0.2,0.1,0.7,0.0,50.92441498784869,21.35786634618118,67,dbscan_003,dbscan_006
stl_midamerica_to_st_louis_union_station_2026-01-10_0139,midamerica_to_st_louis_union_station,MidAmerica to St. Louis Union Station,w_0139,0.2,0.2,0.0,0.6,50.26499556893611,27.50248034255353,68,dbscan_001,dbscan_004
stl_midamerica_to_st_louis_union_station_2026-01-10_0140,midamerica_to_st_louis_union_station,MidAmerica to St. Louis Union Station,w_0140,0.2,0.2,0.1,0.5,50.26538408054344,27.086998670348127,68,dbscan_001,dbscan_004
stl_midamerica_to_st_louis_union_station_2026-01-10_0141,midamerica_to_st_louis_union_station,MidAmerica to St. Louis Union Station,w_0141,0.2,0.2,0.2,0.4,50.26538408054344,26.36696205209583,68,dbscan_001,dbscan_004
stl_midamerica_to_st_louis_union_station_2026-01-10_0142,midamerica_to_st_louis_union_station,MidAmerica to St. Louis Union Station,w_0142,0.2,0.2,0.3,0.3,49.195995656591215,25.536098356098098,68,dbscan_001,dbscan_004
stl_midamerica_to_st_louis_union_station_2026-01-10_0143,midamerica_to_st_louis_union_station,MidAmerica to St. Louis Union Station,w_0143,0.2,0.2,0.4,0.2,50.32092072794287,24.5885410350493,71,dbscan_001,dbscan_004
stl_midamerica_to_st_louis_union_station_2026-01-10_0144,midamerica_to_st_louis_union_station,MidAmerica to St. Louis Union Station,w_0144,0.2,0.2,0.5,0.1,54.99678697158509,23.127945320984534,68,dbscan_002,dbscan_005
stl_midamerica_to_st_louis_union_station_2026-01-10_0145,midamerica_to_st_louis_union_station,MidAmerica to St. Louis Union Station,w_0145,0.2,0.2,0.6,0.0,54.99678697158509,21.307535767313617,68,dbscan_002,dbscan_005
stl_midamerica_to_st_louis_union_station_2026-01-10_0146,midamerica_to_st_louis_union_station,MidAmerica to St. Louis Union Station,w_0146,0.2,0.3,0.0,0.5,50.26499556893611,26.68173269152873,68,dbscan_001,dbscan_004
stl_midamerica_to_st_louis_union_station_2026-01-10_0147,midamerica_to_st_louis_union_station,MidAmerica to St. Louis Union Station,w_0147,0.2,0.3,0.1,0.4,50.26538408054344,26.17848573413191,68,dbscan_001,dbscan_004
stl_midamerica_to_st_louis_union_station_2026-01-10_0148,midamerica_to_st_louis_union_station,MidAmerica to St. Louis Union Station,w_0148,0.2,0.3,0.2,0.3,50.26538408054344,25.458449115879613,68,dbscan_001,dbscan_004
stl_midamerica_to_st_louis_union_station_2026-01-10_0149,midamerica_to_st_louis_union_station,MidAmerica to St. Louis Union Station,w_0149,0.2,0.3,0.3,0.2,54.99678697158509,24.431008906694245,68,dbscan_002,dbscan_005
stl_midamerica_to_st_louis_union_station_2026-01-10_0150,midamerica_to_st_louis_union_station,MidAmerica to St. Louis Union Station,w_0150,0.2,0.3,0.4,0.1,54.99678697158509,22.610599353023336,68,dbscan_002,dbscan_005
stl_midamerica_to_st_louis_union_station_2026-01-10_0151,midamerica_to_st_louis_union_station,MidAmerica to St. Louis Union Station,w_0151,0.2,0.3,0.5,0.0,54.99678697158509,20.79018979935242,68,dbscan_002,dbscan_005
stl_midamerica_to_st_louis_union_station_2026-01-10_0152,midamerica_to_st_louis_union_station,MidAmerica to St. Louis Union Station,w_0152,0.2,0.4,0.0,0.4,49.73368752232152,25.753344240102837,68,dbscan_001,dbscan_004
stl_midamerica_to_st_louis_union_station_2026-01-10_0153,midamerica_to_st_louis_union_station,MidAmerica to St. Louis Union Station,w_0153,0.2,0.4,0.1,0.3,51.39038728443733,25.222461443335323,71,dbscan_001,dbscan_004
stl_midamerica_to_st_louis_union_station_2026-01-10_0154,midamerica_to_st_louis_union_station,MidAmerica to St. Louis Union Station,w_0154,0.2,0.4,0.2,0.2,55.52805700261535,23.87826062213354,68,dbscan_002,dbscan_005
stl_midamerica_to_st_louis_union_station_2026-01-10_0155,midamerica_to_st_louis_union_station,MidAmerica to St. Louis Union Station,w_0155,0.2,0.4,0.3,0.1,55.52805700261535,22.057851068462625,68,dbscan_002,dbscan_005
stl_midamerica_to_st_louis_union_station_2026-01-10_0156,midamerica_to_st_louis_union_station,MidAmerica to St. Louis Union Station,w_0156,0.2,0.4,0.4,0.0,55.52805700261535,20.23744151479171,68,dbscan_002,dbscan_005
stl_midamerica_to_st_louis_union_station_2026-01-10_0157,midamerica_to_st_louis_union_station,MidAmerica to St. Louis Union Station,w_0157,0.2,0.5,0.0,0.3,51.93106213249877,24.65145602209108,71,dbscan_001,dbscan_004
stl_midamerica_to_st_louis_union_station_2026-01-10_0158,midamerica_to_st_louis_union_station,MidAmerica to St. Louis Union Station,w_0158,0.2,0.5,0.1,0.2,55.5269973154084,23.164536907049477,68,dbscan_002,dbscan_005
stl_midamerica_to_st_louis_union_station_2026-01-10_0159,midamerica_to_st_louis_union_station,MidAmerica to St. Louis Union Station,w_0159,0.2,0.5,0.2,0.1,55.52805700261535,21.502419670052472,68,dbscan_002,dbscan_005
stl_midamerica_to_st_louis_union_station_2026-01-10_0160,midamerica_to_st_louis_union_station,MidAmerica to St. Louis Union Station,w_0160,0.2,0.5,0.3,0.0,55.52805700261535,19.682010116381555,68,dbscan_002,dbscan_005
stl_midamerica_to_st_louis_union_station_2026-01-10_0161,midamerica_to_st_louis_union_station,MidAmerica to St. Louis Union Station,w_0161,0.2,0.6,0.0,0.2,55.52680328940044,22.341184874792432,68,dbscan_002,dbscan_005
stl_midamerica_to_st_louis_union_station_2026-01-10_0162,midamerica_to_st_louis_union_station,MidAmerica to St. Louis Union Station,w_0162,0.2,0.6,0.1,0.1,55.5269973154084,20.717706456297265,68,dbscan_002,dbscan_005
stl_midamerica_to_st_louis_union_station_2026-01-10_0163,midamerica_to_st_louis_union_station,MidAmerica to St. Louis Union Station,w_0163,0.2,0.6,0.2,0.0,55.90103969929852,19.08932900565652,69,dbscan_002,dbscan_005
stl_midamerica_to_st_louis_union_station_2026-01-10_0164,midamerica_to_st_louis_union_station,MidAmerica to St. Louis Union Station,w_0164,0.2,0.7,0.0,0.1,55.52680328940044,19.89435442404022,68,dbscan_002,dbscan_005
stl_midamerica_to_st_louis_union_station_2026-01-10_0165,midamerica_to_st_louis_union_station,MidAmerica to St. Louis Union Station,w_0165,0.2,0.7,0.1,0.0,55.5269973154084,18.270876005545052,68,dbscan_002,dbscan_005
stl_midamerica_to_st_louis_union_station_2026-01-10_0166,midamerica_to_st_louis_union_station,MidAmerica to St. Louis Union Station,w_0166,0.2,0.8,0.0,0.0,55.52680328940044,17.447523973288007,68,dbscan_002,dbscan_005
stl_midamerica_to_st_louis_union_station_2026-01-10_0167,midamerica_to_st_louis_union_station,MidAmerica to St. Louis Union Station,w_0167,0.25,0.25,0.25,0.25,50.26538408054344,27.158702565119786,68,dbscan_001,dbscan_004
stl_midamerica_to_st_louis_union_station_2026-01-10_0168,midamerica_to_st_louis_union_station,MidAmerica to St. Louis Union Station,w_0168,0.3,0.0,0.0,0.7,46.683328700980354,31.23340666333956,67,dbscan_001,dbscan_004
stl_midamerica_to_st_louis_union_station_2026-01-10_0169,midamerica_to_st_louis_union_station,MidAmerica to St. Louis Union Station,w_0169,0.3,0.0,0.1,0.6,46.68510935681224,30.800196194123664,67,dbscan_001,dbscan_004
stl_midamerica_to_st_louis_union_station_2026-01-10_0170,midamerica_to_st_louis_union_station,MidAmerica to St. Louis Union Station,w_0170,0.3,0.0,0.2,0.5,47.75523458558328,30.324119461036936,67,dbscan_001,dbscan_004
stl_midamerica_to_st_louis_union_station_2026-01-10_0171,midamerica_to_st_louis_union_station,MidAmerica to St. Louis Union Station,w_0171,0.3,0.0,0.3,0.4,48.288224159333815,29.41897171286625,67,dbscan_001,dbscan_004
stl_midamerica_to_st_louis_union_station_2026-01-10_0172,midamerica_to_st_louis_union_station,MidAmerica to St. Louis Union Station,w_0172,0.3,0.0,0.4,0.3,48.288224159333815,28.497530938778645,67,dbscan_001,dbscan_004
stl_midamerica_to_st_louis_union_station_2026-01-10_0173,midamerica_to_st_louis_union_station,MidAmerica to St. Louis Union Station,w_0173,0.3,0.0,0.5,0.2,48.288224159333815,27.576090164691035,67,dbscan_001,dbscan_004
stl_midamerica_to_st_louis_union_station_2026-01-10_0174,midamerica_to_st_louis_union_station,MidAmerica to St. Louis Union Station,w_0174,0.3,0.0,0.6,0.1,48.288224159333815,26.654649390603424,67,dbscan_001,dbscan_004
stl_midamerica_to_st_louis_union_station_2026-01-10_0175,midamerica_to_st_louis_union_station,MidAmerica to St. Louis Union Station,w_0175,0.3,0.0,0.7,0.0,48.79739420637664,24.73161117003331,67,dbscan_003,dbscan_006
stl_midamerica_to_st_louis_union_station_2026-01-10_0176,midamerica_to_st_louis_union_station,MidAmerica to St. Louis Union Station,w_0176,0.3,0.1,0.0,0.6,47.22076683153593,31.190444278917205,67,dbscan_001,dbscan_004
stl_midamerica_to_st_louis_union_station_2026-01-10_0177,midamerica_to_st_louis_union_station,MidAmerica to St. Louis Union Station,w_0177,0.3,0.1,0.1,0.5,47.22143128139091,30.81338386952009,67,dbscan_001,dbscan_004
stl_midamerica_to_st_louis_union_station_2026-01-10_0178,midamerica_to_st_louis_union_station,MidAmerica to St. Louis Union Station,w_0178,0.3,0.1,0.2,0.4,48.28805816000353,29.98090544958066,67,dbscan_001,dbscan_004
stl_midamerica_to_st_louis_union_station_2026-01-10_0179,midamerica_to_st_louis_union_station,MidAmerica to St. Louis Union Station,w_0179,0.3,0.1,0.3,0.3,48.28805816000353,29.084689308066302,67,dbscan_001,dbscan_004
stl_midamerica_to_st_louis_union_station_2026-01-10_0180,midamerica_to_st_louis_union_station,MidAmerica to St. Louis Union Station,w_0180,0.3,0.1,0.4,0.2,48.28805816000353,28.188473166551955,67,dbscan_001,dbscan_004
stl_midamerica_to_st_louis_union_station_2026-01-10_0181,midamerica_to_st_louis_union_station,MidAmerica to St. Louis Union Station,w_0181,0.3,0.1,0.5,0.1,48.28805816000353,27.2922570250376,67,dbscan_001,dbscan_004
stl_midamerica_to_st_louis_union_station_2026-01-10_0182,midamerica_to_st_louis_union_station,MidAmerica to St. Louis Union Station,w_0182,0.3,0.1,0.6,0.0,47.72786229878062,25.563806816693727,67,dbscan_003,dbscan_006
stl_midamerica_to_st_louis_union_station_2026-01-10_0183,midamerica_to_st_louis_union_station,MidAmerica to St. Louis Union Station,w_0183,0.3,0.2,0.0,0.5,48.66685213560263,30.668041392314706,68,dbscan_001,dbscan_004
stl_midamerica_to_st_louis_union_station_2026-01-10_0184,midamerica_to_st_louis_union_station,MidAmerica to St. Louis Union Station,w_0184,0.3,0.2,0.1,0.4,49.198664338816506,30.23843163960257,68,dbscan_001,dbscan_004
stl_midamerica_to_st_louis_union_station_2026-01-10_0185,midamerica_to_st_louis_union_station,MidAmerica to St. Louis Union Station,w_0185,0.3,0.2,0.2,0.3,48.66301623794022,29.45529989500702,68,dbscan_001,dbscan_004
stl_midamerica_to_st_louis_union_station_2026-01-10_0186,midamerica_to_st_louis_union_station,MidAmerica to St. Louis Union Station,w_0186,0.3,0.2,0.3,0.2,48.66301623794022,28.610735744442533,68,dbscan_001,dbscan_004
stl_midamerica_to_st_louis_union_station_2026-01-10_0187,midamerica_to_st_louis_union_station,MidAmerica to St. Louis Union Station,w_0187,0.3,0.2,0.4,0.1,49.03806376826502,27.67452316320032,69,dbscan_001,dbscan_004
stl_midamerica_to_st_louis_union_station_2026-01-10_0188,midamerica_to_st_louis_union_station,MidAmerica to St. Louis Union Station,w_0188,0.3,0.2,0.5,0.0,52.872902080001055,26.02972787740365,68,dbscan_002,dbscan_005
stl_midamerica_to_st_louis_union_station_2026-01-10_0189,midamerica_to_st_louis_union_station,MidAmerica to St. Louis Union Station,w_0189,0.3,0.3,0.0,0.4,49.20045512079,29.782482943117287,68,dbscan_001,dbscan_004
stl_midamerica_to_st_louis_union_station_2026-01-10_0190,midamerica_to_st_louis_union_station,MidAmerica to St. Louis Union Station,w_0190,0.3,0.3,0.1,0.3,49.7316437574675,29.3836418516672,68,dbscan_001,dbscan_004
stl_midamerica_to_st_louis_union_station_2026-01-10_0191,midamerica_to_st_louis_union_station,MidAmerica to St. Louis Union Station,w_0191,0.3,0.3,0.2,0.2,50.26538408054344,28.670479696396036,68,dbscan_001,dbscan_004
stl_midamerica_to_st_louis_union_station_2026-01-10_0192,midamerica_to_st_louis_union_station,MidAmerica to St. Louis Union Station,w_0192,0.3,0.3,0.3,0.1,54.99678697158509,27.38376097299591,68,dbscan_002,dbscan_005
stl_midamerica_to_st_louis_union_station_2026-01-10_0193,midamerica_to_st_louis_union_station,MidAmerica to St. Louis Union Station,w_0193,0.3,0.3,0.4,0.0,54.99678697158509,25.563351419324995,68,dbscan_002,dbscan_005
stl_midamerica_to_st_louis_union_station_2026-01-10_0194,midamerica_to_st_louis_union_station,MidAmerica to St. Louis Union Station,w_0194,0.3,0.4,0.0,0.3,49.20045512079,28.88181566247619,68,dbscan_001,dbscan_004
stl_midamerica_to_st_louis_union_station_2026-01-10_0195,midamerica_to_st_louis_union_station,MidAmerica to St. Louis Union Station,w_0195,0.3,0.4,0.1,0.2,51.39139632571794,28.439384595311108,71,dbscan_001,dbscan_004
stl_midamerica_to_st_louis_union_station_2026-01-10_0196,midamerica_to_st_louis_union_station,MidAmerica to St. Louis Union Station,w_0196,0.3,0.4,0.2,0.1,54.62270328938715,26.835463941153183,67,dbscan_002,dbscan_005
stl_midamerica_to_st_louis_union_station_2026-01-10_0197,midamerica_to_st_louis_union_station,MidAmerica to St. Louis Union Station,w_0197,0.3,0.4,0.3,0.0,54.99678697158509,25.0460054513638,68,dbscan_002,dbscan_005
stl_midamerica_to_st_louis_union_station_2026-01-10_0198,midamerica_to_st_louis_union_station,MidAmerica to St. Louis Union Station,w_0198,0.3,0.5,0.0,0.2,51.93172241795522,27.707194361614643,71,dbscan_013,dbscan_noise_021
stl_midamerica_to_st_louis_union_station_2026-01-10_0199,midamerica_to_st_louis_union_station,MidAmerica to St. Louis Union Station,w_0199,0.3,0.5,0.1,0.1,55.5269973154084,26.175642050519244,68,dbscan_002,dbscan_005
stl_midamerica_to_st_louis_union_station_2026-01-10_0200,midamerica_to_st_louis_union_station,MidAmerica to St. Louis Union Station,w_0200,0.3,0.5,0.2,0.0,55.15401461872522,24.480017995360644,67,dbscan_002,dbscan_005
stl_midamerica_to_st_louis_union_station_2026-01-10_0201,midamerica_to_st_louis_union_station,MidAmerica to St. Louis Union Station,w_0201,0.3,0.6,0.0,0.1,55.52680328940044,25.352268664445276,68,dbscan_002,dbscan_005
stl_midamerica_to_st_louis_union_station_2026-01-10_0202,midamerica_to_st_louis_union_station,MidAmerica to St. Louis Union Station,w_0202,0.3,0.6,0.1,0.0,55.5269973154084,23.728811599767035,68,dbscan_002,dbscan_005
stl_midamerica_to_st_louis_union_station_2026-01-10_0203,midamerica_to_st_louis_union_station,MidAmerica to St. Louis Union Station,w_0203,0.3,0.7,0.0,0.0,55.52680328940044,22.90543821369306,68,dbscan_002,dbscan_005
stl_midamerica_to_st_louis_union_station_2026-01-10_0204,midamerica_to_st_louis_union_station,MidAmerica to St. Louis Union Station,w_0204,0.4,0.0,0.0,0.6,46.683328700980354,34.11120888445275,67,dbscan_001,dbscan_004
stl_midamerica_to_st_louis_union_station_2026-01-10_0205,midamerica_to_st_louis_union_station,MidAmerica to St. Louis Union Station,w_0205,0.4,0.0,0.1,0.5,46.68510935681224,33.67819438792652,67,dbscan_001,dbscan_004
stl_midamerica_to_st_louis_union_station_2026-01-10_0206,midamerica_to_st_louis_union_station,MidAmerica to St. Louis Union Station,w_0206,0.4,0.0,0.2,0.4,46.68569137383052,33.212109541373685,67,dbscan_001,dbscan_004
stl_midamerica_to_st_louis_union_station_2026-01-10_0207,midamerica_to_st_louis_union_station,MidAmerica to St. Louis Union Station,w_0207,0.4,0.0,0.3,0.3,48.288224159333815,32.41340305790928,67,dbscan_001,dbscan_004
stl_midamerica_to_st_louis_union_station_2026-01-10_0208,midamerica_to_st_louis_union_station,MidAmerica to St. Louis Union Station,w_0208,0.4,0.0,0.4,0.2,48.288224159333815,31.49196228382167,67,dbscan_001,dbscan_004
stl_midamerica_to_st_louis_union_station_2026-01-10_0209,midamerica_to_st_louis_union_station,MidAmerica to St. Louis Union Station,w_0209,0.4,0.0,0.5,0.1,48.288224159333815,30.570521509734057,67,dbscan_001,dbscan_004
stl_midamerica_to_st_louis_union_station_2026-01-10_0210,midamerica_to_st_louis_union_station,MidAmerica to St. Louis Union Station,w_0210,0.4,0.0,0.6,0.0,47.19710241234584,28.703763800544092,67,dbscan_003,dbscan_006
stl_midamerica_to_st_louis_union_station_2026-01-10_0211,midamerica_to_st_louis_union_station,MidAmerica to St. Louis Union Station,w_0211,0.4,0.1,0.0,0.5,47.22076683153593,34.12739504186994,67,dbscan_001,dbscan_004
stl_midamerica_to_st_louis_union_station_2026-01-10_0212,midamerica_to_st_louis_union_station,MidAmerica to St. Louis Union Station,w_0212,0.4,0.1,0.1,0.4,46.68878823204156,33.68215886798473,67,dbscan_001,dbscan_004
stl_midamerica_to_st_louis_union_station_2026-01-10_0213,midamerica_to_st_louis_union_station,MidAmerica to St. Louis Union Station,w_0213,0.4,0.1,0.2,0.3,47.75519307084541,32.9683964730426,67,dbscan_001,dbscan_004
stl_midamerica_to_st_louis_union_station_2026-01-10_0214,midamerica_to_st_louis_union_station,MidAmerica to St. Louis Union Station,w_0214,0.4,0.1,0.3,0.2,48.28805816000353,32.07910238380953,67,dbscan_001,dbscan_004
stl_midamerica_to_st_louis_union_station_2026-01-10_0215,midamerica_to_st_louis_union_station,MidAmerica to St. Louis Union Station,w_0215,0.4,0.1,0.4,0.1,48.28805816000353,31.182886242295176,67,dbscan_001,dbscan_004
stl_midamerica_to_st_louis_union_station_2026-01-10_0216,midamerica_to_st_louis_union_station,MidAmerica to St. Louis Union Station,w_0216,0.4,0.1,0.5,0.0,47.19377440638048,29.448930595919208,67,dbscan_003,dbscan_006
stl_midamerica_to_st_louis_union_station_2026-01-10_0217,midamerica_to_st_louis_union_station,MidAmerica to St. Louis Union Station,w_0217,0.4,0.2,0.0,0.4,48.66685213560263,33.70414319470471,68,dbscan_001,dbscan_004
stl_midamerica_to_st_louis_union_station_2026-01-10_0218,midamerica_to_st_louis_union_station,MidAmerica to St. Louis Union Station,w_0218,0.4,0.2,0.1,0.3,48.1299469453414,33.26766191056931,68,dbscan_001,dbscan_004
stl_midamerica_to_st_louis_union_station_2026-01-10_0219,midamerica_to_st_louis_union_station,MidAmerica to St. Louis Union Station,w_0219,0.4,0.2,0.2,0.2,48.66301623794022,32.49097953205282,68,dbscan_001,dbscan_004
stl_midamerica_to_st_louis_union_station_2026-01-10_0220,midamerica_to_st_louis_union_station,MidAmerica to St. Louis Union Station,w_0220,0.4,0.2,0.3,0.1,48.66301623794022,31.646415381488328,68,dbscan_001,dbscan_004
stl_midamerica_to_st_louis_union_station_2026-01-10_0221,midamerica_to_st_louis_union_station,MidAmerica to St. Louis Union Station,w_0221,0.4,0.2,0.4,0.0,47.19369701538692,30.014663998636237,67,dbscan_003,dbscan_006
stl_midamerica_to_st_louis_union_station_2026-01-10_0222,midamerica_to_st_louis_union_station,MidAmerica to St. Louis Union Station,w_0222,0.4,0.3,0.0,0.3,49.20045512079,32.87731120479747,68,dbscan_001,dbscan_004
stl_midamerica_to_st_louis_union_station_2026-01-10_0223,midamerica_to_st_louis_union_station,MidAmerica to St. Louis Union Station,w_0223,0.4,0.3,0.1,0.2,49.198664338816506,32.536709653158304,68,dbscan_001,dbscan_004
stl_midamerica_to_st_louis_union_station_2026-01-10_0224,midamerica_to_st_louis_union_station,MidAmerica to St. Louis Union Station,w_0224,0.4,0.3,0.2,0.1,49.73341370317305,31.820384859192806,68,dbscan_001,dbscan_004
stl_midamerica_to_st_louis_union_station_2026-01-10_0225,midamerica_to_st_louis_union_station,MidAmerica to St. Louis Union Station,w_0225,0.4,0.3,0.3,0.0,52.50122004938132,30.311924531563893,67,dbscan_002,dbscan_005
stl_midamerica_to_st_louis_union_station_2026-01-10_0226,midamerica_to_st_louis_union_station,MidAmerica to St. Louis Union Station,w_0226,0.4,0.4,0.0,0.2,49.20045512079,31.97664392415638,68,dbscan_001,dbscan_004
stl_midamerica_to_st_louis_union_station_2026-01-10_0227,midamerica_to_st_louis_union_station,MidAmerica to St. Louis Union Station,w_0227,0.4,0.4,0.1,0.1,54.62266451739018,31.510590922205733,67,dbscan_002,dbscan_005
stl_midamerica_to_st_louis_union_station_2026-01-10_0228,midamerica_to_st_louis_union_station,MidAmerica to St. Louis Union Station,w_0228,0.4,0.4,0.2,0.0,54.62270328938715,29.74704567905797,67,dbscan_002,dbscan_005
stl_midamerica_to_st_louis_union_station_2026-01-10_0229,midamerica_to_st_louis_union_station,MidAmerica to St. Louis Union Station,w_0229,0.4,0.5,0.0,0.1,51.93172241795522,30.762616252247746,71,dbscan_013,dbscan_noise_021
stl_midamerica_to_st_louis_union_station_2026-01-10_0230,midamerica_to_st_louis_union_station,MidAmerica to St. Louis Union Station,w_0230,0.4,0.5,0.1,0.0,54.99568598607031,29.143277355257787,68,dbscan_002,dbscan_005
stl_midamerica_to_st_louis_union_station_2026-01-10_0231,midamerica_to_st_louis_union_station,MidAmerica to St. Louis Union Station,w_0231,0.4,0.6,0.0,0.0,54.99564589804045,28.35803581329581,68,dbscan_002,dbscan_005
stl_midamerica_to_st_louis_union_station_2026-01-10_0232,midamerica_to_st_louis_union_station,MidAmerica to St. Louis Union Station,w_0232,0.5,0.0,0.0,0.5,46.683328700980354,36.98901110556593,67,dbscan_001,dbscan_004
stl_midamerica_to_st_louis_union_station_2026-01-10_0233,midamerica_to_st_louis_union_station,MidAmerica to St. Louis Union Station,w_0233,0.5,0.0,0.1,0.4,46.68510935681224,36.55619258172936,67,dbscan_001,dbscan_004
stl_midamerica_to_st_louis_union_station_2026-01-10_0234,midamerica_to_st_louis_union_station,MidAmerica to St. Louis Union Station,w_0234,0.5,0.0,0.2,0.3,46.68569137383052,36.03017178991325,67,dbscan_001,dbscan_004
stl_midamerica_to_st_louis_union_station_2026-01-10_0235,midamerica_to_st_louis_union_station,MidAmerica to St. Louis Union Station,w_0235,0.5,0.0,0.3,0.2,47.75523458558328,35.35406538937957,67,dbscan_001,dbscan_004
stl_midamerica_to_st_louis_union_station_2026-01-10_0236,midamerica_to_st_louis_union_station,MidAmerica to St. Louis Union Station,w_0236,0.5,0.0,0.4,0.1,48.288224159333815,34.48639362886469,67,dbscan_001,dbscan_004
stl_midamerica_to_st_louis_union_station_2026-01-10_0237,midamerica_to_st_louis_union_station,MidAmerica to St. Louis Union Station,w_0237,0.5,0.0,0.5,0.0,46.66344042071376,32.52781949352435,67,dbscan_003,dbscan_006
stl_midamerica_to_st_louis_union_station_2026-01-10_0238,midamerica_to_st_louis_union_station,MidAmerica to St. Louis Union Station,w_0238,0.5,0.1,0.0,0.4,46.68855540718086,36.96935411859173,67,dbscan_001,dbscan_004
stl_midamerica_to_st_louis_union_station_2026-01-10_0239,midamerica_to_st_louis_union_station,MidAmerica to St. Louis Union Station,w_0239,0.5,0.1,0.1,0.3,46.68878823204156,36.50056194579757,67,dbscan_001,dbscan_004
stl_midamerica_to_st_louis_union_station_2026-01-10_0240,midamerica_to_st_louis_union_station,MidAmerica to St. Louis Union Station,w_0240,0.5,0.1,0.2,0.2,46.68878823204156,35.89379286227124,67,dbscan_001,dbscan_004
stl_midamerica_to_st_louis_union_station_2026-01-10_0241,midamerica_to_st_louis_union_station,MidAmerica to St. Louis Union Station,w_0241,0.5,0.1,0.3,0.1,47.75519307084541,35.07305931085297,67,dbscan_001,dbscan_004
stl_midamerica_to_st_louis_union_station_2026-01-10_0242,midamerica_to_st_louis_union_station,MidAmerica to St. Louis Union Station,w_0242,0.5,0.1,0.4,0.0,46.66127985787609,33.257873679803815,67,dbscan_003,dbscan_006
stl_midamerica_to_st_louis_union_station_2026-01-10_0243,midamerica_to_st_louis_union_station,MidAmerica to St. Louis Union Station,w_0243,0.5,0.2,0.0,0.3,47.0639138100706,36.62056009095311,68,dbscan_001,dbscan_004
stl_midamerica_to_st_louis_union_station_2026-01-10_0244,midamerica_to_st_louis_union_station,MidAmerica to St. Louis Union Station,w_0244,0.5,0.2,0.1,0.2,47.59708185618328,36.21143200933858,68,dbscan_001,dbscan_004
stl_midamerica_to_st_louis_union_station_2026-01-10_0245,midamerica_to_st_louis_union_station,MidAmerica to St. Louis Union Station,w_0245,0.5,0.2,0.2,0.1,48.66301623794022,35.52665916909861,68,dbscan_001,dbscan_004
stl_midamerica_to_st_louis_union_station_2026-01-10_0246,midamerica_to_st_louis_union_station,MidAmerica to St. Louis Union Station,w_0246,0.5,0.2,0.3,0.0,46.66127985787609,33.756196227280164,67,dbscan_003,dbscan_006
stl_midamerica_to_st_louis_union_station_2026-01-10_0247,midamerica_to_st_louis_union_station,MidAmerica to St. Louis Union Station,w_0247,0.5,0.3,0.0,0.2,48.66685213560263,35.920112989667054,68,dbscan_001,dbscan_004
stl_midamerica_to_st_louis_union_station_2026-01-10_0248,midamerica_to_st_louis_union_station,MidAmerica to St. Louis Union Station,w_0248,0.5,0.3,0.1,0.1,48.1299469453414,35.598933094377884,68,dbscan_001,dbscan_004
stl_midamerica_to_st_louis_union_station_2026-01-10_0249,midamerica_to_st_louis_union_station,MidAmerica to St. Louis Union Station,w_0249,0.5,0.3,0.2,0.0,46.66638352751063,34.02462957177931,67,dbscan_003,dbscan_006
stl_midamerica_to_st_louis_union_station_2026-01-10_0250,midamerica_to_st_louis_union_station,MidAmerica to St. Louis Union Station,w_0250,0.5,0.4,0.0,0.1,49.203575913705706,35.00792383259433,68,dbscan_001,dbscan_004
stl_midamerica_to_st_louis_union_station_2026-01-10_0251,midamerica_to_st_louis_union_station,MidAmerica to St. Louis Union Station,w_0251,0.5,0.4,0.1,0.0,46.66599616965853,34.213085457551,67,dbscan_003,dbscan_006
stl_midamerica_to_st_louis_union_station_2026-01-10_0252,midamerica_to_st_louis_union_station,MidAmerica to St. Louis Union Station,w_0252,0.5,0.5,0.0,0.0,54.99564589804045,33.71940731737791,68,dbscan_002,dbscan_005
stl_midamerica_to_st_louis_union_station_2026-01-10_0253,midamerica_to_st_louis_union_station,MidAmerica to St. Louis Union Station,w_0253,0.6,0.0,0.0,0.4,46.683328700980354,39.86681332667912,67,dbscan_001,dbscan_004
stl_midamerica_to_st_louis_union_station_2026-01-10_0254,midamerica_to_st_louis_union_station,MidAmerica to St. Louis Union Station,w_0254,0.6,0.0,0.1,0.3,46.68510935681224,39.434190775532215,67,dbscan_001,dbscan_004
stl_midamerica_to_st_louis_union_station_2026-01-10_0255,midamerica_to_st_louis_union_station,MidAmerica to St. Louis Union Station,w_0255,0.6,0.0,0.2,0.2,46.68569137383052,38.84823403845282,67,dbscan_001,dbscan_004
stl_midamerica_to_st_louis_union_station_2026-01-10_0256,midamerica_to_st_louis_union_station,MidAmerica to St. Louis Union Station,w_0256,0.6,0.0,0.3,0.1,46.68569137383052,38.21816431206052,67,dbscan_001,dbscan_004
stl_midamerica_to_st_louis_union_station_2026-01-10_0257,midamerica_to_st_louis_union_station,MidAmerica to St. Louis Union Station,w_0257,0.6,0.0,0.4,0.0,46.66344042071376,36.29348236932714,67,dbscan_003,dbscan_006
stl_midamerica_to_st_louis_union_station_2026-01-10_0258,midamerica_to_st_louis_union_station,MidAmerica to St. Louis Union Station,w_0258,0.6,0.1,0.0,0.3,46.68855540718086,39.78773157252298,67,dbscan_001,dbscan_004
stl_midamerica_to_st_louis_union_station_2026-01-10_0259,midamerica_to_st_louis_union_station,MidAmerica to St. Louis Union Station,w_0259,0.6,0.1,0.1,0.2,46.68878823204156,39.31896502361041,67,dbscan_001,dbscan_004
stl_midamerica_to_st_louis_union_station_2026-01-10_0260,midamerica_to_st_louis_union_station,MidAmerica to St. Louis Union Station,w_0260,0.6,0.1,0.2,0.1,46.68878823204156,38.71219594008408,67,dbscan_001,dbscan_004
stl_midamerica_to_st_louis_union_station_2026-01-10_0261,midamerica_to_st_louis_union_station,MidAmerica to St. Louis Union Station,w_0261,0.6,0.1,0.3,0.0,46.66127985787609,36.976714660021024,67,dbscan_003,dbscan_006
stl_midamerica_to_st_louis_union_station_2026-01-10_0262,midamerica_to_st_louis_union_station,MidAmerica to St. Louis Union Station,w_0262,0.6,0.2,0.0,0.2,46.68855540718086,39.465198421458375,67,dbscan_001,dbscan_004
stl_midamerica_to_st_louis_union_station_2026-01-10_0263,midamerica_to_st_louis_union_station,MidAmerica to St. Louis Union Station,w_0263,0.6,0.2,0.1,0.1,46.688594232233086,39.04649460730403,67,dbscan_001,dbscan_004
stl_midamerica_to_st_louis_union_station_2026-01-10_0264,midamerica_to_st_louis_union_station,MidAmerica to St. Louis Union Station,w_0264,0.6,0.2,0.2,0.0,46.66638352751063,37.38837934204789,67,dbscan_003,dbscan_006
stl_midamerica_to_st_louis_union_station_2026-01-10_0265,midamerica_to_st_louis_union_station,MidAmerica to St. Louis Union Station,w_0265,0.6,0.3,0.0,0.1,48.66685213560263,38.95621479205706,68,dbscan_001,dbscan_004
stl_midamerica_to_st_louis_union_station_2026-01-10_0266,midamerica_to_st_louis_union_station,MidAmerica to St. Louis Union Station,w_0266,0.6,0.3,0.1,0.0,46.66603494165549,37.60782542659855,67,dbscan_003,dbscan_006
stl_midamerica_to_st_louis_union_station_2026-01-10_0267,midamerica_to_st_louis_union_station,MidAmerica to St. Louis Union Station,w_0267,0.6,0.4,0.0,0.0,46.66599661404935,37.76103496698872,67,dbscan_003,dbscan_006
stl_midamerica_to_st_louis_union_station_2026-01-10_0268,midamerica_to_st_louis_union_station,MidAmerica to St. Louis Union Station,w_0268,0.7,0.0,0.0,0.3,46.683328700980354,42.74461554779229,67,dbscan_001,dbscan_004
stl_midamerica_to_st_louis_union_station_2026-01-10_0269,midamerica_to_st_louis_union_station,MidAmerica to St. Louis Union Station,w_0269,0.7,0.0,0.1,0.2,46.68569137383052,42.2963660133847,67,dbscan_001,dbscan_004
stl_midamerica_to_st_louis_union_station_2026-01-10_0270,midamerica_to_st_louis_union_station,MidAmerica to St. Louis Union Station,w_0270,0.7,0.0,0.2,0.1,46.68569137383052,41.66629628699239,67,dbscan_001,dbscan_004
stl_midamerica_to_st_louis_union_station_2026-01-10_0271,midamerica_to_st_louis_union_station,MidAmerica to St. Louis Union Station,w_0271,0.7,0.0,0.3,0.0,46.66344042071376,40.05914524512994,67,dbscan_003,dbscan_006
stl_midamerica_to_st_louis_union_station_2026-01-10_0272,midamerica_to_st_louis_union_station,MidAmerica to St. Louis Union Station,w_0272,0.7,0.1,0.0,0.2,46.68855540718086,42.60610902645424,67,dbscan_001,dbscan_004
stl_midamerica_to_st_louis_union_station_2026-01-10_0273,midamerica_to_st_louis_union_station,MidAmerica to St. Louis Union Station,w_0273,0.7,0.1,0.1,0.1,46.68878823204156,42.137368101423256,67,dbscan_001,dbscan_004
stl_midamerica_to_st_louis_union_station_2026-01-10_0274,midamerica_to_st_louis_union_station,MidAmerica to St. Louis Union Station,w_0274,0.7,0.1,0.2,0.0,46.66127985787609,40.69555564023823,67,dbscan_003,dbscan_006
stl_midamerica_to_st_louis_union_station_2026-01-10_0275,midamerica_to_st_louis_union_station,MidAmerica to St. Louis Union Station,w_0275,0.7,0.2,0.0,0.1,46.68855540718086,42.28357587538964,67,dbscan_001,dbscan_004
stl_midamerica_to_st_louis_union_station_2026-01-10_0276,midamerica_to_st_louis_union_station,MidAmerica to St. Louis Union Station,w_0276,0.7,0.2,0.1,0.0,46.66603494165549,40.99734880896379,67,dbscan_003,dbscan_006
stl_midamerica_to_st_louis_union_station_2026-01-10_0277,midamerica_to_st_louis_union_station,MidAmerica to St. Louis Union Station,w_0277,0.7,0.3,0.0,0.0,46.66599661404935,41.16051300739435,67,dbscan_003,dbscan_006
stl_midamerica_to_st_louis_union_station_2026-01-10_0278,midamerica_to_st_louis_union_station,MidAmerica to St. Louis Union Station,w_0278,0.8,0.0,0.0,0.2,46.683328700980354,45.622417768905486,67,dbscan_001,dbscan_004
stl_midamerica_to_st_louis_union_station_2026-01-10_0279,midamerica_to_st_louis_union_station,MidAmerica to St. Louis Union Station,w_0279,0.8,0.0,0.1,0.1,46.68569137383052,45.114428261924274,67,dbscan_001,dbscan_004
stl_midamerica_to_st_louis_union_station_2026-01-10_0280,midamerica_to_st_louis_union_station,MidAmerica to St. Louis Union Station,w_0280,0.8,0.0,0.2,0.0,46.66344042071376,43.82480812093274,67,dbscan_003,dbscan_006
stl_midamerica_to_st_louis_union_station_2026-01-10_0281,midamerica_to_st_louis_union_station,MidAmerica to St. Louis Union Station,w_0281,0.8,0.1,0.0,0.1,46.68855540718086,45.42448648038552,67,dbscan_001,dbscan_004
stl_midamerica_to_st_louis_union_station_2026-01-10_0282,midamerica_to_st_louis_union_station,MidAmerica to St. Louis Union Station,w_0282,0.8,0.1,0.1,0.0,46.66638352751063,44.37387614697235,67,dbscan_003,dbscan_006
stl_midamerica_to_st_louis_union_station_2026-01-10_0283,midamerica_to_st_louis_union_station,MidAmerica to St. Louis Union Station,w_0283,0.8,0.2,0.0,0.0,46.66599661404935,44.55999104779999,67,dbscan_003,dbscan_006
stl_midamerica_to_st_louis_union_station_2026-01-10_0284,midamerica_to_st_louis_union_station,MidAmerica to St. Louis Union Station,w_0284,0.9,0.0,0.0,0.1,46.683328700980354,48.50021999001866,67,dbscan_001,dbscan_004
stl_midamerica_to_st_louis_union_station_2026-01-10_0285,midamerica_to_st_louis_union_station,MidAmerica to St. Louis Union Station,w_0285,0.9,0.0,0.1,0.0,46.66344042071376,47.59047099673553,67,dbscan_003,dbscan_006
stl_midamerica_to_st_louis_union_station_2026-01-10_0286,midamerica_to_st_louis_union_station,MidAmerica to St. Louis Union Station,w_0286,0.9,0.1,0.0,0.0,46.66599661404935,47.959469088205616,67,dbscan_003,dbscan_006
stl_midamerica_to_st_louis_union_station_2026-01-10_0287,midamerica_to_st_louis_union_station,MidAmerica to St. Louis Union Station,w_0287,1.0,0.0,0.0,0.0,46.65953988976652,51.351841085986514,67,dbscan_003,dbscan_006
stl_st_louis_downtown_airport_to_st_louis_lambert_2026-01-10_0001,st_louis_downtown_airport_to_st_louis_lambert,St. Louis Downtown Airport to St. Louis Lambert,w_0001,0.0,0.0,0.0,1.0,35.06847425714207,33.400000000000006,40,dbscan_001,dbscan_001
stl_st_louis_downtown_airport_to_st_louis_lambert_2026-01-10_0002,st_louis_downtown_airport_to_st_louis_lambert,St. Louis Downtown Airport to St. Louis Lambert,w_0002,0.0,0.0,0.1,0.9,35.069056570701854,31.370407955772865,40,dbscan_001,dbscan_001
stl_st_louis_downtown_airport_to_st_louis_lambert_2026-01-10_0003,st_louis_downtown_airport_to_st_louis_lambert,St. Louis Downtown Airport to St. Louis Lambert,w_0003,0.0,0.0,0.2,0.8,35.069056570701854,29.34081591154572,40,dbscan_001,dbscan_001
stl_st_louis_downtown_airport_to_st_louis_lambert_2026-01-10_0004,st_louis_downtown_airport_to_st_louis_lambert,St. Louis Downtown Airport to St. Louis Lambert,w_0004,0.0,0.0,0.3,0.7,35.069056570701854,27.311223867318574,40,dbscan_001,dbscan_001
stl_st_louis_downtown_airport_to_st_louis_lambert_2026-01-10_0005,st_louis_downtown_airport_to_st_louis_lambert,St. Louis Downtown Airport to St. Louis Lambert,w_0005,0.0,0.0,0.4,0.6,35.44394722993023,25.19040678945862,41,dbscan_001,dbscan_001
stl_st_louis_downtown_airport_to_st_louis_lambert_2026-01-10_0006,st_louis_downtown_airport_to_st_louis_lambert,St. Louis Downtown Airport to St. Louis Lambert,w_0006,0.0,0.0,0.5,0.5,35.44394722993023,22.888008486823274,41,dbscan_001,dbscan_001
stl_st_louis_downtown_airport_to_st_louis_lambert_2026-01-10_0007,st_louis_downtown_airport_to_st_louis_lambert,St. Louis Downtown Airport to St. Louis Lambert,w_0007,0.0,0.0,0.6,0.4,36.34762986054361,20.55325623511732,42,dbscan_001,dbscan_001
stl_st_louis_downtown_airport_to_st_louis_lambert_2026-01-10_0008,st_louis_downtown_airport_to_st_louis_lambert,St. Louis Downtown Airport to St. Louis Lambert,w_0008,0.0,0.0,0.7,0.3,36.34762986054361,18.0787989409702,42,dbscan_001,dbscan_001
stl_st_louis_downtown_airport_to_st_louis_lambert_2026-01-10_0009,st_louis_downtown_airport_to_st_louis_lambert,St. Louis Downtown Airport to St. Louis Lambert,w_0009,0.0,0.0,0.8,0.2,147.69025378128578,14.680079235162967,176,dbscan_008,dbscan_noise_001
stl_st_louis_downtown_airport_to_st_louis_lambert_2026-01-10_0010,st_louis_downtown_airport_to_st_louis_lambert,St. Louis Downtown Airport to St. Louis Lambert,w_0010,0.0,0.0,0.9,0.1,149.888361751981,10.194198335399506,179,dbscan_009,dbscan_noise_002
stl_st_louis_downtown_airport_to_st_louis_lambert_2026-01-10_0011,st_louis_downtown_airport_to_st_louis_lambert,St. Louis Downtown Airport to St. Louis Lambert,w_0011,0.0,0.0,1.0,0.0,150.4116900881152,5.526887039332779,179,dbscan_010,dbscan_noise_003
stl_st_louis_downtown_airport_to_st_louis_lambert_2026-01-10_0012,st_louis_downtown_airport_to_st_louis_lambert,St. Louis Downtown Airport to St. Louis Lambert,w_0012,0.0,0.1,0.0,0.9,35.06932923764436,32.5387572976017,40,dbscan_001,dbscan_001
stl_st_louis_downtown_airport_to_st_louis_lambert_2026-01-10_0013,st_louis_downtown_airport_to_st_louis_lambert,St. Louis Downtown Airport to St. Louis Lambert,w_0013,0.0,0.1,0.1,0.8,35.069056570701854,30.59154408815169,40,dbscan_001,dbscan_001
stl_st_louis_downtown_airport_to_st_louis_lambert_2026-01-10_0014,st_louis_downtown_airport_to_st_louis_lambert,St. Louis Downtown Airport to St. Louis Lambert,w_0014,0.0,0.1,0.2,0.7,35.069056570701854,28.561952043924546,40,dbscan_001,dbscan_001
stl_st_louis_downtown_airport_to_st_louis_lambert_2026-01-10_0015,st_louis_downtown_airport_to_st_louis_lambert,St. Louis Downtown Airport to St. Louis Lambert,w_0015,0.0,0.1,0.3,0.6,35.069056570701854,26.5323599996974,40,dbscan_001,dbscan_001
stl_st_louis_downtown_airport_to_st_louis_lambert_2026-01-10_0016,st_louis_downtown_airport_to_st_louis_lambert,St. Louis Downtown Airport to St. Louis Lambert,w_0016,0.0,0.1,0.4,0.5,35.44394722993023,24.393074108991165,41,dbscan_001,dbscan_001
stl_st_louis_downtown_airport_to_st_louis_lambert_2026-01-10_0017,st_louis_downtown_airport_to_st_louis_lambert,St. Louis Downtown Airport to St. Louis Lambert,w_0017,0.0,0.1,0.5,0.4,35.44394722993023,22.09067580635582,41,dbscan_001,dbscan_001
stl_st_louis_downtown_airport_to_st_louis_lambert_2026-01-10_0018,st_louis_downtown_airport_to_st_louis_lambert,St. Louis Downtown Airport to St. Louis Lambert,w_0018,0.0,0.1,0.6,0.3,36.34762986054361,19.70136635229789,42,dbscan_001,dbscan_001
stl_st_louis_downtown_airport_to_st_louis_lambert_2026-01-10_0019,st_louis_downtown_airport_to_st_louis_lambert,St. Louis Downtown Airport to St. Louis Lambert,w_0019,0.0,0.1,0.7,0.2,213.0163882233476,16.428836649740727,266,dbscan_003,dbscan_002
stl_st_louis_downtown_airport_to_st_louis_lambert_2026-01-10_0020,st_louis_downtown_airport_to_st_louis_lambert,St. Louis Downtown Airport to St. Louis Lambert,w_0020,0.0,0.1,0.8,0.1,215.74621182573375,11.88881487957602,269,dbscan_003,dbscan_002
stl_st_louis_downtown_airport_to_st_louis_lambert_2026-01-10_0021,st_louis_downtown_airport_to_st_louis_lambert,St. Louis Downtown Airport to St. Louis Lambert,w_0021,0.0,0.1,0.9,0.0,215.2114899500264,7.161503583509296,269,dbscan_003,dbscan_002
stl_st_louis_downtown_airport_to_st_louis_lambert_2026-01-10_0022,st_louis_downtown_airport_to_st_louis_lambert,St. Louis Downtown Airport to St. Louis Lambert,w_0022,0.0,0.2,0.0,0.8,35.06932923764436,31.677514595203395,40,dbscan_001,dbscan_001
stl_st_louis_downtown_airport_to_st_louis_lambert_2026-01-10_0023,st_louis_downtown_airport_to_st_louis_lambert,St. Louis Downtown Airport to St. Louis Lambert,w_0023,0.0,0.2,0.1,0.7,35.069056570701854,29.812680220530503,40,dbscan_001,dbscan_001
stl_st_louis_downtown_airport_to_st_louis_lambert_2026-01-10_0024,st_louis_downtown_airport_to_st_louis_lambert,St. Louis Downtown Airport to St. Louis Lambert,w_0024,0.0,0.2,0.2,0.6,35.069056570701854,27.78308817630336,40,dbscan_001,dbscan_001
stl_st_louis_downtown_airport_to_st_louis_lambert_2026-01-10_0025,st_louis_downtown_airport_to_st_louis_lambert,St. Louis Downtown Airport to St. Louis Lambert,w_0025,0.0,0.2,0.3,0.5,35.069056570701854,25.75349613207622,40,dbscan_001,dbscan_001
stl_st_louis_downtown_airport_to_st_louis_lambert_2026-01-10_0026,st_louis_downtown_airport_to_st_louis_lambert,St. Louis Downtown Airport to St. Louis Lambert,w_0026,0.0,0.2,0.4,0.4,35.44394722993023,23.59574142852372,41,dbscan_001,dbscan_001
stl_st_louis_downtown_airport_to_st_louis_lambert_2026-01-10_0027,st_louis_downtown_airport_to_st_louis_lambert,St. Louis Downtown Airport to St. Louis Lambert,w_0027,0.0,0.2,0.5,0.3,35.44394722993023,21.293343125888367,41,dbscan_001,dbscan_001
stl_st_louis_downtown_airport_to_st_louis_lambert_2026-01-10_0028,st_louis_downtown_airport_to_st_louis_lambert,St. Louis Downtown Airport to St. Louis Lambert,w_0028,0.0,0.2,0.6,0.2,212.481150233092,18.10301142935441,266,dbscan_003,dbscan_002
stl_st_louis_downtown_airport_to_st_louis_lambert_2026-01-10_0029,st_louis_downtown_airport_to_st_louis_lambert,St. Louis Downtown Airport to St. Louis Lambert,w_0029,0.0,0.2,0.7,0.1,215.74621182573375,13.523431423752536,269,dbscan_003,dbscan_002
stl_st_louis_downtown_airport_to_st_louis_lambert_2026-01-10_0030,st_louis_downtown_airport_to_st_louis_lambert,St. Louis Downtown Airport to St. Louis Lambert,w_0030,0.0,0.2,0.8,0.0,218.4408935094079,8.789097719165408,272,dbscan_005,dbscan_noise_004
stl_st_louis_downtown_airport_to_st_louis_lambert_2026-01-10_0031,st_louis_downtown_airport_to_st_louis_lambert,St. Louis Downtown Airport to St. Louis Lambert,w_0031,0.0,0.3,0.0,0.7,35.445886833267345,30.45456203944274,41,dbscan_001,dbscan_001
stl_st_louis_downtown_airport_to_st_louis_lambert_2026-01-10_0032,st_louis_downtown_airport_to_st_louis_lambert,St. Louis Downtown Airport to St. Louis Lambert,w_0032,0.0,0.3,0.1,0.6,35.44576618687472,28.64707644783337,41,dbscan_001,dbscan_001
stl_st_louis_downtown_airport_to_st_louis_lambert_2026-01-10_0033,st_louis_downtown_airport_to_st_louis_lambert,St. Louis Downtown Airport to St. Louis Lambert,w_0033,0.0,0.3,0.2,0.5,35.44576618687472,26.799069236534343,41,dbscan_001,dbscan_001
stl_st_louis_downtown_airport_to_st_louis_lambert_2026-01-10_0034,st_louis_downtown_airport_to_st_louis_lambert,St. Louis Downtown Airport to St. Louis Lambert,w_0034,0.0,0.3,0.3,0.4,35.44478939636585,24.793004432548337,41,dbscan_001,dbscan_001
stl_st_louis_downtown_airport_to_st_louis_lambert_2026-01-10_0035,st_louis_downtown_airport_to_st_louis_lambert,St. Louis Downtown Airport to St. Louis Lambert,w_0035,0.0,0.3,0.4,0.3,35.82007015131781,22.63418586967476,42,dbscan_001,dbscan_001
stl_st_louis_downtown_airport_to_st_louis_lambert_2026-01-10_0036,st_louis_downtown_airport_to_st_louis_lambert,St. Louis Downtown Airport to St. Louis Lambert,w_0036,0.0,0.3,0.5,0.2,203.54889573691057,19.13519377531531,247,dbscan_006,dbscan_noise_005
stl_st_louis_downtown_airport_to_st_louis_lambert_2026-01-10_0037,st_louis_downtown_airport_to_st_louis_lambert,St. Louis Downtown Airport to St. Louis Lambert,w_0037,0.0,0.3,0.6,0.1,213.79632843124253,14.658578494768836,261,dbscan_011,dbscan_noise_006
stl_st_louis_downtown_airport_to_st_louis_lambert_2026-01-10_0038,st_louis_downtown_airport_to_st_louis_lambert,St. Louis Downtown Airport to St. Louis Lambert,w_0038,0.0,0.3,0.7,0.0,218.4408935094079,9.83982001160506,272,dbscan_005,dbscan_noise_004
stl_st_louis_downtown_airport_to_st_louis_lambert_2026-01-10_0039,st_louis_downtown_airport_to_st_louis_lambert,St. Louis Downtown Airport to St. Louis Lambert,w_0039,0.0,0.4,0.0,0.6,36.19711858407648,28.76484096834563,43,dbscan_001,dbscan_001
stl_st_louis_downtown_airport_to_st_louis_lambert_2026-01-10_0040,st_louis_downtown_airport_to_st_louis_lambert,St. Louis Downtown Airport to St. Louis Lambert,w_0040,0.0,0.4,0.1,0.5,36.19699793768386,27.103791846516422,43,dbscan_001,dbscan_001
stl_st_louis_downtown_airport_to_st_louis_lambert_2026-01-10_0041,st_louis_downtown_airport_to_st_louis_lambert,St. Louis Downtown Airport to St. Louis Lambert,w_0041,0.0,0.4,0.2,0.4,36.19699793768386,25.388713898434347,43,dbscan_001,dbscan_001
stl_st_louis_downtown_airport_to_st_louis_lambert_2026-01-10_0042,st_louis_downtown_airport_to_st_louis_lambert,St. Louis Downtown Airport to St. Louis Lambert,w_0042,0.0,0.4,0.3,0.3,36.19644533623251,23.5151315875763,43,dbscan_001,dbscan_001
stl_st_louis_downtown_airport_to_st_louis_lambert_2026-01-10_0043,st_louis_downtown_airport_to_st_louis_lambert,St. Louis Downtown Airport to St. Louis Lambert,w_0043,0.0,0.4,0.4,0.2,203.54889573691057,19.824382140162875,247,dbscan_006,dbscan_noise_005
stl_st_louis_downtown_airport_to_st_louis_lambert_2026-01-10_0044,st_louis_downtown_airport_to_st_louis_lambert,St. Louis Downtown Airport to St. Louis Lambert,w_0044,0.0,0.4,0.5,0.1,211.59728866438195,15.565490421602174,258,dbscan_012,dbscan_noise_007
stl_st_louis_downtown_airport_to_st_louis_lambert_2026-01-10_0045,st_louis_downtown_airport_to_st_louis_lambert,St. Louis Downtown Airport to St. Louis Lambert,w_0045,0.0,0.4,0.6,0.0,237.0566816463433,10.723611751496126,293,dbscan_013,dbscan_noise_008
stl_st_louis_downtown_airport_to_st_louis_lambert_2026-01-10_0046,st_louis_downtown_airport_to_st_louis_lambert,St. Louis Downtown Airport to St. Louis Lambert,w_0046,0.0,0.5,0.0,0.5,44.03384803406542,26.60939863291437,54,dbscan_002,dbscan_003
stl_st_louis_downtown_airport_to_st_louis_lambert_2026-01-10_0047,st_louis_downtown_airport_to_st_louis_lambert,St. Louis Downtown Airport to St. Louis Lambert,w_0047,0.0,0.5,0.1,0.4,36.57203293072045,25.149126331001234,44,dbscan_001,dbscan_001
stl_st_louis_downtown_airport_to_st_louis_lambert_2026-01-10_0048,st_louis_downtown_airport_to_st_louis_lambert,St. Louis Downtown Airport to St. Louis Lambert,w_0048,0.0,0.5,0.2,0.3,36.57203293072045,23.329246108318763,44,dbscan_001,dbscan_001
stl_st_louis_downtown_airport_to_st_louis_lambert_2026-01-10_0049,st_louis_downtown_airport_to_st_louis_lambert,St. Louis Downtown Airport to St. Louis Lambert,w_0049,0.0,0.5,0.3,0.2,201.36613039771248,20.44982505925311,244,dbscan_007,dbscan_noise_009
stl_st_louis_downtown_airport_to_st_louis_lambert_2026-01-10_0050,st_louis_downtown_airport_to_st_louis_lambert,St. Louis Downtown Airport to St. Louis Lambert,w_0050,0.0,0.5,0.4,0.1,201.36613039771248,16.31940504183279,244,dbscan_007,dbscan_noise_009
stl_st_louis_downtown_airport_to_st_louis_lambert_2026-01-10_0051,st_louis_downtown_airport_to_st_louis_lambert,St. Louis Downtown Airport to St. Louis Lambert,w_0051,0.0,0.5,0.5,0.0,236.52741123537592,10.604261557346508,293,dbscan_014,dbscan_noise_010
stl_st_louis_downtown_airport_to_st_louis_lambert_2026-01-10_0052,st_louis_downtown_airport_to_st_louis_lambert,St. Louis Downtown Airport to St. Louis Lambert,w_0052,0.0,0.6,0.0,0.4,44.03384803406542,23.091278359497245,54,dbscan_002,dbscan_003
stl_st_louis_downtown_airport_to_st_louis_lambert_2026-01-10_0053,st_louis_downtown_airport_to_st_louis_lambert,St. Louis Downtown Airport to St. Louis Lambert,w_0053,0.0,0.6,0.1,0.3,44.41541155273392,22.05232337438969,55,dbscan_002,dbscan_003
stl_st_louis_downtown_airport_to_st_louis_lambert_2026-01-10_0054,st_louis_downtown_airport_to_st_louis_lambert,St. Louis Downtown Airport to St. Louis Lambert,w_0054,0.0,0.6,0.2,0.2,216.147045208331,20.460367143354866,265,dbscan_004,dbscan_noise_011
stl_st_louis_downtown_airport_to_st_louis_lambert_2026-01-10_0055,st_louis_downtown_airport_to_st_louis_lambert,St. Louis Downtown Airport to St. Louis Lambert,w_0055,0.0,0.6,0.3,0.1,218.0569280869424,15.840167181331289,267,dbscan_015,dbscan_noise_012
stl_st_louis_downtown_airport_to_st_louis_lambert_2026-01-10_0056,st_louis_downtown_airport_to_st_louis_lambert,St. Louis Downtown Airport to St. Louis Lambert,w_0056,0.0,0.6,0.4,0.0,232.63311915294463,10.337710491938326,286,dbscan_016,dbscan_noise_013
stl_st_louis_downtown_airport_to_st_louis_lambert_2026-01-10_0057,st_louis_downtown_airport_to_st_louis_lambert,St. Louis Downtown Airport to St. Louis Lambert,w_0057,0.0,0.7,0.0,0.3,44.94282493851701,19.51444065027037,55,dbscan_002,dbscan_003
stl_st_louis_downtown_airport_to_st_louis_lambert_2026-01-10_0058,st_louis_downtown_airport_to_st_louis_lambert,St. Louis Downtown Airport to St. Louis Lambert,w_0058,0.0,0.7,0.1,0.2,44.41541155273392,18.4401006101426,55,dbscan_002,dbscan_003
stl_st_louis_downtown_airport_to_st_louis_lambert_2026-01-10_0059,st_louis_downtown_airport_to_st_louis_lambert,St. Louis Downtown Airport to St. Louis Lambert,w_0059,0.0,0.7,0.2,0.1,216.147045208331,15.05305058483126,265,dbscan_004,dbscan_noise_011
stl_st_louis_downtown_airport_to_st_louis_lambert_2026-01-10_0060,st_louis_downtown_airport_to_st_louis_lambert,St. Louis Downtown Airport to St. Louis Lambert,w_0060,0.0,0.7,0.3,0.0,232.2593011971317,9.967767265278422,285,dbscan_017,dbscan_noise_014
stl_st_louis_downtown_airport_to_st_louis_lambert_2026-01-10_0061,st_louis_downtown_airport_to_st_louis_lambert,St. Louis Downtown Airport to St. Louis Lambert,w_0061,0.0,0.8,0.0,0.2,44.94282493851701,15.902217886023276,55,dbscan_002,dbscan_003
stl_st_louis_downtown_airport_to_st_louis_lambert_2026-01-10_0062,st_louis_downtown_airport_to_st_louis_lambert,St. Louis Downtown Airport to St. Louis Lambert,w_0062,0.0,0.8,0.1,0.1,216.147045208331,14.193600779059448,265,dbscan_004,dbscan_noise_011
stl_st_louis_downtown_airport_to_st_louis_lambert_2026-01-10_0063,st_louis_downtown_airport_to_st_louis_lambert,St. Louis Downtown Airport to St. Louis Lambert,w_0063,0.0,0.8,0.2,0.0,227.274082309813,9.381121855966931,279,dbscan_018,dbscan_noise_015
stl_st_louis_downtown_airport_to_st_louis_lambert_2026-01-10_0064,st_louis_downtown_airport_to_st_louis_lambert,St. Louis Downtown Airport to St. Louis Lambert,w_0064,0.0,0.9,0.0,0.1,47.51143657183832,12.183943361283864,59,dbscan_002,dbscan_003
stl_st_louis_downtown_airport_to_st_louis_lambert_2026-01-10_0065,st_louis_downtown_airport_to_st_louis_lambert,St. Louis Downtown Airport to St. Louis Lambert,w_0065,0.0,0.9,0.1,0.0,100.41085896717146,7.954664272822439,122,dbscan_019,dbscan_noise_016
stl_st_louis_downtown_airport_to_st_louis_lambert_2026-01-10_0066,st_louis_downtown_airport_to_st_louis_lambert,St. Louis Downtown Airport to St. Louis Lambert,w_0066,0.0,1.0,0.0,0.0,102.57895021630785,4.632823901975517,125,dbscan_020,dbscan_noise_017
stl_st_louis_downtown_airport_to_st_louis_lambert_2026-01-10_0067,st_louis_downtown_airport_to_st_louis_lambert,St. Louis Downtown Airport to St. Louis Lambert,w_0067,0.1,0.0,0.0,0.9,35.06847425714207,33.919512377179984,40,dbscan_001,dbscan_001
stl_st_louis_downtown_airport_to_st_louis_lambert_2026-01-10_0068,st_louis_downtown_airport_to_st_louis_lambert,St. Louis Downtown Airport to St. Louis Lambert,w_0068,0.1,0.0,0.1,0.8,35.069056570701854,31.889984420325877,40,dbscan_001,dbscan_001
stl_st_louis_downtown_airport_to_st_louis_lambert_2026-01-10_0069,st_louis_downtown_airport_to_st_louis_lambert,St. Louis Downtown Airport to St. Louis Lambert,w_0069,0.1,0.0,0.2,0.7,35.069056570701854,29.86039237609873,40,dbscan_001,dbscan_001
stl_st_louis_downtown_airport_to_st_louis_lambert_2026-01-10_0070,st_louis_downtown_airport_to_st_louis_lambert,St. Louis Downtown Airport to St. Louis Lambert,w_0070,0.1,0.0,0.3,0.6,35.069056570701854,27.830800331871583,40,dbscan_001,dbscan_001
stl_st_louis_downtown_airport_to_st_louis_lambert_2026-01-10_0071,st_louis_downtown_airport_to_st_louis_lambert,St. Louis Downtown Airport to St. Louis Lambert,w_0071,0.1,0.0,0.4,0.5,35.44394722993023,25.65124239544937,41,dbscan_001,dbscan_001
stl_st_louis_downtown_airport_to_st_louis_lambert_2026-01-10_0072,st_louis_downtown_airport_to_st_louis_lambert,St. Louis Downtown Airport to St. Louis Lambert,w_0072,0.1,0.0,0.5,0.4,35.44394722993023,23.34884409281402,41,dbscan_001,dbscan_001
stl_st_louis_downtown_airport_to_st_louis_lambert_2026-01-10_0073,st_louis_downtown_airport_to_st_louis_lambert,St. Louis Downtown Airport to St. Louis Lambert,w_0073,0.1,0.0,0.6,0.3,36.34762986054361,21.013547958654566,42,dbscan_001,dbscan_001
stl_st_louis_downtown_airport_to_st_louis_lambert_2026-01-10_0074,st_louis_downtown_airport_to_st_louis_lambert,St. Louis Downtown Airport to St. Louis Lambert,w_0074,0.1,0.0,0.7,0.2,36.34762986054361,18.53909066450745,42,dbscan_001,dbscan_001
stl_st_louis_downtown_airport_to_st_louis_lambert_2026-01-10_0075,st_louis_downtown_airport_to_st_louis_lambert,St. Louis Downtown Airport to St. Louis Lambert,w_0075,0.1,0.0,0.8,0.1,36.34762986054361,16.06463337036034,42,dbscan_001,dbscan_001
stl_st_louis_downtown_airport_to_st_louis_lambert_2026-01-10_0076,st_louis_downtown_airport_to_st_louis_lambert,St. Louis Downtown Airport to St. Louis Lambert,w_0076,0.1,0.0,0.9,0.0,51.23267428944524,12.449155750765572,69,dbscan_021,dbscan_noise_018
stl_st_louis_downtown_airport_to_st_louis_lambert_2026-01-10_0077,st_louis_downtown_airport_to_st_louis_lambert,St. Louis Downtown Airport to St. Louis Lambert,w_0077,0.1,0.1,0.0,0.8,35.06932923764436,33.05836377091505,40,dbscan_001,dbscan_001
stl_st_louis_downtown_airport_to_st_louis_lambert_2026-01-10_0078,st_louis_downtown_airport_to_st_louis_lambert,St. Louis Downtown Airport to St. Louis Lambert,w_0078,0.1,0.1,0.1,0.7,35.069056570701854,31.11112055270469,40,dbscan_001,dbscan_001
stl_st_louis_downtown_airport_to_st_louis_lambert_2026-01-10_0079,st_louis_downtown_airport_to_st_louis_lambert,St. Louis Downtown Airport to St. Louis Lambert,w_0079,0.1,0.1,0.2,0.6,35.069056570701854,29.08152850847755,40,dbscan_001,dbscan_001
stl_st_louis_downtown_airport_to_st_louis_lambert_2026-01-10_0080,st_louis_downtown_airport_to_st_louis_lambert,St. Louis Downtown Airport to St. Louis Lambert,w_0080,0.1,0.1,0.3,0.5,35.069056570701854,27.05193646425041,40,dbscan_001,dbscan_001
stl_st_louis_downtown_airport_to_st_louis_lambert_2026-01-10_0081,st_louis_downtown_airport_to_st_louis_lambert,St. Louis Downtown Airport to St. Louis Lambert,w_0081,0.1,0.1,0.4,0.4,35.44394722993023,24.85390971498192,41,dbscan_001,dbscan_001
stl_st_louis_downtown_airport_to_st_louis_lambert_2026-01-10_0082,st_louis_downtown_airport_to_st_louis_lambert,St. Louis Downtown Airport to St. Louis Lambert,w_0082,0.1,0.1,0.5,0.3,35.44394722993023,22.55151141234657,41,dbscan_001,dbscan_001
stl_st_louis_downtown_airport_to_st_louis_lambert_2026-01-10_0083,st_louis_downtown_airport_to_st_louis_lambert,St. Louis Downtown Airport to St. Louis Lambert,w_0083,0.1,0.1,0.6,0.2,36.34762986054361,20.161658075835145,42,dbscan_001,dbscan_001
stl_st_louis_downtown_airport_to_st_louis_lambert_2026-01-10_0084,st_louis_downtown_airport_to_st_louis_lambert,St. Louis Downtown Airport to St. Louis Lambert,w_0084,0.1,0.1,0.7,0.1,36.34762986054361,17.68720078168803,42,dbscan_001,dbscan_001
stl_st_louis_downtown_airport_to_st_louis_lambert_2026-01-10_0085,st_louis_downtown_airport_to_st_louis_lambert,St. Louis Downtown Airport to St. Louis Lambert,w_0085,0.1,0.1,0.8,0.0,40.72661433095241,15.176473954598592,48,dbscan_022,dbscan_noise_019
stl_st_louis_downtown_airport_to_st_louis_lambert_2026-01-10_0086,st_louis_downtown_airport_to_st_louis_lambert,St. Louis Downtown Airport to St. Louis Lambert,w_0086,0.1,0.2,0.0,0.7,35.06987633323177,32.1620659109165,40,dbscan_001,dbscan_001
stl_st_louis_downtown_airport_to_st_louis_lambert_2026-01-10_0087,st_louis_downtown_airport_to_st_louis_lambert,St. Louis Downtown Airport to St. Louis Lambert,w_0087,0.1,0.2,0.1,0.6,35.0695243590648,30.309197240304066,40,dbscan_001,dbscan_001
stl_st_louis_downtown_airport_to_st_louis_lambert_2026-01-10_0088,st_louis_downtown_airport_to_st_louis_lambert,St. Louis Downtown Airport to St. Louis Lambert,w_0088,0.1,0.2,0.2,0.5,35.069056570701854,28.30266464085637,40,dbscan_001,dbscan_001
stl_st_louis_downtown_airport_to_st_louis_lambert_2026-01-10_0089,st_louis_downtown_airport_to_st_louis_lambert,St. Louis Downtown Airport to St. Louis Lambert,w_0089,0.1,0.2,0.3,0.4,35.069056570701854,26.27307259662923,40,dbscan_001,dbscan_001
stl_st_louis_downtown_airport_to_st_louis_lambert_2026-01-10_0090,st_louis_downtown_airport_to_st_louis_lambert,St. Louis Downtown Airport to St. Louis Lambert,w_0090,0.1,0.2,0.4,0.3,35.44394722993023,24.05657703451446,41,dbscan_001,dbscan_001
stl_st_louis_downtown_airport_to_st_louis_lambert_2026-01-10_0091,st_louis_downtown_airport_to_st_louis_lambert,St. Louis Downtown Airport to St. Louis Lambert,w_0091,0.1,0.2,0.5,0.2,35.44394722993023,21.754178731879115,41,dbscan_001,dbscan_001
stl_st_louis_downtown_airport_to_st_louis_lambert_2026-01-10_0092,st_louis_downtown_airport_to_st_louis_lambert,St. Louis Downtown Airport to St. Louis Lambert,w_0092,0.1,0.2,0.6,0.1,36.34762986054361,19.30976819301572,42,dbscan_001,dbscan_001
stl_st_louis_downtown_airport_to_st_louis_lambert_2026-01-10_0093,st_louis_downtown_airport_to_st_louis_lambert,St. Louis Downtown Airport to St. Louis Lambert,w_0093,0.1,0.2,0.7,0.0,36.34762986054361,16.835310898868606,42,dbscan_001,dbscan_001
stl_st_louis_downtown_airport_to_st_louis_lambert_2026-01-10_0094,st_louis_downtown_airport_to_st_louis_lambert,St. Louis Downtown Airport to St. Louis Lambert,w_0094,0.1,0.3,0.0,0.6,35.44580648998812,30.91560226902656,41,dbscan_001,dbscan_001
stl_st_louis_downtown_airport_to_st_louis_lambert_2026-01-10_0095,st_louis_downtown_airport_to_st_louis_lambert,St. Louis Downtown Airport to St. Louis Lambert,w_0095,0.1,0.3,0.1,0.5,35.44576618687472,29.10811224179892,41,dbscan_001,dbscan_001
stl_st_louis_downtown_airport_to_st_louis_lambert_2026-01-10_0096,st_louis_downtown_airport_to_st_louis_lambert,St. Louis Downtown Airport to St. Louis Lambert,w_0096,0.1,0.3,0.2,0.4,35.44576618687472,27.26010503049989,41,dbscan_001,dbscan_001
stl_st_louis_downtown_airport_to_st_louis_lambert_2026-01-10_0097,st_louis_downtown_airport_to_st_louis_lambert,St. Louis Downtown Airport to St. Louis Lambert,w_0097,0.1,0.3,0.3,0.3,35.44478939636585,25.25393272440155,41,dbscan_001,dbscan_001
stl_st_louis_downtown_airport_to_st_louis_lambert_2026-01-10_0098,st_louis_downtown_airport_to_st_louis_lambert,St. Louis Downtown Airport to St. Louis Lambert,w_0098,0.1,0.3,0.4,0.2,35.82007015131781,23.03641623552281,42,dbscan_001,dbscan_001
stl_st_louis_downtown_airport_to_st_louis_lambert_2026-01-10_0099,st_louis_downtown_airport_to_st_louis_lambert,St. Louis Downtown Airport to St. Louis Lambert,w_0099,0.1,0.3,0.5,0.1,35.81909147163375,20.795976909237552,42,dbscan_001,dbscan_001
stl_st_louis_downtown_airport_to_st_louis_lambert_2026-01-10_0100,st_louis_downtown_airport_to_st_louis_lambert,St. Louis Downtown Airport to St. Louis Lambert,w_0100,0.1,0.3,0.6,0.0,35.81909147163375,18.38171083164836,42,dbscan_001,dbscan_001
stl_st_louis_downtown_airport_to_st_louis_lambert_2026-01-10_0101,st_louis_downtown_airport_to_st_louis_lambert,St. Louis Downtown Airport to St. Louis Lambert,w_0101,0.1,0.4,0.0,0.5,36.197024617572914,29.1085576109412,43,dbscan_001,dbscan_001
stl_st_louis_downtown_airport_to_st_louis_lambert_2026-01-10_0102,st_louis_downtown_airport_to_st_louis_lambert,St. Louis Downtown Airport to St. Louis Lambert,w_0102,0.1,0.4,0.1,0.4,36.19698431445951,27.44750405349372,43,dbscan_001,dbscan_001
stl_st_louis_downtown_airport_to_st_louis_lambert_2026-01-10_0103,st_louis_downtown_airport_to_st_louis_lambert,St. Louis Downtown Airport to St. Louis Lambert,w_0103,0.1,0.4,0.2,0.3,36.57200568741096,25.7004305318876,44,dbscan_001,dbscan_001
stl_st_louis_downtown_airport_to_st_louis_lambert_2026-01-10_0104,st_louis_downtown_airport_to_st_louis_lambert,St. Louis Downtown Airport to St. Louis Lambert,w_0104,0.1,0.4,0.3,0.2,36.19641809292302,23.858781478211792,43,dbscan_001,dbscan_001
stl_st_louis_downtown_airport_to_st_louis_lambert_2026-01-10_0105,st_louis_downtown_airport_to_st_louis_lambert,St. Louis Downtown Airport to St. Louis Lambert,w_0105,0.1,0.4,0.4,0.1,35.82007015131781,21.765494505242287,42,dbscan_001,dbscan_001
stl_st_louis_downtown_airport_to_st_louis_lambert_2026-01-10_0106,st_louis_downtown_airport_to_st_louis_lambert,St. Louis Downtown Airport to St. Louis Lambert,w_0106,0.1,0.4,0.5,0.0,35.82007015131781,19.52723227037137,42,dbscan_001,dbscan_001
stl_st_louis_downtown_airport_to_st_louis_lambert_2026-01-10_0107,st_louis_downtown_airport_to_st_louis_lambert,St. Louis Downtown Airport to St. Louis Lambert,w_0107,0.1,0.5,0.0,0.4,41.9229869363072,26.803294458053653,54,dbscan_002,dbscan_003
stl_st_louis_downtown_airport_to_st_louis_lambert_2026-01-10_0108,st_louis_downtown_airport_to_st_louis_lambert,St. Louis Downtown Airport to St. Louis Lambert,w_0108,0.1,0.5,0.1,0.3,36.57200568741096,25.43411206530681,44,dbscan_001,dbscan_001
stl_st_louis_downtown_airport_to_st_louis_lambert_2026-01-10_0109,st_louis_downtown_airport_to_st_louis_lambert,St. Louis Downtown Airport to St. Louis Lambert,w_0109,0.1,0.5,0.2,0.2,36.57200568741096,23.61423184262434,44,dbscan_001,dbscan_001
stl_st_louis_downtown_airport_to_st_louis_lambert_2026-01-10_0110,st_louis_downtown_airport_to_st_louis_lambert,St. Louis Downtown Airport to St. Louis Lambert,w_0110,0.1,0.5,0.3,0.1,38.39181684054256,21.749164270253427,46,dbscan_001,dbscan_001
stl_st_louis_downtown_airport_to_st_louis_lambert_2026-01-10_0111,st_louis_downtown_airport_to_st_louis_lambert,St. Louis Downtown Airport to St. Louis Lambert,w_0111,0.1,0.5,0.4,0.0,38.39181684054256,19.569582872825958,46,dbscan_001,dbscan_001
stl_st_louis_downtown_airport_to_st_louis_lambert_2026-01-10_0112,st_louis_downtown_airport_to_st_louis_lambert,St. Louis Downtown Airport to St. Louis Lambert,w_0112,0.1,0.6,0.0,0.3,41.9229869363072,23.285174184636524,54,dbscan_002,dbscan_003
stl_st_louis_downtown_airport_to_st_louis_lambert_2026-01-10_0113,st_louis_downtown_airport_to_st_louis_lambert,St. Louis Downtown Airport to St. Louis Lambert,w_0113,0.1,0.6,0.1,0.2,42.83221172122829,22.347993186790628,55,dbscan_002,dbscan_003
stl_st_louis_downtown_airport_to_st_louis_lambert_2026-01-10_0114,st_louis_downtown_airport_to_st_louis_lambert,St. Louis Downtown Airport to St. Louis Lambert,w_0114,0.1,0.6,0.2,0.1,42.45474229420496,21.181407444931168,54,dbscan_023,dbscan_noise_020
stl_st_louis_downtown_airport_to_st_louis_lambert_2026-01-10_0115,st_louis_downtown_airport_to_st_louis_lambert,St. Louis Downtown Airport to St. Louis Lambert,w_0115,0.1,0.6,0.3,0.0,43.20619233606305,19.12284110567838,56,dbscan_024,dbscan_noise_021
stl_st_louis_downtown_airport_to_st_louis_lambert_2026-01-10_0116,st_louis_downtown_airport_to_st_louis_lambert,St. Louis Downtown Airport to St. Louis Lambert,w_0116,0.1,0.7,0.0,0.2,42.29849336979702,19.68966338678702,55,dbscan_002,dbscan_003
stl_st_louis_downtown_airport_to_st_louis_lambert_2026-01-10_0117,st_louis_downtown_airport_to_st_louis_lambert,St. Louis Downtown Airport to St. Louis Lambert,w_0117,0.1,0.7,0.1,0.1,42.83221172122829,18.73577042254353,55,dbscan_002,dbscan_003
stl_st_louis_downtown_airport_to_st_louis_lambert_2026-01-10_0118,st_louis_downtown_airport_to_st_louis_lambert,St. Louis Downtown Airport to St. Louis Lambert,w_0118,0.1,0.7,0.2,0.0,45.93026536715756,17.514124622507882,59,dbscan_002,dbscan_003
stl_st_louis_downtown_airport_to_st_louis_lambert_2026-01-10_0119,st_louis_downtown_airport_to_st_louis_lambert,St. Louis Downtown Airport to St. Louis Lambert,w_0119,0.1,0.8,0.0,0.1,41.77074742931658,16.059358768896814,55,dbscan_002,dbscan_003
stl_st_louis_downtown_airport_to_st_louis_lambert_2026-01-10_0120,st_louis_downtown_airport_to_st_louis_lambert,St. Louis Downtown Airport to St. Louis Lambert,w_0120,0.1,0.8,0.1,0.0,43.58284919492818,15.014142418767872,57,dbscan_002,dbscan_003
stl_st_louis_downtown_airport_to_st_louis_lambert_2026-01-10_0121,st_louis_downtown_airport_to_st_louis_lambert,St. Louis Downtown Airport to St. Louis Lambert,w_0121,0.1,0.9,0.0,0.0,43.80569615290962,12.300538894859075,59,dbscan_002,dbscan_003
stl_st_louis_downtown_airport_to_st_louis_lambert_2026-01-10_0122,st_louis_downtown_airport_to_st_louis_lambert,St. Louis Downtown Airport to St. Louis Lambert,w_0122,0.2,0.0,0.0,0.8,35.06847425714207,34.43902475435996,40,dbscan_001,dbscan_001
stl_st_louis_downtown_airport_to_st_louis_lambert_2026-01-10_0123,st_louis_downtown_airport_to_st_louis_lambert,St. Louis Downtown Airport to St. Louis Lambert,w_0123,0.2,0.0,0.1,0.7,35.069056570701854,32.409560884878886,40,dbscan_001,dbscan_001
stl_st_louis_downtown_airport_to_st_louis_lambert_2026-01-10_0124,st_louis_downtown_airport_to_st_louis_lambert,St. Louis Downtown Airport to St. Louis Lambert,w_0124,0.2,0.0,0.2,0.6,35.069056570701854,30.379968840651745,40,dbscan_001,dbscan_001
stl_st_louis_downtown_airport_to_st_louis_lambert_2026-01-10_0125,st_louis_downtown_airport_to_st_louis_lambert,St. Louis Downtown Airport to St. Louis Lambert,w_0125,0.2,0.0,0.3,0.5,35.069056570701854,28.3503767964246,40,dbscan_001,dbscan_001
stl_st_louis_downtown_airport_to_st_louis_lambert_2026-01-10_0126,st_louis_downtown_airport_to_st_louis_lambert,St. Louis Downtown Airport to St. Louis Lambert,w_0126,0.2,0.0,0.4,0.4,35.44394722993023,26.11207800144012,41,dbscan_001,dbscan_001
stl_st_louis_downtown_airport_to_st_louis_lambert_2026-01-10_0127,st_louis_downtown_airport_to_st_louis_lambert,St. Louis Downtown Airport to St. Louis Lambert,w_0127,0.2,0.0,0.5,0.3,35.44394722993023,23.80967969880477,41,dbscan_001,dbscan_001
stl_st_louis_downtown_airport_to_st_louis_lambert_2026-01-10_0128,st_louis_downtown_airport_to_st_louis_lambert,St. Louis Downtown Airport to St. Louis Lambert,w_0128,0.2,0.0,0.6,0.2,36.34762986054361,21.473839682191823,42,dbscan_001,dbscan_001
stl_st_louis_downtown_airport_to_st_louis_lambert_2026-01-10_0129,st_louis_downtown_airport_to_st_louis_lambert,St. Louis Downtown Airport to St. Louis Lambert,w_0129,0.2,0.0,0.7,0.1,36.34762986054361,18.999382388044708,42,dbscan_001,dbscan_001
stl_st_louis_downtown_airport_to_st_louis_lambert_2026-01-10_0130,st_louis_downtown_airport_to_st_louis_lambert,St. Louis Downtown Airport to St. Louis Lambert,w_0130,0.2,0.0,0.8,0.0,37.47282804884858,16.48627647632196,45,dbscan_001,dbscan_001
stl_st_louis_downtown_airport_to_st_louis_lambert_2026-01-10_0131,st_louis_downtown_airport_to_st_louis_lambert,St. Louis Downtown Airport to St. Louis Lambert,w_0131,0.2,0.1,0.0,0.7,35.06932923764436,33.5779702442284,40,dbscan_001,dbscan_001
stl_st_louis_downtown_airport_to_st_louis_lambert_2026-01-10_0132,st_louis_downtown_airport_to_st_louis_lambert,St. Louis Downtown Airport to St. Louis Lambert,w_0132,0.2,0.1,0.1,0.6,35.069056570701854,31.630697017257702,40,dbscan_001,dbscan_001
stl_st_louis_downtown_airport_to_st_louis_lambert_2026-01-10_0133,st_louis_downtown_airport_to_st_louis_lambert,St. Louis Downtown Airport to St. Louis Lambert,w_0133,0.2,0.1,0.2,0.5,35.069056570701854,29.60110497303056,40,dbscan_001,dbscan_001
stl_st_louis_downtown_airport_to_st_louis_lambert_2026-01-10_0134,st_louis_downtown_airport_to_st_louis_lambert,St. Louis Downtown Airport to St. Louis Lambert,w_0134,0.2,0.1,0.3,0.4,35.069056570701854,27.571512928803426,40,dbscan_001,dbscan_001
stl_st_louis_downtown_airport_to_st_louis_lambert_2026-01-10_0135,st_louis_downtown_airport_to_st_louis_lambert,St. Louis Downtown Airport to St. Louis Lambert,w_0135,0.2,0.1,0.4,0.3,35.44394722993023,25.314745320972666,41,dbscan_001,dbscan_001
stl_st_louis_downtown_airport_to_st_louis_lambert_2026-01-10_0136,st_louis_downtown_airport_to_st_louis_lambert,St. Louis Downtown Airport to St. Louis Lambert,w_0136,0.2,0.1,0.5,0.2,35.44394722993023,23.01234701833732,41,dbscan_001,dbscan_001
stl_st_louis_downtown_airport_to_st_louis_lambert_2026-01-10_0137,st_louis_downtown_airport_to_st_louis_lambert,St. Louis Downtown Airport to St. Louis Lambert,w_0137,0.2,0.1,0.6,0.1,36.34762986054361,20.621949799372395,42,dbscan_001,dbscan_001
stl_st_louis_downtown_airport_to_st_louis_lambert_2026-01-10_0138,st_louis_downtown_airport_to_st_louis_lambert,St. Louis Downtown Airport to St. Louis Lambert,w_0138,0.2,0.1,0.7,0.0,36.34762986054361,18.147492505225284,42,dbscan_001,dbscan_001
stl_st_louis_downtown_airport_to_st_louis_lambert_2026-01-10_0139,st_louis_downtown_airport_to_st_louis_lambert,St. Louis Downtown Airport to St. Louis Lambert,w_0139,0.2,0.2,0.0,0.6,35.06987633323177,32.64173259563728,40,dbscan_001,dbscan_001
stl_st_louis_downtown_airport_to_st_louis_lambert_2026-01-10_0140,st_louis_downtown_airport_to_st_louis_lambert,St. Louis Downtown Airport to St. Louis Lambert,w_0140,0.2,0.2,0.1,0.5,35.0695243590648,30.78882518799157,40,dbscan_001,dbscan_001
stl_st_louis_downtown_airport_to_st_louis_lambert_2026-01-10_0141,st_louis_downtown_airport_to_st_louis_lambert,St. Louis Downtown Airport to St. Louis Lambert,w_0141,0.2,0.2,0.2,0.4,35.069056570701854,28.822241105409383,40,dbscan_001,dbscan_001
stl_st_louis_downtown_airport_to_st_louis_lambert_2026-01-10_0142,st_louis_downtown_airport_to_st_louis_lambert,St. Louis Downtown Airport to St. Louis Lambert,w_0142,0.2,0.2,0.3,0.3,35.069056570701854,26.79264906118224,40,dbscan_001,dbscan_001
stl_st_louis_downtown_airport_to_st_louis_lambert_2026-01-10_0143,st_louis_downtown_airport_to_st_louis_lambert,St. Louis Downtown Airport to St. Louis Lambert,w_0143,0.2,0.2,0.4,0.2,35.44394722993023,24.51741264050521,41,dbscan_001,dbscan_001
stl_st_louis_downtown_airport_to_st_louis_lambert_2026-01-10_0144,st_louis_downtown_airport_to_st_louis_lambert,St. Louis Downtown Airport to St. Louis Lambert,w_0144,0.2,0.2,0.5,0.1,35.81909147163375,22.176371351269417,42,dbscan_001,dbscan_001
stl_st_louis_downtown_airport_to_st_louis_lambert_2026-01-10_0145,st_louis_downtown_airport_to_st_louis_lambert,St. Louis Downtown Airport to St. Louis Lambert,w_0145,0.2,0.2,0.6,0.0,35.81909147163375,19.762105273680223,42,dbscan_001,dbscan_001
stl_st_louis_downtown_airport_to_st_louis_lambert_2026-01-10_0146,st_louis_downtown_airport_to_st_louis_lambert,St. Louis Downtown Airport to St. Louis Lambert,w_0146,0.2,0.3,0.0,0.5,36.197024617572914,31.361064011450352,43,dbscan_001,dbscan_001
stl_st_louis_downtown_airport_to_st_louis_lambert_2026-01-10_0147,st_louis_downtown_airport_to_st_louis_lambert,St. Louis Downtown Airport to St. Louis Lambert,w_0147,0.2,0.3,0.1,0.4,35.44576618687472,29.569148035764464,41,dbscan_001,dbscan_001
stl_st_louis_downtown_airport_to_st_louis_lambert_2026-01-10_0148,st_louis_downtown_airport_to_st_louis_lambert,St. Louis Downtown Airport to St. Louis Lambert,w_0148,0.2,0.3,0.2,0.3,35.44576618687472,27.72114082446543,41,dbscan_001,dbscan_001
stl_st_louis_downtown_airport_to_st_louis_lambert_2026-01-10_0149,st_louis_downtown_airport_to_st_louis_lambert,St. Louis Downtown Airport to St. Louis Lambert,w_0149,0.2,0.3,0.3,0.2,35.82007015131781,25.676908836241783,42,dbscan_001,dbscan_001
stl_st_louis_downtown_airport_to_st_louis_lambert_2026-01-10_0150,st_louis_downtown_airport_to_st_louis_lambert,St. Louis Downtown Airport to St. Louis Lambert,w_0150,0.2,0.3,0.4,0.1,35.82007015131781,23.438646601370863,42,dbscan_001,dbscan_001
stl_st_louis_downtown_airport_to_st_louis_lambert_2026-01-10_0151,st_louis_downtown_airport_to_st_louis_lambert,St. Louis Downtown Airport to St. Louis Lambert,w_0151,0.2,0.3,0.5,0.0,35.81909147163375,21.198099565057326,42,dbscan_001,dbscan_001
stl_st_louis_downtown_airport_to_st_louis_lambert_2026-01-10_0152,st_louis_downtown_airport_to_st_louis_lambert,St. Louis Downtown Airport to St. Louis Lambert,w_0152,0.2,0.4,0.0,0.4,36.197024617572914,29.45227425353676,43,dbscan_001,dbscan_001
stl_st_louis_downtown_airport_to_st_louis_lambert_2026-01-10_0153,st_louis_downtown_airport_to_st_louis_lambert,St. Louis Downtown Airport to St. Louis Lambert,w_0153,0.2,0.4,0.1,0.3,36.19698431445951,27.791216260471018,43,dbscan_001,dbscan_001
stl_st_louis_downtown_airport_to_st_louis_lambert_2026-01-10_0154,st_louis_downtown_airport_to_st_louis_lambert,St. Louis Downtown Airport to St. Louis Lambert,w_0154,0.2,0.4,0.2,0.2,36.57200568741096,25.985416266193173,44,dbscan_001,dbscan_001
stl_st_louis_downtown_airport_to_st_louis_lambert_2026-01-10_0155,st_louis_downtown_airport_to_st_louis_lambert,St. Louis Downtown Airport to St. Louis Lambert,w_0155,0.2,0.4,0.3,0.1,36.57200568741096,24.165536043510706,44,dbscan_001,dbscan_001
stl_st_louis_downtown_airport_to_st_louis_lambert_2026-01-10_0156,st_louis_downtown_airport_to_st_louis_lambert,St. Louis Downtown Airport to St. Louis Lambert,w_0156,0.2,0.4,0.4,0.0,38.39181684054256,22.13432244466601,46,dbscan_001,dbscan_001
stl_st_louis_downtown_airport_to_st_louis_lambert_2026-01-10_0157,st_louis_downtown_airport_to_st_louis_lambert,St. Louis Downtown Airport to St. Louis Lambert,w_0157,0.2,0.5,0.0,0.3,41.9229869363072,26.99719028319293,54,dbscan_002,dbscan_003
stl_st_louis_downtown_airport_to_st_louis_lambert_2026-01-10_0158,st_louis_downtown_airport_to_st_louis_lambert,St. Louis Downtown Airport to St. Louis Lambert,w_0158,0.2,0.5,0.1,0.2,36.57200568741096,25.71909779961238,44,dbscan_001,dbscan_001
stl_st_louis_downtown_airport_to_st_louis_lambert_2026-01-10_0159,st_louis_downtown_airport_to_st_louis_lambert,St. Louis Downtown Airport to St. Louis Lambert,w_0159,0.2,0.5,0.2,0.1,36.57200568741096,23.899217576929917,44,dbscan_001,dbscan_001
stl_st_louis_downtown_airport_to_st_louis_lambert_2026-01-10_0160,st_louis_downtown_airport_to_st_louis_lambert,St. Louis Downtown Airport to St. Louis Lambert,w_0160,0.2,0.5,0.3,0.0,37.85792988176161,22.02978700980445,46,dbscan_001,dbscan_001
stl_st_louis_downtown_airport_to_st_louis_lambert_2026-01-10_0161,st_louis_downtown_airport_to_st_louis_lambert,St. Louis Downtown Airport to St. Louis Lambert,w_0161,0.2,0.6,0.0,0.2,41.77074742931658,23.44094518026453,55,dbscan_002,dbscan_003
stl_st_louis_downtown_airport_to_st_louis_lambert_2026-01-10_0162,st_louis_downtown_airport_to_st_louis_lambert,St. Louis Downtown Airport to St. Louis Lambert,w_0162,0.2,0.6,0.1,0.1,41.77097407009007,22.542570713065565,55,dbscan_002,dbscan_003
stl_st_louis_downtown_airport_to_st_louis_lambert_2026-01-10_0163,st_louis_downtown_airport_to_st_louis_lambert,St. Louis Downtown Airport to St. Louis Lambert,w_0163,0.2,0.6,0.2,0.0,40.86548010622116,21.285753793937936,54,dbscan_025,dbscan_noise_022
stl_st_louis_downtown_airport_to_st_louis_lambert_2026-01-10_0164,st_louis_downtown_airport_to_st_louis_lambert,St. Louis Downtown Airport to St. Louis Lambert,w_0164,0.2,0.7,0.0,0.1,41.77074742931658,19.788722416017443,55,dbscan_002,dbscan_003
stl_st_louis_downtown_airport_to_st_louis_lambert_2026-01-10_0165,st_louis_downtown_airport_to_st_louis_lambert,St. Louis Downtown Airport to St. Louis Lambert,w_0165,0.2,0.7,0.1,0.0,41.77097407009007,18.890347948818476,55,dbscan_002,dbscan_003
stl_st_louis_downtown_airport_to_st_louis_lambert_2026-01-10_0166,st_louis_downtown_airport_to_st_louis_lambert,St. Louis Downtown Airport to St. Louis Lambert,w_0166,0.2,0.8,0.0,0.0,41.77074742931658,16.13649965177035,55,dbscan_002,dbscan_003
stl_st_louis_downtown_airport_to_st_louis_lambert_2026-01-10_0167,st_louis_downtown_airport_to_st_louis_lambert,St. Louis Downtown Airport to St. Louis Lambert,w_0167,0.25,0.25,0.25,0.25,35.44478939636585,27.546491090089983,41,dbscan_001,dbscan_001
stl_st_louis_downtown_airport_to_st_louis_lambert_2026-01-10_0168,st_louis_downtown_airport_to_st_louis_lambert,St. Louis Downtown Airport to St. Louis Lambert,w_0168,0.3,0.0,0.0,0.7,35.06847425714207,34.95853713153994,40,dbscan_001,dbscan_001
stl_st_louis_downtown_airport_to_st_louis_lambert_2026-01-10_0169,st_louis_downtown_airport_to_st_louis_lambert,St. Louis Downtown Airport to St. Louis Lambert,w_0169,0.3,0.0,0.1,0.6,35.069056570701854,32.9291373494319,40,dbscan_001,dbscan_001
stl_st_louis_downtown_airport_to_st_louis_lambert_2026-01-10_0170,st_louis_downtown_airport_to_st_louis_lambert,St. Louis Downtown Airport to St. Louis Lambert,w_0170,0.3,0.0,0.2,0.5,35.069056570701854,30.899545305204757,40,dbscan_001,dbscan_001
stl_st_louis_downtown_airport_to_st_louis_lambert_2026-01-10_0171,st_louis_downtown_airport_to_st_louis_lambert,St. Louis Downtown Airport to St. Louis Lambert,w_0171,0.3,0.0,0.3,0.4,35.069056570701854,28.86995326097761,40,dbscan_001,dbscan_001
stl_st_louis_downtown_airport_to_st_louis_lambert_2026-01-10_0172,st_louis_downtown_airport_to_st_louis_lambert,St. Louis Downtown Airport to St. Louis Lambert,w_0172,0.3,0.0,0.4,0.3,35.44394722993023,26.572913607430863,41,dbscan_001,dbscan_001
stl_st_louis_downtown_airport_to_st_louis_lambert_2026-01-10_0173,st_louis_downtown_airport_to_st_louis_lambert,St. Louis Downtown Airport to St. Louis Lambert,w_0173,0.3,0.0,0.5,0.2,35.44394722993023,24.27051530479552,41,dbscan_001,dbscan_001
stl_st_louis_downtown_airport_to_st_louis_lambert_2026-01-10_0174,st_louis_downtown_airport_to_st_louis_lambert,St. Louis Downtown Airport to St. Louis Lambert,w_0174,0.3,0.0,0.6,0.1,36.34762986054361,21.93413140572907,42,dbscan_001,dbscan_001
stl_st_louis_downtown_airport_to_st_louis_lambert_2026-01-10_0175,st_louis_downtown_airport_to_st_louis_lambert,St. Louis Downtown Airport to St. Louis Lambert,w_0175,0.3,0.0,0.7,0.0,36.34762986054361,19.45967411158196,42,dbscan_001,dbscan_001
stl_st_louis_downtown_airport_to_st_louis_lambert_2026-01-10_0176,st_louis_downtown_airport_to_st_louis_lambert,St. Louis Downtown Airport to St. Louis Lambert,w_0176,0.3,0.1,0.0,0.6,35.06932923764436,34.09757671754175,40,dbscan_001,dbscan_001
stl_st_louis_downtown_airport_to_st_louis_lambert_2026-01-10_0177,st_louis_downtown_airport_to_st_louis_lambert,St. Louis Downtown Airport to St. Louis Lambert,w_0177,0.3,0.1,0.1,0.5,35.069056570701854,32.150273481810714,40,dbscan_001,dbscan_001
stl_st_louis_downtown_airport_to_st_louis_lambert_2026-01-10_0178,st_louis_downtown_airport_to_st_louis_lambert,St. Louis Downtown Airport to St. Louis Lambert,w_0178,0.3,0.1,0.2,0.4,35.069056570701854,30.12068143758357,40,dbscan_001,dbscan_001
stl_st_louis_downtown_airport_to_st_louis_lambert_2026-01-10_0179,st_louis_downtown_airport_to_st_louis_lambert,St. Louis Downtown Airport to St. Louis Lambert,w_0179,0.3,0.1,0.3,0.3,35.44394722993023,28.077979229598757,41,dbscan_001,dbscan_001
stl_st_louis_downtown_airport_to_st_louis_lambert_2026-01-10_0180,st_louis_downtown_airport_to_st_louis_lambert,St. Louis Downtown Airport to St. Louis Lambert,w_0180,0.3,0.1,0.4,0.2,35.44394722993023,25.775580926963407,41,dbscan_001,dbscan_001
stl_st_louis_downtown_airport_to_st_louis_lambert_2026-01-10_0181,st_louis_downtown_airport_to_st_louis_lambert,St. Louis Downtown Airport to St. Louis Lambert,w_0181,0.3,0.1,0.5,0.1,35.44394722993023,23.47318262432806,41,dbscan_001,dbscan_001
stl_st_louis_downtown_airport_to_st_louis_lambert_2026-01-10_0182,st_louis_downtown_airport_to_st_louis_lambert,St. Louis Downtown Airport to St. Louis Lambert,w_0182,0.3,0.1,0.6,0.0,36.34762986054361,21.082241522909648,42,dbscan_001,dbscan_001
stl_st_louis_downtown_airport_to_st_louis_lambert_2026-01-10_0183,st_louis_downtown_airport_to_st_louis_lambert,St. Louis Downtown Airport to St. Louis Lambert,w_0183,0.3,0.2,0.0,0.5,35.06987633323177,33.12139928035805,40,dbscan_001,dbscan_001
stl_st_louis_downtown_airport_to_st_louis_lambert_2026-01-10_0184,st_louis_downtown_airport_to_st_louis_lambert,St. Louis Downtown Airport to St. Louis Lambert,w_0184,0.3,0.2,0.1,0.4,35.0695243590648,31.268453135679074,40,dbscan_001,dbscan_001
stl_st_louis_downtown_airport_to_st_louis_lambert_2026-01-10_0185,st_louis_downtown_airport_to_st_louis_lambert,St. Louis Downtown Airport to St. Louis Lambert,w_0185,0.3,0.2,0.2,0.3,35.0695243590648,29.32780067166862,40,dbscan_001,dbscan_001
stl_st_louis_downtown_airport_to_st_louis_lambert_2026-01-10_0186,st_louis_downtown_airport_to_st_louis_lambert,St. Louis Downtown Airport to St. Louis Lambert,w_0186,0.3,0.2,0.3,0.2,35.44394722993023,27.2806465491313,41,dbscan_001,dbscan_001
stl_st_louis_downtown_airport_to_st_louis_lambert_2026-01-10_0187,st_louis_downtown_airport_to_st_louis_lambert,St. Louis Downtown Airport to St. Louis Lambert,w_0187,0.3,0.2,0.4,0.1,35.44394722993023,24.978248246495955,41,dbscan_001,dbscan_001
stl_st_louis_downtown_airport_to_st_louis_lambert_2026-01-10_0188,st_louis_downtown_airport_to_st_louis_lambert,St. Louis Downtown Airport to St. Louis Lambert,w_0188,0.3,0.2,0.5,0.0,35.81909147163375,22.578494007089187,42,dbscan_001,dbscan_001
stl_st_louis_downtown_airport_to_st_louis_lambert_2026-01-10_0189,st_louis_downtown_airport_to_st_louis_lambert,St. Louis Downtown Airport to St. Louis Lambert,w_0189,0.3,0.3,0.0,0.4,36.197024617572914,31.70478065404592,43,dbscan_001,dbscan_001
stl_st_louis_downtown_airport_to_st_louis_lambert_2026-01-10_0190,st_louis_downtown_airport_to_st_louis_lambert,St. Louis Downtown Airport to St. Louis Lambert,w_0190,0.3,0.3,0.1,0.3,35.44576618687472,30.030183829730007,41,dbscan_001,dbscan_001
stl_st_louis_downtown_airport_to_st_louis_lambert_2026-01-10_0191,st_louis_downtown_airport_to_st_louis_lambert,St. Louis Downtown Airport to St. Louis Lambert,w_0191,0.3,0.3,0.2,0.2,35.44576618687472,28.18217661843098,41,dbscan_001,dbscan_001
stl_st_louis_downtown_airport_to_st_louis_lambert_2026-01-10_0192,st_louis_downtown_airport_to_st_louis_lambert,St. Louis Downtown Airport to St. Louis Lambert,w_0192,0.3,0.3,0.3,0.1,35.82007015131781,26.079139202089834,42,dbscan_001,dbscan_001
stl_st_louis_downtown_airport_to_st_louis_lambert_2026-01-10_0193,st_louis_downtown_airport_to_st_louis_lambert,St. Louis Downtown Airport to St. Louis Lambert,w_0193,0.3,0.3,0.4,0.0,35.82007015131781,23.840876967218914,42,dbscan_001,dbscan_001
stl_st_louis_downtown_airport_to_st_louis_lambert_2026-01-10_0194,st_louis_downtown_airport_to_st_louis_lambert,St. Louis Downtown Airport to St. Louis Lambert,w_0194,0.3,0.4,0.0,0.3,36.197024617572914,29.795990896132324,43,dbscan_001,dbscan_001
stl_st_louis_downtown_airport_to_st_louis_lambert_2026-01-10_0195,st_louis_downtown_airport_to_st_louis_lambert,St. Louis Downtown Airport to St. Louis Lambert,w_0195,0.3,0.4,0.1,0.2,36.57200568741096,28.090282223181216,44,dbscan_001,dbscan_001
stl_st_louis_downtown_airport_to_st_louis_lambert_2026-01-10_0196,st_louis_downtown_airport_to_st_louis_lambert,St. Louis Downtown Airport to St. Louis Lambert,w_0196,0.3,0.4,0.2,0.1,36.57200568741096,26.27040200049875,44,dbscan_001,dbscan_001
stl_st_louis_downtown_airport_to_st_louis_lambert_2026-01-10_0197,st_louis_downtown_airport_to_st_louis_lambert,St. Louis Downtown Airport to St. Louis Lambert,w_0197,0.3,0.4,0.3,0.0,36.57200568741096,24.45052177781628,44,dbscan_001,dbscan_001
stl_st_louis_downtown_airport_to_st_louis_lambert_2026-01-10_0198,st_louis_downtown_airport_to_st_louis_lambert,St. Louis Downtown Airport to St. Louis Lambert,w_0198,0.3,0.5,0.0,0.2,41.395240995826775,27.096840547402863,54,dbscan_002,dbscan_003
stl_st_louis_downtown_airport_to_st_louis_lambert_2026-01-10_0199,st_louis_downtown_airport_to_st_louis_lambert,St. Louis Downtown Airport to St. Louis Lambert,w_0199,0.3,0.5,0.1,0.1,36.57200568741096,26.00408353391796,44,dbscan_001,dbscan_001
stl_st_louis_downtown_airport_to_st_louis_lambert_2026-01-10_0200,st_louis_downtown_airport_to_st_louis_lambert,St. Louis Downtown Airport to St. Louis Lambert,w_0200,0.3,0.5,0.2,0.0,36.57200568741096,24.18420331123549,44,dbscan_001,dbscan_001
stl_st_louis_downtown_airport_to_st_louis_lambert_2026-01-10_0201,st_louis_downtown_airport_to_st_louis_lambert,St. Louis Downtown Airport to St. Louis Lambert,w_0201,0.3,0.6,0.0,0.1,41.77074742931658,23.51808606313807,55,dbscan_002,dbscan_003
stl_st_louis_downtown_airport_to_st_louis_lambert_2026-01-10_0202,st_louis_downtown_airport_to_st_louis_lambert,St. Louis Downtown Airport to St. Louis Lambert,w_0202,0.3,0.6,0.1,0.0,41.77097407009007,22.61973653922189,55,dbscan_002,dbscan_003
stl_st_louis_downtown_airport_to_st_louis_lambert_2026-01-10_0203,st_louis_downtown_airport_to_st_louis_lambert,St. Louis Downtown Airport to St. Louis Lambert,w_0203,0.3,0.7,0.0,0.0,41.77074742931658,19.86586329889098,55,dbscan_002,dbscan_003
stl_st_louis_downtown_airport_to_st_louis_lambert_2026-01-10_0204,st_louis_downtown_airport_to_st_louis_lambert,St. Louis Downtown Airport to St. Louis Lambert,w_0204,0.4,0.0,0.0,0.6,35.06847425714207,35.47804950871992,40,dbscan_001,dbscan_001
stl_st_louis_downtown_airport_to_st_louis_lambert_2026-01-10_0205,st_louis_downtown_airport_to_st_louis_lambert,St. Louis Downtown Airport to St. Louis Lambert,w_0205,0.4,0.0,0.1,0.5,35.069056570701854,33.44871381398491,40,dbscan_001,dbscan_001
stl_st_louis_downtown_airport_to_st_louis_lambert_2026-01-10_0206,st_louis_downtown_airport_to_st_louis_lambert,St. Louis Downtown Airport to St. Louis Lambert,w_0206,0.4,0.0,0.2,0.4,35.069056570701854,31.41912176975777,40,dbscan_001,dbscan_001
stl_st_louis_downtown_airport_to_st_louis_lambert_2026-01-10_0207,st_louis_downtown_airport_to_st_louis_lambert,St. Louis Downtown Airport to St. Louis Lambert,w_0207,0.4,0.0,0.3,0.3,35.44394722993023,29.336147516056958,41,dbscan_001,dbscan_001
stl_st_louis_downtown_airport_to_st_louis_lambert_2026-01-10_0208,st_louis_downtown_airport_to_st_louis_lambert,St. Louis Downtown Airport to St. Louis Lambert,w_0208,0.4,0.0,0.4,0.2,35.44394722993023,27.03374921342161,41,dbscan_001,dbscan_001
stl_st_louis_downtown_airport_to_st_louis_lambert_2026-01-10_0209,st_louis_downtown_airport_to_st_louis_lambert,St. Louis Downtown Airport to St. Louis Lambert,w_0209,0.4,0.0,0.5,0.1,35.44394722993023,24.731350910786265,41,dbscan_001,dbscan_001
stl_st_louis_downtown_airport_to_st_louis_lambert_2026-01-10_0210,st_louis_downtown_airport_to_st_louis_lambert,St. Louis Downtown Airport to St. Louis Lambert,w_0210,0.4,0.0,0.6,0.0,36.34762986054361,22.394423129266325,42,dbscan_001,dbscan_001
stl_st_louis_downtown_airport_to_st_louis_lambert_2026-01-10_0211,st_louis_downtown_airport_to_st_louis_lambert,St. Louis Downtown Airport to St. Louis Lambert,w_0211,0.4,0.1,0.0,0.5,35.06932923764436,34.6171831908551,40,dbscan_001,dbscan_001
stl_st_louis_downtown_airport_to_st_louis_lambert_2026-01-10_0212,st_louis_downtown_airport_to_st_louis_lambert,St. Louis Downtown Airport to St. Louis Lambert,w_0212,0.4,0.1,0.1,0.4,35.069056570701854,32.669849946363726,40,dbscan_001,dbscan_001
stl_st_louis_downtown_airport_to_st_louis_lambert_2026-01-10_0213,st_louis_downtown_airport_to_st_louis_lambert,St. Louis Downtown Airport to St. Louis Lambert,w_0213,0.4,0.1,0.2,0.3,35.069056570701854,30.640257902136582,40,dbscan_001,dbscan_001
stl_st_louis_downtown_airport_to_st_louis_lambert_2026-01-10_0214,st_louis_downtown_airport_to_st_louis_lambert,St. Louis Downtown Airport to St. Louis Lambert,w_0214,0.4,0.1,0.3,0.2,35.44394722993023,28.538814835589505,41,dbscan_001,dbscan_001
stl_st_louis_downtown_airport_to_st_louis_lambert_2026-01-10_0215,st_louis_downtown_airport_to_st_louis_lambert,St. Louis Downtown Airport to St. Louis Lambert,w_0215,0.4,0.1,0.4,0.1,35.44394722993023,26.23641653295416,41,dbscan_001,dbscan_001
stl_st_louis_downtown_airport_to_st_louis_lambert_2026-01-10_0216,st_louis_downtown_airport_to_st_louis_lambert,St. Louis Downtown Airport to St. Louis Lambert,w_0216,0.4,0.1,0.5,0.0,35.44394722993023,23.93401823031881,41,dbscan_001,dbscan_001
stl_st_louis_downtown_airport_to_st_louis_lambert_2026-01-10_0217,st_louis_downtown_airport_to_st_louis_lambert,St. Louis Downtown Airport to St. Louis Lambert,w_0217,0.4,0.2,0.0,0.4,35.06987633323177,33.60106596507882,40,dbscan_001,dbscan_001
stl_st_louis_downtown_airport_to_st_louis_lambert_2026-01-10_0218,st_louis_downtown_airport_to_st_louis_lambert,St. Louis Downtown Airport to St. Louis Lambert,w_0218,0.4,0.2,0.1,0.3,35.0695243590648,31.74808108336658,40,dbscan_001,dbscan_001
stl_st_louis_downtown_airport_to_st_louis_lambert_2026-01-10_0219,st_louis_downtown_airport_to_st_louis_lambert,St. Louis Downtown Airport to St. Louis Lambert,w_0219,0.4,0.2,0.2,0.2,35.0695243590648,29.807428619356124,40,dbscan_001,dbscan_001
stl_st_louis_downtown_airport_to_st_louis_lambert_2026-01-10_0220,st_louis_downtown_airport_to_st_louis_lambert,St. Louis Downtown Airport to St. Louis Lambert,w_0220,0.4,0.2,0.3,0.1,35.44394722993023,27.74148215512205,41,dbscan_001,dbscan_001
stl_st_louis_downtown_airport_to_st_louis_lambert_2026-01-10_0221,st_louis_downtown_airport_to_st_louis_lambert,St. Louis Downtown Airport to St. Louis Lambert,w_0221,0.4,0.2,0.4,0.0,35.81909147163375,25.394882740498154,42,dbscan_001,dbscan_001
stl_st_louis_downtown_airport_to_st_louis_lambert_2026-01-10_0222,st_louis_downtown_airport_to_st_louis_lambert,St. Louis Downtown Airport to St. Louis Lambert,w_0222,0.4,0.3,0.0,0.3,36.197024617572914,32.048497296641486,43,dbscan_001,dbscan_001
stl_st_louis_downtown_airport_to_st_louis_lambert_2026-01-10_0223,st_louis_downtown_airport_to_st_louis_lambert,St. Louis Downtown Airport to St. Louis Lambert,w_0223,0.4,0.3,0.1,0.2,36.19698431445951,30.37392322577599,43,dbscan_001,dbscan_001
stl_st_louis_downtown_airport_to_st_louis_lambert_2026-01-10_0224,st_louis_downtown_airport_to_st_louis_lambert,St. Louis Downtown Airport to St. Louis Lambert,w_0224,0.4,0.3,0.2,0.1,36.19641809292302,28.59819830678407,43,dbscan_001,dbscan_001
stl_st_louis_downtown_airport_to_st_louis_lambert_2026-01-10_0225,st_louis_downtown_airport_to_st_louis_lambert,St. Louis Downtown Airport to St. Louis Lambert,w_0225,0.4,0.3,0.3,0.0,35.82007015131781,26.48136956793789,42,dbscan_001,dbscan_001
stl_st_louis_downtown_airport_to_st_louis_lambert_2026-01-10_0226,st_louis_downtown_airport_to_st_louis_lambert,St. Louis Downtown Airport to St. Louis Lambert,w_0226,0.4,0.4,0.0,0.2,36.197024617572914,30.13970753872789,43,dbscan_001,dbscan_001
stl_st_louis_downtown_airport_to_st_louis_lambert_2026-01-10_0227,st_louis_downtown_airport_to_st_louis_lambert,St. Louis Downtown Airport to St. Louis Lambert,w_0227,0.4,0.4,0.1,0.1,36.57200568741096,28.375267957486795,44,dbscan_001,dbscan_001
stl_st_louis_downtown_airport_to_st_louis_lambert_2026-01-10_0228,st_louis_downtown_airport_to_st_louis_lambert,St. Louis Downtown Airport to St. Louis Lambert,w_0228,0.4,0.4,0.2,0.0,36.57200568741096,26.555387734804324,44,dbscan_001,dbscan_001
stl_st_louis_downtown_airport_to_st_louis_lambert_2026-01-10_0229,st_louis_downtown_airport_to_st_louis_lambert,St. Louis Downtown Airport to St. Louis Lambert,w_0229,0.4,0.5,0.0,0.1,40.86156395761667,27.16346527897982,54,dbscan_002,dbscan_003
stl_st_louis_downtown_airport_to_st_louis_lambert_2026-01-10_0230,st_louis_downtown_airport_to_st_louis_lambert,St. Louis Downtown Airport to St. Louis Lambert,w_0230,0.4,0.5,0.1,0.0,36.57200568741096,26.28906926822353,44,dbscan_001,dbscan_001
stl_st_louis_downtown_airport_to_st_louis_lambert_2026-01-10_0231,st_louis_downtown_airport_to_st_louis_lambert,St. Louis Downtown Airport to St. Louis Lambert,w_0231,0.4,0.6,0.0,0.0,41.77074742931658,23.595226946011607,55,dbscan_002,dbscan_003
stl_st_louis_downtown_airport_to_st_louis_lambert_2026-01-10_0232,st_louis_downtown_airport_to_st_louis_lambert,St. Louis Downtown Airport to St. Louis Lambert,w_0232,0.5,0.0,0.0,0.5,35.06847425714207,35.9975618858999,40,dbscan_001,dbscan_001
stl_st_louis_downtown_airport_to_st_louis_lambert_2026-01-10_0233,st_louis_downtown_airport_to_st_louis_lambert,St. Louis Downtown Airport to St. Louis Lambert,w_0233,0.5,0.0,0.1,0.4,35.069056570701854,33.96829027853792,40,dbscan_001,dbscan_001
stl_st_louis_downtown_airport_to_st_louis_lambert_2026-01-10_0234,st_louis_downtown_airport_to_st_louis_lambert,St. Louis Downtown Airport to St. Louis Lambert,w_0234,0.5,0.0,0.2,0.3,35.069056570701854,31.93869823431077,40,dbscan_001,dbscan_001
stl_st_louis_downtown_airport_to_st_louis_lambert_2026-01-10_0235,st_louis_downtown_airport_to_st_louis_lambert,St. Louis Downtown Airport to St. Louis Lambert,w_0235,0.5,0.0,0.3,0.2,35.44394722993023,29.796983122047703,41,dbscan_001,dbscan_001
stl_st_louis_downtown_airport_to_st_louis_lambert_2026-01-10_0236,st_louis_downtown_airport_to_st_louis_lambert,St. Louis Downtown Airport to St. Louis Lambert,w_0236,0.5,0.0,0.4,0.1,35.44394722993023,27.49458481941236,41,dbscan_001,dbscan_001
stl_st_louis_downtown_airport_to_st_louis_lambert_2026-01-10_0237,st_louis_downtown_airport_to_st_louis_lambert,St. Louis Downtown Airport to St. Louis Lambert,w_0237,0.5,0.0,0.5,0.0,35.44394722993023,25.19218651677701,41,dbscan_001,dbscan_001
stl_st_louis_downtown_airport_to_st_louis_lambert_2026-01-10_0238,st_louis_downtown_airport_to_st_louis_lambert,St. Louis Downtown Airport to St. Louis Lambert,w_0238,0.5,0.1,0.0,0.4,35.06932923764436,35.136789664168454,40,dbscan_001,dbscan_001
stl_st_louis_downtown_airport_to_st_louis_lambert_2026-01-10_0239,st_louis_downtown_airport_to_st_louis_lambert,St. Louis Downtown Airport to St. Louis Lambert,w_0239,0.5,0.1,0.1,0.3,35.069056570701854,33.18942641091674,40,dbscan_001,dbscan_001
stl_st_louis_downtown_airport_to_st_louis_lambert_2026-01-10_0240,st_louis_downtown_airport_to_st_louis_lambert,St. Louis Downtown Airport to St. Louis Lambert,w_0240,0.5,0.1,0.2,0.2,35.069056570701854,31.159834366689594,40,dbscan_001,dbscan_001
stl_st_louis_downtown_airport_to_st_louis_lambert_2026-01-10_0241,st_louis_downtown_airport_to_st_louis_lambert,St. Louis Downtown Airport to St. Louis Lambert,w_0241,0.5,0.1,0.3,0.1,35.44394722993023,28.999650441580247,41,dbscan_001,dbscan_001
stl_st_louis_downtown_airport_to_st_louis_lambert_2026-01-10_0242,st_louis_downtown_airport_to_st_louis_lambert,St. Louis Downtown Airport to St. Louis Lambert,w_0242,0.5,0.1,0.4,0.0,35.44394722993023,26.6972521389449,41,dbscan_001,dbscan_001
stl_st_louis_downtown_airport_to_st_louis_lambert_2026-01-10_0243,st_louis_downtown_airport_to_st_louis_lambert,St. Louis Downtown Airport to St. Louis Lambert,w_0243,0.5,0.2,0.0,0.3,35.44580648998812,34.07490917421423,41,dbscan_001,dbscan_001
stl_st_louis_downtown_airport_to_st_louis_lambert_2026-01-10_0244,st_louis_downtown_airport_to_st_louis_lambert,St. Louis Downtown Airport to St. Louis Lambert,w_0244,0.5,0.2,0.1,0.2,35.0695243590648,32.22770903105408,40,dbscan_001,dbscan_001
stl_st_louis_downtown_airport_to_st_louis_lambert_2026-01-10_0245,st_louis_downtown_airport_to_st_louis_lambert,St. Louis Downtown Airport to St. Louis Lambert,w_0245,0.5,0.2,0.2,0.1,35.0695243590648,30.287056567043624,40,dbscan_001,dbscan_001
stl_st_louis_downtown_airport_to_st_louis_lambert_2026-01-10_0246,st_louis_downtown_airport_to_st_louis_lambert,St. Louis Downtown Airport to St. Louis Lambert,w_0246,0.5,0.2,0.3,0.0,35.82007015131781,28.15452166406646,42,dbscan_001,dbscan_001
stl_st_louis_downtown_airport_to_st_louis_lambert_2026-01-10_0247,st_louis_downtown_airport_to_st_louis_lambert,St. Louis Downtown Airport to St. Louis Lambert,w_0247,0.5,0.3,0.0,0.2,36.197024617572914,32.392213939237045,43,dbscan_001,dbscan_001
stl_st_louis_downtown_airport_to_st_louis_lambert_2026-01-10_0248,st_louis_downtown_airport_to_st_louis_lambert,St. Louis Downtown Airport to St. Louis Lambert,w_0248,0.5,0.3,0.1,0.1,36.19698431445951,30.717635432753287,43,dbscan_001,dbscan_001
stl_st_louis_downtown_airport_to_st_louis_lambert_2026-01-10_0249,st_louis_downtown_airport_to_st_louis_lambert,St. Louis Downtown Airport to St. Louis Lambert,w_0249,0.5,0.3,0.2,0.0,36.57200568741096,28.926572158373155,44,dbscan_001,dbscan_001
stl_st_louis_downtown_airport_to_st_louis_lambert_2026-01-10_0250,st_louis_downtown_airport_to_st_louis_lambert,St. Louis Downtown Airport to St. Louis Lambert,w_0250,0.5,0.4,0.0,0.1,36.57204599052436,30.4261272663133,44,dbscan_001,dbscan_001
stl_st_louis_downtown_airport_to_st_louis_lambert_2026-01-10_0251,st_louis_downtown_airport_to_st_louis_lambert,St. Louis Downtown Airport to St. Louis Lambert,w_0251,0.5,0.4,0.1,0.0,36.57200568741096,28.660253691792366,44,dbscan_001,dbscan_001
stl_st_louis_downtown_airport_to_st_louis_lambert_2026-01-10_0252,st_louis_downtown_airport_to_st_louis_lambert,St. Louis Downtown Airport to St. Louis Lambert,w_0252,0.5,0.5,0.0,0.0,40.86156395761667,27.200544641171756,54,dbscan_002,dbscan_003
stl_st_louis_downtown_airport_to_st_louis_lambert_2026-01-10_0253,st_louis_downtown_airport_to_st_louis_lambert,St. Louis Downtown Airport to St. Louis Lambert,w_0253,0.6,0.0,0.0,0.4,35.06847425714207,36.51707426307988,40,dbscan_001,dbscan_001
stl_st_louis_downtown_airport_to_st_louis_lambert_2026-01-10_0254,st_louis_downtown_airport_to_st_louis_lambert,St. Louis Downtown Airport to St. Louis Lambert,w_0254,0.6,0.0,0.1,0.3,35.069056570701854,34.487866743090926,40,dbscan_001,dbscan_001
stl_st_louis_downtown_airport_to_st_louis_lambert_2026-01-10_0255,st_louis_downtown_airport_to_st_louis_lambert,St. Louis Downtown Airport to St. Louis Lambert,w_0255,0.6,0.0,0.2,0.2,35.069056570701854,32.45827469886378,40,dbscan_001,dbscan_001
stl_st_louis_downtown_airport_to_st_louis_lambert_2026-01-10_0256,st_louis_downtown_airport_to_st_louis_lambert,St. Louis Downtown Airport to St. Louis Lambert,w_0256,0.6,0.0,0.3,0.1,35.44394722993023,30.257818728038448,41,dbscan_001,dbscan_001
stl_st_louis_downtown_airport_to_st_louis_lambert_2026-01-10_0257,st_louis_downtown_airport_to_st_louis_lambert,St. Louis Downtown Airport to St. Louis Lambert,w_0257,0.6,0.0,0.4,0.0,35.44394722993023,27.9554204254031,41,dbscan_001,dbscan_001
stl_st_louis_downtown_airport_to_st_louis_lambert_2026-01-10_0258,st_louis_downtown_airport_to_st_louis_lambert,St. Louis Downtown Airport to St. Louis Lambert,w_0258,0.6,0.1,0.0,0.3,35.06987633323177,35.61919972142248,40,dbscan_001,dbscan_001
stl_st_louis_downtown_airport_to_st_louis_lambert_2026-01-10_0259,st_louis_downtown_airport_to_st_louis_lambert,St. Louis Downtown Airport to St. Louis Lambert,w_0259,0.6,0.1,0.1,0.2,35.069056570701854,33.70900287546975,40,dbscan_001,dbscan_001
stl_st_louis_downtown_airport_to_st_louis_lambert_2026-01-10_0260,st_louis_downtown_airport_to_st_louis_lambert,St. Louis Downtown Airport to St. Louis Lambert,w_0260,0.6,0.1,0.2,0.1,35.069056570701854,31.679410831242603,40,dbscan_001,dbscan_001
stl_st_louis_downtown_airport_to_st_louis_lambert_2026-01-10_0261,st_louis_downtown_airport_to_st_louis_lambert,St. Louis Downtown Airport to St. Louis Lambert,w_0261,0.6,0.1,0.3,0.0,35.44394722993023,29.460486047570992,41,dbscan_001,dbscan_001
stl_st_louis_downtown_airport_to_st_louis_lambert_2026-01-10_0262,st_louis_downtown_airport_to_st_louis_lambert,St. Louis Downtown Airport to St. Louis Lambert,w_0262,0.6,0.2,0.0,0.2,35.44580648998812,34.53594940379804,41,dbscan_001,dbscan_001
stl_st_louis_downtown_airport_to_st_louis_lambert_2026-01-10_0263,st_louis_downtown_airport_to_st_louis_lambert,St. Louis Downtown Airport to St. Louis Lambert,w_0263,0.6,0.2,0.1,0.1,35.0695243590648,32.707336978741594,40,dbscan_001,dbscan_001
stl_st_louis_downtown_airport_to_st_louis_lambert_2026-01-10_0264,st_louis_downtown_airport_to_st_louis_lambert,St. Louis Downtown Airport to St. Louis Lambert,w_0264,0.6,0.2,0.2,0.0,35.44478939636585,30.76090603948485,41,dbscan_001,dbscan_001
stl_st_louis_downtown_airport_to_st_louis_lambert_2026-01-10_0265,st_louis_downtown_airport_to_st_louis_lambert,St. Louis Downtown Airport to St. Louis Lambert,w_0265,0.6,0.3,0.0,0.1,36.197024617572914,32.73593058183261,43,dbscan_001,dbscan_001
stl_st_louis_downtown_airport_to_st_louis_lambert_2026-01-10_0266,st_louis_downtown_airport_to_st_louis_lambert,St. Louis Downtown Airport to St. Louis Lambert,w_0266,0.6,0.3,0.1,0.0,36.57200568741096,31.0314381153612,44,dbscan_001,dbscan_001
stl_st_louis_downtown_airport_to_st_louis_lambert_2026-01-10_0267,st_louis_downtown_airport_to_st_louis_lambert,St. Louis Downtown Airport to St. Louis Lambert,w_0267,0.6,0.4,0.0,0.0,40.32796740734455,30.66667456154385,54,dbscan_002,dbscan_003
stl_st_louis_downtown_airport_to_st_louis_lambert_2026-01-10_0268,st_louis_downtown_airport_to_st_louis_lambert,St. Louis Downtown Airport to St. Louis Lambert,w_0268,0.7,0.0,0.0,0.3,35.06847425714207,37.036586640259856,40,dbscan_001,dbscan_001
stl_st_louis_downtown_airport_to_st_louis_lambert_2026-01-10_0269,st_louis_downtown_airport_to_st_louis_lambert,St. Louis Downtown Airport to St. Louis Lambert,w_0269,0.7,0.0,0.1,0.2,35.069056570701854,35.00744320764394,40,dbscan_001,dbscan_001
stl_st_louis_downtown_airport_to_st_louis_lambert_2026-01-10_0270,st_louis_downtown_airport_to_st_louis_lambert,St. Louis Downtown Airport to St. Louis Lambert,w_0270,0.7,0.0,0.2,0.1,35.069056570701854,32.977851163416794,40,dbscan_001,dbscan_001
stl_st_louis_downtown_airport_to_st_louis_lambert_2026-01-10_0271,st_louis_downtown_airport_to_st_louis_lambert,St. Louis Downtown Airport to St. Louis Lambert,w_0271,0.7,0.0,0.3,0.0,35.44394722993023,30.718654334029196,41,dbscan_001,dbscan_001
stl_st_louis_downtown_airport_to_st_louis_lambert_2026-01-10_0272,st_louis_downtown_airport_to_st_louis_lambert,St. Louis Downtown Airport to St. Louis Lambert,w_0272,0.7,0.1,0.0,0.2,35.06987633323177,36.09886640614325,40,dbscan_001,dbscan_001
stl_st_louis_downtown_airport_to_st_louis_lambert_2026-01-10_0273,st_louis_downtown_airport_to_st_louis_lambert,St. Louis Downtown Airport to St. Louis Lambert,w_0273,0.7,0.1,0.1,0.1,35.0695243590648,34.201854048115585,40,dbscan_001,dbscan_001
stl_st_louis_downtown_airport_to_st_louis_lambert_2026-01-10_0274,st_louis_downtown_airport_to_st_louis_lambert,St. Louis Downtown Airport to St. Louis Lambert,w_0274,0.7,0.1,0.2,0.0,35.069056570701854,32.19898729579561,40,dbscan_001,dbscan_001
stl_st_louis_downtown_airport_to_st_louis_lambert_2026-01-10_0275,st_louis_downtown_airport_to_st_louis_lambert,St. Louis Downtown Airport to St. Louis Lambert,w_0275,0.7,0.2,0.0,0.1,36.197024617572914,34.98843698234177,43,dbscan_001,dbscan_001
stl_st_louis_downtown_airport_to_st_louis_lambert_2026-01-10_0276,st_louis_downtown_airport_to_st_louis_lambert,St. Louis Downtown Airport to St. Louis Lambert,w_0276,0.7,0.2,0.1,0.0,35.44576618687472,33.17596578588139,41,dbscan_001,dbscan_001
stl_st_louis_downtown_airport_to_st_louis_lambert_2026-01-10_0277,st_louis_downtown_airport_to_st_louis_lambert,St. Louis Downtown Airport to St. Louis Lambert,w_0277,0.7,0.3,0.0,0.0,36.197024617572914,33.07964722442817,43,dbscan_001,dbscan_001
stl_st_louis_downtown_airport_to_st_louis_lambert_2026-01-10_0278,st_louis_downtown_airport_to_st_louis_lambert,St. Louis Downtown Airport to St. Louis Lambert,w_0278,0.8,0.0,0.0,0.2,35.06847425714207,37.55609901743984,40,dbscan_001,dbscan_001
stl_st_louis_downtown_airport_to_st_louis_lambert_2026-01-10_0279,st_louis_downtown_airport_to_st_louis_lambert,St. Louis Downtown Airport to St. Louis Lambert,w_0279,0.8,0.0,0.1,0.1,35.069056570701854,35.52701967219695,40,dbscan_001,dbscan_001
stl_st_louis_downtown_airport_to_st_louis_lambert_2026-01-10_0280,st_louis_downtown_airport_to_st_louis_lambert,St. Louis Downtown Airport to St. Louis Lambert,w_0280,0.8,0.0,0.2,0.0,35.44394722993023,33.481888242655295,41,dbscan_001,dbscan_001
stl_st_louis_downtown_airport_to_st_louis_lambert_2026-01-10_0281,st_louis_downtown_airport_to_st_louis_lambert,St. Louis Downtown Airport to St. Louis Lambert,w_0281,0.8,0.1,0.0,0.1,35.06987633323177,36.57853309086403,40,dbscan_001,dbscan_001
stl_st_louis_downtown_airport_to_st_louis_lambert_2026-01-10_0282,st_louis_downtown_airport_to_st_louis_lambert,St. Louis Downtown Airport to St. Louis Lambert,w_0282,0.8,0.1,0.1,0.0,35.0695243590648,34.6814819958031,40,dbscan_001,dbscan_001
stl_st_louis_downtown_airport_to_st_louis_lambert_2026-01-10_0283,st_louis_downtown_airport_to_st_louis_lambert,St. Louis Downtown Airport to St. Louis Lambert,w_0283,0.8,0.2,0.0,0.0,36.197024617572914,35.332153624937334,43,dbscan_001,dbscan_001
stl_st_louis_downtown_airport_to_st_louis_lambert_2026-01-10_0284,st_louis_downtown_airport_to_st_louis_lambert,St. Louis Downtown Airport to St. Louis Lambert,w_0284,0.9,0.0,0.0,0.1,35.06847425714207,38.07561139461982,40,dbscan_001,dbscan_001
stl_st_louis_downtown_airport_to_st_louis_lambert_2026-01-10_0285,st_louis_downtown_airport_to_st_louis_lambert,St. Louis Downtown Airport to St. Louis Lambert,w_0285,0.9,0.0,0.1,0.0,35.069056570701854,36.04659613674996,40,dbscan_001,dbscan_001
stl_st_louis_downtown_airport_to_st_louis_lambert_2026-01-10_0286,st_louis_downtown_airport_to_st_louis_lambert,St. Louis Downtown Airport to St. Louis Lambert,w_0286,0.9,0.1,0.0,0.0,35.06987633323177,37.05819977558479,40,dbscan_001,dbscan_001
stl_st_louis_downtown_airport_to_st_louis_lambert_2026-01-10_0287,st_louis_downtown_airport_to_st_louis_lambert,St. Louis Downtown Airport to St. Louis Lambert,w_0287,1.0,0.0,0.0,0.0,35.06847425714207,38.5951237717998,40,dbscan_001,dbscan_001
